text,true_label,pred_label,probability
NCAA历届冠军：康大三冠紧随杜克 UCLA大学至尊！NCAA锦标赛总决赛在休斯顿Reliant球馆隆重上演，在一场惨烈的防守大战中，康涅狄格大学53-41战胜巴特勒大学，校史上第三次捧得冠军奖杯。在NCAA建立72年历史上，UCLA是夺冠次数最多的球队(11次)、排名第二的是肯塔基大学(7)，印第安纳(5)和北卡(5)并列第三，杜克(4)依然位居第五。以下为NCAA全国锦标赛历年冠亚军得主：〈〈〈 NCAA疯狂三月专题主页上线，点击链接查看精彩内容注：表中括号内数字为第几次夺冠,0,5,0.4498932659626007
探秘中国巨幕：是山寨高仿还是国货精品IMAX中国巨幕成本1000万以上最低100万左右，其余视情况而定亮度(实测)30000流明36000流明银幕大小(米)22×12.520×12音响6.1声道11.1声道片源需要严格筛选，并需要经过DMR技术转制无特殊限制分辨率(数字版)双机2K双机2K票价(UME)140元(华星)90元(双井)版权许可费用7万美元左右/年不详独立知识产权有部分有，部分暂无认知度全球知名较低售后服务有固定团队，可远程登录解决问题需由不同产品供应商分别解决附二：IMAX声明IMAX公司在过去四十余年一直致力于为全世界的消费者提供高端的观影体验。此间，虽然我们在多个市场都面临竞争，但是我们的突破性技术、遍布全球的网络和全球品牌认知令我们脱颖而出，至今依然领先众竞争对手。IMAX公司与消费者、电影公司及导演都保持着非同凡响的良好关系，他们被IMAX品牌所传达出的品质与创新精神吸引，在近百个世纪一直追随IMAX电影和IMAX影院至世界各处。IMAX公司是市场的先锋及领导者，为消费者提供身临其境的观影体验，也吸引了若干跟随者效仿我们的品牌。我们欢迎良性竞争，并鼓励消费者亲身体验IMAX带来的优越观影感受。专题策划 陈弋弋专题撰文 王玉年新浪娱乐讯 8月8日，3D电影《蓝精灵》首映礼在京举行，与《蓝精灵》一起走入观众视野的，还有一种名为DMAX的巨幕放映技术，这也是“中国巨幕”的概念首次正式面向公众和媒体公开。DMAX的推出马上在微博上引起强烈反响，有网友认为DMAX“眼镜轻，画面亮，色彩好，不闪不跳，只是票价略贵”。但也有网友直言DMAX与IMAX相比，就是中国特色的山寨货。比起“洋巨幕”，号称放映亮度高于IMAX近20%，而成本远低于IMAX放映系统的“中国巨幕”究竟质素几何，新浪娱乐独家专访了中国首家DMAX影城经理、DMAX研发牵头人以及美国IMAX公司，以及电影技术行业专家，共同探讨“中国巨幕”，到底是反垄断的国货精品还是赚快钱的山寨高仿。《蓝精灵》：DMAX中国巨幕初亮相经过《阿凡达》《变形金刚3》等几部电影的推波助澜，IMAX公司在中国得到了迅速的发展，目前已经有37块左右的银幕落户科普类影院和商业影院。虽然所有人都知道IMAX是好东西，但高额的成本使得一些中小规模影院对于引进IMAX望而却步。最早引进IMAX的北京UME影城经理刘晖介绍，整个IMAX放映系统的成本高达千万。8月8日，3D电影《蓝精灵》在北京UME影城双井店举行了首映活动。到场的媒体发现，放映《蓝精灵》的影厅门前写着大大的“DMAX”字样，与大众熟悉的IMAX洋巨幕仅差一个字母？DMAX是什么？翻阅手中的资料后，当天的观众发现DMAX有着许多吸引人的优势：银幕亮度高于IMAX近20%，这就意味着观众一直诟病的3D电影过暗的问题得到了解决？具备11.1声道音箱，这意味着现场的声音效果将更加震撼？整套放映系统成本只有IMAX的1/10，这意味着高票价将有下调空间？不仅如此，DMAX还有另一个响亮的名字——“中国巨幕”。带着诸多的好奇，当天的观众看完了整场电影。观影结束之后，新浪娱乐对一些观众进行了抽样调查，媒体人Y先生表示，DMAX的亮度确实比IMAX好，不过画面的质感还是稍逊于IMAX，不够细腻。但由于《蓝精灵》没有IMAX版本，因此无从横向比较。网友落拓枣认为，DMAX静态画面尚可，但是画面移动起来的时候，图像拖影厉害，让人觉得头晕，至于亮度问题，落拓枣觉得可能还是与影院灯泡功率是否开足有关。白先生觉得，DMAX的亮度没有像介绍所说超越IMAX银幕20%，只是差不多而已。网友小猫王则表示，DMAX的眼镜非常轻，画面十分细腻，甚至连蓝爸爸的胡子都看得很清楚，但是画面动起来时，有一些细节会变得模糊。对于这个名为“中国巨幕”的DMAX成本仅有IMAX的10%这一点，绝大多数人都觉得不可思议。北京UME影城经理刘晖介绍，DMAX影厅最大的成本主要来自放映机和银幕，这两项产品的花费在100万人民币左右。而同样来自UME影院管理公司旗下的UME华星影城，IMAX影厅的成本就超过了1000万。在北京UME影城，同样时间段的场次，普通3D电影票价80元，DMAX电影票价在90元左右，而IMAX的票价则高达140元。也就是说，DMAX比IMAX便宜40块钱，仅仅比普通3D贵10块钱。中国巨幕：初生即遭质疑为“另一个高铁”一切听起来都是那么完美。但当这个价廉物美的“中国巨幕”诞生的消息在新浪微博上开始传播后，质疑的声音立刻响起。有网友称：“任何地方都查不到这项成果的技术信息，这肯定是骗子伎俩。”“只炫耀亮度和大小，没有配套的，受行业承认的流程，没有独特的片源，就生产出一个灯泡，山寨货的特点全具备了。”“全是国外设备的拼接，没有一个是本国的，还号称自己世界领先，多像另一个高铁。”要搞清楚DMAX是什么，首先要知道我们平时观看的IMAX是什么。IMAX即Image Maximum的缩写，意为“最大影像”。是一种能够放映比传统胶片更大和更高解像度的电影放映系统。整套系统包括以IMAX规格摄制的影片拷贝、放映机、音响系统、银幕等。而DMAX则是“中国巨幕”的一种，D，指digital(数字的)，介绍中称，DMAX是一中国自主研发设计的巨幕放映系统，整合了多家公司提供的放映设备。和IMAX比起来，DMAX强调了国产品牌，造价经济，放映亮度高，片源不受限制等优点。这也引发了IMAX和DMAX之间关于专利权、产品优劣程度的诸多争议。到底DMAX是是想赚快钱的山寨货，还是反外国公司技术垄断的国货精品，多方一时众说纷纭？DMAX来势汹汹，自称“高质低价”，无疑将矛头对准了IMAX。承担DMAX系统主要研发工作的中国电影科研所所长，也是研发“中国巨幕”的核心人物杨雪培，在与新浪娱乐对话时，对DMAX这个名字并不以为然，他反复强调DMAX只是北京UME影城的商业做法，并不希望炒作DMAX的概念，“我们的目的不是和IMAX竞争，DMAX这名字只是符号，我不主张非要起‘××MAX’这种名字。我们强调的是中国自主知识产权的数字放映系统，将来别的影院巨幕系统也许还有其他的叫法。”杨雪培介绍一系列国外影院的巨幕系统，证明IMAX早已不是一支独秀，这其中就包括美国帝王(Regal)院线推出的RPX系统，AMC院线的ETX系统，喜满客(Cinemark)的XD系统，澳洲Villige院线的VMAX系统，这些都是IMAX之外的巨幕——号称拥有和IMAX相似的放映效果，却又都是各国自主的产品。杨雪培的一番解释，引出了“中国巨幕”的概念，对于网友普遍关注的问题，他也正面做出了回答。争议一：为什么没有公开技术信息？杨雪培认为，IMAX从拍摄、制作到放映，一直是胶片时代电影的神话。但进入数字放映时代之后，IMAX不再是一支独秀，“很多IT行业都发展起来了，为我们拓展数字化放映提供了非常好的基础。”杨雪培表示，电影没有数字化的时候，其他行业的数字化都发展迅速，这给电影放映数字化提供了很好的帮助，也使得IMAX的高端技术不再那么高不可攀，“电影不是一个研发基础课题，而是应用技术，能够把人家好的技术应用起来就好。”有网友认为中国巨幕虽然看上去比IMAX亮，但是能否达到宣传语所说的“比IMAX亮度高20%”，还是令人比较怀疑。DMAX的研发机构之一，中国电影科研所所长杨雪培介绍，IMAX的数字放映机技术来自科视，测出来的亮度是是30000流明，DMAX采用了巴可32B放映机双机放映，号称可以达到45000流明，也是吉尼斯世界纪录上记载的亮度最高的放映机，经过科研所测算，实际放映可以达到36000流明。所以可以肯定地说，DMAX的亮度超过了IMAX的20%。与这些验证观看效果的普通观众比起来，也有一些资深影迷关注到了DMAX的技术专利问题，网友magasa直言，“任何地方都查不到这项成果的技术信息，这肯定是骗子伎俩。”而到目前为止，全国也只有UME影城双井店大规模地对DMAX进行了宣传，这也不得不让人对“中国巨幕”的可信度产生疑问。如果DMAX真的从成本到观看效果都优于IMAX，那为何中国电影科研所从未对外公开宣布过相关讯息？为何没有申请专利？“中国巨幕”何时正式走向市场，与观众见面？为何到现在为止依旧没有足够的信息可以查询？杨雪培解释，“中国巨幕”目前已经进入了课题论证阶段，也正因为此，所以没有大张旗鼓地在网络上进行推广。“技术标准、影院建筑标准等都应该有基本的规范。”杨雪培说，“银幕亮度应该达到多少，银幕高宽比、坡度、扬声器有多少个声道……科研所正在规范放映系统的技术指标，预计在2012年正式公布。”杨雪培还强调，“中国巨幕”一定会申请专利，但专利获得批准尚需时日。对于DMAX的“低调进攻”，IMAX公司也打破沉默，在接受新浪娱乐的采访后，发来官方声明强调，“IMAX公司是市场的先锋及领导者，为消费者提供身临其境的观影体验，也吸引了若干跟随者效仿我们的品牌。我们欢迎良性竞争，并鼓励消费者亲身体验IMAX带来的优越观影感受。”而对于DMAX是否涉及侵权，IMAX公司目前没有给出答复。争议二：“中国巨幕”会降低巨幕电影放映门槛吗？IMAX作为目前最受欢迎的电影放映，对影片有极高要求。所有在IMAX放映的普通电影，都要经过一套DMR(数字原底翻版)技术的修复，IMAX公司通过数字化提高普通影片的影像和音响质量，使之适合在IMAX影院放映。经过这种技术处理后，影片的影像质量就能够达到观众期望的IMAX体验。每一年，在IMAX影厅放映的电影不过20多部，这也使得IMAX电影显得格外稀有。而“中国巨幕”号称不受片源限制，这也让许多业内人士产生怀疑，“中国巨幕DMAX”放映门槛相对较低，难免会有不适宜在巨幕上放映的电影滥竽充数。网友magasa称，“把这玩意和IMAX相提并论肯定是混淆视听，IMAX是从拍摄到后期制作到洗印到放映的一整套流程和独特技术，这个DMAX顶多是一套大功率放映设备。”相比IMAX，中国巨幕则对于放映的电影不加过多限制。普通电影画面，如果没有经过特殊的技术转换，在巨幕放映后一定会使得画面受到损失吗？这就成为了很多网友关心的话题。中国电影科研所所长杨雪培认为，这样的担心有些多余，他援引《现代电影技术》杂志2011年6月号一篇名为《IMAX的神话与数字电影时代的巨幕放映》的文章表述了自己的观点，文章称，“数字电影在全球的快速发展，2K放映系统特别是数字拷贝成本的不断降低，银幕亮度的不断提升，已使得画面完美地投射到了25米的银幕上……”文章还认为，结果横向比较《唐山大地震》和《怪物史莱克3D》两部电影在不同放映系统下的表现后发现，画面的亮度和清晰度几乎没有差别，这说明采用普通数字电影2K放映机进行巨幕放映是可以实现的，在关键技术上不存在明显的障碍。这就意味着，任何在主流影院放映的数字拷贝，都可以在“中国巨幕”上放映，这就意味着“中国巨幕”不会像IMAX一样受到片源的限制。但杨雪培也认为，能够在巨幕放映的最好还是通常意义上的“商业大片”，相对节奏较慢的文艺片并不适合在巨幕放映，“《蓝精灵》开头那一段坐着鸟飞的情节，在巨幕观看就有一种失重的感觉，像是坐太空舱一样，如果没有那么大的银幕，就没有那么明显的感觉，巨幕让电影更具备了临场感。”争议三：“中国巨幕”为何如此便宜？尽管宣传资料上称DMAX系统成本仅需IMAX的10%，但参与DMAX研发的中国电影科研所所长杨雪培还是强调，只能说“中国巨幕”成本要大幅低于IMAX，究竟便宜多少还要视情况而定。俗话说一分钱一分货，那成本动辄超过千万，票价动辄过百元的IMAX是否真有过人之处呢？杨雪培表示，IMAX拥有多项专利技术，在某种意义上还是处于垄断状态，影院要拿出相当一部分的票房收入和IMAX公司分账。此外，IMAX公司每年都要向影院收取版权许可费用，这笔费用在7万美元到10万美元不等。杨雪培甚至还认为，“IMAX影厅建设费用超过1000万人民币，个人认为有一半是IMAX品牌的价值。很多美国人都不理解，为什么你们中国有那么多IMAX影厅，我们都买不起。如果各类费用没有那么高，IMAX票价也不至于高那么多。”尽管DMAX系统在各个环节还是使用进口品牌，但最近几年，许多具备独立知识产权的放映系统配件逐渐走到了市场。杨雪培表示，国产的大功率数字疝灯灯泡，凭借物美价廉的优势，已经远销海外，“他们卖12000元，我们卖6000元，以前影院用的都是欧司朗、飞利浦这样的进口货，现在越来越多的影院开始使用国产灯泡了。”此外，国产20多米高的金属幕也已经在安徽马鞍山开始生产了，美国的公司曾专程去考察，并且准备开始从中国订货。此外，维持双机放映图像重合的图像处理器，中国也具备了自主的知识产权。这些应用都将会在“中国巨幕”中出现。部分核心产品的国产化，也是“中国巨幕”降低成本的原因。这些设备不再依赖进口，拥有独立的知识产权，也不会被外商漫天要价，一定程度上争取了主动。虽然中国放映设备的国产化逐步提高，但杨雪培承认，巨幕系统中两个非常关键的环节：放映机和服务器，还必须依赖于进口。而放映3D电影的灵魂组件——3D设备，目前绝大多数也要买老外的。DMAX刚刚面世，同IMAX比起来放弃一定程度的品牌价值，用低廉的价格来吸引影城加盟，是再好不过的办法。而将许多放映设备做叠加的方法，也颇似电脑城里的兼容机，也就是俗称的组装电脑，虽然配置不逊于品牌机，但价格显然会便宜许多。正如杨雪培所指出的，“中国巨幕价格要视情况而定”，这就与兼容机可以根据顾客要求，自由选择机能不一的电脑配件有异曲同工的感觉。争议四：DMAX到底是不是兼容机？标准的IMAX银幕尺寸在22×12.5米以上，而UME双井影城的DMAX银幕尺寸为20×12米，比标准IMAX略小。北京UME影城经理刘晖介绍，UME华星店的IMAX影厅有387个座位，而UME双井店的DMAX影厅则有360个座位，不过两个影厅面积到底分别有多大，刘晖也没有详细的数据。再来对比一下IMAX与DMAX的“配置”。长期研究影院放映技术的行业专家赵松(化名)介绍，虽然其他公司会帮助IMAX制作定制产品。比如数字芯片是与德州仪器的DLP(数字光处理)设备进行的合作，数字放映机是科视授权的，但IMAX的核心技术都是自己的，是一整套完备的放映系统，每一个环节都打上了IMAX的标签。而DMAX的设备则来自多个供应商，放映机来自比利时的巴可，银幕来自英国的哈克尼斯银幕，音响则是巴可公司的11.1声道音箱，3D设备是韩国的Masterimage。赵松总结认为，IMAX就好像是个人电脑中的品牌机，DMAX更像是个人电脑中的兼容机。这个比方非常生动，也衍生初更新的问题——巨幕系统的售后服务如何解决？IMAX公司的工作人员介绍，IMAX的放映设备如果出现程序问题，会有专人进行远程数字登录解决问题。如果是胶片和硬件设备出现问题，公司会派专人前往影院解决问题。除此之外，IMAX公司还会对客户购买的设备进行半年一次的定期检查，第一年不收费，以后需要收费。刚刚开始推广的DMAX目前尚未开始面对维修问题。但显然，在这一点上，它远远不及IMAX的一条龙服务。所有来自世界各地的产品，都需要由相应环节的供应商来做维护。放映机坏了，就要找放映机的供应商，3D系统坏了，就要找提供3D系统的公司。中国电影科研所所长杨雪培希望，“中国巨幕”将来也要有专业的维护团队，实现像IMAX那样实时在线维护，并且将各个行业技术融合到一起，“反正不能让IMAX垄断这个市场。”结语：中国巨幕来势汹汹，获得了媒体和行业内的广泛关注。但到底它与IMAX相比效果如何，由于《蓝精灵》没有IMAX版，因此还无法做直观的比较，但中国巨幕迟早要与IMAX正面交锋。在这场战役中想要获胜，光靠赚快钱的思路是肯定不能成功的。中国巨幕要想占领市场，除了要争取知识产权自主外，还有学习国外公司优秀的管理技术，专业的经营理念，以及数十年如一日的专业精神，这样才能将中国巨幕经营为“百年老店”，而非像“EVD”(一种数字光盘格式)等“中国概念”一样，成为昙花一现的商业噱头。中国电影科研所所长杨雪培认为，随着4K数字技术的不断完善，未来的数字放映将会以4K技术作为高品质的标杆，中国只要有200块4K银幕，就可以满足观众基本的观影需求。,2,9,0.9994848966598511
预告：27日15时《李献计历险记》首映发布会>>>点击进入电影《李献计》首映发布会直播间(27日14时半开通),2,8,0.6647056341171265
孔子动画亮相纽约广场 携现代山东老乡作揖问好据新华社今晨消息，中国历史上广为人知的先贤孔子的行教画像10月1日以全新的“作揖行礼”的动画形式亮相“世界的十字路口”美国纽约时报广场，将中国人自信大方的谦谦君子之风传递给世界。   ●形象短片孔子携现代人作揖  传达“仁”与“和”这个长度为30秒的短片用富有感染力的水墨画描绘孔子形象，以孔子标准的“作揖行礼”动作贯穿整个短片。片中孔子两手相交，手心向上放在胸前，身子向前略倾，表现出谦恭礼让。短片于10月1日在位于时报广场2号楼、由新华社租赁的238平方米户外液晶显示屏上播出。每年有近一亿人有机会一睹孔子及其故乡的风采。片中选择了不同年龄、不同性别的山东人，以孔庙大成殿、泰山、黄河及青岛海滨等场景为背景行作揖礼，片尾处则是孔子带领这些现代山东“老乡”全家福似的一揖。动画版的孔子形象创意来自唐代吴道子的《先师孔子行教图》。孔子作揖，传达的是中国传统文化中“仁”与“和”的精神，而现代人的作揖则是对这两种精神的传承。近年来，随着儒家文化的复兴，世界对孔子思想的认同感日渐加深。截至今年5月，全世界已有100多个国家和地区建立了300多所孔子学院和400多个孔子课堂。●市民反应“真想亲自去孔子老家看看”纽约市民勒迈尔在时报广场上看到孔子的画面，觉得非常新奇，他说没想到自己在课本里学到过的几千年前的中国圣人会出现在时报广场大屏幕上。“这说明古老的东方文化在今天依然具有影响力，而且是可以跨越国界、互相借鉴的。真想亲自去孔子的老家山东看一看。”他笑着告诉记者。●专家解读象征中国国力上升美国佩斯大学孔子学院副院长周燕玉表示，9月28日是孔子诞辰2562周年，10月1日是中华人民共和国成立62周年。孔子形象在这个时间段亮相时报广场特别有意义，不仅向世界展示了中国的古老文化，也象征着中国国力的日益上升。“儒家思想所倡导的仁者爱人、天下一家的思想在当今全球经济不景气、地区冲突不断的背景下显得格外重要。”她说。整理/记者 程磊,2,5,0.5581147074699402
乔布斯去世引娱乐圈震动 与娱乐业渊源深美国苹果公司5日宣布，该公司前首席执行官史蒂夫·乔布斯已去世。享年56岁。消息一出，竟在微博上引发了从明星到草根的全民刷屏运动，这大概就像微博网友崔斯坦说的那样：“作为一个‘科技见仇’，我知道乔布斯是因为动画。在没见过真人照片之前，他在我心目中一直都是伊娃的样子，而其他人则像瓦力那样痴迷着他。”乔帮主与娱乐业的渊源到底有多深，要从皮克斯动画工作室说起。    1986年，前身是卢卡斯电影公司旗下工业光魔公司的电脑动画部的皮克斯动画工作室(Pixar A nim ation Studios)，被卢卡斯包装成电脑硬件公司出售。当时刚因苹果公司政变，被扫地出门的乔布斯以500万美元的价格买下了它。在乔布斯的经营下，1987年，皮克斯的第一部短片《台灯父子》(LuxoJr)获得奥斯卡最佳动画短片提名；1989年，动画短片《锡兵》(Tin Toy)赢得了奥斯卡最佳动画短片奖；1995年，皮克斯与迪士尼合作的第一部动画长片，也是影史上第一部完全由电脑制作完成的动画长片《玩具总动员》上映，成为了当年的北美票房冠军！《玩具总动员》的成功，让乔布斯拥有了10亿美金的身家，也让濒临倒闭的苹果公司的高层，看到了乔布斯的能力，1996年12月，乔布斯以胜利者的姿态，重返苹果公司。2006年，迪士尼以74亿美元天价买下皮克斯。乔布斯从此成为手握迪士尼7%股份的第一个人大股东。自1986年起，皮克斯动画王国出产了11部动画长片和19部动画短片，不仅给全球影迷带来无数欢乐与感动，更实现了动画电影票房、技术上的完美飞越，毫无疑问，当中乔布斯本人与苹果公司都对皮克斯作品产生了不可低估的影响。娱乐圈大佬们这样说著名导演乔治·卢卡斯：史蒂夫的魔力是当其他人安于现状的时候，他却能看到所接触的所有事物真正的潜能，并在追求梦想的道路上永不妥协。迪士尼首席执行官鲍勃·伊戈尔：乔布斯的遗产不仅局限于开发的产品或创立的事业，他激发了成千上亿人的灵感，改变了人们的生活，重新定义了文化。史蒂夫在彻底创新和想象力方面是那么的“独创”，他定义了一个时代……他的过世使世界失去了一位罕见的创新者，迪士尼大家庭失去了一位成员，我失去了一位伟大的朋友。皮克斯首席创意官约翰·拉塞特与主席艾德·卡姆尔：乔布斯是皮克斯大家庭的指路明灯，他早于我们所有人看到皮克斯的潜质……他给了我们机会并相信我们制作电脑动画片的梦想……他将永远是皮克斯DNA的一部分。时代华纳CEO杰夫·比克斯：世界因为史蒂夫而美好，通过他创造的产品，我们公司述说的故事更丰富。他是一个活泼且无惧的竞争者、合作者、朋友。在我的一生中，社会充满不可思议的技术创新，史蒂夫是一个标志，他的遗产将被追忆千年。,2,9,0.6252562403678894
电影《梦游》特辑：李心洁“梦境杀夫”裁缝师“梦境杀夫”  李心洁迎难而上交足功课 “紫怡(角色)是一个裁缝师，她常常做梦，重复做同一个梦，然后又发现自己有梦游，她怀疑自己在梦游的时候杀了她的前夫……”李心洁谈起《梦游3D》中角色设定的说道：“我觉得它是一个非常特别的剧本，就是导演尝试用梦游这种状态，去带出女人的心理潜意识里一种被压抑的情绪。”李心洁表示，除了角色打动自己，与彭顺多次合作想要寻求突破也是参演的主要原因。之前合作过的《见鬼》、《鬼蜮》被业界以及影迷评价甚高，想要突破难上加难。不过，两人决定迎难而上，再次挑战惊悚题材。“整个戏的惊悚和精神的压迫感在于拍得很真实，有一次在公园拍一场戏，我从拍摄前一天就开始进入那个状态，到拍摄现场时都不能说话了……因为当我很投入的时候，我会整天保持那种状态和情绪，不能让自己分心，就是一个人呆着。演习的时候我会提前跟化妆师、发型师讲好，不能补妆，因为我觉得最重要的是戏演的好不好，整个人投入进去……等到演说OK了，我的情绪还收不住，就跑到一边一直哭。”最终表现得到东京评委的一致认可，入围东京影后。彭顺“噩梦十年”拍《梦游》   主角一分为二更为立体“我曾经看过一些新闻，有的人梦游的时候是会杀人的。我真的曾经在10几年来重做一个梦，这个梦对于我来说很可怕。”彭顺坦言拍摄《梦游3D》全因自己“十年一梦”。恐怖片发展至今，真正围绕梦游行为出之者却是凤毛麟角，若在遵照科学根据的前提下，以恐怖、惊悚的方式包装梦游主题，更是相当罕见。彭顺时常因梦见“一片空地埋着一个袋子，总觉得那是一个装尸袋”而被吓醒时，他便决定将之搬上大银幕，如今看来，果然“冥冥中自有安排”！“如果你把李心洁和杨采妮的故事拼在一起以后，我们就会看到一个很远景的一个人物，你把她们放在一起，就会明白哪个人物发生的故事是什么。”显然彭顺导演对演员在梦游中的演绎很满意。梦游与彭顺过去在恐怖片拍摄中屡试不爽的“鬼”并不是一码事，据悉该片采用先进的3D摄影技术，又糅合了“异度空间”的特殊表现手法，顺利驾驭了梦游题材。难怪《梦游3D》尚未公映，其攻占以恐怖惊悚闻名的日本，入围东京影展主竞赛单元的消息让不少影迷欢呼雀跃。,2,8,0.651857316493988
《树先生》终极预告曝光 梳理主人公心理脉络现实中的魔幻，暖色调调情在终极版预告片中，树先生的神态充满尴尬的意味，这是上一版预告片中所弱化的。预告片中树先生的造型是在中国农村随处可见的普通人形象，丝毫没有表演的痕迹。片中所呈现的热闹嘈杂的结婚场面，在中国大多数农村或小县城随处可见。从预告片中看，在《冬天里的一把火》的夸张而带有喜剧色彩的霹雳表演后，熊熊大火真的烧起来了，画面彻底暖了起来。我们看到树先生从火红的阳光下站立起来，树先生进化了，进化成一名人人膜拜的预言家，这下我们明白了，暖色调到达极致的时候，荒诞感也一同到达极致了。预告片中的新婚之夜也是有些极致的暖色调，这或许预示着有“不靠谱”的事情发生。纵观这个时长2分10秒的宣传片，我们猜测，这是命运在用暖色调向树先生调情呢。千呼万唤始出来，想象需要印证虽然影片距跟观众见面还有几天，《Hello！树先生》已荣获了四项大奖，包括上海电影节最佳导演奖和评委会大奖，第九届俄罗斯海参崴国际电影节最佳男演员和最佳导演奖。有些荒诞的剧情介绍，树先生那股神神道道的劲儿，都需要切切实实观影的印证。导演韩杰说：“电影中树先生的特点，可能生活中每个人都会有。看得懂或者看不懂也是因人而异，我不想把它拍成一个从众的电影，所以我把电影拍得有些超现实，但是这种超现实是带着深厚感情的。”,2,8,0.47765225172042847
郑裕玲与周润发早年激情床戏曝光(组图)回首郑裕玲的爱情故事，其实在多年来，香港媒体报道得最多的并不是甘国亮跟吕方，而是周润发。周润发和郑裕玲一直被视为“无线”最受欢迎的情侣档。当年，很多观众都希望郑裕玲与周润发能发展成为真正的情侣。,2,3,0.7685396075248718
王家卫获聘香港公开大学荣誉教授(组图),2,5,0.8277673125267029
皮克斯的《玩具总动员》 一切从车库开始(图)谁都知道，1995年第一部电脑动画长片《玩具总动员》问世并引起观影热潮，之后皮克斯的每一步都走得异常稳健，最终戴上了世界动画的王冠。但是我们下面要说的是《玩具总动员》之前的皮克斯，记住，那时皮克斯只是个名不见经传的小公司，它像皮球一样从一个大佬脚下踢到另一个大佬脚下。虽然天才的约翰·拉斯特建立了一个又一个电脑动画的里程碑，但皮克斯在很长时间里的收入来源是卖电脑和软件。下面，我们就要讲讲这个熟悉的名字背后陌生的故事。从伯克利的车库开始皮克斯一直以极其高超的技术力压群雄，而这个公司正是靠先进的技术起步的。说起皮克斯的早斯史，不能不提到一个人，伯克利大学的迪克·肖普（DickShoup）是计算机影像的先锋之一，他在1973年就在自己的车库工作室里拍摄了历史上第一部数字短片。一个偶然的机会，他遇到了继纳什之后最卓越的博弈论数学家雷伊·史密斯（Ray Smith），史密斯同时又是一个业余艺术家，他对电脑生成影像非常感兴趣。后来史密斯又找到了纽约大学物理学博士艾德·卡特穆尔（EdCatmull），后者十几岁的时候就制作过自己的电脑动画。这三个天才组成的小组开发了最初的电脑动画程序，卡特穆尔发明的电脑二维动画制作程序最终成了皮克斯的“CAPS”系统的基础。肖普最终只是以“基石”的身份被人记住，而史密斯和卡特穆尔则加入了卢卡斯的“工业光魔”公司的电脑部。给乔治·卢卡斯打工卢卡斯的电脑部1979年成立，史密斯和卡特穆尔的电脑图像工作室占卢卡斯影业电脑部的三分之一。1984年，刚刚离开派拉蒙公司，接管惨淡经营的迪斯尼公司的迈克尔·埃斯纳看中了电脑图像工作室。于是他投资完善了卡特穆尔的系统，取名叫“电脑动画制作系统”（CAPS）。这个工作室发明的另一个著名软件是渲染器“渲染者”（RenderMan），它成为其后二十余年间所有电脑动画的基础。同在1984年，天才约翰·拉塞特为世界上第一部大量运用电脑特效的影片《电子世界争霸战》（Tron）制作了近30分钟的电脑动画，随后加入了电脑图像工作室。拉塞特很快就投入到一部为他的儿子制作的动画短片《蜜蜂惊魂》（WallyandAndre B）的制作中。在这部短片中，人脸开始能做简单的表情，而蜜蜂有复杂的运动轨迹。而它的最成功之处是它有了完整的背景，每一片树叶，第一片草都在一个随机程序的驱动下自由摇摆，省去了以往动画师需要投入的大量工作。“皮克斯”呱呱坠地这时候，另一个重要人物出现了。被踢走之后官复原职的苹果电脑CEO斯蒂芬·乔布斯，在看到卢卡斯的电脑图像工作室的工作之后，他决定买下这个部门。乔布斯和卡特穆尔会谈后，把这个工作室正式命名为“皮克斯”。于是，1986年皮克斯正式诞生，到今年正好20周年。对于“皮克斯”的收购案，卢卡斯“漫天要价”1亿美元，而乔布斯硬砍到500万美元就成交了，他还另外向工作室注入了500万美元，事后证明这个交易太值了。在1986年，皮克斯的未来非常渺茫，但拉塞特的又一部短片《台灯父子》证明了这个工作室前途无量。他之所以选择台灯有两个理由：第一，他的小团队每个人桌子上都有一个这种便宜的台灯，它们也比较容易做成动画；第二，它可以证明电脑动画的威力，不用复杂的人物表情（当时电脑动画还不擅长于此），只用简单的图形和动作就可以传神地表达复杂的感情。《台灯父子》取得了伟大的成功，它不但让计算机科学家们印象深刻，而且也让电影业界眼前一亮。后来，短片的主角台灯儿子成了皮克斯的象征形象。虽然已经开始了迈向动画片领域的伟大征程，但皮克斯工作室的主业却还在贩卖自己开发的电脑软硬件，他们的员工不得不向Sun和SGI公司的朋友讨要二手电脑以维持公司的运作。搭上迪斯尼的大船1989年，拉塞特的第三部动画短片《小锡兵》终于赢得了一尊奥斯卡最佳动画短片奖。同年，迪斯尼公司用CAPS搞出的《小美人鱼》等影片大卖，虽然皮克斯公司并不能从中得到好处，但是它让迪斯尼公司注意到了皮克斯这个小兵。1991年，迪斯尼公司动画部的负责人卡曾伯格作出了一个令所有人震惊的决定，他和皮克斯签订了制作三部全电脑动画长片的合同，这是一个非常超前的决定，因为当时还没有太多人相信电脑制作的动画长片能成功。卡特穆尔和罗密斯曾经预言第一部电脑动画长片将于上世纪90年代中期产生，这时皮克斯离这个期限只有4年的时间了。在激烈的谈判之后，卡曾伯格终于同意增大皮克斯的分成，皮克斯可以拿到10%到15%的分成，拥有为片子开发的软件的所有权。迪斯尼公司拥有影片的版权，这意味着它有权不通过皮克斯公司独立开发电影的续集，它还拥有音像制品的全部利润。无疑，这个条件对皮克斯是非常苟刻的，但有什么办法呢？为了前途，忍了吧！“玩具”在风雨中飘摇两家合作的第一个项目是关于玩具的故事，定名为《玩具总动员》。对于这部影片的制作成本，卡曾伯格表示，他不会给皮克斯超过1500万美元，合作再次限入了僵局。就在这个坎儿上，卡曾伯格自己离开了迪斯尼公司，和斯皮尔伯格、大卫·格芬共同创建了梦工场。而乔布斯在开会时对史密斯大吼了一通之后，史密斯离开了皮克斯，开了自己的公司。好消息是，最终迪斯尼公司同意把制作费用提高到2600万美元。《玩具总动员》进展得非常缓慢，编导拉塞特做了30分钟的预览片，把它拿去给迪斯尼的执行官们观看，他们震惊了，批评者即使对这个故事抱怀疑态度，也对它的技术心悦诚服。迪斯尼通过了这个剧本，制作从1993年1月19日正式开始。《玩具总动员》的制作极富挑战性。主角伍迪牛仔有723个控制点，仅他嘴上的控制点就有68个。每一帧画面都要117台Sun和SGI电脑用几个小时的时间才能渲染完成。这部影片的幕后阵容非常强大，找来了汤姆·汉克斯和蒂姆·艾伦配音，兰迪·纽曼写歌和演唱。在制作开始10个月之后，11月19日，皮克斯突然迎来了一场无妄之灾。迪斯尼公司命令他们停止制作，并且威胁取消和拉斯特签订的三部影片的合约。原因是他们认为和巴兹光年这个人物比起来，伍迪这个人物太刻薄和卑鄙，这一天成了皮克斯的黑色星期五。1994年春天，拉塞特重新写了剧本，把伍迪描写成一个具有同情心的、父亲一般的玩具领袖。一日成名天下知最终的影片装满了1000张CD，有11万帧独立渲染的影像，每一帧影像都要花数小时渲染。而给人印象深刻的是，皮克斯只有27名动画师，其中包括那些制作广告项目的动画师，而传统的动画片需要至少75名动画师。在纽约的一次迪斯尼公司的晚会上，乔布斯亲眼目睹了皮克斯的惊人作品引发的巨大反响。几周后，乔布斯从卡特穆尔手里接过了皮克斯工作室经理的职务，卡特穆尔从来对“经理”这两个字不感兴趣，从此乔布斯成了皮克斯的掌权人。迪斯尼花了1亿美元用于宣传《玩具总动员》，巴兹光年的剪影出现在每一家“汉堡王”（Burger King）的店里，预告片占据了全美国的电视和影院。这回是皮克斯工作室的人开始担心迪斯尼在这里面投了太多钱，担心这些钱打水漂。但他们的担心是多余的。《玩具总动员》的首周票房达到了3910万美元，已经可以和制作费相抵，最终这部电影在北美拿到了2亿美元，对于动画片来说是了不起的数字。“皮克斯”成了一个家喻户晓的名字，这部电影证明电脑动画电影不但是可能的，而且是有利可图的。在影片上映一周之后，皮克斯公开发售公司股票，开始每股价格22美元，交易第一天就飙升至50美元，一下就使乔布斯成了亿万富翁。之后的事情就是大家耳熟能详的了。本报记者 刘铮 张文伯,2,8,0.8763207793235779
《指环王前传》启动 霍比特人为《指环王》揭秘由于彼得·杰克逊的《指环王》获得了空前成功，因此要求拍摄《指环王前传：霍比特人》的请求也越来越强烈。据称，已经有数万名影迷向电影公司递上了一份请愿书。对此，制片公司———米高梅于当地时间11日作出了正式回应，正式声称该片已经正式启动。影片公司目前已经和大导演彼得·杰克逊有了初步接触。 数万影迷请愿要求拍摄 由于《指环王》系列已经在影迷中造成了极大的影响力，因此该片拍摄前传的请求也愈发强烈。由于此前彼得·杰克逊曾经亲口承认该片将会拍前传。因此等了足足三年的影迷们已经失去耐心了。日前一个自发组织的影迷团体，向影片的制作公司新线和米高梅公司递交了一份请愿书。这也反映了影迷们希望影片开拍的迫切愿望。 据称，到目前为止，这份请愿书上竟然已经集合了39116个签名。一位影迷表示：“三年前彼得就已经答应要拍摄《霍比特人》，但是这个诺言到现在还没有兑现。我们已经等急了！” 对如此强烈的请愿书，米高梅公司马上给予了答复。该公司的发言人蒂奥·杜蒙表示：“彼得·杰克逊在《指环王》系列获得的成功，让他成为了执导《霍比特人》的第一人选。我们目前已经正式开始和他进行接触。” “我也非常开心的告诉你们（数万名递交请愿书的影迷），目前我们已经同彼得·杰克逊和他的经纪公司取得了联系。我们正在商谈该片的拍摄。” 据称，如果一切顺利，该片的剧本将会于年内开始撰写。 杰克逊：会拍出与《指环王》不同的感觉 凭借《指环王》手捧11座小金人的导演彼得·杰克逊其实早就表达了自己非常想拍《霍比特人》的想法：“我非常渴望回到theShire（霍比特人的乐土），而且我希望扮演甘道夫的伊安·麦凯伦也一起回来！” 此前在接受媒体采访的时候，彼得透露了一些自己的拍摄想法和计划。他表示：“尽管我拍完了《金刚》，但是拍《霍比特人》的想法一直都在我的脑海中，即使在拍摄《指环王》的同时，我也一直以来都在筹备拍摄这部前传。” 杰克逊表示，尽管《指环王》三部曲已经获得了极大的成功，而且都是他自己费尽心血完成的。但是他对于《霍比特人》有着特别的想法。他表示《霍比特人》一定要拍出同《指环王》不同的感觉来。“《指环王》是一次次战斗，而《霍比特人》则是历险和揭秘。它所要揭示的将会是在《指环王》中不为人知的那些秘密。” 《指环王前传：霍比特人》 根据小说原著，《霍比特人》讲述的是巴金斯（BilboBaggins）原本是个远离尘嚣的霍比特人，却无意间被扯入一场关于魔戒的漩涡中。巴金斯就是《指环王》中弗多的叔父，他其实并不是个英雄，顶多够个勉强的冒险家。正是他的这种凡人特质，才让欧美人对于《霍比特人》这个故事爱不释手。 施庆/文,2,8,0.9940400123596191
《霍比特人》找上《蜘蛛侠》导演取代杰克逊彼得·杰克逊刚刚被新线公司抛弃不久，马上就有媒体称，新线公司已经找到了彼得的接班人，他就是《蜘蛛侠》大导演———山姆·雷米。这位导演正在考虑要不要接受《霍比特人》剧组的邀请。 （记者施庆） 据TheOneRing.net称，《霍比特人》其实已经筹备了很长时间了。而且彼得·杰克逊其实从拍完《指环王3：王者归来》之后，就开始考虑拍摄这部前传。但是他和新线公司因为一些利益分配不均的问题而闹翻。双方不欢而散。新线公司已经表态，不再考虑让彼得·杰克逊担任《霍比特人》的导演。 尽管之前在听说放弃彼得·杰克逊之后，许多影迷请求彼得不要离开《霍比特人》剧组，但他的告别已经是大势所趋。而且拍出两部叫好又叫座的《蜘蛛侠》的山姆·雷米已经在考虑范围之内，相信能够安抚一些影迷的心。 与此同时，在《指环王》中扮演甘道夫一角的英国著名演员伊安·麦凯伦也正式表示自己不赞成彼得离开。他说：“我很想重新回到‘中土世界’，我也很想让彼得来领导我们重新投入战斗中去。现在听到彼得要离开，我很难过。很难想象另外一个导演来执导托尔金的小说。” 彼得·杰克逊与新线公司的矛盾始于2001年。当时，他名下的制片公司将新线公司告上法庭，称后者在处理2001年电影《指环王1：护戒使者》DVD的收益时存在着暗箱操作。,2,8,0.9140520691871643
北美票房综述：《蜘蛛侠3》火山爆发(附图)一周综述大家好，“五·一”长假过得开心么？看《蜘蛛侠3》了么？众所周知，“投资越大、责任越大”的《蜘蛛侠3》(Spider-man 3)注定要华丽揭幕今年的暑期档(官方公布的制作成本为2.58亿＄，据称“史上最贵”)，却不曾料想竟狂野、奔放到如此地步！当初，索尼敲定以史无前例的4252家院线这一影史最大规模公映，想必于销售范围上破纪录的同时，便存了首映数字改写历史的野心。果不其然，单家影院平均进账约34800美元的《蜘蛛侠3》，最终于首映周末三天内席卷1亿4800万＄左右——不止亘古未有，简直骇人听闻！虽说最终数据尚未出炉(北京时间5月8日凌晨具体统计完毕)，但通常±100万＄的误差在巨大的票房数据面前已微乎其微、无关紧要。下面看看《蜘蛛侠3》一共刷新了多少项纪录：1、首映周：1.48亿＄，战胜《加勒比海盗2：聚魂棺》的1.35亿＄，列影史第一；2、首映日：5900万＄，战胜《加勒比海盗2》的5580万＄，列影史第一；3、单日：首映日的5900万＄、次日的5100万＄，分列影史单日第一、第三；4、周五、周六、周日：5900万＄、5100万＄、3770万＄，周五、周日战胜《加勒比海盗2》，周六战胜《怪物史莱克2》，列影史周五、周六、周日成绩第一；5、大规模公映作品的单馆平均值：34800＄，战胜《加勒比海盗2》的32800＄，列影史第一(小范围点映的数字忽略不计)；6、突破1亿＄的速度：2天狂收1.1亿＄，战胜《加勒比海盗2》的2天1亿＄，列影史第一；7、票房冠军与亚军周末之差：1.42亿＄，战胜“《加勒比海盗2》-《超人归来》”的1.14亿＄，列影史第一；8、海外票房首映周：2.27亿＄，战胜《达·芬奇密码》的1.55亿＄，列影史第一，另外，5月1日起先行美国公映的16个国家和地区，在4日前的收入竟高达2920万＄；9、海外票房首映日，刷新纪录的主要有：我国香港地区95万＄、韩国344万＄、法国610万＄(巴黎地区140万＄)、意大利400万＄等，其他东南亚诸国、欧洲诸国亦有多项纪录更新；……连续5周下跌的Top 12大盘，在《蜘蛛侠3》的神勇发挥下疯长近185%，达1.76亿＄，尽管总和不算数一数二，涨势却是罕见的迅猛——看来我上周关于影市“积蓄能量”的推测还算靠谱。当初战战兢兢地预估北美首映票房大约1.2亿＄时，还以为自己是胆大妄为、胡言乱语，没想到最终数字出笼，我竟成了“保守派”，作为票房Talker／《蜘蛛侠》粉丝，真是“痛并快乐着”的奇妙结果。关于本片票房走势后文专述。由于影迷全部跑去观看《蜘蛛侠3》，以至其销售额居然令人发指地占据Top 10的85%左右，故其余诸君的跌幅均颇为惨痛。其中，最有面子的莫过此前意外三周蝉联的《后窗惊魂》，在近37%的衰退中依旧从容收割570万＄，想必派拉蒙高层每次瞥见累计票房6000万＄与预算2000万＄的鲜明对比都会乐开花吧。对照先下手为强的《后窗惊魂》，后下手遭殃的《破绽》本周以顽强的韧劲甩掉上星期加入战团的另两部惊悚片《隐形人》和《预见未来》。尽管50%的跌幅仍不值一提，但毕竟是从殿军杀回季军位置的“壮举”。周末攫金340万＄，累计2600万＄，虽说该数字有些对不住雷恩·高斯林与安东尼·霍普金斯的精湛演技，但毕竟没让新线公司赔本。经历了《灵数23》与《魔力玩具盒》的连续溃败，《破绽》好歹挽回一些颜面。顺便一提，年底的魔幻头牌大戏《黑暗物质：金罗盘》日前曝光海报，不知完成情况如何？自欺欺人的标题以为能让影评人的板砖找不到目标的《隐形人》，终于还是被一通乱拍“虐”得严重损伤，在《蜘蛛侠3》的威压之下跳水60%，以310万＄退居第4，迄今1234万＄。看来若是烂到一定程度，即便长线营销的高手迪斯尼也无济于事，有保持第7名位置不变的《拜见罗宾逊一家》进行对比，自然倍感难堪(《拜》本周246万＄，累计9177万＄，貌似不突破1亿＄关卡，不会善罢甘休……)。谎称有“通天眼”(差点写成“通天塔”)实际却未能看清自己被口诛笔伐的下场的《预见未来》猛摔61%，收获276万＄，累计1183万＄。考虑到是一部由“奥斯卡影帝＋票房大明星”尼古拉斯·凯奇主演、斥资8000万＄左右的大制作，这点凄风苦雨的数字实在太寒碜，可怜久未谋面的朱利安·摩尔与绯闻缠身的杰西卡·贝尔……。至于凯奇嘛，毕竟有年底的《国家宝藏2：神秘书》蓄势待发、足以反弹，暂不替他扼腕——希望届时不要在与“新加盟的母亲”海伦·米伦对手时，被人家老太太把戏抢光。终于轮到本周的另一部新片《幸运赌神》(Lucky You)，“延期＝烂片”不愧是硬道理，纵使大牛人柯蒂斯·汉森导演亦不能免俗。试图凭借《哈利·波特与凤凰社》杀进暑期三甲的华纳兄弟处心积虑地为《蜘蛛侠3》送来的刺客失灵，仅在2525家院线截流微不足道的251万＄，真是人算不如天算。但愿下个月试图“拖《加勒比海盗3：世界尽头》后腿”的《十三罗汉》(在《海盗》身后两周上映)，不要这么灰头土脸才好。第8、9、10位被三部喜剧《冰刀双人组》、《终棘警探》、《有完没完》瓜分，三者目前分别累计1.11亿＄、1600万＄、4600万＄，可谓按部就班、稳扎稳打。春季档热映2亿＄、1.6亿＄的《斯巴达300勇士》、《荒野大飚客》则正式退出历史舞台。《同名同姓》、《黑皮书》、《窃听风暴》等有口皆碑的文艺片继续小规模长线上画；《女招待》(Waitress)与《柳暗花明》(Away from Her)的公映，则标志着“2008年奥斯卡争霸战”已经正式打响！《蜘蛛侠3》：终于不叫好，居然最叫座！？变异变种何时了，漫画知多少？首映票房又抽风，续集制作消息发布中……。CG水准应犹在，剧本功力改。问君能有几多“仇”，1V3→2V2的“群殴流”。可能是因为间隔不足12小时连看两遍的缘故，个人对《蜘蛛侠3》的评价由5月2日凌晨的A-降至中午的B+(具体参看影评)。事实证明我到底还是铁杆拥趸，百般挑剔仍不及北美媒体综评的60分不留情面(Yahoo为B-)——即便达不到《蜘蛛侠2》的高度，仍属出色的娱乐片，熟料大洋彼岸的多数声音竟是“系列最糟”，呜呼哀哉。《纽约每日新闻》、《时代周刊》、《好莱坞报道者》虽给予好评，奈何《华盛顿邮报》、《旧金山纪事报》、《洛杉矶周刊》、《村之声》、《纽约客》、《洛杉矶时代》、《综艺》、《纽约时代》等更多的权威机构连篇累牍吹毛求疵。本叔父说得好：“希望越大，失望越大”(好像不是这句，but whatever！)。我先将丑话讲在前：登场人物过多，导致故事线庞杂、凌乱，堪称本集的重要瑕疵；小痞子桥段表现人物内心的黑暗面，亦不乏避重就轻之嫌；“琼瑶剧风”男女主人公的恋情拖沓，既降低二位角色的好感度、又影响故事节奏。但是瑕不掩瑜。首先，对彼德·帕克和三大反派几乎“求全责备”的身世交待与性格塑造，配合压倒性的视觉效果，散发着荡气回肠的史诗感。其次，承认不够精彩的同时，必须肯定多快好省地解决众多矛盾的剧本依旧工整。再次，第三次聚首的原班人马在一定程度上激情减退，但制作诚意始终如一、精良程度比前代有过之而无不及。最后，所谓落差的关键原因在于《蜘蛛侠2》神来之笔、无懈可击，若以一部“爆米花巨制”的标准审视则《蜘蛛侠3》仍属上乘，可谓有始有终之美(尚无明确的官方认证，但“三部曲”的格局已被盛传即将立项的第4集破坏……)。其实上述内容并非大家关心的议题，《蜘蛛侠3》的票房前景才是焦点问题。尽管出现1.48亿＄的破天荒数字，我并不敢修改4.1亿＄最终票房的预测。若以4亿＄为目标，则本作首映票房所占总成绩的比重不得高于37.5%——在影史首映数据排名前20位的大作中，仅有《X战警3》、《哈利·波特与阿兹卡班的囚徒》、《X战警2》三部超过这一比例。按此推断，《蜘蛛侠3》杀入“4亿＄俱乐部”已如探囊取物、反掌观纹，但实际情况是：未如预期的口碑给次周跌幅带来巨大风险。可比性较小的CG动画《怪物史莱克3》忽略不计，《蜘蛛侠3》身后的5位“首映巨无霸”选手的次周跌幅依次：《加勒比海盗2：聚魂棺》54%、《蜘蛛侠1》37%、《星战前传3：希斯的复仇》49%、《X战警3》67%、《哈利·波特与火焰杯》47%。《蜘蛛侠3》发挥失常如《X战警》，即陷入下周末仅进账5000万＄的窘境，个人认为属于小概率事件；坚挺似第一部，即下周末仍有9500万＄的夸张收益亦万无可能。因此，不妨取《海盗》、《星战前传》、《哈利·波特》的平均值50%，即预估次周末票房约在7000万＄左右。设若如此，则《蜘蛛侠3》截止下周末有望超越2.5亿＄、并有八成把握在《怪物史莱克3》接班前夕迈过3亿＄门槛，这样便可高枕无忧。因为在14天后的《史莱克》、21天后的《海盗》排山倒海、势如破竹的攻势面前，早已盆满钵溢、惟有忍气吞声的《蜘蛛》至多剩余1亿＄上下的挖掘潜力。待42天后“小字辈”的《神奇四侠2》出马时，正式卸任“漫画英雄领军人物”的《蜘蛛侠3》若还未突破4亿＄屏障，便霸业休矣。……千言万语，牢牢盯住次周的票房走势吧。《幸运赌神》：爱情？赌博？顾此失彼道行精深却运程不济、每每在关键时刻掉链子而被迫隐忍的职业赌徒，在邂逅拉斯维加斯的美女歌手而坠入爱河后，决心向与实力匹配的荣誉发起冲击，但要想笑到最后，必须战胜传说中的“终极牌王”——疏远多年的生父。影片导演柯蒂斯·汉森凭借《洛城机密》、《奇迹小子》、《8英里》，连续进入小金人的法眼，甚至连客串性质的参演作品《改编剧本》亦“托汉森大人之福”多项提名奥斯卡。斩获最佳改编剧本的小金人，成功拭去“B级片导演”的印象，汉森先生貌似晋级为各类题材通吃的全能选手。然而这部从去年冬天延期至今的电影还是应验了长考出臭棋的老话，枉有“澳洲进口男星”艾瑞克·班纳、“爱情喜剧天后”德鲁·巴里摩尔、奥斯卡影帝罗伯特·杜瓦尔集结的强大阵容，仍难逃劫数。“试图融合不可思议的扑克世界与平易近人的浪漫爱情，可惜两条线都没照顾好”、“毫无悬念的故事流程一切尽在掌握，让期待娱乐和刺激的观客昏昏欲睡”、“男女主演的梦游演技味同嚼蜡，班纳稚拙的扮酷手法与巴里摩尔僵硬的装嫩伎俩竞相肉麻”、“导演形同虚设，完全感受不到《洛城机密》里的睿智火花”……，媒体综评50分(yahoo方面为C)，也算为票房惨败找到了足够自圆其说的理由。奥斯卡战线：《柳暗花明》、《女招待》即将担任第60届戛纳电影节评委的加拿大才女莎拉·波莉可谓“演而优则导”的新晋榜样，聚焦女方罹患老年痴呆症的老夫老妻关系的浪漫温情剧《柳暗花明》获得无差别盛赞。“对病例细节的考据精准全面，但这不过是动人剧本大量优点中最不起眼的一个”、“像轻触琴弦一般柔肠百转的故事”、“用知天命而不失幽默的笔调描绘珍惜与遗失”、“长篇处女作便有如此水准，波莉导演前途无量”……，《村之声》、《洛杉矶时报》、《纽约时报》、《纽约邮报》、《纽约每日新闻》、《今日美国》、《滚石》纷纷出示最高或次高分，媒体综评高达84(约B+)。“知性而沉静地将病人内心不设防的单纯与复杂辩证演绎”的女主角茱莉·克里斯蒂获得“《成为茱莉叶》的安妮特·贝宁”级别的一致肯定：“优雅、真切、立体，极具感染力的演技让观者悲喜不能自已”。如果不是在5月初早早亮相，几乎可以断言克里斯蒂将轻松提名2008年的奥斯卡影后，且《柳暗画面》犹在最佳男配角、最佳改编剧本等方面不乏染指的机会。……但现在嘛，一切还为时尚早。《女招待》片如其名，讲述了以妊娠为契机而决意改变人生的女招待的奋斗史。“谨慎而专注地捕捉到任性、天真、聪明、机巧的神髓”、“机智的剧本令人啧啧称奇”、“明明是轻佻的小品，却具备难以洞察的煽动性”、“让人回忆起《律政俏佳人》的维瑟斯彭”……，72分(约B)的媒体综评可谓不俗。馈赠满分的《娱乐周刊》、《华尔街日报》和出示A-的《今日美国》等大社还异口同声地认定：“凭美剧《菲丽希提》成名的女一号凯莉·拉塞尔，勇敢、热情、阳光、真挚的表演堪称《女招待》的点睛之笔”、“无疑是拉塞尔生涯的最高演技”。碍于演员履历先不妄言金球奖音乐／喜剧类的影后提名，至少独立精神奖的入围可以提上议事日程。下周预告1、新世纪僵尸经典《28天之后》的续集《28周之后》(28 Weeks Later)；2、围绕祖孙三代女性“喋喋不休”的文艺喜剧《乔治亚法则》(Georgia Rule)；3、去年票房惨败的《水管工拉里》的恶搞姊妹篇《拉里参军记》(Delta Farce)；4、浪漫喜剧《男人不养家》(The Ex)。 毕成功(blog)/文,2,8,0.7780033349990845
北美票房综述：《加勒比海盗3》无悬念称霸(图)一周综述《加勒比海盗3：世界尽头》(Pirates of the Caribbean: At World's End)的首映票房可能会令各位海盗迷们小失望一下(本人既是蛛丝又是盗众，故不悲不喜……)，周末三天1.12亿美元的数字在《蜘蛛侠3》和《怪物史莱克3》轮番轰炸之后并不抢眼，即便加上周四晚20点以后的4小时收益，也不过1.26亿＄。4362家院线虽然打破《蜘蛛侠3》的4252家纪录，创下开画覆盖面积影史第一；但单馆约25800＄的平均值却与《蜘蛛侠3》方面的35500＄相去甚远，差距足有10000＄之多。下面忽略星期四晚20点至24点这4小时内的1400万＄收入进行计算。《加勒比海盗3：世界尽头》首映日(周五)进账4300万＄，位列影史首映日第5(不敌《蜘蛛侠3》、《加勒比海盗2：聚魂棺》、《星战前传3：希斯的复仇》、《X战警3》)、单日影史第10；三天累计1.12亿＄，居影史首映周末票房第5位(仅次于《蜘蛛侠3》、《加勒比海盗2》、《怪物史莱克3》、《蜘蛛侠1》)。除此之外，《加勒比海盗3》犹有几项杀入票房单日或单周的排行，但均未跻身Top 5，故暂不置评。尽管蜘蛛、海盗、史莱克的观影群体过分贴近(甚至几近重合！？)，但本周末Top 12的销售总额显示，连续三周疯跑影院的客源依旧热情高涨。1.93亿＄，不仅较之上周继续升高11个百分点，更超越同期水平，刷新“阵亡将士纪念日周末”的历史纪录，让去年《X战警3》率队的1.88亿＄数据作古。今年的北美票房跟咱们的股市有异曲同工之妙。去年《加勒比海盗2》首映时曾扯动大盘在三日内突破2亿＄大关的骄人旧绩，如今第三部又牵引大盘书写1.93亿＄的史上第2位战绩，两代辉煌闹市悉出海盗一门，迪斯尼老爷爷自然春风满面。不过，时下的北美票房虽依旧高涨，实际上却在三部大作其一基本燃尽、另两部各自为政的过程中，陷进了相对的僵持局面。这样下去，部分影迷的时间或消费理念恐怕无力承受三巨头走马灯似的圈钱运动，由是我担心影市会在5月的连续爆棚后坠入一个相对兵民疲弊的“小冰期”。下周行情若果真不够强劲，则“小冰期”内无缘院线的观众将直接造成《加勒比海盗3》和《史莱克3》的票房缺失——当各位重新流进影院后，转投别人怀抱的危险便颇高(《神奇四侠2》很可能就是那个意想不到的“坑”……)。当然八成是小生多虑，也许本周末对海盗和史莱克左右为难而只能择其一的无数粉丝，会在下周义无反顾、责无旁贷地冲进另一部心肝宝贝的放映厅(出于私心，祈祷《神奇四侠2》真的挖个大坑！)。再看《怪物史莱克3》的次周票房。跌幅约在58%左右、本周末数字5100万＄、迄今2.01亿＄、10天突破2亿＄大关的速度位居影史第6(次于《加勒比海盗2》、《蜘蛛侠2》、《星战前传3》、《蜘蛛侠3》、《蜘蛛侠1》)。鉴于影史上以迅雷不及掩耳之势冲过2亿＄关卡的前5名均属“3亿＄俱乐部”成员(第7名的《哈利·波特与火焰杯》北美票房2.9亿＄……)，故《史莱克3》亦可为基本保底3亿＄而暂烧高香。但遥想3年前《史莱克2》在公映后的第二周末仍以7200万＄的汹涌数据杀退《明日之后》勇猛连庄的霸王风范，《史莱克3》如今在海盗的强烈攻势下仅列影史次周票房第11位而毫无CG动画应有的持久面相，不得不说已略嫌英雄气短。希望作为“三强争霸战一角”的《史莱克3》不要过快崩塌，在无甚强敌搅局且有“六·一”儿童节良机的下周末显示出CG动画异乎寻常的“粘人”后劲才好。再看攫金速度日渐拖泥带水的《蜘蛛侠3》，跌幅约53%、本周末数字1370万＄、累计终于高达可敬而可爱的3.03亿＄、24天突破3亿＄大关的速度位居影史第6(次于《加勒比海盗2》、《星战前传3》、《怪物史莱克2》、《蜘蛛侠2》、《蜘蛛侠1》)。参考影史30天内撞3亿＄线的9部作品(第7、8、9名依次为：《指环王3：王者归来》、《星战前传1：幽灵的威胁》、《基督受难》)，票房最低的《基督受难》亦有3.7亿＄入账，故一鼓作气、再而衰、三而竭的《蜘蛛侠3》至少应争取向3.5亿＄看齐(保守计算约在3.4亿＄收摊，与1、2代的票房构成每部3000万＄递减的等差数列……！？)。这里插播一条海外的战势。虽然美国国内的人气可能是“海盗3≥蜘蛛3”，但在全球范围内鹿死谁手犹未可知。《加勒比海盗3：世界尽头》首映周在海外建树2.05亿＄，不敌《蜘蛛侠3》两周前创造的2.3亿＄佳绩，屈居影史榜眼——纵然如此，仍足够探花位置的《达·芬奇密码》自惭形秽(1.55亿＄)。由于5月三巨头的海外票房都是“至少6亿＄起评”的超大作，故检验谁是最风靡世界的赢家尚需时日，我国将《加勒比海盗3》放在6月12日、《怪物史莱克3》留待8月亮相，《蜘蛛侠3》则已经收割1亿人民币。?里?唆总算讲罢三甲，下面看看本周另一部大规模公映的新片《千疮百孔》(Bug，又直译为《虫》)。虽说是“大规模公映”，但比起某些“欺行霸市”之徒动辄4000家保底的开画面积，绝对是低调做人的典范。不服也没辙，试图尾行《蜘蛛侠3》分羹未遂的《幸运赌神》的血泪教训已让大家充分领略“垄断”的含义——在1661家院线登陆的《千疮百孔》再度碰壁，仅凭单家不足2000＄的平均值收益320万＄，被海盗掳掠殆尽。不过顶风作案也未必都是死路一条，第5名的《女招待》便迂回有术。先以点映博得良好口碑，再抓住“漫画英雄V.S.CG动画V.S.魔幻冒险”的乱战时机，充分利用爱情喜剧的相对卖方市场大做文章。结果是：这部小品在扩张至510家影院后，仍以单馆5600＄左右的秀逸数字赚进280万＄——福克斯探照灯真是越来越会发行了！第6、7、8、9位分别是2周前的《惊变28周》、《乔治亚法则》与1个月前的《后窗惊魂》、《破绽》，前两位难逃赔本的嫌疑，后二者则长线钓到大鱼，乏善可陈，故不赘言。第11名的《柳暗花明》是与《女招待》同周问世的文艺片，如果女主角茱莉·克里斯蒂未能提名明年的奥斯卡影后，才5月就急急忙忙让人家出战以至重蹈琼·艾伦覆辙(《愤怒之上》)的狮门公司无疑要负全责。有趣的存在即重新杀回第10名的《荒野大飚客》，一方面托同门的巨无霸师弟《加勒比海盗3》的福，另一方面也不难看出美国人民对喜剧片的深切怀念——看来下周登场的“《四十岁老处男》姊妹篇”《一夜大肚》(据说媒体试映反响极佳……！)有可能要给三巨头带来一点小麻烦……。《加勒比海盗3：世界尽头》：将近3小时的特效轰炸作为小闷骚的杰克·斯派洛船长“无厘头大冒险三部曲”的最终章(同理，续集制作消息发布中……)，驱使CG大反派(的胡子)、CG大洪水、CG大乌贼等各种虚拟物件东拼西凑拿来主义而火爆全球的最终结果是……，3天零4个小时进账1.2亿＄、媒体综评52分(Yahoo为C+)。尽管不少拥趸以“第二部令人忍无可忍”为由退出死忠行列，但仍在世界各地风卷残云的《加勒比海盗3：世界尽头》依旧初战告捷。必须承认，在《蜘蛛侠3》骤然减速后被无数业界同行寄予厚望“君临2007票房榜”的海盗大船仅以“井喷”而不是“火山爆发”程度的数字浮出水面，着实令人不满——特别是在迪斯尼老大使尽浑身解数，煞费苦心地提前4小时开张、又绞尽脑汁运作在4362家院线揭幕的情况下。但想一想3小时的超常尺码，倒也在情理之中。“节奏感强劲的动作场面虽精彩，群像人物又不加梳理的故事实在不成体统”、“受《无间道风云》的影响？角色们莫名其妙地反复中、变卦中……”、“CG技术无以伦比，过剩的故事却不小心扼杀了一定程度的乐趣”、“场面调度呈混乱状态，但这正是久违的海盗世界观，亲切！”、“视听效果高山仰止，但也没必要耗170分钟吧？”、“新增人物不少，可惜是铁打的杰克、流水的海盗王”、“新鲜感已消失，后三部曲想再打着系列的幌子抢钱恐怕不易”……，各方均在肯定其娱乐性的基础上提出质疑，所谓正反两论。简单说说“更新阵亡将士纪念日新纪录”已势在必行的《加勒比海盗3：世界尽头》的票房前景。个人当初预测的3.8亿＄可能要向下修正(一时兴起说《蜘蛛侠3》的北美收成没准会有4.1亿＄，真是自作自受，>_<！），既然坚挺莫如CG动画的《怪物史莱克3》尚在劲敌的逆风中栽了大跟头，迪斯尼惯常的长线营销手腕恐怕也未必能确保《加勒比海盗3》下星期勇猛地将跌幅控制在40%以内吧……。但毕竟是1亿＄开局的超大作，最终数字的3亿＄底限应不至不保，也许在最后关头会与《蜘蛛侠3》展开焦灼的拉锯战吧。奥斯卡战线：《红辣椒》去年一度报名参赛奥斯卡最佳动画长片奖又传闻退出的《红辣椒》(パプリカ)，本周在北美的2家影院点映，收入36000＄，作为日本国内公认“宫崎骏接班人”的金敏导演在大洋彼岸的初次亮相(已在东瀛方面热映)，成绩基本令人满意。该片本欲狙击去年的奥斯卡最佳动画长片小金人，但碍于“CG乱世”而修正发行轨道转战今夏。延期的结局难得地令人欣慰，81分的媒体综评(约B+)无疑是媒体对动画片久违的追捧。“创造力仿佛要从银幕上涌出来”、“将宫崎氏‘渺小人类／宏伟自然’的世界观，巧妙转化为‘渺小现实社会／宏伟精神世界’的点题设定”、“不愧是给大人看的日本动画，隔三差五便送出一位优等生来警示《别惹蚂蚁》、《疯狂农场》之流有多么不堪”、“如果《红辣椒》去年亮相，《妖怪屋》的奥斯卡提名毫无疑问将被其取代”……，《新闻周刊》、《纽约客》、《纽约时报》、《首映》、《纽约每日新闻》等权威机构一律满分馈赠，连以对海外动画苛责而闻名的《好莱坞报道者》都大方地出示B+。《千年女优》、《东京教父》等优质作品连发的今导，不仅已在日本本土功成名就，更俘获了包括汤姆·汉克斯在内的一大批好莱坞明星粉丝——甚至与黑泽明大师的粉丝斯皮尔伯格和卢卡斯的级别相去不远——长此以往，早晚进账小金人。不过，在去年已报名参赛的《红辣椒》，今年是否还会被学院确认有资格入围须打上一个大问号(依我看八成没戏，虽说日本国内媒体颇为乐观……)。《拜见罗宾逊一家》与《怪物史莱克3》相继毁誉参半，《邪恶新世界》等辈又无颜登大雅之堂，除皮克斯的《料理鼠王》几乎稳拿提名外，明年的奥斯卡最佳动画长片奖还真是扑朔迷离。本周新片：《千疮百孔》《驱魔人》的威廉·弗雷德金导演沉寂多年重出江湖的异色恐怖片《千疮百孔》，将被虐的犯人之妻与神秘的迷样情人放置于狭小肮脏的汽车旅馆幽闭空间，又成功引入真相不明的“虫”潜进人体控制精神，可谓炒作至极——难怪狮门影业面对这样一部恐怖片，竟放胆采取前年发行《撞车》的“5月策略”。以《旧金山纪事报》的满分为首，《芝加哥太阳报》、《波士顿环球报》、《娱乐周刊》等权威杂志纷纷上竖大拇指：“不安的空气中弥散着杀气”、“爱者极爱、恨者极恨的又一部惊吓邪典”、“奥斯卡最佳导演弗雷德金前辈在梦游多年之后终于大师归位”、“将幽闭空间、寄生物一网打尽的高明剧本令人充分体味到战栗的欢愉”……。阿什莉·贾德、迈克尔·珊农等一干演员奉献了精彩的群像演技，其中尤以因精神失调而久违大银幕的“昔日惊悚女皇”阿什莉·贾德最受瞩目。与汤迷·李·琼斯共演的犯罪精品《双重阴谋》已然昨日黄花，几年前尝试进军文艺领域的《小可爱》又无人问津，此番回归传统项目，仿佛带有某种企图心一般……。总之，预祝贾德阿姨好运！下周预告1、拿未婚先孕开涮的性喜剧《一夜大肚》(Knocked Up)；2、双重人格的犯罪心理惊悚片《布鲁克斯先生》(Mr. Brooks)；3、“美利坚铿锵玫瑰”《足球女将》(Gracie)。毕成功(blog)/文,2,8,0.6770070791244507
好莱坞看好续集 《X战警》外篇《金刚狼》诞生《金刚狼》已进入前期制作，《X战警》的另一部外篇《万磁王》也已排进档期。好莱坞卖座大片的一贯作风———“续集模式”正在上演，《蜘蛛侠》系列还将继续，《星际迷航记11》即将上映……到底还有多少部“续集”或者“外篇”才会看到终点呢？早报记者 张悦 实习生 吉慧琴曾因执导《黑帮暴徒》获奥斯卡最佳外语片奖的南非导演加文·胡德将正式投入好莱坞商业片的怀抱，他将着手执导20世纪福克斯出品的《X战警》外篇———《金刚狼》。据悉，该片仍将由《X战警》中的主角“金刚狼”的扮演者休·杰克曼主演，并由惊奇影业制作。这部由大卫·本尼弗编写的剧本主要讲述“金刚狼”诞生的故事。“金刚狼”是《X战警》系列漫画中最受欢迎的角色。由于基因突变，他瞬间具有了刀枪不入的超能力。而且经过手术后，他的颅骨由金属连接，击打不碎，手臂上还有两只可伸缩的螯。2005年，胡德凭借《黑帮暴徒》拿下当年奥斯卡的最佳外语片奖，之后得到了好莱坞大制片厂的关注。近日，胡德刚完成新线电影公司的政治惊悚片《Rendi-tion》，该片由《律政俏佳人》的主演里斯·威瑟斯庞和曾在《断背山》中有不俗表现的杰克·吉伦哈尔出演。◇链接“生生不息”的续集电影除了《X战警》的外篇《金刚狼》已进入前期制作外，另一部《X战警》外篇《万磁王》也已排进档期。据悉，曾在《X战警》三部曲中饰演“万磁王”一角的伊恩·麦凯伦还将继续出演这个角色。好莱坞卖座大片的一贯作风———“续集模式”正在上演，《蜘蛛侠》系列还将继续，《星际迷航记11》即将上映……到底多少部续集才会看到终点呢？市场需求决定一切。的确如此，观众需要，续集就应该存在。据统计，截至今年8月底，夏季档共有14部续集大片先后上映。先前的《蜘蛛侠3》、《怪物史莱克3》、《加勒比海盗3》都是重量级“票房炸弹”，因此正在热映的《变形金刚》传出要开拍续集的消息，听起来也十分合理。让我们看看接下来还将有哪些“续集”问世：今年10月，系列恐怖片《电锯惊魂》的第四部就将上映；明年，史泰龙出演的《第一滴血4：毒蛇之眼》也会和影迷们见面；阔别大银幕14年的《夺宝奇兵》的第四部正在紧张拍摄中；不久前定下导演人选的第22部《007》系列电影刚进入前期制作，其第23部系列电影也迅速定下了编剧；继今年亮相的《13罗汉》之后，续集《14罗汉》也在酝酿中；将于8月3日上映的《谍影重重3》根据同名小说改编，目前，小说的作者准备再次操刀续写两部小说；另据业内人士透露，《怪物史莱克4》计划于2010年上映，随后，《怪物史莱克5》也将开拍。尽管目前《加勒比海盗》没有续拍的计划，但是主演强尼·德普表示将时刻准备接下新任务。索尼公司也很肯定地说《蜘蛛侠》会重返大银幕，尽管其导演萨姆·雷米以及主演托比·马圭尔对此热情并不高。雷米说：“我知道还会有《蜘蛛侠4、5、6》但我决不会是这些影片的编剧。”不过雷米倒很乐意执导另一部电影的续篇———《指环王前传：霍比特人》。,2,8,0.9941309094429016
《木乃伊III》揭秘：“玩”出来的大型商业电影1999年，好莱坞二线导演斯蒂芬·索莫斯第一次执掌“大局”，联合世界电影特效大师乔治·卢卡斯(《星球大战》导演)旗下的“工业光魔”电脑特技公司，拍出特效至上、神出鬼没的《木乃伊I》，“古埃及风情+木乃伊千古之谜+好莱坞特效”这三板斧令该片在全球狂捞4亿美金。两年后环球电影公司趁热打铁推出了更神鬼莫测的《木乃伊II》，又在全球轻松卷走4亿美金。出乎意料的是，续集中新增的大反派“蝎子王”出人意料广受欢迎，于是又由他衍生出所谓的《木乃伊前传——蝎子王》。尽管该片票房差强人意，但投资较小，所以仍为老板赚了一亿有余，可见“木乃伊”这一品牌就像斯皮尔伯格的经典探险片“《印第安纳·琼斯》系列”一样可以继续复制、升级、重装上阵，直到把大家看吐为止。这就是商业至上的“好莱坞法则”。一个愿打，一个愿挨。有钱不赚是孙子。最新一集的《木乃伊III》又将卷土重来了，这一次，穷尽脑汁的好莱坞创意人员将“魔掌”伸向了咱国，瞄准了与“金字塔+木乃伊”同样吸引全球眼球、同为千古之谜的“秦皇陵+兵马俑”，并将李连杰(blog)、杨紫琼、黄秋生(听歌)、梁洛诗等众多华语巨星新秀招至麾下，在中华大地掀起好莱坞版本的“古今大战秦俑情”。可以说，《木乃伊III》此番劲吹“中国风”，甚至将上映日期推后到了2008年奥运前夕，届时全球“东望”，如此良机，精明到死的好莱坞又岂肯放过？本报记者日前获剧组邀请，奔赴上海车墩影城，一睹由李连杰扮演的秦王之“死”，一窥他在千年之后又从哪儿死而复生。相关导演和主演均接受了《精品》的采访。还要什么剧本？《木乃伊III》延续了前两部的“时空穿梭”与“巫咒复活”的套路。第一集已是陈芝麻烂谷子的旧事了，咱就不再赘述了，相信很多影迷对更经典的第二集记忆犹新：公元前3067年(居然还“考证”得有零有整的)，肌肉发达、骁勇善战的蝎子王在攻打埃及的战争中败下阵来，身边将士个个倒下，最后他把自己的灵魂卖给地狱之神阿努比斯，于是乌压压一大片蝎子兵听从召唤，成为他的死士，这支妖兽战队暂被凝固在时间的冰河里，每五千年复苏一次，当然，但凡他们一醒，地球人就要遭殃了，于是男女主角就又出场救世啦。《木乃伊III》的剧本几乎不用再写，简直跟第二集一模一样，只需把“蝎子王”换成“秦王”，把“蝎子战队”换成“秦俑战队”即可。从本集导演在自己的博客上透露出的“蛛丝马迹”便可猜出《木乃伊III》的来龙去脉只能是这样的：残暴无比的秦王(李连杰)杀虐无度，甚至想要“强抢民女”，没想到这个女人(杨紫琼)不一般，她会巫术，于是大施咒语，将暴君及其军队全变成灰头土脸的泥塑兵马俑封埋在地下宫殿。几千年后，某个狂热的军阀(黄秋生)将这帮千年老妖集体唤醒，又当然，但凡他们一醒，地球人就又要遭殃了，于是男女主角就又出场救世啦。难怪前两集的导演斯蒂芬·索莫斯和女主角蕾切尔·薇姿均以这一集的“剧本太烂”为由先后推掉了再度指挥和出演的机会。难怪有影评人如此评价“木乃伊系列”：欣赏《木乃伊》一定要先调整好自己的心态，无论你是多大年纪，你都要把自己调回到15岁的无知岁月。——话虽如此，可这个系列为什么还能在全球横扫票房如卷席呢？记者通过此次探班，再度验证“木乃伊”原本就无关剧本，始终拼的是大场面和特效。记者了解到，《木乃伊III》中将出现的视觉奇观包括：坠机登陆、穿越喜马拉雅山、遭遇雪人及雪崩、深入香格里拉、大战三头龙、横渡永生池、会变形的秦王及军团、天漠突围、终极大决战……还需要剧本吗？此系列的编剧真是太轻省了，三天写完，静等收钱，最近好莱坞编剧协会还上街罢工闹事儿，要求加薪抽成，真是身在福中不知福啊。所以再深想前两集的导演和女主角的此番辞职，十有八九是因为这俩人早已功成名就——前者不愁没大片拍，后者更已荣登奥斯卡最佳女配角的无上荣境，再不需要靠《木乃伊》这种有勇无谋波大无脑的电影来混个脸熟了，再演就该掉价了。至于“残留”下来的男主角布兰登·弗雷泽，近年来在好莱坞都快没人记得了，不演《木乃伊III》恐怕就没饭吃了，所以只有他继续担当“救世”重任，其实是在自救。这才堪称工业！ 剧本可以没有，美金可不能少上一毛一分。《木乃伊III》转战中国大江南北，在天漠搭下秦王及其战队在几千年前被咒语封存的宏大墓穴，旁边更有辽阔古战场和好勇斗狠的秦王的巨型头像。与精打细算捉襟见肘的国产大片相比，《木乃伊III》更大的手笔是包下了整个上海车墩影视基地，不仅将上海南京路重塑一番，更搭建起了一比一的“上海博物馆”，在摄影棚内再造了声势浩大、森然华丽的秦王宫。想想咱们的《功夫》《如果·爱》和《色·戒》吧，也都是在车墩拍的，可顶多只敢搭俩景，哪个华语剧组敢整个包圆儿啊？记者在车墩四处探寻，那哪儿都是剧组的人，重型机车、塔吊、人造光源更是随处可见。据制片人介绍，剧组成员竟达2000多人，总投资更是高达令人咋舌的一亿七千万美金。在车墩拍完以后，剧组还将开赴横店影视城的秦王宫基地出外景，导演甚至还想到西安的兵马俑博物馆实地取景，可惜咱国没给他们发“进门证”——想得美！总之记者在东游西荡的过程中心里可谓五味杂陈颇多感慨：咱中国的电影工业何时才能如此规范化规模化呢？这些拼的并不是钱，而是环境的培育和人才的培养。各个部门工种的整体素质上不去，到最后不仅浪费资金还影响质量，因为你的制作根基在那儿摆着呢，你又能盖起多高的楼？稍后记者在采访李连杰时，他作为对好莱坞体制和华语体制都再熟悉不过的“双重亲验者”，亦表示出相同的担忧：“《木乃伊III》剧组光化妆师就有三百人，但咱们华语电影经常拍到一半就找不到人了。所以我一直觉得必须要加强中国的电影工业。我一直想提倡办一所中国电影技术学校，它不像电影学院和中戏那样专门培养导演和演员，而是培养服装化妆道具等各个技术人员，他们在短时间内就能学到切实的技术，快速致用，否则我们国产电影的大多数人员都是身兼数职，无论你懂不懂会不会，摊上你就是你了。”李连杰进而对比举例说：“就拿洛杉矶来说，就那么一个城市，从事电影工业的人员就有十几万人，这些人有专门负责剧组的车辆停放的，因为大的剧组动辄就有七八百部车，到了现场怎么停放？这些方方面面都是需要专人来管的。咱们根本没有如此完善的制度，更不用说像人家建一个两三千人的剧组了。”是否值得期待？记者转悠完毕，进入搭建的重要内景“秦王宫”内观看李连杰与杨紫琼的一场“生死大戏”。秦王宫内，铺满青铜(当然由化工材料替代，但视感、触感均莫辨真假)，各种祭器、兵刃、图腾、塑像全都几可乱真。相比之下，记者曾在《黄金甲(blog)》拍摄现场所见的“满窗琉璃”，真可谓伪劣产品了。未几大戏登场——所谓“大戏”，不过是李连杰扮演的秦王一刀捅死杨紫琼扮演的女巫，咬牙切齿地对她说道：“你去地府吧！”尔后秦王忽然惊觉脸上渗出水来，慌张乱摸，登时满面乌黑，他极度惊骇，仓皇逃窜。——原来女巫死前已对他施咒，那满面泥水就是咒语显灵的标志，当然拍摄时只是简单化妆，更重要的工作需要在后期用电脑对李连杰的脸部进行一番完美的“描眉画眼”。李连杰介绍说：“后期特效会把秦王由人变成兵马俑的过程分解为泥人阶段、火烧阶段、风干阶段、成俑阶段和封沉阶段，至于更刺激的‘秦王变形’，就更全要依赖特技了。”新任导演罗布·科恩拍着自己的光头对记者笑着说：“你现在看到的情景跟最终在电影里出现的情景会完全不同，现在你看不到飞腾的龙、复活的兵马俑、效果超强的爆炸……想想上一集里的‘水墙追气球’和‘人头蝎子身’吧，你在现场一样看不到。”但问题是，上一集拍摄于2001年，当时全球绝大多数观众仍痴迷于电脑特效所营造出的非人间幻境，可如今《指环王》、《金刚》、《变形金刚》都摧枯拉朽般地逐一亮相了，“木乃伊”系列那谈不上有多出众的视效又有何强？更何况这位罗布·科恩老兄此前拍过的《极限特工II》和《绝密飞行》都是了无新意、不尴不尬的“巨型弱片”？能否拍好中国？ 拍完上述戏份，李连杰顶着剧中头套，拿掉胡子，换上一身运动服，接受我们的采访。记者最关心的问题是——自《霍元甲》以后，李连杰一直宣称自己不会再拍动作片，但“事与愿违”的是，从《投名状》(blog)到《功夫之王》，再到这部《木乃伊III》，无论是华语大片还是好莱坞制作，李连杰仍是一路打来，越打越“怪力乱神”。李连杰笑着解释道：“之所以接《木乃伊III》，是因为我跟导演是很多年的好朋友，同时我跟环球电影公司也是老朋友，所以大家就都说一起玩一次吧，另外片酬也合理，我演起来也不用费什么力气，那干吗不玩一玩呢？”说到片酬，记者一路追问实数，李连杰都笑而不答。记者又问李连杰在片中的动作戏份是否都是亲身上阵？李连杰爽快地说：“我要是不打，他们找我干吗？！”记者转而质疑李连杰所扮演的秦王到底有没有历史依据？他到底是哪一个秦王？李连杰顿时哈哈大笑：“《木乃伊》是大型好莱坞商业电影，所谓的背景和年代都是虚化的，但原型肯定是有的，你想想那个年代的皇帝，他的所作所为你肯定比我清楚。另外这个片子之所以选在奥运之前一个礼拜上映，也是出于商业角度的考虑——总之这个电影就是商业！商业！商业！”一连三个“商业”，让记者更加明白《木乃伊III》最终会是一部什么电影。——它是“玩”出来的“大型商业电影”。——只希望里面的“中国元素”能不跑调不臆想不搞笑，只希望李连杰能打得精彩……如果这两点首先做到了，便希望它能锦上添花，目不暇接，再续辉煌，全球大卖。,2,8,0.794698178768158
《人鬼情未了》男主角穷困时曾与九人同住一屋身患胰腺癌的《人鬼情未了()》男主角帕特里克·斯威兹日前被证实病情稳定，但是他患病的消息仍旧引起演艺界震动。《纽约邮报》发表文章回忆帕特里克·斯威兹在纽约打拼时候的窘境，他曾经和其他八个人挤在一居室里，结婚的时候要为住房担忧。帕特里克·斯威兹的老友辛迪·亚当撰写文章说：“我很怀念我们在1986年首次见面的情景，他被一家电影公司请到纽约，那时候他总是在说自己艰难的生活。”当年帕特里克·斯威兹和其他八人挤在一间房租250美元的一居室里，这间房子总是有老鼠，他演戏之余，还要去贺卡店打工维持生计。直到帕特里克·斯威兹和妻子丽莎结婚，终于有了自己的房子。“虽然他成名之后还重新拜访过那间老鼠出没的房子，房子还是老样子，帕特里克·斯威兹却不是，那时候他已经有了豪华轿车，让我深受触动的是他对我说的那番话。”——“我感觉自己像条风干的牛肉，我总是像个大人物那样谈论自己，我可以自吹自擂，但谁又知道成功让我感觉害怕，到处都是恐惧、疼痛、艰难，前途并非一片光明，我的朋友离我而去，我经历了很长一段时间才重新信任别人。”帕特里克·斯威兹说，“当时我一直在想，有没有什么人愿意指引我呢？”竞报记者 张暄,2,8,0.7293812036514282
《蝙蝠侠6》是否引进仍未知 希斯成为看点(图)2005年，《蝙蝠侠5：侠影之谜》曾实现中国内地与北美同步公映。当时，主要配角摩根·弗里曼还出席了在上海举行的内地首映活动。但《蝙蝠侠6：黑夜之神》是否能同步上映，甚至是否会在内地公映，暂时还是个未知数。据早报记者昨日从影片的出品方华纳公司内地办事处的赵小姐处获悉，由于影片的成片还没有完成，公司方面还没有启动该片的引进程序。“我们当然希望有机会引进，但现在都还不知道。要等美国方面的成片出来后，才计划送审的事宜。” 探班[蝙蝠侠之死]一个阴沉的午后，密歇根州湖旁，一座了无生气的写字楼顶，一位替身演员身着蝙蝠侠那身著名的黑色披风，吊着威亚升至半空中，然后突然砸向“哥谭市政大楼”的玻璃幕墙。定睛一看，这位“蝙蝠侠”的颈间套着绳索，一把匕首深深插入心脏。这一幕的意义很明显：蝙蝠侠死了。 这是《蝙蝠侠6：黑夜之神》的片场，冒着雨，导演克里斯(听歌)托弗·诺兰一丝不苟地在片场指挥。你一定想象不到，一部耗资1.8亿美元、在好几个国家取景、涉及工作人员无数的超级英雄电影，居然不在摄影棚借助高科技的数码技术拍摄，而是用这样原始的手段在室外依靠自然天气条件拍摄。诺兰相信，自然的天气情况无法“造假”。他也不愿意找个副导演代劳，片中的每个镜头，他都亲力亲为，永远站在与他合作多年的摄影师沃利·费斯特身旁。在别的电影剧组，大牌明星一完成自己的戏份，准马上跑回自己的拖车去休息待命，但在这里，加里·奥德曼却在雨中瑟瑟发抖地与工作人员站在一起，互相开玩笑取暖。 该片即将于7月18日上映，尽管是商业大片，却有剧情、有角色，还有动作。“蝙蝠侠出现在哥谭市是为了对抗恶势力，但就是因为有了蝙蝠侠，更多的坏人、罪犯也被吸引到哥谭市来。”诺兰说，“蝙蝠侠的行动，最终会引发什么后果？这让故事和角色多了一抹黑暗的元素。”在克里斯琴·贝尔看来，曾经试图“终结罪恶”的蝙蝠侠变得越来越孤独，“随着事情的进展，他身上的负担更重，这个年轻人有不凡的能力，却因此日益负担累累，他开始意识到把握、利用他的超能力，比得到超能力要难得多。” 导演克里斯托弗·诺兰 背景独立电影俊才“复活”蝙蝠侠37岁的克里斯托弗·诺兰，从影历史并不算长。1998年，他花6000美元和弟弟乔纳森一起用16毫米黑白胶片拍摄了处女作《跟踪》，个人风格初显。2000年，他执导了颠覆叙事结构的电影《记忆碎片》，故事灵感来自乔纳森的一个梦，由盖·皮尔斯主演，成本仅500万美元。此片令这位年轻的英国导演一鸣惊人。2002年，他得到索德伯格的任命，接拍了由阿尔·帕西诺、希拉里·斯旺克、罗宾·威廉姆斯等主演的《失眠》，该片成本为5000万美元。他还曾接到《飞行家》的剧本，不过后来被马丁·斯科塞斯捷足先登。 1997年，乔尔·舒马赫执导的《蝙蝠侠与罗宾》令“蝙蝠侠”名誉扫地，克鲁尼那身紧身衣造型成为影坛一大笑柄。“要是拍电影的人对自己的电影都不认真对待，我们看电影的人又何必拿它当一回事？”提起《蝙蝠侠与罗宾》失败的例子，诺兰总结道。尽管让一位对执导大片经验非常有限的导演扛起令这部系列大片起死回生的重任，风险可想而知，但制片方的当务之急是要找回那批已经流失了的“蝙蝠侠”影迷。于是，诺兰用《蝙蝠侠》过去的影像资料，剪成了一段45分钟的片花交给华纳兄弟，当场就得到了总裁亚伦·霍尔的首肯，得到了执导《蝙蝠侠》续集的任命。“他不但拥有继续这个传奇故事的热情，还让我们确信他的故事既有分量又可信。”华纳兄弟影业的二把手杰夫·罗宾诺夫说，他之前还曾试图邀请诺兰执导《特洛伊()》，但诺兰却流露出对《蝙蝠侠》的兴趣。,2,8,0.8458575010299683
派拉蒙与梦工厂决定《变形金刚2》6月2日开机近日，多名目击者在洛杉矶及周边城市发现多辆《变形金刚》的车型，被标有“Slider”的拖车秘密运往某个地点，推测是续集拍摄地。令人不解的是，所有的金刚们完全曝光于公路之上，并没被遮掩上，制片方难道在借此宣传新片的拍摄吗？为了让《变形金刚2》赶在2009年6月29日顺利上映，派拉蒙、梦工厂与迈克尔·贝决定于今年6月2日正式开机。 moviesoon/文,2,8,0.996552586555481
《蝙蝠侠：黑暗骑士》首张终版海报曝光(图)一张绝对可以令蝙蝠侠粉丝们尖叫的《蝙蝠侠：黑暗骑士》(The Dark Knight)终版海报今日华丽亮相，这张海报是在如火如荼进行着的“小丑”宣传活动中发现的。这张只是终版海报里的第一张，只呈现“蝙蝠侠”一人，燃烧的大楼炙热的光芒里，赫然展现出久违的经典蝙蝠标志，“蝙蝠侠”披着战甲，岿然挺立。《蝙蝠侠：黑暗骑士》(The Dark Knight) 由导演克里斯多夫·诺兰(Christopher Nolan)(《记忆碎片》(Memento)《蝙蝠侠：开战时刻》(Batman Begins)《魔道争锋》(The Prestige))执导，剧本由诺兰本人、《魔道争锋》编剧弟弟乔纳森·诺兰(Jonathan Nolan)还有《刀锋战士()》《蝙蝠侠：开战时刻》编剧 David S. Goyer联合执笔。本片将于今年7月18日北美上映！Moviesoon Cupidboy/文,2,8,0.9975754618644714
《变形金刚2》选择美国空军“埋骨场”为拍摄地Comingsoon的新消息称，《变形金刚2》又选定美国亚利桑那州的空军“埋骨场”(The Boneyard)作为一处拍摄地。美国空军“埋骨场”(The Boneyard)，全称为AMARC(航空维护与重建中心)，位于美国亚利桑那州南部城市图森(Tucson)，环绕于桑塔卡他里那山脉(Santa Catalina)之中，覆盖2600英亩面积，由美国空军物质指挥部掌管与整备其存放的各种航空设施。通常被俗称为“埋骨场”，是因为AMARC还承担着飞行器剩余零件的回收与使用过期机身最后处理的工作，另外从高空俯瞰这片辽阔庞大的航空设施储备场，极像尸骨遍野的战场，由此得名。目前AMARC储存了大约4200架航天飞机与许多其他种类的军用装备，它不单可以价值有效地节减税收，还可以在短时间内调度大量存放中的飞机-对停放在这里的战机采取防腐蚀与预先保存的措施，使其能在储存期间保持稳定的状态。另外，来自《空军时报》的消息，标题为“想在下一部《变形金刚》里上镜吗？”美国空军正在招募飞行员充当明年《变形金刚2》的临时演员，制片方想尽可能多地使用服役人员，并组成两队人马，分别定于今年6月2-4日、7月22-25日与7月16-17日、23日、8月22日、9月15-16日到洛杉矶参加拍摄，志愿者们必须熟悉武器与地面战斗操作，拍摄期间住宿饮食乘车费用由制片方报销。,2,8,0.996283233165741
《木乃伊3：龙帝之墓》“龙帝”版海报曝光(图)★北美上映日期 2008·8·1★将于今年暑期档上映的奇幻历险片《木乃伊3：龙帝之墓》的导演罗布·科恩，在电影官方博客上发布了本片的先行版海报，海报中主打李连杰的“龙帝”造型，极为诡异。,2,8,0.9758406281471252
盖-里奇翻新《福尔摩斯》 推理探案变动作冒险当“福尔摩斯”遇上“两杆老烟枪”会怎样？答案还要问英国导演盖·里奇（Guy Ritchie），因为他最近已经接手为华纳兄弟执导一部新版的《福尔摩斯》，而且这次将和以往影视作品里的福尔摩斯很不一样。夏洛克·福尔摩斯（又译歇洛克·福尔摩斯）是英国小说家阿瑟·柯南·道尔（Arthur Conan Doyle）在19世纪末创作的一系列破案侦探题材故事的主人公，他头脑冷静、观察力敏锐，推理能力更是无人能及。此外他经常拿着烟斗与手杖，旁边总少不了好朋友华生医生。福尔摩斯是世界上被搬上银幕或荧屏次数最多的文学形象，诞生至今，已经有超过75名不同的演员曾在约200部电视或电影中演绎过这一角色，其中包括克里斯托弗·李、巴兹尔·拉思伯恩、威廉·吉列、杰雷米·布雷特等等。这次华纳的新版《福尔摩斯》（Sherlock Holmes）将根据莱昂纳尔·威格拉姆（Lionel Wigram）即将上市的同名漫画改编，在这部漫画中福尔摩斯丢掉了维多利亚时代的沉闷，成为一个击剑高手，赤手空拳制服罪犯，而故事也从推理破案变成了以动作冒险为主。编译：尼莫,2,8,0.6754364371299744
历代蝙蝠侠排座次 贝尔最高分克鲁尼最差(图)声明：新浪网独家稿件，转载请注明出处。,2,0,0.9358706474304199
《X档案：我要相信》北美首映 挑战《蝙蝠侠》在众多“《X档案》迷”的翘首企盼下，《X档案：我要相信》前日在洛杉矶侏罗纪科技博物馆举行了盛大的首映礼。除导演克里斯·卡特尔、男主角大卫·杜楚尼和身怀六甲的女主角吉莲·安德森外，华裔女星白灵(blog)，德国女演员黛安·克鲁格等明星也前去捧场。杜楚尼对于《X档案：我要相信》在异形、怪兽、外星生物林立的侏罗纪科技博物馆举办首映礼显得非常兴奋，“这些东西看上去就像是真的，跟电影的氛围很合拍”。该片于今日起在北美公映。早报记者 程晓筠 编译《X档案》剧集于1993年9月在福斯电视网首播，在播出了9季之后于2002年5月落幕。该剧讲述莫德和斯卡琳两位FBI探员接连破获无法解释的超自然现象案件，世界各地众多的《X档案》忠实观众自称为“X党”。1998年推出的《X档案》电影版在全球取得了1.89亿美元的票房佳绩。《X档案：我要相信》在《蝙蝠侠6：黑夜之神》打破票房纪录之后首映，票房压力不言而喻。不过，两位主角对于票房前景并不担心，扮演斯卡琳的吉莲·安德森说：“我们有众多支持者，所要做的就是把自己的事做好，而不是先去设定一个总的期待。如果我们(在票房上)够幸运，那真是太棒了。因为这意味着将来有更多的机会再拍其他《X档案》系列的电影。”而大卫·杜楚尼则风趣地表示：“当我们为《X档案》第一部电影做宣传时，我们试图让人们相信即使你对《X档案》一无所知，也能看懂电影，当然那是胡扯(影片与第四、第五季有关)。不过，这次我们绝对没有再耍花招。《X档案：我要相信》是一部独立于剧集的精彩的科幻电影。”,2,8,0.9879533052444458
低调而神秘的富豪低调而神秘的富豪一位辽阳媒体人对记者说：“刘忠田为人低调，而且不涉黑，不像袁宝?。”对于外界，忠旺集团非常神秘。在忠旺集团总部院里，有一座据称比厦门远华案中著名的“红楼”还豪华的小楼，专门招待来参观视察的领导。而占地18万平方米的忠旺集团内部，就像是一个微缩社会，吃穿住行都不用出门，外来者则须经过重重关卡，才能进入。辽宁的媒体和中央媒体驻辽宁记者站的记者，几乎都没有采访刘忠田的机会，许多记者都遭遇过被拒之门外的尴尬。忠旺集团一位员工告诉记者：“近期不用到集团来采访了，现在一切外来车辆和外来人员都不让进大门。” 刘忠田的低调，使人们对其产生了两种截然相反的印象，一种是认为他人很好，很随和；另一种则认为他很“牛”，而且是牛得不得了的那种。辽宁省某厅的一位官员就说，有一次，厅里组织本地媒体和外地媒体记者去采访，到了忠旺集团的大门口，保安连门都不让进，打了个电话，就说老板不在，无法接待。但没多久，这位官员就看到刘忠田的轿车驶出大门，扬长而去。对辽阳本地的官员，他也常常不买账。2007年时，辽阳一位官员带着一个急需贷款的企业主，到忠旺集团去请求帮忙担保，虽然来者以近乎哀求的口气保证说“对忠旺集团的担保会付出较高的利息”，但刘忠田未予理睬。但一位辽阳媒体人士以敬佩的口气说，刘忠田这人非常随和，也非常好心。他举例说，忠旺集团起家于徐家村，刘忠田这么多年一直对乡亲们非常好，给村民发米、面、油，对贫困户都是给上万元的现金。记者询问几位忠旺集团的员工对企业的印象，都说感觉像是在国企上班一样，一线员工每月工资2000元左右，在当地算是中上等，福利待遇较好，只要有大一点的节日，都会发二三百元，有时还会发油、面等。刘忠田很少出外应酬，大部分时间都是在集团内的各企业、车间里面走动，看到有问题立即指出来。“非常严厉，毫不留情面，但只是就事论事。”一位曾被训斥过的员工说。年轻的高管团队港隆实业董事长刘岩比刘忠旺大两岁，两人的人生轨迹相差极大，但最后却殊途同归，成为搭档。刘岩1985年毕业于北京联合大学，毕业后曾在北京一家低压器厂任技术员。在刘忠旺创办化工厂的时候，刘岩则在澳大利亚和新西兰留学，之后到香港创业。在港隆接手威力旺之后，2004年这家合资公司又变更为辽宁忠旺集团有限公司，刘忠田任董事长，刘岩则任副董事长。不过，据上市招股书，刘岩作为港方出资人和副董事长，并未进入董事局。一位忠旺集团的工作人员说，忠旺集团的负责人，就是刘忠田和刘忠锁兄弟，另一位执行董事勾喜辉负责管理日常业务，而“二把手”执行董事路长青，则专门负责上市事宜。勾喜辉与路长青都有专业背景，勾喜辉今年42岁，曾任长春市起重机厂工程师，后来到辽宁工作，从事铝型材模具设计，并进入忠旺集团任副总经理。刘忠田一向不抛头露面，即使是在路演和招股的过程中，也是由执行董事兼副总裁路长青代言，与投资者及媒体打交道。只有30多岁的路长青，是忠旺集团在2007年底从汇源果汁挖来专门筹划上市的高管，曾在投资银行工作，2003年加盟汇源，出任投资管理部总经理，后任董事会董事，在2007年2月帮助汇源果汁在香港上市。进入忠旺集团之后，路长青有了再度发挥专长的舞台，在金融危机之中，帮助忠旺集团改善了公司治理结构，引进风险投资，并成功地推动忠旺集团在香港上市。刘氏兄弟对企业的管理，几乎都是自学来的。其弟刘忠锁今年38岁，大专学历，曾担任过辽化纤维厂的供销科长，后进入忠旺集团，从辽阳福田化工有限公司经理一直做到集团总经理。一位到忠旺集团工作已经数年的员工说，平时刘氏兄弟很少在辽阳，大都到国内外的企业去考察、学习，一有好的经验、新的管理方法，就拿回到企业来试验。而集团办主任郑青山则更为年轻，仅有30岁，2001年在辽阳技术学院中文系毕业后就进入忠旺集团，主要负责企业文化建设、对外交流和党团工作，兼任集团党委副书记、纪检委副书记。(本报记者 高斌 发自辽阳),3,4,0.5073571801185608
"依诺维绅杨建伟：感慨10年发展与未来规划杨总：各位老朋友，还有很多我们认识很久的朋友，还有来自媒体的朋友大家下午好，谢谢大家这么炎热的天来到北京，来到我们公司，我感到非常高兴，今天也是一个非常特别的日子，大家早上听说有日全食，不知道有多少人看到了，我刚刚在电视上看到的。 另外,今天对于我们公司，是庆祝中国成立十周年和大家一起进行一个新系列产品的开幕会的日子，去年代表设计师讲了一下，今年派我来了，希望大家捧场。今天我跟大家聊一下我们08年产品销售总结，我会分两个产品系列，第一是我们大家所说的去年的产品，第二个是09年新的产品的系列，这两个系列进行交流之后，我会跟大家聊一下我们下一个五年，依诺维绅中国发展计划。08年大家都知道，依诺维绅的产品，说实在话我们现在的产品会觉得很杂，08年我们有一些成功的地方，也有失败的地方，我们推出了一些传统的产品。08年我们补充的是棉垫的产品系列，在中国目前还是比较时髦的，我们的产品能够明显递增的就是ISTYLE系列，还有去年超强超厚的产品，目前得到市场的认可，并且开始销售。下面我们怎么去走，这是我们09年，包括现在09年中间，2010年马上就来了，另外金融危机，全球都有一定的影响，大家的心态都有一定的变化，美国市场刚从这个月开始走向稳定，我也希望美国的市场可以回暖，毕竟说我们中国的经济和美国的经济捆绑在一起的。回顾一下我们依诺维绅的发展历史，在座的很多人对我们十年发展历程都非常的了解，我们把我们的产品如果按照功能，我们依诺维绅是强调做功能，我们总结为四代产品，大家都知道，这个LOGO，我估计有十年的经销商，这就是十年前在中国我们做市场推广时候做的LOGO-THE NATUAL CHOICE，最早的是棉垫系列，1999年的年初进入中国销售，大家看到这款产品应该非常熟悉，这款产品是1978年设计的，到现在还是非常畅销的产品，进行工艺非常的简单。图为LOGO-THE NATUAL CHOICE    第二个产品大家知道欧姆沙发，这两款产品到现在到处都是，原创都来自于依诺维绅，后来到迷你沙发，如果把这个总结的话，这是我们第一代功能产品，当时卖的就是简单的沙发床，只不过产品质量和设计上有所突破而已。    生在中国必须适应中国的国情，我们以前一直用的是依诺维绅的英国的商标，但是在国际市场上必须适合国情。这是大家了解的产品，我们的设计师在餐巾纸上画了这个产品，这就诞生了纸沙发，这是全球工艺的创新，包括斯莱沙发，还有舒派沙发，这三个功能是第二代产品典型的代表，但是舒适性上明显提高。    第三代产品我们是基本往更高端走的，第三代产品增加了功能，开始进入了客厅产品，大家知道我们05年在798拍了一些产品目录，刚开始的时候市场是不错的，但是今天回头总结的话，我们发现当时的产品背离我们公司的强项，所以我们今天最终选择放弃了这个产品。    针对客厅研发的就是欧斯沙发，卡斯这样的，基本是初期的功能沙发，可以进入客厅的演变，还有我们今年初的科博，还有斯利带有扶手的沙发，这是我们第三代带有功能的产品。    第四代产品是功能客厅和休闲客厅，因为做了多少年依诺维绅的沙发，我们说消费者买依诺维绅的产品，下面是客厅和卧室。而我们第四代产品争做第一选择，还有我们出了第四代功能产品，这个是休闲斯浪，进身非常大。图为功能客厅和休闲客厅    还有超舒适的比特，比特的销售在明显的上升，而且舒适度非常高，他的销售面积目前很高，还有我们说的朗格等等，这些沙发由于价格比较贵，在消费者接触的初期是比较难的，但是我们从市场的收入和反馈，目前第四代功能性的产品，已经开始得到市场的认可，因为你掏一二三的价格，买的产品是一样的，这是我们依诺维绅的目标，这个目标需要慢慢的实现。    还有浪合这款产品，我们做的是品牌的设计，这个产品在丹麦的家居品种里面功能上是超前的。还有新动感系列，这是2001年的产品改型的。    第四代新功能产品出来大家发现，像这款艾维特，功能的展示和方式和以前都是不一样的，像艾维特，莫泰，这些沙发都是标准的沙发，也展示出了沙发床，并且舒适性非常高。这款产品有90和1.4米的，90厘米的不占用书房的空间。    09年到2010年的BOHEMIAN系列，也是我们目前销售的主题，我们也想把沙发床这个系列做大做强，第二个做的是延伸我们的产品强项，这个需要很长的时间奋斗，也需要市场的认可。    另外我们今年在这个系列产品当中做了比较大的改变，增加了不同的产品选择，不同的价位，这类型的也比较多，增加了我们产品系列的竞争能力，第二个是去年大家知道我们的客厅销售最多的面料是花纹面料，今年我们在花纹面料上做了很大的工作，我们大家看到我们的报纸上有设计师写的话，我们感觉非常的吃惊，所以我们今年开发的面料比较多，根据我们功能客厅开发的做了很多的小产品推介，还有细化我们的消费要求。    关于 BOHEMIAN新面料，我们开发了丝绸、亚麻，还有纯毛料，还有真皮，以前做过很成功下面我们会做真毛料和真皮，陆续的产品开发有一个前提，每年都受限的，我们的新产品会陆续的推出，像以前受制于一年开发期限。这些面料都是设计师通过中国的文化灵感做的，我不知道大家对这款面料认识不认识，这个看到我们评估中国最传统的纹路，而且有新增的花纹。这款面料同样是餐厅里面很简单的，比较传统的中文的纹路，但是现在目前我不知道市场的反映如何，但是都是通过中国人的喜好和消费者的喜好研发制作的。新的不同的产品，大家看到的是功能客厅开发的，包括单人的沙发，还有比特单人沙发，舒适性都非常好。还有浪合单人沙发，这部分都是消费者有不同的需求，需要单人的产品。今年的茶几做了相当一部分，我们今年开发的茶几前后开发了四十款左右，但是最终选出来的实在太少了，做产品研发真的非常非常累，这款产品只是一个小茶几，大概50厘米，玻璃面也有几种选择，这是一个双层的，这是80的茶几，这是一个96的，基本上1米直径的双层的茶几。    BOHEMIAN今年的市场推广，我们引用一句话，在市场推广方面，有时候我们说不愿意做和别人一样的事情，所以我们今年会有一些创新，但是不知道市场会不会接受，今年我们选择报纸印刷，我们也是第一个做目录，因为根据你产品研发的需求，市场变化的超速发展，随时跟进，所以报纸是非常好的推广的工具，今天我们做报纸，是一个创新，也是想尝试一下市场有没有不可能的事情。店面推广基本是白色的概念，去年开始推广，很多消费者都可以接受。广告方面，1999年“时尚家居”第一期制作的时候，我们就和他们合作了，各种平面的媒体我们都尝试过了，所以我们与时尚的合作一起保留着，但是广告方面，我们采取的更多的是网络，包括百度的词汇搜索，谷歌，新浪、等广告的宣传，这些广告可以找到我们最终的消费者。还有我们联合当地的经销商进行当地的广告合作，我们想刺激消费者在网上下载我们的目录，去年下载差不多1万本，我们我们不知道能有多少本到我们的消费者手中，第二个印这个目录达到什么样的目的，我们今天更希望消费者在我们的网站上下载这个目录，去年超过1万本，如果今年超过2万本，对于我们厂家成本是比较节省的，但是需要推广我们的网络。这个产品从白色界面推出目前是两年的时间，我们今年的重点也是依诺维绅全球的重点，就是这个产品系列，我们目前在全世界推广的，包括欧洲、美国也好，都是核心产品，去年的营业额我们希望每年有20-30%的递增，我们的受众年龄是25岁到45岁之间，另外产品随着市场的需求，我们会一点一点的研发，你要一下子推出很多产品让市场接受不了的时候，你会很失败的，所以我们会慢慢的完善这些产品，我们会丰富产品系列，特别是消费者要求方面。如果我对大家说一下我们产品的总结，我们1999年推出这块，大家看到这边，在我们的用户也好，我们的产品目录也好，我们只是满足部分消费者，我们只关注消费者，我们从来不提我们的竞争对手，因为竞争对手永远是跟着你屁股走的，你们要想作出你的东西，你只能往前走，因为消费者是你们的目标，这是我们BOHEMIAN LIVING系列在市场上一直生存的原因，我们也希望作为经销商，你们今天在市场上有很多的竞争，你们更大的是应该看消费者是哪些，那是你们的财富来源，而不是你们的竞争对手，你们的竞争对手打折销售也好，对你们没有好处，我们作为厂家也是这个目标，这是我们BOHEMIAN LNVING产品系列的总结。明天我们会对这个产品有详细的解释，我希望在座的各位在现有的基础上会发挥这个产品，因为这个产品的潜力对我们非常大，我们投入这么多，我们也希望把这个产品系列做的更好。    下面给大家介绍一个新的产品系列，就是依诺维绅今年做的第一个产品系列，包括我们下面还要推出另外一个产品系列，这是陆陆续续正在完成的，大家看到这个标，这是刚刚推出REBEL，翻译成中文就是“叛逆”，在座的小孩子的都知道，你说一句他顶你三句，所以我们这款产品从追求和消费都是非常不一样的，所以说REBEL这款产品基本是位年轻人设计的，它有一句话“走自己的路”这是我们REBEL产品系列的中心思想。THE NATURAL CHOICE  自然选择   1985-2001ONE ROOM LIVING     我的空间   2001-2007INNOVATION REBEL    叛逆生活   2008-2012                                 这个产品系列是从三个不同的阶段发展到今天，最早从85年到2001年的时候，那个是第一代，第二代是01年到07年的时候，今年和下面四五年，我现在写了一个叛逆生活的目标，这个是我们下下面四五年的作题，这些年我们每年的瞄准目标都是不一样的，从自然的选择，到每一个系列都是年轻三到五岁，我们大家可以看看以前的产品，这是1995年的产品封面，那个时候还是追求25岁左右的年轻人。还有97、98、99年的，这是我们当时在中国推广的第一本目录。2001年的时候开始推的感觉是更年轻了，当时所说的主题就是我的生活我的空间。还有04、05年，当时这个系列，基本到05年，这个是中国销售的最后一本在丹麦制作的目录。99年到2005年我们在中国的销售基本和丹麦是一样的，全球都是一样的，但是04、05年我们当时感觉非常深的就是我们瞄准的消费者，他的购买能力和我们产品的消费者中间相差非常大，产品的价格和我们我们瞄准的消费者完全不一样，所以我们05年开始停止采用和丹麦一样的目录，后来干了几件事情，都市生活这个系列是非常不成功的系列，后来我们又推出了一个系列，尝试不同的路，选找依诺维绅在中国的落脚点。这是都市生活当时做的，产品基本不成功，销售两年之后基本就消失了，所以价格有一定的吸引力，最终还是被市场淘汰了。我们把REBEL回归中国有几大原因，本身REBEL国际化积累的经验也好，国际的销售也好，都有非常的优势，因为我们FUTON系列销售全球第一的，另外我们看到国内的购买力明显的增加，八零后、九零后，他们的父母都花很多的钱给他们的子女购买很多的产品，把我们以前的REBEL从18岁到35岁改到现在的14岁到21岁，叛逆的年龄，我们的产品基本为这个而做的，另外我们重新定位产品价格，整个产品价格基本和当年的价格相差非常大，基本的产品定位是1200-1800元左右，但是整个产品结构和以前是完全不一样的。主要的是为了满足现在14岁到21岁之间这帮年轻小孩他们的个性需求，另外发挥我们最早推出的DIY，让年轻人选择自己喜欢的家具，目标很简单，就是说市场独一无二的家具，引领潮流。另外我们看看看消费者，这是我们在街头拍的照片，大家看看这些女孩子都有多大，我们在日本，沿路找一些女孩子说拍一些照片，拍完之后，你看最大的不超过17岁，最小的是12岁，她们穿的服装非常的新潮，大家去日本109看一下，那的年轻人非常的疯狂，穿着非常的张扬与野性。下面我讲讲REBEL系列特别的外套，有一点像服装的感觉，这个感觉是来自于每个时尚的灵感，我们也在街头拍的模特，他们的外套就形成了这种感觉，完全是一种面料的混合。这款产品，大家都知道骷髅头，这些女孩子的装饰都有很多的骷髅头，我们去的时候找到很多的灵感，然后做了沙发的外套，面料和五角星的组合，这些组合都有一定的背景，我们当时拍这些照片基本是马路上，酒吧里，迪厅里拿着相机就问别人让不让拍照片，回来都做了REBEL的系列，包括这些和平的标记，和平的爱，都有一定的原因的。这也是一款棕色的感觉，做的外套，这是我们当时做的纹身的，最早05年推出的，但是这组外套在欧洲销售非常的好，所以说这个外套我们重新拣起来，这款也是产品纹路的组合。还有一个是金属感的，我们推出的金属感觉的面料，这个是亮光系列，我们在整个REBEL里面也有，特殊的款式，我们推出的沙发加上特殊的外套，加上五角星的感觉做的。紫色是今年我们的流行色，还有尼龙的感觉，尼龙的面料在2000年初的时候比较时髦，现在又回归了，大家看到周边穿的服装，很多亮光的，所以说我们把它明显的组合在REBEL系列里面，还有灰色，灰色我们知道很多人都是这么想的，我们看到灰色的面积统计最终卖的最好的永远是很简单的灰色，所以我们今年的仿皮系列也好都是更多的用了灰色。REBEL的花色面料，大家会感觉一下有什么区别，基本都是比较年轻的，这个也是REBEL的花色面料，大家一会儿可以在展厅里面看的非常的明显的，包括这些面料都是。看完这个产品的感觉之后，我给大家总结下我们的REBEL的目标，我们瞄准的是12-21岁追求时尚的年轻人，我们要通过家居概念，不光有沙发床和小件的产品，我们会更多的留意服装和服饰，会尝试开始销售我们REBEL品牌的服装，体恤衫是最早的尝试。最后我们想最终的目的就是满足我们目标消费者他们的叛逆、野性的风格，这是整个REBEL的核心。REBEL的营销，其实大家很多人都知道，我们象卖服装一样卖REBEL，本身REBEL的店面不是很大，我们想采用多店面，小面积进行装饰，本身我们不想当做一件家具销售，我们不想和任何的家具杂志搭档，我们想在14岁到21岁之间他们喜欢的杂志当中推广REBEL，REBEL选择的是单独的品牌，单独的LOGO，唯一的最大的优势就是单位产值必须要高，另外按照我们的要求，在一类城市的开发5到8个店铺，二级城市是2到6个。REBEL的定位有几个核心化，这里面我也希望大家能够记住，我自己本身也是要求我自己，REBEL一定要走自己的路，坚持自己的独一无二的风格，创新家具时尚，争做行业先锋。这是我们REBEL回归之后将来的梦，也是我们一定能够实现的。以上是两个产品系列的介绍。我最后说几句话，我们依诺维绅下半年的目标，我们现在来中国十年的时间，1999年，2009年，我最早定的目标当时特别清楚，我们当时记得做的目标是五年实现盈利，欧洲人在中国投资是非常保守的，但是我当时说，五年必须实现五千万，最早我们在中国销售很可怜，900多万的销售额，但我们当时就收回了当年的投资，第一个目标我们达到了5000万，去年1亿多，第二个五年计划我们想把销售额翻一倍，我说我一定要完成当时进中国市场的25倍金额。我们的发展目标，如果作一个行业的发展，我们要做到最时尚，最个性的沙发品牌，永远坚持原创，这是我们依诺维绅的优势，走自己的路，迎合我们的消费者，将我们的竞争对手远远的抛在后面，依诺维绅在中国有不少的竞争对手，但是我们会永远走在他们的前头，我也希望在座的各位，因为拥有依诺维绅的品牌而感到骄傲。谢谢大家！下面不知道大家有什么问题，可以说一下，然后我们安排大家去展厅。    提问：14到21岁基本还没有购买力，你怎么想的？杨总：我们最早在丹麦的时候，我跟设计师说，小小的丹麦500万人口，每年的销售额都是5000万，都是父母给孩子买的，我们今天推出的依诺维绅系列，也是今天的中国的独特国情一定会为自己的孩子买家具，倒不是14岁到21岁的人自己掏钱买家具，但是作为父母一定可以。(展厅参观)",3,4,0.8582781553268433
做经营者先做消费者车水马龙的大街上，十字路口，红灯高悬，喇叭阵阵，开车上班的人们因堵车而心烦意乱。就在这时，一个小伙子挎着帆布包，手中拿着一沓宣传单，从路边闯入车流中，向一辆辆车的司机递去宣传单，说：“看看我们的房子吧！需要时给我打电话！” 这样的场景对于开车人来说，每天可能都会碰到好几次。不同的司机反应不尽相同，有的连忙关上车门、有的摆手表示愿接受、有的干脆冲着小伙子大声呵斥、有的甚至愤怒地将刚拿到的宣传单扔出车窗外……每当遇到这种时候，意风家具董事长温世权总是主动摇下车窗，微笑着接下宣传单，并很开心地向发传单者说一句：“谢谢！”很多人难以理解，那种自己根本不需要的宣传单为什么要接受？接受了人家的宣传单已经算很礼貌的了，为什么还要说“谢谢”？温世权解释说：“也许这个宣传单对我毫无用处，但我的接受和谢谢却给了他一份希望，他期待着那个电话真的会响起来。”希望对于人类来说多么重要，它代表着一个人事业成功的起点，传达着一个企业文化的内涵。就拿意风家具来说吧，员工开车在大街上遇到散发宣传单者之时，角色是消费者，有选择拒绝或接受的权利；站到展厅里销售家具的时候，角色就是经营者，将面对消费者的拒绝或接受。生意人只有尊重别人，才能获得别人的尊重。很多时候，经营者和消费者是相互转换的，只有学会做一个存有感恩之心的消费者，才能真正成为一个成功的企业经营者。,3,4,0.8635352849960327
储兰兰：回潮 回归 怀旧建立在变字基础上储兰兰：今天也非常高兴跟各界的精英在一起，其实大家更多的是做实业的，做实体，我做文化，我有时候想想我能给社会带来什么？就是你自己演，观众在那儿欣赏，但是你给他们的只是精神上的，或者是审美上的享受，那事实上带来不了真正解决问题的事情。但是我又想，我说精神，尤其是文化可能它就是一个导向，尤其我现在做的京剧这个行业，我跟很多陌生人接触的时候，从外表上看，说你是唱京剧的吗？我说是啊。他说你怎么唱京剧了？像这种年轻人跟文化不靠边的人为什么选择了这个行业。所以我每次解释半天。我觉得现在的说所谓今天这个主题关注城市，叫回潮，我刚才听各位老师说回潮也好，说怀旧也好，或者是回归，最后我觉得总结一个字，反正都是在变，都是变，就是事物是运动当中的，我们京剧很多人就是说，文化这个京剧，他说怎么京剧一直没变，没有改革？从样板戏以后好像大家就越来越不喜欢京剧了，觉得京剧离我们生活越来越遥远。但是事实上是在变的，只不过变的动作不一样，可能方向上有些偏差，作为我作新京剧的这个事，刚才我给专辑的时候我今天为什么带来这个专辑，说为什么叫新京剧？我可能一句话，两句话说不清楚，但是你听了就知道什么叫新京剧了。可以说京剧的是两个阶段，一个是梅兰芳时期，大家知道京剧到了鼎盛时期；还有一个时期，当然是在特殊历史背景时期下的，就是样板戏时期。我觉得现在是不是这个时期又到了？大家现在开始又关注这个，京剧开始复苏了。当我看到白先勇做青春版牡丹亭的时候，我觉得太唯美了，但是京剧还是在做大制作的东西。比如说我们每年进京有一个会演，全国各个地方，省市，哪怕市，或者是有的县都会有京剧团，有些就是有这些戏剧团体的地方，可能就是名存实亡，很多是占着事业编制，但是很多人不在单位，因为他没有戏唱，没有欣赏的团体，所以自然而然就不存在了。但是每年文化部会有一个在进京的叫精品工程奖，全省都要拿出一台戏，或者是为剧团，或者为演员争夺梅花也好，各个戏曲的大奖，但是每个剧团在我们发不下工资的时候，省里也会投入一二百万戏，然后进京演出，最后道具，服装也就烂掉了。它有没有在变？有在变。它的艺术形式可能是借鉴了多种艺术形式，比如声光电的应用，过去京剧就是大白光，很普通的光，它是以服装，以表演，我说大家都把所有的京剧，大家在欣赏京剧的时候就是演员的表演，就是把所有的精力都体现在演员上，就是服装上。但是服装是为演员服务的，现在是把这些点都分散了。其实国家大剧院这样的舞台根本不适合演京剧的，像今天的舞台还是适合演的，利于演员的表演。包括演唱上，比如说现在有一种现象叫，京剧叫话剧加唱。他说的是普通话，然后很多语言最后加上京剧的唱腔，后来还有一段时期因为电视传播力度比较大，做了一段戏曲电视剧，盛行了一段时间，大家也看过从黄梅戏开始，京剧也做了一些，比如古装戏，穿着，服饰打扮都是电视剧的形式，突然就唱起来了，就显得很怪异。当然我们事业团体做了很多对京剧这种导向，这种改革，这种选择也好，但是都没有定位。    当然梅先生那个时期，那个时候只能到戏园子看戏，是京剧盛行的时期，我们也是生不逢时，但是就是说他怎么去迎合这个市场的？我觉得观众是最有话语权的。当然现在这么多多元化的艺术形式，这种娱乐方式冲淡了这种传统文化的浓厚的观众氛围，但是我觉得京剧自身和我们从业者本身没有找准一个定位。比如说梅兰芳他四大名旦都有一个团队，就像咱们今天这个会所，我一来，我说又有传统的又有现代的，又有西方的又有东方的，整个是一个结合体。我说那你这个理念，或者从设计上得有一个很大的团队策划？应该是有的。梅兰芳那时候也有，包括梅兰芳电影上也体现了，叫梅党。程砚秋那个团队叫程党。他们每天晚上都会唱对台戏，今天梅兰芳演什么了，演嫦娥奔月了，明天程先生演所令郎，但是后天又会有新的作品出现了，两边都看着呢，就是在争取他的票房。梅先生唱一晚上可以挣下一个四合院，但是今天挣的是微不足道的。就是说把握市场对于我们京剧演员来说，从这种艺术创作来说有没有市场价值？    其实文化艺术形式也好，艺术作品也好，我觉得是应该是从市场研发开始，应该也有这么一个环节，我们恰恰没有。就是我们想一出可能我觉得还不错的东西，我们就做了，也不管这个市场需不需要。现在其实挺悲哀的，有一件事，就是什么呢？就是没有舞台去演戏。刚才王总说你什么时候演戏，我们去看一看，或者说我挺想看京剧的？我想了半天，我在哪儿演习你可以去看。我说我唱戏谁看呢？他说我看。那不能有一个观众，挺悲哀的，就是说演员需要舞台实践的，而你恰恰没有观众，没有市场。所以我说争取观众，像房地产也是，你没有业主了，你的楼卖给谁呀？说到住房环境的问题，因为我不能光说我的文化，我也得参与一下，因为我是大别山的，老家是安徽金寨的，从小就是山清水秀看多了，也感觉不到那个环境有多好，当我11岁到北京来上学，那时候沙尘暴特别厉害，95年，96年，毕业了以后上两年班，他们说到郊区玩一玩，找一个环境，有山有水的地，我说我就在那儿长大的，干吗去那儿，我说我就喜欢国贸，晚上繁华的景象，但是在前三年我开始慢慢转变了，我觉得这个城市应该远离城市，我应该到乡村去，还不如到老家去过一段时间。所以我觉得一个环境，一个氛围，包括我们演员演戏，唱戏也要一个环境和氛围。我现在最近可能第二张专辑要出来，我就在想，比如说做CD，CD就是你光给他听一个唱段，不说梅兰芳演这个会不会这样，现在老艺术家也唱这个，但是到你唱有什么区别？我觉得有的时候是需要回归的，回归什么呢？你给他制造这种音效的环境。比如说我们给他制造一种像在过去戏台子上有吆喝声，有叫好声，一个高腔耍过去，而且要叫的恰到好处。我说能不能制造这种环境和氛围，当然完全的回归是不可能的，因为我们现在在变，就是说梅兰芳先生那个时候的表演和唱腔拿到我们今天来看，其实有些东西是不美的，比如说咱们在审美的观念上产生了一定的改变，一说梅兰芳先生，我们从头到尾演贵妃醉酒，从头到尾他的眼神，他的程式都改过。但是我觉得根本的区别是什么呢？是美变了。比如说梅兰芳先生他会在过去欣赏理念上含胸，眼神和他的那种扮相上，其实看着我觉得并不是很美，那我们现在就得把胸部挺起来，这是女性美的一面，为什么不展现给大家呢？但是过去你就那么挺着觉得很难看，就是说审美在变化。反正我就觉得是变吧。,3,4,0.38364261388778687
光棍节京长两地闹市惊现11富翁征婚今年光棍节北京长沙两地繁华闹市街头同时惊现十一名身着名贵的礼服的男富翁集体征婚，在活动现场，十一光棍富翁们用举牌的形式倾诉着自己对单身现状的不满和浪漫的渴望、以及他们自己的条件。他们每人各举一个字连成标语，在完成四次标语后迅速消失于人群。11日下午三时，北京王府井和长沙黄兴路步行街口同时出现以上一幕，活动一开始，统一的穿着名贵礼服的十一名富翁们一亮相便赚足了路人的眼球，短短几分钟的时间便吸引了数百名路人驻足围观。随着活动的进行围观群众都不由自主的跟着征婚者的举牌一字一句高声读出牌上的字，“哥们要的不是寂寞是浪漫”“浪漫光棍节让寂寞滚蛋吧”，当读到这些标语之时，围观群众越来越多，交流、拍照、向征婚者打招呼等行为也开始出现，人群的热烈反响将活动气氛推到了顶峰。而现场观众的热情和征婚者的冷峻更是相映成趣，形成了光棍节闹市街头一道奇特的风景。现场围观群众王小姐在接受记者采访时就说光棍节看到这样一种浪漫有趣的事情，难得一见，特别有创意，也特别的新奇。同时也有群众表示征婚者勇气可嘉，祝福他们都能找到自己的幸福。现场有人笑称其为“钻石罗汉”，说其“钻石”是因为据称他们拥有丰厚身家，资产上千万，说其是“罗汉”不言而喻是因为他们全是清一色的光棍。这样的一群富翁走上闹市街头，进行集体征婚，自然成为了两地光棍节街头最受关注的事件。活动刚刚结束，现场的群众便议论这样一群家世显赫的富翁们，居然走上闹市进行集体征婚，感到惊讶之余，更多的是一种的不能理解，按常理说在人们的意识里，像这样的人群应该不至于会需要哗众取宠的街头征婚，那么究竟为什么会有这样的事件出现？或许从他们打出的标语中可以窥见一斑，“哥们要的不是寂寞是浪漫”、“浪漫光棍节让寂寞滚蛋吧”，他们需要的不是寂寞，而是一种浪漫的相爱。这也许是他们站出来的最主要原因。另外在活动现场一条显目标语更是引来的众人的注意和记者的特别关注。“求浪漫，有百万BOLONI厨房，管饭”这一标语的出现更是引来的无数网友的质疑，那么这次千万富翁的浪漫征婚，到底是富翁们在寂寞中的浪漫爆发，还是一种商业炒作？ 都还有待进一步的证实。,3,4,0.7796922326087952
"公益教育进入社区惠及千家万户(图)10月31日, 为了配合国家提倡安全、和谐的社会主题，由宁波市质量技术监督局、宁波市特检院、宁波雅戈尔物业服务有限公司与中国绿色电梯第一品牌-西子奥的斯电梯有限公司共同举办的“安全和谐进社区-安全乘梯公益教育活动”在宁波雅戈尔东湖花园小区拉开帷幕。该活动以寓教于乐的形式向社区儿童普及了安全乘梯常识，让更多的业主、更多的儿童了解和认识到安全乘梯的重要性。在安全教育活动现场，宁波市质量技术监督局副局长林如峰表示：“电梯作为特种设备，涉及到千家万户的安全和幸福，所以电梯的安全性和稳定性一直是质量技术监督部门的关注重点。我们希望在“质量和安全年”里营造出全社会共同关心质量安全工作的良好氛围。西子奥的斯电梯深入社区宣传安全乘梯，把安全理念带进千家万户，是一项非常有意义的举措。”宁波雅戈尔东湖花园是目前宁波市规模最大、设施最全的高尚住宅小区，总户数约3500户。小区有近百部电梯，每天电梯运行几万次。为了确保电梯的安全运行，宁波雅戈尔物业服务有限公司与西子奥的斯电梯公司协商在东湖花园小区里设立了电梯维保站，由西子奥的斯公司委派专业的电梯技术人员24小时值班，确保电梯安全。作为此次安全教育活动的协办单位，该物业公司相关人员表示，希望能提醒广大业主文明乘梯、安全乘梯，提高安全保护意识， 珍惜幸福生活。此次安全乘梯教育活动通过图解、卡通情景问答、安全知识竞赛等形式将乘梯文明、乘梯安全和遇险自救等知识生动地传递给了社区儿童，受到了家长和物业的热烈欢迎。随着高层住宅楼在现代居民小区的普及，电梯乘坐安全问题变得日益突出，由于中国居民目前电梯乘坐安全意识还相对较淡薄，正确使用电梯相关知识一直被人们漠视。各种因为电梯使用不当造成的伤害事故屡屡见诸报端。在安全和谐进社区的活动现场，西子奥的斯公司服务部部长沈健康告诉记者，作为奥的斯在中国最大的控股子公司，西子奥的斯不仅始终把安全放在第一位，向客户提供高质量的产品和卓越的服务，还同时致力于向公众宣传安全乘梯的理念，尽一个优秀企业的社会责任。“致力于‘做业主的好邻居’，秉承对业主、对公众负责的态度，我们将会把安全教育活动长期普及下去。”沈健康说到。安全教育活动现场，西子奥的斯还向小区业主分发了安全文明乘梯的宣传手册，手册以动漫的形式，将更多的安全文明使用电梯的知识带进社区，带给业主，受到了业主的积极响应和良好评价。据了解，西子奥的斯安全和谐进社区活动今年将覆盖全国多个一线城市，包括北京、杭州、上海、深圳、成都、武汉等。",3,4,0.7169241309165955
关注城市思想沙龙第二期于九朝会举行本期主题老建筑和新地标，谁更具有城市形象代表性时间：2009年4月24日地点：九朝会主持人：中国房地产报副总经理 韩炜烨 论坛嘉宾(排名不分先后)赵云伟 中国城市规划协会副秘书长王宏新 北师大房地产研究中心副主任傅 刚 美国注册建筑师、中央美术学院教授著有《都市生活》、《都市村庄》、《都市档案》梁井宇 场域建筑事务所董事、主持建筑师 王广善 北京海港房地产开发有限公司总经理刘松泉 合生创展北京公司总经理刘 江 星河湾华北区营销总监王 丹 伟业顾问客户发展中心副总经理陈 炜 博洛尼旗舰装饰装修工程(北京)有限公司总经理以下为现场实录：韩玮烨：今天是星期五，我们大家来这样一个特别有创意的一个建筑里面，聊一些我们虚无缥渺的人生理想、意识形态，聊一聊建筑，聊一聊我们应该住在什么样的城市里，应该住在什么样的房子里。这就是我们今天这样一个主题，叫“九朝会•关注城市”思想沙龙。我想就不用一一介绍各位了，刚才因为有一段时间，大家都已经非常熟悉了，很短的时间里都变成朋友了，我就留很重要的一段时间介绍一下我自己。我是中国房地产报的韩玮烨，在中房报四年一直写点大家也看不上的，关于地产金融，关于公司这方面的文章，带一些小孩，想方设法挖一些地产的黑幕，这就是我做的事情。也是借此机会结识了在座的各位，今天大家没有任何商业目的，我们感谢博洛尼陈总给大家一个舒适的东西，抛开商务的压力，聊一聊城市，因为在座的每一位都跟现在的城市发展、城市建设有关系。咱们俗套一点，还是先请我们的当家人陈总致一个开幕词。陈 炜：首先代表博洛尼和九朝会感谢各位能够来到九朝会这个地方，进行一个思想的碰撞。为什么发起这样一个活动？首先讲讲九朝会的情况，九朝会顾名思义是九个朝代聚在一起，我们这个会所希望能够打造一个文化和思想聚集的地方。我们发现，从魏晋南北朝到明朝九个朝代，贯穿了整个中国传统文化的脉络，这个脉络就是我们想提炼出来的士大夫的文化精神。士大夫作为中国传统最低的一个贵族，其实也代表了中国的文化和思想的根基，等会如果大家参观九朝会的话，会感受到这个九朝会基本上是以中国传统的文化元素为基础，而自我设计、自我提炼出来的一个充满设计和创意的一个会所。昆曲作为这个戏楼的主要一个部分，昆曲也被联合国评为世界四大非物质文化遗产之首的这样一个文化艺术，为什么会有昆曲这么优美的词句呢？其实都是文化上的精英和一些士大夫，大家坐在小桥流水边，听着自然界的声音，拍着石头想出了一些优美的词句。今天希望大家能够在一起互相畅谈理想、畅谈城市、畅谈自己的抱负，进行一个思想的碰撞。这里是一个自由的、能够自我发挥的地方，所以剩下的话题交给韩女士。韩玮烨：我就是一个抛砖头的，我往出抛砖头，大家每个人接龙，看谁接得上。在来的路上，我一直在想一个问题，这两年我也拜访了很多的城市，很多的市长在跟我说的话题，就是在我的市中心盖一个多少层高的高楼，它要作为一个地标，我要盖一个多么大的城市综合体，让它成为一个地标。我们今天的主题，也是古今中外一直关于城市和建筑话题里永远没有答案的话题，就是老建筑和新地标。我想第一个问题，也是我心中的一个疑惑，中国城市化这么多年以来，到底老建筑和新地标是不是真的这种高楼大厦、综合体才是一个城市的地标性的建筑？谁先接这个砖头？傅刚老师是我们清华大学的知名教授，傅刚老师刚和他太太成立一个建筑事务所，叫任何建筑，这个名字非常有意思。首先请您谈谈观念。傅 刚：这个题目有点大，我就说点小的，开始不太容易说得特别得深入，所以既然韩总已经点名了，我就尽力给大家暖一下场子。刚才您的问题是，是不是这些个所谓的新地标是城市，无非是助长有的一些局面，而且已经有了局面似乎在表达大家不尽满意的时候，才能想表达自己的文化，显得有学问。那么它到底是地标？我的答案，是。赵云伟：我就顺着这个话题说，其实我非常赞成傅老师的观点，因为城市要发展，城市发展了，就不能一味地守住那些旧的东西。为什么这么说？我们也不用去批评这些城市的建设者或者是决策者，可以拿国外的例子看，我们都知道，像巴黎、伦敦，这些都是世界上最有名的，一提就是古色古香传统街道的地区。那么这些地区，近二三十年的地标又是什么呢？可能每个人说到这儿，心里就有答案了。卢浮宫的金字塔、伦敦眼都是在这些地区做了当代的建筑，不管你承认与否，它都是存在的。当时定义为了建筑千年盛典，这个伦敦眼建设完了以后，政府认为只要有两年的时间就把它拆掉了，批的就是临时建筑，短期内有用途，用完之后就要拆了。但是事实证明，这些年的游客都会去那里旅游，所以不得已他们把它作为一个永久性的地标。像伦敦这个具有独特传统的城市，在泰晤士旁边这么一个核心的位置，能放这么一个伦敦眼，我觉得足够能说明问题。至少目前我们的城市管理者、城市规划者、建筑学的学者，还在中国没有这么强烈的对比实践，我们不能说谈大道理，谈个别的实践就能说明问题。起码西方的管理者，他眼睛看的是未来，而不是自己手中的传统。梁井宇：我觉得刚才开的头都是建筑师开头，我也不例外，我觉得首先我们得肯定追求这个标志性建筑的合理性。为什么呢？我们建筑师从我们自己正中下怀的角度来说，也是很对的，我们肯定每一个建筑师都希望能够做一个有意思的建筑。而且有意思的建筑有一个借口，就是标志性是有意思的一种可能。我非常赞同两位的话题，这个问题不是问题，什么是问题呢？就是如何避免我们城市里面出现的那些粗制滥造的，貌似标志性的建筑，但是破坏了城市的那些东西。怎么尽量避免，同时创造一些大家真正喜爱的，能够定义这个城市、甚至定义一个时代的那些标志物？我觉得这个可能是一个真正去谈的问题。说到更具体的这个问题，我觉得我也再引出来几个问题。是什么原因导致了那么多粗制滥造的不好的建筑物的出现，特别是近期内的中国出现了这么多。第二个问题是，如果说我们还要和老的标志物和平相处的话，实际还是要谈到一个问题，什么样的标志物具备永久性的价值。刚才也举了伦敦眼，我可以再举一个例子，为什么埃菲尔铁塔，从它建设的时候，每一个标志物都存在一个曲折的历史，当时人们都不喜欢它，到最后接受了它。荷兰的历史学家提到一个说法，你别管这个东西长得好看不好看，样子是什么样子，只要把这个东西建起来了，有足够多的时间让人们去接受，最终这些标志物都会被人们喜爱。他当时举的例子指的由于埃菲尔铁塔，我们国家有没有这样的例子。如果没有，我们在座的也有策划、开发商、建筑师，怎么样才能够和我们那些没有的标志物、或者有的标志物，能够创造真正符合城市个性、符合时代要求的价值。韩玮烨：您刚才提的这个问题，让我们想起来我们的央视大厦，应该是我们现在中国城市地标，我觉得首先要区分大城市和二三线城市，大城市对城市地标的定义，和我们的中小城市对一个地标定义的选择应该是不一样的。北京这样一个有历史文化传统的城市，原来它的地标一定是雍和宫、或者颐和园、或者是天坛，现在会很疑惑，什么是北京的地标，用什么来区分？央视大厦应该是一个地标，那么这样一个怪物，它对北京这样一个形象，有什么样的一个作用呢？可能就是您刚才问题的一个句号，这个问题谁想接一下？刘松泉：很高兴来到这么一个漂亮的场所和大家一起交流，我觉得这个问题，也是开发商的一个困惑。因为城市作为一个项目，它实际上要和城市的景观，和它周边，它们要有一个关联性。目前，我觉得北京这个地方的一个情况，还是管理部门的管理水平，第二个也是开发商的欣赏水平。因为过去一段时间，作为中国来讲，房地产发展的水平，它是一个很短暂的时间。真正把房地产作为开发、作为一个产业，它是很短暂的。那么在这个过程当中，进入的门槛没有低，大家都可以进，有块地，找个人去弄再一组合，我就很快地推向市场。而国内又确实存在强烈的刚性需求，使得大家不需要再考虑那么细致了，就是一个产品，大家更强调产品本身它的一个独特性。但是，他没有想到它成为一个车时的景观。大家没有想到，所有的人，住它的人、不住它的人，都有一个欣赏的问题。但是谁是一个决定者？谁来去审批它呢？咱们现在的房地产，实际上是有管理的，包括我觉得在高度问题、外立面的问题，材料的选择问题，它都是一个影响城市景观的一个方面。至于室内的平面，没人管你。所以，很多人在这方面，因为他不成熟、他不专业，所以他会想着怎么样能够批下来，获得这样一个投入、产出，带来经济效益。所以，我觉得往往是从个体上考虑问题，管理者也是从个体的角度考虑问题，他不会去考虑周边的关系问题。实际上咱们现在看到北京的很多地方，对整个城市的文明，咱们就说幸福大街这块，本来是什么样的城市的建筑群，突然冒出很高的一个东西搁在那。但是我发现，如果跟上海比较起来的话，上海的整个城市建筑和它的风貌，给人一个城市新兴的这样一个国际化的都市的感觉不一样。因为前多少年我去上海，到松江去，松江的一个规划局长就是一个博士，而且是从国外回来的博士，所有的城市规划要进行整个一个国际化的招标，就是城市规划招标。然后任何一个单体要进行深化的时候，符合我这个规划的时候，还要进行再一轮的深化。所以，我觉得这叫经营城市，不是做一个单体，它是在城市这个整体上。当然刚才谈到老建筑、新建筑的一个地标性，我认为实际上作为一个城市，它应该有一个地标性，老建筑和新建筑同样都需要，因为这是城市赋予了它一个东西。但是，房地产的开发，实际上它是一个地域性的东西，所以，它的整个建筑的风格、它的整个区域的规划、项目的规划，应该有它的特点。当然你说陈希同时代的时候，强调一个什么帽子，它也是想等于是把传统的东西给机械地去做，实际上就造成了不伦不类。所以我想这个事我们先从城市规划的管理者的角度，怎么去反思这个问题，所有的问题都是从这里出来的。建筑是没有责任的，我要标新立异，我要展示我的整个文化，我要去得到发展商的认可，我要去挣这个钱，商业模式，它只是个演员，但是谁来批准它这个舞台，谁让它有许可的资格，这是关键的。我就先说这些，谢谢！韩玮烨：王宏新是不是可以代表一下政府的观点？你们一直是政策解析者。王宏新：各位好！实际上刚才还跟王丹在说，本来来参加思想沙龙，有的时候市场的力量在主宰着我们的思想，我们的思想在迎合着市场。所以很无奈，我就接着这个讲，陈总讲到的责任让我特别震撼。刚才给建筑师作出了一种解释，韩总让我为政府说两句，我说政府也没责任。因为什么？我们今天政府的决策体制，包括对这种地标的审批，都是一种集体决策，这个集体决策是害文化、最害思想的东西。我们知道任何一个有思想、有文化底蕴的一个建筑，或者一个产品、一个设计、一个理念，它往往归诸于集体、大众，或者叫公众参与，往往就把文化的东西、思想的东西给害了。但是，偏偏我们又是一种集体的决策，所以说这个集体决策又是谁来决定的呢？其实又是中国的老百姓决定了这种制度。这个里面，我们经常用体制和制度去解释它，其实这里面包含了中国几千年的文化。恰恰在这里面我觉得中国的建筑也好、房地产也好、土地也好，一方面在它的产品在走向市场。另一方面，它的文化，我一直感觉到我们还在走1919年没完成的问题，我们还在搞新文化。事实上这就又讲到新地标的新了，我这个名字里带个新，我特讨厌这个字。我本来出生的时候，我父亲给我取的是天上的星星，后来村里面的人特别有水平，就给我改成这个了，他总感觉到要比天上的星星要更专业化一点，最起码可以说重复一点。事实上我就在思考一个问题，因为今天但凡是看到新的建筑、新的地标，一定有西方文化的精髓、西方的理念，一定代表了建筑师从国外带回来的新的文化。我们这个集体决策里最重要的问题，就是忽视了一个点和一个面的关系，整体面上的不和谐，让这个点上的地标显得特别别扭。但是我觉得会在实点上解决问题。比如说中华世纪坛出来的时候，有很多不同的声音，鸟巢出来的时候，人们有不同的声音，但是奥运会一完大家就在接受这个东西。是不是等这个时期一过去，老百姓又慢慢能接受这个央视大楼呢。有时候我们经常批评，一看就是从国外引进来的建筑风格，可能这里面最重要的是就是民众里有一个宽容的心态，我觉得这也是好处。转了一圈，如果说责任的话，可能就要推到文化的责任，我不知道这个问题由谁来接了。刘 江：我也说两句，上午我们开了建委一个会，朝阳区建委让朝阳区开发商都说一说，政府能帮什么忙，开发商有什么困难、需求让大家讲讲。我当时主要讲了一点，就是把一些制造城市垃圾的开发商赶回国外，先考察考察这个开发商再引进。我说三个意思，第一个叫不要为做地标而做项目，因为项目本身是有生命力的。第二点，到底是地标重要，还是项目对这个地段的贡献重要。无论是低价、配套，对这个地段的贡献重要，还是它成为一个地标重要？我觉得这个答案是不言自明的。第三个意思，前几年我在上海待了三四年，我发现上海新房子跟老房子，大家真的是各有所爱，各有所需，顺其自然，上海有很多新房子、很多地标，没问题，我觉得都爆满，无论是租售都不错。但是同时发现了我们很多的活动都是在上海的老房子里做的，实上海很多的老房子，根本不低于东方明珠的地位。我看到有一个叫中华九千上市的时候，就是在孔祥熙的老房子里做的。包括一些奢侈品的发布会，我们看到不是在大的五星级的酒店里，而是在有历史沉淀的老房子里。跟上海人聊也是，上海人对老房子的心理价值，我不敢说大于世贸中心，但是起码是平等的。我觉得大家没必要讨论到底谁代表城市，但是在老百姓的心目中，大家可能是各有所需，有人就喜欢北京四合院，有人就喜欢住高楼大厦。王广善：非常容幸，能够和各位教授、专家和业内同行坐在这里搞沙龙，心情有点小激动。特别是第一次来到九朝会，欣赏和学习了我们传承和继承的一些文化性的东西。特别是看到剧场的时候，一楼有一个舞台、二楼有一个舞台，三楼怎么样、包厢怎么样，其实这里有很多传承和继承性的东西，把中国的戏剧和相关的文化，可能在这个地方有一个很好的体现，同时也有一个很好的创新。在这个过程中，又把现代地东西融入进去。我感觉这个九朝会还是有点味道，应该说以后还是要常来这样的好地方。今天这个话题是关注城市，因为咱们来自于清华大学的、还有北京大学的各位专家和教授，你们有很高的理解。像改革开放30年，我个人理解，今天大家走到一起来，不分高低，我又是无名小卒。要说这个城市地标的话，过去一般大城市可能有地标，像北京天安门，那就是非常明显的一个北京的地标。只要来到北京，不管你是国内的、还是国外的，一定要到天安门前照张相，说我去北京了。如果说没到天安门去照相，好象就没去一样，当然咱们的长城等等，更多的一些地标性的建筑，这个应该说是历史的沉淀。实际上还有一点，刚才大家也谈到了，就是北京的四合院，实际上它不起眼，但是它的地标性非常强，那就是北京的特点。到目前为止，虽然我们搞旧城改造，作为城市的主宰者，把它作为好东西，一定要把它保存下来，出台各种政策来保护它，实际上就是保护文化和历史。现在所谓一些新的标志性建筑，特别是搞奥运会，出现了一些新的建筑，当然这些建筑，需要历史的检验，也许过上三十年、五十年，说这东西不行，你必须要把它拆掉，这就可能没有它的历史价值，没有保留的价值，所以经过历史的检验，就必然要砍掉。如果说它很好，代表城市经济发展，这也挺好。比如上海的东方明珠，到黄埔江上一定要留影，实际上大家逐渐在接受这个塔的建筑，应该说中国地标性的建筑如雨后春笋般崛起。改革开放城市发展，小到县城、大到省地级市，只要是搞一个新城市的规划，就研究要弄一个什么样的广场，在广场上我得弄个什么样代表我这个城市形象的一个标志建筑物，是一个建筑物、还是艺术品。都在努力构思这个东西，所以占地有时不大很讲究，到后期政府出文件说不能随意乱建广场。当然他建的目的，还是想给这个城市搞一个地标性建筑。因为现在是全民参与，各级领导，只要是在那个地方当大官，咱们就得想办法做点事。所以，现在严格地讲，叫鱼龙混杂，有些可能是很好的东西，有些也想弄点事，花的钱不少，这个领导开这个会、那个会，说非常有价值，投巨资要办。一建下来三四年，换了领导，又说这个怎么看不像样，又成了城市的垃圾了。当然因为我是开发商，作为城市的建设者，可能我们没有更多的主宰权。如果站在城市发展的角度，可能说有一些话语权。假如说在发展的过程当中，有一些对城市可能的一些符号、一些概念，能够给政府提一些有效的建议，说我们搞这个建筑，有利于咱们城市形象的提升，有利于咱们地标性建筑的形成，这个我觉得是作为一个地产商来讲，还是责无旁贷的。首先，你要避开垃圾建筑，还没过五年了就让人看上去难受了，这就是一个失败的建筑，更谈不上为这个城市增光添彩了。所以，作为地产商，我觉得应该从城市发展的责任角度，更多地去思考问题，做出更多的努力。大家在座的各位都知道，我现在正在忙活开发格拉斯小镇，占地面积比较大，规模也比较大，两千多栋，现在才开发了一百多栋。有很多的朋友来看，有的是有钱人，有的也是属于跟我一样，可能是享受不起这个别墅的人。我说你们来看别墅，不要是考虑买还是不买，要带着一种享受的感觉，这是中国改革开放，咱们自己开发出来的别墅产品。在改革开放之前，咱们基本上很少见到别墅，有的话，也可能在偶尔出国，在出国能见到。经过改革开放这么多年下来以后，在咱们手下已经也建设出来非常高档次的一些别墅，有欧式的、地中海式的、也有中式的，各种形式的都在百家争鸣。住与不住是一个方面，但是大家都在享受进步，享受我们自己共同建设起来的别墅，我想这样的心态一摆正，就没有问题了。我作为一个开发者、建设者，我都住不上，但我心里很高兴，为什么？我能给富人建别墅，让他们享受咱们中国改革开放的自己的成果，我作为一个建设者、一个开发者，我感到无比地荣耀。所以说，住与不住那是另一回事，如果说将来咱们三千多亩地的别墅群体，通过咱们这个团队的努力把它建起来了，我想也就是真正在咱们中央别墅区，代表着一定地标性的建筑诞生出来了，这可能也就是对于一座城市的一个贡献。韩玮烨：谢谢王总！听您的介绍，格拉斯小镇是中国建国六十周年是非常具有中国特色的人居性建筑。为什么起格拉斯这个名字？而不起九朝会这个名字？王广善：建别墅咱们采用了很多欧式、美式的，实际上他更多的是借鉴了这么多年在别墅开发商的理念。咱们在很多别墅上都叫了一些洋名字，实际上叫格拉斯小镇，也是从营销的角度，以及西方在这方面文化的积淀而起了这个名。更多的是想让大家知道，我们引用了法国一个具有悠久历史的格拉斯小镇的传统，来达到宣传咱们北京格拉斯小镇的目的。当然，更多的还是一些建筑元素还是从那边学来的，还是从营销的角度。比如说我叫王广善，比如说我们酒店，很多人起外国名字，姓都换了，都不叫这个名字了，那也是工作的需要。王 丹：今天特别感谢九朝会以及中房报给我这么一个机会。我坐在了一个“广角”的位置，面前的这扇窗使我联想到电影院的屏幕，有人说：电影是黑暗的梦想，坐在这里和大家谈城市和建筑，我感觉到了一种“光明的梦想”，由此我很开心。另外，刚才参观了九朝会，感受了一下从魏晋南北一直到红楼情结的中国历史元素洗礼，就像进入了一个时空穿梭机的旅程中，由此也特别开心。因为今天是沙龙，我想咱们可以选各种模式来表述自己的观点，因此我先给大家念一段简单的文字，之后再告诉大家我的观点。我简单念一下，这段文字来自去年林洁林总应邀写的一篇文章，叫《地产服务15年》。“有一次在京城俱乐部开公司董事会，房间里装帧的几幅老北京照片深深吸引了我，虽然是黑白的，但生动极了。看着照片，你能够想象到二三十年代北京的情景：那应该是德胜门的城楼，边上的护城河汇集成一个不小的池塘，水面上有三五人乘舟钓鱼，头顶上蓝天白云，岸上绿树成荫，一派非常宁静的夏日景象。虽然城墙上斑驳着岁月的痕迹，但古都的那种特有气质，能够透过时空直接打动你的心。我就简单念这么一段，当然在文章后林总也有很多关于我们地产服务对于城市塑造的反思，认为我们做了15年的地产，包括1997年掀起了欧陆风，包括小户型等一些过渡型产品的此起彼伏，客观而言，其实对城市的贡献是存在一些谬误的。刚才各位专家也讲到了，说城市标志性建筑，其实我觉得这个标志性建筑，和标识性建筑可能是两个概念。因为我觉得标识它可能指的是一个点，标志性其实是一个综合性的概念。比如当我们聊起城市，就会使我想到一个短片，那个短片的名字叫“城市的远见”，我觉得可能很多专家都看过。当时讲到的一个案例是德国的鲁尔工业区是怎么样变废为宝的，把这么一个区域建成一个孩子们可以在里面游乐、融影视基地、研发中心、攀援者的乐园等一体的，那么难道它不是一个城市的标志吗？回过头来看北京，为什么我念这段文字？因为我从小就有院落的情结，家住金融街边上一个由7、8个院落组成的小组团里，因此从小就感受着舒缓的生活方式，因此当大家问到城市这个问题的时候，我觉得如果它是个带有哲学意味的问题，那么一句话：城市是属于生活的！无论你建一个高楼大厦还是一个低密度产品，你一定是需要人的体验和考证的，需要给人们一种生活感的氛围，我觉得这是城市，而且也是在我们记忆中的北京。由此我说一下我的观点，两句话，一、从经营城市的角度去做建筑，无论你是开发商，无论你是政府工程，在规划的时候，都以经营城市的角度出发，经营城市并不是很功利的，或者是以经济追求为唯一导向的。实际上经营城市这个理念于中国已有很不错的例子，我记得大连的薄熙来说，“经营一个城市，是把它作为国有资产管理来运行的过程。”这个思路非常好，并且对于大连是卓有成效的。这些年我们接触到很多项目，现在项目区块越来越大，其中不乏很多未开垦的处女地，那么如何把它变成新时代的、或者区域层面的标志是我们该考虑的，而不是简单的做一个以自有想法为主导的标识，我觉得该打造的是一种情境交融。因此做建筑商也好、策划者、营销者、还有投资商，大家对建筑要有一种整体的全方位的感触，应该是共同在其定量的基础上去找变量，从一个全面烘托可经营城市的角度去做好的建筑。第二个观点，是结合民意的默契造城市。我们在日常的营销过程中，或者说在产品定位的过程中，于20、30年的房地产运作中，经常遇到的是本位的认为由于我喜欢、由于流行、由于我自己感觉这样的产品是好的产品，它的理念非常得独特、非常有感觉，它一定能卖出去。但时至今日，大家遇到了来自于市场的反馈，答案是“不科学的，没有与需求对等的产品不一定能卖出去”。如果你产品的定位、你的性价比不够好，你的东西细节不够精准、不够细致，你前期所做的对这个项目的分析、研究不足，比如说消费者，你没有跟他对接，你完全想的就是我建了这个东西，你一定要接受，是非常不理性的。因此我认为作为一个要销售的项目，需要进行市场达成的项目，就一定需要进行消费者调查，要了解购买者的需求、喜恶，任何一种购买和消费都不是强加的。同时，如果政府改造一个区域、做一个市民广场，做一个公建，是不是也希望大家能够接受它而不是拒绝它，而不是保留距离呢？我觉得一定是需要有一种拉动和亲和作用的，要让民众意向与你所做的建设融合在一起。因此无论做商品建筑抑或是公建，都需要考虑消费者和民意的结合，明了真正的需求。当今的发展时期，无论建筑塑造、城市塑造， 评判你的总会是作为消费者、体验者和传播者的民众。其传播直接影响到你的品牌、收益以及你的有序发展和持续发展，“得民意者得天下”。所以我的观点是两个，一个是“经营城市的角度做建筑”，二是“结合民意的默契造城市”。韩玮烨：我们还得回到我们的话题，实际上大家聊了一圈，我觉得话题集中是两个点。一个是老建筑和新建筑在我们这个城市里如何和谐共处。因为老建筑是大家的心灵家园，新建筑是咱们每年盯着GDP往前跑，我觉得这就是目前我们大城市里存在的老建筑、新建筑，哪个是城市名片的问题。对于新建城市来讲，是在一个接近白纸，这是中国近几年城市化发展过程里，中国的城市才刚刚开始涉及到这些东西。近20年来，施政者，或者政策参与者怎么样来理性地确定这个地标，我觉得今天话题可以拆分成两个小的话题。第一个话题，和谐共处的问题，刚才大家聊了很多，有聊责任，谁把北京给搞乱了。我觉得还是要想一下建设性的意见，就是说在搞乱的基础上，我们各个参与者，怎么样去修复的问题。我还是想听一下建筑师们和规划口的这些专家的想法，赵老师是做城市规划的，傅老师和梁老师是偏建筑的。是不是能再给我们一些好的想法。赵云伟：转了一圈，我觉得大家可能确实是站的角度不一样，每个人都有关注点，我记了很多的关键词，有的讲的是传承传播、有的讲的是文化、有的讲的是舶来，站的角度都不一样。其实新老建筑、新老文化之间，必然面临一个问题，就是一个传承。你如果看这个东西，它自己的审美、它自己的底蕴，其实是最重要的。它怎么认为它是不是中国的、或者不是中国的，我觉得这个问题真的要上升到哲学的过程，要不然没有办法去谈的。很多事我们可能有既有的思维，我有两个个人对于中国传统文化的心得，第一个就是关于包公，我们学了很多年的历史，都觉得包公是包青天。我遇到很多的老师，跟他们讲包公的故事，他们说难道你们中国只有一个包公吗？中国老百姓是这样一个心理，他希望自己作主，所以影响到文化上的差异非常大。美国的好莱坞电影都是个人英雄主义，咱们的电影最后肯定是一个部队来救你。另外一个就是岳飞，我从小都喜欢听他的故事，之后我才知道，岳飞宋朝人，我是金朝人，我是游牧民族的后代，不是大宋朝的后代，这就是很重要的一个传承问题，你的关注点或者你的角度站在哪个地方。我刚才表述的观点，为什么说我支持现代的地标呢？刚才谁提到一个词，生活。当代生活在一个世界里，反过来看，罗马不是一天建成的，是几千年建成的，其实在罗马找不到几栋楼是留下来的，大部分的建筑一次次被推平、重建，留下来的都是幸运的。但是每一个时代，它应该都有自己代表时代的地标性的东西。这个东西也许在经济上浪费了，也许是卖不出去的，但是一定是迎合了当时这些主流的文化。目前我们这个时代的文化，其实大家都很清楚，就是消费文化，刚才王总讲的格拉斯小镇的例子，非常清楚的名字，为什么起这个名字，因为老百姓喜欢，我好买房。这就是文化的传承，我们再往上追，一直到麦当劳、肯德基。所以你单独拿中国的古典文化跟它抗衡，不太可能。我又想到一个例子，讲到李大钊传播国外的新马克思主义文化，他要首先给能听得懂的人们讲，他会跟乡绅们讲，那时候他穿着长袍，下面的人穿着西服、皮鞋。他问大家你们是否觉得我土、你们洋，你们已经吸收了西方的消费文化，我吸收的是西方文化的精髓。这个是一个很大的本质，就是说这是两条线，一条线，通过教育、通过正常的媒体渠道影响到文化。另外一条渠道就是消费，不管是购物、买房、旅游等等，一个是消费、一个是正常的文化传统。交到最后发现一个道理，这个道理就是，如果说这个人很有文化，是个博士也好，或者是留学的，出国读过书的，有学问的。其实他代表了他在国外学了很多的技术和文化，还有一条线是我们国内的这些所谓的被销售的对象，我们被动地接受了西方的电影、媒体等等。所以，两方面加起来之后，你会发现只要你是消费的东西，挖掘到根上，大部分还是西方的底蕴。包括其实我们这个九朝会，从外面看看不出来，这个地方大家认同这是望京的一个地标，可是望京在北京市就没有传统，无非是借了一个东西，还是为了消费，基于大家能够有一种怀旧的心理上的东西。如果新老对比的话，老的保留的一定不是心里的东西，而是壳。我做过西藏的昌珠镇，是中国第一个批准的，没有超过20年的房子的一个镇，批了历史文化保护名镇。这个地方几千年一直保留着传统的生活方式，它的生活方式的第一条就是我有钱我就盖房子。包括昌珠寺，中国1956年第一批历史文化保护单位，但是它跟原来完全不一样，所以说藏族的传统文化，传统生活建筑方式是保留的。包括我们的什刹海，大家觉得很好，但是都是酒吧、餐馆，已经不是以前的什刹海了。我们改造四合院，将来也是要给一些明星这种人去住。我们剩的建筑、剩的街区，是更多地保留它让大家记住它。一个城市它的进步，是一点一点地蜕变的。假如说我们再过一千年看，我相信北京没有四合院了，而且中央电视台也没了，你就不知道是什么样子了，因为那是一个进步，你只能看到当代一个时代。比如说老外到中国来，现在是连续三年老外到中国来，第一目的地是上海，不是北京。第二就是人数，我们想到来旅游的人，肯定是北京超过上海，错了，今年连续三年来上海超过北京。为什么？因为上海更接近他们生活的方式。他更多地对你城市的认同，是你内在的生活方式是不是认同。咱们再往前发展来说，我不是北京人，刚才这个王总是北京人，我就问到底多少北京人生活在北京的。伦敦、巴黎、纽约一半以上外地人在那里工作。所以这是一个趋势，这个趋势是不断地通过消费，让你慢慢地抹煞逆城市的个性，变成大一统的城市，这是没有办法去抗衡的。这是我的观点。,3,4,0.9987320303916931
冠珠09全国终端店长培训于佛山鸣锣开场8月23日，以“跨越自我，辉煌09”为主题的冠珠09全国终端店长培训首站在佛山隆重召开。来自广东、广西、海南、湖北、湖南五个地区近300名的经销商与店长参加此次培训会议。同时全国终端优秀店长选拔赛也同步展开，集团公司第一营销中心总经理黎汝让，冠珠品牌总经理邓勇，冠珠品牌副总孔智勇、冠珠卫浴总经理钟环等领导出席了本次店长培训会。 为了让学员们更加清晰地了解集团公司下半年的推广思路以及本次店长培训的目的与意义，黎总在致辞中着重强调：此次培训是冠珠陶瓷在加强全国整体宣传(新浪网站、央视广告)与终端区域宣传(户外大型立柱)的基础上同步开展的一次提升终端软竞争力的战略性活动，目的在于通过基础知识与实际的销售技能引导，全面拓宽终端店长的知识面，提升他们的专业技能，将店长培养成为不仅是销售高手，更是管理与市场经营高手。而本次培训在活动环节设计上也是紧扣主题，在集中参观集团公司2500亩三水大型建陶瓷工业园后，随即展开陶瓷基础知识培训，如生产工艺与瓷砖生产技术的培训，冠珠企业知识，新产品知识培训，使学员们从宏观到微观全面了解建陶知识，了解冠珠企业与新产品情况。23号的终端销售技能培训则从理论到实践地给学员们建立终端销售体系概念的同时，站在观摩的角度以一个大型活动实例为案例进行系统剖析，通过现场的讲解进一步强化店长们对终端销售技能运作的认知与理解。为了鼓励优秀团队与优秀人员，培训过程中还同步开展了终端优秀店长选拔赛，尽管店长们相互之间都不熟悉，但很多学员却表现出了极强的沟通能力，很多学员一开始就与身边的朋友一一握手道好，有的店长甚至自告奋勇的担任组长，带领全组成员在竞赛环节中争题夺分，抢夺优秀小组与优秀店长的荣誉。培训结束后，许多参与培训的学员包括店长与经销商都向培训老师购买了终端营销书籍与光碟，以便回去后可以持续的学习专业知识。“以学促进，突破自我，打造强势终端的同时实现09年终端综合竞争力的再次提升。”当新浪网记者采访冠珠品牌总经理邓勇时，邓总如是说。“佛山站只是我们的第一站，在接下来的一两个月内，我们更要在全国范围内连续开展几场这样的活动。我们最终目的在于通过专业的培训，提升店长专业技能的同时以店长为核心以点到面地带动整个终端专业销售技能的提升。”的确，在整个建陶行业竞争白炽化的今天，在把握终端就等于把握主动权的今天，只有全面提升终端的综合竞争力，才能激流勇进，跨越自我，辉煌09，才能立于不败之地。(章金),3,6,0.47950026392936707
出口退税调整有限 专家称保出口不如保企业面对即将再次调整的出口退税，围绕这一政策的适应性和操作空间，以及背后体现的国家针对外贸脱困所能做出的政策选择，有关专家认为保出口不如保企业。 3月26日，在北京举办的“如何帮助中国外贸走出下滑困境”论坛上，国务院发展中心对外经济研究部副部长隆国强表示，我国出口退税在经历了连续多次上调以后，该政策的调整空间已经不大，且相对于在保持国际贸易市场份额的近期目标而言，解决事关外贸企业发展甚至是生存的融资问题，亦是保证我国外贸最终走出困境的更为迫切的问题，“这是保未来”。 此前的国务院常务会议决定，从4月1日起，提高部分纺织服装、轻工、钢铁、有色金属、石化和电子信息产品的出口退税率。 在当日论坛上，对外经贸大学教授、中国WTO研究中心副院长桑百川提出，出口退税政策在理论上应该是中性的政策，而我国却作为调整进出口规模的一个政策杠杆使用。 商务部研究院研究员梅新育强调，国家的调控政策，不能以“保增长”为借口而牺牲“调结构，不应该指望它成为维持我们以前落后模式的救生圈”。 对此，隆国强认为，我国出口退税在经历了连续上调以后，进一步通过出口退税使外贸脱困的政策空间已经不大。 从去年年初到今年2月，国家已经5次调高出口退税率，涉及近4000种产品。 而且，提高出口退税对于帮助外贸企业走出困境的效果来讲，并不是理想的途径。 “对退税来说提高2个百分点，就意味着企业获得了2个点的降价空间，那我们竞争对手可以选择更多，这个可以增加你的竞争力吗？”隆国强称。 隆提出，在目前的情况下，中国不应该单把注意力放在保出口上，因为出口额的增加并不意味着出口企业的生存良好。 “目前我国外贸要走出困境，必须在认清形势的基础上确定合理的远近目标。其中，眼前要做的就是确保我国的出口速度不低于全球速度，以保证在全球的出口市场份额中不减少。”隆国强说。 据估算，一些劳动密集型的传统的制造业产品，中国的产能、产量和出口量占世界市场80%甚至90%，而在国际金融危机的影响下，世界市场容量萎缩到了原来70%甚至50%。而比保眼前的市场份额更重要的是要保出口企业。“这是在保未来”，隆国强说，目前发生的全球性金融危机其实是个大浪淘沙的过程，在这个时候可以让出口企业瘦下来，但不能让企业死掉，随着市场的复苏，如果企业还在，就可以重新扩大规模，组织生产来抢占国际市场的份额。 “我国外贸形势出现恶化已经持续了很长一段时间，之前已经死掉不少企业，能够坚持下来的，应该说都是有一定基础的。我们要保证好的企业不被金融海啸淹死。”隆国强对记者说。 这个时候，对于外贸企业来讲，获得融资可能是最迫切的。 据世界银行的一个评估报告显示，今年3月份全球贸易融资的缺口已经扩大到1000亿美元，比4个月前扩大了3倍。 对于解决外贸企业的融资问题，隆国强提出，政府可以发挥的作用就是拿出一部分钱来做融资担保，这对困境中的企业来讲，可能比提高退税率更加有作用，“公共政策要考虑成本和收益，总的财政资源是有约束的，应该考虑怎么能够少花钱多解决问题，而且要解决最迫切的问题”。 工信部部长李毅中在今年两会期间曾表示，中央财政新增10个亿用于中小企业的担保，希望能够解决4万户中小企业2500亿的贷款。 不过，中国社科院世界经济与政治研究所副所长李向阳对大规模的出口信贷投放可能带来的远期问题表示了担忧。 在其看来，应该考虑的一个问题是，随着金融危机的发生，发达国家的消费模式将可能发生改变，这就可能对中国以及整个新兴市场的中长期出口带来影响。 “如果这样的判断成立，如今大规模向这些外贸企业放贷，将面临战略风险，”李向阳表示，“我们一方面要通过促进出口信贷来促进我们的出口，另一方面还得高度关注债务违约发生的可能性”。,3,7,0.7319584488868713
刘晨：企业通过网络彰显品牌刘晨：最后在这里感谢新浪乐居举办这次论坛，使我们在这次论坛上学到了很多的东西，而且有很多新的观点的碰撞，新的理念、创新和大家交流。另外，网络发展很快，因为有媒体问我，我们传统的两个渠道会不会发生干涉，我认为完全不同，传统的流通渠道和网络渠道，在家居行业里面不可能存在干涉，因为我们家居行业和卖小商品的有本质的不同，我们的种类比较多，个性化产品比较强，产品的款式、花色都比较多，这么贵，这么丰富的东西，仅凭网络销售很难实现，必须要到卖场实地的感受、触摸在可以下单。 我经常说，传统的卖场有一些消费者出了问题，找经销商解决不了，或者他们临时走了，庙堂还在，这个服务的意识已经形成了，必须要形成保障消费，有问题得不到保障，得不到轻易的下单，希望网络和传统的渠道有机的结合起来，传统的渠道做这个展示功能，通过网络彰显我们品牌的同时进行产品的示范引导，让消费者按图所计，提高消费者交易的效率，节省他们宝贵的交易的时间，只有这样我们的行业相得益彰，相互协作才可以做大做强，才可以达到我们国家倡导的和谐。本次论坛到此结束，谢谢大家！,3,4,0.829923689365387
别墅装修竟遭八次打砸记者刘蔚丹 实习生黄康报道：“自己买的房子要装修，却接连遭遇打砸。”昨日，青菱乡青青花园小区的两名业主，不堪其扰到处求助。记者赶到现场时，当事人黄先生仍心有余悸。黄先生说，就在早上他的房屋还被十几人围着，从装修到现在的短短两个多月时间里已经八次了。黄先生的邻居欧阳也正遭遇着同样的情况。黄先生介绍，他于2004年8月6日与武汉市洪山区青菱建筑公司订立《商品房买卖合同》，购买该公司开发建设位于洪山区青菱乡张家湾青青花园B型二栋1号房东面住宅一套，面积289.11平方米，价格为48.8万余元。合同约定前期已付34万元，余款办齐两证后支付。为了装修房屋。今年3月27日，黄、欧两人与该公司签订进场装修《补充协议书》，并分别向该公司支付50000元房款和10187元房屋配套费、物业管理费及装修费。可令他们不解的是，进房装修后，就不断有人来找麻烦，称房屋已被他们购买，并强换门锁，恐吓威胁装修工人，不准装修。黄先生告诉记者，他听说青青花园某些房屋存在一房两卖问题，也因此向该公司雷姓负责人提出疑问，对方表示黄先生装修的房屋无任何争议。小区物业的管(音)姓负责人告诉记者，由于两名房主买房后长期未装修，也曾流露过想退房让其代卖的意图，才出现这种情况。据了解，青菱警方已介入调查。,3,4,0.874454140663147
别墅邻近停尸房业主退房讨装修费本报讯(通讯员刘洋)高档别墅毗邻停尸房，开发商同意业主李女士退房，但拒绝赔偿装修费。为此，李女士把开发商告到石景山法院，索赔损失8.5万元。李女士购买了西山脚下一处别墅，支付首付款后，聘请装修公司装修。“我购买别墅后才知道，不远处有一停尸房，这种地儿谁敢住啊？”李女士说，她和开发商协商后，对方同意退还购房款，但拒绝支付李女士的装修费8.5万元。李女士认为，开发商事前没有告知地段详情，导致她购房并装修，应该赔偿她全部损失。,3,4,0.9781274795532227
勾结物业经理及保安 恶势力团伙强卖装修材料本报讯(记者王鹏昊通讯员张立先)得知通州区阿尔法小区开始向业主交房，无业男子刘刚等人勾结小区物业经理及保安，向业主强卖装修材料。通州警方昨天透露，该恶势力团伙的刘刚等13名犯罪嫌疑人已被刑事拘留。 7月底，通州警方陆续接到市民报警称，在通州阿尔法小区有一伙男子强迫他们高价购买沙子、水泥等装修材料。接到群众举报后，通州警方开始在阿尔法小区周边展开调查。办案民警称，他们通过蹲守发现，该团伙在小区门口搭起了一个露天的店铺，销售沙子、水泥，价格比市场上高出七八元，分量上也是缺斤短两。一旦发现有外来商户向小区内送沙子，他们便上前阻拦，如商户、业主不听劝阻便拳脚相加。最终，小区内近八成的业主只能从他们手中高价购买沙子、水泥。对于业主让商户运送的瓷砖、板材等装修材料，他们则迫使业主雇他们的人高价搬运，一层楼每包加收1元“上楼费”。8月5日，通州警方将刘刚等人抓获。 事后，刘刚交代，他们为了能够截留，还勾结了该小区的一名物业经理及两名保安。一旦有商户拉货进入小区，保安便会通知刘刚等人前去阻拦。与外来商户、业主发生争执时，物业经理则负责帮他们调解。,3,4,0.8110405802726746
十里河商会启动优才计划100名经过筛选符合报名资格的十里河特色街工作人员将参加十里河商会组织的专职人才培训班，培训结束后，合格人员将分别拿到专业监理员、消防中控员、助力物业管理师、高级文秘、档案管理员等职业资格证书，成为十里河特色街上首批持证上岗的优秀人才。“十里河，已经成为家居建材零售领域内的大品牌，未来发展离不开优秀人才的推动，十里河商会将把人才培养作为企业发展的重中之重，每年都会与专业职业资格培训单位联合组织培训班培训工作人员，为企业发展输送不竭动力。”作为人才培养计划工作的负责人，十里河商会副会长李晟杰将培训工作命名为“优才计划”，她信心十足地表示，一定会通过专业培训使十里河特色街上的工作人员专业能力有较大水平提升，为十里河目前发展及未来跨区域发展储备精兵强将。100名员工参加首期培训“18-40周岁的十里河特色街工作人员可以报名参加十里河商会组织的职业资格培训班。”当这样一则“招生启事”贴进十里河特色街各大家居卖场之际，特色街上的工作人员异常兴奋、纷纷踊跃报名，最终100名员工成为培训班首期学员，参加十里河商会联合社会专业职业资格培训单位组织的培训班学习。李晟杰作为培训工作的主要负责人，对人才培养工作充满信心，并将首期培训工作命名为“优才计划”，她表示，参加培训的工作人员多数是十里河土生土长的年轻人，对十里河集团充满热爱，通过培训将使他们的职业技能及企业忠诚度均有较大水平提升，成为十里河未来发展的栋梁之才。十里河商会“优才计划”首期培训班学员毕业后，合格者将分别取得专业监理员、消防中控员、助力物业管理师、高级文秘、档案管理员等职业资格证书，成为十里河特色街上首批持证上岗的工作人员。李晟杰表示，人才培养计划致力于将优秀工作人员从“员”变成“师”，“今年，取得‘监理员’职业资格证书的员工，明年，十里河商会将努力将其培养成‘注册监理工程师’，当一批批‘员’级员工都变成了‘师’级员工，十里河特色街将凭借人才优势而实现跨越式发展”。教育规划诞生优秀人才“未来市场竞争，取决于人才的竞争，谁具备了优秀的人才梯队，谁就能在竞争中顺利胜出。”李晟杰相信，培养一支有作战能力的精英团队，是十里河快速发展必不可少的基石。事实上，早在2006年年底，十里河商会成立之际，商会便为十里河特色街未来发展制定了三条发展大计，其中就有“人才教育规划”。十里河商会秘书长石占成表示，商会将从人才培养入手，建立教育培训基地，制定三年教育发展纲要，以提升十里河的竞争力，支持十里河的持续发展。2008年4月，十里河商会召开第一次教育工作会议，明确提出“十里河教育三年规划”，在十里河工作的员工将通过一系列的培训和再教育，三年内达到大专以上文化程度。为此，商会投资了2000万元于当年建立了教育培训基地，使十里河商会拥有了自己的“教育摇篮”。李晟杰表示，“三年教育规划”出台之后，十里河商会一直努力通过各种形式培养和选拔优秀人才，最近的一批优秀人才就是通过“以史为鉴，开创未来，科学发展十里河”大型图片展脱颖而出。为增进十里河人及十里河特色街上4000多名商户对十里河十年发展历程的了解，并通过回顾历史增加他们对未来发展的信心，十里河商会于今年6月组织举办了“十年十里河”大型图片展，5名优秀讲解员借大型图片展闪亮登场，通过他们流畅、广泛的讲解，观展人对十里河的历史有了更详尽直观的了解。“这5名讲解员都是十里河土生土长的年轻人，都在十里河特色街最平凡的岗位上工作。通过这次选拔培训，他们对自身充满了信心，同时增加了对工作和企业的热爱。”除此之外，李晟杰还带领十里河的年轻人走出去，到井冈山、延安等革命老区体验生活，培养年轻人坚强吃苦的意志，全方位提升员工综合素质。人才战略推动品牌升级走过十年发展历程的十里河已经从京郊一片农村转变成了京城现代文化建材商业中心，“品牌十里河，家居CBD”，当京城百姓对这句广告语已朗朗上口之际，十里河已经从一个地名转变成为一个品牌名，下一个十年，十里河将更加着力打造品牌知名度，使“十里河”三个字享誉全国，十里河集团为此制定了“十年发展规划”。在十里河的“十年发展规划”中，2008年-2013年，是十里河集团打造文化产业的关键五年。十里河将在毗邻十里河特色街的京津轻轨沿线两侧投资亿元，建立9万平方米的文化市场，同时休整马路、污水管线，与程田古玩城、十里河奇石花卉城、千鹤年华书画城、十里河画院、天骄民俗文化城一道，提升十里河特色商业街的文化气息；2013年-2018年，是十里河集团走出北京、面向全国的重要五年，十里河集团将依托品牌优势和管理经验，选择最擅长的商业地产开发、市场管理领域进行投资。李晟杰表示，“今天的十里河已经走上了高速行进的快车道，人才培养必须与企业行进同步；未来，十里河要走出北京、面向全国，今天建立的优秀团队将是十里河征战全国的主力先锋。建立一直强悍的精英团队，将加速十里河品牌升级、快速走向全国”。,3,4,0.9145967364311218
协会为行业作用 9年来指导企业发展高志华：他为我们这个会能开好，自己也是亲身投入。包括这次年会，大家反应都很好。现在是金融危机的时候，不好做，我们协会就要为行业所用，要出点子。这个洗牌，不能把好的洗掉，要把坏的洗掉。优胜劣汰是社会的发展规律。我们这次年会严格讲起来有三大主题。第一个主题，是我们年会的工作。在年会工作里面，我们把3家九连冠，实木复合地板的七连冠要表彰出来。第一个主题第二个内容，现在金融危机主要体现在营销的萎缩、房地产的萎缩上，老百姓口袋里的钱目前不敢花，出口大力衰竭，这样我们就要加强终端。我们怎样开放国际市场？这次我们也请了一些外国的代表团。在国内，我们把终端表彰出来，评出160多家诚信服务经销商。让消费者感到这个经销商老实，我们愿意买他的地板。因为去年的三鹿奶粉等等一些事件使营销中心不放心，我们地板商除了要24小时天天开通以外，我们还要把终端给它挂上。第一个主题里面我们表彰了优秀的经销商。为了把这个形势开好，我们请了国家的主要领导人，比如国资委、中消协，还包括国家工商局的一些领导讲话。听到中央领导对我们地板行业很大的期望，我们感到很欣慰。我们围绕着第一个主题有三个方面。第二个主题，我们成立了中国实木地板复合制度。这个制度的成立使我们中国实木复合地板更健康、更有序地在国内外打开局面。这次应新浪网要求，我们特意把美丽岛和佳乐美请过来，他们就是实木复合地板的龙头企业。美丽岛这个企业在当地是个大企业，现在来讲，它出口内销。所以这次它也出了很大力，中国实木复合地板制度经过专家及有关部门的慎重审查，在这次年会上我们隆重地推出。而且在八达岭长城我们加上了实木复合地板的纪念岭。中国发展速度最快的就是实木复合地板。这个里程碑一开始，中国的实木复合地板即将要蓬勃发展。这是我们的第二个主题。第三个主题，大家靠木地板发家了，挣钱了。最近在开亚洲经济论坛，温家宝总理都去了。而且要谈台湾和大陆的经济联合。可爱的美丽岛就是在台湾，而我们跟美丽岛是大陆和台湾之间合作的典范。据我知道，它拿了1000万到中国做生意，现在一年盈利就几十个亿。它从这里面拿出一点钱在大陆做生意，还拿出一部分资金种树。第四个主题，我们企业家要有社会良知。我们从这里面挣到钱了就要回报于社会，不要吃子孙的饭。我们要给子孙造福利。我们做了很多捐款工作。我是个大学教授，我是有良知的，没有共产党就没有我，我一直是这样想的，我今年70多岁了，不想干了，但是有时候为了使这些企业家能够走上正道，我还要干。一个人做一件事情要坚持下去，很多老板对我很尊重。我们在去年汶川地震中联合捐助50万。这次年会开得好，我们坚持了一贯原则，为政府服务、为消费者服务，也为我们企业家服务。这样才有发展方向。我们也感谢政府的领导，使得小小的地板行业能得到这么大的重视，我心里也是特别地安慰。,3,4,0.6737141013145447
博夫曼空间美学 北京别墅样板间赏鉴论坛主持人：尊敬的各位来宾，各位设计师朋友，各位媒体朋友大家下午好，在悠扬的琴声中我们就开始我们这个活动。我现在先自我介绍一下，我是本次活动的主持人易虹，非常荣幸也非常高兴能够和大家相距，同时也感谢大家在炎热的夏天顶着酷暑来到这里，不过我相信大家都会不虚此行，再次欢迎大家的光临。空间美学---北京别墅样板间赏鉴论坛由《家饰》杂志主办，北京博夫曼厨房家具有限公司全程支持，《家饰》杂志、颐家家居网站对活动进行全程报道，搜狐网和新浪网也正在进行网络直播。首先我给大家介绍今天的两位主讲。第一位是北京镇海设计顾问有限公司总经理、设计总监杨俊辉老师，第二位是Make Fom设计总监刘杰老师。今天我们论坛的主题是空间美学---北京别墅样板间赏鉴论坛，总结出来三个关键此，第一个关键词是空间美学，第二个别墅样板间，第三样板间赏鉴，在经历二三十年的尝试之后，而今戋戋进入一个更加理性且更加个性化的审美阶段。我也有很多的机会通过跟获奖的设计师精英进行访谈，得出这样一个结论，样板间的设计其实考验设计师综合，想当初我本人也是受样板间这样的感触买了我自己一套房子，所以好的样板间具有重要意义的。关于第三个关键词，我就不多说了，今天请来两位老师讲，他们会从宏观讲到实际的操作，会给大家带来大家在实践中得到的一些非常实用的心得。今天的活动我们也得到博夫曼的大力支持，感谢他们为我们提供了这样一个优美的活动场地，作为世界知名的，博夫曼已有七十年的历史了，他们从2003年进入市场，一直以优雅的设计在高端市场雄霸一方。等一下公司德王总会给大家详细介绍一下，严谨的作风和严格的管理让我们见到不断发展，壮大的文化品牌。接下来我们非常荣幸有请北京博夫曼厨房家具有限公司副总经理王泓笙先生，为这次活动致辞，有请王总。,3,4,0.9642757773399353
"博洛尼：新浪漫来袭当城市风靡起“羊爱上狼”时,时尚潮流里可以假装自己不会长大；当有人玩着电动就似坐上时光机，现实的生活拉不回状态；当有人满北京街头寻找瓷瓶酸奶时，捧着那灰白色、腹部浑圆的“蜂蜜酸牛奶”，为的是它能还原童年的味道。是这些渐行渐远的生活，唯有通过丝丝物件将记忆串联，这新生活的浪漫往往带着幻想的美丽，有点忧伤、有点甜蜜、而这甜蜜绵长而深远。在世界经济低迷时期，家居市场也对经济不景气做出各种反应。逃避残酷的现实处境，直接将意识中最美好的虚幻呈现出来，博洛尼从在高端家居市场一直推崇的古典主义到新浪漫主义风格转身中，可以嗅到家居设计的高调转变。新浪漫是什么？一种态度，对时尚遥遥领先的把握，纵览云端的设计潮流；一种格调，激活沉淀于心底的浪漫因子，让生活艳丽绽放；一种力量，柔软女性主张的极致表现，那抹最令人感动的温暖。新浪漫之梦幻新浪漫主要特征注重个人感情的表达，形式较少拘束且自由奔放。往往表现是怀旧的，梦幻的。没有王室绅士贵族淑女，无法雍容自如地跳小步舞和华尔兹？当昔日的浪漫成为了遗憾时，用一点柔软和回转的线条，一点粉调或浅淡色调，用一点流苏的，布艺褶皱处理面料装饰，用一点花卉纹样，渲染出一点对往日浪漫风采的思恋。这就是新浪漫。新浪漫是文化的、深刻的、并且不断反思现实的，同时把最新的元素融入家居时尚中。不是一味对过去的追忆，而是让过去的美好追忆焕发新的生命。新浪漫者特别注重家居的环保、智能，对破坏环境的行为，他们表现出不可宽恕的态度。强调更多生态材料的运用而减少对自然环境的破坏，新浪漫主义在颜色方面趋向以白色灰色为底色，加入柔和的大地色或呼应季节的粉紫色的和谐统一。新浪漫之激动电视选秀节目里,两位评委为了浪漫争吵起来,一位认为激情与浪漫是不一样的,另一位则辩护说浪漫是在每个人心中的,一万个人有一万个浪漫的理解。是这样吗？有趣的话题引发了神经的思考，难道浪漫真的每个人的理解都不一样吗？如果是那样，浪漫的价值又如何体现呢？理性痛苦的思考对浪漫而言本身就是残忍的，当事物满足了人们的感情倾诉，实现了一种现实的超越时，就是浪漫的。浪漫注重的是个人感情的表达，常需要夸张的方式跳脱出常规，创造浪漫元素，实现浪漫。当世界经济一蹶不振时，人们开始回归家庭，家成为躲避风雨的心灵休憩港湾，学会以一颗浪漫的心面对生活。浪漫来自你的内心，浪漫来自你的血液。如果浪漫可以分级，那么按照体温的标准，36°8的新浪漫恰恰好。在生活中寻找一点感动，给平凡的生活加点浪漫的因子。试着给自己的家来颗新浪漫的维他命，以另一个角度诠释自己的生活，把硬棱角，来个软包装。感动的一定是自己。新浪漫之温暖新浪漫属于不愿与时尚为伍的知识女性，她们会把一个在车库中久经岁月的靠包、花布改造成时下最惹眼的装饰，或者是一个奶奶辈的碗柜刷下时下最流行的中国红是新浪漫者最擅长运用的手段。新浪漫所表达的“柔软”不等于示弱。女性与生俱来的柔弱肢体，敏感的性情，细微的感触，无不是柔软的。但独立的个性、潜藏的灵感、敏感的好奇心、成就了以女性主张为核心的新浪漫主义的崛起。亮片、垂帘、珠珠等装饰物，断断续续地坠落着，充满精神性和表演性柔软细节让流露出可贵的简洁感和自如感。新浪漫风格就像衣服一样注定被懂得她的人们所钟爱，他们会将自我的一些特质赋予空间，超越时代。爱的暖意就在精心营造的家的点点滴滴中。新浪漫如细雨如微风，轻轻柔柔，带着爱意带着温暖。2009，让平静的新浪漫主义带给我们家的另一种惊喜！",3,6,0.9723222255706787
历代珍品古玩现身十里河程田古玩城(图)图为 历代珍品古玩现身十里河程田古玩城图为 历代珍品古玩现身十里河程田古玩城图为 历代珍品古玩现身十里河程田古玩城一场由程田古玩城亲自操办的珍玩精品展近日亮相十里河程田古玩城四层美术馆西区，展品包括汉古玉、唐三彩骆驼、元青花玉壶春瓶、明八角烛台等历代珍品古玩。此前程田美术馆内也多次举办珍玩精品展，并与知名鉴宝栏目及杂志合作，推广程田古玩城的市场形象，但那些参展产品多是来自于社会和业界收藏家。此番程田古玩城亲自操办精品展，所有展品均来自于程田古玩城内。这表明，程田古玩城确实“有货”，奇珍异宝数不胜数，显示出其在业界的领先市场地位。 “这是战国时期的玉盅、这是辽代的带扣、这是汉代的玉龙首、这是唐代的玉骆驼、这是……”8月18日，当记者来到十里河程田古玩城四层美术馆西侧的精品展厅时，董事长程永田兴致勃勃地向记者介绍展厅内的历代珍品古玩，“这些古玩价值连城，多年来一直被程田古玩城内的古玩爱好者收藏着，如今拿出来给业界专家和爱好者分享一下，让人们认识认识程田古玩城里的宝贝！”记者观察发现，参展的展品包括唐三彩骆驼、元青花玉壶春瓶、明代八角烛台、三彩大罐等诸多稀有瓷器，以及红山文化、汉代古玉、极品田黄石、清代昌化鸡血石印章珍品。从年代来看，有战国时期的玉佛器、玉盅，汉代的玉麒麟、白玉四不像、玉龙首、玄武玉，辽代的白玉带扣，唐代的唐三彩骆驼，宋代的玉石狗，明代嘉靖年间的三彩大罐、万历年间的青花瓷、青花八角烛台、黄玉佛珠，清代的三色宝石、象牙器物以及清晚期的极品田黄石、鸡血石等。由程田古玩城亲自操办，大规模集中展示历代奇珍异宝，这还是第一次，程永田表示，此前程田美术馆也曾举办过古玩珍品展，但参展展品多数是来自社会爱好者及业界收藏家，在规模、数量、价值等方面均不及程田古玩城亲自操办的珍品精品展，“这样做的目的就是希望让广大爱好者和业界专家看到程田古玩城内的珍品宝贝，同时给各界收藏着提供一个展示交流的机会，以此弘扬传统古玩文化，推动文物事业发展”。程永田表示，第一届珍玩精品展要起到抛砖引玉的作用，“日后，这样的展览会持续举办，每期可由程田古玩城内的收藏者联合举办，或者由单个收藏者独自举办，通过持续不断的展览，会让社会各界认识到程田古玩城内奇珍异宝无数”。事实上，程田古玩城内每个商户都可称得上行家，每个人的收藏爱好品种不同，但在各自的领域内都有一定知名度，也就是说，他们手中多多少少都有一些价值连城的珍品名品。不定期拿出来展览，一来能让广大收藏者开开眼，二来也能提升商户自身及程田古玩城在业界的地位，程永田道出了程田古玩城举办精品珍品展的直接意义。虽然程田古玩城首届珍玩精品展没有大范围地广而告之，但记者发现，展览刚刚布置完成，已经有不少爱好者和专家前往观赏。程永田满面春风地笑说，以后，来看珍品的收藏者和专家会越来越多。商报记者 田志英/文并摄,3,4,0.480094850063324
各城市领导分别谈对林业产业维权看法 &nbsp;主持人：广东省知识产权局对林业产业国际维权十分重视，并给予了大力支持，下面有请广东省知识产权局副局长郑良生先生发言。郑良生：各位领导大家上午好，我代表广东省知识产权局对本次研讨会成功召开表示热烈的祝贺。刚才听了贾局长的重要讲话以及各位专家的发言，特别是听了燕加隆公司所取得的国际维权情况的汇报，很有感触。对于燕加隆公司在国际维权这件事，广东省知识产权局一直非常关注，也真心的希望他们可以打赢这场国际商战，前不久燕加隆告诉我，赢了，燕加隆赢了官司，在这里我对燕加隆的成功和胜利表示热烈的祝贺。下面我想就燕加隆公司在国际维权当中所取得的成绩讲几点看法：一，燕加隆胜诉的关键就是燕加隆一拍即合技术具有知识产权。用广东人讲这是正货，不是假货，正因为是具有知识产权的技术，所以才可以在国际上站住脚；第二，燕加隆胜诉的成本就是他们重视创新，重视知识产权，把知识产权视为企业的生命，创新是知识产权的手段，而知识产权是保持创新的法律保障；三，燕加隆给予我们的经验是非常可贵的，在他们取得成功的同时，也给予我们一些重要的启示，第一，知识产权是企业走出去的战略法宝，是企业开拓国际市场的一把利剑；第二，在企业建立知识产权制度是现代企业制度发展的必然；三，企业要发展，必须重视技术的研发和创新，从而创造出自己的知识产权，形成自己的核心技术，占领产业发展的制高点；四，要有一只懂得国际知识产权的队伍，第五，进行国际知识产权的研发，有计划的进行战略布局，这一点我认为我们要学习发达国家企业的经验，例如摩托摩拉公司，他们的手机在中国上市前已经在中国申请了很多的专利；第六，遇到国际贸易摩擦时要积极应诉，敢于应诉，勇于维护自己的利益，积极不是蛮干，要像燕加隆公司一样，有胆有识，有理有据，研究制定应对的策略。以上几点看法是我认为的看法，仅供参考，谢谢大家！主持人：湖北省十分重视科技创新，省林业局率先组建了中国首家低碳经济产业园，引入了像燕加隆一样具有核心知识产权的企业，参加会议的除了林业厅还有一些有关的县、镇领导也参加了，体现了对知识产权的支持，下面由湖北省林业局代表陈先生发言。陈先生：各位领导、各位来宾大家好，今天发言的应该是我们王局长，但是今天下午他要参加一个调研，他临走的时候委托我代替他发言，所以我今天代表王海涛局长，代表湖北的地板企业向燕加隆在加拿大、美国337当中的胜诉表示热烈的祝贺，这不仅长了燕加隆的志气，更长了中国民族企业的志气，这是燕加隆公司掌握产业核心技术，前不久我省在湖北成立了低碳经济产业园，燕加隆公司作为这个园区的龙头企业，牵头企业，投资数亿元发展低碳经济，在这个方面，为发展低碳经济改革方面真正的起到了龙头带动作用，燕加隆一拍即合的专利技术不仅在于他是产业核心技术，也在于他的环保核心技术，不仅如此，燕加隆公司还在湖北发展产业工业，营造工业园40多万亩，有利的支持了低碳经济的发展。燕加隆企业的胜诉，为我们的所有的民营企业带了一个好头，树立了一个榜样。最后希望燕加隆公司进一步注重产品的质量，加大国际市场的力度，进一步研发新产品，推出新技术，获得新专利。把企业做大做强，在国际竞争中仍然立于不败之地，谢谢大家！主持人：林业产业知识创新，国际维权的问题一直得到国家林业局的重视，现在有请国家林业局科技发展中心常务副主任林先生发言。林先生：非常感谢主办方能够在这里为我们行业举办这次研讨会，代表国家林业局科技发展中心科技司对本次会议的主办表示衷心的感谢，同时也感谢大会为我提供一个发言的机会。在这次会议上非常荣幸，也非常高兴的听到燕加隆再次在国际素取得了胜利，燕加隆公司是我们中国，尤其是中国林业企业在国际上参加国际贸易诉讼取得成功的比较少的范例之一，在林业行业当中取得了巨大的振动，我们科技口，科技界对这个问题十分的关注，受到了巨大的鼓舞，在此请允许我代表林业科技战线的全体员工，对燕加隆再次取得国际当中的胜诉表示热烈的祝贺。在世界经济日益全球化的大背景下，在知识经济飞速发展的今天，知识产权是一个核心竞争力的体现，为了应对全球技术贸易摩擦，为了提升我国经济、社会的发展水平和竞争实力。国务院在去年颁布了《国家知识产权战略纲要》，标志着知识产权战略已经成为国家层面进行实施，预示着我们国家的竞争和全球化的竞争上了一个新的台阶。在这里我简单介绍一下林业知识产权管理的有关情况。首先，介绍一个概念，就是林业知识产权包括哪些内容，为了进一步贯彻国家知识产权发展纲要，同时组织六个专题组在进行广泛的调研，争取在短期内制定，颁布出林业知识产权战略纲要。林业知识产权战略纲要主要包括这么几个部分，一个是专利，据我们了解和在数据库的统计有效记录，林业的专利数量是六万多件，其中近一半都是有效的管理，都是目前有效的管理，在全国专利应用总数的2%，整体来说还是不多的。第二项就是体现行业特色的新品种，中国是一个资源大国，也是生物资源非常丰富的国家，经过人工的治理开发，国家出台了一些新的政策，要经过授权、申请，测试、审查确认的，这部分的林业新品种目前已经颁布了四批，供78个，130多件，即将颁布，如果可以颁布的话，在今年年底，明年年初总数量大概在133个水准，达到500件左右。第三个就是体验行业特色的，比如说大家熟知的一些，我们和农业部共同管理的生物、植物、动物这些拥有地理标识的产品，林业这边主要是从林木，果树。再有就是体现林业知识产权管理范围，就是生物遗传资源，我们国家的生物遗传资源十分的丰富，这部分森林林产资源占全球的30%多，我们国家现在是生物遗传的进出口交易大国，通过人的治理、开发、应用；最近12月1日，国家林业局正式批准，将林业行业知识产权工作归到科技中心的职能部门下，为此还专门设立了一个执法管理处，主要负责林业新品种，专利，生物遗传方面监督管理形成执法，目前正在拟定的力量，在行业省区也要相应的建立执法部门。这次参加这个会议也是一个学习的机会，非常感谢主办方产业协会、林产工业协会，燕加隆公司给我们提供这个机会，在这里我们有两个处长在这里，将来作为行业的知识产权管理工作，既要对上面连接国家知识产权局、工商局之外，对内要做好协调，对林业企业做好服务性的工作。最后我简单介绍一下近期将开展的三项工作，主要是在以往工作的基础上，进一步加大力量，从贯彻国家知识产权战略纲要的角度，认真组织行业内的知识产权的工作，重点强化林业知识产权保护，促进林业自主创新和产业发展，抓住实施国家知识产权纲要的时机，抓住林业生物遗传资源等主要产品的保护和应用，提高林业知识产权的质量和核心竞争力。尽快的出台并落实国家林业局贯彻实施国家知识产权战略纲要的指导意见，加强行业指导和协调推进，采取相应的支持和激励措施鼓励自主创新，提升林业产业的整体实力；第二，联系建立林业保护的机制，重点开发出口林产品和知识产权的平台，为林业企业有效的支持产权壁垒提供信息和技术，这个工作主要依托协会的力量，学校的力量，科研的力量做。第三，是要推动建立各种形式的知识产权，开发和保护，开展林业科研单位，企业、单位试点，在此告诉大家一个消息，我们以将燕加隆公司，林科院木材工业研究所叶所长他们，还有大亚集团三家列为林业知识产权的试点单位上报到国家知识产权局，近期就应该批准下来了。我们想借这个机会提升我们的形象，林业知识产权这块的工作量，虽然刚刚起步，当然我们想开好头，高效一点，所以慎重的选择了三家，一旦成功，将获得国家的一些支持。重点是要提高自主知识产权和抵制国际贸易壁垒，推动林产业的发展，最后感谢主办方，认识大家非常高兴，我们行业知识产权管理部门将全力做好服务性的工作，密切配合协会、学会、企业集团、科研单位，以及林业全行业的管理部门，做好我们林业知识产权的保护和管理工作，谢谢大家！主持人：国家知识产权管理部门一直重视这项工作，现在我们欢迎中国专利保护协会副会长兼秘书长肖鲁青女士发言。肖鲁青：各位领导、各位专家大家好，再有两天2009年就过去了，2009年是不平凡的一年，温家宝总理接受新华社记者采访时说过去的这一年是惊心动魄的一年，金融危机当中企业是首当其冲遭受了很大的冲击，中央采取了措施，使中国的经济出现了企稳，一些企业突破了金融危机的影响和国际的打压，出现了良好的发展局面。今天在这里研讨中国林业企业国际维权问题，从一个侧面真实的反映了这个情形，深圳燕加隆公司多年来在市场上维护自己的知识产权，并取得胜利，成为我国企业海外维权成功的范例，因此，举办这么一个会议是具有非常重要的和深远的影响意义。首先反映了我国的企业在国际竞争中不断的发展壮大，我们国家拥有一批自主知识产权的企业，通过自己的努力，实现了一定的目标，也体现了中央领导说的创新可以赢得实力，创新可以赢得发展，创新可以赢得尊严的深刻的道理，在经济全球化的时代，世界的竞争最根本的还是知识产权的竞争，在这一点上，燕加隆就是一个榜样，他们发明的一拍即合地板锁扣技术是一个新兴的专利，它解决了地板的核心空白点，实现了核心的创新，满足了市场的需要，打破了国外市场的垄断，实现了知识产权的价值。其次我们通过燕加隆国际维权的艰难历程也看到，我们企业都面临着这样的挑战，中国的企业要想走向国际市场，必须要做好知识产权的大文章，随着我们国家的企业越来越多的进入国际市场，中国的企业在海外遇到的知识产权诉讼越来越频繁，美国的337调查已经不是什么新鲜事了，核心也是知识产权权利是否得到了侵犯，目前我们国家的企业95%的涉外专利诉讼都发生在美国，发达国家企业运用知识产权壁垒进行大量的侵权诉讼目的很清楚，就是排斥和削弱国外的竞争对手。发达国家的贸易保护主义日益加剧，维护他们的市场垄断和知识产权的优势，为了避免我们企业在知识产权战争中的高额代价，企业建立知识产权的经营策略，管理技术制订海外知识产权的管理应对，都是有效的措施，燕加隆可以通过核心技术，通过知识产权打破国外产业的垄断，走向国际市场也为我们广大的企业提供了一个典型的案例。燕加隆企业维权胜利也告诉广大企业，面对国外企业的侵权诉讼，我们不要迷信国外的先进技术，不能只采取回避的态度，应该敢于积极应诉，学会一定的规则，聘请有经验的律师应诉。近年来我们的企业也相继在国际侵权诉讼中打赢了官司，给我们中国的企业增加了信心和决心，同时也积累了国际诉讼方面的经验，希望更多的中国企业能够以燕加隆公司为榜样，努力的研发自主核心专利技术，不断的增强企业的竞争力，使更多的中国产品走向国际市场，国务院在去年六月五日颁布《国家知识产权战略》我们也相信各级政府也将为企业提供更好的法制环境和市场环境，促进越来越多的企业把知识产权战略融入到企业自身发展的战略当中，提高企业的知识产权，创造、应用、保护、管理能力，推动创新性国家的建设，谢谢大家！主持人：我们刚才以燕加隆国际维权经历为案例，在国际贸易、知识产权等多角度进行了研讨，各位专家、来宾都提出了非常多的建设性的意见和建议，有关国际林业产业维权问题，本次研讨会是一个开始，希望各界，各方面进一步重视和关心林业企业国际维权问题。本次会议就到这里。,3,4,0.9446262717247009
同方彭林：以一当四 开启家庭PC新时代(组图)功能卓越的至尊强者，以一当四来势汹汹，开启家庭PC新时代。备受关注的客厅高清家庭影院电脑(HTPC)行业将迎来新的变革！同方灵悦2——堪称全球最小最瘦身的代管去高清迷你电脑，基于NVIDIA公司的ION图形处理器，提供强劲的高清解码功能，完美支持1080P高码流搞清影音解码，超小体积仅1.8L，八面玲珑外观之下却内含相当丰韵，是一台集合蓝光DVD、搞清播放机、体感游戏机的小巧精致家用PC。时间：2010年1月22日下午15：30-17：00地点：清华同方股份有限公司嘉宾：同方股份有限公司计算机系统本部、消费渠道事业部副总经理彭林主持人：谢娟以下为现场实录：主持人：各位新浪的网友大家好，今天作客新浪乐居嘉宾聊天室的嘉宾是清华同方计算机系统本部消费渠道事业部副总经理彭林先生，彭总第一次到我们聊天室作客，可以先给我们新浪的网友问声好。 图为CRIC房商集团华北区总经理张晓辉为同方颁奖彭林：各位新浪的网友大家好，我是彭林，负责清华同方消费类产品。主持人：首先恭喜清华同方获得“2009新浪乐居网友最关注的数字家庭电脑品牌”，刚刚我们也进行了一个简短的颁牌仪式，说到清华同方很多产品都受到广大网友的关注和喜爱，我们最新近的一款产品就是灵悦2，它的功能是全功能客厅娱乐高清电脑，请您给我们讲一下全功能的定义，好吗？彭林：其实同方关注客厅数字化的事情已经很久了，包括我们名字叫做灵悦2你也知道其实它之前还有一个叫做灵悦1的产品，那个产品其实是在2002年左右就已经诞生了，经过这么长时间，我们对于数字家庭的理解又有了一个更深的进步，为什么我们这次开发灵悦2产品呢？我先简单介绍一下灵悦2产品的定位。其实我们在考虑未来消费类产品将要往哪个方向发展的时候，已经深刻的意识到一个问题，就是我们很多的消费者都有这样一个需求，什么样的需求呢？我们需要把一些电脑上的内容和一些互联网上的影音希望可以搬到我们普遍的客厅里的电视、音响或者投影仪比较重要的一些客厅的媒体娱乐化的设备上，这样用户体验起来可能更加舒服，而不是简单传统的通过普通的电视节目，或者简单的光盘、DVD。其实这样一个简单的现象背后透漏着一个深层次的未来的发展方向，就是笔记本电脑以及普通的家电化设备的融合，这个事情很多厂商已经做了。但是具体怎么做，做出什么产品可以很好的整合起来，让用户有很好的体验，清华同方主要是在这些方面做得比较靠前。这样一个产品你们会看到很小巧，非常时尚，甚至当拿到它的时候你会很惊讶它是一台电脑吗？可能觉得它不像一台电脑，很家居化的产品，其实这也是我们设计它的初衷，我们希望这个电脑设计起来以后，看起来好像一个普通的家电设备，但其实它是一台全功能的电脑。全功能有这么几个层面，一个是它用的其实是X86架构，X86架构意味着它可以运行W平台，运行W平台意味着所有基于W的软件、娱乐、播放的格式它是通吃的，都能够兼容的。另外，也意味着它可以把整个互联网的内容原封不动的获取过来，因为这是W平台和X86架构的优势所在。第二个全功能，它虽然体积非常小巧，但是它的性能一点都不弱，它用的是Ion离子平台，它在视频解高清方面的处理能力是非常非常强的，我们现在可以非常流畅的支持1080p的片源的格式，不要看着小巧，但是在视频表现力上是非常非常好的，这也是一个全功能。第三个全功能指的是我们在这么小巧的体积里，我们还做进了光驱，而且光驱还是可换的，将来你可以换成蓝光，或者你买了一台DVD可以换成蓝光，或者未来格式的光驱性产品，这个在业内就不容易了。因为业内如果有类型的产品的话，体积或者比这个产品大，或者没有光驱。没有光驱意味着什么呢？意味着用户只能把它当成互联网的终端设备使用，无法当成CE、DVD光盘的设备。用我的化来讲3C融合还不太到位，有了光驱以后，听歌、看电影都非常非常方便了。所以，用一句话概括，麻雀虽小，但是五脏俱全。 图为灵悦2产品图片主持人：您刚才提到这三点都与我们家庭娱乐息息相关，接下来请您给我们阐述一下在现在这个时代，您对于家庭娱乐所处这个层面的理解究竟是一个什么层面才能满足现代人对于家庭娱乐的一些需求，在这个过程中我们科技产品又扮演着怎样的角色？彭林：是这样，其实每个公司，包括一些国际大厂，像英特尔、微软都有自己对于未来数字家庭的定义，那些大厂也都出了很多成套的解决方案，但是同方作为一个中国的本土企业，它作为中国式的家电，在未来五年到十年中它应该变成一个什么样子，我们有自己独特的研究和看法，可能跟他们不太一样。我们认为国内的一些家庭在未来数字娱乐化应该往哪个方向发展呢？我觉得最重要的一点还是如何把互联网海量的一些娱乐资源可以真的和客厅、电视这种传统的显示设备和享受视听设备进行一个整合。这个其实就是我认为未来五年中国家庭特别关注的数字娱乐家庭的一个方向。怎么做，不同厂商在探索不同的道路，清华同方我们是希望提供一个非常家电化的设备，首先从外观就很家电化，从使用感受来说，也很家电化。比如它的快速开机，你希望一个家电型的产品，DVD也好，音响也好，开机时间不应该像普通电脑一样，一分钟，两分钟的时间才启动起来，你希望是一个即开即用的感觉。第三点非常方便，当你想看到一个影片的时候，你希望通过几个简单的操作键就可以看到这个影片，这些都是家电化的一些特性。我们电视、机顶盒一开开就可以直接观看了。这是家电化的一些要求，另外还有PC方面的一些要求，用户希望我获取的资源是无限的，他可能不太希望仅局限于电视台播放的一些内容，给我们固定安排好的一些内容，我希望选择我感兴趣的内容，这个是互联网可以提供给他的，但是普通的电视节目提供不了。还有就是互动交流，我不是仅仅作为一个信息的接收者，我可能也会在看或者享受的过程中我也希望表达我的一个感觉，或者我需要跟别人交流，或者我需要来改变我未来新的娱乐的内容和一些方式，我希望去表达，这些是普通家电提供不了的，是传统的PC领域所能提供的。融合指的就是把这两种方式很好的结合起来，让它既有家电化的体验，又可以有IT领域中内容的一个支持。我认为我们不用看得很远，说未来智能化家居或者娱乐化家居发展成什么样，但是我认为未来3—5年左右，中国的家庭很多人都会有数字娱乐整合的设备作为自己在家里娱乐的一个中心。,3,9,0.9971603155136108
吴厚斌揭秘《生活不是诗》创作历程吴厚斌揭秘《生活不是诗》创作历程吴厚斌：大家下午好，刚才赵总、张总、李总说了很多恭维的话，我说恭维是确确实实我做得非常不够。今天是星期二，是一个非常繁忙的日子，我今天搞这个活动本身是很忐忑的，这些老总能不能来？会来多少？我这部诗集里，涉及到的人物有130个左右，今天到这里来的有七八十个，很多人很繁忙，也发了信息来祝贺。在这里，我心怀感激地给大家说说我的这本诗集。 首先，我要说一下为什么要出这本诗集。大家知道我是一个记者，文学不是我的本行，因为我真的没有读多少古文，更没有背多少诗。我在初中高中的时候都是理科，那个时候升学最主要。作为一个农村的孩子，要跳出农门，只要不高考的就不去学。那个时候历史、地理、语文都不是要求很重，因此对于诗的一些积累是没有的。 后来开始写诗是进了记者这个行业，不能人云亦云，我在行业里有一句话叫“原创”。不管写得怎么样，写得好、写得坏，一定是自己的东西，我把它称为“原创”。逢年过节的时候看到一些新鲜的东西，总想跟朋友们发一个信息共享，发现很多大家传来传去的格式化短信没有新意，我想有些个新意，在逢年过节的时候就写一点新的。用诗的方式写，简单，明了，没想到这种做法得到了一些朋友的赞赏，于是就越来越脸皮厚，就继续写下去。 到了去年的奥运会，因为报纸全部向奥运让路，所以没有多少事，天天看体育、看赛事，其实我不喜欢体育，但是因为是百年不遇的大事就看。看完以后，做记者的职业反应是手快，就写一些东西发给大家。我发的这些人都是有头有脸的朋友、老板，大家都很忙，不像我这么闲，他们没有时间去看电视，我的诗成了他们了解奥运赛事的重要途径，哪一天发得晚了一点他们还会发短信来关切地问：你怎么了？没什么事儿吧？这样一鼓励，奥运会16天，我写了26首诗，在这本诗集里有一个奥运板块，基本保持了当时的原貌。 奥运期写诗习惯了，奥运之后就成了一个习惯，每天看到什么事情都会写下来，然后跟朋友共同欣赏，有一部分人愿意欣赏，我在手机里形成一个“诗友群”，写的每首诗歌发给大家。现在我的诗友群有200个比较固定的朋友。形成习惯之后，到什么地方都写，我最多的时候到桂林一天写十首，一景一首，给大家发，他们说你每天都很闲，我说不是闲，而是每天都有感悟。时间长了我这些诗友就对我说，你出个诗集吧，不然我的手机都存不下你的诗了。我觉得作为我人生中的一段旅程，作为日常生活中所见所闻的感想，把它积结起来，出一本诗，也是一件好事。这就是我为什么会出这本书的原因。 第二点我要说的是，为什么叫“生活不是诗”。出这本书的时候想了很多名字，最初叫“生活咏叹调”，是一个出版商取的。大家说太落伍了，像上世纪八十年代的名字。于是我就发动朋友一起想，征集各种方案，有什么触摸生活、感悟生活等等，都不是特别满意。有一天跟绿之岛董事长林高宝交流，他说家居行业有本书叫《千万不要卖家具》，讲的就是如何卖家具，因为它要表达的观点是，不要为卖家具而卖家具，卖的是文化、卖的是创意。于是我得到了启动：我写的是生活，生活不是诗，但有灵感，有激情，就变成诗了。于是我决定名字定为《生活不是诗》，因为生活确实不是诗，有感悟、有激情的人才能写出诗。 第三，这个诗集里写了些什么？大家知道，除了我所关注的商业、家居行业以外，这部诗集里还有很多其他的东西，有感悟、有出游、有奥运，有回到家乡看到的美景，还有同学聚会的感悟，形成了十集，相对比较丰富。 第四，诗集的特点，从原创的角度来讲，这本诗集的其他东西都不重要，我觉得我有一个最重要的原创，那就是自己给自己的诗集做注释。过去的诗人写诗，究竟是什么意思，都希望大家去猜，但是我希望在自己的书中把自己见到的东西、当时的场景全部写下来，让大家轻松地去了解。我想，如果五百年后我不幸成为人们怀念的诗人，那些想通过注释我的诗吃饭的人，肯定是被我砸了饭碗了。 真心地希望，我这本《生活不是诗》，给大家带来感想，带来快乐，成为大家茶余饭后的谈资。谢谢大家！,3,2,0.8262772560119629
嘉宾为红星美凯龙北五环店正式剪彩主持人：现在稍稍有一点小雨，我觉得水代表的是财，一定象征着红星美凯龙的业绩不断的攀升，下面正式剪彩，有请各位嘉宾上台。主持人：现在我们的红星美凯龙北五环店正式开业，谢谢各位！在这里我们共同预祝红星美凯龙的明天更加美好，今天的开业庆典仪式就到这里，感谢各位的光临，谢谢！(本次活动到此结束),3,4,0.9095330834388733
国美门店试取消进场费 家电商担心变相收费贝恩资本3名董事会成员进驻国美电器后，首个针对渠道门店的战略改革浮出水面。记者昨天获悉，国美试取消进场费。目前，国美电器首家无进场费门店已经在济南开张，下半年还会有50家这样的门店在全国相继开业。国美方面表示，取消进场费和厂家促销员是国美今年提升门店效益的内容之一。 部分家电厂商表示，变相收费是连锁卖场惯用的手法，即便没有进场费也可以通过提高经销商返点费，比如广告费、年节费、毛利补差等来变相收费。还有不少厂商担心，国美取消进场费有可能只是一种形式上的调整。,3,4,0.6421251893043518
国际金价下跌拉低国内金饰价 黄金卖场销售增三成受国际金价下调影响，北京多家黄金卖场日前集体下调金饰品零售价，其中千足金饰品每克最多降7元。金饰价格下调，再加上“节日”效应，消费者购买欲望被点燃，多家黄金卖场销售火爆，据北京菜百公司统计，元旦三天假期中，菜百销售额突破2亿元，同比上升30%以上。记者在菜百看到，调整后的足金饰品为269元/克，每克下调9元；千足金为288元/克，最多每克下调7元。这也是2009年下半年黄金饰品连续6次价格上涨后出现的首次下调。金饰零售价的下调让对价格敏感而处于观望的消费者纷纷“出手”。记者了解到，以“虎元素”为主题的金饰出现热销，而在高端系列产品中，世界黄金协会推出的“唯有金”系列销量一直雄踞高端产品之冠。与热闹的销售大厅相呼应，位于菜百二层东侧的贵金属投资交易中心的柜台前同样人头攒动。“如果近期国际金价没有大幅度下调，暂时不会再次下调价格。”多家黄金零售店表示，目前的价格能否保持到春节取决于国际金价的走势。分析人士认为，国际金价近期走低的可能性不大，金价震荡过后有望展开升势。,3,1,0.9510527849197388
圣象参加亚太区合法认证林产品国际研讨会9月8日，由国家林业局对外合作中心、大自然保护协会主办的，美国国际开发署、亚洲负责任林业与贸易项目协办的、中国林科院和世界自然基金会组织的“亚太地区合法及认证林产品国际研讨会”在中国上海举行。中国国家林业局国际合作司司长、美国国际开发署环境主任、欧洲森林研究所所长、世界自然基金会、中国林产工业协会等官员及社会、企业等各界人士参加。圣象集团作为全球森林与贸易网络的一员受邀参加了此次会议。集团副总裁郭辉就“合法合可持续木材的营销”作了主题发言，介绍了圣象在原材料采购供应链合法化和共享欧美合作伙伴合法原料的经验，阐述了未来圣象在保护环境、维护世界林产可持续发展和促进林产品合法贸易的规划，将为推动本国森林可持续发展做出努力。,3,9,0.7125735878944397
地板商跑量谋生：看不懂楼市东方早报记者 姚伟“我们今年的情况比去年好过多了。”张云，国内某知名木业公司项目主管。得益于政府经济刺激计划，过去几个月楼市强劲复苏，这也带动了木业公司的产品销量。 “我最近刚刚和两家业内排行前两位的地产公司所达成的业务。就这两单业务，已经是去年业务量的好几倍了。”张云略显兴奋。 由于房地产开发商往往是根据期房销售量来决定精装修房的进程，因此去年几乎没有房地产公司主动找木业公司。但今年来情况突然大变，不少房地产公司期房一售而空，于是纷纷催着木业公司装修交房。 “不过说实话，作为业内人，都看不清楚现在的楼市到底是怎么回事。”张云以上述两个客户均在世博板块内，“两家楼盘竟然争着提价，谁的楼盘价格低，反而没人买了。”让张云奇怪的是，一方面房地产公司争着赶工卖房；另一方面，对于我们这些承接工程的公司而言，则拼命压价，“因为金融危机，手头没钱”。 更让张云的困惑是，从零售市场来看，目前依然是“寒意阵阵”。在部分偏远的地区，一个月的实木地板销量其实少到只有可怜的几百平方米而已。 东方早报记者 姚伟“我们今年的情况比去年好过多了。”张云，国内某知名木业公司项目主管。得益于政府经济刺激计划，过去几个月楼市强劲复苏，这也带动了木业公司的产品销量。 “我最近刚刚和两家业内排行前两位的地产公司所达成的业务。就这两单业务，已经是去年业务量的好几倍了。”张云略显兴奋。 由于房地产开发商往往是根据期房销售量来决定精装修房的进程，因此去年几乎没有房地产公司主动找木业公司。但今年来情况突然大变，不少房地产公司期房一售而空，于是纷纷催着木业公司装修交房。 “不过说实话，作为业内人，都看不清楚现在的楼市到底是怎么回事。”张云以上述两个客户均在世博板块内，“两家楼盘竟然争着提价，谁的楼盘价格低，反而没人买了。”让张云奇怪的是，一方面房地产公司争着赶工卖房；另一方面，对于我们这些承接工程的公司而言，则拼命压价，“因为金融危机，手头没钱”。 更让张云的困惑是，从零售市场来看，目前依然是“寒意阵阵”。在部分偏远的地区，一个月的实木地板销量其实少到只有可怜的几百平方米而已。,3,4,0.7657366394996643
城外诚11&#8226;9消防演练暨百日安全表彰大会11月9日，值全国第18个“119消防宣传日”之际，由北京城外诚与朝阳区华威消防中队联合举办的大型消防演习在城外诚南广场隆重举办，城外诚总经理刘长河、华威消防中队队长黄鹏以及城外诚常委领导班子出席活动。城外诚全体干部职工及卖场营销员代表近3000余人参加消防演习活动。由华威消防中队50余名全体消防官兵、6辆专业消防车和城外诚20余人消防应急小分队和1辆消防车组成的强大消练阵容，通过消防车救火、油锅灭火、液化气罐灭火、火盆灭火、消防器材展示等五项现场模拟演练，为参加活动的3000余人上了一堂生动、真实、专业的消防知识提升课。此次“警民携手联防、共建平安环境”的活动，也成为了近年来北京市企业举办消防演习活动中，规模最大、参与人最多、专业性最强的一次。通过华威消防中队教官在现场对灭火常识、安全施救等专业知识的讲授，让参加活动的员工受益匪浅，消防知识得到了极大的提高，通过大规模的模拟演练体验，加深了印象、熟练了技能。在当天的活动现场，来自《北京晚报》、《新京报》、BTV、新华网等二十余新闻媒体进行了采访和报道。紧扣主题提升预警。今年是全国第18个“119消防宣传日”，北京市定于今年的消防主题为“人人参与消防，共享平安生活”，旨在把消防安全意识贯穿到人民生活之中的每个细节，达到人人参与、人人防范、共享平安的目的。多年来，城外诚始终把安全生产做为企业的头等工作来抓，从企业领导的高度重视，到消防知识的普及培训以及企业消防分队的组成，为确保企业的平安祥和铸就了坚固的防范长城。此次由华威消防中队长黄鹏带领50余名专业消防官兵，通过专业的系列演练活动，进一步提升了城外诚干部职工及卖场营销的消防知识和防范技能。百日安全成效显著。在此次警民联合消防大演练的活动中，城外诚总经理刘长河为60余名“百日安全”先进员工和营销员奖发了荣誉证书，并对“百日安全”活动取得的圆满成果给予了充分肯定。据了解，城外诚“百日安全”是今年7月7日正式启动，以“提高安全意识、同创和谐社会、共享平安生活”为主题，旨在进一步宣传和普及安全知识，提高安全防范意识，强化各项安全规章制度的贯彻落实，杜绝各类违章和安全事件的发生。为确保城外诚平安家居卖、营造更加安全放心的购物环境，并将此作为向建国六十周年献礼的一项重要活动。在为期100天的安全活动中，城外诚干部职工踊跃参与、积极行动，义务为安全巡逻活动奉献节假日。据工会统计，共计426人、奉献2000余个班次，在以总经理刘长河为组长、各部门负责人为成员领导小组的带领下，通过宣传动员、自查整改及总结经验三个阶段，确保活动质量，最终达到了预期目标，使“百日安全”活动取得了圆满成果。警民联合首次演练。 “生命至上”，人的生存是一切事务的前提，“发展是硬道理，稳定是硬任务”，消防安全是企业生存和发展的前提。城外诚总经理刘长河把安全生产作为常抓不懈的重要工作，企业不惜巨资投入，购买专业消防车辆、聘请退伍消防兵，从硬件和软件上组建了一支素质过硬的消防应急小分队，并在企业内进行多次的消防演习。此次，城外诚消防应急小分队与华威消防中队的联合大演练，是一次大型的警民首次联合演习，实现了“高规格、大规模、专业化”的局面。在活动现场，按照预定方案，在指挥员的发号施令下，6辆消防车、50余消防官兵到场进行灭火救援，启动消防水泵、铺设消防水带、实施救援、紧急撤离……整个现场紧张有序。消防官兵动作敏捷、配合默契，参演人员沉着冷静、有条不紊，华威中队消防官兵和城外诚消防应急小分队的精彩演练，赢得了在场领导和员工的阵阵掌声。此次警民首度联合大规模的消防演习活动，取得了圆满成功。活动结束后，城外诚总经理刘长河以及华威消防中队队长黄鹏对这次演练活动的圆满成功给予了充分肯定。通过高强度、高规模、高水平的演习，既大大检验了消防官兵的应急能力，也让企业消防应急小分队在演习中到了锻炼和提升，增长了消防队员扑救火灾的能力和素质，全员共同参与消防的意识得到全面提高，为实现企业安全生产、地区和谐稳定提供了重要保障。,3,4,0.8758355975151062
城外诚刘长河：心有多大 舞台就有多大主持人：您曾经说过消费是一种享受、是一种体验、同时也是一种情感支出，我想问您一下，假如您是城外诚的一个全新的客户，或者是城外诚的一个忠实老客户，当您五一之后再走进城外诚的时候，您有什么感触，会对此次升级满意吗？刘长河：卖场改造呢投入了很多精力，就是从一开始有想法，到实施。说是想升级实际操作起来点点滴滴，到底怎么来操作。最后出什么样的效果，他的报价怎么样，包括他的导示灯光，包括瓷砖，选那的、质量怎模样、装完之后能不能保证质量，价格还得合适。反正做一次改造是一次特别麻烦的事情，咱么都知道家里做一次装修，就是有人给你干活你得劳多少神那，一个月的时间组织人力财力物力，最后除了很好的效果，反正是酸甜苦辣我认为非常值得！如果我是消费者，我倒着肯定是眼前一亮！因为做了那些东西我都知道我天天在这呆着都感觉很很好！更何况以前来到过这，突然看到这种效果，你不管是地面灯光，厂家的这种要求，然后统一装修，环境色彩方面。应该说没少用心，不单单是在北京，就是在全国方面家居行业里面，来城外诚参观的这些家居界大碗们应该说感觉城外诚这次装修之后很成功！跟我说有的都很震惊。怎么效果这么好啊，这也就是这么多年的积累。主持人：卖场改造之后新上了很多设备，为城外诚的科技含量镀上了一层金，之后城外诚在信息科技方面有什么样的发展计划？刘长河：应该说城外诚这次也是自己对自己的一个突破，收银这块是吧。也是一个多赢的局面，消费者把钱交到城外诚来踏实，因为城外诚是品牌。我们是做店经营，以德经商的这种口碑宣传，以前没交到城外诚，城外诚都是消费者的保险公司，现在交到城外诚了，对消费者、对厂家都认为我们是讲信誉的该返款的时候我们返款。对厂家的管理力度我们可以进一步的加强，因为有块在城外诚这方面攥着呢，因现在的公司没有任何一家企业愿意自己的质量出问题，就是真的出了问题我这有控制厂家的资金啊！所以肯定不会慢待消费者，所以统一收银这一块呢得投入，所以我认为这是规范市场的一种举措吧。这也是城外诚改造升级的一个方面。另外从消防安全方面，我们也进行调整。我想作为一个企业首先从硬件上满足现代化设施的这种需求同时也是为企业长治久安做好各方面的准备呗！也就是说企业有实力了以后就有长远打算，给其企业奠定一个发展基础！主持人：回顾城外诚的发展历史、我们知道城外诚在不同的阶段完成了您刚才说到的创业、生存和品牌这三个蜕变的过程，请问城外诚在将来还将有什么样的大动作？刘长河：我们的动作呢就是不断地完善自我，在行业里永远立于不败之地！恨不得将来再跨行业经营，都是很有可能呢。你像去年我们搞的艺展成功了，那么我们今年提出了搞婚庆产业基地，这也是我们一项新举措，它是家居产业的龙头，从搞对象到结婚开始就了解城外诚。一看这有这么多好家居，以后肯定在这买了，这就是一个潜在消费群体的吧，婚庆产业包罗万象还有好多妇女儿童产品，将来结婚后所有信息我这都能掌握。现在家长对子女的投入应该是一点都不吝啬！这也是应该是我们比较前瞻性的一个思维，要创新。要对企业将来打下一个非常坚实的一个基础。主持人：心有多大舞台就有多大，城外诚的心有多大？刘总的心有多大？刘长河：你也看到了就是说城外诚所有的事应该都是大手笔，你看城外诚四周的建筑也好是空间也好、没有一地方是小气的！一般的我还真看不上。我的心气还真是特别的高，也就是野心特别大，就是老得有新想法新动作，别人都是不敢想的，别人认为是我这是走门的但是实践证明我这是企业文化，你比如说你企业弄一个火车头干嘛？火车头这是一种企业精神那！大家看着好玩，企业有一种内涵。我觉着做企业要大气，做人也要大气！所以说做企业也就有后劲。主持人：好的，谢谢您！,3,4,0.9244649410247803
大家能不能不那么寂寞啊正文玩了寂寞，又玩浪漫，我看我们这代人真的是没什么玩了，我们下一代也没什么玩的。我们这几代人小时候玩的不健康向上，到现在变成数字移民也是胡作非为，90年后众NC是原住民，不能在现实生活鸡飞狗跳后，不分先后的终于都无聊了。首先定义下NC，简单来说可以定义为小时候被猪亲了之后又被驴踢了门夹了，通俗点的定义就是脑子不想事，基于这一点，很多70、80年都是NC，90年后更是NC中的极品NC，也就是NC中的战斗鸡。众NC们先反思下自己的生活，有多少人是一天到晚混在网上无所事事的？玩的一样比一样弱智，半夜三更偷菜啊，AV舞啊，一个魔兽停服，几百万人无聊啊，玩完了回家吃饭玩寂寞，横空出世了一个寂寞党，随便到哪看看，网络上满版荒唐言，遍地寂寞党，然后还没完，寂寞党玩得不疯，浪漫派又冒出头来了。早阵子砖家叫兽们说，每天上网时间多于6小时的就是精神病，这话没错，一般精神病都不喜欢别人说他们有病，NC们哎，天天喊着寂寞，不是有病还是有喜啊？土鳖们，没钱不要装孙子，你们有钱也就一暴发户，看你们每天在干嘛，天天说棒子抢我们东西，天涯上自己在骂中医，鲁迅那老FQ没教你们一点好样！看看天涯每天都在讨论什么啊，杂谈上那个自称是日本MM的报道帖，也是20多万点击数千回复，土鳖子，没见过女人啊？说没见过穿衣服的日本女人，恩，隔着千八百里的网线你能看到什么？那回复就更别说了，真要是一国际友人，还以为中国男人怎么怎么的，全是JB长在嘴上的还是怎么着？一旦有女的晒照片，征婚，那回复，比个天安门游行还要壮观点？寂寞啊寂寞啊，丢脸丢到国际互联网上来了。有精英一出来立刻就被砸砖说装B，中国的精英文化已经被你们这些恶俗的无聊文化折腾的岌岌可危，就说天涯，顶无聊的了，多少民智人士被迫离开了，越玩越低俗，国际友人都过来看笑话。想不想知道自己是怎么变蠢的？众位NC，请开动你们所剩不多的脑子想想，若干年前，你是不是记性还不错，碰到什么事还知道动脑子，现在，估计就是拿笔写字也写不出几个简体中文版的了吧？达尔文的进化论是骗小孩的，网络就在让你变蠢，《蠢蛋进化论》看过吧？像现在这样，有什么不明白的问百度问谷歌，问万能的天涯，泡妞玩深沉搜几段经典B语，论文不会上网抄，好吧，青春期性启蒙，上网可劲儿看日片吧，偷偷看的时候很“心神不宁”吧？绿霸了吧？不用自己动脑筋，会用工具就行了，靠装备算个毛啊！CCAV总是说古人好睿智，前人好NB啊，有长城金字塔，瞎扯淡，那是因为现在的人更SB了，NC要分级，肯定是90大于80大于70，所以90年后，你们也不用反驳了，你们要说自己是祖国的花朵朝气蓬勃，我靠，太监都会笑得射出来。据说中国是世界上BBS最流行最多的国家，泡论坛的，有相当一部分是没什么钱装B的，还有相当一部分是连装B都困难的，天天无聊狗咬狗一嘴毛。都是一群废物，说你没出息就是没出息，有出息的人天天在网上喊寂寞，偷菜？网络就是个工具，别去信TM的互联网等于生活，有瘾啊，每天也许就是在网上跟人妖扯淡，JB都沤出绿毛了还不知道，NND，寂寞了，你妈叫你回家吃饭啦！宁愿每天YY着自己一身武林绝学，几万吨的黄金放在花旗银行发霉，玉树临风风流倜傥那是必须的，一年三百六十天，每天都换不同的女人，就是不肯动手去做点实际的，成功的男人为应付女人发愁，废物们每天在网上搜罗八卦隐私，然后喊，哥好寂寞，哥不要吃面，要吃寂寞……网上的民智都死光了，要不就是属乌龟王八DAN的！寂寞完了，还不够，再玩点新鲜的吧，早几天又出了新玩意，优酷首页有个据说是硫酸雨导演拍的视频小样，视频就不提了，只是视频里的对白那就完全是针对无聊寂寞来的，两个00年后小同学把寂寞派的所谓经典对白一顿乱搞，多丢人呢，言外之意，装B谁不会，一点技术含量都没有，小P孩都照样学得会。另外，做大人的自己想想，你们无聊归无聊，寂寞归寂寞，别带坏小孩子，可以不？你愿意你的宝贝儿天天跟你说：爹，哥我很寂寞，然后装忧郁型？那我更愿意听我儿子说：爹，您可真浪漫呀~~嘴贫不是缺点，关键是要贫得有品位，有意境。话说回来，跟任何网络事件一样，这个视频一出，在寂寞党这个广大的群众基础上，又来恶搞了，所以我说寂寞党一无是处，骑墙派，现在口口声声又姐要的不是寂寞，是浪漫了，是啊，非浪漫不河蟹啊~~NC们，你们既然喜欢趴在网上无聊，你们就继续恶搞吧，你们反正毁词不倦，现在有哥吃的不是面，是寂寞；也有姐要的不是寂寞是浪漫；有你妈叫你回家吃饭，也有妞，过来咱们浪个漫；有不是寂寞不发骚，也有非浪漫不回帖，没有传播力吗？扯，福娃这名字多差，一听就一股浓郁的乡土气息扑面而来，不照样张口就来的。真正的浪漫是有钱有品的生活，NC与土鳖玩不起，你们玩也是个山寨，你们愤愤不平恶搞的时候，人家早在现实生活中玩儿情调了。你们也只能恶搞，拯救地球没你们的份，活该你们只能对着显示器高潮。,3,5,0.9034999012947083
天价吊灯惹众怒 中石化承认2.4亿元装修旧楼北京消息 近日，“中石化大楼安装1200万元天价吊灯”、“中石化2.4亿元奢华装修惹众怒”的帖子在网上迅速传播，“天价吊灯”的传言一石激起千层浪，中石化再次被推上风口浪尖。记者为此展开了调查。中石化有关人士18日接受记者采访时表示，天价吊灯1200万元的说法与事实不符。据该人士介绍，位于中石化大楼中厅的吊灯高4米、直径6.5米，主要材质为水晶和镀铜钢板，从设计、制作到运输、安装，全部造价为156.16万元。“装修工程中吊灯的采购安装按规定程序进行了单项招标，共有5家公司参加了该单项的竞标。应当说，吊灯的采购安装经过了严格的招投标程序和严密的监管过程。”该人士表示。关于网上盛传的中石化奢华装修工程，中石化有关负责人表示，实际上是中石化小营办公区旧楼维修改造工程。中石化方面向记者证实，上述四栋陈年老楼的维修改造工程总预算确实是2.4亿元，其中内装修费用为5925万元。,3,4,0.6725369691848755
太阳雨董事长徐新建捐1000万元风头盖首善近日，备受期待的2009中国慈善排行榜在京揭晓，入榜慈善家121位，共计捐赠18.84亿元；入榜慈善企业899家，共计捐赠117.95亿元(含物品捐赠)。去年获得“中国首善”称号的江苏黄埔再生资源利用有限公司董事长陈光标没能如愿卫冕“中国首善”称号，世纪金源集团黄如论、黄涛父子因现金捐赠第一名而获得“中国首善”称号。虽未荣登首善，但陈光标以其博大的慈善精神，高调的善行壮举，获得了社会各界的认可，中国慈善排行榜组委会特授予陈光标“最具号召力的中国慈善家”称号，以冀望陈光标先生继续“善行天下”，成为引领中国慈善事业健康发展的一位出色旗手。四川宏达集团董事长刘沧龙的企业在地震期间遭受重创，但仍第一时间捐资支援灾区，获得“2009慈善特别贡献奖”。香港英皇集团主席杨受成、深圳航空城(东部)实业公司董事长李爱君等被授予“2009中国十大慈善家”称号；中国人寿、加多宝集团、恒源祥等荣获“2009中国十大慈善企业”称号。在当晚举行的中国慈善排行榜明星慈善拍卖会上，原本应该是上午刚刚获奖中国首善、慈善家、慈善企业“表演”的舞台，却被一位并没有“宝冠”加身的隐形慈善家——太阳雨太阳能集团董事长徐新建抢得了风头。手持007号牌的他不仅是在最后时刻以全场最高价207万元拍得几十位到会明星现场制作的明星手模，而且还当场宣布捐赠1000万元，用于中国公益事业。徐新建在接受记者采访时表示，太阳雨太阳能一直热衷中国公益事业，去年牵手残奥，成为残奥助威团全程独家合作伙伴，启动全球海选，在全球范围内关心残疾人关注残奥会。在四川地震的抗震救灾中，太阳雨第一时间捐款捐物300多万元，成为太阳能行业首家为灾区捐款的企业。徐新建还在余震中亲自带领24名太阳雨志愿者深入灾区，先后捐建灾区7个太阳能浴室，并且捐建了首家抗震春蕾小学。徐新建说：“上午参加完中国慈善排行榜颁奖典礼，他非常感动，也希望能向那些获奖慈善家一样，不仅自己做慈善，还能够影响周围的人做慈善。晚上参与拍卖，一方面是因此拍卖会所有款项都是用于中国公益事业，所以他们放心；另一方面，参与明星手模助拍的是他非常喜欢的潘长江老师，所以他才有此举动。”徐新建还感言：“做公益或慈善应该说是一件快乐的事情，从事这样快乐的事情，也是因为有快乐的同伴，今天晚上这么多明星都是我快乐的同伴。去年11月18号，我参加了央视的招标，拍卖师举到最后的时候，特别紧张，今天我不紧张，因为有潘老师，因为我们的钱放在慈善上，我们心里踏实。”,3,4,0.9144840836524963
"央视广告招标超百亿 晴雨表预报经济艳阳天央视广告招标素来被业界誉为“中国经济的晴雨表”。刚刚落下帷幕的此次招标总额突破百亿,创下16年以来的新高109.66亿元,与去年的92.5627亿元相比,“增收”17.1亿元增幅18.47%。舆论认为,“招标结果直接折射出市场对2010年中国经济的信心和期待。”毋庸置疑,企业到央视举牌投标这件事本身,就体现了企业家对中国经济形势向好的最基本判断。国家统计局最新公布的全国企业景气调查结果显示,三季度各行业企业家信心普遍提高,回升至120.1,比二季度提高9.9点。这是自2008年四季度以来,大、中、小型企业家信心指数首次同时位于景气区间。这些数据和事实表明国内经济主体信心正不断回升,如同10月经济数据显示的一样,虽然气候上的冬天刚刚来临,但国内经济形势的严冬正慢慢远去,继续向好的趋势正坚定地向我们走来。另外,此次中标企业涉及行业范围广泛,表露各行业普遍冲出危机阴霾走向复苏。家居建材、汽车和家电行业成为此次招标亮点行业。其中,家居建材行业增长最高,中标额增长率高达200%,显示相关行业与宏观经济刺激政策联系紧密。以格力、美的、巨人为代表的三家科技企业在此次竞争中总计投入超过3亿元,中标七段广告位或相应选择权,显示科技类公司发展后劲十足。而蒙牛、郎酒等消费产品行业公司的中标也传达出消费市场潜力正在释放的信号。数据上也表明,国内各行业的基本面都在逐步改善。刚刚结束披露的上市公司2009年前三季度业绩报告显示盈利能力继续回升:1659家上市公司实现营业总收入83860亿元,同比下降5.58%;实现营业利润10332亿元,同比增长5.46%。尽管前三季度业绩同比增速依旧负增长,但是降幅较半年报已大幅收窄。从营业利润、净利润等各项指标的同比数据来看,上市公司的盈利能力已比前期有了明显改善。来自统计局的最新企业景气度调查也显示,各行业企业景气连续两个季度在景气区间,三季度全国企业景气指数为124.4,比二季度回升8.5点。而来自财政部的信息显示,今年1至10月,国有企业累计实现营业收入178737.7亿元,同比增长0.5%。这是今年以来营业收入首次出现正增长。同时,国企利润也呈现良好增长态势。1月至10月,国有企业累计实现利润10643.5亿元,环比增长9.2%,同比下降10.6%,降幅比1月至9月减小7个百分点,显示降幅收窄速度越来越快,企业经营已经摆脱羁绊,走上发展快车道。行业基本面的好转直接影响着企业经营的决策和方向,而企业是资本市场的主体。企业持续经营能力的改善和提高又直接影响着投资者的决策,一定意义上直接构成股市宏观基本面。只有企业这个市场元素真正向好,才能保证市场的茁壮成长。而商务部本月16日发布的监测数据显示国内消费市场正加速回升。全国千家重点零售企业零售额同比增长11.8%,增速比9月份加快1.2个百分点,创下今年以来的最快增速。由此看来,在各项政策刺激下,伴随行业层面的积极转变,中国经济的第三驾马车也跃跃欲试、扬鞭奋蹄了。一个广告招标会,因为有了全球经济危机的背景而备受瞩目。而这份有史以来最高中标额,折射出的是社会经济主体及其决策者的信心恢复与对经济后势的判断,同时也折射出国内各行业基本面的全面复苏与消费这驾马车不负厚望的启动。在经济全面回暖的情势下,资本市场的明天就更加值得期待。",3,4,0.9199408888816833
奥巴马的家：重点保护对象(组图)在迈阿密见过奥巴马后，第二天记者往西北远上芝加哥。住下后的第一件事，就是去寻找他的家。奥巴马的家位于格林伍德大道5046号。这一带虽然距名校芝加哥大学不远——沿着格林伍德一直往北就到芝大，却属于治安名声不佳的芝加哥南区。向几位当地人问了路，记者乘坐著名的高架铁路“绿线”，在第51 街站下了车。出站后马上就能感受这里的危险性：外面有三三两两的黑人青年在闲逛、打量行人。由于胸前挂着相机，记者退回站内。这时又有一位中年的黑人妇女上前问：“你会说英语吗？”得到肯定回答后，她拿出一张标着5美元、貌似食品券的纸条，好像想兜售给记者。“你别去惹人家！”检票处的黑人胖大姐向她喝道。“好好好，你是老板。”那位中年女子讪讪走开。记者向那位好心的大姐打听。她证实说：“这里是不大安全。偷东西、抢劫的都有，还有打枪的呢。你要当心一些。”她告诉记者，在门口坐15 路车，就可以到要找的地址；她以前不知道那里就是奥巴马的家。15 路车来了， 记者谢过检票大姐上了车， 问司机师傅应该在哪站下。和大多数美国公交车司机一样，这位叫阿历克斯的黑人小伙也很肯帮忙。“那个站现在不能停，我会让你就近下车。”一听说记者从中国远道而来， 找的就是奥巴马的家， 他一直开到离奥家尽量近的地方让记者下车，并介绍说他在奥巴马没有竞选总统时就认识他了，也和他握过手，尽管彼此不很熟悉。记者下车刚拍了第一张照片，前面警车中就出来一位穿黑色防弹衣的黑人女特工，说：“这儿不能拍照，要拍只能到对面铁栏杆后的指定区域。你去问那辆警车上的警察和特工。我们也不接受采访，要采访得打华盛顿美国特勤局的电话。”她旁边站着一个穿制服的芝加哥当地警察。记者过了马路，沿着铁栅栏走到另一辆警车附近，一位穿套头衫的壮实特工就微笑着向记者说了几条规矩：不能再往前，不能拍周围的保安措施，特工不接受采访。“至于我们的CPD(芝加哥警察局)同事是否愿意接受采访，你得问他们自己。”说罢他指指旁边穿深色警服的一个警察。对方摇摇头，说：“我也不接受采访。”奥巴马家是一幢单门独户式红砖楼房，下面被绿树捂得严严实实，只有上面露出一小部分：斜屋顶、老虎窗、两个烟囱和一个碟形卫星天线。这一带的楼房、环境都不错，比刚才的绿线车站强多了。难怪这幢房子能值上百万美元。奥巴马家门前的东西向马路是海德公园大道东段，路面朝他家一侧的三分之一宽度被水泥路障隔为禁区，竖着“禁止进入”和“限速30 英里”的警告牌；东边朝着的格林伍德路同样如此。路对面有一座圆顶大教堂。记者见从格林伍德路走出几个行人，便问那位男特工：他们要偷拍不是很容易吗？这位特工休姆回答说：“没错。但我们知道这些人是谁。况且一旦被发现，他们就会丧失从这里路过的权利。”记者拍了几张照片，见天色渐暗，没什么可拍，就掏出小本子记下观察到的东西：5 辆警车和若干辆无标志的特勤汽车，分布在记者能看到的西、南、东三个方向；警员和特工至少有10 人；路口三个人闲着无聊，正在那里说笑。“对不起，您在干什么？”走过来一位特工。记者解释说，既然一些角度不让拍照，我就随便记点东西，还给他瞄了一眼笔记本。“哦。我们这里也是不能画防卫部署示意图的。”美国警察和特工都比较文明，不会强行要求看你拍的照片和记录的文字。尽管作为外国人，记者不受宪法第一修正案保护。“不好意思，你得走了。”过了不久，特工休姆过来催促，“我们的规定是车辆和行人在这里不得停留。给你的时间已经比给其他媒体的多了5 分钟。”在等15 路车回火车站时，记者碰到同站候车的一个白人女孩。她名叫葆拉，来自圣路易斯，是芝大英文和音乐系学生，几个月前刚在这里租了套宿舍。“我是搬过来后才知道奥巴马住这儿的。”她说，“除了车站改了地点外，其他倒是没有什么不方便。当奥巴马的邻居可能算是一项优点吧。”她笑着说。不过，和很多菲尼克斯市民都说不一定会投票给麦凯恩一样，葆拉也说她尚未决定投谁的票。让记者印象深刻的一点是，当地很少有人知道住在同城的总统候选人的住址。他们似乎缺少好奇心，也不会因某人是同乡就支持他们，或以他们为荣。,3,5,0.8148801922798157
妍玲设计行-德国大众狼堡环保体验馆环节2. 商业课题启示：《妍玲设计行-德国大众狼堡环保体验馆》德国著名建筑师Jurgon Mayer为大众汽车城设计的LEVEL GREEN环保知识和体验馆，营建成熟的环保理念并将其实施创意呈现，前卫而新颖的设计也是初次在中国媒体亮相。论坛： 绿色革命，还是商业噱头？——品牌对于环保的影响《纽约时报》的专栏作家托马斯•弗里曼曾经说，目前看起来轰轰烈烈的绿色环保运动充其量只能称为一场绿色派对而绝不是一场绿色革命，因为大家只是把一切装扮成绿色而已，所谓的“绿色革命”并没有“伤亡”。或许我们可以把弗里曼的话理解为，现在品牌在环保领域里的努力并没有触及到实质投入，“绿色”只是作为一个时髦的标签成为了品牌自我促销的绝好手段？著名创意品牌顾问江绍雄以犀利幽默的方式拷问了两位论坛嘉宾：打造了北京第一个“自然空调”公寓GRAND MOMA的当代集团总裁和以TCL品牌战略总监左迪。,3,4,0.8141800761222839
孙威：2010年将视角向下游努力(图)    孙威：实际上我们从06年开始在内部建设上就提出了一个概念，叫“韬光养晦”。2010年我们有一个小的变化，就是我们所提供的服务更加完善了。可以这么说，之前一直在上游努力，从2010年开始我们会向下游努力。我们在十里河正在建一个8000平米的门店，就是自有渠道。当然自有渠道的建设，不光是线下的，我们也在推互联网业务，在线上渠道来扩展。比如你的产品，你的供应链，你的服务标准化都已经做好了，接下来的事，因为我们信息化建设是自己开发的，一直在做，从来没有停止。我们离电子商务的距离有多远，可以说很近，我们现在叫商务电子，就是我们已经把我们的商务电子化了。其实电子商务无外乎就是在网上的一个展示，我们已经完成这个商务电子化了。我们要在线上线下做一个连接，因为之前家居行业做电子商务，最大的困扰就是上面做得好下面做得不好，所以我们要找一个非常适合家装的解决方案。我们可以把上下对接起来，我们不是天敌，我们可以是互补。我们在谋求这样一个尝试。所以2010年，对于实创来讲，定位既是往上提升，也是横向纵向扩张的一年。张永志：比如我装修完了，其他的消费链很多，怎么把这部分客户利用起来，我们的业务可能会有很大的空间。张钧：把自己的事做好，至少会翻番。杨轶：孙总，你们每一个客户都有备案吗？孙威：我们有一套深度开发计划。杨轶：好的，今天咱们的议家居事厅栏目就到这里。我们新浪这边也会把近期家装行业的变化通过这个栏目随时告诉大家，我也希望家装公司能够更加标准化，让消费者和我们装修公司之间不要有任何的矛盾。如果有矛盾，相信通过我们的媒体也可以化解这个矛盾。张永志：春节马上要到了，请各位老总和贾会长跟我们网友说句话。孙威：祝大家身体健康，新年进步！贾中池：祝大家在虎年取得更大的发展，为客户，为企业，协会做更好的服务！张钧：和谐发展，共同奔向未来！杨轶：谢谢！(结束),3,4,0.962274432182312
孙威：行业竞争不可规避 良性竞争最重要     孙威：这个行业已经很好了，但是现在很多企业也不是很安分，但是在追求跨界的发展，所以混合竞争的态势很难避免，规避这个竞争我认为是不可能的，但是我提倡良性竞争，不要通过不正规的手段去诋毁可能不是竞争对手的对手，我觉得这个刚刚起步，未来的商业格局、商业模式到底如何，大家都在探讨，我以前经常会引用一个初中就学过的知识，比如说生产力和生产关系的辨证关系，就像张总讲的，他的商业模式是根据他的体能、生产力决定的，如果你的产品线不丰富，拿什么开独立店，所以我想还是乐观的面对，大家去探索，可能未来十年，我们再回来看今天的时候，我们觉得很难读懂是为什么。       尹勃：大家的发展是在一个公平的平台上，不管是卖场的同行也好，厂家的合作伙伴也好，还有就是有一些专卖店也好，都是一个目标，都是给消费者做好服务，把这个行业健康的发展起来，我也希望2010年大家变恶性竞争为良性竞争，把这个劲儿都用在为消费者服务上。,3,4,0.8104895353317261
孙群：回潮只是表面 而忽略真正的健康关系 段妍玲：我觉得因为刚才您说的对，我们要上装修大学，我觉得这应该是设计师和开发商的工作，现在一步一步好起来了。我觉得我们听了很多专业人士的想法，我们听一下孙总的，因为他也是文化批判人士，我们听听孙总对这个城市规划的一些看法。孙群：收到邀请我很高兴，张啸吟博洛尼以善于制造名词而著称，我听到这个名词叫回潮，我跟其他几位一样为什么叫回潮。后来看了他写的文案，我想这就是我们看到的回潮。我为什么觉得很奇怪？是因为我们往前看的时候为什么还要回潮呢，有什么东西可以回潮。可以看到说，这个文案上有那么多现象是回潮，那么有这么多现象我们看来政府说的一些理论也不对，不是说每一次进化是新事物代替老事物，有时候老事物会回来。在肯定这个词的时候，进行这个名词起的太新了，使得我们刚开始前面的讨论有点，大家都不知道在讨论什么，就是每个嘉宾在努力地向主持人靠拢，就是到底讨论什么话题。什么是回潮？有一些表面的现象可以讨论怎么回潮的，包括在这个地方我们也看到了一些回潮。但是有一些我们看不到的层面是不是在回潮？我觉得没有看到回潮。为什么呢？我举一个例子，在二十年前在我上高中的时候，那个时候八十年代初的时候，曾经出验证，过一个高考的作文题目，叫先天下之忧而忧，后天下之乐而乐，有一年题目是这样的题目，那个时候我还不知道这个句子，那个时候对大学生很敬仰，我想居然要理解这句话才能当大学生。二十年后我们的作文题目叫隐形的翅膀，这个就让没有办法获得大的权利的人不断地自我安慰，自我按摩的一个宣泄，告诉大家我们受到挫折，我们自己还是坚强的。二十年没有看到在思想层面的回潮，这个二十年到今天为止我们看到什么样的回潮？没有。我想在未来几年这种社会真正的潮流会走到社会的台面来，我想做企业的也好，做品牌的也好，做媒体也好要很认真的看待这个现象，刚才我们的宫总说到了这个现象，就是有关做房地产的，我要想的这个命题就是我们在房地产行业这个回潮，实际上是指一个真正的关系的回潮，到底是什么买卖关系是一种真正的健康的关系。因为在过去二十年我们一直在往前跑，我们忽略了真正的健康关系。未来会不会在客户关系方面，买卖方面有好的回潮？没有看到。现在我们在斗争理论的引导下面，大家都不斗也得斗，不知道谁怕谁，不是说真正吃亏才吃亏，是没占便宜才吃亏等等一些现象，让我们想在这个领域的回潮什么时候才会发生。所以今天我想号召大家，讨论一下看不见层面的回潮可能更重要一些。,3,4,0.6642758250236511
孙群：未来几年这种精神潮流会走向前台段妍玲：我觉得因为刚才您说的对，我们要上装修大学，我觉得这应该是设计师和开发商的工作，现在一步一步好起来了。我觉得我们听了很多专业人士的想法，我们听一下孙总的，因为他也是文化批判人士，我们听听孙总对这个城市规划的一些看法。孙群：我们是弱势群体，我们没有批判的权利，只有发牢骚的权利。收到邀请我很高兴，张啸吟博洛尼以善于制造名词而著称，我听到这个名词叫回潮，我跟其他几位一样为什么叫回潮。后来看了他写的文案，我想这就是我们看到的回潮。我为什么觉得很奇怪？是因为我们往前看的时候为什么还要回潮呢，有什么东西可以回潮。可以看到说，这个文案上有那么多现象是回潮，那么有这么多现象我们看来政府说的一些理论也不对，不是说每一次进化是新事物代替老事物，有时候老事物会回来。在肯定这个词的时候，进行这个名词起的太新了，使得我们刚开始前面的讨论有点，大家都不知道在讨论什么，就是每个嘉宾在努力地向主持人靠拢，就是到底讨论什么话题。什么是回潮？有一些表面的现象可以讨论怎么回潮的，包括在这个地方我们也看到了一些回潮。但是有一些我们看不到的层面是不是在回潮？我觉得没有看到回潮。为什么呢？我举一个例子，在二十年前在我上高中的时候，那个时候八十年代初的时候，曾经出验证，过一个高考的作文题目，叫先天下之忧而忧，后天下之乐而乐，有一年题目是这样的题目，那个时候我还不知道这个句子，那个时候对大学生很敬仰，我想居然要理解这句话才能当大学生。二十年后我们的作文题目叫隐形的翅膀，这个就让没有办法获得大的权利的人不断地自我安慰，自我按摩的一个宣泄，告诉大家我们受到挫折，我们自己还是坚强的。二十年没有看到在思想层面的回潮，这个二十年到今天为止我们看到什么样的回潮？没有。我想在未来几年这种社会真正的潮流会走到社会的台面来，我想做企业的也好，做品牌的也好，做媒体也好要很认真的看待这个现象，刚才我们的宫总说到了这个现象，就是有关做房地产的，我要想的这个命题就是我们在房地产行业这个回潮，实际上是指一个真正的关系的回潮，到底是什么买卖关系是一种真正的健康的关系。因为在过去二十年我们一直在往前跑，我们忽略了真正的健康关系。未来会不会在客户关系方面，买卖方面有好的回潮？没有看到。现在我们在斗争理论的引导下面，大家都不斗也得斗，不知道谁怕谁，不是说真正吃亏才吃亏，是没占便宜才吃亏等等一些现象，让我们想在这个领域的回潮什么时候才会发生。所以今天我想号召大家，讨论一下看不见层面的回潮可能更重要一些。,3,4,0.6390055418014526
宜家进驻大兴开购物中心在昨天举行的大兴区地铁沿线生产性服务用地信息发布会上，首家通过“招拍挂”在京拿地的外资公司——瑞典宜家家居日前成功拍下30万平方米的地铁大兴线西红门商业综合区二期用地。除西红门商业综合项目外，大兴区在下半年还将推出枣园路土地一级开发项目、新城核心区和生物医药基地东配套区三个地铁沿线项目，规划总建筑面积近650万平方米。 “宜家将对该地块进行综合开发，建设一个大型的购物中心——除了包含宜家家居亚洲最大的旗舰店外，还将有400多家各种业态的商户进驻。”宜家亚太地区总裁杜福延说。大兴区发改委有关负责人表示，宜家家居西红门商业综合区用地不仅是北京沿五环周边规划的六大商业中心之一，也是大兴区2009年最大的商业项目。而围绕着地铁大兴线，大兴区以地铁站点为基本节点，规划了地铁沿线生产性服务业集聚区。具体包括宜家家居所在的西红门商务区、金星商务区、核心区综合服务区、医药基地研发商务区和物流商务区。除了西红门商业综合区项目外，大兴区还将推出枣园路土地等一级开发项目，规划总建筑面积约650万平方米。(记者刘宇鑫),3,4,0.9144477844238281
宫铁军：在借鉴基础上超越也是一种文化宫铁军：刚才许总说的特别激烈，有点不同意见补充一下，房地产没有这么无耻，虽然比较弱势，是这样的，说几个例子，日本战败之后应该说不管从文化上还是说从建筑上应该说一段缺失，从美国来讲，特别是在战后那一段是有一段文化侵略的，从安腾来讲和一些现代大师那么用一些行动来呼唤日本的建筑，他们非常有民族的感情去做这件事情，做完之后也是在几十年之后实现的，因为毕竟来讲日本是靠美国资助的，他没有能力完全拒绝文化侵略。    刚才说三里屯也好，很多项目，它有一点，就是它的尺度是日本设计师在做，在做的时候我们希望有中国的，毫不讳言，万科做的很多项目我们希望在借鉴基础上超越，如果没有借鉴，单纯谈创新可能来讲我们不可能去回归过去四合院的文化，我们没有那么多地。    所以我特别尊重万科，也在研究万科，比如万科在无锡做的围合大院，那就是规划理念完整的一个尝试，东西向占了很大比例，一个大胆的尝试。(牡丹西腾)认为100米×100米很好的的尝试，大比例的东西是不是能够打破东西向不好的这种。因为塔楼和板楼，塔楼是现在比较省地的一种方式，塔楼能不能做到节能。我也看到万科在南方做的一种新的形式的塔楼，包括原来很早以前崔大师做的现代城，其实我们可以看到塔楼里面并不是传统的我做的一个盒子，它也可以创造一个空间庭院出来，可以给人一种公用的庭院。所以说我想就是说没有，因为房地产并没有三十年，中国房地产严格来讲也就是13年，从南方算起有十几年时间，所以说在这十几年里，包括万科在天津做的项目，完全是仿制，但是他在这个基础上创新了，去做了。现在不提哪个公司了，在北京做了一个园林非常好的项目，也是西班牙风格的，实际我们看的时候，也很清楚地看到借鉴也好，抄袭这种感觉出来，但是它给业主带来最大的享受，它把园林，我们叫女性杀手，就是女同胞如果看了这个住宅的话很难，如果你有一定购买力的话很难脱身而去，很容易下单。文化和知识在这点我觉得去品评，因为我们现在讲欣赏这个事，用思想体系的话，就是我们什么时候有信仰来支撑我们这个文化，这不是我们探讨出来的，因为跟我们的体制有关系。我去过很多地方，去学国外到底怎么管理物业的，确实物业是中国从香港来的一个举动。比如说万科管的好，为什么管的好？连一个自行车出去都管理，有错吗？这个如果放到三十年前，这简直把我们的邻里关系进行了颠覆，但是到了今天我们说万科物业服务做的好的非常典型的一件事来说，这也是我们学习的典范。人和人的关系什么时候能够回归到我们希望的那种，这个不是我们坐在这儿能解决的，这需要一个过程。    我恰好在欧洲学了一个月的欧洲资助中国城市化课程，瑞典，丹麦等他们的政府在做廉租房的时候考虑到现在的规划，包括车位，车库所有这些，如果我们真的能去学习，即使是抄袭又有何妨。开句玩笑说我们是奉献的一代。日本人很尊崇这个。我最不认同许总的一点，就是你不能只批判不做。就是说我支持而后勇，我还是要去做。中国的廉租房，经济适用房不是说出了几个贪官，出了几个腐败就不要经济适用房了。其实你刚才说的那句话很对，中国从骨子里不想租房子，廉租房是解决更低收入住房的问题。在信息化这么发达的情况下，难道中国就没有办法解决最公平的问题吗？我想这个信心都没有话，中国就不用发展，中国现在连出重拳去整治腐败。我觉得遗产税这些在未来一定会出现。,3,4,0.987987220287323
宫铁军：怀旧和回潮 小众精英对快乐追求杨熙：感谢赵处长讲了好多关于城市规划的东西。今天到我们现场我想各位嘉宾都代表各个层面的相关的关于城市，和咱们相关话题的朋友，所以我想先请咱们雅世集团宫总跟咱们分享一下这个话题。宫铁军：赵处长刚才讲的很好，我都不知道该怎么讲了。邀请我来我很高兴，这儿来了很多朋友，到这儿来有一种怀旧的感觉出来，跟这个主题很贴切。每次到这儿来的时候总感觉又回到了上学的时候，或者更久远的时代，或者我没到过的时代，好像通过设计师去处理的一个手法让我仿佛又回到那个年代去。作为开发商的理解，我们这代人年轻一些，一直往直路跑，不敢停下来说我真的去怀旧，没有这么多时间去做。实际上作为一个行业，一个产业来讲需要一个健康良性的发展，不能大起大落，像中国的金融股市一样，动荡式的走向，因为不动产作为一个重要的资产，作为中国传统的观念来讲，我们作为居住，保值，乃至投资的一个重要手段，所以不希望说中国人去体会那种资产高速膨胀，膨胀之后又高速贬值，当你分享快乐的时候那个痛苦随之而来，在不久的未来会来到。所以我特别希望中国房地产能有良性的发展，给我们每个住户提供真正能够安心的，持久能够享受到的一个居住文化。所以这个和我下面谈到的文化也密切相关。因为无论九朝会也好，还是刘老根做的，郭德纲做的这些等等，都是小众精英式的，只有小众通过自己的积累去怀旧也好，回潮也好，更广泛的人群上享受不到这样的快乐，他们只能通过媒体或者其他的渠道来得到自己需要的享受快乐。        房地产口碑虽然不好，但是它实实在在承担着给老百姓建造房屋的责任，所以作为开发商来讲我觉得建筑有一个很重要的职能，就是说有一句话叫住宅创造人生，人造住宅，住宅创造人生，它能创造人生丰富多彩。    我总结了两点，就是说规划和建筑。规划和建筑实际上从大的方面给人的生活提供了一个文化场景，好的社区，好的规划，好的建筑，包括好的地面可以给居住在这个社区的人一个文化享受，心灵的享受，让你在这个社区里有一个大的气场，能够让你在这个社区里定得住。就像我们在九朝会里喝茶我们心可以很静地探讨过去。其实有些社区无论是塔还是板都做了一个很好的规划。在过去十年对房地产来讲是黄金十年，可能作出了很多没有这种气场的社区，包括我们改革后的十年，二十年，这样的规划可能是业主对文化的享受去在自己家居里用自己的创造去完成，因为你大的社区环境并没有给你很好的背景，一个很好的平台，那么怎么办？那么有科宝，有其他更多的家居行业，包括说我们在十多年前打沙发，打柜子。这就是我要说的第二个小的概念，当我们业主把自己封闭在一个小屋子里推敲家具的时候，实际上当这个小跟大两点结合的话，就是说不管你在怀旧，还是向前看，还是在工作，你都能有一个好的生活的享受。如果大小两点丧失其中任何一点你可能都有一种缺失，一种缺憾，就是说你不是在一个很满意，很有氛围的社区里你去做自己的小环境，每天你走出来的时候，可能这个社区本来应该让你有这种享受的价值却没有了。如果一个人总是在工作，对家居，或者居家没有特别好的追求，即使住在很好的社区里，也会感到工作等方面的压力。    所以从建筑和人来讲，我希望开发商能够响应不管是国家的号召，还是政府的号召，实际上我是想一个好的开发商能够承担起这种社会责任，把社区从规划包括家居，能够给客户提供一个持久服务的，让客户能够不用非常专业的上新浪网上天天去学习 装修知识，这个在国外看来，可能未来杨主任这个职能也要削减，在国外这是不应该有的功课，但是中国把这个研究的很好。这个对开发商来说是一件非常愧疚的事情，是我们逼迫业主去做的这个功课，再可能十五年，二十年之后希望大家更和谐地去做。最后一点就是说到对文化的，不论是怀旧还是什么，房地产现在实际提供的服务，虽然我们把所有物业管理都叫服务，但是真正从骨子里我们到底给业主提供什么样的服务？是不是从业主真正需求来去考虑提供哪些服务，这些也是我们在想，也是希望，应该说主流开发商替业主想很多这样的事情。我期盼我们这个行业早日脱离这个不好的口碑，能从服务着手，反过来能让我们在未来，业主说作为一个开发商能够给业主提供的不止是一个住宅，不止是一个作品，或者是一个建筑，更主要是一种生活方式，是一种文化，是一种持续的服务。我就先这样说一下。,3,4,0.9908273816108704
宫铁军：怀旧和回潮都小众精英对快乐的追求杨熙：感谢赵处长讲了好多关于城市规划的东西。今天到我们现场我想各位嘉宾都代表各个层面的相关的关于城市，和咱们相关话题的朋友，所以我想先请咱们雅世集团宫总跟咱们分享一下这个话题。宫铁军：赵处长刚才讲的很好，我都不知道该怎么讲了。邀请我来我很高兴，这儿来了很多朋友，到这儿来有一种怀旧的感觉出来，跟这个主题很贴切。每次到这儿来的时候总感觉又回到了上学的时候，或者更久远的时代，或者我没到过的时代，好像通过设计师去处理的一个手法让我仿佛又回到那个年代去。作为开发商的理解，刚才赵处长说我们这代人比赵处长年轻一些，一直往直路跑，不敢停下来说我真的去怀旧，没有这么多时间去做。房地产在07年开始被赵处长调控了，调控之后，好不容易要休息一下，美国次贷危机了又不调控了，不调控之后现在又出现好多争论，种种来讲都不是特别好的信息。实际上作为一个行业，一个产业来讲需要一个健康良性的发展，不能大起大落，像中国的金融股市一样，动荡式的走向，因为不动产作为一个重要的资产，作为中国传统的观念来讲，我们作为居住，保值，乃至投资的一个重要手段，所以不希望说中国人去体会那种资产高速膨胀，膨胀之后又高速贬值，当你分享快乐的时候那个痛苦随之而来，在不久的未来会来到。所以我特别希望中国房地产能有良性的发展，给我们每个住户提供真正能够安心的，持久能够享受到的一个居住文化。所以这个和我下面谈到的文化也密切相关。因为无论九朝会也好，还是刘老根做的，郭德纲做的这些等等，都是小众精英式的，只有小众通过自己的积累去怀旧也好，回潮也好，更广泛的人群上享受不到这样的快乐，他们只能通过媒体或者其他的渠道来得到自己需要的享受快乐。房地产口碑虽然不好，但是它实实在在承担着给老百姓建造房屋的责任，所以作为开发商来讲我觉得建筑有一个很重要的职能，就是说有一句话叫住宅创造人生，人造住宅，住宅创造人生，它能创造人生丰富多彩。我总结了两点，就是说规划和建筑。规划和建筑实际上从大的方面给人的生活提供了一个文化场景，好的社区，好的规划，好的建筑，包括好的地面可以给居住在这个社区的人一个文化享受，心灵的享受，让你在这个社区里有一个大的气场，能够让你在这个社区里定得住。就像我们在九朝会里喝茶我们心可以很静地探讨过去。其实有些社区无论是塔还是板都做了一个很好的规划。在过去十年对房地产来讲是黄金十年，可能作出了很多没有这种气场的社区，包括我们改革后的十年，二十年，这样的规划可能是业主对文化的享受去在自己家居里用自己的创造去完成，因为你大的社区环境并没有给你很好的背景，一个很好的平台，那么怎么办？那么有科宝，有其他更多的家居行业，包括说我们在十多年前打沙发，打柜子。这就是我要说的第二个小的概念，当我们业主把自己封闭在一个小屋子里推敲家具的时候，实际上当这个小跟大两点结合的话，就是说不管你在怀旧，还是向前看，还是在工作，你都能有一个好的生活的享受。如果大小两点丧失其中任何一点你可能都有一种缺失，一种缺憾，就是说你不是在一个很满意，很有氛围的社区里你去做自己的小环境，每天你走出来的时候，可能这个社区本来应该让你有这种享受的价值却没有了。如果一个人总是在工作，对家居，或者居家没有特别好的追求，即使住在很好的社区里，也会感到工作等方面的压力。所以从建筑和人来讲，我希望开发商能够响应不管是国家的号召，还是政府的号召，实际上我是想一个好的开发商能够承担起这种社会责任，把社区从规划包括家居，能够给客户提供一个持久服务的，让客户能够不用非常专业的上新浪网上天天去学习装修知识，这个在国外看来，可能未来杨主任这个职能也要削减，在国外这是不应该有的功课，但是中国把这个研究的很好。这个对开发商来说是一件非常愧疚的事情，是我们逼迫业主去做的这个功课，再可能十五年，二十年之后希望大家更和谐地去做。最后一点就是说到对文化的，不论是怀旧还是什么，房地产现在实际提供的服务，虽然我们把所有物业管理都叫服务，但是真正从骨子里我们到底给业主提供什么样的服务？是不是从业主真正需求来去考虑提供哪些服务，这些也是我们在想，也是希望，应该说主流开发商替业主想很多这样的事情。我期盼我们这个行业早日脱离这个不好的口碑，能从服务着手，反过来能让我们在未来，业主说作为一个开发商能够给业主提供的不止是一个住宅，不止是一个作品，或者是一个建筑，更主要是一种生活方式，是一种文化，是一种持续的服务。我就先这样说一下。,3,4,0.9912624359130859
家得宝沈阳店闭店 传言亏损2300万建设大路与保工街交汇处，沈阳地铁一号线保工街站装修已接近尾声，明年，沈阳地铁开通后将从此处经过。距这处地铁出口不到五十米的距离，就是家得宝沈阳店。然而，家得宝在沈已挺不到地铁开通的那天了，甚至连2009年的初冬也挺不过去。在2007年进驻沈阳后经历了短暂的风雨行程，世界最大的家具建材零售商家得宝终于以一纸“致顾客声明”画上了句号。 没有了往日的喧哗，家得宝即将在沈撤场的消息得到印证。 建材老大的最后告别 10月27日，家得宝沈阳店在阴郁的天气中显得有些萧条。卖场入口宣传海报上的促销字样还很醒目，但更醒目的是玻璃门上用黑笔所标识的9个大字：“家得宝已黄，只退不卖。”在店门前还立着一个“外部人员禁止入内”的告示牌，旁边还有一纸“家得宝沈阳店关店致顾客声明”。显然，家得宝在沈阳关门闭店并没有遮遮掩掩。“不卖货了，黄了！”当有顾客试图进入玻璃门时，一位穿便装的店方工作人员向顾客这样解释着。“开得不是挺好嘛，怎么说黄就黄了？”一位没让进店的顾客嘴里叨咕着。透过玻璃门，记者看到了卖场内只有少部分员工在清理卖场，一些货架上已经全部清空，只剩下还没来得及摘下的价签。 在家得宝的“致顾客声明”中写着：在2008年金融危机影响下，家得宝沈阳店业绩未能达到公司商业预期，故此家得宝中国做出商业策略调整决定，将关闭家得宝沈阳店。声明中家得宝方面还承诺为顾客提供60天的退货期，并还将继续为顾客提供优质的售后服务，从声明的公示时间算，退货的截止日期应为10月31日。 亏损2300万的传言 “家得宝将撤离沈阳的消息从今年8月中旬就在业界中流传，那时供货商们都很惊讶。”家得宝供货商之一的王先生说。“这一个月我已经和店方谈了两次了，主要是一些返货和付款问题，正在按程序办理一些相关手续。”王先生称，8月底，家得宝总部曾派人到沈阳与沈阳的供货商开了一个答疑会，向供货商做出了一定承诺，保证不会让供货商受损失。“合作两年多了，家得宝经营一直很规范，信誉也很好，就这么黄了确实可惜。”谈起这些，王先生有些伤感。 对于家得宝为何关店，王先生认为，家得宝进沈两年一直在亏损，坊间甚至有传言其亏损额已达到了2300万，当时家得宝进沈时并不是全面“收购”家世界，而是每年要向家世界付上几百万的租金，经营成本很高。而近两年沈阳建材市场整体萧条，在家得宝的旁边就有东方家园保工店、九路建材市场这些早已在沈立足的建材超市和建材市场，家得宝要想生存除了要有自己的特色，同时还需要一个打品牌的过渡期。“再加上地铁施工影响了客流，这些不利因素也导致家得宝中国做出关停沈阳店的商业策略调整。”王先生称。 家居巨头集体“水土不服” 2007年8月26日，世界最大的家具建材零售商家得宝在沈阳正式开门纳客。而在这之前，家得宝通过收购中国家居建材超市家世界12家家居门店，一举完成了这家美国公司开始中国本土化进程的第一步。然而，这一步走的好像急了一些，家得宝明显有些“水土不服”。 今年7月10日，家得宝青岛店闭店，紧接着，家得宝沈阳店也宣布关门。从天津调任到沈阳店做店长的李伟并不否认家得宝经营亏损，但具体亏损多少，李伟称没有接到上级的通知，因此不能接受记者采访。“家得宝沈阳店关店确实很遗憾，我们会做好善后工作，不让顾客、员工以及供货商受到损失。”李伟称。 家得宝中国公关部的谭小姐昨日在接受采访时表示，家得宝对中国的投资策略并没有转变，沈阳和青岛关店都是个体案例，家得宝在天津、北京等地的门店业绩表现还十分良好。 先是有欧倍德，再到百安居，现在又轮到了家得宝，世界建材巨头们纷纷败走沈城。对此，沈阳市装饰产业协会秘书长王锋分析称，沈阳的装饰建材市场几年前就趋于饱和，中国家具城、东方家园都以其经营特色迎合着本土消费者，而一些外资建材超市进入2009年普遍进入了调整期，以适应中国市场。家得宝今日的窘境说明了家居建材连锁企业面临巨大的销售压力，在宏观大形势的影响下，建材超市也都步履维艰，家得宝只是其中一个罢了！,3,4,0.7523320913314819
密码变明码 小区防盗门形同虚设物业回应：尽快消除隐患每栋居民楼单元前的防盗门，本是居民的保护神，既能阻止小广告，也能堵住“梁上君子”。可一段时间过去了，一些小区的密码门却没能达到预期的防盗效果，反倒成了小区安保的一块“鸡肋”，愁怀了众多业主。密码变“明码” 住户忧心忡忡“这么多防盗门密码都一样，还防啥盗啊？”最近，家住开发区长城路一小区的黄先生为了他的一个意外发现而忧心不已，因为他发现小区里许多单元防盗门的密码竟然全部相同。据黄先生反应，他是偶然间发现一些装修工人进入单元防盗门时，根本不需要在家的业主开门，而是直接按密码就能进入单元。疑惑的黄先生一打听，才知道原来小区的单元防盗门都是公用一个密码，可谓是“一码走遍天下”。“不只装修工人，还有外面其他一些干活的人，都可以这样随意进入单元大门。试想这个密码要是被其他别有用心的人利用的话，小区的安全问题就太让人担忧了！”物业回应：尽快消除隐患随后，记者来到黄先生所在的小区。从其一期、二期、三期的楼栋中各挑了一个单元实验，发现确如黄先生所说，一个密码便能打开所有的防盗门。黄先生告诉记者，当初决定在这买房子时，就是看中了这个小区的高科技防盗设施，入住后也确实觉得密码门用起来方便、保险，但万万没想到所谓的高科技也会这样“不堪一击”。该小区物业的工作人员向记者表示，这些密码都是防盗门安装时的初始密码，因为小区的入住率还不高，所以为了方便住户装修，清洁人员打扫等，就没有重新设置密码。“如果密码改早了，随着装修的陆续进行，新改的密码同样也存在被泄露的隐患。而且清洁人员也需要一次性记住许多密码，势必会给他们工作增添不少麻烦。但黄先生提出的这个问题，我们也会尽快研究，改进防盗系统，消除安保隐患，让广大业主安心。”,3,4,0.97182297706604
寻求正确的中国房地产发展路径(组图)8月8日，上海浦东改革与发展研究院房地产经济研究中心主任李战军应邀参加 “发现房地产的陶瓷竞争力”论坛。在专题演讲中，他指出我国房地产业现阶段发展存在“一快、二大、三低、四弱”的特点，即是发展速度快；开发规模、交易规模大；进入门槛、专业化产业化、产业运行素质低；技术创新能力、产业管理能力、资源集约能力、抗风险能力弱。针对这种现状，李战军提出在明确产业目标和政策指导下加快推进住宅产业化步伐，并通过以下六大发展路径指导房地产行业健康发展：第一、坚持市场化商品化为主导的产业发展道路。即优化房地产业运行的外部环境、坚持推进土地制度和住房制度改革、继续实行产业开放的方针大计。第二、用产业化推动我国节地、节材、节能、节水型商品房开发。即通过规划和建筑设计从源头上引导产业集约化和节约化；完善住宅建筑体系，集成和整合建筑成套技术；对商品房采用新材料、新技术、新设备提供政策倾斜；发挥企业在住宅产业化中的主体作用，依靠示范来推进住宅产业化现代化；建立国家和地方两级公共性的新材料、新技术、新设备的认证、推广中心。第三、推动房地产三个层级市场联动发展。将整顿房地产市场秩序的重点放在土地一级交易市场；土地与房屋供应的数量、结构和分布取决于城市功能定位、产业布局、人口增长和市场有效需求；用三级市场的活跃和发展补充二级市场的供应不足，形成新的市场价格定位机制。第四、通过房地产行业内部的良性竞争提高产业集中度。给予不同所有制、不同规模、不同类型的房地产企业相同的土地、金融和税收政策待遇；鼓励开发企业实行跨区域经营，鼓励管理服务企业面向全社会；鼓励具有规模化和品牌优势的企业之间建立战略合作或企业整合。第五、在房地产大市场中形成相对封闭的政策保障住房体制机制。建立政策保障住房和商品住宅的协调发展新格局；政策保障住房覆盖面宜采取先小后大的策略，集中优势资源率先解决双困户的住房问题；政策保障住房是房地产大市场当中的有机组成部分。第六、完善法律法规，规范市场行为，建立我国房地产法律体系。继续完善《土地管理法》、《城市房地产管理法》和《物权法》；尽快制定《房地产法》，将投资开发、租赁交易、服务管理等方面完全纳入到法律规范；努力尽早形成中国特色的房地产法律体系。,3,4,0.9451196789741516
居然之家张志良：期待吴厚斌《生活是诗》出版主持人：谢谢赵总的精彩致辞。接下来这个环节请居然之家的运营总监张志良来致词，每次吴厚斌出书居然之家都是踊跃支持，鼎立支持吴老师笔耕不止，这次恐怕也不例外。因为居然之家十周年庆典就在后天，也是一个特别好的消息，在这里为居然之家做一个宣传，汪林朋总裁分身乏术，张总特地来带来一些祝福，我们请张总上台。张志良：各位领导，我们知道我们做家居行业的，我们在这个圈子里做得比较成功，人的基本需求，衣食住，做家居，住包括装修，都是在需求当中，但是我们对家居的精神需求现在还很贫乏，我很欣喜地看到吴厚斌对家居的文化和历史进行了诗歌般的歌颂。我的同事很羡慕吴厚斌同志，他能够把生活、工作一块结合起来。这也是我们追求的最高境界。当然我们家居行业还有好多好多需要歌颂的地方，吴厚斌第一步诗集是《生活不是诗》，我希望他马上出第二本诗集，名字就叫“生活是诗”。主持人：张总的发言也很诗意，张总也是一位文人。接下来我给大家念一首诗，大家猜一猜这首诗写得是谁，猜中了我建议赵总给嘉宾提供一份奖品，接下来我给大家念一下：帅俊伟岸惹人恋，妙想奇思涌如泉。青春豪侠文学梦，元老仗剑九洲天。居家变局一眼穿，沙场争战敢叫板。常怀投桃报李心，身临危岩亦泰然李总也是人如其诗，接下来我们请李总跟大家分享一下吴厚斌的这首诗。,3,4,0.7399228811264038
屈原故里的三个端午节在屈原故乡秭归有三个端午节。农历五月初五为“头端阳”，五月十五为“大端阳”，五月二十五为“末端阳”。秭归人从农历四月底就开始忙碌??泡糯米，杀鸡鸭、扫庭院，备锣鼓，修龙舟……。到了五月初五头端阳这天，人们开始包粽子、煮鸡蛋、吃大蒜、喝雄黄酒，还采来白艾和菖蒲用红纸条扎成束后悬于门前。到了农历五月十五这天，各家各户备下佳肴接女儿、女婿回家同享，俗称“过大端阳”，这期间的重头戏包括划龙舟、投粽子、办诗会，这种热闹的节日气氛一直持续到农历五月二十五日也就是“末端阳”，前后长达20天。,3,9,0.40387117862701416
崔彤：平衡体系中的空间秩序主持人：谢谢赵小均先生，赵小均先生在前几年抑制作设计，这两年偏向于公司的管理，他在公司管理上提出一些新的模式，我觉得这对于设计单位和设计企业来说都有借鉴的价值。下面我们请中科院建筑设计研究院副院长崔彤先生给我们做演讲，他演讲的题目是平衡体系中的空间秩序，大家欢迎！崔彤：大家下午好，我论坛的题目是基于平衡体系的空间秩序。我想先简要的介绍一下平衡体系的概念。平衡体系明显的特征是一种中间状态，中间并非不是一种折衷，这是在矛盾中建立一种秩序，强调意识要素的有机结合，体现出合而不同，艺术要素我们认为两者简单相加并没有意义，重要是在两者之间在重叠过程当中寻找交集，而寻找突破，这关键核心是合而不同的概念。下面我想借助于几个具体的实例给大家简单的阐述一下关于平衡体系当中的空间秩序建立的问题。第一个项目当中我们回顾一下以前我们院做的一个项目，中国国家科学图书馆，也叫科学院图书馆。在设计当中重点强调这样几个不同元素和要素之间的平衡关系和空间秩序的关系。比如说在图书馆当中强调对立和调和的问题，强调对事和对话问题，强调矛盾中的对比，强调科学院的科学和宗教的关系，科学和技术的关系，艺术和技术的关系。我们主要强调东方文化和西方文化之间的转换和交融的平衡体系关系。刚才宋部长提到关于中国传统建筑经典建筑当中有一些是经典的东西留存下来，不会因为时间变化而丧失艺术。比如说中厅空间有这样一个概念，大家看图书馆有一个内院，内院的逻辑是源于对中国传统四合院解析，中间秩序是机遇中间的变革，在这变革当中其一体现中心的结构，其二体现出中心结构当中一种时空的秩序。这作为一种空间单元，这样一种院落表达的是事件单元，在中国来说，中国一个院落无论是一个院落还是一个屋宇之下，还是一个城市都是一个完整的天地人为一体的宇宙屋顶，这种从大到小的分化不会因尺度变化改变其内在结构。这就是将天地人和自然组成一个小的世界，这装入了自然宇宙的秩序，这个秩序意味着世界可以被理解成结构化的秩序。我们选择这样一个中心院落空间，其实与西方中心的空间秩序当中有着明显的不同，比如说西方空间当中有一种比较经典的所谓巴西利卡，还有教堂式空间。这个形式的不同中间部分变得透明和虚无了，这种不变的中心让我们改变成不可以替代的能量中心。在这个中心当中建筑内院当中是能量的核心或者说能量源，能够提供给建筑阳光、空气。当然这种空间中心并不打算复辟或者还原中国古代所谓纪念性空间内涵。同时并不否认在这样空间当中想创造一种有古典气质的新的空间，同时希望这种空间代替对皇权和神的膜拜，而是对科学殿堂的敬仰。在这里面强调科学的殿堂，相对起来和西方建筑来比，中国传统经典空间，如果中国空间建筑包括花园，西方建筑某种意义上讲花园着建筑，这个建筑当中希望在中国传统建筑当中和西方建筑当中做一次有机的结合，比如说图形当中形成U字型空间，这变成三合的空间体系，已形成我们所谓的内院空间具有能量合的概念。在图书馆使用当中最重要是南北项走廊通风，我们形成所谓U字型空间可以获得两个南项和北项，以取得图书馆设计当中最为重要的功能意义在里面。刚才我讲了关于空间的秩序，在图书馆当中同时试图去还原或者回到一种中国传统的建筑秩序当中来。刚开始大家可能看到这样一个建筑形态更多的是关注中国建筑的印象，但实际上在这里面包含的是两种意向的对比，比如说关于东方和西方价格和气度，如果说西方经典建筑从建构学角度来说是一种技术逻辑，中国传统经典建筑更多表达一种建构艺术当中架构意向。描述西方建筑是源于两块砖拼接而得到建筑，如果用这句话来说中国建筑，中国建筑应该是两块木头，一个是柱子，一个是梁，这个有机结合产生中国传统架构体系在里面。在中国科学院图书馆当中尽管追求中国传统空间印象，但是这里面并不排斥西方气度文化和气度建筑的形态，这个图很明显的看到具有西方经典建筑，关于希腊和罗马当中气度东西在里面。所以在图书馆修建当中有一个基本的概念，如果说西方建筑当中是对宗教文化的崇尚，在图书馆设计当中希望找到一种对知识的结合，采取类似于西方气度文化方式也不为其过，这是关于气度文化在里面。中间部分试图创造一种与西方建筑完全不一样的架构文化的体系，可以明显的看到梁柱再现这种建构的方式，所形成的关系是一种关于架构文化和气度文化相互激荡，相互结合的方式。前面看到的建筑本身占地只有80米，如果没有内院只会得到80米南项或者北项，我们知道U字型平面不仅产生能够向社会开放的公共、开放性体系，同时形成两个南向界面和北向界面，同时使图书馆实用功能最大化和逻辑化。这当中试图在中国传统建筑文化经典技术基础上赋予更多的意义在里面，比如说中庭本身是属于能量核心一部分，同时应该是属于我们知识殿堂作为重要核心元素，这当中其实朝向是西，为了遮挡西向阳光，我们在表面上做了很多主动和被动式的技术和手法，比如说遮阳板和遮阳体系，以保证图书馆中庭当中采光通风同时能够遮阳，大家看到是中庭的界面关系，在这当中是西，西边阳光可以投射在整个中庭当中，为了保证建筑本身遮阳体系完整，他从到小有一个系列的遮阳体系。在西向，科学院廊桥当中形成巨大的阴影，可以遮盖所谓中庭当中玻璃幕墙所形成的玻璃空间，这形成冬天不是很冷，夏天不是很热的空间。下面谈一个国家开发银行，现在在长安街最后一个项目。这个项目当中试图在平衡体系当中谈一个关于建构文化的秩序，这个图现在已经开工了。这当中谈到关于建构秩序，甲方提出来很多所需要回答的问题，我们设计的方案开始从提出问题到分析问题到解决问题过程当中，这里面试图要回答甲方所提出的现代的中国的科技的几个重要的话题。所以我们确定了在设计当中有关于传统与现代，过去与未来，集权与民主，还有伟大首都新的尺度和旧城的尺度关系，同时要体现与国家荣誉，还有银行总部，国家开发银行所需要的尊严感的建立。这当中想建构一种新的秩序来达到业主所期望的要求，我们提出作为建造记忆，从传统建构向未来建筑的转化当中，中国传统的架构体系，与西方古典路在其发展中不断交流和跨接，这种思想也影响了一些建筑大师设计体系，我想这种思路可以重新建立起新的中国的建构体系。这作为中国经营下建构方式并未因时间轴的划分而沦为一种传统，如果我们回到建构本质，并探索结构秩序、组织关系，以及这种体系克服地球引力所做努力，我们可能以营造一种纯粹的架构体系，同时如果把架构视为一种表达，那建构就是一种艺术，这既非是抽象也非具像的，这更多包含的是一种记忆，对架构体系进行多层次研究，在有关逻辑相关性当中，都力图在标准化、主动化秩序化上面真正诗意的表达，这就是所希望达到的中国建筑当中的建造方式的方法。这个建筑本身在左边，左下角总图当中正好位于民族文化饭店正对面。对于这样一个建筑来说，最为重要的是，我们想提出这样一个问题，在面对新的北京城，尤其是在十一庆典国庆当中可以看到新的伟大首都的同时，现代化首都同时，怎么样同时面临一个对老城区的尊重。我们在这里面想试图建立这样一种体系，他一边回答现代化，一个新的伟大北京首都，同时要回答另外一个问题，就是老的城市和旧的城市机理，这样两种变革当中中间的产物，这是什么样子。作为一个过渡体，作为一个平衡体系当中中间部分，我们希望它是建立一种嵌入式的方式，这种嵌入体一边形成所谓光洁的，面对长安街光亮的尺度而融入老城区。非常巧的是在建筑当中离我们南边界面当中七米远有保护六套的四合院，包括张学良的四合院，在长安街西段所有的建筑当中，所面临的问题都会有这样共同的问题，怎么样同时再回答过去和现在，这是最为重要的一个话题。在设计当中我们希望回到一种所谓在面对地处长安街西段，作为北京城重要建筑，整体布局对北京城和城市文脉的重新思考和重新的解析，方案试图在研究长安街环境同时，以一种均制的态度和严谨的方式嵌入到环境当中来。我们最终希望在设计当中以八柱七间，在中国古代建筑当中九为至尊，太和殿当中原来是九间，后来改造完是十三间，我们想通过这种关系，形态当中中间是通透的中庭，每个柱子尺度是相当大的，每个柱子是九米乘九米，之间距离是12米，这样形成古典事态比较浓郁的。我们刚开始做的很多建筑当中没有屋顶和基座，但是业主要求必须要有，让无论是老百姓还是专业人士要能认出来是中国建筑。我们想八柱七间南向嵌入北京机理当中，中间中庭把旧城能量和南向阳光一同将长安街照亮，这正好属于长安街北边，我们希望这种阳光、空气、所谓城市中庭还有四合院能量通过南边辐射多北边，让这边亮起来。而通透的支撑体系在装载城市记忆同时完成一种东方思想的元素，并在经典和现代当中建构一种精神，支撑一种关于永恒的主题。对顶上四合院，本来也有人在反对，业主要求做一套四合院，但是离开行比较近期有六套保护四合院，业主还是希望有这样一套四合院作为高级会所，作为城市记忆。似乎原来比较俗气做法，我们觉得放在比较合适，通过玻璃屋顶感觉到里面城市机理的存在，这不仅从地面上，而且从空间当中，自下而上延展和生长渗透到空间当中来。包括在整个立面当中通过架构体系形成院落从里面穿梭，这种关系有一张总图。这个四合院做了一次调研，这个大小在12米左右，在建筑当中希望能找到这种逻辑性，就是九米，十二米，这个尺度关系跟四合院是一样的，这变成从旧城到新城，完全关联的，彼此咬合的体系，建筑本身不仅是一个现代建筑，同时是一个过去的建筑，这能够嵌入到过程当中来，完全被咬合在一起。中间做的大厅，我们理解中国传统建筑并不是符号，这应该是从内到外，从上到下全方位的诠释，中间部分的大厅并不像中国银行45米×45米大厅，这也大约40米左右，我们希望内部关系借用中国建筑逻辑关系，重塑大的空间，但同时是城市中庭概念，而不是建筑单体空间的概念。在中国传统的架构里面，关于梁柱组合方式并不是两块组相交的关系，而是具构体系。这个体系装载内容才是一个现代化的东西，这并不是回到过去的符号当中，这是我们所其他的一种形态。跟建构文化相关的还有一个建筑是在泰国曼谷中国文化中心，这个还是在施工图过程当中，这跟刚才那两个建筑来说思考的问题更为宽泛一些，由于都在亚洲不是思考东方和西方的问题，我们更多思考两个国家，中国与泰国，人文与自然，地域和地脉，佛教文化和儒家文化交织的文化概念在里面。从正面看过去泰国文化中心，就是中国汉唐文化建筑基本属性，我们希望对建筑还是水平方位的，能够和地面很接近的，能够和人的生活很接近的，很轻快的能够去接近自然当中的建筑形态，这个形态希望从侧面看过去具有泰国佛教建筑文化当中所具有的细腻，装饰感，金色屋檐重叠而形成非常华美的装饰语言，同时屋檐伸展并不是源自于对形式非常夸张的手法，主要源自于对泰国气侯环境的回答。泰国是多雨的湿热地方，他通风很重要，遮阳很重要，防雨很重要，建筑屋檐伸展都有利于建筑本身可持续发展，一个生态建筑的形成，达到这样要求的建筑形态。这里面时空要素非常重要，但是反映过去，导致文化当中的理想充满符号的虚幻的表象追求，我们认为建筑设计应该从城市角度出发，并回馈于城市当中。建筑对城市体现出场所感，建筑自身要成为环境因素，自律性是建筑融入城市的一种品质，自觉律已态度有助于谦和的态度善待周围，最终实现构建和谐系统。在设计当中最开始做的时候，大家知道这个建筑在雍和宫旁边，我们知道在二环路旁边，原来是保存非常好的城墙体系，梁思成先生曾经说过，如果将二环路城墙保护下来，他可以成为世界上最独一无二的公园，上面可以种满鲜花，市民去活动，歌华大厦在原来二环路边上正阳门附近，在设计当中我们试图去恢复一种对梁思成先生所提到关于城市文脉和文化的研究状况，所以建筑本身有一点点关于城墙方面的追溯。我们希望在歌华大厦设计当中回到关于中国文化另外一个表达，在这里面希望他是一个关于青铜器金属盒子表达方式，把这种建造方式和制造方式和城墙建构结合在一起，来恢复我们所谓记忆。一个记忆就是建造的记忆，一个是城市的记忆。歌华大厦本身希望它成为城市当中一个片段，成为我们在二环路当中曾经有过的城墙当中有机理的片段。第二个项目在二环路边上，这是广大国际中心，这正好是在金融街和平安大街相交接的十字路口，前面部分是梅兰芳大剧院，这是中原建筑设计院做的，后面部分是我们做的。其实这个项目严格意义上讲跟刚才歌华大厦有类似的情节，，这是一个改造项目，最早是住宅项目，后来变成公共建筑，被广大集团收购完需要对原来建筑进行第二次改造，在改造当中希望他创造，对于十四万平米来说前面是角色非常重要，梅兰芳大剧院，这怎么样回应城市同时，能够回应作为背景建筑方式来存在，这是我们思考最为重要的问题。我们当时做的很多设计方案当中选择这个方式，这犹如在京剧舞台背景当中，舞台背景和角色的关系一样，我们认为梅兰芳大剧院应该成为一个角色，后面是一个光华背景，我们希望有中国表情的背景。所以中国窗成为一个主题，这种主题希望它是一种能够承载历史文化的中国窗，这放大了无数倍，同时像一个巨大的骨架，有厚重支撑舞台的背景，这成为梅兰芳剧院当中最好的砣，融入到城市当中。沿着金融街还有一个黄色建筑。东四十条十字路口是保利大厦，这也是十万平米非常高大建筑，我们希望这两个体量相当建筑以黄色建筑作为终点，就像在北京有东直门就要有西直门。这是辉煌时代大厦，这个建筑本身，刚开始建成的时候有很多争议，也有很多记者采访时候说建筑本身是凶字，但实际上在设计当中刚开始并没有希望把这个建筑做成凶字型建筑，我们希望这个成为城市建筑当中利用城市资源和把城市资源能量吸取到自身的同时，能够给别的建筑，能够给最好的景观和通道，昨天碰到黄大师，他做的建筑在这后面。当时我们的想法，刚开始还不知道那是黄大师做的，我当时想法，因为在北四环附近有两个比较重要的资源，一个是北边是北大，西边是西山，对于面临西山的资源和人文资源，我们希望这个建筑本身除了南北项采光通风同时得到最好的西山景观和北大人文景观，这没有破坏长宽高规划布局的同时形成一个自我完善的平衡体系，这个平衡不光是所谓双角锥的支撑体系，希望他形成对别人有益处建筑，现在中建国际买了这个楼一半，买这个原因主要是一边可以看到南边，那边是有阳光，北边有北大，西边可以看到西山风景，上面做了六个亭子，成为南北项布局房子可以得到东西南北资源建筑形态，同时希望这个建筑本身在满足自己采光通风的同时，能够让我们南边建筑最大限度的看到北四环和北边北大的景观，这是我们想设立的平衡体系，我们希望建筑本身不光是能够建立自己的完整体系，同时能够以自己完整体系回答城市那时此刻。中国传统文化中并不认为是一条无限绵延直线，应该可以弯曲的螺旋环，因此未来并非深不可测，无法把控，未来可以熔化过去，过去可以昭示未来，对城市做回答的建筑并不意味着做出回答，城市中各种环境因子对建筑的影响取决于要素敏感度，这时强时弱，有时是符合因素的叠加影响，因此不可能推导出一种影响城市秩序的公式。主持人：谢谢崔彤给我们做的介绍情况，相信大家都能够从中得到很多的启发。下面我们请齐欣建筑设计咨询有限公司董事长齐欣先生对我们做演讲，他今天演讲的题目是在空气中捕捉建筑，大家欢迎！,3,4,0.566248893737793
平板电视能效标准似鸡肋 有15%产品不符合要求近日，从中国标准化研究院传出消息，《平板电视能效限定值及能效等级》已经接近完成。再经过几轮行业论证后，有望在半年内正式实施。消息一出，几乎所有的彩电厂家都显得非常平静。他们的说法是，自己公司的主力产品完全符合节能标准，此门槛对现有的产品结构几乎没有影响。中国标准化研究院称，新规定实施之后，预计市面上会有15%左右的产品将被拦在门槛之外。只有“15%的产品不符合要求”，这也意味着，费了很大力气出台的一个想要影响全行业的规定，结果只能影响到一小部分的产品。现在，家电领域大类行业基本都出台了能效标准，比如耗电大户空调、冰箱等领域。不过显然，彩电和空调能效标准的意义完全不一样。一个尚未出台的定速空调能效标，就能让85%的高能耗产品几乎在1年多的时间里消化完毕。这样的力度，才真正显现出了一个标准出台的必要性。反观彩电行业的这个能效标，平板电视本身的能耗就没那么大，即便有了这么一个规定，影响到的也只是全行业中15%左右的产品。虽然，这样一个标准与产业发展相比已显滞后。对于普通消费者而言，根本分不清能耗为120瓦和160瓦的平板电视有什么区别，而且他们也几乎不会去关心。原因很简单，平板电视与传统CRT电视相比，本身就属于节能产品，在平板电视已成普及化产品的今天，消费者们更关心的是电视的画面的清晰度，是否有附加功能，而对于是否是节能产品，恐怕不是选购时的必要条件。反观平板电视的其他指标，却是一个很混乱的局面。比如对尺寸的明确划分，比如对数字电视一体机的定义，比如对可视角度的规范……也就是在最近一段时间，很多厂家都在争论“标准屏”和“非标准屏”的定义，到底什么规格的尺寸才能更好地显示高清画面。平板电视能效标准的确需要去规范，但在目前的产业发展情况下，从电视的最基本用途出发，关注那些“更迫切需要标准”的领域，无疑是标准制定机构第一要务。,3,9,0.9253372550010681
"庆国庆迎花博 顺义大众健身赛开赛在喜迎建国六十华诞、花博会顺利举办的特殊日子里，10月6日17点，在顺义区府前西街10号 “庆国庆 迎花博 顺义大众健身赛”正式开赛。本次大赛是由J9俱乐部主办的动感单车赛。顺义区区长出席了开赛仪式并剪彩致辞。大赛共3天，分为晋级赛和决赛。凡单车爱好者均可参赛。本次动感单车大奖赛形式新颖，内容活泼，奖品丰厚，因此报名参加比赛的群众特别踊跃。比赛中，参赛选手上至古稀老人，下至中小学生，大家都热情高涨，活力四射。台上选手倾情投入，台下观众反应热烈，掌声不断，气氛热烈。比赛间穿插了各种表演更是精彩绝伦，关凌、尹相杰等明星前来助阵。动感单车(SPINNING)是一项结合了音乐、视觉效果等独特的充满活力的室内自行车有氧运动，这项起源于美国的运动沾染着浓浓的美国味道，活力四射、热情奔放。近年来成为世界各地最“潮”的时尚运动。作为本次活动的主办方，J9俱乐部为此次比赛设置了丰富的奖品。晋级赛每轮比赛冠军获得携式自行车一辆。决赛冠军获得J9俱乐部提供的1万元大奖,包括5000元现金大奖和5000元会员卡等值储值卡。亚军与季军奖品也非常可观。所有参与比赛的选手均可获赠精美运动水壶一个。主办方J9俱乐部表示，本次活动是集健身休闲、趣味比赛、歌舞娱乐、竞技切磋于一体的大型群众体育活动。他们希望通过动感单车比赛，积极带动市民的参与热情，让每一位市民都能逐渐养成强身健体的意识和习惯。北京J9俱乐部位于顺义，交通便利，内部装修豪华，拥有国际顶级设备。今年由韩国当红建筑设计师历时一年打造的J9俱乐部华丽亮相，J9俱乐部整体采用时下最为前瞻的设计元素与内部应用系统，着力打造北京市娱乐行业集J9量贩KTV、美高美国际俱乐部、商务精英会于一体的娱乐业的新航母，是请客招待、朋友聚会、自娱自乐、放松心情，营造快乐的理想场所。J9量贩KTV由J9俱乐部斥巨资打造。拥有专业音效调节设备，大型包厢配备有低音炮，欢唱起来轻松愉快，为您准备专业歌星的演唱条件。美高美国际俱乐部让你在时尚潮流的旋律中慢摇身体，在浪漫的玫红情调和CLUB的交流中忘我地宣泄和释放情感。J9商务精英会为你在喧嚣都市里构造一个宁静舒适的桃源,高雅大气，私密性好，是商务人群休闲度假、商务会客的首选。J9，志在引领文化娱乐新潮流！",3,8,0.983256459236145
应对金融危机 消费券能否撬动大买卖“现在是非常时期，要用非常手段。”诺贝尔经济学奖得主克鲁格曼曾经这样说。曾几何时，消费券已成为如今这个非常时期不少企业和机构常用的“非常拉动消费手段”———旅游消费券、购物消费券、购房消费券……铺天盖地而来。广东家居业也顺势而行，金海马、靓家居、苏宁从4月17日开始接受电话预约，联手派发消费券。据统计，截至本周三上午，共有3252张申请被确认，接听电话超过四万个，远超预期。记得在上月举行的家具展上，红苹果、多喜爱等家具厂商也搞了个“亿元家具消费券”活动，80元换购面值100元的消费券；而在差不多时间，红星美凯龙在全国近30个城市发放过亿元的“家居消费券”……一时间，“消费券”也在家居业流行起来，至于成效如何？且看商家、买家怎么说———商家如是说———“那是另一种宣传促销方式”金海马市场总监陆其风说，为了避免炒票，他们三家发放的消费券将采取实名制领取。金海马和苏宁的优惠期将至5月7日截止，靓家居因为企业周年志庆延至6月23日截止。有业界人士表示，此前，其他行业也有企业搞过类似促销方式，从以往战绩看，往往宣传效果大于实际功效；但企业促销净打折也不好，换种新形式也可以，对于消费者来说，只要有实实在在的优惠，什么形式都行。消费者如是说———“有需要、又优惠就买”对于家居企业推出的消费券，不少市民已通过报纸等渠道得知此事。从事汽车行业的徐先生说，这种消费券其实与超市的促销优惠券性质一样，如果自己刚好在下半年有购买家具、家电的需要，若价格超值也可以考虑提前购买。而杜先生则认为，新光百货也推出类似的现金型消费券，买满多少再减多少，而现在这种消费券则有好多限制。买家李小姐却认为：“可以省钱就不错啦，先预定了再说。”,3,1,0.7657975554466248
"建筑畅想生活 五地设计师齐聚建筑文化沙龙近日由广州仰光文化传播有限公司主办的“京沪穗建筑文化沙龙”在佛山举行。当晚星光熠熠，五地优秀青年建筑师首聚一堂。出席本次的嘉宾有中科院建筑设计研究院有限公司总建筑师崔彤、中建国际设计顾问有限公司总经理赵小钧、清华大学建筑设计研究院副总建筑师祁斌、华南理工大学建筑设计研究院副院长孙一民、华南理工大学建筑设计研究院副总建筑师倪阳、中国建筑学会学术部副主任王京、北京市建筑设计研究院高级建筑师柯蕾、湖南大学建筑学院院长魏春雨等建筑大师,还有广州仰光总监马彬先生、AD照明总经理关旭东先生共同出席。本次沙龙由清华大学祁斌主持，主题为京沪穗建筑文化的特色及差异。大家先从每个城市的本土文化说起，纷纷表达了自己的感受和见解。就各地城市建筑雷同的情况下，切入到文化和建筑的关系、各地建筑的差异与趋同，而就城市规划、政策制度、城市发展状态等提出了自己的观点。最后谈到建筑师的工作和生活，还关注了女性建筑师的特质和感想。一番畅谈，道尽了作为建筑师的酸甜苦辣。尽管这个工作有多累，但大家还是坚持着，而支撑大家继续前行的乐趣，就在于苦乐之外工作成就的回馈和满足感。",3,4,0.9669924378395081
开发商贴错户型图 少十平米仅赔两万元四川新闻网成都7月28日讯(武侯法 记者 曾燕伶 实习生 罗紫兰)消费者李女士于2007年购买了成都某商品房，今年初收房时却见房屋面积比当初约定的少了十平米之多。对此，开发商的解释是在购房合同附件中贴错了户型图，而法院则仅判决开发商赔偿两万元。收房时露台消失李女士在诉状中称，她于2007年6月签订购房合同，约定购买成都市武侯区某住宅小区1单元5楼3号住宅，该房面积为80.80平方米，售价339138元。“这套房屋的客厅有一个面积十平米的露台，主卧室有一个飘窗”，李女士指着购房合同附件中所贴的房屋平面图说。今年2月14日，房屋建成交房。李女士在收房时发现房屋的实际构造和面积与合同约定的差异巨大。“客厅的露台和主卧室的飘窗都不见了”，李女士认为，房屋户型和面积的改变严重影响了其使用和居住质量，要求开发商采取补救措施使房屋达到平面图所示效果并赔偿损失六万元。法院判赔两万“李女士购买房屋的奇数层和偶数层构造不同，我们在签订合同时错贴了偶数层房屋的平面图”，房屋开发商承认自己的工作人员存在疏忽，并表示由于偶数层房屋已售罄，无法为李女士调换房屋。“如果这件事给李女士造成了损失，请她拿出损失依据来，我们一定赔”，开发商表示。武侯区法院在审理中查明，李女士所购房屋面积“缩水”的原因确为开发商贴错房屋平面图所致。但由于李女士未提交有关经济损失数额的有效证据，法院酌情认定开发商赔偿两万元为宜。至于李女士提出的改建房屋增加露台及飘窗等要求则因违反我国建筑法等法律法规的规定而未获法院支持。,3,4,0.9986489415168762
引经据典 各界精英共话回潮之风杨熙：今天嘉宾在这里我觉得谈的很有意思的，最开始谈到回潮，讲到怀旧，最后又讲到城市规划等等。我想在最后的时间我想让每位嘉宾用一句话或者说最简单的语言来总结一下，咱们还是紧扣在城市里面的回潮的主题，每个人介绍一下我们对回潮的简练的理解。或者说如果说你希望我们到底需要的是怎么样的一个回潮，或者说叫复兴吧。宫铁军：我真心希望中国的建筑在未来能够找到自己的复兴之路。现在到日本去无论这个建筑什么样的形态，你总能在最后找到日本的感觉。其实是它是靠尺度，靠规划，靠它的一些骨子里的那些东西体现出来的。所以说中国一定能找得到，那么就靠中国这代设计师，相信在未来的十年中国的建筑一定会复兴。陈炜：作为我们家居行业的，我们希望回潮能够真正根据中国传统文化历史以及现代技术的结合能够做到这种新的创新。这是我理解的回潮。孙群：我想感谢的是储社长，我在听你说的时候特别受感动，你说到舞台的东西，实际上这都应该是政府做的事，因为它们不在引导这些，所以导致了你的这些严肃艺术不可能有市场，所以我想如果说我们不要，我们今天在讨论回潮，我们希望在整个这个回潮过程当中，从政府这个角色的回潮不要是被动地发生的，希望它们更多的主动地发生去做一些事情。赵路兴：好几个逗号的一句话，还是讲住宅，大家最近三四年关心的最多的都是住房的价格，房价，去年又有一个比较大的跌，实际这是一个插曲，中国的房地产高速发展是没有问题的，经济持续的发展，中国最大的问题我也赞成大家说的能不能提出一些好的购房产品，特别是节能，环保型的住房产品。所以刚才宫总说我也很感动，我觉得企业家现在想的这个事应该说是非常占主要的事情，中国的第一个十年发展的就是解决有和无的问题，第二个就是节能环保的问题，有这个企业自上而下的发展，从上头强行地推你这个东西，我觉得这个想法很天真，所以弄的自己也很烦恼，因为我们中国东西是自上而下的东西，包括我们节能，税收这些支持，虽然有技术的支持，所以未来的十年应该是非常看好。许力：我觉得我还是激动，最后一句话是这样的，我刚才听完大家说我的感触也算是今天的收尾是多元化这个词不是抄袭和没文化的借口，多元化不能作为抄袭和没文化的借口，技术解决不了任何文化问题，文化只属于精英阶层就那么简单。储兰兰：干净利落。我不敢批判，我只敢表达。我觉得回潮不是回归，因为社会是要变化，是要发展的，是要改革，要紧跟时代，所以我也希望就刚才您(孙群)比较同情，希望社会也好，政府也好，媒体也好能为咱们中国特有的传统文化搭建一个舞台。王?：我接着宫总来说，宫总说我们这代是奉献的一代，我心里一振。我是觉得我们的确是在一个转折期的一代人，但是我觉得这个机遇也是非常好的一个机遇，所以今天大家凑在一起讨论，我觉得我们这代人就像，就美国战后那一代，民权运动哪些人，没有他们的牺牲就没有美国文化的繁荣，我想等我们五十年以后或者三四十年以后我们回首的时候，我们可能觉得我们这代人做的事情其实很有意义的，也许是几个世纪都很难遭遇的时代，我们虽然奉献但是还是幸运。刘达飞：建筑回潮，以人为本。段妍玲：我想今天有很多房地产的精英，所以我想表达一下我自己的，我其实从来不批判，我是非常爱提问的。我觉得房地产商十年的工作肯定要让大家认可的。第二个关于回潮我自己的理解，我觉得又回到刚才宫先生说的很积极而且很乐观，我也希望看到十年之后我们中国有非常好的建筑的项目，建筑师，大人物的出现，我想那个时候至少中国的回潮先把非常显性的中国元素的重新体现能够真的是消化，能够在隐性和气质上的真正的沉淀和理解之后出来的东西，真正的有我们的气质，而不是像今天继续讲风格。杨熙：谢谢大家参与今天的论坛。我想在今天最后的话还是要感谢咱们九朝会给咱们提供这个场地，也感谢各位专家的参与，尤其是代表各个层面的，我想今天有咱们的赵处长，也有宫总，也有批判学者，也有文化人对咱们这个话题进行深入讨论。再次感谢大家的参与。谢谢。 杨熙：今天嘉宾在这里我觉得谈的很有意思的，最开始谈到回潮，讲到怀旧，最后又讲到城市规划等等。我想在最后的时间我想让每位嘉宾用一句话或者说最简单的语言来总结一下，咱们还是紧扣在城市里面的回潮的主题，每个人介绍一下我们对回潮的简练的理解。或者说如果说你希望我们到底需要的是怎么样的一个回潮，或者说叫复兴吧。宫铁军：我真心希望中国的建筑在未来能够找到自己的复兴之路。现在到日本去无论这个建筑什么样的形态，你总能在最后找到日本的感觉。其实是它是靠尺度，靠规划，靠它的一些骨子里的那些东西体现出来的。所以说中国一定能找得到，那么就靠中国这代设计师，相信在未来的十年中国的建筑一定会复兴。陈炜：作为我们家居行业的，我们希望回潮能够真正根据中国传统文化历史以及现代技术的结合能够做到这种新的创新。这是我理解的回潮。孙群：我想感谢的是储社长，我在听你说的时候特别受感动，你说到舞台的东西，实际上这都应该是政府做的事，因为它们不在引导这些，所以导致了你的这些严肃艺术不可能有市场，所以我想如果说我们不要，我们今天在讨论回潮，我们希望在整个这个回潮过程当中，从政府这个角色的回潮不要是被动地发生的，希望它们更多的主动地发生去做一些事情。赵路兴：好几个逗号的一句话，还是讲住宅，大家最近三四年关心的最多的都是住房的价格， 房价，去年又有一个比较大的跌，实际这是一个插曲，中国的房地产高速发展是没有问题的，经济持续的发展，中国最大的问题我也赞成大家说的能不能提出一些好的购房产品，特别是节能，环保型的住房产品。所以刚才宫总说我也很感动，我觉得企业家现在想的这个事应该说是非常占主要的事情，中国的第一个十年发展的就是解决有和无的问题，第二个就是节能环保的问题，有这个企业自上而下的发展，从上头强行地推你这个东西，我觉得这个想法很天真，所以弄的自己也很烦恼，因为我们中国东西是自上而下的东西，包括我们节能，税收这些支持，虽然有技术的支持，所以未来的十年应该是非常看好。许力：我觉得我还是激动，最后一句话是这样的，我刚才听完大家说我的感触也算是今天的收尾是多元化这个词不是抄袭和没文化的借口，多元化不能作为抄袭和没文化的借口，技术解决不了任何文化问题，文化只属于精英阶层就那么简单。储兰兰：干净利落。我不敢批判，我只敢表达。我觉得回潮不是回归，因为社会是要变化，是要发展的，是要改革，要紧跟时代，所以我也希望就刚才您(孙群)比较同情，希望社会也好，政府也好，媒体也好能为咱们中国特有的传统文化搭建一个舞台。王?：我接着宫总来说，宫总说我们这代是奉献的一代，我心里一振。我是觉得我们的确是在一个转折期的一代人，但是我觉得这个机遇也是非常好的一个机遇，所以今天大家凑在一起讨论，我觉得我们这代人就像，就美国战后那一代，民权运动哪些人，没有他们的牺牲就没有美国文化的繁荣，我想等我们五十年以后或者三四十年以后我们回首的时候，我们可能觉得我们这代人做的事情其实很有意义的，也许是几个世纪都很难遭遇的时代，我们虽然奉献但是还是幸运。刘达飞：建筑回潮，以人为本。段妍玲：我想今天有很多房地产的精英，所以我想表达一下我自己的，我其实从来不批判，我是非常爱提问的。我觉得房地产商十年的工作肯定要让大家认可的。第二个关于回潮我自己的理解，我觉得又回到刚才宫先生说的很积极而且很乐观，我也希望看到十年之后我们中国有非常好的建筑的项目，建筑师，大人物的出现，我想那个时候至少中国的回潮先把非常显性的中国元素的重新体现能够真的是消化，能够在隐性和气质上的真正的沉淀和理解之后出来的东西，真正的有我们的气质，而不是像今天继续讲风格。杨熙：谢谢大家参与今天的论坛。我想在今天最后的话还是要感谢咱们九朝会给咱们提供这个场地，也感谢各位专家的参与，尤其是代表各个层面的，我想今天有咱们的赵处长，也有宫总，也有批判学者，也有文化人对咱们这个话题进行深入讨论。再次感谢大家的参与。谢谢。,3,4,0.9923933744430542
张克斌：广营地区政府愿为所有的企业家们服务主持人：谢谢张区长，朝阳区一定是非常的有吸引力的，在上个月北京电视台正式搬迁到朝阳区了，接下来让我们有请朝阳区来广营地区工委张克斌致辞！张克斌：各位领导、各位嘉宾，各位朋友大家上午好，今天我们在这里举行红星美凯龙家居广场的开业庆典，是我们来广营地区经济发展的大事，在此我代表来广营党委政府对红星美凯龙家居广场的开业表示热烈的祝贺。向参加今天开业庆典的各位来宾、各位朋友表示诚挚的感谢！近年来来广营乡一直致力于优化产业结构，发展环境，服务企业发展，努力为辖区企业营造良好的发展空间和和谐的氛围，红星美凯龙经过22年的发展，已经成为以家居贸易为代表的现代连锁服务业，成为中国家具流通业的第一品牌，产品涵盖家居、建材、装饰等领域，红星美凯龙北五环店的开业，必将改进京城家具业的布局，同时金融危机蔓延的情况下，促进我地区全面保增长，保稳定的目标，并对该地区的经济有一定的刺激作用，我们相信红星美凯龙家居广场的开业，一定会给广大的顾客带来优质的商品，优良的服务，为当地的经济注入新的活力，为来广营地区的发展作出新的贡献，作为党委政府，我们愿意为包括红星美凯龙在内的所有的企业家们服务，为广大的纳税人服务，为企业的发展创造一个良好的经营环境和社会氛围，衷心的祝愿红星美凯龙开业大吉，生意兴隆，也祝广大的劳动者节日快乐。,3,4,0.9714282155036926
张宝贵：结缘混凝土融入建筑设计主持人：谢谢Maria Belen Mendizabal女士，他从不同的国家和不同的文化给我们诠释了一个和谐的城市所必要的一些基本的理念。今天我们将邀请最后一位为我们做演讲的嘉宾，他是北京宝贵石艺科技有限公司总经理张宝贵先生，今天演讲的题目是结缘混凝土融入建筑中，大家欢迎一下。张宝贵：在非常尴尬的时间，我一定在规定的时间内尽量把语速加快。非常感谢组委会也感谢各位到会的嘉宾，非常抱歉的还要占用你们一点时间。我是从一个边缘话题，实际上是皮毛的事情说起。因为我们试图为建筑穿衣服，当然能不能穿好我抛出一些案例跟建筑师的思考，包括我们的一些体会，不一定说的得当，真的是抛砖引玉。刚才齐总讲话非常美，真的犹如诗篇一样，这不仅仅是建筑的概念，这是一种智慧，一种思维。我不是学建筑的，我是给建筑师提供材料的。我想如果最终我们的创造像诗一样的美，其实刚才上述很多领导和专家发言很精彩，就真的像戏班人讲的好梦成真。我们所说的有在苍天的眼中都是无，我借助这样的画面，不管是建筑师的建筑设计，我们作为材料供应商的材料供应，我们如何去理解创造之美。这是霍金混合中的宇宙，我们可以微观的看，也可以宏观的看。实际上这可以是具体的画，也可以是抽象的画，可以用自然的眼光看我们漠视的景观，包括这样雕塑经常有人讲它的美学，讲历史学，其实我也在猜测，因为大家不生活在三万年前，都是猜，我也猜一次，还是因为生存的原因。在当下什么是重要的要生存的呢，其实我们做这件事22年做壮制混凝土就是两个字，就是活命。这里面要阐述桩制混凝土，我1987年回到北京带着一帮老百姓为了生存搞起了装饰混凝土，既然为了生存就不得不研究建筑的需要，建筑师的需要，前不久崔恺知道我出这本新画册，今天他没有到会，他写了一段短话，其实最后他所说宝贵的再造艺术特色正缝之时，这可能和我们的大背景有关系。这讲的是将近二十年前已经做古的一些建筑师，因为一开始没有想到我们能为建筑服务。后来二十年前的全国第一次装饰混凝土研讨会，我就大着胆子上台讲装饰性混凝土，当然今天也是撞着胆子，我们是边缘人物，也希望抛砖引玉，也希望能找到一些活干，这是我跟清华老师在印度。我旁边是齐欣齐总，这是在十几年前四十位所谓青年建筑师，在今天已经都不年轻了，什么意思呢？下面我会讲最早房房展和如果不像势头就不用。第二不能光看钱要走对路，黄贵一开始说他们像裁缝，我们提供的东西像布料，布料好他们就用。其实还有很多这样的边缘故事来自方方面面，回归方方面面。我的体会是什么呢？文化是穿越时间，文化是一个边缘学科的技术集成，文化是活的，文化是长起来的，今天更多的是讲建筑文化，建材文化，舞蹈、音乐都是文化，这是文化的表象，虽然很重要。文化的核心是人的精神状态，有什么样的精神状态它就会有什么样的创造能力，他就会产生什么样的活动和什么样的作品。所以千头万绪一切是因为人而发生的，一切是为人所服务，所想象的，所以刚开始宋部长就讲到这个话题，齐欣、崔彤都讲了这个话题，这是我们20年做的历史博物馆，今天能成功就两个字便宜，除了便宜没有地个诀窍，所谓技术和其他东西都有，我们用今天技术挣未来的钱就必败无疑，我们讲市场经济，市场经济是什么，市场经济就是适合的报价，不然的话没有人买单。就像我们到餐馆吃饭一样。这是在1989年动乱时期，让我们做的历史博物馆，混凝土可以做初始投质感，混凝土一开始就能满足建筑的需要。比如说这样的东西，其实是不是镀铜，是不是贴金，这有多贵都不重要，这为建筑提供了一种可能新，因为混凝土不姓张，混凝土姓建材，只是我们找到了建材和建筑的切合点，我们就找到了生存之路，我们可以叫做艺术，我们可以叫做文化，我们可以叫做创新，我们可以叫做环保。关键就是我们能找到这条路吗？这是首都机场浑天仪，没有以为他是混凝土做的，都以为是铜的，22年来我们建了田园，有人说这跟你有什么关系，因为我们今天讲的是什么呢？种子项目，如果种子项目没有好的环境，种子怎么开花结果。这里面我们想给大家提供混凝和和G2C结合起来，变轻变薄了。安德鲁在04年2月20日到昌平找到我们说能不能做这个，我们其实也不能做，没有做过，但是我们告诉人家能做，我们就把自己给绑架了。用了600天搞研发，其实刚才很多建筑师讲，刚才宋部长也在讲，讲特质，讲一种创新。我们有时候能不能把自己绑架，这是成功很重要因素。这是安德鲁在我们公司，安德鲁跟我们的员工，这是做完吊顶，这只有24小米，一共是100多吨，164块，实际上我们做完这个项目赔了100多万，刚才赵总讲做水立方体会，其实很多报纸讲我们是失败的商人，成功的艺术家，其实是失败和成功都不重要，关键是这项技术是不是前进了，这个技术作为G2C技术以什么样的品质出现的。所以今天上午一些电视台还采访我，说人家做买卖都挣钱，你做买卖赔钱，20多年花了这么多钱搞研发你是怎么想的，你的经营目标是什么。我们可以上小学，我们可以读研究生，上小学和读研究生所投入的费用是不一样的，只要你心中真有目标，你为你的目标去破费别人怎么说都不重要，关键是能不能把自己的目标实现，这是安德鲁写的文章，我们下面要给大家汇报的是我们在展会有十四个展位。感谢组委会给我们提供这么好机会，上午领导也去了。我实际上讲了几个观点，我们能不能为建筑服务的时候借景，借场，借气，这是相得益彰，建筑推广新材料的时候也借一点气，因为材料上有气，材料是活的，这里本没有高低上下之分，就像一个音符，好的作曲家会创造出畅快淋漓传世的作品，衣服本身没有意义，关键在于作曲者，材料本身都是死的，关键在于建筑师能不能让它活了。刚才我讲齐欣很多想法非常好，材料在那儿，便宜的，环保的，美观的，好制作的，好安装的，前天我见到周凯，他说张总我们现在做高层的时候遇到一个问题，我们把石材、玻璃幕墙做遍了，如果这个材料很轻，很薄，很结实还便宜不可想象未来将是什么，未来是什么？因为未来都是一个问号，关键就是建筑跟建材能不能真的成为同盟军。我说的是下面有很多案例，装饰混凝土一定是实践产物，市场混换的产物，当然市场里面排头兵是建筑师，规划家，这是很早以前，五年前清华让我们做这样的样板，他们校长到我们公司去，说要为国争光，因为国外有了中国没有，一个混凝土挂板，跟爱国产生联系。让我们心里发热，谁还跟爱国产生联系，混凝土居然跟爱国两个字产生联系了，我们真的以为自己爱国了，所以坚持了五年，这是很多专家，徐会长、曹院长帮助解疑，这一定是社会协作的产物。单独的建筑设计和建材研究一定很难快速发展，这必须结婚才能生小孩。如果同性繁殖即便有梦也不会梦想成真。当初请了60多位专家，有不同意见，但是奠定了这个基础。我讲这个是发现一种简易方法，现在叫做风格，后来我发现所有的风格都是因为历史的局限，不信大家就排着队去数，技术的局限，经济的局限，观念的局限，社会的局限逼出一种方法这叫风格，以后我们把风格当做标准，社会不必破你了，风格就一定会发生转移。我们提出的在当下因为节能减排，因为环保能不能把挂版做薄，因为现在不打仗了，不要穿铠甲了，能不能把十公分厚板变成一、两公分，当代科技答复是可能的，因为现在边缘技术发展异常，G2C的技术，只要我们能把所有的边缘技术呼唤到一起，像刚才崔彤讲的技术集成，我们很多问题很好解决。我这里讲技术方法，没有现在环保话题发热，用假石头做环保，然后给企业免税，这就更好接单了。因为我们的记忆是把楼板立起来挂在墙上，我们记忆就是钢筋混凝土，很多建筑师问你这里有钢筋吗，其实现在的G2C不做钢筋，因为不走火车和人，就把板做起来像幕墙，他只管自己风来了可以动，地震来了有刚架动，因为不过是装饰而已，真的像女人的丝绸而已。其实我们何必把桥梁力增加到墙上呢，我想建筑一定不是建筑单纯话题，建筑一定是跨学科话题。这几次看到崔恺，见到王晖都为我出这本小画册，20年朋友能不能写几句话，我自己说显得太武断，你们说权威，目的是干什么呢？想推出新的材料跟建筑产生同盟作用。上面混凝土板、沙石、辅料，加钢筋叫钢筋混凝土非常结实但是非常重，下面是纤维混凝土，这个很便宜，很薄，我上午向宋部长做汇报，组委会今年亮点是什么，我说是做薄。我跟有的领导讲这次推出要薄，因为边缘技术有人做纤维，有人提供G2C水泥，这种技术可以做薄我能把薄板提供给建筑师，我觉得像齐欣讲的很多东西非常好实现。赵总讲的海边海港东西，现在很多制膜技术、工装条件，现在很多特殊软件能够实现很多东西，背后是用钢架。大家能看到钢架看不能板，板这时候是一张皮。我自认为建筑需要的东西你们要吗，你们能要的东西甲方觉得没有用是另外一回事，你让我们研发我们立马研发，花多少钱总比做广告要核算，切中建筑师脉搏我们要走很多弯路，这是最开始做的板拉到火车站。到今天来讲也不是说没有瑕疵，新产品一定有瑕疵，但是大家提供一个环境，其实实现了他们设计的愿望。这是孟良崮博物馆，上面还有子弹壳。这是李农写的一段话，他几年前寻找一种面料，他说什么呢？安装的过程使我们几方认识到U型板材对精度要求，反复试挂之后，如我想象之中简洁而又精神小建筑落成了，4.2米落地长状和钢挂板，低价位，今年很多领导问为什么这么低，不是我想低，高了没有人买，我先低把研发费赚出来，不赔就是赚，少赔还是赚，因为这样我们出钱了。我提供的经验是什么呢？希望我们同行，因为跟建筑界熟，其实建筑师勇敢一点，渴望一点，跟宋部长报告讲的一样，很多东西我们伺候建筑师，建筑师勇敢用一些新东西担一些风险，明天很多设计都能变成现实，这关键是谁来先担风险，担了风险败了烈士，成了就是勇士。谁担风险谁成谁就出名了，就这么简单。任何理论不如付诸实践，传统的混凝土用钢筋增强，我们后来发现用纤维增强能满足建筑需要，这是庄惟敏柔道馆，他写了很长一段话，都是在2号到4号之间提供的，十几位建筑师那么忙也没有这么抓拍的，马上要印，没有想告诉我人造的东西是什么样一个东西，该怎么人造，他最后一句话在不久的将来它会给我们的设计带来更多的惊喜，他讲的是人造的板，是讲宏观的产业。我们也有义务为人造石材的发展做一点我们应该做的事情，其实我很感动，建筑师应该做什么我想肯定庄惟敏有很多感慨，这是我们公司样板没有办法拉，只有五公分厚，背后是钢架，这可以镀铜，我们这次拿了很多样板，我们对同行也是抛砖引玉，同行很多经验也在被我们学习。这个是树皮，0.3毫米，这是最近澳大利亚可以参照的制作安装的规范，这是我们引用的一些标准和规范。大家经常问的标准，新产品有时候不能有标准，四年了还没有批呢，我们只能引用一些国内或者国际的或者欧洲的标准。这是行业内部的标准，我们企业的标准，所谓的专利，创新大奖。这是张华的一篇文章，据说这是十几亿在国际上最久远的一个古化石的地方，因为老百姓房子是这样，他就做这样挂板。实际上王辉写了这样一段话，他说宝贵石艺所开拓预制混凝土挂版技术具有不可抄袭和难以超越的核心秘密，张宝贵先生注入到这门工艺中的热情和远见。关键这两年能不能别逃跑，以后会大把钞票来。我们今天看似技术的话题都是一个概念的原因，都是一个心态的原因，谈心态易，改心态难。他对个人，个人对艺术的执着，对设计的热诚，以及在推广这门技术过程感动了所有人的个人魅力，将混凝土点石成金的根本原因。那天说写什么呢？我说写什么都行，因为你们做了。这是一个破论的山体，用生态修复的方法，也是这个挂板。这是宋部长讲的长春市长拿不准用不用，宋部长说这个东西轻，还是用吧，按完以后据说长春市长给领导打报告说比想象的好，因为当时没有用过，怕出事，新东西不用是对的，人家怕你出事，用了如果不出事就真的对了，关键是没出事。现在作为我们材料供应商能不能想尽办法让它别出事，哪怕赔钱。我们公司走到今天其实经济发展很慢，老赔钱，本事小老犯错，犯错想在里面纠正，自己悄悄把毛病解决在企业内部，所以人都说你不会管，你是笨蛋，你不会挣钱，我说如果活不出事，我可有资格在这说话，我在上面吹牛底下活出事了，下次估计不让我说了，估计没有人听这个事了。大型挂板在张宝贵可以成为建筑艺术品，因为我叫张宝贵，实在宝贵，其实建筑师给我们加了一个担子，这样干活更得好好干，更不能出问题。我们鼓励建筑师，建筑师鼓励我们，我们造成相互鼓励，其实就是相互背上了一个责任的意识。如果我们相互排斥，我们中间就可以都不去研究和负责，这样的板远看是土，近看是土，原来是混凝土，这是前人的语言，我们只是抄来了。因为我在山西插队20年，我打过夯。最早宋部长讲文化是什么，我觉得在山西像醋缸泡我20年不酸都不行。这是前不久郭坤设计的水泥的镀铜，这是样品。前不久崔恺和张南设计的赵王城，下面是石头，上面想用水泥做，这实际上是赵国时期的文样。这是辛亥革命博物馆，我说能不能把模具支在外墙，因为后面辛亥革命100周年，如果能做出整个效果多好啊，当然大家思想没有统一，觉得做出来不是那个东西呢？可是横着树着开缝肯定不是整石头。这是重庆自然博物馆，他要做成树包石，石包树，后来我们发现建筑真的越来越活跃，我们作为一种供应商能不能简单的供应变成一种研发制造商，我们就可能找到更多的发言权。韩觉北说的给大家念一下，他在这里面有几点，这是其中一点，装饰挂板表面造型独特，能满足不同建筑风格，装饰挂板表面造型各异，安装时比较正确选用定位、装饰挂板安装时必须选用机械方法调整，单块挂件必须自成体系，这是他做大唐当中的体会，很多安装公司安装的时候遇到很多麻烦，他在这里面做了一些调整，这是他的一些安装图，节点图，这是安完的效果。从某种角度来看社会的丰富很大程度是有色彩所决定，时至今日建筑领域里的建筑材料千篇一律，单调乏味面貌依然如故，钢筋混凝土简单使用带来同质化问题，促使现代建筑的生长犹如麦田，张宝贵是这片麦田里面的诗人，记得一个秋季配北京朋友在京郊小厂第一次见到他，宝贵是农民敦厚纯朴，对待我们向一个归家兄弟，第一次看他的产品令我惊异的不是混凝土制品，而是博物馆，全部由混凝土制作，我走过全世界很多博物馆，但还不曾见过这样一个由农民艺术家，农民企业家独资创作，由混凝土材料完成所有作品的个人博物馆。当然这个个人夸张了，我有200多人帮助我做。张宝贵像一个混凝土诗人，那段时间我正在为选择西安大唐及丝绸之路博物馆面料范畴，宝贵作品给了我很多启示，我边画草图与他讨论新博物馆材料想法，宝贵收起我的草图说刘教授我试试看，两周以后发几张图片，我高兴的看到想法变成现实，经过几次调整一种从来没有过材料出现了当混凝土挂板在长安成功时，我好象看到丝绸之路驼队出现了。我那天发短信，看来建筑师不但会做图，还会写文章，其实这些东西是共同在摸索一种东西，我最后的结束有两段，如果把艺术比喻为树，夸张树冠，忽略树根会倒，22年来亲历亲为这是生活，这是经历，这是示范，这是学习，不习惯定位所犯的都是小树，树向上长，根向下扎，一天一天长大，中国日报记者很多年前给协调过一篇文章，拒绝收获并非刻意，只是不愿意收获时把什么都扔了。多少年来每当宝贵有所进步，有所发展，就能及时得到专家领导和方方面面的鼓励和帮助，特别是近几年来我们用循环经济的方法做装饰混凝土轻型挂板，由于缺少经验和条件总要预见重重困难，每当发生细微变化，大家用发展的眼光看本质，把我们夸的心里发热，每过一段时间就有新的设计和产品拿到展览会上来，向大家展示，向大家汇报，从而得到新的鼓励，新的市场。我们喜欢想入非非，别出心裁，不管如何天花乱坠，终能脚踏实地一是一，二是二，心在天而脚在地，我们喜欢创新，喜欢研究，经常碰钉子，经常被诱惑，被批评，被建设，终能按自己最初想法走下来逐渐成了风格，认准了事情不动摇，有想法容易，坚持下来难，始于创新，成于坚持。这是我们下一步的工业化，前不久见周凯，我们在学习别人的经验，跟周凯有过交谈之后，他认为应该向高层发展，一百米，二百米，他马上要设计做市场工作，不但有意义而且可行，如果规划设计研发应用施工可以协调起来，也许在不久的将来装饰混凝土轻型挂板可以在当代建筑外墙发挥重要的作用。装饰混凝土自有其传统，关键在前人基础上如何创新，如何发挥新材料，新工艺的特点，使之在文化创意和循环经济相荣的领域中有所发现，有所发展。我们有八个关键词，建筑、雕塑、商业、环保、农民、工艺、材料、创新，别人是一个点创业，我们是八个点非专业，边缘化，我22年前圈了一块地，后来才发现这叫万亩良田，22年我们在圈地，我们的边缘化行为实际上是边缘学科相荣，构筑可持续发展空间，一位大学生说你们是不是把企业当艺术来搞，有如天使在点播。22年说着自己的话，似乎把梦实现，看似虚，实则实，虚实之间自由自在，把美传给人间不亦乐乎。谢谢。主持人：谢谢张宝贵先生，张宝贵先生用精彩的演讲为我们今天的论坛画上一个完美的句号。今天一共有六位嘉宾为我们做了精彩的学术演讲，既有对建国六十年来中国建筑创作回顾和总结，又有在建筑设计理论和实践中的探索，还有像张宝贵先生这样对建筑创作给于密切配合，并在建筑材料创作中不断追求的企业家，相信他们的演讲一定会对各位参会代表留下深刻的印象，并会推动我国建筑创作不断繁荣和发展，我再一次代表大会组委会对各位专家的精彩演讲，对各位代表的积极参与表示衷心的感谢，谢谢大家！今天的论坛到此结束，谢谢。,3,4,0.5085009336471558
张钧：2010年在纠结中发展     张钧：我想是这样的，现在我也前卫一把，网络有一个新名词“纠结”。这种纠结是怎么一回事呢实际上就是我中有你，你中有我，有合作，有竞争，这种分化和发展先不可预知，也出于生存的考虑做一些变化，以后这样的变化还会多，这种创新、发展，这种纠结恐怕会越来越严重，这个是不可避免的，但是更多的过程中，大家应该公平竞争，然后充分给广大消费者提供性价比最高的产品。另外还有一个，我也在想，应该做好自己最擅长的部分，不能无限扩大自己的领域和范围，因为你的领域一旦扩大很多，你的合作、朋友就少了，竞争就很多，我买了一个厨柜，马上其他和我合作的厨柜就会有很多的想法和问题，金鹰艾格的老板问我地板的问题做了吗，我说没有做，我觉得还是做好自己的强项和专长，多以合作和共赢探讨，在新的经济形势下寻求新的点，这是我们方方面面共同面对和探讨的。    张福才：我还是觉得北京的京味家具发展越来越大，大家应该团结起来一致对外，尽快的把北京的京味家具做到全国，让全国的大卖场、主流卖场都有北京的家具生产厂家大的地盘。       刘春杰：我觉得是要一致对外，家居行业大行业，小规模，实际上这两年有很多的小品牌进入红星美凯龙这样的卖场，然后迅速的进入到全国，这对我们行业是很好的事情，家居行业共同面对的问题是诚信，大家都在谈环保，消费者关心的问题，实际上还是因为之前的信用危机造成的后果，大家在这么好的市场情况下，一个是练好内功，另外一个是可以对自己做出的承诺有一个保障，无论我们的价格体系，小到价格，大到产品品质的问题，如果都可以做到比较好的起点或者标准，那么我想家具行业的发展必然会有非常大的空间，网络应该可以很好的解决销售的问题，现在我必须要亲手的看到这个产品，才知道这个产品是真的还是假的。       主持人 李燕玲：刚才刘总说到一个家居产品的非标准化，家居产品的个性化导致了对行业的依赖，这种合作关系还是非常有必要的。       赵崇联：现在我们做的没有那么大，现在作为企业首先把自己定位做好了，做一个产品，首先要想到对老百姓服务，也是对自己服务，坚持这个观点之后，我想同行之前相互交流、学习，才可以把自己的产品不断的提升、进步，返回来会得到更多的用户的喜爱，同行之前更多的交流是比较好的，作为上下游来讲，一个产品应该有上游和下游，应该搞好利益关系，我想企业发展起来会有更多的朋友，多一点朋友更好一些。       主持人 李燕玲：赵总作为上游材料的提供商，应该说没有更多的间接的竞争对手，都是直接的竞争对手。       袁树林：我觉得这个问题应该从另外一个角度来看，不管是渠道也好，还是单店的销售也好，产品和服务也好，不管是在座的各位企业的老总，或者说任何一个家具行业的老总，都应该有一个概念，我们在整个客户满意的前提下，怎么样能够真正的让自己的产品品质上来，这是最关键的，包括刚才很多老总说的不良竞争，可能不单单是价格，在纵向或者横向上沟通交流，我认为有很多的机会，刚才说了利益环节，渠道环节做更多的沟通，因为每个企业和每个产品的特性不一样，刚赵总说了，我们个性服务，高端客户服务非常强，这个都是需要和大家探讨的。       温世权：我就一句话，希望明年北京多一些竞争对话，大家在良性平台上竞争。       钟红文：通过去年一年的拼搏，今年比较疲惫，我的孩子在清华附中，我看他考进去的时候还不错，前一段时间46名学生排名40名，最近两个月我抓了一下排到全班前4名，09年我又充分的授权，我要回归家庭多一点，谢谢！       乔印军：我想说三句话，卖场是我们永远离不开的舞台，对手永远是我们的竞争伙伴，永远以乐观向上的心态引导我们的行动，谢谢大家！谢谢新浪！       主持人 李燕玲：我们这场论坛就到这里结束了，我非常感谢大家激烈的讨论，后续我们会对一些热点的话题进行追踪、报道。,3,8,0.44948533177375793
德国专家做客清华知音讲坛 干墙系统隔声新用受清华大学建筑物理实验室及可耐福的共同邀请，德国知名专家、爱尔兰根-纽伦堡大学的客座教授Hans-Ulrich Hummel亲临清华大学建筑学院，依托知音讲坛这个技术交流平台，介绍了干墙系统在隔声和吸声方面的应用，讲座吸引了清华大学师生、设计单位专家等众多业内人士。讲座中，Hummel教授详尽介绍了干墙系统在隔声和吸声方面的应用，现场投影中生动而颇具科研价值的图片令现场听众纷纷举起相机拍摄。讲座结束问答环节时，现场的中外听众争相提问，并就建筑声学专业领域的问题与Hummel教授展开交流。此外通过知音讲坛的12个网络端口，许多外地在线参与讲座的网络听众也纷纷提问，发来问题请Hummel教授解答。干墙系统，主要是指轻钢龙骨或木龙骨上固定的各种预制板材，如石膏板、组建吊顶、墙体或其他类似建筑构造系统。干墙系统施工便捷，重量轻，可以解决各种建筑设计的要求，如隔声、吸声、抗震、耐火、耐水、节能、环保等。本次知音讲坛上，Hummel教授详细讲述了干墙系统在隔声和吸声方面的应用。从建筑材料石膏板的历史到石膏板的制作工艺，从隔声与吸声基础知识到声音通过墙体传播的机理和测试方法，从吸声产品到施工细节等，无一不深入浅出，细致道来。此外，Hummel教授以可耐福石膏板为例，形象化地向大家阐释其优越的隔声性能以及其内部构造和隔声原理。,3,4,0.6778576970100403
德国可耐福集团为建筑节能改造献策(2009年5月21日 )目前，建筑耗能已与工业耗能、交通耗能并列成为我国能源消耗的三大“耗能大户”。根据测算，如果不采取有力措施，到2020年中国建筑能耗将是现在的3倍以上。在这一方面，德国可耐福公司通过独创性的研究，为我们提供了一条具体可实施的道路。在德国总部伊普霍芬，可耐福集团代表为巴伐利亚州的建筑节能改造工程提供了一项有效方案。该方案可对房屋的墙壁和屋顶进行隔热处理，并安装绝缘玻璃窗，配备现代化供暖设备且通过通风系统回收利用能源等等。它不仅针对幼儿园、学校以及政府办公大楼等公共建筑，还包括城镇居民建筑。根据德国联邦政府的经济一揽子方案，在未来的几年内，公共设施类建筑将成为节能型改造的首要对象。利用国家和巴伐利亚州提供的资金，医院、高校等设施的节能改造将使能源的消耗减至1/3，甚至1/10。节约能源的同时，人类的居住环境也得到很大改善。,3,4,0.6416705846786499
德国归来话设计：对环保的追问和反思日期：2009年8月9日时间：下午4:00——7:00(研讨会4:00-6:00，酒会：6:00-7:00)地点：当代MOMA百老汇电影中心环保今天似乎成了一个老生常谈的话题。绿色标签被用到有些泛滥的时候，人们对这两个字背后的内涵到底认知多少，依然是个问号。 带着这一问题，ABITARE中国造访了国际建筑设计行业的先锋国度之一，德国。“妍玲设计行”策划与主持人段妍玲女士以独特的个人视角深入德国环保 “硅谷”弗莱堡和大众等德国绿色环保标志型城市和企业，在形而上的高度，揭示了德国人对环保的理解和实践。 由意大利ABITARE杂志中国杂志社主办的“大设计战略对话A-TALK”系列活动之二——“德国归来话设计”中，来自设计界和主流媒体的朋友一起齐聚当代MOMA百老汇电影中心，掀起了一场头脑风暴。邀请建筑师、品牌战略专家和绿色生活的先行者们一起，将环保的探讨细化到城市、品牌和绿色个人三个层面，在对环保的追问和反思中给出自己的真知灼见。图为德国环保理念环节1. 城市课题启示：《妍玲设计行-德国第一绿色城市弗莱堡》在德国的环保“硅谷”弗莱堡，我们切身感受了一个提前进入绿色时代的城市：这个人类生活的能耗降到全世界最低点的城市在节能减排的基础上，带给我们更重要的启示在于它开放的城市空间，不仅消除了人与环境的隔阂，也消除了城市居民心理空间的隔阂，营造出和谐共生的城市氛围，绿色环保的理解从物质层面推向了更为深刻的社会心理层面。论坛：暴富城市的包袱和包袱由著名建筑评论家方振宁主持，国内著名建筑师李虎，绿色设计师联盟代表Ryan Dick和都市实践建筑顾问吴文一展开激烈讨论，在如何将真正的环保意识推广给中国的城市建筑领域各有卓见，谋求通过与政府、企业和媒体的通力合作，共同构建真正的绿色城市成为这几位建筑师的公识和未来努力方向。就中国一、二线城市的不同发展现状，各位论坛嘉宾也以实例给出深刻行家见解和分析。,3,9,0.7265521883964539
"房款装修款拆开算 瞰都涉嫌逃税卖房近日，购房人刘挺(化名)买房的时候碰到一个奇怪的事情。位于东北四环东风桥北的瞰都领仕馆6号楼在对外销售的时候，业务员称精装修房销售均价为21000元/平方米左右。而当刘挺去售楼处与开发商进行网签购房合同的时候，合同上显示的房屋销售价格却为18000元/平方米左右。销售人员给他解释说，他想要购买的这套房产单价为20500元/平方米，18000元/平方米是其毛坯价格，装修部分的价格需另行签订一份装修合同，开发商以装修款的名义按照2500元/平方米收取，开具的发票也是装修款。刘挺一时没想明白，没在购房合同上签字。但他不太甘心。刘挺在给本报记者讲述这段买房的特殊经历时说：“20500/平方米的价格虽然被拆开了，但算下来总价好象也没有变化，是不是应该签合同呢？”记者就此楼盘的另类营销方式采访了一位业内资深地产营销负责人。他说，刘挺没有匆匆下定是对的。如果按开发企业这种方式售房，未来业主在出售该套房产时，肯定会为此多掏不少""冤枉钱""。比如说业主购买了总价120万元的房子，在市建委以100万元的价格登记，另外20万元作为装修款支付。那么当业主以140万元出售这套房产时，税务部门会按照首次购买所登记的价格，以40万元的溢价进行收税，而不是以业主实际收益的20万元进行收税。另外，在国家税务总局于2007年6月正式对外公布的《关于承受装修房屋契税计税价格问题的批复》(国税函〔2007〕606号)中明确表示：“房屋买卖的契税计税价格为房屋买卖合同的总价款，买卖装修的房屋，装修费用应包括在内。”也就是说，对于以精装修现房为卖点的楼盘而言，将装修费用刨除在房价之外单独收取的做法，本身就涉嫌逃税。据他分析，开发商之所以采用如此做法收取房款，其中很重要的因素是开发商销售房屋须按5%缴纳营业税，而装修公司只须按3%税率缴纳营业税。开发商相当于利用房屋销售和装修的税费差，降低了自身的税费支出。记者在随后对瞰都领仕馆售楼处相关人员进行采访的时候，销售人员承认在售的6号楼部分房源此前曾以签约房价一分为二的方式进行销售。但她表示：“我们现在卖的房子都是按照正常报价来签订合同的，肯定包括了装修费用。”(北京参考记者 沈静)",3,4,0.9692137241363525
手续未办好装修已开始 丹水池街道办盖违建楼(记者 韩立山)丹水池街道办打算用作社区服务中心的两层楼是违建房，从开建到装修，一直没有办理好相关手续。”日前，居民刘先生向本报投诉，称这两层共200多平方米的楼房是违建。昨日，丹水池街道办称，相关手续正在办理中，江岸区控违办也表示将督促其尽快办好相关手续。手续还没办装修已开始昨日上午，记者在江岸区丹水池街看到，新建楼房紧邻街道办的一栋三层办公楼，共上下两层，整体已经完工，有工人正在做内部装修，社区便民服务中心的牌子也已经挂在门口。记者进楼后发现，一楼是个大厅，二楼是几间办公室，办公室的地板、门窗都已经装好。街道办负责人说，这栋两层楼原本是街道办的院子，现在改为了一站式社区服务中心，将设置教育培训中心、文体活动中心、维权咨询服务中心、图书阅览室、慈善超市等，为居民提供“一站式”服务。街道办称相关手续正在办“其实，我们真的觉得很委屈。”该负责人介绍，丹水池街管辖范围约有9.43平方公里，常住人口6万多人，目前办公场所太小，无法满足居民办事需求。按照国家明文规定，该街道应该为居民提供一个近1000平方米的服务中心，街道办挤出20万元改建了服务中心。该负责人表示，盖楼之前已向区里打了报告，并着手办理相关手续，只是因为规划手续办起来比较麻烦，所以一直拖到现在尚未办下来。“建楼之前，考虑到手续尚未办理好，还进行了社区居民听证，并发布了告示。”该负责人坦言，之所以边建楼边办手续，也是为了早日给社区居民提供便利。市民：政府部门更应程序合法“虽然是为了方便居民，可是作为政府部门，是否更应该注意程序合法？”向本报投诉此事的市民刘先生介绍，街道办搞的听证和公示他都晓得，可是相关法律已经明确规定了，没有办理规划手续就是违建。“政府部门可以边建楼边办手续，那么市民呢？”刘先生认为，政府部门更应该做个表率，更应该去遵循程序合法，而不是搞“绿色通道”。就此，江岸区控违办一负责人表示，从严格意义上来说，该楼确系违建，7月份曾经要求该楼停建过一段时间。考虑到该楼是为了满足社区居民“一站式”服务需求，且街道办确实是想为居民做实事，所以才没有强制拆除，“将督促该街道办加快办理相关手续。”,3,4,0.9877238273620605
把市场做小的智慧 集中优势局部市场形成强势把市场做大，让自己的产品销遍全国，甚至销往世界各地是每个企业家的梦想和追求。这是企业家及企业成功的体现。事实上，这个梦想却非大多数企业家都能实现的。在当下，世界上几乎所有的行业和产品都或多或少存在着产能过剩、供大于求的问题。实现这个梦想不仅需要企业家的智慧和能力，还需要各种强大的其它资源做支撑。譬如：强大的产品竞争力、充裕的资金等等。而这些资源并非每个企业都具备。企业在这种资源不足的情况下，企业家盲目追求遍地开花的产品推广战略，强调做大市场往往使结果与愿望背道而驰。因为没有足够的力量做后盾，这种“大市场”往往会使企业经营上很被动，甚至拖得筋疲力尽。在这种情况下，只有大胆把市场做小，集中优势资源在局部市场形成强势，不断积累品牌力和资金实力，最终再慢慢扩大市场。把市场做小，其实就是在资源不足的情况下，集中全部优势实施重点目标打击。这类成功的例子可谓不胜枚举。解放战争期间，有“战神”之誉的粟裕大将，指挥华中野战军主力3万余人，与12万美械装备的国民党军队作战，之所以能七战七捷，在一个半月歼敌5.3万余人，其秘诀就是每战均集中绝对优势兵力歼敌一部。在陶瓷行业，提到业界翘楚唯美公司的成功经验，人们必会说到其掌门人黄建平先生，在创业之初，面对当时企业困境做出的大胆决策，集中精力搞仿古砖市场，从而了实现“小市场，大份额”的目标。有时，把市场“做小”更需要一种智慧。如果说这些成功的案例都是精英式人物的传奇，普通人难以去复制其成功的经验，那么我不妨再讲一个百分百草根的例子。今年春节回家，我发现家乡从市里到乡村，很多人都在听一个本地歌手唱的歌。经过了解，我才知道这个本地歌手已经红遍全市(县级市)。论天赋和唱功，哪怕在本市他都算不上实力派。如果他和其他歌手一样，梦想成为刘德华和张学友这类红遍全国的歌手，他至今绝对是一无所获。他的成功就在于敢于把市场做小，把目标消费市场锁定在本市范围，然后通过对几首自己唱的比较满意的歌进行加工，用本地的方言唱出来。因为这种歌词在当地人听来比较亲切，甚至有些好玩，一下子就在本地火了。而在这个市场没有人跟他竞争，他自己出了专辑，在当地卖了5万多张。由于在本地的走红，他几乎每天都会参加一场活动，出场费在2000元左右。且已经对周边县市形成了一不定的辐射力，其出场费用及专辑仍有上升空间。这个曾经穷得吃不上饭的草根歌手，很快就实现了买房买车的梦想。中国地广人多，市场十分庞大，对很多产能不大、实力不强的企业，如果能把一省一市的市场做好，其实就完全可以赚得盆钵满盈。近两年，四川夹江、江西高安产区的部分区域性品牌的成功操作，其实也是一种把市场做小的智慧。相信，将会有更多的把市场做小的陶瓷品牌走向成功。,3,4,0.4124249517917633
挑T总动员-求爱篇图为漫画图为漫画图为漫画图为漫画,3,8,0.9973179697990417
挡路建材已清 施工仍在扰民本报讯 (记者 彭晨实习生沈婷婷)过去一周，市民向本报“24小时热线”栏目反映的问题主要集中在人行道堆放建筑材料、幼儿园附近尘土飞扬、工地抢建影响居民午休等。昨日下午，记者拨通了部分市民电话回访获悉，部分问题经本报报道后，已经得到解决。9月1日，廖女士来电反映，景龙小学东边、北边的人行道被水务集团挖开，如今暑假过后，人行道还没有恢复原状。近两天学生返校开学，学校门口堆放着大量建筑材料，使得学生上学无路可走，只好走机动车道。昨日下午，廖女士在接受记者电话回访时说，此事经本报报道后，引起了深圳水务集团的重视，他们立刻安排工作人员抢修了损坏的下水井，堆积的建材也已清理完毕，现在人行道已经恢复通畅。9月3日，普小姐来电反映，福田区石厦菜场旁的一处拆迁工程，由于现场无遮拦设施，每天施工时产生大量的灰尘，附近的幼儿园离拆迁地不足十米，小朋友每天都要吸进很多灰尘，不利身体健康。昨日下午，普小姐在接受记者电话回访时说，文章刊登后，工地立刻采取了整改措施。近日，工地在拆除围墙时进行了洒水作业，灰尘比过去大为减少，周围的环境也没那么灰蒙蒙了。9月5日，龙先生来电反映，龙岗华为基地三和大厦对面有个工地，这两个月来，该工地每天早上6时便开始施工，中午也不停工，声音嘈杂，附近居民午休时都不得安宁。昨日下午，龙先生在接受记者电话回访时说，这一情况仍未改善。居民不反对施工建设，但不要打扰到居民的正常生活。希望相关部门能够加强监管，让附近的居民能够有一个安静的生活环境。,3,4,0.9131299257278442
探秘国庆晚会三大法宝 LED70%零件国产首都国庆60周年联欢晚会指挥部副总指挥赵东鸣日前表示：今年晚会上最有创意的就是设计了一个叫“光立方”的表演区，即以天安门广场国旗旗杆为中心，在它的周围有4000多棵的“发光树”，这是在我国的晚会中首次被应用。这些“发光树”是LED的，具有高科技含量。 “天安门广场上的LED显示屏中70%的零件均为国产，尤其是它的关键技术发光晶粒由我国公司生产。这个显示屏在抗风、抗雷、阻燃等方面做了相当充分的工作。这些先进的技术为我国的科技创新增添一喜。”一位LED显示屏的专业人士介绍说。天安门广场上LED显示屏宽为50米，高7.5米，虽说屏幕的比例为20∶3，但是画面内容却不会变形。显示屏采用点间距16毫米的全彩色LED像素，远程同步控制，高清数字显示，其横向3072点像素是迄今为止世界广场LED显示屏之最。为了以防万一，显示屏采用了三路供电，并且若用自身电池组来供电显示屏的亮度也不会受影响。另外LED显示屏还运用到了彩车上，并突破了其单一的形式，发展出弧形、不规则形、上下升降等多种花样。焰火形式丰富多样据赵东鸣介绍，这次晚会的一个特点是“突出焰火，强调联欢”。因此焰火表演在国庆晚会中有着举足轻重的地位，甚至决定整台晚会的效果。在这次焰火表演中采用了高、中、低立体烟花，还配有网幕烟花、特效造型烟花、音乐烟花燃放等多种形式。此次焰火的燃放集中在广场周围的12处燃放点，比较集中。为了使焰火看起来更绚烂多彩，首先就必须解决焰火燃放初所出现的大量烟雾。为了达到焰火艺术上的创新，天安门广场上安装了一个巨大的烟花特效装置，这在以前是没有过的。今年国庆庆典联欢晚会的烟花种类超越了以往任何一次，届时，以天安门广场为中心，人们会看到一个整体、多样、场面壮观、绚烂多彩的焰火晚会。打造民族欢乐盛宴一台突出民族、民间和民俗的盛大联欢将在国庆夜呈现于世人面前。此次联欢有12个板块，分别为各民族中心表演区、军民联欢区、工人联欢区、大学生联欢区和农民联欢区等。在各民族中心表演区，将有近3000人身着56个民族的服装载歌载舞。此次晚会联欢与以往国庆晚会联欢不同的是：12个板块在同一的旋律之下舞动着不一样的舞步。各个板块的群众将各展其能，共同打造一场民族欢乐盛宴。,3,9,0.9444347023963928
"新浪乐居独家：传红星美凯龙高层沈耀俊离职新浪乐居讯 (杨轶/文) 近日，在新浪乐居业内论坛出现一条关于《爆！红星美凯龙华北区总裁沈耀俊已低调辞职》帖子，文中透露红星美凯龙华北、东北区域总经理沈耀俊已经低调离职，此贴引起业内广泛关注。    对于沈耀俊的突然离职，业内纷纷猜测：一，红星美凯龙进入另一个发展阶段，对原高管进行岗位和薪酬方面调整，从而引发高管“出走”；二，沈耀俊与红星美凯龙集团出现了无法调和的矛盾；三、这位一路推动红星美凯龙发展的“功臣”为自己选择了另一条发展之道。就在2009年6月4日下午新浪家居编辑还对沈总进行独家采访：《红星美凯龙一小时抢驻美罗城预十一开业(图) 》，他对于一小时内拿下美罗城项目，并预计在十一开业的消息还侃侃而谈，同时对于全国要开超过20家新店充满信心。新浪乐居得知此消息后第一时间拨通了沈耀俊手机，目前手机无法接通；联系到红星相关领导没有得到回复。新浪家居会关注此事发展动态，请随时关注。    附：    沈耀俊个人履历：    沈耀俊 红星美凯龙国际家居购物广场华北区总经理。曾获中国诚信企业家、天津市优秀工会之友称号。    他以“商场化管理、市场化经营”的管理模式，积极推进配套设施改造，建成红星美凯龙国际家居购物广场，吸引了千余家名牌厂商，两年纳税2844 万元,为经济发展做出了突出贡献。安置千余名下岗职工及大中专毕业生、农民工。积极参与公益活动，为灾区群众、特困家庭、困难学生和社区建设捐款逾百万元。    红星美凯龙近期动态：    红星美凯龙一小时抢驻美罗城预十一开业(图)    红星美凯龙下半年将开20家新店 9月预华北开两家    红星美凯龙北京北五环店隆重开业(组图)    大小S千万代言 牵手红星美凯龙    关于红星美凯龙高层沈耀俊离职调查1、您认为沈耀俊离开红星美凯龙的原因是？红星美凯龙正常人事变动营销思路无法与红星发展调和个人谋求更大发展其他原因2、您认为沈耀俊辞职是否与当前经济形式有关？有关无关不好说3、您认为未来红星的发展战略是否会发生重大转变？会不会不好说",3,4,0.995873749256134
昆明人民政府与红星美凯龙签订战略合作协议2010年1月19日昆明市人民政府与上海红星美凯龙企业管理有限公司签订战略合作协议，共同繁荣昆明商贸市场，提高商贸服务业、物流业国际化水平。3年内，红星美凯龙在昆投资将达数十亿，打造继上海全球旗舰店之后又一个专业化国际市场，并在昆设立西南地区总部。昆明市近年经济增长迅速，城市发展态势优良，同时具有得天独厚的辐射能力，一直是红星美凯龙关注的重点城市。2008年，红星美凯龙正式进驻昆明，目前已投资2个项目：西山区24号片区的一期改造、五华区城中村岗头片区改造项目，总投资达70亿元。据透露，集团将把昆明的商业布点作为在西南地区发展的重要一站——辐射南亚、东南亚地区的桥头堡。红星美凯龙自1986年创立以来，已在北京、上海、天津等地开办了60家连锁家居商场，总经营面积超过618万平方米，成为中国家居行业第一品牌。自进驻昆明以来，得到了昆明市委市政府的大力支持，合作列入昆明市重点招商引资项目，昆明市委市政府对红星美凯龙这样的行业龙头企业非常重视，希望红星美凯龙的进驻可以促进昆明现有家具建材行业的升级换代，提升昆明百姓居家文化的品质。签约前，省委常委、市委书记仇和，市委副书记、市长张祖林会见了红星美凯龙董事长兼CEO车建新一行。仇和向客人热情推介了昆明，表示欢迎同行业中的龙头品牌企业红星美凯龙进入购买力高度集中、零售市场很大的昆明投资发展。对落地项目，昆明将无条件、无阻力、无障碍地做好服务。依托各自商贸经济领先和品牌集聚优势，双方将建立长效合作机制，发挥市场机制对资源配置的基础性作用，加强重点产业和骨干企业的经济合作，促进产业东西联动，培育自有品牌和扶持民族品牌，通过提供品牌发展阵地，优化品牌扶持政策，搭建品牌宣传平台，促进互动双赢发展。此外，红星美凯龙西南地区总部也将落地昆明，拓展在昆业务范围。红星美凯龙董事长兼CEO车建新此行考察了在五华区、西山区拟建项目及呈贡新区建设、螺蛳湾国际商贸城。有感于昆明各级政府的大力支持和高效的工作风格，红星美凯龙计划加大在昆明的投资，继续参与西山区24号片区二期改造。预计到2012年底，红星美凯龙在昆投资将达数十亿亿元，解决近万人就业。,3,4,0.9117423892021179
景德镇陶瓷精品9月赴台展出海峡两岸陶瓷精品展将于9月在台北和高雄展出。届时，台湾民众将能观赏到250件代表60年来景德镇陶瓷发展最高水平的陶瓷精品。据悉，目前陶瓷展品征集工作已经结束，共收到1100多件陶瓷作品，由中国工艺美术大师秦锡麟等专家组成的评委会从中选出250件作品参展。参展作品涵盖了60年来各个时期景德镇陶瓷精品。(双木),3,1,0.4300103187561035
最爱我的家主题活动现场花絮-现场直播  图为工作人员现场直播,3,4,0.6800388097763062
最爱我的家主题活动现场花絮-美女主持(图)  图为美女主持新浪乐居王元,3,4,0.9858006834983826
有笑有泪的欢乐旅程6月2日，来深圳的第三日路线：欢乐谷——民俗文化村——机场有笑有泪的欢乐旅程深圳游的最后一天了，小朋友们隐约都有些不舍。一大清早，虽然还有些恋床，但想到一整天丰富、有趣的行程，当然是毫不犹豫准时出发了。充满欢乐的旅程中有笑也有泪，这里记载着最真实的他们和圆方园在一起的三天，最美丽的瞬间。红领巾传递爱圆方园“红领巾行动”命名源起于借助庄严而神圣的红领巾的传递力量，将希望与爱传递下去。这时，小朋友们又将他们最为真诚的爱回报给了我们。众多媒体竞相采访感谢社会大众对公益事业的热心支持，第一现场、深圳特区报等众多知名媒体都前来采访报道，呼吁更多的人来关注这群需要关心的孩子们。挥洒热泪的送机场面要走了，三天的美好行程就要结束了。可是小朋友和深圳这批关心他们的人都不舍在这一刻分别。他们泪下现场，真情流露。至此，三天的深圳行圆满结束。这群来自四川都江堰的小朋友们在这里度过了一个难忘的、特殊的六一节。然而这并不是一个结束，这又是一个新的起点，圆方园与社会各界热心公益事业的单位、个人还将把这种关爱延续下去。,3,5,0.2774029076099396
李计忠个人简介中华民族优秀传统文化的优秀传人、易学学者、预测大师、策划专家、世界名人李计忠先生，安徽省宿州人氏，生于一九五三年，现定居海南，并创业于北京、上海、海口三处。李计忠先生现为海口紫竹策划服务公司总经理，东方河洛研究中心总经理，兼任中国易经学院秘书长。并常年受聘于山东鲁能集团、北京建国饭店、海口宝华大酒店、香港金龙群英集团、西洋国际大酒店等三十多家上市公司、集团公司、星级酒店宾馆，担纲经济策划和投资总顾问。是古今易林中屈指可数的佼佼者之一，是现代易坛上最为成功的人士之一。今人李计忠，挟八卦、六爻、四柱、手相、面相、风水等六术于一身，又旁通奇门遁甲、大小六壬之术，更独掌八卦阵法，尤以化煞解灾调运最为有效而见长。他通过各种术数方法的调理和化解，不仅使成千上万的黎民百姓，得以排忧解难，更使几百家企业起死回生、扭亏为盈。对山西省某市所进行的整个城市的风水调理，更开创了当代大型风水的先河。是古今易林中百年难得一现的奇人之一，是现代易坛上最为夺目的星曜之一。 为了实现承传和弘扬《周易》文化的宿愿，他不仅辛苦奔波于海内外三十多家集团公司、星级酒店担纲经营投资策划总顾问，还自力创办 了研用易学的专业机构——东方河洛研究中心，著书立说，教书育人，现已将《一卦多断绝学精典》、《调堪风水绝学七法》等20多部专著奉献于世间。更为《周易》文化培养传人一万，收弟子三千。特别是广传“一卦多断”之法，在海内外掀起了新一轮学易热潮。是当今易林中人弘扬《周易》文化功劳最为卓著者之一，是当今易坛上可堪称“一代宗师”者的大师之一。,3,4,0.7172536253929138
杜邦钛白陆明兰：每个人都应该有节能减排意识主持人：谢谢杨主编的精彩介绍。刚才说了一个特别好的话题，低碳的生活、节能减排的生活、绿色的生活又成为房地产商的大卖点，希望各位房地产商都可以勇争“节能之星”最具品位楼盘评选活动。下面有请来自杜邦钛白科技有限公司总经理陆明兰女士致辞。陆明兰：尊敬的大连实德的张总，各位来宾、朋友们大家下午好！最近房地产市场特别热闹，话题特别多，更多的话题都是今天在说明天要涨还是要跌，房价高还是低，但是在所有的讨论的背后有一个议题，不管是对政府、开发商、消费者，我们共同关心的都是怎么样建质量好的房子，给大家提供有质量保证，对环境更好的住房。我也非常的看到今天的论坛讨论的内容正是怎么样向市场提供大家所需要的质量更好的住房，提供环境友好型的住宅，将节能减排放入到我们通常的议事日程当中，我想对整个房地产市场推动作用意义是非常重大的。很多的行业都非常重要，但是在中国目前的阶段，房地产市场在国民经济当中的地位是特别高的，从各个环节来说，这是为什么呢？我们在这个行业里面要提倡节能减排，我想影响也是非常重大的。大家都知道，在整个的行业当中需要用到各种各样的材料，这些材料都需要各个行业的配合，建材、设备，许多生产部门和劳务相配合才可以做到。杜邦既不做房子，又不生产窗，跟这个有关系吗？实际上我们是在整个产业链比较上游的位置，房地产行业的发展，它会涉及和拉动很多相关行业的发展，这些行业当中杜邦都会有身影在其中。我想杜邦能够在这个行业里面能够和大家共同关注的一个方面，我也很高兴今天杜邦公司参与到这个讨论当中，我也代表杜邦希望在这里和大家有一些探讨。杜邦公司实际是一家以科技创新为主的企业，我们所处的各个不同的产业价值链当中，我们相对是比较上游的，我们所要做的就是怎么样通过我们的产品和技术影响和推动整个产业链上的节能减排，进行可持续发展而努力。今天我们看到的是住房，真正的算到碳排放的时候，是从最初的原始材料算起的，所有的生产过程当中都有，不仅我们的型材在客户用的时候，做成了窗之后对建筑的节能减排，其实我们在型材生产的过程当中也会关注，我们作为杜邦公司很多原材料在上游来讲，我们怎么样看在你的产品从最初到最后整个碳排放，我们在住房的环节里面，也会特别参与进去。我们也讲一下对建筑业的服务，大家对杜邦的了解很多都是杜邦油漆等等，但是我们建筑行业是很大的下游应用行业，这里边也特别有请建筑创新部门的王女士也在这里，我们很多的产品都用在商业建筑、民用建筑，工业建筑的技术当中，比如说我们有透气的膜，还有安全玻璃钢的夹层，大家看美国的大峡谷走道是用玻璃钢做的，我们的产品还包括太阳能电池的一些系统，还有蓄热材料，可以把热量聚集起来使用，还有一些特别的型材，我要特别提到的是钛白粉，其实钛白粉在很多方面都可以用到，所有的这些产品都以各自不同的性能，或者是直接降低建筑物的能耗，或者为建筑物提供一些清洁能源的供应，或者是减少在生产过程当中产生的能耗和排放。我们举一个例子，在上海有一个新的办公室，杜邦的总部，在那里有一些我们的产品，在2008年底的时候，我们就开始用树脂做一些绿色节能的计划，差不多一年时间，我们做了一些比较，有一些节能37%，节水22%，节气25%。房地产行业如何推进节能减排，我们觉得有两方面的想法，一个是我们怎么样利用上下游的联动，确实是根据下游的一些需要做出一些效果特别明显，成本可行的技术改善，另外是消费者层面的传播，怎么样把这个概念传达到消费者里面去，因为消费者会讲环境的事情，现在哥本哈根会议之后，每个人都有这样的意识了，连我的小孩在家里都讲气侯问题，环境问题，但是怎么样让它跟消费者每天的生活联系在一起，这个需要大家共同做一些推广和活动。就上下游联动来讲，我们会让客户关心的是像实德这样做上游的，对房地产来讲，到底产生什么样的影响，以我们做钛白粉来说，对型材又会产生什么样的影响，我们和大家一起开发一些效果更好，价格更适中的门窗给开发商用在建筑上，做一些真正的对环境有帮助的工作。另外关于跟消费者的沟通，我们觉得跟消费者的沟通，怎么样强调呢？节能减排这个环节给消费者带来了什么样真正的实惠，建筑保温性能更好的话，每年可以节约很多电，这是长期的投资。我想在这个基础上要介绍我们在这个节能的环境当中怎么样过低碳生活，这是一个非常流行的语言，讲的大一点是拯救环境，说的直接一点就是为子孙后代造福。我想强调一下与消费者沟通的话题，今天是一个非常好的场合，我如果要看新闻，基本只上新浪网，这个媒体对我们很有帮助，利用这个平台把我们上下游的公司联系在一起，多做一些交流，共同的为人们打造一个健康、绿色的生活环境，同时我们借助这个平台，这个论坛上有很多可以听到消费者的声音，怎么样了解消费者的需求，根据消费者的需求来更加好的开发出一些不仅对环境更好，而且消费者更需要的一些产品。我想在这里提这两点想法是供大家参考的，今天大家在这里发起的“节能之星”最具品位楼盘评选活动是一个很好的开始，真的像大家刚才说的，顺应了哥本哈根刚刚结束的会议议题，我衷心的祝愿今天的活动成功，也祝愿这次活动对房地产行业的节能减排的努力做一个良好的标竿。新年到了，在这里祝各位来宾在新的一年里面事业发展，身体健康，谢谢大家！主持人：再一次感谢陆明兰女士的精彩致辞，刚才讲的也非常好，一般看新闻都会登录到新浪，同时今天的现场是现场直播，所以会有很多的网友大网上留言，现在很多的年轻朋友关注气侯大会，关注气侯对我们生活的影响，其实我本人来说，是通过非常简单的电影《2012》同时看到哥本哈根开气侯大会，过两天看到打起来了，为什么推行的协议突然停止，我们的好奇心一次一次的被吊起来了，然后我们才知道气侯对我们每个人是如此的重要，接下来进行的是“节能之星”最具品位楼盘评选启动仪式，有请大连实德销售集团总裁张杰先生还有新浪乐居房商集团华北地区总经理张晓辉，有请两位先生站到我们启动仪式的旁边，3、2、1…揭幕。谢谢，再次感谢两位启动仪式的嘉宾。现在我们看到在舞台上亮起了非常温暖的灯，这里面是两个小人手搬动一个大房子，也表达了实德集团传达给大家的理念，依靠大连实德的努力一定会给大家一个健康美好的生活，现在我们看到的是非常漂亮的地球，也代表着绿色地球、健康生命，源于绿色。同时我们看到非常温暖的页面，美好的画面，非常浪漫的海面，还有门窗，也代表着我们共同为健康的绿色、美好的未来共同喝采，庆祝新浪乐居和大连实德这次合作更加的环保，更加的健康。实德集团“节能之星”官网落户新浪乐居了，下面我们共同看一下页面。现在我们看到的就是最具品位楼盘的评选，我们也希望越来越多的楼盘可以加入到这个大家庭当中。我们今天的舞台上方的部分到这里启动仪式全部结束，下面有请来自新浪家居主编李燕玲女士上台做嘉宾主持，掌声有请，我们共同进行主题讨论，有请：中国建筑装饰协会信息咨询委秘书长田万良中国房地产协会宣传部主任王惠敏大连实德销售集团总裁张杰杜邦中国钛白事业部总经理陆明兰北京世纪宅建材有限公司董事长粱中锋中新地产集团采购副总监马一丹(论坛部分),3,4,0.846977710723877
楼上地板打洞洞楼下店铺水汪汪本报驻马店讯 “我的店铺成‘养鱼塘’了，楼上的30个钻孔正在‘哗哗’往下流水，店铺里的货物被浸在水中……”8月2日下午5时许，一位名叫迟杰的店主焦急地给记者打电话反映。迟杰所开的门店位于驻马店市市区雪松路中段，是一家临街机电产品门店。记者赶到现场时，见店里的工作人员正在用拖把从屋里往外赶水，屋内地上全是积水。“机电产品最怕过水，这下我可赔惨了。”迟杰指着店里浸泡在水中的机电产品说。记者走进其门店，见门店是3间门面房，由于店内空间有4米多高，距地面两米多高的地方做了一层隔棚，隔棚上堆积着大量电线及机电零配件。记者沿着梯子爬上隔棚，见门店的顶层有许多洞穿楼层的大大小小的洞，经点数，直径10多厘米的大洞有12个，直径四五厘米的小洞有18个，大洞小洞都在“哗哗”地向下流水。“二楼租给了一家快捷酒店，正在搞装修，他们不经一楼租户同意，随意洞穿一楼顶层往下面灌水，太过分了。”迟杰满眼含泪地拨打了110。不一会儿，负责该辖区的雪松路派出所民警赶到现场。“几天来，这已是我们为这件事第四次出警了。”出警民警无奈地说，“这幢临街楼是老街乡前进路第六村民组的，迟杰租用其一楼的3间门店卖机电产品已几年了，快捷酒店近期租用该幢临街楼搞经营，为此三方发生了纠纷。”3日，雪松路派出所对纠纷三方进行耐心调解，因三方分歧太大，调解无果。三方均表示将通过法律途径讨说法。左图：一楼门店隔棚上的积水正在往下流，店铺里一片汪洋。,3,4,0.8631349802017212
香港环球贸易广场6名清洁工30层坠下身亡香港消息 香港环球贸易广场建筑工地昨日发生严重事故，一架升降机槽内的工作台意外从高处坠下，造成6人死亡。从30层坠下10层当天下午1时许，6名清洁工人正在一架升降机槽内的工作台上工作，工作台突发意外，从30层坠下10层，导致5名工人死亡、1人受伤。至傍晚时分，证实伤者不治，6人全部死亡。香港特区行政长官曾荫权立即到场了解情况。他表示，这次事故非常严重，已要求有关部门彻查事件起因，并了解死伤者家属的需要，以提供相关协助。发展商将发100万元赔偿香港劳工及福利局局长张建宗表示，这次是极严重的工业意外，感到震惊和哀痛，发展商新鸿基已承诺次日向死者家属发放100万元恩恤赔偿，支付死者的殓葬费，以及为死者的子女提供长远的教育经费。而劳工处也会根据法例协助死者追讨工伤赔偿，每名死者最高可获178万元。新鸿基地产发展副主席兼董事总经理郭炳江也对意外感到难过和痛心，向死者家属致以深切慰问，承诺发放100万元恩恤金，并会竭力协助政府调查意外原因，环球贸易广场也会立刻停工，彻底调查及进行全面安全检查。建造业总工会会务顾问蔡镇华初步怀疑事件是承办商监管疏忽，指引不清晰，并质疑升降机槽是否设有围栏。事故发生后死者家属纷纷赶到医院，他们情绪激动，有家属认尸后更全身瘫痪，要乘坐轮椅离开。综合新华社    相关新闻：   香港建筑工地6名工人从高处坠下死亡    男子擦玻璃随窗扇坠楼身亡    石家庄倒楼事故已致10人遇难3人重伤    上海在建楼倒覆事故7名责任人被批捕我要评论,4,7,0.9948969483375549
全国洗澡碳指数排行 西安青岛成最不环保城市全国城市洗澡碳指数排行    洗澡最不环保的城市——西安和青岛超过一成的受访者表示每次洗澡时间超过45分钟，超过六成的受访者表示每次洗澡在15-45分钟之间；另一方面，两地的热水器选用也较少环保考虑，青岛的电热水器使用率高达58.62%，居全国第三。我要评论,4,3,0.5934780240058899
洗澡耗时长却减少能耗城市 宁波福州郑州上榜    洗澡耗时长却因热水器环保而减少能耗的城市——宁波、福州、郑州节能热水器(空气能热水器和太阳能热水器)拥有率分别为宁波79.12%、福州70.94%、郑州42.76%，全国其他城市都不到三成；但是，另一方面三地的洗澡耗时超过15分钟的售房者也均超过八成，为全国前三。我要评论,4,3,0.9741613864898682
颐和原著将成不可复制豪宅典范(组图)易居中国投资控股有限公司董事兼执行总裁、华北区域事业运营总部总经理臧建军在参观后也表示：龙湖颐和原著不是豪宅，是顶级住宅。“看样板间的之前，对里面的功能是不确定的，因为房子做大了之后很可能像个会所。看了样板间之后，发现龙湖在空间的使用度上面做到了把大空间做小，这些东西才是最重要的。由此来说，这个项目将会形成一个标杆，这个产品也会成为龙湖的历史上浓重的一笔。”臧建军感慨道。“豪宅最重要的三个要素地段、环境、声望决定了龙湖颐和原著是不可复制的。龙湖颐和原著全面诠释了‘豪宅至上’的概念，称之为豪宅的不能是郊区的别墅，一定是城市住宅，一个是静，一定要安静，还有一个是境，不是真正的情境，可能是环境，包括人和人之间的环境，周边的环境等。”当代集团总裁姜鹏也在参观后第一时间予以了龙湖·颐和原著项目高度评价。座谈会上，富力地产北京营销中心总经理吴文表示：“看了样板间之后就传递出来的感觉是：这就是一种生活。很多开发商做的样板间有一点像家具卖场那样的，放很多的家具吸引人，但是没有关心到生活所需要的那种细节。但今天参观了颐和原著却完全这种感觉。”我要评论,4,3,0.7929535508155823
十七届中纪委会第四次全体会议公报核心提示：中共第十七届中央纪委第四次全会19日在北京举行，会议公报透露，将把住房、投资、配偶子女从业等情况，列入领导干部必须报告的个人情况，认真解决一批涉及领导干部廉洁自律的突出问题。新华社北京9月19日电 中国共产党第十七届中央纪律检查委员会第四次全体会议公报(2009年9月19日中国共产党第十七届中央纪律检查委员会第四次全体会议通过)中国共产党第十七届中央纪律检查委员会第四次全体会议，于2009年9月19日在北京举行。出席会议的中央纪委委员118人，列席28人。中央纪委常委会主持了会议。这次全会的主要任务是：认真学习贯彻党的十七届四中全会精神，分析研究党的作风建设和反腐倡廉建设面临的形势与任务，深入推进党风廉政建设和反腐败斗争，为加强和改进新形势下党的建设、夺取全面建设小康社会新胜利、开创中国特色社会主义事业新局面提供坚强有力的保证。全会审议通过了贺国强同志代表中央纪委常委会所作的《认真贯彻落实党的十七届四中全会精神，深入推进党风廉政建设和反腐败斗争》的报告。全会认为，党的十七届四中全会是在新中国成立六十周年之际，在应对国际国内重大挑战、推动党和国家事业实现新发展的关键一年召开的一次具有重要意义的会议。会议审议通过的《中共中央关于加强和改进新形势下党的建设若干重大问题的决定》，是指导当前和今后一个时期党的建设的纲领性文件。全会一致拥护十七届四中全会审议通过的《决定》，一致拥护胡锦涛同志在十七届四中全会上的重要讲话。全会强调，党的建设是党领导的伟大事业不断取得胜利的重要法宝。各级党组织和广大党员干部一定要全面领会十七届四中全会精神，进一步增强加强和改进新形势下党的建设的责任感和紧迫感，认真理解执政党建设的基本经验，准确把握党中央对加强和改进新形势下党的建设提出的新部署、新要求，以更加坚决的态度、更加有力的措施，深入扎实地推进党的建设新的伟大工程。全会要求，全国纪检监察系统要迅速掀起学习、宣传、贯彻四中全会精神的热潮，集中时间、集中精力，组织广大纪检监察干部认真学习十七届四中全会文件，紧密结合纪检监察工作实际，在武装头脑、指导实践、推动工作上下功夫，把思想统一到全会精神上来，把力量凝聚到实现全会确定的各项任务上来。各级纪委要在党委的领导下，切实增强政治责任感，认真履行党章赋予的职责，推动十七届四中全会重大部署和各项任务的贯彻落实。按照建设马克思主义学习型政党的要求，加强党性党风党纪教育和反腐倡廉教育；按照坚持和健全民主集中制的要求，加强党内民主建设，保障党员民主权利；按照深化干部人事制度改革的要求，匡正选人用人风气，坚决整治跑官要官、买官卖官、拉票贿选等问题；按照做好抓基层打基础工作的要求，扎实推进基层党风廉政建设；按照弘扬党的优良作风的要求，协助党委抓好党的作风建设；按照加快推进惩治和预防腐败体系建设的要求，在坚决惩治腐败的同时加大教育、监督、改革、制度创新力度，更有效地预防腐败。要按照党建工作责任制的要求，协助党委加强监督检查，严明党的纪律，督促有关部门切实抓好职责范围内的党建工作，保证和促进十七届四中全会精神的贯彻落实。全会指出，党的事业愈发展，党的建设愈深入，党风廉政建设和反腐败工作就愈要抓得紧而又紧。各级纪检监察机关要全面贯彻十七届四中全会关于加强党风廉政建设和反腐败斗争的一系列部署和要求，坚持标本兼治、综合治理、惩防并举、注重预防的方针，认真落实《建立健全惩治和预防腐败体系2008-2012年工作规划》，严格执行党风廉政建设责任制，切实加大查办违纪违法案件力度，坚决查处一批大案要案，严肃查办发生在领导机关和领导干部中滥用职权、贪污贿赂、腐化堕落、失职渎职案件，严肃查办商业贿赂案件和严重侵害群众利益案件，严肃查办群体性事件和重大责任事故背后的腐败案件，保持惩治腐败高压态势；严肃纠正一批损害群众利益的不正之风，切实维护群众切身利益；认真解决一批涉及领导干部廉洁自律的突出问题，依纪依法查处和整治领导干部利用职务便利为本人或特定关系人谋取不正当利益等问题，在认真贯彻落实好《关于领导干部报告个人重大事项的规定》的基础上，把住房、投资、配偶子女从业等情况列入报告内容，加强对配偶子女均已移居国(境)外的公职人员管理；抓紧制定一批反腐倡廉法规制度，提高反腐倡廉制度化、法制化水平；扎实推进一批改革措施，坚持不懈地把党风廉政建设和反腐败工作引向深入。各级纪检监察机关要围绕中心、服务大局，切实加强对中央重大决策部署贯彻执行情况的监督检查；立场坚定、旗帜鲜明，坚决维护党的政治纪律；心系群众、服务人民，切实加强和改进党的作风建设；惩防并举、注重预防，加快推进惩治和预防腐败体系建设；解放思想、与时俱进，以改革创新精神推进纪检监察工作，提高反腐倡廉科学化水平，努力开创党风廉政建设和反腐败斗争新局面，为继续推进党的建设新的伟大工程、继续推动党和国家事业向前发展提供有力保证。全会强调，各级纪检监察机关一定要深刻领会十七届四中全会精神，充分认识加强自身建设的重要性和紧迫性，把它作为一项基础工程切实抓紧抓好，进一步教育和引导广大纪检监察干部切实做到对党和国家无限忠诚、对腐败分子和消极腐败现象坚决斗争、对广大干部和群众关心爱护、对自己和亲属严格要求，努力建设一支政治坚强、公正廉洁、纪律严明、业务精通、作风优良的纪检监察干部队伍，树立纪检监察干部可亲、可信、可敬的良好形象。全会号召，全党同志要更加紧密地团结在以胡锦涛同志为总书记的党中央周围，高举中国特色社会主义伟大旗帜，以邓小平理论和“三个代表”重要思想为指导，深入贯彻落实科学发展观，进一步统一思想、坚定信心，开拓创新、真抓实干，以党风廉政建设和反腐败斗争的新成效，保证党的十七届四中全会精神的贯彻落实。 我要评论,4,7,0.9983558058738708
提前还贷潮今年未现李娟即将进入10月，在利率这么低迷的情况下，要不要提前还贷呢？黄小姐看着存折上的15万元，开始盘算起来。以往利率调高之前会引发一波提前还贷潮，今年是不是也适合提前还贷呢？看看银行的人怎么说。记者从工商银行上海分行黄小姐处了解到，今年提前还贷的人并不特别突出，这部分人在每年年初的时候比较多，大部分人都是拿了年终奖和一年的积蓄去提前还贷。春节是每年提前还贷的井喷期，很多人手头多了一笔闲钱，就会考虑先减少住房的压力。从今年的情况来看，现在预约去提前还贷的人并不多，“这一块业务并没有受金融危机的影响，每年的九十月份是楼市比较好的时候，贷款业务比较多，来做提前还贷的人都不太多。”黄小姐表示。“金九银十”是楼市成交的旺季，许多贷款业务都是在每年的第三季度完成的，大部分贷款大概贷多少呢？“从总量来看，首付三成的比例比较高，如果是二套房的话，很多人也会首付四成。”中国建设银行杭州宝石支行个人金融部经理庞涛表示，不过这还是根据个人的实力来看，如果是500万元的一套房子，贷款三成的话，每个月的压力就相当大。一般工薪阶层贷款额度大部分都是在100万元以下。每个月的还款额多少比较合适，“最好每个月不要超过家庭总收入的50%，否则的话压力比较大。以家庭为单位来考虑的话，除了养房，很多家庭还负担养车、孩子教育、赡养老人的费用，如果想要比较舒适的生活，还是控制在收入的一半以内风险较小。”工商银行上海分行相关人士表示。当然，从银行的角度出发，并不赞成许多人“咬紧牙关”贷款，“很多黑名单就是当初以为可以承受，后来工作发生些变动，每个月还贷压力太大导致。”在今年利率这么低的情况下，要不要提前还贷呢？庞涛表示：“最好不要，利率这么低的情况下，可以选择其他的理财方式、理财产品或者做其他领域的投资，投资是可以随时中止的，相对要灵活许多。”他表示，如果今年不调息的话，现在的按揭利率至少可以维持14个月左右，低利率也是做其他投资的好时机。 我要评论,4,1,0.9001504182815552
中纪委要求领导干部增加报告住房和投资等情况中新网北京9月19日电 中共第十七届中央纪委第四次全会19日在北京举行，会议公报透露，将把住房、投资、配偶子女从业等情况，列入领导干部必须报告的个人事项，认真解决一批涉及领导干部廉洁自律的突出问题。公报指出，十七届四中全会审议通过的《关于加强和改进新形势下党的建设若干重大问题的决定》，是指导当前和今后一个时期党的建设的纲领性文件。公报强调，各级纪委要加强党性党风党纪教育和反腐倡廉教育；加强党内民主建设，保障党员民主权利；匡正选人用人风气，坚决整治跑官要官、买官卖官、拉票贿选等问题；扎实推进基层党风廉政建设；协助党委抓好党的作风建设；加大教育、监督、改革、制度创新力度，更有效地预防腐败。 公报指出，党的事业愈发展，党的建设愈深入，党风廉政建设和反腐败工作就愈要抓得紧而又紧。各级纪检监察机关要切实加大查办违纪违法案件力度，坚决查处一批大案要案，严查领导干部滥用职权、贪污贿赂、腐化堕落、失职渎职案件，严查商业贿赂案件和严重侵害群众利益案件，严查群体性事件和重大责任事故背后的腐败案件，保持惩治腐败高压态势；严肃纠正一批损害群众利益的不正之风。公报指出，要认真解决一批涉及领导干部廉洁自律的突出问题，依纪依法查处和整治领导干部利用职务便利为本人或特定关系人谋取不正当利益等问题，在认真贯彻落实好《关于领导干部报告个人重大事项的规定》的基础上，把住房、投资、配偶子女从业等情况列入报告内容，加强对配偶子女均已移居国(境)外的公职人员管理。公报强调，要抓紧制定一批反腐倡廉法规制度，提高反腐倡廉制度化、法制化水平；扎实推进一批改革措施。公报还指出，要努力建设一支政治坚强、公正廉洁、纪律严明、业务精通、作风优良的纪检监察干部队伍，树立纪检监察干部可亲、可信、可敬的良好形象。 我要评论,4,7,0.9842234253883362
内地富豪最喜欢居住十大中国城市之深圳5.深圳深圳奢侈品牌也很多，但要比广州少一些，但是奢侈家具品牌却是深圳强项，目前国内奢侈家具类品牌为北京，杭州，深圳三足鼎立的趋势.因为深圳离香港最近，深圳人大部分都去香港消费奢侈品，比例要比同样有去香港消费习惯的广州人要更高一些。我要评论,4,5,0.5197159647941589
挪威de森林推介会现场摇号实况（图）主持人：谢谢两位设计师，我特别理解两位的心情，每位设计师任何的作品都像自己的孩子一样，王总也特别有眼光，请到清华大学设计院的设计师们，他们除了具备自己特别优秀的设计方面的才能，两位一位用特别优美的语言，一位用特别质朴的语言特别好的介绍了这个项目。接下来有请北京深长城物业管理有限公司总经理助理葛常勇先生在物业方面给我们解读一下这个项目。 葛常勇：尊敬的各位领导、各位来宾，女士们、先生们下午好，我是北京深长城物业管理有限公司总经理助理葛常勇，参加本次座谈会我感觉非常荣幸，在此我谨代表北京深长城物业管理有限公司对秦皇岛市星光房地产开发有限公司的邀请表示衷心的感谢。深圳长城物业成立于1987年，是国家首批一级资质的全国性专业化的物业服务机构，在北京、天津、合肥等13家区域分公司和8家控股公司，业务遍及全国22个省直辖市，物业类型包括公寓、写字楼、商场、超高层商住等等。过年来，我们长城物业一直秉承服务业主报效社会的服务宗旨，在2005年到2008年度北京以及深圳多家媒体评选中，长城物业获得了京城高管家、十大物业管理金牌公司的称号，2007年长城物业获得了国奥村 (论坛 相册 户型 样板间 地图搜索)的管理权，2009年5月，长城物业成立了集团公司，全面升级服务体系，全力打造SPE暨标准化、专业化、活性化的服务组织，为业主提供安全、整洁、完好、温馨的服务。目前，长城物业已位居全国物业管理行业前三甲，为了实现客户满意经营，我们不断的探索创新服务模式，我们率先实现了阳光物业服务模式，实现了物业管理透明化，对每个项目都制定适合自身运营的模式。针对挪威de森林这个项目，我公司选派最优秀的管理团队，根据本项目的实际情况，比如水岸、森林等特色，量身定制适合本项目的服务体系，在发展商和全体业主的支持下将挪威de森林项目建设成一个美丽、和谐、现代化的人文小区，谢谢大家！主持人：葛总非常干净利落，我觉得物业公司不用过多华丽语言介绍如何做，大家可以具体看表现。今天这么多的专家、设计师、物业公司上台解读这个项目，我想到场的业主对这个项目已经颇有信心，专家的言语、专家的建议都给我们大家增加了信心。接下来进行最重要的环节“摇号环节”首先有请挪威de森林项目总经理王宪凯先生上台为我们介绍一下摇号。 挪威de森林项目总经理王宪凯抓出第一位选房者王宪凯：我就不多说什么了，我代表我们秦皇岛市星光房地产开发有限公司给大家做个承诺，我们公司一定会把挪威de森林这个项目打造成让市场、让客户都认可、都接受的一个精品项目，请大家共同期待。现在我宣布挪威de森林摇号选房活动现在开始。主持人：有请王总抽取今天第一组客户。王宪凯：00039；00091；00089；00067；00087。主持人：下面有请这五位客户跟随我们的工作人员到选房区等候。下面有幸请这位准业主抽取第二组客户。准业主：00068；00020；00073；00059；00011。主持人：尊敬的来宾，下面进行第三组摇号的活动，请上一位准业主，准业主：00093；00069；00095；00098；00088；00099；00038；00070；00096；00097。主持人：有请以上所有号码的客户到我们等候区参加我们的选房活动。下面进行最后一组号码抽取。准业主：00018；00092；00051；00100；00082；00058；00083；00101；00065；00053；00012；00055；00030；00017；00081；00025；00086；00071；00028；00080；00063；00060；00072；00015；00019；00079；00029；00010；00056；00066；00085。主持人：尊敬的来宾，我们所有的顺序都进行产生了，请您参看我们工作人员的记录。本次相约林水间北京纯别墅项目现状研讨会暨挪威de森林推介会到此结束。谢谢各位的光临，再见！(本次活动到此结束）我要评论,4,3,0.9242623448371887
白领买房最难的12大城市人才竞争日益多元化，高学历、“海归”等人才早已经不稀奇。前段时间北京举行的“海归”专场招聘会上，“海归”研究生的月薪平均水平为3000元，这让很多年轻才俊大吃一惊。那么，年轻人如何评价自己的收入呢，每个城市消费不一样，收入不能横向比较，要考虑当地的物价、交通、人文等综合因素，在这里，本人总结出个较为经典的评价方法，而且与国内好多城市的朋友同学讨论过，基本都得到大家的认可。就是拿自己的收入和当地房价作比较，仅此而已，你不用去考虑很多诸如物价、消费水平等因素，只要自己的月收入高于或等于房屋平均单价，那么在当地就算不错的收入，属于中等偏上了。比如在西安挣4000元，那么这个档次水平相当于在北京8000元。“白领”主要是指：拥有大专以上学历，工作年限在3～10年之间的年轻人群。上海：普通住宅均价在12000元/?以上，所以在上海月工资税后12000元以上算偏高工资，笔者公司在上海开发的楼盘卖40000元/?，别墅卖2亿元，属于豪宅，不能作为比较对象，上海的收入比北京稍高些，但高得不是很多，没有差别。深圳：普房13000元/?，白领月收入8000元左右，压力比北京稍大，和上海相当。天津：普通住宅均价7000～9000元/?左右，这几年房价猛涨，河东区的都上8000元/?了，开发区的房价8000元/?以上，天津的白领月工资一般在3000元左右随着滨海新区的不断开发开放，天津的房价应该还会有很大的上涨空间，因此天津白领压力最大。北京：平均普通房价8000～10000元/?(通州、五环外)，若月工资税后达到8000～10000元，那么在北京工资中算中等偏上，可以算高工资了，当然，我是指年轻的白领阶层(年龄很大的、老总级别的、演艺界等的除外，不适合本规则)，目前大多白领月收入在税前6000～9000元之间，武汉：房价6000元/?，收入税后要达6000元以上才好，不过大多白领月收入在2500元左右。青岛：房价8000元/?，大多年轻才俊的月收入一般3000元左右，所以年轻人在青岛压力很大。青岛开发区的房价也涨得离谱，现在已经达到6000元/?以上，白领的月工资一般是2500元，压力较大。西安：普房4500元/?，大多青年月收入2000元左右，压力比在国内居中。大连：普房6500元/?，年轻人月收入2000元多，压力较大，别提星海湾，那是高档楼盘。太原：普房5000元/?，月收入2000元，压力偏大。石家庄：普房4800元/?，大多月收入2000元以下。成都：房价5500～7000元/?，大多数人的月工资为2000元左右，买房的压力较大，主要是成都地价近年暴涨，最近，二环附近的地价起拍价是4000元/?了，房子若不卖7000/?，开发商就没赚的了。济南：房价也在6000元/m2左右，一般人月收入2500元，比青岛压力小。 我要评论,4,5,0.5585448741912842
楼上瓷砖狂掉店主进出戴头盔 老楼过期需集资修“沙坪坝区小龙坎正街305号附3号楼上最近总是往下掉瓷砖，我和小孩差点就没命了！现在我们所有的门面经营者都只能戴着安全帽做生意。”昨日，在该栋楼下开五金店的王老板打进本报热线反映情况。七门面老板齐戴安全帽记者闻讯来到该栋居民楼，看见楼底七个门面门口都坐着戴红色安全帽的人，他们都是租赁了该栋楼门面的店主。王老板说：“这些安全帽都是一大早大家统一花17元钱购买的，就是楼上掉瓷砖掉怕了。”开水果店的李老板接着说：“我上个月才染的头发，现在也只能被安全帽遮盖了，戴上安全帽不但不好看，还很不舒服。”边说边摘下安全帽让记者看她新染的头发，看到李老板摘安全帽，另外几位店主纷纷阻止说，安全才是最重要的。店门口吃饭瓷砖落菜碗 店主们还告诉记者，上周楼上掉下的瓷砖还砸凹了一辆本田小轿车的左侧车门。李老板一家三口不但都戴着安全帽，而且还多买了两顶，准备给前来选购货品的顾客使用。“三天前，我正在门口聊天，一块雨棚从我左肩边掉下来，擦掉一块皮，幸无大碍。正在庆幸时，一块瓷砖又再次掉了下来，相隔不到5分钟。”李老板现在回忆起来还后怕，可更让李老板害怕的是前晚全家人在店门口吃晚饭时，又一块瓷砖掉下来，砸进了菜碗里，而她4岁的女儿当时正在夹菜。老楼房转卖后没有物管李老板保留了她收集的瓷砖碎片，最大的一块有6×5厘米大。记者从居民口中得知，该栋楼修于上个世纪90年代初期，共有7层楼，28家住户和7个门面，是重庆汽车运输公司第四公司的职工宿舍，后卖给了职工，该楼没有物管。记者看到该楼每户人家的窗沿上的瓷砖几乎都有不同程度的脱落。雨棚坏的只有3-1和5-1的住户。记者没能找到3-1的住户，5-1的王姓住户说，他是租赁户，不知道雨棚曾经往下掉的事情，就算雨棚真往下掉，那也该房东管。相关说法被砸伤可告所有业主四家住户在接受记者采访时，都称瓷砖脱落不关他们的事。对此，重庆市房管局物管处周姓工作人员告诉记者，开发商在房屋移交后两年需要对其外墙瓷砖脱落等问题负责，但小龙坎正街305号的房子已经过了保修期。居民们现在只能自己凑钱对外墙瓷砖进行整改。“如果居民不愿出钱怎么办呢？”记者提出疑问。周先生说：“外墙瓷砖属于公共设施，如果外墙瓷砖在保修期后脱落损害到他人人身安全，受害人可把整栋楼的业主作为整体告上法庭。”随后记者联系到了该楼所属的小龙坎正街社区，城管科的谭女士答应，会给该栋楼居民做思想工作，尽快集资筹钱，整修外墙瓷砖。编后老楼外墙脱落瓷砖已经不是首例，但底楼经营户为防“瓷砖雨”误伤纷纷戴安全帽就不多见了。需要指出的是，戴安全帽躲瓷砖并不能解决根本问题。根据相关规定，老楼过了保修期，外墙等公共设施的损毁需要住户们集资修缮。在此，希望这幢楼的业主们理解一个道理，楼房是属于你们的，今天出点钱，换来的却是包括你们自己在内的所有人的安全。 (记者 张畅) 我要评论,4,3,0.6940371990203857
方太&米博鼎级旗舰店入驻杭州大厦(图)2009年9月25日，作为国内厨房电器和热水器鼎级品牌，方太&米博旗舰店将在杭州大厦隆重开业。作为方太&米博专卖店在杭州的高端展厅之一，此次杭州大厦旗舰店采用了现代化的设计风格，宽敞明亮、布局错落的展厅不但充分体现出方太、米博品牌的高端，更标志着方太集团高端渠道布局的开始。“杭州是我们的重点市场之一。这不仅因为杭州在米博市场规划的战略版图中具有举足轻重的位置，更为重要的是随着杭州的不断发展，业已展现出极大的市场潜力。”方太集团杭州分公司总经理表示，“旗舰店的落成，不仅表明我们对该市场的重视，也希望能够带给消费者能够与产品定位匹配的高端消费环境。”近年来，随着杭州城市综合能力的进一步提升，人们开始越来越关注自身的生活品质， 以高端、专业为品牌核心的方太、米博，正好契合消费者不断提升的产品需求。而以“生活?购物?享受”为时尚经营理念、拥有顶级卓越的品牌阵容的杭州大厦，在本地商界素有“旗舰店”之誉，与方太&米博旗舰店的理念和定位不谋而合。这也是此次旗舰店选择入驻杭州大厦的原因之一。据介绍，此次开业的方太&米博旗舰店主体采用灰、白、深咖啡色三种色调，点缀明亮的橙黄色，优雅、高端、端庄的同时，又不失活泼灵动。店面巧妙分隔为方太区和米博区。由于采用了统一的设计风格，两者之间既有区分，又浑然一体，不仅近距离带给消费者优雅、舒适的体验环境，更展现出当前时尚潮流的厨卫设计和领先科技。 “方太和米博都是为高端人士打造的专业品牌，旗舰店让消费者在同一空间内感受从厨房到卫浴的全方位高端选择和享受。” 杭州分公司总经理表示。作为方太集团的高端品牌，方太面向嵌入式厨房电器领域，7月份刚刚上市的米博则是专业化的高端热水器品牌，致力于为消费者提供家庭热水系统解决方案，两者的强强联合可谓相得益彰。值得一提的是，此次旗舰店的盛大开业，表明了方太集团对高端渠道建设的重视。此前在米博发布会上，方太集团总裁茅忠群曾表示，在保证卓越的产品品质的基础上，米博将以极大的魄力放弃代表相当数量的销量和利润的传统销售渠道——连锁家电卖场，而只在专卖店和高档百货商场里面销售。而本次方太&米博旗舰店入驻杭州大厦，从某种程度上证明了方太集团的高端路线。“旗舰店的开业表明了方太集团的态度。”业内人士评价，“方太集团希望借助高端旗舰店的形式来展现品牌的定位，并打开杭州的高端市场。”而行业专家则认为，这可能是方太集团系列举措的开端。“国内一向认为厨房电器或者热水器，仅仅是家用电器而已，方太&米博旗舰店可能会改变这种看法。方太集团也许会藉此将新的产品态度和生活方式引入杭州厨卫市场，并进而向消费者介绍方太&米博系列产品。” 我要评论,4,3,0.9937829375267029
方太O-Touch光影六系惊艳亮相方太&米博旗舰店就在人们翘首以盼新装iPod Touch之前，Touch风潮已然率先涌动于厨电领域。2009年9月25日，国内厨卫顶级品牌方太&米博旗舰店将在杭州大厦隆重开业，届时，设计感强烈、时尚十足的方太O-Touch光影六系也将与消费者正式见面，引爆厨电行业的Touch热情。据悉，“O-Touch光影6系”是由方太与美国设计界权威IDEO公司共同担纲研发，包括吸油烟机、燃气灶、消毒柜、微波炉、烤箱等成套化嵌入式厨电。外观上，皆采用橙色光圈点缀深咖啡色玻璃镜面，风格极简，流光溢彩；设计上，人机对话的智能模式已然极致——一切按钮，都在隐匿式的设计理念下退居幕后，手指飞扬，即刻开启厨房各项功能，宛若置身未来。而在主设计师的眼中，“O-Touch光影6系”却并非耀世的资本，而更似人缘颇佳的伴侣，她简约、优雅、贴心、懂得，她让厨房从此不再冰冷，她让烹饪从此充满生趣：菜谱可预先存储，自行烹饪；Easy Clean Door设计，让烤箱清洁不再困扰；餐具到达消毒临界点时，消毒柜自动感应，循环杀菌……不一而足。更为难能可贵的是，方太首次将嵌入式蒸箱引入中国，在进一步完善厨房功能的同时，对健康烹饪提出更高的要求。业内人士预测，近年来，随着杭州城市综合能力的进一步提升，人们开始越来越关注自身的生活品质，以高端、专业为品牌核心的方太、米博，正好契合消费者不断提升的产品需求。此次“O-Touch光影6系”的出现将对今后厨房电器的外观与功能产生巨大影响。点触间，仿佛踏入未来时空般；无需按动开关，只需手指轻抚即刻完成下厨；塑造出极净厨房的视觉感官双重体验。相信随着“O-Touch光影6系”的铺陈开来，将有更多的消费者难以抵挡Touch的诱惑。9月25日，在方太&米博鼎级旗舰店入驻杭州大厦之即，O-Touch光影六系即将启动，产品上光触屏已经在闪动昭示：如果身在杭城的你，期待您开业期间您的光临，Just touch。 我要评论,4,3,0.9989951252937317
"香港豪宅遭热捧 350组内地客黄金周赴港扫楼中新网9月27日电 在低息及看好香港经济前景的前提下，内地客持续来港买楼作投资甚至投资移民，豪宅在内地客的热捧下旺上加旺。有见及此，发展商及代理积极部署于国庆黄金周吸纳该批“贵客”，纷纷推出包括小规模块团，以至单对单贴身由内地陪至香港，又或于国庆晚上开放可观赏维港烟花景的示范单位等“奇招”作招徕。据了解，至少有350组的内地客经发展商及代理安排，将于国庆黄金周南下来港搜购物业。据香港《文汇报》报道，近期热卖豪宅新盘何文田富甲半山，发展商长实地产投资董事黄思聪指出，将会由地产代理自发安排带内地富豪个别到该盘参观，发展商并会酌量加推单位配合市场需求。恒基地产于9月26至10月7日向选购大角咀亮贤居、星汇居及嘉贤居指定单位买家，送赠半年至两年物业管理费。同时，买家选购2房单位可获赠6800元现金利是，3房单位可获赠10800元现金利是(内地客以人民币支付)。尖沙咀河内道名铸，发展商新世界发展会于10月1日晚上开放现楼示范单位，并会有美食招待200名贵宾及约100名地产代理欣赏维港国庆烟花表演，以增强促销效果。信和置业于火炭站上盖物业御龙山亦会与美联移民顾问合作，于10月4日安排30至40名来自广东省的投资移民客来港买楼，当中主要为广东省的企业客、厂家等。信和置业营业及市场部总经理刘贵玉指出，近期已接获20至30组内地客查询。她又指，凡经美联移民顾问购入御龙山的买家，有机会获得6万元的移民顾问费回赠。于内地27个省市拥有600间分行及雇用16,000名地产代理的中原中国亦不甘后人，中原地产董事总经理陈永杰透露，趁今次十一黄金周长假期，中原会以1对1的贵宾接待方式，由中原中国内地代理陪同约200组内地豪客到富甲半山、名铸、九龙站及港岛区二手豪宅参观。机票及酒店住宿费用由贵宾自付，中原中国则会派地产代理由内地以单对单贴身服务形式，陪同贵宾来港参观豪宅。香港置业九龙区营业董事姚伟南则称，港置会组织50至100名计划投资600万至1,000万元物业的内地中产阶级来港进行投资移民，主要参观东南九龙新盘如豪门、誉.港湾及嘉贤居等中价物业。     相关新闻：    京沪买家驱车入穗抢豪宅 开发商不再打优惠战    黄金购房季之北京10大城市豪宅(图)    黄金购房季 十一黄金周城八区在售豪宅(图)    京城豪宅持续热销我要评论",4,7,0.7200031280517578
黄金购房季之金秋家居打折大盘点之东鹏项目名称：东鹏优惠活动：瓷砖：全场55折、仿古砖66折 + 全款优惠洁具：全场55折，购买二项再打96折、三项94折、四项9折+全款优惠 签单并交全款，成交价基础上再打9.8折。金果套餐3888元，套餐含：墙砖15?+地砖3?+座便器+龙头+花洒+浴室柜+镜子备注：套餐不含配件费、花片、腰线。套餐配件费为120元。3888元套餐活动期间交全款有效。“金玉纳福”套餐(金碧辉煌、纳福娜系列产品套餐)购“金玉纳福”系列产品不低于15平米，再购一款墙砖(仿古砖、瓷片，不低于15平米)，瓷片部分95折，再购一款瓷片(不低于15平米)，瓷片部分整单9折。37年陶瓷产业成就，国庆献礼特供！东鹏玻化砖经典——【金碧辉煌】、【珊瑚玉】、【纳福娜】东鹏[晶花技术]代表作——金碧辉煌802923，欢庆价：138/?。东鹏[冰透粒子技术]代表作——珊瑚玉802010，欢庆价：118元/?东鹏[岩涌技术]代表作——纳福娜803001/803011，欢庆价：238元/?活动时间：9月26日至10月11日项目名称：杜菲尼优惠活动：    1，进店有礼，来者即送2，限量抢购3，超值套餐4，全场6.8折活动时间：10月1日至10月8日我要评论,4,3,0.9903378486633301
黄金购房季之金秋家居打折大盘点之曲美项目名称：曲美优惠活动：活动一：汉斯经典“纪念版”家具套餐低至5.8折！折后满10000再送800。 活动二：全场正价商品，尊享超值折扣优惠！不仅如此，折后购物满10000再送800！此外，网络商城“维格尚品”系列家具，全国统一官网直购，挑战板式家具极限低价，为您至少节省30%！活动时间：10月1日至10月8日项目名称：生活家. 巴洛克优惠活动：超低价格：此次北京生活家地板推出全场超低优惠并推出共40款特价产品，包括巴洛克仿古系列、实木复合标准版系列、洛可可强化系列；最低79元起；10多款巴洛克仿古地板原价373至410元，十一特惠价210元至270元不等。让京城百姓享受真正的惠礼！惊喜豪礼：凡活动期在我公司购买巴洛克系列地板，在享受相应折扣的同时，还可获取价值200元巴洛克代金券一张。订单送礼：每位消费者凭订单领取大礼一份！单单有礼，机会不容错过！进店有礼：活动期间进店咨询选购的顾客，即可获赠精美礼品一份，赠完为止。活动时间：10月1日—10月8日项目名称：十里河优惠活动：曾经买过，一定送：为了答谢客户队十里河的灯饰成九年来的关爱，如果您曾经买过十里河灯饰城的灯具，凭据购物发票即可在十里河的兑换一件礼品。礼品1000件送完为止。礼包2：现在来买，立刻送：从9月26日起至10月8日，凡在十里河灯饰购买灯具超过 300元可获得一次抽奖机会。中奖率100%。大奖：液晶电视机一台。礼包3：品牌灯饰，特价送：二楼品牌灯饰十一期间打折让利，回馈顾客。精品灯饰价格全市最低。礼包4：即使不买，还能送：即使不买十里河灯饰城灯具，但是您光临十里河灯饰城，留下姓名和电话号码，10月1日---10月8日每天活动结束时，我们现场将抽出10名幸运奖(累计共80名)。活动时间：9月26日至10月8日项目名称：太阳花优惠活动：进店有理赠品一：凡购买太阳花散热器2000元以下任何产品，即送洁丽雅情侣毛巾一盒(二条)。 赠品二：凡购买太阳花散热器产品价值2000元-2999元，即送洁丽雅浴巾一条。 赠品三：凡购买太阳花散热器产品价值3000元-4999元，即送浴巾一条+情侣毛巾一盒(两条)。 赠品四：凡购买太阳花散热器产品价值5000元以上，即送精美活性碳雕一个。活动时间：10月1日至10月3日我要评论,4,3,0.9977368116378784
"黄金购房季之金秋家居打折大盘点之法恩莎项目名称：法恩莎优惠活动：惊喜一 法恩莎卫浴活动当天将推出最低团购折扣，保证同期最低！惊喜二 数十款十一特供单品任你选择, 法恩莎马桶399元！惊喜三 多款套餐抄底价，适合你不同的风格需求，满足您装修省钱的欲望！惊喜四 活动当天推出超值自由组合套餐, 马桶、浴室柜、龙头你的喜欢你做主！惊喜五 法恩莎智能马桶、VIVI智能马桶全线让利, 更有超低特价等你拿！惊喜六 十一市场的促销款式，活动当天再享更大让利优惠！ 惊喜七 更多特供价和优惠还在申请中，神秘优惠价格将当天揭晓！(注：神秘特价根据网友反映的最低价格制定)赠送一：买专供地拖盆送价值468元龙头一个赠送二： 买法恩莎卫浴专供套餐加8元送高档浴室镜赠送三： 买法恩莎高档实木浴室柜加1888元赠送价值14086元的法恩莎智能马桶，或加666元赠送价值2257元的法恩莎喷射虹吸式连体马桶活动时间：10月3日项目名称：古沙优惠活动：买古沙套餐,送:价值300元 3D杜邦抱枕一个.送价值1380元棕绵加厚床笠一个,送价值2980床外套一件活动时间：9月25日至10月8日项目名称：弘高优惠活动：现场领取折扣券,凭券满1000减200,满2000,减400.以此类推.自营家具2折起活动时间：10月1日至10月8日项目名称：金意陶优惠活动：1,全场买2000返1000元现金(所有配件、特价产品、买一?赠一?产品不参加)2,厂家直供，国庆特享产品买一?赠一?.3,15款精品超低价抢购活动时间：9月26日至10月11日我要评论",4,3,0.9954180717468262
"黄金购房季之金秋家居打折大盘点之爱依瑞斯项目名称：爱依瑞斯优惠活动：项目名称：班尔奇优惠活动：一、柜体部分1.大亚板柜体全场7折；2.实木柜8.5折；2.KI007，18mm板原价300元/平米现特价178元/平米二、移门部分1.推拉门、隔断门全场7折；2.欧式门8.5折；备注：1、本次活动与店内活动只能二选一；2、五金件、抽屉类不打折；活动时间：10月1日至10月8日项目名称：城外诚优惠活动：首重礼：城外诚购物特惠册，优惠总额达85万元,二重礼：500辆环保电动车寻主人，大奖天天送,三重礼：在城外诚买欧美家具，只需一半钱(5折起)活动时间：9月26日至10月8日项目名称：东方百盛优惠活动：活动一：全场7.9折活动二：满5000元，加100元送阿尔卑斯床垫一张(原价：1200元)9 C3 o7 x+ w- x活动三：凡购满10000元，加200元送夏威夷床垫一张(原价：2800元)次活动不与商场活动同时享受。活动时间：10月1日至10月8日我要评论",4,3,0.9955477714538574
黄金购房季之金秋家居打折大盘点之现代冠军项目名称：现代冠军优惠活动：卫浴钻石6平米套餐原价5304元 现省 1315元 优惠价3989元扣板：300*600碧海银波*16 300*300纳米闪银*27300*300酒红*4电器：照明灯2台 换气扇1台 风暖1台 金色射灯4台辅料：边角哑光钛银边角 5支 赠送实际使用的全部龙骨卫浴铂金6平米套餐原价4096元 现省1075元 优惠价3021元扣板：300*300经典白*56片 300*300西斯廷圣花红*8片电器 照片1台 风暖换气照明浴霸4合1电器 1台辅料：经典白哑光滚涂边角*5支赠送实际使用的全部龙骨卫浴黄金6平米套餐原价：2266元 现省577元 优惠价1709元扣板：300*300葛兰特/卡莱士*52片电器：照明灯1台 灯暖换气1台辅料：经典白哑光滚涂边角*5支赠送实际使用的全部龙骨厨房金牌套餐6平米原价：2596元 现省719元 优惠价1877元扣板：300*300似水流年*16片 300*300经典白*33片 300*600经典白*5片 150*600斑马王子*6片电器：照明灯2台辅料：经典白哑光滚涂边角*5支赠送实际使用的全部龙骨厨房银牌套餐6平米原价：1736元 现省461元 优惠价1275元扣板：150F纳米系列条板(颜色纳米浅红拉丝、经典白)电器：照明灯*2台辅料：经典白哑光滚涂边角*4支赠送实际使用的全部龙骨买赠活动：整单金额(包含扣板、电器)买够不同金额即送多种电器；满2000元送价值800元灯暖换气电器1台满4000元送价值1378元灯暖换气照明浴霸四合一电器1台满6000元送价值2338元五合一顶级电器(即空军1号)满8000元以上，送价值2338元五合一顶级电器(即空军1号)，6000元以上部分直打85折或者可2000元一档赠送以上等条款所指定电器。单品特价优惠：特价单品：150珍珠白 150闪银光 300*300珍珠白 300*300闪银光 均特价优惠68元/平米(含龙骨，边角安装费另计)活动时间：10月1日至10月8日 我要评论,4,3,0.9955520033836365
"黄金购房季之金秋家居打折大盘点之百安居项目名称：百安居优惠活动：瓷砖:10送4,指定品牌88折. 地板:实木复合和强化地板10送2起.卫浴:A.S零售：美标全场满500送50，满2000送260全场抵用券。(特价商品参加)DC:满1000送120满2000送300(8/14促销延期执行，特价商品参加)(与零售不重复).Kohler零售+DC：3000元送300元全场抵用券,装饰:门:满1000直降150元,加送安装;窗:满1000直降100,2000直降300,加送安装吊顶:满1000直降100,加送龙骨送安装.水槽:水槽折扣+link净水(20%):水槽先折扣满1000送400元净水器抵用券,买净水器满1000元用200元.厨房热水器:厨房电器Link橱柜(12.5%):买厨房电器满2000送1000元橱柜抵用券(9.30-10.08),买橱柜满3000元用500元(9.30-10.25);涂料:油漆指定品牌系列买100送40(20元全场券20元软装券) 软装券：窗帘、百页、花灯、墙纸满100用20。活动时间：9月11日至9月30日项目名称：爱格优惠活动：店面全场特价8.N折,小区渠道特推出部分特价商品供大家抢购！,互动抽奖：1、店面抽奖活动：一等奖：美的吸尘器一台二等奖：乐扣大礼包一件三等奖：亚都加湿器一台纪念奖：爱格啤酒一箱2、“畅游爱格德国工厂”活动：单一订单(同一地址)超过15000元或购爱格地板加飞美家具超过15000元的客户，可以参加“买地板，体验爱格欧洲绿色之旅”活动。现场须签订参加“体验爱格欧洲绿色之旅”抽奖活动确认函，双方各持一半。10月25日由我公司组织活动，将购买爱格地板及飞美家具的客户通知到场后，将手中确认函投入奖箱，由组织人员现场抽取。没有到场的将取消参加抽奖资格。活动时间：10月1日-10月18日我要评论",4,3,0.9886217713356018
"黄金购房季之金秋家居打折大盘点之马可波罗项目名称：马可波罗优惠活动：1.国庆专供 一降到底 活动期间，马可波罗瓷砖18款厂家国庆专供品，直降到底。7.8元/片起2.华诞特惠 惠通天下 活动期间，马可波罗瓷砖8款国庆特惠品，惠有惊喜。17.64元/片起3.钜惠力献 满100元减51元 活动期间，马可波罗瓷砖瓷片、抛光砖、腰线、花片、小地砖产品(即底价是标价6.5折的产品)满100元直减51元货款(专供品、特惠品不参加此项活动)。4.同庆有礼 满3000元即可享受 活动期间，购买1295、e石代产品满3000元后再购1295、e石代产即可享受8折优惠(雕刻砖，壁饰产品除外)；备注：1. 订单最晚送货日期为2009年12月31日，过期订单恢复原价。2. 订单收取订金最低为30%，促销备案截止10月9日中午12：00；3. 促销订单退补货比率为订单金额的10%，超出部分按即时价补货；4. 闽龙市场马可波罗店面可单独享受购买1295、e石代产品满3000元后再购1295、e石代产即可享受8折优惠(雕刻砖，壁饰产品除外)后满6000元可赠送客户12片CZ6822香槟石活动时间：9月26日至10月8日    项目名称：依诺维绅优惠活动：活动1:BOHEMIAN系列全场75折.活动2:BEBEL系列,指定产品特价活动时间：9月26日至10月19日我要评论",4,3,0.9956730008125305
108枚新型导弹将亮相国庆阅兵本报北京9月27日电(记者朱思雄、廖文根)第二炮兵副司令员、阅兵联合指挥部副总指挥于际训中将近日透露，“新中国成立60周年国庆首都阅兵，第二炮兵参阅的5个导弹装备方队由6支导弹劲旅组成，108枚参阅导弹全部是最新型号。”第二炮兵导弹装备方队是第三次在国庆首都阅兵中“亮相”。第一次是1984年国庆35周年阅兵，只有一个装备方队12枚导弹参阅；第二次是1999年国庆50周年阅兵，共有4个装备方队36枚导弹参阅。于际训介绍，第二炮兵今年参加国庆首都阅兵的人员数量之多、装备种类之全、方队规模之大，都是空前的，精良的武器装备将集中展示我军战略威慑核心力量和中远程精确打击力量建设的新发展和新成就。与前两次国庆阅兵相比，武器装备阵容凸现了五大变化——导弹家族更大。此次阅兵呈现在世人面前的导弹武器装备，全部为首次亮相的新型主战武器。其中包括两种不同射程的地地常规导弹，一种常规陆基巡航导弹，一种核常兼备的地地中远程导弹，一种洲际战略核导弹，标志着中国战略导弹武器已由单一型号发展为近程、中程、远程和洲际导弹并存的导弹大家族。导弹身材更小。此次阅兵所展示的5种型号导弹，无论常规导弹还是核导弹，全部采用固体燃料，体现了体积小、本领大的明显特征。导弹威力更强。此次受阅的新型导弹武器，真正实现了隐蔽实施作战准备、突然发起火力突击、快速实施波次转换。导弹精度更高。首次亮相的陆基巡航导弹，能够多发连射、低空飞行、隐蔽突防、精确制导，是实施中远程精确打击的一把利剑。导弹机动更快。此次阅兵亮相的所有导弹装备，全部采用车载发射方式，拉起来就可以跑，到达预定地点后，竖起架子就可以打。在此次国庆首都阅兵中，第二炮兵除展示5支装备方队外，还首次组成学员方队。这个方队由第二炮兵工程学院、第二炮兵指挥学院和第二炮兵士官学校3所院校联合编成。 我要评论,4,7,0.9973617196083069
香港豪宅屡创癫价成交 尺价近7万成亚洲最贵 中新网10月10日电 香港恒基地产今年的一项豪宅项目——西半山干德道天汇，66B复式户盛传以尺价6.98万元易手，涉资3.582亿元，尺价创亚洲分层新高，亦大幅抛离稳坐一哥宝座逾一年的凯旋门逾40%。据香港《大公报》报道，恒地筹备开卖多时的天汇，标榜集团新一代豪宅，昨晚举行贵宾之夜，不少名人及友好慕名到场兼洽购，据市场消息称，屋苑仅提供2伙的复式户，其中细复式66B室面积5131方尺，获买家以尺价6.98万元预留，涉资3.582亿元，倘落实成交，再为本港豪宅历史写下新一页，尺价再缔亚洲分层豪宅新高，以尺价4.1万元稳坐本港豪宅分层一哥宝座逾一年的凯旋门顶层天际独立屋，将要让位。 天汇一副气吞天下之势出击，日前甫取得售楼纸即惹来买家垂青，发展商尚未正式开卖，已接获众多买家主动出价，除上述天价成交外，并盛传有投资者拟动用5亿元扫入5伙分层，每伙平均售价约1亿元，售价再缔全港分层户新高，据悉其中8至12楼低层户已全获认头，尺价最低2.5万元，至晚上已有10多伙获预留。 天汇连续多日传接受预留，昨晚举行贵宾夜前夕，恒地营业部总经理林达民说，天汇未接受任何形式预留，纯粹是众多买家主动出价斟洽，初步有15个单位获买家提出预留，其中60楼以上特色户获买家出价近7万元洽购，但集团未有接受，不过已向代理发出销售委托书，经纪会自行组客。 林达民表示，天汇最快下周一公布售价，紧随翌日或周三开卖。他强调尺价最低消费亦要3万至4万元，分层单位入场费达1亿元，集团向来非常惜售靓盘，天汇初步只售26伙，料值30至40亿元，全数60伙则市值过百亿元。 另一方面，天汇天价出击，为已极度炽热的香港豪宅楼市火上加油，一度缔全港最贵1房户的尖沙咀名铸，乘天汇再掀高潮，借势推10伙特色户，据参考价单位显示，该10伙特色户其中3伙属相连，分别为58C、D及E，面积2384至3092方尺，售价8108万至9800万元，尺价30989至3.2万元；另7伙为63楼A、C至G及J室的复式单位，面积2743至3333方尺，售价9800万至近1.4亿元，尺价3万余至最高4.2万元。(梁颖贤) 我要评论,4,7,0.5431250929832458
美国严查海外银行账户 冲击亚裔富二代据台湾《中国时报》报道，美国政府严查境外银行账户，凡有绿卡或公民身份者海外存款超过一万美元，应在10月15日前申报，凡是隐藏海外账户被查获者，美国国税局将予以重罚，甚予以刑事起诉。这项规定冲击到许多亚裔富豪，包括台湾富豪第二代，这些人现在考虑放弃美国公民身份。美国《商业周刊》说，多年来，亚洲富人一直把美国公民身份看成是方便的安全网，不过，成为美国公民有其不利之处，就是有缴税义务，而且不论在国内或海外的收入一律要申报，现在因为美国要清查海外账户，有些富豪为了避税，开始有放弃美国籍的念头。美国国税局早在十多年就有规定，海外存款、证券、共同基金或退休金账户超过一万美元者，均须申报。但这项规定一直未严格执行，直到今年8月瑞银集团(UBS)供出4450个美国富豪逃税名单，海外账户问题再度受到重视。美国国税局特提出一项赦免计划，过去6年有收入但未据实申报者，鼓励在9月23日以前自愿申报，后来因申报人数太多，又延后到10月15日，并郑重表示绝不再延后。凡在10月15日截止前申报海外账户者，须缴纳海外账户过去六年内最高总金额的20%为罚款。隐藏账户被查到者，罚金高达十万美元或账户总值的50%，追查期限超过六年。国税局警告说，逃漏税将不仅面临民事罚金，更可能被刑事起诉，最高判处五年刑期。 我要评论,4,1,0.6741405129432678
艺术品及古物市场未受经济衰退影响RICS 英国皇家特许测量师学会艺术品及古物调查报告 ? 2009年第三季 于昨天公布的英国皇家特许测量师学会(RICS)第三季艺术品及古物调查报告指出低息贷款令资金持续流入艺术品及古物市场引致价格上升。 过去三个月总值平均数由百分之七(7%)倍增至百分之十四(14%)，这表示有更多的测量师认为艺术品及古物价格现正上升。从调查的响应看到大约七成的价格会上升，其中高档市场最为强劲。近代艺术品市场则较为疲弱，报告价格下跌的测量师人数比之前增加。今年第二季度报告显示有百分之二十四(24%)的测量师报告近代艺术品市场价格下跌，该比率于今季度增加至百分之三十四(34%)。过去的几个季度近代艺术品市场价格普遍下降，比起去年年初所见到的升幅有强烈的对比。珠宝和银器这两个传统的稳健市场亦见升幅。超过百分之四十四(44%)的测量师指珠宝价格仍然上升，百分之三十七(37%)认为银器价格亦在上升。 属于高档市场的油画及水彩画市场虽然录得负百分之三(-3%)的?增长，但其走势仍然强劲。多出百分之九(9%)的测量师认为艺术品价格及价值超过五万英镑(£50，000)仍正在上升，多出百分之十四(14%)的测量师认为艺术品在五千(£5，000)至五万英镑(£50，000)的价格亦同样正在上升。RICS发言人Chris Ewbank 指:“艺术品及古物市场并未受经济衰退的影响，由于它成为投资者一个投资避难所的选择，加上低利率及过去五年间的价格下调，吸引了资金的流入。整体市场价格都有上升趋势，除了近代艺术品市场在过去的一年间承受了价格的逆转，原因是大部份艺术品市场的投资者现时倾向较保值和低风险的稳健传统市场。最明显可见的是国际拍卖行在过去一年间的营业额大幅下跌，反而小型的拍卖行却渐见活跃。”我要评论,4,1,0.5229136347770691
剩女用五套房当嫁妆征婚(图)一个人在外打拼不容易，而北漂的剩女更不容易，一个女人在外打拼，连对象都不好找。这不，最近网上就有一个北漂剩女开始发帖征婚了，人家的嫁妆还是五套房呢!看她开出的条件，其实并不算很高。奇怪的是，网友都不买账，甚至有网友说:“我光要房不要人行吗?”◎网友发帖5套房当嫁妆，谁能娶我10月13日，论坛上出现了一篇名为《北漂剩女征婚:5套房产作嫁妆，谁能娶我?》的帖子，网友“abch4”说:我今年32岁，河北人，长得一般，有点黑，算是丰满，130多斤。咱是没什么姿色，但是咱不缺票子。北京5套房产就是资本!我主业是做外贸，自己有一个外贸公司。这位网友说，虽然自己身边一直不缺男人 ，但碰到的北京男人、天津男人、上海男人、东北男人等，不是爱吹牛，就是太小气，有的还特别暴力。她只得网上征婚，列出七个条件，说非诚勿扰:1、东北男、北京男、天津男、上海男一律不要，跟以上4个地方有直系或旁系血亲的也不行!2、长得可以不帅，但要干干净净，不能邋里邋遢 ，健美点的更好，纯粹为后代考虑。3、身材高大魁梧 ，178厘米以上，我将近一米六，比例比较合适，女人总是希望有个宽大的肩膀可以依靠。4、年龄30～45岁，事业成不成功不要紧，重点是踏实而且精力旺盛的男人。5、幽默、有情调，对我要温柔，要喜欢女生撒娇，野蛮的都闪边去。6、不能混混，怎么着也得有个5年计划什么的，不是蓝筹股你也得是个绩优股，我可不想花钱买个垃圾股回来。7、有欣赏美的能力，也有看美女的权利，但是在你眼里我才是最美。 ◎网友热议我光要房不要人行吗网友:想男人想疯了吧?tdwl02:先结婚，再制造车祸把她变成植物人，反正她是花钱买婚姻。北京网友:我光要房不要人行吗?人间有真情:这样找到的归宿，也是以房子作为筹码换来的，很难保证以后出现什么状况，真正的爱情不能掺杂太多功利的成分，你这么明目张胆用房子来钓鱼，不知道会是什么结果啊!爱喝白开水:顺其自然，总会遇到好的 ，找不到一个人过也没什么。那么多年不也是这样子过来，单身其实也挺好的。◎记者调查关键看人，房子次要市民夏冬现在算是青漂一族，正在单身中的他，听到这个消息后，觉得这样的事情肯定是网上炒作。“首先，谁有那么多的房产，还放在网上炫耀啊!再说，从照片上看样子，觉得这个女孩也不像她说的那个样子。反正就是感觉不真实，我是不会相信的。”当记者问他假设这个事情是真的话，他说，“虽然我也是打工一族，但是说到婚姻，还是很重要的，我是不会那么儿戏，轻易去选择一个人，或者因为房子而喜欢上一个人 ，要不然咱也不会剩着了，对吧?如果现实中真有这样的一个人，我也要先跟她接触一下，看看这个人适不适合自己，自己喜不喜欢再定，房子的话，是次要因素，关键还是看这个人。”记者就此事咨询了I爱交友网的负责人张旭先生。张旭对此事倒是很能理解 。他说，其实这个女孩的做法是可以理解的。因为商品社会，感情是很难与钱完全独立的 。有钱的剩女要求条件高一些，也是无可厚非的 ，其实说白了，这也可以算是一种资源置换吧。个人追求不一样，你不能说人家的就一定是错的。但是单纯从感情上来说 ，这样的婚姻肯定是不可靠，需要两个人更努力去维持才行。·海选美女百里挑一 富豪征婚先量美女的三围·已婚男老师上网征婚 被指见面当晚强奸女白领·母亲带房产证为博士女儿征婚 指定要找男博士·80后网上贴母亲美艳照片 自称为妈妈征婚 我要评论,4,3,0.9798070192337036
花旗首席经济学家：央行最早明年二季度加息商报讯(记者 崔吕萍)“明年信贷增量将维持在高位，个别月份通胀率将突破4%，预计央行最早在明年二季度加息。”昨日，花旗集团大中华区首席经济学家沈明高昨日在接受本报记者采访时这样表示。9月份新增人民币贷款5167亿元。这一数据高于此前4000亿元的市场预期，而前三季度8.67万亿元的信贷增量预示着全年信贷增量将突破10万亿元，充裕的流动性使市场担心通货膨胀的突然来袭。对此沈明高认为，加息取决于通货膨胀的预期，明年通货膨胀率或达到3.4%(据投研报告显示，今年通胀率也在2%以上)，不排除个别月份出现4%的通胀增长。通胀增长超过4%，加息变成可能。“通胀本身带给市场的影响有限，但由通胀预期带来的市场投机过度激进，直接导致房地产市场、黄金市场被严重炒作。”沈明高表示。与此同时，沈明高认为，中国经济的复苏是流动性推动的复苏。“从今年前三季度人民币贷款增加8.67万亿元趋势推算，预计今年全年信贷增速将实现10万亿元，同比增长33%。明年新增信贷规模仍维持在8万亿到10万亿元之间，同比增长20%到25%。”“信贷规模如果连续两年呈现10%左右的增长速度，将给银行带来极大的资金压力，在这一背景下，银行只能够一面从资本市场‘抽血’，一面为公司提供贷款。”沈明高表示。 我要评论,4,1,0.9331877827644348
六成人认为香港现时楼市的炒风严重中新社香港十月二十日电香港近期豪宅楼创“天价”，一项由政团所做的调查显示，有九成一受访香港市民认为现时楼价偏贵，有六成人更认为香港现时楼市的炒风严重。民建联于今年九月下旬以电话随机抽样的方式访问了近六百名市民，结果发现有达四成受访香港市民认为未来一年楼价还会再上升，四成八受访者更要求政府现时出手遏抑楼价。在楼价高企下，有近五成七受访者表示自己或家人未来一年不会置业，主要原因是欠缺供楼能力。调查亦发现，有逾七成受访者支持继续兴建居屋，近六成八人亦认为应继续推行公屋租置计划。但香港地产发展商恒隆集团主席陈启宗认为，香港现时楼价升幅主要反映在豪宅价格上升，豪宅价格不影响市民大众生计，对社会的影响不大。他又指，香港有超过九成的住宅都是一般住宅，这个部份没有出现泡沫，现时仍有很多较便宜的住房，市民是可以负担的。 我要评论中新社香港十月二十日电香港近期豪宅楼创“天价”，一项由政团所做的调查显示，有九成一受访香港市民认为现时楼价偏贵，有六成人更认为香港现时楼市的炒风严重。民建联于今年九月下旬以电话随机抽样的方式访问了近六百名市民，结果发现有达四成受访香港市民认为未来一年楼价还会再上升，四成八受访者更要求政府现时出手遏抑楼价。在楼价高企下，有近五成七受访者表示自己或家人未来一年不会置业，主要原因是欠缺供楼能力。调查亦发现，有逾七成受访者支持继续兴建居屋，近六成八人亦认为应继续推行公屋租置计划。但香港地产发展商恒隆集团主席陈启宗认为，香港现时楼价升幅主要反映在豪宅价格上升，豪宅价格不影响市民大众生计，对社会的影响不大。他又指，香港有超过九成的住宅都是一般住宅，这个部份没有出现泡沫，现时仍有很多较便宜的住房，市民是可以负担的。 我要评论,4,7,0.5755954384803772
80后大学毕业生多蚁族(图)北京大学博士后廉思主编的调查实录《蚁族》出版，将其带入公众视野。有人说，“蚁族”可能成为“像‘知青’那样流行的单词”。“蚁族”不是蚂蚁，却有“高智、弱小、群居”的特征，故得名“蚁族”。他们多是“80后”大学毕业生，虽曾接受高等教育，但收入却很微薄。北京大学博士后廉思主编的《蚁族》将其带入公众视野。近日，记者采访了一群“蚁族”，了解他们的生存状态。文、图/记者徐静 实习生廖宇飞、曾繁莹 通讯员刘晓钰 “蚁族”群体普遍扎根在城中村，那里房租低廉，不少刚毕业的大学生都聚集在此。“蚁族”生活：房租300元自己煮饭。“蚁族”收入微薄，生活能省则省。“城中村里的房子租金少，村子越往深处的越便宜”，住在大学城北亭村的师范类历史学毕业生王林就选择了这种地方，一人住着一间10来平方米的小单间，300元房租，吃饭都是自己打点。“蚁族”工作：收入刚能养活自己。大学毕业生找工作难，很多毕业生第一份工作都是先养活自己再谋发展。广商09届毕业生冰凌说，她的工作是在一个传媒公司广告部做数据统计，跟她所学的信息管理专业基本沾不上边。目前还在试用期，社保、医保由公司承担，她每个月工资只有1600元左右，“仅够养活自己，还来不及报答父母”。“蚁族”心声“我们是打不死的小强”温骁是去年从广商毕业的，他在学校附近租房，十一二平方米的单间，有一个独立卫生间，一个简单的洗手台，旁边有一张床、一张电脑桌和一张茶几。但他坚持不回家发展。“每个人的生活状态都是自己选择的。”他说：“我们是打不死的小强，就这样活着。拼到最后，不管路是怎样。”小黄是增城人，毕业后找到一份工作，做软件。走出校园的他，月收入三千多元，但他还是选择住在棠下的城中村，与人合租。这合租人不是外人，正是小黄的大学宿友。现在，他们3个小伙子就住着一套2房2厅70平方米的套间里，厨房、柜子、洗手间、阳台都齐备。屋子虽大，可租价却相当便宜，每月只要900元。环境简陋，但小黄还是住下。他说，主要是想和宿友继续住在一起，彼此有伴，周末可以一块打球，平日也有个人来侃侃大山，不至于太闷，“不尽然是经济因素，主要是怕寂寞。”小黄乐呵呵地说。专家说法反映高等教育去精英化“蚁族”的出现与高等教育大众化带来的“去精英化”有关，大学生由优势群体转为相对弱势群体。近年来，大学生毕业期待薪酬停滞不前，甚至有下降趋势，便是对此的反映。此外，就业市场、房屋市场也对大学生造成颇大压力。与更早前的大学生不同，现在的大学生难以享受福利分房，要买房的话，毕业生微薄的工资杯水车薪，这也使“蚁族”们只能在城中村等居住条件差的地方居住。“蚁族”的出现也证明“80后”向上流动的机会相对要少，渠道也没那么顺畅，尽管“蚁族”不至于沦为最底层，但在社会地位上却处于“要上不上，要下不下”的尴尬境地。岳经纶中山大学政治与公共事务管理学院教授 我要评论,4,9,0.6355641484260559
银监会：综合授信类个人贷款业务将收紧本报讯记者刘薇报道：银监会周三发布了《个人贷款管理暂行办法(征求意见稿)》，对个人贷款实行支付管理。如果正式出台，这将是我国首部个人贷款管理法规。银行人士表示，总体来看，《暂行办法》对个人贷款业务没有太多新的限定，但细化到银行具体业务，则有一些贷款品种可能会加强审核，收紧门槛，诸如此前非常火爆的综合授信类个人贷款业务。《暂行办法》主要内容是，规定银行不得发放无指定用途的贷款，明确实行贷款人受托支付或借款人自主支付的方式对贷款资金进行管理和控制。重申银行在发放个人贷款时须坚持面谈、面签制度，确保贷款的真实性，以防范虚假按揭等风险。由于办法不针对个人贷款业务品种申请设置额外条件，因此个人获得贷款的门槛并没有被抬高。记者昨日采访多位银行信贷部门人士，他们表示，其实目前大部分个人贷款业务如房贷、车贷等都是实行受托支付，即贷款人根据借款人的提款申请和支付委托，将贷款资金直接支付给符合合同约定用途的借款人交易对象。这样做的好处，一方面能够有效监控贷款按约定用途使用，防范贷款挪用风险；另一方面也可防止“顶冒名”等违规损害借款人利益的行为，切实保护借款人合法权益。如今受《暂行办法》影响较大的，则是市面上一度火爆的个人综合授信类贷款。这类贷款通常表现为“房产一次抵押，贷款额度多次循环使用”，如很受市民欢迎的“循环贷”、“随借随还”等，有的银行在开办这类业务时放得较为宽松，只要首次审核通过，以后的贷款申请甚至可以通过网上银行等自助方式办理，无需再经过相对复杂的审核手续，这就意味着在初次审核通过后，借款人就不用再到银行面谈、面签，便可能获得贷款。“这其中的确存在着无法监控贷款真实去向的可能。”某国有大行支行行长称。而一家股份制银行信贷部门人士则坦言，在《管理办法》出台后，该行相对宽松的审核制度很可能需要作出调整，比如采取措施加强对贷款用途的审查，自助方式也许会取消。 我要评论,4,1,0.8829476833343506
郭晶晶潮人装现身 卖霍家豪宅欲赚450万(图)刚在全运会捍卫了宝座的跳水皇后郭晶晶，已经适应了频频出席商业秀和高级社交场合的名媛生活。虽然和富豪男友霍启刚的婚事一波三折，如今又要明年再说，她却丝毫不恨嫁，甚至变卖了霍家所赠的百万豪宅，只因物业太多疲于打理。看来名媛郭晶晶下定决心自力更生，毫不担心30岁后变成剩女。 11月12日讯 在10月30日晚，郭晶晶现身上海恒隆广场，以优雅“女王”姿态作为奢侈品牌的领衔嘉宾，成为全场焦点。当日，她为出席活动仅在上海逗留12小时，打着“飞的”匆匆来去。青涩Ball场新女王12小时打飞的捞金虽然郭晶晶出席时尚活动远没有跳台上那么潇洒自如，但经过这几年大大小小众多时尚活动的磨练，郭晶晶的秀场表现频频加分，青涩的门外汉渐入佳境。当日她打头阵为奢侈品牌Fendi走红毯，白色包肩小洋装配银色钉珠手拿包，得体大方，并恰当地遮盖了她因常年游泳而厚实的肩膀及背部，贵妇气场引来闪光灯混战，不少记者私下赞扬：“郭晶晶越来越漂亮了，也越来越会穿衣服了。”郭晶晶也略带得意地介绍：“衣服是我自己选的，我比较喜欢端庄简洁的款式。”虽然郭晶晶的Pose比名模熊黛林和乐基儿略显生涩，换来换去就一两个姿势，对大场面闪光灯阵还有待适应，不过她出场待遇不低。和品牌第三代掌门人合影时，她永远是站在最中心位置的明星，跟大姐大刘嘉玲同级，连天王嫂们都只有靠边的份儿。第一个出场，也是第一个离场，据悉郭晶晶因为要赶回北京训练，活动未结束就从秘密通道离开。回附近酒店换了便装，郭晶晶在助手陪同下直奔机场。当日早上10点，记者目击她刚刚抵沪；不到12个小时，晶晶就赶着最后的飞机匆忙回京，捞金之旅速战速决。私下里没了长枪短炮的关注，郭晶晶要比在秀场上自在许多。离开时，她摘掉了早晨戴着的明星范儿超大墨镜，穿时尚的机车皮衣和短裙、打底裤，手挽着7000大洋的意大利制造Tod’s G-bag，包包上还挂着一只小熊造型的名牌挂件，一身贵气引得不少路人侧目。上午看到有记者在机场拍摄，郭晶晶冷眼相对；晚上离开时，她也不时警觉地到处张望。办完登机手续，她终于松了一口气和助手有说有笑。婚期未定的准豪门媳妇“希望大家多给一点时间”此次再度被记者问及是否考虑进入娱乐圈，郭晶晶明显不如之后进场的刘璇那么如鱼得水，她生硬地回答：“不会。”有没有考虑拍电影？回答也是：“没有。”由于郭晶晶每次回答都比提问短，记者不由得追加一个“为什么”，郭晶晶倒是认真地想了想说：“因为我不会。”与霍家二公子的婚事，也是郭晶晶最烦回答的必答题。之前传出她将在11月中旬，嫁给交往4年、家族资产约900亿元台币的霍启刚，记者一求证，她立即给出一个令气氛迅速尴尬的回答：“这是很私人的事情，希望大家多给我一点时间。”场面一下子冷下来。全运会开始前，郭晶晶已被风传嫁入霍家，年末要举行风光婚礼，成为一代巨贾霍英东的孙媳妇。这个传闻使郭晶晶在全运会上成为刘翔之外最红的焦点人物，每次出席都引得大批记者蜂拥而至，好几次甚至冲破护栏。郭晶晶不得不在夺金后表态：“我跟他感情挺好，我们俩还没探讨过这个问题。我觉得现在这个时代，30岁以后结婚很正常，所以不着急。”总之，郭晶晶宣告暂时不退役、不结婚、不从政。霍启刚虽也曾是风流富豪，不过自从和郭晶晶谈恋爱后相当专一，鲜少绯闻，这让郭晶晶对自己成为霍家媳妇很心定。郭晶晶曾说：“当你做着喜欢的事，而后面有人给予精神支持时，哪怕是一条短信、一个电话都给你莫大鼓舞，你因此会开心地继续做下去。”而霍少让她感动的短信太多了，“我无法挑选，很多人问我霍启刚的事，但很少有人真正去了解他为我的付出。”身价千万的文体新名媛：变卖霍家豪宅聘礼只因懒得打理前不久郭晶晶抛售北京崇文门附近本家润园的房产，让许多人以为这场华人界瞩目的恋情有变，然而10月15日郭晶晶29岁生日，霍公子专程飞到北京为女友庆生，粉碎了谣言。这套房子据说是2006年霍家以300多万元买进送给郭晶晶的聘礼，而以郭晶晶不差钱的身价而言，这套房子不过是她的一个广告收入而已。如今，郭晶晶以452万挂牌出售这套房子，被几经揣测。郭妈妈主动出来爆料称，抛售是因为物业闲置，不便打理。据报道，她和霍启刚恋爱期间，霍家先后送了3套物业给她当礼物，其中最贵的一处是一个北京四合院，市价超一亿。此外，郭晶晶获奥运冠军后，先后获得政府和房地产开发商赠送的多处房产。除了竞技状态保持良好，郭晶晶作为体育明星，吸金能力也超强，拥有牛奶、洗衣液、家电、饼干等多家商业品牌的代言合约在身。2009中国福布斯名人榜上，郭晶晶超越刘翔高居第4位，15家各类广告代言收入超过3000万。显然，豪门名媛的生活最适合未来的郭晶晶，据说她专门练过怎么走台步、摆Pose，如今又开始学英语。训练之余，她有意识地去看一些时尚杂志，了解流行信息。目前，郭晶晶还在中国人民大学学习工商管理专业，为名媛之路铺平基石。 我要评论,4,3,0.9912006258964539
"建行提升首套房贷门槛 二套房利率多家银行7折当下，各家银行的信贷经理们忙乎得有点反常。“成交量不降反升，这不像往年年尾的状况啊。”中信银行二手房贷款客户经理孔艳说，她今年已经做了两个多亿的单子了，没想到临近岁末却还迎来小高峰。“其实都是被房贷7折利率优惠要取消的传言给闹的。”深发展客户经理李先生说。近日，“房贷利率优惠明年或叫停”的报道引起猜测纷纷。随着优惠利率将取消的风声加紧，伟嘉安捷市场主管吴昊告诉《华夏时报》记者，对未来政策的预判性不明，导致不少业主出现急售房产的现象。而业内相关人士则表示：目前政策面并没有文件传达，只是各家银行有自主权依据自身情况决定7折利率是否要取消。建行给首套房贷提高要求记者以购房者身份调查得知，广发、中信、深发展、北京银行对于资质够好的购买二套房的改善性住房客户仍可给到首付四成，利率7折或7.01折的优惠。“我们暂未收紧二套房的利率优惠，购买二套房的客户只要首付40%，属于改善性住房的话还可以申请到7折优惠。”北京银行客户经理赵先生告诉记者。上述中信银行客户经理则对记者表示：只要没什么严重的不良信用记录，在该行申请到7折利率也不会有多大的难度。她最近发放的贷款就有很多都申请到了7折优惠。“但是如果两套房子的月还款额占比家庭总收入超过55%的话，那或许申请就通不过了。”广发银行房贷工作人员告诉记者，该行目前仍可给改善性住房客户申请到7.01折利率优惠。这边二套房还在大给优惠，建设银行却给首套房也提出了要求：首付四成才可以给出7折利率优惠；如果首付两成，只能享受到利率8.5折优惠。“如果是二套房，不属于改善性住房的话，利率肯定是上浮10%的。”建行信贷经理非常肯定地告诉记者。语气变得谨慎的还有招行的信贷经理，他极其巧妙地告诉记者：“如果你资质够好的话，我们也可以申请到下浮30%。”“那能申请到下浮30%的概率是多少？”面对记者的追问，他表示：无法承诺，因为利率随时有收紧的可能。“你争取这个月就把手续办完了，说不定政策哪天说变就变。”工行和深发展客户经理则这样说。贷款审批不过或要付违约金在某广告公司当项目经理的王先生最近有点郁闷，他说，他预订的某小户型因为没有办法贷到八成，最终只得放弃购买了。最终他无奈地从开发商那里把预交的定金取了回来，“还好，这不是因为我的原因造成的无法成交，不用给开发商违约金。”而记者了解到，在二手房过户过程中，买卖双方也会有一个补充协议，买方也需要向卖方支付一定的定金，如果因为买方原因导致交易无法完成，买方须向卖方支付双倍定金的违约金。“主要还是看双方的补充协议是怎么定的，如果因为贷款申请不能通过导致交易无法完成的约定，付违约金的情况也是会存在的。”吴昊告诉记者，这种情况下，买方就只能支付全款来购买房屋了。“所以还是双方的协议要沟通、约定好。”而据某网站的调查显示：已经买房或是准备买房的网友中，九成以上的人选择贷款购房，仅有6.85%的网友全款付清。吴昊表示：如果买方因为信审未能通过贷款审批，而又无法全额付清房款的话，那么就只能“撤单”。“中介公司这时候是没有任何费用产生的，只是交易成功后要收房款总价2.5%的服务费。”八成网友持观望态度 结合“房贷利率优惠明年或叫停”报道的种种猜测，某网站推出的“住房贷款意愿调查”显示：67.12%的网友认为住房信贷政策变化对自身购房有影响；面对住房信贷全面收紧的可能，79.45%的网友选择“继续观望，静观其变”，只有20.55%的网友则“不再观望，果断出手”。“取消只是迟早的事情，因为现在房市已经过热了，国家要求开发商降价也不现实，所以只有通过一些政策的微调来对市场进行调整。”某商业银行消费金融中心工作人员对记者表示，“但是我觉得或许还是老人老办法，新人新办法。不过因为利率优惠而去抢这个时间却不见得可取。虽说大跌不可能，但是调整总是会有的。”而11月5日，住房和城乡建设部政策研究中心副主任王珏林在接受媒体采访时表示：鉴于目前经济回暖、房地产市场向好的形势，去年出台的一系列楼市优惠政策有可能在年底到期终止。北京市理财规划师协会会长、北京东方华尔金融咨询有限责任公司总裁刘彦斌也撰文指出：第一套房贷的7折优惠利率取消是早晚的事情。其原因是：实行7折优惠利率是政府的临时性措施,目的是为了刺激房屋购买，现在基本达到目的。再者因为贷款利率是根据央行的基准利率逐年浮动，目前又是利率低点未来是上升趋势等原因，所以该买房的还要买房,该还贷的还要还贷，利率不是买房的决定性因素。“贷款买房的人在买房时,就应该考虑到利率上升的因素,来计算自己的偿还能力。”而来自 “伟嘉安捷”的消息表明，以往多数业主不愿意接受购房人使用公积金贷款，因为公积金流程慢于商业贷款，会影响业主拿到房款的时间，而如今多数业主出于对政策未知的考虑，大部分人同意购房人使用公积金贷款买房，这也是导致公积金贷款交易量有所上升的重要因素之一。伟嘉安捷指出，其实在借款人资料准备齐全且配合办理的情况下，一般10个工作日左右即可完成批贷、放款。我要评论",4,1,0.7324209809303284
曾荫权担心资产价格升幅过急导致另一次危机十一月十三日，亚太经济合作组织(APEC)工商领袖峰会(CEO Summit)在新加坡新达城国际会展中心揭幕。香港特区行政长官曾荫权当日上午参与大会的对话发言。 中新社发 郑祚声 摄中新网11月14日电据香港大公报报道，正在新加坡出席亚太经合组织会议的行政长官曾荫权表示，美国的低利率政策已导致美元利差交易出现，令资金流向其它地方，助长投机活动。他担心一旦资产价格升幅过急，将可能导致另一次资产泡沫危机，因此各地政府应加强监察及合作。曾荫权说，香港经历九七年金融风暴后，已优化银行、金融和借贷制度，有信心香港能够在金融海啸后加快经济复苏。曾荫权昨日在APEC工商领导人峰会一场有关“规管金融及全球增长”座谈会上表示，上世纪八十年代末，日本为应付经济衰退，实施零利率政策，令资金因而流向亚洲其它地区。当时亚洲国家和地区未有留意热钱流动及资产价格上升至危险水平，结果引发亚洲金融风暴。曾荫权指出，目前美国低利率政策与当年日本情况相若，因为美元利差交易已导致资金流向其它地方。他说，“钱流到哪里，问题就在哪里”，目前在亚洲多个地区，包括韩国、中国台湾、新加坡和中国香港等，资产价格再度上涨，甚至资产价格的水平已与基本面不相称。他担心资产价格升幅过急，将有机会导致另一次资产泡沫危机，希望政府及企业界保持警戒，而各地政府应加强监察和合作。去年九月底美国爆发金融海啸，并快速蔓延至全球各个经济体系，不少国家或地区迄今复苏速度十分缓慢。曾荫权说，香港与亚洲各经济体一样，在九七年金融风暴一役累积了经验，并且优化了银行、金融和借贷制度，包括限制股票市场无货沽空、增加市场透明度、在促进市场发展及保障投资者之间取得平衡等，因此金融海啸爆发以来，香港的复苏速度较不少地区快，银行体系亦没有受到重大冲击，显示香港的规管具有一定成效。曾荫权表示，香港将会参考各经济体处理金融危机的经验，继续对抗金融海啸，有信心能够加快经济复苏步伐。不过，他说，香港必须留意可能出现资产泡沫，而金融危机的其中一个启示，就是不能过分依赖单一行业，所以施政报告提出发展六项优势产业。 我要评论,4,7,0.9307692646980286
"周迅财商度评分70(组图)评语:综合实力较强,但往往无心恋战 去年福建泉州市地税局透露,全年有20多位演艺明星在泉州市缴纳个人所得税,其中“冠军”是周迅,单笔税款就达31.3万元;而其处女大碟《夏天》一上市即突破3万张大关;随后,打印机、手机、糖果、洗发水厂商纷纷找上她,据悉每支广告报价都从7位数开始;新片《美人依旧》、《买办之家》、《恋爱中的宝贝》相继上档……周迅当上小富婆恐怕在很多人的意料之中。 只是钱到了她手里怎么花还真是件难事,因为她个性有点男孩气,平时连零食都懒得吃,穿衣服也不像同龄女孩那么挑剔,喜欢一些中档的休闲品牌,比如ISZUE、无印良品等。花钱最多也就是出席一些重要的活动,因为自己的尺寸比较小,一般得找设计师定做服装。 在经历了娱乐圈的风风雨雨后,在经历了情路的坎坷后,如今周迅终于找到了一位知心爱人,两人还将一起搬进那栋豪华的别墅——足够容纳30人开派对的大厅、绝对私人的游泳池、宽敞的屋后花园及网球场。无论是占地面积还是豪华程度,周迅、李大齐的爱巢都能媲美“鹏菲”俩耗资千万、用来相夫教女的“晴翠园 (论坛 相册 户型 样板间 地图搜索)”。 评委评语:被动型选手,防守能力较强,但缺乏主动出击的意识。 除了成为福布斯内地第一富姐,最近关于巩俐的新闻炒得最热的莫过于,16年前电视处女作片酬200元人民币与如今动辄200万广告身价的极大反差。据说当时还是中戏表演系三年级学生的她一件白衬衫配上蓝色牛仔裤的休闲造型,把学生时代的清纯模样展现得淋漓尽致。当年的她服装不少是在广州买的地摊货,一件只值几元钱。这样的当年虽落魄倒也落个清静自由,如今有了钱,怎么打理还真成了大学问:白衬衣、牛仔裤不能再随便穿了,否则2001年百花奖领奖台上的这身打扮也不会招来那么多非议;广告也不能接太多了,否则人家怀疑你老公下岗,靠你一个养家糊口…… 单靠房子升值,估计巩俐这辈子不干活也能养活自己了,当然前提是得节俭着点用。十年前公开价为5000元/平方米的房子,如今早已经涨到了一万多,购置房产搞投资的确是不错的选择。只是这片号称北京首家高档涉外的别墅区,不是一般老百姓所能够接触,十多年前就已经是响誉国际的巩俐当然除外。 评委评语:力量型选手,攻击力强,但进攻套路比较简单。 9岁时孤身来到北京和奶奶一起生活的她,在1995年写下了歌曲《喜玛拉雅》,奶奶拿出卖冰棍积攒的3万多块钱帮她拍了MTV,从此走上成名之路。艰难的成长经历给了她实打实的个性,如今专辑卖得再多、演唱会开得再火,该交给国家的钱还得交:前两年到呼和浩特演出就跟人家刘欢比着交税;去年底北京演唱会光门票收入就是200万也一样谁都不瞒。直到2000年她还住着集体宿舍,手边有了闲钱第一个想到的还是收养孤儿。 评委评语:综合实力较强,但不善于观察对手,容易一味陷入自己的套路中。 陈琳说音乐对自己来说就是一份喜欢的职业,而且它可以养活自己。有报道称,她的吉它由大师特制,价值2万多元。而像这样的吉它她共有4把,平时演出总带两把在身边,另外还有演出的麦克风和小型设备都是自己带的,每场演出的设备费用都要40余万元,是国内歌手中最高的一个。只可惜英年早逝。 评委评语:不适合参与专业性比赛,容易被对手误伤。 那英生性豪爽,赚得多也花得多。1992年夏天,她和姐姐那辛在北京民族宫附近的太平桥大街投资20多万元,开起了饭店,回头客挺多,盈利却不大,原来那英经常带一帮朋友免费吃喝,其他客人也都攀比:“既然来吃饭就是朋友,是朋友就该免单。”那英生性豪爽,最受不了斤斤计较,索性全免,弄得那辛哭笑不得。至今,那英这个能花钱的毛病,也没能改过来,“经常是挣的没有花的多,三花两花就花没了! 1995年,那英摆脱“山沟沟里头山不转水转”的状态,凭着专辑《白天不懂夜的黑》(尤其是其中单曲《雾里看花》)开始真正的走红。而同时,她还认识了生命中的男人高峰。 从此,那英的专辑越卖越好,钱越赚越多,房子也越买越多、越买越贵,十年下来,置业七处。最近的一次,她豪掷3000多万元,购置了毗邻东四环的目前北京最顶级的豪华别墅,比王菲的晴翠园别墅面积和价位都要高出1倍以上,无意中竟使自己成为娱乐圈明星中的“住房领袖”。 (媒体来源：中华室内设计网) 我要评论",4,2,0.7548413872718811
 盘点全球10个最环保城市之三波特兰特点：绿色建筑、发展轻轨波特兰是美国第一个将节能减排作为一项法律推行的城市。除了“绿色建筑中心”，该城市还大力推行环保交通工具，轻轨、巴士和自行车是波特兰市民主要的出行工具。为了鼓励更多市民选择亲近自然的生活方式，波特兰市政府在城内开辟了近56万亩的绿地以及长为120公里、供市民散步和骑脚踏车的专用道。新加坡特点：“零能耗”建筑作为亚洲的“花园城市”，新加坡在环保方面的努力一直有目共睹，长达12年的口香糖进口禁止令就是例证。2009年，新加坡第一座“零能耗”建筑也将竣工。这座由旧楼改造的建筑，能源利用率将比常规建筑高60%，屋顶采用总面积达1300平方米的太阳能板供电，并与公共电力网相连，可做到电力的互相补充，内部还装有感应器，能自动调节室内的冷气系统。多伦多多伦多特点：LED照明系统、深层湖水冷却系统早在2002年，多伦多为解决“热岛效应”(由于城市化发展，导致城市中的气温高于外围郊区的现象)，就已开始在城市建筑的屋顶种上绿色植物，改善环境质量。去年，多伦多宣布将用LED照明系统取代传统灯泡和霓虹光管，以节省用电，在维护夜景的同时，减少城市的光污染。此外，多伦多市的一些建筑将利用安大略湖的湖水冷却降温，以缓解电力供应。  我要评论,4,9,0.5526014566421509
迪拜危机启示录：空中楼阁迟早要倒塌美国拉斯维加斯，又一家奢侈至极的酒店在这个“罪恶之城”绽放。但此次，相较酒店豪华的各种天价服务和开幕典礼上的好莱坞群星璀璨外，似乎其幕后的主人更吸引人们的眼球--迪拜世界。仅仅一周前，迪拜世界这个名词牵动了世界每个角落的神经。11月25日，迪拜主权财富基金迪拜世界宣布，暂缓偿还债务。根据评级机构穆迪的估算，迪拜的债务预计接近1000亿美元。巨大的数额勾起了人们对去年雷曼兄弟倒闭以来那波汹涌澎湃的国际金融危机的回忆。汇丰、渣打、巴克莱、苏格兰皇家银行等在内的多家银行涉及在内。人们开始担心，我国是否也会因此受到波及。庆幸的是，国内几大商业银行随即申明表示，没有涉及迪拜世界、迪拜政府和其他相关迪拜主权基金及机构发行的债权。有所涉及的，比例也相当的小。记者致电多家研究所银行业分析师，均表示认为此事对国内银行业影响不大，目前没有特别关注。因此，公众的目光从银行投向了导致其债务根源的房地产业。迪拜世界的房产项目，现在已经成为了全世界最大的烂尾楼。而就在这债务问题凸显的时刻，其旗下的“重型”项目却闪亮登场。“城市中心”酒店的开幕，似乎使得地产行业最尴尬的一面展现在了公众眼中。反观我国的地产行业，近期拍卖地王频现，房屋交易价格再次飙升，种种迹象也让人们对其产生了许多担忧。有专家对记者表示，在高速成长时期，楼价和地价互相推动的背后，是资金的不断流入。在那些光鲜的大楼后被后默默支撑的是债券、贷款等各种负债工具。一个原本是沙漠中人口只有十几万的小城，在几乎没有任何实业的基础上，居然吸引了世界上各方的资金，建成了一个人口上百万的豪华都市。房地产市场的巨大利益诱惑在其中占据了重大的因素。不断高涨的楼市，加上免税的便利，使得国际游资疯狂涌入。在聚集了巨大资金后，其所投资的项目遍布世界，美国这次的拉斯维加斯“城市中心”项目，迪拜世界就砸了近50亿美元。这种推动与反推动作用，给予了人们一个璀璨的迪拜，但当问题暴露，留下的却是满目疮痍。“迪拜危机对我们而言更多的是警示作用。”中国社科院金融研究所中国经济评价中心主任刘煜辉在接受《证券日报》记者采访时如此表示。他认为，目前为止迪拜危机对我国银行业的影响不多，但由于有过全球金融危机的影响，心理上的波动是会有的。此外，刘煜辉还告诉记者，任何以过度负债支撑起来的价格上涨或资产泡沫都是需要高度警惕。因为一旦泡沫破裂，就会带来破坏性较强的连锁反应。相信通过这次迪拜危机的警示，国内更多的行业会关注本行业内的负债和泡沫，对于投机性行为和高风险项目将会更加冷静。我要评论,4,9,0.9345505237579346
货币政策明松暗紧 银行放贷将现分化 本报记者 张晓赫 北京报道中央经济工作会议定调的“相对宽松货币政策”并没有完全打消市场上浓郁的政策收紧预期。“尽管定调没变，但2010年国内所面临的大环境与今年会有很大不同，不可能再像今年这样出现信贷天量了。”中国工商银行总行风险管控部人士认为，中央经济工作会议报告中“管理通胀预期”、“增强针对性和灵活性”、“把握好货币信贷增长速度”等要求的出现已意味着政策开始变化。可以佐证的是，中央经济工作会议召开后，央行与银监会鱼贯而出的把握信贷增量以及彻查信贷风险的警示与行动。而在包括摩根大通在内的机构解读中，这已经被看做是明年货币政策微调、明松暗紧的铁证。中信证券银行业研究员朱琰表示，与微调的货币政策相关，监管部门对银行业的监管指标也会趋紧，在此环境下，2010年各商业银行的放贷规模会进一步差异化。“大银行、城商行以及顺利融资的股份制银行信贷规模会进一步扩大。”明松暗紧的货币政策尽管日前的中央经济工作会议最终确认货币政策不变的信号。但对比2008年的中央经济工作会议全力保增长的基调，今年添加的众多修饰性词汇已经开始显示此次政府定调的微调。“其实这已经在意料之中，毕竟经济已经开始回暖，下阶段除了继续稳固经济恢复基础，还要调整经济结构，保证整体的平衡性。”中央财经大学中国银行业研究中心主任郭田勇表示，监管层不会让信贷大起大落，但出于银行体系风险防范也会适度加强调控力度。此前，今年前10个月高达8.9万亿元新增人民币贷款一度让市场紧张是否会引来明年严厉的政策收紧。这种担心在上述工行人士看来不无道理，“上半年的经济回暖更多的是依赖于海量的信贷支撑，如果市场根基没有稳固，盘子越大，滋生泡沫的可能性就越大，积累在银行系统的信贷风险也就越大，监管层也在一直关注这个问题。”这种担心，在此次中央经济工作会议中已经开始显现，尽管2010年防通胀仍然让位于持续稳定经济增长，但“管理通胀预期”已经被提及。与之相呼应，中央经济工作结束后，央行表示未来要控制信贷增长速度，银监会也通知要求各商业银行排查今年前10个月的信贷风险。“如此看来，明年的货币政策在实际执行中基本上会是明松暗紧的状况，监管层对银行会通过存款准备金率等监管指标以及其他杠杆政策来进行微调。”郭田勇表示。在此解读下，各机构对于明年商业银行新增贷款规模的预期都有所下调。中国民生银行地产金融事业部市场总监叶天放认为：“按照2009年贷款余额40万亿元，2010年增速17%~18%计算，2010年新增贷款规模会在7万亿元左右。”摩根士丹利的预测稍高，在7万亿~8万亿元之间。而对于监管层有可能使用的微调工具，中信证券分析师朱琰认为，最优先的监管措施应当是对存贷比、资本充足率等监管指标的监控。“资本金及核心负债将成为影响信贷规模的重要变量”。除此之外，调整存款准备金率、利率的预期也开始增加。“明年存款准备金率将有1.5~2.5个百分点的上调空间，且会优先于利率使用。”叶天放表示。而随着中央经济工作会议继续稳定增长的定调以及市场对于中国将后于美联储加息的判断，各机构也纷纷下调明年中国加息的力度，并将加息时间预测为下半年。中信证券最新发布报告表示，2010年中国加息时点最可能出现在下半年，次数为1~2次。银行放贷分化值得注意的是，一旦货币政策趋紧，监管层与银行的博弈便开始浮出水面。如今，面对货币政策再次趋紧，市场上的大宗资产价格虚高呼声四起，银行普遍中长期负债过高等问题，各商业银行未来的放贷态度则再次引起了市场的关注。“各银行的确面临一系列的系统性风险，但总体来说，由于2009年的市场基本面回升，明年的企业信贷需求会有所增加，资产质量也会有所提升，这一定程度上会吸引银行的放贷。”上述工商银行人士认为。所谓的系统性风险，在业内人士看来既包括大量泡沫风险集中在银行体系，也包含了过去一年中各银行信贷增长严重的结构失衡，国家统计局数据显示，在过去10个月的天量信贷中，超过半数都是以基建、个人住房按揭等为主的中长期贷款。“这意味着银行资产流动越来越差，如何高速且稳健运行是每家商业银行都要面临的问题。”叶天放表示，银行资产的固化也大大加剧了银行的系统性风险，未来各商业银行则需要通过再融资以及发债等证券化手段来补充或增加流动性。但显然各商业银行年底“跑马圈地”的热情，已然昭示了放贷吸引力已大大抵消了对于系统风险的担忧。对此，朱琰表示，在货币政策以及监管指标双向趋紧的情况下，明年的信贷市场可能会产生分化。“资本充足、经营战略激进的银行放贷规模会有进一步增长，这中间包括四大国有银行、城商行以及顺利融资的股份制银行”。而事实的确如此。在今年年底的银行圈地运动中，各城商行的放贷比重显著提高，而四大银行则以地方政府、大型央企为对象协议授信。从授信额度来看，这些协议涉及的贷款金额少则几十亿，多则数百亿，其中还不乏接近千亿的大单。上述工行人士表示，目前工行指定的明年信贷目标并未受信贷微调影响。而叶天放也表示，在金融风险可控范围内，民生银行将继续拓展信贷业务，并为地产金融提供一揽子的打包服务。点击进入本刊更多内容：（中国房地产报）订阅热线：800-810-0909我要评论,4,1,0.8105360269546509
欧洲公馆绿化设施绿化设施：在园林规划中，欧洲公馆为维护宗地原生机理，贯彻尊崇自然的宗旨，增设了双园绿化配置。内花园保留了两棵百年古槐和众多原生树木，造就了丰富的绿植景观；外公园通过兴建大面积绿化、溪水、健身设备，为社区业主打造一个宜人、养生、休闲的场所。我要评论绿化设施：在园林规划中，欧洲公馆为维护宗地原生机理，贯彻尊崇自然的宗旨，增设了双园绿化配置。内花园保留了两棵百年古槐和众多原生树木，造就了丰富的绿植景观；外公园通过兴建大面积绿化、溪水、健身设备，为社区业主打造一个宜人、养生、休闲的场所。我要评论,4,3,0.6366860270500183
传郭晶晶欲落户香港战伦敦奥运 装修别墅当婚房    首届中国跳水明星系列赛武汉站的比赛昨晚落幕，“跳水女皇”郭晶晶并没有像之前媒体报道的那样前往参赛。前天，中国跳水队领队周继红表示郭晶晶将以“休养”为由淡出，并称“并不排除退役的可能”，这立即引起人们的猜测：难道郭晶晶和霍启刚的好事将近？据香港媒体昨天报道，郭晶晶不惜放弃明年的广州亚运会，原因就是她将在明年嫁入霍家。他们的理由有两点：其一，郭晶晶已准备装修前段时间霍家所赠的北京五环外一高档别墅；其二，霍家已着手准备通过“优秀人才入境计划”(简称“优才计划”)为郭晶晶尽早落户香港。休养实为退役做铺垫据记者了解，郭晶晶这次以休养名义暂别泳池，实际上就是退役的“温和式”说法，一位跳水队内部人士告诉记者，“谁都不希望这么优秀的运动员退役，但她已到了结婚的年纪，这次休养其实就是退役，只是为了给大家一个可以接受的空间和缓冲而已。”其实，周继红前天的表态中就非常“暧昧”，“(郭晶晶)在明年一年的恢复期内，如果情况好，可能重新恢复训练，如果不好，也许就退役了。”而据郭晶晶的一前队友透露，霍启刚其实很传统，老早就不想自己的未婚妻在外抛头露面了，“加上两人聚少离多，霍公子本来就不舒服，也劝过郭多次，而郭很在乎两人的感情，也很在乎自己的事业发展，随着北京奥运夺冠，郭晶晶终于可以‘让爱做主’了。”装修豪宅作北京婚房现在，越来越多的迹象都在表明郭晶晶和霍公子的婚期已近。昨天，香港一媒体爆出郭晶晶正准备装修去年霍家所赠的价值3000万人民币的豪华别墅，并称“这很有可能就是他们俩在北京的婚房！”据说，这套别墅位于北京海淀区四季青镇门头村，在五环以外。据记者了解，该楼盘的中式院落独栋别墅面积为300—550平米之间，另外，每栋别墅送150平米的地下室。该别墅在2007年的预估开盘价就高达55000—60000元/平米。难怪媒体都将这一带的房子称作“北京顶级私人豪宅群落。”另外，香港众多娱乐狗仔近日都在霍家大宅薄扶林沙宣道33号门口跟拍，希望能捕捉到一些霍家筹备婚礼的细节。目前霍家大部分成员都住在这栋估价4亿港币的豪宅内。申请参加香港“优才计划”一方面，香港媒体对郭晶晶准备将北京的豪宅装修认作“出阁”的前奏，而另一方面，有消息称，郭晶晶已向国家体育总局申请，准备通过香港地区推出的“优才计划”落户香港。“优才计划”是香港2006年推出的引入优秀人才落户的特别通道。郎朗2006年11月27日正式成为香港居民，成为该计划启动后的首批名人。当时，奥运冠军伏明霞、钢琴王子李云迪等均在首批入选之列。以奥运冠军的身份，加上“准公公”霍震霆极广的人脉，郭晶晶通过这条路落户香港应该不成问题，当然，前提是必须先获得中国跳水队和国家体育总局的同意。现在距离伦敦奥运尚有一段时间，如果郭晶晶落户成功，到时状态允许的情况下，她届时代表中国香港参加伦敦奥运会也不会令人意外。本报记者 谢礼恒我要评论,4,3,0.9875355362892151
北大五学者建言的背后故事12月7日上午11时半，我赶到了北大法学院5楼会议室，在现场看到了姜明安、沈岿、王锡锌、钱明星和陈端洪五位法学学者。签字时，姜明安老师看到身份证号码时还在问，非要写上身份证号码吗？沈岿跟他说，这是证明建言者是中华人民共和国公民。沈岿第一次看到唐福珍自焚的视频时跟学生们在一起。他非常感伤，特别的郁闷：一个公民在机器面前，以及在机器背后的政府面前太柔弱了。当时他失态了。谈到这段的时候，我还能听出沈岿声音的变化，仍能感觉到他细腻的感情和内心的郁闷。他说，不知道自己会不会哪天也面临被拆迁的问题，但起码他的亲属中已经有人面临这个问题。沈岿曾在2003年 建议全国人大常委会，审查《城市流浪乞讨人员收容遣送办法》，当时是因为大学生孙志刚的死亡。当时的结果是一个月后国务院宣布废除《收容办法》。这次又是在一个公民唐福珍自焚而亡的情况下，他又参与建议全国人大常委会审查《城市房屋拆迁管理条例》。他接受采访时流露出一丝无奈，为什么非要用公民的死亡来换取社会和相关部门对不合理法律法规的改变，用他的话说，就是“挺悲哀的”，应该有人站出来。除了学者，沈岿特别强调自己的公民身份。在本报就他们建言事件报道时使用“上书”的字眼，他感到不适。现在是公民时代，在法律上明确了公民“建议”的权利。作为老师，沈岿不只一次跟我说学生在建言起草过程中起到的作用，以体现对这些学生劳动成果的尊重：成协中、林良亮、孙宇和薛启明这几名博士生帮助他们收集了相关资料。虽然国务院法制办副主任郜风涛并不认可学者建言与召开相关专家座谈会之间的因果关系，但不可否认的事实是，五名参与建言的学者都得到了邀请，只有陈端洪因为事先安排其他事情而没有参加而已。沈岿事后说，新的条例草案与他们建言的内容基本一致。不过，就在他们参加座谈会的当天，媒体报道了海淀区席新柱自焚应对拆迁的事情。用沈岿给我回的一条短信的话说，那就是“路途还漫长，农村大片土地和房屋还要我们密切关注”。□郭少峰(新京报中国新闻记者)我要评论,4,5,0.4446779191493988
朝鲜拟建10万套高级住宅 居民可免费入住中新网12月22日电据韩国《朝鲜日报》报道，朝鲜每月发行的画报《朝鲜》12月20日介绍了平壤万寿台街的重建公寓园区计划。万寿台街位于平壤中心地带(中区)，泛指万寿台议事堂周边地区。朝鲜根据国防委员长金正日的指示，目前正在推进到2012年在平壤新建10万套住宅的项目，而万寿台街重建项目就是其中一环。在去年七月之前，万寿台街还是5层以下的旧公寓园区(600多户)，但是最近已经蜕变成6到18层的新型公寓园区(800多户)。虽然住户数量没有大幅增加，但每户的居住面积却扩大到100平方米以上。从朝鲜公开的公寓内部照片看，内设西式洗手盆、浴盆和阳台等设施，同韩国公寓没有太大区别。另外，阳台上还特别设置了存放泡菜缸的仓库，可谓是别具特色。金正日在工程竣工之后表示：“这是反映党的构想和意图的最高级现代住宅。”朝鲜称，现有居民和新入住的居民都是免费获得了新住宅。(本文来源：中国新闻网)我要评论,4,7,0.9141209125518799
"香港诞生天价新铺王 尖沙咀两铺位8.43亿创新高中新网12月22日电 据香港《文汇报》报道，正当大家对天价楼王还议论纷纷之际，香港又诞生天价新铺王，英皇国际(163)昨日以?价69.55万元，购入自由行客人流极旺的尖沙咀广东道6号及8号两个相连铺位，实用面积共1212?，总价8.43亿元，成为全港最高成交?价的新铺王。报道称，消息人士表示，尖沙咀新铺王原由本地一名实业家族持有，今次为英皇国际与业主直接交易，主要是该业主同时拥有广东道6号及8号两个相连铺位，实用面积约1,212?，建筑面积约1,400?，现时均租予英皇珠宝。此前，香港最贵?价的商铺是2006年3月成交的旺角星际城市地下13号铺，面积40?，?价51.5万元。我要评论",4,7,0.6102516055107117
温家宝提出四项措施抑制房价过快上涨新华网北京12月27日电中共中央政治局常委、国务院总理温家宝今天下午3时在中南海紫光阁接受新华社记者独家专访，就当前经济形势、明年经济工作和其他问题回答记者提问。在回答网民关于房价的问题时，温总理提出抑制房价过快上涨的四项措施。[新华社记者]一位网民说房价涨得太快了，一平方米每个月竟然涨了一千块钱，他们想请总理谈一谈房价的问题。[温家宝]我就知道网民关注这个问题。因为我每天上网看到大量网民的意见，甚至很尖锐的批评。因为房子对于每个人来讲都关乎他们的切身利益。今年房地产有了比较快的恢复，但同时房价在一些地区和城市上涨过快，也引起了中央高度重视。其实如何使房地产建设能走入一个健康的轨道，首先还需要弄清楚政府要做什么，市场要做什么。既发挥市场的机制，又发挥政府调控的作用。在这里我只讲一讲政府应该做的事情。第一件事情就是要加大安居工程的建设力度，加快棚户区的改造。对这两项工作，在资金、土地以及税收上，都要给予优惠和保障。第二，要鼓励居民购买自住房和改善性的用房。但与此同时，要采取措施抑制投机。中国的国情决定了我们的住房必须坚持安全、经济、适用和省地的原则，特别要重视中小套型和中低价位房屋的建设。第三，要运用好税收、差别利率以及土地政策等经济杠杆加以调控，稳定房地产的价格。第四，要维护房地产市场秩序，打击捂盘惜售、占地不用、哄抬房价等违法犯罪的行为。我觉得只要政府有决心解决这个问题，而且不是头痛医头、脚痛医脚，而是经过深入调查研究，统筹考虑各方面的情况，制定长远的规划和政策，使我国的房地产有一个稳定发展的局面，这是可以做到的。谢谢。我要评论新华网北京12月27日电中共中央政治局常委、国务院总理温家宝今天下午3时在中南海紫光阁接受新华社记者独家专访，就当前经济形势、明年经济工作和其他问题回答记者提问。在回答网民关于房价的问题时，温总理提出抑制房价过快上涨的四项措施。[新华社记者]一位网民说房价涨得太快了，一平方米每个月竟然涨了一千块钱，他们想请总理谈一谈房价的问题。[温家宝]我就知道网民关注这个问题。因为我每天上网看到大量网民的意见，甚至很尖锐的批评。因为房子对于每个人来讲都关乎他们的切身利益。今年房地产有了比较快的恢复，但同时房价在一些地区和城市上涨过快，也引起了中央高度重视。其实如何使房地产建设能走入一个健康的轨道，首先还需要弄清楚政府要做什么，市场要做什么。既发挥市场的机制，又发挥政府调控的作用。在这里我只讲一讲政府应该做的事情。第一件事情就是要加大安居工程的建设力度，加快棚户区的改造。对这两项工作，在资金、土地以及税收上，都要给予优惠和保障。第二，要鼓励居民购买自住房和改善性的用房。但与此同时，要采取措施抑制投机。中国的国情决定了我们的住房必须坚持安全、经济、适用和省地的原则，特别要重视中小套型和中低价位房屋的建设。第三，要运用好税收、差别利率以及土地政策等经济杠杆加以调控，稳定房地产的价格。第四，要维护房地产市场秩序，打击捂盘惜售、占地不用、哄抬房价等违法犯罪的行为。我觉得只要政府有决心解决这个问题，而且不是头痛医头、脚痛医脚，而是经过深入调查研究，统筹考虑各方面的情况，制定长远的规划和政策，使我国的房地产有一个稳定发展的局面，这是可以做到的。谢谢。我要评论,4,7,0.9644774198532104
陈良宇仍着西装独居套间据《羊城晚报》 秦城监狱位于北京市昌平区小汤山镇附近，它因关押中国最高级别的犯人而被称为“中国第一监狱”，过去改造高级战犯，上世纪90年代以来，关押的主要对象是省部级贪腐官员，因而吸引着公众的注意力。陈希同和陈良宇便关押在此。陈希同已是直肠癌晚期陈希同是“四人帮”之后被监禁的最高级别的官员之一。他曾历任北京市长、北京市委书记、国务委员和中央政治局委员。1998年2月27日，陈希同因侵吞贵重物品、腐化堕落、牟取非法利益、严重失职等问题被逮捕。1998年7月31日，经北京市高级人民法院审判，陈希同以贪污罪及玩忽职守罪被判处有期徒刑16年。在监狱里，有时候因为自己的要求被看管人员拒绝，陈希同会大吼大叫，称自己是“北京的大贪污犯老陈”。2004年，陈希同曾因健康问题，被紧急送往北京复兴医院。这次突然发病后，陈希同向相关部门领导写信，以“心跳异常、心血管供血不足等老年疾病”为由，要求“保外就医”。后经协调，自2006年8月下旬起，陈希同获得有条件的保外就医。自今年4月中旬开始，79岁的陈希同在住进北京医院高干病房救治后，院方已多次发出病危通知。陈希同已是直肠癌晚期，还有并发的心脏病，基本只能依靠药物维持生命。陈良宇在狱内仍着西装2007年7月26日，原中共中央政治局委员、上海市委书记陈良宇被正式逮捕，后来一审判处有期徒刑18年，关押进秦城监狱。据了解，陈良宇是被关押在一个接近20平方米的套间里。这是秦城监狱重要犯人的单间监室，内有单独的洗手间、坐式马桶等。牢门是铁皮包着的木门，门上方及厕所都有“窥孔”，供哨兵24小时监视之用。陈良宇的房内设施只有一张距地面约一尺高的矮床，需要写材料时，看守会送进一张小学生用的单人课桌供临时使用。没有凳子，床铺就是他平日坐的地方。墙壁也经过特殊处理，以防止其自杀。陈良宇的监室设有三道岗哨，有一个独立分队负责贴身看守他。除了没有自由，他可以看报纸，看内容受限的电视，还可读书、写材料。服刑期间，陈良宇可以不着囚服。他多数时间还是穿西装，但不打领带。他平时可在有规律的生活中打发时间。比如，在每天9点到10点的单独放风时间，陈良宇一般会从监室门口开始打太极拳，打到放风地的门口再回去，或者散步。但他到哪儿，两名看守就跟到哪儿。据陈良宇的辩护律师高子程透露，他曾于今年上半年随其家属探视过陈良宇。他说，63岁的陈良宇现在两鬓斑白，但精神状态比被“双规”时要好很多。■牢房揭秘配有写字台洗衣机在秦城监狱，特殊囚犯的生活待遇，会比在普通监狱优越。据近年走进或接触过秦城监狱的有关人士描述，秦城监狱关押高官的牢房除了面积较大，有的还配有写字台、卫生间、坐式马桶和洗衣机。一些在押官员除了“可看书读报”，每天还有一段时间可看电视，一般集中在晚上7点到9点。某些身体欠佳的特殊囚犯，饮食可一日四餐，用餐标准和费用由国家规定和支付，家属亦可私下打理。如衣服、日用品等基本生活用品可由家人提供。监狱虽有统一囚服，但这里的囚犯一般可不用穿。我要评论,4,3,0.5358502268791199
品质背后是管理系统做保证四、细致而周到的户型设计及室内装修星河湾从广州到北京始终都是做精装修的成品房，在房子开始建筑设计之时就结合了精装修的理念，从户型设计，平面布局到水电等专业设计始终都围绕着土建装修一体化的概念展开，在图纸设计阶段投入了大量的时间和人力，解决了大部分的系统综合问题，从而确保了施工阶段的顺利进行。其本质是以作五星级酒店的手法和理念来做住宅，利用多年来成熟的工艺做法和处理手段，创造出和普通楼盘不一样的居家环境。1.户型和空间设计经典周到星河湾经过广州一到四期，再到北京对户型的总结和变化已经有了一个很成熟的总结和发展，不仅形式多样，能够照顾各类人士的需要，而且还根据南北环境和居住习惯的不同，重新调整丰富了户型结构和比例。北京星河湾已建成的户型有60余种，所有户型均为大面宽小进深。户型多种多样，布局、功能等均比较理想；装修标准高，用材和设备基本上以进口材料和品牌为主。2.舍得选用丰富的高档材料舍得在装修材料的选择和运用上花钱，对各种高档装修材料合理的综合使用，充分体现了星河湾人的水准和装修理想。高档进口石材的大量运用，几乎每个房间都能看到石材运用的效果；此外还对一些高档装修材料进行运用，如高档马赛克、深木色为主的木装修、能消除墙面感觉的镜子、光芒四射的水晶吊灯、主卧室的浅色地毯等等。3.人性化和细节的考虑星河湾在做产品的时候始终是秉承“人性化”原则，对于细节的考虑深入而全面，不放过任何一个微小的细节，让业主时刻能够感到设计建造者的用心精细。每一个转角、每一处接口、每一处细微的差别都体现出了对产品品质不断追求的努力。例如：同样材质不同颜色的区分；天花交接处理；不同种材质和同材质的之间精致、巧妙的交接处理；安全性的设计；经久耐用性的设计；使用便捷的设计；地面材料铺贴方式的设计；能消除墙面实体感，增大空间感的银镜的运用；阳台落水口的下凹处理以及推拉门的导轨保护等。五、系统而精益求精的施工管理 1.独特的工程管理组织架构宏宇集团在工程营造方面既使用普遍的工程管理框架结构，同时结合自身特色，创新的设立了一些特有的管理方式和团队。设置主管景观设计、施工管理的高层管理者，景观工程与土建结构施工管理分开，形成独立的以效果、艺术感染为宗旨的管理团队。 2.严格的管理流程北京星河湾以工程建设品质为第一要务，在现场管理中采取简洁的操作程序，工作效率和效果显著。简洁的变更审批程序：变更审批基本在现场确定，基层员工根据公司品质的一贯要求，现场完成一般变更审批；老板现场办公进一步加快决策和实施；畅通、便捷的部门沟通和跨专业沟通：部门经理基本解决跨部门、跨专业的沟通，争执和误解在公司中层管理者的工作中得以解决。3.规范的工程施工管理星河湾人为了实现品质住宅全成品建设工程，用心地分析每一个工序、每一个工作细节，将品质地产在工程建设阶段推至极致。规范的整体工序：对整体施工顺序、单项施工顺序、细部做法施工顺序整体进行了规范；安排有效控制建设周期：如在外立面施工阶段插入景观大型乔木的移植、景观施工，控制总体工期；严格的施工时间控制：北京星河湾将树木移植时间全部安排在五一之前，确保全冠移植的实现，在景观建成初期就完整体现园区景观特色。4.精益求精的工程施工标准对每个细部节点精益求精，细节处理在北京星河湾比比皆是。整个小区整体观感近乎随意，近乎自然，但每个节点又极其精致，无数精细节点组成了整体精品小区。例如：直接拼接的路牙石，室内标准的室外木栏杆铜包件，精装修细节，暗藏式的道路雨水收集系统，土壤改造，5000吨黄蜡石的堆砌等。六、实用而灵活的材料采购及成本控制 1.严格而灵活的成本控制星河湾的成本控制在房产开发管理流程的基础上有所创新，既确保了工程品质，又缩短了审批时间，同时也合理控制了工程成本。工程招标，以邀请长期合作伙伴进行招标或议标；建安工程招标，所有材料均由承包人采购。室内装饰装修工程议标，所有石材等主要装饰材料均由业主采购，同时业主给出较高的人工、机械及辅材单价。景观工程议标，提前选苗、采购、假植于苗圃。工程款支付，抢工阶段采取半月一支付方式。迅速、灵活的价格确认，现场办公解决品质、成本等问题。设计、施工、成本相互沟通，全面考虑各系统工程成本。如室外管线施工前，先确定各系统间的总体布置，再明确排水坡度及雨污水的布置。2.舍得投入、品质第一的材料采购一般房地产公司运作中材料采购是为实现成本目标而服务的，北京星河湾的材料采购和成本控制没有严格的相对制约关系，虽然舍得投入，但对整体投入又有总控指标。采购过程，材料采购与设计人员同时参加；价格审批，设计人员确认后当时电话请示决定是否采购；苗木采购，景观设计人员承担第一责任；总控成本指标可沟通调整，指导思想是品质，然后是时间，最后才是价格；价格审批以设计效果为主，品质决定各阶段成本；迅速有效的价格确认制度；公司领导每周不少于一次现场办公；积极保障施工单位权益；材料选用紧跟时代步伐；尊重设计师的设计成果；密切关注国际市场产品的更新。七、合纵连横的综合管理及统筹 星河湾提出全成品开发是一种高难度开发，是对产品生产和管理模式的挑战，因为生产管理必须做到合纵连横。横向理解，做到全成品开发，就要从产品设计、环境设计、室内装修设计、物业管理服务设计等方面都环环相扣，不能割裂，交叉施工很普遍。纵向考察，产品设计线从规划到施工到监理必须对缝很准，不能走样。用星河湾设计总监的话说：“设计公司给我们出一百张图，我们拿过来后，吸收他们的设计精华，要出同样多的一百张图，这样才能让设计思路变成可执行的方案，同时还能与环境或室内装修相衔接。”1.最高领导对品质的坚持与支持非常重要宏宇集团的最高领导在广州、北京星河湾建设过程中始终站在项目建设的最前线，是产品最终实现优质、创新突破的第一保证。2.成功依靠团队的合作星河湾项目在工程建设过程中也不断出现争执，但各级员工、各部门经理、主管副总都能很好的沟通和解决。3.始终保持清晰的目标星河湾建设目标是打造地产界的劳斯莱斯，在这样的目标指引下，去确定各种配件的品质，确定各阶段的成本。4.和有共同理念的合作伙伴共同成长以精装修施工单位为例，和星河湾合作的单位最初有30多家，目前合作的仅剩5-6家，这些单位都是通过和星河湾的合作得到了市场和甲方的认可，实现企业的不断壮大。材料供应商在和星河湾的不断合作中也在得益，开发商务必对材料商进行引导和指导，从而在材料方面实现对产品品质的保障。我要评论,4,3,0.9684388637542725
海南回应试水博彩业：绝不开逾规设赌场长江日报1月7日报道 昨天上午，海南省在国务院新闻办举行新闻发布会，海南省委书记卫留成和海南省省长罗保铭就海南推进国际旅游岛建设等问题回答了记者的提问。卫留成认为，国务院《关于推进海南国际旅游岛建设发展的若干意见》是从旅游业作为切入点的，对海南的经济社会的全面发展提出了系统的要求和一系列的措施，抓住这个机遇，落实这个措施，就可以缩短我们和发达地区发展的差距。卫留成指出，首先要抓好国际旅游岛建设，用国际的视野，高水平、有特色的做好旅游岛建设的规划。使旅游业真正成为海南的主导产业，带动海南经济社会的全面发展。海南发展彩票比其他地区有一定空间在谈到“探索发展竞猜型体育彩票和大型国际赛事即开彩票”问题时，海南省长罗保铭表示，国务院这次在文件当中明确了探索发展竞猜型的体育彩票包括大型国际赛事的即开彩票，这是在彩票方面为丰富海南旅游娱乐的产品给开了一个政策口子，是带探索性的。相比于其他地区就有一定的空间，但是这个空间绝不意味着要突破国家的现行法律在这方面的有关规定。卫留成在会后接受记者采访时也明确表示，海南绝不会像象澳门一样开设赌场，也不会有其他赌博产业。将引进大型免税集团建设经营免税店海南省委书记卫留成在海南国际旅游新闻发布会上表示，海南将引进大型免税集团或大型商业公司，建设经营免税店；推出海上旅游等一批新的特色旅游产品；启动建设航天主题公园、热带海洋公园等一批大型旅游项目；对主要旅游基础设施、旅游路线的标识系统甚至包括旅游厕所进行全面改造；策划组织一批有影响力的文化娱乐、节庆、体育赛事活动。适度发展高尔夫业不占用一亩基本农田海南省长罗保铭6日表示，不清楚海南“新建22个高尔夫球场”的事情，并表示海南发展高尔夫绝不违反土地总体利用规划，不占一亩基本农田，并在国务院政策允许的范围内来适度发展高尔夫产业。三亚房价未到1.1万元在回答记者“央企背景的开发商进驻海南岛会不会对海南的地价和房价形成推动”等问题时，罗保铭表示，这几年海南旅游房地产总体的市场是上升，主要是岛外的需求。此外，虽然商品房的价格上升的，但是也没有像媒体报道的那样涨得那么凶。据2009年1至11月份的统计，全国70个城市包括省会城市在内，三亚的房价截止到目前为止是不到11000元一平方米，在全国排第8位。海口商品房的均价不超过6000元一平方米，海口的涨幅比原来涨13%，三亚的房子涨6.6%。罗保铭说，海南房地产的需求主要来自于岛外，统计下来，海口60%、三亚80%-85%商品房是由岛外来购买的。(据中国网、京华时报)我要评论,4,7,0.6051057577133179
揭秘乒坛一姐张怡宁婚房(图)     去年10月18日，乒坛一姐张怡宁在北京某豪华酒店完成大婚，其老公徐威是金融界的一位成功人士，徐威身旁的一位朋友透露其身家“以亿为单位应该没问题”。而在去年3月福布斯公布的中国名人榜上，张怡宁的打榜收入是1345万元。千万富姐找到上亿身家的超级金龟婿，两人的婚后生活状态随之备受外界关注。就在张怡宁结婚前半个月，有人就拍到她搭乘徐威的豪华座驾路虎外出扫名牌衣物，随后坐车回到位于北京东直门附近的万国公寓。日前，本报记者专程前往北京，探秘张怡宁居住的这处豪华公寓，没想到她的这处公寓竟是租的，但一年的租金都可以在其他二线城市买套房子了。每月花6万 租住300平米高档公寓张怡宁居住的是一处32层高的独栋公寓，位于北京黄金地段，该公寓只租不卖，价格不菲。记者从公寓租赁协调处了解到，这栋32层高的公寓有不同面积的套房，其中最小的213平米，最大的达到600平米。在这栋公寓中，213平米的套房是相对最差的，分布在6层，西北朝向，但租金却高达2.9万元一个月。“随着楼层的升高，景观不同，因此越往上的房子越贵。”工作人员告诉记者，最好的600平米的套房都在25层以上，但近期已经没有空房可租，每套租金高达13万元一个月。张怡宁两口子的身家加到一起早已上亿，不过他们没有选择600平米那种最好的套房，而是挑了一套面积中等的。“她住在15层，是一套314平米的公寓。她那套房子在那个户型里面算很好的。”据悉，公寓的14至15层都是314平米的套房，但15层更好一些，租金也相对更高，“14层的每套是5.3万元一个月，她住的那种每套租金是6万元一个月。”据悉，该公寓的套房起租时间至少为一年，这意味着张怡宁光是租房子一年就要花掉72万元，而这笔钱在中国不少二线城市已经可以买套不错的房子。只是这72万元对张怡宁来说根本不算什么，而这些钱也不需要她掏腰包。“她不是以自己的名义租的，是以其他人的名字。”工作人员以保护隐私为由，拒绝透露租房者的信息。不过据记者了解，租这套房子的人很可能是徐威，因为徐威主要做对冲基金，现在香港和北京都有自己的事业，他很可能需要两地奔波，这样在北京租套高级公寓暂时落脚更显得合情合理。    低调隐蔽 常从后门出入按理说，张怡宁租住的豪华公寓如此昂贵，应该很容易找到。但实际上，记者询问了东直门周边的一些出租车司机，他们并不太清楚。记者在公寓外看到，公寓实际上处于东直门外小街上，这是一条单行道，门口车辆很少，略显冷清。不过，这是北京入行较早的服务式公寓，物业由美国一家品牌公司在管理，具有国际化高品质的服务。有熟悉这栋公寓的人告诉记者，这栋公寓从来不需要做宣传，但里面住的都是来头不小的人物，“这里准确的地理位置应该叫做第二使馆区，很多外籍人士在这里租房子，比如领事馆参赞等。”张怡宁是北京人，此前她一直与父母住在右安门外的开阳里小区，那里紧邻南二环，闹中取静。张怡宁住在那里是因为距离总局训练局很近，另外也可以避免住在高档社区引来的“名人烦恼”。不过，从婚前两个月到现在，张怡宁开始挪到这处高档公寓居住，随之而来就无法免除被“追踪”，这也让她一度开始改变进出公寓的方式。公寓正门的门卫告诉记者，在两三个月前还常能看见张怡宁，“她还挺客气的，有时会跟我们打招呼。但后来没怎么看见她了。”据记者打探，张怡宁并没有很快消失，只是被曝光住在这里后，她更多选择了从后门进出。有人曾看到张怡宁晚上回公寓，为她开车的司机分外小心，总是在外面兜一圈才在后门停下，“司机的警惕性很高，张怡宁下来后，有时候会看见她家阿姨陪着一起。”身份特殊 物业召开“张怡宁会议”据了解，这处公寓除了高标准的服务，里面高档游泳池、健身会所、图书馆、后花园等等一应俱全。而该公寓的安保措施更是到位，前台只要见到不熟悉的人走进去，都会盘问一番，他们甚至练就了“火眼金睛”的本领。“除了客人，我们还认得客人的朋友、阿姨等等，但不住在这儿的人我们更能辨认得出来。”关于张怡宁，前台接待说她确实在这里住，而且是惟一住在这儿的体育界人物。“住在这里的大多是商界的人，也有外籍人士，很少有体育方面的人，张怡宁大家都认识。”据接待介绍，张怡宁虽然住在这里，但没有接受公寓的高级管理服务，而是由自己请的阿姨照顾生活起居，“她家阿姨来这里的次数比较多，我们都眼熟，我们这儿像她这样的情况也比较多，有些人完全不需要公寓提供的管家式服务，保姆都是自己带来的。”在与记者聊天中，前台接待以不能泄露客人隐私为由，拒绝谈更多关于张怡宁的信息，他甚至还轻描淡写地说：“可能在体育界眼中，她算个大腕儿，什么都值得关心，但说实话在我们这里的客人中，她也不算什么腕儿。”尽管前台接待这么说，但记者还是通过侧面了解到，此前张怡宁被曝光住在这里已经引起公寓管理方的重视。“张怡宁进出这里被人拍到了，还登上了报纸，我们公寓物业专门开会讨论了这个事情，重申了纪律，就是要保护好客人的隐私。”记者手记乒坛明星忙转型对胃口来说，多多益善不是好事。山珍海味吃多了，看到一盘青菜加块泡菜才会口水滴答，食欲大增。看电视剧也一样，只有正义完美的英雄不够，还需要塑造让人痛骂的大坏蛋，这样才让人感到满足。很长时间，贵为“国球”的乒乓球就像一出毫无新意的佳肴，不是胜利就是包揽，让人提不起观赏的欲望。不过，在2009年，乒乓球突然变得娱乐起来，层出不穷的花边八卦，一下跃上了体育最受关注榜，而这一切都要感谢乒坛的一哥马琳、一姐张怡宁。在以前百度马琳、爱情，无非是他和白杨、张宁益的陈年往事，剩下的就只有无边无际的与夺金有关的新闻。但在2009年，一切变得不一样了，马琳接连踢翻多扇门，甚至有直追水门之势，从结婚门、离婚门到小三门、财产门，感情和金钱两大爱恨情仇的必须要素，马琳两者俱全，为所有观众演了一部情节跌宕起伏的大片。从此，有关国球的新闻大部分被花边娱乐充斥，大家提到马琳，不是问“他会退役吗？”而是问“他离了吗？”有意思的是，在马琳深陷“门”危机时，又有人来“解救”他。一向低调的乒坛一姐张怡宁结婚了！名人与资本的联姻，这本是一出再烂熟不过的戏，但是因为我们已经太习惯看到张怡宁夺冠，所以她结婚成了完全与众不同的新闻。从此，国乒再也不缺八卦猛料，有人在离婚，有人在结婚，国乒的明星突然变得很有人情味，他们也是七情六欲的主儿，不再是电视镜头前永远说着“发挥不错”的木偶人。除了马琳和张怡宁，还要感谢王皓和彭陆洋。这份队内恋情的曝光让蔡振华出来否认了“棒打鸳鸯”的谣言，国乒的故事突然变得鲜活起来。有人说，后奥运时代，中国乒乓球队开启了一个“敢爱敢恨”的时代，这是一个不错的总结。其实，在习惯了天天吃“金牌套餐”的时候，加点八卦佐料又为何不可呢？在中国，乒乓球一直承载着荣誉与梦想，正因为如此，队员乃至教练总喜欢喋喋不休说着关于金牌的危机，其实金牌本没有危机，缺了丰富性格的乒乓球才会面临真正的生存危机。2009年，张怡宁结婚了，马琳快要离婚了，王皓恋爱了。2010年，期待有更多的乒乓球猛料出现。既然像神一样的刘翔都能像小朋友一样说我小时候的梦想是当解放军，开大飞机，国乒明星们又有何理由“固步自封”呢？本报记者 盖源源我要评论,4,3,0.9966885447502136
"外媒选出世界上九个最不受待见的城市(组图) 世界上最大的独立旅行出版商Lonely Planet以Cities You Really Hate(真让人讨厌的城市)为题在自己的网页上列出了9个世界上最不招人待见的城市。墨西哥 切图马儿(Chetumal)在这个名单上排名第9的是墨西哥的边界城市切图马尔(Chetumal)，上榜原因是这个城市是个大众旅游的地方，缺乏魅力。坦桑尼亚 阿鲁沙(Arusha)排在第8名的是坦桑尼亚的阿鲁沙(Arusha)，是通往大自然的门户，城市本身不可多呆，越早离开越好。印度 钦奈(Chennai)第7名是印度钦奈(Chennai)，要说也算个大城市，但是没有孟买的繁华，没有德里的历史，也没有班加罗尔的热闹，据说来自那里的女影星都不够热辣性感。萨尔多瓦 圣萨尔多瓦城(San Salvador)第6名是萨尔瓦多的圣萨尔瓦多城(San Salvador)，据说是中美洲国家中黑色污垢最多的首都。英国 伍尔弗汉普顿(Wolverhampton)第5名是英格兰中部城市伍尔弗汉普顿(Wolverhampton)，Lonely Planet的评价很简单：So bad that we don’t even have it on this site(实在太差了，本网站都没有介绍这个城市)。美国 洛杉矶(Los Angeles)第4名是美国的洛杉矶(Los Angeles)，洛杉矶入选是因为该城市的污染、交通拥堵，还有特难看的高速公路网。韩国 首尔(Seoul)排在最不受欢迎城市榜单第3名是我们的邻邦韩国首尔(Seoul)，用一个网友的评价来说，首尔到处是“苏式水泥建筑群”，污染严重，毫无生气，老百姓只能借酒浇愁。加纳 阿克拉(Accra)第2名是西非加纳首都阿克拉(Accra)，ugly(丑陋), chaotic(混乱), sprawling(杂乱无序)，毫无海滨城市特色。美国 底特律(Detroit)美国的底特律(Detroit)夺得Most hated cities的头筹，理由是治安不佳、环境污染，以及每况愈下的城市基础设施。我要评论",4,5,0.8458878397941589
冯小刚获赠杭州西溪别墅 一部《非诚勿扰》，让很多观众知道了杭州西溪，西溪湿地公园因此游客暴增。景区一直有传言说，当地政府为了感谢冯小刚拍摄这部电影，把电影中出现的西溪湿地别墅送给他使用。日前，浙江影视集团董事长倪政伟证实了这一说法。倪政伟2009年7月13日对记者说，《非诚勿扰》中，葛优在西溪打电话的那栋别墅，目前已成为冯小刚的杭州工作室，这算是政府对他的奖励。但冯小刚只有使用权，没有所有权。我要评论,4,2,0.9410723447799683
传印花税下周恢复双边征收 官员称并未听说昨日(15日)，市场开始传言周末将公布证券交易印花税恢复双边征收政策，下周四起实施。另据消息称，此次调整只是对机构(法人)投资者交易印花税恢复双边征收。国家将用税收杠杆增加机构大资金投资者倒仓成本，避免股市暴涨暴跌，保护投资者利益。据新浪财经报道，财政部相关负责人称未听说此消息，财政部财科所所长贾康亦表示如果有政策会正式通知，不会这样传，传的都不靠谱。在此次传言中，有一个版本是此次信息源是华泰证券，而该券商高层亦表示，未听说此传言。市场人士普遍认为，提高印花税对股市是重大利空，而目前大盘的点位并不高，特别是蓝筹板块经过持续调整，估值已经处于合理区间，并没有出台此政策挤泡沫的理由。从昨日股市反应来看，大盘也并没有受此传言的影响。不过，所谓无风不起浪，这一传言在股民中还是引发了较大的担忧。因为2007年财政部在5月30日凌晨提高印花税，让A股经历了“5·30”地震。有此前车之鉴，加上近期小盘股涨得太厉害，不少股民担心相关部门真的会调整印花税。此外，中国国家税务总局昨日还公布，2009年证券交易印花税下降47.9%。在证券交易印花税大幅下降的背景下传出调整印花税的消息，难说是空穴来风。我要评论,4,1,0.6306074261665344
伦敦人被逼住船屋2010年初英国福克斯顿船屋中介公司推出“史上最贵”船屋“海洋号”，售价100万英镑，居住面积129平米。买不起房的伦敦年轻人，花几万英磅买艘船屋住在河上。外表简陋，里面却样样齐全。浪漫又实惠，就是泊位不太好找。“当砖瓦不再有吸引力，尝试一下水上生活，那可能会成为快乐生活的起航码头。”英国专栏作者阿曼达·里利琼斯这样说。在英国，这正在成为一种新兴潮流。高昂的房价、低迷的经济让越来越多的人放弃买房，选择居住在船屋里，以一种颇具诗意的方式享受着“蜗居”生活。年轻人初次置业选船屋27岁的希安·奥尼尔和尼克·奥斯丁是生活在伦敦的一对年轻情侣。由于囊中羞涩，他们选择花2万英镑购买一艘船屋。随后，奥尼尔和奥斯丁又花费1万英镑，将这艘船屋装扮成了一个真正的家。奥尼尔总结说，船屋生活“浪漫得不可思议”，不过冬天有点冷。近年来有调查显示，越来越多的英国夫妇在孩子长大离家后选择卖掉郊区的房子，住到生活方便、环境优美的位于城市水系上的船屋里。此外，由于价格低廉，年轻的初次购房者、由于经济趋紧而被迫换房者都是购买船屋的主力群体。中年人囊中羞涩DIY船屋从2000年以来，英国船屋的数量几乎在以每4年翻一番的速度增长。46岁的多米尼克·韦伯斯特是一名建筑师。他曾经在伦敦北部的海格特拥有一间公寓。但是，现在他的家安在伦敦东部布莱克沃港区的一条驳船“精益求精号”上。韦伯斯特说，他离婚后一度经济紧张，而过去乘坐游艇度假的经历让他对水上生活十分向往。2003年，韦伯斯特花了3.5万英镑买下一艘船屋，然后花了7.5万英镑重新装修。船屋里的装饰几乎都是韦伯斯特DIY完成。他参照网上和杂志上的游艇照片，梦想把这条船改造成一条“经济型超级游艇”。2008年，韦伯斯特的船屋被重新估价为18.7万英镑，他说：“这个估价很棒，但是住在船上是一种生活方式，而不是为了投资。”韦伯斯特的船里安装了宽屏幕电视和苹果电脑。韦伯斯特说：“我有暖气、宽带、洗衣机，普通房子所有的一切这里都有。”年轻白领尝鲜租船屋除了自己购买船屋，很多人选择了租住的方式。25岁的金融分析师克里斯蒂安·洛克就在泰晤士河上一个船屋公寓里租了一间房子，每月租金为650英镑。他说：“我并不想拥有一艘船屋，但我很想住。而且，如果在陆地上租这样一间公寓每个月租金至少1000英镑。”英国的名人中也不乏船屋业主。50多岁的英国著名演员尼格尔·普兰内尔住在泰晤士河上的一条大船上已经有好几年了。（马晶）■ 不利因素船屋泊位难找按揭贷款更贵诗意浪漫从来都没那么容易拥有。一条最基本的船屋售价是2万英镑，但是泊位和其他费用也是一笔不小的开支。船屋泊位由英国水运局和私人业主提供，其使用权限从6个月到125年不等。泊位除了供船屋停靠外，还提供天然气、污水排放、电等基础设施服务，有时候还能接入宽带和数字电视。如果没有泊位，船屋只能临时停靠，每隔10多天挪一次位置，否则将支付高额罚款。2009年英国拥有泊位的船屋只有约3000艘。一艘拥有10年以上泊位使用权的船屋价格比没有泊位使用权的船屋高2到3倍。另外，按揭购买船屋的贷款利率也比普通房屋高不少，贷款额也有限制。业主每年还要为船屋支付保险，通常是3500英镑一年。如果租用的是英国水运局的泊位，那么每年需要额外花费80到120英镑购买安全证书。在泰晤士河上停泊的船屋还需要伦敦港的许可证。每隔几年，业主还需要对船屋进行保养，每次耗资也在数千英镑。（马晶）我要评论,4,9,0.5957384705543518
李宁三亿港币豪宅曝光2010年1月21日，香港，前体操王子李宁在香港购置的豪宅。前体操王子李宁退役后创办的李宁有限公司从1990年发展至今不单成为中国最大的体育用品零售商，更是全球第四大体育用品产业公司，公司市值达38.61亿美元。自李宁自曝已经移居香港后，有香港记者发现李宁一家三口现居豪宅之王“香岛道33号”一间6000尺的独立屋，市值3亿港元，尽显尊贵身份。而9岁的爱子李小宁就读于某国际学校，每年学费约13万港元。 延伸阅读我要评论,4,3,0.9080466032028198
银行家千万买豪宅 一年被淹80次新快报讯 广州房子贵，豪宅更贵，并且，大凡和“江”字套得上近乎的房子，价格都高得一塌糊涂。虽然如此，在英国泰晤士河畔购得一处千万豪宅的银行家艾迪安·荷德，却是被气得一塌糊涂。据英国《每日邮报》27日报道，2006年，荷德以190万英镑(逾2000万元人民币)购买了泰晤士河畔江景半独立别墅，没想到梦魇就此开始———泰晤士河河水每年都会熟门熟路地去“造访”他家的草坪，甚至将其全部淹没。平白无故多了一个“露天游泳池”，荷德却气坏了：“我们可不想生活在一个洪水平均一年光顾80次的房子里。”一怒之下，荷德以前房主未尽告知义务而将后者告上了法庭。我要评论,4,1,0.46357035636901855
2010年十大旅游地 中国排第八榜单认为 中国的特点是融汇现代和传统 上海世博会也能吸引游客今晨据英国媒体报道，美国旅游公司Gate 1 Travel刚刚出炉了一份“2010年十大旅游地”的榜单，为那些还在犹豫去哪里旅行的人指出了最佳旅游地。此次，中国在榜单中名列第八，而在2008年世界旅游论坛公布的全球130个国家、地区排行中，中国大陆旅游竞争力仅排在第62位。1.意大利点评：从托斯卡纳区的群山到罗马古城的废墟，意大利因其无与伦比的美景、美食和购物而闻名。旅行者经常会流连于宽广的农村地区。对于大多数人而言，最具吸引力的还是这个国家悠久的历史。2.埃及点评：想要度过一个既经济实惠又颇具魅力的假期？埃及在这方面排名很高。那里不仅政局稳定，还是吉萨大金字塔的所在地。尽管全年高温，但旅行者似乎从未对多面的埃及感到厌倦。3.希腊点评：美丽的景色加上文化和历史的碰撞使得希腊一直是个受欢迎的旅游目的地。美丽的沙滩、古老的遗址和神的旨意吸引着年轻人，度蜜月的人常常选择希腊浪漫之旅。4.土耳其点评：与埃及类似，土耳其成为跨国旅行者目的地之一的原因是其成本可接受性。抵达土耳其，游客便陶醉于独特的历史和考古遗迹、雄伟的高山和峡谷、湖泊、河流、瀑布、城堡、清真寺以及美丽的海岸线。5.秘鲁点评：作为马丘比丘城堡所在地，秘鲁在最近几年内成为受欢迎的旅行目的地。17世纪的建筑、印加遗址以及无人去过的丛林——秘鲁等待你去发掘。首都利马不仅是金融中心还是文化中心，古老的印加首都库斯科每年都吸引将近百万名游客。6.Oberammergau(上阿莫高)点评：Oberammergau(上阿莫高)是巴伐利亚的一个小村，坐落在德国中南部阿尔卑斯山脉沿线、阿莫尔河附近。但并非是这个镇子优越的地理位置吸引着游客——这里是世界著名的壁画村。那些壁画大都由上阿莫高本地人在1634年创作，描述耶稣的最后几日。7.约旦点评：坐落于中东核心地区，有着重大的宗教和历史意义。来旅游的人大多会去探索约旦河、最受欢迎的城市玫瑰红城佩特拉、死海。8.中国点评：凭借快速增加的基础设施和起飞的经济，中国融汇了现代化的复杂性和丰富的传统性。这种独特的混杂特点使得这个国家成为受欢迎的旅游地。那儿有享有盛名的长城以及拥有白色圆形大理石祭坛的天坛，其它受欢迎的城市包括最古老的城市之一西安，还有2010年举办世博会的上海，也能吸引游客。9.印度点评：拥有超过十亿人口的印度是世界上最具多元化的国家之一。在德里，游客能看见华丽的印度教寺庙和世界上最高的独立式砖尖塔库图米纳尔塔。德里不远处是泰姬陵所在地阿格拉市。印度不仅拥有美丽的风情而且经济实惠。10.哥斯达黎加点评：火山、瀑布、野生动物，哥斯达黎加已迅速变成一个受欢迎的生态旅游地。寻求刺激的旅行者可以领略到生物多样性，也能够进行各种冒险活动，如滑索和吊桥。当墨西哥正从2009年的流感恐慌中恢复的时候，哥斯达黎加越来越受欢迎。编译/尹晓琳  记者 黎史翔我要评论,4,5,0.7113497853279114
房屋征收与补偿条例征求意见结束新华社北京2月13日电 （记者陈菲）《国有土地上房屋征收与补偿条例（征求意见稿）》12日征求意见结束。记者13日从国务院法制办官方网站获悉，在15天内，共有13437人通过国务院法制办法规规章草案征集意见系统发表了意见。1月29日，国务院法制办正式公布了《国有土地上房屋征收与补偿条例（征求意见稿）》，向社会公众公开征求意见，征求意见截止日为2月12日，共15天。2007年10月1日起施行的《中华人民共和国物权法》规定：“为了公共利益的需要，依照法律规定的权限和程序可以征收集体所有的土地和单位、个人的房屋及其他不动产。”2007年8月30日，十届全国人大常委会第二十九次会议审议并通过了《全国人民代表大会常务委员会关于修改〈中华人民共和国城市房地产管理法〉的决定》，授权国务院就征收国有土地上单位、个人的房屋与拆迁补偿制定行政法规。据此，国务院法制办会同住房城乡建设部在多次征求各方面意见的基础上，经反复研究、修改，形成了征求意见稿。我要评论,4,7,0.6591977477073669
何洁自曝还清解约欠款成自由身 省吃俭用当宅女 新浪娱乐讯 超女何洁去年8月与天娱正式解约，国内媒体爆料其签约北京奇异夸克公司后已于日前将与天娱解约欠款还清，过年期间她省吃俭用窝在家里变“宅女”。何洁自参加超女比赛后签约天娱出道以来，负面新闻不断，直至天娱安排何洁与郭敬明一起的那次洗心革面之旅后她终于因为不满提出解约。据北京媒体报道，何洁日前在接受采访时透露其与天娱解约官司的欠款已经全部还清。加盟北京奇异夸克公司后，何洁透露自己整个生活状态都发生了变化。或许是因为之前还债用了太多钱，现在过年她都是省吃俭用窝家家里当“宅女”，不买衣服不消费，就连吃饭都是经常跑去公司蹭饭。近日，何洁推出自制的中国式年画和贺卡，贺卡中的漫画形象也来自3月即将发行的何洁半自传体图文书，“何大宝”的漫画形象提前在媒体和公众面前曝光：扎着朝天辫，穿着红肚兜，笑得露出五颗牙齿，眼睛眯成了一条线，伴着象征吉祥如意的鲤鱼和荷花，恭祝大家招财进宝，虎年快乐。JZB/文我要评论,4,2,0.9973201155662537
美国男子驾私人飞机撞政府大楼一名男子美国当地时间18日驾驶一架小型飞机撞入美国国内税收署位于得克萨斯州首府奥斯汀的一处办公楼，造成2人死亡、13人受伤。事件令不少美国人回想起“9·11”。美国联邦调查局初步调查后认定驾驶员为软件工程师约瑟夫·斯塔克。奥斯汀市警方也表示，目前看来撞击事件与恐怖袭击无关。早有预谋网上留有“遗书”当地时间18日9时45分许，斯塔克驾驶他自己的单引擎PA -28“切罗基”型4座小飞机撞入奥斯汀国内税收署大楼，当时大楼内有近200人。美联社报道，斯塔克据信当场死亡。另外，救援人员在大楼内还找到一具尸体。至少有13人受伤，两人伤势严重。作为预警，美军派出两架F16战斗机在撞机发生地上空执行空中巡视任务。按美联社的说法，发动袭击前，斯塔克放火烧掉了自家房屋。事发前，斯塔克在互联网上留言3000多字，表明自己已无法控制怒火，必须实施撞楼计划。斯塔克在留言中不仅抨击国内税收署，还控诉一些政治人士、大公司犯下的“无法想象的罪行”，批评美国政府的救市计划。最后，他下结论说：“暴力不仅仅是这些问题的解决办法，更是唯一办法。”美联社认为，可以看出，斯塔克早已策划好这起撞楼事件。留言最后，斯塔克写下日期2月19日，签上自己的全名并加注1956年至2010年，意味着自己的出生及死亡年份。企业两遭税局勒令停业在留言中，斯塔克称，自己与国内税收署多次发生争执。他指责国内税收署使自己损失4万美元，令他“10年的心血付诸东流”。其间，他谈到自己两次开办公司、两次遭国内税收署“阻挠”的经历。1985年，斯塔克在加利福尼亚州科罗纳注册“威力工程股份有限公司”。但因其间一度未申报缴税，加州特许经营税委员会2000年勒令这家企业暂停营业。斯塔克1995年在加州林肯开办“软件系统服务公司”，但于2004年遭勒令停业。加州特许经营税委员会发言人丹尼丝·阿齐米说，斯塔克1996年至2002年没有缴纳加州州税，总计1153美元。斯塔克的解释是，第一次没有申报州税是因为手头没钱，第二次是因为报税时没有把前妻谢里尔的收入算在内。“为人正直，不抽烟，不喝酒”一些斯塔克的朋友对撞楼事件感到震惊。在他们眼中，斯塔克只是一个普通人，从未听到斯塔克谈论政治、税收或政府。美联社报道，斯塔克在上大学前就读米尔顿·赫希学校，这是一所孤儿学校。1975年至1977年，斯塔克在哈里斯堡地区社区学院就读，但没有毕业。平日里，塔斯克是奥斯汀民间摇滚乐队比利·埃利乐队的吉他手。帕姆·帕克是乐队另一名乐手的妻子，她说，大家只知道斯塔克是一个安静的父亲，每年都要去挪威一次，探望女儿和孙子孙女。乐队键盘师兼鼓手迈克尔·切尔扎说：“乔为人正直，不抽烟，不喝酒。他有才华，关心一些正常人关心的事情。我从不知道他处于某种崩溃的边缘。在一群人中，他是那种不爱说话的人。”记者手记拥有私人飞机他真的“无法生存下去”？一位美国记者说：“他(斯塔克)在网上说，现政府只救助大企业，像他这样的小业主难以生存，只能用暴力回答税务署。总之，他恨政府。”不过，这位记者也强调，斯塔克毕竟拥有自己的飞机和房产，未必真的像他自己说得那样无法生存下去。有不愿披露姓名的人士认为，斯塔克应当属于高收入人士。政府实施的对高收入者增税，以部分补贴中低收入人群医疗保险等的做法，激起了部分高收入人士的不满。这个事件显示，这种不满开始表面化。无独有偶暴力抗税旧案：炸毁大楼168人亡美国已发生过多起暴力抗税事件。1995年4月，纳税人蒂姆西·麦克维因不满税收制度而炸毁俄克拉何马州首府俄克拉何马城一幢联邦政府大楼，致使168人死亡，数百人受伤。2007年，家住新罕布什尔州普兰菲尔德镇的爱德华·布朗和妻子偷逃税款超过70万美元。布朗被法庭定罪后拒不出庭，在自家周围设置路障，与一伙支持者据守在自家高墙内，与当局武装对峙。我要评论,4,9,0.8308552503585815
节前存款准备金率上调冻死各银行 本报讯 （记者张兆瑞）第二套房贷严格执行“首付四成”，首套房贷取消七折优惠利率，这些在春节前仅仅被看做政府收紧房贷预期的行为，随着春节假期的延续，正在逐渐变为事实。记者近日从银行内部人士了解到，2010年春节后本市房贷收紧已成定局。从记者目前掌握的信息来看，中国银行、光大银行在春节前暂停“首套房贷七折利率优惠”并不是个体行为，天津其他一些股份制商业银行已经计划在春节后陆续跟进。某银行内部人士告诉记者，“春节后，最迟年中，七折利率肯定全部取消，因为确实没有额度了。”实际上，春节前一天，中国人民银行再次上调存款准备金率0.5个百分点，冻结资金大概3000亿元人民币，已经让银行信贷工作人员感到了寒意。但是出于竞争等原因，天津市目前还没有任何一家银行正式宣布完全取消了七折房贷利率优惠，但从记者私下了解到的执行情况看，现在还可以获得七折房贷的客户寥寥无几。而且更为肯定的是，全市各主要银行对于第二套房贷，现在完全从严执行“首付四成”的规定，但对于贷款利率上浮10%则要求较少。据上海市一些媒体报道，上海为了加强对投资、投机性购房的打压力度，可能上调“第三套房贷”的首付比例和贷款利率，甚至不排除停贷的可能。不过记者咨询了本市银行一些负责人，他们均表示对“第三套房贷”的提法不是很清楚，但现在本市仍是按照“风险定价”原则来进行房贷审批的。一位银行负责人告诉记者：“同等条件下，一个人贷款购买5套房子，肯定比贷款购买1套房子风险大，因此银行对于他的贷款条件审核肯定会更加严格。”     文章来源：渤海早报我要评论,4,1,0.9410679340362549
银监会：个人贷款要求面谈面签 昨天，银监会正式发布《流动资金贷款管理暂行办法》、《个人贷款管理暂行办法》。这两个办法与之前已经施行的《固定资产贷款管理暂行办法》和《项目融资业务指引》（并称“三个办法一个指引”），初步构建和完善了我国银行业金融机构的贷款业务法规框架，将作为我国银行业贷款风险监管的长期制度安排，标志着我国银行业信贷管理进入新的科学发展阶段。贷款需明确合法用途《个贷办法》明确规定，贷款人不得发放无指定用途的个人贷款。个人在提出贷款申请时，应当有明确合法的贷款用途。同时，贷款人应就借款人的借款用途进行尽职调查，有效防范个人贷款业务风险。同时，《个贷办法》要求执行贷款面谈面签制度，防止出现个人被不法分子冒名套取银行贷款，或借款人的信贷资金被他人冒领挪用。对通过电子银行渠道发放的低风险个人质押贷款的情形，贷款人可以不进行贷款面谈，但至少应当采取有效措施确定借款人的真实身份。同时，除电子银行渠道办理的贷款，贷款人应要求借款人当面签订借款合同及其他相关文件。采用贷款人受托支付《个贷办法》还规定，除特殊情形外，个人贷款资金应当采用贷款人受托支付方式向借款人交易对象支付，即由贷款人根据借款人的提款申请和支付委托，将贷款资金支付给符合合同约定用途的借款人交易对象。并要求贷款人应在贷款资金发放前审核借款人相关交易资料和凭证是否符合合同约定条件，在支付后做好有关细节的认定记录。采用贷款人受托支付的例外情形，主要包括：一是借款人无法事先确定具体交易对象且金额不超过三十万元人民币；二是借款人交易对象不具备条件有效使用非现金结算方式。上述个人贷款，经贷款人同意可以采取借款人自主支付方式。此外，考虑个体经营贷款与个人消费贷款在实践中存在一些差别，个体经营户在商品生产和交易过程中，通常事先不确定交易对象且现买现付。对此，《个贷办法》作出以下特别规定：一是明确贷款资金用于生产经营且金额不超过50万元人民币的，可以采用借款人自主支付方式；二是规定个体工商户和农村承包经营户申请个人贷款用于生产经营且金额超过50万元人民币的，可以按贷款用途适用相关贷款管理办法的规定。我要评论,4,1,0.553292989730835
香港酒店超卖现象长假再现     旅游业议会总干事董耀中表示，该会在新春期间收到2宗涉及酒店“超卖”的查询，有团队旅客指原定入住的酒店没有足够房间，导致旅行团被迫“拆团”，部分团员需入住其他酒店，“是酒店超卖(超收散客)房间，是酒店的问题，不关旅行社的事。”董耀中说，酒店“超卖”情况绝迹数年今年重临，已经跟酒店业界人士联络，提醒酒店不要超卖房间。    位于旺角弥敦道的活年旅馆，在农历新年档期的房租加价逾13%，单人房由平日每晚220元加至250元，双人房由每晚290元加价至330元，但本月14日至20日(年初一至初七)出租情况仍然天天“爆满”。旅馆负责人高诚浩表示，新春期间入住的旅客几乎全部是内地客，当中包括个人游及经商旅客，“我们不会胡乱加价，以免赶客。”为吸引要求愈来愈高的内地客，旅馆早于2年前提升设备及服务，除了提供Wi-Fi上网服务外，旅馆内的电视可收看内地客最爱的中央台及凤凰卫视。我要评论,4,7,0.7917816042900085
李泽楷寓所遭港警搜查 据香港《明报》报道，香港警方日前搜查了电讯盈科主席李泽楷在香港多达3个寓所及富通保险等多家公司，过程中李泽楷并不在场。电盈私有化在去年4月被上诉庭法官否决，并指有人明显操纵投票。事隔快一年，警方最近就此案展开全方位调查。供图 CFP （来源：北京日报）我要评论,4,7,0.7999851703643799
世界最具吸引力城市：上海排第二 伦敦居首据俄罗斯媒体报道，在2月21日公布的“世界最具吸引力”城市排行榜中，英国伦敦位居榜首，排名第二的是中国上海。而曾在经济危机爆发前排名第3位的纽约这次则下滑至第10位。这份榜单是法国巴黎大区投资促进协会在毕马威咨询公司的参与下制定的。排名基于对各国500名商界代表的调查以及去年的各国企业投资数据，这一数据参考了毕马威咨询公司在过去5年间分析的一些指标。受访者称，最重要的评定标准是政治稳定性、法律安全性以及城市经济状况。据悉，伦敦在2009年实施或者部分实施了270个投资项目。除了多数客观指标排名第一以外，伦敦还因深得商业人士的厚爱而高居榜首。在调查中，42%的受访者称伦敦是最具吸引力的国家首都。在这份榜单中排名第2的是中国上海。据悉，在某些指标上，上海甚至超过了英国首都伦敦，比如它拥有的现代化研究中心数量和写字楼数量等。此外，进入前10名的还有另外两个中国城市：香港（第3位）和北京（第5位）。俄罗斯首都莫斯科名列第6位。俄媒体对此认为并不令人奇怪，因为投资者过去几年来一直极度愿意向中国投资。商界代表认为，在未来几年内，孟买等另一些亚洲城市也可能进入这份榜单的前几名，从而把榜单上的欧洲城市排挤出去。除伦敦外，欧洲城市中只有巴黎入围榜单前5名。原因有二：第一，在经济危机期间投资额几乎没有减少；第二，商界代表们认为，由于政治稳定、生活水平高、基础设施极为发达，巴黎仍具有相当大的吸引力。新闻晨报我要评论,4,5,0.8919086456298828
80后众奴缠身变身年清族 中新社惠州2月23日电 房奴、卡奴、车奴、孩奴……众“奴”缠身的“80后”，在春节过后又给自己扣上了一顶新帽子——节奴。节奴，指因春节等重大节日消费、交际而饱受压力的人。早已被生活费、按揭费、通讯费、水电煤气费、孩子的奶粉尿布费压得气喘吁吁的“80后”众“奴”缠身。而原本应该喜气洋洋的春节也被当成了“春劫”，高昂的人情节费让“80后”变成了“年清族”。不少网友上班第一天就纷纷在网上晒自己的春节账单。节日的巨大开支令年轻白领叫苦不迭。在广东惠州一事业单位上班的曾先生告诉记者，迫于家庭观念的压力，他在2009年终于踏上了房奴和车奴的行列，每月要交2700元的房贷，养车一个月要1000元左右，加上平时的花销，每个月基本上都是“月光族”。过年回家，车票、无数的红包、绵绵不断的酒席，很快把微薄的年终奖也花光了，整个一“年清族”。网友心碎乌托邦无奈地表示，自己开始明白了一年一度的春节，为何有人欢喜有人忧，甚至患上“恐年症”。一个春节下来花掉了自己半年的积蓄，年后的日子只能勒紧裤腰带来过活了。一些人为避免成为“节奴”而不得不加入“恐归族”，留在单位值班，宁可不休息，也不回家做节奴。“在读小学时，大学不要钱，读大学时，小学不要钱。没上大学时，大学生是天之骄子，大学毕业后，大学生跟农民工一个价；以前房子是靠分配，现在房价高得令人咂舌。‘80后’基本上是独身子女，以前是几个子女养一个老人，现在是一个子女养几个老人。孩子读书，连个幼儿园都要几万块钱的赞助费。读书、就业、买房、赡养老人，抚养子女，我们比前人承受了更大的竞争、生存压力。”不少“80后”发出了这样的感言。工资永远赶不上房价的上涨速度，却要不惜一切地沦为房奴；自己省吃俭用，也要让孩子吃好的，穿名牌，心甘情愿当孩奴；经济条件不好，也忍不住想在各种节日庆祝一番，辛辛苦苦挣来的钱就像放爆竹一样可劲挥霍，最终变成了节奴。“奴现象”在“80后”群体中的泛滥，不得不引人深思。“80后”，真的要过得这么沉重吗?对此，专家分析，“80后”变身为“奴”，大多是过度膨胀的虚荣心作怪。凡事要讲究量入为出、量力而行，不要打肿脸充胖子，造成消费方式畸形。专家呼吁“80后”要通过自身的努力和奋发图强改变生活困境、提升生活质量，改变“奴”字加身、自怨自艾的状况。我要评论,4,9,0.6113292574882507
香港百万富豪近两成生于内地 深港记者黎媛报道昨日下午，香港花旗银行发布最新的“百万富翁调查报告”。人口刚超过700万的香港，已拥有近40万个流动资产超过100万港元、总资产近千万的富豪。其中18%的百万富豪生于内地，花旗银行环球个人银行服务副总经理周永赞指出，随着内地经济越来越好，预计香港的百万富翁中，内地出生的人数比例将进一步增加。花旗银行委托香港城市大学通过电话访问，抽样调查了超过6600位香港居民。由于股市、房产投资市场畅旺，去年，香港拥有超过百万港元流动资产的富豪达39.4万人，比前年增加4.6万人。这些富豪平均流动资产为380万港元，平均总资产则为950万港元。家庭主妇、退休人士占据了香港富豪的半数：富豪中52%为女性，平均年龄达到51岁，其中40岁以上的富豪更占了77%。周永赞表示，过去7年里，香港百万富翁的人数变化和恒生指数的变化有很高的相关性。八成受访富豪选择把流动资产放在股市里。但这些富豪“入市”意欲逐步下降，仅35%的受访富豪对今年股市感到乐观，12%的受访富豪今年有购楼的意愿，主要是因为在去年市场快速上升后，这些富豪预期今年投资市场的升幅不会很大。我要评论,4,1,0.8836340308189392
中式为体西式为用的别墅项目采用的是中国传统的街巷式布局，主街-胡同-内庭院。主街宽、胡同窄，内庭院又豁然开敞。项目的别墅可概括为下面八个字：中式为体，西式为用。    独栋别墅入户门就是中式的“体”，典型表现如中式四合院等建筑传统的影壁、庭院的园林。    上面这张照片是站在客厅的门口拍的，长长的走廊，木地板一直通往大门口。    庭院的园林采用的中式风格，茂林修竹，还开辟出了专门用来品茶的地方。传统文化所倡导的“修身”、“齐家”在庭院里都能找到对应的元素。    说到园林，小编顺便多提一句，项目公共园林所占面积较大，而私家所拥有的园林相对较小。这个不太符合国人的传统观念。国人历来喜好大私人空间，小公共空间。不过整个别墅项目的园林还是相当可圈可点的。    以上信息仅供参考，最终以开发商公布为准。本稿件为新浪乐居独家原创稿件，版权所有，引用或转载请注明出处。订阅会员置业刊 我们将直接把最新的热盘动向发送到您的邮箱更多热盘推荐：重拳限购外地人买房别愁 总价50万拿下便宜房 精装纯新盘 淘最全打折盘 最新楼盘户型展示 遍搜京城准现房 楼市最火百盘榜我要评论房产导航：,4,3,0.9652026295661926
"半小时 穿梭京津生活圈(组图)“中国人像风一样驶进高速时代”，用这句话来描述2008年8月1日京津城际铁路的开通，丝毫不觉得夸张。从此之后，那些饱受京津塘高速拥堵、大雾之苦的“蜂客族”们，开启了京津之间的一段幸福之旅。不到30分钟的旅程，“似乎闭上眼睛没有多久，就到了”。而那座带有梦幻色彩的新南站，以及初到天津东站那隐隐的海风，都为这段旅程增添了不少愉悦。也因此，早在2006年便定位为北方经济中心的天津，把中石化、诺基亚等众多产业大佬挖过去之后，现在也成了吸引北京人置业投资、休闲旅游的“新宠”。而从北京到天津，那些散落一路的城乡接合部，过去仿佛被工业化和城市化浪潮遗忘的空白地带，正在被京津高铁和地产商们的造城运动一一串起，连成一片，并与我们的生活产生联系。“蜂客族”的半小时生活圈“拥堵，来回高速收费要100多块。”因为工作关系经常穿梭京津的李先生说起京津塘高速，一肚子的抱怨。他的这一困扰，随着京津高铁的开通消失无踪。4月17日，记者从北京新南站出发，前往天津，亲身体验了一把京津高铁的“风驰电掣”：平均约15分钟一趟，车票随买随上，28分钟到达天津东站，非常方便快捷。对居民而言，半小时生活圈的概念，则让他们的生活方式更加自由。首先会催生更多的“蜂客族”———他们就像蜜蜂那样，从一个城市飞到另一个城市，一个用来居住，一个用来工作。“我在北京上班，想在南站附近买个房子，然后在武清再买一个给父母住，周末可以去他们那里，或者他们过来，”安先生向记者描述了他的置业蓝图。“北京居民的置业半径不断向外延伸，随着京津城际轨道开通，半小时生活圈形成，天津楼盘存在价格比较优势，选择性较大。”北京嘉华四季国际会展有限公司总经理武凯认为，天津无论城市建设、配套设施还是文化底蕴，都远远胜过其他近京地区，应该是北京购买力释放的最佳地点。此外，天津优质房地产项目进入北京也能缓解北京住房紧张的现状。中原地产等机构的数据显示，置业在天津，工作在北京，自去年下半年以来，已经成为很多“蜂客族”们的选择。北京天津，将来都是“首都地区”长期关注环渤海的清华大学教授、两院院士吴良镛认为，京津冀之间缺乏有活力的城市功能带，有感于珠三角、长三角城市群的勃勃生机，他先后提出了“大北京”、“新七环”、“首都地区”概念，力主京津冀一体化。京津高铁的开通，让这一设想得以落地，而地产商们的造城运动，也在试图拉近这一距离，把京津在地理和现实中连在一起。在城际高铁两侧的亦庄、永乐、武清，在京津塘高速二线两侧的宝坻、蓟县，以及天津新兴的东丽区、津南区，正在形成一座座新城，盘龙古文化城、金碧天下、星耀五洲……与天津老城区、滨海新区以及北京市区连成一片，共同构成宏大的产业化城市集群———“首都地区”。这已不仅仅是打造一般意义上的楼盘，而是更直接地渗透到天津城市化进程和新城组团的建设；地产商们更大的野心是，承接北京乃至京津塘、环渤海经济圈产业人群的疏散，并为这些人群创造一种新的生活方式。天津的规划有意无意暗合了这一理念。在天津市政府对11个新城的规划中，均布局有相关产业先行与拉动，即使大规模出让土地，也要求地产商配合区域规划调整产品结构。星耀五洲的旅游、盘龙谷的文化产业概念，得到了政府的青睐。北京人，到天津享受“国际化生活”对京津这两个环渤海地区的核心城市而言，京津高铁开通，新城片区的崛起，不仅为它们的共融、共生提供了基础条件，还为它们的未来创造了无限可能。早些年就有的“去北京买名牌，去天津办婚宴吃海鲜”之类的消费方式，如今有了更新的内容，到天津买房置业，投资办厂，休闲旅游，开始流行。平时离海很远的北京人，可以经常去看海了；两市间的周末旅游已经像到郊区一样方便。此外，天津因其人文环境以及自然条件，正在变成北京人新的、国际化的观光、玩乐胜地。在不远的将来，天津将出现一个媲美西湖的水上浮城，一个堪比迪拜伯瓷酒店的七星级酒店，一座东方好莱坞，以及更多的五洲风情建筑……多家具有深厚背景的地产商联合当地政府，正在把天津打造为一个国际大都会。“我们想在11000亩的天嘉湖再造一个新世界！五大洲在这里会创造性地真实再现。”星耀集团董事长颜语介绍，星耀五洲就是要人们生活其中，体验世界不同的文化生态。绿地集团(企业专区,旗下楼盘)在蓟县打造的盘龙谷则主打文化产业。最终，盘龙谷将成为“亚洲生态文化硅谷，世界文化产业高地”，并带动当地经济发展。发现天津，世界就是你的。双城故事一个北京人的天津幸福生活两年前，北京姑娘陆婉跟随老板来到天津，开始一个新项目的运作。两年后，陆婉打算在天津买房，而且一口气定了3套，一套是高层住宅，她打算自己住，一套是小别墅，将来可以用作家庭旅馆出租，还有一套是临水的高层公寓，南北通透，环境幽雅。陆婉说，最初去天津，每次驾车往来都是一次长途跋涉，直到京津高铁的开通。而现在，陆婉基本都乘坐“和谐号”，因为它环境好，又非常快，28分钟的行程，几乎没有感觉就到了，却联结着两座风格迥异的城市。“我经常去国贸，从这里去南站再去天津，出发与到达之间，仿佛要切换一下按键，”她形容说，国贸是一个由玻璃幕墙的高楼大厦组成的世界，冰冷而压抑，而到了天津，尤其是海河，会让人感到亲切，舒服。海河很多桥的造型都是不一样的，可以慢慢欣赏。为了方便，她办了一张快通卡，这张卡可以在和谐号上预留座位，这样就不用每次赶着买票，也不用担心没有座位了。在这样的旅途过程中，陆婉经常会有奇遇。有一次，她遇到一位男士，对方在金融街上班，家在天津，每周来回京津两次。聊天的过程中，这位男士说要给她介绍项目和业务。当对方的邮件真的发过来的时候，她觉得很神奇。“就是感觉京津之间人们的心理越来越开放，两地的联系更加紧密。”陆婉说，在两年前初来天津的时候，满耳都是天津话，现在，她经常能遇到对天津很了解的北京人，或对北京很了解的天津人。在天津生活久了，陆婉喜欢去五大道、杨柳青这些地方消遣，生活好像回到了很多年前，尤其是在名流茶馆听相声，看天津本地人的神态，可以感觉到天津这座城市是有根的，有那种文化的延续。两年来，这座城市也发生着巨大的变化，“就像一个小孩，你希望他一直是小小的，可爱的，可是他有股势头，就是要生长起来。”陆婉说。 我要评论",4,3,0.4405338168144226
颐和原著将成不可复制豪宅典范(组图)易居中国投资控股有限公司董事兼执行总裁、华北区域事业运营总部总经理臧建军在参观后也表示：龙湖颐和原著不是豪宅，是顶级住宅。“看样板间的之前，对里面的功能是不确定的，因为房子做大了之后很可能像个会所。看了样板间之后，发现龙湖在空间的使用度上面做到了把大空间做小，这些东西才是最重要的。由此来说，这个项目将会形成一个标杆，这个产品也会成为龙湖的历史上浓重的一笔。”臧建军感慨道。“豪宅最重要的三个要素地段、环境、声望决定了龙湖颐和原著是不可复制的。龙湖颐和原著全面诠释了‘豪宅至上’的概念，称之为豪宅的不能是郊区的别墅，一定是城市住宅，一个是静，一定要安静，还有一个是境，不是真正的情境，可能是环境，包括人和人之间的环境，周边的环境等。”当代节能置业CEO姜鹏也在参观后第一时间予以了龙湖·颐和原著项目高度评价。座谈会上，富力地产北京营销中心总经理吴文表示：“看了样板间之后就传递出来的感觉是：这就是一种生活。很多开发商做的样板间有一点像家具卖场那样的，放很多的家具吸引人，但是没有关心到生活所需要的那种细节。但今天参观了颐和原著却完全这种感觉。”我要评论,4,3,0.7929535508155823
英少年登顶七大洲最高峰 成最年轻征服者英国少年乔治·阿特金森26日成功登顶珠穆朗玛峰，成为七大洲最高峰最年轻的征服者。29日是他17岁生日。破纪录英国徒步旅行组织“冒险山峰”在网站上发布声明说，阿特金森26日与另外17名登山者一起，成功登上珠峰之巅。英国登山委员会确认，阿特金森登顶当日年龄为16岁又362天，打破美国人约翰尼·柯林森17岁又296天完成征服七大洲最高峰的纪录，成为七座高峰最年轻的征服者。“冒险山峰”网站说：“乔治·阿特金森打破世界纪录，成为七座高峰最年轻的征服者。真是一项惊人的成就。”阿特金森的母亲彭妮在阿特金森的博客上写道：“乔治做到了，他在尼泊尔时间(26日)上午8时15分登顶……听起来那里天气挺好。”“感谢帮助乔治实现梦想的每一个人，”彭妮说，“现在让我儿子安全下山吧。”爱登山阿特金森家住英国瑟比顿。他的登山爱好源于父亲马克。他先前接受英国广播公司(BBC)采访时说：“父亲让我喜欢上登山。我六岁时，我们一起攀登北爱尔兰最高山峰多纳德山。那样做是因为我们想找一些需要一起做的事情。我相当喜欢登山。”阿特金森七岁前征服了苏格兰、英格兰和威尔士地区最高峰：本尼维斯山、斯科费尔峰和斯诺登尼亚。小家伙11岁开始攀登七大洲最高峰的征程，第一个目标是非洲最高峰乞力马扎罗山，13岁时登上欧洲厄尔布鲁士山，14岁生日前不久登顶大洋洲查亚峰，随后征服南美洲阿空加瓜山和南极洲文森山。2010年7月12日，时年15岁的阿特金森登顶北美洲最高峰迪纳利山。攀登珠峰前，阿特金森保持一周跑步两次、健身房锻炼三次的运动量，以增加肺活量。享挑战阿特金森说，热爱登山还有其他一些动力因素，“我喜欢每一座山，在山上，我有一种奇特的自由感”。他说：“我喜欢生活中有所挑战，七座高峰就是其中之一。我觉得去国外攀登这些山峰是一种好的冒险，也是一个环游世界的良机。”征服多座高峰后，阿特金森对北美洲迪纳利山印象深刻。他说，迪纳利山是目前为止感觉攀登过程最艰难的山，全程比较紧张。“18天都生活在这样的环境下，踩在冰川上，大雪似乎要卷走征程需要的所有东西，你必须把那些拽回来……体力上感觉更艰难，天气情况更极端。”(记者：黄敏),5,9,0.9902352690696716
74岁美国老太凭6块健美腹肌入编吉尼斯记录(组图)以74岁的年龄而论，美国妇女绝对是祖母级。但你可不要认为她弱不禁风。由于坚持从事健美运动，被收入2012年版《吉尼斯世界纪录大全》，获称“世界上最年长的女健美选手”。健美依旧欧内斯廷家住美国巴尔的摩市。尽管已步入古稀，她依然有着六块腹肌，肌肉状态堪称完美。欧内斯廷的健美教练是现年57岁的约尼·沙姆布尔热。后者曾获得过“环球先生”称号，还于1995年夺得泛美运动会健美项目金牌。英国《每日邮报》29日援引沙姆布尔热的话报道，在他们健身的地方，欧内斯廷被人们称为“奇迹”。“六块腹肌是她的标志，”他说，“当她走进房间，你就会看到她的六块腹肌。”《每日邮报》刊登的照片上，欧内斯廷梳着发辫，上身穿比基尼运动上衣，下着紧身运动短裤，摆好造型时，身上肌肉清晰可见。欧内斯廷每天凌晨3时醒来，先做冥想训练，午饭前在当地的公园里跑16公里。她还参加过9场马拉松比赛。她对美国《华盛顿邮报》记者说：“年龄只是个数字而已。”严于律己为保持肌肉状态，欧内斯廷严格控制饮食，三餐只吃糙米饭、蔬菜和淡鸡胸肉，外加一玻璃杯生鸡蛋清。她坚持自然饮食，对甜食没有兴趣，绝不为长肌肉在食物中添加激素。她结婚已经54年，现在和丈夫科林、53岁的儿子、14岁的孙子住在一起。她的一日三餐由科林负责，丈夫还替她跑腿处理一些杂事，以便她有更多时间用于训练。欧内斯廷至今仍在教授一些模特和健身课程。她说：“如果你想激励学员，自己必须首先做到。”一次堪称“残酷”的训练中，沙姆布尔热对她说：“你是冠军，我要照那样训练你。”当有人对欧内斯廷说“你这么做会让自己减寿”时，她回答：“每个人都在走向死亡，我看中的是活着时的生活质量。”后来居上欧内斯廷说，在56岁之前，她还是个懒人。忽然有一天，她和姐姐米尔德丽德发觉各自的身体逐渐变得松弛，于是结伴到当地健身中心锻炼。锻炼效果很快显现出来，于是她们俩又开始朝参加健美比赛的方向努力。米尔德丽德因动脉瘤猝然离世，让欧内斯廷颇受打击，一度精神萎靡不振。这时，她想起向姐姐许下的承诺，要把自己锻炼成健美选手，自此开始严格要求自己，接受训练，控制饮食。过去18年里，欧内斯廷两次在健美比赛中获得奖项。家人一直给她打气。她的妹妹伯尼斯说：“每当你觉得自己做不到时，系紧你的网球鞋，出去走一走。”欧内斯廷的手机来电铃声是电影《洛奇》主题音乐。她说，影片主演西尔维斯特·史泰龙是她的偶像。(记者：乔颖),5,9,0.7236281633377075
英3岁女孩智商高达140 为妹妹读睡前读物(图)据英国《每日邮报》报道，作为三岁的幼童，莎弗朗•普雷基应该正在学数数、学跑、或用蜡笔涂鸦开发智力。而她可不是一般的孩子-这个神童已经能够为7月大的妹妹朗读睡前读物；而并正在准备申请成为迄今年龄最小的门萨成员了。莎弗朗的一家子都很聪明。她的父亲—23岁的丹尼•普雷基在英国4频道的猜谜节目“倒数”中，是八轮冠军。小莎弗朗智商达到140，这个官方数据比美国前总统比尔•克林顿还高出三分；而她的智商比普通人高出了40点，和美国国务卿希拉里和巨星麦当娜旗鼓相当，更是一举击败施瓦辛格的135分和妮可•基德曼的132分。来自英国埃塞克斯郡索森德的莎弗朗接受了一系列的测试，就是为了进入门萨协会—专为高智商人群设立的组织。只有前2%的高智商人群才有资格入会，而莎弗朗很有可能进入该协会。她说：“我只是一个小女孩，但是我很高兴通过了这些测试，虽然它们都很难。”,5,9,0.9114833474159241
美92岁双胞胎兄弟感情深“同生共死”(图)中新网6月6日电 综合媒体6日报道，美国一对双胞胎兄弟生活了将近一个世纪，见证了许多历史变迁，92年前，他们相隔几秒出生，从小到大，感情都非常好。92年后，两人也在同一天过世，前后只相隔几小时，连死因都一样，委实兄弟情深。报道称，这对双胞胎兄弟朱利安•里斯特和艾德里安•里斯特(Julian & Adrian Riester)是在1919年3月27号出生的，他们从小开始，就形影不离。不管是上学、工作、传教，都在一起。兄弟俩年轻时加入天主教方济会，过去65年来都在纽约州西部的圣文德大学服务。两人的朋友表示，兄弟俩的感情确实非常好，相互扶持走过近百年。不过大家只知道他们是孪生，但始终搞不清楚谁是哥哥，谁是弟弟。据报道，他们一生只分开过两次，一次是1946到1951年，两人分别被派驻到曼哈坦和波士顿，另一次是20世纪50年代被分派到水牛城地区不同地点。1956年以后，就再也没有分开过。两人在2008年，从纽约移居到佛罗里达州养老。2011年的6月1日，两人均因心脏衰竭而去世，前后相差只有几个小时时间。,5,9,0.9716649651527405
“祖父级”莱卡相机拍出百万英镑(组图)全球各地的拍卖市场上永远都不乏奇特且让人咋舌的宝贝。日前，法国和英国的两家拍卖行分别拍出两件吸引众人眼球的物品：一件是法兰西第一帝国皇帝拿破仑上英文课时的手稿；一件是价值连城的古董级莱卡相机。下面让我们来一睹为快！拿破仑昔日英语学习笔记被拍卖 月底与公众见面拿破仑作为一位帝王、一名战争英雄、一位有着浪漫之心的丈夫而被人们熟知。日前，一份属于这位意气风、发驰骋沙场的帝王的手稿，以9.3万欧元(约合88万人民币)的价格在法国成交，让人们能够有机会一睹当年这位帝王学习英语时的“风范”。据法新社6月6日消息，5日被拍卖的这份属于拿破仑的英语课手稿，是他当年被放逐到南太平洋圣赫勒拿岛后第一节英语课的笔记，上面有三句由法语和英语写成的句子和一些图示。这三句话分别是：“谁来了”、“他们有多少人”以及“你好”。这份手稿的买家是法国巴黎一家私人博物馆。这家博物馆表示，将于6月21日向公众展出该手稿。这家私人博物馆当天还以5.3万欧元的价格购得了拿破仑回忆录的一份副本。回忆录同样也是拿破仑在圣赫勒拿岛时写的，上面记载了他如何在1796年的如阿尔科(Arcole)战役中大获全胜。这份20页的回忆录共有数份副本，真迹目前存于法国档案馆。拿破仑在滑铁卢一役中被反法联军击败，随后于1815年6月被放逐到圣赫勒拿岛，该回忆录就是他在1817年到1820年期间所写的。“祖父级”莱卡相机创纪录 拍出百万英镑英国《每日邮报》6月6日报道，一台88岁“高龄”的德国产莱卡相机，近日以创纪录的100万英镑(约合1062万人民币)拍出。更令人惊讶的是，这台古董级相机的状态依然良好，能够正常拍摄。负责拍卖的卫斯里特拍卖公司称，这台罕见的照相机属于1923年出厂的莱卡“0系列”照相机，是这一德国品牌开始进行商业生产前出产的原型相机之一，极为珍贵。该公司还透露，在激烈的出价竞标后，这台古董相机被一位神秘的亚洲收藏家买走。(来源：中国日报网 陈璐 编辑：婧远),5,9,0.801152765750885
英游艇命名效仿“泰坦尼克”难逃沉没厄运(图)据英国《每日电讯报》6月7日报道，一艘被命名为“泰坦尼克II”号的游艇似乎也难逃“原版”的魔咒，在处女航返回海港时沉没。虽然船主侥幸逃生，但随后还是被尴尬追问是否撞到了冰山。这艘汽艇的主人名叫马克•威尔金森，40多岁，来自英国伯明翰。他最近才购买了这艘长16英尺(约4.9米)的二手游艇，并将它拖到位于英国南部海岸的莱姆湾进行处女航。当天，他在莱姆湾钓到了很多鱼，但在返航途中，玻璃纤维制成的船身突然出现了一个6平方英寸(约39平方厘米)的大洞。大量的水开始涌入船内，马克试着将水抽出，但船的尾部还是沉了下去。由于前部有气囊，所以船头漂在了海面上，但马克最终还是弃船逃生。随后，马克被当地负责港务的工作人员从海里拉了上来，“泰坦尼克II”号后来也被拖上来。马克说：“如果不是工作人员的帮助，我可能已经随‘泰坦尼克II’号沉下去了。之后很多人问我是否撞到了冰山，这稍微让我有些尴尬。”(来源：中国日报网 信莲 编辑：婧远),5,9,0.9956889748573303
继承1200万美元遗产 全球最富宠物狗去世据报道，绰号“吝啬女王”的美国87岁亿万富婆利昂娜·海姆斯利去世后，竟将高达1200万美元的遗产留给了自己一只名叫“麻烦”的宠物母狗，一度将许多美国人惊得目瞪口呆。由于多次收到绑架和暗杀恐吓。无奈之下，“麻烦”只好被迫改名秘密隐居，并被特种兵保护起来。不过，全球最富有的宠物狗“麻烦”的传奇一生现在已经画上句号——6月10日，负责管理利昂娜遗产的基金会的发言人宣布，“麻烦”已于去年12月去世，终年12岁，相当于人类的84岁。富婆两孙子和12重孙分文未得尽管利昂娜慷慨地将1200万美元的遗产留给了一只狗，但她的4名亲孙子，其中两人只分到了每人500万美元的遗产，前提是他们每年都要给父亲至少扫墓一次。而另外两名孙子和12个重孙则压根一个子儿都没有分到。,5,9,0.8538655042648315
美国档案馆办烹饪展 美多位总统口味“曝光”想知道美国已故总统约翰·肯尼迪爱喝什么汤？德怀特·艾森豪威尔爱吃什么糕点？答案可从美国国家档案馆正在华盛顿举办的一个展览中找到。展览《什么是烹饪，山姆大叔？》10日开幕，将持续至明年1月3日，展出各种与美国人饮食相关的文件、图片、影片和物品，旨在介绍政府对美国人饮食的影响。展品之一是英国女王伊丽莎白二世1960年1月24日写给时任美国总统艾森豪威尔的一封亲笔信。“我答应给您但一直没给的滴面烤饼配方，”女王在信中写道。根据信中所附机印配方，制作烤饼需要用面粉、细白砂糖、牛奶、鸡蛋、小苏打、黄油。把原料混合在一起做成面糊，放进烤箱，加热至190摄氏度烤15分钟或烤至金黄色即可。从展览中可以知道，已故总统肯尼迪爱喝以鱼为主要原料的一种杂烩汤。汤中要放黑线鳕、咸猪肉、洋葱、土豆、芹菜、月桂叶、牛奶、黄油、黑胡椒。因“水门事件”下台的总统理查德·尼克松在白宫吃的最后一餐是菠萝片配松软干酪，外加一杯牛奶。罗兰·梅尼耶曾是白宫面点厨师长，为吉米·卡特至乔治·W·布什的几任总统服务。他出席国家档案馆就这次展览举行的新闻发布会时说，前总统比尔·克林顿不太注意饮食健康。梅尼耶知道克林顿对奶制品、巧克力和面粉过敏，曾为他特制不含这些过敏源的蛋糕。梅尼耶回忆，当时他告诉克林顿：“总统先生，这里是为你特制的蛋糕。”克林顿指着巧克力蛋糕答道，“不要，不要，我要一块那种蛋糕”，“我是美国总统，传我的话下去”。,5,9,0.5078972578048706
美网络数学“教父”走红 盖茨成其狂热粉丝(图)一个人，2300多段免费视频课程、5400万学生……萨尔曼·汗凭借简单的教具、一款普通软件，颠覆了美国在线教育。如今，在美国数学教育界，他的地位犹如宗教界的摩西一般受人崇拜，他的免费网站被称为“汗学院”。他的超级粉丝比尔·盖茨说，汗是将科技应用于教育的先锋，他开启了一场革命。从教侄女到网络数学“教父”2004年8月，答应帮侄女纳迪亚辅导数学作业。她的主要问题是单位转换，比如将加仑转换为升，将盎司转换为克。对于当时28岁的汗来说，数学是他的强项。他在美国麻省理工学院的专业之一就是数学，同时学习计算机科学和电子工程课程，获得硕士学位。作为一名技术极客，汗在和纳迪亚通电话时，利用雅虎通的涂鸦功能来图解数学概念。然后，他会编写代码，出一些练习题，让纳迪亚练习。在汗的帮助下，纳迪亚的数学进步神速，她的弟弟阿尔曼和阿里也要求汗做他们的家教辅导。随后，他们又带来了一些朋友，汗的网站不断扩大。于是汗开始制作教学视频，并上传到YouTube网站上。2006年11月16日，汗发布了第一段视频，解释最小公倍数的基本概念。很快，其他学生，包括一些成年人，开始搜索和观看他的视频，并给他留言，感谢他拯救了自己的数学学业。副业变成了职业不到5年，制作教学视频已经从汗的副业变成他的职业。如今，他俨然已成网络数学“教父”，他的免费网站很可能是世界上最受欢迎的教育网站。迄今为止，汗学院的视频数量超过2300段，从小学的简单加法到大学微积分课程中的格林定理，内容非常广泛。他说，截止到今年4月底，已有超过5400万人通过他的网站学习。盖茨成了他的狂热粉丝汗成为美国业余教育精英中的宠儿，受到许多科技领袖的热捧。他们比任何人都更清楚，美国的数学教育有多糟，而数学水平的高低对于美国的未来又有多重要。盖茨可谓是汗最狂热的粉丝之一。他在接受CNN采访时说，他曾经花费许多时间教3个孩子数学和科学的基本概念，可孩子们总是听得懵懵懂懂。2010年初，有人向他推荐了汗的网站。没想到，那些他怎么也解释不清的知识点，汗通过短短12分钟的视频，就让孩子融会贯通。后来，他通过比尔和梅琳达·盖茨基金会向汗捐款150万美元。盖茨说：“这是一场革命的开始。”从网络走进教室与美国在线教育巨头不同，汗学院的所有视频课程均为免费，这是汗学院受到广泛支持的关键所在。目前，汗学院的教学已从网络走进世界各地的教室。在一些地方，它甚至已经取代了教科书。(记者：唐昀)一个人，2300多段免费视频课程、5400万学生……萨尔曼·汗凭借简单的教具、一款普通软件，颠覆了美国在线教育。如今，在美国数学教育界，他的地位犹如宗教界的摩西一般受人崇拜，他的免费网站被称为“汗学院”。他的超级粉丝比尔·盖茨说，汗是将科技应用于教育的先锋，他开启了一场革命。从教侄女到网络数学“教父”2004年8月，答应帮侄女纳迪亚辅导数学作业。她的主要问题是单位转换，比如将加仑转换为升，将盎司转换为克。对于当时28岁的汗来说，数学是他的强项。他在美国麻省理工学院的专业之一就是数学，同时学习计算机科学和电子工程课程，获得硕士学位。作为一名技术极客，汗在和纳迪亚通电话时，利用雅虎通的涂鸦功能来图解数学概念。然后，他会编写代码，出一些练习题，让纳迪亚练习。在汗的帮助下，纳迪亚的数学进步神速，她的弟弟阿尔曼和阿里也要求汗做他们的家教辅导。随后，他们又带来了一些朋友，汗的网站不断扩大。于是汗开始制作教学视频，并上传到YouTube网站上。2006年11月16日，汗发布了第一段视频，解释最小公倍数的基本概念。很快，其他学生，包括一些成年人，开始搜索和观看他的视频，并给他留言，感谢他拯救了自己的数学学业。副业变成了职业不到5年，制作教学视频已经从汗的副业变成他的职业。如今，他俨然已成网络数学“教父”，他的免费网站很可能是世界上最受欢迎的教育网站。迄今为止，汗学院的视频数量超过2300段，从小学的简单加法到大学微积分课程中的格林定理，内容非常广泛。他说，截止到今年4月底，已有超过5400万人通过他的网站学习。盖茨成了他的狂热粉丝汗成为美国业余教育精英中的宠儿，受到许多科技领袖的热捧。他们比任何人都更清楚，美国的数学教育有多糟，而数学水平的高低对于美国的未来又有多重要。盖茨可谓是汗最狂热的粉丝之一。他在接受CNN采访时说，他曾经花费许多时间教3个孩子数学和科学的基本概念，可孩子们总是听得懵懵懂懂。2010年初，有人向他推荐了汗的网站。没想到，那些他怎么也解释不清的知识点，汗通过短短12分钟的视频，就让孩子融会贯通。后来，他通过比尔和梅琳达·盖茨基金会向汗捐款150万美元。盖茨说：“这是一场革命的开始。”从网络走进教室与美国在线教育巨头不同，汗学院的所有视频课程均为免费，这是汗学院受到广泛支持的关键所在。目前，汗学院的教学已从网络走进世界各地的教室。在一些地方，它甚至已经取代了教科书。(记者：唐昀)一个人，2300多段免费视频课程、5400万学生……萨尔曼·汗凭借简单的教具、一款普通软件，颠覆了美国在线教育。如今，在美国数学教育界，他的地位犹如宗教界的摩西一般受人崇拜，他的免费网站被称为“汗学院”。他的超级粉丝比尔·盖茨说，汗是将科技应用于教育的先锋，他开启了一场革命。从教侄女到网络数学“教父”2004年8月，答应帮侄女纳迪亚辅导数学作业。她的主要问题是单位转换，比如将加仑转换为升，将盎司转换为克。对于当时28岁的汗来说，数学是他的强项。他在美国麻省理工学院的专业之一就是数学，同时学习计算机科学和电子工程课程，获得硕士学位。作为一名技术极客，汗在和纳迪亚通电话时，利用雅虎通的涂鸦功能来图解数学概念。然后，他会编写代码，出一些练习题，让纳迪亚练习。在汗的帮助下，纳迪亚的数学进步神速，她的弟弟阿尔曼和阿里也要求汗做他们的家教辅导。随后，他们又带来了一些朋友，汗的网站不断扩大。于是汗开始制作教学视频，并上传到YouTube网站上。2006年11月16日，汗发布了第一段视频，解释最小公倍数的基本概念。很快，其他学生，包括一些成年人，开始搜索和观看他的视频，并给他留言，感谢他拯救了自己的数学学业。副业变成了职业不到5年，制作教学视频已经从汗的副业变成他的职业。如今，他俨然已成网络数学“教父”，他的免费网站很可能是世界上最受欢迎的教育网站。迄今为止，汗学院的视频数量超过2300段，从小学的简单加法到大学微积分课程中的格林定理，内容非常广泛。他说，截止到今年4月底，已有超过5400万人通过他的网站学习。盖茨成了他的狂热粉丝汗成为美国业余教育精英中的宠儿，受到许多科技领袖的热捧。他们比任何人都更清楚，美国的数学教育有多糟，而数学水平的高低对于美国的未来又有多重要。盖茨可谓是汗最狂热的粉丝之一。他在接受CNN采访时说，他曾经花费许多时间教3个孩子数学和科学的基本概念，可孩子们总是听得懵懵懂懂。2010年初，有人向他推荐了汗的网站。没想到，那些他怎么也解释不清的知识点，汗通过短短12分钟的视频，就让孩子融会贯通。后来，他通过比尔和梅琳达·盖茨基金会向汗捐款150万美元。盖茨说：“这是一场革命的开始。”从网络走进教室与美国在线教育巨头不同，汗学院的所有视频课程均为免费，这是汗学院受到广泛支持的关键所在。目前，汗学院的教学已从网络走进世界各地的教室。在一些地方，它甚至已经取代了教科书。(记者：唐昀),5,9,0.6342228651046753
俄罗斯美女冰海中全裸 与白鲸同游嬉戏(图)据英国媒体16日报道，近日，两届世界自由潜水女子冠军、俄罗斯美女纳塔莉亚·阿夫先科(Natalia Avseenko)为了完成实验，听从了海洋学家的建议，脱光全身的衣服，在零度以下的寒冷海水中，赤裸全身与两头白鲸同游嬉戏，可谓是真的“回归自然”。据报道，现年36岁的纳塔莉亚在俄远西北部靠近北极圈的白海(white sea)海域进行了一次大胆而“美丽”的试验，全裸在寒冷的水下与白鲸共舞嬉戏，由一名俄罗斯摄影师拍摄下这样的场面。报道指，阿夫先科在水中仿佛美丽的“白鲸公主”。报道称，为了不让白鲸跑得太远，实验人员将部分海域圈了起来，以便美女不游太远，就能追上白鲸。据悉，当地海域的水温在零下1.5摄氏度左右，脱光衣服的纳塔莉亚显然会“冷得哆嗦”。一般来说，普通人在零度以下的海水中呆个5分钟，就有死亡的危险，但潜水经验丰富的纳塔莉亚不仅是个瑜伽“专业户”，更练出了在水下憋长气的技巧，最长可以在零度以下海水中呆10分钟40秒左右。此外，海洋学专家建议，由于白鲸这种动物对人造材料如潜水服非常敏感，不喜欢触碰人造材料，因此纳塔莉亚如果想要与白鲸更亲近，最好是全裸下水，来个肌肤的“亲密接触”。白鲸是自然界中的庞然大物，它们以脸部能表现类似人类的表情感知而着称。除水族馆的白鲸外，全世界目前有约10万头白鲸在海洋中生活。,5,9,0.9966039657592773
世界最赚钱电子眼：5年罚司机500万英镑(图)据英国媒体报道，在该国首都伦敦北部一个名叫肯蒂什的小镇，有一个全英国甚至全世界最“赚钱”的交警摄像头(俗称电子眼)。据报道，这个摄影头在不到5年的时间里，让来往司机一共被罚了500万英镑(约合5233万元人民币)。据悉，由于该摄像头所处的路段禁止车辆在早上沿一个方向通行，在中午时则禁止车辆从相反方向行使，极易混乱。不仅如此，司机还表示，由于相关标识不清晰，他们几乎无法及时发现。据统计，5年里一共有不少于4万名司机在摄像头面前“中招”，每月平均有800人受罚，而每名司机的罚款额为130英镑。,5,9,0.8644379377365112
《对手》：好孩子是什么标准？蔡美儿我们小的时候，我们去哪儿都带着小提琴，而且每次我都要和她们一起拉琴或者弹琴，露露现在反叛以后，现在她只是在娱乐的时候拉小提琴，那么我对小提琴的要求太严了，她开始憎恶小提琴了，我意识到那个以后，我就意识到我不想失去我的女儿，所以后来呢，我就自己放弃了强迫她练琴，后来她自己自愿回到练习小提琴的路上，但是我觉得严格父母是非常重要的，特别是在美国环境之下，有的孩子性格非常强，他说我不想让爸爸妈妈管，我要自己管，但是网球教练跟我说，露露她非常严格，对自己要求非常严厉，非常刻苦，而且非常有天赋，所以我认为从我这种严格的父母的管教之中，她逐渐学到了，从中看到了闪光点，从中得到了很多好处。常智韬：是不是虎妈也同意，孩子的快乐和小提琴或者网球技艺提高并不矛盾，是不是在没有父母严格管教下，我听说露露准备挑战李娜，她同样可以有很远大的理想。蔡美儿：美国我觉得孩子们为了保持自己的热情，他们自己的选择太多了，那么经常说要保持孩子的热情，他这个热情包括整天吃糖、整天玩电子游戏，每人没有人会有自动的热情每天去做作业，所以一直到10岁、11岁的时候，我觉得父母必须给他们一些规矩，不让他们放弃他们有兴趣做的那些好的事情。常智韬：我觉得在没有明确孩子的兴趣爱好，或者孩子的特长在哪个方面的时候你替他做了一个选择不允许孩子放弃，孩子放弃就意味着孩子没有毅力，反而会适得其反，比如你不会知道孩子将来是刘翔还是姚明，你让他坚持打篮球或者什么，你会少了一个姚明或者刘翔。蔡美儿：我觉得这个问题有一点让人混淆，我想他刚才谈到家长不应该干扰孩子的选择，可能我们两个社会不一样，在美国25%的10到13岁的青年孩子是喝酒的，我们在美国是有发达国家最高的十几岁孩子怀孕比例的，所以我要我的孩子们在十几岁就喝酒或者怀孕，我是绝对不要的。常智韬：所以有的时候家长要信任孩子，比如我的女儿在高中二年级的时候也到美国做了一年交流生，她回来的时候也告诉我，就像虎妈所讲，美国高中阶段有谈男女朋友的，有同性恋的，有吸毒的，但要相信自己的孩子有自己的鉴别力，她跟我讲，爸爸请放心，我周围的朋友都是比较传统的。还有一点，中国以前有一句话说温室里边只能长出娇嫩的花朵，长不出大树，在无菌的环境下长大的孩子，他走向社会的适应从什么地方来呢。蔡美儿：在西方的学校里面用点中国的东西来教育我们的学生，所以我认为我们的孩子是强有力的，她们没有自己的错误之处，可能我们就说我们殊途同归，我们的目的是一样的，但表达方式不一样，你强调非常强硬的规则，我也同意有的时候不能对孩子太严了，有的时候就是你觉得孩子，我们可能就到此为止，不要太严管他，但我觉得有的时候不能这么做的。主持人：在你心目当中，好孩子或者孩子的成功应该是一个什么标准，是门门拿A，最后进哈佛、耶鲁？蔡美儿：我认为你必须要看一下你的孩子，听他们的意见，知道他们的能力在哪里，如果有些人他得不到A的学分，你不能强迫他，不能给他太大的压力，这样会给他们毁掉的，但从另外一个角度来讲，我会告诉你，我的书在美国引起很大的反响，很多西方人看了之后希望更加严格给孩子教育，很多美国人给我写信，说我不是非常的聪明，但是我相信我还是有智慧的，我希望我的父母以前比我更加严格，这样使我可以成为某些成功人士，这是他们写的信，但我现在失业了，因此成功和幸福是非常复杂的问题，它不是选择一个就放弃另外一个问题，但我相信两点，要帮助你的小孩施展他的潜能，不管他的潜能是什么样的。常智韬：我觉得像我和虎妈的孩子都是在进入大学的年龄，他们远远谈不上成功，他们仅仅是进入名校，找到适合自己发展的，适合自己个性受教育的机构。那我觉得家庭教育的成功，应该是培养出来一个全面发展，心智健康，有良好的情操，又有良好的学习习惯的这么一个孩子，我觉得这是家庭教育的一个目的。蔡美儿：我认为大女儿是非常很好的，她自己就能成为一个很好的学生，但我认为露露的话，尽管我们有很多争斗，我想即便露露是非常难教的一个孩子，我有很多眼泪，有很多辛酸史，但是我认为露露，曾经问过她，我问过她你是不是喜欢这样严格的家教，我担心露露在采访的时候会怎么说呢，但是露露在采访时说我非常喜欢这样严格的母亲，如果没有母亲严格的教育方式今天谈不上我的成功，看到她的姐姐是非常好的学生，露露也受到影响，她以为自己是不好的学生，因此我帮助露露更加建立自信，相信自己。主持人：我们这一轮探讨什么话题，刚才虎妈也说了很多决定是她对自己的女儿来做的，猫爸认为很多自己的孩子决定，包括孩子爱好的养成要观察孩子，由者孩子的性格去发展，那么父母到底该不该替孩子作主？这就是我们第二轮要辩论的话题。掌声请出红方的第二位嘉宾，他就是著名节目主持人、导演英达。英达：那就是每一代在成功的同时一定要设计和亲自参与实施孩子的所有的未来。主持人：好，我们掌声请出蓝方第二位嘉宾，这就是，他写了一本书，别看年龄不大，写了一本书叫《山海经新释》，被很多人称为国学天才，这是山西大学初民学院的学生孙见坤。孙见坤：基本没有，基本上没有，基本上是我自己规划的。我的观点就是没有人能够替你作主，哪怕这个人是你的父母。英达：我们说孩子，说的是从大概两岁快到二十岁这样大范围的孩子，我认为在十岁之前有许许多多事情孩子自己不知道的，也不能知道未来这件事情对自己多么重要，你不可能指望他自己就把这个定好了，他不知道，所以在这种情况下确实有些特殊项目我们要替他决定，那么其他的，比如说当国学大师这种事可能就要等十岁以后孩子自己愿意说读个《聊斋志异》的那种神怪小说，但比如说钢琴、小提琴等他十岁以后想拉是绝对没有可能的，因此我们也参考其他的，不是中国式教育，是外国式的，大音乐家，比如贝多芬、莫扎特也是从小他们的父亲大耳刮子抽出来的，我们知道贝多芬经常小的时候睡到半夜四点多被他父亲拉起来弹琴，不弹就大耳刮子抽他，所以这是为什么贝多芬最后耳朵聋了。所以兴趣是最好的老师，孩子大了以后，如果小孩让他说兴趣是最好的老师，那么这个老师一定不是别人，是游戏机。孙见坤：其实刚才英老师讲的这个在我身上就不符合，我做，我看历史是从8岁，不是10岁。我想说一个问题，第一点贝多芬，大耳刮子可以抽出贝多芬，也可以抽出希特勒，我们在那个过去，一百多年前奴隶社会什么都不变的，从1840年不一样了，1840年是千年不变，1840年以后是十年不变，当我们有孩子知道是十年前的，他要给孩子做决定是过时的决定，另外一点其实中国的父母喜欢给孩子做决定、做判断，他其实这个并不是中国，并不是所谓的中国式教育，因为这种方式从此你看不到的，这其实是中国专制社会的一种黑色遗留下来的东西，他是为了培养孩子的盲从性，这不是我说的，这是孙中山说的。第三点，永远不要把一个人的能力或者他的思维，他的思想的深度和他的年龄挂钩起来，这是一种很简单、很愚蠢的做法，这是一种，可以说是一种人的一种惰性，他不想深入地去了解这个人，只是从一看你的年龄就觉得你不懂，就这种感觉，就像看到一个人一看他是北大毕业的，就觉得他一定是德才兼备的好孩子，其实也可以是勒死？？的凶手。英达：就你刚才说的能不能选择，首先我同意有很小一部分，1%吧，是可以让孩子在十岁之前选择，反正也不要紧，比如你国学，他是8岁读的，还是12岁读的没有什么区别，而比如弹琴，甚至小儿不才除了弹钢琴之外，还打个冰球，这是童子功的，那开会的早，开萌的早是你的本事，但是我13岁开始读也可以做到你的成就。孙见坤：其实是这样的，童子功肯定会有，但不一定每一个人都要弹钢琴，每一个人都要打冰球，当然不一定每一个人都要去读古文，但问题是您怎么知道您的孩子就是干这个的料呢。英达：他问我，我不回答不合适，是这样的，实际上成人也不能决定他的专业，比如打冰球，巧了，我儿子在冰球上有一个才能，但到现在为止同龄人不是没有比他强的，我儿子弹钢琴也好，我儿子也希望梅迪，总而言之他现在学这些，猫爸说的很科学，人的学习无非是两大种，一种是知识积累，一种是技能提高，这两种都没有用，包括古文学得再好，都有可能是明天被废弃过时的东西，这是有可能的，孙见坤：您给您的孩子做的选择，那么是依照大您身边的人或者这个社会很多人都做了选择，还是您是把您自己小时候没有能够做到强加到，延续到您孩子的身上？英达：你的问题提得很浅显，因为你不能把，你不能说所有做的选择都是我们没有办成的事，不瞒你说，我基本想干的事都干成了。,5,2,0.9361801147460938
《对手》：快乐童年重要还是打好基础重要孙见坤：中国的教育方式是发现并引导孩子的天赋，就是中庸里面讲的…，如果一个孩子没有快乐的童年，他的天赋不可能被引发出来的，更不可能有高尚的道德，真正中国教育核心在于培养一个孩子优秀的道德，这是从孔圣开始一脉相传的，孔圣就说…，学习这种文化知识或者所谓的学科知识，在孔子看来是最底层的一个事情，高级的事情是什么？孩子的道德，就像他给自己学生排名，孔文四科，德行、言语、政事、文学，文学是排在最后面的，中国教育家是排孩子的道德，然后会讲心性，孩子十余岁孩子的爹会讲孩子你将来做什么，说要做状元，高官、做圣贤，但是问题是，他最后成功了，他发现自己的孩子的确有做圣贤的天赋，就引导他做下去，其实历史上真正成功的人完全是按照他们的天赋引导来做，真正由父母规劝，包括英老师一开始说的莫扎特，莫扎特6岁能作曲也是他的天赋在那儿，应该顺着他的天赋，在引导过程当中，德国人是这种情况，但是中国人，要到中国来讲，就是引导你的天赋，人不能逆天，必须顺天。主持人：冰球你会打吗？英达：我没有想打冰球，这正好是特别好的例子，是他自己做的选择。打冰球就是他自己做的选择，但是一旦这个选择开始，他不能放弃，知道吗？而且放弃了现在基本上可以说放弃的就跟他们家小提琴要放弃似的，钢琴要放弃似的，我儿子可能最后放弃的时候给他做的选择就是钢琴，但是他冰球打得好，包括他今后学习能学习得好，跟他曾经弹钢琴，三岁开始弹钢琴，三岁不可能有其他选择是有极大的关系。英达：如果你的孩子确实是如此自立，而且又是幸运的，在她非常小的时候居然她自己就能选定比大人还准确的，不知道靠一种什么样的天赋和嗅觉找到自己今后有用的一行，那当然好，但对不起，起码我们家孩子，我不够那么聪明，当然我还没见过比我更聪明的，我肯定不够足够聪明，否则不需要人替我决定，但是我说句实在话，可能你觉得你自己的孩子没有那么聪明，完全是自己自会、找会的，我觉得父母一定要帮忙，否则就是不负责任为自己找一个借口。同样一句话，虎妈说的天才儿童不需要父母，但是有父母就更好了，那就不是一般的天才了。孙见坤：刚才英老师说他一直在为孩子，说是普通的孩子，那种大多数的孩子是需要父母来为他做一个决定的，那么就出现一个问题就是，我是从西安来的，我们西安就有一位从，从小父母替他做决定，比较有名的人就是药家鑫，就是父母他给他做决定，学钢琴等等。英达：你觉得药家鑫这事主要是父母做决定做的，药家鑫这事是父母替他洗手，他用香皂洗手，是不是要提醒大家不要用香皂洗手了。这俩事没有相关，不是觉得这俩事近就有相关，每天早晨大公鸡一叫太阳就升起来了，这俩事联系在一起，确实不是大公鸡一叫太阳就升起来。英达：如果他最后所从事的一项工作就是对你的鼓励监督，比如冰球这件事情不是我做的决定，但是他要做决定的时候我们会把这件事情固定下来，因为后面还有我们大量的付出，让他不可能放弃，这是谁做的努力，对后比如在冰球上成功了，那样太好了，如果是那样的话，你能说这是大公鸡和太阳的关系吗？ 孙见坤：如果父母的决定错了，孩子自己来承担这个责任，那么这样孩子自己做不了这个决定，如果他将来一旦，像英老师说二十岁以后再做决定，之前做决定都非常好，一路过来非常顺，他一旦自己做决定，一旦做错了，那么做出一个什么结果呢？目前孩子的一遇到困难就轻生的孩子越来越多了。英达：如果给孩子所谓做决定的时候其实不是孩子根本不喜欢这事，孩子不理解，非常痛苦，家长也不加以解释，说必须这样，不这样我揍死你，如果这种，我们要把所有的问题都说得这么极端和绝对，说父母一做决定，孩子长大就是药家鑫，这还有什么意义，我们说的是百分比，多数好的父母如果给孩子做决定也是在先给他讲，你喜不喜欢，甚至他自己决定，你不能放弃，然后一路告诉他在这个时候你为什么不放弃，那个时候你敢放弃就揍你，等等，甚至我们到一定年龄的时候帮他做决定，主持人：我知道双方都不服，尤其是孙见坤，下一轮接着辩论，这一轮辩论什么，现在很多父母为了让孩子不输在起跑线上，在上学的同时给孩子报了很多班，奥数班，有的甚至是舞蹈班，书法班、英语班等等，孩子有限的精力，有限的课余生活完全被各种班、各种培训充斥着，有人说不对，每一个孩子都有权利获得一个快乐的健康成长的童年，也有人说了，为了孩子在未来竞争不输于任何人，我们这个时候必须给他们进行投资，哪怕是孩子的快乐有所抹杀，这就是我们的第三轮辩题，到底是一个健康快乐成长的童年重要还是打基础更重要？有请红方的第三位嘉宾，他就是著名的企业管理咨询和管理教育专家哈佛商学院北京校友会主席、泛太平洋管理研究中心董事长刘持金，刘兄你好，到底是打基础重要还是让他们快乐成长重要？刘持金：当然是打基础重要，我认为在孩子童年时期父母最重要的责任就是帮助他们打下基础，而不要为表面的快乐童年所误导。主持人：谢谢，为什么你在快乐童年前面加一个所谓两个字，一会儿再说，有请蓝方第三位嘉宾他就是新东方教育科技集团董事、兼高级副总裁周成刚。周成刚：我的观点应该是一个孩子有快乐的童年，他可能未来长久有更可持续的成长，这样的孩子往往更有动力性，有对生活的激情，未来不仅成才，而且成为21世纪栋梁之才。刘持金：一个什么是快乐的童年，快乐有不同层次的快乐，孩子愿意打游戏机，快不快乐？很快乐，孩子愿意每天爸爸妈妈带着吃冰淇凌，孩子快乐吗？非常快乐，但他还有不同的快乐，当他能帮助小朋友克服困难，当他能够在运动场上叱咤风云，当他能在演讲当中名列前茅，这是快乐，这个快乐不是简单的表面的快乐，第二个就是基础，我们打下什么样坚实的基础，像奥数班或者学小提琴，不一定我们给打下基础，而是说这个基础是一个扎实的，比如他解决问题的能力，批判性思维的能力，关心他人的能力，以及对尊重他人，对社会的责任感等等等等，从小我认为在这个过程中父母都有巨大的影响力。因此这是我阐述中为什么父母对孩子最重要的责任应当是打下一个坚实的基础，对这个基础这个概念的修正。周成刚：首先我要说的一点就是，我认为这个孩子，我是新东方的一个校长，每天接触无数的孩子，就是我发现孩子的心智的发展是有先后的，他的能力会展现在不同的方面，个性也会不同，所以说甚至于他们的观点和价值观也会不同，我个人认为应该对不同的孩子应该用不同的方法教育可能会更好。这是第一点。    第二点，如果说就把一个孩子上哈佛和耶鲁就做一个好孩子，我觉得这是严重的误导，孩子可有不同体现的方面，甚至我隐隐感觉到如果我们把上哈佛和耶鲁的孩子作为一个好孩子，这里边我不否认我们的家长在现在经济社会高速发展的时候，我们带有严重的实用和严重的公用目的，也就是说我们这个社会不仅需要弹钢琴的，不仅需要弹小提琴，还要需要管道工，还需要木匠，还需要很多钢铁工人。    第三个我想表达的是，假设一下，如果全世界的母亲都成为了虎妈，请问我们的孩子最后到哪里上学，难道都进耶鲁，都进哈佛吗？在美国有四千所大学，除了请问前二十名、三十名大学，难道后面进去美国人他们都是傻子吗，都是坏孩子吗？再问最后一点，网友做了一个很有趣的统计，在中国过去三十几年改革开放当中，一共有接近一千位中国各个省市高考(微博)状元，但是他们最后作出的统计是，这些状元都是当年最好的学生，但是二十年过去，他们寻找当年的高考状元，现在在这个社会上真正对社会产生重大影响，我们以这个为例，几乎没有一个高考状元还在这个世界上发挥我们想要所谓最重大社会功能的人才，我的结论是，看到今天很多精英人士都把孩子想尽一切办法送到美国去的时候，我们不能否认美国的教育有无数的东西正在吸引着我们，所以我相信我们的孩子可以成为功力和事物最好的发展人士，但是很难成为21世纪需要的栋梁人才，刘持金：我想反驳周校长，刚才我们在对话过程当中没有讲到哈佛和耶鲁就是我们的标准，我们举一个例子，比如克林顿总统没有申请耶鲁和哈佛，唯一申请的是乔治大学。刘持金：但是我们不能说克林顿是不成功的。我想说的给孩子打下一个坚实的基础，不是一个我们学业上这么狭隘的一个坚实的基础，而是一个广泛的概念，比如说他吃苦耐劳的精神，比如说我们中国人讲坚持的精神，我们蔡教授讲的坚持，无论你做哪一行我要做持之以恒坚持的精神，这是我讲的基础。这个基础从童年时代到少年时代都没有人理睬的话，这个基础就很危险。周成刚：刚刚听到蔡美儿说父母亲比较严格，反正我个人是从来没有父亲打过一下，我相信这边可能也都不会，我觉得孩子童年的时候往往有比较多的一些快乐，他的身心会更加健康，这是我坚信的，而且会有更多的独立性和创新能力，为什么人家说，到后来往往是比较调皮的或者成绩不太好的，同学在最终的时候，尤其最后他有极强的加速度和爆发力，人生比拼不是冲刺，而是长跑，像刚刚两位家长讲进入哈佛和耶鲁是职业的开始，更多是社会上的接触。周成刚：这个观点我同意，不仅是孩子的观点可以培养，成年人打麻将的习惯也可以培养，但中国家长更多把孩子兴趣过于狭隘培养在一个方面，这是错误的。我们并不是说孩子们通通听爹妈的，应该说白了，爹妈混球也不少，全靠他们给孩子制定未来方案，也肯定不一定好，但是总比孩子性苦多得强，我们说的百分比，我们现在讨论应该给孩子制定什么方案，应该什么样的成人来给他制定？孙见坤：我刚才讲的不是公民品质，公民品质肯定需要公民教育的，这是必须的，我说的是这个孩子将来成长的话，他适合做什么？他的天赋应该适合做什么？你将来莫扎特让他打冰球也不可能。周成刚：刚刚蔡教授的观点其实是某种意义上印证了我们的观点，蔡教授也讲了光有一个严格的管理是不行的，她在写《虎妈战歌》的时候，最终对小女儿教育方法最终放弃了，放弃的原因是她觉得如果再坚持下去可能会适得其反，会失去这个孩子，甚至失去她全部的快乐和童年，所以我们想传递的观点是其实在教育孩子的方式方法当中应该有更多的可塑性，更多的多元性，更多的因材施教。刘持金：希望中国父母都明白这一点，无论多么好的想法，父母需要付出高质量的努力，很多父母不是真正付出高质量的努力，我给你举一个简单的例子，刚才你提到比尔盖茨，你要知道盖茨在11岁的时候已经把《百科全书》通读了一遍，最后没有什么书可以读，到12岁，他的爸爸妈妈在餐桌上吃饭的时候，感觉跟这个孩子讲话很难讨论问题。周成刚：这个观点非常好，我想加一点，如果让今天家长的孩子如果不想去读书，不想考好成绩，天天在看《百科全书》，你会同意吗，事实上最终他获得了巨大的创新力，这就是我的观点。刘持金：你说的对，《百科全书》只是读书的一部分，另外我想举一个例子，你读书非常忙，但是这个责任不可推卸，百事可乐现任CEO中文翻译陆德英，也是一个虎妈，她每天在办公室上班的时候，她女儿读高中的数学题，要求她每天只要有数学作业传真到我办公室，我要看这个作业什么地方你不会帮你一下，我再给你传回去，见缝插针培养自己的孩子，全球五百强企业CEO，难道她脑子进水了，绝对没有进水，每一个成功孩子背后是父母的责任，是父母真实的付出，必须是高质量的投入。主持人：我想说一下我在全场辩论的几点感触，第一，一千个人心中有一千个哈姆雷特，一千个孩子也会有一千种性格和承受能力以及各自的性格，所以一个人的成功不可复制的话，也许一个成功的教育方法也不能简单的百分之百复制，这是第一点。第二点，不论是虎妈还是猫爸，他们代表的是自己成功的教育方式，随着我们这个社会东西方沟通越来越多，东西方沟通方式越来越渗透，虎妈和猫爸代表的是自己，不能单纯代表东方和西方，还有一点当你决定要为孩子做决定的时候，一定要想清楚，好好看看自己的孩子是不是真正地了解他们，然后再说。好，这就是今天的《对手》，我是王凯，再见。,5,2,0.9658766984939575
印男子为求一子37年不洗澡 称是神的意志(图)65岁的印度老汉凯拉什辛哈从1974年至今，已经有37年没有洗澡、理发了。不光周围邻居笑话他浑身恶臭，就连妻子也嫌弃他，甚至用不跟他睡觉来威胁，但辛哈宁愿死也不洗澡。原来，辛哈之所以37年不洗澡，只是为了生一个儿子。37年不洗澡每天火浴据报道，辛哈家住印度瓦拉纳西郊外的查塔夫村，和妻子育有7个女儿。从1974年开始，过去37年他从没有洗过一次澡，也没有刷过一次牙。英国《每日邮报》23日刊登的照片显示，他站直时，胡子和长发分成几缕垂到地面，有1.83米长。他每天的个人清洁方式是一种名为“火浴”的当地仪式———独腿站立在火堆旁烤一烤，向湿婆神祈祷。辛哈坦言，自己早已经忘记该怎么洗澡了。戒澡只求能生个儿子即使在摄氏40多度的酷暑天气，辛哈也穿着两件毛衣。谈及抵制洗澡的原因，邻居麦德哈苏丹透露，曾经有位预言家告诉辛哈，只要他不洗澡，就能在下一胎生个儿子。辛哈的妻子戴维称：“他说他宁愿死也不洗澡。如果他还能生一个儿子的话，他才会改变主意。”戴维甚至曾威胁丈夫，如果不洗澡就不跟他睡觉。然而最后她还是被迫忍受。戒澡原是神的意志？辛哈不以为然地表示，他“戒澡”的决定完全是“神的意志”：“每当我骑着自行车从村里穿过，那里孩子们总是嘲笑我气味冲人。虽然他们无法理解我，但是我不会改变主意。因为这是神的意志。”,5,9,0.9333781003952026
英国一猫咪整日怒容满面被称为脾气最坏猫(图)据英国《每日邮报》6月28日报道，来自英国诺福克郡、65岁孀居的罗丝 奥顿有一只8岁大的灰白色缅甸猫“皮普”，而在“皮普”与奥顿夫人相伴的一年半时间里，它从未露出过“好脸”。《每日邮报》戏称“皮普先生”是全英国脾气最坏的猫。据它的主人奥顿称，这只猫整天都一脸生气和不满的样子，它平时不喜欢噪音和坏天气，尤其讨厌足球；一到刮风或者下雨天，它要么钻进主人家里，要么就蜷在它的小窝里，可即使是盼到了它喜欢的夏天，“皮普”脸上仍然没有一丝快意，与冬天不同的只是会在主人家后花园的灌木丛里多待一会，而它唯一喜欢的消磨时间的事情就是待在这里盯着狗狗们的一举一动。据英国《每日邮报》6月28日报道，来自英国诺福克郡、65岁孀居的罗丝 奥顿有一只8岁大的灰白色缅甸猫“皮普”，而在“皮普”与奥顿夫人相伴的一年半时间里，它从未露出过“好脸”。《每日邮报》戏称“皮普先生”是全英国脾气最坏的猫。据它的主人奥顿称，这只猫整天都一脸生气和不满的样子，它平时不喜欢噪音和坏天气，尤其讨厌足球；一到刮风或者下雨天，它要么钻进主人家里，要么就蜷在它的小窝里，可即使是盼到了它喜欢的夏天，“皮普”脸上仍然没有一丝快意，与冬天不同的只是会在主人家后花园的灌木丛里多待一会，而它唯一喜欢的消磨时间的事情就是待在这里盯着狗狗们的一举一动。,5,9,0.9147871136665344
会笑的狗狗爆红网络 与各路名人“合影”(组图)它仅是一只普普通通、随处可见的杂种狗，但却能够像人类一样露齿微笑，人们亲切地称呼它为“快乐狗狗”。现在，这只擅长微笑的小狗已经爆红网络，被PS进各路名人的照片中，俨然一个大明星。,5,9,0.4185853898525238
大学生拍毕业照西湖溺亡 赴美全奖读博成泡影(图)昨天傍晚5点半，本报96068接到热线，说有人掉进西湖了，消防人员正出动去解救。本报记者驱车赶到现场，已是傍晚6点。只见西泠桥东面、北山路边上，消防车、救护车、警车排了长长一队。四周都拉起了警戒线。湖中央，5艘快艇正在打捞作业，随后，西湖捕鱼队的两艘渔船也加入了搜救的队伍。听周围的目击者说，落水者是个年轻的小伙子。直至晚上7点20分左右，小伙子才被打捞上来。救护人员立刻对他进行了急救，第一时间送往医院。可晚上9点，医院传来消息：小伙子抢救无效，死亡。记者随后从西湖水域管理处了解到，落水的小伙子是浙大刚毕业的大学生，昨天傍晚和朋友一起出来逛西湖，两人行至镜湖厅时，小伙子一时兴起跳入湖中，让朋友给他拍照留念。可当他游到接近湖中央时突然间沉了下去。朋友随即打电话呼救。但可惜的是，经过2个多小时的救援也没能将他唤醒。记者听说小伙子水性不错，可现实是，一个风华正茂的年轻生命就这样永远地走了“学士服照看看没啥意思，就不传了，各位等我跳西湖的照片吧。”昨天下午，大学刚毕业的小辛(化名)在人人网留下最后一条消息，决定用爬树跳西湖的方式，留下一组最疯狂的毕业照。下午5点20分，小辛从北山路西泠桥旁纵身跳入西湖，一口气游往对岸的孤山公园荷花池。7点15分，小辛冰冷僵直的躯体被搜救人员打捞上岸，医院最终宣布其抢救无效死亡。如果没有这纵身一跃，22岁的小辛今天上午本将赶赴北京实习，此前，他已经拿到了一所美国大学的博士全额奖学金。掏出手机钱包之后 他纵身跳进了西湖昨天下午5点多，湖南游客罗女士和朋友散步到西泠桥旁，坐在湖边的长凳上休息，不一会，走来了两个小伙子。“其中一个小伙子把手机、钱包都掏出来放在湖边，然后脱掉鞋子就爬到湖边的树上去了，另一个人则拿出相机去拍，我都搞不懂他们想干吗。”罗女士回忆。随后，爬到树杈上的小伙子突然纵身一跃跳入湖中，“扑通”一声把罗女士吓了一跳。“我开始还以为他是不小心滑下去了，直到他冒出湖面对着岸上给他拍照的朋友做了个表情，我才明白他是下湖游泳。”罗女士说，“他的水性不错，一会儿就游到了湖中心，然后开始一上一下地浮动，不过因为他水性很好，我们也没觉得不对劲，以为他在玩呢。”可是才过了1分钟，小伙子突然叫了一声，就沉到了水下，直到这时，岸边的人才意识到出事了。“从他跳水到溺水，大概只有两三分钟。”罗女士说。搜救持续近两小时 上岸已无呼吸心跳岸边的人开始大声呼救，同时，一直在岸边拍照的小伙子也扔掉相机，打电话报了警。另一位目击者陈先生说，自己当时质问过岸上拍照的小伙子，问他为什么不阻止同伴跳湖，拍照的小伙子解释，他叫小李，跳湖小伙叫小辛，两人都是杭州某大学的同班同学，刚刚毕业，小辛想用跳西湖的方式拍一组疯狂的毕业照片，自己是被小辛叫来拍照的。溺水发生后不久，公安、消防等部门赶到现场展开施救，可是随着夜色渐渐变暗，搜救难度逐渐加大。潜水员搜救无果后，警方又往湖里撒下排钩，终于在晚上7点15分左右将小辛打捞上岸，此时距离小辛溺水已经过去近2个小时了。被捞上岸时，小辛已经没有了心跳和呼吸，在岸边接受紧急施救后被送往附近医院治疗，但终因抢救无效身亡。导致小辛溺水的具体原因仍需调查，但记者昨天下午试了试西湖水温，有点凉，就连专业搜救人员下水前也要热身，而且每搜救一段时间就要轮换回到船上休息。一没爬树二没跳湖 他不要失败毕业季小辛为什么要用爬树跳湖的方式来庆祝毕业？同学小李说，这个念头起源于小辛看到的一张照片。“我们有个校友，也是今年毕业，在拍毕业照的那天，他穿着学士服，跳进了校园内的一个湖里，还拍照留念了。”小李说，小辛看了照片后，就萌生了“跳湖”纪念的念头。小李的说法也被小辛在人人网个人主页上陆续发布的消息所证实，前天晚上，小辛分别发布了2条消息，先是说：“一没爬树，二没跳湖，毕业季真失败。”接着说：“多征几个人，一起跳西湖。”就在昨天下午付诸行动之前，小辛还发布了最后1条消息，“学士服照看看没啥意思，就不传了，各位等我跳西湖的照片吧。”今天离开杭州之前 一定要把心愿了了前天中午，因为知道小李喜欢摄影，小辛就请求小李陪他去 “跳湖”，但由于小李当天有了别的安排，他的想法落空了。昨日下午，小辛再次找到小李，希望小李帮忙拍照，拍下自己爬树跳湖的全过程。小李不好意思再推却，于是带着自己的摄影包，跟着小辛出门了。“开始小辛是要去校友跳过的那个湖留念的，但是因为路途比较远，出门也晚了，所以就觉得去西湖比较方便。”小李说。小李说，就在出门拍照前，自己还陪着小辛去学校的代售点买了今天上午去北京的火车票，因为小辛打算毕业后先去北京一家公司实习，所以他琢磨着在离开杭州之前，一定要把“跳水”的心愿了了。他躲过日本大地震 将去美国攻读博士事发后，现场来了一些小辛的同学，小辛发生意外，让他们一时很难接受。同学们说，小辛是河南人，学的是计算机科学与技术，他平时很乖，开朗，有想法，但是还从来没做过什么疯狂的举动。因为小辛学习成绩名列前茅，他还被所在的大学推荐为交换生赴日本交流学习。“作为交换生去日本学习的那段时间，他还经历了3月11日的日本大地震，那么大的灾难都躲过去了，真没想到会发生这样的事情。”小辛的同学说。据同学小李透露，小辛在毕业前已经获得了美国一所大学PhD(学术型博士，是全世界公认的学历架构中最高级的学衔)的全额奖学金。小辛研读博士学位的5年间，每月还有2000到3000美金的奖学金补助。可是随着这疯狂的一跃，这条年轻鲜活且有着大好前景的生命，就这样提前凋谢了。(记者：刘栋 张琴 张之冰 黄兆轶 王子诚 孟贺),5,9,0.6293968558311462
英女子成获奖专业户 去年10月以来每天都赢奖品英国妇女莉兹·迪奈厄尔堪称获奖“专业户”：自去年10月以来，她每天都能获得奖品。她卖掉不需要的奖品以维持生计，日子过得有滋有味。迪奈厄尔现年51岁，曾是银行职员，因罹患纤维肌痛综合征失去工作。但是因为参加各类网上有奖竞赛和填字游戏运气颇佳，屡屡获奖，单靠奖品和奖金就能维持生计。迪奈厄尔说：“我参加网络竞赛，自去年10月以来每天都能赢得奖品。”奖品包括洗发水、清洁用品、电影票等小玩意儿，还有电视机、手机、家庭影院等大件。迪奈厄尔说，收获最丰的一个月拿了36份奖品，包括一部苹果iPhone手机、一张面值50英镑(约合90美元)的购物卡、数张电影票和多件昂贵的美容美发用品。今年一月她斩获大件最多，包括一台37英寸液晶电视机、一套家庭影院系统、两台苹果iPod Nano音乐播放器、两台美国微软公司开发的X-Box家用游戏机以及英国假期两日游等。黄敏 新华社,5,9,0.791735053062439
猕猴捡到相机大摆POSE 狂拍数百张照片(组图)你相信吗？这些清晰的照片，竟然出自一只猕猴之手！英国摄影师大卫·斯莱特日前在印尼苏拉威西岛北部的一个国家公园内旅行，在那里遇到了一群珍稀的黑冠猕猴。这些感到好奇的动物围着斯莱特留下的相机跳来跳去。“它们中肯定有一个家伙按到了开关，启动了相机。”斯莱特说，“之后，一只淘气的猕猴拿起相机，乱摁一通，竟然按下了快门。”摸到窍门后，这只猕猴开始不断地拍照，而其他同伴则十分配合地“大摆POSE”，甚至露出大大的笑脸，显得十分兴奋。斯莱特说：“当我拿回相机时，它已经拍摄了数百张照片，当然，大部分都是对焦不准的。”,5,9,0.9856858253479004
网友晒中美物价对比 9.9美元鞋子国内要499元“在美国卖9.9美元的鞋子，39.9美元的牛仔裤，30美元的T恤衫，同样品牌在国内分别是499元、799元和799元……”连日来，这场“比价”游戏引来了越来越多人的关注和参与。最近，一条微博在网上转发率非常高，内容是说以购买力计算，在中国吃穿用度的成本超过了美国。而记者在对一些外籍人士采访时，受访者普遍的疑问是：中国内地的普通人怎么活？中国的消费真的贵吗？都贵在哪？除了工资低，我们是否真的没有价格优势？“商品和外国沾边就贵”Cathy是美国密歇根大学医学院的新生，今年暑假她来到中国实习。她说，自己并不是一个对价格很敏感的人，但来到中国后的见闻还是让她有点吃惊。在北京的一家商场，她看中了一条裙子，700多元人民币。“美国时尚品牌的裙子也差不多是这个价格(100美元左右)，这和我之前认为的‘中国制造的东西都很便宜’完全不同”，她说。她最后放弃了那条裙子，而去服装批发市场买了几件100元以内的衣服。“我还是更喜欢这样的中国”，她说。来中国将近一个月的时间里，Cathy最大的感受是只要是和“外国”沾边的商品，中国的价格就比美国贵。在美国，Levi’s算不上什么“潮牌”，大部分的牛仔裤每条都在40-50美元，有时甚至打折至20美元。而在国内，该品牌的牛仔裤得五六百元。Nike、阿迪达斯的新款运动鞋，美国卖到80-100美元，最贵不超过150美元，而国内专柜中，价格上千元的比比皆是。在纽约这样的大城市，麦当劳的一个套餐在5美元左右，小城市更是低至2-3美元。即使是那些上等的餐厅、需要穿着正装出席的场合，一顿晚宴也就50-60美元左右，外加15%的小费。当她得知中国有一些动辄上万、十几万元的天价宴时，直呼“难以置信”，“他们吃的是什么？为什么这么浪费”？至于美国的房价，Cathy说，她的父母一年前在新泽西州的普林斯顿市区买了一套房子，两层楼、五间卧室、外加一个小花园，花费80万美元(约合517万人民币)。她说，这在美国东海岸(除纽约外)算是比较高的价位。而在中部的一些城市，10万美元就能买到比这面积更大的房子。“我听说中国的人均工资只有美国的十分之一，但消费水平却和我们差不多”，Cathy说，“那普通人怎么生活呢？”“北京消费水平不次于香港”在香港工作的姚先生对记者表示，北京的消费水平已经和香港不相上下了，如果算上汇率因素，有的甚至贵过香港。但在香港，一个大学毕业生的起薪至少是一万港元。刚刚从香港回到北京的王小姐则表示，内地游客大批涌向香港“扫货”的原因除了便宜之外，很大程度上还是因为货物齐全和服务到位。对于一般中高档消费品而言，算上汇率后香港的价格一般是内地的七折左右，化妆品更便宜一些。“香港很少有假货，质量更放心”，她说，“而且香港的打折是实实在在的，不会有把原价提高再打折这样的猫腻”。王小姐还提到，在香港看演唱会的成本比国内低得多，“便宜大发了”。一般香港本地歌手演唱会最高票价平均只要500港元左右，就算王菲这样的巨星，只要花980港元，就能坐到场内前排。而在北京，王小姐花了1000元人民币买到的还是看台票，而最高票价是2200元人民币。专家观点价格高不全因税负重中国人民大学财政金融学院教授岳树民：境内消费品价格普遍高于境外的现象，有媒体称最大的原因在于高税负，这种说法并不客观。定价策略、市场需求程度、产品运输成本、场地租金等都会影响产品定价，不同的商品价格影响因素不尽相同。虽然政府确实对影响价格的某些因素负有责任，但“板子”不能都打在政府身上，应该通过科学严谨地调查，分清政府和企业的责任。国税总局税收科学研究所副所长靳东升：知名品牌的定价不一定按价值规律办事。现在网友“晒”出的商品价格有些以偏概全，统计方法并不科学，不能以此断定中国的消费水平就一定比国外高。税收调节应保证公平国税总局税收科学研究所副所长靳东升：关税是一种特殊调节的工具，对于保护我国某些处于弱势的产业具有一定的保护作用。如果降低进口商品的关税，可能损害一些国内企业的利益，因此有关部门要慎重权衡。同时，如果要降低进口产品的消费税和附加税，也应该同时给国内的同类商品相应地“减负”，这样才不会有悖于公平原则，干预和影响市场的正常运作。中国社会科学院财贸所研究员杨志勇：价格的形成因素是多方面的，但税收肯定是一个很重要的方面。从理论上讲，我国的税收确实有下调的必要，但由于目前间接税已经成为我国财政收入的重要来源，税制结构调整并不是一件容易的事。采访后记国内并非都比国外贵在采访中，几位受访者普遍认为，中国内地的交通费用相对比较便宜，特别是在北京。王小姐表示，北京的出租车、地铁费用都比香港便宜，她每天从九龙的红?到港岛的中环上班，坐小巴和搭地铁单程花费就要12港元。Cathy则表示，尽管上万元的天价餐让她难以理解，但普遍饭馆还是很便宜的。她实习的医院食堂，通常午餐5-6元就可以吃得很丰盛，味道也比美国的中餐更正宗。一些小饭馆的套餐也只要10-20元，而在美国，同类中餐馆最便宜的也要6美元左右。网友“微”观“运费高过生产成本”@_浪潮之巅_：广东生产的东西运到北京，运费比运到洛杉矶还贵。汰渍的洗衣粉，广东生产，运到哈尔滨，运费比生产的成本还高。(后来宝洁不得不在北方再开工厂。)另外中国的零售税是17%，美国各州不超过10%，个别州是零。@余晓平：最近中国一直在热传美国的物价低于中国，特别是生活必需品方面，甚至换算成同一种货币都低于中国。从整体情况来看，美国人各项消费的支出所占收入的比例要远远低于中国人。如果考虑到支出占收入的比例，同时考虑到性价比，那么据我观察，美国只有两样东西要比中国贵，一个是知识产权，一个是人工。@Vincent_YFV：美国消费税6%，中国vat(附加税，记者注)17%但是可以抵扣，企业实际税负和美国差不多，但消费者的税负太高了，还有过路费等各种收费，以及土地财政推高的租赁及不动产价格，各代理环节的利润和打点行政部门的费用，这些才是物价高昂的原因。(记者：沈玮青),5,9,0.8675388693809509
纽约大胃王吃热狗设女子赛组 “黑寡妇”报名中新网7月3日电 据“中广新闻网”3日报道，纽约康尼岛在每年美国国庆节(7月4日)举办的热狗“大胃王”比赛，总是吸引很多人参加，来自世界各地的“高人”也展现了非凡的吃热狗“才华”。今年，这一饕餮届的盛事将增加一项只限女性参加的吃热狗比赛。据报道，主办单位说，就好像小威廉姆斯不需要击败费德勒，就能拿到温布尔登网球公开赛冠军一样，大胃王的比赛，让女性与男性较劲，是不公平的。2011年康尼岛热狗大胃王比赛的女子赛有8人报名，最被看好的就是人称“黑寡妇”的索尼娅•托马斯，她在2009年以10分钟吞掉41根热狗的成绩，刷新了女子吃热狗的世界纪录。而男子赛部分，冠军已经连续4年被绰号为“大嘴”的切斯诺包办。去年，他的成绩是54根热狗，冠军奖金2万美元。报道指，2001年到2007年的世界纪录保持人、日本“大胃王”小林尊因合约争议，已经好几年缺席这项比赛。据称今年他要“另起炉灶”，自己当比赛主办人，和康尼岛的比赛“分道扬镳”。,5,9,0.9698202610015869
华盛顿州政府国债项目北京认购会北京认购会主题：华盛顿州政府国债项目认购会时间：2011年7月23日(星期六)下午14：30地点：北京市国贸中国大饭店宴会A厅 预约电话：400-0909-899项目优势：首个美国州政府发行国债形式的EB-5项目美国华盛顿州区域中心国债项目是由州政府发行免税的一般义务债券形式融资的EB-5项目，华盛顿州政府发行的一般责任债券获得非常高的信誉评级， 享誉盛名的三大国际信用评级机构评级分别是：穆迪将其评级为AA1级，标准普尔将其级为AA+级，惠誉国际评级公司亦将其评级为AA+ 级。世贸通重磅推出美国投资移民华盛顿州国债项目，买美国州政府国债，全家移民美国！该项目获华盛顿州政府立法支持，资金安全，2年解除绿卡条件后，即可按个人意愿， 委托经纪人在美国公开市场出售国债收回投资。项目首场三地认购会于7月9日结束，到场投资人对该首个由州政府发行债券来融资的EB-5项目热情度极高，世贸通7月下旬特邀华盛顿州区域中心主席Mike Mattox、亚洲市场及商业发展总监Andrew Lin、销售总监Connor Chen，举办该项目的第二场京、深、青岛三地认购会，全球尊享99名，欢迎预约出席：400-0909-899！详情请继续关注世贸通官网！,5,4,0.4583444893360138
华盛顿州政府国债项目深圳认购会深圳认购会主题：华盛顿州政府国债项目认购会时间：2011年7月17日(星期日)下午14：30地点：深圳市福田区福华路大中华喜来登酒店6层宋二厅项目优势：首个美国州政府发行国债形式的EB-5项目美国华盛顿州区域中心国债项目是由州政府发行免税的一般义务债券形式融资的EB-5项目，华盛顿州政府发行的一般责任债券获得非常高的信誉评级， 享誉盛名的三大国际信用评级机构评级分别是：穆迪将其评级为AA1级，标准普尔将其级为AA+级，惠誉国际评级公司亦将其评级为AA+ 级。世贸通重磅推出美国投资移民华盛顿州国债项目，买美国州政府国债，全家移民美国！该项目获华盛顿州政府立法支持，资金安全，2年解除绿卡条件后，即可按个人意愿， 委托经纪人在美国公开市场出售国债收回投资。项目首场三地认购会于7月9日结束，到场投资人对该首个由州政府发行债券来融资的EB-5项目热情度极高，世贸通7月下旬特邀华盛顿州区域中心主席Mike Mattox、亚洲市场及商业发展总监Andrew Lin、销售总监Connor Chen，举办该项目的第二场京、深、青岛三地认购会，全球尊享99名，欢迎预约出席：400-0909-899！,5,4,0.6784958839416504
"美国南州火鸡加工项目说明会北京说明会主题：南州火鸡加工项目说明会时间：2011年7月16日(星期六)下午14：30地点：北京市朝阳区金桐西路10号远洋光华国际A座8层预约电话：010-5979 9665项目背景：美国南州火鸡加工项目是南达科他州区域中心第20个项目，曾开发的19个EB-5项目都取得了巨大的成功。 南达科他州是美国EB-5项目批准最多的州，由政府直接经营和管理， 所以EB-5项目贷款担保有力。火鸡项目投资总额为1.05亿，向投资人借款4600万美元，推广名额92个，借款将用于投资家禽/家畜养殖和加工设施。融资项目包括两个单独的部分，项目I及项目II。项目I为Dakota Gobblers所拥有和经营，项目II涉及多个胡特尔派公社成立的独立的有限责任公司(大约7个有限责任公司)，这些公司从事家禽/家畜(包括火鸡和食用猪)的全美需求供应。与此同时，项目的发展将会直接或间接给当地创造出超过美国移民局要求10倍的就业机会，使投资者完全符合相关规定，达到移民目标。项目优势：1,该项目即使没有来自EB-5的资金也能运作下去。与美国绝大多数州区域中心不同，南州区域中心是由州政府直接管理，州政府会大力投资本土优势项目，向EB-5投资人借款只是由于该过程中的融资成最低。2,州政府的目的是创造就业而不是利润。州政府的这一目的，和联邦政府不约而同，这就保证了项目绝对受到政府的支持，只要政府不倒闭，项目就会顺利进行下去。3,南州所有的EB-5项目开发前，政府都事先考虑到了对州经济的长期刺激。火鸡加工项目方达科食品公司是全美最主要的鸡肉、猪肉供应商，诸如沃尔玛这样的大型连锁超市，一直是其产品的主要供应渠道。4,强有力的投资回报担保。向价值超过1亿美元的项目提供上限为4600万美元的借款，借款得到项目的建筑和土地作为第一顺位担保，并得到达科他食品公司以及参与项目的胡特尔派公社的担保，担保公司的总净值超过4亿美元。 借款另外得到5平方英里的保守估价为1000万美元的优质农地作为担保。",5,4,0.8990014791488647
美妇女自认“猴妈” 与猕猴情同母子(组图)据英国《每日邮报》7月19日报道，37岁的美国伊利诺伊州妇女康妮·蒂比是一位狂热的猴子爱好者。不管是周末逛超市，还是平日里开车下班，她养的5只猕猴都跟随着她。经营着一家宠物店的康妮表示，她跟5只猕猴亲如一家人。“它们就像婴儿一样赖着我。如果有谁欺负我，它们就会尖叫。我就是它们的妈妈，它们很喜欢我。”她为每个猕猴都起了名字，在厨房里给它们换尿布，甚至给它们穿上可爱的小衣服，每周都会给它们洗次澡。她解释说，猴宝宝的一天往往是这样度过的。“每天早晨我都会给它们准备蜂蜜坚果甜甜圈、水果和牛奶。吃完以后它们会依次等我给它们换尿片。等一切做完以后，它们就能自由活动了。它们晚上睡在笼子里的吊床上。”康妮甚至会让其中的一只猕猴跟她睡觉，这只猕猴甚至还有专属睡衣。据悉，康妮的丈夫史蒂夫每次试图接近这些猕猴时，都会被抓伤。康妮说：“我丈夫时常抱怨我给那些猕猴的亲吻和关心比给他的还多。”康妮的两个最小的孩子——13岁的道尔顿和12岁的维多利亚——已经开始习惯妈妈对猕猴的痴迷。但是17岁的大儿子坦纳却不怎么喜欢那些猕猴。按照康妮的说法，“他们都不喜欢对方”。尽管承受着事业，家庭，以及饲养5只猕猴的压力，康妮表示她很满意现在的状态。她说：“饲养猴子是我一直以来的梦想。” (记者：信莲 北风),5,9,0.979453980922699
加推10年多次往返签 华裔航天员家庭欢迎中新网7月22日电 综合加拿大《明报》报道，加拿大联邦公民、移民及多元文化部长康尼(Jason Kenney)20日在多伦多向加拿大经济俱乐部会员发表早餐演说时宣布，由今年夏季末开始，外地人士申请多次进出境签证(multiple-entry visa)时，可由过往最长的5年期，转为10年期。此举受到华裔各界，尤其是“航天员”家庭的广泛欢迎。加国发10年多次进出签证加拿大移民部说，通常加国政府鼓励正申请受担保移民类别的父母及祖父母，申请上述多次进出境签证，从而当等待申请批准期间，可经常到加国探望子女。现时也鼓励商业访客申请该类签证。康尼说，现时来自中国及印度的访客都要申请签证，该多次进出境签证可方便“低风险”申请者，也减少签证办公室的工作量，从而可集中调查危险人物企图入境。移民部指出，现时愈来愈多国家发出10年期的护照，故移民部会依据申请者的护照有效期，若护照有效期是10年，他们也有资格申请10年期的加国多次进出境签证。10年签证或成“航天员”喜讯此外，康尼于演说中表示，加国不会大量增加移民额，由于加人不喜欢见到太多新移民，而联邦政府也没有资源帮助他们融入社会。他指加国面临劳工短缺，需移民来补充本国人口老化问题。有数项研究指加国需要将现时平均每年25万人的移民额增加4倍，即是每年接收100万名移民，才能维持劳动人口比率。他续称，联邦政府不会接受，由于加国根本没有资源帮助他们融入加国社会，例如要提供英语或法语为第二语言训练等；同时也会令加国的医疗?公共教育及房屋供应出现问题。华裔欢迎“航天员”佳音加拿大延长签证有效期受到华裔各界广泛欢迎，指出有助经贸文化交流，更是“航天员”的佳音，因为不少在中国有生意的永久居民，其意愿并非入加籍，只是希望可以常从中国飞过来探望家人，他们非常希望能用十年多次往返签证取代坐移民监。加拿大中国文化促进会会长李琦对新的签证措施表示欢迎，认为不少中国护照有效期长达十年，认为有助加、中两国的文化经贸交流活动。他说过去安排了不少表演活动，也是因为中国表演者的签证出现问题，最后整场表演泡汤，被迫取消。他说，目前中国的经济发达，生活条件也不是很差，表演艺人在中国赚钱的机会很多，而当地华人少，演出机会不大，其实中国演员留下来的诱因根本不强，特别是一些大师级的演艺人员。不过，他有留意最近似乎有放宽的迹象。PBISS移民服务协会的蒋骏也认为新政策是好消息，但他指出，也需要理性认识新政策的局限。蒋骏说，签证官有权发出十年少一个月的签证，但其实最后要看护照的有效期限。假若护照只剩下两年有效期，那么最多只能拿到两年减一个月的签证。他指出，这与美国仍然有差距，拿到美国的十年签证，即使护照到期，换了新护照，入境时仍然可以拿新护照与过期护照过关，签证仍然有效。他指出，虽然加拿大签证目前最长时间是五年，但其实一般商务签证通常只拿到一年，父母探亲可能拿到两三年。他说，虽然新政策可以延长到十年，但正式签证期限有多长久，仍然有待观察，因为十年签证并不表示可以连续居留十年，要到入境时由当值移民官决定可逗留多久，一般只是六个月。列治文张女士也欢迎新措施，她丈夫是典型的“航天员”，在国内有生意，只能隔几个月飞回加拿大与家人团聚，其实他自己并无入籍打算，拿枫叶卡也只为出入境方便，如果拿到十年多次往返签证，他甚至愿意放弃枫叶卡，即永久居民身份，以后也没有要坐移民监的困扰。,5,9,0.8402993679046631
国外“乐跳”游戏水上飞照今夏风靡(组图)找一个泳池，搭好跳板，然后纵身一跃，在落水前的瞬间定格身姿，摆出最无厘头的搞笑姿势，这就是最近风靡网络的游戏“乐跳”(leisure dive)。据英国《每日邮报》7月18日报道，leisuredive.com网站近日发出“召集令”，号召网友抓拍自己最精彩的“乐跳”照片传上网进行大比拼。而各路外国网友也创意百出，用相机记录下了许多令人忍俊不禁的滑稽时刻。(记者：谌融),5,9,0.6260448694229126
五千加沙儿童共绘手印画 打破吉尼斯纪录2011年7月21日，加沙南部城镇甘尤尼斯，联合国难民救济及工程署在当地举办儿童手印画活动。超过5000名儿童在地面画布上用手印作画，创造新的吉尼斯世界纪录。图据国际在线中新网7月21日电 据联合国网站消息，超过5000名加沙儿童当天共同绘制完成了一幅巨型手印画，再次创造了新的吉尼斯世界纪录。这也是在过去三周时间里，加沙儿童打破的第三项世界纪录，此前他们已经打破了最多人同时盘带足球行进的世界纪录以及多人参加降落伞游戏的吉尼斯世界纪录。上述活动都是由近东难民救济工程处组织的2011年加沙儿童夏令营的组成部分。据报道，5000多名当地儿童21日在位于加沙地带南部的汗尤尼斯(Khan Younis)体育场参加了此次手绘画活动；他们同心协力，一起创造了面积达5922.2平方米的这幅巨型画作，超出前世界纪录1000多平方米。尤其值得一提的是，在参加活动的儿童中，有很多是有特殊教育需求的智障儿童。随着以色列对加沙地带的封锁进入第五年，这个夏令营活动也连续第五年举办，并成为当地的一大盛事。去年，有超过25万儿童参加了这一包括体育运动、戏剧和工艺活动在内的夏令营。通过夏令营以及打破吉尼斯纪录等活动，联合国近东难民救济工程处希望人们能够了解加沙儿童的生活状态，同时也为处于被封锁状态下的加沙年轻人提供心理上的慰籍。,5,9,0.965670108795166
美国“胖妈”减肥近百公斤变“辣妈”(图)据新华社电 美国胖妈斯塔茜·布里德韦尔减肥前体重456磅(约206.8千克)，经专业教练指导，她一年内减掉201磅(91.2千克)。美国广播公司(ABC)《超级变身》最新一期“减肥专辑”讲述了布里德韦尔的减肥故事。13岁体重200磅布里德韦尔现年30岁，住在得克萨斯州哈斯利特，有两个女儿。她从少女时代开始体重猛增，一发不可收拾。据回忆，她13岁至15岁期间增重大约200磅(90.7千克)。高中时，因为无法坐进教室里的椅子，她不得不辍学。成年后，肥胖不仅影响到她的日常生活，还影响了工作。布里德韦尔是医疗放射车技师。受工作性质所限，最多时她一天中10小时待在车上，吃快餐是常事。“有时我需要上门服务，病人看到我就会发出惊叹，”她说，“他们被我的体重吓怕了，我比任何人都胖。”用布里德韦尔的话说，她“一生都在与肥胖作战”，试过各种减肥食谱。专家指导每天进行4小时心肺锻炼和1小时减肥锻炼。据新华社电 鲍威尔为布里德韦尔制定了分阶段减肥方案，除了锻炼，还告诉她如何吃得健康。依照方案，每天进行4小时心肺锻炼和1小时减肥锻炼。鲍威尔给布里德韦尔定下头三个月减重100磅(45.4千克)的目标。“头三个月过后，我减掉105磅(47.6千克)。”布里德韦尔说。减肥6个月后，她的体重减至290磅(131.5千克)。英国《每日邮报》19日刊登的照片中，布里德韦尔减肥前穿的牛仔裤，一条裤腿就能装下她。但减肥后半段，布里德韦尔遭遇“瓶颈”，一些坏习惯又找上她。她开始吃垃圾食品，每天的锻炼也无法保证。9个月时，她又恢复了信心，再度努力，把体重减至255磅(115.7千克)。回顾减肥历程，她说：“最艰难的是开始以及让自己相信能够坚持下去。”,5,9,0.8243868947029114
英楼顶建人工湖 游客惬意划船俯瞰伦敦(组图)中新网7月22日电 综合媒体22日报道，为了替新产品造势，厂商在英国伦敦知名百货公司Selfridges屋顶上建造了一座小型人工湖，配备10多艘迷你小船，供人们划船游玩，享受闹中取静的乐趣。据报道，这是自第二次世界大战以来，伦敦知名百货公司Selfridges首次开放屋顶。食品业者为了替新产品造势，不惜花重金打造一个占地400平方米的屋顶人工岛和湖泊。除使用数英里长的钢铁加固屋顶，搬来数千植物、灌入大量染成明亮薄荷绿色的水外，厂商还放入12艘带有迷你桨的小船，一艘船最多承载2人。游客可以坐在船上，一边在碧绿的湖水中划船乘凉，一边俯瞰伦敦高低起伏的建筑景观，别有一番韵味。这个屋顶人工湖甚至专门设有一名救生员，有人不慎从船上跌下水也不用担心。人们在划船之余，还能在现场开设的一个鸡尾酒吧聊天喝酒、试吃新产品，这样的营销活动创意十足，工程难度也很高。尽管整个活动只有短短4天，但从现场民众的反应来看，这一营销创意应该已经给大家留下了深刻印象。,5,9,0.9929087162017822
新西兰出现“鱼坚强” 地震后无食活134天(图)今年2月22日在新西兰克莱斯特彻奇市发生的里氏6.3级地震又出现了两名幸存者，不过并不是人类，而是两条相濡以沫的小金鱼。这两条分别叫莎姬和黛芬妮的金鱼在没有食物、没有换水及过滤装置的情况下活了134天，直到这个月人们才发现了它们。这两条金鱼能活下来一方面是因为放金鱼的水箱体积较大，所以它们能从水箱壁和石头上长的野草获得足够的营养。另一方面自然生长的细菌也帮助净化了水源。,5,9,0.9941987991333008
小猫酷似希特勒被弃养 现苦寻新家(图)中新网7月30日电 英国剑桥郡有一只六周大的可爱小猫被人遗弃在路边，附近的动物收容所人员发现并且收留了它，但是令人意外的是，这只小猫看起来就像是二次世界大战纳粹德国元首希特勒，让工作人员啧啧称奇。据“今日新闻”报道，这只小猫被工作人员命名为琦特勒(Kitler)，它的嘴巴附近有着特殊的黑色胎记，看起来就像是“牙刷式胡子”，此外，小猫的头上也有黑色斑块，神似侧分边的头发，跟希特勒惯有的造型如出一辙。工作人员私下透露，琦特勒活泼爱动、非常的可爱。不过，由于它拥有和希特勒相似的特殊外型，以致于苦苦找不到饲主愿意收养它，“因为它是弃养猫，所以我们无法知道它的品种。虽然找过无数的饲主，但都没有一个人想要带它回家，我们想应该是因为它长得像希特勒让大家害怕。”琦特勒被动物收容所人员发现时，已经濒临死亡，所幸之后顺利的捡回一条小命，英国《每日邮报》报导时，更刊登出收养这只小猫的联络方式，希望替它找到一个新的家。,5,9,0.943004846572876
美国艺术家用气球折出世界名画(组图)中新网8月3日电 据外媒2日报道，名画自古以来就有不少复制品，但是用气球再造名画可不常见。而纽约艺术家拉里•莫斯用不同形状的气球创作出别具风格的名画复制品。虽然不像名画一样价值连城，但拉里的一幅大型气球创作也价值数十万美元。除了画作，拉里还曾用10万个气球建造了一间1万平方英尺的鬼屋。拉里称他喜欢将名作用其他有趣的方式重塑出来，让这些经典名作少点庄重感。“我喜欢用普通的材料创作，气球就是个不错的选择。只要使用得当，什么都能成为艺术。铅笔、油漆、黏土都可以。”拉里说，“对于很多人来说气球只是一个玩具，是个一放手就上天的玩意儿。但是在我手中，人们会看到气球的其他用途。”就像《飞屋环游记》里卡尔爷爷的飞翔屋一样，拉里的气球就是他探索世界的工具。他说：“我的气球作品在世界各地展出。人们看见我的作品总会会心一笑。小熊维尼说过：‘有了气球就开心了。’气球会爆掉，但是愉快的记忆永存。”,5,9,0.956030011177063
大马非法外劳漂白计划实施一周逾24万人登记中新网8月6日电 据新加坡《联合早报》报道，马来西亚非法外劳漂白计划自8月1日开始以来，至今已有24万5376名非法外劳进行登记。马来西亚内政部副秘书长阿威说，根据统计，雪兰莪州是非法外劳登记人数最多的州属，共有79855名非法外劳登记，其次依序是吉隆坡54041人，以及柔佛有31060名非法外劳登记。阿威指出，这些外劳都是通过全马各地197个移民局办事处设立的1934个服务柜台和336间外劳仲介公司进行登记。非法外劳漂白计划将进行至本月尾，以解决马来西亚大量非法外劳的问题。马来西亚保守估计约有200万名非法外劳。,5,7,0.6886047124862671
美海豚断尾后接仿生尾鳍 将拍电影讲传奇(组图)中新网8月8日电 据外媒8日报道，美国佛罗里达州一只名叫“温特”的海豚的故事在当地早已家喻户晓。5年前，这条小海豚在仅2个月大时不小心掉进了捕蟹笼导致尾鳍断裂，人们为救活它不得已对它进行截肢。“温特”没有了尾鳍就没办法存活，所以后来人们为它装上了树脂和硅制成的仿生尾巴，在经过了长时间的适应后，温特活了下来。后来，温特甚至能做出后空翻、拍水等让人惊叹的动作。温特的故事体现出的温情与人和动物之间的关爱感动了不少人。不少残疾儿童都来看过温特，并从温特的身上获得了勇气。12岁的小女孩汉娜•杰金斯失去了左手和左前臂，她说温特给了她活下去的力量。今年，温特即将成为电影明星出演它自己的故事。著名演员摩根•弗里曼、以及哈利•小考尼克和阿西莉•贾德也将参演电影。整部电影主要讲述了温特的仿生尾在制造过程中遇到的种种艰难，以及温特如何适应这条仿生尾，过上正常生活的故事。此片的导演是查尔斯•马丁•史密斯，影片将在今年秋天以3D形式在英国首映。,5,9,0.996168315410614
哈里北极之旅险丢性命 先斩后奏防女王担心(组图)英国王位第三顺位继承人哈里王子今年年初曾与英国伤残军人一道前往北极探险。据英国媒体8月13日报道，有关哈里此次远征北极的纪录片《哈里王子的北极英雄们》将于近日播出，再现他在危机四伏的北极的种种经历，如险些冻掉耳朵及不顾性命危险横渡薄冰地区等。这部定于23日晚上9点在英国广播公司1台播出的纪录片显示，哈里王子心知北极之旅必定危险重重，因此事先并未告知女王，以免她担心。“我的父亲显然知道我来北极了，我的哥哥也知道。不过，我还是没敢声张，”哈里在纪录片中称，“我的爷爷奶奶和家里的其他人(知道了)肯定会说我疯了。”在哈里王子结束此行的最后一天，他的耳朵险些被冻伤。据哈里自述，事发时他正与同伴们开心地聊天，然后只看见探险队伍的一名导游滑着雪橇疾驰而来，边滑边大声喊着：“您的耳朵！您的耳朵！”听到示警的哈里马上将冲锋衣上的风帽罩在了头上，保住了耳朵。不过，哈里北极之旅的最大挑战还是出现在第二天，当时探险队需要穿越一片极其危险的薄冰区域，而哈里王子是最后一个通过。“我和同伴几乎掉到海里，”哈里透露。由于军方另有任务指派给哈里王子，因此他不得不提前结束北极之行。“我很想跟大家一道继续在北极探险，”哈里临走前说，“我会很想念大家的。”据了解，哈里王子的这次北极探险旨在为英国“与伤者同行”慈善基金会筹款，与其同行的有4名在阿富汗战场上受伤致残的英国大兵，他们都是该基金会的成员。这4人最终成功抵达北极点，改写了一项世界纪录，成为第一个“自助”徒步横穿北极的残障团队。整个探险之旅总共耗时12天，哈里王子参与了最开始3天的活动。 (记者：杨洁),5,9,0.9795127511024475
布里斯托大学化学系：奇妙的化学世界(图)为什么日本核电站事故发生后人们开始抢加碘盐？如果你觉得胃酸的难受的时候，应该怎么办？你知道吗，最传统的油条中含有的一种物质叫明矾，它在遇到面团里游离的氢氧化钠时，产生的氢氧化铝在医药上用作抗酸药，能中和胃酸、保护溃疡面。不想皱纹出现？昂贵的护肤品，面膜、精油哪一样离得开化学？吃的、喝的、用的、自然现象的、后天制造的、包括我们人类自己的身体，都是化学……化学可以使天空变得更蓝，可以使河水变得更清澈，可以使物品变得更丰富，可以使生活变得更美好。我们的生活离不开化学，化学改变了我们整个世界，这就是一个化学的世界。联合国教科文组织把2011年被奉为“国际化学年”(International Year ofChemistry)，以纪念化学学科所取得的成就以及对人类文明的贡献。2011年正值国际化学会联盟(IACS)成立100周年，也恰逢女科学家居里夫人获得诺贝尔化学奖100周年，她也是第一个摘得诺贝尔化学奖的女性。第二位是她的女儿伊伦·约里奥一居里。在居里家族之后的第三位获此殊荣的女性叫多罗西·克劳宣特·霍奇金(DorothyCrowfootHodgkin)来自英国布里斯托大学，她在维生素B11结构分析上做出的贡献，又为这个新时代增添了一颗璀璨的明珠。现在人们能够采用多种方法提取维生素B12，正是仰仗这一研究成果。即霍奇金夫人之后的四十多年里再无女性获得过此殊荣，直到2009年，来自以色列的女科学家阿达•尤纳斯(Ada Yonath)与另外2名美国科学家三人因在“核糖体结构与功能研究”中的突出贡献而共同获得这一殊荣。霍奇金夫人的母校布里斯托大学诞生过2位诺贝尔化学奖得主，是英国最著名的红砖大学典型代表。布里斯托大学的化学学院(Schoolof Chemistry)被誉为英国最大、最好的国际化学研究中心之一。无论是教学还是科研水平都受到国际广泛认可，排名英国前四。大学每年在设施建设方面投资巨大，仅次于帝国理工排在第二位。最新的英国政府科研水平评估中，对布里斯托大学在英国化学产业中的贡献做了充分的肯定，并再次展示了学院的创新、博大精深与高质量的学习科研环境，其中绝大多数课程都被列为世界领先水平。每年约有200个本科生，250个研究生及110个博士后从这里诞生输出到世界各地。近几年这个不停创新的老牌贵族大学的化学学院与Learning Science公司一起开发了一套风靡英国的网络课件，主要用于锻炼高中及本科学生的化学实践操作，提高化学学习的趣味性与便利性，降低了实验的操作风险。学生们可以通过登录网站，在网上练习化学实验的具体操作过程，如果操作失误，系统将会出现提示或爆炸画面，完全不用担心实际爆炸引发受伤等，而实际的动手操作又将课本上的理论知识很好的得到检验，高度真实感让学生很容易就记住实验的原理与操作步骤。更重要的是，它让化学课变得趣味横生，方便而简单。这种创举赢得了社会各界与学生家长的广泛认可与高度赞扬，被泰晤士报评为开拓性的创举！毫无疑问，布里斯托大学的学生是这个新课件的最大受益者，他们可以免费使用这套系统，当登录到自己的空间后，系统会根据日期自动提示，今天要做的实验是什么，做完试验后，系统会自动保存这些数据，因此这套系统更像是一本电子实验笔记。在系统上操作之后，学生们在真正的实验室里实体操作会变得自信而安全。话说回来，即使不能拿到诺贝尔奖，学习化学终归是好处多多，至少生活中这些化学知识可以让我们轻松应对不少难题，可以辨明“街头骗术”。让我们一起好好享受化学带给我们的生活带来的方便与快乐吧。,5,9,0.808170735836029
15岁香港留学生将撑划艇挑战安大略湖(组图) 中新网8月17日电 据加拿大(微博)《世界日报》报道，15岁的香港留学生Michael Fung与他的教练Billy Lui，将于16日从尼加拉湖畔小镇下水，撑双人划艇跨越安大略湖，他们计划于17日晚抵达多伦多。该活动由丘陵领袖协会(Monticle Leadership Association)主办，目的是锻炼年轻人的实际生活技能，开阔眼界，并发掘他们的潜能，进一步培养成为全方位、多技能的未来领袖。培训期间，他们由教练带领，首先在课堂中学习预备知识，之后进入水上训练，从中挑选出优秀的学员，完成跨越安大略湖的探险之旅。来自香港的15岁留学生Michael Fung在培训期间表现优异，被选为学生代表，将与教练Billy Lui一道，16日从尼加拉湖畔镇(Niagara On-the-Lake)出发，撑双人划艇(Kayak)跨越50公里水域。这对他们的精神和体力都将是巨大的挑战，然而成功的希望就在彼岸。师徒二人将于明晚抵达多伦多的樱桃沙滩(Cherry Beach)。,5,9,0.6019144654273987
高端海归落选中科院院士 称早料到结果(图)昨天，2011年中国科学院院士增选初步候选人名单对外公布。同日，一篇“从今以后不候选中国科学院院士”的博客文章，再度引发公众对院士话题的热议。博客作者是北京大学生命科学学院院长饶毅，在中科院院士增选有效候选人名单中出现过，但在中国科学院昨天公布的初步候选人名单中落选。昨晚，饶毅在接受北京晨报记者采访时表示，“早就预计到了这个结果”，“任何学生物的人都会知道原因”。截至记者发稿，中国科学院相关部门尚未就此事做出回应。事件主角饶毅：放弃美国(微博)国籍回国北京大学终身讲席教授、生命科学学院院长，兼北京生命科学研究所资深研究员、学术副所长。回国前曾任美国西北大学Elsa Swanson讲席教授、神经科学研究所副所长。研究神经发育的分子机理和社会行为的生物学基础。担任多个国际学术杂志编委。在斯坦福、哈佛、麻省理工学院、东京大学等国际著名大学做学术报告。1996年起，兼中国科学院研究员，1999年协助推动建立中国科学院神经科学研究所，2002年协助建立中国科学院上海交叉学科研究中心。2004年起兼北京生命科学研究所学术副所长。2007年9月全职回国。回国即出任北京大学生命科学院院长的饶毅，被认为是新时期归国潮中的代表性人物之一。舆论将他的回国与上世纪50年代钱学森、郭永怀的回国相提并论，因为他们都是在海外成名后，壮年归国效力的科学家。然而，对于这位神经生物学家，公众更熟悉的不是他研究的领域，而是他大胆、犀利的言论。2004年，在饶毅回国之前，他就在英国《自然》杂志上撰文，对中国政府的中长期科技规划表示关心，并直言不讳地提出了自己的批评和建议。不再参选：5个月前就写好博文饶毅在博客中写道：“鉴于推崇中国科学院前身中央研究院生命科学方面代表性科学家林可胜等，敬佩中国科学院第一批学部委员如神经生理学家冯德培等，尊重50年代以来在国内艰苦环境中坚持做好科学研究的院士，感谢其学部委员(特别是冯德培、邹岗等)在80年代对我的支持和现有院士近年在我回国工作后多方面的支持，我于2011年初接受推荐候选中国科学院院士。”饶毅说，“在表达了尊重和感谢后，从2011年8月17日后将不再成为候选人。”在落款时间上，饶毅写的是，“2011年3月5日写，2011年8月17日添加日期”。关于落选：“结果早就预计到了”昨天下午，记者拨通饶毅在北京大学的办公室电话。对于为何发出这样的博客，饶毅表示不愿多说，“我该传达的意思都已经传达得很清楚了，我想说的都在我的几篇博客中，为什么答应参选，为什么今后不再成为候选人，这些博客内容是一脉相承的。不想再另外说明。”至于为何早在3月已经写好博文，而在昨天才对外发出，饶毅解释说：“我总要等到别人公布结果后才发吧，其实我早就预计到了这样的结果，在3月就已经想好了。”至于为何落选，他给出耐人寻味的回答，“任何学生物的人都会知道原因。”记者翻看了饶毅在之前发过的一些博文。就在昨天博文发表的两天前，他的一篇《减少中国科学界浮躁的一个必要步骤》的博客文章似乎透露了蛛丝马迹。“对于行内来说，都清楚中国生命科学这二十年的基本情况：国外做过博士、博士后，回国立即做正教授，再做一两篇Nature、Science、Cell，或者几篇同领域最好杂志的论文，就可以做院士。”“中国科学界浮躁是自然的，不浮躁倒奇怪：因为职称高，没有‘后顾之忧’，不怕评审，就热衷通过搞关系奔经费、而不是靠学术。中国生命科学界，90%以上的教授在90%以上时间不听学术报告。有些人(国内所谓做得好的人)不听国际重要科学家的报告，而为了当选院士的投票只听国内院士的报告，给现在的学生树立不良榜样。”各方观点方舟子(微博)：第一轮就被刷纯属侮辱作为北京大学生命科学学院院长的饶毅，引发公众关注并不是第一次。2007年，45岁的饶毅从美国西北大学归国。他和现任清华大学生命科学学院院长的施一公回国在当时都引起不小的反响。在回国前，饶毅就曾对中国教育科技问题提出过直言不讳的批评。去年年底，两人还在美国《科学》杂志刊出社论，认为中国现行的科研基金分配，更多的是靠关系而非学术水平高低，“浪费资源、腐蚀精神、阻碍创新”。而在昨天公布的初步候选人名单中，施一公名列其中。截至记者发稿时，通过施一公秘书转发的短信尚未得到回复。记者看到，一些网友对饶毅落选深表惋惜。有网友称，饶毅落选是中国院士的悲哀，他放弃了美国国籍，为人坦荡，学术贡献大过很多中科院院士。方舟子对此也评论说：“我觉得饶毅居然第一轮就被刷下来，纯属侮辱人。连肖传国当年都进入了院士选举第二轮。”何祚庥：评选不像考试那样简单昨天，曾经和饶毅就中国科技体制改革问题有过深谈的中国科学院院士何祚庥，在看到博文后给饶毅打了电话。在接受北京晨报记者采访时，何祚庥表示，谁该当选院士，谁不该当选院士，大家见仁见智，虽然评选院士有一定标准，是基本公道的，但大家会有不同看法，并不像考试高低分数那样简单。具体看谁对科学贡献大，这个评判的标准本身就很复杂，每个人的尺度不一样。何祚庥认为，当选的人大体是会有一些长处，最起码不会让那些“乌七八糟”的人当选，但没当选的人也不一定不好。“我在电话里对他说，胜败乃兵家常事，没有必要太在乎谁该当选或者不当选，公道自在人心，也不能一次就盖棺定论。”同时，何祚庥指出，2011年中国科学院院士增选的初步候选人名单并不是最终院士名单，在饶毅所属的“生命科学和医学学部”中，包括施一公在内的初步入选30人也不会全部最终选为院士。“饶毅和施一公的研究在生物学领域属于新东西，新事物当然会有很多人反对，就比如爱因斯坦提出新理论的时候，就有很多年龄大的研究者反对，他的理论是在多年以后才被承认的。”熊丙奇(微博)：抛弃学术良知、操守越干脆混得越好北大教授饶毅候选院士首轮出局，中科院发言人称，“具体原因不是很清楚”，但一个不容置疑的事实是，饶教授的遭遇，会给很多年轻学者以“教育”——学术地位如饶教授，也是这样的结果，要让自己有好的发展，就得一心依附体制，不然，等待自己的就是“逆淘汰”的命运。“逆淘汰”机制在我国教育界和学术界已经形成，而且威力越来越大，某个学者放弃基本的是非原则越彻底，抛弃学术良知、操守越干脆，把教育和学术当作牟利的工具越到位，他在现有的学术体系中，就可能混得越好，很快成为学术红人，掌控学术资源；而反之，如果某个学者坚持做最高质量的学术研究，他就很快被边缘、被淘汰。,5,9,0.6192545294761658
"美国马里兰州政府新大楼开发项目说明会世贸通(微博)北京推介会： 时间：10月23日(周日)下午14：30地点：北京市朝阳区金桐西路10号远洋光华国际A座8层嘉宾：区域中心代表Mr. John Jiang全国预约电话：400-0909-899世贸通深圳推介会： 时间：  10月23日(周日)下午14：30地点： 深圳市福田区福华三路时代财富大厦12楼嘉宾：亚太区总监Joel Craig全国预约电话：400-0909-899(项目区域中心代表将亲临说明会，现场与预约到场的投资移民客户面对面分享这一项目)项目概况： 项目总投资：2.3亿美元马里兰州政府投资：3000万美元发行债券融资：1.35亿美元EB-5投资款：6500万美元EB-5投资人：130名项目简介： 马里兰州州政府被世界著名信誉评级机构穆迪评级为AAA最高等级，开发项目为马里兰州政府中心新办公大楼，由州政府投资参与项目开发，获州立法保障。该项目共分为5个开发阶段，总共为期15年的长期开发计划。地理位置极佳，处于巴尔的摩市中心，9个老城区的核心区域。建成后的项目将成为马里兰州政府办公区，16个州政府机构和3500名政府雇员集中在此办公；EB-5资金主要参与开发项目I期中2座新办公大楼的建设工程，共占地3.52英亩，2座办公楼总出租面积为605,000平方英尺，其中包括75,000平方英尺的专卖店和商店；项目总投资约为2.3亿美元，其中马里兰州政府投资3000万美元，机构投资者投资1.35亿美元，EB-5融资6500万美元(共130个名额)；项目预计于2011年底开工，建设周期33个月。项目可创造2216个工作机会，超出移民局要求的1.7倍，完全满足I-829绿卡条件解除的指标。投资移民客户将获得每年0.5%的利息，五年后一次性支付。项目优势： 美国AAA级信誉州政府投资开发的立法保障项目马里兰州经济繁荣，家庭平均年收入约62,000美元，居全美第一，信用评级被国级机构穆迪评为AAA级，本次开发建设的马里兰州政府大楼项目，由州政府投资3000万美元参与建设，由州议会立法保障，获州政府大力支持。发行债券融资比例高达72%的利好项目项目总投资为2.3亿美元，其中马里兰州政府投资3000万、发行债券融资1.35亿，EB-5投资移民客户投资款为6500万，仅为项目总投资的28%。创造超出移民局要求1.7倍就业机会的绿卡保障项目第一期项目开发将产生2216个就业机会(完全不包括将在大楼里工作的州公务员就业)，远远超出130名EB-5投资者I-829申请所需就业总数70%之多。特聘双律师护航的双重保障项目 项目区域中心主席David Morris先生本身就是出色的美国移民律师，是全美移民律师协会EB-5委员会十大成员之一。除此之外，世贸通还特别聘请了项目专属律师、美国移民大律师Darren Silver先生，为投资移民客户提供双重保障。充足抵押担保还款的安全项目开发商已与州政府签订独家项目开发协议，并为项目前期开发投入930万美元，2座办公楼建成后的预计商业市值约3亿美元，建设公司提供“按时，按预算”建造及完工担保  ，以其房产及租金收入等作为按揭抵押担保。",5,4,0.9638460874557495
美攀岩爱好者飞檐走壁 徒手征服10座峭壁据外媒22日报道，要说世界上攀岩爱好者中的“牛人”，美国(微博)小伙亚历克斯·哈诺德可称得上是其中一个。今年26岁的哈诺德是攀岩老手，在没有绳索的帮助下，他攀爬了大半个地球的陡峭高峰。西起加州的约塞米蒂国家公园中著名的酋长岩，东至东南亚的最高峰神山，都留下了他的脚印。“攀登在世界各地是对当地文化的探索，这就是攀岩的真谛。”哈诺德说。哈诺德攀岩技巧相当高超，用飞檐走壁来形容一点儿也不过分。普通人攀爬酋长岩往往需要一两天，哈诺德不到3个小时就能到顶。作为一个专业攀岩家，哈诺德说当踏上峭壁的那一刻，所有恐惧就烟消云散。“当一切顺利时，你不会觉得害怕。这只是你正在做的事情。当然，攀爬的过程中有不少时候你都会怀疑自己，那个时候就要排除杂念，一心向前。”哈诺德说，“攀岩是一个过程，永不止步是最好的诠释。”尽管哈诺德已经征服了10座峭壁，勇夺“最无畏攀岩者”的称号，但他仍旧保持着低调谦虚的神态：“我从来没觉得自己是攀岩明星，或是认为我名气大。因为别人没有攀岩过也不会去，所以才觉得我不可思议。”,5,9,0.9944818019866943
北美华人“候鸟族”为孩子无惧小三两地分居(图)中新网8月25日电 综合美国《世界日报》报道，随着中国改革开放30年后，从大陆赴北美就业、留学(微博)的移民越来越多，每家每户都有自己的理由与愿景，打造前程。同时，他们与家乡的眷恋依然没有断线。随着就业机会及经济发展，不少丈夫把妻儿留在北美，自己在彼岸求发展。如何维系分隔异地的夫妻感情与家庭关系，是“候鸟族”家庭的重要课题。“内在美”候鸟族代价高 保卫婚姻防“小三”“家庭分隔两地，每年定期相聚”，这样的“候鸟族”，在美国南加州华裔小区十分普遍，定期飞的候鸟不限年龄，或因生意、或因孩子，更有不少“依气候而变”，在太平洋两岸飞去又复返。为了追求理想与维系亲情间取得平衡，候鸟族家庭长年在体力、金钱与心灵上付出的代价不小，还有的长期与家人分隔两地的候鸟，飞着飞着，“失了钱财，毁了家庭”。“一切为孩子”，20多年前带着两个孩子来美的黄朱莉说，大儿子当年高中没考好，刚好拿到依亲申请的绿卡，决定移民来洛杉矶，做生意的先生事业在中国台湾、中国大陆，于是开始两边跑的生活，一年三地平均各住三分之一，母子三人则每年寒、暑假回台团聚。住在圣玛利诺的王太太，先生在台湾开业牙医，1998年赶在儿子役龄前，将孩子送来美国，自己留下来陪读。王太太说，先生的牙医诊所相当忙碌，每年顶多只能抽两星期来洛杉矶，直到近年来儿子大学毕业，她返台次数才比较多。定居在罗兰冈的许太太与先生，则称得上是“现代版牛郎织女”，因为两人“每年只见面14天”。许太太说，两个孩子读小学时，决定带他们来美，主要原因是“美国教育制度较好”。当时任职公家单位的先生收入稳定，不愿贸然过来，决定留在台湾“拼经济”。许太太说，先生一年假期有限，家中又没闲钱，三人返台开销，远大于一人来美，因此过去十多年，许先生年假“通通用在往返美国”，但一年也仅能与妻小见上短短两周。不少“内在美”都说，放手让先生单飞，“需有担心‘小三’介入的心理准备”。与先生长期台湾、美国分隔两地，住在亚凯迪亚的卢太太坦承“自己先生也有小三”，还好自己看得开，这几年在这边拓展生活圈，加入不少社团组织，日子不至于太难熬。黄朱莉也表示，这十多年来，或多或少听闻候鸟家庭的太太“因距离婚变”的情况，甚至有人因此想不开。卢太太说，海外的“内在美”即使有不少生活形态类似，年龄相近，孩子年龄也相近的朋友，但彼此“碍于面子”，不见得会互相倾吐家庭黑暗面，有些只生活在自己圈子的太太，更容易承受不住压力。候鸟族家庭的孩子，也需更多关注。用钱财维系情感，是不少候鸟家庭共通点。住在橙县，先生长期被公司外派中国大陆的江太太说，这几年下来，自己上班外独自带孩子，每年回来两次的先生，在孩子心中，只成了“金援对象”，“不少孩子就是在父母补偿心态下宠坏了”。加拿大华人“雪鸟” 美国南方避冬每年入冬前，有不少加拿大人会飞去美国南方；在春天来到后，他们又飞回来。这些被称为“雪鸟”的人中，华人的数量也正在多起来。不过华人“雪鸟”有的是趁美元贬值和房价低廉到南方置业，享受退休生活；有的则是子女到美国工作定居，而前去探亲相聚。由于多伦多冬天又冷又长，一些退休的多伦多人就在美国南方置业，天冷时住在美国，天暖时住在加拿大。近年来美国房价几乎跌到谷底，同时加元不断升值，令南下购屋的人数增多，“雪鸟”的队伍也因此壮大。据多伦多华人地产经纪杨强说，最近一年华人到美国南部购屋的人数增长很快。买屋者大多数是有一定经济实力者，其中约一半是退休的本地高收入者，另一半是寻求投资机会的中国新移民。有一半华人血统的黄彼特正是看到了诱人的楼市价格，才到佛州的那不勒市置业的，他花了近9万元买了一个小型平房。前年从IBM公司退休的他，因为太太有关节炎，所以想到暖和的地方过冬。他的父亲年轻时从香港赴加，如今与香港亲戚也没多少联系了，而且飞亚洲也太远。黄彼特说，去年10月底到今年4月中一直住在佛州，过的是晒太阳、游泳、钓鱼的悠闲生活，太太的病也有好转。从杭州赴加的老张夫妇则是另一种“雪鸟”。他们在美国没有房子。每年去那里，只是为了看看儿子和孙女。24年前来加移民的老张夫妇，都已过了65岁，7年前儿子在美国亚特兰大找到一份工作，并在那里定居结婚生女。老张说，儿子太忙，还不如他们夫妇去美国相聚。“最重要的是，加拿大的养老制度比美国好”，老人还是留在多伦多生活更好。老张夫妇住在密西沙加的一家老人屋，公寓里约有近百名华人。据他说，大部分中国移民的小辈都在美国工作，“有出息的都会到美国工作嫌大钱”，所以不少老人都一年去一次美国，在那里住一段时间。老人屋的华人还结伴出行，虽然目的地不同，但大都会选在冬天离开，“等于到美国去避冬”。老张表示，冬天对老人身体不利，大家这段时间出门，到了春天各自回来又聚在一起很开心。中美两地飞 鱼与熊掌兼得家住巴沙迪那老人公寓，76高龄的颜先生来自天津，1992年移民美国前在当地当过教师，做过国家机关公务员，还下海经过商。因两个女儿一个在中国天津一个在美国圣地亚哥，颜先生也因此成了中美两边飞的“候鸟”，每年至少一次飞越太平洋。颜先生这两年每年独自带着学龄前的外孙女回中国大陆“恶补中文”，“一个月的效果比在美国学一年还好”。“大半辈子的根扎在那里，怎么拔得掉？”因为儿辈都是忙人，颜先生主动担负起接送外孙女上中文学校的重任，中文一定不能忘记，他说，哪怕孩子生长在美国，中国的根还是不能忘记。16岁就离开东北长白山老家的颜先生，这些年每次回国都要回老家看一看从小生长的地方，尽管已没有多少直系亲人，山里住的依然是土炕，墙壁上还留住报纸糊墙的印记，厕所是两条木板搭成的简易茅房，“但山里的一草一木一景都牵动无限思绪”。家乡人杀鸡宰羊，“那吃虫子走地鸡的香味，多少年在美国都找不到的！”颜先生说，他又吃到了儿时难忘的大酱夹煎饼，“从农家后院新鲜拔出的大葱，那个香甜，城市里绝对找不到！”剪不断的家乡情思，同样让也是住在巴沙迪那老人公寓的刘先生魂牵梦萦。1999年退休后移民美国的刘先生，虽然两个儿子都已在美国安居乐业，沈阳老家只剩下同辈的兄弟姐妹，依然隔三差五飞往中国，“中国变化真大，亲戚朋友生活都有明显改善，尤其是饮食，多少年东北常年都是只有一季蔬菜，现在全国各地的蔬菜和特产都能吃到，非常丰富”。有人不得已 有人乐在其中加拿大华裔移民小区许多人经常往返原居地，有人是经商，有的为探亲，不管所为为何，这种类似候鸟的固定迁徙模式，造就航空公司往返太平洋两岸的黄金航线。新移民有人认为当候鸟是不得已，因为事业、亲情很难兼顾，但也有人乐在其中，认为自己是“鱼与熊掌兼得”。John早前在中国台湾从事旅游业，专营欧洲团，移民加拿大后也短暂从事导游工作，三年前在昔日同事力邀下转战中国一展所长，专带高价欧洲团，因生意不错，一年只能利用淡季返回加拿大探视家人一两次。他说目前这种候鸟生活是身不由己，他当然希望能有多一点时间留在加拿大陪着儿女一起成长，同时兼顾家庭、事业与亲情，但现实的经济问题不能不顾。老婆Karen倒很看得开，她说：“十几年来早已习惯老公经常带团不在家，而且现在中国高价欧洲团属于时机财，能做多久谁也没把握，届时恶性竞争之风再起，市场要是无利可图，老公自然得‘倦鸟归巢’。詹老先生16年前从中国台湾退休后移民(微博)加拿大，准备颐养天年，十几年来与妻子过着定期返台省亲的候鸟生活，但去年两人毅然决定返台定居，而加拿大欠缺效率的医疗体系是促成他们回台湾长住的主因。他强调自己已逾80岁，病痛自然免不了，但在加拿大想看专科医师或做个检验都得排上一整个月，有时等候期间的心理煎熬比病痛本身更让人受不了。同样也是退休移民的张先生则对候鸟生活乐在其中，他说自己与老伴取得公民身份后就经常往返加中两地，只是随着年龄增长，在中国台湾停留的时间也愈来愈长。(记者：陈盈霖、杨青、沈丹心、阮耀毅),5,9,0.6688518524169922
留学生徒步横穿美国：多次遇险 点火吓走熊(组图)中新网9月2日电 据美国《侨报》报道，中国留学(微博)生王玄经过将近3个月徒步旅行终于横穿美国，31日抵达南加州的棕榈泉，预计9月3日将抵达洛杉矶终点站，完成他横穿美国大陆的梦想旅程。他坦诚表示，尽管一路上遇到很多困难，甚至多次遭遇险境，但同时也为自己创造了机会。王玄和另外两名志愿者侯李睿和陈良游于6月8日开始旅程，徒步穿越了美国大陆13个州，8月31日终于到达了棕榈泉。王玄在接受记者采访时说，现在他们距离洛杉矶只有100英里，预计在星期六抵达洛杉矶。挑战身体极限 徒步旅行遭遇夏季高温王玄说，他平均每天要走或者跑35英里，一开始时不适应，因此脚上长泡，后来才慢慢适应。夏季美国中部的气温很高，在亚利桑那州时，当地气温高达120多度，给身体带来挑战。在过去的3个月里他被晒得黝黑，甚至被晒到脱皮。开始旅行前购买的非常贴身的运动衣现在穿上也变得很松垮，但是感觉结实多了。美国人家借宿 搭帐篷过夜王玄这次横穿美国的旅行到目前为止已经花费了1万元。他们在路途中筹到了3000元，其他费用都自己承担，他希望抵达洛杉矶后能够筹集到更多捐款。为了节省开支，一路上他们四处找美国当地人家借宿。他说：“我们有的时候在沙漠里行进，没有网络，平时就找当地邻家，搭帐篷过夜。有一半的人比较友好，很愿意帮助我们，也有一半的人不熟悉我们，因此不愿意提供服务，所以我们要挨家挨户去问。”多次遇险 点火吓走熊王玄和两名志愿者在路途上要穿过山区和沙漠，一路上他们遭遇很多险境，但都安然无恙。让他印象深刻的一次是在新墨西哥州的一户人家搭帐篷过夜的时候遇上了熊。他说：“这户人家的主人警告我们说，当地有很多熊。晚上，我们发现帐篷周围出现了很多鹿，过一会儿又出现了一只熊，我们很害怕，还好准备有汽油，最后点着了火才把熊吓跑了。”与本土美国人交流 旅途中创造机会王玄坦诚地说，一路上他们遇到很多挑战，比预料的还要困难，但是都很值得。他们获得了非常珍贵的和美国人沟通的机会，了解了真实的美国，也获得了很多美国人的鼓励。同时他还给自己未来创造了机会，认识了很多人。有人甚至邀请他一起做生意，有的给他提供工作机会。在旅途中他还办了一个中文网站，3个月时间里已经发展了四、五百个会员。(记者：夏嘉),5,9,0.6759884357452393
英90岁老爷爷瞒着妻子跑马拉松 骨折仍不服(图)据外媒5日报道，英国一名已经90岁高龄的老头，最近偷溜出门参加半程马拉松(half-marathons)比赛，被逮个正着，原来是邻居看见他上了电视，通风报信给担心他身体状况的老婆。据报道，这名逗趣的老爷爷库帕(Wilf Cooper)其实近几年来，已暗中跑了6次马拉松，每次都跟老伴撒谎，说自己只在场边观看，没有参赛。库帕当年是英国(微博)特别海勤部队(Special Boat Service)的成员，平时认真锻炼身体，在83岁时首次跑完半程马拉松比赛，成绩是令人敬佩的3小时11分36秒。90岁的库帕不希望妻子担心自己的身体，但他对跑步的热爱身甚至胜过了对身体的关爱。有一次，他从楼梯上摔倒，肩膀脱臼，肋骨折断，就在这样的情况下，还偷跑出去准备参加比赛。今年也将欢度90岁大寿的库帕妻子西尔维娅(Sylvia)一直被瞒着，直到此次从邻居那得知丈夫的“秘密行动”。西尔维娅说：“邻居说他上电视了，我这才知道。我可以告诉你们，他那天被罚睡狗屋。”她说：“我很担心，他20年前曾心脏病发，但还是挡不住他。”库帕则表示，他喜欢做运动的感觉，这样人会保持健康。他每天在楼梯上跑上跑下，一次10趟，一天3次。他还会举举哑铃，骑骑电单车。他说：“虽然老婆发现了我的小秘密，而且不太高兴，我还是想再跑最后一次，因为我的骨头也差不多该断了。”库帕说，他跑马拉松可以筹集慈善捐款，去年他筹到1200英镑，最高纪录有一次是1690英镑。库帕夫妇结婚67年，感情要好，有7名女儿，14名孙辈，11名重孙辈，可谓是一个幸福的大家庭。,5,9,0.7912965416908264
英10岁男孩登顶苏格兰284座914米以上山峰(组图)据外媒1日报道，苏格兰(微博)高峰林立，光海拔在3000英尺(约914米)上的山峰就有284座。这些山峰统称为“蒙罗山”，登山爱好者以全部登顶为荣。最近，10岁小男孩本·弗雷特伍德也完成了这一壮举，成为世界上最小的登山勇士。本从6岁生日后就开始随父亲攀登“蒙罗山”，他个头小小，只有1.4米高，爬山时经常被雪埋到腰甚至被埋没，顶着时速112公里的狂风前进更是家常便饭。尽管如此，本和他的父亲并不放弃每一次历险，最后爬遍苏格兰的所有“蒙罗山”。本说：“这种感觉就像是‘哇！真棒！’我朋友们都不能理解我是怎么做到的，但是我知道——只要保持前进的状态就行了。”本的父亲约翰骄傲地说：“我们出去时他显得特别能走。我们爬山的这几年，他穿坏了好几双登山靴。这是我们父子俩一同完成的冒险，我们都会记着的。”据本的父亲称，他们的下个目标是向阿尔卑斯山脉进军。链接：何谓“蒙罗山”？1891年，休·蒙罗爵士列出了苏格兰境内所有海拔超过3000英尺(约914米)的山。当时他的名单上共有277座山，但今天的名单已经将这个数字修订为284座。其中最有名的是本尼维斯山。名单一出现，大家就以他的姓氏蒙罗来命名那些山。苏格兰的登山爱好者们最喜欢比试谁登顶的“蒙罗山”最多。1901年，牧师罗伯森首次声称自己登顶了所有的“蒙罗山”。,5,9,0.9838128089904785
智利艺术家手绘3D铅笔画 栩栩如生网上大热据英国《每日邮报》9月6日报道，智利艺术家弗拉迪米尔 伊诺斯特罗萨近来以一系列形态逼真的手绘3D铅笔画在网上受到追捧，并且他还有意在线下推广他的艺术作品。伊诺斯特罗萨现年20岁，笔名为弗雷多，在一个偶然的机会获得了创作3D铅笔画的灵感。当时伊诺斯特罗萨正躺在床上用铅笔在纸上画蝴蝶，一不小心将画画到纸张外面。心中颇为懊恼的他仔细地对作品看了又看，突然发现“画坏”的蝴蝶有展翅欲飞的架势，灵感来了的伊诺斯特罗萨急忙拿着炭笔又在画上添了几笔阴影，然后拍照留念。自此以后，他就开始了创作3D铅笔画的艺术生涯。业内人士认为，伊诺斯特罗萨的画法与英国(微博)3D艺术家朱利安 比弗的画法很相似。伊诺斯特罗萨的博客现在已经成了网上的大热门，“脸谱”账号也吸引了数千名粉丝，更有众多的网页自发宣传他的作品。,5,9,0.7621946334838867
英94岁老妇坐轮椅嫁84岁老头 谱浪漫黄昏恋中新网9月6日电 据“中央社”6日报道，英国(微博)一名已经94岁的老妇人近日决定从医院病床上起身，跟她84岁的爱人喜结连理。两人的黄昏恋感动了许多人，大家纷纷送上祝福，因为他们是真正的“白头偕老”。据报道，94岁的英国妇人薇•斯坦纳德( Vi Stannard)9月1日下午跌倒受伤，她已经84岁的恋人沃克(Derek Walker)说，“我们1日到费来福(Flatford)的河边时，她失足跌倒。”他说：“我必须将她送到医院。但我们还是举行了婚礼，这太棒了。”斯坦纳德则表示，就算在医院躺了几天，她还是决心在 9月3日走下病床，与恋人走上红毯，步入婚姻殿堂。这名勇敢的新娘坐在轮椅上，准时抵达结婚教堂。在满心喜悦的儿子戴维(David)陪同下，她坐着轮椅走了红毯，高兴地接受亲朋好友的祝福，其后，她必须回到伊普斯威治(Ipswich)医院，做进一步的治疗。报道指，这对新人的年龄加起来有178岁，别人在他们这个年纪都在庆祝结婚50年或60周年，他们却才新婚。新郎沃克还说：“薇在这整件事上表现得非常勇敢，医院顾问说，只要不要出外太久就没问题。”不过，斯坦纳德这次跌倒，使得他们不得不将梦想中的蜜月旅行延期。他们希望斯坦纳德的身体能快点好转，在月底能出发度蜜月。据悉，15年前，斯坦纳德搬到宁静乡村哈克史提德(Harkstead)，为了跟她的儿孙住得近一点。在那里，她结识了退役的英国皇家海军外科医生指挥官——沃克，两人随后陷入爱河。当了一辈子单身汉的沃克，12年前在康沃尔(Cornwall)渡假时，向斯坦纳德求婚。但两人直到现在才结婚，因为斯坦纳德是一名虔诚的基督徒，尽管和第一任丈夫分居40多年，但不想跟他离婚。她当时的丈夫在去年10月过世，享年97岁。,5,9,0.859555184841156
猕猴摆“思想者”姿势令人忍俊不禁(图)中新网(微博)9月22日电 据外媒21日报道，在印尼苏拉威西岛上的通可可国家公园，一只黑色恒河猕猴在德国摄影师卡斯滕•罗贝尔的镜头前不停摆姿势，仿佛为了显示自己“博学多识”有人样。猕猴翘起一条后腿支着下巴，两爪环在前面，与罗丹著名雕塑“思想者”颇为神似。护林员告诉罗贝尔，这只猕猴大概在“思考”怎样成为猕猴群里的老大，“大部分猕猴都在水里嬉戏，就跟孩子一样，唯独这只坐在岸边静静思考，还观察着自己的同伴。”罗贝尔说，“这张照片让我觉得人类与猴子猩猩的联系有多么紧密。”,5,9,0.9913150668144226
美国人上班平均花路上25分钟 纽约人时间最长美国(微博)人口普查局23日发布的社区调查报告说，美国人上班平均单程花在路上的时间为25.1分钟，其中纽约人平均花费34.6分钟，是全美最长的。自己开车是美国人最主要的通勤方式，86%的16岁以上工作的美国人开车上班，其中独自开车者占76%，只有5%的人搭乘公交车或地铁上班，2.9%的人走路上班，4.3%的人在家工作。中新社华盛顿9月23日电美国人口普查局23日发布的社区调查报告说，美国人上班平均单程花在路上的时间为25.1分钟，其中纽约人平均花费34.6分钟，是全美最长的。自己开车是美国人最主要的通勤方式，86%的16岁以上工作的美国人开车上班，其中独自开车者占76%，只有5%的人搭乘公交车或地铁上班，2.9%的人走路上班，4.3%的人在家工作。与2000年相比，美国人现在的通勤时间有所缩短，从25.5分钟减少到25.1分钟。美国人通勤时间增加最快的是上世纪90年代，从1990年的22分钟延长至25.5分钟。上班族早晨上班花在路上时间最长的是纽约，平均34.6分钟；其次为华盛顿33.4分钟，芝加哥、亚特兰大也在30分钟以上。美国男人上班平均花在路上的时间比女人多，男性为26.7分钟，女性为23.4分钟。4成美国男人早晨7点钟以前就出门上班，女人只有四分之一这么早出门。10.8%的移民(微博)主要搭乘公共交通工具上班，而本土工人搭公交车或地铁上班的只占4.1%。亚裔和拉丁裔独自开私家车上班的比例最小，大约都在70%左右；亚裔和黑人使用公交工具上班的比例最高，大约在1成5左右。拉丁裔最喜欢合开一辆车上班，16.4%的人这么干，非拉丁裔则只有不到1成的人合开一辆车上班。近三分之一纽约人搭乘公交工具上班者，比例是全美大都会中最高的。旧金山、华盛顿、波士顿、芝加哥的上班族搭乘公交车和地铁的比例也都在10%以上。,5,9,0.639168381690979
瑞典学生创明星脸穿越图 跨越时空遇见你(图)“穿越”最近可是个时髦的词儿，《步步惊心》虐了多少观众的心啊，不过“穿越”这事本身倒是挺荒谬的，估计没多少人会相信。可日前一个瑞典学生创作的一组明星脸穿越图在网上疯传，这组图让观者有点吃惊：这些不同时代好莱坞的大明星居然跨越时空“相遇”！当然，有人说美丽的人或许总是相似的，也有人说或许是好莱坞对于某几类明星脸是有一定偏好的。你不妨也看看，能否认出这组图中是哪几位明星——当奥黛丽·赫本遇见娜塔莉·波特曼这位有才的瑞典学生叫George Chamoun，Chamoun，他完成了这系列名为“Iconatomy”的创作。他将好莱坞昔日最受欢迎的明星的照片(黑白)与近年来炙手可热的明星的照片(彩色)以拼贴的方式结合。这种结合的效果出奇的惊人——奥黛丽·赫本与娜塔莉·波特曼回眸的一瞥原来如此契合；玛丽莲·梦露与斯嘉丽·约翰逊的笑容相像；伊丽莎白·泰勒与安吉丽娜·朱莉的性感如此同步；加里·格兰特与乔治·克鲁尼的眼神同样深邃；詹姆斯·迪恩与罗伯特·帕金森的侧影同样迷人……可能在这之前，你从未想过这每组两对的两个明星之间有这么大的关联或者相似，但这组图中每两个人图像的交替融合都是如此浑然天成，从角度到神态，从气场到表情，简直是完美无缺。比如加里·格兰特&amp;乔治·克鲁尼和奥黛丽·赫本&amp;娜塔莉·波特曼、伊丽莎白·泰勒&amp;安吉丽娜·朱莉这三组都是分别各取两个人的一只眼睛，可组合在一起居然眼睛形状和眼神角度都让人察觉不出任何异样，而詹姆斯·迪恩&amp;罗伯特·帕金森和玛丽莲·梦露&amp;斯嘉丽·约翰逊这两组都是脸型的拼接，你的鼻子配上我的脸型原来是如此的“恰到好处”！灵魂附体？这种解释比较美丽“太有才了”“创意好赞”“真正是无缝组合啊，一点都看不出来”……网友对于这组创意组图相当惊艳，有人从照片处理角度、有人从演员五官角度、有人从气质感觉角度来分析这组相当有灵气的作品，还有网友直接想到了前几天《太阳报》对于“尼古拉斯·凯奇是不死的吸血鬼？”的报道，当时一张1870年前后的黑白照片引发《太阳报》惊呼，这不是尼古拉斯·凯奇吗？难道他就是传说中不死的吸血鬼？照片中的男子从容貌到气质跟凯奇果真有八九分想象。尽管吸血鬼之说太富有戏剧色彩，但影迷们联想到凯奇老爱演魔幻类角色，于是也很喜欢这个充满神秘气息的猜测和联想。于是对于这组“Iconatomy”作品，有网友感叹“beautiful people，他们是另一种生物，虽然和我们同一星球，却又遵循着另外一种生存法则”，还有人想得更离奇，“恍如隔世”，“如果就是本人灵魂附体呢？这种解释更美丽。”不得不说，帅哥美女都是相似的虽然生在彩色年代，但很多网友通过这组照片感叹“真心觉得黑白明星的美真是无法比拟”。遗憾的是，两个时代的明星无法同台竞风流，不过有网友分析：也许好莱坞对于明星脸是有一定偏好的，所以他们选出来的明星总脱不开那几个型，也有人感叹“帅哥美女都是相似的”。诚然，有网友联想到：不仅好莱坞，中国娱乐圈也有不少给人感觉相似的明星脸啊，比如章子怡出道时被称为“小巩俐”、童谣出道时又被称为“小章子怡”……还有人联想到了最近爆红的《步步惊心》，新人刘诗诗横空出世就引起了众多关注，有人说她像陶慧敏、有人说像萧淑慎、还有人说像邱淑贞，而剧中跟刘诗诗配戏的“玉檀”叶青也被认为“好像周冬雨呢”。(记者：张艳),5,9,0.8790358304977417
调查显示德国56万人上网成瘾 青少年易陷入网瘾中新社(微博)柏林9月26日电 德国联邦健康部委托两所大学在全国范围内对网瘾情况进行调查，26日公布的结果显示有56万人上网成瘾。这项调查在14到64岁的人之间进行。其中1%的人每天平均上网4小时以上，在专家看来属于成瘾。另有250万人每天上网3小时以上，被划为有成瘾倾向。上网成瘾者的比例和吸大麻者数字相差无几。有关专家对这一调查的结果进行分析后说，14到24岁之间的青少年尤其容易陷入网瘾，他们流连于社交网络或者网络游戏中，有些人因此丧失了对使用网络的控制能力，在极端情况下这些人还会丧失在学校以及职场上的社交能力，因为这些人在虚拟世界中感到充实以及被尊重，而现实世界也许无法给与他们这些东西。调查结果还表明，14到16岁之间的年轻人中，女性比男性的网瘾更大。专家认为产生这种现象的原因是女孩子更喜欢被恭维，而在交友网中她们得到的赞美更多。不过网瘾对少男造成的身体损害似乎多于少女，因为那些嗜好网络游戏的少男几乎从不出门。调查中专家通过一些标志性行为来判断上网成瘾的程度，例如上网时间、与现实世界其他人的交往情况以及戒网瘾的困难程度等。(记者：黄霜红),5,9,0.8914873600006104
“冲浪狗”大赛 参赛狗各领风骚萌态可掬(组图)中新网(微博)9月27日电  据外媒26日报道，第3届冲浪狗大赛日前在美国加州的亨廷顿海滩举行。虽然狗狗们对比赛规则还不熟悉，但它们仍然体现了极佳的“体育精神”，四条腿在冲浪板上岿然不动，颇有“大将”风范。据悉，参赛的冲浪狗按体重分成4个级别，范围从重9公斤以下的小型犬至超过27公斤的大型犬。冲浪狗需在冲浪板上待上至少10秒钟。比赛组织者丽萨•斯科曼表示，今年比赛有40余条狗参赛，“今年的比赛吸引了不少参观者，不过也吓跑了不少看见巨浪滔天的小狗。不过整个赛事还是值得一看的，更何况之后还有化装舞会和竞走。”斯科曼说。最终，一条澳大利亚卡尔比犬以冲浪60米的距离，创造了狗冲浪最长距离的吉尼斯世界纪录。,5,9,0.9796278476715088
全美每年约130万女性遭受家暴威胁 亚裔占12.8%中新网(微博)9月29日电 据美国《星岛日报》报道，美国疾病控制及防御中心(CDC)、国家司法学会(National Institute of Justice)和其它机构27日联合公布统计，不分年龄层，全美约有四分之一女性曾在其人生中面临家庭暴力的威胁。根据美国律师协会(American Bar Association)数据显示，全美每年约有130万名妇女受到严重的家庭肢体暴力，逾千名遭到另一半杀害，其中亚裔占12.8%、白人21.3%、非裔26.3%。虽然单就统计数字而言，亚裔妇女受到家暴的数字并不算高，但若依各族裔人口在美的比例来说，亚裔仅占4.8%，受到暴力对待的数据却高达12.8%，比例之高令人咋舌。施暴者通常都是女性亲密的另一半，而许多女性在遭受家暴时，选择默默隐忍，不向外界求助。依司法统计局(Bureau of Justice statistics)的研究报告指出，情况以年龄20至24岁的年轻女子最为严重。这个年龄层女性尚未有足够的爱情经验，在面临男友变成施暴者时，常因心软选择原谅，或是怀抱着“未来会更好”的希望，期盼对方会为自己改变，两人能携手共创美好的将来。女性面对暴力虐待的情况大略分成三种，第一种身不由己型，在发现丈夫或男友有暴力倾向后，她们即使想离开却又禁不住对方的甜言蜜语，一次又一次地重回施暴者的身边，若不向外界求助，通常无法靠自己的力量逃脱。第二种是激烈反击型，有些女性受到另一半家庭暴力威胁后，会选择间接以言语或直接以肢体反击，不过往往落得更严重的下场，此类女性容易转变成未来的施暴者，因为她们不明白暴力有何不妥之处。最后一种是自欺欺人型，少部份女性会将施暴者动手的原因往身上揽，认为是她们令施暴者失控，所以要负起大部份责任。这类的女性不仅没想过离开，更不敢反击，她们只是一味地检讨自己，即使有外界介入，也不见得能脱离暴力的深渊。由亚太妇女中心(Asian Pacific Women’s Center)辅导的华裔受害人CH在接受媒体访问时表示，她曾经以为永远无法脱离家暴的循环，不过在多个社会团体的协助下，她终于勇敢踏出第一步。目前施暴人仍在追寻CH的下落，甚至在2010年时企图杀害她，不过CH说，脱离家暴的恐惧后，她对现在的生活感到很满足。,5,9,0.9203489422798157
比利时老汉酷爱穿企鹅装 愿葬身南极(组图)中新网(微博)9月30日电  据外媒29日报道，走在比利时首都布鲁塞尔的街道上，或许能碰见一个穿着“企鹅装”蹒跚而行的老头，仿佛要去参加一个化装舞会。然而，他并不是去参加舞会，他只是太热爱企鹅，希望自己能像企鹅那样生活。这位79岁的老人名为阿尔弗雷德•大卫，绰号又称“企鹅先生”。他40年间都对企鹅热爱得无以复加，甚至自己也想变成企鹅。大卫还宣称，他死后要穿着他的“企鹅装”安葬在南极洲——他说他“一辈子的梦想就是葬在企鹅生活的海洋中”。大卫是1968年爱上企鹅的。他说那年他被汽车撞到了臀部，导致走路摇摇摆摆，因此同事们戏称他为“企鹅先生”。没想到大卫竟真的爱上了企鹅，他收集所有与企鹅相关的物品，甚至开了一个“企鹅博物馆”，展出了他3500件企鹅藏品。大卫甚至也想把自己的名字正式改为“企鹅”，遭到了妻子的强烈反对后才作罢。,5,9,0.992344081401825
"美国马里兰州政府新大楼项目青岛说明会世贸通(微博)青岛说明会： 时间： 10月 22日(周六)下午14：30地点：青岛市市南区香港中路36号招银大厦2001室嘉宾：亚太区总监Joel Craig全国预约电话：400-0909-899项目概况： 项目总投资：2.3亿美元马里兰州政府投资：3000万美元发行债券融资：1.35亿美元EB-5投资款：6500万美元EB-5投资人：130名项目简介： 马里兰州州政府被世界著名信誉评级机构穆迪评级为AAA最高等级，开发项目为马里兰州政府中心新办公大楼，由州政府投资参与项目开发，获州立法保障。该项目共分为5个开发阶段，总共为期15年的长期开发计划。地理位置极佳，处于巴尔的摩市中心，9个老城区的核心区域。建成后的项目将成为马里兰州政府办公区，16个州政府机构和3500名政府雇员集中在此办公；EB-5资金主要参与开发项目I期中2座新办公大楼的建设工程，共占地3.52英亩，2座办公楼总出租面积为605,000平方英尺，其中包括75,000平方英尺的专卖店和商店；项目总投资约为2.3亿美元，其中马里兰州政府投资3000万美元，机构投资者投资1.35亿美元，EB-5融资6500万美元(共130个名额)；项目预计于2011年底开工，建设周期33个月。项目可创造2216个工作机会，超出移民局要求的1.7倍，完全满足I-829绿卡条件解除的指标。投资移民(微博)客户将获得每年0.5%的利息，五年后一次性支付。项目优势： 美国AAA级信誉州政府投资开发的立法保障项目马里兰州经济繁荣，家庭平均年收入约62,000美元，居全美第一，信用评级被国级机构穆迪评为AAA级，本次开发建设的马里兰州政府大楼项目，由州政府投资3000万美元参与建设，由州议会立法保障，获州政府大力支持。发行债券融资比例高达72%的利好项目项目总投资为2.3亿美元，其中马里兰州政府投资3000万、发行债券融资1.35亿，EB-5投资移民客户投资款为6500万，仅为项目总投资的28%。创造超出移民局要求1.7倍就业机会的绿卡保障项目第一期项目开发将产生2216个就业机会(完全不包括将在大楼里工作的州公务员就业)，远远超出130名EB-5投资者I-829申请所需就业总数70%之多。特聘双律师护航的双重保障项目 项目区域中心主席David Morris先生本身就是出色的美国移民律师，是全美移民律师协会EB-5委员会十大成员之一。除此之外，世贸通还特别聘请了项目专属律师、美国移民大律师Darren Silver先生，为投资移民客户提供双重保障。充足抵押担保还款的安全项目开发商已与州政府签订独家项目开发协议，并为项目前期开发投入930万美元，2座办公楼建成后的预计商业市值约3亿美元，建设公司提供“按时，按预算”建造及完工担保  ，以其房产及租金收入等作为按揭抵押担保。",5,4,0.9733163714408875
加拿大男子徒步旅行11年 行程74万公里走过64国中新网(微博)9月30日电 据台湾“中广新闻网”报道，加拿大男子布利瓦11年前，从蒙特利尔启程，步行环绕世界，他在走了74.5万公里，走过64个国家之后，终于完成了他的梦想壮举。布利瓦因为生意失败，2000年8月18号，在他45岁生日当天，打算徒步环绕世界一圈。他暂别同居女友，推着一个三轮车，装着必需物品启程。在这十一年的旅程中，他以笔记本电脑与亲友联系，并开设自己的网站纪录行程，他走过高山、沙漠，体验不同的文化，他在非洲吃蝗虫，在中国品尝蛇肉，在菲律宾由武装军人护送旅行。这一路上，他走破了53双鞋，三轮车也爆胎多次。他说，在十一年的旅程中，如果没有他人的协助，他无法完成旅行。现在，他再度回到蒙特利尔，他的女友展开双臂欢迎他，他的儿子也已经长大成人。,5,9,0.983836829662323
美国50岁妈妈入读哈佛大学 鼓励他人不忘追梦中新网(微博)9月30日电  据“中央社”报道，里诺因为结婚生子而放弃大学学业。如今育有11名子女的她，在50岁之际终于能够继续念书，而且还是去哈佛大学。美国知名学府哈佛大学本学期开学，来自俄克拉荷马市的50岁妇人里诺走在校园，常被人以为是校职员工。虽然里诺比其他学生年长很多，但她也是新鲜人。里诺传奇般的人生故事，让她成为新闻焦点人物。报道称，1981年里诺因为结婚生子，决定放弃俄克拉荷马大学的学业，婚后她总共生了9女2男，是个忙碌的全职妈妈，在俄克拉荷马市开设体操教室。里诺说：“一旦开始生儿育女，你会全心全意放在孩子的目标，希望他们获得最好的，至于自己的事情，就摆到旁边了。”她表示，每次都承诺自己，只要等小孩满5岁，就能回去大学读书，想不到婚后孩子一个接着一个出生，念书计划只得一直顺延。她的11个孩子，现在最大的29岁，最小的才7岁。2009年，里诺排行最小的孩子终于满5岁，返回学校的愿望终于得以实现。里诺说，当时心情相当紧张，同学们年龄跟她差一大截，她带着纸笔去上课，其他人则带笔记本电脑。在1年半的时间内，里诺修完76小时的课程，而且拿到满分4分的成绩。这让她对于继续进修有了信心，把目标放在进入哈佛大学攻读硕士。这学期，她成功进入了哈佛大学推广进修学院，如果完成3堂先修课，接着就能进入国际关系硕士班就读。每周一，里诺从俄克拉荷马市的住家出发，前往相隔千里之外的波士顿校园上课，家里大小事暂时交给先生单独打理，她在周二早晨回到家里。里诺说，希望自己的实例能让更多人得到启发，永远不要认为来不及追求自己的人生梦想。,5,9,0.7258924841880798
纽约亚裔老人的苦涩黄昏：存语言障碍多贫困中新网(微博)10月5日电 据美国《侨报周末》报道，伴随着经济快速发展，在人口不断增长的纽约法拉盛地区，老年人口也在不断增长。众多民权团体开始逐渐意识到，了解小区老人真正需求以及老人所面对的问题，是关乎到小区稳定的关键。由纽约市立大学亚裔?究中心以及7个亚裔团体共同发布的纽约市首份针对法拉盛地区亚裔长者的?究报告“法拉盛剪影”(Snapshot of Flushing)近日出炉。报告指出，法拉盛地区每5名亚裔人士中就有一位年龄在55岁以上的老人，1/4的亚裔生活在贫困线以下，43%的亚裔老人不懂英文并缺少语言帮助，亚裔老人平均房屋月租金882美元并缺少可负担房屋和医疗信息等，这些均为耆老亟待解决的问题。“法拉盛剪影” 亚裔老人苦在心里“法拉盛剪影”这份针对法拉盛亚裔老人服务需求的?究报告，由纽约市立大学亚裔?究中心、纽约市亚洲人平等会(Asian Americans for Equality)、华人策划协会(Chines-American Planning Council)、民权中心(MinKwon Center for Community Action)等7个组织在法拉盛共同发布。据了解，为了完成这份调查报告，上述7个团体先后采访了法拉盛100多名中、韩、印及南亚的亚裔耆老。纽约大学社会工作学院副教授阮维战(Duy Nguyen)表示，该报告是根据学院就53名耆老组成的专题?究小组结果，加上区内955个亚裔电话号码随机抽样调查，以及7亚裔团体的小区访问所收集的121份问卷进行分析，当中华裔参与者共75人。该报告主要对居住在法拉盛的亚裔老人的社会服务需求进行?究考察。报告显示，房屋居住问题仍然是亚裔老人面临的主要困难。很多亚裔老人需要3次到访政府部门才能获得政府提供的翻译服务，这令很多耆老面对政府服务有苦说不出。报告指出，大部分居住在法拉盛的老人对法拉盛的生活状况表示满意，70%的老人认可法拉盛的居住环境。调查结果显示，七成的亚裔耆老认为与法拉盛小区相处不错，大部分邻居在发生紧急事件时会帮助并关照他们，75%的人认为?间在法拉盛出行较安全。亚洲人平等会代表李真(Richard Lee)表示，根据调查结果，居民对法拉盛的生活小区普遍持正面态度，但社会服务设施却远远少于他们的需要。对耆老来说，由于市府及州府部门提供少量语言翻译服务，大部分耆老均未享受应有的服务，只能依赖小区组织为他们的转介及翻译。该研究报告于是主要针对法拉盛地区亚裔老人主要关心的四个方面进行研究和调查，分别是小区活跃度、语言服务、廉价房屋以及身体和精神健康问题。56%的家庭 存在语言障碍根据调查报告显示，在法拉盛第七小区委员会中，亚裔耆老家庭拥有最高的语言障碍率，根据初步估计，大约有56%的亚裔耆老家庭存在语言障碍。40.7%的专题?究小组参与者表示因英语障碍而无法申请住房计划，48.8%人因此而未申请社安服务，更有33%耆老无法求诊。调查过程中，更有一名耆老指由于社安部门的韩裔翻译不在，最后到访3次才可获申请服务。报告显示，亚裔耆老普遍存在英语沟通困难和缺少英文服务的问题。有的亚裔老人更是反应“政府相关机构不会试图尽力帮助你学习英文，而是打发你走人。”调查显示，16.7%的亚裔耆老一句英文都不会讲，38.6%的耆老讲英文能力不足。另外26.7%的耆老不能阅读英文，26.7%的耆老不能更好地阅读英文。在英文写作能力上，23.1%的耆老不能书写英文，35.1%的耆老不能很好书写英文。在亚裔耆老遇到政府公共机构服务时，31.2%的耆老普遍反应没有任何语言翻译人员提供帮助，还有很多耆老认为自己在同政府机构打交道时因为族裔、语言等问题遭遇不公正的待遇和种族歧视。其中有9.9%的耆老认为因为英文能力差而遭到歧视，而17.6%的耆老认为因为其它事情受到不公正待遇。记者在采访中遇到一位华裔赵太太。赵太太提到很多华裔老人因为语言障碍，每天都基本在小区华裔老人中心度日，有的甚至把老人中心看作比家还重要，因为那里有知音、有熟悉的语言和环境。79%的耆老 年收入低于2万美元“法拉盛剪影”调查报告显示，目前64.9%的亚裔耆老居住在租赁的合作公寓内，而只有17%的耆老参与了政府提供廉价房租项目，包括：廉价租约项目、老人住房项目、租约管制项目等。有的老人表示，目前廉租房只有布朗士地区能够提供，不用等待排期，但是他们不能住在那里，因为他们的朋友圈及服务都在法拉盛，即使面临租金不断上涨、维持费不断提高，他们还是只想住在法拉盛。在法拉盛地区，大部分亚裔耆老仍然依靠固定收入来维持生活，仅有12.5%的耆老依靠兼职或全职工作获得固定收入，60%的耆老依靠政府社会安全金生活。很多老人每个月只能从社安局获得600多美元的现金，而法拉盛租赁一闲公寓基本要1000美元左右，很多老人不得不用全部收入租住在一个房间内，勉强生活。调查显示，在法拉盛平均租房租金每月882.84美元。根据耆老反馈数据显示，20.6%的亚裔耆老报告年收入在6000美元以下，27.4%的亚裔耆老报告收入在6000美元到1万美元之间，22%的耆老报告年收入在1万5千美元以上。根据调查数据显示，在法拉盛一家庭平均每月租金1259美元，二家庭租金每月1663美元，三家庭每月1950美元。而很多亚裔老人普遍面临的问题是，他们不得不和很多人拥挤在一个房子内。在法拉盛第7小区委员会，大约有11.4%的亚裔耆老家庭生活在过度拥挤的房屋内，28.4%的耆老家庭至少和一个陌生人生活在同一个屋檐下。31.6%的耆老反馈他们和另外一个人生活在同一个房间内，而36.5%的耆老反馈他们和至少2个人生活在同一个房间内。有8.3%的耆老表示，他们生活在地下室内，生活环境恶劣。总体而言，11.8%的耆老对目前的生活环境不满意，7.3%的耆老对现在的生活环境极度不满意。纽约医疗研究院(The New York Academy of Medicine)公共政策专员布莱克(Dorian Block)日前也透露，根据研究院的一项针对皇后区老年人调查结果显示，华人聚集的法拉盛地区、贝赛地区，65岁以上老年人贫困率大大超过纽约市府公布的贫困率，其中以贝赛、小颈、道格拉斯、奥本戴尔为主的皇后区第11小区，65岁以上的老人贫困率高达25.8%，远远超过市府公布的3.9%。布莱克介绍说，纽约市老年人口未来将不断增加，预计从2007年到2020年，纽约市65岁以上的老年人将大比例增加，其中亚裔老年人增加比例最大。预计到2020年，亚裔65岁以上的老年人将达到近20万人，相比2007年9万余人，增加109.4%。,5,9,0.6446125507354736
美国2012年玫瑰皇后团队出炉 华裔美少女上榜中新网(微博)10月12日电 据美国《侨报》报道，美国帕沙迪纳玫瑰花车委员会10日宣布2012年度玫瑰皇后团队，7名来自帕沙迪纳附近城市的美少女，包括华裔少女雷美仙(CYNTHIA MEGAN LOUIE)上榜。据了解，她们将充当推广玫瑰花车游行的大使，参加超过150场的社区活动。花车委员会表示，2012年度的玫瑰皇后将会从这7名少女中产生，18日他们将宣布玫瑰皇后的名单。10日一大早，众多来自帕沙迪纳地区的学生们、家长们及高中鼓乐队的近200名人士，便聚集在玫瑰宫南边的草坪上，等待玫瑰皇后团队的结果。9点30分，进入决赛的美少女手捧鲜花，款款走向人群。随即，大会委员会宣布了7名入选玫瑰团队的名单，她们是来自拉肯拉达高中的德瓦得(Morgan Eliza Devaud)，马纳塔高中的海尼斯(Stephanie Grace Hynes)，拉瑟尔高中的雷美仙，福临特里奇预备学校的奥斯特拉(Kimberly Victoria Ostiller)，福临特里圣心学校的华盛顿(Drew Helen Washington)，帕沙迪纳高中的沃库(Hanan Bulto Worku)，本杰明富兰克林高中的朱诺(Sarah Nicole Zuno)。玫瑰花车委员会表示，为第123届玫瑰花车游行选拔公主的活动从4周前开始，所属社区符合条件的1000多名年轻女子报名参加。参加遴选的学生都十分优秀，评委们根据演讲能力、仪态、学业成绩及社区服务等4项标准来进行遴选。玫瑰花车游行委员会玫瑰皇后团队的主席维斯格(AMY WAINSCOTT)表示，评委们为选出2012年的玫瑰皇后团队，花了很多的心血。她相信，这7名少女，能够很好地承担推广玫瑰花车游行的义务，并能够成为玫瑰花车游行的代言人。18日上午9点30分，委员会将宣布玫瑰皇后的名单。据了解，为了遵循“永远不在星期天举行”(Never on a Sunday)的惯例，因此，第123届玫瑰花车游行和98届“玫瑰杯”美式足球比赛将在2012年1月2日举行。,5,9,0.9221378564834595
组图：乌克兰艺术家用胶带作画惟妙惟肖这些惟妙惟肖的画作竟是乌克兰51岁艺术家Mark Khaisman用透明胶带“贴”出来的，让人难以想象，不可思议。他的作品多以人物肖像为主，现实生活中普普通通的胶带，到了这位艺术家手里就成了一只神奇的画笔。(来自：mysenz),5,9,0.7566287517547607
购新机纪念乔布斯 iPhone 4S纽约热销华裔成主力据美国《世界日报》报道，“苹果教父”乔布斯的去世，使iPhone 4S手机的上市成为全球关心的话题。14日上午8时苹果店开始正式销售该款手机，纽约曼哈顿5大道的苹果旗舰店内外都排起长龙，每人限购两台iPhone 4S手机。许多苹果迷认为这款iPhone 4S是乔布斯最后作品，又在其去世前一天发表，名字也隐含纪念乔布斯(for Steve)的意义，一定要买。而这次华裔再次成为购买主力，男女老少都表示“价格不贵，要买台用用”。根据苹果公司表示，新推出的iPhone 4S智能手机在接受网络预订后的24小时内全球销量超过100万部，超出了前一代产品iPhone 4首日销量60万部的纪录。为购买iPhone 4S手机，纽约的旗舰店前很多苹果迷们从13日就开始排队，无惧细雨凉风。日本和澳大利亚等地因时差先开始销售iPhone 4S手机，所以凌晨就有购得新手机的苹果迷把手机照片传至各大网站，让人一睹为快。在纽约的旗舰店，如果不需要购买iPhone 4S手机，可以直接入内。14日从上午到下午，旗舰店门口始终都有数百人的长龙队伍，一圈绕一圈，秩序井然。据了解，大约每人要排两至三个小时才能入内。即使入内后，也需要按指示排队到收银台前购买手机，最少需要三至四小时才能买到这款手机。在旗舰店附近，还有专门收购旧款iPhone手机的网站销售人士。在旗舰店内，各个展示柜台都人头攒动，尤其是iPhone展示柜台，很多民众都想亲身见识一下这款传说是“为了纪念乔布斯”而推出的手机。但不少人都表示，这款和iPhone 4比起来，好像没什么不同。华裔在此次购买潮中再次展现积极力量，一眼望去占了大半，队伍中年轻的、年老的都有，有想为读书的儿子买手机的母亲；有想给女朋友买手机当生日礼物的男生；有每代iPhone手机都用过、此次也不可少的苹果迷；也有从来没有用过“大家都用过的苹果手机”的阿姨。大家都耐心在外等待，遵守秩序。“来这里一看，都是老乡啊”，一位推着婴儿车的福建籍王小姐表示，她想买两台，一台给自己，一台给老公用。不远处，吴女士和朋友在排队，“别人都用了四代苹果了，我一代没用过，”一边说她一边拿出自己的翻盖式手机“199美元便宜啊，我也要买一台”。还有人表示自己买了不一定自己用，可以卖给别人，“这个好卖，是潮流啊”。(记者：刘爽),5,9,0.8185367584228516
艺术家用7.5万根火柴搭建迷你“泰姬陵”近日，印度艺术家谢赫·萨利姆巴伊花了1年19天的时间、用7.5万根火柴精心造出的小号“泰姬陵”亮相。图为谢赫·萨利姆巴伊正在清理“泰姬陵”上的灰尘。,5,9,0.9873836636543274
日本公布人口现状 在日中国人数量居外国人首位中新网(微博)10月27日电 据日本新华侨报网报道，10月26日，日本总务省公布了2010年10月实施的日本国情调查结果。统计显示，日本籍人口数量为1亿2535万8854人，较前一次于2005年实施的人口普查数量减少37万人，减幅为0.3%。这也是自1970年开始分别针对日本籍人口数量与外国籍人口数量展开调查以来，首次出现的减少情况。另外，在日外国人人口数量达到164万8037人。其中，中国人最多，占全部在日外国籍人口的27.9%。统计显示，如果将在日外国人计算在内，日本总人口数量为1亿2805万7352人，与2005年的调查结果相比，增加0.2%，但增加率却较前番减少了0.7%。另外，按性别分别统计日本籍人口数量，男性人口为6102万7859人，与2005年时的统计相比减少30万2742人，减幅为0.5%；女性人口为6433万995人，减少6万8552人，减幅为0.1%。将在日外国人计算在内，则男性人口为6232万7737人，女性人口为6572万9615人。人口总数在联合国人口基金会统计的排名与2005年相同，仍为第十位。统计结果还表明，目前可以确定国籍的在日外国人人口数量为164万8037人，较2005年人口普查数量增加了5.9%，达到历史最高水平。按国籍统计，中国人最多，占全部在日外国籍人口的27.9%。据总务省相关部门分析，在日中国籍人口增加，主要是由于近年来中日两国交往日益频繁，来自中国的留学(微博)生、研修生等等数量均呈现出增加的态势。这一次调查中，有大约105万人在填写调查表时，“国籍”一栏选择的是“国籍不详”——这部分人口数量较2005年的调查结果有所增加，其中有可能还包括未填写此栏的日本人，因此总务省认为，“而今仅依据目前的数据统计结果武断地认定日本人口增加或者减少是不合理的”。此外，根据日本厚生劳动省等相关机构做出的“人口动态调查”结果显示，日本人口的自然增减数量从2007年开始便一直是在减少。(记者：米灏),5,9,0.49108317494392395
组图：罕见霓虹横跨伦敦上空 惊艳迷人中新网(微博) 10月26日，英国首都伦敦上空出现美丽的霓虹，横跨伦敦市中心，呈现出迷人的光影，蔚为壮观。据悉，“霓”是大气中有时和“虹”一起出现的一种光的现象，也叫“副虹”，形成与彩虹原理大致相同，只是光线在水珠中的反射多了一次，彩带排列的顺序和彩虹相反。,5,9,0.9958119988441467
组图：美艺术家创作万圣节南瓜雕塑惟妙惟肖中新网讯 10月26日，美国拉斯维加斯，万圣节前夕，由两名艺术家Ray Villafane和Andy Bergholtz创作的万圣节南瓜雕塑惟妙惟肖。,5,9,0.9475962519645691
"美举行玫瑰皇后加冕式 华裔公主分享追梦经历中新网(微博)10月29日电 据美国《世界日报》报道，美国第123届巴沙迪那玫瑰花车游行玫瑰皇后加冕仪式27日在巴沙迪那会展中心(Pasadena Convention Center)举行。新科皇后茱儿海伦华盛顿和六位玫瑰公主，一扫先前羞涩邻家女孩模样，踏着优雅步伐高贵出场。今年主办单位替玫瑰公主们准备宝蓝色削肩礼服，玫瑰皇后则是传统白色礼服，高贵典雅。加冕典礼会场上搭建宛如时装秀的伸展台，让玫瑰公主们和皇后展现青春自信和优雅的同时，享受明星级的尊贵待遇。才貌出众的华盛顿，在数百名贵宾见证下戴上象征皇家的皇冠，表示会全力以赴，带领皇家团队诠释今年玫瑰花车主题“发辉想象力”，华盛顿表示，“只要敢想象，美梦就会成真”(Just Imagine, Everything Can Be Possible)。每位玫瑰公主和皇后的家长也受邀与会，一一被点名起身，分享女儿的荣耀。六公主之一的雷美仙是今年唯一的华裔。她表示，回忆报名比赛时，穿的非常“居家”，与其它少女光鲜亮丽的样子非常不一样，目的不是为与众不同，只是想要表现有自信美的女孩，不论在什么场合，都要让自己舒服且自在。主持人笑说，也许是因为评审们没看过这么“休闲”的装扮，才会对她印象深刻，让她从千名少女中脱颖而出。玫瑰花车游行委员会并准备幻灯片，回顾历年来的玫瑰皇室经典照片，播放本年度的公主和皇后从小女孩蜕变成小女人的成长历程，并邀请到数字历年来的玫瑰皇后，一起回忆一个世纪以来，美国少女的追梦过程。玫瑰公主的甄选涵盖公众演讲、风度仪表、学业成就、小区服务以及个性魅力等诸多项目，不仅是外表的选美，更展示每个人内心的舞台，对于之后的大学面试、奖学金申请、求职找工作都帮助匪浅。(记者：俞振仪)",5,9,0.7376932501792908
组图：美国万圣节狗狗化妆大游行中新网讯(微博)2011年10月22日，在美国纽约的汤普金斯广场举办了一年一度的万圣节狗狗大游行，参加游行的狗狗们盛装出席，萌翻众人。,5,9,0.9591408967971802
万圣节众鬼狂欢好莱坞 华人扮鬼者少看热闹者多中新网(微博)11月2日电 据美国《侨报》报道，作为世界最大的万圣节活动之一的“西好莱坞万圣节嘉年华”不仅吸引了南加各地的游客以及当地居民参加，也吸引了全世界各地游客，亚洲游客也参与了嘉年华活动，甚至盛装打扮加入各类造型，但嘉年华活动上盛装打扮的华人则很少，观摩拍照者居多。在嘉年华上记者看到不少亚裔面孔，作为最负盛名的万圣节盛事，西好莱坞吸引了不少亚洲游客，来自日本的女孩子则居多，大多打扮成女仆或者学生模样，加入游行队伍，但是华人则更多是观摩和拍照。在华人游客中，很多来自中国台湾，也有一些来自中国内地。一些在这边居住的华人学生和工作者也参加了嘉年华活动。来自上海的程先生和潘女士来洛杉矶看望在这里工作的儿子，听说西好莱坞万圣节有活动就过来观摩，他们对这些各色造型非常感兴趣。他说，中美之间的交流越来越多，所以来到美国也越来越方便，很多中国人都有机会来到美国，他们希望以后还可以经常过来看看。来自中国台湾的阿曼达等3名华裔学生这次从台湾飞到洛杉矶旅游，慕名而来参加西好莱坞的嘉年华活动，他们表示非常喜欢这些颇具创意的造型，希望能够再来。阿曼达非常激动地说说：“这些造型都超酷的，因为这里靠近好莱坞所以造型都做得非常厉害！可以看到很多很棒的装扮。”他们都表示非常喜欢洛杉矶和洛杉矶的文化。来自上海的陈小姐(化名)和刘小姐(化名)分别打扮成嬉皮士和警察的形象，她们已经在洛杉矶居住多年也渐渐习惯了这边的文化，所以特地打扮成她们喜欢的造型来到西好莱坞与其它人一起庆祝万圣节。她们希望有更多华人能够发挥一下想象力和创意，在万圣节夜晚打扮成自己喜欢的造型并加入嘉年华的活动。(记者：夏嘉),5,9,0.7002579569816589
对话英国前卫建筑设计师马克-戴萨姆加入智慧课堂，创意始于此与前卫建筑设计师马克·戴萨姆畅谈富有全球影响力的创意概念2011年11月7日，Klein-Dytham architecture建筑事务所的联合创办者、英国前卫建筑设计师马克·戴萨姆(Mark Dytham)将出席由英国大使馆文化教育处(微博)举办的智慧课堂活动。借此良机，他将畅谈他的职业建筑设计师生涯、近期的项目，并和与会者分享由他创造并为全球广大设计者所推崇的极速演讲的方式。马克·戴萨姆以其超现代的建筑作品而广为人知。他的现代建筑风格将中西方文化和设计元素巧妙而完美地融合于一身——从设计优衣库在东京银座购物区的旗舰店，到改装Selfridge在伦敦牛津大街旗舰店的高档商业中心，再到创造索尼在洛杉矶的新概念店，他的作品广泛而多变。2008年，由英国皇家艺术学院毕业的马克·戴萨姆及其校友阿斯特丽德·克莱恩(Astrid Klein)创立的Klein-Dytham建筑事务所在英国商业奖中获得了著名的创新奖，该奖项一直以来旨在表彰能够使用绝妙创意和不断创新而取得突破性成功的公司。马克·戴萨姆不仅涉足建筑和室内设计，他还是先锋的概念领导者。他是SuperDeluxe和PechaKucha的创始人之一。SuperDeluxe成立于2002年，是一个富有创意的为个体艺术家展示作品的地方。此灵感源于马克·戴萨姆和阿斯特丽德·克莱恩在英国皇家艺术学院学习的一些生活片断，学校里来自不同专业，包括时装、绘画、雕塑、玻璃、制陶和电影制作的学生会聚集在一起，分享创新想法，创造真正不拘一格的环境。SuperDeluxe为夜间展出的各种艺术和表现形式提供一个平台和交叉空间。SuperDeluxe也是马克和阿斯特丽德发起全球性创意的展示概念PechaKucha的诞生地。PechaKucha是日语的发音，在日语中是“谈天说地”的意思。马克·戴萨姆用PechaKucha来代表一种极速演讲和播放幻灯片来表达想法的形式，避免经常使用Powerpoint演示所花费的巨大精力和其他问题。每位演讲嘉宾只有6分40秒来展示他们的想法，每人仅用20张幻灯片和20秒的时间阐述每张幻灯片，即所谓20x20的创新理念。因为PechaKucha通常在晚上进行而被称为PechaKucha之夜。这个概念是为了帮助人们聚集在一起，并高效地分享他们各种有趣的想法。从2003年在他们位于东京的办公地点开始，PechaKucha之夜已经走向全世界，蔓延到超过230个城市，成为艺术人士集会和思想碰撞的重要活动。在建筑和环境艺术设计领域，英国高等教育院校一直享有国际盛誉。2011“智慧课堂”旨在将留英校友正在参与的以及已经在全球范围内获得成功的项目置于聚光灯下，通过教育体验、创造性思维和积极参与，获得灵感和创新，并充分展现英国的高素质教育以及英国勇于探索的本质。在此次智慧课堂中，马克·戴萨姆会讲述他的建筑事务所最近作品的创意来源，包括为日本谷歌、索尼、资生堂以及日本有名的音响连锁店Tsutaya等所做的项目。他也将交流他的设计历程，如何将创意从白纸变为现实。同时，参与者也有机会了解全球性创意展示概念PechaKucha和它的发源地SuperDeluxe。关于活动：时间：2011年11月7日 19:00-21:30地点：北京建筑工程学院教学2号楼第二阶梯教室主办：英国大使馆文化教育处,5,4,0.7494328618049622
2012冬令营：北欧极地探索营 剑桥牛津文化之旅“创新+极地”-北欧文化探索营行程特色※两个国度、三大城市以及两个著名景点经典之旅：以“创新”为主题，芬兰“设计之都”赫尔辛基，圣诞村；“创新之国”瑞典斯德哥尔摩，韦斯特罗斯，北极小镇基律纳，带您欣赏传统与创新元素的结合，领略古典美与现代文明融为一体的都市氛围，感受古城充满韵味的浪漫情调。 ※两大名校感悟之旅：踏入北欧的第一所大学，瑞典“最古老”的成立于15世纪的乌普萨拉大学，以及处于世界先进水平的瑞典皇家工学院，感受那里古老而现代的学术气息，体会这孕育诺贝尔获奖者名校的魅力。  ※教育参赞话“创新”专题之旅：中国驻瑞典大使馆教育参赞在“创新之国”话“创新”主题，领略全球化时代创新的力量所在。  ※文化体验之旅：进驻瑞典最北部的基律纳小镇，体验北极萨米人的雪地生活及户外运动(狗拉雪橇、雪地摩托车等运动)，并亲眼目睹北极光的旷美与神奇。  ※六大贴心生活保障：温馨的住宿环境、设施齐全的学习环境、舒适的大型巴士、专业的导游讲解、可口的北欧餐食、安全的学习游览计划，为同学们的瑞典之行做足保障。  ※三重安全保证：全程领队老师随行、全程享受海外旅行保险、全程巴士接送。  行程：北京—统一前往首都机场，七小时飞抵冠有“设计之都”美誉的芬兰首都赫尔辛基。晚上入住酒店，调整时差，养精蓄锐。酒店赫尔辛基赫尔辛基—早餐后参观“设计之都”赫尔辛基最负盛名的设计街和Arabia设计中心，亲眼见证世界著名玻璃制品Arabia和Iittala的发展历史和最新设计品。在这里，将北欧本土创意设计一览无余，众多斩获创意大奖的设计作品将开拓你的思维，挑战你的审美。在设计体验中心，和当地追求创意设计的青年学生互动交流。不同文化、不同品味的碰撞将给你带来一场前所未有的艺术享受。傍晚乘豪华游轮前往瑞典，畅游波罗的海、感受北欧风光，吃海盗大餐，品味三文鱼、北极虾。游轮斯德哥尔摩斯德哥尔摩上午抵达诺贝尔奖颁发地——瑞典首都斯德哥尔摩，游览老城。在这座欧洲仅存较完整的中世纪城区中寻找你最中意的手工艺品，狭窄的鹅卵石街道上小咖啡馆和精品店林立。古老教堂和老店面让人沉醉于时光倒流的梦幻中。中午在斯德哥尔摩市政厅享受豪华西式午餐。参观诺贝尔晚宴颁奖礼所在的兰厅，海盗船下的议会大厅，感受北欧民主政治、海盗文化和学术氛围。零距离感受诺贝尔奖的神圣与庄严。晚上赴韦斯特罗斯市，和当地接待方师生见面，进驻瑞典家庭。瑞典韦斯特罗斯家庭韦斯特罗斯上午在瑞典第一所高中(1623年成立)开展创新主题研讨，中瑞师生介绍各自的创新概念和创新成果。展示不同文化生活背景下的思想碰撞，双方互动交流。了解瑞典学生积极创新，独立自主的求学精神与瑞典百年创新教育体制息息相关。下午和当地瑞典学生一起参观世界五百强顶级电力机械集团ABB全球总部。由于不断创新，ABB集团在不同领域的发明创造为全世界人类带来如智能电网等多项重大福利。了解创新精神对人类未来的影响，深化学生创新意识。下午参观瑞典最著名的科技园区和自动化中心——瑞典的“硅谷”。遥控会跳舞的机器人互动，和能照顾老人的长颈鹿互动。了解世界最新机器人发明，开发思维增长见识，让你体验真正的头脑风暴！晚上参加学校组织的学生活动。瑞典家庭韦斯特罗斯上午在瑞典的高中里开展环保和可持久发展主题研讨。了解瑞典当地学生的环保理念和学习成果。下午参观未来节能公寓和梅拉伦能源公司和Vafab回收利用中心。了解世界最环保节能的国家-瑞典可持续发展的秘诀。加深环保节能的理念，课堂上所学的人与自然和谐发展、可持续发展、节能环保的抽象知识在这里将找到切实的成功案例。亲身经历与理论的结合将为北欧之旅增添一笔社会实践的亮色。晚上与瑞典家庭共享温馨晚餐和欢乐时光。瑞典家庭韦斯特罗斯上午在瑞典的高中里开展瑞典模式主题研讨。瑞典学生讲解瑞典教育制度，保险体系和养老制度等，感受东西方社会发展的差异，展示中国社会制度的成果，解答瑞典学生的误区。增进彼此对两国社会保障体系的了解。下午和瑞典学生共同参观当地敬老院，实地考察瑞典养老制度的优越和实践中的问题与机遇。同学们将收获理论与实践结合的体验，在这里上一门生动的社会实践课。晚上前往青少年冰上曲棍球俱乐部，在专业训练员陪同下体验冰上运动的魅力。瑞典家庭韦斯特罗斯-斯德哥尔摩上午在瑞典的高中总结、和瑞典学生告别合影，互留联系方式。和瑞典同学成为笔友，保持联系，交流各自学习成长的心情。在韦斯特罗斯市不仅收获了知识，增长见闻，还和当地同龄人建立起跨越国界、超越语言的友谊，成为日后永远的纯真回忆。前往首都斯德哥尔摩，下午参观中国驻瑞典大使馆，使馆教育处参赞接见开展创新主题座谈。参观瓦萨沉船博物馆，接受千年王国金碧辉煌的洗礼。深刻了解波罗的海沿岸发展和瑞典皇室的变迁。晚上游览夜景，返回酒店。酒店斯德哥尔摩-乌普萨拉-基律纳上午参观瑞典皇家理工学院或卡罗林斯卡医学院。瑞典皇家理工学院是瑞典最大的工学院，全国约三分之一的工程师出自这所大学。卡罗林斯卡医学院是世界顶级的医科大学，评审颁发诺贝尔医学奖，是诺贝尔生前最喜欢的医学院。在这里感受名校风采，体验学术氛围，更深入地了解瑞典高等学府的严谨学风和教育体制。下午参观世界名校乌普萨拉大学，她素有“瑞典的剑桥大学”“美苏核竞赛见证人”等称号，是瑞典最古老的大学，也是北欧国家的第一所大学。晚上搭乘火车前往瑞典最北部小镇基律纳，住宿在火车上。火车基律纳下午抵达北极基律纳小镇，体验雪地摩托驾驶和狗拉雪橇的乐趣。热情而有礼的北极萨米人没有爱斯基摩人的狂野奔放，腼腆矜持的主人带着憨态可掬的小狗在雪地里带你轻松自在地欣赏雪景。幸运的你晚上在北极的小木屋里看北极光，晴朗无云的冬季夜晚还能听到北极光神奇的响声呢！酒店基律纳早餐后参观世界著名的北极冰酒店，领略冰雕艺术的魅力，动手制作冰雕作品。冰酒店中的冰教堂晶莹剔透、神圣高洁。在童话故事中才有的冰雪桌椅、《魔戒》大片中才看到的精灵议会厅近在咫尺。下午乘坐大巴穿越瑞芬边境，前往芬兰圣诞村。经过边境小城托尼奥合影留念，体验一脚踏两国的神奇感受。晚上抵达罗瓦涅米的圣诞老人故乡。酒店罗瓦涅米罗瓦涅米早餐后观光，与圣诞老人合影、邮寄明信片、向爸爸妈妈和朋友送上北极的祝福。参观主题公园、喂麋鹿、感受圣诞文化。下午乘坐火车南下前往首都赫尔辛基。火车赫尔辛基赫尔辛基上午抵达芬兰首都，市中心购物，选择纪念品和国内家人朋友分享经历，搭乘国际航班，飞往祖国。飞机北京北京抵达北京机场，结束愉快的游学冬令营游学之旅。开营时间：2012年1月28日—2月9日报名截止日期：2011年11月11日(提前报满，提前截止)开营人数：最低15人 (如未达到15人，东方国际保持决定是否出团的权利)总价：32000元     费用包含：签证：办理瑞典签证费用往返国际机票及税费住宿：寄宿家庭+酒店餐食：一日三餐学习：在瑞典学习的培训费及相关资料费交通：包含行程中城市游览用车费、境外接送机费门票：包含行程中收费景点门票费导游：包含行程中各地中文地陪导游服务费消费：包含全程必要支付的小费保险：境外保险费费用不包含：护照费行程安排之外的活动及游览的相关费用境内外的一切个人自主消费及通讯费个人行李托运超重费用，司导超时工作费用(上述“报价包含”条款中未列明的一切额外费用)报名条件年满13周岁以上初中生、高中生及大学在读生身体健康、遵纪守法、家庭有一定经济基础热爱祖国、热爱党、组织纪律性强、确保夏令营结束后按时归国备注东方国际保留在不减少景点的情况下调整行程顺序的权利，因不可抗力的客观原因和非东方国际原因(如天灾、战争、罢工等)或航空公司航班延误、取消、使领馆签证延误等情况，东方国际有权变更相关行程。同时，东方国际保留因汇率或燃油税变动而对相关费用作适当调整的权益。联系我们：国家留学基金委东方国际教育交流中心(微博)电话：010-66411821转海外游学部，或转分机811或810、66412108地址：北京市宣武门西大街甲129号金隅大厦801室电邮：studytour@cscdf.org剑桥、牛津英伦文化之旅  行程特色※三大城市+两大英伦小镇经典之旅：伦敦、剑桥、牛津三大著名城市，斯特拉特福镇、华威镇两大著名英伦小镇，近距离体会英伦绅士风度，最纯粹的英国人文气息。 ※两大世界顶级名校感悟之旅：踏上闻名于世的剑桥大学、牛津大学，感受那里古老而现代的学术气息，用心去体会这孕育众多世界名人的百年名校的历史魅力。  ※纯正英语体验之旅：进驻古老而负盛名的英国(微博)大学城--剑桥，沉浸在纯正英式英语环境中，开始充满新奇的学习之旅。在兴奋愉悦的同时，让同学们体会到自身语言能力的突飞猛进。  ※六大贴心生活保障：温馨的寄宿家庭环境、设施齐全的学习环境、舒适的大型巴士、专业的导游讲解、可口的英式餐食、安全的学习游览计划，为同学们的英国之行做足保障。  ※三重安全保证：全程领队老师随行、全程享受海外旅行保险、全程巴士接送。     行程：1月15日(周日)乘坐国际航班，到达著名的英国剑桥大学城，学校安排接机入住寄宿家庭寄宿家庭1月16日(周一)新生入学欢迎仪式，英语测试分班，参观美丽的校园，领取课程表寄宿家庭  1月17日(周二)上午英文课程，下午参观剑桥大学著名的国王学院，剑桥大学内最有名的学院之一，成立于1441年，由当时的英国国王亨利六世设立创建，为了显示国王的雄厚财力，学院建立之初就追求宏伟壮观的建筑，而其建筑群中最著名的当属国王学院礼拜堂，其耸入云霄的尖塔和恢弘的哥特建筑风格已经成为整个剑桥市的标志和荣耀。  寄宿家庭1月18日(周三)上午英文课程，下午参观Fitzwilliam博物馆，剑桥最大的博物馆之一，展出的美术作品，工艺品、古代出土的文物，战士盔甲应有尽有。寄宿家庭 1月19日(周四)上午英文课程，下午参观著名的“数学桥”和“叹息桥”，并亲自体验在康河划船带来的乐趣。“数学桥”的传说在剑桥堪称无人不晓。又名牛顿桥。相传这是大数学家牛顿在剑桥教书时亲自设计并建造的，整个桥体原本未用一根钉子和螺丝固定。 寄宿家庭 1月20日(周五)上午英文课程，下午参观剑桥考古博物馆(Museum of Classical Archaeology)，该博物馆被誉为“方舟”，是剑桥大学的一颗隐藏的珍宝，展出的是世界迄今为止发现的极少数保存下来的的希腊罗马石膏雕刻品。 寄宿家庭1月21日(周六)全天游览伦敦：参观大英博物馆、大笨钟、泰晤士河、威斯敏斯特教堂(外景)、唐宁街10号，皇家卫队兵马营、白金汉宫、特拉法加广场等著名景点。寄宿家庭  1月22日(周日)上午游览莎士比亚的故乡斯特拉特福镇，亲身感受这位英国文艺复兴时期伟大的剧作家出生地所带来的文化气息。下午游览华威古堡，城堡最初由“征服者威廉”于1068年依河而建，相传阿尔弗烈德大王的女儿和征服者威廉都曾在此筑过堡垒要塞。17-18世纪，堡内装修成豪门贵族舒适的庄园宅邸，共有42位伯爵曾住在华威古堡，包括圣女贞德的行刑人第十三代伯爵，因此，华威城堡集雄伟和豪华于—身。   寄宿家庭 1月23日(周一)上午英文课程，下午沿剑河漫步至Granchester小镇，沿路风景不紧让人有种飘飘然的感觉，亲自体味犹如名信片上的景色，人文荟萃的重镇─随风摇摆的老树映衬着剑桥大学众多的知名学院的古典建筑。 寄宿家庭 1月24日(周二)上午英文课程，下午参观剑桥大学图书馆，世界上最大的图书馆之一，建馆六百余年，藏书六百余万册，中文藏书约十万种，其中商代甲骨、宋元明及清代各类版刻书籍以及其他文物颇多珍品。1月25日(周三)上午英文课程，下午参观Whipple历史自然博物馆，馆中陈列的尽是中世纪以来的自然科学器具，包括显微镜、望远镜以及各种实验设备器材。寄宿家庭1月26日(周四)上午英文课程，下午英文测试，与学校师生告别，拍照留念，并颁发毕业证书。寄宿家庭 1月27日(周五)全天游览著名大学城牛津，这所闻名世界一流学府和遍布各地古迹，使它成为人们极度梦想的城市，19世纪建立的，距今有1100多年历史的牛津城是英国皇族和学者的摇篮。 寄宿家庭1月28日(周六)与寄宿家庭告别，统一安排送机，乘飞机返回中国寄宿家庭1月29日(周日)到达中国，结束旅程飞机上开营时间：2012年1月15日—1月29日报名截止日期：2011年11月11日(提前报满，提前截止)开营人数：最低15人 (如未达到15人，东方国际保持决定是否出团的权利)总价：28800元费用包含：签证：办理英国签证费用往返国际机票及税费住宿：寄宿家庭餐食：一日三餐学习：在英国学习的培训费及相关资料费交通：包含行程中城市游览用车费、境外接送机费门票：包含行程中收费景点门票费导游：包含行程中各地中文地陪导游服务费消费：包含全程必要支付的小费保险：境外保险费  费用不包含：护照费行程安排之外的活动及游览的相关费用境内外的一切个人自主消费、上下学交通费及通讯费个人行李托运超重费用，司导超时工作费用(上述“报价包含”条款中未列明的一切额外费用)  报名条件年满13周岁以上初中生、高中生及大学在读生；身体健康、遵纪守法、家庭有一定经济基础；热爱祖国、热爱党、组织纪律性强、确保夏令营结束后按时归国。备注东方国际保留在不减少景点的情况下调整行程顺序的权利，因不可抗力的客观原因和非东方国际原因(如天灾、战争、罢工等)或航空公司航班延误、取消、使领馆签证延误等情况，东方国际有权变更相关行程。同时，东方国际保留因汇率或燃油税变动而对相关费用作适当调整的权益。联系我们：国家留学基金委东方国际教育交流中心电话：010-66411821转海外游学部，或转分机811或810、66412108地址：北京市宣武门西大街甲129号金隅大厦801室电邮：studytour@cscdf.org,5,9,0.5502045750617981
澳“长征猫”独行3200公里 穿越沙漠返旧居中新网(微博)11月7日电  据外媒6日报道，澳大利亚一对夫妇舍瑞于去年3月搬家，但不久后，他们养的猫杰西就失踪了。没想到在一年多后，杰西出现在3200公里以外的旧居中。舍瑞说杰西不喜欢坐车，它很可能步行走回了旧居，期间还可能穿越了澳大利亚沙漠中心地带。杰西的主人说，猫是在搬家后不久失踪的。“它在新家只呆了几个星期。”舍瑞说。一年以后，舍瑞的老邻居发现了这只走过了漫漫“长征路”的猫咪。目前，杰西正在邻居的悉心照料中。据悉，杰西是从澳大利亚北部城市达尔文失踪，一年以后在澳大利亚南部艾尔半岛的旧居附近出现。这两处直线距离就有3200公里，中间还隔着一片沙漠。主人舍瑞对此迷惑不解：“我也不清楚它是怎么回去的。它不喜欢坐车，所以我想它可能是走回去的。”,5,9,0.9938165545463562
英9岁神童画作受追捧 卖画挣15万为家人买房中新网(微博)11月7日电 据外媒6日报道，英国9岁男孩基隆？威廉森被誉为“小莫奈”，去年7月，他的33幅画作在短短半小时内被抢购一空，最终卖出15万英镑(约152万人民币)的高价，他已用这笔钱给父母在家乡诺福克买了一套新房。威廉森今年还是个小学生，是从2008年开始作画的。后来，威廉森的画渐渐有了知名度，在去年7月，他的画作更是在短短半个小时卖光，挣得15万英镑。威廉森的父母已经用这笔钱在诺福克购置了新房。父亲基斯说：“如果他长大后还想做其他的事情，那时他至少不必考虑抵押贷款的问题。”威廉森的最新12幅作品将在下周五拍卖，每幅画的开价在1250英镑至15595英镑(约1.27万人民币至15.8万人民币)之间。考虑到此次展览可能会像上次一样被抢购一空，购买者们纷纷决定在画廊开门前一晚排队等候。画廊的老板亚德里安·希尔表示：“这孩子无可匹敌。没有一个孩子对水彩、油画及蜡笔画这三种画法都掌握的如此熟练。他对技巧的领悟非比寻常。”,5,9,0.6359615921974182
印度艺术家创作出“愤怒的小鸟”现实版(组图)中新网(微博)11月11日电  据外媒报道，印度一名艺术家穆罕默德•拉奥夫近日为知名游戏“愤怒的小鸟”创作出小鸟们的现实版。拉奥夫是这款游戏的忠实粉丝，因此，他将自己想象中 “愤怒的小鸟”应有的现实版长相和色彩用数字技术创作出来。拉奥夫认为，他的作品很好地展现了这些鸟儿的特征。拉奥夫说：“在我浏览‘愤怒的小鸟’中鸟儿们时不禁联想，它们在现实中应该是什么样子。因此便先画出来了一只。没想到朋友们都觉得很形象，所以最后创作了全部鸟类。”拉奥夫表示在作画时，他会尝试着体现出这种小鸟应该有的特点，包括鸟的颜色、表情甚至眼神。,5,9,0.7601876258850098
美国18岁中学生当选镇长 在学校不爱出风头羊城晚报(微博)报道 美国艾奥瓦州一名18岁高中生在当地镇长选举中成功当选，任期4年。美国媒体10日报道，这名中学生名叫杰里米·米尼埃，现就读于阿雷戴尔镇汉普顿·杜蒙高级中学。这座艾奥瓦州北部小镇常住人口73人，其中32人参与最近一次镇长选举。一家民间机构公布的选举结果显示，虽然米尼埃的名字没有印在选票上，但24名选民把他填写为补充候选人并投票支持。现任镇长、76岁的弗吉尔·霍默获8票。米尼埃接受当地媒体采访时说，他参选是因为感到当地居民诉求没有得到关注。“许多人对这件事感到惊讶，”米尼埃告诉《得梅因纪事报》记者，“因为我在学校里并不是最出风头的人。”米尼埃定于明年高中毕业。他打算在家乡附近一家社区大学就读绿化设计专业。米尼埃谈及今后目标时说，他打算改善农业水利条件，美化家乡环境。米尼埃的朋友达夫·鲍曼说，相信米尼埃会是一名“难以置信的杰出镇长”。米尼埃一家在当地算是“政治世家”。他的父亲曾任当地镇长，姐夫不久前当选附近一个镇的镇长。,5,9,0.5416204929351807
四六级收费是否过高 物价局：欢迎大学生核查重庆时报讯(实习记者 汪再兴 记者 张璐) 本报进行英语四、六级价格报道后，四、六级考试价格成为了这两天各大高校校园内热议的话题。到昨日为止，志愿者起诉报名人数已达20余人。诉讼发起人西政学生谢芸飞表示，希望先和有关部门座谈，如果座谈不成功，他个人将把这场官司打到底。20余名学生愿当志愿者重庆各大高校的学生看到西政学子的四、六级成本调查后，目前已有20余名学生表示愿意当诉讼的志愿者。针对价格问题，西南大学学生李国唯提出疑问：“四、六级的价格成本不过20元左右，那剩下的30元到哪里去了？1998年以前只收40元，为什么现在要收50元？”重庆大学研究生魏绮芳说：“很多学生四、六级考了多次，准考证和电子采集重复收费，是否有强制之嫌？”谢芸飞称，最近几天还将在各大高校完成四、六级成本调查。市物价局欢迎查具体价格昨日，谢芸飞对高招办“高科技手段增加10元成本”的回应表示质疑。他说：“重庆市物价局在关于高等教育大学英语教学水平考试PVC卡和电子采集上明文规定是考生自愿，但实际情况是不办理这两样，考生无法参加考试。”他表示将继续采集调查资料和志愿者一道与物价局进行座谈，如果不行再上诉。重庆市物价局副局长刘卫东欢迎大学生到物价局核实具体价格，他说：“同学们的调查结果和物价局核定价格之所以差异大，很可能是因为同学们不知道其具体的操作环节。”刘副局长表示。律师赞赏公益诉讼愿当顾问针对诉讼人到底应该是高等教育自考办公室还是物价局的问题，律师蒲万纯和谢芸飞看法不一。谢芸飞认为，高等教育办公室收取学生费用，如果要诉讼自然要找他们。蒲律师表示，愿意和谢芸飞共同研究这场公益诉讼，同时对大学生们这种公益诉讼的行为表示赞赏，并愿当谢芸飞的法律顾问。     更多信息请访问：新浪四六级频道 四六级论坛 四六级博客圈特别说明：由于各方面情况的不断调整与变化，新浪网所提供的所有考试信息仅供参考，敬请考生以权威部门公布的正式信息为准。,5,4,0.6478710174560547
"四六级考试临近 高科技作弊带来考试监管难(图)大学英语四六级考试将于6月22日举行。距离考试的日子越来越近，一些和考级相关的“设备”和“答案”也开始“旺销”。网上发布“征集令”“你有兴趣做生意吗？”4月21日,一位名叫“黑夜里面”的网友在南方某大学“江苏老乡会”QQ群里发布“征集令”。“啥生意？”一名网友问道。“四六级、米粒。”“黑夜里面”回答，“大家老乡，有钱一起赚。”“确保正确率是多少？”网友问。“97%以上，考前送。”“黑夜里面”回答，“我们有今年刚出的设备，比去年用的要好。做批发，170元一份，包括了答案。”“黑夜里面”的“征集令”引来几个老乡的咨询。同时，类似的小广告还有很多。大学校园的墙壁、电线杆，甚至厕所的门上都可以发现不少承诺得令人“心动”的小广告。但这种买卖大学英语四六级考试设备和答案的，更多是通过网络——贴吧、论坛、QQ等渠道联系。据“黑夜里面”介绍，他所说的“米粒”就是一种和米粒差不多大小的、很小的无线耳塞，隐秘性强，效果很好，还能反屏蔽。用他的话说：“用过就知道，都好几年了。”“没什么危险。”对于老乡们的担心，“黑夜里面”回答得直截了当，“要不然我自己也不做了。”排除了危险，大家关心的焦点自然就集中到了“利润”。“我举个例子，你平均一套赚150元，30套就是4500元。”“黑夜里面”首先给一位老乡算了一笔经济账。他说，一般批发一套是170元，你可以卖到350元或400元，一般卖350元。“呵呵,有本事的话300(套)都可以。”“黑夜里面”说，他已经卖出去四五百套了。“但也就相当于100套的钱，因为我基本上是做批发。”“黑夜里面”补充道。“黑夜里面”说，他从大二开始做这种“生意”，一直做到现在(大四)。对于老乡“觉得昧良心”的困惑，“黑夜里面”说：“其实这也没什么啊，因为如果他们从别人那里买可能更贵。”“黑夜里面”说，他基本上是通过网络，还有熟人介绍找代理。“老乡，你不担心，万一出点儿问题，被相关部门顺藤摸瓜找到你？”一老乡咨询了半天依然心存顾虑。“这就看人了，也要讲点儿义气和道义啊。”“黑夜里面”说。“最近你就可以联系人了，因为我们的设备都过来了。”“黑夜里面”说，“现在买也便宜，越往后越贵，这是肯定的。”“我们这边半个月前就有人订了。”“黑夜里面”称，自己已经发展七八个代理了。他坦言，大学四六级英语考试“米粒”这块还是很有市场的，毕竟大家都想过级。    更多信息请访问：新浪四六级频道 四六级论坛 四六级博客圈特别说明：由于各方面情况的不断调整与变化，新浪网所提供的所有考试信息仅供参考，敬请考生以权威部门公布的正式信息为准。",5,9,0.5648261904716492
"《欲望都市2》剧中女主角们昂贵的装备Samantha 金色深V背 Naeem Khan礼服价值$6,930。Charlotte 手提Nancy Gonzalez 鳄鱼皮手袋($3,380)，身着Oscar de la Renta 丝绸荷叶边无袖连衣裙。即便是烤面包时，Charlotte也穿的是Valentino的高级衬衫，外罩的“Bakers Delight”围裙来自Anthropologie。我们同样不能相信Miranda在迪拜疯狂地花去5位数卖了手上这个24 K金的 Yossi Harari 手镯。",6,8,0.9990123510360718
杜鹃被称为中国国际化超模第一名杜鹃身高1.79米，却没有咄咄逼人的感觉。她像只小白兔，安静、纤弱，好像随时能把自己变成一个没有重量、可以在飞来飞去的时候装进口袋的物件。杜鹃说自己天生喜静，又或者是学过9年芭蕾舞的原因，塑造出杜鹃无与伦比的特殊气质，令西方和东方的观众同时喜欢，杜鹃也许是第一人了！2005年9月，杜鹃等五位模特被张宇召集到上海，为《VOGUE》中国版创刊号拍摄封面，主角是当时炙手可热的澳大利亚娃娃脸名模吉玛·沃德 (Gemma Ward)。拍摄现场有个引人瞩目的法国女人，她正是《VOGUE》法国版主编Carine Roitfeld。 Carine Roitfeld 回忆起这次拍摄时说：“我非常喜欢杜鹃，所以决定在我为法国版《VOGUE》拍摄的另一组照片里，也选用她作为模特，我相信她会很快走红的。”在后两天拍摄《VOGUE》法国版封面时，杜鹃与吉玛·沃德 (Gemma Ward)平分秋色。与全球最大明星经纪公司国际管理集团IMG签约后，杜鹃正式走上了名模历练之路。公司开始安排杜鹃去见不同的客户，杜鹃感受到的是来自IMG无微不至的照顾。时装周期间，杜鹃一天会有十五六个面试，公司安排了短信提前通知，面试地点不会太远，还为杜鹃配了司机，杜鹃开始了忙碌却有条不紊的国际名模生涯。杜鹃的出现有很好的机遇：伴随《VOGUE》中国版的面世、顶级奢侈品的涌入、上海成为时尚之都……中国时尚的氛围在多年的积蓄后，爆发了。而跻身国际的首位中国超模身份就幸运地落在了杜鹃身上。首先，杜鹃具有传统的东方美态；第二，杜鹃知性、纤细的风格，符合世界审美惯例，不管在美国、欧洲、日本和中国，杜鹃都是公认的美丽嘉人。不得不承认，在国内，杜鹃的名气明显大于刘雯，但是在国际影响力上，刘雯却凌驾于任何一个国内超模之上。先从两位的走秀数量上就能看出分晓。2010秋冬时装周中，刘雯走了49场秀，然而杜鹃却并未出现在任何一场秀中。刘雯2010秋冬时装周为众多大牌走秀，包括了Chanel、chloe、Christian Dior、Dries Van Noten等等。这个走秀数量和走秀质量即使在国外也是非常出色的。杜鹃在这方面则完败于刘雯。,6,5,0.5615924000740051
范冰冰 在梦想的仙境一路漫游“演员梦”——范冰冰前传：妈，我要当演员！要了解一个人，就该了解她的成长背景。烟台是范冰冰15岁以前生长的城市。她父母都是有文艺追求的人，只是最后没有走上成名成家的道路，所以把希望都寄托在女儿身上了，家境不富裕的条件下，还花5000块钱买了架钢琴。小时候的她，除了音乐天赋还有些运动天赋，初二的时候能跑全程马拉松，但是她讨厌枯燥的训练，所以在音乐老师和体育老师选苗子的时候，她选择了音乐。但她又是那种喜欢尝试新事物的人，仗着小聪明，陶醉于什么东西一学就会的快感，再往下深究就没耐心了。父母曾经把她反锁在屋里练琴，她呢？哪里有压迫哪里就有反抗，踩着钢琴跳窗而出，投到同学们的怀抱中，她当时是那一片儿的孩子王。当时在学校里有不少追求者，他们的手段都很低端，就是把她自行车胎扎漏，然后在她推车回家时站出来帮忙。她爸想老这么修车也不是个事儿啊，万一遇见坏人呢，就每天开摩托接送她上下学。结果有一次他们俩被一个新手司机撞到，还在车下被拖行了18米，从地上拉起来时，已经是两个血人。幸亏都没受致命伤，她在医院里躺了3个月出院了。不过这3个月让她错过了升学考试，接下来要么是重读一年再考，要么是去谢晋在上海办的影视学校，她选择了后者。如果喜欢一个人，我有这个能力让他主动来追求我，而且不需要什么眼神、动作之类的暗示，我会让这个人觉得我很可爱，绝不扭捏。“爱情梦”——男人：白马王子其实不可靠，不给劲儿确实是，每个女孩在成长期里都会对男人有不同的期待，都会变。比如我小的时候就喜欢琼瑶式的哥哥，马景涛、刘德华那样的白马王子，长大后，觉得白马王子有时候不太顶事，不可靠，不给劲儿。然后就觉得，应该找对我的人生态度起一些引导作用的人，很踏实，或者就是他的人品要好。我喜欢话少但言之有物的人，而且很喜欢看一个男人认真工作的样子。“品牌梦”——工作室：范冰冰这个品牌，有很多切割面采访前一天，范冰冰刚从陈凯歌新片《赵氏孤儿》的开拍仪式上回来，据说由于明星扎堆，当地群众的反应过于热烈，搭起的媒体台都给踩塌了。于是疑问产生了，范冰冰为什么总能得到最好的机会？“不是我选这个戏，是这个戏选了我，我觉得自己很幸运，陈凯歌是我很尊敬的导演，因为我最喜欢的一部中国电影就是《霸王别姬》，我已经看了十几遍了，一直到去年我从国外回来的飞机上在放，我还是可以不睡觉再看一遍。我对他个人是有崇拜的，特别我现在自己在做工作室，这次合作也是很好的学习机会。”[后记]采访时，范冰冰就坐在我们对面的沙发上，双腿盘起，两手拨弄着脑后的马尾。绿色波鞋里冒出一小截咖啡色棉袜，袜筒处绣着一只大大的泰迪熊。她右手边，是戴着耳麦、身材健壮、宛若黑衣保镖的经纪人——这情景，好像她不是老板，而是被名利劫持的无辜少女。 说话间，她好看的浆果嘴唇慢条斯理地开了又合，一边施施然用手捏起一片湿纸巾，拼命揉搓起画了浓重眼影的眼周——于是我们立马就看见了两只千载难逢、正面全裸的熊猫眼圈。此时此地，是夜半零时，小汤山，五环外。影棚外荒村寂寂、黑影重重；影棚内，除了范老板还在侃侃而谈，助理人等早已东倒西歪——不享受阳光、不习惯闲适的她，仿佛就是为了这个时刻而生，且极适合在这个缺少光明的世界生存，小小梦游。,6,2,0.992874026298523
组图：梁洛施清纯装扮搞定多金男编者按：因《伊莎贝拉》和《刺青》而红透半边天的美女梁洛施一向喜欢一向以清纯玉女形象示人，俏丽的短裙搭配吊带和针织衫，或是一条素色的连衣裙，处处都散发着青春的味道。在秘密拍拖一年半后，梁洛施和香港富商李嘉诚之子李泽楷证实恋情，更惊爆已荣升父母，梁洛施于4月底在多伦多为李泽楷诞下7磅重男婴，采取自然分娩生产，母子平安。李嘉诚更亲自替孙取名“长治”。梁洛施能一举拿下李公子，和她平时的着装打扮功力是分不开的，我们一起来分享她的日常穿衣经吧。点评：齐肩直发，清新的妆容和白皙的肌肤都将梁洛施定位在玉女形象上，淡蓝色无袖背心搭配白色连衣裙，小女孩的青春与单纯自然流露。点评：条绒质地的咖啡色鸭舌帽搭配格纹外套及鹅黄色打底衫，青春低调却星味十足。点评：素颜+长发+春色连衣裙，不暴露，不妩媚，清纯玉女形象势不可挡。点评：可爱的羊角辫，甜美可人的笑容，搭配简单的棉服就很好看。,6,2,0.6218923926353455
夏日露出小蛮腰 肚脐环最抢眼肚脐环大多是半弧形的，因此也常被称为“香蕉环(bananabell/bananabar)”。通常是两头钉，上面一个小的，下面一个大些的。标准的香蕉环是1/16英寸宽，3/8或7/16英寸长的，上下两头的圆钉一般是5毫米和8毫米直径。当然，现在的肚脐环早已发展得多种多样了。我最早开始迷肚脐环是几年前开始跳肚皮舞的时候。想象着随着腰肢的扭动，肚脐环一闪一闪的，哇，有多性感！后来觉得，其实平时去clubing，或者夏天穿着小top，露出一小截腰肢，戴肚脐环也很靓。可是，我就是那么胆小怕疼。所以，肚脐环至今仍是我心头抹不去的痛。虽然商家们也设计了夹的肚脐环，可是和耳环一样，穿洞的更漂亮。又到夏天了，我一年一度的肚脐环狂热症又发作了。为了能佩戴肚脐环，美女们，大家一起来健身，一定要拥有完美的小腹和腰肢。另外，谁能告诉我，肚脐上穿洞到底有多疼啊？,6,9,0.5271140336990356
抢购场面异常火爆因此普罗旺斯－阿尔卑斯－蓝色海岸地区的打折月将于7月7日开始，科西嘉岛则从7月14日开始。瓜特罗普岛将于9月25日开锣(不包括圣巴尔代莱弥和圣马丁，这两地将于10月9日开始 )，马提尼克和圭亚那将于10月7日开幕，圣皮埃尔和密克隆群岛在7月21日开始，留尼岛则是9月4日(当地为冬季打折月)。,6,1,0.3405052423477173
梅雨季节必备装备&nbsp;花朵图案umbrella  雨伞花朵图案的流行延续到了雨伞上，大簇大簇的花朵表现出豪华的上品感。女孩风格的圆点图案，甜美而清新，搭配黄色的伞架，混搭出休闲的感觉。带有80年代轻甜摇滚风的粉色闪电图案真是太可爱了！最适合个性女孩。rain hat  雨帽红色户外品牌出品的帽子，颜色鲜艳，品质一流。,6,3,0.7902533411979675
JACK PURCELL 打羽毛球网球穿最适合羽毛球、网球与壁球等运动要求与之相适应的耐用而合适的运动鞋，JACK PURCELL对球鞋自行研究与改良，并参与研制策划，为了记念其贡献，这种运动鞋以JACK PURCELL命名。,6,3,0.41868212819099426
可爱米奇形状戒指造型独特米奇形状的蝴蝶结，造型独特，十分可爱丰富的水钻，富有光泽，很有质感。丰富的水钻组成的猫头鹰，尺寸较大，让你戴起来个性十足哦色调略有仿旧感。,6,3,0.5691075325012207
特别的骷髅戒指酷感十足采用金属材质，做工精致，很有质感，还可以自动调节大小呢！大缀饰修饰戒指表面，非常引人瞩目哦！很特别的一款戒指，挂在手指上的非常好看很酷呢！不是很重，而且尺寸也可以调节的，佩戴无敌舒适！,6,3,0.7777034640312195
组图：驻阿富汗英军“防弹内裤” 武装到命根子导语：信息时报综合报道 防弹内裤的点子或许引人发噱，但背后的意义却异常严肃。英国媒体6月26日指出，驻阿富汗的英国部队，可能很快就会采用一种最新保护装置——防弹内裤。随着路边炸弹威力增强，腹股沟部位及下半身受伤的人数不断攀升，具保护功能的裤子不久可能变成士兵的重要装备。防止爆炸中碎片冲击军事配件供应商“BCB国际”近期将开始贩售“炸弹平角裤”一般民众，一件由克维拉纤维制成的平角裤售价不到60英镑。英国国防部正考虑一种以密织丝衬垫保护最脆弱部分的款式。以这种织法，丝料十分坚韧，却比克维拉更有弹性。听起来有点搞笑，不过这种合成纤维的内裤确实可以让士兵最脆弱的地方免受伤害。如果士兵直接踩到了路边炸弹上，这种内裤也无能为力，不过可以阻止爆炸中小碎片冲击，如果碎片造成股沟动脉破裂或损伤，失血过多也可能造成生命危险。反应 受军人欢迎 “很愿意穿”英国军人十分欢迎这种新产品，最近随部队从阿富汗返国的下士莫瑟表示：“你在外头巡逻，头部有钢盔保护，身体有盔甲，但下半身什么也没有。”一些在英国本土参与试穿的士兵说，很愿意穿上这种保护内裤，不过如果到了阿富汗前线，却不一定行得通。“那里太热了，在行动中多一点东西都不想加在身上。”另一名士兵说，“如果是夫人的命令，那当然得穿。”不过一名女兵却很不以为然，她说，“如果我问丈夫有没有穿防弹内裤，他一定会说穿了。其实，穿没穿鬼才知道。”,6,9,0.40763792395591736
组图：神奇内衣又能丰胸又能存酒美国一家公司正在热销一款“丰胸”内衣，一对设计巧妙的口袋能容下一瓶酒分量的液体。这款产品有个名副其实的名字“酒架(Wine Rack)”，有小码(32A-34B)和中码(34C-38C)两种规格。利用密封水袋来垫高，装有750毫升酒的内衣可以使穿它的人胸部大两码！另外，这家公司没有忘记利用这个技术给男士们也带去点福利，另一款“酒架”，男士们可以将它戴在肚子上，喝酒的时候“啤酒肚”就会渐渐变小。,6,9,0.9450196623802185
组图：好莱坞红毯新宠儿 史密斯家有小女初长成目前，《功夫梦》的全球宣传活动正在如火如荼的进行当中，而史密斯的爱女维罗-史密斯显然在活动中抢尽哥哥贾登-史密斯的风头。穿着个性的她成了各大媒体争相报道的焦点，有人认为她的装扮过于成熟，有人认为她的造型十分成功。在此，小编就带各位回顾一下史密斯这位个性十足女儿的造型吧。,6,2,0.5466975569725037
组图：百年泳装 长短变化折射观念更新据英国《每日邮报》7月31日报道，现年84岁的马威斯太太最大的爱好就是收集泳装，她从上世纪50年代开始，收集了全英国500多件制作精良、款式迥异的女士泳装，藏品的时间跨度达将近150年。马威斯太太年轻时经常身穿这些泳装，在丈夫的镜头前摆pose。近日，她将自己的珍贵收藏放在一座海滨博物馆公开展出，希望从一个侧面反映人类观念在这100多年中的变化。(张品秋)据英国《每日邮报》7月31日报道，现年84岁的马威斯太太最大的爱好就是收集泳装，她从上世纪50年代开始，收集了全英国500多件制作精良、款式迥异的女士泳装，藏品的时间跨度达将近150年。马威斯太太年轻时经常身穿这些泳装，在丈夫的镜头前摆pose。近日，她将自己的珍贵收藏放在一座海滨博物馆公开展出，希望从一个侧面反映人类观念在这100多年中的变化。(张品秋),6,9,0.8691821098327637
白色文胸简约又百搭白色文胸简约又百搭，胸口的小小蝴蝶结点缀看起来很精致呢。黑色文胸复古又气质，搭配上不规则的点点元素后，看起来超美丽。小豹纹元素复古又时尚，一直就是MM们的最爱。,6,3,0.6348447203636169
"组图：缤纷欧美汇 中关村核心盛大开业9月3日，欧美汇缤纷绽放9月3日ECMall欧美汇闪耀亮相，盛大开业。绚丽的沙滩旗、缤纷的立方体空飘气球、啦啦队热舞和高难度的技巧表演，来自政府、媒体、商界的嘉宾们300余人共同见证了本次开业。极具创意的剪彩仪式，汇集来自俄罗斯、阿拉伯、法兰西等全球舞蹈让所有人感受到浓烈的喜悦和热辣。而由知名时装设计师倾情奉献、完全取材店内品牌“混搭”而成的时尚先锋走秀，则充分演绎了ECMall欧美汇的活力与时尚， 并为来宾奉献了一场异彩纷呈的饕餮盛宴。时尚EC“激活”西区英国空间设计大师Benoy的建筑艺术以及缤纷潮流的时尚主题；中庭巨型互动LED屏幕和全场免费Wi-Fi服务；超过50,000?的7个主题鲜明的楼层，包括B1：动感界、L1：潮尚汇、L2：潮尚汇、L3：创意际、L4：轻松驿站、L5：玩美空间、L6：饕餮大食尚，近百个国际顶级时尚品牌以及网罗天下美食的特色餐饮租户共同构成了ECMall欧美汇的零售商业王国。欧美汇的开业将对中关村西区商业格局带来极大推进，海淀区人民政府官员，及汇丰南丰投资管理有限公司 CEO袁靖波先生分别在庆典上致辞。欧美汇购物中心由三家资历雄厚的跨国公司----捷克共和国ECM集团、香港汇丰•南丰投资管理有限公司、新加坡美罗集团共同出资设立，组建了一支专业、高效的管理团队。在经过近一年的试营业阶段，各方精诚合作，成就了今日的欧美汇购物中心。作为欧美汇购物中心的总经理谢保罗先生则表示：ECMall欧美汇的开业，如同一支饱含时尚与激情的“维生素EC”，为长久以来生活元素、时尚元素缺失的中关村商圈注入澎湃缤纷的生命力，使中关村西区重获“健康”，焕发青春与活力。精彩热点连珠爆响，明星助阵异彩纷呈商场负责人透露，开业当月将举办 “缤纷欧美汇，ECMall& More”系列推广活动，包括在欧美汇任意消费即可领取美食护照，独享餐饮超值优惠；办理欧美汇会员卡，可获赠“长江七号爱地球”电影票2张；联手京探网合作“全城潮人时尚PK”活动多样，奖品丰厚；诺基亚独家新品发布、炫动全球。除此之外，重量级当红明星也在开业期间频繁亮相，9月4日“港版藤原纪香”廖碧儿到场助阵香港第一瘦身品牌“必瘦站”的开张；9月5日叶一茜现场签唱会、9月21日王蓉现场签唱会……整个九月炫目喷涌、百变精彩。炫动时尚潮品云集，缤纷欧美汇，ECMall& More坐拥地铁4号线及10号线的“黄金十字”，作为西线(4、10号线)沿线购物环境与品牌集中度最高的的购物中心， ECMall欧美汇吸引了众多潮流名品以及多家知名食府入驻其间。比如H&M、C&A、UNIQLO、Calvin Klein、BosaMagine, Astor & Ivy及SEPHORA等潮流名品，部分品牌为西区甚至京城独有。除了时尚潮品，餐饮方面也有不俗奉献，“第三代”金钱豹国际美食百汇，釜山料理，云海肴，吴地人家，萨莉亚等深受饕餮客的追捧。此外， ECMall欧美汇的品牌效应还反映在多业态的聚拢方面。商场中开设有万宁个人护理店， 苏宁精品店，HOLA家居馆，迪士尼英语则得到孩子们的喜爱。甚至全球最大手机制造商Nokia也将北京首家直营旗舰店开设于此，互动环节足够吸引——多元化的业态，满足顾客高品位生活所需。欧美汇购物中心的总经理谢保罗说：希望缤纷绽放的欧美汇，凭借专属且私密购物环境、便利的交通网络以及充足的停车位，购物环境优越再配合年轻时尚的定位，为海淀区甚至全北京的消费者带来更丰富的娱乐、购物、休闲体验，成为“时尚达人”及“都市新贵”们的潮购新圣地。ECMall欧美汇项目简介：有“中国硅谷”之称的中关村区域一直保持着较强的生命力和繁盛的商业氛围。继中关村广场购物中心、新中关购物中心之后，中关村又一商业项目——欧美汇购物中心(ECMall)经过一年的试营业后，在2010年9月3日正式亮相，盛大开业。ECMall欧美汇将项目定位为“中关村区域中高档消费目的地”，主要面向中关村西区的商务人士、白领阶层，海淀区域内年轻时尚群体以及海淀区内不断增长的中高端居住人群。欧美汇建筑面积达到53,000平方米，商业面积规划为地下1层到地上6层，周边毗邻中关村各大写字楼和一座五星级国际酒店，这无疑奠定了欧美汇定位中高档购物中心的发展基础。与此同时，欧美汇购物中心以网罗连锁经营的潮流品牌为目标，汇集了众多知名品牌，如H&M、C&A、UNIQLO、CK、丹麦BESTSELLER集团旗下品牌及SEPHORA等潮流名品。还有金钱豹国际美食百汇 、萨莉亚 、新辣道、潮江春、 Costa、 SPR 等特色餐饮，令消费者购物、休闲、聚餐、约会“一气呵成”，更加“酣畅淋漓”。欧美汇购物中心地处中关村核心地带，介于三环和四环之间，交通便利，拥有良好的可达性和可视性。地铁4号线和10号线交汇的黄庄站与欧美汇地下一层直接连通，这大大提升了项目的交通优势，使往来顾客更加畅达方便。欧美汇由秉承“创造力与生命力共生”之理念的世界一流建筑设计公司Benoy公司操刀设计，在硬件设计方面将会给消费者带来较强的视觉冲击，店内的各种高科技内饰也将给消费者带来一种互动式的消费体验，真切体现“中国硅谷”的科技元素与魅力，为消费者营造出不寻常的购物空间。为增强视觉系的惊人魅力，打造一个“活力新视界”。欧美汇将在日后运营中坚持年轻、活跃、科技、创新的活动基调，利用互动屏等科技内饰与消费者近距离互动，持续推出互动性的文化活动，令欧美汇购物中心成为科技中关村的文化集散地。地址： 海淀区丹棱街甲1号(中关村步行街南侧)电话： 010-82483388营业时间： 10：00-22：00地铁： 4号线及10号线海淀黄庄站A2出口网址：http://www.ecmall.com.cn",6,4,0.5680038928985596
夸张想象力极其丰富的内衣展内衣长出了鱼鳍？没有什么不可思议，设计师疯狂的想象力赋予了这款内衣无限创意。交差绑带的胸衣外是另一层透明，柔软与坚硬，强烈对比又彼此融合。除了藤编当然少不了纯木质的内衣，几何图形的拼接，强调原始与现代的融合。纱质编制款胸衣，下摆的流苏设计，仿佛带你进入另一个虚幻的梦境。,6,3,0.657487154006958
红色配咖啡色系要缩小红色面积红色配咖啡色系时缩小红色的面积是很高级的。这种发灰的铅锡色系也是咖啡色家族的，中国人穿这个色系很容易脸色蜡黄和灰暗，所以加上红色的点缀就会赶走肤色的暗沉了。咖啡色配绿色系是很高雅的配色。尤其墨绿配咖啡色，有种低调的奢华。如果你的肤色偏暗，黑眼珠和头发都是浓黑的，有种巧克力美人的感觉，试下这种配色吧。在中国的广东一带，这样肤色的深色型人是很多的。紫色系也是咖啡色的很妙配色，你的很多衣服其实不是不美，而是你的搭配无方埋没了它的潜质。你有很久没碰过的深巧克力色的衣服吗，不妨试下这个紫罗兰的包包哦。一定让你惊呼咖啡色72变的本领。黑色配咖啡色虽然不出错，不如深海军蓝更有味道。这种配色中国人穿由于发色和眼珠颜色的单调尤其会显老气。换成深海军蓝是缓解沉闷的好办法，也更适合亚洲人的黄种肤色。这种手工感十足的配饰配白色衣裤虽然不出错，但并没有配出其特色。如果整身增加大面积的咖啡色系会立即不同的。苍白、单调感、饰物和衣服的搭配显得牵强是这身衣服的不完美之处，学习正确和有效的颜色搭配知识是拯救你很多衣饰的最好办法。整个图片为什么没有因为整身的咖啡色和黑包显得沉闷，秘诀在哪里呢？你知道吗？什么颜色在图中起了决定性的作用呢？漂亮配色的原理都是相通的，不仅仅用于你外表的漂亮，咖啡色也是家私的主色，如何让你的家活色生香起来你已经学到了吧。有关个人形象咨询、服饰搭配师及色彩顾问培训请登陆中国总部：http://www.qixincolor.com全球总部：http://www.colourmebeautiful.co.uk博    客：http://blog.sina.com.cn/u/1265683744,6,3,0.9974699020385742
组图：李明博送礼经送秋衣 韩总统是秋衣发烧友报道称，李明博在青瓦台举行的知识经济部业务报告会议上表示“我想我们能为节能做些什么，之后便穿上了秋衣来上班”。他说“穿着秋衣来上班的路上，我想‘这样办公室的温度应该就能调低2度左右了吧’。我也打算(为节能)作出力所能及的努力”。李明博向150多位参会者表示“各位没有必要跟着做，你们自己看着办就行”。一席话引发了在场人员的一阵笑声，因为参会者显然受到了他这番话的“隐形压力”。李明博表示“穿着(秋衣)感觉很踏实，还不错”，并向邻座的金?植总理询问是否也穿了秋衣。接着李总统介绍说“总理也穿着”。报道称，李明博平时也会向参谋说“穿秋衣，第一次会感到不舒服，但很快就会习惯。有很多薄的保暖内衣，也不会对衣装形象造成影响”，真是个“秋衣发烧友”。据悉，一直以来，青瓦台的技术职员们都会经常收到以李明博夫妇的名义送的秋衣礼物。李明博还喜欢穿坎肩。报道指出，他在2009年11月的国务会议上表示“我穿了秋衣还穿了坎肩”，并指示将平时20度的会议室内温度调低至19度。今年12月13日，在连接釜山和巨济岛的巨加大桥开通仪式上，釜山市长许南植等部分参加者当时穿着坎肩，李明博看到后说“只要穿一件(坎肩)就会很暖和”，并推荐周围的人都穿坎肩。,6,5,0.6779791712760925
互联网选车牌号7月1日起将在部分城市推行中广网北京5月18日消息 据中国之声17时32分报道，公安部交通管理局今天上午公布10项交通便民管理措施，7月1号起正式开始实行互联网选号牌，驾驶人考试，互联网查询交通违法信息，我们连线中央台记者了解一下，北京辽宁都已经在互联网开通了自编自选机动车号牌的业务，其他的省市什么时候开始？记者：从7月1号开展开始，所有的省市，都将开始通过互联问电话选定机动车号牌号码，预约驾驶人考试，备案变更登记信息等业务，其中选定机动车的号牌号码业务主要是群众按照规则，先通过互联网和电话，选定号码，在规定的时间内到车管所直接办理，而预约驾驶人考试等业务只是群众通过互联问提出申请，接受审核之后，把相干的牌证和手续给申请人，此外通过互联网的电话提供交通违法信息的查询，下一步将会同有关部门，通过互联网向车连管理所获取驾驶人的身体条件的生命信息，根据现行的申领和使用规定里面，年龄为60岁以上的人每年都要提交一份身体体检证明。主持人：今后在这方面全国地区能不能全部推行，让大家都能够上网去查。这方面有没有难度。记者：相当于以前我们是在四川、成都还有杭州等地搞了一些试点在试点的基础已经推广到所有的直辖市及计划单位市和省会市，从下一步开始，明年就要开始在全国范围内实行。主持人：看来不远的将来，大家真的能在互联网上查到了。,7,9,0.803413987159729
台湾首次以观察员身份参加世卫会□晨报特约撰稿人 李思愚(17日发自日内瓦世界卫生组织总部)第62届世界卫生大会将于18日在日内瓦正式召开。据了解，中国卫生部部长陈竺率代表团已抵达日内瓦，并将出席本次大会。笔者从世界卫生组织日内瓦总部了解到，由于甲型H1N1流感至今肆虐全球，原定10天的会议已决定缩短至5天。此外，与流感相关的疫苗等问题将成为大会的重要讨论话题。会期从10天缩减到5天世界卫生组织日内瓦总部新闻发言人汤姆·莎士比亚告诉笔者，考虑到参加会议的各国卫生官员需要在自己的国家积极备战甲型H1N1流感，原定于27日结束的世界卫生大会将提前至22日结束。“这一消息，将由总务委员会在世界卫生大会第一日正式确认。”世界卫生大会是世卫组织的最高权力机构，每年5月在日内瓦召开一次，该大会决定着世界卫生组织的政策及预算。世界卫生组织的正式成立即在1948年第一届世界卫生大会上宣告。此前曾有媒体报道称，由于甲型H1N1流感迅速在全球蔓延，今年5月的世界卫生大会可能面临取消与延迟。对此，世界卫生组织全球预警及反应部门主管麦克·瑞安表示：“在目前这个状况下，世界卫生组织并不打算取消或者延迟世界卫生大会。这是一个非常重要的机会，让全球的各国卫生部门领导聚集一堂，就流感相关的问题及其他重要问题进行讨论。”另有媒体曾报道称，在大会正式召开之前，各成员曾被询问，是否需要缩短或取消此次会议。不少成员国表示了缩短意向，其中，斯威士兰希望取消该会议。最后，世界卫生大会定于18日至22日在日内瓦举行。甲流成主要探讨内容笔者翻阅3月16日公布的世界卫生大会会议日程发现，由于当时甲型H1N1流感并未吸引全球注意力，所以有关甲型H1N1流感的问题并非世界卫生大会主要探讨内容。但自4月下旬以来，甲型H1N1流感以迅猛之势在全球传播，汤姆·莎士比亚告诉笔者，有关甲型H1N1流感的相关问题将在世界卫生大会上予以具体讨论，而其他一些原定在大会上讨论但相对不紧急的课题将延至明年讨论。据汤姆·莎士比亚透露，包括疫苗、对大流感的准备工作、共享流感病毒、《国际卫生条例》的执行等在内的与流感相关问题都会成为主要讨论点。关于疫苗问题，世界卫生组织总干事陈冯富珍将与制药公司总裁讨论，将生产重点从季节性流感疫苗转向新流感疫苗，或同时生产这两种疫苗。此外在大会第一日，已计划召开一场“H1N1的高端咨询会”。除了甲型H1N1流感的相关话题外，世界卫生大会的话题还将涉及气候变化与健康、健康问题社会决定因素委员会、公共卫生、创新与知识产权等。墨西哥要讨论具体措施有媒体报道称，墨西哥政府将在本次世界卫生大会上提出就预防疫情的措施展开讨论。墨西哥驻联合国官员阿方索·德阿尔瓦说：“我们不想限制任何国家的主权，但我们需要就什么样的措施和什么情况下采取这样的措施最适当达成共识。”对此，汤姆·莎士比亚称：“对于《国际卫生条例》的实施情况我们会在大会上进行具体讨论，各国还会就特殊情况下采取的相关措施进行解释。”但汤姆·莎士比亚同时强调，除了《国际卫生条例》所建议的措施外，各国还可以根据自己国情采取相应的措施，“世界卫生组织不会就任何一个具体国家的做法做出评论”。[手记]流感离我很“远”，又很“近”□李思愚16日，我乘坐瑞航航班从上海到苏黎士。航班上，除了有亚洲模样的人戴口罩外，没看见任何一个“老外”模样的人将自己“罩起来”。我问坐旁边的德国人安德烈，怕不怕甲型H1N1流感，他竟然愣了半天，没反应出这是个什么东西。后来终于明白过来，竟然哈哈大笑起来：“就是流感嘛。我不怕。 ”他说，15天前，他从苏黎士飞上海，到了上海以后，他们被留在飞机上，“有专门的检查人员给我们测量体温。 ”到达苏黎士机场后，没有人给我测量体温。转机去日内瓦时，发现在欧洲流感相对较严重的西班牙，依然吸引着大批客流前往。待飞巴塞罗那的游客足足排了两条长龙，与去日内瓦的稀疏乘客相比，热闹非常。一名来自土耳其的游客告诉我：“大家知道这个流感，但没太把它当回事。 ”与这些人相处聊天时，让人觉得流感很远。在欧洲机场与街道的所见所闻，也让笔者觉得流感很远。但当记者赶到世界卫生组织总部时，却一下感觉流感近在咫尺。笔者从上周开始就与世卫组织联系采访事宜。 “总干事太忙了。助理总干事福田敬二也不能接受单独采访，他现在每天工作至少15个小时。 ”工作人员汤姆斯这样告诉笔者。周日，当我一大早8点多打电话到世卫组织新闻处时，出乎意料的是有一名女士接了电话，“自从流感暴发以来，我们周末也工作。昨天我在，今天我还在。 ”对方笑着说。到达世卫组织大楼时，大厅里除了接待参加大会各成员国的人员外，还有人专门负责为与会人员分发洗手液与餐巾纸。“更干净，更健康”是洗手液的口号，而随袋发送的还有一张宣传纸，“你有咳嗽或打喷嚏吗？你有感冒症状吗？如果是，避免与他人接触，并拨打世界卫生组织健康与医疗热线电话。 ”这一切又让人觉得，流感离自己很近。我想起了世卫总干事陈冯富珍反驳“世卫反应过度”时所说的话：“我宁愿过度准备而不要不作准备。 ”台湾首次以观察员身份参加□晨报特约撰稿人 李思愚在此次世界卫生大会上，台湾首次获邀以观察员身份参加。台湾“卫生署长”叶金川4月29日宣布，28日收到世界卫生组织总干事陈冯富珍的邀请函，正式邀请台湾以观察员身份，参加在日内瓦举行的第62届世界卫生大会。对于台湾获邀参加世界卫生大会，中国卫生部发言人毛群安表示，这体现了大陆的善意，以及推动两岸关系和平发展的诚意。对此，外媒评论称，北京方面对于疾病表现出越来越开放的态度。作为观察员身份的台湾，其民众可以享受来自世界卫生组织的医疗支持以及信息支持。考虑到现在是甲型H1N1流感肆虐之时，这更是一个及时的决定。叶金川称，世卫大会观察员与会员国之间的权利义务的差别没有重大不同，只是观察员无法参与投票，没有被提名权，也不能参与总务委员会，此外，观察员也不需要缴纳会费。“就我们的了解，我们的观察员和所有的观察员相比，权利和义务都一样。”,7,9,0.8174136877059937
地方重要官员密集调整 凸显经济学专业能力进入五月，我国一些地方党政机关重要官员的人事调整颇为密集。16日，大连召开全市领导干部会议，宣布大连市原市委书记张成寅任辽宁省委副书记，其原职由大连市原市长夏德仁担任。市委副书记李万才则被提名为市长候选人。14日，新华社消息，陈铁雄任中共台州市委书记。而12日各地官员的调动则更为密集。新华社发布消息，何立峰任天津市委委员、常委、副书记，免去其福建省委常委、委员和福建省厦门市委书记职务。邢元敏不再担任天津市委副书记、常委职务。陈超英调任辽宁省副省长，免去其天津市委常委、委员职务。同日，浙江省纪委也召开干部会议，传达中共中央关于任泽民担任该省省委常委、省纪委书记的决定。业务能力受重视根据上述涉及调整的官员的简历，他们有一个共同点：均有经济学相关受教育或者任职背景。刚刚走马上任的张成寅曾长期在国家经济部门工作，担任过原国家经济贸易委员会综合司司长，而其接任者夏德仁则曾受教于东北财经大学，专业为财政金融。李万才则有对外经贸专业的受教育经历。将成张成寅同事的陈超英为工学硕士、博士生导师。除了大连三位官员，任泽民则为经济学学士、经济师；于本月3日调任公示期满的陈铁雄曾在中央党校学习经济管理；何立峰的学历则是经济学博士。“党政机关领导干部的专业化要求肯定是一直不断强化的，”中国人才研究会副会长、中国人事科学院原院长王通讯昨天接受CBN记者采访时认为，由于我国经济建设越来越复杂，对于各级党政领导干部的知识结构也提出了越来越高的要求。在北京大学政府管理学院副院长白智立看来，我国官员任命的一个核心标准在两个方面：政治和道德层面；专业能力要求。“两者都要具备，才能真正胜任。”不过，他认为，强化专业化能力是这些年官员任命中的一个重要趋势，特别是金融危机爆发以来，对官员把握经济的能力必然提出更高的要求。“政治忠诚度和业务能力都要强调，两者在不同的历史时期可能要求不尽相同，在当前金融市场越来越复杂的情况下，强调后者是必要的。”他在接受CBN记者采访时认为。培养良好的政治队伍其实，今年前四个月各地的人事调整也比较频繁。上个月，四川、江浙等地也有诸多人事变动。就浙江来看，有尚清当选浙江省衢州市市长、冯建荣任绍兴市副市长、张鸿铭任浙江省政府秘书长等。根据上述官员简历，除了张成寅现年59岁外，其余官员的年龄主要集中在50岁至55岁之间。“从他们的年龄和未来任期来看，这些领导干部还是有一定的提升空间的，”白智立认为，在2012年党的十八大举行之前，来自地方的重要人事调整可以为未来培养良好的政治队伍，而其对于未来核心官员队伍的形成会有推动作用。中国人民大学行政管理学系主任毛寿龙在接受CBN记者采访时则认为，地方换届期主要取决于中组部地方干部局的安排，“根据当地领导干部的年龄、任期等随时作出调整，因此，每个地方的换届时间也会不同。”赵杰,7,4,0.7535954117774963
发改委称抛售贮备棉不会打压市场价格中广网北京5月19日消息（记者冯雅）据中国之声央广新闻5点40分报道，国家发改委昨天表示，有关部门已经做好抛售贮备棉的准备，不打压市场价格，稳定棉花市场。 国内外市场棉价大幅上涨当前棉花价格的整体行情来看，昨天我国期货市场7月份的合约是每吨13140元，比上个月上涨了8%以上，上涨幅度很大。同时近期纽约的价格也在大幅地攀升，现货价从4月末一直到现在都维持在每吨13000的位置上，这对于企业而言会造成很大的成本负担。 棉农、企业都未获利近期发改委一份相关的报告指出截至到四月末国内商业化的棉花约有110万吨的库存，不足国内纺织行业2个月的用量，据纺织行业的一位专家介绍，目前棉价虽然上涨，但并非是棉农出售棉花的价格上涨，而是企业的拿货价上涨了，这样棉农既未得到好处，企业方面又亏损。保证市场供应充足 行业发展平稳对于抛售的数量，市场上猜测、传闻不断，有分析师认为不会低于50万吨，价格也应该不会过低于现货价格每吨一万三的市场行情。市场预测抛售时间可能是在5月底或者是6月初，未来三个月棉花市场不会有太大的空间。我国的棉花市场走势是国家政策在主导，国家前期收储了大量的棉花，要按照不打压市场的价格来抛售，是要保证市场的供应能够充足，使整个纺织行业相对能够发展平稳一些，对于出口方面不会产生很大的影响。,7,1,0.4367644786834717
天然气定价改革方案上报 将和原油价格挂钩时报综合消息 据《上海证券报》报道，天然气价格改革方案已经向国家上报，根据新方案的规定，国内天然气价格未来要和原油价格挂钩。据一位业内人士透露，之所以这样做是因为从海外进口的液化天然气在谈判时都约定与原油价格挂钩，广东、福建、上海的项目都是如此。“天然气价格改革方案的确已上报了。”一位熟悉天然气定价机制改革的行业人士向记者证实了这一消息。据他介绍，新机制拟以国际原油价格为基础，同时考虑附加条件来为天然气定价。此前，该人士曾参与了发改委组织的成都会议等多次天然气价格改革研讨会。“根据改革方案，国内天然气价格未来要和原油价格挂钩。”据该人士介绍，目前国内天然气气源很多，其中从海外进口的液化天然气(LNG)在谈判时都约定与原油价格挂钩，如广东、福建、上海的几个LNG项目都是如此，这也是国内天然气价格要和原油价格接轨的出发点。近年来，随着国内输气管道的大规模建设和土库曼斯坦、缅甸管道气和东部沿海LNG资源的引进，横跨东西、纵贯南北的全国天然气运输网络将在2010年后形成。届时，我国将形成多气源(国产气、进口管道气、进口LNG)、多管线相互调剂、联合供气的格局。但多气源也带来更多的问题。中石油规划总院天然气市场室副主任李伟就认为，“气源地不同，天然气成本也就各异。那么是多种气源采取同一价格，还是实行多种价格？何以区分用户使用天然气的气源地和管输路径？即便能够清楚了解气源地，在费用的征收上也会存在问题。”,7,9,0.28791573643684387
德国政府报告指责中国对德电脑进行黑客攻击国际在线报道（记者阎蔚）：德国政府19日在柏林发表报告，对去年德国的国家安全状况进行评估。但这份报告竟然再次无端指责中国对德国企业和政府的计算机系统进行黑客攻击。内容多为主观臆断 这份报告由德国联邦内政部长朔伊布勒和德国联邦宪法保卫局负责人弗洛姆共同炮制。报告一开始大谈德国日益猖獗的极右和极左犯罪案件，以及德国日益面临伊斯兰极端主义的恐怖威胁。然后话题一转，称德国企业和政府部门的计算机系统遭受攻击的情况日趋严重。报告还断然作出结论：“目前在德国进行此类间谍活动的主要是俄罗斯联邦和中华人民共和国。此外还有来自远、近、中东以及北非的国家。”得出这一结论的理由竟然是：“鉴于所选择的目标和所使用的方法，很多案例极有可能受到国外情报部门的操控或至少有国外情报部门的参与”。这份报告没有忘记为自己的主观臆断自圆其说。报告称，德国在欧盟和北约中扮演着重要角色，拥有为数众多的企业和尖端技术，因此对国外情报部门“很有吸引力”。被刺探信息的目标包括德国政治、经济和军事以及在德国的与该国政府持异见的组织和个人。报告还对所谓“网络间谍活动”的目的进行了分类。报告称，有的国家是为了拥有核、生物或化学大规模杀伤性武器以及必要的运载技术而在德国积极获取相关物资和技术；一些技术上欠发达的国家主要想窃取技术知识，以降低本国研发和专利费用等成本；一些技术上相对发达的国家则主要对产品创意、全套制造技术以及企业和市场战略感兴趣。而实际上，报告并没有给出任何一起所谓“网络间谍案”发生的时间、地点、过程、数据等具体信息，字里行间更多地充斥着主观想象和推断。曾多次抛出类似论调 这份报告一出炉，马上引起了不少德国媒体的跟风炒作。德国《商报》再次抛出“间谍论”，称德国企业经常遭遇竞争对手和国外情报部门派出的间谍，后者多伪装成外交官和记者。而实际上，德国无端指责中国发动网络黑客攻击已经不是第一次。早在2007年夏天，就有德国媒体报道称，德国联邦总理府、经济和技术部以及外交部的计算机系统感染了木马病毒，并怀疑来自中国人民解放军的黑客发动了这次攻击。这样的言论遭到了中国政府的严正驳斥。有德国计算机专家也对此提出质疑，认为仅凭ＩＰ地址并不足以判定黑客的具体方位。此外，今年3月，德国北威州宪法保护局发表报告称，经济间谍的问题越来越大，俄罗斯、中国、越南和朝鲜等国都很活跃。最离谱的要算德国《明镜》周刊2007年8月26日在德国总理默克尔出访中国的当天发表的具有挑衅和煽动性的《黄色间谍》一文，诬蔑在德的华人和中国留学生很多是间谍。这篇文章引起了在德华侨、华人和中国留学生的强烈愤概和抗议，最终上诉到了德国联邦宪法法院。,7,9,0.5444788932800293
发改委与湖南对换交流两名省部级干部国家发改委与湖南省政府日前进行了一次干部“对调”，原国家发改委秘书长韩永文将出任湖南省副省长，同时湖南副省长徐宪平将担任国家发改委副主任。《财经》记者采访了解，徐宪平5月中旬已经开始在国家发改委上班，目前分管交通领域。“徐宪平的水平不错，经历也很丰富。他有党群的工作经验，又有地方发改委、省政府和企业的领导工作经验。担任湖南副省长期间，他分管过公交、金融、城建、财税。”一位与徐宪平熟悉的人士告诉记者，“在副主任的位置上，他是一个合适的人选。”徐宪平出生于1954年10月，汉族，湖南隆回人，1973年参加工作，成为长岭炼油厂的一名工人。在长岭炼油厂工作期间，徐宪平历任车间团支部书记、分厂团总支书记、党总支书记、厂团委副书记。1984年，徐宪平担任共青团岳阳市委书记，当时年仅30岁。第二年，徐宪平又担任岳阳市人事局长，1987年升任共青团湖南省委副书记。此后，徐宪平开始了在经济领域的任职经历。1991年，徐宪平调任湖南省石油公司，担任副总经理，随后又担任长沙市常务副市长、湖南省计委主任等职务。2003年，徐宪平担任湖南省副省长。今年下半年，分管能源领域的国家发改委副主任张国宝将到退休年龄，届时发改委副主任的分工将进行一轮调整，预计具有能源、工交、金融等领域工作经历的徐宪平有望分管更重要的工作。在徐宪平赴京同时，国家发改委秘书长韩永文也已经赶赴湖南，并与湖南省政府相关领导会见。不出意外的话，韩永文将是继原国家能源局副局长赵小平之后，又一位调任地方的发改委干部。2009年2月11日，赵小平出任宁夏回族自治区副主席。目前，国家发改委网站上，韩永文的名字仍然在委领导之列。根据发改委上的简历，韩永文出生于1955年，1982年毕业于东北财经大学，并在1997年获得农学博士学位。1974年，韩永文参加工作，1982年调入国家计委。在国家发改委工作期间，韩永文先后担任国家发改委价格调控司副司长、监察局局长、国民经济综合司司长。2006年，韩永文开始任国家发改委秘书长，享受副部级待遇。“一般而言，国家发改委的秘书长可直接升任副主任。但此次是采用了与省政府的领导对换的交流方式，显得不同寻常。这也是国家加强部委与地方政府的领导班子‘交流’的信号。”国家发改委下属部门的一位人士评价道。,7,4,0.5503450036048889
外交部提醒在日及拟赴日公民严防甲型H1N1流感根据世界卫生组织公布的最新数据，在日本已确诊的甲型H1N1流感病例为163例，无死亡病例。目前主要集中于关西地区的兵库县和大阪府两地。中国驻日本使领馆正密切跟踪当地疫情发展。外交部领事司谨请在日本以及近期拟赴日的中国公民注意以下提醒：1、如赴日旅行，应事先通过世界卫生组织网站(中文：http://www.who.int/zh/index.html；英文：http://www.who.int/en/index.html)和当地旅行社详细了解疫情发展情况及负责治疗甲型H1N1流感有关医院和机构电话、地址等信息。2、充分做好个人防护，主要措施有：尽量避免接触流感样症状(发热，咳嗽，流涕等)或肺炎等呼吸道病人；经常使用肥皂和清水洗手，咳嗽或打喷嚏时要用纸巾遮住口鼻，将纸巾丢进垃圾桶，以避免细菌传播；保持良好个人卫生习惯，保证充足的睡眠和合理的膳食，并坚持锻炼身体，增强身体抵抗力。3、尽量减少旅行，减少乘机、乘船的机会，避免前往或长时间停留在人群拥挤或通风不畅的场所，必要时戴好口罩。中国留学生在学习、生活中应更加注意防疫。4、如出现流感样症状，应立即服药治疗，并及时与当地医生或医疗机构联系，报告病情症状，遵循医生的治疗意见，并与中国驻日使领馆保持联系。    外交部提示归国人员启程前要确认健康状况    外交部:关于流感疫情期间在日中国公民旅行提醒,7,5,0.9135314226150513
审计署：10省区市5837万支农款用于建房买车本报讯 （记者杨华云）审计署昨日发布的2009年第4号审计结果公告披露，河南、甘肃等10省区市财政和有关主管部门违规使用资金26.93亿元，其中，用于建房买车5837.4万元。审计署向社会公布了河南、甘肃、山西、黑龙江、江苏、湖南、福建、陕西、内蒙古和重庆10省区市财政支农资金管理使用情况审计调查结果。审计调查发现，财政支农资金分配、使用和管理不够规范的问题普遍存在，10省区市财政和有关主管部门违规使用资金26.93亿元，其中用于建房买车5837.4万元；不规范管理资金45.75亿元；配套资金不到位65.97亿元。审计调查还发现，部分项目资金使用效益较差。在应于2007年底完成的86个财政支农项目中，有32个未达到设计要求和预期目标，占抽查项目总数的37%，致使已到位的8.24亿元支农资金未能充分发挥效益。此外，年初华北大旱暴露出的抗旱基础设施不足的问题得到证实。审计发现农业基础设施投入仍然不足，其中防汛抗旱监测预警系统建设滞后，2003至2007年，陕西、重庆等8省市防汛抗旱监测预警系统建设投入1.31亿元，仅占其同期防汛抗旱经费投入的4％，截至2008年3月，8省市设立的水情监测站尚不足水利部要求的一半。相关阅读：审计署：10省区市违规使用支农资金26亿,7,4,0.9738227128982544
巴西总统访华力推金砖集团 挑战美元霸主地位巴西领导人很想加强与“金砖四国”中其他国家的关系，进一步挑战美元的霸主地位国际先驱导报记者于冬发自北京 “尽管金融危机的‘震中’也许位于发达国家，但伦敦峰会让我们清楚地看到，如果没有发展中国家的参与，克服危机无从谈起。”5月19日上午10时许，巴西总统卢拉雄辩的调门响彻中国社会科学院礼堂的每一个角落。卢拉总统对资本主义的“反叛”立场一如既往，但与伦敦金融峰会上痛斥“蓝眼睛的白人惹起了危机”相比，言辞却温和了许多。卢拉总统此次访华恰逢6月15日将在俄罗斯举行的上海合作组织与“金砖四国”峰会前夕，“金砖集团”的倡议自然备受关注。“铁嘴”抨击资本主义“对我来说，资本主义从来就不是一个抽象的概念。它是日常生活中真实而又具体的一部分。我的童年和许多来自贫穷家庭的男孩没有任何的不同：非正式的工作；非常少的正式教育。我惟一的文凭是机床操作员。”在会议举办方分发的材料中，卢拉总统介绍了他对资本主义最真实的理解。很难想像眼前这位神采奕奕的总统，几十年前却是一名来自社会最底层的“工厂男孩”。社科院一位与会的研究员告诉《国际先驱导报》，“在拉美左派领导人中，卢拉和委内瑞拉的查韦斯总统都以‘铁嘴’批判资本主义和美国而闻名，但不同的是卢拉说过之后，一定会付诸行动。”早在4月初卢拉总统就撰文呼吁发展中国家停止使用美元进行贸易，以减少进口国和出口国的开支。“将美元当作参照货币并给某一个国家印制这种货币的权力，这种情况实在荒谬。”如今，卢拉总统的提议正逐渐变成现实。英国《金融时报》5月19日透露，中巴“双方已开始商谈设立一个新体系，让中国和巴西用自己的货币进行贸易，而不是美元”。层层推进巴西大国梦无疑，中巴抛开美元直接进行贸易符合双方的利益。今年4月，中国首次超过美国成为巴西第一大贸易伙伴，作为富有活力和经济互补性很强的两个大国，中巴在包括能源、航空、旅游和矿产开发等领域的合作持续加强。中国人民银行的吉女士向《国际先驱导报》介绍说，“中国同巴西的经济关系发展迅速，相比之下，几年前我们单位绝对不会受邀出席这种类型的演讲会议。”环顾四周，记者发现会场早已坐满了各界人士，有穿着严肃的政府官员、态度和蔼的学界人士、衣着考究的商业精英，以及后排忙碌的新闻工作者，足有四五百人。窥一斑而见全豹，中巴关系已经进入了一个战略合作的新时代。但是，卢拉总统的主张远不止于中巴双边之间。“新兴国家被动反应的时代一去不返了。像巴西和中国这样的国家应该更多地参与到诸如国际货币基金组织、世界银行和金砖四国等机构的决策过程之中。”卢拉总统在演讲中再次提及构建“金砖集团”的主张。其实，在巴西政府决策层中一直存在着“金砖集团”的政策构想。2003年，卢拉总统上台伊始就提出巴西、中国、俄罗斯、印度、南非五国对话机制，但最后只实现了俄印巴三国对话。巴西外交部长阿莫林多次撰文指出，“金砖集团”不仅是一个统一行动的经济组织，它还应是一个政治集团，通过这种整合的力量推动国际秩序的平等和民主，实现世界格局的重组。社科院拉美问题研究所巴西问题专家周志伟告诉《国际先驱导报》，卢拉政府近年来之所以不遗余力地推行“金砖集团”，是想借助四国的整体力量，巴西政府尤其看重中国的经济和政治影响力，以此融入到世界经济新秩序，甚至获得“入常”问题上的支持，从而进入国际政治规则的决策核心。西方不满“金砖集团”倡议“我们通过艰辛的劳动积累起2070亿美元的外汇储备，让我们免受产生于资本主义中心、威胁着全球经济结构的金融危机最糟糕的影响。”卢拉总统的看法引起了与会者的广泛支持。中国人民银行的吉女士不无感慨，“如今，穷人借钱给富人花。不但要承担各种借款风险，还要忍受对方苛刻的借款条件。”无疑，建立公正合理的国际经济新秩序势在必行，但西方世界对“金砖集团”却心怀芥蒂。新美国基金会政治学家帕拉格·康纳指出，“金砖四国”一词是高盛公司经济学家创造出来的，它并不是一个现实的同盟。四国的经济参差不齐，缺乏合作的经济和政治基础，“金砖四国”集团很不现实。英国广播公司认为，巴西领导人很想加强与“金砖四国”中其他国家的关系，进一步挑战美元的霸主地位。英国《金融时报》5月18日断言，“金砖四国”虽有一定实力，但还远不是一个“志同道合”的机制，无法形成共识与合力。《华尔街日报》则进一步分析称，除巴西有意借助中俄印的力量争取“入常”外，作为“金砖集团”成员的俄罗斯和印度也各有盘算：印度既想在“入常”问题上得到中俄巴三国的支持，又不愿因“金砖集团”而开罪西方；俄罗斯则因能源价格下降，外交底气不足，而欲借“金砖集团”组建没有西方影响的国家经济组织。对此，外交部发言人马朝旭19日表示，四国对话符合四国和国际社会的共同利益。这种对话与合作是透明开放的，不针对任何一方。【链接】金砖四国“金砖四国”（ＢＲＩＣ）包括巴西、俄罗斯、印度和中国。ＢＲＩＣ恰好是上述四国英文名称首字母缩写，因其发音类似“砖块”一词，故得名“金砖四国”。推荐《国际先驱导报》博客：http://blog.sina.com.cn/m/xqdb,7,1,0.9871761202812195
我国石油天然气立法进入前期准备阶段王康鹏业界呼吁多年的石油、天然气行业立法又开始了“萌动”。CBN记者获悉，近期受国家发改委召集，有能源专家、法律专家及石油企业内部人士参与，《石油(天然气)法》的起草准备工作开始启动。国家发改委政策法规司权威人士向CBN记者证实了这一消息，他表示依照工作安排确实有起草《石油(天然气)法》的计划，但目前只是前期准备阶段，尚无明确的时间表。第三次启动立法1993年起，中国成为了石油净进口国。大致从这个时候起，业界有关中国需要及早起草、出台石油、天然气行业的单独法规的呼吁就一直没有间断过。1995年，甚至有207名全国人大代表联名提议，要求国家制定出台《石油(天然气)法》。实际上，这已经是《石油(天然气)法》起草的第三次启动。1995年，原国家计委能源交通司一度组织人马拿出了一份草案递交给了国务院法制局，还被国务院法制局列入了二档立法项目；2005年，当时的国家发改委能源局召集多家企业及国家发改委能源研究所的负责人和专家学者，制定出《石油(天然气)法》的大致框架，但是此后就再无音讯。近20年来，中国的能源行业发生了一系列重大变化，能源在支持经济建设、保障国家安全上的重要性日益加大。去年8月18日，国家正式成立了专司能源管理、协调工作的单位——国家能源局。“国家能源局成立了，这大概是行业立法起草重新被摆上日程的重要原因。”中石化经济技术研究院一位专家告诉CBN记者，就在前不久，国家能源局正式召集了包括中石化、中石油在内的相关单位专家，开始启动了《石油(天然气)法》的立法起草讨论。国家发改委政策法规司一位人士向记者证实了《石油(天然气)法》起草工作重启的消息。据他介绍，国家发改委确实是有这方面的工作打算，目前已经交给由国家能源局油气司具体负责牵头做这个事情。“这一次情况应该会有所不同。”前述中石化经济技术研究院专家认为，前两次“无功而返”的关键还是缺少一个强有力的牵头人，现在由国家能源局来负责之后，相关的工作进度应该会加快。尚无具体时间表虽然《石油(天然气)法》的起草工作已经启动，但最终何时能推出目前还不能确定。前述国家发改委政策法规司人士告诉记者说：“只能说是在开始做了，还没有具体的推出时间表，现在要说进展如何还为时过早。”上述中石化经济技术研究院专家透露，本次的起草工作大致以2005年的框架为基础开展工作，目前只是在小范围内分头展开讨论。“这4年来能源行业的市场、制度都发生了不小变化，需要作出修订、调整的方面很多。下一步先要形成一个草稿，按照立法程序还需要公开征求意见，最终还要上报国务院，提交全国人大批准，这一套程序全部走下去最快也得要3到5年时间。”在2007年底，国家公布了有“能源行业小宪法”之称的《能源法》(征求意见稿)。据媒体最新报道，《能源法》送审稿已经在今年1月初提交到国务院，目前正在法制办进行意见征询和初审，但《能源法》何时能正式出台在官方尚无定论。国土资源部油气资源战略研究中心专家预计，《石油(天然气)法》的推出时间至少是在《能源法》推出之后。“《能源法》是母法，《石油(天然气)法》是子法，母法属于大纲性的东西，从一般的立法时间先后顺序来说是先有母法作出统领，再推出子法对具体的行业问题作出细化。”这位专家说。,7,4,0.6048417091369629
国家海洋局将定期巡航渤海中新网5月22日电 日前，国家海洋局印发了《关于开展渤海石油勘探开发活动定期巡航执法检查工作的意见》，决定建立渤海定期巡航制度，进一步加强对渤海日益扩大的海洋石油勘探开发活动的巡航监视，及时发现、处置各类海洋违法违规行为和突发的海洋环境污染损害事件，促进海洋石油勘探开发活动的健康、协调、可持续发展。据《中国海洋报》报道，根据该意见，该项检查任务由中国海监总队统一领导、中国海监北海总队组织实施、中国海监第一支队具体承担，“中国海监11”船和 “中国海监21”船作为执法检查的专用船舶。定期巡航检查的重点区域是渤海石油勘探开发较为集中的辽东湾、渤海湾、渤海中部和南部。意见要求，执法检查组每个季度对确定的石油勘探开发项目进行一次全面的海上定期巡航执法检查；对有人石油平台、有人海上储油装置、人工岛油田等每年要登检一次，必要时随时登检；对陆岸终端处理厂每年检查一次；对相关石油公司的海域使用情况进行一次执法检查。此外，意见还对执法检查的内容、违法违规行为和突发事件处置原则、检查情况通报与报告提出了明确要求。近年来，随着中国海上石油勘探开发步伐不断加快，新油气储量的发现以及海上石油开发技术的提高，渤海已经成为中国海上石油勘探开发活动最集中、开发程度最高的海域。如何有效防止、及时处置海上溢油事故，保护已经十分脆弱的渤海海洋环境，是海洋行政管理部门面临的一个严峻挑战。报道认为，在此形势下，国家海洋局建立渤海定期巡航制度，依法开展巡航监视和执法检查，对渤海石油勘探开发活动进行监督，依法查处海洋石油勘探开发活动中污染损害海洋环境和违法用海行为，以及发现和处置海洋环境突发污染损害事故，可以更有效地保护渤海海洋环境。(王秋蓉）,7,9,0.5189418196678162
央行新一轮人事调整正在进行记者获悉，央行新一轮人事调整正在进行中。由于央行稳定局原局长张新已赴任央行上海总部任副主任，缺位的稳定局局长一职，可能由央行金融研究所所长宣昌能接任。宣昌能，1997年取得美国奥斯汀得克萨斯大学金融学博士学位，原任央行金融研究所所长。2008年进入央行，此前曾担任JC弗劳尔斯投资公司董事总经理、建设银行董事会秘书、中国证监会规划委委员和机构监管部副主任，及摩根大通银行衍生产品研究部的高级分析师等职。另外，前驻IMF中国执行董事葛华勇就任央行党委组织部部长、人事司司长。新的人士调增还包括，央行国际司司长金琦已出任办公厅主任，中国外汇交易中心总裁谢多已出任国际司司长，中国金融出版社社长林铁钢出任央行天津分行行长。记者 高博,7,1,0.869356632232666
新能源产业振兴规划结束内部讨论本报讯(记者张艳) 昨天，国家能源局综合规划司司长周喜安表示，新能源产业振兴规划已在能源局内部结束讨论，尽管何时推出没有时间表，但很快就会有结果。周喜安是在科博会的中国能源高层战略论坛间隙接受记者采访时透露这一消息的。周喜安表示，国际金融危机为我国能源行业转变发展方式提供了契机，我国应抓住当前经济增长放缓，能源供需形势相对缓和的时机，推进能源发展方式转变，我国将大力发展新能源和可再生能源。他还表示，我国核电发展的黄金时期已经到来。经过多年实践，我国已经培养锻炼了一支业务素质强、管理水平高、能够适应核电建设和运营的人才队伍，核电技术水平和装备制造能力有了很大的提高和突破，已经具备加快发展核电的条件和环境。,7,4,0.946774423122406
最高法出台物权法两部司法解释新华网北京5月24日电（记者 杨维汉）建筑物区分所有权和物业服务事关广大人民群众切身利益，也关系到物业服务企业正常经营和健康发展。最高人民法院24日公布了《关于审理建筑物区分所有权纠纷案件具体应用法律若干问题的解释》和《关于审理物业服务纠纷案件具体应用法律若干问题的解释》，并将于2009年10月1日起施行。“最高人民法院出台这两部司法解释，就是要通过司法解释的形式统一裁判尺度，维护法律的权威，切实做好建筑物区分所有权及物业服务纠纷案件民事审判工作。最高人民法院有关负责人说，这两部司法解释在物权法等法律规定框架内，立足审判实践需求，着力于增强法律规定的可操作性。《关于审理建筑物区分所有权纠纷案件具体应用法律若干问题的解释》共19条，《关于审理物业服务纠纷案件具体应用法律若干问题的解释》共13条。这两部司法解释涉及建筑物区分所有权及物业服务纠纷案件审判实践中的若干热点、难点问题，具体包括：业主身份的界定、专有部分和共有部分的划定、面积人数的计算方法、业主权利义务的范围、车位车库纠纷的处理、业主自治重大事项的范围、住改商纠纷的处理、利害关系业主的认定、业主撤销权的行使以及业主知情权的保护等；物业服务合同对业主的约束力及效力、物业服务企业的违约责任承担、业主妨害物业服务企业管理的责任承担、物业费纠纷处理、物业服务合同的解除及相应纠纷的处理、物业使用人的准用等。据了解，近年来，随着我国住房制度改革不断深入，涉及物业权益的纠纷案件数量不断增加，审判实践面临的压力与日俱增。由于物权法等法律的相关规定比较原则，各地的理解也有所不同，审判实践中对如何正确理解和适用物权法等法律规定提出了许多亟待解决的问题。同时，许多全国人大代表、全国政协委员也以建议、提案的形式希望最高人民法院及时出台相关司法解释。最高人民法院自2003年初起，即着手展开制定涉及物业权益纠纷案件处理司法解释的相关准备和调研工作。2007年初，《关于审理建筑物区分所有权纠纷案件具体应用法律若干问题的解释》和《关于审理物业服务纠纷案件具体应用法律若干问题的解释》正式立项。此间，最高人民法院进行了广泛的调研、分析与论证，多次征求了有关部门和社会各界的意见。经过数年的起草制定工作，两部司法解释最终出台。最高人民法院有关负责人表示，两部司法解释的起草制定工作立足于司法解释功能定位，严格按照物权法等法律规定精神，确保解释内容符合立法宗旨和目的；注意建筑物区分所有权和物业服务法律关系各方当事人利益的平等保护，力求实现当事人间权利义务的平衡；紧贴审判工作实践中的热点、难点问题，不贪大求全，切实为审判实践提供统一的裁判依据；在满足审判实践需要的基础上，合理借鉴法学理论，确保学理上的妥当性。相关阅读：物权法司法解释明确业主身份界定标准物权法司法解释破解物业服务欠费纠纷难题,7,4,0.8165048360824585
合肥环保局针对焚烧秸秆开出44张罚单本报讯 前天晚上，秸秆焚烧引发的烟雾导致合肥空气出现历史罕见的重污染。昨天发布的空气质量日报显示，合肥空气质量为“重污染”。空气污染指数更从前一天的135猛升至454，比去年沙尘暴入侵时还要高。有关环保专家告诉记者，今年的秸秆焚烧对空气的影响，是近年来最恶劣的一次。十个监测点全线超标每天中午公布的空气质量日报是统计前一天中午12时之后24小时的空气情况。因此，前天晚上省城出现的浓烈秸秆烟雾引起的后果，在昨天的空气质量日报得以明显体现。空气质量日报显示，合肥市全城空气污染指数为454，远远高于300的“重污染线”。全城十个监测点的数据全线超标。其中，三里街为442，长江中路为457，明珠广场为438，庐阳区为454，瑶海区为465，包河区为479，滨湖新区为440，高新区为428，标志着“空气最佳区域”的董铺水库监测点，也达到408。秸秆焚烧今年最疯狂合肥市环境监测站有关专家介绍，一般情况下，合肥市空气质量能保持优良，空气污染指数也大多在100以下，昨天的“454”实属历史罕见。分析表明，空气质量之所以剧降，主要是因为秸秆焚烧。记者注意到，去年合肥最差空气是在5月30日，当时因内蒙古沙尘暴天气影响，合肥空气出现重污染，当时的污染指数也只有406。记者通过国家环保部统计数据了解到，合肥市去年秸秆禁烧期间，也出现空气质量变差的情况。但除了因沙尘暴影响的5月30日，也没有出现像昨天这样的重污染，只有5月24日、26日、29日出现过中度污染，空气污染指数最多也不超过245。而在2007年的4月到6月，合肥也只出现过轻微污染。一场大雨洗净空气专家表示，在重污染的空气中，健康人运动耐受力会降低，老年人和病人应当留在室内，避免强烈的体力消耗，一般人群也应避免户外活动。不过幸运的是，昨天的一场大雨解了合肥空气之困。根据预测，今天合肥市空气污染指数只有50到70，空气质量属于良好。（昂颖 本报记者 项磊）百姓期待政府拿出“治本措施”合肥秸秆禁烧今年进入第五个年头，尽管每年都划定了禁烧区、设定禁烧期，但是今年依旧出现了烟雾迷城的状况。禁而不止的现象成为合肥市民每年夏初的一块“心病”。今年70万吨秸秆的出路依旧严峻，老百姓期待政府部门能拿出更多措施，守护着省城的蓝天。农民：期待更多人收秸秆在省城包河区大圩镇晓兰村，村民杨珍英家里有4亩油菜秸秆，经过几年禁烧政策的宣传，杨珍英已经不敢再烧秸秆了。每年一到禁烧期，她都十分自觉地把割下来的秸秆挑到路边堆放着，这样还可以从村里领到一百元左右的补贴。堆在路边的秸秆有一部分被打捆机打捆收走，有一部分还堆放在原来的地方。过段时间要是还没人收购，村里的干部就会来巡查，建议她要么放到田里沤肥，要么挑回家当柴火。杨珍英告诉记者，每年这个时候，城里人怕农村烧秸秆，其实农民们也害怕，怕收上来的秸秆没人要，放在田间耽误下一步插秧。在烟墩乡，村民张老汉正把秸秆挑回家中。他告诉记者，“现在政府宣传说秸秆是个宝，不能烧。可是每年来收的中介却很少，有的村子连一台打捆机都没有，有的打捆机也只收几百吨就不收了，大部分秸秆还是没人要！”这让张老汉十分为难。他并不指望秸秆能卖到多少钱，但是希望秸秆被尽快收走，不要放在家里占位置。基层干部：期待收购价上涨大圩镇圩西村村委会的姜主任十分着急，今年秸秆收购价格低，使得不少中介迟迟不愿意开始收购。姜主任告诉记者，根据往年的经验，尽管政府部门要求部分企业收购秸秆，但实际上秸秆的市场仍旧是供大于求。“秸秆发电、秸秆制板材、秸秆栽培食用菌，这些秸秆的综合利用方式已经推出几年了，可是所需要的秸秆数量十分有限。秸秆卖不上好价钱，所以收购中介也不积极。”大圩镇党委委员王业云表示，政府采取补贴的方式，来刺激企业回收利用秸秆，这也是一个办法，几年来也确实有些效果。不过，秸秆的供应远远大于所需，要想使秸秆卖上一个好价钱，还得给秸秆寻找出更多的出路。市民：期待政府出台措施合肥市民在反对焚烧秸秆的同时，认为关键在于政府要拿出根本的解决方法，而非“头疼医头，脚疼医脚”。市民马为兵说，自己患有咽喉炎，此次浓烟突袭，让自己难受不已，一个晚上都没睡好觉。“不管怎么说，焚烧秸秆带来的污染确实已经对大家的健康造成影响，影响到我们的正常生活，也让合肥的形象大打折扣。这样的行为，应该被坚决制止！”省城的汪小姐希望政府部门能够在禁烧工作中，出台更多的政策，采取疏堵结合的方式，净化空气质量。“一味地让农民禁烧，不给他们找好秸秆的出路，对农民来说，也是不现实的！希望政府部门在禁烧的同时，继续探索更多的秸秆综合利用的方式，采取更多引导性的措施，提高秸秆的市场价值。”从事建筑业的孙小东说，“美丽的蓝天重要，农民朋友的利益也要维护。这两者并不矛盾，而且都牵涉到民生问题。政府并不缺乏人才，要多动脑筋，想出一个行之有效的解决方法，为群众来分忧解难。”本报记者 何薇 丁贤飞■动态环保局开出44张罚单本报讯为了减少秸秆焚烧点，降低秸秆烟雾危害，合肥市环保执法人员前夜进行了彻夜巡查。记者昨天了解到，环保局22个检查组一晚上共开出了44张罚单。44张罚单中，肥东10张，肥西20张，长丰10张，包河区3张，蜀山区1张。合肥市环保局有关负责人告诉记者，统计的情况与现场看到的情况吻合，前天的秸秆烟雾主要是三县地区农民焚烧引起，市区内的秸秆禁烧情况相对较好。（昂颖 本报记者 项磊）,7,9,0.40559718012809753
我国今年将研究开征物业税本报讯 (记者杨华云) 昨日，中国政府网公布了《国务院批转发展改革委关于2009年深化经济体制改革工作意见的通知》，同时公布了发改委《关于2009年深化经济体制改革工作的意见》，其中，“开征物业税”再次纳入。近年来，国务院每年转发的该文件均提到物业税。《意见》明确提出，今年研究开征物业税，该项工作将由财政部、国税总局、发改委、住房和城乡建设部共同负责。面对国际金融危机这一不同于往年的新情况，《意见》将体制改革和产业结构调整放到了更加重要的位置。此次改革将致力于政府要为市场主体提供服务的目标，监察部将牵头落实削减和调整行政审批事项，切实把政府职能转到主要为市场主体服务和创造良好发展环境上。垄断行业改革也提到了比以往重要的位置，《意见》要求，加快研究鼓励民间资本进入石油、铁路、电力、电信、市政公用设施等重要领域的相关政策，以带动社会投资。而在市政公用事业改革方面，《意见》明确提出，要扩大城市供水供热供气、污水处理、垃圾处理等特许经营范围。为应对国际金融危机，中央政府去年出台一揽子计划后，有观点认为中国社会保障制度的不完善影响了内需的发展。《意见》单列一条提出民生领域改革以提高居民消费能力，包括控制收入分配差距，基本养老保险继续开展做实个人账户试点，出台养老保险关系转移接续办法，推进事业单位养老保险改革试点，制订实施农民工养老保险办法，出台新型农村社会养老保险指导意见等。住房和城乡建设部：拟用物业税限制大户型住宅物业税将首先向经营性房地产征收业内人士称我国征收物业税将面临三大难题,7,4,0.9838975071907043
环保部调研30个省市在建大项目5月，环保部调研30个省市的在建大项目有了眉目：地方落后产能重燃现象进一步浮出水面。23日，在中国循环经济发展高层论坛上，环保部污染物排放量总量控制司副司长刘长根透露，市场带动下，一些小建材、小钢材又重新生产。过剩产能出现两大趋势：一则从东部往西部转移；二则在本省内，从发达地区转往不发达地区。2009年上半年即将结束，如此新形式，让全国牵涉节能减排目标上下部门倍感压力。未进入2009年之时，全国上下其手的努力，让中国单位生产总值能耗，主要污染物排放情形加速好转，国家环保局此前判断，2009年二氧化硫或提前实现“十一五”的减排指标。国家发改委副主任解振华也曾表示，“十一五”的其他节能减排指标也将在明年完成。新一轮的大投资，打乱了既定的步骤，国家发改委能源研究所康艳兵告诉记者，地方政府首要任务是保增长、扩内需，难以阻绝落后产能项目借搭顺风车现象。“但2009年是实施节能减排的关键年，目前各项措施马虎不得。”保增长 轻环保？就在4月，国家环保部就紧急启动了多个调研组，目标直指各地项目控污、环境监测情况、地方减排过关等问题。环保部污染物排放量总量控制司副司长刘长根对此透露，一些节能减排的措施在地方政府和企业执行相对不力。调研发现，地方在节能减排方面，“在认定项目的时候，对产业升级、工业升级方面的把关，不像以前那么严了。第二个情况，一些被环保曾经拒之门外，又申报上来了。”一些企业也对环境管理有放松的现象。比如环境保护部和地方环保部门受理的一些项目，分别有15.5%和23.7%的项目存在未批先建的问题。一些重点污染源中有25%存在治污设施不正当运行。此外，地方在落实节能减排政策，制定和完善进度上也有所推迟。例如，节能环保的电、上网补贴等优惠的试点在一些地方得不到贯彻。刘长根指出，由于受经济效益下滑的影响，一些企业的节能减排投入在减弱。“在这个形势下，扩内需、保增长、促就业，已经成为各级政府的头等大事。一些地区，部门在消极的看待环境保护与经济增长的关系。”环保部调研发现的类似问题，工业和信息化部也有察觉。就在近日，工信部就曾警告，一些中小钢铁厂因为线材价格回升的因素，开始开动马力生产，这使得落后产能不仅有恢复的可能，还会导致钢铁整体过剩更为严重。数据显示，今年前4个月，国内72家大中型钢铁生产企业净亏损达51.8亿元，全国钢铁企业利润一季度下滑99%。预计今年钢铁供需平衡量不足5亿吨，钢铁产能过剩超过1亿吨。工业和信息化部总工程师、运行监测协调局局长朱宏任建议，事实上钢价回升情形并不稳定，“当前情况下，即使是价格出现适度回升和波动，对于企业来说，仍然应该根据市场情况准确把握，避免盲目扩大生产。”“十一五”指标新变量抑制新一轮环保压力，相关部委已紧急响应。目前工业和信息化部已经着手，加快淘汰钢铁落后产能的步伐，并将严格执行差别电价政策，对20吨及以下转炉电炉等淘汰类，2005年8月以后建设的120吨以下转炉、70吨以下电炉、1000立方米以下高炉等限制类生产能力继续实施淘汰类、限制类差别电价。环保部也不含糊，目前正在加大对炼钢、炼铁、铁合金、焦炭等13个行业落后生产能力的淘汰力度，并将继续加强对减排的政策保障等，以确保2009年目标的完成。其中，严格减排责任制考核是重头工作。刘长根指出，此时绝不能放低门槛，以牺牲资源和环境代价来换取经济的粗放增长。“应对国际金融危机，为我们加快转变发展方式，调整产业结构，提供了一个有利的市场时机。”数据显示，2008年，我国的化学需氧量排放比上一年下降了4.2%，二氧化硫下降了5.95%。此时与2005年相比，化学需氧量排放累计下降了6.61%，二氧化硫下降了8.95%，首次实现减排的任务完成，且超过预定时间。根据环保部今年确定的化学需氧量比2008年下降2.1%，二氧化硫减排比2008年下降2.7%的安排，预计今年将提前实现“十一五”二氧化硫减排指标，而化学需氧量减排可以完成“十一五”计划的将近85%到90%。刘长根坦言目前的减排工作不能放松，因为下一步减排的空间在变小。国家发改委、工业和信息化部负责主管的节能工作也与此类似，据悉，2008年单位生产总值能耗比上一年下降4.59%，累计比2005年下降10.1%。不过，要实现到2010年下降20%的目标，今明年要下降10%左右。国家发改委能源研究所康艳兵认为，这等于是2年来要完成“十一五”下降一半的任务，因此担子不轻。为此下一步需要加快产业结构升级，尤其是加快1-2万亿的节能投资市场的开发，带动新兴产业的发展，实现低碳经济目标。记者 肖明,7,4,0.574358344078064
上海人大常委会表决通过撤销南汇区决定本报讯(通讯员 任达) 昨天，市十三届人大常委会举行第十一次会议，审议并表决通过市人大常委会关于撤销南汇区、将其行政区域并入浦东新区若干问题的决定，为积极稳妥地做好该项工作提供了法制保障。市人大常委会主任刘云耕主持会议。会议听取了市人大常委会人事代表工委副主任张爱民所作的市人大常委会关于撤销南汇区、将其行政区域并入浦东新区若干问题的决定(草案)的说明，经分组审议后由全体会议表决通过该决定。刘云耕指出，要加强指导与帮助，确保浦东新区换届选举工作规范有序顺利进行；发挥立法、监督等法定职能，继续做好服务浦东开发开放的各项工作，为浦东新区综合配套改革试点工作和建设“两个中心”作出积极的贡献。市人大常委会副主任陈豪、周禹鹏、胡炜、王培生、杨定华、蔡达峰、郑惠强出席会议。副市长赵雯，各区县人大常委会负责人，市人大各部门负责人，市政府有关部门负责人和部分人大代表列席会议。经国务院批准，撤销上海市南汇区，将其行政区域并入上海市浦东新区。为了积极稳妥地做好南汇区行政区域并入浦东新区的有关工作，根据《中华人民共和国全国人民代表大会和地方各级人民代表大会选举法》、《中华人民共和国地方各级人民代表大会和地方各级人民政府组织法》的规定，上海市第十三届人民代表大会常务委员会第十一次会议决定：一、成立浦东新区第四届人民代表大会筹备组，负责筹备浦东新区第四届人民代表大会的有关事宜，主持浦东新区第四届人民代表大会代表的选举，召集浦东新区第四届人民代表大会第一次会议。浦东新区第四届人民代表大会筹备组下设代表资格审查委员会，审查浦东新区第四届人民代表大会代表的选举是否符合法律规定，并报筹备组公布代表名单。二、浦东新区第四届人民代表大会代表名额为450名。三、浦东新区第四届人民代表大会常务委员会组成人员名额为35名。四、浦东新区第四届人民代表大会常务委员会组成人员，区长、副区长，区人民法院院长、区人民检察院检察长由浦东新区第四届人民代表大会第一次会议依法选举产生。行政区划调整后的浦东新区人民政府其他组成人员、区人民法院审判人员、区人民检察院检察人员由浦东新区第四届人民代表大会常务委员会依法任免。五、浦东新区和南汇区第三届人民代表大会常务委员会以及人民政府、人民法院、人民检察院行使职权至浦东新区新的区人民代表大会常务委员会组成人员及区长、副区长，区人民法院院长、区人民检察院检察长产生为止。六、原南汇区选举产生的上海市第十三届人民代表大会代表的选举单位改为浦东新区人民代表大会。七、原南汇区所辖镇的人民代表大会代表资格继续有效，镇人民代表大会的届次不变，区属名称随行政区划的调整而作相应的调整。八、浦东新区第四届人民代表大会任期至2012年上海市的区、县人民代表大会换届为止。,7,4,0.9742200970649719
发改委官员：一系列振兴东北新举措即将推出《中国经济周刊》记者  宋雪莲/北京报道继国务院4月21日正式批准在黑龙江省对俄口岸绥芬河设立综合保税区以后，一系列针对东北老工业基地振兴的新的政策即将陆续出台。5月27日，《中国经济周刊》从国家发改委东北振兴司独家获悉，近期，国务院将召开振兴东北地区等老工业基地领导小组会议，会议将研究老工业基地应对当前金融危机的办法，并将系统研究东北全面振兴的一系列政策措施。届时，该领导小组组长温家宝将亲自出席并主持会议，29个相关部委领导以及东北4省区政府主要负责人都将参会。据悉，这将是本届政府就任以来首次举行的振兴东北地区等老工业基地领导小组会议，对实现整个东北地区的全面振兴意义重大。在此前的5月15日，国家发改委东北振兴司司长文振富在接受《中国经济周刊》记者专访时表示，国家发改委东北振兴司目前已经提出了促进东北地区等老工业基地经济平稳较快发展和全面振兴的政策措施，并已于今年3月召集东北三省以及内蒙古的发改委人士进行了讨论。“东北振兴不仅仅是为了解决工业和国有企业的问题，而是要实现各产业协调发展，实现可持续发展，提高人民生活水平和质量，促进社会全面进步。”文振富表示，“目前东北老工业基地建设已经进入新阶段，还会有新的振兴举措。而新举措不仅要使东北地区能够积极应对金融危机，避免大的损伤，而且要帮助东北化‘危’为‘机’，实现工业、农业、社会、生态、第三产业以及旅游业等的全面振兴。振兴东北老工业基地的工作进入了推进全面振兴的新阶段。”上半年经济增速将达9%今年3月20日-22日，国务院总理温家宝在东北地区调研期间走访了鞍山钢铁、三一重装、北方重工，以及中国北车集团等企业。据悉，上述企业今年以来的经营形势良好，特别是北方重工、北车集团，受国家4万亿刺激经济的计划带动，订单大幅增长。“但目前看来，东北还有许多装备企业的订单有减无增，手持订单尚可用半年、一年，但是一但用完，仍然会有风险。”文振富说，“如果外部条件不改善，很难说经济会很快走出谷底，同样，走出低谷单凭东北一枝独秀也是不可能的。”据统计数据显示，一季度，东北地区外贸出口下降23.8%，增幅同比回落25.9个百分点。外需萎缩是主要制约因素，对俄罗斯、欧盟、美国等主要出口地区的出口额大幅下降。同时，由于企业效益下降，加之中央实施一系列减免税费政策，地方财税收入增速大幅下滑。一季度，尽管东北地区财政收入增长10.5%，高于全国平均水平，但较上年同期回落27.4个百分点，其中税收增速回落较大。文振富告诉记者，目前，东北部分工业仍在低位运行。“规模以上工业增加值虽同比增长9.3%，但增幅为实施老工业基地振兴战略以来最低。”由于市场需求不足，价格持续下跌，产品库存增加，部分行业亏损严重，部分企业维持低负荷运行。特别是石化、能源、冶金行业困难较大。对外贸易形势依然严峻。“金融危机对东北地区的影响是滞后的，虽然总体上东北地区受金融危机的影响比沿海地区小，但是今后的不确定因素依然存在，如果东北的企业受到影响而关停，恢复会更加困难，我们一定要密切关注东北经济的走势，绝不能掉以轻心。”文振富说。他称，温家宝总理在东北调研以后很高兴，并且指示相关部门一定要研究出东北振兴的新政策，“温总理强调这不是一般的研究，而是要认真研究。”文振富表示，研究的方向包括两个方面，一是要面向当前，研究如何成功应对金融危机，二是要充实和完善东北老工业基地振兴战略的内涵。主要做法是，在坚持成功经验和好的做法的前提下，重点推动企业技术改造和自主创新能力的提高，以及结构调整和改革开放等方面。其中在技术改造方面，可能要单独设立老工业基地调整改造专项资金、技术创新专项资金等来加大技术改造和创新的力度。“我们建议中央政府继续加大支持力度，在从原来有关专项中分离出‘老工业基地调整改造’专项，5年内每年安排不少于30亿元的资金，全部用于调整改造的贷款贴息或资本金注入。同时，加快建立东北地区等老工业基地调整改造重点项目储备库，从中筛选重点项目，予以重点支持。”文振富说。另外，培养东北地区区域经济的重要产业基地，把东北振兴提高到更高的水平。据悉，近期，国家陆续投放的200亿企业技术改造资金有很大一部分投向了东北，300多亿重大技术装备专项资金也有很多投向了东北。文振富告诉记者，东北地区经济运行二季度将会深度调整。在中央一系列有针对性的扩大内需政策刺激下，以及5年来东北地区抗风险、抵御危机能力显著增强，将会对经济增长提供较强的支撑作用，同时促进经济结构调整、理顺资源价格、深化体制改革等，为二季度东北地区经济运行企稳回升奠定了坚实基础，“初步预测上半年经济增速将达到9%左右。”  绥芬河保税区率先启动4项对外开放举措将实施今年4月21日，位于中俄边境的绥芬河保税区成为我国第6个综合保税区，这是东北地区唯一的沿边陆路综合保税区。“这使东北形成了南有大连保税港区，北有绥芬河保税区的格局。”文振富说，“这将进一步扩大绥芬河口岸在东北亚经济圈中的区位优势，从而实现对俄经贸合作战略升级，对活跃东北亚各地区的经贸往来意义重大。”  而此举亦被东北地区认为是东北新的振兴政策的良好开端。有专家预测，绥芬河综合保税区建成后，每年绥芬河口岸的国际贸易额将提高到20亿美元，这必将增强黑龙江省以及我国对外贸易的发展潜力，并对各边境口岸城市的进一步发展有重要的引导作用。文振富告诉记者，综合保税区是设立在内陆地区具有保税港区功能的海关特殊监管区域，实行封闭管理，是目前我国开放层次最高、政策最优惠、功能最齐全的海关特殊监管区域，是国家开放金融、贸易、投资、服务、运输等领域的试验区和先行区。其功能和税收、外汇政策按照《国务院关于设立洋山保税港区的批复》的有关规定执行。即：国外货物入区保税，货物出区进入国内销售按货物进口的有关规定办理报关手续，并按货物实际状态征税；国内货物入区视同出口，实行退税；保税区内企业之间的货物交易不征增值税和消费税。该区以国际中转、国际采购、国际配送、国际转口贸易和保税加工等功能为主，以商品服务交易、投资融资保险等功能为辅，以法律政务、进出口展示等服务功能为配套，具备生产要素聚散、重要物资中转等功能。东北的经济结构、资源禀赋，决定了它必须加强与区域外市场的联系，畅通商品流通和生产要素交换的渠道。目前，东北经济的外向度还比较低，这在一定程度上制约了东北经济的发展。“实际上，东北地区既沿边又沿海，地处东北亚区域中心，与周边国家和地区的经济互补性较强，扩大对外开放具有独特的优势和良好的条件。”文振富称，2003年以来，随着振兴东北等老工业基地战略的实施，吉林省图们江区域开发也在国内外引起广泛关注，战略价值日益凸现。“近年来，吉林省在图们江区域开发的基础之上，谋划了长吉图开发开放先导区建设战略。吉林省及国务院有关部门正在组织编制图们江区域合作开发的规划，规划将突出以长吉图为开发开放先导区，积极促进长吉图与国内区域联动，大力推进图们江国际区域深入合作，进而建立我国与东南亚遥相呼应的东北亚国际开发合作战略高地，形成经济全球化条件下参与国际经济合作和竞争新优势。”“我们目前还正在推动《中国东北地区老工业基地与俄罗斯远东地区合作规划纲要》的签署。”文振富告诉记者，“我们制定的东北振兴规划，俄罗斯制定的远东和后贝加尔振兴规划，这两个振兴规划的衔接问题已经与俄方达成共识，总的规划纲要将很快签署实施。”“再加上正在编制的黑瞎子岛保护与开放开发规划，开辟新的对俄合作口岸和大通道等，我们将可以构筑起整个东北地区全方位对外开放的新格局。”文振富介绍说。一系列区域发展规划正在编制中在文振富看来，从一季度全国应对金融危机、保持经济平稳较快发展的全局来看，东北的实体经济基础坚实、抗风险能力较强、回旋余地较大的优势，在一定程度上弥补了东部沿海外需下降的劣势，使区域经济发展更加协调。因此，在当前特殊形势下，继续加强振兴老工业基地工作，把东北地区培育成新的经济增长极，对全国经济平稳较快发展具有特殊的重要性和意义。“我们正在建议国家结合新的形势，进一步充实和完善振兴战略，及时制定新的政策措施，逐步建立支持老工业基地振兴的长效机制，努力把东北地区培育成全国经济新的增长极。”在国家发改委目前正在研究的东北老工业基地振兴新政策中，很大一部分是支持老工业基地优势产业集聚区建设。“主要包括推动辽宁沿海经济带、沈阳经济区、哈大齐工业走廊、长吉图开发开放先导区等的加快发展。组织编制发展规划，支持沈阳铁西区老工业基地调整改造暨装备制造业发展示范区和大连‘两区一带’等装备制造业集聚区发展。推进蒙东地区能源重化工基地、黑龙江东部煤电化基地和辽西北煤化工基地建设，提高资源转化利用水平。”文振富说，“我们将充分发挥沈阳、长春、哈尔滨、大连和通化等高技术产业基地的辐射带动作用，形成一批具有核心竞争力的先导产业和产业集群。”据悉，辽宁沿海经济带毗邻渤海和黄海，包括大连、丹东、锦州、营口、盘锦、葫芦岛6个沿海城市所辖行政区域，陆域面积5.65万平方公里，海岸线长2920公里，海域6.8万平方公里，是我国北方沿海发展基础较好的区域，具有区位优势明显、自然资源较为丰富、工业实力较强、交通体系完善等优势。文振富告诉《中国经济周刊》：“国务院高度重视辽宁沿海经济带发展问题，目前由国家发展改革委牵头编制的《辽宁沿海经济带发展规划》已上报国务院审定。《规划》从空间布局、产业发展、城乡发展、社会事业、基础设施、开放合作、资源环境、保障措施等方面确立了辽宁沿海经济带2020年前发展方向，一经批准，将对辽宁沿海乃至东北地区发展起到重要的推动作用。”另外，根据《煤炭工业中长期发展规划》，蒙东(东北)煤炭基地作为全国重点规划建设的13个煤炭基地之一，所含主要煤田包括内蒙古东部的伊敏、霍林河、胜利、扎赉诺尔、宝日希勒、平庄等矿区以及白音华煤田、黑龙江的双鸭山、鸡西、鹤岗、七台河矿区的黑龙江东部煤电化基地和辽宁铁法、阜新、抚顺、沈阳矿区的辽西北煤化工基地，面积已达11723平方公里，煤炭储量684亿吨，现生产能力为1.15亿吨/年，远期规划产能为2亿吨/年。“另外，东北地区旅游业发展规划前期研究也已经完成，目前正在编写规划正式文本，待征求部门、地方意见并经专家评审后发布。”文振富说，“规划的重点是充分发挥东北地区旅游资源优势，确立东北优势旅游产品，推出旅游精品线路，推进旅游业一体化建设，打造大东北无障碍旅游区，将旅游业培育成东北地区新兴支柱产业。”“另外，东北最大的优势还在农业，具有率先实现农业现代化的得天独厚的条件，结合国家新增千亿斤粮食产能工程的实施，我们也正在制定出台支持东北率先实现农业现代化的政策，加强东北国家粮食战略基地的建设。”文振富说。,7,4,0.8498368859291077
我国拟3年内解决747万低收入家庭住房问题中新网6月2日电 据住房城乡建设部消息，住房城乡建设部、发展改革委、财政部日前向各地、各部门印发《2009-2011年廉租住房保障规划》，《规划》称，从2009年起到2011年，争取用三年时间，基本解决747万户现有城市低收入住房困难家庭的住房问题。《规划》说，其中，2008年第四季度已开工建设廉租住房38万套，三年内再新增廉租住房518万套、新增发放租赁补贴191万户。进一步健全实物配租和租赁补贴相结合的廉租住房制度，并以此为重点加快城市住房保障体系建设，完善相关的土地、财税和信贷支持政策。《规划》制定了每年的年度工作任务：1.2009年，解决260万户城市低收入住房困难家庭的住房问题。其中，新增廉租住房房源177万套，新增发放租赁补贴83万户。2.2010年，解决245万户城市低收入住房困难家庭的住房问题。其中，新增廉租住房房源180万套，新增发放租赁补贴65万户。3.2011年，解决204万户城市低收入住房困难家庭的住房问题。其中，新增廉租住房房源161万套，新增发放租赁补贴43万户。以下是住房城乡建设部网站上刊登的《规划》全文：2009-2011年廉租住房保障规划住房城乡建设部 发展改革委 财政部近年来，各地区、各有关部门把解决城市低收入家庭住房困难作为改善民生的重要内容，不断完善政策，健全制度，加大投入，全国各市、县基本建立了以廉租住房为主要内容的住房保障制度，解决城市低收入家庭住房困难工作取得了积极成效。但从总体上看，廉租住房建设还处于起步阶段，截至2008年底全国还有747万户城市低收入住房困难家庭，亟需解决基本住房问题。为统筹安排廉租住房建设，根据党中央、国务院关于扩大内需、促进经济平稳较快增长的决策部署和温家宝总理在十一届全国人大二次会议上所作的《政府工作报告》、《国务院关于解决城市低收入家庭住房困难的若干意见》(国发〔2007〕24号)、《国务院办公厅关于促进房地产市场健康发展的若干意见》(国办发〔2008〕131号)精神，制定本规划。一、指导思想和基本原则(一)指导思想。全面贯彻党的十七大精神，以邓小平理论和“三个代表”重要思想为指导，深入贯彻落实科学发展观，按照保增长、保民生、保稳定的总体要求，加大廉租住房建设力度，着力增加房源供应，完善租赁补贴制度，加快建立健全以廉租住房制度为重点的住房保障体系，促进民生改善和社会和谐。力争经过几年的努力，使城市低收入住房困难家庭的住房条件得到明显改善。(二)基本原则。1.统筹规划，分年实施。综合考虑经济社会发展水平、城市低收入住房困难家庭数量、住房困难程度、住房支付能力和财政承受能力等因素，确定保障目标和任务，有计划、有步骤地组织实施。2.量力而行，适度保障。我国是发展中的人口大国，正处于城镇化快速发展时期，对保障性住房的需求较大。廉租住房保障水平要统筹考虑政府的保障能力和城市低收入住房困难家庭的实际需要，坚持以满足基本住房需要为原则。3.省级负总责，市、县抓落实。建立住房保障绩效评价和考核制度，实行目标责任制管理，省级人民政府对本地区廉租住房保障工作负总责，市、县人民政府具体负责廉租住房房源筹集、配租和租赁补贴发放工作。4.地方加大投入，中央加大支持。市、县人民政府要通过财政预算等方式，多渠道筹措廉租住房保障资金。省级人民政府要建立廉租住房专项补助资金制度。中央财政对财政困难地区加大资金支持力度。二、总体目标和年度工作任务(一)总体目标。从2009年起到2011年，争取用三年时间，基本解决747万户现有城市低收入住房困难家庭的住房问题。其中，2008年第四季度已开工建设廉租住房38万套，三年内再新增廉租住房518万套、新增发放租赁补贴191万户(各省、自治区、直辖市和新疆生产建设兵团任务分解见附表)。进一步健全实物配租和租赁补贴相结合的廉租住房制度，并以此为重点加快城市住房保障体系建设，完善相关的土地、财税和信贷支持政策。(二)年度工作任务。1.2009年，解决260万户城市低收入住房困难家庭的住房问题。其中，新增廉租住房房源177万套，新增发放租赁补贴83万户。2.2010年，解决245万户城市低收入住房困难家庭的住房问题。其中，新增廉租住房房源180万套，新增发放租赁补贴65万户。3.2011年，解决204万户城市低收入住房困难家庭的住房问题。其中，新增廉租住房房源161万套，新增发放租赁补贴43万户。三、保障方式和保障标准(一)保障方式。通过新建、购置和改造等方式筹集房源，同时继续实施租赁补贴制度，多渠道、多方式解决城市低收入住房困难家庭的住房问题。新建廉租住房采用统一集中建设和在经济适用住房、普通商品住房、棚户区改造项目中配建两种方式，以配建方式为主。(二)保障标准。廉租住房保障对象是城市低收入住房困难家庭，具体条件由市、县政府确定。廉租住房保障标准控制在人均住房建筑面积13平方米左右，套型建筑面积50平方米以内，保证基本的居住功能。租赁补贴额根据当地平均市场租金、家庭住房支付能力合理确定。四、政策措施(一)多渠道筹措资金。1.中央加大对财政困难地区廉租住房保障补助力度。2009年廉租住房建设中央补助标准为：西部地区400元/平方米，中部地区300元/平方米，辽宁、山东、福建省的财政困难地区200元/平方米。2.省级人民政府要比照中央的做法，加大对本地区财政困难的市、县建设(包括购置、改造)廉租住房和发放租赁补贴的资金投入。各地可根据实际情况，统筹使用中央下拨的预算内投资补助和廉租住房保障专项补助资金。3.市、县人民政府按照国家有关规定多渠道筹集廉租住房保障资金。市、县财政要将廉租住房保障资金纳入年度预算安排。住房公积金增值净收益要全部用于廉租住房建设。要采取有效措施，保证土地出让净收益用于廉租住房保障的比例不低于10%。4.对符合贷款条件的廉租住房建设和棚户区改造项目，商业银行要加大信贷支持力度。(二)落实土地供应和各项优惠政策。各地区要根据廉租住房保障规划和年度计划，统筹安排廉租住房用地计划，优先安排建设用地，落实支持廉租住房建设的各项税费优惠政策，切实加大政策支持力度，确保如期开工建设。新建廉租住房主要在经济适用住房、普通商品住房和城市棚户区改造项目中配建，配建的具体比例，由市、县人民政府根据当地经济适用住房、商品住房建设和城市棚户区改造规模，以及实物配租廉租住房需要量等因素确定。配建廉租住房的套数、建设标准、回购价格或收回条件，要作为土地划拨或出让的前置条件，并在国有建设用地划拨决定书和国有建设用地使用权出让合同中明确约定。廉租住房项目要合理布局，尽可能安排在交通便利、公共设施较为齐全的区域，同步做好小区内外市政配套设施建设。(三)结合城市棚户区改造多渠道筹措房源。城市棚户区(危旧房)内低收入住房困难家庭较为集中，推进城市棚户区改造有利于大范围解决低收入家庭的住房困难，改善城市环境，促进社会和谐稳定。各地区要加大城市棚户区改造力度，加强相关的政策支持。城市棚户区改造要坚持政府主导、群众参与、市场运作的原则，与廉租住房建设结合起来进行，统筹安排廉租住房、经济适用住房和普通商品住房建设，优先解决城市棚户区低收入住房困难家庭的住房问题。五、监督管理(一)落实目标责任制。省级人民政府对本地区廉租住房保障工作负总责，要明确市、县人民政府廉租住房保障工作的年度目标责任，并加强监督考核。市、县人民政府要根据省级人民政府的统一部署，明确具体措施，健全住房保障工作机构，切实做到规划到位、资金到位、政策到位、监管到位，确保分配公平。住房保障所需工作经费由同级财政预算安排解决。(二)确保工程质量和使用功能。要严格执行工程招投标、施工图审查、施工许可、质量监督、工程监理、竣工验收备案等建设程序，加强审批管理，严格执行国家有关住房建设的强制性标准，确保廉租住房建设项目工程质量。同时，建立行政审批快捷通道，缩短审批时限，确保按期实现工程建设目标。要按照发展省地节能环保型住宅的要求，推广新技术、新材料和新工艺。有关住房质量和使用功能等方面的要求，应在建设合同中予以明确。(三)严格准入退出管理。要完善保障性住房申请、审核、公示、轮候、复核、退出制度，健全社区、街道和住房保障部门三级审核公示制度，建立规范化的收入、财产和住房情况审查制度，形成科学有序、信息共享、办事高效、公开透明的工作机制。要严肃工作纪律，坚决查处弄虚作假、以权谋私等违法违规行为。(四)加强监督检查。住房城乡建设部会同有关部门抓紧建立健全廉租住房保障工作考核机制，加强对各地区廉租住房保障制度建设和本规划实施情况的监督检查。重点检查廉租住房年度计划执行情况，包括建设用地落实、资金使用和建设工程质量，以及目标任务完成情况等。各省、自治区、直辖市和新疆生产建设兵团要根据本规划，制订(修订)本地区2009-2011年廉租住房保障规划，并于2009年7月1日前报住房城乡建设部、发展改革委、财政部备案。,7,4,0.7573821544647217
我国科学家培育出世界首个猪干细胞人民网科技北京6月3日电 (记者赵永新) 我国科学家在世界上首次把来自猪的体细胞(不是精细胞或卵细胞的细胞)诱导转变成多能干细胞——这种细胞就像胚胎干细胞一样，有能力发育成身体中的任何类型的细胞。这也是全世界首次使用有蹄类动物的体细胞培育出多能干细胞，可能为建立人类遗传病模型、培育供人类器官移植的转基因动物以及开发耐受猪流感等疾病的猪开创一条道路。这项研究是中科院新创刊的《分子细胞生物学报》今天在网上发表的第一篇研究论文。该杂志主编李党生教授评论该研究时说：“这项研究非常令人激动，因为它代表了培育有蹄类物种的多能干细胞的首次严格证明，这将为培育出精确的转基因动物用于研究、治疗和农业用途提供的机会。”该成果是中科院上海生物化学与细胞生物学研究所的肖磊博士带领干细胞研究组完成的。他说：“迄今为止，科学家在利用早期胚胎培育有蹄类动物的多能胚胎干细胞方面做了很多努力，但是没有成功。这是世界首次培育出有蹄类动物的多能干细胞。因此，这项研究是全新的、非常重要，而且对于人类和动物健康有许多应用。”肖磊及其同事通过使用转录因子重编程了来自一头猪的耳朵和骨髓的细胞，从而成功培育出诱导多能干细胞。通过一种病毒把这些重编程因子的混合物引入细胞中，这些细胞发生了变化并在实验室中发育成了胚胎样干细胞。进一步的测试证明了它们确实有能力分化成胚胎的三层(内胚层、中胚层和外胚层)的细胞类型——这是所有胚胎干细胞都具有的能力。从成功培育出诱导多能干细胞(iPS细胞)获得的信息意味着科学家继续培育来自猪或其他有蹄类动物胚胎的胚胎干细胞(ES细胞)将变得更加容易。肖磊说：“猪的多能干细胞有许多用途，诸如准确改造用于器官移植治疗的转基因动物。猪在形态和功能方面与人类相当类似，而且器官尺寸与人类器官在很大程度上类似。我们可以使用胚胎干细胞或诱导干细胞修改猪的与免疫有关的基因，从而让猪的器官与人类免疫系统兼容。然后我们可以使用这些猪作为器官供体为患者提供器官，而不会引发来自患者自身免疫系统的有害反应。”“猪多能干细胞系还可以用于建立人类遗传病的模型。许多人类疾病，诸如糖尿病，是由基因表达障碍造成的。我们可以修改干细胞中的猪的基因，并培育出携带同样基因障碍的猪，从而让它们具有和人类患者类似的症状。然后就有可能使用这种猪模型开发治疗这种疾病的疗法。他举例说，为了应对猪流感，可以培育出一种准确的转基因猪，从而改善它对这种疾病的耐性。我们首先可以找到一种具有抗猪流感活动或者抑制猪流感病毒增殖的基因；然后，可以把这种基因通过多能干细胞引入到猪的体内——这个过程被称为基因”敲入“，从而实现这一目标。另外，由于猪流感病毒需要与猪细胞膜上的一个受体结合才能进入细胞并进行增殖，我们可以通过对猪诱导多能干细胞进行基因打靶从而敲出这一受体。如果这个受体消失了，这种病毒也就不会感染猪了。此外，肖磊说他的发现可以用于改善畜牧业，不仅可以让猪更健康，而且还通过修改与生长有关的基因以改变和改善猪生长的方式，从而改善畜牧业。他的研究的下一阶段是使用猪iPS细胞产生转基因猪，从而为患者提供器官，改善猪的品种或用于疾病耐受能力。这些经过修改的动物可以是”敲入“的猪，即使用iPS细胞或ES细胞把一段额外的遗传物质(诸如一段人类DNA)转移给猪的基因组，或者是”敲除“的猪，即用这种技术阻止一个特定基因发挥作用。不过，肖磊强调说，潜在的医学应用可能还需要数年时间才能投入临床使用。,7,9,0.9983059167861938
陈竺：围堵甲型H1N1不存在反应过度甲型H1N1病毒变异性暂时不会很大，中国正在组织加紧生产达菲马晓华针对甲型H1N1的输入，中国政府对患者采取了一系列的隔离治疗，以及对其密切接触者进行为期7天的医学观察，曾有一种说法认为中国政府在应对甲型H1N1流感方面，采取的措施有点反应过度。昨日，在中国基因科学暨产业发展高峰论坛上，卫生部部长陈竺首次作出回应：“我们国家现在之所以采取了重要的围堵战略，就是为了我们的技术储备、物质储备，包括疫苗生产，来赢得时间和空间，同时也是为了体现我们对全球防疫的贡献，这里面并不存在反应过度的问题。”此前世界上出现了3次流感大流行，只有1918年的西班牙流感出现了三个波峰。其中，第二个波峰的病毒杀伤力和致死率严重高于第一波，第三波也呈现了较为严重的杀伤力，其他两次流感仅出现了两个波峰，且第二个波峰的杀伤力似乎不是很强。但是，对于甲型H1N1流感病毒的未来表现，依靠现有的科技似乎还不能预测它的未来，仅能靠时间来验证。为了防患于未然，世卫组织一直在强调预防的重要性。“我们之所以如此重视第一波的防范，是因为如果一个病毒在人群扎根的话，它的变异将会更加容易。”陈竺表示，“同时，我们现在高度警惕这个病毒会不会跑到南半球去，因为南半球现在已经入冬了，季节性流感已经开始，如果甲型H1N1与季节性流感重配，第二波可能会提早到来。”世卫组织此前也提醒中国，中国不仅有季节性流感，而且由于中国所处的地理生物环境，成为野生鸟类重要的迁徙路线之一。高致病性禽流感H5N1病毒还隐藏在中国土地上之时，“如果这两个病毒发生重配的话，可能会带来严重的后果。”陈竺担忧地说。虽然高致病性禽流感H5N1的传染性并不强，但是病死率却在60%以上，甲型H1N1虽然目前表现得比较温和，无论是致病力还是传染力，表现得还不是那样强。但是随着南半球进入冬季，季节性流感开始流行之后，甲型H1N1流感病毒的变异几率也开始增大。陈竺表示，虽然在我们国家还没有发生大规模暴发的状况，但是我们仍然采取围堵战略，包括对输入性病例、社区病例的强有力的检测，目的就是为了减轻第一波的冲击。“目前中国对分离的四种病毒进行了全序列的测定，结果显示甲型H1N1病毒变异性不会很大，暂时还不会变成一个杀伤力很大的病毒。这对于疫苗生产是一个好事，不会说疫苗生产出来之后，病毒就变异了。”陈竺表示。据了解，最近国际组织企业在世卫组织的协调下，已经确定了可以用作疫苗的种子病毒株。陈竺说：“我们国家的相关企业将会立即收到这个种子，争取在国庆60周年之前给我们国家的重点人群和高危人群有可以用的疫苗。”“另外，我国正在组织加紧生产达菲，一定要赶在大流感发生之前。我们的工作要做在前面，把疫苗准备好，一方面我们执行行之有效的围堵战略，切断传染源，保护传染源，同时我们又通过疫苗和药物，来保护易感人群，这样就使我们国家比较从容地应对第二波。”据有关人士透露，达菲的生产已经进行了技术性储备，一旦甲型H1N1流感大暴发的话，我国政府将依法审批有关的专利实施的法制许可，为我国大量生产达菲等关键性药物放行。,7,9,0.9931597709655762
我国力争明年完成地方各级土地规划修编6月2日，第十八期国土资源管理市长专题研究班在山东烟台举办，国土资源部副部长、党组副书记、国家土地副总督察鹿心社出席并讲话。鹿心社强调，要全力做好土地利用规划工作，切实落实两个“最严格”的土地管理制度，为当前扩内需、保增长，长远促进我国经济社会全面协调可持续发展作出新的贡献。山东省委副书记、省长姜大明会见鹿心社一行。山东省副省长孙守璞，烟台市市委书记、市人大常委会主任孙永春致辞。这期研究班的主题是土地利用规划管理。主要任务是：认真学习贯彻党中央、国务院关于加强土地管理的一系列指示精神，以科学发展观为指导，充分认识土地利用规划在落实国家宏观调控政策、实行最严格土地管理制度中的重要作用；切实落实《全国土地利用总体规划纲要(2006-2020年)》，扎实做好地方土地利用总体规划修编工作，为当前扩大内需促进经济平稳较快增长，长远实现全面协调可持续发展提供更加有力的土地资源保障。鹿心社强调，做好土地利用规划工作是贯彻落实科学发展观的客观要求。科学编制土地利用规划不仅是保障长远可持续发展的需要，在当前也具有重大意义。一是我国的土地基本国情决定了必须始终坚持土地的统筹规划和严格管控。我国是一个发展中的人口大国，耕地资源十分紧缺，保证十几亿人口的吃饭问题压力巨大。工业化、城镇化进程加快，未来土地开发利用面临严峻挑战。二是保障和促进科学发展要求进一步加强和改进土地利用规划工作。土地资源的合理配置和永续利用，是科学发展的基础和前提。我国已形成了具有中国特色的土地利用总体规划体系，土地利用规划在城乡建设和土地开发利用活动中的“龙头”地位已经确立，但是总体上看，土地利用规划工作水平与贯彻落实科学发展观、加强土地调控和严格土地管理的要求相比还有明显差距，必须采取有力措施，切实加强和改进。三是当前改革发展的各项重大部署对土地利用规划工作提出了新的更高要求。保增长扩内需保民生要求土地利用规划工作积极跟进。推进农村改革发展要求及时、高质量完成地方土地利用总体规划修编。大力推进农村土地整治需要深化基层土地利用规划。鹿心社指出，经国务院同意，今年第三季度要完成大部分省级规划的审查报批，年底前完成大部分报国务院审批的城市土地利用总体规划的审查报批，力争到明年底基本完成地方各级规划修编。新一轮土地利用总体规划修编要坚持以下基本原则：一是严格保护耕地。要严格保护耕地特别是基本农田，加大土地整理复垦开发补充耕地力度。二是节约集约用地。要合理控制建设用地规模，积极拓展建设用地新空间，加快由外延扩张向内涵挖潜、由粗放低效向集约高效转变。三是统筹各业各类用地。要按照区域发展总体战略的要求，优化配置各业各类用地。四是加强土地生态建设。要统筹安排生活、生态和生产用地，优先保护自然生态空间。五是强化土地宏观调控。要立足构建保障和促进科学发展新机制，加强和改进规划实施保障措施，增强土地管理参与宏观调控的针对性和有效性。目前，省级土地利用总体规划大纲大部分已经完成并审查通过。市级土地利用规划修编首先要落实好省级规划下达的任务，同时要根据国家要求，结合本市实际，突出空间性和结构性，着重把握以下关键环节：一是坚持从严保护耕地。要严格控制耕地减少，加大补充耕地力度，合理安排耕地和基本农田布局。二是严格控制建设用地。要从严控制建设用地总规模特别是城乡建设用地规模，合理确定城镇工矿建设用地规模，做好中心城区土地利用规划。三是优化土地利用结构和布局。要优化城乡用地布局，引导城镇用地内部结构调整，统筹生产、生活和生态用地。鹿心社强调，提高土地利用规划工作水平要切实加强组织领导。一要加强组织领导，城市政府领导要进一步增进土地利用规划知识，增强土地利用规划意识，带头研究规划、带头执行规划、带头维护规划。二要搞好协调配合，建立政府统一领导，有关部门共同参与、分工负责、协作配合的规划组织机制。三要落实保障措施，要从法律、行政、经济、社会、科技等方面，制定和完善规划实施保障措施。四要加强规划的公众参与，要遵循公开、民主的原则，建立健全公众参与制度，提高规划透明度，使土地利用规划成为大众的规划。本次研究班还邀请了烟台等6个城市介绍土地利用规划管理的做法和经验，安排部有关司局负责人和专家讲解土地利用规划的有关事务和理论，并就当前土地利用规划管理的热点和难点问题深入讨论。在此期间，还将考察烟台市农村土地整治项目现场。(来源：中国国土资源报 记者 田春华 李现文),7,4,0.9434060454368591
手机实名制法律规范正待国务院审批“我经常会接到一些莫名其妙的短信，有的是骚扰的，有的是诈骗的，很烦。虽然我没有受骗，但我周围有不少朋友受骗。”——广东省政协委员汤镇业“鉴于实施移动电话用户实名登记制度涉及到整个移动网上的所有用户，在某一省区市实施管制政策难以奏效，一旦国家颁布实施后我局将联合有关部门积极推进该项工作。”     ——广东省通讯管理局信息时报讯 (记者 夏令 通讯员 张其明) 今年省两会期间，来自香港的广东省政协委员汤镇业提交提案，建议对手机卡销售采取实名登记制度，以遏制“信骚扰”、“信诈骗”。近日，广东省通信管理局等答复表示，工业和信息化部已会同公安部、国务院新闻办等有关部门联合制定手机实名登记制度的法律规范，正在等待国务院审批。汤镇业：朋友被短信骗到今年省两会期间，汤镇业向省政协提交了《手机实名制可治“信骚扰”》提案。提案指出，一些不法分子经常假冒银行或银联、甚至公安部门特服电话发送违法短信进行诈骗或敲诈勒索公私财物，或者散布淫秽、色情、赌博、暴力、凶杀、恐怖内容，还有的不法分子发布假中奖、假婚介、假招聘，或者引诱、介绍他人卖淫嫖娼的信息。“我经常会接到一些莫名其妙的短信，有的是骚扰的，有的是诈骗的，很烦。虽然我没有受骗，但我周围有不少朋友受骗。”两会期间，他接受记者采访时说。通管局：正制定相关法律广东省公安厅在会办意见中表示，近年来，不法分子利用手机群发短信、打电话等方式实施的违法犯罪活动逐渐增多。截至4月底，全省共破获电话诈骗案件468起，打掉电话诈骗犯罪团伙46个，抓获电话诈骗犯罪嫌疑人323名，缴获赃款245万元、冻结涉案资金940万元等。公安厅建议通信管理部门实行手机卡销售实名制。对此，广东省通讯管理局已向上级主管部门提出相关建议并得到认同。“鉴于实施移动电话用户实名登记制度涉及到整个移动网上的所有用户，在某一省区市实施管制政策难以奏效。”该局透露，工业和信息化部已会同公安部、国务院新闻办等有关部门联合制定了法律规范，正在等待国务院审批。“一旦国家颁布实施后我局将联合有关部门积极推进该项工作。”,7,8,0.393093466758728
我国首例主动加入美知识产权诉讼案胜诉中新社北京六月八日电 (记者 王彤) 中国盐城捷康三氯蔗糖制造有限公司八日在此间召开新闻发布会表示，该公司主动应诉英国泰莱科技有限公司和美国泰莱三氯蔗糖公司美国国际贸易委员会(ITC)专利调查的判决最终取得胜利。这是自中国二OO一年加入世界贸易组织以来，唯一一家主动要求加入“三三七调查”并最终胜诉的中国企业。所谓“三三七调查”，是美国国际贸易委员会根据一九三O年通过的关税法第三百三十七条对外国产品是否存在知识产权侵权行为进行的调查。三氯蔗糖是一种甜度相当于蔗糖六百倍的新型甜味剂，应用于全球三千多种食品和药品中。近年来，中国三氯蔗糖产品出口发展迅速，引发了一些美欧生产企业的关注。二OO七年四月，泰莱公司为了保持其在全球三氯蔗糖市场的绝对垄断地位，以专利侵权为由，要求ITC对三家中国生产企业展开调查。捷康公司一开始并不是“三三七调查”这项中的被告，但鉴于美国国际贸易委员会有可能发出“普遍排除令”，捷康公司主动申请加入调查，以证明自身的生产工艺专利不侵权。通过严密的调查和取证，今年四月六日，ITC认定全球最大的三氯蔗糖制造商之一捷康三氯蔗糖制造有限公司没有侵犯糖业巨头泰莱声称的美国专利。根据美国规定，对于ITC的最终判决美国总统还拥有在六十天之内进行否决的权力。而截至六月六日，奥巴马并没有行使否决权，因此盐城捷康在此案中最终取得胜利。据了解，捷康公司在美国的整个应诉过程近两年时间，投入人民币二千多万元。中国商务部官员指出，近年来，许多案例表明，美国的“三三七调查”程序被许多跨国公司利用，成为其竞争策略之一。该案的胜诉表明中国企业科技创新意识、知识产权保护意识以及利用法律维权的意识都在不断增强。完,7,9,0.8749251961708069
新能源振兴发展规划基本框架已确立“太阳能在新能源发展规划中的重要性列第二位，除核电外。”6月5日，在“2009绿能中国国际高峰对话会”的间隙，国家能源局副局长吴贵辉对本报记者表示，新能源振兴发展规划基本框架已确立，有望近期出台。来自企业、投行以及能源、财政、建设部门的官员和专家认为，新能源发展对政策的依赖性很强，相比投资、财税、电价等政策，更需要相关产业标准体系的出台。对此，吴贵辉对本报记者表示，相关问题已纳入新能源发展振兴规划的议题讨论中。三大措施扶持新能源“目前太阳能的发展，主要问题是原料和产品，两头都在外。”吴贵辉表示，国内企业主要是赚加工的钱，同时国内的需求市场没有发动起来。目前，中国的太阳能产业非常活跃，光伏产能居全球第一。根据中国《可再生能源发展“十一五”规划》，到2010年，太阳能热水器累计安装量将达到1.5亿平方米，太阳能发电装机容量达到30万千瓦。国际能源署对太阳能光伏发电做出了预测，到2020年世界上光伏发电占总发电量的2%，到2042年光伏发电要占总发电量的20%-28%。“新能源每年大概有50%-60%递增量。”美国摩根大通马洪涛表示，他们在中国新能源方面的投资将集中在光热、光电、电网模块等领域。新能源发展对政策依赖性强，为此，政策期待成为该领域投资者们的关注。“目前各国都加大了新能源、可再生资源的投入、鼓励和支持。”吴贵辉称，从鼓励和支持具体方法和措施上看，一是先从法规上确定新能源产业在一个国家和地区优先发展的领域；二是在政策上进行扶持，包括投资补贴、电价补贴、税收补贴等；第三是在使用方面、市场准入、并网这些方面也给予支持。“会给新能源上网电价给予补贴，但要分不同的能源，制定不同的补助标准。”吴贵辉表示，新能源发展规划中，上网电价补贴将成为一个重要的内容。新能源发展亟待标准体系“应该积极推进标准的制定，有了统一的标准就解决了相关领域产业的质量、技术难点问题。”吴贵辉表示。“节能环保”无疑是新能源所具有的显著特点。但如何鉴别使用新能源的节能效果？政府鼓励新能源应用到相关产业的依据是什么？这都需要相关产业标准予以支持。但中国目前还没有相应的完备的标准体系。“太阳能有太阳能的标准，建筑有建筑的标准，把它结合起来就没有标准了。”深圳市创益科技发展有限公司董事长李毅对记者表示，该公司所从事的光伏建筑一体化(即太阳能建筑)领域，在国内外市场上来看已非常活跃，但由于尚未有国家标准，“使得这一市场领域各种产品混杂”。“一个标准非常重要。”一位原建设部副部级官员表示，“没有相应的标准体系，就没有监督检查和工程验收的技术体系。”“按目前体制，想进入大的项目必须要有标准。”李毅表示，目前国家有鼓励发展太阳能建筑的政策，但没有标准成为当前的一个突出问题。因此，该公司正在联合其他几家行业龙头企业，向国家国标委申报标准，以期获得批复。事实上，相关问题已纳入决策者视野。吴贵辉对本报记者表示，相关问题已纳入新能源发展振兴规划的讨论议题中。像太阳能建筑等相关配套技术标准已在积极酝酿中。记者 王世玲,7,4,0.5307422280311584
中科院发布科技发展路线图2050年中国经济居首中国科学院10日在京发布《创新2050：科技革命与中国的未来》系列报告，为我国描绘了面向2050年科技发展路线图。路线图认为，在今后的10年至20年，很有可能发生一场以绿色、智能和可持续为特征的新的科技革命和产业革命。航天技术：2030年载人登月公布的中国科技发展路线图，其中2050年空间科技发展路线图明确提出，2030年前后，中国实现载人登月，建立月球基地，2050年前后，载人飞行从月球基地飞向更远的行星，具备载人登火星能力。这份最新出炉的中国2050年空间科技发展路线图称，空天科学与深空探测能力方面，2020年前后，探测器可达火星，2030年前后，深空探测器实现高效星际航行和高精度自主导航，可探测木星等火星以外的行星，2050年前后，深空探测器飞出太阳系进入宇宙空间。空天技术能力在载人航天方面，载人登月前，在2020年前后，突破人在近地轨道空间站长期生存保障技术，建立长期有人逗留的空间站。到2050年前后，中国还将突破激光超高速通信技术，建立以大型超压式高空气球为基础的平流层高空站，发展新一代平流层飞艇，并开展组网应用，使人们进入空间的方式更加廉价和高效。经济总量：2050年居世界首位发展路线图预测，2050年，中国经济总量将达到世界首位。中国目前的经济总量排在美国和日本之后，位居世界第三。中科院的路线图描绘了这样一幅愿景：2050年中国将进入世界中等发达国家行列，成为政治、物质、社会、精神、生态五大文明高度发达且高度开放的国家。2050年的中国，将是一个政治文明高度发达的国家，社会主义民主和法制高度完善，国家统一，民族团结，社会稳定，人民的政治权利和发展权得到充分保证，国家安全得到可靠保障。2050的中国，将是一个物质文明高度发达的国家，经济总量达到世界首位，人均GDP达到中等发达国家水平，经济保持持续、稳定、协调发展，科技创新能力居于世界前列，全体人民过上富足安康的生活。2050年的中国，将是一个生态文明高度发达的国家，人与自然和谐相处，生态环境退化得到有效遏制。据中新社,7,9,0.9651245474815369
高校毕业生入伍最高补助2.4万元本报讯 (记者郭少峰) 鼓励高校毕业生应征入伍服义务兵役，国家要对应届高校毕业生实行预征制。高校毕业生如果应征入伍，每人最多可获2.4万元国家补偿，用于补偿相应学费或代偿助学贷款。入伍相当于免费上大学近日，教育部、财政部、解放军总参谋部和公安部等部门为了吸引高校大学生应征入伍，采取了“空前力度”的优惠政策。教育部有关负责人表示，应征入伍相当于免费上大学。今年我国有611万高校毕业生，截至目前，来自人社部的数据显示，只有45%高校毕业生有了就业签约。二等功可推荐免试读研高校毕业生服义务兵役期间在选取士官、考军校、安排到技术岗位等方面优先。具有普通高等学校本科以上学历、取得相应学位、表现优秀、符合总政治部有关规定的可以直接选拔为军官。另外，退役后报考硕士研究生初试总分加10分；荣立二等功及以上的，退役后推荐免试攻读硕士研究生。参加预征不影响就业教育部有关负责人说，国家要对应届高校毕业生实行预征制，在5月和6月进行，参加预征的高校毕业生不影响就业。即参加预征的毕业生经过体检、政审被确定为预征对象后，仍可选择就业。该负责人还解释，对于离校时户籍已迁回原籍、但未能入伍的高校毕业生预征对象，如落实了新的就业单位，可根据有关规定，向原就读学校申请办理就业改派手续。■ 相关新闻人社部要求高校制定毕业生就业月度安排8月底毕业生就业力争80%据新华社电 记者11日从人力资源和社会保障部获悉，人力资源和社会保障部要求，6、7、8三个月突出抓好高校毕业生就业工作，到8月底，力争使高校毕业生就业率达到80%。据人力资源和社会保障部部长尹蔚民介绍，下半年，要以提高政策实效为重点，推进更加积极就业政策的落实，以扩大就业和稳定就业为重点，全方位促进就业增长。以高校毕业生为重点，推进统筹就业。尹蔚民说，各地要尽快明确负责高校毕业生就业的工作机构和人员，切实担负起牵头的责任，目标责任落实到人。要制定月度工作安排。有针对性开展就业服务。做好毕业生离校前后政策和措施的衔接。同时以提高就业能力为重点，完善公共就业服务基础工作。尹蔚民表示，当前，国际金融危机对我国的影响尚未见底，这场危机对就业的不利影响还将进一步显现，影响的周期会更长，波动也会更大，要做好最困难的准备。他说，目前工作中也还存在着一些必须引起高度重视的问题，包括政策落实和工作推进力度还需加大；就业资金使用效益还需提高；公共就业服务难以适应工作的需要，服务能力和手段有待提高。高校毕业生入伍将获学费补偿及助学贷款代偿大学生入伍视力条件放宽 积极鼓励毕业生入伍本报讯 (记者郭少峰) 鼓励高校毕业生应征入伍服义务兵役，国家要对应届高校毕业生实行预征制。高校毕业生如果应征入伍，每人最多可获2.4万元国家补偿，用于补偿相应学费或代偿助学贷款。入伍相当于免费上大学近日，教育部、财政部、解放军总参谋部和公安部等部门为了吸引高校大学生应征入伍，采取了“空前力度”的优惠政策。教育部有关负责人表示，应征入伍相当于免费上大学。今年我国有611万高校毕业生，截至目前，来自人社部的数据显示，只有45%高校毕业生有了就业签约。二等功可推荐免试读研高校毕业生服义务兵役期间在选取士官、考军校、安排到技术岗位等方面优先。具有普通高等学校本科以上学历、取得相应学位、表现优秀、符合总政治部有关规定的可以直接选拔为军官。另外，退役后报考硕士研究生初试总分加10分；荣立二等功及以上的，退役后推荐免试攻读硕士研究生。参加预征不影响就业教育部有关负责人说，国家要对应届高校毕业生实行预征制，在5月和6月进行，参加预征的高校毕业生不影响就业。即参加预征的毕业生经过体检、政审被确定为预征对象后，仍可选择就业。该负责人还解释，对于离校时户籍已迁回原籍、但未能入伍的高校毕业生预征对象，如落实了新的就业单位，可根据有关规定，向原就读学校申请办理就业改派手续。■ 相关新闻人社部要求高校制定毕业生就业月度安排8月底毕业生就业力争80%据新华社电 记者11日从人力资源和社会保障部获悉，人力资源和社会保障部要求，6、7、8三个月突出抓好高校毕业生就业工作，到8月底，力争使高校毕业生就业率达到80%。据人力资源和社会保障部部长尹蔚民介绍，下半年，要以提高政策实效为重点，推进更加积极就业政策的落实，以扩大就业和稳定就业为重点，全方位促进就业增长。以高校毕业生为重点，推进统筹就业。尹蔚民说，各地要尽快明确负责高校毕业生就业的工作机构和人员，切实担负起牵头的责任，目标责任落实到人。要制定月度工作安排。有针对性开展就业服务。做好毕业生离校前后政策和措施的衔接。同时以提高就业能力为重点，完善公共就业服务基础工作。尹蔚民表示，当前，国际金融危机对我国的影响尚未见底，这场危机对就业的不利影响还将进一步显现，影响的周期会更长，波动也会更大，要做好最困难的准备。他说，目前工作中也还存在着一些必须引起高度重视的问题，包括政策落实和工作推进力度还需加大；就业资金使用效益还需提高；公共就业服务难以适应工作的需要，服务能力和手段有待提高。高校毕业生入伍将获学费补偿及助学贷款代偿大学生入伍视力条件放宽 积极鼓励毕业生入伍,7,5,0.421459436416626
华电集团对环保部停批项目的处罚表示认可本报北京6月12日电 (记者刘世昕) 针对环保部昨天叫停金沙江中游水电项目的通报，华电集团负责人今天在接受本报记者采访时说，该公司已经在第一时间内责成鲁地拉项目立即停止主坝建设，并采取措施确保上下游围堰安全度汛。此次被叫停的金沙江中游水电开发项目涉及华电和华能两大电力集团：投资177.9亿元的鲁地拉水电站由华电集团建设，投资118.7亿元的龙开口水电站由华能集团建设。两座水电站此次被环保部提及的违法事实，都是在环境影响评价未获得批准的前提下就于今年1月实现了截流。两家公司由此获得的惩罚是，环保部暂停审批其一切新建项目。对环保部的惩处，华电集团表示认可。该公司有关负责人称，虽然鲁地拉项目已取得“路条”，环评也做了大量工作，但在未通过环评审批的情况下截流，事实上已形成了违规，环保部的做法能督促企业严格遵守环境保护法律法规。华电负责人介绍说，公司已经下发通知要求对现有水电项目进行梳理，做到所有项目都要遵循环保法规，同时配合环保部完成对鲁地拉项目的环评补充论证。西南地区集中了我国75%以上的水能资源，但近年来当地水电资源的无序开发备受争议，环保部此次叫停金沙江中游水电开发被认为既是对两家违法公司的处罚，更是对水电开发环境影响的重新审视。,7,4,0.5800914168357849
商务部与上海签署协议 共推沪国际贸易中心建设早报讯 《商务部和上海市人民政府关于共同推进上海市商务工作全面发展的合作协议》签字仪式，昨天在上海举行。中共中央政治局委员、上海市委书记俞正声出席仪式。商务部部长陈德铭和上海市委副书记、市长韩正签署了协议。根据《协议》，双方将在政策研究、国际贸易中心建设、商贸流通、市场体系建设、进出口贸易、服务贸易、利用外资、对外经济合作、开发区建设、人力资源开发、区域商务合作等方面开展紧密合作。双方合作重点包括：共同推动上海市建设国际贸易中心、加快现代流通体系建设、努力搞活流通扩大消费、保持对外贸易稳定增长、提高利用外资质量和水平、支持“走出去”加快发展、大力发展服务贸易、推进电子商务发展、培养高素质商务人才队伍等九个方面。,7,4,0.804575502872467
中俄首座跨黑龙江铁路大桥年内动工人民网哈尔滨6月15日电（记者曹红涛）14日在哈尔滨开幕的第20届哈洽会上传来好消息：连接中俄两国的首座横跨黑龙江的铁路大桥——中俄同江大桥将于今年10月初动工建设。据俄罗斯犹太自治州副州长古列维奇称，有关项目实施的各项问题俄中双方已经充分达成一致，目前有关部门正在加快项目的设计工作，争取10月初开工建设，预计于2012年建成。大桥将成为连接俄罗斯与中国和其他亚太地区国家的便利交通走廊。中俄同江大桥位于黑龙江省同江市与俄罗斯下列宁斯阔耶之间，南起中国同江地方铁路同江北站，向北经哈鱼岛跨黑龙江后进入俄罗斯境内，在下列宁斯阔耶与比罗比詹至列宁斯阔耶铁路支线相接后可连通远东铁路。大桥设计总长度达3000多米，项目总投资估算为2亿美元，中俄双方各负担一半建设费用。大桥设计通货能力将达到每年2000—2500万吨。,7,9,0.6368847489356995
国土部调查地方商品房地价求证“推高房价说”_国土部调查商品房地价国家统计局对40个重点城市商品住宅开发费用构成的调查，预计于本月中旬结束土地成本在房价中到底占多高比例，国土资源部正在进行的一项商品房项目用地地价调查，或许能够为外界揭开真相。CBN记者获悉，国土部近期已经向地方下发“国土资电发(2009)34号地价调查表”，要求地方填报具体的房地产项目土地出让价款，以及房屋售价等。这也是继国家统计局摸底房地产开发费用，和北京调研3000家房地产开发企业土地开发详情之后，又一部委对房地产项目用地情况展开调查研究。这也显示，在今年全国“两会”后，中央部委和地方对房地产开发成本问题开始加大关注力度。调查尚未结束根据这份调查表，各省市需要详尽填写房地产项目的名称、开发企业、开发类型(普通商品住房、高档公寓、别墅等)，土地面积、土地取得方式(协议或者招拍挂)以及容积率等指标数据。在土地出让价款一项，需要填报的是项目用地出让时，以建筑面积核算的土地成交单价，即楼面地价；而房屋售价则统一以开盘时的价格为准，取其楼盘均价。此次调查的对象为各地2006年以来取得土地且已进入销售阶段(包括已售完)的商品房开发项目。不过，此项调查并非针对全部房地产开发项目，而是为抽样调查，即按照各项目区位(城市中心区、边缘区、过渡区)选取若干项目进行调查，每区位样点数不得少于2个。对于上述地价调查，一位权威人士对CBN记者透露，这项工作早晚得做，现在也需要做。但他并未透露开展此调查的目的，并表示因调查工作还没有结束，目前尚无法得出某种结论。来自中国土地勘测规划院地价所的田彦军一直关注地价和房价的关系，并且始终不认同“招拍挂抬高地价，进而导致房价攀升”的论调。他以2002年至2006年为例，指出这五年中新建商品住宅价格增幅多年保持较高水平，全国商品房价格同比增幅分别为3.69%、4.84%、17.76%、14.04%和6.79%，2006年商品房均价达到3383元/平方米；而同期地价水平(楼面地价)增幅为4.39%、4.68%、6.08%、4.20%和5.19%，2006年平均楼面地价水平仅为934元/平方米。“自2001年经营性用地出让实施招拍挂制度以来，土地交易价格同步提升的事实客观存在，但地价同比增幅相对稳定且均低于同期商品房价格增幅，商品房价格偏离地价水平越来越远。”田彦军表示。中央地方共查房地产成本房价偏高的现实和开发商暴利的可能，导致了社会对房地产行业成本的高度关注，但就像素有业界“大炮”之称的任志强所言，开发商的成本怎肯轻易对外界公开。今年全国两会期间，全国工商联曾递交了一份名为《我国房价为何居高不下》的大会发言，称一项调查显示房地产项目开发中，土地成本占直接成本比例最高，达到58.2%。此报告直指地方政府为房地产业十年高速发展最大的受益方。这一被外界看来具有明显倾向色彩的报告引来众多争论，甚至有地方政府表态，将公布相关数据予以反驳，但截至目前尚无下文。不过，中央层面对房价成本问题的关注却在加大。除国土部的地价调查外，近期国家统计局也已下发通知，将对40个重点城市范围内的商品住宅开发费用构成进行专项调查，以弄清房地产开发项目费用的支出结构。根据该通知，此项调查应该于本月中旬结束。田彦军认为，为了破除地价推高房价的“误解”，应该及时向公众公布每一个在售商品楼盘的土地价格及该宗地价占房价的比例，赋予消费者应有的知情权，保障社会各方了解并参与房地产市场调控。“房价、地价对照公示，可以凸显开发商行业的暴利。公众可以据此直接了解房价、地价水平，进而根据社会平均建安成本测算开发商利润。”田彦军称，此举也可以进一步挤压房地产开发利润，使其向社会平均利润靠拢。据悉，在2005年，建设部门曾下发《房地产市场信息系统建设工作纲要》，要求各地房地产主管部门逐步建立完整的房地产信息采集、分类、统计和分析系统，将一些基本的市场信息向社会发布，并提供公开查询功能，但此后进展并不顺利，未能达到政策预期。田彦军认为，房地产开发商为维护其开发暴利，将成本视为商业机密，掩盖了其高利润的真相。而社会公众往往仅能依据一些立场性较强的行业机构发布的信息做出误判，很难做到明白消费。此外，个别专业机构的不实宣传，客观上误导了购房者非理性购房，也对房价快速上涨起到了推波助澜的作用。刘展超,7,4,0.9966097474098206
世行预测2009年中国GDP增长率为7.2%国际在线消息(记者常昕)：世界银行18日发布的新一期《中国经济季报》预测，2009年中国GDP增长率为7.2%，但目前断言中国经济正可持续复苏为时尚早。《季报》认为，在7.2%的增长率中，有6个百分点的增长来自政府影响的支出，以及税收降低带来的刺激。《季报》分析，今年4、5两个月中国的出口额同比下降了2成，但进口额自今年3月以来迅速回升，尤其是原材料进口在刺激计划的推动下增幅较大。同时，由于较低的通货膨胀率，居民实际收入有所增长，今年第二季度中国的消费实力依然强劲。世界银行中国首席经济学家韩伟森说，今明两年中国的经济增长会相当可观，但现在说经济已开始持续强劲复苏还为时尚早。,7,4,0.38599157333374023
中国官方明确界定低俗音像制品标准中新社北京六月十八日电 (记者 孙自法)自今年四月中旬起，中国官方在全国开展大规模清缴整治低俗音像制品专项行动，迄今已查缴低俗非法音像制品六百余万件，处罚十家违法违规出版、复制、发行低俗音像制品单位，查办相关案件一百多个。何为低俗音像制品？专项行动是如何界定低俗音像制品的？全国“扫黄打非”办、新闻出版总署相关负责人近日接受媒体采访时给出明确答案，首次从音像制品内容上提出八方面界定标准：——描写性行为、性心理，着力表现性器官，会使青少年产生不健康意识的内容；——直接教授性知识、性技巧，且无科学价值的内容；——大量反复展示人体裸体形象的内容；——直接暴露人体性器官，或仅用肢体掩盖性器官，表现为性暗示或性挑逗的内容；——虽未暴露人体性器官，但仅有小部分遮盖或技术处理，表现为性暗示或性挑逗的内容；——标示“绝对情色”、“十八岁以下不宜观看”及类似性暗示、性挑逗文字的内容；——含有违反伦理道德的文字或内容；——其他明显影响未成年人身心健康的内容。该负责人表示，合法的音像出版、复制、发行单位参与制售低俗音像制品危害最大，不仅更容易传播音像制品的低俗之风，而且会起到更坏、更恶劣的推波助澜作用。本次专项行动即从合法的音像出版、复制、发行单位查起，对违法违规者，无论国有民营、大厂小店，也无论有什么“背景”、有多硬的“关系”，都一律依法依规严厉查处，并公开曝光。中国官方希望通过这次专项行动，对音像行业进行一次较为彻底的整治，遏制当前音像制品的低俗之风，建立起长效监管机制，以进一步净化社会文化环境，促进未成年人健康成长。(完),7,9,0.6738653779029846
卫生部：今年为20万贫困白内障患者做手术新华网快讯：卫生部2009年先期启动6项重大公共卫生服务项目，其中将用三年时间为15岁以下人群补种乙肝疫苗。新华网快讯：卫生部2009至2011年将为1000万农村妇女开展宫颈癌检查，对其中120万人进行乳腺癌检查。新华网快讯：卫生部计划每年为1200万左右农村妇女补服叶酸。新华网快讯：卫生部2009年计划完成20万例贫困白内障患者手术，每名患者平均补助资金800元。新华网快讯：卫生部在贵州、云南等六省实施消除燃煤型氟中毒危害项目，2009年将完成87万户的炉灶改造，每户按400元标准补助。新华网快讯：卫生部计划三年为710万农户进行无害化厕所建设，改善农村环境卫生。,7,9,0.6308234930038452
警方提醒考生及家长谨防7类高考招生诈骗中广网昆明6月18日消息（记者贾宜超）随着高考试卷批改、志愿填报及学校录取工作的进行，与高考相关的诈骗活动也进入了家庭和校园。记者从云南省公安厅了解到，最近已发生多起借高考填报志愿、录取为名的诈骗活动，警方提醒广大考生及家长提高警惕，防范此类诈骗。警方在侦查工作中发现，这类诈骗的主要手段有以下几种：一是通过手机短消息或网络，向考生或家长发送“透露高考志愿填报内幕信息”、“花钱可以上重点大学”等虚假信息，要求出钱购买。二是谎称自己是院校招生代理、高校招生人员或有“特殊关系”，可以拿到内部指标或计划外指标，借以索取相关费用。三是高考结束后，一些中介公司或个人打着自主招生的幌子骗取考生和家长的钱财，向家长承诺花钱可以搞到自主招生指标。四是故意混淆自考、成人高招、网络教育与普通高校招生的区别，蒙骗考生。五是采取伪造军校招生公文、公章，假冒军校领导、军队高级干部等身份，以“内部招生指标”、“计划外招生指标”、“军校扩招”为幌子，蒙骗考生和家长。六是谎称是教育部门或高校的官员、有内部关系，可以帮助考生填报志愿、投递档案、通过体检面试等。七是通过邮局向考生寄送伪造的录取通知书，让考生将学杂费事先打入其指定银行帐号。警方提示，对此类犯罪应提高警惕，注意防范。要知道高考试卷的批改、分数的统计、档案的投递、考生的录取等都是按照严格的程序，在公平、公正的原则下进行的，整个过程有严格的监督和管理。广大考生及家长不要相信任何非官方公布的关于高考方面的信息；不要寄希望于通过非正常渠道获取高校录取资格；得到不确定的信息要及时同家人、学校老师商议或向有关部门直接询问；发现自己上当受骗要注意保存证据线索，并及时到公安机关报案。,7,5,0.4681823253631592
南非媒体称中国公民可免签入境中新网6月19日电 据南非《华侨新闻报》报道，南非当地媒体Travel Daily News于6月11日报导南非政府将对中国公民提供免签证的优惠，记者经过多方查访，一直无法从南非官方与相关业者获得肯定的答案，不但移民局与内政部自己都不太清楚，而且相关业者也尚未获得这方面的信息，这个消息似乎还需要进一步的确认，到目前为止，最值得信任的消息似乎是内政部长所宣布的活动签证，中国公民究竟是否可以免签入境南非，似乎还是一个未知数。日前，该报曾就南非推出个人旅游签证，允许中国游客以个人名义赴南非旅游一事进行过报导。很多华人读者十分关心，纷纷来电询问相关情况，并对有传闻世界杯期间南非内政部会向前来观看比赛的球迷发放特别签证一事表示关心，该报于是对相关问题进行了近一步的了解。就南非联合会杯及世界杯举办期间球迷特别签证问题，南非内政部长Nkosazana Dlamini-Zuma日前表示，在联合会杯足球赛举办期间，政府将会试运行一种特别签证——Event Visa(活动签证)，便于各国球迷更为快速有效地前来南非观看比赛。南非计划在2010年世界杯期间正式发行此类签证，本届联合会杯也可看作是其试验阶段。联合会杯比赛期间，活动签证只在埃及试行，即只有埃及球迷有资格申请此签证前来南非。如果试行顺利，此活动签证将在2010年世界杯期间开放给各国球迷使用。此次申请签证的埃及球迷只要出示所持的门票，证明自己是为观看联合会杯比赛而前往南非即可。不同于申请普通旅行签证需时4到7个工作日，活动签证的办理只要很短时间，按Dlamini-Zuma部长的说法，球迷们“几乎立刻”就可以拿到签证，并且，该签证的申请是免费的。持有活动签证的球迷可以在出境南非时即接受检查以缩短出关时间，在入境南非时，机场也设专门通道供持有特殊签证的球迷接受检查。(何华),7,5,0.9027270078659058
国家防总：极端气候增多增强灾害损失加重中新网6月19日电 据国家防总网站消息，中国是干旱灾害十分频繁的国家。随着近年来全球气候变暖趋势的加剧，中国极端天气气候事件增多增强，区域降水和河川径流变化波动明显增大，直接导致干旱灾害发生频率升高，重、特大旱灾年份增多，灾害损失加重。自20世纪90年代以来，中国旱灾呈现以下发展趋势：一是旱灾损失呈增加的趋势。全国年均受灾面积、因旱损失粮食及其占全国粮食总产的比例不断增加，旱灾对经济社会的影响越来越大。二是干旱灾害的范围扩大。近几年，在传统的北方旱区旱情加重的同时，南方和东部多雨区旱情也在扩展和加重。三是旱灾影响的领域在扩展。旱灾影响的领域已由农业为主扩展到林业、牧业、工矿企业和城乡居民生活，甚至影响航运交通、能源等基础产业，成为影响经济社会可持续发展的制约因素。四是干旱灾害加剧了生态环境恶化。干旱灾害使得原本就十分匮乏的水资源变得更为紧缺，以至于生态环境用水濒临枯竭，从而进一步加剧了草场退化、土地沙化、地下水下降、湿地萎缩、生物多样性锐减等生态危机。新中国成立以来，党和政府十分重视抗旱工作，伴随着大规模水利建设和农业科技进步，中国抗旱减灾能力有了很大提高。总的来看，我国抗旱工程体系的逐步完善和应急抗旱能力的提高，大大缓解了工农业生产和城乡居民生活用水的供需矛盾，为保障我国经济社会健康快速发展奠定了坚实基础。,7,9,0.7386765480041504
审计署：北京奥运会个别项目招投标违规公报中说，总的看，北京奥组委各项内控制度比较健全，监督管理比较严格，资金支出得到较好控制，审计未发现重大违法违规问题。同时，公报也披露，跟踪审计发现部分项目存在违规招投标、法人招标遗留问题未解决等问题。（一）个别项目招投标存在违规现象。审计发现14个项目的28项专业分包和材料采购招投标存在违规行为，主要表现为不按主管部门核准方式招标和评标，工作存在错漏，影响中标结果。（二）国家体育场等项目超概算。国家体育场初步设计概算批复总投资31.4亿元，但因结构复杂、技术难度大、工艺要求高、功能和标准调整以及主要建材涨价等原因投资超概算约4.56亿元。（三）项目法人招标遗留问题未解决。为吸引社会资金参与奥运项目建设，同时解决赛后场馆经营问题，北京市政府对国家体育场等奥运场馆采取项目法人招标方式，由中标人组建项目公司负责融资、设计、建设和赛后经营。其中一些项目投资方存在资金不到位、中途退出、将主体结构工程分解后各自组织施工等问题，政府在项目法人招标时承诺的土地和税费优惠政策在实际执行中也比较困难。如国家体育场股东之一的金州控股集团有限公司自项目开工投资就不到位，至今仍拖欠4700万元。公告指出，国家体育总局、北京市政府等部门和单位高度重视审计提出的问题，积极采取措施整改，随审随纠，效果明显。审计提出有的项目进度滞后问题后，国家体育总局、北京市政府多次研究落实解决方案，对问题较大的项目实施重点督导、全程跟踪，主管部门和建设单位采取倒排工期、责任到人的有力措施，保证了工程进度和质量。公报最后还对北京奥运财务收支和场馆建设审计提出了审计建议：（一）通过筹办奥运会，北京具备了世界一流水平的比赛场馆和系统配套的相关设施，奥运场馆成为国际社会了解北京、认识中国的新窗口。建议北京市政府认真研究奥运场馆赛后运营机制，统筹规划奥林匹克中心区运营管理，兼顾经济和社会效益，促进奥运项目更好地发挥整体投资效益。（二）对奥运项目建设过程中发生的违规招投标问题，相关部门和单位应认真研究产生问题的原因，吸取教训，并加大处罚力度。对地方建设资金到位不及时、项目法人招标遗留问题未全部解决等问题，相关部门应高度重视，采取有效措施，避免影响奥运整体形象。审计署公告称北京奥运会收支结余超10亿元,7,4,0.7408210039138794
金庸将于月底正式加入中国作协本报讯 (记者吴波) 记者昨日从中国作协获悉，金庸或将在月底正式加入中国作协。据介绍，中国作家协会2009年度会员发展工作从2月份启动，经各文学门类专家咨询及征求团体会员推荐意见，中国作协书记处于6月17日进行审议，拟发展新会员409名，著名香港作家金庸也名列其中，本次进入公示名单的女性作家比例比往年有提高。记者了解到，审议完成后，409名有资格加入中作协的作家名单还将公示一个星期，时间为：2009年6月18日至2009年6月24日。中作协表示，如果公示名单中有涉嫌抄袭他人作品者，可公示期间举报。举报时需提供：侵权者姓名、侵权作品名称、侵权作品首次发表的报刊或出版社名称、被侵权者姓名、被侵权作品名称、被侵权作品首次发表报刊或出版社名称，以及侵权作品与被侵权作品的雷同内容等。记者了解到，本次进入公示名单的香港、澳门作家共7人，香港：张思鉴(张诗剑)、周密密(周蜜蜜，女)、查良镛(金庸)、蔡益怀。澳门：吴志良、李观鼎、廖子馨(女)。而广东作家列入发展公示名单的共17人，分别是：卢锡铭、刘美松、孙丽生、何霖(布依族)、吴淑平、张吉刚、张煌新、李容焕、陈玉春(女)、陈雪、周铁株、於文喜、林渊液(小隐娘，女)、郑集思、赵小敏(女)、黄萍(女)、滕叙兖(老藤)。,7,2,0.8195396661758423
中缅原油管道将开工四大油气进口通道成型中国石油天然气集团公司19日向记者确认，公司近日与缅甸正式签署了中缅原油管道项目谅解备忘录。业内人士称，该原油管道项目的确定，标志着我国四大油气进口通道初步成型，有利于实现石油运输渠道多元化，保障我国的能源供应安全。随着中缅原油管道项目尘埃落定，我国的东北、西北、西南陆上和海上四大油气进口通道的战略格局已初步成型。厦门大学中国能源研究中心主任林伯强表示，目前我国进口原油的绝大多数是依靠经马六甲海峡的海上运输通道进入境内，中缅原油管道为我国油气进口在西南方向上开辟了一条重要的陆上通道，为我国原油进口增添了一条进口线路，有利于增强我国石油供应安全性。根据中缅双方近日在京签署的《关于开发、运营和管理中缅原油管道项目的谅解备忘录》，项目包括起自缅甸马德岛、通过缅甸终至中国交付点的原油管道、储运设施及其附属设施，以及在缅甸马德岛建设的一个可从超大型油轮卸载原油的码头和终端及附近建设的原油储运设施及其他附属设施。双方同意由中国石油设计、建设、运营和管理原油管道项目，管道设计能力是2200万吨/年。在我国东北部，中俄原油管道历经14载的艰苦谈判，终于在今年5月中旬正式开工建设。该管道起自俄罗斯远东原油管道斯科沃罗季诺分输站，穿越中国边境，途经黑龙江省和内蒙古自治区13个县市区，止于大庆末站，管道全长1030公里，设计年输油量1500万吨，预计将于2010年底投产。在我国西北部，在中哈原油管道和中哈天然气管道的基础上，2008年中亚天然气管道全线开工建设，进一步巩固了我国油气进口的西北陆上通道。中亚天然气管道西起土库曼斯坦和乌兹别克斯坦边境，穿越乌兹别克斯坦中部和哈萨克斯坦南部地区，在新疆霍尔果斯入境，与西气东输二线相连，设计年输气能力为300亿立方米。单线2009年底建成投产，双线2011年底建成投产。目前已落实每年300亿立方米土库曼斯坦天然气资源。在我国西南部，经过马六甲海峡的海上通道是我国传统的石油进口通道。目前，除了俄罗斯、哈萨克斯坦两国的进口基本通过陆路外，超过80%的进口原油都要经过马六甲海峡这个战略咽喉通道。林伯强分析认为，我国的东北、西北、西南三条陆上油气管道建成投产后，可以承担我国40%的油气进口量；传统的经马六甲海峡的海上运输通道承担的油气进口量将有望从目前的80%以上降至60%。中国现代国际关系研究院世界经济研究所所长陈凤英认为，我国作为石油消费大国，大部分石油进口通过马六甲海峡，海上运输面临的压力和风险很大，陆上管道运输有利于石油供应稳定性的增加。林伯强认为，中缅、中俄等陆上油气管道的建设，对于改善我国石油进口过于依赖海运的格局具有重要意义。经过多年努力，我国已经初步形成了东北、西北、西南陆上和海上四大油气进口通道的战略格局。(据新华社北京6月19日电),7,9,0.83329176902771
商务部建议国务院放宽外商房地产投资外商直接投资(FDI)已经连续7个月负增长了。《华夏时报》记者从商务部独家获悉，一份关于稳定外商投资的包含42条具体建议的建议书已经由商务部提交至国务院。其中较大的调整政策包括将对外商投资中国房地产业松绑：商务部建议联合外管局，对外商投资房地产企业外汇登记手续进行简化和适当放宽。如果这项意见得以实施，外商投资房地产将获更多便利。 据华夏时报,7,4,0.9794796109199524
国土资源部将全面培训乡镇国土所干部本报电 (记者夏?) 为全面提高基层国土资源干部的业务素质，国土资源部将在全国开展县(市)、乡(镇)国土资源管理干部培训，培训的重点对象是国土资源所干部。据国土资源系统人力资源状况普查显示，目前全国约有2.5万个国土资源所，人员12.2万人，占全系统职工总数的32.3%，其中土地管理、矿产管理、测绘类等领域专业人员仅占12.3%，平均每个国土资源所专业人员只有0.5人。国土资源所干部队伍总体文化素质不高、业务知识缺乏，大多数干部知识结构与当前国土资源管理工作的要求有很大差距。据悉，培训将于今年6月至11月进行。,7,4,0.9798921942710876
两部委推动服务外包业 欲5年吸纳百万学生就业昨天，在南京市举办的第二届中国国际服务外包合作大会上，教育部高教司副司长刘桔表示，商务部和教育部两部委已制定“服务外包”促进高校毕业生工作的指导意见，将在5年内培养120万服务外包人才，其中新增100万高校毕业生就业。“一边是我们的大学生找不到工作，另一边却是跨国企业想转移非核心业务到中国急需人才，我们希望两头能连接上。”商务部一位官员在会上对CBN记者表示。“我们希望这个数字仅仅是保守估计。”上述官员说。由于“金融危机”的席卷，对于外向型经济最为敏感的商务部率先感受到了跨国企业在中国寻找高素质劳动力的“渴求”。因此在国务院层面召开多次部委联席会议之后，商务部和教育部今年上半年共同制定相关政策，借力“服务外包”发展，提升就业空间。企业录用毕业生每人获补助4500元教育部和商务部制定的最新政策包括，对于符合条件的技术先进型服务外包企业，每新录用1名大专以上学历员工从事服务外包工作并签订1年以上劳动合同的，中央财政给予企业不超过每人4500元的培训费支持；而中介培训机构培训的大学生获得1年以上劳动合同的也将获得每人500元的费用支持。在金融危机爆发之前，“服务外包”仅仅是中国外向型经济中的一个环节，但是随着欧美日等发达国家遭遇经济滑坡，大量企业急欲降低成本，开始迅速将非核心业务转移到中国。从去年年底开始，各地“服务外包”增长迅猛。在包括FDI、进出口等多项外向经济指标下滑的背景下，“服务外包”逆势增长引起了经济决策部门的注意。以江苏省为例，1~4月全省“服务外包”接包合同执行额10.25亿美元，增长188.22%，该省外经贸厅厅长朱民昨天在接受包括CBN在内的媒体群访时表示，这是今年对外经济中独特的亮点。由于据企业反映，大学生毕业之后迅速适应“外包”岗位是当前的一个难题，商务部相关人士向CBN表示，今后将推动岗位需求进入高校课程，以此长期推动高校教育改制。但短期看，为了加快促进大专院校学生进入新兴的“服务外包”企业就业，政府将支持企业展开培训。软件外包先行  目前，“服务外包”主要分成三大类：ITO(信息技术外包)、BPO(企业流程外包)和KPO(企业服务外包)。朱民厅长昨天对媒体表示，ITO目前还是中国“服务外包”占比最高的产业，也是“服务外包”中入门门槛较低的部分。因此从吸纳就业而言，目前软件学院的本科人才更容易进入“服务外包”行业。但他认为，如果长远发展迅速的话，对于就业的吸纳将是一个全方位的过程。不仅仅限于IT行业，在“服务外包”最为高端的KPO模式中，包含有帮助企业做金融外包、战略咨询外包等，届时需要的高等教育资源将是各种专业的。除了软件工程以外，目前在中国“服务外包”中发展较为迅速的还有动漫设计、工业设计和医药研发等。据商务部最新公布的数据，目前我国服务外包企业从业人员当中，81%的人员拥有大专以上学历。2005年1~5月份，已经提供了24.6万人就业，其中新增大学毕业生就业19.2万。宋蕾,7,5,0.9895431995391846
北京下月起上调工伤护理费本报讯 (记者温薷)下月1日起，完全丧失劳动能力工伤人员护理费将上调，最高调整额度达202.13元，凡在去年12月31日前享受生活护理费待遇的工伤人员皆在此次调整之列。北京市人力资源和社会保障局通告表示，北京市现已根据最新公布的2008年全市职工平均工资，确定了对今年工伤人员护理费的调整标准，生活完全不能自理的护理费标准调整数额最高，与目前正在执行的每月1661元相比，直涨202.13元。其他两种情况的调整数额依次为171.5元、120.88元。新标准拟从今年7月1日起执行。■ 具体标准伤后情况 调整后金额生活完全不能自理 1863.13元/月生活大部分不能自理 1490.5元/月生活部分不能自理 1117.88元/月,7,4,0.9338947534561157
国土部：18亿亩耕地红线推涨房价说法无根据本报讯 (记者柳志卿) 对于近来有专家称保护耕地红线的政策推涨了房价，国土资源部在昨天的发布会上对此作出回应说，此说法毫无根据。鹿心社说，地价是影响房价的重要因素之一，但不是决定因素。决定房价的关键因素或者根本因素是供求关系。针对前一时期有的专家认为由于“守红线”，土地偏紧、地价偏高，影响房价，国土资源部做了系统调查。调查东部、中部、西部不同类型620个房地产开发项目的结果表明，目前在我国，地价占房价的15%至30%，平均是23.2%。与国际水平做了大致的比较，美国是28%，加拿大是24%，英国是25%至38%，韩国是50%至65%，日本是60%至75%，新加坡是55%至60%，我国的这个比例远低于邻国。一般说来，一个国家或者一个地区的土地资源越紧缺，地价占房价的比例就越高。从我国的地价水平看，说保18亿亩耕地红线推涨了房价，没有根据，也没有道理。,7,4,0.9962149262428284
工信部：中国将着力研发豪华游轮本报讯 （记者鲍颖）豪华游轮等船舶将成为我国造船业未来几年科研开发的重点领域。工信部昨日发布2009－2011年船舶工业技术进步和技术改造投资方向，其中未来几年科研开发重点领域包括三大主流船型、高技术高附加值船舶、海洋工程装备等等。据了解，三大主流船型是传统的散货船、油船、集装箱船，而高技术、高附加值船舶主要是一些大型液化天然气船、万箱级以上集装箱船、大型液化石油气（LPG）船、大中型工程船舶、大型汽车运输船、客滚船、高档化学品船、科学考察船、大型远洋渔船、豪华游艇、豪华游轮等。船舶工业经济研究所专家张涛指出，目前国内普通船舶基本用国产船，但豪华游轮则几乎都依靠进口。事实上，高档船舶由于技术含量大，利润高，而传统的油轮、集装箱船和散货船等由于市场竞争激烈，利润趋薄。据统计，我国制造的30万吨船价格仅为1.1亿美元，而欧洲制造的万吨豪华游轮的售价则高达七八亿美元。中国的造船技术与国外先进水平相比至少相差10年，目前很多发达国家造船业重心已经开始向豪华游轮方面转移。而我国《船舶工业中长期发展规划2006—2015》也明确提出，要加快研发豪华游轮等高技术高附加值船舶。,7,9,0.9009318351745605
商务部否认柬埔寨对我国援建办公楼不满意据新华社电 近期有媒体报道称柬埔寨首相洪森对我国政府援建的政府办公楼不满意，已下令另建一座新首相府。商务部有关负责人24日表示，该报道与实际情况严重不符，柬政府从未对我援建大楼表示任何不满。这位负责人表示，柬政府正在建设的是一座国际会议中心，而非新首相府，目的是为满足其国内召开国际会议的需要。中国援建柬埔寨的政府办公大楼自今年3月6日投入使用以来，运转良好，得到柬方高度评价。据悉，柬埔寨政府办公大楼是中、柬两国商定的重大合作项目之一。该项目全部建筑方案和装修等设计内容经中方设计人员与柬方反复沟通，并经柬政府签字认可。整个大楼融合了柬埔寨高棉传统文化艺术，体现吴哥式的建筑风格。目前，柬政府1000余名官员在内办公。,7,4,0.5355706214904785
住建部调研市政公用行业吸引民间资本进入如何调动民间资金投资积极性，已经成为当前扩大内需的关键议题。6月24日，中国城市燃气协会秘书长迟国敬在“公共服务与公权市场座谈会暨《公权市场》新书发布会”上向本报记者透露，国家发改委体改司等部门向该协会调研民间资金投资城市燃气行业的情况，并请他们提出行业进一步开放改革的意见。住房和城乡建设部城建司副司长刘贺明在上述场合对本报记者证实，住建部接到了国务院关于推进公用事业改革问题的通知。目前，住建部已经按照分工安排，成立了专门的小组，准备对市政公用行业如何吸引民间资本进入进行调研，起草政策。发改委、住建部展开调研本报记者了解到，国家发改委、住房和城乡建设部等多个部门都接到了国务院关于落实吸引民间资金进入公用事业和垄断行业投资的通知。目前，有关部门正在密集调研，酝酿出台相关行业吸引民间投资的政策。“这项工作刚刚开始。”一位接近住建部的人士透露，城市公共交通、燃气、供水等公用事业投资是这轮吸引民间资金投资的重点领域。住建部政策法规司副司长徐宗威对本报记者表示，当前扩大内需的新着力点应该放在鼓励民间投资积极性，进一步改革垄断领域和市政公用行业体制，尤其从立法上进一步为民间投资提供保障。但是，目前公用事业投资领域还存在法律法规不健全、财政投资迅速萎缩等问题，应该借扩大内需投资的机会，规范公用事业投资，建立“公权市场”。所谓公权市场，徐宗威介绍，就是以特许经营制度为规范的公共品委托生产机制；开放公用事业领域，不仅仅是将公用事业一卖了之，而是要规范公用事业投资，建立规范的特许经营制度。“对于民间资金来说，当前进入公用事业领域投资正是机会。”徐宗威分析，未来15年内，我国城市化进程还将促使3亿-4亿农民进入城市，人口增加导致城市公共服务产品需求增加。另外，公用事业投资的典型特点是回报稳定，长期而稳定的回报对资本投入非常有吸引力。迟国敬介绍说，国家发改委体改司的有关人士已经在城市燃气协会进行过相关调研，请燃气协会提出下一步城市燃气行业改革的意见和建议。“目前公用事业投资缺乏配套法律支持。”上述接近住建部的人士表示，多个行业协会都向调研人员反映当前行业缺乏法律保障的问题，预计最后形成的政策中，会提出清理一部分现行的、不符合实际的法律，同时加快公用事业投资领域的立法工作。建立“公权市场”既然要吸引民间资本进入公用事业领域，现有公用事业中民间资本投资生存情况，就成为相关主管部门最为关注的情况。作为一直参与城市公用事业经营的企业，首创股份副总经理郭鹏对公用事业行业改革感触颇深。“一是地方政府依靠行政命令把不属于企业负担的社会成本转嫁于企业头上；二是游戏规则制定后，遵守情况不好，往往是遵纪守法的企业吃亏，依靠钻法律空子和走后门的企业获得暴利。”郭鹏说。“如果城镇公用事业形不成产业，就不会对民间资金带来吸引力。”深圳金达莱企业负责人对记者说，多数公用事业还存在缺乏税费政策激励的问题。徐宗威向本报记者表示，刺激民间资金投资，应该注重市场机制建设，将公共服务产品以市场形式提供，理顺机制，这样才能达到比较好的刺激效果。关于法律保障，徐宗威认为，目前应该对特许经营立法，将特许经营作为公用事业市场开放的基本制度，建立“公权市场”。当前之所以出现公用事业“不改就死、一改就乱”的问题，在于特许经营制度没有规范下来。徐宗威认为，公共事业改革应该坚持国有经济在公用事业投资中占主体地位，不应该简单地“一卖了之”，坚持渐进性改革。同时，坚持国有经济为主体，并不等于排斥民间投资。徐宗威在《公权市场》一书中指出，市政公用事业投资选择的民间资金或外资投资者，一定要是战略投资者，而非短期的财务投资者。不能将公共服务产品作为资本市场的杠杆，投资方不稳定，也会带来公共服务不稳定。前述接近住建部的人士对记者表示，本次促进民间资金投资公用事业的主要指导思想是如何进一步开放公用事业投资市场。而在调研人员看来，目前启动的公用事业投资领域不到50%，仍需进一步加大开放力度，吸引民间资金进入，使其成为保增长的重要着力点。记者 贾海峰,7,4,0.9889696836471558
商务部称建议松绑外商投资房产报道失实中新网6月26日电 据中国商务部网站消息称，日前，《华夏时报》发表了有关“商务部上书国务院建议松绑外商投资房地产”的报道，该报道的内容与事实严重不符，造成了不应有的负面影响。消息指出，为积极应对国际金融危机，促进国民经济稳定健康发展，商务部将继续采取措施，鼓励外商投资产业结构优化升级，促进区域协调发展，完善优化投资环境，稳定和扩大吸收外资规模，提高吸收外资质量和水平。但商务部未针对外商投资房地产企业提出简化和放宽外汇登记手续的建议。,7,4,0.7707036137580872
国土部：中央不出台小产权房统一文件本报综合报道 国土资源部副部长?小苏昨日透露，由于各地小产权房的情况不一样，中央或国土资源部不会出台统一的处理意见。国土资源部与各地共同从实际出发，认真调研，依法合情合理地处理。昨日，?小苏接受记者提问时表示，无论是否建在耕地上，只要是没有经过批准，没有办理转让征收手续，在农村集体土地上建设的商品房都是违法的。“村级干部、乡级干部没有权力做主出租、出让农村集体土地去盖商品房，村级干部、乡级干部私自做主出让也是违法的”，?小苏强调。?小苏说，中央多次发文强调，要求各级国土资源部门，首先要把在建的、没有销售的小产权房管住，不要再卖了。但有的人还是想钻空子，这是冒风险的。已经遗留的小产权房，大家认真研究，弄清每一个楼盘的具体情况，依法合情合理地去处理。因为各地的情况不一样，每一宗土地的性质不一样，开发投入的情况不一样，买房人的情况也是各不相同，对这种复杂的小产权房问题，中央或国土资源部不可能出台一个统一的文件。国土资源部总规划师胡存智前日公开表示，市场经济条件下，一旦小产权房或无产权房合法化，其价格将与商品房趋同，不再存在价差问题。对此专家指出，不管将来国家如何出台政策、法律，就目前购买小产权房来说，面临风险要大于潜在的收益。■ 相关新闻12336开接“土地违法举报”本报讯 （记者吴鹏）昨天开始，遇到任何土地违法问题，公众都可拨打12336国土资源违法举报电话。国土资源部设置了10条线路，国土部有关人士昨晚表示，昨天举报电话共接报410个。按照10条线路计算，在工作时间里，平均每条线路每小时接报约7个。按照要求，省级举报电话要设置3至5条线路，所有县市都将在7月底前开通。昨日，国土部有关负责人说，国土部直接接听的举报电话，将区分一般违法线索和重大违法线索。一般违法线索直接转违法发生地的省级国土资源行政主管部门处理，重大违法线索将由国土资源部执法局采用交办、挂牌督办或派员直查等方式逐一处理。专家称国土部建设部已形成小产权房规范性文件张鸿：集体误读小产权房背后是利益驱动,7,4,0.9852792024612427
香港富豪人数减少61.3%创历史最大跌幅也就一年的时间，全球富豪此前两年所累积的财富化为乌有。6月25日，美林全球财富管理与凯捷顾问公司发布的《全球财富报告》显示，至2008年底，全球的富豪(即拥有100万美元以上净资产人士)的财富总额下降了19.5%，跌至32.8兆美元，人数则减少了14.9%至860万人。而超级富豪(即拥有3000万美元净资产人士)的人数则下跌了24.6%。跌幅是空前的，全球富豪的人数与财富均跌至2005年底的水平以下，这意味着2006年与2007年累积增长的财富已全部蒸发。其中，中国的富豪人数在2008年底达到36.4万人，比2007年下跌了11.8%，但是排名却上升了一位，超越英国成为全球第四大富人集中地。而香港的富豪人数下降了61.3%至3.7万人，创下该排行榜有史以来最大的跌幅。美林全球财富管理大中华区董事总经理刘昌欣对本报记者表示，中国富豪的具体分布情况有待拿到更详尽的数据才能作出分析，该数据将在今年9月份公布，“中国是去年全球经济的一个亮点，强劲的增长使该地区富裕人士数量不会像一些市场那样大幅下跌。”香港财富集中地在股市香港富豪的数量下跌如此之大，美林的报告认为，原因在于香港拥有的股市市值与名义GDP的比率已达到极高的5.76，意味着香港特别容易受到股市下跌的影响，2008年香港股市市值下跌了49.9%。相比之下，该比率在新加坡仅为1.49，在美国则只有0.83。另外，香港原来的富豪中大部分属于100万－500万美元的财富级别，其中大部分人因为去年的损失而跌出了100万美元的门槛。刘昌欣说，香港的部分富豪所持有的股票比例越高，则受到的影响越大。去年香港市场上不少富裕人士因为累计期权(Accumulator)产品而损失惨重。“使用金融工具赚钱，就像是吃饭时可以用筷子，也可以用刀叉，只要市场有需求，产品就会存在。”刘昌欣说，今年以来资本市场整体复苏，除了原来已经投资的富裕人士会受惠之外，也会制造出更多的富裕人士。美林预计在2013年底全球富裕人士的财富将增长至48.5兆美元，年增8.1%。北美与亚太地区将随着美国消费支出增加以及中国经济的动力和自主发展，带领财富增长。而亚太地区也有望在2013年成为全球最大的富裕人士集中地。刘昌欣估计，从目前的趋势来看，到2013年中国富裕人士的数目可能会超过北美市场。根据统计，2008年底全球富裕人士最多的国家前三名分别为美国、日本和德国，占2008年全球富裕人士总数的54%。短期内继续保守投资策略美林全球财富管理亚太区投资策略师Stephen Corry对记者表示，去年全球富裕人士以资本保值为主，而非高回报投资。所以大部分富豪减少对股票的配置，转而增加了以现金为主的投资，并把资产转移到楼市。调查显示，2008年全球富豪们的股票投资由33%降至25%。根据美林的数据，去年全球股市市值暴跌接近50%，降至1999年的水平，尤其是9月份之后全球股市同时重挫，其中美洲下跌42.9%，亚太地区下降53/5%，欧洲、中东和非洲地区的跌幅也达到51%。而中国股市在之前的年度上涨了291%之后，更下挫了60.3%。由于传统的股市分散投资策略不奏效，因此全球投资者纷纷转入固定收益市场，目的在于保障资本，而非赚取回报。因此，固定收益投资占全球富豪的投资组合的比例在去年底达29%，高出2007年2%。结果美国国库券在2008年的表现超越其他所有的债券，以总回报来看上涨了13.9%。同时，由于对复杂的投资产品心有余悸，全球流进货币市场基金的金额高达4550亿美元以上，导致富裕人士的现金或存款大幅增加，占整个投资组合的比例从17%升至21%。比如，亚洲除日本以外的其他国家，富豪们持有现金类资产的比例高达26%，而在2007年这一比例只有5%。此外，物业投资占富豪的净资产比例从14%升至18%，因为富豪有寻找低价房的趋势，特别是在商业不动产与新建房市场，以及住宅物业。此外，规避通胀风险可能也是刺激富豪购置房产的另一大因素。2008年，豪宅的价格跌至2003－2004年的水平，也刺激了不少富豪购置。尽管短期内仍然是保守投资策略当道，不过，Stephen Corry预计，未来富豪们的投资趋势将会改变，至2010年富豪们持股票的比例将增加至28%，而物业方面的投资则会减少至15%。记者 谭璐,7,1,0.5863128900527954
国际奥委会满意北京奥运会空气质量据新华社电 针对近来某些国外媒体对“北京奥运会空气污染最严重”的报道，国际奥委会新闻委员会主席高斯帕昨天接受新华社记者采访时认为这个说法“很无趣”，并认为北京奥运会的空气质量没有问题。英国《每日电讯报》22日的报道称，美国俄勒冈州立大学和北京大学科学家联合进行的研究结果表明，2008年北京奥运会的空气污染程度是历届奥运会最高的，甚至达到悉尼奥运会的3.5倍，运动员和观众都处于危险级别的烟尘中。正在伦敦参加2012年奥运会第一次世界媒体大会的高斯帕在听到这个消息后，第一个反应就是：“这个数据没什么意思。”他接着条理清楚地解释说：“首先，奥运会已经结束快一年了，北京奥运会是最成功的一届奥运会，这是记录在案的。第二点，北京奥运会时，国际奥委会一直在跟环境保护权威机构密切合作，毫无疑问他们对北京奥运会的空气观测手段和空气质量都非常满意。第三，我没见到北京的空气质量给任何运动员或游客造成麻烦，我们也没有听过任何选手或其他人抱怨空气质量。”高斯帕说：“最后我再重复一遍，北京奥运会是我去过的最伟大奥运会。我个人总是乐意去北京的。”相关阅读：北京奥运盈利超10亿支出小于雅典审计称北京奥运会志愿者每人每天平均只花费10元审计署公告称北京奥运会收支结余超10亿,7,9,0.9040305614471436
环保部今起公布地表水水质实时监测数据从7月1日起，任何人都可以登录“国家地表水水质自动监测站的实时监测数据发布系统”(http://202.108.218.233/)，实时了解全国地表水水质情况。国家环境保护部6月30日发布消息称，将于2009年7月1日起向社会公开发布国家地表水水质自动监测站的实时监测数据。国家地表水水质自动监测站是我国地表水环境监测网络的重要组成部分。环保部门自1999年以来，已在全国主要河流的省界断面、入海口、支流汇入口以及重要湖区及国界河流上，建设了100个水质自动监测站，初步形成了覆盖我国主要水体的水质自动监测网络。据介绍，多年来，在地表水监测预警、跨界污染纠纷处理、省界水质目标考核、保障人民群众用水安全方面，水质自动监测站发挥了重要作用。环保部有关人士表示，公布地表水水质实时监测数据旨在进一步深化环境信息公开工作，充分发挥国家地表水水质自动监测站在环境管理、水污染防治方面的实时监控与预警监视作用，落实省界目标责任制，满足人民群众的环境知情权，积极为环境保护优化经济发展和构建和谐社会提供基础性服务。据悉，即将发布的国家地表水水质自动监测站的实时监测数据，主要指标包括：pH、溶解氧、CODMN、氨氮、TOC。监测频次为每四小时一次，每天动态发布六次监测数据。（章轲）,7,9,0.6550800800323486
"住建部要求开展在建住宅工程质量检查中广网北京7月3日消息 据中国之声《新闻和报纸摘要》9时21分报道，上海市闵行区""莲花河畔景苑""在建的13层住宅楼房楼体倒塌事故引发各界对住宅质量安全的高度关注。为确保在建住宅工程质量，住房和城乡建设部2号发出紧急通知，要求全国各地区立即开展在建住宅工程质量检查。详细情况中国之声连线记者刘玉蕾进行报道——中国之声：这次的质量检查从什么时候开始？检查范围主要有哪些？记者：住房和城乡建设部的领导介绍说，此次检查范围包括保障性住房和商品住房等各类在建住宅工程。主要是检查工程实体质量情况，特别是工程地基基础和主体结构的勘察、设计及施工质量。对建设、勘察、设计、施工、监理等责任主体和施工图审查、质量检测等有关单位及项目经理、总监理工程师等执业人员执行国家法律、法规和工程建设强制性标准的情况都要进行检查。住房城乡建设部要求各地要在7月30号前将检查情况通报上来，同时建设部也将在7月到9月到各地组织督查。中国之声：看来这将是一次全面的检查，从规划、施工许可、招投标到资质管理、工程监理的各个环节都要逐一检查，检查的目的就是要防患于未然？记者：是的。实际上，这次上海闵行区莲花河畔景苑在建楼房整体倒塌前一天，工地旁边的防汛墙出现了一个70多米的塌方险情，即使两起事件没有关联，但都说明建筑过程中一定存在了很大的问题。因此建设部指导：各地在检查工作中，要认真记录、如实填写检查记录和受检工程相关质量的信息数据。发现质量隐患，及时采取整改措施，做到边查边改；涉及结构安全重大隐患的，立即停工整改，隐患消除前不得复工；对于情况复杂，短期内难以完成整改的，制定切实可行的整改方案并限期整改，加强隐患监控，落实防范措施，防止发生质量安全事故。",7,4,0.8996304869651794
教育部：今年高考违规率系恢复高考后最低值2009年全国高考报名人数约1020万，共设考场34.4万个，监考人员约95万人。在各级政府、有关部门和社会各界的大力支持下，全国高考秩序总体良好，一些省际交界历来薄弱地区考风明显有所好转。汇总各地上报的数据，今年全国高考考试期间现场查处违规考生2219人，占实际参考人数的万分之二点三，比2008年进一步下降，高考违规率是恢复高考以来最低值。高考无疑是实现公平竞争、值得充分信赖的国家教育考试。为维护高考良好的考试秩序和考风考纪，各级教育行政部门和招生考试机构主要采取了四方面措施，取得了明显成效。一是继续组织所有考生签订“诚信高考承诺书”，这项工作连续做了六年。并在应届高中毕业生中开展“诚信高考”主题教育活动，促使绝大多数考生自觉遵守考试纪律。二是综合整治高考社会环境。教育部门与公安、信息管理、宣传等部门密切协作，采取切实有力措施，重点防范和打击非法制售作弊器材、散布虚假信息从事诈骗、雇人代考或替人考试等严重违法违纪行为。据统计，吉林、山西、贵州、新疆等地破获危害高考案件33起，抓获违法犯罪嫌疑人88名。三是加强对各地施考情况的督查。考前各级政府和教育部门领导带队检查高考工作；开通信访举报热线电话，派专人24小时值守；许多省份对考场实行全程视频监控和录像，对发现的问题及时予以纠正和查处。四是加大对考试违规行为的处罚力度。按照今年规定，对高中非应届毕业生报考、利用通讯工具作弊、由他人代考或替他人考试等作弊行为严重近1100名考生，不但取消今年录取资格，还取消其下一年度报名资格；对违规替考的在校大学生一律作开除学籍处理；对指使、组织或参与高考群体性舞弊的教师等公职人员，予以撤销职务或开除公职。违反法律的，依法追究法律责任。,7,5,0.754327118396759
江苏盐城大面积死鱼与天气水质有关(图)中新网盐城7月3日电 (于从文 童盛) 记者今天从江苏盐城射阳县政府办获悉，六月三十日晚盐城市新洋港大面积死鱼的原因已排除人为因素，而是与天气闷热、水质环境变差有关。六月三十日晚七时左右，江苏省盐城市新洋港河亭湖区黄尖镇段和射阳县洋马镇段十余公里河道共六千五百网箱鲢鱼、鲤鱼突然死亡。事发后，当地养殖户迫切要求有关部门调查鱼的死因。当时针对死鱼的原因，渔民们众说纷纭，或说夏季水温变化和河道浮游植物过多，水质富氧化严重，更多的说法则是上游企业暗自排污污染河道，使鱼中毒而亡。射阳县政府办周金德副主任在接受采访时表示，目前水样检测结果已经出来，水里并没有污染源物。鱼大面积死亡的主要原因是天气闷热，水质中的溶氧量偏低，且网箱养殖密度比较大。另外，六月二十八日、二十九日连降暴雨，而当地正处于农作物施肥期，导致部分含氮肥料流入河水中，使得氨氮有所超标。由于发生死鱼的水域水体已经发臭，影响到下游乡镇居民取水，下游所在地政府已经对饮用水源做了提前准备，进水的管道内的余水全部清理干净，自来水厂也能保证正常供水。,7,9,0.9792360663414001
两名香港科学家入围中国工程院院士增选(图)中新网7月9日电 香港《文汇报》今日在“要闻”栏目刊发报道称，记者从中国工程院获悉，2009年中国工程院院士增选第一轮评审工作已经结束，从449位有效候选人中产生进入第二轮评审的候选人163位，其中包括两位香港科学家：香港理工大学教授钱忠明和香港大学教授王振宇。他们均为医药卫生学部候选人。据了解，在此前第一轮评审结束后，有4名香港候选人，分别是香港科技大学计算器系主任倪明选、香港理工大学教授钱忠明、香港中文大学教授秦岭以及香港大学教授王振宇。经过层层筛选，钱忠明和王振宇进入第二轮评审。有科技界人士表示，由于一般认为港人争取科研资源和资金更易，故工程院和中科院对香港学者的评选可能较内地学者更加严格。据介绍，2009年中国工程院院士增选工作，于今年1月初启动。5月中旬曾公布过第一批449名候选人，此次数第二轮评审，名单公示后将接受各界监督，投诉受理截止日期为8月15日。根据规定，院士增选的名额不能超过60名，评选结果将于12月公布。中国工程院有关人士表示，院士增选工作分四个步骤：提名候选人、归口部门遴选、院士评审和院士选举。本次评选标准中还特别增加了“品行端正”的要求。中国工程院院士增选每两年举办一次，2007年香港有5人入围工程院候选名单，其中香港大学微生物学系主任袁国勇和香港中文大学机器人技术专家徐扬生当选工程院院士。据悉，始建于1994年的中国工程院是中国工程技术界的最高荣誉性、咨询性学术机构，与中国科学院并称“两院”。两院院士是国家设立的科学技术方面的最高学术称号，也是终身荣誉。自香港回归以来，香港特区包括外籍人士在内的两院院士已达到28名，其中中科院院士22名、工程院院士6名。钱忠明 58岁，北京大学医学部硕士，澳洲西澳大利亚大学理学博士，现职香港理工大学应用生物和化学科技学系教授，同时担任理大铁代谢实验室主任、大学动物中心主任及中心管理委员会主席等职。其研究领域为“铁代谢及其相关疾病机理与防治”，并积极参与中医药基础产品的科技开发的研究。王振宇 44岁，香港大学肠胃及肝脏科教授。他带领的团队与解放军第四军医大学合作，通过14年的研究，发现阿斯匹灵及抗胃酸药能把胃癌发病机会，分别降低达两成及三分之一，他们更凭此研究获颁国家科技进步奖一等奖。,7,9,0.5083867311477661
全国检察机关举报网络和电话统一化几年前，当中石化开发部原副主任程绍志因受贿罪领刑11年的时候，他或许没有想到，把他拉下马的，竟然源于一份网络举报。“2000年元月1日我们院率先在正义网开展网上举报，随后不久，一名留学生就举报程绍志受贿，没用多少时间，就查实了。”北京市人民检察院第二分院(下称“北京二分院”)控申处处长闫晓东日前在接受CBN记者采访时，回忆起该院接受电话、网络举报的过程，仍然记忆犹新。如今，全国检察机关的举报网络和电话正在走向统一化。6月22日，检察机关全国统一举报电话12309在最高检和部分省级检察院正式投入使用，其余省份将在年内陆续开通。最高检举报网站也自22日起正式更新网址为www.12309.gov.cn。“我们也正在向12309的举报电话和网站过渡。”闫晓东告诉记者。当日网站因浏览人数过多而瘫痪，电话因呼入数量过多而难以打通。一位检察系统的相关负责人在接受CBN记者采访时认为，将举报电话和网站都统一到12309，就像公安系统的110一样，可以方便举报人的举报，也有利于举报线索的集中和管理。在实现统一化之后，会扩大电话举报和网站举报的影响力。至于举报数量上是否会有突增，这位人士告诉记者：“由于12309的统一化工作刚刚开始启动，目前还没有统计”。群众举报的含金量程绍志的案发源于2001年2月15日收到的一封举报电邮。当天北京二分院检察长打开举报信箱之后，看到了一封署名的电子邮件举报信，其中详细描述了程绍志的受贿行为。邮件显示，时任中石化油田勘探开发部副主任的程绍志，在此前担任河南石油勘探局副局长期间，与中国国际企业合作总公司(下称“国合公司”)代理进口国外联合胶体公司的聚丙烯酰胺过程中，涉嫌接受该公司在北京的代理——北京立佳科技有限公司(下称“立佳科技”)总经理的贿赂，并列举了部分涉嫌犯罪事实。检察长立即派侦查员到北京市工商局查询了立佳科技的工商注册资料，但并未发现该公司与河南油田有任何关于聚合物的商业往来。但是，此后侦查人员侦查了国合公司1997年至1999年的所有进口报关单，进而查明了涉嫌走私的事实以及举报人举报的事实。同年6月21日，侦查人员在首都机场将从国外考察回国的程绍志抓获。无独有偶，让闫晓东印象深刻的还有一起关于中国财经报社一名主任贪污的案件，同样是因为被知情人举报之后，“检察机关用了一星期就查实了。”目前，类似案例在全国各地已不鲜见。在6月22日至26日的全国检察举报宣传周期间，全国各地检察机关展示了诸多因举报而成功查实的案例。福建省福清市检察院检察长陈秋官称，去年以来，该院共立案侦查各类职务犯罪案件39件41人，其中相当一部分案件线索是由群众举报的。据《检查日报》报道，上海市检察机关统计数据反映，近年来，在该市检察机关立案侦查的职务犯罪案件中，有40%直接来源于群众举报。依法分类处理信源据闫晓东介绍，北京二分院每年所收到的举报信息有上千条，这里面有些是属于纪委职权范围内的，有些则属于公安机关的职责范围。另外，根据法律所规定的管辖范围，有些是在分院管辖范围之内的，但是也有些是属于市检察院的，还有一部分是属于区检察院的。因此，检察机关收到举报信息后一个重要处理方式就是转。“按照不同的管辖部门和管辖范围，转交给相应的职能部门去处理。”闫晓东介绍说，对于实名举报，保证件件答复线索的去向或查办情况。最高检相关负责人在接受CBN记者采访时说，一般检察机关收到举报人举报之后，有专人负责案件的收集和整理，如果是其管辖范围之内的案件，要交给反贪机关进行侦查，否则，要转交至相应的部门。不过，闫晓东告诉记者，能够转到反贪局的案件在所有举报案件中所占比例并不大，“因为举报中不属于检察机关管辖的比较多，还有一部分是明显没有可查价值的案件。”闫晓东解释说，所谓没有可查价值的线索，一般都是举报人对于事实的描述没有提供任何有价值的线索或者证据，而只是情绪化的表达。对于此类线索，检察机关收到之后，会作为存查信息，先予以保存，如果后来还有针对相同人员的举报发生，会对前面的举报进行对照，如果有了事实、证据，检察机关会对其展开调查。这种做法在陈秋官口中被称为：“养”活暂不成案的线索，伺机而动。陈秋官所在的检察院用这个办法成功查处了以福建冠龙建筑工程公司董事长魏某为主要行贿人的系列贿赂窝串案。2008年，福清市检察院根据群众举报线索收集到了“十分有限”的涉案情报，当时尚不足以对其立案侦查。不过，该院继续经营这一线索，长时间密切跟踪，注意情报的收集、深化信息分析，慢慢掌握了大量翔实的信息。最终，该院查处了该领域商业贿赂窝串案20件20人，涉及科级干部8人，追缴赃款人民币105万余元。保护举报人难题闫晓东认为，举报工作对于查处职务犯罪有非常重要的意义。“腐败问题是社会问题，各个领域都有可能发生，如果仅仅凭借办案人员去查，范围非常狭窄”。但是，目前的举报工作也面临着不少困难要解决。闫晓东认为，其所在的北京二分院目前遇到的最主要的问题在于“人员的问题”：线索和案件太多，而人员太少。从一个线索查成一个成案，需要投入相当大的人力。这直接影响了侦查工作的顺利进行。闫晓东告诉CBN记者，在来信、来访、网站、电话四种举报方式中，“我们欢迎来访当面举报，其次就是实名举报”，他认为，这样更方便检察机关掌握更清楚的事实和证据，同时可以避免重复举报和多头举报。但是，并非所有举报人都愿意实名。上述上海市检察机关的统计显示，该市检察机关立案侦查的职务犯罪案件中，匿名举报仍占大多数。此前，CBN记者曾采访杭州的一起举报案件，其中举报人遭遇到严重的人身伤害。当时接受记者采访的相关法学专家和法官认为，各界一直希望出台专门的法律法规保护举报人人身安全。而最高检相关负责人在上月的检察举报宣传周期间曾表示，最高检将适时就举报人保护提出立法建议。此外，成案率偏低仍是举报工作的一大难题。湖北省天门市检察院检察长李序军近日在《检察日报》上撰文表示，近年来，经其所在的检察院初查的群众举报线索，成案率约为20%。李序军认为，群众知情途径有限，监督渠道不畅，权利保障不力是造成这一状况的主要原因。李序军认为，将12309电话整合为举报、控告、申诉、投诉“四合一”的受理电话，并与网络受理、信函受理和接访受理有机结合，是解决问题的重要方法之一。赵杰,7,5,0.9603705406188965
教育部官员称将邀请歌星演唱经典诗词调查：你如何看待教育部官员称将邀请歌星演唱经典诗词？四川新闻网(记者 陈静 代朗)  7月8日，全国中小学国学教育研究成都市青羊区现场会在蓉召开，来自北京、青岛、重庆等地的上百名专家代表就国学教育在中小学校园内的开展进行了交流讨论。据中国教育部语言文字应用管理司司长王登峰透露，有关部门准备邀请歌星演唱经典诗词，以契合中小学生的年龄特点和心理需求。“国学教育能促进传统文化的弘扬和提升个人素质，从而把我国建设成人力资源强国，开展国学教育有助于提升社会公众对国学的关注和认识。”王登峰司长告诉四川新闻网记者，诵读国学经典要与践行道德相结合，与爱国主义教育相结合，并与时尚元素有机结合，“然而目前有些地方诵读国学经典要求学生穿古装，甚至有人扮成手拿戒尺摇头晃脑的老师模样，那样做太拘于形势，国学经典的学习应该注重思想内涵。”“现在我们正考虑把经典国学诗文谱写成流行歌曲，以经典诗词为词，结合现代流行音乐让中小学生传唱，这样做的目的是考虑到中小学生的年龄特点和心理需求，让国学经典教育深入到学校方方面面。”王登峰司长表示，“我们可能会向大学生征集以经典诗词为歌词的原创歌曲并邀请著名歌星演唱，这也是一种将中华民族传统文化与西方文化进行辨别的方法。”四川新闻网记者获悉，成都市青羊区在国学教育工作中提出了双融入双结合的指导思想，即融入社会主义核心价值观建设，融入未成年人思想道德建设，让国学经典诵读活动与践行社会主义荣辱观相结合，与中小学生日常行为规范教育相结合。目前当地教育部门正实施熟读十部经典、背诵百首古典诗词和知晓千个成语计划，而日明一礼、日正一行、日学一语与日行一善正成为孩子们的行为准则。,7,5,0.42586633563041687
热带风暴苏迪罗可能12日在广东海南登陆(图)中广网北京7月11日消息（中国之声记者张蔚）今年第5号热带风暴“苏迪罗”于10日晨在菲律宾吕宋岛北部近海生成，今日（11日）14时移至广东湛江市东偏南约390公里海面上，风力8级（18米每秒），预计将以25公里每小时的速度向西偏北移动，可能于12日晨到中午在广东西部至海南北部沿海登陆，登陆时风力8至9级。该热带风暴有三个特点：一是生成区域离大陆近，距离广东汕头仅400公里。二是移动速度快，在海面上活动两天就登陆。三是不仅在南海海域形成较强风力，而且可能给沿海部分地区带来强降雨。国家防总高度重视热带风暴“苏迪罗”的防御工作。7月10日刚生成时，国家防总就发出通知，要求有关省区强化监测预报，加密会商，按照防台风预案，做好各项防御准备工作。7月11日上午，国家防总副总指挥、水利部副部长鄂竟平到国家防总防汛抗旱指挥中心了解汛情和防御热带风暴情况，部署有关工作。国家防总秘书长、水利部副部长刘宁主持召开国家防总异地视频会商会，进一步研究部署“苏迪罗”防御工作，并宣布国家防总启动防汛Ⅳ级应急响应。珠江防总、广东、广西、海南等省（区）防汛抗旱指挥部的负责同志参加了会议。刘宁强调，当前防御第5号热带风暴“苏迪罗”的形势严峻。此次热带风暴云系不对称，登陆后极可能造成强风、暴雨并发的不利局面。特别是前期降雨较多的广西、广东局地，江河底水位较高，部分水库超汛限水位，土壤含水量较大，热带风暴“苏迪罗”带来强降雨，将增加这些地区的防洪减灾压力。此外，热带风暴影响期间恰逢周末，沿海地区旅游人员多，也给热带风暴防御工作增加了难度。刘宁要求，各地、各部门要以对人民群众生命安全高度负责的精神，从正面登陆的最不利情况着手，强化领导，超常部署，周密防范，切实把各项工作做在前头、落到实处，尽一切可能避免人员伤亡，努力减少灾害损失。当前应重点做好以下几个方面的工作：一是高度重视，强化值守，加强联合会商，明确防御重点，落实防范措施，防止因休假、工作疏漏或措施不到位而造成重大人员伤亡。二是密切监视，强化预警，对热带风暴移动路径、强度变化、影响范围以及风暴潮增水等情况作出准确预报，对水情、汛情进行滚动分析和实时预报，多渠道、广覆盖、高密度地向社会公众发布预警预报信息。三是以防为主，强化措施，着力做好防强风、防大潮、防暴雨、防山洪、防内涝、防次生灾害的各项准备，加强对山洪灾害易发区、中小型水库水电站以及病险水库水电站的安全检查，及时排除隐患。四是以人为本，强化避险，把确保人民生命安全放在台风防御工作的首位，切实做好船只回港避风和海上作业人员、危险地区人员的转移避险工作，开展拉网式排查，该转移的人员必须及时安全转移。五是科学调度，强化保安，加强水库等水利工程的调度，加强监测，科学防控，充分发挥水库拦洪削峰错峰作用。病险水库、水电站，特别是前期蓄水较高和出现险情的水库，要降低水位或空库迎汛。,7,9,0.8736611008644104
我国开设高等教育自学考试义务教育专业新华网北京7月12日电（记者 吴晶）记者12日在此间获悉，我国将通过开设“高等教育自学考试义务教育专业”，建立面向农村教师的在职培训服务，使农村教师通过“网络＋自考”的方式，获得学历提升的渠道。负责具体实施这项工作的教育部考试中心有关负责人介绍，“高等教育自学考试义务教育专业”是专门针对农村中小学教师的实际情况和需要设置的，它充分发挥了高等教育自学考试开放灵活，注重质量的特点，同时依托“全国中小学教师继续教育网”和县级教师培训机构开展网络助学，建立面向农村教师的学习与考试服务支持体系。教师可通过“注册学习制”，采取有组织的分散自学与集中学习相结合的方式。同时，“高等教育自学考试义务教育专业”课程与在职中小学教师非学历培训课程实行学分互认，实现了学历教育、岗位培训、资格证书考试三者的相互沟通。根据教育部的要求和部署，河北、山西、黑龙江、江苏、浙江、江西、福建、河南、广东、广西、重庆、四川、贵州、陕西、甘肃等15个省（自治区、直辖市）将开展“高等教育自学考试义务教育专业”课程与在职中小学教师非学历培训课程学分互认试点工作。这位负责人表示，试点工作开展前已进行一年多的充分论证和准备，各级教育部门以方便农村教师学习，保障学习质量为第一原则，已在课程体系、课程内容、助学方式、考试服务等一系列环节上进行了改革创新。相信这项专业课程的设置将为优化农村义务教育阶段教师队伍结构，提高农村教师队伍质量和水平，提高农村教育质量，推进教育公平公正和义务教育均衡发展发挥重要作用。,7,5,0.9828770756721497
北京大学校长率团拜访台湾大学(组图)新华网台北7月14日电(记者陈键兴) 北京大学校长周其凤14日率团拜访台湾大学，两校人士就加强校际合作举行了闭门座谈。据台湾媒体引述消息人士称，周其凤在座谈中提出，北大和台大教授可共同指导硕、博士研究生，由两校共同颁发“双联学位”证书；台大副校长陈泰然对此表示乐观其成。由于台湾大学校长李嗣涔13日轻微脑中风住院，台大校方由副校长陈泰然出面接待周其凤一行。周其凤一行此次是应“中华两岸科技人文学术交流协会”的邀请来台，团员包括北大多个院系的负责人。台湾媒体报道说，两校的医学、数学、环境科学、经济、工学等院系所负责人参加了座谈，论及两校在癌症、感染性医学、全球气候变迁、环保、电机通讯等领域进一步加强学术合作。陈泰然还表示，台大与北大将会扩大两校互聘客座教授和交换学生的人数；未来两校各院系间可直接商谈合作项目，包括共同进行研究、发表文章等。据了解，周其凤一行在台期间要拜访的台湾高校还有文化大学、东华大学等。另悉，台湾海洋大学与高雄海洋科技大学合办的2009年两岸青年海洋教育文化交流活动15日将在台登场，两岸5所大学的92名师生将参与有关活动，包括就“两岸海洋青年互动机制的建构”等议题进行座谈。据了解，来台参加这项交流活动的56名大陆师生来自中国海洋大学、上海海洋大学和浙江海洋学院，将在台进行为期10天的参访行程。,7,5,0.8686707019805908
数学家吴文俊等十位归侨侨眷当选侨界十杰中新网北京七月十四日电 (记者 王海波 张冬冬) 年届九十的中国科学院数学与系统科学研究院研究员、中国科学院院士、世界著名数学家吴文俊在十四日开幕的“第八次全国归侨侨眷代表大会”上当选“侨界十杰”。同时被中华全国归国华侨联合会、国务院侨务办公室授予“侨界十杰”荣誉称号的还有：神华集团有限公司总经理张玉卓，广东韶关钢铁集团有限公司主任工程师、高级技师罗东元，北京华腾东光科技发展有限公司高级工程师罗益锋，中国科学院海洋研究所研究员郑守仪，吉林大学汽车学院教授郭孔辉，国家体育总局体操中心副主任、国家级教练黄玉斌，海南省农垦总局副局长、南田农场场长彭隆荣，福建省光学技术研究所高级工程师赖爱光，中国航空工业集团公司北京航空材料研究院高级顾问颜鸣皋。此外，二十人被授予“全国侨界十杰”提名奖，九百六十人获全国归侨侨眷先进个人荣誉称号。胡锦涛、吴邦国、温家宝、贾庆林、李长春、习近平、李克强、贺国强、周永康等领导人为“侨界十杰”颁发荣誉证书。(完),7,9,0.6620771884918213
美国两位华裔部长今起首次同时访华原定9月到访的美国商务部长骆家辉和能源部长朱棣文将行程提前了两个月。14日，他们将共同抵达北京，开始为期三天的访华之旅。分析人士认为，两人的联袂造访，既是为美国总统奥巴马下半年的访华计划铺路，也将凸显美国在新能源与气候等问题上的战略思路。据介绍，两位华裔部长同时访问中国，这在中美关系史上尚属首次。双方有望就全球气候变暖、节能减排等问题进行讨论，而美方的工作重点可能放在与中国的清洁能源技术合作方面。合力推广清洁能源技术与财政部长盖特纳不同，此次造访的两位美国政府部长级高官的工作重点将从“卖国债”转向“卖技术”，特别是美国开发并处于领先地位的清洁能源技术。骆家辉6日在访华声明中表示，随着中国遭遇气候变化的挑战，美国的绿色科技企业有望在满足中方治理污染需要的同时，抓住机遇创造就业机会，“这对中美两国来说可谓双赢。”有关方面称，他将主要对中国利用美国可再生能源技术减少温室气体排放等进行宣传。朱棣文此前也表示，清洁能源将驱动未来美国和全球经济发展，创造数百万就业机会，而一起合作能够比单独行动完成更多工作。“推广可再生能源，鼓励提高能效，削减污染，都是双方可以协作的方式，这符合美中两国的利益。”中国能源首席信息官韩晓平表示，智能电网可能会成为此次中美能源高层对话的一个重要议题。智能电网是中美双方都已明确的一个发展方向。据了解，此前国家电网总经理刘振亚造访美国时，提出了在智能电网标准制定上的合作。由于智能电网将是新能源发展的基础，这也将成为中美在新能源领域合作的一个非常迫切的重要内容。此外，天然气勘探开发可能也是双方共同关注的话题。韩晓平认为，新能源的发展需要一个过程，而中国目前最现实的减排方法就是提高天然气在能源中的利用比重，而美国此前一直反对向中国输出天然气方面的有关技术。厦门大学中国能源经济研究中心主任林伯强在接受中国证券报记者采访时表示，所谓“推销技术”的说法是说得通的，毕竟清洁能源应用领域最大的市场在中国。根据“十一五规划”要求，到2010年中国的能源使用效率将在2005年基础上提高20%，而据统计，中国能效每提高一个百分点，将减少3.3亿吨标准煤的能源消耗，这意味着其中蕴藏着巨大的新能源市场。不过林伯强认为，美国应把重点放在向中国提供更多的技术与资金援助方面，而不是单纯的“卖技术”。他指出，发展中国家面临增长过程中的环境和收入等诸多问题，因而在能源消耗方面会有所选择，“发达国家应该反过来为发展中国家这方面的实际需求考虑。”有望签署合作备忘录美国能源部发布的公告称，“寻求中美两国在发展清洁能源方面的共同利益”将成为此次访问的主题。据媒体披露，中美有望在两部长访华期间签署两份合作备忘录，分别与建筑节能合作和清洁能源开发合作有关。“中美双方在节能减排等方面的实质性的政策上，容易形成共识。”林伯强认为，探讨能源领域的合作必然是两位部长访华的主要议题，达成合作意向也比较容易。另据报道，朱棣文和骆家辉14日将与中国政府官员举行会谈，重点讨论中美如何携手减少温室气体排放，并呼吁中美两国在全球变暖问题上展开合作。分析人士认为，作为全球最大的两个温室气体排放国，中美双方就控制气候变化达成进一步共识，将成为今年底哥本哈根全球气候变化大会达成协议的关键。“今天我们与中国的依存关系，将比过去30年的任何时候都更强烈。”骆家辉称，两国的关系至关重要，“虽然在经济、贸易和全球反恐前线的合作已经取得巨大进展，我们还有更多事情要做。”碳关税问题显分歧朱棣文不是第一次来中国，但此前的身份一直是诺贝尔物理学奖得主。作为“科班”出身的能源部长，朱棣文在推动新能源领域发展方面的努力得到了中国方面的认可，但他在征收碳关税问题上的表态却与中国存在较大分歧。所谓碳关税，是指对高耗能的产品进口征收特别的二氧化碳排放关税。朱棣文在就职不久后公开表示，如果其他国家没有实施温室气体强制减排措施，那么美国将征收碳关税，这有助于避免使美国制造业处于不公平的竞争状态。征收“碳关税”的做法将中国推入不利境地。分析人士认为，作为美国最大的贸易伙伴，中国显然将是美国重点“关照”的对象，而碳关税是“以环保的名义，堂而皇之地直接把中国等发展中国家的财富纳入到发达国家的国库中。”中国商务部新闻发言人姚坚4日表示，中方一贯主张与国际社会共同应对气候变化，但部分发达国家提出对进口产品征收碳关税的做法，违反了WTO的基本规则，是“以环境保护为名，行贸易保护之实”，而这“只会扰乱国际贸易秩序，引发贸易战。”“中国对朱棣文提出的征收碳关税的做法很不满意。”林伯强认为，“这个问题应该会提到，并牵涉到中国的对外贸易合作。”他同时表示，在强制性减排方面，中国企业会根据自己的需要做出选择，双方会谈对此影响不会太大。相关阅读：美国华裔商务部长骆家辉宣誓就职(组图)美国能源部长建议全球屋顶漆成白色以节能朱棣文旧金山演讲谈能源挑战 对中美合作表乐观,7,5,0.6590447425842285
住建部：严格执行个人房贷政策稳定房价据新华社电 住房城乡建设部有关负责人15日表示，目前房地产市场稳步回升，今后将着力稳定市场信心和预期，稳定房地产投资，促进房地产市场稳定健康发展。企业资金压力进一步减缓住建部认为，房地产市场总体上保持了3月份以来的回升态势，市场消费信心逐步增强，商品住房成交量稳步回升，投资增幅下滑的趋势有所缓解，企业资金压力进一步减缓，住房价格稳中回升。住建部有关负责人表示，将采取三方面具体措施，促进房地产市场稳定健康发展。增土地供应引导加快投资一是加强监督管理，确保完成今年保障性安居工程工作任务。二是继续稳定房地产投资，加大对中低价位、中小套型普通商品住房建设和新项目的信贷支持力度。三是继续加强房地产市场监测分析，重点加强对北京、上海、深圳、广州、杭州等房地产市场新情况和新问题的分析和指导，督促其加强供需双向调节，增加土地供应、引导开发企业加快投资建设，严格执行个人购房贷款政策，合理调节住房需求，着力稳定房价。上半年房市数据住房成交量全国新建商品住房销售3.15亿平方米，同比增33.4%。北京同比增幅高达142.2%。开发投资全国房地产开发投资14505亿元，同比增9.9%；增幅比一季度提高5.8个百分点。住房价格6月，70个大中城市新建商品房价同比下降0.6%，降幅比上月减少0.7个百分点；月环比上涨0.8%，涨幅比上月提高0.1个百分点。相关新闻上半年房产税收增20.7%本报讯 (记者鲍颖)记者昨日从财政部获悉，在今年上半年全国税收整体下降的情况下，1至6月，房产税收入仍然同比增长20.7%，完成425.62亿元。财政部分析称，房产税收入快速增长的原因，一是城镇房屋保有量持续增加，二是全国房屋租赁的平均价格有所上涨。此外，土地相关税收持续较快增长。1至6月，城镇土地使用税、土地增值税和耕地占用税三个税种实现收入1144.84亿元，分别同比增长17.6%、9.8%和135%。以上三个税种收入增加表明，纳税人占用的土地面积、销售房屋增值收益、占用的耕地面积均有所增加。,7,4,0.9837002158164978
民政部为月球地名征中文译名本报讯 (记者陈荞) 昨天，民政部发布消息称，民政部地名研究所正在对国际天文联合会(IAU)发布的月球地名进行中文译写标准化处理，以消除月球中文地名使用中的混乱，促进我国探月及相关科学事业的发展。民政部介绍，在IAU公布的月球地名录中包括18种月球地理实体类型(featuretype)，即月球通名。在相关出版物和学术期刊上关于月球通名的译法不一，特别是关于“Crater”这一通名的译法更是多种多样。这种状态的存在，必然会影响月球地名的正确使用。根据我国地名管理有关规定及联合国地名标准化大会关于“各国应该用本国的语言和文字系统”处理星球地名的决议，民政部地名研究所决定对IAU发布的月球地名进行中文译写标准化处理，现面向社会广泛征求意见。有关方面单位及专家对月球地名通名的译写形式提出的建议可反馈至电子信箱fanchenfang@sina.com。■附件待确定标准译名的月球地名1.Albedo Feature;2.Catena， catenae;3.Crater，craters;4.Dorsum，dorsa;5.Fossa，fossae;6.Lacus;7.Landingsitename;8.Mare，maria;9.Mons，montes;10.Oceanus;11.Palus， paludes;12.planitia， planitiae;13.Promontorium，promontoria;14.Rima，rimae;15.Rupes， rupēs;16.Satellite Feature;17.Sinus，sinūs;18.Vallis，valles,7,9,0.94889235496521
美能源部长朱棣文清华演讲 杨振宁夫妇旁听本报讯（记者柳志卿）美国能源部长朱棣文昨天上午在清华大学发表主题为《应对能源与气候变化的挑战：两个国家的故事》的演讲。80分钟，朱棣文几乎一气呵成。他的讲座和科学家的特质相像，严谨、用数据和事实说话。父母均是清华人诺贝尔物理学奖获得者、美国能源部部长、华裔，朱棣文的三重身份吸引了大批清华学子，诺奖得主杨振宁和夫人也到场旁听捧场，能容纳三百人的报告厅座无虚席，过道都站满了慕名前来的同学。11点，朱棣文准时现身，尽管天气炎热，他仍然正装穿扮，白色衬衫、深色西装、深色领带。朱棣文和清华渊源颇深，他的父母均毕业于清华大学。演讲一开始，朱棣文提起了这段往事，“我的父母早年是在清华毕业的，今天我能在这里演讲，感到骄傲和自豪。”简练地说完后，他便进入了演讲的正题。建议中美加强合作能源危机、气候变暖、海平面上升、建筑节能设计、能源作物的种植，这位科学家部长的演讲带着浓浓的科学气息。演讲中，朱棣文的表情并不多，所展示的幻灯片大都是数据图表，科学家用数据和事实说话的特性展露无遗。他的演讲还提到了不少节能减排的新技术和新观点，例如他提到把屋顶都漆成白色，可以有效地反射太阳辐射热量，降低温室效应。他建议中美在节能减排上加强技术合作，共同应对气候变化。最后，朱棣文引用了美国民权运动领袖马丁·路德·金的一句名言强调应对气候变化的紧迫性：“我们现在面对着这样的事实——明天就是今天。当今形势异常紧迫，人类的历史长河中反复上演着这样一个悲剧，这就是太迟了。”中文不好全程英文虽然祖籍江苏太仓，父母毕业清华，但是朱棣文的中文并不好，他在学术场合和官方场合都用英文演讲。昨天也不例外，80分钟演讲，全程英文。最后，因为时间缘故，答问时间取消，让不少准备提问的同学十分失望。清华大学建筑系大三学生小毛说，朱的演讲感觉有点更像科学讲座，引用大量的数据和图表，论据观点都十分严谨，逻辑清晰，而趣味性相对差一些。朱棣文与另一位华裔美国商务部长骆家辉前天下午5点同机抵达北京，开始他们为期三天的访华之旅。两位华裔部长联袂访华，在中美关系史上尚属首次。,7,9,0.9562134146690369
专家称统计数据表明我国全年GDP增长保8有望中国经济网综合报道，国家统计局7月16日公布，我国上半年国内生产总值(GDP)同比增长7.1%，二季度增长7.9%，扭转了此前连续7个季度的回落态势，用数字证明我国经济刺激一揽子计划取得了明显成效，经济形势企稳回升，为实现全年经济增长“保8”目标奠定了坚实基础。与此同时，经济恢复过程中出现的新问题受到高度关注，下半年政策走向也成为各方瞩目的焦点。数据见证我国经济总体企稳回升二季度我国GDP同比增长7.9%，增速比一季度加快1.8个百分点，这是我国经济自2007年三季度以来同比增速连续7个季度回落后的首次加速。二季度经济增速的明显加快，使得上半年中国经济同比增速达到7.1%。以工业为例，1-2月规模以上工业生产增长3.8%，6月份已增长10.7%，并且60%以上的工业行业生产增长加快，近60%的工业产品生产加快。同时，上半年全社会固定资产投资同比增长33.5%，比一季度加快4.7个百分点，社会消费品零售总额增长15%，扣除价格因素，实际增长16.6%，同比加快3.7个百分点。其中，内需增长中商品房和汽车销售最为突出，分别增长31.7%和17.7%。此外，上半年城镇居民人均可支配收入8856元，同比增长9.8%，扣除价格因素，实际增长11.2%。农村居民人均现金收入2733元，同比增长8.1%，扣除价格因素，实际增长8.1%。除了上述宏观经济数据，结束5个月负增长终在6月份“转正”的社会用电量、不断攀升的制造业经理人采购指数，以及持续升温的房市、股市和车市，都印证着中国经济正在回暖的事实。“现在可以说，中国经济从去年下半年开始的持续下行压力得到遏制，经济处于企稳回升状态，中央应对金融危机的一揽子计划成效明显。”国家统计局总经济师姚景源16日表示。 正在中国访问的美国商务部长骆家辉也表示：“(中国的GDP数据)非常令人鼓舞，希望这种现象能够在世界各国出现。” 为全年实现“保8”目标奠定坚实基础从一季度的6.1%到上半年的7.1%，GDP增长幅度和势头使各方面对我国完成全年8%的增长目标更有信心。“从目前的情况看，如果能够有力稳定住企稳回升的态势，可以实现全年‘保8’目标。”姚景源表示。社科院金融研究所金融发展室主任易宪容也认为，当前的经济形势比预期的要好得多，“说明经济回暖的趋势已经十分明显，今年“保8”已经没有悬念。”清华大学世界经济研究中心主任李稻葵表示，只要今年贸易顺差全年不跌过13%，“保8”就没问题。这意味着下半年顺差不跌过25%这个目标就可实现。目前来看，下半年顺差根本不可能跌过25%。亚洲开发银行高级经济学家庄健也表示，随着四万亿投资计划的进一步释放以及强大的信贷支持，即使没有新的“弹药”出台，下半年的GDP有望达到9%左右，全年“保8”应无忧。同时，我国四大证券报17日也都发表了对上半年经济数据的解读文章，均认为我国经济回升力度加大，下半年经济将继续增长，全年实现“保8”目标大有希望。此外，摩根士丹利最新发布的研究报告甚至调升了对中国GDP的增长预期。报告指出，政策导向型经济使得中国经济区别于其他国家。因此将2009年GDP增长预期调升至9%，2010年预期调升至10%。 回升过程中仍存在不确定不稳定因素 在经济运行取得显著成效的同时，我国面临的困难和挑战仍很多。“国民经济回升基础尚不稳固，回升态势还不稳定，回升格局还不平衡，回升过程中还存在不确定、不稳定的因素。”国家统计局新闻发言人李晓超介绍说。特别需要注意的是，在应对国际金融危机过程中出现了一些新问题。其中最引人注目的是对“通胀”与“通缩”的双重担忧。数据显示，上半年金融机构各项贷款比年初增加近7.4万亿元，同比多增近5万亿元，为去年全年新增贷款的150%，引发了一些人对通货膨胀的担心。与此同时，上半年我国居民消费价格同比下降1.1%，其中6月份CPI同比下降1.7%，降幅较5月份还扩大0.3个百分点。这是该数据2009年以来的最大降幅，也是2003年中国经济从亚洲金融危机中重新复苏后，首次出现CPI连续五个月负增长，，这也引发了人们对于通缩的担忧。“通胀不是我们需要的，通缩也不是我们所希望的，因为它们都会伤害经济健康发展，我们所希望的是保持在合理水平上的价格。”李晓超说，他认为，通货膨胀和通货紧缩的衡量标准是价格的持续全面上升或者下降，用价格来解说更为准确，目前我国物价仍处于下降区间，但也有许多价格上涨因素值得关注。姚景源表示，今年中国物价保持低位平稳运行，不会出现通胀。同时，目前中国仍处在产能过剩状态，经济生活当中最大的难题是需求不足，所以在产能过剩、需求不足的状况下，通货膨胀很难发生。 下半年要保持宏观政策的连续性稳定性 二季度的经济数据进一步印证了经济回暖迹象增多，不少业内人士开始关注下半年宏观调控政策取向。对此，专家认为，目前一些宏观调控政策已出现动态微调态势，但至少在年内，“保增长、扩内需、调结构”的基调不会轻易改变。全国人大财经委委员们在15、16日召开的第22次全体会议上提出，要保持宏观政策的连续性和稳定性，坚定不移地实施积极的财政政策和适度宽松的货币政策，全面贯彻落实应对国际金融危机的一揽子计划，并根据国内外经济形势变化适时适度进行微调，及时发现和解决苗头性问题，切实增强宏观调控的前瞻性、针对性、有效性和可持续性。保增长、调结构和扩内需是一个整体，在下半年经济工作中要进一步把调整结构、扩大居民消费和促进就业放在更加优先的位置。李晓超在16日的新闻发布会上表示，下阶段要坚持积极的财政政策和适度宽松的货币政策，全面落实应对国际金融危机的一揽子计划，不断提高政策的针对性、有效性和可持续性。国务院发展研究中心学术委员会副秘书长张立群也表示，应维持“双政策”基调不变，“但也应针对新问题想新办法。”李稻葵则表示，宏观调控政策会保持大格局不变，结构性微调，“对于楼市和股市，可能会有合理化政策出台”。中共中央党校研究室副主任周天勇表示，未来政策取向的关键可以用“防止滞胀”来概括。目前我国经济企稳向好，更多依赖于基础设施建设，将来要加大对中小企业发展的刺激。 银河证券研究所所长、董事总经理滕泰则指出，当前并不是谈论宏观基调转向的时候。我国经济出现的好转迹象主要是投资拉动的，对消费和出口增长并不能盲目乐观。下半年，我国GDP增速有望升至8%-9%之间，但增长基础并不牢固。当务之急是如何推动经济结构调整、技术创新和制度创新，而不是所谓“转向”问题。,7,4,0.8401389122009277
教育部称今年部属高校属地招生比例下降本报讯 (记者郭少峰) 教育部昨天表示，今年教育部直属高校属地计划安排比例较去年平均降低两个百分点，计划共减少5200余名学生，这些招生名额的80%将投向中西部省区。教育部昨天发布公报说，今年在保持各地招生计划总量相对稳定的同时，教育部加强政策引导和计划调控，将招生计划更多地向中西部地区倾斜。据教育部统计，今年中部11省市招生计划总量比去年增长6.5%，西部12省区比去年增长7.3%，均高于全国平均5%的增幅。教育部有关负责人介绍说，去年中央部门高校属地招生比例为30%，这意味着依招生计划，今年属地招生比例为28%。但有一个概念需要明确，招生计划并不等于最终的录取数额，今年清华、北大在制订招生计划时都曾确定了在京投放计划分别为270人和286人，今年两校最终均将在京扩招50多人。其中北大在京扩招超过20%，清华在京扩招接近20%。最终两校在京招生人数占本科招生人数的10%左右。有统计显示，2004年北大在京的招生名额占总数27%，复旦在沪招生占总数40%，武汉大学在湖北招生占总数50%，浙江大学在浙江招生占总数70%。有人不断呼吁要警惕部属高校招生属地化。,7,5,0.6924071311950684
财政部将取消家电下乡最高限价政策□信息时报记者  刘莉家电下乡将再次扩大补贴范围。财政部经济建设司副司长曾晓安日前在“2009中国家电下乡高峰论坛”上透露，财政部正在着手完善家电下乡政策，现在实行的下乡产品最高限价政策将被取消，取而代之的将是最高补贴标准。这意味着农村消费者往后在购买高端家电产品时，也可享有国家优惠。设定最高补贴更科学现行家电下乡政策规定，农村消费者在购买下乡产品时，可享受国家成交价13%的财政补贴，但这些产品必须是中标的下乡产品型号，而生产厂家在投标时被限定了最高价位：彩电3500元，冰箱(含冰柜)2500元，手机1000元，洗衣机2000元，壁挂式空调2500元，落地式空调4000元，储水式电热水器1500元，燃气热水器2500元，太阳能热水器4000元，电脑3500元，微波炉1000元，电磁炉600元。家电业资深观察人士刘步尘昨天在接受信息时报记者采访时说，国家在取消了最高限价后，一定会出台与之相应的最高补贴的政策，毕竟国家的财力有限。近期出台的‘以旧换新’和‘节能惠民工程’中获补贴的产品，都是设定了补贴的最高上限，这种补贴模式更科学”。不少家电厂家昨天在接受信息时报报记者采访时表示，尚未接到家电下乡有关部门“取消限价”的通知，如果限价的真的被取消了，不仅农民受惠，对家电厂商而言，也是绝对利好，因为“此举将推动厂商高端产品的销售，提升厂商销售结构升级”。补贴限价或参照“以旧换新”国家将怎样设定补贴限价？现在还不得而知，但也并非完全无迹可寻。某家电品牌广州负责人告诉记者，以彩电为列，彩电产品销售的最高限价是3500元，13%的补贴就是455元，即来财政部出台的补贴限价很可能在这个价位上下浮动。事实上，用这种方法计算出的最高补贴，与以旧换新中规定的产品最高补贴相当——在“以旧换新”中，消费者用旧家电换购新彩电，可获得新彩电价格的10%补贴，但补贴同时不能超过500元。“财政部正在着手完善家电下乡政策，改最高限价为最高补贴限价有利于家电下乡产品范围最大限度的扩大，同时，财政部有可能在简化农民的申领环节后，简化家电下乡投中标环节”，刘步尘说，取消最高限价后，家电下乡也许或取消下乡产品的投标和中标环节，事实上，七部委已经公布的“以旧换新”实施办法就已表明，厂商的“以旧换新”产品不需要经过国家的投标、招标环节。今年1~6月，下乡家电产品已销售1280万台，销售金额达到208亿元。商务部副部长蒋耀平在接受记者采访时表示，随着家电下乡产品范围的扩大和限价的提高，以及将来的取消限价、简化补贴领取手续等政策的完善，预计家电下乡4年内，将实现销售产品6亿台、销售额达到1.6万亿元的规模。相关报道35部门联手整治家电下乡违规行为本周一，由商务部、发改委、工信部、公安部等35个单位组成的部际联席会议第一会议指出，将整治借“家电下乡”名义制售假劣产品等违规行为。据商务部官方网站发布的消息，此次整治任务包括：依法查处非中标企业假借“家电下乡”名义销售产品，查处违规印刷、销售、使用“家电下乡”专用包装材料和标识的行为，打击通过通信网络和互联网假借“家电下乡”进行欺诈的非法活动，规范中标企业的生产和销售行为，严格“家电下乡”产品销售发票管理等等。与此同时，北京市商务委率先发布的《北京市家电下乡销售网点管理规范(试行)》规定，家电下乡销售网点出现擅自更换产品型号、误导欺骗农民、售价高于中标价格、骗取补贴等5种不良行为，将被立即取消资格。,7,3,0.48456376791000366
外交部提醒在澳中国留学生提高安全防范意识中新网7月20日电近日，又有1名中国留学生在澳大利亚悉尼家中遇害。中国驻悉尼总领馆立即向当地警方提出交涉，要求迅速破案，惩办凶手，采取切实措施确保在澳中国公民安全；并通过国内相关地方政府及时将情况通报我当事人家属。外交部领事司和中国驻悉尼总领馆再次提醒在澳中国留学生和其他人员提高安全防范意识，增强自我保护能力。一、外出时宜结伴同行，赴外地、海中钓鱼、游泳、夜间行走时尤其要注意结伴同行；不去名声不好的酒吧、俱乐部、网吧等娱乐场所；不搭陌生人便车，不饮用陌生人提供的食物、饮料；尽量避免深夜独行，远离偏僻街巷及黑暗地下通道；夜晚停车应选择灯光明亮且车辆往来多的地方。二、居家时，不在室内存放大额现金，并为居室安装相应的防盗、报警设施；独自在家保持门窗关闭上锁；不熟悉的朋友不轻易带回家，不为陌生人开门；返家开门前注意是否有人跟踪或藏匿在住处附近死角，有可疑情况切忌进屋，应立即通知警方；日常多了解居家防火、防雷、防触电常识，避免发生意外事故。,7,5,0.9363062381744385
最高法：严格审查退房案件本报讯 (记者李静睿)最高人民法院昨日发布《关于当前形势下进一步做好房地产纠纷案件审判工作的指导意见》，妥善审理房地产连锁纠纷案件成为《意见》的指导重点。根据《意见》，法院在审理因房地产企业资金困难引发的连锁纠纷案件中，力争通过案件审判盘活现有的存量资金，实现当事人双赢、多赢的结果。调解不成的，根据当事人的偿付能力和对方的资金需求，确定还款期限、还款方式，最大限度避免连锁案件引发群体事件。对于房地产开发商确因资金暂时困难未按时交付房屋的，要多做双方当事人的调解工作，确无调解可能的案件，可以根据案件的具体情况，依法合理调整违约金数额，公平解决违约责任问题；对于买受人请求解除商品房合同纠纷案件，要严格依法审查，对不符合解除条件的不能解除。要引导当事人理性面对市场经营风险，共同维护诚信的市场交易秩序。■ 背景房产纠纷案同比增一成最高院民一庭表示，房地产纠纷案成为国际金融危机影响下增幅最快的案件类型之一。今年1－6月份，全国法院受理房地产民事案件67294件，同比上升10.58%。出现退地潮、停建潮、断供潮、退房潮。民一庭分析称，房地产案件在数量大幅增加的同时，疑难复杂类型案件显著增多。此外，由于此前商品房价格严重下跌，买受人请求解除商品房买卖合同纠纷案件大幅上升。本报记者 李静睿相关阅读：,7,4,0.9942208528518677
国资委回应央企频频中标高价地块现象中新网7月21日电 近期央企在全国各地的土地市场上频频中标地王，国资委主任李荣融今日在接受采访时回应称，希望这些央企更加清醒、更加稳健、更加扎实地做好自己的工作。有媒体援引机构报告称，今年上半年，各月成交总价排行前十的地块中有60%的高价地块由国资背景企业获得。特别是在土地市场较为冷清的一季度，国资背景企业几乎包办了所有高价土地。以6月份为例，拿下广渠路15号地块的中化方兴、拿下重庆鸿恩寺地块的保利地产、拿下朝阳区奥运村乡用地的中泽置业，都是央企背景。央企6月营业收入和利润双双实现环比增20%以上中国央企营业收入下滑趋势得到遏制,7,4,0.9600013494491577
第二届中英互联网圆桌会议在京举行中广网北京7月22日消息（记者申玉彪）据中国之声《央广新闻》10时42分报道，第二届中英互联网圆桌会议今天在北京举行，我们连线正在现场采访的中央台记者申玉彪：主持人：会议上讨论了哪些议题？主要内容包括什么？记者：圆桌会议由国务院新闻办公室、英国商业企业分别代表双方的政府主办，现在会议还在进行，刚刚国务院新闻办的蔡明照副主任表示互联网在我国的作用越来越大，他举了几个数据我觉得值得关注，首先互联网的覆盖人群在扩大，我国拥有3亿8000万的用户另外新增网民70%是在农村，这表明城乡上网的群体差别在缩小，另外网民由青年为主向各个年龄段的人群扩散还有手机用户中有2亿7000万用手机上网。这表明我国的互联网已经渗透到社会生活的方方面面，电子商务，远程教育、远程医疗、电子邮件成为人们生活的一个常态了，另外蔡明照也特别提到网络安全的问题，他提到网络安全的问题，包括三个方面值得关注，首先是淫秽色情的信息毒害了青少年，另外是网络攻击和计算机病毒，还有一类是网络犯罪，比如说网上欺诈和盗窃这些行为的出现，因此要提高网民的网络安全意识，加强网络安全法制建设，推动互联网行业自律。据了解，上午的发言中，阿里巴巴总裁马云可能是最受瞩目的一个了，他全场用英语演讲，特别提多电子商务的发展和未来，他认为在21世纪，互联网应该成为一个支柱产业，应该实实在在对未来而言造成很多的便利，不应该仅仅把互联网当成一个赚钱的工具，应该看到一个美好的生活方式。,7,9,0.49404746294021606
人保部：下半年将推进职称制度改革中广网北京7月24日消息 (中国之声记者陈朴) 人力资源社会保障部新闻发言人尹成基表示，今年下半年加快推进职称制度改革。推进中小学教师职称制度改革试点和工程技术人员职称制度改革工作，做好职业资格清理规范各项工作。加强吸引留学人才回国服务工作。配合中组部实施“千人计划”，做好海外高层次人才引进工作。实施“创业支持计划”，支持留学人员回国创业。积极推进博士后工作发展。开展博士后科研流动站评审工作，新设立一批博士后科研流动站，继续实施博士后科学基金面上资助和博士后科学特别资助。人保部将修订企业经济性裁减人员规定    人保部：新型农村养老保险年内覆盖10%县市,7,5,0.7767220735549927
"住建部上海楼房倒塌具有极端个别性2009年7月23日(星期四)15时，住房城乡建设部工程质量安全监管司司长陈重和副司长吴慧娟接受中国政府网专访，就“切实做好检查工作 确保在建住宅工程质量”与网友在线交流。[网友 云天]上海""莲花河畔景苑""住宅楼房倒塌事故不禁让人担心老百姓将住进怎样质量的房屋，我想知道全国住宅工程质量到底怎样？ [陈重]质量就是我们的产品或者工作的优劣程度。比如建筑质量、工程质量、教学质量。优劣是相对来讲的，我想从几个方面来讲，因为大家关心我们的工程质量到底是个什么状况。首先，法规标准这么多年来不断健全。2000年我们建设工程质量管理条例、建设工程勘察设计管理条例出台。包括标准，从本世纪初形成了比较健全的标准体系，工程建设标准数以千计，国家标准、行业标准都有了。其次，大家可能也能亲身感受到，质量是产品、工作的优劣程度，优劣是相对的概念。比如说建筑材料的水平、施工技术的水平，我们可以用30年比较看看，比如说住宅，现代化的住宅小区，我们现在强调的是安全、经济、适用。总体发展趋势可以看到。同时还有一个量的概念，我有一个简单的数据，据有关资料统计，2008年全社会固定资产投资17.2万亿元，比上年增长了25.5%。全国城镇在施工地达到了35万个以上，在建的城镇房屋建筑面积47.4亿平方米。其中，有26.2亿平方米是住宅，因为房屋还有办公楼、商厦、体育建筑等。所以从量上来说，现在整个质量一直在不断提高，日趋规范，稳中有升。[主持人]还是上海这件事情出来之后，会有网友发出这样的感慨，但实际上这也是一个个案，它不能代表全国所有的住宅质量。[陈重]这个事情发生以后，我们很关注，首先关注的是抢险和采取措施。倒塌的是7号楼，4.6米深的基坑旁边还有6号楼及其他建好的楼房，它不是孤立的，所以首先是抢险。对于倒塌的判断，确实是建国以来还没有过这样的情况。应该说这是极端个别性。上海市政府公布，经过监测，6号楼稳定，在建的其余10栋楼安全状况稳定。也说明这个事是个很突然的事件。",7,4,0.9976196885108948
银监会重申二套房贷执行四成以上首付比例本报北京7月23日电 (记者欧阳洁) 银监会新闻发言人廖岷今天表示，银监会始终严格执行二套房贷的有关政策不动摇，坚决打击“假按揭、假首付、假房价”等行为。对二套房贷款业务中的各种违规问题，一经发现，将及时予以严肃处理。对购买首套普通自住房和人均住房面积低于当地水平，再申请贷款购买第二套用于改善居住条件的普通自住房的居民优惠政策不变，但绝不可延伸适用。对二套房贷款，银监会始终要求商业银行坚持执行40%及以上的首付比例，这一政策从未进行调整。,7,4,0.533021092414856
190名台湾考生参加厦门大学对台单招考试新华网厦门7月25日电 (记者余瑛瑞) 25日至26日，190名顺利拿到厦门大学对台单招准考证的台湾考生，开始参加厦门大学单独组织的入学考试。在此之前，他们经过了报名信息确认和现场资格审查。厦门大学今年对台单招计划为134名，专业由去年的3个增加至21个，涵盖了人文社科、经管法和理工医等学科，这些专业厦大的优势学科，深受台湾考生欢迎。报名时，每位考生可以填报4个专业志愿。对台单招是指考生不必参加港澳台侨联合考试，由厦门大学直接面向台湾考生，单独组织报名、入学考试和录取招收本科生。厦门大学是目前大陆唯一一所对台单招的教育部直属重点综合大学，目前在校台生约有340人。厦门大学招生办主任詹心丽说，统计数据显示，今年是厦门大学历年来对台单招考生报名人数最多的一次。随着两岸关系的缓和，各方面交流进一步加强，越来越多台胞看好并认可大陆的高等教育。据了解，台籍学生入学后，将与大陆学生统一管理，学费与大陆学生等同。,7,5,0.9637531042098999
大陆高校首次面试直接录取台湾高中生新华网上海7月25日电(记者肖春飞)记者25日从复旦大学了解到，来自台湾桃园县复旦高级中学的高三毕业生何安琪被复旦大学通过面试直接录取，她以第一志愿进入了复旦大学上海医学院临床医学专业八年制博士班。何安琪因此成为台湾高中应届毕业生中被内地高校以面试方式直接录取的第一人。复旦大学招生办主任郑方贤介绍说，台湾桃园县复旦高级中学是复旦校友于上世纪五十年代创办，办学质量相当不错，近年一直与复旦大学保持交流合作。经过两所学校的沟通与教育部的批准，复旦大学作为试点，在今年与明年各保留两个免试申请入学的名额给台湾桃园县复旦高级中学，今年后者推荐了何安琪一人。何安琪与家长不久前来到复旦大学参加面试，复旦派出了该校医学专业和物理学专业的两位教授，对何安琪进行了一个多小时的面试，对其各方面表现都非常满意。郑方贤表示：“这个台湾女生有两个特点：本身学习成绩非常优秀，对学术研究的兴趣很浓厚，在高中期间还参加过机器人竞赛；其本人对来内地学习，也有充分的思想准备。”此前，台湾学生报考内地高校，必须参加内地普通高校联合招收华侨、港澳地区及台湾省学生统一文化考试。而何安琪考取复旦大学，依据的是她在台湾地区的高中学历测试分数和她在复旦大学的面试成绩。,7,5,0.9401201009750366
部分城市楼价暴涨引高层关注 中央部署调研自6月份部分城市出现地王和房价暴涨，引起中央政府高度关注。中央高层领导就此要求相关部门监控好数据，着手调查这些问题。但就国务院召开的两次会议情况来看，各方就房地产问题争论激烈。目前，中央政府仍在研究阶段，维持回暖的全局政策尚未改变。但相关材料已转发各省，引起各地方政府的重视。7月9日、21日，国务院两次就房地产问题召开座谈会，以了解情况。7月9日，高层领导对6月以来出现的地王和房价提出疑问，同时也关心房地产投资、开竣工面积等先行指标情况。21日，国务院再次召开房地产形势座谈会。据内部人士透露，在座谈会上，各方意见分歧很大，难以统一。其中观点大致分为三种。部分学界人士认为应当立即进行调控，控制房价上涨。企业界人士认为，应当继续维持宽松的信贷环境，防止房地产投资再度下滑。房地产协会组织则持谨慎意见，认为，目前的问题是局部问题应当引起重视，但不应做全局性调整。由于各方意见分歧明显，目前全局性政策调整尚未开始。但各方统计的数据均显示，部分城市供需关系出现变化，房价有可能进一步上升。目前，相关会议材料已转发各省。7月9日会议之后，北京等城市已经开始采取措施。两份半官方机构的报告均将基本方向定调为“维持回暖态势，防止涨价蔓延”。(记者 姜洪桥)(来源：经济观察报)相关阅读：研究机构称上半年全国楼市恢复到两年前水平上海楼市成交量连续四个月快速上涨,7,4,0.9962487816810608
四川米易遭特大暴雨袭击16人死亡13人失踪中广网成都7月27日消息（记者刘涛 攀枝花台记者刘广军）记者今天 （27日)从四川攀枝花获悉，攀枝花市米易县攀莲镇、撒莲镇遭遇特大暴雨袭击，截止到27日11点，因灾死亡16人，失踪13人，受伤人数正在统计中。攀枝花市委市政府领导已经赶赴现场组织抢险救灾。另据了解，26日20时至27日9时，12个小时内米易县降雨达到177mm，小雨一直持续到今日上午11时。    国家防总紧急派工作组赴攀枝花市灾区,7,9,0.6206136345863342
住建部批评部分城市园林绿化建设急功近利新华网北京7月28日电(记者杜宇) 住房城乡建设部28日通报国家园林城市复查情况，严肃批评部分城市在园林绿化建设中急功近利，追求“一日成林”的做法，表示将采取措施保障市民出门300至500米就能见绿地。据住房城乡建设部城市建设司司长陆克华介绍，此次复查的范围是2006年底之前获得命名的97个国家园林城市。陆克华说，有些城市将园林绿化当作“政绩”和“形象”工程，违背植物的生长规律，盲目从荒山郊野或深山老林移植大树、古树进城，有的地方一平方米种上几十棵树，追求“一日成林”，甚至假树假花假草上街头。这些现象造成了原生态的破坏和人、财、物的严重浪费，违背了科学发展要求。除了“一日成林”的问题，住房城乡建设部通过复查发现当前城市园林绿化建设中还存在两大问题，一是对原有绿化成果保护不力，砍树毁绿现象时有发生。据陆克华介绍，复查期间有的城市三天内接到上百个举报电话，其中80%以上是反映破坏绿地、侵占绿地、砍伐树木等。桂林市则有212名退休干部职工联名投诉城市公园绿地被侵占；成都市城乡规划督察员来函反映成华区拟将追猛湾体育场公共绿地改变性质用于房地产开发；杭州市民反映因道路改造频频砍伐几十年树龄的行道树现象，走在路上遭受暴晒，叫苦不迭。另一问题是，规划设计水平低，养护管理不专业。陆克华说，有些城市忽略了城市绿化的园林特色，将园林绿化简单地等同于植树造林，对园林绿化缺乏专业化管理和指导服务，在公园里按造林模式打方格种树、截头式修剪行道树、河道治理时如水利工程般建硬质驳岸。有些城市则重建设、轻管护，对花草树木及亭台楼阁等缺乏精细化、专业化管理，已建成绿地达不到预期的景观效果和生态效益。针对复查发现的问题，陆克华表示，住房和城乡建设部将采取有效措施，加大城市园林绿化的建设与保护管理。具体包括，加强法制建设，健全法制管理，严惩违法行为，切实保护现有园林绿化成果。加大老旧城区、中心城区、商业区等绿化建设，进一步加强道路绿化建设，真正实现“有路就有树、有路就有荫”的目标。加大宣传教育，增强全民建绿护绿意识。,7,4,0.9077630043029785
文化部叫停黑帮主题网络游戏“七月策划：国外六大黑帮类网页游戏人气推荐”。某个游戏网站7月21日挂出的这个黑色的标题，已经吸引了众多网友的浏览和跟帖。记者点击查阅发现，排在第五位的游戏《街头犯罪》的介绍相当“震撼”：“这是一款令人既兴奋而又特别容易上瘾的强盗类大型多人角色扮演的游戏。权力、金钱、赌场、暴力和贪婪在网民的游戏之旅中，起着重要作用。在赌场里赌博、为妓女拉皮条、贩毒，在游戏中都有体现。”在现实生活中，上述这些行为全都是犯罪行为。可是，在网络游戏这个虚拟世界中，这些行为却公然蔓延、横行。在所谓释放压力的背后，其实隐藏着很多危害。规范和治理这些网络“黑帮”游戏刻不容缓。“黑帮”游戏盛行危害不小风靡网络的一家社交网站，被指有“黑帮”游戏。由于记者不是这一网站的用户，无法登录核实，所以就致电该网站的一位用户查询。他介绍，网站中“教父”游戏的人物长相酷似马龙·白兰度，操作方式是扮大亨、杀手，与“土耳其老大”决斗等等。这种游戏火爆起来还是在近段时间。“不知道怎么就火了。大家口口相传，各大网站也相继推出类似游戏。跟‘种菜’、‘偷菜’之类的小儿科游戏比起来，‘黑帮’游戏显然惊险刺激多了，也更具真实感。”这位用户说。前段时间，某网站首页上为最新的游戏“江湖”进行高调推广。打开这个网页，关于“江湖”的游戏框就会蹦出来，告诉你这里可以“黑市买卖，家族火并，让男人做你的小弟，女人成为你的妞！”一位业内人士告诉记者，用黑帮游戏吸引用户的点子并非本土社交网站原创，国外早已有专门为社交网站打造的黑帮主题休闲视频游戏。他认为：“黑帮游戏很容易造成玩家沉迷。容易使人沉迷是社交网站最受诟病的地方，黑帮游戏的出现必将加重这一弊病。”文化部市场司综合执法办公室的一位工作人员今天向记者介绍，他们通过仔细调查发现，目前盛行在网络中的“黑帮”主题游戏，主要是以“黑帮”、“黑社会”、“黑手党”、“江湖”、“教父”、“古惑仔”等为题材，突出表现“黑社会”打、杀、抢、奸、骗等反社会行为，渲染血腥暴力，鼓动、教唆游戏用户在游戏中扮演“黑社会”成员，赞美“黑社会”生活，严重威胁、扭曲社会的法制和道德规范。时评专栏作者乔志峰指出，所谓的黑帮游戏，属于名副其实的“暴力文化”，很容易诱发暴力犯罪。社交网站的玩家尽管多为成年人，但基本上都属于年轻人，黑帮游戏不仅对现实生活中那些有暴力倾向的“危险者”起到了一定的引导和催化作用，甚至还会在潜移默化中把好人带坏———在网络上，道德约束是极其微弱的，暴力游戏会不断麻木玩家的神经，令他们对血腥暴力习以为常。长此以往，网络暴力就有转化成现实暴力的危险。他认为，以前暴力文化的传播渠道主要是书刊和影视节目，近年来随着网络的发展，网络和网络游戏渐成贩卖暴力文化的主渠道，腐蚀、毒害着广大青少年的心灵，令人深感痛心和忧虑。一位家长告诉记者，她上初中的孩子目前玩的网络游戏里都是抢车、抢地盘、偷东西、买卖人口等内容，打打杀杀的，个别画面和情节很低俗。孩子说这是最近流行的黑帮游戏，可以让玩家体验江湖拼杀，感受黑帮大哥的威风。作为家长她很担心，这种宣扬黑社会的暴力主题游戏，可能会对未成年人造成错误的引导。她认为，十几岁的孩子还没有成熟的判断能力，在公开的网络平台上肆意渲染所谓的“黑社会”，让孩子在当“黑社会成员”的过程中体验快乐，甚至将这当作一种英雄主义，对他们是潜在的精神危害，更可能会是一种犯罪的引导。记者注意到，一些中学生向小学生收取“保护费”的报道时常见诸报端。据调查，其中原因之一就是“从网络游戏学来的”。文化部已经下令立即查处记者今天从文化部市场司相关负责人处获悉，文化部办公厅关于立即查处“黑帮”主题非法网络游戏的通知今天已正式下发。该负责人说，这类游戏违反了《互联网文化管理暂行规定》关于禁止载有“宣扬淫秽、赌博、暴力或教唆犯罪的”、“危害社会公德或者民族优秀文化传统的”内容等有关规定，极易对青少年造成不良影响，必须依法禁止和查处。他介绍，通知要求，互联网文化单位要迅速进行自查自纠。同时文化部要求各级文化部门和文化执法机构，要深入贯彻整治互联网低俗之风专项行动和文化市场集中整治行动的工作部署，切实加强互联网文化活动的监管，对继续运营、宣传以“黑帮”为主题的非法网络游戏的单位，依法从重处罚。应完善法律实现游戏分级政府部门的查处固然是对“黑帮”游戏盛行的一种有效遏制，但是从长远来看，法律规范更为有效。目前，我国只有《互联网文化管理暂行规定》中对网络游戏有所涉及。人民网网友姜伯静指出，目前为止，我国尚未出现一部成型的针对网络游戏方面的法律，这固然有网络世界变幻莫测不易规范的因素，但更能看出我国法律应对网络游戏世界手段的滞后。“虽然我们对网游虚拟财产、网络分级、网游成瘾这些较复杂的问题还缺乏必要的认识，但类似于‘教唆犯’的‘黑帮游戏’的危害已经非常明显了。”他说，限于条件，可能目前单独立法比较困难，但可以完善出版管理条例第二十七条的内容，让这条主要针对未成年人的法规发挥最大的作用。“该条文对出版物的界定指的是纸质出版物，但是如果把‘以未成年人为对象的出版物’这条改为‘以未成年人为对象或者对象中包括未成年人的纸质出版物、电子出版物、网络游戏’的话，那它就能最大限度地发挥对网络游戏的作用了。”一位专家建议，应该实现网络游戏分级制度。他对记者说，网络作为一种新生媒介吸引了青少年群体，而且这种吸引还在逐年递增，并从城市蔓延到乡村。因此，不仅要继续呼吁实行电影分级制，更应该对网络游戏也采取分级管理的办法。如果某些游戏有可能对未成年人产生危害，那就用客观的游戏分级标准来操作，带有宣扬暴力、色情色彩的游戏对未成年人的影响自然会相应降低。（本报记者 席锋宇）,7,8,0.9991307854652405
城管局长联席会议称流动商贩合法化系误读按照国务院要求的“谁许可审批、谁管理、谁负责”的原则，个体工商户的主管部门应当是工商部门，工商部门不能只管收费发照，把问题都推给社会，尤其是不能让城管部门来背黑锅。——全国城管执法局长联席会议执行会长兼秘书长罗亚蒙本报讯 (记者李静睿) 针对引起热议的《个体工商户条例(征求意见稿)》，全国城管执法局长联席会议执行会长兼秘书长罗亚蒙昨日明确表示，把《条例》相关规定理解为“流动商贩合法化”是一种误读。7月21日，国务院法制办发布《个体工商户条例(征求意见稿)》。其中规定，“无固定经营场所的摊贩，申请登记为个体工商户的，登记事项不包括经营场所”。此条文立即引发各界关注。有媒体解读为“这意味着，多年来存在于大街小巷的流动商贩很可能获得官方认可，得到合法的经营执照”。昨日，和《条例》密切相关的城管部门做出集体回应。全国城管执法局长联席会议执行会长兼秘书长罗亚蒙召开新闻发布会。罗亚蒙明确指出，城管执法局长们并不赞成使用条例“流动商贩合法化”的表述。他就此进行了说明：“1987年《城乡个体工商户暂行条例》颁布后，国家工商局根据国务院授权制定的《实施细则》就已经明文规定，个体工商户的经营场所，包括“本辖区流动经营的范围”。因此，本次征求意见稿的本质意义，并非开禁流动商贩，而是“为了强化流动商贩的工商行政许可，并进一步缩小和限定流动商贩的流动范围”，“以增加工商部门的规费收入和国家税收”。联席会议的100多位城管执法局长就《条例》递交了五条修改意见。对“流动商贩合法化”问题，城管部门认为应当增加条款，即“无固定经营场所个体工商户如果流动经营的区域较为固定，经营时间较长，也可以进行工商登记。”罗亚蒙说，“全社会都应当清醒地认识到，无固定经营场所个体工商户全部进行工商登记是做不到的，但是都宣布非法也是不现实的”。因此出于对弱势群体的保护，不应当进行强制许可，而应当是提倡、鼓励，让无固定经营场所个体工商户自愿选择登记还是不登记。相关新闻城管：不能背个体户问题的黑锅城管称“个体户主管部门应是工商”，希望国务院厘清城管职责本报讯 记者(李静睿)在五条修改意见中，城管部门还要求《条例》明确“个体工商户的主管部门是工商行政管理机关”。针对“流动商贩”问题，城管部门希望国务院厘清城管职责，明确“个体工商户的主管部门是工商行政管理机关”。罗亚蒙说：“按照国务院要求的‘谁许可审批、谁管理、谁负责’的原则，个体工商户的主管部门应当是工商部门”，“工商部门不能只管收费发照，把问题都推给社会，尤其是不能让城管部门来背黑锅”。对于此前频发的流动商贩与城管之间的暴力冲突，罗亚蒙认为，这一方面是因为城管人员管理方法简单粗暴，另外一方面是因为商贩一时冲动，“与流动商贩本身是否合法毫无关系”。罗亚蒙称，目前各地已有一些试点可以解决这一问题，如广东省中山市城管执法局硬性规定，任何时候执法队员都不得与商贩发生肢体冲突，遇到妨碍公务或人身伤害的事情，请公安机关介入，“我们正在全国推广这个经验”。相关媒体报道：京华时报 城管局长联席会议：流动商贩登记不应强制信息时报 广州官员称流动摊贩申请成为合法个体户有难度我国拟制定法规让流动摊贩合法经营,7,4,0.9009376764297485
北京公租房暂不对非京籍人士开放本报讯 下周一起，取得廉租房、经适房、两限房资格的家庭无须再次申请，经过登记即可进入公共租赁住房(以下简称公租房)轮候范围。昨天，《北京市公共租赁住房管理办法(试行)》正式发布，自8月1日起实施，首先解决已取得政策性住房资格但暂时无力购房者的住房困难和过渡住房需求。非京籍住房困难者暂不能享受这一优惠政策。    公租房租金低于市场价公租房是指政府提供政策支持，限定户型面积、供应对象和租金水平，面向本市中低收入住房困难家庭等群体出租的住房。公租房将按照保本微利的原则并结合承租家庭负担能力和同类地段类似房屋市场租金一定比例下浮确定租金。公租房的维修、养护、管理由产权单位负责，产权单位也可以委托专业服务企业管理。“政府支持、市场运作、公平公开、严格管理是公租房的基本原则。”市住房和城乡建设委员会委员徐志军表示。今年购建50万平方米公租房由市区县政府所属机构或政府批准的机构通过新建、收购等方式多渠道筹集。按照本市住房建设计划，今年将收购建设50万平方米的公租房，主要位于大型公交枢纽等交通便利区域，以一、二居小户型为主。公租房建设用地实行有偿使用，其中对于政府所属机构或政府批准的机构建设的，用地可采取租赁方式，按年缴纳土地租金。“第一批公租房中不仅有新建的还有配建的，以及政府回购的公租房，市民不用等待太久就可以住进公租房。”徐志军说。受益群体获得政策房资格可登记轮候公租房主要针对本市中低收入住房困难家庭，包括已通过廉租房、经适房和两限房资格审核尚在轮候的家庭及其他住房困难家庭。据悉，截至6月底，本市廉租房受理居民申请2.6万户，经适房5.6万户，两限房5.2万户；通过审核备案的，廉租房2万户，经适房4.6万户，两限房4.2万户。已通过资格审核正在轮候的家庭，可直接到户籍所在地街道办事处或乡镇政府申请轮候公租房。公租房实行公开配租制度。符合廉租房、经适房、两限房申请条件及家庭中有60岁(含)以上老人、患大病人员、残疾人员、复转军人、优抚对象或重点工程拆迁的优先配租。符合配租条件的家庭只能承租一套公租房，不能同时享受廉租房、经适房或两限房等政策性住房。市住保办政策计划处处长崔少飞解释，取得了“三房”审核资格，实际上就具备了公共租赁房的租赁资格。非京籍夹心层暂不享公租房此前有消息称公租房将首次面向部分住房困难的非京籍人士，但此次公布的政策并未将这部分人纳入其中，供应对象仍限定为京籍。“其实公租房并没有新的准入标准，而是与政策性住房共用一个标准，这部分人需求强烈，审核基础完善，政策在试行阶段主要是解决这些人的住房困难。随后，根据试行情况完善细则和办法，逐步将其他住房困难人群纳入进来。”崔少飞表示。随着廉租房、经适房、两限房政策的实施，本市大多数中低收入家庭住房困难得到了解决，但仍有部分中低收入家庭既不符合廉租房条件，又无力购买经适房或两限房，政策的第一步就是解决这些人的住房困难。退出机制租满5年条件复核后可续租公租房租赁期限最长5年，合同期满承租家庭应当退房。需续租的，应在合同期满前3个月内提出申请，由产权单位会同相关单位复核，符合条件的续签租赁合同。承租家庭不符合承租条件但暂时不能腾退房屋的，租赁合同期满后给予两个月过渡期，过渡期内按市场价收取租金。过渡期届满后承租家庭仍不退房的，按房屋产权单位规定的标准收取租金，具体在租赁合同中约定。“这就是用经济的手段实现退出机制，过渡期内及之后仍不退出的按照市场价收取租金，也就没有了公共租赁的意义，以此保障真正住房困难者可以获得房源。”住建委委员徐志军说。租赁公租房仍可轮候政策房公租房实行动态管理，将承租住房转借、转租的，擅自改变承租住房居住用途的，连续6个月以上未在承租住房内居住的，连续3个月以上未按期交租金的以及其他违反合同行为，产权单位可与承租家庭解约收房。承租家庭如获得其他形式政策性住房的也需退出公租房。徐志军解释，承租公租房仍可轮候经适房或两限房，一旦获得房源就要退出公租房。骗租5年内不得申请政策房申请者不如实申报，骗租公租房，由产权单位解除租赁合同，承租家庭应退房并补交租金。过渡期满后拒不退房的行为要记入个人诚信档案，5年内不能申请政策性住房。产权单位在租赁合同存续期间不按规定的租金标准收缴租金或擅自向不符合条件的家庭出租公租房的，要限期整改，退回、补足租金或收回住房。  各方反应市场不会严重冲击租房市场链家地产有关负责人表示，此次出台的公租房政策对二手房和租房市场的冲击不会太明显。“首先是量还不是很大，50万平方米的供应即使按照50平方米一套来算也不过1万套，但每年租房市场的需求量在100万套左右，因此实际的冲击比较小。”该负责人表示，公租房的供应群体也有特殊性，从这两个角度看直接的冲击都不会太大。该负责人表示，目前的租房群体中外地人占大多数，这次政策没有纳入非京籍人口可能也与此有关。“我想直接的冲击不大，要是有影响也是对市场心理预期会有一定的冲击。”该负责人表示，公租房政策刚刚出台，地产公司还处在研究阶段，具体市场销售方向有没有调整或对策还要进一步分析。市民住公租房省钱心里踏实租住在朝阳区南磨房的李先生已获得两限房申购资格。“我大学毕业后落户北京，一直没房，现在每月花1000多元租房，等待两限房快一年了。现在房源有限，什么时候能住上急不来。要是能住公租房，我一定申请。”李先生说，买房要用钱，租房能省就省。“我在北京租了8年的房子，搬家已经不计其数了。刚租个便宜房子，住一年人家就不续约了，中介说房子一直涨价，租别人还能涨钱，房东不愿续约。公共租赁住房住着踏实，价格也会公道些。”李先生说。对于此次公布的公租房政策，租住在西三旗地区的王先生很失望，他已经在京工作6年了。“原来以为我们外地人也能住公租房，没想到还是不行。”开发商对公租房产权谨慎对待一家不愿透露名称的开发商表示，是否持有公租房的产权要非常谨慎，“房产开发毕竟是商业行为，一定是要赢利的，运营公租房要看税收优惠有多少，地价怎么样，谁负责承租，多少钱租，如果没有人租怎么办，成本是多少。我想开发商是会非常谨慎的。”链接·其他政策房两限房：针对本市中等收入住房困难的城镇居民家庭、征地拆迁过程中涉及的农民家庭及市政府规定的其他家庭。申请人须具有本市户口；城八区申请家庭人均住房面积不超15平方米，家庭年收入不超11.6万元，家庭总资产不超76万元。经适房：政府限定住房面积以及销售价格等，面向低收入住房困难家庭出售。申请人须取得本市城镇户籍时间满3年，申请家庭人均住房面积不超10平方米，家庭年收入不超过6万元，家庭资产不超48万元。廉租房：政府以租金补贴或实物配租的方式，向符合城镇居民最低生活保障标准且住房困难的家庭提供住房。申请人必须具有本市城镇户籍；申请家庭人均住房面积不超7.5平方米，家庭资产不超过40万元。对话申请公租房也需要公示记者：为什么租赁期限为5年？崔少飞：公租房是个过渡性的住房选择，部分家庭需要一定的时间积累资金后购买政策性住房，举个例子，一个家庭一年可以积累2万元的存款，那5年后就可以积累到10万元，基本具备购买政策性住房的条件。记者：如何杜绝一些别有用心的人打公租房的主意，如何管得住公租房转租？崔少飞：公租房坚持市场化管理，产权单位要承担管理监督责任，主要还是通过租赁合同来实现监管，这就成为一种民事行为，通过合同形式确定责权利。记者：公租房的产权到底由谁持有？开发商有没有资格持有？崔少飞：原则上要坚持政府主导，它可以是政府回购，可以是政府所属机构持有，或政府批准机构持有，房屋建筑单位如果有意经营公租房也可以向政府提出申请，经过审核批准后也可以成为公租房产权的持有者。记者：公租房的户型有没有具体规定，有没有上限？崔少飞：目前考虑是90平方米以下，但具体会根据需求灵活掌握。比如租住廉租房的家庭可能就会需求小面积的公租房，但等待轮候两限房的家庭可能就会需要稍微大一点的住房，因此没有严格规定一居或两居的面积。记者：公租房要不要公示？崔少飞：应该进行公示，方式也应该和政策性住房相同。记者：市政府提出解决住房困难要采取租售并举的手段，今后如何体现？崔少飞：此前，已陆续推出两限房、经适房和廉租房，但在整个住房保障体系中租房的比例还比较小，今后要逐步加大租赁住房的比例，使住房困难群众都能有房住。部分公租房项目北苑南区项目建筑面积：3万平方米目前市场租金行情：一居、两居在1800元到2500元。西二旗地块建筑面积：5万平方米目前市场租金行情：一居、两居在1900元到3000元。本版采写本报记者郭爱娣> 相关阅读：北京50万平米公共租赁房年内建成广东今年试水公共租赁住房 舆论忧心权力寻租,7,4,0.9988176226615906
发改委称将抓紧改进房价监管本报综合报道 近来，楼市持续升温，房价不断走高，楼价走向成为民众关注的话题。对此，国家发展改革委副主任彭森昨日在中国价格论坛上表示，当前，要抓紧改进房地产价格和收费监管。彭森认为，中国价格运行总体态势好于预期，未来价格走势有望进一步好转。但同时也要看到，当前经济国际国内不稳定不确定的因素仍然较多。流动性供应充裕，价格总水平上涨压力逐渐显现。彭森表示，要推进民生价格监管方式改革，继续加大清费治乱减负工作力度，完善粮食、生猪等主要农产品价格形成机制和调控体系。进一步加强和改进垄断行业价格监管，促进形成合理的收入分配机制。抓紧推进医疗价格改革，改进房地产价格和收费监管。,7,4,0.9973384737968445
电子阅读先锋 掌讯书苑自适应多平台在电子阅读越来越能改变人们生活方式的年代，被誉为手机图书馆的掌讯书苑继S60和WM版之后推出Iphone版，新版本的掌讯书苑全面对接并适用于Iphone平台。现今拥有Iphone手机的用户都可以免费下载软件并进行图书阅读，体验掌讯书苑的全新阅读功能。早在国内Iphone手机尚未普及的市场环境下掌讯书苑已强势推出新版，作为快乐米集团旗下的子产品，充分体现了掌讯通对国内少数Iphone手机时尚高端用户的重视，同时也为新一轮的平台占位竞争奠定了坚实的基础。原S60版掌讯书苑是一款集合电子书阅读功能以及网络电子书架的手机电子书阅读软件，支持多种电子书格式，可浏览时下主流的手机图书格式如txt，heb，mrd等。同时阅读器支持书签，多背景选择，百分比跳转，旋转屏幕等超实用功能。除了阅读功能之外，掌讯书苑还增加了网络书架功能，用户可以在电子书城中寻找喜欢的电子书进行下载阅读，上万种热销图书应有尽有，共分为10个大类，38种小类，其中奇幻、都市和经济管理类图书尤其受用户青睐。相对于传统的S60和WM版掌讯书苑， Iphone版掌讯书苑的两大特色优势成为用户体验的重中之重。首先，用户操作方面，Iphone手机在电子阅读采用的滑动式下拉阅读，这对初期操作用户并不能达到“随心所欲”的效果，只能通过较长时间的适合才可以掌握，而掌讯书苑采用的触摸式翻页操作，用户只需要在手机的左上、右下、中间三个点上进行触摸即可实行上翻页、下翻页、选中此页的操作，大大提升了操作质量。另外掌讯书苑在用户体验中增加图文并存在漫画阅读方式，这与传统的只能阅读文字形成鲜明对比，随之带来的“漫画书”式的阅读体验将带给读者”图文并茂”的全新阅读享受。“将互联网的众多用户体验采取创新的方式融入到无线互联网中，这是掌讯通及掌讯书苑一直坚持的，这样才可以让用户通手机在移动中共同分享生活，与掌讯通分享移动生活的品牌理念相得益彰。此次掌讯书苑Iphone版的推出将进一步满足Iphone用户的手机阅读浏览需求，为我们在新一轮的市场占位中取得先发优势”快乐米CEO冒光灿说现今，国内手机市场并没有所谓行货的Iphone手机，但是随着联通版iphone的引入，其在国内市场全面普及已经蓄势待发，这给Iphone平台手机客户端软件提供商提供了一个巨大的舞台，基于Iphone平台的手机软件的新一轮Iphone版本扩张即将开启。以掌讯书苑为代表的众多国内手机软件提供商已经为中国的iphone软件开发运营商开辟了一条新的思路。目前掌讯书苑Iphone版客户端已被众多手机论坛转载，用户关注度较高，在appstore中中国区的排名中一直在TOP5居高不下。而掌讯书苑独有的网络书架资源也是迄今为止，电子图书总类和数量在同类手机客户端软件中最为强大的网络阅读平台。,8,9,0.5159925818443298
《蛙蛙型男索女》之5800大揭迷立冬一过，天气就渐渐冷下来了，寒冷的季节让人思绪荡漾，这样的天气也不会影响到我们蛙蛙的情绪噢，告诉大家一个好消息，经过蛙蛙工作人员不懈的努力，终于大家期盼已久的N97系列(360*640屏宽系列，譬如：Nokia 5800)版本已经横空出世咯，O(∩_∩)O~hohoho…！！！下面小编向大家展视一下缩小版的5800系列图：哇…。好大的版面呀，玩游戏还是横屏看的噢！！虽然5800系列的展视版已经是缩小过的，可是仍然能体现出它的特性噢--清新靓丽。现在的蛙蛙乐园游戏界面无比精细，更加细腻，更加灵动，蛙蛙一直用心在做好每一个细节，更重要的是有友友们在身边一直的陪伴和支持。有蛙园在的地方充满着快乐，有蛙友在的地方满溢着温度。冬天，又是一个美妙快乐的季节哦！《蛙蛙乐园之型男索女》精品多合一，涵盖最风行斗地主、麻将、扎金花等游戏和玩法！蛙蛙乐园，基本功能永久免费！升级送礼！免费下载地址：wawagame.cn客服电话：0755-82871499,8,9,0.9469161629676819
袁咏琳携手《江湖行》众美眉梦想起航作为中国流行天王的周董，每次的出入总是能吸引大批的眼球。而袁咏琳MM就是在做了周董的师妹后与周董拍了MTV而一举成名。别看她笑容灿烂，一副邻家女孩的形象，除了可爱之外，飒爽的性格也是她的致命武器呢，让人不经联想到了侠气。袁咏琳不算是那种极致的漂亮，却是很有特色的漂亮，在她身上人们可以感受到邻家却不失大方、传统却又略带都市的感觉。袁咏琳的起步也并不是很平坦，别看她现在和周董走得近，曾经的她被周董否定过两次作品呢。但执着和努力的她还是继续回去修改直到周董满意，而当她和周董同台演演出的时候，在一曲结束后，周董微笑的夸她琴拉得好。在《江湖行》的玩家中就有不少袁咏琳的FANS了呢，她们喜欢这个既有侠气又有韵味的女人。想想和《江湖行》海报中的女人还有几分神似呢，假如她扮起女侠客的话。作为一款网页游戏，《江湖行》以其少有的执着让业内外的人士刮目相看，费时三年，耗资千万，在外界对于网页游戏炒得非常狂热的时候，两窗紧闭一心造车。同袁咏MM一样，辛苦是有回报的，就好比周董夸赞的眼角，玩家们给予了极高的评价和赞许。而《江湖行》的形象也如袁咏琳MM一样，给人以一种可亲却又不失高贵，热情却又不乏宁静的感觉。在《江湖行》中也有着许多如袁咏琳这样的MM，她们可爱，善良，活泼，讨人喜欢。她们有自己的快乐，有自己的梦想，有自己关心和关心自己的人，她们因为偶然的缘分而齐聚在《江湖行》。在祝福袁咏琳将来事业更上一层楼的同时，我们也同样希望《江湖行》的MM也可以如同袁咏琳一样，长出梦想的翅膀！《江湖行》官方网站：http://jhx.game2.cn/哥们网游平台——好游戏，找哥们！http://www.game2.cn/,8,2,0.9962056875228882
央视《蜗居》评论与《女儿国OL》真理最近《蜗居》很火，弄了点东西大家看看，有看过这电视的进来看看，看过后一笑了之。男人若真爱一个女人，别净玩儿虚的，你爱这个女人，第一个要给的，既不是你的心，也不是你的身体，一是拍上一摞票子，让女人不必担心未来；二是奉上一幢房子，至少在拥有不了男人的时候，心失落了，身体还有着落。【玩女儿国，找到了合适的人，不能只带她练级，而是直接送一套18洞装备，就算你不在线了，她自己也能玩的很畅快。】如果时光可以倒流，我会带着你们过另一种生活，不要太多的钱，每天去菜场斤斤计较，为发论文、评职称而与人争得面红耳赤，也为女儿考不上好学校而心焦。也许，这样，才是一种幸福的生活，而我以前并没有意识到。--主人公宋思明语录【女儿国练到了百来级，才发现最好的生活就是在游戏里整天聊天，笑看新人小号忙碌练级。管他谁要PK，老子一概拒绝。】关系这个东西啊，你就得常动。越动呢就越牵扯不清，越牵扯不清你就烂在锅里。要总是能分得清你我他，生分了。每一次，你都得花时间去摆平，要的就是经常欠。欠多了也就不愁了，他替你办一件是办，办十件还是办啊。等办到最后，他一见到你头就疼，那你就赢了，要风得风，要雨得雨。 by宋思明【女儿国啊，就要常PK，揍一个是揍，揍十个也是揍，揍的人多了，也就成了老大了。】通往精神的路很多，物质是其中的一种。【游戏练牛逼的方法很多，花钱是任何游戏都最快的一种】。早知道今天还是要放下身段 不如当初就乖乖摆好哈巴狗的姿态 by海藻【早知道砍不过你，不如当初就乖乖的入你的帮派好了。】一个人可以背金钱的债，却不能背感情的债。背金钱的债你有还清的希望，而背了感情的的债也许到死都会愧疚。【在女儿国PK杀人，不是真的杀人。但谈了感情，那就是真实的感情。】什么是幸福？幸福就是筷头上的肉丝。【什么是幸福？最大的幸福就是有空玩手游，不用担心薪水、健康、家庭等。什么是悲剧？悲剧就是不管玩什么手游，做什么事，都觉得没劲了。】,8,2,0.977954626083374
英狙击手靠iPhone软件击杀塔利班据国外媒体今日报道，英国驻阿富汗士兵目前正使用一款售价19英镑(约合30美元)的iPhone应用BulletFlight击杀塔利班武装分子。这款应用可以帮助狙击手对风速、子弹重力、乃至地球旋转等各种细微因素对子弹轨道造成的偏差进行精密测算，从而准确地击中千米之外的塔利班敌人；BulletFlight甚至还可以预测出子弹可能对敌人造成的伤害程度。英军狙击手目前纷纷将这款应用下载到他们的iPhone中，并广泛运用于实战。驻阿富汗盟军部队还使用了微软Xbox 360游戏机操控军用机器人车辆。盟军还使用PS3游戏机的芯片研发廉价超级电脑，以开发新的军用雷达。BAE公司、劳斯莱斯、空中客车以及威廉姆斯F1车队等公司的英国专家正在联合开发一个项目，使用电脑游戏测试新军用设备。BAE公司正在使用PS2的3D图形技术研发新一代军用引擎设计。该公司工程师斯图尔特·迈克多加尔(Stuart McDougall)说：“军方一直热衷于研发新技术满足他们的特点需求。但现代消费者产品正变得越来越强大，价格也日益有竞争力，使用范围逐渐广泛。”任何人都可以下载BulletFlight这款军用软件，基本版的软件价格只有2.49英镑，完全版的软件价格只有18.78英镑。目前驻阿富汗和伊拉克美军使用了诸多iPod Touch 和iPhone应用，包括地图、生存手册以及战术导航等军用应用。,8,9,0.7347829341888428
增强现实玩具 iPhone控制航模玩空战来自法国巴黎的Parrot公司今天在CES2010展示了一款名为AR.Drone的航模玩具，这款玩具可以由iPhone或iPod touch进行无线控制，并提供第一人称视角的实时画面，给控制者带来一种新的增强现实空战游戏体验，目前AR.Drone已经获得了2010国际消费电子展电子游戏硬件创新奖。AR.Drone本身采用了无人驾驶直升机式的设计，拥有四个独立驱动的螺旋桨，在驾驶舱前部安装有一个摄像头，可以将第一人称视角的实时画面拍摄并通过WiFi传送给控制器。在驾驶舱下部配备有摄像头、重力感应装置、陀螺仪、机械控制芯片等部件，利用智能飞行技术可以纠正风力和其他环境误差，平衡AR.Drone的飞行速度和角度。在室内飞行时，用户可以给AR.Drone加装防护罩放置撞坏螺旋桨。Parrot公司针对iPhone和iPod touch开发有一款演示游戏，用户可以使用该游戏应用控制AR.Drone作出上升、下降、前进、盘旋等飞行动作，并提供有虚拟对战功能，用户可以获得非常逼真的第一人称空战体验，这将是增强现实技术运用在手机游戏的一个创新。另外Parrot公司还提供有SDK开发工具包和开发者社区，游戏开发商可以针对AR.Drone开发各种游戏。这款飞行玩具将在今年正式上市，目前还没有相关价格信息。,8,9,0.5608446002006531
《棒棒堂》同城结伴看阿凡达活动3D时代来临！梦想中的阿凡达！《棒棒堂》同城结伴看阿凡达！对电影业具有划时代意义的电影《阿凡达》，正以疯狂势态席卷全球，目前票房已超过12亿美元，已成为史上第二卖座的影片！一票难求，据朋友形容人山人海，脚不沾地，愣被挤着进去的，额滴神$_$我们一起来八八这部热门影片吧。活动时间：2010年1月10日14：00-2010年1月15日12：00活动要点：1.贴子标题请以[A]+所在城市+自定义标题。[]符号也是要写出来的，否则无法被系统统计到哦，字母不区分大小写；如：[A]成都-我也会讲纳美语啦！2.在《棒棒堂》男女朋友版本发贴，标题中必须注明所在城市，围绕抢钱大片《阿凡达》写一篇贴子，文体不限，言之有物，不少于120字即可；活动奖励：优秀作品可获得加分奖励，1个帐号限获1次加分。如发表多篇参赛贴，以得票最高的贴子为最终参赛贴参与计票。纳美绿卡(1名)：奖极品道具小棒仔15天+全国通用移动充值卡50元人气红卡(1名)：奖极品道具卡蒂亚冠15天+金币红包两万文字优美卡(10)：奖金币红包一万评选方式：只有符合参赛条件的贴子才能获奖；活动期间每获得不同帐号的1个回复为1分；纳美绿卡由官方从得分前10用户中选出2位获得；人气红卡由其余9位中得分最高1位获得；文字优美卡从所有参赛玩家中产生。活动结束后，我们会按地区整理所有参赛玩家的帐号，并公布，方便大家可以认识《棒棒堂》里同城的电影发烧友 ((。(^_^)。))[开发公司/运营公司]：炯炯网络[官网网站]：www.17joyjoy.com[wap网站]：wap. bbt.cn[客服电话]：400-6060-995,8,2,0.5680644512176514
3G团队梦工厂 开启大学生创业新模式袁亦荣，岑彬，钱旭，三个来自北方工业大学的学生，在2010年1月18日上午9点30分，获得了一份来自3G团队梦工厂的“3G毛坯车间项目策划书”，开始了他们的3G行业创业的征程。“关于3G毛坯车间的盈利模式，是十分简单明了的。”袁亦荣说，“类似世纪家园那样的交友网站，寻找好的工作也会是大家的一个需求，将3G的机会引入校园，帮助大家熟悉这个行业，并借助3G团队梦工厂的资源，为大家提供一种贴身的服务。我们认为是可以被广大的同学所接受的。”学习计算机专业的钱旭，同时又是学校职业发展协会的秘书长，对于这个计划有着自己独到的理解：“鉴于andriod的市场优势，我希望建设一个andriod实验室，还希望通过石景山数字产业园区和3G团队梦工厂的渠道获得学校的支持，以及3G行业的企业对学生的关注，搭建一个优秀的植入性平台，让学生有机会从零做起。”学习财务专业的岑彬有着和其专业相匹配的缜密思维，说话不多，但颇具条理：“在学校内的商业元素其实有很多了，我的同学们也经常作为客户或兼职员工参与其中，所以说我们并非没有任何经验，只是不系统，其实我们需要一个规范的空间让我们获得持续性的经验积累，3G毛坯车间就是提供了这样一个环境，可以让学生在3G行业持续获得经验，我想一年以后，参与其中的同学一定会具备3G行业的从业能力。”团队梦工厂CEO李天语说：“我们的服务宗旨是让我们的客户迅速抓住3G的机会，通过我们孵化器的资源和学生自身的资源优势相结合，共同开发出盈利模式清晰的产品。我想大家已经注意到了一些细节，首先他们愿意为3G和资源付费，其次这些大学生已经开始用商业化的思想思考问题了，他们已经开始注意盈利模式，开始关心谁是自己的客户，能够分析自己的优势和劣势。其实我们只是针对性的做了几个小时的培训。事实证明，大学生本身的素质是没有任何问题的，也不缺少对事物的判断能力。所缺的是一套行之有效的服务模式。把客户放到真实的环境中，让有经验的人士为客户打工，提供客户成长所必需的资源，和客户分享项目成果，客户将为这个过程付费。这样的创业模式让所有参与者都能各取所需，又都有责任，且目标一致。大家是在向同一个方向努力，成功的概率就要高出许多。”看得出来，团队梦工厂确实在利用一个类似孵化器的模式在和所谓的客户合作，这也许就是他们把自己称作人才孵化器的原因，他们给出了一个大学生创业或者就业的新模式，就是“资源植入模式”，让客户直接购买工作和工作经验，然后再帮客户雇佣一个CEO带领他们创业或者教给他们职业法则，使其具备盈利能力，最终顺利的过渡到自己的职业生涯中。如李天语所说，人生如一个游戏，团队梦工厂充当了一个“策划”的角色，工厂策划了一段人生的传奇之旅，等待玩家自己来开启。,8,4,0.5795362591743469
2009Z酷校园行 蓝魔艾利和展台人头攒动2009年10月21日，“决战音乐之旅 2009雷柏杯第七届Z酷全国高校歌王挑战赛”在北京中医药大学举行了北京赛区的首次海选。这次活动的总冠名商为雷柏，赞助商有蓝魔、艾利和、漫步者等品牌厂商。展台一经布置完毕，就吸引了中医药大学众多同学的注意。下面，我们来重点看一下蓝魔和艾利和的展台。,9,8,0.8954728841781616
iriver 蓝魔 双双火爆首钢工学院“决战音乐之旅 2009雷柏杯第七届Z酷全国高校歌王挑战赛”正在北京火热举行中。昨天，也就是2009年10月22日，比赛现场来到了首钢工学院。首钢工学院的同学们虽然午休时间较短，但他们还是热性参与了活动，场面非常火爆。作为本次活动的参展商，蓝魔和iriver的展台也收到同学们的欢迎，不断向工作人员咨询产品信息。现在，就让我们一起来感受一下现场气氛。,9,8,0.8165873885154724
金士顿安全U盘巡展 “信息安全”新话题【3c168 中关村在线 湖南】从前两年的“小胖”、“艳照门”、“猥琐男”成为众人议论的焦点后，大家逐渐开始关注信息安全的话题。为了让更多的消费者了解保护信息安全的重要性，避免类似的事情发生在您的身上，普及信息安全的防范知识，全球存储领袖金士顿将于2009年11月16日分别在北京、上海、广州三地举办安全U盘写字楼巡展活动，与消费者交流信息安全的防范措施。巡展传授保护信息安全之道届时，金士顿产品工程师将与消费者面对面，帮助消费者了解更多有关于防范信息安全泄漏的知识，介绍金士顿安全U盘保护信息安全的良策。并且在写字楼巡展的现场，金士顿还特别准备有奖问卷调查环节，消费者可参与调查，既能够了解到一些可让自己引以为戒信息泄漏的方式，还可获赠金士顿特别提供的精美小礼品。与此同时，现场还将会有金士顿安全U盘“买一赠一”的促销环节，消费者只需购买现场的任意一款安全U盘产品，即可获赠金士顿特别为此次活动准备的密码锁。在此之前，金士顿就在网上进行了“假如有一天，你的隐私被公诸于众”，安全话题有奖调查。网友表示：“做完问卷调查，她才发现原来自身有很多隐私都处于非安全状态，是时候加一把安全锁了”。作为全球存储领袖的金士顿，始终致力于为消费者带来既安全又实用的U盘产品，可以让消费者的数据处于绝对安全状态。简单的操作，加上精密的加密技术，相信让您可以高枕无忧了。此次三地巡展，也是为了与消费者近距离接触，让消费者亲身体验金士顿带来的关爱以及安全U盘的魅力。金士顿多款加密安全U盘保驾护航金士顿将携旗下的DTL、DTL+、DTV、DTVP、DTBB 5款安全U盘产品，现身北京、上海、广州三地的写字楼巡展。其中DTL 与DTL+闪存盘如出一辙，全都采用旋盖式设计，不仅避免了“帽子”丢失的尴尬，而且操作极其方便简单。内建最新256-bit硬件加密技术保护您最私密的数据，决不让您成为茶余饭后的焦点。金士顿DTV与DTVP两款闪存盘产品同样如此，搭配坚固耐用的铝制外壳，且为美国原装进口商品，采用256-AES硬件加密技术，可保证数据享有百分之百的加密保护。素有黑匣子闪存盘之称的DTBB产品，拥有4GB和8GB两种迎合不同人群使用的容量，采用镀钛不锈钢的防水外壳。最主要是获得FIPS(联邦数据处理标准) 140-2认证，同时内建256位AES硬件加密技术，用繁琐的加密技术保护数据安全。无论是线上话题调查、还是线下即将展开的三地巡展，目的是提醒公众注重个人隐私安全。如果您想掌握到更多的安全知识，如果您想与安全专家面对面交流，金士顿邀请您一起加入我们的巡展活动！   以下正是此次巡展的具体位置： 产品型号：金士顿8GB加密型安全闪存盘DTL[商家名称] 长沙华腾科技[联系方式] 0731-82813987[联系地址] 长沙市赛博电脑城1楼40号欲了解更多信息欢迎大家加入中关村在线长沙网友交流群：94289980(推荐)！ 长沙最快最全的信息平台！了解更多市场行情点击http://www.3c168.com/同时欢迎各位商家朋友提供行情素材，编辑QQ：19113271、电话：88860828。,9,8,0.66904616355896
汉王电子书比亚马逊、索尼更有优势11月10日下午两点，汉王科技股份有限公司 董事长 刘迎建作客中关村在线风雨对话。刘迎建先生就网友提出的各种技术问题和市场问题进行了解答。刘迎建：我从大学期间就立下了做手写汉字识别这个终身的目标，我做了20多年，现在这个愿望已经实现了，在手机中已经用手写了。 主持人：刘总的话我可以作证，我认识刘总有20多年了，我是1986年初，我看到的就已经20多年了，我想把他叫做中国计算机手写之父一点不过分。请各位网友踊跃的提问，我们的问题分为三部分，一部分是策划组准备的问题，相信刘总已经做好准备了。但是真正的嘉宾是各位网友，网友的提问我不知道，我和我的助理在查找，非常的随机。现场的主编问的问题都是就刘总回答问题的漏洞。 下面第一个问题是网友的问题，现在总的关注人数是13042人，谢谢你们的关注。现在有10个地区、50个问题了。 山西朔州市网友：汉王有书库的建设吗？ 刘迎建：汉王正在日月兼程在建立数字化的书库，现在有一两万本已经挂上线了。 主持人：现在有一两万本，有的可能是连载的不太好计算。 东北网友：在国外的电纸书市场有亚马逊、索尼，你们跟他们比有什么优势？为什么有这样的优势？ 刘迎建：我们和亚马逊比，我们的特点是： 第一，有手写识别。我们可以批注、查找、用来输入汉字。 第二，我们有预装书，在家里躺着能看，有USB接口，可以在网上下载，亚马逊都没有。,9,8,0.8097448348999023
色彩点亮创意 专访佳能副总裁吉冈达生地铁，作为高速、快捷、环保的交通工具，越来越得到都市人的青睐。每日，北京都有数以十万计的乘客穿梭于城市地下，人们在地铁站台、换乘站墙上每天都可以看到各式各样的地铁广告。今年上半年，在北京最繁华的地铁站西单、国贸两地，架设了长达92.38米的巨幅佳能IXUS广告令乘客频频驻足。佳能IXUS广告以绚丽、青春的街舞形式出现，通过佳能产品形象代言人莫文蔚秀出佳能“你好·色彩”的主题。佳能以往的DC产品常以经典的银、黑、灰色面世，带给人严谨、成熟的感受。从08年至今，佳能在经济危机的大环境下，首次以“色彩”作为主打，带给人们眼前一亮的感觉。显然，数码相机产品转型不仅仅是产品多元化的表现，也反映出佳能在全球经济危机下市场策略的转变，以积极应对经济危机带来的市场变化。从绚丽纷呈的时尚相机到近百米气势恢宏的地铁广告，佳能是如何盘算时尚卡片机市场的？“你好·色彩”又将走向何方？本站记者就佳能地铁广告与家用DC的未来发展，采访了佳能（中国）有限公司副总裁 吉冈达生 先生。2005年起，吉冈达生任佳能（中国）有限公司影像信息消费产品部高级总经理，2008年升任佳能（中国）有限公司副总裁同时兼任影像信息消费产品部高级总经理。在与吉冈先生的访谈，我们首先谈论的还是关于地铁广告的话题。相机地铁广告在北京并不多见，相比上半年佳能的“你好·色彩”广告，下半年的广告色彩发生了少许变化，莫文蔚以及模特的服装也在发生变化，那么这些改变又有怎样的寓意呢？吉冈先生透露，佳能的地铁广告不仅是在北京，是在北京、上海、广州三地同时发布的，上海有黄坡南路、人民广场，广州有烈士陵园、体育中心等站点，在这几个地方共同发布的广告。从广告创意内容上来讲，秋季版地铁广告更符合现在的季节，更有了一些季节感。通过这种季节感，能够再一次地刺激到人们的视觉。其实就像很多女性的衣服一样，有春天版也有秋天版。我们一直追求时尚感的IXUS产品，它也应该与季节，与女性的着装一样有着丰富的色彩搭配，赶上季节的潮流。很多关心相机产品的朋友可能都有感觉，佳能从去年、今年的表现相对来讲都比较高调，从签约明星到今年下半年的盛大烟火发布，以及到现在的地铁广告和电视广告，声势浩大的推广将佳能的品牌通过不同的渠道展现在我们面前。实际上，在全球经济危机的大环境下，佳能今年上半年前期的增长速度是有所减缓的。但从春季到现在，这个市场已经恢复到了原来的活跃状态，可以说这跟中国政府四万亿救市扩大内需的政策是分不开的，佳能认为现在的消费市场的状况还是非常好的。其它的几个市场，如美国、欧洲和日本，也受到了金融危机的影响，它们基本上出现了停滞的状况，相比而言中国市场的环境是非常好的，现在还处在增长的态势，所以整个佳能集团对中国市场的期待非常大。中国经济如果良性增长下去，它会成为牵动全球增长的一个引擎，各国对它的期待都是非常高的，数码相机行业也是同样。由于金融危机的影响，很多企业的业绩增长发生了衰退，所以全球都在进行费用缩减，而佳能中国的市场推广费用却保持了和去年同样的水平。广告推广的成功，带来了佳能IXUS系列产品的良好市场表现，在谈到日后佳能相机时尚性的话题时，吉冈先生透露，佳能一直追求卓越的先进技术，比如像触摸屏这样的功能今后还会不断地挖掘，把具备更好功能的产品推向市场。其实，在佳能秋季新品中除了触摸屏是一个非常抢眼的功能点以外，另外还有一个是广角的功能也非常突出。佳能一直都认为广角的功能在中国市场上十分受关注，中国很多东西都非常大、非常的广阔，比如说万里长城、天安门广场，也许是因此，中国消费者更喜欢广角镜头。这次秋季新品中有五款具有这方面的先进功能，另外春季新品还有一款具备这样的功能，佳能对这一批新品的市场表现给予了非常高的期待。在佳能今年的秋季新品中，G11和S90并没有在像素上做太多的调整，反而在其它功能上做一些调整，这不禁让我们对消费级相机在像素上的竞争是否告一段落了呢？吉冈先生谈到，追求像素，这确实是照相机厂家的追求，我们到现在为止也都是这么做的。但是我们发现这不是一个唯一的途径，比如说提高它的感光度，光是提高象素没有办法使画质更完美，提高感光度之后的效果会更好，所以这一次主要是强调这一点。G11比G10的像素数稍微有一些下降，但是它的感光度得以提高，在这样的匹配情况下，拍出的照片打印出来，特别是大幅照片打印出来之后可以看到解析度是非常好的，画质非常完美。在2009年，佳能单反相机的市场增长达到50％以上，小型数码照机的市场份额是25%左右，佳能希望这个数字可以涨到30％，为此佳能还将继续推进诸如“你好·色彩”这样的市场推广活动。佳能在保持一贯良好技术的前提下，迎合市场和消费者的需求，适时推出以时尚外观与鲜艳机身色彩为卖点的IXUS系列产品，一改之前刻板严谨的风格，快速渗入小型家用相机市场。佳能小型数码相机产品在09年所取得的成绩，让佳能也让我们看到了，尽管在经济危机下，仍旧可以通过切实的市场推广，取得骄人的市场表现。我们同样希望佳能可以继续推进家用相机以及单反相机产品，制作出更加优异更符合消费者需要的产品。,9,3,0.4510539770126343
爱国者变换风格 低调进军电子书市场作者：潘昊对于很多数码产品消费者来讲，爱国者已经不再是几年前默默无闻的小品牌。08、09两个年度，爱国者在品牌营销上的一系列重大举措收到了显著的效果，北京奥运、经典F1以及红魔曼联先后携手爱国者，让国人牢牢记住了这个以致力打造国际知名品牌为己任的本土数码品牌。在市场发布上，以数码相机、MP6、妙笔等等突出产品为代表，爱国者一贯以高调宣传为主，在大批量进入市场之前必先引起消费者的充分关注。但是日前，记者深入走访电子书市场得知，十一月份爱国者将进军电子书市场，不似以往的大张旗鼓，这次显得异常低调。随着电子书市场的持续升温，我们在市场上能够看到的电子书产品已经有十几种，华旗资讯爱国者的加入，势必加剧市场的竞争情况。究竟是什么样的产品让爱国者有信心加入到这场角逐，同时爱国者的电子书又有什么显著的特点呢？怀着疑问，记者联系了华旗资讯相关工作人员，但是所有人员惊人的一致，讳莫如深，纷纷告知不知情或者不方便透露，与以往的情况形成鲜明的对比。即使这样，我们还是能够感受到华旗资讯对于电子书产品的重视与谨慎。我们从相关渠道获悉，十一月上旬华旗资讯爱国者将先在网上商城以体验版的方式推出电子书产品，以得到市场的初步反馈。如果市场反映良好，接着会在十一月下旬正式推出电子书产品。与多数仅能以单一文本形式显示电子书设备相比，爱国者的这款产品能支持多种文本格式，包括TXT、PDF、DOC、HTM/HTML、CHM等，可以为用户提供丰富的内容服务。同时，该款产品采用e-ink的化学显示技术，即电子纸屏幕，提供类似纸张的阅读感受，不发光，不伤眼，功耗极低，待机时间可达15天以上，可以充分满足旅行及阅读的需要。华旗资讯爱国者的低调，为这次的新品发布蒙上了几许神秘色彩。究竟是什么样的产品，将为市场带来怎样的冲击，我们拭目以待。,9,8,0.6986337304115295
景顺长城等36家机构询价过程乱报价挨批受罚本报讯 中国证券业协会近日召开IPO询价对象自律工作会议，对在2008年首次公开发行股票询价工作中存在违规行为的中原证券股份有限公司、景顺长城基金管理有限公司等36家询价对象采取了相应自律处理措施。据悉，有关自律处理措施是根据2008年3月实行IPO网下发行电子化后询价对象的初步报价和实际申购情况作出的。中原证券曾因报价高于发行价格却未申购的行为于2007年7月受到监管部门的发函警告，但在2008年实施网下发行电子化后仍多次出现同类情况；景顺长城基金自实施网下发行电子化后共7次参与首次公开发行股票的初步询价工作，报价均高于发行价格却全部未申购；其余34家询价对象在2008年首次公开发行股票的询价工作中均出现报价高于发行价格却未申购的情况。证券业协会依据有关规定，决定对中原证券和景顺长城基金给予警告处分、责令其整改3个月、整改期间暂停询价资格；对其他34家询价对象采取谈话提醒的自律处理措施，明确要求上述询价对象在今后新股询价工作中切实遵守诚信原则，努力提高研究定价水平，加强内部管理和风险控制能力，维护新股发行询价秩序，杜绝出现类似行为。证券业协会会长黄湘平出席会议，他对受到自律处理的36家询价对象提出了严肃批评，并对推动新股发行工作的规范发展提出了要求。他表示，询价对象要敢于拒绝少数IPO主承销商的无理报价要求，杜绝“关系报价”、“人情报价”现象，维护和珍视公司在新股报价方面的声誉，以广大投资者的利益为重。,1,4,0.8699015974998474
怪象：景顺长城连续7次只报高价不认购每经记者 李娜年初才从传出赴香港开奢华报告会的景顺长城，上周末又受到证券业协会的警告处罚，并被暂停了3个月的询价资格。2009年，景顺长城的开局似乎并不顺利。对于此次处罚的原因，证券业协会表示，自实施网下发行电子化后，景顺长城共7次参与首次公开发行股票的初步询价工作，报价均高于发行价格却全部未申购。消息甫传出，不少基金业人士对景顺长城的行为难以理解，直呼奇怪。深圳一位基金公司的工作人员告诉记者，如果基金公司报价高于发行价，很可能是看好这只新股的潜力，不过，“给了高价格，又不认购，确实有点怪了！”上海一家基金公司的基金经理认为，这种事偶尔出现个一两次还勉强解释得过去。南方某基金公司的投资总监则向记者介绍了基金公司参与新股IPO询价的一般流程：新股IPO时，基金公司的行业研究员会审核上市公司的具体情况，并提供一份简单的研究报告；研究员会在报告中给出新股是否适合申购的建议；如果适合申购，行业研究员还会制定出相应的报价(一般是个区间，浮动20%左右)；制定好价格后，公司会将报价传递给承销商；基金经理方面也会根据自身基金的情况，最终决定要不要配置；如果公司旗下多只基金同时需要配置或配置的数量较大时，公司可能会开会进行协调。“在这样的机制下，应该不会连续出现这样 (只开出高价，但不认购)的情况。说实话，这个事情太特殊了，也比较奇怪！”采访中，这位投资总监不时地向记者表示。北京一家基金公司的基金经理向记者表示，基金公司偶尔出现这样情况，可能是公司的研究部和投资部之间的协调出现了问题。但这种现象出现次数多了，背后的原因就不太好解释了。上海某基金公司的工作人员则透露，通常新股上市时，准上市公司或者其承销商都会和机构 “谈谈”，如果双方关系好，基金公司也可能会“帮点忙”。他认为，报高价又不认购，基金公司这样的做法很可能是想帮助准上市公司提高发行价格。但是这种做法只会给准上市公司带来点好处，多募集点资金，基金公司自身是得不到好处的。但是，也不排除基金公司通过其他方式得到实惠。一家中等规模基金公司的投资总监向记者证实，这种做法在业内其实并不是什么太大的秘密，不排除基金公司通过这种方式获得其他好处。“不过，连续出现这种情况确实是有点问题，这在别的基金公司是不太会发生的。”    相关专题：,1,4,0.996864378452301
PE转舵上市公司 PIPE成一月亮点王大军2009年1月，中国私募股权投资市场活跃程度进一步下降，案例数量和投资金额都处于历史低位。据国内投资市场信息咨询机构投中集团ChinaVenture的统计，1月中国私募股权投资市场共披露投资案例3 起，总投资金额9946.63万美元，环比下降47.8%；平均单笔投资金额3315.54 万美元，环比下降30.4%。但另一方面，PIPE(Private Investment in Public Equity)投资成为亮点。这其中包括，IBM中国投资基金注资四川长虹1.08亿元，江苏瑞华等投资某输配电设备制造商2.99 亿元。PIPE，即私募基金、共同基金或其他的合格投资者以市场价格的一定折价率购买上市公司股份，以扩大公司资本的一种投资方式。对上市公司而言，在二级市场低迷、银行贷款缩减等原因导致资金链趋紧时，通过PIPE获得资金支持成为新趋势；同时，A 股低迷的股价也对投资机构带来了极大的吸引力，上市公司相对较小的投资风险能够起到优化投资组合的作用。“在国外，PIPE是PE公司一项重要的业务，但目前在中国还没有很大的规模。相信PIPE类型投资在2009年上半年将继续占据较大的比例。” ChinaVenture分析师潘黄斌认为。据ChinaVenture的统计数据，2004年开始，PIPE在中国的投资额就呈现了连续上涨的趋势。2004年，中国的PIPE额度为200.82万美元，而到了2008年，这一数字已增长到1271.51万美元，增长幅度达533.16%。此外从投资案例的数量来看，2004年仅为4家，但到2008年已增长为22家。“这可能与2006年和2007年两年，中国股票市场较为火热有关系，而到了2008年，股票市场的低迷，可能造成很多PE公司认为可以抄底。”潘黄斌认为。同时，上市搁浅企业通过私募融资获得资金支持也成为度过寒冬的重要手段。今年1月，AsiaMezzanine Capital Group等共同向铸、锻件生产商安徽应流集团提供了4000万美元夹层资本；而应流集团早在2008年4月已经通过了香港联交所的上市聆讯，并聘任摩根士丹利任其保荐人，但之后却因为港股状况不佳推迟上市计划。,1,4,0.7670309543609619
景顺长城IPO询价门忽悠了谁作者：本报记者李涛 年初被炒得沸沸扬扬的景顺长城基金“奢华门”事件尚未烟消云散，本周，景顺长城再次被卷入“IPO询价门”事件——由于违反IPO询价规范、遭到证券业协会点名批评。一时间，同行吃惊、投资者不满，更有媒体称IPO询价存在潜规则、机制急需改革。就在景顺长城的违规行径遭到口诛笔伐之时，2月11日11时许，一则名为“关于我公司参与新股询价有关问题的说明”的公告悄然登上了该公司网站。其实，该份声明的内容暂且不论，景顺长城回应此次事件的态度值得肯定。遥想此前的“奢华门”事件，大把的基民望眼欲穿、希望景顺长城能给个“说法”；但最终，景顺长城用三缄其口、“惜墨如金”完结此事。此次，景顺长城用公告回应投资人的态度已是180度大转弯。记者发现，景顺长城在公告中主要做了三点澄清。澄清之一，报价区间不存在较大价格偏离现象及操纵价格嫌疑；之二，除1只股票外，其余6只股票全部参与网上申购；之三，公司2006年8月起就不投资任何带有锁定期的股票，在“报价区间的申购意向”中均明确填写“不确定”或“不申购”。最终，景顺长城得出如下结论：本着独立、客观、诚信的原则参与新股询价，遵守相关法律法规和公司内部制度，并切实保障了基金持有人利益。细品此文后，可以看出：景顺长城的前两点澄清和证券业协会说的事实不符，“明显有一方说错了”，“令人费解”。而对于第三点澄清，更是文不对题：所谓“不投资有锁定期股票”属于景顺长城自身的投资规定，与此事件没有任何关系，有混淆公众视听的嫌疑。德圣基金研究中心首席分析师江赛春则在接受记者采访时指出：如果没有充足的证据证明存在违规现象，景顺长城此次是不会被证券业协会查处的；无论怎么推脱，此次事件肯定是“无可辩驳”的。至于公告显示景顺长城与证券业协会存在较大分歧，江赛春认为，首先，虽然景顺长城和证券业协会的说法有矛盾，但确凿的事实已无可指摘；只是双方对此事的“解读”不一样。证券业协会是占在监管部门的立场上、维护新股发行询价秩序；而景顺长城则是重申自己的投资立场——“不投资带有锁定期的证券”。但无论如何，扰乱IPO询价规则已是不争的事实。连续7次“卖力”地只报高价不认购，而被监管部门责令整改后，景顺长城竟然能言之凿凿地将责任推了个干干净净，不能不佩服其用心良苦和措辞高超。看来，景顺长城已练就了一身“嫁衣神功”——违反“无利不起早”的常理、甘当无偿“轿夫”和“股托”、辛辛苦苦地为他人做嫁衣裳。这样一份顾左右而言他的“声明”，能有说服力么？混淆真相的说法站不住脚，一味喋喋不休地“自说自话”更是缺乏智慧的苍白辩解，太无力也太矫情；不仅无法取信于民，反而激起公众的逆反之心，从而笃定地认为其中必有猫儿腻。说到底，景顺长城此番“嫁衣神功”忽悠了股市，忽悠了投资者，忽悠砸了自己的“金字招牌”，忽悠散了基金的行业公信力。最后，该份说明的结尾更是匪夷所思：“我公司将严肃对待中国证券业协会对我公司提出的自律处理，一如既往地以审慎诚信的态度为投资人服务。”试问：既然三条澄清条条证明自己做的都没错，景顺长城又为何乖乖听任监管部门对自己的“处理”呢？除非——“严肃对待”的言外之意是不服“判决”？再问：尚有“奢华门”事件基民讨伐声言犹在耳，景顺长城何谈“一如既往地审慎诚信的态度”？如果说违反询价规范已让公众错愕和黯然，那么景顺长城在公告中的强词夺理，更刺伤世道人心，因为措辞中没有一点愧疚，语气还十分强硬，似有大受“冤屈”之意。面对自己的违规行径，景顺长城为何不能公正、坦诚地向公众认错呢？“知耻”才能“后勇”——矢口否认、巧言善辩的推诿固然能图一时之安，但长此以往，只怕会将自己拖入“四面楚歌”的窘境。     景顺长城关于公司参与新股询价有关问题的说明    景顺长城等两机构遭处罚 股票发行潜规则现身    怪象：景顺长城连续7次只报高价不认购    景顺长城等36家机构询价过程乱报价挨批受罚    景顺长城奢华门事件的道德考问    景顺长城面子工程让基民寒心    昂贵报告乏善可陈 景顺长城基民很伤心    景顺长城去香港开奢侈报告会 费用基民买单    景顺长城核心人物流失伤业绩    排名狂降 景顺长城要在香港办奢华报告会,1,4,0.9714941382408142
台证交所总经理：希望两岸ETF实现相互挂牌许仁寿是在当日举行的2009第二届上海金融论坛上作上述表示的。许仁寿说，交易所之间的整合已经成为全球性的趋势，大陆和台湾的交易所在产品设计、人员交流、技术分享等方面都有很大的合作空间。“如果两岸合编推出ETF，不仅可为两岸投资者提供新的投资产品，也有利于两岸企业分享资本市场利益。”许仁寿说。据悉，台湾证券交易所将于今年5月15日在台北举行有关ETF的论坛，届时上海证券交易所、深圳证券交易所和香港交易所将应邀出席，共同商讨推出ETF产品。2009第二届上海金融论坛由上海市人民政府台湾事务办公室、上海市金融服务办公室和上海交通大学、台湾金融服务业联合总会主办。两岸金融业者和学者就“全球金融海啸下的海峡两岸金融合作”“台湾应对国际金融危机的举措”等话题展开了热烈讨论。,1,4,0.5527570247650146
税务总局：QFII在中国境内收入缴纳10%所得税通知并指出，如果是股息、红利，则由派发股息、红利的企业代扣代缴；如果是利息，则由企业在支付或到期应支付时代扣代缴。通知说，QFII取得股息、红利和利息收入，需要享受税收协定待遇的，可向主管税务机关提出申请，主管税务机关审核无误后按照税收协定的规定执行；涉及退税的，应及时予以办理。通知要求，各地税务机关应了解QFII在中国从事投资的情况，及时提供税收服务，建立税收管理档案，确保代扣代缴税款及时足额入库。,1,7,0.7095894813537598
税务总局明确QFII缴税相关问题记者20日从国家税务总局获悉，税务总局近日发出通知指出，合格境外机构投资者（QFII）所得来源于中国境内的股息、红利和利息收入，应当按照企业所得税法规定缴纳10%的企业所得税。通知同时指出，如果是股息、红利，则由派发股息、红利的企业代扣代缴；如果是利息，则由企业在支付或到期应支付时代扣代缴。通知称，QFII取得股息、红利和利息收入，需要享受税收协定待遇的，可向主管税务机关提出申请，主管税务机关审核无误后按照税收协定的规定执行；涉及退税的，应及时予以办理。通知要求，各地税务机关应了解QFII在我国从事投资的情况，及时提供税收服务，建立税收管理档案，确保代扣代缴税款及时足额入库。,1,7,0.766912043094635
税务总局：QFII应缴10%所得税 业内人士称此规定根本目的在于完善资本市场运行规则，对QFII利空有限国家税务总局20日宣布，税务总局近日发出通知指出，合格境外机构投资者(QFII)取得来源于中国境内的股息、红利和利息收入，应当按照企业所得税法规定缴纳10%的企业所得税。通知明确，QFII所得如果是股息、红利，则由派发股息、红利的企业代扣代缴；如果是利息，则由企业在支付或到期应支付时代扣代缴。各地税务机关应了解QFII在我国从事投资的情况，及时提供税收服务，建立税收管理档案，确保代扣代缴税款及时足额入库。中国社科院财贸所税收专家介绍，2005年底，经国务院批准，对QFII委托境内公司在我国从事证券买卖业务取得的差价收入，免征营业税，但对于所得税却没有明确规定。一直以来，QFII所得税问题悬而未决，大多数QFII在所得税问题上都是先代为扣缴，但也有部分QFII不计算所得税。专家表示，国税总局明确QFII缴纳10%的企业所得税，实际源于2008年1月1日起施行的《中华人民共和国企业所得税法》及其实施条例。根据规定，非居民企业在中国境内的所得缴纳企业所得税适用税率为20%，实际执行10%的优惠税率。国税总局上述通知还称，QFII取得股息、红利和利息收入，需要享受税收协定(安排)待遇的，可向主管税务机关提出申请，主管税务机关审核无误后按照税收协定的规定执行；涉及退税的，应及时予以办理。专家介绍，为了避免双重征税，我国与世界上90多个国家签订了税收协定，根据收入来源地管辖权的一般原则，境外企业在我国取得的收入适用我国税率。因此，国税总局的上述表述，实际是简化了向QFII支付股息、红利和利息收入企业的工作，支付企业只需考虑我国税法预提所得税即可。市场人士认为，QFII所得税涉及的只是利得部分，与营业税相比数额较小，在我国税收收入占比中也是微不足道的，QFII不会因此政策而出现大规模撤离现象。明确QFII所得税制，根本目的不在于增加税收收入，而是通过税制的明确，完善资本市场的运行规则，吸引更多退休基金、共同基金等大型海外投资机构入场。据《中国证券报,1,7,0.5797989368438721
QFII年均获批额可能达28亿美元上海咨奔商务咨询(Z-Ben Advisors)有关中国实行6年的合格境外机构投资者(QFII)机制的最新年度报告，将于本周发表。该报告预测，未来几年中国对QFII投资额度的审批将较前几年更为稳定，2014年QFII额度将达到300亿美元。目前，这一额度大约为120亿美元。这意味着，每年核准QFII额度有望达到28亿美元。咨奔商务咨询最新的QFII手册，分析了中国证监会和外管局近年回应外国投资管理公司申请的趋势。撰写这份报告的咨奔商务咨询执行董事迈克尔·麦考马克说：“中国监管者在分配新QFII额度时有一组明确的优先顺序：针对散户投资者的零售基金。”研究表明，监管层很可能偏爱聚焦于本土企业和投资者的外国投资管理公司。官方对那些把自己的额度授予给其他机构(例如对冲基金)的额度持有者印象不好。报告称，QFII额度出租的模式也在慢慢消失，对已获得QFII额度的机构，如果将额度出租，那么未来申请更多额度时，可能会被要求提供相应的投资计划；如果申请是由其旗下的资产管理部门提出的，则获批相对会容易些。在全球金融危机背景下，排队申请QFII资格的外资机构眼下已超过100家。,1,4,0.4834619462490082
房屋销售回暖 提早布局的基金等着数钱每经记者 巩万龙 发自深圳与房地产企业困局中挣扎相比，房屋销售回暖却来得很快。最近，多家券商跟踪数据显示，今年2月份，深圳、广州和北京的房屋销售面积环比同比持续回暖。无独有偶，去年12月，多家大基金公司密集调研万科、保利等地产公司，并最终抄底一线地产品种。近期，华侨城、招商和保利连续大涨，基金疑似再度抢食地产股，对地产股大幅增仓。基金抄底 地产股表现抢眼2月中旬以来反弹进入震荡调整，但一线地产股表现抢眼，部分品种竟然跑赢大市。从2月16日至3月10日，上证指数累计下跌9.7%，但华侨城A和招商地产均逆市上涨10.8%和11%，保利上涨6.9%。此外，万科A和金地分别下跌8.2%和1.2%。与业内一片悲观预期不同的是，去年12月，有基金公司加紧调研地产企业，并且大举抄底万科、保利、金地、招商和华侨城等一线地产品种。记者注意到，万科2008年年报显示，仅去年12月，万科先后9次接待券商、基金、保险和QFII等机构调研，这是万科2008年接待次数最多的一个月。基金四季报显示，去年四季度，博时、中邮、易方达、南方、大成、交银、华安和银华等大中型基金增持了万科、金地、保利、招商地产和华侨城等。据统计，博时系基金总计增持万科1.33亿股，增持金地集团6790万股；华夏蓝筹和华夏成长总计增持张江高科约1492万股，交银稳健建仓招商地产2967万股，交银成长建仓华侨城1530万股。博时特许去年就一直在抄底地产股。三季度，该基金抄底万科270万股，到四季度增持万科280万股，建仓保利地产130万股。房市成交回暖 机构乐观据联合证券跟踪地产销售数据显示，今年2月份，一线城市中，北京、上海和深圳成交面积环比分别增长28%、53%和25%；二线城市中，苏州和厦门成交量环比增幅更是超过100%。成交量下降的仅有青岛和南京，成交面积环比分别减少了13%和9%。此外，有7个城市2月份成交量要好于2008年平均水平，其中天津、成都和苏州还创出了2008年以来的新高。而另据国信证券统计，3月份第一周，各地房屋成交量持续回暖态势仍在延续，北京、上海和广州房屋成交量环比增长33%、11%和14.98%，深圳成交量同比暴增超过3倍，而环比小幅下降不足4%。记者发现，部分基金和券商对房地产销售量超预期提前回暖，持较为乐观的态度。申银万国地产分析师殷姿认为，深圳和广州成交量最先回升，是因为投资需求，资金面的宽松和租金回报率的上升是投资需求产生的主要原因，对成交量回升起了推波助澜的作用，这在深圳表现得尤其明显。不过，国泰君安对于地产股，乐观中略显谨慎。地产首席分析师孙建平认为，因房价调整尚未到位，居民收入预期不稳定，开发商推盘和存量供给有压力，开发商盈利预期尚未改善，所以维持地产行业中性评级。,1,4,0.9067676067352295
超配VS减持 基金对地产股分歧加剧尽管房地产行业整体上仍然处于行业寒冬，但据上市公司最新披露的年报显示，地产类上市公司仍然受到部分基金的青睐。但与此同时，也有相当部分沪市基金经理抱团表示，近一两年会尽力回避地产板块，直至该行业走出谷底。 部分基金对地产股青睐有加的情况从万科最新公布的2008年年报中可见一斑。据万科年报显示，截至去年年底，共计有约84只基金持有万科20.05亿股，占流通比为21.32%。除了万科以外，其他地产股如深振业、中国宝安、泛海建设、华业地产、金地集团等个股也成为基金去年底基金超配的对象。其中以渝开发为例，截至去年年底，仅华夏蓝筹核心就持有该股256.66万股，占流通比为2.14%，比三季报时增仓26.66万股。对于这些基金超配地产股的原因，深圳一基金经理表示，地产股整体来说目前估值比较合理，随着近期深圳等城市房地产市场交易量的增加，地产股仍然具有投资空间。与此同时，记者调查发现，仍然有相当多的基金经理认为，地产股未来的走势并不看好。记者发现一个有趣的现象，看好地产股的基金大都聚集在南方，以博时、易方达、融通等为首；而看空地产股的基金则大都聚集在上海。看来，基金经理的地区差异也体现在了选股思路上。尽管南北基金经理对地产股的后市走向出现了明显的分歧，但兴业全球基金投资总监王晓明昨日在接受记者采访时却指出，越是经济低谷时越是选股的好时机。晓明建议投资者此时选股应该把握以下两个方面：首先，应该寻找那些能够提供足够的防御性和安全边际的、有机增长能力强的公司；其次，挖掘那些能成为下一次经济高涨期的领头羊，一旦经济好转时，这些公司就会应运而生或率先复苏。记者 丁?,1,4,0.8895744681358337
重仓地产股 中邮系基金赚欢了每经记者 巩万龙 发自深圳记者注意到，对于地产股的投资，中邮系基金近乎疯狂。去年下半年以来，中邮系基金在保持高仓位策略的同时，坚决做多地产股，截至四季度末，中邮优选和中邮成长持有的地产股占到基金净值的13.04%和11.86%。对于中邮系基金的评价，或许用“成也萧何，败也萧何”最为合适，曾经在2007年打下江湖地位的中邮系，在2008年熊市中终因高仓位败下阵来，而在2009年刚过去的2个月，得益于普涨反弹行情，去年下半年开始重仓地产股的中邮系基金又强势回归了。数据显示，截至昨日，2008年股基排名174位的中邮优选，2009年来单位净值涨幅为30.01%，现排名所有股票方向基金 (QDII除外)的第一名。“执拗”做多率先抄底地产在公募基金业内，基金对地产股和地产行业的悲观一直蔓延至去年下半年。去年整个单边暴跌中，甩卖地产股几乎成为坊间共识，但中邮系却反其道而为之，在2500点左右就开始动手抄底地产股。据Wind资讯统计，中邮基金在三季度斥资13.52亿元大举新建地产股。截至2008年三季度末，中邮优选持有市值高达18.18亿元的地产股，占基金资产净值的17.1%，超配比例达14.42%；中邮成长持有的地产股市值也高达15.93亿元，该板块占基金净值的8.12%，超配比例5.73%。从建仓品种看，从一线地产龙头到二三线品种，均被中邮系基金揽入怀中，上海的地产股尤为受青睐。其中，中邮优选建仓招商地产和金地集团分别高达2967.64万股和7610.04万股，建仓上实发展和中华企业4018.43万股和2146.29万股；中邮成长建仓保利地产达3340.28万股，建仓华发股份1601.84万股。越跌越买做多地产豪情不减到了去年四季度，中邮系增持地产股的力度不减，绝对堪称地产股的多头司令，而仓位相对降低的中邮成长更是在地产股上布下重兵。去年四季度，中邮优选依旧保持着90%的高仓位，建仓万科6649万股，建仓陆家嘴约610.82万股，增持泛海建设1863.16万股。而降低仓位的中邮成长，着重在地产股上布下重兵。去年四季度中，中邮成长分别建仓金地集团和张江高科5547.77万股和4578.26万股，增持华发股份和泛海建设分别约2770.75万股和1129.6万股。截至去年年末，张江高科、万科和金地分别成为该基金的第5大、第7大和第10大重仓股。截至四季度末，中邮优选持有地产股占基金净值的13.04%，地产股市值降至11.69亿元；中邮成长持有地产股占基金净值的11.86%，市值上升至19.95亿元。在总结买入地产股的过程时，中邮优选基金经理王海涛表示，其操作思路和市场正好契合，从去年第三季度以来，中邮持续看好地产股的交易机会，大量买进龙头地产股。地产股暴涨中邮系赚欢了今年以来，经过修补计划的一番实施，重仓派代表中邮基金凭借地产股打了一场漂亮翻身仗，反弹业绩甚为抢眼，中邮优选和中邮成长两只基金排名均极为靠前。截至昨日，中邮优选单位净值09年涨幅为30.01%，排名所有股票方向基金 (QDII除外)的第一名，中邮成长涨幅为21.89%，排名15位。业内人士认为，中邮系尽管抄底地产股获利匪浅，但该公司在行业配置和个股上过于激进，而且高仓位集中持股，这就造成其净值表现快涨快跌，从而使得基金风险和收益被急剧放大，2009年刚过去2个多月，中邮基金牛年翻身仗能否完胜收尾仍存未知数。,1,4,0.7107632160186768
17只新基建仓预测：偏向金融地产板块7只股票型基金、6只配置型基金、4只债券型基金陆续开始募集理财周报实习记者 王韵婷/文3月新基金发行春意盎然，7只股票型基金、6只配置型基金、4只债券型基金陆续开始募集。保守估计这些新基金起码能为市场带来最少120亿元资金，乐观估计则能带来220亿元的新增流动性。这上百亿资金将投向何处？最可能建仓板块：制造业、金融、地产、医药、消费新发基金所属公司的四季度资产配置，可谓是在发新基投资的前哨。发新基金的公司2008年四季度几乎都对制造业进行了不同程度的超配，泰信基金公司以56.3%的资产投资于制造业，而唯一低配的易方达基金公司，也保持了32.64%的投资比例。对于金融保险业和房地产业各基金公司的配置分歧较大。对金融保险业一直偏爱的易方达系、嘉实在四季度的持仓中不改初衷。嘉实旗下5只基金均重仓兴业银行、招商银行，而易方达旗下10只基金持有中国平安，9只基金青睐浦发银行，对金融业保持了超过标准行业配置比例7.42%的超配。兴业全球基金公司更是以34.32%的比例超配了金融保险股，如若金融保险股发力，兴业全球旗下的基金表现值得期待。而泰达荷银对金融股的配置只有8%，泰信基金也只有13%。房地产业也是基金资金选择的岔路口，基金对此看法不一。交银施罗德公司是房地产业的最坚定拥护者，12.2%的投资比例已经毫无疑问地显现了这一点。易方达和宝盈也对房地产表明了乐观的态度，两公司均有对房地产业的资产超配。医药生物和食品饮料均为基金公司的新宠行业，两行业除了易方达有不到1%的低配外，可谓得到了几乎所有基金公司的一致认可。泰达、中银、嘉实、泰信四家公司均配置10%以上。而交银、中银基金则早早重仓布局食品饮料行业。两只新基金或重配招商银行易方达行业领先主打投资行业领先企业并承诺投资于此的资产不低于股票资产的80%。即使在最低投资比例，其募集的资金也有50%左右流入行业龙头企业和具有较高成长性的公司。根据易方达行业领先基金合同公布指标，通过综合考虑营业利润、净资产收益率及(ROE)未来两年净利润增长率等财务指标，并综合考虑易方达基金公司一贯偏好持有的重仓股。易方达新基发行抢占的第一批筹码可能为：中国人寿、招商银行、浦发银行、特变电工、神火股份、中国南车、东方电气、上实发展、金融街、格力电器、中兴通讯均有可能成为新基发行抢占的第一批筹码。根据伍卫基金经理的持股风格，苏宁电器、招商银行、浦发银行均是其任职期间一直持有的重仓股，足见其对三股的青睐。泰达荷银2008年4季度重配了机械制造业、信息技术业、医药、生物及建筑业的发展前景。新发股基泰达荷银品质生活重点把握与消费升级和提高生活品质相关度高的投资主题。交银施罗德先锋主要投资于具有成长潜力企业的股票。交银施罗德基金公司分别有12%和10%的资金投资于房地产和食品，而万科、贵州茅台为旗下五只偏股型基金中的4只所持，而招商银行、中国平安、工商银行也是交银系的心头所好。嘉实偏向医药生物农银双利追求红利嘉实系表现了对医药和生物制品、食品、饮料等行业的发展信心，云南白药、双汇发展、复星医药、贵州茅台均可能成为新基嘉实量化阿尔法的投资对象。农银汇理平衡双利则是新发行基金中唯一一款红利型基金，寻求业绩稳定并同时具有稳定分红历史、股息率较高的红利型股票为该基金的首要任务。旗下拥有3-4只偏股型基金的中小基金公司此次大部分都发行投资风格较为灵活的配置型基金，宝盈、中银、兴业等基金公司均如此。    相关报道：    二线地产股基金分歧明显    主流基金公司大多在减仓    基金扎堆调研 资产配置思路亮底    百亿偏股新基金月内排队入市    中国铁建被80只基金3000万大单碾压    进退自如：可转债基金1月内跑赢所有股基债基    基金经理大秀忽悠之技 唱多唱空只需嘴巴一撇    悲观阴霾渐去 基金开始新能源故事,1,4,0.5620439052581787
华宝兴业动力组合刘自强：抢钱时代重临“抢劫不如炒股”是在2007年股市最如火如荼的时候，被某县城的公安部门挂在大马路上的一段公益性广告。不知道在这段大幅标语被挂出来后，当地的治安情况是否有所改善。可以肯定的是，当一个行业的暴利已经远甚于抢劫的时候，也到了最疯狂的时候。当时大多数人把它当成了一段笑话，全然丧失了一个职业投资人应有的警觉性。一年多过去了，市场在冰火两重天的洗礼后，终于在“4万亿”这一口号的引领下走出低谷。2月底，市场的赚钱效应引发了全国人民的投资愿望，各大媒体开始争相欢呼：A股成交量刷新历史新高！深综指挑战年线！股票开户数创53周新高！53周？一年有多少周？一年不过是52周，那意味着开户数已经恢复到了2008年2月中旬的水平。当时的指数大约是4500多点，与巅峰的时候相比仅下跌了25%。成交量刷新历史新高就更夸张了，在2007年这样的大牛市里，沪市日成交量超过2亿手的天数只有3天，而现在仅2月份短短的20个交易日里，竟然就有6天超过了2亿手！市场的热度可见一斑。难道是又一个抢钱时代重临了么？我不能想象，在这个全球股市风声鹤唳、经济增长举步维艰的时代里，市场竟然再现当年的癫狂景象。如果说是散户过于冲动的话，向来以理性投资自居的机构投资者们也未见得有多淡定。3月4日，沪深300暴涨6.68%，个股普涨，结构性差异不会很明显。如果用这一天基金的涨幅除以指数涨幅的话，就可以知道基金的大致仓位。我们可以看到，当时股票型基金的平均仓位是71%，有超过1/5的基金仓位高于80%，而今年以来排名前30%的基金中，有1/3以上的基金持仓超过了80%。在当前这种经济形势尚未明朗，龙头品种和板块却纷纷逼近甚至超越历史高点的时候，我真的很怀疑，基金还有多少加仓的能力？A股还有多大的上涨潜力？回过头来看看本轮上涨的主要推动力吧。两会的第一天，公布的4万亿投资结构已经与2008年底的规划有了微妙的变化。新公布的结构中，基础设施投资下降了3000亿，保障性安居工程上升，医疗卫生文化教育大幅上升。这里面其实预示着一个很重要的方向：在第一轮大跃进式的投资拉动后，经济已出现了复苏迹象，PMI指数回暖、地产销售回暖、大宗商品价格回暖，因此在下一个阶段，刺激政策的重点应该会逐步从投资规模转向投资效率。那些令人心襟摇曳、浮想连翩的利好数据可能会越来越少，取而代之的，却是经济结构中暗流涌动的差异性变化。反映在股市上，可能将呈现为：指数滞涨，甚至下跌，而行业和公司的分化会更加明显，全民获利的场景很可能将只是个臆想。抢钱时代重临？还是去做你有前途的山贼？冷静点后再说吧。,1,4,0.9926250576972961
金融地产多日逆市发飙 基金经理还是不敢下手每经记者 巩万龙 发自深圳两会前后，金融地产股的角色越来越耐人寻味，总在市场岌岌可危时扮演“救火员”。3月以来，金融和地产两大板块震荡上行，从而稳住了市场人气，而昨日银行地产更是发飙，再次上演逆市急拉的好戏。但是，记者通过采访获悉，这种极赚市场眼球的表现并未得到基金的追捧。“银行股估值便宜，而前一段时间地产数据比较好，但是我们不敢大举增持或减持，只能走一步看一步。”上海某大型合资公司基金经理表示。地产金融要“走着瞧”不同的时间，同样的角色。自3月以来，曾经是A股最大空头板块的银行地产股，大智慧地产指数和银行指数分别累计上涨7.5%和4.8%，而同期上证指数累计仅上涨2.9%，地产一线品种和中小商业银行极为抗跌。昨日，市场小幅震荡过后，银行、券商、保险、地产尾盘再次出现快速拉升趋势，金融地产两大板块带动A股全线飘红。其中，昨日银行股充当了上涨的急先锋，兴业银行放量大涨将近7%，浦发银行和招商银行分别上涨4.25%和2.05%，而建设银行、中国银行、工商银行等大盘银行股最终飘红。地产股昨日的表现也甚为强势，华侨城A大涨7.41%，招商地产4.79%，保利上涨3.68%，万科和金地最终飘红。“今年做投资的话确实情况很复杂，说心里话，我看得不是那么清楚，现在真是吃不准，只能走一步看一步了，我们维持中性配置。”上海某大型合资公司基金经理认为，现在自己不敢大举增持银行地产，但也不会大举减持。对于华侨城A和兴业银行的大涨，该基金经理认为，现在银行股目前良好的表现正是因为估值便宜，地产股大涨主要是因为前一段时间房屋交易量回暖，也不排除未来政策利好刺激的可能，但是就要看这些数据是不是能够持续。而此前，银行、券商和地产中优质品种不乏懵懂的题材和利好刺激，招商银行的全流通、深发展的重组、华侨城A的整体上市，这些因素都曾推动个股出现暴涨。调整中找方向昨日，逐渐萎缩的成交量并没有引起人气和赚钱效应的消失，市场再次充满戏剧化色彩，大盘股盘中一度萎靡不振，两次震荡上行两次被打压。不过，午盘过后，金融地产两大权重板块突然强势拉升，拉动股指强势上涨，而兴业银行和华侨城A表现极为抢眼。“我对最近的市场判断还是震荡，市场在震荡之后，可能在寻找一个方向吧，向上或向下。现在只是个股的活跃度比较高，而大盘震荡的概率比较大。”一位受访基金经理向记者坦言，现在谈“熊尾巴”为时尚早，关键是看前期的宏观数据能不能持续向好，因为2月份出台的宏观数据好坏参半。有一种看法颇值得玩味，最近不少机构将今年称为投资基金的“春播时节”，特别是新基金建仓的良好时机。因为A股市场在经历了之前的大跌和几次较大的调整之后，市场整体估值水平已经大幅下降。考虑到宏观经济的状况和成长性因素，A股的相对估值水平有可能处于合理乃至低估的范围。最近，中金公司有研究报告称，银行业2008年业绩基本符合预期，但2009年1季度净利润难以实现同比增长。净利润同比增速下半年将逐渐回升，2009年全年增长6%。从积极方面来看，GDP增速未来三个季度呈现V型的可能性较大，净息差也有望在4季度或明年1季度见底，不良贷款2009年大幅上升的风险较小。融通内需驱动拟任基金经理陈晓生认为，随着4万亿经济刺激政策的不断落实，具体项目的公布和实施引发了市场对相关行业和上市公司的强烈关注，经济面的有利因素正逐步积聚，今年的经济形势优于大部分投资者预期的概率正在上升。,1,4,0.9901354908943176
12亿元抄底地产股 中邮系圈地路线图曝光每经记者 李娜 发自上海上市公司2008年年报将中邮系基金扎根于地产股的根根须须一一曝光，多只地产股的前十大流通股股东中出现了中邮系基金的身影。沉寂了一年的中邮系基金再一次以一种“偏激”的方式强势回归。伴随着地产股2008年年报的接连披露，中邮系基金越来越频繁地曝光于镁光灯前，多家地产股的前十大流通股股东均有中邮系基金的身影，若以2008年12月31日收盘价简单计算，中邮系基金抄底这些地产股的资金高达12.05亿元。毫无疑问，中邮系基金始于去年下半年的重仓地产股的决策相当成功，在吸引坊间艳羡的目光的同时，也将自家腰包快速增厚。数据显示，自年初至本周三，中邮核心优选领跑所有股票型基金，涨幅高达35%，远远超过股票型基金净值18%的平均涨幅。地产股年报频现中邮系房地产，用国民经济的引擎之一来形容一点儿也不为过。自去年房地产市场的成交量持续萎缩后，对地产行业的关切之情便频频出现在基金经理的季度工作报告中，出现在基金经理的访谈中。与其他徘徊犹豫的基金公司相比，中邮系基金则表现异常坚决，选择提前进场等待。自去年三季度率先加仓地产股后，在接下来的四季度，中邮系对地产股的加仓力度丝毫不减，据已发布的房地产上市公司年报显示，多家地产股的前十大流通股股东均有中邮系基金的身影。据Wind统计数据显示，截至昨日，目前已披露的20多家房地产上市公司中，中邮系出现在了5家地产上市公司的前十大流通股股东中。泛海建设2008年年报显示，中邮系两只基金都重仓其中，双双挤入其前十大流通股股东。数据显示，中邮核心优选目前持有泛海建设2523.89万股，较去年三季度大举增持了1863.16万股，增幅超过了50%以上；中邮核心成长也重仓持有1997.38万股，相比去年三季度增持1129.6万股。中邮系基金的持股量占流通股的比例超过了10%，分别为泛海建设的第二大股东和第三大股东。华发股份年报显示，中邮核心成长同样选择了大举增持。去年四季度，中邮核心成长持有2811.75万股，较去年三季度增持1169.91万股。凭借大幅的吃进，中邮核心成长也成为华发股份的第二大股东和第一大流通股东。另一家地产类上市公司中华企业，中邮核心优选小幅减持46.29万股。不过，其持股数量仍然高达2500万股，仍为公司第二大流通股东。而在今日发布年报的上实发展中，中邮系两只基金又成为公司的前十大流通股股东。除了增持原有的地产股，陆家嘴2008年年报显示，中邮核心优选在去年四季度新进610.82万股，并一举成为该公司的第八大流通股东。地产股反弹 中邮系笑得甜自去年年底以来，国内一些城市的房屋成交量明显出现了回暖迹象。国信证券的报告显示，在过去一周对环渤海、长三角、华南及中西部共十九个重点城市的商品房屋销售情况监测结果表明，各地楼市销量仍然比较畅旺，回暖态势还在进一步延续。地产股销量的回暖，无意推升了地产股的暴涨热情。数据显示，2009年以来，上证指数的涨幅为24.44%，沪深300指数的涨幅为31%，而地产指数同期涨幅已接近44%。华侨城今年以来的涨幅已超过了55%，股价已回到了13元附近。金地集团、招商地产等地产股的涨幅都超过了50%，远远超过同期上证指数和沪深300指数涨幅。地产股的突出表现让埋伏已久的中邮系基金尝到了不小的甜头。数据显示，自年初至本周三，股票型基金净值的平均涨幅为18%，而中邮核心优选的涨幅高达35%，依然在股票型基金中领跑。而中邮核心成长的涨幅超过了27%，位列所有股票型基金的第十二位。相关报道中邮核心优选开放三日给老客户“补仓”机会？日前，中邮基金公司表示，2007年9月13日起，公司暂停了旗下中邮核心优选的日常申购业务。现为满足广大基金持有人的需求，公司决定自2009年3月25日起至2009年3月27日期间，针对既有客户 (即2009年3月23日前，持有过公司旗下基金产品且未注销本公司基金账户的投资者)，恢复该基金产品的日常申购业务。从2009年3月28日起，该基金将继续暂停日常申购业务，在日常申购业务暂停期间，该基金的赎回业务照常办理。市场分析人士指出，很显然，中邮核心优选选择在目前2200点左右打开申购，可以理解为给老基金持有人补仓减少亏损的机会，传递出的信号应该是较为乐观的。不管未来后市会如何演变，至少在中邮基金心里，目前的股指还不是高点。 每经记者 李娜    相关报道：    重仓地产股 中邮系基金赚欢了    泛海建设中邮系基金联袂出击    抄黄木顺的底 中邮系基金介入泛海建设    哈空调中邮系基金大举入驻    基金弃中国远洋登岸 中邮系浮亏18.6亿    中邮系两基金折戟吉恩镍业增发    中邮系两基金上周跌幅最深    基金排名大洗牌 中邮系基金上演过山车,1,4,0.9403843283653259
万晓西韩亚庆：不打无把握之仗 本报记者 马庆圆把“稳健”放在首位初识万晓西和韩亚庆，他们给中国证券报记者最深刻的印象就是——“稳 ”，是那种让人觉得“钱交给他们管理，我放心”的沉稳。研究员出身的万晓西往往对市场有独特的判断，但是具体到产品投资，没有90%以上的获利把握他绝不轻易出手；而具有多年社保基金管理经验的韩亚庆虽不苟言笑，但对债券市场的判断却字字珠玑，有着一套成熟的债券投资操作思路。在万晓西和韩亚庆看来，要保证产品的安全性，最主要的是要靠一整套管理机制将风险消弭于无形之中。“对我们来说，信用债这一块是有可能带来超额收益的，投资信用产品时风险管理显得尤为重要。”韩亚庆介绍，南方基金内部管理制度中包括完善的评级制度，对于债券市场上的每一个短期融资品种都有一个独立于投资的分析师来进行客观评级，只有达到评级标准之上的品种南方现金增利才有可能去投。万晓西和韩亚庆必须考虑的另一个问题则是产品的流动性。“流动性是货币基金最本质的属性，要保证其流动性主要还在于债券类属的选择。我们要在判断市场大方向的前提下，选择流动性强的产品。例如央票，就是除了现金之外流动性最好的品种。”韩亚庆表示，当市场IPO重启或者股市转暖、经济向好的时候，货币基金就会面临较大的赎回压力，这就需要基金经理根据市场的判断提前准备流动资金，从而积极应对。在这一问题上，南方现金增利一直表现优异，“今年以来出现了一定的产品赎回，但是我们之前已经准备了充裕的现金，所以没有造成什么影响。”在南方基金公司的固定收益部门活跃着这样一群人：他们把客户资金的安全放在首位，时时关注债市变化，常常为了千分之几的收益而精打细算。作为南方现金增利的基金经理，万晓西和韩亚庆正是他们中的佼佼者。虽然没有动辄百分之几十的净值波动，但作为货币基金的南方现金增利却获得了众多机构投资者的好评，因为它的管理人员用数年如一日的敬业态度打造了“稳·见未来”的金字招牌。不拿投资者的钱“拼”排名“货币基金年收益率大多比较相似，像2008年大都维持在3%到3.6%的水平，过分讲究排名是没有什么意义的。”万晓西表示，他绝不会为了千分之几的收益而去拿投资者的钱拼排名。“很多人认为我的研究报告很激进，但货币基金的投资很保守。其实这是有原因的：做研究是必须要有新意的，有50%的可行性，报告就会写；但作为货币基金的投资来讲，产品安全性是被放在第一位的，只有那些具有90%收益机会的品种我才会去考虑。”万晓西认为，作为一个基金经理是为持有人服务的，要时刻想到持有人看到这笔交易时会怎样判断，只有这样才能问心无愧，“片面追求排名，只能让自己在浮华中迷失自我”。至今让万晓西记忆犹新的是 2007年年末，那时他刚刚担任南方现金增利基金经理不久，产品排名在1/2左右，曾有人暗示他通过实现部分浮动盈利进入前1/2，但是他反复思考，还是坚持稳健第一，最终并没有实现浮动盈利。出乎万晓西的意料，他反而因此备受领导的好评，坚持稳健投资的他无形中已通过公司的“考验”：公司需要的正是坚持原则的人。“成功由很多因素导致，而失败往往一个原因就够了。”用万晓西自己的话说，投资如水，水无常形，兵无常法。在坚持稳健投资的基础之上，他也在时时刻刻寻找被市场低估的产品，尽力把握住市场中的每一个投资机会。正是在这种一点一滴的积累中，万晓西和他的投资团队成就了今天声名在外的南方现金增利基金。看准市场机会果断出击稳健，不同于过分谨慎，关键之处在于看准市场机会果断出击。随着宏观政策从2008年初的放通胀到年末的放通缩，南方现金果断把握住了期间带来的债市投资机会。“其实2008年上半年，我们还是比较看空市场的；但是到5、6月份，市场走势已经和我们先前的预期不太一致，随着市场出现比较大的变化，我们在6月中下旬开始果断加仓”，万晓西介绍，南方现金增利在6月份不到两周的时间内将仓位久期从最低的20多天加到了100天，成为同类产品加仓最早的产品之一。到了2008年年末，考虑到货币基金流动性风险大幅增加和投资工具收益率过低，万晓西团队断然降低了仓位和久期，锁定了收益，更好地应对了2009年年初以来的赎回。凭借敏锐的洞察力，南方现金增利在债市起步时买入，在市场回调时及时卖出，实现了较好的投资收益。临近采访终了，记者很好奇他们是如何做到时时刻刻为了有限的投资收益而不断拼搏的，万晓西和韩亚庆不约而同地作出了同一个回答——“责任心”。用心体会持有人投资的目的，把产品当做自己的钱来打理，或许这正是万晓西和韩亚庆成功的秘诀。,1,4,0.807216227054596
邵健：对中国企业有信心 耐得住寂寞邵健掌管嘉实增长已经进入第7个年头了，一些股票在他的基金组合里也被持有到了第7个年头。“在中国，一定可以寻找到一些伟大的企业，这些企业将给长期投资者带来丰厚的回报。但投资者需要耐得住寂寞，才能充分分享这些企业伟大成长所带来的收益。”对于较低的换手率，邵健这样解释。邵健的信念源于对市场的深入研究和长期的实践经验。在刚刚过去的一年，嘉实增长以不俗的业绩获得“2008年度同业领先开放式股票型基金”；在上一轮熊市中，嘉实增长也通过对许多成长型企业的长期投资成为市场上业绩最好的基金之一。成立至今，上证指数的涨幅仅40%左右，而嘉实增长的投资回报已超过 300%。“我们较多投资的是持续成长型的公司，这种投资风格和组合有利于在大的熊市里抵御风险。”邵健说，“成长股有一个普遍的特点，那就是一年中可能就涨几个星期，其余的时间里基本在进行盘整，所以多数时候投资者都会很寂寞。很多人都曾经买过很好的股票，但是最后真正获得巨大收益的人却寥寥无几，因为多数人在投资过程中总是耐不住寂寞。而我们最大的优势就在于对基本面有良好把握的同时，耐得住寂寞。”去年随着A 股市场的深幅下跌，嘉实增长的资产也在缩水。但邵健表示，“我依然保持长期乐观，而且相信自己的投资选择。从长期看，世界经济还将保持长期增长，市场还会继续上升，权益类资产的中长期回报前景依然乐观。即使在悲观的情况下，指数长期保持平稳，我们也相信自己的选股能力能够给投资者带来良好的收益。”□本报记者 丁冰沉稳、平和是嘉实增长基金经理邵健给人的一贯印象。正是具备了这样的性格，他才能带领嘉实增长于2005、2006年连续两年获得“开放式股票型持续优胜金牛基金”，在2008年的金牛奖评选中又榜上有名。平和大于激情和邵健的交流十分轻松。对于记者的各类提问，他都能从容应对，娓娓道来。7年的时间虽然不长，但对于仅有11年历史的中国基金业来讲并不短。“从几年时间上涨数十倍的股票，再到一年时间跌去90%以上的股票，我们已经见过很多了。当你看多了以后，就会变得平和。”邵健解释道。“另外，作为一个成长型的投资者，胜出是一个非常缓慢的过程。你需要对很多公司做充分研究和分析，进而投资并持续跟踪，以时间换空间，这可以说是一个煎熬的过程。外界的诱惑很多，但总是追求激情的话，很难做一个成长型投资者。”对于选股方法，邵健最为偏爱的是“Tenbegger”类型的企业。“理想的标的企业盈利应该在5年能够上涨3倍以上，10年盈利上涨10倍以上。”在风格方面，邵健认为对于价值投资来说，进攻和防守是一致的。一些安全边际很好、动态价值较高的股票，不光进攻性很好，防御性也会很强，尤其是以这类的投资标的构建成组合之后。在行业选择方面，邵健较为看重的是行业的成长空间，历史上他持有多年的股票大多是处于具有较大成长空间的细分行业中。要讲原则也要适当灵活谈及去年的市场操作，邵健回忆，在大类资产配置方面，嘉实增长在一季度仓位决策有所失误，但二、三季度及时下调了权益类资产比例，并且在第四季度时基于对宏观经济与市场的研究，大幅度提升了权益类资产的配置，这对改善去年全年的投资收益有一定的帮助。而在行业配置方面，去年四季度，在宏观经济前景还不确定时，嘉实增长大幅加重了行业前景相对明朗的医药等行业的配置，亦获得了良好的收益。对于去年四季度增加权益类资产的原因，邵健说，尽管当时的宏观经济面不好，但负面的因素已在市场中基本反映，而市场对潜在的经济政策刺激并未给予充分重视。此外，基本面固然很重要，流动性也是资本市场一个不可忽视的因素。当时他预计到流动性拐点将在四季度到来，因此大幅增加权益类资产配置。对于未来，邵健是一个乐观主义者：“人类历史上曾经遇到很多巨大的挑战，但我们都能够顺利地跨过，资本市场也在穿越危机后继续发展，这一次也不会例外。”对2009年的资本市场，邵健认为，“2009年是下一轮权益投资的元年，尽管2009年证券市场的波动仍将较为剧烈。”“今年上半年将重点关注医药、通信设备、电力设备、水泥等国家政策拉动背景下能够保持持续增长的行业，在年末的时候应重点关注一些有望伴随经济复苏而逐步恢复的行业如资本品、保险业等。”在谈到中短期业绩时，邵健坦言，“尽管看重长期投资目标，但也会考虑基金的中短期排名。我们会兼顾投资者的中短期需求，在投资组合中开辟一部分用来捕捉中短期的机会。这样业绩会更平滑，投资者也会更易接受一些。在这方面，我们既讲原则性，又要有灵活性。”,1,4,0.8222755193710327
中海基金将引入海外投资者■ 公司年报本报讯 (记者张晓玲)前日晚间，中国海外发展(0688.HK)公布了2008年年报，这家创办30年的老牌地产公司在去年楼市低迷时期实现了260亿元的销售额，市场占有率升至1.2%，且保持着43.7%的高毛利率。中海表示，能够在淡市中稳步前进，得益于中海的市场平衡战略。年报称，去年公司重点开拓了济南市场，接下来仍将继续强化在环渤海区域和长三角区域的投资布局，上述区域成为中海去年的主要利润来源。而在调整最深的珠三角地区，中海的销售表现落后于上述区域。中海表示，今年将力争完成350万平米的销售面积，比2008年增加30%。如果目标实现，中海今年有可能将有350亿元的销售额。在前日的业绩发布会上，中海副主席兼行政总裁郝建民表示，集团筹备成立多年的房地产发展基金，预计可于今年完成，规模可达5亿至8亿美元，将引入海外投资者，并以私募基金形式经营，主要投资中国海外以外的住宅物业。,1,4,0.8725981712341309
