text,true_label,pred_label,probability
孙卫：亚运会国奥争取进前八 希望各俱乐部大力支持新华网北京9月19日体育专电(记者公兵、郑道锦)中国国奥队代理主教练孙卫19日表示，国奥队在今年广州亚运会上的目标是争取进入前八名。在9月份的两场与中超球队的对抗赛中，国奥队先是2：3小负中超“领头羊”鲁能队，后是1：0小胜中超卫冕冠军国安队，表现不俗。尽管如此，国奥队代理主帅孙卫还是坦承，球员状况参差不齐，有的可以在联赛中打上主力，有的则不行。而且由于受到联赛影响，球员不能保证在国奥队进行系统训练。谈到即将到来的广州亚运会，孙卫希望球队能力争进入前八名，并期待在此基础上取得更好的成绩。由于亚运会将于11月12日开幕，但中超联赛11月6日才结束最后一轮，如果国奥队在联赛结束后才集中，备战亚运的时间肯定不够。孙卫希望中国足协能与中超俱乐部进行协调。“希望各个俱乐部能对国奥队给予支持，虽然这些队员平时属于俱乐部，但到了国奥队他们代表的是国家，意义不同。希望大家能基于这个出发点为我们考虑一下”。,0,7,0.8002693057060242
NCAA历届冠军：康大三冠紧随杜克 UCLA大学至尊！NCAA锦标赛总决赛在休斯顿Reliant球馆隆重上演，在一场惨烈的防守大战中，康涅狄格大学53-41战胜巴特勒大学，校史上第三次捧得冠军奖杯。在NCAA建立72年历史上，UCLA是夺冠次数最多的球队(11次)、排名第二的是肯塔基大学(7)，印第安纳(5)和北卡(5)并列第三，杜克(4)依然位居第五。以下为NCAA全国锦标赛历年冠亚军得主：〈〈〈 NCAA疯狂三月专题主页上线，点击链接查看精彩内容注：表中括号内数字为第几次夺冠,0,5,0.9956002235412598
NCAA2010-11赛季回顾：这战国时代的灰姑娘童话！关键词：双雄会在这个被大一新生统治的年代里，已经好几年没有出现像今年弗雷戴特和坎巴-沃克这样的老生双雄会了。从赛季初毛伊邀请赛沃克狂飙开始，这两名根本无法阻挡的后卫似乎就较上了劲。只要其中一人打出一场高分表演，另一个人就一定会在短期内以一场同样精彩的发挥来证明自己——沃克多次打出三双，弗雷戴特更是打出过52分。两人不仅一度在得分榜上纠缠不清，他们率领的球队成绩也节节攀升，在他们的带领，康大和BYU都打出了远远超出预料的水准。双雄会的结果也可谓是皆大欢喜——弗雷戴特赢了个人荣誉，包揽了得分王，最佳球员和奈史密斯奖；而沃克的康大则以11连胜连夺分区锦标赛和全国锦标赛两个冠军，自己收走了四强战MOP。数年以后人们再提到这个赛季时，一定不会忘记这两个神一般呼风唤雨的小个子之间的较量。关键词：战国时代今年的NCAA是豪强并起的一年，堪萨斯、杜克、匹兹堡、德克萨斯、俄亥俄州立，几只球队实力都很强大，但都有比较明显的弱点，也没有强大到可以独霸全国第一宝座。赛季初杜克携卫冕冠军之勇连续占据着全国第一，然而凯利-欧文受伤给他们带来了巨大影响，败给佛罗里达州立后让出了头名。随后的几个星期内神奇的“全国第一魔咒”轮番降临在几支球队头上——谁当周被美联社评为全国第一，那一周就要输球。这样的局面也催生了几场极为精彩的大战——德克萨斯挑翻堪萨斯、威斯康辛三分射死俄亥俄州立和堪萨斯州立力克堪萨斯等。最终在你争我夺中俄亥俄州立后半赛季占了些许上风，但最终的结果也证明了只用6人轮换的他们并不是一支超级强队。关键词：黑马/灰姑娘传奇这两个词其实是每年NCAA都有的关键词，而今年尤其为甚。四强中有当初被选进锦标赛时被骂的狗血淋头的11号种子VCU和差点就倒在门槛上的8号种子巴特勒，前者重现了5年前乔治-梅森的神话，而后者则连续第二年一黑黑到了决赛。而3号种子康涅狄格在1个月前甚至在大东锦标赛中都只能排老9。今年的全国锦标赛经历了略显平淡的第一轮后，从第二轮开始接连爆出大冷门，害惨了无数人的Brackets。关键词：天才巨星哈里森-巴恩斯，贾里德-萨林杰，凯利-欧文，德里克-威廉姆斯，这些年轻人的名字早已被球迷们所熟知。萨林杰入选了全国第一阵容，巴恩斯贡献了两次压哨绝杀，欧文在他健康的时候一直是全国最好的控卫之一，威廉姆斯让老牌强队亚利桑那重现辉煌，在不远的未来，NBA中将会出现他们的身影。关键词：超级大东凭借最后关头辛辛那提、马奎特和西弗吉尼亚的强力发挥，大东区创造了11支球队杀入锦标赛这一神话般的历史记录，并且最终康大代表他们拿到了全国冠军证明了“我们大东球队不是到全国锦标赛就翻船的窝里横”。即使是11个球队中实力相对最差的马奎特，也在全国锦标赛中暴虐了A-10老大泽维尔，还爆冷了同区3号种子雪城，分区第二的圣母还拿走了最佳教练的荣誉，大东区实力之强可见一斑。关键词：高开低走大十分区的三支球队——密歇根州立、伊利诺伊和明尼苏达度过了相当让人失望的一个赛季。前二者开赛前被广泛看好，排进全国前15，后者在波多黎各巡回赛夺冠后也加入了全国前25的行列，大十分区一度被认为可以和大东抗衡。而随着赛季的进行三支球队逐渐迷失，接连输球，前两者锦标赛“打了个酱油”便出局，而明尼苏达干脆连锦标赛都没打进。关键词：野百合的春天除了不可一世的大东区和大十二区外，其他各个大赛区今年实力都不是特别强：大十赛区后半程乏力、太平洋十分区还未从去年的低谷中走出、大西洋海岸赛区只有杜克和北卡够看、东南赛区的球队们相比篮球从来都更擅长玩橄榄球。这就给了小赛区的球队们做出点事情的机会——山西赛区双雄圣迭戈州立和BYU长期位居全国前10；殖民地分区三支球队打入锦标赛，VCU更是杀入四强；西海岸分区的圣玛丽、西部运动赛区的犹他州立和A-10赛区的天普、泽维尔轮番保持着全国前25名额。关键词：过山车这个词用来形容今年的北卡和堪萨斯州立再合适不过了。赛季初双双被认定为全国前10的强队，赛季刚开打就接连输球，战绩和排名迅速下滑，但赛季中后段突然发力，北卡在肯德尔-马绍尔上位后掀起快打旋风，堪萨斯州立则在找回状态的普伦的带领下一路回飙，最终都拿到了不错的种子排位。(silencer),0,5,0.615656316280365
探秘中国巨幕：是山寨高仿还是国货精品IMAX中国巨幕成本1000万以上最低100万左右，其余视情况而定亮度(实测)30000流明36000流明银幕大小(米)22×12.520×12音响6.1声道11.1声道片源需要严格筛选，并需要经过DMR技术转制无特殊限制分辨率(数字版)双机2K双机2K票价(UME)140元(华星)90元(双井)版权许可费用7万美元左右/年不详独立知识产权有部分有，部分暂无认知度全球知名较低售后服务有固定团队，可远程登录解决问题需由不同产品供应商分别解决附二：IMAX声明IMAX公司在过去四十余年一直致力于为全世界的消费者提供高端的观影体验。此间，虽然我们在多个市场都面临竞争，但是我们的突破性技术、遍布全球的网络和全球品牌认知令我们脱颖而出，至今依然领先众竞争对手。IMAX公司与消费者、电影公司及导演都保持着非同凡响的良好关系，他们被IMAX品牌所传达出的品质与创新精神吸引，在近百个世纪一直追随IMAX电影和IMAX影院至世界各处。IMAX公司是市场的先锋及领导者，为消费者提供身临其境的观影体验，也吸引了若干跟随者效仿我们的品牌。我们欢迎良性竞争，并鼓励消费者亲身体验IMAX带来的优越观影感受。专题策划 陈弋弋专题撰文 王玉年新浪娱乐讯 8月8日，3D电影《蓝精灵》首映礼在京举行，与《蓝精灵》一起走入观众视野的，还有一种名为DMAX的巨幕放映技术，这也是“中国巨幕”的概念首次正式面向公众和媒体公开。DMAX的推出马上在微博上引起强烈反响，有网友认为DMAX“眼镜轻，画面亮，色彩好，不闪不跳，只是票价略贵”。但也有网友直言DMAX与IMAX相比，就是中国特色的山寨货。比起“洋巨幕”，号称放映亮度高于IMAX近20%，而成本远低于IMAX放映系统的“中国巨幕”究竟质素几何，新浪娱乐独家专访了中国首家DMAX影城经理、DMAX研发牵头人以及美国IMAX公司，以及电影技术行业专家，共同探讨“中国巨幕”，到底是反垄断的国货精品还是赚快钱的山寨高仿。《蓝精灵》：DMAX中国巨幕初亮相经过《阿凡达》《变形金刚3》等几部电影的推波助澜，IMAX公司在中国得到了迅速的发展，目前已经有37块左右的银幕落户科普类影院和商业影院。虽然所有人都知道IMAX是好东西，但高额的成本使得一些中小规模影院对于引进IMAX望而却步。最早引进IMAX的北京UME影城经理刘晖介绍，整个IMAX放映系统的成本高达千万。8月8日，3D电影《蓝精灵》在北京UME影城双井店举行了首映活动。到场的媒体发现，放映《蓝精灵》的影厅门前写着大大的“DMAX”字样，与大众熟悉的IMAX洋巨幕仅差一个字母？DMAX是什么？翻阅手中的资料后，当天的观众发现DMAX有着许多吸引人的优势：银幕亮度高于IMAX近20%，这就意味着观众一直诟病的3D电影过暗的问题得到了解决？具备11.1声道音箱，这意味着现场的声音效果将更加震撼？整套放映系统成本只有IMAX的1/10，这意味着高票价将有下调空间？不仅如此，DMAX还有另一个响亮的名字——“中国巨幕”。带着诸多的好奇，当天的观众看完了整场电影。观影结束之后，新浪娱乐对一些观众进行了抽样调查，媒体人Y先生表示，DMAX的亮度确实比IMAX好，不过画面的质感还是稍逊于IMAX，不够细腻。但由于《蓝精灵》没有IMAX版本，因此无从横向比较。网友落拓枣认为，DMAX静态画面尚可，但是画面移动起来的时候，图像拖影厉害，让人觉得头晕，至于亮度问题，落拓枣觉得可能还是与影院灯泡功率是否开足有关。白先生觉得，DMAX的亮度没有像介绍所说超越IMAX银幕20%，只是差不多而已。网友小猫王则表示，DMAX的眼镜非常轻，画面十分细腻，甚至连蓝爸爸的胡子都看得很清楚，但是画面动起来时，有一些细节会变得模糊。对于这个名为“中国巨幕”的DMAX成本仅有IMAX的10%这一点，绝大多数人都觉得不可思议。北京UME影城经理刘晖介绍，DMAX影厅最大的成本主要来自放映机和银幕，这两项产品的花费在100万人民币左右。而同样来自UME影院管理公司旗下的UME华星影城，IMAX影厅的成本就超过了1000万。在北京UME影城，同样时间段的场次，普通3D电影票价80元，DMAX电影票价在90元左右，而IMAX的票价则高达140元。也就是说，DMAX比IMAX便宜40块钱，仅仅比普通3D贵10块钱。中国巨幕：初生即遭质疑为“另一个高铁”一切听起来都是那么完美。但当这个价廉物美的“中国巨幕”诞生的消息在新浪微博上开始传播后，质疑的声音立刻响起。有网友称：“任何地方都查不到这项成果的技术信息，这肯定是骗子伎俩。”“只炫耀亮度和大小，没有配套的，受行业承认的流程，没有独特的片源，就生产出一个灯泡，山寨货的特点全具备了。”“全是国外设备的拼接，没有一个是本国的，还号称自己世界领先，多像另一个高铁。”要搞清楚DMAX是什么，首先要知道我们平时观看的IMAX是什么。IMAX即Image Maximum的缩写，意为“最大影像”。是一种能够放映比传统胶片更大和更高解像度的电影放映系统。整套系统包括以IMAX规格摄制的影片拷贝、放映机、音响系统、银幕等。而DMAX则是“中国巨幕”的一种，D，指digital(数字的)，介绍中称，DMAX是一中国自主研发设计的巨幕放映系统，整合了多家公司提供的放映设备。和IMAX比起来，DMAX强调了国产品牌，造价经济，放映亮度高，片源不受限制等优点。这也引发了IMAX和DMAX之间关于专利权、产品优劣程度的诸多争议。到底DMAX是是想赚快钱的山寨货，还是反外国公司技术垄断的国货精品，多方一时众说纷纭？DMAX来势汹汹，自称“高质低价”，无疑将矛头对准了IMAX。承担DMAX系统主要研发工作的中国电影科研所所长，也是研发“中国巨幕”的核心人物杨雪培，在与新浪娱乐对话时，对DMAX这个名字并不以为然，他反复强调DMAX只是北京UME影城的商业做法，并不希望炒作DMAX的概念，“我们的目的不是和IMAX竞争，DMAX这名字只是符号，我不主张非要起‘××MAX’这种名字。我们强调的是中国自主知识产权的数字放映系统，将来别的影院巨幕系统也许还有其他的叫法。”杨雪培介绍一系列国外影院的巨幕系统，证明IMAX早已不是一支独秀，这其中就包括美国帝王(Regal)院线推出的RPX系统，AMC院线的ETX系统，喜满客(Cinemark)的XD系统，澳洲Villige院线的VMAX系统，这些都是IMAX之外的巨幕——号称拥有和IMAX相似的放映效果，却又都是各国自主的产品。杨雪培的一番解释，引出了“中国巨幕”的概念，对于网友普遍关注的问题，他也正面做出了回答。争议一：为什么没有公开技术信息？杨雪培认为，IMAX从拍摄、制作到放映，一直是胶片时代电影的神话。但进入数字放映时代之后，IMAX不再是一支独秀，“很多IT行业都发展起来了，为我们拓展数字化放映提供了非常好的基础。”杨雪培表示，电影没有数字化的时候，其他行业的数字化都发展迅速，这给电影放映数字化提供了很好的帮助，也使得IMAX的高端技术不再那么高不可攀，“电影不是一个研发基础课题，而是应用技术，能够把人家好的技术应用起来就好。”有网友认为中国巨幕虽然看上去比IMAX亮，但是能否达到宣传语所说的“比IMAX亮度高20%”，还是令人比较怀疑。DMAX的研发机构之一，中国电影科研所所长杨雪培介绍，IMAX的数字放映机技术来自科视，测出来的亮度是是30000流明，DMAX采用了巴可32B放映机双机放映，号称可以达到45000流明，也是吉尼斯世界纪录上记载的亮度最高的放映机，经过科研所测算，实际放映可以达到36000流明。所以可以肯定地说，DMAX的亮度超过了IMAX的20%。与这些验证观看效果的普通观众比起来，也有一些资深影迷关注到了DMAX的技术专利问题，网友magasa直言，“任何地方都查不到这项成果的技术信息，这肯定是骗子伎俩。”而到目前为止，全国也只有UME影城双井店大规模地对DMAX进行了宣传，这也不得不让人对“中国巨幕”的可信度产生疑问。如果DMAX真的从成本到观看效果都优于IMAX，那为何中国电影科研所从未对外公开宣布过相关讯息？为何没有申请专利？“中国巨幕”何时正式走向市场，与观众见面？为何到现在为止依旧没有足够的信息可以查询？杨雪培解释，“中国巨幕”目前已经进入了课题论证阶段，也正因为此，所以没有大张旗鼓地在网络上进行推广。“技术标准、影院建筑标准等都应该有基本的规范。”杨雪培说，“银幕亮度应该达到多少，银幕高宽比、坡度、扬声器有多少个声道……科研所正在规范放映系统的技术指标，预计在2012年正式公布。”杨雪培还强调，“中国巨幕”一定会申请专利，但专利获得批准尚需时日。对于DMAX的“低调进攻”，IMAX公司也打破沉默，在接受新浪娱乐的采访后，发来官方声明强调，“IMAX公司是市场的先锋及领导者，为消费者提供身临其境的观影体验，也吸引了若干跟随者效仿我们的品牌。我们欢迎良性竞争，并鼓励消费者亲身体验IMAX带来的优越观影感受。”而对于DMAX是否涉及侵权，IMAX公司目前没有给出答复。争议二：“中国巨幕”会降低巨幕电影放映门槛吗？IMAX作为目前最受欢迎的电影放映，对影片有极高要求。所有在IMAX放映的普通电影，都要经过一套DMR(数字原底翻版)技术的修复，IMAX公司通过数字化提高普通影片的影像和音响质量，使之适合在IMAX影院放映。经过这种技术处理后，影片的影像质量就能够达到观众期望的IMAX体验。每一年，在IMAX影厅放映的电影不过20多部，这也使得IMAX电影显得格外稀有。而“中国巨幕”号称不受片源限制，这也让许多业内人士产生怀疑，“中国巨幕DMAX”放映门槛相对较低，难免会有不适宜在巨幕上放映的电影滥竽充数。网友magasa称，“把这玩意和IMAX相提并论肯定是混淆视听，IMAX是从拍摄到后期制作到洗印到放映的一整套流程和独特技术，这个DMAX顶多是一套大功率放映设备。”相比IMAX，中国巨幕则对于放映的电影不加过多限制。普通电影画面，如果没有经过特殊的技术转换，在巨幕放映后一定会使得画面受到损失吗？这就成为了很多网友关心的话题。中国电影科研所所长杨雪培认为，这样的担心有些多余，他援引《现代电影技术》杂志2011年6月号一篇名为《IMAX的神话与数字电影时代的巨幕放映》的文章表述了自己的观点，文章称，“数字电影在全球的快速发展，2K放映系统特别是数字拷贝成本的不断降低，银幕亮度的不断提升，已使得画面完美地投射到了25米的银幕上……”文章还认为，结果横向比较《唐山大地震》和《怪物史莱克3D》两部电影在不同放映系统下的表现后发现，画面的亮度和清晰度几乎没有差别，这说明采用普通数字电影2K放映机进行巨幕放映是可以实现的，在关键技术上不存在明显的障碍。这就意味着，任何在主流影院放映的数字拷贝，都可以在“中国巨幕”上放映，这就意味着“中国巨幕”不会像IMAX一样受到片源的限制。但杨雪培也认为，能够在巨幕放映的最好还是通常意义上的“商业大片”，相对节奏较慢的文艺片并不适合在巨幕放映，“《蓝精灵》开头那一段坐着鸟飞的情节，在巨幕观看就有一种失重的感觉，像是坐太空舱一样，如果没有那么大的银幕，就没有那么明显的感觉，巨幕让电影更具备了临场感。”争议三：“中国巨幕”为何如此便宜？尽管宣传资料上称DMAX系统成本仅需IMAX的10%，但参与DMAX研发的中国电影科研所所长杨雪培还是强调，只能说“中国巨幕”成本要大幅低于IMAX，究竟便宜多少还要视情况而定。俗话说一分钱一分货，那成本动辄超过千万，票价动辄过百元的IMAX是否真有过人之处呢？杨雪培表示，IMAX拥有多项专利技术，在某种意义上还是处于垄断状态，影院要拿出相当一部分的票房收入和IMAX公司分账。此外，IMAX公司每年都要向影院收取版权许可费用，这笔费用在7万美元到10万美元不等。杨雪培甚至还认为，“IMAX影厅建设费用超过1000万人民币，个人认为有一半是IMAX品牌的价值。很多美国人都不理解，为什么你们中国有那么多IMAX影厅，我们都买不起。如果各类费用没有那么高，IMAX票价也不至于高那么多。”尽管DMAX系统在各个环节还是使用进口品牌，但最近几年，许多具备独立知识产权的放映系统配件逐渐走到了市场。杨雪培表示，国产的大功率数字疝灯灯泡，凭借物美价廉的优势，已经远销海外，“他们卖12000元，我们卖6000元，以前影院用的都是欧司朗、飞利浦这样的进口货，现在越来越多的影院开始使用国产灯泡了。”此外，国产20多米高的金属幕也已经在安徽马鞍山开始生产了，美国的公司曾专程去考察，并且准备开始从中国订货。此外，维持双机放映图像重合的图像处理器，中国也具备了自主的知识产权。这些应用都将会在“中国巨幕”中出现。部分核心产品的国产化，也是“中国巨幕”降低成本的原因。这些设备不再依赖进口，拥有独立的知识产权，也不会被外商漫天要价，一定程度上争取了主动。虽然中国放映设备的国产化逐步提高，但杨雪培承认，巨幕系统中两个非常关键的环节：放映机和服务器，还必须依赖于进口。而放映3D电影的灵魂组件——3D设备，目前绝大多数也要买老外的。DMAX刚刚面世，同IMAX比起来放弃一定程度的品牌价值，用低廉的价格来吸引影城加盟，是再好不过的办法。而将许多放映设备做叠加的方法，也颇似电脑城里的兼容机，也就是俗称的组装电脑，虽然配置不逊于品牌机，但价格显然会便宜许多。正如杨雪培所指出的，“中国巨幕价格要视情况而定”，这就与兼容机可以根据顾客要求，自由选择机能不一的电脑配件有异曲同工的感觉。争议四：DMAX到底是不是兼容机？标准的IMAX银幕尺寸在22×12.5米以上，而UME双井影城的DMAX银幕尺寸为20×12米，比标准IMAX略小。北京UME影城经理刘晖介绍，UME华星店的IMAX影厅有387个座位，而UME双井店的DMAX影厅则有360个座位，不过两个影厅面积到底分别有多大，刘晖也没有详细的数据。再来对比一下IMAX与DMAX的“配置”。长期研究影院放映技术的行业专家赵松(化名)介绍，虽然其他公司会帮助IMAX制作定制产品。比如数字芯片是与德州仪器的DLP(数字光处理)设备进行的合作，数字放映机是科视授权的，但IMAX的核心技术都是自己的，是一整套完备的放映系统，每一个环节都打上了IMAX的标签。而DMAX的设备则来自多个供应商，放映机来自比利时的巴可，银幕来自英国的哈克尼斯银幕，音响则是巴可公司的11.1声道音箱，3D设备是韩国的Masterimage。赵松总结认为，IMAX就好像是个人电脑中的品牌机，DMAX更像是个人电脑中的兼容机。这个比方非常生动，也衍生初更新的问题——巨幕系统的售后服务如何解决？IMAX公司的工作人员介绍，IMAX的放映设备如果出现程序问题，会有专人进行远程数字登录解决问题。如果是胶片和硬件设备出现问题，公司会派专人前往影院解决问题。除此之外，IMAX公司还会对客户购买的设备进行半年一次的定期检查，第一年不收费，以后需要收费。刚刚开始推广的DMAX目前尚未开始面对维修问题。但显然，在这一点上，它远远不及IMAX的一条龙服务。所有来自世界各地的产品，都需要由相应环节的供应商来做维护。放映机坏了，就要找放映机的供应商，3D系统坏了，就要找提供3D系统的公司。中国电影科研所所长杨雪培希望，“中国巨幕”将来也要有专业的维护团队，实现像IMAX那样实时在线维护，并且将各个行业技术融合到一起，“反正不能让IMAX垄断这个市场。”结语：中国巨幕来势汹汹，获得了媒体和行业内的广泛关注。但到底它与IMAX相比效果如何，由于《蓝精灵》没有IMAX版，因此还无法做直观的比较，但中国巨幕迟早要与IMAX正面交锋。在这场战役中想要获胜，光靠赚快钱的思路是肯定不能成功的。中国巨幕要想占领市场，除了要争取知识产权自主外，还有学习国外公司优秀的管理技术，专业的经营理念，以及数十年如一日的专业精神，这样才能将中国巨幕经营为“百年老店”，而非像“EVD”(一种数字光盘格式)等“中国概念”一样，成为昙花一现的商业噱头。中国电影科研所所长杨雪培认为，随着4K数字技术的不断完善，未来的数字放映将会以4K技术作为高品质的标杆，中国只要有200块4K银幕，就可以满足观众基本的观影需求。,2,9,0.8576303124427795
刘璇纪录片《那美》：疗愈孩子更疗愈成人(图)清晨跟晨曦对话，星夜与蛙鸣合奏，自己染布作画，也爬山，下水，烧火，做饭，关心小鸡的冷暖，植物的生长。这便是“灵性教育”倡导人萧望野在云南大理的教育实践。她创办“那美”，目标很简单，“让孩子从小对世界有一种理解力”。而在纪录片《那美》的导演刘璇的镜头里，伴随被唤醒的孩子们的灵性的，还有父母们的焦灼逐步被疗愈，以及那些温和而不失刺痛的社会反思。“这个社会主流人群的状态还没被记录下来”影片开始，是一帮妈妈带着孩子来投奔萧望野的“那美夏令营”，灵性教育，是她们缺失且期待的，“我从小给女儿买很多很贵的芭比娃娃，但是，这是她真正想要的童年吗？仔细想想，是在满足自己的虚荣，弥补物质匮乏的童年。”或者，“过了三十，事业更成功，但是更困惑了，幸福感？好像没有增加。”妈妈们的访谈，贯穿纪录片始终，她们带着困惑与期待，到大理赴约，希望现在自己感受到的困惑与无力，几十年后不会在孩子身上重演，而这个愿望的实现，首先起步于童年教育。“她们从天涯、豆瓣上知道萧望野，了解了她的支教经历，从广西到云南，她一直在坚持自己的‘灵性教育’。萧自己也有一个女儿，通过她不定期组织的‘妈妈互助会’，妈妈们觉得‘那美’会是一个好的契机。”刘璇聊起她的拍摄初衷，“好多纪录片是关于风俗人情、少数民族，或者边缘人群，比如矿工，我们因为关注而关注，但他们自己其实并不会看到这些作品。并不是这样的作品不好，只是，这个社会主流人群的状态实际上还没有被记录下来，整个时代是什么样子？包括精神状态、世界观、价值观，是什么样的？就像我会关注历史中的时代主流，我想将来也会有人想知道我们这个时代的主流人群，在面临和经历什么？”不同程度的焦灼，是几位妈妈面对镜头时说的最多的，而孩子这面镜子，更映射出她们在当下的困惑与局促，当物质生活日益富足时，哪些美好正在悄然流失？或者说，从一开始就被扼杀了？萧望野代表了一种希望，“比如，我们不会在教小孩画画时，让小孩在一个框框里填颜色，那是强迫小孩服从于一种标准。像鹦鹉和猴子那样模仿别人的课程，不能带来精神力。”在她看来，心灵像一面镜子，去反射精神的光，“反射得越明亮的时候，我们把这种状态叫灵性。”“国外的艺术教育已经很成体系”“那美”原是萧望野在广西做义务教育时的地名，外人看来，很偏远，环境也相当糟糕，但她欣喜于“获得了充沛的时间来阅读、冥思、祈祷和反省”，还完成了《那美》这本书，后来学校因为种种原因关闭，一帮理念相似的朋友，又助她迁到大理，继续“那美”身心灵合一、与应试不太相关的教育事业。片中，孩子们清晨需跟晨曦对话，星夜与蛙鸣合奏，自己染布作画，去洱海源头寻找自然的能量，看白鹭翩飞，也爬山，下水，烧火，做饭，关心小鸡的冷暖，植物的生长，每一次的学习，都身临其境，因为“那美”的理念就是，“要对色彩、音乐、语言、文字、文化……有一种精神范围的研究，这样它们才会真正有生命”。“其实国外的艺术教育已经很成体系，比如德国的华德福教育体系，就被认为是未来教育的典范，它提倡必须有一套能照顾孩子身、心、灵整体发展的教育方式，它的理念就是，我们不应该问一个人生存于现今社会应该具备哪些知识与能力，而是应该问，这个人的内在潜能是什么？以及他的发展方向是什么？”刘璇坦言，目前在国内讨论这样的教育模式，还没有很好的气候，“办学还是得有统一的教学大纲，但有了大纲，又何来区别？”甚至，为了电影能顺利立项，纪录片也只好选择了“那美夏令营”这个角度。对孩子们来说，这是个趣味盎然的夏令营，比3D电影来得更立体过瘾，而对他们的妈妈们而言，更加意义重大，“我觉得我受到的影响，比女儿要多”，而这也正是刘璇和萧望野温柔呐喊的初衷，“影响父母，解开他们的困扰，当他们不受束缚了，孩子的灵性开发才可能事半功倍。”对话刘璇“有很多人想要突破”记者：你曾在徐静蕾公司当制片人，为什么出来拍部纪录片？刘璇：到2008年的时候，觉得自己有点浮躁，跑来大理调整，之后每年会有半年时间在这儿待着一直想拍个纪录片，回来正好遇上“那美”，这个题材不那么表面，有得拍。其实当时还采访了两位著名画家，其中台湾70多岁的知名画家韩湘宁就说现在大陆的教育状况很像他小时候上学时的台湾，有很多人想要突破，而后来确实也实现了。记者：如果“那美”成为一种长期教育模式，这样的冒险成本会不会比较高？刘璇：能做这样尝试的家长，一是他有在物质和精神上足够的自信，可以让孩子自由发展；第二是他对教育体制很失望，期待改变。“那美”可以打动很多成年人，是因为时代和生活确实遇到了一些问题，要不要改变？怎么改变？这是非常值得探讨的问题。,2,5,0.5555868744850159
孔子动画亮相纽约广场 携现代山东老乡作揖问好据新华社今晨消息，中国历史上广为人知的先贤孔子的行教画像10月1日以全新的“作揖行礼”的动画形式亮相“世界的十字路口”美国纽约时报广场，将中国人自信大方的谦谦君子之风传递给世界。   ●形象短片孔子携现代人作揖  传达“仁”与“和”这个长度为30秒的短片用富有感染力的水墨画描绘孔子形象，以孔子标准的“作揖行礼”动作贯穿整个短片。片中孔子两手相交，手心向上放在胸前，身子向前略倾，表现出谦恭礼让。短片于10月1日在位于时报广场2号楼、由新华社租赁的238平方米户外液晶显示屏上播出。每年有近一亿人有机会一睹孔子及其故乡的风采。片中选择了不同年龄、不同性别的山东人，以孔庙大成殿、泰山、黄河及青岛海滨等场景为背景行作揖礼，片尾处则是孔子带领这些现代山东“老乡”全家福似的一揖。动画版的孔子形象创意来自唐代吴道子的《先师孔子行教图》。孔子作揖，传达的是中国传统文化中“仁”与“和”的精神，而现代人的作揖则是对这两种精神的传承。近年来，随着儒家文化的复兴，世界对孔子思想的认同感日渐加深。截至今年5月，全世界已有100多个国家和地区建立了300多所孔子学院和400多个孔子课堂。●市民反应“真想亲自去孔子老家看看”纽约市民勒迈尔在时报广场上看到孔子的画面，觉得非常新奇，他说没想到自己在课本里学到过的几千年前的中国圣人会出现在时报广场大屏幕上。“这说明古老的东方文化在今天依然具有影响力，而且是可以跨越国界、互相借鉴的。真想亲自去孔子的老家山东看一看。”他笑着告诉记者。●专家解读象征中国国力上升美国佩斯大学孔子学院副院长周燕玉表示，9月28日是孔子诞辰2562周年，10月1日是中华人民共和国成立62周年。孔子形象在这个时间段亮相时报广场特别有意义，不仅向世界展示了中国的古老文化，也象征着中国国力的日益上升。“儒家思想所倡导的仁者爱人、天下一家的思想在当今全球经济不景气、地区冲突不断的背景下显得格外重要。”她说。整理/记者 程磊,2,5,0.9182245135307312
乔布斯去世引娱乐圈震动 与娱乐业渊源深美国苹果公司5日宣布，该公司前首席执行官史蒂夫·乔布斯已去世。享年56岁。消息一出，竟在微博上引发了从明星到草根的全民刷屏运动，这大概就像微博网友崔斯坦说的那样：“作为一个‘科技见仇’，我知道乔布斯是因为动画。在没见过真人照片之前，他在我心目中一直都是伊娃的样子，而其他人则像瓦力那样痴迷着他。”乔帮主与娱乐业的渊源到底有多深，要从皮克斯动画工作室说起。    1986年，前身是卢卡斯电影公司旗下工业光魔公司的电脑动画部的皮克斯动画工作室(Pixar A nim ation Studios)，被卢卡斯包装成电脑硬件公司出售。当时刚因苹果公司政变，被扫地出门的乔布斯以500万美元的价格买下了它。在乔布斯的经营下，1987年，皮克斯的第一部短片《台灯父子》(LuxoJr)获得奥斯卡最佳动画短片提名；1989年，动画短片《锡兵》(Tin Toy)赢得了奥斯卡最佳动画短片奖；1995年，皮克斯与迪士尼合作的第一部动画长片，也是影史上第一部完全由电脑制作完成的动画长片《玩具总动员》上映，成为了当年的北美票房冠军！《玩具总动员》的成功，让乔布斯拥有了10亿美金的身家，也让濒临倒闭的苹果公司的高层，看到了乔布斯的能力，1996年12月，乔布斯以胜利者的姿态，重返苹果公司。2006年，迪士尼以74亿美元天价买下皮克斯。乔布斯从此成为手握迪士尼7%股份的第一个人大股东。自1986年起，皮克斯动画王国出产了11部动画长片和19部动画短片，不仅给全球影迷带来无数欢乐与感动，更实现了动画电影票房、技术上的完美飞越，毫无疑问，当中乔布斯本人与苹果公司都对皮克斯作品产生了不可低估的影响。娱乐圈大佬们这样说著名导演乔治·卢卡斯：史蒂夫的魔力是当其他人安于现状的时候，他却能看到所接触的所有事物真正的潜能，并在追求梦想的道路上永不妥协。迪士尼首席执行官鲍勃·伊戈尔：乔布斯的遗产不仅局限于开发的产品或创立的事业，他激发了成千上亿人的灵感，改变了人们的生活，重新定义了文化。史蒂夫在彻底创新和想象力方面是那么的“独创”，他定义了一个时代……他的过世使世界失去了一位罕见的创新者，迪士尼大家庭失去了一位成员，我失去了一位伟大的朋友。皮克斯首席创意官约翰·拉塞特与主席艾德·卡姆尔：乔布斯是皮克斯大家庭的指路明灯，他早于我们所有人看到皮克斯的潜质……他给了我们机会并相信我们制作电脑动画片的梦想……他将永远是皮克斯DNA的一部分。时代华纳CEO杰夫·比克斯：世界因为史蒂夫而美好，通过他创造的产品，我们公司述说的故事更丰富。他是一个活泼且无惧的竞争者、合作者、朋友。在我的一生中，社会充满不可思议的技术创新，史蒂夫是一个标志，他的遗产将被追忆千年。,2,5,0.4834645986557007
1500套《梅兰芳》服装件件都是戏(组图)推开第二道门，白衣如雪的梅兰芳正在画眉更衣。他有些心不在焉，因为他心里有一个女子———那个女子简单地留着短发，旗袍没有装饰。她是孟小冬。他们相遇相爱，然后别离。造型师陈同勋觉得只有白色能代表梅兰芳的气度，而得不到爱情的孟小冬旗袍的颜色都偏冷色调。“我要一个‘老’字了得。”这是陈凯歌对《梅兰芳》造型的指示。很简单，却也很难办。造型师陈同勋曾经跟陈凯歌合作过《无极》，他发现这是两个完全不同的活，“《无极》可以天马行空，但《梅兰芳》却要在最小的余地里做出最好的东西”。最后，他帮《梅兰芳》做了1500套衣服，连群众演员的衣服都是手工做的，全剧组光试装就试了半年。【角色造型】●梅兰芳 技巧：拉长“余少群和黎明的身材都比梅大师本人高大，但戏服穿着就好像度身定做，这事太神了，我至今想不通。”熟悉孟小冬的人毕竟不多，但梅兰芳家喻户晓，因此黎明的造型师是最难做的。好在黎明本身成名的时间很长，骨子里已经是个明星，这让他跟梅兰芳在骨髓里有极其相似的地方。我要做的，只是让他显得更内敛，更文静。他的衣服在裁剪方面都非常合身，而且要拉长，让他显得更修长，以加强旦角那种文弱的感觉。梅兰芳的衣服总共做了40套，黎明穿得最多。除了体现梅兰芳的风采，我还要做到一点———让他跟孟小冬在一起的时候有那种天衣无缝的和谐感。长衫最小的梅兰芳是于小彤扮演的，他也是新版《红楼梦》里少年贾宝玉的扮演者。他演的梅兰芳才13岁，处在清末，因此留着小辫子。这个孩子基本不用化妆，就是体现他的单纯，晶莹剔透。一笑，就透着一股无邪。这个阶段，他是穿长衫的。在余少群和黎明的阶段，他们的衣服就有了变化。同样穿长衫，早期下面打的是绑腿，穿的是布鞋，到后期就改为长衫内套着西裤，穿皮鞋。西装 梅兰芳的中年时期，他开始大量地穿西装。我找了一个老师傅，让他完全按当时的西装重现，这人原来在英国当过裁缝，做出来的西装很有绅士味道。梅兰芳在纽约大街演出的时候，有两套衣服——一件灰色偏暖调的西装，还有燕尾服。演出后，他有长达九次的谢幕——先是穿花旦戏装，后来换上燕尾服，最后换上中式长袍。每换一次，都是惊艳。戏服戏里，梅兰芳在舞台上唱戏的镜头，穿的都是梅大师本人当年的行头，总共有9套。有些行头，连梅葆玖都没上过身。有一套他唱《黛玉葬花》的，是梅兰芳早年穿过的，见过这件衣服的人如今都不在了。这衣服没有洗过，气息还在。有件事情很有意思。余少群和黎明的身材都比梅大师要高，尤其是黎明，肩膀很宽。但是，梅大师的戏服，余少群穿着特合身，就像专门给他定做的。黎明穿着，同样没觉得衣服小。这事太神了，我至今想不通。,2,6,0.5558232069015503
王家卫获聘香港公开大学荣誉教授(组图),2,7,0.4502341151237488
《歌舞青春》中国版预告片与海报曝光(组图)高清组图：《歌舞青春》中国版海报预告片曝光迪士尼原创出品的《歌舞青春》系列凭着魅力十足的青春偶像演员、引领潮流的音乐以及活力四射的舞蹈，让人热血沸腾的歌舞盛宴，令全球亿万观众为之痴狂。从首度曝光的前导预告中，可见中国版的《歌舞青春》保留了原版系列的魅力与精髓，而在选角方面，中国版也与美国原版的策略一样，启用了一批青春靓丽、歌舞双全的新人出演。这款前导预告虽然仅约一分钟，但已展示了6位活力四射的主演——张峻宁、马梓涵、袁成杰、顾璇、刘晏辰和林琪炫目热辣的舞步和青春无敌的魅力，叫观众眼前一亮。影片预计2010年暑期上映，让我们一起期待这部属于中国观众的《歌舞青春》吧。Disney/文,2,5,0.4079231023788452
威尼斯对话黄圣依：我做人有目标有行动(组图)电影中的白蛇因为一吻与许仙定情，追求爱情的勇气和行为相当大胆，颇有现代女性的作风，黄圣依在采访中不讳言自己也是有目标、有行动，对爱情用于追求。而自己与杨子间纷纷扰扰多年的各种传闻，对方也在几个月前多次称“感谢黄圣依肯让我利用”。对此，戏中的白蛇在现实生活中也自认清者自清，不愿做无谓的澄清，颇有几分出世的味道如今变身巨力影视集团的总裁，黄圣依转型幕后的时间与日程表也成了大家关心的话题，对此她称仍然希望能做5年的演员，争取在银幕上有更多的代表作，彻底转型幕后似乎还有待时日。黄圣依与李连杰(微博)首度合作：杰哥教会我很多新浪娱乐：你跟李连杰在这部片子里面的对手戏好像比跟许仙的还多，说一下你们俩的合作吧？黄圣依：是吗？我没有看最终的版本。新浪娱乐：而且特别多打戏，文戏不是很多。黄圣依：我觉得跟杰哥拍动作戏，一开始还是蛮有压力的。第一天拍的时候，我又兴奋又紧张，觉得可以拍打戏，一定会很酷。我为了拍摄的时候能减少一些因为我而产生的NG，我早在一两个月前就开始练习一些套路和动作。但第一天拍摄的时候，还是觉得跟练习时很不一样。因为练习的时候都是跟武行练，他们可能会迁就我，步伐也不是很大。第一天拍一个大长镜头，(是哪个长镜头？)就是新白蛇来找法海最后决战的戏，第一天跟杰哥拍就拍这个戏。我们从搭的那个台(金山寺)的门前，他往前进，我一直退的那场戏。这套动作我当时练了很久，基本上我退了三四步，他就把我从东边推到西边，他那股劲很大，就把我逼下台去。这个长镜头有好几分钟，我们打了七八次，就拍了好几个小时。杰哥就一遍一遍地拍，也没有怨言。拍完之后我就跟他说，不好意思，因为我的缘故才NG那么多遍。他也很理解，他说，所有女演员和他打都很紧张，他就叫我放开打，不要有什么顾虑。到后来，这场戏完成了之后，大家就熟悉了，我也放开了，之后的戏就容易很多。我确实在他身上学到了很多东西，因为没有我的戏的时候，我都会在片场看他怎么拍。因为他本来就是我超级喜欢的武打明星，他的《少林寺》、《黄飞鸿》我都看过。一直都觉得他拍古装戏吊威亚的时候特别的酷，所以没有我的戏，我也会去看。他吊威亚的时候动作实在是很漂亮。因为我以前也拍过威亚的戏，实在不容易。因为你需要在一个运行的过程中，要做那个POSE，要摆出造型，是很难的。但是他摆的动作永远都是很酷很有型的，所以我就有在一边偷偷地学习，找一点窍门。新浪娱乐：你有跟他交流过吗？黄圣依：有。他也告诉我其实有些动作是否百分之百标准并非最重要的，最重要的是你在镜头前定点的那个POSE，还有你的眼神。这个可能比你的动作是否百分之百标准更重要。我在他身上学到很多东西，除了拍戏以外，他在生活上也教会了我很多。比如说我在开幕式上穿的那个天珠的晚装，最早是因为受了杰哥的影响(我才穿的)。因为杰哥对藏传佛教很有研究，他跟我说了这个天珠的来历，我听了就觉得一下子被带到那个世界里面。包括杰哥待人处事的方式(也影响了我)，因为他长期信奉藏传佛教。他教我，当别人对你不好的时候，你一定要用善良和微笑示人，因为这样才会有福报，对方可能因为你的态度而清楚自己的错误。可能是因为杰哥的缘故，我慢慢地去了解，我慢慢地改变自己，这些人生的感悟对我来说都是蛮有帮助的。以前我们去祈福的时候，都会说保佑自己怎样怎样，但他祈福的时候都是希望保佑身边的人、亲人、你爱的人，只有这样福报才会到你身上。这些道理都会让人心胸更加宽广，对待事物更加坦然。这个也是这个戏的缘分，而且杰哥演的这个法海改变了传统人们对法海的印象。原来可能是个反面的人物，从这个戏里面大家也可以看到，其实站在不一样的出发点，就可以看到每个人的观点、态度是不一样的。法海不再是原来神话里单一面具化的角色。他在拍戏的现场会站在法海的角度来修改台词，包括有些戏好像佛祖显灵的时候，就会感觉这个人跟法海是合二为一的。这是很神奇的。他每一次说哦弥陀佛的时候都有一种神圣的感觉。新浪娱乐：有哪些台词他自己加了，然后你觉得很好的？黄圣依：在戏里他有一句“佛祖，是不是我错了？”类似这样的台词。杰哥会站在法海的立场来想这个台词。在佛光出现的时候，他有站在这个点上，想法海在这个时候会怎样做，讲什么话。作为法海，他会帮助白蛇和许仙，这个人物会做什么不会做什么，杰哥都会去想。谈白蛇与许仙爱情 新版处理更现代新浪娱乐：这次白蛇和许仙的爱情是怎样的？黄圣依：白蛇和许仙的爱情一定是很凄美的，这是大家都知道的，一定是生离死别的那种。新浪娱乐：你诠释的白蛇有什么新的感觉，因为你毕竟是站在白蛇的立场去处理这个角色。黄圣依：我觉得我在某些地方会处理得更直接一些。因为以前关于她和许仙的桥段会更含蓄一点，现代人可能会更直接，喜欢就喜欢，不会那么含蓄了，这个可能会有区别。在服饰上面也不会那么繁琐，还有动作方面，也不会太古装化，会更现代。她的爱情观和价值观也会更现代的，会跟现代的年轻人比较像，我觉得整体会比较统一。新浪娱乐：你觉得你在现实中对爱情也会更直接吗？黄圣依：会吧。我是一个很直接的人，我觉得我跟她比较像的是，白蛇一旦选择了这个爱情，都会坚持下去，无论中间有多大的苦难，或者来自于法海的阻挠、警示，还有来自于她的朋友的劝告，还有她的同类，动物世界里前辈的告诫。无论有多大的阻碍，她都会坚持，即便这个坚持不是那么的完美。好像她水漫金山也影响了很多无辜的百姓，但是从另外一个角度讲，这种对爱的执着还是挺让人惊讶和感动的。我是一个有目标就一定会做的人，无论中间有多大的困难，我都会坚持朝自己的目标去前进的。新浪娱乐：这次白蛇和许仙相当于一吻定情，你觉得这一吻的魔力在哪里？黄圣依：白蛇好像是一个涉世未深的人，由蛇变成人。她到了人的世界，找到了爱，她觉得是很美好的。就像一个年轻人的爱情一样。这次的电影，无论是导演、编剧、演员都把整个作品做成一个大学生刚毕业，或者八零、九零后他们到社会上一样，他们是没有那么世故的，对待很多事情是很直接的，也会勇敢去承担。新浪娱乐：这次林峰的扮演的许仙跟原著不太一样，你觉得呢？黄圣依：这也是为了更符合当代的价值观吧，以前的神话人物的形象是蛮单一的。用现代人的眼光看，许仙就是老实、忠厚。现在时代在改变，人也在改变。以前白蛇是很强的一个人，什么都可以帮许仙做。现在这个版本让许仙更加强大，两个人的爱是相互的。这样更符合现代人的爱情观，爱情是双方的，不能是单方面的付出，肯定是有一个回馈的过程的。所以为了让现代人找到共鸣，这个几千年的神话需要一些改变才能让人更好的接受。请私教五年学英文 不是只为做总裁而准备新浪娱乐：你刚才接受英文的采访很流利，是专门为这次在国际舞台上展现而练的吗？黄圣依：怎么说呢，我这个人不会为了一件事去钻牛角尖。我觉得英文是一定要去学的。从我刚进电影学院念大一的时候，我是我们班上第一个偷偷地出去报了四级英语班的同学。我当时就每个星期去人大上课。因为我觉得不管做哪个行业，中国现在发展那么快，肯定有机会跟中国以外的人去交流合作沟通的，如果话都说不清楚，怎么沟通呢？我觉得这并不单单是做演员需要的，做很多行业都是需要的一个最基本的东西。其实我很早就有这个意识，但是拍了戏之后，时间就变得很紧，就没有时间再去强化，而且语言是需要环境的。所以从07年开始，我每天都带一个英文的外教，一直练习。其实做演员，时间说多很多，说少很少。很多时间都是零零碎碎的，在路上，或者在片场等待。有时候说说笑笑时间也就过去了，我就觉得不能这样，我就请了一个老师，老师一直在换，但是这个习惯是没有改变的。我觉得现在还蛮受用的，不但是来到威尼斯，其实在平时生活很多时候都需要用到英文。而且我们现在跟很多外国的公司合作，沟通都要用英文，所以要跟国外制片人沟通、看英文剧本，如果都要找翻译的话，等于中间多了一个环节。我现在直接可以跟他们谈话、沟通，我觉得还是节约了很多时间和金钱的。蛮受用的。新浪娱乐：你刚才说你做人很有目标，你现在也是公司的总裁，那你学英文是单纯为做总裁做准备吗？黄圣依：不是。就是觉得无论做什么，做演员、做总裁，或者做别的工作，都得用到英文。并不是说想到好莱坞发展才学英文的，而是干什么都得用到。像这样的技能，我是很好想学的。我本身是一个很好学的人，每一次跟人合作，像这次跟杰哥合作我都在学习。因为我觉得每个成功的人都是有理由的，没有人是无缘无故地成功。所以无论是导演、演员或是任何行业的杰出的人，只要我能接触到的我都会从他们身上学到东西，即便是一次短短的谈话。而且我本身也很愿意吸收这些养分。因为我觉得自己很弱小，需要不断壮大。新浪娱乐：是不是你本身很缺乏安全感，所以一定要抓住这些机会？黄圣依：因为现在这个社会是不进则退的，后浪永远是冲着前浪来的，人一定要不断充实自己，才能让自己往前走。我觉得现在还没到我享受的年纪，我一直觉得什么年纪就该做什么年纪的事情，年轻的时候不学习还到什么时间学习呢？到了年纪大的时候，想学都学不了。我妈妈现在60多岁了，还是每天在学习英文、书法、国画、交谊舞。我觉得这样的环境是很重要的。我现在的确都很紧张，每天就像冲军一样，五年没有度过假了。曾经有一天我说，我想到海南去度假，可不可以？最开始是杨子不同意，后来我自己也觉得算了，因为每次我决定要放假的时候都会有很多事情突然冒起来。所以我就跟自己说，算了，就工作吧。有时候作为女孩子，工作真的有很辛苦的时候，只能在家里哭一场之后然后正常地工作。黄圣依：传闻都是浮云 作品最重要新浪娱乐：你与杨子间纷纷扰扰多年的各种传闻，你们在几个月也前也作出回应，杨子多次称“感谢黄圣依肯让我利用”，你觉得你五年来承受这么多非议委屈么？黄圣依：生活中有太多的情绪了，这几年我学会了不需要什么事情都澄清。有很多人跟我说，有些事情要讲清楚，我觉得没必要，因为时间会证明一切，你把大量的时间浪费在解释上，就没有时间去学习，没有时间往前走了，我觉得这些都是浮云，有一天大家都会不记得，最终留下的是你的成绩。我希望以后人家提起作为演员的黄圣依，是有作品能够留下来的，其他都不重要。新浪娱乐：你和杨子的合作会延续么？黄圣依：他是一个很努力的人，他也在不断进步，我觉得如果每个人都有进步，那么每个人都有新的起点，这样的合作就可以继续下去，所有的合作都是这样的。但是如果一个合作的关系，有一方没有往前，那这个合作就会出现问题，其实任何一个合作都是这样的，方向要一致才能走得长远。五年内事业当演员为重 希望拍到文艺片作品新浪娱乐：你作为演员和巨力影视的总裁，今后事业会偏重幕后么？黄圣依：说实话，现在更重要的还是做演员，我真的希望能让大家认可我演员的身份，做出几个代表作，这是第一位的。其他相对而言都是辅助的。对于我整个职业生涯来说，肯定是演员加商人，但目前来说，近五年应该都是专心做演员。新浪娱乐：新片的计划能否透露一下。黄圣依：做完这部片子的宣传，10月份我会去香港拍一个戏。(是跟许鞍华合作吗？)不是。这个电影是个动作喜剧，到时候那个戏开新闻发布会大家就知道了。新浪娱乐：想不想拍文艺片？黄圣依：蛮想拍的，其实文艺片是比较小众的。它不像商业片要满足所有人的情怀，它可能是一个个人的东西，去寻找一些跟这个影片有共同情怀的观众。这会是一个蛮有趣的经历，因为我自己拍文艺片拍得挺少的。没怎么拍过，所以我蛮想遇到一个好的导演让我拍文艺片。当然，前提是导演跟自己是有共鸣的，大家追求的价值观是一致的，演起来就会有意思，文艺片中，我觉得导演和演员两者之间的气场非常重要。两者如果一致就会迸发出很好的火花，我很期待会有这样的合作。新浪娱乐：有这样的剧本找你吗现在？黄圣依：都有在看，有在选择剧本，也有一些项目在手里，希望大家能够快点看到我的文艺片作品。(新浪娱乐前方报道组 yehui/文 邹建/图并视频),2,5,0.8814722299575806
第79届奥斯卡金像奖颁奖典礼十大看点详解(图),2,5,0.37761229276657104
《木乃伊III》揭秘：“玩”出来的大型商业电影1999年，好莱坞二线导演斯蒂芬·索莫斯第一次执掌“大局”，联合世界电影特效大师乔治·卢卡斯(《星球大战》导演)旗下的“工业光魔”电脑特技公司，拍出特效至上、神出鬼没的《木乃伊I》，“古埃及风情+木乃伊千古之谜+好莱坞特效”这三板斧令该片在全球狂捞4亿美金。两年后环球电影公司趁热打铁推出了更神鬼莫测的《木乃伊II》，又在全球轻松卷走4亿美金。出乎意料的是，续集中新增的大反派“蝎子王”出人意料广受欢迎，于是又由他衍生出所谓的《木乃伊前传——蝎子王》。尽管该片票房差强人意，但投资较小，所以仍为老板赚了一亿有余，可见“木乃伊”这一品牌就像斯皮尔伯格的经典探险片“《印第安纳·琼斯》系列”一样可以继续复制、升级、重装上阵，直到把大家看吐为止。这就是商业至上的“好莱坞法则”。一个愿打，一个愿挨。有钱不赚是孙子。最新一集的《木乃伊III》又将卷土重来了，这一次，穷尽脑汁的好莱坞创意人员将“魔掌”伸向了咱国，瞄准了与“金字塔+木乃伊”同样吸引全球眼球、同为千古之谜的“秦皇陵+兵马俑”，并将李连杰(blog)、杨紫琼、黄秋生(听歌)、梁洛诗等众多华语巨星新秀招至麾下，在中华大地掀起好莱坞版本的“古今大战秦俑情”。可以说，《木乃伊III》此番劲吹“中国风”，甚至将上映日期推后到了2008年奥运前夕，届时全球“东望”，如此良机，精明到死的好莱坞又岂肯放过？本报记者日前获剧组邀请，奔赴上海车墩影城，一睹由李连杰扮演的秦王之“死”，一窥他在千年之后又从哪儿死而复生。相关导演和主演均接受了《精品》的采访。还要什么剧本？《木乃伊III》延续了前两部的“时空穿梭”与“巫咒复活”的套路。第一集已是陈芝麻烂谷子的旧事了，咱就不再赘述了，相信很多影迷对更经典的第二集记忆犹新：公元前3067年(居然还“考证”得有零有整的)，肌肉发达、骁勇善战的蝎子王在攻打埃及的战争中败下阵来，身边将士个个倒下，最后他把自己的灵魂卖给地狱之神阿努比斯，于是乌压压一大片蝎子兵听从召唤，成为他的死士，这支妖兽战队暂被凝固在时间的冰河里，每五千年复苏一次，当然，但凡他们一醒，地球人就要遭殃了，于是男女主角就又出场救世啦。《木乃伊III》的剧本几乎不用再写，简直跟第二集一模一样，只需把“蝎子王”换成“秦王”，把“蝎子战队”换成“秦俑战队”即可。从本集导演在自己的博客上透露出的“蛛丝马迹”便可猜出《木乃伊III》的来龙去脉只能是这样的：残暴无比的秦王(李连杰)杀虐无度，甚至想要“强抢民女”，没想到这个女人(杨紫琼)不一般，她会巫术，于是大施咒语，将暴君及其军队全变成灰头土脸的泥塑兵马俑封埋在地下宫殿。几千年后，某个狂热的军阀(黄秋生)将这帮千年老妖集体唤醒，又当然，但凡他们一醒，地球人就又要遭殃了，于是男女主角就又出场救世啦。难怪前两集的导演斯蒂芬·索莫斯和女主角蕾切尔·薇姿均以这一集的“剧本太烂”为由先后推掉了再度指挥和出演的机会。难怪有影评人如此评价“木乃伊系列”：欣赏《木乃伊》一定要先调整好自己的心态，无论你是多大年纪，你都要把自己调回到15岁的无知岁月。——话虽如此，可这个系列为什么还能在全球横扫票房如卷席呢？记者通过此次探班，再度验证“木乃伊”原本就无关剧本，始终拼的是大场面和特效。记者了解到，《木乃伊III》中将出现的视觉奇观包括：坠机登陆、穿越喜马拉雅山、遭遇雪人及雪崩、深入香格里拉、大战三头龙、横渡永生池、会变形的秦王及军团、天漠突围、终极大决战……还需要剧本吗？此系列的编剧真是太轻省了，三天写完，静等收钱，最近好莱坞编剧协会还上街罢工闹事儿，要求加薪抽成，真是身在福中不知福啊。所以再深想前两集的导演和女主角的此番辞职，十有八九是因为这俩人早已功成名就——前者不愁没大片拍，后者更已荣登奥斯卡最佳女配角的无上荣境，再不需要靠《木乃伊》这种有勇无谋波大无脑的电影来混个脸熟了，再演就该掉价了。至于“残留”下来的男主角布兰登·弗雷泽，近年来在好莱坞都快没人记得了，不演《木乃伊III》恐怕就没饭吃了，所以只有他继续担当“救世”重任，其实是在自救。这才堪称工业！ 剧本可以没有，美金可不能少上一毛一分。《木乃伊III》转战中国大江南北，在天漠搭下秦王及其战队在几千年前被咒语封存的宏大墓穴，旁边更有辽阔古战场和好勇斗狠的秦王的巨型头像。与精打细算捉襟见肘的国产大片相比，《木乃伊III》更大的手笔是包下了整个上海车墩影视基地，不仅将上海南京路重塑一番，更搭建起了一比一的“上海博物馆”，在摄影棚内再造了声势浩大、森然华丽的秦王宫。想想咱们的《功夫》《如果·爱》和《色·戒》吧，也都是在车墩拍的，可顶多只敢搭俩景，哪个华语剧组敢整个包圆儿啊？记者在车墩四处探寻，那哪儿都是剧组的人，重型机车、塔吊、人造光源更是随处可见。据制片人介绍，剧组成员竟达2000多人，总投资更是高达令人咋舌的一亿七千万美金。在车墩拍完以后，剧组还将开赴横店影视城的秦王宫基地出外景，导演甚至还想到西安的兵马俑博物馆实地取景，可惜咱国没给他们发“进门证”——想得美！总之记者在东游西荡的过程中心里可谓五味杂陈颇多感慨：咱中国的电影工业何时才能如此规范化规模化呢？这些拼的并不是钱，而是环境的培育和人才的培养。各个部门工种的整体素质上不去，到最后不仅浪费资金还影响质量，因为你的制作根基在那儿摆着呢，你又能盖起多高的楼？稍后记者在采访李连杰时，他作为对好莱坞体制和华语体制都再熟悉不过的“双重亲验者”，亦表示出相同的担忧：“《木乃伊III》剧组光化妆师就有三百人，但咱们华语电影经常拍到一半就找不到人了。所以我一直觉得必须要加强中国的电影工业。我一直想提倡办一所中国电影技术学校，它不像电影学院和中戏那样专门培养导演和演员，而是培养服装化妆道具等各个技术人员，他们在短时间内就能学到切实的技术，快速致用，否则我们国产电影的大多数人员都是身兼数职，无论你懂不懂会不会，摊上你就是你了。”李连杰进而对比举例说：“就拿洛杉矶来说，就那么一个城市，从事电影工业的人员就有十几万人，这些人有专门负责剧组的车辆停放的，因为大的剧组动辄就有七八百部车，到了现场怎么停放？这些方方面面都是需要专人来管的。咱们根本没有如此完善的制度，更不用说像人家建一个两三千人的剧组了。”是否值得期待？记者转悠完毕，进入搭建的重要内景“秦王宫”内观看李连杰与杨紫琼的一场“生死大戏”。秦王宫内，铺满青铜(当然由化工材料替代，但视感、触感均莫辨真假)，各种祭器、兵刃、图腾、塑像全都几可乱真。相比之下，记者曾在《黄金甲(blog)》拍摄现场所见的“满窗琉璃”，真可谓伪劣产品了。未几大戏登场——所谓“大戏”，不过是李连杰扮演的秦王一刀捅死杨紫琼扮演的女巫，咬牙切齿地对她说道：“你去地府吧！”尔后秦王忽然惊觉脸上渗出水来，慌张乱摸，登时满面乌黑，他极度惊骇，仓皇逃窜。——原来女巫死前已对他施咒，那满面泥水就是咒语显灵的标志，当然拍摄时只是简单化妆，更重要的工作需要在后期用电脑对李连杰的脸部进行一番完美的“描眉画眼”。李连杰介绍说：“后期特效会把秦王由人变成兵马俑的过程分解为泥人阶段、火烧阶段、风干阶段、成俑阶段和封沉阶段，至于更刺激的‘秦王变形’，就更全要依赖特技了。”新任导演罗布·科恩拍着自己的光头对记者笑着说：“你现在看到的情景跟最终在电影里出现的情景会完全不同，现在你看不到飞腾的龙、复活的兵马俑、效果超强的爆炸……想想上一集里的‘水墙追气球’和‘人头蝎子身’吧，你在现场一样看不到。”但问题是，上一集拍摄于2001年，当时全球绝大多数观众仍痴迷于电脑特效所营造出的非人间幻境，可如今《指环王》、《金刚》、《变形金刚》都摧枯拉朽般地逐一亮相了，“木乃伊”系列那谈不上有多出众的视效又有何强？更何况这位罗布·科恩老兄此前拍过的《极限特工II》和《绝密飞行》都是了无新意、不尴不尬的“巨型弱片”？能否拍好中国？ 拍完上述戏份，李连杰顶着剧中头套，拿掉胡子，换上一身运动服，接受我们的采访。记者最关心的问题是——自《霍元甲》以后，李连杰一直宣称自己不会再拍动作片，但“事与愿违”的是，从《投名状》(blog)到《功夫之王》，再到这部《木乃伊III》，无论是华语大片还是好莱坞制作，李连杰仍是一路打来，越打越“怪力乱神”。李连杰笑着解释道：“之所以接《木乃伊III》，是因为我跟导演是很多年的好朋友，同时我跟环球电影公司也是老朋友，所以大家就都说一起玩一次吧，另外片酬也合理，我演起来也不用费什么力气，那干吗不玩一玩呢？”说到片酬，记者一路追问实数，李连杰都笑而不答。记者又问李连杰在片中的动作戏份是否都是亲身上阵？李连杰爽快地说：“我要是不打，他们找我干吗？！”记者转而质疑李连杰所扮演的秦王到底有没有历史依据？他到底是哪一个秦王？李连杰顿时哈哈大笑：“《木乃伊》是大型好莱坞商业电影，所谓的背景和年代都是虚化的，但原型肯定是有的，你想想那个年代的皇帝，他的所作所为你肯定比我清楚。另外这个片子之所以选在奥运之前一个礼拜上映，也是出于商业角度的考虑——总之这个电影就是商业！商业！商业！”一连三个“商业”，让记者更加明白《木乃伊III》最终会是一部什么电影。——它是“玩”出来的“大型商业电影”。——只希望里面的“中国元素”能不跑调不臆想不搞笑，只希望李连杰能打得精彩……如果这两点首先做到了，便希望它能锦上添花，目不暇接，再续辉煌，全球大卖。,2,5,0.6338740587234497
《人鬼情未了》男主角穷困时曾与九人同住一屋身患胰腺癌的《人鬼情未了()》男主角帕特里克·斯威兹日前被证实病情稳定，但是他患病的消息仍旧引起演艺界震动。《纽约邮报》发表文章回忆帕特里克·斯威兹在纽约打拼时候的窘境，他曾经和其他八个人挤在一居室里，结婚的时候要为住房担忧。帕特里克·斯威兹的老友辛迪·亚当撰写文章说：“我很怀念我们在1986年首次见面的情景，他被一家电影公司请到纽约，那时候他总是在说自己艰难的生活。”当年帕特里克·斯威兹和其他八人挤在一间房租250美元的一居室里，这间房子总是有老鼠，他演戏之余，还要去贺卡店打工维持生计。直到帕特里克·斯威兹和妻子丽莎结婚，终于有了自己的房子。“虽然他成名之后还重新拜访过那间老鼠出没的房子，房子还是老样子，帕特里克·斯威兹却不是，那时候他已经有了豪华轿车，让我深受触动的是他对我说的那番话。”——“我感觉自己像条风干的牛肉，我总是像个大人物那样谈论自己，我可以自吹自擂，但谁又知道成功让我感觉害怕，到处都是恐惧、疼痛、艰难，前途并非一片光明，我的朋友离我而去，我经历了很长一段时间才重新信任别人。”帕特里克·斯威兹说，“当时我一直在想，有没有什么人愿意指引我呢？”竞报记者 张暄,2,5,0.5512039065361023
《蝙蝠侠：黑暗骑士》首张终版海报曝光(图)一张绝对可以令蝙蝠侠粉丝们尖叫的《蝙蝠侠：黑暗骑士》(The Dark Knight)终版海报今日华丽亮相，这张海报是在如火如荼进行着的“小丑”宣传活动中发现的。这张只是终版海报里的第一张，只呈现“蝙蝠侠”一人，燃烧的大楼炙热的光芒里，赫然展现出久违的经典蝙蝠标志，“蝙蝠侠”披着战甲，岿然挺立。《蝙蝠侠：黑暗骑士》(The Dark Knight) 由导演克里斯多夫·诺兰(Christopher Nolan)(《记忆碎片》(Memento)《蝙蝠侠：开战时刻》(Batman Begins)《魔道争锋》(The Prestige))执导，剧本由诺兰本人、《魔道争锋》编剧弟弟乔纳森·诺兰(Jonathan Nolan)还有《刀锋战士()》《蝙蝠侠：开战时刻》编剧 David S. Goyer联合执笔。本片将于今年7月18日北美上映！Moviesoon Cupidboy/文,2,8,0.5200497508049011
《变形金刚2》选择美国空军“埋骨场”为拍摄地Comingsoon的新消息称，《变形金刚2》又选定美国亚利桑那州的空军“埋骨场”(The Boneyard)作为一处拍摄地。美国空军“埋骨场”(The Boneyard)，全称为AMARC(航空维护与重建中心)，位于美国亚利桑那州南部城市图森(Tucson)，环绕于桑塔卡他里那山脉(Santa Catalina)之中，覆盖2600英亩面积，由美国空军物质指挥部掌管与整备其存放的各种航空设施。通常被俗称为“埋骨场”，是因为AMARC还承担着飞行器剩余零件的回收与使用过期机身最后处理的工作，另外从高空俯瞰这片辽阔庞大的航空设施储备场，极像尸骨遍野的战场，由此得名。目前AMARC储存了大约4200架航天飞机与许多其他种类的军用装备，它不单可以价值有效地节减税收，还可以在短时间内调度大量存放中的飞机-对停放在这里的战机采取防腐蚀与预先保存的措施，使其能在储存期间保持稳定的状态。另外，来自《空军时报》的消息，标题为“想在下一部《变形金刚》里上镜吗？”美国空军正在招募飞行员充当明年《变形金刚2》的临时演员，制片方想尽可能多地使用服役人员，并组成两队人马，分别定于今年6月2-4日、7月22-25日与7月16-17日、23日、8月22日、9月15-16日到洛杉矶参加拍摄，志愿者们必须熟悉武器与地面战斗操作，拍摄期间住宿饮食乘车费用由制片方报销。,2,8,0.8481176495552063
盖-里奇翻新《福尔摩斯》 推理探案变动作冒险当“福尔摩斯”遇上“两杆老烟枪”会怎样？答案还要问英国导演盖·里奇（Guy Ritchie），因为他最近已经接手为华纳兄弟执导一部新版的《福尔摩斯》，而且这次将和以往影视作品里的福尔摩斯很不一样。夏洛克·福尔摩斯（又译歇洛克·福尔摩斯）是英国小说家阿瑟·柯南·道尔（Arthur Conan Doyle）在19世纪末创作的一系列破案侦探题材故事的主人公，他头脑冷静、观察力敏锐，推理能力更是无人能及。此外他经常拿着烟斗与手杖，旁边总少不了好朋友华生医生。福尔摩斯是世界上被搬上银幕或荧屏次数最多的文学形象，诞生至今，已经有超过75名不同的演员曾在约200部电视或电影中演绎过这一角色，其中包括克里斯托弗·李、巴兹尔·拉思伯恩、威廉·吉列、杰雷米·布雷特等等。这次华纳的新版《福尔摩斯》（Sherlock Holmes）将根据莱昂纳尔·威格拉姆（Lionel Wigram）即将上市的同名漫画改编，在这部漫画中福尔摩斯丢掉了维多利亚时代的沉闷，成为一个击剑高手，赤手空拳制服罪犯，而故事也从推理破案变成了以动作冒险为主。编译：尼莫,2,5,0.5085157155990601
历代蝙蝠侠排座次 贝尔最高分克鲁尼最差(图)声明：新浪网独家稿件，转载请注明出处。,2,9,0.6376472115516663
低调而神秘的富豪低调而神秘的富豪一位辽阳媒体人对记者说：“刘忠田为人低调，而且不涉黑，不像袁宝?。”对于外界，忠旺集团非常神秘。在忠旺集团总部院里，有一座据称比厦门远华案中著名的“红楼”还豪华的小楼，专门招待来参观视察的领导。而占地18万平方米的忠旺集团内部，就像是一个微缩社会，吃穿住行都不用出门，外来者则须经过重重关卡，才能进入。辽宁的媒体和中央媒体驻辽宁记者站的记者，几乎都没有采访刘忠田的机会，许多记者都遭遇过被拒之门外的尴尬。忠旺集团一位员工告诉记者：“近期不用到集团来采访了，现在一切外来车辆和外来人员都不让进大门。” 刘忠田的低调，使人们对其产生了两种截然相反的印象，一种是认为他人很好，很随和；另一种则认为他很“牛”，而且是牛得不得了的那种。辽宁省某厅的一位官员就说，有一次，厅里组织本地媒体和外地媒体记者去采访，到了忠旺集团的大门口，保安连门都不让进，打了个电话，就说老板不在，无法接待。但没多久，这位官员就看到刘忠田的轿车驶出大门，扬长而去。对辽阳本地的官员，他也常常不买账。2007年时，辽阳一位官员带着一个急需贷款的企业主，到忠旺集团去请求帮忙担保，虽然来者以近乎哀求的口气保证说“对忠旺集团的担保会付出较高的利息”，但刘忠田未予理睬。但一位辽阳媒体人士以敬佩的口气说，刘忠田这人非常随和，也非常好心。他举例说，忠旺集团起家于徐家村，刘忠田这么多年一直对乡亲们非常好，给村民发米、面、油，对贫困户都是给上万元的现金。记者询问几位忠旺集团的员工对企业的印象，都说感觉像是在国企上班一样，一线员工每月工资2000元左右，在当地算是中上等，福利待遇较好，只要有大一点的节日，都会发二三百元，有时还会发油、面等。刘忠田很少出外应酬，大部分时间都是在集团内的各企业、车间里面走动，看到有问题立即指出来。“非常严厉，毫不留情面，但只是就事论事。”一位曾被训斥过的员工说。年轻的高管团队港隆实业董事长刘岩比刘忠旺大两岁，两人的人生轨迹相差极大，但最后却殊途同归，成为搭档。刘岩1985年毕业于北京联合大学，毕业后曾在北京一家低压器厂任技术员。在刘忠旺创办化工厂的时候，刘岩则在澳大利亚和新西兰留学，之后到香港创业。在港隆接手威力旺之后，2004年这家合资公司又变更为辽宁忠旺集团有限公司，刘忠田任董事长，刘岩则任副董事长。不过，据上市招股书，刘岩作为港方出资人和副董事长，并未进入董事局。一位忠旺集团的工作人员说，忠旺集团的负责人，就是刘忠田和刘忠锁兄弟，另一位执行董事勾喜辉负责管理日常业务，而“二把手”执行董事路长青，则专门负责上市事宜。勾喜辉与路长青都有专业背景，勾喜辉今年42岁，曾任长春市起重机厂工程师，后来到辽宁工作，从事铝型材模具设计，并进入忠旺集团任副总经理。刘忠田一向不抛头露面，即使是在路演和招股的过程中，也是由执行董事兼副总裁路长青代言，与投资者及媒体打交道。只有30多岁的路长青，是忠旺集团在2007年底从汇源果汁挖来专门筹划上市的高管，曾在投资银行工作，2003年加盟汇源，出任投资管理部总经理，后任董事会董事，在2007年2月帮助汇源果汁在香港上市。进入忠旺集团之后，路长青有了再度发挥专长的舞台，在金融危机之中，帮助忠旺集团改善了公司治理结构，引进风险投资，并成功地推动忠旺集团在香港上市。刘氏兄弟对企业的管理，几乎都是自学来的。其弟刘忠锁今年38岁，大专学历，曾担任过辽化纤维厂的供销科长，后进入忠旺集团，从辽阳福田化工有限公司经理一直做到集团总经理。一位到忠旺集团工作已经数年的员工说，平时刘氏兄弟很少在辽阳，大都到国内外的企业去考察、学习，一有好的经验、新的管理方法，就拿回到企业来试验。而集团办主任郑青山则更为年轻，仅有30岁，2001年在辽阳技术学院中文系毕业后就进入忠旺集团，主要负责企业文化建设、对外交流和党团工作，兼任集团党委副书记、纪检委副书记。(本报记者 高斌 发自辽阳),3,1,0.8480619192123413
"依诺维绅杨建伟：感慨10年发展与未来规划杨总：各位老朋友，还有很多我们认识很久的朋友，还有来自媒体的朋友大家下午好，谢谢大家这么炎热的天来到北京，来到我们公司，我感到非常高兴，今天也是一个非常特别的日子，大家早上听说有日全食，不知道有多少人看到了，我刚刚在电视上看到的。 另外,今天对于我们公司，是庆祝中国成立十周年和大家一起进行一个新系列产品的开幕会的日子，去年代表设计师讲了一下，今年派我来了，希望大家捧场。今天我跟大家聊一下我们08年产品销售总结，我会分两个产品系列，第一是我们大家所说的去年的产品，第二个是09年新的产品的系列，这两个系列进行交流之后，我会跟大家聊一下我们下一个五年，依诺维绅中国发展计划。08年大家都知道，依诺维绅的产品，说实在话我们现在的产品会觉得很杂，08年我们有一些成功的地方，也有失败的地方，我们推出了一些传统的产品。08年我们补充的是棉垫的产品系列，在中国目前还是比较时髦的，我们的产品能够明显递增的就是ISTYLE系列，还有去年超强超厚的产品，目前得到市场的认可，并且开始销售。下面我们怎么去走，这是我们09年，包括现在09年中间，2010年马上就来了，另外金融危机，全球都有一定的影响，大家的心态都有一定的变化，美国市场刚从这个月开始走向稳定，我也希望美国的市场可以回暖，毕竟说我们中国的经济和美国的经济捆绑在一起的。回顾一下我们依诺维绅的发展历史，在座的很多人对我们十年发展历程都非常的了解，我们把我们的产品如果按照功能，我们依诺维绅是强调做功能，我们总结为四代产品，大家都知道，这个LOGO，我估计有十年的经销商，这就是十年前在中国我们做市场推广时候做的LOGO-THE NATUAL CHOICE，最早的是棉垫系列，1999年的年初进入中国销售，大家看到这款产品应该非常熟悉，这款产品是1978年设计的，到现在还是非常畅销的产品，进行工艺非常的简单。图为LOGO-THE NATUAL CHOICE    第二个产品大家知道欧姆沙发，这两款产品到现在到处都是，原创都来自于依诺维绅，后来到迷你沙发，如果把这个总结的话，这是我们第一代功能产品，当时卖的就是简单的沙发床，只不过产品质量和设计上有所突破而已。    生在中国必须适应中国的国情，我们以前一直用的是依诺维绅的英国的商标，但是在国际市场上必须适合国情。这是大家了解的产品，我们的设计师在餐巾纸上画了这个产品，这就诞生了纸沙发，这是全球工艺的创新，包括斯莱沙发，还有舒派沙发，这三个功能是第二代产品典型的代表，但是舒适性上明显提高。    第三代产品我们是基本往更高端走的，第三代产品增加了功能，开始进入了客厅产品，大家知道我们05年在798拍了一些产品目录，刚开始的时候市场是不错的，但是今天回头总结的话，我们发现当时的产品背离我们公司的强项，所以我们今天最终选择放弃了这个产品。    针对客厅研发的就是欧斯沙发，卡斯这样的，基本是初期的功能沙发，可以进入客厅的演变，还有我们今年初的科博，还有斯利带有扶手的沙发，这是我们第三代带有功能的产品。    第四代产品是功能客厅和休闲客厅，因为做了多少年依诺维绅的沙发，我们说消费者买依诺维绅的产品，下面是客厅和卧室。而我们第四代产品争做第一选择，还有我们出了第四代功能产品，这个是休闲斯浪，进身非常大。图为功能客厅和休闲客厅    还有超舒适的比特，比特的销售在明显的上升，而且舒适度非常高，他的销售面积目前很高，还有我们说的朗格等等，这些沙发由于价格比较贵，在消费者接触的初期是比较难的，但是我们从市场的收入和反馈，目前第四代功能性的产品，已经开始得到市场的认可，因为你掏一二三的价格，买的产品是一样的，这是我们依诺维绅的目标，这个目标需要慢慢的实现。    还有浪合这款产品，我们做的是品牌的设计，这个产品在丹麦的家居品种里面功能上是超前的。还有新动感系列，这是2001年的产品改型的。    第四代新功能产品出来大家发现，像这款艾维特，功能的展示和方式和以前都是不一样的，像艾维特，莫泰，这些沙发都是标准的沙发，也展示出了沙发床，并且舒适性非常高。这款产品有90和1.4米的，90厘米的不占用书房的空间。    09年到2010年的BOHEMIAN系列，也是我们目前销售的主题，我们也想把沙发床这个系列做大做强，第二个做的是延伸我们的产品强项，这个需要很长的时间奋斗，也需要市场的认可。    另外我们今年在这个系列产品当中做了比较大的改变，增加了不同的产品选择，不同的价位，这类型的也比较多，增加了我们产品系列的竞争能力，第二个是去年大家知道我们的客厅销售最多的面料是花纹面料，今年我们在花纹面料上做了很大的工作，我们大家看到我们的报纸上有设计师写的话，我们感觉非常的吃惊，所以我们今年开发的面料比较多，根据我们功能客厅开发的做了很多的小产品推介，还有细化我们的消费要求。    关于 BOHEMIAN新面料，我们开发了丝绸、亚麻，还有纯毛料，还有真皮，以前做过很成功下面我们会做真毛料和真皮，陆续的产品开发有一个前提，每年都受限的，我们的新产品会陆续的推出，像以前受制于一年开发期限。这些面料都是设计师通过中国的文化灵感做的，我不知道大家对这款面料认识不认识，这个看到我们评估中国最传统的纹路，而且有新增的花纹。这款面料同样是餐厅里面很简单的，比较传统的中文的纹路，但是现在目前我不知道市场的反映如何，但是都是通过中国人的喜好和消费者的喜好研发制作的。新的不同的产品，大家看到的是功能客厅开发的，包括单人的沙发，还有比特单人沙发，舒适性都非常好。还有浪合单人沙发，这部分都是消费者有不同的需求，需要单人的产品。今年的茶几做了相当一部分，我们今年开发的茶几前后开发了四十款左右，但是最终选出来的实在太少了，做产品研发真的非常非常累，这款产品只是一个小茶几，大概50厘米，玻璃面也有几种选择，这是一个双层的，这是80的茶几，这是一个96的，基本上1米直径的双层的茶几。    BOHEMIAN今年的市场推广，我们引用一句话，在市场推广方面，有时候我们说不愿意做和别人一样的事情，所以我们今年会有一些创新，但是不知道市场会不会接受，今年我们选择报纸印刷，我们也是第一个做目录，因为根据你产品研发的需求，市场变化的超速发展，随时跟进，所以报纸是非常好的推广的工具，今天我们做报纸，是一个创新，也是想尝试一下市场有没有不可能的事情。店面推广基本是白色的概念，去年开始推广，很多消费者都可以接受。广告方面，1999年“时尚家居”第一期制作的时候，我们就和他们合作了，各种平面的媒体我们都尝试过了，所以我们与时尚的合作一起保留着，但是广告方面，我们采取的更多的是网络，包括百度的词汇搜索，谷歌，新浪、等广告的宣传，这些广告可以找到我们最终的消费者。还有我们联合当地的经销商进行当地的广告合作，我们想刺激消费者在网上下载我们的目录，去年下载差不多1万本，我们我们不知道能有多少本到我们的消费者手中，第二个印这个目录达到什么样的目的，我们今天更希望消费者在我们的网站上下载这个目录，去年超过1万本，如果今年超过2万本，对于我们厂家成本是比较节省的，但是需要推广我们的网络。这个产品从白色界面推出目前是两年的时间，我们今年的重点也是依诺维绅全球的重点，就是这个产品系列，我们目前在全世界推广的，包括欧洲、美国也好，都是核心产品，去年的营业额我们希望每年有20-30%的递增，我们的受众年龄是25岁到45岁之间，另外产品随着市场的需求，我们会一点一点的研发，你要一下子推出很多产品让市场接受不了的时候，你会很失败的，所以我们会慢慢的完善这些产品，我们会丰富产品系列，特别是消费者要求方面。如果我对大家说一下我们产品的总结，我们1999年推出这块，大家看到这边，在我们的用户也好，我们的产品目录也好，我们只是满足部分消费者，我们只关注消费者，我们从来不提我们的竞争对手，因为竞争对手永远是跟着你屁股走的，你们要想作出你的东西，你只能往前走，因为消费者是你们的目标，这是我们BOHEMIAN LIVING系列在市场上一直生存的原因，我们也希望作为经销商，你们今天在市场上有很多的竞争，你们更大的是应该看消费者是哪些，那是你们的财富来源，而不是你们的竞争对手，你们的竞争对手打折销售也好，对你们没有好处，我们作为厂家也是这个目标，这是我们BOHEMIAN LNVING产品系列的总结。明天我们会对这个产品有详细的解释，我希望在座的各位在现有的基础上会发挥这个产品，因为这个产品的潜力对我们非常大，我们投入这么多，我们也希望把这个产品系列做的更好。    下面给大家介绍一个新的产品系列，就是依诺维绅今年做的第一个产品系列，包括我们下面还要推出另外一个产品系列，这是陆陆续续正在完成的，大家看到这个标，这是刚刚推出REBEL，翻译成中文就是“叛逆”，在座的小孩子的都知道，你说一句他顶你三句，所以我们这款产品从追求和消费都是非常不一样的，所以说REBEL这款产品基本是位年轻人设计的，它有一句话“走自己的路”这是我们REBEL产品系列的中心思想。THE NATURAL CHOICE  自然选择   1985-2001ONE ROOM LIVING     我的空间   2001-2007INNOVATION REBEL    叛逆生活   2008-2012                                 这个产品系列是从三个不同的阶段发展到今天，最早从85年到2001年的时候，那个是第一代，第二代是01年到07年的时候，今年和下面四五年，我现在写了一个叛逆生活的目标，这个是我们下下面四五年的作题，这些年我们每年的瞄准目标都是不一样的，从自然的选择，到每一个系列都是年轻三到五岁，我们大家可以看看以前的产品，这是1995年的产品封面，那个时候还是追求25岁左右的年轻人。还有97、98、99年的，这是我们当时在中国推广的第一本目录。2001年的时候开始推的感觉是更年轻了，当时所说的主题就是我的生活我的空间。还有04、05年，当时这个系列，基本到05年，这个是中国销售的最后一本在丹麦制作的目录。99年到2005年我们在中国的销售基本和丹麦是一样的，全球都是一样的，但是04、05年我们当时感觉非常深的就是我们瞄准的消费者，他的购买能力和我们产品的消费者中间相差非常大，产品的价格和我们我们瞄准的消费者完全不一样，所以我们05年开始停止采用和丹麦一样的目录，后来干了几件事情，都市生活这个系列是非常不成功的系列，后来我们又推出了一个系列，尝试不同的路，选找依诺维绅在中国的落脚点。这是都市生活当时做的，产品基本不成功，销售两年之后基本就消失了，所以价格有一定的吸引力，最终还是被市场淘汰了。我们把REBEL回归中国有几大原因，本身REBEL国际化积累的经验也好，国际的销售也好，都有非常的优势，因为我们FUTON系列销售全球第一的，另外我们看到国内的购买力明显的增加，八零后、九零后，他们的父母都花很多的钱给他们的子女购买很多的产品，把我们以前的REBEL从18岁到35岁改到现在的14岁到21岁，叛逆的年龄，我们的产品基本为这个而做的，另外我们重新定位产品价格，整个产品价格基本和当年的价格相差非常大，基本的产品定位是1200-1800元左右，但是整个产品结构和以前是完全不一样的。主要的是为了满足现在14岁到21岁之间这帮年轻小孩他们的个性需求，另外发挥我们最早推出的DIY，让年轻人选择自己喜欢的家具，目标很简单，就是说市场独一无二的家具，引领潮流。另外我们看看看消费者，这是我们在街头拍的照片，大家看看这些女孩子都有多大，我们在日本，沿路找一些女孩子说拍一些照片，拍完之后，你看最大的不超过17岁，最小的是12岁，她们穿的服装非常的新潮，大家去日本109看一下，那的年轻人非常的疯狂，穿着非常的张扬与野性。下面我讲讲REBEL系列特别的外套，有一点像服装的感觉，这个感觉是来自于每个时尚的灵感，我们也在街头拍的模特，他们的外套就形成了这种感觉，完全是一种面料的混合。这款产品，大家都知道骷髅头，这些女孩子的装饰都有很多的骷髅头，我们去的时候找到很多的灵感，然后做了沙发的外套，面料和五角星的组合，这些组合都有一定的背景，我们当时拍这些照片基本是马路上，酒吧里，迪厅里拿着相机就问别人让不让拍照片，回来都做了REBEL的系列，包括这些和平的标记，和平的爱，都有一定的原因的。这也是一款棕色的感觉，做的外套，这是我们当时做的纹身的，最早05年推出的，但是这组外套在欧洲销售非常的好，所以说这个外套我们重新拣起来，这款也是产品纹路的组合。还有一个是金属感的，我们推出的金属感觉的面料，这个是亮光系列，我们在整个REBEL里面也有，特殊的款式，我们推出的沙发加上特殊的外套，加上五角星的感觉做的。紫色是今年我们的流行色，还有尼龙的感觉，尼龙的面料在2000年初的时候比较时髦，现在又回归了，大家看到周边穿的服装，很多亮光的，所以说我们把它明显的组合在REBEL系列里面，还有灰色，灰色我们知道很多人都是这么想的，我们看到灰色的面积统计最终卖的最好的永远是很简单的灰色，所以我们今年的仿皮系列也好都是更多的用了灰色。REBEL的花色面料，大家会感觉一下有什么区别，基本都是比较年轻的，这个也是REBEL的花色面料，大家一会儿可以在展厅里面看的非常的明显的，包括这些面料都是。看完这个产品的感觉之后，我给大家总结下我们的REBEL的目标，我们瞄准的是12-21岁追求时尚的年轻人，我们要通过家居概念，不光有沙发床和小件的产品，我们会更多的留意服装和服饰，会尝试开始销售我们REBEL品牌的服装，体恤衫是最早的尝试。最后我们想最终的目的就是满足我们目标消费者他们的叛逆、野性的风格，这是整个REBEL的核心。REBEL的营销，其实大家很多人都知道，我们象卖服装一样卖REBEL，本身REBEL的店面不是很大，我们想采用多店面，小面积进行装饰，本身我们不想当做一件家具销售，我们不想和任何的家具杂志搭档，我们想在14岁到21岁之间他们喜欢的杂志当中推广REBEL，REBEL选择的是单独的品牌，单独的LOGO，唯一的最大的优势就是单位产值必须要高，另外按照我们的要求，在一类城市的开发5到8个店铺，二级城市是2到6个。REBEL的定位有几个核心化，这里面我也希望大家能够记住，我自己本身也是要求我自己，REBEL一定要走自己的路，坚持自己的独一无二的风格，创新家具时尚，争做行业先锋。这是我们REBEL回归之后将来的梦，也是我们一定能够实现的。以上是两个产品系列的介绍。我最后说几句话，我们依诺维绅下半年的目标，我们现在来中国十年的时间，1999年，2009年，我最早定的目标当时特别清楚，我们当时记得做的目标是五年实现盈利，欧洲人在中国投资是非常保守的，但是我当时说，五年必须实现五千万，最早我们在中国销售很可怜，900多万的销售额，但我们当时就收回了当年的投资，第一个目标我们达到了5000万，去年1亿多，第二个五年计划我们想把销售额翻一倍，我说我一定要完成当时进中国市场的25倍金额。我们的发展目标，如果作一个行业的发展，我们要做到最时尚，最个性的沙发品牌，永远坚持原创，这是我们依诺维绅的优势，走自己的路，迎合我们的消费者，将我们的竞争对手远远的抛在后面，依诺维绅在中国有不少的竞争对手，但是我们会永远走在他们的前头，我也希望在座的各位，因为拥有依诺维绅的品牌而感到骄傲。谢谢大家！下面不知道大家有什么问题，可以说一下，然后我们安排大家去展厅。    提问：14到21岁基本还没有购买力，你怎么想的？杨总：我们最早在丹麦的时候，我跟设计师说，小小的丹麦500万人口，每年的销售额都是5000万，都是父母给孩子买的，我们今天推出的依诺维绅系列，也是今天的中国的独特国情一定会为自己的孩子买家具，倒不是14岁到21岁的人自己掏钱买家具，但是作为父母一定可以。(展厅参观)",3,5,0.9074058532714844
做经营者先做消费者车水马龙的大街上，十字路口，红灯高悬，喇叭阵阵，开车上班的人们因堵车而心烦意乱。就在这时，一个小伙子挎着帆布包，手中拿着一沓宣传单，从路边闯入车流中，向一辆辆车的司机递去宣传单，说：“看看我们的房子吧！需要时给我打电话！” 这样的场景对于开车人来说，每天可能都会碰到好几次。不同的司机反应不尽相同，有的连忙关上车门、有的摆手表示愿接受、有的干脆冲着小伙子大声呵斥、有的甚至愤怒地将刚拿到的宣传单扔出车窗外……每当遇到这种时候，意风家具董事长温世权总是主动摇下车窗，微笑着接下宣传单，并很开心地向发传单者说一句：“谢谢！”很多人难以理解，那种自己根本不需要的宣传单为什么要接受？接受了人家的宣传单已经算很礼貌的了，为什么还要说“谢谢”？温世权解释说：“也许这个宣传单对我毫无用处，但我的接受和谢谢却给了他一份希望，他期待着那个电话真的会响起来。”希望对于人类来说多么重要，它代表着一个人事业成功的起点，传达着一个企业文化的内涵。就拿意风家具来说吧，员工开车在大街上遇到散发宣传单者之时，角色是消费者，有选择拒绝或接受的权利；站到展厅里销售家具的时候，角色就是经营者，将面对消费者的拒绝或接受。生意人只有尊重别人，才能获得别人的尊重。很多时候，经营者和消费者是相互转换的，只有学会做一个存有感恩之心的消费者，才能真正成为一个成功的企业经营者。,3,4,0.9496349692344666
储兰兰：回潮 回归 怀旧建立在变字基础上储兰兰：今天也非常高兴跟各界的精英在一起，其实大家更多的是做实业的，做实体，我做文化，我有时候想想我能给社会带来什么？就是你自己演，观众在那儿欣赏，但是你给他们的只是精神上的，或者是审美上的享受，那事实上带来不了真正解决问题的事情。但是我又想，我说精神，尤其是文化可能它就是一个导向，尤其我现在做的京剧这个行业，我跟很多陌生人接触的时候，从外表上看，说你是唱京剧的吗？我说是啊。他说你怎么唱京剧了？像这种年轻人跟文化不靠边的人为什么选择了这个行业。所以我每次解释半天。我觉得现在的说所谓今天这个主题关注城市，叫回潮，我刚才听各位老师说回潮也好，说怀旧也好，或者是回归，最后我觉得总结一个字，反正都是在变，都是变，就是事物是运动当中的，我们京剧很多人就是说，文化这个京剧，他说怎么京剧一直没变，没有改革？从样板戏以后好像大家就越来越不喜欢京剧了，觉得京剧离我们生活越来越遥远。但是事实上是在变的，只不过变的动作不一样，可能方向上有些偏差，作为我作新京剧的这个事，刚才我给专辑的时候我今天为什么带来这个专辑，说为什么叫新京剧？我可能一句话，两句话说不清楚，但是你听了就知道什么叫新京剧了。可以说京剧的是两个阶段，一个是梅兰芳时期，大家知道京剧到了鼎盛时期；还有一个时期，当然是在特殊历史背景时期下的，就是样板戏时期。我觉得现在是不是这个时期又到了？大家现在开始又关注这个，京剧开始复苏了。当我看到白先勇做青春版牡丹亭的时候，我觉得太唯美了，但是京剧还是在做大制作的东西。比如说我们每年进京有一个会演，全国各个地方，省市，哪怕市，或者是有的县都会有京剧团，有些就是有这些戏剧团体的地方，可能就是名存实亡，很多是占着事业编制，但是很多人不在单位，因为他没有戏唱，没有欣赏的团体，所以自然而然就不存在了。但是每年文化部会有一个在进京的叫精品工程奖，全省都要拿出一台戏，或者是为剧团，或者为演员争夺梅花也好，各个戏曲的大奖，但是每个剧团在我们发不下工资的时候，省里也会投入一二百万戏，然后进京演出，最后道具，服装也就烂掉了。它有没有在变？有在变。它的艺术形式可能是借鉴了多种艺术形式，比如声光电的应用，过去京剧就是大白光，很普通的光，它是以服装，以表演，我说大家都把所有的京剧，大家在欣赏京剧的时候就是演员的表演，就是把所有的精力都体现在演员上，就是服装上。但是服装是为演员服务的，现在是把这些点都分散了。其实国家大剧院这样的舞台根本不适合演京剧的，像今天的舞台还是适合演的，利于演员的表演。包括演唱上，比如说现在有一种现象叫，京剧叫话剧加唱。他说的是普通话，然后很多语言最后加上京剧的唱腔，后来还有一段时期因为电视传播力度比较大，做了一段戏曲电视剧，盛行了一段时间，大家也看过从黄梅戏开始，京剧也做了一些，比如古装戏，穿着，服饰打扮都是电视剧的形式，突然就唱起来了，就显得很怪异。当然我们事业团体做了很多对京剧这种导向，这种改革，这种选择也好，但是都没有定位。    当然梅先生那个时期，那个时候只能到戏园子看戏，是京剧盛行的时期，我们也是生不逢时，但是就是说他怎么去迎合这个市场的？我觉得观众是最有话语权的。当然现在这么多多元化的艺术形式，这种娱乐方式冲淡了这种传统文化的浓厚的观众氛围，但是我觉得京剧自身和我们从业者本身没有找准一个定位。比如说梅兰芳他四大名旦都有一个团队，就像咱们今天这个会所，我一来，我说又有传统的又有现代的，又有西方的又有东方的，整个是一个结合体。我说那你这个理念，或者从设计上得有一个很大的团队策划？应该是有的。梅兰芳那时候也有，包括梅兰芳电影上也体现了，叫梅党。程砚秋那个团队叫程党。他们每天晚上都会唱对台戏，今天梅兰芳演什么了，演嫦娥奔月了，明天程先生演所令郎，但是后天又会有新的作品出现了，两边都看着呢，就是在争取他的票房。梅先生唱一晚上可以挣下一个四合院，但是今天挣的是微不足道的。就是说把握市场对于我们京剧演员来说，从这种艺术创作来说有没有市场价值？    其实文化艺术形式也好，艺术作品也好，我觉得是应该是从市场研发开始，应该也有这么一个环节，我们恰恰没有。就是我们想一出可能我觉得还不错的东西，我们就做了，也不管这个市场需不需要。现在其实挺悲哀的，有一件事，就是什么呢？就是没有舞台去演戏。刚才王总说你什么时候演戏，我们去看一看，或者说我挺想看京剧的？我想了半天，我在哪儿演习你可以去看。我说我唱戏谁看呢？他说我看。那不能有一个观众，挺悲哀的，就是说演员需要舞台实践的，而你恰恰没有观众，没有市场。所以我说争取观众，像房地产也是，你没有业主了，你的楼卖给谁呀？说到住房环境的问题，因为我不能光说我的文化，我也得参与一下，因为我是大别山的，老家是安徽金寨的，从小就是山清水秀看多了，也感觉不到那个环境有多好，当我11岁到北京来上学，那时候沙尘暴特别厉害，95年，96年，毕业了以后上两年班，他们说到郊区玩一玩，找一个环境，有山有水的地，我说我就在那儿长大的，干吗去那儿，我说我就喜欢国贸，晚上繁华的景象，但是在前三年我开始慢慢转变了，我觉得这个城市应该远离城市，我应该到乡村去，还不如到老家去过一段时间。所以我觉得一个环境，一个氛围，包括我们演员演戏，唱戏也要一个环境和氛围。我现在最近可能第二张专辑要出来，我就在想，比如说做CD，CD就是你光给他听一个唱段，不说梅兰芳演这个会不会这样，现在老艺术家也唱这个，但是到你唱有什么区别？我觉得有的时候是需要回归的，回归什么呢？你给他制造这种音效的环境。比如说我们给他制造一种像在过去戏台子上有吆喝声，有叫好声，一个高腔耍过去，而且要叫的恰到好处。我说能不能制造这种环境和氛围，当然完全的回归是不可能的，因为我们现在在变，就是说梅兰芳先生那个时候的表演和唱腔拿到我们今天来看，其实有些东西是不美的，比如说咱们在审美的观念上产生了一定的改变，一说梅兰芳先生，我们从头到尾演贵妃醉酒，从头到尾他的眼神，他的程式都改过。但是我觉得根本的区别是什么呢？是美变了。比如说梅兰芳先生他会在过去欣赏理念上含胸，眼神和他的那种扮相上，其实看着我觉得并不是很美，那我们现在就得把胸部挺起来，这是女性美的一面，为什么不展现给大家呢？但是过去你就那么挺着觉得很难看，就是说审美在变化。反正我就觉得是变吧。,3,2,0.9401872158050537
元旦流行秒杀风  科宝博洛尼出奇制胜图为科宝博洛尼总裁蔡明,3,1,0.8532989621162415
元洲李泰岩：吴厚斌用“厚脸皮”举得成功李泰岩：写诗都是多年以前的事情了。跟吴厚斌这么多年都是挺好的朋友，出这个诗集，他在给我发第三个短信在说，我说你是不是想出本诗集，他当时没回答我，吴厚斌，我跟大家分享一下跟他的感觉。前面写几首诗，开始的时候我说我们这个圈子还有人干这个事呢。因为我身边还有一些朋友他们还在坚持。去年在宋庄，有一个诗人差点死了，吃不上饭，病在家里没人管，有一些人在坚持自己的人生理想，很痛苦地艰苦，吴厚斌衣食无忧，又做名记，我觉得真是一首一首给我发，我记得有一次回了他一首。我说你写的挑不出一句好的来。不是说诗不好，我是觉得他有点附庸风雅，脸皮厚就厚在真的坚持下来了。前几次他给我发短信，我说这家伙今天又写了一个，经常还重复地发，慢慢慢慢地我觉得越写越有感觉了，我觉得今天能出这本书，关键在于脸皮厚，脸皮厚在于对一件事情真的坚持下来。任何一个人执着地坚持，都会成功。今天我们家居圈的老朋友，大家每一个人，我们行业1997年到现在，谁不是凭着这份执著坚持下来的。所以在这里为了吴厚斌的厚脸皮鼓掌。再一个是吴厚斌在这个行业里，坚持这么多年，他在这个行业，我们做媒体的，大家走来走去变化很多，他是比较关注行业深刻的变化、深刻的发展，这么多年一直坚持，这是第三本书，我相信他的第四本书，也会慢慢做出来。若干年后我们回头看的时候，能看到吴厚斌在这各行业里慢慢积累、沉淀，记录这个行业的成长和发展。在这里祝贺吴厚斌诗集出版。希望他下一次写诗的时候，提高更大，能写出更多的东西，虽然生活不是诗，但是生活里很多诗意，如果把生活变成很多诗意在里面，在生活里会得到很多快乐。主持人：感谢李总的发言，把吴厚斌人如其名的道理给我们展现出来，现在给大家介绍几位刚刚到场的嘉宾。北京律师协邱宝昌接下来的环节是今天非常重要的一章，请今天的主角，《生活不是诗》的作者吴厚斌给大家介绍一下为什么出这本书，他在写诗集的感悟和故事。,3,5,0.729790985584259
光棍节京长两地闹市惊现11富翁征婚今年光棍节北京长沙两地繁华闹市街头同时惊现十一名身着名贵的礼服的男富翁集体征婚，在活动现场，十一光棍富翁们用举牌的形式倾诉着自己对单身现状的不满和浪漫的渴望、以及他们自己的条件。他们每人各举一个字连成标语，在完成四次标语后迅速消失于人群。11日下午三时，北京王府井和长沙黄兴路步行街口同时出现以上一幕，活动一开始，统一的穿着名贵礼服的十一名富翁们一亮相便赚足了路人的眼球，短短几分钟的时间便吸引了数百名路人驻足围观。随着活动的进行围观群众都不由自主的跟着征婚者的举牌一字一句高声读出牌上的字，“哥们要的不是寂寞是浪漫”“浪漫光棍节让寂寞滚蛋吧”，当读到这些标语之时，围观群众越来越多，交流、拍照、向征婚者打招呼等行为也开始出现，人群的热烈反响将活动气氛推到了顶峰。而现场观众的热情和征婚者的冷峻更是相映成趣，形成了光棍节闹市街头一道奇特的风景。现场围观群众王小姐在接受记者采访时就说光棍节看到这样一种浪漫有趣的事情，难得一见，特别有创意，也特别的新奇。同时也有群众表示征婚者勇气可嘉，祝福他们都能找到自己的幸福。现场有人笑称其为“钻石罗汉”，说其“钻石”是因为据称他们拥有丰厚身家，资产上千万，说其是“罗汉”不言而喻是因为他们全是清一色的光棍。这样的一群富翁走上闹市街头，进行集体征婚，自然成为了两地光棍节街头最受关注的事件。活动刚刚结束，现场的群众便议论这样一群家世显赫的富翁们，居然走上闹市进行集体征婚，感到惊讶之余，更多的是一种的不能理解，按常理说在人们的意识里，像这样的人群应该不至于会需要哗众取宠的街头征婚，那么究竟为什么会有这样的事件出现？或许从他们打出的标语中可以窥见一斑，“哥们要的不是寂寞是浪漫”、“浪漫光棍节让寂寞滚蛋吧”，他们需要的不是寂寞，而是一种浪漫的相爱。这也许是他们站出来的最主要原因。另外在活动现场一条显目标语更是引来的众人的注意和记者的特别关注。“求浪漫，有百万BOLONI厨房，管饭”这一标语的出现更是引来的无数网友的质疑，那么这次千万富翁的浪漫征婚，到底是富翁们在寂寞中的浪漫爆发，还是一种商业炒作？ 都还有待进一步的证实。,3,1,0.5122858881950378
"公益教育进入社区惠及千家万户(图)10月31日, 为了配合国家提倡安全、和谐的社会主题，由宁波市质量技术监督局、宁波市特检院、宁波雅戈尔物业服务有限公司与中国绿色电梯第一品牌-西子奥的斯电梯有限公司共同举办的“安全和谐进社区-安全乘梯公益教育活动”在宁波雅戈尔东湖花园小区拉开帷幕。该活动以寓教于乐的形式向社区儿童普及了安全乘梯常识，让更多的业主、更多的儿童了解和认识到安全乘梯的重要性。在安全教育活动现场，宁波市质量技术监督局副局长林如峰表示：“电梯作为特种设备，涉及到千家万户的安全和幸福，所以电梯的安全性和稳定性一直是质量技术监督部门的关注重点。我们希望在“质量和安全年”里营造出全社会共同关心质量安全工作的良好氛围。西子奥的斯电梯深入社区宣传安全乘梯，把安全理念带进千家万户，是一项非常有意义的举措。”宁波雅戈尔东湖花园是目前宁波市规模最大、设施最全的高尚住宅小区，总户数约3500户。小区有近百部电梯，每天电梯运行几万次。为了确保电梯的安全运行，宁波雅戈尔物业服务有限公司与西子奥的斯电梯公司协商在东湖花园小区里设立了电梯维保站，由西子奥的斯公司委派专业的电梯技术人员24小时值班，确保电梯安全。作为此次安全教育活动的协办单位，该物业公司相关人员表示，希望能提醒广大业主文明乘梯、安全乘梯，提高安全保护意识， 珍惜幸福生活。此次安全乘梯教育活动通过图解、卡通情景问答、安全知识竞赛等形式将乘梯文明、乘梯安全和遇险自救等知识生动地传递给了社区儿童，受到了家长和物业的热烈欢迎。随着高层住宅楼在现代居民小区的普及，电梯乘坐安全问题变得日益突出，由于中国居民目前电梯乘坐安全意识还相对较淡薄，正确使用电梯相关知识一直被人们漠视。各种因为电梯使用不当造成的伤害事故屡屡见诸报端。在安全和谐进社区的活动现场，西子奥的斯公司服务部部长沈健康告诉记者，作为奥的斯在中国最大的控股子公司，西子奥的斯不仅始终把安全放在第一位，向客户提供高质量的产品和卓越的服务，还同时致力于向公众宣传安全乘梯的理念，尽一个优秀企业的社会责任。“致力于‘做业主的好邻居’，秉承对业主、对公众负责的态度，我们将会把安全教育活动长期普及下去。”沈健康说到。安全教育活动现场，西子奥的斯还向小区业主分发了安全文明乘梯的宣传手册，手册以动漫的形式，将更多的安全文明使用电梯的知识带进社区，带给业主，受到了业主的积极响应和良好评价。据了解，西子奥的斯安全和谐进社区活动今年将覆盖全国多个一线城市，包括北京、杭州、上海、深圳、成都、武汉等。",3,4,0.9689652323722839
关注城市思想沙龙第二期于九朝会举行本期主题老建筑和新地标，谁更具有城市形象代表性时间：2009年4月24日地点：九朝会主持人：中国房地产报副总经理 韩炜烨 论坛嘉宾(排名不分先后)赵云伟 中国城市规划协会副秘书长王宏新 北师大房地产研究中心副主任傅 刚 美国注册建筑师、中央美术学院教授著有《都市生活》、《都市村庄》、《都市档案》梁井宇 场域建筑事务所董事、主持建筑师 王广善 北京海港房地产开发有限公司总经理刘松泉 合生创展北京公司总经理刘 江 星河湾华北区营销总监王 丹 伟业顾问客户发展中心副总经理陈 炜 博洛尼旗舰装饰装修工程(北京)有限公司总经理以下为现场实录：韩玮烨：今天是星期五，我们大家来这样一个特别有创意的一个建筑里面，聊一些我们虚无缥渺的人生理想、意识形态，聊一聊建筑，聊一聊我们应该住在什么样的城市里，应该住在什么样的房子里。这就是我们今天这样一个主题，叫“九朝会•关注城市”思想沙龙。我想就不用一一介绍各位了，刚才因为有一段时间，大家都已经非常熟悉了，很短的时间里都变成朋友了，我就留很重要的一段时间介绍一下我自己。我是中国房地产报的韩玮烨，在中房报四年一直写点大家也看不上的，关于地产金融，关于公司这方面的文章，带一些小孩，想方设法挖一些地产的黑幕，这就是我做的事情。也是借此机会结识了在座的各位，今天大家没有任何商业目的，我们感谢博洛尼陈总给大家一个舒适的东西，抛开商务的压力，聊一聊城市，因为在座的每一位都跟现在的城市发展、城市建设有关系。咱们俗套一点，还是先请我们的当家人陈总致一个开幕词。陈 炜：首先代表博洛尼和九朝会感谢各位能够来到九朝会这个地方，进行一个思想的碰撞。为什么发起这样一个活动？首先讲讲九朝会的情况，九朝会顾名思义是九个朝代聚在一起，我们这个会所希望能够打造一个文化和思想聚集的地方。我们发现，从魏晋南北朝到明朝九个朝代，贯穿了整个中国传统文化的脉络，这个脉络就是我们想提炼出来的士大夫的文化精神。士大夫作为中国传统最低的一个贵族，其实也代表了中国的文化和思想的根基，等会如果大家参观九朝会的话，会感受到这个九朝会基本上是以中国传统的文化元素为基础，而自我设计、自我提炼出来的一个充满设计和创意的一个会所。昆曲作为这个戏楼的主要一个部分，昆曲也被联合国评为世界四大非物质文化遗产之首的这样一个文化艺术，为什么会有昆曲这么优美的词句呢？其实都是文化上的精英和一些士大夫，大家坐在小桥流水边，听着自然界的声音，拍着石头想出了一些优美的词句。今天希望大家能够在一起互相畅谈理想、畅谈城市、畅谈自己的抱负，进行一个思想的碰撞。这里是一个自由的、能够自我发挥的地方，所以剩下的话题交给韩女士。韩玮烨：我就是一个抛砖头的，我往出抛砖头，大家每个人接龙，看谁接得上。在来的路上，我一直在想一个问题，这两年我也拜访了很多的城市，很多的市长在跟我说的话题，就是在我的市中心盖一个多少层高的高楼，它要作为一个地标，我要盖一个多么大的城市综合体，让它成为一个地标。我们今天的主题，也是古今中外一直关于城市和建筑话题里永远没有答案的话题，就是老建筑和新地标。我想第一个问题，也是我心中的一个疑惑，中国城市化这么多年以来，到底老建筑和新地标是不是真的这种高楼大厦、综合体才是一个城市的地标性的建筑？谁先接这个砖头？傅刚老师是我们清华大学的知名教授，傅刚老师刚和他太太成立一个建筑事务所，叫任何建筑，这个名字非常有意思。首先请您谈谈观念。傅 刚：这个题目有点大，我就说点小的，开始不太容易说得特别得深入，所以既然韩总已经点名了，我就尽力给大家暖一下场子。刚才您的问题是，是不是这些个所谓的新地标是城市，无非是助长有的一些局面，而且已经有了局面似乎在表达大家不尽满意的时候，才能想表达自己的文化，显得有学问。那么它到底是地标？我的答案，是。赵云伟：我就顺着这个话题说，其实我非常赞成傅老师的观点，因为城市要发展，城市发展了，就不能一味地守住那些旧的东西。为什么这么说？我们也不用去批评这些城市的建设者或者是决策者，可以拿国外的例子看，我们都知道，像巴黎、伦敦，这些都是世界上最有名的，一提就是古色古香传统街道的地区。那么这些地区，近二三十年的地标又是什么呢？可能每个人说到这儿，心里就有答案了。卢浮宫的金字塔、伦敦眼都是在这些地区做了当代的建筑，不管你承认与否，它都是存在的。当时定义为了建筑千年盛典，这个伦敦眼建设完了以后，政府认为只要有两年的时间就把它拆掉了，批的就是临时建筑，短期内有用途，用完之后就要拆了。但是事实证明，这些年的游客都会去那里旅游，所以不得已他们把它作为一个永久性的地标。像伦敦这个具有独特传统的城市，在泰晤士旁边这么一个核心的位置，能放这么一个伦敦眼，我觉得足够能说明问题。至少目前我们的城市管理者、城市规划者、建筑学的学者，还在中国没有这么强烈的对比实践，我们不能说谈大道理，谈个别的实践就能说明问题。起码西方的管理者，他眼睛看的是未来，而不是自己手中的传统。梁井宇：我觉得刚才开的头都是建筑师开头，我也不例外，我觉得首先我们得肯定追求这个标志性建筑的合理性。为什么呢？我们建筑师从我们自己正中下怀的角度来说，也是很对的，我们肯定每一个建筑师都希望能够做一个有意思的建筑。而且有意思的建筑有一个借口，就是标志性是有意思的一种可能。我非常赞同两位的话题，这个问题不是问题，什么是问题呢？就是如何避免我们城市里面出现的那些粗制滥造的，貌似标志性的建筑，但是破坏了城市的那些东西。怎么尽量避免，同时创造一些大家真正喜爱的，能够定义这个城市、甚至定义一个时代的那些标志物？我觉得这个可能是一个真正去谈的问题。说到更具体的这个问题，我觉得我也再引出来几个问题。是什么原因导致了那么多粗制滥造的不好的建筑物的出现，特别是近期内的中国出现了这么多。第二个问题是，如果说我们还要和老的标志物和平相处的话，实际还是要谈到一个问题，什么样的标志物具备永久性的价值。刚才也举了伦敦眼，我可以再举一个例子，为什么埃菲尔铁塔，从它建设的时候，每一个标志物都存在一个曲折的历史，当时人们都不喜欢它，到最后接受了它。荷兰的历史学家提到一个说法，你别管这个东西长得好看不好看，样子是什么样子，只要把这个东西建起来了，有足够多的时间让人们去接受，最终这些标志物都会被人们喜爱。他当时举的例子指的由于埃菲尔铁塔，我们国家有没有这样的例子。如果没有，我们在座的也有策划、开发商、建筑师，怎么样才能够和我们那些没有的标志物、或者有的标志物，能够创造真正符合城市个性、符合时代要求的价值。韩玮烨：您刚才提的这个问题，让我们想起来我们的央视大厦，应该是我们现在中国城市地标，我觉得首先要区分大城市和二三线城市，大城市对城市地标的定义，和我们的中小城市对一个地标定义的选择应该是不一样的。北京这样一个有历史文化传统的城市，原来它的地标一定是雍和宫、或者颐和园、或者是天坛，现在会很疑惑，什么是北京的地标，用什么来区分？央视大厦应该是一个地标，那么这样一个怪物，它对北京这样一个形象，有什么样的一个作用呢？可能就是您刚才问题的一个句号，这个问题谁想接一下？刘松泉：很高兴来到这么一个漂亮的场所和大家一起交流，我觉得这个问题，也是开发商的一个困惑。因为城市作为一个项目，它实际上要和城市的景观，和它周边，它们要有一个关联性。目前，我觉得北京这个地方的一个情况，还是管理部门的管理水平，第二个也是开发商的欣赏水平。因为过去一段时间，作为中国来讲，房地产发展的水平，它是一个很短暂的时间。真正把房地产作为开发、作为一个产业，它是很短暂的。那么在这个过程当中，进入的门槛没有低，大家都可以进，有块地，找个人去弄再一组合，我就很快地推向市场。而国内又确实存在强烈的刚性需求，使得大家不需要再考虑那么细致了，就是一个产品，大家更强调产品本身它的一个独特性。但是，他没有想到它成为一个车时的景观。大家没有想到，所有的人，住它的人、不住它的人，都有一个欣赏的问题。但是谁是一个决定者？谁来去审批它呢？咱们现在的房地产，实际上是有管理的，包括我觉得在高度问题、外立面的问题，材料的选择问题，它都是一个影响城市景观的一个方面。至于室内的平面，没人管你。所以，很多人在这方面，因为他不成熟、他不专业，所以他会想着怎么样能够批下来，获得这样一个投入、产出，带来经济效益。所以，我觉得往往是从个体上考虑问题，管理者也是从个体的角度考虑问题，他不会去考虑周边的关系问题。实际上咱们现在看到北京的很多地方，对整个城市的文明，咱们就说幸福大街这块，本来是什么样的城市的建筑群，突然冒出很高的一个东西搁在那。但是我发现，如果跟上海比较起来的话，上海的整个城市建筑和它的风貌，给人一个城市新兴的这样一个国际化的都市的感觉不一样。因为前多少年我去上海，到松江去，松江的一个规划局长就是一个博士，而且是从国外回来的博士，所有的城市规划要进行整个一个国际化的招标，就是城市规划招标。然后任何一个单体要进行深化的时候，符合我这个规划的时候，还要进行再一轮的深化。所以，我觉得这叫经营城市，不是做一个单体，它是在城市这个整体上。当然刚才谈到老建筑、新建筑的一个地标性，我认为实际上作为一个城市，它应该有一个地标性，老建筑和新建筑同样都需要，因为这是城市赋予了它一个东西。但是，房地产的开发，实际上它是一个地域性的东西，所以，它的整个建筑的风格、它的整个区域的规划、项目的规划，应该有它的特点。当然你说陈希同时代的时候，强调一个什么帽子，它也是想等于是把传统的东西给机械地去做，实际上就造成了不伦不类。所以我想这个事我们先从城市规划的管理者的角度，怎么去反思这个问题，所有的问题都是从这里出来的。建筑是没有责任的，我要标新立异，我要展示我的整个文化，我要去得到发展商的认可，我要去挣这个钱，商业模式，它只是个演员，但是谁来批准它这个舞台，谁让它有许可的资格，这是关键的。我就先说这些，谢谢！韩玮烨：王宏新是不是可以代表一下政府的观点？你们一直是政策解析者。王宏新：各位好！实际上刚才还跟王丹在说，本来来参加思想沙龙，有的时候市场的力量在主宰着我们的思想，我们的思想在迎合着市场。所以很无奈，我就接着这个讲，陈总讲到的责任让我特别震撼。刚才给建筑师作出了一种解释，韩总让我为政府说两句，我说政府也没责任。因为什么？我们今天政府的决策体制，包括对这种地标的审批，都是一种集体决策，这个集体决策是害文化、最害思想的东西。我们知道任何一个有思想、有文化底蕴的一个建筑，或者一个产品、一个设计、一个理念，它往往归诸于集体、大众，或者叫公众参与，往往就把文化的东西、思想的东西给害了。但是，偏偏我们又是一种集体的决策，所以说这个集体决策又是谁来决定的呢？其实又是中国的老百姓决定了这种制度。这个里面，我们经常用体制和制度去解释它，其实这里面包含了中国几千年的文化。恰恰在这里面我觉得中国的建筑也好、房地产也好、土地也好，一方面在它的产品在走向市场。另一方面，它的文化，我一直感觉到我们还在走1919年没完成的问题，我们还在搞新文化。事实上这就又讲到新地标的新了，我这个名字里带个新，我特讨厌这个字。我本来出生的时候，我父亲给我取的是天上的星星，后来村里面的人特别有水平，就给我改成这个了，他总感觉到要比天上的星星要更专业化一点，最起码可以说重复一点。事实上我就在思考一个问题，因为今天但凡是看到新的建筑、新的地标，一定有西方文化的精髓、西方的理念，一定代表了建筑师从国外带回来的新的文化。我们这个集体决策里最重要的问题，就是忽视了一个点和一个面的关系，整体面上的不和谐，让这个点上的地标显得特别别扭。但是我觉得会在实点上解决问题。比如说中华世纪坛出来的时候，有很多不同的声音，鸟巢出来的时候，人们有不同的声音，但是奥运会一完大家就在接受这个东西。是不是等这个时期一过去，老百姓又慢慢能接受这个央视大楼呢。有时候我们经常批评，一看就是从国外引进来的建筑风格，可能这里面最重要的是就是民众里有一个宽容的心态，我觉得这也是好处。转了一圈，如果说责任的话，可能就要推到文化的责任，我不知道这个问题由谁来接了。刘 江：我也说两句，上午我们开了建委一个会，朝阳区建委让朝阳区开发商都说一说，政府能帮什么忙，开发商有什么困难、需求让大家讲讲。我当时主要讲了一点，就是把一些制造城市垃圾的开发商赶回国外，先考察考察这个开发商再引进。我说三个意思，第一个叫不要为做地标而做项目，因为项目本身是有生命力的。第二点，到底是地标重要，还是项目对这个地段的贡献重要。无论是低价、配套，对这个地段的贡献重要，还是它成为一个地标重要？我觉得这个答案是不言自明的。第三个意思，前几年我在上海待了三四年，我发现上海新房子跟老房子，大家真的是各有所爱，各有所需，顺其自然，上海有很多新房子、很多地标，没问题，我觉得都爆满，无论是租售都不错。但是同时发现了我们很多的活动都是在上海的老房子里做的，实上海很多的老房子，根本不低于东方明珠的地位。我看到有一个叫中华九千上市的时候，就是在孔祥熙的老房子里做的。包括一些奢侈品的发布会，我们看到不是在大的五星级的酒店里，而是在有历史沉淀的老房子里。跟上海人聊也是，上海人对老房子的心理价值，我不敢说大于世贸中心，但是起码是平等的。我觉得大家没必要讨论到底谁代表城市，但是在老百姓的心目中，大家可能是各有所需，有人就喜欢北京四合院，有人就喜欢住高楼大厦。王广善：非常容幸，能够和各位教授、专家和业内同行坐在这里搞沙龙，心情有点小激动。特别是第一次来到九朝会，欣赏和学习了我们传承和继承的一些文化性的东西。特别是看到剧场的时候，一楼有一个舞台、二楼有一个舞台，三楼怎么样、包厢怎么样，其实这里有很多传承和继承性的东西，把中国的戏剧和相关的文化，可能在这个地方有一个很好的体现，同时也有一个很好的创新。在这个过程中，又把现代地东西融入进去。我感觉这个九朝会还是有点味道，应该说以后还是要常来这样的好地方。今天这个话题是关注城市，因为咱们来自于清华大学的、还有北京大学的各位专家和教授，你们有很高的理解。像改革开放30年，我个人理解，今天大家走到一起来，不分高低，我又是无名小卒。要说这个城市地标的话，过去一般大城市可能有地标，像北京天安门，那就是非常明显的一个北京的地标。只要来到北京，不管你是国内的、还是国外的，一定要到天安门前照张相，说我去北京了。如果说没到天安门去照相，好象就没去一样，当然咱们的长城等等，更多的一些地标性的建筑，这个应该说是历史的沉淀。实际上还有一点，刚才大家也谈到了，就是北京的四合院，实际上它不起眼，但是它的地标性非常强，那就是北京的特点。到目前为止，虽然我们搞旧城改造，作为城市的主宰者，把它作为好东西，一定要把它保存下来，出台各种政策来保护它，实际上就是保护文化和历史。现在所谓一些新的标志性建筑，特别是搞奥运会，出现了一些新的建筑，当然这些建筑，需要历史的检验，也许过上三十年、五十年，说这东西不行，你必须要把它拆掉，这就可能没有它的历史价值，没有保留的价值，所以经过历史的检验，就必然要砍掉。如果说它很好，代表城市经济发展，这也挺好。比如上海的东方明珠，到黄埔江上一定要留影，实际上大家逐渐在接受这个塔的建筑，应该说中国地标性的建筑如雨后春笋般崛起。改革开放城市发展，小到县城、大到省地级市，只要是搞一个新城市的规划，就研究要弄一个什么样的广场，在广场上我得弄个什么样代表我这个城市形象的一个标志建筑物，是一个建筑物、还是艺术品。都在努力构思这个东西，所以占地有时不大很讲究，到后期政府出文件说不能随意乱建广场。当然他建的目的，还是想给这个城市搞一个地标性建筑。因为现在是全民参与，各级领导，只要是在那个地方当大官，咱们就得想办法做点事。所以，现在严格地讲，叫鱼龙混杂，有些可能是很好的东西，有些也想弄点事，花的钱不少，这个领导开这个会、那个会，说非常有价值，投巨资要办。一建下来三四年，换了领导，又说这个怎么看不像样，又成了城市的垃圾了。当然因为我是开发商，作为城市的建设者，可能我们没有更多的主宰权。如果站在城市发展的角度，可能说有一些话语权。假如说在发展的过程当中，有一些对城市可能的一些符号、一些概念，能够给政府提一些有效的建议，说我们搞这个建筑，有利于咱们城市形象的提升，有利于咱们地标性建筑的形成，这个我觉得是作为一个地产商来讲，还是责无旁贷的。首先，你要避开垃圾建筑，还没过五年了就让人看上去难受了，这就是一个失败的建筑，更谈不上为这个城市增光添彩了。所以，作为地产商，我觉得应该从城市发展的责任角度，更多地去思考问题，做出更多的努力。大家在座的各位都知道，我现在正在忙活开发格拉斯小镇，占地面积比较大，规模也比较大，两千多栋，现在才开发了一百多栋。有很多的朋友来看，有的是有钱人，有的也是属于跟我一样，可能是享受不起这个别墅的人。我说你们来看别墅，不要是考虑买还是不买，要带着一种享受的感觉，这是中国改革开放，咱们自己开发出来的别墅产品。在改革开放之前，咱们基本上很少见到别墅，有的话，也可能在偶尔出国，在出国能见到。经过改革开放这么多年下来以后，在咱们手下已经也建设出来非常高档次的一些别墅，有欧式的、地中海式的、也有中式的，各种形式的都在百家争鸣。住与不住是一个方面，但是大家都在享受进步，享受我们自己共同建设起来的别墅，我想这样的心态一摆正，就没有问题了。我作为一个开发者、建设者，我都住不上，但我心里很高兴，为什么？我能给富人建别墅，让他们享受咱们中国改革开放的自己的成果，我作为一个建设者、一个开发者，我感到无比地荣耀。所以说，住与不住那是另一回事，如果说将来咱们三千多亩地的别墅群体，通过咱们这个团队的努力把它建起来了，我想也就是真正在咱们中央别墅区，代表着一定地标性的建筑诞生出来了，这可能也就是对于一座城市的一个贡献。韩玮烨：谢谢王总！听您的介绍，格拉斯小镇是中国建国六十周年是非常具有中国特色的人居性建筑。为什么起格拉斯这个名字？而不起九朝会这个名字？王广善：建别墅咱们采用了很多欧式、美式的，实际上他更多的是借鉴了这么多年在别墅开发商的理念。咱们在很多别墅上都叫了一些洋名字，实际上叫格拉斯小镇，也是从营销的角度，以及西方在这方面文化的积淀而起了这个名。更多的是想让大家知道，我们引用了法国一个具有悠久历史的格拉斯小镇的传统，来达到宣传咱们北京格拉斯小镇的目的。当然，更多的还是一些建筑元素还是从那边学来的，还是从营销的角度。比如说我叫王广善，比如说我们酒店，很多人起外国名字，姓都换了，都不叫这个名字了，那也是工作的需要。王 丹：今天特别感谢九朝会以及中房报给我这么一个机会。我坐在了一个“广角”的位置，面前的这扇窗使我联想到电影院的屏幕，有人说：电影是黑暗的梦想，坐在这里和大家谈城市和建筑，我感觉到了一种“光明的梦想”，由此我很开心。另外，刚才参观了九朝会，感受了一下从魏晋南北一直到红楼情结的中国历史元素洗礼，就像进入了一个时空穿梭机的旅程中，由此也特别开心。因为今天是沙龙，我想咱们可以选各种模式来表述自己的观点，因此我先给大家念一段简单的文字，之后再告诉大家我的观点。我简单念一下，这段文字来自去年林洁林总应邀写的一篇文章，叫《地产服务15年》。“有一次在京城俱乐部开公司董事会，房间里装帧的几幅老北京照片深深吸引了我，虽然是黑白的，但生动极了。看着照片，你能够想象到二三十年代北京的情景：那应该是德胜门的城楼，边上的护城河汇集成一个不小的池塘，水面上有三五人乘舟钓鱼，头顶上蓝天白云，岸上绿树成荫，一派非常宁静的夏日景象。虽然城墙上斑驳着岁月的痕迹，但古都的那种特有气质，能够透过时空直接打动你的心。我就简单念这么一段，当然在文章后林总也有很多关于我们地产服务对于城市塑造的反思，认为我们做了15年的地产，包括1997年掀起了欧陆风，包括小户型等一些过渡型产品的此起彼伏，客观而言，其实对城市的贡献是存在一些谬误的。刚才各位专家也讲到了，说城市标志性建筑，其实我觉得这个标志性建筑，和标识性建筑可能是两个概念。因为我觉得标识它可能指的是一个点，标志性其实是一个综合性的概念。比如当我们聊起城市，就会使我想到一个短片，那个短片的名字叫“城市的远见”，我觉得可能很多专家都看过。当时讲到的一个案例是德国的鲁尔工业区是怎么样变废为宝的，把这么一个区域建成一个孩子们可以在里面游乐、融影视基地、研发中心、攀援者的乐园等一体的，那么难道它不是一个城市的标志吗？回过头来看北京，为什么我念这段文字？因为我从小就有院落的情结，家住金融街边上一个由7、8个院落组成的小组团里，因此从小就感受着舒缓的生活方式，因此当大家问到城市这个问题的时候，我觉得如果它是个带有哲学意味的问题，那么一句话：城市是属于生活的！无论你建一个高楼大厦还是一个低密度产品，你一定是需要人的体验和考证的，需要给人们一种生活感的氛围，我觉得这是城市，而且也是在我们记忆中的北京。由此我说一下我的观点，两句话，一、从经营城市的角度去做建筑，无论你是开发商，无论你是政府工程，在规划的时候，都以经营城市的角度出发，经营城市并不是很功利的，或者是以经济追求为唯一导向的。实际上经营城市这个理念于中国已有很不错的例子，我记得大连的薄熙来说，“经营一个城市，是把它作为国有资产管理来运行的过程。”这个思路非常好，并且对于大连是卓有成效的。这些年我们接触到很多项目，现在项目区块越来越大，其中不乏很多未开垦的处女地，那么如何把它变成新时代的、或者区域层面的标志是我们该考虑的，而不是简单的做一个以自有想法为主导的标识，我觉得该打造的是一种情境交融。因此做建筑商也好、策划者、营销者、还有投资商，大家对建筑要有一种整体的全方位的感触，应该是共同在其定量的基础上去找变量，从一个全面烘托可经营城市的角度去做好的建筑。第二个观点，是结合民意的默契造城市。我们在日常的营销过程中，或者说在产品定位的过程中，于20、30年的房地产运作中，经常遇到的是本位的认为由于我喜欢、由于流行、由于我自己感觉这样的产品是好的产品，它的理念非常得独特、非常有感觉，它一定能卖出去。但时至今日，大家遇到了来自于市场的反馈，答案是“不科学的，没有与需求对等的产品不一定能卖出去”。如果你产品的定位、你的性价比不够好，你的东西细节不够精准、不够细致，你前期所做的对这个项目的分析、研究不足，比如说消费者，你没有跟他对接，你完全想的就是我建了这个东西，你一定要接受，是非常不理性的。因此我认为作为一个要销售的项目，需要进行市场达成的项目，就一定需要进行消费者调查，要了解购买者的需求、喜恶，任何一种购买和消费都不是强加的。同时，如果政府改造一个区域、做一个市民广场，做一个公建，是不是也希望大家能够接受它而不是拒绝它，而不是保留距离呢？我觉得一定是需要有一种拉动和亲和作用的，要让民众意向与你所做的建设融合在一起。因此无论做商品建筑抑或是公建，都需要考虑消费者和民意的结合，明了真正的需求。当今的发展时期，无论建筑塑造、城市塑造， 评判你的总会是作为消费者、体验者和传播者的民众。其传播直接影响到你的品牌、收益以及你的有序发展和持续发展，“得民意者得天下”。所以我的观点是两个，一个是“经营城市的角度做建筑”，二是“结合民意的默契造城市”。韩玮烨：我们还得回到我们的话题，实际上大家聊了一圈，我觉得话题集中是两个点。一个是老建筑和新建筑在我们这个城市里如何和谐共处。因为老建筑是大家的心灵家园，新建筑是咱们每年盯着GDP往前跑，我觉得这就是目前我们大城市里存在的老建筑、新建筑，哪个是城市名片的问题。对于新建城市来讲，是在一个接近白纸，这是中国近几年城市化发展过程里，中国的城市才刚刚开始涉及到这些东西。近20年来，施政者，或者政策参与者怎么样来理性地确定这个地标，我觉得今天话题可以拆分成两个小的话题。第一个话题，和谐共处的问题，刚才大家聊了很多，有聊责任，谁把北京给搞乱了。我觉得还是要想一下建设性的意见，就是说在搞乱的基础上，我们各个参与者，怎么样去修复的问题。我还是想听一下建筑师们和规划口的这些专家的想法，赵老师是做城市规划的，傅老师和梁老师是偏建筑的。是不是能再给我们一些好的想法。赵云伟：转了一圈，我觉得大家可能确实是站的角度不一样，每个人都有关注点，我记了很多的关键词，有的讲的是传承传播、有的讲的是文化、有的讲的是舶来，站的角度都不一样。其实新老建筑、新老文化之间，必然面临一个问题，就是一个传承。你如果看这个东西，它自己的审美、它自己的底蕴，其实是最重要的。它怎么认为它是不是中国的、或者不是中国的，我觉得这个问题真的要上升到哲学的过程，要不然没有办法去谈的。很多事我们可能有既有的思维，我有两个个人对于中国传统文化的心得，第一个就是关于包公，我们学了很多年的历史，都觉得包公是包青天。我遇到很多的老师，跟他们讲包公的故事，他们说难道你们中国只有一个包公吗？中国老百姓是这样一个心理，他希望自己作主，所以影响到文化上的差异非常大。美国的好莱坞电影都是个人英雄主义，咱们的电影最后肯定是一个部队来救你。另外一个就是岳飞，我从小都喜欢听他的故事，之后我才知道，岳飞宋朝人，我是金朝人，我是游牧民族的后代，不是大宋朝的后代，这就是很重要的一个传承问题，你的关注点或者你的角度站在哪个地方。我刚才表述的观点，为什么说我支持现代的地标呢？刚才谁提到一个词，生活。当代生活在一个世界里，反过来看，罗马不是一天建成的，是几千年建成的，其实在罗马找不到几栋楼是留下来的，大部分的建筑一次次被推平、重建，留下来的都是幸运的。但是每一个时代，它应该都有自己代表时代的地标性的东西。这个东西也许在经济上浪费了，也许是卖不出去的，但是一定是迎合了当时这些主流的文化。目前我们这个时代的文化，其实大家都很清楚，就是消费文化，刚才王总讲的格拉斯小镇的例子，非常清楚的名字，为什么起这个名字，因为老百姓喜欢，我好买房。这就是文化的传承，我们再往上追，一直到麦当劳、肯德基。所以你单独拿中国的古典文化跟它抗衡，不太可能。我又想到一个例子，讲到李大钊传播国外的新马克思主义文化，他要首先给能听得懂的人们讲，他会跟乡绅们讲，那时候他穿着长袍，下面的人穿着西服、皮鞋。他问大家你们是否觉得我土、你们洋，你们已经吸收了西方的消费文化，我吸收的是西方文化的精髓。这个是一个很大的本质，就是说这是两条线，一条线，通过教育、通过正常的媒体渠道影响到文化。另外一条渠道就是消费，不管是购物、买房、旅游等等，一个是消费、一个是正常的文化传统。交到最后发现一个道理，这个道理就是，如果说这个人很有文化，是个博士也好，或者是留学的，出国读过书的，有学问的。其实他代表了他在国外学了很多的技术和文化，还有一条线是我们国内的这些所谓的被销售的对象，我们被动地接受了西方的电影、媒体等等。所以，两方面加起来之后，你会发现只要你是消费的东西，挖掘到根上，大部分还是西方的底蕴。包括其实我们这个九朝会，从外面看看不出来，这个地方大家认同这是望京的一个地标，可是望京在北京市就没有传统，无非是借了一个东西，还是为了消费，基于大家能够有一种怀旧的心理上的东西。如果新老对比的话，老的保留的一定不是心里的东西，而是壳。我做过西藏的昌珠镇，是中国第一个批准的，没有超过20年的房子的一个镇，批了历史文化保护名镇。这个地方几千年一直保留着传统的生活方式，它的生活方式的第一条就是我有钱我就盖房子。包括昌珠寺，中国1956年第一批历史文化保护单位，但是它跟原来完全不一样，所以说藏族的传统文化，传统生活建筑方式是保留的。包括我们的什刹海，大家觉得很好，但是都是酒吧、餐馆，已经不是以前的什刹海了。我们改造四合院，将来也是要给一些明星这种人去住。我们剩的建筑、剩的街区，是更多地保留它让大家记住它。一个城市它的进步，是一点一点地蜕变的。假如说我们再过一千年看，我相信北京没有四合院了，而且中央电视台也没了，你就不知道是什么样子了，因为那是一个进步，你只能看到当代一个时代。比如说老外到中国来，现在是连续三年老外到中国来，第一目的地是上海，不是北京。第二就是人数，我们想到来旅游的人，肯定是北京超过上海，错了，今年连续三年来上海超过北京。为什么？因为上海更接近他们生活的方式。他更多地对你城市的认同，是你内在的生活方式是不是认同。咱们再往前发展来说，我不是北京人，刚才这个王总是北京人，我就问到底多少北京人生活在北京的。伦敦、巴黎、纽约一半以上外地人在那里工作。所以这是一个趋势，这个趋势是不断地通过消费，让你慢慢地抹煞逆城市的个性，变成大一统的城市，这是没有办法去抗衡的。这是我的观点。,3,4,0.9965020418167114
冠珠09全国终端店长培训于佛山鸣锣开场8月23日，以“跨越自我，辉煌09”为主题的冠珠09全国终端店长培训首站在佛山隆重召开。来自广东、广西、海南、湖北、湖南五个地区近300名的经销商与店长参加此次培训会议。同时全国终端优秀店长选拔赛也同步展开，集团公司第一营销中心总经理黎汝让，冠珠品牌总经理邓勇，冠珠品牌副总孔智勇、冠珠卫浴总经理钟环等领导出席了本次店长培训会。 为了让学员们更加清晰地了解集团公司下半年的推广思路以及本次店长培训的目的与意义，黎总在致辞中着重强调：此次培训是冠珠陶瓷在加强全国整体宣传(新浪网站、央视广告)与终端区域宣传(户外大型立柱)的基础上同步开展的一次提升终端软竞争力的战略性活动，目的在于通过基础知识与实际的销售技能引导，全面拓宽终端店长的知识面，提升他们的专业技能，将店长培养成为不仅是销售高手，更是管理与市场经营高手。而本次培训在活动环节设计上也是紧扣主题，在集中参观集团公司2500亩三水大型建陶瓷工业园后，随即展开陶瓷基础知识培训，如生产工艺与瓷砖生产技术的培训，冠珠企业知识，新产品知识培训，使学员们从宏观到微观全面了解建陶知识，了解冠珠企业与新产品情况。23号的终端销售技能培训则从理论到实践地给学员们建立终端销售体系概念的同时，站在观摩的角度以一个大型活动实例为案例进行系统剖析，通过现场的讲解进一步强化店长们对终端销售技能运作的认知与理解。为了鼓励优秀团队与优秀人员，培训过程中还同步开展了终端优秀店长选拔赛，尽管店长们相互之间都不熟悉，但很多学员却表现出了极强的沟通能力，很多学员一开始就与身边的朋友一一握手道好，有的店长甚至自告奋勇的担任组长，带领全组成员在竞赛环节中争题夺分，抢夺优秀小组与优秀店长的荣誉。培训结束后，许多参与培训的学员包括店长与经销商都向培训老师购买了终端营销书籍与光碟，以便回去后可以持续的学习专业知识。“以学促进，突破自我，打造强势终端的同时实现09年终端综合竞争力的再次提升。”当新浪网记者采访冠珠品牌总经理邓勇时，邓总如是说。“佛山站只是我们的第一站，在接下来的一两个月内，我们更要在全国范围内连续开展几场这样的活动。我们最终目的在于通过专业的培训，提升店长专业技能的同时以店长为核心以点到面地带动整个终端专业销售技能的提升。”的确，在整个建陶行业竞争白炽化的今天，在把握终端就等于把握主动权的今天，只有全面提升终端的综合竞争力，才能激流勇进，跨越自我，辉煌09，才能立于不败之地。(章金),3,6,0.9526696801185608
出口退税调整有限 专家称保出口不如保企业面对即将再次调整的出口退税，围绕这一政策的适应性和操作空间，以及背后体现的国家针对外贸脱困所能做出的政策选择，有关专家认为保出口不如保企业。 3月26日，在北京举办的“如何帮助中国外贸走出下滑困境”论坛上，国务院发展中心对外经济研究部副部长隆国强表示，我国出口退税在经历了连续多次上调以后，该政策的调整空间已经不大，且相对于在保持国际贸易市场份额的近期目标而言，解决事关外贸企业发展甚至是生存的融资问题，亦是保证我国外贸最终走出困境的更为迫切的问题，“这是保未来”。 此前的国务院常务会议决定，从4月1日起，提高部分纺织服装、轻工、钢铁、有色金属、石化和电子信息产品的出口退税率。 在当日论坛上，对外经贸大学教授、中国WTO研究中心副院长桑百川提出，出口退税政策在理论上应该是中性的政策，而我国却作为调整进出口规模的一个政策杠杆使用。 商务部研究院研究员梅新育强调，国家的调控政策，不能以“保增长”为借口而牺牲“调结构，不应该指望它成为维持我们以前落后模式的救生圈”。 对此，隆国强认为，我国出口退税在经历了连续上调以后，进一步通过出口退税使外贸脱困的政策空间已经不大。 从去年年初到今年2月，国家已经5次调高出口退税率，涉及近4000种产品。 而且，提高出口退税对于帮助外贸企业走出困境的效果来讲，并不是理想的途径。 “对退税来说提高2个百分点，就意味着企业获得了2个点的降价空间，那我们竞争对手可以选择更多，这个可以增加你的竞争力吗？”隆国强称。 隆提出，在目前的情况下，中国不应该单把注意力放在保出口上，因为出口额的增加并不意味着出口企业的生存良好。 “目前我国外贸要走出困境，必须在认清形势的基础上确定合理的远近目标。其中，眼前要做的就是确保我国的出口速度不低于全球速度，以保证在全球的出口市场份额中不减少。”隆国强说。 据估算，一些劳动密集型的传统的制造业产品，中国的产能、产量和出口量占世界市场80%甚至90%，而在国际金融危机的影响下，世界市场容量萎缩到了原来70%甚至50%。而比保眼前的市场份额更重要的是要保出口企业。“这是在保未来”，隆国强说，目前发生的全球性金融危机其实是个大浪淘沙的过程，在这个时候可以让出口企业瘦下来，但不能让企业死掉，随着市场的复苏，如果企业还在，就可以重新扩大规模，组织生产来抢占国际市场的份额。 “我国外贸形势出现恶化已经持续了很长一段时间，之前已经死掉不少企业，能够坚持下来的，应该说都是有一定基础的。我们要保证好的企业不被金融海啸淹死。”隆国强对记者说。 这个时候，对于外贸企业来讲，获得融资可能是最迫切的。 据世界银行的一个评估报告显示，今年3月份全球贸易融资的缺口已经扩大到1000亿美元，比4个月前扩大了3倍。 对于解决外贸企业的融资问题，隆国强提出，政府可以发挥的作用就是拿出一部分钱来做融资担保，这对困境中的企业来讲，可能比提高退税率更加有作用，“公共政策要考虑成本和收益，总的财政资源是有约束的，应该考虑怎么能够少花钱多解决问题，而且要解决最迫切的问题”。 工信部部长李毅中在今年两会期间曾表示，中央财政新增10个亿用于中小企业的担保，希望能够解决4万户中小企业2500亿的贷款。 不过，中国社科院世界经济与政治研究所副所长李向阳对大规模的出口信贷投放可能带来的远期问题表示了担忧。 在其看来，应该考虑的一个问题是，随着金融危机的发生，发达国家的消费模式将可能发生改变，这就可能对中国以及整个新兴市场的中长期出口带来影响。 “如果这样的判断成立，如今大规模向这些外贸企业放贷，将面临战略风险，”李向阳表示，“我们一方面要通过促进出口信贷来促进我们的出口，另一方面还得高度关注债务违约发生的可能性”。,3,7,0.9654941558837891
刘晨：企业通过网络彰显品牌刘晨：最后在这里感谢新浪乐居举办这次论坛，使我们在这次论坛上学到了很多的东西，而且有很多新的观点的碰撞，新的理念、创新和大家交流。另外，网络发展很快，因为有媒体问我，我们传统的两个渠道会不会发生干涉，我认为完全不同，传统的流通渠道和网络渠道，在家居行业里面不可能存在干涉，因为我们家居行业和卖小商品的有本质的不同，我们的种类比较多，个性化产品比较强，产品的款式、花色都比较多，这么贵，这么丰富的东西，仅凭网络销售很难实现，必须要到卖场实地的感受、触摸在可以下单。 我经常说，传统的卖场有一些消费者出了问题，找经销商解决不了，或者他们临时走了，庙堂还在，这个服务的意识已经形成了，必须要形成保障消费，有问题得不到保障，得不到轻易的下单，希望网络和传统的渠道有机的结合起来，传统的渠道做这个展示功能，通过网络彰显我们品牌的同时进行产品的示范引导，让消费者按图所计，提高消费者交易的效率，节省他们宝贵的交易的时间，只有这样我们的行业相得益彰，相互协作才可以做大做强，才可以达到我们国家倡导的和谐。本次论坛到此结束，谢谢大家！,3,4,0.6542989015579224
刘达飞：人无论走到哪里 都不会忘记自己的根段妍玲：我们有请下一位刘先生。刘达飞：非常感谢主持人。话题接到的比较晚，在路上看了一下关于回潮这一块。因为我本身理工科出身，对文化谈的可能不深入，但是非常感谢宫总，还有王总给我一个话题的切入点。刚才宫总提到了学校生活，王总也提到了清华，咱们就从清华开始谈起。从清华毕业很长时间了，但是到现在为止不管参加各种各样的认证考试或者其他的一些学习的机会，都愿意回到图书馆去学习，当然咱们不谈清华东门，清华科技园搞砸的那一片，咱们就说清华的图书馆，从这儿谈起来。我不知道这种感觉或者这个思想，或者这种感触是叫回潮才对，还是叫刚才是许总提到的怀旧，谈谈这个吧。人总是要从一个地方走到另一个地方的，但是他永远不会忘记自己的根，更愿意回到自己原来居住或者生活的环境来，这是我对回潮的理解。刚才有几位嘉宾谈到回潮谈的比较深入，给我非常大的启发。像刚才宫总讲了很多，但是给我印象最深刻的是宫总好像非常不愿意，房地产这个楼市的房价的回潮，就是宫总给我的感觉。还有RCS中国的孙总谈到思想层面的回潮，使我下面这个话题我不知道从何谈起了，因为我不知道谈思想上的还是谈物质上的，因为我也是做房地产开发的，虽然口碑不好。我们就谈一下，从我们公司谈起，因为我们在做产品，从产品设计或者开发建设或者采购环节，就像和陈总一些合作上关于回潮的话题。在做建筑的时候，我们认为建筑的本原是人，从原来追求的奢华或者是外立面的效果转变为以人为本的思路，也不太清楚这个是不是叫回潮。因为中国人的习惯喜欢出门见到题，出门踏到地，所以我们公司也在做别墅，能够满足刚才许总讲小众精英特殊需求，在京郊有一些项目。另外关于小区里的塔楼逐渐被摒弃掉，另外还有一些，比如说为了满足中国人惯有的买房置地的习惯，廉租房也出来了，让大家租房子还是不愿意的。就谈这几点，可能更深层次的问题还没理解到。非常感谢。,3,5,0.39614394307136536
别墅邻近停尸房业主退房讨装修费本报讯(通讯员刘洋)高档别墅毗邻停尸房，开发商同意业主李女士退房，但拒绝赔偿装修费。为此，李女士把开发商告到石景山法院，索赔损失8.5万元。李女士购买了西山脚下一处别墅，支付首付款后，聘请装修公司装修。“我购买别墅后才知道，不远处有一停尸房，这种地儿谁敢住啊？”李女士说，她和开发商协商后，对方同意退还购房款，但拒绝支付李女士的装修费8.5万元。李女士认为，开发商事前没有告知地段详情，导致她购房并装修，应该赔偿她全部损失。,3,4,0.8682006001472473
勾结物业经理及保安 恶势力团伙强卖装修材料本报讯(记者王鹏昊通讯员张立先)得知通州区阿尔法小区开始向业主交房，无业男子刘刚等人勾结小区物业经理及保安，向业主强卖装修材料。通州警方昨天透露，该恶势力团伙的刘刚等13名犯罪嫌疑人已被刑事拘留。 7月底，通州警方陆续接到市民报警称，在通州阿尔法小区有一伙男子强迫他们高价购买沙子、水泥等装修材料。接到群众举报后，通州警方开始在阿尔法小区周边展开调查。办案民警称，他们通过蹲守发现，该团伙在小区门口搭起了一个露天的店铺，销售沙子、水泥，价格比市场上高出七八元，分量上也是缺斤短两。一旦发现有外来商户向小区内送沙子，他们便上前阻拦，如商户、业主不听劝阻便拳脚相加。最终，小区内近八成的业主只能从他们手中高价购买沙子、水泥。对于业主让商户运送的瓷砖、板材等装修材料，他们则迫使业主雇他们的人高价搬运，一层楼每包加收1元“上楼费”。8月5日，通州警方将刘刚等人抓获。 事后，刘刚交代，他们为了能够截留，还勾结了该小区的一名物业经理及两名保安。一旦有商户拉货进入小区，保安便会通知刘刚等人前去阻拦。与外来商户、业主发生争执时，物业经理则负责帮他们调解。,3,4,0.7731221914291382
北京商报吴厚斌：消费者按照需求量力而行吴厚斌：温总说的概念我从另外一个角度理解了一下，什么叫达标的环保，什么叫不环保，是按照我自己的生活水平和生活状态进行选择，首先是安全的。就像温总说的，好的东西开始的时候是没有感觉的，但是用了十多年之后你会发现不一样。温世权：吴主编肯定看东西特别透，你觉得有什么不一样？吴厚斌：当然不一样。我是从温总的角度来讲，首先要环保，安全和环保是一回事，很多杂牌产品是不环保的，每一次质监局抽查都有不环保的东西，这个超标，那个超标，首先要区别一下，买环保的东西。第二个层面，从消费者和企业家的角度来讲，消费者的角度来讲，选择好的东西要根据你的经济实力，量力而行，在这个范围之内，我先去选择我需要的东西，实在买不起我可以少买一点。但是另外一个角度、企业家角度来讲，实际上做了一件功高盖世的事情，为什么我们现在还在说环保，环保是一个基本概念，就是因为社会上还有那么多所谓的牌子不环保。,3,4,0.5403585433959961
北京的消费者更喜欢时尚  既然以前也经常来北京，怎么看这个市场？王伟：以前来主要是学习。对于北京这个市场，我有些初步的认识。首先，北京是一个容量非常大的市场，包括每一个细分的定位都有很大的容量；其次，北京房地产的开发量仍然处在一个增长阶段，对家具建材产品的需求还有很大的上升空间；第三，“新北京人”的比例正在上升，这些人也是对时尚最为敏感的群体；最后，北京的传统文化底蕴很深厚，有着几千年文化的传承，和上海是东西方文化交汇点不同，北京应该是一个传统和现代交汇的地方。北京的消费者也是非常可爱的。具体怎么看待北京的消费者呢？王伟：我认为北京的消费者呈现出三个方面的特点，一是消费需求非常旺盛；二是家居商场现在的服务水平还相对滞后，因此对于消费者来说，往往因为信息的不对称，造成了许多不专业消费家居产品的现象；三是消费者对家居时尚的追求很强烈，这里的消费者更喜欢时尚的产品，对产品的审美要求、健康需求、个性的需求，对购物环境的需求都在不断地升级。你们的北京市场会朝着什么方向去走呢？王伟：我们未来会有两条主要的线路，一是时尚，会把更时尚的资讯、产品传递给这些新生代的消费者，让消费者了解到更多更新的流行趋势；二是要让专家服务引领家居消费。时尚很多人都能理解，这个专家服务又是出于什么考虑呢？王伟：我们发现，如今的许多消费者在购买家居产品的过程中，由于买方和卖方的信息不对称，经常会盲目消费。我们常常会遇到这样的消费者，买回去的家具很有可能不适合自己，风格也不匹配。以前的服务经常是针对价格、退货、环保等方面的，比如促销、无条件退货等，对于消费者在购买之前的服务以及购买之后的深化服务涉及的比较少。,3,4,0.6041695475578308
北京稻草人花坊(图)北京稻草人花坊： 最佳服务质量奖如果你连客户的面都见不到，花店也没有一个迎来送往的门面，那么如何通过服务让客户满意？这似乎是一个难题。以在北京地区开展工厂化速递业务为经营模式的稻草人花坊就是这样一家花店。为此经营者钱峰从接单、制作、配送、订单后续服务几个环节的细微之处入手，打造国际化的服务质量。让顾客虽从亲临店面，却感受到了来自稻草人花坊的专业化服务。有了这些前提，钱峰敢向顾客信心满满地“夸下海口”：“无条件退款，百分百满意。”图为  花篮、礼篮设计是稻草人花坊的强项图为  花篮、礼篮设计是稻草人花坊的强项图为  花店实拍,3,6,0.31805169582366943
十里河办红歌会展现协作精神国庆前夕，十里河特色街上迎来一场声势浩大的红歌会。由十里河商会策划，家和家美、高力国际灯具港、十里河灯饰城、美联天地等十里河商会旗下企业悉数参演，17首红歌盛大亮相，道出了十里河人对祖国60岁生日的深切祝福。此次红歌会首次打破了企业间的界限，多家企业联手演出一首红歌的现象频繁出现，展现了十里河企业间团结协作的精神。17首红歌歌唱祖国9月28日晚间8时许，十里河文化馆内200多人手挥国旗，齐声高唱《歌唱祖国》，所有演职人员及观众均露出了开心的笑容，这场由十里河商会全权策划、经过一个多月排练、筛选而成的红歌会取得了圆满成功。这是一台接近完美的演出，17首演出曲目均展现出了专业水平。在曲目选择上，既有大合唱、小合唱又有男女声独唱，以及二胡合奏、歌伴舞等形式。排练期间，十里河商会请来了从事革命文艺工作70年之久、原东方歌舞团团长王昆老师担任艺术顾问，同时请来了从事文艺演出工作多年的曹善明老师、吴秀琴老师、林国光老师、白天华老师担任艺术指导。所有演员均发挥出了专业水平，整场红歌会激动人心。红歌会展现协作精神红歌会是十里河商会为新中国成立60周年献礼举办的第四场大型活动，最大的特色是首次打破了企业间的界限，发挥出团结协作的精神。《团结就是力量》由十里河特色街联防队、绿化队、天龙建筑、京安汽修4家单位合作演出；《我们走在大路上》由联防队、绿化队、天龙建筑、大洋路建材城联合演出；《走进新时代》由美联天地、创新世纪、消防安全办、居然之家十里河店合演；《明天会更好》由东方汇美、大洋路建材城联合演出。红歌会总策划、十里河商会党总支副书记、十里河集团副董事长李晟杰表示，报名参与红歌会之际，出现了多个单位报一首曲目的情形，“如此一来，就让这些企业同唱一首歌，以此发挥企业间团结合作的力量”。团结协作增强凝聚力以红歌会的形式为国庆献礼，总策划李晟杰的创意取得了成功，所有参演人员及观众在17首红歌中体会到了老一辈革命者艰苦奋斗的精神，并通过团结协作，增强了企业间的凝聚力。“通过十里河商会平台，所有十里河地区的投资者、发展者要捆绑在一起，同呼吸、共命运，做大买卖，共同享受生活，让十里河走上持续发展之路。”红歌会成功举办再次印证了十里河集团董事长、十里河商会总企划李华奎对十里河地区的殷切期望。商报记者 田志英,3,4,0.3258310556411743
十里河商会启动优才计划100名经过筛选符合报名资格的十里河特色街工作人员将参加十里河商会组织的专职人才培训班，培训结束后，合格人员将分别拿到专业监理员、消防中控员、助力物业管理师、高级文秘、档案管理员等职业资格证书，成为十里河特色街上首批持证上岗的优秀人才。“十里河，已经成为家居建材零售领域内的大品牌，未来发展离不开优秀人才的推动，十里河商会将把人才培养作为企业发展的重中之重，每年都会与专业职业资格培训单位联合组织培训班培训工作人员，为企业发展输送不竭动力。”作为人才培养计划工作的负责人，十里河商会副会长李晟杰将培训工作命名为“优才计划”，她信心十足地表示，一定会通过专业培训使十里河特色街上的工作人员专业能力有较大水平提升，为十里河目前发展及未来跨区域发展储备精兵强将。100名员工参加首期培训“18-40周岁的十里河特色街工作人员可以报名参加十里河商会组织的职业资格培训班。”当这样一则“招生启事”贴进十里河特色街各大家居卖场之际，特色街上的工作人员异常兴奋、纷纷踊跃报名，最终100名员工成为培训班首期学员，参加十里河商会联合社会专业职业资格培训单位组织的培训班学习。李晟杰作为培训工作的主要负责人，对人才培养工作充满信心，并将首期培训工作命名为“优才计划”，她表示，参加培训的工作人员多数是十里河土生土长的年轻人，对十里河集团充满热爱，通过培训将使他们的职业技能及企业忠诚度均有较大水平提升，成为十里河未来发展的栋梁之才。十里河商会“优才计划”首期培训班学员毕业后，合格者将分别取得专业监理员、消防中控员、助力物业管理师、高级文秘、档案管理员等职业资格证书，成为十里河特色街上首批持证上岗的工作人员。李晟杰表示，人才培养计划致力于将优秀工作人员从“员”变成“师”，“今年，取得‘监理员’职业资格证书的员工，明年，十里河商会将努力将其培养成‘注册监理工程师’，当一批批‘员’级员工都变成了‘师’级员工，十里河特色街将凭借人才优势而实现跨越式发展”。教育规划诞生优秀人才“未来市场竞争，取决于人才的竞争，谁具备了优秀的人才梯队，谁就能在竞争中顺利胜出。”李晟杰相信，培养一支有作战能力的精英团队，是十里河快速发展必不可少的基石。事实上，早在2006年年底，十里河商会成立之际，商会便为十里河特色街未来发展制定了三条发展大计，其中就有“人才教育规划”。十里河商会秘书长石占成表示，商会将从人才培养入手，建立教育培训基地，制定三年教育发展纲要，以提升十里河的竞争力，支持十里河的持续发展。2008年4月，十里河商会召开第一次教育工作会议，明确提出“十里河教育三年规划”，在十里河工作的员工将通过一系列的培训和再教育，三年内达到大专以上文化程度。为此，商会投资了2000万元于当年建立了教育培训基地，使十里河商会拥有了自己的“教育摇篮”。李晟杰表示，“三年教育规划”出台之后，十里河商会一直努力通过各种形式培养和选拔优秀人才，最近的一批优秀人才就是通过“以史为鉴，开创未来，科学发展十里河”大型图片展脱颖而出。为增进十里河人及十里河特色街上4000多名商户对十里河十年发展历程的了解，并通过回顾历史增加他们对未来发展的信心，十里河商会于今年6月组织举办了“十年十里河”大型图片展，5名优秀讲解员借大型图片展闪亮登场，通过他们流畅、广泛的讲解，观展人对十里河的历史有了更详尽直观的了解。“这5名讲解员都是十里河土生土长的年轻人，都在十里河特色街最平凡的岗位上工作。通过这次选拔培训，他们对自身充满了信心，同时增加了对工作和企业的热爱。”除此之外，李晟杰还带领十里河的年轻人走出去，到井冈山、延安等革命老区体验生活，培养年轻人坚强吃苦的意志，全方位提升员工综合素质。人才战略推动品牌升级走过十年发展历程的十里河已经从京郊一片农村转变成了京城现代文化建材商业中心，“品牌十里河，家居CBD”，当京城百姓对这句广告语已朗朗上口之际，十里河已经从一个地名转变成为一个品牌名，下一个十年，十里河将更加着力打造品牌知名度，使“十里河”三个字享誉全国，十里河集团为此制定了“十年发展规划”。在十里河的“十年发展规划”中，2008年-2013年，是十里河集团打造文化产业的关键五年。十里河将在毗邻十里河特色街的京津轻轨沿线两侧投资亿元，建立9万平方米的文化市场，同时休整马路、污水管线，与程田古玩城、十里河奇石花卉城、千鹤年华书画城、十里河画院、天骄民俗文化城一道，提升十里河特色商业街的文化气息；2013年-2018年，是十里河集团走出北京、面向全国的重要五年，十里河集团将依托品牌优势和管理经验，选择最擅长的商业地产开发、市场管理领域进行投资。李晟杰表示，“今天的十里河已经走上了高速行进的快车道，人才培养必须与企业行进同步；未来，十里河要走出北京、面向全国，今天建立的优秀团队将是十里河征战全国的主力先锋。建立一直强悍的精英团队，将加速十里河品牌升级、快速走向全国”。,3,4,0.3784157931804657
十里河特色街提前预热五一市场 “五一”尚未到来，十里河特色建材街上已经是一派火热。各大品牌商家纷纷出台了促销细则，卖场也使出了浑身解数奋力促销，帮助商户拉单。为扩大影响、增进订单，各大品牌商家纷纷表示，节日促销策略已提前启动，消费者即日签单也可享受节日折扣。部分商家的促销活动甚至延续到5月底。十里河特色街为迎接“五一”做了积极的准备工作，工作人员表示，要为消费者创造一个理性、便捷的消费环境，保证消费者与商家共赢。 特色街促销策略相继出台“总部刚刚开完会，‘五一’期间，我们的折扣力度很大，比去年的‘十一’、‘五一’都要狠。”记者上周末在十里河特色街上采访时，多数品牌商户表示将信心十足地等待“五一”的到来。“原本属于淡季的二三月份销售状况竟然十分乐观，有理由相信‘五一’会更好。”与品牌商家们积极准备相称的是，卖场也在积极搞促销，帮助商户拉单。“5月1日-3日，只要在规定人数内到卖场服务台就可领取价值不等的代金券，到卖场内任何一品牌处消费，冲抵现金，可享受商家与卖场的双重优惠。消费满一定额度还可领取由卖场发放的价值不等的礼品，同时可参与抽奖活动，再次赢取不同礼品。”这是记者在十里河特色街上看到的最大的卖场促销活动——高力国际灯具港“五一”促销。促销手段实惠灵活，让消费者完全能感受到卖场的促销诚意。工作人员表示：“这次促销，卖场最少要拿出十几万元现金补贴。”十里河灯饰城则在“五一”期间为消费者特别准备了灯具团购会，只要在现场或之前通过电话报名都可参与到团购活动中，由卖场牵头与品牌商户协商给消费者一个超低的买入价格。十里河居然之家、家和家美、美联天地、东方汇美、程田古玩城、奇石花卉城、千鹤年华书画城、地毯大世界、地板之家等卖场同样制定了幅度不等的优惠措施，“五一”促销大战硝烟弥漫。即日签单可享受节日折扣记者在十里河居然之家内发现，优惠政策出台最早的就是家具和瓷砖、洁具类产品。以往很少做折扣的意风、百强、红苹果等家具及科勒、TOTO、法恩莎等卫浴纷纷给出了比以往实惠很多的折扣。意风家具店员表示：“我们意风家具从来都是明码实价，不打折是出了名的。不过这个‘五一’，我们还是给出了8.5折的优惠，只要签单超过1万元就可以享受这个折扣，现在已经生效。我们这么做一是让更多喜欢意风的消费者多一个消费理由，二就是希望通过厂家的让利，让家具市场更红火一些。”今年“五一”的促销活动与往年比最大的特点就是简捷实惠。以往商家很喜欢玩些文字游戏和变相的提价再打折的促销游戏，而这届促销，商家拿出了很大诚意。记者走访多个品牌商户询问“是否有折扣，是否原价会高于平时价格时”，得到的答复都是非常肯定的：“绝对不会。”一位东鹏陶瓷的经销商告诉记者，消费者的消费欲望今年本来就不是十分高涨，大家都是捏紧了钱过日子，因此要通过实实在在的让利，让消费者感觉到东西确实便宜了，“要通过‘五一’这个契机为市场做点贡献，也是为自己多拉点订单”。记者了解到，面对“五一”销售旺季，十里河特色街上的卖场和商家的促销都变得很实际，消费者看不到铺天盖地、令人头晕眼花的促销广告和需要算计半天的促销手段，只要到店面一转，就会发现，东西确实是便宜了。十里河积极应对节日高潮为迎接“五一”的到来，十里河居然之家、程田古玩城、高力国际灯具港、十里河灯饰城等卖场分别加强了市场管理人员的工作力度，准确引导消费者购物，设计合理的行走路线指示牌，并增设停车场管理人员，快速帮助消费者停车、挪车，以利于消费者购物。十里河市场管理人员同时提醒消费者要理性消费，明确自己的具体需求，结合家装实际需求消费，而不要受到市场热潮影响、盲目消费，最终买的产品不符合房间需求，造成退换货麻烦。对于部分商家鼓吹的“先签单享受折扣、一年之内都有效”不要轻易动心。“消费者和商家都要做到理性消费、理性推销，让十里河的‘五一’节日促销成为商家与业主双赢的居家消费高潮。”商报记者 田志英,3,6,0.7771937847137451
协会为行业作用 9年来指导企业发展高志华：他为我们这个会能开好，自己也是亲身投入。包括这次年会，大家反应都很好。现在是金融危机的时候，不好做，我们协会就要为行业所用，要出点子。这个洗牌，不能把好的洗掉，要把坏的洗掉。优胜劣汰是社会的发展规律。我们这次年会严格讲起来有三大主题。第一个主题，是我们年会的工作。在年会工作里面，我们把3家九连冠，实木复合地板的七连冠要表彰出来。第一个主题第二个内容，现在金融危机主要体现在营销的萎缩、房地产的萎缩上，老百姓口袋里的钱目前不敢花，出口大力衰竭，这样我们就要加强终端。我们怎样开放国际市场？这次我们也请了一些外国的代表团。在国内，我们把终端表彰出来，评出160多家诚信服务经销商。让消费者感到这个经销商老实，我们愿意买他的地板。因为去年的三鹿奶粉等等一些事件使营销中心不放心，我们地板商除了要24小时天天开通以外，我们还要把终端给它挂上。第一个主题里面我们表彰了优秀的经销商。为了把这个形势开好，我们请了国家的主要领导人，比如国资委、中消协，还包括国家工商局的一些领导讲话。听到中央领导对我们地板行业很大的期望，我们感到很欣慰。我们围绕着第一个主题有三个方面。第二个主题，我们成立了中国实木地板复合制度。这个制度的成立使我们中国实木复合地板更健康、更有序地在国内外打开局面。这次应新浪网要求，我们特意把美丽岛和佳乐美请过来，他们就是实木复合地板的龙头企业。美丽岛这个企业在当地是个大企业，现在来讲，它出口内销。所以这次它也出了很大力，中国实木复合地板制度经过专家及有关部门的慎重审查，在这次年会上我们隆重地推出。而且在八达岭长城我们加上了实木复合地板的纪念岭。中国发展速度最快的就是实木复合地板。这个里程碑一开始，中国的实木复合地板即将要蓬勃发展。这是我们的第二个主题。第三个主题，大家靠木地板发家了，挣钱了。最近在开亚洲经济论坛，温家宝总理都去了。而且要谈台湾和大陆的经济联合。可爱的美丽岛就是在台湾，而我们跟美丽岛是大陆和台湾之间合作的典范。据我知道，它拿了1000万到中国做生意，现在一年盈利就几十个亿。它从这里面拿出一点钱在大陆做生意，还拿出一部分资金种树。第四个主题，我们企业家要有社会良知。我们从这里面挣到钱了就要回报于社会，不要吃子孙的饭。我们要给子孙造福利。我们做了很多捐款工作。我是个大学教授，我是有良知的，没有共产党就没有我，我一直是这样想的，我今年70多岁了，不想干了，但是有时候为了使这些企业家能够走上正道，我还要干。一个人做一件事情要坚持下去，很多老板对我很尊重。我们在去年汶川地震中联合捐助50万。这次年会开得好，我们坚持了一贯原则，为政府服务、为消费者服务，也为我们企业家服务。这样才有发展方向。我们也感谢政府的领导，使得小小的地板行业能得到这么大的重视，我心里也是特别地安慰。,3,7,0.519340991973877
博夫曼空间美学 北京别墅样板间赏鉴论坛主持人：尊敬的各位来宾，各位设计师朋友，各位媒体朋友大家下午好，在悠扬的琴声中我们就开始我们这个活动。我现在先自我介绍一下，我是本次活动的主持人易虹，非常荣幸也非常高兴能够和大家相距，同时也感谢大家在炎热的夏天顶着酷暑来到这里，不过我相信大家都会不虚此行，再次欢迎大家的光临。空间美学---北京别墅样板间赏鉴论坛由《家饰》杂志主办，北京博夫曼厨房家具有限公司全程支持，《家饰》杂志、颐家家居网站对活动进行全程报道，搜狐网和新浪网也正在进行网络直播。首先我给大家介绍今天的两位主讲。第一位是北京镇海设计顾问有限公司总经理、设计总监杨俊辉老师，第二位是Make Fom设计总监刘杰老师。今天我们论坛的主题是空间美学---北京别墅样板间赏鉴论坛，总结出来三个关键此，第一个关键词是空间美学，第二个别墅样板间，第三样板间赏鉴，在经历二三十年的尝试之后，而今戋戋进入一个更加理性且更加个性化的审美阶段。我也有很多的机会通过跟获奖的设计师精英进行访谈，得出这样一个结论，样板间的设计其实考验设计师综合，想当初我本人也是受样板间这样的感触买了我自己一套房子，所以好的样板间具有重要意义的。关于第三个关键词，我就不多说了，今天请来两位老师讲，他们会从宏观讲到实际的操作，会给大家带来大家在实践中得到的一些非常实用的心得。今天的活动我们也得到博夫曼的大力支持，感谢他们为我们提供了这样一个优美的活动场地，作为世界知名的，博夫曼已有七十年的历史了，他们从2003年进入市场，一直以优雅的设计在高端市场雄霸一方。等一下公司德王总会给大家详细介绍一下，严谨的作风和严格的管理让我们见到不断发展，壮大的文化品牌。接下来我们非常荣幸有请北京博夫曼厨房家具有限公司副总经理王泓笙先生，为这次活动致辞，有请王总。,3,4,0.9238628149032593
博洛尼陈炜：回潮是一种创新陈炜：因为一个沙龙的话是一个思想碰撞，思想碰撞一定是有互相的辩论和讨论。根据孙群的话，就是谈到了经济基础决定上层建筑，其实回潮我的一个理解，回潮它不是怀旧，可能有很多怀旧的因素，有很多怀旧的现象，有很多怀旧的产品出来，回潮是一种创新，那这种创新的话它其实根源于历史结合现在的创新才能出现新的东西。而且这种创新是经济到了一定情形下才会出现更多的自信去做那个创作。        这就要先说到我们九朝会，九朝会你说它是一个怀旧的地方，是一个很时尚的地方，还是一个混搭的地方，因为这里可以看到很多元素。我们蔡总为什么愿意做九朝会谈起，有些话题很有意思？因为我们发现中国的经济，从这二十年到三十年的发展现在一不小心成为世界第二强国，这前二十年到三十年我们都认为所有东西国外是最好的，从我们孙总最早代理国外家居产品做起，带动了中国的媚外的潮流。现在发现观点变了，从我们装修的角度就可以看出来，现在很多的家里各类的装修，慢慢都会要求加入一些中国传统的中式的东西加进去，但这种中式的东西又不完全是纯粹的中式，要求是新中式，也就是说用现代的手法和现代的概念展现中国传统文化的元素的展现，我觉得这是一种很有趣的创新。在我们九朝会里面的话想体现的是中国从魏晋南北朝的时候，士大夫的精神在这里有所体现，但是展现的方法又不完全是，比如我们在戏派里展现的是昆曲，因为它被联合国评为物质文化遗产之首。京剧本身就是昆曲创新出来的一个衍生的形式。在我们做这个产品的时候，其实一直就是不能照搬，一定是用现在解构的办法展现出来的东西，所以我们也会设计原先的那个炕，像魏晋时期的士大夫在小桥流水旁边席子一卷就出来了，我们可能不是传统的东西，可能用的是现代的装饰的材料来体现这个产品。这里还有很多的空间和区间都有类似的概念和特色。    为什么要这么做？我们会发现中国经济起来以后，一定会有文化上自信起来。这种文化自信起来根源于中国传统的东西，像我们现在到国外，他们对孙子兵法等等是津津乐道，现在的中国什么能代表出来反而很难。这点的话中国经济现在这种强大必然会给我们一次机会，让我们能够结合现在的东西能够展现出去给整个全世界做一点表现。我想这种回潮，其实也是一种回潮，这是根源经济的发展，文化上的自信而做的更多的创新，而这种创新是结合了历史又结合的现代的一种创新。所以我想我们讲的这种理解，不仅仅简单表现一种现象和情况，也因为如此的话，我们是做企业，做商业的情况，我想孙总，他是忧国忧民，讨论的是思想层次和制度层面的东西。我想这种文化的创新，这种回潮必然也会带来了很多商业上的趋势，但我们也不希望如此，不仅仅希望这种商业上的趋势仅仅变成像怀旧的，变成时尚的元素的一个概念，让怀旧变成一种时尚的概念，而应该是人们真正根源于一部分文化上历史上带来的一个新的创新，这个可能是我的一个观点。段妍玲：大家不同意这个观点的可以辩论，我想大家都比较同意。请杨主任来决定这个沙龙的第二轮辩论。,3,5,0.8225154280662537
"博洛尼：新浪漫来袭当城市风靡起“羊爱上狼”时,时尚潮流里可以假装自己不会长大；当有人玩着电动就似坐上时光机，现实的生活拉不回状态；当有人满北京街头寻找瓷瓶酸奶时，捧着那灰白色、腹部浑圆的“蜂蜜酸牛奶”，为的是它能还原童年的味道。是这些渐行渐远的生活，唯有通过丝丝物件将记忆串联，这新生活的浪漫往往带着幻想的美丽，有点忧伤、有点甜蜜、而这甜蜜绵长而深远。在世界经济低迷时期，家居市场也对经济不景气做出各种反应。逃避残酷的现实处境，直接将意识中最美好的虚幻呈现出来，博洛尼从在高端家居市场一直推崇的古典主义到新浪漫主义风格转身中，可以嗅到家居设计的高调转变。新浪漫是什么？一种态度，对时尚遥遥领先的把握，纵览云端的设计潮流；一种格调，激活沉淀于心底的浪漫因子，让生活艳丽绽放；一种力量，柔软女性主张的极致表现，那抹最令人感动的温暖。新浪漫之梦幻新浪漫主要特征注重个人感情的表达，形式较少拘束且自由奔放。往往表现是怀旧的，梦幻的。没有王室绅士贵族淑女，无法雍容自如地跳小步舞和华尔兹？当昔日的浪漫成为了遗憾时，用一点柔软和回转的线条，一点粉调或浅淡色调，用一点流苏的，布艺褶皱处理面料装饰，用一点花卉纹样，渲染出一点对往日浪漫风采的思恋。这就是新浪漫。新浪漫是文化的、深刻的、并且不断反思现实的，同时把最新的元素融入家居时尚中。不是一味对过去的追忆，而是让过去的美好追忆焕发新的生命。新浪漫者特别注重家居的环保、智能，对破坏环境的行为，他们表现出不可宽恕的态度。强调更多生态材料的运用而减少对自然环境的破坏，新浪漫主义在颜色方面趋向以白色灰色为底色，加入柔和的大地色或呼应季节的粉紫色的和谐统一。新浪漫之激动电视选秀节目里,两位评委为了浪漫争吵起来,一位认为激情与浪漫是不一样的,另一位则辩护说浪漫是在每个人心中的,一万个人有一万个浪漫的理解。是这样吗？有趣的话题引发了神经的思考，难道浪漫真的每个人的理解都不一样吗？如果是那样，浪漫的价值又如何体现呢？理性痛苦的思考对浪漫而言本身就是残忍的，当事物满足了人们的感情倾诉，实现了一种现实的超越时，就是浪漫的。浪漫注重的是个人感情的表达，常需要夸张的方式跳脱出常规，创造浪漫元素，实现浪漫。当世界经济一蹶不振时，人们开始回归家庭，家成为躲避风雨的心灵休憩港湾，学会以一颗浪漫的心面对生活。浪漫来自你的内心，浪漫来自你的血液。如果浪漫可以分级，那么按照体温的标准，36°8的新浪漫恰恰好。在生活中寻找一点感动，给平凡的生活加点浪漫的因子。试着给自己的家来颗新浪漫的维他命，以另一个角度诠释自己的生活，把硬棱角，来个软包装。感动的一定是自己。新浪漫之温暖新浪漫属于不愿与时尚为伍的知识女性，她们会把一个在车库中久经岁月的靠包、花布改造成时下最惹眼的装饰，或者是一个奶奶辈的碗柜刷下时下最流行的中国红是新浪漫者最擅长运用的手段。新浪漫所表达的“柔软”不等于示弱。女性与生俱来的柔弱肢体，敏感的性情，细微的感触，无不是柔软的。但独立的个性、潜藏的灵感、敏感的好奇心、成就了以女性主张为核心的新浪漫主义的崛起。亮片、垂帘、珠珠等装饰物，断断续续地坠落着，充满精神性和表演性柔软细节让流露出可贵的简洁感和自如感。新浪漫风格就像衣服一样注定被懂得她的人们所钟爱，他们会将自我的一些特质赋予空间，超越时代。爱的暖意就在精心营造的家的点点滴滴中。新浪漫如细雨如微风，轻轻柔柔，带着爱意带着温暖。2009，让平静的新浪漫主义带给我们家的另一种惊喜！",3,6,0.9823091626167297
历代珍品古玩现身十里河程田古玩城(图)图为 历代珍品古玩现身十里河程田古玩城图为 历代珍品古玩现身十里河程田古玩城图为 历代珍品古玩现身十里河程田古玩城一场由程田古玩城亲自操办的珍玩精品展近日亮相十里河程田古玩城四层美术馆西区，展品包括汉古玉、唐三彩骆驼、元青花玉壶春瓶、明八角烛台等历代珍品古玩。此前程田美术馆内也多次举办珍玩精品展，并与知名鉴宝栏目及杂志合作，推广程田古玩城的市场形象，但那些参展产品多是来自于社会和业界收藏家。此番程田古玩城亲自操办精品展，所有展品均来自于程田古玩城内。这表明，程田古玩城确实“有货”，奇珍异宝数不胜数，显示出其在业界的领先市场地位。 “这是战国时期的玉盅、这是辽代的带扣、这是汉代的玉龙首、这是唐代的玉骆驼、这是……”8月18日，当记者来到十里河程田古玩城四层美术馆西侧的精品展厅时，董事长程永田兴致勃勃地向记者介绍展厅内的历代珍品古玩，“这些古玩价值连城，多年来一直被程田古玩城内的古玩爱好者收藏着，如今拿出来给业界专家和爱好者分享一下，让人们认识认识程田古玩城里的宝贝！”记者观察发现，参展的展品包括唐三彩骆驼、元青花玉壶春瓶、明代八角烛台、三彩大罐等诸多稀有瓷器，以及红山文化、汉代古玉、极品田黄石、清代昌化鸡血石印章珍品。从年代来看，有战国时期的玉佛器、玉盅，汉代的玉麒麟、白玉四不像、玉龙首、玄武玉，辽代的白玉带扣，唐代的唐三彩骆驼，宋代的玉石狗，明代嘉靖年间的三彩大罐、万历年间的青花瓷、青花八角烛台、黄玉佛珠，清代的三色宝石、象牙器物以及清晚期的极品田黄石、鸡血石等。由程田古玩城亲自操办，大规模集中展示历代奇珍异宝，这还是第一次，程永田表示，此前程田美术馆也曾举办过古玩珍品展，但参展展品多数是来自社会爱好者及业界收藏家，在规模、数量、价值等方面均不及程田古玩城亲自操办的珍品精品展，“这样做的目的就是希望让广大爱好者和业界专家看到程田古玩城内的珍品宝贝，同时给各界收藏着提供一个展示交流的机会，以此弘扬传统古玩文化，推动文物事业发展”。程永田表示，第一届珍玩精品展要起到抛砖引玉的作用，“日后，这样的展览会持续举办，每期可由程田古玩城内的收藏者联合举办，或者由单个收藏者独自举办，通过持续不断的展览，会让社会各界认识到程田古玩城内奇珍异宝无数”。事实上，程田古玩城内每个商户都可称得上行家，每个人的收藏爱好品种不同，但在各自的领域内都有一定知名度，也就是说，他们手中多多少少都有一些价值连城的珍品名品。不定期拿出来展览，一来能让广大收藏者开开眼，二来也能提升商户自身及程田古玩城在业界的地位，程永田道出了程田古玩城举办精品珍品展的直接意义。虽然程田古玩城首届珍玩精品展没有大范围地广而告之，但记者发现，展览刚刚布置完成，已经有不少爱好者和专家前往观赏。程永田满面春风地笑说，以后，来看珍品的收藏者和专家会越来越多。商报记者 田志英/文并摄,3,1,0.9507908225059509
原材料稀缺 红木家具或将成为文物对话杨家驹：原材料稀缺 红木家具或将成为文物杨家驹这个名字，很多喜爱红木家具的朋友都并不陌生。他是中国林业科学院木材工业研究所副研究员、红木国家标准的第一起草人。日前，我们来到了杨教授的办公室，就红木家具市场的现状展开了一番对话。《红木文化长廊》：杨教授您好。我们都知道，红木原材料很多都属于稀缺树种。据您了解，这些树种目前世界上的存量还有多少呢？杨家驹：从绝对数量上说，有的树种存量还不少。但从相对数量上说，已经是越来越少了。近年来红木家具大火，造成了这些树木被大量砍伐。我们的红木原材料主要都是从东南亚和非洲进口的，现在人家的政府已经意识到了这个问题，针对一些濒临灭绝的树种，开始颁发禁伐令。这是一个可持续发展的问题，我们不但要自己享受红木家具带来的种种好处，还要把它们留给子孙后代。所以，红木原材料就是那么多，总有一天会有砍完的时候。《红木文化长廊》：那您预测，这一天大概到什么时候将会出现呢？杨家驹：这个时间可能是十几年，也可能是几十年。谁也说不准，因为它是由市场决定的。市场的需求越大，它到来的可能也就越快一些。《红木文化长廊》：但生产红木木材的各国，不是也都在人工种植那些树木吗？杨家驹：对。所以我所说的砍完，并不是永远的枯竭。红木原材料只是在某一时间段内，将成为不可再生资源。它能再生，但是时间将很漫长。因为能够成材做成红木家具的树木，一般树龄都要在几百年以上。前人栽树后人乘凉，现在种的树，要等到几百年后才能用来做红木家具。《红木文化长廊》：那面对这种情况，这个市场该如何应对呢？杨家驹：首先，我所说的红木就是指红木国标里确定的33种用材。实际上，在国标之外，还有不少树种同样适宜制作传统家具，材质上也很不错，甚至完全可以超过33种材料之中的某一些树种。虽然用它们做成的家具不能叫做红木家具，但完全可以叫做明式或者清式古典家具，同样具备文化意蕴。再有，现在市场上的红木家具到时候就都成为文物了，人们可以从文物的角度重新欣赏、判断其价值。,3,1,0.7127407193183899
各城市领导分别谈对林业产业维权看法 &nbsp;主持人：广东省知识产权局对林业产业国际维权十分重视，并给予了大力支持，下面有请广东省知识产权局副局长郑良生先生发言。郑良生：各位领导大家上午好，我代表广东省知识产权局对本次研讨会成功召开表示热烈的祝贺。刚才听了贾局长的重要讲话以及各位专家的发言，特别是听了燕加隆公司所取得的国际维权情况的汇报，很有感触。对于燕加隆公司在国际维权这件事，广东省知识产权局一直非常关注，也真心的希望他们可以打赢这场国际商战，前不久燕加隆告诉我，赢了，燕加隆赢了官司，在这里我对燕加隆的成功和胜利表示热烈的祝贺。下面我想就燕加隆公司在国际维权当中所取得的成绩讲几点看法：一，燕加隆胜诉的关键就是燕加隆一拍即合技术具有知识产权。用广东人讲这是正货，不是假货，正因为是具有知识产权的技术，所以才可以在国际上站住脚；第二，燕加隆胜诉的成本就是他们重视创新，重视知识产权，把知识产权视为企业的生命，创新是知识产权的手段，而知识产权是保持创新的法律保障；三，燕加隆给予我们的经验是非常可贵的，在他们取得成功的同时，也给予我们一些重要的启示，第一，知识产权是企业走出去的战略法宝，是企业开拓国际市场的一把利剑；第二，在企业建立知识产权制度是现代企业制度发展的必然；三，企业要发展，必须重视技术的研发和创新，从而创造出自己的知识产权，形成自己的核心技术，占领产业发展的制高点；四，要有一只懂得国际知识产权的队伍，第五，进行国际知识产权的研发，有计划的进行战略布局，这一点我认为我们要学习发达国家企业的经验，例如摩托摩拉公司，他们的手机在中国上市前已经在中国申请了很多的专利；第六，遇到国际贸易摩擦时要积极应诉，敢于应诉，勇于维护自己的利益，积极不是蛮干，要像燕加隆公司一样，有胆有识，有理有据，研究制定应对的策略。以上几点看法是我认为的看法，仅供参考，谢谢大家！主持人：湖北省十分重视科技创新，省林业局率先组建了中国首家低碳经济产业园，引入了像燕加隆一样具有核心知识产权的企业，参加会议的除了林业厅还有一些有关的县、镇领导也参加了，体现了对知识产权的支持，下面由湖北省林业局代表陈先生发言。陈先生：各位领导、各位来宾大家好，今天发言的应该是我们王局长，但是今天下午他要参加一个调研，他临走的时候委托我代替他发言，所以我今天代表王海涛局长，代表湖北的地板企业向燕加隆在加拿大、美国337当中的胜诉表示热烈的祝贺，这不仅长了燕加隆的志气，更长了中国民族企业的志气，这是燕加隆公司掌握产业核心技术，前不久我省在湖北成立了低碳经济产业园，燕加隆公司作为这个园区的龙头企业，牵头企业，投资数亿元发展低碳经济，在这个方面，为发展低碳经济改革方面真正的起到了龙头带动作用，燕加隆一拍即合的专利技术不仅在于他是产业核心技术，也在于他的环保核心技术，不仅如此，燕加隆公司还在湖北发展产业工业，营造工业园40多万亩，有利的支持了低碳经济的发展。燕加隆企业的胜诉，为我们的所有的民营企业带了一个好头，树立了一个榜样。最后希望燕加隆公司进一步注重产品的质量，加大国际市场的力度，进一步研发新产品，推出新技术，获得新专利。把企业做大做强，在国际竞争中仍然立于不败之地，谢谢大家！主持人：林业产业知识创新，国际维权的问题一直得到国家林业局的重视，现在有请国家林业局科技发展中心常务副主任林先生发言。林先生：非常感谢主办方能够在这里为我们行业举办这次研讨会，代表国家林业局科技发展中心科技司对本次会议的主办表示衷心的感谢，同时也感谢大会为我提供一个发言的机会。在这次会议上非常荣幸，也非常高兴的听到燕加隆再次在国际素取得了胜利，燕加隆公司是我们中国，尤其是中国林业企业在国际上参加国际贸易诉讼取得成功的比较少的范例之一，在林业行业当中取得了巨大的振动，我们科技口，科技界对这个问题十分的关注，受到了巨大的鼓舞，在此请允许我代表林业科技战线的全体员工，对燕加隆再次取得国际当中的胜诉表示热烈的祝贺。在世界经济日益全球化的大背景下，在知识经济飞速发展的今天，知识产权是一个核心竞争力的体现，为了应对全球技术贸易摩擦，为了提升我国经济、社会的发展水平和竞争实力。国务院在去年颁布了《国家知识产权战略纲要》，标志着知识产权战略已经成为国家层面进行实施，预示着我们国家的竞争和全球化的竞争上了一个新的台阶。在这里我简单介绍一下林业知识产权管理的有关情况。首先，介绍一个概念，就是林业知识产权包括哪些内容，为了进一步贯彻国家知识产权发展纲要，同时组织六个专题组在进行广泛的调研，争取在短期内制定，颁布出林业知识产权战略纲要。林业知识产权战略纲要主要包括这么几个部分，一个是专利，据我们了解和在数据库的统计有效记录，林业的专利数量是六万多件，其中近一半都是有效的管理，都是目前有效的管理，在全国专利应用总数的2%，整体来说还是不多的。第二项就是体现行业特色的新品种，中国是一个资源大国，也是生物资源非常丰富的国家，经过人工的治理开发，国家出台了一些新的政策，要经过授权、申请，测试、审查确认的，这部分的林业新品种目前已经颁布了四批，供78个，130多件，即将颁布，如果可以颁布的话，在今年年底，明年年初总数量大概在133个水准，达到500件左右。第三个就是体验行业特色的，比如说大家熟知的一些，我们和农业部共同管理的生物、植物、动物这些拥有地理标识的产品，林业这边主要是从林木，果树。再有就是体现林业知识产权管理范围，就是生物遗传资源，我们国家的生物遗传资源十分的丰富，这部分森林林产资源占全球的30%多，我们国家现在是生物遗传的进出口交易大国，通过人的治理、开发、应用；最近12月1日，国家林业局正式批准，将林业行业知识产权工作归到科技中心的职能部门下，为此还专门设立了一个执法管理处，主要负责林业新品种，专利，生物遗传方面监督管理形成执法，目前正在拟定的力量，在行业省区也要相应的建立执法部门。这次参加这个会议也是一个学习的机会，非常感谢主办方产业协会、林产工业协会，燕加隆公司给我们提供这个机会，在这里我们有两个处长在这里，将来作为行业的知识产权管理工作，既要对上面连接国家知识产权局、工商局之外，对内要做好协调，对林业企业做好服务性的工作。最后我简单介绍一下近期将开展的三项工作，主要是在以往工作的基础上，进一步加大力量，从贯彻国家知识产权战略纲要的角度，认真组织行业内的知识产权的工作，重点强化林业知识产权保护，促进林业自主创新和产业发展，抓住实施国家知识产权纲要的时机，抓住林业生物遗传资源等主要产品的保护和应用，提高林业知识产权的质量和核心竞争力。尽快的出台并落实国家林业局贯彻实施国家知识产权战略纲要的指导意见，加强行业指导和协调推进，采取相应的支持和激励措施鼓励自主创新，提升林业产业的整体实力；第二，联系建立林业保护的机制，重点开发出口林产品和知识产权的平台，为林业企业有效的支持产权壁垒提供信息和技术，这个工作主要依托协会的力量，学校的力量，科研的力量做。第三，是要推动建立各种形式的知识产权，开发和保护，开展林业科研单位，企业、单位试点，在此告诉大家一个消息，我们以将燕加隆公司，林科院木材工业研究所叶所长他们，还有大亚集团三家列为林业知识产权的试点单位上报到国家知识产权局，近期就应该批准下来了。我们想借这个机会提升我们的形象，林业知识产权这块的工作量，虽然刚刚起步，当然我们想开好头，高效一点，所以慎重的选择了三家，一旦成功，将获得国家的一些支持。重点是要提高自主知识产权和抵制国际贸易壁垒，推动林产业的发展，最后感谢主办方，认识大家非常高兴，我们行业知识产权管理部门将全力做好服务性的工作，密切配合协会、学会、企业集团、科研单位，以及林业全行业的管理部门，做好我们林业知识产权的保护和管理工作，谢谢大家！主持人：国家知识产权管理部门一直重视这项工作，现在我们欢迎中国专利保护协会副会长兼秘书长肖鲁青女士发言。肖鲁青：各位领导、各位专家大家好，再有两天2009年就过去了，2009年是不平凡的一年，温家宝总理接受新华社记者采访时说过去的这一年是惊心动魄的一年，金融危机当中企业是首当其冲遭受了很大的冲击，中央采取了措施，使中国的经济出现了企稳，一些企业突破了金融危机的影响和国际的打压，出现了良好的发展局面。今天在这里研讨中国林业企业国际维权问题，从一个侧面真实的反映了这个情形，深圳燕加隆公司多年来在市场上维护自己的知识产权，并取得胜利，成为我国企业海外维权成功的范例，因此，举办这么一个会议是具有非常重要的和深远的影响意义。首先反映了我国的企业在国际竞争中不断的发展壮大，我们国家拥有一批自主知识产权的企业，通过自己的努力，实现了一定的目标，也体现了中央领导说的创新可以赢得实力，创新可以赢得发展，创新可以赢得尊严的深刻的道理，在经济全球化的时代，世界的竞争最根本的还是知识产权的竞争，在这一点上，燕加隆就是一个榜样，他们发明的一拍即合地板锁扣技术是一个新兴的专利，它解决了地板的核心空白点，实现了核心的创新，满足了市场的需要，打破了国外市场的垄断，实现了知识产权的价值。其次我们通过燕加隆国际维权的艰难历程也看到，我们企业都面临着这样的挑战，中国的企业要想走向国际市场，必须要做好知识产权的大文章，随着我们国家的企业越来越多的进入国际市场，中国的企业在海外遇到的知识产权诉讼越来越频繁，美国的337调查已经不是什么新鲜事了，核心也是知识产权权利是否得到了侵犯，目前我们国家的企业95%的涉外专利诉讼都发生在美国，发达国家企业运用知识产权壁垒进行大量的侵权诉讼目的很清楚，就是排斥和削弱国外的竞争对手。发达国家的贸易保护主义日益加剧，维护他们的市场垄断和知识产权的优势，为了避免我们企业在知识产权战争中的高额代价，企业建立知识产权的经营策略，管理技术制订海外知识产权的管理应对，都是有效的措施，燕加隆可以通过核心技术，通过知识产权打破国外产业的垄断，走向国际市场也为我们广大的企业提供了一个典型的案例。燕加隆企业维权胜利也告诉广大企业，面对国外企业的侵权诉讼，我们不要迷信国外的先进技术，不能只采取回避的态度，应该敢于积极应诉，学会一定的规则，聘请有经验的律师应诉。近年来我们的企业也相继在国际侵权诉讼中打赢了官司，给我们中国的企业增加了信心和决心，同时也积累了国际诉讼方面的经验，希望更多的中国企业能够以燕加隆公司为榜样，努力的研发自主核心专利技术，不断的增强企业的竞争力，使更多的中国产品走向国际市场，国务院在去年六月五日颁布《国家知识产权战略》我们也相信各级政府也将为企业提供更好的法制环境和市场环境，促进越来越多的企业把知识产权战略融入到企业自身发展的战略当中，提高企业的知识产权，创造、应用、保护、管理能力，推动创新性国家的建设，谢谢大家！主持人：我们刚才以燕加隆国际维权经历为案例，在国际贸易、知识产权等多角度进行了研讨，各位专家、来宾都提出了非常多的建设性的意见和建议，有关国际林业产业维权问题，本次研讨会是一个开始，希望各界，各方面进一步重视和关心林业企业国际维权问题。本次会议就到这里。,3,7,0.8674666285514832
同方彭林：以一当四 开启家庭PC新时代(组图)功能卓越的至尊强者，以一当四来势汹汹，开启家庭PC新时代。备受关注的客厅高清家庭影院电脑(HTPC)行业将迎来新的变革！同方灵悦2——堪称全球最小最瘦身的代管去高清迷你电脑，基于NVIDIA公司的ION图形处理器，提供强劲的高清解码功能，完美支持1080P高码流搞清影音解码，超小体积仅1.8L，八面玲珑外观之下却内含相当丰韵，是一台集合蓝光DVD、搞清播放机、体感游戏机的小巧精致家用PC。时间：2010年1月22日下午15：30-17：00地点：清华同方股份有限公司嘉宾：同方股份有限公司计算机系统本部、消费渠道事业部副总经理彭林主持人：谢娟以下为现场实录：主持人：各位新浪的网友大家好，今天作客新浪乐居嘉宾聊天室的嘉宾是清华同方计算机系统本部消费渠道事业部副总经理彭林先生，彭总第一次到我们聊天室作客，可以先给我们新浪的网友问声好。 图为CRIC房商集团华北区总经理张晓辉为同方颁奖彭林：各位新浪的网友大家好，我是彭林，负责清华同方消费类产品。主持人：首先恭喜清华同方获得“2009新浪乐居网友最关注的数字家庭电脑品牌”，刚刚我们也进行了一个简短的颁牌仪式，说到清华同方很多产品都受到广大网友的关注和喜爱，我们最新近的一款产品就是灵悦2，它的功能是全功能客厅娱乐高清电脑，请您给我们讲一下全功能的定义，好吗？彭林：其实同方关注客厅数字化的事情已经很久了，包括我们名字叫做灵悦2你也知道其实它之前还有一个叫做灵悦1的产品，那个产品其实是在2002年左右就已经诞生了，经过这么长时间，我们对于数字家庭的理解又有了一个更深的进步，为什么我们这次开发灵悦2产品呢？我先简单介绍一下灵悦2产品的定位。其实我们在考虑未来消费类产品将要往哪个方向发展的时候，已经深刻的意识到一个问题，就是我们很多的消费者都有这样一个需求，什么样的需求呢？我们需要把一些电脑上的内容和一些互联网上的影音希望可以搬到我们普遍的客厅里的电视、音响或者投影仪比较重要的一些客厅的媒体娱乐化的设备上，这样用户体验起来可能更加舒服，而不是简单传统的通过普通的电视节目，或者简单的光盘、DVD。其实这样一个简单的现象背后透漏着一个深层次的未来的发展方向，就是笔记本电脑以及普通的家电化设备的融合，这个事情很多厂商已经做了。但是具体怎么做，做出什么产品可以很好的整合起来，让用户有很好的体验，清华同方主要是在这些方面做得比较靠前。这样一个产品你们会看到很小巧，非常时尚，甚至当拿到它的时候你会很惊讶它是一台电脑吗？可能觉得它不像一台电脑，很家居化的产品，其实这也是我们设计它的初衷，我们希望这个电脑设计起来以后，看起来好像一个普通的家电设备，但其实它是一台全功能的电脑。全功能有这么几个层面，一个是它用的其实是X86架构，X86架构意味着它可以运行W平台，运行W平台意味着所有基于W的软件、娱乐、播放的格式它是通吃的，都能够兼容的。另外，也意味着它可以把整个互联网的内容原封不动的获取过来，因为这是W平台和X86架构的优势所在。第二个全功能，它虽然体积非常小巧，但是它的性能一点都不弱，它用的是Ion离子平台，它在视频解高清方面的处理能力是非常非常强的，我们现在可以非常流畅的支持1080p的片源的格式，不要看着小巧，但是在视频表现力上是非常非常好的，这也是一个全功能。第三个全功能指的是我们在这么小巧的体积里，我们还做进了光驱，而且光驱还是可换的，将来你可以换成蓝光，或者你买了一台DVD可以换成蓝光，或者未来格式的光驱性产品，这个在业内就不容易了。因为业内如果有类型的产品的话，体积或者比这个产品大，或者没有光驱。没有光驱意味着什么呢？意味着用户只能把它当成互联网的终端设备使用，无法当成CE、DVD光盘的设备。用我的化来讲3C融合还不太到位，有了光驱以后，听歌、看电影都非常非常方便了。所以，用一句话概括，麻雀虽小，但是五脏俱全。 图为灵悦2产品图片主持人：您刚才提到这三点都与我们家庭娱乐息息相关，接下来请您给我们阐述一下在现在这个时代，您对于家庭娱乐所处这个层面的理解究竟是一个什么层面才能满足现代人对于家庭娱乐的一些需求，在这个过程中我们科技产品又扮演着怎样的角色？彭林：是这样，其实每个公司，包括一些国际大厂，像英特尔、微软都有自己对于未来数字家庭的定义，那些大厂也都出了很多成套的解决方案，但是同方作为一个中国的本土企业，它作为中国式的家电，在未来五年到十年中它应该变成一个什么样子，我们有自己独特的研究和看法，可能跟他们不太一样。我们认为国内的一些家庭在未来数字娱乐化应该往哪个方向发展呢？我觉得最重要的一点还是如何把互联网海量的一些娱乐资源可以真的和客厅、电视这种传统的显示设备和享受视听设备进行一个整合。这个其实就是我认为未来五年中国家庭特别关注的数字娱乐家庭的一个方向。怎么做，不同厂商在探索不同的道路，清华同方我们是希望提供一个非常家电化的设备，首先从外观就很家电化，从使用感受来说，也很家电化。比如它的快速开机，你希望一个家电型的产品，DVD也好，音响也好，开机时间不应该像普通电脑一样，一分钟，两分钟的时间才启动起来，你希望是一个即开即用的感觉。第三点非常方便，当你想看到一个影片的时候，你希望通过几个简单的操作键就可以看到这个影片，这些都是家电化的一些特性。我们电视、机顶盒一开开就可以直接观看了。这是家电化的一些要求，另外还有PC方面的一些要求，用户希望我获取的资源是无限的，他可能不太希望仅局限于电视台播放的一些内容，给我们固定安排好的一些内容，我希望选择我感兴趣的内容，这个是互联网可以提供给他的，但是普通的电视节目提供不了。还有就是互动交流，我不是仅仅作为一个信息的接收者，我可能也会在看或者享受的过程中我也希望表达我的一个感觉，或者我需要跟别人交流，或者我需要来改变我未来新的娱乐的内容和一些方式，我希望去表达，这些是普通家电提供不了的，是传统的PC领域所能提供的。融合指的就是把这两种方式很好的结合起来，让它既有家电化的体验，又可以有IT领域中内容的一个支持。我认为我们不用看得很远，说未来智能化家居或者娱乐化家居发展成什么样，但是我认为未来3—5年左右，中国的家庭很多人都会有数字娱乐整合的设备作为自己在家里娱乐的一个中心。,3,9,0.9658646583557129
吴厚斌揭秘《生活不是诗》创作历程吴厚斌揭秘《生活不是诗》创作历程吴厚斌：大家下午好，刚才赵总、张总、李总说了很多恭维的话，我说恭维是确确实实我做得非常不够。今天是星期二，是一个非常繁忙的日子，我今天搞这个活动本身是很忐忑的，这些老总能不能来？会来多少？我这部诗集里，涉及到的人物有130个左右，今天到这里来的有七八十个，很多人很繁忙，也发了信息来祝贺。在这里，我心怀感激地给大家说说我的这本诗集。 首先，我要说一下为什么要出这本诗集。大家知道我是一个记者，文学不是我的本行，因为我真的没有读多少古文，更没有背多少诗。我在初中高中的时候都是理科，那个时候升学最主要。作为一个农村的孩子，要跳出农门，只要不高考的就不去学。那个时候历史、地理、语文都不是要求很重，因此对于诗的一些积累是没有的。 后来开始写诗是进了记者这个行业，不能人云亦云，我在行业里有一句话叫“原创”。不管写得怎么样，写得好、写得坏，一定是自己的东西，我把它称为“原创”。逢年过节的时候看到一些新鲜的东西，总想跟朋友们发一个信息共享，发现很多大家传来传去的格式化短信没有新意，我想有些个新意，在逢年过节的时候就写一点新的。用诗的方式写，简单，明了，没想到这种做法得到了一些朋友的赞赏，于是就越来越脸皮厚，就继续写下去。 到了去年的奥运会，因为报纸全部向奥运让路，所以没有多少事，天天看体育、看赛事，其实我不喜欢体育，但是因为是百年不遇的大事就看。看完以后，做记者的职业反应是手快，就写一些东西发给大家。我发的这些人都是有头有脸的朋友、老板，大家都很忙，不像我这么闲，他们没有时间去看电视，我的诗成了他们了解奥运赛事的重要途径，哪一天发得晚了一点他们还会发短信来关切地问：你怎么了？没什么事儿吧？这样一鼓励，奥运会16天，我写了26首诗，在这本诗集里有一个奥运板块，基本保持了当时的原貌。 奥运期写诗习惯了，奥运之后就成了一个习惯，每天看到什么事情都会写下来，然后跟朋友共同欣赏，有一部分人愿意欣赏，我在手机里形成一个“诗友群”，写的每首诗歌发给大家。现在我的诗友群有200个比较固定的朋友。形成习惯之后，到什么地方都写，我最多的时候到桂林一天写十首，一景一首，给大家发，他们说你每天都很闲，我说不是闲，而是每天都有感悟。时间长了我这些诗友就对我说，你出个诗集吧，不然我的手机都存不下你的诗了。我觉得作为我人生中的一段旅程，作为日常生活中所见所闻的感想，把它积结起来，出一本诗，也是一件好事。这就是我为什么会出这本书的原因。 第二点我要说的是，为什么叫“生活不是诗”。出这本书的时候想了很多名字，最初叫“生活咏叹调”，是一个出版商取的。大家说太落伍了，像上世纪八十年代的名字。于是我就发动朋友一起想，征集各种方案，有什么触摸生活、感悟生活等等，都不是特别满意。有一天跟绿之岛董事长林高宝交流，他说家居行业有本书叫《千万不要卖家具》，讲的就是如何卖家具，因为它要表达的观点是，不要为卖家具而卖家具，卖的是文化、卖的是创意。于是我得到了启动：我写的是生活，生活不是诗，但有灵感，有激情，就变成诗了。于是我决定名字定为《生活不是诗》，因为生活确实不是诗，有感悟、有激情的人才能写出诗。 第三，这个诗集里写了些什么？大家知道，除了我所关注的商业、家居行业以外，这部诗集里还有很多其他的东西，有感悟、有出游、有奥运，有回到家乡看到的美景，还有同学聚会的感悟，形成了十集，相对比较丰富。 第四，诗集的特点，从原创的角度来讲，这本诗集的其他东西都不重要，我觉得我有一个最重要的原创，那就是自己给自己的诗集做注释。过去的诗人写诗，究竟是什么意思，都希望大家去猜，但是我希望在自己的书中把自己见到的东西、当时的场景全部写下来，让大家轻松地去了解。我想，如果五百年后我不幸成为人们怀念的诗人，那些想通过注释我的诗吃饭的人，肯定是被我砸了饭碗了。 真心地希望，我这本《生活不是诗》，给大家带来感想，带来快乐，成为大家茶余饭后的谈资。谢谢大家！,3,2,0.8038281798362732
嘉丽士淘宝官方专卖店开业惊喜双响炮9月1日，嘉丽士淘宝官方专卖店隆重开业，包括墙面漆、木器漆、氟碳漆、地坪漆等在内的数十款产品纷纷亮相淘宝商城。为庆贺新店开业，嘉丽士推出购漆双响炮，让网友惊喜不已。第一炮：凡购买嘉丽士漆满500元，即可获赠蒙牛真果粒牛奶一箱；满1500元，获赠蒙牛真果粒牛奶3箱再加5支；满3000元，获赠价值300元的欧莱雅化妆品据嘉丽士相关人员介绍，“淘宝官方专卖店”正式上线后，为让广大业主进一步体验海航高品质网上购票服务；第二炮：新店开业全线产品特价促销，价格低至7.5折。马上登陆，享受优惠大礼包吧！,3,6,0.8606800436973572
嘉丽士漆牛年大让利   加盟10万送20万在嘉丽士2009年营销精英集训会议上，嘉丽士总经理张文辉先生宣布“全力出击， 集中资源，精耕细作，密集网络”的营销作战方针，不惜重金聘请国际当红影星李冰冰小姐出任嘉丽士代言人，并公布史无前例、让利空前的“嘉丽士漆牛年大让利，加盟10万送＞20万”的招商政策，率先出击各种活动，抢占千载难逢的利好机会。率先出击E网络招商 抢占千载难逢的机会2008年金融海啸对各大企业影响颇大。据了解，阿克苏至今已经关闭12家工厂，裁员2万多名员工，开始执行“开源节流”计划应对金融危机。从康师傅高薪聘请到立邦的中国区总裁已辞职。中华制漆的“立邦团队”涌进，使原有的精英人才分流；收购华润的威士伯2008年销量下滑。而嘉丽士2008年在CCS紫光大道营销模式的指引下，在全国拥有800个加盟商，加盟店达到2560家，全年销售实现正增长，特别是乳胶漆增长幅度较大，成为涂料行业异军突起的一批黑马。日前，小品牌正在压缩投入，大品牌受全球金融危机影响纷纷出现不同程度的状况。而国家相继出台“二套房贷政策松动、免税、降息、暂停对境外机构和个人购房的限制、开发商拿地可延期付款”等等救市政策扶持房地产产业，使很多城市房地产连续数周销量增长，出现逐渐房产回暖现象。可见，2009年是嘉丽士天时地利之年，是嘉丽士把握千载难逢机会之年。因此，嘉丽士率先挑战机遇，在各大涂料网站、建材网站、装饰网站、招商网站、搜索引擎网站、门户网站家居频道等等1000多个网站进行“嘉丽士漆牛年大让利，投资10万送＞20万”的大规模招商活动。率先出击大让利活动 抢占千载难逢的机会嘉丽士面向全国空白地区(省级、省会、地级、县级)诚征装修漆加盟商，凡在2009年加盟嘉丽士的经销商，只要加盟10万，就享受行业史无前例、硬件软件配套齐全、首批亏本大让利的＞20万元支持，即15万的全线产品支持+1万店面装修支持+1万会员启动基金+1万元店长和服务人员培训基金+1万售后服务车购买基金+1台无气喷涂机+1台终端电脑+1台调色机等硬件支持，还配套人员招聘培训支持+成功市场观摩学习+《公司化管理手册》+《终端标准手册》+《乐活色彩推广手册》+《终端标准培训手册》+《钻石会员俱乐部操作指导手册》+《小区推广指导手册》+《装饰公司推广指导手册》+《工程招投标指导手册》+《售后服务标准手册》+《市场管理政策》+《紫光大道营销模式》光碟等等软件支持。率先出台8大保增长措施 抢占千载难逢的机会为了延续嘉丽士持续增长的势头，在嘉丽士经销商年会上，周董事长特别指出8大保增长措施：其一、零利润保增长；其二、员工重奖重罚保增长；其三、空白市场全面开发，并协助客户开发乡镇网络保增长；其四、乡镇产品下乡支持保增长；其五、广告预算增长3倍建设品牌保增长；其六、全力出击做样板市场，保证加盟客户盈利发展；其七、网络密集强终端保增长；其八、工程师走进市场，为市场订做产品保增长。嘉丽士周董事长预言：谁在2009年有大动作，而未来1-2年即可大翻身，比往年更容易获得成功！,3,6,0.7636121511459351
嘉宾为红星美凯龙北五环店正式剪彩主持人：现在稍稍有一点小雨，我觉得水代表的是财，一定象征着红星美凯龙的业绩不断的攀升，下面正式剪彩，有请各位嘉宾上台。主持人：现在我们的红星美凯龙北五环店正式开业，谢谢各位！在这里我们共同预祝红星美凯龙的明天更加美好，今天的开业庆典仪式就到这里，感谢各位的光临，谢谢！(本次活动到此结束),3,6,0.43531686067581177
国家副主席习近平考察陇星散热器公司6月9日下午，中共中央政治局常委、国家副主席习近平和同行的中共中央政治局委员、中央书记处书记、中央组织部部长李源潮，在中共甘肃省委书记陆浩、甘肃省省长徐守盛、兰州市委书记陆武成等省市领导的陪同下，来到位于兰州高新技术产业开发区的兰州陇星散热器有限公司考察。陇星散热器有限公司董事长吴爱华、总裁吴继祖陪同考察，并向习近平副主席及有关领导汇报了公司产品研发及企业经营情况。习近平副主席首先参观了陇星散热器有限公司新落成的“中国散热器采暖集成系统展示中心”，随后来到生产车间考察。习近平副主席在听取吴继祖总裁的介绍时，频频点头，对陇星集团坚持科学发展观，积极应对金融危机，走自主创新之路，研发环保节能产品所取得的成绩给予了充分肯定。习近平副主席饶有兴致地观看了陇星各种散热器产品，了解到陇星产品节能环保、物美价廉时，副主席说：“好，就是要研发、生产既环保节能，同时老百姓买得起的产品。”一路上，习近平副主席说的最多的一句话就是：“好，很好，希望你们好好干！”亲切的话语，充满了国家领导人对陇星干部的关怀和对广大员工的鼓舞。下午三点零五分，习近平副主席结束了对陇星公司的考察，在全体员工热烈的掌声和依依不舍的目光中离开了陇星。习近平副主席亲临陇星考察，这是陇星公司及散热器行业莫大的荣耀，陇星人将以“提供优质采暖产品，提升民众生活品质”为宗旨，秉承“诚信、进取、品牌、责任”的企业精神，为实现“提高民族品牌竞争力、实现产业报国”的目标而努力奋斗！矢志成为中国散热器行业国际品牌！6月11日，中央电视台《新闻联播》、《晚间新闻》，甘肃电视台《甘肃新闻》等重要媒体进行了新闻报道。中国建筑装饰协会、散热器行业协会领导、业界专家等有关人士也纷纷向陇星公司表示热烈祝贺。,3,7,0.9976834058761597
国家环保部给予圣象健康消费行业至高评价在2009年10月15日由国家环境保护部及环保部环境发展中心中国环境标志15周年纪念活动上，经国家环境保护部批准，环境保护部环境发展中心授予圣象集团等10家国内行业重点企业“中国环境标志突出贡献奖”。国家环境保护部专门为圣象集团发布了评价：圣象集团作为中国最大的木业家居行业企业，致力于创造产品健康水平及环境行为的最高境界和标准，不断改进产品健康水平和生产资源的可持续发展环境友好是绿色经济和消费的典范。这个奖项是迄今为止国家环境保护部对全国行业企业“产品健康指标优和环境行为优”综合效益优秀认证企业的最高评价。这个评价是基于环境保护部中国环境标志认证的客观标准和企业日常绿色经济行为的评价而做出的。环境保护部副部长吴晓青以及国家发改委、商务部、财政部、科技部、联合国环境发展署等领导和嘉宾为圣象集团等十家获奖单位颁奖，圣象集团常务副总裁郭辉先生代表圣象集团授奖。,3,6,0.6836983561515808
国际金价下跌拉低国内金饰价 黄金卖场销售增三成受国际金价下调影响，北京多家黄金卖场日前集体下调金饰品零售价，其中千足金饰品每克最多降7元。金饰价格下调，再加上“节日”效应，消费者购买欲望被点燃，多家黄金卖场销售火爆，据北京菜百公司统计，元旦三天假期中，菜百销售额突破2亿元，同比上升30%以上。记者在菜百看到，调整后的足金饰品为269元/克，每克下调9元；千足金为288元/克，最多每克下调7元。这也是2009年下半年黄金饰品连续6次价格上涨后出现的首次下调。金饰零售价的下调让对价格敏感而处于观望的消费者纷纷“出手”。记者了解到，以“虎元素”为主题的金饰出现热销，而在高端系列产品中，世界黄金协会推出的“唯有金”系列销量一直雄踞高端产品之冠。与热闹的销售大厅相呼应，位于菜百二层东侧的贵金属投资交易中心的柜台前同样人头攒动。“如果近期国际金价没有大幅度下调，暂时不会再次下调价格。”多家黄金零售店表示，目前的价格能否保持到春节取决于国际金价的走势。分析人士认为，国际金价近期走低的可能性不大，金价震荡过后有望展开升势。,3,6,0.9658461809158325
圣象参加亚太区合法认证林产品国际研讨会9月8日，由国家林业局对外合作中心、大自然保护协会主办的，美国国际开发署、亚洲负责任林业与贸易项目协办的、中国林科院和世界自然基金会组织的“亚太地区合法及认证林产品国际研讨会”在中国上海举行。中国国家林业局国际合作司司长、美国国际开发署环境主任、欧洲森林研究所所长、世界自然基金会、中国林产工业协会等官员及社会、企业等各界人士参加。圣象集团作为全球森林与贸易网络的一员受邀参加了此次会议。集团副总裁郭辉就“合法合可持续木材的营销”作了主题发言，介绍了圣象在原材料采购供应链合法化和共享欧美合作伙伴合法原料的经验，阐述了未来圣象在保护环境、维护世界林产可持续发展和促进林产品合法贸易的规划，将为推动本国森林可持续发展做出努力。,3,5,0.28331372141838074
圣象摘得环保部中国环境标志突出贡献桂冠在2009年10月15日由国家环境保护部及环保部环境发展中心中国环境标志15周年纪念活动上，经国家环境保护部批准，环境保护部环境发展中心授予圣象集团等10家国内行业重点企业“中国环境标志突出贡献奖”。这个奖项是迄今为止国家环境保护部对全国行业企业“产品健康指标优和环境行为优”综合效益优秀认证企业的最高评价。这个评价是基于环境保护部中国环境标志认证的客观标准和企业日常绿色经济行为的评价而做出的。环境保护部副部长吴晓青以及国家发改委、商务部、财政部、科技部、联合国环境发展署等领导和嘉宾为圣象集团等十家获奖单位颁奖，圣象集团常务副总裁郭辉先生代表圣象集团授奖。国家环境保护部专门为圣象集团发布了评价：圣象集团作为中国最大的木业家居行业企业，致力于创造产品健康水平及环境行为的最高境界和标准，不断改进产品健康水平和生产资源的可持续发展环境友好是绿色经济和消费的典范。以圣象“新实木”系列地板产品为代表的圣象各个领域的产品是国内最早获得中国环境标志认证的产品，通过执行国内外最高等级的健康指标和可持续发展的环境行为和承诺圣象正在不断创领这一领域的新高度。据悉，中国环境标志突出贡献奖授予从同行业中国环境标志认证企业的第一名中初选而出并在所有全国30000个中国环境标志认证产品中评选10名，圣象集团行业唯一入选。共同入选的企业还有：佳能、爱普生、东风日产汽车等企业。,3,6,0.9188653230667114
圣象郭辉：最具价值品牌证明市场竞争力世界品牌试验室在中国进行中国500最具价值品牌评估已经是第六个年头了。这个机构十分关注中国经济和品牌的发展。圣象集团能工商银行、CCTV、海尔、联想、中国石油、五粮液等知名品牌进入中国500价值100强行列。6月30日上午圣象集团副总裁郭辉先生作客新浪乐居。时间：2009年6月30日星期二地点：新浪乐居嘉宾聊天室嘉宾：圣象集团副总裁郭辉先生主持人：新浪乐居 谢娟以下为现场实录：【主持人】：从榜单上可以明显地看出，凡是上榜品牌都是所属行业内无可争议的领军企业。作为地板业首家上榜“中国500最具价值品牌”的企业，这个评估对圣象品牌有什么特殊的意义？ 【郭辉】：世界品牌试验室在中国进行中国500最具价值品牌评估已经是第六个年头了。这个机构十分关注中国经济和品牌的发展。我们也欣喜的看到圣象集团能与工商银行、CCTV、海尔、联想、中国石油、五粮液等知名品牌进入中国500价值100强行列。在世界金融危机大的经济环境下，企业品牌不不断增值与位次上升也一定程度的证明了品牌的市场竞争力和未来发展的市场潜力。 【主持人】：企业发展是一条艰辛的道路，从发展之初到现在成为中国地板领军品牌，在这十余年风雨当中，都面临过哪些困境？又是怎么来解决的？【郭辉】：圣象品牌和企业的发展必须源于社会源于市场，这也是圣象一直遵循的发展模式。十几年前，圣象选择当时市场上还没有的强化木地板起家就是看到他符合消费者未来使用木地板的意愿并结合森林可持续发展的理念而做出的选择，实践证明这是一条利国利民的可持续发展的道路。据此我们还创造了人工绿化工程以及产业链综合发展的产业模式，品牌与社会、经济、消费同步发展。10几年的发展当然也遇到一些坎坷，1999年欧元升值进口成本上升，我们就在2000就建立起亚洲第一世界领先的生产研发基地实现了品质国际化，生产技术工艺与国际同步甚至超前。2003年面对国内价格竞争五劣板严重影响行业形象和消费者利益，我们与具有正义感的企业和国家有关部门共同打击五劣板，这个成功是消费者的福音也是行业正义感的体现。近些年，我们在对外技术合作、国际知识产权体系等方面也积极的进行探讨也遇到国际国内上的一些问题，我们一直着眼于行业长期发展的目标去提出解决方案，实践证明是科学有效的。【主持人】：有的人认为企业核心竞争力是有新的产品，有的人认为是服务，您觉得圣象这十余年的蓬勃发展，最核心的竞争力是什么？ 【郭辉】：今天来谈圣象企业的核心竞争力我认为是综合的，每一个因素只有重要程度上的差别，单方面的不会持久只能认为是一种竞争优势而这些优势也会随着市场的变化而变化。目前圣象业务的发展品牌为竞争提供了良好的支撑，我们也在从各个方面在维护圣象这个品牌。你谈到的新产品、服务等是保持竞争优势的载体和手段，圣象是上下2万名员工一起围绕着市场、消费者不断变化提升了的需求而不断努力。【主持人】：08、09年可以称得上是风雨交加，圣象为何逆势扩张，您如何看待2009年的建材(地板)市场？在今年中国地板市场出现了哪些新的变化？ 【郭辉】：08年和09年行业内确实感到了这方面的压力。地板行业家居行业的有些同行也深有感受。圣象在09年的业务07、08、09同比环比均实现增长，感谢消费者对圣象品牌的信任。2009年的家居建材市场刚性需求仍然相当的旺盛，个性化的消费趋势也相当的明显，我们的消费者年龄、消费习惯、获取信息的途径与以往都有着新的变化，实木类地板消费能力更趋成熟、新媒体、新通路新的商业模式也不断的涌现，这对我们既有的经营方式和思想方式是一个考验，积极的主动的去赢得是今后圣象品牌在市场竞争中能够胜出的途径，为此我们去也也在增加这方面的软硬配置以及寻找更适合我们的合作伙伴。【主持人】：三层实木复合地板推广活动正在大规模的进行着，您对三层实木地板的“中国制造”前景有着怎样的预测？【郭辉】：事实上，三层实木地板在欧洲是很成熟的产品，圣象与瑞典康树的合作算起来10多年的历史了，我们前些日子在网上对有意向的木地板类消费者的一项网上调查(这个调查目前参与超过2000人)在200-300这个实木类地板消费的主流价格段选择三层实木地板的占有高达73%，调查还显示，消费者喜爱三层实木地板源于品质稳定、装饰效果更佳、大幅面、适于地热采暖等优势。所以我们觉得现在是三层实木在实木类地板消费领域内脱颖而出的时机了，目前行业内很多企业都在生产和经营三层实木地板，大部分专门做出口的去也开始着眼于国内市场了，我认为三层实木地板很有市场前景。圣象已经完成了600万平方米三层实木地板的扩能，到2013年圣象实木类地板见达年产销量3000万平米，三层实木地板达到1400万平米以上。【主持人】：请您预测一下2010年中国地板行业。圣象将如何应对新变化？ 【郭辉】：圣象是一个在竞争中不断进步的品牌，市场和消费者明确的导向就是企业不断进取的目标，为了达成企业成为世界一流木业产业集团的目标我们在技术、团队、渠道、研发、产业链方面进行了多方面的准备。2010年将是行业经过调整后走向新里程的第一年，周围的竞争者会发生变化、新的消费模式、商业模式会不断涌现，我们必须给予足够的重视。希望未来的2010年是家居建材行业走向新纪元的里程碑。,3,6,0.7388073801994324
"地下室改造别有洞天 昔日遭遗弃今日身价增现在越来越多的地下室成为了影音视听室、健身房、工作室……甚至还有人干脆将其做成一个神秘有趣的客厅，它不但成为一个全新的家庭活动区，还无形中为房子增值。健体强身游刃有余职场精英们非常注重身体锻炼和体形塑造，毫无疑问，地下室是用作健身场所的首选空间。整面墙的落地镜，搭配上气质温和的实木地板，几乎可以和专业的舞蹈房或瑜伽室媲美。如果想在地下室放置诸如乒乓球台、桌球台等，就要考虑到球台四周有足够空间让人运动自如。只要空间允许，能够置放各类有氧训练器材等，便能让运动的内容丰富多彩。作为强身健体的专用空间，地下室一定要有优质的换气设备，保持空气流通；再根据现场实际情况，添置适宜的各色绿植，这些富有生机的元素能最大限度地改善地下室的空气质量。视觉影音 享受声色作为发烧友的影音空间，装修地下室前，需先考虑到供电线路和管道，计划好插座和电器设备开关的位置。另外地下室一般都会积聚湿气,铺设墙壁装修材料后，还要考虑到防潮问题。在摆放沙发和电视机柜时，注意保持出入通道的畅通和方便。如果地下室附有窗户，阳光能透过，那么需要安装适宜的窗帘组合，调整室内光线，使视觉环境更趋于理想化。娱乐收藏 交流无限地下室特有的天然凉爽是储酒理想场所，以此作为招待亲友的私家酒吧最合适不过。有了酒便可衍生出聊天、娱乐的空间，甚至是藏品展示区域。沙发和茶几的组合适合三五知己把酒言欢、神侃海聊；长桌围坐的风格适合棋牌等各类桌面游戏；而高柜大几的风格当然适合宾主欣赏珍藏、分享经验、交流心得。阅读办公 安静独处作个人书房或工作室，地下室给予你安静、专注的理想独处环境。作为房子最底层区域的地下室，安装一些防水设施或排水系统来进行安全保护是非常必要的，避免因为房子其他区域的水管问题，造成水渗入地下室，进而形成积水区。无论何种水患都会对地下室家具和电器设备及作为工作室的资料区、办公区等造成不必要的损失。所以，确保排水系统正常工作是非常必要的。要是地下室空间够大的话，完全可以布置成集书房与办公多功能于一体的工作区域，让灵感的火花肆意碰撞。",3,4,0.6820343732833862
地产交易活跃家装市场淡季不淡【本报讯】(记者 徐强)进入暑期，由于受高温和湿度的影响，装修界通常会将这一时期视为“休眠期”，由此出现家装市场所谓的“淡季”。但记者近日在采访中发现，深圳家装市场近段时期并没出现预期中的淡季，相反，旧房翻新改造、新房装修布置等各种各样的装修工程反而多了起来。很多装饰公司接单的数量也较前几个月增长两成左右。专家分析，这与近期深圳房地产交易活跃，以及新学期将至，很多家长为方便孩子读书换房有关。两股力量带旺暑期装修记者在百安居泰然店采访时了解到，进入6月份以来，家具和地板等装修材料的销量远超过前几个月。据销售部负责人介绍，进入暑期，很多家长带着孩子前来选购小孩房的家具饰品。还有一些市民选择在暑期对房子进行翻新，由此带动了家具和建材的销售。一家专做布艺窗帘的销售商介绍，前几个月，销量很少，一个星期也订不了几户。但进入暑期以来，订单都有些接不过来，公司测量尺寸的技术人员每天都会跑好几户人家。装饰公司也明显感到了业务量的增加。该公司工程部负责人介绍，这一个多月，接单量明显增多，粗略统计，业务量比前几个月增加两成左右，每天都会有十几个客户前来商议装修方案和询价。一些确定的装修工程主要来自一些新开的楼盘，并多分布在关外。另外，还有一些是市区靠近学校的住宅楼，这部分属旧房改造装修工程。搜房网一项近万人参与的夏季装修调查结果也显示，被调查者中购买新房的人占了总量的40.58%，而购买二手房的人则占了总量的59.42%。深圳家装行业协会有关人士表示，从近期深圳家装市场的行情来看，7月份可能还会迎来今夏家装的又一高峰。一方面，近期深圳房地产成交活跃，这是带动家装市场活跃的一个主要力量。另外，新学期将至，又有一部分学生将进入新的学校，很多家长为方便孩子上学，会选择在学校附近租房或买房，他们也都急着赶在开学之前进行旧房翻新。这两个因素促成了今年暑期深圳的家装市场“淡季不淡”。夏季装修有利有弊传统概念中，夏季装修不利主要是因为温度高、潮湿。夏季潮湿、空气含水量高，墙面漆干不透再经过日晒容易墙面开裂。其次夏季温度高，热胀冷缩对板材的热扩张度是一个考验。“但这些问题，随着现代装修技术的提高均可以解决。处理好反而更有利于装修。综合来看，夏季装修有利有弊，装修业主不必有太多的顾虑。”工程部负责人介绍。对于夏季装修过程中容易出现的这两个关键问题，该负责人也提出了解决办法。比如，可以利用夏季风大的特点，通过保持施工现场的通风，一来有助于水分蒸发，二来可以提前“放味”，有利环保。事实上，夏季装修也有好处。比如家装公司会推反季节消费打折措施，在装修价格上采取一定优惠。另外，由于夏季并不是装修旺季，装饰公司在施工人员调配上就有更多的空间，无论从施工效率和质量上都更加完善和有保障。墙漆涂料花费不多更要精选专业人士提醒，在解决了夏季装修弊端的同时，另外一个需要格外注意的事项是慎选装修材料，尤其是墙面漆和涂料的选择更应重视。因为油漆、涂料是家庭装修必选的建筑材料，在整个家装预算中，油漆、涂料的消费占不到10%，但是覆盖面积却达80%，影响力更是达到100%。为避免室内出现“隐形杀手”，一定要选择有品牌和环保型的涂料。记者在采访中了解到，很多装修业主对选择什么样的环保涂料和墙面漆感到困惑。对此，专家提醒，目前涂料行业中比较尖端的技术是对传统抗菌材料进行全面革新。这一技术采用先进的工艺技术和设备，使用清洁的能源和原料，在保证防霉能力、耐洗擦性和遮盖率等基础涂料性能的前提下，还能快速、全面地把甲醛分解为无害分子物质，同时与漆膜相互作用，坚固墙面并持久净化空气，这才是理想的环保涂料。装修业主可向建材商场的专业人士进行咨询，了解各种涂料的性能，选择好最佳的品牌。,3,4,0.950439453125
地板商跑量谋生：看不懂楼市东方早报记者 姚伟“我们今年的情况比去年好过多了。”张云，国内某知名木业公司项目主管。得益于政府经济刺激计划，过去几个月楼市强劲复苏，这也带动了木业公司的产品销量。 “我最近刚刚和两家业内排行前两位的地产公司所达成的业务。就这两单业务，已经是去年业务量的好几倍了。”张云略显兴奋。 由于房地产开发商往往是根据期房销售量来决定精装修房的进程，因此去年几乎没有房地产公司主动找木业公司。但今年来情况突然大变，不少房地产公司期房一售而空，于是纷纷催着木业公司装修交房。 “不过说实话，作为业内人，都看不清楚现在的楼市到底是怎么回事。”张云以上述两个客户均在世博板块内，“两家楼盘竟然争着提价，谁的楼盘价格低，反而没人买了。”让张云奇怪的是，一方面房地产公司争着赶工卖房；另一方面，对于我们这些承接工程的公司而言，则拼命压价，“因为金融危机，手头没钱”。 更让张云的困惑是，从零售市场来看，目前依然是“寒意阵阵”。在部分偏远的地区，一个月的实木地板销量其实少到只有可怜的几百平方米而已。 东方早报记者 姚伟“我们今年的情况比去年好过多了。”张云，国内某知名木业公司项目主管。得益于政府经济刺激计划，过去几个月楼市强劲复苏，这也带动了木业公司的产品销量。 “我最近刚刚和两家业内排行前两位的地产公司所达成的业务。就这两单业务，已经是去年业务量的好几倍了。”张云略显兴奋。 由于房地产开发商往往是根据期房销售量来决定精装修房的进程，因此去年几乎没有房地产公司主动找木业公司。但今年来情况突然大变，不少房地产公司期房一售而空，于是纷纷催着木业公司装修交房。 “不过说实话，作为业内人，都看不清楚现在的楼市到底是怎么回事。”张云以上述两个客户均在世博板块内，“两家楼盘竟然争着提价，谁的楼盘价格低，反而没人买了。”让张云奇怪的是，一方面房地产公司争着赶工卖房；另一方面，对于我们这些承接工程的公司而言，则拼命压价，“因为金融危机，手头没钱”。 更让张云的困惑是，从零售市场来看，目前依然是“寒意阵阵”。在部分偏远的地区，一个月的实木地板销量其实少到只有可怜的几百平方米而已。,3,4,0.9814032316207886
城外诚11&#8226;9消防演练暨百日安全表彰大会11月9日，值全国第18个“119消防宣传日”之际，由北京城外诚与朝阳区华威消防中队联合举办的大型消防演习在城外诚南广场隆重举办，城外诚总经理刘长河、华威消防中队队长黄鹏以及城外诚常委领导班子出席活动。城外诚全体干部职工及卖场营销员代表近3000余人参加消防演习活动。由华威消防中队50余名全体消防官兵、6辆专业消防车和城外诚20余人消防应急小分队和1辆消防车组成的强大消练阵容，通过消防车救火、油锅灭火、液化气罐灭火、火盆灭火、消防器材展示等五项现场模拟演练，为参加活动的3000余人上了一堂生动、真实、专业的消防知识提升课。此次“警民携手联防、共建平安环境”的活动，也成为了近年来北京市企业举办消防演习活动中，规模最大、参与人最多、专业性最强的一次。通过华威消防中队教官在现场对灭火常识、安全施救等专业知识的讲授，让参加活动的员工受益匪浅，消防知识得到了极大的提高，通过大规模的模拟演练体验，加深了印象、熟练了技能。在当天的活动现场，来自《北京晚报》、《新京报》、BTV、新华网等二十余新闻媒体进行了采访和报道。紧扣主题提升预警。今年是全国第18个“119消防宣传日”，北京市定于今年的消防主题为“人人参与消防，共享平安生活”，旨在把消防安全意识贯穿到人民生活之中的每个细节，达到人人参与、人人防范、共享平安的目的。多年来，城外诚始终把安全生产做为企业的头等工作来抓，从企业领导的高度重视，到消防知识的普及培训以及企业消防分队的组成，为确保企业的平安祥和铸就了坚固的防范长城。此次由华威消防中队长黄鹏带领50余名专业消防官兵，通过专业的系列演练活动，进一步提升了城外诚干部职工及卖场营销的消防知识和防范技能。百日安全成效显著。在此次警民联合消防大演练的活动中，城外诚总经理刘长河为60余名“百日安全”先进员工和营销员奖发了荣誉证书，并对“百日安全”活动取得的圆满成果给予了充分肯定。据了解，城外诚“百日安全”是今年7月7日正式启动，以“提高安全意识、同创和谐社会、共享平安生活”为主题，旨在进一步宣传和普及安全知识，提高安全防范意识，强化各项安全规章制度的贯彻落实，杜绝各类违章和安全事件的发生。为确保城外诚平安家居卖、营造更加安全放心的购物环境，并将此作为向建国六十周年献礼的一项重要活动。在为期100天的安全活动中，城外诚干部职工踊跃参与、积极行动，义务为安全巡逻活动奉献节假日。据工会统计，共计426人、奉献2000余个班次，在以总经理刘长河为组长、各部门负责人为成员领导小组的带领下，通过宣传动员、自查整改及总结经验三个阶段，确保活动质量，最终达到了预期目标，使“百日安全”活动取得了圆满成果。警民联合首次演练。 “生命至上”，人的生存是一切事务的前提，“发展是硬道理，稳定是硬任务”，消防安全是企业生存和发展的前提。城外诚总经理刘长河把安全生产作为常抓不懈的重要工作，企业不惜巨资投入，购买专业消防车辆、聘请退伍消防兵，从硬件和软件上组建了一支素质过硬的消防应急小分队，并在企业内进行多次的消防演习。此次，城外诚消防应急小分队与华威消防中队的联合大演练，是一次大型的警民首次联合演习，实现了“高规格、大规模、专业化”的局面。在活动现场，按照预定方案，在指挥员的发号施令下，6辆消防车、50余消防官兵到场进行灭火救援，启动消防水泵、铺设消防水带、实施救援、紧急撤离……整个现场紧张有序。消防官兵动作敏捷、配合默契，参演人员沉着冷静、有条不紊，华威中队消防官兵和城外诚消防应急小分队的精彩演练，赢得了在场领导和员工的阵阵掌声。此次警民首度联合大规模的消防演习活动，取得了圆满成功。活动结束后，城外诚总经理刘长河以及华威消防中队队长黄鹏对这次演练活动的圆满成功给予了充分肯定。通过高强度、高规模、高水平的演习，既大大检验了消防官兵的应急能力，也让企业消防应急小分队在演习中到了锻炼和提升，增长了消防队员扑救火灾的能力和素质，全员共同参与消防的意识得到全面提高，为实现企业安全生产、地区和谐稳定提供了重要保障。,3,7,0.9016977548599243
城外诚刘长河：心有多大 舞台就有多大主持人：您曾经说过消费是一种享受、是一种体验、同时也是一种情感支出，我想问您一下，假如您是城外诚的一个全新的客户，或者是城外诚的一个忠实老客户，当您五一之后再走进城外诚的时候，您有什么感触，会对此次升级满意吗？刘长河：卖场改造呢投入了很多精力，就是从一开始有想法，到实施。说是想升级实际操作起来点点滴滴，到底怎么来操作。最后出什么样的效果，他的报价怎么样，包括他的导示灯光，包括瓷砖，选那的、质量怎模样、装完之后能不能保证质量，价格还得合适。反正做一次改造是一次特别麻烦的事情，咱么都知道家里做一次装修，就是有人给你干活你得劳多少神那，一个月的时间组织人力财力物力，最后除了很好的效果，反正是酸甜苦辣我认为非常值得！如果我是消费者，我倒着肯定是眼前一亮！因为做了那些东西我都知道我天天在这呆着都感觉很很好！更何况以前来到过这，突然看到这种效果，你不管是地面灯光，厂家的这种要求，然后统一装修，环境色彩方面。应该说没少用心，不单单是在北京，就是在全国方面家居行业里面，来城外诚参观的这些家居界大碗们应该说感觉城外诚这次装修之后很成功！跟我说有的都很震惊。怎么效果这么好啊，这也就是这么多年的积累。主持人：卖场改造之后新上了很多设备，为城外诚的科技含量镀上了一层金，之后城外诚在信息科技方面有什么样的发展计划？刘长河：应该说城外诚这次也是自己对自己的一个突破，收银这块是吧。也是一个多赢的局面，消费者把钱交到城外诚来踏实，因为城外诚是品牌。我们是做店经营，以德经商的这种口碑宣传，以前没交到城外诚，城外诚都是消费者的保险公司，现在交到城外诚了，对消费者、对厂家都认为我们是讲信誉的该返款的时候我们返款。对厂家的管理力度我们可以进一步的加强，因为有块在城外诚这方面攥着呢，因现在的公司没有任何一家企业愿意自己的质量出问题，就是真的出了问题我这有控制厂家的资金啊！所以肯定不会慢待消费者，所以统一收银这一块呢得投入，所以我认为这是规范市场的一种举措吧。这也是城外诚改造升级的一个方面。另外从消防安全方面，我们也进行调整。我想作为一个企业首先从硬件上满足现代化设施的这种需求同时也是为企业长治久安做好各方面的准备呗！也就是说企业有实力了以后就有长远打算，给其企业奠定一个发展基础！主持人：回顾城外诚的发展历史、我们知道城外诚在不同的阶段完成了您刚才说到的创业、生存和品牌这三个蜕变的过程，请问城外诚在将来还将有什么样的大动作？刘长河：我们的动作呢就是不断地完善自我，在行业里永远立于不败之地！恨不得将来再跨行业经营，都是很有可能呢。你像去年我们搞的艺展成功了，那么我们今年提出了搞婚庆产业基地，这也是我们一项新举措，它是家居产业的龙头，从搞对象到结婚开始就了解城外诚。一看这有这么多好家居，以后肯定在这买了，这就是一个潜在消费群体的吧，婚庆产业包罗万象还有好多妇女儿童产品，将来结婚后所有信息我这都能掌握。现在家长对子女的投入应该是一点都不吝啬！这也是应该是我们比较前瞻性的一个思维，要创新。要对企业将来打下一个非常坚实的一个基础。主持人：心有多大舞台就有多大，城外诚的心有多大？刘总的心有多大？刘长河：你也看到了就是说城外诚所有的事应该都是大手笔，你看城外诚四周的建筑也好是空间也好、没有一地方是小气的！一般的我还真看不上。我的心气还真是特别的高，也就是野心特别大，就是老得有新想法新动作，别人都是不敢想的，别人认为是我这是走门的但是实践证明我这是企业文化，你比如说你企业弄一个火车头干嘛？火车头这是一种企业精神那！大家看着好玩，企业有一种内涵。我觉着做企业要大气，做人也要大气！所以说做企业也就有后劲。主持人：好的，谢谢您！,3,4,0.6345783472061157
夏日清爽家居：韩国MM童话般家居(组图)炎炎烈日“赶走”了春季最后一缕微风。夏天到了，居室环境也如同衣服换季一样，需要除去往日的厚重。其实，只需在家中进行一些小变化，家居环境就能变得整洁清爽。那么通过怎样的细节处理来为居室“降温”的呢？生活家小编特别为您综合了这个夏天最“清爽”的家居资讯，让您轻轻松松给爱家换上一身靓丽的“夏装”！ 图为  仿佛白雪公主的睡床    每个女孩心中都曾有一个公主梦，在梦中有王子、有城堡、有鲜花……，然而随着时光的推移，随着心智的成熟、随着阅历的增加，很多人都把心中这个公主梦藏起，让它沉睡在心灵的深处。然而总有这样一群纯真、执着的女孩，她们始终心怀公主梦：就算外面的世界再纷乱复杂，家永远是我的公主宫殿。于是在她们的家中，房间永远都是温馨、浪漫和可爱的装饰。 阁中，风铃是最为悦耳的闺中蜜语，千纸鹤是最为长久的粉红色的希冀，各种玩具娃娃却是最贴心的知己。关上房门，我是童话森林的白雪公主；合上双眼，成为魔幻国度的睡美人……,3,5,0.6910990476608276
大会精彩花絮--业之峰张均现场答记者问(图)从2009年5月22日全国家装案例库上线至今，已经覆盖全国26个省市自治区，涉及全国1200余个楼盘。参与设计师2000多名，累计上传案例3026套，图片2万余张。在业之峰全国37个分公司、新浪乐居17个地方站的数百位相关同事的共同努力下，案例中心取得了一个月点击突破千万。新浪家居特针对这一重要事件进行跟踪报道。,3,4,0.7316879034042358
大家能不能不那么寂寞啊正文玩了寂寞，又玩浪漫，我看我们这代人真的是没什么玩了，我们下一代也没什么玩的。我们这几代人小时候玩的不健康向上，到现在变成数字移民也是胡作非为，90年后众NC是原住民，不能在现实生活鸡飞狗跳后，不分先后的终于都无聊了。首先定义下NC，简单来说可以定义为小时候被猪亲了之后又被驴踢了门夹了，通俗点的定义就是脑子不想事，基于这一点，很多70、80年都是NC，90年后更是NC中的极品NC，也就是NC中的战斗鸡。众NC们先反思下自己的生活，有多少人是一天到晚混在网上无所事事的？玩的一样比一样弱智，半夜三更偷菜啊，AV舞啊，一个魔兽停服，几百万人无聊啊，玩完了回家吃饭玩寂寞，横空出世了一个寂寞党，随便到哪看看，网络上满版荒唐言，遍地寂寞党，然后还没完，寂寞党玩得不疯，浪漫派又冒出头来了。早阵子砖家叫兽们说，每天上网时间多于6小时的就是精神病，这话没错，一般精神病都不喜欢别人说他们有病，NC们哎，天天喊着寂寞，不是有病还是有喜啊？土鳖们，没钱不要装孙子，你们有钱也就一暴发户，看你们每天在干嘛，天天说棒子抢我们东西，天涯上自己在骂中医，鲁迅那老FQ没教你们一点好样！看看天涯每天都在讨论什么啊，杂谈上那个自称是日本MM的报道帖，也是20多万点击数千回复，土鳖子，没见过女人啊？说没见过穿衣服的日本女人，恩，隔着千八百里的网线你能看到什么？那回复就更别说了，真要是一国际友人，还以为中国男人怎么怎么的，全是JB长在嘴上的还是怎么着？一旦有女的晒照片，征婚，那回复，比个天安门游行还要壮观点？寂寞啊寂寞啊，丢脸丢到国际互联网上来了。有精英一出来立刻就被砸砖说装B，中国的精英文化已经被你们这些恶俗的无聊文化折腾的岌岌可危，就说天涯，顶无聊的了，多少民智人士被迫离开了，越玩越低俗，国际友人都过来看笑话。想不想知道自己是怎么变蠢的？众位NC，请开动你们所剩不多的脑子想想，若干年前，你是不是记性还不错，碰到什么事还知道动脑子，现在，估计就是拿笔写字也写不出几个简体中文版的了吧？达尔文的进化论是骗小孩的，网络就在让你变蠢，《蠢蛋进化论》看过吧？像现在这样，有什么不明白的问百度问谷歌，问万能的天涯，泡妞玩深沉搜几段经典B语，论文不会上网抄，好吧，青春期性启蒙，上网可劲儿看日片吧，偷偷看的时候很“心神不宁”吧？绿霸了吧？不用自己动脑筋，会用工具就行了，靠装备算个毛啊！CCAV总是说古人好睿智，前人好NB啊，有长城金字塔，瞎扯淡，那是因为现在的人更SB了，NC要分级，肯定是90大于80大于70，所以90年后，你们也不用反驳了，你们要说自己是祖国的花朵朝气蓬勃，我靠，太监都会笑得射出来。据说中国是世界上BBS最流行最多的国家，泡论坛的，有相当一部分是没什么钱装B的，还有相当一部分是连装B都困难的，天天无聊狗咬狗一嘴毛。都是一群废物，说你没出息就是没出息，有出息的人天天在网上喊寂寞，偷菜？网络就是个工具，别去信TM的互联网等于生活，有瘾啊，每天也许就是在网上跟人妖扯淡，JB都沤出绿毛了还不知道，NND，寂寞了，你妈叫你回家吃饭啦！宁愿每天YY着自己一身武林绝学，几万吨的黄金放在花旗银行发霉，玉树临风风流倜傥那是必须的，一年三百六十天，每天都换不同的女人，就是不肯动手去做点实际的，成功的男人为应付女人发愁，废物们每天在网上搜罗八卦隐私，然后喊，哥好寂寞，哥不要吃面，要吃寂寞……网上的民智都死光了，要不就是属乌龟王八DAN的！寂寞完了，还不够，再玩点新鲜的吧，早几天又出了新玩意，优酷首页有个据说是硫酸雨导演拍的视频小样，视频就不提了，只是视频里的对白那就完全是针对无聊寂寞来的，两个00年后小同学把寂寞派的所谓经典对白一顿乱搞，多丢人呢，言外之意，装B谁不会，一点技术含量都没有，小P孩都照样学得会。另外，做大人的自己想想，你们无聊归无聊，寂寞归寂寞，别带坏小孩子，可以不？你愿意你的宝贝儿天天跟你说：爹，哥我很寂寞，然后装忧郁型？那我更愿意听我儿子说：爹，您可真浪漫呀~~嘴贫不是缺点，关键是要贫得有品位，有意境。话说回来，跟任何网络事件一样，这个视频一出，在寂寞党这个广大的群众基础上，又来恶搞了，所以我说寂寞党一无是处，骑墙派，现在口口声声又姐要的不是寂寞，是浪漫了，是啊，非浪漫不河蟹啊~~NC们，你们既然喜欢趴在网上无聊，你们就继续恶搞吧，你们反正毁词不倦，现在有哥吃的不是面，是寂寞；也有姐要的不是寂寞是浪漫；有你妈叫你回家吃饭，也有妞，过来咱们浪个漫；有不是寂寞不发骚，也有非浪漫不回帖，没有传播力吗？扯，福娃这名字多差，一听就一股浓郁的乡土气息扑面而来，不照样张口就来的。真正的浪漫是有钱有品的生活，NC与土鳖玩不起，你们玩也是个山寨，你们愤愤不平恶搞的时候，人家早在现实生活中玩儿情调了。你们也只能恶搞，拯救地球没你们的份，活该你们只能对着显示器高潮。,3,5,0.9596059918403625
太阳雨董事长徐新建捐1000万元风头盖首善近日，备受期待的2009中国慈善排行榜在京揭晓，入榜慈善家121位，共计捐赠18.84亿元；入榜慈善企业899家，共计捐赠117.95亿元(含物品捐赠)。去年获得“中国首善”称号的江苏黄埔再生资源利用有限公司董事长陈光标没能如愿卫冕“中国首善”称号，世纪金源集团黄如论、黄涛父子因现金捐赠第一名而获得“中国首善”称号。虽未荣登首善，但陈光标以其博大的慈善精神，高调的善行壮举，获得了社会各界的认可，中国慈善排行榜组委会特授予陈光标“最具号召力的中国慈善家”称号，以冀望陈光标先生继续“善行天下”，成为引领中国慈善事业健康发展的一位出色旗手。四川宏达集团董事长刘沧龙的企业在地震期间遭受重创，但仍第一时间捐资支援灾区，获得“2009慈善特别贡献奖”。香港英皇集团主席杨受成、深圳航空城(东部)实业公司董事长李爱君等被授予“2009中国十大慈善家”称号；中国人寿、加多宝集团、恒源祥等荣获“2009中国十大慈善企业”称号。在当晚举行的中国慈善排行榜明星慈善拍卖会上，原本应该是上午刚刚获奖中国首善、慈善家、慈善企业“表演”的舞台，却被一位并没有“宝冠”加身的隐形慈善家——太阳雨太阳能集团董事长徐新建抢得了风头。手持007号牌的他不仅是在最后时刻以全场最高价207万元拍得几十位到会明星现场制作的明星手模，而且还当场宣布捐赠1000万元，用于中国公益事业。徐新建在接受记者采访时表示，太阳雨太阳能一直热衷中国公益事业，去年牵手残奥，成为残奥助威团全程独家合作伙伴，启动全球海选，在全球范围内关心残疾人关注残奥会。在四川地震的抗震救灾中，太阳雨第一时间捐款捐物300多万元，成为太阳能行业首家为灾区捐款的企业。徐新建还在余震中亲自带领24名太阳雨志愿者深入灾区，先后捐建灾区7个太阳能浴室，并且捐建了首家抗震春蕾小学。徐新建说：“上午参加完中国慈善排行榜颁奖典礼，他非常感动，也希望能向那些获奖慈善家一样，不仅自己做慈善，还能够影响周围的人做慈善。晚上参与拍卖，一方面是因此拍卖会所有款项都是用于中国公益事业，所以他们放心；另一方面，参与明星手模助拍的是他非常喜欢的潘长江老师，所以他才有此举动。”徐新建还感言：“做公益或慈善应该说是一件快乐的事情，从事这样快乐的事情，也是因为有快乐的同伴，今天晚上这么多明星都是我快乐的同伴。去年11月18号，我参加了央视的招标，拍卖师举到最后的时候，特别紧张，今天我不紧张，因为有潘老师，因为我们的钱放在慈善上，我们心里踏实。”,3,1,0.34500518441200256
"央视广告招标超百亿 晴雨表预报经济艳阳天央视广告招标素来被业界誉为“中国经济的晴雨表”。刚刚落下帷幕的此次招标总额突破百亿,创下16年以来的新高109.66亿元,与去年的92.5627亿元相比,“增收”17.1亿元增幅18.47%。舆论认为,“招标结果直接折射出市场对2010年中国经济的信心和期待。”毋庸置疑,企业到央视举牌投标这件事本身,就体现了企业家对中国经济形势向好的最基本判断。国家统计局最新公布的全国企业景气调查结果显示,三季度各行业企业家信心普遍提高,回升至120.1,比二季度提高9.9点。这是自2008年四季度以来,大、中、小型企业家信心指数首次同时位于景气区间。这些数据和事实表明国内经济主体信心正不断回升,如同10月经济数据显示的一样,虽然气候上的冬天刚刚来临,但国内经济形势的严冬正慢慢远去,继续向好的趋势正坚定地向我们走来。另外,此次中标企业涉及行业范围广泛,表露各行业普遍冲出危机阴霾走向复苏。家居建材、汽车和家电行业成为此次招标亮点行业。其中,家居建材行业增长最高,中标额增长率高达200%,显示相关行业与宏观经济刺激政策联系紧密。以格力、美的、巨人为代表的三家科技企业在此次竞争中总计投入超过3亿元,中标七段广告位或相应选择权,显示科技类公司发展后劲十足。而蒙牛、郎酒等消费产品行业公司的中标也传达出消费市场潜力正在释放的信号。数据上也表明,国内各行业的基本面都在逐步改善。刚刚结束披露的上市公司2009年前三季度业绩报告显示盈利能力继续回升:1659家上市公司实现营业总收入83860亿元,同比下降5.58%;实现营业利润10332亿元,同比增长5.46%。尽管前三季度业绩同比增速依旧负增长,但是降幅较半年报已大幅收窄。从营业利润、净利润等各项指标的同比数据来看,上市公司的盈利能力已比前期有了明显改善。来自统计局的最新企业景气度调查也显示,各行业企业景气连续两个季度在景气区间,三季度全国企业景气指数为124.4,比二季度回升8.5点。而来自财政部的信息显示,今年1至10月,国有企业累计实现营业收入178737.7亿元,同比增长0.5%。这是今年以来营业收入首次出现正增长。同时,国企利润也呈现良好增长态势。1月至10月,国有企业累计实现利润10643.5亿元,环比增长9.2%,同比下降10.6%,降幅比1月至9月减小7个百分点,显示降幅收窄速度越来越快,企业经营已经摆脱羁绊,走上发展快车道。行业基本面的好转直接影响着企业经营的决策和方向,而企业是资本市场的主体。企业持续经营能力的改善和提高又直接影响着投资者的决策,一定意义上直接构成股市宏观基本面。只有企业这个市场元素真正向好,才能保证市场的茁壮成长。而商务部本月16日发布的监测数据显示国内消费市场正加速回升。全国千家重点零售企业零售额同比增长11.8%,增速比9月份加快1.2个百分点,创下今年以来的最快增速。由此看来,在各项政策刺激下,伴随行业层面的积极转变,中国经济的第三驾马车也跃跃欲试、扬鞭奋蹄了。一个广告招标会,因为有了全球经济危机的背景而备受瞩目。而这份有史以来最高中标额,折射出的是社会经济主体及其决策者的信心恢复与对经济后势的判断,同时也折射出国内各行业基本面的全面复苏与消费这驾马车不负厚望的启动。在经济全面回暖的情势下,资本市场的明天就更加值得期待。",3,7,0.6659708023071289
奥巴马的家：重点保护对象(组图)在迈阿密见过奥巴马后，第二天记者往西北远上芝加哥。住下后的第一件事，就是去寻找他的家。奥巴马的家位于格林伍德大道5046号。这一带虽然距名校芝加哥大学不远——沿着格林伍德一直往北就到芝大，却属于治安名声不佳的芝加哥南区。向几位当地人问了路，记者乘坐著名的高架铁路“绿线”，在第51 街站下了车。出站后马上就能感受这里的危险性：外面有三三两两的黑人青年在闲逛、打量行人。由于胸前挂着相机，记者退回站内。这时又有一位中年的黑人妇女上前问：“你会说英语吗？”得到肯定回答后，她拿出一张标着5美元、貌似食品券的纸条，好像想兜售给记者。“你别去惹人家！”检票处的黑人胖大姐向她喝道。“好好好，你是老板。”那位中年女子讪讪走开。记者向那位好心的大姐打听。她证实说：“这里是不大安全。偷东西、抢劫的都有，还有打枪的呢。你要当心一些。”她告诉记者，在门口坐15 路车，就可以到要找的地址；她以前不知道那里就是奥巴马的家。15 路车来了， 记者谢过检票大姐上了车， 问司机师傅应该在哪站下。和大多数美国公交车司机一样，这位叫阿历克斯的黑人小伙也很肯帮忙。“那个站现在不能停，我会让你就近下车。”一听说记者从中国远道而来， 找的就是奥巴马的家， 他一直开到离奥家尽量近的地方让记者下车，并介绍说他在奥巴马没有竞选总统时就认识他了，也和他握过手，尽管彼此不很熟悉。记者下车刚拍了第一张照片，前面警车中就出来一位穿黑色防弹衣的黑人女特工，说：“这儿不能拍照，要拍只能到对面铁栏杆后的指定区域。你去问那辆警车上的警察和特工。我们也不接受采访，要采访得打华盛顿美国特勤局的电话。”她旁边站着一个穿制服的芝加哥当地警察。记者过了马路，沿着铁栅栏走到另一辆警车附近，一位穿套头衫的壮实特工就微笑着向记者说了几条规矩：不能再往前，不能拍周围的保安措施，特工不接受采访。“至于我们的CPD(芝加哥警察局)同事是否愿意接受采访，你得问他们自己。”说罢他指指旁边穿深色警服的一个警察。对方摇摇头，说：“我也不接受采访。”奥巴马家是一幢单门独户式红砖楼房，下面被绿树捂得严严实实，只有上面露出一小部分：斜屋顶、老虎窗、两个烟囱和一个碟形卫星天线。这一带的楼房、环境都不错，比刚才的绿线车站强多了。难怪这幢房子能值上百万美元。奥巴马家门前的东西向马路是海德公园大道东段，路面朝他家一侧的三分之一宽度被水泥路障隔为禁区，竖着“禁止进入”和“限速30 英里”的警告牌；东边朝着的格林伍德路同样如此。路对面有一座圆顶大教堂。记者见从格林伍德路走出几个行人，便问那位男特工：他们要偷拍不是很容易吗？这位特工休姆回答说：“没错。但我们知道这些人是谁。况且一旦被发现，他们就会丧失从这里路过的权利。”记者拍了几张照片，见天色渐暗，没什么可拍，就掏出小本子记下观察到的东西：5 辆警车和若干辆无标志的特勤汽车，分布在记者能看到的西、南、东三个方向；警员和特工至少有10 人；路口三个人闲着无聊，正在那里说笑。“对不起，您在干什么？”走过来一位特工。记者解释说，既然一些角度不让拍照，我就随便记点东西，还给他瞄了一眼笔记本。“哦。我们这里也是不能画防卫部署示意图的。”美国警察和特工都比较文明，不会强行要求看你拍的照片和记录的文字。尽管作为外国人，记者不受宪法第一修正案保护。“不好意思，你得走了。”过了不久，特工休姆过来催促，“我们的规定是车辆和行人在这里不得停留。给你的时间已经比给其他媒体的多了5 分钟。”在等15 路车回火车站时，记者碰到同站候车的一个白人女孩。她名叫葆拉，来自圣路易斯，是芝大英文和音乐系学生，几个月前刚在这里租了套宿舍。“我是搬过来后才知道奥巴马住这儿的。”她说，“除了车站改了地点外，其他倒是没有什么不方便。当奥巴马的邻居可能算是一项优点吧。”她笑着说。不过，和很多菲尼克斯市民都说不一定会投票给麦凯恩一样，葆拉也说她尚未决定投谁的票。让记者印象深刻的一点是，当地很少有人知道住在同城的总统候选人的住址。他们似乎缺少好奇心，也不会因某人是同乡就支持他们，或以他们为荣。,3,5,0.993504524230957
孙威：2010年将视角向下游努力(图)    孙威：实际上我们从06年开始在内部建设上就提出了一个概念，叫“韬光养晦”。2010年我们有一个小的变化，就是我们所提供的服务更加完善了。可以这么说，之前一直在上游努力，从2010年开始我们会向下游努力。我们在十里河正在建一个8000平米的门店，就是自有渠道。当然自有渠道的建设，不光是线下的，我们也在推互联网业务，在线上渠道来扩展。比如你的产品，你的供应链，你的服务标准化都已经做好了，接下来的事，因为我们信息化建设是自己开发的，一直在做，从来没有停止。我们离电子商务的距离有多远，可以说很近，我们现在叫商务电子，就是我们已经把我们的商务电子化了。其实电子商务无外乎就是在网上的一个展示，我们已经完成这个商务电子化了。我们要在线上线下做一个连接，因为之前家居行业做电子商务，最大的困扰就是上面做得好下面做得不好，所以我们要找一个非常适合家装的解决方案。我们可以把上下对接起来，我们不是天敌，我们可以是互补。我们在谋求这样一个尝试。所以2010年，对于实创来讲，定位既是往上提升，也是横向纵向扩张的一年。张永志：比如我装修完了，其他的消费链很多，怎么把这部分客户利用起来，我们的业务可能会有很大的空间。张钧：把自己的事做好，至少会翻番。杨轶：孙总，你们每一个客户都有备案吗？孙威：我们有一套深度开发计划。杨轶：好的，今天咱们的议家居事厅栏目就到这里。我们新浪这边也会把近期家装行业的变化通过这个栏目随时告诉大家，我也希望家装公司能够更加标准化，让消费者和我们装修公司之间不要有任何的矛盾。如果有矛盾，相信通过我们的媒体也可以化解这个矛盾。张永志：春节马上要到了，请各位老总和贾会长跟我们网友说句话。孙威：祝大家身体健康，新年进步！贾中池：祝大家在虎年取得更大的发展，为客户，为企业，协会做更好的服务！张钧：和谐发展，共同奔向未来！杨轶：谢谢！(结束),3,4,0.5738478899002075
孙威：行业竞争不可规避 良性竞争最重要     孙威：这个行业已经很好了，但是现在很多企业也不是很安分，但是在追求跨界的发展，所以混合竞争的态势很难避免，规避这个竞争我认为是不可能的，但是我提倡良性竞争，不要通过不正规的手段去诋毁可能不是竞争对手的对手，我觉得这个刚刚起步，未来的商业格局、商业模式到底如何，大家都在探讨，我以前经常会引用一个初中就学过的知识，比如说生产力和生产关系的辨证关系，就像张总讲的，他的商业模式是根据他的体能、生产力决定的，如果你的产品线不丰富，拿什么开独立店，所以我想还是乐观的面对，大家去探索，可能未来十年，我们再回来看今天的时候，我们觉得很难读懂是为什么。       尹勃：大家的发展是在一个公平的平台上，不管是卖场的同行也好，厂家的合作伙伴也好，还有就是有一些专卖店也好，都是一个目标，都是给消费者做好服务，把这个行业健康的发展起来，我也希望2010年大家变恶性竞争为良性竞争，把这个劲儿都用在为消费者服务上。,3,5,0.4479915499687195
宜家二店不卖宜家卖啥宜家终于要在北京开第二店了。即使是位于瑞典首都的全球最大店，也只有5.5万平方米的面积，在宜家拍下的大兴区西红门那块规划面积超过30万平方米的土地上，除了建立宜家家居全球第二大店以外，剩余部分会装些啥，从宜家拿下地块那一刻就吊着大家的胃口。宜家进入中国10年，在人们心目中树立起“小家碧玉”的形象。时尚、简约、方便等特点，使之成为大学毕业生家装购物首选。仔细看看宜家卖场里的产品，只不过是 “中国造”挂上了宜家的招牌。这也是宜家最大的特色：宜家卖场只卖“宜家”品牌的产品，与其他家居卖场“兼卖万家”大相径庭。宜家家居一般只需几万平方米的面积，30万平方米的巨大空间必须引入其他业态才能填满。这就意味着宜家从此不再纯粹，在那个巨无霸的新型购物中心里，除了宜家，或许还有瑞典的流行服装和食品，甚至还可能像莫斯科的宜家MALL一样，超市、酒店、溜冰场、电影院等一应俱全。尽管南五环已经有不少房地产公司介入，一个个新楼盘接连而起，后期发展前景诱人，但宜家拿下的西红门地块还是一片商业处女地，宜家将担当起构建一个商圈的重任。喜欢宜家的人就会因此喜欢与宜家为邻的其他品牌吗？仅靠宜家家居的影响力，就能带动一个新兴商业地产的兴盛吗？宜家开到哪儿，哪儿就会火，这是宜家的魅力。但要让宜家购物中心里的其他东西都火，恐怕还得“熬”。,3,4,0.6336475610733032
"宜家再度降价力度为五年之最 中国市场见成效自9月1日起，宜家在中国的各门店开始新一轮的价格调整，调低了500多种产品的零售价格。这是宜家中国五年以来最大力度的一次降价，平均降价达20%-30%，调价前这些商品的销售额占宜家中国整体销售额的四成以上。一年两度显降价决心记者日前在宜家北京商场采访中了解到，一些老顾客表示对本次调价“有一定感觉”；一位称自己不经常逛宜家的段小姐认为“价格总的来说还是算不上便宜，但能淘到的实惠东西多了不少。”每年的9月宜家都会不同程度调低产品售价，而本次调价已是今年的第二次降价，今年3月，宜家已经下调了部分产品售价，总体调低了27%。对于此次调价，宜家中国销售总监朱昌来表示，“与11年前宜家刚进入中国时的价格相比，现在的商品价格只是当年的一半。”宜家中国零售经理吉丽安接受采访时也反复谈到要压低价格，“对我们来说，中国老百姓目前的消费水平和宜家产品价格之间还是存在着一定的努力空间。” 她同时强调宜家是大众的品牌，着眼点绝不在于服务某个阶层或者某一小部分人。这次大规模降价，显然是为了赢得更多的普通中国消费者。据了解，截至2009年8月，宜家全球店面年度销售额同比增长约3%,中国店面的销售额同比增长了16%。吉丽安也坦言，增长主要来自新店大连店的销售收入,原有门店销售收入在可比范围内与上一财务年度基本持平，但在危机环境下这样的成绩已经来之不易。降价空间从何而来对于在过去的十年中宜家何以能不断降低产品价格，吉丽安将其主要归功于宜家独特的商业模式。“我们并不仅是一个零售公司，我们掌握了整个供应链，从产品设计、采购、物流配送等，因此我们可以在各个环节控制我们的成本。例如我们可以通过控制在亚太地区的采购来降低我们部分产品的价格。”在这种商业模式下，产品销量越好，采购量越大，价格也就越低，从而形成一种良性循环。据了解，宜家在中国本土的采购量呈不断扩大的趋势，在中国销售的商品中“中国制造”的比例远高于宜家全球店面中的这一比例。目前宜家已在上海建立两个分拨中心，负责大件耐用家居用品的统一采购和配送, 其中奉贤的物流分拨中心全部三期工程建成以后，将成为宜家在亚太地区最大的物流枢纽。而宜家斥资过亿在奉贤设立的测试及培训中心，也成为了宜家除瑞典阿姆霍特以外唯一一家全资测试中心。中国作为宜家全球最大的采购国，有21%的产品是在中国采购的，测试中心的建成意味着宜家可以更便捷地完成产品质量的检测，降低自身及其供应商的生产成本。适应中国市场见成效作为全球最大的家居用品零售商、欧美市场深入人心的“大众”品牌，宜家在中国已经摸爬滚打了十年时间，如何摆脱“高价”之嫌差不多可以成为宜家中国发展轨迹的缩影。对于对宜家中国发展速度的质疑吉丽安表现得十分淡定，“我们需要时间去了解中国市场，了解中国人对宜家产品的喜好，了解我们的商业模式是否能在中国成功。”此外，她也指出所有的宜家商场都是自己买地自己建造的，而这样的商业模式也决定了迅速扩张没那么容易。宜家在分析2009财务年度中国各店销售业绩的时候特别指出，二线城市的几家店表现出良好的增长态势。在谈到本次降价，朱昌来也表示，大力度降价实际也是为了进入更多的二、三线城市打基础。从对二、三线城市的高度关注不难看出，宜家中国对其产品价格的市场竞争力越来越有信心，虽然“价格还不够低”被反复强调，但对于中国市场“回归”低价的乐观预期已然形成。奉贤分拨中心和测试及培训中心的建成，令业内纷纷猜测宜家是否在将战略重点转向中国，对此吉丽安的回应是与其说“转移”不如说“扩张”。事实上，宜家在亚太地区三个国家拥有的商场——中国、日本和澳大利亚——对宜家全球销售额的贡献仅为3%，但就未来的发展潜力而言，宜家表示更看好包括中国在内的整个亚太地区。",3,6,0.8386558294296265
宜家欲走转型路 利弊得失为哪般近日，宜家启动五年来首次最大规模的降价受到了极大的关注，在宜家店内甚至有不少低价品降价力度比7月的夏季减价活动更大，同时低价产品规模从2007年的150种扩展至500多种。宜家此举也必将引发舆论的种种猜测，如此降价原因究竟何在？降价后的宜家会有怎样的发展呢？降价原因浅析 1.销售额过低 寻求转型 据悉，2008财年宜家在中国的销售不到全球收入的2%，2009财年，宜家中国区销售总额增幅为16%，低于2008财年25%的增幅。也许正是因为销售额过低促使宜家酝酿在中国的“转型”，尝试改变策略以求得扭转乾坤。 2.门店数量少 欲要扩张 宜家进入中国市场11年以来，门店数量也一直呈“蜗牛”式发展。在1998年到2005年期间，宜家仅在北京、上海、广州和成都四地开设了门店。去年开始，宜家在大连、南京和深圳新增3家门店。眼看着其他诸如红星美凯龙、居然之家等家居巨头在危机面前依然昂首阔步，逆势扩张，并取得了不错的成绩，宜家又怎么能不为所动呢？宜家想要在门店规模、数量、消费群体上取得同步上升，那么除了将在北京建亚洲最大旗舰店之外，低价策略也是其扩张的重要一步。 3.竞争激烈 降价求生存 如今，家居业的竞争越来越激烈，而宜家面临的最大敌人无疑就是“山寨”。宜家的产品品质不是真正的高端产品，其用料多是大众化的原料。“逛完宜家，再去建材超市购买”的消费行为使宜家陷入了尴尬境地。因此价格势必成为宜家发展过程中不得不面对的问题。以“降价”与山寨抗衡或者是宜家使出的“杀手锏”。 宜家降价是利是弊？ 众所周知，宜家在欧美等发达国家因为物美价廉，款式新颖等特点，受到广大中低收入家庭的欢迎。但是在中国，它则面向大城市里比较富裕的阶层，也就是那些“想买高档货，而又付不起高价的白领”。这种定位十分巧妙准确，也取得了成功。如今，宜家打出低价策略，想要走进中国的普通家庭，成败言之过早。 一方面，价格降低会吸引更多低收入的消费者走进宜家，满足他们的需求，不失为一件好事。另一方面，产品的价格降低，很有可能打消那些相对富裕阶层的购买欲望，俗话说“物以稀为贵”，如果宜家真的成为平常百姓家的日用家居品，就很可能丢失一部分顾客以及宜家的特色。 宜家“转型”之路，很难预测成功与否。最重要的是要明确了解中国人家居理念的全部，摸清中国消费者的真正需求，制定本土化的品牌价值定位。,3,6,0.4723362624645233
宜家进驻大兴开购物中心在昨天举行的大兴区地铁沿线生产性服务用地信息发布会上，首家通过“招拍挂”在京拿地的外资公司——瑞典宜家家居日前成功拍下30万平方米的地铁大兴线西红门商业综合区二期用地。除西红门商业综合项目外，大兴区在下半年还将推出枣园路土地一级开发项目、新城核心区和生物医药基地东配套区三个地铁沿线项目，规划总建筑面积近650万平方米。 “宜家将对该地块进行综合开发，建设一个大型的购物中心——除了包含宜家家居亚洲最大的旗舰店外，还将有400多家各种业态的商户进驻。”宜家亚太地区总裁杜福延说。大兴区发改委有关负责人表示，宜家家居西红门商业综合区用地不仅是北京沿五环周边规划的六大商业中心之一，也是大兴区2009年最大的商业项目。而围绕着地铁大兴线，大兴区以地铁站点为基本节点，规划了地铁沿线生产性服务业集聚区。具体包括宜家家居所在的西红门商务区、金星商务区、核心区综合服务区、医药基地研发商务区和物流商务区。除了西红门商业综合区项目外，大兴区还将推出枣园路土地等一级开发项目，规划总建筑面积约650万平方米。(记者刘宇鑫),3,4,0.9942650198936462
实德不容鱼目混珠存在打假是一种突击行动，但是真正让假货杜绝，还要提高老百姓识别假货的能力。一般企业的做法都是，用提高防伪手段来杜绝假货。当然，实德集团也一直在提高产品的防伪能力，不过他们在杜绝假货上有更高明的招数：优选战略伙伴，从源头上堵住假货的泛滥。从实德型材产品诞生以来，实德集团在产品防伪上下功夫，现在已经形成喷码识别和自动电话查询等多种方式的甄别方法。但是，在型材市场中，依然存在不法经营者用仿冒的实德型材产品混杂在实德型材中销售的方式来欺骗消费者。通过市场调研发现，很多型材门窗加工点很少是全部用假冒产品生产门窗的。因为这样他们无法保证大多数产品的质量，生意会一落千丈。而他们通常的做法是，经营实德型材，靠实德型材优良的品质为自己的生意打出招牌和知名度，然后低价购入部分假冒产品，掺杂在实德型材中销售。大连实德销售集团已经在瓦房店、丹东等地区都发现这样问题的存在。防微杜渐，“这种苗头要坚决打下去，否则这种老鼠行为会毁坏了市场大堤的。”实德集团副总裁王德华说。,3,6,0.42749151587486267
宫铁军：在借鉴基础上超越也是一种文化宫铁军：刚才许总说的特别激烈，有点不同意见补充一下，房地产没有这么无耻，虽然比较弱势，是这样的，说几个例子，日本战败之后应该说不管从文化上还是说从建筑上应该说一段缺失，从美国来讲，特别是在战后那一段是有一段文化侵略的，从安腾来讲和一些现代大师那么用一些行动来呼唤日本的建筑，他们非常有民族的感情去做这件事情，做完之后也是在几十年之后实现的，因为毕竟来讲日本是靠美国资助的，他没有能力完全拒绝文化侵略。    刚才说三里屯也好，很多项目，它有一点，就是它的尺度是日本设计师在做，在做的时候我们希望有中国的，毫不讳言，万科做的很多项目我们希望在借鉴基础上超越，如果没有借鉴，单纯谈创新可能来讲我们不可能去回归过去四合院的文化，我们没有那么多地。    所以我特别尊重万科，也在研究万科，比如万科在无锡做的围合大院，那就是规划理念完整的一个尝试，东西向占了很大比例，一个大胆的尝试。(牡丹西腾)认为100米×100米很好的的尝试，大比例的东西是不是能够打破东西向不好的这种。因为塔楼和板楼，塔楼是现在比较省地的一种方式，塔楼能不能做到节能。我也看到万科在南方做的一种新的形式的塔楼，包括原来很早以前崔大师做的现代城，其实我们可以看到塔楼里面并不是传统的我做的一个盒子，它也可以创造一个空间庭院出来，可以给人一种公用的庭院。所以说我想就是说没有，因为房地产并没有三十年，中国房地产严格来讲也就是13年，从南方算起有十几年时间，所以说在这十几年里，包括万科在天津做的项目，完全是仿制，但是他在这个基础上创新了，去做了。现在不提哪个公司了，在北京做了一个园林非常好的项目，也是西班牙风格的，实际我们看的时候，也很清楚地看到借鉴也好，抄袭这种感觉出来，但是它给业主带来最大的享受，它把园林，我们叫女性杀手，就是女同胞如果看了这个住宅的话很难，如果你有一定购买力的话很难脱身而去，很容易下单。文化和知识在这点我觉得去品评，因为我们现在讲欣赏这个事，用思想体系的话，就是我们什么时候有信仰来支撑我们这个文化，这不是我们探讨出来的，因为跟我们的体制有关系。我去过很多地方，去学国外到底怎么管理物业的，确实物业是中国从香港来的一个举动。比如说万科管的好，为什么管的好？连一个自行车出去都管理，有错吗？这个如果放到三十年前，这简直把我们的邻里关系进行了颠覆，但是到了今天我们说万科物业服务做的好的非常典型的一件事来说，这也是我们学习的典范。人和人的关系什么时候能够回归到我们希望的那种，这个不是我们坐在这儿能解决的，这需要一个过程。    我恰好在欧洲学了一个月的欧洲资助中国城市化课程，瑞典，丹麦等他们的政府在做廉租房的时候考虑到现在的规划，包括车位，车库所有这些，如果我们真的能去学习，即使是抄袭又有何妨。开句玩笑说我们是奉献的一代。日本人很尊崇这个。我最不认同许总的一点，就是你不能只批判不做。就是说我支持而后勇，我还是要去做。中国的廉租房，经济适用房不是说出了几个贪官，出了几个腐败就不要经济适用房了。其实你刚才说的那句话很对，中国从骨子里不想租房子，廉租房是解决更低收入住房的问题。在信息化这么发达的情况下，难道中国就没有办法解决最公平的问题吗？我想这个信心都没有话，中国就不用发展，中国现在连出重拳去整治腐败。我觉得遗产税这些在未来一定会出现。,3,4,0.9127219319343567
宫铁军：怀旧和回潮 小众精英对快乐追求杨熙：感谢赵处长讲了好多关于城市规划的东西。今天到我们现场我想各位嘉宾都代表各个层面的相关的关于城市，和咱们相关话题的朋友，所以我想先请咱们雅世集团宫总跟咱们分享一下这个话题。宫铁军：赵处长刚才讲的很好，我都不知道该怎么讲了。邀请我来我很高兴，这儿来了很多朋友，到这儿来有一种怀旧的感觉出来，跟这个主题很贴切。每次到这儿来的时候总感觉又回到了上学的时候，或者更久远的时代，或者我没到过的时代，好像通过设计师去处理的一个手法让我仿佛又回到那个年代去。作为开发商的理解，我们这代人年轻一些，一直往直路跑，不敢停下来说我真的去怀旧，没有这么多时间去做。实际上作为一个行业，一个产业来讲需要一个健康良性的发展，不能大起大落，像中国的金融股市一样，动荡式的走向，因为不动产作为一个重要的资产，作为中国传统的观念来讲，我们作为居住，保值，乃至投资的一个重要手段，所以不希望说中国人去体会那种资产高速膨胀，膨胀之后又高速贬值，当你分享快乐的时候那个痛苦随之而来，在不久的未来会来到。所以我特别希望中国房地产能有良性的发展，给我们每个住户提供真正能够安心的，持久能够享受到的一个居住文化。所以这个和我下面谈到的文化也密切相关。因为无论九朝会也好，还是刘老根做的，郭德纲做的这些等等，都是小众精英式的，只有小众通过自己的积累去怀旧也好，回潮也好，更广泛的人群上享受不到这样的快乐，他们只能通过媒体或者其他的渠道来得到自己需要的享受快乐。        房地产口碑虽然不好，但是它实实在在承担着给老百姓建造房屋的责任，所以作为开发商来讲我觉得建筑有一个很重要的职能，就是说有一句话叫住宅创造人生，人造住宅，住宅创造人生，它能创造人生丰富多彩。    我总结了两点，就是说规划和建筑。规划和建筑实际上从大的方面给人的生活提供了一个文化场景，好的社区，好的规划，好的建筑，包括好的地面可以给居住在这个社区的人一个文化享受，心灵的享受，让你在这个社区里有一个大的气场，能够让你在这个社区里定得住。就像我们在九朝会里喝茶我们心可以很静地探讨过去。其实有些社区无论是塔还是板都做了一个很好的规划。在过去十年对房地产来讲是黄金十年，可能作出了很多没有这种气场的社区，包括我们改革后的十年，二十年，这样的规划可能是业主对文化的享受去在自己家居里用自己的创造去完成，因为你大的社区环境并没有给你很好的背景，一个很好的平台，那么怎么办？那么有科宝，有其他更多的家居行业，包括说我们在十多年前打沙发，打柜子。这就是我要说的第二个小的概念，当我们业主把自己封闭在一个小屋子里推敲家具的时候，实际上当这个小跟大两点结合的话，就是说不管你在怀旧，还是向前看，还是在工作，你都能有一个好的生活的享受。如果大小两点丧失其中任何一点你可能都有一种缺失，一种缺憾，就是说你不是在一个很满意，很有氛围的社区里你去做自己的小环境，每天你走出来的时候，可能这个社区本来应该让你有这种享受的价值却没有了。如果一个人总是在工作，对家居，或者居家没有特别好的追求，即使住在很好的社区里，也会感到工作等方面的压力。    所以从建筑和人来讲，我希望开发商能够响应不管是国家的号召，还是政府的号召，实际上我是想一个好的开发商能够承担起这种社会责任，把社区从规划包括家居，能够给客户提供一个持久服务的，让客户能够不用非常专业的上新浪网上天天去学习 装修知识，这个在国外看来，可能未来杨主任这个职能也要削减，在国外这是不应该有的功课，但是中国把这个研究的很好。这个对开发商来说是一件非常愧疚的事情，是我们逼迫业主去做的这个功课，再可能十五年，二十年之后希望大家更和谐地去做。最后一点就是说到对文化的，不论是怀旧还是什么，房地产现在实际提供的服务，虽然我们把所有物业管理都叫服务，但是真正从骨子里我们到底给业主提供什么样的服务？是不是从业主真正需求来去考虑提供哪些服务，这些也是我们在想，也是希望，应该说主流开发商替业主想很多这样的事情。我期盼我们这个行业早日脱离这个不好的口碑，能从服务着手，反过来能让我们在未来，业主说作为一个开发商能够给业主提供的不止是一个住宅，不止是一个作品，或者是一个建筑，更主要是一种生活方式，是一种文化，是一种持续的服务。我就先这样说一下。,3,4,0.9822386503219604
宫铁军：怀旧和回潮都小众精英对快乐的追求杨熙：感谢赵处长讲了好多关于城市规划的东西。今天到我们现场我想各位嘉宾都代表各个层面的相关的关于城市，和咱们相关话题的朋友，所以我想先请咱们雅世集团宫总跟咱们分享一下这个话题。宫铁军：赵处长刚才讲的很好，我都不知道该怎么讲了。邀请我来我很高兴，这儿来了很多朋友，到这儿来有一种怀旧的感觉出来，跟这个主题很贴切。每次到这儿来的时候总感觉又回到了上学的时候，或者更久远的时代，或者我没到过的时代，好像通过设计师去处理的一个手法让我仿佛又回到那个年代去。作为开发商的理解，刚才赵处长说我们这代人比赵处长年轻一些，一直往直路跑，不敢停下来说我真的去怀旧，没有这么多时间去做。房地产在07年开始被赵处长调控了，调控之后，好不容易要休息一下，美国次贷危机了又不调控了，不调控之后现在又出现好多争论，种种来讲都不是特别好的信息。实际上作为一个行业，一个产业来讲需要一个健康良性的发展，不能大起大落，像中国的金融股市一样，动荡式的走向，因为不动产作为一个重要的资产，作为中国传统的观念来讲，我们作为居住，保值，乃至投资的一个重要手段，所以不希望说中国人去体会那种资产高速膨胀，膨胀之后又高速贬值，当你分享快乐的时候那个痛苦随之而来，在不久的未来会来到。所以我特别希望中国房地产能有良性的发展，给我们每个住户提供真正能够安心的，持久能够享受到的一个居住文化。所以这个和我下面谈到的文化也密切相关。因为无论九朝会也好，还是刘老根做的，郭德纲做的这些等等，都是小众精英式的，只有小众通过自己的积累去怀旧也好，回潮也好，更广泛的人群上享受不到这样的快乐，他们只能通过媒体或者其他的渠道来得到自己需要的享受快乐。房地产口碑虽然不好，但是它实实在在承担着给老百姓建造房屋的责任，所以作为开发商来讲我觉得建筑有一个很重要的职能，就是说有一句话叫住宅创造人生，人造住宅，住宅创造人生，它能创造人生丰富多彩。我总结了两点，就是说规划和建筑。规划和建筑实际上从大的方面给人的生活提供了一个文化场景，好的社区，好的规划，好的建筑，包括好的地面可以给居住在这个社区的人一个文化享受，心灵的享受，让你在这个社区里有一个大的气场，能够让你在这个社区里定得住。就像我们在九朝会里喝茶我们心可以很静地探讨过去。其实有些社区无论是塔还是板都做了一个很好的规划。在过去十年对房地产来讲是黄金十年，可能作出了很多没有这种气场的社区，包括我们改革后的十年，二十年，这样的规划可能是业主对文化的享受去在自己家居里用自己的创造去完成，因为你大的社区环境并没有给你很好的背景，一个很好的平台，那么怎么办？那么有科宝，有其他更多的家居行业，包括说我们在十多年前打沙发，打柜子。这就是我要说的第二个小的概念，当我们业主把自己封闭在一个小屋子里推敲家具的时候，实际上当这个小跟大两点结合的话，就是说不管你在怀旧，还是向前看，还是在工作，你都能有一个好的生活的享受。如果大小两点丧失其中任何一点你可能都有一种缺失，一种缺憾，就是说你不是在一个很满意，很有氛围的社区里你去做自己的小环境，每天你走出来的时候，可能这个社区本来应该让你有这种享受的价值却没有了。如果一个人总是在工作，对家居，或者居家没有特别好的追求，即使住在很好的社区里，也会感到工作等方面的压力。所以从建筑和人来讲，我希望开发商能够响应不管是国家的号召，还是政府的号召，实际上我是想一个好的开发商能够承担起这种社会责任，把社区从规划包括家居，能够给客户提供一个持久服务的，让客户能够不用非常专业的上新浪网上天天去学习装修知识，这个在国外看来，可能未来杨主任这个职能也要削减，在国外这是不应该有的功课，但是中国把这个研究的很好。这个对开发商来说是一件非常愧疚的事情，是我们逼迫业主去做的这个功课，再可能十五年，二十年之后希望大家更和谐地去做。最后一点就是说到对文化的，不论是怀旧还是什么，房地产现在实际提供的服务，虽然我们把所有物业管理都叫服务，但是真正从骨子里我们到底给业主提供什么样的服务？是不是从业主真正需求来去考虑提供哪些服务，这些也是我们在想，也是希望，应该说主流开发商替业主想很多这样的事情。我期盼我们这个行业早日脱离这个不好的口碑，能从服务着手，反过来能让我们在未来，业主说作为一个开发商能够给业主提供的不止是一个住宅，不止是一个作品，或者是一个建筑，更主要是一种生活方式，是一种文化，是一种持续的服务。我就先这样说一下。,3,4,0.9826056957244873
家具贵族老字号红木亮相 本月30日将开槌13件来自百年老号的红木及黄花梨家具，将于月底亮相爱家红木大观楼，参加“老红木家具精品拍卖会”。明清时代以上等木材制作的红木家具只有王公大臣、皇亲国戚们才能享受，具有家具“贵族”之称，出自大师之手的红木家具更是千金难求。包括清代太师椅、罗汉床、海南黄花梨笔筒在内的13件百年老号大师之作将上拍。,3,1,0.9101938605308533
寂寞没错寂寞有理 反驳你们能不能不那么寂寞玩了寂寞，又玩浪漫，我看我们这代人真的是没什么玩了，我们下一代也没什么玩的(你Y的除了浪漫和寂寞就没别的词了吗？是不是你生活太无聊太枯燥太乏味太空洞了....我们这代人没啥玩的，下代也没啥玩的，好吧，合着人生就是为了玩是吧。没的玩就去死了算了...怎么还没去死啊，还死到天涯上来批评别人寂寞...)我们这几代人小时候玩的不健康向上，到现在变成数字移民也是胡作非为，90年后众NC是原住民，不能在现实生活鸡飞狗跳后，不分先后的终于都无聊了。(我靠，你就是你，别我们，你说我们也不代表你多在理，你自己小时候玩的不健康向上，不代表别人。还有我想知道，你小时候玩啥是不健康向上....好奇ING。90后的NC不能在现实中鸡飞狗跳，言外之意是你鄙视不能在现实中鸡飞狗跳的，就是你自己的生活是鸡飞狗跳的？人家无聊了吗？有的玩还无聊？那是寂寞！我看你连寂寞和无聊的区别都搞不清楚)首先定义下NC，简单来说可以定义为小时候被猪亲了之后又被驴踢了门夹了，通俗点的定义就是脑子不想事，基于这一点，很多70、80年都是NC，90年后更是NC中的极品NC，也就是NC中的战斗鸡。(基于这一点，你是70以前的吗，是405060还是更早，你懂啥叫用发展的眼光看问题吗，你懂啥叫表以偏概全不，还有等老的时候还有个老年痴呆症你知道不)众NC们先反思下自己的生活，有多少人是一天到晚混在网上无所事事的？玩的一样比一样弱智，半夜三更偷菜啊，AV舞啊，一个魔兽停服，几百万人无聊啊，玩完了回家吃饭玩寂寞，横空出世了一个寂寞党，随便到哪看看，网络上满版荒唐言，遍地寂寞党，然后还没完，寂寞党玩得不疯，浪漫派又冒出头来了。(不偷菜不玩AV舞不玩WOW，你回家干吗？你是专家学者还是啥的，天天下班回家吃饭然后就看书啊？合着你这个逻辑除了补充文化知识外有点娱乐都是NC的作为啊。那你自己干嘛来天涯。你如果不寂寞不无聊回家下班吃饭然后是不是就躺床上和你家媳妇儿瞪着天花板思考人生呢....我还在想你是不是很抵制性爱呢，可能在你看来拿是猥琐。)早阵子砖家叫兽们说，每天上网时间多于6小时的就是精神病，这话没错，一般精神病都不喜欢别人说他们有病，NC们哎，天天喊着寂寞，不是有病还是有喜啊？(我喷，那些整天对着电脑干活的人是不是生活在第三医院啊，一栋栋写字楼都是第三医院哈)土鳖们，没钱不要装孙子，你们有钱也就一暴发户，看你们每天在干嘛，天天说棒子抢我们东西，天涯上自己在骂中医，鲁迅那老FQ没教你们一点好样！(我就笑了，啥是土鳖，没钱装孙子的你见过几个，有钱就是暴发户的又咋地了，人家天天在干吗碍着你什么事儿了。骂中医的不是所有人吧。我就从来没有去那帖子看过，为毛呢。我觉得那是无稽。估计就你这种傻X才会去看那张东西。鲁迅又咋了，愤青不愤青都掩盖不了他写了那么多文的事实，其他我无从评价)看看天涯每天都在讨论什么啊，杂谈上那个自称是日本MM的报道帖，也是20多万点击数千回复，土鳖子，没见过女人啊？说没见过穿衣服的日本女人，恩，隔着千八百里的网线你能看到什么？那回复就更别说了，真要是一国际友人，还以为中国男人怎么怎么的，全是JB长在嘴上的还是怎么着？一旦有女的晒照片，征婚，那回复，比个天安门游行还要壮观点？(物以稀为贵，杂谈大多男人，来个女人还贴PP的当然要看了。就像一个军营忽然来了个大美妞，大家肯定都看的，不看的不是男人！！！)寂寞啊寂寞啊，丢脸丢到国际互联网上来了。有精英一出来立刻就被砸砖说装B，中国的精英文化已经被你们这些恶俗的无聊文化折腾的岌岌可危，就说天涯，顶无聊的了，多少民智人士被迫离开了，越玩越低俗，国际友人都过来看笑话。(精英是啥？我还真没见过......大家都普通人而已。国际友人来看笑话....告诉我撒 是谁，我来鉴定一下是不是条狗)想不想知道自己是怎么变蠢的？众位NC，请开动你们所剩不多的脑子想想，若干年前，你是不是记性还不错，碰到什么事还知道动脑子，现在，估计就是拿笔写字也写不出几个简体中文版的了吧？(我就搞笑了，想不想知道中国人是怎么退化的？你们会写繁体字吗会说文言文吗？想不想知道人类怎么变笨的?你会钻木取火吗？)达尔文的进化论是骗小孩的，网络就在让你变蠢，《蠢蛋进化论》看过吧？像现在这样，有什么不明白的问百度问谷歌，问万能的天涯，泡妞玩深沉搜几段经典B语，论文不会上网抄，好吧，青春期性启蒙，上网可劲儿看日片吧，偷偷看的时候很“心神不宁”吧？绿霸了吧？不用自己动脑筋，会用工具就行了，靠装备算个毛啊！(达尔文的进化论不是真理，只是推测，你懂个P啊，你真懂也搞个什么论出来撒.....不上网只会让你变得更蠢。不上网你知识的来源有啥？上了网，可以吸取整个天下的精华。还有，绿坝是可以忽略的。)CCAV总是说古人好睿智，前人好NB啊，有长城金字塔，瞎扯淡，那是因为现在的人更SB了，NC要分级，肯定是90大于80大于70，所以90年后，你们也不用反驳了，你们要说自己是祖国的花朵朝气蓬勃，我靠，太监都会笑得射出来。(现在人更SB了？我们说古人了不起多聪明是和别人的古人比。咋的祖先能造长城，人家祖先能造金字塔。不是跟现在的人比，现在的人还造了飞机原子弹大楼电脑乱七八糟电气化了，古人能比吗？就你这理论，大家都要过原始社会的生活。你要去过没人拦你，别拖着我们一起去)据说中国是世界上BBS最流行最多的国家，泡论坛的，有相当一部分是没什么钱装B的，还有相当一部分是连装B都困难的，天天无聊狗咬狗一嘴毛。都是一群废物，说你没出息就是没出息，有出息的人天天在网上喊寂寞，偷菜？(中国人多。电脑多。当然用户也就多了。当然BBS肯定是用户最多的了。有问题吗？我不懂泡论坛跟装B有啥直接联系吗？你有没有出息我不知道，我就知道真正有出息的人不会老想着批评别人可劲儿的得瑟。。。。。。。。の尴尬，照这理论我也成了没出息的人，没关系我承认我就是没出息的人。不像有些人，本来没出息，还可劲儿装的自己多有出息似的，不说你装B，谁还装B)网络就是个工具，别去信TM的互联网等于生活，有瘾啊，每天也许就是在网上跟人妖扯淡，JB都沤出绿毛了还不知道，NND，寂寞了，你妈叫你回家吃饭啦！(网络是生活的一部分，生活中也离不开网络。就你这样的，别用网络了，有啥要知道的去国家图书馆去)网上的民智都死光了，要不就是属乌龟王八DAN的！(那是你没看到，你见识有多大啊，不就是一个井底之蛙！自己以为自己看到的世界就是世界。你还真渺小真肤浅。你是青蛙，你全家都是青蛙，一辈子跳不出那口小井！)真正的浪漫是有钱有品的生活，NC与土鳖玩不起，你们玩也是个山寨，你们愤愤不平恶搞的时候，人家早在现实生活中玩儿情调了。(真正的浪漫就是要有钱又品?我想你根本不懂浪漫！也不想跟你解释了，就你那EQ告诉你，你都不懂)你们也只能恶搞，拯救地球没你们的份，活该你们只能对着显示器高潮。(恶搞也是一种文化！拯救地球难道有你的份儿？你是地球超人啊？人家高潮用的着通知你吗？)无聊和寂寞所有的网游，所有的娱乐都是无聊经济。无聊是没事儿可干玩了寂寞，又玩浪漫，我看我们这代人真的是没什么玩了，我们下一代也没什么玩的(你Y的除了浪漫和寂寞就没别的词了吗？是不是你生活太无聊太枯燥太乏味太空洞了....我们这代人没啥玩的，下代也没啥玩的，好吧，合着人生就是为了玩是吧。没的玩就去死了算了...怎么还没去死啊，还死到天涯上来批评别人寂寞...)我们这几代人小时候玩的不健康向上，到现在变成数字移民也是胡作非为，90年后众NC是原住民，不能在现实生活鸡飞狗跳后，不分先后的终于都无聊了。(我靠，你就是你，别我们，你说我们也不代表你多在理，你自己小时候玩的不健康向上，不代表别人。还有我想知道，你小时候玩啥是不健康向上....好奇ING。90后的NC不能在现实中鸡飞狗跳，言外之意是你鄙视不能在现实中鸡飞狗跳的，就是你自己的生活是鸡飞狗跳的？人家无聊了吗？有的玩还无聊？那是寂寞！我看你连寂寞和无聊的区别都搞不清楚)首先定义下NC，简单来说可以定义为小时候被猪亲了之后又被驴踢了门夹了，通俗点的定义就是脑子不想事，基于这一点，很多70、80年都是NC，90年后更是NC中的极品NC，也就是NC中的战斗鸡。(基于这一点，你是70以前的吗，是405060还是更早，你懂啥叫用发展的眼光看问题吗，你懂啥叫表以偏概全不，还有等老的时候还有个老年痴呆症你知道不)众NC们先反思下自己的生活，有多少人是一天到晚混在网上无所事事的？玩的一样比一样弱智，半夜三更偷菜啊，AV舞啊，一个魔兽停服，几百万人无聊啊，玩完了回家吃饭玩寂寞，横空出世了一个寂寞党，随便到哪看看，网络上满版荒唐言，遍地寂寞党，然后还没完，寂寞党玩得不疯，浪漫派又冒出头来了。(不偷菜不玩AV舞不玩WOW，你回家干吗？你是专家学者还是啥的，天天下班回家吃饭然后就看书啊？合着你这个逻辑除了补充文化知识外有点娱乐都是NC的作为啊。那你自己干嘛来天涯。你如果不寂寞不无聊回家下班吃饭然后是不是就躺床上和你家媳妇儿瞪着天花板思考人生呢....我还在想你是不是很抵制性爱呢，可能在你看来拿是猥琐。)早阵子砖家叫兽们说，每天上网时间多于6小时的就是精神病，这话没错，一般精神病都不喜欢别人说他们有病，NC们哎，天天喊着寂寞，不是有病还是有喜啊？(我喷，那些整天对着电脑干活的人是不是生活在第三医院啊，一栋栋写字楼都是第三医院哈)土鳖们，没钱不要装孙子，你们有钱也就一暴发户，看你们每天在干嘛，天天说棒子抢我们东西，天涯上自己在骂中医，鲁迅那老FQ没教你们一点好样！(我就笑了，啥是土鳖，没钱装孙子的你见过几个，有钱就是暴发户的又咋地了，人家天天在干吗碍着你什么事儿了。骂中医的不是所有人吧。我就从来没有去那帖子看过，为毛呢。我觉得那是无稽。估计就你这种傻X才会去看那张东西。鲁迅又咋了，愤青不愤青都掩盖不了他写了那么多文的事实，其他我无从评价)看看天涯每天都在讨论什么啊，杂谈上那个自称是日本MM的报道帖，也是20多万点击数千回复，土鳖子，没见过女人啊？说没见过穿衣服的日本女人，恩，隔着千八百里的网线你能看到什么？那回复就更别说了，真要是一国际友人，还以为中国男人怎么怎么的，全是JB长在嘴上的还是怎么着？一旦有女的晒照片，征婚，那回复，比个天安门游行还要壮观点？(物以稀为贵，杂谈大多男人，来个女人还贴PP的当然要看了。就像一个军营忽然来了个大美妞，大家肯定都看的，不看的不是男人！！！)寂寞啊寂寞啊，丢脸丢到国际互联网上来了。有精英一出来立刻就被砸砖说装B，中国的精英文化已经被你们这些恶俗的无聊文化折腾的岌岌可危，就说天涯，顶无聊的了，多少民智人士被迫离开了，越玩越低俗，国际友人都过来看笑话。(精英是啥？我还真没见过......大家都普通人而已。国际友人来看笑话....告诉我撒 是谁，我来鉴定一下是不是条狗)想不想知道自己是怎么变蠢的？众位NC，请开动你们所剩不多的脑子想想，若干年前，你是不是记性还不错，碰到什么事还知道动脑子，现在，估计就是拿笔写字也写不出几个简体中文版的了吧？(我就搞笑了，想不想知道中国人是怎么退化的？你们会写繁体字吗会说文言文吗？想不想知道人类怎么变笨的?你会钻木取火吗？)达尔文的进化论是骗小孩的，网络就在让你变蠢，《蠢蛋进化论》看过吧？像现在这样，有什么不明白的问百度问谷歌，问万能的天涯，泡妞玩深沉搜几段经典B语，论文不会上网抄，好吧，青春期性启蒙，上网可劲儿看日片吧，偷偷看的时候很“心神不宁”吧？绿霸了吧？不用自己动脑筋，会用工具就行了，靠装备算个毛啊！(达尔文的进化论不是真理，只是推测，你懂个P啊，你真懂也搞个什么论出来撒.....不上网只会让你变得更蠢。不上网你知识的来源有啥？上了网，可以吸取整个天下的精华。还有，绿坝是可以忽略的。)CCAV总是说古人好睿智，前人好NB啊，有长城金字塔，瞎扯淡，那是因为现在的人更SB了，NC要分级，肯定是90大于80大于70，所以90年后，你们也不用反驳了，你们要说自己是祖国的花朵朝气蓬勃，我靠，太监都会笑得射出来。(现在人更SB了？我们说古人了不起多聪明是和别人的古人比。咋的祖先能造长城，人家祖先能造金字塔。不是跟现在的人比，现在的人还造了飞机原子弹大楼电脑乱七八糟电气化了，古人能比吗？就你这理论，大家都要过原始社会的生活。你要去过没人拦你，别拖着我们一起去)据说中国是世界上BBS最流行最多的国家，泡论坛的，有相当一部分是没什么钱装B的，还有相当一部分是连装B都困难的，天天无聊狗咬狗一嘴毛。都是一群废物，说你没出息就是没出息，有出息的人天天在网上喊寂寞，偷菜？(中国人多。电脑多。当然用户也就多了。当然BBS肯定是用户最多的了。有问题吗？我不懂泡论坛跟装B有啥直接联系吗？你有没有出息我不知道，我就知道真正有出息的人不会老想着批评别人可劲儿的得瑟。。。。。。。。の尴尬，照这理论我也成了没出息的人，没关系我承认我就是没出息的人。不像有些人，本来没出息，还可劲儿装的自己多有出息似的，不说你装B，谁还装B)网络就是个工具，别去信TM的互联网等于生活，有瘾啊，每天也许就是在网上跟人妖扯淡，JB都沤出绿毛了还不知道，NND，寂寞了，你妈叫你回家吃饭啦！(网络是生活的一部分，生活中也离不开网络。就你这样的，别用网络了，有啥要知道的去国家图书馆去)网上的民智都死光了，要不就是属乌龟王八DAN的！(那是你没看到，你见识有多大啊，不就是一个井底之蛙！自己以为自己看到的世界就是世界。你还真渺小真肤浅。你是青蛙，你全家都是青蛙，一辈子跳不出那口小井！)真正的浪漫是有钱有品的生活，NC与土鳖玩不起，你们玩也是个山寨，你们愤愤不平恶搞的时候，人家早在现实生活中玩儿情调了。(真正的浪漫就是要有钱又品?我想你根本不懂浪漫！也不想跟你解释了，就你那EQ告诉你，你都不懂)你们也只能恶搞，拯救地球没你们的份，活该你们只能对着显示器高潮。(恶搞也是一种文化！拯救地球难道有你的份儿？你是地球超人啊？人家高潮用的着通知你吗？)无聊和寂寞所有的网游，所有的娱乐都是无聊经济。无聊是没事儿可干,3,8,0.6068478226661682
密码变明码 小区防盗门形同虚设物业回应：尽快消除隐患每栋居民楼单元前的防盗门，本是居民的保护神，既能阻止小广告，也能堵住“梁上君子”。可一段时间过去了，一些小区的密码门却没能达到预期的防盗效果，反倒成了小区安保的一块“鸡肋”，愁怀了众多业主。密码变“明码” 住户忧心忡忡“这么多防盗门密码都一样，还防啥盗啊？”最近，家住开发区长城路一小区的黄先生为了他的一个意外发现而忧心不已，因为他发现小区里许多单元防盗门的密码竟然全部相同。据黄先生反应，他是偶然间发现一些装修工人进入单元防盗门时，根本不需要在家的业主开门，而是直接按密码就能进入单元。疑惑的黄先生一打听，才知道原来小区的单元防盗门都是公用一个密码，可谓是“一码走遍天下”。“不只装修工人，还有外面其他一些干活的人，都可以这样随意进入单元大门。试想这个密码要是被其他别有用心的人利用的话，小区的安全问题就太让人担忧了！”物业回应：尽快消除隐患随后，记者来到黄先生所在的小区。从其一期、二期、三期的楼栋中各挑了一个单元实验，发现确如黄先生所说，一个密码便能打开所有的防盗门。黄先生告诉记者，当初决定在这买房子时，就是看中了这个小区的高科技防盗设施，入住后也确实觉得密码门用起来方便、保险，但万万没想到所谓的高科技也会这样“不堪一击”。该小区物业的工作人员向记者表示，这些密码都是防盗门安装时的初始密码，因为小区的入住率还不高，所以为了方便住户装修，清洁人员打扫等，就没有重新设置密码。“如果密码改早了，随着装修的陆续进行，新改的密码同样也存在被泄露的隐患。而且清洁人员也需要一次性记住许多密码，势必会给他们工作增添不少麻烦。但黄先生提出的这个问题，我们也会尽快研究，改进防盗系统，消除安保隐患，让广大业主安心。”,3,4,0.9716947674751282
寻求正确的中国房地产发展路径(组图)8月8日，上海浦东改革与发展研究院房地产经济研究中心主任李战军应邀参加 “发现房地产的陶瓷竞争力”论坛。在专题演讲中，他指出我国房地产业现阶段发展存在“一快、二大、三低、四弱”的特点，即是发展速度快；开发规模、交易规模大；进入门槛、专业化产业化、产业运行素质低；技术创新能力、产业管理能力、资源集约能力、抗风险能力弱。针对这种现状，李战军提出在明确产业目标和政策指导下加快推进住宅产业化步伐，并通过以下六大发展路径指导房地产行业健康发展：第一、坚持市场化商品化为主导的产业发展道路。即优化房地产业运行的外部环境、坚持推进土地制度和住房制度改革、继续实行产业开放的方针大计。第二、用产业化推动我国节地、节材、节能、节水型商品房开发。即通过规划和建筑设计从源头上引导产业集约化和节约化；完善住宅建筑体系，集成和整合建筑成套技术；对商品房采用新材料、新技术、新设备提供政策倾斜；发挥企业在住宅产业化中的主体作用，依靠示范来推进住宅产业化现代化；建立国家和地方两级公共性的新材料、新技术、新设备的认证、推广中心。第三、推动房地产三个层级市场联动发展。将整顿房地产市场秩序的重点放在土地一级交易市场；土地与房屋供应的数量、结构和分布取决于城市功能定位、产业布局、人口增长和市场有效需求；用三级市场的活跃和发展补充二级市场的供应不足，形成新的市场价格定位机制。第四、通过房地产行业内部的良性竞争提高产业集中度。给予不同所有制、不同规模、不同类型的房地产企业相同的土地、金融和税收政策待遇；鼓励开发企业实行跨区域经营，鼓励管理服务企业面向全社会；鼓励具有规模化和品牌优势的企业之间建立战略合作或企业整合。第五、在房地产大市场中形成相对封闭的政策保障住房体制机制。建立政策保障住房和商品住宅的协调发展新格局；政策保障住房覆盖面宜采取先小后大的策略，集中优势资源率先解决双困户的住房问题；政策保障住房是房地产大市场当中的有机组成部分。第六、完善法律法规，规范市场行为，建立我国房地产法律体系。继续完善《土地管理法》、《城市房地产管理法》和《物权法》；尽快制定《房地产法》，将投资开发、租赁交易、服务管理等方面完全纳入到法律规范；努力尽早形成中国特色的房地产法律体系。,3,4,0.8993257284164429
幕后解读 红木家具论斤卖到底谁赚了红酸枝家具109元/斤、紫檀家具399元/斤、黄花梨家具499元/斤……千万别以为这是超市卖菜或是木材厂卖原木头，这是在近日的古典家具展上，一家名叫连天红的家具企业别出心裁地按斤卖成品红木家具的景象。红木家具按斤卖是否是自降身价？按斤卖到底比件卖实惠多少？这种颠覆传统的销售模式不仅在业内引起轩然大波，更吸引了许多钟情红木家具的普通消费者的眼球。 质疑 概念炒作引起消费关注 兵法有云：凡战者，以正合，以奇胜。在当下资源稀缺、竞争激烈的红木家具市场，只有出奇才能制胜。此番福建连天红家具的论斤卖战略，不仅一举打破了传统红木家具市场按件、按套计价的传统，更将红木家具消费由奢侈消费带入平民消费的价格模式。 旧时王谢堂前燕，飞入寻常百姓家。素来身份象征的红木家具现在论斤卖到底会贴近平民还是自降身价？消费者会不会质疑家具的质量和材质？连天红家具相关负责人余发珍告诉记者，长期以来，红木家具按件打折销售，价格昂贵之余利润空间巨大，让许多非专业消费者“丈二和尚摸不着头脑”。而现在倡导实行明码标价，以每种红木原材料的市场价值，加入手工等成本，根据科学合理的定价体系，按公斤定价，消费者用产品重量乘以单价就是售价，可以做到明明白白消费。 记者走访越和花鸟鱼虫世界和吉盛伟邦等广州几个主要红木家具市场，发现这里的红木家具品牌仍是按件计价。如越南酸枝百子图高低床标价8.6万元，小叶紫檀高低床标价48万元，可打8折。据紫檀居导购员陈小姐介绍，连天红按斤卖红木家具的销售模式有概念炒作的性质，消费者到底认不认同还要假以时日才能见分晓。 提醒 暴利行业消费者要货比三家 随着楼市的逐渐回暖，从今年年中开始，红木家具市场重新升温，原材料和成品家具的报价均上涨至2007年水平。据业内人士介绍，国内红木家具价格居高不下，终端利润空间巨大和价格炒作是主要原因。如印度小叶紫檀原材每吨24万元，正常情况1吨紫檀就可以做一只顶香柜，加人工费，成本大约在26万元，但一般该类商品零售价在50万元左右；红酸枝圈椅，正常情况成本在9000元左右，零售价为22000元左右。可见红木家具零售的利润空间的确可观。 那么连天红的按斤计价与按件零售到底有多大的价格差异？以广州人最心水的越南酸枝和印度小叶紫檀为例，记者在该品牌的网站查到，一款小叶紫檀山水高低床，重266kg，按399元/斤的价格计算，价格在22万元左右；而某品牌红木家具专卖店类似的款式价格在30万元左右。但贡品轩红木家具尹先生对此指出，就小叶紫檀家具而言，做红木家具的都熟知，十檀九空，木材耗量很大，因此不能简单地以产品重量来衡量成本；而酸枝方面，连天红的酸枝是老挝酸枝，一般红木品牌的酸枝是越南酸枝，在价格方面不太具有可比性。 不管行业的反响如何，但值得肯定的是，连天红以斤卖红木的模式还是拉近了红木家具与普通消费者的距离，也能拉低市场虚高的整体价格。省家具协会专家指出，消费者在购买红木家具这种奢侈性和具有投资价值的家具产品时，还是应该多方走访比较，选择适合自己消费目的和经济能力的品牌。,3,1,0.921879768371582
"庆国庆迎花博 顺义大众健身赛开赛在喜迎建国六十华诞、花博会顺利举办的特殊日子里，10月6日17点，在顺义区府前西街10号 “庆国庆 迎花博 顺义大众健身赛”正式开赛。本次大赛是由J9俱乐部主办的动感单车赛。顺义区区长出席了开赛仪式并剪彩致辞。大赛共3天，分为晋级赛和决赛。凡单车爱好者均可参赛。本次动感单车大奖赛形式新颖，内容活泼，奖品丰厚，因此报名参加比赛的群众特别踊跃。比赛中，参赛选手上至古稀老人，下至中小学生，大家都热情高涨，活力四射。台上选手倾情投入，台下观众反应热烈，掌声不断，气氛热烈。比赛间穿插了各种表演更是精彩绝伦，关凌、尹相杰等明星前来助阵。动感单车(SPINNING)是一项结合了音乐、视觉效果等独特的充满活力的室内自行车有氧运动，这项起源于美国的运动沾染着浓浓的美国味道，活力四射、热情奔放。近年来成为世界各地最“潮”的时尚运动。作为本次活动的主办方，J9俱乐部为此次比赛设置了丰富的奖品。晋级赛每轮比赛冠军获得携式自行车一辆。决赛冠军获得J9俱乐部提供的1万元大奖,包括5000元现金大奖和5000元会员卡等值储值卡。亚军与季军奖品也非常可观。所有参与比赛的选手均可获赠精美运动水壶一个。主办方J9俱乐部表示，本次活动是集健身休闲、趣味比赛、歌舞娱乐、竞技切磋于一体的大型群众体育活动。他们希望通过动感单车比赛，积极带动市民的参与热情，让每一位市民都能逐渐养成强身健体的意识和习惯。北京J9俱乐部位于顺义，交通便利，内部装修豪华，拥有国际顶级设备。今年由韩国当红建筑设计师历时一年打造的J9俱乐部华丽亮相，J9俱乐部整体采用时下最为前瞻的设计元素与内部应用系统，着力打造北京市娱乐行业集J9量贩KTV、美高美国际俱乐部、商务精英会于一体的娱乐业的新航母，是请客招待、朋友聚会、自娱自乐、放松心情，营造快乐的理想场所。J9量贩KTV由J9俱乐部斥巨资打造。拥有专业音效调节设备，大型包厢配备有低音炮，欢唱起来轻松愉快，为您准备专业歌星的演唱条件。美高美国际俱乐部让你在时尚潮流的旋律中慢摇身体，在浪漫的玫红情调和CLUB的交流中忘我地宣泄和释放情感。J9商务精英会为你在喧嚣都市里构造一个宁静舒适的桃源,高雅大气，私密性好，是商务人群休闲度假、商务会客的首选。J9，志在引领文化娱乐新潮流！",3,6,0.40429559350013733
应对金融危机 消费券能否撬动大买卖“现在是非常时期，要用非常手段。”诺贝尔经济学奖得主克鲁格曼曾经这样说。曾几何时，消费券已成为如今这个非常时期不少企业和机构常用的“非常拉动消费手段”———旅游消费券、购物消费券、购房消费券……铺天盖地而来。广东家居业也顺势而行，金海马、靓家居、苏宁从4月17日开始接受电话预约，联手派发消费券。据统计，截至本周三上午，共有3252张申请被确认，接听电话超过四万个，远超预期。记得在上月举行的家具展上，红苹果、多喜爱等家具厂商也搞了个“亿元家具消费券”活动，80元换购面值100元的消费券；而在差不多时间，红星美凯龙在全国近30个城市发放过亿元的“家居消费券”……一时间，“消费券”也在家居业流行起来，至于成效如何？且看商家、买家怎么说———商家如是说———“那是另一种宣传促销方式”金海马市场总监陆其风说，为了避免炒票，他们三家发放的消费券将采取实名制领取。金海马和苏宁的优惠期将至5月7日截止，靓家居因为企业周年志庆延至6月23日截止。有业界人士表示，此前，其他行业也有企业搞过类似促销方式，从以往战绩看，往往宣传效果大于实际功效；但企业促销净打折也不好，换种新形式也可以，对于消费者来说，只要有实实在在的优惠，什么形式都行。消费者如是说———“有需要、又优惠就买”对于家居企业推出的消费券，不少市民已通过报纸等渠道得知此事。从事汽车行业的徐先生说，这种消费券其实与超市的促销优惠券性质一样，如果自己刚好在下半年有购买家具、家电的需要，若价格超值也可以考虑提前购买。而杜先生则认为，新光百货也推出类似的现金型消费券，买满多少再减多少，而现在这种消费券则有好多限制。买家李小姐却认为：“可以省钱就不错啦，先预定了再说。”,3,1,0.9608500599861145
"建筑畅想生活 五地设计师齐聚建筑文化沙龙近日由广州仰光文化传播有限公司主办的“京沪穗建筑文化沙龙”在佛山举行。当晚星光熠熠，五地优秀青年建筑师首聚一堂。出席本次的嘉宾有中科院建筑设计研究院有限公司总建筑师崔彤、中建国际设计顾问有限公司总经理赵小钧、清华大学建筑设计研究院副总建筑师祁斌、华南理工大学建筑设计研究院副院长孙一民、华南理工大学建筑设计研究院副总建筑师倪阳、中国建筑学会学术部副主任王京、北京市建筑设计研究院高级建筑师柯蕾、湖南大学建筑学院院长魏春雨等建筑大师,还有广州仰光总监马彬先生、AD照明总经理关旭东先生共同出席。本次沙龙由清华大学祁斌主持，主题为京沪穗建筑文化的特色及差异。大家先从每个城市的本土文化说起，纷纷表达了自己的感受和见解。就各地城市建筑雷同的情况下，切入到文化和建筑的关系、各地建筑的差异与趋同，而就城市规划、政策制度、城市发展状态等提出了自己的观点。最后谈到建筑师的工作和生活，还关注了女性建筑师的特质和感想。一番畅谈，道尽了作为建筑师的酸甜苦辣。尽管这个工作有多累，但大家还是坚持着，而支撑大家继续前行的乐趣，就在于苦乐之外工作成就的回馈和满足感。",3,4,0.8429450392723083
开发商贴错户型图 少十平米仅赔两万元四川新闻网成都7月28日讯(武侯法 记者 曾燕伶 实习生 罗紫兰)消费者李女士于2007年购买了成都某商品房，今年初收房时却见房屋面积比当初约定的少了十平米之多。对此，开发商的解释是在购房合同附件中贴错了户型图，而法院则仅判决开发商赔偿两万元。收房时露台消失李女士在诉状中称，她于2007年6月签订购房合同，约定购买成都市武侯区某住宅小区1单元5楼3号住宅，该房面积为80.80平方米，售价339138元。“这套房屋的客厅有一个面积十平米的露台，主卧室有一个飘窗”，李女士指着购房合同附件中所贴的房屋平面图说。今年2月14日，房屋建成交房。李女士在收房时发现房屋的实际构造和面积与合同约定的差异巨大。“客厅的露台和主卧室的飘窗都不见了”，李女士认为，房屋户型和面积的改变严重影响了其使用和居住质量，要求开发商采取补救措施使房屋达到平面图所示效果并赔偿损失六万元。法院判赔两万“李女士购买房屋的奇数层和偶数层构造不同，我们在签订合同时错贴了偶数层房屋的平面图”，房屋开发商承认自己的工作人员存在疏忽，并表示由于偶数层房屋已售罄，无法为李女士调换房屋。“如果这件事给李女士造成了损失，请她拿出损失依据来，我们一定赔”，开发商表示。武侯区法院在审理中查明，李女士所购房屋面积“缩水”的原因确为开发商贴错房屋平面图所致。但由于李女士未提交有关经济损失数额的有效证据，法院酌情认定开发商赔偿两万元为宜。至于李女士提出的改建房屋增加露台及飘窗等要求则因违反我国建筑法等法律法规的规定而未获法院支持。,3,4,0.9860862493515015
引经据典 各界精英共话回潮之风杨熙：今天嘉宾在这里我觉得谈的很有意思的，最开始谈到回潮，讲到怀旧，最后又讲到城市规划等等。我想在最后的时间我想让每位嘉宾用一句话或者说最简单的语言来总结一下，咱们还是紧扣在城市里面的回潮的主题，每个人介绍一下我们对回潮的简练的理解。或者说如果说你希望我们到底需要的是怎么样的一个回潮，或者说叫复兴吧。宫铁军：我真心希望中国的建筑在未来能够找到自己的复兴之路。现在到日本去无论这个建筑什么样的形态，你总能在最后找到日本的感觉。其实是它是靠尺度，靠规划，靠它的一些骨子里的那些东西体现出来的。所以说中国一定能找得到，那么就靠中国这代设计师，相信在未来的十年中国的建筑一定会复兴。陈炜：作为我们家居行业的，我们希望回潮能够真正根据中国传统文化历史以及现代技术的结合能够做到这种新的创新。这是我理解的回潮。孙群：我想感谢的是储社长，我在听你说的时候特别受感动，你说到舞台的东西，实际上这都应该是政府做的事，因为它们不在引导这些，所以导致了你的这些严肃艺术不可能有市场，所以我想如果说我们不要，我们今天在讨论回潮，我们希望在整个这个回潮过程当中，从政府这个角色的回潮不要是被动地发生的，希望它们更多的主动地发生去做一些事情。赵路兴：好几个逗号的一句话，还是讲住宅，大家最近三四年关心的最多的都是住房的价格，房价，去年又有一个比较大的跌，实际这是一个插曲，中国的房地产高速发展是没有问题的，经济持续的发展，中国最大的问题我也赞成大家说的能不能提出一些好的购房产品，特别是节能，环保型的住房产品。所以刚才宫总说我也很感动，我觉得企业家现在想的这个事应该说是非常占主要的事情，中国的第一个十年发展的就是解决有和无的问题，第二个就是节能环保的问题，有这个企业自上而下的发展，从上头强行地推你这个东西，我觉得这个想法很天真，所以弄的自己也很烦恼，因为我们中国东西是自上而下的东西，包括我们节能，税收这些支持，虽然有技术的支持，所以未来的十年应该是非常看好。许力：我觉得我还是激动，最后一句话是这样的，我刚才听完大家说我的感触也算是今天的收尾是多元化这个词不是抄袭和没文化的借口，多元化不能作为抄袭和没文化的借口，技术解决不了任何文化问题，文化只属于精英阶层就那么简单。储兰兰：干净利落。我不敢批判，我只敢表达。我觉得回潮不是回归，因为社会是要变化，是要发展的，是要改革，要紧跟时代，所以我也希望就刚才您(孙群)比较同情，希望社会也好，政府也好，媒体也好能为咱们中国特有的传统文化搭建一个舞台。王?：我接着宫总来说，宫总说我们这代是奉献的一代，我心里一振。我是觉得我们的确是在一个转折期的一代人，但是我觉得这个机遇也是非常好的一个机遇，所以今天大家凑在一起讨论，我觉得我们这代人就像，就美国战后那一代，民权运动哪些人，没有他们的牺牲就没有美国文化的繁荣，我想等我们五十年以后或者三四十年以后我们回首的时候，我们可能觉得我们这代人做的事情其实很有意义的，也许是几个世纪都很难遭遇的时代，我们虽然奉献但是还是幸运。刘达飞：建筑回潮，以人为本。段妍玲：我想今天有很多房地产的精英，所以我想表达一下我自己的，我其实从来不批判，我是非常爱提问的。我觉得房地产商十年的工作肯定要让大家认可的。第二个关于回潮我自己的理解，我觉得又回到刚才宫先生说的很积极而且很乐观，我也希望看到十年之后我们中国有非常好的建筑的项目，建筑师，大人物的出现，我想那个时候至少中国的回潮先把非常显性的中国元素的重新体现能够真的是消化，能够在隐性和气质上的真正的沉淀和理解之后出来的东西，真正的有我们的气质，而不是像今天继续讲风格。杨熙：谢谢大家参与今天的论坛。我想在今天最后的话还是要感谢咱们九朝会给咱们提供这个场地，也感谢各位专家的参与，尤其是代表各个层面的，我想今天有咱们的赵处长，也有宫总，也有批判学者，也有文化人对咱们这个话题进行深入讨论。再次感谢大家的参与。谢谢。 杨熙：今天嘉宾在这里我觉得谈的很有意思的，最开始谈到回潮，讲到怀旧，最后又讲到城市规划等等。我想在最后的时间我想让每位嘉宾用一句话或者说最简单的语言来总结一下，咱们还是紧扣在城市里面的回潮的主题，每个人介绍一下我们对回潮的简练的理解。或者说如果说你希望我们到底需要的是怎么样的一个回潮，或者说叫复兴吧。宫铁军：我真心希望中国的建筑在未来能够找到自己的复兴之路。现在到日本去无论这个建筑什么样的形态，你总能在最后找到日本的感觉。其实是它是靠尺度，靠规划，靠它的一些骨子里的那些东西体现出来的。所以说中国一定能找得到，那么就靠中国这代设计师，相信在未来的十年中国的建筑一定会复兴。陈炜：作为我们家居行业的，我们希望回潮能够真正根据中国传统文化历史以及现代技术的结合能够做到这种新的创新。这是我理解的回潮。孙群：我想感谢的是储社长，我在听你说的时候特别受感动，你说到舞台的东西，实际上这都应该是政府做的事，因为它们不在引导这些，所以导致了你的这些严肃艺术不可能有市场，所以我想如果说我们不要，我们今天在讨论回潮，我们希望在整个这个回潮过程当中，从政府这个角色的回潮不要是被动地发生的，希望它们更多的主动地发生去做一些事情。赵路兴：好几个逗号的一句话，还是讲住宅，大家最近三四年关心的最多的都是住房的价格， 房价，去年又有一个比较大的跌，实际这是一个插曲，中国的房地产高速发展是没有问题的，经济持续的发展，中国最大的问题我也赞成大家说的能不能提出一些好的购房产品，特别是节能，环保型的住房产品。所以刚才宫总说我也很感动，我觉得企业家现在想的这个事应该说是非常占主要的事情，中国的第一个十年发展的就是解决有和无的问题，第二个就是节能环保的问题，有这个企业自上而下的发展，从上头强行地推你这个东西，我觉得这个想法很天真，所以弄的自己也很烦恼，因为我们中国东西是自上而下的东西，包括我们节能，税收这些支持，虽然有技术的支持，所以未来的十年应该是非常看好。许力：我觉得我还是激动，最后一句话是这样的，我刚才听完大家说我的感触也算是今天的收尾是多元化这个词不是抄袭和没文化的借口，多元化不能作为抄袭和没文化的借口，技术解决不了任何文化问题，文化只属于精英阶层就那么简单。储兰兰：干净利落。我不敢批判，我只敢表达。我觉得回潮不是回归，因为社会是要变化，是要发展的，是要改革，要紧跟时代，所以我也希望就刚才您(孙群)比较同情，希望社会也好，政府也好，媒体也好能为咱们中国特有的传统文化搭建一个舞台。王?：我接着宫总来说，宫总说我们这代是奉献的一代，我心里一振。我是觉得我们的确是在一个转折期的一代人，但是我觉得这个机遇也是非常好的一个机遇，所以今天大家凑在一起讨论，我觉得我们这代人就像，就美国战后那一代，民权运动哪些人，没有他们的牺牲就没有美国文化的繁荣，我想等我们五十年以后或者三四十年以后我们回首的时候，我们可能觉得我们这代人做的事情其实很有意义的，也许是几个世纪都很难遭遇的时代，我们虽然奉献但是还是幸运。刘达飞：建筑回潮，以人为本。段妍玲：我想今天有很多房地产的精英，所以我想表达一下我自己的，我其实从来不批判，我是非常爱提问的。我觉得房地产商十年的工作肯定要让大家认可的。第二个关于回潮我自己的理解，我觉得又回到刚才宫先生说的很积极而且很乐观，我也希望看到十年之后我们中国有非常好的建筑的项目，建筑师，大人物的出现，我想那个时候至少中国的回潮先把非常显性的中国元素的重新体现能够真的是消化，能够在隐性和气质上的真正的沉淀和理解之后出来的东西，真正的有我们的气质，而不是像今天继续讲风格。杨熙：谢谢大家参与今天的论坛。我想在今天最后的话还是要感谢咱们九朝会给咱们提供这个场地，也感谢各位专家的参与，尤其是代表各个层面的，我想今天有咱们的赵处长，也有宫总，也有批判学者，也有文化人对咱们这个话题进行深入讨论。再次感谢大家的参与。谢谢。,3,4,0.9543513655662537
张克斌：广营地区政府愿为所有的企业家们服务主持人：谢谢张区长，朝阳区一定是非常的有吸引力的，在上个月北京电视台正式搬迁到朝阳区了，接下来让我们有请朝阳区来广营地区工委张克斌致辞！张克斌：各位领导、各位嘉宾，各位朋友大家上午好，今天我们在这里举行红星美凯龙家居广场的开业庆典，是我们来广营地区经济发展的大事，在此我代表来广营党委政府对红星美凯龙家居广场的开业表示热烈的祝贺。向参加今天开业庆典的各位来宾、各位朋友表示诚挚的感谢！近年来来广营乡一直致力于优化产业结构，发展环境，服务企业发展，努力为辖区企业营造良好的发展空间和和谐的氛围，红星美凯龙经过22年的发展，已经成为以家居贸易为代表的现代连锁服务业，成为中国家具流通业的第一品牌，产品涵盖家居、建材、装饰等领域，红星美凯龙北五环店的开业，必将改进京城家具业的布局，同时金融危机蔓延的情况下，促进我地区全面保增长，保稳定的目标，并对该地区的经济有一定的刺激作用，我们相信红星美凯龙家居广场的开业，一定会给广大的顾客带来优质的商品，优良的服务，为当地的经济注入新的活力，为来广营地区的发展作出新的贡献，作为党委政府，我们愿意为包括红星美凯龙在内的所有的企业家们服务，为广大的纳税人服务，为企业的发展创造一个良好的经营环境和社会氛围，衷心的祝愿红星美凯龙开业大吉，生意兴隆，也祝广大的劳动者节日快乐。,3,4,0.672469437122345
张宝贵：结缘混凝土融入建筑设计主持人：谢谢Maria Belen Mendizabal女士，他从不同的国家和不同的文化给我们诠释了一个和谐的城市所必要的一些基本的理念。今天我们将邀请最后一位为我们做演讲的嘉宾，他是北京宝贵石艺科技有限公司总经理张宝贵先生，今天演讲的题目是结缘混凝土融入建筑中，大家欢迎一下。张宝贵：在非常尴尬的时间，我一定在规定的时间内尽量把语速加快。非常感谢组委会也感谢各位到会的嘉宾，非常抱歉的还要占用你们一点时间。我是从一个边缘话题，实际上是皮毛的事情说起。因为我们试图为建筑穿衣服，当然能不能穿好我抛出一些案例跟建筑师的思考，包括我们的一些体会，不一定说的得当，真的是抛砖引玉。刚才齐总讲话非常美，真的犹如诗篇一样，这不仅仅是建筑的概念，这是一种智慧，一种思维。我不是学建筑的，我是给建筑师提供材料的。我想如果最终我们的创造像诗一样的美，其实刚才上述很多领导和专家发言很精彩，就真的像戏班人讲的好梦成真。我们所说的有在苍天的眼中都是无，我借助这样的画面，不管是建筑师的建筑设计，我们作为材料供应商的材料供应，我们如何去理解创造之美。这是霍金混合中的宇宙，我们可以微观的看，也可以宏观的看。实际上这可以是具体的画，也可以是抽象的画，可以用自然的眼光看我们漠视的景观，包括这样雕塑经常有人讲它的美学，讲历史学，其实我也在猜测，因为大家不生活在三万年前，都是猜，我也猜一次，还是因为生存的原因。在当下什么是重要的要生存的呢，其实我们做这件事22年做壮制混凝土就是两个字，就是活命。这里面要阐述桩制混凝土，我1987年回到北京带着一帮老百姓为了生存搞起了装饰混凝土，既然为了生存就不得不研究建筑的需要，建筑师的需要，前不久崔恺知道我出这本新画册，今天他没有到会，他写了一段短话，其实最后他所说宝贵的再造艺术特色正缝之时，这可能和我们的大背景有关系。这讲的是将近二十年前已经做古的一些建筑师，因为一开始没有想到我们能为建筑服务。后来二十年前的全国第一次装饰混凝土研讨会，我就大着胆子上台讲装饰性混凝土，当然今天也是撞着胆子，我们是边缘人物，也希望抛砖引玉，也希望能找到一些活干，这是我跟清华老师在印度。我旁边是齐欣齐总，这是在十几年前四十位所谓青年建筑师，在今天已经都不年轻了，什么意思呢？下面我会讲最早房房展和如果不像势头就不用。第二不能光看钱要走对路，黄贵一开始说他们像裁缝，我们提供的东西像布料，布料好他们就用。其实还有很多这样的边缘故事来自方方面面，回归方方面面。我的体会是什么呢？文化是穿越时间，文化是一个边缘学科的技术集成，文化是活的，文化是长起来的，今天更多的是讲建筑文化，建材文化，舞蹈、音乐都是文化，这是文化的表象，虽然很重要。文化的核心是人的精神状态，有什么样的精神状态它就会有什么样的创造能力，他就会产生什么样的活动和什么样的作品。所以千头万绪一切是因为人而发生的，一切是为人所服务，所想象的，所以刚开始宋部长就讲到这个话题，齐欣、崔彤都讲了这个话题，这是我们20年做的历史博物馆，今天能成功就两个字便宜，除了便宜没有地个诀窍，所谓技术和其他东西都有，我们用今天技术挣未来的钱就必败无疑，我们讲市场经济，市场经济是什么，市场经济就是适合的报价，不然的话没有人买单。就像我们到餐馆吃饭一样。这是在1989年动乱时期，让我们做的历史博物馆，混凝土可以做初始投质感，混凝土一开始就能满足建筑的需要。比如说这样的东西，其实是不是镀铜，是不是贴金，这有多贵都不重要，这为建筑提供了一种可能新，因为混凝土不姓张，混凝土姓建材，只是我们找到了建材和建筑的切合点，我们就找到了生存之路，我们可以叫做艺术，我们可以叫做文化，我们可以叫做创新，我们可以叫做环保。关键就是我们能找到这条路吗？这是首都机场浑天仪，没有以为他是混凝土做的，都以为是铜的，22年来我们建了田园，有人说这跟你有什么关系，因为我们今天讲的是什么呢？种子项目，如果种子项目没有好的环境，种子怎么开花结果。这里面我们想给大家提供混凝和和G2C结合起来，变轻变薄了。安德鲁在04年2月20日到昌平找到我们说能不能做这个，我们其实也不能做，没有做过，但是我们告诉人家能做，我们就把自己给绑架了。用了600天搞研发，其实刚才很多建筑师讲，刚才宋部长也在讲，讲特质，讲一种创新。我们有时候能不能把自己绑架，这是成功很重要因素。这是安德鲁在我们公司，安德鲁跟我们的员工，这是做完吊顶，这只有24小米，一共是100多吨，164块，实际上我们做完这个项目赔了100多万，刚才赵总讲做水立方体会，其实很多报纸讲我们是失败的商人，成功的艺术家，其实是失败和成功都不重要，关键是这项技术是不是前进了，这个技术作为G2C技术以什么样的品质出现的。所以今天上午一些电视台还采访我，说人家做买卖都挣钱，你做买卖赔钱，20多年花了这么多钱搞研发你是怎么想的，你的经营目标是什么。我们可以上小学，我们可以读研究生，上小学和读研究生所投入的费用是不一样的，只要你心中真有目标，你为你的目标去破费别人怎么说都不重要，关键是能不能把自己的目标实现，这是安德鲁写的文章，我们下面要给大家汇报的是我们在展会有十四个展位。感谢组委会给我们提供这么好机会，上午领导也去了。我实际上讲了几个观点，我们能不能为建筑服务的时候借景，借场，借气，这是相得益彰，建筑推广新材料的时候也借一点气，因为材料上有气，材料是活的，这里本没有高低上下之分，就像一个音符，好的作曲家会创造出畅快淋漓传世的作品，衣服本身没有意义，关键在于作曲者，材料本身都是死的，关键在于建筑师能不能让它活了。刚才我讲齐欣很多想法非常好，材料在那儿，便宜的，环保的，美观的，好制作的，好安装的，前天我见到周凯，他说张总我们现在做高层的时候遇到一个问题，我们把石材、玻璃幕墙做遍了，如果这个材料很轻，很薄，很结实还便宜不可想象未来将是什么，未来是什么？因为未来都是一个问号，关键就是建筑跟建材能不能真的成为同盟军。我说的是下面有很多案例，装饰混凝土一定是实践产物，市场混换的产物，当然市场里面排头兵是建筑师，规划家，这是很早以前，五年前清华让我们做这样的样板，他们校长到我们公司去，说要为国争光，因为国外有了中国没有，一个混凝土挂板，跟爱国产生联系。让我们心里发热，谁还跟爱国产生联系，混凝土居然跟爱国两个字产生联系了，我们真的以为自己爱国了，所以坚持了五年，这是很多专家，徐会长、曹院长帮助解疑，这一定是社会协作的产物。单独的建筑设计和建材研究一定很难快速发展，这必须结婚才能生小孩。如果同性繁殖即便有梦也不会梦想成真。当初请了60多位专家，有不同意见，但是奠定了这个基础。我讲这个是发现一种简易方法，现在叫做风格，后来我发现所有的风格都是因为历史的局限，不信大家就排着队去数，技术的局限，经济的局限，观念的局限，社会的局限逼出一种方法这叫风格，以后我们把风格当做标准，社会不必破你了，风格就一定会发生转移。我们提出的在当下因为节能减排，因为环保能不能把挂版做薄，因为现在不打仗了，不要穿铠甲了，能不能把十公分厚板变成一、两公分，当代科技答复是可能的，因为现在边缘技术发展异常，G2C的技术，只要我们能把所有的边缘技术呼唤到一起，像刚才崔彤讲的技术集成，我们很多问题很好解决。我这里讲技术方法，没有现在环保话题发热，用假石头做环保，然后给企业免税，这就更好接单了。因为我们的记忆是把楼板立起来挂在墙上，我们记忆就是钢筋混凝土，很多建筑师问你这里有钢筋吗，其实现在的G2C不做钢筋，因为不走火车和人，就把板做起来像幕墙，他只管自己风来了可以动，地震来了有刚架动，因为不过是装饰而已，真的像女人的丝绸而已。其实我们何必把桥梁力增加到墙上呢，我想建筑一定不是建筑单纯话题，建筑一定是跨学科话题。这几次看到崔恺，见到王晖都为我出这本小画册，20年朋友能不能写几句话，我自己说显得太武断，你们说权威，目的是干什么呢？想推出新的材料跟建筑产生同盟作用。上面混凝土板、沙石、辅料，加钢筋叫钢筋混凝土非常结实但是非常重，下面是纤维混凝土，这个很便宜，很薄，我上午向宋部长做汇报，组委会今年亮点是什么，我说是做薄。我跟有的领导讲这次推出要薄，因为边缘技术有人做纤维，有人提供G2C水泥，这种技术可以做薄我能把薄板提供给建筑师，我觉得像齐欣讲的很多东西非常好实现。赵总讲的海边海港东西，现在很多制膜技术、工装条件，现在很多特殊软件能够实现很多东西，背后是用钢架。大家能看到钢架看不能板，板这时候是一张皮。我自认为建筑需要的东西你们要吗，你们能要的东西甲方觉得没有用是另外一回事，你让我们研发我们立马研发，花多少钱总比做广告要核算，切中建筑师脉搏我们要走很多弯路，这是最开始做的板拉到火车站。到今天来讲也不是说没有瑕疵，新产品一定有瑕疵，但是大家提供一个环境，其实实现了他们设计的愿望。这是孟良崮博物馆，上面还有子弹壳。这是李农写的一段话，他几年前寻找一种面料，他说什么呢？安装的过程使我们几方认识到U型板材对精度要求，反复试挂之后，如我想象之中简洁而又精神小建筑落成了，4.2米落地长状和钢挂板，低价位，今年很多领导问为什么这么低，不是我想低，高了没有人买，我先低把研发费赚出来，不赔就是赚，少赔还是赚，因为这样我们出钱了。我提供的经验是什么呢？希望我们同行，因为跟建筑界熟，其实建筑师勇敢一点，渴望一点，跟宋部长报告讲的一样，很多东西我们伺候建筑师，建筑师勇敢用一些新东西担一些风险，明天很多设计都能变成现实，这关键是谁来先担风险，担了风险败了烈士，成了就是勇士。谁担风险谁成谁就出名了，就这么简单。任何理论不如付诸实践，传统的混凝土用钢筋增强，我们后来发现用纤维增强能满足建筑需要，这是庄惟敏柔道馆，他写了很长一段话，都是在2号到4号之间提供的，十几位建筑师那么忙也没有这么抓拍的，马上要印，没有想告诉我人造的东西是什么样一个东西，该怎么人造，他最后一句话在不久的将来它会给我们的设计带来更多的惊喜，他讲的是人造的板，是讲宏观的产业。我们也有义务为人造石材的发展做一点我们应该做的事情，其实我很感动，建筑师应该做什么我想肯定庄惟敏有很多感慨，这是我们公司样板没有办法拉，只有五公分厚，背后是钢架，这可以镀铜，我们这次拿了很多样板，我们对同行也是抛砖引玉，同行很多经验也在被我们学习。这个是树皮，0.3毫米，这是最近澳大利亚可以参照的制作安装的规范，这是我们引用的一些标准和规范。大家经常问的标准，新产品有时候不能有标准，四年了还没有批呢，我们只能引用一些国内或者国际的或者欧洲的标准。这是行业内部的标准，我们企业的标准，所谓的专利，创新大奖。这是张华的一篇文章，据说这是十几亿在国际上最久远的一个古化石的地方，因为老百姓房子是这样，他就做这样挂板。实际上王辉写了这样一段话，他说宝贵石艺所开拓预制混凝土挂版技术具有不可抄袭和难以超越的核心秘密，张宝贵先生注入到这门工艺中的热情和远见。关键这两年能不能别逃跑，以后会大把钞票来。我们今天看似技术的话题都是一个概念的原因，都是一个心态的原因，谈心态易，改心态难。他对个人，个人对艺术的执着，对设计的热诚，以及在推广这门技术过程感动了所有人的个人魅力，将混凝土点石成金的根本原因。那天说写什么呢？我说写什么都行，因为你们做了。这是一个破论的山体，用生态修复的方法，也是这个挂板。这是宋部长讲的长春市长拿不准用不用，宋部长说这个东西轻，还是用吧，按完以后据说长春市长给领导打报告说比想象的好，因为当时没有用过，怕出事，新东西不用是对的，人家怕你出事，用了如果不出事就真的对了，关键是没出事。现在作为我们材料供应商能不能想尽办法让它别出事，哪怕赔钱。我们公司走到今天其实经济发展很慢，老赔钱，本事小老犯错，犯错想在里面纠正，自己悄悄把毛病解决在企业内部，所以人都说你不会管，你是笨蛋，你不会挣钱，我说如果活不出事，我可有资格在这说话，我在上面吹牛底下活出事了，下次估计不让我说了，估计没有人听这个事了。大型挂板在张宝贵可以成为建筑艺术品，因为我叫张宝贵，实在宝贵，其实建筑师给我们加了一个担子，这样干活更得好好干，更不能出问题。我们鼓励建筑师，建筑师鼓励我们，我们造成相互鼓励，其实就是相互背上了一个责任的意识。如果我们相互排斥，我们中间就可以都不去研究和负责，这样的板远看是土，近看是土，原来是混凝土，这是前人的语言，我们只是抄来了。因为我在山西插队20年，我打过夯。最早宋部长讲文化是什么，我觉得在山西像醋缸泡我20年不酸都不行。这是前不久郭坤设计的水泥的镀铜，这是样品。前不久崔恺和张南设计的赵王城，下面是石头，上面想用水泥做，这实际上是赵国时期的文样。这是辛亥革命博物馆，我说能不能把模具支在外墙，因为后面辛亥革命100周年，如果能做出整个效果多好啊，当然大家思想没有统一，觉得做出来不是那个东西呢？可是横着树着开缝肯定不是整石头。这是重庆自然博物馆，他要做成树包石，石包树，后来我们发现建筑真的越来越活跃，我们作为一种供应商能不能简单的供应变成一种研发制造商，我们就可能找到更多的发言权。韩觉北说的给大家念一下，他在这里面有几点，这是其中一点，装饰挂板表面造型独特，能满足不同建筑风格，装饰挂板表面造型各异，安装时比较正确选用定位、装饰挂板安装时必须选用机械方法调整，单块挂件必须自成体系，这是他做大唐当中的体会，很多安装公司安装的时候遇到很多麻烦，他在这里面做了一些调整，这是他的一些安装图，节点图，这是安完的效果。从某种角度来看社会的丰富很大程度是有色彩所决定，时至今日建筑领域里的建筑材料千篇一律，单调乏味面貌依然如故，钢筋混凝土简单使用带来同质化问题，促使现代建筑的生长犹如麦田，张宝贵是这片麦田里面的诗人，记得一个秋季配北京朋友在京郊小厂第一次见到他，宝贵是农民敦厚纯朴，对待我们向一个归家兄弟，第一次看他的产品令我惊异的不是混凝土制品，而是博物馆，全部由混凝土制作，我走过全世界很多博物馆，但还不曾见过这样一个由农民艺术家，农民企业家独资创作，由混凝土材料完成所有作品的个人博物馆。当然这个个人夸张了，我有200多人帮助我做。张宝贵像一个混凝土诗人，那段时间我正在为选择西安大唐及丝绸之路博物馆面料范畴，宝贵作品给了我很多启示，我边画草图与他讨论新博物馆材料想法，宝贵收起我的草图说刘教授我试试看，两周以后发几张图片，我高兴的看到想法变成现实，经过几次调整一种从来没有过材料出现了当混凝土挂板在长安成功时，我好象看到丝绸之路驼队出现了。我那天发短信，看来建筑师不但会做图，还会写文章，其实这些东西是共同在摸索一种东西，我最后的结束有两段，如果把艺术比喻为树，夸张树冠，忽略树根会倒，22年来亲历亲为这是生活，这是经历，这是示范，这是学习，不习惯定位所犯的都是小树，树向上长，根向下扎，一天一天长大，中国日报记者很多年前给协调过一篇文章，拒绝收获并非刻意，只是不愿意收获时把什么都扔了。多少年来每当宝贵有所进步，有所发展，就能及时得到专家领导和方方面面的鼓励和帮助，特别是近几年来我们用循环经济的方法做装饰混凝土轻型挂板，由于缺少经验和条件总要预见重重困难，每当发生细微变化，大家用发展的眼光看本质，把我们夸的心里发热，每过一段时间就有新的设计和产品拿到展览会上来，向大家展示，向大家汇报，从而得到新的鼓励，新的市场。我们喜欢想入非非，别出心裁，不管如何天花乱坠，终能脚踏实地一是一，二是二，心在天而脚在地，我们喜欢创新，喜欢研究，经常碰钉子，经常被诱惑，被批评，被建设，终能按自己最初想法走下来逐渐成了风格，认准了事情不动摇，有想法容易，坚持下来难，始于创新，成于坚持。这是我们下一步的工业化，前不久见周凯，我们在学习别人的经验，跟周凯有过交谈之后，他认为应该向高层发展，一百米，二百米，他马上要设计做市场工作，不但有意义而且可行，如果规划设计研发应用施工可以协调起来，也许在不久的将来装饰混凝土轻型挂板可以在当代建筑外墙发挥重要的作用。装饰混凝土自有其传统，关键在前人基础上如何创新，如何发挥新材料，新工艺的特点，使之在文化创意和循环经济相荣的领域中有所发现，有所发展。我们有八个关键词，建筑、雕塑、商业、环保、农民、工艺、材料、创新，别人是一个点创业，我们是八个点非专业，边缘化，我22年前圈了一块地，后来才发现这叫万亩良田，22年我们在圈地，我们的边缘化行为实际上是边缘学科相荣，构筑可持续发展空间，一位大学生说你们是不是把企业当艺术来搞，有如天使在点播。22年说着自己的话，似乎把梦实现，看似虚，实则实，虚实之间自由自在，把美传给人间不亦乐乎。谢谢。主持人：谢谢张宝贵先生，张宝贵先生用精彩的演讲为我们今天的论坛画上一个完美的句号。今天一共有六位嘉宾为我们做了精彩的学术演讲，既有对建国六十年来中国建筑创作回顾和总结，又有在建筑设计理论和实践中的探索，还有像张宝贵先生这样对建筑创作给于密切配合，并在建筑材料创作中不断追求的企业家，相信他们的演讲一定会对各位参会代表留下深刻的印象，并会推动我国建筑创作不断繁荣和发展，我再一次代表大会组委会对各位专家的精彩演讲，对各位代表的积极参与表示衷心的感谢，谢谢大家！今天的论坛到此结束，谢谢。,3,4,0.6061482429504395
张永龙：房地产行业复苏 家具行业会随之复苏主持人：谢谢李总，我想请教一下远东的张总。张永龙：像我们做的是东南亚的直属花梨为主，经过危机之后，我想他们的不管是花梨还是紫檀都会好起来的，现在的房产在上涨，房产上涨家具就应该会好起来。我们也是以直属花梨为主，其他的木头并不多。主持人：像这个直属花梨，你们定位的消费者是什么样的人群？张永龙：像我们上海80%是以花梨木为主，到北京来，高档的材料，紫檀、花梨木很少，我们的款式是中西合并，年轻人比较喜欢。主持人：像浅色是什么？张永龙：就是现在木头的本色。主持人：那么说我们的定位是针对年轻人的还是其他的？张永龙：年轻人如果喜欢花梨的可以到我们那里选择，这个是可以的。不喜欢你这个东西的进来之后马上就走了，有的人知道这家卖花梨的，就可以专门来逛。主持人：我们专门做红木的产品，在设计上有什么跟其他的有区别？张永龙：我们不做古典了，是以宿舍为主。主持人：以家里用为主？张永龙：对。,3,4,0.5294802188873291
张钧：2010年在纠结中发展     张钧：我想是这样的，现在我也前卫一把，网络有一个新名词“纠结”。这种纠结是怎么一回事呢实际上就是我中有你，你中有我，有合作，有竞争，这种分化和发展先不可预知，也出于生存的考虑做一些变化，以后这样的变化还会多，这种创新、发展，这种纠结恐怕会越来越严重，这个是不可避免的，但是更多的过程中，大家应该公平竞争，然后充分给广大消费者提供性价比最高的产品。另外还有一个，我也在想，应该做好自己最擅长的部分，不能无限扩大自己的领域和范围，因为你的领域一旦扩大很多，你的合作、朋友就少了，竞争就很多，我买了一个厨柜，马上其他和我合作的厨柜就会有很多的想法和问题，金鹰艾格的老板问我地板的问题做了吗，我说没有做，我觉得还是做好自己的强项和专长，多以合作和共赢探讨，在新的经济形势下寻求新的点，这是我们方方面面共同面对和探讨的。    张福才：我还是觉得北京的京味家具发展越来越大，大家应该团结起来一致对外，尽快的把北京的京味家具做到全国，让全国的大卖场、主流卖场都有北京的家具生产厂家大的地盘。       刘春杰：我觉得是要一致对外，家居行业大行业，小规模，实际上这两年有很多的小品牌进入红星美凯龙这样的卖场，然后迅速的进入到全国，这对我们行业是很好的事情，家居行业共同面对的问题是诚信，大家都在谈环保，消费者关心的问题，实际上还是因为之前的信用危机造成的后果，大家在这么好的市场情况下，一个是练好内功，另外一个是可以对自己做出的承诺有一个保障，无论我们的价格体系，小到价格，大到产品品质的问题，如果都可以做到比较好的起点或者标准，那么我想家具行业的发展必然会有非常大的空间，网络应该可以很好的解决销售的问题，现在我必须要亲手的看到这个产品，才知道这个产品是真的还是假的。       主持人 李燕玲：刚才刘总说到一个家居产品的非标准化，家居产品的个性化导致了对行业的依赖，这种合作关系还是非常有必要的。       赵崇联：现在我们做的没有那么大，现在作为企业首先把自己定位做好了，做一个产品，首先要想到对老百姓服务，也是对自己服务，坚持这个观点之后，我想同行之前相互交流、学习，才可以把自己的产品不断的提升、进步，返回来会得到更多的用户的喜爱，同行之前更多的交流是比较好的，作为上下游来讲，一个产品应该有上游和下游，应该搞好利益关系，我想企业发展起来会有更多的朋友，多一点朋友更好一些。       主持人 李燕玲：赵总作为上游材料的提供商，应该说没有更多的间接的竞争对手，都是直接的竞争对手。       袁树林：我觉得这个问题应该从另外一个角度来看，不管是渠道也好，还是单店的销售也好，产品和服务也好，不管是在座的各位企业的老总，或者说任何一个家具行业的老总，都应该有一个概念，我们在整个客户满意的前提下，怎么样能够真正的让自己的产品品质上来，这是最关键的，包括刚才很多老总说的不良竞争，可能不单单是价格，在纵向或者横向上沟通交流，我认为有很多的机会，刚才说了利益环节，渠道环节做更多的沟通，因为每个企业和每个产品的特性不一样，刚赵总说了，我们个性服务，高端客户服务非常强，这个都是需要和大家探讨的。       温世权：我就一句话，希望明年北京多一些竞争对话，大家在良性平台上竞争。       钟红文：通过去年一年的拼搏，今年比较疲惫，我的孩子在清华附中，我看他考进去的时候还不错，前一段时间46名学生排名40名，最近两个月我抓了一下排到全班前4名，09年我又充分的授权，我要回归家庭多一点，谢谢！       乔印军：我想说三句话，卖场是我们永远离不开的舞台，对手永远是我们的竞争伙伴，永远以乐观向上的心态引导我们的行动，谢谢大家！谢谢新浪！       主持人 李燕玲：我们这场论坛就到这里结束了，我非常感谢大家激烈的讨论，后续我们会对一些热点的话题进行追踪、报道。,3,5,0.6141660809516907
当现代邂逅古典 圣象康树新古典系列新古典总给人怀幽思远、静水流深的感觉。外在的深沉大气而细节上的精工细雕，再加上新颖的组装拼接方式着实令人称奇。此外，更是凝结了历代工艺的智慧和心血，蕴含精神文化的精髓，让不少名人雅士趋之若鹜。新古典系列具备了古典与现代的双重审美效果，用现代的艺术材质还原古典的气质，完美的结合让人们在享受物质文明的同时得到了精神上的慰藉。圣象康树09新古典系列，不但性价比很高，而且款式雅致，对于一些装修不打算花很多钱但是讲究艺术品位的消费者来说，这些产品无疑是首选之列。新古典系列创新地将强韧的合成材料作为中间层，全新三层结构设计，保持了实木表层的天然质感与美丽纹理，带来更出色的稳定耐久性能。出色的性价比，时尚品位的装饰效果，无论商业空间还是家居应用，都能带来耳目一新的动人效果。凹凸表面与纵横纹理，仿佛俯瞰亚马逊平原，既有大气豪迈般的磅礴气势，又透出一丝玛雅文明的古朴神秘。精湛的手工处理，如同玛雅能工巧匠亲自雕刻。淡雅色彩与现代家装相搭配，体现与众不同的时尚品味。此款产品最大的特点就是那精美绝伦的拉丝效果，鲜明而又个性。木纹瀑布一般飞流直下，磅礴气势让人叹为观止，如同置身尼亚加拉瀑布之前，感受大自然的神来之笔。精致的花纹总是在悄然诉说那关于美丽的传说！让你永远爱上驻足地板的感觉！,3,6,0.8078601360321045
德国可耐福集团为建筑节能改造献策(2009年5月21日 )目前，建筑耗能已与工业耗能、交通耗能并列成为我国能源消耗的三大“耗能大户”。根据测算，如果不采取有力措施，到2020年中国建筑能耗将是现在的3倍以上。在这一方面，德国可耐福公司通过独创性的研究，为我们提供了一条具体可实施的道路。在德国总部伊普霍芬，可耐福集团代表为巴伐利亚州的建筑节能改造工程提供了一项有效方案。该方案可对房屋的墙壁和屋顶进行隔热处理，并安装绝缘玻璃窗，配备现代化供暖设备且通过通风系统回收利用能源等等。它不仅针对幼儿园、学校以及政府办公大楼等公共建筑，还包括城镇居民建筑。根据德国联邦政府的经济一揽子方案，在未来的几年内，公共设施类建筑将成为节能型改造的首要对象。利用国家和巴伐利亚州提供的资金，医院、高校等设施的节能改造将使能源的消耗减至1/3，甚至1/10。节约能源的同时，人类的居住环境也得到很大改善。,3,4,0.6480053663253784
德国归来话设计：对环保的追问和反思日期：2009年8月9日时间：下午4:00——7:00(研讨会4:00-6:00，酒会：6:00-7:00)地点：当代MOMA百老汇电影中心环保今天似乎成了一个老生常谈的话题。绿色标签被用到有些泛滥的时候，人们对这两个字背后的内涵到底认知多少，依然是个问号。 带着这一问题，ABITARE中国造访了国际建筑设计行业的先锋国度之一，德国。“妍玲设计行”策划与主持人段妍玲女士以独特的个人视角深入德国环保 “硅谷”弗莱堡和大众等德国绿色环保标志型城市和企业，在形而上的高度，揭示了德国人对环保的理解和实践。 由意大利ABITARE杂志中国杂志社主办的“大设计战略对话A-TALK”系列活动之二——“德国归来话设计”中，来自设计界和主流媒体的朋友一起齐聚当代MOMA百老汇电影中心，掀起了一场头脑风暴。邀请建筑师、品牌战略专家和绿色生活的先行者们一起，将环保的探讨细化到城市、品牌和绿色个人三个层面，在对环保的追问和反思中给出自己的真知灼见。图为德国环保理念环节1. 城市课题启示：《妍玲设计行-德国第一绿色城市弗莱堡》在德国的环保“硅谷”弗莱堡，我们切身感受了一个提前进入绿色时代的城市：这个人类生活的能耗降到全世界最低点的城市在节能减排的基础上，带给我们更重要的启示在于它开放的城市空间，不仅消除了人与环境的隔阂，也消除了城市居民心理空间的隔阂，营造出和谐共生的城市氛围，绿色环保的理解从物质层面推向了更为深刻的社会心理层面。论坛：暴富城市的包袱和包袱由著名建筑评论家方振宁主持，国内著名建筑师李虎，绿色设计师联盟代表Ryan Dick和都市实践建筑顾问吴文一展开激烈讨论，在如何将真正的环保意识推广给中国的城市建筑领域各有卓见，谋求通过与政府、企业和媒体的通力合作，共同构建真正的绿色城市成为这几位建筑师的公识和未来努力方向。就中国一、二线城市的不同发展现状，各位论坛嘉宾也以实例给出深刻行家见解和分析。,3,5,0.9969045519828796
感受秋冬家装设计潮流 流行风潮难挡个性张扬无论流行风如何强劲，家居装饰中小众的个性有着挡不住的光芒。也正是个性消费的盛行，才让家居设计常换常新，永无思想底线。今年秋冬，无论是浓情怀旧、自然恬淡，还是叛逆出位，尝鲜的设计总能带来个性拥戴者。朴实怀旧地中海风地中海的阳光、海滩和错落起伏的风情建筑，是每一个留足的过客所恋恋不舍和难以忘怀的生活体验。走在蜿蜒的石砌小道，抚摸着斑驳的灰岩古墙。这里没有尘世的喧嚣，只有惬意的静谧。地中海是每一位热爱自然、厌倦喧嚣生活的都市人所梦想的地方。无论是硅藻泥的原始状态，还是瑞宝“纯”系列壁纸设计，都真实表达了地中海风自然纯朴的怀旧情绪。灰岩墙纹路以及被海风侵蚀过的带有斑痕的石墙纹路，体现出纯朴、自由、豪爽、奔放的性情，玫瑰花与卷草组合的田园气息，引起人们对美好时光的回忆。自然恬淡美式英伦调在美国，家庭成员间的相互交流十分频繁，注重私密空间与开放空间的相互区分，重视家具和日常用品的实用和坚固。美国的家居风格完全是拿来主义，不仅能窥见欧洲各国家具的影子，超舒适美式田园风格中也有“英伦格调”的影子。家具选材也十分广泛：实木、印花布、手工纺织的尼料、麻。其设计灵感来源于轻松的乡村风格，且捕捉到了田园设计的灵魂。淡雅的色彩，简洁的线条，都体现了融合、自由、舒适、不墨守成规和对人性化的追求。新鲜出位摇滚风格骷髅头、金属装饰、五星图案等，这些年轻人服饰中常见的元素被设计师运用到沙发的设计中。在依诺维绅的新款REBEL(“叛逆”)系列的设计中，金属感面料，五星、篮球、骷髅头图案，金属拉链配饰等，无不表现80后和90后年轻人的时尚感觉。丝绸、亚麻、纯毛、真皮及金属闪光面料都运用在沙发的设计中。据介绍，REBEL系列的设计语言是“走自己的路”，主要的是为了满足现在14岁到21岁之间年轻人的个性需求，同时推出DIY理念，让年轻人选择自己喜欢的、独一无二的家具，以彰显他们独特的个性。,3,6,0.8146271705627441
成品小户型家具种类少购买难 未来前景被看好“90/70”房地产政策出台后，北京楼市小户型项目数量明显增多，其中以40—70平方米的零居或一居最为典型。再加上小户型面积小、总价低，成了多数工薪阶层与年轻人购房的首选。多功能、可变形、小尺寸的小户型家具市场需求随之增大，但是市场可供消费者选择的小户型家具却没有多少。记者发现，不少购买了小户型的业主在买家具的时候有些犯难。小户型业主买家具难近日，有读者小张向记者诉苦，他家是60平方米的小户型，刚做完基础装修。由于房子不大，对家具的尺寸大小、收纳功能要求比较高。同时业主又是一位追求时尚的年轻人，他希望家中的家具能够个性一点。带着这些需求，他在各大家具卖场逛了几圈，最终却一无所获。“现在的沙发、床都太大了，难道就没有专门为小户型设计的家具吗?20平方米不到的客厅里，要是摆上一套沙发，就没剩多少空间了。”小张在逛完各大家具卖场后发出了这样的感慨。小户型买家具究竟有多难?带着这个疑问，记者到北京多个大型家具卖场进行了实地走访。记者在一家占地近百平方米的沙发专卖店看到，7套沙发样品就占了这家店面的3/4，而且是“321”成套出售，仅摆放一套沙发占地面积就在10平方米左右。在逛店的过程中，记者没有发现专门针对小户型生产的品牌成品家具。除了儿童家具，绝大部分品牌家具都很“大气”，以床为例，几乎都是宽1.8米或2米的双人床，偶有几件“小号”家具露脸，也多是茶几、边柜等大件家具身边的陪衬品。一位经营床的商家解释道：“我们也有宽1.5米的床，摆放2米的大床是为了吸引消费者的眼光。”业之峰装饰的一位设计师告诉记者，由于户型面积的减小，再加上公摊面积，一般70平方米的小户型，实际使用面积多在50至60平方米之间，这类户型通常被设计成一室一厅一厨一卫，甚至更有的被分隔成二室一厅一厨一卫。按照这个面积分配，每间房的面积都不会太大。显然，在这种户型中，使用传统意义上那些“大气”的家具显得有些不配套。“衣柜、床等大件的家具放一件就足以使小家拥挤不堪，不仅浪费面积，更破坏设计与装饰效果。”家具越小设计越难记者与消费者交流时，他们一致表示，功能增加是小户型家具的需求点。年轻消费者比较偏爱功能型小户型家具，希望能在有限的空间实现居室的更多功能。据记者了解，目前市场上生产多功能、可变形家具的企业确实较少。业内人士指出，小户型面临的困境是要在有限的空间里实现各种家居生活的功能，而家具起着举足轻重的作用，要想让家具实现多功能，且节省空间，关键还是要在家具的设计上下功夫。但是，某家具品牌负责人却向记者透露，和生产普通家具相比，小户型家具对材料、设计的要求会更高，成本也会提高，对消费者来说，售价较高，厂家肯定不愿意把注意力放在小户型家具上。此外，小户型的房子多是不规则形状，要想标准化生产针对小户型的家具还比较困难。小户型家具前景看好中国家具协会副理事长朱长岭表示，小户型家具的市场潜力毋庸置疑，随着大量小户型的交付使用，这块蛋糕将越来越大。面对日益增长的市场需求，部分企业已经开始考虑生产适合小户型的家具。但从目前的情况来看，因为有很多大品牌放弃了制作小家具，小户型家具市场正被一大批杂牌军占领，主要活跃于二三线市场，产品的安全、环保、质量、售后服务都存在着巨大的隐患。“目前嗅到小户型家具市场商机的企业还不多，不少企业仍然把目光锁定在中高档家具销售上，因此，家具商们大可打好小算盘，攫取小户型家具这桶金。”朱长岭指出：“小户型家具最重要的是强大的收纳功能和不占用空间的折叠功能。同时，能够根据房间的特点量身定做，最大限度地利用空间，也是布置小家的制胜法宝。”曲美家具相关负责人对记者表示，正是看到小户型家具的前景，曲美国际设计中心历经两年，设计出多款适应小户型摆放的家具，比如能根据用餐人数调整大小的折叠餐桌;针对不规则的小户型，可以制作转角衣柜或书柜，有效节省居室空间;书柜、衣柜、电视柜、酒柜可拆分成多个小件，依据户型进行重新组合。,3,4,0.9584454894065857
房地产新开工量下半年大幅提升 家居业加速回暖由于上半年商品房销售多为消化库存，房地产新开工量增长有限。而下半年，随着新开工项目的大量上马，房地产市场有望带动相关产业加速回暖。 下半年新开工量将有明显增长上海克而瑞公司有关负责人表示，以北京、上海等城市为核心，多数典型城市的房地产新开工量将在下半年大幅提升。其中包括政府新立项的保障类住房规划区、新出让的经营性用地，以及此前捂盘惜售的商品房项目等。上海市规划局也于日前披露了上海十五大居住规划区。其中，以保障性住房为主的近郊六大基地为宝山顾村、嘉定江桥、松江泗泾、闵行浦江、南汇周康航、浦东曹路。9个大型经济适用型居住社区则涉及宝山、虹口、嘉定、普陀、青浦、闵行、闸北、徐汇、浦东新等，规划经济适用房建设用地面积约140亩，可建经济适用房建筑面积约330万平方米。业内预期，随着下半年土地储备的集中释放和十五大居住规划区的落实，上海新开工面积有望大幅提升。“参与配套商品房基地的建设，虽然对企业来说利润率不同，但是可以确保开工量，帮助政府为市场平衡供需。”一家上海 大型国资房企内部人士告诉记者。根据官方统计，今年上半年，虽然上海商品房销售面积增长27.9%，销售额增长82.1%，但房地产开发投资却同比下降3.1%。“导致这种状况的原因之一是上半年房地产企业多为消化去年库存，而少有新开工项目。”一位上海房地产企业高层表示。这一结论也适用于全国。国家统计局数据显示，上半年，全国商品房销售面积3.41亿平方米，同比增长31.7%。但房屋新开工面积为4.79亿平方米，同比下降10.4%。而根据DTZ 戴德梁行日前发布的《中国住宅市场2009年上半年分析报告》，上半年商品房成交量的持续恢复带动前期库存积压的加速消化。如果按2009年的月均成交测算，预计未来3个月内现有库存将有可能消化出清。“总体来看，上半年全国新开工面积增幅同比去年大幅下降，但已经趋于稳定。房屋竣工面积增幅不断提升，市场供应量会相应增加。一旦库存基本消化，新开工面积增加，下半年楼市增长对相关产业的拉动效应将更加明显。”一位房地产业内人士称。北京方面对新开工情况同样乐观，中原地产北京公司总经理李文杰介绍，下半年北京新开工量相比上半年将有明显的增长，其中供给多集中在新城区及郊区。“整体来看，目前北京的供应比2004至2007年仍然少很多。北京高峰期每年的供应量超过20万套，现在估计只有原来的六成。所以政府想尽办法要求开发商开工，同时增加新的供给。”李文杰称。相关产业有望加速回暖 随着房地产新开工量的增长，包括建筑材材料、装修材料在内的多个相关产业有望加速回暖。“我们一个明显的感觉是，上半年公司业绩同比已经有所提高，接下来，随着一些大型房地产企业和区域土地储备的集中释放，我们的业务量还会继续增长。”一家名为卓宝科技的企业负责人告诉记者，这家位于深圳的防水墙生产企业市场占有率占据国内领先地位。“包括水泥企业，甚至空调、电梯等制造商，对下半年楼市预期都比较乐观。”广东一位大型房企材料采购部负责人称。,3,4,0.7750571370124817
"房款装修款拆开算 瞰都涉嫌逃税卖房近日，购房人刘挺(化名)买房的时候碰到一个奇怪的事情。位于东北四环东风桥北的瞰都领仕馆6号楼在对外销售的时候，业务员称精装修房销售均价为21000元/平方米左右。而当刘挺去售楼处与开发商进行网签购房合同的时候，合同上显示的房屋销售价格却为18000元/平方米左右。销售人员给他解释说，他想要购买的这套房产单价为20500元/平方米，18000元/平方米是其毛坯价格，装修部分的价格需另行签订一份装修合同，开发商以装修款的名义按照2500元/平方米收取，开具的发票也是装修款。刘挺一时没想明白，没在购房合同上签字。但他不太甘心。刘挺在给本报记者讲述这段买房的特殊经历时说：“20500/平方米的价格虽然被拆开了，但算下来总价好象也没有变化，是不是应该签合同呢？”记者就此楼盘的另类营销方式采访了一位业内资深地产营销负责人。他说，刘挺没有匆匆下定是对的。如果按开发企业这种方式售房，未来业主在出售该套房产时，肯定会为此多掏不少""冤枉钱""。比如说业主购买了总价120万元的房子，在市建委以100万元的价格登记，另外20万元作为装修款支付。那么当业主以140万元出售这套房产时，税务部门会按照首次购买所登记的价格，以40万元的溢价进行收税，而不是以业主实际收益的20万元进行收税。另外，在国家税务总局于2007年6月正式对外公布的《关于承受装修房屋契税计税价格问题的批复》(国税函〔2007〕606号)中明确表示：“房屋买卖的契税计税价格为房屋买卖合同的总价款，买卖装修的房屋，装修费用应包括在内。”也就是说，对于以精装修现房为卖点的楼盘而言，将装修费用刨除在房价之外单独收取的做法，本身就涉嫌逃税。据他分析，开发商之所以采用如此做法收取房款，其中很重要的因素是开发商销售房屋须按5%缴纳营业税，而装修公司只须按3%税率缴纳营业税。开发商相当于利用房屋销售和装修的税费差，降低了自身的税费支出。记者在随后对瞰都领仕馆售楼处相关人员进行采访的时候，销售人员承认在售的6号楼部分房源此前曾以签约房价一分为二的方式进行销售。但她表示：“我们现在卖的房子都是按照正常报价来签订合同的，肯定包括了装修费用。”(北京参考记者 沈静)",3,4,0.9203980565071106
手续未办好装修已开始 丹水池街道办盖违建楼(记者 韩立山)丹水池街道办打算用作社区服务中心的两层楼是违建房，从开建到装修，一直没有办理好相关手续。”日前，居民刘先生向本报投诉，称这两层共200多平方米的楼房是违建。昨日，丹水池街道办称，相关手续正在办理中，江岸区控违办也表示将督促其尽快办好相关手续。手续还没办装修已开始昨日上午，记者在江岸区丹水池街看到，新建楼房紧邻街道办的一栋三层办公楼，共上下两层，整体已经完工，有工人正在做内部装修，社区便民服务中心的牌子也已经挂在门口。记者进楼后发现，一楼是个大厅，二楼是几间办公室，办公室的地板、门窗都已经装好。街道办负责人说，这栋两层楼原本是街道办的院子，现在改为了一站式社区服务中心，将设置教育培训中心、文体活动中心、维权咨询服务中心、图书阅览室、慈善超市等，为居民提供“一站式”服务。街道办称相关手续正在办“其实，我们真的觉得很委屈。”该负责人介绍，丹水池街管辖范围约有9.43平方公里，常住人口6万多人，目前办公场所太小，无法满足居民办事需求。按照国家明文规定，该街道应该为居民提供一个近1000平方米的服务中心，街道办挤出20万元改建了服务中心。该负责人表示，盖楼之前已向区里打了报告，并着手办理相关手续，只是因为规划手续办起来比较麻烦，所以一直拖到现在尚未办下来。“建楼之前，考虑到手续尚未办理好，还进行了社区居民听证，并发布了告示。”该负责人坦言，之所以边建楼边办手续，也是为了早日给社区居民提供便利。市民：政府部门更应程序合法“虽然是为了方便居民，可是作为政府部门，是否更应该注意程序合法？”向本报投诉此事的市民刘先生介绍，街道办搞的听证和公示他都晓得，可是相关法律已经明确规定了，没有办理规划手续就是违建。“政府部门可以边建楼边办手续，那么市民呢？”刘先生认为，政府部门更应该做个表率，更应该去遵循程序合法，而不是搞“绿色通道”。就此，江岸区控违办一负责人表示，从严格意义上来说，该楼确系违建，7月份曾经要求该楼停建过一段时间。考虑到该楼是为了满足社区居民“一站式”服务需求，且街道办确实是想为居民做实事，所以才没有强制拆除，“将督促该街道办加快办理相关手续。”,3,4,0.5822882056236267
把市场做小的智慧 集中优势局部市场形成强势把市场做大，让自己的产品销遍全国，甚至销往世界各地是每个企业家的梦想和追求。这是企业家及企业成功的体现。事实上，这个梦想却非大多数企业家都能实现的。在当下，世界上几乎所有的行业和产品都或多或少存在着产能过剩、供大于求的问题。实现这个梦想不仅需要企业家的智慧和能力，还需要各种强大的其它资源做支撑。譬如：强大的产品竞争力、充裕的资金等等。而这些资源并非每个企业都具备。企业在这种资源不足的情况下，企业家盲目追求遍地开花的产品推广战略，强调做大市场往往使结果与愿望背道而驰。因为没有足够的力量做后盾，这种“大市场”往往会使企业经营上很被动，甚至拖得筋疲力尽。在这种情况下，只有大胆把市场做小，集中优势资源在局部市场形成强势，不断积累品牌力和资金实力，最终再慢慢扩大市场。把市场做小，其实就是在资源不足的情况下，集中全部优势实施重点目标打击。这类成功的例子可谓不胜枚举。解放战争期间，有“战神”之誉的粟裕大将，指挥华中野战军主力3万余人，与12万美械装备的国民党军队作战，之所以能七战七捷，在一个半月歼敌5.3万余人，其秘诀就是每战均集中绝对优势兵力歼敌一部。在陶瓷行业，提到业界翘楚唯美公司的成功经验，人们必会说到其掌门人黄建平先生，在创业之初，面对当时企业困境做出的大胆决策，集中精力搞仿古砖市场，从而了实现“小市场，大份额”的目标。有时，把市场“做小”更需要一种智慧。如果说这些成功的案例都是精英式人物的传奇，普通人难以去复制其成功的经验，那么我不妨再讲一个百分百草根的例子。今年春节回家，我发现家乡从市里到乡村，很多人都在听一个本地歌手唱的歌。经过了解，我才知道这个本地歌手已经红遍全市(县级市)。论天赋和唱功，哪怕在本市他都算不上实力派。如果他和其他歌手一样，梦想成为刘德华和张学友这类红遍全国的歌手，他至今绝对是一无所获。他的成功就在于敢于把市场做小，把目标消费市场锁定在本市范围，然后通过对几首自己唱的比较满意的歌进行加工，用本地的方言唱出来。因为这种歌词在当地人听来比较亲切，甚至有些好玩，一下子就在本地火了。而在这个市场没有人跟他竞争，他自己出了专辑，在当地卖了5万多张。由于在本地的走红，他几乎每天都会参加一场活动，出场费在2000元左右。且已经对周边县市形成了一不定的辐射力，其出场费用及专辑仍有上升空间。这个曾经穷得吃不上饭的草根歌手，很快就实现了买房买车的梦想。中国地广人多，市场十分庞大，对很多产能不大、实力不强的企业，如果能把一省一市的市场做好，其实就完全可以赚得盆钵满盈。近两年，四川夹江、江西高安产区的部分区域性品牌的成功操作，其实也是一种把市场做小的智慧。相信，将会有更多的把市场做小的陶瓷品牌走向成功。,3,4,0.46358194947242737
探秘国庆晚会三大法宝 LED70%零件国产首都国庆60周年联欢晚会指挥部副总指挥赵东鸣日前表示：今年晚会上最有创意的就是设计了一个叫“光立方”的表演区，即以天安门广场国旗旗杆为中心，在它的周围有4000多棵的“发光树”，这是在我国的晚会中首次被应用。这些“发光树”是LED的，具有高科技含量。 “天安门广场上的LED显示屏中70%的零件均为国产，尤其是它的关键技术发光晶粒由我国公司生产。这个显示屏在抗风、抗雷、阻燃等方面做了相当充分的工作。这些先进的技术为我国的科技创新增添一喜。”一位LED显示屏的专业人士介绍说。天安门广场上LED显示屏宽为50米，高7.5米，虽说屏幕的比例为20∶3，但是画面内容却不会变形。显示屏采用点间距16毫米的全彩色LED像素，远程同步控制，高清数字显示，其横向3072点像素是迄今为止世界广场LED显示屏之最。为了以防万一，显示屏采用了三路供电，并且若用自身电池组来供电显示屏的亮度也不会受影响。另外LED显示屏还运用到了彩车上，并突破了其单一的形式，发展出弧形、不规则形、上下升降等多种花样。焰火形式丰富多样据赵东鸣介绍，这次晚会的一个特点是“突出焰火，强调联欢”。因此焰火表演在国庆晚会中有着举足轻重的地位，甚至决定整台晚会的效果。在这次焰火表演中采用了高、中、低立体烟花，还配有网幕烟花、特效造型烟花、音乐烟花燃放等多种形式。此次焰火的燃放集中在广场周围的12处燃放点，比较集中。为了使焰火看起来更绚烂多彩，首先就必须解决焰火燃放初所出现的大量烟雾。为了达到焰火艺术上的创新，天安门广场上安装了一个巨大的烟花特效装置，这在以前是没有过的。今年国庆庆典联欢晚会的烟花种类超越了以往任何一次，届时，以天安门广场为中心，人们会看到一个整体、多样、场面壮观、绚烂多彩的焰火晚会。打造民族欢乐盛宴一台突出民族、民间和民俗的盛大联欢将在国庆夜呈现于世人面前。此次联欢有12个板块，分别为各民族中心表演区、军民联欢区、工人联欢区、大学生联欢区和农民联欢区等。在各民族中心表演区，将有近3000人身着56个民族的服装载歌载舞。此次晚会联欢与以往国庆晚会联欢不同的是：12个板块在同一的旋律之下舞动着不一样的舞步。各个板块的群众将各展其能，共同打造一场民族欢乐盛宴。,3,9,0.6399219036102295
斯帝罗兰张雷赢在中国 一路有你主持人：我们国庆期间有没有一些惠及客户的活动？张雷：我们国庆期间举办了几个活动，斯帝罗兰举办了“疯狂倒计时”大型促销活动，以“赢在中国，一路有你”为祖国母亲的生日进行倒数，届时我们公司的加长悍马也会来京造势，所到的商场一律有惊喜折扣。为了庆祝祖国60周年生日，我们还进行了一个“迎国庆，您消费，我买单”的活动，有七分之一的免单机率，请大家不要错过。主持人：这个“迎国庆，您消费，我买单”的活动，您能给大家解释一下吗？张雷：在10月1日至10月7日这7天内消费付款的顾客，可以持购物小票参加抽奖，10月8号将有北京市公证处现场进行公正，家具城的高层领导进行抽奖，抽出1号到7号其中一天作为“免单日”，凡是在免单日消费的顾客，当天购买的产品一律免单。主持人：我看到这次投入率很大，究竟我们投入了多少资金在上面？张雷：这个不能用资金来衡量，因为我们进入北京市场，首先就是为了回馈顾客，答谢广大北京消费者长期对斯帝罗兰的支持。这次又是祖国60周年的生日，所以我们就搞了一个非常有力度的活动来回馈于客户。主持人：我们在北京有哪几家店可以参与到此次活动中？张雷：有4家，分别是十里河居然之家，金源居然之家C&C店，北四环居然之家，还有城外诚家居广场。主持人：在这“国庆中秋”节上加节的日子里，您对我们的祖国和网友有什么祝福的寄予吗？张雷：首先，我代表斯帝罗兰北京分公司，在国庆60周年即将来临，祝我们的祖国母亲繁荣富强；同时，向大家道一声：国庆快乐！中秋快乐！合家团圆！主持人：非常感谢张总来到我们嘉宾聊天室接受访问。谢谢！,3,5,0.6925631165504456
"新浪乐居独家：传红星美凯龙高层沈耀俊离职新浪乐居讯 (杨轶/文) 近日，在新浪乐居业内论坛出现一条关于《爆！红星美凯龙华北区总裁沈耀俊已低调辞职》帖子，文中透露红星美凯龙华北、东北区域总经理沈耀俊已经低调离职，此贴引起业内广泛关注。    对于沈耀俊的突然离职，业内纷纷猜测：一，红星美凯龙进入另一个发展阶段，对原高管进行岗位和薪酬方面调整，从而引发高管“出走”；二，沈耀俊与红星美凯龙集团出现了无法调和的矛盾；三、这位一路推动红星美凯龙发展的“功臣”为自己选择了另一条发展之道。就在2009年6月4日下午新浪家居编辑还对沈总进行独家采访：《红星美凯龙一小时抢驻美罗城预十一开业(图) 》，他对于一小时内拿下美罗城项目，并预计在十一开业的消息还侃侃而谈，同时对于全国要开超过20家新店充满信心。新浪乐居得知此消息后第一时间拨通了沈耀俊手机，目前手机无法接通；联系到红星相关领导没有得到回复。新浪家居会关注此事发展动态，请随时关注。    附：    沈耀俊个人履历：    沈耀俊 红星美凯龙国际家居购物广场华北区总经理。曾获中国诚信企业家、天津市优秀工会之友称号。    他以“商场化管理、市场化经营”的管理模式，积极推进配套设施改造，建成红星美凯龙国际家居购物广场，吸引了千余家名牌厂商，两年纳税2844 万元,为经济发展做出了突出贡献。安置千余名下岗职工及大中专毕业生、农民工。积极参与公益活动，为灾区群众、特困家庭、困难学生和社区建设捐款逾百万元。    红星美凯龙近期动态：    红星美凯龙一小时抢驻美罗城预十一开业(图)    红星美凯龙下半年将开20家新店 9月预华北开两家    红星美凯龙北京北五环店隆重开业(组图)    大小S千万代言 牵手红星美凯龙    关于红星美凯龙高层沈耀俊离职调查1、您认为沈耀俊离开红星美凯龙的原因是？红星美凯龙正常人事变动营销思路无法与红星发展调和个人谋求更大发展其他原因2、您认为沈耀俊辞职是否与当前经济形式有关？有关无关不好说3、您认为未来红星的发展战略是否会发生重大转变？会不会不好说",3,4,0.9837385416030884
新浪家居携业界名人 地产精英话回潮思想沙龙在这个“回潮”大势下，我们还在怀念些什么呢?手帕、面纱、翘着大喇叭的留声机、用手摇的电话、羊角面包、老字号绸缎庄、里外三新的缎面棉袍、戏班子、百乐门舞厅、黎锦光、周璇……全是一种印象。印象中的一切全是那个时代的时尚。我们享受着自己的时代的一切便利而把情感投入到过去的时尚中去。 本次论坛将以“回潮”这个社会状态为主线开展讨论。怀旧，已经成为一种时尚。新浪家居特对此次论坛进行了深入报道，以期为广大网友带来更多“新”的思潮。 主题：“九朝会•关注城市”思想沙龙时间：2009年06月26日地点：九朝会二楼    嘉宾：建设部政策研究中心房地产业处处长 赵路兴雅世集团董事副总裁 宫铁军RCS总裁 孙群博洛尼旗舰装修工程公司的北京公司的总经理 陈炜华远地产采购部经理 刘达飞万科北京区域产品部副总经理 王?国粹传承京剧社 储兰兰他是意大利《ABITARE》中国版助理出版人 许力     主持人：    新浪乐居主编 杨熙    意大利RCS传媒集团的主编 段妍玲杨熙：各位嘉宾，各位领导，大家下午好。本期沙龙是我们新浪乐居和博洛尼整体精装一起来举办的活动，其实我们 “九朝会•关注城市”这个沙龙系列已经做过好几期了，之前的主题可能是针对城市地标这样的一些话题。今天的话我们主题话题是针对回潮，待会儿我会给大家具体来讲一讲这是一个什么内容，在此我们感谢九朝会对我们的场地支持。坐在我旁边的是前知名主持人，因为段妍玲原先是央视的主持人，她是意大利RCS传媒集团的主编，坐在我对面的是建设部政策研究中心房地产业处处长赵路兴。他旁边的是RCS总裁孙群先生。孙总旁边是博洛尼旗舰装修工程公司的北京公司的总经理陈炜，他旁边是雅世集团董事副总裁宫铁军。在段妍玲旁边的是华远地产采购部经理刘达飞，他旁边的是万科北京区域产品部副总经理王?，王总旁边的是国粹传承京剧社储兰兰，储女士旁边的是许力先生，他是意大利《ABITARE》中国版助理出版人，他一直对建筑方面应该说还是，虽然看起来年纪不是特别长，但是对建筑方面确实有研究，我也拜读过他的大作，我们今天沙龙虽然从回潮讲起，我希望在座嘉宾能够畅所欲言。接下来我们给大家介绍一下我们今天沙龙的主题，是讲回潮。我想最简单归纳的话跟我们最相近的两个字是怀旧。在今天中国发展到今天，我们发现我们原来是一味地追求说那种所谓的现代化，科技化或者说一些非常感觉时尚或者说最摩登的感觉，但是我想在中国发展到今天另外一种思潮不管怀旧也好，还是回潮也好，这个思绪也在蔓延。我先就这个主题做一点阐释，我曾经跟许力先生聊过一个话题，其实今天的话在我们市场上的话会出现我们很多看似有点别扭或者看似回归从前的一个现象。举个例子，可能原来的时候很多人都住在比较偏远的山村里，每天都能听到青蛙叫，经过几十年的奋斗，在城里大大打拼之后，他终于在郊区买价值上千万的别墅，这下他又每天能听到青蛙叫的生活了。另外可能我们以前城市人没有锻炼的机会，或者说不是没有锻炼机会，没有那么好的设备或者装备，以前我们锻炼方式就是跑步，骑自行车，到今天可能需要开个宝马奔驰去一些健身场所，找停车的地找半天，最后好不容易停进去，到健身场所踩自行车进行锻炼。我不知道这个算不算一个回潮的现象。总之来讲的话，我想未必最现代的是最好的，未必最摩登的也是最好的，可能在今天我们这个社会的话对这个价值观的理解的话我想应该是多元化。所以回潮到今天的话我想不管是在时尚领域，或者说是在咱们的家居领域，或者说是房地产领域的话，可能都或多或少有这样的元素。也想请各位嘉宾今天畅所欲言对我们这个话题来做进一步的阐释。大家注意到我们今天的场地是比较休闲的，虽然跟这个休闲的，可能今天参与的朋友多一些，我想没关系，今天既然坐在圆桌上，感谢九朝会提供这个场所，咱们把话慢慢地聊。我想请段妍玲接下来帮我主持。,3,4,0.873286247253418
昆明人民政府与红星美凯龙签订战略合作协议2010年1月19日昆明市人民政府与上海红星美凯龙企业管理有限公司签订战略合作协议，共同繁荣昆明商贸市场，提高商贸服务业、物流业国际化水平。3年内，红星美凯龙在昆投资将达数十亿，打造继上海全球旗舰店之后又一个专业化国际市场，并在昆设立西南地区总部。昆明市近年经济增长迅速，城市发展态势优良，同时具有得天独厚的辐射能力，一直是红星美凯龙关注的重点城市。2008年，红星美凯龙正式进驻昆明，目前已投资2个项目：西山区24号片区的一期改造、五华区城中村岗头片区改造项目，总投资达70亿元。据透露，集团将把昆明的商业布点作为在西南地区发展的重要一站——辐射南亚、东南亚地区的桥头堡。红星美凯龙自1986年创立以来，已在北京、上海、天津等地开办了60家连锁家居商场，总经营面积超过618万平方米，成为中国家居行业第一品牌。自进驻昆明以来，得到了昆明市委市政府的大力支持，合作列入昆明市重点招商引资项目，昆明市委市政府对红星美凯龙这样的行业龙头企业非常重视，希望红星美凯龙的进驻可以促进昆明现有家具建材行业的升级换代，提升昆明百姓居家文化的品质。签约前，省委常委、市委书记仇和，市委副书记、市长张祖林会见了红星美凯龙董事长兼CEO车建新一行。仇和向客人热情推介了昆明，表示欢迎同行业中的龙头品牌企业红星美凯龙进入购买力高度集中、零售市场很大的昆明投资发展。对落地项目，昆明将无条件、无阻力、无障碍地做好服务。依托各自商贸经济领先和品牌集聚优势，双方将建立长效合作机制，发挥市场机制对资源配置的基础性作用，加强重点产业和骨干企业的经济合作，促进产业东西联动，培育自有品牌和扶持民族品牌，通过提供品牌发展阵地，优化品牌扶持政策，搭建品牌宣传平台，促进互动双赢发展。此外，红星美凯龙西南地区总部也将落地昆明，拓展在昆业务范围。红星美凯龙董事长兼CEO车建新此行考察了在五华区、西山区拟建项目及呈贡新区建设、螺蛳湾国际商贸城。有感于昆明各级政府的大力支持和高效的工作风格，红星美凯龙计划加大在昆明的投资，继续参与西山区24号片区二期改造。预计到2012年底，红星美凯龙在昆投资将达数十亿亿元，解决近万人就业。,3,6,0.7777578234672546
明式家具暗藏人体学省收藏家协会古典家具委员会主任顾汶做客本报视频谈古典家具收藏“家具不仅能使用，还有鉴赏价值和升值潜力，因此我建议大家在换新房的时候把祖传的家具保留下来，不要随便处理了，没准你就损失了一大笔。”昨天，江苏省收藏家协会古典家具委员会主任顾汶来到扬子鉴宝视频直播室，为本报读者讲一讲古典家具的鉴赏收藏知识。明清老家具最受青睐顾汶介绍说，与瓷器、字画、玉器、青铜器等传统收藏门类相比，古典家具进入收藏领域的历史较短，过去人们购置家具的目的，主要是为了使用和摆设。“文革”浩劫使大批古典家具散落民间，且价格不高，从而进入一些藏家的视线，“80年代初进入古典家具收藏界的几位玩家，如今大多成为中国古典家具的收藏大家。到了90年代中期，明清古典家具已成为收藏领域的主流藏品。”古典家具为什么具有收藏价值呢？顾汶介绍说，首先，它们具有一定的历史文化价值。中国古典家具制作工艺的传承和发扬，反映了我国博大精深的民族文化，在中国家具的进化史中也可体味到近千年来历朝历代变革的沧桑。其次是艺术价值。中国古典家具特别是明清家具的艺术水平达到了世界家具制作工艺的巅峰。“近年来，世界各大博物馆都相继展出过中国古典家具，在全球性的艺术珍品拍卖中，瓷器和明清硬木家具，是中国文物中最受青睐的拍品。”2500元明清官帽椅拍得70万“在使用中收藏，是古典家具收藏的重要特点。”顾汶介绍说，使用的过程就是保养和鉴赏的过程，有不少古典家具收藏家最初收藏的目的就是为了摆设和使用。目前，书房、客厅古典家具存世量较大，就是与它的实用性有着直接的关系。与其他艺术收藏品相比，我国古典家具收藏兴起虽然较晚，但已成为升值最快的门类之一，特别是黄花梨和紫檀材质的古典家具。顾汶表示，在1985年前后，一对明末清初的黄花梨四出头官帽椅价格在2500元左右，而如今文物拍卖中可卖到60万-70万元，一些成套或大件家具更可卖出数百万元甚至上千万元的高价。明式家具早就用上人体工程学顾汶介绍说，明式家具的风格起于明中期，当时朝廷开放海禁，大量东南亚地区产出的珍贵硬木如紫檀、花梨木等运入中国，这是硬木家具在明中期兴起并流行的重要条件。由于官宦和富商争相购置、使用硬木家具，以显示其豪门地位，推动了明式家具制作水平的迅速提升。具体来说，明式家具有很多特点，比如它的木纹追求自然美，很多明式家具为了表现其自然纹理还特意不上漆，而是通过其自然的打磨使其纹理自然显现。另外，明式家具为了追求合理的结构，很少用或者甚至不用钉子，而是用榫卯代替，这样就看不出人工拼接的痕迹，使其更具有整体的美感。“最有意思的是，明式家具的设计已体现了人体工程学，在结合合理的力学设计中，明式家具主要以舒适为主，比如它的靠背会采用S形曲线，符合人的脊背特征，靠久了也不会感到累。”另外，很多凳子还有脚踏杖，是专门给双腿提供“休息”的地方。收藏清和民国家具正当时“十年的‘文革’浩劫让很多珍贵家具毁于一旦，特别是明清时期的家具被损毁情况严重，现在已不多见，大多时候只有在博物馆或者拍卖会才能见到这些家具的‘真面目’，目前市场上流传的很多都是‘山寨货’。”顾汶介绍说，明式家具不易见，但是喜欢古典家具的藏友，可以选择清中晚期和民国家具来收藏，它们目前的市场价也不高，升值空间也不错。顾汶具体介绍到， 清式家具起步于康乾盛世，艺术风格以宫廷审美情趣为主，主要特征是“料实工精”，硬木家具选料多用紫檀。清晚期因资源匮乏，紫檀难觅，而不得已选用酸枝木。清式硬木家具在造型上刻意表现豪华和富贵之气，因此家具尺寸比明式的更大，轮廓线条以垂直为主，装饰手法多采用雕刻和镶嵌，其中牙雕、竹雕、漆雕和嵌石、嵌瓷、嵌螺钿、嵌珐琅的技艺令人叹为观止。清式家具继承和发展了明式家具艺术，还出现了“苏作”、“广作”、“京作”、“晋作”等诸多流派。售卖故事越动人越可能是赝品“收藏古典家具，需要具备丰富的专业知识和实践经验，涉及木材、工艺、结构、造型等各方面。”顾汶介绍说，目前，做旧后冒充明、清家具的在古玩市场随处可见，建议初入道的藏友下手前一定要请有经验的藏家帮助鉴定，以免失手。例如，在淘宝时藏家除了考察家具材质外，还要观察它的包浆(老家具表面因长久使用而留下的痕迹，因为有汗渍渗透和手掌的不断抚摸，木质表面应泛起一层温润的光泽)情况，这一般是较难造假的。另外，在挑选样式时最好随身携带明清图谱样式进行对照。 顾汶特别建议到，大家在“淘宝”时一定要谨慎小心，不要落入买家的“故事圈套”。现在河南一代的仿古家具特别多，且精明的经营商还给每个家具配上“感人故事”。比如，他们会给仿制家具故意制造一些缺陷，且一并附上缺陷背后的“故事”，不听故事还好，一听这坎坷的故事，就会让你觉得这家具果然来之不易，“其实我个人觉得‘故事’越是感人的，就越可能是赝品。”顾汶凭着自己多年的收藏经验如是说。,3,1,0.7241126894950867
曲美赵瑞海：明年市场竞争加剧做最好的自己赵瑞海：我觉得还是老生常谈，就是自己要把自己的事做好，要跟上市场的要求。因为竞争一旦加剧以后，企业的综合指标就能表现出来，比如你的成本供应能力，企业运行的效率，包括你的创新能力，包括你的经销商团队，产品设计创新方方面面。我觉得整个企业是一个体系，方方面面都需要加强，也希望迎接到产业一个新的模式。比如我们新建一个工厂，我们正在研究一种在无人的条件下，一个高科技全智能化的设备体系。因为未来人工成本越来越高，怎么让成本不断处于下降的趋势。其实我们的成本很难控制，我们是一个劳动密集型的企业，人工成本每年在10%的速度在增长，这时候你如何做好方方面面的工作是一个很重要的事情。杨轶：感谢赵总！我很期待您的第四件事，我也希望网友和行业能够关注赵总的最新动作，期待下一次跟您的合作！谢谢大家！,3,4,0.657827615737915
有人买房 便拉生意 装修公司守住楼盘揽客□记者寇润涛本报临沂5月5日热线消息“您刚买了房子，需要装修吗？我们公司的装修质优价廉。”5月5日，在罗庄区一楼盘售楼处，前来收楼的杨女士刚领到房屋钥匙，就碰到装修公司的人员拉生意。据了解，随着装修行业竞争日趋激烈，一些装修公司直接在售楼处旁揽客成为比较普遍的现象。5日上午，罗庄区市民杨女士拿到新买的房屋钥匙后，刚从售楼处里出来，一位自称某装修公司项目经理的人便将杨女士拦下，介绍公司的情况，想揽下杨女士家装修的活。对于装修人员热情的自我推荐，杨女士有些意外：“怎么装修公司都搬到售楼处门口了？”随后，记者走访了市区一些装修公司发现，装修人员到新建楼盘小区拉生意的情况并不在少数。兰山区沂蒙路一家装修公司的相关人员表示，目前临沂市大小装修公司越来越多，市场竞争也随之日趋激烈，以往“在公司等客户上门”的经营方式已经不适应现在市场，因此部分装修公司便让人守在楼盘小区售楼处附近，尽量多获得一些客户。 □记者寇润涛本报临沂5月5日热线消息“您刚买了房子，需要装修吗？我们公司的装修质优价廉。”5月5日，在罗庄区一楼盘售楼处，前来收楼的杨女士刚领到房屋钥匙，就碰到装修公司的人员拉生意。据了解，随着装修行业竞争日趋激烈，一些装修公司直接在售楼处旁揽客成为比较普遍的现象。5日上午，罗庄区市民杨女士拿到新买的房屋钥匙后，刚从售楼处里出来，一位自称某装修公司项目经理的人便将杨女士拦下，介绍公司的情况，想揽下杨女士家装修的活。对于装修人员热情的自我推荐，杨女士有些意外：“怎么装修公司都搬到售楼处门口了？”随后，记者走访了市区一些装修公司发现，装修人员到新建楼盘小区拉生意的情况并不在少数。兰山区沂蒙路一家装修公司的相关人员表示，目前临沂市大小装修公司越来越多，市场竞争也随之日趋激烈，以往“在公司等客户上门”的经营方式已经不适应现在市场，因此部分装修公司便让人守在楼盘小区售楼处附近，尽量多获得一些客户。,3,4,0.907270610332489
有笑有泪的欢乐旅程6月2日，来深圳的第三日路线：欢乐谷——民俗文化村——机场有笑有泪的欢乐旅程深圳游的最后一天了，小朋友们隐约都有些不舍。一大清早，虽然还有些恋床，但想到一整天丰富、有趣的行程，当然是毫不犹豫准时出发了。充满欢乐的旅程中有笑也有泪，这里记载着最真实的他们和圆方园在一起的三天，最美丽的瞬间。红领巾传递爱圆方园“红领巾行动”命名源起于借助庄严而神圣的红领巾的传递力量，将希望与爱传递下去。这时，小朋友们又将他们最为真诚的爱回报给了我们。众多媒体竞相采访感谢社会大众对公益事业的热心支持，第一现场、深圳特区报等众多知名媒体都前来采访报道，呼吁更多的人来关注这群需要关心的孩子们。挥洒热泪的送机场面要走了，三天的美好行程就要结束了。可是小朋友和深圳这批关心他们的人都不舍在这一刻分别。他们泪下现场，真情流露。至此，三天的深圳行圆满结束。这群来自四川都江堰的小朋友们在这里度过了一个难忘的、特殊的六一节。然而这并不是一个结束，这又是一个新的起点，圆方园与社会各界热心公益事业的单位、个人还将把这种关爱延续下去。,3,8,0.2873968482017517
杜邦钛白陆明兰：每个人都应该有节能减排意识主持人：谢谢杨主编的精彩介绍。刚才说了一个特别好的话题，低碳的生活、节能减排的生活、绿色的生活又成为房地产商的大卖点，希望各位房地产商都可以勇争“节能之星”最具品位楼盘评选活动。下面有请来自杜邦钛白科技有限公司总经理陆明兰女士致辞。陆明兰：尊敬的大连实德的张总，各位来宾、朋友们大家下午好！最近房地产市场特别热闹，话题特别多，更多的话题都是今天在说明天要涨还是要跌，房价高还是低，但是在所有的讨论的背后有一个议题，不管是对政府、开发商、消费者，我们共同关心的都是怎么样建质量好的房子，给大家提供有质量保证，对环境更好的住房。我也非常的看到今天的论坛讨论的内容正是怎么样向市场提供大家所需要的质量更好的住房，提供环境友好型的住宅，将节能减排放入到我们通常的议事日程当中，我想对整个房地产市场推动作用意义是非常重大的。很多的行业都非常重要，但是在中国目前的阶段，房地产市场在国民经济当中的地位是特别高的，从各个环节来说，这是为什么呢？我们在这个行业里面要提倡节能减排，我想影响也是非常重大的。大家都知道，在整个的行业当中需要用到各种各样的材料，这些材料都需要各个行业的配合，建材、设备，许多生产部门和劳务相配合才可以做到。杜邦既不做房子，又不生产窗，跟这个有关系吗？实际上我们是在整个产业链比较上游的位置，房地产行业的发展，它会涉及和拉动很多相关行业的发展，这些行业当中杜邦都会有身影在其中。我想杜邦能够在这个行业里面能够和大家共同关注的一个方面，我也很高兴今天杜邦公司参与到这个讨论当中，我也代表杜邦希望在这里和大家有一些探讨。杜邦公司实际是一家以科技创新为主的企业，我们所处的各个不同的产业价值链当中，我们相对是比较上游的，我们所要做的就是怎么样通过我们的产品和技术影响和推动整个产业链上的节能减排，进行可持续发展而努力。今天我们看到的是住房，真正的算到碳排放的时候，是从最初的原始材料算起的，所有的生产过程当中都有，不仅我们的型材在客户用的时候，做成了窗之后对建筑的节能减排，其实我们在型材生产的过程当中也会关注，我们作为杜邦公司很多原材料在上游来讲，我们怎么样看在你的产品从最初到最后整个碳排放，我们在住房的环节里面，也会特别参与进去。我们也讲一下对建筑业的服务，大家对杜邦的了解很多都是杜邦油漆等等，但是我们建筑行业是很大的下游应用行业，这里边也特别有请建筑创新部门的王女士也在这里，我们很多的产品都用在商业建筑、民用建筑，工业建筑的技术当中，比如说我们有透气的膜，还有安全玻璃钢的夹层，大家看美国的大峡谷走道是用玻璃钢做的，我们的产品还包括太阳能电池的一些系统，还有蓄热材料，可以把热量聚集起来使用，还有一些特别的型材，我要特别提到的是钛白粉，其实钛白粉在很多方面都可以用到，所有的这些产品都以各自不同的性能，或者是直接降低建筑物的能耗，或者为建筑物提供一些清洁能源的供应，或者是减少在生产过程当中产生的能耗和排放。我们举一个例子，在上海有一个新的办公室，杜邦的总部，在那里有一些我们的产品，在2008年底的时候，我们就开始用树脂做一些绿色节能的计划，差不多一年时间，我们做了一些比较，有一些节能37%，节水22%，节气25%。房地产行业如何推进节能减排，我们觉得有两方面的想法，一个是我们怎么样利用上下游的联动，确实是根据下游的一些需要做出一些效果特别明显，成本可行的技术改善，另外是消费者层面的传播，怎么样把这个概念传达到消费者里面去，因为消费者会讲环境的事情，现在哥本哈根会议之后，每个人都有这样的意识了，连我的小孩在家里都讲气侯问题，环境问题，但是怎么样让它跟消费者每天的生活联系在一起，这个需要大家共同做一些推广和活动。就上下游联动来讲，我们会让客户关心的是像实德这样做上游的，对房地产来讲，到底产生什么样的影响，以我们做钛白粉来说，对型材又会产生什么样的影响，我们和大家一起开发一些效果更好，价格更适中的门窗给开发商用在建筑上，做一些真正的对环境有帮助的工作。另外关于跟消费者的沟通，我们觉得跟消费者的沟通，怎么样强调呢？节能减排这个环节给消费者带来了什么样真正的实惠，建筑保温性能更好的话，每年可以节约很多电，这是长期的投资。我想在这个基础上要介绍我们在这个节能的环境当中怎么样过低碳生活，这是一个非常流行的语言，讲的大一点是拯救环境，说的直接一点就是为子孙后代造福。我想强调一下与消费者沟通的话题，今天是一个非常好的场合，我如果要看新闻，基本只上新浪网，这个媒体对我们很有帮助，利用这个平台把我们上下游的公司联系在一起，多做一些交流，共同的为人们打造一个健康、绿色的生活环境，同时我们借助这个平台，这个论坛上有很多可以听到消费者的声音，怎么样了解消费者的需求，根据消费者的需求来更加好的开发出一些不仅对环境更好，而且消费者更需要的一些产品。我想在这里提这两点想法是供大家参考的，今天大家在这里发起的“节能之星”最具品位楼盘评选活动是一个很好的开始，真的像大家刚才说的，顺应了哥本哈根刚刚结束的会议议题，我衷心的祝愿今天的活动成功，也祝愿这次活动对房地产行业的节能减排的努力做一个良好的标竿。新年到了，在这里祝各位来宾在新的一年里面事业发展，身体健康，谢谢大家！主持人：再一次感谢陆明兰女士的精彩致辞，刚才讲的也非常好，一般看新闻都会登录到新浪，同时今天的现场是现场直播，所以会有很多的网友大网上留言，现在很多的年轻朋友关注气侯大会，关注气侯对我们生活的影响，其实我本人来说，是通过非常简单的电影《2012》同时看到哥本哈根开气侯大会，过两天看到打起来了，为什么推行的协议突然停止，我们的好奇心一次一次的被吊起来了，然后我们才知道气侯对我们每个人是如此的重要，接下来进行的是“节能之星”最具品位楼盘评选启动仪式，有请大连实德销售集团总裁张杰先生还有新浪乐居房商集团华北地区总经理张晓辉，有请两位先生站到我们启动仪式的旁边，3、2、1…揭幕。谢谢，再次感谢两位启动仪式的嘉宾。现在我们看到在舞台上亮起了非常温暖的灯，这里面是两个小人手搬动一个大房子，也表达了实德集团传达给大家的理念，依靠大连实德的努力一定会给大家一个健康美好的生活，现在我们看到的是非常漂亮的地球，也代表着绿色地球、健康生命，源于绿色。同时我们看到非常温暖的页面，美好的画面，非常浪漫的海面，还有门窗，也代表着我们共同为健康的绿色、美好的未来共同喝采，庆祝新浪乐居和大连实德这次合作更加的环保，更加的健康。实德集团“节能之星”官网落户新浪乐居了，下面我们共同看一下页面。现在我们看到的就是最具品位楼盘的评选，我们也希望越来越多的楼盘可以加入到这个大家庭当中。我们今天的舞台上方的部分到这里启动仪式全部结束，下面有请来自新浪家居主编李燕玲女士上台做嘉宾主持，掌声有请，我们共同进行主题讨论，有请：中国建筑装饰协会信息咨询委秘书长田万良中国房地产协会宣传部主任王惠敏大连实德销售集团总裁张杰杜邦中国钛白事业部总经理陆明兰北京世纪宅建材有限公司董事长粱中锋中新地产集团采购副总监马一丹(论坛部分),3,4,0.9931736588478088
杜�朵花�(图)杜?朵花?： 最佳品牌推广奖 最佳行业贡献奖最佳品牌推广奖：杜兰朵花店、杜兰朵婚礼、杜兰朵咖啡、杜兰朵茶吧。。。在广东东莞，“杜兰朵”这三个字成为了休闲娱乐届的一个响当当的“名牌”，位于市中心的1200平米店铺设计的富丽堂皇，500万投资额和一开始便着眼高端品牌化发展战略的杜兰朵，快速发展成为花艺高端品味消费的代名词，随着杜兰朵三个字含金量的增加，杜兰朵更加走上了多元化发展之路，各个营销市场相互作用相互影响，使得杜兰朵花艺已经成为了一家名副其实的品牌大店。最佳行业贡献奖：第一个吃螃蟹的人是勇敢的，在全国花店业都将奢华大店作为一个遥远的梦时候，杜兰朵花艺领队人杜寒子以超越同行的勇气和胆识，投巨资开办了杜兰朵花艺。因为没有前人经验可以参照，这种探水般的行为其实隐含着很大的不可预测性，也承载着巨大的经营风险，但杜兰朵成功了，业界因此有了一个行业标杆性质的花店，随后杜寒子依然大步走在行业前列，花店多元化发展的探索，也成为了行业内关注和讨论的话题。这种巨大的行业示范作用，使其荣获最佳行业贡献奖项实至名归。图为  全国第一大店 杜兰朵花店外景图为  花店店内装潢考究、布设雅致图为  2009年情人节花束设计,3,6,0.4522285461425781
楼市升温 家居企业出招应对下半年市场“长夜漫漫无心睡眠，我以为只有我为买不到房子睡不着，原来你也为买不到房子睡不着啊……”这首迅速蹿红的南京方言歌曲《房的一米》，写出了多少买房人的心声。而近期的买房人排长队争抢楼盘的现象屡见不鲜，二手房市场的价格也是不断往上蹿，买房的目的不管是炒房还是自身需求，这还是表明房地产巨大的市场空间。对房地产相关的下游产业——家居行业来说，无疑也是一个利好消息。受去年楼市影响，加上大环境的不利因素，自去年下半年以来家居行业一直处于不温不火的状态。今年上半年经过短暂的“回暖”之后，随着气温的升高、梅雨等原因明显转为“淡季”，很多装饰公司、家居卖场出现“门可罗雀”的状态，像“佰铭橱柜”这样的企业因经不起“风浪”，索性“人间蒸发”，只留下众多业主讨债无门。然而，近期楼市的升温，给家居行业注入了全新的“活力”，对于下半年的市场大家都摩拳擦掌，积极应对。减价促销，新品引领下半年市场卡子门商圈近几年来逐渐发展成为南京有影响力的“家居商圈”，国际企业宜家的进驻，月星、红星等国际家居馆陆续开业，加上石林家乐家、永隆家居等老牌企业的汇聚，这个商圈前所未有地繁荣着。适逢周末和节假日，各家居卖场的有奖活动、促销手段更是层出不穷，各种新品发布大大吸引着消费者的眼球。而近期宜家推出的“夏季大减价”，消息一经发出，门庭若市，平时只开放一层的停车场不得不再开放一层，来得晚的客户甚至没地方停车。那么这种“大减价”到底为何能让这么多消费者如此“疯狂”呢？据宜家负责人介绍：“自7月10日宜家推出‘夏季大减价’活动以来，从前几天的调查数据显示，销售和访客基本上比平常都要高出五成，原本实行减价销售的500多件商品，在短短几天之内已售完150多种。考虑到广大消费者的实际需求，本周末25、26日又是活动的最后两天，肯定会掀起购物狂潮，为此宜家将在原来的基础上增加200多种新商品参与到此次的大减价活动中，为消费者提供最大的让利服务。”对于此次“夏季大减价”的初衷，宜家的负责人告诉记者：“每半年，宜家都会对所有产品进行一次大规模的调整，更新换代产品，由此而来的就是，随着采购量加大、制造成本降低、优良材料的替代等，产品的价格也随之下降，这就是每年都有的大减价的由来。夏季大减价主要是为了腾出库位，让更多的九月新品上市。下半年的家居市场我们一直很看好，尤其在这种楼市‘急速升温’的环境下，我们会做好更充分的准备迎接下半年的挑战，当然也希望能给消费者营造更为舒适的居住环境。”各显其能，全力提升装修品质下半年的装修市场，每个企业都想分一杯羹，对此大家都是使出浑身解数。龙发装饰举办的《市民家装课堂》为其赢得了口碑和市场，并吸引了一部分下半年准备装修的业主；北京业之峰装饰推出的“环保预评估系统”、“家装案例库”等，给市民装修一个安全环保的家……真可谓各显其能。作为老牌企业的爱华装饰董事长顾爱华告诉记者：“下半年的家居市场很可能会处于两极分化的状态，虽然市场潜力无限，前景也比较看好，但有的企业要改变现状确实很有难度。爱华装饰针对下半年采取的措施则是在原来的基础上进一步提升工厂化的规模和质量。近期在东郊投资建设的上千平方米的新厂房，预计将在9月份投入使用，原来的工厂全部搬至新厂房，工厂化不仅能提高原先的质量，对缩短装修工期也有所帮助。当然最吸引消费者的应该是省钱，从成本测算来看，一个在市场购买的9000多元的大衣橱，在工厂生产的话可能连一半的价格都不到，所以大大节约了消费者的装修成本。”谈及下半年市场，鑫屋地板的总经理张晓强很乐观地认为：“在当前市场不景气的情况下，鑫屋地板也保持着淡季不淡的良好势头，尤其在卡子门红星美凯龙又开设分店之后，销售业绩节节攀升。眼下正是高温季节，虽然地板市场出现了逆市，但对于下半年的市场我们要未雨绸缪，不断调整经营策略，寻找取胜市场的突破口，努力在品牌内涵和服务内容上提升企业的核心竞争力。”,3,4,0.7149214744567871
楼市开始复苏 深圳家居市场迎来新一波热潮对于不少从事家居行业的生意人来说，经历2008年就宛若在漫长的隆冬里煎熬。所幸的是，2009年开年后房市回暖，这让处于其下游链条的家居市场获得了复苏的力量。昨日，记者走访乐安居、百安居、世纪中心·红星美凯龙等家居市场，感受到一派暖洋洋的景象。 销量上涨三至五成“去年销售走都走不动，今年就回过劲儿来了。”这是记者在采访销售人员过程中最常听的一句话。在世纪中心·红星美凯龙家具广场，柏森家具店长杨仰东在谈到去年生意状况时，不免有些叹气，“受楼市影响，去年我们在深圳的整体情况都不好，拿到的订单也比往年少。”谈及今年情况，杨店长的语气一下舒缓了不少，“今年上半年，我们的销量同比增长了近一半。与房地产商的合作还给我们带来了‘购物团’，现在我们每天的客流量最多能达到五六十人，其中还有10%左右来自辽宁等外地的客户，他们下单后可回本地取货。”在乐安居福田中心店，惠万家陶瓷店的销售员杨先生说：“去年我们基本没有什么外地客户，今年就占到了10%以上，大部分来自香港，多半是在熟客的推荐下过来的。”据乐安居副总经理曹楷灵介绍，去年受楼市低迷影响，整个家居行业面临严峻考验。以乐安居为例，2008年整体销售量较往年下滑10%至15%，对于惯常是旺季的下半年来说，也没有出现预期的井喷现象。“当时，不少建材商估摸着2009年可能会遇到更低的低潮，因此在产量的投放等方面都作了限制。”但没想到，2009年一开年，乐安居就迎来开门红，销量同期上涨20%到30%。“现在很多建材商都在加紧赶工，忙都忙不过来，市场真的回暖了。”曹楷灵分析，今年家居行业回暖主要源于楼市的复苏，在其刚性需求的影响下，去年积压的购买力在今年得到大量释放。不少消费者见行情上涨，加紧了购买计划，导致今年家居市场出现“火爆”场景。产品价格整体平稳 家居行业回暖，产品价格是否有较大调整？曹楷灵告诉记者，不排除部分产品会有调高的可能性，这一部分可能会集中在新品当中，但常规性商品价格整体平稳，还没有出现调高的迹象。受访的多位业内人士均表示，下半年是家装旺季，但价格不会出现太大调整。一般而言，做家居这一行的上半年会有微亏或持平，下半年才开始赚到钱，如果在这个基础上还要提价的话，就会得不偿失。此外，由于去年价格上涨的钢铁原料在今年年初有所回落，因此今年的五金价格微微下调。记者通过走访还发现，目前不少商家正进行促销活动，小至电插座，大至高档家私，均有不同折扣的优惠。在一家知名家居市场里，导购员小郭告诉记者，到了“十一”，他们还有一波大型的促销活动，“到时候可能就要人挤人了。”后市发展看楼市脸色上半年家居行业出现的销售回升，让不少销售人员对下半年更大一波热潮的到来抱有信心。不过，一些业内人士则建议，要理性看待市场趋势，尤其要注意楼市的走向。世纪中心·红星美凯龙副总经理郭键在接受记者采访时表示，家装行业虽随着房市回暖而走高，但并不希望看到房价“虚高”，因为“虚高”对高档家居市场是个不小的冲击。“投资客并不需要实实在在地装修住家，所以大户型、豪宅的高端客户购买力并没有被家居市场真正吸收。相反，摆饰等适合白领阶层的中档家居则更受欢迎。”曹楷灵也表示，目前楼价太高，影响了整体消费者的购买力，使不少消费者的购房热情降低。下半年是装修旺季，她估计家居市场不会一下子出现“过火”的情况，还得靠刚性需求维持平稳的状态。,3,4,0.7945559024810791
榕红木家具去年底涨价10%～30%记者从国内高端红木家具生产基地仙游了解到，从去年下半年开始，红木原材料开始上涨，到目前最高涨幅已超50%，价格已接近2007年最高点。受此影响，记者昨日走访福州国际家具城以及二环路多家红木家具店发现，红木家具价格较去年上半年上涨了10%～30%。莆田连天红红木家具有限公司负责人透露，随着楼市、股市回暖，红木家具也开始出现上涨的趋势。去年年初，红木家具市场还很冷清，从四五月份开始，出现了销售小高潮。记者从莆田仙游榜头的红木市场了解到，红木家具上涨缘于红木原材料价格从去年下半年开始大涨，如一级小叶紫檀原材料，去年上半年每吨为30多万元，到现在已涨到60万～70万/吨。福州台江排尾一家红木家具商吴老板称，去年8月份以后，印度小叶紫檀、越南黄花梨等高档红木原材料涨幅超过50%，而老挝红酸枝、非洲鸡翅木等中端红木原材料涨幅在10%～30%。莆田仙游榜头红木市场不少红木家具商称，由于红木稀缺，近几年红木被各界人士追捧，红木家具行情也经历了“暴涨暴跌”。据介绍，由于红木材料商的炒作，到了2007年底，红木价格达到了最高点，随后受金融危机影响，价格又开始暴跌。以红酸枝为例，2007年最高点售价达6万元/吨，到了2009年3月份降到了2.8万元/吨，今年下半年又开始上涨，现在售价达到4.8万元/吨，接近2007年高点。,3,1,0.8934245705604553
香港环球贸易广场6名清洁工30层坠下身亡香港消息 香港环球贸易广场建筑工地昨日发生严重事故，一架升降机槽内的工作台意外从高处坠下，造成6人死亡。从30层坠下10层当天下午1时许，6名清洁工人正在一架升降机槽内的工作台上工作，工作台突发意外，从30层坠下10层，导致5名工人死亡、1人受伤。至傍晚时分，证实伤者不治，6人全部死亡。香港特区行政长官曾荫权立即到场了解情况。他表示，这次事故非常严重，已要求有关部门彻查事件起因，并了解死伤者家属的需要，以提供相关协助。发展商将发100万元赔偿香港劳工及福利局局长张建宗表示，这次是极严重的工业意外，感到震惊和哀痛，发展商新鸿基已承诺次日向死者家属发放100万元恩恤赔偿，支付死者的殓葬费，以及为死者的子女提供长远的教育经费。而劳工处也会根据法例协助死者追讨工伤赔偿，每名死者最高可获178万元。新鸿基地产发展副主席兼董事总经理郭炳江也对意外感到难过和痛心，向死者家属致以深切慰问，承诺发放100万元恩恤金，并会竭力协助政府调查意外原因，环球贸易广场也会立刻停工，彻底调查及进行全面安全检查。建造业总工会会务顾问蔡镇华初步怀疑事件是承办商监管疏忽，指引不清晰，并质疑升降机槽是否设有围栏。事故发生后死者家属纷纷赶到医院，他们情绪激动，有家属认尸后更全身瘫痪，要乘坐轮椅离开。综合新华社    相关新闻：   香港建筑工地6名工人从高处坠下死亡    男子擦玻璃随窗扇坠楼身亡    石家庄倒楼事故已致10人遇难3人重伤    上海在建楼倒覆事故7名责任人被批捕我要评论,4,7,0.9943642616271973
城建系统两年万余人涉案新华社讯 最高人民检察院昨天通报了查办城镇建设领域商业贿赂犯罪案件情况。据悉，2007年至2008年两年间，全国检察机关共立案查办城镇建设领域商业贿赂犯罪案件9374件、10043人，其中，涉及国家公务员和处级以上干部要案较多，大案所占比例高，涉案金额大，窝案串案突出。受贿案占立案数的77.3%2007年以来，为认真贯彻落实中央决策部署， 深入推进治理商业贿赂专项工作，最高人民检察院针对工程建设、土地出让、房地产开发等领域官商勾结、权钱交易突出等问题， 组织全国检察机关开展集中查办城镇建设领域商业贿赂犯罪案件工作，成效明显。2007年、2008年两年间， 共立案查办的9374件10043人， 分别占查办商业贿赂犯罪立案总数的45.3%和44.5%。其中，受贿7250件，占查办城镇建设领域商业贿赂犯罪案件立案数的77.3%；行贿1879件，占20%。此外，还有单位受贿61件，对单位行贿22件，单位行贿92件，介绍贿赂70件。案件主要发生在城建领域案件主要发生在城镇基础设施建设、房地产开发、单位所属工程建设、土地出让等领域。据统计，发生在这几个领域的案件7990件，占城镇建设领域商业贿赂犯罪案件总数的85.24%。其中，城镇基础设施建设2999件，单位所属工程建设2881件，土地出让1110件，房地产开发1000件。公务员和处以上干部涉案多据悉，国家公务员和处级以上干部涉案较多，两年共立案查办国家公务员3567人， 占立案总人数的35.5%。其中，党政领导663人，土地管理部门501人， 建设部门705人。查办处级以上要案1266人，占12.6%。涉案金额大大案所占比例高从查办案件情况看， 大案所占比例高，涉案金额大。城镇建设领域商业贿赂犯罪案件涉案总金额18.75亿余元，平均个案涉案金额达20万余元。共查办5万元以上大案6976件，占总数的74.4%；其中，50万元以上案件784件，占41.9%。案件涉及城建各个环节在办案中， 检察机关往往是查处一案、带出一窝、牵出一串，许多案件涉及工程立项、规划、审批、招投标、发包分包、采购、资金拨付、交纳税费和施工管理等多个环节。如广州市检察机关在查办“ 北江大堤加固达标工程”涉嫌职务犯罪案件时， 在该工程中深挖出窝案串案10件10人，其中处级要案2人，且均为大案。隋笑飞我要评论,4,7,0.9894458651542664
全国洗澡碳指数排行 西安青岛成最不环保城市全国城市洗澡碳指数排行    洗澡最不环保的城市——西安和青岛超过一成的受访者表示每次洗澡时间超过45分钟，超过六成的受访者表示每次洗澡在15-45分钟之间；另一方面，两地的热水器选用也较少环保考虑，青岛的电热水器使用率高达58.62%，居全国第三。我要评论,4,3,0.964532196521759
洗澡耗时长却减少能耗城市 宁波福州郑州上榜    洗澡耗时长却因热水器环保而减少能耗的城市——宁波、福州、郑州节能热水器(空气能热水器和太阳能热水器)拥有率分别为宁波79.12%、福州70.94%、郑州42.76%，全国其他城市都不到三成；但是，另一方面三地的洗澡耗时超过15分钟的售房者也均超过八成，为全国前三。我要评论,4,3,0.9609705805778503
夏宫荣膺世界奢侈品协会授予世界级奢华居所2009年9月15日，被誉为“中国皇脉当代所在”的夏宫在星河湾会所举办了“夏宫荣膺世界奢侈品协会(WLA)授予‘世界级奢华居所’颁奖典礼暨夏宫新闻发布会”。包括世界奢侈品协会(WLA)CEO欧阳坤先生及诸位理事、夏宫开发商秦皇岛市渤洲房地产开发有限公司董事长刘玉舫女士、意大利使馆代表、星河湾代表及多家媒体记者，皆参与了此次发布会。下午3点半，典礼正式开始，在悠扬而隆重的音乐声中，世界奢侈品协会(WLA)的代表将象征夏宫世界级荣誉的“世界级奢华居所”奖授予夏宫。在此，董事长刘玉舫女士发表了获奖感言，她表示：“世界奢侈品协会的会员多为世界奢侈品领域的最顶级品牌，而夏宫作为一个别墅项目荣膺此誉，是我们极大的荣幸，这也同样印证了我们的开发理念的前瞻性，从一开始的开发我们就不仅仅想把它打造成为一个地产项目，而应该是一件艺术品，一件国际顶级的藏品。”世界奢侈品协会(WLA)是世界非营利性组织，遵循国际贸易公约，以规范国际奢侈品市场(包括豪华企业、品牌和奢侈豪华业)，也是国际组织授权，专业从事奢侈品品牌管理、市场调查与鉴定的行业研究机构，建立了关于世界奢侈品的系列国际权威标准和商业规则。据悉，作为世界精英品牌的行业领导者，世界奢侈品协会(WLA)拥有全球最顶尖的700多个各国奢侈品品牌，在业内拥有深远的影响。据透露夏宫是一个镶嵌在有着两千年皇脉历史的北戴河联峰山上，是联峰山除却中直别墅区外唯一的别墅，具有极高的地缘价值稀缺性，可是说这次的荣誉可谓实至名归。 我要评论,4,3,0.4918166697025299
重庆：每平米须缴5元除渣费 物管才让装修新房“每平方米收取5元钱的除渣费，我们认为太贵！想自己除渣，物管公司却不允许我们进屋装修。”昨日上午，沙区双碑鼎盛山水小区兰女士打进本报热线反映，正准备装修新房却受阻，怀胎9月的她为此伤心地哭了好几场。 投诉：物管强收除渣费兰女士说，她自己没工作，老公也给私人打工，家里没多少积蓄，准备简单装修这套建筑面积81.98平方米的还建房，在得知小区以建筑面积每平方米5元钱的标准收取除渣费后，她想自己除渣。不料小区物管方圆物业公司的朱主任不同意，并称不缴纳除渣费就不能进场装修。随后兰女士拿着录音手机在方圆物业公司办公室咨询：“我们如果不缴纳除渣费，是不是不允许装修？”一位女工作人员小声地回答：“是！”随后她补充说，具体情况需要问主任。五分钟后，物管办的朱主任回到办公室，否认了不缴纳除渣费就不允许装修的说法。调查：500余户已缴费昨日记者来到该小区，随机采访了坐在小区内休息的业主，5-28-7的陈姓业主和3-6-3的另一位陈姓业主均承认，物管方说过不缴纳除渣费就不允许装修的话。5-27-6的朱女士说，为了装修新房，她不得不按建筑面积缴纳了300多元的除渣费。物管：不缴除渣费须签协议朱主任对此解释，统一缴纳除渣费，是为了方便管理，每平方米5元除渣费不算贵，业主可自己除渣，不交纳除渣费。“以前其他小区多次出现过业主晚上把建筑垃圾偷偷倒在路边的情况。只要业主和我们签订协议书承诺按规定倒垃圾，他们就可以不缴纳除渣费。”今后他们会做好沟通工作，避免再产生此类误会。据朱主任介绍，小区共有5栋楼房，共900余户业主，目前已有500多户缴纳了除渣费，进行了新房装修。房管局：物管无权阻止业主装修收除渣费合理吗？市房管局物管处的工作人员周先生说，重庆正在起草《物业服务管理收费办法》中的“装修管理费”，会对除渣费给出一个指导价。目前除渣费收取多少是业主和物管方协商定价。目前我市小区的除渣费也基本在每平方米4元至5元间。业主在保证建筑垃圾不乱倒的情况下，也有权不缴纳除渣费，物管方不得强行收取。周先生还表示，物管是无权阻止业主进屋装修的，若遇此事，业主可在各区房管局的物管科进行投诉。(记者 张畅) 我要评论,4,3,0.7221529483795166
颐和原著将成不可复制豪宅典范(组图)易居中国投资控股有限公司董事兼执行总裁、华北区域事业运营总部总经理臧建军在参观后也表示：龙湖颐和原著不是豪宅，是顶级住宅。“看样板间的之前，对里面的功能是不确定的，因为房子做大了之后很可能像个会所。看了样板间之后，发现龙湖在空间的使用度上面做到了把大空间做小，这些东西才是最重要的。由此来说，这个项目将会形成一个标杆，这个产品也会成为龙湖的历史上浓重的一笔。”臧建军感慨道。“豪宅最重要的三个要素地段、环境、声望决定了龙湖颐和原著是不可复制的。龙湖颐和原著全面诠释了‘豪宅至上’的概念，称之为豪宅的不能是郊区的别墅，一定是城市住宅，一个是静，一定要安静，还有一个是境，不是真正的情境，可能是环境，包括人和人之间的环境，周边的环境等。”当代集团总裁姜鹏也在参观后第一时间予以了龙湖·颐和原著项目高度评价。座谈会上，富力地产北京营销中心总经理吴文表示：“看了样板间之后就传递出来的感觉是：这就是一种生活。很多开发商做的样板间有一点像家具卖场那样的，放很多的家具吸引人，但是没有关心到生活所需要的那种细节。但今天参观了颐和原著却完全这种感觉。”我要评论,4,3,0.7391108870506287
十七届中纪委会第四次全体会议公报核心提示：中共第十七届中央纪委第四次全会19日在北京举行，会议公报透露，将把住房、投资、配偶子女从业等情况，列入领导干部必须报告的个人情况，认真解决一批涉及领导干部廉洁自律的突出问题。新华社北京9月19日电 中国共产党第十七届中央纪律检查委员会第四次全体会议公报(2009年9月19日中国共产党第十七届中央纪律检查委员会第四次全体会议通过)中国共产党第十七届中央纪律检查委员会第四次全体会议，于2009年9月19日在北京举行。出席会议的中央纪委委员118人，列席28人。中央纪委常委会主持了会议。这次全会的主要任务是：认真学习贯彻党的十七届四中全会精神，分析研究党的作风建设和反腐倡廉建设面临的形势与任务，深入推进党风廉政建设和反腐败斗争，为加强和改进新形势下党的建设、夺取全面建设小康社会新胜利、开创中国特色社会主义事业新局面提供坚强有力的保证。全会审议通过了贺国强同志代表中央纪委常委会所作的《认真贯彻落实党的十七届四中全会精神，深入推进党风廉政建设和反腐败斗争》的报告。全会认为，党的十七届四中全会是在新中国成立六十周年之际，在应对国际国内重大挑战、推动党和国家事业实现新发展的关键一年召开的一次具有重要意义的会议。会议审议通过的《中共中央关于加强和改进新形势下党的建设若干重大问题的决定》，是指导当前和今后一个时期党的建设的纲领性文件。全会一致拥护十七届四中全会审议通过的《决定》，一致拥护胡锦涛同志在十七届四中全会上的重要讲话。全会强调，党的建设是党领导的伟大事业不断取得胜利的重要法宝。各级党组织和广大党员干部一定要全面领会十七届四中全会精神，进一步增强加强和改进新形势下党的建设的责任感和紧迫感，认真理解执政党建设的基本经验，准确把握党中央对加强和改进新形势下党的建设提出的新部署、新要求，以更加坚决的态度、更加有力的措施，深入扎实地推进党的建设新的伟大工程。全会要求，全国纪检监察系统要迅速掀起学习、宣传、贯彻四中全会精神的热潮，集中时间、集中精力，组织广大纪检监察干部认真学习十七届四中全会文件，紧密结合纪检监察工作实际，在武装头脑、指导实践、推动工作上下功夫，把思想统一到全会精神上来，把力量凝聚到实现全会确定的各项任务上来。各级纪委要在党委的领导下，切实增强政治责任感，认真履行党章赋予的职责，推动十七届四中全会重大部署和各项任务的贯彻落实。按照建设马克思主义学习型政党的要求，加强党性党风党纪教育和反腐倡廉教育；按照坚持和健全民主集中制的要求，加强党内民主建设，保障党员民主权利；按照深化干部人事制度改革的要求，匡正选人用人风气，坚决整治跑官要官、买官卖官、拉票贿选等问题；按照做好抓基层打基础工作的要求，扎实推进基层党风廉政建设；按照弘扬党的优良作风的要求，协助党委抓好党的作风建设；按照加快推进惩治和预防腐败体系建设的要求，在坚决惩治腐败的同时加大教育、监督、改革、制度创新力度，更有效地预防腐败。要按照党建工作责任制的要求，协助党委加强监督检查，严明党的纪律，督促有关部门切实抓好职责范围内的党建工作，保证和促进十七届四中全会精神的贯彻落实。全会指出，党的事业愈发展，党的建设愈深入，党风廉政建设和反腐败工作就愈要抓得紧而又紧。各级纪检监察机关要全面贯彻十七届四中全会关于加强党风廉政建设和反腐败斗争的一系列部署和要求，坚持标本兼治、综合治理、惩防并举、注重预防的方针，认真落实《建立健全惩治和预防腐败体系2008-2012年工作规划》，严格执行党风廉政建设责任制，切实加大查办违纪违法案件力度，坚决查处一批大案要案，严肃查办发生在领导机关和领导干部中滥用职权、贪污贿赂、腐化堕落、失职渎职案件，严肃查办商业贿赂案件和严重侵害群众利益案件，严肃查办群体性事件和重大责任事故背后的腐败案件，保持惩治腐败高压态势；严肃纠正一批损害群众利益的不正之风，切实维护群众切身利益；认真解决一批涉及领导干部廉洁自律的突出问题，依纪依法查处和整治领导干部利用职务便利为本人或特定关系人谋取不正当利益等问题，在认真贯彻落实好《关于领导干部报告个人重大事项的规定》的基础上，把住房、投资、配偶子女从业等情况列入报告内容，加强对配偶子女均已移居国(境)外的公职人员管理；抓紧制定一批反腐倡廉法规制度，提高反腐倡廉制度化、法制化水平；扎实推进一批改革措施，坚持不懈地把党风廉政建设和反腐败工作引向深入。各级纪检监察机关要围绕中心、服务大局，切实加强对中央重大决策部署贯彻执行情况的监督检查；立场坚定、旗帜鲜明，坚决维护党的政治纪律；心系群众、服务人民，切实加强和改进党的作风建设；惩防并举、注重预防，加快推进惩治和预防腐败体系建设；解放思想、与时俱进，以改革创新精神推进纪检监察工作，提高反腐倡廉科学化水平，努力开创党风廉政建设和反腐败斗争新局面，为继续推进党的建设新的伟大工程、继续推动党和国家事业向前发展提供有力保证。全会强调，各级纪检监察机关一定要深刻领会十七届四中全会精神，充分认识加强自身建设的重要性和紧迫性，把它作为一项基础工程切实抓紧抓好，进一步教育和引导广大纪检监察干部切实做到对党和国家无限忠诚、对腐败分子和消极腐败现象坚决斗争、对广大干部和群众关心爱护、对自己和亲属严格要求，努力建设一支政治坚强、公正廉洁、纪律严明、业务精通、作风优良的纪检监察干部队伍，树立纪检监察干部可亲、可信、可敬的良好形象。全会号召，全党同志要更加紧密地团结在以胡锦涛同志为总书记的党中央周围，高举中国特色社会主义伟大旗帜，以邓小平理论和“三个代表”重要思想为指导，深入贯彻落实科学发展观，进一步统一思想、坚定信心，开拓创新、真抓实干，以党风廉政建设和反腐败斗争的新成效，保证党的十七届四中全会精神的贯彻落实。 我要评论,4,7,0.9977454543113708
提前还贷潮今年未现李娟即将进入10月，在利率这么低迷的情况下，要不要提前还贷呢？黄小姐看着存折上的15万元，开始盘算起来。以往利率调高之前会引发一波提前还贷潮，今年是不是也适合提前还贷呢？看看银行的人怎么说。记者从工商银行上海分行黄小姐处了解到，今年提前还贷的人并不特别突出，这部分人在每年年初的时候比较多，大部分人都是拿了年终奖和一年的积蓄去提前还贷。春节是每年提前还贷的井喷期，很多人手头多了一笔闲钱，就会考虑先减少住房的压力。从今年的情况来看，现在预约去提前还贷的人并不多，“这一块业务并没有受金融危机的影响，每年的九十月份是楼市比较好的时候，贷款业务比较多，来做提前还贷的人都不太多。”黄小姐表示。“金九银十”是楼市成交的旺季，许多贷款业务都是在每年的第三季度完成的，大部分贷款大概贷多少呢？“从总量来看，首付三成的比例比较高，如果是二套房的话，很多人也会首付四成。”中国建设银行杭州宝石支行个人金融部经理庞涛表示，不过这还是根据个人的实力来看，如果是500万元的一套房子，贷款三成的话，每个月的压力就相当大。一般工薪阶层贷款额度大部分都是在100万元以下。每个月的还款额多少比较合适，“最好每个月不要超过家庭总收入的50%，否则的话压力比较大。以家庭为单位来考虑的话，除了养房，很多家庭还负担养车、孩子教育、赡养老人的费用，如果想要比较舒适的生活，还是控制在收入的一半以内风险较小。”工商银行上海分行相关人士表示。当然，从银行的角度出发，并不赞成许多人“咬紧牙关”贷款，“很多黑名单就是当初以为可以承受，后来工作发生些变动，每个月还贷压力太大导致。”在今年利率这么低的情况下，要不要提前还贷呢？庞涛表示：“最好不要，利率这么低的情况下，可以选择其他的理财方式、理财产品或者做其他领域的投资，投资是可以随时中止的，相对要灵活许多。”他表示，如果今年不调息的话，现在的按揭利率至少可以维持14个月左右，低利率也是做其他投资的好时机。 我要评论,4,1,0.9659721255302429
中纪委要求领导干部增加报告住房和投资等情况中新网北京9月19日电 中共第十七届中央纪委第四次全会19日在北京举行，会议公报透露，将把住房、投资、配偶子女从业等情况，列入领导干部必须报告的个人事项，认真解决一批涉及领导干部廉洁自律的突出问题。公报指出，十七届四中全会审议通过的《关于加强和改进新形势下党的建设若干重大问题的决定》，是指导当前和今后一个时期党的建设的纲领性文件。公报强调，各级纪委要加强党性党风党纪教育和反腐倡廉教育；加强党内民主建设，保障党员民主权利；匡正选人用人风气，坚决整治跑官要官、买官卖官、拉票贿选等问题；扎实推进基层党风廉政建设；协助党委抓好党的作风建设；加大教育、监督、改革、制度创新力度，更有效地预防腐败。 公报指出，党的事业愈发展，党的建设愈深入，党风廉政建设和反腐败工作就愈要抓得紧而又紧。各级纪检监察机关要切实加大查办违纪违法案件力度，坚决查处一批大案要案，严查领导干部滥用职权、贪污贿赂、腐化堕落、失职渎职案件，严查商业贿赂案件和严重侵害群众利益案件，严查群体性事件和重大责任事故背后的腐败案件，保持惩治腐败高压态势；严肃纠正一批损害群众利益的不正之风。公报指出，要认真解决一批涉及领导干部廉洁自律的突出问题，依纪依法查处和整治领导干部利用职务便利为本人或特定关系人谋取不正当利益等问题，在认真贯彻落实好《关于领导干部报告个人重大事项的规定》的基础上，把住房、投资、配偶子女从业等情况列入报告内容，加强对配偶子女均已移居国(境)外的公职人员管理。公报强调，要抓紧制定一批反腐倡廉法规制度，提高反腐倡廉制度化、法制化水平；扎实推进一批改革措施。公报还指出，要努力建设一支政治坚强、公正廉洁、纪律严明、业务精通、作风优良的纪检监察干部队伍，树立纪检监察干部可亲、可信、可敬的良好形象。 我要评论,4,7,0.8927175402641296
内地富豪最喜欢居住十大中国城市之成都6.成都成都与重庆一样，做为西部城市的顶级时尚领衔者，非常多的奢侈大牌都在这两个城市内设立中西部重点，成都与重庆辐射的是整一片西部地区，因此在很多奢侈品牌的眼里，这两座代表城市具有西部的中心城市的代表性与中心辐射能力。我要评论,4,5,0.7237098217010498
内地富豪最喜欢居住十大中国城市之杭州3.杭州超越广州，成为名副其实的奢侈品第三城，从服饰，皮具，家具，化妆品...许多奢侈品牌已经做到上海，北京，杭州三地才有，甚至某些奢侈品牌已经做到了全国独有。杭州奢侈区之一的湖滨国际名品街也是国内最先进，唯一的顶级商业经营模式，类似于米兰viamontenapoleone等高档商业街区。我要评论,4,5,0.7907722592353821
内地富豪最喜欢居住十大中国城市之深圳5.深圳深圳奢侈品牌也很多，但要比广州少一些，但是奢侈家具品牌却是深圳强项，目前国内奢侈家具类品牌为北京，杭州，深圳三足鼎立的趋势.因为深圳离香港最近，深圳人大部分都去香港消费奢侈品，比例要比同样有去香港消费习惯的广州人要更高一些。我要评论,4,5,0.6700473427772522
内地富豪最喜欢居住十大中国城市之西安9.西安西安中大国际放在全国任何一个城市都是第一流的，西安最近的奢侈市场的蓬勃发展也是非常引人注目，但是西安虽然有两大高级商场中大国际与世纪金花购物中心，销售业绩却在全国并不突出，这使得西安要与成都/重庆在高端领域掰一下手腕，还有待进步与发展。我要评论,4,5,0.682113766670227
"广东8月CPI降幅收窄 专家称可能成年内拐点本报讯(记者/张启通讯员/岳佳综)省物价局日前组织召开价格形势分析会,研判我省8月价格运行情况及未来走势。与会专家指出,8月可能是年内CPI拐点,房地产、汽车、旅游等主要消费行业景气度回升,但农产品价格不会持续大幅上涨。省物价局表示,目前临近建国六十周年庆典,要营造和谐稳定的价格环境,严格控制出台涨价项目,避免调价带来的累加效应。据国家统计局广东调查总队数据,8月我省居民价格消费指数(CPI)连续第7个月出现负增长,同比下降3.1%,但降幅比7月收窄1.1个百分点。汽车消费方面,1-8月我省汽车类零售额大幅增长29.3%,增长幅度远高于消费品零售总额的增长,6、7两月我省乘用车市场则连续出现同比、环比“双增长”的向好信号,表明汽车市场回暖的趋势正在得到巩固。房地产方面,商品房销售持续上升,1-8月全省商品房销售面积同比增长53.1%,增幅比1-7月提高4.3个百分点；销售额增长62.2%,比1-7月提高4.7个百分点。其中8月商品房销售面积环比上涨11%。此外,1-8月全省商品房销售均价同比增长5.9%,比1-7月上涨1.49%。专家认为,宽松的货币政策和投资需求大量入市造成了4月以来商品住房价格的较快上涨,这在一定程度上抑制了市场的自住需求。“目前,政府采取加大对投资需求、违规信贷资金入市的监管力度、打击囤地、囤房行为增加市场供应等措施,预计房价快速上涨的步伐将有所放缓。”旅游业方面,今年上半年,在金融危机和甲流疫情的双重影响下,我省旅游业受到较大冲击。但随着国民旅游休闲计划的启动,以及建设旅游强省一系列政策措施的出台,旅游业开始走出困境。 我要评论",4,1,0.6205034852027893
挪威de森林推介会现场摇号实况（图）主持人：谢谢两位设计师，我特别理解两位的心情，每位设计师任何的作品都像自己的孩子一样，王总也特别有眼光，请到清华大学设计院的设计师们，他们除了具备自己特别优秀的设计方面的才能，两位一位用特别优美的语言，一位用特别质朴的语言特别好的介绍了这个项目。接下来有请北京深长城物业管理有限公司总经理助理葛常勇先生在物业方面给我们解读一下这个项目。 葛常勇：尊敬的各位领导、各位来宾，女士们、先生们下午好，我是北京深长城物业管理有限公司总经理助理葛常勇，参加本次座谈会我感觉非常荣幸，在此我谨代表北京深长城物业管理有限公司对秦皇岛市星光房地产开发有限公司的邀请表示衷心的感谢。深圳长城物业成立于1987年，是国家首批一级资质的全国性专业化的物业服务机构，在北京、天津、合肥等13家区域分公司和8家控股公司，业务遍及全国22个省直辖市，物业类型包括公寓、写字楼、商场、超高层商住等等。过年来，我们长城物业一直秉承服务业主报效社会的服务宗旨，在2005年到2008年度北京以及深圳多家媒体评选中，长城物业获得了京城高管家、十大物业管理金牌公司的称号，2007年长城物业获得了国奥村 (论坛 相册 户型 样板间 地图搜索)的管理权，2009年5月，长城物业成立了集团公司，全面升级服务体系，全力打造SPE暨标准化、专业化、活性化的服务组织，为业主提供安全、整洁、完好、温馨的服务。目前，长城物业已位居全国物业管理行业前三甲，为了实现客户满意经营，我们不断的探索创新服务模式，我们率先实现了阳光物业服务模式，实现了物业管理透明化，对每个项目都制定适合自身运营的模式。针对挪威de森林这个项目，我公司选派最优秀的管理团队，根据本项目的实际情况，比如水岸、森林等特色，量身定制适合本项目的服务体系，在发展商和全体业主的支持下将挪威de森林项目建设成一个美丽、和谐、现代化的人文小区，谢谢大家！主持人：葛总非常干净利落，我觉得物业公司不用过多华丽语言介绍如何做，大家可以具体看表现。今天这么多的专家、设计师、物业公司上台解读这个项目，我想到场的业主对这个项目已经颇有信心，专家的言语、专家的建议都给我们大家增加了信心。接下来进行最重要的环节“摇号环节”首先有请挪威de森林项目总经理王宪凯先生上台为我们介绍一下摇号。 挪威de森林项目总经理王宪凯抓出第一位选房者王宪凯：我就不多说什么了，我代表我们秦皇岛市星光房地产开发有限公司给大家做个承诺，我们公司一定会把挪威de森林这个项目打造成让市场、让客户都认可、都接受的一个精品项目，请大家共同期待。现在我宣布挪威de森林摇号选房活动现在开始。主持人：有请王总抽取今天第一组客户。王宪凯：00039；00091；00089；00067；00087。主持人：下面有请这五位客户跟随我们的工作人员到选房区等候。下面有幸请这位准业主抽取第二组客户。准业主：00068；00020；00073；00059；00011。主持人：尊敬的来宾，下面进行第三组摇号的活动，请上一位准业主，准业主：00093；00069；00095；00098；00088；00099；00038；00070；00096；00097。主持人：有请以上所有号码的客户到我们等候区参加我们的选房活动。下面进行最后一组号码抽取。准业主：00018；00092；00051；00100；00082；00058；00083；00101；00065；00053；00012；00055；00030；00017；00081；00025；00086；00071；00028；00080；00063；00060；00072；00015；00019；00079；00029；00010；00056；00066；00085。主持人：尊敬的来宾，我们所有的顺序都进行产生了，请您参看我们工作人员的记录。本次相约林水间北京纯别墅项目现状研讨会暨挪威de森林推介会到此结束。谢谢各位的光临，再见！(本次活动到此结束）我要评论,4,3,0.982149064540863
心仪刺激计划支票 各地上演央企争夺战今年以来已有十多个省份在京举办项目推介会孟斯硕作为一揽子经济刺激计划的受益者，央企挥舞着支票四处拿地的镜头为其赚足了眼球；与此同时，一些地方政府则从中嗅出了商机，他们也四处出击，开始了一场央企争夺战。 最新的一个例子是，安徽合肥市日前在京举办一场老城区改造项目推介会，吸引到了多达61家央企，几乎占到现有央企总数135家的近一半。该市主要官员以“只要你愿意来”这样的语气，盛邀这些企业前往合肥投资。推介会京城扎堆 9月19日，安徽合肥市政府在北京举办“合肥市老城区改造项目与央企及全国知名房地产企业对接会”。此次推介会，该市共推介68个项目，涉及土地约1.6万亩，计划总投资150亿元。 当天，安徽省委常委、合肥市委书记孙金龙在为其老城区改造等项目推介时表示：“只要你愿意来，我们会以最快速度净地交付，最快时间为企业办理好各种程序，让企业在最短的时间内真正开工建设。” 合肥市政府的热情，引起了许多央企的兴趣。据了解，当天到会的央企多达61家，其中包括中国城建、华润集团、中化国际、航天科工集团等央企。此外，还有数十家房地产企业也到会表达了投资意向。 据合肥当地媒体报道，不仅仅是此次推介的老城区旧房改造等房地产项目将纳入央企推介的范围，未来合肥将要推出近2000亿元的关于民生的项目，都将采取与央企合作的形式。 “这是安徽省的一个总的举措，要求安徽省每个市都准备出一批项目来与央企对接。”合肥市一位官员告诉记者。事实上，在过去的几个月内，这样的推介会在京已经召开数次。譬如，9月初，湖南省副省长陈肇雄率该省有关部门负责人赴京走访部分中央企业，商讨湖南企业与央企的对接合作；河南省安阳市政府在京也举办“央企暨百家国内知名企业与安阳合作发展座谈会”。早在今年7月，浙江宁波也在京召开了“推进与央企战略合作恳谈会”，中石化、神华集团等180多位中央企业负责人和高层管理人员与会。会议召开的当天，宁波市就从这些央企手中拿走了21个项目、总计330亿元的投资额度。 据不完全统计，今年以来，至少有河北、江西、江苏、甘肃等上十个省份，也都启动了类似的行动。央企、地方求双赢 对于此次合肥推介的老城区改造项目的商业价值，与会的北京一家民营房地产投资公司人士告诉CBN记者，这些项目拿地的成本比较高，而合肥属于二线城市，房价相对较低，因此利润空间很小。 对此，中国水利水电建设集团公司副总经理王彤宙告诉CBN记者：“虽然比较起北京、上海等一线城市，合肥的这些项目利润空间比较小，但是合肥的发展潜力比较大，老城区的基础设施、管网、水电等方面是比较成熟，未来发展起来，不仅会对合肥未来带来很大的变化，这也是中国地产业进入合肥的一个重大的机遇。” 央企与地方政府的合作似乎一拍即合。 “这些央企受益于国家投资计划，拥有充裕的资金，而这些资金在寻求规避通货膨胀风险的出口时，房地产成为最好的选择。从地方上来看，中央投资连续下发四批后，地方对于后续项目的资金支持已经非常困难，项目的建设资金缺口也比较大。地方政府希望通过与央企的合作，来得到资金的支持。”上述北京房地产投资公司人士告诉CBN记者。 而另一方面，央企则期冀背靠更多的地方资源来壮大自己，并使自己在2010年继续留在80到100家央企名单中。 中国城市建设控股集团副总裁葛津直言：“经过金融危机后，国家把很大一块资源都给了央企，从融资角度来讲，央企在资金方面是有优势的。央企要想完成国资委布置的利润目标，在传统行业是很难突破的，而房地产恰恰可以成为利润增长的支撑。”根据财政部日前发布的数据，央企前八个月累计实现利润6031.4亿元，同比下降13.8%。我要评论,4,1,0.6528769731521606
白领买房最难的12大城市人才竞争日益多元化，高学历、“海归”等人才早已经不稀奇。前段时间北京举行的“海归”专场招聘会上，“海归”研究生的月薪平均水平为3000元，这让很多年轻才俊大吃一惊。那么，年轻人如何评价自己的收入呢，每个城市消费不一样，收入不能横向比较，要考虑当地的物价、交通、人文等综合因素，在这里，本人总结出个较为经典的评价方法，而且与国内好多城市的朋友同学讨论过，基本都得到大家的认可。就是拿自己的收入和当地房价作比较，仅此而已，你不用去考虑很多诸如物价、消费水平等因素，只要自己的月收入高于或等于房屋平均单价，那么在当地就算不错的收入，属于中等偏上了。比如在西安挣4000元，那么这个档次水平相当于在北京8000元。“白领”主要是指：拥有大专以上学历，工作年限在3～10年之间的年轻人群。上海：普通住宅均价在12000元/?以上，所以在上海月工资税后12000元以上算偏高工资，笔者公司在上海开发的楼盘卖40000元/?，别墅卖2亿元，属于豪宅，不能作为比较对象，上海的收入比北京稍高些，但高得不是很多，没有差别。深圳：普房13000元/?，白领月收入8000元左右，压力比北京稍大，和上海相当。天津：普通住宅均价7000～9000元/?左右，这几年房价猛涨，河东区的都上8000元/?了，开发区的房价8000元/?以上，天津的白领月工资一般在3000元左右随着滨海新区的不断开发开放，天津的房价应该还会有很大的上涨空间，因此天津白领压力最大。北京：平均普通房价8000～10000元/?(通州、五环外)，若月工资税后达到8000～10000元，那么在北京工资中算中等偏上，可以算高工资了，当然，我是指年轻的白领阶层(年龄很大的、老总级别的、演艺界等的除外，不适合本规则)，目前大多白领月收入在税前6000～9000元之间，武汉：房价6000元/?，收入税后要达6000元以上才好，不过大多白领月收入在2500元左右。青岛：房价8000元/?，大多年轻才俊的月收入一般3000元左右，所以年轻人在青岛压力很大。青岛开发区的房价也涨得离谱，现在已经达到6000元/?以上，白领的月工资一般是2500元，压力较大。西安：普房4500元/?，大多青年月收入2000元左右，压力比在国内居中。大连：普房6500元/?，年轻人月收入2000元多，压力较大，别提星海湾，那是高档楼盘。太原：普房5000元/?，月收入2000元，压力偏大。石家庄：普房4800元/?，大多月收入2000元以下。成都：房价5500～7000元/?，大多数人的月工资为2000元左右，买房的压力较大，主要是成都地价近年暴涨，最近，二环附近的地价起拍价是4000元/?了，房子若不卖7000/?，开发商就没赚的了。济南：房价也在6000元/m2左右，一般人月收入2500元，比青岛压力小。 我要评论,4,5,0.954472005367279
"银监会摸底土地融资 信贷担保由乱及治-本报记者 张晓赫 北京报道 近日，据一些商业银行地方支行的信息透露，审计署驻地方特派办已经进驻一些大型商业银行分支机构，开始调查4万亿元政策配套项目贷款的资金流向。其中的一个重点工作就是审计一些地方政府担保的“高杠杆”土地融资是否存在违规投放。这已经是银监会信贷摸底后的再次行动。在今年上半年地方政府担保融资异军突起的背景下，如此强力度的排查，已经将监管层的风险担忧心态表露无疑。“不排除一些地方政府担保的项目过分透支政府信用，而缺乏有效的保障，一旦市场状况逆转，就会带来财务风险。”中国银行总行公司业务部人士表示。今年上半年的政府信用担保只是巨大担保融资的冰山一角，对于许多“无依无靠”的房企来说，更多地选择了集团内部连保以及企业间互保的方式。根据WIND中报数据分析，今年上半年，上市公司作为担保方的担保总额占到上市公司总利润的22.1%，为近3年来的最高水平，其中的担保大户不乏中关村、中航地产、深天健等房企。“担保融资一向被视作银行风险防控的潜在威胁，从监管层对地方政府担保融资质量的排查推断，企业间的担保也将会逐步引起重视。”上述中国银行人士表示。担保成风今年下半年以来，无论是规模上、还是频率上，上市房企的担保融资都出现了集中式的爆发。仅在8月末后的一个月内，就有数十家上市房企公布了担保融资方案。从泛海建设、中华企业分别为旗下控股公司担保融资3亿元、4亿元，到华远地产(企业专区,旗下楼盘)大股东为上市公司提供16亿元融资担保，再到新湖中宝与美都控股表示双方将在1亿元额度内实现互保，各房企或上市公司为旗下控股、子公司提供担保；或母公司、大股东为上市公司担保；又或企业间互保。这还不够，上实发展(企业专区,旗下楼盘)、金地、华业地产(企业专区,旗下楼盘)、深深房等也加入到了此番担保融资的大军中。而随着部分房企今年下半年融资计划的披露，更多的担保融资计划浮出水面。金融街在公布的不超过195亿元的新增贷款计划中，有相当部分的融资将通过担保形式完成。“可以通过其他公司担保，也可以通过控股公司担保。”金融街在贷款计划中表述。“只要是已经公告出来的具体项目或者公司担保，肯定就是已经借到钱了。”上海一家上市房企的高管透露。从创3年新高到继续攀升，担保融资为何如此强势？ 银行信贷回落、地产放贷流程趋于严格与房企加大投资，是各房企选择担保融资的最根本原因。本报记者了解，上半年的信贷井喷，已经使信贷大户建设银行、工商银行等银行的年度放贷额度所剩无几。与此同时，银监会对银行资本充足率的重新严格要求，也使得银行手中的钱袋再次收紧。资本金比例下调而导致房企融资杠杆加大，也在一定程度上对银行的信贷风险防控提出了更高的要求。在银监会的授意下，各银行都加强了放贷的全流程监管。一面是银行信贷收缩，另一面却是房企愈发高涨的投资行情。交通银行首席经济学家连平表示，房地产在经历了2008年的行业投资萎缩后，2009年正在经历着又创新高的一轮投资需求。“下半年房地产行业的投资会继续扩大。”中报显示，包括招保万金四大龙头在内的众多房企都纷纷调高了今年下半年的项目开竣工面积以及土地储备目标。在银行信贷收缩而房企投资加大的背景下，各房企很快发现了担保融资的优点所在。上述中国银行人士也表示，放贷机构在融资项目的审核中，存在着很大的信息不对称问题，在遇到不熟悉的、难以预见未来风险的项目时，除了抵押之外，就会要求相关企业进行担保。“尽管企业的声誉很好，但银行对于企业各地的项目公司却不一定熟悉，只有采取连带责任担保，联合上市公司或者母公司的力量才能突破这个瓶颈。”上实发展某办公室人士表示。其实，集团为项目担保除了能提供“稳足快”的资金之外，还意味着融资成本的降低。“有些大房企与银行有战略协议，其中就包含放贷额度、利率上的优惠等。集团进行担保，也是为了能帮助项目公司获得低成本的融资。”上述中国银行人士表示。除此之外，与抵押贷款不同，担保融资的灵活性也是受各房企青睐的原因。“抵押贷款通常都只是用来做项目开发，而担保贷款很多时候都是不规定用途的流动资金补充，这就给了房企较大的资金使用空间。”能通时代投资管理有限公司总经理陈霞说。可以例证的是，在上实发展、华远地产等房企的担保借款中，相当部分的融资去向都选择了补充流动资金。防控当头然而，越来越多的担保融资已经引起了部分人士对投资泡沫增长以及信贷风险扩散的担忧。在部分业内人士看来，房地产行业过多的担保融资不但是推高房价，助长投资泡沫的元凶之一，同时也给银行与上市公司埋下了巨大的财务风险隐患。中央财经大学银行业研究中心主任郭田勇表示，近期的国企地王频现，与国企为其房地产公司提供银行信贷的担保不无关联。“由于大量担保资金而带来的拿地‘豪迈’，不但误导市场对未来房价的预期，更使还未调整到位的中国房地产市场雪上加霜。这在投资需求旺盛的当下，极易推涨投资泡沫。”与此同时，在这种可预想的投资泡沫风险下，银行风险也被提及。尽管本报记者接触的多位银行人士表示，银行不会因为担保而放宽对融资项目的放贷条件、额度以及利率优惠，但在上述中国银行人士看来，此中风险仍是不可忽视。“由于担保融资的项目多是银行不太了解、抵押物不足或者资金回流不够理想的项目，尽管有连带责任担保，但对于银行来说，风险仍是大于抵押贷款。此外，还不排除一些企业利用信息不对称，通过担保，对一些未达信贷标准的项目进行‘空手套白狼’的暗箱操作。”上述中国银行人士不无担心地说。他表示，国内《担保法》出台后运作的时间并不长，现行制度仍然不完善，一旦监管不力，或者将来房地产市场行情逆转，银行则很容易产生坏账。而对于房企来说，担保融资“水能载舟，亦能覆舟”。在市场看来，尽管担保融资减轻了融资压力，但这样却极易形成链条反应，放大房企的财务风险，同时也容易陷入担保纠纷之中。这种风险并非空穴来风。在中关村的发展史上，曾经60亿元的巨额担保一直是其扭亏的巨大障碍。直至今年年中，公司本部累计对外逾期担保金额仍高达3.24亿元。其中对联营、参股公司的逾期担保金额为2.7亿元，控股子公司累计逾期对外担保金额为496.31万元。2007年，高新发展也曾因对外担保问题爆发，使公司的经营陷入了资金匮乏的不利局面，计提了587.76万元的预计负债。点击进入本刊更多内容：（中国房地产报）订阅热线：800-810-0909我要评论",4,1,0.6185511946678162
第二次全国土地调查抽查核实工作启动中新网北京九月二十一日电(记者 阮煜琳)国务院第二次全国土地调查领导小组办公室将派出10个抽查组，分赴耕地、建设用地面积变化较为明显的10个省区市，对第二次全国土地调查成果进行国家级抽查核实。据介绍，抽查核实自9月21日至28日，由全国土地调查办统一组织，共分10个组，分别负责抽查河北、山西、内蒙古、辽宁、上海、江苏、安徽、河南、湖北、广东等10省区市。国土资源部副部长王世元21日下午在北京举行的“第二次全国土地调查成果国家级抽查核实工作动员会”上指出，这次抽查核实工作是确保二次调查数据真实准确的重要举措。这次抽查核实工作，要对照全国统一的规程规范，实地检查对照，对发现的问题进行全面整改，对弄虚作假的行为严肃查处。确保二次调查数据成果的真实准确性。王世元强调，各抽查组要严格按照《工作方案》确定的抽查内容和程序方法，对被抽查省份二次调查工作中的突出问题，进行重点检查。切实掌握地方二次调查中耕地和建设用地情况。要挖掘典型案例，重申国家对数据成果质量。据介绍，本次抽查核实重点对二次调查中耕地、建设用地面积变化明显的地区，开展内、外业调查成果质量检查，评判调查质量。现场检查部分地区耕地、建设用地面积明显增减的真实性，分析原因。发现一批弄虚作假、虚报瞒报以及质量存在重大缺陷的典型案例，为决战年成果质量打假提供依据。我要评论,4,7,0.7867758274078369
设计师揭秘北京地铁4号线：24个车站换乘方便《天下天天谈》9月24日播出：北京地铁4号线先睹为快，以下为节目实录主持人：罗 旭嘉 宾：白智强 王大伟编 导：乔鲁京 顾云鹏主持人：天下天天谈，天天谈天下，大家好，欢迎您收看我们今天的节目，我是罗旭。最近我们市民非常关心的一件事情，北京市的4号线地铁即将正式通车试运营。那么作为北京市的60件重点工程，即将开通的4号线有哪些特点，今天我们栏目的记者，段静欢在节目当中也带您去亲身的感受一下4号线的魅力，另外今天我们也请到了两位专家，为您解析一下4号线的看点和特点。首先为您介绍北京市铁4号线的总体设计负责人白智强先生，欢迎您白总。白智强：您好。主持人：白总我们知道您是4号线的总体设计的负责人，您觉得4号线和其他的地铁线路相比，最大的特点是什么？白智强：就是4号线最大的特点话就是说，处处体现以人为本的设计理念，比如说换乘站换乘非常方便，车站里边的设施比较人性化等等非常多。比较多。主持人：我想首先应该代表咱们北京市民要感谢白先生为首的这个团队，为咱们北京市民做了一件好事，欢迎您。另外一位是中国人民公安大学的王大伟教授，王教授好。王大伟：您好。主持人：王教授今天作客咱们天下天天谈，咱们来讨论4号线，那关于地铁，关于4号线，您最想了解的问题是什么。王大伟：很多。主持人：很多。王大伟：但是我想它是一条新的贯通北京南北的一个大动脉了可以算，是吧，那么我也想问问，正好白总也在这儿，这个处处以人为本，到底体现在哪些方面？主持人：好，今天节目当中，我们就来剖析4号线的特点，我们下面通过一个短片，我们先来了解一下，北京市地铁发展的一个概况。北京地铁：黄金时代呼啸而来1969年10月1日，从北京古城站呼啸而出的一班地铁，宣告了北京乃至整个中国的城市轨道交通，从此翻开了崭新的一页。40年来，北京相继建成运营了1号线、环线、八通线、13号线、5号线、10号线一期、机场线和奥运支线等八条轨道交通线路，运营总里程达到两百公里。40年，北京轨道交通从无到有，从单一线路到四通八达，实现了跨越式发展。目前除4号线外，北京在建地铁数量达到12条，总投资高达两千亿元，这在世界地铁建筑史上都是史无前例的。在这样的一个国势蒸蒸日上、人民日益富足的盛世，北京地铁注定要创造与这个时代相匹配的辉煌篇章，而这个时代也注定将成为中国地铁建设史上的“黄金时代”。主持人：您看片子中提到，现在已经成为中国地铁建设的黄金时代，白总正好赶上了这么一个黄金时代，对于这样的时代，机遇，您个人最大的感受是什么？白智强：应该说从奥运会以后，为了拉动内需，应该说北京这个地铁进入了高速发展的一个时期，到今年下半年的时候，北京同时有12条地铁，有200多个车站在同时施工，这个不但是在国内，应该是在这个实际范围之内应该是空前绝后的一个事情，就是说我感到就是说能感受这个北京地铁发展的黄金时代，非常幸运。主持人：是，其实现在每一位北京市民，都想到4号线去看一看，去感受一下，其实说到地铁我想北京市民非常的熟悉，就像我本人经常坐地铁，我坐地铁的时候我就看到一个一个的站名，天天坐，觉得很亲切，自己甚至把它编成一个顺口溜，这边是军木南复西天安，这边是，大国永建东王复，大望路，国贸，这个建国门，所以说地铁和我们每个市民的关系，非常的亲切，像我们的一个朋友，王教授是不是也经常会坐地铁？王大伟：对，可以说我们这一代人见证了北京地铁从无到有，从初级阶段到现在四通八达。北京最早的1号线建立的时候，我能记住那个时间，建1号线，那个时候是大开膛，你记得吧，那可能没你呢。主持人：对，肯定的。王大伟：大开膛之后，那时候我们是小孩，往底下一看头晕，站在那上头往下一看，头晕，就是特别特别的深，然后就全大开膛，后来就是第一次上地铁，是一毛钱一张票，对吧，然后就进去了，进去以后才发现，原来地铁的窗户是不开的。是吧。窗户是开不了的，然后一开起来发晕，在里边，你想那时候才10来岁，到现在为止，这么多的地铁，实际上世界我也走过一些个国家，我真的觉得我们的地铁，不光是我们的北京从无到有，就是世界范围我们的地铁也是一流，从现代化，从舒适程度，从美丽程度，在世界上都应该是一流的，其实挺高兴的。主持人：今天我们既然是节目围绕4号线展开，带大家先睹为快，我们有一个外景记者段静欢小段，就代替我们的北京市民，先到4号线去尝尝鲜，看一看，那下面我们就跟着小段一起去看看，她现在是从一个4号线的重要转换车站，海淀黄庄站开始一路南下，我们现在就跟随小段的镜头一起来看一下4号线。记者：好的，罗旭。观众朋友大家好！我现在是在地铁4号线的海淀黄庄车站为您做报道。在我的背后是一张最新版的北京轨道交通线路图，从这张图中您可以看到，这条墨绿色的线路就是地铁4号线。4号线是咱们北京开通运营的第9条轨道交通线，它北起海淀区的安河桥北站，南到丰台区马家堡的公益西桥站，途经海淀、西城、宣武和丰台四个区，是贯通城区西部南北方向的交通干线。在4号线沿途会经过中关村、西直门、西单等繁华街区，以及颐和园、圆明园和陶然亭等名胜古迹。据了解，地铁4号线全长是28公里，一共设置了23座地下车站和1座地面车站。罗旭，有关地铁4号线的总体情况就是这些。主持人：好，谢谢小段，辛苦了，小段现在是在海淀黄庄站，一会儿她还会带着大家一路南下，去感受4号线的特色。白总作为4号线总体设计的负责人，您觉得4号线给我们解析一下具体的特色有哪些？白智强：4号线的特色很多，我简单给大家举几个例子。主持人：好。白智强：第一条，这个4号线是国内一次建成，地下线是最长的线路。4号线全长是28.195公里，其中地下线是27.9公里，第二条就是4号线在这个实际阶段，就是已经把这个同步把南沿和北沿的条件给留好了。就是因为随着北京市城市规模的不断的扩大，就是明年这个北京地铁大兴县要通车了。因为4号线预热南沿的条件，明年大兴县通车以后，可以跟4号线贯通运营，在以后如果有条件的话，就是4号线还可以向北延伸，带动海淀山后地区的发展，第三个就是4号线应该是国内建成地铁里面最安静的一条线路，这个以后还可以展开说，第四条的话，就是北京南站是国铁跟地铁实现零距离换乘的车站，第五条是国家图书馆站，是北京市头一条实现同展台，同方向换乘的车站。主持人：零距离换乘，太方便，真是以人为本。王大伟：对，4号线刚才看了一个整个沿线，实际上非常好的一条线，它是这个南起丰台马家堡，一直到北是北宫门的龙北村，这条线我给它起了一个名字叫龙马精神。孕育着，暗示着我们民族的腾飞。龙马精神，是吧。主持人：您看大伟教授概括的很好。白智强：不愧教授，总结的很好。相关新闻：    北京地铁4号线将于9月25日正式开通    北京新开调整6条公交线对接地铁4号线    4号地铁沿线二手房价累计涨幅达51%    沿着4条新城地铁淘新房我要评论,4,3,0.7369847297668457
40位千万富翁赴美抄底购房 或成烫手山芋有中国首个美国抄底购房团之称的赴美购房团，昨天下午1时40分由首都机场启程赴美。这个团有近40名成员，大部分为专业人士、身家全部超过千万元。他们将于当地时间25日正式开始在洛杉矶、拉斯维加斯、旧金山、波士顿、纽约5个城市共11天的看房活动。 千万身家富豪团第一批赴美购房团总共由40名团员组成，是在400余名报名者中精心挑选出来的。相关人士告诉记者，这批团员来自全国各地，团员分别来自山东、江苏、大连、杭州、深圳、北京、重庆、上海等地，尤以北京、上海两地人数最多，其中上海地区占了5个名额。新闻稿称，从报名者填写的资料来看，大部分报名者身家在1000万元级别。年龄主要集中在35-50岁之间，大部分是房地产、商业服务、商业零售企业、跨国公司的高管，其中三分之二的人购房目的是为投资或自住。首批成员的主要目的是希望了解市场的行情，熟悉当地的流程和法律规范等，会选择一些下降幅度较大、有升值前景的住宅购买，暂无考虑其他类型非住宅物业的意向。多数人员为专业人士莫天全称，这批抄底团大部分都有专业背景，在主办方提到的名单中，多数人员工作单位出自某某置业有限公司、某某投资管理公司等，考察低谷期的美国楼市成为其为中国业务吸取经验的一大手段。另外，在第一批共40名团员中，约有1/4的人本身就持有美国绿卡或美国的商务护照。据介绍，购房团中约有1/3的成员是为了孩子读书而购买较低价格的房产，就近陪读。弹：小心买回烫手山芋深圳综合开发院旅游和地产研究中心主任宋丁：目前美国经济萧条而且并没有走出低迷的趋势，如果在经济下行的过程中投资房地产，其实风险很大，因为美国现在的经济还未跌入谷底，很难预计投资的房产将来是否会继续下跌，所以投资需要谨慎。美国公寓管理费很高，一套普通的二居室公寓，每月的管理费用约在500~1000美元，同时维护成本也是不容忽视的。在美国买房不贵，但是每年的房产税可不低，目前各州房产税率不一，一般按照估价总值的1%~6%进行征收。如果了解得不清楚，很可能买了之后如同“烫手山芋”。 我要评论,4,5,0.625996470451355
原温州开发区规划建设局局长涉嫌受贿被诉中新网温州9月25日电(记者 袁爽 通讯员 心土)原温州市经济技术开发区规划建设局局长郑启明利用职务之便为他人谋取利益，非法收受他人财物达1045000元。目前，浙江省温州泰顺县人民法院受理了被告人郑启明涉嫌犯受贿罪一案。现年51岁的被告人郑启明，是原温州市经济技术开发区规划建设局局长，龙湾区第六届人大代表。据公诉机关指控，2001年，温州家景房地产开发有限公司成立，并在温州经济技术开发区开发“家景花园”房地产项目。“家景花园”房地产项目在土地、规划、建设等审批手续方面得到时任温州技术开发区规划建设局局长郑启明的支持。2003年初的某日，被告人郑启明向温州家景房地产开发有限公司董事长薛某某提出介绍家景花园项目的配套电梯工程。薛某某为感谢被告人郑启明之前的支持，并希望在项目后期的建设、房管审批手续等方面能继续得到其关照和支持，在未使用郑启明推荐的电梯项目的情况下，于2003年4月11日以“电梯利润包干”的形式送给被告人郑启明100万元人民币，郑启明予以收受。温州中环置业股份有限公司(前身为温州民营工业区建设股份有限公司)对温州经济技术开发区15号、16号地块(即名人花园项目)进行开发，在用地功能改变等有关手续审批方面得到时任温州经济技术开发区规划建设局局长郑启明的关照和支持。从2003年至2009年，该公司董事长李某某为表示感谢，并希望能继续得到被告人郑启明的关照，先后八次送给被告人郑启明“好又多”银行购物卡和现金合计人民币45000元，被告人郑启明均予以收受。5月28日，被告人郑启明被温州市公安局刑事拘留，经温州市人民检察院批准，于6月11日被依法逮捕。案发后，被告人郑启明主动退还赃款人民币1045000元。公诉机关认为，被告人郑启明在担任温州市经济技术开发区规划建设局局长期间，利用职务上的便利，为他人谋取利益，非法收受他人财物1045000元，其行为已触犯刑法，应当以受贿罪追究其刑事责任。法院将择日开庭审理此案。(完) 我要评论,4,7,0.9568244218826294
方太&米博鼎级旗舰店入驻杭州大厦(图)2009年9月25日，作为国内厨房电器和热水器鼎级品牌，方太&米博旗舰店将在杭州大厦隆重开业。作为方太&米博专卖店在杭州的高端展厅之一，此次杭州大厦旗舰店采用了现代化的设计风格，宽敞明亮、布局错落的展厅不但充分体现出方太、米博品牌的高端，更标志着方太集团高端渠道布局的开始。“杭州是我们的重点市场之一。这不仅因为杭州在米博市场规划的战略版图中具有举足轻重的位置，更为重要的是随着杭州的不断发展，业已展现出极大的市场潜力。”方太集团杭州分公司总经理表示，“旗舰店的落成，不仅表明我们对该市场的重视，也希望能够带给消费者能够与产品定位匹配的高端消费环境。”近年来，随着杭州城市综合能力的进一步提升，人们开始越来越关注自身的生活品质， 以高端、专业为品牌核心的方太、米博，正好契合消费者不断提升的产品需求。而以“生活?购物?享受”为时尚经营理念、拥有顶级卓越的品牌阵容的杭州大厦，在本地商界素有“旗舰店”之誉，与方太&米博旗舰店的理念和定位不谋而合。这也是此次旗舰店选择入驻杭州大厦的原因之一。据介绍，此次开业的方太&米博旗舰店主体采用灰、白、深咖啡色三种色调，点缀明亮的橙黄色，优雅、高端、端庄的同时，又不失活泼灵动。店面巧妙分隔为方太区和米博区。由于采用了统一的设计风格，两者之间既有区分，又浑然一体，不仅近距离带给消费者优雅、舒适的体验环境，更展现出当前时尚潮流的厨卫设计和领先科技。 “方太和米博都是为高端人士打造的专业品牌，旗舰店让消费者在同一空间内感受从厨房到卫浴的全方位高端选择和享受。” 杭州分公司总经理表示。作为方太集团的高端品牌，方太面向嵌入式厨房电器领域，7月份刚刚上市的米博则是专业化的高端热水器品牌，致力于为消费者提供家庭热水系统解决方案，两者的强强联合可谓相得益彰。值得一提的是，此次旗舰店的盛大开业，表明了方太集团对高端渠道建设的重视。此前在米博发布会上，方太集团总裁茅忠群曾表示，在保证卓越的产品品质的基础上，米博将以极大的魄力放弃代表相当数量的销量和利润的传统销售渠道——连锁家电卖场，而只在专卖店和高档百货商场里面销售。而本次方太&米博旗舰店入驻杭州大厦，从某种程度上证明了方太集团的高端路线。“旗舰店的开业表明了方太集团的态度。”业内人士评价，“方太集团希望借助高端旗舰店的形式来展现品牌的定位，并打开杭州的高端市场。”而行业专家则认为，这可能是方太集团系列举措的开端。“国内一向认为厨房电器或者热水器，仅仅是家用电器而已，方太&米博旗舰店可能会改变这种看法。方太集团也许会藉此将新的产品态度和生活方式引入杭州厨卫市场，并进而向消费者介绍方太&米博系列产品。” 我要评论,4,3,0.890323281288147
方太O-Touch光影六系惊艳亮相方太&米博旗舰店就在人们翘首以盼新装iPod Touch之前，Touch风潮已然率先涌动于厨电领域。2009年9月25日，国内厨卫顶级品牌方太&米博旗舰店将在杭州大厦隆重开业，届时，设计感强烈、时尚十足的方太O-Touch光影六系也将与消费者正式见面，引爆厨电行业的Touch热情。据悉，“O-Touch光影6系”是由方太与美国设计界权威IDEO公司共同担纲研发，包括吸油烟机、燃气灶、消毒柜、微波炉、烤箱等成套化嵌入式厨电。外观上，皆采用橙色光圈点缀深咖啡色玻璃镜面，风格极简，流光溢彩；设计上，人机对话的智能模式已然极致——一切按钮，都在隐匿式的设计理念下退居幕后，手指飞扬，即刻开启厨房各项功能，宛若置身未来。而在主设计师的眼中，“O-Touch光影6系”却并非耀世的资本，而更似人缘颇佳的伴侣，她简约、优雅、贴心、懂得，她让厨房从此不再冰冷，她让烹饪从此充满生趣：菜谱可预先存储，自行烹饪；Easy Clean Door设计，让烤箱清洁不再困扰；餐具到达消毒临界点时，消毒柜自动感应，循环杀菌……不一而足。更为难能可贵的是，方太首次将嵌入式蒸箱引入中国，在进一步完善厨房功能的同时，对健康烹饪提出更高的要求。业内人士预测，近年来，随着杭州城市综合能力的进一步提升，人们开始越来越关注自身的生活品质，以高端、专业为品牌核心的方太、米博，正好契合消费者不断提升的产品需求。此次“O-Touch光影6系”的出现将对今后厨房电器的外观与功能产生巨大影响。点触间，仿佛踏入未来时空般；无需按动开关，只需手指轻抚即刻完成下厨；塑造出极净厨房的视觉感官双重体验。相信随着“O-Touch光影6系”的铺陈开来，将有更多的消费者难以抵挡Touch的诱惑。9月25日，在方太&米博鼎级旗舰店入驻杭州大厦之即，O-Touch光影六系即将启动，产品上光触屏已经在闪动昭示：如果身在杭城的你，期待您开业期间您的光临，Just touch。 我要评论,4,3,0.9565559029579163
"香港豪宅遭热捧 350组内地客黄金周赴港扫楼中新网9月27日电 在低息及看好香港经济前景的前提下，内地客持续来港买楼作投资甚至投资移民，豪宅在内地客的热捧下旺上加旺。有见及此，发展商及代理积极部署于国庆黄金周吸纳该批“贵客”，纷纷推出包括小规模块团，以至单对单贴身由内地陪至香港，又或于国庆晚上开放可观赏维港烟花景的示范单位等“奇招”作招徕。据了解，至少有350组的内地客经发展商及代理安排，将于国庆黄金周南下来港搜购物业。据香港《文汇报》报道，近期热卖豪宅新盘何文田富甲半山，发展商长实地产投资董事黄思聪指出，将会由地产代理自发安排带内地富豪个别到该盘参观，发展商并会酌量加推单位配合市场需求。恒基地产于9月26至10月7日向选购大角咀亮贤居、星汇居及嘉贤居指定单位买家，送赠半年至两年物业管理费。同时，买家选购2房单位可获赠6800元现金利是，3房单位可获赠10800元现金利是(内地客以人民币支付)。尖沙咀河内道名铸，发展商新世界发展会于10月1日晚上开放现楼示范单位，并会有美食招待200名贵宾及约100名地产代理欣赏维港国庆烟花表演，以增强促销效果。信和置业于火炭站上盖物业御龙山亦会与美联移民顾问合作，于10月4日安排30至40名来自广东省的投资移民客来港买楼，当中主要为广东省的企业客、厂家等。信和置业营业及市场部总经理刘贵玉指出，近期已接获20至30组内地客查询。她又指，凡经美联移民顾问购入御龙山的买家，有机会获得6万元的移民顾问费回赠。于内地27个省市拥有600间分行及雇用16,000名地产代理的中原中国亦不甘后人，中原地产董事总经理陈永杰透露，趁今次十一黄金周长假期，中原会以1对1的贵宾接待方式，由中原中国内地代理陪同约200组内地豪客到富甲半山、名铸、九龙站及港岛区二手豪宅参观。机票及酒店住宿费用由贵宾自付，中原中国则会派地产代理由内地以单对单贴身服务形式，陪同贵宾来港参观豪宅。香港置业九龙区营业董事姚伟南则称，港置会组织50至100名计划投资600万至1,000万元物业的内地中产阶级来港进行投资移民，主要参观东南九龙新盘如豪门、誉.港湾及嘉贤居等中价物业。     相关新闻：    京沪买家驱车入穗抢豪宅 开发商不再打优惠战    黄金购房季之北京10大城市豪宅(图)    黄金购房季 十一黄金周城八区在售豪宅(图)    京城豪宅持续热销我要评论",4,7,0.8417230844497681
黄金购房季之金秋家居打折大盘点之东鹏项目名称：东鹏优惠活动：瓷砖：全场55折、仿古砖66折 + 全款优惠洁具：全场55折，购买二项再打96折、三项94折、四项9折+全款优惠 签单并交全款，成交价基础上再打9.8折。金果套餐3888元，套餐含：墙砖15?+地砖3?+座便器+龙头+花洒+浴室柜+镜子备注：套餐不含配件费、花片、腰线。套餐配件费为120元。3888元套餐活动期间交全款有效。“金玉纳福”套餐(金碧辉煌、纳福娜系列产品套餐)购“金玉纳福”系列产品不低于15平米，再购一款墙砖(仿古砖、瓷片，不低于15平米)，瓷片部分95折，再购一款瓷片(不低于15平米)，瓷片部分整单9折。37年陶瓷产业成就，国庆献礼特供！东鹏玻化砖经典——【金碧辉煌】、【珊瑚玉】、【纳福娜】东鹏[晶花技术]代表作——金碧辉煌802923，欢庆价：138/?。东鹏[冰透粒子技术]代表作——珊瑚玉802010，欢庆价：118元/?东鹏[岩涌技术]代表作——纳福娜803001/803011，欢庆价：238元/?活动时间：9月26日至10月11日项目名称：杜菲尼优惠活动：    1，进店有礼，来者即送2，限量抢购3，超值套餐4，全场6.8折活动时间：10月1日至10月8日我要评论,4,3,0.8166362047195435
黄金购房季之金秋家居打折大盘点之曲美项目名称：曲美优惠活动：活动一：汉斯经典“纪念版”家具套餐低至5.8折！折后满10000再送800。 活动二：全场正价商品，尊享超值折扣优惠！不仅如此，折后购物满10000再送800！此外，网络商城“维格尚品”系列家具，全国统一官网直购，挑战板式家具极限低价，为您至少节省30%！活动时间：10月1日至10月8日项目名称：生活家. 巴洛克优惠活动：超低价格：此次北京生活家地板推出全场超低优惠并推出共40款特价产品，包括巴洛克仿古系列、实木复合标准版系列、洛可可强化系列；最低79元起；10多款巴洛克仿古地板原价373至410元，十一特惠价210元至270元不等。让京城百姓享受真正的惠礼！惊喜豪礼：凡活动期在我公司购买巴洛克系列地板，在享受相应折扣的同时，还可获取价值200元巴洛克代金券一张。订单送礼：每位消费者凭订单领取大礼一份！单单有礼，机会不容错过！进店有礼：活动期间进店咨询选购的顾客，即可获赠精美礼品一份，赠完为止。活动时间：10月1日—10月8日项目名称：十里河优惠活动：曾经买过，一定送：为了答谢客户队十里河的灯饰成九年来的关爱，如果您曾经买过十里河灯饰城的灯具，凭据购物发票即可在十里河的兑换一件礼品。礼品1000件送完为止。礼包2：现在来买，立刻送：从9月26日起至10月8日，凡在十里河灯饰购买灯具超过 300元可获得一次抽奖机会。中奖率100%。大奖：液晶电视机一台。礼包3：品牌灯饰，特价送：二楼品牌灯饰十一期间打折让利，回馈顾客。精品灯饰价格全市最低。礼包4：即使不买，还能送：即使不买十里河灯饰城灯具，但是您光临十里河灯饰城，留下姓名和电话号码，10月1日---10月8日每天活动结束时，我们现场将抽出10名幸运奖(累计共80名)。活动时间：9月26日至10月8日项目名称：太阳花优惠活动：进店有理赠品一：凡购买太阳花散热器2000元以下任何产品，即送洁丽雅情侣毛巾一盒(二条)。 赠品二：凡购买太阳花散热器产品价值2000元-2999元，即送洁丽雅浴巾一条。 赠品三：凡购买太阳花散热器产品价值3000元-4999元，即送浴巾一条+情侣毛巾一盒(两条)。 赠品四：凡购买太阳花散热器产品价值5000元以上，即送精美活性碳雕一个。活动时间：10月1日至10月3日我要评论,4,3,0.8641841411590576
"黄金购房季之金秋家居打折大盘点之法恩莎项目名称：法恩莎优惠活动：惊喜一 法恩莎卫浴活动当天将推出最低团购折扣，保证同期最低！惊喜二 数十款十一特供单品任你选择, 法恩莎马桶399元！惊喜三 多款套餐抄底价，适合你不同的风格需求，满足您装修省钱的欲望！惊喜四 活动当天推出超值自由组合套餐, 马桶、浴室柜、龙头你的喜欢你做主！惊喜五 法恩莎智能马桶、VIVI智能马桶全线让利, 更有超低特价等你拿！惊喜六 十一市场的促销款式，活动当天再享更大让利优惠！ 惊喜七 更多特供价和优惠还在申请中，神秘优惠价格将当天揭晓！(注：神秘特价根据网友反映的最低价格制定)赠送一：买专供地拖盆送价值468元龙头一个赠送二： 买法恩莎卫浴专供套餐加8元送高档浴室镜赠送三： 买法恩莎高档实木浴室柜加1888元赠送价值14086元的法恩莎智能马桶，或加666元赠送价值2257元的法恩莎喷射虹吸式连体马桶活动时间：10月3日项目名称：古沙优惠活动：买古沙套餐,送:价值300元 3D杜邦抱枕一个.送价值1380元棕绵加厚床笠一个,送价值2980床外套一件活动时间：9月25日至10月8日项目名称：弘高优惠活动：现场领取折扣券,凭券满1000减200,满2000,减400.以此类推.自营家具2折起活动时间：10月1日至10月8日项目名称：金意陶优惠活动：1,全场买2000返1000元现金(所有配件、特价产品、买一?赠一?产品不参加)2,厂家直供，国庆特享产品买一?赠一?.3,15款精品超低价抢购活动时间：9月26日至10月11日我要评论",4,3,0.9621316194534302
"黄金购房季之金秋家居打折大盘点之爱依瑞斯项目名称：爱依瑞斯优惠活动：项目名称：班尔奇优惠活动：一、柜体部分1.大亚板柜体全场7折；2.实木柜8.5折；2.KI007，18mm板原价300元/平米现特价178元/平米二、移门部分1.推拉门、隔断门全场7折；2.欧式门8.5折；备注：1、本次活动与店内活动只能二选一；2、五金件、抽屉类不打折；活动时间：10月1日至10月8日项目名称：城外诚优惠活动：首重礼：城外诚购物特惠册，优惠总额达85万元,二重礼：500辆环保电动车寻主人，大奖天天送,三重礼：在城外诚买欧美家具，只需一半钱(5折起)活动时间：9月26日至10月8日项目名称：东方百盛优惠活动：活动一：全场7.9折活动二：满5000元，加100元送阿尔卑斯床垫一张(原价：1200元)9 C3 o7 x+ w- x活动三：凡购满10000元，加200元送夏威夷床垫一张(原价：2800元)次活动不与商场活动同时享受。活动时间：10月1日至10月8日我要评论",4,3,0.926017165184021
黄金购房季之金秋家居打折大盘点之现代冠军项目名称：现代冠军优惠活动：卫浴钻石6平米套餐原价5304元 现省 1315元 优惠价3989元扣板：300*600碧海银波*16 300*300纳米闪银*27300*300酒红*4电器：照明灯2台 换气扇1台 风暖1台 金色射灯4台辅料：边角哑光钛银边角 5支 赠送实际使用的全部龙骨卫浴铂金6平米套餐原价4096元 现省1075元 优惠价3021元扣板：300*300经典白*56片 300*300西斯廷圣花红*8片电器 照片1台 风暖换气照明浴霸4合1电器 1台辅料：经典白哑光滚涂边角*5支赠送实际使用的全部龙骨卫浴黄金6平米套餐原价：2266元 现省577元 优惠价1709元扣板：300*300葛兰特/卡莱士*52片电器：照明灯1台 灯暖换气1台辅料：经典白哑光滚涂边角*5支赠送实际使用的全部龙骨厨房金牌套餐6平米原价：2596元 现省719元 优惠价1877元扣板：300*300似水流年*16片 300*300经典白*33片 300*600经典白*5片 150*600斑马王子*6片电器：照明灯2台辅料：经典白哑光滚涂边角*5支赠送实际使用的全部龙骨厨房银牌套餐6平米原价：1736元 现省461元 优惠价1275元扣板：150F纳米系列条板(颜色纳米浅红拉丝、经典白)电器：照明灯*2台辅料：经典白哑光滚涂边角*4支赠送实际使用的全部龙骨买赠活动：整单金额(包含扣板、电器)买够不同金额即送多种电器；满2000元送价值800元灯暖换气电器1台满4000元送价值1378元灯暖换气照明浴霸四合一电器1台满6000元送价值2338元五合一顶级电器(即空军1号)满8000元以上，送价值2338元五合一顶级电器(即空军1号)，6000元以上部分直打85折或者可2000元一档赠送以上等条款所指定电器。单品特价优惠：特价单品：150珍珠白 150闪银光 300*300珍珠白 300*300闪银光 均特价优惠68元/平米(含龙骨，边角安装费另计)活动时间：10月1日至10月8日 我要评论,4,3,0.8358233571052551
"黄金购房季之金秋家居打折大盘点之百安居项目名称：百安居优惠活动：瓷砖:10送4,指定品牌88折. 地板:实木复合和强化地板10送2起.卫浴:A.S零售：美标全场满500送50，满2000送260全场抵用券。(特价商品参加)DC:满1000送120满2000送300(8/14促销延期执行，特价商品参加)(与零售不重复).Kohler零售+DC：3000元送300元全场抵用券,装饰:门:满1000直降150元,加送安装;窗:满1000直降100,2000直降300,加送安装吊顶:满1000直降100,加送龙骨送安装.水槽:水槽折扣+link净水(20%):水槽先折扣满1000送400元净水器抵用券,买净水器满1000元用200元.厨房热水器:厨房电器Link橱柜(12.5%):买厨房电器满2000送1000元橱柜抵用券(9.30-10.08),买橱柜满3000元用500元(9.30-10.25);涂料:油漆指定品牌系列买100送40(20元全场券20元软装券) 软装券：窗帘、百页、花灯、墙纸满100用20。活动时间：9月11日至9月30日项目名称：爱格优惠活动：店面全场特价8.N折,小区渠道特推出部分特价商品供大家抢购！,互动抽奖：1、店面抽奖活动：一等奖：美的吸尘器一台二等奖：乐扣大礼包一件三等奖：亚都加湿器一台纪念奖：爱格啤酒一箱2、“畅游爱格德国工厂”活动：单一订单(同一地址)超过15000元或购爱格地板加飞美家具超过15000元的客户，可以参加“买地板，体验爱格欧洲绿色之旅”活动。现场须签订参加“体验爱格欧洲绿色之旅”抽奖活动确认函，双方各持一半。10月25日由我公司组织活动，将购买爱格地板及飞美家具的客户通知到场后，将手中确认函投入奖箱，由组织人员现场抽取。没有到场的将取消参加抽奖资格。活动时间：10月1日-10月18日我要评论",4,3,0.9516592621803284
"黄金购房季之金秋家居打折大盘点之马可波罗项目名称：马可波罗优惠活动：1.国庆专供 一降到底 活动期间，马可波罗瓷砖18款厂家国庆专供品，直降到底。7.8元/片起2.华诞特惠 惠通天下 活动期间，马可波罗瓷砖8款国庆特惠品，惠有惊喜。17.64元/片起3.钜惠力献 满100元减51元 活动期间，马可波罗瓷砖瓷片、抛光砖、腰线、花片、小地砖产品(即底价是标价6.5折的产品)满100元直减51元货款(专供品、特惠品不参加此项活动)。4.同庆有礼 满3000元即可享受 活动期间，购买1295、e石代产品满3000元后再购1295、e石代产即可享受8折优惠(雕刻砖，壁饰产品除外)；备注：1. 订单最晚送货日期为2009年12月31日，过期订单恢复原价。2. 订单收取订金最低为30%，促销备案截止10月9日中午12：00；3. 促销订单退补货比率为订单金额的10%，超出部分按即时价补货；4. 闽龙市场马可波罗店面可单独享受购买1295、e石代产品满3000元后再购1295、e石代产即可享受8折优惠(雕刻砖，壁饰产品除外)后满6000元可赠送客户12片CZ6822香槟石活动时间：9月26日至10月8日    项目名称：依诺维绅优惠活动：活动1:BOHEMIAN系列全场75折.活动2:BEBEL系列,指定产品特价活动时间：9月26日至10月19日我要评论",4,3,0.9664096832275391
108枚新型导弹将亮相国庆阅兵本报北京9月27日电(记者朱思雄、廖文根)第二炮兵副司令员、阅兵联合指挥部副总指挥于际训中将近日透露，“新中国成立60周年国庆首都阅兵，第二炮兵参阅的5个导弹装备方队由6支导弹劲旅组成，108枚参阅导弹全部是最新型号。”第二炮兵导弹装备方队是第三次在国庆首都阅兵中“亮相”。第一次是1984年国庆35周年阅兵，只有一个装备方队12枚导弹参阅；第二次是1999年国庆50周年阅兵，共有4个装备方队36枚导弹参阅。于际训介绍，第二炮兵今年参加国庆首都阅兵的人员数量之多、装备种类之全、方队规模之大，都是空前的，精良的武器装备将集中展示我军战略威慑核心力量和中远程精确打击力量建设的新发展和新成就。与前两次国庆阅兵相比，武器装备阵容凸现了五大变化——导弹家族更大。此次阅兵呈现在世人面前的导弹武器装备，全部为首次亮相的新型主战武器。其中包括两种不同射程的地地常规导弹，一种常规陆基巡航导弹，一种核常兼备的地地中远程导弹，一种洲际战略核导弹，标志着中国战略导弹武器已由单一型号发展为近程、中程、远程和洲际导弹并存的导弹大家族。导弹身材更小。此次阅兵所展示的5种型号导弹，无论常规导弹还是核导弹，全部采用固体燃料，体现了体积小、本领大的明显特征。导弹威力更强。此次受阅的新型导弹武器，真正实现了隐蔽实施作战准备、突然发起火力突击、快速实施波次转换。导弹精度更高。首次亮相的陆基巡航导弹，能够多发连射、低空飞行、隐蔽突防、精确制导，是实施中远程精确打击的一把利剑。导弹机动更快。此次阅兵亮相的所有导弹装备，全部采用车载发射方式，拉起来就可以跑，到达预定地点后，竖起架子就可以打。在此次国庆首都阅兵中，第二炮兵除展示5支装备方队外，还首次组成学员方队。这个方队由第二炮兵工程学院、第二炮兵指挥学院和第二炮兵士官学校3所院校联合编成。 我要评论,4,7,0.9990807771682739
台北近七成房价突破去年高点 带动台北县房价中新网9月29日电 台湾永庆房仲集团统计，7到8月台北市12个区及台北县6大主要区平均成交单价与去年第二季房市高点相较，已有2/3的区突破去年房市高点，1/3区衰退幅度在10%以内。据“中央社”报道，根据成交数据显示，台北市12个区中，7到8月各区平均成交价格，有2/3的区房价突破去年第二季房市高点。其中松山、大同、万华、中正、大安等5大都更潜力地区，近期受都更题材热度攀升影响，房价与去年高点相较涨幅均已逾4%以上，房市复苏速度最快；且松山、大同、万华等3个行政区，房价与去年高点相较，涨幅分别达18.3%、14.3%及8.8%，表现最为亮眼。永庆房屋研展部协理黄增福表示，近期都市更新议题火热，台北市中心老公寓身价多数已涨翻天，以台北市都市更新处统计资料可知，目前中正、万华、大同是当局积极推动的都市更新区块，台北市府划定都市更新件数达74件，占台北市总划定件数的37.5%，属于相当具有都更潜力的区段。另外，目前不少建商转往都更市场发展，一些高房价区段，如大安、中正、信义区等，民间自办都更申请案件也日益增多，配合近期标售地不断创高价，吸引不少民众购买公寓产品长期投资，带动地区房价向上攀升。除台北市各区房市复苏快外，根据永庆房仲集团成交数据显示，北县6大主要区，7到8月各区平均成交价格，同样有2/3的区房价回复或突破去年第二季房市高点，其中永和、新庄、板桥平均单价较去年高点涨幅更达4%以上。黄增福表示，台北县升格效益对于台北县房价有明显带动效果，其中属于台北市近郊的中永和，原本就是外来人口群聚的区域，更有捷运环状线兴建规划，未来交通可望更加便捷，在台北市房价逐年高涨下，吸引不少人潮移入购屋。 我要评论,4,7,0.559537410736084
中轴线规划的宫室建筑到目前为止，我们已探明二里头遗址宫殿区内存在着数十座大中型夯土建筑基址。其中，在晚期宫城内已确认了两组大型建筑基址群，它们分别以1号、2号大型宫殿基址为核心纵向分布，都有明确的中轴线。这里，我们不妨把它们称为西路建筑群和东路建筑群。坐落于宫城西南部的1号宫殿基址，与位于其南大门正前方的7号建筑(可能为宫城正门门塾)，共享同一中轴线，构成宫城西路建筑群。坐落于宫城东部的2号宫殿基址，与位于其南大门正前方的4号基址，以及增筑于二里头文化末期、位于其北的6号基址，构成宫城东路建筑群。这两组南北有序排列的宫殿建筑群的绵延长度都近200米。这是迄今所知中国最早的中轴线规划的大型宫室建筑群。《吕氏春秋·慎势篇》中有古代国家“择天下之中而立国，择国之中而立宫，择宫之中而立庙”的说法。看来，这一理念，伴随着最早的“中国”王朝的崛起，在二里头时代已经出现。●中庭可容万人的朝堂建筑在已发掘的10座大中型建筑中，1号宫殿基址是面积最大的一座。它是宫城西路建筑群的核心建筑，使用时间基本和宫城相始终，也是二里头文化晚期。这是一座建立于大型夯土台基之上的复合建筑。建筑由主体殿堂、四围廊庑和围墙、宽阔的庭院和正门门塾等单元组成，规模宏大，结构复杂，布局谨严，主次分明。如果你对10000平方米这个数据还没有一个形象的概念，那么可以把它和一个足球场的面积比较一下。国际标准足球场地的长度是105米，宽度为68米，总面积才7140平方米！当中国历史上史无前例的、如此大体量的建筑凸现于东亚大陆的地平线上，它的出现背景和象征意义，是可以想见的。1号宫殿基址主体殿堂位于台基北部正中，凸出于台基面之上，东西长36米，南北宽25米，面积900平方米。殿堂坐北朝南，这是中国古代建筑最惯常的格局。它应当出于实际功用和象征意义两方面的原因。这样可以使建筑物最大程度地暴露在北半球明亮、温暖的阳光下。统治者面朝南方接受臣民的觐见，正符合孔子把有道之君比作北极星的政治理念(《论语·为政》：“为政以德，譬如北辰，居其所而众星共(拱)之”)。主殿南距大门约70米，堂前是平整宽阔的庭院，面积约5000平方米左右，可以容纳数千人甚至上万人。从院内向矗立在高高的台基上的主殿望去，想必会生发出一种敬畏的感觉。这样的设计，让人想到萧何为汉高祖刘邦建造未央宫时的思路，其理念是“天子四海为家，非壮丽无以重威，且无令后世有以加也”(《史记·高祖本纪》)。1号宫殿正门在南庑的中部，对应主体殿堂。门址上残存的建筑遗迹有柱础和墙基，纵贯建筑有3条门道，宽约2.5～3米，门道上发现有安门的遗迹。门道外的路面向南倾斜延伸。3条门道将该建筑分为4部分，每部分各应有房间，古代称“塾”，即现在所谓“门房”。宫殿外围是廊庑与围墙。其中北、东、南三面廊庑都有内、外廊，中间以木骨墙相隔，墙内外各有成排的廊柱，形成宽约3米的廊道。西庑则只有内廊而无外廊，廊道宽约6米。廊柱间距均为3米余。四周廊庑都可复原为两面坡的带顶回廊。一般认为，1号宫殿应是统治者进行祭祀活动、发布政令的礼仪性建筑，但究竟属宗庙还是“朝堂”，抑或别的重要建筑，则众说纷纭。用主殿、门塾和廊庑构成一个封闭的四合院，主体殿堂坐北朝南，前临广庭的格局，为此后中国历代宫室建筑所承继，其建筑规制在中国文明史和中国建筑史上都具有划时代的意义。本书主要利用考古发掘与研究成果，辅之以出土与传世文献及相关学科的材料，以二里头遗址为切入点，系统地阐述了东亚历史上最早的广域王权国家即早期“中国”形成的过程。全书既有宏阔的视野，又不乏细致入微的观察。 我要评论,4,3,0.5432337522506714
中国家庭私人财富中40万亿为住房 已成一座大山从“李顺大”到《蜗居》如果我们把小说《李顺大造屋》和电视剧《蜗居》放在一起，也许能粗略地拼凑一个图景：60年来，中国人为了能获得一间房子，付出的努力可以用“艰苦卓绝”来形容。在《李顺大造屋》里，作者为我们描述了土改时，苏南地区房子的情况：“沪宁线两侧，以奔牛为界，民房的格局，截然不同：奔牛以西，八成是土墙草屋；奔牛以东，十有八九是青砖瓦房。”奔牛镇位于常州市，算是苏南地区。自从宋朝以来，素称“鱼米之乡”的苏南地区就是中国最为富庶的区域，不过，一直到土改时，李顺大听到的老话还是“十亩三间，天下难拣”，“真要造得成，你也得吃半辈子苦”。农民造房，当然要便宜很多，估计在1950年代，造个三间大瓦房需要500元左右。为了这500元，李顺大辛辛苦苦，为了省钱，连干饭都不吃，他妹妹为了帮哥哥攒钱，连出嫁都耽搁了。从国家统计局公布的数据来看，1949年，中国农民的人均纯收入仅为44元，这44元并非现金，主要是实物收入(就是把粮食等收成折合钱而得到的数据)。苏南地区应该比全国平均水平好不少，但是，为了攒这笔钱，李顺大家三个成年劳动力奋斗了七八年，才攒够造房子的材料。结果碰到了大跃进，材料被征用了。后来，又经过数年的努力，攒够了钱，却碰到了“文革”，有钱也买不到材料。到了1978年，也就是李顺大的房子已经造成了之后，全国农村地区人均住房面积仅为8.1平方米，其中相当一部分房子还是土坯房；到了2008年，情况有了实质性的改善：人均使用面积32.4平方米，其中砖瓦房和钢筋混凝土结构住房占87.3%。城镇居民的人均住房面积要比农村地区少一些，但是，房子的质量要好不少。按照国家统计局公布的数据，1956年，城镇居民人均居住面积仅4.3平方米，而且，只有少数城镇居民拥有自己的住房。2008年城镇人均使用面积增加到23.0平方米，且自有住房拥有率达87.8%。住房占家庭财富一半根据国家统计局的数据，假设农村地区住房折合现价800元每平方米，则全中国农民住房的总价值为18.66万亿元。假设城镇居民住房的平均价格为2000万每平方米(这大约是2000年全国商品房的平均售价)，则城镇居民住房的总价值为27.14万亿元。这两个数字简单相加，则中国住房的总价值大约为45.8亿元。当然，在城镇居民住房里，大约有12.2%的产权还不在居民手中；另外，全国住房贷款总额大约为3.6万亿元，剔除这两项，属于私人所有的住房的总价大约为40万亿元左右。而2008年中国的GDP才30万亿元。值得说明的是，这是一个偏向保守的估计，因为最近几年，城镇地区的房价上涨得非常厉害，如果按照今年的最新价格估算，城镇住房的价值要翻番；在农村地区，农民建房的成本也在不断上升，因为材料费和人工费都在不断上涨。对于今天大多数的中国人来说，没有任何一项别的财富能超过房子的价值。从人民银行的网站上，我们可以查到，2009年8月，全国居民的存款总数为25.24万亿元。我们知道，沪深两市的总市值现在大约为20万亿，其中大约三分之二为国有股和其他法人股，真正属于居民财富的大约只有三分之一，也就是7万亿元左右。另外一些家庭财富，比如保险、艺术品、黄金等，总额都非常小。当然，除了以上投资品之外，中国人的家庭还有诸如汽车、家电、家具、服装等消费品。综上，中国人的家庭私人财富总额大约为80万亿左右，其中40万亿为住房，25万亿为存款，7万亿为股票，剩下的是一些别的财富。成功的投资，最大的包袱在过去的十来年里，住房的价格发生了巨大的变化。根据国家统计局统计年鉴的数据，1991年时，全国商品房的平均售价仅为756元；仅仅四年后的1995年，就翻了一番，达到1509元；再过十年，到了2005年，又翻一番，达到2937元，2007年的数据则为3645元，今年上半年的均价已经超过了4500元。也就是说，在过去的18年里，房价上涨了近5倍，年均价格上涨超过10%，比同期的GDP增长还要快。这还是全国的平均情况，在诸如北京、上海这样的中心大城市，房价高得惊人，涨幅也更惊人(上海今年竟然出现了单月销售均价超过1.8万元的情况)。难怪《蜗居》的主人公海萍，“攒钱的速度永远赶不上涨价的速度”。快速上涨的房价让房产投资成为过去十年中最容易获得成功的个人投资领域。在过去的十年里，在北京、上海这样的中心城市，房价大约上涨了四五倍(全国商品房的均价在过去的十年里大约上涨了1.5倍)，考虑到按揭的放大作用，10年前在这些地方投资房子的人，现在的收益超过10倍并不稀奇。不过，一些人的蜜糖是另外一些人的毒药。高居不下的房价也成为中国人最大的包袱。在小说《蜗居》里，主人公的家庭年收入超过10万元，但是，为了孩子，为了买房，却过着天天吃光面条的日子。这应该不算过分夸大。房子，已经成为重压在人们身上的一座山。 我要评论,4,1,0.5559559464454651
美国严查海外银行账户 冲击亚裔富二代据台湾《中国时报》报道，美国政府严查境外银行账户，凡有绿卡或公民身份者海外存款超过一万美元，应在10月15日前申报，凡是隐藏海外账户被查获者，美国国税局将予以重罚，甚予以刑事起诉。这项规定冲击到许多亚裔富豪，包括台湾富豪第二代，这些人现在考虑放弃美国公民身份。美国《商业周刊》说，多年来，亚洲富人一直把美国公民身份看成是方便的安全网，不过，成为美国公民有其不利之处，就是有缴税义务，而且不论在国内或海外的收入一律要申报，现在因为美国要清查海外账户，有些富豪为了避税，开始有放弃美国籍的念头。美国国税局早在十多年就有规定，海外存款、证券、共同基金或退休金账户超过一万美元者，均须申报。但这项规定一直未严格执行，直到今年8月瑞银集团(UBS)供出4450个美国富豪逃税名单，海外账户问题再度受到重视。美国国税局特提出一项赦免计划，过去6年有收入但未据实申报者，鼓励在9月23日以前自愿申报，后来因申报人数太多，又延后到10月15日，并郑重表示绝不再延后。凡在10月15日截止前申报海外账户者，须缴纳海外账户过去六年内最高总金额的20%为罚款。隐藏账户被查到者，罚金高达十万美元或账户总值的50%，追查期限超过六年。国税局警告说，逃漏税将不仅面临民事罚金，更可能被刑事起诉，最高判处五年刑期。 我要评论,4,5,0.7007201910018921
向东3平方公里：北京CBD如何东扩 北京CBD，大张旗鼓“扩容”。CBD是一个密集商务区，其含金量在于集聚、集中，如果东扩，CBD概念是否会被“稀释”？CBD东扩，如何协调产业发展与兼顾民生的矛盾？CBD10年成就了诸多知名企业家，最典型的便是潘石屹(潘石屹博客)，CBD东扩过程中，企业如何作为？日前，北京市朝阳区委常委、常务副区长，北京商务中心区(CBD)管委会主任吴桂英，接受了《中国经营报》记者的专访。在吴桂英看来，CBD东扩不是刺激经济的“强心针”，而是强身健体的“营养针”。CBD东扩与房价《中国经营报》：CBD东扩的消息一经披露，旋即引起社会各界的热烈关注与极大热情，东四环沿线楼盘价格应声上涨。于是，人们开始担心，东四环房价的过快过高上涨会提前透支、冲抵CBD东扩的实际内涵。吴桂英：CBD东扩是北京市委市政府拍板定夺的。2006年朝阳区政府委托专业的地产调研公司做了关于CBD功能性的专题研究，其后两年时间里数易其稿，得出的基本结论是，CBD应该择机东扩。2006年之前，CBD区域楼宇企业入驻率是90%左右，后来一直保持85%左右的入驻率，入驻企业15000多家，CBD已经相对饱和。2008年上半年，朝阳区政府正式向北京市政府提交了东扩的构想，并在今年5月获批。事实上，2001年在做CBD整体规划时就有一个储备区的概念，4平方公里核心区之外，预留了10.4平方公里的储备区。由此可以看出，北京CBD东扩是长时间深思熟虑的结果，带有一定的必然性、现实性。CBD东扩的消息公布之后，社会各界反响很大，正向、积极的反应比较多。房价上涨、波动是多种因素综合作用的结果，体现了公众、投资人对 CBD东扩的预期与期望。房价上涨是CBD东扩的效应呈现？我个人不这么看。不能独立、割裂地看CBD区域的房价，整体来看，北京房价的波动是供需决定的，CBD区域的房价与大环境紧密相关，呈现的规律也是一致的，没有什么特殊性。以市场的眼光来看，CBD区域的房价相对高一点，也是正常的。房价上涨与CBD东扩没有必然关联，但CBD概念势必会抬升区域内的土地价值，这也是事实。CBD区域房价是否合理？我不是专业人士，不好判断。《中国经营报》：据称，未来10年，朝阳区将投入约70亿元用于CBD东扩区的市政基础设施建设。开发商执行力和政府控制力是影响CBD东扩的关键因素，对此，你是否认同？CBD东扩面临的难点与挑战主要集中在哪些方面？吴桂英：从CBD10年的发展来看，我认为决定成败的有四大因素：第一，要看是否有一个立足长远、前瞻思考的好的规划。目前，来自世界各地的7家顶尖设计机构正在分头制订东扩区规划方案，我们希望10月中旬拿出规划的初步成果，争取在11月份完成向上级申报的任务。如果今年年底或者明年年初规划获批的话，那是比较理想的状态。伴随着规划方案的获批，可以启动一批重大项目。CBD的发展从来没有停顿，我们现在是一边筹备规划，一边在推进重点项目启动的各项准备工作。第二，充分发挥市场配置资源的主体作用，最充分地调动社会资源、市场力量参与到CBD东扩之中。CBD是政府提出来的，但不是由政府来经营的，而应通过政策的牵引让市场要素在CBD集中释放、显现。第三，提供高品质、高效率的配套服务，这是政府应该做的事情。提高公共配套和服务能力，这是政府着力提升的方面。第四，相关政策的落实与推进。市区两级的政策支持，是CBD发展的有力保证。CBD东扩过程中，政策的支持力度只会强化，不会削弱。民生问题，CBD东扩的瓶颈？《中国经营报》：CBD东扩如何能够有效破解交通、出行、教育等问题？如果这些民生问题解决不好，很可能成为CBD东扩过程中的瓶颈。日趋严峻的交通问题，会不会成为CBD东扩过程中的难点问题？吴桂英：交通是个老大难问题。一方面是投入问题，不管是政府资金还是社会资金，注定会加大投入。就北京市范围来说，CBD交通问题不是最突出的，但是改善交通状况非常重要，因为可以提升城市运行的效率。未来10年是否投70亿元，这取决于项目进程与规模。CBD东扩过程中，基础设施建设一定要先行，要加快。交通是大城市病，是城市发展过程中的派生物，体现了经济发展与道路供给的矛盾。CBD东扩之后，我们的想法是在做写字楼的同时，也做公寓，打造“宜商宜居”的概念，这样的定位可以在一定程度上缓解交通压力。我倒不承认朝阳区的教育不好，比如国际教育就是我们的特色。朝阳是城市功能拓展区，教育水平的提升需要一个过程，这几年投入很大。教育是个普遍性问题，朝阳区这些年一直是全力以赴扎实推进。《中国经营报》：金融危机对CBD的负面影响非常直接，据说你对此一直忧心忡忡。北京CBD如何对抗金融危机的冲击？吴桂英：忧心忡忡？没到哪个程度吧，但我们确实一直在想办法、找方案积极应对金融危机。CBD是与国际经济关联度比较高的区域，我们对金融危机比较敏感。去年第四季度开始，我们从产业关联度等多方面研究这场金融危机对区域经济发展奖产生怎样的影响。对于金融的严峻挑战，我们是早有判断，也早有预案。CBD区域外商投资量在全市范围内的比重是25%，之前一直是两位数增长。今年第一季度数据比较难看，尽管如此，我们还是对北京市吸引外资构成了重要支撑。北京CBD将通过搭建平台、政策扶持、优化环境、创新招商等措施，把CBD总部经济发展推向一个新的阶段。今年以来，为应对国际金融危机带来的影响，保障区域楼宇经济发展，促进主导产业聚集，朝阳区政府制定了《朝阳区关于促进楼宇经济发展的奖励办法(试行)》，并将CBD区域作为实行区域。通过近一阶段的政策落实，受到金融危机影响最为直接的CBD区域在今年上半年呈现出区域经济整体回暖的趋势，各项经济指标均不同程度地出现环比平稳增长的良好形势。最困难的时期过去了，7、8月份的经济数据已经比较乐观了。《中国经营报》：一种观点认为，CBD是“双核”，以国贸、华贸为代表。华贸向东扩展3平方公里的话，CBD将向外传递怎样的形象认知？吴桂英：楼宇经济不是CBD的全部，CBD到处是亮点，希望东扩之后形成“多核”的态势与局面。比如中粮在朝阳北路建设的大悦城项目，我就很关注，但能否成为“核”，关键是看该项目对“朝青板块”(朝阳区青年路一带)的辐射、带动效应，对这个项目我还是有信心的。 我要评论,4,5,0.60293048620224
首批海淀区科技企业加速器揭牌9月30日，海淀区科技企业加速器揭牌仪式在东升科技园举行。区委常委、常务副区长、海淀园管委会副主任杨志强为东升加速器揭牌，同时为启迪加速器、永丰加速器授牌。为落实海淀区委、区政府颁布的“1+20”相关政策，根据《海淀区促进科技企业加速器发展暂行办法》，海淀园管委会服务体系与公共平台建设处会同区科委，对多家企业提出的加速器认定申请进行初审，并组织有关专家评审，最后经区政府常务会审议批准，认定启迪加速器、永丰加速器、东升加速器为首批海淀区科技企业加速器。我要评论,4,3,0.31964099407196045
刘晓光：国进民退是否会造成新的垄断主持人：下面我们有请首创集团董事长刘晓光先生演讲，他演讲的题目是：国进民退是否造成新的垄断。刘晓光：大家知道改革开放的成果怎么来的，为什么出现社会繁荣，产业大发展，这三十年来小平同志关于改革开放，我们的市场经济理论，民营经济的发展，这些可能都是一些重要的动因，没有谁可以否定的，但是最近确实有一些舆论或者动向，也有一些迹象，有人说金融危机，中国经济之所以风景这边独好，是因为国有经济很强，垄断是有好处的等等说法，我想我做一个简单的思考，一个思考就是关于国进民退在当前的经济条件下主要体现在哪些方面，今天是一个地产的金融年会，我想从几个方面简单做一个分析，首先地产方面是一个充分竞争的市场，就不排除包括央企进入，传统的央企和新的央企进来，这里面我想有一些数据简单的分析一下。一个数据是100多家央企中涉及土地的有16家，1998年住宅市场化之后，中国房地产市场程度比较高了，国企占的市场份额当时并不高，最近十年来，这个份额提高到20%多，最近的情况大家看到了，央企加大了进入房地产行业的力度，不光是央企，还有地方的国企，我们前一段时间开部分的省市投资会的时候，很多公司原来是做电的，或者煤的，去年发生了一些变化，有一些公司做了很多的房地产，他们现在纷纷的进入了房地产的领域，业内很熟悉的很多央企，包括不熟悉的中化、中铁等等，另外从今年以来国进民退来讲，央企拿地比较迅猛，大型的国企拿地将近70万平米(北京)。以万科和保利掀起了新一轮的房地产企业发展模式之争，也是很大的信号，还有一些企业，比如说央企，采取迂回的模式进入房地产领域，从以前上市公司A股前十名来看，60%民营，一两家国有，但是现在来看，60%是国有，两三家混合经济，民营企业很少了。第二个方面，我们原有的传统的通讯、石油、电力、烟草以及公益事业现在是垄断的，现在还是这样的状况，但是以往鼓励的基础设施的产业民营化、市场化，现在这表现为基础设施所有权的国有化的呼声，情况是有一些变化的，原来可以进入的一些基础设施领域，基建的领域，现在慢慢的往回走，金融危机以来大家投入了很多的铁公鸡，大家知道最近关于煤炭的整合，一些矿产资源的整合，可能都是一种信号。第四个方面来讲国有企业金融危机时相对于民营企业仍然能够相对充足的拿到银行信贷的支持，而中小企业和民营企业的情况肯定不一样。这是第一个大的思考关于国进民退中当前的经济情况下体现的方面。在经济危机的情况下，各国政府采取刺激经济的结构会引起私人投资的下降，这种规律从现实来看是一致的。从实践情况来看，社会的公民与效率当前更加偏重公平的问题，在发生经济衰退的情况下，大型的或者垄断的国有企业相对于抵御风险能力大一些，这种状态也提供了客观国进民退的基本条件。第三个问题思考的是关于工业化进程尚未完成的时候，一些大型的特大型的项目建设对一个城市的带动作用更大，所以国家更重视这些东西，比如说当年的二汽进入山区带动了襄樊十堰市，在这些活动中国有的大企业肯定取得了关键和掌控的作用，民营企业是另外一种状态了。还有人提出来，面对改革深入发展的局面，腐败频发，通过对国有大型企业的监督和管理更容易一些等等。我再想，所谓国进民退的情况发生肯定是有客观的条件的，这里面简单的概括一下，在经济增长处于衰退调整的过程中，国家动用整体的手段时会发生这种情况，在组织规划化生产建设时，国有企业更多的进，国家重点解决社会公平时，国有企业进的更快，事实上国进可能是一定历史发展阶段时的一种现象，有时候可能会成为一个时期起主导作用的经济建设。对于国企在地产领域中我也做了简单的分析，我想大量的国企，特别是央企拿了一些地王，进入了这个领域，我想理由很简单，早期国企并不是不想进入地产，但是随着国资委的政策限制可能会有所限制，今天放松了这些东西，国家政策也在鼓励，才大举的进入，2007年的时候央企拿地少一些，08年也没有拿，09年以后现金很充足，加上4万亿的拉动造成了拿地的条件，很多大型国企由于利润的下降增长，随着资本的逐力性而言也进入了地产。地产成为一种抵御通货膨胀，产生快钱的比较好的行业，这些企业没有理由不进，我个人觉得也无可厚非。这里面有一个关于国进民退的思考的问题，就是要有一个合适的度，不能过度，这个是现实的条件产生的，要有一个合适的度，如果我们处理的不好，可能某一些行业形成垄断，产生垄断，还可能产生其他的问题，比如说第一加剧中国经济对投资拉动的进一步的依赖，这种趋势强化，中国经济的转变很难实现。在过去十年内，国家产业的创新、产业结构的提高都是不利的，所谓的二元结构中对于资源的配置效率的提高也有很大的影响，这是产生国进民退的条件。我们三十年改革开放，民营经济的经营定位不可动摇，我的说法是中国经济发展到今天，民营经济的地位不可能被其他的任何经济地位替代。从地产的角度分析一下，这个行业是竞争非常充分的行业，市场的准入门槛很低，市场化程度远远高于电力、石油等等，集中度也很低。另外一种情况国有企业也有资本逐利的要求，无论是民营企业还是国有企业进入都在一定程度上推动着中国城市化的进程，推动中国经济的发展，一方面国字头的很多大公司拿了很多的地王，但是另一方面有很多国有企业大家注意到了，也拿了很多保障性的地块，所以他们就建一些经济适用房，我想从关系上讲，国企、民企在地产领域中相互促进、推动对加速中国的城市化进程肯定有好处的。另外我想从地产角度来讲，民企不会萎缩，还会发展，目前还谈不上在地产界对民营企业的打击，如果国有企业买好地，房价推动，还都是市场的行为，还谈不上一种打压，可能目前了结果出现了一些迹象，比如说民营企业在核心城市，核心地块拿的比较艰难，比如说一级土地开发越来越多的是以国有企业为主体的发生了一些变化。在现代的历史阶段中应该处理好国进民退的关系，国进民退应该是阶段性的产物，而不应该是永久性的产物，但是来讲，我们应该大力的鼓励私有投资推动市场能力的发展，在本次  中国经济在金融危机的影响下率先复出，表现出了国进民退的现象，但是这可能只是一个短暂的阶段，中国的市场经济应该说还不够完善，不够发达，但是鼓励民营企业的发展肯定是今后的方向。当前重要的问题在于，政府应该把握经济复苏和经济振兴相互转换的关节点，促进民营企业的发展，包括目前的私募股权基金，包括小额信贷公司。最后，在国进民退中，有一个度的问题，如果度掌握的不好，可能在老的垄断行业存在的同时会出现一些行业中新的垄断的情况，应该高度重视，因为大家对于垄断实际上很痛恨，从国家的角度来讲，我们思考应该加大反垄断的实施力度，大家对油价的上涨和电信部门的抱怨本质上是对垄断的一种反映，从国际上来讲，对于反垄断的做法也是很多的，从中国的情况包括政策性垄断，资源的垄断，我想可能要解决好的话，民营经济的发展或者保持健康的结构，在反垄断方面也是非常重要的方面，由于题目比较大，政治性很强，我就把自己简单的思考讲了一下，谢谢大家。我要评论,4,7,0.9013388156890869
艺术品及古物市场未受经济衰退影响RICS 英国皇家特许测量师学会艺术品及古物调查报告 ? 2009年第三季 于昨天公布的英国皇家特许测量师学会(RICS)第三季艺术品及古物调查报告指出低息贷款令资金持续流入艺术品及古物市场引致价格上升。 过去三个月总值平均数由百分之七(7%)倍增至百分之十四(14%)，这表示有更多的测量师认为艺术品及古物价格现正上升。从调查的响应看到大约七成的价格会上升，其中高档市场最为强劲。近代艺术品市场则较为疲弱，报告价格下跌的测量师人数比之前增加。今年第二季度报告显示有百分之二十四(24%)的测量师报告近代艺术品市场价格下跌，该比率于今季度增加至百分之三十四(34%)。过去的几个季度近代艺术品市场价格普遍下降，比起去年年初所见到的升幅有强烈的对比。珠宝和银器这两个传统的稳健市场亦见升幅。超过百分之四十四(44%)的测量师指珠宝价格仍然上升，百分之三十七(37%)认为银器价格亦在上升。 属于高档市场的油画及水彩画市场虽然录得负百分之三(-3%)的?增长，但其走势仍然强劲。多出百分之九(9%)的测量师认为艺术品价格及价值超过五万英镑(£50，000)仍正在上升，多出百分之十四(14%)的测量师认为艺术品在五千(£5，000)至五万英镑(£50，000)的价格亦同样正在上升。RICS发言人Chris Ewbank 指:“艺术品及古物市场并未受经济衰退的影响，由于它成为投资者一个投资避难所的选择，加上低利率及过去五年间的价格下调，吸引了资金的流入。整体市场价格都有上升趋势，除了近代艺术品市场在过去的一年间承受了价格的逆转，原因是大部份艺术品市场的投资者现时倾向较保值和低风险的稳健传统市场。最明显可见的是国际拍卖行在过去一年间的营业额大幅下跌，反而小型的拍卖行却渐见活跃。”我要评论,4,1,0.7526305913925171
剩女用五套房当嫁妆征婚(图)一个人在外打拼不容易，而北漂的剩女更不容易，一个女人在外打拼，连对象都不好找。这不，最近网上就有一个北漂剩女开始发帖征婚了，人家的嫁妆还是五套房呢!看她开出的条件，其实并不算很高。奇怪的是，网友都不买账，甚至有网友说:“我光要房不要人行吗?”◎网友发帖5套房当嫁妆，谁能娶我10月13日，论坛上出现了一篇名为《北漂剩女征婚:5套房产作嫁妆，谁能娶我?》的帖子，网友“abch4”说:我今年32岁，河北人，长得一般，有点黑，算是丰满，130多斤。咱是没什么姿色，但是咱不缺票子。北京5套房产就是资本!我主业是做外贸，自己有一个外贸公司。这位网友说，虽然自己身边一直不缺男人 ，但碰到的北京男人、天津男人、上海男人、东北男人等，不是爱吹牛，就是太小气，有的还特别暴力。她只得网上征婚，列出七个条件，说非诚勿扰:1、东北男、北京男、天津男、上海男一律不要，跟以上4个地方有直系或旁系血亲的也不行!2、长得可以不帅，但要干干净净，不能邋里邋遢 ，健美点的更好，纯粹为后代考虑。3、身材高大魁梧 ，178厘米以上，我将近一米六，比例比较合适，女人总是希望有个宽大的肩膀可以依靠。4、年龄30～45岁，事业成不成功不要紧，重点是踏实而且精力旺盛的男人。5、幽默、有情调，对我要温柔，要喜欢女生撒娇，野蛮的都闪边去。6、不能混混，怎么着也得有个5年计划什么的，不是蓝筹股你也得是个绩优股，我可不想花钱买个垃圾股回来。7、有欣赏美的能力，也有看美女的权利，但是在你眼里我才是最美。 ◎网友热议我光要房不要人行吗网友:想男人想疯了吧?tdwl02:先结婚，再制造车祸把她变成植物人，反正她是花钱买婚姻。北京网友:我光要房不要人行吗?人间有真情:这样找到的归宿，也是以房子作为筹码换来的，很难保证以后出现什么状况，真正的爱情不能掺杂太多功利的成分，你这么明目张胆用房子来钓鱼，不知道会是什么结果啊!爱喝白开水:顺其自然，总会遇到好的 ，找不到一个人过也没什么。那么多年不也是这样子过来，单身其实也挺好的。◎记者调查关键看人，房子次要市民夏冬现在算是青漂一族，正在单身中的他，听到这个消息后，觉得这样的事情肯定是网上炒作。“首先，谁有那么多的房产，还放在网上炫耀啊!再说，从照片上看样子，觉得这个女孩也不像她说的那个样子。反正就是感觉不真实，我是不会相信的。”当记者问他假设这个事情是真的话，他说，“虽然我也是打工一族，但是说到婚姻，还是很重要的，我是不会那么儿戏，轻易去选择一个人，或者因为房子而喜欢上一个人 ，要不然咱也不会剩着了，对吧?如果现实中真有这样的一个人，我也要先跟她接触一下，看看这个人适不适合自己，自己喜不喜欢再定，房子的话，是次要因素，关键还是看这个人。”记者就此事咨询了I爱交友网的负责人张旭先生。张旭对此事倒是很能理解 。他说，其实这个女孩的做法是可以理解的。因为商品社会，感情是很难与钱完全独立的 。有钱的剩女要求条件高一些，也是无可厚非的 ，其实说白了，这也可以算是一种资源置换吧。个人追求不一样，你不能说人家的就一定是错的。但是单纯从感情上来说 ，这样的婚姻肯定是不可靠，需要两个人更努力去维持才行。·海选美女百里挑一 富豪征婚先量美女的三围·已婚男老师上网征婚 被指见面当晚强奸女白领·母亲带房产证为博士女儿征婚 指定要找男博士·80后网上贴母亲美艳照片 自称为妈妈征婚 我要评论,4,3,0.9987069368362427
花旗首席经济学家：央行最早明年二季度加息商报讯(记者 崔吕萍)“明年信贷增量将维持在高位，个别月份通胀率将突破4%，预计央行最早在明年二季度加息。”昨日，花旗集团大中华区首席经济学家沈明高昨日在接受本报记者采访时这样表示。9月份新增人民币贷款5167亿元。这一数据高于此前4000亿元的市场预期，而前三季度8.67万亿元的信贷增量预示着全年信贷增量将突破10万亿元，充裕的流动性使市场担心通货膨胀的突然来袭。对此沈明高认为，加息取决于通货膨胀的预期，明年通货膨胀率或达到3.4%(据投研报告显示，今年通胀率也在2%以上)，不排除个别月份出现4%的通胀增长。通胀增长超过4%，加息变成可能。“通胀本身带给市场的影响有限，但由通胀预期带来的市场投机过度激进，直接导致房地产市场、黄金市场被严重炒作。”沈明高表示。与此同时，沈明高认为，中国经济的复苏是流动性推动的复苏。“从今年前三季度人民币贷款增加8.67万亿元趋势推算，预计今年全年信贷增速将实现10万亿元，同比增长33%。明年新增信贷规模仍维持在8万亿到10万亿元之间，同比增长20%到25%。”“信贷规模如果连续两年呈现10%左右的增长速度，将给银行带来极大的资金压力，在这一背景下，银行只能够一面从资本市场‘抽血’，一面为公司提供贷款。”沈明高表示。 我要评论,4,7,0.42149513959884644
80后大学毕业生多蚁族(图)北京大学博士后廉思主编的调查实录《蚁族》出版，将其带入公众视野。有人说，“蚁族”可能成为“像‘知青’那样流行的单词”。“蚁族”不是蚂蚁，却有“高智、弱小、群居”的特征，故得名“蚁族”。他们多是“80后”大学毕业生，虽曾接受高等教育，但收入却很微薄。北京大学博士后廉思主编的《蚁族》将其带入公众视野。近日，记者采访了一群“蚁族”，了解他们的生存状态。文、图/记者徐静 实习生廖宇飞、曾繁莹 通讯员刘晓钰 “蚁族”群体普遍扎根在城中村，那里房租低廉，不少刚毕业的大学生都聚集在此。“蚁族”生活：房租300元自己煮饭。“蚁族”收入微薄，生活能省则省。“城中村里的房子租金少，村子越往深处的越便宜”，住在大学城北亭村的师范类历史学毕业生王林就选择了这种地方，一人住着一间10来平方米的小单间，300元房租，吃饭都是自己打点。“蚁族”工作：收入刚能养活自己。大学毕业生找工作难，很多毕业生第一份工作都是先养活自己再谋发展。广商09届毕业生冰凌说，她的工作是在一个传媒公司广告部做数据统计，跟她所学的信息管理专业基本沾不上边。目前还在试用期，社保、医保由公司承担，她每个月工资只有1600元左右，“仅够养活自己，还来不及报答父母”。“蚁族”心声“我们是打不死的小强”温骁是去年从广商毕业的，他在学校附近租房，十一二平方米的单间，有一个独立卫生间，一个简单的洗手台，旁边有一张床、一张电脑桌和一张茶几。但他坚持不回家发展。“每个人的生活状态都是自己选择的。”他说：“我们是打不死的小强，就这样活着。拼到最后，不管路是怎样。”小黄是增城人，毕业后找到一份工作，做软件。走出校园的他，月收入三千多元，但他还是选择住在棠下的城中村，与人合租。这合租人不是外人，正是小黄的大学宿友。现在，他们3个小伙子就住着一套2房2厅70平方米的套间里，厨房、柜子、洗手间、阳台都齐备。屋子虽大，可租价却相当便宜，每月只要900元。环境简陋，但小黄还是住下。他说，主要是想和宿友继续住在一起，彼此有伴，周末可以一块打球，平日也有个人来侃侃大山，不至于太闷，“不尽然是经济因素，主要是怕寂寞。”小黄乐呵呵地说。专家说法反映高等教育去精英化“蚁族”的出现与高等教育大众化带来的“去精英化”有关，大学生由优势群体转为相对弱势群体。近年来，大学生毕业期待薪酬停滞不前，甚至有下降趋势，便是对此的反映。此外，就业市场、房屋市场也对大学生造成颇大压力。与更早前的大学生不同，现在的大学生难以享受福利分房，要买房的话，毕业生微薄的工资杯水车薪，这也使“蚁族”们只能在城中村等居住条件差的地方居住。“蚁族”的出现也证明“80后”向上流动的机会相对要少，渠道也没那么顺畅，尽管“蚁族”不至于沦为最底层，但在社会地位上却处于“要上不上，要下不下”的尴尬境地。岳经纶中山大学政治与公共事务管理学院教授 我要评论,4,5,0.9197232127189636
银监会：综合授信类个人贷款业务将收紧本报讯记者刘薇报道：银监会周三发布了《个人贷款管理暂行办法(征求意见稿)》，对个人贷款实行支付管理。如果正式出台，这将是我国首部个人贷款管理法规。银行人士表示，总体来看，《暂行办法》对个人贷款业务没有太多新的限定，但细化到银行具体业务，则有一些贷款品种可能会加强审核，收紧门槛，诸如此前非常火爆的综合授信类个人贷款业务。《暂行办法》主要内容是，规定银行不得发放无指定用途的贷款，明确实行贷款人受托支付或借款人自主支付的方式对贷款资金进行管理和控制。重申银行在发放个人贷款时须坚持面谈、面签制度，确保贷款的真实性，以防范虚假按揭等风险。由于办法不针对个人贷款业务品种申请设置额外条件，因此个人获得贷款的门槛并没有被抬高。记者昨日采访多位银行信贷部门人士，他们表示，其实目前大部分个人贷款业务如房贷、车贷等都是实行受托支付，即贷款人根据借款人的提款申请和支付委托，将贷款资金直接支付给符合合同约定用途的借款人交易对象。这样做的好处，一方面能够有效监控贷款按约定用途使用，防范贷款挪用风险；另一方面也可防止“顶冒名”等违规损害借款人利益的行为，切实保护借款人合法权益。如今受《暂行办法》影响较大的，则是市面上一度火爆的个人综合授信类贷款。这类贷款通常表现为“房产一次抵押，贷款额度多次循环使用”，如很受市民欢迎的“循环贷”、“随借随还”等，有的银行在开办这类业务时放得较为宽松，只要首次审核通过，以后的贷款申请甚至可以通过网上银行等自助方式办理，无需再经过相对复杂的审核手续，这就意味着在初次审核通过后，借款人就不用再到银行面谈、面签，便可能获得贷款。“这其中的确存在着无法监控贷款真实去向的可能。”某国有大行支行行长称。而一家股份制银行信贷部门人士则坦言，在《管理办法》出台后，该行相对宽松的审核制度很可能需要作出调整，比如采取措施加强对贷款用途的审查，自助方式也许会取消。 我要评论,4,1,0.9486902952194214
"梅铎长子天价夺悉尼豪宅 创下澳洲本年最高楼价据香港《文汇报》引述外电报道，传媒大亨、新闻集团总裁梅铎的38岁长子拉克兰，前晚击退澳洲影帝罗素高尔等竞投者，以2300万澳元(约1.6亿港元)投得悉尼东面?郊一所大宅，不单打破澳洲单栋屋售价纪录，亦创下澳洲本年最高楼价。 拍卖会前晚6时举行，拉克兰亲身到场，而罗素高尔则透过网上出价。拉克兰在10分钟内击退其余9名投标者，成功购入这幢位于贝尔维尤山维多利亚道的豪宅。拍卖前预计售价会超过1,800万澳元(约1.3亿港元)，结果超出预期。这幢名为Le Manoir的大屋，面积4,097平方米，拥有6间睡房、5间浴室、2间书房、工人房、网球场、游泳池及可停泊3辆车的车库，大屋可饱览悉尼港及太平洋全景，非常罕有。 我要评论",4,5,0.32927119731903076
两大原因致部分银行收紧房贷 明年从紧是大方向针对目前因收紧二套房贷而导致买方撤单、房东发怒的种种纠纷，记者走访了沪上的中资银行。银行方面指出，致使二套房贷收紧的主要原因，一是由于银行全年贷款指标基本完成，二是目前房价进一步上涨，楼市出现风险，银行也要“自我调整”。各家银行调整情况不一交通银行从11月1日起调整对二套房的审核标准，由原来的以个人为单位变更为以家庭为单位。记者从静安区各大银行的支行处了解到，工商银行、兴业银行也接到“口头通知”，相继将二套房认定标准框定为 “家庭”，释放出强烈的收紧房贷的信号。“房贷申请超紧，很难拿到贷款。”一些买家抱怨道。由此引发的矛盾日益突出，部分买家因为首付提高，而无力支付房款，中介白忙一场还遭到房东的抱怨。据了解，考虑到这一情况，交通银行将调整二套房审核标准的最后执行日期定在本月15日。 “这是为了避免因贷款政策的突然变化而影响客户的正常买房。比如已经被通知可以贷款七成的客户，如果调整标准，只能贷六成，那可能导致客户无力承担成本而中途退房。”一位交通银行信贷经理告诉记者。进入三季度以来，房贷审批过程变得相当漫长。记者在新闸路石门路附近的中介处了解到， 10月起，各大银行已对申请办理贷款的房屋提出很多要求，如面积小于50平方米或成交总价低于60万元的均不再受理，对房龄的最低要求也提到了15—20年之内。对于 “上海将统一把二套房利率上浮10%”的传言，记者从各大银行尚未得到证实。一家银行房贷部人士表示，可能从央行层面目前没有新政策下发到各商业银行，但不排除各大银行会进行 “自我调整”。买家再度调整买房时机面对五花八门的房产数据，普通消费者只想知道 “房价会不会涨”、“现在该不该出手”。但此次房贷收紧，让一些有改善性住房需求的客户再度望而却步。市民小张说，自己从今年年中开始看房，其中不乏满意的房源，但皆因价格太高而踌躇。本以为年底是成交淡季，可以买房了，却又撞上房贷收紧。 “按照我的情况，以家庭为单位就是二套房了，中介说，如果是上半年，还可以打擦边球，现在就不可能了。小张说，看了半年房子，中介的态度变化也比较明显，年中的时候说可以帮忙 “搞定”房贷，到了三季度要小张自己 “凭本事”去银行申请，现在听了小张的情况后，坚决说： “你不首付四成就不要看房了。”而此前，部分银行在放贷时，如果夫妻一方已有多套房产，欲再购房，银行可允许客户写一份声明，说明自己已还完贷款或已出售房子，无需证明文件，而银行并不对其真实性进行调查；也有利用一些漏洞来规避 “家庭”概念。如，征信系统具有滞后性，有时已有一套房的夫妻再买房时，征信系统若显示这两人“未婚”，银行就会睁一只眼闭一只眼，仍为其提供首套房优惠。但随着银监会的 “严打”，二套房首付四成已是铁板钉钉。 我要评论,4,1,0.6601325869560242
郭晶晶潮人装现身 卖霍家豪宅欲赚450万(图)刚在全运会捍卫了宝座的跳水皇后郭晶晶，已经适应了频频出席商业秀和高级社交场合的名媛生活。虽然和富豪男友霍启刚的婚事一波三折，如今又要明年再说，她却丝毫不恨嫁，甚至变卖了霍家所赠的百万豪宅，只因物业太多疲于打理。看来名媛郭晶晶下定决心自力更生，毫不担心30岁后变成剩女。 11月12日讯 在10月30日晚，郭晶晶现身上海恒隆广场，以优雅“女王”姿态作为奢侈品牌的领衔嘉宾，成为全场焦点。当日，她为出席活动仅在上海逗留12小时，打着“飞的”匆匆来去。青涩Ball场新女王12小时打飞的捞金虽然郭晶晶出席时尚活动远没有跳台上那么潇洒自如，但经过这几年大大小小众多时尚活动的磨练，郭晶晶的秀场表现频频加分，青涩的门外汉渐入佳境。当日她打头阵为奢侈品牌Fendi走红毯，白色包肩小洋装配银色钉珠手拿包，得体大方，并恰当地遮盖了她因常年游泳而厚实的肩膀及背部，贵妇气场引来闪光灯混战，不少记者私下赞扬：“郭晶晶越来越漂亮了，也越来越会穿衣服了。”郭晶晶也略带得意地介绍：“衣服是我自己选的，我比较喜欢端庄简洁的款式。”虽然郭晶晶的Pose比名模熊黛林和乐基儿略显生涩，换来换去就一两个姿势，对大场面闪光灯阵还有待适应，不过她出场待遇不低。和品牌第三代掌门人合影时，她永远是站在最中心位置的明星，跟大姐大刘嘉玲同级，连天王嫂们都只有靠边的份儿。第一个出场，也是第一个离场，据悉郭晶晶因为要赶回北京训练，活动未结束就从秘密通道离开。回附近酒店换了便装，郭晶晶在助手陪同下直奔机场。当日早上10点，记者目击她刚刚抵沪；不到12个小时，晶晶就赶着最后的飞机匆忙回京，捞金之旅速战速决。私下里没了长枪短炮的关注，郭晶晶要比在秀场上自在许多。离开时，她摘掉了早晨戴着的明星范儿超大墨镜，穿时尚的机车皮衣和短裙、打底裤，手挽着7000大洋的意大利制造Tod’s G-bag，包包上还挂着一只小熊造型的名牌挂件，一身贵气引得不少路人侧目。上午看到有记者在机场拍摄，郭晶晶冷眼相对；晚上离开时，她也不时警觉地到处张望。办完登机手续，她终于松了一口气和助手有说有笑。婚期未定的准豪门媳妇“希望大家多给一点时间”此次再度被记者问及是否考虑进入娱乐圈，郭晶晶明显不如之后进场的刘璇那么如鱼得水，她生硬地回答：“不会。”有没有考虑拍电影？回答也是：“没有。”由于郭晶晶每次回答都比提问短，记者不由得追加一个“为什么”，郭晶晶倒是认真地想了想说：“因为我不会。”与霍家二公子的婚事，也是郭晶晶最烦回答的必答题。之前传出她将在11月中旬，嫁给交往4年、家族资产约900亿元台币的霍启刚，记者一求证，她立即给出一个令气氛迅速尴尬的回答：“这是很私人的事情，希望大家多给我一点时间。”场面一下子冷下来。全运会开始前，郭晶晶已被风传嫁入霍家，年末要举行风光婚礼，成为一代巨贾霍英东的孙媳妇。这个传闻使郭晶晶在全运会上成为刘翔之外最红的焦点人物，每次出席都引得大批记者蜂拥而至，好几次甚至冲破护栏。郭晶晶不得不在夺金后表态：“我跟他感情挺好，我们俩还没探讨过这个问题。我觉得现在这个时代，30岁以后结婚很正常，所以不着急。”总之，郭晶晶宣告暂时不退役、不结婚、不从政。霍启刚虽也曾是风流富豪，不过自从和郭晶晶谈恋爱后相当专一，鲜少绯闻，这让郭晶晶对自己成为霍家媳妇很心定。郭晶晶曾说：“当你做着喜欢的事，而后面有人给予精神支持时，哪怕是一条短信、一个电话都给你莫大鼓舞，你因此会开心地继续做下去。”而霍少让她感动的短信太多了，“我无法挑选，很多人问我霍启刚的事，但很少有人真正去了解他为我的付出。”身价千万的文体新名媛：变卖霍家豪宅聘礼只因懒得打理前不久郭晶晶抛售北京崇文门附近本家润园的房产，让许多人以为这场华人界瞩目的恋情有变，然而10月15日郭晶晶29岁生日，霍公子专程飞到北京为女友庆生，粉碎了谣言。这套房子据说是2006年霍家以300多万元买进送给郭晶晶的聘礼，而以郭晶晶不差钱的身价而言，这套房子不过是她的一个广告收入而已。如今，郭晶晶以452万挂牌出售这套房子，被几经揣测。郭妈妈主动出来爆料称，抛售是因为物业闲置，不便打理。据报道，她和霍启刚恋爱期间，霍家先后送了3套物业给她当礼物，其中最贵的一处是一个北京四合院，市价超一亿。此外，郭晶晶获奥运冠军后，先后获得政府和房地产开发商赠送的多处房产。除了竞技状态保持良好，郭晶晶作为体育明星，吸金能力也超强，拥有牛奶、洗衣液、家电、饼干等多家商业品牌的代言合约在身。2009中国福布斯名人榜上，郭晶晶超越刘翔高居第4位，15家各类广告代言收入超过3000万。显然，豪门名媛的生活最适合未来的郭晶晶，据说她专门练过怎么走台步、摆Pose，如今又开始学英语。训练之余，她有意识地去看一些时尚杂志，了解流行信息。目前，郭晶晶还在中国人民大学学习工商管理专业，为名媛之路铺平基石。 我要评论,4,3,0.6568109393119812
"建行提升首套房贷门槛 二套房利率多家银行7折当下，各家银行的信贷经理们忙乎得有点反常。“成交量不降反升，这不像往年年尾的状况啊。”中信银行二手房贷款客户经理孔艳说，她今年已经做了两个多亿的单子了，没想到临近岁末却还迎来小高峰。“其实都是被房贷7折利率优惠要取消的传言给闹的。”深发展客户经理李先生说。近日，“房贷利率优惠明年或叫停”的报道引起猜测纷纷。随着优惠利率将取消的风声加紧，伟嘉安捷市场主管吴昊告诉《华夏时报》记者，对未来政策的预判性不明，导致不少业主出现急售房产的现象。而业内相关人士则表示：目前政策面并没有文件传达，只是各家银行有自主权依据自身情况决定7折利率是否要取消。建行给首套房贷提高要求记者以购房者身份调查得知，广发、中信、深发展、北京银行对于资质够好的购买二套房的改善性住房客户仍可给到首付四成，利率7折或7.01折的优惠。“我们暂未收紧二套房的利率优惠，购买二套房的客户只要首付40%，属于改善性住房的话还可以申请到7折优惠。”北京银行客户经理赵先生告诉记者。上述中信银行客户经理则对记者表示：只要没什么严重的不良信用记录，在该行申请到7折利率也不会有多大的难度。她最近发放的贷款就有很多都申请到了7折优惠。“但是如果两套房子的月还款额占比家庭总收入超过55%的话，那或许申请就通不过了。”广发银行房贷工作人员告诉记者，该行目前仍可给改善性住房客户申请到7.01折利率优惠。这边二套房还在大给优惠，建设银行却给首套房也提出了要求：首付四成才可以给出7折利率优惠；如果首付两成，只能享受到利率8.5折优惠。“如果是二套房，不属于改善性住房的话，利率肯定是上浮10%的。”建行信贷经理非常肯定地告诉记者。语气变得谨慎的还有招行的信贷经理，他极其巧妙地告诉记者：“如果你资质够好的话，我们也可以申请到下浮30%。”“那能申请到下浮30%的概率是多少？”面对记者的追问，他表示：无法承诺，因为利率随时有收紧的可能。“你争取这个月就把手续办完了，说不定政策哪天说变就变。”工行和深发展客户经理则这样说。贷款审批不过或要付违约金在某广告公司当项目经理的王先生最近有点郁闷，他说，他预订的某小户型因为没有办法贷到八成，最终只得放弃购买了。最终他无奈地从开发商那里把预交的定金取了回来，“还好，这不是因为我的原因造成的无法成交，不用给开发商违约金。”而记者了解到，在二手房过户过程中，买卖双方也会有一个补充协议，买方也需要向卖方支付一定的定金，如果因为买方原因导致交易无法完成，买方须向卖方支付双倍定金的违约金。“主要还是看双方的补充协议是怎么定的，如果因为贷款申请不能通过导致交易无法完成的约定，付违约金的情况也是会存在的。”吴昊告诉记者，这种情况下，买方就只能支付全款来购买房屋了。“所以还是双方的协议要沟通、约定好。”而据某网站的调查显示：已经买房或是准备买房的网友中，九成以上的人选择贷款购房，仅有6.85%的网友全款付清。吴昊表示：如果买方因为信审未能通过贷款审批，而又无法全额付清房款的话，那么就只能“撤单”。“中介公司这时候是没有任何费用产生的，只是交易成功后要收房款总价2.5%的服务费。”八成网友持观望态度 结合“房贷利率优惠明年或叫停”报道的种种猜测，某网站推出的“住房贷款意愿调查”显示：67.12%的网友认为住房信贷政策变化对自身购房有影响；面对住房信贷全面收紧的可能，79.45%的网友选择“继续观望，静观其变”，只有20.55%的网友则“不再观望，果断出手”。“取消只是迟早的事情，因为现在房市已经过热了，国家要求开发商降价也不现实，所以只有通过一些政策的微调来对市场进行调整。”某商业银行消费金融中心工作人员对记者表示，“但是我觉得或许还是老人老办法，新人新办法。不过因为利率优惠而去抢这个时间却不见得可取。虽说大跌不可能，但是调整总是会有的。”而11月5日，住房和城乡建设部政策研究中心副主任王珏林在接受媒体采访时表示：鉴于目前经济回暖、房地产市场向好的形势，去年出台的一系列楼市优惠政策有可能在年底到期终止。北京市理财规划师协会会长、北京东方华尔金融咨询有限责任公司总裁刘彦斌也撰文指出：第一套房贷的7折优惠利率取消是早晚的事情。其原因是：实行7折优惠利率是政府的临时性措施,目的是为了刺激房屋购买，现在基本达到目的。再者因为贷款利率是根据央行的基准利率逐年浮动，目前又是利率低点未来是上升趋势等原因，所以该买房的还要买房,该还贷的还要还贷，利率不是买房的决定性因素。“贷款买房的人在买房时,就应该考虑到利率上升的因素,来计算自己的偿还能力。”而来自 “伟嘉安捷”的消息表明，以往多数业主不愿意接受购房人使用公积金贷款，因为公积金流程慢于商业贷款，会影响业主拿到房款的时间，而如今多数业主出于对政策未知的考虑，大部分人同意购房人使用公积金贷款买房，这也是导致公积金贷款交易量有所上升的重要因素之一。伟嘉安捷指出，其实在借款人资料准备齐全且配合办理的情况下，一般10个工作日左右即可完成批贷、放款。我要评论",4,1,0.7527071237564087
曾荫权担心资产价格升幅过急导致另一次危机十一月十三日，亚太经济合作组织(APEC)工商领袖峰会(CEO Summit)在新加坡新达城国际会展中心揭幕。香港特区行政长官曾荫权当日上午参与大会的对话发言。 中新社发 郑祚声 摄中新网11月14日电据香港大公报报道，正在新加坡出席亚太经合组织会议的行政长官曾荫权表示，美国的低利率政策已导致美元利差交易出现，令资金流向其它地方，助长投机活动。他担心一旦资产价格升幅过急，将可能导致另一次资产泡沫危机，因此各地政府应加强监察及合作。曾荫权说，香港经历九七年金融风暴后，已优化银行、金融和借贷制度，有信心香港能够在金融海啸后加快经济复苏。曾荫权昨日在APEC工商领导人峰会一场有关“规管金融及全球增长”座谈会上表示，上世纪八十年代末，日本为应付经济衰退，实施零利率政策，令资金因而流向亚洲其它地区。当时亚洲国家和地区未有留意热钱流动及资产价格上升至危险水平，结果引发亚洲金融风暴。曾荫权指出，目前美国低利率政策与当年日本情况相若，因为美元利差交易已导致资金流向其它地方。他说，“钱流到哪里，问题就在哪里”，目前在亚洲多个地区，包括韩国、中国台湾、新加坡和中国香港等，资产价格再度上涨，甚至资产价格的水平已与基本面不相称。他担心资产价格升幅过急，将有机会导致另一次资产泡沫危机，希望政府及企业界保持警戒，而各地政府应加强监察和合作。去年九月底美国爆发金融海啸，并快速蔓延至全球各个经济体系，不少国家或地区迄今复苏速度十分缓慢。曾荫权说，香港与亚洲各经济体一样，在九七年金融风暴一役累积了经验，并且优化了银行、金融和借贷制度，包括限制股票市场无货沽空、增加市场透明度、在促进市场发展及保障投资者之间取得平衡等，因此金融海啸爆发以来，香港的复苏速度较不少地区快，银行体系亦没有受到重大冲击，显示香港的规管具有一定成效。曾荫权表示，香港将会参考各经济体处理金融危机的经验，继续对抗金融海啸，有信心能够加快经济复苏步伐。不过，他说，香港必须留意可能出现资产泡沫，而金融危机的其中一个启示，就是不能过分依赖单一行业，所以施政报告提出发展六项优势产业。 我要评论,4,7,0.982907235622406
"周迅财商度评分70(组图)评语:综合实力较强,但往往无心恋战 去年福建泉州市地税局透露,全年有20多位演艺明星在泉州市缴纳个人所得税,其中“冠军”是周迅,单笔税款就达31.3万元;而其处女大碟《夏天》一上市即突破3万张大关;随后,打印机、手机、糖果、洗发水厂商纷纷找上她,据悉每支广告报价都从7位数开始;新片《美人依旧》、《买办之家》、《恋爱中的宝贝》相继上档……周迅当上小富婆恐怕在很多人的意料之中。 只是钱到了她手里怎么花还真是件难事,因为她个性有点男孩气,平时连零食都懒得吃,穿衣服也不像同龄女孩那么挑剔,喜欢一些中档的休闲品牌,比如ISZUE、无印良品等。花钱最多也就是出席一些重要的活动,因为自己的尺寸比较小,一般得找设计师定做服装。 在经历了娱乐圈的风风雨雨后,在经历了情路的坎坷后,如今周迅终于找到了一位知心爱人,两人还将一起搬进那栋豪华的别墅——足够容纳30人开派对的大厅、绝对私人的游泳池、宽敞的屋后花园及网球场。无论是占地面积还是豪华程度,周迅、李大齐的爱巢都能媲美“鹏菲”俩耗资千万、用来相夫教女的“晴翠园 (论坛 相册 户型 样板间 地图搜索)”。 评委评语:被动型选手,防守能力较强,但缺乏主动出击的意识。 除了成为福布斯内地第一富姐,最近关于巩俐的新闻炒得最热的莫过于,16年前电视处女作片酬200元人民币与如今动辄200万广告身价的极大反差。据说当时还是中戏表演系三年级学生的她一件白衬衫配上蓝色牛仔裤的休闲造型,把学生时代的清纯模样展现得淋漓尽致。当年的她服装不少是在广州买的地摊货,一件只值几元钱。这样的当年虽落魄倒也落个清静自由,如今有了钱,怎么打理还真成了大学问:白衬衣、牛仔裤不能再随便穿了,否则2001年百花奖领奖台上的这身打扮也不会招来那么多非议;广告也不能接太多了,否则人家怀疑你老公下岗,靠你一个养家糊口…… 单靠房子升值,估计巩俐这辈子不干活也能养活自己了,当然前提是得节俭着点用。十年前公开价为5000元/平方米的房子,如今早已经涨到了一万多,购置房产搞投资的确是不错的选择。只是这片号称北京首家高档涉外的别墅区,不是一般老百姓所能够接触,十多年前就已经是响誉国际的巩俐当然除外。 评委评语:力量型选手,攻击力强,但进攻套路比较简单。 9岁时孤身来到北京和奶奶一起生活的她,在1995年写下了歌曲《喜玛拉雅》,奶奶拿出卖冰棍积攒的3万多块钱帮她拍了MTV,从此走上成名之路。艰难的成长经历给了她实打实的个性,如今专辑卖得再多、演唱会开得再火,该交给国家的钱还得交:前两年到呼和浩特演出就跟人家刘欢比着交税;去年底北京演唱会光门票收入就是200万也一样谁都不瞒。直到2000年她还住着集体宿舍,手边有了闲钱第一个想到的还是收养孤儿。 评委评语:综合实力较强,但不善于观察对手,容易一味陷入自己的套路中。 陈琳说音乐对自己来说就是一份喜欢的职业,而且它可以养活自己。有报道称,她的吉它由大师特制,价值2万多元。而像这样的吉它她共有4把,平时演出总带两把在身边,另外还有演出的麦克风和小型设备都是自己带的,每场演出的设备费用都要40余万元,是国内歌手中最高的一个。只可惜英年早逝。 评委评语:不适合参与专业性比赛,容易被对手误伤。 那英生性豪爽,赚得多也花得多。1992年夏天,她和姐姐那辛在北京民族宫附近的太平桥大街投资20多万元,开起了饭店,回头客挺多,盈利却不大,原来那英经常带一帮朋友免费吃喝,其他客人也都攀比:“既然来吃饭就是朋友,是朋友就该免单。”那英生性豪爽,最受不了斤斤计较,索性全免,弄得那辛哭笑不得。至今,那英这个能花钱的毛病,也没能改过来,“经常是挣的没有花的多,三花两花就花没了! 1995年,那英摆脱“山沟沟里头山不转水转”的状态,凭着专辑《白天不懂夜的黑》(尤其是其中单曲《雾里看花》)开始真正的走红。而同时,她还认识了生命中的男人高峰。 从此,那英的专辑越卖越好,钱越赚越多,房子也越买越多、越买越贵,十年下来,置业七处。最近的一次,她豪掷3000多万元,购置了毗邻东四环的目前北京最顶级的豪华别墅,比王菲的晴翠园别墅面积和价位都要高出1倍以上,无意中竟使自己成为娱乐圈明星中的“住房领袖”。 (媒体来源：中华室内设计网) 我要评论",4,2,0.731816291809082
 盘点全球10个最环保城市之三波特兰特点：绿色建筑、发展轻轨波特兰是美国第一个将节能减排作为一项法律推行的城市。除了“绿色建筑中心”，该城市还大力推行环保交通工具，轻轨、巴士和自行车是波特兰市民主要的出行工具。为了鼓励更多市民选择亲近自然的生活方式，波特兰市政府在城内开辟了近56万亩的绿地以及长为120公里、供市民散步和骑脚踏车的专用道。新加坡特点：“零能耗”建筑作为亚洲的“花园城市”，新加坡在环保方面的努力一直有目共睹，长达12年的口香糖进口禁止令就是例证。2009年，新加坡第一座“零能耗”建筑也将竣工。这座由旧楼改造的建筑，能源利用率将比常规建筑高60%，屋顶采用总面积达1300平方米的太阳能板供电，并与公共电力网相连，可做到电力的互相补充，内部还装有感应器，能自动调节室内的冷气系统。多伦多多伦多特点：LED照明系统、深层湖水冷却系统早在2002年，多伦多为解决“热岛效应”(由于城市化发展，导致城市中的气温高于外围郊区的现象)，就已开始在城市建筑的屋顶种上绿色植物，改善环境质量。去年，多伦多宣布将用LED照明系统取代传统灯泡和霓虹光管，以节省用电，在维护夜景的同时，减少城市的光污染。此外，多伦多市的一些建筑将利用安大略湖的湖水冷却降温，以缓解电力供应。  我要评论,4,5,0.9914302229881287
迪拜危机启示录：空中楼阁迟早要倒塌美国拉斯维加斯，又一家奢侈至极的酒店在这个“罪恶之城”绽放。但此次，相较酒店豪华的各种天价服务和开幕典礼上的好莱坞群星璀璨外，似乎其幕后的主人更吸引人们的眼球--迪拜世界。仅仅一周前，迪拜世界这个名词牵动了世界每个角落的神经。11月25日，迪拜主权财富基金迪拜世界宣布，暂缓偿还债务。根据评级机构穆迪的估算，迪拜的债务预计接近1000亿美元。巨大的数额勾起了人们对去年雷曼兄弟倒闭以来那波汹涌澎湃的国际金融危机的回忆。汇丰、渣打、巴克莱、苏格兰皇家银行等在内的多家银行涉及在内。人们开始担心，我国是否也会因此受到波及。庆幸的是，国内几大商业银行随即申明表示，没有涉及迪拜世界、迪拜政府和其他相关迪拜主权基金及机构发行的债权。有所涉及的，比例也相当的小。记者致电多家研究所银行业分析师，均表示认为此事对国内银行业影响不大，目前没有特别关注。因此，公众的目光从银行投向了导致其债务根源的房地产业。迪拜世界的房产项目，现在已经成为了全世界最大的烂尾楼。而就在这债务问题凸显的时刻，其旗下的“重型”项目却闪亮登场。“城市中心”酒店的开幕，似乎使得地产行业最尴尬的一面展现在了公众眼中。反观我国的地产行业，近期拍卖地王频现，房屋交易价格再次飙升，种种迹象也让人们对其产生了许多担忧。有专家对记者表示，在高速成长时期，楼价和地价互相推动的背后，是资金的不断流入。在那些光鲜的大楼后被后默默支撑的是债券、贷款等各种负债工具。一个原本是沙漠中人口只有十几万的小城，在几乎没有任何实业的基础上，居然吸引了世界上各方的资金，建成了一个人口上百万的豪华都市。房地产市场的巨大利益诱惑在其中占据了重大的因素。不断高涨的楼市，加上免税的便利，使得国际游资疯狂涌入。在聚集了巨大资金后，其所投资的项目遍布世界，美国这次的拉斯维加斯“城市中心”项目，迪拜世界就砸了近50亿美元。这种推动与反推动作用，给予了人们一个璀璨的迪拜，但当问题暴露，留下的却是满目疮痍。“迪拜危机对我们而言更多的是警示作用。”中国社科院金融研究所中国经济评价中心主任刘煜辉在接受《证券日报》记者采访时如此表示。他认为，目前为止迪拜危机对我国银行业的影响不多，但由于有过全球金融危机的影响，心理上的波动是会有的。此外，刘煜辉还告诉记者，任何以过度负债支撑起来的价格上涨或资产泡沫都是需要高度警惕。因为一旦泡沫破裂，就会带来破坏性较强的连锁反应。相信通过这次迪拜危机的警示，国内更多的行业会关注本行业内的负债和泡沫，对于投机性行为和高风险项目将会更加冷静。我要评论,4,5,0.6430575847625732
"温州商人迪拜沦陷记提要：当海水退潮时，才知道谁在裸泳。如今，在迪拜的温州商人就面临这种尴尬。席卷全球的金融危机使其遭受重创，不期而遇的迪拜世界公司债务危机，又使他们的生意、投资雪上加霜。陈周锡/文当海水退潮时，才知道谁在裸泳。如今，在迪拜的温州商人 （下文简称“温商”）就面临这种尴尬。席卷全球的金融危机使其遭受重创，不期而遇的迪拜世界公司债务危机，又使他们的生意、投资雪上加霜。多位在迪拜经商、投资的温商，日前在接受本报记者采访时说，他们的生意开始企稳回升，但交易额仍只有去年同期的40％至70％，“大家都在撑着，等待经济转好。”同时，前几年一窝蜂去炒房，几乎在迪拜人均一套房的温商，正忍受着房地产市值大缩水带来的煎熬。一位迪拜温商说，迪拜世界公司的债务危机，将会使当地经济复苏放缓，“之前有所回升的市场信心，又好像一下子被击碎了，这将直接影响到中国商人。”有“中东门户”之称的迪拜，辐射亚、欧、非三大洲，是中东地区最大的贸易集散地，也是中国商人在海外的重要据点之一。在这里，据说现有十五六万中国人，其中温商就约占10％。据统计，中国对阿联酋的出口总额，由2000年的20亿美元剧增到2008年的282亿美元，中东已成为中国外贸产品的新兴市场，温商在其中功不可没。然而，这个中国最为活跃的商人群体，却在今年市场的潮落中损失最为惨重。从俄罗斯灰色清关，到山西煤改事件,再到迪拜炒房被套，备受争议的温州资本“屋漏偏逢连夜雨”。阿联酋温州商会会长、亚洲商务卫视董事长、华星集团董事长王伟胜说：“我们都需要反思”。商贸起家在第一批到迪拜温商的介绍下，1998年王伟胜到迪拜进行考察，去之前他对这里并没有抱多大希望，“如果不行，就当一次出国旅游。”考察中，迪拜开放的商业环境很快就吸引了他，自由港迪拜只有5％的消费税，且位处欧、亚、非中转贸易的交叉点，拥有得天独厚的地理位置。“当时，在迪拜做生意的温州人还不多，那时还是日韩、伊朗、印巴商人的天下。”与大多初入迪拜的温商一样，刚开始王伟胜也以转口贸易为主，随后他的服装生意一度辐射整个中东甚至北非地区。这时，中国取代日本成为阿联酋最大商品进口国。2003年，王伟胜把业务扩展到鞋子、家具、床上用品等，成为不少国内厂家在阿联酋、中东地区的总代理，后来他成立了华星集团。事实上，从2000年开始，在迪拜政府宣传下，温州、义乌、福建等地贸易商蜂拥而入，主要销售五金电器、皮鞋、箱包、打火机、灯具等商品。随后，迪拜相继出现了中国建材城、鞋城、眼镜城，以及2004年中国人建的上千个摊位的迪拜龙城，主要为华人提供商铺租赁。随之而来的是竞争。2004年，王伟胜的生意开始走下坡路，“尽管销量还比较好做，但利润已急剧下降”。王伟胜说，在高度竞争下，商贸的不确定性还是让他感觉到不安定。与他同期进入迪拜的温商，开始酝酿多行业投资或转战他国市场，其中不少人将目光锁定房地产。2005年，王伟胜也买了几处房产，同时创办了阿联酋迪拜华人网，给前去中东淘金的华人提供贸易方便，后来成为中东最大的中文门户网站。随后几年，大量中国产品，仍源源不断地通过迪拜输往亚、非、欧。王伟胜说，这些产品还是以中低档的小商品为主，之间的价格竞争比之前更加激烈，一件商品赚几毛钱极为常见。而在大型超市、商场里，几乎看不到打中国牌子的产品，“实际上很多产品也是中国制造，只不过贴的都是别人的牌子，可见中国产业的转型升级任务有多艰难。”去年8月美国金融危机开始时，迪拜温商还在“隔岸观火”地说，我们没有影响。然而，三四个月过去，他们才意识到危机的严重性——外商集体失踪、生意一落千丈，“火烧连营”已不能自救。今年初，恰在农历春节前夕，迪拜港的货物堆积如山，温州经销商大量甩货，“还有的企业负责人，赶往迪拜为经销商甩货。”迪拜温州商会会长陈志远说，目前甩货只是极个别现象，从今年三季度开始，迪拜外贸稳中有升，虽然迪拜世界公司债务危机会影响华商信心，但对贸易不会产生很大影响。尽管如此，迪拜世界公司债务危机发生之后，迪拜城内龙城等几条批发商业街道的租金在债务危机爆发后下跌10％。一直不打折的迪拜七星级帆船酒店暗地里推出促销活动，房型170平方米的单卧豪华套房，每间夜售价现为1210美元，约为门市价2951美元的4折。颇具知名度的亚特兰迪斯五星级酒店，最近也打出了亲情价招徕顾客。迪拜旅游公司负责人李明说，今年9月阿联酋正式成为中国公民组团出境旅游的目的地，“即使这样，除初开通时的几批游客外，之后游客一直比较少。”据统计，8月份，迪拜出境游同比下降32％，入境游同比下降45％。李明说，今年6月迪拜官方公布，市场上有14万张空头支票，“有些商人的资金流紧张，甚至消失得无影无踪。”他认为，迪拜世界公司债务危机将使迪拜贸易复苏至少推迟一年。有人动手了在贸易中实现原始资本积累后，很多温商开始把投资目光转向房地产。2000年，迪拜允许卖房给外国人，这意味着外国人不仅可以拥有永久产权的房产，还能拥有永久产权的土地。一位在迪拜从事房地产中介的黄姓温商说，出于经商便利考虑，少数人在当地买了房子，起初的投资味道并不重。从2003年开始，与国内房地产价格高涨一样，迪拜的楼市也在一路看涨，于是一些寻求资本突围的迪拜温商开始大量买房，2005年前后王伟胜也买了几处房产。从2006年开始，温商开始在迪拜炒房。王伟胜说，当时不少温州的亲朋好友闻讯赶来，大家筹集资金组成“银团”，用团购价买一栋楼或整层房。然后选出“董事长”，由他决定何时出货，赚得利润按资金比例分摊。一旦出现亏损，银团会召开“董事会”，集体决定何时出货及出货价格。“炒楼是大家合伙做生意，这种投资关系建立在信用基础上，有赚也有赔这很正常。”这种在国内多见的温州炒房方式，也在迪拜找到了生存的土壤。在迪拜，购房者多为看图买房，首付定金为房款的5％，两个月后再续交20％、签订购房合同。于是，大量投机商在两个月时间里，只要用5％房款就可赚到一倍以上的利润，当时因为在迪拜炒房，一年赚两三百万元的温州人不少。但也有一些实力型温商，选择中长线持有物业。比如迪拜“耶稣岛”别墅，2004年刚推出时一幢只卖960万元，去年猛涨到近6000万元，上涨了600％。炒房时间之短、回报率之高，均是一般传统贸易无法企及的，令很多温商流连忘返。上述黄姓房产中介商说，前两三年，迪拜温商主要精力是炒房，贸易已退居其次。“在2007年至2008年，很多炒家抽走实业资金，在迪拜房价高位时相继杀入，少则一两套，多则几十套的期房。”与此同时，在迪拜纷纷出现由温商创办的 “房产中介所”，在为炒家提供咨询服务时，自己也参与了炒房。在迪拜温州商圈中，流行一句话：有钱的去开发，没钱的人去炒房。据知情人士透露，在2005年，一位迪拜温商黄姓老板就手握3个地块，2007年抛售了其中2个小地块，获利至少三四千万元以上。此时，有人建议他高价出售第三个地块，黄老板不愿意，说要建一个医疗器械贸易的“迪拜中国健康城”。2008年初，一位温商斥资3000万元购买迪拜卫星城一块地皮。“如果开发顺利，他们靠图纸卖楼花，资金就可迅速回笼，赚取几倍、甚至十几倍以上的利润，比炒房赚多了。”迪拜的地产狂欢气氛，极大刺激着国内温商的财富神经，于是有人动手了。2007年10月，温商、上海中州国际控股集团董事长胡宾，斥资2800万美元买下迪拜世界岛中的 “上海岛”，计划在总面积111亩的岛上投资12亿元开发58栋别墅，据说此后预订了12套。紧接着12月份，温商、上海进福房地产开发有限公司董事长张进云，温州房地产开发商周建亚分别与阿联酋拉斯海马政府，签订两个房地产开发项目的意向协议书，总投资为70亿元。收获还没开始，危机迅速降临。去年8月，美国雷曼兄弟破产后，国际热钱迅速撤离，迪拜房价开始暴跌，这是温商从未料到的最差结果。一位不愿具名的迪拜黄姓温商说，短短几个月时间里，他投资的迪拜项目土地市值大幅度缩水，从最高时的800迪拉姆/平方英尺，急跌至近200迪拉姆/平方英尺。这与他三年前买下这块地的价格几乎一致。在恐慌心理影响下，迪拜土地交易市场几乎停滞，想抛也无人接盘。他说，该项目土地款绝大部分已经支付，剩下一小部分预付款已向政府申请缓交。目前，温商开发的六七个房地产项目已全部暂停，损失比较严重。知情人士透露，其中胡宾已为迪拜上海岛投资了7000万元以上，“项目已经暂停，等待机会再行启动”。张进云说，由于金融危机等原因，他此后就没有和当地政府签订正式开发协议，也没有为此投入资金。最痛苦的莫过于跟风炒房者。他们要么是忍痛割舍先期投资，撤离回国；要么债台高筑，缴纳高额的银行贷款，如果撑不住，甚至有锒铛入狱风险。上述黄姓房产中介商说，到今年二季度，迪拜房价已从2008年的最高点，回到了2003年水平，“之前翻了600％的房价，又重新回到了起点。”从今年第三季度开始，楼市有了止跌回稳的迹象，迪拜世界公司债务危机又将对楼市信心产生较大影响。困于转型？与众多温商投资房地产不同，王伟胜则选择一次跨行业的转型升级。2006年1月，王伟胜伙同他人斥资买下阿联酋电视台——阿拉迪尔（音译），更名为“亚洲商务卫星电视台（AAB）”（简称亚商视），一举成为中国收购海外卫星电视台第一人，成为他人生的一个转折点。他说，迪拜与中国之间巨大的商业市场和频繁的商业交往，需要一个中文传媒窗口进行沟通，帮助中国厂商在中东建立品牌影响力，这将是一单名利双收的生意。王伟胜之前说，他只是个以贸易起家的商人，对电视台的营运知之甚少。不可否认，那时存在节目比较单一、内容不够丰富，尤其是节目制作、品牌推广、市场规划工作欠缺，而他熟悉的商业活动则比较多。那时迪拜经济如火如荼，使亚商视前景颇为看好。2006年，3位来自传统制造业的温州股东加入亚洲商务卫视，占股20％。去年1月，亚商视引进媒体资深人士高度，出任亚洲商务卫视总裁，并于4月把中国总部从广东迁往杭州北部软件园。“我们必须打出‘中国制造’口号，推动中国产业的转型升级。”高度说，他们的主要工作是牵线搭桥中国地方政府与中东的沟通，同时让企业通过节目合作拓展中东市场，并陆续推出“相信中国制造”等栏目。据悉，与亚商视品牌合作的奥克斯当年在中东地区销售增长了10％以上。之后，亚商视与政府部门、行业协会的合作逐步深入，并掀起了一股中东招商引资热潮。然而与王伟胜不同，很多温商在房地产投资市场流连忘返，失去了转型升级的动力和活力。“这是我们感到后悔的一件事。”温州中小企业发展促进会会长周德文说，温州人一直对迪拜寄予很高的期望，但是现在我们认为投资者应当极其谨慎，避免盲目投资。“现在除了房地产，我们还能投资谁！”一位制造业出生的温州煤老板无奈地说，温州资本逐利性强，房地产仍是暴利行业，准入门槛也比较低，因此成为很多温商产业转型的首选。“并不是所有的企业都能转型升级，这需要企业拥有很强的实力，更需要政府的大力扶持，而温州民营企业大多数规模比较小，且从事的多为产能过剩的轻工业，转型难、升级更难。”温州资本从原先的 “弄潮儿”，被指为今天的“搅局者”，这让亚商视总裁高度忧心忡忡：“他们一窝蜂地去搞房地产，这正常吗？那制造业的转型升级又靠谁？”温州恒生资产管理公司董事长黄伟建说，温州拥有几千亿元的民间资本，如何规范、引导温州资本运作最为关键。 延伸阅读我要评论",4,1,0.5011060833930969
国家信息中心：二次房贷政策明年或将全面收紧二次房贷明年或收紧范剑平表示，2009年，中央和各地已采取一系列措施拉动消费，效果很好，前三季度社会消费品零售总额实际增长17%，最终消费对GDP贡献了4个百分点。如果2010年的宏观经济政策能与这一趋势相契合，将取得事半功倍之效。他进一步表示，2010年，国家应该延续并完善今年出台的消费政策。在购房消费上，继续为低收入者增收减负，让其有能力消费；继续刺激居民首次购房需求，购房契税、房贷利率等优惠政策要延续，对二套房贷则要严格把关。优惠政策延续亦难解渴但有地产人士提出质疑，楼价那么高，即使降低契税，也让很多首次置业的买家望而却步。天河某楼盘营销总监分析，市区一套100平方米的三房，总价就超过120万。如果首次置业者可享受1%的契税优惠(非首次置业者契税为3%)，也就是少了2.4万元。对于总价来说，也是杯水车薪，买不起房的人还是买不起。新闻背景收紧二次房贷 细则迟迟未出对于二次房贷的收紧，自今年下半年以来，多个部门都已经明确表示，但收紧的细则却迟迟未出台。据记者了解到，目前广州各大银行对于二次房贷都有不同程度的收紧，二次房贷想要再享受之前的7折利率几乎是不可能。其中四大国有银行一般按基准利率，或上浮10%。而有的小银行仍然有比较宽松的优惠，利率可以下浮20%~29%。“但能享受到29%的利率的客户少之又少，尤其是到了年底，银行的放贷任务已经大大超过预定的任务，所以想要享受优惠利率更为困难。”广州某按揭公司经理透露。记者 罗莎琳分析调整或抑制购房欲望目前楼价一路上涨，其中多次置业者(包括投资客)占了不小比例。明年对二次房贷进一步收紧，若无其他利好政策支撑，楼价或面临调整。肖文晓表示，目前二手楼市中的投资客占到了三成比例，一手楼更严重，大概有五成。严格执行二次房贷政策，等于提高了投资门槛。据悉，假设一位自住客原本计划贷款100万元30年等额还清的话，7折利率情况下的月供款为4865.69元，而8.5折利率下的月供款将涨至5398.2元，如果完全取消优惠，月供则需5956.98元。前后住房供款多了1100元。“收紧7折利率，也就意味着增加投资者的投资成本，风险进一步加大，因此会抑制他们的购房欲望，有利于抑制楼市的投资气氛，楼价也会相应回落。”肖文晓表示。记者 罗莎琳数字上周重点城市成交面积跌多涨少据某机构的最新监测，11月30日至12月6日，在被监测的31个城市中，楼市成交面积环比上升的城市有15个。在10个重点监测的城市中，6个城市成交面积环比下跌，其中深圳成交面积环比下跌近30%；成交面积环比上涨的3个重点城市中，杭州、南京涨幅都在5%以内。总体来说，上周重点城市成交面积跌多涨少。其中，深圳、重庆、上海和北京量价齐跌，分别环比下跌29.98%、16.89%、15.55%、5.90%。截至上周，2009年1~49周累积成交面积前三位依次是上海、重庆、北京。1~49周的成交面积同比增幅一倍以上的城市有杭州、天津、苏州、南京、武汉、成都等六个城市。据最新统计，截止到今年12月份，广州市中心六区的成交均价从2月再破万元关口后，除了4月稍有回落外，已连续数月超过12000元/平方米。我要评论,4,7,0.6358134746551514
蜗居时代新购房心态：近六成网友没房不幸福 已经跨入生育年龄的80后，不少人刚刚做了父母。宝宝的出生，老人的“进驻”，让他们忍无可忍。以至于有人发出“蜗居时代生孩子，降低幸福感”的感叹。网上一份关于“蜗居”状态下新上海人调查显示，接近六成的受访者认为“有房子不一定幸福，但没有房子肯定不幸福”。一个网友愤怒地说：“80后的人被房价压垮了，失去了原有的活力和爆发力。”在80后中引起共鸣的电视剧《蜗居》，把房子对人的影响真实地表达了出来。调查：多数认为“没房不幸福”网上一个“蜗居”在线小调查，共有240个人参与，57%的人认为“有房未必幸福，但没房肯定不幸福”。北青网调查显示，认为“没房子生活就谈不上幸福”和“房子是影响幸福感重要因素”的人共占74.3%；搜狐网调也发现，认为“感情绝不会受房子影响”的人不到6%。面对“买房时，你主要的困惑是什么？”时，近八成被调查的人认为是“房价普遍超出承受范围”，一成左右的受访者认为“90平方米以下小户型太少”，9%的人想问“房地产商的‘花言巧语’有多少是真实的”。但还是有不少人希望在上海买房，只有不到两成的人明确表示“不买，没有这方面的需求”。记者发现，虽然仍有43%的人选择继续留在上海，等待某一天得到一套属于自己的房子，但已经有13%的人表示要离开上海，去外地或者索性去国外打拼，因为“连外国的房子都比上海便宜”。你会因为房子而选择另一半吗？36%的人认为只要对方是“潜力股”，可以共同承担房款就能接受，33%认为只要有爱，先租房也行，17%的人表示没房的话也要有能力支付首付，否则免谈，最后15%的人表示“当然，一定要有房子”。心理专家：购房焦虑有“传染性”心理专家表示：最近几年在房价飙升回落又飙升的过程中，在看房、选房、买房的过程中，很多人的心情仿佛坐过山车，犹豫、焦虑、着急、担心、无助、愤怒的情绪随时侵袭。这种焦虑情绪就像“甲流”一样带有传染性。而那些刚刚走上社会不久，积蓄不多，又即将为人父母的80后，更加觉得购房无望。尤其是80后的新上海人，蜗居成为他们中很多人的生活常态，需要调整自己的期望值和心理状态。我要评论,4,5,0.9224370121955872
七尺男儿网上乞讨 只为还2万房贷记者本月8日在某业主论坛看到一个网友的转帖，网上乞讨的网民在洋洋洒洒的2000多字的帖子中写了自己的经历。该网友夫妻都在农村做小生意为生。因为担心楼价再涨就买了房子，首付30%，除了积蓄再贷款2万元。但是由于经济危机的影响，店铺也关了，重新开店又把积蓄和本钱赔光。不得已向亲戚朋友借钱还房贷和交小孩学费，但是已经借无可借。由于舍不得这个让他们“第一次拥有了家的感觉”的房子，该网友在网上公布账号进行乞讨以还房贷，该网友在帖子中写道，“套用一句以前看过的广告语：您给出的一元钱就够我们买一顿饭的，您抽一包烟的钱就够我们吃一天饭的，您在饭店的一顿消费就够我孩子一个月的学费”。该网友表示，以他的人格发誓：“等我渡过这个难关，一定如数把钱归还。如果没有留下联系方式的，等我挣到钱以后一定如数、加倍地交给慈善机构，让所有人的爱心得到更大的发挥”。该网友还表示，这一切都是瞒着他妻子做的，希望网友不要进行人肉搜索。并且提醒准备买房的朋友，好好地权衡一下自己的经济状况再做决定，以免重蹈他的覆辙。记者搜索发现，除了该论坛之外，其他论坛对该帖也有转载，不少网友只是表示围观和调侃。我要评论,4,1,0.5061019062995911
房屋中介扣押金招数曝光(图)         时下，不少人因工作和生活等原因而选择租房居住，应运而生的房屋中介成为求租人最便捷的租房渠道之一，为规避房屋及室内设施损坏等风险，中介公司向租户收取不同额度的押金，在租户交纳房屋租金时一并支付。近日，本报接到多人反映，他们通过房屋中介租住的房屋到期后，中介公司未按合同约定退还押金，而是以种种理由克扣预付的押金，租户在讨要押金的过程中也因遇到不少难点，而维权未果。就此，记者寻访多名当事人，发现租户权益受损大多集中在退房时被要求缴纳“折旧费”、逾期支付租金算租户单方违约、电器老化无法使用由租户赔偿、中介公司找借口重复收取水电费等非正规手段谋利等问题。【案例】招数1 “房子住旧了”拒绝退押金 充当“折旧费”去年7月底，侯先生通过房屋中介，租下了位于朝阳区亚运村附近的一套两居室，月租金3500元。侯先向中介公司预先支付一个月房租作为押金，按照合同约定，房屋租赁期满，经中介公司验房确定房屋无损，将退还押金。“房子是简单装修，铺地砖、白墙壁。”侯先生说，入住时房屋墙壁看似粉刷不久，地砖也被清洁过。今年7月，租期到期后，侯先生决定退房，中介却拒绝退还押金，并要求侯先生补交数百元的保洁费。中介拒绝退还押金的理由是侯先生租住时造成墙壁颜色变暗，地砖缝隙变脏，“被住旧了”。中介称需要用押金粉刷墙壁、清洁地面，并让保洁打扫房间。争执了数日未果，侯先生寻求律师维权，却发现当初签订的合同中，并未对类似细节做出规定，且合同中写明“中介对合同内容有最终解释权”。“房屋的折旧不是我能控制的。”侯先生认为租户不应该为“折旧费”埋单。招数2 “电器用坏了”室内电器损坏 租户被迫赔偿“电器不是我弄坏的，为什么让我赔偿？”今年9月黄女士租住的房子期满，退房时却被中介公司以电器损坏为由，要求赔款。去年9月，黄女士通过房屋中介租下了东城区和平里的房屋，月租金2400元。合同中附带的《室内物品清单》上，罗列着室内电器的数量和状态，现场试用后，双方均在清单上注明“好”。“电视机是19英寸的，冰箱是绿壳的，明显是用了10多年了。”黄女士说，因为电器还能用，自己签字时没在意。今年2月，黄女士发现电视机的画面已经不能完整成像，冰箱也不再制冷，通知中介维修，但无人过问。因自己平日用不上冰箱，也很少看电视，黄女士没把维修的事放在心上。今年9月，黄女士退房时，中介公司以“电器用坏了”为由，要求黄女士赔偿，定损后决定用2400元的押金充抵维修费。黄女士认为，电器是因老化而损坏，但中介公司称只以租房时的《物品清单》上的签字为准。近日，经过黄女士与中介公司多次协商，仅要回了400元的押金。招数3 “房租交晚了”逾期交租金 物品被清退去年11月，袁先生通过房屋中介，租下了位于朝阳区武圣路附近一套两居室，租期1年。租赁合同中约定租金为季付，并额外交纳1个月的租金作为押金。合同中同时要求，在缴纳租金日之前10天内，要缴纳下季度租金，如超过该期限仍未付款，则视为解除合同。今年4月，袁先生在外地出差正赶上缴纳租金的日期，因随身未保留中介公司电话，无法申请延期，中介公司也迟迟没与其联系。4月中旬，袁先生返回租住的房屋，房门已经换锁，他从中介处得知，因为“房租交晚了”，中介视其单方解除合同，换锁后将物品搬了出来。同时，中介公司以袁先生未提前一个月告知并单方面解除合同为由，扣下了袁先生预交的2000元的押金。“能帮你保管物品，已经很讲理了。”中介公司的工作人员对袁先生如是说。至今，双方协商未果，但由于合同中并未规定中介公司的义务，袁先生至今未要回押金。招数4 “水电费少交了”水电数造假 扣押金填补去年10月，姜先生通过房屋中介租下了位于左安门附近的一套房屋，租期1年，月租金为2300元。姜先生说，签订合同时，中介要求他保存好每个月的水电缴费单，并在双方合同上备注了入住时的水电数。入住后，姜先生保存了大部分的缴费单，月均费用在200元左右。今年10月，租赁期满，姜先生退房时，中介公司收走了缴费单，要求姜先生一周内持身份证到中介公司结算。但姜先生到中介公司结账时，却被工作人员告知其拖欠水电费2000余元，并出示了租赁合同。姜先生发现，合同中入住时的水电数字均被改动，“电费的数字被加了两个零。”中介公司否认曾改动水电费数字，并称姜先生少量保存的单据上的水电费金额无法估算。姜先生自己前往有关部门查询一年前自己入住时的水电数字，掌握了证据，但中介公司又称是代替姜先生缴纳的费用。姜先生的押金因此被克扣。■ 业内提醒四方法接招房介扣款某知名房屋中介公司工作人员 翟女士厘清房屋折旧责任“任何东西都会变旧，只要不是人为破坏，便没有对房屋收取折旧费的说法。”翟女士表示，房子在正常使用的情况下，中介公司不应收“保洁费”和“折旧费”。若是人为破坏，则会根据实际情况，要求租户对损坏的地方进行维修或赔偿。翟女士说，为了厘清折旧的责任，中介公司应在合同中列有明确条款，并在签订合同时提醒租户，“若合同中没有约定，租户应该主动提出来加以补充。”家电备案要详细准确翟小姐称签订合同前，中介公司应出具详细的家电使用状况报告，列出物品的品牌、型号、价格、年限和现状。租户入住后，若家电在保修期内出现问题，中介公司有义务请厂商来维修。若超过家电保修期，中介公司应请专业人员来检查，“非人为使用导致的电器故障，应由中介公司承担维修费；电器被人为破坏的，由租户承担。”租金逾期交付要注明后果因出差、生病等缘故，导致租金不得不逾期交付，中介公司应如何处理？翟女士说，在缴纳租金日期前一周，中介公司有义务电话提醒顾客。若因出差、生病等突发情况，导致租户不能及时缴纳租金，租户应提前通知中介公司，由中介公司根据实际情况给予2至3天“缓冲期”，但超过一定期限后，中介公司可根据合同条款收取违约金。为避免逾期缴纳租金产生争议，在签订合同时，租户应详细了解逾期缴纳的后果，若存在质疑，应与中介公司协商添加延长时限或豁免条件的补充条款。水电费应在退房当日结清翟女士介绍，大多数中介公司在与租户签订租赁合同时，会在双方的合同上标明入住时的水电数字。对于中介要求租户保存缴费单的行为，翟女士称是为了证明费用的结算进度，行为符合规定和常理，但在结算时，中介公司不应以部分单据丢失作为补缴费用的理由，租户也应在中介公司退还押金后再归还租赁合同，以避免个别中介公司造假。■ 律师建议租户中招向上级部门投诉北京爱知行律师事务所 李方平律师尽量细化合同条款在租赁房屋时，尽量细化和明确合同条款及内容，是避免日后发生争议的最佳方法。家具、电器等作为房屋的附属设施，在正常使用的情况下，出租方在退房时不能收取“折旧费”。签订合同时，租户可以要求出租方以书面形式提供一份室内电器及附属设施的《使用状况报告书》作为合同的附件，这可以有效避免日后在家电污损方面存在“各执一词”。同时，租户在选择中介公司时，应选择正规、大型的中介机构，避免一些不法中介机构在退房时巧立名目扣留押金。向上级部门投诉如果租户在租赁房屋过程中与房屋中介公司发生纠纷，可通过三个途径维权。一是请消协出面协调处理；二是向建委等中介机构的上级部门投诉；三是向媒体求助，对违规中介施以舆论压力。前两个途径是最直接，也相对有效的。■ 待解问题承租方纠纷中较被动李律师认为，房屋的出租房和承租方应拥有对等的权利和义务，但目前的房屋租赁行业，主动权多偏向于中介公司，欠缺承租方对中介公司的约束，这导致双方出现纠纷后，承租方较为被动。而且，目前不少小型中介公司未使用国家有关部门认可的租赁合同文本，而自拟的合同中存在诸多霸王条款，导致承租人失去权利、只有义务。本版采写/本报记者 贾鹏 实习生 陈颖婕我要评论,4,3,0.9536076188087463
货币政策明松暗紧 银行放贷将现分化 本报记者 张晓赫 北京报道中央经济工作会议定调的“相对宽松货币政策”并没有完全打消市场上浓郁的政策收紧预期。“尽管定调没变，但2010年国内所面临的大环境与今年会有很大不同，不可能再像今年这样出现信贷天量了。”中国工商银行总行风险管控部人士认为，中央经济工作会议报告中“管理通胀预期”、“增强针对性和灵活性”、“把握好货币信贷增长速度”等要求的出现已意味着政策开始变化。可以佐证的是，中央经济工作会议召开后，央行与银监会鱼贯而出的把握信贷增量以及彻查信贷风险的警示与行动。而在包括摩根大通在内的机构解读中，这已经被看做是明年货币政策微调、明松暗紧的铁证。中信证券银行业研究员朱琰表示，与微调的货币政策相关，监管部门对银行业的监管指标也会趋紧，在此环境下，2010年各商业银行的放贷规模会进一步差异化。“大银行、城商行以及顺利融资的股份制银行信贷规模会进一步扩大。”明松暗紧的货币政策尽管日前的中央经济工作会议最终确认货币政策不变的信号。但对比2008年的中央经济工作会议全力保增长的基调，今年添加的众多修饰性词汇已经开始显示此次政府定调的微调。“其实这已经在意料之中，毕竟经济已经开始回暖，下阶段除了继续稳固经济恢复基础，还要调整经济结构，保证整体的平衡性。”中央财经大学中国银行业研究中心主任郭田勇表示，监管层不会让信贷大起大落，但出于银行体系风险防范也会适度加强调控力度。此前，今年前10个月高达8.9万亿元新增人民币贷款一度让市场紧张是否会引来明年严厉的政策收紧。这种担心在上述工行人士看来不无道理，“上半年的经济回暖更多的是依赖于海量的信贷支撑，如果市场根基没有稳固，盘子越大，滋生泡沫的可能性就越大，积累在银行系统的信贷风险也就越大，监管层也在一直关注这个问题。”这种担心，在此次中央经济工作会议中已经开始显现，尽管2010年防通胀仍然让位于持续稳定经济增长，但“管理通胀预期”已经被提及。与之相呼应，中央经济工作结束后，央行表示未来要控制信贷增长速度，银监会也通知要求各商业银行排查今年前10个月的信贷风险。“如此看来，明年的货币政策在实际执行中基本上会是明松暗紧的状况，监管层对银行会通过存款准备金率等监管指标以及其他杠杆政策来进行微调。”郭田勇表示。在此解读下，各机构对于明年商业银行新增贷款规模的预期都有所下调。中国民生银行地产金融事业部市场总监叶天放认为：“按照2009年贷款余额40万亿元，2010年增速17%~18%计算，2010年新增贷款规模会在7万亿元左右。”摩根士丹利的预测稍高，在7万亿~8万亿元之间。而对于监管层有可能使用的微调工具，中信证券分析师朱琰认为，最优先的监管措施应当是对存贷比、资本充足率等监管指标的监控。“资本金及核心负债将成为影响信贷规模的重要变量”。除此之外，调整存款准备金率、利率的预期也开始增加。“明年存款准备金率将有1.5~2.5个百分点的上调空间，且会优先于利率使用。”叶天放表示。而随着中央经济工作会议继续稳定增长的定调以及市场对于中国将后于美联储加息的判断，各机构也纷纷下调明年中国加息的力度，并将加息时间预测为下半年。中信证券最新发布报告表示，2010年中国加息时点最可能出现在下半年，次数为1~2次。银行放贷分化值得注意的是，一旦货币政策趋紧，监管层与银行的博弈便开始浮出水面。如今，面对货币政策再次趋紧，市场上的大宗资产价格虚高呼声四起，银行普遍中长期负债过高等问题，各商业银行未来的放贷态度则再次引起了市场的关注。“各银行的确面临一系列的系统性风险，但总体来说，由于2009年的市场基本面回升，明年的企业信贷需求会有所增加，资产质量也会有所提升，这一定程度上会吸引银行的放贷。”上述工商银行人士认为。所谓的系统性风险，在业内人士看来既包括大量泡沫风险集中在银行体系，也包含了过去一年中各银行信贷增长严重的结构失衡，国家统计局数据显示，在过去10个月的天量信贷中，超过半数都是以基建、个人住房按揭等为主的中长期贷款。“这意味着银行资产流动越来越差，如何高速且稳健运行是每家商业银行都要面临的问题。”叶天放表示，银行资产的固化也大大加剧了银行的系统性风险，未来各商业银行则需要通过再融资以及发债等证券化手段来补充或增加流动性。但显然各商业银行年底“跑马圈地”的热情，已然昭示了放贷吸引力已大大抵消了对于系统风险的担忧。对此，朱琰表示，在货币政策以及监管指标双向趋紧的情况下，明年的信贷市场可能会产生分化。“资本充足、经营战略激进的银行放贷规模会有进一步增长，这中间包括四大国有银行、城商行以及顺利融资的股份制银行”。而事实的确如此。在今年年底的银行圈地运动中，各城商行的放贷比重显著提高，而四大银行则以地方政府、大型央企为对象协议授信。从授信额度来看，这些协议涉及的贷款金额少则几十亿，多则数百亿，其中还不乏接近千亿的大单。上述工行人士表示，目前工行指定的明年信贷目标并未受信贷微调影响。而叶天放也表示，在金融风险可控范围内，民生银行将继续拓展信贷业务，并为地产金融提供一揽子的打包服务。点击进入本刊更多内容：（中国房地产报）订阅热线：800-810-0909我要评论,4,1,0.8740320205688477
二套房信贷政策很可能被严格执行据新华社北京12月16日电 (记者王宇、姚均芳)本月以来，中央接连释放房地产市场调控信号，日前国务院常务会议更是明确提出“遏制部分城市房价过快上涨的势头”，提出“加大差别化信贷政策执行力度，切实防范各类住房按揭贷款风险”、“加强房地产信贷风险管理”等房贷政策。在新一轮市场调控之下，房地产信贷政策会呈现怎样的变化？新华社记者就此采访了相关人士。“二套房”信贷政策很可能被严格执行记者就会议中“加大差别化信贷政策执行力度”的提法致电中国人民银行等有关部门，相关人士表示，目前并不清楚是否有具体细则出台，但2007年出台的加强商业性房地产信贷管理政策已强调了差别化信贷原则，关键是银行是否遵照执行。“‘加大差别化信贷政策执行力度’，是国务院会议提出的‘运用金融等手段加强和改善对房地产市场调控’的体现。根据这一原则，明年银行将会针对不同类型的房地产开发和购房需求予以不同的金融对待。”中央财经大学中国银行业研究中心主任郭田勇说。“从开发贷款来说，银行会优先保证经适房、限价房的贷款需求，对高房价地区、高价住房的风险会充分考虑。从按揭贷款来说，银行信贷投放会区分高中低档住房，将对执行利率的优惠程度、首付比例等进行区别对待。”中国建设银行高级研究员赵庆明指出，目前暂未收到相关具体指导意见，预计未来央行、银监会会对此制定并出台具体相关指导意见。“在个人住房按揭贷款方面，此前央行、银监会制定的‘二套房’信贷政策今后很有可能会被严格执行。”郭田勇说。2007年9月，央行、银监会联合发布了《关于加强商业性房地产信贷管理的通知》，根据通知，第二套(含)以上住房首付比例不得低于40%，贷款利率不得低于基准利率的1.1倍，贷款首付款比例和利率水平应随套数增加而大幅度提高。预计将从严管理房地产企业开发贷款此外，对于国务院常务会议提出的“加强房地产信贷风险管理”的提法，专家预计明年银行会对房地产企业开发贷款进行从严管理。今年以来，我国房地产市场异常火爆，企业资金异常充裕，这与开发商较以往更容易获得银行信贷有着直接关系。国家统计局数据显示，今年前11个月我国房地产开发企业资金来源中，国内贷款接近9000亿元，个人按揭贷款超过7000亿元，前11个月总计流入房地产的信贷资金超过1.6万亿元，此数据比去年同期多出六成。而在今年全国9万多亿元的银行新增贷款中，约1/6流入到了房地产开发领域。过多的银行资金进入到房地产领域无疑会埋下一定信贷风险。记者了解到，有些开发商从银行获得贷款后，不是用在了支付工程款等开发领域，而是投入到土地市场，用来在土地市场上拿地，拖欠了工程款不说，还推高了土地价格，加剧房价上涨压力，最终加大了房地产信贷风险。“房价若再大幅上涨，银行房贷就将面临巨大的系统性风险。如果银行贷款无法按期偿还，就会进一步加剧银行的呆坏账，从而引发银行业的动荡。”中国社科院金融所研究员尹中立认为，迪拜危机以及此前的香港楼市泡沫、日本楼市泡沫都表明，房地产开发过度依赖银行信贷容易带来信贷风险。“明年银行一定会控制和杜绝违规放贷，对开发商资质、自有资金状况、管理情况进行从严审核。”郭田勇说。记者了解到，银监会近日已要求各大商业银行对当前面临的六大风险进行全面自查。其中，房地产行业信贷风险位列其中。我要评论,4,7,0.7557786107063293
传郭晶晶欲落户香港战伦敦奥运 装修别墅当婚房    首届中国跳水明星系列赛武汉站的比赛昨晚落幕，“跳水女皇”郭晶晶并没有像之前媒体报道的那样前往参赛。前天，中国跳水队领队周继红表示郭晶晶将以“休养”为由淡出，并称“并不排除退役的可能”，这立即引起人们的猜测：难道郭晶晶和霍启刚的好事将近？据香港媒体昨天报道，郭晶晶不惜放弃明年的广州亚运会，原因就是她将在明年嫁入霍家。他们的理由有两点：其一，郭晶晶已准备装修前段时间霍家所赠的北京五环外一高档别墅；其二，霍家已着手准备通过“优秀人才入境计划”(简称“优才计划”)为郭晶晶尽早落户香港。休养实为退役做铺垫据记者了解，郭晶晶这次以休养名义暂别泳池，实际上就是退役的“温和式”说法，一位跳水队内部人士告诉记者，“谁都不希望这么优秀的运动员退役，但她已到了结婚的年纪，这次休养其实就是退役，只是为了给大家一个可以接受的空间和缓冲而已。”其实，周继红前天的表态中就非常“暧昧”，“(郭晶晶)在明年一年的恢复期内，如果情况好，可能重新恢复训练，如果不好，也许就退役了。”而据郭晶晶的一前队友透露，霍启刚其实很传统，老早就不想自己的未婚妻在外抛头露面了，“加上两人聚少离多，霍公子本来就不舒服，也劝过郭多次，而郭很在乎两人的感情，也很在乎自己的事业发展，随着北京奥运夺冠，郭晶晶终于可以‘让爱做主’了。”装修豪宅作北京婚房现在，越来越多的迹象都在表明郭晶晶和霍公子的婚期已近。昨天，香港一媒体爆出郭晶晶正准备装修去年霍家所赠的价值3000万人民币的豪华别墅，并称“这很有可能就是他们俩在北京的婚房！”据说，这套别墅位于北京海淀区四季青镇门头村，在五环以外。据记者了解，该楼盘的中式院落独栋别墅面积为300—550平米之间，另外，每栋别墅送150平米的地下室。该别墅在2007年的预估开盘价就高达55000—60000元/平米。难怪媒体都将这一带的房子称作“北京顶级私人豪宅群落。”另外，香港众多娱乐狗仔近日都在霍家大宅薄扶林沙宣道33号门口跟拍，希望能捕捉到一些霍家筹备婚礼的细节。目前霍家大部分成员都住在这栋估价4亿港币的豪宅内。申请参加香港“优才计划”一方面，香港媒体对郭晶晶准备将北京的豪宅装修认作“出阁”的前奏，而另一方面，有消息称，郭晶晶已向国家体育总局申请，准备通过香港地区推出的“优才计划”落户香港。“优才计划”是香港2006年推出的引入优秀人才落户的特别通道。郎朗2006年11月27日正式成为香港居民，成为该计划启动后的首批名人。当时，奥运冠军伏明霞、钢琴王子李云迪等均在首批入选之列。以奥运冠军的身份，加上“准公公”霍震霆极广的人脉，郭晶晶通过这条路落户香港应该不成问题，当然，前提是必须先获得中国跳水队和国家体育总局的同意。现在距离伦敦奥运尚有一段时间，如果郭晶晶落户成功，到时状态允许的情况下，她届时代表中国香港参加伦敦奥运会也不会令人意外。本报记者 谢礼恒我要评论,4,7,0.39773860573768616
北大五学者建言的背后故事12月7日上午11时半，我赶到了北大法学院5楼会议室，在现场看到了姜明安、沈岿、王锡锌、钱明星和陈端洪五位法学学者。签字时，姜明安老师看到身份证号码时还在问，非要写上身份证号码吗？沈岿跟他说，这是证明建言者是中华人民共和国公民。沈岿第一次看到唐福珍自焚的视频时跟学生们在一起。他非常感伤，特别的郁闷：一个公民在机器面前，以及在机器背后的政府面前太柔弱了。当时他失态了。谈到这段的时候，我还能听出沈岿声音的变化，仍能感觉到他细腻的感情和内心的郁闷。他说，不知道自己会不会哪天也面临被拆迁的问题，但起码他的亲属中已经有人面临这个问题。沈岿曾在2003年 建议全国人大常委会，审查《城市流浪乞讨人员收容遣送办法》，当时是因为大学生孙志刚的死亡。当时的结果是一个月后国务院宣布废除《收容办法》。这次又是在一个公民唐福珍自焚而亡的情况下，他又参与建议全国人大常委会审查《城市房屋拆迁管理条例》。他接受采访时流露出一丝无奈，为什么非要用公民的死亡来换取社会和相关部门对不合理法律法规的改变，用他的话说，就是“挺悲哀的”，应该有人站出来。除了学者，沈岿特别强调自己的公民身份。在本报就他们建言事件报道时使用“上书”的字眼，他感到不适。现在是公民时代，在法律上明确了公民“建议”的权利。作为老师，沈岿不只一次跟我说学生在建言起草过程中起到的作用，以体现对这些学生劳动成果的尊重：成协中、林良亮、孙宇和薛启明这几名博士生帮助他们收集了相关资料。虽然国务院法制办副主任郜风涛并不认可学者建言与召开相关专家座谈会之间的因果关系，但不可否认的事实是，五名参与建言的学者都得到了邀请，只有陈端洪因为事先安排其他事情而没有参加而已。沈岿事后说，新的条例草案与他们建言的内容基本一致。不过，就在他们参加座谈会的当天，媒体报道了海淀区席新柱自焚应对拆迁的事情。用沈岿给我回的一条短信的话说，那就是“路途还漫长，农村大片土地和房屋还要我们密切关注”。□郭少峰(新京报中国新闻记者)我要评论,4,9,0.5429952144622803
耶鲁大学教授：买房就能赚钱只是个幻觉访耶鲁大学教授罗伯特·席勒本报记者 胡金华 上海报道2008年金融危机席卷全球，美国地产业几乎崩溃，而中国的房地产却经受住了考验，并在2009年一线城市房价开始以不可思议的速度疯狂上涨。不久前，迪拜危机的爆发使得人们开始反思房地产泡沫的危险，而国务院常务会议也终于做出了抑制投机性购房的决定。近日，西方行为金融学创始人、耶鲁大学教授罗伯特·席勒在上海出席了由交大高级金融学院举办的EMBA论坛，在接受《华夏时报》记者采访时，席勒虽没有直接指出中国房地产市场的泡沫，但是他仍然委婉地表示，迪拜危机的出现，对于世界其他大城市出现的房价远超国际水平的情况，具有警示作用。《华夏时报》：最近迪拜爆发了房地产引发的偿债危机，但是目前中国的房价仍然在以不可思议的速度上涨，你是怎么看待中国的一线城市比如上海的房价的，是不是已经出现了泡沫？席勒：金融危机使全球很多国家的金融业和房地产业出现了急剧缩水的情形，经过各国政府的经济刺激，金融危机似乎渐渐远去，但是不久前发生的迪拜危机，仍然在提醒人们金融危机还没有真正消散。几年以前迪拜的人也问我，是不是有泡沫？我不太愿意直接说答案，现在，在这里我也不愿意这样直接回答。对我来说，这个问题是比较复杂的，因为迪拜是一个比较大胆的实验，它是一个已经不出石油的酋长国，试图把自己塑造成一个金融中心。今天我到上海，早前我也听说了上海的房价，基本上是一个普通人一年收入的一百倍，也就是说，他要工作一百年才能用他的全部收入买一套房子。你可能要问，既然这样，他为什么还要买这个房子？答案是他预期房价还会上升。人是有投机心理的，他觉得以后房子肯定还会涨，但是我觉得这肯定是非理性的。你们大家对于上海的了解肯定都要胜过我，我觉得上海比迪拜好很多，不是那种被沙漠包围的城市，对上海我还是很有信心的，当然我对上海的房价比较担忧，这点是毋庸置疑的。《华夏时报》：在中国或几乎所有其他国家，房产一直被认为是最保值和有投资价值的，面对中国高涨的房价，房子还是一个好的投资品吗？席勒：我刚才讲到了人的非理性，其实对于所有国家的人来说，这种非理性心理是时时存在的。大家都知道过去30年中国的经济发展突飞猛进，但是环境本身并没有太多的变化，真正使经济飞速发展的是人们的思路发生了变化。我编制过一份关于中美房价在过去一百年的变化指数，可以发现在过去一百年，其实中国和美国的房价都没有发生明显的变化，但是在最近十年或十五年，无论是美国还是中国，房价呈现出非常神奇的直线上升。当一个国家的房价出现快速上涨时，我觉得无论美国还是中国，理论上来讲买房子都应该不是一个很好的投资渠道，你应该去投资有生产能力的企业。房子买了之后它还要折旧，我有这样一个提议，大家可以去买一部新车，然后把它放在车库里，30年之后你就可以卖掉了，到那时就变成老爷车，你觉得这是一个很好的投资吗？肯定不是。在美国我们可以看看农田，你看农田现在不是越来越少了吗？投资农田回报应该很高。其实，在美国如果有人在1911年买了农田，到现在只涨了1%左右。如果是买股票会怎样？回报就高多了。所以，根据我对房地产的了解，长期来讲这不是一个值得投资的东西。当然短期内它会是一个很好的投资，不管到哪里买房都会赚钱，我觉得现在只是一个幻觉而已。《华夏时报》：中国的经济发展模式路径和日本很相似，有经济学家对这种经济模式担忧，担忧中国会不会出现日本那样的情形，在房地产泡沫破灭之后陷入失去的十年，对此你是怎么看的？席勒：1997年亚洲金融危机使日本经济陷入衰退，但我们看到，这一次自1929年以来最大的金融危机并没有对中国造成本质伤害，未来可能有一些不确定，但是我对中国的经济发展预测还是非常好的。1974年对日本是一个转折点，那年股市大崩盘对日本造成了很大影响，之后1997年金融危机和这次的次贷危机也影响到了日本，日本的最大转折点是股市和房地产市场双重泡沫破灭后，日本经济就再也没有起色了。很多人问，中国未来会不会像日本？我不想把日本的情况简单化了，我想说，日本的经济绕不开泡沫这个问题，而中国等其他国家也可能会面临泡沫的挑战，日本的例子对中国是一个启示，也是一个警醒。我要评论,4,5,0.650714635848999
朝鲜拟建10万套高级住宅 居民可免费入住中新网12月22日电据韩国《朝鲜日报》报道，朝鲜每月发行的画报《朝鲜》12月20日介绍了平壤万寿台街的重建公寓园区计划。万寿台街位于平壤中心地带(中区)，泛指万寿台议事堂周边地区。朝鲜根据国防委员长金正日的指示，目前正在推进到2012年在平壤新建10万套住宅的项目，而万寿台街重建项目就是其中一环。在去年七月之前，万寿台街还是5层以下的旧公寓园区(600多户)，但是最近已经蜕变成6到18层的新型公寓园区(800多户)。虽然住户数量没有大幅增加，但每户的居住面积却扩大到100平方米以上。从朝鲜公开的公寓内部照片看，内设西式洗手盆、浴盆和阳台等设施，同韩国公寓没有太大区别。另外，阳台上还特别设置了存放泡菜缸的仓库，可谓是别具特色。金正日在工程竣工之后表示：“这是反映党的构想和意图的最高级现代住宅。”朝鲜称，现有居民和新入住的居民都是免费获得了新住宅。(本文来源：中国新闻网)我要评论,4,7,0.869592010974884
廉江公安局副局长迁豪宅千人赴宴送红包本报讯 前日下午5时许，廉江市最好的酒店———位于人民大道的罗二大酒店热闹非凡，大批宾客蜂拥而至，酒店电梯好几次显示超载。前来的宾客几乎都有同样的动作———掏出一叠人民币装进红包、签上名字、递给门口迎宾的主人。酒店大厅的桌子上放有10多沓空壳红包，由于现场只有两支笔，一时还出现排队等笔签名现象。酒店宴会部证实，在此摆酒席的主宾是廉江市公安局主管治安工作的副局长陈锡照，当日是他乔迁新居的日子。酒店宴会部一位经理透露，陈锡照包下了酒店宴会部4楼和5楼。“每层楼大概可以摆40多桌酒席。”记者通过进入宴会楼得知，最大的一桌酒席可以容纳30人以上用餐，一般的餐桌可以容纳12-15人。南方日报记者据此计算，赴宴的客人有近千人。前日下午5时许，一箱箱马爹利洋酒从外面运过来搬上酒店宴会部4楼和5楼。知情人士昨天对记者透露，前晚陈锡照酒席所用的酒为马爹利蓝带，一瓶价值上千元。酒店一名服务员告诉记者，一桌酒席最低消费是七八百元(不含酒水)，而当记者询问陈锡照酒席消费标准时，这位服务员拒绝透露相关信息。廉江市公安局一知情人士对记者称，陈锡照曾经以电话或请柬的方式邀请派出所领导和干警参加宴席，一些赌场和娱乐场所的老板也收到了邀请。在前日上午暗访之前，南方日报记者在市民的指引下找到了陈锡照在廉江市城南小区的5层高新房。据记者目测估算，这栋小别墅占地近200平方米，有独立的院子，院子里自带两个小花园，两扇铁门和一道围墙将院子和外界隔绝开来。别墅门口停了凯迪拉克、丰田大水牛等型号的5辆小车，其中有车辆挂有粤O牌照和警牌。一位不愿意透露姓名的民警也向记者证实，这栋5层楼的别墅是陈锡照的，装修刚刚完成。至于这栋别墅在房产部门的登记资料是否为陈锡照本人的名字，这位民警没有透露。当地居民介绍，城南小区是廉江市新开发的一个住宅小区，在此修房的不少是做生意的老板和政府官员。城南小区地价在近两年也被推高，一块100平方米的宅基地，需要20万元左右。 南方日报记者记者亲历记者被跟踪身份证遭扣南方日报记者在酒店暗访时，不小心被怀疑偷拍。记者采访完欲离开时，4个身着便衣的警察先是跟踪记者，随后将记者拦住，出示警官证后称正在执法，要求记者出示身份证。紧接着，他们扣了记者的身份证，称是例行公事检查，还打电话通知其他同事。面对记者的冷静质询，几位警察态度有所缓和，趁着他们没反应过来，记者从他们手中拿了身份证后迅速拦下摩托车离开，并多次换乘的士和巴士得以脱身。随后，一位自称警察的男子多次致电记者，询问记者身在何处，电话中称希望和记者坐下来聊聊，期待事情可以好好解决。记者将其稳住后迅速关机，从廉江频繁换车赶往茂名，终于在昨天凌晨1时半赶回广州。昨日，记者致电廉江市公安局总机转陈锡照办公室，接线员告知“陈副局长休假好几天了，要下个月才上班。”之后，记者电话联系上述要求和记者“聊聊”的警员，该警员证实陈锡照是因为乔迁新居才设酒席，但拒绝透露详请。(线索提供：黄先生100元)我要评论,4,3,0.5859116315841675
09年度中国最具幸福感城市出炉 上海无缘东方网12月26日消息：由新华社《?望东方周刊》等主办的“2009年度中国最具幸福感城市”26日在西安揭晓，杭州、成都、宁波、西安、昆明、长沙、南京、银川、南昌和长春等十大城市入选。“中国最具幸福感城市”评选已进入第三届。其中，杭州市因连续多年在调查推选活动中表现优异，成都市因为在抗震救灾、重建家园中对民生贡献突出，分获“建国六十年特别大奖”。本届调查及评选活动，还首次将县级市进行单独评选，入选首届最具幸福感的十座县级市分别是：山东邹平县、江苏宜兴市、江苏吴江市、湖南长沙县、江苏江都市、浙江余姚市、云南安宁市、四川都江堰市、辽宁海城市和广东增城市。本届评选由新华社《?望东方周刊》联合中国市长协会《中国城市发展报告》工作委员会主办，历时四个月，调查内容涉及城市的自然环境、交通状况、发展速度、文明程度、赚钱机会、医疗卫生水平、教育水平、房价、人情味、治安状况、就业环境、生活便利等12项指标。组委会委托零点调查公司，在100个地级和县级候选城市中进行了覆盖60多万人的独立入户调查，全国各地参与报纸、手机短信和网络问卷调查者，累计近3000万人。我要评论,4,9,0.29882174730300903
温家宝提出四项措施抑制房价过快上涨新华网北京12月27日电中共中央政治局常委、国务院总理温家宝今天下午3时在中南海紫光阁接受新华社记者独家专访，就当前经济形势、明年经济工作和其他问题回答记者提问。在回答网民关于房价的问题时，温总理提出抑制房价过快上涨的四项措施。[新华社记者]一位网民说房价涨得太快了，一平方米每个月竟然涨了一千块钱，他们想请总理谈一谈房价的问题。[温家宝]我就知道网民关注这个问题。因为我每天上网看到大量网民的意见，甚至很尖锐的批评。因为房子对于每个人来讲都关乎他们的切身利益。今年房地产有了比较快的恢复，但同时房价在一些地区和城市上涨过快，也引起了中央高度重视。其实如何使房地产建设能走入一个健康的轨道，首先还需要弄清楚政府要做什么，市场要做什么。既发挥市场的机制，又发挥政府调控的作用。在这里我只讲一讲政府应该做的事情。第一件事情就是要加大安居工程的建设力度，加快棚户区的改造。对这两项工作，在资金、土地以及税收上，都要给予优惠和保障。第二，要鼓励居民购买自住房和改善性的用房。但与此同时，要采取措施抑制投机。中国的国情决定了我们的住房必须坚持安全、经济、适用和省地的原则，特别要重视中小套型和中低价位房屋的建设。第三，要运用好税收、差别利率以及土地政策等经济杠杆加以调控，稳定房地产的价格。第四，要维护房地产市场秩序，打击捂盘惜售、占地不用、哄抬房价等违法犯罪的行为。我觉得只要政府有决心解决这个问题，而且不是头痛医头、脚痛医脚，而是经过深入调查研究，统筹考虑各方面的情况，制定长远的规划和政策，使我国的房地产有一个稳定发展的局面，这是可以做到的。谢谢。我要评论新华网北京12月27日电中共中央政治局常委、国务院总理温家宝今天下午3时在中南海紫光阁接受新华社记者独家专访，就当前经济形势、明年经济工作和其他问题回答记者提问。在回答网民关于房价的问题时，温总理提出抑制房价过快上涨的四项措施。[新华社记者]一位网民说房价涨得太快了，一平方米每个月竟然涨了一千块钱，他们想请总理谈一谈房价的问题。[温家宝]我就知道网民关注这个问题。因为我每天上网看到大量网民的意见，甚至很尖锐的批评。因为房子对于每个人来讲都关乎他们的切身利益。今年房地产有了比较快的恢复，但同时房价在一些地区和城市上涨过快，也引起了中央高度重视。其实如何使房地产建设能走入一个健康的轨道，首先还需要弄清楚政府要做什么，市场要做什么。既发挥市场的机制，又发挥政府调控的作用。在这里我只讲一讲政府应该做的事情。第一件事情就是要加大安居工程的建设力度，加快棚户区的改造。对这两项工作，在资金、土地以及税收上，都要给予优惠和保障。第二，要鼓励居民购买自住房和改善性的用房。但与此同时，要采取措施抑制投机。中国的国情决定了我们的住房必须坚持安全、经济、适用和省地的原则，特别要重视中小套型和中低价位房屋的建设。第三，要运用好税收、差别利率以及土地政策等经济杠杆加以调控，稳定房地产的价格。第四，要维护房地产市场秩序，打击捂盘惜售、占地不用、哄抬房价等违法犯罪的行为。我觉得只要政府有决心解决这个问题，而且不是头痛医头、脚痛医脚，而是经过深入调查研究，统筹考虑各方面的情况，制定长远的规划和政策，使我国的房地产有一个稳定发展的局面，这是可以做到的。谢谢。我要评论,4,7,0.9351027011871338
"英国地王威科姆广场每间房子都是上亿豪宅英国房地产贷款机构Halifax29日公布伦敦地王排行榜，肯辛顿-切尔西区的威科姆广场荣登首位，前10名中有多达7名也都位于肯辛顿-切尔西区。据台湾《工商时报》引述外电报道，英国地王就落在伦敦肯辛顿-切尔西区的威科姆广场(WycombeSquare)。威科姆广场每间房子都是上亿豪宅，平均房价高达540万英镑，而整个肯辛顿-切尔西区平均房价也有100万英镑之谱。地王排行榜第二名是伦敦市北区汉普斯代(Hampstead)的英格拉姆大道(IngramAvenue)，平均房价为490万英镑。至于第10名则是同样位于肯辛顿-切尔西区的包尔敦斯广场(PaultonsSquare)，平均房价为270万英镑。这份报告是根据英国官方的地价登记资料进行排列，比较英国2005年9月至2009年9月共计4年间的房价。今年9月到10月，伦敦豪宅售价涨了2.1%，是自2007年7月以来的最大月增幅。虽然去年同期相比，百万英镑豪宅售价下跌了3.2%，却是15个月以来的最小年减幅。另外，伦敦地产研究公司Hometrack指出，威科姆广场的平均房价比全国平均房价高出34倍。根据最新数据，英国平均房价为156,900英镑。Halifax经济学家佩特表示，肯辛顿-切尔西区向来很受艺人、富商或外国人的欢迎，“英镑下跌连带使这些豪宅的价格也略为缩水，现在正是出手的好时机。”伦敦房仲业者表示，“汇率把大量欧洲买主吸引到伦敦来了。”其中英镑下跌是一个原因，不过这些国外买主来到伦敦后，都希望能够把房子买在自己听过的地方，肯辛顿-切尔西就是买主们可以安心投资的区域。而该区面积小、物件少也有助于推升房价。我要评论",4,5,0.8052980899810791
陈良宇仍着西装独居套间据《羊城晚报》 秦城监狱位于北京市昌平区小汤山镇附近，它因关押中国最高级别的犯人而被称为“中国第一监狱”，过去改造高级战犯，上世纪90年代以来，关押的主要对象是省部级贪腐官员，因而吸引着公众的注意力。陈希同和陈良宇便关押在此。陈希同已是直肠癌晚期陈希同是“四人帮”之后被监禁的最高级别的官员之一。他曾历任北京市长、北京市委书记、国务委员和中央政治局委员。1998年2月27日，陈希同因侵吞贵重物品、腐化堕落、牟取非法利益、严重失职等问题被逮捕。1998年7月31日，经北京市高级人民法院审判，陈希同以贪污罪及玩忽职守罪被判处有期徒刑16年。在监狱里，有时候因为自己的要求被看管人员拒绝，陈希同会大吼大叫，称自己是“北京的大贪污犯老陈”。2004年，陈希同曾因健康问题，被紧急送往北京复兴医院。这次突然发病后，陈希同向相关部门领导写信，以“心跳异常、心血管供血不足等老年疾病”为由，要求“保外就医”。后经协调，自2006年8月下旬起，陈希同获得有条件的保外就医。自今年4月中旬开始，79岁的陈希同在住进北京医院高干病房救治后，院方已多次发出病危通知。陈希同已是直肠癌晚期，还有并发的心脏病，基本只能依靠药物维持生命。陈良宇在狱内仍着西装2007年7月26日，原中共中央政治局委员、上海市委书记陈良宇被正式逮捕，后来一审判处有期徒刑18年，关押进秦城监狱。据了解，陈良宇是被关押在一个接近20平方米的套间里。这是秦城监狱重要犯人的单间监室，内有单独的洗手间、坐式马桶等。牢门是铁皮包着的木门，门上方及厕所都有“窥孔”，供哨兵24小时监视之用。陈良宇的房内设施只有一张距地面约一尺高的矮床，需要写材料时，看守会送进一张小学生用的单人课桌供临时使用。没有凳子，床铺就是他平日坐的地方。墙壁也经过特殊处理，以防止其自杀。陈良宇的监室设有三道岗哨，有一个独立分队负责贴身看守他。除了没有自由，他可以看报纸，看内容受限的电视，还可读书、写材料。服刑期间，陈良宇可以不着囚服。他多数时间还是穿西装，但不打领带。他平时可在有规律的生活中打发时间。比如，在每天9点到10点的单独放风时间，陈良宇一般会从监室门口开始打太极拳，打到放风地的门口再回去，或者散步。但他到哪儿，两名看守就跟到哪儿。据陈良宇的辩护律师高子程透露，他曾于今年上半年随其家属探视过陈良宇。他说，63岁的陈良宇现在两鬓斑白，但精神状态比被“双规”时要好很多。■牢房揭秘配有写字台洗衣机在秦城监狱，特殊囚犯的生活待遇，会比在普通监狱优越。据近年走进或接触过秦城监狱的有关人士描述，秦城监狱关押高官的牢房除了面积较大，有的还配有写字台、卫生间、坐式马桶和洗衣机。一些在押官员除了“可看书读报”，每天还有一段时间可看电视，一般集中在晚上7点到9点。某些身体欠佳的特殊囚犯，饮食可一日四餐，用餐标准和费用由国家规定和支付，家属亦可私下打理。如衣服、日用品等基本生活用品可由家人提供。监狱虽有统一囚服，但这里的囚犯一般可不用穿。我要评论,4,2,0.575455904006958
北京14个部门民意测评结果出炉 城管垫底 本报讯（记者 王姝）不论是依托于电话调查完成的社情民意测评，还是通过网上问卷进行的政风行风测评，在14个政府部门中，市城管执法局系统得分最低，得分别为62.2分和46分。昨日，首都之窗首次公示了全部14个政府部门和6个公共服务行业的民意测评结果。而往年一般仅公布测评居前几位的部门和行业。电话调查民政局得分最高测评结果显示，14个政府部门中，民政局在电话调查中得分最高，在网上问卷调查中排名第二，市商务委在网上问卷中排名第一。两项调查中，通信行业在6个公共服务行业中均垫底。去年7月初至8月底，市纠风办分别委托市统计局社情民意调查中心、市经信委首都之窗运行管理中心，民意测评北京14个政府部门、6个公共服务行业。被“选中”的14个政府部门，涉及百姓日常生活各个方面，如民政局、教委、工商局、税务局、住建委等等。前年，北京也曾推出此类民意测评，但测评范围仅10个政府部门。对此，去年12月24日，市统计局副局长王红做客首都之窗时解释，前年测评重点为“围绕奥运保障的10个政府部门”，而去年，市委市政府提出“作风建设年”，所以，测评范围有所延伸。电话调查设监听员据王红介绍，针对14个政府部门、6个公共服务行业的电话调查，调查内容围绕办事效率、服务态度、廉洁清正三方面，细化为6个具体指标，按照百姓满意度进行评分，总分100分。每个部门、每个行业的每个指标，均直接对接“跟百姓的接触面”。如“办事效率”调查，供电系统的指标为“能否保证正常用电”，邮政部门为“报刊、信件投递是否及时准确”，交通部门为“地铁、公交是否按时发车，出租有没有拒载”。王红表示，为保证调查的公平公正，每个受访百姓的打分部门，均随机产生。而且，调查全程，调查员身后均站有监听员，监督调查员的操作过程。专家：民政城管不应同台测评“民政、城管工作性质不同，一个是履行社会救助职能的，发钱发物；一个是负责城市管理执法的，经常罚款，两个部门不应该放在一起测评。”昨日，中国人民大学教授毛寿龙表示，通过电话调查、网上问卷调查，了解群众满意度，并公示调查结果，“这是好事，督促政府部门工作”。但是他认为，14个部门中，一些部门公共服务职能更为突出，与百姓发生业务冲撞的可能性偏低，“不像城管，直接面对商贩等比较尖锐的社会问题”，所以，对于城管局的民意测评结果，不应与以上部门统一排名。纠风办：有则改之，无则加勉“本着有则改之、无则加勉的态度整改。”去年12月24日，市纠风办副主任宋兰刚做客首都之窗时曾表示，此前对政府部门排名一直很谨慎，但本次“考虑到大家想了解评议结果，而且也应该让大家知道结果”，所以公示了14个部门的测评成绩。宋兰刚表示，一些排名居后的部门曾找到市纠风办，解释居后原因，称一些引发群众不满意的问题，可能并不是该部门的职责，但记到了该部门头上，“在群众的眼中，你就是这个位置”，他说，“政府部门应该考虑，是不是对部门职责宣传不够？是不是应该加大力度？”（新京报）我要评论,4,7,0.4922473132610321
美专家：美房贷计划帮倒忙难救业主反阻复苏 中新网1月3日电据香港媒体援引外报报道称，为了帮助无法偿还按揭贷款的美国业主免遭收楼，奥巴马政府去年2月推出“房贷可负担计划”，但有专家批评计划帮倒忙，给予一众根本无望保住物业的业主“错误的希望”，令他们勉强继续向银行供款，浪费了本可储起租住较廉价住宅的金钱，他们迟早都会变成无壳蜗牛。Watershed资产管理公司管理人卡塔里说：“此举将延长危机，只能减慢断供速度，让人们暂时留在最终不能负担的住所里。”他又指，银行也利用此计划，推迟将贷款损失入帐，这无助于令房价降至可负担水平，亦窒碍资金流动，阻碍经济复苏。“房贷可负担计划”耗资750亿美元，措施包括重新安排贷款和修订还款条件，例如减少每月还款额等。我要评论,4,5,0.5703210830688477
品质背后是管理系统做保证四、细致而周到的户型设计及室内装修星河湾从广州到北京始终都是做精装修的成品房，在房子开始建筑设计之时就结合了精装修的理念，从户型设计，平面布局到水电等专业设计始终都围绕着土建装修一体化的概念展开，在图纸设计阶段投入了大量的时间和人力，解决了大部分的系统综合问题，从而确保了施工阶段的顺利进行。其本质是以作五星级酒店的手法和理念来做住宅，利用多年来成熟的工艺做法和处理手段，创造出和普通楼盘不一样的居家环境。1.户型和空间设计经典周到星河湾经过广州一到四期，再到北京对户型的总结和变化已经有了一个很成熟的总结和发展，不仅形式多样，能够照顾各类人士的需要，而且还根据南北环境和居住习惯的不同，重新调整丰富了户型结构和比例。北京星河湾已建成的户型有60余种，所有户型均为大面宽小进深。户型多种多样，布局、功能等均比较理想；装修标准高，用材和设备基本上以进口材料和品牌为主。2.舍得选用丰富的高档材料舍得在装修材料的选择和运用上花钱，对各种高档装修材料合理的综合使用，充分体现了星河湾人的水准和装修理想。高档进口石材的大量运用，几乎每个房间都能看到石材运用的效果；此外还对一些高档装修材料进行运用，如高档马赛克、深木色为主的木装修、能消除墙面感觉的镜子、光芒四射的水晶吊灯、主卧室的浅色地毯等等。3.人性化和细节的考虑星河湾在做产品的时候始终是秉承“人性化”原则，对于细节的考虑深入而全面，不放过任何一个微小的细节，让业主时刻能够感到设计建造者的用心精细。每一个转角、每一处接口、每一处细微的差别都体现出了对产品品质不断追求的努力。例如：同样材质不同颜色的区分；天花交接处理；不同种材质和同材质的之间精致、巧妙的交接处理；安全性的设计；经久耐用性的设计；使用便捷的设计；地面材料铺贴方式的设计；能消除墙面实体感，增大空间感的银镜的运用；阳台落水口的下凹处理以及推拉门的导轨保护等。五、系统而精益求精的施工管理 1.独特的工程管理组织架构宏宇集团在工程营造方面既使用普遍的工程管理框架结构，同时结合自身特色，创新的设立了一些特有的管理方式和团队。设置主管景观设计、施工管理的高层管理者，景观工程与土建结构施工管理分开，形成独立的以效果、艺术感染为宗旨的管理团队。 2.严格的管理流程北京星河湾以工程建设品质为第一要务，在现场管理中采取简洁的操作程序，工作效率和效果显著。简洁的变更审批程序：变更审批基本在现场确定，基层员工根据公司品质的一贯要求，现场完成一般变更审批；老板现场办公进一步加快决策和实施；畅通、便捷的部门沟通和跨专业沟通：部门经理基本解决跨部门、跨专业的沟通，争执和误解在公司中层管理者的工作中得以解决。3.规范的工程施工管理星河湾人为了实现品质住宅全成品建设工程，用心地分析每一个工序、每一个工作细节，将品质地产在工程建设阶段推至极致。规范的整体工序：对整体施工顺序、单项施工顺序、细部做法施工顺序整体进行了规范；安排有效控制建设周期：如在外立面施工阶段插入景观大型乔木的移植、景观施工，控制总体工期；严格的施工时间控制：北京星河湾将树木移植时间全部安排在五一之前，确保全冠移植的实现，在景观建成初期就完整体现园区景观特色。4.精益求精的工程施工标准对每个细部节点精益求精，细节处理在北京星河湾比比皆是。整个小区整体观感近乎随意，近乎自然，但每个节点又极其精致，无数精细节点组成了整体精品小区。例如：直接拼接的路牙石，室内标准的室外木栏杆铜包件，精装修细节，暗藏式的道路雨水收集系统，土壤改造，5000吨黄蜡石的堆砌等。六、实用而灵活的材料采购及成本控制 1.严格而灵活的成本控制星河湾的成本控制在房产开发管理流程的基础上有所创新，既确保了工程品质，又缩短了审批时间，同时也合理控制了工程成本。工程招标，以邀请长期合作伙伴进行招标或议标；建安工程招标，所有材料均由承包人采购。室内装饰装修工程议标，所有石材等主要装饰材料均由业主采购，同时业主给出较高的人工、机械及辅材单价。景观工程议标，提前选苗、采购、假植于苗圃。工程款支付，抢工阶段采取半月一支付方式。迅速、灵活的价格确认，现场办公解决品质、成本等问题。设计、施工、成本相互沟通，全面考虑各系统工程成本。如室外管线施工前，先确定各系统间的总体布置，再明确排水坡度及雨污水的布置。2.舍得投入、品质第一的材料采购一般房地产公司运作中材料采购是为实现成本目标而服务的，北京星河湾的材料采购和成本控制没有严格的相对制约关系，虽然舍得投入，但对整体投入又有总控指标。采购过程，材料采购与设计人员同时参加；价格审批，设计人员确认后当时电话请示决定是否采购；苗木采购，景观设计人员承担第一责任；总控成本指标可沟通调整，指导思想是品质，然后是时间，最后才是价格；价格审批以设计效果为主，品质决定各阶段成本；迅速有效的价格确认制度；公司领导每周不少于一次现场办公；积极保障施工单位权益；材料选用紧跟时代步伐；尊重设计师的设计成果；密切关注国际市场产品的更新。七、合纵连横的综合管理及统筹 星河湾提出全成品开发是一种高难度开发，是对产品生产和管理模式的挑战，因为生产管理必须做到合纵连横。横向理解，做到全成品开发，就要从产品设计、环境设计、室内装修设计、物业管理服务设计等方面都环环相扣，不能割裂，交叉施工很普遍。纵向考察，产品设计线从规划到施工到监理必须对缝很准，不能走样。用星河湾设计总监的话说：“设计公司给我们出一百张图，我们拿过来后，吸收他们的设计精华，要出同样多的一百张图，这样才能让设计思路变成可执行的方案，同时还能与环境或室内装修相衔接。”1.最高领导对品质的坚持与支持非常重要宏宇集团的最高领导在广州、北京星河湾建设过程中始终站在项目建设的最前线，是产品最终实现优质、创新突破的第一保证。2.成功依靠团队的合作星河湾项目在工程建设过程中也不断出现争执，但各级员工、各部门经理、主管副总都能很好的沟通和解决。3.始终保持清晰的目标星河湾建设目标是打造地产界的劳斯莱斯，在这样的目标指引下，去确定各种配件的品质，确定各阶段的成本。4.和有共同理念的合作伙伴共同成长以精装修施工单位为例，和星河湾合作的单位最初有30多家，目前合作的仅剩5-6家，这些单位都是通过和星河湾的合作得到了市场和甲方的认可，实现企业的不断壮大。材料供应商在和星河湾的不断合作中也在得益，开发商务必对材料商进行引导和指导，从而在材料方面实现对产品品质的保障。我要评论,4,3,0.9243482947349548
海南回应试水博彩业：绝不开逾规设赌场长江日报1月7日报道 昨天上午，海南省在国务院新闻办举行新闻发布会，海南省委书记卫留成和海南省省长罗保铭就海南推进国际旅游岛建设等问题回答了记者的提问。卫留成认为，国务院《关于推进海南国际旅游岛建设发展的若干意见》是从旅游业作为切入点的，对海南的经济社会的全面发展提出了系统的要求和一系列的措施，抓住这个机遇，落实这个措施，就可以缩短我们和发达地区发展的差距。卫留成指出，首先要抓好国际旅游岛建设，用国际的视野，高水平、有特色的做好旅游岛建设的规划。使旅游业真正成为海南的主导产业，带动海南经济社会的全面发展。海南发展彩票比其他地区有一定空间在谈到“探索发展竞猜型体育彩票和大型国际赛事即开彩票”问题时，海南省长罗保铭表示，国务院这次在文件当中明确了探索发展竞猜型的体育彩票包括大型国际赛事的即开彩票，这是在彩票方面为丰富海南旅游娱乐的产品给开了一个政策口子，是带探索性的。相比于其他地区就有一定的空间，但是这个空间绝不意味着要突破国家的现行法律在这方面的有关规定。卫留成在会后接受记者采访时也明确表示，海南绝不会像象澳门一样开设赌场，也不会有其他赌博产业。将引进大型免税集团建设经营免税店海南省委书记卫留成在海南国际旅游新闻发布会上表示，海南将引进大型免税集团或大型商业公司，建设经营免税店；推出海上旅游等一批新的特色旅游产品；启动建设航天主题公园、热带海洋公园等一批大型旅游项目；对主要旅游基础设施、旅游路线的标识系统甚至包括旅游厕所进行全面改造；策划组织一批有影响力的文化娱乐、节庆、体育赛事活动。适度发展高尔夫业不占用一亩基本农田海南省长罗保铭6日表示，不清楚海南“新建22个高尔夫球场”的事情，并表示海南发展高尔夫绝不违反土地总体利用规划，不占一亩基本农田，并在国务院政策允许的范围内来适度发展高尔夫产业。三亚房价未到1.1万元在回答记者“央企背景的开发商进驻海南岛会不会对海南的地价和房价形成推动”等问题时，罗保铭表示，这几年海南旅游房地产总体的市场是上升，主要是岛外的需求。此外，虽然商品房的价格上升的，但是也没有像媒体报道的那样涨得那么凶。据2009年1至11月份的统计，全国70个城市包括省会城市在内，三亚的房价截止到目前为止是不到11000元一平方米，在全国排第8位。海口商品房的均价不超过6000元一平方米，海口的涨幅比原来涨13%，三亚的房子涨6.6%。罗保铭说，海南房地产的需求主要来自于岛外，统计下来，海口60%、三亚80%-85%商品房是由岛外来购买的。(据中国网、京华时报)我要评论,4,7,0.883943498134613
房贷差异化政策将出 或取消地方自定义 日前，据知情人士透露，包括住房与城乡建设部、人民银行和银监会正在制定新的统一标准，拟对全国范围内的投机和投资型购房需求进行划分，并根据这一标准严格区别商业银行所提供的房贷杠杆。该人士进一步指出，住建部主要分工负责对二套房及多套房划分统一标准的制定，人民银行、银监会则考量提高这部分被圈定的投资和投机性购房者的信贷门槛、并降低他们购房的杠杆比例的相关信贷政策。据悉，目前，这两项政策制定已经趋近于成熟。“迫于政策层遏制房价飙升的巨大压力，两项政策有望于近期正式出台。”知情人士透露。二套房新政拟出一位接近监管层人士告诉记者，目前住建部、人民银行和银监会等部委正在研究如何对投机、投资型购房需求与老百姓的自住型需求进行划分，然后根据这个标准设定对投资与投机性房贷的限制性措施。住建部负责对二套房及多套房划分标准进行统一。实际上，按照目前的规定，商业银行以借款人家庭（包括借款人、配偶及未成年子女）为单位认定房贷次数。对于已利用银行贷款购买首套自住房的家庭，如其人均住房面积低于当地平均水平，再次向商业银行申请住房贷款的，可比照首套自住住房贷款政策执行。建设银行研究部研究员赵庆明告诉记者，该政策在具体实施当中存在两个问题。一是商业银行无法实现对家庭的认定，其次是对于改善型住房的认定各地标准不统一造成很多矛盾。“目前，住建部打算在二套房认定上制定一个统一标准，对于家庭内涵的认定将做更加细致的规范，在改善型住房的标准上则直接画一道红线，取消各地方分散的标准。”知情人士透露。“建立严格的统一标准可能是这次政策的主题词。正是由于2007年出台的对投机与投资型住房的认定标准不够细致，在银行具体放贷过程中，给大量投机客有可乘之机。”赵庆明表示，这次标准统一有助于遏制这种情况。一位工商银行个人信贷部人士则称，就目前情况来看，各家银行对房贷的审核已经把控得比较严格了，很多行实际上已经提高了审贷标准，抬高了利率，因此，统一标准的出台，对多数购房者来说不会有太大的影响。另一方面，人民银行和银监会的新房贷政策已经开始向部分银行征求意见。据相关媒体报道，新规则或将第二套房贷的首付比例从不低于40%提高到5成以上，贷款利率也将上浮到基准利率的1.1倍，并收回各金融机构自主决定房贷利率的权力。一位民生银行北京某支行信贷员认为，统一利率定价将会使小银行在与大银行竞争房贷的时候面临很大的劣势。“目前看来，这套新政策杀伤性会很大，而且缺少灵活性。”赵庆明也认为，各个国家其实很少通过提高按揭利率来调整房地产需求的。这非常危险，如果不能进行细致的划分就很可能会伤害到那些低收入人群，所以这方面的政策制定会非常谨慎。“实际上，人民银行与银监会的政策更具有指向性，但必须要和住建部的政策相互配合执行才会产生效果。”知情人士透露，目前还需要听取商业银行的意见，但迫于房价不断上升以及社会舆论的巨大压力，两项政策有望于近期出台。重回“差异化”实际上，无论对于商业银行还是监管层而言，中国的房贷政策只不过是重回两年前的政策轨道上来。2007年9月，中国人民银行与银监会联合发出 《关于加强商业性房地产信贷管理的通知》（下称359号文），要求第二套住房首付提高至40%，贷款利率同时提高10%。这是最早的一个差异化房贷的版本，但当时缺少操作细节方面的考虑。银行普遍感到操作困难，提出了不少意见。其中对二套房和多套房的认定是问题的核心之一。当年12月人民银行、银监会又发布了 《关于加强商业性房地产信贷管理的补充通知》（下称补充通知），其中规定引入一个 “人均住房面积”的概念，规定“对于已利用银行贷款购买首套自住房的家庭，如其人均住房面积低于当地平均水平，再次向商业银行申请住房贷款的，可比照首套自住住房贷款政策执行”。《补充通知》一定程度上改变了359号文对于购买第二套房的 “一刀切”的做法，保护了有升级置业需求的消费者，在很大程度上也是可以满足那些自住型的“小房换大房”的需求。但在实际操作中，部分商业银行并未严格执行。一些中介机构还想方设法帮助投机客获得较低的利率和首付。“这些问题一直没有解决，但在2008年下半年全球金融危机以及房价快速下跌的浪潮中，也没有人关注了。”赵庆明说。2008年底中央紧急出台保民生的政策，鼓励居民购房，防止房价大起大落，在这种情况下，大规模优惠政策就取代了防投机的政策方向。但随着去年以来，房价再次大幅度走高，限制投机的差异化房贷政策开始重回舞台中央。12月14日，国务院总理温家宝主持召开国务院常务会议，明确提出“加强市场监管，稳定市场预期，遏制部分城市房价过快上涨的势头”。一位工商银行个人金融部人士说，此次出台的政策很可能会比两年前的政策更加精准、有力，可以看得出来监管层的决心很坚定。差异化的信贷政策配合财税政策将大幅度抬高囤房和炒房的成本，将会有效遏制投机房地产的需求。一位农业银行人士认为，从另一个角度来看，严控房贷还仅仅是堵的政策，从2009年的经历来看，商业银行在房贷业务中的竞争非常激烈，尤其是中小银行为了争夺房贷客户也有压低利率或者降低首付的冲动。而且，市场往往会很快想出应对的办法。因此，对于监管层而言，仅仅制定严格的房贷政策是不够的，还需要监督商业银行严格执行。“从长远来看，建设更多的廉租房和经济适用房，理顺土地机制，大规模增加住房供给，才能够真正疏导庞大的住房需求的洪流。”他说。我要评论,4,7,0.4570366442203522
揭秘乒坛一姐张怡宁婚房(图)     去年10月18日，乒坛一姐张怡宁在北京某豪华酒店完成大婚，其老公徐威是金融界的一位成功人士，徐威身旁的一位朋友透露其身家“以亿为单位应该没问题”。而在去年3月福布斯公布的中国名人榜上，张怡宁的打榜收入是1345万元。千万富姐找到上亿身家的超级金龟婿，两人的婚后生活状态随之备受外界关注。就在张怡宁结婚前半个月，有人就拍到她搭乘徐威的豪华座驾路虎外出扫名牌衣物，随后坐车回到位于北京东直门附近的万国公寓。日前，本报记者专程前往北京，探秘张怡宁居住的这处豪华公寓，没想到她的这处公寓竟是租的，但一年的租金都可以在其他二线城市买套房子了。每月花6万 租住300平米高档公寓张怡宁居住的是一处32层高的独栋公寓，位于北京黄金地段，该公寓只租不卖，价格不菲。记者从公寓租赁协调处了解到，这栋32层高的公寓有不同面积的套房，其中最小的213平米，最大的达到600平米。在这栋公寓中，213平米的套房是相对最差的，分布在6层，西北朝向，但租金却高达2.9万元一个月。“随着楼层的升高，景观不同，因此越往上的房子越贵。”工作人员告诉记者，最好的600平米的套房都在25层以上，但近期已经没有空房可租，每套租金高达13万元一个月。张怡宁两口子的身家加到一起早已上亿，不过他们没有选择600平米那种最好的套房，而是挑了一套面积中等的。“她住在15层，是一套314平米的公寓。她那套房子在那个户型里面算很好的。”据悉，公寓的14至15层都是314平米的套房，但15层更好一些，租金也相对更高，“14层的每套是5.3万元一个月，她住的那种每套租金是6万元一个月。”据悉，该公寓的套房起租时间至少为一年，这意味着张怡宁光是租房子一年就要花掉72万元，而这笔钱在中国不少二线城市已经可以买套不错的房子。只是这72万元对张怡宁来说根本不算什么，而这些钱也不需要她掏腰包。“她不是以自己的名义租的，是以其他人的名字。”工作人员以保护隐私为由，拒绝透露租房者的信息。不过据记者了解，租这套房子的人很可能是徐威，因为徐威主要做对冲基金，现在香港和北京都有自己的事业，他很可能需要两地奔波，这样在北京租套高级公寓暂时落脚更显得合情合理。    低调隐蔽 常从后门出入按理说，张怡宁租住的豪华公寓如此昂贵，应该很容易找到。但实际上，记者询问了东直门周边的一些出租车司机，他们并不太清楚。记者在公寓外看到，公寓实际上处于东直门外小街上，这是一条单行道，门口车辆很少，略显冷清。不过，这是北京入行较早的服务式公寓，物业由美国一家品牌公司在管理，具有国际化高品质的服务。有熟悉这栋公寓的人告诉记者，这栋公寓从来不需要做宣传，但里面住的都是来头不小的人物，“这里准确的地理位置应该叫做第二使馆区，很多外籍人士在这里租房子，比如领事馆参赞等。”张怡宁是北京人，此前她一直与父母住在右安门外的开阳里小区，那里紧邻南二环，闹中取静。张怡宁住在那里是因为距离总局训练局很近，另外也可以避免住在高档社区引来的“名人烦恼”。不过，从婚前两个月到现在，张怡宁开始挪到这处高档公寓居住，随之而来就无法免除被“追踪”，这也让她一度开始改变进出公寓的方式。公寓正门的门卫告诉记者，在两三个月前还常能看见张怡宁，“她还挺客气的，有时会跟我们打招呼。但后来没怎么看见她了。”据记者打探，张怡宁并没有很快消失，只是被曝光住在这里后，她更多选择了从后门进出。有人曾看到张怡宁晚上回公寓，为她开车的司机分外小心，总是在外面兜一圈才在后门停下，“司机的警惕性很高，张怡宁下来后，有时候会看见她家阿姨陪着一起。”身份特殊 物业召开“张怡宁会议”据了解，这处公寓除了高标准的服务，里面高档游泳池、健身会所、图书馆、后花园等等一应俱全。而该公寓的安保措施更是到位，前台只要见到不熟悉的人走进去，都会盘问一番，他们甚至练就了“火眼金睛”的本领。“除了客人，我们还认得客人的朋友、阿姨等等，但不住在这儿的人我们更能辨认得出来。”关于张怡宁，前台接待说她确实在这里住，而且是惟一住在这儿的体育界人物。“住在这里的大多是商界的人，也有外籍人士，很少有体育方面的人，张怡宁大家都认识。”据接待介绍，张怡宁虽然住在这里，但没有接受公寓的高级管理服务，而是由自己请的阿姨照顾生活起居，“她家阿姨来这里的次数比较多，我们都眼熟，我们这儿像她这样的情况也比较多，有些人完全不需要公寓提供的管家式服务，保姆都是自己带来的。”在与记者聊天中，前台接待以不能泄露客人隐私为由，拒绝谈更多关于张怡宁的信息，他甚至还轻描淡写地说：“可能在体育界眼中，她算个大腕儿，什么都值得关心，但说实话在我们这里的客人中，她也不算什么腕儿。”尽管前台接待这么说，但记者还是通过侧面了解到，此前张怡宁被曝光住在这里已经引起公寓管理方的重视。“张怡宁进出这里被人拍到了，还登上了报纸，我们公寓物业专门开会讨论了这个事情，重申了纪律，就是要保护好客人的隐私。”记者手记乒坛明星忙转型对胃口来说，多多益善不是好事。山珍海味吃多了，看到一盘青菜加块泡菜才会口水滴答，食欲大增。看电视剧也一样，只有正义完美的英雄不够，还需要塑造让人痛骂的大坏蛋，这样才让人感到满足。很长时间，贵为“国球”的乒乓球就像一出毫无新意的佳肴，不是胜利就是包揽，让人提不起观赏的欲望。不过，在2009年，乒乓球突然变得娱乐起来，层出不穷的花边八卦，一下跃上了体育最受关注榜，而这一切都要感谢乒坛的一哥马琳、一姐张怡宁。在以前百度马琳、爱情，无非是他和白杨、张宁益的陈年往事，剩下的就只有无边无际的与夺金有关的新闻。但在2009年，一切变得不一样了，马琳接连踢翻多扇门，甚至有直追水门之势，从结婚门、离婚门到小三门、财产门，感情和金钱两大爱恨情仇的必须要素，马琳两者俱全，为所有观众演了一部情节跌宕起伏的大片。从此，有关国球的新闻大部分被花边娱乐充斥，大家提到马琳，不是问“他会退役吗？”而是问“他离了吗？”有意思的是，在马琳深陷“门”危机时，又有人来“解救”他。一向低调的乒坛一姐张怡宁结婚了！名人与资本的联姻，这本是一出再烂熟不过的戏，但是因为我们已经太习惯看到张怡宁夺冠，所以她结婚成了完全与众不同的新闻。从此，国乒再也不缺八卦猛料，有人在离婚，有人在结婚，国乒的明星突然变得很有人情味，他们也是七情六欲的主儿，不再是电视镜头前永远说着“发挥不错”的木偶人。除了马琳和张怡宁，还要感谢王皓和彭陆洋。这份队内恋情的曝光让蔡振华出来否认了“棒打鸳鸯”的谣言，国乒的故事突然变得鲜活起来。有人说，后奥运时代，中国乒乓球队开启了一个“敢爱敢恨”的时代，这是一个不错的总结。其实，在习惯了天天吃“金牌套餐”的时候，加点八卦佐料又为何不可呢？在中国，乒乓球一直承载着荣誉与梦想，正因为如此，队员乃至教练总喜欢喋喋不休说着关于金牌的危机，其实金牌本没有危机，缺了丰富性格的乒乓球才会面临真正的生存危机。2009年，张怡宁结婚了，马琳快要离婚了，王皓恋爱了。2010年，期待有更多的乒乓球猛料出现。既然像神一样的刘翔都能像小朋友一样说我小时候的梦想是当解放军，开大飞机，国乒明星们又有何理由“固步自封”呢？本报记者 盖源源我要评论,4,3,0.9207093715667725
银监会否认提高二套房贷首付比例本报讯(记者熊焱) 对市场上关于上调二套房贷首付比例至50%的传闻报道，银监会1月8日晚间回应称，银监会并未就二套房贷出台新的政策，对于提高首付比例的说法，请不要误传。有媒体近日报道称，银监会正在就二套房贷的相关政策在国有大行内部征求意见，其核心内容是将二套房贷的首付比例提高至50%，利率提高至基准利率的1.1倍，并且收回各金融机构自主决定房贷利率的权力。消息传出当日，沪深地产股大面积下挫。去年9月中旬，央行联合银监会发布通知，对已利用贷款购买住房、又申请购买第二套(含)以上住房的，贷款首付款比例不得低于40%。记者了解到，目前商业银行二套房首付目前为四成，至今尚未收到银监会相关通知。利率方面，各银行二套房贷不同，有的银行执行基准利率上浮10%，有的银行的房贷利率有优惠，可达到基准利率7折。尽管银监会否认了提高二套房贷首付的传闻，但也有业内人士认为，出于稳定房价、打压投机行为以及保民生等多方面考虑，监管部门对于二套房贷的政策肯定会趋紧。我要评论,4,1,0.7808423638343811
"外媒选出世界上九个最不受待见的城市(组图) 世界上最大的独立旅行出版商Lonely Planet以Cities You Really Hate(真让人讨厌的城市)为题在自己的网页上列出了9个世界上最不招人待见的城市。墨西哥 切图马儿(Chetumal)在这个名单上排名第9的是墨西哥的边界城市切图马尔(Chetumal)，上榜原因是这个城市是个大众旅游的地方，缺乏魅力。坦桑尼亚 阿鲁沙(Arusha)排在第8名的是坦桑尼亚的阿鲁沙(Arusha)，是通往大自然的门户，城市本身不可多呆，越早离开越好。印度 钦奈(Chennai)第7名是印度钦奈(Chennai)，要说也算个大城市，但是没有孟买的繁华，没有德里的历史，也没有班加罗尔的热闹，据说来自那里的女影星都不够热辣性感。萨尔多瓦 圣萨尔多瓦城(San Salvador)第6名是萨尔瓦多的圣萨尔瓦多城(San Salvador)，据说是中美洲国家中黑色污垢最多的首都。英国 伍尔弗汉普顿(Wolverhampton)第5名是英格兰中部城市伍尔弗汉普顿(Wolverhampton)，Lonely Planet的评价很简单：So bad that we don’t even have it on this site(实在太差了，本网站都没有介绍这个城市)。美国 洛杉矶(Los Angeles)第4名是美国的洛杉矶(Los Angeles)，洛杉矶入选是因为该城市的污染、交通拥堵，还有特难看的高速公路网。韩国 首尔(Seoul)排在最不受欢迎城市榜单第3名是我们的邻邦韩国首尔(Seoul)，用一个网友的评价来说，首尔到处是“苏式水泥建筑群”，污染严重，毫无生气，老百姓只能借酒浇愁。加纳 阿克拉(Accra)第2名是西非加纳首都阿克拉(Accra)，ugly(丑陋), chaotic(混乱), sprawling(杂乱无序)，毫无海滨城市特色。美国 底特律(Detroit)美国的底特律(Detroit)夺得Most hated cities的头筹，理由是治安不佳、环境污染，以及每况愈下的城市基础设施。我要评论",4,5,0.9986597299575806
冯小刚获赠杭州西溪别墅 一部《非诚勿扰》，让很多观众知道了杭州西溪，西溪湿地公园因此游客暴增。景区一直有传言说，当地政府为了感谢冯小刚拍摄这部电影，把电影中出现的西溪湿地别墅送给他使用。日前，浙江影视集团董事长倪政伟证实了这一说法。倪政伟2009年7月13日对记者说，《非诚勿扰》中，葛优在西溪打电话的那栋别墅，目前已成为冯小刚的杭州工作室，这算是政府对他的奖励。但冯小刚只有使用权，没有所有权。我要评论,4,2,0.99795001745224
银行业协会叫停房贷返点晨报讯（记者 张晓莉）记者昨日从房地产中介机构获悉，去年最后一天，中国银行业协会悄然给会员银行下发了一份通知，要求各商业银行停止向房产中介和房贷中介机构以各种形式支付返点。全国范围内叫停此类返点的序幕正式拉开。这份中国银行业协会的通知名为《关于规范做好个人房地产按揭贷款业务维护市场秩序的自律共识》。该协会明确提出：自今年1月1日起，停止以任何形式向房贷中介及其从业人员支付与所提供的服务不对称、纯粹业务介绍的“返点”费用。早在去年11月，上海、深圳、大连和杭州等地的银行同业协会陆续推出类似的房贷“自律公约”，要求本区域内的银行停止以任何形式向房产中介和房贷中介机构支付返点。北京的主要国有银行和部分股份制银行也在去年末停止向中介机构提供返点。但是，返点行为并未就此停止。多家中介机构表示，不少银行仍在变相提供返点。中易安房地产担保有限公司市场总监徐东华认为，房贷返点已经成为银行争抢房贷市场份额的主要竞争手段，而要想彻底杜绝这种“潜规则”，仅仅依靠行业自律显然不够，需要银监会等监管部门介入并明确违规责任。他表示，国外也存在银行向房贷中介机构支付佣金的情况，但通常都要求必须向消费者明示且不得超过核定限额，否则将被视为商业贿赂行为。到目前为止，我国还没有相应的明确规定。■新闻资料房贷返点在房贷按揭市场的竞争中，银行为了从房产中介和房贷按揭服务公司获得贷款业务，通常会向这些机构支付佣金。佣金的水平不一，一般是按揭贷款额的0.3%到接近3%，而一线城市的水平大约在0.5%至2%之间。这项佣金在业内被称为“房贷返点”。■新闻链接叫停“返点”影响不一对贷款人：服务费可能提高资深房产中介人士分析，叫停返点之举可能导致中介提高贷款服务费，但目前没听说有机构考虑提高。记者从多家中介了解到，北京的房产中介贷款服务费收费标准大致为：贷款额度在一定金额以下收费3000元左右，超过部分每1万元加收50元。一笔100万元贷款的服务费大致在6000元。在实际操作中，中介机构一般不会收取超过份额的加收费用。取消返点后，房产中介向客户收取的贷款代办费用出现上升空间，但在实际操作中，中介会根据市场情况决定是否提高。对中介机构：扩张稍有放慢中易安房地产担保有限公司市场总监徐东华认为，叫停返点对中介影响有限。目前中介的主要盈利以促成交易所收取的交易佣金为主，房贷返点收入一般只占房产中介收入的15%至20%。并且，即使取消房贷返点，房产中介仍然可以向消费者收取一定数额的贷款代办费用，其整体利润损失不会很大。但是，该笔现金流的缺失会使部分房产中介的扩张步伐稍有放慢。晨报记者 张晓莉我要评论,4,1,0.8177021741867065
传印花税下周恢复双边征收 官员称并未听说昨日(15日)，市场开始传言周末将公布证券交易印花税恢复双边征收政策，下周四起实施。另据消息称，此次调整只是对机构(法人)投资者交易印花税恢复双边征收。国家将用税收杠杆增加机构大资金投资者倒仓成本，避免股市暴涨暴跌，保护投资者利益。据新浪财经报道，财政部相关负责人称未听说此消息，财政部财科所所长贾康亦表示如果有政策会正式通知，不会这样传，传的都不靠谱。在此次传言中，有一个版本是此次信息源是华泰证券，而该券商高层亦表示，未听说此传言。市场人士普遍认为，提高印花税对股市是重大利空，而目前大盘的点位并不高，特别是蓝筹板块经过持续调整，估值已经处于合理区间，并没有出台此政策挤泡沫的理由。从昨日股市反应来看，大盘也并没有受此传言的影响。不过，所谓无风不起浪，这一传言在股民中还是引发了较大的担忧。因为2007年财政部在5月30日凌晨提高印花税，让A股经历了“5·30”地震。有此前车之鉴，加上近期小盘股涨得太厉害，不少股民担心相关部门真的会调整印花税。此外，中国国家税务总局昨日还公布，2009年证券交易印花税下降47.9%。在证券交易印花税大幅下降的背景下传出调整印花税的消息，难说是空穴来风。我要评论,4,7,0.9620366096496582
奥巴马入住一年白宫房价贬值2400万美元 全球经济到底走没走出困境？看一看美国白宫的房价走势就知道了。美国著名的房产网站对世界上最有权势人物的办公和居住场所做出估价后发现，这座美国的象征在过去一年里价值跌了5%还多。其实，这也不是白宫主人美国总统奥巴马调教经济不力，就在他入主白宫之前的一年里，白宫已经大跌了7.2%……09年比08年跌得少 作为美国政府的代称，白宫成为各国游人游览美国的首选之地。但是在世界经济的孱弱以及美国楼市的持续下滑的背景下，白宫也难以幸免。据报道，在去年奥巴马和他的家庭正式入住白宫以来，美国著名的房地产网站Zillow就对它做出了估价——假设白宫这座建筑与其周边所属的地块投放到房产市场，在充分考虑了白宫的历史价值以及华盛顿当地的房屋价格之后，这家网站当时对它的估价为3.08亿美元。然而今年一月，当这家网站再次估价时发现，白宫的价值只有2.925亿美元了，足足贬值了5.1%。不过在这家网站的统计中，如果从2008年1月算到2009年1月为止，白宫贬值了2400万美元，贬值了7.2%。而这期间还是小布什在位。白宫价值9年翻番 在Zillow网站上公布的数据显示，白宫贬值的速度基本上和美国的房产价格走势相一致。“这是全国大部分地区的房产趋势”，作为该网站的工作人员，凯蒂·克鲁迪在博客上写道，“根据我们最新数据，现在美国房产价格比去年11月份的价格也下跌了大约5%。实际上这个跌幅不算大。”她说得不无道理。去年，华盛顿州的房屋指数下降了3.6%，这比08年显著改善，那一年下降幅度达15.6%。不管金融市场如何动荡起伏，白宫一直在贬值是不争的事实。但是如果把眼光放得长远一点，白宫其实是在涨价。因为小布什在2001年1月上台时，白宫的估价只有1.678亿美元。白宫为什么这么贵？ 在占地面积为18亩的土地上，建于1792年的白宫，经过多年扩建，建筑面积已达5000多平方米。据悉，它共有132个房间，除了为总统和第一夫人准备的办公室外，还有诸多为来访贵宾，记者和特工准备的房间。此外，它还有16个客房，35个浴室，3个厨房，3部电梯。还有一个保龄球馆(1969年由尼克松总统建造)，一个网球场和一个篮球场。此外，还有牙医诊所、花园、音乐厅、太阳浴房。同时不要忘记其地下掩体，它完全可以在承受核打击的同时，让你舒服地享受家庭影院。网站估价不是瞎吹 Zillow网站是一家提供免费房地产估价服务的网站，不是房产中介的它，更像是一个专业的评鉴公司。据悉，该网站提供的服务完全免费，用户在网站上，可以直接在网页上缩放卫星地图寻找标的，或利用邮政编码和街道进行搜寻，查询房屋价格。因为网站取得了美国许多地区MLS(房地产中介业者公用的买卖数据库)的使用资格，在自行开发一套运算系统的辅助下，网站依照各个MLS数据库中的历史交易价格，去评估房产目前的市价，有很大的参考性。链接 奥巴马宣布为银行定制“紧身衣” 美国总统贝拉克·奥巴马21日宣布将加大大型金融机构监管力度，限制其运作规模，减少高风险交易，防范因信贷引起金融危机的一幕重演。消息传出，华尔街股市应声下挫。受主要银行股拖累，道琼斯30种工业股票平均价格指数21日下跌超过200点，创下今年以来单日最大降幅。奥巴马当天在白宫发表讲话，宣布将制订提案加大对银行等大型金融机构监管力度，以防这些机构“大到不能倒”，从而使纳税人成为“人质”，对整个金融体系构成威胁。 (新华社供稿)时间估价价值增减 下降幅度 白宫从2001年到2010年的估价表 2001年1月 1.678亿2008年1月 3.318亿 ＋1.64亿2009年1月 3.08亿 －2380万－7.2%2010年1月2.925亿 －1558万－5.1%我要评论,4,1,0.49827322363853455
伦敦人被逼住船屋2010年初英国福克斯顿船屋中介公司推出“史上最贵”船屋“海洋号”，售价100万英镑，居住面积129平米。买不起房的伦敦年轻人，花几万英磅买艘船屋住在河上。外表简陋，里面却样样齐全。浪漫又实惠，就是泊位不太好找。“当砖瓦不再有吸引力，尝试一下水上生活，那可能会成为快乐生活的起航码头。”英国专栏作者阿曼达·里利琼斯这样说。在英国，这正在成为一种新兴潮流。高昂的房价、低迷的经济让越来越多的人放弃买房，选择居住在船屋里，以一种颇具诗意的方式享受着“蜗居”生活。年轻人初次置业选船屋27岁的希安·奥尼尔和尼克·奥斯丁是生活在伦敦的一对年轻情侣。由于囊中羞涩，他们选择花2万英镑购买一艘船屋。随后，奥尼尔和奥斯丁又花费1万英镑，将这艘船屋装扮成了一个真正的家。奥尼尔总结说，船屋生活“浪漫得不可思议”，不过冬天有点冷。近年来有调查显示，越来越多的英国夫妇在孩子长大离家后选择卖掉郊区的房子，住到生活方便、环境优美的位于城市水系上的船屋里。此外，由于价格低廉，年轻的初次购房者、由于经济趋紧而被迫换房者都是购买船屋的主力群体。中年人囊中羞涩DIY船屋从2000年以来，英国船屋的数量几乎在以每4年翻一番的速度增长。46岁的多米尼克·韦伯斯特是一名建筑师。他曾经在伦敦北部的海格特拥有一间公寓。但是，现在他的家安在伦敦东部布莱克沃港区的一条驳船“精益求精号”上。韦伯斯特说，他离婚后一度经济紧张，而过去乘坐游艇度假的经历让他对水上生活十分向往。2003年，韦伯斯特花了3.5万英镑买下一艘船屋，然后花了7.5万英镑重新装修。船屋里的装饰几乎都是韦伯斯特DIY完成。他参照网上和杂志上的游艇照片，梦想把这条船改造成一条“经济型超级游艇”。2008年，韦伯斯特的船屋被重新估价为18.7万英镑，他说：“这个估价很棒，但是住在船上是一种生活方式，而不是为了投资。”韦伯斯特的船里安装了宽屏幕电视和苹果电脑。韦伯斯特说：“我有暖气、宽带、洗衣机，普通房子所有的一切这里都有。”年轻白领尝鲜租船屋除了自己购买船屋，很多人选择了租住的方式。25岁的金融分析师克里斯蒂安·洛克就在泰晤士河上一个船屋公寓里租了一间房子，每月租金为650英镑。他说：“我并不想拥有一艘船屋，但我很想住。而且，如果在陆地上租这样一间公寓每个月租金至少1000英镑。”英国的名人中也不乏船屋业主。50多岁的英国著名演员尼格尔·普兰内尔住在泰晤士河上的一条大船上已经有好几年了。（马晶）■ 不利因素船屋泊位难找按揭贷款更贵诗意浪漫从来都没那么容易拥有。一条最基本的船屋售价是2万英镑，但是泊位和其他费用也是一笔不小的开支。船屋泊位由英国水运局和私人业主提供，其使用权限从6个月到125年不等。泊位除了供船屋停靠外，还提供天然气、污水排放、电等基础设施服务，有时候还能接入宽带和数字电视。如果没有泊位，船屋只能临时停靠，每隔10多天挪一次位置，否则将支付高额罚款。2009年英国拥有泊位的船屋只有约3000艘。一艘拥有10年以上泊位使用权的船屋价格比没有泊位使用权的船屋高2到3倍。另外，按揭购买船屋的贷款利率也比普通房屋高不少，贷款额也有限制。业主每年还要为船屋支付保险，通常是3500英镑一年。如果租用的是英国水运局的泊位，那么每年需要额外花费80到120英镑购买安全证书。在泰晤士河上停泊的船屋还需要伦敦港的许可证。每隔几年，业主还需要对船屋进行保养，每次耗资也在数千英镑。（马晶）我要评论,4,5,0.8183622360229492
摩天大楼的诅咒 《第一财经周刊》2010年1月封面●推荐理由：人气指数：★★★★☆新闻指数：★★★★☆新锐指数：★★★★★●出版社：上海第一财经传媒有限公司●刊期定价：周刊；周一出版，定价：10元/本●市场定位：针对最广泛的公司人群●杂志主要内容简介：关注八零后的小白领热衷的国内外的“炫”公司的背后不为人所知的精彩的商业故事。通俗地讲，周刊报道的是和我们生活密切相关的那些时尚的公司，生产时尚的产品和提供时尚的服务的公司。摩天大楼看上去是经济繁荣的象征，但实际情况是，每当有世界最高大楼建成之时，都是经济行将衰退之日。1月4日，耗资41亿美元的全球第一高楼迪拜塔落成（如图）。828米的高度让人知道了什么是真正的心比天高、命比纸薄。迪拜塔的竣工日期从金融危机爆发时起一拖再拖，曾一度有传言它将成为烂尾楼，直至它在一片债务危机中落成。迪拜塔将使得迪拜以全球地标性建筑所在地的身份继续赢得世界关注，但迪拜的房产价格将继去年重挫50%后再跌去30%。往事可鉴，一座城市或是公司在建造这类标志性建筑时，往往处于其实力的顶峰。不过，事实总是证明，它们建造这些神庙的基础根本是不稳固的。1999年，德意志银行研究主管安德鲁·劳伦斯创造了“摩天大楼指数”。该指数显示，每当有世界最高大楼建成之时，都是经济行将衰退之日。英国历史学家帕金森也有同样的论调，他提出的“办公大楼法则”称，一家公司或机构的办公大楼建造得越完美、豪华，该组织距离解体的时间也就越近。诅咒一直在应验——纽约新加大厦和大都会人寿大厦分别在1908年和1909年竣工，正好赶上美国银行业大危机；克莱斯勒大厦落成于1930年，而一年前的1929年正值纽约股市崩盘；纽约帝国大厦1931年完工时，美国经济在大萧条中挣扎；吉隆坡双峰塔1998年落成时，马来西亚身处亚洲金融危机中。最近的例子是通用汽车总部大楼。为了避免破产的命运，通用汽车于2008年10月以5亿美元出售了该大楼，这之前5个月，通用汽车刚以6.26亿美元买下了这座原名为“文艺复兴中心”的宏伟建筑，不到半年折价过亿，可算是公司贬值最快的一项投资。迪拜塔会被超越吗？2005年时，科威特有一个建造超过1公里高的大楼的计划，准确地说，这座大楼高1001米，这个数字来源于《一千零一夜》，这座新大厦将位于一座巨资打造的阿拉伯新城的中心，可以容纳70万人，按照初步设计，其地基就需要近10层楼高。包括附属基础设施在内的建筑花费预估为1500亿美元，工期需要25年。科威特政府希望此座大厦成为该国新开发计划的代表作，将它塑造成一张国际级名片，以此帮助科威特申办奥运会，并为这个产油富国“唤醒一个新的企业家阶层”。“诅咒”在中国应验吗？2008年8月底，位于上海金融城小陆家嘴内的环球金融中心落成后，正式取代了它的邻居金茂大厦，成为新地标，其主体高度也超过了中国台北101大厦，成为当时新的世界第一，从那以后，你可曾还从股市中听到过什么好消息？我要评论,4,5,0.8713902235031128
李宁三亿港币豪宅曝光2010年1月21日，香港，前体操王子李宁在香港购置的豪宅。前体操王子李宁退役后创办的李宁有限公司从1990年发展至今不单成为中国最大的体育用品零售商，更是全球第四大体育用品产业公司，公司市值达38.61亿美元。自李宁自曝已经移居香港后，有香港记者发现李宁一家三口现居豪宅之王“香岛道33号”一间6000尺的独立屋，市值3亿港元，尽显尊贵身份。而9岁的爱子李小宁就读于某国际学校，每年学费约13万港元。 延伸阅读我要评论,4,1,0.4224894046783447
"汇通滨河动漫城：以特色积聚创意能量过去的2009年称得上是动漫产业在中国激情燃烧的一年。一方面是国家的扶持政策为动漫产业的枝繁叶茂灌注了活力，另一方面是国人对动漫观念的更新，形成了巨大的文化需求，刺激了动漫市场的空前活跃。基于两股合力的作用，全国各地动漫产业计划如火如荼的进行，其中最受关注也是饱受争议的一项就是关于动漫基地的打造。事实上，无论从艺术创造需求的角度，还是从提升经济价值的角度，打造具有可持续发展潜力的特色动漫基地都是一项值得称快的事情，关键的问题就在于特色和潜力在哪里。正是基于对动漫产业基地特色发展的前瞻考虑，由北京市朝阳区政府策划，三间房乡政府主办的通惠河文化创意产业规划区项目中突出设置了滨河动漫城这一项目。在特色发展上，滨河动漫城首先着眼于个性化动漫设计工作室的建造，30,000平方米的动漫设计工作室助力要成为滋养动漫设计人才的土壤和容纳创意成长的空间。日前该动漫城封顶之后，动漫设计工作室的庐山真面目也正式浮出水面，与世界顶级动漫设计工作室媲美的个性工作空间，环绕15,000平方米的文化艺术中心，优越的硬件设施和浓厚的文化氛围成为吸引大批动漫设计人才重要条件。有业内人士表示，如果规划得当有效，滨河动漫城将在未来几年内成为京东地区最具创造力、影响力和经济实力的动漫产业基地。我要评论",4,5,0.4527193009853363
"多数央企5年内退出酒店业本报讯 (记者钟晶晶) 经过2年多的摸底，央企宾馆酒店辅业剥离重组工作全面启动。国资委网站昨日发布消息，从今年起在央企范围内正式开展非主业宾馆酒店分离重组工作，计划3年-5年内完成。根据国资委的总体方案，剥离出的非主业宾馆酒店业务将重组到以宾馆酒店业为主的优势央企。涉及资产达千亿据统计，央企旗下的宾馆企业不下2000家，其资产也高达上千亿元，几乎每家央企旗下均有宾馆酒店业务。如中石油集团旗下200多家酒店宾馆等，其中的核心酒店资产已陆续通过划拨、股权转让等方式进入了其子公司华油集团，华油集团为此专门成立了阳光酒店集团，旗下拥有60多家酒店，去年底台湾桃园东森山庄等3家台湾饭店也相继加盟。中石油集团在海外的酒店资产也将通过委托管理的方式陆续装入华油集团。其他有酒店资产的央企包括：中石化、中国电力、中国航空、中国铁路、中国电信、中国烟草、中国银行、中国航天科技、中国中旅、香港中旅、中粮集团、华侨城(企业专区,旗下楼盘)集团、中国农行等。多数央企退出酒店经营国资委计划剥离重组央企非主业宾馆酒店业务，在2007年已露端倪。2007年8月，国资委向央企发出通知，要求摸查中央企业集团总部及各级子企业投资开办的宾馆、酒店、接待中心、招待所、度假村等单位。并将调查报告交由国资委改革局，研究重组事宜。此次重组方向遵从合并同类项原则。国资委昨日明确表示，央企非主业宾馆酒店业务将通过国有产权无偿划转、协议转让、市场转让等方式，重组到以宾馆酒店为主业的优势中央企业。而此后未经国资委批准，不以宾馆酒店为主业的中央企业，不得再投资新建经营性的宾馆酒店。重组方案由不以宾馆酒店为主业的中央企业制定后再报国资委批准后组织实施。“华侨城、中粮等受益”“剥离非主业酒店宾馆业务符合国资委要求央企做强做大主业的方向，经过前期的调研现在也到了合适时机。”国资委有关负责人士对记者表示，目前以酒店宾馆为主业的央企如华侨城、中粮集团、港中旅都将是此次资产剥离的主要受益者，但目前具体方案没有出台，年内可能也不会有具体结果。北京科技大学教授刘澄认为，作为对于目前盈利较好的非主业酒店资产，进行产权无偿划拨的难度非常大。他认为，在主业和非主业的划分上切不可一刀切。我要评论",4,7,0.9196231365203857
银行家千万买豪宅 一年被淹80次新快报讯 广州房子贵，豪宅更贵，并且，大凡和“江”字套得上近乎的房子，价格都高得一塌糊涂。虽然如此，在英国泰晤士河畔购得一处千万豪宅的银行家艾迪安·荷德，却是被气得一塌糊涂。据英国《每日邮报》27日报道，2006年，荷德以190万英镑(逾2000万元人民币)购买了泰晤士河畔江景半独立别墅，没想到梦魇就此开始———泰晤士河河水每年都会熟门熟路地去“造访”他家的草坪，甚至将其全部淹没。平白无故多了一个“露天游泳池”，荷德却气坏了：“我们可不想生活在一个洪水平均一年光顾80次的房子里。”一怒之下，荷德以前房主未尽告知义务而将后者告上了法庭。我要评论,4,5,0.5442742705345154
2010年十大旅游地 中国排第八榜单认为 中国的特点是融汇现代和传统 上海世博会也能吸引游客今晨据英国媒体报道，美国旅游公司Gate 1 Travel刚刚出炉了一份“2010年十大旅游地”的榜单，为那些还在犹豫去哪里旅行的人指出了最佳旅游地。此次，中国在榜单中名列第八，而在2008年世界旅游论坛公布的全球130个国家、地区排行中，中国大陆旅游竞争力仅排在第62位。1.意大利点评：从托斯卡纳区的群山到罗马古城的废墟，意大利因其无与伦比的美景、美食和购物而闻名。旅行者经常会流连于宽广的农村地区。对于大多数人而言，最具吸引力的还是这个国家悠久的历史。2.埃及点评：想要度过一个既经济实惠又颇具魅力的假期？埃及在这方面排名很高。那里不仅政局稳定，还是吉萨大金字塔的所在地。尽管全年高温，但旅行者似乎从未对多面的埃及感到厌倦。3.希腊点评：美丽的景色加上文化和历史的碰撞使得希腊一直是个受欢迎的旅游目的地。美丽的沙滩、古老的遗址和神的旨意吸引着年轻人，度蜜月的人常常选择希腊浪漫之旅。4.土耳其点评：与埃及类似，土耳其成为跨国旅行者目的地之一的原因是其成本可接受性。抵达土耳其，游客便陶醉于独特的历史和考古遗迹、雄伟的高山和峡谷、湖泊、河流、瀑布、城堡、清真寺以及美丽的海岸线。5.秘鲁点评：作为马丘比丘城堡所在地，秘鲁在最近几年内成为受欢迎的旅行目的地。17世纪的建筑、印加遗址以及无人去过的丛林——秘鲁等待你去发掘。首都利马不仅是金融中心还是文化中心，古老的印加首都库斯科每年都吸引将近百万名游客。6.Oberammergau(上阿莫高)点评：Oberammergau(上阿莫高)是巴伐利亚的一个小村，坐落在德国中南部阿尔卑斯山脉沿线、阿莫尔河附近。但并非是这个镇子优越的地理位置吸引着游客——这里是世界著名的壁画村。那些壁画大都由上阿莫高本地人在1634年创作，描述耶稣的最后几日。7.约旦点评：坐落于中东核心地区，有着重大的宗教和历史意义。来旅游的人大多会去探索约旦河、最受欢迎的城市玫瑰红城佩特拉、死海。8.中国点评：凭借快速增加的基础设施和起飞的经济，中国融汇了现代化的复杂性和丰富的传统性。这种独特的混杂特点使得这个国家成为受欢迎的旅游地。那儿有享有盛名的长城以及拥有白色圆形大理石祭坛的天坛，其它受欢迎的城市包括最古老的城市之一西安，还有2010年举办世博会的上海，也能吸引游客。9.印度点评：拥有超过十亿人口的印度是世界上最具多元化的国家之一。在德里，游客能看见华丽的印度教寺庙和世界上最高的独立式砖尖塔库图米纳尔塔。德里不远处是泰姬陵所在地阿格拉市。印度不仅拥有美丽的风情而且经济实惠。10.哥斯达黎加点评：火山、瀑布、野生动物，哥斯达黎加已迅速变成一个受欢迎的生态旅游地。寻求刺激的旅行者可以领略到生物多样性，也能够进行各种冒险活动，如滑索和吊桥。当墨西哥正从2009年的流感恐慌中恢复的时候，哥斯达黎加越来越受欢迎。编译/尹晓琳  记者 黎史翔我要评论,4,5,0.9843296408653259
信贷或在下半年开始收紧1月18日央行正式上调存款准备金，这被理解为宏观调控政策转向的信号，市场也越来越担忧流动性将开始收紧。而分析人士称这种情况将在2010年下半年出现。近期市场对货币政策转向的预期已十分明显，业界普遍预计2010年的信贷投放将大大减少，货币政策必然越来越紧。受此影响，上证指数自1月18日上调存款准备金以来已经下跌了超过7%。不过，记者从央行人士处获悉，管理层确定上半年新增贷款规模仍为5万亿元左右，一、二季度分别为3万亿和2万亿，与年初确定的目标基本一致。而在1月27日的银监会召开的各商业银行工作会议上则确定了2010年信贷新增投放7.5万亿，与此前市场预期基本吻合。对此，分析人士称，2010年上半年5万亿的新增信贷与2009年差别不大，但按照银监会的表态，2009年下半年的新增信贷量将骤降至2.5万亿，到时流动性收紧的影响将会显现。但据某商业银行内部人士称，2010年的经济局势十分复杂，信贷增量可能也会按月进行调整，现在可能根本无法给出具体数字，银监会方面也根据实际情况随时调控。兴业银行经济学家鲁政委此前曾撰文预测， 1 月份新增贷款可能在1.2~1.5 万亿之间，中值1.35 万亿，无论从绝对量还是从同比增速来看，均将低于去年同期。他还认为今年2月不可能出现加息。式上调存款准备金，这被理解为宏观调控政策转向的信号，市场也越来越担忧流动性将开始收紧。而分析人士称这种情况将在2010年下半年出现。1月18日央行正式上调存款准备金，这被理解为宏观调控政策转向的信号，市场也越来越担忧流动性将开始收紧。而分析人士称这种情况将在2010年下半年出现。近期市场对货币政策转向的预期已十分明显，业界普遍预计2010年的信贷投放将大大减少，货币政策必然越来越紧。受此影响，上证指数自1月18日上调存款准备金以来已经下跌了超过7%。不过，记者从央行人士处获悉，管理层确定上半年新增贷款规模仍为5万亿元左右，一、二季度分别为3万亿和2万亿，与年初确定的目标基本一致。而在1月27日的银监会召开的各商业银行工作会议上则确定了2010年信贷新增投放7.5万亿，与此前市场预期基本吻合。对此，分析人士称，2010年上半年5万亿的新增信贷与2009年差别不大，但按照银监会的表态，2009年下半年的新增信贷量将骤降至2.5万亿，到时流动性收紧的影响将会显现。但据某商业银行内部人士称，2010年的经济局势十分复杂，信贷增量可能也会按月进行调整，现在可能根本无法给出具体数字，银监会方面也根据实际情况随时调控。兴业银行经济学家鲁政委此前曾撰文预测， 1 月份新增贷款可能在1.2~1.5 万亿之间，中值1.35 万亿，无论从绝对量还是从同比增速来看，均将低于去年同期。他还认为今年2月不可能出现加息。我要评论,4,7,0.6265071630477905
四大行暗抬北京首套房贷 首付四成享7折优惠现身    山雨欲来风满楼。近期，北京部分银行取消首套住房7折优惠利率的消息不绝于耳，对此，四大行北京分行人士对媒体表示，目前还按照原来的政策执行，并未出现利率优惠调整。但是，情况真的如此吗？记者以购房者身份走访了几家银行营业部，却得到相反的答案。想办7折优惠利率很难记者在中国银行某营业点咨询办理房贷利率是否还能打7折优惠时，该行工作人员表示，现在首套房想办7折优惠利率也很难了，除非银行觉得贷款人的资质非常好。记者询问是否有接到新的政策通知时，该工作人员表示：“虽然政府还没有出台新的房贷政策，但我们银行有自己内部的政策规定。现在房贷政策紧缩，到了2月份也不见得会很好，办房贷现在需要审批很长一段时间。”建设银行房贷经理张先生告诉记者，现在银行内部办房贷的政策也是一天一个样，如果想要办7折利率的房贷，除非首付比较高，起码得首付四成以上。对于二套房贷，张先生表示，现在银行均要求首付四成以上，不过银行会根据客户的资质给予一定的利率优惠。而北京银行的工作人员则告诉记者，北京银行已经取消了二套房的利率优惠，需按照央行的基准利率支付贷款利息。相比四大行，各个股份制银行的房贷似乎好办一些。“我们现在没有接到通知取消首套房7折利率优惠，因此申请的时候也还是按照7折办理，但不能保证首套房肯定能做到7折利率。目前房贷申请需要3天的评估时间，4天的审批时间，通常在7-10天的时间内完成流程。”中信银行的一名房贷经理告诉记者。临近月末，有市场人士预计，1月份的信贷有可能超过1万亿，有消息称1月第一周全国信贷投放达6000亿元，第二周更高达8000亿元，引起了监管机构的关注，央行于14日宣布提高银行存款准备金率0.5个百分点。另外，由于去年底银监会的新通知规定，禁止银行通过信贷类理财产品转出自身存量信贷资产，商业银行无法再通过信贷理财产品的发售将表内资产转移至表外，也影响了银行新增贷款的规模。房贷影响下半年显现据北京市房地产交易管理网的数据显示，截至1月26日，二手房签约数为11462套，相比2009年12月份的41743套，下滑了70%以上。亚豪机构市场总监郭毅告诉记者，1月份前20天，一手商品房的成交量环比下降了48%。郭毅表示，由于决策层频频对房地产市场发出调控信号，对房地产市场的影响很大。信义房屋建外大街店主管易华对记者表示，目前为止，客户申请的房贷如果符合标准，还是按照利率打7折来办理。“房屋成交量大幅度下滑，这是由于政府调控的力度加大，打击投机性需求的态度非常坚决。”易华分析道，“投资客购买房产，当然要最大限度地利用银行贷款，他们当然不会用100万全款买一套房，而肯定是要用20万首付贷款买5套房。现在政府调控房地产市场，导致房地产投机的成本增加，如利息、中介佣金、税费等，因此房屋成交量下降不可避免。”易华认为，房屋成交量下降，利率优惠的调高并没有起到全部作用。“一是在政府调控的情况下，购房者的心理预期下降，看跌房价，因此作出观望；二是去年9月28日出台的新规定，银行贷款需要严格参照网签合同，杜绝了阴阳合同；三是去年底和今年初收紧税收优惠政策的规定。政策出台后的效果有一定的滞后性，现在这一系列的措施导致了1月份成交量的下跌。”据链家地产市场研究部近期发布的报告显示，过去三年北京二手房价格平均上涨了120%，大兴、昌平涨幅分别高达166%和140%，由于政策的延缓，今年上半年楼市对各种调控政策的反应可能会以成交量的萎缩为主，下半年房价会出现明显反应。易华认为，房屋成交量支撑着房屋的价格，如果成交量一直下跌，那么房价不会支撑太久，尽管现在看来房价还是上涨的势头，但恐怕已经是强弩之末。从北京一些房地产中介公司的信息来看，1月份北京二手房市场已经出现明显的议价空间，大部分二手房的成交价格比挂牌价格下调了1.5%-2.5%的价格。而在去年12月份，65%的房源成交价格都高于挂牌价格２%-３%。月供将增加多少？银行房贷7折利率优惠或将取消的传闻愈演愈烈，尽管银行表示存量房贷暂时不会受到影响，但是很多新申请的房贷很有可能不再是7折优惠，调高为8.5折优惠，而二套房也很有可能不再享受任何利率优惠。一旦最低优惠利率由7折变为8.5折，贷款人需要多支付多少利息呢？假设贷款100万元，贷款期限为30年，选择等额本息的还款方式，如果按照7折利率优惠，每个月的月供为4865.69元，总共需要支付利息大约是75万元；如果是8.5折利率，每个月的月供为5398.20元，总共需要支付的利息约为94万元；如果是二套房基准利率不打折，每个月的月供为 5956.98元，总利息高达114万元。（季小舟/文）我要评论,4,1,0.5875474810600281
"监管层要求银行收紧二套房贷 违规行长将被问责据中国之声《央广新闻》1月30日11时45分报道，关于银行收紧二套房贷款政策，日前有监管层发出指示，要求银行全面收紧二套房贷款政策，包括所谓改善型住房在内的所有二套房均要执行首付四成的比例，一旦出现违规，行长将被问责。监管层是在最近召开的一次形势会议上对于今年的信贷政策进行了明确定调，其中调整个人房贷和开发贷是今年的重点工作。而对于此前有部分银行对于改善型住房还存在界定不清的情况，监管层明确表态，无论是不是改善型住房，只要是二套房就一律要实行首付四成的比例。一直以来，高息揽储、贷款直接流向股市是银行业的两条高压红线，而此次对于二套房贷款政策的严控程度，已经可以算是第三条红线了。二套房首付四成的比例是铁定的，各家银行都不能触线。如果违规，将直接找行长进行问责。虽然此前也有消息称，不少银行借政策空当低首付抢个贷客源，但日前有媒体以购房者身份咨询了几个主要的银行，就发现目前申请二套房商业贷款首付比例都已提至四成，而即使是通过相熟的按揭公司，也无法申请到低于四成的首付比例。现在大部分银行依然有二套房的利率优惠政策，优惠幅度从10%到29.9%不等。比如中国银行要求首付4成目前利率政策未明；农业银行首付4成基本利率下浮29.9%，还有改善型住房优惠；工商银行4成基本利率上浮10%，有改善型住房优惠；建设银行4成基本利率，有改善型住房优惠。对此，,银行方面解释称，监管层方面的指导思想是在四成首付比例之下，具体利率按照市场化定价来确定。这种方式更加科学，银行会根据自己的情况以及客户对于银行的贡献度来确定最终的利率。不过，也有银行表示，如果在目前基准利率表基础上打七折，则年息为4.158%，而目前中等银行的资金成本情况已经接近4%，银行做七折房贷业务已经是微利。(记者梁盛)我要评论",4,7,0.7061927318572998
南京被征地农民 上调保障待遇据新华社电(记者 邓华宁)南京市劳动和社会保障局日前发布消息，上调全市以下5类特殊群体的保障待遇：被征地农民；城镇无收入老居民；上世纪50年代退职人员、60年代初部分精减老职工和保养人员；支援“三线”建设部分回南京定居的“老军工”；原支边、插队(场)、下放人员。被征地农民的基本生活保障待遇按原标准的10%增发。我要评论,4,7,0.6309822797775269
80后挺住：租房结婚不丢人 如今结婚的成本与日俱增，在京广沪等一线城市买房娶妻要百万元以上！而近两年城市房价一路飙升，加薪却是小步慢走，让刚刚开始在社会打拼的“80后”们只能摸着瘪瘪的钱包望房兴叹。“80后”们量力而行，为漂泊的爱情找到一方港湾，不丢人！且看网友之心声租房结婚，有爱就是家！网友wanglijuan08:谁不想有套属于自己的婚房？但对于囊中羞涩、追求生活质量又向往随性自由的我们来说，与其被房贷压得几十年直不起腰杆，不如轻装上阵，先从租房开始。房子虽小，但恋爱中的我们很甜蜜，下班了一起用电脑看电视，一起逛街，那时基本没有想过要买房，只想涨工资，等有能力了再买小房，最后买大房，慢慢实现房梦，在租与买的过程中体验爱情的真谛，这也是租房结婚最大的快乐。所以我觉得，租房结婚不丢人，有爱的地方就有家！我嫁的是爱人，不是房子网友吕品：我是一位上海女孩，和外地男友的“租房结婚”之路起初是出于无奈，但现在，心态已经放得很平和了。现在有朋友问我关于租房结婚的事情，我也不像过去那样躲躲闪闪了。如果有能力，买房子当然更好，但如果像我一样正在努力中，那租房结婚也未尝不可。这套房子很新，我们都很喜欢。而且现在也不用紧紧张张地过日子，生活得很滋润。其实，结婚是两个人的事，两个人在一起最重要的是双方的感受。别人怎么看都比不上自己的感觉，何必为了在乎别人看法而委屈自己呢？房子不是爱情的保鲜盒网友海皮娃娃：朋友很早就说要请我喝喜酒，几周前碰到他问起婚事准备得如何，他轻描淡写地说取消了。我以为他开玩笑，或是可能和新娘一时怄气。不想他一脸严肃地说，真的，我们刚分手。他虽然和她只恋爱一年，但感情一直甜蜜且稳定，已经买了婚纱，连婚宴都去试吃过了，怎么说分手就分手了？问起原因，他吐出两个字：房子。原来，竟是房产证上的署名问题葬送了他们原本幸福甜蜜的婚姻。爱情需要有房子这个载体去承托，房子也需要爱情这个内涵来完整。没有房子的爱情可能会经历多一些风雨，但没有爱情的房子一定是让人窒息的空壳。租房结婚，我很快乐！网友烟雨时代：那一年，我们终于停止了买房的脚步，一起做出了租房结婚的决定。经过仔仔细细地对比挑选，我们终于找到了合适的甜蜜小窝。屋子虽然没怎么装修，但我们和房东商量，帮她重新装修一下，不需要她帮我们添置任何物品，房租一次性付半年，房东还答应在原来的报价上每月减200元。如今，我们的新窝已经弄得七七八八了，现是住在市中心一个不错小区的大两房，楼下就是地铁站和超市，我男朋友每天8点10分出门，自行车15分钟到单位，我8点半起床，9点出门坐地铁，两个人都非常轻松。价格打折，生活质量不打折网友乐洋洋到我家：我是一个对生活质量要求很高的人，也就是所谓生活上的“作女”。去年5月，我卖掉了自己在上海的唯一一套房子，开始了重新租房的生活。过去生活和现在生活不同的是，我和老公孩子从一个老旧小区，换到了一个有电梯的小高层生活，远离了喧闹、逼仄和设施不全的问题。现在我们过得很好，老公也很满意租房的状态。我们每天有超过1/3的时间是在家里的，所以生活质量没有打折。其实，如果租一个房子，住两三年，只要生活愉快，根本不会在乎房子的产权是谁的，这样的生活是你自己给自己的。租房结婚，买房变得触手可及网友28路公车：有个好的生活环境才是现阶段最重要的，至于现在解决不了的买房问题，大可暂时搁置，毕竟我和男友都有一份收入颇丰的工作，这才是我们最大的资本，在享受现在的同时，安心地为将来买房作打算。搬进租来的新房后，我们也渐渐爱上了这个漂亮的小窝，记得举行婚礼那天，从前不理解我们租房的亲友也都对我们的选择表示了认同。现在，我们生活得很舒适，租来的房子离我们的工作单位都不远，我们把省下的钱存起来，大约再努力一段时间，我们就可以去买自己的房子了。婚姻在出租房里同样幸福网友回忆的橡皮擦：漂泊多年的我，比任何人都渴望有自己的房子，哪怕只是一个小小的窝。可条件不允许，我又不愿意依靠别人，更不喜欢背负债务生活着，那样会压得我喘不过气来。权衡一下，爱情之于我，比房子要重要许多。于是，我选择了租房结婚。虽然心里有点遗憾，但不妨碍我享受幸福的生活。我的幸福也和房子无关。我和老公相亲相爱，一心一意地为着我们的未来而努力奋斗着。闲暇时，我们会充满期待地述说梦想，畅谈未来。他对我的好，让我觉得即便做乞丐，也是幸福的。（来源：金羊网-羊城晚报） 我要评论,4,5,0.9907681345939636
调查称八成80后购婚房有难度 “80后”，目前中国最受关注的一代，他们代表了中国的未来。据统计，中国的这个群体逾2亿人。转型社会的洪流造就了“80后”的独特性，这些在温室里成长的“小皇帝”们，却要面对社会变迁进程中的狂风暴雨。头上顶着“垮掉的一代”、“叛逆”、“自私”、“脆弱”等负面评价，还伴生着“富二代”、“房奴”、“卡奴”、“蚁族”、“宅男”等社会现象。日前，广州日报联合多家媒体推出“80后”生存状态大调查。调查发现，住房、婚恋、竞争压力、父母赡养等，构成了“80后”青年面临的现实枷锁。在奋斗的路上”———是这代人最重要的人生主题。“80后”幸福感普遍不强 过半自认压力大于“70后”调查显示，“80后”的幸福感普遍不强。52.6%的受访者认为“压力很大，超过‘70后’、‘90后’”；37.0%对此持宽容态度，认为“每一代人都有自己的压力，这是正常的”；只有1.7%的受访者认为“压力很小，我们是幸福的一代”。48.1%的受访者认为压力主要来自“生活，如买房子、养孩子”等；29.7%受访者认为来自“工作，要闯出一番事业太难”；18.7%认为“整个社会都在给我压力，压得喘不过气来”；另有3.5%表示压力来自于家长对自己的期望过高。仅占一成有私家车相对于婚房这类迫切的刚性需求，车子对于“80后”而言还是奢侈品。油费、桥路费、停车费等养车成本居高不下，购车后的日常支出直线飙升，令大部分“80后”不敢拥有自己的座驾。调查显示，“80后”中的“有车一族”仅占13.5%，19.7%的人表示打算近两年内购买；而66.8%的受访者表示近2年内不会考虑买车。近四成“80后”每月补贴家用调查显示，38.2%的“80后”每个月都会给父母补贴家用。其中，29.0%每月给1000元以下，2.3%给2000元以上。与此同时，需要父母每月给钱过活的“啃老族”仅占4.8%。近七成不满意生活水平近五成想立即跳槽调查显示，46.8%的人“现在就有跳槽的打算”；从没有跳过槽的“80后”占45.4%；只有12.2%的人打算在现在的单位干到退休。调查还显示，有高达67.85%的受访者对自己的生活水平感到不满，考虑转换环境。但因为生活经济压力，敢于跳槽的仍属少数。五成“80后”月收入3000元以下三成是“月光族”调查显示，“80后”群体的收入状况在6000元附近开始呈现“二八分化”。81%的受访者表示月收入在6000元以下，其中月收入水平在3000元以下的，占比高达52.6%。在19%自称月收入在6000元以上的高收入“80后”中，6000~10000元/月的占10.1%，10000~20000元/月的占5.8%，20000元/月以上(含20000元)的占3.1%。值得注意的是，月收入10000~20000元、20000元/月以上的高收入群体相对集中于京沪粤三地。对于生活在这些城市的“80后”，生活压力相当明显。调查显示：29.1%的“80后”是“月光族”———每月收入基本当月花光的“零存款一族”。八成“80后”存款不足10万元婚房成为“第一恐慌”存款不足10万元的“80后”超过八成(85.8%)。调查中，只有24.2%的“80后”表示“能自己一次性存款付清房钱”，21.6%表示“父母资助大部分，自己(含配偶)存款占小部分”；17.1% 表示“父母资助小部分，自己(含配偶)存款占大部分”；15.7%表示父母(含亲戚)全额资助。至于买房的主要目的，近四成是为了结婚。韩寒被视为中国“80后”的代表人物，更被无数的“80后”视为精神领袖。他坦言，“这个世界已经很现实了，我们把这代人的理想都拴在了房子上，他们很多人的生活已经没有趣味了，只看到房子。越是急，越是买不起房子，房价不停地往上升。满脑子想的都是这些，无论是谈恋爱还是结婚，都会跟特别现实的社会有关系。那些理想，包括年少时候的梦想，都已经被抛得很远了。我希望可以重拾这些东西。”休闲时间习惯上网恋爱及性的态度相当开放有57.8%的受访者表示，生活中最主要的休闲娱乐活动就是上网。相对于父辈，他们对恋爱和性的态度相当开放，对婚前性行为的认同度和接受程度更高。理想：有房有车有事业调查显示，“80后”的理想较为集中在四方面：一是有房有车，特别是买房；第二是事业有所成就；第三是做个有钱人，特别是当老板，也有想一夜暴富中五百万元彩票的；此外还有成为公务员、成为科学家和军人等“对社会有用的人”。据广州日报我要评论,4,5,0.9146662354469299
何洁自曝还清解约欠款成自由身 省吃俭用当宅女 新浪娱乐讯 超女何洁去年8月与天娱正式解约，国内媒体爆料其签约北京奇异夸克公司后已于日前将与天娱解约欠款还清，过年期间她省吃俭用窝在家里变“宅女”。何洁自参加超女比赛后签约天娱出道以来，负面新闻不断，直至天娱安排何洁与郭敬明一起的那次洗心革面之旅后她终于因为不满提出解约。据北京媒体报道，何洁日前在接受采访时透露其与天娱解约官司的欠款已经全部还清。加盟北京奇异夸克公司后，何洁透露自己整个生活状态都发生了变化。或许是因为之前还债用了太多钱，现在过年她都是省吃俭用窝家家里当“宅女”，不买衣服不消费，就连吃饭都是经常跑去公司蹭饭。近日，何洁推出自制的中国式年画和贺卡，贺卡中的漫画形象也来自3月即将发行的何洁半自传体图文书，“何大宝”的漫画形象提前在媒体和公众面前曝光：扎着朝天辫，穿着红肚兜，笑得露出五颗牙齿，眼睛眯成了一条线，伴着象征吉祥如意的鲤鱼和荷花，恭祝大家招财进宝，虎年快乐。JZB/文我要评论,4,2,0.9991785883903503
咸阳开发商打广告 买铺子送老婆雷倒路人 春节是消费旺季，商家们的促销仗是打的不亦乐乎。有的是折上折，有的买一送一，可咸阳一家开发商的促销方式不仅是惊人，简直就是雷人。为什么这么说呢？在咸阳市七厂十字，最近周围群众都被一则广告雷倒，为什么呢，“虎年送大礼，买铺子送老婆”这样的虎年大礼你敢收吗？两幅巨大的广告牌矗立在工地里，可是赚足了路人的眼球。路过这儿的咸阳市民宣先生告诉记者，他一看到这条广告语就感觉自己被雷倒了？宣先生:看我是不是眼睛有问题呢？我仔细一看确实没毛病，就写的那几个字，那就真正我买个铺子，你也不能送我个老婆，你送给我个老婆，我也不敢要。记者：如果是你老公，你敢让他这样去买铺子吗？周围群众：那肯定不可能嘛。记者：你觉得它会不会送你老婆？周围群众：肯定不会。的确！就算这家开发商有这个心，估计也没几个人有这个胆啊！更别说，“送老婆”这种行为甚至有可能触犯了《刑法》。那么，开发商做这个广告会不会有另一种读法，买铺子送给自己的老婆？面对记者的疑惑，不少围观群众表示，一个铺子动辄十几万、几十万，不是想送就能送的，广告背离了实际。周围群众：一般人送不起那个铺子，太贵了。那商家到底什么意思呢？记者试图通过电话联系开发商，但却一直无人接听。而对于商家这样咬文嚼字式的宣传，附近群众是颇有看法。周围群众：它无非就是炒作，让人目光多往上看一下，多卖些铺子，它能送老婆吗？不可能的事，肯定是虚假的。宣先生：说严重就是欺骗，说轻的话就是误导。随后，记者向咸阳市工商局秦都分局进行了反映，工作人员核查后表示，这则广告语已经违反了《广告法》和《反不正当竞争法》，涉嫌夸大宣传和不实宣传，并且没有在工商部门登记备案。按照规定，工商经济检查中队将会对其进行拆除，节后他们将联系这家公司，对其做出相应处罚。（来源：华商网）我要评论,4,6,0.7924047112464905
美国男子驾私人飞机撞政府大楼一名男子美国当地时间18日驾驶一架小型飞机撞入美国国内税收署位于得克萨斯州首府奥斯汀的一处办公楼，造成2人死亡、13人受伤。事件令不少美国人回想起“9·11”。美国联邦调查局初步调查后认定驾驶员为软件工程师约瑟夫·斯塔克。奥斯汀市警方也表示，目前看来撞击事件与恐怖袭击无关。早有预谋网上留有“遗书”当地时间18日9时45分许，斯塔克驾驶他自己的单引擎PA -28“切罗基”型4座小飞机撞入奥斯汀国内税收署大楼，当时大楼内有近200人。美联社报道，斯塔克据信当场死亡。另外，救援人员在大楼内还找到一具尸体。至少有13人受伤，两人伤势严重。作为预警，美军派出两架F16战斗机在撞机发生地上空执行空中巡视任务。按美联社的说法，发动袭击前，斯塔克放火烧掉了自家房屋。事发前，斯塔克在互联网上留言3000多字，表明自己已无法控制怒火，必须实施撞楼计划。斯塔克在留言中不仅抨击国内税收署，还控诉一些政治人士、大公司犯下的“无法想象的罪行”，批评美国政府的救市计划。最后，他下结论说：“暴力不仅仅是这些问题的解决办法，更是唯一办法。”美联社认为，可以看出，斯塔克早已策划好这起撞楼事件。留言最后，斯塔克写下日期2月19日，签上自己的全名并加注1956年至2010年，意味着自己的出生及死亡年份。企业两遭税局勒令停业在留言中，斯塔克称，自己与国内税收署多次发生争执。他指责国内税收署使自己损失4万美元，令他“10年的心血付诸东流”。其间，他谈到自己两次开办公司、两次遭国内税收署“阻挠”的经历。1985年，斯塔克在加利福尼亚州科罗纳注册“威力工程股份有限公司”。但因其间一度未申报缴税，加州特许经营税委员会2000年勒令这家企业暂停营业。斯塔克1995年在加州林肯开办“软件系统服务公司”，但于2004年遭勒令停业。加州特许经营税委员会发言人丹尼丝·阿齐米说，斯塔克1996年至2002年没有缴纳加州州税，总计1153美元。斯塔克的解释是，第一次没有申报州税是因为手头没钱，第二次是因为报税时没有把前妻谢里尔的收入算在内。“为人正直，不抽烟，不喝酒”一些斯塔克的朋友对撞楼事件感到震惊。在他们眼中，斯塔克只是一个普通人，从未听到斯塔克谈论政治、税收或政府。美联社报道，斯塔克在上大学前就读米尔顿·赫希学校，这是一所孤儿学校。1975年至1977年，斯塔克在哈里斯堡地区社区学院就读，但没有毕业。平日里，塔斯克是奥斯汀民间摇滚乐队比利·埃利乐队的吉他手。帕姆·帕克是乐队另一名乐手的妻子，她说，大家只知道斯塔克是一个安静的父亲，每年都要去挪威一次，探望女儿和孙子孙女。乐队键盘师兼鼓手迈克尔·切尔扎说：“乔为人正直，不抽烟，不喝酒。他有才华，关心一些正常人关心的事情。我从不知道他处于某种崩溃的边缘。在一群人中，他是那种不爱说话的人。”记者手记拥有私人飞机他真的“无法生存下去”？一位美国记者说：“他(斯塔克)在网上说，现政府只救助大企业，像他这样的小业主难以生存，只能用暴力回答税务署。总之，他恨政府。”不过，这位记者也强调，斯塔克毕竟拥有自己的飞机和房产，未必真的像他自己说得那样无法生存下去。有不愿披露姓名的人士认为，斯塔克应当属于高收入人士。政府实施的对高收入者增税，以部分补贴中低收入人群医疗保险等的做法，激起了部分高收入人士的不满。这个事件显示，这种不满开始表面化。无独有偶暴力抗税旧案：炸毁大楼168人亡美国已发生过多起暴力抗税事件。1995年4月，纳税人蒂姆西·麦克维因不满税收制度而炸毁俄克拉何马州首府俄克拉何马城一幢联邦政府大楼，致使168人死亡，数百人受伤。2007年，家住新罕布什尔州普兰菲尔德镇的爱德华·布朗和妻子偷逃税款超过70万美元。布朗被法庭定罪后拒不出庭，在自家周围设置路障，与一伙支持者据守在自家高墙内，与当局武装对峙。我要评论,4,5,0.5877046585083008
节前存款准备金率上调冻死各银行 本报讯 （记者张兆瑞）第二套房贷严格执行“首付四成”，首套房贷取消七折优惠利率，这些在春节前仅仅被看做政府收紧房贷预期的行为，随着春节假期的延续，正在逐渐变为事实。记者近日从银行内部人士了解到，2010年春节后本市房贷收紧已成定局。从记者目前掌握的信息来看，中国银行、光大银行在春节前暂停“首套房贷七折利率优惠”并不是个体行为，天津其他一些股份制商业银行已经计划在春节后陆续跟进。某银行内部人士告诉记者，“春节后，最迟年中，七折利率肯定全部取消，因为确实没有额度了。”实际上，春节前一天，中国人民银行再次上调存款准备金率0.5个百分点，冻结资金大概3000亿元人民币，已经让银行信贷工作人员感到了寒意。但是出于竞争等原因，天津市目前还没有任何一家银行正式宣布完全取消了七折房贷利率优惠，但从记者私下了解到的执行情况看，现在还可以获得七折房贷的客户寥寥无几。而且更为肯定的是，全市各主要银行对于第二套房贷，现在完全从严执行“首付四成”的规定，但对于贷款利率上浮10%则要求较少。据上海市一些媒体报道，上海为了加强对投资、投机性购房的打压力度，可能上调“第三套房贷”的首付比例和贷款利率，甚至不排除停贷的可能。不过记者咨询了本市银行一些负责人，他们均表示对“第三套房贷”的提法不是很清楚，但现在本市仍是按照“风险定价”原则来进行房贷审批的。一位银行负责人告诉记者：“同等条件下，一个人贷款购买5套房子，肯定比贷款购买1套房子风险大，因此银行对于他的贷款条件审核肯定会更加严格。”     文章来源：渤海早报我要评论,4,1,0.8411152958869934
低碳过春节成新春最热流行语 在一些大城市里，“低碳过春节”成为今年最热的词语。拜年形式逐步环保化在春节这一喜庆的日子里，给亲朋好友拜年必不可少。如今越来越多的市民拜年不再采用纸质贺卡，而是采用短信、电子邮件等绿色环保形式表达新春祝愿。今年，有图片、音乐的彩信已经完全替代了“纸”上祝福。“要的就是新年第一时刻，这样的祝福才够‘新鲜’！”一位朋友解释零点发送祝福短信的意义。短信、彩信、电邮让新年祝福变得更加及时，更重要的是，它们节约了大量的纸张，也减少了递送的人力成本。绿色年货最受宠记者发现今年春节“绿色年货”最受宠。在湖北武汉，雄楚大道上一家大型花卉市场人头攒动。不少市民甚至外地客人纷纷来此选购花卉。市民康先生夫妇俩一口气买下5盆金桔、两盆蝴蝶兰、两盆杜鹃花。说起买花的原因，他们说：“现在生活条件方便了，不需要再大量囤积食物过年了，买些绿色植物更时尚。再说大家现在不都倡导低碳生活嘛，我们也赶个潮流，做个“低碳族”。我们家还特意和别人家拼车来买花的，减少点污染，呵呵！”除了花卉，周边乡村年货大集上的土特产、土鸡蛋等绿色产品吸引着城区市民前去购买。在大学授课的王教授还特地趁假期，到郊区绿色蔬菜基地上淘年货。不到半天时间，汽车后备箱里装满了各种“绿色年货”。    来源 中国经济导报我要评论,4,3,0.37241148948669434
全国两会十大关注热点 十一届全国人大三次会议、全国政协十一届三次会议将分别于3月5日、3月3日在北京开幕。适值“后国际金融危机”时代的关键时期，一个个事关国计民生的议题摆在中国“两会”面前，其中有十大热点尤受关注。发展方式亟待转变中国经济在成功“保八”的同时，也面临着一些“烦恼”，如楼市泡沫、产能过剩、通胀压力等。复杂形势中，官方宏调重心悄然移向“调结构、防通胀”，加快发展方式转变这一主题更加凸显。日前于中共中央党校举办的省部级干部研讨班，胡锦涛、温家宝、习近平、李克强分别讲话，提及最多的字眼就是“转变”，胡锦涛一口气使用50多个“加快”，更是耐人寻味。楼市博弈尚待观察2009年各地房价普遍暴涨，打碎了众多“蜗居”者的安居梦想。民意汹涌之下，楼市不再仅是一个经济问题。新年伊始，中央和地方政府频频出招，力求稳定楼市。然抑制投资投机、加强监管、推进保障房建设等措施能否取得预期成效尚待观察。教育改革攻坚克难历时一年半，中国拟定了面向2020年的《国家中长期教育改革和发展规划纲要》，矢志由人口资源大国向人口资源强国迈进。据悉，纲要“问需于民”，已十余次易稿。日前，总理温家宝在中南海连续主持召开五次座谈会，再次就此“问计于民”。教育部将在“两会”前公布纲要，最后一次公开征询意见。“教改”这个老难题，势将在“两会”上引发新建言。医疗改革临近“中考”去年4月，中国新一轮医疗改革方案敲定，提出到2011年基本医疗保障制度全面覆盖城乡居民。而今医改临近“中考”，按照卫生部党组书记张茅的说法，中国还有1亿人没有任何医保。国务院本月初通过《公立医院改革试点的指导意见》，旨在寻找新的制度安排，让政府、医院和商家各行其责、各得其利。“选举法”第五次修改中国现行的人大代表“选举法”制定于1953年，1979年重新修订，而后又经历过4次修改。今年第五次修改有不少亮点，例如草案“一步到位”，提出实行城乡按相同人口比例选举人大代表、候选人应与选民见面等。人们期待，这部邓小平曾亲自主持制定的法律进一步完善，推动中国民主进程再迈一步。“暴力拆迁”寻求法治去年成都发生的拆迁户自焚事件，再次震动公众神经。北京大学五位学者联名呼吁解决“暴力拆迁”问题，国务院法制办很快回应，《城市房屋拆迁管理条例》修改工作被纳入官方议程。中国在城镇化进程中迎来了一次改变游戏规则的新机遇。网络问政成为“时尚”随着全国网民数量刷新到3.84亿，中国普兴网络问政，温家宝将在“两会”前再次与网民交谈，广东省委书记汪洋邀网民“拍砖”建言，上海市长韩正在网上推介世博会，中部安徽则首次将“网络问政”写入该省政府工作报告。政府通过网络集纳民意、民智，网民以留言、博客、微博等参政议政，这种平等、互动的交流方式成为中国政治生态中的新亮色。足球扫赌剑指反腐在中央高层密集表态支持足球发展之后，中国掀起了一场“扫赌风暴”。随着前中国足协副主席南勇、杨一民被刑事拘留，扫赌逐步升级为反腐。在多家网站的调查中，反腐倡廉仍居“两会”最受关注话题之首。世博续“举全国之力”胡锦涛主席指出，举办世博会，不仅是上海的大事，也是全国的大事；办好世博会，不仅是上海的责任，也是全国的责任。可以预见，中国在成功举办北京奥运会之后，将继续发挥体制优势，“举全国之力”办好世博会。中美关系全球关注金融危机阴霾未散之际，中美两国关系因贸易摩擦、人民币汇率、美售台武器、美总统奥巴马会见达赖喇嘛等陡生风云，透露出“后危机”时代大国关系的复杂走势。中美关系如何演绎，中国“两会”代表委员关心，全世界也都关注。综观十大热点，如果说应对国际金融危机是“治病”的过程，那么在“后危机”时代，中国需要做全面的“健身”运动。全球视野下，中国在“后危机”时代的表现同样值得关注。（来源：楚天金报）我要评论,4,7,0.9969248175621033
银监会：个人贷款要求面谈面签 昨天，银监会正式发布《流动资金贷款管理暂行办法》、《个人贷款管理暂行办法》。这两个办法与之前已经施行的《固定资产贷款管理暂行办法》和《项目融资业务指引》（并称“三个办法一个指引”），初步构建和完善了我国银行业金融机构的贷款业务法规框架，将作为我国银行业贷款风险监管的长期制度安排，标志着我国银行业信贷管理进入新的科学发展阶段。贷款需明确合法用途《个贷办法》明确规定，贷款人不得发放无指定用途的个人贷款。个人在提出贷款申请时，应当有明确合法的贷款用途。同时，贷款人应就借款人的借款用途进行尽职调查，有效防范个人贷款业务风险。同时，《个贷办法》要求执行贷款面谈面签制度，防止出现个人被不法分子冒名套取银行贷款，或借款人的信贷资金被他人冒领挪用。对通过电子银行渠道发放的低风险个人质押贷款的情形，贷款人可以不进行贷款面谈，但至少应当采取有效措施确定借款人的真实身份。同时，除电子银行渠道办理的贷款，贷款人应要求借款人当面签订借款合同及其他相关文件。采用贷款人受托支付《个贷办法》还规定，除特殊情形外，个人贷款资金应当采用贷款人受托支付方式向借款人交易对象支付，即由贷款人根据借款人的提款申请和支付委托，将贷款资金支付给符合合同约定用途的借款人交易对象。并要求贷款人应在贷款资金发放前审核借款人相关交易资料和凭证是否符合合同约定条件，在支付后做好有关细节的认定记录。采用贷款人受托支付的例外情形，主要包括：一是借款人无法事先确定具体交易对象且金额不超过三十万元人民币；二是借款人交易对象不具备条件有效使用非现金结算方式。上述个人贷款，经贷款人同意可以采取借款人自主支付方式。此外，考虑个体经营贷款与个人消费贷款在实践中存在一些差别，个体经营户在商品生产和交易过程中，通常事先不确定交易对象且现买现付。对此，《个贷办法》作出以下特别规定：一是明确贷款资金用于生产经营且金额不超过50万元人民币的，可以采用借款人自主支付方式；二是规定个体工商户和农村承包经营户申请个人贷款用于生产经营且金额超过50万元人民币的，可以按贷款用途适用相关贷款管理办法的规定。我要评论,4,1,0.6651813983917236
香港酒店超卖现象长假再现     旅游业议会总干事董耀中表示，该会在新春期间收到2宗涉及酒店“超卖”的查询，有团队旅客指原定入住的酒店没有足够房间，导致旅行团被迫“拆团”，部分团员需入住其他酒店，“是酒店超卖(超收散客)房间，是酒店的问题，不关旅行社的事。”董耀中说，酒店“超卖”情况绝迹数年今年重临，已经跟酒店业界人士联络，提醒酒店不要超卖房间。    位于旺角弥敦道的活年旅馆，在农历新年档期的房租加价逾13%，单人房由平日每晚220元加至250元，双人房由每晚290元加价至330元，但本月14日至20日(年初一至初七)出租情况仍然天天“爆满”。旅馆负责人高诚浩表示，新春期间入住的旅客几乎全部是内地客，当中包括个人游及经商旅客，“我们不会胡乱加价，以免赶客。”为吸引要求愈来愈高的内地客，旅馆早于2年前提升设备及服务，除了提供Wi-Fi上网服务外，旅馆内的电视可收看内地客最爱的中央台及凤凰卫视。我要评论,4,7,0.9547158479690552
李泽楷寓所遭港警搜查 据香港《明报》报道，香港警方日前搜查了电讯盈科主席李泽楷在香港多达3个寓所及富通保险等多家公司，过程中李泽楷并不在场。电盈私有化在去年4月被上诉庭法官否决，并指有人明显操纵投票。事隔快一年，警方最近就此案展开全方位调查。供图 CFP （来源：北京日报）我要评论,4,7,0.972866415977478
世界最具吸引力城市：上海排第二 伦敦居首据俄罗斯媒体报道，在2月21日公布的“世界最具吸引力”城市排行榜中，英国伦敦位居榜首，排名第二的是中国上海。而曾在经济危机爆发前排名第3位的纽约这次则下滑至第10位。这份榜单是法国巴黎大区投资促进协会在毕马威咨询公司的参与下制定的。排名基于对各国500名商界代表的调查以及去年的各国企业投资数据，这一数据参考了毕马威咨询公司在过去5年间分析的一些指标。受访者称，最重要的评定标准是政治稳定性、法律安全性以及城市经济状况。据悉，伦敦在2009年实施或者部分实施了270个投资项目。除了多数客观指标排名第一以外，伦敦还因深得商业人士的厚爱而高居榜首。在调查中，42%的受访者称伦敦是最具吸引力的国家首都。在这份榜单中排名第2的是中国上海。据悉，在某些指标上，上海甚至超过了英国首都伦敦，比如它拥有的现代化研究中心数量和写字楼数量等。此外，进入前10名的还有另外两个中国城市：香港（第3位）和北京（第5位）。俄罗斯首都莫斯科名列第6位。俄媒体对此认为并不令人奇怪，因为投资者过去几年来一直极度愿意向中国投资。商界代表认为，在未来几年内，孟买等另一些亚洲城市也可能进入这份榜单的前几名，从而把榜单上的欧洲城市排挤出去。除伦敦外，欧洲城市中只有巴黎入围榜单前5名。原因有二：第一，在经济危机期间投资额几乎没有减少；第二，商界代表们认为，由于政治稳定、生活水平高、基础设施极为发达，巴黎仍具有相当大的吸引力。新闻晨报我要评论,4,5,0.9991651773452759
创意产业营造通惠河区域古典时尚最IN生活方式春节长假，京东有着700年历史的漕运庙不失为寻找老北京年味的又一个好去处。与往年不同的是，今年如果去通惠河的漕运码头庙会，除了享受老北京的历史积淀，你还可以感受一下创意产业带给古运河沿岸的新鲜气息——古典文化与现代时尚的完美结合。随着朝阳区“运河•新时尚”文化创意产业项目的逐一投入使用，一条以通惠河水景为依托，集自然景观、人文景观、旅游休闲、购物娱乐于一体的绿色时尚消费带正在古运河两岸华丽现身。截至到新年前夕，包括运河•新时尚酒吧街、汇通时尚购物中心和汇通滨水动漫城在内的创业产业规划区配套商业综合项目悉数落目公众眼底。其中即将投入使用的汇通时尚购物中心更是被预言将会成为引领京东地区消费时尚的文化地标。虽处京东郊区，但便捷的地下、地上交通，充足方便的停车位等硬件优势加上创意产业文化的魅力，使得汇通时尚购物中心还未开门就已经博得业内人士的普遍看好。汇通时尚购物中心，连接汇通国际酒店与新时尚酒吧餐饮街，以商业整合卖场为主，集中创意商业文化，平台式中心展示秀场。早在项目开发前期，汇通时尚中心就引入了国际化团队操作，在本土化的基础上实行差异化经营。另外购物中心还提供了家庭消费娱乐的创意空间：生活家居馆、快乐家庭馆、娱乐空间馆等，个性化、人性化的服务为购物中心又提升了整体魅力。试想一下，吃完老北京风味小吃，再去时尚购物中心血拼一把，一路下来，就像是穿越时空隧道，从古至今的年味都享受了，这也可以算得上是新春最IN的选择了。我要评论,4,6,0.7856817245483398
80后众奴缠身变身年清族 中新社惠州2月23日电 房奴、卡奴、车奴、孩奴……众“奴”缠身的“80后”，在春节过后又给自己扣上了一顶新帽子——节奴。节奴，指因春节等重大节日消费、交际而饱受压力的人。早已被生活费、按揭费、通讯费、水电煤气费、孩子的奶粉尿布费压得气喘吁吁的“80后”众“奴”缠身。而原本应该喜气洋洋的春节也被当成了“春劫”，高昂的人情节费让“80后”变成了“年清族”。不少网友上班第一天就纷纷在网上晒自己的春节账单。节日的巨大开支令年轻白领叫苦不迭。在广东惠州一事业单位上班的曾先生告诉记者，迫于家庭观念的压力，他在2009年终于踏上了房奴和车奴的行列，每月要交2700元的房贷，养车一个月要1000元左右，加上平时的花销，每个月基本上都是“月光族”。过年回家，车票、无数的红包、绵绵不断的酒席，很快把微薄的年终奖也花光了，整个一“年清族”。网友心碎乌托邦无奈地表示，自己开始明白了一年一度的春节，为何有人欢喜有人忧，甚至患上“恐年症”。一个春节下来花掉了自己半年的积蓄，年后的日子只能勒紧裤腰带来过活了。一些人为避免成为“节奴”而不得不加入“恐归族”，留在单位值班，宁可不休息，也不回家做节奴。“在读小学时，大学不要钱，读大学时，小学不要钱。没上大学时，大学生是天之骄子，大学毕业后，大学生跟农民工一个价；以前房子是靠分配，现在房价高得令人咂舌。‘80后’基本上是独身子女，以前是几个子女养一个老人，现在是一个子女养几个老人。孩子读书，连个幼儿园都要几万块钱的赞助费。读书、就业、买房、赡养老人，抚养子女，我们比前人承受了更大的竞争、生存压力。”不少“80后”发出了这样的感言。工资永远赶不上房价的上涨速度，却要不惜一切地沦为房奴；自己省吃俭用，也要让孩子吃好的，穿名牌，心甘情愿当孩奴；经济条件不好，也忍不住想在各种节日庆祝一番，辛辛苦苦挣来的钱就像放爆竹一样可劲挥霍，最终变成了节奴。“奴现象”在“80后”群体中的泛滥，不得不引人深思。“80后”，真的要过得这么沉重吗?对此，专家分析，“80后”变身为“奴”，大多是过度膨胀的虚荣心作怪。凡事要讲究量入为出、量力而行，不要打肿脸充胖子，造成消费方式畸形。专家呼吁“80后”要通过自身的努力和奋发图强改变生活困境、提升生活质量，改变“奴”字加身、自怨自艾的状况。我要评论,4,5,0.45286130905151367
香港百万富豪近两成生于内地 深港记者黎媛报道昨日下午，香港花旗银行发布最新的“百万富翁调查报告”。人口刚超过700万的香港，已拥有近40万个流动资产超过100万港元、总资产近千万的富豪。其中18%的百万富豪生于内地，花旗银行环球个人银行服务副总经理周永赞指出，随着内地经济越来越好，预计香港的百万富翁中，内地出生的人数比例将进一步增加。花旗银行委托香港城市大学通过电话访问，抽样调查了超过6600位香港居民。由于股市、房产投资市场畅旺，去年，香港拥有超过百万港元流动资产的富豪达39.4万人，比前年增加4.6万人。这些富豪平均流动资产为380万港元，平均总资产则为950万港元。家庭主妇、退休人士占据了香港富豪的半数：富豪中52%为女性，平均年龄达到51岁，其中40岁以上的富豪更占了77%。周永赞表示，过去7年里，香港百万富翁的人数变化和恒生指数的变化有很高的相关性。八成受访富豪选择把流动资产放在股市里。但这些富豪“入市”意欲逐步下降，仅35%的受访富豪对今年股市感到乐观，12%的受访富豪今年有购楼的意愿，主要是因为在去年市场快速上升后，这些富豪预期今年投资市场的升幅不会很大。我要评论,4,1,0.832848310470581
"半小时 穿梭京津生活圈(组图)“中国人像风一样驶进高速时代”，用这句话来描述2008年8月1日京津城际铁路的开通，丝毫不觉得夸张。从此之后，那些饱受京津塘高速拥堵、大雾之苦的“蜂客族”们，开启了京津之间的一段幸福之旅。不到30分钟的旅程，“似乎闭上眼睛没有多久，就到了”。而那座带有梦幻色彩的新南站，以及初到天津东站那隐隐的海风，都为这段旅程增添了不少愉悦。也因此，早在2006年便定位为北方经济中心的天津，把中石化、诺基亚等众多产业大佬挖过去之后，现在也成了吸引北京人置业投资、休闲旅游的“新宠”。而从北京到天津，那些散落一路的城乡接合部，过去仿佛被工业化和城市化浪潮遗忘的空白地带，正在被京津高铁和地产商们的造城运动一一串起，连成一片，并与我们的生活产生联系。“蜂客族”的半小时生活圈“拥堵，来回高速收费要100多块。”因为工作关系经常穿梭京津的李先生说起京津塘高速，一肚子的抱怨。他的这一困扰，随着京津高铁的开通消失无踪。4月17日，记者从北京新南站出发，前往天津，亲身体验了一把京津高铁的“风驰电掣”：平均约15分钟一趟，车票随买随上，28分钟到达天津东站，非常方便快捷。对居民而言，半小时生活圈的概念，则让他们的生活方式更加自由。首先会催生更多的“蜂客族”———他们就像蜜蜂那样，从一个城市飞到另一个城市，一个用来居住，一个用来工作。“我在北京上班，想在南站附近买个房子，然后在武清再买一个给父母住，周末可以去他们那里，或者他们过来，”安先生向记者描述了他的置业蓝图。“北京居民的置业半径不断向外延伸，随着京津城际轨道开通，半小时生活圈形成，天津楼盘存在价格比较优势，选择性较大。”北京嘉华四季国际会展有限公司总经理武凯认为，天津无论城市建设、配套设施还是文化底蕴，都远远胜过其他近京地区，应该是北京购买力释放的最佳地点。此外，天津优质房地产项目进入北京也能缓解北京住房紧张的现状。中原地产等机构的数据显示，置业在天津，工作在北京，自去年下半年以来，已经成为很多“蜂客族”们的选择。北京天津，将来都是“首都地区”长期关注环渤海的清华大学教授、两院院士吴良镛认为，京津冀之间缺乏有活力的城市功能带，有感于珠三角、长三角城市群的勃勃生机，他先后提出了“大北京”、“新七环”、“首都地区”概念，力主京津冀一体化。京津高铁的开通，让这一设想得以落地，而地产商们的造城运动，也在试图拉近这一距离，把京津在地理和现实中连在一起。在城际高铁两侧的亦庄、永乐、武清，在京津塘高速二线两侧的宝坻、蓟县，以及天津新兴的东丽区、津南区，正在形成一座座新城，盘龙古文化城、金碧天下、星耀五洲……与天津老城区、滨海新区以及北京市区连成一片，共同构成宏大的产业化城市集群———“首都地区”。这已不仅仅是打造一般意义上的楼盘，而是更直接地渗透到天津城市化进程和新城组团的建设；地产商们更大的野心是，承接北京乃至京津塘、环渤海经济圈产业人群的疏散，并为这些人群创造一种新的生活方式。天津的规划有意无意暗合了这一理念。在天津市政府对11个新城的规划中，均布局有相关产业先行与拉动，即使大规模出让土地，也要求地产商配合区域规划调整产品结构。星耀五洲的旅游、盘龙谷的文化产业概念，得到了政府的青睐。北京人，到天津享受“国际化生活”对京津这两个环渤海地区的核心城市而言，京津高铁开通，新城片区的崛起，不仅为它们的共融、共生提供了基础条件，还为它们的未来创造了无限可能。早些年就有的“去北京买名牌，去天津办婚宴吃海鲜”之类的消费方式，如今有了更新的内容，到天津买房置业，投资办厂，休闲旅游，开始流行。平时离海很远的北京人，可以经常去看海了；两市间的周末旅游已经像到郊区一样方便。此外，天津因其人文环境以及自然条件，正在变成北京人新的、国际化的观光、玩乐胜地。在不远的将来，天津将出现一个媲美西湖的水上浮城，一个堪比迪拜伯瓷酒店的七星级酒店，一座东方好莱坞，以及更多的五洲风情建筑……多家具有深厚背景的地产商联合当地政府，正在把天津打造为一个国际大都会。“我们想在11000亩的天嘉湖再造一个新世界！五大洲在这里会创造性地真实再现。”星耀集团董事长颜语介绍，星耀五洲就是要人们生活其中，体验世界不同的文化生态。绿地集团(企业专区,旗下楼盘)在蓟县打造的盘龙谷则主打文化产业。最终，盘龙谷将成为“亚洲生态文化硅谷，世界文化产业高地”，并带动当地经济发展。发现天津，世界就是你的。双城故事一个北京人的天津幸福生活两年前，北京姑娘陆婉跟随老板来到天津，开始一个新项目的运作。两年后，陆婉打算在天津买房，而且一口气定了3套，一套是高层住宅，她打算自己住，一套是小别墅，将来可以用作家庭旅馆出租，还有一套是临水的高层公寓，南北通透，环境幽雅。陆婉说，最初去天津，每次驾车往来都是一次长途跋涉，直到京津高铁的开通。而现在，陆婉基本都乘坐“和谐号”，因为它环境好，又非常快，28分钟的行程，几乎没有感觉就到了，却联结着两座风格迥异的城市。“我经常去国贸，从这里去南站再去天津，出发与到达之间，仿佛要切换一下按键，”她形容说，国贸是一个由玻璃幕墙的高楼大厦组成的世界，冰冷而压抑，而到了天津，尤其是海河，会让人感到亲切，舒服。海河很多桥的造型都是不一样的，可以慢慢欣赏。为了方便，她办了一张快通卡，这张卡可以在和谐号上预留座位，这样就不用每次赶着买票，也不用担心没有座位了。在这样的旅途过程中，陆婉经常会有奇遇。有一次，她遇到一位男士，对方在金融街上班，家在天津，每周来回京津两次。聊天的过程中，这位男士说要给她介绍项目和业务。当对方的邮件真的发过来的时候，她觉得很神奇。“就是感觉京津之间人们的心理越来越开放，两地的联系更加紧密。”陆婉说，在两年前初来天津的时候，满耳都是天津话，现在，她经常能遇到对天津很了解的北京人，或对北京很了解的天津人。在天津生活久了，陆婉喜欢去五大道、杨柳青这些地方消遣，生活好像回到了很多年前，尤其是在名流茶馆听相声，看天津本地人的神态，可以感觉到天津这座城市是有根的，有那种文化的延续。两年来，这座城市也发生着巨大的变化，“就像一个小孩，你希望他一直是小小的，可爱的，可是他有股势头，就是要生长起来。”陆婉说。 我要评论",4,5,0.7743910551071167
宁夏库区移民安置房被当商品房出售(组图)□农民埋怨：苦等八年等到的却是一个“骗局”□官员表态：只是耽误了村民几年时间困境苦等等了8年，本应给上游村村民住的“上游新村”楼房，如今已被当作商品房卖掉。大漠，长河。滔滔东流的黄河进入宁夏境内后，在宁夏中卫市拐了个大大的“几”字。“几”字下面绵延约4公里、沿黄河而居的农舍群落，便是常乐镇上游村了。沙坡头以南，跨过黄河再走几百米，就到葛凤英的家。这是一个破败的农舍，几道裂缝在土墙上昭示着这屋子已年久失修。此外，屋后的土山每逢大雨都会冲下泥石。“住在这里太可怕了！”村民葛凤英说。担心居住条件的，不仅是葛凤英一人。在上游村其他3个生产队约800名居民，多数都面临这一困扰。“8年了，房子坏了政府也不让修，说要等待整体搬迁。”2001年，因国家重点工程黄河沙坡头水利枢纽工程，政府承诺对上游村进行整体移民。2007年，用于安置搬迁居民的房子建好了，7栋楼，就建在中卫市沙坡头区滨河镇，名叫“上游新村”。等了8年，上游村的村民却说自己上当了。他们发现本应给上游村村民住的“上游新村”楼房被当作商品房卖掉，本用于维系村民日后生计的新购土地被出租他人，村民们惊呼“我们受骗了”。奔流的黄河水全然不顾村民的焦虑。2004年，沙坡头水利枢纽工程下闸蓄水后，1米、2米、3米……至今，上游水位已上涨10余米。上游村1600余亩土地已被淹没了860多亩。8年来，按照当地政府的要求，等待整体搬迁期间不允许新盖房舍、不允许开荒种树、不允许……上游村的发展近乎停滞。8年间翘首以待，等到的是赖以生存的土地逐渐被黄河水吞噬，遮风避雨的房舍如今只能在风雨中飘摇。“我们的移民款都去了哪里？政府怎么说不搬就不搬了呢？”葛凤英们的疑问近乎“天问”。探源决策为修水库，当时还未设市的中卫县政府决定，对上游村实行整体移民。2001年，作为中国西部大开发建设的首批十大国家重点工程之一，黄河沙坡头水利枢纽工程开始破土动工。上游村位于水库之上的山区，一部分农田要被上涨水位淹没。土地没了，为解决农民的这一问题，当时还未设市的中卫县政府决定，对上游村实行整体移民。2002年起，由中卫县国土资源局牵头，监察局、扶贫办、常乐镇政府等部门配合下，开始对上游村淹没区内外房屋、土地、树木等进行核查及资产评估。经常乐镇绘图丈量，上游村共认定土地2100余亩(淹没区外有1162.9亩)被淹；此外，全村共有近万棵树木被淹。进行资产评估后，政府部门向村民宣布了纪律：维持原状，等待搬迁。村民们被禁止新栽树木，不能再建新房，对其他生产生活设施的投入政府也不提倡。等待，上游村人准备放弃家园。调查承诺用移民安置款在市区为上游村兴建安置房，为失地农民置田。2004年，中卫县撤县设市。当年，黄河沙坡头水利枢纽工程也正式下闸蓄水。土地被淹没，而移民安置款还没有下拨。上游村的男女老少拥向了沙坡头水利枢纽工程现场，最终得知用于库区移民安置的补偿金总额是2600多万元。政府宣布了移民的计划。除了被淹农作物补偿(青苗费)到户外，移民安置款由政府统筹安排。据村民回忆，为了整体移民，政府决定用移民安置款在市区为上游村兴建安置房。为了解决农田被淹没后无地可耕的现实，政府也将从安置款中抽出一部分为失地农民置田。据当时参加相关移民说明会议的村民介绍，政府为农民们勾画了一幅移民后美好的蓝图：农民们可以住上干净宽敞的楼房。当时民房折价是每平方米320元，新居房价是每平方米850元左右，但有移民安置款在，村民几乎不需要再掏钱。上游村村民相信了政府的话。葛凤英家不再翻修墙体早已开裂的土砖房，沈得保家则卖掉了自家的羊。没了土地的库区农民，生活只能依靠外出打工维系，相当困难。但心中有希望，直到2007年，上游村的村民依旧坚守着四五年前政府订下的纪律，“禁止栽树，禁止翻修房屋”。变卦只搬迁上游村淹没区内的群众，原建小区楼房公开出售。可是，政府的决策却变了。2007年秋季，上游新村落成。而村民们发现，之前干部入户动员村民搬迁的现象，却一去不复返了。2007年7月4日，中卫市政府第16次市长办公会议决定，只搬迁上游村淹没区内的群众。即只搬迁2队(大柳树队)，其他生产队不搬迁。此外，“将原建小区楼房公开出售，资金用于移民搬迁安置”。可以确证的是，当时政府这一决策的改变，鲜有民众知情。对于这一决定，中卫市副市长吴汉宝说，这是按照《黄河沙坡头水利枢纽初步设计补充报告》的规定。由于上游村其他3个队既不属于“直接淹没人口”，也不属于“淹地淹房影响人口中因环境容量不足而必须动迁的人口”，因此不在搬迁范围内，不存在上游村整体搬迁的问题。整体搬迁的计划，之前确实是存在的。对此，吴汉宝又称，那只是原来中卫县政府出于发展旅游业的考虑，而非搬迁村民全部都是水利枢纽工程的库区移民。“政府变卦了！”在电视上看到上游新村移民安置房的售楼广告时，上游村的村民傻眼了。辩解政府称，村民不同意搬迁，房屋空置了近1年，才当商品房卖了。在获知“上游新村”的安置房在向外出售时，完全失地(耕地)的大柳树队村民，多次堵在了政府大楼门口。2008年5月，中卫市政府正式对大柳树队进行整体搬迁。大柳树队搬迁了，另外3个队却没能搬进上游新村。中卫市政府的说法是上游村其他队的村民拒绝搬迁。依据中卫市政府说法，上游新村252套新居建成后，“由于(村民)不同意搬迁”，房屋空置了近1年。政府在不得已的情况下，只得以商品房的价格向社会公开销售。中卫市政府8月19日通报称，售房款项共计2492.04万元，这些钱全部用于与移民安置，而通报内容却和中卫市国资办的《上游村移民住宅小区收支情况》大相径庭。对于上述问题，中卫市常务副市长吴汉宝称自己对此也不甚了解，需要再研究。在当天的新闻发布会上，中卫市政府宣称，截至2008年12月，上游村大柳树队村民“已全部迁入新居，生产生活正常”。实际情况是，至今仍有如李占举、李守良、李占才等家庭，因支付不起由原来定价每平米860元、搬迁时却涨到1186元的楼房差价，只得继续住在上游村破败的老屋。在姚滩农场，除了分配给迁入上游新村的大柳树队村民的耕地之外，另有部分耕地的“地主”是常乐镇政府。这些本应用于安置其他三队村民的土地，如今被他人租种。进展表态政府重申不再整体搬迁，中卫常务副市长称“只是耽误了村民几年时间”。为了让中卫市履行最初的承诺，上游村未搬迁的村民采取了他们认为可引起相关部门重视的诉求方式。今年2月以来，没有被搬迁的村民从未停止呼吁。针对上游村未搬迁村民反映的问题，中卫市政府多次召开会议后，8月19日再次重申“不予整体搬迁”。上游村苦等搬迁8年，换来乡村凋敝田园荒芜。但做出不再进行整体搬迁的决定后，中卫市政府再次为村民们画出蓝图：未搬迁农民享受库区移民后期补助政策——在水利部批准前，先由市政府每人每年补助600元，补助期限20年；其子女可到市区中小学就读，享受与市区学生同等待遇；村民可以“农家乐”形式参与旅游产业，服从黄河南岸整体规划，享受发展旅游业优惠政策；对上游村水、电、路等基础设施进行改造，等等。上游村村民还是想整体移民搬迁，可是，政府坚决不再搬迁了。对于这8年来，上游村民是否承担了中卫市官方错误决策的代价这个问题，常务副市长吴汉宝表示不认同。“只是，耽误了村民几年时间。”吴淡淡地说。据《南方都市报》 我要评论,4,5,0.7081941962242126
探访群租房租客生存状态：各有各自故事(组图)9月14日，对小刘来说是崭新的一天。晚上，她开始搬离已经生活4个月的“鸽子笼”。小刘是安徽人，来北京已近4个年头了。刚开始跟着老板做服装生意，后来和丈夫一起进入IT行业，现在他们已有了自己的事业。她看上去很年轻，谁都不相信她是一个7岁孩子的母亲。因为和丈夫发生了口角，她一气之下离开舒适的家，独自来到这个大家庭——北京知春里小区一处9人合租的“群租房”住下。这处两居室，被分割出九间小隔断房。每小间都是用三合板隔断，只有四间有窗户，其他小间里只能放下一张单人床和一张小桌、一个柜子。卫生间是公用的，遇到高峰时大家就得抢着用了。因为人很多，卫生间下水经常被堵，地面上也都是脚印，有时甚至连垃圾桶里的纸也会溢了出来。幸亏房里住着两位勤快的女士马大姐和小刘，否则真不敢想象里面会成什么样子。为了节省空间，小间的房门也是专门定做的，通常要比正常的房门小点。即使这样，门还是经常堵住大家的路。厨房是公用的，由于没有客厅，通常吃饭只能站着，或是在自己小屋的床上搭一张小桌。人要多点，房间里还真没有落脚的地方。隔壁的小蒋知道小刘要走的消息，执意要送她。小蒋是刚毕业的大学生，因为在北京念书，所以一毕业就在北京找到了工作。但单位不提供住宿，工资也不高，小蒋只能找间便宜的房子。他找遍了单位附近的房子，发现都很贵。在网上，他无意中看到“便宜出租隔断间”的消息。小蒋就来到这隔断间看看，发现除了房子小之外，其他的设施还比较齐全，最关键的是租一间小屋只需要500多元，比起整租一室一厅的房子整整便宜了1000元。在北京，群租现象比较普遍，通常在居民区门口都能找到这类信息。许多外来人租不起整套房，只能和其他人一起租住一套。不少二房东或代理商，看到了其中的商机，就将房子隔成了若干小房间出租，这样不但能抵掉之前的租金，还能赚上一大笔。“这片的房价都被人炒坏了！”一个房客讲。这片小区的出租均价明显高于北京房屋出租均价，很多人都租不起这里的房子。于是，许多房间都被改造，变成更经济的小隔断间。小区保洁员反映：“小区里人很杂，而且经常会碰到生面孔，我们打扫卫生都不方便。”一方面，大批陌生面孔涌入了原本安静的小区，小区看上去变得不再安全了；另一方面，这也影响了小区居民的正常生活，物业部门接到的投诉也开始增加。外面吃饭比较贵，小郑和小蒋搭伙，决定自己做饭吃，既节省开支，也能多吃点荤菜。他们经常研究菜谱，可还是做不出可口的饭菜。小蒋是广西人，小郑是山东人，他们口味不同。小郑喜欢吃馒头，经常一买就是四五个，吃的久了，小蒋就有点无从下口。日子久了，他们也没了做饭的激情。而且有时需要加班，他们也只好在外面吃，自己做饭的次数越来越少了。有时，马大姐看到他们做饭辛苦，就会走进厨房，给他们改善伙食。马大姐是这里年龄最大的房客，房间布置得也最温馨。马大姐在成都有一套自己的房子，而且也有收入相对较好的工作，但她还是丢下了孩子和母亲，独自一人来到了北京。有人问起来，马大姐只会轻描淡写地说：“这里的待遇更高，家里的房子还得还贷。”小朱工作忙，但想出国，所以一有时间就去补课，从英语到工商管理，经常很晚才回来。他养了两只荷兰猪，打发不多的清闲时光。每当他一进家门，小猪就会叫个不停。眼看就要交房租了，小郑的积蓄却所剩无几。他变得焦急起来。他下过决心，出来就不会再向父母要钱，但眼下的情况真让他进退两难。朋友也都在找工作，或者刚刚工作，手里没有多少钱。小郑开始感受到生存的压力。好在小蒋手头稍宽裕点，他把自己的工资借给了小郑，帮助他度过这艰难时刻。“下个月一定要找个三室一厅的房子。”小郑和小蒋商量着。隔断间不通风，他们每次走进房间都会闻到刺鼻的气味，住久了感觉身体不舒服；屋里没有窗户，白天黑夜没有差别，通常他们睡觉的时间会更长。更要紧的是，不少小区里已经能看到“治理违法出租房屋”的通告。不久前，北京市公安局、市规划委等八部门联合发出《通告》，加强出租房屋安全管理，要求“群租房”必须拆除隔断恢复原状，消除安全隐患。果真这样的话，他们就要搬出群租房了。然而，在北京这样的地方要租到比这还便宜的住所似乎并不容易。(文中人物均为化名) 我要评论,4,5,0.6597431302070618
颐和原著将成不可复制豪宅典范(组图)易居中国投资控股有限公司董事兼执行总裁、华北区域事业运营总部总经理臧建军在参观后也表示：龙湖颐和原著不是豪宅，是顶级住宅。“看样板间的之前，对里面的功能是不确定的，因为房子做大了之后很可能像个会所。看了样板间之后，发现龙湖在空间的使用度上面做到了把大空间做小，这些东西才是最重要的。由此来说，这个项目将会形成一个标杆，这个产品也会成为龙湖的历史上浓重的一笔。”臧建军感慨道。“豪宅最重要的三个要素地段、环境、声望决定了龙湖颐和原著是不可复制的。龙湖颐和原著全面诠释了‘豪宅至上’的概念，称之为豪宅的不能是郊区的别墅，一定是城市住宅，一个是静，一定要安静，还有一个是境，不是真正的情境，可能是环境，包括人和人之间的环境，周边的环境等。”当代节能置业CEO姜鹏也在参观后第一时间予以了龙湖·颐和原著项目高度评价。座谈会上，富力地产北京营销中心总经理吴文表示：“看了样板间之后就传递出来的感觉是：这就是一种生活。很多开发商做的样板间有一点像家具卖场那样的，放很多的家具吸引人，但是没有关心到生活所需要的那种细节。但今天参观了颐和原著却完全这种感觉。”我要评论,4,3,0.7391108870506287
东方夏威夷垂钓大赛暨盛世中华游园会落幕(组图)主持人：尊敬的各位来宾、先生们、女士们，大家下午好。在这个秋风和煦的季节，在国庆与中秋双节共度之际，因为心中的一份优雅，因为心中的一份浪漫，因为心中那个温馨而多情的东方夏威夷，我们与您相聚在“在海边等你东方夏威夷人文垂钓大赛暨2009盛世中华游园会”，共同度过一个愉快的国庆节。首先，我代表本次活动主办方东方夏威夷向各位来宾致以诚挚的问候，感谢大家相聚在此，共同分享东方夏威夷湛蓝的天，蔚蓝的海。今天，在优雅的东方夏威夷园林，这里将举行一场东方夏威夷人文垂钓大赛。在垂钓比赛开始之前，我谨代表活动主办方东方夏威夷宣布一下比赛的规则：今天的比赛将依据我们东方夏威夷的传统，依次决出：渔民奖、渔夫奖、渔王奖。我们今天垂钓比赛的时间为两个小时二十五分钟，从13：35开始，一直持续到16：00结束。但是请各位参赛选手注意的是：所有参赛选手的鱼必须在16：00之前全部称完。在垂钓比赛进行的同时，我们的园区内的盛世中华游园会活动也同步开放，不参加垂钓比赛的来宾，可以参与游园活动，并赢取一份精美礼品。而舞台区也会举办一些参与性非常强的互动游戏，每个互动游戏都会有精美惊喜奖品等着你，希望大家踊跃参与。那么现在我代表活动主办方宣布“东方夏威夷人文垂钓大赛”现在开始。主持人：尊敬的各位来宾，亲爱的女士们、先生们，大家下午好。非常高兴在这个秋风和煦的季节，在国庆与中秋双节共度之际，和各位相约在美丽的东方夏威夷。也非常高兴能够与您相聚在“在海边等你东方夏威夷人文垂钓大赛暨2009盛世中华游园会”共同度过一个愉快的下午。我们的人文垂钓大赛的比赛时间刚刚结束，在我们正式开始颁奖之前，让我们掌声有请兴达房地产开发有限公司总经理赵赞君先生致词。有请赵总。赵赞君：尊敬的各位女士、先生们，各位新老业主大家下午好，首先感谢大家参加东方夏威夷人文垂钓大赛暨2009盛世中华游园会，在此我谨代表兴达集团感谢各位一直以来对我们的关心，我们将以更好的产品回报各位。在举国同庆之时，我祝大家万事如意，心想事成，玩得开心。谢谢大家！主持人：刚才赵总提到了都是我们新老业主们参加我们的活动，我们也一同见证了东方夏威夷近几年来的发展，可以看到我们的家越来越大，越来越漂亮。接下来有请兴达房地产技术开发有限公司技术部工程师王月先生做夏威夷南岸项目推介。王月：本项目与夏威夷小区一路之隔，西侧与中央美院一墙之隔，规划用地面积是10.15公顷，大概约为152亩，夏威夷南岸项目是我们公司又一重磅力作。这个项目设计的产品，经过多方的论证，反复的规划、调整，多户型的比较与认真细致的研究，终于推出了夏威夷南岸项目的规划设计。本项目形成了高低错落的城市天梯线，建筑风格沿用了非常成熟的夏威夷小区的建筑风格，并在此基础上进行了大胆的调整与创新，形成了简约的古典风格。我们的大堂进行了精装修的设计，高档、豪华，同时在小区内设有地下车库，建筑面积约为2.1万平方米，有2834户业主可以从地下车库直接回到家中。我们的户门采用了防盗、防火、隔热、隔音等设计。夏威夷南区园林景观设计以东南亚园林景观风格为主，打造东南亚景观慢生活社区，使人们每天都生活在度假的氛围里。雕塑是具有东南亚当地特色的风情，营造一种神秘慵懒的气息。夏威夷南岸就是将这些意境融入到园林景观设计中，营造了一种远离城市喧嚣的自然舒缓的东南亚风情健康自然园林的景观设计。夏威夷南区是我们兴达集团重磅打造的又一高级产品，处处为业主着想。从每个房间的尺度到户型的整体布局，从门窗的保温性能到环境景观的细微变化，等等，我们竭尽全力打造了高品质的生活社区，每次产品的推出都是兴达人全体员工的辛勤结晶。兴达人永远的目标就是打造出更适合居住的精品。谢谢大家！主持人：谢谢王先生为我们介绍了夏威夷南岸，夏威夷南岸是非常美丽适合我们居住的地方。我们今天活动的主题是人文垂钓大赛。接下来回到我们的主题上来。刚才在下午的时候，宣布比赛开始之前，宣布我们分为三种不同的奖项。接下来我们要颁发的是渔民奖，是选择我们所有参赛选手中垂钓鱼数最多的朋友就可以拿到我们的渔民奖，我们取前三位选手。下面看一下我们的奖品，是价格1000元的格兰仕微波炉。D座262的朋友许继东先生，一共垂钓到47条鱼。71095的朋友，一共垂钓到97条鱼。请柬369号的朋友，垂钓到128条鱼。下面掌声有请夏威夷物业管理有限公司总经理孙杰先生为我们颁发渔民奖。再次掌声送给三位，谢谢你们。劳动最光荣，通过自己的劳动获得了奖品。今天有很多朋友来我们这里是参加垂钓大赛的，当然更多的朋友是参与我们的游园活动。所以说对于各位来讲，就是我们接下来的抽奖，抽取五等奖十名，有请礼仪小姐把抽奖箱拿到台上来。现在，台下的观众朋友我希望各位把自己手中的请柬赶快翻出来，我们要抽取十位朋友，他们将获得价值500元的I—phone。第一位是编号705的朋友。下一位是编号1010的朋友。下一位是编号0344的朋友。编号是1169的朋友，编号是1192的朋友，编号是1171的朋友，下一位是编号0563的朋友，接下来是编号0407的朋友，编号分别是0783的朋友和编号0516的朋友。请各位站成一排。接下来的时间有请兴达房地产开发有限公司销售三部经理庄殿楠先生和王艳丽女士上台为我们颁奖。再次感谢我们的颁奖嘉宾，谢谢！接下来我们要颁的是渔夫奖。刚才在比赛之前已经说过了，我们可以颁给钓鱼鱼的重量最多的前两位朋友。究竟我们这一届东方夏威夷人文垂钓2009大赛谁会获得我们渔夫奖的第一名和第二名？首先告诉各位这两位选手身手不凡，我们排在第二名的成绩，他一共钓到了26.4公斤的鱼，他究竟是谁呢？请柬710号的朋友。掌声有请！他分别摘得了渔夫奖和渔民奖。接下来颁发渔夫奖最棒的选手，就是今天所钓到的所有战利品称重最重的业主丁—3号业主，他的成绩是85公斤。有请颁奖嘉宾兴达房地产开发有限公司营销总监李小龙先生。奖品是2800元的西门子洗衣机一台。恭喜！接下来我们要抽取的是四等奖，一共有八位幸运的朋友。0176号的朋友、1074号的朋友、1434号的朋友、0332号的朋友、0290号的朋友、0143号的朋友、0662号的朋友、1002号的朋友。你们将要获得的是价值1000元的飞利浦吸尘器一台。我们将请出颁奖嘉宾：兴达房地产开发有限公司销售二部经理黄芳琴女士和喻晓玲女士。再次恭喜你们！再次感谢我们两位颁奖嘉宾，同时恭喜台下的八位朋友。接下来我们要颁发的就是渔王奖。渔王奖可以说是今天最值得期待的奖项了，稍候我们渔王也会在现场展示他的战利品。我们首先要告诉各位的是渔王奖的奖品是5000元的42寸等离子电视一台。究竟谁会成为我们今天的渔王呢？他的成绩是单条鱼的重量是7.9公斤。这位朋友是我们的业主商E—12号的朋友。有请这位业主！接下来有请颁奖嘉宾：兴达房地产开发有限公司总经理赵赞君。有请赵总和我们的渔王合影留念。在认识我们今年的渔王之后，将要进行的是我们今天第三等奖的抽奖了。接下来三等奖会有五名幸运的朋友产生，他们将要获得的是价值1500元的飞利浦音响一套。1088号的朋友、0424号的朋友、0438号的朋友、0333号的朋友、0922号的朋友。接下来有请我们的颁奖嘉宾：兴达房地产开发有限公司销售一部经理高宁女士和王锐女士。再次感谢我们的两位颁奖嘉宾！接下来抽取我们的二等奖的朋友，他们将要获得的是价值2000元的诺基亚E66手机。1041号的朋友、0254号的朋友。有请兴达房地产开发有限公司营销策划部经理张琦先生为他们颁奖。再次恭喜两位！现在就是我们非常期待的最后一个环节，我们要抽出今天晚上最幸运的那位朋友，他将获得的是价值3000元的索尼T900照相机一台。恭喜0072号的朋友。有请兴达房地产开发有限公司工程部副总经理姜宝利先生颁奖。再次感谢姜总，也恭喜这位女士。感谢各位尊贵的来宾，与我们在东方夏威夷共同度过这个愉悦的下午，虽然我们无法阻挡时间的流逝，但我们可以主宰自己的心情，有我们对致雅、华丽生活的感触，更有我们对未来生活的渴望，在这里，我们将开启一段尊崇无上的私人海域传奇，我们深深相信在不久的将来，在眼前这座美丽的海上宫殿，我们将会拥有更加美好的生活。最后，我们再次感谢所有贵宾的光临，感谢您对东方夏威夷的支持！,4,5,0.7546952962875366
英少年登顶七大洲最高峰 成最年轻征服者英国少年乔治·阿特金森26日成功登顶珠穆朗玛峰，成为七大洲最高峰最年轻的征服者。29日是他17岁生日。破纪录英国徒步旅行组织“冒险山峰”在网站上发布声明说，阿特金森26日与另外17名登山者一起，成功登上珠峰之巅。英国登山委员会确认，阿特金森登顶当日年龄为16岁又362天，打破美国人约翰尼·柯林森17岁又296天完成征服七大洲最高峰的纪录，成为七座高峰最年轻的征服者。“冒险山峰”网站说：“乔治·阿特金森打破世界纪录，成为七座高峰最年轻的征服者。真是一项惊人的成就。”阿特金森的母亲彭妮在阿特金森的博客上写道：“乔治做到了，他在尼泊尔时间(26日)上午8时15分登顶……听起来那里天气挺好。”“感谢帮助乔治实现梦想的每一个人，”彭妮说，“现在让我儿子安全下山吧。”爱登山阿特金森家住英国瑟比顿。他的登山爱好源于父亲马克。他先前接受英国广播公司(BBC)采访时说：“父亲让我喜欢上登山。我六岁时，我们一起攀登北爱尔兰最高山峰多纳德山。那样做是因为我们想找一些需要一起做的事情。我相当喜欢登山。”阿特金森七岁前征服了苏格兰、英格兰和威尔士地区最高峰：本尼维斯山、斯科费尔峰和斯诺登尼亚。小家伙11岁开始攀登七大洲最高峰的征程，第一个目标是非洲最高峰乞力马扎罗山，13岁时登上欧洲厄尔布鲁士山，14岁生日前不久登顶大洋洲查亚峰，随后征服南美洲阿空加瓜山和南极洲文森山。2010年7月12日，时年15岁的阿特金森登顶北美洲最高峰迪纳利山。攀登珠峰前，阿特金森保持一周跑步两次、健身房锻炼三次的运动量，以增加肺活量。享挑战阿特金森说，热爱登山还有其他一些动力因素，“我喜欢每一座山，在山上，我有一种奇特的自由感”。他说：“我喜欢生活中有所挑战，七座高峰就是其中之一。我觉得去国外攀登这些山峰是一种好的冒险，也是一个环游世界的良机。”征服多座高峰后，阿特金森对北美洲迪纳利山印象深刻。他说，迪纳利山是目前为止感觉攀登过程最艰难的山，全程比较紧张。“18天都生活在这样的环境下，踩在冰川上，大雪似乎要卷走征程需要的所有东西，你必须把那些拽回来……体力上感觉更艰难，天气情况更极端。”(记者：黄敏),5,9,0.8276947140693665
美92岁双胞胎兄弟感情深“同生共死”(图)中新网6月6日电 综合媒体6日报道，美国一对双胞胎兄弟生活了将近一个世纪，见证了许多历史变迁，92年前，他们相隔几秒出生，从小到大，感情都非常好。92年后，两人也在同一天过世，前后只相隔几小时，连死因都一样，委实兄弟情深。报道称，这对双胞胎兄弟朱利安•里斯特和艾德里安•里斯特(Julian & Adrian Riester)是在1919年3月27号出生的，他们从小开始，就形影不离。不管是上学、工作、传教，都在一起。兄弟俩年轻时加入天主教方济会，过去65年来都在纽约州西部的圣文德大学服务。两人的朋友表示，兄弟俩的感情确实非常好，相互扶持走过近百年。不过大家只知道他们是孪生，但始终搞不清楚谁是哥哥，谁是弟弟。据报道，他们一生只分开过两次，一次是1946到1951年，两人分别被派驻到曼哈坦和波士顿，另一次是20世纪50年代被分派到水牛城地区不同地点。1956年以后，就再也没有分开过。两人在2008年，从纽约移居到佛罗里达州养老。2011年的6月1日，两人均因心脏衰竭而去世，前后相差只有几个小时时间。,5,9,0.5970999598503113
俄罗斯美女冰海中全裸 与白鲸同游嬉戏(图)据英国媒体16日报道，近日，两届世界自由潜水女子冠军、俄罗斯美女纳塔莉亚·阿夫先科(Natalia Avseenko)为了完成实验，听从了海洋学家的建议，脱光全身的衣服，在零度以下的寒冷海水中，赤裸全身与两头白鲸同游嬉戏，可谓是真的“回归自然”。据报道，现年36岁的纳塔莉亚在俄远西北部靠近北极圈的白海(white sea)海域进行了一次大胆而“美丽”的试验，全裸在寒冷的水下与白鲸共舞嬉戏，由一名俄罗斯摄影师拍摄下这样的场面。报道指，阿夫先科在水中仿佛美丽的“白鲸公主”。报道称，为了不让白鲸跑得太远，实验人员将部分海域圈了起来，以便美女不游太远，就能追上白鲸。据悉，当地海域的水温在零下1.5摄氏度左右，脱光衣服的纳塔莉亚显然会“冷得哆嗦”。一般来说，普通人在零度以下的海水中呆个5分钟，就有死亡的危险，但潜水经验丰富的纳塔莉亚不仅是个瑜伽“专业户”，更练出了在水下憋长气的技巧，最长可以在零度以下海水中呆10分钟40秒左右。此外，海洋学专家建议，由于白鲸这种动物对人造材料如潜水服非常敏感，不喜欢触碰人造材料，因此纳塔莉亚如果想要与白鲸更亲近，最好是全裸下水，来个肌肤的“亲密接触”。白鲸是自然界中的庞然大物，它们以脸部能表现类似人类的表情感知而着称。除水族馆的白鲸外，全世界目前有约10万头白鲸在海洋中生活。,5,9,0.9756112694740295
《对手》：快乐童年重要还是打好基础重要孙见坤：中国的教育方式是发现并引导孩子的天赋，就是中庸里面讲的…，如果一个孩子没有快乐的童年，他的天赋不可能被引发出来的，更不可能有高尚的道德，真正中国教育核心在于培养一个孩子优秀的道德，这是从孔圣开始一脉相传的，孔圣就说…，学习这种文化知识或者所谓的学科知识，在孔子看来是最底层的一个事情，高级的事情是什么？孩子的道德，就像他给自己学生排名，孔文四科，德行、言语、政事、文学，文学是排在最后面的，中国教育家是排孩子的道德，然后会讲心性，孩子十余岁孩子的爹会讲孩子你将来做什么，说要做状元，高官、做圣贤，但是问题是，他最后成功了，他发现自己的孩子的确有做圣贤的天赋，就引导他做下去，其实历史上真正成功的人完全是按照他们的天赋引导来做，真正由父母规劝，包括英老师一开始说的莫扎特，莫扎特6岁能作曲也是他的天赋在那儿，应该顺着他的天赋，在引导过程当中，德国人是这种情况，但是中国人，要到中国来讲，就是引导你的天赋，人不能逆天，必须顺天。主持人：冰球你会打吗？英达：我没有想打冰球，这正好是特别好的例子，是他自己做的选择。打冰球就是他自己做的选择，但是一旦这个选择开始，他不能放弃，知道吗？而且放弃了现在基本上可以说放弃的就跟他们家小提琴要放弃似的，钢琴要放弃似的，我儿子可能最后放弃的时候给他做的选择就是钢琴，但是他冰球打得好，包括他今后学习能学习得好，跟他曾经弹钢琴，三岁开始弹钢琴，三岁不可能有其他选择是有极大的关系。英达：如果你的孩子确实是如此自立，而且又是幸运的，在她非常小的时候居然她自己就能选定比大人还准确的，不知道靠一种什么样的天赋和嗅觉找到自己今后有用的一行，那当然好，但对不起，起码我们家孩子，我不够那么聪明，当然我还没见过比我更聪明的，我肯定不够足够聪明，否则不需要人替我决定，但是我说句实在话，可能你觉得你自己的孩子没有那么聪明，完全是自己自会、找会的，我觉得父母一定要帮忙，否则就是不负责任为自己找一个借口。同样一句话，虎妈说的天才儿童不需要父母，但是有父母就更好了，那就不是一般的天才了。孙见坤：刚才英老师说他一直在为孩子，说是普通的孩子，那种大多数的孩子是需要父母来为他做一个决定的，那么就出现一个问题就是，我是从西安来的，我们西安就有一位从，从小父母替他做决定，比较有名的人就是药家鑫，就是父母他给他做决定，学钢琴等等。英达：你觉得药家鑫这事主要是父母做决定做的，药家鑫这事是父母替他洗手，他用香皂洗手，是不是要提醒大家不要用香皂洗手了。这俩事没有相关，不是觉得这俩事近就有相关，每天早晨大公鸡一叫太阳就升起来了，这俩事联系在一起，确实不是大公鸡一叫太阳就升起来。英达：如果他最后所从事的一项工作就是对你的鼓励监督，比如冰球这件事情不是我做的决定，但是他要做决定的时候我们会把这件事情固定下来，因为后面还有我们大量的付出，让他不可能放弃，这是谁做的努力，对后比如在冰球上成功了，那样太好了，如果是那样的话，你能说这是大公鸡和太阳的关系吗？ 孙见坤：如果父母的决定错了，孩子自己来承担这个责任，那么这样孩子自己做不了这个决定，如果他将来一旦，像英老师说二十岁以后再做决定，之前做决定都非常好，一路过来非常顺，他一旦自己做决定，一旦做错了，那么做出一个什么结果呢？目前孩子的一遇到困难就轻生的孩子越来越多了。英达：如果给孩子所谓做决定的时候其实不是孩子根本不喜欢这事，孩子不理解，非常痛苦，家长也不加以解释，说必须这样，不这样我揍死你，如果这种，我们要把所有的问题都说得这么极端和绝对，说父母一做决定，孩子长大就是药家鑫，这还有什么意义，我们说的是百分比，多数好的父母如果给孩子做决定也是在先给他讲，你喜不喜欢，甚至他自己决定，你不能放弃，然后一路告诉他在这个时候你为什么不放弃，那个时候你敢放弃就揍你，等等，甚至我们到一定年龄的时候帮他做决定，主持人：我知道双方都不服，尤其是孙见坤，下一轮接着辩论，这一轮辩论什么，现在很多父母为了让孩子不输在起跑线上，在上学的同时给孩子报了很多班，奥数班，有的甚至是舞蹈班，书法班、英语班等等，孩子有限的精力，有限的课余生活完全被各种班、各种培训充斥着，有人说不对，每一个孩子都有权利获得一个快乐的健康成长的童年，也有人说了，为了孩子在未来竞争不输于任何人，我们这个时候必须给他们进行投资，哪怕是孩子的快乐有所抹杀，这就是我们的第三轮辩题，到底是一个健康快乐成长的童年重要还是打基础更重要？有请红方的第三位嘉宾，他就是著名的企业管理咨询和管理教育专家哈佛商学院北京校友会主席、泛太平洋管理研究中心董事长刘持金，刘兄你好，到底是打基础重要还是让他们快乐成长重要？刘持金：当然是打基础重要，我认为在孩子童年时期父母最重要的责任就是帮助他们打下基础，而不要为表面的快乐童年所误导。主持人：谢谢，为什么你在快乐童年前面加一个所谓两个字，一会儿再说，有请蓝方第三位嘉宾他就是新东方教育科技集团董事、兼高级副总裁周成刚。周成刚：我的观点应该是一个孩子有快乐的童年，他可能未来长久有更可持续的成长，这样的孩子往往更有动力性，有对生活的激情，未来不仅成才，而且成为21世纪栋梁之才。刘持金：一个什么是快乐的童年，快乐有不同层次的快乐，孩子愿意打游戏机，快不快乐？很快乐，孩子愿意每天爸爸妈妈带着吃冰淇凌，孩子快乐吗？非常快乐，但他还有不同的快乐，当他能帮助小朋友克服困难，当他能够在运动场上叱咤风云，当他能在演讲当中名列前茅，这是快乐，这个快乐不是简单的表面的快乐，第二个就是基础，我们打下什么样坚实的基础，像奥数班或者学小提琴，不一定我们给打下基础，而是说这个基础是一个扎实的，比如他解决问题的能力，批判性思维的能力，关心他人的能力，以及对尊重他人，对社会的责任感等等等等，从小我认为在这个过程中父母都有巨大的影响力。因此这是我阐述中为什么父母对孩子最重要的责任应当是打下一个坚实的基础，对这个基础这个概念的修正。周成刚：首先我要说的一点就是，我认为这个孩子，我是新东方的一个校长，每天接触无数的孩子，就是我发现孩子的心智的发展是有先后的，他的能力会展现在不同的方面，个性也会不同，所以说甚至于他们的观点和价值观也会不同，我个人认为应该对不同的孩子应该用不同的方法教育可能会更好。这是第一点。    第二点，如果说就把一个孩子上哈佛和耶鲁就做一个好孩子，我觉得这是严重的误导，孩子可有不同体现的方面，甚至我隐隐感觉到如果我们把上哈佛和耶鲁的孩子作为一个好孩子，这里边我不否认我们的家长在现在经济社会高速发展的时候，我们带有严重的实用和严重的公用目的，也就是说我们这个社会不仅需要弹钢琴的，不仅需要弹小提琴，还要需要管道工，还需要木匠，还需要很多钢铁工人。    第三个我想表达的是，假设一下，如果全世界的母亲都成为了虎妈，请问我们的孩子最后到哪里上学，难道都进耶鲁，都进哈佛吗？在美国有四千所大学，除了请问前二十名、三十名大学，难道后面进去美国人他们都是傻子吗，都是坏孩子吗？再问最后一点，网友做了一个很有趣的统计，在中国过去三十几年改革开放当中，一共有接近一千位中国各个省市高考(微博)状元，但是他们最后作出的统计是，这些状元都是当年最好的学生，但是二十年过去，他们寻找当年的高考状元，现在在这个社会上真正对社会产生重大影响，我们以这个为例，几乎没有一个高考状元还在这个世界上发挥我们想要所谓最重大社会功能的人才，我的结论是，看到今天很多精英人士都把孩子想尽一切办法送到美国去的时候，我们不能否认美国的教育有无数的东西正在吸引着我们，所以我相信我们的孩子可以成为功力和事物最好的发展人士，但是很难成为21世纪需要的栋梁人才，刘持金：我想反驳周校长，刚才我们在对话过程当中没有讲到哈佛和耶鲁就是我们的标准，我们举一个例子，比如克林顿总统没有申请耶鲁和哈佛，唯一申请的是乔治大学。刘持金：但是我们不能说克林顿是不成功的。我想说的给孩子打下一个坚实的基础，不是一个我们学业上这么狭隘的一个坚实的基础，而是一个广泛的概念，比如说他吃苦耐劳的精神，比如说我们中国人讲坚持的精神，我们蔡教授讲的坚持，无论你做哪一行我要做持之以恒坚持的精神，这是我讲的基础。这个基础从童年时代到少年时代都没有人理睬的话，这个基础就很危险。周成刚：刚刚听到蔡美儿说父母亲比较严格，反正我个人是从来没有父亲打过一下，我相信这边可能也都不会，我觉得孩子童年的时候往往有比较多的一些快乐，他的身心会更加健康，这是我坚信的，而且会有更多的独立性和创新能力，为什么人家说，到后来往往是比较调皮的或者成绩不太好的，同学在最终的时候，尤其最后他有极强的加速度和爆发力，人生比拼不是冲刺，而是长跑，像刚刚两位家长讲进入哈佛和耶鲁是职业的开始，更多是社会上的接触。周成刚：这个观点我同意，不仅是孩子的观点可以培养，成年人打麻将的习惯也可以培养，但中国家长更多把孩子兴趣过于狭隘培养在一个方面，这是错误的。我们并不是说孩子们通通听爹妈的，应该说白了，爹妈混球也不少，全靠他们给孩子制定未来方案，也肯定不一定好，但是总比孩子性苦多得强，我们说的百分比，我们现在讨论应该给孩子制定什么方案，应该什么样的成人来给他制定？孙见坤：我刚才讲的不是公民品质，公民品质肯定需要公民教育的，这是必须的，我说的是这个孩子将来成长的话，他适合做什么？他的天赋应该适合做什么？你将来莫扎特让他打冰球也不可能。周成刚：刚刚蔡教授的观点其实是某种意义上印证了我们的观点，蔡教授也讲了光有一个严格的管理是不行的，她在写《虎妈战歌》的时候，最终对小女儿教育方法最终放弃了，放弃的原因是她觉得如果再坚持下去可能会适得其反，会失去这个孩子，甚至失去她全部的快乐和童年，所以我们想传递的观点是其实在教育孩子的方式方法当中应该有更多的可塑性，更多的多元性，更多的因材施教。刘持金：希望中国父母都明白这一点，无论多么好的想法，父母需要付出高质量的努力，很多父母不是真正付出高质量的努力，我给你举一个简单的例子，刚才你提到比尔盖茨，你要知道盖茨在11岁的时候已经把《百科全书》通读了一遍，最后没有什么书可以读，到12岁，他的爸爸妈妈在餐桌上吃饭的时候，感觉跟这个孩子讲话很难讨论问题。周成刚：这个观点非常好，我想加一点，如果让今天家长的孩子如果不想去读书，不想考好成绩，天天在看《百科全书》，你会同意吗，事实上最终他获得了巨大的创新力，这就是我的观点。刘持金：你说的对，《百科全书》只是读书的一部分，另外我想举一个例子，你读书非常忙，但是这个责任不可推卸，百事可乐现任CEO中文翻译陆德英，也是一个虎妈，她每天在办公室上班的时候，她女儿读高中的数学题，要求她每天只要有数学作业传真到我办公室，我要看这个作业什么地方你不会帮你一下，我再给你传回去，见缝插针培养自己的孩子，全球五百强企业CEO，难道她脑子进水了，绝对没有进水，每一个成功孩子背后是父母的责任，是父母真实的付出，必须是高质量的投入。主持人：我想说一下我在全场辩论的几点感触，第一，一千个人心中有一千个哈姆雷特，一千个孩子也会有一千种性格和承受能力以及各自的性格，所以一个人的成功不可复制的话，也许一个成功的教育方法也不能简单的百分之百复制，这是第一点。第二点，不论是虎妈还是猫爸，他们代表的是自己成功的教育方式，随着我们这个社会东西方沟通越来越多，东西方沟通方式越来越渗透，虎妈和猫爸代表的是自己，不能单纯代表东方和西方，还有一点当你决定要为孩子做决定的时候，一定要想清楚，好好看看自己的孩子是不是真正地了解他们，然后再说。好，这就是今天的《对手》，我是王凯，再见。,5,2,0.8461215496063232
猕猴捡到相机大摆POSE 狂拍数百张照片(组图)你相信吗？这些清晰的照片，竟然出自一只猕猴之手！英国摄影师大卫·斯莱特日前在印尼苏拉威西岛北部的一个国家公园内旅行，在那里遇到了一群珍稀的黑冠猕猴。这些感到好奇的动物围着斯莱特留下的相机跳来跳去。“它们中肯定有一个家伙按到了开关，启动了相机。”斯莱特说，“之后，一只淘气的猕猴拿起相机，乱摁一通，竟然按下了快门。”摸到窍门后，这只猕猴开始不断地拍照，而其他同伴则十分配合地“大摆POSE”，甚至露出大大的笑脸，显得十分兴奋。斯莱特说：“当我拿回相机时，它已经拍摄了数百张照片，当然，大部分都是对焦不准的。”,5,9,0.8875643610954285
网友晒中美物价对比 9.9美元鞋子国内要499元“在美国卖9.9美元的鞋子，39.9美元的牛仔裤，30美元的T恤衫，同样品牌在国内分别是499元、799元和799元……”连日来，这场“比价”游戏引来了越来越多人的关注和参与。最近，一条微博在网上转发率非常高，内容是说以购买力计算，在中国吃穿用度的成本超过了美国。而记者在对一些外籍人士采访时，受访者普遍的疑问是：中国内地的普通人怎么活？中国的消费真的贵吗？都贵在哪？除了工资低，我们是否真的没有价格优势？“商品和外国沾边就贵”Cathy是美国密歇根大学医学院的新生，今年暑假她来到中国实习。她说，自己并不是一个对价格很敏感的人，但来到中国后的见闻还是让她有点吃惊。在北京的一家商场，她看中了一条裙子，700多元人民币。“美国时尚品牌的裙子也差不多是这个价格(100美元左右)，这和我之前认为的‘中国制造的东西都很便宜’完全不同”，她说。她最后放弃了那条裙子，而去服装批发市场买了几件100元以内的衣服。“我还是更喜欢这样的中国”，她说。来中国将近一个月的时间里，Cathy最大的感受是只要是和“外国”沾边的商品，中国的价格就比美国贵。在美国，Levi’s算不上什么“潮牌”，大部分的牛仔裤每条都在40-50美元，有时甚至打折至20美元。而在国内，该品牌的牛仔裤得五六百元。Nike、阿迪达斯的新款运动鞋，美国卖到80-100美元，最贵不超过150美元，而国内专柜中，价格上千元的比比皆是。在纽约这样的大城市，麦当劳的一个套餐在5美元左右，小城市更是低至2-3美元。即使是那些上等的餐厅、需要穿着正装出席的场合，一顿晚宴也就50-60美元左右，外加15%的小费。当她得知中国有一些动辄上万、十几万元的天价宴时，直呼“难以置信”，“他们吃的是什么？为什么这么浪费”？至于美国的房价，Cathy说，她的父母一年前在新泽西州的普林斯顿市区买了一套房子，两层楼、五间卧室、外加一个小花园，花费80万美元(约合517万人民币)。她说，这在美国东海岸(除纽约外)算是比较高的价位。而在中部的一些城市，10万美元就能买到比这面积更大的房子。“我听说中国的人均工资只有美国的十分之一，但消费水平却和我们差不多”，Cathy说，“那普通人怎么生活呢？”“北京消费水平不次于香港”在香港工作的姚先生对记者表示，北京的消费水平已经和香港不相上下了，如果算上汇率因素，有的甚至贵过香港。但在香港，一个大学毕业生的起薪至少是一万港元。刚刚从香港回到北京的王小姐则表示，内地游客大批涌向香港“扫货”的原因除了便宜之外，很大程度上还是因为货物齐全和服务到位。对于一般中高档消费品而言，算上汇率后香港的价格一般是内地的七折左右，化妆品更便宜一些。“香港很少有假货，质量更放心”，她说，“而且香港的打折是实实在在的，不会有把原价提高再打折这样的猫腻”。王小姐还提到，在香港看演唱会的成本比国内低得多，“便宜大发了”。一般香港本地歌手演唱会最高票价平均只要500港元左右，就算王菲这样的巨星，只要花980港元，就能坐到场内前排。而在北京，王小姐花了1000元人民币买到的还是看台票，而最高票价是2200元人民币。专家观点价格高不全因税负重中国人民大学财政金融学院教授岳树民：境内消费品价格普遍高于境外的现象，有媒体称最大的原因在于高税负，这种说法并不客观。定价策略、市场需求程度、产品运输成本、场地租金等都会影响产品定价，不同的商品价格影响因素不尽相同。虽然政府确实对影响价格的某些因素负有责任，但“板子”不能都打在政府身上，应该通过科学严谨地调查，分清政府和企业的责任。国税总局税收科学研究所副所长靳东升：知名品牌的定价不一定按价值规律办事。现在网友“晒”出的商品价格有些以偏概全，统计方法并不科学，不能以此断定中国的消费水平就一定比国外高。税收调节应保证公平国税总局税收科学研究所副所长靳东升：关税是一种特殊调节的工具，对于保护我国某些处于弱势的产业具有一定的保护作用。如果降低进口商品的关税，可能损害一些国内企业的利益，因此有关部门要慎重权衡。同时，如果要降低进口产品的消费税和附加税，也应该同时给国内的同类商品相应地“减负”，这样才不会有悖于公平原则，干预和影响市场的正常运作。中国社会科学院财贸所研究员杨志勇：价格的形成因素是多方面的，但税收肯定是一个很重要的方面。从理论上讲，我国的税收确实有下调的必要，但由于目前间接税已经成为我国财政收入的重要来源，税制结构调整并不是一件容易的事。采访后记国内并非都比国外贵在采访中，几位受访者普遍认为，中国内地的交通费用相对比较便宜，特别是在北京。王小姐表示，北京的出租车、地铁费用都比香港便宜，她每天从九龙的红?到港岛的中环上班，坐小巴和搭地铁单程花费就要12港元。Cathy则表示，尽管上万元的天价餐让她难以理解，但普遍饭馆还是很便宜的。她实习的医院食堂，通常午餐5-6元就可以吃得很丰盛，味道也比美国的中餐更正宗。一些小饭馆的套餐也只要10-20元，而在美国，同类中餐馆最便宜的也要6美元左右。网友“微”观“运费高过生产成本”@_浪潮之巅_：广东生产的东西运到北京，运费比运到洛杉矶还贵。汰渍的洗衣粉，广东生产，运到哈尔滨，运费比生产的成本还高。(后来宝洁不得不在北方再开工厂。)另外中国的零售税是17%，美国各州不超过10%，个别州是零。@余晓平：最近中国一直在热传美国的物价低于中国，特别是生活必需品方面，甚至换算成同一种货币都低于中国。从整体情况来看，美国人各项消费的支出所占收入的比例要远远低于中国人。如果考虑到支出占收入的比例，同时考虑到性价比，那么据我观察，美国只有两样东西要比中国贵，一个是知识产权，一个是人工。@Vincent_YFV：美国消费税6%，中国vat(附加税，记者注)17%但是可以抵扣，企业实际税负和美国差不多，但消费者的税负太高了，还有过路费等各种收费，以及土地财政推高的租赁及不动产价格，各代理环节的利润和打点行政部门的费用，这些才是物价高昂的原因。(记者：沈玮青),5,6,0.9911415576934814
英楼顶建人工湖 游客惬意划船俯瞰伦敦(组图)中新网7月22日电 综合媒体22日报道，为了替新产品造势，厂商在英国伦敦知名百货公司Selfridges屋顶上建造了一座小型人工湖，配备10多艘迷你小船，供人们划船游玩，享受闹中取静的乐趣。据报道，这是自第二次世界大战以来，伦敦知名百货公司Selfridges首次开放屋顶。食品业者为了替新产品造势，不惜花重金打造一个占地400平方米的屋顶人工岛和湖泊。除使用数英里长的钢铁加固屋顶，搬来数千植物、灌入大量染成明亮薄荷绿色的水外，厂商还放入12艘带有迷你桨的小船，一艘船最多承载2人。游客可以坐在船上，一边在碧绿的湖水中划船乘凉，一边俯瞰伦敦高低起伏的建筑景观，别有一番韵味。这个屋顶人工湖甚至专门设有一名救生员，有人不慎从船上跌下水也不用担心。人们在划船之余，还能在现场开设的一个鸡尾酒吧聊天喝酒、试吃新产品，这样的营销活动创意十足，工程难度也很高。尽管整个活动只有短短4天，但从现场民众的反应来看，这一营销创意应该已经给大家留下了深刻印象。,5,9,0.8777648210525513
新西兰出现“鱼坚强” 地震后无食活134天(图)今年2月22日在新西兰克莱斯特彻奇市发生的里氏6.3级地震又出现了两名幸存者，不过并不是人类，而是两条相濡以沫的小金鱼。这两条分别叫莎姬和黛芬妮的金鱼在没有食物、没有换水及过滤装置的情况下活了134天，直到这个月人们才发现了它们。这两条金鱼能活下来一方面是因为放金鱼的水箱体积较大，所以它们能从水箱壁和石头上长的野草获得足够的营养。另一方面自然生长的细菌也帮助净化了水源。,5,9,0.8406988978385925
小猫酷似希特勒被弃养 现苦寻新家(图)中新网7月30日电 英国剑桥郡有一只六周大的可爱小猫被人遗弃在路边，附近的动物收容所人员发现并且收留了它，但是令人意外的是，这只小猫看起来就像是二次世界大战纳粹德国元首希特勒，让工作人员啧啧称奇。据“今日新闻”报道，这只小猫被工作人员命名为琦特勒(Kitler)，它的嘴巴附近有着特殊的黑色胎记，看起来就像是“牙刷式胡子”，此外，小猫的头上也有黑色斑块，神似侧分边的头发，跟希特勒惯有的造型如出一辙。工作人员私下透露，琦特勒活泼爱动、非常的可爱。不过，由于它拥有和希特勒相似的特殊外型，以致于苦苦找不到饲主愿意收养它，“因为它是弃养猫，所以我们无法知道它的品种。虽然找过无数的饲主，但都没有一个人想要带它回家，我们想应该是因为它长得像希特勒让大家害怕。”琦特勒被动物收容所人员发现时，已经濒临死亡，所幸之后顺利的捡回一条小命，英国《每日邮报》报导时，更刊登出收养这只小猫的联络方式，希望替它找到一个新的家。,5,9,0.9489419460296631
美海豚断尾后接仿生尾鳍 将拍电影讲传奇(组图)中新网8月8日电 据外媒8日报道，美国佛罗里达州一只名叫“温特”的海豚的故事在当地早已家喻户晓。5年前，这条小海豚在仅2个月大时不小心掉进了捕蟹笼导致尾鳍断裂，人们为救活它不得已对它进行截肢。“温特”没有了尾鳍就没办法存活，所以后来人们为它装上了树脂和硅制成的仿生尾巴，在经过了长时间的适应后，温特活了下来。后来，温特甚至能做出后空翻、拍水等让人惊叹的动作。温特的故事体现出的温情与人和动物之间的关爱感动了不少人。不少残疾儿童都来看过温特，并从温特的身上获得了勇气。12岁的小女孩汉娜•杰金斯失去了左手和左前臂，她说温特给了她活下去的力量。今年，温特即将成为电影明星出演它自己的故事。著名演员摩根•弗里曼、以及哈利•小考尼克和阿西莉•贾德也将参演电影。整部电影主要讲述了温特的仿生尾在制造过程中遇到的种种艰难，以及温特如何适应这条仿生尾，过上正常生活的故事。此片的导演是查尔斯•马丁•史密斯，影片将在今年秋天以3D形式在英国首映。,5,9,0.9938259720802307
美攀岩爱好者飞檐走壁 徒手征服10座峭壁据外媒22日报道，要说世界上攀岩爱好者中的“牛人”，美国(微博)小伙亚历克斯·哈诺德可称得上是其中一个。今年26岁的哈诺德是攀岩老手，在没有绳索的帮助下，他攀爬了大半个地球的陡峭高峰。西起加州的约塞米蒂国家公园中著名的酋长岩，东至东南亚的最高峰神山，都留下了他的脚印。“攀登在世界各地是对当地文化的探索，这就是攀岩的真谛。”哈诺德说。哈诺德攀岩技巧相当高超，用飞檐走壁来形容一点儿也不过分。普通人攀爬酋长岩往往需要一两天，哈诺德不到3个小时就能到顶。作为一个专业攀岩家，哈诺德说当踏上峭壁的那一刻，所有恐惧就烟消云散。“当一切顺利时，你不会觉得害怕。这只是你正在做的事情。当然，攀爬的过程中有不少时候你都会怀疑自己，那个时候就要排除杂念，一心向前。”哈诺德说，“攀岩是一个过程，永不止步是最好的诠释。”尽管哈诺德已经征服了10座峭壁，勇夺“最无畏攀岩者”的称号，但他仍旧保持着低调谦虚的神态：“我从来没觉得自己是攀岩明星，或是认为我名气大。因为别人没有攀岩过也不会去，所以才觉得我不可思议。”,5,9,0.9214349389076233
英10岁男孩登顶苏格兰284座914米以上山峰(组图)据外媒1日报道，苏格兰(微博)高峰林立，光海拔在3000英尺(约914米)上的山峰就有284座。这些山峰统称为“蒙罗山”，登山爱好者以全部登顶为荣。最近，10岁小男孩本·弗雷特伍德也完成了这一壮举，成为世界上最小的登山勇士。本从6岁生日后就开始随父亲攀登“蒙罗山”，他个头小小，只有1.4米高，爬山时经常被雪埋到腰甚至被埋没，顶着时速112公里的狂风前进更是家常便饭。尽管如此，本和他的父亲并不放弃每一次历险，最后爬遍苏格兰的所有“蒙罗山”。本说：“这种感觉就像是‘哇！真棒！’我朋友们都不能理解我是怎么做到的，但是我知道——只要保持前进的状态就行了。”本的父亲约翰骄傲地说：“我们出去时他显得特别能走。我们爬山的这几年，他穿坏了好几双登山靴。这是我们父子俩一同完成的冒险，我们都会记着的。”据本的父亲称，他们的下个目标是向阿尔卑斯山脉进军。链接：何谓“蒙罗山”？1891年，休·蒙罗爵士列出了苏格兰境内所有海拔超过3000英尺(约914米)的山。当时他的名单上共有277座山，但今天的名单已经将这个数字修订为284座。其中最有名的是本尼维斯山。名单一出现，大家就以他的姓氏蒙罗来命名那些山。苏格兰的登山爱好者们最喜欢比试谁登顶的“蒙罗山”最多。1901年，牧师罗伯森首次声称自己登顶了所有的“蒙罗山”。,5,9,0.8394823670387268
猕猴摆“思想者”姿势令人忍俊不禁(图)中新网(微博)9月22日电 据外媒21日报道，在印尼苏拉威西岛上的通可可国家公园，一只黑色恒河猕猴在德国摄影师卡斯滕•罗贝尔的镜头前不停摆姿势，仿佛为了显示自己“博学多识”有人样。猕猴翘起一条后腿支着下巴，两爪环在前面，与罗丹著名雕塑“思想者”颇为神似。护林员告诉罗贝尔，这只猕猴大概在“思考”怎样成为猕猴群里的老大，“大部分猕猴都在水里嬉戏，就跟孩子一样，唯独这只坐在岸边静静思考，还观察着自己的同伴。”罗贝尔说，“这张照片让我觉得人类与猴子猩猩的联系有多么紧密。”,5,9,0.9894019961357117
比利时老汉酷爱穿企鹅装 愿葬身南极(组图)中新网(微博)9月30日电  据外媒29日报道，走在比利时首都布鲁塞尔的街道上，或许能碰见一个穿着“企鹅装”蹒跚而行的老头，仿佛要去参加一个化装舞会。然而，他并不是去参加舞会，他只是太热爱企鹅，希望自己能像企鹅那样生活。这位79岁的老人名为阿尔弗雷德•大卫，绰号又称“企鹅先生”。他40年间都对企鹅热爱得无以复加，甚至自己也想变成企鹅。大卫还宣称，他死后要穿着他的“企鹅装”安葬在南极洲——他说他“一辈子的梦想就是葬在企鹅生活的海洋中”。大卫是1968年爱上企鹅的。他说那年他被汽车撞到了臀部，导致走路摇摇摆摆，因此同事们戏称他为“企鹅先生”。没想到大卫竟真的爱上了企鹅，他收集所有与企鹅相关的物品，甚至开了一个“企鹅博物馆”，展出了他3500件企鹅藏品。大卫甚至也想把自己的名字正式改为“企鹅”，遭到了妻子的强烈反对后才作罢。,5,9,0.6243143677711487
中国客投资旅游热 美两党联手推议案拟放宽签证中新网(微博)10月25日电 据美国《侨报》报道，美国民主党参议员舒默和共和党参议员麦克·李上周刚提出跨党派议案，给予中国人来美5年多次往返签证，以便利中国商界人士和游客赴美访问。在美国给许多国家的公民10年多次往返签证的今天，目前中国大陆居民申请美国的商务和旅游探亲B1/B2签证只给一年的有效期。这给中国人来美探亲旅游和经商活动带来很大不便，超过一年再次来美大多需要重新预约面谈，而且等待期可能超过一个月。而事实上，中国游客来美出手大方，人均开销超过6千美元，在各国游客中名列前茅，已成为美国旅游业界看好的“摇钱树”。随着中国公司来美投资热和中国游客来美观光潮的兴起，签证问题愈益成为各方关注的“拦路虎”。美国旅游业界和中国商界纷纷抱怨，这制约了美中经贸关系和人员交往的扩大。美国驻华大使骆家辉在担任商务部长时，就多次表示会促进美国对中国人签证的便利化。美国国务院副助理国务卿金·莫亚日前在纽约表示，过去中国人要等60天到90天才能拿到签证，现在不到30天就能拿到签证了，美方正朝积极的方向努力，准备向中国加派50名能说中文的签证官，希望加快签证速度。莫亚表示，中国来美游客过去五年间以每年23%的速度猛增，2011财年美国给中国人100万个旅游签证，预计2012财年将达130万。根据最新的议案，中国人申请来美5年多次往返签证必须使用“旅行核准电子系统”(ESTA)，以确保反恐及防止造假。该议案还授权国务院开辟“非移民(微博)签证加急办理”通道，申请者只要缴纳加急费，便可获得非移民签证的加速审批。此外议案要求国务院设立“视频面谈”的试验项目，以节省开支，提高签证办理效率。(记者：余东晖),5,7,0.6993504762649536
艺术家用7.5万根火柴搭建迷你“泰姬陵”近日，印度艺术家谢赫·萨利姆巴伊花了1年19天的时间、用7.5万根火柴精心造出的小号“泰姬陵”亮相。图为谢赫·萨利姆巴伊正在清理“泰姬陵”上的灰尘。,5,9,0.7091699838638306
组图：罕见霓虹横跨伦敦上空 惊艳迷人中新网(微博) 10月26日，英国首都伦敦上空出现美丽的霓虹，横跨伦敦市中心，呈现出迷人的光影，蔚为壮观。据悉，“霓”是大气中有时和“虹”一起出现的一种光的现象，也叫“副虹”，形成与彩虹原理大致相同，只是光线在水珠中的反射多了一次，彩带排列的顺序和彩虹相反。,5,9,0.9684739708900452
澳“长征猫”独行3200公里 穿越沙漠返旧居中新网(微博)11月7日电  据外媒6日报道，澳大利亚一对夫妇舍瑞于去年3月搬家，但不久后，他们养的猫杰西就失踪了。没想到在一年多后，杰西出现在3200公里以外的旧居中。舍瑞说杰西不喜欢坐车，它很可能步行走回了旧居，期间还可能穿越了澳大利亚沙漠中心地带。杰西的主人说，猫是在搬家后不久失踪的。“它在新家只呆了几个星期。”舍瑞说。一年以后，舍瑞的老邻居发现了这只走过了漫漫“长征路”的猫咪。目前，杰西正在邻居的悉心照料中。据悉，杰西是从澳大利亚北部城市达尔文失踪，一年以后在澳大利亚南部艾尔半岛的旧居附近出现。这两处直线距离就有3200公里，中间还隔着一片沙漠。主人舍瑞对此迷惑不解：“我也不清楚它是怎么回去的。它不喜欢坐车，所以我想它可能是走回去的。”,5,9,0.8931750655174255
英9岁神童画作受追捧 卖画挣15万为家人买房中新网(微博)11月7日电 据外媒6日报道，英国9岁男孩基隆？威廉森被誉为“小莫奈”，去年7月，他的33幅画作在短短半小时内被抢购一空，最终卖出15万英镑(约152万人民币)的高价，他已用这笔钱给父母在家乡诺福克买了一套新房。威廉森今年还是个小学生，是从2008年开始作画的。后来，威廉森的画渐渐有了知名度，在去年7月，他的画作更是在短短半个小时卖光，挣得15万英镑。威廉森的父母已经用这笔钱在诺福克购置了新房。父亲基斯说：“如果他长大后还想做其他的事情，那时他至少不必考虑抵押贷款的问题。”威廉森的最新12幅作品将在下周五拍卖，每幅画的开价在1250英镑至15595英镑(约1.27万人民币至15.8万人民币)之间。考虑到此次展览可能会像上次一样被抢购一空，购买者们纷纷决定在画廊开门前一晚排队等候。画廊的老板亚德里安·希尔表示：“这孩子无可匹敌。没有一个孩子对水彩、油画及蜡笔画这三种画法都掌握的如此熟练。他对技巧的领悟非比寻常。”,5,1,0.512565553188324
印度艺术家创作出“愤怒的小鸟”现实版(组图)中新网(微博)11月11日电  据外媒报道，印度一名艺术家穆罕默德•拉奥夫近日为知名游戏“愤怒的小鸟”创作出小鸟们的现实版。拉奥夫是这款游戏的忠实粉丝，因此，他将自己想象中 “愤怒的小鸟”应有的现实版长相和色彩用数字技术创作出来。拉奥夫认为，他的作品很好地展现了这些鸟儿的特征。拉奥夫说：“在我浏览‘愤怒的小鸟’中鸟儿们时不禁联想，它们在现实中应该是什么样子。因此便先画出来了一只。没想到朋友们都觉得很形象，所以最后创作了全部鸟类。”拉奥夫表示在作画时，他会尝试着体现出这种小鸟应该有的特点，包括鸟的颜色、表情甚至眼神。,5,9,0.5804144144058228
教育部：2009年研究生考试涉嫌泄题报道失实中广网北京1月11日消息（记者刘玉蕾）针对有媒体所谓全国硕士研究生英语、政治考试题目疑似考前泄露的报道和推测，记者采访了教育部有关部门负责人。这位负责人介绍说，研究生入学考试全国统考试题是在全封闭入闱状态下，依托题库完成，试卷的印刷、运送和保管都严格按照国家保密规定执行。目前，没有发现异常情况，相关考试已平稳结束。 据了解，在国内一些重要考试期间，有人多次利用网站技术漏洞，发布所谓的“考前试题及答案”等虚假信息，造成试题考前泄密的假象，以达到某种目的。这种行为干扰了考试秩序，破坏了国家教育考试声誉，影响了社会稳定。对此，这位负责人表示，如果出现这样的情况，将配合有关部门，依法进行打击。这位负责人还提醒广大考生，谨防上当，诚信应考。,5,7,0.9852330088615417
骗子号称违造四六级成绩单考委会免费鉴真伪本报讯(记者 李德庆) 即将从长春某大学毕业的李同学，近一段时间都在为找工作忙碌着。近日，在他学校附近的小区里，一张办假大学英语四六级成绩单的广告吸引了他。广告中声称五百元就可以伪造一个大学英语四六级成绩单，而且这个成绩可以在国家正规网站上查询到，专门为学生就业服务。 专家认为，盗用准考证号作假漏洞百出，提醒用人单位一定要认真审核。500元能买个成绩单昨天记者佯装成一名自考生，为了找工作，准备伪造一个大学英语四级成绩单。“四六级准考证号或成绩单都能弄，价钱都是500元。”广告中的刘某如此介绍他的业务。“你放心，我们给你的准考证号都能在教育部指定99宿舍网上或者用手机短信查询，成绩都没有问题。”但他提醒记者，成绩单不是所有单位面试时都能用，“除了在教育口的用人单位不能用，其他单位都没有问题，我已经做好几年了，绝对没有问题，要办最好这两天就交钱。”“你有没有办过的号码？”面对记者的疑问，刘某为了证明自己提供的准考证号真实性，给记者提供了准考证号22033007210×××，随后记者登录99宿舍网大学英语成绩查询页面进行了查询。查询显示了一个2007年12月CET考试成绩信息：成绩总分457分；听力191分；阅读168分；综合32分；写作66分等四项得分的明细，却没有显示考生姓名、所在学校等具体信息。记者通过教育部公布的1066335577短信号码查询，结果显示2007年12月CET考试成绩总分也是457分。盗来准考证号移花接木“你是和教委办有联系，还是和教育部网站有联系？”在记者一再追问下，刘某解释了这个“屡试不爽”的方法。他介绍，办理2006年6月四六级考试改革后的四六级成绩单，需要提供一个成绩合格的他人准考证号和本人的姓名、院校等相关信息。他表示，四六级考试改革后，四六级考试中心的电话成了空号，不能再查验证书真伪，办假证者大可放心。如何找到这样的准考证号？刘某热情地支招：“问问以前同学的准考证号，然后拿来套用。有很多人都是这么做的。”实在找不到相关的准考证号，他表示也可以代为找号。四六级成绩单上的“成绩单编号”是检验证书真伪的依据之一，刘某表示“用你同学的，或者我们这里编也行。”当记者表示，按照这种方法自己也能做出假成绩单，刘某向记者保证自己做出来的假成绩单格式、色彩和红色印章都难辨真伪，与真实的成绩单相差无几。而且只需要先交200元定金，假成绩单做好后现场验货，再收余款。考试委员会免费鉴定真伪记者昨天电话联系了总部在上海的全国大学英语四六级考试委员会，相关工作人员告诉记者，99宿舍网只提供成绩信息，不提供考生信息，就是为避免一些非法网站“以假乱真”。用人单位可以将相关人员的成绩单复印件寄往全国大学英语四六级考试委员会，进行免费的真伪鉴定。     更多信息请访问：新浪四六级频道 四六级论坛 四六级博客圈特别说明：由于各方面情况的不断调整与变化，新浪网所提供的所有考试信息仅供参考，敬请考生以权威部门公布的正式信息为准。,5,7,0.4014478921890259
四六级收费是否过高 物价局：欢迎大学生核查重庆时报讯(实习记者 汪再兴 记者 张璐) 本报进行英语四、六级价格报道后，四、六级考试价格成为了这两天各大高校校园内热议的话题。到昨日为止，志愿者起诉报名人数已达20余人。诉讼发起人西政学生谢芸飞表示，希望先和有关部门座谈，如果座谈不成功，他个人将把这场官司打到底。20余名学生愿当志愿者重庆各大高校的学生看到西政学子的四、六级成本调查后，目前已有20余名学生表示愿意当诉讼的志愿者。针对价格问题，西南大学学生李国唯提出疑问：“四、六级的价格成本不过20元左右，那剩下的30元到哪里去了？1998年以前只收40元，为什么现在要收50元？”重庆大学研究生魏绮芳说：“很多学生四、六级考了多次，准考证和电子采集重复收费，是否有强制之嫌？”谢芸飞称，最近几天还将在各大高校完成四、六级成本调查。市物价局欢迎查具体价格昨日，谢芸飞对高招办“高科技手段增加10元成本”的回应表示质疑。他说：“重庆市物价局在关于高等教育大学英语教学水平考试PVC卡和电子采集上明文规定是考生自愿，但实际情况是不办理这两样，考生无法参加考试。”他表示将继续采集调查资料和志愿者一道与物价局进行座谈，如果不行再上诉。重庆市物价局副局长刘卫东欢迎大学生到物价局核实具体价格，他说：“同学们的调查结果和物价局核定价格之所以差异大，很可能是因为同学们不知道其具体的操作环节。”刘副局长表示。律师赞赏公益诉讼愿当顾问针对诉讼人到底应该是高等教育自考办公室还是物价局的问题，律师蒲万纯和谢芸飞看法不一。谢芸飞认为，高等教育办公室收取学生费用，如果要诉讼自然要找他们。蒲律师表示，愿意和谢芸飞共同研究这场公益诉讼，同时对大学生们这种公益诉讼的行为表示赞赏，并愿当谢芸飞的法律顾问。     更多信息请访问：新浪四六级频道 四六级论坛 四六级博客圈特别说明：由于各方面情况的不断调整与变化，新浪网所提供的所有考试信息仅供参考，敬请考生以权威部门公布的正式信息为准。,5,7,0.7476599812507629
教育部：四、六级口语考试25日起报名(记者 徐媛)昨日记者从教育部门获悉，2008年12月全国大学英语四、六级考试口语考试报名时间为10月25日9时至30日16时30分。考试日期为12月6日至7日(两天)。此次口语考试的报名资格为，参加2005年6月至2008年6月全国大学英语四、六级考试，且四级成绩为550分以上(含550分)或六级成绩为520分以上(含520分)；参加2005年1月(含)以前全国大学英语四、六级考试并已获得四、六级证书的在校学生，且四级成绩为80分以上(含80分)或六级成绩为75分以上(含75分)。口语考试采用网上报名方式。考生自主选择一个考点报名参加考试。湖南有湖南大学和湖南师范大学两所高校接受报名，因考点容量所限，报名额满为止。每名考生报名费为50元。考生必须首先登录网站www.cet.edu.cn网上报名。网上报名成功后，考生到所报考点进行现场缴费，领取准考证。考生只能选择一个考点报名。不得重复报名。    更多信息请访问：新浪四六级频道 四六级论坛 四六级博客圈特别说明：由于各方面情况的不断调整与变化，新浪网所提供的所有考试信息仅供参考，敬请考生以权威部门公布的正式信息为准。,5,7,0.9671816229820251
"《欲望都市2》剧中女主角们昂贵的装备Samantha 金色深V背 Naeem Khan礼服价值$6,930。Charlotte 手提Nancy Gonzalez 鳄鱼皮手袋($3,380)，身着Oscar de la Renta 丝绸荷叶边无袖连衣裙。即便是烤面包时，Charlotte也穿的是Valentino的高级衬衫，外罩的“Bakers Delight”围裙来自Anthropologie。我们同样不能相信Miranda在迪拜疯狂地花去5位数卖了手上这个24 K金的 Yossi Harari 手镯。",6,8,0.7508951425552368
范冰冰 在梦想的仙境一路漫游“演员梦”——范冰冰前传：妈，我要当演员！要了解一个人，就该了解她的成长背景。烟台是范冰冰15岁以前生长的城市。她父母都是有文艺追求的人，只是最后没有走上成名成家的道路，所以把希望都寄托在女儿身上了，家境不富裕的条件下，还花5000块钱买了架钢琴。小时候的她，除了音乐天赋还有些运动天赋，初二的时候能跑全程马拉松，但是她讨厌枯燥的训练，所以在音乐老师和体育老师选苗子的时候，她选择了音乐。但她又是那种喜欢尝试新事物的人，仗着小聪明，陶醉于什么东西一学就会的快感，再往下深究就没耐心了。父母曾经把她反锁在屋里练琴，她呢？哪里有压迫哪里就有反抗，踩着钢琴跳窗而出，投到同学们的怀抱中，她当时是那一片儿的孩子王。当时在学校里有不少追求者，他们的手段都很低端，就是把她自行车胎扎漏，然后在她推车回家时站出来帮忙。她爸想老这么修车也不是个事儿啊，万一遇见坏人呢，就每天开摩托接送她上下学。结果有一次他们俩被一个新手司机撞到，还在车下被拖行了18米，从地上拉起来时，已经是两个血人。幸亏都没受致命伤，她在医院里躺了3个月出院了。不过这3个月让她错过了升学考试，接下来要么是重读一年再考，要么是去谢晋在上海办的影视学校，她选择了后者。如果喜欢一个人，我有这个能力让他主动来追求我，而且不需要什么眼神、动作之类的暗示，我会让这个人觉得我很可爱，绝不扭捏。“爱情梦”——男人：白马王子其实不可靠，不给劲儿确实是，每个女孩在成长期里都会对男人有不同的期待，都会变。比如我小的时候就喜欢琼瑶式的哥哥，马景涛、刘德华那样的白马王子，长大后，觉得白马王子有时候不太顶事，不可靠，不给劲儿。然后就觉得，应该找对我的人生态度起一些引导作用的人，很踏实，或者就是他的人品要好。我喜欢话少但言之有物的人，而且很喜欢看一个男人认真工作的样子。“品牌梦”——工作室：范冰冰这个品牌，有很多切割面采访前一天，范冰冰刚从陈凯歌新片《赵氏孤儿》的开拍仪式上回来，据说由于明星扎堆，当地群众的反应过于热烈，搭起的媒体台都给踩塌了。于是疑问产生了，范冰冰为什么总能得到最好的机会？“不是我选这个戏，是这个戏选了我，我觉得自己很幸运，陈凯歌是我很尊敬的导演，因为我最喜欢的一部中国电影就是《霸王别姬》，我已经看了十几遍了，一直到去年我从国外回来的飞机上在放，我还是可以不睡觉再看一遍。我对他个人是有崇拜的，特别我现在自己在做工作室，这次合作也是很好的学习机会。”[后记]采访时，范冰冰就坐在我们对面的沙发上，双腿盘起，两手拨弄着脑后的马尾。绿色波鞋里冒出一小截咖啡色棉袜，袜筒处绣着一只大大的泰迪熊。她右手边，是戴着耳麦、身材健壮、宛若黑衣保镖的经纪人——这情景，好像她不是老板，而是被名利劫持的无辜少女。 说话间，她好看的浆果嘴唇慢条斯理地开了又合，一边施施然用手捏起一片湿纸巾，拼命揉搓起画了浓重眼影的眼周——于是我们立马就看见了两只千载难逢、正面全裸的熊猫眼圈。此时此地，是夜半零时，小汤山，五环外。影棚外荒村寂寂、黑影重重；影棚内，除了范老板还在侃侃而谈，助理人等早已东倒西歪——不享受阳光、不习惯闲适的她，仿佛就是为了这个时刻而生，且极适合在这个缺少光明的世界生存，小小梦游。,6,2,0.9528050422668457
抢购场面异常火爆因此普罗旺斯－阿尔卑斯－蓝色海岸地区的打折月将于7月7日开始，科西嘉岛则从7月14日开始。瓜特罗普岛将于9月25日开锣(不包括圣巴尔代莱弥和圣马丁，这两地将于10月9日开始 )，马提尼克和圭亚那将于10月7日开幕，圣皮埃尔和密克隆群岛在7月21日开始，留尼岛则是9月4日(当地为冬季打折月)。,6,5,0.9624850749969482
组图：百年泳装 长短变化折射观念更新据英国《每日邮报》7月31日报道，现年84岁的马威斯太太最大的爱好就是收集泳装，她从上世纪50年代开始，收集了全英国500多件制作精良、款式迥异的女士泳装，藏品的时间跨度达将近150年。马威斯太太年轻时经常身穿这些泳装，在丈夫的镜头前摆pose。近日，她将自己的珍贵收藏放在一座海滨博物馆公开展出，希望从一个侧面反映人类观念在这100多年中的变化。(张品秋)据英国《每日邮报》7月31日报道，现年84岁的马威斯太太最大的爱好就是收集泳装，她从上世纪50年代开始，收集了全英国500多件制作精良、款式迥异的女士泳装，藏品的时间跨度达将近150年。马威斯太太年轻时经常身穿这些泳装，在丈夫的镜头前摆pose。近日，她将自己的珍贵收藏放在一座海滨博物馆公开展出，希望从一个侧面反映人类观念在这100多年中的变化。(张品秋),6,5,0.6007014513015747
俄罗斯名媛钟爱乖张发饰优丽亚娜-瑟吉安科 (Uliana Sergienko) 身为俄罗斯名媛，英文资料并不多，本次海报网编编先送上她的部分造型，其他信息以后再补充奉上哦！,6,5,0.7722883224487305
组图：王妃斗艳风云再起 西班牙VS摩纳哥导语：威廉王子与Kate Middleton的订婚又一次将全世界的目光转移到王室身上，这一次，不妨关注下“王妃斗艳”的两位主力军：西班牙王储妃Letizia Ortiz和摩纳哥准王妃Charlene Lynette Wittstock。美女主播出身的西班牙王妃Letizia，不仅身材相貌俱佳，穿衣品味也颇有皇家水准。这身蕾丝镂空连衣裙和宝石项链的搭配，让她散发出难以抵挡的魅力；简洁设计的Roger Vivier手拿包，让整体造型大气而愈显端庄。这是她的首次作为皇家准王妃的官方露面造型，来自Armani Privé2010秋冬系列的套装展露了她非凡的时尚品味；这样的套装尤其适合这种极其正式的场合；而配件的组合也颇具心思：皮手套、棕色礼帽、盒子形状的手拿包，每一点都拿捏得恰到好处。相信Kate Middleton也会就这身造型做功课吧！Letizia Ortiz虽然已经是两个孩子的母亲，个人魅力却并未受到影响；她十分擅长将自己的长处发扬广大，比如她的面部轮廓已经相当精致，她还会格外注意用配饰进一步提升自己，比如这款Cartier Secrets De Boudoir 钻石耳环的出现，真的是恰到好处。Charlene Wittstock选择的是又一件来自Armani Privé2010秋冬系列的晚装裙，虽然游泳运动员出身的体格让这件礼服裙被“撑开”了许多，巧妙地用旧式好莱坞女星的发型转移了大家的注意力；精致的手拿包和华贵的礼服裙面料相映成趣。,6,5,0.5877355933189392
审计署：10省区市5837万支农款用于建房买车本报讯 （记者杨华云）审计署昨日发布的2009年第4号审计结果公告披露，河南、甘肃等10省区市财政和有关主管部门违规使用资金26.93亿元，其中，用于建房买车5837.4万元。审计署向社会公布了河南、甘肃、山西、黑龙江、江苏、湖南、福建、陕西、内蒙古和重庆10省区市财政支农资金管理使用情况审计调查结果。审计调查发现，财政支农资金分配、使用和管理不够规范的问题普遍存在，10省区市财政和有关主管部门违规使用资金26.93亿元，其中用于建房买车5837.4万元；不规范管理资金45.75亿元；配套资金不到位65.97亿元。审计调查还发现，部分项目资金使用效益较差。在应于2007年底完成的86个财政支农项目中，有32个未达到设计要求和预期目标，占抽查项目总数的37%，致使已到位的8.24亿元支农资金未能充分发挥效益。此外，年初华北大旱暴露出的抗旱基础设施不足的问题得到证实。审计发现农业基础设施投入仍然不足，其中防汛抗旱监测预警系统建设滞后，2003至2007年，陕西、重庆等8省市防汛抗旱监测预警系统建设投入1.31亿元，仅占其同期防汛抗旱经费投入的4％，截至2008年3月，8省市设立的水情监测站尚不足水利部要求的一半。相关阅读：审计署：10省区市违规使用支农资金26亿,7,4,0.7783739566802979
最高法出台物权法两部司法解释新华网北京5月24日电（记者 杨维汉）建筑物区分所有权和物业服务事关广大人民群众切身利益，也关系到物业服务企业正常经营和健康发展。最高人民法院24日公布了《关于审理建筑物区分所有权纠纷案件具体应用法律若干问题的解释》和《关于审理物业服务纠纷案件具体应用法律若干问题的解释》，并将于2009年10月1日起施行。“最高人民法院出台这两部司法解释，就是要通过司法解释的形式统一裁判尺度，维护法律的权威，切实做好建筑物区分所有权及物业服务纠纷案件民事审判工作。最高人民法院有关负责人说，这两部司法解释在物权法等法律规定框架内，立足审判实践需求，着力于增强法律规定的可操作性。《关于审理建筑物区分所有权纠纷案件具体应用法律若干问题的解释》共19条，《关于审理物业服务纠纷案件具体应用法律若干问题的解释》共13条。这两部司法解释涉及建筑物区分所有权及物业服务纠纷案件审判实践中的若干热点、难点问题，具体包括：业主身份的界定、专有部分和共有部分的划定、面积人数的计算方法、业主权利义务的范围、车位车库纠纷的处理、业主自治重大事项的范围、住改商纠纷的处理、利害关系业主的认定、业主撤销权的行使以及业主知情权的保护等；物业服务合同对业主的约束力及效力、物业服务企业的违约责任承担、业主妨害物业服务企业管理的责任承担、物业费纠纷处理、物业服务合同的解除及相应纠纷的处理、物业使用人的准用等。据了解，近年来，随着我国住房制度改革不断深入，涉及物业权益的纠纷案件数量不断增加，审判实践面临的压力与日俱增。由于物权法等法律的相关规定比较原则，各地的理解也有所不同，审判实践中对如何正确理解和适用物权法等法律规定提出了许多亟待解决的问题。同时，许多全国人大代表、全国政协委员也以建议、提案的形式希望最高人民法院及时出台相关司法解释。最高人民法院自2003年初起，即着手展开制定涉及物业权益纠纷案件处理司法解释的相关准备和调研工作。2007年初，《关于审理建筑物区分所有权纠纷案件具体应用法律若干问题的解释》和《关于审理物业服务纠纷案件具体应用法律若干问题的解释》正式立项。此间，最高人民法院进行了广泛的调研、分析与论证，多次征求了有关部门和社会各界的意见。经过数年的起草制定工作，两部司法解释最终出台。最高人民法院有关负责人表示，两部司法解释的起草制定工作立足于司法解释功能定位，严格按照物权法等法律规定精神，确保解释内容符合立法宗旨和目的；注意建筑物区分所有权和物业服务法律关系各方当事人利益的平等保护，力求实现当事人间权利义务的平衡；紧贴审判工作实践中的热点、难点问题，不贪大求全，切实为审判实践提供统一的裁判依据；在满足审判实践需要的基础上，合理借鉴法学理论，确保学理上的妥当性。相关阅读：物权法司法解释明确业主身份界定标准物权法司法解释破解物业服务欠费纠纷难题,7,4,0.9482710957527161
我国今年将研究开征物业税本报讯 (记者杨华云) 昨日，中国政府网公布了《国务院批转发展改革委关于2009年深化经济体制改革工作意见的通知》，同时公布了发改委《关于2009年深化经济体制改革工作的意见》，其中，“开征物业税”再次纳入。近年来，国务院每年转发的该文件均提到物业税。《意见》明确提出，今年研究开征物业税，该项工作将由财政部、国税总局、发改委、住房和城乡建设部共同负责。面对国际金融危机这一不同于往年的新情况，《意见》将体制改革和产业结构调整放到了更加重要的位置。此次改革将致力于政府要为市场主体提供服务的目标，监察部将牵头落实削减和调整行政审批事项，切实把政府职能转到主要为市场主体服务和创造良好发展环境上。垄断行业改革也提到了比以往重要的位置，《意见》要求，加快研究鼓励民间资本进入石油、铁路、电力、电信、市政公用设施等重要领域的相关政策，以带动社会投资。而在市政公用事业改革方面，《意见》明确提出，要扩大城市供水供热供气、污水处理、垃圾处理等特许经营范围。为应对国际金融危机，中央政府去年出台一揽子计划后，有观点认为中国社会保障制度的不完善影响了内需的发展。《意见》单列一条提出民生领域改革以提高居民消费能力，包括控制收入分配差距，基本养老保险继续开展做实个人账户试点，出台养老保险关系转移接续办法，推进事业单位养老保险改革试点，制订实施农民工养老保险办法，出台新型农村社会养老保险指导意见等。住房和城乡建设部：拟用物业税限制大户型住宅物业税将首先向经营性房地产征收业内人士称我国征收物业税将面临三大难题,7,4,0.8401426076889038
我国科学家培育出世界首个猪干细胞人民网科技北京6月3日电 (记者赵永新) 我国科学家在世界上首次把来自猪的体细胞(不是精细胞或卵细胞的细胞)诱导转变成多能干细胞——这种细胞就像胚胎干细胞一样，有能力发育成身体中的任何类型的细胞。这也是全世界首次使用有蹄类动物的体细胞培育出多能干细胞，可能为建立人类遗传病模型、培育供人类器官移植的转基因动物以及开发耐受猪流感等疾病的猪开创一条道路。这项研究是中科院新创刊的《分子细胞生物学报》今天在网上发表的第一篇研究论文。该杂志主编李党生教授评论该研究时说：“这项研究非常令人激动，因为它代表了培育有蹄类物种的多能干细胞的首次严格证明，这将为培育出精确的转基因动物用于研究、治疗和农业用途提供的机会。”该成果是中科院上海生物化学与细胞生物学研究所的肖磊博士带领干细胞研究组完成的。他说：“迄今为止，科学家在利用早期胚胎培育有蹄类动物的多能胚胎干细胞方面做了很多努力，但是没有成功。这是世界首次培育出有蹄类动物的多能干细胞。因此，这项研究是全新的、非常重要，而且对于人类和动物健康有许多应用。”肖磊及其同事通过使用转录因子重编程了来自一头猪的耳朵和骨髓的细胞，从而成功培育出诱导多能干细胞。通过一种病毒把这些重编程因子的混合物引入细胞中，这些细胞发生了变化并在实验室中发育成了胚胎样干细胞。进一步的测试证明了它们确实有能力分化成胚胎的三层(内胚层、中胚层和外胚层)的细胞类型——这是所有胚胎干细胞都具有的能力。从成功培育出诱导多能干细胞(iPS细胞)获得的信息意味着科学家继续培育来自猪或其他有蹄类动物胚胎的胚胎干细胞(ES细胞)将变得更加容易。肖磊说：“猪的多能干细胞有许多用途，诸如准确改造用于器官移植治疗的转基因动物。猪在形态和功能方面与人类相当类似，而且器官尺寸与人类器官在很大程度上类似。我们可以使用胚胎干细胞或诱导干细胞修改猪的与免疫有关的基因，从而让猪的器官与人类免疫系统兼容。然后我们可以使用这些猪作为器官供体为患者提供器官，而不会引发来自患者自身免疫系统的有害反应。”“猪多能干细胞系还可以用于建立人类遗传病的模型。许多人类疾病，诸如糖尿病，是由基因表达障碍造成的。我们可以修改干细胞中的猪的基因，并培育出携带同样基因障碍的猪，从而让它们具有和人类患者类似的症状。然后就有可能使用这种猪模型开发治疗这种疾病的疗法。他举例说，为了应对猪流感，可以培育出一种准确的转基因猪，从而改善它对这种疾病的耐性。我们首先可以找到一种具有抗猪流感活动或者抑制猪流感病毒增殖的基因；然后，可以把这种基因通过多能干细胞引入到猪的体内——这个过程被称为基因”敲入“，从而实现这一目标。另外，由于猪流感病毒需要与猪细胞膜上的一个受体结合才能进入细胞并进行增殖，我们可以通过对猪诱导多能干细胞进行基因打靶从而敲出这一受体。如果这个受体消失了，这种病毒也就不会感染猪了。此外，肖磊说他的发现可以用于改善畜牧业，不仅可以让猪更健康，而且还通过修改与生长有关的基因以改变和改善猪生长的方式，从而改善畜牧业。他的研究的下一阶段是使用猪iPS细胞产生转基因猪，从而为患者提供器官，改善猪的品种或用于疾病耐受能力。这些经过修改的动物可以是”敲入“的猪，即使用iPS细胞或ES细胞把一段额外的遗传物质(诸如一段人类DNA)转移给猪的基因组，或者是”敲除“的猪，即用这种技术阻止一个特定基因发挥作用。不过，肖磊强调说，潜在的医学应用可能还需要数年时间才能投入临床使用。,7,9,0.9942183494567871
陈竺：围堵甲型H1N1不存在反应过度甲型H1N1病毒变异性暂时不会很大，中国正在组织加紧生产达菲马晓华针对甲型H1N1的输入，中国政府对患者采取了一系列的隔离治疗，以及对其密切接触者进行为期7天的医学观察，曾有一种说法认为中国政府在应对甲型H1N1流感方面，采取的措施有点反应过度。昨日，在中国基因科学暨产业发展高峰论坛上，卫生部部长陈竺首次作出回应：“我们国家现在之所以采取了重要的围堵战略，就是为了我们的技术储备、物质储备，包括疫苗生产，来赢得时间和空间，同时也是为了体现我们对全球防疫的贡献，这里面并不存在反应过度的问题。”此前世界上出现了3次流感大流行，只有1918年的西班牙流感出现了三个波峰。其中，第二个波峰的病毒杀伤力和致死率严重高于第一波，第三波也呈现了较为严重的杀伤力，其他两次流感仅出现了两个波峰，且第二个波峰的杀伤力似乎不是很强。但是，对于甲型H1N1流感病毒的未来表现，依靠现有的科技似乎还不能预测它的未来，仅能靠时间来验证。为了防患于未然，世卫组织一直在强调预防的重要性。“我们之所以如此重视第一波的防范，是因为如果一个病毒在人群扎根的话，它的变异将会更加容易。”陈竺表示，“同时，我们现在高度警惕这个病毒会不会跑到南半球去，因为南半球现在已经入冬了，季节性流感已经开始，如果甲型H1N1与季节性流感重配，第二波可能会提早到来。”世卫组织此前也提醒中国，中国不仅有季节性流感，而且由于中国所处的地理生物环境，成为野生鸟类重要的迁徙路线之一。高致病性禽流感H5N1病毒还隐藏在中国土地上之时，“如果这两个病毒发生重配的话，可能会带来严重的后果。”陈竺担忧地说。虽然高致病性禽流感H5N1的传染性并不强，但是病死率却在60%以上，甲型H1N1虽然目前表现得比较温和，无论是致病力还是传染力，表现得还不是那样强。但是随着南半球进入冬季，季节性流感开始流行之后，甲型H1N1流感病毒的变异几率也开始增大。陈竺表示，虽然在我们国家还没有发生大规模暴发的状况，但是我们仍然采取围堵战略，包括对输入性病例、社区病例的强有力的检测，目的就是为了减轻第一波的冲击。“目前中国对分离的四种病毒进行了全序列的测定，结果显示甲型H1N1病毒变异性不会很大，暂时还不会变成一个杀伤力很大的病毒。这对于疫苗生产是一个好事，不会说疫苗生产出来之后，病毒就变异了。”陈竺表示。据了解，最近国际组织企业在世卫组织的协调下，已经确定了可以用作疫苗的种子病毒株。陈竺说：“我们国家的相关企业将会立即收到这个种子，争取在国庆60周年之前给我们国家的重点人群和高危人群有可以用的疫苗。”“另外，我国正在组织加紧生产达菲，一定要赶在大流感发生之前。我们的工作要做在前面，把疫苗准备好，一方面我们执行行之有效的围堵战略，切断传染源，保护传染源，同时我们又通过疫苗和药物，来保护易感人群，这样就使我们国家比较从容地应对第二波。”据有关人士透露，达菲的生产已经进行了技术性储备，一旦甲型H1N1流感大暴发的话，我国政府将依法审批有关的专利实施的法制许可，为我国大量生产达菲等关键性药物放行。,7,9,0.8994607329368591
手机实名制法律规范正待国务院审批“我经常会接到一些莫名其妙的短信，有的是骚扰的，有的是诈骗的，很烦。虽然我没有受骗，但我周围有不少朋友受骗。”——广东省政协委员汤镇业“鉴于实施移动电话用户实名登记制度涉及到整个移动网上的所有用户，在某一省区市实施管制政策难以奏效，一旦国家颁布实施后我局将联合有关部门积极推进该项工作。”     ——广东省通讯管理局信息时报讯 (记者 夏令 通讯员 张其明) 今年省两会期间，来自香港的广东省政协委员汤镇业提交提案，建议对手机卡销售采取实名登记制度，以遏制“信骚扰”、“信诈骗”。近日，广东省通信管理局等答复表示，工业和信息化部已会同公安部、国务院新闻办等有关部门联合制定手机实名登记制度的法律规范，正在等待国务院审批。汤镇业：朋友被短信骗到今年省两会期间，汤镇业向省政协提交了《手机实名制可治“信骚扰”》提案。提案指出，一些不法分子经常假冒银行或银联、甚至公安部门特服电话发送违法短信进行诈骗或敲诈勒索公私财物，或者散布淫秽、色情、赌博、暴力、凶杀、恐怖内容，还有的不法分子发布假中奖、假婚介、假招聘，或者引诱、介绍他人卖淫嫖娼的信息。“我经常会接到一些莫名其妙的短信，有的是骚扰的，有的是诈骗的，很烦。虽然我没有受骗，但我周围有不少朋友受骗。”两会期间，他接受记者采访时说。通管局：正制定相关法律广东省公安厅在会办意见中表示，近年来，不法分子利用手机群发短信、打电话等方式实施的违法犯罪活动逐渐增多。截至4月底，全省共破获电话诈骗案件468起，打掉电话诈骗犯罪团伙46个，抓获电话诈骗犯罪嫌疑人323名，缴获赃款245万元、冻结涉案资金940万元等。公安厅建议通信管理部门实行手机卡销售实名制。对此，广东省通讯管理局已向上级主管部门提出相关建议并得到认同。“鉴于实施移动电话用户实名登记制度涉及到整个移动网上的所有用户，在某一省区市实施管制政策难以奏效。”该局透露，工业和信息化部已会同公安部、国务院新闻办等有关部门联合制定了法律规范，正在等待国务院审批。“一旦国家颁布实施后我局将联合有关部门积极推进该项工作。”,7,9,0.469465047121048
中科院发布科技发展路线图2050年中国经济居首中国科学院10日在京发布《创新2050：科技革命与中国的未来》系列报告，为我国描绘了面向2050年科技发展路线图。路线图认为，在今后的10年至20年，很有可能发生一场以绿色、智能和可持续为特征的新的科技革命和产业革命。航天技术：2030年载人登月公布的中国科技发展路线图，其中2050年空间科技发展路线图明确提出，2030年前后，中国实现载人登月，建立月球基地，2050年前后，载人飞行从月球基地飞向更远的行星，具备载人登火星能力。这份最新出炉的中国2050年空间科技发展路线图称，空天科学与深空探测能力方面，2020年前后，探测器可达火星，2030年前后，深空探测器实现高效星际航行和高精度自主导航，可探测木星等火星以外的行星，2050年前后，深空探测器飞出太阳系进入宇宙空间。空天技术能力在载人航天方面，载人登月前，在2020年前后，突破人在近地轨道空间站长期生存保障技术，建立长期有人逗留的空间站。到2050年前后，中国还将突破激光超高速通信技术，建立以大型超压式高空气球为基础的平流层高空站，发展新一代平流层飞艇，并开展组网应用，使人们进入空间的方式更加廉价和高效。经济总量：2050年居世界首位发展路线图预测，2050年，中国经济总量将达到世界首位。中国目前的经济总量排在美国和日本之后，位居世界第三。中科院的路线图描绘了这样一幅愿景：2050年中国将进入世界中等发达国家行列，成为政治、物质、社会、精神、生态五大文明高度发达且高度开放的国家。2050年的中国，将是一个政治文明高度发达的国家，社会主义民主和法制高度完善，国家统一，民族团结，社会稳定，人民的政治权利和发展权得到充分保证，国家安全得到可靠保障。2050的中国，将是一个物质文明高度发达的国家，经济总量达到世界首位，人均GDP达到中等发达国家水平，经济保持持续、稳定、协调发展，科技创新能力居于世界前列，全体人民过上富足安康的生活。2050年的中国，将是一个生态文明高度发达的国家，人与自然和谐相处，生态环境退化得到有效遏制。据中新社,7,9,0.6302490830421448
三部委启动冻猪肉收储防肉价过度下跌6月13日，根据《防止生猪价格过度下跌调控预案(暂行)》三级响应机制有关规定，并经国务院批准，商务部会同财政部、发展改革委启动了国产冻猪肉的收储工作，具体收储采用电子竞价方式，确定了加工企业和入储价格。通过收储，发挥了储备的“蓄水池”作用，有利于防止生猪价格过度下跌，稳定生猪生产，保护养殖户利益，促进生猪及猪肉市场稳定发展。,7,1,0.8122766613960266
国土部调查地方商品房地价求证“推高房价说”_国土部调查商品房地价国家统计局对40个重点城市商品住宅开发费用构成的调查，预计于本月中旬结束土地成本在房价中到底占多高比例，国土资源部正在进行的一项商品房项目用地地价调查，或许能够为外界揭开真相。CBN记者获悉，国土部近期已经向地方下发“国土资电发(2009)34号地价调查表”，要求地方填报具体的房地产项目土地出让价款，以及房屋售价等。这也是继国家统计局摸底房地产开发费用，和北京调研3000家房地产开发企业土地开发详情之后，又一部委对房地产项目用地情况展开调查研究。这也显示，在今年全国“两会”后，中央部委和地方对房地产开发成本问题开始加大关注力度。调查尚未结束根据这份调查表，各省市需要详尽填写房地产项目的名称、开发企业、开发类型(普通商品住房、高档公寓、别墅等)，土地面积、土地取得方式(协议或者招拍挂)以及容积率等指标数据。在土地出让价款一项，需要填报的是项目用地出让时，以建筑面积核算的土地成交单价，即楼面地价；而房屋售价则统一以开盘时的价格为准，取其楼盘均价。此次调查的对象为各地2006年以来取得土地且已进入销售阶段(包括已售完)的商品房开发项目。不过，此项调查并非针对全部房地产开发项目，而是为抽样调查，即按照各项目区位(城市中心区、边缘区、过渡区)选取若干项目进行调查，每区位样点数不得少于2个。对于上述地价调查，一位权威人士对CBN记者透露，这项工作早晚得做，现在也需要做。但他并未透露开展此调查的目的，并表示因调查工作还没有结束，目前尚无法得出某种结论。来自中国土地勘测规划院地价所的田彦军一直关注地价和房价的关系，并且始终不认同“招拍挂抬高地价，进而导致房价攀升”的论调。他以2002年至2006年为例，指出这五年中新建商品住宅价格增幅多年保持较高水平，全国商品房价格同比增幅分别为3.69%、4.84%、17.76%、14.04%和6.79%，2006年商品房均价达到3383元/平方米；而同期地价水平(楼面地价)增幅为4.39%、4.68%、6.08%、4.20%和5.19%，2006年平均楼面地价水平仅为934元/平方米。“自2001年经营性用地出让实施招拍挂制度以来，土地交易价格同步提升的事实客观存在，但地价同比增幅相对稳定且均低于同期商品房价格增幅，商品房价格偏离地价水平越来越远。”田彦军表示。中央地方共查房地产成本房价偏高的现实和开发商暴利的可能，导致了社会对房地产行业成本的高度关注，但就像素有业界“大炮”之称的任志强所言，开发商的成本怎肯轻易对外界公开。今年全国两会期间，全国工商联曾递交了一份名为《我国房价为何居高不下》的大会发言，称一项调查显示房地产项目开发中，土地成本占直接成本比例最高，达到58.2%。此报告直指地方政府为房地产业十年高速发展最大的受益方。这一被外界看来具有明显倾向色彩的报告引来众多争论，甚至有地方政府表态，将公布相关数据予以反驳，但截至目前尚无下文。不过，中央层面对房价成本问题的关注却在加大。除国土部的地价调查外，近期国家统计局也已下发通知，将对40个重点城市范围内的商品住宅开发费用构成进行专项调查，以弄清房地产开发项目费用的支出结构。根据该通知，此项调查应该于本月中旬结束。田彦军认为，为了破除地价推高房价的“误解”，应该及时向公众公布每一个在售商品楼盘的土地价格及该宗地价占房价的比例，赋予消费者应有的知情权，保障社会各方了解并参与房地产市场调控。“房价、地价对照公示，可以凸显开发商行业的暴利。公众可以据此直接了解房价、地价水平，进而根据社会平均建安成本测算开发商利润。”田彦军称，此举也可以进一步挤压房地产开发利润，使其向社会平均利润靠拢。据悉，在2005年，建设部门曾下发《房地产市场信息系统建设工作纲要》，要求各地房地产主管部门逐步建立完整的房地产信息采集、分类、统计和分析系统，将一些基本的市场信息向社会发布，并提供公开查询功能，但此后进展并不顺利，未能达到政策预期。田彦军认为，房地产开发商为维护其开发暴利，将成本视为商业机密，掩盖了其高利润的真相。而社会公众往往仅能依据一些立场性较强的行业机构发布的信息做出误判，很难做到明白消费。此外，个别专业机构的不实宣传，客观上误导了购房者非理性购房，也对房价快速上涨起到了推波助澜的作用。刘展超,7,4,0.9914637207984924
金庸将于月底正式加入中国作协本报讯 (记者吴波) 记者昨日从中国作协获悉，金庸或将在月底正式加入中国作协。据介绍，中国作家协会2009年度会员发展工作从2月份启动，经各文学门类专家咨询及征求团体会员推荐意见，中国作协书记处于6月17日进行审议，拟发展新会员409名，著名香港作家金庸也名列其中，本次进入公示名单的女性作家比例比往年有提高。记者了解到，审议完成后，409名有资格加入中作协的作家名单还将公示一个星期，时间为：2009年6月18日至2009年6月24日。中作协表示，如果公示名单中有涉嫌抄袭他人作品者，可公示期间举报。举报时需提供：侵权者姓名、侵权作品名称、侵权作品首次发表的报刊或出版社名称、被侵权者姓名、被侵权作品名称、被侵权作品首次发表报刊或出版社名称，以及侵权作品与被侵权作品的雷同内容等。记者了解到，本次进入公示名单的香港、澳门作家共7人，香港：张思鉴(张诗剑)、周密密(周蜜蜜，女)、查良镛(金庸)、蔡益怀。澳门：吴志良、李观鼎、廖子馨(女)。而广东作家列入发展公示名单的共17人，分别是：卢锡铭、刘美松、孙丽生、何霖(布依族)、吴淑平、张吉刚、张煌新、李容焕、陈玉春(女)、陈雪、周铁株、於文喜、林渊液(小隐娘，女)、郑集思、赵小敏(女)、黄萍(女)、滕叙兖(老藤)。,7,2,0.4552341103553772
商务部建议国务院放宽外商房地产投资外商直接投资(FDI)已经连续7个月负增长了。《华夏时报》记者从商务部独家获悉，一份关于稳定外商投资的包含42条具体建议的建议书已经由商务部提交至国务院。其中较大的调整政策包括将对外商投资中国房地产业松绑：商务部建议联合外管局，对外商投资房地产企业外汇登记手续进行简化和适当放宽。如果这项意见得以实施，外商投资房地产将获更多便利。 据华夏时报,7,4,0.8908069729804993
国土部：18亿亩耕地红线推涨房价说法无根据本报讯 (记者柳志卿) 对于近来有专家称保护耕地红线的政策推涨了房价，国土资源部在昨天的发布会上对此作出回应说，此说法毫无根据。鹿心社说，地价是影响房价的重要因素之一，但不是决定因素。决定房价的关键因素或者根本因素是供求关系。针对前一时期有的专家认为由于“守红线”，土地偏紧、地价偏高，影响房价，国土资源部做了系统调查。调查东部、中部、西部不同类型620个房地产开发项目的结果表明，目前在我国，地价占房价的15%至30%，平均是23.2%。与国际水平做了大致的比较，美国是28%，加拿大是24%，英国是25%至38%，韩国是50%至65%，日本是60%至75%，新加坡是55%至60%，我国的这个比例远低于邻国。一般说来，一个国家或者一个地区的土地资源越紧缺，地价占房价的比例就越高。从我国的地价水平看，说保18亿亩耕地红线推涨了房价，没有根据，也没有道理。,7,4,0.9332947134971619
商务部否认柬埔寨对我国援建办公楼不满意据新华社电 近期有媒体报道称柬埔寨首相洪森对我国政府援建的政府办公楼不满意，已下令另建一座新首相府。商务部有关负责人24日表示，该报道与实际情况严重不符，柬政府从未对我援建大楼表示任何不满。这位负责人表示，柬政府正在建设的是一座国际会议中心，而非新首相府，目的是为满足其国内召开国际会议的需要。中国援建柬埔寨的政府办公大楼自今年3月6日投入使用以来，运转良好，得到柬方高度评价。据悉，柬埔寨政府办公大楼是中、柬两国商定的重大合作项目之一。该项目全部建筑方案和装修等设计内容经中方设计人员与柬方反复沟通，并经柬政府签字认可。整个大楼融合了柬埔寨高棉传统文化艺术，体现吴哥式的建筑风格。目前，柬政府1000余名官员在内办公。,7,4,0.8523830771446228
住建部调研市政公用行业吸引民间资本进入如何调动民间资金投资积极性，已经成为当前扩大内需的关键议题。6月24日，中国城市燃气协会秘书长迟国敬在“公共服务与公权市场座谈会暨《公权市场》新书发布会”上向本报记者透露，国家发改委体改司等部门向该协会调研民间资金投资城市燃气行业的情况，并请他们提出行业进一步开放改革的意见。住房和城乡建设部城建司副司长刘贺明在上述场合对本报记者证实，住建部接到了国务院关于推进公用事业改革问题的通知。目前，住建部已经按照分工安排，成立了专门的小组，准备对市政公用行业如何吸引民间资本进入进行调研，起草政策。发改委、住建部展开调研本报记者了解到，国家发改委、住房和城乡建设部等多个部门都接到了国务院关于落实吸引民间资金进入公用事业和垄断行业投资的通知。目前，有关部门正在密集调研，酝酿出台相关行业吸引民间投资的政策。“这项工作刚刚开始。”一位接近住建部的人士透露，城市公共交通、燃气、供水等公用事业投资是这轮吸引民间资金投资的重点领域。住建部政策法规司副司长徐宗威对本报记者表示，当前扩大内需的新着力点应该放在鼓励民间投资积极性，进一步改革垄断领域和市政公用行业体制，尤其从立法上进一步为民间投资提供保障。但是，目前公用事业投资领域还存在法律法规不健全、财政投资迅速萎缩等问题，应该借扩大内需投资的机会，规范公用事业投资，建立“公权市场”。所谓公权市场，徐宗威介绍，就是以特许经营制度为规范的公共品委托生产机制；开放公用事业领域，不仅仅是将公用事业一卖了之，而是要规范公用事业投资，建立规范的特许经营制度。“对于民间资金来说，当前进入公用事业领域投资正是机会。”徐宗威分析，未来15年内，我国城市化进程还将促使3亿-4亿农民进入城市，人口增加导致城市公共服务产品需求增加。另外，公用事业投资的典型特点是回报稳定，长期而稳定的回报对资本投入非常有吸引力。迟国敬介绍说，国家发改委体改司的有关人士已经在城市燃气协会进行过相关调研，请燃气协会提出下一步城市燃气行业改革的意见和建议。“目前公用事业投资缺乏配套法律支持。”上述接近住建部的人士表示，多个行业协会都向调研人员反映当前行业缺乏法律保障的问题，预计最后形成的政策中，会提出清理一部分现行的、不符合实际的法律，同时加快公用事业投资领域的立法工作。建立“公权市场”既然要吸引民间资本进入公用事业领域，现有公用事业中民间资本投资生存情况，就成为相关主管部门最为关注的情况。作为一直参与城市公用事业经营的企业，首创股份副总经理郭鹏对公用事业行业改革感触颇深。“一是地方政府依靠行政命令把不属于企业负担的社会成本转嫁于企业头上；二是游戏规则制定后，遵守情况不好，往往是遵纪守法的企业吃亏，依靠钻法律空子和走后门的企业获得暴利。”郭鹏说。“如果城镇公用事业形不成产业，就不会对民间资金带来吸引力。”深圳金达莱企业负责人对记者说，多数公用事业还存在缺乏税费政策激励的问题。徐宗威向本报记者表示，刺激民间资金投资，应该注重市场机制建设，将公共服务产品以市场形式提供，理顺机制，这样才能达到比较好的刺激效果。关于法律保障，徐宗威认为，目前应该对特许经营立法，将特许经营作为公用事业市场开放的基本制度，建立“公权市场”。当前之所以出现公用事业“不改就死、一改就乱”的问题，在于特许经营制度没有规范下来。徐宗威认为，公共事业改革应该坚持国有经济在公用事业投资中占主体地位，不应该简单地“一卖了之”，坚持渐进性改革。同时，坚持国有经济为主体，并不等于排斥民间投资。徐宗威在《公权市场》一书中指出，市政公用事业投资选择的民间资金或外资投资者，一定要是战略投资者，而非短期的财务投资者。不能将公共服务产品作为资本市场的杠杆，投资方不稳定，也会带来公共服务不稳定。前述接近住建部的人士对记者表示，本次促进民间资金投资公用事业的主要指导思想是如何进一步开放公用事业投资市场。而在调研人员看来，目前启动的公用事业投资领域不到50%，仍需进一步加大开放力度，吸引民间资金进入，使其成为保增长的重要着力点。记者 贾海峰,7,4,0.942737877368927
商务部称建议松绑外商投资房产报道失实中新网6月26日电 据中国商务部网站消息称，日前，《华夏时报》发表了有关“商务部上书国务院建议松绑外商投资房地产”的报道，该报道的内容与事实严重不符，造成了不应有的负面影响。消息指出，为积极应对国际金融危机，促进国民经济稳定健康发展，商务部将继续采取措施，鼓励外商投资产业结构优化升级，促进区域协调发展，完善优化投资环境，稳定和扩大吸收外资规模，提高吸收外资质量和水平。但商务部未针对外商投资房地产企业提出简化和放宽外汇登记手续的建议。,7,4,0.5672876238822937
"住建部要求开展在建住宅工程质量检查中广网北京7月3日消息 据中国之声《新闻和报纸摘要》9时21分报道，上海市闵行区""莲花河畔景苑""在建的13层住宅楼房楼体倒塌事故引发各界对住宅质量安全的高度关注。为确保在建住宅工程质量，住房和城乡建设部2号发出紧急通知，要求全国各地区立即开展在建住宅工程质量检查。详细情况中国之声连线记者刘玉蕾进行报道——中国之声：这次的质量检查从什么时候开始？检查范围主要有哪些？记者：住房和城乡建设部的领导介绍说，此次检查范围包括保障性住房和商品住房等各类在建住宅工程。主要是检查工程实体质量情况，特别是工程地基基础和主体结构的勘察、设计及施工质量。对建设、勘察、设计、施工、监理等责任主体和施工图审查、质量检测等有关单位及项目经理、总监理工程师等执业人员执行国家法律、法规和工程建设强制性标准的情况都要进行检查。住房城乡建设部要求各地要在7月30号前将检查情况通报上来，同时建设部也将在7月到9月到各地组织督查。中国之声：看来这将是一次全面的检查，从规划、施工许可、招投标到资质管理、工程监理的各个环节都要逐一检查，检查的目的就是要防患于未然？记者：是的。实际上，这次上海闵行区莲花河畔景苑在建楼房整体倒塌前一天，工地旁边的防汛墙出现了一个70多米的塌方险情，即使两起事件没有关联，但都说明建筑过程中一定存在了很大的问题。因此建设部指导：各地在检查工作中，要认真记录、如实填写检查记录和受检工程相关质量的信息数据。发现质量隐患，及时采取整改措施，做到边查边改；涉及结构安全重大隐患的，立即停工整改，隐患消除前不得复工；对于情况复杂，短期内难以完成整改的，制定切实可行的整改方案并限期整改，加强隐患监控，落实防范措施，防止发生质量安全事故。",7,4,0.8790483474731445
江苏盐城大面积死鱼与天气水质有关(图)中新网盐城7月3日电 (于从文 童盛) 记者今天从江苏盐城射阳县政府办获悉，六月三十日晚盐城市新洋港大面积死鱼的原因已排除人为因素，而是与天气闷热、水质环境变差有关。六月三十日晚七时左右，江苏省盐城市新洋港河亭湖区黄尖镇段和射阳县洋马镇段十余公里河道共六千五百网箱鲢鱼、鲤鱼突然死亡。事发后，当地养殖户迫切要求有关部门调查鱼的死因。当时针对死鱼的原因，渔民们众说纷纭，或说夏季水温变化和河道浮游植物过多，水质富氧化严重，更多的说法则是上游企业暗自排污污染河道，使鱼中毒而亡。射阳县政府办周金德副主任在接受采访时表示，目前水样检测结果已经出来，水里并没有污染源物。鱼大面积死亡的主要原因是天气闷热，水质中的溶氧量偏低，且网箱养殖密度比较大。另外，六月二十八日、二十九日连降暴雨，而当地正处于农作物施肥期，导致部分含氮肥料流入河水中，使得氨氮有所超标。由于发生死鱼的水域水体已经发臭，影响到下游乡镇居民取水，下游所在地政府已经对饮用水源做了提前准备，进水的管道内的余水全部清理干净，自来水厂也能保证正常供水。,7,9,0.9918708801269531
全国检察机关举报网络和电话统一化几年前，当中石化开发部原副主任程绍志因受贿罪领刑11年的时候，他或许没有想到，把他拉下马的，竟然源于一份网络举报。“2000年元月1日我们院率先在正义网开展网上举报，随后不久，一名留学生就举报程绍志受贿，没用多少时间，就查实了。”北京市人民检察院第二分院(下称“北京二分院”)控申处处长闫晓东日前在接受CBN记者采访时，回忆起该院接受电话、网络举报的过程，仍然记忆犹新。如今，全国检察机关的举报网络和电话正在走向统一化。6月22日，检察机关全国统一举报电话12309在最高检和部分省级检察院正式投入使用，其余省份将在年内陆续开通。最高检举报网站也自22日起正式更新网址为www.12309.gov.cn。“我们也正在向12309的举报电话和网站过渡。”闫晓东告诉记者。当日网站因浏览人数过多而瘫痪，电话因呼入数量过多而难以打通。一位检察系统的相关负责人在接受CBN记者采访时认为，将举报电话和网站都统一到12309，就像公安系统的110一样，可以方便举报人的举报，也有利于举报线索的集中和管理。在实现统一化之后，会扩大电话举报和网站举报的影响力。至于举报数量上是否会有突增，这位人士告诉记者：“由于12309的统一化工作刚刚开始启动，目前还没有统计”。群众举报的含金量程绍志的案发源于2001年2月15日收到的一封举报电邮。当天北京二分院检察长打开举报信箱之后，看到了一封署名的电子邮件举报信，其中详细描述了程绍志的受贿行为。邮件显示，时任中石化油田勘探开发部副主任的程绍志，在此前担任河南石油勘探局副局长期间，与中国国际企业合作总公司(下称“国合公司”)代理进口国外联合胶体公司的聚丙烯酰胺过程中，涉嫌接受该公司在北京的代理——北京立佳科技有限公司(下称“立佳科技”)总经理的贿赂，并列举了部分涉嫌犯罪事实。检察长立即派侦查员到北京市工商局查询了立佳科技的工商注册资料，但并未发现该公司与河南油田有任何关于聚合物的商业往来。但是，此后侦查人员侦查了国合公司1997年至1999年的所有进口报关单，进而查明了涉嫌走私的事实以及举报人举报的事实。同年6月21日，侦查人员在首都机场将从国外考察回国的程绍志抓获。无独有偶，让闫晓东印象深刻的还有一起关于中国财经报社一名主任贪污的案件，同样是因为被知情人举报之后，“检察机关用了一星期就查实了。”目前，类似案例在全国各地已不鲜见。在6月22日至26日的全国检察举报宣传周期间，全国各地检察机关展示了诸多因举报而成功查实的案例。福建省福清市检察院检察长陈秋官称，去年以来，该院共立案侦查各类职务犯罪案件39件41人，其中相当一部分案件线索是由群众举报的。据《检查日报》报道，上海市检察机关统计数据反映，近年来，在该市检察机关立案侦查的职务犯罪案件中，有40%直接来源于群众举报。依法分类处理信源据闫晓东介绍，北京二分院每年所收到的举报信息有上千条，这里面有些是属于纪委职权范围内的，有些则属于公安机关的职责范围。另外，根据法律所规定的管辖范围，有些是在分院管辖范围之内的，但是也有些是属于市检察院的，还有一部分是属于区检察院的。因此，检察机关收到举报信息后一个重要处理方式就是转。“按照不同的管辖部门和管辖范围，转交给相应的职能部门去处理。”闫晓东介绍说，对于实名举报，保证件件答复线索的去向或查办情况。最高检相关负责人在接受CBN记者采访时说，一般检察机关收到举报人举报之后，有专人负责案件的收集和整理，如果是其管辖范围之内的案件，要交给反贪机关进行侦查，否则，要转交至相应的部门。不过，闫晓东告诉记者，能够转到反贪局的案件在所有举报案件中所占比例并不大，“因为举报中不属于检察机关管辖的比较多，还有一部分是明显没有可查价值的案件。”闫晓东解释说，所谓没有可查价值的线索，一般都是举报人对于事实的描述没有提供任何有价值的线索或者证据，而只是情绪化的表达。对于此类线索，检察机关收到之后，会作为存查信息，先予以保存，如果后来还有针对相同人员的举报发生，会对前面的举报进行对照，如果有了事实、证据，检察机关会对其展开调查。这种做法在陈秋官口中被称为：“养”活暂不成案的线索，伺机而动。陈秋官所在的检察院用这个办法成功查处了以福建冠龙建筑工程公司董事长魏某为主要行贿人的系列贿赂窝串案。2008年，福清市检察院根据群众举报线索收集到了“十分有限”的涉案情报，当时尚不足以对其立案侦查。不过，该院继续经营这一线索，长时间密切跟踪，注意情报的收集、深化信息分析，慢慢掌握了大量翔实的信息。最终，该院查处了该领域商业贿赂窝串案20件20人，涉及科级干部8人，追缴赃款人民币105万余元。保护举报人难题闫晓东认为，举报工作对于查处职务犯罪有非常重要的意义。“腐败问题是社会问题，各个领域都有可能发生，如果仅仅凭借办案人员去查，范围非常狭窄”。但是，目前的举报工作也面临着不少困难要解决。闫晓东认为，其所在的北京二分院目前遇到的最主要的问题在于“人员的问题”：线索和案件太多，而人员太少。从一个线索查成一个成案，需要投入相当大的人力。这直接影响了侦查工作的顺利进行。闫晓东告诉CBN记者，在来信、来访、网站、电话四种举报方式中，“我们欢迎来访当面举报，其次就是实名举报”，他认为，这样更方便检察机关掌握更清楚的事实和证据，同时可以避免重复举报和多头举报。但是，并非所有举报人都愿意实名。上述上海市检察机关的统计显示，该市检察机关立案侦查的职务犯罪案件中，匿名举报仍占大多数。此前，CBN记者曾采访杭州的一起举报案件，其中举报人遭遇到严重的人身伤害。当时接受记者采访的相关法学专家和法官认为，各界一直希望出台专门的法律法规保护举报人人身安全。而最高检相关负责人在上月的检察举报宣传周期间曾表示，最高检将适时就举报人保护提出立法建议。此外，成案率偏低仍是举报工作的一大难题。湖北省天门市检察院检察长李序军近日在《检察日报》上撰文表示，近年来，经其所在的检察院初查的群众举报线索，成案率约为20%。李序军认为，群众知情途径有限，监督渠道不畅，权利保障不力是造成这一状况的主要原因。李序军认为，将12309电话整合为举报、控告、申诉、投诉“四合一”的受理电话，并与网络受理、信函受理和接访受理有机结合，是解决问题的重要方法之一。赵杰,7,5,0.9542461633682251
数学家吴文俊等十位归侨侨眷当选侨界十杰中新网北京七月十四日电 (记者 王海波 张冬冬) 年届九十的中国科学院数学与系统科学研究院研究员、中国科学院院士、世界著名数学家吴文俊在十四日开幕的“第八次全国归侨侨眷代表大会”上当选“侨界十杰”。同时被中华全国归国华侨联合会、国务院侨务办公室授予“侨界十杰”荣誉称号的还有：神华集团有限公司总经理张玉卓，广东韶关钢铁集团有限公司主任工程师、高级技师罗东元，北京华腾东光科技发展有限公司高级工程师罗益锋，中国科学院海洋研究所研究员郑守仪，吉林大学汽车学院教授郭孔辉，国家体育总局体操中心副主任、国家级教练黄玉斌，海南省农垦总局副局长、南田农场场长彭隆荣，福建省光学技术研究所高级工程师赖爱光，中国航空工业集团公司北京航空材料研究院高级顾问颜鸣皋。此外，二十人被授予“全国侨界十杰”提名奖，九百六十人获全国归侨侨眷先进个人荣誉称号。胡锦涛、吴邦国、温家宝、贾庆林、李长春、习近平、李克强、贺国强、周永康等领导人为“侨界十杰”颁发荣誉证书。(完),7,9,0.743575930595398
住建部：严格执行个人房贷政策稳定房价据新华社电 住房城乡建设部有关负责人15日表示，目前房地产市场稳步回升，今后将着力稳定市场信心和预期，稳定房地产投资，促进房地产市场稳定健康发展。企业资金压力进一步减缓住建部认为，房地产市场总体上保持了3月份以来的回升态势，市场消费信心逐步增强，商品住房成交量稳步回升，投资增幅下滑的趋势有所缓解，企业资金压力进一步减缓，住房价格稳中回升。住建部有关负责人表示，将采取三方面具体措施，促进房地产市场稳定健康发展。增土地供应引导加快投资一是加强监督管理，确保完成今年保障性安居工程工作任务。二是继续稳定房地产投资，加大对中低价位、中小套型普通商品住房建设和新项目的信贷支持力度。三是继续加强房地产市场监测分析，重点加强对北京、上海、深圳、广州、杭州等房地产市场新情况和新问题的分析和指导，督促其加强供需双向调节，增加土地供应、引导开发企业加快投资建设，严格执行个人购房贷款政策，合理调节住房需求，着力稳定房价。上半年房市数据住房成交量全国新建商品住房销售3.15亿平方米，同比增33.4%。北京同比增幅高达142.2%。开发投资全国房地产开发投资14505亿元，同比增9.9%；增幅比一季度提高5.8个百分点。住房价格6月，70个大中城市新建商品房价同比下降0.6%，降幅比上月减少0.7个百分点；月环比上涨0.8%，涨幅比上月提高0.1个百分点。相关新闻上半年房产税收增20.7%本报讯 (记者鲍颖)记者昨日从财政部获悉，在今年上半年全国税收整体下降的情况下，1至6月，房产税收入仍然同比增长20.7%，完成425.62亿元。财政部分析称，房产税收入快速增长的原因，一是城镇房屋保有量持续增加，二是全国房屋租赁的平均价格有所上涨。此外，土地相关税收持续较快增长。1至6月，城镇土地使用税、土地增值税和耕地占用税三个税种实现收入1144.84亿元，分别同比增长17.6%、9.8%和135%。以上三个税种收入增加表明，纳税人占用的土地面积、销售房屋增值收益、占用的耕地面积均有所增加。,7,4,0.9366527795791626
财政部将取消家电下乡最高限价政策□信息时报记者  刘莉家电下乡将再次扩大补贴范围。财政部经济建设司副司长曾晓安日前在“2009中国家电下乡高峰论坛”上透露，财政部正在着手完善家电下乡政策，现在实行的下乡产品最高限价政策将被取消，取而代之的将是最高补贴标准。这意味着农村消费者往后在购买高端家电产品时，也可享有国家优惠。设定最高补贴更科学现行家电下乡政策规定，农村消费者在购买下乡产品时，可享受国家成交价13%的财政补贴，但这些产品必须是中标的下乡产品型号，而生产厂家在投标时被限定了最高价位：彩电3500元，冰箱(含冰柜)2500元，手机1000元，洗衣机2000元，壁挂式空调2500元，落地式空调4000元，储水式电热水器1500元，燃气热水器2500元，太阳能热水器4000元，电脑3500元，微波炉1000元，电磁炉600元。家电业资深观察人士刘步尘昨天在接受信息时报记者采访时说，国家在取消了最高限价后，一定会出台与之相应的最高补贴的政策，毕竟国家的财力有限。近期出台的‘以旧换新’和‘节能惠民工程’中获补贴的产品，都是设定了补贴的最高上限，这种补贴模式更科学”。不少家电厂家昨天在接受信息时报报记者采访时表示，尚未接到家电下乡有关部门“取消限价”的通知，如果限价的真的被取消了，不仅农民受惠，对家电厂商而言，也是绝对利好，因为“此举将推动厂商高端产品的销售，提升厂商销售结构升级”。补贴限价或参照“以旧换新”国家将怎样设定补贴限价？现在还不得而知，但也并非完全无迹可寻。某家电品牌广州负责人告诉记者，以彩电为列，彩电产品销售的最高限价是3500元，13%的补贴就是455元，即来财政部出台的补贴限价很可能在这个价位上下浮动。事实上，用这种方法计算出的最高补贴，与以旧换新中规定的产品最高补贴相当——在“以旧换新”中，消费者用旧家电换购新彩电，可获得新彩电价格的10%补贴，但补贴同时不能超过500元。“财政部正在着手完善家电下乡政策，改最高限价为最高补贴限价有利于家电下乡产品范围最大限度的扩大，同时，财政部有可能在简化农民的申领环节后，简化家电下乡投中标环节”，刘步尘说，取消最高限价后，家电下乡也许或取消下乡产品的投标和中标环节，事实上，七部委已经公布的“以旧换新”实施办法就已表明，厂商的“以旧换新”产品不需要经过国家的投标、招标环节。今年1~6月，下乡家电产品已销售1280万台，销售金额达到208亿元。商务部副部长蒋耀平在接受记者采访时表示，随着家电下乡产品范围的扩大和限价的提高，以及将来的取消限价、简化补贴领取手续等政策的完善，预计家电下乡4年内，将实现销售产品6亿台、销售额达到1.6万亿元的规模。相关报道35部门联手整治家电下乡违规行为本周一，由商务部、发改委、工信部、公安部等35个单位组成的部际联席会议第一会议指出，将整治借“家电下乡”名义制售假劣产品等违规行为。据商务部官方网站发布的消息，此次整治任务包括：依法查处非中标企业假借“家电下乡”名义销售产品，查处违规印刷、销售、使用“家电下乡”专用包装材料和标识的行为，打击通过通信网络和互联网假借“家电下乡”进行欺诈的非法活动，规范中标企业的生产和销售行为，严格“家电下乡”产品销售发票管理等等。与此同时，北京市商务委率先发布的《北京市家电下乡销售网点管理规范(试行)》规定，家电下乡销售网点出现擅自更换产品型号、误导欺骗农民、售价高于中标价格、骗取补贴等5种不良行为，将被立即取消资格。,7,3,0.5426246523857117
评论：奉劝土耳其总理自重自省    乌鲁木齐“7•5”事件发生后，中国政府采取果断措施坚持维护社会稳定、维护社会主义法制、维护人民群众根本利益，依法坚决打击打砸抢烧严重违法犯罪行为，使当地生产、生活秩序迅速恢复正常，受到国际社会广泛支持和肯定。然而，西方一些媒体和国际反华仇华势力，将“7•5”事件看作“浮出水面的一根稻草”，他们罔顾事实真相，故意混淆是非，借机大做文章，把一盆盆脏水泼向中国政府和中国人民。个别国家的少数政客也站出来胡乱表态，粗暴干涉中国内政。例如，7月11日，土耳其总理埃尔多安发表讲话，声称“我们要求中国放弃同化政策，因为这种同化政策不会带来任何好处”。此前一天，也是这位总理阁下，在谈及“7•5”事件时竟说，“没有其他字眼能描述数百人死伤事件，这近乎种族灭绝”。埃尔多安甚至煞有介事地表示要将这一问题提交联合国讨论。为了给“疆独”势力撑腰打气，埃尔多安还允诺要向臭名昭著的“世维会”主席热比娅发放签证，为她窜访土耳其从事分裂中国活动开启方便之门。正是在埃尔多安不负责任讲话的怂恿下，土耳其最大城市伊斯坦布尔12日发生了支持“疆独”的反华游行集会。消息传来，无不令每个正直的中国人感到愤慨！我们真没想到，由古丝绸之路联结、地跨亚欧两洲的土耳其总理竟会冒出这种放纵言行！更让我们难以想到的是，埃尔多安的一派怪论竟是在土耳其国家元首刚刚访华不久说出来的！就在10余天前，应国家主席胡锦涛邀请，土耳其总统居尔对中国进行了为期6天国事访问，居尔访华的最后一站就是新疆。在与胡锦涛主席会谈中，居尔表示，土中两国都是文明古国，发展两国关系有利于人类发展进步。土方十分重视对华关系，高度赞赏中国经济社会发展取得的巨大成就以及在国际事务中发挥的重要作用，愿意在相互尊重主权和领土完整基础上推进两国关系。居尔重申，土方坚定奉行一个中国政策。在新疆大学，居尔发表演讲，称赞新疆作为古丝绸之路上东西方文化的交汇处，是联系中土两国的重要纽带之一，希望通过两国政府的共同努力，重新振兴古丝绸之路，以加强两国在经贸、文化、教育等领域的合作与交流。现在，居尔总统的友好话语言犹在耳，而埃尔多安就用鲁莽言行翻脸否定，这无异于在开“国际玩笑”，实在是莫大的自辱和讽刺！新疆是中国五个少数民族自治区之一，现有47个民族成分，早在2000多年前，新疆就开始成为中国统一的多民族国家不可分割的组成部分。新中国成立近60年来，新疆社会面貌发生了翻天覆地变化，中国中央政府的民族政策和宗教政策在新疆得到全面贯彻，新疆各民族人民共同团结奋斗，共同繁荣发展，进一步巩固和发展了平等团结互助和谐的社会主义民族关系。我们知道，拥有7000多万人口的土耳其，也是一个多民族聚居的国家，境内少数民族权益特别是库尔德人问题，是多年困扰土耳其政府的重大民族问题。库尔德人约占土耳其人口的15%，主要分布于东部和东南部16个省份。对库尔德人的自治要求和民族权利，土耳其政府一直采取“不承认、不谈判、坚决镇压”的举措和民族同化政策，并禁止使用库尔德语。为清剿库尔德民族分离分子，从1984年至2008年，土耳其打死3.2万多名库尔德工人党成员，并长期在13个省实施紧急状态治理。现在，埃尔多安无视自己国内库尔德人问题的严峻现实，对本国政府同化库尔德人政策不进行检讨反思，却公然妄称中国在新疆推行“同化政策”，这种哗众取宠的非理性行为，不仅有损土中两国关系大局，也会败坏自己的名声。我们奉劝埃尔多安总理，为了土耳其的国格和荣誉，请多自重！,7,5,0.9889541864395142
最高法：严格审查退房案件本报讯 (记者李静睿)最高人民法院昨日发布《关于当前形势下进一步做好房地产纠纷案件审判工作的指导意见》，妥善审理房地产连锁纠纷案件成为《意见》的指导重点。根据《意见》，法院在审理因房地产企业资金困难引发的连锁纠纷案件中，力争通过案件审判盘活现有的存量资金，实现当事人双赢、多赢的结果。调解不成的，根据当事人的偿付能力和对方的资金需求，确定还款期限、还款方式，最大限度避免连锁案件引发群体事件。对于房地产开发商确因资金暂时困难未按时交付房屋的，要多做双方当事人的调解工作，确无调解可能的案件，可以根据案件的具体情况，依法合理调整违约金数额，公平解决违约责任问题；对于买受人请求解除商品房合同纠纷案件，要严格依法审查，对不符合解除条件的不能解除。要引导当事人理性面对市场经营风险，共同维护诚信的市场交易秩序。■ 背景房产纠纷案同比增一成最高院民一庭表示，房地产纠纷案成为国际金融危机影响下增幅最快的案件类型之一。今年1－6月份，全国法院受理房地产民事案件67294件，同比上升10.58%。出现退地潮、停建潮、断供潮、退房潮。民一庭分析称，房地产案件在数量大幅增加的同时，疑难复杂类型案件显著增多。此外，由于此前商品房价格严重下跌，买受人请求解除商品房买卖合同纠纷案件大幅上升。本报记者 李静睿相关阅读：,7,4,0.9547789692878723
国资委回应央企频频中标高价地块现象中新网7月21日电 近期央企在全国各地的土地市场上频频中标地王，国资委主任李荣融今日在接受采访时回应称，希望这些央企更加清醒、更加稳健、更加扎实地做好自己的工作。有媒体援引机构报告称，今年上半年，各月成交总价排行前十的地块中有60%的高价地块由国资背景企业获得。特别是在土地市场较为冷清的一季度，国资背景企业几乎包办了所有高价土地。以6月份为例，拿下广渠路15号地块的中化方兴、拿下重庆鸿恩寺地块的保利地产、拿下朝阳区奥运村乡用地的中泽置业，都是央企背景。央企6月营业收入和利润双双实现环比增20%以上中国央企营业收入下滑趋势得到遏制,7,4,0.9492639899253845
"住建部上海楼房倒塌具有极端个别性2009年7月23日(星期四)15时，住房城乡建设部工程质量安全监管司司长陈重和副司长吴慧娟接受中国政府网专访，就“切实做好检查工作 确保在建住宅工程质量”与网友在线交流。[网友 云天]上海""莲花河畔景苑""住宅楼房倒塌事故不禁让人担心老百姓将住进怎样质量的房屋，我想知道全国住宅工程质量到底怎样？ [陈重]质量就是我们的产品或者工作的优劣程度。比如建筑质量、工程质量、教学质量。优劣是相对来讲的，我想从几个方面来讲，因为大家关心我们的工程质量到底是个什么状况。首先，法规标准这么多年来不断健全。2000年我们建设工程质量管理条例、建设工程勘察设计管理条例出台。包括标准，从本世纪初形成了比较健全的标准体系，工程建设标准数以千计，国家标准、行业标准都有了。其次，大家可能也能亲身感受到，质量是产品、工作的优劣程度，优劣是相对的概念。比如说建筑材料的水平、施工技术的水平，我们可以用30年比较看看，比如说住宅，现代化的住宅小区，我们现在强调的是安全、经济、适用。总体发展趋势可以看到。同时还有一个量的概念，我有一个简单的数据，据有关资料统计，2008年全社会固定资产投资17.2万亿元，比上年增长了25.5%。全国城镇在施工地达到了35万个以上，在建的城镇房屋建筑面积47.4亿平方米。其中，有26.2亿平方米是住宅，因为房屋还有办公楼、商厦、体育建筑等。所以从量上来说，现在整个质量一直在不断提高，日趋规范，稳中有升。[主持人]还是上海这件事情出来之后，会有网友发出这样的感慨，但实际上这也是一个个案，它不能代表全国所有的住宅质量。[陈重]这个事情发生以后，我们很关注，首先关注的是抢险和采取措施。倒塌的是7号楼，4.6米深的基坑旁边还有6号楼及其他建好的楼房，它不是孤立的，所以首先是抢险。对于倒塌的判断，确实是建国以来还没有过这样的情况。应该说这是极端个别性。上海市政府公布，经过监测，6号楼稳定，在建的其余10栋楼安全状况稳定。也说明这个事是个很突然的事件。",7,4,0.9915333390235901
银监会重申二套房贷执行四成以上首付比例本报北京7月23日电 (记者欧阳洁) 银监会新闻发言人廖岷今天表示，银监会始终严格执行二套房贷的有关政策不动摇，坚决打击“假按揭、假首付、假房价”等行为。对二套房贷款业务中的各种违规问题，一经发现，将及时予以严肃处理。对购买首套普通自住房和人均住房面积低于当地水平，再申请贷款购买第二套用于改善居住条件的普通自住房的居民优惠政策不变，但绝不可延伸适用。对二套房贷款，银监会始终要求商业银行坚持执行40%及以上的首付比例，这一政策从未进行调整。,7,1,0.5997004508972168
部分城市楼价暴涨引高层关注 中央部署调研自6月份部分城市出现地王和房价暴涨，引起中央政府高度关注。中央高层领导就此要求相关部门监控好数据，着手调查这些问题。但就国务院召开的两次会议情况来看，各方就房地产问题争论激烈。目前，中央政府仍在研究阶段，维持回暖的全局政策尚未改变。但相关材料已转发各省，引起各地方政府的重视。7月9日、21日，国务院两次就房地产问题召开座谈会，以了解情况。7月9日，高层领导对6月以来出现的地王和房价提出疑问，同时也关心房地产投资、开竣工面积等先行指标情况。21日，国务院再次召开房地产形势座谈会。据内部人士透露，在座谈会上，各方意见分歧很大，难以统一。其中观点大致分为三种。部分学界人士认为应当立即进行调控，控制房价上涨。企业界人士认为，应当继续维持宽松的信贷环境，防止房地产投资再度下滑。房地产协会组织则持谨慎意见，认为，目前的问题是局部问题应当引起重视，但不应做全局性调整。由于各方意见分歧明显，目前全局性政策调整尚未开始。但各方统计的数据均显示，部分城市供需关系出现变化，房价有可能进一步上升。目前，相关会议材料已转发各省。7月9日会议之后，北京等城市已经开始采取措施。两份半官方机构的报告均将基本方向定调为“维持回暖态势，防止涨价蔓延”。(记者 姜洪桥)(来源：经济观察报)相关阅读：研究机构称上半年全国楼市恢复到两年前水平上海楼市成交量连续四个月快速上涨,7,4,0.9874182939529419
住建部批评部分城市园林绿化建设急功近利新华网北京7月28日电(记者杜宇) 住房城乡建设部28日通报国家园林城市复查情况，严肃批评部分城市在园林绿化建设中急功近利，追求“一日成林”的做法，表示将采取措施保障市民出门300至500米就能见绿地。据住房城乡建设部城市建设司司长陆克华介绍，此次复查的范围是2006年底之前获得命名的97个国家园林城市。陆克华说，有些城市将园林绿化当作“政绩”和“形象”工程，违背植物的生长规律，盲目从荒山郊野或深山老林移植大树、古树进城，有的地方一平方米种上几十棵树，追求“一日成林”，甚至假树假花假草上街头。这些现象造成了原生态的破坏和人、财、物的严重浪费，违背了科学发展要求。除了“一日成林”的问题，住房城乡建设部通过复查发现当前城市园林绿化建设中还存在两大问题，一是对原有绿化成果保护不力，砍树毁绿现象时有发生。据陆克华介绍，复查期间有的城市三天内接到上百个举报电话，其中80%以上是反映破坏绿地、侵占绿地、砍伐树木等。桂林市则有212名退休干部职工联名投诉城市公园绿地被侵占；成都市城乡规划督察员来函反映成华区拟将追猛湾体育场公共绿地改变性质用于房地产开发；杭州市民反映因道路改造频频砍伐几十年树龄的行道树现象，走在路上遭受暴晒，叫苦不迭。另一问题是，规划设计水平低，养护管理不专业。陆克华说，有些城市忽略了城市绿化的园林特色，将园林绿化简单地等同于植树造林，对园林绿化缺乏专业化管理和指导服务，在公园里按造林模式打方格种树、截头式修剪行道树、河道治理时如水利工程般建硬质驳岸。有些城市则重建设、轻管护，对花草树木及亭台楼阁等缺乏精细化、专业化管理，已建成绿地达不到预期的景观效果和生态效益。针对复查发现的问题，陆克华表示，住房和城乡建设部将采取有效措施，加大城市园林绿化的建设与保护管理。具体包括，加强法制建设，健全法制管理，严惩违法行为，切实保护现有园林绿化成果。加大老旧城区、中心城区、商业区等绿化建设，进一步加强道路绿化建设，真正实现“有路就有树、有路就有荫”的目标。加大宣传教育，增强全民建绿护绿意识。,7,4,0.6975932717323303
文化部叫停黑帮主题网络游戏“七月策划：国外六大黑帮类网页游戏人气推荐”。某个游戏网站7月21日挂出的这个黑色的标题，已经吸引了众多网友的浏览和跟帖。记者点击查阅发现，排在第五位的游戏《街头犯罪》的介绍相当“震撼”：“这是一款令人既兴奋而又特别容易上瘾的强盗类大型多人角色扮演的游戏。权力、金钱、赌场、暴力和贪婪在网民的游戏之旅中，起着重要作用。在赌场里赌博、为妓女拉皮条、贩毒，在游戏中都有体现。”在现实生活中，上述这些行为全都是犯罪行为。可是，在网络游戏这个虚拟世界中，这些行为却公然蔓延、横行。在所谓释放压力的背后，其实隐藏着很多危害。规范和治理这些网络“黑帮”游戏刻不容缓。“黑帮”游戏盛行危害不小风靡网络的一家社交网站，被指有“黑帮”游戏。由于记者不是这一网站的用户，无法登录核实，所以就致电该网站的一位用户查询。他介绍，网站中“教父”游戏的人物长相酷似马龙·白兰度，操作方式是扮大亨、杀手，与“土耳其老大”决斗等等。这种游戏火爆起来还是在近段时间。“不知道怎么就火了。大家口口相传，各大网站也相继推出类似游戏。跟‘种菜’、‘偷菜’之类的小儿科游戏比起来，‘黑帮’游戏显然惊险刺激多了，也更具真实感。”这位用户说。前段时间，某网站首页上为最新的游戏“江湖”进行高调推广。打开这个网页，关于“江湖”的游戏框就会蹦出来，告诉你这里可以“黑市买卖，家族火并，让男人做你的小弟，女人成为你的妞！”一位业内人士告诉记者，用黑帮游戏吸引用户的点子并非本土社交网站原创，国外早已有专门为社交网站打造的黑帮主题休闲视频游戏。他认为：“黑帮游戏很容易造成玩家沉迷。容易使人沉迷是社交网站最受诟病的地方，黑帮游戏的出现必将加重这一弊病。”文化部市场司综合执法办公室的一位工作人员今天向记者介绍，他们通过仔细调查发现，目前盛行在网络中的“黑帮”主题游戏，主要是以“黑帮”、“黑社会”、“黑手党”、“江湖”、“教父”、“古惑仔”等为题材，突出表现“黑社会”打、杀、抢、奸、骗等反社会行为，渲染血腥暴力，鼓动、教唆游戏用户在游戏中扮演“黑社会”成员，赞美“黑社会”生活，严重威胁、扭曲社会的法制和道德规范。时评专栏作者乔志峰指出，所谓的黑帮游戏，属于名副其实的“暴力文化”，很容易诱发暴力犯罪。社交网站的玩家尽管多为成年人，但基本上都属于年轻人，黑帮游戏不仅对现实生活中那些有暴力倾向的“危险者”起到了一定的引导和催化作用，甚至还会在潜移默化中把好人带坏———在网络上，道德约束是极其微弱的，暴力游戏会不断麻木玩家的神经，令他们对血腥暴力习以为常。长此以往，网络暴力就有转化成现实暴力的危险。他认为，以前暴力文化的传播渠道主要是书刊和影视节目，近年来随着网络的发展，网络和网络游戏渐成贩卖暴力文化的主渠道，腐蚀、毒害着广大青少年的心灵，令人深感痛心和忧虑。一位家长告诉记者，她上初中的孩子目前玩的网络游戏里都是抢车、抢地盘、偷东西、买卖人口等内容，打打杀杀的，个别画面和情节很低俗。孩子说这是最近流行的黑帮游戏，可以让玩家体验江湖拼杀，感受黑帮大哥的威风。作为家长她很担心，这种宣扬黑社会的暴力主题游戏，可能会对未成年人造成错误的引导。她认为，十几岁的孩子还没有成熟的判断能力，在公开的网络平台上肆意渲染所谓的“黑社会”，让孩子在当“黑社会成员”的过程中体验快乐，甚至将这当作一种英雄主义，对他们是潜在的精神危害，更可能会是一种犯罪的引导。记者注意到，一些中学生向小学生收取“保护费”的报道时常见诸报端。据调查，其中原因之一就是“从网络游戏学来的”。文化部已经下令立即查处记者今天从文化部市场司相关负责人处获悉，文化部办公厅关于立即查处“黑帮”主题非法网络游戏的通知今天已正式下发。该负责人说，这类游戏违反了《互联网文化管理暂行规定》关于禁止载有“宣扬淫秽、赌博、暴力或教唆犯罪的”、“危害社会公德或者民族优秀文化传统的”内容等有关规定，极易对青少年造成不良影响，必须依法禁止和查处。他介绍，通知要求，互联网文化单位要迅速进行自查自纠。同时文化部要求各级文化部门和文化执法机构，要深入贯彻整治互联网低俗之风专项行动和文化市场集中整治行动的工作部署，切实加强互联网文化活动的监管，对继续运营、宣传以“黑帮”为主题的非法网络游戏的单位，依法从重处罚。应完善法律实现游戏分级政府部门的查处固然是对“黑帮”游戏盛行的一种有效遏制，但是从长远来看，法律规范更为有效。目前，我国只有《互联网文化管理暂行规定》中对网络游戏有所涉及。人民网网友姜伯静指出，目前为止，我国尚未出现一部成型的针对网络游戏方面的法律，这固然有网络世界变幻莫测不易规范的因素，但更能看出我国法律应对网络游戏世界手段的滞后。“虽然我们对网游虚拟财产、网络分级、网游成瘾这些较复杂的问题还缺乏必要的认识，但类似于‘教唆犯’的‘黑帮游戏’的危害已经非常明显了。”他说，限于条件，可能目前单独立法比较困难，但可以完善出版管理条例第二十七条的内容，让这条主要针对未成年人的法规发挥最大的作用。“该条文对出版物的界定指的是纸质出版物，但是如果把‘以未成年人为对象的出版物’这条改为‘以未成年人为对象或者对象中包括未成年人的纸质出版物、电子出版物、网络游戏’的话，那它就能最大限度地发挥对网络游戏的作用了。”一位专家建议，应该实现网络游戏分级制度。他对记者说，网络作为一种新生媒介吸引了青少年群体，而且这种吸引还在逐年递增，并从城市蔓延到乡村。因此，不仅要继续呼吁实行电影分级制，更应该对网络游戏也采取分级管理的办法。如果某些游戏有可能对未成年人产生危害，那就用客观的游戏分级标准来操作，带有宣扬暴力、色情色彩的游戏对未成年人的影响自然会相应降低。（本报记者 席锋宇）,7,8,0.9992175102233887
北京公租房暂不对非京籍人士开放本报讯 下周一起，取得廉租房、经适房、两限房资格的家庭无须再次申请，经过登记即可进入公共租赁住房(以下简称公租房)轮候范围。昨天，《北京市公共租赁住房管理办法(试行)》正式发布，自8月1日起实施，首先解决已取得政策性住房资格但暂时无力购房者的住房困难和过渡住房需求。非京籍住房困难者暂不能享受这一优惠政策。    公租房租金低于市场价公租房是指政府提供政策支持，限定户型面积、供应对象和租金水平，面向本市中低收入住房困难家庭等群体出租的住房。公租房将按照保本微利的原则并结合承租家庭负担能力和同类地段类似房屋市场租金一定比例下浮确定租金。公租房的维修、养护、管理由产权单位负责，产权单位也可以委托专业服务企业管理。“政府支持、市场运作、公平公开、严格管理是公租房的基本原则。”市住房和城乡建设委员会委员徐志军表示。今年购建50万平方米公租房由市区县政府所属机构或政府批准的机构通过新建、收购等方式多渠道筹集。按照本市住房建设计划，今年将收购建设50万平方米的公租房，主要位于大型公交枢纽等交通便利区域，以一、二居小户型为主。公租房建设用地实行有偿使用，其中对于政府所属机构或政府批准的机构建设的，用地可采取租赁方式，按年缴纳土地租金。“第一批公租房中不仅有新建的还有配建的，以及政府回购的公租房，市民不用等待太久就可以住进公租房。”徐志军说。受益群体获得政策房资格可登记轮候公租房主要针对本市中低收入住房困难家庭，包括已通过廉租房、经适房和两限房资格审核尚在轮候的家庭及其他住房困难家庭。据悉，截至6月底，本市廉租房受理居民申请2.6万户，经适房5.6万户，两限房5.2万户；通过审核备案的，廉租房2万户，经适房4.6万户，两限房4.2万户。已通过资格审核正在轮候的家庭，可直接到户籍所在地街道办事处或乡镇政府申请轮候公租房。公租房实行公开配租制度。符合廉租房、经适房、两限房申请条件及家庭中有60岁(含)以上老人、患大病人员、残疾人员、复转军人、优抚对象或重点工程拆迁的优先配租。符合配租条件的家庭只能承租一套公租房，不能同时享受廉租房、经适房或两限房等政策性住房。市住保办政策计划处处长崔少飞解释，取得了“三房”审核资格，实际上就具备了公共租赁房的租赁资格。非京籍夹心层暂不享公租房此前有消息称公租房将首次面向部分住房困难的非京籍人士，但此次公布的政策并未将这部分人纳入其中，供应对象仍限定为京籍。“其实公租房并没有新的准入标准，而是与政策性住房共用一个标准，这部分人需求强烈，审核基础完善，政策在试行阶段主要是解决这些人的住房困难。随后，根据试行情况完善细则和办法，逐步将其他住房困难人群纳入进来。”崔少飞表示。随着廉租房、经适房、两限房政策的实施，本市大多数中低收入家庭住房困难得到了解决，但仍有部分中低收入家庭既不符合廉租房条件，又无力购买经适房或两限房，政策的第一步就是解决这些人的住房困难。退出机制租满5年条件复核后可续租公租房租赁期限最长5年，合同期满承租家庭应当退房。需续租的，应在合同期满前3个月内提出申请，由产权单位会同相关单位复核，符合条件的续签租赁合同。承租家庭不符合承租条件但暂时不能腾退房屋的，租赁合同期满后给予两个月过渡期，过渡期内按市场价收取租金。过渡期届满后承租家庭仍不退房的，按房屋产权单位规定的标准收取租金，具体在租赁合同中约定。“这就是用经济的手段实现退出机制，过渡期内及之后仍不退出的按照市场价收取租金，也就没有了公共租赁的意义，以此保障真正住房困难者可以获得房源。”住建委委员徐志军说。租赁公租房仍可轮候政策房公租房实行动态管理，将承租住房转借、转租的，擅自改变承租住房居住用途的，连续6个月以上未在承租住房内居住的，连续3个月以上未按期交租金的以及其他违反合同行为，产权单位可与承租家庭解约收房。承租家庭如获得其他形式政策性住房的也需退出公租房。徐志军解释，承租公租房仍可轮候经适房或两限房，一旦获得房源就要退出公租房。骗租5年内不得申请政策房申请者不如实申报，骗租公租房，由产权单位解除租赁合同，承租家庭应退房并补交租金。过渡期满后拒不退房的行为要记入个人诚信档案，5年内不能申请政策性住房。产权单位在租赁合同存续期间不按规定的租金标准收缴租金或擅自向不符合条件的家庭出租公租房的，要限期整改，退回、补足租金或收回住房。  各方反应市场不会严重冲击租房市场链家地产有关负责人表示，此次出台的公租房政策对二手房和租房市场的冲击不会太明显。“首先是量还不是很大，50万平方米的供应即使按照50平方米一套来算也不过1万套，但每年租房市场的需求量在100万套左右，因此实际的冲击比较小。”该负责人表示，公租房的供应群体也有特殊性，从这两个角度看直接的冲击都不会太大。该负责人表示，目前的租房群体中外地人占大多数，这次政策没有纳入非京籍人口可能也与此有关。“我想直接的冲击不大，要是有影响也是对市场心理预期会有一定的冲击。”该负责人表示，公租房政策刚刚出台，地产公司还处在研究阶段，具体市场销售方向有没有调整或对策还要进一步分析。市民住公租房省钱心里踏实租住在朝阳区南磨房的李先生已获得两限房申购资格。“我大学毕业后落户北京，一直没房，现在每月花1000多元租房，等待两限房快一年了。现在房源有限，什么时候能住上急不来。要是能住公租房，我一定申请。”李先生说，买房要用钱，租房能省就省。“我在北京租了8年的房子，搬家已经不计其数了。刚租个便宜房子，住一年人家就不续约了，中介说房子一直涨价，租别人还能涨钱，房东不愿续约。公共租赁住房住着踏实，价格也会公道些。”李先生说。对于此次公布的公租房政策，租住在西三旗地区的王先生很失望，他已经在京工作6年了。“原来以为我们外地人也能住公租房，没想到还是不行。”开发商对公租房产权谨慎对待一家不愿透露名称的开发商表示，是否持有公租房的产权要非常谨慎，“房产开发毕竟是商业行为，一定是要赢利的，运营公租房要看税收优惠有多少，地价怎么样，谁负责承租，多少钱租，如果没有人租怎么办，成本是多少。我想开发商是会非常谨慎的。”链接·其他政策房两限房：针对本市中等收入住房困难的城镇居民家庭、征地拆迁过程中涉及的农民家庭及市政府规定的其他家庭。申请人须具有本市户口；城八区申请家庭人均住房面积不超15平方米，家庭年收入不超11.6万元，家庭总资产不超76万元。经适房：政府限定住房面积以及销售价格等，面向低收入住房困难家庭出售。申请人须取得本市城镇户籍时间满3年，申请家庭人均住房面积不超10平方米，家庭年收入不超过6万元，家庭资产不超48万元。廉租房：政府以租金补贴或实物配租的方式，向符合城镇居民最低生活保障标准且住房困难的家庭提供住房。申请人必须具有本市城镇户籍；申请家庭人均住房面积不超7.5平方米，家庭资产不超过40万元。对话申请公租房也需要公示记者：为什么租赁期限为5年？崔少飞：公租房是个过渡性的住房选择，部分家庭需要一定的时间积累资金后购买政策性住房，举个例子，一个家庭一年可以积累2万元的存款，那5年后就可以积累到10万元，基本具备购买政策性住房的条件。记者：如何杜绝一些别有用心的人打公租房的主意，如何管得住公租房转租？崔少飞：公租房坚持市场化管理，产权单位要承担管理监督责任，主要还是通过租赁合同来实现监管，这就成为一种民事行为，通过合同形式确定责权利。记者：公租房的产权到底由谁持有？开发商有没有资格持有？崔少飞：原则上要坚持政府主导，它可以是政府回购，可以是政府所属机构持有，或政府批准机构持有，房屋建筑单位如果有意经营公租房也可以向政府提出申请，经过审核批准后也可以成为公租房产权的持有者。记者：公租房的户型有没有具体规定，有没有上限？崔少飞：目前考虑是90平方米以下，但具体会根据需求灵活掌握。比如租住廉租房的家庭可能就会需求小面积的公租房，但等待轮候两限房的家庭可能就会需要稍微大一点的住房，因此没有严格规定一居或两居的面积。记者：公租房要不要公示？崔少飞：应该进行公示，方式也应该和政策性住房相同。记者：市政府提出解决住房困难要采取租售并举的手段，今后如何体现？崔少飞：此前，已陆续推出两限房、经适房和廉租房，但在整个住房保障体系中租房的比例还比较小，今后要逐步加大租赁住房的比例，使住房困难群众都能有房住。部分公租房项目北苑南区项目建筑面积：3万平方米目前市场租金行情：一居、两居在1800元到2500元。西二旗地块建筑面积：5万平方米目前市场租金行情：一居、两居在1900元到3000元。本版采写本报记者郭爱娣> 相关阅读：北京50万平米公共租赁房年内建成广东今年试水公共租赁住房 舆论忧心权力寻租,7,4,0.9978544116020203
发改委称将抓紧改进房价监管本报综合报道 近来，楼市持续升温，房价不断走高，楼价走向成为民众关注的话题。对此，国家发展改革委副主任彭森昨日在中国价格论坛上表示，当前，要抓紧改进房地产价格和收费监管。彭森认为，中国价格运行总体态势好于预期，未来价格走势有望进一步好转。但同时也要看到，当前经济国际国内不稳定不确定的因素仍然较多。流动性供应充裕，价格总水平上涨压力逐渐显现。彭森表示，要推进民生价格监管方式改革，继续加大清费治乱减负工作力度，完善粮食、生猪等主要农产品价格形成机制和调控体系。进一步加强和改进垄断行业价格监管，促进形成合理的收入分配机制。抓紧推进医疗价格改革，改进房地产价格和收费监管。,7,4,0.9598307609558105
棒棒堂为亲爱的老师盖高楼1985年1月21日，第六届全国人大常委会第八次会议作出决议，将每年的9月10日定为我国的教师节。感恩每一位辛勤工作的老师，写一句赞  美老师的诗歌，盖棒棒学堂教师节高楼！活动时间：2009年9月9日14：00——2009年9月13日12：00参与方式：登录棒棒堂，进入社区男女朋友版块，置顶贴子《活动—庆祝教师节！棒棒学堂开学啦！》，按要求回复即可参与！活动一：回复赞美教师的诗歌或是祝福的话语(言之有物不得少于20字)，逢楼层末3位同时包含9、1、0三个数字的任意排列，如109楼、190楼、901楼、2910楼就送金钥匙金宝箱一套。活动二：活动期间每天10：00-18：00，本贴由小棒女(10001)每小时不定时发起1条与棒棒堂基础知识有关的问题，最先回复正确答案的前3个帐号可获得1000金币红包奖励。获奖规则：活动一奖励每个帐号只能得1次，活动二奖励可重复获得。并且如获奖楼层不符合回复要求(即不为正确答案或非赞美教师的诗歌)，奖励将顺延至下一符合要求的楼层。[开发公司/运营公司]：炯炯网络[官网网站]：www.17joyjoy.com[wap网站]：wap.91bbt.cn[客服电话]：400-6060-995,8,4,0.8720110058784485
缘起缘灭又继缘 情生情了又续情(二)很快，我就知道了仙子为何落寞，和那朵鲜花为何瞬间枯萎。天宫最近总是沸沸扬扬的传着一件事。天蓬元帅来告诉我们，下界东胜神州一处名叫花果山的地方出了一只石猴，学了些本事，把龙宫和地府都搅得颇不得安宁。龙王、阎王纷纷上天来告状，要请天兵天将去收服那只石猴。太白金星提议请那石猴上天任个虚职，免得徒伤兵力。玉帝应允。对此，天蓬元帅颇为不屑，他只想一钯杀了那只多事的石猴，看他如何再为祸天宫。我想，天蓬元帅是厌恶那只石猴害得他巡逻的时间徒然增多，便许久不能见嫦娥一面。仙子总是微笑的听着天蓬元帅侃侃而谈，而天蓬元帅从来不曾猪意到每当他说起嫦娥时，百花仙子眼中一闪而过的哀伤。就如同每次卷帘大将看到仙子和天蓬元帅有说有笑，总是落寞离开。谁也不曾想到那石猴竟然有天大的胆子，大闹蟠桃宴，偷吃金丹，还踢翻了太上老君的炼丹炉。石猴十分生猛，众天兵天将都奈何不了，整个天宫成了他的乐园。那日，我只觉得天宫像是炸开了一般的喧闹，惊扰了落园里的花草。可事情却远非惊扰那么简单，那石猴牵引着天兵天将竟然往落园而来。满园的鲜花在杀红了眼的天兵面前竟全不是生命，战火下没有妖娆和美丽，残酷的仙法化作烈火天雷，将落园里的鲜花焚损殆尽。仙子想要保护那些她极致用心栽培出的永不枯萎的鲜花，却在此时漫天凋零。而那只石猴从她身边掠过，只瞥了她一眼，不怀好意的邪笑，然后一跃而开。仙子很快知道那只石猴在邪笑什么。身后一团天火喷射而来，朝着那石猴去了。石猴只是灵敏闪身一躲，就躲过仙法引来的天火。可是在石猴身旁的仙子，却不幸被炽热的天火击中。如果说天火只是灼烧了仙子的身躯，那么天蓬元帅的那个眼神却焚毁了她的心。天蓬元帅身披银色战甲，手持九齿钉耙，威武无比，是她心中最英武的存在。而他的眼神却像那副盔甲一般冰冷。天蓬元帅只是覆手施法将仙子身上的天火拂去，不曾留下一句关心的话或是眼神，就又追那只石猴去了。“也许如果，我是嫦娥的话，他就不会这样丢下受伤的我不管了吧。”她的眼角有泪溢出，滴落到凋零的落园残花之上，那一片偌大的残花，瞬间枯萎……(所有悲伤将在结局的一刻绽放，敬请等待。查看这一集之前请先看第一集)WEB官网：www.9520520.com WAP官网：wap.9520520.com,8,3,0.533470630645752
C3杯Cosplay精英赛获奖名单公布10月25日，由“第二届中国国际版权博览会”组委会主办，ChinaJoy组委会联合ChinaJoy Cosplay独家社区合作媒体——C3时尚动漫网.Cosplay首席社区联合承办，C3特别策划并冠名的中国国际版权博览会Cosplay大赛暨C3杯Cosplay北京精英赛于第二届中国国际版权博览会主舞台正式开展，全部13只社团已经进过激烈预赛并且有了充足的准备，扣人心弦的“王者之战”在长达6个小时的角逐后终于落下帷幕并角逐出最终2009年C3杯北京精英赛的“王者归属”！以下公布获奖名单和分数：墨央组：《凡尔赛玫瑰》 舞台剧  总分93.8分D剧团：《加勒比海盗--亡之宝藏》 音乐舞蹈剧 总分92.4分破立养老院：《银魂》  舞台剧  总分91.5分粉红色猴子天堂：《RO仙境传说》 舞台剧 总分89.9分失落帝国：《这才是APH》 舞台剧情走秀  总分88.6分?天长安联盟：《燕歌长安 千年幻夜》 走秀舞台剧 总分86.8分祝贺六支获奖团队并由衷感谢10月25日全部13只社团带来的精彩演出，C3时尚动漫网首次协办Cosplay大赛便有如此热闹的场面和精彩的节目献给各位现场观众和网友，必须归功于参赛的社团们所给予的大力支持。同时C3时尚动漫网预祝明年北京的各个社团在全国大赛上取得优异的成绩。有关C3杯更多现场精彩组图和视频将在近日内陆续发布，敬请关注官方专区：点击进入C3时尚动漫网？Cosplay首席社区：http://www.c3online.com.cn,8,4,0.4035339951515198
厚积薄发磊禹诞生 抢占先机MM致胜上海磊禹科技有限公司品牌标识 赵霏和他的磊禹团队 上海磊禹科技有限公司负责人 赵霏 【访谈背景】Mobile Market中国 移动应用商场自8月17日正式上线以来，经过2个月的时间，由开始的零应用到现在的近2000款应用，这其中大部分产品由企业开发商提供。作为先行者，我们的开发商是如何结识MM并寄希望于借此平台来创造神话，我们共同关注。【写在前面】作为最早界入Mobile Market中国 移动应用商场的企业开发商，赵霏和他的团队从2008年就开始关注MM。不过当时他们还没有注册自己的公司，只是以工作室方式来经营他们的团队。但到2008年底时，当赵霏了解到移动MM平台即将开放的消息后，他为之振奋。这个ideal，就像一根火柴，一下子点燃我创业的激情，一直以来沉闷、黑白而又单调的工作生活一下子变得充满色彩，而一个决定毅然形成——我要创业！——赵霏于是，赵霏毅然辞职，放弃了年薪20万的职位，带领多年合作的伙伴和核心骨干成立了上海磊禹科技有限公司，开始致力于移动MM平台的产品开发和提交，把移动MM平台作为一个重要的创业方向和目标。而赵霏和他的团队从2009年3月份开始提交应用到现在已累计上传58个作品，33个在商用。究竟这是一个什么样的团队，会有如此高的开发效率？而赵霏究竟是何许人也，他又凭借什么对MM寄予如此高的期望？2009年10月27日，我们连线赵霏，去解答所有这些疑问。厚积薄发：磊禹科技的诞生源于Mobile Market平台的开放性如果说赵霏和他的团队注册公司是源于对于MM平台的期望与看好，还不如说，是MM平台让很多个人开发者找到了创业的源泉和为之奋斗的动力。——编者赵霏是从2003年就开始从事手机游戏的研发工作。作为较早从事手机游戏开发的第一代技术者，曾是第一批移动百宝箱产品提交者，亲身经历无线增值产业七年发展变革，对于移动互联网充满信心和期待。而他本人曾在多家大公司带领团队，先后历经千橡天成，开拓天际等大公司担当手机游戏、手机软件部门经理、总监等职务。从上海到北京，从搭建游戏框架、开发工具的制作，到如何招聘、培训、培养员工等方面都积累了大量的资源和宝贵的经验。谈起手机游戏开发历程，赵霏颇有感触。在当时创业团队来做手机游戏开发很艰难，早期游戏的位置和排名取决于公司的实力和背景，在运营环节上大的SP对于原创草根开发者又根本不认同，所以很多非常优秀的原创游戏被埋没。而早期所接触的各种开发平台，在国内还处于一个封闭的状态，而放眼国外，Apple Store、handango对他们又太遥远，毕竟外国人的手机使用习惯、对游戏的理解，都不是轻易能够理解到位的，游戏的本土化存在难题。同时，又存在大量的翻译工作也会影响到产品的进一步发展。直到2008年，当赵霏他们听到中国 移动要基于Apple Store模式开发中国人自己的手机应用商店时，他们便一直保持关注。如果真有这样的平台面向于开发者，那将会带来多大的便利。而MM平台的公开与透明，可以完全抛开SP，这对于开发者无疑也是一大利好消息，赵霏也同许多投路无缘的个人开发者一样都在目不转睛地注视着MM的一举一动。同时，中国 移动也向赵霏抛出了橄榄枝。在特定的时间特定的场合，发生的偶然也注定了必然。所有这一切注定了让赵霏做出毅然放弃20万年薪出来创业的决定。当时间走到2009年4月时，赵霏带领多年合作的伙伴和核心骨干成立了公司，开始致力于移动MM平台的产品开发和提交，把移动MM平台作为一个重要的创业方向和目标。坚不可摧：合理分工、科学管理、项目责任制铸就精英团队我开始试图说服我的朋友们跟我一起创业，说服他们放弃现在的一切，跟我一起重头再来。他们的第一个反应，是惊讶。因为他们大多太了解我：性格稳重、从不冒险、典型的技术工作者、模范程序员；但他们同时却第一次在我眼睛里看到了率性和自信。——赵霏赵霏和他的团队共九人，从今年3月份开始提交应用到现在已累计上传58个作品，其中包括12个软件，45个游戏以及1个主题，已有33个商用。如此精简的团队是如何实现如此高效率的运作？相信除了一群热血青年满怀创业的激情和对梦想的追求外，科学的管理和团结一致的凝聚力是必不可少的因素。团队九名成员虽然平均年龄只有25岁，但核心人员都是较早界入到手机行业，很久以前就已经开始在这个市场中角逐着的人，可以说是行业元老级的人物。他们有着不同公司的经历和管理技巧，掌握很强的技术；对游戏的整体把握、对手机操作手感的把握；对于游戏策划、美工设计、界面交互等都有着丰富的经验。面对各个身怀绝技的团队成员，赵霏是如何将他们凝聚在一起并带领他们共同奋斗的？赵霏这样回答我们：首先，团队中的每一名成员大多都是和我相处过很长时间、一起入行且非常熟悉了解的，还有一部分是我在工作中着力培养起来的，我对他们每个人都非常了解且他们对我也足够信任。其次，我将团队分成三个小团队：移植团队、原创团队和网游团队。每个团队都有明确的分工和各自的开发任务。第三，建立科学的管理制度，手机团队的管理技巧在于团队要有一个项目责任制，必须有一个人为这个产品担当风险，所以过程监督、会议、策划、周报、周会、里程碑等都要全部监控到位。第四，设置了项目经理，且此人必须懂游戏、能够在很多领域都能够发挥到位。有了这四点，磊禹团队能够在每月至少制作出3~5款移值作品、1款原创作品，同时又在为开发联网类产品而努力。而其开发产品也已涉及到各个平台，包括J2ME、Symbian、Andriod、OPhone，在随后，整个团队将主攻基于OPhone平台的软件应用作品。出奇制胜：通过MM平台所获得用户反馈的第一手资料是最大的收获用户的需求是我们的第一驱动力。创新，创新，不断创新是我们的偏执之源，公司的立意之本。——磊禹科技Mobile Market中国 移动应用商场自上线以来，对于所有提交的应用作品一直是免费下载推广阶段，这也让很多开发者持观望态度，他们不会将自己辛勤开发的成果免费提供给大家，或是干脆找个技术含量相对较低的主题投石问路。但赵霏却不这样认为，他不仅为MM平台更好地发展成立了团队、注册了公司，而且最大限度地提交了应用作品。他们提交的33款商用作品中，从8月18日到10月23日，总下载次数为8072次，在后台可以查询到3~4万的收入，但因目前没有收费，所以收入为零。虽然还不能带来收益，但赵霏和他的团队却一直在MM平台摩拳擦掌、奋勇向前。——我们问：为什么？——赵霏说：为了最大限度地了解第一手用户的需求和反馈意见。这是我们的初期目标。事实上，自MM正式上线以来，在磊禹科技的产品当中，8000多次下载量的背后，是磊禹品牌推广和磊禹产品植入手机用户的数量，而且这个数字远远不止8000！这其中，磊禹所能接收到的各种各样的用户反馈，也为他们的后续开发工作助上一臂之力。赵霏告诉我们，在接到用户反馈信息中，有三种类型：一是基础用户，不会玩的咨询玩法；一是高级玩家，会提出一些游戏的BUG和很挑剔的问题；还有一类则是广东特产——只讲粤语不讲国语的广东人。这几类用户的反馈意见都能让他们的工作有一定体验和借鉴，无论是玩家提出的何种问题都是第一手体验者的反馈，也是为他们在后续开发中的一个很好指引。当然，最有趣的还是第三类玩家，因为广东用户比较多，所以有那么几个广东人讲粤语不讲国语，这让他们着实一头雾水，听不懂呀，最后他们不得不特别配备一名懂粤语方言的客服人员。说起来也算是一段趣事了。可见，通过MM平台，赵霏已经获得很多一手体验者的反馈信息，而且为之配备良好的客服服务体系，看来为了长远目标发展，他们已做好充足的准备。而且我还可以透露一个众人皆知的秘密：11月1日起，MM要对游戏和软件收费了，相信这距离赵霏准备用一年的时间来打造MM掘金计划又近了一步。精益求精：好的产品取决于创意是否接近用户需求而与程序大小无关手机游戏更多的是一种艺术品而非流水线产品。——赵霏赵霏究竟是何许人也？1980年出生，02毕业于西安一所高校，2003年就开始从事手机游戏开发，一直用“风过回廊”这个网名从事手机原创游戏开发和相关技术文章写作，他当之无愧是这个行业的元老级人物。对于游戏赵霏有不同寻常的理解，而赵霏是如何进入到这个行业的？我们还得从头说起。毕业后，越霏有段时间是在新加坡，当时比较清闲，于是自己开发JAVA游戏，后来适逢诺基亚、西门子举行一些原创手机游戏开发大赛活动，于是他将自己的作品提交参赛，不想还都获了奖，并且赢了三部手机，这在当时让他欣喜之余也深受鼓舞，坚定了从事手机开发的决心。不想这次也让他小有名气的同时也接到很多公司的OFFER，但他最终还是去了一家日本公司。提起这家公司，赵霏至今记忆深刻。当时，那家日本公司的老板为他拿出很多日本流行的3G游戏，让他看吧，这就是日本的游戏。而那些游戏的效果、画面、还有在手机平台上运行的速度，包括有很多手机邮件，让赵霏为之一振，估计当时一定看傻眼了。为了这份神奇，赵霏加入了这家公司。但在入职后他才发现，日本的手机操作系统与中国是不同的，而当时中国还处于2G的水深火热之中，3G还是个很遥远的概念。不过时光荏苒，现在3G对我们已不陌生。日本人的精简和严谨是贯穿于很多领域的，他们研发的汽车最省油，他们的SONY产品最精致，同样他们开发的软件也最小，这在赵霏也是受益匪浅。他依然记得，当时他们开发一款产品，只有59K，但这59K的应用是要放在只有64K内存的诺基亚40机上，这就要求软件在手机的内在控制，对于资源的压缩和简化，操作规范等方面都要做到精益求精。但有此经历之后，哪怕是再好的机器，再大的内存，赵霏还依然保持最初的风格，尽可能地精简优化、减少浪费，保持一贯的技术开发风格。现在赵霏所开发的最大的游戏软件只有800K，除了保证足够的精简之外，开发手机游戏还要考虑不同个人的风格，如何彰显个人的姿态。以他的观点，手机程序包的大小并不是制约用户多少的因素，重要在于产品的创意是否接近用户的需求。哪怕做了很小的程序包，哪怕只有10K，比如腾讯、飞信，很多用户都很接受；但有的很大的包，内藏高深的技术，用户却并不买账；如果安装时间长、容易断、联网体验差，这就更不能笼络用户了。所以要将手机游戏看作是一件艺术品而非流水线产品。放眼未来：通过MM平台实现拥有自己品牌的MMORPG手机游戏之梦最近正在看李开复的《世界因你而不同》，在他的创新计划中，无线互联网是其中很重要的部分，所以也真切地感受到了行业正在影响世界。而我的梦想就是要立足于MM平台，以技术为主导，开拓进取，打造出锐意创新的优秀团队。最终实现拥有自己品牌的MMORPG手机游戏。——赵霏赵霏一直以草根来自称他的团队，草根创业团队。目前除了多年积累的各种类型手机单机游戏的工具和引擎之外，他们还有自己独立研发的手机软件UI库、手机浏览器插件、还包括手机休闲网络对战游戏平台。希望今后能够借助这些产品和经验的积累，通过MM平台向广大的无线互联网用户提交更多更好的应用！而赵霏和他的团队更有一个远大的目标，就是将来能拥有一款自己独立开发的MMORPG手机游戏，征途、传奇就是他们的偶像。提起这些，他还透露出一个秘密：磊禹名字的由来。提起磊禹，这个名字也是寄予了这个团队对未来的期望。他们希望他们的团队将来也能像魔兽、像暴雪一样响亮，于是他们想到了雷雨，取其谐音，磊禹诞生。这也算是对自己心目中偶像的一次小小“敬礼”！作品展示：磊禹团队提交在Mobile Market移动应用商场作品介绍游戏名称：领主之崛起游戏简介：中世纪的歌特大陆，火与铁器的时代。在一系列由反叛所引起的战争之后，古老王国分裂成许多小公国，叛乱的诸侯们彼此之间战火不断，国家失去了往日的宁静与和平。国王的近卫军已被召回首都全力防守，我，奉命远赴边疆平叛的王国卫队长，作为唯一忠于国王的将领，被临危受命巩固最后这片领土，并夺回对王国的控制权！攻略说明：一个回合内，每支军队可以移动攻击一次。绿色区域代表一支军队的移动范围。移动范围取决于军队的兵种和所在地形(沼泽地和土坡均会降低单位的移动范围)。黄色区域表示可以给之补给的单位，红色区域表示可以攻击的敌军单位。当你完成每支军队的移动和战斗任务后，就可以点击左菜单选择结束回合，等待敌人的行动完成后，开始新回合。占领村庄可以增加税收，占领城堡可以招募新的军队。不同的兵种有各自的移动范围和攻击特点。游戏中每个关卡的任务都不一样，大体分为3类(杀死所有敌人胜利；占领相应数量的标志性城堡建筑；坚持相应的最大回合数)，注意查看菜单中胜利条件，根据关卡任务合理建造和布局你的部队，带领您的军队走向胜利！操作说明：'2'，'8'，'4'，'6'/方向键/摇杆：移动光标'5'/中间键：选中单位；*键：切换状态条0键：切换地图#键：切换军队状态左软键(菜单界面/游戏中)：确定/菜单右软键(菜单界面/游戏中)：返回/切换单位下载地址：http://www.mmarket.com/1810801/685082_2686490.html【附：磊禹团队主要成员介绍】赵霏，29岁，手机游戏制作人，团队的组织者，策划团队的产品思路，凝聚力，打造团队品牌价值。性格：忍耐力强，能吃苦，个性坚韧，做事目标坚定，充满自信。优点：创新能力强，可以自己独立的完成一款精品游戏的策划，美工和开发的全部工作。缺点：自我意识过强，性格较为固执。潜力：逐渐由技术开发转向渠道开拓和团队管理，游戏工厂的主要策划开发。李海，29岁，手机游戏制作人，肩负策划和产品工具制作。性格：个性较强，具备钻研精神，性格开朗，真诚坦率，很容易交朋友。优点：比较深厚的技术能力，并且乐于助人。有很多同行朋友，自己创建了5个QQ群，其策划开发讨论群在行业内都有不小的知名度，在朋友圈内有一定的影响能力。冀海杰，28岁，手机游戏服务器开发，负责联网游戏的整体结构设计。性格：做事非常认真，成熟稳重。优点：专业技术能力强，做事认真稳重，精于细节。此前曾多年从事金融保险行业服务器端研发，对于J2EE和.Net平台都有资深的经验。潜力：手机游戏开发制作者，技术的管理和主要负责人，游戏工厂平台的技术维护。【后记】连线时间很短，我还不能对于一个企业乃至一个人有所了解。但几次接触，印象最深的是赵霏很健谈却不拖沓，思维很敏捷却又不失谦谨。当然他对于手机游戏的痴情也是溢于言表，对事业的执着更是激情四射。当然还有不能不说的是，他做事的风格所能影射出整个团队的风格。我需要几款游戏的推荐资料，一个半小时后我收到了邮件；我需要照片，2个小时后他发来了几张团队的合影。效率之高、团队的协作可见一斑。最后，不得不说的是，MM的初期也很粗糙、人气很少、电子流还存在很多问题，但这些慢慢都有改观，客户的反馈意见也逐渐得以解决。客服的服务态度、对于政策、通知和规范的逐步改进也让更多观望者有所激励与尝试。正如赵霏所说：我们一起成长，乘风破浪。有厮如此，夫复何求？在MM背后有这么多支持者，她还有什么道理不发达呢？,8,9,0.5163567066192627
袁咏琳携手《江湖行》众美眉梦想起航作为中国流行天王的周董，每次的出入总是能吸引大批的眼球。而袁咏琳MM就是在做了周董的师妹后与周董拍了MTV而一举成名。别看她笑容灿烂，一副邻家女孩的形象，除了可爱之外，飒爽的性格也是她的致命武器呢，让人不经联想到了侠气。袁咏琳不算是那种极致的漂亮，却是很有特色的漂亮，在她身上人们可以感受到邻家却不失大方、传统却又略带都市的感觉。袁咏琳的起步也并不是很平坦，别看她现在和周董走得近，曾经的她被周董否定过两次作品呢。但执着和努力的她还是继续回去修改直到周董满意，而当她和周董同台演演出的时候，在一曲结束后，周董微笑的夸她琴拉得好。在《江湖行》的玩家中就有不少袁咏琳的FANS了呢，她们喜欢这个既有侠气又有韵味的女人。想想和《江湖行》海报中的女人还有几分神似呢，假如她扮起女侠客的话。作为一款网页游戏，《江湖行》以其少有的执着让业内外的人士刮目相看，费时三年，耗资千万，在外界对于网页游戏炒得非常狂热的时候，两窗紧闭一心造车。同袁咏MM一样，辛苦是有回报的，就好比周董夸赞的眼角，玩家们给予了极高的评价和赞许。而《江湖行》的形象也如袁咏琳MM一样，给人以一种可亲却又不失高贵，热情却又不乏宁静的感觉。在《江湖行》中也有着许多如袁咏琳这样的MM，她们可爱，善良，活泼，讨人喜欢。她们有自己的快乐，有自己的梦想，有自己关心和关心自己的人，她们因为偶然的缘分而齐聚在《江湖行》。在祝福袁咏琳将来事业更上一层楼的同时，我们也同样希望《江湖行》的MM也可以如同袁咏琳一样，长出梦想的翅膀！《江湖行》官方网站：http://jhx.game2.cn/哥们网游平台——好游戏，找哥们！http://www.game2.cn/,8,2,0.9940211176872253
央视《蜗居》评论与《女儿国OL》真理最近《蜗居》很火，弄了点东西大家看看，有看过这电视的进来看看，看过后一笑了之。男人若真爱一个女人，别净玩儿虚的，你爱这个女人，第一个要给的，既不是你的心，也不是你的身体，一是拍上一摞票子，让女人不必担心未来；二是奉上一幢房子，至少在拥有不了男人的时候，心失落了，身体还有着落。【玩女儿国，找到了合适的人，不能只带她练级，而是直接送一套18洞装备，就算你不在线了，她自己也能玩的很畅快。】如果时光可以倒流，我会带着你们过另一种生活，不要太多的钱，每天去菜场斤斤计较，为发论文、评职称而与人争得面红耳赤，也为女儿考不上好学校而心焦。也许，这样，才是一种幸福的生活，而我以前并没有意识到。--主人公宋思明语录【女儿国练到了百来级，才发现最好的生活就是在游戏里整天聊天，笑看新人小号忙碌练级。管他谁要PK，老子一概拒绝。】关系这个东西啊，你就得常动。越动呢就越牵扯不清，越牵扯不清你就烂在锅里。要总是能分得清你我他，生分了。每一次，你都得花时间去摆平，要的就是经常欠。欠多了也就不愁了，他替你办一件是办，办十件还是办啊。等办到最后，他一见到你头就疼，那你就赢了，要风得风，要雨得雨。 by宋思明【女儿国啊，就要常PK，揍一个是揍，揍十个也是揍，揍的人多了，也就成了老大了。】通往精神的路很多，物质是其中的一种。【游戏练牛逼的方法很多，花钱是任何游戏都最快的一种】。早知道今天还是要放下身段 不如当初就乖乖摆好哈巴狗的姿态 by海藻【早知道砍不过你，不如当初就乖乖的入你的帮派好了。】一个人可以背金钱的债，却不能背感情的债。背金钱的债你有还清的希望，而背了感情的的债也许到死都会愧疚。【在女儿国PK杀人，不是真的杀人。但谈了感情，那就是真实的感情。】什么是幸福？幸福就是筷头上的肉丝。【什么是幸福？最大的幸福就是有空玩手游，不用担心薪水、健康、家庭等。什么是悲剧？悲剧就是不管玩什么手游，做什么事，都觉得没劲了。】,8,2,0.5131867527961731
英狙击手靠iPhone软件击杀塔利班据国外媒体今日报道，英国驻阿富汗士兵目前正使用一款售价19英镑(约合30美元)的iPhone应用BulletFlight击杀塔利班武装分子。这款应用可以帮助狙击手对风速、子弹重力、乃至地球旋转等各种细微因素对子弹轨道造成的偏差进行精密测算，从而准确地击中千米之外的塔利班敌人；BulletFlight甚至还可以预测出子弹可能对敌人造成的伤害程度。英军狙击手目前纷纷将这款应用下载到他们的iPhone中，并广泛运用于实战。驻阿富汗盟军部队还使用了微软Xbox 360游戏机操控军用机器人车辆。盟军还使用PS3游戏机的芯片研发廉价超级电脑，以开发新的军用雷达。BAE公司、劳斯莱斯、空中客车以及威廉姆斯F1车队等公司的英国专家正在联合开发一个项目，使用电脑游戏测试新军用设备。BAE公司正在使用PS2的3D图形技术研发新一代军用引擎设计。该公司工程师斯图尔特·迈克多加尔(Stuart McDougall)说：“军方一直热衷于研发新技术满足他们的特点需求。但现代消费者产品正变得越来越强大，价格也日益有竞争力，使用范围逐渐广泛。”任何人都可以下载BulletFlight这款军用软件，基本版的软件价格只有2.49英镑，完全版的软件价格只有18.78英镑。目前驻阿富汗和伊拉克美军使用了诸多iPod Touch 和iPhone应用，包括地图、生存手册以及战术导航等军用应用。,8,7,0.5890159606933594
3G团队梦工厂 产业布局从“人”开始近日，由北京数字娱乐产业示范基地和易无线创投共同创建的“人才孵化器”——3G团队梦工厂正式对外开放了。“3G行业虽然还有些雾里看花，但是移动通信的发展趋势是不可阻挡的”基地执行总裁郝勇这样向大家介绍这个项目的前景。“如何在竞争态势不是很明朗，盈利模式不是很成熟的时候在3G行业布一个稳局，我想是很多企业领导者和创业者都在琢磨的问题，当大家都观望的时候，很多有潜力的业务和模式就可能在犹豫中失去机会。如果我们能够从服务的角度为这些想法造就一个试练场，让大家在一个低成本甚至是可盈利的状态下来尝试自己的想法和产品线。我想对整个行业的发展是非常有推动作用的。3G产品项目成功因素中，人是最稀缺的，它带来技术及商业模式。解决3G人才成长是产业发展的关键。众所周知，培训是一个盈利模式清晰的业务，但在3G人才成长中，单纯的培训就显得很单薄了，如何让培训融入到3G产业实战是个“艺术化”的课题。3G团队梦工厂采用学习与创业、导师相融合的新模式，让企业，创业者，待加入的从业者都能各取所需。我们用企业梯队服务业务来“承包”企业未来的人力资源业务，将“学习“导入创业者或企业的项目，并提供场地政策等孵化器资源扶持。同时，向希望加入3G行业的劳动力资源出售包括企业环境、人脉、顶级项目、导师、渠道等资源，即直接向他出售工作和工作经验。这样所有的项目所需的资源就齐聚了，让3G人才在创业中学习成长，人才培训过程既是3G项目产品创业过程，实现多赢局面。在看不清的时候做储备，伺机而动，这在兵法上也是常道，关键是看怎样做这个储备，是赔着做还是赚着做，这里面的差别可就十分巨大了。团队梦工厂为3G从业者搭建了一个个“赚着做的平台”，让大家都能满载而归，随着3G行业爆发的时候，这个平台的力量就会凸显出来。“我们和李开复李总的创新工场想法类似但是商业模式不同。”当被问及到3G团队梦工厂和创新工场的异同的时候，团队梦工厂CEO李天语给出了他的看法。“李(开复)总本身的品牌和渠道都很强大，所以他是以一种强势的姿态出现的，他可以召集天下英才齐聚身边，装备整齐再加以正规的训练，而后开疆拓土，完全是一种超级导师的风范。我们不同，我们首先只能锁定一个行业，来我们这里的人是我门的客户，我们帮客户找创业项目和业内导师，教客户如何做项目，如何创业，或客户有项目，我们的导师教客户如何做，在创业中，客户逐渐成长为3G行业的佼佼者。李(开复)总侧重于资本和渠道层面，我们更侧重于客户服务和资源整合。但殊途同归，都是在做“创业”这块市场。我们都在用自己的方式来诠释我们对这块市场的看法。”3G团队梦工厂在2010年刚刚开始的时候，以“人才孵化器”这样一个新鲜的词汇，以学习与创业、导师相融合的新模式，杀入3G创业市场，3G劳动力市场和3G产品市场。是不是真的如李天语所说的，3G团队梦工厂是一个小雪球，但是一个从雪山上滚落的小雪球呢？那些希望在3g领域创业或从业的人们在这个新的合作模式下能否获得更好的发展机遇呢？创新工场和3G团队梦工厂的出现是否会带来一个蓬勃发展的创业服务市场呢？让我们静观其变。,8,9,0.5065417885780334
北京第三届优秀软件构件评选结果揭晓2010年1月6日下午，由北京市科学技术委员会支持，北京软件行业协会、北京软件与信息服务业促进中心和北京软件产业基地公共技术支撑体系主办，北京软件产品质量检测检验中心与北京大学承办，北京市科学技术委员会人才交流中心协办的北京第三届优秀软件构件评选颁奖典礼在丽亭华苑酒店召开，由北京软件产品质量检测检验中心吴铸成副主任主持典礼，围绕“实现科技资源开放共享，推进自主创新能力提升”这一主题展开深入交流与探讨。北京市科学技术委员会条件财务处张信副处长、北京软件行业协会会长华平澜、国家863计划专家组专家、北京大学信息科技学院院长梅宏教授、科技部高技术中心信息处褚诚缘主任、北京软件产品质量检测检验中心胡青华主任、北京科学仪器装备协作服务中心孙月琴副主任、北京市科学技术委员会人才交流中心主任助理王彤彦、首都科技条件平台电子信息领域主管阿孜古丽等政府领导和行业专家出席了颁奖典礼。构件评选旨在宣传构件技术，帮助企业降低开发成本、提高生产效率、加强业内沟通、培育典型优秀企业及产品，全面展示北京市科技企业发展的丰硕成果。活动期间组织单位积极为企业和高校连续开办多场技术培训、讲座以及交流会，共享当前的最新技术理论和观点，搭建了用户对优秀科技产品和服务的认知平台。第三届评选活动于07年正式启动，为了进一步加强软件构件技术在实际过程中的应用，培养优秀构件技术人才，促进学以致用，本届活动除企业参选以外，还增加了高校参评对象的范围，同时，评选奖项类别也大幅增加。通过与前两届对比，可以发现两个显著的特点：一是报名参加的企业明显增多；二是参评构件的质量有了明显的提高，其中有相当数量的构件已经是企业的市场产品。这说明了，软件构件技术在软件生产过程技术改造，推动社会经济发展方面，发挥着重要作用。评选在公平、公正、公开的原则下，参评构件经过专业的文档评审、第三方测试和专家评议，最终，来自北京超图、神州数码、北京宝迪、鸿合科技、金山软件、深蓝创娱等20家企业和北京大学、北京工业大学、北京林业大学、华北电力大学、中国石油大学、北京交通大学六所院校的数十款优秀构件从提交的两百余个构件中脱颖而出。颁奖典礼上，各位领导对评选活动给与了高度的评价和充分的肯定，对企业和院校积极开展可复用技术和产品研发给与了表扬和鼓励，并为获奖单位及个人颁发了奖牌和证书。至此，北京第三届优秀软件构件评选活动圆满结束。,8,3,0.5604446530342102
《棒棒堂》同城结伴看阿凡达活动3D时代来临！梦想中的阿凡达！《棒棒堂》同城结伴看阿凡达！对电影业具有划时代意义的电影《阿凡达》，正以疯狂势态席卷全球，目前票房已超过12亿美元，已成为史上第二卖座的影片！一票难求，据朋友形容人山人海，脚不沾地，愣被挤着进去的，额滴神$_$我们一起来八八这部热门影片吧。活动时间：2010年1月10日14：00-2010年1月15日12：00活动要点：1.贴子标题请以[A]+所在城市+自定义标题。[]符号也是要写出来的，否则无法被系统统计到哦，字母不区分大小写；如：[A]成都-我也会讲纳美语啦！2.在《棒棒堂》男女朋友版本发贴，标题中必须注明所在城市，围绕抢钱大片《阿凡达》写一篇贴子，文体不限，言之有物，不少于120字即可；活动奖励：优秀作品可获得加分奖励，1个帐号限获1次加分。如发表多篇参赛贴，以得票最高的贴子为最终参赛贴参与计票。纳美绿卡(1名)：奖极品道具小棒仔15天+全国通用移动充值卡50元人气红卡(1名)：奖极品道具卡蒂亚冠15天+金币红包两万文字优美卡(10)：奖金币红包一万评选方式：只有符合参赛条件的贴子才能获奖；活动期间每获得不同帐号的1个回复为1分；纳美绿卡由官方从得分前10用户中选出2位获得；人气红卡由其余9位中得分最高1位获得；文字优美卡从所有参赛玩家中产生。活动结束后，我们会按地区整理所有参赛玩家的帐号，并公布，方便大家可以认识《棒棒堂》里同城的电影发烧友 ((。(^_^)。))[开发公司/运营公司]：炯炯网络[官网网站]：www.17joyjoy.com[wap网站]：wap. bbt.cn[客服电话]：400-6060-995,8,2,0.8252424001693726
3G团队梦工厂 开启大学生创业新模式袁亦荣，岑彬，钱旭，三个来自北方工业大学的学生，在2010年1月18日上午9点30分，获得了一份来自3G团队梦工厂的“3G毛坯车间项目策划书”，开始了他们的3G行业创业的征程。“关于3G毛坯车间的盈利模式，是十分简单明了的。”袁亦荣说，“类似世纪家园那样的交友网站，寻找好的工作也会是大家的一个需求，将3G的机会引入校园，帮助大家熟悉这个行业，并借助3G团队梦工厂的资源，为大家提供一种贴身的服务。我们认为是可以被广大的同学所接受的。”学习计算机专业的钱旭，同时又是学校职业发展协会的秘书长，对于这个计划有着自己独到的理解：“鉴于andriod的市场优势，我希望建设一个andriod实验室，还希望通过石景山数字产业园区和3G团队梦工厂的渠道获得学校的支持，以及3G行业的企业对学生的关注，搭建一个优秀的植入性平台，让学生有机会从零做起。”学习财务专业的岑彬有着和其专业相匹配的缜密思维，说话不多，但颇具条理：“在学校内的商业元素其实有很多了，我的同学们也经常作为客户或兼职员工参与其中，所以说我们并非没有任何经验，只是不系统，其实我们需要一个规范的空间让我们获得持续性的经验积累，3G毛坯车间就是提供了这样一个环境，可以让学生在3G行业持续获得经验，我想一年以后，参与其中的同学一定会具备3G行业的从业能力。”团队梦工厂CEO李天语说：“我们的服务宗旨是让我们的客户迅速抓住3G的机会，通过我们孵化器的资源和学生自身的资源优势相结合，共同开发出盈利模式清晰的产品。我想大家已经注意到了一些细节，首先他们愿意为3G和资源付费，其次这些大学生已经开始用商业化的思想思考问题了，他们已经开始注意盈利模式，开始关心谁是自己的客户，能够分析自己的优势和劣势。其实我们只是针对性的做了几个小时的培训。事实证明，大学生本身的素质是没有任何问题的，也不缺少对事物的判断能力。所缺的是一套行之有效的服务模式。把客户放到真实的环境中，让有经验的人士为客户打工，提供客户成长所必需的资源，和客户分享项目成果，客户将为这个过程付费。这样的创业模式让所有参与者都能各取所需，又都有责任，且目标一致。大家是在向同一个方向努力，成功的概率就要高出许多。”看得出来，团队梦工厂确实在利用一个类似孵化器的模式在和所谓的客户合作，这也许就是他们把自己称作人才孵化器的原因，他们给出了一个大学生创业或者就业的新模式，就是“资源植入模式”，让客户直接购买工作和工作经验，然后再帮客户雇佣一个CEO带领他们创业或者教给他们职业法则，使其具备盈利能力，最终顺利的过渡到自己的职业生涯中。如李天语所说，人生如一个游戏，团队梦工厂充当了一个“策划”的角色，工厂策划了一段人生的传奇之旅，等待玩家自己来开启。,8,4,0.6739153861999512
汉王电子书 要像中餐馆一样覆盖欧洲    作者：潘昊    “汉王要像中国餐馆一样，像水一般覆盖整个欧洲市场。”作为目前国内最大的电子阅读器销售商，在参展法兰克福国际书展之际，汉王董事长刘迎建这样描述汉王电纸书的海外发展前景。     法兰克福国际书展是当今世界规模最大的图书博览会，为期5天的展会预计将实现全球出版业75%的版权贸易，“数字出版”可以说是今年法兰克福展会的绝对主题。作为此次展会的主宾国，中国在此届书展上布置有一个中国主题馆，并展现了从甲骨文、铭文、竹简、帛书等各个历史阶段共2000余件重要出版载体。    “站在全世界的角度看，数字化出版几年前就很热。但自从电子阅读屏幕成为成熟产品，以及亚马逊和汉王等企业获得成功后，整个数字化出版产业的脉络才呼之欲出。可以说，电子书将是未来十年的一场巨大革命，它将彻底改变人们的生活。有幸的是，汉王科技在这场革命中跟世界几乎同步，而且冲到了最前列。如果说展会上展出的有现存最早有明确时间记载的雕版印刷品《金刚般若波罗蜜经》代表了中国这个发明印刷术的古老国家的历史，那么现在的最新成果的代表就是我们汉王的电纸书”。刘迎建这番话语确实拥有绝对的底气。据了解，汉王已经成为仅次于亚马逊、索尼的全球第三大电子阅读器生产厂商。目前在国内市场上，汉王电纸书占据国内绝大部分市场份额。国际市场上，在今年3月份的德国汉诺威展会上，汉王电纸书更是一举赢得3万套的大单。“我们9月的单月销量已经超过了索尼，如果能够顺利打开海外市场，预计明年就有望赶超亚马逊。”刘迎建对汉王电子书业务的未来发展信心十足。    除了销量，在产品模型以及技术上，汉王电纸书同样具有优势。2009年汉王出品7款模型，远高于索尼的3款及亚马逊的2款。无论是硬件还是软件模型，汉王全都是靠自己开发，并拥有众多专利技术。在本次书展上，汉王更展示了其全新的海外版电纸书系列产品，并分为英文、德文、葡萄牙文等多个版本，内置几千本正版外文图书。    刘迎建认为，数字化出版将会改变人们的生活，最大的改变就是阅读方式，纸质将被边缘化。“当下阅读更多的是现代人一种求知、休闲的生活方式，内容对于电子书产品固然重要，但即使一本电子书可以装下人类所有的书籍，可一般人一生中平均阅读书的数量很难超过100本，全世界的阅读都是以母语为基础的，不同国家地区的读者都有着不同的生活体验。”所以，汉王接下来业务拓展的重点，就是通过打造适合当地母语文化的服务平台，来提供给不同区域读者差异化的电子阅读体验。    因此，刘迎建除带领汉王参展法兰克福，组建汉王在德国和法国的分公司也是此行重要任务。据刘迎建介绍，汉王拓展海外市场将采取更为灵活的营销战略，“包括注册适合该市场母语文化的本地品牌，或是与当地出版商合作推共有品牌产品，甚至可以提供裸机的OEM方式等。”据了解，目前汉王德国分公司的人员已经到位，已进入版权合作、渠道建设和市场营销阶段，而在法兰克福书展之后，刘迎建已经赶赴法国，主持筹建第二家海外分公司。而这不过是汉王海外宏伟蓝图的小开端。    为配合拓展海外市场，与国际内容提供商洽谈国际版产品合作也是汉王的一个重要任务。在法兰克福书展期间，汉王已与全球最大的英文书籍出版商之一、美国新闻集团下属出版集团哈伯柯林斯（Harper Collins）展开全面合作，汉王斥资数百万美元购买其数千册英文电子书的使用权，并通过下载次数进行分成。    电子阅读是一个非常庞大的产业链，主要包含终端产品、平台运营、版权内容、传输通道、数字化五大利益部分。相比亚马逊能够在美国建立一个完整的产业链条，刘迎建认为对于中国式的无纸化阅读而言，技术并不构成问题，而且中国电子书企业在产品制造和技术环节上具有成本优势，但是在内容和通道上确实存在距离。刘迎建表示，汉王将依托自身的优势，目前的业务重心将主要集中在产品终端、网络服务平台以及内容数字化三个方面，其他环节将更多通过产业分工，与网络运营商、出版商、电信运营商等展开合作。    作为中国电子阅读的布道者，刘迎建希望充分发挥中国制造的优势，“汉王的产品现在拥有充分的竞争力，相信将来我们能成为世界上最大的电子阅读市场的中国制造公司。”与此同时，为争取阅读价值链更大利益空间，汉王将进一步升级产业平台，建立“阅读解决方案”。据了解，汉王对此的发展战略分为三步，第一步是广泛采集优秀书籍，第二步是搭建易用的电子书报交易平台，第三步则是搭建整合性阅读解决方案平台。与国际出版集团的签约合作正是汉王扩充内容来源的战略之一。    此届书展，是中国出版界参加该展会长达20年以来，首次以主宾国的身份参展，而在新的数字化领域，汉王这几年一直充当着一个先锋官的角色，发力海外，将为汉王在数字出版和电子阅读领域抢占制高点创下先机。,9,5,0.720122218132019
金士顿DTL安全密匙  开启高速读写时代我们需要一把“安全密匙”来守护信息安全的大门。根据笔者在办公室内的小范围调查显示，有大约40%的同事习惯将自己的私密信息存储在电脑中，并且他们中大部分的人不对这些文件进行“隐藏设置”；有大约40%的人会把自己的私密信息放在U盘中随身携带；有大约10%的人会把最私密的信息存储在自己的电子信箱中；还有另外的10%会及时处理自己的私密信息，不留下任何隐秘性的电子文件。与此同时，前三类人群都表示出对信息存储安全问题的担心，认为这些存储途径都不是100%可靠。电脑、电子信箱会有遭到黑客恶意攻击的可能，U盘会遭遇丢失、信息被窃取的可能。究竟什么样的保护渠道才会让信息100%安全，我们通过一款近期市场上倍受追捧的安全型闪存盘产品来进行一下分析。    U盘“分区而治” 守护信息安全大门,9,5,0.6862182021141052
连续六年的精彩 尼康赞助花样滑冰大奖赛·尼康展台人头攒动尼康连续六年赞助的，由国际滑冰联盟（International Skating Union）主办的Grand Prix系列中国站——“Cup of China 2009 中国杯世界花样滑冰大奖赛”于10月30日在北京首都体育馆拉开了序幕。“ISU Grand Prix系列”是云集了世界顶尖花滑选手的权威大赛，赛事共由中国、美国、加拿大、法国、俄罗斯、日本6站组成，而其中两次大赛总计分数较高的选手将直接参加“ISU Grand Prix Final大赛”的角逐。本次中国站的比赛，中国双人滑著名选手申雪/赵宏博、张丹/张昊届时也将登台献技。整个赛事将通过CCTV-5，在中国、美国、加拿大、日本、韩国等多个国家进行实况转播。在10月31日晚举行的双人滑颁奖仪式上，尼康映像仪器销售（中国）有限公司董事长兼总经理金子博明还将为获得双人滑前三名的选手们颁奖。此外，在中场休息和赛后的答谢晚宴上，观众们也将有机会获得由尼康公司提供的相机作为奖品。尼康一直坚持将体育文化、品牌形象、影像文化三者的有机融合，大力赞助一些顶级摄影、体育赛事。今后尼康也将继续积极大力推动在中国的发展，为中国的体育、文化事业贡献自己的力量。相信在未来更多的体育赛事中，大家还将不断看到尼康的身影。,9,6,0.9877238273620605
多方面发展1亿广告费 汉王前（钱）途似锦11月10日下午两点，汉王科技股份有限公司 董事长 刘迎建作客中关村在线风雨对话。刘迎建先生就网友提出的各种技术问题和市场问题进行了解答。网友：汉王出了7款阅读器，是哪个方向的，是不是针对中国的特色？在开拓国外的时候，是不是每个语种都要有小的构想？ 刘迎建：第一类是商务类，里面放的书主要是公务、商务，把会议、资料放进里面，还有商务人士自己看。 第二类是教育类，里面放了很多的字典、教材，给学生用。 第三类消费类、娱乐类，里面有很多的MP3，有很多消费类的书。 这三类都在海外有销售，欧洲特别是德国卖商务类的多一点，俄罗斯卖消费类多一点。所以国内国外都有销售，当前是三类。 网友：你们的产品很好，但是在宣传上有没有比产品更好的方法？ 刘迎建：在宣传上今年也是做的很大的投入，因为市场是需要教育，现在是导入期。今年预算是投1个亿的广告费，现在已经投了有6000万了，年底要请的许晴当代言人，还在中央电视台花2000万左右的做电视广告。 主持人：国内的企业中，特别是民营企业中，如果花费做研发，企业家们都肯花费。但是做广告宣传的时候，他们就很心痛这些钱。我看刘总在这些问题好像很勇敢，希望我们今天在互联网上看到更多的产品的宣传。,9,5,0.3874565660953522
台证交所总经理：希望两岸ETF实现相互挂牌许仁寿是在当日举行的2009第二届上海金融论坛上作上述表示的。许仁寿说，交易所之间的整合已经成为全球性的趋势，大陆和台湾的交易所在产品设计、人员交流、技术分享等方面都有很大的合作空间。“如果两岸合编推出ETF，不仅可为两岸投资者提供新的投资产品，也有利于两岸企业分享资本市场利益。”许仁寿说。据悉，台湾证券交易所将于今年5月15日在台北举行有关ETF的论坛，届时上海证券交易所、深圳证券交易所和香港交易所将应邀出席，共同商讨推出ETF产品。2009第二届上海金融论坛由上海市人民政府台湾事务办公室、上海市金融服务办公室和上海交通大学、台湾金融服务业联合总会主办。两岸金融业者和学者就“全球金融海啸下的海峡两岸金融合作”“台湾应对国际金融危机的举措”等话题展开了热烈讨论。,1,7,0.9966772794723511
税务总局：QFII在中国境内收入缴纳10%所得税通知并指出，如果是股息、红利，则由派发股息、红利的企业代扣代缴；如果是利息，则由企业在支付或到期应支付时代扣代缴。通知说，QFII取得股息、红利和利息收入，需要享受税收协定待遇的，可向主管税务机关提出申请，主管税务机关审核无误后按照税收协定的规定执行；涉及退税的，应及时予以办理。通知要求，各地税务机关应了解QFII在中国从事投资的情况，及时提供税收服务，建立税收管理档案，确保代扣代缴税款及时足额入库。,1,7,0.9517633318901062
税务总局明确QFII缴税相关问题记者20日从国家税务总局获悉，税务总局近日发出通知指出，合格境外机构投资者（QFII）所得来源于中国境内的股息、红利和利息收入，应当按照企业所得税法规定缴纳10%的企业所得税。通知同时指出，如果是股息、红利，则由派发股息、红利的企业代扣代缴；如果是利息，则由企业在支付或到期应支付时代扣代缴。通知称，QFII取得股息、红利和利息收入，需要享受税收协定待遇的，可向主管税务机关提出申请，主管税务机关审核无误后按照税收协定的规定执行；涉及退税的，应及时予以办理。通知要求，各地税务机关应了解QFII在我国从事投资的情况，及时提供税收服务，建立税收管理档案，确保代扣代缴税款及时足额入库。,1,7,0.95339435338974
熊市一年间：还原一个真实的QFIIQFII，具备境内直接投资资格的海外机构，长期处在市场的关注焦点之中。关于QFII的传说有很多，比如，传说他们能够先于其他人一步获取投资信息；比如，他们有其他投资者不具备的投资能力；比如，他们的盈利丰厚，甚至传说他们对市场有绝对的影响力。上证报《基金周刊》累积近一年的资料推出专题报道，为读者揭秘。QFII是怎样的一群投资者，他们在过去一年熊市里战果如何。他们的投资判断怎样，他们在过去一年中的投资得失和成败。⊙本报记者 弘文QFII业绩 上涨快，下跌也快QFII基金的业绩神话曾经让很多人感到倾心。在上一轮大牛市中，部分QFII机构曾经创下2年近500%的收益水平。而在当时，QFII基金的平均收益，大幅超过国内基金也是家常便饭。由此，QFII甚至成为很多投资者心目中有神奇投资能力的人，他们的持股一度成为市场追逐的话题。而QFII经常出没的诸如北京、上海等地的席位动向，也一度成为市场炒作行情的借口。那么在过去一年多的熊市行情中，QFII基金的表现究竟如何呢？根据公布汤森路透最新公布的部分QFII基金业绩显示，QFII整体在过去一年中，并没有取得特别超人的业绩，如果说有什么特点的话，那就是QFII基金的整体亏损甚至要高于内地的股票型基金、积极配置型基金的平均水平。而更接近指数的跌幅。根据汤森路透截至1月份的统计，5只有确定业绩数据的主动型QFII基金在过去1年中获得收益大概是-56.11%。这个水平远远大于国内各品种的基金。同样的统计是，中国股票(内地)基金的平均亏损为-45%，进取混合型基金为-41.01%。灵活混合型为-40.86%。具体来说，日兴黄河系列基金的亏损幅度为59%(截至2009年1月30日)；APS中国股票基金、摩根斯丹利中国A股基金、荷银中国A股基金的亏损幅度为50%~56%之间(截至日期2008年末)。与同期的中国股票基金1年期业绩相比，整体排名在后1/3的位置。而尤其让人印象深刻的是，上述部分基金在牛市中表现良好。其中包括，日兴黄河、摩根斯丹利中国A股基金等都有过在牛市中辉煌业绩。这似乎表明QFII基金更擅长在上涨的市道中有所表现。同样可以作为上述观点的例证的是，在1月份的上扬行情中，QFII则再度胜出，根据汤森路透理柏的公布数据，QFII中国A股基金1月份整体的平均业绩增长达到7.62%，又一次领先国内股票基金。显然，QFII基金的业绩在上升市道中明显有利，而调整环境中则不占便宜。QFII投资策略 稳定高仓位那么上述情况和QFII基金的投资风格有关系么？答案是有。来自《上海证券报》和理柏中国共同推出的QFII投资月报显示，QFII的上述业绩特征，与其资产配置上的风格有着密切关联。而恰恰是后者，直接导致了QFII基金净值的涨得快，跌得也快的特点。根据QFII投资月报的统计数据显示，QFII基金在2008年中，仓位最低的时候为73%左右，最高仓位为87.09%。平均水平在80%以上。整体的股票仓位远远高于内地基金。根据计算，内地基金在4季度季报时，已经普遍降至历史的最低位，70%以下。以同类基金、同时期的数据相比，QFII基金的股票仓位要比内地基金高5~10个百分点左右。另外，QFII基金中有相当部分奉行“淡化选时”的高仓位策略。比如日兴黄河基金的平均仓位长期保持在95%左右。摩根大通先驱基金的股票仓位也长期在93.5%左右。他们这种稳定的持股风格在熊市中始终没有发生过变化。而整体的股票仓位就是，QFII基金在进入中国市场近5年中，业绩表现特征的最大原因。上述做法，从短期看，似乎加大了业绩波动(对于持有人来说，增加了投资过程中的痛苦)，但是，从长期看，似乎则是有较高的累计收益。一个突出例子是，目前QFII基金相当部分仍然有着相对不错的累计净值就可以看出。当然，QFII整体也受到了市场的影响。在面对百年一度的金融海啸的时候，QFII的仓位依然发生了不小的变化。从历史数据可以看出，尽管QFII的整体仓位似乎没有内地基金波动得那么厉害，但是过去一年的增减仓数据的频繁，已经远远超过其历史运作的水平了。来自QFII投资月报的显示，过去12个月中，QFII基金的仓位波动整体还是比较明显、甚至是相当大的。这12个月里，重点减仓的月份远远超过加仓的月份。这也是其股票仓位在1年内剧烈下降超过10%的原因，(当然，考虑到统计口径的关系，上述统计数据可能有一定偏差)其中，QFII机构大幅减仓的月份有去年10月(QFII平均减仓5.47个百分点)、去年3月份、去年9月份、去年8月份等。而出现加仓的月份则主要是，去年4月份，去年11月份和12月份。总体看，QFII增减仓的动因和市场表现有相当密切的关系。而去年9、10月份，全球金融海啸危机最甚的时候，对QFII的投资风格也产生了一定的动摇。不过，总体看，QFII的投资风格和理念还是相对稳定的。而且行业导向、和选股标准也都保持着相对稳定的偏好。总体看，QFII偏好国家支柱产业、稳定行业、景气向上的行业。在这些行业中，除了少数基金偏好中小盘或题材类股票外。大部分QFII的主要持仓组合都是大型龙头企业。在持股上和基金的交叉重仓股有相当明显的重合。QFII观点 在不确定中决策而QFII在过去1年的投资观点的变迁，恐怕也是市场相当感兴趣的。本期《基金周刊》辑录某大型QFII过去1年的逐月观点变化(部分)，给大家一个直观的印象，QFII是如何思考以及操作的。2008年1月：1月份全球股市同时出现恐慌性抛售，中国成为表现最差市场之一。沪深300指数较上月跌14.2%，主要由于中国是去年表现最佳市场之一，而近期投资者却纷纷将过去有出色表现的市场、行业和公司获利回吐，之前表现出色的投资都因为获利盘涌现而回落。我们将这次下跌视作入市机会。预料短期内中国股市的表现仍会有所反复，因为投资者仍须消化美国最终陷入衰退，以及恶劣天气导致中国经济增长可能较预期疲弱和第一季消费物价指数上升的因素。本基金继续着眼于内需增长概念股。2008年3月：A股市场于3月份遭大幅抛售，深沪300指数按月下跌19%，反映市场持续受制于国内通胀压力沉重及增长前景放缓的忧虑。2月份的消费物价指数高企令冒险意欲大减，投资者纷纷增持现金。中国的实质经济势头大致上仍然良好，业绩期内亦未见有太多令人意外的负面消息。环球金融市场持续波动，美联储出手救助陷入危机的贝尔斯登投资银行，令出现灾难性系统风险的机会减低，但环球市况仍处于紧张状态。尽管如此，国内企业估值已变得更吸引，预料政府仍会维持其弹性紧缩政策，但针对通胀压力而施行较强硬政策的可能性，应会于次季减轻。我们相信中国会在有需要时采取正确部署提振内部增长复苏。对于愿意采取长线观点的投资者而言，目前的环境尚算平稳。2008年5月：中国股市5月份出现调整，有关通胀及货币压力的隐忧加剧。中国4月份消费物价指数涨幅仍高达8.5%，而5月份全国农产品价格指数与4月份相比则显著下跌约3%。企业方面，消费开支主导企业因为地震冲击而看淡短期前景，而期待已久的内地电讯业重组亦终于出台。另外，近期政府就若干产品的价格控制发出指引，令人关注政策风险可能加剧。油价的影响乃属未知之数，但初步迹象显示，亚洲国家政府已开始削减补贴，而作为全球最大耗油国的美国，需求亦见下降。凭借雄厚财政状况，加上对石油入口倚赖不多，中国应具备有利条件，能够应付油价压力。我们维持有关中国消费物价指数可望降温的看法，继续看好在各自市场中拥有强大议价能力的龙头企业。2008年7月：7月份，中国A股市场跟随油价及美国金融体系消息层出不穷而表现反复。尽管中国政府的货币政策有放宽之势。一如所料，中国2008上半年经济数据显示6月份消费物价指数压力有所放缓，第二季国内生产总值增长减慢(但仍然良好)，主要受到出口增长显著放缓推动。不过，生产物价指数仍然高企，出口商及制造商毛利受压的隐忧挥之不去。油价虽见回落，整体股市气氛仍然低迷，。油价回落应可舒缓通胀风险，但原因却是环球增长数据令人失望，以致利好作用未能达到之前的预期。尤其是面对深陷困境中的发达欧洲等地区，出口企业的盈利预期更将继续面临下调压力。我们继续看好行业内具领导地位及有整合能力的企业，以及在其所属市场和行业中拥有强大定价能力的主要公司。2008年11月：环球股市在11月份延续反复市况，中国政府推出价值6000亿美元的刺激方案及幅度大过预期的减息，以应付疲弱程度超出预期的经济形势，支持A股月内反弹，沪深300指数按月上涨近10%。11月的采购经理指数反映订单数量急跌，以及商家正降低库存，这些都显示2008年第四季中国的工业产值增长将趋疲弱。不过可能上述情况有所夸大。由于本基金采取较防守性的部署，因此月内表现略逊于基准指数。金融机构持续的减债潮，将继续对环球股市产生无法预料的影响。但各国政府纷纷出手，对私有资产及债务进行直接或间接的购买和担保，应能继续为巨压下的市场提供舒缓。我们预计，未来数月中国政府将公布关于刺激方案的更多细节，并有可能继续减息以重塑市场信心。我们保持核心类别策略，并偏好资产负债表健全、盈利和现金流前景明朗的股票。我们认为这能提供当前环境下最佳的风险与回报平衡效益。综观上述各月的观点，可以发现，QFII在面对去年急剧变化的市场时也有很多国内基金面临的挑战，同样，也无法做到步步领先。无论是数据还是结果都表，QFII也是普通的机构投资者，他们或许更有理念，也有更长期投资的经验和客户资金，但终究他们是凡人。或者，这市场从来就不存在神仙。    相关报道：    国税总局明确QFII应缴纳10%企业所得税    税务总局明确QFII缴税相关问题    QFII继续做空 大宗交易再抛1.74亿    QFII借道大宗交易对冲A50基金沽压    陈家琳：QFII转投私募第一人    1月社保QFII增开16个账户    QFII中国股票基金一月资产规模劲升,1,5,0.993101954460144
税务总局：QFII应缴10%所得税 业内人士称此规定根本目的在于完善资本市场运行规则，对QFII利空有限国家税务总局20日宣布，税务总局近日发出通知指出，合格境外机构投资者(QFII)取得来源于中国境内的股息、红利和利息收入，应当按照企业所得税法规定缴纳10%的企业所得税。通知明确，QFII所得如果是股息、红利，则由派发股息、红利的企业代扣代缴；如果是利息，则由企业在支付或到期应支付时代扣代缴。各地税务机关应了解QFII在我国从事投资的情况，及时提供税收服务，建立税收管理档案，确保代扣代缴税款及时足额入库。中国社科院财贸所税收专家介绍，2005年底，经国务院批准，对QFII委托境内公司在我国从事证券买卖业务取得的差价收入，免征营业税，但对于所得税却没有明确规定。一直以来，QFII所得税问题悬而未决，大多数QFII在所得税问题上都是先代为扣缴，但也有部分QFII不计算所得税。专家表示，国税总局明确QFII缴纳10%的企业所得税，实际源于2008年1月1日起施行的《中华人民共和国企业所得税法》及其实施条例。根据规定，非居民企业在中国境内的所得缴纳企业所得税适用税率为20%，实际执行10%的优惠税率。国税总局上述通知还称，QFII取得股息、红利和利息收入，需要享受税收协定(安排)待遇的，可向主管税务机关提出申请，主管税务机关审核无误后按照税收协定的规定执行；涉及退税的，应及时予以办理。专家介绍，为了避免双重征税，我国与世界上90多个国家签订了税收协定，根据收入来源地管辖权的一般原则，境外企业在我国取得的收入适用我国税率。因此，国税总局的上述表述，实际是简化了向QFII支付股息、红利和利息收入企业的工作，支付企业只需考虑我国税法预提所得税即可。市场人士认为，QFII所得税涉及的只是利得部分，与营业税相比数额较小，在我国税收收入占比中也是微不足道的，QFII不会因此政策而出现大规模撤离现象。明确QFII所得税制，根本目的不在于增加税收收入，而是通过税制的明确，完善资本市场的运行规则，吸引更多退休基金、共同基金等大型海外投资机构入场。据《中国证券报,1,7,0.9055638909339905
QFII年均获批额可能达28亿美元上海咨奔商务咨询(Z-Ben Advisors)有关中国实行6年的合格境外机构投资者(QFII)机制的最新年度报告，将于本周发表。该报告预测，未来几年中国对QFII投资额度的审批将较前几年更为稳定，2014年QFII额度将达到300亿美元。目前，这一额度大约为120亿美元。这意味着，每年核准QFII额度有望达到28亿美元。咨奔商务咨询最新的QFII手册，分析了中国证监会和外管局近年回应外国投资管理公司申请的趋势。撰写这份报告的咨奔商务咨询执行董事迈克尔·麦考马克说：“中国监管者在分配新QFII额度时有一组明确的优先顺序：针对散户投资者的零售基金。”研究表明，监管层很可能偏爱聚焦于本土企业和投资者的外国投资管理公司。官方对那些把自己的额度授予给其他机构(例如对冲基金)的额度持有者印象不好。报告称，QFII额度出租的模式也在慢慢消失，对已获得QFII额度的机构，如果将额度出租，那么未来申请更多额度时，可能会被要求提供相应的投资计划；如果申请是由其旗下的资产管理部门提出的，则获批相对会容易些。在全球金融危机背景下，排队申请QFII资格的外资机构眼下已超过100家。,1,5,0.8636139631271362
金融从业人员老鼠仓行为最高可判10年2月28日，十一届全国人大常委会第七次会议在完成各项议程后，在北京人民大会堂闭会。吴邦国委员长主持会议并发表讲话新华社 图十一届全国人大常委会第七次会议28日上午表决通过了《中华人民共和国刑法修正案(七)》，国家主席胡锦涛签署第10号主席令予以公布，自公布之日起施行。刑法修正案(七)共15条，对刑法相关条款进行了修改、增加。刑法定罪量刑更趋“人性化”，体现了宽严相济的刑事政策，绑架罪最低刑期减为5年，逃避缴纳税款者符合一定条件可不追究刑事责任，金融从业人员“老鼠仓”行为将被严打，增设“组织领导传销罪”，增设规定严惩组织未成年人违反治安的行为，还对惩处网络“黑客”、单位犯洗钱罪、领导干部“家里人”“身边人”的腐败行为等作出规定。十一届全国人大常委会第七次会议28日表决通过刑法修正案(七)。其中明确规定，我国严惩金融从业人员“老鼠仓”行为，最高可处十年有期徒刑。近年来，一些证券投资基金管理公司、证券公司等金融机构的从业人员，利用其因职务便利知悉的法定内幕信息以外的其他未公开的经营信息，如本单位受托管理资金的交易信息等，违反规定从事相关交易活动，牟取非法利益或者转嫁风险。这种“老鼠仓”行为严重破坏金融管理秩序，损害公众投资者利益，但此前刑法只对利用证券、期货交易的内幕信息从事内幕交易的犯罪及刑事责任作了规定，未对这一社会影响极坏的犯罪行为作出明确规定。鉴于此，刑法修正案(七)将刑法第180条第一款修改为：证券、期货交易内幕信息的知情人员或者非法获取证券、期货交易内幕信息的人员，在涉及证券的发行，证券、期货交易或者其他对证券、期货交易价格有重大影响的信息尚未公开前，买入或者卖出该证券，或者从事与该内幕信息有关的期货交易，或者泄露该信息，或者明示、暗示他人从事上述交易活动，情节严重的，处五年以下有期徒刑或者拘役，并处或者单处违法所得一倍以上五倍以下罚金；情节特别严重的，处五年以上十年以下有期徒刑，并处违法所得一倍以上五倍以下罚金。此外，增加一款作为第四款，证券交易所、期货交易所、证券公司、期货经纪公司、基金管理公司、商业银行、保险公司等金融机构的从业人员以及有关监管部门或者行业协会的工作人员，利用因职务便利获取的内幕信息以外的其他未公开的信息，违反规定，从事与该信息相关的证券、期货交易活动，或者明示、暗示他人从事相关交易活动，情节严重的，依照第一款的规定处罚。扩大对“地下钱庄”非法经营活动打击范围为了更有力地打击“地下钱庄”非法经营活动，十一届全国人大常委会第七次会议28日表决通过的刑法修正案(七)扩大了对“地下钱庄”非法经营活动的打击范围。据介绍，近年来，一些以典当行、担保公司、理财咨询公司等形式存在的“地下钱庄”非法经营活动较为猖獗，严重扰乱了金融秩序，给社会治安带来隐患。国务院法制办、公安部等提出，不仅非法经营证券、期货、保险业务的“地下钱庄”行为应受惩处，而且逃避金融监管，非法为他人办理大额资金转移等资金支付结算业务的行为，也应依法严惩，在刑法关于非法经营罪的规定中也应明确列举。此前，刑法第225条规定了四项违反国家规定、应该受到惩处的非法经营行为。新修订的刑法修正案(七)将原来的第三项“未经国家有关主管部门批准，非法经营证券、期货或者保险业务的；”修改为“未经国家有关主管部门批准非法经营证券、期货、保险业务的，或者非法从事资金支付结算业务的；”加大了对这类非法经营活动的打击力度。逃避缴纳税款一定条件下可免刑责十一届全国人大常委会第七次会议28日表决通过刑法修正案(七)。相关条款规定，逃避缴纳税款在一定条件下不予追究刑事责任。有关部门提出，逃避缴纳税款后，经税务机关指出后积极补缴税款和滞纳金，履行了纳税义务，接受行政处罚的，可不再作为犯罪追究刑事责任，这样处理可以较好地体现宽严相济的刑事政策。刑法修正案(七)将刑法中相关条款修改为：“纳税人采取欺骗、隐瞒手段进行虚假纳税申报或者不申报，逃避缴纳税款数额较大并且占应纳税额百分之十以上的，处三年以下有期徒刑或者拘役，并处罚金；数额巨大并且占应纳税额百分之三十以上的，处三年以上七年以下有期徒刑，并处罚金。”“扣缴义务人采取前款所列手段，不缴或者少缴已扣、已收税款，数额较大的，依照前款的规定处罚。”“对多次实施前两款行为，未经处理的，按照累计数额计算。”“有第一款行为，经税务机关依法下达追缴通知后，补缴应纳税款，缴纳滞纳金，已受行政处罚的，不予追究刑事责任；但是，五年内因逃避缴纳税款受过刑事处罚或者被税务机关给予二次以上行政处罚的除外。”引人关注的是，原来的“偷税”一词也被“逃避缴纳税款”所取代。 全国人大常委会法工委副主任郎胜指出，原来习惯上用“偷税”这个概念，实际上逃避纳税义务是这类犯罪的本质特征，这样在表述上更准确一些。绑架罪最低刑期定为5年十一届全国人大常委会第七次会议28日表决通过的刑法修正案(七)中，进一步调整了绑架罪的量刑标准，将法定刑的起刑点定为5年有期徒刑。此前，刑法相关条款规定：以勒索财物为目的绑架他人的，或者绑架他人作为人质的，处十年以上有期徒刑或者无期徒刑，并处罚金或者没收财产；致使被绑架人死亡或者杀害被绑架人的，处死刑，并处没收财产。全国人大常委会法制工作委员会经同最高人民法院、最高人民检察院、公安部研究认为，绑架罪严重危及公民人身安全，应予严惩；同时，考虑到实际发生的这类案件具体情况比较复杂，在刑罚设置上适当增加档次，有利于按照罪刑相适应的原则惩治犯罪。新修订的刑法修正案(七)将刑法第239条修改为：“以勒索财物为目的绑架他人的，或者绑架他人作为人质的，处十年以上有期徒刑或者无期徒刑，并处罚金或者没收财产；情节较轻的，处五年以上十年以下有期徒刑，并处罚金。”“犯前款罪，致使被绑架人死亡或者杀害被绑架人的，处死刑，并处没收财产。”单位犯洗钱罪 同样严惩不贷十一届全国人大常委会第七次会议28日表决通过的刑法修正案(七)中，新增了单位犯洗钱罪的规定。分析人士指出，这将进一步完善我国刑法的反洗钱措施。此前，刑法第312条只是作出如下规定：明知是犯罪所得及其产生的收益而予以窝藏、转移、收购、代为销售或者以其他方法掩饰、隐瞒的，处三年以下有期徒刑、拘役或者管制，并处或者单处罚金；情节严重的，处三年以上七年以下有期徒刑，并处罚金。去年8月，刑法修正案(七)草案提请全国人大常委会审议时，有关人士提出，犯洗钱罪有些是单位实施的，建议增加单位犯洗钱罪的规定。鉴于此，刑法修正案(七)在刑法第312条中增加一款作为第二款：单位犯前款罪的，对单位判处罚金，并对其直接负责的主管人员和其他直接责任人员，依照前款的规定处罚。严惩领导干部“家里人”“身边人”腐败行为今后，如果在职或离职的国家工作人员的“家里人”“身边人”利用国家工作人员职务上的影响力索贿受贿，也将被追究刑事责任。28日，十一届全国人大常委会第七次会议表决通过的刑法修正案(七)中，扩大了受贿罪的适用范围，修改了相关条款。此前，刑法相关条款只对国家工作人员利用本人职权或地位形成的便利条件，通过其他国家工作人员的职务行为，为请托人谋取不正当利益，索取或者收受请托人财物的犯罪作了规定。但在现实生活中，一些国家工作人员的配偶、子女等近亲属，以及其他与其关系密切的人，通过该国家工作人员职务上的行为，或者利用其职权或地位形成的便利条件，通过其他国家工作人员职务上的行为，为请托人谋取不正当利益，自己从中索取或者收受财物。鉴于此，刑法修正案(七)新增条款规定，国家工作人员的近亲属或者其他与该国家工作人员关系密切的人，通过该国家工作人员职务上的行为，或者利用该国家工作人员职权或者地位形成的便利条件，通过其他国家工作人员职务上的行为，为请托人谋取不正当利益，索取请托人财物或者收受请托人财物，数额较大或者有其他较重情节的，处三年以下有期徒刑或拘役，并处罚金；数额巨大或者有其他严重情节的，处三年以上七年以下有期徒刑，并处罚金；数额特别巨大或者有其他特别严重情节的，处七年以上有期徒刑，并处罚金或者没收财产。巨额财产来源不明罪最高刑提高至10年28日，十一届全国人大常委会第七次会议表决通过刑法修正案(七)，其中规定，巨额财产来源不明罪的最高刑由5年有期徒刑提高至10年有期徒刑，这意味着我国反腐败力度进一步加大。此前，刑法相关条款规定，国家工作人员的财产或者支出明显超过合法收入，差额巨大的，可以责令说明来源。本人不能说明其来源是合法的，差额部分以非法所得论，处五年以下有期徒刑或者拘役，财产的差额部分予以追缴。尽管这一罪名的适用一直是我国开展反腐败斗争的重要手段，但有些全国人大代表和最高人民法院、最高人民检察院等提出，对巨额财产来源不明罪的量刑标准偏轻，建议加重处罚。为适应反腐败斗争的需要，刑法修正案(七)修改了相关条款：“国家工作人员的财产、支出明显超过合法收入，差额巨大的，可以责令该国家工作人员说明来源，不能说明来源的，差额部分以非法所得论，处五年以下有期徒刑或者拘役；差额特别巨大的，处五年以上十年以下有期徒刑。财产的差额部分予以追缴。”(本组稿件据新华社电)    相关报道：    严打老鼠仓还需举证责任倒置    私募基金不会做老鼠仓    老鼠仓维权第一案败诉 法律盲点亟待司法解释    老鼠仓民事追偿仲裁请求被驳回    上港集团股票惊现老鼠仓    赢富数据下线 机构老鼠仓2009年大胆突围    视频：市场是否要进入新一轮探底走势    扩大老鼠仓犯罪主体非法提供个人信息负刑责    老鼠仓打击范围扩大    网友建议惩处老鼠仓行为最高刑期提至15年    专查老鼠仓将范围扩大,1,7,0.982041597366333
两会速递：今年沪深交易所主推沪深300ETF中新社北京三月七日电 (记者 阮煜琳 刘育英)首只贯通两个市场的ETF产品——沪深300ETF有望不久后面世。全国政协委员、上海证券交易所理事长耿亮七日接受记者采访时指出，今年上交所将给投资者提供一些交易便利、成本低廉、投资者易懂的产品。今年上交所将联手深交所主推ETF(交易型开放式指数基金)。耿亮说，今年上交所的产品开发目标主要是对ETF产品进行深度开发。目前正在和深交所共同开发研究沪深300ETF指数。沪深300ETF覆盖了中国市场最主要的股票，覆盖面强、交易简便、交易手续费很低。同时作为指数期货的标底物，推出沪深300ETF产品以后，也有利于今后股指期货推出后投资者套期保值，投资者套利交易。耿亮说，二00五年开始，上交所陆续推出上证50ETF、上证180和上证红利ETF三个ETF产品，并得到投资者的认可，今年开发重点是在ETF产品的深度和广度上下功夫。在重点研究沪深300ETF的同时，现在还准备开发行业ETF和债券ETF。据有关人士介绍，沪深300ETF是与沪深300指数期货进行期现套利的一种选择，上市沪深300ETF有利于为股指期货上市创造良好的市场环境，吸引更多套利资金参与，增强股指期货市场的流动性。耿亮披露，截至三月三日，今年上交所日均交易量一千零一十九亿元人民币，比二00八年全年日均量增长近四成。二00八年，上交所筹资二千二百三十八亿元人民币，为上交所成立以来第二大筹资量。,1,7,0.7924997806549072
房屋销售回暖 提早布局的基金等着数钱每经记者 巩万龙 发自深圳与房地产企业困局中挣扎相比，房屋销售回暖却来得很快。最近，多家券商跟踪数据显示，今年2月份，深圳、广州和北京的房屋销售面积环比同比持续回暖。无独有偶，去年12月，多家大基金公司密集调研万科、保利等地产公司，并最终抄底一线地产品种。近期，华侨城、招商和保利连续大涨，基金疑似再度抢食地产股，对地产股大幅增仓。基金抄底 地产股表现抢眼2月中旬以来反弹进入震荡调整，但一线地产股表现抢眼，部分品种竟然跑赢大市。从2月16日至3月10日，上证指数累计下跌9.7%，但华侨城A和招商地产均逆市上涨10.8%和11%，保利上涨6.9%。此外，万科A和金地分别下跌8.2%和1.2%。与业内一片悲观预期不同的是，去年12月，有基金公司加紧调研地产企业，并且大举抄底万科、保利、金地、招商和华侨城等一线地产品种。记者注意到，万科2008年年报显示，仅去年12月，万科先后9次接待券商、基金、保险和QFII等机构调研，这是万科2008年接待次数最多的一个月。基金四季报显示，去年四季度，博时、中邮、易方达、南方、大成、交银、华安和银华等大中型基金增持了万科、金地、保利、招商地产和华侨城等。据统计，博时系基金总计增持万科1.33亿股，增持金地集团6790万股；华夏蓝筹和华夏成长总计增持张江高科约1492万股，交银稳健建仓招商地产2967万股，交银成长建仓华侨城1530万股。博时特许去年就一直在抄底地产股。三季度，该基金抄底万科270万股，到四季度增持万科280万股，建仓保利地产130万股。房市成交回暖 机构乐观据联合证券跟踪地产销售数据显示，今年2月份，一线城市中，北京、上海和深圳成交面积环比分别增长28%、53%和25%；二线城市中，苏州和厦门成交量环比增幅更是超过100%。成交量下降的仅有青岛和南京，成交面积环比分别减少了13%和9%。此外，有7个城市2月份成交量要好于2008年平均水平，其中天津、成都和苏州还创出了2008年以来的新高。而另据国信证券统计，3月份第一周，各地房屋成交量持续回暖态势仍在延续，北京、上海和广州房屋成交量环比增长33%、11%和14.98%，深圳成交量同比暴增超过3倍，而环比小幅下降不足4%。记者发现，部分基金和券商对房地产销售量超预期提前回暖，持较为乐观的态度。申银万国地产分析师殷姿认为，深圳和广州成交量最先回升，是因为投资需求，资金面的宽松和租金回报率的上升是投资需求产生的主要原因，对成交量回升起了推波助澜的作用，这在深圳表现得尤其明显。不过，国泰君安对于地产股，乐观中略显谨慎。地产首席分析师孙建平认为，因房价调整尚未到位，居民收入预期不稳定，开发商推盘和存量供给有压力，开发商盈利预期尚未改善，所以维持地产行业中性评级。,1,4,0.976762592792511
超配VS减持 基金对地产股分歧加剧尽管房地产行业整体上仍然处于行业寒冬，但据上市公司最新披露的年报显示，地产类上市公司仍然受到部分基金的青睐。但与此同时，也有相当部分沪市基金经理抱团表示，近一两年会尽力回避地产板块，直至该行业走出谷底。 部分基金对地产股青睐有加的情况从万科最新公布的2008年年报中可见一斑。据万科年报显示，截至去年年底，共计有约84只基金持有万科20.05亿股，占流通比为21.32%。除了万科以外，其他地产股如深振业、中国宝安、泛海建设、华业地产、金地集团等个股也成为基金去年底基金超配的对象。其中以渝开发为例，截至去年年底，仅华夏蓝筹核心就持有该股256.66万股，占流通比为2.14%，比三季报时增仓26.66万股。对于这些基金超配地产股的原因，深圳一基金经理表示，地产股整体来说目前估值比较合理，随着近期深圳等城市房地产市场交易量的增加，地产股仍然具有投资空间。与此同时，记者调查发现，仍然有相当多的基金经理认为，地产股未来的走势并不看好。记者发现一个有趣的现象，看好地产股的基金大都聚集在南方，以博时、易方达、融通等为首；而看空地产股的基金则大都聚集在上海。看来，基金经理的地区差异也体现在了选股思路上。尽管南北基金经理对地产股的后市走向出现了明显的分歧，但兴业全球基金投资总监王晓明昨日在接受记者采访时却指出，越是经济低谷时越是选股的好时机。晓明建议投资者此时选股应该把握以下两个方面：首先，应该寻找那些能够提供足够的防御性和安全边际的、有机增长能力强的公司；其次，挖掘那些能成为下一次经济高涨期的领头羊，一旦经济好转时，这些公司就会应运而生或率先复苏。记者 丁?,1,4,0.8417168259620667
重仓地产股 中邮系基金赚欢了每经记者 巩万龙 发自深圳记者注意到，对于地产股的投资，中邮系基金近乎疯狂。去年下半年以来，中邮系基金在保持高仓位策略的同时，坚决做多地产股，截至四季度末，中邮优选和中邮成长持有的地产股占到基金净值的13.04%和11.86%。对于中邮系基金的评价，或许用“成也萧何，败也萧何”最为合适，曾经在2007年打下江湖地位的中邮系，在2008年熊市中终因高仓位败下阵来，而在2009年刚过去的2个月，得益于普涨反弹行情，去年下半年开始重仓地产股的中邮系基金又强势回归了。数据显示，截至昨日，2008年股基排名174位的中邮优选，2009年来单位净值涨幅为30.01%，现排名所有股票方向基金 (QDII除外)的第一名。“执拗”做多率先抄底地产在公募基金业内，基金对地产股和地产行业的悲观一直蔓延至去年下半年。去年整个单边暴跌中，甩卖地产股几乎成为坊间共识，但中邮系却反其道而为之，在2500点左右就开始动手抄底地产股。据Wind资讯统计，中邮基金在三季度斥资13.52亿元大举新建地产股。截至2008年三季度末，中邮优选持有市值高达18.18亿元的地产股，占基金资产净值的17.1%，超配比例达14.42%；中邮成长持有的地产股市值也高达15.93亿元，该板块占基金净值的8.12%，超配比例5.73%。从建仓品种看，从一线地产龙头到二三线品种，均被中邮系基金揽入怀中，上海的地产股尤为受青睐。其中，中邮优选建仓招商地产和金地集团分别高达2967.64万股和7610.04万股，建仓上实发展和中华企业4018.43万股和2146.29万股；中邮成长建仓保利地产达3340.28万股，建仓华发股份1601.84万股。越跌越买做多地产豪情不减到了去年四季度，中邮系增持地产股的力度不减，绝对堪称地产股的多头司令，而仓位相对降低的中邮成长更是在地产股上布下重兵。去年四季度，中邮优选依旧保持着90%的高仓位，建仓万科6649万股，建仓陆家嘴约610.82万股，增持泛海建设1863.16万股。而降低仓位的中邮成长，着重在地产股上布下重兵。去年四季度中，中邮成长分别建仓金地集团和张江高科5547.77万股和4578.26万股，增持华发股份和泛海建设分别约2770.75万股和1129.6万股。截至去年年末，张江高科、万科和金地分别成为该基金的第5大、第7大和第10大重仓股。截至四季度末，中邮优选持有地产股占基金净值的13.04%，地产股市值降至11.69亿元；中邮成长持有地产股占基金净值的11.86%，市值上升至19.95亿元。在总结买入地产股的过程时，中邮优选基金经理王海涛表示，其操作思路和市场正好契合，从去年第三季度以来，中邮持续看好地产股的交易机会，大量买进龙头地产股。地产股暴涨中邮系赚欢了今年以来，经过修补计划的一番实施，重仓派代表中邮基金凭借地产股打了一场漂亮翻身仗，反弹业绩甚为抢眼，中邮优选和中邮成长两只基金排名均极为靠前。截至昨日，中邮优选单位净值09年涨幅为30.01%，排名所有股票方向基金 (QDII除外)的第一名，中邮成长涨幅为21.89%，排名15位。业内人士认为，中邮系尽管抄底地产股获利匪浅，但该公司在行业配置和个股上过于激进，而且高仓位集中持股，这就造成其净值表现快涨快跌，从而使得基金风险和收益被急剧放大，2009年刚过去2个多月，中邮基金牛年翻身仗能否完胜收尾仍存未知数。,1,4,0.8558729290962219
外汇局：QFII额度正陆续审批蔡锦本报综合报道 国家外汇管理局副局长李超昨日在列席全国政协十一届二次会议间隙透露，目前QFII(合格境外机构投资者)运转的情况比较正常，近两个月以来，外汇局陆续审批新的投资额度。对于下一步QFII额度是否会加速批出的问题，李超表示，QFII额度的审批会根据提出的申请和以往已批额度的运转投资的情况来决定，总体上外汇局的态度比较开放。据外汇局人士透露，在刚刚过去的2008年，外汇局放松了有关QFII的外汇管理规定。规定放宽了QFII资金的锁定期限制，并延长了QFII资金的汇入期限。本月9日，证监会公布，2月份有3家外资机构获得QFII资格，这是今年以来QFII资格审批的首次开闸，至此获批QFII资格的外资机构总数已达到79家。2007年12月，我国宣布将QFII投资额度从此前的100亿美元扩大到300亿美元。根据证监会的数据，截至去年底，国家外汇局已累计批出了128亿美元QFII额度。其中2008年当年增加的为28.6亿美元。关于外汇储备的投资问题，李超表示，外储投资首先是要坚持安全性，然后才是流动性和收益性。多年来，国内外储的经营一直有一套非常严格的决策和内控制度。在去年国内外市场大幅波动的情况下，外储整体经营还是不错的。李超表示，虽然今年市况不会太平稳，但对今年外储实现保值增值还是有信心的。至于外储投资是否考虑增持黄金储备，李超则表示，外储的投资要根据国际金融市场的变化、储备经营的要求来调整。(蔡锦),1,7,0.9621825814247131
17只新基建仓预测：偏向金融地产板块7只股票型基金、6只配置型基金、4只债券型基金陆续开始募集理财周报实习记者 王韵婷/文3月新基金发行春意盎然，7只股票型基金、6只配置型基金、4只债券型基金陆续开始募集。保守估计这些新基金起码能为市场带来最少120亿元资金，乐观估计则能带来220亿元的新增流动性。这上百亿资金将投向何处？最可能建仓板块：制造业、金融、地产、医药、消费新发基金所属公司的四季度资产配置，可谓是在发新基投资的前哨。发新基金的公司2008年四季度几乎都对制造业进行了不同程度的超配，泰信基金公司以56.3%的资产投资于制造业，而唯一低配的易方达基金公司，也保持了32.64%的投资比例。对于金融保险业和房地产业各基金公司的配置分歧较大。对金融保险业一直偏爱的易方达系、嘉实在四季度的持仓中不改初衷。嘉实旗下5只基金均重仓兴业银行、招商银行，而易方达旗下10只基金持有中国平安，9只基金青睐浦发银行，对金融业保持了超过标准行业配置比例7.42%的超配。兴业全球基金公司更是以34.32%的比例超配了金融保险股，如若金融保险股发力，兴业全球旗下的基金表现值得期待。而泰达荷银对金融股的配置只有8%，泰信基金也只有13%。房地产业也是基金资金选择的岔路口，基金对此看法不一。交银施罗德公司是房地产业的最坚定拥护者，12.2%的投资比例已经毫无疑问地显现了这一点。易方达和宝盈也对房地产表明了乐观的态度，两公司均有对房地产业的资产超配。医药生物和食品饮料均为基金公司的新宠行业，两行业除了易方达有不到1%的低配外，可谓得到了几乎所有基金公司的一致认可。泰达、中银、嘉实、泰信四家公司均配置10%以上。而交银、中银基金则早早重仓布局食品饮料行业。两只新基金或重配招商银行易方达行业领先主打投资行业领先企业并承诺投资于此的资产不低于股票资产的80%。即使在最低投资比例，其募集的资金也有50%左右流入行业龙头企业和具有较高成长性的公司。根据易方达行业领先基金合同公布指标，通过综合考虑营业利润、净资产收益率及(ROE)未来两年净利润增长率等财务指标，并综合考虑易方达基金公司一贯偏好持有的重仓股。易方达新基发行抢占的第一批筹码可能为：中国人寿、招商银行、浦发银行、特变电工、神火股份、中国南车、东方电气、上实发展、金融街、格力电器、中兴通讯均有可能成为新基发行抢占的第一批筹码。根据伍卫基金经理的持股风格，苏宁电器、招商银行、浦发银行均是其任职期间一直持有的重仓股，足见其对三股的青睐。泰达荷银2008年4季度重配了机械制造业、信息技术业、医药、生物及建筑业的发展前景。新发股基泰达荷银品质生活重点把握与消费升级和提高生活品质相关度高的投资主题。交银施罗德先锋主要投资于具有成长潜力企业的股票。交银施罗德基金公司分别有12%和10%的资金投资于房地产和食品，而万科、贵州茅台为旗下五只偏股型基金中的4只所持，而招商银行、中国平安、工商银行也是交银系的心头所好。嘉实偏向医药生物农银双利追求红利嘉实系表现了对医药和生物制品、食品、饮料等行业的发展信心，云南白药、双汇发展、复星医药、贵州茅台均可能成为新基嘉实量化阿尔法的投资对象。农银汇理平衡双利则是新发行基金中唯一一款红利型基金，寻求业绩稳定并同时具有稳定分红历史、股息率较高的红利型股票为该基金的首要任务。旗下拥有3-4只偏股型基金的中小基金公司此次大部分都发行投资风格较为灵活的配置型基金，宝盈、中银、兴业等基金公司均如此。    相关报道：    二线地产股基金分歧明显    主流基金公司大多在减仓    基金扎堆调研 资产配置思路亮底    百亿偏股新基金月内排队入市    中国铁建被80只基金3000万大单碾压    进退自如：可转债基金1月内跑赢所有股基债基    基金经理大秀忽悠之技 唱多唱空只需嘴巴一撇    悲观阴霾渐去 基金开始新能源故事,1,4,0.8327374458312988
华宝兴业动力组合刘自强：抢钱时代重临“抢劫不如炒股”是在2007年股市最如火如荼的时候，被某县城的公安部门挂在大马路上的一段公益性广告。不知道在这段大幅标语被挂出来后，当地的治安情况是否有所改善。可以肯定的是，当一个行业的暴利已经远甚于抢劫的时候，也到了最疯狂的时候。当时大多数人把它当成了一段笑话，全然丧失了一个职业投资人应有的警觉性。一年多过去了，市场在冰火两重天的洗礼后，终于在“4万亿”这一口号的引领下走出低谷。2月底，市场的赚钱效应引发了全国人民的投资愿望，各大媒体开始争相欢呼：A股成交量刷新历史新高！深综指挑战年线！股票开户数创53周新高！53周？一年有多少周？一年不过是52周，那意味着开户数已经恢复到了2008年2月中旬的水平。当时的指数大约是4500多点，与巅峰的时候相比仅下跌了25%。成交量刷新历史新高就更夸张了，在2007年这样的大牛市里，沪市日成交量超过2亿手的天数只有3天，而现在仅2月份短短的20个交易日里，竟然就有6天超过了2亿手！市场的热度可见一斑。难道是又一个抢钱时代重临了么？我不能想象，在这个全球股市风声鹤唳、经济增长举步维艰的时代里，市场竟然再现当年的癫狂景象。如果说是散户过于冲动的话，向来以理性投资自居的机构投资者们也未见得有多淡定。3月4日，沪深300暴涨6.68%，个股普涨，结构性差异不会很明显。如果用这一天基金的涨幅除以指数涨幅的话，就可以知道基金的大致仓位。我们可以看到，当时股票型基金的平均仓位是71%，有超过1/5的基金仓位高于80%，而今年以来排名前30%的基金中，有1/3以上的基金持仓超过了80%。在当前这种经济形势尚未明朗，龙头品种和板块却纷纷逼近甚至超越历史高点的时候，我真的很怀疑，基金还有多少加仓的能力？A股还有多大的上涨潜力？回过头来看看本轮上涨的主要推动力吧。两会的第一天，公布的4万亿投资结构已经与2008年底的规划有了微妙的变化。新公布的结构中，基础设施投资下降了3000亿，保障性安居工程上升，医疗卫生文化教育大幅上升。这里面其实预示着一个很重要的方向：在第一轮大跃进式的投资拉动后，经济已出现了复苏迹象，PMI指数回暖、地产销售回暖、大宗商品价格回暖，因此在下一个阶段，刺激政策的重点应该会逐步从投资规模转向投资效率。那些令人心襟摇曳、浮想连翩的利好数据可能会越来越少，取而代之的，却是经济结构中暗流涌动的差异性变化。反映在股市上，可能将呈现为：指数滞涨，甚至下跌，而行业和公司的分化会更加明显，全民获利的场景很可能将只是个臆想。抢钱时代重临？还是去做你有前途的山贼？冷静点后再说吧。,1,4,0.6326904892921448
小基民大智慧 见好就收成就趋势投资李先生是一位普通的小基民，作为一位孩子的父亲，他的理财目标很简单，为女儿赚足留学的钱。李先生的基金投资思路也没简单，谨小慎微，见好就收。正是这种简单的投资思路让其成为一个成功的趋势投资者。两年前，李先生有一块心病——女儿大学毕业出国留学还差10万元。李先生选择了基金投资。李先生最初的想法是：只要亏损超过5%，就马上卖掉基金，不再做投资了。2007年3月初，李先生用10万元买了两只股票型基金，到了4月中旬，两只基金的平均收益就达到了10%左右。5月份，李先生又将余下的10万元也先后投资在了基金上。正当李先生的投资热情空前高涨的时候，2007年“5·30”大跌来了，短短一个星期，李先生就亏损了近5%。当时，李先生的第一想法就是，5·30的大跌中，基金其实也没有成功逃脱，再加上投资并没亏本还有不小盈余，等几天再看吧。到了9月份的时候，李先生原本的20万元已经成功地变成了30万元。半年时间，李先生就达到了他的理财目标——赚足女儿出国的钱，李先生非常满意。几经考虑，他将基金全部赎回，再买下去，李先生觉得冒险，用他的话说，毕竟涨了那么多了，咋能一直涨呢！不能不说，李先生见好就收的心态帮助他成功地躲过了一年多的漫漫熊市。事实上，李先生没有特别的投资思路，也有没丰富的投资经验，但李先生的投基故事再次印证了投资的成功要领：顺势而为，做好止盈止损目标，见好就收，不为目标以外的诱惑所动，坚定投资心态，才能做好投资。 别冶 整理,1,5,0.9409459233283997
金融地产多日逆市发飙 基金经理还是不敢下手每经记者 巩万龙 发自深圳两会前后，金融地产股的角色越来越耐人寻味，总在市场岌岌可危时扮演“救火员”。3月以来，金融和地产两大板块震荡上行，从而稳住了市场人气，而昨日银行地产更是发飙，再次上演逆市急拉的好戏。但是，记者通过采访获悉，这种极赚市场眼球的表现并未得到基金的追捧。“银行股估值便宜，而前一段时间地产数据比较好，但是我们不敢大举增持或减持，只能走一步看一步。”上海某大型合资公司基金经理表示。地产金融要“走着瞧”不同的时间，同样的角色。自3月以来，曾经是A股最大空头板块的银行地产股，大智慧地产指数和银行指数分别累计上涨7.5%和4.8%，而同期上证指数累计仅上涨2.9%，地产一线品种和中小商业银行极为抗跌。昨日，市场小幅震荡过后，银行、券商、保险、地产尾盘再次出现快速拉升趋势，金融地产两大板块带动A股全线飘红。其中，昨日银行股充当了上涨的急先锋，兴业银行放量大涨将近7%，浦发银行和招商银行分别上涨4.25%和2.05%，而建设银行、中国银行、工商银行等大盘银行股最终飘红。地产股昨日的表现也甚为强势，华侨城A大涨7.41%，招商地产4.79%，保利上涨3.68%，万科和金地最终飘红。“今年做投资的话确实情况很复杂，说心里话，我看得不是那么清楚，现在真是吃不准，只能走一步看一步了，我们维持中性配置。”上海某大型合资公司基金经理认为，现在自己不敢大举增持银行地产，但也不会大举减持。对于华侨城A和兴业银行的大涨，该基金经理认为，现在银行股目前良好的表现正是因为估值便宜，地产股大涨主要是因为前一段时间房屋交易量回暖，也不排除未来政策利好刺激的可能，但是就要看这些数据是不是能够持续。而此前，银行、券商和地产中优质品种不乏懵懂的题材和利好刺激，招商银行的全流通、深发展的重组、华侨城A的整体上市，这些因素都曾推动个股出现暴涨。调整中找方向昨日，逐渐萎缩的成交量并没有引起人气和赚钱效应的消失，市场再次充满戏剧化色彩，大盘股盘中一度萎靡不振，两次震荡上行两次被打压。不过，午盘过后，金融地产两大权重板块突然强势拉升，拉动股指强势上涨，而兴业银行和华侨城A表现极为抢眼。“我对最近的市场判断还是震荡，市场在震荡之后，可能在寻找一个方向吧，向上或向下。现在只是个股的活跃度比较高，而大盘震荡的概率比较大。”一位受访基金经理向记者坦言，现在谈“熊尾巴”为时尚早，关键是看前期的宏观数据能不能持续向好，因为2月份出台的宏观数据好坏参半。有一种看法颇值得玩味，最近不少机构将今年称为投资基金的“春播时节”，特别是新基金建仓的良好时机。因为A股市场在经历了之前的大跌和几次较大的调整之后，市场整体估值水平已经大幅下降。考虑到宏观经济的状况和成长性因素，A股的相对估值水平有可能处于合理乃至低估的范围。最近，中金公司有研究报告称，银行业2008年业绩基本符合预期，但2009年1季度净利润难以实现同比增长。净利润同比增速下半年将逐渐回升，2009年全年增长6%。从积极方面来看，GDP增速未来三个季度呈现V型的可能性较大，净息差也有望在4季度或明年1季度见底，不良贷款2009年大幅上升的风险较小。融通内需驱动拟任基金经理陈晓生认为，随着4万亿经济刺激政策的不断落实，具体项目的公布和实施引发了市场对相关行业和上市公司的强烈关注，经济面的有利因素正逐步积聚，今年的经济形势优于大部分投资者预期的概率正在上升。,1,4,0.9864875674247742
12亿元抄底地产股 中邮系圈地路线图曝光每经记者 李娜 发自上海上市公司2008年年报将中邮系基金扎根于地产股的根根须须一一曝光，多只地产股的前十大流通股股东中出现了中邮系基金的身影。沉寂了一年的中邮系基金再一次以一种“偏激”的方式强势回归。伴随着地产股2008年年报的接连披露，中邮系基金越来越频繁地曝光于镁光灯前，多家地产股的前十大流通股股东均有中邮系基金的身影，若以2008年12月31日收盘价简单计算，中邮系基金抄底这些地产股的资金高达12.05亿元。毫无疑问，中邮系基金始于去年下半年的重仓地产股的决策相当成功，在吸引坊间艳羡的目光的同时，也将自家腰包快速增厚。数据显示，自年初至本周三，中邮核心优选领跑所有股票型基金，涨幅高达35%，远远超过股票型基金净值18%的平均涨幅。地产股年报频现中邮系房地产，用国民经济的引擎之一来形容一点儿也不为过。自去年房地产市场的成交量持续萎缩后，对地产行业的关切之情便频频出现在基金经理的季度工作报告中，出现在基金经理的访谈中。与其他徘徊犹豫的基金公司相比，中邮系基金则表现异常坚决，选择提前进场等待。自去年三季度率先加仓地产股后，在接下来的四季度，中邮系对地产股的加仓力度丝毫不减，据已发布的房地产上市公司年报显示，多家地产股的前十大流通股股东均有中邮系基金的身影。据Wind统计数据显示，截至昨日，目前已披露的20多家房地产上市公司中，中邮系出现在了5家地产上市公司的前十大流通股股东中。泛海建设2008年年报显示，中邮系两只基金都重仓其中，双双挤入其前十大流通股股东。数据显示，中邮核心优选目前持有泛海建设2523.89万股，较去年三季度大举增持了1863.16万股，增幅超过了50%以上；中邮核心成长也重仓持有1997.38万股，相比去年三季度增持1129.6万股。中邮系基金的持股量占流通股的比例超过了10%，分别为泛海建设的第二大股东和第三大股东。华发股份年报显示，中邮核心成长同样选择了大举增持。去年四季度，中邮核心成长持有2811.75万股，较去年三季度增持1169.91万股。凭借大幅的吃进，中邮核心成长也成为华发股份的第二大股东和第一大流通股东。另一家地产类上市公司中华企业，中邮核心优选小幅减持46.29万股。不过，其持股数量仍然高达2500万股，仍为公司第二大流通股东。而在今日发布年报的上实发展中，中邮系两只基金又成为公司的前十大流通股股东。除了增持原有的地产股，陆家嘴2008年年报显示，中邮核心优选在去年四季度新进610.82万股，并一举成为该公司的第八大流通股东。地产股反弹 中邮系笑得甜自去年年底以来，国内一些城市的房屋成交量明显出现了回暖迹象。国信证券的报告显示，在过去一周对环渤海、长三角、华南及中西部共十九个重点城市的商品房屋销售情况监测结果表明，各地楼市销量仍然比较畅旺，回暖态势还在进一步延续。地产股销量的回暖，无意推升了地产股的暴涨热情。数据显示，2009年以来，上证指数的涨幅为24.44%，沪深300指数的涨幅为31%，而地产指数同期涨幅已接近44%。华侨城今年以来的涨幅已超过了55%，股价已回到了13元附近。金地集团、招商地产等地产股的涨幅都超过了50%，远远超过同期上证指数和沪深300指数涨幅。地产股的突出表现让埋伏已久的中邮系基金尝到了不小的甜头。数据显示，自年初至本周三，股票型基金净值的平均涨幅为18%，而中邮核心优选的涨幅高达35%，依然在股票型基金中领跑。而中邮核心成长的涨幅超过了27%，位列所有股票型基金的第十二位。相关报道中邮核心优选开放三日给老客户“补仓”机会？日前，中邮基金公司表示，2007年9月13日起，公司暂停了旗下中邮核心优选的日常申购业务。现为满足广大基金持有人的需求，公司决定自2009年3月25日起至2009年3月27日期间，针对既有客户 (即2009年3月23日前，持有过公司旗下基金产品且未注销本公司基金账户的投资者)，恢复该基金产品的日常申购业务。从2009年3月28日起，该基金将继续暂停日常申购业务，在日常申购业务暂停期间，该基金的赎回业务照常办理。市场分析人士指出，很显然，中邮核心优选选择在目前2200点左右打开申购，可以理解为给老基金持有人补仓减少亏损的机会，传递出的信号应该是较为乐观的。不管未来后市会如何演变，至少在中邮基金心里，目前的股指还不是高点。 每经记者 李娜    相关报道：    重仓地产股 中邮系基金赚欢了    泛海建设中邮系基金联袂出击    抄黄木顺的底 中邮系基金介入泛海建设    哈空调中邮系基金大举入驻    基金弃中国远洋登岸 中邮系浮亏18.6亿    中邮系两基金折戟吉恩镍业增发    中邮系两基金上周跌幅最深    基金排名大洗牌 中邮系基金上演过山车,1,4,0.8954702615737915
中国证券业协会发布《基金经理注册登记规则》根据基金行业发展和基金管理公司会员的要求，中国证券业协会(以下简称协会)经向全体基金管理公司征求意见和协会常务理事会表决通过，发布《基金经理注册登记规则》。发布《基金经理注册登记规则》(以下简称《规则》)，对基金经理实行注册管理制度，是依据中国证监会关于《基金管理公司投资管理人员指导意见》，深化基金业自律管理而采取的一项重要措施。其目的是在不影响基金经理市场化流动的前提下，规范基金经理的执业行为，提高基金经理的业务能力。具体来说，一是建立基金经理数据库，准确和及时地记录基金经理的执业情况和流动状况，增强基金管理的透明度，便于行业和社会对基金经理的了解和监督。二是督促基金经理及其任职公司切实执行法律法规对投资管理人员的相关规定，加强对基金经理任职和流动的自律管理，提高基金经理队伍的专业素质和道德水准，更好地维护基金份额持有人的合法权益。《规则》对基金经理任职注册、变更注册和离职注销等做了规定。《规则》要求，基金管理公司聘任、解聘基金经理，应当申请办理基金经理任职注册、变更注册或离职注销手续。未按《规则》要求完成任职注册、变更注册或离职注销的人员，基金管理公司不得聘任其担任基金经理或进行基金经理任职变更。申请基金经理任职注册，需符合《证券投资基金行业高级管理人员任职管理办法》关于基金经理任职条件的要求，其中包括通过基金经理证券投资法律知识考试，也不得出现违反法律法规或协会有关自律规则的情形；对于基金经理在任职公司内部变更以及离职，除管理基金不满一年即不再管理现有基金这一特殊情况外，协会不做变更或离职条件审核，可直接办理手续。关于《规则》实施前已担任基金经理的人员，不再要求办理任职注册手续，但为便于日后的变更注册或离职注销，要求在《规则》实施后30日内通过其任职公司向协会登记其基本情况。关于拟任职新产品的基金经理的人员，要求基金管理公司在向中国证监会申报基金产品的同时向协会申请办理拟任基金经理注册或变更手续。基金产品经中国证监会核准发行的，协会在核准之日正式办理基金经理注册或变更手续。关于投资总监、特定客户资产管理投资经理、企业年金投资经理、社保基金投资经理等投资管理人员，没有要求注册管理，但为便于全面掌握投资管理人员的情况，协会也将其纳入基金经理注册系统。基金管理公司需在《规则》实施后30日内，向协会报送投资经理基本情况登记表和本公司投资经理总体情况表，今后还需每季度向协会报送本公司投资经理的总体和变更情况。为保证基金经理注册管理制度的有效实施，协会建立基金经理注册管理系统。基金管理公司在报送书面申请或备案材料的同时，还应登陆该系统登记本公司基金经理注册、变更或注销情况。基金经理注册管理系统将记录每个基金经理的任职、诚信、合规和业务能力等情况，从而较全面掌握基金经理及投资经理的执业和流动情况。部分信息将向公众和会员单位开放，为会员考察、录用基金经理提供支持，为公众和基金份额持有人了解、监督基金经理提供服务。实行基金经理注册管理制度是协会深化证券从业人员资格管理、实行人员分类管理的一次重要尝试。基金经理是受人之托管理他人资产的特殊专业人员，对其职业操守和专业素质应有更高的要求，因此，《规则》在对现有法律法规细化和深化的基础上对基金经理提出了比较高的职业操守要求，这既是行政监管的必要补充，也是保护基金份额持有人利益的要求，符合基金行业长远发展的整体利益。,1,7,0.5736738443374634
中海基金将引入海外投资者■ 公司年报本报讯 (记者张晓玲)前日晚间，中国海外发展(0688.HK)公布了2008年年报，这家创办30年的老牌地产公司在去年楼市低迷时期实现了260亿元的销售额，市场占有率升至1.2%，且保持着43.7%的高毛利率。中海表示，能够在淡市中稳步前进，得益于中海的市场平衡战略。年报称，去年公司重点开拓了济南市场，接下来仍将继续强化在环渤海区域和长三角区域的投资布局，上述区域成为中海去年的主要利润来源。而在调整最深的珠三角地区，中海的销售表现落后于上述区域。中海表示，今年将力争完成350万平米的销售面积，比2008年增加30%。如果目标实现，中海今年有可能将有350亿元的销售额。在前日的业绩发布会上，中海副主席兼行政总裁郝建民表示，集团筹备成立多年的房地产发展基金，预计可于今年完成，规模可达5亿至8亿美元，将引入海外投资者，并以私募基金形式经营，主要投资中国海外以外的住宅物业。,1,4,0.7662972211837769
