text,true_label,pred_label,probability
NCAA知识：美大学十大豪门 UCLA+肯塔基两大霸主 新浪体育讯NCAA全美大学锦标赛已经进行至最终四强战，面对多年来最黑的一届4强赛，不仅要赞叹于疯狂三月的冷门传统，也该回顾回顾历史，看看有哪些历史豪门，想想他们为何今年如此不给力：〈〈〈 NCAA疯狂三月专题主页上线，点击链接查看精彩内容1 UCLA(加州大学洛杉矶分校)13次打入全国决赛拿到11次全国冠军，其中包括了7连冠的伟业，创造了38场锦标赛连胜等一系列的NCAA记录，4次全赛季不败，为NBA输出了包括6位名人堂巨星在内的76名NBA球员，其中不乏雷吉-米勒，贾巴尔等巨星，也有乐福，维斯布鲁克等现役球星。刚刚去世的约翰-伍登带领UCLA创造了难以超越的传奇，近年来球队也曾连续三次打进最终四强，在这份榜单上UCLA可以当之无愧地排名第一。2 肯塔基大学肯塔基大学是最有希望挑战UCLA王者地位的球队，他们是4，50年代的老大，保持着史上胜场数最多和胜率最高的记录，同时拥有仅次于UCLA的7个全国冠军头衔。球星众多是肯塔基的传统，至今为止在NBA奋斗过的校友有96人，这一数据也领衔全国。名帅帕特-莱利正是肯塔基毕业。现役球员有沃尔，隆多等13人。3 北卡罗来纳大学乔丹母校北卡是最盛产球星的学校之一，为NBA输出了乔丹，沃西，比利-康宁汉姆，麦卡杜等名人堂级别的球星，名帅拉里-布朗也出身于此，同时还有其他4位名人堂教练。北卡史上5次捧起全国冠军奖杯，保持着25胜场以上赛季数的记录(31个)。4 印第安纳大学近年来境况不佳的印第安纳大学历史上也是NCAA顶级豪强，5次夺得全国冠军，他们最会辉煌的年代是鲍勃-奈特教练在位的三十年，这期间他们三次登顶。进入新世纪以来印第安纳一直处于摇摆重建的时期。5 堪萨斯大学堪萨斯80多年中一直是NCAA中的强队，8次杀入总决赛三夺冠军，历史胜场数排名第二。拉里-布朗，罗伊-威廉姆斯两名名帅均在此留下过足迹。堪萨斯为NBA贡献了张伯伦，皮尔斯，曼宁等球星。6 杜克大学在K教练的指导下，杜克成为了NCAA的新兴豪门，虽然历史和前面的传统豪门相比不够辉煌，近20年来他们总共4次称霸全国，并为NBA输送了布泽尔，布兰德等全明星球员。7 俄亥俄州立大学以橄榄球实力著称的俄亥俄州立大学篮球队历史上也曾在40年代和60年代有过辉煌的成绩，共11次杀入最终四强，而且进入新千年以来他们的表现也堪称全国顶级。8 路易斯维尔大学虽然一直徘徊在各个赛区之间，但路易斯维尔自从70年代以来一直稳定地保持着全国锦标赛级别的水平，并两次拿下全国冠军，也出产过维斯-昂赛尔德这样有分量的球星。9 密歇根州立大学魔术师约翰逊的母校，拿到过1979年和2000年两次全国冠军，在现任教练汤姆-伊索接手后战绩一直不错。10 密歇根大学5次杀入全国总决赛，曾有过著名的“密歇根五虎”，出产过格伦-莱斯，韦伯等NBA球员。(silencer)新浪体育讯NCAA全美大学锦标赛已经进行至最终四强战，面对多年来最黑的一届4强赛，不仅要赞叹于疯狂三月的冷门传统，也该回顾回顾历史，看看有哪些历史豪门，想想他们为何今年如此不给力：〈〈〈 NCAA疯狂三月专题主页上线，点击链接查看精彩内容1 UCLA(加州大学洛杉矶分校)13次打入全国决赛拿到11次全国冠军，其中包括了7连冠的伟业，创造了38场锦标赛连胜等一系列的NCAA记录，4次全赛季不败，为NBA输出了包括6位名人堂巨星在内的76名NBA球员，其中不乏雷吉-米勒，贾巴尔等巨星，也有乐福，维斯布鲁克等现役球星。刚刚去世的约翰-伍登带领UCLA创造了难以超越的传奇，近年来球队也曾连续三次打进最终四强，在这份榜单上UCLA可以当之无愧地排名第一。2 肯塔基大学肯塔基大学是最有希望挑战UCLA王者地位的球队，他们是4，50年代的老大，保持着史上胜场数最多和胜率最高的记录，同时拥有仅次于UCLA的7个全国冠军头衔。球星众多是肯塔基的传统，至今为止在NBA奋斗过的校友有96人，这一数据也领衔全国。名帅帕特-莱利正是肯塔基毕业。现役球员有沃尔，隆多等13人。3 北卡罗来纳大学乔丹母校北卡是最盛产球星的学校之一，为NBA输出了乔丹，沃西，比利-康宁汉姆，麦卡杜等名人堂级别的球星，名帅拉里-布朗也出身于此，同时还有其他4位名人堂教练。北卡史上5次捧起全国冠军奖杯，保持着25胜场以上赛季数的记录(31个)。4 印第安纳大学近年来境况不佳的印第安纳大学历史上也是NCAA顶级豪强，5次夺得全国冠军，他们最会辉煌的年代是鲍勃-奈特教练在位的三十年，这期间他们三次登顶。进入新世纪以来印第安纳一直处于摇摆重建的时期。5 堪萨斯大学堪萨斯80多年中一直是NCAA中的强队，8次杀入总决赛三夺冠军，历史胜场数排名第二。拉里-布朗，罗伊-威廉姆斯两名名帅均在此留下过足迹。堪萨斯为NBA贡献了张伯伦，皮尔斯，曼宁等球星。6 杜克大学在K教练的指导下，杜克成为了NCAA的新兴豪门，虽然历史和前面的传统豪门相比不够辉煌，近20年来他们总共4次称霸全国，并为NBA输送了布泽尔，布兰德等全明星球员。7 俄亥俄州立大学以橄榄球实力著称的俄亥俄州立大学篮球队历史上也曾在40年代和60年代有过辉煌的成绩，共11次杀入最终四强，而且进入新千年以来他们的表现也堪称全国顶级。8 路易斯维尔大学虽然一直徘徊在各个赛区之间，但路易斯维尔自从70年代以来一直稳定地保持着全国锦标赛级别的水平，并两次拿下全国冠军，也出产过维斯-昂赛尔德这样有分量的球星。9 密歇根州立大学魔术师约翰逊的母校，拿到过1979年和2000年两次全国冠军，在现任教练汤姆-伊索接手后战绩一直不错。10 密歇根大学5次杀入全国总决赛，曾有过著名的“密歇根五虎”，出产过格伦-莱斯，韦伯等NBA球员。(silencer),0,5,0.9224933981895447
NCAA历届冠军：康大三冠紧随杜克 UCLA大学至尊！NCAA锦标赛总决赛在休斯顿Reliant球馆隆重上演，在一场惨烈的防守大战中，康涅狄格大学53-41战胜巴特勒大学，校史上第三次捧得冠军奖杯。在NCAA建立72年历史上，UCLA是夺冠次数最多的球队(11次)、排名第二的是肯塔基大学(7)，印第安纳(5)和北卡(5)并列第三，杜克(4)依然位居第五。以下为NCAA全国锦标赛历年冠亚军得主：〈〈〈 NCAA疯狂三月专题主页上线，点击链接查看精彩内容注：表中括号内数字为第几次夺冠,0,5,0.9802334904670715
崔大林协查风波后首次公开露面 现身大赛开幕式新华网北京9月18日体育电(记者公兵)中国极限运动协会消息，第十一届全国极限运动大赛18日在浙江湖州举行，中国奥委会副主席崔大林宣布比赛开赛。此次现身湖州也是崔大林自“协查风波”后首次公开露面。近来，随着中国足球足球假、赌、黑治理行动的继续，前足管中心官员谢亚龙、李冬生、蔚少辉三人被立案侦查后，有传言宣称前国家体育总局副局长崔大林被警方请去“协助调查”。对此，新华社记者随后曾联系过崔大林，对方在电话里否认了这一传闻，表示从来就没有被警方请去协助调查。在当日上午举行的开幕式上，崔大林宣布比赛开赛。中国极限运动协会主席刘扶民、国家体育总局水上运动管理中心主任王渡等一同出席。来自全国各地的滑板、直排轮、小轮车和攀爬项目的200多名顶尖极限高手将参加15个项目的比赛，比赛为期两天，其中18日为预赛和新人赛，19日为决赛。,0,7,0.7774888873100281
最高检察院抵沈已获确认 曝因谢亚龙泄密介入案件 “首先，谢亚龙这个案子并不是最高检直接负责，一来说，只有影响力巨大的案子、涉及到全国，最高检才介入；其次，涉案金额过大，涉及人员的范围广； 第三，谢亚龙案子涉密了，这种情况下，由最高检以介入专案组的方式来完成地方检察院可能无法完成的工作。——辽宁昊星律师事务所律师孙浩人“李彤被协查应该和谢亚龙有关，因为两人当年在总局科研所的时候关系就非常要好，警方询问李彤应该是当年谢亚龙的一些事。 ——一位知情人士分析本报之前曾经报道，谢亚龙的案子被办案人员形容为“他的事很大”！究竟大到什么程度，通过他被批捕涉嫌的两个罪名就可以看出端倪：涉嫌受贿和泄 露国家机密。昨天又有消息称，“最高人民检察院的人员已经抵达了沈阳，并加入谢亚龙专案组。由此可见，谢亚龙案件一夜之间升级。最高检为何介入？从谢亚龙被协助调查，到立案侦查，直至最后被批捕，相关的线索源源不断地涌出：涉嫌贪污、受贿，以谢亚龙为中心，当年与他有过亲密接触合作的人士陆续到沈阳接受调查。这些都在表明：相对于南勇和杨一民，谢亚龙的案情严重性明显要高于前二者。昨日，又有重磅消息传来：最高人民检察院的人员已经抵达了沈阳，并加入谢亚龙专案组。昨晚，负责此案的铁岭方面已经确认了此事的真实性。最高人民检察院为何在此时突然介入谢亚龙专案组？昨晚，记者就此采访了辽宁昊星律师事务所律师孙浩人，他分析，最高人民检察院的介入，说明了三 个问题。“首先，谢亚龙这个案子并不是最高检直接负责，一来是，只有影响力巨大的案子、涉及到全国，最高检才介入；其次，涉案金额过大，涉及人员的范围 广；第三，谢亚龙案子涉密了，这种情况下，由最高检以介入专案组的方式来完成地方检察院可能无法完成的工作。 ”至此，谢亚龙的案子完全升级，至于谢亚龙一案到底还会涉及到全国哪些人、涉案金额到底会有多大，只有公安部门才能给出答案。至于涉嫌泄露国家机密，外界分析认为谢亚龙可能是泄露了国家商业机密。李彤被协查受谢亚龙牵连耐克公司中国体育市场总监李彤已经结束了协助调查，前晚，他从沈阳返回北京。李彤因何被协查？一位知情人士表示：他是受到了谢亚龙的牵连。到现在为止，李彤已经两次协助警方调查，第一次时间很短，当天上午去了，当天下午就回来了，还不到一天。第二次时间比较长，普遍的说法是，本月8日李彤来到沈阳协助调查，直到前晚，他才被放出来。李彤协助调查，最开始的时候，人们认为他应该与南勇杨一民案有关。事实上，实际情况绝不仅限于此。昨晚，一位知情人士分析：“李彤被协查应该和 谢亚龙有关，因为两人当年在总局科研所的时候关系就非常要好，警方询问李彤应该是当年谢亚龙的一些事。”这位人士有些担心：中国足协正联系其他的合作赞助 商，如此一来，这些客户能否知难而进还是个未知数。李彤结束调查，也给外界透露出一种信息：警方已经掌握了谢亚龙涉案的主要证据，李彤虽然结束调查了，但警方并不担心这些相关人员会“串供”，由 此也可以看出，谢亚龙的案子和其他涉案人员确实不一样。在今后的时间里，如果谢亚龙当政的时候，凡是与中国足协有过合作的公司高层一旦到沈阳被协查也不算 意外，这种事情可能随时都会发生。晨报沈阳9月17日电 特派记者范宏基,0,7,0.8464447855949402
探秘中国巨幕：是山寨高仿还是国货精品IMAX中国巨幕成本1000万以上最低100万左右，其余视情况而定亮度(实测)30000流明36000流明银幕大小(米)22×12.520×12音响6.1声道11.1声道片源需要严格筛选，并需要经过DMR技术转制无特殊限制分辨率(数字版)双机2K双机2K票价(UME)140元(华星)90元(双井)版权许可费用7万美元左右/年不详独立知识产权有部分有，部分暂无认知度全球知名较低售后服务有固定团队，可远程登录解决问题需由不同产品供应商分别解决附二：IMAX声明IMAX公司在过去四十余年一直致力于为全世界的消费者提供高端的观影体验。此间，虽然我们在多个市场都面临竞争，但是我们的突破性技术、遍布全球的网络和全球品牌认知令我们脱颖而出，至今依然领先众竞争对手。IMAX公司与消费者、电影公司及导演都保持着非同凡响的良好关系，他们被IMAX品牌所传达出的品质与创新精神吸引，在近百个世纪一直追随IMAX电影和IMAX影院至世界各处。IMAX公司是市场的先锋及领导者，为消费者提供身临其境的观影体验，也吸引了若干跟随者效仿我们的品牌。我们欢迎良性竞争，并鼓励消费者亲身体验IMAX带来的优越观影感受。专题策划 陈弋弋专题撰文 王玉年新浪娱乐讯 8月8日，3D电影《蓝精灵》首映礼在京举行，与《蓝精灵》一起走入观众视野的，还有一种名为DMAX的巨幕放映技术，这也是“中国巨幕”的概念首次正式面向公众和媒体公开。DMAX的推出马上在微博上引起强烈反响，有网友认为DMAX“眼镜轻，画面亮，色彩好，不闪不跳，只是票价略贵”。但也有网友直言DMAX与IMAX相比，就是中国特色的山寨货。比起“洋巨幕”，号称放映亮度高于IMAX近20%，而成本远低于IMAX放映系统的“中国巨幕”究竟质素几何，新浪娱乐独家专访了中国首家DMAX影城经理、DMAX研发牵头人以及美国IMAX公司，以及电影技术行业专家，共同探讨“中国巨幕”，到底是反垄断的国货精品还是赚快钱的山寨高仿。《蓝精灵》：DMAX中国巨幕初亮相经过《阿凡达》《变形金刚3》等几部电影的推波助澜，IMAX公司在中国得到了迅速的发展，目前已经有37块左右的银幕落户科普类影院和商业影院。虽然所有人都知道IMAX是好东西，但高额的成本使得一些中小规模影院对于引进IMAX望而却步。最早引进IMAX的北京UME影城经理刘晖介绍，整个IMAX放映系统的成本高达千万。8月8日，3D电影《蓝精灵》在北京UME影城双井店举行了首映活动。到场的媒体发现，放映《蓝精灵》的影厅门前写着大大的“DMAX”字样，与大众熟悉的IMAX洋巨幕仅差一个字母？DMAX是什么？翻阅手中的资料后，当天的观众发现DMAX有着许多吸引人的优势：银幕亮度高于IMAX近20%，这就意味着观众一直诟病的3D电影过暗的问题得到了解决？具备11.1声道音箱，这意味着现场的声音效果将更加震撼？整套放映系统成本只有IMAX的1/10，这意味着高票价将有下调空间？不仅如此，DMAX还有另一个响亮的名字——“中国巨幕”。带着诸多的好奇，当天的观众看完了整场电影。观影结束之后，新浪娱乐对一些观众进行了抽样调查，媒体人Y先生表示，DMAX的亮度确实比IMAX好，不过画面的质感还是稍逊于IMAX，不够细腻。但由于《蓝精灵》没有IMAX版本，因此无从横向比较。网友落拓枣认为，DMAX静态画面尚可，但是画面移动起来的时候，图像拖影厉害，让人觉得头晕，至于亮度问题，落拓枣觉得可能还是与影院灯泡功率是否开足有关。白先生觉得，DMAX的亮度没有像介绍所说超越IMAX银幕20%，只是差不多而已。网友小猫王则表示，DMAX的眼镜非常轻，画面十分细腻，甚至连蓝爸爸的胡子都看得很清楚，但是画面动起来时，有一些细节会变得模糊。对于这个名为“中国巨幕”的DMAX成本仅有IMAX的10%这一点，绝大多数人都觉得不可思议。北京UME影城经理刘晖介绍，DMAX影厅最大的成本主要来自放映机和银幕，这两项产品的花费在100万人民币左右。而同样来自UME影院管理公司旗下的UME华星影城，IMAX影厅的成本就超过了1000万。在北京UME影城，同样时间段的场次，普通3D电影票价80元，DMAX电影票价在90元左右，而IMAX的票价则高达140元。也就是说，DMAX比IMAX便宜40块钱，仅仅比普通3D贵10块钱。中国巨幕：初生即遭质疑为“另一个高铁”一切听起来都是那么完美。但当这个价廉物美的“中国巨幕”诞生的消息在新浪微博上开始传播后，质疑的声音立刻响起。有网友称：“任何地方都查不到这项成果的技术信息，这肯定是骗子伎俩。”“只炫耀亮度和大小，没有配套的，受行业承认的流程，没有独特的片源，就生产出一个灯泡，山寨货的特点全具备了。”“全是国外设备的拼接，没有一个是本国的，还号称自己世界领先，多像另一个高铁。”要搞清楚DMAX是什么，首先要知道我们平时观看的IMAX是什么。IMAX即Image Maximum的缩写，意为“最大影像”。是一种能够放映比传统胶片更大和更高解像度的电影放映系统。整套系统包括以IMAX规格摄制的影片拷贝、放映机、音响系统、银幕等。而DMAX则是“中国巨幕”的一种，D，指digital(数字的)，介绍中称，DMAX是一中国自主研发设计的巨幕放映系统，整合了多家公司提供的放映设备。和IMAX比起来，DMAX强调了国产品牌，造价经济，放映亮度高，片源不受限制等优点。这也引发了IMAX和DMAX之间关于专利权、产品优劣程度的诸多争议。到底DMAX是是想赚快钱的山寨货，还是反外国公司技术垄断的国货精品，多方一时众说纷纭？DMAX来势汹汹，自称“高质低价”，无疑将矛头对准了IMAX。承担DMAX系统主要研发工作的中国电影科研所所长，也是研发“中国巨幕”的核心人物杨雪培，在与新浪娱乐对话时，对DMAX这个名字并不以为然，他反复强调DMAX只是北京UME影城的商业做法，并不希望炒作DMAX的概念，“我们的目的不是和IMAX竞争，DMAX这名字只是符号，我不主张非要起‘××MAX’这种名字。我们强调的是中国自主知识产权的数字放映系统，将来别的影院巨幕系统也许还有其他的叫法。”杨雪培介绍一系列国外影院的巨幕系统，证明IMAX早已不是一支独秀，这其中就包括美国帝王(Regal)院线推出的RPX系统，AMC院线的ETX系统，喜满客(Cinemark)的XD系统，澳洲Villige院线的VMAX系统，这些都是IMAX之外的巨幕——号称拥有和IMAX相似的放映效果，却又都是各国自主的产品。杨雪培的一番解释，引出了“中国巨幕”的概念，对于网友普遍关注的问题，他也正面做出了回答。争议一：为什么没有公开技术信息？杨雪培认为，IMAX从拍摄、制作到放映，一直是胶片时代电影的神话。但进入数字放映时代之后，IMAX不再是一支独秀，“很多IT行业都发展起来了，为我们拓展数字化放映提供了非常好的基础。”杨雪培表示，电影没有数字化的时候，其他行业的数字化都发展迅速，这给电影放映数字化提供了很好的帮助，也使得IMAX的高端技术不再那么高不可攀，“电影不是一个研发基础课题，而是应用技术，能够把人家好的技术应用起来就好。”有网友认为中国巨幕虽然看上去比IMAX亮，但是能否达到宣传语所说的“比IMAX亮度高20%”，还是令人比较怀疑。DMAX的研发机构之一，中国电影科研所所长杨雪培介绍，IMAX的数字放映机技术来自科视，测出来的亮度是是30000流明，DMAX采用了巴可32B放映机双机放映，号称可以达到45000流明，也是吉尼斯世界纪录上记载的亮度最高的放映机，经过科研所测算，实际放映可以达到36000流明。所以可以肯定地说，DMAX的亮度超过了IMAX的20%。与这些验证观看效果的普通观众比起来，也有一些资深影迷关注到了DMAX的技术专利问题，网友magasa直言，“任何地方都查不到这项成果的技术信息，这肯定是骗子伎俩。”而到目前为止，全国也只有UME影城双井店大规模地对DMAX进行了宣传，这也不得不让人对“中国巨幕”的可信度产生疑问。如果DMAX真的从成本到观看效果都优于IMAX，那为何中国电影科研所从未对外公开宣布过相关讯息？为何没有申请专利？“中国巨幕”何时正式走向市场，与观众见面？为何到现在为止依旧没有足够的信息可以查询？杨雪培解释，“中国巨幕”目前已经进入了课题论证阶段，也正因为此，所以没有大张旗鼓地在网络上进行推广。“技术标准、影院建筑标准等都应该有基本的规范。”杨雪培说，“银幕亮度应该达到多少，银幕高宽比、坡度、扬声器有多少个声道……科研所正在规范放映系统的技术指标，预计在2012年正式公布。”杨雪培还强调，“中国巨幕”一定会申请专利，但专利获得批准尚需时日。对于DMAX的“低调进攻”，IMAX公司也打破沉默，在接受新浪娱乐的采访后，发来官方声明强调，“IMAX公司是市场的先锋及领导者，为消费者提供身临其境的观影体验，也吸引了若干跟随者效仿我们的品牌。我们欢迎良性竞争，并鼓励消费者亲身体验IMAX带来的优越观影感受。”而对于DMAX是否涉及侵权，IMAX公司目前没有给出答复。争议二：“中国巨幕”会降低巨幕电影放映门槛吗？IMAX作为目前最受欢迎的电影放映，对影片有极高要求。所有在IMAX放映的普通电影，都要经过一套DMR(数字原底翻版)技术的修复，IMAX公司通过数字化提高普通影片的影像和音响质量，使之适合在IMAX影院放映。经过这种技术处理后，影片的影像质量就能够达到观众期望的IMAX体验。每一年，在IMAX影厅放映的电影不过20多部，这也使得IMAX电影显得格外稀有。而“中国巨幕”号称不受片源限制，这也让许多业内人士产生怀疑，“中国巨幕DMAX”放映门槛相对较低，难免会有不适宜在巨幕上放映的电影滥竽充数。网友magasa称，“把这玩意和IMAX相提并论肯定是混淆视听，IMAX是从拍摄到后期制作到洗印到放映的一整套流程和独特技术，这个DMAX顶多是一套大功率放映设备。”相比IMAX，中国巨幕则对于放映的电影不加过多限制。普通电影画面，如果没有经过特殊的技术转换，在巨幕放映后一定会使得画面受到损失吗？这就成为了很多网友关心的话题。中国电影科研所所长杨雪培认为，这样的担心有些多余，他援引《现代电影技术》杂志2011年6月号一篇名为《IMAX的神话与数字电影时代的巨幕放映》的文章表述了自己的观点，文章称，“数字电影在全球的快速发展，2K放映系统特别是数字拷贝成本的不断降低，银幕亮度的不断提升，已使得画面完美地投射到了25米的银幕上……”文章还认为，结果横向比较《唐山大地震》和《怪物史莱克3D》两部电影在不同放映系统下的表现后发现，画面的亮度和清晰度几乎没有差别，这说明采用普通数字电影2K放映机进行巨幕放映是可以实现的，在关键技术上不存在明显的障碍。这就意味着，任何在主流影院放映的数字拷贝，都可以在“中国巨幕”上放映，这就意味着“中国巨幕”不会像IMAX一样受到片源的限制。但杨雪培也认为，能够在巨幕放映的最好还是通常意义上的“商业大片”，相对节奏较慢的文艺片并不适合在巨幕放映，“《蓝精灵》开头那一段坐着鸟飞的情节，在巨幕观看就有一种失重的感觉，像是坐太空舱一样，如果没有那么大的银幕，就没有那么明显的感觉，巨幕让电影更具备了临场感。”争议三：“中国巨幕”为何如此便宜？尽管宣传资料上称DMAX系统成本仅需IMAX的10%，但参与DMAX研发的中国电影科研所所长杨雪培还是强调，只能说“中国巨幕”成本要大幅低于IMAX，究竟便宜多少还要视情况而定。俗话说一分钱一分货，那成本动辄超过千万，票价动辄过百元的IMAX是否真有过人之处呢？杨雪培表示，IMAX拥有多项专利技术，在某种意义上还是处于垄断状态，影院要拿出相当一部分的票房收入和IMAX公司分账。此外，IMAX公司每年都要向影院收取版权许可费用，这笔费用在7万美元到10万美元不等。杨雪培甚至还认为，“IMAX影厅建设费用超过1000万人民币，个人认为有一半是IMAX品牌的价值。很多美国人都不理解，为什么你们中国有那么多IMAX影厅，我们都买不起。如果各类费用没有那么高，IMAX票价也不至于高那么多。”尽管DMAX系统在各个环节还是使用进口品牌，但最近几年，许多具备独立知识产权的放映系统配件逐渐走到了市场。杨雪培表示，国产的大功率数字疝灯灯泡，凭借物美价廉的优势，已经远销海外，“他们卖12000元，我们卖6000元，以前影院用的都是欧司朗、飞利浦这样的进口货，现在越来越多的影院开始使用国产灯泡了。”此外，国产20多米高的金属幕也已经在安徽马鞍山开始生产了，美国的公司曾专程去考察，并且准备开始从中国订货。此外，维持双机放映图像重合的图像处理器，中国也具备了自主的知识产权。这些应用都将会在“中国巨幕”中出现。部分核心产品的国产化，也是“中国巨幕”降低成本的原因。这些设备不再依赖进口，拥有独立的知识产权，也不会被外商漫天要价，一定程度上争取了主动。虽然中国放映设备的国产化逐步提高，但杨雪培承认，巨幕系统中两个非常关键的环节：放映机和服务器，还必须依赖于进口。而放映3D电影的灵魂组件——3D设备，目前绝大多数也要买老外的。DMAX刚刚面世，同IMAX比起来放弃一定程度的品牌价值，用低廉的价格来吸引影城加盟，是再好不过的办法。而将许多放映设备做叠加的方法，也颇似电脑城里的兼容机，也就是俗称的组装电脑，虽然配置不逊于品牌机，但价格显然会便宜许多。正如杨雪培所指出的，“中国巨幕价格要视情况而定”，这就与兼容机可以根据顾客要求，自由选择机能不一的电脑配件有异曲同工的感觉。争议四：DMAX到底是不是兼容机？标准的IMAX银幕尺寸在22×12.5米以上，而UME双井影城的DMAX银幕尺寸为20×12米，比标准IMAX略小。北京UME影城经理刘晖介绍，UME华星店的IMAX影厅有387个座位，而UME双井店的DMAX影厅则有360个座位，不过两个影厅面积到底分别有多大，刘晖也没有详细的数据。再来对比一下IMAX与DMAX的“配置”。长期研究影院放映技术的行业专家赵松(化名)介绍，虽然其他公司会帮助IMAX制作定制产品。比如数字芯片是与德州仪器的DLP(数字光处理)设备进行的合作，数字放映机是科视授权的，但IMAX的核心技术都是自己的，是一整套完备的放映系统，每一个环节都打上了IMAX的标签。而DMAX的设备则来自多个供应商，放映机来自比利时的巴可，银幕来自英国的哈克尼斯银幕，音响则是巴可公司的11.1声道音箱，3D设备是韩国的Masterimage。赵松总结认为，IMAX就好像是个人电脑中的品牌机，DMAX更像是个人电脑中的兼容机。这个比方非常生动，也衍生初更新的问题——巨幕系统的售后服务如何解决？IMAX公司的工作人员介绍，IMAX的放映设备如果出现程序问题，会有专人进行远程数字登录解决问题。如果是胶片和硬件设备出现问题，公司会派专人前往影院解决问题。除此之外，IMAX公司还会对客户购买的设备进行半年一次的定期检查，第一年不收费，以后需要收费。刚刚开始推广的DMAX目前尚未开始面对维修问题。但显然，在这一点上，它远远不及IMAX的一条龙服务。所有来自世界各地的产品，都需要由相应环节的供应商来做维护。放映机坏了，就要找放映机的供应商，3D系统坏了，就要找提供3D系统的公司。中国电影科研所所长杨雪培希望，“中国巨幕”将来也要有专业的维护团队，实现像IMAX那样实时在线维护，并且将各个行业技术融合到一起，“反正不能让IMAX垄断这个市场。”结语：中国巨幕来势汹汹，获得了媒体和行业内的广泛关注。但到底它与IMAX相比效果如何，由于《蓝精灵》没有IMAX版，因此还无法做直观的比较，但中国巨幕迟早要与IMAX正面交锋。在这场战役中想要获胜，光靠赚快钱的思路是肯定不能成功的。中国巨幕要想占领市场，除了要争取知识产权自主外，还有学习国外公司优秀的管理技术，专业的经营理念，以及数十年如一日的专业精神，这样才能将中国巨幕经营为“百年老店”，而非像“EVD”(一种数字光盘格式)等“中国概念”一样，成为昙花一现的商业噱头。中国电影科研所所长杨雪培认为，随着4K数字技术的不断完善，未来的数字放映将会以4K技术作为高品质的标杆，中国只要有200块4K银幕，就可以满足观众基本的观影需求。,2,9,0.7631940245628357
暑期DV计划落幕 美国青年拍摄北京故事(图)新浪娱乐讯 8月23日下午，“看电影”2011中美青年暑期DV计划活动在百老汇电影中心(微博)举行展映仪式。活动放映了9位美国青年拍摄的关于北京的DV作品，以他们的视觉呈现出不一样的北京。据主办方介绍，本次活动有9位波士顿大学影视学生参与，他们在北京的两个星期时间里，以“美国青年眼中的北京”为主题，各自拍摄一部5-10分钟的DV短片，以他们的视角发现不一样的北京。值得一提的是，北师大艺术与传媒学院的10位中国学生也参与了本次活动，并与美国来宾进行一对一的协助。当天的活动展映了这9位美国学生拍摄的9部作品，其中包括：从一个骑自行车人视角看北京的《骑行者》；寻找现代城市生活中传统功夫元素的《侠》；探索中国特有的珍珠文化的《中国珍珠的奇异世界》；用镜头捕捉北京人生活细节的《北京》；探索和展现中国各种广告，并与美国广告文化做比较的《写在墙上》；记录6名生活在北京的人讲述北京对自己的意义的《盛放》；通过声音和影像实地考察北京茶文化的《茶的传统？》；记录一个北京家庭中一个老人和一个年轻人一天日常生活的《穿过那扇门》；记录自己在北京经历，同时跟踪拍摄一名中国舞蹈演员的《圆》。覃覃/文 夏祺/图,2,5,0.563652753829956
"袁莉解释为何穿大胆透视装我能hold住！(图)点击进入袁莉微博：谈穿大胆透视装组图：袁莉黑色透视装登场 极尽性感成焦点新浪娱乐讯  昨天(8月28日)袁莉以一席透视装、丁字裤亮相华表奖红毯，这身行头引起了网友热议。袁莉在新浪微博上则表示已经这样了，就当天气热。之后又表示阴差阳错穿了透视装，但是能hold住她这身衣服的人不多。昨天第14届华表奖已落下帷幕，在这样的盛会上，女明星们的惊艳亮相总能惹起不少谈资。昨天华表奖红毯上最抢眼的当属袁莉的一身黑色蕾丝透视装，以及透视装包裹下显而易见的丁字裤。这身行头遭到了不少网友的非议。对此袁莉不以为然。袁莉似乎一开始自己也没有意识到这身透视装会如此之透，她看到强光下自己的这身装扮时也吓一跳，于昨天18点04分在新浪微博写道：“哦，妈妈咪呀，试衣服的地方灯光没那么亮，这强光！天哪！”接下来袁莉于昨天18点50分在微博中略显无奈的表示：“算了，已然这样了，就当天气热，凉快。”袁莉在看到很多对其穿着的非议之后，今天02点28分在微博中表示感谢这次的阴差阳错借给她的勇气，“不是我太胆大，是有些人太胆小！没什么好后悔的，试衣服时灯光太暗，但我要感谢这阴差阳错借我的勇气，也许这件衣服不是最适合我的，但能hold住这件衣服的也不多！so,what!” 截止到今天10点27分，这条微博已被转发16036次，评论有9066条。对袁莉的透视装亮相华表奖红毯，欧阳奋强(微博)在微博上表示支持袁莉。“国外的每次红地毯，都有影星打扮抢眼，然后就说：你看人家国外的颁奖礼多好、多开放，那才是真正的走红地毯。袁莉一身蕾丝半透视打扮，看见有些人讽刺挖苦，这个我就不理解了：袁莉为什么不能这样打扮？她的打扮至少我看来是可以接受的。不要用双重标准对待她。”程兴家/文",2,6,0.8833379149436951
刘璇纪录片《那美》：疗愈孩子更疗愈成人(图)清晨跟晨曦对话，星夜与蛙鸣合奏，自己染布作画，也爬山，下水，烧火，做饭，关心小鸡的冷暖，植物的生长。这便是“灵性教育”倡导人萧望野在云南大理的教育实践。她创办“那美”，目标很简单，“让孩子从小对世界有一种理解力”。而在纪录片《那美》的导演刘璇的镜头里，伴随被唤醒的孩子们的灵性的，还有父母们的焦灼逐步被疗愈，以及那些温和而不失刺痛的社会反思。“这个社会主流人群的状态还没被记录下来”影片开始，是一帮妈妈带着孩子来投奔萧望野的“那美夏令营”，灵性教育，是她们缺失且期待的，“我从小给女儿买很多很贵的芭比娃娃，但是，这是她真正想要的童年吗？仔细想想，是在满足自己的虚荣，弥补物质匮乏的童年。”或者，“过了三十，事业更成功，但是更困惑了，幸福感？好像没有增加。”妈妈们的访谈，贯穿纪录片始终，她们带着困惑与期待，到大理赴约，希望现在自己感受到的困惑与无力，几十年后不会在孩子身上重演，而这个愿望的实现，首先起步于童年教育。“她们从天涯、豆瓣上知道萧望野，了解了她的支教经历，从广西到云南，她一直在坚持自己的‘灵性教育’。萧自己也有一个女儿，通过她不定期组织的‘妈妈互助会’，妈妈们觉得‘那美’会是一个好的契机。”刘璇聊起她的拍摄初衷，“好多纪录片是关于风俗人情、少数民族，或者边缘人群，比如矿工，我们因为关注而关注，但他们自己其实并不会看到这些作品。并不是这样的作品不好，只是，这个社会主流人群的状态实际上还没有被记录下来，整个时代是什么样子？包括精神状态、世界观、价值观，是什么样的？就像我会关注历史中的时代主流，我想将来也会有人想知道我们这个时代的主流人群，在面临和经历什么？”不同程度的焦灼，是几位妈妈面对镜头时说的最多的，而孩子这面镜子，更映射出她们在当下的困惑与局促，当物质生活日益富足时，哪些美好正在悄然流失？或者说，从一开始就被扼杀了？萧望野代表了一种希望，“比如，我们不会在教小孩画画时，让小孩在一个框框里填颜色，那是强迫小孩服从于一种标准。像鹦鹉和猴子那样模仿别人的课程，不能带来精神力。”在她看来，心灵像一面镜子，去反射精神的光，“反射得越明亮的时候，我们把这种状态叫灵性。”“国外的艺术教育已经很成体系”“那美”原是萧望野在广西做义务教育时的地名，外人看来，很偏远，环境也相当糟糕，但她欣喜于“获得了充沛的时间来阅读、冥思、祈祷和反省”，还完成了《那美》这本书，后来学校因为种种原因关闭，一帮理念相似的朋友，又助她迁到大理，继续“那美”身心灵合一、与应试不太相关的教育事业。片中，孩子们清晨需跟晨曦对话，星夜与蛙鸣合奏，自己染布作画，去洱海源头寻找自然的能量，看白鹭翩飞，也爬山，下水，烧火，做饭，关心小鸡的冷暖，植物的生长，每一次的学习，都身临其境，因为“那美”的理念就是，“要对色彩、音乐、语言、文字、文化……有一种精神范围的研究，这样它们才会真正有生命”。“其实国外的艺术教育已经很成体系，比如德国的华德福教育体系，就被认为是未来教育的典范，它提倡必须有一套能照顾孩子身、心、灵整体发展的教育方式，它的理念就是，我们不应该问一个人生存于现今社会应该具备哪些知识与能力，而是应该问，这个人的内在潜能是什么？以及他的发展方向是什么？”刘璇坦言，目前在国内讨论这样的教育模式，还没有很好的气候，“办学还是得有统一的教学大纲，但有了大纲，又何来区别？”甚至，为了电影能顺利立项，纪录片也只好选择了“那美夏令营”这个角度。对孩子们来说，这是个趣味盎然的夏令营，比3D电影来得更立体过瘾，而对他们的妈妈们而言，更加意义重大，“我觉得我受到的影响，比女儿要多”，而这也正是刘璇和萧望野温柔呐喊的初衷，“影响父母，解开他们的困扰，当他们不受束缚了，孩子的灵性开发才可能事半功倍。”对话刘璇“有很多人想要突破”记者：你曾在徐静蕾公司当制片人，为什么出来拍部纪录片？刘璇：到2008年的时候，觉得自己有点浮躁，跑来大理调整，之后每年会有半年时间在这儿待着一直想拍个纪录片，回来正好遇上“那美”，这个题材不那么表面，有得拍。其实当时还采访了两位著名画家，其中台湾70多岁的知名画家韩湘宁就说现在大陆的教育状况很像他小时候上学时的台湾，有很多人想要突破，而后来确实也实现了。记者：如果“那美”成为一种长期教育模式，这样的冒险成本会不会比较高？刘璇：能做这样尝试的家长，一是他有在物质和精神上足够的自信，可以让孩子自由发展；第二是他对教育体制很失望，期待改变。“那美”可以打动很多成年人，是因为时代和生活确实遇到了一些问题，要不要改变？怎么改变？这是非常值得探讨的问题。,2,5,0.5406417846679688
国台办：乐见《赛德克-巴莱》在大陆上映导演魏德圣(微博)方面称正在接洽大陆发行事宜  尽量满足审查要求反映台湾少数民族同胞反抗日本殖民统治的影片《赛德克·巴莱》近期在岛内热映。就该片“登陆”上映的问题，国务院台湾事务办公室发言人范丽青昨日在例行新闻发布会上表示，目前有关部门尚未接到引进这部片子的正式申请，如果台湾的制片方提出该片在大陆商业发行的要求，国台办愿积极促成。昨日，该片导演魏德圣方面的工作人员表示，目前正由电影公司接洽影片在大陆的发行。魏德圣本人在之前接受采访时强调，影片依旧会寻求在大陆公映的可能，对于电影局提出的要求，会尽量全部满足。或受益于ECFA“登陆”昨日，国台办发言人范丽青在回答关于台湾电影《赛德克·巴莱》在大陆送审和公映问题时表示，“台湾电影《赛德克·巴莱》反映的是历史上的雾社事件，描写了台湾少数民族同胞反抗日本殖民统治的可歌可泣的悲壮历史。这部片子在台湾上映，观众反应热烈。有朋友告诉我说，场面很恢弘，很震撼。”她还表示，“我们乐见该片在大陆上映。根据我们的了解，目前有关部门尚未接到引进这部片子的正式申请，如果台湾的制片方提出该片在大陆商业发行的要求，我们愿意积极促成。” 《赛德克·巴莱》自9月9日正式上映短短4天以来票房已破亿(新台币)。中秋假期期间，台湾各大影院该影片的上映更是全线爆满。对于是否会在大陆上映，昨日，魏德圣方面的工作人员回应，目前正由电影公司接洽当中，尚无具体档期。根据ECFA(两岸经济合作框架协议)早期收获清单的规定，经大陆主管部门审查通过，台湾影片可不受进口配额限制在大陆发行放映。魏德圣：尽量满足审查要求在威尼斯电影节期间，作为该片监制的吴宇森曾肯定地表示：“一定会帮魏德圣打进内地的。”魏德圣在接受媒体采访时也表示，《赛德克·巴莱》在完成了威尼斯电影节和台湾首映后，将配合大陆审查，修剪成普及版本，寻求上映机会。魏德圣还强调，影片会寻求在大陆公映的可能，对于电影局提出的要求，会尽量全部满足。对于审查这一环节，魏德圣表示，目前得到的反馈是“血腥的东西需要删剪”，“砍头啊。还有孩子杀老师那一点，虽然是想传达一个文化、信仰方面的观念，但是因为大陆没有分级制度，小孩分辨不了对错，所以不能留。完整版本中还有汉人参与该事件的情节，但电影局希望描写汉人的部分不要那么软弱。就是台词改一下，其实电影里的汉人都是经商的，但是他们希望不要显得那么功利。”,2,7,0.9861581325531006
孔子动画亮相纽约广场 携现代山东老乡作揖问好据新华社今晨消息，中国历史上广为人知的先贤孔子的行教画像10月1日以全新的“作揖行礼”的动画形式亮相“世界的十字路口”美国纽约时报广场，将中国人自信大方的谦谦君子之风传递给世界。   ●形象短片孔子携现代人作揖  传达“仁”与“和”这个长度为30秒的短片用富有感染力的水墨画描绘孔子形象，以孔子标准的“作揖行礼”动作贯穿整个短片。片中孔子两手相交，手心向上放在胸前，身子向前略倾，表现出谦恭礼让。短片于10月1日在位于时报广场2号楼、由新华社租赁的238平方米户外液晶显示屏上播出。每年有近一亿人有机会一睹孔子及其故乡的风采。片中选择了不同年龄、不同性别的山东人，以孔庙大成殿、泰山、黄河及青岛海滨等场景为背景行作揖礼，片尾处则是孔子带领这些现代山东“老乡”全家福似的一揖。动画版的孔子形象创意来自唐代吴道子的《先师孔子行教图》。孔子作揖，传达的是中国传统文化中“仁”与“和”的精神，而现代人的作揖则是对这两种精神的传承。近年来，随着儒家文化的复兴，世界对孔子思想的认同感日渐加深。截至今年5月，全世界已有100多个国家和地区建立了300多所孔子学院和400多个孔子课堂。●市民反应“真想亲自去孔子老家看看”纽约市民勒迈尔在时报广场上看到孔子的画面，觉得非常新奇，他说没想到自己在课本里学到过的几千年前的中国圣人会出现在时报广场大屏幕上。“这说明古老的东方文化在今天依然具有影响力，而且是可以跨越国界、互相借鉴的。真想亲自去孔子的老家山东看一看。”他笑着告诉记者。●专家解读象征中国国力上升美国佩斯大学孔子学院副院长周燕玉表示，9月28日是孔子诞辰2562周年，10月1日是中华人民共和国成立62周年。孔子形象在这个时间段亮相时报广场特别有意义，不仅向世界展示了中国的古老文化，也象征着中国国力的日益上升。“儒家思想所倡导的仁者爱人、天下一家的思想在当今全球经济不景气、地区冲突不断的背景下显得格外重要。”她说。整理/记者 程磊,2,5,0.7041027545928955
《星空》14岁徐娇变老成？这回她要谈谈情14岁徐娇的“老成”语录○经历不一样了，矛盾纠结的事情也不一样了。○成长会遇到的一些事情，比如朋友之间的事情，偶尔也会有矛盾啊，因为每个人都有自己的看法。○现在时代不一样了，不是说我很成熟，而是说我与其他同学经历不一样。○辛苦很值得，有舍才有得嘛第16届釜山国际电影节昨日开幕，将于11月4日上映的华语电影《星空》入围参赛。被周星驰挑中出演《长江七号》并捧为掌上明珠的徐娇再次挑梁女主角，如今的徐娇与当年那个顽皮可爱的假小子完全不划等号，长发披肩，目光明亮，14岁的她早已长成亭亭玉立的美少女。在这部被周迅、姚晨(微博)等多位明星称之为“最纯的初恋”里，徐娇也首次挑战了一段朦胧的情感戏。出征前，她接受了华西都市报记者独家专访，依旧机智，回答问题滴水不漏，那份与年龄不相符的老成让人瞠目。【说新片】要谈情，还要学习打架《星空》根据几米的畅销绘本改编，讲述一个13岁少女成长的故事，它捕捉到一个少女成长的美丽与悲伤，青春的脆弱与狂野。电影由《九降风》导演林书宇执导，为了体会角色，徐娇被安排去台湾学校体验生活，甚至学起了台湾腔。华西都市报：喜欢几米的漫画吗？徐娇：很喜欢。我第一次看还是在小学四五年级，看的第一本就是《向左走向右走》，然后是《星空》，一共看了十几部，我觉得几米老师的漫画每一本含义都不同，特别令人感触。华西都市报：导演怎么找到你来出演《星空》？徐娇：导演第一次见到我的时候，是在高雄举办的亚太影展，因为此前周小狄(《长江七号》)假小子的模样，给大家留下太深的印象了。但那一次导演说见我觉得变化很大。他当时正在做《星空》剧本，就想我会不会是适合的人选呢。后来，导演又专门飞到杭州来跟我聊天，也让我去台湾与其他演员一起试戏，最后确定下来。华西都市报：为了这部戏都做了哪些准备？徐娇：嗯，大概提前了一个月去台湾上了几天课，本来我上初二了，但为了能适应那里的生活，所以就上的初一。除了体验学生生活，我还要上台词课、舞蹈课，甚至还有打架课……华西都市报：那怎么去体会电影里那种懵懂的情愫呢？徐娇(想了一下)：绘本里面他们是两个同病相怜的人，因为家庭的原因而变得自闭起来，最后到无法与人交流。结果两个人碰见了，才发现，原来这个世界上还有和我一样的人。所以彼此很珍惜。华西都市报：你觉得以自己的年龄可以理解这样的感情吗？徐娇(声音突然高起来，敏感地回答)你想说什么！我觉得他们是建立在友情的基础之上的。【说生活】不做假小子，最爱长头发在最近几次公开亮相中，长发的徐娇给人眼前一亮的感觉，当年的假小子已不见踪影，取而代之的是一个成熟的美少女。有次竟然还穿上了“黑丝”，让人瞠目。徐娇也喜欢长发的自己，但为了应付忙碌的初三，她又不得不把长发剪短。华西都市报：觉得自己留长发漂亮点，还是短发可爱点？徐娇：我很喜欢长发的。(笑)演完《长江七号》我就把头发慢慢留长了。但现在我又把它剪短了。(为什么啊？)我现在初三了嘛，长发还是很麻烦的，特别是游泳完了还要等它干，我是个急性子，最怕等，冬天洗完头也要等很长时间。华西都市报：不觉得可惜吗？徐娇(叹气)：可惜也没法，因为初三，学习最重要。华西都市报：可现在还在工作，不怕影响学业？徐娇：我成绩还行。拍戏的时候也会利用空闲的时间来学习，拍《星空》时剧组还请了老师专门给我上课。毕竟我现在还是学生嘛。【说烦恼】最纠结同学朋友之间的感情因为有着和年龄不相符的老成，徐娇在应对媒体时，嘴里爆出来的往往令人吃惊。她说自己也有成长的烦恼，也有矛盾纠结的事情。华西都市报：会觉得现在的自己跟以前有什么不同吗？徐娇：没什么吧。可能就是经历不一样了，矛盾纠结的事情也不一样了。华西都市报：现在会纠结什么事情？徐娇：其实……就是成长会遇到的一些事情，比如朋友之间的事情，偶尔也会有矛盾啊，因为每个人都有自己的看法；还有有时候同学之间也会说老师怎么样，学校怎样。华西都市报：在学校里，同学们会当你是明星吗？徐娇：不会的。我觉得看不见的才是明星。天天看见了，也不是明星了。在他们眼里，我就是普通的。华西都市报：同学中有特别好的朋友吗？徐娇(若有所思)：我觉得真正的好朋友，一个人一辈子有那么一两个就可以了。如果这三年等不到，也就不用等了。华西都市报：说这样的话，会不会觉得太成熟了？徐娇：真的吗？我没有觉得。现在时代不一样了，不是说我很成熟，而是说我与其他同学有一点小区别，这可能跟大家的经历有关。我们只是经历不一样而已。【说周星驰】周老爸很关心她的学习因为周星驰的发掘，徐娇通过《长江七号》一炮而红，生活中的她自然也忘不了星爷的提携，一口一个周老爸。华西都市报：会不会觉得娱乐圈很复杂？才让你变得早熟起来？徐娇：没有。我只是喜欢拍电影而已，喜欢演不同的角色，其他我就没有想了。华西都市报：如果不当演员，你会想过做其他什么工作吗？徐娇：嗯，我想当漫画家，因为我喜欢画漫画也喜欢动漫；我也喜欢当美食家，以前还想过要尝遍各地美食呢。华西都市报：那周老爸有没有过问过？    徐娇：其实周老爸更关心我的学习，每一次见面都会问最近学习怎样。很少聊电影。华西都市报：接下来有什么新计划？    徐娇：从釜山回来，马上就要进组《大武当》，10月开机。华西都市报：不觉得辛苦？徐娇：不会。也很值得。因为有舍才有得嘛。相比之下，我经历的东西比别人多啊，可以学到更多的东西，也可以去到不同的国家，这比别人丰富。华西都市报记者马丹,2,5,0.5767635107040405
乔布斯去世引娱乐圈震动 与娱乐业渊源深美国苹果公司5日宣布，该公司前首席执行官史蒂夫·乔布斯已去世。享年56岁。消息一出，竟在微博上引发了从明星到草根的全民刷屏运动，这大概就像微博网友崔斯坦说的那样：“作为一个‘科技见仇’，我知道乔布斯是因为动画。在没见过真人照片之前，他在我心目中一直都是伊娃的样子，而其他人则像瓦力那样痴迷着他。”乔帮主与娱乐业的渊源到底有多深，要从皮克斯动画工作室说起。    1986年，前身是卢卡斯电影公司旗下工业光魔公司的电脑动画部的皮克斯动画工作室(Pixar A nim ation Studios)，被卢卡斯包装成电脑硬件公司出售。当时刚因苹果公司政变，被扫地出门的乔布斯以500万美元的价格买下了它。在乔布斯的经营下，1987年，皮克斯的第一部短片《台灯父子》(LuxoJr)获得奥斯卡最佳动画短片提名；1989年，动画短片《锡兵》(Tin Toy)赢得了奥斯卡最佳动画短片奖；1995年，皮克斯与迪士尼合作的第一部动画长片，也是影史上第一部完全由电脑制作完成的动画长片《玩具总动员》上映，成为了当年的北美票房冠军！《玩具总动员》的成功，让乔布斯拥有了10亿美金的身家，也让濒临倒闭的苹果公司的高层，看到了乔布斯的能力，1996年12月，乔布斯以胜利者的姿态，重返苹果公司。2006年，迪士尼以74亿美元天价买下皮克斯。乔布斯从此成为手握迪士尼7%股份的第一个人大股东。自1986年起，皮克斯动画王国出产了11部动画长片和19部动画短片，不仅给全球影迷带来无数欢乐与感动，更实现了动画电影票房、技术上的完美飞越，毫无疑问，当中乔布斯本人与苹果公司都对皮克斯作品产生了不可低估的影响。娱乐圈大佬们这样说著名导演乔治·卢卡斯：史蒂夫的魔力是当其他人安于现状的时候，他却能看到所接触的所有事物真正的潜能，并在追求梦想的道路上永不妥协。迪士尼首席执行官鲍勃·伊戈尔：乔布斯的遗产不仅局限于开发的产品或创立的事业，他激发了成千上亿人的灵感，改变了人们的生活，重新定义了文化。史蒂夫在彻底创新和想象力方面是那么的“独创”，他定义了一个时代……他的过世使世界失去了一位罕见的创新者，迪士尼大家庭失去了一位成员，我失去了一位伟大的朋友。皮克斯首席创意官约翰·拉塞特与主席艾德·卡姆尔：乔布斯是皮克斯大家庭的指路明灯，他早于我们所有人看到皮克斯的潜质……他给了我们机会并相信我们制作电脑动画片的梦想……他将永远是皮克斯DNA的一部分。时代华纳CEO杰夫·比克斯：世界因为史蒂夫而美好，通过他创造的产品，我们公司述说的故事更丰富。他是一个活泼且无惧的竞争者、合作者、朋友。在我的一生中，社会充满不可思议的技术创新，史蒂夫是一个标志，他的遗产将被追忆千年。,2,9,0.3924339711666107
《非2》小诗《见与不见》原作者归属争议本报讯 因为电影《非诚勿扰2》，小诗《见与不见》(以下简称《见》文)被广为流传，引发原作者归属争议，谈笑靖女士称自己早在2007年就在自己的博客发表了该诗文，但随后出版刊物在发表该作品时却署名“仓央嘉措”。昨日，谈女士起诉珠海出版社及王府井书店侵权案落判，东城法院确认两被告构成侵权。原告：小诗系2007年创作谈女士起诉称：她于2007年5月创作了诗作《班扎古鲁白玛的沉默》(又名《见与不见》)，并于同年5月15日首发于自己的博客。2011年3月，她发现珠海出版社未经许可出版了包括该作品的图书《那一天那一月那一年》，且将涉案作品当作仓央嘉措的作品。谈女士从王府井书店购得涉案图书。她认为珠海出版社侵犯其署名权、复制权和发行权；王府井书店侵犯其发行权，要两家单位停止侵权，出版社致歉并赔偿经济损失及诉讼合理支出5000元。被告：博客未署名 不享著作权庭审中，王府井书店表示，涉案图书有合法进货渠道，且尽到合理审查义务，不应承担侵权责任。珠海出版社则认为，谈女士公证的博客网页中虽有涉案作品，但未署名，且该博客未明显说明或者声明“博客内容为原创”或“禁止转载”，因此不能证明其对涉案作品享有著作权。此外，涉案图书探讨和解读仓央嘉措及其现象，引用涉案作品含标点共113字，占全书比重0.007%，不应视为侵权行为。判决：被告侵权 但无主观故意法院认为，案件的焦点在于涉案作品是否为谈女士创作，即其是否享有著作权。根据博客上的个人图片、日志等资料，可初步证明谈笑靖是扎西拉姆·多多；且有中信出版社出版的《当你途经我的盛放》一书作者署名及作者简介相互印证。法院确认涉案博客为谈女士所有。并根据谈女士与《读者》的邮件，对博客作品的真实性予以确认。法院认为，作者对其博客作品依法享有著作权。珠海出版社未经许可，未给谈女士署名，在涉案图书中使用了其享有著作权的涉案作品，构成侵权。但法院判决书提到，因《读者》等刊物将涉案作品署名为仓央嘉措在先，故涉案图书将《见》文作为仓央嘉措的作品有客观原因。涉案图书对涉案作品引用比例极小，主观上没有侵权故意，仅须承担停止侵权的法律责任，同时，书店被判停止销售涉案图书。法院未对谈女士的经济索赔以及道歉要求予以支持。■ 调查18行小诗博客原创法院调查后确认，谈女士提供的署名为“Just Dorophy”博客在2007年5月15日的日志“疑似风月中集”中，有标题为《班扎古鲁白玛的沉默》一文，该文连同标题共18行，分为5小节。博客添加者显示为“扎西拉姆·多多”。2008年10月，《读者》刊登作品《见与不见》，署名为仓央嘉措。与涉案作品相比，二者有两处不同，一是标题不同，二是《见》文倒数第三行“让我住进你的心里”与涉案作品倒数第三行“让我住进你的心间”有一字之差但字义相近，其余内容及分节均一致，谈女士当即向《读者》发送邮件，告知对方署名错误，自己才是作者，并提供了博客链接。据了解，谈女士于2009年在其个人网站上声明作品系原创，而且“扎西拉姆·多多=谈笑靖”。2011年，中信出版社出版图书《当你途经我的盛放》，作者扎西拉姆·多多。对作者简介：“扎西拉姆·多多，女，原名谈笑靖。”(记者朱燕),2,1,0.5460260510444641
李桃原生态之美征服东京 拍《转山》变抑郁(图)为《转山》变抑郁在电影《转山》中，李桃扮演的是两位男主角转山途中，投宿的一个藏族家庭的儿媳妇。丈夫已经不在，她和公婆、孩子一起过，承担照顾整个家庭的重任。用李桃的话形容就是“纯朴，原生态，没有出过山”。生活中的李桃是个性格开朗、活蹦乱跳的20出头的女孩，藏族，孩子的母亲，寡妇，这些词和她完全不搭界。“对，我和她性格不一样，她是个年轻寡妇，生活重担都压在她身上，她的心事很压抑的。进组后，导演不让我笑，让我培养忧郁的状态，一开始就被他凶了一下，跟我说‘从今天起，不许笑，不许和剧组的人哈啦’……我就真的抑郁了。”李桃还“抱怨”说：“一进组导演就不让我化妆，还给我涂很黑的粉底，高原红，用胶水做嘴唇起皮的效果。我担心会不会太丑啊？但后来才发现，那种无拘无束的状态特别自然，没有压力。尤其是看完电影后，我真的喜欢演不是美女的女孩了。那样可以放松地去表演人物的状态，而不是考虑自己的外表。”与藏民成为一家电影中，李桃生活的家庭，她的公婆和孩子，都是由盐井当地一家藏民扮演的，并非专业演员。“我一进组就住在戏里那个家了。因为要演小孩仁青的妈妈，必须跟他们建立很深的感情。他们不是演员，要发自内心的喜爱我，才会把我当一家人，有火花出来。”“与他们演戏特别开心，开始他们还会把我当客人对待，处久了，生活习惯也一样，我们就打成一片了，他们也真心对待我。”李桃说。前不久，重走《转山》路活动的时候，李桃特意没打招呼回去看望仁青一家，给了他们一个大大的惊喜。“我在戏里说的藏语都是跟阿爸学的。因为杜导拍戏灵活性很大，常常随机地调整台词，我每天学，学了好多。导演一说要改动，我赶紧问阿爸怎么说，他都会告诉我。”李桃说这些话的时候，脸上有种被父亲宠爱的光彩和幸福。而看过全片之后，李桃说：“仁青演得太好了。他们的戏都很自然。”不与男主角说话李桃扮演的这个特别纯朴的女人，在和转山的张书豪短暂相处后，萌生了朦胧的感情。这是这部电影唯一的一点感情戏：“导演不让我跟书豪讲话。他说这个角色需要孤独感，而且西藏的女孩本来就很羞涩，和外界有点隔阂，她和书豪又是初次见面，演员之间太亲密的话，感觉就不对了。两个陌生人才会有羞涩的东西出来。”而小小年纪的李桃又如何揣摩做妈妈的感觉呢？“我跟他们一起做饭，每天接送小孩上学。西藏的女孩结婚生子都很早。年龄方面其实是合理的。但是带小孩太累了。他们家有三个小孩，我和一个玩，其他两个也都跑过来。我身上常常挂着3个小孩。我也会在自己母亲身上找感觉。骑士西藏的小孩大多是‘放养’的，野生的。戏里仁青爬上书豪的自行车，我又生气，又难过，挥手就拍他屁股，那都是很自然的状态。”用眼神征服导演导演杜家毅说自己是因为一段视频中看到李桃的眼睛，才选了她。“我听副导演说过，导演要求选的演员眼睛一定要漂亮，干净。我与导演没见过，就通知我去演了。电影那段戏，仁青跟书豪说‘她喜欢你呢’，我看下婆婆，那个眼神导演很喜欢。他说一定要有一个那样的镜头，故事、人物关系才立得住。”其实，李桃24日下午才在东京第一次完整地看完全片。“我把自己当成普通观众去看，看哭了。书豪骑到业拉山口，红色的经幡在风里飘，我的情绪就出来了。每人都有自己的梦想。他的梦想是从云南骑到拉萨。我也有梦想，我会想在追求自己梦想的路上遇到了哪些事情，是坚强地走下去，还是放弃。追求梦想的路上也会有人瞧不起你，有各种困难……联想自己的事情，我就哭了。”但李桃并不是个自怜自艾的女孩，相反，她倔强，执着。这一点，在重走《转山》路的时候已经体现得很明显：“我们拍摄的时候没有徒步或骑行。重走时，开始也没觉得一定要怎样。在5000米海拔徒步的时候，走到一半下冰雹，风雨交加。但那时目标已经能看到了，我不能放弃，不能对不起自己，告诉自己一定要走到终点。后来又遇到两次冰雹，但我感觉不到难受，所有的不适都被毅力打倒了，有种越挫越勇的感觉。到终点时，我觉得我胜利了、成功了。《转山》这部电影让我发现自己是个很坚强，很有毅力的女孩。”范晨/文  郝斌/图、视频,2,3,0.43162813782691956
1500套《梅兰芳》服装件件都是戏(组图)推开第二道门，白衣如雪的梅兰芳正在画眉更衣。他有些心不在焉，因为他心里有一个女子———那个女子简单地留着短发，旗袍没有装饰。她是孟小冬。他们相遇相爱，然后别离。造型师陈同勋觉得只有白色能代表梅兰芳的气度，而得不到爱情的孟小冬旗袍的颜色都偏冷色调。“我要一个‘老’字了得。”这是陈凯歌对《梅兰芳》造型的指示。很简单，却也很难办。造型师陈同勋曾经跟陈凯歌合作过《无极》，他发现这是两个完全不同的活，“《无极》可以天马行空，但《梅兰芳》却要在最小的余地里做出最好的东西”。最后，他帮《梅兰芳》做了1500套衣服，连群众演员的衣服都是手工做的，全剧组光试装就试了半年。【角色造型】●梅兰芳 技巧：拉长“余少群和黎明的身材都比梅大师本人高大，但戏服穿着就好像度身定做，这事太神了，我至今想不通。”熟悉孟小冬的人毕竟不多，但梅兰芳家喻户晓，因此黎明的造型师是最难做的。好在黎明本身成名的时间很长，骨子里已经是个明星，这让他跟梅兰芳在骨髓里有极其相似的地方。我要做的，只是让他显得更内敛，更文静。他的衣服在裁剪方面都非常合身，而且要拉长，让他显得更修长，以加强旦角那种文弱的感觉。梅兰芳的衣服总共做了40套，黎明穿得最多。除了体现梅兰芳的风采，我还要做到一点———让他跟孟小冬在一起的时候有那种天衣无缝的和谐感。长衫最小的梅兰芳是于小彤扮演的，他也是新版《红楼梦》里少年贾宝玉的扮演者。他演的梅兰芳才13岁，处在清末，因此留着小辫子。这个孩子基本不用化妆，就是体现他的单纯，晶莹剔透。一笑，就透着一股无邪。这个阶段，他是穿长衫的。在余少群和黎明的阶段，他们的衣服就有了变化。同样穿长衫，早期下面打的是绑腿，穿的是布鞋，到后期就改为长衫内套着西裤，穿皮鞋。西装 梅兰芳的中年时期，他开始大量地穿西装。我找了一个老师傅，让他完全按当时的西装重现，这人原来在英国当过裁缝，做出来的西装很有绅士味道。梅兰芳在纽约大街演出的时候，有两套衣服——一件灰色偏暖调的西装，还有燕尾服。演出后，他有长达九次的谢幕——先是穿花旦戏装，后来换上燕尾服，最后换上中式长袍。每换一次，都是惊艳。戏服戏里，梅兰芳在舞台上唱戏的镜头，穿的都是梅大师本人当年的行头，总共有9套。有些行头，连梅葆玖都没上过身。有一套他唱《黛玉葬花》的，是梅兰芳早年穿过的，见过这件衣服的人如今都不在了。这衣服没有洗过，气息还在。有件事情很有意思。余少群和黎明的身材都比梅大师要高，尤其是黎明，肩膀很宽。但是，梅大师的戏服，余少群穿着特合身，就像专门给他定做的。黎明穿着，同样没觉得衣服小。这事太神了，我至今想不通。,2,3,0.7653670310974121
王家卫获聘香港公开大学荣誉教授(组图),2,5,0.47000354528427124
组图：甘薇夏日户外写真 绿裙伊人清纯唯美新浪娱乐讯 近日，主演影片《机器侠》的新人甘薇为国内某知名杂志拍摄了一组户外写真，甘薇身着大牌绿色丝质纱裙，与绿树红花交相辉映。甘薇近来上升势头迅猛，不断接受国内大牌杂志邀约拍摄，优雅身姿和清纯气质深受喜爱；同时，甘薇亲自为电影《机器侠》配唱的主题推广曲《学爱》已完成录制工作，将先于电影与观众见面；另外，甘薇配合自己首部电影作品而亲笔撰写的写真书《小薇眼中的机器侠》也将与近期面世，书中会首度曝光电影《机器侠》独家幕后花絮及甘薇远赴戛纳拍摄的唯美写真，非常值得期待。甘薇一度被媒体誉为09年娱乐圈的新人NO.1，据悉，6月13日甘薇将与神秘人一同出席第十二届上海国际电影节开幕式红毯环节，让我们拭目以待。TG/文,2,6,0.9438259601593018
苗圃打进《刺陵》 时装大片展小女人一面(组图)来源：《时装》杂志 合作方供稿印象中，苗圃一直是电视热播大戏里的宠儿。从《五月槐花香》、《范府大院》开始，她参演的戏几乎没有收视率不高的。而她受观众欢迎的程度也非同一般，《走西口》热播时，她饰演的豆花甚至让男观众喊出：“娶妻定要娶苗圃”的口号。2008年~2009年对苗圃而言是事业更上一层楼的2年：《走西口》大红；进军电影圈，挑战了《樱桃》中的“智障母亲”，《证人》中的“植物人”，《高兴》中的“破烂女”等超级考验演技的角色；2009年刚刚过半，已拍摄了《刺陵》、《一不留神》、《雷锋》、《牛村规则》、《民国往事》等作品。如此成绩，让人刮目相看。然而，在接受采访时，这位在我们眼中勤奋、勇于接受挑战的女星，却出人意料地评价自己为“懒、想做就做、偶尔小女人的个性美女”。自称懒的苗圃其实很忙，将她现在的生活形容为“不是在工作，就是在去工作的路上”并不为过。抓住她采访的时候，正是她《刺陵》杀青，赶往《牛村规则》剧组的路上，因此所有的话题就从刚刚杀青的《刺陵》开始。《刺陵》是苗圃与周杰伦、林志玲共同主演的科幻寻宝电影，由于电影涉及沙漠寻宝、盗墓等情节，所以剧组在宁夏沙漠拍了很长时间戏。在沙漠拍戏条件非常艰苦，沙暴不断，耳朵里进沙子、脸被天然磨砂膏(沙子)磨掉皮，说台词时吃一嘴沙子都是家常便饭。对女明星来说风沙自然是好皮肤的天敌，为此九头身美女林志玲特意打包了两大包护肤品进剧组“抗沙”。而问苗圃是否也有做护肤功课，她的回答随意中带点洒脱：“林志玲送了我一些护肤品，不过那种环境里，用什么都很难护肤吧。”据说，苗圃在《刺陵》中演的是一个武功高强的沙漠女首领，看她对护肤的态度，确实透出了点不爱红妆爱武装的意思。《刺陵》的动作导演是程小东，有了这个名字做标签，《刺陵》自然不可能缺少打斗镜头，而苗圃作为《刺陵》里的高手，需要十八般武艺样样精通。原本，因为苗圃没有功夫底子，程小东为她准备了替身演员，但很快程小东就发现苗圃能完成不少高难动作，于是，亲身开打就成了苗圃在《刺陵》里面对的最大挑战。对于苗圃飞檐走壁的“功夫”，程小东毫不避讳地赞美，称她已可以当新一代的武打女星。苗圃却很客气，说自己只是完成了让自己感到很过瘾的挑战，而之所以不怕拍打戏，是因为出身戏曲世家，打戏看多了。谈及工作，苗圃不愿过多地评价自己，提到程小东如何敬业，周杰伦如何严格要求自己却能滔滔不绝。我问她，你不知道在别人眼中，你也是个严于律己，拼命三郎式的人么？她一改之前的豪爽，仔细想想，才道：“每个人都是多维体，大家看到的可能只是我性格中最大的一面，其实，生活中的我跟工作中也有不同。”接下来，我听到了她关于懒、想做就做、小女人、非美女的自我评价，在苗圃坦率、快乐的叙述中，一个我们并不那么熟悉，但却很生活，很可爱的苗圃缓缓走到面前……开飞机，是件让苗圃平添几分神秘和魅力的事情。几年前，当她宣布自己要学开飞机时，很多人还质疑她在炒作。如今，她已能拿着学员驾驶证在各个国家的飞行俱乐部驾驶飞机遨游苍穹，并充分享受飞行的快乐。问她为什么想学开飞机，她干脆的回答：“因为喜欢。”事实上，这份喜欢让苗圃吃了不少苦头，因为要进入飞行学校，需要经过非常严格的体检，而好不容易通过体检的苗圃在学习的第一年里，根本没有碰过飞机，她每天只能抱着两摞厚厚的书籍猛啃，学习认识仪表功能和飞机的理论知识。“我第一次看到那两摞书就晕了，当时就问教官能退学费么？因为那都是理工科的东西，我觉得自己一辈子都弄不懂，记不住。”可是，苗圃终究没有放弃，因为她说自己进飞行学校的第一天就觉得自己是个飞行员了，尽管那时，她是飞行学校里唯一一个私人学习飞行的学员。如今，苗圃说，驾驶飞机飞翔在天空中是她最大的享受，而飞行也教会了她很多东西，让她发现自己还有很多潜力，“在飞行的时候，你不能出任何错误，要做好100%的准备，而且要一个人处理所有的突发状况，这需要你有一个非常缜密的思维，这让我得到了锻炼，考虑事情变得更加成熟。这可以说是我学飞行的意外收获。”这就是苗圃，一个无论做什么都能让自己享受生活的女人。她看起来很复杂，因为她集勤奋、执着、慵懒、随性、梦幻、现实、假小子、小女人等矛盾的特质于一身。她看起来又很单纯，因为她所做的一切都只是在恣意享受自己的幸福生活，“不喜欢的事情，绝对不会做”就是她的人生哲学。,2,6,0.6454260945320129
组图：陶红亮相蒙特利尔 绿色晚装尽现东方魅力新浪娱乐讯 陶红首次监制的电影《米香》日前入围蒙特利尔电影节，在知名设计师的精心打造下，陶红在蒙特利尔尽显东方女性的魅力，在一袭绿色晚礼服的映衬下愈发动人。,2,6,0.9553455114364624
刘若英单身也很快乐 称拍戏原则三点不露(组图)明星在拍摄杂志前大都会过问服装事宜，但极少有人像刘若英一样格外仔细。她挑剔的并非品牌、流行元素，而是款式要完全忠实于自己。明星在镜头前，不都是要铆足劲儿扮演“巨星”的吗？她不！她把婀娜高贵的曳地晚礼扒拉到一旁，拉出了宽松明快的田园风连衣裙；又把夸张的烫金套装撇下，套起简洁清爽的裸色洋装；对于最正式的封面，她的选择更绝妙，上半身西装笔挺，下半身裙装可爱。若你心思够细腻，便会发现这些时装正在解构那个最真实的刘若英，在温柔婉约的外表背后，泛着一点儿男孩气的率真，混合了一点儿小女孩的倔强俏皮。也许，正是这种难得的本真，让她不用“假装”，便能散发出迷人的光彩。面前的刘若英，和她在《全城热恋》的海报上予人的感觉一样，清清淡淡的，柔和而温暖。她穿着一双夹脚拖鞋，软软地坐在沙发上，双手捧着一杯拿铁，一把声线细细糯糯：“刚才拍照，一直穿高跟鞋，很累啊。”我觉得张学友很帅《全城热恋》是分段式的结构，每个人的戏份儿都不算很重，刘若英只拍了一个星期。她是全片第一个出场的明星，在电影中，她和张学友谈了一场纠结又甜蜜的恋爱。“我拿到的是整个电影的剧本，给我看的时候，是让我演另外一段的。那一段我觉得也不错，但是我又很喜欢这一段，我就一直在考虑。他让我选的那段，跟大家印象中的我比较雷同。我想要这段，首先我喜欢这个故事，对手又是张学友，反正最后我就是演了这一段啦。”问她，是徐若?那一段吗？马上笑哈哈地打起了太极：“我不知道，我不能说，其实是Angelababy那一段。”记者会意地一笑，她接着笑起来了：“你听出来啦，没有被蒙到，有人听到了就会问真的吗？那你年纪会不会太大了，我听到就扁嘴，说其实我是那一段的妈妈啦。”这是刘若英式的冷幽默。电影中其他的故事里，男主角有大帅哥吴彦祖和谢霆锋，可是她偏偏喜欢张学友。“我觉得张学友很帅，非常男人。谢霆锋和吴彦祖当然也很帅，应该以后有合适的剧本可以合作。”“和张学友沟通很好，他很照顾我。他是一个很专业的演员，非常即兴，当你的台词换了一个说法，他就会给你一个很不一样的反应。甚至有时候是他主动给我一些新鲜的东西，这个对演员来讲，是一件很具有挑战性的事情。”她从来就不是倾国倾城的大美女，但是当她又圆又黑的眸子亮晶晶地盯着你看的时候，又会情不自禁的被她吸引。很多人走进电影院去看《全城热恋》，恐怕都是因为她眼神中透露出的祥和宁静。感情好的话，天天都是情人节今年恰巧农历大年初一和情人节是同一天，所以《全城热恋》的上映显得很应景。“电影什么时候上映是电影公司决定的，就当是很好的一个纪念吧。”那么刘若英自己情人节的时候，会特别去看爱情电影吗？“我要是说我不看，那人家就都不去看我们的电影了。”“我对于节日非常不敏感，我交的每个朋友都不记得他们的生日。我的家庭很有趣，我的祖母你不用记得她的生日，一个月前她就会提醒你，我爸的生日我妈会暗示我，我妈的生日我爸又会暗示我，我自己也不过生日，从来也不过。我的朋友也会抱怨我不记得他们的生日，那我的说法就是，我也从来没有要求你要记得我的生日。”“同样的，感情好的话，天天都是情人节。要是感情不好的话，节日反而让你更孤独。你会想，现在在吵架后天就是情人节了，那到底该怎么办？”这些道理，她一早就知道。“我曾经在我的书里写过：节日是让幸福的人更幸福，孤独的人更孤独。我觉得电影好看最重要，什么时候上映顺其自然。”同样的，她对于外界评论难免会比较电影中的几位女主角，看得很开。“如果这个戏，大家都是穿同样的衣服，演同一段戏，我觉得就可以比，大家都演不同的角色，怎么比呢？你怎么知道我不能演Angelababy的角色，或者徐若?演大S那段会怎么样？我觉得每个角色都有自己的特性，只能说，我在演我自己这个角色的时候，能不能让大家感动。”如果我身材那么好，《色·戒》我就敢演一直以来，刘若英在电影里的恋爱，都很残酷。“因为大家喜欢看着我被肢解，大家能记得的都是我被肢解。最终是观众肢解了我，不是导演，观众喜欢，所以导演会去这么做。”“没演过的，我都想演。最近有个剧本，两个角色让我选。一个是站出来大家一定会喜欢的，贤妻良母，另外一个是比较叛逆的。我就说我想演那个叛逆的，导演很好玩，他让你选角色，但是你选了之后，他又打电话来说服你，说我还是觉得你适合那个贤妻良母。”这些，刘若英很明白。“演员只有被决定之后，才能主动。我这样的演员是被动的，因为我从来没有主动去争取角色。”“演员的角色就是要让别人看到你不同的面相，这样不同的角色才会来找你，否则来找我的，都是文艺或者贤妻良母，那就没突破了。”那如果“突破”成《色·戒》里的汤唯，能够接受吗？“要身材是那样，我也愿意。我从进这行就有一条准则就是三点不露，答应我未来老公的。虽然不知道我会嫁给谁，但是万一以后我有很爱的人，他又很在意这些，那不是很矛盾。演戏很重要，但不是全部，演戏来源于生活。”所有的导演都那么喜欢她，《全城热恋》里，徐若?穿的都是LV，可是给刘若英的却是50块港币的路边摊货。她和经纪人私下聊天，经纪人说，我妈都不会穿这样的衣服。她转头一想，这个角色本身就是这样的，于是坦然接受。可是穿得如此朴素，刘若英在镜头前依然不减清丽。还没有到做导演的时候众所周知，刘若英是张艾嘉的得意门生，当年张艾嘉力排众议启用她来出演《少女小渔》，让她一举成名，并且摘得亚太影后的荣誉。于是很多人觉得顺理成章，刘若英走到今时今日，应该沿着张艾嘉走过的路走下去，去做导演——如她自己所说，演员是被动的，当了导演，总能掌握主动权了吧。“回想10年前，我们很少有演员被问你想不想做导演。这10年来很多演员不论他演得好不好，都想去做导演，所以几乎所有的演员都会被问到这个问题。我觉得自己还没有成熟到可以做导演，一个演员只要演好一个角色，但是一个导演要演好所有的角色。”“写书写文章，是非常自由的，我今天写了北极、南极的两个人谈恋爱，就是写了，做一些资料搜集就可以了。但是你要拍的话，就要克服很多东西，而且我认为导演不但要有才气，还要有一种掌控的力量，因为他要带着一帮不同世界的人往同一个方向努力。一个导演的功力不仅是他能不能说故事，更多的是驾驭和领导的能力。”“我身边有两种人，其中一种就是非常有才气、智慧、想法和地位的，比如张艾嘉、陈升，他们很棒，但是也没觉得我要变成他们。”她23岁才出道，算晚的，但是出道晚有出道晚的好处。“身心健全的时候，才能够面对不同的环境和挑战。人会经历很多不同的阶段，每个阶段都会遇到不同的瓶颈，你都要突破。有些偶像往往就过不去，观众会觉得他老了，我就很想问观众，你都老了，凭什么他不能老？”我到底哪里文艺了？刘若英一直被标签上“文艺”二字，她自己颇有些不忿。“我下次一定要做个专题，请所有说我文艺的人都来聊聊，你们到底觉得我哪里文艺？每一次别人说我很文艺的时候，我就会想，除了文艺我还有什么？我很害怕这一块儿没有的时候，我会没有别的东西可以提供给大家。”文艺是一种气质，一种爱好。比如刚刚去世的塞林格，问刘若英喜不喜欢看他的书，答案是：“不——喜——欢！其实没有啦！”身旁的经纪人问塞林格是谁，她赶快解释：“就是《麦田守望者》的作者啊！”“如果从这个角度上来说，可能我是挺文艺的吧。可是我还是希望未来的路，能够让大家看到不同的我。”良辰美景奈何天相信刘若英的每一个采访都会被问到，你急着结婚吗？结婚狂的角色太过深入人心。眼下，她的师妹李心洁即将大婚。“很替心洁开心。其实她比我早出道，只是你们认识她的时候已经认识我了。她14岁的时候，就在马来西亚被张艾嘉发现了，然后带到台湾呆了几年之后才去的香港。心洁那么早出道，她到现在还纯真得跟个孩子一样，她一笑，我觉得阳光都出来了。”师妹都嫁了，师姐急吗？“要是看谁结婚都很急的话，25岁我就嫁了。”好女不愁嫁，但是总有年限的，很多人不怕嫁不掉，但是怕成为高龄产妇。“昨天我一个朋友还在说这个问题。我是不怕的，我喜欢小孩，但是我不见得非要小孩。小孩的爸爸是很重要的，所以我要先好好找一个伴。”单身也很快乐，刘若英一直是这样。“昨天我们四个女生在一起，大S看见我就问我怎么保养的。其实我平时真的不怎么保养，但是我的生活很健康。我也有些坏习惯，比如我很喜欢吃辣的，恨不得顿顿都有辣椒油，偶尔也会喝酒，也会喝醉，喝醉之后就睡着。可是我平时基本的生活是正常的，比如早睡早起、运动和泡澡，还有保持一个快乐的心情。”她早晨七八点起床，是张艾嘉起床后唯一可以打电话找到的人。“张姐更早，她五点就起了。”她不爱名牌，爱高跟鞋，买了满满一柜子，可是平时不穿，只有工作的时候才会拿出来。“我有名牌的衣服，但是我不是为了那个牌子而买，的确有些名牌的设计和质料是很讲究的。我都是用别人的VIP卡，生活中就是很随意的，连妆都不化。”《全城热恋》鼓动着大家去爱吧，刘若英的随遇而安却让人清晰地意识到，更重要的是勇敢做自己。孤单也好，寂寞也罢，关键是，要去享受自己这场独角戏。执行/祁首杨 摄影/栗子 采访/金? 发型/Samlo co4 orient4.com 化妆/梵 助理/仲峤《精品购物指南》封面服装提供/Bottega Veneta、Chanel 《Life Style》封面服装提供/Louis Vuitton、Chanel,2,6,0.8084626197814941
《狄仁杰》中刘嘉玲胡人造型令人捧腹(组图)摩登唐朝之服装胡人造型像刚刚从T台上走下来尽管早前刘嘉玲扮演的武则天造型，就已经让很多网友觉得很“雷”，但是前晚看片中最雷的一幕却是武则天的胡人打扮。老爷之前就已经介绍过，武则天时期的唐朝，正是汉胡文化互相交流互相融合的时期，那时候唐朝无论男女、无论是民间还是宫廷里，都流行穿胡装。而之前曝光过的刘德华扮演的狄仁杰在办案时所戴的尖顶帽子，就是典型的胡人帽。谁知道不仅仅是狄仁杰，当时大唐的最高统治者武则天，在暗访的时候也喜欢以胡人打扮出现。影片中有一幕是武则天为了劝说狄仁杰不要往国师的方向查，在夜里突然出现。当时她穿着一件威武的风衣一样的束腰短装，戴着一顶装饰有羽毛的窄边毡帽，身上还披着一条披肩，看起来活脱脱就是近代西方大银幕上的淑女扮相，这一情景让不少记者们都大笑，但笑过之后仔细打量服装的细节就发现，其实这身装扮正是以前历史课本里出现过的唐朝胡人的典型装扮，只有披肩是混搭上去的，却也体现了当时汉胡文化在服装上的混搭风格，可谓十分摩登。摩登唐朝之场景通天浮屠折服罗马人，鬼市好像指环王相比服装，影片在场景方面更是极大程度地展现了老爷丰富的想象力。重点的三个场面是通天浮屠、地下鬼市、无极观，其中通天浮屠是一尊高达66丈的佛像，像内中空，中间还有“电梯”一样的机械装置可以让人自由上下。一开场就有一位罗马人到唐朝京城来参观，对于通天浮屠内的景象，简直惊讶不已。其实不仅仅是他，就连记者也被老爷的想象力给征服。而地下鬼市，更是让人叹为观止，从中可以看到《指环王》里崇山峻岭的影子，也有《诸神之战》里冥河摆渡的风采，让人看到好莱坞大片一般的水准。至于国师居住的无极观，则融合了藏式建筑与中国传统建筑的特色，后院的八卦阵，更是威力无穷，让狄仁杰身陷其中，不能脱身。除了这些场景之外，正如“电梯”的机械装置一样，徐克还设置了很多有趣的小细节，比如假冒的国师会在水中分身，木偶也有惊人的绝技，神鹿可以和人对打，还有腹语、自燃、易容等，一桩一桩都充满了悬念，待这一悬念解开的时候，观众又恍然大悟又不由地对导演相当佩服。新闻链接终极版海报现狄仁杰神秘兵器昨日，华谊兄弟又曝光了两款终极版海报，刘德华、李冰冰、刘嘉玲、邓超、梁家辉五大主演全部手持各自兵器，意在凸显《狄仁杰之通天帝国》的武侠气质。而每人手中不同的兵器都契合着不同人物的角色精神。刘德华手中的亢龙锏是一种很特殊的兵器，当它与别的兵器交锋时，可以听出其它兵器的断点和裂隙，然后一击破之。李冰冰饰演的上官静儿是影片中唯一会武功的女子，一开始用鞭，代表她可柔软，又深藏不露，但非常具有攻击性，后来用的剑则是一种刚烈的武器，代表着上官静儿尽管是个女孩，但身上有着不输于男性的坚韧和刚硬锋芒。而裴东来身上则装备着很多特殊武器，包括可做兵器也可飞旋做暗器的双斧，都是这个人物的特征，变幻多端，勇猛凶狠。梁家辉饰演的沙陀手中的剑看起来充满智慧和智谋，而刘嘉玲手中的剑则是权力和权威的剑，这代表着她的历练，霸气，不怒自威。,2,3,0.43354928493499756
皮克斯的《玩具总动员》 一切从车库开始(图)谁都知道，1995年第一部电脑动画长片《玩具总动员》问世并引起观影热潮，之后皮克斯的每一步都走得异常稳健，最终戴上了世界动画的王冠。但是我们下面要说的是《玩具总动员》之前的皮克斯，记住，那时皮克斯只是个名不见经传的小公司，它像皮球一样从一个大佬脚下踢到另一个大佬脚下。虽然天才的约翰·拉斯特建立了一个又一个电脑动画的里程碑，但皮克斯在很长时间里的收入来源是卖电脑和软件。下面，我们就要讲讲这个熟悉的名字背后陌生的故事。从伯克利的车库开始皮克斯一直以极其高超的技术力压群雄，而这个公司正是靠先进的技术起步的。说起皮克斯的早斯史，不能不提到一个人，伯克利大学的迪克·肖普（DickShoup）是计算机影像的先锋之一，他在1973年就在自己的车库工作室里拍摄了历史上第一部数字短片。一个偶然的机会，他遇到了继纳什之后最卓越的博弈论数学家雷伊·史密斯（Ray Smith），史密斯同时又是一个业余艺术家，他对电脑生成影像非常感兴趣。后来史密斯又找到了纽约大学物理学博士艾德·卡特穆尔（EdCatmull），后者十几岁的时候就制作过自己的电脑动画。这三个天才组成的小组开发了最初的电脑动画程序，卡特穆尔发明的电脑二维动画制作程序最终成了皮克斯的“CAPS”系统的基础。肖普最终只是以“基石”的身份被人记住，而史密斯和卡特穆尔则加入了卢卡斯的“工业光魔”公司的电脑部。给乔治·卢卡斯打工卢卡斯的电脑部1979年成立，史密斯和卡特穆尔的电脑图像工作室占卢卡斯影业电脑部的三分之一。1984年，刚刚离开派拉蒙公司，接管惨淡经营的迪斯尼公司的迈克尔·埃斯纳看中了电脑图像工作室。于是他投资完善了卡特穆尔的系统，取名叫“电脑动画制作系统”（CAPS）。这个工作室发明的另一个著名软件是渲染器“渲染者”（RenderMan），它成为其后二十余年间所有电脑动画的基础。同在1984年，天才约翰·拉塞特为世界上第一部大量运用电脑特效的影片《电子世界争霸战》（Tron）制作了近30分钟的电脑动画，随后加入了电脑图像工作室。拉塞特很快就投入到一部为他的儿子制作的动画短片《蜜蜂惊魂》（WallyandAndre B）的制作中。在这部短片中，人脸开始能做简单的表情，而蜜蜂有复杂的运动轨迹。而它的最成功之处是它有了完整的背景，每一片树叶，第一片草都在一个随机程序的驱动下自由摇摆，省去了以往动画师需要投入的大量工作。“皮克斯”呱呱坠地这时候，另一个重要人物出现了。被踢走之后官复原职的苹果电脑CEO斯蒂芬·乔布斯，在看到卢卡斯的电脑图像工作室的工作之后，他决定买下这个部门。乔布斯和卡特穆尔会谈后，把这个工作室正式命名为“皮克斯”。于是，1986年皮克斯正式诞生，到今年正好20周年。对于“皮克斯”的收购案，卢卡斯“漫天要价”1亿美元，而乔布斯硬砍到500万美元就成交了，他还另外向工作室注入了500万美元，事后证明这个交易太值了。在1986年，皮克斯的未来非常渺茫，但拉塞特的又一部短片《台灯父子》证明了这个工作室前途无量。他之所以选择台灯有两个理由：第一，他的小团队每个人桌子上都有一个这种便宜的台灯，它们也比较容易做成动画；第二，它可以证明电脑动画的威力，不用复杂的人物表情（当时电脑动画还不擅长于此），只用简单的图形和动作就可以传神地表达复杂的感情。《台灯父子》取得了伟大的成功，它不但让计算机科学家们印象深刻，而且也让电影业界眼前一亮。后来，短片的主角台灯儿子成了皮克斯的象征形象。虽然已经开始了迈向动画片领域的伟大征程，但皮克斯工作室的主业却还在贩卖自己开发的电脑软硬件，他们的员工不得不向Sun和SGI公司的朋友讨要二手电脑以维持公司的运作。搭上迪斯尼的大船1989年，拉塞特的第三部动画短片《小锡兵》终于赢得了一尊奥斯卡最佳动画短片奖。同年，迪斯尼公司用CAPS搞出的《小美人鱼》等影片大卖，虽然皮克斯公司并不能从中得到好处，但是它让迪斯尼公司注意到了皮克斯这个小兵。1991年，迪斯尼公司动画部的负责人卡曾伯格作出了一个令所有人震惊的决定，他和皮克斯签订了制作三部全电脑动画长片的合同，这是一个非常超前的决定，因为当时还没有太多人相信电脑制作的动画长片能成功。卡特穆尔和罗密斯曾经预言第一部电脑动画长片将于上世纪90年代中期产生，这时皮克斯离这个期限只有4年的时间了。在激烈的谈判之后，卡曾伯格终于同意增大皮克斯的分成，皮克斯可以拿到10%到15%的分成，拥有为片子开发的软件的所有权。迪斯尼公司拥有影片的版权，这意味着它有权不通过皮克斯公司独立开发电影的续集，它还拥有音像制品的全部利润。无疑，这个条件对皮克斯是非常苟刻的，但有什么办法呢？为了前途，忍了吧！“玩具”在风雨中飘摇两家合作的第一个项目是关于玩具的故事，定名为《玩具总动员》。对于这部影片的制作成本，卡曾伯格表示，他不会给皮克斯超过1500万美元，合作再次限入了僵局。就在这个坎儿上，卡曾伯格自己离开了迪斯尼公司，和斯皮尔伯格、大卫·格芬共同创建了梦工场。而乔布斯在开会时对史密斯大吼了一通之后，史密斯离开了皮克斯，开了自己的公司。好消息是，最终迪斯尼公司同意把制作费用提高到2600万美元。《玩具总动员》进展得非常缓慢，编导拉塞特做了30分钟的预览片，把它拿去给迪斯尼的执行官们观看，他们震惊了，批评者即使对这个故事抱怀疑态度，也对它的技术心悦诚服。迪斯尼通过了这个剧本，制作从1993年1月19日正式开始。《玩具总动员》的制作极富挑战性。主角伍迪牛仔有723个控制点，仅他嘴上的控制点就有68个。每一帧画面都要117台Sun和SGI电脑用几个小时的时间才能渲染完成。这部影片的幕后阵容非常强大，找来了汤姆·汉克斯和蒂姆·艾伦配音，兰迪·纽曼写歌和演唱。在制作开始10个月之后，11月19日，皮克斯突然迎来了一场无妄之灾。迪斯尼公司命令他们停止制作，并且威胁取消和拉斯特签订的三部影片的合约。原因是他们认为和巴兹光年这个人物比起来，伍迪这个人物太刻薄和卑鄙，这一天成了皮克斯的黑色星期五。1994年春天，拉塞特重新写了剧本，把伍迪描写成一个具有同情心的、父亲一般的玩具领袖。一日成名天下知最终的影片装满了1000张CD，有11万帧独立渲染的影像，每一帧影像都要花数小时渲染。而给人印象深刻的是，皮克斯只有27名动画师，其中包括那些制作广告项目的动画师，而传统的动画片需要至少75名动画师。在纽约的一次迪斯尼公司的晚会上，乔布斯亲眼目睹了皮克斯的惊人作品引发的巨大反响。几周后，乔布斯从卡特穆尔手里接过了皮克斯工作室经理的职务，卡特穆尔从来对“经理”这两个字不感兴趣，从此乔布斯成了皮克斯的掌权人。迪斯尼花了1亿美元用于宣传《玩具总动员》，巴兹光年的剪影出现在每一家“汉堡王”（Burger King）的店里，预告片占据了全美国的电视和影院。这回是皮克斯工作室的人开始担心迪斯尼在这里面投了太多钱，担心这些钱打水漂。但他们的担心是多余的。《玩具总动员》的首周票房达到了3910万美元，已经可以和制作费相抵，最终这部电影在北美拿到了2亿美元，对于动画片来说是了不起的数字。“皮克斯”成了一个家喻户晓的名字，这部电影证明电脑动画电影不但是可能的，而且是有利可图的。在影片上映一周之后，皮克斯公开发售公司股票，开始每股价格22美元，交易第一天就飙升至50美元，一下就使乔布斯成了亿万富翁。之后的事情就是大家耳熟能详的了。本报记者 刘铮 张文伯,2,8,0.3372812569141388
保罗纽曼与搭档罗伯特雷德福25年后再聚首(图)新浪娱乐讯 据有关媒体8日报道，37年前，因为布奇·卡西迪和日舞小子，他们成了一对具有传奇色彩的银屏搭档。醒目的蓝眼睛和精致的面孔为他们的成功和获奖做出了不小的贡献。今年，即使他们的年龄加在一起已经是151岁了，但是，保罗·纽曼和罗伯特·雷德福仍然气色不错，当然，即使是好莱坞的超级明星也难以摆脱岁月的痕迹。这周，33年前在影片《骗中骗》中最后一同露面的这对演员在纽约圣丹斯协会25周年再次聚首。在红地毯上，1969年西部影片中饰演布奇的81高龄的纽曼重重地斜靠在他的前搭档身上。他的颈前挂着一幅老式放大镜，这名奥斯卡获得者斜视着摄影师。虽然仍然保持着一贯的迷人微笑，但是，他的发际线现已成为银白色，并且已经后缩。至于70岁的雷德福，他也是布满皱纹，看起来不再象“日舞小子”，更象是“日落老者”。虽然，外界传说住在犹它州农场的这名前大众情人作了整形手术(雷德福和他的经纪人都否认)，但是，他确实经历了一次眼部手术保护自己的视力。这名《马语者》的明星作了一次眼部提升手术，因为他耷拉的眼皮影响了自己的视力。,2,0,0.9777060151100159
《变形金刚2》选择美国空军“埋骨场”为拍摄地Comingsoon的新消息称，《变形金刚2》又选定美国亚利桑那州的空军“埋骨场”(The Boneyard)作为一处拍摄地。美国空军“埋骨场”(The Boneyard)，全称为AMARC(航空维护与重建中心)，位于美国亚利桑那州南部城市图森(Tucson)，环绕于桑塔卡他里那山脉(Santa Catalina)之中，覆盖2600英亩面积，由美国空军物质指挥部掌管与整备其存放的各种航空设施。通常被俗称为“埋骨场”，是因为AMARC还承担着飞行器剩余零件的回收与使用过期机身最后处理的工作，另外从高空俯瞰这片辽阔庞大的航空设施储备场，极像尸骨遍野的战场，由此得名。目前AMARC储存了大约4200架航天飞机与许多其他种类的军用装备，它不单可以价值有效地节减税收，还可以在短时间内调度大量存放中的飞机-对停放在这里的战机采取防腐蚀与预先保存的措施，使其能在储存期间保持稳定的状态。另外，来自《空军时报》的消息，标题为“想在下一部《变形金刚》里上镜吗？”美国空军正在招募飞行员充当明年《变形金刚2》的临时演员，制片方想尽可能多地使用服役人员，并组成两队人马，分别定于今年6月2-4日、7月22-25日与7月16-17日、23日、8月22日、9月15-16日到洛杉矶参加拍摄，志愿者们必须熟悉武器与地面战斗操作，拍摄期间住宿饮食乘车费用由制片方报销。,2,8,0.42874497175216675
北美票房综述：凯斯宾王子驾到，钢铁侠让位本周综述首先祝愿受灾同胞早日渡过难关，并向各位逝者默哀……。昨天(5月18日)在央视的晚会上看到我的一位学生，还是两年前我在执导学校文艺晚会的时候认识的，想不到她正承受着这么大的不幸，在这里衷心地为她祈福——令人欣慰的是，这个坚强的孩子没有在全国人民面前无谓地哭成泪人儿，而是很勇敢、很淡定、很从容地始终保持着微笑，实在令人钦佩，实在是中国大学生的骄傲。祈祷她在今后的人生中常有快乐陪伴、常被幸福围绕！言归正传，斥资近2亿美元的魔幻史诗大作《纳尔尼亚传奇2：凯斯宾王子》（The Chronicles of Narnia: Prince Caspian）终结了《钢铁侠》的蝉联，尽管如此，较之各界预期的8000万＄数字严重缩水的5657万＄的开局仍难令发行方迪斯尼笑逐颜开。不过考虑到第一部《狮子、女巫、魔衣柜》近7.5亿＄的全球票房，想必口碑不俗的《凯斯宾王子》依然会赚得盆满钵溢。在这里告诉大家一个好消息：《凯斯宾王子》将于6月6日驾到我国院线，魔幻爱好者们记得去电影院捧场～另一方面，两手都硬的《钢铁侠》本周末已顺利突破2亿＄大关。不过，由于《凯斯宾王子》的表现未及预想，Top 12之和虽反弹约6.6个百分点，但大盘总值仅1.25亿＄左右的欲振乏力势态仍创下2001年以来的最低点。正是在这个“阵亡将士纪念日”前一周的档期，后两部《史莱克》、后两部《星战前传》、《骇客帝国2》、《达·芬奇密码》等轮番轰炸，激起过一波又一波的票房热潮，然而同属“大片续集”一族的《纳尔尼亚传奇2：凯斯宾王子》却被《哈利·波特与阿兹卡班的囚徒》曾一度遇袭的“暑期魔幻综合症”再次感染，此番冷遇无异于给各位发行商们敲响了警钟。“2008暑期票房预测”专题本周迎来第五期，依照传统预测下星期“回归”的《夺宝奇兵4：水晶头骨王国》（Indiana Jones and the Kingdom of the Crystal Skull）。“2009奥斯卡战线”进行至第十、第十一期，前者与您分享包括“威尔·史密斯主演的《全民超人》（Hancock，彼德·伯格执导）有望成为今年夏天最卖座的电影”在内的各项新八卦。后者为您前瞻最佳女配角战线，第一期先来聚焦由艾米·亚当斯、安妮特·贝宁、凯西·贝茨、安吉莉卡·休斯顿、阿什莉·贾德、凯萨琳·基纳、萨曼莎·莫顿、辛西娅·尼克松、吴珊卓、艾玛·汤普森组成的豪华Top 10阵容。另外，要再次普及几个概念，因为每次都有“热心读者”来“纠正”。第一、新线影业一直是华纳的子公司，但以前是独立经营（就像米拉迈克斯和迪斯尼的关系），而从上期开始我之所以把“新线”改写作“华纳新线”是因为——在今年春天被彻底兼并之后，新线已不能再自己做主，彻彻底底成为傀儡。第二、北美票房综述的写作时间是美国的周日晚间，因此得出的票房统计数字为估算值，一般来说与实际数据的误差在±100万＄的范围以内，但也不排除误差超过200万＄的例外情况（譬如上周末的《极速赛车手》）。不过，如果等到北京时间每星期二上午的精确数字出炉再开始写票房综述，就基本算不上“新”闻了，故按估算值第一时间撰稿。第三、下星期是“阵亡将士纪念日”档期，即五月的最后一个星期一，与之前的周末连休，所以票房统计会出现“周五、六、日”三天版本和“周五、六、日、一”四天版本的两个排行榜——类似的还有1月“马丁·路德·金纪念日”的连休（《科洛弗档案》的首映周末）等。为便于各位影迷朋友对比以往，本票房榜根据国际惯例，即使遇到这样的连休周末，依旧只取“周五、六、日”三天的排行进行分析，所以要“提醒”我们“数据有误”的朋友就不必费心劳神了，感谢您的厚爱！《纳尔尼亚传奇2：凯斯宾王子》（The Chronicles of Narnia: Prince Caspian）如期以新科状元的身份进榜，但考试成绩并不理想，在3929家院线的迪斯尼史上第6位的首映规模内（仅次于后两部《加勒比海盗》、后三部皮克斯CG动画长片），仅以单馆平均约14400＄的数字收获5657万＄左右，较之系列首部作品《狮子、女巫、魔衣柜》缩水将近900万＄；同时，周六之于周五5.2%的延伸程度也显示出《凯斯宾王子》的全年龄吸金能力相比前代仍存在一定的距离。5657万＄的首映成绩虽然高居“2008年度迄今”的榜眼位置（仅次于《钢铁侠》），但在影史历代5月公映的作品中仅列第21名（《钢铁侠》居第8位），在影史“真人实拍幻想电影”的历代首映排名表也逊于后两部《指环王》、五部《哈利·波特》以及第一部《纳尔尼亚传奇》而屈居第9位，甚至比去年有“赔本赚吆喝”嫌疑的《神奇四侠2：银影危机》的开张数字5805万＄还要低（《神奇四侠2》最终1.32亿＄收摊）。恐怕只有沃尔顿传媒比较满意，因为该公司最近半年的《黑暗崛起：召唤者》、《神奇玩具店》、《水马》、《尼姆岛》等悉数表现差劲，总算是借《纳尔尼亚传奇》的高人气扳回一城。这样一来，《凯斯宾王子》的北美票房能否超过与制作成本相当的2亿关卡＄，突然成为巨大的悬念。尽管PG的分级、迪斯尼的发行力、刘易斯老师的原著销量、至今人气居高不下的魔幻类型等独门绝学虽不容小觑，但身后令人毛骨悚然的一尊《夺宝奇兵》大佛实在让演员本人就一脸猴相的《凯斯宾王子》更显出悟空本色。回想《加勒比海盗2：聚魂棺》登陆的瞬间直接让《超人回归》魂飞魄散的惊心历史，《纳尔尼亚传奇2：凯斯宾王子》恐怕“钱途”多舛，……但愿下周的跌幅能控制在45%以内。再来看为《凯斯宾王子》让出龙椅的《钢铁侠》。继上星期跌幅未逾50%的奇迹发生后，本周末《钢铁侠》竟成功死守在39.1%的轻微程度，在4154家电影院内以单馆7500＄左右的平均值再接再厉，攫取约3120万＄的好收成，迄今累计2.22亿＄。不仅以16天影史第19位的速度撞线2亿＄；3120万＄更荣升为影史第8位的“第三周末票房成绩”，仅次于《蜘蛛侠1》、《怪物史莱克2》、《加勒比海盗2：聚魂棺》、《泰坦尼克号》、《星战前传1：幽灵的威胁》、《基督受难》、《哈利·波特与密室》。如此一来，《钢铁侠》冲破3亿＄的几率进一步增加，……就看下星期《夺宝奇兵4》如何判决了。其他各位，除《极速赛车手》和《功夫之王》暴跌外（前者仅进账2400余万＄，堪称一败涂地；后者北美票房已达5000万＄），喜剧类的《情迷赌城》、《代孕妈妈》、《新郎不是我》、《忘掉负心女》、《寻堡奇遇2》等均保持着较为长线的营运状态，其中犹以《情迷赌城》和《代孕妈妈》的表现最为神勇。需要特别表彰的是仅在224家电影院公映却毅然杀进Top 10的《不速之客》，这部男主角理查德·詹金斯奉献出奥斯卡影帝级的精湛演技的文艺小品能取得如此水平的发行成就，实属不易。毕成功(blog)/文,2,8,0.18361666798591614
历代蝙蝠侠排座次 贝尔最高分克鲁尼最差(图)声明：新浪网独家稿件，转载请注明出处。,2,5,0.36226633191108704
尤瑟夫-夏因逝世 曾获柏林电影节评委会奖(图)新浪娱乐讯 埃及当之无愧的电影大师、著名导演约瑟夫-夏因7月28日在开罗辞世。今年六月，约瑟夫-夏因在一次脑出血后陷入深昏迷的植物人状态，由直升飞机紧急转移到巴黎近郊的一家美国私立医院，然而现代医学的神奇终究没有能够挽救导演的生命。成为植物人六周后，享年82岁的约瑟夫-夏因在开罗郊区的一座军医院内与世长辞。他的葬礼将于周一在开罗举行。    约瑟夫-夏因生平简史：1926 年约瑟夫-夏因出生于埃及亚历山大，怀着成为演员的梦想，1947年远赴美国洛杉矶求学。 回到祖国后，1950年拍摄了第一部处女剧情长片《daddy honest》，开始了他的执导生涯。 约瑟夫-夏因一生共拍摄了四十多部电影长片， 背负着强烈的使命感和责任感，夏因以自己的祖国为背景，致力于通过电影反对不合理的电影审查制度 ，反对宗教狂热和伊斯兰教旨主义 ，作品也由此屡屡在本国遭禁。他的影片有对埃及知识分子的讽喻画像和反思(《选择》，the choice 1970年)，有对社会和惟利是图的市井现象进行分析(《麻雀 》the sparrow1973年)。1984年，因为放映一部被当局禁映的影片，他甚至有短暂的牢狱经历。1978年《为什么，亚历山大(alexandria……why)》在柏林电影节斩获评委会大奖。 1982年夏因执导了带有自传性质的三部曲之一《回忆》，凭借电影追溯过往、向观众展示自我。1989年《alexandria again and forever》是三部曲之二，1997年《命运》为三部自传曲画上句号。影片因为对宗教狂热的批判受到媒体关注和辩论，获得巨大成功。同时，《命运》参赛当年的戛纳电影节并获得电影节50周年特别奖。2001年美国911袭击事件后，密切关注社会时事的约瑟夫-夏因和其他导演一起合作了短片集《911》，对事件做出反省，该片获得当年欧洲最佳影片荣誉。而此后的《亚历山大……纽约》重新回到他钟爱的题材上，既有对他在埃及经历的回忆，也有他和美国关系的再现。2007年，受戛纳电影节主席之邀，约瑟夫-夏因和其他三十多位著名导演联手拍摄短片《每个人的电影》，尤其回忆了自己在50届影展上获奖的难忘经历。2007年角逐威尼斯金狮大奖的《混乱》(chaos)，对埃及的现行政治体制有深刻的批判。在水城的新闻发布会上，80高龄的约瑟夫-夏因依然慷慨激昂，斗志十足，他称葡萄牙百岁名导玛努埃尔-德-奥利维埃是自己的学习榜样，希望可以向他那样精力充沛地拍片和参加影展。令人唏嘘的是，心愿没有实现，《混乱》成了他的遗作。愿第七艺术的斗士在天堂安息！(刘敏/文) 声明：新浪网独家稿件，转载请注明出处。,2,9,0.5455763339996338
"伊力诺依缔造传统 首度重推家居中国风11月初，由伊力诺依董事长史晓燕亲自操刀设计的伊力诺依东四环店已重装营业，在这家以打造 “最酷门店”为目标的全新旗舰店中，伊力诺依和史晓燕以许多令人意想不到的创举发布了9种最新生活方式宣言。而尤其瞩目的是，一直以时尚和年轻作为品牌形象的伊力诺依此次首次重度推出“中国风”系列，这不仅意味着伊力诺依将面对更多消费者，也表达了伊力诺依希望把中国风加入诸多时尚元素,打造更年轻更时髦的中国风。这次发布的9大生活方式，除了“中国风” ，还有异域风情、低调奢华、南非情节、好莱坞、绿色革命、玩乐主义、乡村格调、欧洲情节，可以说全面覆盖现代都市人的生活。中国风，已成世界流行元素最近几年，不仅仅中国品牌会融入中国元素，也不仅仅是来中国寻求市场的国际品牌会加入中国元素，就是流行趋势风向标的四大时装周，也会经常遭遇中国风，织锦刺绣、写意泼墨、云龙图腾、青花瓷……近年来，在纽约、伦敦、巴黎、米兰四大国际时装周上，这些极具中国民族特色的元素频频出现在Valentino、Dior、Kenzo、Prada等国际顶尖服装品牌中，即使像卡尔•拉格菲尔德这样的一线设计师，也会加入中国元素。中国风可以说已经是世界时尚舞台的一大潮流，无论是时装，IT潮流产品，还是家居产品，你只要细心观察，都会发现中国元素，只是，和前些年不一样的是，中国风运用地已经更加纯熟，许多时尚品牌，将中国风讲述地含蓄而国际化，不再是一些中国图腾和中国工艺的简单运用。伊力诺依重新谱写家具中国风这次伊力诺依重磅推出的生活方式“中国风”， 不仅展现给我们以前所熟悉的中国风，也将重新谱写中国风的家具风格。“中国风”生活方式不仅完美地还原中国传统文化的神韵，也将在产品上突破简单的中国元素堆砌，而给注重家具产品的韵味和整体的现代感。这个生活方式包含系列“荷塘月色、书香门第、禅之悟语”三大系列，讲求传统、儒雅、平和、安静、修身养性的神韵。比如“荷塘月色”这个系列，呈现的是静谧和悠闲的生活情调，产品以素雅的色彩，和一些悠然自得的中国图案，仿佛回到那个士大夫独善其身的时代，这也是对现代忙碌生活的一种求解，这个系列的家具寻求给现代紧张生活的一种放松感。而在“书香门第”这个系列中，则突出古色古香和儒雅风范。中式的实木或者红木家具，精彩的玄关使用，中式感觉的沙发，郁郁葱葱的植物，精致的银色和黑色的使用，繁琐而细致的雕刻，以及一些充满东方神韵的家居小摆设，讲求每一个细节，让你梦回到古代士大夫讲究而又充满东方品位的生活方式中去。另外，还有一个系列叫“禅之悟语”，这个系列将大量使用红色和黑色，伊力诺依推出的“禅之悟语”可以说是一种新古典家具，在这个系列中，材质以胡桃木、榉木居多，有的桌面再辅以玻璃、石材等材质的搭配。“禅之悟语”游走于传统与时尚之间，摆脱古式家具硬梆不适的坐垫设计，融合东方味、现代感与气派大方于一身，勾勒出的居家场景正是现代人寻求心灵宁适的一帖良药。除了以上三个系列，这次的中国风还适当加入中国人喜庆的元素，所以在颜色上，除了银色和黑色，还加入了代表喜庆和中国传统的红色。中国风：总有一种生活方式叫传统当对流行的追逐沉寂下来之后，传统的、历史的元素加入现代情节之后，依然是一种璀璨的时尚。这也是为什么人们总是在一段时间追求流光溢彩、不断更新的流行趋势之后，会最终选择一种更加平静更加自我也更加含蓄的时尚符号。伊力诺依推出的这个生活方式，定位于文人、学者、画家、海龟、部分在中国居住的外籍人士、崇尚中国传统文化的人士等。伊力诺依此次推出的“中国风”生活方式，不拘一格，追求一种浮华世界匆忙之下的宁静，也追求一种更加国际化的中国风。中国有5000年的文化和历史，讲求一直悠然自得，修身养性的生活理念，琴棋书画、古色古香，东方情调。所以，这个具有创新和现代感国际感的中国风系列也将吸引更多的消费者爱上中国风。",3,6,0.5075940489768982
伊奈卫浴庵原岳史：收购美标加大在中国的扩张 【记者】：在2009这么萎靡的市场环境下，伊奈为什么要收购美标呢？ 【庵原岳史】：在日本， 虽然伊奈确立了不错的市场地位，但是，问题是 整个日本市场日趋饱和，今后不大可能再有大幅度的增长。而中国对建筑住宅方面的需求却在不断的成长，这个是中国跟日本最大的区别。日本伊奈公司目前大部分的销售额都来自日本国内，海外的销售额占整个销售额的比率非常小。所以，伊奈想要持续发展成长，就必须加强海外业务的开拓。对于伊奈这样一个本土而传统的公司来说，收购海外的公司无疑是一个快速，有效的方法。 选择美标，还有一个原因就是我觉得我们的强项和美标的强项互相不冲突，收购美标之后，伊奈和美标有会一些互补性的比较协调的效益产生。技术和品质是伊奈的强项，而美标的设计能力和对消费者生活方式的提案能力比较强，所以我们两家如果融合起来就会产生不一样的协同效果。【记者】：在渠道方面，两个品牌会不会共用？【庵原岳史】：目前还没有这方面的打算。因为，如果单纯的共享互相的渠道，也许会产生不必要的混乱。为了避免这些混乱，目前我们没有考虑到渠道方面的共享。当然，这里说的只是中国的情况，而伊奈收购的是整个亚太地区的美标。在其他国家或地区，或许将来会有渠道共享的可能。【记者】：一直关注伊奈，伊奈的一系列表现都表明伊奈要加快扩大在中国市场的市场占有率的步伐，那么伊奈会不会一改之前低调的作风，在中国市场加大品牌推广的力度呢？【庵原岳史】：伊奈明年会推出一款比较有代表性的瓷砖，这个瓷砖全世界只有伊奈可以做，这款瓷砖面世后会在中国市场进行大力的推广，也会做一些活动和广告，广告方面主要是在一些杂志商进行推广宣传。【记者】：这款新品大约明年几月份上市呢？【庵原岳史】：大约是4月份。【记者】：好的，我们也会继续关注伊奈的新品。现在已经接近年底了，2009年您心目中行业发生的大事件有哪些？ 【庵原岳史】：2009年业内最大的新闻是整个行业的销量比去年要减少一半，销量出现了非常大的下滑。【记者】：主要是受金融危机的影响。【庵原岳史】：另外，伊奈这么大手笔的收购也算是业内的一条大新闻。所以伊奈收购美标也在业内引起不小的轰动。其他，周围还没有发现很大的正面的或者积极的新闻。【记者】：在2009这种低迷的市场环境下，在您看来，卫浴行业有没有经典的营销案例出现呢？【庵原岳史】：其实，包括我自己都在对这个行业有所反省，整个卫浴行业都是在进行同质化的竞争，没有一些差异性的竞争出现，每个人都在做同样的事情。【记者】：也就是说这个行业在营销方面还没有一种比较有差异性的亮点出来。【庵原岳史】：对的，伊奈收购美标之后，美标的一些好的想法和高层的人物都是非常优秀的，我们和他们的交流也越来越广泛，我们希望可以吸取他们一些优秀的东西。【记者】：对于2010年，您比较关注哪方面的问题，土地、开发商、业界上市还是其他? 【庵原岳史】：2010年中国的经济肯定是会往上发展的，和卫浴行业关系最直接的就是住宅，住宅的销售量，住宅的开工量，这些对我来说都是非常感兴趣的。我希望能和专业人士以及开发商等多交流，搜集一些更有意义的情报。【记者】：哪些城市是您重点关注的？【庵原岳史】：地方省会的发展要比一些大的城市显著，所以这方面我会更多的去注意。另外，伊奈华北营业所已经开业有两年了，在华北，西北我们也开了一些店，所以我会也比较关注华北，西北除北京以外的的其他城市。【记者】：伊奈在09年取得的成就如何？2010年又将有怎样的发展目标呢？【庵原岳史】：2009前半年业绩的下滑比想象中的要厉害的多，所以2009年对于伊奈来说是非常辛苦，非常困难的一年。但是经过各方努力，我们希望可以达到和前年或者去年相持平的水平，09年后半年市场的一些恢复是非常令人惊喜的。2010年我希望我们的业绩可以增长60%。要加强与开发商的合作，因为业绩要大幅度的上涨就要把工程做多一点。我们的外墙砖今年增长比较快，明年我们也想大幅度推广一下。【记者】：最后，请您给新浪乐居提一些建议，以便我们在不断完善提高自己的同时，更好的服务好广大网民和企业。【庵原岳史】：我也喜欢上网，但是我发现每个网站都是大同小异的，没有什么特点，刚才我说的我们反省我们的业界，我们的业界的市场也都是千篇一律的，没有一个特别突出的形象出现，所以我希望贵网站，可以标新立异。贵网站也可以搭建一个平台，来探讨一些住房和环境的问题，对环境给予更多的关注。如果我们可以帮助贵网站，我们也会不遗余力的来配合。【记者】：好的，谢谢庵原先生。【庵原岳史】：谢谢你。,3,4,0.5414655208587646
"低碳成焦点 欧博诺倡导室内气候解决方案在日前刚刚开幕的丹麦首都哥本哈根联合国气候变化大会上，来自46个国家的192位政要携手呼吁采取果断措施应对全球气候变化问题，建立一个有强制约束力的公约，共同倡导低碳经济。作为国际领先的绿色室内气候解决方案的领导者，欧博诺始终把节能减排、开发领先的环保产品作为公司价值理念，并已成为众多知名国际地产项目在节能环保、减少碳排放方面的战略合作伙伴。其舒适、环保、节能、健康的专业室内辐射采暖和制冷系统依靠智能的水循环系统来分室调节温度，可以大大降低建筑物因主要依靠电力方式调节温度而产生的能源损耗，从而很大程度上缩减了碳排放量，并对人体健康更为有益。业务遍及100多个国家的欧博诺致力为全球民用和商用建筑提供国际领先的水暖和室内气候解决方案，为众多知名的国际建筑提供舒适、环保、节能和健康的专业室内辐射采暖和制冷系统，包括2009年度获全球最佳写字楼奖的德国科隆地标建筑Kranhaus、欧洲最大的购物中心Dolce Vita Tejo和世界最现代化的挪威新奥斯陆歌剧院。在中国，欧博诺的国际领先水暖和室内气候解决方案同样被重量级建筑采用，其中包括上海顶级豪宅世茂佘山庄园别墅、顶级豪宅檀宫别墅和上海喜来登豪达太平洋饭店等项目。欧博诺水供热制冷综合系统2009年戛纳国际房地产业博览会一等奖作品——德国科隆地标建筑Kranhaus是一幢结构超级复杂的建筑，欧博诺为该建筑配备了综合的水循环供热和制冷系统，该系统基于其混凝土结构的热激发性，即使在较长的炎热气候中，也能有效的防止大厦全玻璃墙结构给办公区域带来人体不舒适的温度波动。欧博诺开发的整套系统都处在隐蔽状态且不占用室内空间，并且还能有效的保持室内舒适温度而不会引起空气的干燥。该项目位于德国的第四大的城市科隆，它被评选为2009年度世界最佳写字楼项目。 它拥有充满活力的外观形状，已经成为德国科隆的一个标志性建筑。欧博诺辐射式冷却技术2009年5月开业的Dolce Vita Tejo是欧洲最大的购物中心，欧博诺为这个423,000平方米，可容纳300家店铺和9000个停车位的购物中心提供了符合可持续发展标准的室内气候解决方案。屋顶采用可主动利用自然光的材料，而和阳光的加温效应将通过欧博诺的节能型地板下辐射式冷却来进行补偿。因此，在人们移动的空间内将维持摄氏19-20度的适宜温度。欧博诺在上世纪九十年代中期就开发了辐射式冷却技术，全世界对这一新的节能科技的兴趣与日俱增。欧博诺辐射供热系统欧博诺为世界最现代化的歌剧院新奥斯陆歌剧院安装了一整套融合进入水泥地面的辐射供热系统。歌剧院位于挪威首都奥斯陆的Bjorvika港，2008年10月该建筑在巴塞罗那的世界建筑节上被授予年度文化建筑的称号。由于此建筑的工作特性，其通风技术被设定严格的标准，安装于建筑物之下的标准化欧博诺通风管道不仅节约了室内空间，而且安装快速，节约成本，这也是欧洲同类系统中唯一的标准化可地下安装的塑料通风系统。欧博诺先进的辐射采暖和制冷解决方案使客户获得了最高的舒适度，并且高效节能，最大化地利用可再生能源。无论是采暖和制冷，欧博诺都为客户提供一整套完整匹配的管道系统，专业的系统融合了塑料管道和复合管道系统的所有前沿技术，还配备了最先进的智能控制系统解决方案，并提供配套完备的分集水器和多种安装配件。关于欧博诺欧博诺是为民用建筑和商用建筑提供水暖和室内气候解决方案的国际领先企业。它提供的解决方案在人们的生活中起着重要的作用，给人们的生活，工作和休闲创造舒适的环境。 在北欧国家， 欧博诺也是一个杰出的市政工程管道供应商。公司的主要业务领域遍及100多个国家。 欧博诺全球在27个国家约3500名员工同其它建筑行业的专业人士 ? 设计师，策划者，安装人员等紧密的合作。欧博诺的目标是创造更佳人居环境。 欧博诺公司在芬兰赫尔辛基纳斯达克OMX上市。",3,9,0.4659240245819092
低调而神秘的富豪低调而神秘的富豪一位辽阳媒体人对记者说：“刘忠田为人低调，而且不涉黑，不像袁宝?。”对于外界，忠旺集团非常神秘。在忠旺集团总部院里，有一座据称比厦门远华案中著名的“红楼”还豪华的小楼，专门招待来参观视察的领导。而占地18万平方米的忠旺集团内部，就像是一个微缩社会，吃穿住行都不用出门，外来者则须经过重重关卡，才能进入。辽宁的媒体和中央媒体驻辽宁记者站的记者，几乎都没有采访刘忠田的机会，许多记者都遭遇过被拒之门外的尴尬。忠旺集团一位员工告诉记者：“近期不用到集团来采访了，现在一切外来车辆和外来人员都不让进大门。” 刘忠田的低调，使人们对其产生了两种截然相反的印象，一种是认为他人很好，很随和；另一种则认为他很“牛”，而且是牛得不得了的那种。辽宁省某厅的一位官员就说，有一次，厅里组织本地媒体和外地媒体记者去采访，到了忠旺集团的大门口，保安连门都不让进，打了个电话，就说老板不在，无法接待。但没多久，这位官员就看到刘忠田的轿车驶出大门，扬长而去。对辽阳本地的官员，他也常常不买账。2007年时，辽阳一位官员带着一个急需贷款的企业主，到忠旺集团去请求帮忙担保，虽然来者以近乎哀求的口气保证说“对忠旺集团的担保会付出较高的利息”，但刘忠田未予理睬。但一位辽阳媒体人士以敬佩的口气说，刘忠田这人非常随和，也非常好心。他举例说，忠旺集团起家于徐家村，刘忠田这么多年一直对乡亲们非常好，给村民发米、面、油，对贫困户都是给上万元的现金。记者询问几位忠旺集团的员工对企业的印象，都说感觉像是在国企上班一样，一线员工每月工资2000元左右，在当地算是中上等，福利待遇较好，只要有大一点的节日，都会发二三百元，有时还会发油、面等。刘忠田很少出外应酬，大部分时间都是在集团内的各企业、车间里面走动，看到有问题立即指出来。“非常严厉，毫不留情面，但只是就事论事。”一位曾被训斥过的员工说。年轻的高管团队港隆实业董事长刘岩比刘忠旺大两岁，两人的人生轨迹相差极大，但最后却殊途同归，成为搭档。刘岩1985年毕业于北京联合大学，毕业后曾在北京一家低压器厂任技术员。在刘忠旺创办化工厂的时候，刘岩则在澳大利亚和新西兰留学，之后到香港创业。在港隆接手威力旺之后，2004年这家合资公司又变更为辽宁忠旺集团有限公司，刘忠田任董事长，刘岩则任副董事长。不过，据上市招股书，刘岩作为港方出资人和副董事长，并未进入董事局。一位忠旺集团的工作人员说，忠旺集团的负责人，就是刘忠田和刘忠锁兄弟，另一位执行董事勾喜辉负责管理日常业务，而“二把手”执行董事路长青，则专门负责上市事宜。勾喜辉与路长青都有专业背景，勾喜辉今年42岁，曾任长春市起重机厂工程师，后来到辽宁工作，从事铝型材模具设计，并进入忠旺集团任副总经理。刘忠田一向不抛头露面，即使是在路演和招股的过程中，也是由执行董事兼副总裁路长青代言，与投资者及媒体打交道。只有30多岁的路长青，是忠旺集团在2007年底从汇源果汁挖来专门筹划上市的高管，曾在投资银行工作，2003年加盟汇源，出任投资管理部总经理，后任董事会董事，在2007年2月帮助汇源果汁在香港上市。进入忠旺集团之后，路长青有了再度发挥专长的舞台，在金融危机之中，帮助忠旺集团改善了公司治理结构，引进风险投资，并成功地推动忠旺集团在香港上市。刘氏兄弟对企业的管理，几乎都是自学来的。其弟刘忠锁今年38岁，大专学历，曾担任过辽化纤维厂的供销科长，后进入忠旺集团，从辽阳福田化工有限公司经理一直做到集团总经理。一位到忠旺集团工作已经数年的员工说，平时刘氏兄弟很少在辽阳，大都到国内外的企业去考察、学习，一有好的经验、新的管理方法，就拿回到企业来试验。而集团办主任郑青山则更为年轻，仅有30岁，2001年在辽阳技术学院中文系毕业后就进入忠旺集团，主要负责企业文化建设、对外交流和党团工作，兼任集团党委副书记、纪检委副书记。(本报记者 高斌 发自辽阳),3,4,0.4908391535282135
"依诺维绅杨建伟：感慨10年发展与未来规划杨总：各位老朋友，还有很多我们认识很久的朋友，还有来自媒体的朋友大家下午好，谢谢大家这么炎热的天来到北京，来到我们公司，我感到非常高兴，今天也是一个非常特别的日子，大家早上听说有日全食，不知道有多少人看到了，我刚刚在电视上看到的。 另外,今天对于我们公司，是庆祝中国成立十周年和大家一起进行一个新系列产品的开幕会的日子，去年代表设计师讲了一下，今年派我来了，希望大家捧场。今天我跟大家聊一下我们08年产品销售总结，我会分两个产品系列，第一是我们大家所说的去年的产品，第二个是09年新的产品的系列，这两个系列进行交流之后，我会跟大家聊一下我们下一个五年，依诺维绅中国发展计划。08年大家都知道，依诺维绅的产品，说实在话我们现在的产品会觉得很杂，08年我们有一些成功的地方，也有失败的地方，我们推出了一些传统的产品。08年我们补充的是棉垫的产品系列，在中国目前还是比较时髦的，我们的产品能够明显递增的就是ISTYLE系列，还有去年超强超厚的产品，目前得到市场的认可，并且开始销售。下面我们怎么去走，这是我们09年，包括现在09年中间，2010年马上就来了，另外金融危机，全球都有一定的影响，大家的心态都有一定的变化，美国市场刚从这个月开始走向稳定，我也希望美国的市场可以回暖，毕竟说我们中国的经济和美国的经济捆绑在一起的。回顾一下我们依诺维绅的发展历史，在座的很多人对我们十年发展历程都非常的了解，我们把我们的产品如果按照功能，我们依诺维绅是强调做功能，我们总结为四代产品，大家都知道，这个LOGO，我估计有十年的经销商，这就是十年前在中国我们做市场推广时候做的LOGO-THE NATUAL CHOICE，最早的是棉垫系列，1999年的年初进入中国销售，大家看到这款产品应该非常熟悉，这款产品是1978年设计的，到现在还是非常畅销的产品，进行工艺非常的简单。图为LOGO-THE NATUAL CHOICE    第二个产品大家知道欧姆沙发，这两款产品到现在到处都是，原创都来自于依诺维绅，后来到迷你沙发，如果把这个总结的话，这是我们第一代功能产品，当时卖的就是简单的沙发床，只不过产品质量和设计上有所突破而已。    生在中国必须适应中国的国情，我们以前一直用的是依诺维绅的英国的商标，但是在国际市场上必须适合国情。这是大家了解的产品，我们的设计师在餐巾纸上画了这个产品，这就诞生了纸沙发，这是全球工艺的创新，包括斯莱沙发，还有舒派沙发，这三个功能是第二代产品典型的代表，但是舒适性上明显提高。    第三代产品我们是基本往更高端走的，第三代产品增加了功能，开始进入了客厅产品，大家知道我们05年在798拍了一些产品目录，刚开始的时候市场是不错的，但是今天回头总结的话，我们发现当时的产品背离我们公司的强项，所以我们今天最终选择放弃了这个产品。    针对客厅研发的就是欧斯沙发，卡斯这样的，基本是初期的功能沙发，可以进入客厅的演变，还有我们今年初的科博，还有斯利带有扶手的沙发，这是我们第三代带有功能的产品。    第四代产品是功能客厅和休闲客厅，因为做了多少年依诺维绅的沙发，我们说消费者买依诺维绅的产品，下面是客厅和卧室。而我们第四代产品争做第一选择，还有我们出了第四代功能产品，这个是休闲斯浪，进身非常大。图为功能客厅和休闲客厅    还有超舒适的比特，比特的销售在明显的上升，而且舒适度非常高，他的销售面积目前很高，还有我们说的朗格等等，这些沙发由于价格比较贵，在消费者接触的初期是比较难的，但是我们从市场的收入和反馈，目前第四代功能性的产品，已经开始得到市场的认可，因为你掏一二三的价格，买的产品是一样的，这是我们依诺维绅的目标，这个目标需要慢慢的实现。    还有浪合这款产品，我们做的是品牌的设计，这个产品在丹麦的家居品种里面功能上是超前的。还有新动感系列，这是2001年的产品改型的。    第四代新功能产品出来大家发现，像这款艾维特，功能的展示和方式和以前都是不一样的，像艾维特，莫泰，这些沙发都是标准的沙发，也展示出了沙发床，并且舒适性非常高。这款产品有90和1.4米的，90厘米的不占用书房的空间。    09年到2010年的BOHEMIAN系列，也是我们目前销售的主题，我们也想把沙发床这个系列做大做强，第二个做的是延伸我们的产品强项，这个需要很长的时间奋斗，也需要市场的认可。    另外我们今年在这个系列产品当中做了比较大的改变，增加了不同的产品选择，不同的价位，这类型的也比较多，增加了我们产品系列的竞争能力，第二个是去年大家知道我们的客厅销售最多的面料是花纹面料，今年我们在花纹面料上做了很大的工作，我们大家看到我们的报纸上有设计师写的话，我们感觉非常的吃惊，所以我们今年开发的面料比较多，根据我们功能客厅开发的做了很多的小产品推介，还有细化我们的消费要求。    关于 BOHEMIAN新面料，我们开发了丝绸、亚麻，还有纯毛料，还有真皮，以前做过很成功下面我们会做真毛料和真皮，陆续的产品开发有一个前提，每年都受限的，我们的新产品会陆续的推出，像以前受制于一年开发期限。这些面料都是设计师通过中国的文化灵感做的，我不知道大家对这款面料认识不认识，这个看到我们评估中国最传统的纹路，而且有新增的花纹。这款面料同样是餐厅里面很简单的，比较传统的中文的纹路，但是现在目前我不知道市场的反映如何，但是都是通过中国人的喜好和消费者的喜好研发制作的。新的不同的产品，大家看到的是功能客厅开发的，包括单人的沙发，还有比特单人沙发，舒适性都非常好。还有浪合单人沙发，这部分都是消费者有不同的需求，需要单人的产品。今年的茶几做了相当一部分，我们今年开发的茶几前后开发了四十款左右，但是最终选出来的实在太少了，做产品研发真的非常非常累，这款产品只是一个小茶几，大概50厘米，玻璃面也有几种选择，这是一个双层的，这是80的茶几，这是一个96的，基本上1米直径的双层的茶几。    BOHEMIAN今年的市场推广，我们引用一句话，在市场推广方面，有时候我们说不愿意做和别人一样的事情，所以我们今年会有一些创新，但是不知道市场会不会接受，今年我们选择报纸印刷，我们也是第一个做目录，因为根据你产品研发的需求，市场变化的超速发展，随时跟进，所以报纸是非常好的推广的工具，今天我们做报纸，是一个创新，也是想尝试一下市场有没有不可能的事情。店面推广基本是白色的概念，去年开始推广，很多消费者都可以接受。广告方面，1999年“时尚家居”第一期制作的时候，我们就和他们合作了，各种平面的媒体我们都尝试过了，所以我们与时尚的合作一起保留着，但是广告方面，我们采取的更多的是网络，包括百度的词汇搜索，谷歌，新浪、等广告的宣传，这些广告可以找到我们最终的消费者。还有我们联合当地的经销商进行当地的广告合作，我们想刺激消费者在网上下载我们的目录，去年下载差不多1万本，我们我们不知道能有多少本到我们的消费者手中，第二个印这个目录达到什么样的目的，我们今天更希望消费者在我们的网站上下载这个目录，去年超过1万本，如果今年超过2万本，对于我们厂家成本是比较节省的，但是需要推广我们的网络。这个产品从白色界面推出目前是两年的时间，我们今年的重点也是依诺维绅全球的重点，就是这个产品系列，我们目前在全世界推广的，包括欧洲、美国也好，都是核心产品，去年的营业额我们希望每年有20-30%的递增，我们的受众年龄是25岁到45岁之间，另外产品随着市场的需求，我们会一点一点的研发，你要一下子推出很多产品让市场接受不了的时候，你会很失败的，所以我们会慢慢的完善这些产品，我们会丰富产品系列，特别是消费者要求方面。如果我对大家说一下我们产品的总结，我们1999年推出这块，大家看到这边，在我们的用户也好，我们的产品目录也好，我们只是满足部分消费者，我们只关注消费者，我们从来不提我们的竞争对手，因为竞争对手永远是跟着你屁股走的，你们要想作出你的东西，你只能往前走，因为消费者是你们的目标，这是我们BOHEMIAN LIVING系列在市场上一直生存的原因，我们也希望作为经销商，你们今天在市场上有很多的竞争，你们更大的是应该看消费者是哪些，那是你们的财富来源，而不是你们的竞争对手，你们的竞争对手打折销售也好，对你们没有好处，我们作为厂家也是这个目标，这是我们BOHEMIAN LNVING产品系列的总结。明天我们会对这个产品有详细的解释，我希望在座的各位在现有的基础上会发挥这个产品，因为这个产品的潜力对我们非常大，我们投入这么多，我们也希望把这个产品系列做的更好。    下面给大家介绍一个新的产品系列，就是依诺维绅今年做的第一个产品系列，包括我们下面还要推出另外一个产品系列，这是陆陆续续正在完成的，大家看到这个标，这是刚刚推出REBEL，翻译成中文就是“叛逆”，在座的小孩子的都知道，你说一句他顶你三句，所以我们这款产品从追求和消费都是非常不一样的，所以说REBEL这款产品基本是位年轻人设计的，它有一句话“走自己的路”这是我们REBEL产品系列的中心思想。THE NATURAL CHOICE  自然选择   1985-2001ONE ROOM LIVING     我的空间   2001-2007INNOVATION REBEL    叛逆生活   2008-2012                                 这个产品系列是从三个不同的阶段发展到今天，最早从85年到2001年的时候，那个是第一代，第二代是01年到07年的时候，今年和下面四五年，我现在写了一个叛逆生活的目标，这个是我们下下面四五年的作题，这些年我们每年的瞄准目标都是不一样的，从自然的选择，到每一个系列都是年轻三到五岁，我们大家可以看看以前的产品，这是1995年的产品封面，那个时候还是追求25岁左右的年轻人。还有97、98、99年的，这是我们当时在中国推广的第一本目录。2001年的时候开始推的感觉是更年轻了，当时所说的主题就是我的生活我的空间。还有04、05年，当时这个系列，基本到05年，这个是中国销售的最后一本在丹麦制作的目录。99年到2005年我们在中国的销售基本和丹麦是一样的，全球都是一样的，但是04、05年我们当时感觉非常深的就是我们瞄准的消费者，他的购买能力和我们产品的消费者中间相差非常大，产品的价格和我们我们瞄准的消费者完全不一样，所以我们05年开始停止采用和丹麦一样的目录，后来干了几件事情，都市生活这个系列是非常不成功的系列，后来我们又推出了一个系列，尝试不同的路，选找依诺维绅在中国的落脚点。这是都市生活当时做的，产品基本不成功，销售两年之后基本就消失了，所以价格有一定的吸引力，最终还是被市场淘汰了。我们把REBEL回归中国有几大原因，本身REBEL国际化积累的经验也好，国际的销售也好，都有非常的优势，因为我们FUTON系列销售全球第一的，另外我们看到国内的购买力明显的增加，八零后、九零后，他们的父母都花很多的钱给他们的子女购买很多的产品，把我们以前的REBEL从18岁到35岁改到现在的14岁到21岁，叛逆的年龄，我们的产品基本为这个而做的，另外我们重新定位产品价格，整个产品价格基本和当年的价格相差非常大，基本的产品定位是1200-1800元左右，但是整个产品结构和以前是完全不一样的。主要的是为了满足现在14岁到21岁之间这帮年轻小孩他们的个性需求，另外发挥我们最早推出的DIY，让年轻人选择自己喜欢的家具，目标很简单，就是说市场独一无二的家具，引领潮流。另外我们看看看消费者，这是我们在街头拍的照片，大家看看这些女孩子都有多大，我们在日本，沿路找一些女孩子说拍一些照片，拍完之后，你看最大的不超过17岁，最小的是12岁，她们穿的服装非常的新潮，大家去日本109看一下，那的年轻人非常的疯狂，穿着非常的张扬与野性。下面我讲讲REBEL系列特别的外套，有一点像服装的感觉，这个感觉是来自于每个时尚的灵感，我们也在街头拍的模特，他们的外套就形成了这种感觉，完全是一种面料的混合。这款产品，大家都知道骷髅头，这些女孩子的装饰都有很多的骷髅头，我们去的时候找到很多的灵感，然后做了沙发的外套，面料和五角星的组合，这些组合都有一定的背景，我们当时拍这些照片基本是马路上，酒吧里，迪厅里拿着相机就问别人让不让拍照片，回来都做了REBEL的系列，包括这些和平的标记，和平的爱，都有一定的原因的。这也是一款棕色的感觉，做的外套，这是我们当时做的纹身的，最早05年推出的，但是这组外套在欧洲销售非常的好，所以说这个外套我们重新拣起来，这款也是产品纹路的组合。还有一个是金属感的，我们推出的金属感觉的面料，这个是亮光系列，我们在整个REBEL里面也有，特殊的款式，我们推出的沙发加上特殊的外套，加上五角星的感觉做的。紫色是今年我们的流行色，还有尼龙的感觉，尼龙的面料在2000年初的时候比较时髦，现在又回归了，大家看到周边穿的服装，很多亮光的，所以说我们把它明显的组合在REBEL系列里面，还有灰色，灰色我们知道很多人都是这么想的，我们看到灰色的面积统计最终卖的最好的永远是很简单的灰色，所以我们今年的仿皮系列也好都是更多的用了灰色。REBEL的花色面料，大家会感觉一下有什么区别，基本都是比较年轻的，这个也是REBEL的花色面料，大家一会儿可以在展厅里面看的非常的明显的，包括这些面料都是。看完这个产品的感觉之后，我给大家总结下我们的REBEL的目标，我们瞄准的是12-21岁追求时尚的年轻人，我们要通过家居概念，不光有沙发床和小件的产品，我们会更多的留意服装和服饰，会尝试开始销售我们REBEL品牌的服装，体恤衫是最早的尝试。最后我们想最终的目的就是满足我们目标消费者他们的叛逆、野性的风格，这是整个REBEL的核心。REBEL的营销，其实大家很多人都知道，我们象卖服装一样卖REBEL，本身REBEL的店面不是很大，我们想采用多店面，小面积进行装饰，本身我们不想当做一件家具销售，我们不想和任何的家具杂志搭档，我们想在14岁到21岁之间他们喜欢的杂志当中推广REBEL，REBEL选择的是单独的品牌，单独的LOGO，唯一的最大的优势就是单位产值必须要高，另外按照我们的要求，在一类城市的开发5到8个店铺，二级城市是2到6个。REBEL的定位有几个核心化，这里面我也希望大家能够记住，我自己本身也是要求我自己，REBEL一定要走自己的路，坚持自己的独一无二的风格，创新家具时尚，争做行业先锋。这是我们REBEL回归之后将来的梦，也是我们一定能够实现的。以上是两个产品系列的介绍。我最后说几句话，我们依诺维绅下半年的目标，我们现在来中国十年的时间，1999年，2009年，我最早定的目标当时特别清楚，我们当时记得做的目标是五年实现盈利，欧洲人在中国投资是非常保守的，但是我当时说，五年必须实现五千万，最早我们在中国销售很可怜，900多万的销售额，但我们当时就收回了当年的投资，第一个目标我们达到了5000万，去年1亿多，第二个五年计划我们想把销售额翻一倍，我说我一定要完成当时进中国市场的25倍金额。我们的发展目标，如果作一个行业的发展，我们要做到最时尚，最个性的沙发品牌，永远坚持原创，这是我们依诺维绅的优势，走自己的路，迎合我们的消费者，将我们的竞争对手远远的抛在后面，依诺维绅在中国有不少的竞争对手，但是我们会永远走在他们的前头，我也希望在座的各位，因为拥有依诺维绅的品牌而感到骄傲。谢谢大家！下面不知道大家有什么问题，可以说一下，然后我们安排大家去展厅。    提问：14到21岁基本还没有购买力，你怎么想的？杨总：我们最早在丹麦的时候，我跟设计师说，小小的丹麦500万人口，每年的销售额都是5000万，都是父母给孩子买的，我们今天推出的依诺维绅系列，也是今天的中国的独特国情一定会为自己的孩子买家具，倒不是14岁到21岁的人自己掏钱买家具，但是作为父母一定可以。(展厅参观)",3,4,0.6718326807022095
倒霉 刚装修好的新房发大水本报讯(记者孙厚光通讯员陆红林)新房装修完还没入住，洗面台进水软管爆裂导致全房渍水，家具、地板无一幸免被泡坏，殃及电梯进水达7吨，导致电梯停摆。近日，遇到此事的彭先生快被烦死了。家住长江紫都的彭先生投诉称，今年5月4日他在武昌区小东门民主路的林国华洁具经营部购买了“樱花牌”水龙头、进水软管及下水管的系列产品，5月17日新房装修完工，彭先生准备8月份入住新房。7月28日晚上，新房的物业方打电话通知彭先生，他的家中有大量水流出，并导致电梯停摆。彭先生马上赶到新房，只见电梯已经停了。打开房门，家中俨然已经成了“泽国”：房间渍水达10厘米，地板、家具、房间的墙纸全部泡在水中。经检查，发现此次事故系进水软管破裂，当时水正从破裂处不断地喷涌而出。而物业方告知彭先生，由于彭先生家中的水大量地流入电梯，发现时，电梯中的存水已达约7吨之多，导致电梯最终停运，此次维修费用1.4万由彭先生承担。“赔了夫人又折兵”的彭先生无奈之下投诉到小东门工商所，接到投诉后，工商所工作人员予以调查。彭先生提出，这次事故导致地板、家具等损失差不多在5万左右，加上电梯的维修费，要求商家要赔偿6.4万。商家承认，此事确实由于自己品牌的进水管破裂导致，但彭先生索赔数额过大。后几经调解，商家最终同意赔偿软管破裂造成的经济损失4.4万(含电梯维修费用)，双方均表示接受。昨日，消费者已经拿到该笔赔偿款项。,3,4,0.7439184188842773
倡导科学环保 金宇家居杯环保家装展举行□记者马辉本报济宁4月26日讯24日上午，济宁市文化广场上人头攒动，一派热闹景象。当日，由本报、济宁市建委联合主办的“金宇家居杯”济宁环保家装展隆重举办，共有40余家家装企业参展，向广大市民倡导宣传“科学装饰、环保节能”的家装理念。24日，记者在活动现场看到，金宇家居城、万泰、城市人家、轻舟等40余家装企业参展，工作人员都在不惜余力地向前来参观的市民进行讲解，向他们介绍有关环保家装的理念和知识。据介绍，本次展会以“诚信、健康、和谐”为主题，向市民宣传科学环保的家装理念，促进美化家居事业的发展。展会集中展出了家装产业方面的品牌诚信企业和优秀家居产品，使消费者在展会现场就能获得家装全过程中所需的各种产品及服务，真正为消费者提供装饰装修的一条龙服务。各个展区的宣传侧重点各有不同，万泰装饰、城市人家、业之峰等企业主要向市民宣传环保材料的应用，强调在装修过程中材质环保的重要性；天工装饰、瑞宏家具等企业的展区内摆满了原木材质的门窗、家具，突出天然更健康的理念；轻舟装饰则打出了“完整家装”的概念，他们认为，“轻装修，重装饰”已成为环保家装的一种趋势。齐鲁晚报·生活日报副总编辑、济宁记者站站长蒋典国表示，本次环保家装展是济宁具有较大影响力的展览会，系我省首家以环保节能为主题的大型户外展览会，无论规模还是层次都居全省领先地位。通过开展这种广场式的展览宣传活动，可使更多的市民真正认识到环保家装的重要性，转变过去那种省钱、低质、污染的室内装饰装修观念，形成绿色、环保、节能的健康理念，为提高市民生活质量，共建和谐社会发挥作用。 □记者马辉本报济宁4月26日讯24日上午，济宁市文化广场上人头攒动，一派热闹景象。当日，由本报、济宁市建委联合主办的“金宇家居杯”济宁环保家装展隆重举办，共有40余家家装企业参展，向广大市民倡导宣传“科学装饰、环保节能”的家装理念。24日，记者在活动现场看到，金宇家居城、万泰、城市人家、轻舟等40余家装企业参展，工作人员都在不惜余力地向前来参观的市民进行讲解，向他们介绍有关环保家装的理念和知识。据介绍，本次展会以“诚信、健康、和谐”为主题，向市民宣传科学环保的家装理念，促进美化家居事业的发展。展会集中展出了家装产业方面的品牌诚信企业和优秀家居产品，使消费者在展会现场就能获得家装全过程中所需的各种产品及服务，真正为消费者提供装饰装修的一条龙服务。各个展区的宣传侧重点各有不同，万泰装饰、城市人家、业之峰等企业主要向市民宣传环保材料的应用，强调在装修过程中材质环保的重要性；天工装饰、瑞宏家具等企业的展区内摆满了原木材质的门窗、家具，突出天然更健康的理念；轻舟装饰则打出了“完整家装”的概念，他们认为，“轻装修，重装饰”已成为环保家装的一种趋势。齐鲁晚报·生活日报副总编辑、济宁记者站站长蒋典国表示，本次环保家装展是济宁具有较大影响力的展览会，系我省首家以环保节能为主题的大型户外展览会，无论规模还是层次都居全省领先地位。通过开展这种广场式的展览宣传活动，可使更多的市民真正认识到环保家装的重要性，转变过去那种省钱、低质、污染的室内装饰装修观念，形成绿色、环保、节能的健康理念，为提高市民生活质量，共建和谐社会发挥作用。,3,4,0.47084710001945496
做经营者先做消费者车水马龙的大街上，十字路口，红灯高悬，喇叭阵阵，开车上班的人们因堵车而心烦意乱。就在这时，一个小伙子挎着帆布包，手中拿着一沓宣传单，从路边闯入车流中，向一辆辆车的司机递去宣传单，说：“看看我们的房子吧！需要时给我打电话！” 这样的场景对于开车人来说，每天可能都会碰到好几次。不同的司机反应不尽相同，有的连忙关上车门、有的摆手表示愿接受、有的干脆冲着小伙子大声呵斥、有的甚至愤怒地将刚拿到的宣传单扔出车窗外……每当遇到这种时候，意风家具董事长温世权总是主动摇下车窗，微笑着接下宣传单，并很开心地向发传单者说一句：“谢谢！”很多人难以理解，那种自己根本不需要的宣传单为什么要接受？接受了人家的宣传单已经算很礼貌的了，为什么还要说“谢谢”？温世权解释说：“也许这个宣传单对我毫无用处，但我的接受和谢谢却给了他一份希望，他期待着那个电话真的会响起来。”希望对于人类来说多么重要，它代表着一个人事业成功的起点，传达着一个企业文化的内涵。就拿意风家具来说吧，员工开车在大街上遇到散发宣传单者之时，角色是消费者，有选择拒绝或接受的权利；站到展厅里销售家具的时候，角色就是经营者，将面对消费者的拒绝或接受。生意人只有尊重别人，才能获得别人的尊重。很多时候，经营者和消费者是相互转换的，只有学会做一个存有感恩之心的消费者，才能真正成为一个成功的企业经营者。,3,5,0.3694489002227783
储兰兰：回潮 回归 怀旧建立在变字基础上储兰兰：今天也非常高兴跟各界的精英在一起，其实大家更多的是做实业的，做实体，我做文化，我有时候想想我能给社会带来什么？就是你自己演，观众在那儿欣赏，但是你给他们的只是精神上的，或者是审美上的享受，那事实上带来不了真正解决问题的事情。但是我又想，我说精神，尤其是文化可能它就是一个导向，尤其我现在做的京剧这个行业，我跟很多陌生人接触的时候，从外表上看，说你是唱京剧的吗？我说是啊。他说你怎么唱京剧了？像这种年轻人跟文化不靠边的人为什么选择了这个行业。所以我每次解释半天。我觉得现在的说所谓今天这个主题关注城市，叫回潮，我刚才听各位老师说回潮也好，说怀旧也好，或者是回归，最后我觉得总结一个字，反正都是在变，都是变，就是事物是运动当中的，我们京剧很多人就是说，文化这个京剧，他说怎么京剧一直没变，没有改革？从样板戏以后好像大家就越来越不喜欢京剧了，觉得京剧离我们生活越来越遥远。但是事实上是在变的，只不过变的动作不一样，可能方向上有些偏差，作为我作新京剧的这个事，刚才我给专辑的时候我今天为什么带来这个专辑，说为什么叫新京剧？我可能一句话，两句话说不清楚，但是你听了就知道什么叫新京剧了。可以说京剧的是两个阶段，一个是梅兰芳时期，大家知道京剧到了鼎盛时期；还有一个时期，当然是在特殊历史背景时期下的，就是样板戏时期。我觉得现在是不是这个时期又到了？大家现在开始又关注这个，京剧开始复苏了。当我看到白先勇做青春版牡丹亭的时候，我觉得太唯美了，但是京剧还是在做大制作的东西。比如说我们每年进京有一个会演，全国各个地方，省市，哪怕市，或者是有的县都会有京剧团，有些就是有这些戏剧团体的地方，可能就是名存实亡，很多是占着事业编制，但是很多人不在单位，因为他没有戏唱，没有欣赏的团体，所以自然而然就不存在了。但是每年文化部会有一个在进京的叫精品工程奖，全省都要拿出一台戏，或者是为剧团，或者为演员争夺梅花也好，各个戏曲的大奖，但是每个剧团在我们发不下工资的时候，省里也会投入一二百万戏，然后进京演出，最后道具，服装也就烂掉了。它有没有在变？有在变。它的艺术形式可能是借鉴了多种艺术形式，比如声光电的应用，过去京剧就是大白光，很普通的光，它是以服装，以表演，我说大家都把所有的京剧，大家在欣赏京剧的时候就是演员的表演，就是把所有的精力都体现在演员上，就是服装上。但是服装是为演员服务的，现在是把这些点都分散了。其实国家大剧院这样的舞台根本不适合演京剧的，像今天的舞台还是适合演的，利于演员的表演。包括演唱上，比如说现在有一种现象叫，京剧叫话剧加唱。他说的是普通话，然后很多语言最后加上京剧的唱腔，后来还有一段时期因为电视传播力度比较大，做了一段戏曲电视剧，盛行了一段时间，大家也看过从黄梅戏开始，京剧也做了一些，比如古装戏，穿着，服饰打扮都是电视剧的形式，突然就唱起来了，就显得很怪异。当然我们事业团体做了很多对京剧这种导向，这种改革，这种选择也好，但是都没有定位。    当然梅先生那个时期，那个时候只能到戏园子看戏，是京剧盛行的时期，我们也是生不逢时，但是就是说他怎么去迎合这个市场的？我觉得观众是最有话语权的。当然现在这么多多元化的艺术形式，这种娱乐方式冲淡了这种传统文化的浓厚的观众氛围，但是我觉得京剧自身和我们从业者本身没有找准一个定位。比如说梅兰芳他四大名旦都有一个团队，就像咱们今天这个会所，我一来，我说又有传统的又有现代的，又有西方的又有东方的，整个是一个结合体。我说那你这个理念，或者从设计上得有一个很大的团队策划？应该是有的。梅兰芳那时候也有，包括梅兰芳电影上也体现了，叫梅党。程砚秋那个团队叫程党。他们每天晚上都会唱对台戏，今天梅兰芳演什么了，演嫦娥奔月了，明天程先生演所令郎，但是后天又会有新的作品出现了，两边都看着呢，就是在争取他的票房。梅先生唱一晚上可以挣下一个四合院，但是今天挣的是微不足道的。就是说把握市场对于我们京剧演员来说，从这种艺术创作来说有没有市场价值？    其实文化艺术形式也好，艺术作品也好，我觉得是应该是从市场研发开始，应该也有这么一个环节，我们恰恰没有。就是我们想一出可能我觉得还不错的东西，我们就做了，也不管这个市场需不需要。现在其实挺悲哀的，有一件事，就是什么呢？就是没有舞台去演戏。刚才王总说你什么时候演戏，我们去看一看，或者说我挺想看京剧的？我想了半天，我在哪儿演习你可以去看。我说我唱戏谁看呢？他说我看。那不能有一个观众，挺悲哀的，就是说演员需要舞台实践的，而你恰恰没有观众，没有市场。所以我说争取观众，像房地产也是，你没有业主了，你的楼卖给谁呀？说到住房环境的问题，因为我不能光说我的文化，我也得参与一下，因为我是大别山的，老家是安徽金寨的，从小就是山清水秀看多了，也感觉不到那个环境有多好，当我11岁到北京来上学，那时候沙尘暴特别厉害，95年，96年，毕业了以后上两年班，他们说到郊区玩一玩，找一个环境，有山有水的地，我说我就在那儿长大的，干吗去那儿，我说我就喜欢国贸，晚上繁华的景象，但是在前三年我开始慢慢转变了，我觉得这个城市应该远离城市，我应该到乡村去，还不如到老家去过一段时间。所以我觉得一个环境，一个氛围，包括我们演员演戏，唱戏也要一个环境和氛围。我现在最近可能第二张专辑要出来，我就在想，比如说做CD，CD就是你光给他听一个唱段，不说梅兰芳演这个会不会这样，现在老艺术家也唱这个，但是到你唱有什么区别？我觉得有的时候是需要回归的，回归什么呢？你给他制造这种音效的环境。比如说我们给他制造一种像在过去戏台子上有吆喝声，有叫好声，一个高腔耍过去，而且要叫的恰到好处。我说能不能制造这种环境和氛围，当然完全的回归是不可能的，因为我们现在在变，就是说梅兰芳先生那个时候的表演和唱腔拿到我们今天来看，其实有些东西是不美的，比如说咱们在审美的观念上产生了一定的改变，一说梅兰芳先生，我们从头到尾演贵妃醉酒，从头到尾他的眼神，他的程式都改过。但是我觉得根本的区别是什么呢？是美变了。比如说梅兰芳先生他会在过去欣赏理念上含胸，眼神和他的那种扮相上，其实看着我觉得并不是很美，那我们现在就得把胸部挺起来，这是女性美的一面，为什么不展现给大家呢？但是过去你就那么挺着觉得很难看，就是说审美在变化。反正我就觉得是变吧。,3,4,0.8388724327087402
元洲李泰岩短时间内上市成功震惊业内(图)       新浪家居谢娟讯  10月16日，易居中国与新浪合资公司中国房产信息集团（简称CRIC）在美国纳斯达克成功上市。此消息一出，家居业界大腕在分享喜悦的同时，纷纷来电来函，向中国房产信息集团成功登陆纳斯达克表示祝贺，同时对CRIC在未来发展提出了中肯的建议和期待。新浪家居电话连线业内数位大腕，倾听他们对此事的看法，以及对中国房产信息集团上市寄语。【CRIC（中国房产信息集团）纳斯达克挂牌上市】       采访嘉宾：元洲装饰集团董事长 李泰岩         新浪家居：您好，李总，我是新浪乐居家居频道编辑谢娟，感谢您接受本次采访。   李泰岩：您好。       新浪家居：北京时间2009年10月16日，易居中国与新浪合资公司中国房产信息集团在美国纳斯达克成功上市融资2亿美元。您是否知道此事？您对此有怎样的看法？      李泰岩：速度快，让人很惊讶。也证明乐居在短短几年的时间中成长迅速，做的非常出色。是行业中历程碑式的事件。  新浪家居：感谢您的肯定。同时也希望您能给予建设性的意见。      李泰岩：家居行业特别需要媒体站在第三方的角度，客观推动行业发展，希望乐居今后多多关注品牌企业，成为更多消费者了解品牌企业的权威平台。另一点，希望媒体能够更深入探讨行业关键点，推动行业健康发展，有能力对行业热点作深刻剖析，从而把握行业方向。  新浪家居：您有怎样的祝语？      李泰岩：衷心祝贺乐居短时间内上市成功。 愿乐居借上市越来越好地发展，并引领行业健康前进。      【嘉宾简介】        李泰岩： 元洲装饰的董事长，在圈里的地位名列前茅，但年纪和面相却排不上“老字辈”。和那些叫他泰岩的人不同，李泰岩身上你最常看到的是一种随意，是一种不慌不忙。也许，多数人会觉得那是一种“不认真”，但是，就是这样一个看似玩世不恭的带头大哥，却让元洲在家居集成方面成了目前业内公认的领跑者。     【推荐阅读】        元洲装饰李泰岩：七亿人住房需求推动行业发展       元洲实至名归 摘取售后服务行业十佳殊荣2009       元洲姚鑫：家国变迁齐品鉴 免费家装惠中华       【媒体声音】      中国证券报：新浪易居合资公司CRIC登陆纳市       上证报：新浪易居合资公司CRIC逆市登陆纳市       第一财经日报：CRIC上市首日市值20亿美元       新华网：新浪与易居合资公司CRIC登陆纳斯达克       专访丁祖昱：CRIC在做前人没有做过的事情       专访罗军：CRIC具有巨大的商业潜力       专访曹国伟：在某些垂直领域会做更多尝试 【更多】     上市背景资料：      美国东部时间10月16日(北京时间10月16日)消息，易居中国与新浪合资公司中国房产信息集团(以下简称CRIC)在美国纳斯达克挂牌上市，首日开盘价12.28美元，超出发行价0.28美元。CRIC为易居中国与新浪的合资公司，股票代码为CRIC，发行价12美元，共发行美国存托股票(ADS)1800万股，同时承销商有权在未来30天内，行使总额达到270万股的超额配售权，此次IPO共计募集资金约2.16亿美元。作为中国在美国的地产科技第一股，CRIC是中国最大的专业房地产信息服务公司，并且拥有同时覆盖线上线下的房地产综合信息和服务平台。CRIC的成功上市，也创造了两家在美国上市的中国公司，分拆各自极具成长力的业务后进行合并，并进行二次上市的先河。CRIC联席董事长、CEO周忻表示；“我们很高兴看到CRIC成功上市，此次IPO将确立CRIC作为中国房地产信息服务第一品牌的地位，并有利于CRIC继续推进国内最大和最先进的房地产信息系统建设，使CRIC成为同时覆盖线上和线下的强大中国房地产网络信息服务平台，为房地产开发商、供应商、专业机构以及个人用户提供多元化房地产信息服务。CRIC联席董事长、新浪CEO曹国伟表示：“CRIC的成功上市，是易居中国和新浪合作的重要一步，也是我们在垂直领域商业模式探索的有益尝试，我们很高兴有机会发挥双方的协同效应。而进一步拓展和深化互联网垂直领域的商机，建立公司在细分市场的核心竞争力并做大做强，这也是新浪未来长远战略的重要组成部分。,3,4,0.9290950894355774
元洲李泰岩：吴厚斌用“厚脸皮”举得成功李泰岩：写诗都是多年以前的事情了。跟吴厚斌这么多年都是挺好的朋友，出这个诗集，他在给我发第三个短信在说，我说你是不是想出本诗集，他当时没回答我，吴厚斌，我跟大家分享一下跟他的感觉。前面写几首诗，开始的时候我说我们这个圈子还有人干这个事呢。因为我身边还有一些朋友他们还在坚持。去年在宋庄，有一个诗人差点死了，吃不上饭，病在家里没人管，有一些人在坚持自己的人生理想，很痛苦地艰苦，吴厚斌衣食无忧，又做名记，我觉得真是一首一首给我发，我记得有一次回了他一首。我说你写的挑不出一句好的来。不是说诗不好，我是觉得他有点附庸风雅，脸皮厚就厚在真的坚持下来了。前几次他给我发短信，我说这家伙今天又写了一个，经常还重复地发，慢慢慢慢地我觉得越写越有感觉了，我觉得今天能出这本书，关键在于脸皮厚，脸皮厚在于对一件事情真的坚持下来。任何一个人执着地坚持，都会成功。今天我们家居圈的老朋友，大家每一个人，我们行业1997年到现在，谁不是凭着这份执著坚持下来的。所以在这里为了吴厚斌的厚脸皮鼓掌。再一个是吴厚斌在这个行业里，坚持这么多年，他在这个行业，我们做媒体的，大家走来走去变化很多，他是比较关注行业深刻的变化、深刻的发展，这么多年一直坚持，这是第三本书，我相信他的第四本书，也会慢慢做出来。若干年后我们回头看的时候，能看到吴厚斌在这各行业里慢慢积累、沉淀，记录这个行业的成长和发展。在这里祝贺吴厚斌诗集出版。希望他下一次写诗的时候，提高更大，能写出更多的东西，虽然生活不是诗，但是生活里很多诗意，如果把生活变成很多诗意在里面，在生活里会得到很多快乐。主持人：感谢李总的发言，把吴厚斌人如其名的道理给我们展现出来，现在给大家介绍几位刚刚到场的嘉宾。北京律师协邱宝昌接下来的环节是今天非常重要的一章，请今天的主角，《生活不是诗》的作者吴厚斌给大家介绍一下为什么出这本书，他在写诗集的感悟和故事。,3,4,0.55582195520401
元洲集团并购佳天下装饰新闻发布会召开日前，元洲集团成功并购重庆佳天下装饰公司的系列工作已经完成，元洲集团•佳天下公司也已进入了良性运营、稳步提升的轨道，但该并购所产生的一系列重要影响，却为业内外持续关注。继2009年10月19日在重庆召开并购的新闻发布会之后， 11月12日元洲集团再次在北京元洲家居馆召开新闻发布会，元洲集团董事长李泰岩先生、佳天下装饰公司投资人谭英宏先生、元洲集团副总裁祁国民先生以及执行总裁姚鑫先生与北京的诸多重要媒体深入的探讨本次强强并购带来的巨大价值与深远意义。元洲集团董事长李泰岩先生在接受记者采访时表示，企业间的良性并购绝不是单纯的资本游戏，而是企业在短时间内迅速扩充市场规模、提升品牌影响力的重要手段。李总强调，元洲引领的本次强强并购不仅仅打造了一张区域家居市场的王牌，同时开启了一种家装行业资源整合、快速扩张的新模式。通过有效的并购行为，企业将能充分吸纳优势资源，并创造出更加高效的企业平台，为企业员工提供广阔的发展空间，为社会提供更加优质的服务。因此，这样的并购发展模式也具有相当积极的行业示范效应和社会意义。佳天下投资人谭英宏先生表示，加入元洲团队，使佳天下从区域性品牌一举跃至全国市场的大舞台，合并后的元洲•佳天下公司将有效地提升管理与运营能力，共享元洲作为中国装饰行业领军企业在全国集采、同步配送、设计施工、整合包装、媒体推广等方面的全部优势资源，以更加专业化、集团化、细分化的服务向广大客户提供最大优惠。元洲集团执行总裁姚鑫先生亦充分看好本次强强并购的积极效果，他认为，本次并购极大地冲击了原有的市场结构，改写了重庆乃至中国西部家居市场的格局，为元洲重庆乃至元洲在西部大区的发展奠定了坚实的基础。在未来的一两年内，元洲全国的京津大区、华北大区、华中大区等直营区域也将不排除采用强强并购的模式，进一步夯实基础，提升实力，提升市场占有率，从而稳固元洲品牌在全国家装市场上的领军地位。据悉，国内家装巨头并购区域性优质公司在装饰界尚属首例，元洲集团整体规划、全国快速布局的魄力和雄心在业内引起了不小的震动。这种迅速扩展资本规模的企业发展模式也极有可能在未来改变全国家装业界版图，从而诞生真正意义上的行业巨擘。,3,4,0.7180586457252502
先行赔付 确立家居服务基准 10年，一个家居品牌辉煌崛起。居然之家的10年，见证了家居行业的发展历程，浓缩着家居企业家的创新精华，值得关注与探索。从本周开始，我们开辟“居然赢略”专题，将用连续刊出5期的篇幅，分别从不同角度揭示居然之家成长的奥秘。首期要关注的是，居然之家从众多家居品牌中脱颖而出的第一招——率先推出“先行赔付”服务理念。 “先行赔付”当时只是一个企业的服务承诺，如今已经升级为“一个月内无理由退换货”、“统一退换货”、“空气质量不达标全额退款”等服务准则。居然之家的“先行赔付”服务承诺奠定了家居行业从粗放走向规范、从幼稚走向成熟、从集贸市场管理走向商场化经营的基础，成为家居行业自觉信守的服务标准。2009年，居然之家创立10周年，这样一组数据可以显示居然之家的辉煌：连锁店超过20家、营业面积近140万平方米、营业额逾100亿元、员工近3000人，跻身全国家居流通行业第一梯队最顶层。10年前，居然之家不过是从火灾废墟中重新站立起来的北京北四环一个3万平方米的小市场，年营业额不足2亿元。这样一个“小不点”，何以从群雄逐鹿中迅速脱颖而出，成为家居行业的领头羊？首先在于一个理念的提出、实施与升级，打出了自己的品牌，进而影响了整个家居行业，确立起在行业里制订服务规则的地位。这一理念就是如今人们熟知的“先行赔付”。先行赔付 首开先河1999年春天，结束福利分房后的住房改革潮冲击着每个人的神经。刚开始富起来的人们在买下拥有自主产权的房子之后，才发现自己的家原来可以装饰得那么赏心悦目，一时间，装修材料、家具、家居用品供不应求。过去人们买这些东西得去展会，有识之士便纷纷开起家居市场，变成“永不谢幕的展会”，北京街头一夜之间崛起大批家居市场，集美、城外诚、环三环、碧溪、蓝景丽家、东方家园等如雨后春笋般涌现出来，一派欣欣向荣。位于北四环的居然城在这些卖场中并不显眼，一年前一场大火却烧得它臭名远扬。在那片废墟之中，由全国华联商厦联合有限公司、北京新基业投资控股有限公司等36位股东发起的大型国有控股股份制企业在那年3月成立，张学武和汪林朋分别担任董事长和总经理，“居然城”正式更名为“居然之家”，一个新的品牌宣布诞生。与众多同行只满足于赚快钱不同，“张汪组合”领导着一个有着正规大学本科以上学历的“知本家”班子，3万平方米的营业面积和2亿元的营业额只是他们事业的起点，他们的眼光望向未来。那时的家居市场赚钱太容易了！只要你有办法圈块地，支起个棚子，打出招商的旗号，商户就会纷至沓来，市场方只要按时收租金就行了。问题也接踵而至。那几年北京市消费者协会忙得不亦乐乎，主要就是帮助消费者处理各种投诉，讨回公道，而家居建材、装饰装修的投诉量连年排在榜首！“当时的法律对市场约束很小，市场方只管物业，和消费者不发生直接关系，销售方负责产品质量，一旦出了问题，消费者在商户面前太弱势了！”汪林朋敏锐地感觉到，商户和消费者的纠纷，最终损害的是市场的声誉，下次人家就不会到你这里来买东西了，“我们应该把产品责任揽过来，在商户与消费者之间筑起一道防火墙，纠纷少了，消费者满意就多了，我们市场的信誉度也就提高了；市场的信誉高了，消费者来得又会更多，商户会更加稳定，我们的租金收入就更加稳定，形成良性循环”。“要做一番长期的事业，就不怕‘引火烧身’。”在居然之家创立两年之后，一个理念性的服务承诺悄悄酝酿成熟。2001年冬天，渐渐走入居民家庭的私车在北京街头缓缓行进之时，人们从电波中听到了这样一则广告语：“居然之家，先行赔付，提请您注意路况信息！”居然之家砸出200万元包下了2002年北京交通台收听率最高的“路况信息”栏目，又拿出200万元质保金放在北京市消费者协会，随时准备应付消费者的索赔。产品发生了质量问题，商户不予理赔，居然之家先给赔付。这就是“先行赔付”的基本内涵。因为有了“先行赔付”，居然之家从此与同行相区隔，呈现鹤立鸡群之势。兑现承诺 火遍京城今年3月5日，居然之家董事长张学武第四次登上“北京十大商业品牌”领奖台。面对捧着沉沉奖杯的张学武，主持人忽然发难：“居然之家承诺‘先行赔付’，你们有投诉吗？真的赔吗？”张学武不假思索，掷地有声：“当然赔！我们每年都要处理几十起赔付事件，几年来用于先行赔付的费用超过1000万元！”张学武的回答诚实、坦率、大气，体现出居然之家兑现承诺的勇气。此前的几年里，居然之家交出了一份很好的答卷。2001年的冬天格外冷。当电波还在不厌其烦地播送着“居然之家，先行赔付”之时，危机悄悄地逼来。一个名叫“福乐”的暖气品牌，看上去模样儿还不错，但一上水就漏，把一个个新装修的家泡了个底朝天。卖场有投诉，消协有投诉，工商也有投诉，数量巨大，问题集中，搅得好多部门不得安宁。权威部门检测认定，福乐暖气片接口处焊接不合格，充水受压时容易爆裂，属于严重的质量问题。当人们回过神儿找厂商追索时，代理商已经如过街老鼠般被打趴下，撤场消失，而位于天津的生产厂也闭门歇业。面对1000多个受害家庭的怒火，北京13个销售福乐暖气片的家居市场顿时慌了手脚。此时，居然之家做出了惊人之举。汪林朋在新闻发布会上斩钉截铁地宣称：“赔！全部赔！”当居然之家拨出的150万元赔偿专款陆续送到遭受损失的消费者手中时，人们相信了，居然之家玩儿的是真的。居然之家的行动惊动京城，媒体也大唱赞歌。同时销售福乐暖气片的另外10多家家居市场，在这场战役中一下子矮了一截。尽管在有关部门的干涉下，几年之后大都给予了消费者赔偿，却在第一时间落下个“先行拒付”的恶名。“居然之家，先行赔付。”电波里的声音似乎更亲切了。这回，居然之家是真火了。2002年，仍旧位于北四环的居然之家整体租金上涨50%，仍然是一铺难求。升级服务 确立标准随着市场的变革，几年时间里，谁要是不实行“先行赔付”，谁就意味着被消费者抛弃。从 “先行赔付”开始，居然之家持续不断地推出新的服务理念，潜移默化地推动着家居行业的服务升级，颠覆了粗放管理状态时期家居卖场的潜规则，推动着家居行业走向成熟。北京市消费者协会秘书长张明证实，设在消协的200万元质量保证金在8年之内没有动用过一分钱，居然之家把所有投诉均解决在系统之内。在不同的发展时期，居然之家给“先行赔付”填充了更深的内涵。“先行赔付是建立在产品有质量问题时，商户和消费者的纠纷难以解决基础之上的，现在看来早已过时了。”汪林朋说，当一个服务标准已经成为共识的时候，一个领先的企业就必须去确立新的标准。居然之家的第一个升级新标准是“一个月内无理由退换货”，实施于5年前的2004年。如果产品没有质量问题，就是买了之后看着不顺眼，不喜欢，不想要，怎么办？居然之家告诉你，一个月内，换也行，退也可。这回，消费者成了真正的上帝。在此基础上，居然之家2005年开始再次立下新规矩：多处购买，统一退换。在同一个城市内，无论你从哪个店购买，不论买的是家具、建材还是家居用品，也不论是不喜欢还是装修后剩下的尾货，装上车集中拉到任何一家店，就统一给你结算、退换。居然之家北京四家店均在醒目位置设立“统一退换货处”，等待着人们前来“找麻烦”。这还不够。一套房子装好了，买了一堆产品放进去，每件产品都有合格证书，空气中却有一股刺鼻的味道，怎么办？居然之家说，装修后空气检测不合格，全额退款！从2006年开始实施的这一全新承诺，随着居然之家的扩张正向全国渗透。居然之家成为服务标准的制订者，源于对入驻厂商具有充分的话语权。符合标准者，经审核后排队；不符合标准者，根本进不来；违反规矩者，扫地出门。在市场大潮的淘洗中，居然之家集合了一批消费者喜爱的品牌，这些品牌在居然之家能赚到钱，支撑起居然之家的品牌大厦；居然之家借助这些品牌的支持，确立新标准，强化服务品质，进而发展壮大，走向全国。一个家居品牌的崛起，带动着整个家居行业的提升。这是居然之家的奇迹，也是家居行业的幸运。商报记者 吴厚斌/文 田艺/漫画,3,4,0.49851009249687195
光棍节京长两地闹市惊现11富翁征婚今年光棍节北京长沙两地繁华闹市街头同时惊现十一名身着名贵的礼服的男富翁集体征婚，在活动现场，十一光棍富翁们用举牌的形式倾诉着自己对单身现状的不满和浪漫的渴望、以及他们自己的条件。他们每人各举一个字连成标语，在完成四次标语后迅速消失于人群。11日下午三时，北京王府井和长沙黄兴路步行街口同时出现以上一幕，活动一开始，统一的穿着名贵礼服的十一名富翁们一亮相便赚足了路人的眼球，短短几分钟的时间便吸引了数百名路人驻足围观。随着活动的进行围观群众都不由自主的跟着征婚者的举牌一字一句高声读出牌上的字，“哥们要的不是寂寞是浪漫”“浪漫光棍节让寂寞滚蛋吧”，当读到这些标语之时，围观群众越来越多，交流、拍照、向征婚者打招呼等行为也开始出现，人群的热烈反响将活动气氛推到了顶峰。而现场观众的热情和征婚者的冷峻更是相映成趣，形成了光棍节闹市街头一道奇特的风景。现场围观群众王小姐在接受记者采访时就说光棍节看到这样一种浪漫有趣的事情，难得一见，特别有创意，也特别的新奇。同时也有群众表示征婚者勇气可嘉，祝福他们都能找到自己的幸福。现场有人笑称其为“钻石罗汉”，说其“钻石”是因为据称他们拥有丰厚身家，资产上千万，说其是“罗汉”不言而喻是因为他们全是清一色的光棍。这样的一群富翁走上闹市街头，进行集体征婚，自然成为了两地光棍节街头最受关注的事件。活动刚刚结束，现场的群众便议论这样一群家世显赫的富翁们，居然走上闹市进行集体征婚，感到惊讶之余，更多的是一种的不能理解，按常理说在人们的意识里，像这样的人群应该不至于会需要哗众取宠的街头征婚，那么究竟为什么会有这样的事件出现？或许从他们打出的标语中可以窥见一斑，“哥们要的不是寂寞是浪漫”、“浪漫光棍节让寂寞滚蛋吧”，他们需要的不是寂寞，而是一种浪漫的相爱。这也许是他们站出来的最主要原因。另外在活动现场一条显目标语更是引来的众人的注意和记者的特别关注。“求浪漫，有百万BOLONI厨房，管饭”这一标语的出现更是引来的无数网友的质疑，那么这次千万富翁的浪漫征婚，到底是富翁们在寂寞中的浪漫爆发，还是一种商业炒作？ 都还有待进一步的证实。,3,5,0.3163840174674988
全国30家南浔片区企业形势研讨会于久盛召开10月27日，由中国木材与木制品流通协会木地板流通专业委员会主持的全国30家南浔片区企业形势研讨会在久盛地板有限公司召开。研讨会由中国木材与木制品流通协会木地板流通专业委员会常务副会长高志华主持，来自江苏和南浔的近二十家地板企业的领导出席。高会长通报了当前有关经济形势和协会当前的重点工作，大家对当前的地板行业发展形势和存在问题提出了自己的看法，各抒己见，畅所欲言，在一定程度上取得共识。,3,4,0.6889960169792175
全国地板超级店员大赛优秀品牌组织奖11月7日落下大幕的全国地板“超级店员”大赛吸引了来自全国各地的地板企业、家居卖场、经销商等各方面力量的广泛关注，并且取得了巨大的成果。中国林产工业协会地板专业委员会秘书长吕斌介绍，本次活动总答题量超过3万人次，其中第五轮线上答题环节有效参赛选手为1869人，参与品牌132个，各地方协会、全国各卖场以及经销商等积极参与支持圣象集团有限公司。   以下为优秀品牌组织奖获奖名单：圣象集团有限公司吴江三益建材纺织有限公司杭州明成木业有限公司吉林森工金桥地板集团有限公司金鹰艾格(外商独资)地板公司德尔集团江苏洛基木业有限公司四川升达林业产业股份有限公司新生活家木业制品(中山)有限公司北美枫情(上海)商贸有限公司,3,4,0.5720327496528625
全国地板超级店员大赛升达首日居榜首全国地板“超级店员”大赛自9月7日启动以来，诸多地板企业、家居卖场及经销商纷纷踊跃报名参赛，一场地板行业的“选秀盛宴”正在全国如火如荼地展开。据大赛组委会统计，截至9月8日10时，来自江苏辛巴地板的选手毛丽以101分(总分105分)居个人排名首位，而在品牌排名方面，升达位居榜首，金鹰艾格、圣象分列二、三位。随着“超级店员”大赛的不断深入，将有更多的品牌及个人参与到活动中，大赛各奖项的竞争也将日趋激烈。,3,4,0.44173818826675415
全国地板超级店员大赛文明参赛公约作为2009年地板行业盛事，全国地板“超级店员”大赛吸引了众多品牌地板、家居卖场销售精英的广泛参与，大赛已经成为展示地板行业形象的窗口，每一位选手的参赛表现与店面销售言行和举止一样，都表征着整个地板行业从业人员的形象。“树立形象，从我做起”，为了展示“地板人”的过硬素质，树立良好的行业形象，营造公平、公正的参赛环境，请遵守以下公约：一、参赛者宜以积极交流、相互学习、共同进步的心态参与比赛，提倡营造友好的氛围，摒弃恶性抵毁，积极提升职业技能和服务水平，自觉促进地板行业的良性发展；二、营造公平、公正的参赛环境是每个参与者应尽的义务，禁止通过不正当手段扰乱大赛的公平性；三、遵守网络秩序，不欺诈侮辱他人，摒弃造谣诽谤，保持和谐共处，保证大赛有序进行；四、参赛选手应如实提交个人真实姓名，所填资料必须真实有效，不得有造假、杜撰或欺骗信息。对于违反上述公约的参与者，组委会有权进行必要的处理。全国地板“超级店员”大赛组委会2009年9月16日 作为2009年地板行业盛事，全国地板“超级店员”大赛吸引了众多品牌地板、家居卖场销售精英的广泛参与，大赛已经成为展示地板行业形象的窗口，每一位选手的参赛表现与店面销售言行和举止一样，都表征着整个地板行业从业人员的形象。“树立形象，从我做起”，为了展示“地板人”的过硬素质，树立良好的行业形象，营造公平、公正的参赛环境，请遵守以下公约：一、参赛者宜以积极交流、相互学习、共同进步的心态参与比赛，提倡营造友好的氛围，摒弃恶性抵毁，积极提升职业技能和服务水平，自觉促进地板行业的良性发展；二、营造公平、公正的参赛环境是每个参与者应尽的义务，禁止通过不正当手段扰乱大赛的公平性；三、遵守网络秩序，不欺诈侮辱他人，摒弃造谣诽谤，保持和谐共处，保证大赛有序进行；四、参赛选手应如实提交个人真实姓名，所填资料必须真实有效，不得有造假、杜撰或欺骗信息。对于违反上述公约的参与者，组委会有权进行必要的处理。全国地板“超级店员”大赛组委会2009年9月16日,3,6,0.37213292717933655
全国地板超级店员大赛落幕 大奖各归其主经过两个月紧张激烈的“线上知识竞赛”和“终极PK赛”，备受各界关注的全国地板“超级店员”大赛在北京落下帷幕。11月7日，全国地板“超级店员”大赛颁奖仪式暨结果发布会在红星美凯龙北京东四环店建材馆隆重举行，国家林业局卓榕生总工程师，全国木材行业管理办公室孙建主任，中国林产工业协会王满会长、张森林顾问、石峰秘书长，中国林业科学研究院木材工业研究所叶克林所长，中国消费者协会消费指导部王前虎主任，全国木材行业管理办公室赵戈处长，北京市工商行政管理局曹中生处长，中国林产工业协会孙志刚副秘书长，中国林产工业协会地板专业委员会吕斌秘书长、唐召群副秘书长等领导，来自地板行业的嘉宾，以及“超级店员”大赛选手代表参加了此次发布会。发布会回顾了“超级店员”大赛，总结了大赛的重要成果，并且颁发了各项个人、团队奖项。最终排名前十位的选手获得“全国地板‘超级店员’”大奖，更有两位选手因成绩优异而获得“个人优胜特等奖”。在活动过程中表现出色的协会、企业及卖场，则分别获得相应的团队奖项。作为2009年地板行业盛事，“超级店员”大赛自9月7日启动以来，吸引了全国地板业界的广泛关注，来自全国各地的地板企业、家居卖场及经销商表现出极高的参与热情。据了解，“超级店员”大赛分为“线上知识竞赛”和“终极PK赛”两个阶段，经过五轮激烈的线上知识竞赛，最终选拔出20名选手进入了终极PK赛。在终极PK赛中，20名参赛选手展示了各自在应变能力、销售技巧、地板知识、服务规范等方面的综合素质，在活动现场，更有选手表演了京剧、书法、歌舞等方面的才艺，在场评委及嘉宾无不感叹地板行业的人才济济。要促进地板行业的可持续发展，人才在其中发挥着关键的作用，这在地板企业中已经形成广泛的共识。通过全国首创的跨品牌的地板新品类推广活动——三层实木地板的推广过程中，地板业界认识到，一线销售人员的综合素质对于地板新品类推广的重要性和必要性。中国林产工业协会地板专业委员会、中国林科院木材工业研究所作为三层实木复合地板推广的操盘手，同时也是“超级店员”大赛的主办方，这次更是充分发挥了行业协会的优势作用，组织协调各地板企业、家居卖场及经销商积极参赛，通过大赛展开了一场范围更广的跨品牌、跨品类、跨地域的，有132个地板品牌，超过3000名有效店员参与的，针对地板一线销售人员的全方位专业培训。从一线销售人员做起，提升地板行业人员在服务水平、专业知识、法律法规、销售技能等方面的综合素质，“超级店员”大赛无疑为地板行业的人才培养开辟了一条新的途径。通过两个月的全员培训、竞赛活动，在全国范围内涌现出一大批地板销售的优秀人才，他们在销售技能、服务水平、地板知识等方面表现出较高的综合素质，而最终获得“超级店员”大奖的选手更是地板销售优秀人才中的佼佼者，他们都是地板行业最宝贵的财富。从发现人才、塑造人才和培养人才的角度考虑，全国地板“超级店员”大赛也取得了很好的成果。反思国际金融危机给中国地板行业带来的影响，积极开拓国内市场，“扩大内需”是地板行业发展的必由之路，其中针对消费者的服务显得尤为重要。“超级店员”大赛的一系列成果，无疑有助于提升地板行业的服务水平，促进地板行业政策水平的增长，从而推动地板行业的良性发展。而且，在消费者对地板新品类认知度不高的形势下，能够达到引导消费者科学消费、理性消费的目的，从而引领地板消费新潮流。,3,4,0.30377909541130066
全国首个家具总部基地落户龙江将成为该地区家具品牌孵化基地、产业升级示范区本报讯昨天，记者从顺德龙江获悉，继顺德家具研发院落户龙江之后，全国首个家具材料总部基地落户龙江，并于本周起开始投入运营。据悉，该基地的落成与家具研究院联合，将成为品牌孵化基地、产业升级示范区。构筑产业升级示范区据介绍，目前，龙江是全国重要的家具生产基地和原辅材料交易基地，但是不断受到长三角、环渤海湾地区家具产业和国际家具业的竞争压力，为保持龙江这一支柱产业的传统优势，龙江镇政府出台了《加快推动龙江镇家具升级发展的指导意见》，发展家具总部经济，提升家具产业的发展水平，提高区域经济的竞争力。该基地正是龙江镇政府与企业共同努力下打造的家具总部企业聚集地，基地位于亚洲国际家具材料交易中心C区，将以家具材料企业总部基地企业总部管理模式和品牌旗舰经营模式结合，全方位满足家具材料品牌企业、贸易商对现代企业经营管理的功能需求。“我们希望在龙江打造一个家具材料企业的营销总部、信息总部、管理总部、品牌总部。”龙江镇政府有关负责人说，基地将成为龙江家具材料品牌孵化、产业升级的示范区。记者在该区域看到，在其功能、体量化的划分都做了精心的考量。每栋高层商铺，第一层引导商户做交易，第二层作为新产品展示，第三层是办公室，第四层是仓储，第五层是商务或私人会所。亚洲国际副总经理钱江说，如果它是一个简单的经销部，这些功能可能是多余的。但反过来讲，作为一个企业的总部基地，而它应该是一个管理、决策的地方，营销的基地，这是一种超前的设计与布局，所以基地才会如此设计与建设。八大平台力助总部基地建设据了解，多年来，大部分家具材料企业的交易和经营都通过前店后厂等客上门或通过临时门面招徕生意，集中在小、杂、乱等集散市场上，缺乏品牌意识专做产品生产，企业文化及办公形象欠缺。在竞争越来越充分的市场条件下，被动式、粗放式的经营模式已经不能满足产业发展需要。材料商们也意识到了这一点，广州一家调查公司曾经做过类似调查，结果在1000个受访家具材料商当中，希望改善办公环境、提升形象的老板占90%以上。“这个总部基地将使家具材料行业杂、散、乱、小的局面得到全面的升级，引领行业发展潮流。”钱江说。据悉，家具材料总部基地在筹建期间就系统性打造了政府政策、协会商会、创新运营、产业创新、交易展示、信息宣传、国际商家互动、全球推广八大平台，现在已经取得了可喜的进展，第八届亚洲国际家具材料博览会无论从规模还是参展企业质量上都好于往年，同时落户在亚洲国际的顺德家具研究开发院在政府、商会、协会的领导和协助下，在家具材料检验检测、商务电子平台方面取得了一定进展，这将使顺德家具产业在产业链上游占据优势，从根源上提升顺德家具产业的创新能力、新材料研发和应用速度。钱江告诉记者，虽然家具企业总部基地已经投入使用，但现在还不是乐观的时候，在当前整个经济形势比较复杂的情况下，家具材料企业在规避风险的同时，更要抓住机遇。从家具产业链的源头上抢占新材料应用、新技术研发的制高点至关重要，以新技术、新材料、新工艺赢得下半年市场扩张中的胜利。刘嘉麟钟新森,3,4,0.644460141658783
全球地板巨头咬上深企 深企赴德打洋官司继赢得我国第一起美国337调查案之后，深圳企业再一次站到了应对贸易摩擦、海外维权的风口浪尖。这一次，国际巨头围剿我国企业专利全球授权的“武器”是德国的“临时禁止令”，对此，当事企业——深圳市燕加隆实业发展有限公司(以下简称深圳燕加隆公司)近日召开新闻发布会正式宣布，其将斥资1000万元赴德国应诉，以确保我国专利授权不被“洋官司”剿杀于摇篮之中。全球地板巨头“咬”上深企据深圳燕加隆公司总经理何贻信介绍，2006年，燕加隆公司研发出“一拍即合”地板锁扣技术。该技术与欧洲锁扣技术所采用的斜插锁扣理念不同，以垂直嵌入型锁扣特点，开拓了全球地板锁扣技术发展新领域。燕加隆公司迅速对其按照新技术生产的地板产品进行了PTC(专利合作条约)国际专利申请，目前已经在全球50多个国家注册了专利。而今年1月德国汉诺威地板展期间，全球地板巨头Unilin公司以“燕加隆公司的产品侵犯了Unilin的专利权”为名，申请汉堡法院对燕加隆发出紧急禁止令，没收了燕加隆的展品。本月30日，深企燕加隆遭全球地板巨头Unilin在德国诉专利侵权一案，将在德国汉堡法院开庭。燕加隆要胜诉的难点不少何贻信表示，此次官司如果败诉，将给中国地板企业带来以亿美元为单位计算的损失；而德国是知识产权大国，欧洲知识产权总部就设在慕尼黑，如果此项诉讼胜诉，燕加隆公司专利在国际上的法律地位将得到全面巩固。广东国欣律师事务所黄德华律师现场分析指出，此次“洋官司”的难点在于——德国是大陆法系的起源地，法律制度复杂，中国企业往往是异地应诉，准备不足；其次是观念上的难点，外国法官可能会受“中国产品是容易侵权的”的主观印象的影响。另外，德国法律体系中的“临时禁止令”带有很大的主观性，只要在一方公司提供担保的情况下，诉讼即可在假定性的前提下成立。,3,4,0.7822557091712952
"全球涂料消费将小幅下滑 行业利润或受到影响在涂料产品类别上看，全球建筑涂料的消费量将有可能在2009年达到340亿磅的水平，较2008年下降了3%。 全球涂料消费量将出现小幅下滑。中国环氧树脂行业协会专家美国新泽西消息，根据来自市场调查机构Kusumgar,Nerlfi&Growney的数据显示，2009年全球涂料 产品的消费量预计，将达到600亿磅、市值约为870亿美元。这一消费量预测将比2008年的全球实际消费降低了2%，同样2009年的涂料利润也会受到产品价格的走低的影响。从消费区域分析上看，亚太地区将成为全球范围内唯一需求量增长乐观的地区，预计将比2008年的数据提高1%。再仔细分析亚太地区，会发现除了中国和印度的涂料需求呈现持续增长之外，其他国家和地区也出现了需求明显下降的趋势。欧洲和北美市场的需求预测就显得十分悲观了，跟据该机构提供的预测，以上两个地区的涂料消费量将出现6~7%的下滑。除了需求上的不利预测之外，来自终端消费市场的要求提高，也成为需求市场的一大明显特点。例如在2009年欧盟和北美地区先后颁布了一系列，针对降低VOC含量的新法规，也给涂料配方工程师带来了一定的技术挑战和发展压力。在涂料产品类别上看，全球建筑涂料的消费量将有可能在2009年达到340亿磅的水平，较2008年下降了3%。OEM涂料的消费量预测为165亿磅，较2008年下浮了8%。特种涂料方面，2009年的消费量将与2008年基本持平。",3,4,0.3832438588142395
关注城市思想沙龙第二期于九朝会举行本期主题老建筑和新地标，谁更具有城市形象代表性时间：2009年4月24日地点：九朝会主持人：中国房地产报副总经理 韩炜烨 论坛嘉宾(排名不分先后)赵云伟 中国城市规划协会副秘书长王宏新 北师大房地产研究中心副主任傅 刚 美国注册建筑师、中央美术学院教授著有《都市生活》、《都市村庄》、《都市档案》梁井宇 场域建筑事务所董事、主持建筑师 王广善 北京海港房地产开发有限公司总经理刘松泉 合生创展北京公司总经理刘 江 星河湾华北区营销总监王 丹 伟业顾问客户发展中心副总经理陈 炜 博洛尼旗舰装饰装修工程(北京)有限公司总经理以下为现场实录：韩玮烨：今天是星期五，我们大家来这样一个特别有创意的一个建筑里面，聊一些我们虚无缥渺的人生理想、意识形态，聊一聊建筑，聊一聊我们应该住在什么样的城市里，应该住在什么样的房子里。这就是我们今天这样一个主题，叫“九朝会•关注城市”思想沙龙。我想就不用一一介绍各位了，刚才因为有一段时间，大家都已经非常熟悉了，很短的时间里都变成朋友了，我就留很重要的一段时间介绍一下我自己。我是中国房地产报的韩玮烨，在中房报四年一直写点大家也看不上的，关于地产金融，关于公司这方面的文章，带一些小孩，想方设法挖一些地产的黑幕，这就是我做的事情。也是借此机会结识了在座的各位，今天大家没有任何商业目的，我们感谢博洛尼陈总给大家一个舒适的东西，抛开商务的压力，聊一聊城市，因为在座的每一位都跟现在的城市发展、城市建设有关系。咱们俗套一点，还是先请我们的当家人陈总致一个开幕词。陈 炜：首先代表博洛尼和九朝会感谢各位能够来到九朝会这个地方，进行一个思想的碰撞。为什么发起这样一个活动？首先讲讲九朝会的情况，九朝会顾名思义是九个朝代聚在一起，我们这个会所希望能够打造一个文化和思想聚集的地方。我们发现，从魏晋南北朝到明朝九个朝代，贯穿了整个中国传统文化的脉络，这个脉络就是我们想提炼出来的士大夫的文化精神。士大夫作为中国传统最低的一个贵族，其实也代表了中国的文化和思想的根基，等会如果大家参观九朝会的话，会感受到这个九朝会基本上是以中国传统的文化元素为基础，而自我设计、自我提炼出来的一个充满设计和创意的一个会所。昆曲作为这个戏楼的主要一个部分，昆曲也被联合国评为世界四大非物质文化遗产之首的这样一个文化艺术，为什么会有昆曲这么优美的词句呢？其实都是文化上的精英和一些士大夫，大家坐在小桥流水边，听着自然界的声音，拍着石头想出了一些优美的词句。今天希望大家能够在一起互相畅谈理想、畅谈城市、畅谈自己的抱负，进行一个思想的碰撞。这里是一个自由的、能够自我发挥的地方，所以剩下的话题交给韩女士。韩玮烨：我就是一个抛砖头的，我往出抛砖头，大家每个人接龙，看谁接得上。在来的路上，我一直在想一个问题，这两年我也拜访了很多的城市，很多的市长在跟我说的话题，就是在我的市中心盖一个多少层高的高楼，它要作为一个地标，我要盖一个多么大的城市综合体，让它成为一个地标。我们今天的主题，也是古今中外一直关于城市和建筑话题里永远没有答案的话题，就是老建筑和新地标。我想第一个问题，也是我心中的一个疑惑，中国城市化这么多年以来，到底老建筑和新地标是不是真的这种高楼大厦、综合体才是一个城市的地标性的建筑？谁先接这个砖头？傅刚老师是我们清华大学的知名教授，傅刚老师刚和他太太成立一个建筑事务所，叫任何建筑，这个名字非常有意思。首先请您谈谈观念。傅 刚：这个题目有点大，我就说点小的，开始不太容易说得特别得深入，所以既然韩总已经点名了，我就尽力给大家暖一下场子。刚才您的问题是，是不是这些个所谓的新地标是城市，无非是助长有的一些局面，而且已经有了局面似乎在表达大家不尽满意的时候，才能想表达自己的文化，显得有学问。那么它到底是地标？我的答案，是。赵云伟：我就顺着这个话题说，其实我非常赞成傅老师的观点，因为城市要发展，城市发展了，就不能一味地守住那些旧的东西。为什么这么说？我们也不用去批评这些城市的建设者或者是决策者，可以拿国外的例子看，我们都知道，像巴黎、伦敦，这些都是世界上最有名的，一提就是古色古香传统街道的地区。那么这些地区，近二三十年的地标又是什么呢？可能每个人说到这儿，心里就有答案了。卢浮宫的金字塔、伦敦眼都是在这些地区做了当代的建筑，不管你承认与否，它都是存在的。当时定义为了建筑千年盛典，这个伦敦眼建设完了以后，政府认为只要有两年的时间就把它拆掉了，批的就是临时建筑，短期内有用途，用完之后就要拆了。但是事实证明，这些年的游客都会去那里旅游，所以不得已他们把它作为一个永久性的地标。像伦敦这个具有独特传统的城市，在泰晤士旁边这么一个核心的位置，能放这么一个伦敦眼，我觉得足够能说明问题。至少目前我们的城市管理者、城市规划者、建筑学的学者，还在中国没有这么强烈的对比实践，我们不能说谈大道理，谈个别的实践就能说明问题。起码西方的管理者，他眼睛看的是未来，而不是自己手中的传统。梁井宇：我觉得刚才开的头都是建筑师开头，我也不例外，我觉得首先我们得肯定追求这个标志性建筑的合理性。为什么呢？我们建筑师从我们自己正中下怀的角度来说，也是很对的，我们肯定每一个建筑师都希望能够做一个有意思的建筑。而且有意思的建筑有一个借口，就是标志性是有意思的一种可能。我非常赞同两位的话题，这个问题不是问题，什么是问题呢？就是如何避免我们城市里面出现的那些粗制滥造的，貌似标志性的建筑，但是破坏了城市的那些东西。怎么尽量避免，同时创造一些大家真正喜爱的，能够定义这个城市、甚至定义一个时代的那些标志物？我觉得这个可能是一个真正去谈的问题。说到更具体的这个问题，我觉得我也再引出来几个问题。是什么原因导致了那么多粗制滥造的不好的建筑物的出现，特别是近期内的中国出现了这么多。第二个问题是，如果说我们还要和老的标志物和平相处的话，实际还是要谈到一个问题，什么样的标志物具备永久性的价值。刚才也举了伦敦眼，我可以再举一个例子，为什么埃菲尔铁塔，从它建设的时候，每一个标志物都存在一个曲折的历史，当时人们都不喜欢它，到最后接受了它。荷兰的历史学家提到一个说法，你别管这个东西长得好看不好看，样子是什么样子，只要把这个东西建起来了，有足够多的时间让人们去接受，最终这些标志物都会被人们喜爱。他当时举的例子指的由于埃菲尔铁塔，我们国家有没有这样的例子。如果没有，我们在座的也有策划、开发商、建筑师，怎么样才能够和我们那些没有的标志物、或者有的标志物，能够创造真正符合城市个性、符合时代要求的价值。韩玮烨：您刚才提的这个问题，让我们想起来我们的央视大厦，应该是我们现在中国城市地标，我觉得首先要区分大城市和二三线城市，大城市对城市地标的定义，和我们的中小城市对一个地标定义的选择应该是不一样的。北京这样一个有历史文化传统的城市，原来它的地标一定是雍和宫、或者颐和园、或者是天坛，现在会很疑惑，什么是北京的地标，用什么来区分？央视大厦应该是一个地标，那么这样一个怪物，它对北京这样一个形象，有什么样的一个作用呢？可能就是您刚才问题的一个句号，这个问题谁想接一下？刘松泉：很高兴来到这么一个漂亮的场所和大家一起交流，我觉得这个问题，也是开发商的一个困惑。因为城市作为一个项目，它实际上要和城市的景观，和它周边，它们要有一个关联性。目前，我觉得北京这个地方的一个情况，还是管理部门的管理水平，第二个也是开发商的欣赏水平。因为过去一段时间，作为中国来讲，房地产发展的水平，它是一个很短暂的时间。真正把房地产作为开发、作为一个产业，它是很短暂的。那么在这个过程当中，进入的门槛没有低，大家都可以进，有块地，找个人去弄再一组合，我就很快地推向市场。而国内又确实存在强烈的刚性需求，使得大家不需要再考虑那么细致了，就是一个产品，大家更强调产品本身它的一个独特性。但是，他没有想到它成为一个车时的景观。大家没有想到，所有的人，住它的人、不住它的人，都有一个欣赏的问题。但是谁是一个决定者？谁来去审批它呢？咱们现在的房地产，实际上是有管理的，包括我觉得在高度问题、外立面的问题，材料的选择问题，它都是一个影响城市景观的一个方面。至于室内的平面，没人管你。所以，很多人在这方面，因为他不成熟、他不专业，所以他会想着怎么样能够批下来，获得这样一个投入、产出，带来经济效益。所以，我觉得往往是从个体上考虑问题，管理者也是从个体的角度考虑问题，他不会去考虑周边的关系问题。实际上咱们现在看到北京的很多地方，对整个城市的文明，咱们就说幸福大街这块，本来是什么样的城市的建筑群，突然冒出很高的一个东西搁在那。但是我发现，如果跟上海比较起来的话，上海的整个城市建筑和它的风貌，给人一个城市新兴的这样一个国际化的都市的感觉不一样。因为前多少年我去上海，到松江去，松江的一个规划局长就是一个博士，而且是从国外回来的博士，所有的城市规划要进行整个一个国际化的招标，就是城市规划招标。然后任何一个单体要进行深化的时候，符合我这个规划的时候，还要进行再一轮的深化。所以，我觉得这叫经营城市，不是做一个单体，它是在城市这个整体上。当然刚才谈到老建筑、新建筑的一个地标性，我认为实际上作为一个城市，它应该有一个地标性，老建筑和新建筑同样都需要，因为这是城市赋予了它一个东西。但是，房地产的开发，实际上它是一个地域性的东西，所以，它的整个建筑的风格、它的整个区域的规划、项目的规划，应该有它的特点。当然你说陈希同时代的时候，强调一个什么帽子，它也是想等于是把传统的东西给机械地去做，实际上就造成了不伦不类。所以我想这个事我们先从城市规划的管理者的角度，怎么去反思这个问题，所有的问题都是从这里出来的。建筑是没有责任的，我要标新立异，我要展示我的整个文化，我要去得到发展商的认可，我要去挣这个钱，商业模式，它只是个演员，但是谁来批准它这个舞台，谁让它有许可的资格，这是关键的。我就先说这些，谢谢！韩玮烨：王宏新是不是可以代表一下政府的观点？你们一直是政策解析者。王宏新：各位好！实际上刚才还跟王丹在说，本来来参加思想沙龙，有的时候市场的力量在主宰着我们的思想，我们的思想在迎合着市场。所以很无奈，我就接着这个讲，陈总讲到的责任让我特别震撼。刚才给建筑师作出了一种解释，韩总让我为政府说两句，我说政府也没责任。因为什么？我们今天政府的决策体制，包括对这种地标的审批，都是一种集体决策，这个集体决策是害文化、最害思想的东西。我们知道任何一个有思想、有文化底蕴的一个建筑，或者一个产品、一个设计、一个理念，它往往归诸于集体、大众，或者叫公众参与，往往就把文化的东西、思想的东西给害了。但是，偏偏我们又是一种集体的决策，所以说这个集体决策又是谁来决定的呢？其实又是中国的老百姓决定了这种制度。这个里面，我们经常用体制和制度去解释它，其实这里面包含了中国几千年的文化。恰恰在这里面我觉得中国的建筑也好、房地产也好、土地也好，一方面在它的产品在走向市场。另一方面，它的文化，我一直感觉到我们还在走1919年没完成的问题，我们还在搞新文化。事实上这就又讲到新地标的新了，我这个名字里带个新，我特讨厌这个字。我本来出生的时候，我父亲给我取的是天上的星星，后来村里面的人特别有水平，就给我改成这个了，他总感觉到要比天上的星星要更专业化一点，最起码可以说重复一点。事实上我就在思考一个问题，因为今天但凡是看到新的建筑、新的地标，一定有西方文化的精髓、西方的理念，一定代表了建筑师从国外带回来的新的文化。我们这个集体决策里最重要的问题，就是忽视了一个点和一个面的关系，整体面上的不和谐，让这个点上的地标显得特别别扭。但是我觉得会在实点上解决问题。比如说中华世纪坛出来的时候，有很多不同的声音，鸟巢出来的时候，人们有不同的声音，但是奥运会一完大家就在接受这个东西。是不是等这个时期一过去，老百姓又慢慢能接受这个央视大楼呢。有时候我们经常批评，一看就是从国外引进来的建筑风格，可能这里面最重要的是就是民众里有一个宽容的心态，我觉得这也是好处。转了一圈，如果说责任的话，可能就要推到文化的责任，我不知道这个问题由谁来接了。刘 江：我也说两句，上午我们开了建委一个会，朝阳区建委让朝阳区开发商都说一说，政府能帮什么忙，开发商有什么困难、需求让大家讲讲。我当时主要讲了一点，就是把一些制造城市垃圾的开发商赶回国外，先考察考察这个开发商再引进。我说三个意思，第一个叫不要为做地标而做项目，因为项目本身是有生命力的。第二点，到底是地标重要，还是项目对这个地段的贡献重要。无论是低价、配套，对这个地段的贡献重要，还是它成为一个地标重要？我觉得这个答案是不言自明的。第三个意思，前几年我在上海待了三四年，我发现上海新房子跟老房子，大家真的是各有所爱，各有所需，顺其自然，上海有很多新房子、很多地标，没问题，我觉得都爆满，无论是租售都不错。但是同时发现了我们很多的活动都是在上海的老房子里做的，实上海很多的老房子，根本不低于东方明珠的地位。我看到有一个叫中华九千上市的时候，就是在孔祥熙的老房子里做的。包括一些奢侈品的发布会，我们看到不是在大的五星级的酒店里，而是在有历史沉淀的老房子里。跟上海人聊也是，上海人对老房子的心理价值，我不敢说大于世贸中心，但是起码是平等的。我觉得大家没必要讨论到底谁代表城市，但是在老百姓的心目中，大家可能是各有所需，有人就喜欢北京四合院，有人就喜欢住高楼大厦。王广善：非常容幸，能够和各位教授、专家和业内同行坐在这里搞沙龙，心情有点小激动。特别是第一次来到九朝会，欣赏和学习了我们传承和继承的一些文化性的东西。特别是看到剧场的时候，一楼有一个舞台、二楼有一个舞台，三楼怎么样、包厢怎么样，其实这里有很多传承和继承性的东西，把中国的戏剧和相关的文化，可能在这个地方有一个很好的体现，同时也有一个很好的创新。在这个过程中，又把现代地东西融入进去。我感觉这个九朝会还是有点味道，应该说以后还是要常来这样的好地方。今天这个话题是关注城市，因为咱们来自于清华大学的、还有北京大学的各位专家和教授，你们有很高的理解。像改革开放30年，我个人理解，今天大家走到一起来，不分高低，我又是无名小卒。要说这个城市地标的话，过去一般大城市可能有地标，像北京天安门，那就是非常明显的一个北京的地标。只要来到北京，不管你是国内的、还是国外的，一定要到天安门前照张相，说我去北京了。如果说没到天安门去照相，好象就没去一样，当然咱们的长城等等，更多的一些地标性的建筑，这个应该说是历史的沉淀。实际上还有一点，刚才大家也谈到了，就是北京的四合院，实际上它不起眼，但是它的地标性非常强，那就是北京的特点。到目前为止，虽然我们搞旧城改造，作为城市的主宰者，把它作为好东西，一定要把它保存下来，出台各种政策来保护它，实际上就是保护文化和历史。现在所谓一些新的标志性建筑，特别是搞奥运会，出现了一些新的建筑，当然这些建筑，需要历史的检验，也许过上三十年、五十年，说这东西不行，你必须要把它拆掉，这就可能没有它的历史价值，没有保留的价值，所以经过历史的检验，就必然要砍掉。如果说它很好，代表城市经济发展，这也挺好。比如上海的东方明珠，到黄埔江上一定要留影，实际上大家逐渐在接受这个塔的建筑，应该说中国地标性的建筑如雨后春笋般崛起。改革开放城市发展，小到县城、大到省地级市，只要是搞一个新城市的规划，就研究要弄一个什么样的广场，在广场上我得弄个什么样代表我这个城市形象的一个标志建筑物，是一个建筑物、还是艺术品。都在努力构思这个东西，所以占地有时不大很讲究，到后期政府出文件说不能随意乱建广场。当然他建的目的，还是想给这个城市搞一个地标性建筑。因为现在是全民参与，各级领导，只要是在那个地方当大官，咱们就得想办法做点事。所以，现在严格地讲，叫鱼龙混杂，有些可能是很好的东西，有些也想弄点事，花的钱不少，这个领导开这个会、那个会，说非常有价值，投巨资要办。一建下来三四年，换了领导，又说这个怎么看不像样，又成了城市的垃圾了。当然因为我是开发商，作为城市的建设者，可能我们没有更多的主宰权。如果站在城市发展的角度，可能说有一些话语权。假如说在发展的过程当中，有一些对城市可能的一些符号、一些概念，能够给政府提一些有效的建议，说我们搞这个建筑，有利于咱们城市形象的提升，有利于咱们地标性建筑的形成，这个我觉得是作为一个地产商来讲，还是责无旁贷的。首先，你要避开垃圾建筑，还没过五年了就让人看上去难受了，这就是一个失败的建筑，更谈不上为这个城市增光添彩了。所以，作为地产商，我觉得应该从城市发展的责任角度，更多地去思考问题，做出更多的努力。大家在座的各位都知道，我现在正在忙活开发格拉斯小镇，占地面积比较大，规模也比较大，两千多栋，现在才开发了一百多栋。有很多的朋友来看，有的是有钱人，有的也是属于跟我一样，可能是享受不起这个别墅的人。我说你们来看别墅，不要是考虑买还是不买，要带着一种享受的感觉，这是中国改革开放，咱们自己开发出来的别墅产品。在改革开放之前，咱们基本上很少见到别墅，有的话，也可能在偶尔出国，在出国能见到。经过改革开放这么多年下来以后，在咱们手下已经也建设出来非常高档次的一些别墅，有欧式的、地中海式的、也有中式的，各种形式的都在百家争鸣。住与不住是一个方面，但是大家都在享受进步，享受我们自己共同建设起来的别墅，我想这样的心态一摆正，就没有问题了。我作为一个开发者、建设者，我都住不上，但我心里很高兴，为什么？我能给富人建别墅，让他们享受咱们中国改革开放的自己的成果，我作为一个建设者、一个开发者，我感到无比地荣耀。所以说，住与不住那是另一回事，如果说将来咱们三千多亩地的别墅群体，通过咱们这个团队的努力把它建起来了，我想也就是真正在咱们中央别墅区，代表着一定地标性的建筑诞生出来了，这可能也就是对于一座城市的一个贡献。韩玮烨：谢谢王总！听您的介绍，格拉斯小镇是中国建国六十周年是非常具有中国特色的人居性建筑。为什么起格拉斯这个名字？而不起九朝会这个名字？王广善：建别墅咱们采用了很多欧式、美式的，实际上他更多的是借鉴了这么多年在别墅开发商的理念。咱们在很多别墅上都叫了一些洋名字，实际上叫格拉斯小镇，也是从营销的角度，以及西方在这方面文化的积淀而起了这个名。更多的是想让大家知道，我们引用了法国一个具有悠久历史的格拉斯小镇的传统，来达到宣传咱们北京格拉斯小镇的目的。当然，更多的还是一些建筑元素还是从那边学来的，还是从营销的角度。比如说我叫王广善，比如说我们酒店，很多人起外国名字，姓都换了，都不叫这个名字了，那也是工作的需要。王 丹：今天特别感谢九朝会以及中房报给我这么一个机会。我坐在了一个“广角”的位置，面前的这扇窗使我联想到电影院的屏幕，有人说：电影是黑暗的梦想，坐在这里和大家谈城市和建筑，我感觉到了一种“光明的梦想”，由此我很开心。另外，刚才参观了九朝会，感受了一下从魏晋南北一直到红楼情结的中国历史元素洗礼，就像进入了一个时空穿梭机的旅程中，由此也特别开心。因为今天是沙龙，我想咱们可以选各种模式来表述自己的观点，因此我先给大家念一段简单的文字，之后再告诉大家我的观点。我简单念一下，这段文字来自去年林洁林总应邀写的一篇文章，叫《地产服务15年》。“有一次在京城俱乐部开公司董事会，房间里装帧的几幅老北京照片深深吸引了我，虽然是黑白的，但生动极了。看着照片，你能够想象到二三十年代北京的情景：那应该是德胜门的城楼，边上的护城河汇集成一个不小的池塘，水面上有三五人乘舟钓鱼，头顶上蓝天白云，岸上绿树成荫，一派非常宁静的夏日景象。虽然城墙上斑驳着岁月的痕迹，但古都的那种特有气质，能够透过时空直接打动你的心。我就简单念这么一段，当然在文章后林总也有很多关于我们地产服务对于城市塑造的反思，认为我们做了15年的地产，包括1997年掀起了欧陆风，包括小户型等一些过渡型产品的此起彼伏，客观而言，其实对城市的贡献是存在一些谬误的。刚才各位专家也讲到了，说城市标志性建筑，其实我觉得这个标志性建筑，和标识性建筑可能是两个概念。因为我觉得标识它可能指的是一个点，标志性其实是一个综合性的概念。比如当我们聊起城市，就会使我想到一个短片，那个短片的名字叫“城市的远见”，我觉得可能很多专家都看过。当时讲到的一个案例是德国的鲁尔工业区是怎么样变废为宝的，把这么一个区域建成一个孩子们可以在里面游乐、融影视基地、研发中心、攀援者的乐园等一体的，那么难道它不是一个城市的标志吗？回过头来看北京，为什么我念这段文字？因为我从小就有院落的情结，家住金融街边上一个由7、8个院落组成的小组团里，因此从小就感受着舒缓的生活方式，因此当大家问到城市这个问题的时候，我觉得如果它是个带有哲学意味的问题，那么一句话：城市是属于生活的！无论你建一个高楼大厦还是一个低密度产品，你一定是需要人的体验和考证的，需要给人们一种生活感的氛围，我觉得这是城市，而且也是在我们记忆中的北京。由此我说一下我的观点，两句话，一、从经营城市的角度去做建筑，无论你是开发商，无论你是政府工程，在规划的时候，都以经营城市的角度出发，经营城市并不是很功利的，或者是以经济追求为唯一导向的。实际上经营城市这个理念于中国已有很不错的例子，我记得大连的薄熙来说，“经营一个城市，是把它作为国有资产管理来运行的过程。”这个思路非常好，并且对于大连是卓有成效的。这些年我们接触到很多项目，现在项目区块越来越大，其中不乏很多未开垦的处女地，那么如何把它变成新时代的、或者区域层面的标志是我们该考虑的，而不是简单的做一个以自有想法为主导的标识，我觉得该打造的是一种情境交融。因此做建筑商也好、策划者、营销者、还有投资商，大家对建筑要有一种整体的全方位的感触，应该是共同在其定量的基础上去找变量，从一个全面烘托可经营城市的角度去做好的建筑。第二个观点，是结合民意的默契造城市。我们在日常的营销过程中，或者说在产品定位的过程中，于20、30年的房地产运作中，经常遇到的是本位的认为由于我喜欢、由于流行、由于我自己感觉这样的产品是好的产品，它的理念非常得独特、非常有感觉，它一定能卖出去。但时至今日，大家遇到了来自于市场的反馈，答案是“不科学的，没有与需求对等的产品不一定能卖出去”。如果你产品的定位、你的性价比不够好，你的东西细节不够精准、不够细致，你前期所做的对这个项目的分析、研究不足，比如说消费者，你没有跟他对接，你完全想的就是我建了这个东西，你一定要接受，是非常不理性的。因此我认为作为一个要销售的项目，需要进行市场达成的项目，就一定需要进行消费者调查，要了解购买者的需求、喜恶，任何一种购买和消费都不是强加的。同时，如果政府改造一个区域、做一个市民广场，做一个公建，是不是也希望大家能够接受它而不是拒绝它，而不是保留距离呢？我觉得一定是需要有一种拉动和亲和作用的，要让民众意向与你所做的建设融合在一起。因此无论做商品建筑抑或是公建，都需要考虑消费者和民意的结合，明了真正的需求。当今的发展时期，无论建筑塑造、城市塑造， 评判你的总会是作为消费者、体验者和传播者的民众。其传播直接影响到你的品牌、收益以及你的有序发展和持续发展，“得民意者得天下”。所以我的观点是两个，一个是“经营城市的角度做建筑”，二是“结合民意的默契造城市”。韩玮烨：我们还得回到我们的话题，实际上大家聊了一圈，我觉得话题集中是两个点。一个是老建筑和新建筑在我们这个城市里如何和谐共处。因为老建筑是大家的心灵家园，新建筑是咱们每年盯着GDP往前跑，我觉得这就是目前我们大城市里存在的老建筑、新建筑，哪个是城市名片的问题。对于新建城市来讲，是在一个接近白纸，这是中国近几年城市化发展过程里，中国的城市才刚刚开始涉及到这些东西。近20年来，施政者，或者政策参与者怎么样来理性地确定这个地标，我觉得今天话题可以拆分成两个小的话题。第一个话题，和谐共处的问题，刚才大家聊了很多，有聊责任，谁把北京给搞乱了。我觉得还是要想一下建设性的意见，就是说在搞乱的基础上，我们各个参与者，怎么样去修复的问题。我还是想听一下建筑师们和规划口的这些专家的想法，赵老师是做城市规划的，傅老师和梁老师是偏建筑的。是不是能再给我们一些好的想法。赵云伟：转了一圈，我觉得大家可能确实是站的角度不一样，每个人都有关注点，我记了很多的关键词，有的讲的是传承传播、有的讲的是文化、有的讲的是舶来，站的角度都不一样。其实新老建筑、新老文化之间，必然面临一个问题，就是一个传承。你如果看这个东西，它自己的审美、它自己的底蕴，其实是最重要的。它怎么认为它是不是中国的、或者不是中国的，我觉得这个问题真的要上升到哲学的过程，要不然没有办法去谈的。很多事我们可能有既有的思维，我有两个个人对于中国传统文化的心得，第一个就是关于包公，我们学了很多年的历史，都觉得包公是包青天。我遇到很多的老师，跟他们讲包公的故事，他们说难道你们中国只有一个包公吗？中国老百姓是这样一个心理，他希望自己作主，所以影响到文化上的差异非常大。美国的好莱坞电影都是个人英雄主义，咱们的电影最后肯定是一个部队来救你。另外一个就是岳飞，我从小都喜欢听他的故事，之后我才知道，岳飞宋朝人，我是金朝人，我是游牧民族的后代，不是大宋朝的后代，这就是很重要的一个传承问题，你的关注点或者你的角度站在哪个地方。我刚才表述的观点，为什么说我支持现代的地标呢？刚才谁提到一个词，生活。当代生活在一个世界里，反过来看，罗马不是一天建成的，是几千年建成的，其实在罗马找不到几栋楼是留下来的，大部分的建筑一次次被推平、重建，留下来的都是幸运的。但是每一个时代，它应该都有自己代表时代的地标性的东西。这个东西也许在经济上浪费了，也许是卖不出去的，但是一定是迎合了当时这些主流的文化。目前我们这个时代的文化，其实大家都很清楚，就是消费文化，刚才王总讲的格拉斯小镇的例子，非常清楚的名字，为什么起这个名字，因为老百姓喜欢，我好买房。这就是文化的传承，我们再往上追，一直到麦当劳、肯德基。所以你单独拿中国的古典文化跟它抗衡，不太可能。我又想到一个例子，讲到李大钊传播国外的新马克思主义文化，他要首先给能听得懂的人们讲，他会跟乡绅们讲，那时候他穿着长袍，下面的人穿着西服、皮鞋。他问大家你们是否觉得我土、你们洋，你们已经吸收了西方的消费文化，我吸收的是西方文化的精髓。这个是一个很大的本质，就是说这是两条线，一条线，通过教育、通过正常的媒体渠道影响到文化。另外一条渠道就是消费，不管是购物、买房、旅游等等，一个是消费、一个是正常的文化传统。交到最后发现一个道理，这个道理就是，如果说这个人很有文化，是个博士也好，或者是留学的，出国读过书的，有学问的。其实他代表了他在国外学了很多的技术和文化，还有一条线是我们国内的这些所谓的被销售的对象，我们被动地接受了西方的电影、媒体等等。所以，两方面加起来之后，你会发现只要你是消费的东西，挖掘到根上，大部分还是西方的底蕴。包括其实我们这个九朝会，从外面看看不出来，这个地方大家认同这是望京的一个地标，可是望京在北京市就没有传统，无非是借了一个东西，还是为了消费，基于大家能够有一种怀旧的心理上的东西。如果新老对比的话，老的保留的一定不是心里的东西，而是壳。我做过西藏的昌珠镇，是中国第一个批准的，没有超过20年的房子的一个镇，批了历史文化保护名镇。这个地方几千年一直保留着传统的生活方式，它的生活方式的第一条就是我有钱我就盖房子。包括昌珠寺，中国1956年第一批历史文化保护单位，但是它跟原来完全不一样，所以说藏族的传统文化，传统生活建筑方式是保留的。包括我们的什刹海，大家觉得很好，但是都是酒吧、餐馆，已经不是以前的什刹海了。我们改造四合院，将来也是要给一些明星这种人去住。我们剩的建筑、剩的街区，是更多地保留它让大家记住它。一个城市它的进步，是一点一点地蜕变的。假如说我们再过一千年看，我相信北京没有四合院了，而且中央电视台也没了，你就不知道是什么样子了，因为那是一个进步，你只能看到当代一个时代。比如说老外到中国来，现在是连续三年老外到中国来，第一目的地是上海，不是北京。第二就是人数，我们想到来旅游的人，肯定是北京超过上海，错了，今年连续三年来上海超过北京。为什么？因为上海更接近他们生活的方式。他更多地对你城市的认同，是你内在的生活方式是不是认同。咱们再往前发展来说，我不是北京人，刚才这个王总是北京人，我就问到底多少北京人生活在北京的。伦敦、巴黎、纽约一半以上外地人在那里工作。所以这是一个趋势，这个趋势是不断地通过消费，让你慢慢地抹煞逆城市的个性，变成大一统的城市，这是没有办法去抗衡的。这是我的观点。,3,4,0.9981181621551514
再传合肥好美家停业 建材超市洗牌加剧2009年11月15日，合肥市好美家建材超市突然宣告停止营业。继7月6日好美家南方店停业，10月30日好美家南京店宣布关停，时至今日好美家合肥店再度宣告停业，建材超市“噩耗”连续不断，而如此集中关店的“手笔”也实属罕见。早在两三年前，好美家就开始放慢了拓展全国市场的速度，收缩战线。两三年来先后关闭了成都、深圳门店，对青岛门店实施转型。从去年开始，由于全球性金融危机的影响，房地产市场出现低迷状态，抑制了房地产下游建材零售行业的发展，于是好美家又果断关闭了北京两家门店，主动放弃了无锡第二家门店、宁波第三家门店的开店计划。此前，百安居也调整多家店面，4月初合肥百安居瑶海店宣布正式撤出合肥市场。建材超市的发展似乎遇到瓶颈，大型建材连锁超市在国内短短几年时间内，由盛转“平”没入“拐点”怪圈，原因是什么？平价不平销售模式走入误区分析一下目前建材超市的现状与定位，不难发现超市模式都走入了误区，建材超市所提倡的“平价”卖点在国内似乎行不通。论品种，建材超市远不及营业面积动辄数十万平方米、家居品牌近千个的红星美凯龙、居然之家等传统卖场里的品种多；论价格，建材超市因为做不到批量采购，无法控制成本，其产品价格只能遵循供货商的意见，与传统建材市场相差不多。以合肥好美家建材超市为例，超市本身似乎并不具备物流运作或货源储备能力，他们不得不依托当地的供应商配送。而国内的建材产品大多都采用区域分隔代理制，合肥这个二线城市的供应商亦是以区域代理为主。这就使得好美家超市不仅缺乏“全球供货”的基础，还要付出额外服务成本和部份利益，产品的供应价格自然就不存在竞争力，与平价定位不吻合。这一现象也是全国性的，它从很大程度上影响了建材连锁超市的供应链建设，使建材超市在今年的发展中步履沉重，不得不采取收缩全国战线的方式以解燃眉之急。一站式购齐一厢情愿的美梦一站式购齐本是超市最大的优势，但目前迅速发展的传统建材市场同样可以实现一站式购物，可选择的商品更丰富，购物环境也愈来愈优越，而各家营销手法多样富有创意，不似超市促销般单一，反而对消费者更具吸引力。从营销方式来看，大多超市弥补缺陷的手法过于简单，没有从营销创新上下功夫，当所谓的打折促销影响到传统销售渠道时，供应商平衡利益关系后唯一能做的就是消极对待或实行供货区别，要么选择退场，要么就把一些低档次产品或淘汰品放在超市。如此一来超市的销量大受影响，必然会回头向供应商索取更多的抽点或毛利润，供应商自然无法满足超市的利润期望值，两者之间便形成不可调和的矛盾，一站式购齐便成了建材超市一厢情愿的美梦。,3,4,0.3205418884754181
冠珠09全国终端店长培训于佛山鸣锣开场8月23日，以“跨越自我，辉煌09”为主题的冠珠09全国终端店长培训首站在佛山隆重召开。来自广东、广西、海南、湖北、湖南五个地区近300名的经销商与店长参加此次培训会议。同时全国终端优秀店长选拔赛也同步展开，集团公司第一营销中心总经理黎汝让，冠珠品牌总经理邓勇，冠珠品牌副总孔智勇、冠珠卫浴总经理钟环等领导出席了本次店长培训会。 为了让学员们更加清晰地了解集团公司下半年的推广思路以及本次店长培训的目的与意义，黎总在致辞中着重强调：此次培训是冠珠陶瓷在加强全国整体宣传(新浪网站、央视广告)与终端区域宣传(户外大型立柱)的基础上同步开展的一次提升终端软竞争力的战略性活动，目的在于通过基础知识与实际的销售技能引导，全面拓宽终端店长的知识面，提升他们的专业技能，将店长培养成为不仅是销售高手，更是管理与市场经营高手。而本次培训在活动环节设计上也是紧扣主题，在集中参观集团公司2500亩三水大型建陶瓷工业园后，随即展开陶瓷基础知识培训，如生产工艺与瓷砖生产技术的培训，冠珠企业知识，新产品知识培训，使学员们从宏观到微观全面了解建陶知识，了解冠珠企业与新产品情况。23号的终端销售技能培训则从理论到实践地给学员们建立终端销售体系概念的同时，站在观摩的角度以一个大型活动实例为案例进行系统剖析，通过现场的讲解进一步强化店长们对终端销售技能运作的认知与理解。为了鼓励优秀团队与优秀人员，培训过程中还同步开展了终端优秀店长选拔赛，尽管店长们相互之间都不熟悉，但很多学员却表现出了极强的沟通能力，很多学员一开始就与身边的朋友一一握手道好，有的店长甚至自告奋勇的担任组长，带领全组成员在竞赛环节中争题夺分，抢夺优秀小组与优秀店长的荣誉。培训结束后，许多参与培训的学员包括店长与经销商都向培训老师购买了终端营销书籍与光碟，以便回去后可以持续的学习专业知识。“以学促进，突破自我，打造强势终端的同时实现09年终端综合竞争力的再次提升。”当新浪网记者采访冠珠品牌总经理邓勇时，邓总如是说。“佛山站只是我们的第一站，在接下来的一两个月内，我们更要在全国范围内连续开展几场这样的活动。我们最终目的在于通过专业的培训，提升店长专业技能的同时以店长为核心以点到面地带动整个终端专业销售技能的提升。”的确，在整个建陶行业竞争白炽化的今天，在把握终端就等于把握主动权的今天，只有全面提升终端的综合竞争力，才能激流勇进，跨越自我，辉煌09，才能立于不败之地。(章金),3,4,0.3998945951461792
出口退税调整有限 专家称保出口不如保企业面对即将再次调整的出口退税，围绕这一政策的适应性和操作空间，以及背后体现的国家针对外贸脱困所能做出的政策选择，有关专家认为保出口不如保企业。 3月26日，在北京举办的“如何帮助中国外贸走出下滑困境”论坛上，国务院发展中心对外经济研究部副部长隆国强表示，我国出口退税在经历了连续多次上调以后，该政策的调整空间已经不大，且相对于在保持国际贸易市场份额的近期目标而言，解决事关外贸企业发展甚至是生存的融资问题，亦是保证我国外贸最终走出困境的更为迫切的问题，“这是保未来”。 此前的国务院常务会议决定，从4月1日起，提高部分纺织服装、轻工、钢铁、有色金属、石化和电子信息产品的出口退税率。 在当日论坛上，对外经贸大学教授、中国WTO研究中心副院长桑百川提出，出口退税政策在理论上应该是中性的政策，而我国却作为调整进出口规模的一个政策杠杆使用。 商务部研究院研究员梅新育强调，国家的调控政策，不能以“保增长”为借口而牺牲“调结构，不应该指望它成为维持我们以前落后模式的救生圈”。 对此，隆国强认为，我国出口退税在经历了连续上调以后，进一步通过出口退税使外贸脱困的政策空间已经不大。 从去年年初到今年2月，国家已经5次调高出口退税率，涉及近4000种产品。 而且，提高出口退税对于帮助外贸企业走出困境的效果来讲，并不是理想的途径。 “对退税来说提高2个百分点，就意味着企业获得了2个点的降价空间，那我们竞争对手可以选择更多，这个可以增加你的竞争力吗？”隆国强称。 隆提出，在目前的情况下，中国不应该单把注意力放在保出口上，因为出口额的增加并不意味着出口企业的生存良好。 “目前我国外贸要走出困境，必须在认清形势的基础上确定合理的远近目标。其中，眼前要做的就是确保我国的出口速度不低于全球速度，以保证在全球的出口市场份额中不减少。”隆国强说。 据估算，一些劳动密集型的传统的制造业产品，中国的产能、产量和出口量占世界市场80%甚至90%，而在国际金融危机的影响下，世界市场容量萎缩到了原来70%甚至50%。而比保眼前的市场份额更重要的是要保出口企业。“这是在保未来”，隆国强说，目前发生的全球性金融危机其实是个大浪淘沙的过程，在这个时候可以让出口企业瘦下来，但不能让企业死掉，随着市场的复苏，如果企业还在，就可以重新扩大规模，组织生产来抢占国际市场的份额。 “我国外贸形势出现恶化已经持续了很长一段时间，之前已经死掉不少企业，能够坚持下来的，应该说都是有一定基础的。我们要保证好的企业不被金融海啸淹死。”隆国强对记者说。 这个时候，对于外贸企业来讲，获得融资可能是最迫切的。 据世界银行的一个评估报告显示，今年3月份全球贸易融资的缺口已经扩大到1000亿美元，比4个月前扩大了3倍。 对于解决外贸企业的融资问题，隆国强提出，政府可以发挥的作用就是拿出一部分钱来做融资担保，这对困境中的企业来讲，可能比提高退税率更加有作用，“公共政策要考虑成本和收益，总的财政资源是有约束的，应该考虑怎么能够少花钱多解决问题，而且要解决最迫切的问题”。 工信部部长李毅中在今年两会期间曾表示，中央财政新增10个亿用于中小企业的担保，希望能够解决4万户中小企业2500亿的贷款。 不过，中国社科院世界经济与政治研究所副所长李向阳对大规模的出口信贷投放可能带来的远期问题表示了担忧。 在其看来，应该考虑的一个问题是，随着金融危机的发生，发达国家的消费模式将可能发生改变，这就可能对中国以及整个新兴市场的中长期出口带来影响。 “如果这样的判断成立，如今大规模向这些外贸企业放贷，将面临战略风险，”李向阳表示，“我们一方面要通过促进出口信贷来促进我们的出口，另一方面还得高度关注债务违约发生的可能性”。,3,7,0.7742644548416138
刘刚：消费者买太阳能产品是满足自己的舒适需求海尔家电太阳能公司代表 刘刚：尊敬行业领导、各位同人大家下午好，非常高兴、非常荣幸受罗主任的一代请托，希望把海尔优秀做法跟大家进行分享，海尔现在稳居第一……我们在阜阳、安徽、陕西已经实现第一台的销售，对我们来讲是一个非常好的机会，因为先前渠道工作、系统方面工作已经做到位，但是这里面有很多东西，借次机会做的优秀做法和各位分享，希望通过的我们做法能够让各位同人有一些启发和借鉴，希望太阳能行业、太阳能产品能够超过我们家电产业，因为太阳能产品市场增幅是非常快的，市场增幅来自于市场需求，来自于消费者需求，太阳能产品招标价位是所有产品价位当中是最高的，消费者对太阳能需求达到这个层次，买太阳能产品是满足自己生活舒适方面需求，觉得太阳能产品在农村市场必定有一个非常大的空间。第一是研发；第二销售网络系统；第三售后方面；第四，海尔配套物流；第五，家电下乡工作。在研发方面，从海尔集团从满足客户需求出发，有几个比较典型例子，海尔冰箱做终端发球这样一个需求，农村老鼠比较多，后来经过市场需求，对后面背板做的改造，不仅防止老鼠…，农村环境非常恶劣很多消费者拿洗衣机放到户外进行使用，这个使用现象专门开发一种材料。太阳能产品是系统化的产品，不仅仅是一个主机，我们对自己的定位是热水系统化专家，在太阳能方面针对农村市场涉及六大系统热水解决方案：针对农村没有自来水的解决方案、有自来水定时进行供水解决方案，有自来水定时供水压力不足的解决方案等等。从水泵源头方面、系统化工程方面，不仅仅提供单机，这个工作在进行当中。另外针对工程和农业需求量比较大，奶农用的，当时温总理08年元旦对我们公司进行视察，对我们提出表扬，解决温度需求不同的问题，大奶牛是40摄氏度，小牛需要用的温度大概是30度左右，哺乳期的35到38度之间，如果温度控制好，对整个牛的产奶量有非常好的帮助，这些工程在天津、河北、山东局部地区开始推广使用(产品方面)；第二，从销售网络方面，海尔集团从96年开始开发农村市场，经过十多年的开发，目前在全国县级市场建立6千多家海尔专卖店，县级覆盖率90%以上，乡镇覆盖率达60%，有20万个村级的，村民足不出户就可以购买海尔产品，县城网络对太阳能来讲是一个难题，我们现在提出来第三条路开拓太阳能产品，不走传统家电企业的路，太阳能企业和家电企业相互结合的路。很多行业朋友，觉得海尔优势太大了，这么大专卖店利用起来非常大，现在把海尔专卖店定义成海尔太阳能的性形象展示中心，没有指望海尔专卖店对整个太阳能家电下乡过程当中成为主要核心销售对象，这是我们战略方向一个转型，通过这个转型各方面都受惠。另外，目前真正海尔太阳能的村级加油站1500家，建设速度比较满，我们自己要建立自己渠道，双轨并行，建立的时候解决几个问题，不仅仅是一个形象展示窗口，要成为一个服务窗口，要成为一个销售中心，必须要愿意去做这个事情，必须搭建这样的机制，必须提供相应资源，必须有相应考核，是乡镇级的老板进行直接管理，因为业务人员是有限的，所以归根到底是要镇级管理乡镇，乡镇做的时候必须提供资源，必须有相关考核方案支持，乡镇规县级分销商管理，分销商搭建平台让它们做这样的工作。通过系统化的工程运作，形成了64套机制和操作办法，是非常完善的，这个离具体要求目标非常远。第三物流方面的具体工作，海尔在全国设42个物流一级配套中心，两千多个县专卖店20多个县，24小时送到县级，36个小时配送到镇，全是免费的。综合性五个呼叫中心，服务热线保障24小时畅通，所有用户信息可以拨打服务热线，两千个配件库……，在客户服务中心，电话中心有1500人左右，忙的时候系统会自动安排为客户服务，所有用户信息会自动存在海尔系统当中，便于跟踪，设有专业人员跟踪，及时反馈给消费者。通过家电下乡试点工作，我们做了一下总结：在四川，我们与商务部推行万村千乡…，山东与政府部门配合，现场办公、审核，加快补贴速度，三个试点省份，当时一共实现销售126万台，金额20亿元，我们积极配合政府共同宣传家电下乡惠民政策，从整个海尔取得市场份额，洗衣机是49%，手机产品市场份额高达50%，冰箱份额高达54%，尤其是海尔电热水器，从3月5号开标至今达到95%，很多国家领导对我们家电下乡给予很多评价，温家宝总理参观了我们家电下乡的中心，海尔专卖店国务院副总理王岐山亲自看我们家电下乡销售情况，也有很多第一台的案例。第五，家电下乡方面的宣传。这一点我觉得是各个企业老板需要整合的，在西安，我们曾经在28个地市在第一时间举行家电下乡仪式，很多媒体记者也闻风而动，为我们企业做了很大宣传。启动仪式有很多具体细节，是一个非常好的会议模式、也是一个非常好的契机，能把握好这个模式和契机，对当地产生非常好的影响。通过启动仪式招商地区达到60%。这个工作需要整合资源，一个企业是做不来的，需要企业和经销商和当地政府资源进行推进这个事情，我相信政府是非常关心的，太阳能产品很多政府没有关注，这需要我们企业到当地做一些工作，帮助经销商一起开发这个市场。有预案、有目标、有执行。另外，家电下乡补贴，补贴非常麻烦，农民文化水平不高，手续非常复杂，非常不方便，我们做了一个创新性的模式，传统模式是家电下乡卖产产品以后录入信息，到财务所进行审批，最后打到农民账户上，现在我们要求经销商，买完之后，把补贴款农村信用社设置一个帐户，可以直接把钱打到消费者一卡通上，最终审核，资料兑现转到经销商账户上，这种做法在烟台地区已经推广，时间非常快，两到五天就可以完成。给各位老板、各位同人朋友一点启发，只要我们太阳能真正切合实际把自己基础工作做好，把产品质量做或，把网络抓实，相信太阳能产品业绩肯定超过传统家电产品。霍志臣：谢谢。欢迎皇明太阳能公司代表发言。,3,4,0.7470820546150208
刘晨：企业通过网络彰显品牌刘晨：最后在这里感谢新浪乐居举办这次论坛，使我们在这次论坛上学到了很多的东西，而且有很多新的观点的碰撞，新的理念、创新和大家交流。另外，网络发展很快，因为有媒体问我，我们传统的两个渠道会不会发生干涉，我认为完全不同，传统的流通渠道和网络渠道，在家居行业里面不可能存在干涉，因为我们家居行业和卖小商品的有本质的不同，我们的种类比较多，个性化产品比较强，产品的款式、花色都比较多，这么贵，这么丰富的东西，仅凭网络销售很难实现，必须要到卖场实地的感受、触摸在可以下单。 我经常说，传统的卖场有一些消费者出了问题，找经销商解决不了，或者他们临时走了，庙堂还在，这个服务的意识已经形成了，必须要形成保障消费，有问题得不到保障，得不到轻易的下单，希望网络和传统的渠道有机的结合起来，传统的渠道做这个展示功能，通过网络彰显我们品牌的同时进行产品的示范引导，让消费者按图所计，提高消费者交易的效率，节省他们宝贵的交易的时间，只有这样我们的行业相得益彰，相互协作才可以做大做强，才可以达到我们国家倡导的和谐。本次论坛到此结束，谢谢大家！,3,4,0.816678524017334
刘晨：吴厚斌出诗要保质保量刘晨：各位来宾大家下午好，今天非常高兴参加吴厚斌的新书发布仪式。吴厚斌原来是一个记者，为我们行业做出了很多贡献。刚才他说一句话我觉得特别对，潦倒的生活他被生活所迫，吴厚斌既有物质又有精神，他又有感性的一面，他走到今天我觉得是必然。第二我们确实感谢吴厚斌，他有一种传统文化的回归，通过现代的方式，以诗为载体，源于生活、高于生活，源于行业、高于行业。希望吴厚斌继续出诗，但是提一个小小的建议，我认为你的产量太大，希望你处理好质和量的关系。保质保量。,3,4,0.6898764371871948
刘达飞：人无论走到哪里 都不会忘记自己的根段妍玲：我们有请下一位刘先生。刘达飞：非常感谢主持人。话题接到的比较晚，在路上看了一下关于回潮这一块。因为我本身理工科出身，对文化谈的可能不深入，但是非常感谢宫总，还有王总给我一个话题的切入点。刚才宫总提到了学校生活，王总也提到了清华，咱们就从清华开始谈起。从清华毕业很长时间了，但是到现在为止不管参加各种各样的认证考试或者其他的一些学习的机会，都愿意回到图书馆去学习，当然咱们不谈清华东门，清华科技园搞砸的那一片，咱们就说清华的图书馆，从这儿谈起来。我不知道这种感觉或者这个思想，或者这种感触是叫回潮才对，还是叫刚才是许总提到的怀旧，谈谈这个吧。人总是要从一个地方走到另一个地方的，但是他永远不会忘记自己的根，更愿意回到自己原来居住或者生活的环境来，这是我对回潮的理解。刚才有几位嘉宾谈到回潮谈的比较深入，给我非常大的启发。像刚才宫总讲了很多，但是给我印象最深刻的是宫总好像非常不愿意，房地产这个楼市的房价的回潮，就是宫总给我的感觉。还有RCS中国的孙总谈到思想层面的回潮，使我下面这个话题我不知道从何谈起了，因为我不知道谈思想上的还是谈物质上的，因为我也是做房地产开发的，虽然口碑不好。我们就谈一下，从我们公司谈起，因为我们在做产品，从产品设计或者开发建设或者采购环节，就像和陈总一些合作上关于回潮的话题。在做建筑的时候，我们认为建筑的本原是人，从原来追求的奢华或者是外立面的效果转变为以人为本的思路，也不太清楚这个是不是叫回潮。因为中国人的习惯喜欢出门见到题，出门踏到地，所以我们公司也在做别墅，能够满足刚才许总讲小众精英特殊需求，在京郊有一些项目。另外关于小区里的塔楼逐渐被摒弃掉，另外还有一些，比如说为了满足中国人惯有的买房置地的习惯，廉租房也出来了，让大家租房子还是不愿意的。就谈这几点，可能更深层次的问题还没理解到。非常感谢。,3,4,0.5249950289726257
刘达飞：回潮越来越秉承以人为本思路段妍玲：我们有请下一位刘先生。刘达飞：非常感谢主持人。话题接到的比较晚，在路上看了一下关于回潮这一块。因为我本身理工科出身，对文化谈的可能不深入，但是非常感谢宫总，还有王总给我一个话题的切入点。刚才宫总提到了学校生活，王总也提到了清华，咱们就从清华开始谈起。从清华毕业很长时间了，但是到现在为止不管参加各种各样的认证考试或者其他的一些学习的机会，都愿意回到图书馆去学习，当然咱们不谈清华东门，清华科技园搞砸的那一片，咱们就说清华的图书馆，从这儿谈起来。我不知道这种感觉或者这个思想，或者这种感触是叫回潮才对，还是叫刚才是许总提到的怀旧，谈谈这个吧。人总是要从一个地方走到另一个地方的，但是他永远不会忘记自己的根，更愿意回到自己原来居住或者生活的环境来，这是我对回潮的理解。刚才有几位嘉宾谈到回潮谈的比较深入，给我非常大的启发。像刚才宫总讲了很多，但是给我印象最深刻的是宫总好像非常不愿意，房地产这个楼市的 房价的回潮，就是宫总给我的感觉。还有RCS中国的孙总谈到思想层面的回潮，使我下面这个话题我不知道从何谈起了，因为我不知道谈思想上的还是谈物质上的，因为我也是做房地产开发的，虽然口碑不好。我们就谈一下，从我们公司谈起，因为我们在做产品，从产品设计或者开发建设或者采购环节，就像和陈总一些合作上关于回潮的话题。在做建筑的时候，我们认为建筑的本原是人，从原来追求的奢华或者是外立面的效果转变为以人为本的思路，也不太清楚这个是不是叫回潮。我们公司也在做别墅，能够满足刚才许总讲小众精英特殊需求，在京郊有一些项目。另外关于小区里的塔楼逐渐被摒弃掉，另外还有一些，比如说为了满足中国人惯有的买房置地的习惯，廉租房也出来了，让大家租房子还是不愿意的。就谈这几点，可能更深层次的问题还没理解到。非常感谢。,3,4,0.6352466940879822
别墅装修竟遭八次打砸记者刘蔚丹 实习生黄康报道：“自己买的房子要装修，却接连遭遇打砸。”昨日，青菱乡青青花园小区的两名业主，不堪其扰到处求助。记者赶到现场时，当事人黄先生仍心有余悸。黄先生说，就在早上他的房屋还被十几人围着，从装修到现在的短短两个多月时间里已经八次了。黄先生的邻居欧阳也正遭遇着同样的情况。黄先生介绍，他于2004年8月6日与武汉市洪山区青菱建筑公司订立《商品房买卖合同》，购买该公司开发建设位于洪山区青菱乡张家湾青青花园B型二栋1号房东面住宅一套，面积289.11平方米，价格为48.8万余元。合同约定前期已付34万元，余款办齐两证后支付。为了装修房屋。今年3月27日，黄、欧两人与该公司签订进场装修《补充协议书》，并分别向该公司支付50000元房款和10187元房屋配套费、物业管理费及装修费。可令他们不解的是，进房装修后，就不断有人来找麻烦，称房屋已被他们购买，并强换门锁，恐吓威胁装修工人，不准装修。黄先生告诉记者，他听说青青花园某些房屋存在一房两卖问题，也因此向该公司雷姓负责人提出疑问，对方表示黄先生装修的房屋无任何争议。小区物业的管(音)姓负责人告诉记者，由于两名房主买房后长期未装修，也曾流露过想退房让其代卖的意图，才出现这种情况。据了解，青菱警方已介入调查。,3,4,0.9041992425918579
别墅邻近停尸房业主退房讨装修费本报讯(通讯员刘洋)高档别墅毗邻停尸房，开发商同意业主李女士退房，但拒绝赔偿装修费。为此，李女士把开发商告到石景山法院，索赔损失8.5万元。李女士购买了西山脚下一处别墅，支付首付款后，聘请装修公司装修。“我购买别墅后才知道，不远处有一停尸房，这种地儿谁敢住啊？”李女士说，她和开发商协商后，对方同意退还购房款，但拒绝支付李女士的装修费8.5万元。李女士认为，开发商事前没有告知地段详情，导致她购房并装修，应该赔偿她全部损失。,3,4,0.9370591640472412
前四月卫生陶瓷产量小幅增长 销售压力仍较大2009年4月份全国卫生陶瓷产量为1213万件，比去年同期增长5.7%。1～4月份全国卫生陶瓷累计产量为4764万件，比去年同期增长7.1%。尽管卫生陶瓷产量保持了增长，但支撑产量增长的条件并不稳固，4月份产品销售率为93.8%，是今年以来产销率最低的月份，且今年以来产品销售率波动性仍然较大，说明销售形势还不稳定，并未形成稳定的市场需求。广东和河北等以外销为主的地区，产量下降或低速增长，以出口为主的大型企业销售形势依然严峻。4月份卫生陶瓷出口6万吨，比2月份出口3.7万吨和3月份出口5.3万吨有所增加，比1月份出口6.4万吨略有下降。1～4月份累计出口金额为两亿美元，比去年同期下降12.6%，出口下行压力依然较大。卫生陶瓷行业的出口型企业，要借助出口退税率恢复上调这一有利时机，提高产品的竞争力，研发新产品，开拓新市场，尽快扭转出口下滑的局面。受出口下降的影响，河北卫生陶瓷产量低速增长，广东卫生陶瓷产量下降。,3,4,0.43555527925491333
"力拓间谍门渐明晰 陶瓷行业无间道却活跃近年来，“间谍类”影视剧在银幕大热,“无间道”系列影片更是席卷中国票房。但对于普通百姓而言,间谍在我们的生活中似乎并不真实出现。间谍片也更多是怀旧、纪念甚至是娱乐的性质。而随着力拓“间谍门”事件的曝光,人们才意识到,其实“无间道”离我们并不远。2009年7月9日，上海市国家安全局向新华社记者证实，澳大利亚力拓集团上海办事处的4名员工因涉嫌窃取中国国家秘密被拘留。力拓利用“间谍”来获取中铝的商业机密，向中国销售铁矿石获益近4000亿元。一个是全球矿业的巨头，一个是中国国家授权的投资管理机构和控股公司，是中央直接管理的国有重要骨干企业。巨额地偷盗国家财产，如此之大的商业机密窃取案件，一时之间引起了社会的轩然大波，同时也让社会各界产生质疑———中国企业的信息真正安全了吗？那我们的陶瓷企业会不会也存在着“无间道”呢？《孙子兵法》云“知己知彼，百战不殆”在激烈的市场竞争中,这一战术已经成为企业的经营之道。商场如战场,知己知彼百战百胜，情报和信息这些战场上克敌制胜的重要因素,放在我们的陶业领域也是同样成立的。虽然我国陶瓷工业经过改革开放三十年的快速发展，已经成为世界上最大的建筑卫生陶瓷生产国和消费国。但不容忽视的是，由于历史和现实的原因，我国的陶瓷工业与国外相比，技术门槛还是比较低，企业的技术机密或其他有价值的商业信息一旦泄露，就会被人轻易地模仿和利用,这一事实在客观上导致了两个后果：一是，我国陶瓷企业的“无间道”活跃。这些陶业的“无间道们”比起力拓“间谍门”里的四位“特工”，行事更加“光明正大”。他们总是活跃于各个展会和销售现场，在销售终端找到样品，然后回去依葫芦画瓢，公然抄袭，并美其名曰“开发新产品”。更甚的是，近年来我国陶业的“无间道们”已经不满足于国内市场，活跃到国外去了———“模仿、抄袭之风长盛不衰，使得欧洲人对中国陶瓷企业极度戒备和排挤。”据不完全统计，自2001年到今，中国瓷砖相继遭遇印度、墨西哥、菲律宾、埃及、厄瓜多尔等国的反倾销诉讼，部分国家的反倾销税率更是高达200%以上，这些贸易壁垒使得我国陶业出口受到重创。如此之高的反倾销税的确令人咋舌，但空穴来风，在如此惊人的贸易壁垒背后却又隐藏着我国陶业“无间”成风的重大问题。二是，导致了企业创新的动力明显不足，“无间道们”反成为了陶瓷生产的上游技术来源。因为行业内技术门槛低，只要获取了对方企业新产品的商业信息，就有大把的东西可以轻而易举地“拿来”模仿，这样就失去了独立创新的意识。企业一旦普遍缺乏创新的动力，也就失去了对创新这一核心竞争力的追求，便只有在营销策略玩花样，将偷来的概念换一个包装重新上市。这就是为什么近年来，我们在陶瓷行业的招聘市场中会发现企业对营销策划人才的需求甚至大于对技术人员的需求。另外，在陶瓷市场上，消费者常常可以看到许多五花八门的新品牌和不断推出的新的概念产品，这些产品的制造更大一部分是为了迎合销售终端的需求，她卖的不是上游的制陶技术创新而仅仅只是一个最终的表面概念而已。力拓的“间谍门”是逐渐地打开了，而我国陶业的“无间道”却继续活跃,如果陶企们不放弃“无间道”，那中国陶瓷行业或许只会最终走入“无间地狱”。",3,1,0.4107157588005066
勾结物业经理及保安 恶势力团伙强卖装修材料本报讯(记者王鹏昊通讯员张立先)得知通州区阿尔法小区开始向业主交房，无业男子刘刚等人勾结小区物业经理及保安，向业主强卖装修材料。通州警方昨天透露，该恶势力团伙的刘刚等13名犯罪嫌疑人已被刑事拘留。 7月底，通州警方陆续接到市民报警称，在通州阿尔法小区有一伙男子强迫他们高价购买沙子、水泥等装修材料。接到群众举报后，通州警方开始在阿尔法小区周边展开调查。办案民警称，他们通过蹲守发现，该团伙在小区门口搭起了一个露天的店铺，销售沙子、水泥，价格比市场上高出七八元，分量上也是缺斤短两。一旦发现有外来商户向小区内送沙子，他们便上前阻拦，如商户、业主不听劝阻便拳脚相加。最终，小区内近八成的业主只能从他们手中高价购买沙子、水泥。对于业主让商户运送的瓷砖、板材等装修材料，他们则迫使业主雇他们的人高价搬运，一层楼每包加收1元“上楼费”。8月5日，通州警方将刘刚等人抓获。 事后，刘刚交代，他们为了能够截留，还勾结了该小区的一名物业经理及两名保安。一旦有商户拉货进入小区，保安便会通知刘刚等人前去阻拦。与外来商户、业主发生争执时，物业经理则负责帮他们调解。,3,4,0.7238015532493591
包工头不断要钱 新房子装修一年新快报讯 (记者 辛捷恺 实习生 郭超)“原本只需3三个月就可‘搞掂’的工程，却用了一年零两个月。装修期间还多次要钱，共计86000元！”祈福新村的董阿姨辛辛苦苦攒钱买房，本想装修完就入住；但是一年多过去了，钱花了不少，房子却仍然残旧不堪。“更闹心的是，工程负责人龙先生居然把工人都叫走，扬言要再拿1万，否则继续‘罢工’！”记者在现场看到，三层楼高的房子，房里房外一片狼藉，对门的地方堆着黄沙，接水的管子裸露在外，木屑和碎玻璃满地都是。屋内更是凌乱不堪，七八个油漆桶东倒西歪，地上未撬完的地板，工人施工用的梯子、木棒、铲子胡乱摊着，连放脚的地方都没有。阿姨无奈地说：“由于他们负责的工程迟迟未完成，其他装修项目也无法进行。”记者还看到，与董阿姨家同时期买房、甚至比她晚买房的邻居也早已入住。下午3时许，记者见到了工程队的老板龙先生。他态度很强硬，拿着账目表对董阿姨说：“如果不确认价格的事情，我是不会开工的。你看你儿子什么时候有空，一项项确认之后，我可以保证6天内完工。我现在也不收你什么钱了，但是你必须承认我之前的劳动。要不你再怎样说，我都不会答应去动工的。我需要你们给我一个承诺，我才敢放心开工！”协商在争吵中再次停下来。最后，董阿姨表示：“如果再协商不了，我会要求走司法程序，让他们赔偿我的精神损失，以及因为装修延期、无法将房屋出租的损失。”,3,4,0.7981844544410706
北京商报吴厚斌：CRIC用快速上市赢得佩服(图)     新浪家居杨轶讯  10月16日，易居中国与新浪合资公司中国房产信息集团（简称CRIC）在美国纳斯达克成功上市。此消息一出，家居业界大腕在分享喜悦的同时，纷纷来电来函，向中国房产信息集团成功登陆纳斯达克表示祝贺，同时对CRIC在未来发展提出了中肯的建议和期待。新浪家居电话连线业内数位大腕，倾听他们对此事的看法，以及对中国房产信息集团上市寄语。【CRIC（中国房产信息集团）纳斯达克挂牌上市】      采访嘉宾：《北京商报》家居产业周刊 主编吴厚斌        新浪家居：您好，吴老师，我是新浪家居杨轶，很高兴采访您。   吴厚斌：你好。       新浪家居：在北京时间10月16日，易居中国与新浪合资公司中国房产信息集团在美国纳斯达克成功上市。作为新浪家居是集团的一个版块，您是否知道此事？您对这件事如何看？       吴厚斌：首先我非常惊讶，同时又很佩服。惊讶是除了新浪，没有一个媒体能够这样迅速的完成在美国上市，当很多媒体通过在行业中寻找客户，赢得生存点的时候，新浪用新的模式，利用资本的层面，着实走在了行业的前面。   新浪家居：谢谢，我们力求要做家居行业最领先的媒体，同时也力求做最专业的媒体，以帮助企业和整个行业的发展，您对我们有哪些建议？       吴厚斌：资本层面的运作，对于内容的建设，具有另外的意思，它不能完全代表一个媒体已经非常成功，所以需要更加务实，踏实的把内容经营好，才是最重要的。   新浪家居：能否对我们的成功上市，给予一些寄语贺词？      吴厚斌：新浪家居越飞越快，越飞越远。未来，希望新浪家居越飞越高，越飞越稳。并附原创诗一首：        贺CRIC上市        吉日欣逢秋月半；        一年播种花果鲜。        纳市踏通宜居道；        股海掀翻新浪天。        家国三分未鼎足;        资本驱车追高远。        早起常赶晚来集；        迟到未必不超前。                -北京商报家居产业周刊主编吴厚斌贺      【嘉宾简介】        吴厚斌： 家居行业资深媒体人 北京商报家居版灵魂人物 【进入吴厚斌博客】     【推荐阅读】        北京商报吴厚斌：家装公司的核心是什么       《2008-2009北京家居行业景气报告》发布庆典       吴厚斌：我们会做越好 跟行业一起成长       【媒体声音】      中国证券报：新浪易居合资公司CRIC登陆纳市       上证报：新浪易居合资公司CRIC逆市登陆纳市       第一财经日报：CRIC上市首日市值20亿美元       新华网：新浪与易居合资公司CRIC登陆纳斯达克       专访丁祖昱：CRIC在做前人没有做过的事情       专访罗军：CRIC具有巨大的商业潜力       专访曹国伟：在某些垂直领域会做更多尝试 【更多】     上市背景资料：      美国东部时间10月16日(北京时间10月16日)消息，易居中国与新浪合资公司中国房产信息集团(以下简称CRIC)在美国纳斯达克挂牌上市，首日开盘价12.28美元，超出发行价0.28美元。CRIC为易居中国与新浪的合资公司，股票代码为CRIC，发行价12美元，共发行美国存托股票(ADS)1800万股，同时承销商有权在未来30天内，行使总额达到270万股的超额配售权，此次IPO共计募集资金约2.16亿美元。作为中国在美国的地产科技第一股，CRIC是中国最大的专业房地产信息服务公司，并且拥有同时覆盖线上线下的房地产综合信息和服务平台。CRIC的成功上市，也创造了两家在美国上市的中国公司，分拆各自极具成长力的业务后进行合并，并进行二次上市的先河。CRIC联席董事长、CEO周忻表示；“我们很高兴看到CRIC成功上市，此次IPO将确立CRIC作为中国房地产信息服务第一品牌的地位，并有利于CRIC继续推进国内最大和最先进的房地产信息系统建设，使CRIC成为同时覆盖线上和线下的强大中国房地产网络信息服务平台，为房地产开发商、供应商、专业机构以及个人用户提供多元化房地产信息服务。CRIC联席董事长、新浪CEO曹国伟表示：“CRIC的成功上市，是易居中国和新浪合作的重要一步，也是我们在垂直领域商业模式探索的有益尝试，我们很高兴有机会发挥双方的协同效应。而进一步拓展和深化互联网垂直领域的商机，建立公司在细分市场的核心竞争力并做大做强，这也是新浪未来长远战略的重要组成部分。,3,4,0.9240372776985168
北京商报吴厚斌：消费者按照需求量力而行吴厚斌：温总说的概念我从另外一个角度理解了一下，什么叫达标的环保，什么叫不环保，是按照我自己的生活水平和生活状态进行选择，首先是安全的。就像温总说的，好的东西开始的时候是没有感觉的，但是用了十多年之后你会发现不一样。温世权：吴主编肯定看东西特别透，你觉得有什么不一样？吴厚斌：当然不一样。我是从温总的角度来讲，首先要环保，安全和环保是一回事，很多杂牌产品是不环保的，每一次质监局抽查都有不环保的东西，这个超标，那个超标，首先要区别一下，买环保的东西。第二个层面，从消费者和企业家的角度来讲，消费者的角度来讲，选择好的东西要根据你的经济实力，量力而行，在这个范围之内，我先去选择我需要的东西，实在买不起我可以少买一点。但是另外一个角度、企业家角度来讲，实际上做了一件功高盖世的事情，为什么我们现在还在说环保，环保是一个基本概念，就是因为社会上还有那么多所谓的牌子不环保。,3,4,0.641342043876648
北京市场协会家居分会刘晨：借上市争行业话语权     新浪家居杨轶讯  10月16日，易居中国与新浪合资公司中国房产信息集团（简称CRIC）在美国纳斯达克成功上市。此消息一出，家居业界大腕在分享喜悦的同时，纷纷来电来函，向中国房产信息集团成功登陆纳斯达克表示祝贺，同时对CRIC在未来发展提出了中肯的建议和期待。新浪家居电话连线业内数位大腕，倾听他们对此事的看法，以及对中国房产信息集团上市寄语。【CRIC（中国房产信息集团）纳斯达克挂牌上市】      采访嘉宾：北京市场协会家居分会秘书长 刘 晨        新浪家居：您好，刘秘书长，我是新浪家居杨轶，很高兴采访您。   刘 晨：你好。       新浪家居：在北京时间10月16日，易居中国与新浪合资公司中国房产信息集团在美国纳斯达克成功上市。作为新浪家居是集团的一个版块，您是否知道此事？您对这件事如何看？       刘 晨：对这个事件，我表示衷心的祝贺。新浪家居无论从新闻流量，到行业的认知度都是非常高的媒体，而它今天的上市是非常好的，同时也是市场的必然。   新浪家居：谢谢，我们力求要做家居行业最领先的媒体，同时也力求做最专业的媒体，以帮助企业和整个行业的发展，您对我们有哪些建议？       刘 晨：新浪家居上市后，资本支撑得到极大的加强，扩大新浪家居的影响力，对多频次话语权的弘扬，对一线品牌的彰显，推动理性消费相信都会做出更多的贡献。希望能对整个行业更加的深入，与企业更加紧密，让新浪家居成为最领先的媒体。   新浪家居：能否对我们的成功上市，给予一些寄语贺词？      刘 晨：新浪家居借上市的契机，争做中国家居行业的话语权。      【嘉宾简介】        刘晨：业内资深人士，行业专家          【媒体声音】      中国证券报：新浪易居合资公司CRIC登陆纳市       上证报：新浪易居合资公司CRIC逆市登陆纳市       第一财经日报：CRIC上市首日市值20亿美元       新华网：新浪与易居合资公司CRIC登陆纳斯达克       专访丁祖昱：CRIC在做前人没有做过的事情       专访罗军：CRIC具有巨大的商业潜力       专访曹国伟：在某些垂直领域会做更多尝试 【更多】     上市背景资料：      美国东部时间10月16日(北京时间10月16日)消息，易居中国与新浪合资公司中国房产信息集团(以下简称CRIC)在美国纳斯达克挂牌上市，首日开盘价12.28美元，超出发行价0.28美元。CRIC为易居中国与新浪的合资公司，股票代码为CRIC，发行价12美元，共发行美国存托股票(ADS)1800万股，同时承销商有权在未来30天内，行使总额达到270万股的超额配售权，此次IPO共计募集资金约2.16亿美元。作为中国在美国的地产科技第一股，CRIC是中国最大的专业房地产信息服务公司，并且拥有同时覆盖线上线下的房地产综合信息和服务平台。CRIC的成功上市，也创造了两家在美国上市的中国公司，分拆各自极具成长力的业务后进行合并，并进行二次上市的先河。CRIC联席董事长、CEO周忻表示；“我们很高兴看到CRIC成功上市，此次IPO将确立CRIC作为中国房地产信息服务第一品牌的地位，并有利于CRIC继续推进国内最大和最先进的房地产信息系统建设，使CRIC成为同时覆盖线上和线下的强大中国房地产网络信息服务平台，为房地产开发商、供应商、专业机构以及个人用户提供多元化房地产信息服务。CRIC联席董事长、新浪CEO曹国伟表示：“CRIC的成功上市，是易居中国和新浪合作的重要一步，也是我们在垂直领域商业模式探索的有益尝试，我们很高兴有机会发挥双方的协同效应。而进一步拓展和深化互联网垂直领域的商机，建立公司在细分市场的核心竞争力并做大做强，这也是新浪未来长远战略的重要组成部分。,3,4,0.8755617141723633
北京的消费者更喜欢时尚  既然以前也经常来北京，怎么看这个市场？王伟：以前来主要是学习。对于北京这个市场，我有些初步的认识。首先，北京是一个容量非常大的市场，包括每一个细分的定位都有很大的容量；其次，北京房地产的开发量仍然处在一个增长阶段，对家具建材产品的需求还有很大的上升空间；第三，“新北京人”的比例正在上升，这些人也是对时尚最为敏感的群体；最后，北京的传统文化底蕴很深厚，有着几千年文化的传承，和上海是东西方文化交汇点不同，北京应该是一个传统和现代交汇的地方。北京的消费者也是非常可爱的。具体怎么看待北京的消费者呢？王伟：我认为北京的消费者呈现出三个方面的特点，一是消费需求非常旺盛；二是家居商场现在的服务水平还相对滞后，因此对于消费者来说，往往因为信息的不对称，造成了许多不专业消费家居产品的现象；三是消费者对家居时尚的追求很强烈，这里的消费者更喜欢时尚的产品，对产品的审美要求、健康需求、个性的需求，对购物环境的需求都在不断地升级。你们的北京市场会朝着什么方向去走呢？王伟：我们未来会有两条主要的线路，一是时尚，会把更时尚的资讯、产品传递给这些新生代的消费者，让消费者了解到更多更新的流行趋势；二是要让专家服务引领家居消费。时尚很多人都能理解，这个专家服务又是出于什么考虑呢？王伟：我们发现，如今的许多消费者在购买家居产品的过程中，由于买方和卖方的信息不对称，经常会盲目消费。我们常常会遇到这样的消费者，买回去的家具很有可能不适合自己，风格也不匹配。以前的服务经常是针对价格、退货、环保等方面的，比如促销、无条件退货等，对于消费者在购买之前的服务以及购买之后的深化服务涉及的比较少。,3,4,0.9372333884239197
北新建材2010年营销工作年会在京隆重举行北新建材以“大品牌·大渠道·大发展”为年会主题，主营石膏板产能突破10亿平米，真正成为亚洲石膏板大王；王兵致辞，宋志平、曹江林分别做重要讲话，陈才来、翟建、赵刚等出席，张乃岭主持大会，陈雨主持颁奖仪式。图为北新建材宣传图片1月19日，北新建材2010年营销工作年会在北京隆重举行。中国建材集团董事长兼党委书记宋志平、中国建材集团董事兼中国建材股份有限公司总裁曹江林、《中国建材报》社社长陈才来、《中国建设报》社副社长翟建、《中华建筑报》副总编赵刚等出席大会。大会由北新建材党委书记、副总经理张乃岭主持，颁奖仪式由北新建材总经理陈雨主持，北新建材董事长王兵致欢迎辞并做营销工作报告。作为北新建材每年一度的标志性品牌活动与经典盛会，营销工作年会已成为企业与合作伙伴之间的交流盛宴。本届年会以“大品牌·大渠道·大发展”为主题，探讨交流了当前多变的经济环境下北新建材的竞争策略、营销策略、新产品新技术的应用、品牌传播以及渠道开发等主题，共同分享北新建材2009年营销战场的宝贵经验和丰硕成果，并对新的一年的营销工作做出重要部署。北新建材董事长王兵在大会上致欢迎辞，他首先对长期以来与北新建材利益一致、同甘共苦的经销商朋友们所做的卓越贡献表示最衷心的感谢。在对北新建材2009年所取得成绩的总结中，他提到，北新建材全面推行中国建材以“五化+KPI”为核心的“三五”管理模式，各项工作都取得了大的跨跃式发展，在营销方面，全面推行“制高点”战略，全面占领了全国各地和细分行业的地标建筑和重点工程，相继中标上海世博园、天津津塔等地标性建筑，与各地主要的建筑公司和装修公司成为战略合作伙伴，抢占了全国各地各市场的主流经销渠道，彻底扭转了上海、浙江、广东等地区的市场格局。在谈到2010年工作时，他表示，北新建材将上下一心，统一思想，开拓创新，系统筹划15亿平米的石膏板全球产业布局，继续推行“制高点”战略，抢占产业链上各个环节的制高点，为中国新型建材事业的大发展、为成为世界第一而努力奋斗。,3,4,0.5409271121025085
北新建材全国10亿平方米石膏板产业布局完成12月20日，北新建材镇江3000万平方米石膏板生产线奠基仪式暨完成全国10亿平方米石膏板产业布局新闻发布会成功举行。中国建筑材料集团有限公司董事长、党委书记宋志平，中共江苏省镇江市委书记许津荣，中共江苏省镇江市委常委、秘书长李国忠，江苏镇江句容市委书记童国祥、句容市市长尹卫东，中国建材报社社长陈才来，中国建设报社副社长翟建，中华建筑报社总编邓千，中国建材副总裁兼北新建材董事长王兵、总经理陈雨、党委书记张乃岭等领导出席了庆典活动。庆典由北新建材党委书记张乃岭主持。图为北新建材全国产业布局庆典仪式上，宋志平代表中国建材集团发表了热情洋溢的讲话，充分肯定了北新建材在镇江规划2条3000万平方米石膏板生产线对于北新建材石膏板全国产业布局的重要意义。他说，近年来北新建材抓住有利时机，迅速展开全国石膏板产业布局，业务规模迅速扩大，用2年的时间做到了中国第一，又用3年的时间做到亚洲第一，随著镇江句容石膏板产业基地一期工程年产3000万平方米大型石膏板生产线的奠基，北新建材已经全面完成10亿平方米石膏板产业布局，在全国拥有已建成投产和在建的大型石膏板生产线43条(合计达到10.39亿平米)。年产10亿平米纸面石膏板，可综合利用1亿千瓦装机容量的火力发电厂脱硫废弃物处理能力，即年消纳脱硫石膏1000万吨，相当于每年彻底减排二氧化硫380.95万吨，同时年取代粘土砖6000万立方米，为我国电力和建材工业节能减排与循环经济做出了重要贡献。另外，北新建材还制定了再用3年时间将石膏板业务进一步发展到65条生产线以上，包括在海外部分新兴市场国家进行产业布局，业务规模超过15亿平方米，成为世界第一的石膏板产业集团。他对北新建材在石膏板产业取得的优异成绩表示祝贺，对镇江、句容及各级政府对北新建材的大力支持表示感谢，对该项目建成后的社会效益和经济效益表示了充分的信心，并要求北新建材一如既往地坚持“善用资源、服务建设”的核心理念，发扬艰苦奋斗精神，精心组织各项工作，加快项目建设进度，早日建成投产，为句容的经济和社会发展贡献力量。王兵在致辞中对镇江市委市政府、句容市委市政府、临港工业区等各级政府部门给予北新建材镇江句容石膏板项目的大力支持表示衷心的感谢。他说，句容在交通、物流、软硬件设施等方面的综合优势以及各级政府部门的服务意识和工作作风，将为企业的落户发展提供良好的环境。北新建材落户句容，将充分借助工业区的区位和资源优势，加快建设发展，巩固并拓展北新建材在华东地区的市场影响力和品牌号召力。北新建材是国务院国资委所属中国建材旗下的上市公司，总资产55亿元，是中国最大的新型建材和新型房屋产业基地，是亚洲最大的石膏板产业集团。公司曾在1994年被选定为国务院建立现代企业制度100家试点企业之一，1996年被批准建立国家级企业技术中心，1997年在深交所挂牌上市(股票代码：000786)，1999年被确定为国务院520户重点联系企业，2000年被批准成为国家级中关村科技园区北新材料园，2002年被建设部批准成为国家级住宅产业化基地。在建厂三十年的发展历程中，北新建材积累了良好的品牌、管理和文化基础，将业务拓展到三大板块：墙体及吊顶系统(石膏板、龙骨、矿棉板、环保涂料及配套产品)；住宅部品及建筑节能系统(门窗节能、采暖节能、静音塑管、外墙外保温系统等)；外墙屋面及新型房屋系统(纤维水泥外墙板、屋面瓦系统及节能抗震新型房屋)。近几年，北新建材全面落实中国建材以“五化＋KPI”为核心的“三五”管理模式要求，以品牌建设和技术创新为两大核心竞争战略，实现了又好又快发展，石膏板业务规模达到亚洲第一。此次奠基的石膏板生产线位于句容市临港工业区，项目占地300亩，规划建设两条年产3000万平方米大型现代化石膏板生产线，此次先期投资建设一条年产3000万平方米生产线。项目紧临长江龙潭港、高资港及312国道，沪宁高速、沪宁铁路等交通要道从中穿过，水路、陆路、铁路交通通畅、物流便捷；方圆30公里内就有5家大型燃煤火电厂，脱硫石膏总量可达200万吨，可充分保障生产原料供给。该项目所用设备和技术将采用北新建材自有知识产权的成熟技术和设备，在生产技术、工艺装备及产品质量上均能达到国内先进水平。项目建成后，将充分发挥原料、物流和市场的综合优势，为南京、扬州、泰州、镇江、常州、马鞍山等地区的客户提供更加及时便捷的服务，同时可通过长江向上、下游其它地区辐射，协同北新建材太仓生产线进一步保障华东地区石膏板的市场供应，继续巩固并扩大龙牌石膏板市场份额，持续提升产品市场占有率与品牌影响力。出席庆典活动的还有镇江市、句容市各委办、中国建材、北新建材、当地媒体、北新建材华东地区经销商等相关单位的领导和来宾近300人。,3,4,0.7217904329299927
"北新建材故城石膏板生产线奠基典礼6月3日，北新建材故城年产3000万平方米石膏板生产线奠基典礼在故城县夏庄工业项目区隆重举行。中国建筑材料集团公司副总经理马建国、衡水市市长高宏志、德州市市长吴翠云、中国建材报社社长陈才来、中国建设报社副社长翟建、中国建材股份副总裁李谊民、故城县委书记李哲民、北新集团建材股份有限公司总经理王兵、德州晶华集团董事长田文顺等领导为项目奠基。北新建材副总经理张乃岭主持典礼。 此次奠基的石膏板生产线位于河北省故城县夏庄工业区内，地处冀、鲁两省四县交界，被素有“九达天衢，神京门户”之称的鲁西北重镇德州市所包绕，京沪铁路纵贯南北，并与石德铁路、济邯铁路交汇，与京广、京九铁路连结，距华能德州电厂一墙相隔，交通区位和原料供应优势明显。同时，德州是典型的商贸型城市，距北京、天津、济南、青岛、太原、郑州等城市都在一日经济圈内，市场辐射范围广，经济发展前景广阔，具有较强的市场潜能。该项目是北新建材与德州当地大型建材集团德州晶华集团合资建设， 100%采用燃煤电厂的工业副产品脱硫石膏为原料。项目建成后，预计每年可消纳脱硫石膏25万吨,对当地环境保护和经济发展具有积极的贡献。 近年来，北新建材始终坚持中国建材“善用资源、服务建设”的核心理念，大力发展以资源综合利用为特征的循环经济，在华东、华南、华中、东北、西南等地迅速规划建设了一批大型现代化石膏板生产线，形成了石膏板产业全国布局。目前，北新建材共拥有大型石膏板生产线25条，业务规模达到5.6亿平方米，是亚洲最大的石膏板产业集团。北新建材在石膏板领域的迅猛扩张有力提升了公司在全国的市场掌控能力，为客户提供更加及时便捷的产品和服务，为地方经济发展和节能减排做出了重要贡献。根据中国建材的战略部署，北新建材将在2010年把石膏板业务规模扩至10亿平方米，2015年左右发展成为世界最大的石膏板产业集团。奠基典礼上，马建国代表中国建材集团发表了热情洋溢的讲话，他充分肯定了北新建材近年来在石膏板产业布局上取得的成绩，对此次奠基的故城石膏板生产线也寄予厚望。他说，故城石膏板生产线建成后，将协同已有的涿州石膏板生产线，为京津、河北、山西、鲁西北(德州、聊城)等地区的客户提供更加及时优质的产品和高效的服务，对进一步扩大北新建材在华北地区的辐射力和影响力具有重要的意义。他对该项目建成后的社会效益和经济效益表示了充分的信心，并要求北新建材一如既往地坚持“善用资源、服务建设”的核心理念，发扬艰苦奋斗精神，精心组织各项工作，抓住有利时机，加快项目建设进度，早日建成投产，为当地经济和社会发展贡献力量。李谊民在致辞中对德州市委市政府、衡水市委市政府、故城县委县政府、夏庄工业项目区等各级政府部门给予北新建材故城石膏板项目的大力支持表示衷心的感谢。他表示，北新建材落户故城后，将充分利用故城的区位优势，结合北新建材在规模、产品、技术、服务等方面的综合优势，进一步巩固并拓展北新建材在京津、河北等地区的市场影响力，开发该地区巨大的市场潜力。出席奠基典礼的还有衡水市、德州市、故城县各委办以及当地媒体等相关单位的领导和来宾近600人。",3,4,0.7072781920433044
北美枫情工艺地板新品发布暨工艺地板发展论坛大山：我觉得我们应该进行一次非正式的论坛，让我们来一次思想的交流和激荡。主持人：确实，这是一次非常难得的机会。下面让我们请出参加论坛的嘉宾：中国林产工业协会顾问、原中国林产工业协会会长张森林、中国林科院木材工业研究所所长叶克林先生；国家人造板与木竹制品质量检测中心主任吕斌先生；中国地板网、《国际木业》总裁李洪帆先生；上海地板协会会长、CHINA FLOORS木业有限公司总经理曾志文先生；江苏省木业行业协会秘书长吴边先生、久盛地板董事长张恩玖先生；书香门第地板董事长卜立新先生；北美枫情木家居总经理周清华先生； 今天是我们中国地板界小型的盛会，对于媒体来说也是一个非常好的机会。今天我就做这个论坛的主持人，因为和在座的各位领导和同仁也是非常熟悉的。我们这次一个小型的非正式的论坛，准备了三个议题，分别就这三个议题向在座的各位嘉宾征询他们的看法，每一个问题结束以后，下面的媒体如果有问题向我们台上嘉宾提问的都可以提问。 第一个问题是今年3月在上海的地板展上看到90%的厂商都展出了仿古地板，这次展会就成为了仿古地板展。那这种潮流的出现，你们觉得是市场的风向拉动还是厂商被动的混战？会对市场起到什么样的影响和带动作用呢？ 李洪帆：仿古地板在上海能够形成90%的产品和展示，我觉得这是行业发展的一个必然趋势。但是这个也反映出一个问题，就是大家跟风也是比较严重的。我认为要让它更加的个性化，不能光是一个单一的产品。我想北美枫情今天开这个新闻发布会就是一个突破。 叶克林：3月份地板出现的仿古潮流，从这里可以看到我们地板业的同行在努力做价值的对比，我们仿古主要是仿欧洲的。但是有的厂家把中国的元素已经发展到地板里了，比如说青花瓷。今天我们也高兴的看到北美枫情把北美的文化和地板结合起来。我觉得大家从差异化的角度来竞争，来给消费者提供更多的附加值是正面的，而且在这个过程当中也看到我们企业研发能力进一步的大增。 张森林：这几年木地板行业追求的创新我想主要是围绕两个方向进行：一个方向是提高木地板的使用价值，就是它的功能、油漆、表面耐磨、锁扣、地热、无菌等等，就是提高它的功能。另外一个方向就是增加它的美学价值。我觉得是围绕这两个方向创新，实现不同企业的差异化，其实差异化、统一化是同时进行的，因为大家都追求给消费者提供更多的使用价值，提供更多的美学价值。 比如书香门第有音乐、油画、生活家、巴洛克，那么在具体追求美学价值的时候有差异化，比如说仿古。仿古也是有道理的，因为现代人觉得比较舒适、比较高雅、优雅的生活就应该好像17世纪、18世纪欧洲贵族的这种生活，比东方贵族的生活还更要舒适一点。那么仿古仿的是什么呢？仿的就是16世纪、17世纪、18世纪欧洲文艺复兴时代，我觉得这种追求也是健康的，无可厚非的。我认为使用价值的追求，是比较统一的，就是耐磨、锁扣连接的紧密等等。但是美学价值的追求是多样化的，春花秋菊各有千秋，我们要尽可能让消费者有更多的选择，但是这个就是一个非常大的进步。就是你这个家居里面增加文化因素，增加艺术因素，增加美学我觉得很大的提升了地板的价值。 北美枫情的宣传风格还是非常好的，它是彻头彻尾北美化，我也非常欣赏北美的先进文化，中国也有先进的文化，我们都拿来为我所用。我非常赞赏北美枫情今天这个发布会，是有很多比较深层次的追求，确实是有创新。谢谢！ 曾志文：今天非常高兴能够参加这样的会议。刚才主持人问的问题，我个人觉得仿古地板是不是一个趋势我们不敢在这里论断，这里要通过市场的检验。但是正如张会长所说的，有这么多不同类型的产品出来，可以给消费者挑选，而且这么多样化的产品，这个对我们整体的消费者来说，是消费水平的提高。所以说我认为这是一个必然的现象，就是走向仿古的潮流。但是它是不是会成为市场的潮流？这个需要市场来检验。 但是北美枫情今天还有办法在仿古的领域当中做出这么突出的文章，包括他们所做的风格，我觉得北美枫情在这里面推出的产品的确是与众不同。 张恩玖：尊敬的各位领导、各位专家、老师、各位媒体的朋友们大家好！很高兴也很荣幸来参加这次活动。我去年下半年和北美枫情一起在人民大会堂同台领取了中国优秀诚信企业家的奖项，我觉得很荣幸，也很有缘。 今天又很荣幸的参加工艺地板的发布会，我来自中国实木地板之都南浔。我觉得今天周总邀请我们来很有意义，作为南浔来说大部分还是注重与传统的实木地板比较多一些。我觉得今天工艺地板的新闻发布会，不单单是在工艺上面或者是地板的功能上面的一个进步或者是一个提升，其实是一个风格上的提升，给我们大量的设计空间，也给大量的设计师增加了很大的空间，特别是家装设计当中的欧式的、中式的，这个是很大的一个进步，也是很大的一个创新。 那么我觉得中国国家这么大，有960万平方公里，有13亿的消费群体。地板也是丰富多彩，作为我们久盛来说，我们最早是以设计师来引领风格。目前从传统的实木地板来讲，我们也是创造风格，就是刚开始的时候以田园牧歌等等系列开始，后来又提出了原生态的系列，我觉得我们以后也要风格来引领生活，让老百姓的家庭更加的艳丽。谢谢大家！ 吴边：应该说地板行业风风雨雨这么多年，但是前几年各大厂家都是以功能化为主来推，从去年开始更多就是风格化。一方面是功能化的创新是非常困难的，这个功能化的创新已经到了极致。在风格化创新方面，我也希望更多的从自身企业出发，如何在消费者心目当中定义风格化，我觉得这个是最重要的。地板的风格化要有多种多样的元素，包括北美枫情的文化。我也非常希望能够在未来进一步的传递到消费者心目中间去，在消费者心目中间建立一种北美文化，就是成为一种概念，而这种概念才能真正的定位下去。我希望今后的文化建设能够做的更细致、更深入。谢谢大家！ 卜立新：很高兴能有这个机会参加北美枫情的新闻发布会，能跟在座的各位领导、各位同行和各位新老朋友进行一个交流。刚才主持人提的这个问题，我是这样看的，不一定成熟。我觉得中国有一句话叫“存在即合理”我上周从欧洲回来，也是把他们的市场转了一圈。从我这次的体验来说，仿古地板基本上已经普及了，什么毫不客气的讲已经泛滥了。 其实仿古地板只是代表我们目前地板款式上的一部分，所以我们书香门第一直是把仿古地板叫仿木地板，在3年前我们提出了美学地板，而且把这个名称也进行了注册。我们把美学地板是从概念上、形式上到它的本质上做一个创新，我觉得今天北美枫情也是迎头赶上，还有其他同行也好，包括生活家、巴洛克地板，大家都是在同一片大地上，我觉得大家是既竞争又合作——竞合。生旦净末丑，每个人演出每个人的角色，然后真的是为我们整个的中国地板行业的发展，我觉得我们不仅仅是中国制造，我们真正要走向中国创造。中国创造那不止是仿古，应该是创新。所以说我是很高兴的看到未来中国地板市场上一种倾向，那就是百花齐放、百家争鸣。同时希望北美枫情一路走好，兴旺发达。谢谢各位！ 周清华：这个问题大家都谈了很多的想法，我基本上没有新的想法了。我们把时间交给吕主任。 吕斌：这个题目是比较难回答。今年3月份上海地材展上整个的展示，仿古地板占的比较多。因为仿古地板带有文化性、艺术性、带有时尚性，是我们地板品类当中的一个比较好的产品，也是综合性创新比较好的产品，给我们消费者的室内装修、装修风格增加了一个风格。 还有一个方面就是仿古地板基于了文化、智慧等各个方面的因素，我认为它是创新的。它还融合了很多设计、技术综合的产品，我认为它是一个非常有价值的产品。还有一个去年金融危机以后，对中国地板产业也带来了一定的影响，但是我们也进行了创新。 主持人：在座的媒体可以选择台上的嘉宾，就你们感兴趣的问题向任何一位嘉宾提问！ 提问：各位嘉宾你们好，首先想请张会长谈一下，您刚才提到现在地板产品已经越来越多元化了，这是否意味着过去大家一直说的地板行业一味的跟风模仿已经步入了差异化、细分化的时代。 第二个问题请周总谈一下“自由拼”这个系列，我代表广大网友提一个问题，用最通俗的话来讲，“自由拼”的工艺是如何实现的？它的环保安全性又是怎么保障的？ 张森林：我不知道怎么界定现代木地板发展的阶段和发展特点，应该说使用价值上没有差异化，但是美学价值上差异化更多。确实有很多小企业在跟进、在模仿，不管搞什么都有模仿的。其实我觉得一定程度的模仿也可以，没有模仿不成气侯。就你一家，300万、500万的供给是不行的。但是我们更希望大企业、品牌企业多做创新。你要说大家都不模仿不可能，在座的没有哪一家能够做到，因为中国的模仿能力特强。应该说模仿能力强是一个优点，而不是缺点，应该说是现在木地板差异化到了一个新的阶段，我不知道我这个回答你是否满意？谢谢。 周清华：“自由拼”最大的创新是观念。固然有技术、工艺、材料等等方面的一些创新，但是这些创新都是最基本的想法。最主要的是观念的创新，它可以为消费者自由选择、实现自由拼接。而且在环保标准上也达到了F四星级的标准。 提问：我有一个问题想问一下吴老师，现在仿欧洲的地板比较多，那么未来中国仿古地板在风格上，欧式风格和中式风格，您觉得两种风格的是是怎么样发展的呢？ 吴边：仿古这个概念是一个不确定的概念，欧式的风格实际上也是人为赋予他的一个概念，仿古是一个工艺。这种工艺你可以赋予它各种各样的风格，我觉得这些风格的定义是每一个企业在找一个个性化和差异化的空间，然后利用这个空间影响到一部分的消费者。因为消费是分不同的层次，那么我们根据消费者的定位不同，价格上差异化的细分，我觉得这个不存在先与后、好与坏的问题。关键是企业在仿古道路上怎么样去界定它、怎么样抓住消费者的心理。 主持人：下面我们进行第二个问题，对于用“工艺地板”来定义目前的非传统地板，而仿古地板作为其中的一个类别，各位嘉宾是什么样的看法呢？ 卜立新：我觉得是这样，这个提法很好。首先它是从概念上做一个区分，我们是这样做的，我们把地板分成三类：(1)把地板当凳做。(2)把地板当做一个技术产品来做。(3)把地板作为美学产品来做。这个提法不同，各有千秋。 吴边：工艺地板的概念没有任何争议，但是要说它怎么分类，这个就像民间的分类，真正的官方分类应该让吕秘书长来分。民间的分类是大家只要能认同这个地板就可以了，工艺这个方面已经可以涵盖很多方面的我东西了，工艺是一个大概念，这个是没有错的。 张恩玖：仿古地板这个工艺，不但是从功能上面是一个进步，或者是一个技术上面的进步，其实是一个风格上面的创新。现在我们很尊重我们的设计师，设计师设计的一个空间决定了我们使用地板的风格，这次我们也在上海看到了很多的设计师创作的空间。其实作为工艺地板来说，我觉得北美枫情是我们企业家理念的一个提升，我们在3年之前当大家请明星代言人的时候，我们没有请明星代言。我们是请香港设计师黄志达作为我们品牌战略顾问来做的。我也是中国装饰协会副理事事单位，在3年以前我们已经考虑到这一点了，而且我们目前的广告语是“以风格定义生活”，我觉得工艺地板在风格上也是一个很大的创新。 曾志文：我觉得工艺地板这个名称起的相当好。目前市面上的地板都在追求差异化，今天北美枫情推出工艺地板的概念，如果说我们北美枫情能够把这个工艺地板的概念加深、加强、加大宣传到每一个消费者思想里面，我相信这个就是成功的。 张森林：工艺地板这个定义是周清华先生创造的，也是一个创新。我的理解是因为增加了它的美学价值，比原来的木地板增加了一些工艺，这是一个创新，这个创新在北美枫情，我尊重这种创新。 但是我更愿意用美学地板或者是艺术地板，那么仿古地板作为这里面的一个分支可以说的过去。因为工艺这个词是约定俗成的，它有界定好的内涵和外延。我们现在所做的更多的是给消费者以审美的增值、美学的增值，从我本人的爱好来讲，我更愿意叫它美学地板或者是艺术地板，那么现在讲工艺地板我也尊重。谢谢！ 叶克林：我非常欣赏和赞赏北美枫情对仿古地板提出的一个挑战，我觉得这个非常好，大家应该多想、多思考。另外对于工艺地板的名称，作为一个产品的一个概念，包括“自由拼”，“洛基印象”、“安大略山庄”这些概念，我希望我们再琢磨琢磨，用什么样的名词来科学、准确的表达我们新产品的理念。但是我还没有想好。谢谢！ 李洪帆：还是先说一句恭维的话，就是说从今天北美枫情提这个工艺地板的概念，还有“安大略山庄”、“洛基印象”，我觉得这个创新非常好。工艺地板其实是一个分类方法的问题，我最早是学工科的，“工艺”给我的概念就是加工过程的工艺，就是会给人这么一种想法。还有一种是“工艺”是指比如像中央工艺美术学院是搞工艺美术这个涵义。我倒是觉得既然咱们的公司名字叫北美枫情，我们在产品、形态上都体现出北美的风情特色，今天提的“安大略山庄”、“洛基印象”是值得深入发展的。就是要把“洛基印象”、“安大略山庄”系列化，每一个东西都要挖掘它的内涵。比如说“洛基印象”，大家熟悉北美的都知道，洛基山是非常非常漂亮的，那么它漂亮的特点、吸引人的关键点在哪里？我觉得从这里挖掘的话，反而有利于这个品牌的发展。“安大略山庄”正好是法国文化和欧洲文化交汇的地方，我觉得顺着这个途径发展的话，我觉得会更迎合北美枫情这个公司的内涵。谢谢！ 吕斌：我觉得这个问题很难一下子解释清楚。但是我们要把这个效果搞好，像拼花地板、模压地板都是一个工艺的创新。我是建议我们下一步来制定一个标准，看看这个名字到底怎么定义。谢谢， 主持人：北美枫情也是仿古地板行业标准的一个起草单位之一，如果吕主任的后续工作需要我们支持的话，我们也是鼎力支持的。这一轮问题各位媒体朋友有提问的吗？ 提问：我想问一下张会长。今天北美枫情将工艺地板文化注入品牌的流行趋势，您是如何看待的呢？ 张森林：如果像美学或者是艺术的东西，这个更强调差异化。因为个人爱好不一样，90后的爱好绝对不会和我老头子的爱好是一样的，比如我更喜欢的是中国的文化。我觉得艺术的东西，美学范畴的东西，更多的是强调个人的一种感受。它不像使用价值，那是有科学的、统一的标准，艺术这个东西很难定标准，这就是曾总讲的，消费者需要那就是好的。90后的消费者他就需要这样的，就是个性张扬的、差异的东西。我觉得市场还是说明一切的，我们这些人只是反映市场的客观需求，所以我的回答是没有答案的。谢谢！ 主持人：接下来是我们第三轮的一个问题，周总也讲了仿古地板作为工艺地板的一个分支，将会走向普及。那么在座的各位嘉宾认为仿古地板会不会认为它已经成为主流而走向普及，它将会以什么样的方式走向普及呢？产品价格的下行是否成为必然呢？ 吕斌：仿古地板的发展趋势是非常惊人的，既然发展速度非常快，刚才张会长也讲了这个各个方面有不同，这个也会有差异的，但是我相信仿古地板还会有更大的发展空间， 主持人：降价会是一个趋势吗？ 吕斌：我认为价格会跟生产规模、销售规模有关。 李洪帆：我认为仿古地板不会成为主流，它会成为仿古潮流，也可能会成为主流之一。另外这个价值趋势肯定是往下走的，为什么呢？因为我们行业是缺少创新的因素太少。如果大家都跟上的话也有好处，这样规模就大了，规模大了必然价格就下降了，互相竞争就大了。但是关于消费主流的问题，我自己也深切体会。3月31号在上海举办的地板流行趋势发布，邀请了很多企业参加。在这个过程当中我们有公关公司、管理咨询公司，还有媒体做了四到五次的交锋和交流，最后才总结了一个天然、复古、低调、奢华和最新流行因素混搭，就是有机配合起来的混搭是作为一种流行趋势的。 在这个过程当中我分析了消费者，其实仿古地板的消费一个是从年龄来说，是年龄相对比较大的层面。从文化层面来说，可能更注重个性化和更注重文化内涵的消费者。但是很多80后、90后，尤其是90后不是仿古地板消费的主流人群，他们反而对混搭、还有特别张扬、个性的对象比较追捧。我认为主流也好、流行趋势也好，我是希望更多的企业、更多的消费者、更多的设计师来共同推动。还有从未来发展来说，中国地板企业的企业结构、品牌结构、产品结构怎么发展？所以我是主张业内人士、行业组织要推动品牌的集中度、市场的集中度、产业的集中度，因为这样才能促进这个产业协调发展。 叶克林：这个问题是有很多的答案，但是没有一个肯定的答案。我的观点是仿古地板是一个产品，但是工艺地板是不是工艺加艺术，就是工业化批量制造艺术化的产品。那么顺着这个思路往下走，工业加艺术化，我认为随着中国经济社会的发展，老百姓的需求不断的提升，这个是一个趋势。 还有一个是价格的问题，计划经济是由市场决定的，市场又是供求关系决定的。而且价格是消费者愿意支出的愿望，从这个来看这个价格体系就清楚了。随着中国消费者支付能力达到最高，那肯定是降价。但是如果经济下行的话，消费者支付不起那就是降价了。 张森林：我们要把我们的诉求搞的非常准确，又非常能够深入人心。还有一个是，我个人是学理工科的。我形象思维不太强，逻辑思维还是比较强的，所以说我回答问题还是追本溯源的。那么过去的仿古还是美学价值的分支，美学的追求是丰富多彩的，我们也应该有丰富多彩的美学地板。至于说仿古地板是不是成为潮流？市场说了算。而我认为中国的木地板不是这样的，恐怕地板是从欧洲来的，所以说仿古还是仿的欧洲。把这个搞准确了，你这个理念才能持久、才能深入人心。 曾志文：仿古地板会不会成为主流？我个人认为仿古地板目前成为市场主流的机会非常小，它毕竟强调一个差异化、个性化，那么它也代表一个价值化。刚才张会长说了，现在强调奢华、奢侈的方向和风格，我们说在经济发展的过程当中，这是一个必然的现象。从贫到富，贫富差距很大的时候，会产生一种奢侈风。大家有钱的想多花钱去买这个价值，而不是说真正的价格在哪里。那么我也认为，我们由贫富不均导致的这种奢华、奢侈风，下一步会走向均富，均富的价值应该是实用、简约，这个就是我认为不会是市场主流的原因。 同时降价以后会不会成为主流呢？实际上目前走的这个方式，还是跟风比较重，就是你有我也要有。以比较长远的地板发展历史来看的话，我给大家举一个例子比如说LV，在中国5000人民币是一个最低的一个均价，可不可能他明天降价500块以后，他的销售量能够翻十倍呢？我觉得这个不可能，我们要把这个价值提高上去，而不在于它的价格，那这么价值应该建立在这个品牌基础之上。 张恩玖：无论是仿古地板还是工艺地板，我认为都是一个对传统木地板风格的一个创新。这个创新第一个是木地板行业随着资源的紧缺，应该对木地板的品位有一个提升，对木地板的价值有所提升。第二个更加地美好家居环境，满足不同消费群体的需求，给我们的设计大师留下更多的空间。为了满足不同消费群体的需求，我们也是应该遵循百花齐放、丰富多彩这样的一个设计理念，让每个家庭出现更漂亮的景色。 吴边：仿古地板会在我们地板生产企业当中普及，这个是100%的。那么这样的话会对仿古地板的价格体系产生很大的冲击，仿古地板不是按照生产成本定价的，它是按照品牌的消费人群来定价的。比如说我们有部分的高端消费者想卖LV包他买不到怎么办呢？那我们提供一种仿古的地板来卖，那这样的话市场就混乱了，就是说这个地板到底代表什么呢？这个就麻烦了，这个是我们行业进一步探讨的，这个也是我们地板行业最痛苦的地方，就是说我们创新在什么地方？我觉得未来会混战一团，想定位高的定位高、想定位低的定位低，反正都是差异化，但是这个产品一定会在我们地板行业普及。 卜立新：这个问题我是这样考虑的，有一部电视剧叫《京华烟云》里面有一句歌词叫“最风华的时候是最凄凉的时候”。我觉得仿古地步可以从几个角度来分析：(1)市场覆盖率方面一定会普及。现在基本上每一个装饰城家家都有，展示的面积越来越大，所以说从整个展示面积上可以看到市场的覆盖率。(2)从市场占有率来看，我们书香门第的一个数字大体分析是：我们认为在零售市场，基本上仿古地板有一定的占有率。但是在工程市场上，仿古地板还没有普及，所以说这个问题就得是具体问题、具体分析。价格的问题我们认为是平庸永远是低价，创新永远是高价值，我们认为只有创新才会告别平庸、告别低价。 周清华：感谢各位同行、各位行业的专家给我们的意见和建议。我就是一句话：中国地板行业正在快速的走向多元化，没有一个模式是一成不变的，所以说创新是永远不变的话题。我们也正是秉承着这个原则，把大家请到一起做这么一个自由的、不带约束的交流。谢谢大家！ 主持人：谢谢各位嘉宾，由于时间的关系，我们论坛的环节就到此结束了。在会议结束前，我们继续我们最后一轮的抽奖环节。谁将成为最后一位幸运的嘉宾呢？请大山帮我们抽取。 大山：102号。 主持人：请这位朋友上台！ 大山：请这位做一下自我介绍吧。 102号嘉宾：大家好！我是北美枫情的合作伙伴，我来自家得宝。 大山：请您谈一下您对今天活动的观感和对未来合作的希望？ 102号嘉宾：作为负责销售的工作人员，我主要谈一下市场，我觉得现在不是走潮流，而是风格的细分。现在我们对家装公司不同的品类，现在欧式的灯具、洁具已经占据了大部分的市场，所以说仿古地板的风格也会跟进潮流。 主持人：现在请大山为这位幸运嘉宾颁发奖品！ 主持人：如今世界上的地板琳琅满目。无论是美观还是从功能上的挖掘，都达到了前所未有的高度和深度，随着工艺地板春天的到来，对于中国木地板行业来说，未来的竞争将是更加激烈。 北美枫情一贯重视品牌建设，一贯倡导打价值战而不打价格战。北美枫情所践行的价值打造，不仅仅是现在文化包装、广告宣传的方面，更重要的基础和立足点是在品牌和技术的指导下，通过对新材料、新工艺、新技术的创新，不断优化产品的性能，赋予产品新的价值增长点。从而走出营销创新的极端，给用户带来真正价值的利益。 大山：我们希望以今天新品发布会的契机，进一步加强与企业、与同行、媒体、消费者的信息沟通、思想交流，以这样的互动增进彼此的了解和信任。 主持人：北美枫情将坚持不懈的加强研发和创新，致力于提升我们的产品和服务，满足消费者不断增长的需求，为中国地板事业的健康、有序发展尽到一份绵薄之力！ 大山：朋友们，我们的新品发布会今天到这里就结束了，感谢你们的到来。谢谢！ 主持人：谢谢大家！再见。更多精彩内容请点击：新浪房产家居家装  欢迎参与火热装修论坛,3,4,0.4741405248641968
医护公寓私人游泳池 水中瑜伽一小时(图)患产前抑郁症 水中“孕动”没商量不久前有媒体报道胡静患有严重的产前抑郁症，朱家的私人医生给胡静开出了一个方子：每日在水中练瑜伽1个小时。    不过，胡静日前通过新浪博客告诉粉丝：“我和宝宝一切都好，虽然还没有见过他，但他的出生有你们的祝福，我将不会害怕分娩的痛苦，亦有信心去做一个优秀的妈妈，除此之外会尽快开始新的工作。”,3,5,0.3536890745162964
十里河办红歌会展现协作精神国庆前夕，十里河特色街上迎来一场声势浩大的红歌会。由十里河商会策划，家和家美、高力国际灯具港、十里河灯饰城、美联天地等十里河商会旗下企业悉数参演，17首红歌盛大亮相，道出了十里河人对祖国60岁生日的深切祝福。此次红歌会首次打破了企业间的界限，多家企业联手演出一首红歌的现象频繁出现，展现了十里河企业间团结协作的精神。17首红歌歌唱祖国9月28日晚间8时许，十里河文化馆内200多人手挥国旗，齐声高唱《歌唱祖国》，所有演职人员及观众均露出了开心的笑容，这场由十里河商会全权策划、经过一个多月排练、筛选而成的红歌会取得了圆满成功。这是一台接近完美的演出，17首演出曲目均展现出了专业水平。在曲目选择上，既有大合唱、小合唱又有男女声独唱，以及二胡合奏、歌伴舞等形式。排练期间，十里河商会请来了从事革命文艺工作70年之久、原东方歌舞团团长王昆老师担任艺术顾问，同时请来了从事文艺演出工作多年的曹善明老师、吴秀琴老师、林国光老师、白天华老师担任艺术指导。所有演员均发挥出了专业水平，整场红歌会激动人心。红歌会展现协作精神红歌会是十里河商会为新中国成立60周年献礼举办的第四场大型活动，最大的特色是首次打破了企业间的界限，发挥出团结协作的精神。《团结就是力量》由十里河特色街联防队、绿化队、天龙建筑、京安汽修4家单位合作演出；《我们走在大路上》由联防队、绿化队、天龙建筑、大洋路建材城联合演出；《走进新时代》由美联天地、创新世纪、消防安全办、居然之家十里河店合演；《明天会更好》由东方汇美、大洋路建材城联合演出。红歌会总策划、十里河商会党总支副书记、十里河集团副董事长李晟杰表示，报名参与红歌会之际，出现了多个单位报一首曲目的情形，“如此一来，就让这些企业同唱一首歌，以此发挥企业间团结合作的力量”。团结协作增强凝聚力以红歌会的形式为国庆献礼，总策划李晟杰的创意取得了成功，所有参演人员及观众在17首红歌中体会到了老一辈革命者艰苦奋斗的精神，并通过团结协作，增强了企业间的凝聚力。“通过十里河商会平台，所有十里河地区的投资者、发展者要捆绑在一起，同呼吸、共命运，做大买卖，共同享受生活，让十里河走上持续发展之路。”红歌会成功举办再次印证了十里河集团董事长、十里河商会总企划李华奎对十里河地区的殷切期望。商报记者 田志英,3,4,0.4861743748188019
十里河商会启动优才计划100名经过筛选符合报名资格的十里河特色街工作人员将参加十里河商会组织的专职人才培训班，培训结束后，合格人员将分别拿到专业监理员、消防中控员、助力物业管理师、高级文秘、档案管理员等职业资格证书，成为十里河特色街上首批持证上岗的优秀人才。“十里河，已经成为家居建材零售领域内的大品牌，未来发展离不开优秀人才的推动，十里河商会将把人才培养作为企业发展的重中之重，每年都会与专业职业资格培训单位联合组织培训班培训工作人员，为企业发展输送不竭动力。”作为人才培养计划工作的负责人，十里河商会副会长李晟杰将培训工作命名为“优才计划”，她信心十足地表示，一定会通过专业培训使十里河特色街上的工作人员专业能力有较大水平提升，为十里河目前发展及未来跨区域发展储备精兵强将。100名员工参加首期培训“18-40周岁的十里河特色街工作人员可以报名参加十里河商会组织的职业资格培训班。”当这样一则“招生启事”贴进十里河特色街各大家居卖场之际，特色街上的工作人员异常兴奋、纷纷踊跃报名，最终100名员工成为培训班首期学员，参加十里河商会联合社会专业职业资格培训单位组织的培训班学习。李晟杰作为培训工作的主要负责人，对人才培养工作充满信心，并将首期培训工作命名为“优才计划”，她表示，参加培训的工作人员多数是十里河土生土长的年轻人，对十里河集团充满热爱，通过培训将使他们的职业技能及企业忠诚度均有较大水平提升，成为十里河未来发展的栋梁之才。十里河商会“优才计划”首期培训班学员毕业后，合格者将分别取得专业监理员、消防中控员、助力物业管理师、高级文秘、档案管理员等职业资格证书，成为十里河特色街上首批持证上岗的工作人员。李晟杰表示，人才培养计划致力于将优秀工作人员从“员”变成“师”，“今年，取得‘监理员’职业资格证书的员工，明年，十里河商会将努力将其培养成‘注册监理工程师’，当一批批‘员’级员工都变成了‘师’级员工，十里河特色街将凭借人才优势而实现跨越式发展”。教育规划诞生优秀人才“未来市场竞争，取决于人才的竞争，谁具备了优秀的人才梯队，谁就能在竞争中顺利胜出。”李晟杰相信，培养一支有作战能力的精英团队，是十里河快速发展必不可少的基石。事实上，早在2006年年底，十里河商会成立之际，商会便为十里河特色街未来发展制定了三条发展大计，其中就有“人才教育规划”。十里河商会秘书长石占成表示，商会将从人才培养入手，建立教育培训基地，制定三年教育发展纲要，以提升十里河的竞争力，支持十里河的持续发展。2008年4月，十里河商会召开第一次教育工作会议，明确提出“十里河教育三年规划”，在十里河工作的员工将通过一系列的培训和再教育，三年内达到大专以上文化程度。为此，商会投资了2000万元于当年建立了教育培训基地，使十里河商会拥有了自己的“教育摇篮”。李晟杰表示，“三年教育规划”出台之后，十里河商会一直努力通过各种形式培养和选拔优秀人才，最近的一批优秀人才就是通过“以史为鉴，开创未来，科学发展十里河”大型图片展脱颖而出。为增进十里河人及十里河特色街上4000多名商户对十里河十年发展历程的了解，并通过回顾历史增加他们对未来发展的信心，十里河商会于今年6月组织举办了“十年十里河”大型图片展，5名优秀讲解员借大型图片展闪亮登场，通过他们流畅、广泛的讲解，观展人对十里河的历史有了更详尽直观的了解。“这5名讲解员都是十里河土生土长的年轻人，都在十里河特色街最平凡的岗位上工作。通过这次选拔培训，他们对自身充满了信心，同时增加了对工作和企业的热爱。”除此之外，李晟杰还带领十里河的年轻人走出去，到井冈山、延安等革命老区体验生活，培养年轻人坚强吃苦的意志，全方位提升员工综合素质。人才战略推动品牌升级走过十年发展历程的十里河已经从京郊一片农村转变成了京城现代文化建材商业中心，“品牌十里河，家居CBD”，当京城百姓对这句广告语已朗朗上口之际，十里河已经从一个地名转变成为一个品牌名，下一个十年，十里河将更加着力打造品牌知名度，使“十里河”三个字享誉全国，十里河集团为此制定了“十年发展规划”。在十里河的“十年发展规划”中，2008年-2013年，是十里河集团打造文化产业的关键五年。十里河将在毗邻十里河特色街的京津轻轨沿线两侧投资亿元，建立9万平方米的文化市场，同时休整马路、污水管线，与程田古玩城、十里河奇石花卉城、千鹤年华书画城、十里河画院、天骄民俗文化城一道，提升十里河特色商业街的文化气息；2013年-2018年，是十里河集团走出北京、面向全国的重要五年，十里河集团将依托品牌优势和管理经验，选择最擅长的商业地产开发、市场管理领域进行投资。李晟杰表示，“今天的十里河已经走上了高速行进的快车道，人才培养必须与企业行进同步；未来，十里河要走出北京、面向全国，今天建立的优秀团队将是十里河征战全国的主力先锋。建立一直强悍的精英团队，将加速十里河品牌升级、快速走向全国”。,3,4,0.43896275758743286
十里河灯饰城启动设计未来公益活动在第25个教师节和国庆60周年到来之际，十里河灯饰城决定以举办慈善公益活动的形式庆祝两个节日。他们准备开展为期6个月的 “设计未来 爱在校园”活动，通过动员家居行业室内设计师的积极参与，筹集善款，为贫困地区中小学校捐赠图书、文具、电脑、体育器材等教育教学设备设施，为贫困地区教育事业做一点实实在在的事情。并以此引领和带动家居行业乃至全社会更多的人加入慈善公益的行列。 本次公益活动的具体内容有：室内设计师所服务的业主每在十里河灯饰城购买1000元的灯具，十里河灯饰城即向贫困地区中小学校捐赠5元钱。同时，活动期间将选拔部分优秀设计师到贫困地区中小学校参加捐赠活动，并为学生们组织学习辅导，引导孩子们的学习兴趣；开展文化、体育活动，丰富孩子们的精神生活。根据贫困地区中小学校的实际需求，活动方将组织设计师免费提供必要的校园、校舍规划设计服务。本次活动从本月开始正式启动，将持续到明年2月。期间将不定期举办捐赠活动。捐赠对象初步选定为北京周边地区的困难学校。据悉，十里河灯饰城已连续几年参与北京市“扶贫济困春风行动”，先后策划组织了“春风进万家”、“春风行动走进汶川”等公益活动，产生了良好的社会影响，慈善公益已成为十里河灯饰城的传统和企业文化的特色。,3,4,0.4182625412940979
十里河特色街命名八年实现跨越式发展9月21日，京城最大的单体建材商圈十里河家居建材文化商业街迎来了政府命名“特色街”的8周年。这条全长3.5 公里、商业总面积达60万平方米、经营商家逾4000家、从业人员超万人、年销售额突破50亿元的特色街，历经起步、培育、成熟、升级四大发展阶段后，取得了京城最具实力和人气家居建材市场的地位，并从此踏上了新的发展征程。 起步：保佳市场入驻孕育商业街雏形十里河开始从农村向城市商业经营转变的契机是保佳建材市场1997年的开业。现任保佳市场总经理、十里河商会副会长兼秘书长的石占成，是第一个到十里河的投资者。尽管当时这里还很荒凉，除了农田以外就是等着拆迁的民宅，马路只有7米宽，但石占成看到了北京商业将向三环以外转移的商机，他投资建立的保佳市场于1997年5月28日正式开业，十里河建材市场云集的帷幕徐徐拉开。保佳市场的开业，引起当地政府的高度重视，他们看到“建材产业”将成为新的经济增长模块，当即决定投入1000多万元用来拆除违章建筑，拓宽大洋路，大力发展建材市场。政府的大力鼓舞和支持给了建材经营商们很多信心：1997年10月1日，新世纪建材市场开业；1998年6月6日，民乐建材市场开业；2000年10月12日，家和家美家居市场开业；2001年7月8日，十里河灯饰城开业，10余家建材市场先后入驻十里河，一条以建材为特色的商业街开始在十里河显现。1997-2001年，十里河特色街雏形逐步显现。培育：政府命名推动“特色街”发展2001年9月20日，十里河特色街迎来了发展史上的大喜事：北京市商委将十里河命名为“十里河建材一条街”，十里河成为北京当时命名的10条商业街中惟一以建材为主要经营特色的商业街，由此推动十里河特色街走上了大力发展建材产业经营的特色道路。2003年8月9日，居然之家分店入驻十里河；2004年8月8日，美联天地建材城开业；2005年3月18日，高力国际灯具港开业；2005年5月1日，千鹤年华书画城开业，东方汇美家居广场试营业；2005年10月1日，十里河奇石城开业；2006年5月1日，华声天桥市场开业；2006年10月1日，程田古玩城开业。2001-2006年，这个政府命名的“特色街”得到迅猛发展，十里河特色街的发展规模和影响力逐步壮大，到2006年年底，十里河特色街已成为京城面积最大、影响力最大、入驻商户最多、年销售额最高的特色建材商业圈。成熟：商会成立稳定十里河市场地位2006年12月25日，14家十里河商家在厦门举行首届高峰论坛，并宣布成立 “十里河商业街商业协会”， 作为十里河集团董事长的老书记李华奎担任商会总企划，家和家美集团总裁田耘出任商会会长，保佳市场总经理石占成出任商会秘书长。这一标志性事件意味着十里河商业街走过了起步和培育的发展阶段，进入了稳定发展的成熟期。十里河商会的成立给十里河商业街的升级发展翻开了新的一页。2007年11月24日，十里河商会组织18位企业老总发表“温州宣言”，各企业2008年共同出资1000多万元统一宣传“十里河”品牌，明确“利益共存、风险共担”的发展机制；2007年12月18日，十里河商会党总支正式组建，分散在18家市场的84名党员加入了商会党总支，并在家和家美等10个市场成立了党支部；2008年4月18日，十里河商会召开第一次教育工作会议，明确提出十里河教育三年规划，三年内使十里河全体工作人员达到大专以上文化程度，为此，商会投资2000万元建立了教育培训基地。升级：人才战略实现特色街跨越式发展今年，十里河特色街迎来了发展史上的第12个年头，也是特色街开街的第八个年头，商业街确定的进一步发展战略便是“全力实施人才培养战略，加速特色街发展步伐，利用5-10年的时间，使特色街‘品牌十里河，家居CBD’的品牌形象在北京及全国范围内全面升级”。6月22日，“以史为鉴 开创未来——科学发展十里河”主题展览在十里河特色街上拉开序幕；7月，十里河“优才计划正式启动”，100名经过筛选符合报名资格的十里河特色街工作人员参加十里河商会组织的专职人才培训班；9月28日，十里河特色街将上演一场规模空前的红歌会。十里河商会党委副书记李晟杰表示：“十里河商会要通过举办形式各异的教育培训活动，让十里河年轻人充分认识和热爱老一辈人留下的宝贵财富，提高自身综合素质，将十里河品牌发扬光大，不仅立足北京、还要面向全国。”,3,4,0.8250982165336609
升级同时设超市上家电 居然之家打造家装航母□记者刘振□通讯员胡振霖本报泰安7月23日讯 23日，记者在居然之家泰安店了解到，居然之家泰安店的场馆升级工作已经过半，招商工作已完成，目前商家正有序进入展位装修阶段，预计8月中下旬开业，近期爆出的“新版”居然之家六大看点，更是让市民对居然之家关注度倍增。此次居然之家泰安店场馆改造最大看点莫过于硬件设施的全面升级。据了解，原商场虽是装修营业不足一年，但其硬件设施达不到居然之家的标准，本次升级改造，居然之家耗资2600万元对硬件设施进行了全面升级：增设12部手扶电梯，对吊顶进行多样的造型设计，增设多项服务设施，地面瓷砖全部更换，外立面形象变更为居然之家全国统一标准的蓝白主题。居然之家倡议“绿色环保”，装修全部采用环保材料。伴随着装修改造的2个多月时间，居然之家对员工进行了充分培训，强化员工的服务意识，多次组织员工到服务最为规范的北京居然之家进行考察学习。同时狠抓销售人员的服务培训，明立赏罚，严格规范，几近苛刻地灌输“向消费者倾斜”、“顾客至上”等服务理念。另据了解，居然之家泰安店改造前部分品类缺乏，品牌也是参差不齐，借助此次商场升级改造，居然之家对品牌、品类进行了重新规划，引进了灯具、五金、涂料等品类，淘汰了部分产品质量与服务跟不上的品牌，同时视泰安市场情况引进了部分居然之家的战略联盟品牌。依据泰安家居市场尚没有超市这一业态，居然之家引入了五金涂料超市——丽屋。居者丽其屋，正是居然之家的愿望。同时，居然之家泰安店还就顾客反映不能在居然之家购买到家用电器情况，专程向集团总部提交申请，借由本次升级之机，将精品小家电引入居然之家丽屋超市，品类包括浴霸、消毒柜、灶具等30余项，这一举动显然可以完善居然之家的“一站式购物”。最吸引消费者的还有居然之家泰安店的促销活动，据了解，居然之家泰安店将在8月中下旬开业之际，联合数百驻场商户推出大型促销活动。厂家最大幅度的优惠政策、居然之家商场自身的促销活动，双重重磅优惠保证让消费者心动。目前居然之家客服中心每天可以接到几十个咨询电话，且出现递增之势。 □记者刘振□通讯员胡振霖本报泰安7月23日讯 23日，记者在居然之家泰安店了解到，居然之家泰安店的场馆升级工作已经过半，招商工作已完成，目前商家正有序进入展位装修阶段，预计8月中下旬开业，近期爆出的“新版”居然之家六大看点，更是让市民对居然之家关注度倍增。此次居然之家泰安店场馆改造最大看点莫过于硬件设施的全面升级。据了解，原商场虽是装修营业不足一年，但其硬件设施达不到居然之家的标准，本次升级改造，居然之家耗资2600万元对硬件设施进行了全面升级：增设12部手扶电梯，对吊顶进行多样的造型设计，增设多项服务设施，地面瓷砖全部更换，外立面形象变更为居然之家全国统一标准的蓝白主题。居然之家倡议“绿色环保”，装修全部采用环保材料。伴随着装修改造的2个多月时间，居然之家对员工进行了充分培训，强化员工的服务意识，多次组织员工到服务最为规范的北京居然之家进行考察学习。同时狠抓销售人员的服务培训，明立赏罚，严格规范，几近苛刻地灌输“向消费者倾斜”、“顾客至上”等服务理念。另据了解，居然之家泰安店改造前部分品类缺乏，品牌也是参差不齐，借助此次商场升级改造，居然之家对品牌、品类进行了重新规划，引进了灯具、五金、涂料等品类，淘汰了部分产品质量与服务跟不上的品牌，同时视泰安市场情况引进了部分居然之家的战略联盟品牌。依据泰安家居市场尚没有超市这一业态，居然之家引入了五金涂料超市——丽屋。居者丽其屋，正是居然之家的愿望。同时，居然之家泰安店还就顾客反映不能在居然之家购买到家用电器情况，专程向集团总部提交申请，借由本次升级之机，将精品小家电引入居然之家丽屋超市，品类包括浴霸、消毒柜、灶具等30余项，这一举动显然可以完善居然之家的“一站式购物”。最吸引消费者的还有居然之家泰安店的促销活动，据了解，居然之家泰安店将在8月中下旬开业之际，联合数百驻场商户推出大型促销活动。厂家最大幅度的优惠政策、居然之家商场自身的促销活动，双重重磅优惠保证让消费者心动。目前居然之家客服中心每天可以接到几十个咨询电话，且出现递增之势。,3,4,0.6292146444320679
华润涂料方昕荣获首届“中国十大企业新闻发言人”6月27日，“首届中国企业十大新闻发言人颁奖盛典”在人民日报社举行。广东华润涂料有限公司副总经理、新闻发言人方昕荣获“中国十大企业新闻发言人(高成长)”并出席了颁奖典礼。华润涂料是此次获得参评资格的唯一一家涂料企业，其以企业新闻传播的独到性、有效性和精准性获得了评选活动组委会的高度评价。历时4个月的“中国企业十大新闻发言人”评选活动由人民网和中国发言人网联合主办，人民网、新浪等50多家媒体协办，上百位中央企业、跨国公司、民营企业及上市公司的新闻发言人获奖人参加了本次活动。活动分别从评选对象、传播成果、传播绩效、传播手法、道德操守等角度进行评选，人民网总裁何加正担任评委会主任。新闻作为信息的载体，已经成为企业提升品牌形象，创造财富的新模式，新闻传播的有效性和精准性正日益成为企业竞争力的核心构成部分。华润涂料作为国际国内涂料行业的龙头企业，一直注重新闻传播机制的研究和运用，充分运用新闻媒介来推动企业品牌的发展。如日前独家支持了由中国垒球协会主办，国家奥林匹克体育中心承办的“世界垒球日”庆祝活动。并通过企业的传播机制在行业媒体进行了及时传播，通过社会公益活动与新闻传播的结合传达了华润倡导健康的理念。,3,4,0.5361529588699341
协会为行业作用 9年来指导企业发展高志华：他为我们这个会能开好，自己也是亲身投入。包括这次年会，大家反应都很好。现在是金融危机的时候，不好做，我们协会就要为行业所用，要出点子。这个洗牌，不能把好的洗掉，要把坏的洗掉。优胜劣汰是社会的发展规律。我们这次年会严格讲起来有三大主题。第一个主题，是我们年会的工作。在年会工作里面，我们把3家九连冠，实木复合地板的七连冠要表彰出来。第一个主题第二个内容，现在金融危机主要体现在营销的萎缩、房地产的萎缩上，老百姓口袋里的钱目前不敢花，出口大力衰竭，这样我们就要加强终端。我们怎样开放国际市场？这次我们也请了一些外国的代表团。在国内，我们把终端表彰出来，评出160多家诚信服务经销商。让消费者感到这个经销商老实，我们愿意买他的地板。因为去年的三鹿奶粉等等一些事件使营销中心不放心，我们地板商除了要24小时天天开通以外，我们还要把终端给它挂上。第一个主题里面我们表彰了优秀的经销商。为了把这个形势开好，我们请了国家的主要领导人，比如国资委、中消协，还包括国家工商局的一些领导讲话。听到中央领导对我们地板行业很大的期望，我们感到很欣慰。我们围绕着第一个主题有三个方面。第二个主题，我们成立了中国实木地板复合制度。这个制度的成立使我们中国实木复合地板更健康、更有序地在国内外打开局面。这次应新浪网要求，我们特意把美丽岛和佳乐美请过来，他们就是实木复合地板的龙头企业。美丽岛这个企业在当地是个大企业，现在来讲，它出口内销。所以这次它也出了很大力，中国实木复合地板制度经过专家及有关部门的慎重审查，在这次年会上我们隆重地推出。而且在八达岭长城我们加上了实木复合地板的纪念岭。中国发展速度最快的就是实木复合地板。这个里程碑一开始，中国的实木复合地板即将要蓬勃发展。这是我们的第二个主题。第三个主题，大家靠木地板发家了，挣钱了。最近在开亚洲经济论坛，温家宝总理都去了。而且要谈台湾和大陆的经济联合。可爱的美丽岛就是在台湾，而我们跟美丽岛是大陆和台湾之间合作的典范。据我知道，它拿了1000万到中国做生意，现在一年盈利就几十个亿。它从这里面拿出一点钱在大陆做生意，还拿出一部分资金种树。第四个主题，我们企业家要有社会良知。我们从这里面挣到钱了就要回报于社会，不要吃子孙的饭。我们要给子孙造福利。我们做了很多捐款工作。我是个大学教授，我是有良知的，没有共产党就没有我，我一直是这样想的，我今年70多岁了，不想干了，但是有时候为了使这些企业家能够走上正道，我还要干。一个人做一件事情要坚持下去，很多老板对我很尊重。我们在去年汶川地震中联合捐助50万。这次年会开得好，我们坚持了一贯原则，为政府服务、为消费者服务，也为我们企业家服务。这样才有发展方向。我们也感谢政府的领导，使得小小的地板行业能得到这么大的重视，我心里也是特别地安慰。,3,4,0.8115158081054688
南昌家居建材市场变脸 外地企业分蛋糕外来“和尚”南昌“分蛋糕” 近期，细心的南昌市民会发现，一段时间以来上海喜盈门建材市场的宣传广告随处可见。而外地企业的强势进驻一时也让部分业内人士感觉“狼来了”。对于刚刚经历国际金融危机洗礼，尚处于恢复元气状态的南昌建材、家具市场，能否再容纳“喜盈门”这一外来和尚，业内人士看法不一。 多数本地企业认为，目前南昌市及周边地区的建材、家具市场份额已经饱和，现在多进来一个卖场只能是多一个人分蛋糕。起于2008年的国际金融危机深刻影响了全国的建材、家具市场，南昌当然也在其中之列。“喜盈门在市场比较低迷的时候选择进入南昌不是明智之举，”某家具建材市场的负责人近日公开表示不看好喜盈门在南昌市场的发展。他的理由很简单，“不合时宜，不占天时”。而这一观点正是南昌本地企业最有代表性的声音。 面对质疑，南昌喜盈门建材市场总经理在接受记者采访时表示，现在用饱和这个词不合适。“南昌建材市场难以为消费者提供优良的购物环境，一些传统的建材市场比较脏乱，中高档商品在南昌还是有很大的发展前途。” 另有分析人士指出，南昌有许多消费者去外地买建材，如果能够留住这部分消费者，南昌市建材市场这块蛋糕有望增大。此外，如果南昌的建材市场发展良好还能够吸引周边城市的消费者。但“东方家园”建材超市和全国著名的建材大卖场“红星美凯龙”在南昌的失败也给商户们一些警示。 市场酝酿洗牌 业内一直将南昌市各大建材市场运营现状，形容成三足鼎立之势。即司马庙的省装潢大市场、洛阳路的陶瓷市场、香江家居建材城，再加上南昌市建材、红星美凯龙、欧亚达等大大小小十余家。外地知名建材零售业企业的进入，则无疑对南昌市建材类市场原本的格局形成一个有力冲击波。 虽然在采访时，多家位于洛阳路和司马庙的商户表示国庆期间销售额与往年没有多大的下降。但是从9月底喜盈门的开张促销活动所吸引的人气，结合洛阳路和司马庙建材市场人气下降幅度来看，外地大卖场进驻南昌给传统市场确实带来了很大的冲击。记者近日在洛阳路看到，原本繁华的洛阳路建材市场冷清了很多。部分原有小型建材商店已经关门大吉，另外一些还在经营的商户顾客进出不多，门庭冷落。 位于洛阳路的一家商户透露，虽然喜盈门国庆期间吸引的人气只是开业促销活动所致，并不代表以后仍然会有很高的人气，但是规模化、商场化的销售模式确实动摇了洛阳路和司马庙建材市场的霸主地位。他正考虑是否把自己的业务进行转型，朝其它方向发展。 从事建材行业的王先生也表示，洛阳路和司马庙积累的地位虽然在短时间内不至于一下全部消散，但是像香江家居等大卖场的入驻必然会吸引许多中高收入的消费者。南昌建材市场消费群体出现分流现象是必然的。 消费方式开始转变 在喜盈门开业前几天，该卖场以“不用购物也可参加抽奖，每天送出一辆比亚迪汽车和10根金条”等促销手段吸引了不少消费者眼球。“大幅度的折扣让利只是吸引人气的一种短暂促销手段”，有关人士认为，真正让消费者喜欢的是规模化卖场良好的环境和相对好的信誉与售后服务。10月26日，一位正在该卖场购物的消费者也持同样观点：“来这边购物，主要是觉得这边的环境好，干净、清爽。” 位于解放东路的南昌市家福特建材超市，曾经营15大类建材，是南昌一个大型建材超市。但近期这里的许多商家正悄然撤离，原场地已换成香江家居，人声鼎沸的大厅消失不见，取而代之的是隔成一小间一小间的私人卖场。“或许这是一个信号，现在顾客的消费理念和消费方式确实在改变，消费者在变市场就跟着变了。”10月25日，一位在香江家居经营家具生意的古姓老板这样告诉记者。 随着市民生活水平和消费维权意识的提高，越来越多消费者习惯到大型建材市场选购自己需要的家具或者建材。“现在可供消费者选择的空间很大，有传统的建材市场，有新型的建材超市，商品品牌可供选择的也不少。”正准备装修新房的市民小叶认为，现在买建材不想再像以前那样“零敲碎打”，东买一点西买一点，价钱不便宜，质量还不能保证。“要买就到大型建材市场去买，享受一站式服务。”记者在采访中发现，大多数消费者都持有类似观点。 传统业态和超市模式融合 “建材行业与日用百货不一样，”南昌一家大型建材卖场的王总经理对记者说：“顾客购买建材可能8年才买一次，有的甚至一辈子就买一次，而日用百货不一样，比如牙刷，两三个月就要买一次，也就意味着建材市场面临的大多数是新顾客，而百货超市大多数是老顾客。想要吸引新顾客，就要做大声势，建立品牌效应。” 对此，业内普遍持赞成态度。另有大型建材卖场负责人在接受记者采访时也表示，要想吸引新顾客，就要建立自己的品牌、提高卖场的服务质量和商品质量，建立良好的信誉度。目前市场上的香江家居、大成之家、喜盈门等大卖场正在试图改善传统建材市场的“散”、“乱”、“脏”的现象，对商品进行分类管理，使购物环境优雅，让客户不仅可以买到各种所需商品，还可以在轻松优雅的环境中购物。 业内人士认为，随着南昌的经济发展和市民消费观念的转变，传统的建材业态和超市模式都已经开始不适合南昌。购物环境和商品分类及品牌齐全等，都成为消费者消费时所考虑的因素。 现在许多大卖场吸收了传统业态的市场经营模式，将摊位出租给各种品牌商户，具有可以讨价还价、选择性强的特点。同时，这些新兴卖场抛弃了建材超市的缺乏艺术性的堆放式货品摆放，而是采取了实景式展示，能让消费者看到商品装修后的效果。这种方式吸收了超市模式和商场化模式的双重优点。 据有关人士介绍，目前无论是超市模式、传统业态还是经过整合的新兴业态，彼此在经营观念上都呈现出融合趋势。,3,4,0.5239720344543457
博洛尼陈炜：回潮是一种创新陈炜：因为一个沙龙的话是一个思想碰撞，思想碰撞一定是有互相的辩论和讨论。根据孙群的话，就是谈到了经济基础决定上层建筑，其实回潮我的一个理解，回潮它不是怀旧，可能有很多怀旧的因素，有很多怀旧的现象，有很多怀旧的产品出来，回潮是一种创新，那这种创新的话它其实根源于历史结合现在的创新才能出现新的东西。而且这种创新是经济到了一定情形下才会出现更多的自信去做那个创作。        这就要先说到我们九朝会，九朝会你说它是一个怀旧的地方，是一个很时尚的地方，还是一个混搭的地方，因为这里可以看到很多元素。我们蔡总为什么愿意做九朝会谈起，有些话题很有意思？因为我们发现中国的经济，从这二十年到三十年的发展现在一不小心成为世界第二强国，这前二十年到三十年我们都认为所有东西国外是最好的，从我们孙总最早代理国外家居产品做起，带动了中国的媚外的潮流。现在发现观点变了，从我们装修的角度就可以看出来，现在很多的家里各类的装修，慢慢都会要求加入一些中国传统的中式的东西加进去，但这种中式的东西又不完全是纯粹的中式，要求是新中式，也就是说用现代的手法和现代的概念展现中国传统文化的元素的展现，我觉得这是一种很有趣的创新。在我们九朝会里面的话想体现的是中国从魏晋南北朝的时候，士大夫的精神在这里有所体现，但是展现的方法又不完全是，比如我们在戏派里展现的是昆曲，因为它被联合国评为物质文化遗产之首。京剧本身就是昆曲创新出来的一个衍生的形式。在我们做这个产品的时候，其实一直就是不能照搬，一定是用现在解构的办法展现出来的东西，所以我们也会设计原先的那个炕，像魏晋时期的士大夫在小桥流水旁边席子一卷就出来了，我们可能不是传统的东西，可能用的是现代的装饰的材料来体现这个产品。这里还有很多的空间和区间都有类似的概念和特色。    为什么要这么做？我们会发现中国经济起来以后，一定会有文化上自信起来。这种文化自信起来根源于中国传统的东西，像我们现在到国外，他们对孙子兵法等等是津津乐道，现在的中国什么能代表出来反而很难。这点的话中国经济现在这种强大必然会给我们一次机会，让我们能够结合现在的东西能够展现出去给整个全世界做一点表现。我想这种回潮，其实也是一种回潮，这是根源经济的发展，文化上的自信而做的更多的创新，而这种创新是结合了历史又结合的现代的一种创新。所以我想我们讲的这种理解，不仅仅简单表现一种现象和情况，也因为如此的话，我们是做企业，做商业的情况，我想孙总，他是忧国忧民，讨论的是思想层次和制度层面的东西。我想这种文化的创新，这种回潮必然也会带来了很多商业上的趋势，但我们也不希望如此，不仅仅希望这种商业上的趋势仅仅变成像怀旧的，变成时尚的元素的一个概念，让怀旧变成一种时尚的概念，而应该是人们真正根源于一部分文化上历史上带来的一个新的创新，这个可能是我的一个观点。段妍玲：大家不同意这个观点的可以辩论，我想大家都比较同意。请杨主任来决定这个沙龙的第二轮辩论。,3,4,0.6269530653953552
卫浴洁具总价不过千 房屋精装存陷阱季先生透露，一些开发商推出“精装修 ”就是为了炒作卖房。“我们装饰公司最愿意全包，就是现在的整体家装(精装修)。即便除去给开发商上缴的利润，我们干一个精装修房的利润也都能达到50%至60%。”季先生给记者算了笔账——就拿“东升江畔”刘老先生家的那套使用面积为47平方米的精装修房来说：粉刷墙面约用一桶半的涂料，而最便宜的涂料一桶100元就能买到，刷出来说是“多乐士”等品牌，业主也看不出来。目前市场可以买到最便宜的地板是每平方米20多元，除了卫生间、厨房和阳台，需铺设地板面积约为40平方米，如加每平方米3元的工钱，总价约1000多元。他们给“精装”用的淋浴设备、座便器、洗手盆等卫浴总价为1000多元。季先生说：“至于‘品牌’空调、热水器，我们会买快下架的老型号。有时把踢角线注明‘实木复合’，该房报出踢角线价为数百元，但实际只需几十元左右，甚至还可能用塑料 踢角线。”按季先生的“实际操作标准”计算，一套47平方米的精装修房最多花费不足1.5万—1.8万元，而通常这样的精装房要比毛胚房贵出5万元左右。“精装房”逃责伪概念据市建设工程质量监督总站投诉科相关人士讲，在相关工程规范中，只有“全装修房”的标准，“精装修房”没标准。开发商所谓的“精装修房”，不过是毛坯房＋普通装修。开发商用“精装修”既作卖点，又规避自身责任。 这位人士认为，精装修 房至少要达到市民家装的标准，但现在开发商、装修公司做的精装房完全靠开发单位的自律。这几年，这么多已交付的精装修单身公寓，很少有房产公司委托他们对装修质量进行监管和验收的。“精装房”曝监管漏洞据记者了解，目前哈尔滨市“精装修房”还是依照建筑工程进行质量验收的。但建设部门验收比较注重工程施工、主体结构安全等，涉及到装修部分很少，多靠眼看、手摸。市质量监督部门工作人员告诉记者，目前哈市尚无一个官方的评测检查“装修房”的正规机构，建筑质量监督部门在检测装修上不专业，装饰业人士办的机构权威性又不高，这造成一些“精装房”质量良莠不齐，多成为开发商卖房的噱头和圈钱的新招，一些劣质建筑材料给消费者健康带来隐患。昨天，在哈尔滨市从事装修近20年、曾与多家房地产企业合作的家装公司负责人季先生向本报爆料——一些所谓“精装修房”就是只有“面子”，没有“里子”的“粗装房”。一些开发商一味夸大装修标准，而实际费用却低得离谱，这造成很多消费者花大钱买的却是低劣产品。,3,4,0.9374529123306274
厂家撤场客户无货提 好美家收消费者仓库保管费荆楚网消息 (楚天都市报) (记者张乐克 通讯员陆红林 肖军)宋先生预缴6000多元在好美家徐东路店购买瓷砖，提货时才被告知厂家已经撤场。近日消费者要求退款，商家却要求消费者补交仓库保管费用。近日，宋先生向武昌区消协投诉这段受气经历：2007年10月，宋先生在徐东路好美家装潢建材市场，花了6324元购买了大将军和欧神诺两个品牌的瓷砖共956片，付款后表示瓷砖要等新房交付后才送货。营业员当即答应。今年7月，宋先生收房后，拿着提货单到好美家提取瓷砖，被告知两品牌已经撤场，无法供货。起初，好美家承诺，宋先生可以在商场内按照原价调换同等价位的瓷砖。不过1年多过去了，瓷砖单价变化较大，宋先生遂要求好美家退款。这时，商家提出要按照合同扣除5‰的货款，缴纳仓库保管费。经武昌区消协工作人员调查核实，宋先生提供的好美家“出样商品叫货单”和“销售结算单”显示，商家在叫货单上注明了“等通知送客户家”的字样。商场负责人表示，因为相关品牌已在商场撤场，所以要收取一定的仓库保管费。对此说法，消协工作人员并不认同。厂家撤场，商场并没有及时通知消费者，造成无货可供，商场已经违约在先，再向消费者收取“仓库保管费”并不合理。经过调解，好美家退还消费者6324元。记者从武汉市12315指挥中心了解到，目前武汉订货交易类合同不规范的问题突出，一旦遇到品牌撤柜、货不对板等问题，消费者往往吃亏。该中心负责人付鸿竹提醒，消费者在选择此类交易时，应就交货期、违约责任等事项，进行明确约定。,3,4,0.5071091651916504
历代珍品古玩现身十里河程田古玩城(图)图为 历代珍品古玩现身十里河程田古玩城图为 历代珍品古玩现身十里河程田古玩城图为 历代珍品古玩现身十里河程田古玩城一场由程田古玩城亲自操办的珍玩精品展近日亮相十里河程田古玩城四层美术馆西区，展品包括汉古玉、唐三彩骆驼、元青花玉壶春瓶、明八角烛台等历代珍品古玩。此前程田美术馆内也多次举办珍玩精品展，并与知名鉴宝栏目及杂志合作，推广程田古玩城的市场形象，但那些参展产品多是来自于社会和业界收藏家。此番程田古玩城亲自操办精品展，所有展品均来自于程田古玩城内。这表明，程田古玩城确实“有货”，奇珍异宝数不胜数，显示出其在业界的领先市场地位。 “这是战国时期的玉盅、这是辽代的带扣、这是汉代的玉龙首、这是唐代的玉骆驼、这是……”8月18日，当记者来到十里河程田古玩城四层美术馆西侧的精品展厅时，董事长程永田兴致勃勃地向记者介绍展厅内的历代珍品古玩，“这些古玩价值连城，多年来一直被程田古玩城内的古玩爱好者收藏着，如今拿出来给业界专家和爱好者分享一下，让人们认识认识程田古玩城里的宝贝！”记者观察发现，参展的展品包括唐三彩骆驼、元青花玉壶春瓶、明代八角烛台、三彩大罐等诸多稀有瓷器，以及红山文化、汉代古玉、极品田黄石、清代昌化鸡血石印章珍品。从年代来看，有战国时期的玉佛器、玉盅，汉代的玉麒麟、白玉四不像、玉龙首、玄武玉，辽代的白玉带扣，唐代的唐三彩骆驼，宋代的玉石狗，明代嘉靖年间的三彩大罐、万历年间的青花瓷、青花八角烛台、黄玉佛珠，清代的三色宝石、象牙器物以及清晚期的极品田黄石、鸡血石等。由程田古玩城亲自操办，大规模集中展示历代奇珍异宝，这还是第一次，程永田表示，此前程田美术馆也曾举办过古玩珍品展，但参展展品多数是来自社会爱好者及业界收藏家，在规模、数量、价值等方面均不及程田古玩城亲自操办的珍品精品展，“这样做的目的就是希望让广大爱好者和业界专家看到程田古玩城内的珍品宝贝，同时给各界收藏着提供一个展示交流的机会，以此弘扬传统古玩文化，推动文物事业发展”。程永田表示，第一届珍玩精品展要起到抛砖引玉的作用，“日后，这样的展览会持续举办，每期可由程田古玩城内的收藏者联合举办，或者由单个收藏者独自举办，通过持续不断的展览，会让社会各界认识到程田古玩城内奇珍异宝无数”。事实上，程田古玩城内每个商户都可称得上行家，每个人的收藏爱好品种不同，但在各自的领域内都有一定知名度，也就是说，他们手中多多少少都有一些价值连城的珍品名品。不定期拿出来展览，一来能让广大收藏者开开眼，二来也能提升商户自身及程田古玩城在业界的地位，程永田道出了程田古玩城举办精品珍品展的直接意义。虽然程田古玩城首届珍玩精品展没有大范围地广而告之，但记者发现，展览刚刚布置完成，已经有不少爱好者和专家前往观赏。程永田满面春风地笑说，以后，来看珍品的收藏者和专家会越来越多。商报记者 田志英/文并摄,3,1,0.8734466433525085
发改委表示 建材业扭转下滑趋势证券时报记者 周 宇本报讯 发改委昨天表示，目前建材产业基本扭转了生产势头下滑的局面，增速稳中趋升，主要建材产品产量保持了增长。今年1-9月，规模以上企业完成增加值4598亿元，按可比价格计算，比去年同期增长18.8%。其中，今年1-9月，全国水泥产量11.8亿吨，同比增长16.1%；平板玻璃产量为4.3亿重量箱，同比下降2.5%，下降幅度减少；建材产品出厂价同比上涨1.2%。前8个月，规模以上企业完成营业收入1.2万亿，同比增长20.2%，全行业实现利润715亿元，同比增长19%。,3,4,0.4513323903083801
史晓燕：引领时尚生活方式的先行者    10月16日，易居中国与新浪合资公司中国房产信息集团（简称CRIC）在美国纳斯达克成功上市。此消息一出，家居业界大腕在分享喜悦的同时，纷纷来电来函，向中国房产信息集团成功登陆纳斯达克表示祝贺，同时对CRIC在未来发展提出了中肯的建议和期待。新浪家居电话连线业内数位大腕，倾听他们对此事的看法，以及对中国房产信息集团上市寄语。【CRIC（中国房产信息集团）纳斯达克挂牌上市】伊力诺依董事长史晓燕伊力诺依董事长史晓燕——北京家具协会理事、民主党派人士。个人简介：1980年 进入北京协和护士学校1982年 北京协和医院骨科护士1984年 美国宝来电脑公司秘书1986年 加拿大德培思系统公司行政助理1993年 赴美国修读惠灵顿学院室内装饰设计专业课程1995年 志港家具(北京)有限公司执行总裁，建立并推广伊力诺依家具品牌2000年 投资及创立北京伊力诺依投资有限公司，并出任公司董事长,3,4,0.7886376976966858
司徒文富：营销要有好产品和好舞台刘晨：我发现您卖的瓜确实挺甜，下面有请司徒文富先生。司徒文富：我们是专门代理欧洲地板，所谓的营销我认为应该有好的产品，第二是有一个舞台，以前中国人说“酒香不怕巷子深”我认为现在是完全错误的，现在首先是应该有好的酒，然后有好的舞台，然后要有好的宣传。现在目前这种媒体的力量，我认为目前已经非常强大了，但是我相信未来会越来越强大，更加强大，很多消费者，由于全世界的消费者也好他们的生活水平越来越高，互联网的应用也越来越高，他们不在网上购物，也会在网上获得想买的产品的有关的信息，所以我们认为这种创新还是多种方面的，我们认为互联网是非常重要的力量，我们集团也会在这方面加大力度，第一要有好的，重要的产品，第二要有像林总，红星这样优秀的舞台，我相信消费者会更欢迎。,3,4,0.6756446361541748
各城市领导分别谈对林业产业维权看法 &nbsp;主持人：广东省知识产权局对林业产业国际维权十分重视，并给予了大力支持，下面有请广东省知识产权局副局长郑良生先生发言。郑良生：各位领导大家上午好，我代表广东省知识产权局对本次研讨会成功召开表示热烈的祝贺。刚才听了贾局长的重要讲话以及各位专家的发言，特别是听了燕加隆公司所取得的国际维权情况的汇报，很有感触。对于燕加隆公司在国际维权这件事，广东省知识产权局一直非常关注，也真心的希望他们可以打赢这场国际商战，前不久燕加隆告诉我，赢了，燕加隆赢了官司，在这里我对燕加隆的成功和胜利表示热烈的祝贺。下面我想就燕加隆公司在国际维权当中所取得的成绩讲几点看法：一，燕加隆胜诉的关键就是燕加隆一拍即合技术具有知识产权。用广东人讲这是正货，不是假货，正因为是具有知识产权的技术，所以才可以在国际上站住脚；第二，燕加隆胜诉的成本就是他们重视创新，重视知识产权，把知识产权视为企业的生命，创新是知识产权的手段，而知识产权是保持创新的法律保障；三，燕加隆给予我们的经验是非常可贵的，在他们取得成功的同时，也给予我们一些重要的启示，第一，知识产权是企业走出去的战略法宝，是企业开拓国际市场的一把利剑；第二，在企业建立知识产权制度是现代企业制度发展的必然；三，企业要发展，必须重视技术的研发和创新，从而创造出自己的知识产权，形成自己的核心技术，占领产业发展的制高点；四，要有一只懂得国际知识产权的队伍，第五，进行国际知识产权的研发，有计划的进行战略布局，这一点我认为我们要学习发达国家企业的经验，例如摩托摩拉公司，他们的手机在中国上市前已经在中国申请了很多的专利；第六，遇到国际贸易摩擦时要积极应诉，敢于应诉，勇于维护自己的利益，积极不是蛮干，要像燕加隆公司一样，有胆有识，有理有据，研究制定应对的策略。以上几点看法是我认为的看法，仅供参考，谢谢大家！主持人：湖北省十分重视科技创新，省林业局率先组建了中国首家低碳经济产业园，引入了像燕加隆一样具有核心知识产权的企业，参加会议的除了林业厅还有一些有关的县、镇领导也参加了，体现了对知识产权的支持，下面由湖北省林业局代表陈先生发言。陈先生：各位领导、各位来宾大家好，今天发言的应该是我们王局长，但是今天下午他要参加一个调研，他临走的时候委托我代替他发言，所以我今天代表王海涛局长，代表湖北的地板企业向燕加隆在加拿大、美国337当中的胜诉表示热烈的祝贺，这不仅长了燕加隆的志气，更长了中国民族企业的志气，这是燕加隆公司掌握产业核心技术，前不久我省在湖北成立了低碳经济产业园，燕加隆公司作为这个园区的龙头企业，牵头企业，投资数亿元发展低碳经济，在这个方面，为发展低碳经济改革方面真正的起到了龙头带动作用，燕加隆一拍即合的专利技术不仅在于他是产业核心技术，也在于他的环保核心技术，不仅如此，燕加隆公司还在湖北发展产业工业，营造工业园40多万亩，有利的支持了低碳经济的发展。燕加隆企业的胜诉，为我们的所有的民营企业带了一个好头，树立了一个榜样。最后希望燕加隆公司进一步注重产品的质量，加大国际市场的力度，进一步研发新产品，推出新技术，获得新专利。把企业做大做强，在国际竞争中仍然立于不败之地，谢谢大家！主持人：林业产业知识创新，国际维权的问题一直得到国家林业局的重视，现在有请国家林业局科技发展中心常务副主任林先生发言。林先生：非常感谢主办方能够在这里为我们行业举办这次研讨会，代表国家林业局科技发展中心科技司对本次会议的主办表示衷心的感谢，同时也感谢大会为我提供一个发言的机会。在这次会议上非常荣幸，也非常高兴的听到燕加隆再次在国际素取得了胜利，燕加隆公司是我们中国，尤其是中国林业企业在国际上参加国际贸易诉讼取得成功的比较少的范例之一，在林业行业当中取得了巨大的振动，我们科技口，科技界对这个问题十分的关注，受到了巨大的鼓舞，在此请允许我代表林业科技战线的全体员工，对燕加隆再次取得国际当中的胜诉表示热烈的祝贺。在世界经济日益全球化的大背景下，在知识经济飞速发展的今天，知识产权是一个核心竞争力的体现，为了应对全球技术贸易摩擦，为了提升我国经济、社会的发展水平和竞争实力。国务院在去年颁布了《国家知识产权战略纲要》，标志着知识产权战略已经成为国家层面进行实施，预示着我们国家的竞争和全球化的竞争上了一个新的台阶。在这里我简单介绍一下林业知识产权管理的有关情况。首先，介绍一个概念，就是林业知识产权包括哪些内容，为了进一步贯彻国家知识产权发展纲要，同时组织六个专题组在进行广泛的调研，争取在短期内制定，颁布出林业知识产权战略纲要。林业知识产权战略纲要主要包括这么几个部分，一个是专利，据我们了解和在数据库的统计有效记录，林业的专利数量是六万多件，其中近一半都是有效的管理，都是目前有效的管理，在全国专利应用总数的2%，整体来说还是不多的。第二项就是体现行业特色的新品种，中国是一个资源大国，也是生物资源非常丰富的国家，经过人工的治理开发，国家出台了一些新的政策，要经过授权、申请，测试、审查确认的，这部分的林业新品种目前已经颁布了四批，供78个，130多件，即将颁布，如果可以颁布的话，在今年年底，明年年初总数量大概在133个水准，达到500件左右。第三个就是体验行业特色的，比如说大家熟知的一些，我们和农业部共同管理的生物、植物、动物这些拥有地理标识的产品，林业这边主要是从林木，果树。再有就是体现林业知识产权管理范围，就是生物遗传资源，我们国家的生物遗传资源十分的丰富，这部分森林林产资源占全球的30%多，我们国家现在是生物遗传的进出口交易大国，通过人的治理、开发、应用；最近12月1日，国家林业局正式批准，将林业行业知识产权工作归到科技中心的职能部门下，为此还专门设立了一个执法管理处，主要负责林业新品种，专利，生物遗传方面监督管理形成执法，目前正在拟定的力量，在行业省区也要相应的建立执法部门。这次参加这个会议也是一个学习的机会，非常感谢主办方产业协会、林产工业协会，燕加隆公司给我们提供这个机会，在这里我们有两个处长在这里，将来作为行业的知识产权管理工作，既要对上面连接国家知识产权局、工商局之外，对内要做好协调，对林业企业做好服务性的工作。最后我简单介绍一下近期将开展的三项工作，主要是在以往工作的基础上，进一步加大力量，从贯彻国家知识产权战略纲要的角度，认真组织行业内的知识产权的工作，重点强化林业知识产权保护，促进林业自主创新和产业发展，抓住实施国家知识产权纲要的时机，抓住林业生物遗传资源等主要产品的保护和应用，提高林业知识产权的质量和核心竞争力。尽快的出台并落实国家林业局贯彻实施国家知识产权战略纲要的指导意见，加强行业指导和协调推进，采取相应的支持和激励措施鼓励自主创新，提升林业产业的整体实力；第二，联系建立林业保护的机制，重点开发出口林产品和知识产权的平台，为林业企业有效的支持产权壁垒提供信息和技术，这个工作主要依托协会的力量，学校的力量，科研的力量做。第三，是要推动建立各种形式的知识产权，开发和保护，开展林业科研单位，企业、单位试点，在此告诉大家一个消息，我们以将燕加隆公司，林科院木材工业研究所叶所长他们，还有大亚集团三家列为林业知识产权的试点单位上报到国家知识产权局，近期就应该批准下来了。我们想借这个机会提升我们的形象，林业知识产权这块的工作量，虽然刚刚起步，当然我们想开好头，高效一点，所以慎重的选择了三家，一旦成功，将获得国家的一些支持。重点是要提高自主知识产权和抵制国际贸易壁垒，推动林产业的发展，最后感谢主办方，认识大家非常高兴，我们行业知识产权管理部门将全力做好服务性的工作，密切配合协会、学会、企业集团、科研单位，以及林业全行业的管理部门，做好我们林业知识产权的保护和管理工作，谢谢大家！主持人：国家知识产权管理部门一直重视这项工作，现在我们欢迎中国专利保护协会副会长兼秘书长肖鲁青女士发言。肖鲁青：各位领导、各位专家大家好，再有两天2009年就过去了，2009年是不平凡的一年，温家宝总理接受新华社记者采访时说过去的这一年是惊心动魄的一年，金融危机当中企业是首当其冲遭受了很大的冲击，中央采取了措施，使中国的经济出现了企稳，一些企业突破了金融危机的影响和国际的打压，出现了良好的发展局面。今天在这里研讨中国林业企业国际维权问题，从一个侧面真实的反映了这个情形，深圳燕加隆公司多年来在市场上维护自己的知识产权，并取得胜利，成为我国企业海外维权成功的范例，因此，举办这么一个会议是具有非常重要的和深远的影响意义。首先反映了我国的企业在国际竞争中不断的发展壮大，我们国家拥有一批自主知识产权的企业，通过自己的努力，实现了一定的目标，也体现了中央领导说的创新可以赢得实力，创新可以赢得发展，创新可以赢得尊严的深刻的道理，在经济全球化的时代，世界的竞争最根本的还是知识产权的竞争，在这一点上，燕加隆就是一个榜样，他们发明的一拍即合地板锁扣技术是一个新兴的专利，它解决了地板的核心空白点，实现了核心的创新，满足了市场的需要，打破了国外市场的垄断，实现了知识产权的价值。其次我们通过燕加隆国际维权的艰难历程也看到，我们企业都面临着这样的挑战，中国的企业要想走向国际市场，必须要做好知识产权的大文章，随着我们国家的企业越来越多的进入国际市场，中国的企业在海外遇到的知识产权诉讼越来越频繁，美国的337调查已经不是什么新鲜事了，核心也是知识产权权利是否得到了侵犯，目前我们国家的企业95%的涉外专利诉讼都发生在美国，发达国家企业运用知识产权壁垒进行大量的侵权诉讼目的很清楚，就是排斥和削弱国外的竞争对手。发达国家的贸易保护主义日益加剧，维护他们的市场垄断和知识产权的优势，为了避免我们企业在知识产权战争中的高额代价，企业建立知识产权的经营策略，管理技术制订海外知识产权的管理应对，都是有效的措施，燕加隆可以通过核心技术，通过知识产权打破国外产业的垄断，走向国际市场也为我们广大的企业提供了一个典型的案例。燕加隆企业维权胜利也告诉广大企业，面对国外企业的侵权诉讼，我们不要迷信国外的先进技术，不能只采取回避的态度，应该敢于积极应诉，学会一定的规则，聘请有经验的律师应诉。近年来我们的企业也相继在国际侵权诉讼中打赢了官司，给我们中国的企业增加了信心和决心，同时也积累了国际诉讼方面的经验，希望更多的中国企业能够以燕加隆公司为榜样，努力的研发自主核心专利技术，不断的增强企业的竞争力，使更多的中国产品走向国际市场，国务院在去年六月五日颁布《国家知识产权战略》我们也相信各级政府也将为企业提供更好的法制环境和市场环境，促进越来越多的企业把知识产权战略融入到企业自身发展的战略当中，提高企业的知识产权，创造、应用、保护、管理能力，推动创新性国家的建设，谢谢大家！主持人：我们刚才以燕加隆国际维权经历为案例，在国际贸易、知识产权等多角度进行了研讨，各位专家、来宾都提出了非常多的建设性的意见和建议，有关国际林业产业维权问题，本次研讨会是一个开始，希望各界，各方面进一步重视和关心林业企业国际维权问题。本次会议就到这里。,3,4,0.5100062489509583
同方彭林：以一当四 开启家庭PC新时代(组图)功能卓越的至尊强者，以一当四来势汹汹，开启家庭PC新时代。备受关注的客厅高清家庭影院电脑(HTPC)行业将迎来新的变革！同方灵悦2——堪称全球最小最瘦身的代管去高清迷你电脑，基于NVIDIA公司的ION图形处理器，提供强劲的高清解码功能，完美支持1080P高码流搞清影音解码，超小体积仅1.8L，八面玲珑外观之下却内含相当丰韵，是一台集合蓝光DVD、搞清播放机、体感游戏机的小巧精致家用PC。时间：2010年1月22日下午15：30-17：00地点：清华同方股份有限公司嘉宾：同方股份有限公司计算机系统本部、消费渠道事业部副总经理彭林主持人：谢娟以下为现场实录：主持人：各位新浪的网友大家好，今天作客新浪乐居嘉宾聊天室的嘉宾是清华同方计算机系统本部消费渠道事业部副总经理彭林先生，彭总第一次到我们聊天室作客，可以先给我们新浪的网友问声好。 图为CRIC房商集团华北区总经理张晓辉为同方颁奖彭林：各位新浪的网友大家好，我是彭林，负责清华同方消费类产品。主持人：首先恭喜清华同方获得“2009新浪乐居网友最关注的数字家庭电脑品牌”，刚刚我们也进行了一个简短的颁牌仪式，说到清华同方很多产品都受到广大网友的关注和喜爱，我们最新近的一款产品就是灵悦2，它的功能是全功能客厅娱乐高清电脑，请您给我们讲一下全功能的定义，好吗？彭林：其实同方关注客厅数字化的事情已经很久了，包括我们名字叫做灵悦2你也知道其实它之前还有一个叫做灵悦1的产品，那个产品其实是在2002年左右就已经诞生了，经过这么长时间，我们对于数字家庭的理解又有了一个更深的进步，为什么我们这次开发灵悦2产品呢？我先简单介绍一下灵悦2产品的定位。其实我们在考虑未来消费类产品将要往哪个方向发展的时候，已经深刻的意识到一个问题，就是我们很多的消费者都有这样一个需求，什么样的需求呢？我们需要把一些电脑上的内容和一些互联网上的影音希望可以搬到我们普遍的客厅里的电视、音响或者投影仪比较重要的一些客厅的媒体娱乐化的设备上，这样用户体验起来可能更加舒服，而不是简单传统的通过普通的电视节目，或者简单的光盘、DVD。其实这样一个简单的现象背后透漏着一个深层次的未来的发展方向，就是笔记本电脑以及普通的家电化设备的融合，这个事情很多厂商已经做了。但是具体怎么做，做出什么产品可以很好的整合起来，让用户有很好的体验，清华同方主要是在这些方面做得比较靠前。这样一个产品你们会看到很小巧，非常时尚，甚至当拿到它的时候你会很惊讶它是一台电脑吗？可能觉得它不像一台电脑，很家居化的产品，其实这也是我们设计它的初衷，我们希望这个电脑设计起来以后，看起来好像一个普通的家电设备，但其实它是一台全功能的电脑。全功能有这么几个层面，一个是它用的其实是X86架构，X86架构意味着它可以运行W平台，运行W平台意味着所有基于W的软件、娱乐、播放的格式它是通吃的，都能够兼容的。另外，也意味着它可以把整个互联网的内容原封不动的获取过来，因为这是W平台和X86架构的优势所在。第二个全功能，它虽然体积非常小巧，但是它的性能一点都不弱，它用的是Ion离子平台，它在视频解高清方面的处理能力是非常非常强的，我们现在可以非常流畅的支持1080p的片源的格式，不要看着小巧，但是在视频表现力上是非常非常好的，这也是一个全功能。第三个全功能指的是我们在这么小巧的体积里，我们还做进了光驱，而且光驱还是可换的，将来你可以换成蓝光，或者你买了一台DVD可以换成蓝光，或者未来格式的光驱性产品，这个在业内就不容易了。因为业内如果有类型的产品的话，体积或者比这个产品大，或者没有光驱。没有光驱意味着什么呢？意味着用户只能把它当成互联网的终端设备使用，无法当成CE、DVD光盘的设备。用我的化来讲3C融合还不太到位，有了光驱以后，听歌、看电影都非常非常方便了。所以，用一句话概括，麻雀虽小，但是五脏俱全。 图为灵悦2产品图片主持人：您刚才提到这三点都与我们家庭娱乐息息相关，接下来请您给我们阐述一下在现在这个时代，您对于家庭娱乐所处这个层面的理解究竟是一个什么层面才能满足现代人对于家庭娱乐的一些需求，在这个过程中我们科技产品又扮演着怎样的角色？彭林：是这样，其实每个公司，包括一些国际大厂，像英特尔、微软都有自己对于未来数字家庭的定义，那些大厂也都出了很多成套的解决方案，但是同方作为一个中国的本土企业，它作为中国式的家电，在未来五年到十年中它应该变成一个什么样子，我们有自己独特的研究和看法，可能跟他们不太一样。我们认为国内的一些家庭在未来数字娱乐化应该往哪个方向发展呢？我觉得最重要的一点还是如何把互联网海量的一些娱乐资源可以真的和客厅、电视这种传统的显示设备和享受视听设备进行一个整合。这个其实就是我认为未来五年中国家庭特别关注的数字娱乐家庭的一个方向。怎么做，不同厂商在探索不同的道路，清华同方我们是希望提供一个非常家电化的设备，首先从外观就很家电化，从使用感受来说，也很家电化。比如它的快速开机，你希望一个家电型的产品，DVD也好，音响也好，开机时间不应该像普通电脑一样，一分钟，两分钟的时间才启动起来，你希望是一个即开即用的感觉。第三点非常方便，当你想看到一个影片的时候，你希望通过几个简单的操作键就可以看到这个影片，这些都是家电化的一些特性。我们电视、机顶盒一开开就可以直接观看了。这是家电化的一些要求，另外还有PC方面的一些要求，用户希望我获取的资源是无限的，他可能不太希望仅局限于电视台播放的一些内容，给我们固定安排好的一些内容，我希望选择我感兴趣的内容，这个是互联网可以提供给他的，但是普通的电视节目提供不了。还有就是互动交流，我不是仅仅作为一个信息的接收者，我可能也会在看或者享受的过程中我也希望表达我的一个感觉，或者我需要跟别人交流，或者我需要来改变我未来新的娱乐的内容和一些方式，我希望去表达，这些是普通家电提供不了的，是传统的PC领域所能提供的。融合指的就是把这两种方式很好的结合起来，让它既有家电化的体验，又可以有IT领域中内容的一个支持。我认为我们不用看得很远，说未来智能化家居或者娱乐化家居发展成什么样，但是我认为未来3—5年左右，中国的家庭很多人都会有数字娱乐整合的设备作为自己在家里娱乐的一个中心。,3,9,0.9527164101600647
同方彭林：未来家居会变成一个互联网终端主持人：刚才我参观了咱们的展厅之后已经怦然心动了，尤其说到“俄罗斯方块”情结之后更想买这个产品，我们的目标群体是不是也锁定了80后，而且80后除了向往娱乐消费有另外一个特点，他会理智性消费，我们的产品贵吗？彭林：又提到80后的敏感话题，我本人也是80后，但是我觉得我们在做这个产品之初就对我们的用户群有了清晰的定义，但并不是80后这样的划分方式，这个用户群是什么用户群，他首先对自己的生活品质有一定的要求，另外他接受新事物的观念比较的超前，他不是很传统的观念，因为据我身边的例子来看，我有很多的亲戚朋友在DVD已经很普及的时候，还在用录像带、录像机播放电视节目，这些不是我们的用户人群，我们还是希望尽快接受新鲜事物，而且知道科技发展的新产品可以给他们的生活带来很好的提升，所有这部分人都是我们真正的用户群。你说它的价格会不会很贵，其实我们最便宜的产品大概只有两千多块钱。我们的用户群是很注重家居化的人群，这种人可能在逛一些家居化的卖场的时候，像红星•美凯龙，像居然之家的时候，他们可能发现买一个水池还要花一万块钱的成本，当他发现仅仅花两千块钱就可以买一个真正改变他娱乐生活方式的产品的时候，我认为这两千块钱对他绝对不能算贵的一个产品。图为访谈嘉宾与主持人合影主持人：下一个问题，灵悦2不仅是全球第一款预装win7系统的高清客厅PC，也是同方进入HTPC领域的第一款产品，我们花这么大的成本推灵悦2，这是不是代表我们未来的发展方向？彭林：可以在很大程度上说，未来的数字家庭和家居方面就是我们同方消费类产品的发展方向，这个是基于什么？是基于我们对未来用户使用习惯、消费习惯、生活习惯的一个预估。大家知道传统的电脑是一个大方盒子，加上一个大的显示器，一开机声音非常大，嗡的一声，启动很慢。未来不是，电脑会融入到我们每个人生活中，你会看到只要融入每个人生活的设备都会做得越来越时尚，越来越小巧，手机等就是这样，未来电脑也是这样，它跟人生活结合得越来越紧了。所以，同方想要在未来的消费类产品领导一个潮流的话，就一定要从现在开始积累，开始有自己的理解，从现在积累我们的研发能力、市场经验等等，我们也希望在未来用户的消费习惯有了转变以后，这种产品变成市场主流以后，那个时候同方就应该是市场的领跑者。主持人：我问一个比较尖锐的问题，作为国产行业的先驱，清华同方在未来发展上或者对应海外企业冲击上，我们有什么应对措施？因为索尼好像也在研发同类的产品。彭林：其实现在国内的几个PC厂商，大家都在奋发图强的做一些自主研发，自主创新一类的产品，为什么呢？大家也看到了，国外品牌的强有力的冲击。这点我是这么理解的，2000年之前的时候，那时候完全是国外品牌的天下，那个时候主要是联想、方正、同方，我们这几家国内厂商来以杀性价比为突破口，迅速把整个国内PC市场全面占领了。大家在2002年，2003年的时候，市场上见不到国际品牌，那时候很多人退出了。但是这两年一些国际品牌又杀回来了，这里面请大家注意一点，这次国际品牌杀回来，用的方式跟当初我们用的方式是一样的，是来杀价格的，是来杀性价比的。这时候很多用户发现国外品牌也不是那么贵嘛，跟国内品牌差不多了，但是，这时候我想告诉消费者一点，电脑发展到现在了，已经不是靠杀性价比可以占领市场的阶段了，已经不是当年的时候了，电脑高高在上，我花便宜点买个电脑就可以了。现在中国的消费者已经深刻的了解了电脑是什么，可以做什么，对我的生活有什么帮助。有一点我非常乐观，同方，包括海尔、方正、联想，这些国内品牌大家都意识到这一点了，我们做一些新产品的时候都非常有针对性，针对中国家庭的特点来开发一些产品，这时候你会发现国内品牌反而不过多的强调性价比，而强调我们产品本身的价值，强调我们给用户提供的好处到底在哪里。我个人深刻的认为这才是品牌和产品长久发展的一条路。你刚才也提到，索尼其实不是对我们冲击最大的，惠普、戴尔他们的价格已经杀得蛮便宜了，包括宏基，但是我们不怕，为什么？他们还是一直做一些传统的PC，我们所说的传统的电脑，但是像你说的，索尼、华硕，这种厂商反而不停的在做一些创新性的研发，不停的推动一些市场新的形态产品的发展。我不认为它对我们国内市场现在有很大的冲击，因为毕竟从规模啊，市场效应来说我们这几家还是非常大的，另外，我认为这个市场有一定的竞争反而对促进产品的升级换代，促进产品的价格下降是有一定好处的。而且我们同方也不惧怕这种新形态的产品的退出的速度，研发的能力和性价比，其实我们都是有很强的信心的。主持人：再抛一个难题给您，评价一下市场上的同类产品。彭林：评价同类产品的同时我先评价一下自己，我不知道一提起清华同方各位网友会想到什么，但是我评价清华同方，我们清华同方是一个非常有产品活力的公司，大家可以在近几年之内不停的听到同方推出什么新产品，有什么类型的一些东西。创新的思想源源不断的在市场上涌现，这一点也是让同方从成立一直走到现在还没有被市场淘汰的一个重大的原因之一，就是我们同方的产品不停的在更新，在推陈出新，在更新换代，我认为这已经成为清华同方的一个烙印了，我们不停的在推出一些更新的产品，引领市场的产品。如果让我评价一下市场上的同类其他产品的话，在我眼中做得非常好的像联想、惠普、戴尔，包括方正，我认为这几个厂商都是国内PC市场做得非常好的一些厂商，他们各自有各自的一些特点或者特色，大家都按照自己设想的方向去发展，尤其是联想，它可以走到国际化的程度，已经发展得非常好了。但是，我认为像清华同方这样的土生土长的本土公司，我们的理念是学校理念或者国人的一些理念，我们可能还不能称之为国际化，但是我们非常有信心，我们一定可以成长成一个引领中国市场的非常优秀的企业，一个公司，就是因为我们对产品，对市场，对用户需求的理解。其他厂商，像海尔，海尔我认为它是一个更综合的公司，它在家电方面做得非常好，可以这么说，是我们整个家电类国人的骄傲，所以它的长处可能是更多产品的面上，覆盖面可能更广。方正可能在行业领域发展得非常好，它对教育类、政府类、行业市场的占领也是在国内做得非常好的，但是我们同方主要还是在消费类非常有冲劲，我是这么评价自己的。主持人：目前灵悦2在市场上的推广情况如何？彭林：其实我们在10月份，做的是市场方面的预售，当时全国供货只有150台左右，那个时间确实生产批量比较小，但是在7天的预售期基本上已经卖了170多台，从这几个月开始，我们已经在全国范围内逐步开展了大范围的推广活动，包括线上线下，包括跟咱们这样的媒体进行合作，包括跟一些地方电视台进行合作，已经全面开展了，可以这么说，现在主动跟我们洽谈灵悦2业务的人非常多，络绎不绝。我相信也是同方对于未来消费领域发生的一个变化也是比较认可的，大家觉得将来是一个很大的市场机会。所以，我认为真正灵悦2市场的爆发其实就是在春节前这段时间，大家年底有钱了，愿意去买一些犒劳自己的享受的一些事。主持人：今天跟彭总聊的比较随意，时间关系，咱们访谈接近尾声了，请彭总咱们一起憧憬一下，您感觉未来您理想中的家居娱乐环境，跟数码有关系的环境应该是什么样的？彭林：其实从这个角度来说，咱们双方是同行，我们都是靠着自己的辛勤努力为消费者描绘一个未来的美好家居到底应该是什么样的，我们是在做这方面的工作，你们也是在做这方面的工作。我主要从我了解的领域，其实真的用户，就是一个消费者，我希望他的所有的一些娱乐活动基本都可以在他的起居室也好，客厅也好，就可以全部完成了。将来的家庭，我说的稍微模糊一点，现在每个电脑是一个互联网的终端，互联网搜索是由电脑组成的，但我认为未来每个家庭是一个互联网的终端，将来每个家庭通过网络获取数据是方方面面的，是非常全面的，从你的菜谱上，冰箱里应该采购什么样的食品上，我生病了以后应该看什么病，吃什么药这些数据，还有我未来应该怎么去做事，怎么安排我的工作，怎么安排我的学习，我要结婚了，怎么去安排我的一些事情，还有娱乐，我通过看这些电影电视，眼睛见到的，耳朵听到的一些娱乐，或者我直接参与的互动的一些游戏，等等通通这些东西都是基于家里面的数据处理中心来跟整个互联网进行接轨，所以，我认为将来整个家庭会变成一个互联网的终端，一个节点。主持人：春节也马上到了，彭总给我们网友什么样的祝福？彭林：新年到了，大家也都对2009年有一个很好的总结，希望大家通过自己的努力，2009年都有很好的收获，我们在这里寄希望于2010年，我也希望大家的2010年都能在自己的生活方面有一个很大的改变，不管是通过新浪家居也好，还是通过清华同方也好，还是通过其他家也好，大家都能通过自己的辛勤努力关注我们家居，关注我们的生活，也可以对自己的生活品质有一个很好的提升。我希望大家2010年的愿望都能够实现。主持人：再次祝贺清华同方获得我们今天的奖项，我也希望在灵悦3上市的时候彭总能够再次走进我们的演播室现场，今天的访谈非常愉快，感谢您。谢谢。彭林：谢谢。,3,4,0.5058199167251587
吕斌：从行业剖析为何推三层实木复合地板主持人：很感动，这次我们企业诚心诚意一起推，公益性的活动，推三层实木这个品类，没有以前硝烟的感觉。我们林总虽然名字排在比较偏后一些，还愿意跟大家一起分享，在这个氛围里是比较和谐的。非常感谢前面三位，我们前面三位从欧洲，中国，从中国产品国际化三个角度，跟大家分享了我们今天想跟大家分享的主要核心内容。下面我们想听一听来自行业协会领导的观点。首先有请中国林产工业协会，地板委员会秘书长吕斌先生，给我们谈一谈我们行业，整个企业一起来推广三层实木复合地板这个品类，它的一些想法。吕斌：尊敬的贵宾、女士们、先生们，大家下午好！我没有想到今天有这么多参会者，特别是我们企业从全国各地到北京来参加下午的会议。另外还有我们从事一线建材行业建材市场的代表，还有外方代表，还有协会代表，以及各位媒体朋友，非常感谢大家参加这个会议。我们这个活动在最近有媒体报道了，刚才我们主持人也讲了，我们这次活动是公益性活动，我们做三层实木复合地板全国推广活动，它的背景有这么几个。第一个，这个产品是在我们中国生产的，从欧洲引进装备、设备、技术，我们生产以后再销到欧洲，我们到现在为止，80%以上，90%以上都销往欧洲，欧洲人非常喜欢。我们行业通过这么多年发展，在中国三层实木复合地板行业，已经非常成熟，从设计到生产，到销售，到服务都已经非常成熟的产业体系，虽然在我们地板行业中它不是一个大的产业类，像我们强化地板有两亿多数平方米，我们实木地板有5000万，我们多层实木复合地板有5000多万平方米的量，我们竹地板是2000万平方米的量，再加上三层实木复合地板，在去年是2500万平方米的量，在我们整个地板行业中量不是很大的，但是它这么多年的发展已经成为一个非常成熟的产业体系。到现在为止有将近100家企业在生产，这些企业的装备和各方面都是引进的。因为三层实木复合地板要求是比较高的，从生产环节、技术环节要求是比较高的，不太容易做的。它的结构是三层结构，它不对称，对称结构才会稳定，它设计的时候要考虑节约优质木材，第二层、第三层都是速生材，他为了节约木材设计了这个稳定，为了保证它稳定好，满足高层次产品的需要，这里面就有技术含量了，就是生产起来非常难。我们国内将近有100家企业的生产，我们设计做到了5000万平方米的设计量，在世界上我们中国三层实木复合地板也是能站得住脚，但是中国木地板行业中，它属于比较小的一个品类。这是说的一个大背景。第二个，我们搞这个活动，主要有这么几个考虑。第一，我们行业贯彻党中央、国务院对经济的号召，要保增长、促努需、调结构、惠民生，这个行业我认为它的品类不是哪一个行业，它有弹性的发展。我们要通过这个行业，因为我们销售的少，它产业发展的弹性就有。通过我们国内大量的销售，在世界范围内推广，它的增长弹性空间是比较大的，对我们国家三层实木复合地板和行业增长，对我们国家经济增长我想会起到推动作用的。我说的第一个，贯穿党中央、国务院要保增长、促努需、调结构、惠民生，大政方针下。第二个，我们行业发展要求，我们三层实木复合地板是我们这么多地板中，它是一个小品类。整个行业爱发展，各个品牌都要发展。我们现在小，我们希望能够通过这个品类，因为它是一个好产品，发达国家都非常认可的产品，我们希望通过这个产品的发展带动整个行业的快速发展，使我们国家木地板行业由大国向强国迈进。这是我说行业发展的需求。第三个，也是我们企业发展的需求，我刚刚说了，我们中国三层实木复合地板生产企业，基本上面向欧洲市场，现在受世界金融危机的影响，对我们企业影响非常大。因为受影响以后，我们企业产品出不去，产品很好，企业很好，管理也很好，产业体系也很好，但是现在影响非常大。企业要发展，要度过这个难关，我们要通过企业找出路，调整产品结构，促进企业的发展。企业在金融危机下，他要有发展的需求。第四个，是我们中国消费者和世界消费者的消费需求，这个产品我们方方面面的会议，通过市场反馈的意见消费者不清楚，不了解，在中国市场确实是少，在市场上看不到，消费者不清楚，不了解这个产品有什么特点，有什么要注意的事项，这个产品到底是怎么回事？不清楚。这时候老百姓非常关注，产品又不清楚，这时候怎么办？我们就要做一些消费知识的普及，把这些质量、标准和产品特点，一些行业知识、专业知识，通过信息传递让我们消费者知道，通过这个能够引导我们消费者科学的消费明明白白的消费，理性消费，给他一个知识普及，所以我刚刚说的也是我们消费者的需求。我们这次做一些活动、论坛，包括上次搞的培训会，行业和专业培训已经做过了，我们内部论坛，包括跟企业和行业专家，还有有关协会在一起论坛的讨论和企业活动，最终目的是达到我刚刚说的四个需求。感谢大家参加这个会议，也祝我们活动能取得的成功。谢谢大家！主持人：谢谢吕秘书长，中国建筑装饰协会跟中国林产工业协会一直保持着良好的关系，是我们友好协会。中国装饰协会会员单位也是我们下游客户，大家还想听听中国装饰协会的领导对我们三层实木复合地板品类，包括我们活动给一些建议和意见。首先，我们邀请中国装饰协会信息委员会咨询委员会秘书长田万良给咱们讲话。大家欢迎。,3,4,0.5029997229576111
听专家权威解析家居卖场剧烈震荡的原因震荡景象一：调整卖场结构 调整卖场结构，适应市场需求，迎接新的挑战，是一些品牌家居卖场应对市场变化的法宝。在这轮调整潮中，北京的居然之家和城外诚可以称为领头羊。 北四环家居建材商圈作为京城最高档的家居消费商圈之一，一直备受各类建材家具品牌垂爱，居然之家北四环店作为商圈的顶梁柱更是成为高档家居品牌进驻北京的必争之地。然而，有限的营业面积不得不让众多商家心急如焚地在外排队等候。为此，在这个夏天，居然之家北四环店1万平方米的1号馆被推倒重建，将扩大到3万平方米后借国庆之机亮相。届时，几十个本土家具品牌将有机会借机进驻，而5号馆内部分高端国产红木家具也将搬迁至新1号馆，完全变成进口家具馆。调整后的居然之家北四环店将成为名副其实的北京高端家居卖场标杆，增强更大的竞争力。 年初呈现短暂回暖、随即又步入低迷阶段的房产市场让下游家居企业对市场预期不甚乐观。城外诚采取的手段是“建大店”：鼓励入驻品牌将终端店面做大做精致，增强展示效果，提高单位面积产出，增进各品牌销量，以此缓解楼市低迷对下游家居市场造成的强烈冲击。 京城惟一的“家居奥特莱斯”——容和家居在面对市场消费下滑时做了更为深层次的市场结构调整，将原本占据市场主体的家具、床具等产品多数更换成了家居饰品和床上用品。容和家居老总朱兆春打出的牌就是，让容和家居与燕莎奥特莱斯经营品类高度契合，借以分享其丰富的客户资源。 震荡景象二：扩大经营体量 对于综合性卖场来说，品牌全、“一站式”一直是一大梦想；而专业化卖场则希望多些品牌旗舰店，展现自己的品牌实力。为此，红星美凯龙、集美、万隆汇洋都逆势走上了扩容之路。 自2002年进京开出第一家店，历经7年时间，红星美凯龙在北京已深深扎根，相继在京开出4家店面，分别占据京城东、西、北三处重要的建材商圈。发迹于江南并占据了中国南方家居市场主要份额的红星美凯龙进入北京之初便一直梦想着与居然之家平起平坐，首先是在店面数量上与居然之家相当，随着今年“五一”红星美凯龙北五环店开业，这个梦想终于实现了。近日，红星美凯龙接管美罗城A座，将作为红星美凯龙东四环店的建材馆。扩容后的红星美凯龙东四环店原有10万平方米则全部用于经营家具，为一直等着进驻红星美凯龙东四环店的家具品牌开道。 去年刚刚在卖场里开出油画超市，今年又紧锣密鼓地张罗红木家具厅，拥有最大体量的集美一直没闲着，“五一”之后，集美红木家具厅正式亮相，使这个拥有30万平方米经营面积的集美家居大世界在经营格局上更加完善，成为建材、家具、饰品、艺术品、高档红木家具的集散地。 “万隆汇洋，品牌灯具的海洋。”随着今年年初“万隆汇洋灯具灯饰批发城”更名为“万隆汇洋灯具灯饰时代广场”，这个“品牌灯具的海洋”已经完成从一个灯具批发市场到经营理念更先进、品牌意识更鲜明的高档灯具大卖场的转变，紧随这一转变发生的重要事件是，万隆汇洋在二层之上又建起了占地2万平方米的三层，全部用于经营高档灯具品牌，单品最小经营面积都在300平方米以上，顺应万隆汇洋打造品牌的经营思路，至此，万隆汇洋总经营面积达到6万平方米，成为京城最大的灯具卖场。 震荡景象三：瘦身缩减成本 要么继续亏本等死，要么瘦身求存。在震荡的市场竞争中，百安居选择了瘦身之路。 1999年进入中国的百安居曾呐喊“要以先进的超市模式打败传统摊位制市场，5年之内，统领中国建材市场全局”。5年之后，也即是2005年左右，莫说百安居，就是所有的在华建材超市加起来所占的市场份额还不足10%，距离“统领建材市场全局”的目标，百安居还差得太远。不过也正是在那一年，百安居收购了欧倍德在华的13家门店，使其规模空前壮大，百安居再次树立的目标是“到2009年，开出第100家店”。然而，2008年巨大的市场压力之下，百安居被迫关闭了其在华63家门店中的22家店，规模骤然缩减，另有17家不盈利的门店也逐步面临调整瘦身的命运，百安居的目标屡屡受挫。 最新的消息是，一直不愿将北京门店纳入瘦身改造计划的百安居总部开始对北京部分门店进行改造，百安居马连道店、亦庄店相继面临调整。有业内人士指出，百安居亦庄店是收购欧倍德所得，一直盈利欠佳，但为避免“在京关店的负面影响”，一直维持经营，被定位为“特色店”，卖水泥、沙子等产品，与百安居其他门店大相径庭。如今这家店正在猛甩货品，是否关张还不得而知。马连道店地处马连道茶叶特色商业街内，其楼上均是经营与饮茶相关的产品，没有形成家居消费氛围，生意一直惨淡，百安居总部正酝酿将其经营规模和经营品类进行相应的调整，以适应周边消费需求。 震荡景象四：关店撤离北京 适者生存，强者愈强，这是市场竞争的规则。这轮家居卖场的震荡中，注定将会淘汰一些品牌，毕竟北京的市场空间有限，而卖场真的是“太多了”。 去年11月25日，“好美家撤离北京市场”的消息让业界大跌眼镜：尽管好美家进京6年一直未曾掀起大风大浪，但前一天还在正常营业、一夜之间便飞快撤离、只留下些许人员处理退货、返款等问题，撤得如此快速、干脆，让人不得不感叹当时弥漫在家居圈表层的“危机论”已经实实在在地触及了部分企业的底线，惟有关店才能将损失降到最低。 今年“五一”之后，一直尝试转型的环三环家居也面临着与好美家相似的命运。环三环对外宣称：“受铁路施工影响暂停营业。”在现场施工的工人也说：“3个月后，铁路就能修完，届时环三环就能重新开业。”但环三环的商户们却不这么想：“现在市场情况这么不好，停业3个月人气更没了！”同行们也不这么想：“环三环一直革新不断，可每次革新都没什么效果，现在停业了还欠着一些商户的货款不给，有商户正准备拿起法律武器维权，这样的市场谁还愿意再跟它合作？”环三环停业成了业界的“心头之痛”。同行所说的“环三环革新”指的是，2003年环三环打出“家居名品折扣店”；2008年将建材馆租给苏宁、在院内另起一处大厅做建材超市。时隔一年，建材超市招商工作还未全部缕顺，就遭遇了“修铁路暂停营业浩劫”，转型超市未捷遂又停业，环三环还能再营业吗？事实上，环三环早已名落京城主流家居卖场名单，它能不能再营业人们并不关注。 人们关注的是，经历这一轮市场震荡，谁能趁势崛起，谁又将遭遇没落？ 权威声音 卖场需满足消费者和商户共同利益 北京市场协会家居市场分会秘书长刘晨 经受危机洗礼的京城家居市场正在进行强有力的结构“优化”，强势品牌会借势变得更强，而弱势品牌将逐渐变得不适应市场。正是这一轮“优化”促使强势家居品牌更加看重“满足消费者的利益需求和入驻商户的利益需求”，提升品牌影响力。无论是居然之家、城外诚调整经营结构，还是红星美凯龙、集美扩大经营体量，都是本着满足消费者与商户利益需求出发，同时提升自身的品牌影响力，只有这样才能提升各自企业的市场权重，也就是提升其市场地位和销售额，始终在市场上占据属于自己的地盘儿。 反观那些撤出北京市场或关店瘦身的企业，一定是其运营模式、经营理念及服务体系跟不上市场形势，无法满足消费者和商户共同需求导致的。这就警示着我们家居企业一定要对自己提出更高的要求，以适应市场发展的脚步，主要体现在提升企业的综合素质，包括对经营理念、运营模式的思考，对企业团队管理能里的提升，对驾驭市场能力的掌控等。 事实上，京城家居市场这一轮结构“优化”调整也说明了家居市场已经呈现回暖趋势，企业有力气朝着既定的目标迈进。我们应该相信，经历这一轮“优化”，京城家居渠道品牌将变得更加强势、更加能够满足消费需求和广大生产厂商的需求。,3,4,0.5529770255088806
吴厚斌感言生活不是诗叙写历程吴厚斌：大家下午好，刚才赵总、张总、李总说了很多的恭维的话，我说恭维是确确实实做得非常不够。今天是星期二，是一个非常繁忙的日子，我今天搞这个活动本身是很忐忑的，这些老总能不能来？会来多少？我这个诗集里，涉及到的人物有130个左右，今天到这里来的有七八十个，很多人因为繁忙，但是这样也发了信息来祝贺。在这里我心怀感激地说一下我的诗集。首先说一下为什么要出这本诗集，大家知道我是一个记者，文学不是我的本行，因为我真的没有读多少古文，更没有背多少诗，我在初中高中的时候都是理科，那个时候升学最主要。作为一个农村的孩子，要跳出农门，只要不考试的就不去学。那个时候历史、地理、语文都不是要求很重，因此对于诗的一些积累是没有的。后来开始写诗进了记者这个行业，发现不能人云亦云，我再行业里有一句话叫原创。不管写得怎么样，写得好、写得坏，一定是自己的东西我把它称为原创。逢年过节的时候看到一些新鲜的东西，总想跟朋友们发一个信息表示谢意，发现很多大家传来传去的格式化短信，没有新意，我想有一个新意，在逢年过节的时候就写一点新的。用诗的方式写，这个得到了一些人的赞赏，于是就越来越脸皮后，就继续写下去。到了去年的奥运会，因为报纸全部向奥运让路，所以没有多少事，天天看体育、看赛事，其实我不喜欢体育，但是因为是百年不遇的大事就看。看完以后，记者的角度就手比较快，如果不写手就会迟钝，就写一些东西发给大家。我发的这些人都是有头有脸的朋友、老板，大家都很忙，不像我这么闲他没有时间去看电视，我的诗成了他了解奥运赛事的重要途径，哪一天发得晚了一点他们还说你怎么不发了。这样一鼓励，奥运会16天，我写了26首诗，在这本诗集里有一个奥运板块，用我后来的感觉做了一定的修复，但是基本保持原貌。这样一来形成一个写诗的习惯，到奥运之后有一个习惯，每天看到什么事情都会写下来，然后跟朋友共同欣赏，有一部分人愿意欣赏，我在手机里形成一个群，写的每首诗歌发给大家。现在我的诗友群有200个比较固定的。形成一个习惯之后，到什么地方都写，我最多的时候到桂林一天写十首，一景一首，给大家发，他们说你每天都很闲，我说不是闲，而是每天都有感悟。时间长了我这些诗友有一个想法，能不能想个办法让手机空下来，有的人真喜欢我的打油诗。大家建议我出个诗集，我觉得作为我人生中的旅程，作为日常生活中所见所闻的敢想，把它记下来也是一个好事，慢慢把诗集起来，在出版社出版，这就是我为什么会出这本书的原因。第二个问题就是为什么叫“生活不是诗”出这本书的时候想了很多名字，出版商题的名字大家说太落伍了。就征集各种方案，有什么触摸生活、感悟生活等等，有一天跟一位朋友，跟一位朋友说，他说你不要说诗了，说家居行业有本书叫千万不卖家居，但是讲的全是卖家居，关键是卖的文化、卖的创意，生活不是诗，生活在你那里就是诗了。我马上有灵感，把名字定为叫生活不是诗，因为生活确实不是诗，只要有感悟、有激情的人才能写出诗。第三，这个诗集里写了什么，大家知道除了我们行业以外，还有很多其他的东西，有感悟、有出游、有奥运，又回到家乡看到美景，还有同学聚会的感悟，形成了十集，相对比较丰富。第四，诗集的特点，从原创的角度来讲，这本诗集的其他东西不重要，我觉得我有一个原创，自己给自己的诗集做注释。诗人都希望大家去猜，但是我希望我见到的东西、当时的场景全部写下来，让大家轻松地去了解。希望我这个生活不是诗，真正成为大家茶余饭后的谈资。谢谢大家！主持人：我想在座的嘉宾平时都会收到他发的信息，他是用手机在写诗，今天嘉宾给吴厚斌带来了一份礼物，接下来我们请这位朋友，给我们带来的一份礼物，有请。我们看一下他带来得是什么礼物。这是一个手机，上面有“秋之歌”这是吴厚斌刚刚创作的诵秋的诗歌。接下来我们请刘秘书长分享吴厚斌诗集的感受。,3,4,0.7903029918670654
吴厚斌揭秘《生活不是诗》创作历程吴厚斌揭秘《生活不是诗》创作历程吴厚斌：大家下午好，刚才赵总、张总、李总说了很多恭维的话，我说恭维是确确实实我做得非常不够。今天是星期二，是一个非常繁忙的日子，我今天搞这个活动本身是很忐忑的，这些老总能不能来？会来多少？我这部诗集里，涉及到的人物有130个左右，今天到这里来的有七八十个，很多人很繁忙，也发了信息来祝贺。在这里，我心怀感激地给大家说说我的这本诗集。 首先，我要说一下为什么要出这本诗集。大家知道我是一个记者，文学不是我的本行，因为我真的没有读多少古文，更没有背多少诗。我在初中高中的时候都是理科，那个时候升学最主要。作为一个农村的孩子，要跳出农门，只要不高考的就不去学。那个时候历史、地理、语文都不是要求很重，因此对于诗的一些积累是没有的。 后来开始写诗是进了记者这个行业，不能人云亦云，我在行业里有一句话叫“原创”。不管写得怎么样，写得好、写得坏，一定是自己的东西，我把它称为“原创”。逢年过节的时候看到一些新鲜的东西，总想跟朋友们发一个信息共享，发现很多大家传来传去的格式化短信没有新意，我想有些个新意，在逢年过节的时候就写一点新的。用诗的方式写，简单，明了，没想到这种做法得到了一些朋友的赞赏，于是就越来越脸皮厚，就继续写下去。 到了去年的奥运会，因为报纸全部向奥运让路，所以没有多少事，天天看体育、看赛事，其实我不喜欢体育，但是因为是百年不遇的大事就看。看完以后，做记者的职业反应是手快，就写一些东西发给大家。我发的这些人都是有头有脸的朋友、老板，大家都很忙，不像我这么闲，他们没有时间去看电视，我的诗成了他们了解奥运赛事的重要途径，哪一天发得晚了一点他们还会发短信来关切地问：你怎么了？没什么事儿吧？这样一鼓励，奥运会16天，我写了26首诗，在这本诗集里有一个奥运板块，基本保持了当时的原貌。 奥运期写诗习惯了，奥运之后就成了一个习惯，每天看到什么事情都会写下来，然后跟朋友共同欣赏，有一部分人愿意欣赏，我在手机里形成一个“诗友群”，写的每首诗歌发给大家。现在我的诗友群有200个比较固定的朋友。形成习惯之后，到什么地方都写，我最多的时候到桂林一天写十首，一景一首，给大家发，他们说你每天都很闲，我说不是闲，而是每天都有感悟。时间长了我这些诗友就对我说，你出个诗集吧，不然我的手机都存不下你的诗了。我觉得作为我人生中的一段旅程，作为日常生活中所见所闻的感想，把它积结起来，出一本诗，也是一件好事。这就是我为什么会出这本书的原因。 第二点我要说的是，为什么叫“生活不是诗”。出这本书的时候想了很多名字，最初叫“生活咏叹调”，是一个出版商取的。大家说太落伍了，像上世纪八十年代的名字。于是我就发动朋友一起想，征集各种方案，有什么触摸生活、感悟生活等等，都不是特别满意。有一天跟绿之岛董事长林高宝交流，他说家居行业有本书叫《千万不要卖家具》，讲的就是如何卖家具，因为它要表达的观点是，不要为卖家具而卖家具，卖的是文化、卖的是创意。于是我得到了启动：我写的是生活，生活不是诗，但有灵感，有激情，就变成诗了。于是我决定名字定为《生活不是诗》，因为生活确实不是诗，有感悟、有激情的人才能写出诗。 第三，这个诗集里写了些什么？大家知道，除了我所关注的商业、家居行业以外，这部诗集里还有很多其他的东西，有感悟、有出游、有奥运，有回到家乡看到的美景，还有同学聚会的感悟，形成了十集，相对比较丰富。 第四，诗集的特点，从原创的角度来讲，这本诗集的其他东西都不重要，我觉得我有一个最重要的原创，那就是自己给自己的诗集做注释。过去的诗人写诗，究竟是什么意思，都希望大家去猜，但是我希望在自己的书中把自己见到的东西、当时的场景全部写下来，让大家轻松地去了解。我想，如果五百年后我不幸成为人们怀念的诗人，那些想通过注释我的诗吃饭的人，肯定是被我砸了饭碗了。 真心地希望，我这本《生活不是诗》，给大家带来感想，带来快乐，成为大家茶余饭后的谈资。谢谢大家！,3,4,0.700911283493042
吴厚斌：希望每年家居行业都能进行一次总结主持人：谢谢张总！在座的各位都是北京商报的朋友，都是吴厚斌的老师的朋友，今天大家聚集到这里，是为了庆祝《2008—2009北京家居行业景气报告》的发布，以及北京商报《家居产业》周刊创刊三周年的庆典。下面有请吴厚斌老师发布“年度行业景气报告”！图为 北京商报《家居产业》周刊主编 吴厚斌吴厚斌：各位领导、各位朋友，我一年一次站在讲台上，把你们当听众。说句实话，我并不是那么愿意的。为什么呢？因为我的所有思想应该来源于你们，我经常是在你们讲话的讲台底下，拿着笔记着你们的思想，拿着照相机捕捉你们的神情。所以一年一度当一次主人，这个感觉非常好。因为有北京商报《家居产业》周刊这个平台，把那么多的朋友、那么多的企业聚集到一起，尤其是今天这么一个非常好的日子，虽然下着雨，但是确确实实很清爽，这个地方也确实非常非常美丽，晚上大家留下来再泡泡温泉的话，也是非常惬意。所以，我希望大家晚上都别走。说到这个“景气报告”，我们这个是做了第三年了。北京商报创刊已经是7年，家居也做了7年，但真正把家居当成一个比较专业的一部分来做，是在三年前。我想三年前很多的朋友也参加过我们的一个发布会，那时的发布会应该说没有今天阵容这么强大。原因就是这三年来，通过北京商报这个平台，已经跟很多的这些朋友交上了更深层次的这么一种关系，这种关系就是互相吹捧共同进步。今年的这个行业，确确实实大家遭遇了很多的挑战，但是大家都挺过来了。当我做这个刊的时候我非常担心，我最担心的是，大家说我不行了，你就算了吧！结果发现，说这话的人有，但是很少，跟我说，那你再怎么不行，你也得支持，于是大家都来了。所以我看到这厚厚一本出来的时候，我很兴奋。说明什么？说明这个行业实际上影响是有的，但大家肯定是挺过来了，而且很多品牌做得很好。我记得我第一次做“景气报告”的时候，给大家说景气两个字是世界经济用的，但是“景气报告”倒真是我们北京商报原创的。因为我们北京商报写文章写确实追求原创，我们的总编辑要求非常严，我个人也是记者，对我自己的要求也很严格。因此我敢说，我们的每一篇文章确确实实是用自己的想法去写的，但是自己的想法来源于我们企业家的想法。所以，我们今年给大家看到的这个刊，是这一年来我们对这个家居行业发展状况的一个理解，实际上也是你们很多老总的理解，因为我还是那句话，我们的思想来源于你们。你看我们的十大商战、八大关键词、牛人牛语，这些可能是你们在不经意间发生的事情，尤其是有些话说过了就忘了，但是回想起来非常好玩。我们就把说这个话的背景放在后面，所以出来的东西更有创意。今年我跟你们说的话，当然不可能每个人都记进去，只是选取了一些偶然想起来你们说过的话，这个真的是面对行业，尤其是面对金融危机的影响，你们怎么做的，这个从背景里面可以看出来，你们做得非常好，非常有意思。至于我们的品牌，今年也有很多的变化，比如北京家具卖场，真的，我用振荡这个词来形容。我记得上次我们写了这篇文章以后，报社把我们的文章评二等奖。但是，确实报社肯定认可了我们说的振荡两个字，确实有道理，因为变化太大太大了。另外还有一个就是融合，我们有一篇文章，把橱柜和衣柜放在一块，因为这个行业很难分清楚，到底谁做橱柜、木门和衣柜，这里面TATA是做木门的，好莱客是做衣柜的，但是其他的都是眉毛胡子一把抓。陈总出来的意德法家，你看出来橱柜、木门、家具什么都有。所以，我希望每年我们的行业都能够进行一次总结，同时与这些朋友们做一次聚会，我也有机会站在这个台上跟大家做一个汇报。最后的希望就是，你们做得更好。谢谢大家！,3,4,0.5685917735099792
唐绍群：新浪家居拉近企业与消费者的距离(图)      采访嘉宾：中国林科院木材工业研究所信息中心 副秘书长  唐绍群      新浪家居：您好，唐秘书长，我是新浪家居陈玲，很高兴采访您。  唐绍群：你好。      新浪家居：在北京时间10月16日，易居中国与新浪合资公司中国房产信息集团在美国纳斯达克成功上市。作为新浪家居是集团的一个版块，您是否知道此事？您对这件事如何看？      唐绍群：好事，以后我们协会跟新浪乐居会走的更近，希望新浪乐居多报道一些行业发生的事件，通过网络地板企业与用户拉近，与消费者之间的距离拉近，新浪家居起到了更好的作用。     新浪家居：谢谢，我们力求要做家居行业最领先的媒体，同时也力求做最专业的媒体，以帮助企业和整个行业的发展，您对我们有哪些建议？      唐绍群：融资后企业更广阔，平台会更宽广，我们作为协会，一定会积极配合，与新浪乐居多合作，多拉近距离。  新浪家居：能否对我们的成功上市，给予一些寄语贺词？      唐绍群：祝新浪乐居访问量节节攀升，做到家居网站NO.1！      【嘉宾简介】       唐绍群： 中国林产工业协会副秘书长，业内资深专家。 协会成立至今已历经三届，第三届理事会于2000年10月在北京选举产生，本届理事会理事单位140家，常务理事单位98家，副会长单位10家。国家林业局副局长李育才、党组成员江泽慧为名誉理事长，张森林为理事长、国家林业局计划与资金管理司司长姚昌恬等12人任副理事长，唐绍群为副秘书长。     【推荐阅读】         木业企业牵头成立研究院蔚然成风       宜华木业：出口逐渐回暖 业绩逐步回升势      美国商务部裁定宜华木业反倾销 进口敲响警钟       【媒体声音】      中国证券报：新浪易居合资公司CRIC登陆纳市       上证报：新浪易居合资公司CRIC逆市登陆纳市       第一财经日报：CRIC上市首日市值20亿美元       新华网：新浪与易居合资公司CRIC登陆纳斯达克       专访丁祖昱：CRIC在做前人没有做过的事情       专访罗军：CRIC具有巨大的商业潜力       专访曹国伟：在某些垂直领域会做更多尝试 【更多】     上市背景资料：      美国东部时间10月16日(北京时间10月16日)消息，易居中国与新浪合资公司中国房产信息集团(以下简称CRIC)在美国纳斯达克挂牌上市，首日开盘价12.28美元，超出发行价0.28美元。CRIC为易居中国与新浪的合资公司，股票代码为CRIC，发行价12美元，共发行美国存托股票(ADS)1800万股，同时承销商有权在未来30天内，行使总额达到270万股的超额配售权，此次IPO共计募集资金约2.16亿美元。作为中国在美国的地产科技第一股，CRIC是中国最大的专业房地产信息服务公司，并且拥有同时覆盖线上线下的房地产综合信息和服务平台。CRIC的成功上市，也创造了两家在美国上市的中国公司，分拆各自极具成长力的业务后进行合并，并进行二次上市的先河。CRIC联席董事长、CEO周忻表示；“我们很高兴看到CRIC成功上市，此次IPO将确立CRIC作为中国房地产信息服务第一品牌的地位，并有利于CRIC继续推进国内最大和最先进的房地产信息系统建设，使CRIC成为同时覆盖线上和线下的强大中国房地产网络信息服务平台，为房地产开发商、供应商、专业机构以及个人用户提供多元化房地产信息服务。CRIC联席董事长、新浪CEO曹国伟表示：“CRIC的成功上市，是易居中国和新浪合作的重要一步，也是我们在垂直领域商业模式探索的有益尝试，我们很高兴有机会发挥双方的协同效应。而进一步拓展和深化互联网垂直领域的商机，建立公司在细分市场的核心竞争力并做大做强，这也是新浪未来长远战略的重要组成部分。,3,4,0.6805800199508667
商家代表回应家居业是否回暖 刚性需求仍存在主持人：现在报道房产市场有一些回暖，目前家居行业也有一种回暖的状态，但是这种回暖也遭到了业内的质疑，这种回暖是建立于我们大量做促销活动的基础上才有的一种小回暖。不知道各位有没有在做这种让利消费者的活动？还有一个问题，刚才曾总提到我们是针对中高端用户。据我了解有一些企业也做了调整，现在有没有偏向低端用户呢？曾国忠：说房屋回暖，我们是从需求层来看的。目前中国谈不上回暖不回暖，因为它本身就很强劲。就我们来看，所有资料都显示最起码中国还有一半以上的人想买房子。如果说还有一半以上的人想买房子代表这个需求是很大的，这个需求是不会间断的。在国外或者台湾的需求可能没这么大，但在中国就有这么大。不是回暖不回暖的问题，只是在今年买或者明年买的问题，因为他们始终有这个需求，跟人吃饭一样。这是一个需求的问题。所以我不赞成现在经济不景气，大家就不买房子。这跟需求是有关系的。就算经济再不景气，还要买房。这是需求问题。如果有需求就代表他有一定的需求量，短期来看可能会往下滑。其实经济危机造成的最大影响是心里层面的影响，倒不是经济的影响。心里层面导致购买速度下滑，这是一种观望。经过危机之后，大家会慢慢体会到一个现实，我的房子一辈子就买一次，我干嘛就去买个几十万的房子？他们开始慢慢构思我需要什么样的房子，需要什么样的品质？很多企业都想用低价来抢占这个市场。但往往到最后低价策略都是生存不了的。生存不了最重要的因素就是它会带来恶性循环，品质越低，大家的对它的信心就越不足。我们可以看一些世界品牌，好象没有一个是走非常低的价位。从这种情况来看，他可以牺牲自己的利润，没关系，但是绝对不能牺牲他的品质和技术。这些东西是不可以打折扣的。如果库存多一点，可以促销，但绝对不能牺牲品质和技术，这是我们企业一直强调的。品质是第一的。肖芳：非常赞成，一切都是以消费者需求为主的。主持人：其实刚刚听了您的谈话，我有一个问题，您说人总是要吃饭，确实人要吃饭。但如果我兜里有钱可以吃得更豪华一些，没钱就会吃一个馒头。可能消费者现在就是这个状态，我们对消费信心做过一个调查，60%以上的老百姓现在都不敢花钱。曾国忠：他不敢花钱不代表他没钱花。人有几大需求，孙中山以前讲过“食衣住行娱乐法”。当然中国人民吃饭没有问题，穿衣服没有问题，住是一定要解决的。以前我可能住在乡下一个茅房，但是在他见识到了外面的世界之后他再也不想住茅房了。他会为了这个目标去努力，去克服。他可能会观望，可能会等，但这个需求是一定会有的。我们也看到很多奔驰、宝马，很多年轻人都很想要，现在他买不起，不代表他以后买不起。有一天他有这个能力了，他就会买奔驰。我觉得这些都是短期现象，包括现在经济下滑，消费者在观望。但是观望不代表他们没有需求。我认为高品质的东西未来还是一定要存在的。主持人：王总怎么看的？王强：其实两位老总谈得很深。我个人谈一个浅见，其实中国房地产刚性需求很大，中国的民间财富也很多。我有一个亲身感受，奥运村附近的房子03、04年的时候卖五六千，突然过几年一万几千，又过了几年就达到了两万、三万。说实话中国房价有时候确实涨得离谱，可以说离老百姓生活还有很大差距。所以不是中国的房子卖不掉，这个差距要有一些过程。另外，中国房地产的品质的确不错，但是不是价格和品质有一定的差别？而且这个房价就像一批拖缰的野马没有约束。其实中国的刚性需求还是有的，主要是房价和实际生活有一定的脱节。为什么50平米的小户型比150平米的户型还贵，卖得还快。这是为什么？这就是一个实际情况。,3,4,0.9592195153236389
嘉丽士漆牛年大让利   加盟10万送20万在嘉丽士2009年营销精英集训会议上，嘉丽士总经理张文辉先生宣布“全力出击， 集中资源，精耕细作，密集网络”的营销作战方针，不惜重金聘请国际当红影星李冰冰小姐出任嘉丽士代言人，并公布史无前例、让利空前的“嘉丽士漆牛年大让利，加盟10万送＞20万”的招商政策，率先出击各种活动，抢占千载难逢的利好机会。率先出击E网络招商 抢占千载难逢的机会2008年金融海啸对各大企业影响颇大。据了解，阿克苏至今已经关闭12家工厂，裁员2万多名员工，开始执行“开源节流”计划应对金融危机。从康师傅高薪聘请到立邦的中国区总裁已辞职。中华制漆的“立邦团队”涌进，使原有的精英人才分流；收购华润的威士伯2008年销量下滑。而嘉丽士2008年在CCS紫光大道营销模式的指引下，在全国拥有800个加盟商，加盟店达到2560家，全年销售实现正增长，特别是乳胶漆增长幅度较大，成为涂料行业异军突起的一批黑马。日前，小品牌正在压缩投入，大品牌受全球金融危机影响纷纷出现不同程度的状况。而国家相继出台“二套房贷政策松动、免税、降息、暂停对境外机构和个人购房的限制、开发商拿地可延期付款”等等救市政策扶持房地产产业，使很多城市房地产连续数周销量增长，出现逐渐房产回暖现象。可见，2009年是嘉丽士天时地利之年，是嘉丽士把握千载难逢机会之年。因此，嘉丽士率先挑战机遇，在各大涂料网站、建材网站、装饰网站、招商网站、搜索引擎网站、门户网站家居频道等等1000多个网站进行“嘉丽士漆牛年大让利，投资10万送＞20万”的大规模招商活动。率先出击大让利活动 抢占千载难逢的机会嘉丽士面向全国空白地区(省级、省会、地级、县级)诚征装修漆加盟商，凡在2009年加盟嘉丽士的经销商，只要加盟10万，就享受行业史无前例、硬件软件配套齐全、首批亏本大让利的＞20万元支持，即15万的全线产品支持+1万店面装修支持+1万会员启动基金+1万元店长和服务人员培训基金+1万售后服务车购买基金+1台无气喷涂机+1台终端电脑+1台调色机等硬件支持，还配套人员招聘培训支持+成功市场观摩学习+《公司化管理手册》+《终端标准手册》+《乐活色彩推广手册》+《终端标准培训手册》+《钻石会员俱乐部操作指导手册》+《小区推广指导手册》+《装饰公司推广指导手册》+《工程招投标指导手册》+《售后服务标准手册》+《市场管理政策》+《紫光大道营销模式》光碟等等软件支持。率先出台8大保增长措施 抢占千载难逢的机会为了延续嘉丽士持续增长的势头，在嘉丽士经销商年会上，周董事长特别指出8大保增长措施：其一、零利润保增长；其二、员工重奖重罚保增长；其三、空白市场全面开发，并协助客户开发乡镇网络保增长；其四、乡镇产品下乡支持保增长；其五、广告预算增长3倍建设品牌保增长；其六、全力出击做样板市场，保证加盟客户盈利发展；其七、网络密集强终端保增长；其八、工程师走进市场，为市场订做产品保增长。嘉丽士周董事长预言：谁在2009年有大动作，而未来1-2年即可大翻身，比往年更容易获得成功！,3,6,0.5807539224624634
嘉宝莉漆环保小卫士网络评选活动“如果人类持续现在的行为而不做任何改变，那么到21世纪结束的时候，地球上的物种会减少一半。如果这些数据都不能改变人类的行为，还有什么会使人类觉醒呢？”——E.O.威尔逊，哈佛大学社会生物学家。事实证明，我们赖以生存的环境正在逐步恶化。时至今日，环境保护的重要性不言而喻。先行，始于足下。早在环保意识淡薄的几年前，嘉宝莉漆便以“健康生活色”关心居住健康为己任，注重对环保涂料的开发，致力于打造最健康的高品质涂料品牌，并研制、生产出代表健康生活新观念的嘉宝莉水性木器漆、零VOC乳胶漆、无毒固化剂、BB氧吧儿童漆、UV漆等一大批绿色环保产品。这些绿色环保产品的推出，不仅为人类绿色居住环境做出保障，更代表着国内环保涂料的品质与方向。千里，积于跬步。环保精神与嘉宝莉。09年8月20日至10月4日，嘉宝莉水性木器漆“绿色世界，从小开始！”儿童环保小卫士网络评选活动正式开始。从我们身边的小事开始，记录少年儿童的环保小行为，从小灌输与培养孩子的绿色环保意识。让更多的人们参与起来，对环保意识多一份的重视与关注，做一些力所能及的环保小事情，让我们共同的明天能够多一些的绿色与美好！此次活动的报名时间为09年8月20日至10月4日，报名参赛的小选手年龄限定于3—16岁的少年儿童，活动报名步骤为家长登陆嘉宝莉漆官方活动网站。简单填写参赛小选手的个人资料，上传孩子的照片或视频、编辑孩子的环保小行为。活动评选规则为网友参与投票评选，每周截取票数领先的前5位参赛小选手为“环保小卫士本周之星”，连续五周共评定出25个大奖名额(周评选中重复进选的参赛选手得重复大奖)。另外25个“总环保之星”大奖名额在活动第六周产生，由嘉宝莉企业及嘉宝莉特约环保嘉宾评定。活动评选持续六周，共评定出50位活动大奖总名额。其中，“环保小卫士本周之星”将获得嘉宝莉公司提供的价值600元的“折叠车”或“滑板车与智能娃娃组合套装”一份(奖品二选一)，“总环保之星”将获得嘉宝莉公司提供的价值998元的名牌点读机一部。另外，所有注册参加本次活动的参赛选手均可获得价值80元的嘉宝莉水性木器漆神秘礼物一份！绿色，从小开始。家中有孩子的父母，现在开始就可以为孩子报名参加活动了，嘉宝莉绿色公益环保小行动，为孩子的心灵积蓄更多健康与美好的同时，还有50个价值￥500至￥1000的活动大奖待您获取，快来报名参加活动吧！,3,9,0.5328802466392517
嘉宾为红星美凯龙北五环店正式剪彩主持人：现在稍稍有一点小雨，我觉得水代表的是财，一定象征着红星美凯龙的业绩不断的攀升，下面正式剪彩，有请各位嘉宾上台。主持人：现在我们的红星美凯龙北五环店正式开业，谢谢各位！在这里我们共同预祝红星美凯龙的明天更加美好，今天的开业庆典仪式就到这里，感谢各位的光临，谢谢！(本次活动到此结束),3,4,0.4845897853374481
四条原则贯穿玻璃业 抑制玻璃产能过剩工业和信息化部有关负责人日前在年中国玻璃行业年会暨技术研讨会上提出，抑制平板玻璃产能过剩需要结合4条原则：一是控制增量和优化存量相结合；二是分类指导和有保有压相结合；三是创新产业和产业升级相结合；四是市场引导和宏观调控相结合。 国务院日前召开的常务会议，将建材行业里的水泥、平板玻璃列入产能过剩行业。对平板玻璃行业产业政策导向是严格控制新增产能，遵循调整结构、淘汰落后、市场导向、合理公平的原则发展高档用途及深加工玻璃。对现有在建项目和未开工项目进行认真清理，对所有拟建的玻璃项目各地方投资和工业主管部门一律不得备案，各省区市要制定淘汰落后的具体时间，鼓励企业联合重组，在符合规划的前提下，支持大企业集团发展电子平板、光伏太阳能、低辐射镀膜等技术含量高的玻璃产品，以及优质浮法项目，坚决抑制产能过剩和重复建设。 这位人士还指出，行业管理部门要切实履行行业管理职能，抓紧制定、修订相关产业政策，进一步提高能源消耗、环境保护、资源综合利用等方面的组织能力；加快编制或修订平板玻璃专项规划，避免盲目和无序建设；质量管理部门要切实负起责任，依法加强产品质量监管，加大处罚力度；鼓励新产品、新技术开发和玻璃深加工，推动产业升级，鼓励企业自主创新，通过技术改造改进生产工艺和技术装备；各级投资主管部门和行业管理部门，要进一步加强产能过剩行业的项目核准和备案管理，不得下放审批权限；鼓励优势企业通过并购重组加强产业扩张，促进大集团形成和发展，提高行业集中度，优化资源配置，充分利用国内、国外两个资源，采取市场多元化，参与国际竞争，鼓励附加值高的深加工玻璃行业到国外开展工程总承包，进一步扩大国际市场份额。具体措施概括为严格市场准入、强化环境监管、严格依法依规控制供地、实行严格的有保有控金融政策、严肃项目核准和备案管理、做好企业兼并重组工作、建立信息发布制度、实行问责制，以及深化体制改革等。 -相关链接 近年来，随着我国经济的高速发展，以及建筑业和环保节能需求的不断拉动，我国玻璃工业得到了快速发展，并呈现出产品产量、质量、效益大幅度提升的良好局面。2001~2008年的8年间，全国新增126条浮法玻璃生产线，新增产能3.7亿重箱，成为历史上增长最快的时期。 平板玻璃行业自去年下半年开始出现产品销售困难、产品价格低迷、行业盈利下滑的局面。特别是进入2009年，这些问题更加严峻。第二季度以来，虽然产品价格有所回升但还不稳定，效益仍处较低水平，而造成这些问题的最主要原因就是新上项目过于集中，产能增长过快。 2008年，我国平板玻璃总产能6.5亿重箱，其中浮法玻璃生产线共计188条，产能5.7亿重箱。平板玻璃总产量5.74亿重箱，其中浮法玻璃4.8亿重箱。今年上半年，全国新建浮法玻璃生产线13条，产能4848万重箱。目前在建的生产线还有近30条，产能1.2亿重箱，含新建全国平板玻璃总产能将达到8.2亿重箱，而今年全国的需求预计在5.8亿重箱左右，产能严重过剩。 目前，全国停产的浮法玻璃生产线30余条。,3,4,0.503138542175293
国家副主席习近平考察陇星散热器公司6月9日下午，中共中央政治局常委、国家副主席习近平和同行的中共中央政治局委员、中央书记处书记、中央组织部部长李源潮，在中共甘肃省委书记陆浩、甘肃省省长徐守盛、兰州市委书记陆武成等省市领导的陪同下，来到位于兰州高新技术产业开发区的兰州陇星散热器有限公司考察。陇星散热器有限公司董事长吴爱华、总裁吴继祖陪同考察，并向习近平副主席及有关领导汇报了公司产品研发及企业经营情况。习近平副主席首先参观了陇星散热器有限公司新落成的“中国散热器采暖集成系统展示中心”，随后来到生产车间考察。习近平副主席在听取吴继祖总裁的介绍时，频频点头，对陇星集团坚持科学发展观，积极应对金融危机，走自主创新之路，研发环保节能产品所取得的成绩给予了充分肯定。习近平副主席饶有兴致地观看了陇星各种散热器产品，了解到陇星产品节能环保、物美价廉时，副主席说：“好，就是要研发、生产既环保节能，同时老百姓买得起的产品。”一路上，习近平副主席说的最多的一句话就是：“好，很好，希望你们好好干！”亲切的话语，充满了国家领导人对陇星干部的关怀和对广大员工的鼓舞。下午三点零五分，习近平副主席结束了对陇星公司的考察，在全体员工热烈的掌声和依依不舍的目光中离开了陇星。习近平副主席亲临陇星考察，这是陇星公司及散热器行业莫大的荣耀，陇星人将以“提供优质采暖产品，提升民众生活品质”为宗旨，秉承“诚信、进取、品牌、责任”的企业精神，为实现“提高民族品牌竞争力、实现产业报国”的目标而努力奋斗！矢志成为中国散热器行业国际品牌！6月11日，中央电视台《新闻联播》、《晚间新闻》，甘肃电视台《甘肃新闻》等重要媒体进行了新闻报道。中国建筑装饰协会、散热器行业协会领导、业界专家等有关人士也纷纷向陇星公司表示热烈祝贺。,3,7,0.7828890681266785
国美门店试取消进场费 家电商担心变相收费贝恩资本3名董事会成员进驻国美电器后，首个针对渠道门店的战略改革浮出水面。记者昨天获悉，国美试取消进场费。目前，国美电器首家无进场费门店已经在济南开张，下半年还会有50家这样的门店在全国相继开业。国美方面表示，取消进场费和厂家促销员是国美今年提升门店效益的内容之一。 部分家电厂商表示，变相收费是连锁卖场惯用的手法，即便没有进场费也可以通过提高经销商返点费，比如广告费、年节费、毛利补差等来变相收费。还有不少厂商担心，国美取消进场费有可能只是一种形式上的调整。,3,1,0.5184531807899475
国采家具项目 定点内外企业共同逐鹿为价值上亿元的资料及藏品寻找一个匹配的存放之地，日前，由中央国家机关政府采购中心承办的两个钢制家具采购项目相继开标。 7月20日，中国科学技术信息研究所(以下简称中信所)及国家工程技术图书馆地下书库书架采购项目开标，15家家具企业参加了竞标。 7月22日，中国农业博物馆(以下简称农博馆)钢制藏品柜采购项目开标，11家家具企业参加了竞标。 非定点企业积极参与投标 据中信所相关负责人介绍，该所地下书库改造完成后，原有书架在数量和质量上都不能满足现实要求。据悉，该所目前需要存放的资料价值3亿元。 而农博馆藏品库为该馆新建，面积为7000平方米，将存放该馆1万余件藏品，价值不可估量。 由于存放的资料和藏品价值较高，两个项目都对供应商提出了很高的资质要求，其资质、业绩在评分中占有很大比重。 在企业注册资金一项，两个项目都设置了3分的分值。中信所的要求是注册资金达到1000万元及以上为3分，农博馆的要求则是3000万元及以上。在销售额一项上两个项目也设置了3分分值。中信所的要求是销售额达2000万元及以上可得3分，农博馆的要求则是5000万元及以上。 此外，两个项目在是否具备中央国家机关政府采购中心定点或中直等定点供应商资质一项分别设置了一定的分值。在业绩一项中，两个项目分别设置了3分和4分分值。 总的来看，两个项目在涉及企业资质、业绩这几项共设置了18分的分值。 此前，根据相关规定，所有参与国采家具类采购项目的投标企业必须是定点内供应商。而今年，中央国家机关政府采购中心对120万元以上的家具采购项目面向社会公开招标，这让无缘“定点”却一直关注政府采购市场的家具企业有了参与的机会。 在这两个项目中，就有多家非定点企业参与进来。 中信所项目中，15家投标企业有11家是2009年中央国家机关政府采购中心办公家具定点供应企业，包括宁波邦达实业有限公司、北京海达尔现代办公家具有限公司、北京创美时代办公家具有公司、江西金虎保险设备有限公司等。另外4家在定点名单之外，它们是宁波朝平现代家具公司、宁波八益实业有限公司、北京爱德天办公家具制造有限公司和宁波万达金属制品实业有限公司。 农博馆项目中，11家投标企业除6家是2009年中央国家机关政府采购中心办公家具定点供应企业外，另有5家非定点企业参与进来，它们是宁波八益实业有限公司、宁波朝平现代家具公司、江西远洋保险设备实业有限公司、常州市文化图书设备有限公司、天津万茂图书档案设备制造有限公司，非定点企业占投标供应商总数近一半。 最终，宁波邦达实业有限公司成为最大的赢家。在中信所项目中，该公司以243.738万元和83.493万元分别中标第一、第二包。在农博馆项目中，该公司又以356万元成功中标。北京创美时代办公家具有限公司以34.15万元中标中信所项目第三包。 充分体现政策功能 促进环保节能、鼓励自主创新是政府采购发挥政策功能的重点所在。两个项目的招标文件中，这种引导的意向清晰可见。 在两个项目的招标文件中，都在产品的特别要求一项明确指出，投标人应提供绿色环保家具，所使用的主辅材料应符合国家环保标准。投标人应提供家具材质清单、原材料检验报告、材料产地证明。 在中信所的项目中，对企业具有中国环境标志产品认证证书(十环)会有2分的加分分值。农博馆在这一方面的加分是1分，它另外规定，企业有其他环保证明材料3个以上(含)加1分。 在鼓励创新方面，中信所在企业有创新点这一项设置了3分分值。农博馆在企业具备研发创新能力这一项设置了3分的分值，在专利获得方面设置了3分的分值。此外，农博馆还在样品一项对产品加工工艺水平较高、有较多创新点加分2分。这意味着，农博馆项目用8分的分值来鼓励投标企业进行创新。 中标后工作要求细化 对采购货品的质量要求高，对服务的要求自然也高。两项目中，均对供应商在京有无售后服务网点设置了3分的分值。 此外，中信所为保证产品质量，还从产品安装、检验等方面进行了细化。根据中信所的招标文件，密集书架的安装队伍必须为中标企业本公司自己的专业安装队伍，中标企业不被允许将安装工程进行转包或聘用临时人员、非专业人员进行安装施工。 另外，根据中信所的招标文件，采购人将对中标产品的成品进行质量抽检。中标单位在产品生产前，须到现场进行实测，对方案进行进一步深化，采购人签字认可后方可实施。板材剪裁时也须采购人现场认定后(并封存样材)方可生产。 为价值上亿元的资料及藏品寻找一个匹配的存放之地，日前，由中央国家机关政府采购中心承办的两个钢制家具采购项目相继开标。 7月20日，中国科学技术信息研究所(以下简称中信所)及国家工程技术图书馆地下书库书架采购项目开标，15家家具企业参加了竞标。 7月22日，中国农业博物馆(以下简称农博馆)钢制藏品柜采购项目开标，11家家具企业参加了竞标。 非定点企业积极参与投标 据中信所相关负责人介绍，该所地下书库改造完成后，原有书架在数量和质量上都不能满足现实要求。据悉，该所目前需要存放的资料价值3亿元。 而农博馆藏品库为该馆新建，面积为7000平方米，将存放该馆1万余件藏品，价值不可估量。 由于存放的资料和藏品价值较高，两个项目都对供应商提出了很高的资质要求，其资质、业绩在评分中占有很大比重。 在企业注册资金一项，两个项目都设置了3分的分值。中信所的要求是注册资金达到1000万元及以上为3分，农博馆的要求则是3000万元及以上。在销售额一项上两个项目也设置了3分分值。中信所的要求是销售额达2000万元及以上可得3分，农博馆的要求则是5000万元及以上。 此外，两个项目在是否具备中央国家机关政府采购中心定点或中直等定点供应商资质一项分别设置了一定的分值。在业绩一项中，两个项目分别设置了3分和4分分值。 总的来看，两个项目在涉及企业资质、业绩这几项共设置了18分的分值。 此前，根据相关规定，所有参与国采家具类采购项目的投标企业必须是定点内供应商。而今年，中央国家机关政府采购中心对120万元以上的家具采购项目面向社会公开招标，这让无缘“定点”却一直关注政府采购市场的家具企业有了参与的机会。 在这两个项目中，就有多家非定点企业参与进来。 中信所项目中，15家投标企业有11家是2009年中央国家机关政府采购中心办公家具定点供应企业，包括宁波邦达实业有限公司、北京海达尔现代办公家具有限公司、北京创美时代办公家具有公司、江西金虎保险设备有限公司等。另外4家在定点名单之外，它们是宁波朝平现代家具公司、宁波八益实业有限公司、北京爱德天办公家具制造有限公司和宁波万达金属制品实业有限公司。 农博馆项目中，11家投标企业除6家是2009年中央国家机关政府采购中心办公家具定点供应企业外，另有5家非定点企业参与进来，它们是宁波八益实业有限公司、宁波朝平现代家具公司、江西远洋保险设备实业有限公司、常州市文化图书设备有限公司、天津万茂图书档案设备制造有限公司，非定点企业占投标供应商总数近一半。 最终，宁波邦达实业有限公司成为最大的赢家。在中信所项目中，该公司以243.738万元和83.493万元分别中标第一、第二包。在农博馆项目中，该公司又以356万元成功中标。北京创美时代办公家具有限公司以34.15万元中标中信所项目第三包。 充分体现政策功能 促进环保节能、鼓励自主创新是政府采购发挥政策功能的重点所在。两个项目的招标文件中，这种引导的意向清晰可见。 在两个项目的招标文件中，都在产品的特别要求一项明确指出，投标人应提供绿色环保家具，所使用的主辅材料应符合国家环保标准。投标人应提供家具材质清单、原材料检验报告、材料产地证明。 在中信所的项目中，对企业具有中国环境标志产品认证证书(十环)会有2分的加分分值。农博馆在这一方面的加分是1分，它另外规定，企业有其他环保证明材料3个以上(含)加1分。 在鼓励创新方面，中信所在企业有创新点这一项设置了3分分值。农博馆在企业具备研发创新能力这一项设置了3分的分值，在专利获得方面设置了3分的分值。此外，农博馆还在样品一项对产品加工工艺水平较高、有较多创新点加分2分。这意味着，农博馆项目用8分的分值来鼓励投标企业进行创新。 中标后工作要求细化 对采购货品的质量要求高，对服务的要求自然也高。两项目中，均对供应商在京有无售后服务网点设置了3分的分值。 此外，中信所为保证产品质量，还从产品安装、检验等方面进行了细化。根据中信所的招标文件，密集书架的安装队伍必须为中标企业本公司自己的专业安装队伍，中标企业不被允许将安装工程进行转包或聘用临时人员、非专业人员进行安装施工。 另外，根据中信所的招标文件，采购人将对中标产品的成品进行质量抽检。中标单位在产品生产前，须到现场进行实测，对方案进行进一步深化，采购人签字认可后方可实施。板材剪裁时也须采购人现场认定后(并封存样材)方可生产。,3,4,0.6294407248497009
国际金价下跌拉低国内金饰价 黄金卖场销售增三成受国际金价下调影响，北京多家黄金卖场日前集体下调金饰品零售价，其中千足金饰品每克最多降7元。金饰价格下调，再加上“节日”效应，消费者购买欲望被点燃，多家黄金卖场销售火爆，据北京菜百公司统计，元旦三天假期中，菜百销售额突破2亿元，同比上升30%以上。记者在菜百看到，调整后的足金饰品为269元/克，每克下调9元；千足金为288元/克，最多每克下调7元。这也是2009年下半年黄金饰品连续6次价格上涨后出现的首次下调。金饰零售价的下调让对价格敏感而处于观望的消费者纷纷“出手”。记者了解到，以“虎元素”为主题的金饰出现热销，而在高端系列产品中，世界黄金协会推出的“唯有金”系列销量一直雄踞高端产品之冠。与热闹的销售大厅相呼应，位于菜百二层东侧的贵金属投资交易中心的柜台前同样人头攒动。“如果近期国际金价没有大幅度下调，暂时不会再次下调价格。”多家黄金零售店表示，目前的价格能否保持到春节取决于国际金价的走势。分析人士认为，国际金价近期走低的可能性不大，金价震荡过后有望展开升势。,3,1,0.9248044490814209
圣点李健：期盼乐居另一个制高点(图)     新浪家居谢娟讯  10月16日，易居中国与新浪合资公司中国房产信息集团（简称CRIC）在美国纳斯达克成功上市。此消息一出，家居业界大腕在分享喜悦的同时，纷纷来电来函，向中国房产信息集团成功登陆纳斯达克表示祝贺，同时对CRIC在未来发展提出了中肯的建议和期待。新浪家居电话连线业内数位大腕，倾听他们对此事的看法，以及对中国房产信息集团上市寄语。【CRIC（中国房产信息集团）纳斯达克挂牌上市】       采访嘉宾：圣点装饰董事长  李健        新浪家居：您好，李总，我是新浪乐居家居频道编辑谢娟，感谢您接受本次参访。   李健：您好。       新浪家居：北京时间2009年10月16日，易居中国与新浪合资公司中国房产信息集团在美国纳斯达克成功上市融资2亿美元。您是否知道此事？您对此有怎样的看法？       李健 ：嗯，听说了。不管是媒体还是集团内部，都是好的开端，提升步伐加快。相信总体会创造更优异的条件。   新浪家居：嗯，感谢您的肯定。同时也希望您能给予建设性的意见。       李健：希望能够对家居行业带来好的促进作用，关于能否为家居行业带来正面的影响持观望态度，看能否推导一个制高点吧。   新浪家居：新浪家居：您有怎样的祝语？      李健：良好的开端由新浪乐居开始！      【嘉宾简介】        李健：(北京圣点世纪装饰工程有限公司董事长、国际建筑装饰协会理事、北京建筑装饰协会副秘书长)曾获：中国品牌建设十大杰出企业家、北京日报五一劳动奖章等多项殊荣.爱好多、兴趣广，爱好吹葫芦丝、弹吉他、下围棋、踢足球、尤对实木家具、古木家具、茶道颇有研究。由他所领导的公司，在装饰行业竞争如此激烈的今天，每年产值却以三倍的增长速度递增。     【推荐阅读】        圣点李健：致力改变消费者居住观念       圣点李健：生活环境突出乐趣不会被历史淘汰       圣点装饰李健：我们的春天来了       【媒体声音】      中国证券报：新浪易居合资公司CRIC登陆纳市       上证报：新浪易居合资公司CRIC逆市登陆纳市       第一财经日报：CRIC上市首日市值20亿美元       新华网：新浪与易居合资公司CRIC登陆纳斯达克       专访丁祖昱：CRIC在做前人没有做过的事情       专访罗军：CRIC具有巨大的商业潜力       专访曹国伟：在某些垂直领域会做更多尝试 【更多】     上市背景资料：      美国东部时间10月16日(北京时间10月16日)消息，易居中国与新浪合资公司中国房产信息集团(以下简称CRIC)在美国纳斯达克挂牌上市，首日开盘价12.28美元，超出发行价0.28美元。CRIC为易居中国与新浪的合资公司，股票代码为CRIC，发行价12美元，共发行美国存托股票(ADS)1800万股，同时承销商有权在未来30天内，行使总额达到270万股的超额配售权，此次IPO共计募集资金约2.16亿美元。作为中国在美国的地产科技第一股，CRIC是中国最大的专业房地产信息服务公司，并且拥有同时覆盖线上线下的房地产综合信息和服务平台。CRIC的成功上市，也创造了两家在美国上市的中国公司，分拆各自极具成长力的业务后进行合并，并进行二次上市的先河。CRIC联席董事长、CEO周忻表示；“我们很高兴看到CRIC成功上市，此次IPO将确立CRIC作为中国房地产信息服务第一品牌的地位，并有利于CRIC继续推进国内最大和最先进的房地产信息系统建设，使CRIC成为同时覆盖线上和线下的强大中国房地产网络信息服务平台，为房地产开发商、供应商、专业机构以及个人用户提供多元化房地产信息服务。CRIC联席董事长、新浪CEO曹国伟表示：“CRIC的成功上市，是易居中国和新浪合作的重要一步，也是我们在垂直领域商业模式探索的有益尝试，我们很高兴有机会发挥双方的协同效应。而进一步拓展和深化互联网垂直领域的商机，建立公司在细分市场的核心竞争力并做大做强，这也是新浪未来长远战略的重要组成部分。,3,4,0.9176937937736511
圣点李健：生活环境突出乐趣不会被历史淘汰李健：生活的乐趣还有一个是宜居，生活的环境和生活乐趣，在十年前我们的家装照片，主要是以实木为主，再看以前的照片，我觉得太傻了，现在我们照出的照片，拍出的样板间，可以说十年八年不会淘汰，这是为什么呢？主要是生活环境，还有对生活乐趣的突出，主要是以前以家具为主，我以做家具出身，以前家里打一个柜子，做一个衣柜，包括暖气罩，现在已经不存在了，我感觉今后可能以科技的家装为主流。,3,4,0.6979767680168152
圣象参加亚太区合法认证林产品国际研讨会9月8日，由国家林业局对外合作中心、大自然保护协会主办的，美国国际开发署、亚洲负责任林业与贸易项目协办的、中国林科院和世界自然基金会组织的“亚太地区合法及认证林产品国际研讨会”在中国上海举行。中国国家林业局国际合作司司长、美国国际开发署环境主任、欧洲森林研究所所长、世界自然基金会、中国林产工业协会等官员及社会、企业等各界人士参加。圣象集团作为全球森林与贸易网络的一员受邀参加了此次会议。集团副总裁郭辉就“合法合可持续木材的营销”作了主题发言，介绍了圣象在原材料采购供应链合法化和共享欧美合作伙伴合法原料的经验，阐述了未来圣象在保护环境、维护世界林产可持续发展和促进林产品合法贸易的规划，将为推动本国森林可持续发展做出努力。,3,7,0.384382963180542
圣象地板百城万户全国总动员今日启动8月25日上午，随着6辆带有世博会志愿者与迎世博百万笑脸征集活动标志的大篷车缓缓驶出上海科技馆，由中国地板行业领军企业——圣象集团协办、共青团上海市委主办和上海青年公益门户网站承办的“迎世博百万笑脸征集——圣象地板百城万户全国总动员”活动，正式拉开了全国推广的序幕。团市委副书记徐彬，世博局、市文明办有关方面领导出席活动。以“向世博SAY YES，共享城市优生活”为主题的迎世博百万笑脸征集活动，由上海世博会事务协调局、上海市精神文明建设委员会办公室、中共上海市教育卫生工作党委指导，共青团上海市委主办，上海青年公益门户网站承办，于今年6月初率先在上海启动。而由圣象协办的此次百城万户全国总动员活动，将在未来半年中走遍全国，旨在掀起迎接世博的又一轮高潮。本次活动提倡用笑容——这一全球共通的语言，来面对世界，迎接世博，充分体现中国开放、自信，且充满活力的新形象。作为中国木地板行业旗舰企业，圣象集团将充分发挥其遍布全国的终端门店优势，从即日起，圣象将在全国2300余家终端门店设置笑脸采集点，同时借助宣传大篷车深入社区、学校，并通过圣象官网与各地联动，活动参与者可通过晒笑脸，写梦想，送祝福的方式表达对2010上海世博会的美好祝愿，并以此带动更多的人了解世博、参与世博、贡献世博。启动仪式上，圣象集团副总裁郭辉接受了上海团市委领导授予的“YES大使”称号。郭辉表示：“能够成为‘YES大使’，我感到非常荣幸。城市，让生活更美好，家则是城市的组成细胞。为了带给人们更健康舒适的家居生活，圣象集团一贯秉持‘用爱承载’的品牌理念。而这次圣象地板百城万户全国总动员活动，更将给我们机会‘用爱传递’世博精神。我们将身体力行，借助此次活动，把世博会的影响和意义传递给更多的人，用‘爱’呈现更美好的城市，更美好的生活。”据悉，此次活动计划征集100万张笑脸。圣象相关负责人表示，根据世博倒计时安排，组织者还将在全国范围内开展丰富多彩的系列活动，逐步将“笑脸迎世博”活动推向高潮。,3,4,0.48247629404067993
圣象地板郭辉新消费群体钟情网络(图)记者：像在08年，中国招商银行，它一直在推一个“盒塔”的概念，它一直在推这个盒子，就是每一个注册过这个卡的用户拍一张照片，但是它那个做出来非常炫彩。这个活动整个贯穿下来，就为一个盒的概念。郭辉：网络，我们也是关注它的娱乐性或者是趣味性，一定要强，不强的话，我们这个网站，如果今天点击是这样，我两天以后点击还是这样，我点了三次以后可能就不上了 记者：郭总，咱们为什么选择在这个时间，现在已经不是选购地板的旺季了，我们家装说接近尾声开始买家具了，为什么要在这个时候做地板的活动？郭辉： 实际上所谓的淡季旺季，这两年已经逐步逐步在淡化了。像今天看的情况，我觉得还是不错的。现在大工程都是这样，很少超过明年的，说明还是有些客户。我们做这个活动两年，对北京内部公司的一种激励等等因素。另外一个例子，因为在北京任何一个品牌，对品牌比较忠诚的也有一些消费者，相信大部分消费者是犹豫不决的，这个也不错，那个也不错，拿不定主意。这个时候往往谁有一些优惠，他把这个天平就倾向过来。实际上我们做签售，在全国来讲是比较少的，但效果还不错。 记者：新实木在国际市场上的走势如何？ 郭辉：实际上新实木这是一个国际上最流行的。在欧洲主要是以三层实木为主。三层实木，我想大家在网上也看到过，差不多70%到80%的人在使用这个。所以我们占了一个非常高的份额，在欧洲。多层主要是美国，美国的三层不多，但主要是多层。另外就是一些结构版的，这在欧洲现在上升的也非常快，在美国上升的也非常快。所以新实木这个品类，在欧洲都是主流。在美国，比如像安德森。所以我们说传统，不提实用，比例是非常多的，基本上就是边缘化的。这方面，消费者更容易接受或者更重视。我相信中国这个趋会朝这个方向去发展。现在第一的就是强化的，强化现在还是不可动摇的。像强化，我想差不多有七八千万。加上出口的话将近两个亿。剩下 就是实木，我估计今年应该在八千万。独体实木，也就是四千万、五千万，大幅的往下降。现在真正能够出口原木的国家基本上很少，它的资源受到了很大的约束，基本上越来越难。记者：我觉得现在咱们可以搞一个小象和小浪的联谊会。郭辉：我觉得这就是个着眼点，像我们会关注这种事件性的营销，抓一些当时的热点问题。但是你说跟中央台办一个什么活动，原来我们搞过。比如奥巴马大前天来，郭总问了他几个问题，但是媒体上搞的，不是问的。但是有个切入点比较好，他们的节目叫“提问奥巴马”。另外一个话题，正好我们美国弗吉尼亚大学那天到上海访问我们，他研究了一个中美企业的发展，正好到了我们企业。现在网上也有很多，新浪网昨天还有，市政访问团之类的内容。记者：我还有个问题，我们有没有一些新的构想关于发展？郭辉：在国内我们肯定要保我们的行业第一位，这是我们核心的目标。至于说百分之多少，我想这个还是要看大的环境，但是不管怎么样，不敢说一个具体的数字，比如三年我们能够达到20%，但是我们的目标一定是保持我们圣象在这个行业绝对的领导者。而且这个地位不是跟第二差一点，总现在来讲，按照量，我们加在一起基本上要保持一个稳定的优势的量。当然我们每年都有一个消费水平，现在我们的指标已经出来了。明年我们总体的，像实木类的超过50%，强化有20%。这两者的增长，我相信是很多其他企业所不具备的。特别是到了一定基数。所以这些都是我们要去做的，目的就是一定要保持圣象在地板行业绝对的优势地位。,3,4,0.6766132116317749
圣象安装服务技能大比武纪实四月二十一日，来自圣象全国服务系统的精英、圣象集团的各位领导、圣象研发丹阳生产基地的同仁以及新闻界的朋友们，汇聚在圣象丹阳工厂，举行2009年服务安装技能大赛总决赛，参加决赛的12名圣象服务系统的代表是本次圣象服务技能万人大比武近万名参赛者中经过笔试、省级初赛、大区复赛层层选拔出来的服务技能表现优异的佼佼者。本次比赛观战加油的有圣象集团总裁-翁少斌、集团常务副总裁-郭辉、圣象集团营销总监本次大赛总指挥周英学、集团产品总监-刘洋，还有光临现场的来自圣象各销售公司总经理。圣象集团常务副总裁郭辉致辞并宣布本次大赛的决赛鸣锣开幕第一个比赛项目：地板单片更换。通常在家居生活地板使用过程中常常出现的一些问题，比如地板因受什么意外而发生了损伤或者是你一不小心把地板给砸坏了，那可能就需要做单片更换的修理，这是一个十分平常而又重要的修理工作，这个工作如何做的更快、更好还是需要一定学问的，圣象安装系统总结了一套成熟的地板单片更换的方法。第二个比赛项目：异形场地的地板安装比赛，这个场地虽然不大，但是把所有安装地板能遇到的艰难困苦应该说都包含进来了，这个场地有踢脚线、扣条、收边、楼梯、圆弧、穿越管线、斜面等等算了算一共18个安装点，处处都意味着对安装技能的考验。第三个项目比赛选手介绍自己的绿色安装方案和展示特色安装工具。同时进行地板花样拼接。绿色安装的意义是：(1)、低噪音，不扰民(2)、无尘、低尘，有利于健康(3)、低损耗，废料及时清理统一处置。这项服务增值意义对于二次装修、单独地板更换、缓解装修时的邻里关系和谐社区的建设有着重要意义。地板花样拼接的要求：(1)、需要有垂直拼接的部分(2)、要有三种以上的款式参与评判原则：(1)、安装质量，特别是拼接时的缝隙(2)、评价该种拼接方式的实际用料情况(3)、设计师进行装饰评价第四比赛项目：测量地坪测量地坪是地板安装质量的基础，国家标准要求，每2米长度上不平的最大值不能超过3mm，如果在不平的地面上进行了安装那么就会造成很多问题，例如：产品异响，锁扣之间摩擦受力加大加快产品损坏、产生缝隙，防潮性能下降等情况，安装人员要在最快的时间内把地面上高的低的部位标识出来，找出地面的问题。大赛最后决出了：第一名幸年文北京公司；第二名吴帅南京公司、第三名吴殿军沈阳公司和高用强长春公司好马配好鞍，好地板还要好的配件系统、好的安装服务的支持，才是一个完整的地板系统，这就是所谓的三分产品，七分安装。圣象一直以来致力于提高员工的服务能力和素质，加强地板专业知识、规范施工流程及细节，增强安装服务意识，真正为客户服好务。争当服务标兵，树立服务规范，比赛服务技能是本次大赛自始至终的目标，它不仅仅是三句口号，更是所有圣象服务系统对未来服务的庄严承诺和不断进取的方向。,3,8,0.2853040099143982
圣象摘得环保部中国环境标志突出贡献桂冠在2009年10月15日由国家环境保护部及环保部环境发展中心中国环境标志15周年纪念活动上，经国家环境保护部批准，环境保护部环境发展中心授予圣象集团等10家国内行业重点企业“中国环境标志突出贡献奖”。这个奖项是迄今为止国家环境保护部对全国行业企业“产品健康指标优和环境行为优”综合效益优秀认证企业的最高评价。这个评价是基于环境保护部中国环境标志认证的客观标准和企业日常绿色经济行为的评价而做出的。环境保护部副部长吴晓青以及国家发改委、商务部、财政部、科技部、联合国环境发展署等领导和嘉宾为圣象集团等十家获奖单位颁奖，圣象集团常务副总裁郭辉先生代表圣象集团授奖。国家环境保护部专门为圣象集团发布了评价：圣象集团作为中国最大的木业家居行业企业，致力于创造产品健康水平及环境行为的最高境界和标准，不断改进产品健康水平和生产资源的可持续发展环境友好是绿色经济和消费的典范。以圣象“新实木”系列地板产品为代表的圣象各个领域的产品是国内最早获得中国环境标志认证的产品，通过执行国内外最高等级的健康指标和可持续发展的环境行为和承诺圣象正在不断创领这一领域的新高度。据悉，中国环境标志突出贡献奖授予从同行业中国环境标志认证企业的第一名中初选而出并在所有全国30000个中国环境标志认证产品中评选10名，圣象集团行业唯一入选。共同入选的企业还有：佳能、爱普生、东风日产汽车等企业。,3,9,0.4634459912776947
"圣象新语  续写不凡瑞典宫廷短剧、美式爵士舞蹈、互动花式调酒，还有欧美主流生活方式介绍？是时尚精英的小众聚会，还是顶尖富豪的高级沙龙？无需惊讶，这是即将于5月24日周末下午，在北京、南京、武汉、重庆四大城市隆重上演的“圣象欧美新实木体验派对”中的精彩环节。如果您荣幸莅临，将会由俊朗英挺的美国牛仔或气质绝伦的北欧公主伴您入场，成为备受“尊宠”的派对主人，准备好了么？就请进入新实木所营造的风尚空间，在轻松曼妙的爵士乐中，欣赏欧美风情精彩表演，品鉴上等美酒佳酿，度过一段尊享而惬意的时光。您想知道家居装饰与地板风格的国际潮流么？派对上，地板专家将结合2009全球地板流行趋势，为您详尽演绎阐述；您希望了解适合自己的装修风格与装饰布置？没问题，知名家装设计师会根据您的家庭情况与职业个性，加以综合分析与解答；您还可以结识到不同业界的朋友，一同分享时尚、健康的都市主流生活方式。如果您渴望了解家装地板知识与新实木产品，那就更将不虚此行。因为圣象地板特别准备了新实木特点讲解，让您明了新实木的种种优势。还有09款新实木精品展示——圣象康树三层实木的欧式简约、新古典、原生态系列，与圣象安德森多层实木的迈阿密假日、艾斯本胜地、纽约大都会系列。相信其中必定会有一款，可以打动追求品质与生活格调，懂得生活的您。选择或许不同，品味自在其中，正如“圣象中美欧主流设计圈”的荣誉主席——国际室内设计大师梅乐尼.伍德女士所言，地板已成为家居的重要颜面，不仅营造了居室的整体风格，展现了时尚的潮流元素，更承载了一个家居主人对于生活的理解与追求。为此，圣象地板希望您能参与派对，倾听您对于生活的感悟与见解，一同感受浓郁欧美风情的都市风尚生活，并希望能以新实木的地板新语，为您续写家庭生活的不凡品味。因为，同步欧美、风格多样、具国际品质的圣象新实木，融完美技术、材质、工艺、环保特性于一体，每一个风格系列,都是国际设计大师的倾心之作，并具自身设计意念与独特时尚解读，值得用心鉴赏。 瑞典宫廷短剧、美式爵士舞蹈、互动花式调酒，还有欧美主流生活方式介绍？是时尚精英的小众聚会，还是顶尖富豪的高级沙龙？无需惊讶，这是即将于5月24日周末下午，在北京、南京、武汉、重庆四大城市隆重上演的“圣象欧美新实木体验派对”中的精彩环节。如果您荣幸莅临，将会由俊朗英挺的美国牛仔或气质绝伦的北欧公主伴您入场，成为备受“尊宠”的派对主人，准备好了么？就请进入新实木所营造的风尚空间，在轻松曼妙的爵士乐中，欣赏欧美风情精彩表演，品鉴上等美酒佳酿，度过一段尊享而惬意的时光。您想知道家居装饰与地板风格的国际潮流么？派对上，地板专家将结合2009全球地板流行趋势，为您详尽演绎阐述；您希望了解适合自己的装修风格与装饰布置？没问题，知名家装设计师会根据您的家庭情况与职业个性，加以综合分析与解答；您还可以结识到不同业界的朋友，一同分享时尚、健康的都市主流生活方式。如果您渴望了解家装地板知识与新实木产品，那就更将不虚此行。因为圣象地板特别准备了新实木特点讲解，让您明了新实木的种种优势。还有09款新实木精品展示——圣象康树三层实木的欧式简约、新古典、原生态系列，与圣象安德森多层实木的迈阿密假日、艾斯本胜地、纽约大都会系列。相信其中必定会有一款，可以打动追求品质与生活格调，懂得生活的您。选择或许不同，品味自在其中，正如“圣象中美欧主流设计圈”的荣誉主席——国际室内设计大师梅乐尼.伍德女士所言，地板已成为家居的重要颜面，不仅营造了居室的整体风格，展现了时尚的潮流元素，更承载了一个家居主人对于生活的理解与追求。为此，圣象地板希望您能参与派对，倾听您对于生活的感悟与见解，一同感受浓郁欧美风情的都市风尚生活，并希望能以新实木的地板新语，为您续写家庭生活的不凡品味。因为，同步欧美、风格多样、具国际品质的圣象新实木，融完美技术、材质、工艺、环保特性于一体，每一个风格系列,都是国际设计大师的倾心之作，并具自身设计意念与独特时尚解读，值得用心鉴赏。",3,6,0.6212140917778015
圣象百万笑脸迎世博启动仪式上海举行(2009年8月25日，上海)“向世博SAY YES，共享城市优生活 ”——上海市青少年迎世博百万笑脸征集活动之“圣象地板百城万户全国总动员”，于8月25日在上海科技馆正式启动。活动由上海世博会事务协调局、上海市精神文明建设委员会办公室、中共上海市教育卫生工作党委指导，共青团上海市委员会、上海市青年联合会、上海市学生联合会、少先队上海市工作委员会主办，上海青年公益门户网站承办，中国地板行业领军企业——圣象集团全程协办。作为“迎世博百万笑脸征集活动”的系列活动之一，该活动受到了世博局、市文明办和团市委等政府机构的高度重视。世博局、团市委、文明办等领导出席了启动仪式，并与圣象集团副总裁郭辉先生共同推动了启动装置。启动仪式当日，圣象携80名笑脸大使亮相，展示世博及企业风采，同时新颖的宣传大篷车也承载祝福从上海始发各地，展开为期半年、跨越960万平方公里的百万笑脸征集之旅！圣象集团多年以来一直秉持“用爱承载”的理念，积极参与公益活动。从为广西鼠尾屯村民重铸家园的梦想，帮助大山里的壮族村民走出贫瘠，到帮助陕西、山西、西藏等地的贫困儿童重返校园；从为07年特大洪水后的阜阳，重建许多坍塌的家园，到启动“拯救孤儿地板”行动，让大量的无主地板得到义务的“拯救”和修缮，从2008年初雪灾中的“爱心倾注灾区，与您携手同行”的爱心活动到汶川地震后，第一时间倾全员力量定向用于灾区农业救灾及灾区学校、孤儿救援的700万元专项救助……都无不体现了圣象强烈的社会责任感。而总部位于上海的圣象集团，对于即将在上海举办的世博会，更是多了一份深情。此次圣象以其企业雄厚实力，将迎世博笑脸征集活动推向全国的举措，即可见其一斑。据相关负责人介绍，圣象集团为了此次活动，调动起全国各地的2300家门店网络，再配合大篷车、专有网站等资源，力图配合好主办方，将世博会的精神传递给全国各地。诚如圣象集团副总裁郭辉先生在启动仪式上所说的：“城市，让生活更美好，家则是城市的组成细胞。为了带给人们更美好的家，圣象集团一贯秉持‘用爱承载’的品牌理念。而这次圣象地板百城万户全国总动员活动，更将给我们机会‘用爱传递’世博精神。我们将身体力行，借助此次的全国活动，把世博会的影响和意义传递给更多的人，用‘爱’呈现更美好的城市，更美好的家居生活。”,3,4,0.32976120710372925
圣象郭辉：最具价值品牌证明市场竞争力世界品牌试验室在中国进行中国500最具价值品牌评估已经是第六个年头了。这个机构十分关注中国经济和品牌的发展。圣象集团能工商银行、CCTV、海尔、联想、中国石油、五粮液等知名品牌进入中国500价值100强行列。6月30日上午圣象集团副总裁郭辉先生作客新浪乐居。时间：2009年6月30日星期二地点：新浪乐居嘉宾聊天室嘉宾：圣象集团副总裁郭辉先生主持人：新浪乐居 谢娟以下为现场实录：【主持人】：从榜单上可以明显地看出，凡是上榜品牌都是所属行业内无可争议的领军企业。作为地板业首家上榜“中国500最具价值品牌”的企业，这个评估对圣象品牌有什么特殊的意义？ 【郭辉】：世界品牌试验室在中国进行中国500最具价值品牌评估已经是第六个年头了。这个机构十分关注中国经济和品牌的发展。我们也欣喜的看到圣象集团能与工商银行、CCTV、海尔、联想、中国石油、五粮液等知名品牌进入中国500价值100强行列。在世界金融危机大的经济环境下，企业品牌不不断增值与位次上升也一定程度的证明了品牌的市场竞争力和未来发展的市场潜力。 【主持人】：企业发展是一条艰辛的道路，从发展之初到现在成为中国地板领军品牌，在这十余年风雨当中，都面临过哪些困境？又是怎么来解决的？【郭辉】：圣象品牌和企业的发展必须源于社会源于市场，这也是圣象一直遵循的发展模式。十几年前，圣象选择当时市场上还没有的强化木地板起家就是看到他符合消费者未来使用木地板的意愿并结合森林可持续发展的理念而做出的选择，实践证明这是一条利国利民的可持续发展的道路。据此我们还创造了人工绿化工程以及产业链综合发展的产业模式，品牌与社会、经济、消费同步发展。10几年的发展当然也遇到一些坎坷，1999年欧元升值进口成本上升，我们就在2000就建立起亚洲第一世界领先的生产研发基地实现了品质国际化，生产技术工艺与国际同步甚至超前。2003年面对国内价格竞争五劣板严重影响行业形象和消费者利益，我们与具有正义感的企业和国家有关部门共同打击五劣板，这个成功是消费者的福音也是行业正义感的体现。近些年，我们在对外技术合作、国际知识产权体系等方面也积极的进行探讨也遇到国际国内上的一些问题，我们一直着眼于行业长期发展的目标去提出解决方案，实践证明是科学有效的。【主持人】：有的人认为企业核心竞争力是有新的产品，有的人认为是服务，您觉得圣象这十余年的蓬勃发展，最核心的竞争力是什么？ 【郭辉】：今天来谈圣象企业的核心竞争力我认为是综合的，每一个因素只有重要程度上的差别，单方面的不会持久只能认为是一种竞争优势而这些优势也会随着市场的变化而变化。目前圣象业务的发展品牌为竞争提供了良好的支撑，我们也在从各个方面在维护圣象这个品牌。你谈到的新产品、服务等是保持竞争优势的载体和手段，圣象是上下2万名员工一起围绕着市场、消费者不断变化提升了的需求而不断努力。【主持人】：08、09年可以称得上是风雨交加，圣象为何逆势扩张，您如何看待2009年的建材(地板)市场？在今年中国地板市场出现了哪些新的变化？ 【郭辉】：08年和09年行业内确实感到了这方面的压力。地板行业家居行业的有些同行也深有感受。圣象在09年的业务07、08、09同比环比均实现增长，感谢消费者对圣象品牌的信任。2009年的家居建材市场刚性需求仍然相当的旺盛，个性化的消费趋势也相当的明显，我们的消费者年龄、消费习惯、获取信息的途径与以往都有着新的变化，实木类地板消费能力更趋成熟、新媒体、新通路新的商业模式也不断的涌现，这对我们既有的经营方式和思想方式是一个考验，积极的主动的去赢得是今后圣象品牌在市场竞争中能够胜出的途径，为此我们去也也在增加这方面的软硬配置以及寻找更适合我们的合作伙伴。【主持人】：三层实木复合地板推广活动正在大规模的进行着，您对三层实木地板的“中国制造”前景有着怎样的预测？【郭辉】：事实上，三层实木地板在欧洲是很成熟的产品，圣象与瑞典康树的合作算起来10多年的历史了，我们前些日子在网上对有意向的木地板类消费者的一项网上调查(这个调查目前参与超过2000人)在200-300这个实木类地板消费的主流价格段选择三层实木地板的占有高达73%，调查还显示，消费者喜爱三层实木地板源于品质稳定、装饰效果更佳、大幅面、适于地热采暖等优势。所以我们觉得现在是三层实木在实木类地板消费领域内脱颖而出的时机了，目前行业内很多企业都在生产和经营三层实木地板，大部分专门做出口的去也开始着眼于国内市场了，我认为三层实木地板很有市场前景。圣象已经完成了600万平方米三层实木地板的扩能，到2013年圣象实木类地板见达年产销量3000万平米，三层实木地板达到1400万平米以上。【主持人】：请您预测一下2010年中国地板行业。圣象将如何应对新变化？ 【郭辉】：圣象是一个在竞争中不断进步的品牌，市场和消费者明确的导向就是企业不断进取的目标，为了达成企业成为世界一流木业产业集团的目标我们在技术、团队、渠道、研发、产业链方面进行了多方面的准备。2010年将是行业经过调整后走向新里程的第一年，周围的竞争者会发生变化、新的消费模式、商业模式会不断涌现，我们必须给予足够的重视。希望未来的2010年是家居建材行业走向新纪元的里程碑。,3,4,0.4835249185562134
地产交易活跃家装市场淡季不淡【本报讯】(记者 徐强)进入暑期，由于受高温和湿度的影响，装修界通常会将这一时期视为“休眠期”，由此出现家装市场所谓的“淡季”。但记者近日在采访中发现，深圳家装市场近段时期并没出现预期中的淡季，相反，旧房翻新改造、新房装修布置等各种各样的装修工程反而多了起来。很多装饰公司接单的数量也较前几个月增长两成左右。专家分析，这与近期深圳房地产交易活跃，以及新学期将至，很多家长为方便孩子读书换房有关。两股力量带旺暑期装修记者在百安居泰然店采访时了解到，进入6月份以来，家具和地板等装修材料的销量远超过前几个月。据销售部负责人介绍，进入暑期，很多家长带着孩子前来选购小孩房的家具饰品。还有一些市民选择在暑期对房子进行翻新，由此带动了家具和建材的销售。一家专做布艺窗帘的销售商介绍，前几个月，销量很少，一个星期也订不了几户。但进入暑期以来，订单都有些接不过来，公司测量尺寸的技术人员每天都会跑好几户人家。装饰公司也明显感到了业务量的增加。该公司工程部负责人介绍，这一个多月，接单量明显增多，粗略统计，业务量比前几个月增加两成左右，每天都会有十几个客户前来商议装修方案和询价。一些确定的装修工程主要来自一些新开的楼盘，并多分布在关外。另外，还有一些是市区靠近学校的住宅楼，这部分属旧房改造装修工程。搜房网一项近万人参与的夏季装修调查结果也显示，被调查者中购买新房的人占了总量的40.58%，而购买二手房的人则占了总量的59.42%。深圳家装行业协会有关人士表示，从近期深圳家装市场的行情来看，7月份可能还会迎来今夏家装的又一高峰。一方面，近期深圳房地产成交活跃，这是带动家装市场活跃的一个主要力量。另外，新学期将至，又有一部分学生将进入新的学校，很多家长为方便孩子上学，会选择在学校附近租房或买房，他们也都急着赶在开学之前进行旧房翻新。这两个因素促成了今年暑期深圳的家装市场“淡季不淡”。夏季装修有利有弊传统概念中，夏季装修不利主要是因为温度高、潮湿。夏季潮湿、空气含水量高，墙面漆干不透再经过日晒容易墙面开裂。其次夏季温度高，热胀冷缩对板材的热扩张度是一个考验。“但这些问题，随着现代装修技术的提高均可以解决。处理好反而更有利于装修。综合来看，夏季装修有利有弊，装修业主不必有太多的顾虑。”工程部负责人介绍。对于夏季装修过程中容易出现的这两个关键问题，该负责人也提出了解决办法。比如，可以利用夏季风大的特点，通过保持施工现场的通风，一来有助于水分蒸发，二来可以提前“放味”，有利环保。事实上，夏季装修也有好处。比如家装公司会推反季节消费打折措施，在装修价格上采取一定优惠。另外，由于夏季并不是装修旺季，装饰公司在施工人员调配上就有更多的空间，无论从施工效率和质量上都更加完善和有保障。墙漆涂料花费不多更要精选专业人士提醒，在解决了夏季装修弊端的同时，另外一个需要格外注意的事项是慎选装修材料，尤其是墙面漆和涂料的选择更应重视。因为油漆、涂料是家庭装修必选的建筑材料，在整个家装预算中，油漆、涂料的消费占不到10%，但是覆盖面积却达80%，影响力更是达到100%。为避免室内出现“隐形杀手”，一定要选择有品牌和环保型的涂料。记者在采访中了解到，很多装修业主对选择什么样的环保涂料和墙面漆感到困惑。对此，专家提醒，目前涂料行业中比较尖端的技术是对传统抗菌材料进行全面革新。这一技术采用先进的工艺技术和设备，使用清洁的能源和原料，在保证防霉能力、耐洗擦性和遮盖率等基础涂料性能的前提下，还能快速、全面地把甲醛分解为无害分子物质，同时与漆膜相互作用，坚固墙面并持久净化空气，这才是理想的环保涂料。装修业主可向建材商场的专业人士进行咨询，了解各种涂料的性能，选择好最佳的品牌。,3,4,0.9684962630271912
"地产回暖家居热销 卖场出招谋新增长点房地产作为国民经济的支柱产业之一，它与20多个产业都有着直接的正关联性，并涉及到上下游50多个行业。而家居行业无疑是受到房地产影响最为直接的产业之一，在目前受到房地产回暖的影响，家居行业较去年同期也有了较为明显的回暖趋势。 国家统计局综合司统计显示，7月份我国规模以上工业增加值同比增长10.8%，为连续三个月同比增速加快。其中，建筑及装潢材料类增长25.8%，家具增长32.0%。 为此，记者特意走访了十里河建材市场、居库、集美、居然之家等家居卖场，据各大卖场市场部负责人透露，最近楼市的""暖流""，让他们切身感受到了今年以来家居建材行业十分浓厚的回暖趋势。 但面对产业加速回暖，更多行业相关人士也表示，2009年家居市场和消费者的消费特点也正在发生着改变，这就要求家居企业更加注重把握市场动向，创新思维以谋求行业新的增长点。 家居消费市场新动向 美联天地建材市场总经理刘辛立表示，2009年上半年前两季度家居市场整体情况还十分不尽如人意，应该说算是家居行业的一个相对较低的时期，同比前几年同期要差一些。美联天地建材市场同比去年销售额下降5--8个百分点后两季度，但是随着装修旺季的到来，整个市场的销售较之前两个月有较大幅度的提高。但就整体情况而言，整个09年的上半年，受全世界金融危机的影响，家居市场整体情况不及08年同期。 ""2009年家居市场最大的变化莫过于从上半年3月份之后回暖的迹象越发明显，这主要由于房地产市场回暖带动家居装修，进而促进家居产品销售的增长，维持在与去年同期持平的水平上，但是预计今年下半年与去年同期相比形势更好，去年由于房地产市场的低迷期，对家居销售也产生了极大的影响""，一家居总经理认为表示，""尤其值得注意的是，目前二手房的装修市场前景正在逐渐显现，装修市场由于新房市场份额量减，二手房市场就作为了一种补充，甚至从交易量上来说二手房已经超过了新房。所以从市场角度来讲，今年较比去年还没有过多的下降，相反由于上游市场的带动作用，下半年市场预计会超过去年同期""。 从另外一个角度来讲，精装修也对家居装修起到了一定的引导，户型风格事先确定了，消费者就可以菜单式的购物，物业就随时都可以装修；还有就是商品房档次拉开了，市场细分越发明显，消费者根据需求也逐渐分层，而伴随着家居市场的日益改善，消费市场也正在逐渐显现出新的特点和动向。 就整个家居建材市场而言，消费者对品质的需求越来越高，对环保、节能的要求越来越高，对服务品质的要求也是越来越高。针对这一特点，在今后的经营过程中就要求建材市场要有更大的规模、更优秀的服务、更完善的售后服务、更丰富的行业经验、更过的硬的品牌，刘辛立表示。 居库名品家居仓促直销基地总经理秦非表示，随着金融危机的到来，消费理念的理性回归成为主导，再有钱也要省着花，也要会花，一味追求高价格是没有意义的。在这样的大环境下，家居中的板式家具将成为行业内增长趋势比较大的部分。板式家具款式新颖，造型多样，适合的人群广泛，并且价格相对较低。同时家居产品的结构更合理，组合更多样，满足各种户型的居室空间，边角的圆弧形处理等等细节方面将更被消费者关注，在装修过程中追求不同于他人的理念越发凸显，消费者的个性化需求正逐渐显现出来，消费者也开始追求现代流行趋势""。 近几年的家居卖场也随着房地产市场的改善，装修市场的也在不断扩大。目前的家居市场主要依靠二手房和新房交易的此消彼长上，家居作为下游行业，房地产需求才能形成家居需求，房地产市场对家居市场影响是非常大的，因为单独的家装是形不成需求的。 但是居库名品家居市场部经理宋海也表示，目前的楼市价格回升太快，势必会造成价升量减的情况，而且是不仅新楼盘在上涨，二手房也在跟进，这就必然会影响到家居行业的长期稳定发展。",3,4,0.5991256833076477
地板价格战意在实现品牌优胜劣汰经针对地板行业的价格战，一些不平者就说：“如果缺乏监管，任由企业自行展开价格战，最终受害的只能是广大的消费者。”原因在于，一线地板企业的降价，将会挤压其他地板企业的生存空间，因为其他一些中小型企业太过弱小而显得“说话”分量不足，身处被动。这位专家为消费者捏了一把汗，但他的逻辑很是标新立异的。 照他的思路，因为降价，原来在市场中占据有利地位的企业就可能轻易把竞争对手挤垮，致使卖方竞争难以形成，消费者失去选择的余地。最终，消费者又要吃到任人宰割的大亏，所以价格要得到监管。但是照这个样子，我们好像也等不到可以放开管制、进行价格战的时候。因为既然要竞争，总是会有优胜劣汰，有的企业活下来，有的企业会死掉，但管制的存在使一些企业成为永远扶不起来的“阿斗”，使另一些企业成为“永垂不朽”的垄断者。所以，关键不是以企业降价的结果来探讨价格战的可行性，而是要弄清楚以价格战达到竞争效果的前提条件。面对价格战，意图垄断市场的地板企业是最为心惊胆战的。因为竞相降价意味着市场中存在强有力的竞争对手，足以真刀真枪地来争夺市场。也就在这时候，关于价格战的“流言蜚语”便多起来。当年，彩电业大打价格战，很多企业就坐不住了，不是对降价大呼小叫，就是联手组织“价格同盟”。结果怎么样呢？价格还是降了，却没见得整个彩电业被“恶性价格战”搞垮了。事实证明，价格战“杀”掉的从来就是那些不思进取的企业，而不是某个行业的健康发展和消费者的利益。,3,4,0.5006453990936279
地板企业重提上市 行业资源整合将加速曾经一度在地板行业风起云涌的“融资潮”因金融危机的到来一下子成为了“暗流”，不少企业在动荡的市场中也将“上市”计划封存。随着国内市场的逐步好转，加之创业板块的上市，曾经获得注资的地板企业也在蠢蠢欲动。据安信负责人在接受采访时表示，安信的上市计划已经重提，但是时间尚未确定。 对于曾经一度受到投资机构青睐的地板企业来说，融资热之后再遭遇金融危机，资本运作尚未成熟、企业自身遭遇出口的危机，再加上地板市场日益低迷，让成功融资的地板企业对上市表现出了谨慎的态度，资本“蛋糕”美味却难吃到。 资本唤起地板行业整合： 2006年5月，全球最大的私募投资机构美国凯雷投资集团斥资2750万美金入股安信地板，从而使安信地板成为中国第一个获得国际战略投资的本土地板品牌。2007年10月24日，国际知名私募投资机构罗素投资集团旗下磐石基金携手美国凯雷投资集团斥资1500万美元入股安信地板，成为继美国凯雷投资集团之后安信地板引入的又一战略投资者。 同年10月联想控股旗下专业从事风险投资业务的联想投资有限公司协同数家海外投资机构，与上海新四合木业有限公司签署了金额为2000万美元的投资合作协议，已经在欧美市场树立起中国地板品牌形象的“四合”地板高调宣布正式进军国内市场。2008年6月，摩根士丹利、世界银行集团国际金融公司、大自然地板，三方在北京钓鱼台国宾馆正式签署合作协议，大摩与IFC各出资5000万美元，联手大自然地板三方共同组建中国地板控股有限公司。 安信地板、四合木业、大自然地板先后被投资机构相中，预示着家居建材行业成为风险投资商重点关注的主题。而在这股狂热融资潮的背后，资本的力量正在这个行业发挥着它应有的作用：扶植创业、推动发展、加速成熟、行业整合与并购。然而，这场轰动一时的“地板融资潮”却在2008年底来临的一场金融风暴中被冻结。 地板企业重提上市计划： 近日，安信地板与万科达成战略联盟，在接受媒体采访时，该公司相关负责人表示安信地板上市计划并未改变。除安信地板以外，2008年同时收到大摩等投资方“橄榄枝”的大自然也在年初接受采访时表示了上市不是问题，只是时间延后。 据有报道称，2008年初安信就决定在香港上市，但因为金融危机让其上市步伐推迟了。前期已经经过了四大会计师事务所的审计，和全球知名律师的审核，安信已经做好了资本运作的相关准备。目前在等待金融风波的过，在等待合适的时机海外上市。安信地板董事长卢伟光表示，这个时间应该不会太长，目前在密切观察着外部环境的变化，选择最合适的时间上市 金融危机以来安信的出口也受到很大影响，特别是出口美国市场、韩国市场下降了50%。受出口下降影响，去年安信工人减少了300多人。但比今年上半年开始下降势头开始稳住，到了今年7月份，安信的出口市场开始复苏。接受采访时，安信地板董事长卢伟光表示，金融危机也给行业格局带来很多变化。但这同时对管理良好、资金链良好的企业是个机会，可以以比较低的价格获得较多的原料储备。另外，与安信合作的私募机构凯雷集团在此次金融风波中是影响最小的一家私募。而在出口美国市场韩国市场中，该私募就起到很大的品牌后援团作用。 资本“蛋糕”味美不好吃： 中国林产工业协会顾问张森林指出，企业融资将加速行业品牌整合，因为一个获得近千万乃至数亿元资金的企业，可以在短期内进行快速扩张、品牌宣传、资源整合、增产增量而不必考虑后续资金跟进问题。这样可以很容易挤走那些有资金压力的中小企业，一些杂牌军更会溃不成军。“几番淘汰、筛选之后，行业必定是品牌企业一展雄风的天下。”但有业内人士认为，进入到“资本时代”的家居企业，站在下一个发展的十字路口，也许更重要的是如何就送上门的钱进行运筹，让企业得到持续、健康的发展。毕竟，风险投资还是有风险的。 其实地板行业中已经出现了上市公司，四川升达林业产业股份有限公司就在深圳上市，并从股市募集12亿元专项资金用于林板一体化项目建设。去年升达公司实现利润总额及净利润分别为2873万元及2286万元，同比分别减少34.42%及36.86%，基本每股收益为0.12元。利润总额下降的主要原因是受金融危机及国内房地产市场调整的影响，产品销售价格下滑，毛利率较去年同期下降4.13%。同时，因企业经营规模扩大，贷款增加，财务费用大幅增加。种种原因，让升达林业的盈利预测和评级仅给了个“中级”。 此外，与升达林业在沪深两市中的可比公司还有永安林业、大亚科技和威华股份。但不难看出，与大自然和安信相比，上市的企业多是包含地板业务而非仅有地板业务。而从这些实际案例中也表明，上市一定会给企业带来发展的机遇，而同时带来的也有资金的风险。不管是安信还是大自然，上市计划的无限期推迟显然是告诉未来的地板企业“股市有风险，上市需谨慎”。,3,4,0.8234179019927979
地板内销压力增高 商家期待旺季到来据悉，自4月份开始，楼市开始逐渐回暖，高涨的购房热情也带动了家装市场行情复苏。记者近日走访多家家居卖场了解到，虽然家装建材行情一路看涨，但木地板却因为出口转内销的压力而降价揽客。家装市场回暖低端产品不敢涨价在富森的几大型家具卖场里，前来选购木地板的顾客络绎不绝，刚刚拿到新房钥匙的李小姐告诉记者，“家里把婚礼定在10月份，得赶紧装修新房了。”家装市场回暖，但地板价格却按兵不动。“强化木地板本来价格就低，竞争又这么激烈，利润空间已经不大了。”省城某地板品牌的经销商告诉记者，“别看实木地板价格高，其实去年底开始，原料木材就涨价了，我们的利润少多了。但是现在家装市场好不容易回暖，哪敢轻易涨价啊。”内销压力增加高端地板狂降百元与低端地板的“薄利多销”相比，高端地板也开始拼价格。今年的地板市场中，三层实木复合地板称得上“异军突起”。不过记者了解到，目前国内该种地板的产能已经达到5000万平米，被国内消费者购买的却不足20%，另外超过80%均用于出口。“现在欧美国家的订单少了至少一半，大部分的三层实木地板都转为内销了，给我们的销售压力增加了不少。”省城圣象地板的经销商王先生告诉记者。省城大自然地板的经销商冯女士也表示，“三层实木地板是下半年营销的重点，为了刺激销售，我们把价格下调了100多元。”记者了解到，虽然圣象、宜华、大自然等品牌的三层实木地板均有百元左右的让利，但每平方米的价格仍在300至400元之间，比强化地板要高出近200元。“目前三层实木地板的份额也就是10%。”消费者冯女士告诉记者。看好楼市回暖九月或能迎来旺季“房市的回暖确实带动了家装市场的复苏。”银座家居企划部的王莉告诉记者，“3、4月份，楼市的成交量明显上涨，到5月份，我们卖场的销售就明显好起来了，营业额比去年低谷时几乎翻了一番。”说起今后家装市场的走向，王莉认为9、10月份将迎来今年的最高峰，“上半年还是有一些市民在观望，现在楼市行情这么好，再加上秋天是传统的家装旺季，我们认为今年的最高峰会出现在下半年。”业内人士认为销售高峰将在9月份到来。安信地板的经销商陈先生分析：“今年光结婚的就有7万多对，而且据我所知不少人都把婚期定在10月份，这样算来结婚用的新房至少在9月份就要准备好，所以9月份肯定会有一个地板销售的高潮。”,3,4,0.5553833842277527
地板协会高志华：企业要在危机中排毒养颜主持人：杨老师，下一步你们在帮助这些企业度过金融危机上有一些计划吗？杨美鑫：第一，我们在市场流通中要规范，首先不要打价格战。这是我们行业必须做的。目前的确搞了一些促销活动，降低了价格。但这个价格对企业来说是让利很大，甚至有的是赔本。如果长此以往，企业无力支持下去。所以行业协会，第一个任务是不要让企业之间打价格战，而造成企业受伤害。第二个主要任务，刚才曾总也说了，企业现在受到了很多挫折。在这种情况下供应量和需求还是很大的。这里面供应量和需求有一个差距，一个是利润的差距；再就是由于国外金融危机我们受到了一定影响。对我们来说，过去地板都有退税、免税，甚至还会给一点汇报。现在来说，因为我们地板行业，国家政府一直认为是个资源性的产品，特别是实木地板，要增加消费税和出口关税这两个税。我们协会要向政府呼吁，必须在税收上给予企业一定的优惠。为什么这么讲？因为现在国家已经出台了一系列政策，对纺织品和玩具都进行了减税和一些鼓励性政策。同时在家具行业，既减税了又给予一定的优惠政策。家具行业和我们地板是同一个资源，为什么家具行业能享受到这个实木地板还没有享受到这个？所以我们行业协会有这个责任为企业呼吁，一定能同样享受到与家具行业同等的待遇。这是我们第二个任务。第三个任务，要规范市场，必须在流通中给予一定的规范。以什么为准绳呢？必须以标准为准绳。所以除了我们在去年、前年制定的七个标准都是与流通有关的，我们会继续依靠企业，依靠专家制定行业标准或者国家标准来规范流通行业的这些事，这样又保证了企业的利益，又保证了消费者的利益。主持人：三件事，一个是不要打价格战。第二，要与家具行业享受同等的出口退税政策；还有一个就是规范。这是今年主要做的三件事。高志华：我补充几句话。全球性的金融危机波及到了中国，中国比较有信心。因为最近美国总统奥巴马讲到，中国金融危机中，中国是领先的。美国人都承认我们中国是最有前途的，世界超级大国对中国的发展，不承认也得承认中国人是了不起的。去年的冬天，包括今年的冬天，大家确实有些悲观。我们农民工下岗以及大学生就业问题，确实金融危机对我们地板行业造成了一定影响。说没有影响是不对的，但是这个影响通过国家政策的努力和全体企业家的努力，正在逐步地改善。今天美丽岛的表态我非常同意，总而言之一句话，这个金融危机对我们强身健体和排毒养颜是最好的一次机会。现在来讲，我们协会觉得在这样的危机下，特别是今年的年会开得非常好，大家非常有信心。我们这次确实把各地知名地板企业家请来了，前面8年他们都没有来过。这次一来，觉得温度水城是红楼梦选秀的地方，他们觉得身临其境，感受万分，晚上还能泡温泉澡，他们非常高兴。我们会把一些知名企业请来，像上海的柚木大王，叫“上好柚木”，他看到北京的居然之家和红星美凯龙，他跟我说他要进驻北京，他要向高端发展。尤其最近报道的中国千万元以上的住户有多少？上亿元的人员有多少？北京全国第一。中高端产品都要来了，所以对北京的发展，大家愿意去投资，愿意进入。这些高端产品都要进入我们地板行业，这些大老板都愿意来，广东的、上海的、浙江的都愿意来。刚刚杨老师说得我非常同意，要保证质量，不要打价格战，要加强商家的合法利润。第二，我们会加强监督工作，你服务不兑现就要给你处罚。第三，最重要的是，我们在这个排毒养颜的时候要加强管理、加强培训、加强对地板的铺装，加强对地板的处理。尤其当前最主要的是对地板工程的监理。去年奥运会我们树立了很多地板工程的监理。人民大会堂后天就要开会，我们杨老师会去，国家著名窗口宴会厅要铺地板，他们铺了50年，这次要我们去给他出方案，要我们去监督他。我们是全国工程监理发放的监理证，我们准备今年到北戴河去办全国工程监理短期班，要对地板工程实行掌控制和管理。人民大会堂是国家的名门项目，哪一个国家的领导没有来过，每到春节晚会和元旦晚会，全国各地的嘉宾都要在这里吃饭。这个地板原来用50年了，现在就要撤了，希望它还能保持50年。但对这个意见，专家有不同意见。我们要加强对行业的管理培训、人员培训、铺装工具培训，包括地板工程监理的培训。去年年底我们出了一本书，我们今年还要出书。所以，好的企业要利用这个冬天排毒养颜。把自己的身体弄好了，不仅漂亮，而且还健身了。第四个问题，我们要加强我们行业协会对实木复合地板制度的发扬光大。诞生了就要培育，要让它发扬光大。,3,4,0.7881351709365845
地板商跑量谋生：看不懂楼市东方早报记者 姚伟“我们今年的情况比去年好过多了。”张云，国内某知名木业公司项目主管。得益于政府经济刺激计划，过去几个月楼市强劲复苏，这也带动了木业公司的产品销量。 “我最近刚刚和两家业内排行前两位的地产公司所达成的业务。就这两单业务，已经是去年业务量的好几倍了。”张云略显兴奋。 由于房地产开发商往往是根据期房销售量来决定精装修房的进程，因此去年几乎没有房地产公司主动找木业公司。但今年来情况突然大变，不少房地产公司期房一售而空，于是纷纷催着木业公司装修交房。 “不过说实话，作为业内人，都看不清楚现在的楼市到底是怎么回事。”张云以上述两个客户均在世博板块内，“两家楼盘竟然争着提价，谁的楼盘价格低，反而没人买了。”让张云奇怪的是，一方面房地产公司争着赶工卖房；另一方面，对于我们这些承接工程的公司而言，则拼命压价，“因为金融危机，手头没钱”。 更让张云的困惑是，从零售市场来看，目前依然是“寒意阵阵”。在部分偏远的地区，一个月的实木地板销量其实少到只有可怜的几百平方米而已。 东方早报记者 姚伟“我们今年的情况比去年好过多了。”张云，国内某知名木业公司项目主管。得益于政府经济刺激计划，过去几个月楼市强劲复苏，这也带动了木业公司的产品销量。 “我最近刚刚和两家业内排行前两位的地产公司所达成的业务。就这两单业务，已经是去年业务量的好几倍了。”张云略显兴奋。 由于房地产开发商往往是根据期房销售量来决定精装修房的进程，因此去年几乎没有房地产公司主动找木业公司。但今年来情况突然大变，不少房地产公司期房一售而空，于是纷纷催着木业公司装修交房。 “不过说实话，作为业内人，都看不清楚现在的楼市到底是怎么回事。”张云以上述两个客户均在世博板块内，“两家楼盘竟然争着提价，谁的楼盘价格低，反而没人买了。”让张云奇怪的是，一方面房地产公司争着赶工卖房；另一方面，对于我们这些承接工程的公司而言，则拼命压价，“因为金融危机，手头没钱”。 更让张云的困惑是，从零售市场来看，目前依然是“寒意阵阵”。在部分偏远的地区，一个月的实木地板销量其实少到只有可怜的几百平方米而已。,3,4,0.9400890469551086
地板无故发烫疑是电线老化作怪□记者 李蔚今报郑州讯地板“高烧”，烫得能热牛奶，昨天本报对发生在郑州市民张先生家的这件稀罕事儿做了报道。为找到地板发热的原因，昨天中午，河南工业大学建筑工程学院土木建筑系郭金勇教授，特意赶到张先生家。新电表连的线没入地7月20日12时许，整个郑州就像罩在闷罐里，而张先生家客厅的温度显然比外面还要高。客厅西墙的踢脚线和墙边的地板仍旧发着“高烧”，没查出地板发烧的原因，张先生一家也不敢开空调。郭金勇到张先生家后，挨着“发烧”的西墙墙脚触摸了所有地板砖，“果然很烫手”。随后，在张先生的指引下，郭金勇在客厅南墙的外墙上找到了电表，电表上走出来两根电线。是不是这两根电线造成地板发热？张先生认为绝不可能，“这两根电线从墙壁上方穿过，根本没走地板下面”。就在这时，张先生忽然想起来，家里现在用的电表是进行一户一表改造后安装的，改造之前整个单元用的老电表就安装在外面的楼道里。虽然老电表拆掉了，但那里还有电线，“会不会是那里出了问题”？22年前埋的电线惹祸?在张先生的带领下，郭金勇在楼道里发现了一个电线箱。这个电线箱安装的位置，正是张先生家客厅西墙的外墙。郭金勇打开电线箱，里面有一根小拇指粗的黑线，“问题可能出在这根线上！这应该是全楼的主干线，估计电流量达到50安”。这根线从电线箱出来一直延伸到地面，钻入张先生家的墙壁后探入地下，再从客厅南墙外钻出来。虽然老电表拆了，但电线还一直通电。这根电线在楼道里是黑色的，从南墙外出来成了白色。“说明白线和黑线有接头，地板上两块最热的地方就是电线接头处。”郭金勇解释。郭金勇称，上世纪80年代初期，郑州市多使用铝芯电线，这种电线的寿命在20年左右。张先生住的房子1985年建成，现在电线的寿命也该到期限了，电线老化也会发热。加上今年雨水多，水分渗透地面进入电线内，也会对电线进行腐蚀造成漏电，这也是造成地面发热的原因之一。从地板温度来看，电线下埋的深度在15厘米~20厘米。“电流增大1倍，热量就会增加4倍。”郭金勇称，全楼的主干线应该走公共通道，如果从某一户通过，一旦出现问题很难维修，这是当初施工时铺设得不合理。水泥烤得太干根本挖不动郭金勇建议张先生挖开地面，更换线路，避免漏电击伤家属。当天13时30分，张先生就迫不及待地拿出工具要把墙边的地板砖凿开，但因为长时间温度过高，光是凿开地板砖就用了一个多小时，下面的水泥层更是凿不动。张先生说挖开地板后，如果能确认是电线造成地板发热，他就找物业更换线路。如果还不能确定，只有继续请专家帮忙查找原因了。,3,4,0.4704684019088745
地板曝光台 南昌世康地板遭消费者投诉一周前，南昌市民胡女士来到三经路上的世康地板专卖店选购地板，当时店员拿出一块地板给她看，不料地板没放稳，竟然砸在她的右脚大拇指上。“我当时痛得连话都说不出来。”胡女士称，事后店员带着她去医院检查，拍片后医生称右脚大拇指有疑似骨折现象。,3,4,0.483001172542572
地板涨价说恐难成立 销售行情遇尴尬受金融危机的冲击，2009年建材整体行业在房地产走低的情况下面临严峻挑战。同时，木材原材料紧缺，有人怀疑很可能引起相关建材产品价格上的浮动。通过了解发现，卖场中地板涨价的情况并不是很普遍。对于地板涨价的消息，业内人士大多表示今年涨价空间不大，将面临着“高的不能再高，低的不能再低”的尴尬的销售行情。 实木地板涨价空间：★★★★★ 目前地板中身价最高的，也是大家认同的最环保的地板，但是实木地板取决于材料来源。东南亚和南美都在进一步压缩森林砍伐力度，那么它的涨价在2009年来说应该是顺理成章的。实木地板的环保和脚感是其最大的优势，一直以来都受到经济条件比较好的消费群体的青睐，所以，实木地板将继续迎来具有一定购买实力的消费者。所以，实木地板可能在2009年将更加昂贵。 强化复合地板涨价空间：★★★★ 目前来说它是最接近消费者的木地板产品，但是因为甲醛污染的原因，也让大家有点担忧，不过其低廉的价格和保养的简单还是使其成为了销量的重头。在2009年整体经济情况走弱的大环境下，将会有更多消费者选择强化地板。对于厂家来说，薄利多销将更有利于持续发展。 实木复合地板涨价空间：★★★ 这种类型的地板定位比较尴尬，它拥有实木和强化的优点，但是缺点也不少。材质的原因，使其质量上高不过实木，价格也不甘心低过强化地板。在如今的经济环境中，可以算是最不具“性价比”的产品了，估计市场将会有一定的萎缩。 竹地板涨价空间：★★★★ 竹地板长期以外贸为主，在国内市场占有率偏低，但目前地板外贸遭遇“短路”，所以竹地板发展国内市场的潜力在2009年有望是最大的，虽然它脚感较实木偏硬，但是变形比实木小；相对一些实木高昂的价格来说，竹地板的价格也更加让人容易接受。另外，竹地板企业相对来说有足够的资本实力运作国内市场，目前在外贸市场降温的情况下，竹地板的加入会加剧市场竞争的发展。,3,4,0.4686116576194763
地板销量13年首下跌 企业陷入价格大战今天记者从中国林产工业协会地板专业委员会了解到，地板生产企业销售量在持续12年连续上升后，2008年首次出现下降。同时，地板企业从2008年开始价格一路走低，预计在2009年初有所回升的时候依然受市场冷清而被逼降价。众多知名品牌企业表示315依然要以超低价格艰难赢取“开门红”。价格战的背后，不少企业表示利润走薄让他们不堪重负，但碍于竞争压力同行间不能走向共同富裕，只能相互拼杀，大家无奈的陷入了价格战的恶性循环 地板销量13年来首现跌势受全球金融危机影响，2008年第四季度我国地板出口严重受挫，1至12月出口量同比先升后抑。同期，国内房地产行业不景气，成交量萎缩，地板内销市场平淡。据中国林产工业协会地板专业委员会统计，2008年，我国地板生产企业销售量约3.44亿m2，同比下降4.8%。这是地板生产企业销售量在持续12年连续上升后，首次出现下降。地板销量下降的同时地板的市场价格也在一路走跌。记者从宏耐、生活家、德尔等地板企业了解到，复合地板、强化地板的价格受到的影响相对较大，从2008年这两类地板的价格就已经开始走下坡路，降价幅度在10%-20%不等，有些小品牌甚至降价超过了50%。预计在2009年初有所回升的地板价格，不但未见起色，地板企业反而暗中降价。而圣象、生活家、宏耐、得高、大自然等地板商家在接受记者采访时均大方表示，为了取得“开门红”“315”期间将以大幅降价的方式争取更多市场份额，预计降价幅度超过40%。。 “价格战”让企业陷入谜团“315时期对于地板企业来说肯定是一场恶战。”生活家地板华北区营销总经理孙皓鸣对记者说：“持续以来的‘价格战’已经让地板的利润很薄很薄了。”地板产品非常直观，许多又缺乏差异化，如果价格上没有优势将很难拉动销量。再加上中小品牌地板压价太猛，也一度拖着品牌地板企业无奈降价。世友地板北京公司总经理范文坚接受记者采访时曾表示，“地板根本没有降价的空间了。”但“价格战对我们来说也是很无奈，地板企业们就像陷入了一个谜团。似乎在用降价救市，但效果却是相反。”孙皓鸣如是说。宏耐地板北京公司总经理张岩认为，这与市场竞争有一定关系，金融风暴导致市场份额在下降，所以大家会才用价格战，图个薄利多销。[PAGE]但不可否认的是，降价让地板生产企业的的利润不断走薄。张岩告诉记者说，我们以前生产销售规模在3个亿左右，能有2—3千万的利润，现在搞促销利润肯定就薄了。价格战只能暂时解决现金流的问题会，但这种做法不利于行业的可持续性发展。陷入价格战谜团的地板生产企业也曾想过要改变这种状态，据中国木材流通协会地板流通委员会常务副会长高志华透露，去年部分企业联合成立了价格联盟，最终因为市场原因以及企业发展战略不同而不能兑现。宏耐公司认为，地板企业很难实现企业之间的沟通，彼此既是利益的共同体希望能够良性发展，但大家又是竞争对手。价格战救市必死企业改打价值战在中国木材流通协会地板流通委员会常务副会长高志华看来，“价格战是必然趋势，价格战也是死路一条。真正有实力的企业不会打价格战的。”国际金融危机一直波及到中国，国外采购量的持续下降连累了地板企业的出口。一部分企业希望通过低价倾销的手段维持生计。高志华坦言，“国内5000多家地板企业，大家不希望退出历史舞台，他们要生存必须保证资金链不断裂，库存要变现，势必会搞低价倾销。”在多数地板生产企业为价格战感到困惑时，宏耐、圣象等一批老牌地板企业开始寻求突破。宏耐地板地板北京公司总经理张岩说：“宏耐没有完全陷入价格战，我们提倡打价值战。”他举例说，以前宏耐地板的产品和服务价值是100元，但现在会提供更多的服务，例如家装设计配饰的咨询等，力争靠服务来赢得市场。目前试点店的销量有明显提升，单店增长达30%。圣象集团副总裁郭辉认为，地板行业发展到今天，仍处在品牌还未强势崛起的行业成长向充分竞争阶段的过渡期，产品严重同质化，价格战终究难免。圣象首先调整了产品构架，从强化地板一支独秀到强化、复合、实木三家马车并驾齐驱。当前市场下，则会把目光转向个性化生存模式，产品个性化包含了更多的创意设计因子，其无形的原创价值会倍增。对于地板企业以价值战寻求突破的做法，高志华认为，企业不是仅在价格或价值上下功夫就能异军突起，而应在经营上下功夫，更重要的是做品牌价值，把品牌做成百年老店。他说，地板企业98%都是民营企业，老板的思想决定了价值战还是价格战，在某一特定时期之内不可能一成不变，唯有品牌的价值是可以百年不变的。,3,4,0.6426803469657898
城外诚11&#8226;9消防演练暨百日安全表彰大会11月9日，值全国第18个“119消防宣传日”之际，由北京城外诚与朝阳区华威消防中队联合举办的大型消防演习在城外诚南广场隆重举办，城外诚总经理刘长河、华威消防中队队长黄鹏以及城外诚常委领导班子出席活动。城外诚全体干部职工及卖场营销员代表近3000余人参加消防演习活动。由华威消防中队50余名全体消防官兵、6辆专业消防车和城外诚20余人消防应急小分队和1辆消防车组成的强大消练阵容，通过消防车救火、油锅灭火、液化气罐灭火、火盆灭火、消防器材展示等五项现场模拟演练，为参加活动的3000余人上了一堂生动、真实、专业的消防知识提升课。此次“警民携手联防、共建平安环境”的活动，也成为了近年来北京市企业举办消防演习活动中，规模最大、参与人最多、专业性最强的一次。通过华威消防中队教官在现场对灭火常识、安全施救等专业知识的讲授，让参加活动的员工受益匪浅，消防知识得到了极大的提高，通过大规模的模拟演练体验，加深了印象、熟练了技能。在当天的活动现场，来自《北京晚报》、《新京报》、BTV、新华网等二十余新闻媒体进行了采访和报道。紧扣主题提升预警。今年是全国第18个“119消防宣传日”，北京市定于今年的消防主题为“人人参与消防，共享平安生活”，旨在把消防安全意识贯穿到人民生活之中的每个细节，达到人人参与、人人防范、共享平安的目的。多年来，城外诚始终把安全生产做为企业的头等工作来抓，从企业领导的高度重视，到消防知识的普及培训以及企业消防分队的组成，为确保企业的平安祥和铸就了坚固的防范长城。此次由华威消防中队长黄鹏带领50余名专业消防官兵，通过专业的系列演练活动，进一步提升了城外诚干部职工及卖场营销的消防知识和防范技能。百日安全成效显著。在此次警民联合消防大演练的活动中，城外诚总经理刘长河为60余名“百日安全”先进员工和营销员奖发了荣誉证书，并对“百日安全”活动取得的圆满成果给予了充分肯定。据了解，城外诚“百日安全”是今年7月7日正式启动，以“提高安全意识、同创和谐社会、共享平安生活”为主题，旨在进一步宣传和普及安全知识，提高安全防范意识，强化各项安全规章制度的贯彻落实，杜绝各类违章和安全事件的发生。为确保城外诚平安家居卖、营造更加安全放心的购物环境，并将此作为向建国六十周年献礼的一项重要活动。在为期100天的安全活动中，城外诚干部职工踊跃参与、积极行动，义务为安全巡逻活动奉献节假日。据工会统计，共计426人、奉献2000余个班次，在以总经理刘长河为组长、各部门负责人为成员领导小组的带领下，通过宣传动员、自查整改及总结经验三个阶段，确保活动质量，最终达到了预期目标，使“百日安全”活动取得了圆满成果。警民联合首次演练。 “生命至上”，人的生存是一切事务的前提，“发展是硬道理，稳定是硬任务”，消防安全是企业生存和发展的前提。城外诚总经理刘长河把安全生产作为常抓不懈的重要工作，企业不惜巨资投入，购买专业消防车辆、聘请退伍消防兵，从硬件和软件上组建了一支素质过硬的消防应急小分队，并在企业内进行多次的消防演习。此次，城外诚消防应急小分队与华威消防中队的联合大演练，是一次大型的警民首次联合演习，实现了“高规格、大规模、专业化”的局面。在活动现场，按照预定方案，在指挥员的发号施令下，6辆消防车、50余消防官兵到场进行灭火救援，启动消防水泵、铺设消防水带、实施救援、紧急撤离……整个现场紧张有序。消防官兵动作敏捷、配合默契，参演人员沉着冷静、有条不紊，华威中队消防官兵和城外诚消防应急小分队的精彩演练，赢得了在场领导和员工的阵阵掌声。此次警民首度联合大规模的消防演习活动，取得了圆满成功。活动结束后，城外诚总经理刘长河以及华威消防中队队长黄鹏对这次演练活动的圆满成功给予了充分肯定。通过高强度、高规模、高水平的演习，既大大检验了消防官兵的应急能力，也让企业消防应急小分队在演习中到了锻炼和提升，增长了消防队员扑救火灾的能力和素质，全员共同参与消防的意识得到全面提高，为实现企业安全生产、地区和谐稳定提供了重要保障。,3,6,0.6519486904144287
城外诚万件特供家具惠京城厂商携手全线出击 五折家具惠泽百姓为庆祝西区卖场完美升级，城外诚家居广场安排了一系列活动，从8月8日——8月18日特举办超值让利促销活动，全场万件特供家具五折起销售，是系列活动的重头戏，在炎炎夏日为广大消费者带来无限惊喜。西区完美升级，所有商家积极参加特供促销活动，纷纷拿出具有特色的品牌家具，打折让利，最低让利达到5折，掀起消费购买热潮。不少厂商的产品以成本价或低于成本价进行销售，让京城百姓心动不已，更有部分一线品牌时尚前卫的新产品，第一时间选择在城外诚进行首次特价销售，吸引了消费者的眼球。东区、沙发大世界的厂商也纷纷加入了城外诚规模空前的特供销售活动，有些厂家甚至为这次活动准备了上百件(套)商品，使这次特供活动能让更多的人买到特价商品。科学决策厂商支持 全面升级档次更高 受世界经¬济危机拖累，08年底到09年初，家居卖场行业也深受影响，城外诚总经理刘长河认为这既是对家居企业的一次考验，也是一个历史性机遇，必须变被动为主动，因而作出了大胆而科学的决定，对卖场实施以产品结构调整、格局重新规划为核心的卖场升级、品牌升级、服务升级工程，以期使软硬件均达到国际一流家居卖场的标准，保持城外诚作为首都家居龙头在行业内的竞争优势。在商家的鼎力支持下，在城外诚管理团队精心规划与督导下，东区一万多平米的卖场升级改造工程，3月中旬启动，“五一”前顺利完成；西区两万平米的卖场升级改造工程，6月23日启动，8月初圆满完工。莱德品牌家具总经¬理田茂东说，莱德品牌慕名进入了城外城家居广场，其北京直营形象店仅城外诚一家，本来在今年5月份已装修过一次，但与这次卖场升级要求有距离，我们又按新整体改造规划效果重新装修了一次，虽花费有所增加，但为了城外诚的整体发展，觉得还是值。像有这样情况的厂商还有很多，但大家都能顾全大局，全力配合升级改造。一线品牌聚城外诚 家居航母显新内函家具品牌旗舰店面积越来越大，装修档次越来越高，家具产品越来越养眼，是城外诚东西区改造升级后最显著的特点。拥有“芝华仕”等数个知名品牌的克拉¬斯公司董事长王大伟认为，城外诚以其规模与实力聚集了一线知名家具品牌，并与之形成了良好的伙伴关系，这次卖场升级很及时，在行业产生了震动，受到了业界人士的一致好评，改造后的城外诚卖场形象与城外诚作为家居行业的龙头地位相称，在家具行业影响力强大，百强董事长陈晓太则说，一流品牌的旗舰店，就要建在家居龙头卖场，城外诚百强店的经营业绩很好，相信改造后城外诚的情况会更好。除原有大的知名家具品牌外，这次改造升级还淘汰了部分质量信誉差、品牌美誉度小的家具品牌，让那些因种种原¬因暂未进驻的知名家具品牌有机会进入城外诚。虽然众多家具品牌厂商争相排队等候入驻，但城外诚严格控制入驻家居品牌的质量，没有实力，非一线家具品牌不在这次新品牌引进之列。新老一线家具品牌，循¬着卖场升级格局和档次，花重金打造在城外诚的旗舰店、形象店，构成了重量级家具品牌群，加之服务水平的进一步提升，增加了城外诚品牌实力和在行业内的影响力，使城外诚一站式购物平台更加炫彩夺目，真可谓：首都家居航母，尽显全新内函¬。亮丽时尚卖场环境 让城外诚锦上添花拓宽了的卖场通道，铺设了防滑亮洁地砖，换上柔光射灯和金属三角吊板式格栅。改造后的通道明亮而美观，整洁宽敞亮丽，而升级过的品牌展厅高档舒适，家具款式新颖时尚，使人耳目一新、流连忘返。新卖场还注入了环保理念，一方面，通道与展厅的通风比原来通畅，让空气保持新鲜；另一方面，对所销售的家具设置了环保质量门槛，这样保证了消费者能在环保的卖场环境中购买到环保的家具。人性化卖场格局，体验式家居展示，让人可以找到了家的感觉，现在的城外诚不仅规模大，品种全，档次也高，看到崭新的卖场形象，不少业界人士发出了由衷的赞叹。二百余家顶级名牌 纷纷推出特供家具这次特供促销活动参加品牌之多、力度之大实属少有，很多一般不参与大幅度打折的顶级家具品牌也参加了这次庆祝卖场西区改造成功的特供活动，知名古典红木家具品牌元享利、年年红、裕丰、连天红、友联都倾力推出主力品种进行促销，许多消费者闻风而动，到各个展厅打探比较。现代板式和实木家具红苹果、联邦、天坛、华日、大连华丰、优美佳、诺捷、北欧艺家、友联、世纪凡高、欧品、南洋É¬林、恒福利、强力纷纷拿出了热销家具，联合上演出一台让利促销大戏。城外诚万件特供特价家具，火热促销舞动京城。众多特供家具，将吸引首都众多消费者争相观看、购买，在西区改造完成之际，必将迎来新一轮的家具旺销狂潮。,3,6,0.4158056974411011
城外诚刘长河新媒体被世界认可(图)     新浪家居谢娟讯  10月16日，易居中国与新浪合资公司中国房产信息集团（简称CRIC）在美国纳斯达克成功上市。此消息一出，家居业界大腕在分享喜悦的同时，纷纷来电来函，向中国房产信息集团成功登陆纳斯达克表示祝贺，同时对CRIC在未来发展提出了中肯的建议和期待。新浪家居电话连线业内数位大腕，倾听他们对此事的看法，以及对中国房产信息集团上市寄语。【CRIC（中国房产信息集团）纳斯达克挂牌上市】       采访嘉宾：城外诚总经理 刘长河         新浪家居：您好，刘总，我是新浪乐居家居频道编辑谢娟，感谢您接受本次访谈。   刘长河：您好。       新浪家居：北京时间2009年10月16日，易居中国与新浪合资公司中国房产信息集团在美国纳斯达克成功上市融资2亿美元。您是否知道此事？您对此有怎样的看法？       刘长河：嗯，听说了。乐居在迅速扩张规模之后，发展的更快了。这说明新媒体更被认可，网络媒体行业被国际上认可了。    新浪家居：感谢您的肯定。同时也希望您能给予建设性的意见。       刘长河：希望能够加大家居关注力度，为家居在全社会的宣传起到一个桥梁纽带的作用。    新浪家居：您有怎样的祝语？      刘长河：上市即有很好的业绩，股民多买咱们的股票！      【嘉宾简介】        刘长河：城外诚家具商场总经理，北京市市场协会副会长、北京市商业联合会副会长、朝阳区商业联合会副会长、朝阳区私人个体协会十里河分会会长。这个时代，能够创造奇迹的人，少之又少，但刘长河就是其中之一。他凭借对市场敏锐的洞察力，创造了京城家居建材业的数个第一，引领了首都家居消费的新潮流。相信“城外诚”这个品牌在他的带领下，一定能蒸蒸日上，继续创造家具行业中的奇迹。      【推荐阅读】        城外诚刘长河：诚信德 企业发展之本       城外诚刘长河：卖场升级成就品牌蜕变       城外诚刘长河：诚信德 企业发展之本       【媒体声音】      中国证券报：新浪易居合资公司CRIC登陆纳市       上证报：新浪易居合资公司CRIC逆市登陆纳市       第一财经日报：CRIC上市首日市值20亿美元       新华网：新浪与易居合资公司CRIC登陆纳斯达克       专访丁祖昱：CRIC在做前人没有做过的事情       专访罗军：CRIC具有巨大的商业潜力       专访曹国伟：在某些垂直领域会做更多尝试 【更多】     上市背景资料：      美国东部时间10月16日(北京时间10月16日)消息，易居中国与新浪合资公司中国房产信息集团(以下简称CRIC)在美国纳斯达克挂牌上市，首日开盘价12.28美元，超出发行价0.28美元。CRIC为易居中国与新浪的合资公司，股票代码为CRIC，发行价12美元，共发行美国存托股票(ADS)1800万股，同时承销商有权在未来30天内，行使总额达到270万股的超额配售权，此次IPO共计募集资金约2.16亿美元。作为中国在美国的地产科技第一股，CRIC是中国最大的专业房地产信息服务公司，并且拥有同时覆盖线上线下的房地产综合信息和服务平台。CRIC的成功上市，也创造了两家在美国上市的中国公司，分拆各自极具成长力的业务后进行合并，并进行二次上市的先河。CRIC联席董事长、CEO周忻表示；“我们很高兴看到CRIC成功上市，此次IPO将确立CRIC作为中国房地产信息服务第一品牌的地位，并有利于CRIC继续推进国内最大和最先进的房地产信息系统建设，使CRIC成为同时覆盖线上和线下的强大中国房地产网络信息服务平台，为房地产开发商、供应商、专业机构以及个人用户提供多元化房地产信息服务。CRIC联席董事长、新浪CEO曹国伟表示：“CRIC的成功上市，是易居中国和新浪合作的重要一步，也是我们在垂直领域商业模式探索的有益尝试，我们很高兴有机会发挥双方的协同效应。而进一步拓展和深化互联网垂直领域的商机，建立公司在细分市场的核心竞争力并做大做强，这也是新浪未来长远战略的重要组成部分。,3,4,0.746872067451477
城外诚刘长河：“德”字服人主持人：您用您的热情和睿智孕育了城外诚这个品牌，那么品牌之路也是中国家居行业必须要经历的一段道路，您对此有怎样的预测和看法呢？刘长河：其实现在大家都有体会，像普通人穿的服装，像木樨园那种大的市场，有的几十块钱，几百块钱也有，看着也不错，但是为什么到燕莎、赛特、国贸买几万块钱一身的服装，就是一种品牌，而且社会在进步，有的场合就需要这样的品牌，而且很多人有条件之后，感觉到为什么贵，他认为这个牌子和他相称，他的身份，他的地位和他社交的圈子，很多人解决温饱问题了，穿着、吃着就可以了，但有很多人就认这个品牌，体现了这个人的品位。我记得到法国品牌一条街，所有的东西贵的想象不出来，但是就是有人消费，这种消费心理和消费层次随着社会的进步越来越多，所有的各行各业，企业，将来品牌的道路是企业生存的关键，有了品牌，利润空间就大，大家认为这个品牌花这么多年做广告，很多人知道这个东西真正的不值什么钱，但是这个牌子之前，代表着身份，为什么那么多世界名牌，越贵越买，利润空间高，他所用的材质、技术，包括利润空间都非常大，有了利润空间就有研发能力，老领跑这个行业，所以他总能生存，效益好，老有自己的消费群体，所以你凑合能生存的企业就不讲究牌子了。 主持人：我们知道四月底重装之后的城外诚有一些大动作了，您能不能介绍一下这次重装之后城外诚有什么变化？刘长河：这次装修，现在的效果我感觉还是比较满意的，比较现代，装修的风格，色彩，在这个行业里面，我认为大家都可以到这里参观一下，你说领跑，要有实际的东西，我这里装修也并不是很豪华，但是满足了我很多的要求，一个是现代，另外施工好施工，速度很快，可以预制，而且家具行业对消防要求非常的严格，如果全是这种板，我用了挂片，定做的，有空隙，解决了美观问题，还要解决施工的速度问题，还要满足消防需求，综合这几方面的因素，做出这样的方案，最后效果好，但是还要认可，作为装修，里面要有档次。另外五一的促销，由于这些品牌，很多的企业从不想在我这里，到现在说什么都不做，我求他们走，他们都不走！我刚才说了，他们某种程度上是在求我，我就要说了，这次改造的过程中，要装出效果来，我装好了你也要装好了，投资，另外，把最好的产品放在城外诚，同时我五一要促销，你得配合，我们要给消费者真正的实惠，一个是抽奖，另外很多品牌企业这次专门生产制作一批特供产品，这款产品跟别的产品款式、价格、质量都很好，那个东西一千块钱，我这个特供产品为了配合我们，让消费者得实惠，就卖五百。你必须要打对折，同样这个东西，假如这个电脑一千块钱，同样的，在我这里一定要卖500块钱，其实得实惠的是消费者，厂家也不吃亏，消费者如果买500块钱的东西，不可能只买一个床，还可能买一个柜子，这属于薄利多销了，厂家投资了，某种程度上我也给打折，几方面最后消费者得实惠之后，由于我打了广告，消费者认为这里有特供的产品，消费者来的得了，卖的多了，我也真是名利双全了。主持人：数量两有限制吗？刘长河：我跟他们签合同，根据你的数量我提供一个政策，他说我能给你200件，我们跟这些规模，有实力的签约。主持人：消费者真的得到了实惠。刘长河：当然了，又放了假，在这个时候得实惠又逛家居城不是很享受吗。主持人：吃亏是福，工作就是玩，花钱买平安等等都是您说的话，这其中的故事你可以简单聊一下。刘长河：刚才你说的吃亏就是福，人的习性都是想占便宜，拿谁当傻子啊，随着社会的进步，大家都有爱心，奉献的感觉，而且老人说，要想取之先予之，我老觉得我欠你的，以后人家是不是很尊敬你，我老在你这里，你给了我很多的付出，我们需要合作的时候，你感觉这个人对我们曾经的帮助特别大，时间长了，大家都说你这个人好，才是真正的好，所以你看着表面上吃亏，实际上大家公认你，认可你，都对你印象特别好，最后占便宜的是你，你老说这个占便宜，您也把人当傻子，可能个别的事儿上你感觉比别人多付出了一点，但是时间长了之后，大家认可你了，你是占便宜了，而且作为人来讲，老觉得自己吃一点亏心里特别踏实。假如说咱俩吃一个饭，你把帐结了，我心里就过意不去，我为什么让你结账，我老觉得欠你的钱，如果多吃一点亏不是很好吗，这是吃亏的福。我现在六点多就醒了，我家里有一些小动物，鱼、鸽子等等，早上起来先伺候他们，七点多钟就上班了，我就在这里转悠，接近现场，哪都转一下，哪一个钉子，哪裂了等等，有时候溜到中午了，我就感觉是享受，过瘾，我把这个事情说了之后，明天就做了，那种感觉是有一些人是不会体会的，有一些人是被动的，别人让你干什么才干什么，我是发现了这个活才刺激，为什么这么多人看不见，我认为这就是乐子，而且对企业应该说你代表了企业的形象，人家不认为你当时没有看到，你说是家居模范城，这些事情怎么没有人管呢，而且城外诚每天都有变化，哪改造改造，调整调整，这里面有很多人不身临其境，是没有这个感觉和体会的，所以我感觉啊这一天，从早上起来到中午，有时候有应酬，有时候晚上有应酬，有时候应酬到后半夜，他们都说你累不累，我就觉得我有说不完的话，这个确实是有瘾，其实这个活我不管也可以，但是我不管跟管是不一样的，效果、效率完全不一样，不管也可以，时间长就看出问题了，但是我们尽量要求完美，他们都说我累，事无巨细，我不管也可以，假如说我出差十天半月，这个企业照样运作，我不在家几天应该说是维持，没有出问题，但是要推着企业发展，应该有一种动力，我发现问题，调整，赶着大家再往前走，我认为大部分企业都出现这样的问题，你作为企业的负责人，如果你懒惰了，没有状态了，企业无非就落下一个维持，赶上危机，最后没有办法就倒闭了，所以企业要有一个精气神。你说作为一个企业安全是头等大事，如果保证不了安全，别的就提不上了，安全也是来自方方面面，很多企业安全有一些是经营上的安全，假如你出现问题，别人给你暴光，都是安全问题，另外就是意外，交通事故、消防、工程上的安全。怎么样保证一个企业的平安，我说这个就是真正的这么多年我真的跟看家似的，我觉得这个东西不能丢了，凭什么这个东西丢了，怎么控制，假如说施工安全，将来我想要好好写一个回忆录，有时候突然做梦就醒了，城外诚一刮风墙倒了，确实很多人都经历过，我就梦到城外诚盖的时候让风刮走了，而且确实那时候施工呢，夜里就吓醒了，我过来告诉施工队，一定要把自重墙做厚一点，我也不是说搞工程的专家，但是我们要最起码的道理懂，自重墙要加宽就要花钱，这是花钱保平安。另外你要达到科技消防，刚才我们说喷淋、消防器材，包括城外诚我专门买了消防车，这需要经济实力跟着，要花钱的，包括用这些保安公司的人员，你用好的保安公司，你要给人待遇，夜里为了让他们不犯困，加餐，吃方便面管够，吃东西的时候是精神的吧，包括媒体，我们该维护到的维护到，假如说跟每家媒体，比如说跟新浪有这么好的关系，假如有个别人反映城外诚有什么不好，你们就知道城外诚据我们了解不错，感觉特别好，了解城外诚，这都是需要在这里做广告产生费用的，但是你们给我宣传，了解了这个企业了，个别人说城外诚怎么样可能是个别现象，消费者的问题解决的，有一个合理的说法，我感觉这都是平常的积累，但是也需要合作，你要保证企业的安全，我说花钱买平安，这里还包括消费者，消费者出现质量问题了，你要马上出来解决的，可是一些不是质量问题，可能消费者，男女看法不一样，男女作主回去都觉得不满意，回去看着家具就不舒服，两口子有矛盾了，找到这里来，能不能退，你要退，工厂不认可，这里面有运输的问题，家具拆装有费用，遇到这样特殊的消费者，我们一看两口子，两个人都特别的倔强，我遇到这个事就说给退了，所有的费用我们出，这个也是花钱保平安，而且这样的事儿我做了很多。最早有一个年轻夫妇买了一对沙发，老爷子就不干了，感觉是回民，年轻人买的是猪皮沙发，消息传到我这里，我说马上给退了，人家是宗教信仰问题，有什么啊，两口子又买了牛皮沙发，给我们写感谢信，这些事儿积累起来都是城外诚的历史，而且要产生费用的。这些消费者对我们城外诚的宣传好了，别人说我们不好，人家替我们说好话，家家保平安了，社会平安了，和谐了，你要保平安，方方面面需要费用，这个费用不白花，企业安全有保证了，你心里踏实了，消费者对您有很好的口碑了，也不是一句话、两句话可以说清楚的，一个企业，遇见很多社会上不三不四的人，社会上什么人都有，改革开放以后，贫富差距大了之后，有一些嫉妒的心里，我们晚上搞夜市，有一些人喝酒多了，在城外诚外面打架，我们也管，作为一个企业，我作为一个负责人，酸甜苦辣别人体会不到，但是这个是个别情况，你跟他犯不上造成以小失大，退一步海阔天空，以一种平和的心态，我在这里吃亏了，不该花钱我花了，但是我为了企业大的利益，我要对这个企业负责，我不该花的钱花了，对企业来讲是值得的，要把一个企业保证住，让他不出问题，绝对要有全方位的思路。主持人：感谢刘总今天和我们分享了如此多和城外诚之间有趣的故事，我们也仿佛亲历了城外诚的成长，您孕育了城外诚，我们感觉您是为城外诚而生的，本着你吃亏是福的原则，能否中午和您吃个饭。刘长河：当然！我们有一个运动商务会所，也是一个企业实力的体现，每年有很多的商户，大家都有吃住玩的地方，对我们企业看得起，另外觉得和城外诚合作可以大投入，所以现在目前城外诚已经解决了温饱问题。主持人：感谢刘总，谢谢您。,3,4,0.5039758682250977
城外诚刘长河：卖场升级成就品牌蜕变升级之后的城外诚又一次高调亮相，并且亮得震撼！亮得漂亮！由30多家国际国内知名品牌提供的3000件“特供商品”将在城外诚独家发售。无论是家具品质还是价格，都将给京城百姓带来从未有过的惊喜，特供商品仅在五月1日至10日期间限时限量发售，售完为止。此外，城外诚还将为消费者准备的礼物还包括名牌家电、知名会馆消费券、各类居家生活用品在内的总价值高达1000万元的奖品，并通过“澳门轮盘”、“现金一把抓”和“刮刮奖”等新奇刺激的抽奖方式向消费者进行大派送。为此，新浪乐居再访城外诚家居广场总经理刘长河先生。时间：2009年5月6日上午10:00-11:00地点：城外诚休闲会所嘉宾：城外诚家居广场总经理刘长河先生主持人：新浪乐居 谢娟以下为现场实录：主持人：刘总您好，此次城外诚投入了5000万来打造“现代家居馆”的概念，效果消费者和媒体朋友都有目共睹，延续咱们以前的品牌打造理念，此次品牌打造的两点在哪？刘长河：就是相当于我们卖场里面重新洗了一下牌，这次没有实力的厂家洗牌就洗掉了，然后没有进到城外城的厂家呢就有了好位置。以前规模小没有好位置的企业呢全能调成了好地方，给好品牌一个好的平台这样呢，跟城外诚将来的发展走向呢能够匹配了，实际也满足了消费者的需求，调整还是非常满意的。主持人：跟以往调整的差异在那些方面？刘长河：差别就是以前没有这么大的动作，没有这么大的投入，总感觉到作为城外诚来讲我们也不能高枕无忧，感觉到这次调整决心还是挺大的，他是一个逆向思维，现在属于金融危机，各行各业都不景气，市场疲软。这种情况下城外诚要大范围的、大面积的、整体的调整，城外诚面临的压力是很大的。我们感觉到企业不进则退，作为企业呢我们恰恰认为有风险我们如果采取这种大的调整还是利大于弊，虽然说是短痛，如果不动呢我们又特别被动，有的工厂呢卖的不好，我们又不做合理的调整所有有的企业呢就有进有出，就不能保证品牌在里面或吸引进来。如果这次彻底的调整、彻底洗牌。小厂家出去，大品牌进来，效果都好了，这就是良性循环。我要说的风险就是这些厂家有没有顾虑、有么有信心。首先城外诚对自己有信心！那么在这种情况下跟这些品牌企业老板们座谈，头五一我们有一个全新的形象迎五一，工厂配合我会不会同意这种改造？大家合作了这么多年了，品牌也越做越响。如果城外城要改造我们愿意把我们厂的最新设计的最好的售货员、最新的产品都放在城外诚，既然大家都捧场嘛所以我信心更足了。这次调整非常及时效果也非常好，同行的这种认可，给消费者的感觉也很好所以我们感觉也是非常成功的。主持人：在经济危机之下，大环境在进行一个品牌的洗牌，在城外诚之内的品牌洗牌也在进行。刘长河：这个做法得有点胆量、这时候一定是有好多事，一懒啊有风险就凑活，城外诚生存是没有问题的，我们不满足于生存问题，如何更好更具备有企业，我总感觉这次调整时出乎意料的，调整的是相当的满意。主持人：您站在宏观的角度，城外诚发展的历史长河中，此次的升级是进阶式的转折点吗？刘长河:应该说城外诚从95年开业然后呢到01年就是拆迁，现在这个地方呢，拆迁时的面积很小，1万多平米，扩建03年城外诚正式初具规模，从一开始创业，到拆迁，这是一个历史性的里程碑，应该说城外诚这次调试是解决了城外诚档次，以前是解决了创业，03年是解决了一个生存的问题，那么现在是解决了一个上档次的问题，在行业里面有更大的作为，这个品牌基础就进一步夯实了，这也是一个关键的里程碑吧，升级了！,3,6,0.4120219051837921
城外诚刘长河：心有多大 舞台就有多大主持人：您曾经说过消费是一种享受、是一种体验、同时也是一种情感支出，我想问您一下，假如您是城外诚的一个全新的客户，或者是城外诚的一个忠实老客户，当您五一之后再走进城外诚的时候，您有什么感触，会对此次升级满意吗？刘长河：卖场改造呢投入了很多精力，就是从一开始有想法，到实施。说是想升级实际操作起来点点滴滴，到底怎么来操作。最后出什么样的效果，他的报价怎么样，包括他的导示灯光，包括瓷砖，选那的、质量怎模样、装完之后能不能保证质量，价格还得合适。反正做一次改造是一次特别麻烦的事情，咱么都知道家里做一次装修，就是有人给你干活你得劳多少神那，一个月的时间组织人力财力物力，最后除了很好的效果，反正是酸甜苦辣我认为非常值得！如果我是消费者，我倒着肯定是眼前一亮！因为做了那些东西我都知道我天天在这呆着都感觉很很好！更何况以前来到过这，突然看到这种效果，你不管是地面灯光，厂家的这种要求，然后统一装修，环境色彩方面。应该说没少用心，不单单是在北京，就是在全国方面家居行业里面，来城外诚参观的这些家居界大碗们应该说感觉城外诚这次装修之后很成功！跟我说有的都很震惊。怎么效果这么好啊，这也就是这么多年的积累。主持人：卖场改造之后新上了很多设备，为城外诚的科技含量镀上了一层金，之后城外诚在信息科技方面有什么样的发展计划？刘长河：应该说城外诚这次也是自己对自己的一个突破，收银这块是吧。也是一个多赢的局面，消费者把钱交到城外诚来踏实，因为城外诚是品牌。我们是做店经营，以德经商的这种口碑宣传，以前没交到城外诚，城外诚都是消费者的保险公司，现在交到城外诚了，对消费者、对厂家都认为我们是讲信誉的该返款的时候我们返款。对厂家的管理力度我们可以进一步的加强，因为有块在城外诚这方面攥着呢，因现在的公司没有任何一家企业愿意自己的质量出问题，就是真的出了问题我这有控制厂家的资金啊！所以肯定不会慢待消费者，所以统一收银这一块呢得投入，所以我认为这是规范市场的一种举措吧。这也是城外诚改造升级的一个方面。另外从消防安全方面，我们也进行调整。我想作为一个企业首先从硬件上满足现代化设施的这种需求同时也是为企业长治久安做好各方面的准备呗！也就是说企业有实力了以后就有长远打算，给其企业奠定一个发展基础！主持人：回顾城外诚的发展历史、我们知道城外诚在不同的阶段完成了您刚才说到的创业、生存和品牌这三个蜕变的过程，请问城外诚在将来还将有什么样的大动作？刘长河：我们的动作呢就是不断地完善自我，在行业里永远立于不败之地！恨不得将来再跨行业经营，都是很有可能呢。你像去年我们搞的艺展成功了，那么我们今年提出了搞婚庆产业基地，这也是我们一项新举措，它是家居产业的龙头，从搞对象到结婚开始就了解城外诚。一看这有这么多好家居，以后肯定在这买了，这就是一个潜在消费群体的吧，婚庆产业包罗万象还有好多妇女儿童产品，将来结婚后所有信息我这都能掌握。现在家长对子女的投入应该是一点都不吝啬！这也是应该是我们比较前瞻性的一个思维，要创新。要对企业将来打下一个非常坚实的一个基础。主持人：心有多大舞台就有多大，城外诚的心有多大？刘总的心有多大？刘长河：你也看到了就是说城外诚所有的事应该都是大手笔，你看城外诚四周的建筑也好是空间也好、没有一地方是小气的！一般的我还真看不上。我的心气还真是特别的高，也就是野心特别大，就是老得有新想法新动作，别人都是不敢想的，别人认为是我这是走门的但是实践证明我这是企业文化，你比如说你企业弄一个火车头干嘛？火车头这是一种企业精神那！大家看着好玩，企业有一种内涵。我觉着做企业要大气，做人也要大气！所以说做企业也就有后劲。主持人：好的，谢谢您！,3,4,0.7894235253334045
城外诚孔繁玲：硬件条件的改善 服务升级4月底，重装之后的城外诚就会以全新的姿态亮相，城外诚副总经理孔繁玲告诉主持人，随着城外诚硬件条件的改善，服务水平也将有所升级。时间：2009年4月22日上午10：00-11：00地点：城外诚家居广场嘉宾：城外诚副总经理孔繁玲女士以下为现场实录：【主持人】4月底，重装之后的城外诚就会以全新的姿态亮相，首先请您给我们介绍一下，重装之后的城外诚在购物环境、产品结构以及售后服务等方面会有哪些变化？【孔繁玲】这次城外诚调整是一次很大的举措。目前金融危机对各行各业的影响还很严峻，从家居行业来说，竞争也日益激烈。城外诚要发展要提高，就必须要从自身调整。虽然城外诚是北京单体最大的家居卖场，但是在硬件设施还有很不完善的地方。这次调整以后在硬件调整上会有很大的改观。比如说通道加宽了，装饰石材更加亮堂了，灯光照明也有很大的变化。通过这些调整也会实现品牌的升级。城外诚目前聚集的品牌比较齐全，这次调整也会在品牌上有所升级，淘汰一些销售情况不太好的品牌，与此同时，很多家具品牌的旗舰店将乘着这次重装陆续进驻城外诚。此外，城外诚以前没有的品牌现在也会陆续增加进来。总之，这次调整城外诚将会和商家共同来为消费者营造舒适的购物环境，弥补经营上的不足。【主持人】随着城外诚硬件上的改善，服务这方面是不是也会有所升级？【孔繁玲】目前我是分管外城外诚的服务工作，作为我们来说是直接面向广大消费者。3个月前，我们成立了服务管理中心，立足于更好地为商户服务，协调他们在经营上遇到的困惑，制约和不方便。这些工作主要包括卖场维修、销售合同审定等方面。另一方面服务管理中心也要为消费者提供便利。我们目前拥有一个值班经理队伍，满足对消费者的咨询、意见反馈，及时解决矛盾和投诉，让消费者有一种服务到家的体验。我们的售后服务部也会第一时间为消费者提供完善的服务。具体说来，我们拥有很多具体的便民服务项目和措施。比如说为残疾人准备了轮椅，工作人员也会热情地去陪同购物，这一项服务得到了很多消费者的认可和赞许，也提升了销售额。在为外宾服务这方面，我们有蒙语、俄语、英语等服务，商家也因此觉得外单销售非常方便。【主持人】在3月份的时候，城外诚组织了新版家具合同的培训会，抢在第一时间落实新版家具合同的执行，更好地为商家和消费者服务。那么一个月过去了，目前取得的效果怎么样？【孔繁玲】这个培训之后，不光是销售人员，我们管理人员也从中学习了很多，他们在开展工作的时候能够及时对品牌销售人员提供指导和帮助。很多销售人员习惯了使用旧版合同，因此在新老合同更替使用期间，出现了一段磨合期，我们的管理人员及时将出现的问题进行了归纳和汇总，并及时与销售人员沟通解决了问题。【主持人】今后我们是不是还会开展这些类似的培训活动？【孔繁玲】当然会。通过这些培训，一方面提升了我们管理人员的素质，也使得商家销售人员的综合能力得到，从而能够更好地为消费者服务。再有，为了提高城外诚的整体素质，我们招收一批大学生来充实服务管理队伍。今后也将从各方面把服务做得更好。【主持人】针对五一期间的销售有哪些特殊服务承诺？【孔繁玲】我们准备向商户承诺“有求必应”，提供更全面的服务帮助他们提高销售。同时也为消费者提供更便捷的服务。值班经理将加强卖场巡视，及时反馈消费者的意见和建议。另外，我们将会推出大型的促销活动，会拿出巨资来让利消费者，让消费者享受到更多的实惠。,3,4,0.5770338177680969
城外诚重装升级 5.1全新亮相送大礼    五一期间城外诚为消费者准备的礼物还包括名牌家电、知名会馆消费券、各类居家生活用品在内的总价值高达1000万元的奖品，并通过“澳门轮盘”、“现金一把抓”和“刮刮奖”等新奇刺激的抽奖方式向消费者进行大派送。 卖场照片：图为 卖场照片图为 卖场照片乘车地图：,3,6,0.6081677079200745
城市人家装修纠纷引热议 质量问题应赔偿舜网讯 时报近日以《重新装修损失谁承担？》为题报道了市民于女士与城市人家之间的装修纠纷后，有律师致电时报称，如果确认城市人家的装修工程存在质量问题，且给于女士家带来不便，按照相关法律规定，应首先进行维修，然后再赔偿。于女士去年11月份与北京城市人家装饰集团(济南)公司签订了装修合同，由城市人家负责装修她的新房。2008年11月17日开工，2009年1月3日竣工。于女士介绍，今年5月中旬的一个凌晨，她正在睡梦中，突然一块墙皮从天花板上掉了下来，正巧砸在她的脸上，此后，房内的墙皮便开始成片脱落。对此，城市人家工程部负责人吕经理承认他们有一定的责任，但在相关赔偿方面无法达成一致，房屋维修一直拖着。对此，山东鼎桥律师事务所丁艾东律师认为，于女士与城市人家装修公司之间存在装修合同关系，装修公司应当按照合同约定为于女士提供符合质量要求的装修服务。如今，于女士家的装修出现墙皮脱落现象，如确认是装修公司提供的装修存在质量问题所导致，那么就可以认定装修公司违约。《中华人民共和国合同法》第一百一十二条：“当事人一方不履行合同义务或者履行合同义务不符合约定的，在履行义务或者采取补救措施后，对方还有其他损失的，应当赔偿损失。”据此，装修公司应当为于女士家重新装修并赔偿于女士因此事所造成的全部损失。对于于女士所主张的中转租房的问题，丁律师认为，在装修期间和通风期间，于女士的房屋不能居住，在外租赁同等类型的房屋的租金，搬动家具产生的费用以及毁损，对正常生活、工作、孩子上学所产生的不便进行适当的补偿，都应当在赔偿损失的范围之列。于女士位于阳光100小区内的新房是在去年11月份开始装修的，今年2月份入住。就在今年5月份的一天，一块从天花板掉下来的墙皮正巧砸在于女士脸上。此后，房内的墙皮便开始成片脱落。昨天，于女士致电维权热线咨询，装修公司虽然承诺维修，但相关的损失该由谁来承担呢？ 近期，多位读者向本报反映自己购买完家具后在送货、安装等环节遇到难题，记者为此走访了京城多家大型家具卖场，通过调查了解记者发现家具售后服务问题主要集中在五大方面，在采访中也有多位专业人士为消费者如何避免遭遇麻烦及家具企业如何提升售后服务水平开出了药方。“开始还以为是感冒呢，但嗓子像是扯掉一层皮一样，又痛又痒！”新房还没装修好，55岁的老教师闫继民居然中了毒！医院诊断结果为多氯苯混合物、甲醛过敏中毒引起的过敏性哮喘。而罪魁祸首正是从材料市场买来的8组“立邦美家居”牌的木器漆。,3,4,0.3654681444168091
"城镇家具卖场冲击广州城区卖场为抢占市场份额，广州新塘万户来外销家私2折清货 □信息时报记者 刘潇 由于经济不景气因素的影响，以出口为主导的家具生产商业务受阻严重，产品大量挤压。为了维持生产，众多外销家具厂不得不以极低的价格火速清货。从年初开始，万户来家居新塘店家将大批优质外销家具以低至2折起抛售。业内分析人士认为，在家具卖场掀起的降价风暴中，万户来以其物美价廉，以及地处周边城镇地区租金成本低的优势，将对同业者造成不小的压力，这意味着占据广州东部交通要道的新塘万户来将分流城区家居卖场相当一部分客源，城区尤其是东部一带的建材、家具卖场面临着新的挑战。 起因： 家具卖场刮起降价风 今年3月刚刚结束的深圳、东莞、广州、顺德四大家具展，各大家具生产商纷纷推出新款新货、抢占市场。但是受金融危机影响，出口订单数量将比去年同期减少，很多厂家不得不走“出口转内销”的道路。而为了迅速占领市场份额，今年“五一”期间，“价格战”成为各大家居卖场最重要的推广手段之一。因此，目前虽然是新品上市的销售旺季，在万户来家居，许多品牌仍然坚持低价促销。 在万户来家居新塘店家，信息时报记者了解到，在商场一楼特辟2000平方米的“外销厂商临时清货区”。大批优质外销家具甚至低至出口价的2折起抛售。目前虽然是新品上市的销售旺季，但在万户来家居，许多品牌仍然坚持低价促销。 据万户来家居有关负责人介绍，目前，红苹果家具、健威人性家具、左右沙发、金富利、曼古、丽星、慕丝、和风、海马等众多品牌，正在通过万户来家居新塘店，将各自的家具产品以低于市区15%～20%的售价大力推广。有消费者现场计算，相同品牌和型号的家具全屋配置，万户来可比市区普通卖场节省约5000元。 反应： 城镇家具卖场低价抢客 对于万户来的低价促销战略，万户来有关负责人表示，作为广州周边地区的家居卖场，要吸引市内顾客，除了低价，没有别的办法。只有真正卖出比市区大型卖场更低的价格，才能打动广州市民。 据了解，近年，受制于广州市中心城区大场难觅、租金成本高涨的影响，许多商家选择向周边地区发展，即在广州市城乡结合部或周边城镇开设卖场，实现低成本扩张战略。同时，广州市中心城区的""东拓""战略，为周边镇区房地产业带来了前所未有的发展机遇，也催生了镇级建材、家具市场的兴旺。以万户来家居新塘店为例，该卖场无论营业面积还是引进的产品品类都毫不逊色于广州市区任何一家传统家具卖场。 据其负责人介绍,万户来目前销售形势良好,受经济危机影响不是很大,主要在于其“出招早,行动快”,据悉其在年前就开始主动降价,既做到了与市内家具商场的相对价格优势,又保持了在广州东部地区家具市场的绝对价格优势,掌握了价格的主动权。另外,其抓住家具原材料普遍降低的有利契机,与各家私生产商谈判,争取最大优惠,压低出厂价,从而为家具售价的下调打下了坚实的基础。 影响： 部分城区家具卖场客户流失 自2008年以来，受国际金融危急的影响，各行各业商家都感受到空前的压力。低价""抢客""的情况频频发生。但万户来却以其优势，胜出城区家具卖场。 据了解，万户来新塘的店面租金只相当于广州市中心区的1/10-1/8，人力成本也较低，所以各品牌的商品价格会比市中心便宜10%-20%，在广州可买到的品牌家具，在万户来大都能买到，而且由于距离近，万户来的售后服务会更及时，这一点是市区卖场难以相比的。因此，万户来的加大力度促销无疑会导致城区卖场的客户的流失。 业内人士指出，这意味着占据广州东部交通要道的新塘将分流城区家居卖场相当一部分客源，城区尤其是东城一带的建材、家具城面临着新的生存挑战。",3,4,0.5853196978569031
外资家具巨头破产 政府垫付二千万工资迪高乐(深圳)公司问题属法人代表逃逸或隐匿，目前法院已将其所有财产封存，正在清算迪高乐的资产。据知情人士透露，全球最大家具制造商之一迪高乐在中国唯一的生产厂——迪高乐实业(深圳)有限公司(下称迪高乐(深圳)公司)受金融危机影响，因资金链断裂而倒闭了。这或是外资家具生产厂在中国倒下的第一例。 据调查，迪高乐(深圳)公司工厂内的部分工人已放假数月，公司老板也于日前离开了中国。政府有关部门为其2000多名员工垫付了近2000万元工资。目前，迪高乐(深圳)公司即将进入破产清算阶段。迪高乐意籍老板逃了 深圳大工业区出口加工区一位高管惋惜地对笔者说，他亲眼目睹了迪高乐(深圳)公司12年的成长历程。今年1月中旬，该公司的老板就跑了，“往日车水马龙的工厂大门，如今已贴上了封条，厂房内空无一人。” 公开资料显示，早在2003年，迪高乐(深圳)公司位于深圳的厂房面积已经达到18.6万平方米，是世界最大的沙发制造工厂之一。迪高乐也是中国第一家生产优质意大利真皮沙发的制造商。 9月28日，笔者从深圳大工业区网站公布的《迪高乐公司通报情况》文件中查询到，公司的法人代表、意大利人卢卡瑞琪及公司所有外籍人员从1月15日起就未在公司出现。卢卡瑞琪于1月16日在一份电子邮件中称他已离开中国，并指定两名外籍人士作为公司清算人。 “迪高乐(深圳)公司问题属法人代表逃逸或隐匿，目前法院已将其所有财产封存，我们正在清算迪高乐的资产。”深圳市龙岗区政府一位负责人昨日告诉笔者，“接下来将按照法定程序进行财产清算。” 1月16日，龙岗区法院坪山法庭对迪高乐(深圳)公司启动诉讼保全，已封存该公司所有财产，由大工业区管委会依靠当地公安部门和保安人员进行财物看管与安全保卫工作。各供应商及有关债权人与该公司存在的债务纠纷，将依照法律程序寻求解决。坪山法庭透露，目前已有部分迪高乐(深圳)公司供应商向该法庭提请了诉讼。 资金链断裂两大原因 深圳大工业区管理委员会一位负责人认为，迪高乐(深圳)公司倒闭主要原因在于资金链断裂。“去年10月开始，就听说资金链出现问题了。”上述负责人介绍，由于该公司的物流成本非常高，几个大的货主在金融危机中倒闭后无钱支付货款，拖累迪高乐(深圳)公司迅速陷入资金紧张状态。 其实，迪高乐(深圳)公司事发也绝非偶然。去年12月，深圳市家具行业协会秘书长侯克鹏在一次论坛中就指出了迪高乐的发展困境。“有一个工厂叫迪高乐，现在欠东亚海绵6000万，还欠海洋集装箱不少款，要倒还倒不了，这么多工人。说不倒，确实也很难支撑。”,3,4,0.5608593821525574
外资并购获支持 民族涂料企业面临大考2009年12月30日召开的国务院常务会议对下一步我国利用外资工作做出了明确部署。将鼓励外资以并购方式参与国内企业改组改造和兼并重组。毫无疑问，并购，特别是外资并购的报道充斥了今年财经媒体大量重要版面。这个在2009年最后几天抛出来的话题之所以引起中国涂料行业的如此广泛的关注，并非出于某种时髦的理由，而是其背后严肃的经济话题。从中国涂料近十年的成长历程来看，在中国涂料还来不及长大时，就迎来了WTO，外资的火速进入使得国内涂料企业措手不及。当然，成长阶段的稚嫩难敌国际企业的成熟老练也并非让人意外。在过去华润尚未被外资涂料巨头威士伯控股一直与著名的外资涂料品牌多乐士、立邦漆展开市场竞争，虽然当时华润在较量中未落下风，但其靠的只是暂时的市场环境机遇，并非说明具备了与跨国企业同台竞技的实力。随后迅速成长起来的嘉宝莉、大宝、紫荆花、美涂士，以及最近砸下巨资在央视成为广告标王的三棵树等民族涂料企业都未对多乐士、立邦等外资品牌造成有影响力的合围。业内有人悲观预计，中国民族涂料企业面对外企的激烈竞争，涂料行业会像照相机行业一样，成为没有全球认可的民族品牌的行业。民族涂料企业为什么成为外资的并购目标？外资企业，一不缺资金，二不缺管理，三不缺技术，唯一缺的就是销售渠道和网络。我们看到之前威士伯与嘉宝莉合作就是想借渠道，不过看来这种效果不好。于是就有了后来的收购华润，这华润当时也正好具备了以网络健康。05年10月，世界涂料巨头荷兰阿克苏诺贝尔收购广州泰德涂料公司也多因为这个愿意。其次，金融危机再一次提出了降低成本的重要性，“我们打算将华润涂料产品推广到全球快速发展的涂料市场。”从威士伯总裁及首席执行官WilliamMansfield这句话分析，华润的优势产品油性漆可能借助威士伯在世界范围内的网络出口，这样的好处就是能使生产成本降低，华润成为一个外资的加工生产基地。从并购方式本身来看，智慧认为相对于过去涂料生产型企业大量采用投资方式需要大量土地建厂房，外资并购中国的本土民族涂料企业的一个的特点是很少需要扩大土地，只要对现有厂房进行改造，进行管理的提升，产品的变化升级，就可达到投资的目的。因此，在目前土地紧张的情况下，外资并购中国民族企业的方式就变得十分具有可行性。事实上，外资并购在中国本土的民族涂料企业还有很大的潜力的。民族涂料工业形势不容乐观统计资料显示，2008年金融危机以来，中国涂料企业盈利能力下降，亏损面进一步扩大，涂料业利润中大部分为外资及合资涂料企业所有，本土企业无法与之抗衡。在中国政府鼓励外资以并购方式参与国内企业改组改造和兼并重组的消息一经公布，无疑给众人眼中的中国民族涂料工业的发展前景蒙上阴影。基于恶劣的形势，一些业内人士认为，民族企业不仅要面对近年来原材料不断涨价的压力，又面对国际跨国公司的技术及价格竞争的压力，一些国内涂料产业不堪重负。在自身还未成熟的情况下，本土的民族涂料企业更是感到危机四伏。据不完整的数据统计显示，即使在2009年的经济低迷时期，中国涂料产量或高达900万吨，中国涂料市场的巨大发展空间也使得外资加大了对中国的投资。阿克苏诺贝尔、日本立邦都已在中国市场确立了稳固的地位，美国宣威在肇庆的新工厂已经投产运作，德国都芳漆在北方打开了市场，在中国的目前，全球最大的几家涂料跨国公司都已经进入国内市场。目前，如何在强大的外资压力下生存并发展是中国民族涂料企业迫切需要研究的课题。涂料业如何解读鼓励外资并购政策？国务院常务会议日前决定扩大开放领域，鼓励外资以并购方式参与内地企业改组改造和兼并重组，并将扩宽外资境内融资渠道。在金融危机还未消散的背景下，中国的涂料行业该如何来看待这一引资新政策呢？全球金融危机爆发以来，一些有实力的中国企业纷纷走出去到海外收购，但由于缺乏经验，包括对国际市场的并购规则不熟悉，交了不少学费；另外，虽然“中国制造”为世界消费者提供了物美价廉的消费品，但毕竟我们在国际市场能够叫得响的品牌数量有限，大量的产品不过是来料加工或者贴牌生产，缺乏自主创新能力。所以，此番鼓励外资并购，其中一个重要的目的是借并购进一步推动中国企业完善治理结构，提高在国际市场上的竞争力。这点对中国的民族涂料企业来说尤其重要。同时，从对近年来涂料行业的观察得知，尽管如阿克苏诺贝尔、宣威等跨国的外资涂料企业全球业务尽管在危机中受了伤，但在中国的涂料市场仍然取得了良好的增长。他们毕竟有比较成熟的管理经验和先进的生产技术，如果它们还有能力进行对华投资，那么，对中国涂料企业的技术创新和制度创新，促进民族企业提高技术和研发能力，以及经济结构调整和升级都是有帮助的。当然，也要认识到外资并购给中国民族涂料企业发展带来的风险和负面效果。毕竟外资是为利而来，主观上不是替自己制造一个竞争对手，因此，只要有可能，外资在实行并购时一般会对行业龙头企业采取所谓的“斩首”策略，这有近年来的一些类似的案例都为中国的民族涂料企业提供了一个可以参考的教训。总之，智慧认为随着经济全球化的加速发展，中国的涂料市场与世界涂料市场的融合与互动都将得到加深。在这一过程中，不要在政府鼓励外资的并购的影响下大呼“狼来了！”。事实上即使狼真的来了，除了静下心来考虑并购双赢，对外资并购进行有效监管，中国的民族涂料企业需要更多的是加快企业发展，实现真正的自强！现在，我们可以预见的是：民族涂料企业的新一轮整合即将开始，民族品牌何去何从，这是每一个有责任感的中国人都应该深思的问题。,3,4,0.5573850274085999
外销灯具企业市场转型策略高峰论坛在京举办主题：外销企业市场转型策略高峰论坛时间：2009年4月地点：万家灯火装饰城以下为现场实录： 主持人：尊敬的各位领导、各位来宾、女士们、先生们，大家上午好！非常欢迎大家来参加外销企业转型策略高峰论坛，很荣幸我能担当本次论坛的主持人，和许多优秀的灯饰行业、新闻界的朋友们，共同欢聚一堂，共同探讨外销企业采取何种策略，突破困局，成功实现市场转型的议题。希望我们共同度过一个愉快轻松的上午。本次论坛由《中国灯饰报》主办，北京万家灯火装饰城承办，并得到了京华时报、北京青年报、北京晚报、新京报、北京晨报、精品购物指南、北京商报、首都建设报、都市传媒、世界照明时报、海淀电视台、新浪乐居家居频道等主流媒体大力支持，我代表主办方、承办方向各位媒体表示衷心感谢，谢谢你们！出席今天论坛的嘉宾有：北京海淀区商务局党组副书记 蔡天明女士；艺海集团董事长 陈芳先生；艺海集团万家灯火投资管理有限公司董事长 张有荣先生；中国照明电器协会秘书长 窦林平先生；北京照明协会市场专业委员会秘书长 常毅先生；《中国灯饰报》总编 欧元春先生；台湾照明公会理事长 张平田先生；北京建材行业协会市场流通专业委员会秘书长 刘振彪先生；里程碑顾问有限公司总经理 邱建卫先生；台湾翔耀集团营销总监 陈勇全先生；诺克照明品牌总监 罗奕麟女士；东莞名仕达灯饰总经理 罗太有先生；胜球集团凯洛灯饰营销总监 李治中先生；友佳灯饰总经理 刘炳煌生生；凯盟灯饰营销总监 张伟先生；铨欣集团营销副总 陈瑞贞女士；博爵灯饰总经理 贺初晓先生；博爵灯饰营销总监 左效伦先生；睿志灯饰总经理 陈新志先生；高力国际灯具港 苏红梅女士；十里河灯饰城 欧阳企建先生；玉泉营建材市场总经理 及密林先生；美联天地建材市场 王家富先生；北四环灯具批发市场 杨军先生；万隆汇洋灯具批发市场 魏建忠先生；八方龙灯具批发市场 董健疆先生；兴隆灯具批发市场 张玉德先生；首都建设报 常佳伟先生，此外参加本次高峰论坛的还有外销企业代表优秀灯具经销商朋友，我代表主办方、承办方对大家的到来表示热烈地欢迎！朋友们，下面让我们有请北京万家灯火投资管理有限公司董事长张有荣先生致开幕词，掌声欢迎！张有荣：尊敬的各位领导、各位来宾、女士们、先生们，大家上午好！在外销企业转型高峰论坛之际，我代表万家灯火向大家的到来表示热烈地欢迎！今天，特别邀请了政府的领导、协会的领导、业界专家以及企业代表，希望通过这次面对面的论坛，大家能够有所收获。下面我宣布本次高峰论坛正式开幕，谢谢大家！主持人：谢谢！接下来让我们有请艺海集团董事长陈芳先生致词，掌声欢迎！,3,4,0.6640340685844421
多名病人输液后打寒颤 装修是嫌犯昨日，金牛区沙河源社区卫生服务中心7名病人在输液时，竟陆续打起了寒颤，而前天八九名患者也出现了类似现象。到底是什么原因造成的？除了将所输液体送检外，目前，另一个“嫌犯”出现在医院视线中：装修。昨晚，沙河源社区卫生服务中心业务副院长刘敏向记者证实，前天事发后，医院紧急对生理盐水封存取样，向市药监局送检。同时，供货商也将这批盐水送检，昨日报告出来，液体无恙。昨日，院方更换了新一批的生理盐水和糖水，谁知异常情况再次出现。刘敏说，院方开始将怀疑目光转向了医院的“装修”。据了解，出现症状的病人都集中在二楼，而二楼有一部分正好在搞装修。昨日，医院紧急将二楼病人转到了其他病房，同时对二楼病区进行大规模消毒，更换床单、被褥等。目前，药监局对盐水的检测报告还没出来，院方准备在今日暂停装修，暂停输液。据刘敏介绍，院方已将此事上报卫生主管部门，今日他们还将做进一步调查，彻底揪出背后“元凶”。本报记者 辜波,3,4,0.8577116131782532
大会精彩花絮--发布会背景板(图)从2009年5月22日全国家装案例库上线至今，已经覆盖全国26个省市自治区，涉及全国1200余个楼盘。参与设计师2000多名，累计上传案例3026套，图片2万余张。在业之峰全国37个分公司、新浪乐居17个地方站的数百位相关同事的共同努力下，案例中心取得了一个月点击突破千万。新浪家居特针对这一重要事件进行跟踪报道。,3,4,0.4969237148761749
大会精彩花絮--嘉宾与版主代表合影(图)从2009年5月22日全国家装案例库上线至今，已经覆盖全国26个省市自治区，涉及全国1200余个楼盘。参与设计师2000多名，累计上传案例3026套，图片2万余张。在业之峰全国37个分公司、新浪乐居17个地方站的数百位相关同事的共同努力下，案例中心取得了一个月点击突破千万。新浪家居特针对这一重要事件进行跟踪报道。,3,4,0.5010434985160828
大会精彩花絮--嘉宾交流沟通(图)从2009年5月22日全国家装案例库上线至今，已经覆盖全国26个省市自治区，涉及全国1200余个楼盘。参与设计师2000多名，累计上传案例3026套，图片2万余张。在业之峰全国37个分公司、新浪乐居17个地方站的数百位相关同事的共同努力下，案例中心取得了一个月点击突破千万。新浪家居特针对这一重要事件进行跟踪报道。,3,4,0.5891467332839966
大会精彩花絮--现场美女记者(图)从2009年5月22日全国家装案例库上线至今，已经覆盖全国26个省市自治区，涉及全国1200余个楼盘。参与设计师2000多名，累计上传案例3026套，图片2万余张。在业之峰全国37个分公司、新浪乐居17个地方站的数百位相关同事的共同努力下，案例中心取得了一个月点击突破千万。新浪家居特针对这一重要事件进行跟踪报道。,3,4,0.6500966548919678
大家能不能不那么寂寞啊正文玩了寂寞，又玩浪漫，我看我们这代人真的是没什么玩了，我们下一代也没什么玩的。我们这几代人小时候玩的不健康向上，到现在变成数字移民也是胡作非为，90年后众NC是原住民，不能在现实生活鸡飞狗跳后，不分先后的终于都无聊了。首先定义下NC，简单来说可以定义为小时候被猪亲了之后又被驴踢了门夹了，通俗点的定义就是脑子不想事，基于这一点，很多70、80年都是NC，90年后更是NC中的极品NC，也就是NC中的战斗鸡。众NC们先反思下自己的生活，有多少人是一天到晚混在网上无所事事的？玩的一样比一样弱智，半夜三更偷菜啊，AV舞啊，一个魔兽停服，几百万人无聊啊，玩完了回家吃饭玩寂寞，横空出世了一个寂寞党，随便到哪看看，网络上满版荒唐言，遍地寂寞党，然后还没完，寂寞党玩得不疯，浪漫派又冒出头来了。早阵子砖家叫兽们说，每天上网时间多于6小时的就是精神病，这话没错，一般精神病都不喜欢别人说他们有病，NC们哎，天天喊着寂寞，不是有病还是有喜啊？土鳖们，没钱不要装孙子，你们有钱也就一暴发户，看你们每天在干嘛，天天说棒子抢我们东西，天涯上自己在骂中医，鲁迅那老FQ没教你们一点好样！看看天涯每天都在讨论什么啊，杂谈上那个自称是日本MM的报道帖，也是20多万点击数千回复，土鳖子，没见过女人啊？说没见过穿衣服的日本女人，恩，隔着千八百里的网线你能看到什么？那回复就更别说了，真要是一国际友人，还以为中国男人怎么怎么的，全是JB长在嘴上的还是怎么着？一旦有女的晒照片，征婚，那回复，比个天安门游行还要壮观点？寂寞啊寂寞啊，丢脸丢到国际互联网上来了。有精英一出来立刻就被砸砖说装B，中国的精英文化已经被你们这些恶俗的无聊文化折腾的岌岌可危，就说天涯，顶无聊的了，多少民智人士被迫离开了，越玩越低俗，国际友人都过来看笑话。想不想知道自己是怎么变蠢的？众位NC，请开动你们所剩不多的脑子想想，若干年前，你是不是记性还不错，碰到什么事还知道动脑子，现在，估计就是拿笔写字也写不出几个简体中文版的了吧？达尔文的进化论是骗小孩的，网络就在让你变蠢，《蠢蛋进化论》看过吧？像现在这样，有什么不明白的问百度问谷歌，问万能的天涯，泡妞玩深沉搜几段经典B语，论文不会上网抄，好吧，青春期性启蒙，上网可劲儿看日片吧，偷偷看的时候很“心神不宁”吧？绿霸了吧？不用自己动脑筋，会用工具就行了，靠装备算个毛啊！CCAV总是说古人好睿智，前人好NB啊，有长城金字塔，瞎扯淡，那是因为现在的人更SB了，NC要分级，肯定是90大于80大于70，所以90年后，你们也不用反驳了，你们要说自己是祖国的花朵朝气蓬勃，我靠，太监都会笑得射出来。据说中国是世界上BBS最流行最多的国家，泡论坛的，有相当一部分是没什么钱装B的，还有相当一部分是连装B都困难的，天天无聊狗咬狗一嘴毛。都是一群废物，说你没出息就是没出息，有出息的人天天在网上喊寂寞，偷菜？网络就是个工具，别去信TM的互联网等于生活，有瘾啊，每天也许就是在网上跟人妖扯淡，JB都沤出绿毛了还不知道，NND，寂寞了，你妈叫你回家吃饭啦！宁愿每天YY着自己一身武林绝学，几万吨的黄金放在花旗银行发霉，玉树临风风流倜傥那是必须的，一年三百六十天，每天都换不同的女人，就是不肯动手去做点实际的，成功的男人为应付女人发愁，废物们每天在网上搜罗八卦隐私，然后喊，哥好寂寞，哥不要吃面，要吃寂寞……网上的民智都死光了，要不就是属乌龟王八DAN的！寂寞完了，还不够，再玩点新鲜的吧，早几天又出了新玩意，优酷首页有个据说是硫酸雨导演拍的视频小样，视频就不提了，只是视频里的对白那就完全是针对无聊寂寞来的，两个00年后小同学把寂寞派的所谓经典对白一顿乱搞，多丢人呢，言外之意，装B谁不会，一点技术含量都没有，小P孩都照样学得会。另外，做大人的自己想想，你们无聊归无聊，寂寞归寂寞，别带坏小孩子，可以不？你愿意你的宝贝儿天天跟你说：爹，哥我很寂寞，然后装忧郁型？那我更愿意听我儿子说：爹，您可真浪漫呀~~嘴贫不是缺点，关键是要贫得有品位，有意境。话说回来，跟任何网络事件一样，这个视频一出，在寂寞党这个广大的群众基础上，又来恶搞了，所以我说寂寞党一无是处，骑墙派，现在口口声声又姐要的不是寂寞，是浪漫了，是啊，非浪漫不河蟹啊~~NC们，你们既然喜欢趴在网上无聊，你们就继续恶搞吧，你们反正毁词不倦，现在有哥吃的不是面，是寂寞；也有姐要的不是寂寞是浪漫；有你妈叫你回家吃饭，也有妞，过来咱们浪个漫；有不是寂寞不发骚，也有非浪漫不回帖，没有传播力吗？扯，福娃这名字多差，一听就一股浓郁的乡土气息扑面而来，不照样张口就来的。真正的浪漫是有钱有品的生活，NC与土鳖玩不起，你们玩也是个山寨，你们愤愤不平恶搞的时候，人家早在现实生活中玩儿情调了。你们也只能恶搞，拯救地球没你们的份，活该你们只能对着显示器高潮。,3,8,0.9396423101425171
大自然地板环保人三峡公益植树2009年6月5日是第38个世界环境日，世界最大的水利枢纽工程——长江三峡大坝迎来了中国企业界的绿色地板品牌大自然地板。三峡坝区也将成为这个不断践行绿色环保理念的地板企业“我为长江种棵树”大型公益活动的第一站。6月5日上午，屈原故里的粽香和铿锵的龙舟鼓声还未远去，仲夏的微风掠过长长的西陵长江大桥，缥缈的云雾在三峡群峰之间温柔流动，阳光下的三峡坝区分外妖娆。在三峡极顶黄牛岩上，大自然地板“我为长江种棵树”公益旗帜引导的200多名“追绿人”们，在山坡上挥动锄铲、种树造林，一派热火朝天的繁忙景象。举世瞩目的三峡大坝整体工程即将竣工，水库也将开始全面蓄水发电，“截断巫山云雨，高峡出平湖”这饱含着新中国几代人的梦想已经开始实现。为此，加快保护三峡坝区生态环境工作十分必要。按照党中央、国务院提出的“用一流的生态环境保卫一流的水电工程”的指示，由中国绿化基金会、大自然地板和宜昌市林业局联合举行的“大自然地板•我为长江种棵树”植树活动正式举行。大自然地板“我为长江种棵树”活动的目的在于响应世界环境日“团结起来应对气候变化”的主题，提醒全世界注意地球状况和人类活动对环境的危害；进一步绿化母亲河、保护长江三峡的生态环境，为三峡坝区打造一条亮丽的绿色风景线！作为亚洲品牌500强、世界自然基金会“优秀自然保护支持者”的大自然地板，一直有一个宏伟的绿色梦想，它的名字叫“中国绿色版图工程”。大自然地板一如既往地积极投身中国的公益环保事业。自2006年以来，大自然地板捐款1000万元支持中国绿化基金会的中国绿化行动，发起了声势浩大的“我为黄河种棵树”活动，开始了中国企业史无前例的“追绿征途”。至今，大自然地板已经在山西壶口、广东顺德、北京八达岭、山东济南以及甘肃刘家峡等地种植了大自然生态林。此次“我为长江种棵树”活动，大自然地板又追逐着绿色的脚步，来到美丽的三峡与全国的环保支持者一起携手，为三峡水库这一世界性的伟大工程增添绿色光辉！据统计，在“我为长江种棵树”活动结束后，大自然地板公益植树造林绿化面积将超过8万平方米，植树50万株，邀请直接参与植树人数将突破万人，通过各种途径推广吸引到近5亿人次来关注生态环保事业。至此，大自然地板的宏伟绿色梦想，在长江三峡再度启航；中国企业绿色环保公益事业，翻开新的璀璨篇章！,3,4,0.38018688559532166
大连实德张杰：直道保持，弯道超越刘晨：大连实德比较有冲击力了，包括大连实德这个品牌营销，通过嫁接，所有关注的方面都是一种很好的方法，据我所知大连实德在家居行业始终做的非常好，因为我们两个不是太熟，您自己说自己的瓜如何如何甜，大家欢迎。 张杰：大连实德目前的主业是做塑钢型材，现在也是全球最大，从塑钢的规模，企业发展十余年来取得了非常大的进步，目前是行业第一，也是行业里面相当有水准的。今天的议题，我们发现围绕着创新、围绕网络的营销，围绕模式的创新，在这几年、十年的发展历程对大连实德来讲，始终离不开变化和改变，尤其是去年，在高速发展的时候，我们也感觉到在发展的过程中，中国的经济和金融危机的到来，对房地产企业和工程项目带来的压力。其实变化我们也感觉到很深，去年年底到今年，我们主动迎合市场进行了一系列的改变和创新，首先我们提出了一个口号，“直道保持，弯道超越”像赛车手一样，直道的时候保持一定的速度，金融危机来了，相当于我们的经营进入了一个弯道，而恰恰在弯道里面可以展现自己的实力和技巧，超越对手的一个时机，所以我们进行了很多的整合，包括销售模式的改变和渠道，侧重于经销和营销结合，以前我们做工程市场比较多一些，塑料异型材，大家认的塑钢窗，以前更重要的是大企业，现在我们更注重的民营企业，家居市场，在广告宣传、媒体的传播上，我们今天也和新浪网加强了合作。 实际上大连实德和新浪网的合作有渊源的历史，两个企业之间每年都有很深的交流，以前我们的合作大量的集中在企业的知名度和品牌上，大家都知道我们拥有大连实德集团，有自己的足球俱乐部，通过这种品牌和口碑的互换，实际上已经是非常叫得响的牌子了。很多认为实德是搞体育场的，对家居产品的对接不是很好，今年我们注意到和新浪网的合作，并且把这个合作从原来的集团之间合作，转到产品之间的合作，我们也注意到在新浪家居这个平台上和我们所输出的平台非常对接、也非常合适，无论是地产、房产还是民用家居方面都非常的合适。这一点也带来了我们对企业本身的信心，也带来了不同攻关项目的网络宣传活动，我们也希望在网络的销售上，在创新的模式上探索到非常好的道路。,3,4,0.6784012913703918
天下没有免费的午餐 收费需规范化合理化主持人：其实说到商家不愿意上楼，就是不愿意让出这部分利润，可以这样理解吗？曹安闽：不是说让出利润，只是说会增加成本。周早阳：一些大的商家可能会承担，因为它的量大。刘朗：咱们品牌的建材商和品牌装饰公司都会在之前明示给消费者，既然在事前已经明示给消费者，为什么不能针对刚才咱们说的，预见一个砍要收多少钱？预见爬楼的要收多少钱？杨忠凯：这个就是要提前约定好了，比如你们家上楼要收多少钱，或者我不收费，就按这个执行。关键是之前要有一个约定。马国庆：大部分商家都会说到给你送到楼下。曹安闽：还是那句话，该不该免费送上楼？我一直认为市场上没有免费的东西。现在在比较规范的装饰公司和大品牌公司中都是收费的，但是这种收费是明示给你的。刘朗：增加的成本大概是多少？我之前写了一个3%，大家觉得这个数据准吗？周早阳：不好讲，一天送三车货，和三天送一车货没法比较。曹安闽：经济核算是一个最真实的东西，因为情况不同。刘朗：我想问曹总一个问题，记得有一年，好多装饰公司一起联合收8%的管理费，这个8%是怎么来的？为什么咱们的瓷砖收费不能提前约定一个百分之几的费用呢？同样是服务，为什么那个就能明确，这个不能明确？曹安闽：因为每个装饰公司的服务和标准都不同。每一个公司的收费标准可能不一样，但都是确定的。我也认真去了解了这个事，我们了解到大品牌供货商和小的供货商也是不一样的，他们给你送货，而且什么风险都负责。也许是他们的竞争意识超前。总之，最终我觉得我们北京的老百姓肯定会上楼。但是不是花钱？肯定要花钱，只不过是明着花还是暗着花的问题。现在的问题是该装饰公司送上来，还是商家送上来。左淑梅：因为现在消费者是跟装饰公司签的协议，而不是跟商家签的协议。原则上来说商家给消费者送的砖，其实按《合同法》的约定来看，他没有跟消费者约定。首先，装饰公司是替商家代卖，是商家乐意做的一个渠道。他从我们这买是代卖，如果这样说，我们应该是你的甲方，是我们指定你上不上楼。所以这种代卖服务，基本是平来平走。其实发展趋势还是市场竞争和内部管理能力的问题，按照这种能力来看，最终百姓买到的砖是送上楼的。马国庆：我觉得不管厂家也好，还是装饰公司，大家都要向东鹏学习，经过一两年的时间把它提上来。左淑梅：包括我们现在一片砖的退货、补货，都是上楼的。主持人：其实装饰公司算这些建材商的大消费者，应该先跟你们签署，只要跟装饰公司合作，就一定要上楼。我觉得这样也可以。曹安闽：其实它是个代卖协议。主持人：他们只要代卖你们的产品，你们都可以上楼。左淑梅：我们现在全都上楼。曹安闽：随着大环境的发展，竞争和管理这两大因素的要求，老百姓最后是收益的。其实越大的公司，他们已经考虑到这个事了。这跟装饰公司就没矛盾了。现在有些公司没有明示，客户就不知道剩下这段该谁上。主持人：我们也不是说免费不免费的事，或者该不该的事。周早阳：其实现在都是各家各户在自己经营。马国庆：我们希望给他们搭建一个竞争力的平台。主持人：其实我们跟新京报做这个事，还是很成功的。最后，我们希望每一位来的嘉宾都能谈谈你们的感受，或者你们做一个呼吁，做一个总结性的发言。这也代表你们各自的观点，我觉得可以从老六开始，这是我们业内公认的瓷砖专家。杨忠凯：我建议，作为厂商来讲，他自身在销售过程中，要提前跟客户讲清楚，什么地方该收费，什么地方不该收费。作为业主来讲，他自己也要提高自己的意识，因为现在很多商家不提供上楼服务，或者很多说法不准确。这种情况下，业主在订购的时候，可以提前和商家沟通好。主持人：东鹏，今天你们成为了大家公认的学习目标。周早阳：客户只要买到东鹏的产品，就让客户放心、省心。如果我们把砖卸到客户家楼下，他还要找工人，可能他的费用要高得多。我们在这块就直接给他送货入库，不管是一片砖，也好，没电梯也好，我们也会给你送上去。我们不管多和少，没有一个范围，只要客户购买东鹏，我们是全部送货入库。马国庆：如果消费者都喜欢东鹏这样的企业，市场就进步更快。这个趋势就能提早地把它变成现实。曹安闽：既然家装公司是我们建材厂商的一个重要渠道，我们阔达公司强烈地希望享受同等待遇，不要人为地给客户造成矛盾。我强烈呼吁送货上楼。左淑梅：我相信通过这次大家的努力，未来我们消费者一定能够享受到这个行业的上楼服务。而且我们华耐公司也一定会做得越来越好，而且一定会越来越好。主持人：最后我做一个总结，我们和新京报联合，希望有更多的媒体可以关注到这方面的问题，告诉消费者怎么消费。至少我们可以有一个传达的渠道。第二，希望商家都能够像东鹏这样，如果你们承担这部分服务，我相信今天这个论坛也就没必要做了。最后，告诉我们消费者，希望你们在购买产品的时候多问为什么，多跟客户沟通，多了解这方面的事情。最后，我们议事厅这个栏目的定位就是把消费者的一些问题提出来，跟大家沟通。我也希望大家多关心这个栏目，我们今天的议事厅栏目就到这里结束。谢谢！,3,4,0.7579985857009888
天价吊灯惹众怒 中石化承认2.4亿元装修旧楼北京消息 近日，“中石化大楼安装1200万元天价吊灯”、“中石化2.4亿元奢华装修惹众怒”的帖子在网上迅速传播，“天价吊灯”的传言一石激起千层浪，中石化再次被推上风口浪尖。记者为此展开了调查。中石化有关人士18日接受记者采访时表示，天价吊灯1200万元的说法与事实不符。据该人士介绍，位于中石化大楼中厅的吊灯高4米、直径6.5米，主要材质为水晶和镀铜钢板，从设计、制作到运输、安装，全部造价为156.16万元。“装修工程中吊灯的采购安装按规定程序进行了单项招标，共有5家公司参加了该单项的竞标。应当说，吊灯的采购安装经过了严格的招投标程序和严密的监管过程。”该人士表示。关于网上盛传的中石化奢华装修工程，中石化有关负责人表示，实际上是中石化小营办公区旧楼维修改造工程。中石化方面向记者证实，上述四栋陈年老楼的维修改造工程总预算确实是2.4亿元，其中内装修费用为5925万元。,3,4,0.7587944865226746
天津家具家装产品合格率90%本报讯 (孟宪芸)日前，天津市东丽区质监局对家具家装相关产品进行了专项监督抽查，共抽查64家生产企业生产的12类产品，计66批次，合格60批次，合格率为90%。从专项抽查的结果看，混凝土外加剂、溶剂型木器涂料和人造板产品两次抽查合格率均为100%，说明产品质量比较稳定。溶剂型木器涂料和混凝土外加剂生产企业绝大多数为强制性产品认证企业，人造板生产企业为生产许可证企业，这些企业从原材料进厂到产品出厂各个环节都有较为完善严格的质量控制制度，因此相关产品质量有保障。《中国质量报》,3,4,0.3708372116088867
太阳雨董事长徐新建捐1000万元风头盖首善近日，备受期待的2009中国慈善排行榜在京揭晓，入榜慈善家121位，共计捐赠18.84亿元；入榜慈善企业899家，共计捐赠117.95亿元(含物品捐赠)。去年获得“中国首善”称号的江苏黄埔再生资源利用有限公司董事长陈光标没能如愿卫冕“中国首善”称号，世纪金源集团黄如论、黄涛父子因现金捐赠第一名而获得“中国首善”称号。虽未荣登首善，但陈光标以其博大的慈善精神，高调的善行壮举，获得了社会各界的认可，中国慈善排行榜组委会特授予陈光标“最具号召力的中国慈善家”称号，以冀望陈光标先生继续“善行天下”，成为引领中国慈善事业健康发展的一位出色旗手。四川宏达集团董事长刘沧龙的企业在地震期间遭受重创，但仍第一时间捐资支援灾区，获得“2009慈善特别贡献奖”。香港英皇集团主席杨受成、深圳航空城(东部)实业公司董事长李爱君等被授予“2009中国十大慈善家”称号；中国人寿、加多宝集团、恒源祥等荣获“2009中国十大慈善企业”称号。在当晚举行的中国慈善排行榜明星慈善拍卖会上，原本应该是上午刚刚获奖中国首善、慈善家、慈善企业“表演”的舞台，却被一位并没有“宝冠”加身的隐形慈善家——太阳雨太阳能集团董事长徐新建抢得了风头。手持007号牌的他不仅是在最后时刻以全场最高价207万元拍得几十位到会明星现场制作的明星手模，而且还当场宣布捐赠1000万元，用于中国公益事业。徐新建在接受记者采访时表示，太阳雨太阳能一直热衷中国公益事业，去年牵手残奥，成为残奥助威团全程独家合作伙伴，启动全球海选，在全球范围内关心残疾人关注残奥会。在四川地震的抗震救灾中，太阳雨第一时间捐款捐物300多万元，成为太阳能行业首家为灾区捐款的企业。徐新建还在余震中亲自带领24名太阳雨志愿者深入灾区，先后捐建灾区7个太阳能浴室，并且捐建了首家抗震春蕾小学。徐新建说：“上午参加完中国慈善排行榜颁奖典礼，他非常感动，也希望能向那些获奖慈善家一样，不仅自己做慈善，还能够影响周围的人做慈善。晚上参与拍卖，一方面是因此拍卖会所有款项都是用于中国公益事业，所以他们放心；另一方面，参与明星手模助拍的是他非常喜欢的潘长江老师，所以他才有此举动。”徐新建还感言：“做公益或慈善应该说是一件快乐的事情，从事这样快乐的事情，也是因为有快乐的同伴，今天晚上这么多明星都是我快乐的同伴。去年11月18号，我参加了央视的招标，拍卖师举到最后的时候，特别紧张，今天我不紧张，因为有潘老师，因为我们的钱放在慈善上，我们心里踏实。”,3,1,0.7087977528572083
"央视广告招标超百亿 晴雨表预报经济艳阳天央视广告招标素来被业界誉为“中国经济的晴雨表”。刚刚落下帷幕的此次招标总额突破百亿,创下16年以来的新高109.66亿元,与去年的92.5627亿元相比,“增收”17.1亿元增幅18.47%。舆论认为,“招标结果直接折射出市场对2010年中国经济的信心和期待。”毋庸置疑,企业到央视举牌投标这件事本身,就体现了企业家对中国经济形势向好的最基本判断。国家统计局最新公布的全国企业景气调查结果显示,三季度各行业企业家信心普遍提高,回升至120.1,比二季度提高9.9点。这是自2008年四季度以来,大、中、小型企业家信心指数首次同时位于景气区间。这些数据和事实表明国内经济主体信心正不断回升,如同10月经济数据显示的一样,虽然气候上的冬天刚刚来临,但国内经济形势的严冬正慢慢远去,继续向好的趋势正坚定地向我们走来。另外,此次中标企业涉及行业范围广泛,表露各行业普遍冲出危机阴霾走向复苏。家居建材、汽车和家电行业成为此次招标亮点行业。其中,家居建材行业增长最高,中标额增长率高达200%,显示相关行业与宏观经济刺激政策联系紧密。以格力、美的、巨人为代表的三家科技企业在此次竞争中总计投入超过3亿元,中标七段广告位或相应选择权,显示科技类公司发展后劲十足。而蒙牛、郎酒等消费产品行业公司的中标也传达出消费市场潜力正在释放的信号。数据上也表明,国内各行业的基本面都在逐步改善。刚刚结束披露的上市公司2009年前三季度业绩报告显示盈利能力继续回升:1659家上市公司实现营业总收入83860亿元,同比下降5.58%;实现营业利润10332亿元,同比增长5.46%。尽管前三季度业绩同比增速依旧负增长,但是降幅较半年报已大幅收窄。从营业利润、净利润等各项指标的同比数据来看,上市公司的盈利能力已比前期有了明显改善。来自统计局的最新企业景气度调查也显示,各行业企业景气连续两个季度在景气区间,三季度全国企业景气指数为124.4,比二季度回升8.5点。而来自财政部的信息显示,今年1至10月,国有企业累计实现营业收入178737.7亿元,同比增长0.5%。这是今年以来营业收入首次出现正增长。同时,国企利润也呈现良好增长态势。1月至10月,国有企业累计实现利润10643.5亿元,环比增长9.2%,同比下降10.6%,降幅比1月至9月减小7个百分点,显示降幅收窄速度越来越快,企业经营已经摆脱羁绊,走上发展快车道。行业基本面的好转直接影响着企业经营的决策和方向,而企业是资本市场的主体。企业持续经营能力的改善和提高又直接影响着投资者的决策,一定意义上直接构成股市宏观基本面。只有企业这个市场元素真正向好,才能保证市场的茁壮成长。而商务部本月16日发布的监测数据显示国内消费市场正加速回升。全国千家重点零售企业零售额同比增长11.8%,增速比9月份加快1.2个百分点,创下今年以来的最快增速。由此看来,在各项政策刺激下,伴随行业层面的积极转变,中国经济的第三驾马车也跃跃欲试、扬鞭奋蹄了。一个广告招标会,因为有了全球经济危机的背景而备受瞩目。而这份有史以来最高中标额,折射出的是社会经济主体及其决策者的信心恢复与对经济后势的判断,同时也折射出国内各行业基本面的全面复苏与消费这驾马车不负厚望的启动。在经济全面回暖的情势下,资本市场的明天就更加值得期待。",3,4,0.8011711239814758
奥巴马的家：重点保护对象(组图)在迈阿密见过奥巴马后，第二天记者往西北远上芝加哥。住下后的第一件事，就是去寻找他的家。奥巴马的家位于格林伍德大道5046号。这一带虽然距名校芝加哥大学不远——沿着格林伍德一直往北就到芝大，却属于治安名声不佳的芝加哥南区。向几位当地人问了路，记者乘坐著名的高架铁路“绿线”，在第51 街站下了车。出站后马上就能感受这里的危险性：外面有三三两两的黑人青年在闲逛、打量行人。由于胸前挂着相机，记者退回站内。这时又有一位中年的黑人妇女上前问：“你会说英语吗？”得到肯定回答后，她拿出一张标着5美元、貌似食品券的纸条，好像想兜售给记者。“你别去惹人家！”检票处的黑人胖大姐向她喝道。“好好好，你是老板。”那位中年女子讪讪走开。记者向那位好心的大姐打听。她证实说：“这里是不大安全。偷东西、抢劫的都有，还有打枪的呢。你要当心一些。”她告诉记者，在门口坐15 路车，就可以到要找的地址；她以前不知道那里就是奥巴马的家。15 路车来了， 记者谢过检票大姐上了车， 问司机师傅应该在哪站下。和大多数美国公交车司机一样，这位叫阿历克斯的黑人小伙也很肯帮忙。“那个站现在不能停，我会让你就近下车。”一听说记者从中国远道而来， 找的就是奥巴马的家， 他一直开到离奥家尽量近的地方让记者下车，并介绍说他在奥巴马没有竞选总统时就认识他了，也和他握过手，尽管彼此不很熟悉。记者下车刚拍了第一张照片，前面警车中就出来一位穿黑色防弹衣的黑人女特工，说：“这儿不能拍照，要拍只能到对面铁栏杆后的指定区域。你去问那辆警车上的警察和特工。我们也不接受采访，要采访得打华盛顿美国特勤局的电话。”她旁边站着一个穿制服的芝加哥当地警察。记者过了马路，沿着铁栅栏走到另一辆警车附近，一位穿套头衫的壮实特工就微笑着向记者说了几条规矩：不能再往前，不能拍周围的保安措施，特工不接受采访。“至于我们的CPD(芝加哥警察局)同事是否愿意接受采访，你得问他们自己。”说罢他指指旁边穿深色警服的一个警察。对方摇摇头，说：“我也不接受采访。”奥巴马家是一幢单门独户式红砖楼房，下面被绿树捂得严严实实，只有上面露出一小部分：斜屋顶、老虎窗、两个烟囱和一个碟形卫星天线。这一带的楼房、环境都不错，比刚才的绿线车站强多了。难怪这幢房子能值上百万美元。奥巴马家门前的东西向马路是海德公园大道东段，路面朝他家一侧的三分之一宽度被水泥路障隔为禁区，竖着“禁止进入”和“限速30 英里”的警告牌；东边朝着的格林伍德路同样如此。路对面有一座圆顶大教堂。记者见从格林伍德路走出几个行人，便问那位男特工：他们要偷拍不是很容易吗？这位特工休姆回答说：“没错。但我们知道这些人是谁。况且一旦被发现，他们就会丧失从这里路过的权利。”记者拍了几张照片，见天色渐暗，没什么可拍，就掏出小本子记下观察到的东西：5 辆警车和若干辆无标志的特勤汽车，分布在记者能看到的西、南、东三个方向；警员和特工至少有10 人；路口三个人闲着无聊，正在那里说笑。“对不起，您在干什么？”走过来一位特工。记者解释说，既然一些角度不让拍照，我就随便记点东西，还给他瞄了一眼笔记本。“哦。我们这里也是不能画防卫部署示意图的。”美国警察和特工都比较文明，不会强行要求看你拍的照片和记录的文字。尽管作为外国人，记者不受宪法第一修正案保护。“不好意思，你得走了。”过了不久，特工休姆过来催促，“我们的规定是车辆和行人在这里不得停留。给你的时间已经比给其他媒体的多了5 分钟。”在等15 路车回火车站时，记者碰到同站候车的一个白人女孩。她名叫葆拉，来自圣路易斯，是芝大英文和音乐系学生，几个月前刚在这里租了套宿舍。“我是搬过来后才知道奥巴马住这儿的。”她说，“除了车站改了地点外，其他倒是没有什么不方便。当奥巴马的邻居可能算是一项优点吧。”她笑着说。不过，和很多菲尼克斯市民都说不一定会投票给麦凯恩一样，葆拉也说她尚未决定投谁的票。让记者印象深刻的一点是，当地很少有人知道住在同城的总统候选人的住址。他们似乎缺少好奇心，也不会因某人是同乡就支持他们，或以他们为荣。,3,5,0.49548497796058655
奥珀金属吴卫民谈新铜居时代家居生活时间：2009年12月4日下午16：00-17：00地点：理想国际大厦8层嘉宾聊天室嘉宾：中山市奥珀金属制品有限公司董事长 卢仕辉      中山市奥珀金属制品有限公司总经理  吴卫民主持人：新浪家居 杨轶以下为现场实录：主持人：各位新浪的网友大家下午好，我们的嘉宾聊天栏目又和大家见面了。今天我们请来两位嘉宾，首先介绍一下，第一位是中山市奥珀金金属制品有限公司董事长卢仕辉先生。卢仕辉：大家好。主持人：第二位是中山市奥珀金金属制品有限公司总经理吴卫民先生。吴卫民：各位网友大家好。主持人：今天上午奥珀在新国展举办了新品发布会，现场引起了很多的媒体和网友的关注。今天我们就先来了解一下奥珀品牌，两位是第一次来新浪作客，我们先从这个品牌入手，比如为什么起名叫奥珀，什么样的规模等等。吴卫民：奥珀这个牌子实际上是从意大利语一个名称里直译过来的，这个牌子是从意大利创立的，奥珀的产品都是在意大利设计的，但是加工的中心是设在中山市。目前所有以奥珀品牌在国际和国内市场销售的产品都是在中山市生产基地进行加工生产的。奥珀这个品牌从最早创立到现在已经有几十年的历史，但是真正中国制造和在大陆进行销售是近几年的事情。奥珀产品的特点，有一些消费者可能接触过。因为奥珀的分销网点目前在全国五金行业里面店面规模都是比较大的，全国省会的红星美凯龙店，或者是比较档次高一点的建材城都有奥珀的产品，目前我们全国有50多个专卖店。2010年大概有四十个新店目前正在紧锣密鼓地筹备。预计2010年底我们会有超过100家奥珀专卖店呈现在广大的消费者面前。主持人：刚才吴总介绍了一下这个品牌，来源于意大利。这个奥珀有什么含义吗？吴卫民：实际是一个姓氏，一个人的名字。我们的产品设计是放在意大利。主持人：现在还在意大利吗？吴卫民：对，现在主设计在意大利。因为产品设计方面来讲，意大利一直是全球消费品的一个艺术设计中心，他们的艺术灵感和设计的文化理念相对在产品的表现上更胜一筹。主持人：您提到意大利的设计，但是中国的消费者有中国的需求，他们是针对中国的消费者调研之后设计的吗？吴卫民：实际上意大利的设计中心，是各种风格都存在的。比如我们投放欧洲市场的产品北欧和南欧都不一样。北欧是现代简约华程度高一些；南欧呢，传统欧洲风格多一些。美洲市场更加倾向于田园式的风格，加上一些现代的风格。中国市场呢，因为高端的房产市场起来以后，进行豪华装修的大部分都是选择欧式风格。所以我们现在推介到消费者面前的主要是以欧式风格为主的六款产品。这种风格主要适合于欧式装修的豪宅和别墅项目。主持人：在北京市场上你们做过调研，哪些项目用过咱们的产品呢？吴卫民：北京的市场，我们在今年五月份刚刚开始。五月一号在北五环红星美凯龙店开张，第二个店是东四环的红星美凯龙店刚刚开张不到一个月的时间。目前来讲，北京的消费人群来看，主要是偏北边和东边的购买别墅的人群。因为在北京的时间比较短，还没有充分了解到喜爱奥珀的还有一些什么人群。主持人：刚才您说到出口北欧，还有其他的一些国家，也是在中国制作。也说到在中国主要是定义别墅产品，那是和设计师接触呢还是直接跟消费者接触？吴卫民：奥珀加工的产品是各种风格都有的，投放在美洲市场的是适应美洲的田园风格。投放欧洲市场的是顺应欧洲市场需要的风格。只是我们选择放在国内市场上的，是因为迎合了高端地产项目的这部分人群。所以，我们在推出的六大系列产品上，是选择了高端豪宅的欧式项目。在国内市场上，工程销售和民用零售，是从渠道的角度划分的。但是房产项目，实际是按精装地产项目和毛坯地产项目来划分的。目前来讲，别墅项目大部分还是属于自己装修的为主。开发商只负责了楼的外观，内装修这块是大部分由业主自己进行决定的。所以我们在零售市场这块主要是面向已经买了别墅的消费者本人，以这样的为主。我们目前来讲，一，高端的酒店会所，对这种产品的风格喜好度比较高。因为他们他部分选择欧式的装修风格的。另外，有一部分高档的精装房这块，选择了欧式装修风格的，也会选择我们的产品。这两块从营销渠道划分的话，就是属于工程渠道部分，大部分是通过开发商直接进行强强联手式的合作。大家所熟悉的恒大地产，广州御景半岛是广州唯一的六星级酒店，酒店的所有的五金件都是我们奥珀的。恒大在珠江边上有一个别墅群，所有的别墅五金件也是选择的奥珀。全国有22个城市，数百万平米的房产，所选择的都是奥珀的产品，这就是你说的工程部分。 主持人：今天上午我看奥珀的产品，我们媒体圈的人第一感觉是奢华，第二个好象离我们自己的生活有点远，你们是一直服务高端群体，还是对消费层次进行一个划分，比如喜欢我们产品的，但是可以少花一点钱，我们有没有想过为他们也提供这样的产品呢？吴卫民：产品的高和低只是一个相对的概念。从奥珀本意上来讲，只是希望设计一个最好的东西，满足喜欢他的人。奥珀本意并没有想把人群分为有钱的人群和没钱的人群，我们只是想提供最漂亮的东西提供给喜欢的人。当然这个设计过程中，你要用最好的工艺，最好的材料，每一个细节都精挑细琢，当然他的每一项成本，包括研发成本就会高上去。奥珀也在努力制造出价位上尽可能适应喜欢它的人群的产品。但是有一点要跟大家讲的，奥珀毕竟选择的是纯铜的材料，材料本身就是非常昂贵的有色金属。第二个，表面处理也是采用24K金的，真正的黄金电镀的，不只是耐磨，品质和质感都是不一样的。这些都是硬的成本，所以，价格会显得高一些；其他的我们通过管理，降低成本。把价格尽可能地控制到，让更多的喜欢我们产品的消费者都可以使用。这不只是你提出的一个希望，也是我们追求的目标。主持人：还有一个问题，中国消费者还有一个消费心理。就是他不爱露富，比较低调。针对这样的人，你们怎么让他们喜欢你们的产品呢？我们是怎么打破这个传统的呢？吴卫民：中国的消费者比较内敛，比较含蓄一点，关起门来吃肉。实际上我们这些年来，一个富裕的人群，客观上已经形成了。第二个，他不是通过像五金这样的消费来体现出他的富裕和不富裕的。事实上他选择的地产项目已经决定了，他是否是有钱人。不是从门锁上看得出他有没有钱，而是他买的这个楼就可以看出来。所以实际消费的时候，我们还没有碰到说，因为这个锁，或者是我们的五金产品比较奢华，所以使得他不敢消费。因为他本身买了别墅项目，估计他应该是更希望我们能够画龙点睛，妙笔生花，能够在他的一生所铸就的小的成就里面，能够有最亮丽的一笔。过去单纯靠面上的辉煌来体现，有了奥珀五金以后，可以在很多关键之处去可圈可点。实际上五金对大部分人而言，过去来讲很小的，小五金，地位不高，瞧不起它。但是五金的地位是非常重要的，比如这个门，门再漂亮，如果锁有问题的话，肯定是要砸门的，如果合页不顺畅的话，开启就很不顺畅。虽然很小，但是起到承上启下的关键枢纽作用。过去来讲，五金发挥了很大的作用，但是不起眼。过去是买门的时候捎带把五金搞定了，现在来看，这种观念是错的。因为你其他都是非常好的产品，没有一流的五金的话，就使得你很好品质的主件产品达不到设计使用的功效或者是寿命你就被迫提前把它损坏了。如果合页不好，门锁不好，很可能导致提前结束这扇门的寿命。但是装修的时候你考虑到真正起关键作用的，真正被磨损的，锁住你财富，关住你快乐的东西，支撑起你这扇门的时候，就是这个小五金件。主持人：我最近也在选择门，销售人员就在跟我推荐锁，五金件。那我们有没有想过跟门一起合作呢。第二个，我们有没有想过自己做门，把五金件配上去，这样能够更加满足消费者的消费需求？吴卫民：第一个问题，实际上有一些做门的也来跟我们谈过合作。因为五金领域里，奥珀产品进入市场以后，还是给整个行业带来比较大的震动。第一个，过去五金都是在街边小摊卖的，一个小店面积不超过十平米的，绝大部分都是三五平米。奥珀产品在中国市场的展示都是以专卖店的形式，而且是达到五星级的，让消费者可以在这个环境里体验到这个产品的。第二个，奥珀产品每一个细节都非常注重使用人的人性化。比如一个小小的执手，你握上去的手感，包括你开门关门的力度，会让人感觉到很舒服。如果执手按的感觉太硬了，可能老人和小孩开关门不方便，如果力度太轻了，给人感觉轻飘飘，一碰就开了，安全感不到位。我们设计的时候，只要你肌肤所触及的范围，我们都是在设计过程中反复体验，让它更加人性化，无论是握感，还是听他的声音，都可以体现人类最美的享受的境界。消费者到我们的专卖店可以在货架上直接现场感受的。另外一个，在门业主动跟我们谈合作的时候，我们一般来讲，也是会很慎重地选择。主持人：现在有合作伙伴吗？吴卫民：在广州是有这样的合作的。而且也是合作比较成功的。首先他必须是一个负责任的门的品牌，这是我们决定合作的第一个因素。第二个，好马配好鞍，我们在五金领域已经在努力追求最好的产品，最佳的服务，我们不希望通过他提供的一种不到位的服务破坏了奥珀产品给消费者带来享受的感觉。我希望他们能够，第一个确实是比较不错的好品牌，第二个，确实也能够按照奥珀规范服务方式，能给消费者带标准化的服务。主持人：我们这个产品对门有要求吗？什么样的门都可以装这个锁吗？吴卫民：笼统地讲，所有的门都可以装。但是每扇门宽度不一样，锁芯长度是不一样的。消费者如果决定购买我们产品的话，一定要和我们的营销人员沟通一下，告诉他你们家门的厚度是多少就可以了，门的厚度不一样决定了锁芯长度不一样，太厚了，锁芯就凹在里面，太薄了，锁芯就露在两头了。主持人：刚才我还问了一个问题，有没有想过涉足门业？吴卫民：现在我要告诉大家的是，奥珀会非常专注地在铜质家居领域里专注地研究和改善，不断开拓一些新产品，满足大家在铜质产品的享受和需要，目前来没有想着跨界发展，我们相信只有专注才能把一个产品真正做到最好。主持人：还有一个问题，刚才我们只提到门把手，门锁还有在现场我们看到铜镜。能不能介绍一下我们的产品到底有哪些？是所有的部件都有吗？吴卫民：奥珀的产品定位是铜质家具，而且是整体化家具。奥珀推出整体化家具之前，在五金里面是没有一个整体概念的。无论你多么豪华的住宅，你是三千万的别墅还是一亿的别墅，在奥珀推出整体家具产品之前，你去看，他一个门上已经用了很多品牌的产品。合页可能是一个厂家的，门锁是一个厂家的，猫眼是另一个厂家的。这些品牌，要么你忽略他的存在，你要想让他和你整个家居和谐，那对不起，不同的公司生产出来的东西，从颜色和风格都不搭调的。奥珀推出的整体家居的概念，是针对这个阶段的人群审美所需要的。奥珀的产品，锁具只是你入门的第一个产品，所以我们放在第一个位置进行描述，但是并不是奥珀的全部，它是领头大哥。后面还有很多的产品。从锁本身，到猫眼，到合页，到防风扣，就是每一个门后面都有一个链子扣，这个产品，第一个是安全，如果有人敲门，你不知道他是谁，连上这个，你开门的时候，门只会开开一个小缝隙，能防止对方突然推门而入。第二个是防风。进了门以后，就进了客厅，衣帽钩啊，都是在比较显眼的位置看到的。用什么样的风格才能和你整个装饰装修搭调和谐。奥珀顺着这样的思路，从门用五金，到客厅，到卧室，包括书房，你所有的橱柜、衣柜的拉手，以及各种挂钩都精心设计了一系列的产品。再到你最私密的卫生间，毛巾架，杯架，到厕所保洁用的马桶刷，甚至到里面的地漏盖。品味是来源于细节的。你到一个房子里，如果细节不到位的话，你怎么看都是不行的。奥珀使得传统的五金产品，现在变成非常优良的功能，人性化的功能，加上杰出的文化和艺术的表现力，使得它变成你风格的一种象征，变成你整个装饰的亮点。起画龙点睛的作用。,3,4,0.47316181659698486
"妍玲设计行-Same, Same but different柏林创意周环保主题环节3. 生活课题启示：《妍玲设计行-Same, Same but different 柏林创意周环保主题》论坛：绿色生活——始于个人却超越个人的思考图为环保都市弗莱堡图为环保都市创意“ 妍玲设计行”策划人和主持人段妍玲女士以独特的个人视角分享了德国归来的心得：环保是一个科技、经济、政治、生态的大课题，但更是一个人文课题，呵护一个友善、开放、健康的社区环境和个人心理环境也是环保一个重要组成部分。三位“绿色生活先锋”嘉宾更是从自己职业和个人生活亲身体验，介绍探讨了各自以个人实践为起点，带动影响周围乃至社会的绿色生活方式，并和来宾一起分享了对环保生活本质的思索。 到场300名嘉宾在论坛结束后，继续在Steven Holl设计的当代MOMA“空中长廊“上和8位参加了由段妍玲女士发起的Abitare工作坊-水晶元素计划的设计师共同欣赏了他们的第一批工作坊成果。水晶元素Crystalized在多年来聚焦艺术与时尚后，开始关注家居设计，并把挖掘中国新兴设计师，扶持有中国特色的现代设计作为首要任务之一。 ABITARE工作坊水晶计划的作品在这里初次和业内观众见面后，将继续由段妍玲女士主持工作坊后续，完善扩充作品，最终成果将在今年10月百分百设计上海上联合正式展出。",3,6,0.5482474565505981
妍玲设计行-德国大众狼堡环保体验馆环节2. 商业课题启示：《妍玲设计行-德国大众狼堡环保体验馆》德国著名建筑师Jurgon Mayer为大众汽车城设计的LEVEL GREEN环保知识和体验馆，营建成熟的环保理念并将其实施创意呈现，前卫而新颖的设计也是初次在中国媒体亮相。论坛： 绿色革命，还是商业噱头？——品牌对于环保的影响《纽约时报》的专栏作家托马斯•弗里曼曾经说，目前看起来轰轰烈烈的绿色环保运动充其量只能称为一场绿色派对而绝不是一场绿色革命，因为大家只是把一切装扮成绿色而已，所谓的“绿色革命”并没有“伤亡”。或许我们可以把弗里曼的话理解为，现在品牌在环保领域里的努力并没有触及到实质投入，“绿色”只是作为一个时髦的标签成为了品牌自我促销的绝好手段？著名创意品牌顾问江绍雄以犀利幽默的方式拷问了两位论坛嘉宾：打造了北京第一个“自然空调”公寓GRAND MOMA的当代集团总裁和以TCL品牌战略总监左迪。,3,4,0.5060456395149231
孙威：2010年将视角向下游努力(图)    孙威：实际上我们从06年开始在内部建设上就提出了一个概念，叫“韬光养晦”。2010年我们有一个小的变化，就是我们所提供的服务更加完善了。可以这么说，之前一直在上游努力，从2010年开始我们会向下游努力。我们在十里河正在建一个8000平米的门店，就是自有渠道。当然自有渠道的建设，不光是线下的，我们也在推互联网业务，在线上渠道来扩展。比如你的产品，你的供应链，你的服务标准化都已经做好了，接下来的事，因为我们信息化建设是自己开发的，一直在做，从来没有停止。我们离电子商务的距离有多远，可以说很近，我们现在叫商务电子，就是我们已经把我们的商务电子化了。其实电子商务无外乎就是在网上的一个展示，我们已经完成这个商务电子化了。我们要在线上线下做一个连接，因为之前家居行业做电子商务，最大的困扰就是上面做得好下面做得不好，所以我们要找一个非常适合家装的解决方案。我们可以把上下对接起来，我们不是天敌，我们可以是互补。我们在谋求这样一个尝试。所以2010年，对于实创来讲，定位既是往上提升，也是横向纵向扩张的一年。张永志：比如我装修完了，其他的消费链很多，怎么把这部分客户利用起来，我们的业务可能会有很大的空间。张钧：把自己的事做好，至少会翻番。杨轶：孙总，你们每一个客户都有备案吗？孙威：我们有一套深度开发计划。杨轶：好的，今天咱们的议家居事厅栏目就到这里。我们新浪这边也会把近期家装行业的变化通过这个栏目随时告诉大家，我也希望家装公司能够更加标准化，让消费者和我们装修公司之间不要有任何的矛盾。如果有矛盾，相信通过我们的媒体也可以化解这个矛盾。张永志：春节马上要到了，请各位老总和贾会长跟我们网友说句话。孙威：祝大家身体健康，新年进步！贾中池：祝大家在虎年取得更大的发展，为客户，为企业，协会做更好的服务！张钧：和谐发展，共同奔向未来！杨轶：谢谢！(结束),3,4,0.8748885989189148
孙威：行业竞争不可规避 良性竞争最重要     孙威：这个行业已经很好了，但是现在很多企业也不是很安分，但是在追求跨界的发展，所以混合竞争的态势很难避免，规避这个竞争我认为是不可能的，但是我提倡良性竞争，不要通过不正规的手段去诋毁可能不是竞争对手的对手，我觉得这个刚刚起步，未来的商业格局、商业模式到底如何，大家都在探讨，我以前经常会引用一个初中就学过的知识，比如说生产力和生产关系的辨证关系，就像张总讲的，他的商业模式是根据他的体能、生产力决定的，如果你的产品线不丰富，拿什么开独立店，所以我想还是乐观的面对，大家去探索，可能未来十年，我们再回来看今天的时候，我们觉得很难读懂是为什么。       尹勃：大家的发展是在一个公平的平台上，不管是卖场的同行也好，厂家的合作伙伴也好，还有就是有一些专卖店也好，都是一个目标，都是给消费者做好服务，把这个行业健康的发展起来，我也希望2010年大家变恶性竞争为良性竞争，把这个劲儿都用在为消费者服务上。,3,4,0.8398602604866028
孙守江：标致家具企业处于酝酿上市阶段主持人：标致有想法要上市吗？孙守江：有。那是第二个阶段。主持人：等于采用股份制，所有人都拿一定的股份？孙守江：对，管理层持股，多种激励机制。比如车间一级的，我们不给这个股，给期权的兑现，给奖金。这样就有一个更长远的发展。主持人：您的目标是做一个上市公司？孙守江：是这样去想的。杨建伟：孙总以前的目标是自己打江山，现在是要靠大家，因为企业做大了以后，仅仅靠自己不够，要靠大家一起来做大做强，这样就需要下面的人齐心协力，一起做大。主持人：您准备什么时候上市？因为最近新浪乐居与易居中国成立的中国房地产信息集团在美国纳斯达克上市了。孙守江：一方面是上市辅导，一方面，我本人在紧忙着参加各种各样的学习班。在提升这些之后，再集合资产。集合资产了，还要看你以往的三年利润。这些都有了，但是你符不符合财务公司对你的要求，还要请人进来。我们现在都在尝试着做，具体哪天上市还没定。,3,4,0.8897585272789001
孙群：回潮只是表面 而忽略真正的健康关系 段妍玲：我觉得因为刚才您说的对，我们要上装修大学，我觉得这应该是设计师和开发商的工作，现在一步一步好起来了。我觉得我们听了很多专业人士的想法，我们听一下孙总的，因为他也是文化批判人士，我们听听孙总对这个城市规划的一些看法。孙群：收到邀请我很高兴，张啸吟博洛尼以善于制造名词而著称，我听到这个名词叫回潮，我跟其他几位一样为什么叫回潮。后来看了他写的文案，我想这就是我们看到的回潮。我为什么觉得很奇怪？是因为我们往前看的时候为什么还要回潮呢，有什么东西可以回潮。可以看到说，这个文案上有那么多现象是回潮，那么有这么多现象我们看来政府说的一些理论也不对，不是说每一次进化是新事物代替老事物，有时候老事物会回来。在肯定这个词的时候，进行这个名词起的太新了，使得我们刚开始前面的讨论有点，大家都不知道在讨论什么，就是每个嘉宾在努力地向主持人靠拢，就是到底讨论什么话题。什么是回潮？有一些表面的现象可以讨论怎么回潮的，包括在这个地方我们也看到了一些回潮。但是有一些我们看不到的层面是不是在回潮？我觉得没有看到回潮。为什么呢？我举一个例子，在二十年前在我上高中的时候，那个时候八十年代初的时候，曾经出验证，过一个高考的作文题目，叫先天下之忧而忧，后天下之乐而乐，有一年题目是这样的题目，那个时候我还不知道这个句子，那个时候对大学生很敬仰，我想居然要理解这句话才能当大学生。二十年后我们的作文题目叫隐形的翅膀，这个就让没有办法获得大的权利的人不断地自我安慰，自我按摩的一个宣泄，告诉大家我们受到挫折，我们自己还是坚强的。二十年没有看到在思想层面的回潮，这个二十年到今天为止我们看到什么样的回潮？没有。我想在未来几年这种社会真正的潮流会走到社会的台面来，我想做企业的也好，做品牌的也好，做媒体也好要很认真的看待这个现象，刚才我们的宫总说到了这个现象，就是有关做房地产的，我要想的这个命题就是我们在房地产行业这个回潮，实际上是指一个真正的关系的回潮，到底是什么买卖关系是一种真正的健康的关系。因为在过去二十年我们一直在往前跑，我们忽略了真正的健康关系。未来会不会在客户关系方面，买卖方面有好的回潮？没有看到。现在我们在斗争理论的引导下面，大家都不斗也得斗，不知道谁怕谁，不是说真正吃亏才吃亏，是没占便宜才吃亏等等一些现象，让我们想在这个领域的回潮什么时候才会发生。所以今天我想号召大家，讨论一下看不见层面的回潮可能更重要一些。,3,4,0.9700334668159485
孙群：未来几年这种精神潮流会走向前台段妍玲：我觉得因为刚才您说的对，我们要上装修大学，我觉得这应该是设计师和开发商的工作，现在一步一步好起来了。我觉得我们听了很多专业人士的想法，我们听一下孙总的，因为他也是文化批判人士，我们听听孙总对这个城市规划的一些看法。孙群：我们是弱势群体，我们没有批判的权利，只有发牢骚的权利。收到邀请我很高兴，张啸吟博洛尼以善于制造名词而著称，我听到这个名词叫回潮，我跟其他几位一样为什么叫回潮。后来看了他写的文案，我想这就是我们看到的回潮。我为什么觉得很奇怪？是因为我们往前看的时候为什么还要回潮呢，有什么东西可以回潮。可以看到说，这个文案上有那么多现象是回潮，那么有这么多现象我们看来政府说的一些理论也不对，不是说每一次进化是新事物代替老事物，有时候老事物会回来。在肯定这个词的时候，进行这个名词起的太新了，使得我们刚开始前面的讨论有点，大家都不知道在讨论什么，就是每个嘉宾在努力地向主持人靠拢，就是到底讨论什么话题。什么是回潮？有一些表面的现象可以讨论怎么回潮的，包括在这个地方我们也看到了一些回潮。但是有一些我们看不到的层面是不是在回潮？我觉得没有看到回潮。为什么呢？我举一个例子，在二十年前在我上高中的时候，那个时候八十年代初的时候，曾经出验证，过一个高考的作文题目，叫先天下之忧而忧，后天下之乐而乐，有一年题目是这样的题目，那个时候我还不知道这个句子，那个时候对大学生很敬仰，我想居然要理解这句话才能当大学生。二十年后我们的作文题目叫隐形的翅膀，这个就让没有办法获得大的权利的人不断地自我安慰，自我按摩的一个宣泄，告诉大家我们受到挫折，我们自己还是坚强的。二十年没有看到在思想层面的回潮，这个二十年到今天为止我们看到什么样的回潮？没有。我想在未来几年这种社会真正的潮流会走到社会的台面来，我想做企业的也好，做品牌的也好，做媒体也好要很认真的看待这个现象，刚才我们的宫总说到了这个现象，就是有关做房地产的，我要想的这个命题就是我们在房地产行业这个回潮，实际上是指一个真正的关系的回潮，到底是什么买卖关系是一种真正的健康的关系。因为在过去二十年我们一直在往前跑，我们忽略了真正的健康关系。未来会不会在客户关系方面，买卖方面有好的回潮？没有看到。现在我们在斗争理论的引导下面，大家都不斗也得斗，不知道谁怕谁，不是说真正吃亏才吃亏，是没占便宜才吃亏等等一些现象，让我们想在这个领域的回潮什么时候才会发生。所以今天我想号召大家，讨论一下看不见层面的回潮可能更重要一些。,3,4,0.9715822339057922
孙钰凯：产品和服务要紧围绕市场 做良心企业霍志臣：有请天韵太阳能公司。天韵太阳能公司 孙钰凯：行业协会各位领导、家电下乡太阳能中标企业的各位领导、媒体各位朋友大家下午好。首先我提出三个感谢，一个期望。第一感谢财政部和商务部为了拉动内需，为了太阳能行业正规有序发展，为我们太阳能行业提供家电下乡机会。第二感谢太阳能行业协会、家用电器协会、节能协会等相关协会经过几个月不懈努力和不遗余力工作，终于让太阳能家电下乡尘埃落定。第三，感谢太阳能行业92家中标企业，将来要撑起太阳能家电下乡的这杆大旗，我们唯一期望就是太阳能家电下乡这92家中标企业是财政部、商务部为我们行业提供了一次有序的发展、更快发展的机会，但是这个机会的前提必须要自律、必须要自强，这种期望我们在今后发展当中，我们产品和服务要紧围绕市场，要做有良心企业。家电下乡北京天韵太阳能科技发展有限公司，通过这几个月的准备，因为太阳能家电下乡是新生事物，我相信所有企业经验还不充分，包括海尔还有其他企业操作家电下乡过程中也积累一些经验，中间也有一些挫折和教训，前面跟大家做了沟通和分享，作为我们中标企业，太阳能家电下乡操作企业，因为第一次操作太阳能家电下乡，我们作为92家中标企业，主要做的工作有以下几点：第一坚持两手抓。抓内部和抓外部。抓内部，刚才也说了家电下乡对我们提出更大要求和期望，内部管理包括将来物流安装配送，通过前几个月，家电下乡准备投标的时候已经做调整，外部，希望中标企业要扎根在政府为我们，家电下乡是政策创新，是利国利民利企的举措，政府得民心，农民得实惠，企业得市场的一项改革，这项措施的落实，我们企业扎根客观宣传，必须正面引导消费者，正面引导所有农村老百姓，引导农民兄弟。另外，我们做了三个培训。第一做企业内部培训，在前期我们也邀请了财政部，包括家电下乡管理系统的相关专家和一些后台操作人员包括技术人员，在我们公司我们招集所有生产、配送、服务、安装还有分公司办事处的相关代表做了深入培训，就是前几天刚刚完成的。第二进行网络培训。就是渠道培训，渠道培训的时候，公司在半个月之前，已经把家电下乡操作流程、操作注意事项，家电下乡要求、服务规范、安装规范对经销商、甚至终端专卖店进行系统的培训教材整理。并且这本教材已经发放到经销商手里，第三推广培训，我们在增加内部培训基础上，对所有销售人员和市场服务人员进行正确的培训，这种培训让它们为纽带，以它们为基础，把这种培训培训给终端专卖店，让它们正面引导农民朋友、农民兄弟。另外我们还做了四个标准，第一，为了配合家电下乡、为了正面宣传利国利民利企的大事，对所有宣传物料对设定宣传标准、物料制作标准，都是在商务部要求的前提之下进行标准规范。第二就是产品标准，这次家电在开端现场，虽然133家企业投标，有幸92家企业中标，对型号的命名，对产品要求我们现在还不是严格操作，我们接下来工作完全按照国家标准和国家要求进行产品标准提升和产品标准的优化，现在标准是完全优于国家标准至少两个标级。第三个标准“服务标准”，海尔、皇明、四季沐歌几家公司已经做了很好介绍，我们现在不遗余力的，我们在提炼我们安装要求和标准，售后服务的要求标准等规范操作、礼仪操作进行整理和发放。第四，安装标准。在这里要感谢行业旗帜“皇明太阳能公司”，大家都知道，太阳能产品是半成品，我们销售终端用户产品要通过安装才能让终端用户让上一个比较合格、比较优秀的产品，但是这种产品通过操作人员、安装人员进行二次生产，要求对所有安装工、操作工必须有一个非常严格考核机制和严格培训机制，当然这个机制希望在座其他企业要校访一下皇明、借鉴一下皇明，安装人员和服务人员、操作人员的要求是相当“苛刻”，为了企业负责、为了市场负责，为了老百姓负责。还做了五项工作：第一，整合资源。整合所有对企业发展有利的社会网络资源，我们可以借鉴不同行业、不同厂家、不同经销商优化销售团队和网络。第二，我们也做了第七次做家电下乡的准备仪式，三天一个启动仪式，我们收到很好效果，石家庄、邯郸、衡水，不管对经销商家电下乡正确引导、对家电下乡经销商的操作还是对我们的空白区域的招商、新老商的优化、净化通过这几次启动仪式做了一个很好效果。第三，进行互动经验交流。太阳能家电下乡中标企业有8家企业进行面对面的详谈、沟通交流，包括后期操作、前期准备和对自己要求，在上上个星期我们八家企业聚在一起进行深入探讨和沟通。第四，希望在座所有中标企业代表、负责人回去以后我们一定要贯彻，因为我们家电下乡管理系统的一个要求和两个部委的准确目标要求，就是要时刻关注家电下乡操作系统网络平台和网站，因为网站有很多信息和厂家维护更新，这一点说多一点，现在家电下乡从07年12月1号中标企业在网上都能看到，有很多产品资料、产品企业资料都没有更新，当然那是前期家电下乡，包括空调、电脑、手机，今天在这里做一个沟通、交流，把操作失误和前期做的错误希望以后避免。拿到用户名和密码，要完善公司资料、完善公司投标产品资料。第五，为了家电下乡扩大生产规模。在今年房山区新厂已经开始筹建，并且今年新厂作为房山区重点投资项目，最大投资项目得到政府领导的关怀和关照。第二扩大规模正在河南和陕西同期筹建分厂分公司，这项工作接下来半个月之内肯定落地，最起码下个月新厂投产工作要实现，分公司建立要实现。我们天韵太阳能家电下乡工作准备工作也不完善，通过这一次行业协会提供的这个平台，希望我们把它当做太阳能的大蛋糕，一块去耕耘、分享，家电下乡是一个利国利民利企的事情，我们要做一个对社会负责任的企业，首先要从天韵开始。霍志臣：下面请副总经理陈言玉发言。,3,4,0.874578595161438
孟普：在工作中倡导一种FDE精神孟普：刚才刘洁一再强调，你要去发现和享受。这本杂志我开会的时候，经常会给编辑强调的，就是要倡导一种FDE精神，所谓FDE精神就是，发现(Find)生活，设计(Design)生活，享受(Enjoy)生活。大家都忽略了我们除了工作以外，你经常呆的这个地方——家，有多么的重要。你要把家安排得让家人舒服一些，包括使用的一些东西，有没有很好的创意和方式。实际上很多人都是在外面拼命地工作，回到家就是睡觉。没有一个自己真正过日子，享受生活，享受生命的一个机会。我们要让编辑去发现美好的生活，让读者发现美好的生活。然后通过专业化的视角去给到读者。不管你房间大小，不管你喜欢什么样的潮流，总会有一些适合你的东西，我们会给大家一些设计的建议。最后一个就是享受，不管是什么年龄段的读者，不管今天你的生活达到了一个什么样的程度，大家用一种非常积极乐观的态度去享受生活。,3,4,0.4423009753227234
安信地板总经理卢伟光卷入方宏进事件原央视名嘴方宏进因涉嫌合同诈骗被拘的消息被曝光后，关于他拖欠安信地板等企业款项并面临起诉的“斑斑劣迹”也被媒体曝光。对网上的一片骂名和指责，方宏进昨(19)日接受了采访，“让人说好了，谁愿意信就信。”他承诺，会通过律师给一个明确的答复。投拍情景剧四处融资安信地板总经理卢伟光昨日接受媒体采访时透露，2006年7月方宏进突然来了一个电话，问他对一个事有没有兴趣。“他说准备投拍一部情景剧，班底是《武林外传》的主创，大概80集，暂定名《候机大厅》。他说候机大厅会有很多商店，可以给我们做植入式广告，还会给我们做两集的专辑，请我们的员工参演。我们觉得这个创意不错，就答应了。”不过，卢伟光提到，自己当时答应投资，还因为方宏进当时允诺该剧会在央视、东方卫视以及全国60家地方台播出。对此，双方签订的合同都有明确说明，“我们答应付款200万元。”卢伟光之后去过北京的片场看方宏进拍的《候机大厅》，在片场他还看到了《武林外传》的明星，“是个女的，当时有点红，现在越来越红”。尽管不愿意公布这个女星的名字，但他承认，这都让他很信任方宏进。但卢伟光一直没看到该剧播出，直到2007年卢伟光终于和方宏进“摊牌”了，要求他退钱。亏了1600万确实没钱在多次被讨债后，方宏进终于叹起了苦经。卢伟光透露：“他打电话给我说，钱确实花掉了，问我能不能宽限一些时间。”卢伟光答应了，但之后方宏进一直没有还款。2006年7月17日，卢伟光向方宏进发去了律师函。经调解，2007年9月，方宏进退还了50万元的首付款，并支付了5万元利息。尽管拖了很久，但卢伟光认为方宏进还是守信用的。“我知道他当时钱很紧张。按照每集成本大概20万元，全剧大概要1600万元。他的公司是以老婆于红伟的名义注册的，注册资本在50万元-100万元，而且他当时确实没钱了。我们甚至调查了他在北京的不动产，也就一处。我们最坏的打算是如他还不出钱就用房产抵押。”卢伟光还透露他在片场也看到了今麦郎的店以及一家手机店的人员。“当时我是比较早催他还钱的，其他人可能还觉得有希望播，在等。但方宏进还款的能力越来越弱。据我所知，他后来还的很多钱都是借的。”秘闻>>>原可去南方当副台长对网上盛传方宏进2006年是因为经济原因被电视台开除，卢伟光则给出了背后的真相。“当时他跟我说南方有家卫视邀请他去当副台长，主管业务，只是他最后没去成。”卢伟光认为，方宏进最后没有跳槽成功的原因就是因为一屁股的债。“你想，他当时在上海做主持、策划，还要不时到北京的片场，很多欠款又没有着落，他怎么有办法去其他电视台呢？” (据天天新报)        地板大腕卢伟光简介：卢伟光，“2004年度中国民营经济十大风云人物”暨“2004年度中国民营经济十大新闻”评选拉开帷幕。2004年度中国民营经济十大风云人物候选榜：公司：安信地板有限公司职务：董事长行业：实木地板简历：1994年，开设安信第一个专卖店，创立安信品牌。2002年，当选为上海市建筑材料行业协会地板委员会会长。2003年，当选为上海国际商会、上海世界贸易中心协会理事、中国林产工业协会副理事长、上海市青浦区政协委员。,3,4,0.4692944288253784
安华卫浴刘广仁：互联网助安华快速发展刘晨：下面有请刘广仁。 刘广仁：安华卫浴这几年得到了很好的发展，之所以取得如此的发展，和互联网的合作是离不开的，今天的主题也是互联网时代的营销创新。今年的经济形势不是很好，我们想起了长征，那时候写了一些标语，口号，然后开什么动员大会，毕竟都是有指标的，每个人写几个标准。虽然红军长征的过程中部队减员很多，但是在长征过程中向全国1/4的人口宣传了红军的主张和思想，在长征结束的时候红军的理念也深入人心了。 在互联网时代，互联网已经深入了人民生活的各个方面，我们用论坛、博客等等等等做品牌的宣传，营销的集采、团购，利用互联网的平台做品牌的宣传和推广，应该说这些宣传和推广对于我们品牌的影响力，对我们的销售的增长都起到了很大的作用。,3,4,0.47902700304985046
"安华浅谈卫浴中的人文关怀我国最早关于马桶的记载见于北宋时期欧阳修的《归田录二》：尝语僚属言：“平生惟好读书，坐则读经史，卧则读小说，上厕则阅小辞，盖未尝顷刻释卷也。”谢杀深亦言：“宋公垂同在史院，每走厕必挟书以往，讽诵之声琅然闻于远近，其笃学如此。”余因谓希深曰：“余平生所作文章，多在三上，乃马上、枕上、厕上也。”1596年, 欧洲约翰哈林顿发明了第一个有水箱和冲水阀的木制马桶。到19世纪后期，欧洲的城镇安装了自来水管道和排污系统，这样大多数人才真正使用上抽水马桶。再到现代的3R概念：Relax---放松；Recharge---充电；Restore---恢复。卫浴间已经发展到成为人们释放压力、舒缓身心的场所，成为家居美学中密不可分的一部分。到如今每人一年在卫浴间平均度过两个星期的时间，卫浴间越来越多的注入人文关怀。使用方便、功能健全是现代卫浴设计的第一要素，也是人文卫浴所要体现的价值，它不仅注重整体的舒适感，更加推敲细节对人文的呵护，而所有这些不是闭门造车就能做到的，它需要科学的理论为依据，需要实在的研究成果做支撑，人体工程学的运用无疑为人文卫浴带来无限的可能。对于很多年轻的漂亮女士来说，由于时间的关系，绝大多数时间都只需要简单的化妆，而没有必要兴师动众的浓妆艳抹，或许有更好的办法就是在梳洗后就完成简单的化妆。于是，人文卫浴设计师在浴室柜设计中除了浴镜外，额外的在测柜上增添近距离的化妆镜，针对脸部近距离的化妆，满足了人性的需求，在设计美学与功能美学中寻得平衡。看似简单的抽纸纸盒设计，将抽纸盒隐藏在测柜里，即节省了纸盒所占台面的位置，又能隔离台盆湿气，做到有效防水，结合人体高度设计使纸巾唾手可得。有人将浴缸比作现代家庭的第二张床，当忙碌一天的疲惫身躯，浸入到充满气泡的温泉里，让混合气体在水底蓝色灯光的营造下，仿佛置身于月下蓝色海湾，紧绷的筋骨寸寸松弛，繁乱的心绪缕缕平抚。结合人体工程学设计的浴缸靠背斜度，舒适的巴斯夫靠枕，对人类心灵的释放与对自由的追求做到极致的人文关怀。于是，浴缸也由原来洁净身体的传统意思，责无旁贷的成为了家庭最重要的解压与情调工具。在花洒设计方面，安华卫浴可根据心情选择合适的喷洒模式：自然惬意的雨淋式、活力四射的按摩式、舒适温馨的喷雾式、畅快柔和的水柱式、节水状态的滴水式，根据心情，随心所“浴”。节水状态的滴水式为我们涂抹沐浴露所停止出水时不再必要关闭开关，即能节水，又能保持调好的适合温度而不至于过汤或偏冷。在座便器设计上，箭牌卫浴讲究倾斜3°设计，能有效纠正人们长期坐厕的不良习惯，安华卫浴则在座便圈设计上结合人体工程学最新成果，弧形设计，达到人体的最佳舒适度。人文卫浴归根到底就是对人性的深层尊重，对人的生存状况的关怀，对人类的解放与自由的追求。可以断言，这种以人为本的“人文卫浴”将是未来卫浴发展必然趋势。安华卫浴能够率先提出“人文卫浴”，站在卫浴行业的最高度，势必再次引领卫浴的向前发展。",3,5,0.6212895512580872
完美家装∑座谈会 家装案例库点击破4000万    主题：完美家装∑座谈会——贺新浪乐居&业之峰家装案例库点击突破4000万大抽奖    时间：8月23日（周日），下午15-17点    地点：朝阳区东四环中路百子湾桥金长安大厦C座8层，业之峰董事长办公室    嘉宾：    业之峰装饰董事长 张钧    新浪乐居频道主编 杨熙    新浪网资深版主 汪华    消费者代表 金铭    材料商代表德国都芳漆全球技术总监KUHN（德国人）    主持人：北京电视台刘梦遥    座谈方式：开放式的轻松互动座谈。新浪乐居对此次座谈进行了网络视频的现场直播。        以下是现场实录：主持人：各位线上的朋友，大家好！非常感谢大家在周日下午关注我们新浪乐居联合业之峰装饰，共同打造“完美家装∑”座谈会。对于装修来讲可能是很多人非常头疼的事，如何能打造一个完美的家居，今天我们邀请几位嘉宾共同畅聊一下。先介绍一下今天到场的嘉宾，我身边这位是新浪乐居的主编，房产专业人士。旁边这位是金铭，是大家非常熟悉的演员，今天也是作为我们消费者地区出现在今天的现场。旁边这位是业之峰装饰董事长张钧。还有一位非常帅气的外国面孔，来自德国的都芳漆全球技术总监KUHN先生；最旁边的这位是来自新浪乐居的版主汪华，代表很多消费者来到我们今天座谈会现场一起参与讨论。今天这个活动主要是回馈广大消费者，在我们今天现场有一个非常漂亮的海报。今天我们现场还会推出100位幸运的消费者，您在1号到8号之间在业之峰装修可以获得一个4999元的工程款机会。下面我们开始第一轮的抽奖活动，我们首先请金铭帮我们开启。金铭：开始。主持人：好，我们第一轮的20位消费者已经产生了。来自南京的丁贝贝，南京的0006吴健平。北京0155，形小。兰州0018，桥蕊；重庆0022刘新丽，重庆0045蒋丽秋，重庆0089，北京的0161，大连的0023栾彬，恭喜这20位朋友。,3,4,0.845728874206543
"宜家再度降价力度为五年之最 中国市场见成效自9月1日起，宜家在中国的各门店开始新一轮的价格调整，调低了500多种产品的零售价格。这是宜家中国五年以来最大力度的一次降价，平均降价达20%-30%，调价前这些商品的销售额占宜家中国整体销售额的四成以上。一年两度显降价决心记者日前在宜家北京商场采访中了解到，一些老顾客表示对本次调价“有一定感觉”；一位称自己不经常逛宜家的段小姐认为“价格总的来说还是算不上便宜，但能淘到的实惠东西多了不少。”每年的9月宜家都会不同程度调低产品售价，而本次调价已是今年的第二次降价，今年3月，宜家已经下调了部分产品售价，总体调低了27%。对于此次调价，宜家中国销售总监朱昌来表示，“与11年前宜家刚进入中国时的价格相比，现在的商品价格只是当年的一半。”宜家中国零售经理吉丽安接受采访时也反复谈到要压低价格，“对我们来说，中国老百姓目前的消费水平和宜家产品价格之间还是存在着一定的努力空间。” 她同时强调宜家是大众的品牌，着眼点绝不在于服务某个阶层或者某一小部分人。这次大规模降价，显然是为了赢得更多的普通中国消费者。据了解，截至2009年8月，宜家全球店面年度销售额同比增长约3%,中国店面的销售额同比增长了16%。吉丽安也坦言，增长主要来自新店大连店的销售收入,原有门店销售收入在可比范围内与上一财务年度基本持平，但在危机环境下这样的成绩已经来之不易。降价空间从何而来对于在过去的十年中宜家何以能不断降低产品价格，吉丽安将其主要归功于宜家独特的商业模式。“我们并不仅是一个零售公司，我们掌握了整个供应链，从产品设计、采购、物流配送等，因此我们可以在各个环节控制我们的成本。例如我们可以通过控制在亚太地区的采购来降低我们部分产品的价格。”在这种商业模式下，产品销量越好，采购量越大，价格也就越低，从而形成一种良性循环。据了解，宜家在中国本土的采购量呈不断扩大的趋势，在中国销售的商品中“中国制造”的比例远高于宜家全球店面中的这一比例。目前宜家已在上海建立两个分拨中心，负责大件耐用家居用品的统一采购和配送, 其中奉贤的物流分拨中心全部三期工程建成以后，将成为宜家在亚太地区最大的物流枢纽。而宜家斥资过亿在奉贤设立的测试及培训中心，也成为了宜家除瑞典阿姆霍特以外唯一一家全资测试中心。中国作为宜家全球最大的采购国，有21%的产品是在中国采购的，测试中心的建成意味着宜家可以更便捷地完成产品质量的检测，降低自身及其供应商的生产成本。适应中国市场见成效作为全球最大的家居用品零售商、欧美市场深入人心的“大众”品牌，宜家在中国已经摸爬滚打了十年时间，如何摆脱“高价”之嫌差不多可以成为宜家中国发展轨迹的缩影。对于对宜家中国发展速度的质疑吉丽安表现得十分淡定，“我们需要时间去了解中国市场，了解中国人对宜家产品的喜好，了解我们的商业模式是否能在中国成功。”此外，她也指出所有的宜家商场都是自己买地自己建造的，而这样的商业模式也决定了迅速扩张没那么容易。宜家在分析2009财务年度中国各店销售业绩的时候特别指出，二线城市的几家店表现出良好的增长态势。在谈到本次降价，朱昌来也表示，大力度降价实际也是为了进入更多的二、三线城市打基础。从对二、三线城市的高度关注不难看出，宜家中国对其产品价格的市场竞争力越来越有信心，虽然“价格还不够低”被反复强调，但对于中国市场“回归”低价的乐观预期已然形成。奉贤分拨中心和测试及培训中心的建成，令业内纷纷猜测宜家是否在将战略重点转向中国，对此吉丽安的回应是与其说“转移”不如说“扩张”。事实上，宜家在亚太地区三个国家拥有的商场——中国、日本和澳大利亚——对宜家全球销售额的贡献仅为3%，但就未来的发展潜力而言，宜家表示更看好包括中国在内的整个亚太地区。",3,1,0.4562831223011017
宜家家居亚洲最大旗舰店选定北京 宜家集团亚太区总裁杜福延27日表示，宜家家居亚洲最大的旗舰店已选定在北京的大兴区，为此，宜家在大兴的投资规模将达30亿元人民币。 据了解，近期瑞典企业宜家集团成功拍下面积为30万平方米的地铁大兴线西红门商业综合区二期用地，宜家将对此地进行综合开发建设一个大型购物中心，其中包含宜家家居亚洲最大的旗舰店。 新华社图片 宜家集团亚太区总裁杜福延27日表示，宜家家居亚洲最大的旗舰店已选定在北京的大兴区，为此，宜家在大兴的投资规模将达30亿元人民币。 据了解，近期瑞典企业宜家集团成功拍下面积为30万平方米的地铁大兴线西红门商业综合区二期用地，宜家将对此地进行综合开发建设一个大型购物中心，其中包含宜家家居亚洲最大的旗舰店。 新华社图片,3,4,0.7221839427947998
宜家进驻大兴开购物中心在昨天举行的大兴区地铁沿线生产性服务用地信息发布会上，首家通过“招拍挂”在京拿地的外资公司——瑞典宜家家居日前成功拍下30万平方米的地铁大兴线西红门商业综合区二期用地。除西红门商业综合项目外，大兴区在下半年还将推出枣园路土地一级开发项目、新城核心区和生物医药基地东配套区三个地铁沿线项目，规划总建筑面积近650万平方米。 “宜家将对该地块进行综合开发，建设一个大型的购物中心——除了包含宜家家居亚洲最大的旗舰店外，还将有400多家各种业态的商户进驻。”宜家亚太地区总裁杜福延说。大兴区发改委有关负责人表示，宜家家居西红门商业综合区用地不仅是北京沿五环周边规划的六大商业中心之一，也是大兴区2009年最大的商业项目。而围绕着地铁大兴线，大兴区以地铁站点为基本节点，规划了地铁沿线生产性服务业集聚区。具体包括宜家家居所在的西红门商务区、金星商务区、核心区综合服务区、医药基地研发商务区和物流商务区。除了西红门商业综合区项目外，大兴区还将推出枣园路土地等一级开发项目，规划总建筑面积约650万平方米。(记者刘宇鑫),3,4,0.9858371019363403
实德不容鱼目混珠存在打假是一种突击行动，但是真正让假货杜绝，还要提高老百姓识别假货的能力。一般企业的做法都是，用提高防伪手段来杜绝假货。当然，实德集团也一直在提高产品的防伪能力，不过他们在杜绝假货上有更高明的招数：优选战略伙伴，从源头上堵住假货的泛滥。从实德型材产品诞生以来，实德集团在产品防伪上下功夫，现在已经形成喷码识别和自动电话查询等多种方式的甄别方法。但是，在型材市场中，依然存在不法经营者用仿冒的实德型材产品混杂在实德型材中销售的方式来欺骗消费者。通过市场调研发现，很多型材门窗加工点很少是全部用假冒产品生产门窗的。因为这样他们无法保证大多数产品的质量，生意会一落千丈。而他们通常的做法是，经营实德型材，靠实德型材优良的品质为自己的生意打出招牌和知名度，然后低价购入部分假冒产品，掺杂在实德型材中销售。大连实德销售集团已经在瓦房店、丹东等地区都发现这样问题的存在。防微杜渐，“这种苗头要坚决打下去，否则这种老鼠行为会毁坏了市场大堤的。”实德集团副总裁王德华说。,3,1,0.5102083683013916
室内装修设计图纸有望明年统一标准室内装饰设计应该提供多少张图纸？包括哪些必需的项目？设计师应不应该到现场参加隐蔽工程的验收？这些困扰室内装饰设计界多年的问题终于将有统一说法。昨天，东南大学建筑学院有关人士向记者透露，该院正受国家建设部委托，联合相关单位正在编制首部有关房屋建筑室内装修设计制图的国家标准，预计该规范最快将于明年出台。据介绍，目前我国还没有统一的室内设计装饰行业相关标准，很多装饰公司给客户拿出的设计图纸都是“公司标准”，往往自家的设计图在别的公司就成了“天书”让人看不懂，这也使得原本严谨的方案图、施工图变相成为不少家装公司玩猫腻的重灾区。负责主编此次《房屋建筑室内装修设计制图标准》的东南大学建筑学院高祥生教授透露说，新规将着重强调设计制图的细节规范，对一些容易产生误解或理解分歧的设计进行“剖面细化”。他举例说，如今一些装饰公司在给客户设计橱柜的时候，经常会很简单地写着“木饰面橱柜”，而在新制定的“国标”中，这种表述将被判为不合格，取而代之的是要写清楚木饰面橱柜的“剖面图”，即木饰面橱柜是由木龙骨、木工板、胶合板、饰面板以及油漆等5个部分组成。高祥生对此解释说，如果不对装饰公司表述进行要求，那么施工方完全可以在消费者不知道的情况下轻易偷工减料，因为仅仅是将其中的木工板材料换成纤维板，就可以省下约三分之一的施工成本，橱柜质量却会大打折扣。“该国标是强制性的，一切顺利最快明年有望出台。”住房和城乡建设部标准定额所的相关人士告诉记者，在遇到纠纷的时候，有关部门和法院也可以依据这部“国标”对纠纷进行裁决。,3,4,0.5084537863731384
宫铁军：在借鉴基础上超越也是一种文化宫铁军：刚才许总说的特别激烈，有点不同意见补充一下，房地产没有这么无耻，虽然比较弱势，是这样的，说几个例子，日本战败之后应该说不管从文化上还是说从建筑上应该说一段缺失，从美国来讲，特别是在战后那一段是有一段文化侵略的，从安腾来讲和一些现代大师那么用一些行动来呼唤日本的建筑，他们非常有民族的感情去做这件事情，做完之后也是在几十年之后实现的，因为毕竟来讲日本是靠美国资助的，他没有能力完全拒绝文化侵略。    刚才说三里屯也好，很多项目，它有一点，就是它的尺度是日本设计师在做，在做的时候我们希望有中国的，毫不讳言，万科做的很多项目我们希望在借鉴基础上超越，如果没有借鉴，单纯谈创新可能来讲我们不可能去回归过去四合院的文化，我们没有那么多地。    所以我特别尊重万科，也在研究万科，比如万科在无锡做的围合大院，那就是规划理念完整的一个尝试，东西向占了很大比例，一个大胆的尝试。(牡丹西腾)认为100米×100米很好的的尝试，大比例的东西是不是能够打破东西向不好的这种。因为塔楼和板楼，塔楼是现在比较省地的一种方式，塔楼能不能做到节能。我也看到万科在南方做的一种新的形式的塔楼，包括原来很早以前崔大师做的现代城，其实我们可以看到塔楼里面并不是传统的我做的一个盒子，它也可以创造一个空间庭院出来，可以给人一种公用的庭院。所以说我想就是说没有，因为房地产并没有三十年，中国房地产严格来讲也就是13年，从南方算起有十几年时间，所以说在这十几年里，包括万科在天津做的项目，完全是仿制，但是他在这个基础上创新了，去做了。现在不提哪个公司了，在北京做了一个园林非常好的项目，也是西班牙风格的，实际我们看的时候，也很清楚地看到借鉴也好，抄袭这种感觉出来，但是它给业主带来最大的享受，它把园林，我们叫女性杀手，就是女同胞如果看了这个住宅的话很难，如果你有一定购买力的话很难脱身而去，很容易下单。文化和知识在这点我觉得去品评，因为我们现在讲欣赏这个事，用思想体系的话，就是我们什么时候有信仰来支撑我们这个文化，这不是我们探讨出来的，因为跟我们的体制有关系。我去过很多地方，去学国外到底怎么管理物业的，确实物业是中国从香港来的一个举动。比如说万科管的好，为什么管的好？连一个自行车出去都管理，有错吗？这个如果放到三十年前，这简直把我们的邻里关系进行了颠覆，但是到了今天我们说万科物业服务做的好的非常典型的一件事来说，这也是我们学习的典范。人和人的关系什么时候能够回归到我们希望的那种，这个不是我们坐在这儿能解决的，这需要一个过程。    我恰好在欧洲学了一个月的欧洲资助中国城市化课程，瑞典，丹麦等他们的政府在做廉租房的时候考虑到现在的规划，包括车位，车库所有这些，如果我们真的能去学习，即使是抄袭又有何妨。开句玩笑说我们是奉献的一代。日本人很尊崇这个。我最不认同许总的一点，就是你不能只批判不做。就是说我支持而后勇，我还是要去做。中国的廉租房，经济适用房不是说出了几个贪官，出了几个腐败就不要经济适用房了。其实你刚才说的那句话很对，中国从骨子里不想租房子，廉租房是解决更低收入住房的问题。在信息化这么发达的情况下，难道中国就没有办法解决最公平的问题吗？我想这个信心都没有话，中国就不用发展，中国现在连出重拳去整治腐败。我觉得遗产税这些在未来一定会出现。,3,4,0.8129843473434448
宫铁军：怀旧和回潮 小众精英对快乐追求杨熙：感谢赵处长讲了好多关于城市规划的东西。今天到我们现场我想各位嘉宾都代表各个层面的相关的关于城市，和咱们相关话题的朋友，所以我想先请咱们雅世集团宫总跟咱们分享一下这个话题。宫铁军：赵处长刚才讲的很好，我都不知道该怎么讲了。邀请我来我很高兴，这儿来了很多朋友，到这儿来有一种怀旧的感觉出来，跟这个主题很贴切。每次到这儿来的时候总感觉又回到了上学的时候，或者更久远的时代，或者我没到过的时代，好像通过设计师去处理的一个手法让我仿佛又回到那个年代去。作为开发商的理解，我们这代人年轻一些，一直往直路跑，不敢停下来说我真的去怀旧，没有这么多时间去做。实际上作为一个行业，一个产业来讲需要一个健康良性的发展，不能大起大落，像中国的金融股市一样，动荡式的走向，因为不动产作为一个重要的资产，作为中国传统的观念来讲，我们作为居住，保值，乃至投资的一个重要手段，所以不希望说中国人去体会那种资产高速膨胀，膨胀之后又高速贬值，当你分享快乐的时候那个痛苦随之而来，在不久的未来会来到。所以我特别希望中国房地产能有良性的发展，给我们每个住户提供真正能够安心的，持久能够享受到的一个居住文化。所以这个和我下面谈到的文化也密切相关。因为无论九朝会也好，还是刘老根做的，郭德纲做的这些等等，都是小众精英式的，只有小众通过自己的积累去怀旧也好，回潮也好，更广泛的人群上享受不到这样的快乐，他们只能通过媒体或者其他的渠道来得到自己需要的享受快乐。        房地产口碑虽然不好，但是它实实在在承担着给老百姓建造房屋的责任，所以作为开发商来讲我觉得建筑有一个很重要的职能，就是说有一句话叫住宅创造人生，人造住宅，住宅创造人生，它能创造人生丰富多彩。    我总结了两点，就是说规划和建筑。规划和建筑实际上从大的方面给人的生活提供了一个文化场景，好的社区，好的规划，好的建筑，包括好的地面可以给居住在这个社区的人一个文化享受，心灵的享受，让你在这个社区里有一个大的气场，能够让你在这个社区里定得住。就像我们在九朝会里喝茶我们心可以很静地探讨过去。其实有些社区无论是塔还是板都做了一个很好的规划。在过去十年对房地产来讲是黄金十年，可能作出了很多没有这种气场的社区，包括我们改革后的十年，二十年，这样的规划可能是业主对文化的享受去在自己家居里用自己的创造去完成，因为你大的社区环境并没有给你很好的背景，一个很好的平台，那么怎么办？那么有科宝，有其他更多的家居行业，包括说我们在十多年前打沙发，打柜子。这就是我要说的第二个小的概念，当我们业主把自己封闭在一个小屋子里推敲家具的时候，实际上当这个小跟大两点结合的话，就是说不管你在怀旧，还是向前看，还是在工作，你都能有一个好的生活的享受。如果大小两点丧失其中任何一点你可能都有一种缺失，一种缺憾，就是说你不是在一个很满意，很有氛围的社区里你去做自己的小环境，每天你走出来的时候，可能这个社区本来应该让你有这种享受的价值却没有了。如果一个人总是在工作，对家居，或者居家没有特别好的追求，即使住在很好的社区里，也会感到工作等方面的压力。    所以从建筑和人来讲，我希望开发商能够响应不管是国家的号召，还是政府的号召，实际上我是想一个好的开发商能够承担起这种社会责任，把社区从规划包括家居，能够给客户提供一个持久服务的，让客户能够不用非常专业的上新浪网上天天去学习 装修知识，这个在国外看来，可能未来杨主任这个职能也要削减，在国外这是不应该有的功课，但是中国把这个研究的很好。这个对开发商来说是一件非常愧疚的事情，是我们逼迫业主去做的这个功课，再可能十五年，二十年之后希望大家更和谐地去做。最后一点就是说到对文化的，不论是怀旧还是什么，房地产现在实际提供的服务，虽然我们把所有物业管理都叫服务，但是真正从骨子里我们到底给业主提供什么样的服务？是不是从业主真正需求来去考虑提供哪些服务，这些也是我们在想，也是希望，应该说主流开发商替业主想很多这样的事情。我期盼我们这个行业早日脱离这个不好的口碑，能从服务着手，反过来能让我们在未来，业主说作为一个开发商能够给业主提供的不止是一个住宅，不止是一个作品，或者是一个建筑，更主要是一种生活方式，是一种文化，是一种持续的服务。我就先这样说一下。,3,4,0.9378077983856201
宫铁军：怀旧和回潮都小众精英对快乐的追求杨熙：感谢赵处长讲了好多关于城市规划的东西。今天到我们现场我想各位嘉宾都代表各个层面的相关的关于城市，和咱们相关话题的朋友，所以我想先请咱们雅世集团宫总跟咱们分享一下这个话题。宫铁军：赵处长刚才讲的很好，我都不知道该怎么讲了。邀请我来我很高兴，这儿来了很多朋友，到这儿来有一种怀旧的感觉出来，跟这个主题很贴切。每次到这儿来的时候总感觉又回到了上学的时候，或者更久远的时代，或者我没到过的时代，好像通过设计师去处理的一个手法让我仿佛又回到那个年代去。作为开发商的理解，刚才赵处长说我们这代人比赵处长年轻一些，一直往直路跑，不敢停下来说我真的去怀旧，没有这么多时间去做。房地产在07年开始被赵处长调控了，调控之后，好不容易要休息一下，美国次贷危机了又不调控了，不调控之后现在又出现好多争论，种种来讲都不是特别好的信息。实际上作为一个行业，一个产业来讲需要一个健康良性的发展，不能大起大落，像中国的金融股市一样，动荡式的走向，因为不动产作为一个重要的资产，作为中国传统的观念来讲，我们作为居住，保值，乃至投资的一个重要手段，所以不希望说中国人去体会那种资产高速膨胀，膨胀之后又高速贬值，当你分享快乐的时候那个痛苦随之而来，在不久的未来会来到。所以我特别希望中国房地产能有良性的发展，给我们每个住户提供真正能够安心的，持久能够享受到的一个居住文化。所以这个和我下面谈到的文化也密切相关。因为无论九朝会也好，还是刘老根做的，郭德纲做的这些等等，都是小众精英式的，只有小众通过自己的积累去怀旧也好，回潮也好，更广泛的人群上享受不到这样的快乐，他们只能通过媒体或者其他的渠道来得到自己需要的享受快乐。房地产口碑虽然不好，但是它实实在在承担着给老百姓建造房屋的责任，所以作为开发商来讲我觉得建筑有一个很重要的职能，就是说有一句话叫住宅创造人生，人造住宅，住宅创造人生，它能创造人生丰富多彩。我总结了两点，就是说规划和建筑。规划和建筑实际上从大的方面给人的生活提供了一个文化场景，好的社区，好的规划，好的建筑，包括好的地面可以给居住在这个社区的人一个文化享受，心灵的享受，让你在这个社区里有一个大的气场，能够让你在这个社区里定得住。就像我们在九朝会里喝茶我们心可以很静地探讨过去。其实有些社区无论是塔还是板都做了一个很好的规划。在过去十年对房地产来讲是黄金十年，可能作出了很多没有这种气场的社区，包括我们改革后的十年，二十年，这样的规划可能是业主对文化的享受去在自己家居里用自己的创造去完成，因为你大的社区环境并没有给你很好的背景，一个很好的平台，那么怎么办？那么有科宝，有其他更多的家居行业，包括说我们在十多年前打沙发，打柜子。这就是我要说的第二个小的概念，当我们业主把自己封闭在一个小屋子里推敲家具的时候，实际上当这个小跟大两点结合的话，就是说不管你在怀旧，还是向前看，还是在工作，你都能有一个好的生活的享受。如果大小两点丧失其中任何一点你可能都有一种缺失，一种缺憾，就是说你不是在一个很满意，很有氛围的社区里你去做自己的小环境，每天你走出来的时候，可能这个社区本来应该让你有这种享受的价值却没有了。如果一个人总是在工作，对家居，或者居家没有特别好的追求，即使住在很好的社区里，也会感到工作等方面的压力。所以从建筑和人来讲，我希望开发商能够响应不管是国家的号召，还是政府的号召，实际上我是想一个好的开发商能够承担起这种社会责任，把社区从规划包括家居，能够给客户提供一个持久服务的，让客户能够不用非常专业的上新浪网上天天去学习装修知识，这个在国外看来，可能未来杨主任这个职能也要削减，在国外这是不应该有的功课，但是中国把这个研究的很好。这个对开发商来说是一件非常愧疚的事情，是我们逼迫业主去做的这个功课，再可能十五年，二十年之后希望大家更和谐地去做。最后一点就是说到对文化的，不论是怀旧还是什么，房地产现在实际提供的服务，虽然我们把所有物业管理都叫服务，但是真正从骨子里我们到底给业主提供什么样的服务？是不是从业主真正需求来去考虑提供哪些服务，这些也是我们在想，也是希望，应该说主流开发商替业主想很多这样的事情。我期盼我们这个行业早日脱离这个不好的口碑，能从服务着手，反过来能让我们在未来，业主说作为一个开发商能够给业主提供的不止是一个住宅，不止是一个作品，或者是一个建筑，更主要是一种生活方式，是一种文化，是一种持续的服务。我就先这样说一下。,3,4,0.9582595825195312
家具下乡现状调查 有市场还需明白农民心核心提示：日前，正定家具市场联合多家有影响力的厂商，将家具优惠卡发放到正定周边18个县和县级市，家具企业对农民持卡购买家具在最低价基础上再给予5%的现金补贴，迈出了我省家具下乡的第一步。家具下乡市场如何，是否就是家具企业开拓市场的救命稻草？A现状家具下乡有吸引力7月8日清晨，灵寿的王新鸿张秀娥小夫妻登上一辆大巴。“正定家具城推出了面向农村市场的优惠活动，现在买家具时机不错，比平时便宜。”夫妇俩决定把房子重新收拾一下，挑选几件新家具。“以前买的新家具用不了多久，不是走样，就是掉漆！县里家具市场上做家具与卖家具的不少，质量都没有什么保证，售后服务也较差，有的吹嘘‘某某’大牌，其实是类似作坊式的小厂出的。过去农民什么便宜买什么，现在农民买家具也追求品牌，也渴望买到家具大厂的品牌货，是否环保，质量和售后服务如何都是考虑的因素。”农村家具市场已经显示出巨大的潜力，而且目前农村市场品牌家具的缺失为我省规模化的家具制造企业迈向农村市场提供了可能。省家具协会理事长刘俊峰说，我省是家具生产大省，全省有大大小小的家具企业5000多家，且以内销为主。金融危机爆发后，国内家具市场竞争白热化，目前，家具消费需求在大中城市基本饱和，而县、乡镇的消费需求则在稳步增长，潜力巨大。刘俊峰表示，在家具行业推行类似家电下乡的政策可实现双赢：消费者可以便宜的价格购买到家具，享受更为优质的家居生活；家具企业也可以缓解目前的困难，消化家具产品过剩产能，调整产品结构，促进家具生产、流通和行业健康发展。正定家具市场的做法被认定为我省家具行业借鉴家电下乡开拓市场的一次积极尝试。与“家电下乡”政府给予补贴不同的是，家具下乡给予农户的优惠皆由厂商自己买单，与政府补贴无关。B问题 消费习惯阻碍家具下乡记者了解到，河北蓝鸟家具有限公司等知名家具企业正纷纷调整战略，下大力服务农村市场，有的企业还对准备开发适合农村市场的产品。河北经贸大学工商管理学院教授王胜洲认为，家具种类繁多，款式各异，无法进行招标，国家出台类似于家电的家具下乡政策可能性很小，企业要想开拓农村市场唯有企业积极自救。“县、乡镇市场发展空间确实很大，但想迅速打开农村市场并非易事。”刘俊峰说，“第一是企业是否了解农村消费的特点，第二是销售渠道的问题。很多真正遇到生产经营问题的家具企业产品定位是面向一二级市场的，他们的难处在于，没有接触过农村市场，对农村市场根本不熟悉，不了解农民的消费水平。而销售渠道方面，专业家具商场在大城市过度竞争，在中小城市刚刚普及，但在县城却鲜有上规模的家具商场，更别说乡镇了，这都是企业需要直面的问题。”河北振伦家具有限公司总经理李俊峰说：“农民买家具价格在500-2000元以内比较合适。农村更注重实用性，比如农村箱体床销售量远大于板床，这和城市就有差异，对企业的设计能力也提出了不同的要求。”在品牌认知上，家电行业里有很多认知度比较高的品牌，但是家具还没有形成这样的品牌效应，究竟品牌家具的内涵是什么，哪些家具是大厂生产的品牌货，农民的认识还比较模糊。 再有就是网络问题。开拓农村市场，无法像在一、二类市场竞争一样，依靠知名卖场来快速占领市场份额，农村家具市场占有率低、规模小、网点分散，家具企业需要在营销方式上有创新。C对策 家具下乡有待引导一位常年从事家具销售的人士表示，家具下乡在进入农村市场之前，要做好大量的市场调研，做出可行性判断，企业可根据自身的定位和市场需求做出“差异化”，而不是以价格去赢得优势。农村市场需要的家具，价格不能高，但也不能牺牲质量来迁就低价，这需要企业花大功夫，从功能简化、设计优化、工艺提升、加强管理等方面来压缩成本，实现高性价比。刘俊峰说，我省的家具企业多数是中小型企业，以生产民用家具和内销为主。船小好调头，企业及时调整产品结构，增强自主创新能力和品牌意识，稳定和发展现有销售渠道的同时，生产适合广大乡镇消费者的产品，是可行的。刘俊峰同时指出，家具蕴含一定的文化，从城市到乡镇市场的推广可能有些难度，特别在品牌认知上，乡镇消费者还没有形成这一意识，有待于相关权威部门和企业的正确引导。农村目前家具市场的状况使企业在营销创新方面存在更多的可能性。根据产品特性，商业营销模式可以不同：自营店、加盟店、渠道销售等。企业还要注重品牌宣传，进行形象经营，为塑造产品和品牌形象搭建舞台。此外，建立较好的信誉度和服务质量，做好售后服务，很能吸引农村的消费群体。一位专攻农村市场的家具企业老板曾透露，自己在产品售出后还经常组织服务人员到农户家里“转转”，有问题的给维修，没问题的送上点小礼品，在农民中赢得了很好的口碑，知名度也提升很快。“农民都很朴实，只要你真正想他们所想，就一定有好的回报。”记者还了解到，为鼓励企业进驻农村家具市场，帮助农民提高对品牌家具的认知，中国家具协会近期将致力于推出为企业提供家具下乡标识的相关政策，让下乡的品牌家具企业也有自己的“身份证”。 更多精彩内容请点击：新浪房产家居家装  欢迎参与火热装修论坛,3,4,0.4661090672016144
家具企业上市公司很少 缘由是规模太小杨建伟：目前家具企业在国内上市的还没有。目前我们这个行业没有上市，本身是因为我们的规模太小，还没有达到上市的要求。很多规则和要求在我们这个行业很难实现。因为我们这个行业不属于上市企业要求的发展对象。主持人：我听说有的企业不愿意上市，就是不愿意把自己的资产透明化，您是怎么看的？孙守江：这就要看你的价值观。我觉得这样发展起来比较轻松，比较健康。虽然背负着社会责任。主持人：杨总没有想过要上市？杨建伟：没有，本身我们跟孙总的企业比起来，规模还是有区别的，产品也有一定区别的。因为我们公司的总工厂在丹麦，我们母公司是有上市的打算，但是上市还没有想到中国。现在按照全球的规模来看是可以上市的。但是我们企业的老板就不想上市。目前全球上市企业中，家具行业相对一些高科技行业还是很少的。还是一种劳动密集型的行业。孙守江：当然这个劳动密集型也有很多先进的机器设备。主持人：刚才二位老总提到金融危机对两位企业没有什么不好的影响，相反倒是有很多好的地方。其实很多人也在利用金融危机这个阶段在梳理自己内部公司的管理结构，包括引进ERP系统。我们家具企业在信息化方面有什么特点？最近我听说，包括地板企业，包括人才战略，引进人才顾问对整个公司进行人才的培训，也在做一些内部工作。除了这些战略调整以外，我们内部有什么变化？孙守江：没有，我们还是按照我们既定的目标在做。拿我自己说，可能我也在学某一个名人。先对一个行业，制定一套制度，打造一个团队，树立一个品牌。有的人可能借着金融危机把自己的企业看得很大，但这个行业还是很小很小。杨建伟：其实我们这个行业经过了很多风雨，这次金融危机中营业额可能有一点影响。我们发展到这个阶段，这个东西见得多了，可能不算什么。在一定程度上，危机对某些企业来说只不过是给了一个很好听的理由而已。主持人：您这现在也已经是ERP了吗？孙守江：我们把ERP仅仅当做了一种工具。,3,4,0.6262807846069336
家具企业未来发展应具备社会责任感主持人：现在我们已经到了战略阶段，我们有哪些战略呢？孙守江：现在收编我们已经不采用了，我们说的是大企业和小企业之间。凡是品牌企业，最起码对自己品牌负责任的企业，想干长久的企业，敢于担当的企业，仅仅是这个阶段。第二个阶段，它就要求发展或者是传承，它的企业就要具备一种社会公民企业责任。这种责任是透明的，是开放的。我们企业的战略就是社会的企业，老板慢慢地退出，股份缩小，管理层持股。第二个阶段，就是上市。,3,4,0.6595991253852844
家具前五月出口降幅7.8%海关总署近日发布前5个月我国外贸进出口情况。据海关统计，今年1至5月，我国对外贸易出口4261.4亿美元，同比下降21.8%；进口3373.5亿美元，同比下降28%。在出口商品中，今年前5个月，我国主要劳动密集型产品出口同比降幅均小于总体降幅21.8%的水平，其中家具出口100.9亿美元，下降7.8%。另据国家统计局宣布的数据，5月份社会消费品零售总额10028亿元，同比增长15.2%。其中家具类增长33.3%，建筑及装潢材料类增长12.6%。,3,4,0.6528891921043396
家具卖场纷纷跳水 消费者理性购物慎防超支家具、建材市场每年都有四个特别旺销的假期节点，分别是元旦、3·15、五一和十一。然而受今年江门房地产市场低迷的影响，今年的家具、建材市场在之前的元旦、3·15和五一等三个假期节点的表现都差强人意，销售业绩普遍下降超过30%。十一黄金周即将开始，家具、建材商家为了抓住这最后的清仓机会，追赶销售业绩，纷纷选择集体“跳水”，并推出各种既有创意噱头，又有高差价诱惑的促销活动。有消费专家指出，市民在商家集体“跳水”时“执笋?”，更应保持冷静，慎防冲动型消费造成的超支浪费。黄金周前夕，不少家具、建材卖场就提前两三个星期推出多种促销优惠活动，但市场反应平淡，人气依然不旺。“这个黄金周的销售业绩再上不去，今年全年的销售任务最多也就只能完成七成。”江门的家具、建材等房地产下游产业市场，目前已随着江门房地产市场的低迷而遭遇了销售困境，家具、建材卖场的客流量和销售业绩都普遍下降超过30%。为此，家具、建材卖场将在黄金周再次集体“跳水”，通过优惠促销带旺人气，清仓销售。江门市好美家建材商行的梁国培经理认为，黄金周期间，各家具、建材卖场都抓住最后的机会清仓，市民有机会以今年最低价购买到所需的家具和建材产品。招数一：低价拍卖抢人气“江门市民早已习惯了派发传单、聘请名人等商家传统聚集人气的手法，没有新点子和实惠消费者根本就不会买账。”家具、建材卖场今年提前推出促销优惠活动，却意外的遭到了江门市民的冷遇。据江门金海马家具门店经理岑永光介绍，黄金周前聚集人气的尝试差强人意，很多商家都对促销活动进行了重新调整，如江门市金海马家具除了会向市民免费派发小国旗外，还计划在10月1、2日16时至18时，3日中秋节当日即提前到14时至16时，推出一元竞拍品牌家具产品活动。包括沙发、地柜、茶几、功能椅、床等19款价值498至7800元的品牌家具产品，全部以1元的底价公开拍卖。届时，所有到场的市民都将可以参加竞拍。招数二：打包捆绑清货受房地产市场低迷的影响，今年江门的家具产品普遍出现滞销，部分家具产品至今未能清仓。记者走访家具卖场看到，很多的家具卖场都将一些受欢迎的家具产品和出现滞销的家具产品进行了打包捆绑销售，其价格之低，与半卖半送无异。如东鹏洁具打包捆绑销售的一款国庆特惠三件套，坐厕、龙头和浴室柜只售1989元，价格直降了1000元，超过30%的整体价格降幅，在鲜有打折的品牌洁具专卖店实属少见。招数三：跨行业联展一元的底价就可以参与拍卖比亚迪F0轿车？没错，10月1日至8日，江门市金海马家具将在卖场前的广场，联合比亚迪汽车举办家具-车跨行业联展。届时，市民不仅可以在现场挑选家具产品，还可以观赏到比亚迪最新的车型，与靓丽的车模拍照留念。其中，10月3日下午，现场市民还可以参与一元底价拍卖比亚迪汽车的创意活动，有机会将靓车直接开回家。招数四：换购商品挑花眼“购买洁具产品满3000元可以以8元换购不锈钢电热壶一台。”东鹏洁具的国庆特惠大行动推出了一系列的买洁具换购家电活动。但东鹏洁具并不是唯一推出换购活动的家具、建材卖场，江门市金海马家具等商家推出换购活动，让市民眼花缭乱。如金海马家具的一元换购家具产品活动，市民在同一个专柜单次性消费满1000元，加一元即可换购价值249元的时尚电脑椅。精明消费省钱提醒做好预算勿让优惠迷眼黄金周期间，家具、建材等商家都会推出各种优惠活动，部分优惠让利空间空前。面对这些平日从来没有出现的低价诱惑，不少市民一下子就被冲昏了头脑，进行疯狂的采购，经常出现预算超支的情况。江门金海马家具门店经理岑永光指出，市民到家具、建材市场采购前，应该先做好相关的预算，将所需的家具或建材的名目、数量等先列出来，以免重复购买。此外，还应该了解需采购产品的大致价格、质量档次，并做出一个初步预算。“如果产品优惠较大，市民可以用原来的预算选购质量档次更高的产品，但千万不要超支，让自己陷入支付困境。”货比三家 组合消费方案“每一个卖场都有特别优惠的产品，但品种并不尽相同。”江门市好美家建材商行的梁国培经理指出，精明的市民在家具、建材卖场选购时，不妨多走几家，将各卖场不同的特价商品找出来。即便所需购买的产品并不是商家的特价商品，也应货比三家将最便宜的找出来。梁国培经理认为，市民在充分收集特价商品信息后，就要将其中最低价的所需商品挑出来，组合成一个整体的消费方案。如果卖场并没有同时推出换购活动，或市民的购买金额尚未达到换购所要求的消费额，这样分散购买，将是最为经济省钱的方法。点滴心思家居“美丽大变身”热爱生活就必然热爱家。“超长版”的国庆中秋长假即将到来，在数天时间里，您只需要稍微花点心思就可让心爱的家焕然一新了。“如今的装修装饰行业越来越注重装饰了。”方纬装饰江门分公司的刘晓宏总设计师介绍说，家居装饰主要分色彩、装饰品、家居搭配三个方面。首先是家居色彩方面，不少普通市民对色彩都不敏感，除了咨询色彩顾问或专业装饰公司人员之外，大致可以把握一条基本原则：简单基本色彩，白色加上自己“心水”颜色。通常而言，色彩不要过多，根据自己对时尚了解、品位等各种因素做出选择，颜色不要过多，适当点缀就可达到效果。其次是装饰品方面。一盆精致盆栽、一盏精美的水晶灯、一幅优美的风景画等等这些饰品，市民将其置放在客厅、房间、床头等位置，都会有赏心悦目的感觉。每位市民可根据自身喜好，或简约或奢华购买装饰品。再次是家居搭配方面。根据全屋装修风格而定，无论是欧式、中式、现代、罗马、泰式等等，或是混搭，效果都非常不错。经常在国外生活的人则非常喜欢欧式；而40~50岁的具有较高的中国传统文化素养的人则喜欢中式风格，如山水、园林、国画等形式。除了上述三个方面大原则以外，刘晓宏还向本报记者介绍了针对客厅、卧室等重点部位具体变化措施。如一进大门就能清楚看见的客厅，可更换电视机背景墙、贴墙纸，张贴装饰画、拼凑装饰柜、DIY调制“心水”油漆、喷涂电脑画等。而客厅沙发后面的墙壁，生活时尚人士可贴些墙纸，浪漫的玫瑰花、生机盎然的树木、坚韧不拔的胡杨树等，霎时生活空间变得色彩炫目、活力四射。家是一个承载温情与记忆的地方，最能体现这一切的非照片墙莫属了，选择自己喜欢的颜色或壁纸作为照片墙的背景，接着选好各式各样的相框，放入照片，上墙即可。,3,4,0.4988349378108978
家具品牌未来越拼越少 价格越拼越底杨建伟：目前这个行业过亿的企业也不少，但是大家都在忙自己的摊。像家居行业，他们都是走到很热的程度才进行的并购，我们这个行业还没有到那个阶段。主持人：现在老百姓感觉家电行业的价格越来越走低，我们家具如果有一点也是那样，会不会往低端发展呢？孙守江：这个低是相对的低。在这个价位的，它也要往高了走。同样还有这样价位的，他们也要往低了走。因为商品世界，品牌是越拼越少，美国的汽车行业，150年，最后剩4家。前两天还有一个被政府给收了，现在只剩下了3家。就是品牌越拼越少，价格越拼越低。实际上企业的发展战略是因阶段来实施的。,3,4,0.5621963739395142
家具商签阴阳合同 家具材质欺诈被判退一赔一2年前，张先生花费5.5万元，为新居订购了一套柚木家具，不料家具送到后，却被内行鉴别为板材材质。维权过程中，家具商竟然拿出一份未标明家具材质的“阴阳合同”，试图否认其所售家具的相关承诺。日前，这起消费纠纷在普陀法院一审落槌，家具商和家具销售商场被判须向消费者按合同价“退一赔一”。 2007年初，张先生在本市“恒美家居”商场(化名，下同)为新居挑选家具。期间，商场内的“木怡家具”(化名，下同)的付小姐向他推荐了一款24件套的板材家具，并表示只要张先生看中它的款式，就可以按5.5万元的价格，为他用缅甸柚木定制成实木家具。张先生被说动了心，在向促销员反复确认定制家具的材料为缅甸柚木后，张先生签署了合同并支付了货款。几个月后，张先生邀请亲友到新居做客，那套刚刚送到的“柚木家具”，经一位懂行的朋友当场鉴别，竟全部系用中密度板材制成。 在之后要求家具商“退一赔一”的诉讼中，张先生拿出了一份由付小姐当时写给自己的《订(送)货单客存联》，上面注明了其订购家具的材质为“主料柚木，缅甸柚木，辅料中纤板”。但“木怡家具”在法庭上也拿出了一份《订(送)货单回单联》，上面的材质栏却是空白。“木怡家具”就此认为，由于两联内容不一致，附加的注明不是他们的承诺，加上付小姐已经辞职，况且家具没有发生质量问题，所以不存在欺诈行为。同为被告的“恒美家居”也提出，客存联上的字迹不排除是由张先生自己添加的，该商场既非家具的生产者，也不是销售者，故没有必要承担赔偿责任。 考虑到“阴阳合同”上的签注者身份对纠纷责任的认定至关重要，法院对两联《订(送)货单》做了笔迹鉴定，确认加注的字样与单据上的字样是同一人书写。法院以此认定，付小姐作为“木怡家具”的营业员，在买卖中行使了职务行为，公司应对她的行为承担责任。由她签注的《订(送)货单客存联》，应视为“木怡家具”对所售家具材质的要约，该公司保留的《订(送)货单回单联》上虽未标注家具材质，但不影响要约的成立。 法院最终判决，“木怡家具”有欺诈的故意和行为，应按照家具的合同货款向消费者“退一赔一”，“恒美家居”作为场地出租方，也应承担上述款项的连带支付责任。,3,4,0.4263879358768463
家具商贸之都铸诚信打造区域品牌绵延十公里的家具长廊记载了乐从诚信品牌建设的全过程，一家家诚信店林立在325国道乐从段，自去年8月乐从率先推进“集体诚信”品牌建设以来，共有604家企业加入了先行赔付承诺，筹集先行赔付基金达282万元。大批诚信企业的培育成就了“中国商贸之都”的实至名归。昨日，乐从为新添的160家加入诚信体系的企业授牌，并表彰了12家诚信先进集体及43名诚信先进个人。“诚信”不仅成为乐从商贸业自律的象征，它已经作为民间符号深入人心，成为乐从各行业各领域自律的区域准则。率先探索集体诚信建设在遵循自愿、平等、公平与诚信的原则下，乐从自去年8月起率先探索集体诚信品牌体系的建设。“一个地方发展好不好，诚信是事关营商环境的关键因素。”乐从镇党委书记麦连桐表示，“作为以商贸为主导的区域更是如此。”作为中国最大的商贸集散地，自古以来，童叟无欺、有诺必践早已成为乐从商户的传承，如今乐从拥有在全国乃至全球具有影响力的3大市场、钢铁工商企业1200多家、家具展销商3600多家、塑料商行500多家，在常住人口仅有98000人的乐从，工商注册商户高达17000多家，3大专业市场销售额549亿元。如此骄人成绩的取得，不得忽视“诚信”所奠定的基础。“乐从依靠的是企业家团结拼搏、开拓进取的精神，更关键的是企业家秉持文明诚信的经营理念。”乐从镇长岑树德表示。但发达的乐从商贸难免有人鱼目混珠，在市场买卖、合同、运输和售后服务等环节存在问题。如何给予消费者更大的信心呢?乐从党委政府在思考。先行赔付基金、“诚信店”认证、企业法律法规夜校和乐从诚信物流联盟等一个个新鲜词汇出现在政府部门的“辞典”里，乐从为打造乐从集体诚信品牌分“四步走”，逐步建立起政府引导、工商牵头、行业自律、企业参与的多元化出资的诚信品牌建设机制。先行赔付，从他律到自律以先行赔付承诺为基础，乐从“诚信店”、“诚信单位”、“诚信物流联盟”、“食品安全承诺单位”纷纷落地。自去年8月至今，共有167家企业被认定为诚信店，55家被认定为诚信单位，4家被认定为诚信物流联盟，94家被认定为食品安全承诺单位。昨日，新添的160家企业参与了授牌仪式。而集体诚信品牌建设的关键，不仅在于认证授牌。乐从集体诚信品牌建设中的一项重要的内容，就是创新建立起“先行赔付”基金和机制，规范了“自律”，更严格了“他律”。“由于建立了专门基金，确保了先行赔付机制的实效性、长久性，是充满生命力的机制。”顺德区工商行政管理局乐从分局局长张松林表示。据统计，目前共有604家企业加入了先行赔付承诺，其中有275家主动申请加盟先行赔付店，筹集赔付保证金额达282万元，事前监管的方式从根本上解决了品牌监管无后续之力。而自“先行赔付”机制建立以来，乐从消费投诉量下降了三成，家具投诉量也降低了50%。加入“诚信店”的单位中，实现了“零投诉”、“零赔付”，促进企业与工商户由他律到自律的提升。以诚信立身，打造区域品牌诚信是一张脸，写着企业的品德和操行。首批加入集体诚信品牌建设以来，欧浦钢铁物流交易中心就尝到了诚信交易的甜头。作为电子商贸及现代物流体系，每天在欧浦钢铁物流交易中心交易的钢铁货量在几十万吨上下，“如果没有诚信，外省、外国的客户凭什么愿意将货款打入我们的账户呢?”欧浦钢网副总经理黄锐焯表示，诚信是企业的立身之本，政府投入资源营造诚信的经商环境，事实上为商贸业注入了宝贵的活力与动力。乐从党委政府清晰了思路:什么资源都可以引进，唯有诚信无法引进。将诚信作为支撑地方经济社会持续发展的长远战略资源，乐从不断推进文明诚信的建设，进一步凸显3大专业市场的实力。另外，还将在其他行业其他领域持续培育诚信品牌，促进市场诚实不欺，全社会真诚无妄，使诚信成为乐从家具行业乃至乐从的无形资源。,3,4,0.5952799916267395
家具回购遭商家冷遇本报记者 杨国华报道“家具都是实木的，也没用几年，要搬新家所以想换新的家具，可原来的家具如果当废品卖掉太可惜了，问了很多卖场都不愿意折价回收和更换。”家住朝阳区的赵先生一边收拾新房一边向记者说。“目前北京市每年淘汰的旧家具多达100多万套，大部分旧家具回收主要依靠一些回收公司。”中国商业家居咨询网顾问、高级咨询师郭勇在接受《中国产经新闻》记者采访时表示，以旧换新或家具回收已经形成了广阔的市场，虽然市场很广阔但是商家都不愿意涉及，除了少量办公家具有回收或换购的业务外，针对民用家具回收和换购市场的正规商家几乎是空白。旧家具带来的烦恼赵先生最近忙着搬家，新房在一个颇有档次的高档小区。新房有了，略显传统的实木家具与装修时尚的新房有点格格不入。赵先生告诉记者，“现在的家具是2004年买的，用了没几年，我找了一些收旧家具的，上万块的家具他们给不到1000块钱，这样处理掉太可惜了。”无奈的赵先生找到了当初购买家具的销售商家。商家告诉赵先生，他们对家用家具没有回购业务，不过可以尝试跟厂商联系一下。但厂商却明确答复，生产商只负责生产，他们并不管销售和回收，也没有开展过这样的业务。与赵先生有同样遭遇的消费者不在少数。记者在温泉东里小区采访时巧遇刘先生正为旧家具和一家回收公司讨价还价。表情无奈的刘先生告诉记者，买这套沙发时花了3000多元，用了不到3年，卖给废品回收才折价125元钱。 随着居住水平和室内布局不断改善，消费者对家具进行重新购置和翻新的需求也不断增加，然而家具属于耐用消费品，尤其是一些实木家具和真皮沙发，工艺和质量都非常过硬，价格也不菲。市民在搬家或者需要更换家具时，并不愿意丢弃这些家具，但如果把这些家具卖给收废品的人，价值可谓一落千丈。扔了或者当废品卖又太可惜，换购、翻新或能够以合适的价格回收成为很多消费者的迫切需求。民用家具市场的空白样式完好的旧家具该怎么处理？记者在走访北京各大卖场后得知，目前北京市可以换购和回收民用家具的商家几乎没有。在红星美凯龙经营家具的吴英告诉记者，家具经销商一般没有此类的业务，据她了解，目前在北京还没听过哪个商家对民用家具给予换购或直接回收。对于原因，吴英认为，换购和回收利润太薄，很多商家都是一次性交易，无论换购或回收都不在售后服务范围之内。事实上，一方面，销售商无法提供服务，大多数的家具企业更没有以旧换新的业务；而另一方面，目前市场上存在的一些家具回收公司与翻新公司普遍存在着收费混乱、不正规、规模小等问题。北京市建龙家具设计有限公司副总经理汪晗告诉记者，“国内很多生产商大多是低端销售，叫得响的品牌并不多，指望这些企业再回收和换购几乎不可能。家具翻新的成本高、利润低，很多家具厂商不愿涉足。”“目前国内市场上还没有较为系统的家具回收机构，各主流家具品牌也因种种原因无法涉及回收或换购。”中国商业家居咨询网顾问、高级咨询师郭勇告诉记者，随着居民生活条件的提高，更换家具的频率会越来越大，目前的市场已经比较广阔，但相对于新家具的利润还有一定的差距，所以很多商家都不愿意涉及。目前除了一些商家针对办公家具有回收或换购的业务外，针对民用家具和换购的商家几乎是空白。,3,1,0.5695936679840088
家具租赁野蛮成长 消费方式利弊有待思考租赁业，是一个既古老又现代的行业。说它“古老”，因为它作为一种所有权与使用权相分离的资产投资和经营方式，已经存在了几千年。说它“现代”，因为它在上世纪50年代创造了租赁物购买选择权与付款义务权相分离的融资租赁交易形式。 甲：我现在急着用家具，但又没钱买。乙：去租一套！ 这正是现在市场中流行的家具租赁现象。租房、租车、租书、租设备早已不是什么新鲜事，如今租家具也火了起来。租赁业，是一个既古老又现代的行业。说它“古老”，因为它作为一种所有权与使用权相分离的资产投资和经营方式，已经存在了几千年。说它“现代”，因为它在上世纪50年代创造了租赁物购买选择权与付款义务权相分离的融资租赁交易形式。家具租赁业兴起租家具的优点 一、缓解经济压力。比如在市场中买一套沙发，需要几千元到几万元，而租用一套的话是几百元，可以缓解一时的经济压力，对周转资金有一定的好处。现在有好多人在急用又没有钱的时候就选择租一套家具，等资金回笼了，可以再买。 二、避免过时。可以经常更新家具样式，比自己购买更经济实惠。两年后，新鲜感过去，家具也用旧了，就还给公司再租一套，又是全新的。 租家具的弊端一、易产生纠纷。既然是租就有归还之日，届时如何界定租赁商品是正常损耗还是功能损害？若要赔付，应该怎样赔？在损害赔偿方面标准不完备，有可能因此产生纠纷。 二、押金令人犹豫。譬如说一台市场价7500元的某国产名牌液晶42英寸彩电一年租金仅为1700元，但要提前交定价为4800元的押金，消费者心里自然不平衡。 现代租赁业在发达国家被誉为“朝阳产业”，它既是与银行信贷、证券并驾齐驱的三大金融工具之一，又是商品流通的主要渠道，在国民经济和市场体系中扮演了重要角色。我国目前正处于内需不足、市场不畅、生产过剩、积压严重的供求状况下，原有的销售渠道已远远不能适应市场流通的需要，营销方式的改革已到了刻不容缓的地步，但如何在家具业发展租赁业，也需一个磨合规范的过程。但是现在经济比较紧俏的时候，兴起了租赁业，势必会对家具的买卖造成影响，一部分消费者会因为资金一时紧张，而选择租赁，放弃购买。买卖和租赁如何能驾驭好市场行情，就要看两者的协调力和市场需求情况了。对于需要者来说，是租是买，就要看哪种方式对自己最合适了，仁者见仁智者见智。,3,1,0.42205750942230225
家具设计人才缺口大 全国估计需要10万人“我国企业最少需要10万名设计人员，而现在全国高校与家具相关专业一年能培养的毕业生还不到2000人，人才缺口相当大。”11月12日，在南京林业大学举行的首届“太兴家具班”开班仪式上，有关专家呼吁加大家具设计人员的培养力度。南林大家具与工业设计学院院长吴智慧教授介绍，近年来，国内家具行业的销售额以每年30%的速度递增，而与量的增长不相适应的，是质的飞跃还未到来。在这过程中，亟需大量具有现代观念的技术人才。全国5万家家具生产企业，以每家至少2名设计人员计算，也需要10万名设计人员，而现在全国相关院校培养规模远远不能满足需求。像南林大家具与工业设计学院明年的毕业生，早在今年6月份就有企业来抢了。广东省中山市某家具公司专业生产高级红木家具，公司李兴畅总经理坦言，红木家具式样普遍比较保守，而且大多以模仿为主，要获得持续发展及与国外企业竞争，必须不断有新创意，形成自己的风格。但全部设计人员只有不到100人。太兴家具此次与南林大合作开办“家具班”，就是看好南林大作为国内最早培养家具设计人才的院校，就是为了提前“锁定”该校毕业生，推动企业产品升级换代。,3,5,0.5023110508918762
家居企业看好京郊市场潜力 强力发力郊区家具市场在年底市场相继沉寂的时候，强力家具却是动作连连。先是以400万元中标交通台的广告，近日又相继在怀柔和石景山开出了自己的专卖店，大力开拓着京郊家具市场。11月29日，强力家居广场鲁谷店正式开业。这家拥有1000平方米的专卖店具有强力的板式、实木、儿童、沙发、床垫和软床等全系列产品。就在一个多星期之前，强力曾在怀柔青春路上的政君家居广场二楼以一整层3000多平方米的面积开出一家专卖店。至此，强力的专卖店已达8家，除石景山鲁谷店和怀柔店外，还有通州区梨园店、通州区运乔店、昌平店、平安聚源店、燕郊店和河北涿州店。这些专卖店所有店面全部统一形象、统一设计、统一装修，面积从1000多平方米到7000多平方米不等，主要销售强力系列家具。即使是如此之快的发展速度，强力家具有限公司董事长张福才仍表示还不够。他称强力的开店速度仍将继续，计划到2010年底，专卖店数量将由现在的8家开到20家。除此之外，在家具卖场中的展位将开到100家。与其他的家具品牌相比，要么只在卖场设置展位，如意风、百强等，要么只设专卖店，如曲美家具。强力既有卖场展位又设有自己的专卖店，在业内算是一种创新。对此，张福才笑称现在要“两条腿走路”：“在卖场里能销售100万，专卖店也能销售100万啊，何乐而不为呢？”他表示，现在郊区居民的消费水平大大提高，对品牌家具的需求增加，而且郊区的专卖店店面租金等成本低，单体面积也大，品种齐全。对于拥有板式家具、实木家具、沙发、床垫、软床等产品生产线齐全的强力家具而言，专卖店既能展示品牌形象和特点，又能方便郊区消费者就近购买家具。张福才认为随着房地产市场销售的升温、城市化进程的逐步加快和社区服务理念的形成，郊区市场将成为家具品牌企业的必争之地。而他希望强力能凭借这两年的发力，抢占先机，重现当年辉煌。,3,4,0.5258338451385498
家居卖场传统型业态转型 大型卖场优势凸显近日，记者从中山目前最大型的家居建材卖场——富逸装饰广场了解到，为了适应中山家居市场的新形式，卖场将在近期全面推出“商业升级”方案，“品牌升级、规划升级、服务升级”等一系列升级工程，全面引发了一场中山家居卖场经营业态转型新思考，这从一个方面反映出，作为销售终端的家居卖场，正面临着前所未有的模式突破、管理理念变革和营销方式的创新考验。 中山家居行业面临新考验 “市场在变，我们也在变！”富逸装饰广场营销策划经理冷冕告诉记者。2008年对于整个家装行业来说，将是很有意思的一年，整个行业正在发生着巨大的变化，有关数据显示，自2002年始，全国范围内家居卖场的面积每年在以23%甚至更高的比例快速增长扩张。房地产上游行业的改变直接决定了作为下游产业的家装行业的变化，首先体现在消费形式的改变。 目前精装房大量充斥着房地产市场，精装房大量在中山房地产市场上流行，且得到了许多买家的认可。冷经理表示，中山精装房市场多以中小户型为主，让业主能够既省时又省力，且这种方式还可以大量节约建筑成本避免浪费，国家相关政策也非常支持精装房交楼。这意味着交易形式发生了变化，从之前的零散销售到现在的集体采购形式，而交易形式的变化又将促使家居卖场经营模式谋新求变。 大型卖场优势凸显 冷经理表示，这种新形式对于作为下游产业的家居卖场来说，其实是一个意外的惊喜，这意味着未来家居市场空间将更加广阔，尤其相对于传统商铺零售业态来说，中山大型品牌家居建材卖场的优势就更加明显。 首先豪宅的家居消费对于大品牌大卖场的需求是不变的，而集装化采购形式出现后，原来的散户集中起来，以一个整体的形式集中采购建材家居，这种形式也会对品牌信誉等有较高的要求，散户经营着由于缺乏相应的品牌保障而被集装采购方筛选出局，而有规划有管理的大型家居卖场则是其首选。 当然也有一部分采购商会直接跟建材厂家联系，但是为了照顾各地经销代理商的利益，厂家一般也会将这部分利润让出，而集各品牌于一起的大型家居卖场的优势也就凸显出来。 顺应市场变化潮流 虽然家居卖场的优势较传统散户有很大优势，但是由于竞争激烈，卖场经营不善等原因，许多进驻卖场的商家也存在着许多危机。某家具卖场一品牌家具销售人员介绍说，厂家租赁场地费用高风险很大，在卖场培育初期，销售一般不好，如果厂家或经销商出现资金问题，销售风险就很大。在这种形式下，卖场经营管理者的能力就显得尤为重要。冷经理表示，一个好的家居卖场应当站在市场的前沿，顺应市场形式的变化，不断提升自身的能力，充分发挥卖场整体的品牌效应，并适时调整方针策略以顺应市场形式的变化。富逸装饰广场作为中山目前最大的家居卖场，这三年来积极将专业市场做强做大，大量中高档品牌进驻满足了本地的高端家居需求，而现在更是伺机某变而求跟上市场变化的脚步。 传统型业态面临转型 在一些装饰城、新兴装饰材料市场，记者看到一种普遍现象，大、中、小品牌混合在一起，知名品牌效应无法凸显。据商家介绍，在传统市场商圈内，更希望自己设立专卖店，就是想避开品牌混合的情况，同时自主经营资金回笼快，风险小。 目前各类家居建材卖场层出不穷，现在面临的一个难题是，如何搭建一个让品牌厂家和商家能够低风险经营，且可持续发展的销售平台，同时又让终端消费者拥有省去采购成本的集约化服务大卖场。业内人士认为，传统型业态面临转型。多年经营家居卖场的钟先生认为，家居业终端国际性大品牌缺乏，行业整体知名度和形象较弱，地域限制性成为瓶颈。 “要突破可持续发展的瓶颈，首先也就是要打破这种经营模式。”富逸装饰广场冷经理表示，此次广场升级也是基于这个考虑，才推出商业升级计划，升级后的卖场区域划分更细，产品明细，满足差异化的需求，消费流线更清晰。同时对商家商业气氛的营造，对消费者权益保障，加强商家的经营理念，加强各行业的合作，整合各方优势。 五一家居市场行情看好 尽管目前房地产行业处于低迷时期，但是今年五一中山家居市场仍然会非常热闹。冷经理表示，房地产业对家居行业内的影响存在着一定的滞后性，也就是说，今年楼市的低迷会影响的是明年的家居行业，而影响今年家居行业的是去年的楼市行情。 众所周知，去年楼市火爆成交量非常巨大，而根据其工程进度来说，2007年销售的楼盘在2008年交楼的非常多，这直接影响到今年家居行业的兴旺。而且，今年又是五一从7天缩短为3天的第一个小黄金周，利用假期外出旅游的人群可能大幅减少，留守本土消费的热潮反而有可能集中释放。所以可以预见，今年五一家居市场将不会冷清。,3,4,0.5095207691192627
家居卖场传统型业态面临转型 卖场优势凸显从最初的马路市场、摊位市场，到今天吸收超市、百货的优点，创造出本土适应性更强的“精品建材超市”、“一站式家居购物模式”等多种商业业态新模式，郑州的家居业正从同业单一竞争，逐步发展为多业态、多领域的多项竞争。扩张市场成倍扩张行业初步洗牌那时西建材刚开业，沙口路有一个不成规模的建材聚集地。相比较而言，在一个鱼塘上面开工建设的东建材面积算是比较大的。第一批入驻东建材的商户不会想到，十几年后这里会成为商业气氛仅次于“二七商圈”的核心家居商圈。那时装修风刚刚从沿海城市刮到郑州，一些做建材生意的店铺随之越来越多，很多经营者都是单独经营一个小铺面，对“入伙”东建材并不热衷。2年后，这些抱着试试看的心理入伙东建材的品牌经营者很快尝到了甜头，107国道的交通优势，以及市场的规范运营，1997年开始，东建材开始兴起。随着家居行业突飞猛进的发展，2003年开始，郑州市建材市场风云突变。据不完全统计，当时经过郑州市立项或经过论证的建材市场项目就达10个。首先，来自北区的天荣建材港被当时的业界称为一匹“黑马”，随后中国·郑州白沙建材工业园区又在郑州安营扎寨，当时业内盛传该项目的潜在规模“比天荣还大许多”。2005年，酝酿多时的南方香江·郑东建材家居城也正式在郑东新区亮相。其野心更大：建成后要成为以郑州为中心辐射整个中原地区的“国际化的商贸物流批发基地”……每位新来者几乎遵循着同样的步骤，为了充分吸引商家和消费者的眼球，照例是铺天盖地的广告，气势宏大的扩张计划。突然拥入的家居建材市场不仅挤压掉了家居行业的高额利润，也不断搅动着建材经营者的心。“摆在早期郑州建材市场面前的问题，除了吸引消费者，更重要的是如何争夺商户。”曾有业内人士这样表示，据粗略统计，当时郑州建材商户总数在几千家左右。按照专业推算，1000多亩的规模就能“消化掉”所有的商户，但扎堆出现的多达几倍甚至十几倍的市场盘量，势必产生“僧多粥少”的格局，造成了一部分传统市场招商不利，大大制约了该市场的整体发展。品牌效应有限、位置不佳或周边市场不成熟的卖场逐渐被“边缘化”，市场经历了一次初步洗牌。尝试建材超市 水土不服的舶来品市场的残酷让亢奋一时的传统家居建材市场暂时冷却。如果想在郑州的家居建材市场占据一席之地，硬件的创新还不是最重要的，最重要的是业态和管理上的创新。这个时候，建材超市受到了很多人的关注。建材超市属于舶来品，其突出的优势在于通过集中采购和统一管理，确保经销产品的质量和价格实惠，再加上将装修材料的购买和装修一体化运作，能给消费者带来方便快捷的服务。自其登陆郑州后，郑州建材业有关超市与摊位制，有关“哪种业态方式更好”、“谁取代谁”的争论就没有平息过。因为建材超市有传统卖场不可比拟的优势：“第一是质量保证，超市拥有自己完整的组织体系和完整的质量检测体系；超市提倡一站式购齐，装修的所有材料都可以在超市买全；超市可提供装修、设计、施工、监理等一站式服务。”所以不少业内人士曾预测，建材超市将对传统卖场造成巨大冲击。2003年10月，郑州诞生了首家建材超市——新家园建材超市，拉开了中原建材市场新型业态变革的帷幕。2007年，郑州家得宝连同国内六大城市12家分店同时正式开业。然而建材超市在郑州乃至中国的发展并没有想象中的顺风顺水，建材超市全球采购的优势，在中国也没得到发挥。“目前超市的供货商中有不少都是区域代理商，这些代理商通常都在传统市场设有门店，为了保证在传统市场的利益，他们供给超市的产品，多是该品牌的二、三线产品，在供价方面，超市也占不到便宜，大规模采购的优势难以体现。”一位木地板品牌的代理商介绍。还有消费者质疑：“在建材超市很难找到和别的建材市场一样的商品。没有比较，建材超市如何保证自己的价格最低？”针对建材超市暴露出的短处，一家建材超市的负责人也表示将会在今后积极做出调整。比如在提升服务档次上下工夫。“丰富服务形式，多做一些特色营销，真正为消费者谋取福利，告知消费者建材超市的实惠所在。并且多采购一些拳头产品，进一步发挥超市的价格优势。”巨头空降郑汴商圈生机萌动“如果没有近两年红星·美凯龙、居然之家、好百年等全国性连锁家居卖场的相继进入，郑汴路商圈不会那么迅速地成熟。”一位业内人士分析说，虽然郑汴路沿线的家居建材生意一直十分红火，是中原名副其实的建材产品集散地。但是这些巨头进入之后，真正高端的家居建材市场格局才真正形成。随着郑东新区的快速崛起，以及大郑东新区概念的提出，郑汴商圈的区位优势越来越凸显。好百年家居CEO艾孝曾表示：“选择郑汴路作为郑州店面的店址，是经过好百年充分论证的，郑州目前还没有高端家居建材商圈，好百年入驻之前，已经有红星·美凯龙、居然之家的入驻，所以郑汴路有形成这种商圈的潜力，这需要我们大家共同来培育。”红星·美凯龙、居然之家、好百年的相继入驻郑州，不仅带来了国际国内高端家居建材产品，还带来了新颖的运营模式。在业内人士看来，居然之家是中国的家居建材市场当中商业模式建立最完整，传播最好的。2001年，因率先提出“现行赔付”理念，居然之家率先在北京家居建材界打出了名声。随后，2002年，居然之家正式提出打造“家居购物中心”，即家居SHOPPINGMALL的经营理念，超越传统摊位制市场，开辟品牌专卖店，并融入了五金涂料超市。凭借此举，居然之家一改传统摊位制卖场杂乱差的形象，并一举超越建材超市的发展势头。“我们虽然是摊位制市场，但我们打造的是商场。”怀揣这个想法，居然之家又首创建材市场统一收银的先例，率先实现了“市场商场化管理”。“统一收银”直接的好处便是消费者可以像到商场买服装一样直接刷卡付款，极大简化了购物过程，方便了消费者，随之而来，就是卖场生意的红火。在居然之家率先开始“统一收银”后，北京其他家居卖场纷纷跟进，北京现在上点档次的卖场基本上都实现了“统一收银”，可以说居然之家的带头作用功不可没。而好百年郑东店则是把好百年的三种业态：好百年家居品牌家具馆、e购时尚家居、好百年办公首次融于一体。好百年家居郑东店负一层是专门为办公一族设置的好百年办公家居商场，小到回形针、订书机等办公用品，大到办公家具、设备应有尽有；1、2层是为中高端客户安排的好百年名品家具馆，同时在家具馆还按风格分设“国际名牌沙发馆”、“欧美古典馆”、“青少年家具馆”、“国际睡眠馆”等专区；3、4层为好百年家居e购体验中心及休闲咖啡厅。面向以80后为主的时尚青年消费一族、都市精英等多个层面的消费群体，多种业态完美共存，各个阶层各取所需，这种多风格的经营路线，使得好百年从一开业就吸引了大量的人气。洗牌加剧本土家居建材升级改造早期的本土家居建材市场，比如东建材、北建材、凤凰名优建材城、中博家具中心等一般都是摊位式的招商制市场。摊位制作为传统建材的市场经营业态，涵盖了所有中、下游的家具建材品牌，各品牌经销商在市场内通过十几平方米或几十平方米的店面，直销或代理某一品牌。摊位制市场最集中的优势就是为消费者提供了一个集中的购物场所，有一对一灵活的交易形式、价格体系机动等优势，因此，这种本土化的经营模式一度成为市场主流。然而随着市场的发展，摊位式市场与商场、超市等现代化的商业业态相比，购物环境简陋、售后服务欠缺等弊端开始显现。而且大部分老市场经营瓷砖、卫浴、橱柜等产品的店面没有明显的区域划分，消费者逛起来购物路线有点杂乱无章。什么样的家居业态才能赢得最后的生存权？目前尚无定论。但面对过度膨胀的卖场面积，日趋同质化的商场定位、布局以及运营模式。郑州本土的家居市场亟须再升级产业模式，尝试新的经营方法与竞争策略来抢占或坚守份额，适应主要客户群体消费习惯的变化、更挑剔的眼光，已是不争的事实。而一些有先见之明的市场比如凤凰名优建材城、中博家具中心也已经意识到这个问题，开始了升级改造。今年五一期间，凤凰名优建材城一期北城新落成的18万平方米大卖场正式开张营业，而目前，凤凰城南城主体结构已封顶，预计明年1月份试营业。凤凰城南城在北城的基础上，又有新突破，南城总营业面积达20万平方米，商场共分为六层，经营业种囊括20多个业种。凤凰城南城、凤凰城北城共计38万平方米的综合性建材家居超级商业中心的开发，真正实现了“建材家居、一站购齐，商场化管理、市场化经营”体验式消费的现代商业经营模式。继今年9月份，中博将推出22栋连体别墅式国际家具名店街后，日前中博家具中心也确定了总投资金额高达一亿元人民币的升级换代工程，工程分阶段、分步骤实施，不仅从外观上让中博各商场发生翻天覆地的变化，而且从外部的步行街、内部的空调到直达观光电梯的配置安装将让中博的购物环境出现质的飞跃。“中博家具中心的硬件改造只是未来战略转型的第一步，真正的布局是要全面改善中博家具中心的商户结构。”中博家具中心负责人表示，我们不仅要保持传统的中低端家具产品物美价廉的垄断优势，我们还要积极吸引品牌响亮、工艺精湛的中高端家具厂商入场经营。为此，升级改造中的重点规划就是中博名店街的扩大工程。期待让消费者享受更人性化的配套服务多元化、复合型的家居商业业态的出现，给消费者带来的好处是不言而喻的。“首先是家居市场更人性化的配套设施。”据记者调查，目前郑州的众多家居商场，硬件环境上虽然得到大幅提升，但软性服务仍处于初级阶段，交通并不十分便捷，商场内导购服务人员少，消费者休憩的地方少，餐饮配套也没跟上，更别说相关娱乐设施的配备了。对大多数消费者来说，逛家居市场仍是个痛苦的差事。,3,4,0.638493537902832
家居卖场传统型业态面临转型大型卖场优势凸显从最初的马路市场、摊位市场，到今天吸收超市、百货的优点，创造出本土适应性更强的“精品建材超市”、“一站式家居购物模式”等多种商业业态新模式，郑州的家居业正从同业单一竞争，逐步发展为多业态、多领域的多项竞争。扩张市场成倍扩张 行业初步洗牌把时间倒退到14年前。东建材即将开业。那时西建材刚开业，沙口路有一个不成规模的建材聚集地。相比较而言，在一个鱼塘上面开工建设的东建材面积算是比较大的。第一批入驻东建材的商户不会想到，十几年后这里会成为商业气氛仅次于“二七商圈”的核心家居商圈。那时装修风刚刚从沿海城市刮到郑州，一些做建材生意的店铺随之越来越多，很多经营者都是单独经营一个小铺面，对“入伙”东建材并不热衷。2年后，这些抱着试试看的心理入伙东建材的品牌经营者很快尝到了甜头，107国道的交通优势，以及市场的规范运营，1997年开始，东建材开始兴起。随着家居行业突飞猛进的发展，2003年开始，郑州市建材市场风云突变。据不完全统计，当时经过郑州市立项或经过论证的建材市场项目就达10个。首先，来自北区的天荣建材港被当时的业界称为一匹“黑马”，随后中国·郑州白沙建材工业园区又在郑州安营扎寨，当时业内盛传该项目的潜在规模“比天荣还大许多”。2005年，酝酿多时的南方香江·郑东建材家居城也正式在郑东新区亮相。其野心更大：建成后要成为以郑州为中心辐射整个中原地区的“国际化的商贸物流批发基地”……每位新来者几乎遵循着同样的步骤，为了充分吸引商家和消费者的眼球，照例是铺天盖地的广告，气势宏大的扩张计划。突然拥入的家居建材市场不仅挤压掉了家居行业的高额利润，也不断搅动着建材经营者的心。“摆在早期郑州建材市场面前的问题，除了吸引消费者，更重要的是如何争夺商户。”曾有业内人士这样表示，据粗略统计，当时郑州建材商户总数在几千家左右。按照专业推算，1000多亩的规模就能“消化掉”所有的商户，但扎堆出现的多达几倍甚至十几倍的市场盘量，势必产生“僧多粥少”的格局，造成了一部分传统市场招商不利，大大制约了该市场的整体发展。品牌效应有限、位置不佳或周边市场不成熟的卖场逐渐被“边缘化”，市场经历了一次初步洗牌。尝试建材超市 水土不服的舶来品市场的残酷让亢奋一时的传统家居建材市场暂时冷却。如果想在郑州的家居建材市场占据一席之地，硬件的创新还不是最重要的，最重要的是业态和管理上的创新。这个时候，建材超市受到了很多人的关注。建材超市属于舶来品，其突出的优势在于通过集中采购和统一管理，确保经销产品的质量和价格实惠，再加上将装修材料的购买和装修一体化运作，能给消费者带来方便快捷的服务。自其登陆郑州后，郑州建材业有关超市与摊位制，有关“哪种业态方式更好”、“谁取代谁”的争论就没有平息过。因为建材超市有传统卖场不可比拟的优势：“第一是质量保证，超市拥有自己完整的组织体系和完整的质量检测体系；超市提倡一站式购齐，装修的所有材料都可以在超市买全；超市可提供装修、设计、施工、监理等一站式服务。”所以不少业内人士曾预测，建材超市将对传统卖场造成巨大冲击。2003年10月，郑州诞生了首家建材超市——新家园建材超市，拉开了中原建材市场新型业态变革的帷幕。2007年，郑州家得宝连同国内六大城市12家分店同时正式开业。然而建材超市在郑州乃至中国的发展并没有想象中的顺风顺水，建材超市全球采购的优势，在中国也没得到发挥。“目前超市的供货商中有不少都是区域代理商，这些代理商通常都在传统市场设有门店，为了保证在传统市场的利益，他们供给超市的产品，多是该品牌的二、三线产品，在供价方面，超市也占不到便宜，大规模采购的优势难以体现。”一位木地板品牌的代理商介绍。还有消费者质疑：“在建材超市很难找到和别的建材市场一样的商品。没有比较，建材超市如何保证自己的价格最低？”针对建材超市暴露出的短处，一家建材超市的负责人也表示将会在今后积极做出调整。比如在提升服务档次上下工夫。“丰富服务形式，多做一些特色营销，真正为消费者谋取福利，告知消费者建材超市的实惠所在。并且多采购一些拳头产品，进一步发挥超市的价格优势。”巨头空降郑汴商圈生机萌动“如果没有近两年红星·美凯龙、居然之家、好百年等全国性连锁家居卖场的相继进入，郑汴路商圈不会那么迅速地成熟。”一位业内人士分析说，虽然郑汴路沿线的家居建材生意一直十分红火，是中原名副其实的建材产品集散地。但是这些巨头进入之后，真正高端的家居建材市场格局才真正形成。随着郑东新区的快速崛起，以及大郑东新区概念的提出，郑汴商圈的区位优势越来越凸显。好百年家居CEO艾孝曾表示：“选择郑汴路作为郑州店面的店址，是经过好百年充分论证的，郑州目前还没有高端家居建材商圈，好百年入驻之前，已经有红星·美凯龙、居然之家的入驻，所以郑汴路有形成这种商圈的潜力，这需要我们大家共同来培育。”红星·美凯龙、居然之家、好百年的相继入驻郑州，不仅带来了国际国内高端家居建材产品，还带来了新颖的运营模式。在业内人士看来，居然之家是中国的家居建材市场当中商业模式建立最完整，传播最好的。2001年，因率先提出“现行赔付”理念，居然之家率先在北京家居建材界打出了名声。随后，2002年，居然之家正式提出打造“家居购物中心”，即家居SHOPPINGMALL的经营理念，超越传统摊位制市场，开辟品牌专卖店，并融入了五金涂料超市。凭借此举，居然之家一改传统摊位制卖场杂乱差的形象，并一举超越建材超市的发展势头。“我们虽然是摊位制市场，但我们打造的是商场。”怀揣这个想法，居然之家又首创建材市场统一收银的先例，率先实现了“市场商场化管理”。“统一收银”直接的好处便是消费者可以像到商场买服装一样直接刷卡付款，极大简化了购物过程，方便了消费者，随之而来，就是卖场生意的红火。在居然之家率先开始“统一收银”后，北京其他家居卖场纷纷跟进，北京现在上点档次的卖场基本上都实现了“统一收银”，可以说居然之家的带头作用功不可没。而好百年郑东店则是把好百年的三种业态：好百年家居品牌家具馆、e购时尚家居、好百年办公首次融于一体。好百年家居郑东店负一层是专门为办公一族设置的好百年办公家居商场，小到回形针、订书机等办公用品，大到办公家具、设备应有尽有；1、2层是为中高端客户安排的好百年名品家具馆，同时在家具馆还按风格分设“国际名牌沙发馆”、“欧美古典馆”、“青少年家具馆”、“国际睡眠馆”等专区；3、4层为好百年家居e购体验中心及休闲咖啡厅。面向以80后为主的时尚青年消费一族、都市精英等多个层面的消费群体，多种业态完美共存，各个阶层各取所需，这种多风格的经营路线，使得好百年从一开业就吸引了大量的人气。洗牌加剧本土家居建材升级改造早期的本土家居建材市场，比如东建材、北建材、凤凰名优建材城、中博家具中心等一般都是摊位式的招商制市场。摊位制作为传统建材的市场经营业态，涵盖了所有中、下游的家具建材品牌，各品牌经销商在市场内通过十几平方米或几十平方米的店面，直销或代理某一品牌。摊位制市场最集中的优势就是为消费者提供了一个集中的购物场所，有一对一灵活的交易形式、价格体系机动等优势，因此，这种本土化的经营模式一度成为市场主流。然而随着市场的发展，摊位式市场与商场、超市等现代化的商业业态相比，购物环境简陋、售后服务欠缺等弊端开始显现。而且大部分老市场经营瓷砖、卫浴、橱柜等产品的店面没有明显的区域划分，消费者逛起来购物路线有点杂乱无章。什么样的家居业态才能赢得最后的生存权？目前尚无定论。但面对过度膨胀的卖场面积，日趋同质化的商场定位、布局以及运营模式。郑州本土的家居市场亟须再升级产业模式，尝试新的经营方法与竞争策略来抢占或坚守份额，适应主要客户群体消费习惯的变化、更挑剔的眼光，已是不争的事实。而一些有先见之明的市场比如凤凰名优建材城、中博家具中心也已经意识到这个问题，开始了升级改造。今年五一期间，凤凰名优建材城一期北城新落成的18万平方米大卖场正式开张营业，而目前，凤凰城南城主体结构已封顶，预计明年1月份试营业。凤凰城南城在北城的基础上，又有新突破，南城总营业面积达20万平方米，商场共分为六层，经营业种囊括20多个业种。凤凰城南城、凤凰城北城共计38万平方米的综合性建材家居超级商业中心的开发，真正实现了“建材家居、一站购齐，商场化管理、市场化经营”体验式消费的现代商业经营模式。继今年9月份，中博将推出22栋连体别墅式国际家具名店街后，日前中博家具中心也确定了总投资金额高达一亿元人民币的升级换代工程，工程分阶段、分步骤实施，不仅从外观上让中博各商场发生翻天覆地的变化，而且从外部的步行街、内部的空调到直达观光电梯的配置安装将让中博的购物环境出现质的飞跃。“中博家具中心的硬件改造只是未来战略转型的第一步，真正的布局是要全面改善中博家具中心的商户结构。”中博家具中心负责人表示，我们不仅要保持传统的中低端家具产品物美价廉的垄断优势，我们还要积极吸引品牌响亮、工艺精湛的中高端家具厂商入场经营。为此，升级改造中的重点规划就是中博名店街的扩大工程。期待让消费者享受更人性化的配套服务多元化、复合型的家居商业业态的出现，给消费者带来的好处是不言而喻的。“首先是家居市场更人性化的配套设施。”据记者调查，目前郑州的众多家居商场，硬件环境上虽然得到大幅提升，但软性服务仍处于初级阶段，交通并不十分便捷，商场内导购服务人员少，消费者休憩的地方少，餐饮配套也没跟上，更别说相关娱乐设施的配备了。对大多数消费者来说，逛家居市场仍是个痛苦的差事。,3,4,0.7403754591941833
家居卖场包机南下建材工厂 70消费者签单600万红星美凯龙组织的“包机工厂集采”日前落下帷幕，70余名北京消费者飞赴广东进行了3天大规模采购。除此之外，不同形式的团购集采活动在北京的家居市场也经常上演。花样繁多的团购到底能不能让消费者享受到更低的折扣，消费者的力量会不会因为团购而变得更加强大？11月2日，70余名参加红星美凯龙“包机工厂集采”的消费者从广东回到了北京，大包小包的礼品以及口袋里的建材、家具订单让很多消费者对此前三天的购物之旅感到满意。比北京的价格更低，可以近距离参观工厂，以及全部免费的三天吃住行，是吸引消费者参加此次团购的重要原因。以卖场的身份整合一些家具建材品牌，并组织消费者异地集体采购，家居行业又做出了一次新尝试，这种新的营销模式我们该如何解读。国庆促销后，再现低价诱惑10月31日，广东中山，朗斯淋浴房的厂区办公楼内，70余名来自北京的消费者正在和朗斯的销售人员进行深度“还价”，“7.5折，这个折扣比北京国庆期间的折扣也便宜不了多少。”“我们平时很少打折的，国庆期间属于特惠，这次的团购折扣已经是超低价了。”“我们大老远从北京赶来，好歹再多让点利吧”。15分钟后，7折的消息传来，采购团迅速下单。10月30日至11月2日，红星美凯龙组织的“包机工厂集采”活动正式成行，70余名北京消费者在三天时间内，先后抵达百兰床垫、朗斯淋浴房、L&D瓷砖、耀邦家具、金富雅家具、箭牌卫浴6家企业的工厂或旗舰展厅，进行集体采购，比北京市场低20%以上的团购价，让很多消费者直接下单。“这次组团的目的就是为了让消费者能直接享受到更低的价格。”陪同购物的红星美凯龙东四环店店长焦富征说，在这次的团购中，很多企业都亮出了颇有诚意的低折扣，百兰床垫的5.5折、L&D瓷砖的4折甚至3折，箭牌卫浴的5折等等，都让消费者感到价格不错。“厂家针对团购的标价我仔细研究过，大部分是和北京的标价是一致的，这次的折扣也是真实的。”很多消费者对此次团购所享受到的折扣真实性并不怀疑，“这个价钱，确实比国庆期间的促销更实惠，而且这里的产品更丰富，特价产品也不少，百兰的床垫，便宜的才两三千元，厂家还送了记忆枕。”一位姓姚的消费者说。较低的折扣让消费者在团购中下单踊跃，“此次包机工厂采购成交额达到了600万，这远远超过了我们的预期。”红星美凯龙京沪&西南区副总经理吴幼宁给出了这样的数据。低价之外，在乎品牌推广较低的折扣让消费者得到了满足，而工厂体验，则让消费者对团购中的品牌有了直接的感受。“以前对朗斯这个品牌不是特别了解，这次参观了他们的车间，肯定对这个品牌的印象更深了。”一位姓周的消费者告诉记者。参与这次团购的品牌看重的正是这样的品牌意识。L&D瓷砖北京事业部经理王伟告诉记者：“因为这次采购团不是只针对瓷砖的，如果单看签单量，可能并不是特别理想，但我们更看重活动对品牌的推动作用。”百兰床垫的总经理黄水田也对记者表示：“未来一两年，将是百兰床垫在北京大力拓展的时期，这个时候，让部分消费者来参观我们的总部，他们的口口相传将会产生很大的品牌效应。”“我们这次选择的一些品牌有些是成长迅速的家具品牌，这次带消费者来采购，除了低价，当然也要让消费者看看红星美凯龙所选择品牌的成熟性以及可靠性，这个方面，卖场和品牌是双赢的。”焦富征告诉记者。一种新模式的尝试在竞争激烈的家居市场，各种形式的促销已经进入“酣战”阶段，团购、总裁签售等形式赚足了人们的眼球，但这次的“包机工厂集采”能否成为一种新的家居消费模式。著名品牌营销专家李光斗分析说，这种包机工厂采购的活动是一个营销创新，这种既拥有购物体验优势，又能让消费者“占到便宜”的营销手段则能够起到不错的作用。“包机工厂采购，我个人认为这仅仅只是一个营销手段而已，也只有少数的消费者能享受到一定的优惠。这种工厂模式不能作为一种常态存在，偶尔一次还是可以的。”东方家园家居广场副总经理殷玉新并没有持完全肯定的态度。王伟也告诉记者，如果以后红星美凯龙还组织这样的集采活动，L&D瓷砖还会参加，但如果在集采人群的选择上更加精准一些，对品牌的效果可能会更好。对于这种营销模式，红星美凯龙表示仍将继续，吴幼宁表示，“类似的活动一年将举办5到6次，以后我们的工厂采购范围将不仅仅局限在广东，本地品牌也会组织大家去集采，甚至，我们还将组织远赴意大利的采购团。”,3,4,0.6803297400474548
家居卖场抢夺二级市场 家装公司重视市地潜力自古以来就有“得中原者得天下”的说法。从上世纪90年代至今，作为中原市场的中心，郑州的家居建材市场已经走过了十几年的发展历程，无论是自身体量还是市场容量都已经达到了近乎饱和的状态。进入新的一年后，中原家居行业的重心正悄然向二级市场转移。【挺进市地】家居卖场抢夺二级市场众所周知，中原不单是指郑州。但在2009年之前，每当谈起“中原家居市场”，很少有人会把“郑州外市场”也考虑进来。由于二级市场的亮点太少，每当市地的消费者想挑选高档次的家居建材产品时，不得不“长途跋涉”到郑州来，完成采购后再通过各种途径运送回家。如此折腾，不仅费时，而且费力，售后服务也往往沦为空谈。谁也没有想到，仅仅一个月以来，这种早已被众人习以为常的情况发生了翻天覆地的变化。2009年12月12日，红星美凯龙(查看地图)在全国的又一个大型分店——南阳店盛大开张，这座总面积达7万平方米的大型家居商场集家具、建材、设计、装修等功能为一体，体验式精品店的先进架构开创中西部市场家居商场业态升级的先河。在南阳店开业前夕，红星美凯龙把以前用来请明星、举行豪华开业典礼的钱都省了下来，用来请全体南阳人民的客——12月11日，南阳市所有的公交车均可免费乘坐，如此“大手笔”在全国尚属首例。2010年元旦小长假，红星美凯龙南阳店又发起了“你家装修，我送建材、送家具”活动，丰富多彩的促销活动引来了近万名消费者，建材与家具销售额均迈过了千万元大关。无独有偶，同样在今年元旦期间，欧凯龙焦作店也隆重开业了。对于欧凯龙来说，这个新店的开业意义实在非同一般。在此之前，欧凯龙已在郑州市场耕耘了12年之久，却始终没有走出郑州。焦作店的开业，无疑标志着欧凯龙终于勇敢地迈出了开拓“郑州外市场”的第一步。记者看到，在欧凯龙焦作店开业前夕，《焦作日报》以《欧凯龙，为焦作空降一座国际化家具城》为题，进行了大幅面的报道，充分体现了当地消费者对欧凯龙的倍加推崇。事实上，红星美凯龙和欧凯龙的动作虽大，却都不是最先进军河南二级市场的“吃螃蟹者”。早在2008年8月，佳和家居就在济源开设了分店。据佳和家居总经理李进介绍，佳和家居济源店定位高端，营业面积达到了1.3万平方米，荟萃了众多国内外一线家具品牌。【新年新象】家装公司重视市地潜力业内人士认为，在红星美凯龙和欧凯龙的新店开张之前，许多高端家居品牌已经在二级市场开设了数量不少的加盟专卖店，因此，红星美凯龙南阳店和欧凯龙焦作店先后“一炮打响”绝非偶然现象，而是二级市场家居消费需求的正常释放，二级市场深不可测的消费潜力从此展露无遗。不过，需要看到的一点是，家居卖场在市地开设分店，无论是选址、周转资金还是经营，各方面的压力都非常巨大。相比之下，家装企业在二级市场开设分公司或者家居品牌在二级市场开设加盟专卖店，经营压力就小了许多，操作难度也低了许多。春江水暖鸭先知。放眼各个市地，龙发、超凡、美巢、大地、东易日盛、元洲等装饰企业的分公司早已遍地开花，许多家居品牌也纷纷在市地努力拓展渠道，其中，既有直营店，也有加盟店。以往，每当这些二级市场的家装公司接待了高端客户，在建材采购环节，唯有到郑州这一条路。如今，红星美凯龙等家居卖场的市地分店开业了，“巧妇难为无米之炊”的景象从此一去不复返，中原家居行业的链条因此而变得更加完善。由此看来，如何在二级市场掘金，充分挖掘二级市场的消费潜力，将成为各大家装巨头和家居品牌获取新利润增长点的必由之路。【星火燎原】行业重心偏移情有可原平心而论，与北京、上海、广州等大都市相比，郑州的经济发展水平和整体消费水平仍然不高。但是，尽管金融风暴一年多来已经对中原家居市场进行了一次深度不浅、力度不小的“大扫荡”，在郑州市区范围，营业面积超过1万平方米、有较高知名度的大型家居商场、市场仍然保持在20个以上，大大小小的家装公司数量更是多达五六百家，既造就了“郑汴家居商圈”的繁荣昌盛，也引发了极其激烈的行业竞争。“郑州的家居市场逐渐趋于饱和状态，转战二级市场就是自然而然的事情了。”河南财经学院MBA导师陈光明教授说，家居行业巨头争相发力二级市场是经济水平发展到一定阶段的必然现象，与买家电、买汽车等消费行为一样，家居消费同样属于高端消费、大额消费。“商场如战场，先下手为强。”陈光明认为，如果家居卖场巨头和家装企业真的有意进军二级、三级市场，最好“先下手”为好，这样可以获得更多的政策支持，拥有一个更好的发展平台。,3,4,0.6385036110877991
家居巨头对宜家扩张不感冒 自信OR狂妄7月23日，宜家以7.9亿毫无悬念地成功拍下大兴区西红门商业综合区二期项目用地，宜家的“亚洲最大旗舰店”将落户于此。这块地的位置很优越，正是在建的大兴地铁的沿线，东临兴华大街，南对五环路，还有多条公交线路通过此地，自驾车通过京开或京良路，不到5分钟就能上四环。宜家对于客流的自信，并不完全源于新商业地区的社区与交通。宜家中国区公关经理许丽德表示，宜家的品牌效应将继续吸引北京乃至北京周边城市消费者来此购物。 宜家的北京二店位置已经确定，但开工计划和时间安排还没有排出来。不少地产业人士也认为，宜家入驻大兴后，将极大带动周围的商业氛围，作为全球知名家居连锁品牌，在京驻足近10年的宜家的二店行动，足以改变北京家居市场的既有格局，引发家居消费板块的重组。 可是现在看来，宜家开二店，并没有给其他企业带来很大的压力： 特力屋：特力屋与宜家在经营上有相似之处，但服务的客群大有不同，特力屋主要面向京城中高端消费群体，而宜家则是辐射更广范围内的大众白领消费群体，彼此不构成什么竞争。 居然之家尚屋：宜家与尚屋有很多重复的商品品类，但尚屋里的产品都是国际国内的知名品牌，两家的针对群体不一样，所以宜家开二分店对其影响不是很大。 意风家具：买意风家具的人和买宜家家具的人几乎没有交集，虽然都是用刨花板做主材，但做工跟意风家具相比相差甚远，不在同一个档次。 耐特利尔家具：从来没把自己的家具与宜家家具做比较，几乎没有可比性。宜家卖家具带点玩票性质，是为了满足一站式购齐的需求，耐特利尔专注家具领域，诉求家具品质、品牌和品位，纯粹为了家具而存在。 这些家居业的巨头对宜家的二分店不感冒，不是没有一点竞争关系，而是各方的侧重点不一样，如果在某一点有所冲突，只要不影响主体方向，即便是宜家这样的外来巨头，都会“视而不见”。这不能不说明，家居行业有竞争实力的企业是比比皆是，对于逆势扩张的现象，企业巨头们早已习惯，今日又多一个宜家也无防，况且只是与自己有擦边球的竞争关系，并无大碍。不久，宜家的“亚洲最大旗舰店”将会矗立在北京的大兴区，是兴是败，试目以待！,3,4,0.8536154627799988
家居时装化概念盛行 看家居穿“时装”家居时装化设计打破了以物(产品)为中心的设计观念。近几年，时装设计师纷纷进军家居设计领域。不难想象，两者最初的嫁接发生在对材质及经典元素的运用上。如亚麻、绸缎、羊毛、精致刺绣等原本用于时装的纺织面料，被大量运用到家饰品乃至家具的设计制作上，而深沉的墨黑、奢侈的皮草等这些原本属于时装的经典元素，也越来越多地出现在居家空间内。,3,6,0.5094490051269531
家居营销专家抛出跨界策划概念引发热议作为长三角乃至全国家居行业规格最高的高峰论坛，本届家居品牌峰会可谓“精英云集”，吸引了很多知名专家学者前来参与。被誉为“中国十大策划风云人物”的上海凯纳营销策划公司总经理沈国梁在对话中首先抛出“跨界策划”概念。他说：“做中国本土品牌，我们提出一个说法：跨界策划。其实，只有跨界策划才能有跨越的成长”。据了解，跨界策划在国外50年代就已经产生，但是在中国时间并不长。我们以家居行业卖场为例，红星美凯龙运作不仅仅是一个卖场，其实也是融合了地产的发展。沈总认为，它这种运作模式，其实就是把地产和卖场有机的结合在一起，这也属于行业的跨界。对此，美庭家居董事长徐振宇则围绕“产业突围”进行了回应。他说，产业融合是很好的命题，而且大家联合采购的话，利润空间会非常大，所以他认为这领域市场前景非常好。在谈到“产业共赢”这一问题时，徐董说，经过这两年市场的洗礼，大家活的还算不错，这是好事。但是，他对08、09年的家装市场认为是不好的，2010年会怎么样呢？他估计还是不好。来自苏州的江苏旭日装饰公司总裁张萍认为，企业发展更多的是融合，企业需要去与时携行、与时俱进。政策的导向作为企业来说一定要了解，需要企业融合到市场中，、也需要引进新的产品、技术，在现在的产业体系当中融合。还有企业文化的融合，第一是市场化的融合点；第二点是提供整体解决方案。第三点是价值链的共享。对于以上业内营销专家和知名企业家的观点呢，志邦橱柜中国区营销总监徐进中则谈了他的不同观点。他认为，家居建材行业的发展最好不是整合，而只是合。他说：“我不同意更多的是整合的概念。我觉得最好不是整合，最好是合，合比较好，合存在有利益的共同点，有利益的共同创造，我觉得更多是合”。对于我乐橱柜汪总认为橱柜是非常难做的行业，他认为中国市场和其他的不一样：浮躁。“橱柜行业最大的难度、最大的瓶颈不是销售，也不是营销，他认为这个行业在于是高度定制化。”徐总说：“刚才大家讲了房地产，刚才有人说房地产跟喝醉酒一样，我觉得不是醉了，而是疯了。我觉得房地产行业应该回归理性，这样对我们家装行业才是幸事，这应该是个理性的时代，应该有个回归”。目前这个行业创业阶段已经过了，现在到了规划阶段了，处在品牌集中度不高，但是有品牌在扩张，还处在混沌竞争期，就是品牌与品牌之间的差距不明显，或者说很难区别谁是第三，谁是第四，谁是第五。这行业处于模糊的、混沌的竞争阶段。他认为，未来三年橱柜叶一定会进入到定位阶段。什么叫定位阶段？定位阶段就是排名次，谁是清晰很明确，谁是第二、谁是第三。,3,4,0.5003834962844849
家居装潢购物网公众满意度调查2010年世 博会让“东方明珠”上海再一次成为举世瞩目的焦点。为了更好地迎接上海世博会，在“上海市知荣辱、讲文明、迎世博、建诚信活动组委会”指导下，由“中国上海”政府门户网站、上海市新闻工作者协会、东方新闻网站、上海信息服务业行业协会和市民信箱联合举办，SMG新闻透视栏目、《城市导报—消费周刊》提供媒体支持的“迎世博 上海城市公众满意度调查活动”2009年9月31日正式启动。上海城市公众满意度调查活动对长三角旅游、电子商务、婚庆行业、银行服务、建材行业、卖场超市、物业管理等多个领域的调查逐步展开，电子商务类家居装潢网站公众满意度调查于11月中旬圆满结束，上海团购网(www.tg.com.cn)在该项调查中获得消费者的广泛认同，进入电子商务类家居装潢网站公众满意度金榜，这是对海团购网的超高人气和优质服务的又一次肯定上海团购网(齐家家居网旗下网站)是中国最大的家居消费品导购服务网站之一，提供装修、建材、家居、婚庆等导购服务。在全国建立23个分支机构，截止2009年9月注册会员近120万人，网站日访问量超过70万人次，日流量500万PV，已累计为100余万客户提供服务，全国密切合作供应商超过10000家，营收每年以200%以上的速度增长，被评为09年上海市成长型明星软件企业，08年平台交易额超过15亿，2009年平台交易额超过30亿，2010年预计超过60亿。据悉，在过去的2009年中上海团购网全面升级诚信服务保障体系，先后推出先行赔付、假一罚十、误工赔偿、先安装后付款、差价十倍返还、7天无理由退换货、装修管家等一系列重量级的服务举措。现在装修不少人因为工作忙而无法兼顾家里装修，全权委托装修公司弄又怕小工偷懒或做手脚，如果半包的话，大件都要自己去购买，一家一家的跑不说，有的时候为了检收材料还要请假在家，耽误了一天的工作。上海团购网针对这一人群推出“装修管家”有偿服务，服务内容有：装修成本控制、家居建材质量控制、施工进度控制、施工阶段验收等。业主只需告知“装修管家”装修预算及风格，由“装修管家”全程跟踪执行，而自己只要根据装修小秘书提供的论坛ID与密码(管家账号)登陆网站(www.tg.com.cn)进入会员中心即可了解到装修工地进度和验收情况。据该网站装修部负责人周亮说：“装修管家能为每位装修业主排除掉20-30%的装修水分，业主不用为装修预算超标而苦恼，更不用为装修而跑建材市场，因为所有建材品牌、式样及价格都会在网络上表现给业主看。“装修管家”数字式装修管理服务模式将会受到年轻白领们的推崇。”“惬意生活·专家相伴”这是上海团购网对所有平台注册会员的态度和承诺。公众满意度金榜之位来之不易，上海团购网必将回报以更加饱满的热情，提供值得信赖的服务！为世博，为建材家居行业，为上海的美丽出一份绵薄之力。,3,4,0.5126268863677979
家居议事厅：专家谈二手房装修您是否购买过二手房，并准备进行装修，您在二手房装修中最关注哪些环节。今天演播室邀请到三位二手房专家做客新浪乐居家居议事厅，为网友讲解二手房装修绝招。嘉宾：汪华在线、徐峰在线、海螺时间：2009年9月2日上午10：00-11：00主持人：新浪家居 杨轶以下为现场实录：主持人：各位新浪的网友，大家下午好！今天有三位嘉宾做客我们的节目，坐在我旁边这位是BBS里比较火的一个人，他叫“汪华在线”。汪华在线：各位网友，大家好！主持人：第二位也是老朋友了，徐峰在线。徐峰在线：各位网友，上午好！主持人：第三位是高成中(音)，主要是工程方面的专家，他的网友叫海螺。海螺：大家好！主持人：这期话题我们是谈二手房装修的话题，现在新浪乐居正在做关于二手房调研的话题，我们知道关于旧房改造这块市场是很大的，但是很多京城有名的装修公司对这一块并不是很重视。我们想请三位专家给我们讲一下二手房装修，包括老百姓的需求，包括二手房装修在改造过程中需要注意什么，都是我们这次采访中需要了解的。我不知道二手房市场，应该用怎样的数字能让业内和老百姓知道。徐峰在线：具体的数字，我们也没做调查，但它占有的市场应该是40%到60%左右。因为上半年由于金融危机，北京的新盘开盘量有一定的减缩，八九月份有所回暖。但是新盘的成交量，现在来看应该有很大的回升。以前买一个新盘，它的总价也比较高，应该比较适合他的观点。主持人：刚才徐峰也说到一个问题，其实老百姓把大部分的钱都用在买房上了。我不知道汪华你怎么看二手房市场？汪华在线：相对来说，二手房市场会比较大。随着奥运包括金融危机，走到现在来看，整体这个市场还是不错的。我们做二手房这块，实际成交量非常大。我们也通过一些客户了解到二手房占到公司咨询量是很大的一块。主持人：海螺，在实际工程中，你能不能了解一下老百姓的需求，比如整装这部分，从你接的单子来看，占多大的量？据我所知，我们同事买的二手房，就是对卫生间做了一些改装，包括卧室里面只把床简单地换了换，其他的基本上没变过。我不知道老百姓的需求大概都分为几类。海螺：客户需求是这样的，刚才你说的这两个，一个是翻新，一个是二手房装修，这两块都存在。另一个，所谓2000年左右的或者2000年装修不满意，这里面也存在一些重新装修的。这没有一个太明确的答案，主要是根据客户的要求，根据我们的经验，到现场给他解答问题。主持人：就是根据客户的需求，为他量身制作。海螺：比如他新买的房是2004年的，装修完，那时候的材料基本上就已经达到它的标准，有的墙面，重新粉刷就可以。我们可以建议他在局部做修改，如果保温墙有裂缝，可以做一些修改，整体刷漆就可以了。如果说厨房卫生间有哪些不合理的地方，我们也建议改动。特别是卫生间这块，我们稍微改动一下，让他住得既安全又舒适。,3,4,0.7702439427375793
家居连锁的类金融化生存危险何在叶国靖 传说有种“无足鸟”，一生下来就必须不停飞翔，一旦停下就意味着进入死亡时间。 当前国内部分大型家居连锁卖场的生存状况，犹如“无足鸟”。2008年下半年和2009年初，与房地产业同冷暖的家居连锁业，随着房地产业的下滑，结束了自身持续20年左右的“黄金时代”。一些“类金融化”经营、“国美式”扩张的家居连锁卖场，则在利润变薄的大背景下走上一条充满风险的路。 上世纪80年代，家居卖场基本遵循一条“收租型”发展路径：租赁地皮—包装卖场—对外租赁。零售业务是家居连锁企业获利的实业基础。作为渠道商，它们要求供货方缴纳一定“进场费”和“促销费用”，一年到头充当供应商和消费者之间“现金流二传手”角色，赚取着批零之间租金利润。 本世纪初开始，以红星美凯龙为代表的一批家居连锁卖场开始走向“国美式”的扩张之路——通过大规模圈地在各地开设连锁卖场，它们既不像百安居、丹麦jysk集团依靠大规模采购从而降低成本获得利润，也不像瑞典宜家依靠产品设计个性化提高利润空间，主要运营模式就是不断买地、拥有自有产权—自建物业、自主施工设计—招商开业、对外租赁。这一“车间化作业模式”赚取了两道钱：一是房地产物业的不断升值；二是规模化的租赁收益。其中，土地溢价、房产增值是其最大收益。 拥有全国性销售网络的这些家居连锁企业，以零售为始，以资本运作为终，主动承担起放大经营实体财富效应的使命。这种“类金融化”生存方式，使得一些企业快速成为行业小巨人。其中，支撑它们生存的两大步骤至关重要：一是设计高起点。一些大型家居连锁卖场选择发达城市或发展中城市的新兴地区，这些区域拿地成本相对较低，可坐待地皮升值。同时，这些家居业企业凭招商、纳税、社会资源等谈判筹码，从有关部门获得相关许可。二是用足“财务杠杆”，以商业地产的标准拿到当地银行抵押贷款，然后再用新获得的资金，反哺零售连锁，再获新土地、建设新卖场，循环往复。 上述经营模式既是一种利润率奇高的业务，也是一种“高杠杆化”的资本平衡术。该模式面临三种危险：在房地产业下滑、家居零售业务萎缩的情况下，企业以出租换收益的现金流趋紧，自身辗转腾挪的空间受束缚；地皮价值持续上涨的前提是，房地产市场持续上行，这种过于乐观的情绪在去年的房地产业下滑时受挫，一些城市的物业出现了减值计提；杠杆化的抵押行为，容易受制国内敏感多变的信贷环境，一旦信贷收紧，家居连锁企业资金链就会受影响。鉴于此，只有再次拿地，通过不断扩张应对可能发生的更大风险，而这样做的结果可能把风险堆得更高。 面对部分家居连锁企业危险的“类金融化”生存，丹麦jysk集团中国区总经理jakob sonnenberg日前冷静表示，公司将以每月新开一家店的速度，在华开设500家店。不过，这家已在32个国家和地区开设1500家左右门店的家居巨头并不打算买地，而是一如既往地租赁物业，希望纯粹做好家居零售。,3,4,0.5849511027336121
家得宝沈阳店闭店 传言亏损2300万建设大路与保工街交汇处，沈阳地铁一号线保工街站装修已接近尾声，明年，沈阳地铁开通后将从此处经过。距这处地铁出口不到五十米的距离，就是家得宝沈阳店。然而，家得宝在沈已挺不到地铁开通的那天了，甚至连2009年的初冬也挺不过去。在2007年进驻沈阳后经历了短暂的风雨行程，世界最大的家具建材零售商家得宝终于以一纸“致顾客声明”画上了句号。 没有了往日的喧哗，家得宝即将在沈撤场的消息得到印证。 建材老大的最后告别 10月27日，家得宝沈阳店在阴郁的天气中显得有些萧条。卖场入口宣传海报上的促销字样还很醒目，但更醒目的是玻璃门上用黑笔所标识的9个大字：“家得宝已黄，只退不卖。”在店门前还立着一个“外部人员禁止入内”的告示牌，旁边还有一纸“家得宝沈阳店关店致顾客声明”。显然，家得宝在沈阳关门闭店并没有遮遮掩掩。“不卖货了，黄了！”当有顾客试图进入玻璃门时，一位穿便装的店方工作人员向顾客这样解释着。“开得不是挺好嘛，怎么说黄就黄了？”一位没让进店的顾客嘴里叨咕着。透过玻璃门，记者看到了卖场内只有少部分员工在清理卖场，一些货架上已经全部清空，只剩下还没来得及摘下的价签。 在家得宝的“致顾客声明”中写着：在2008年金融危机影响下，家得宝沈阳店业绩未能达到公司商业预期，故此家得宝中国做出商业策略调整决定，将关闭家得宝沈阳店。声明中家得宝方面还承诺为顾客提供60天的退货期，并还将继续为顾客提供优质的售后服务，从声明的公示时间算，退货的截止日期应为10月31日。 亏损2300万的传言 “家得宝将撤离沈阳的消息从今年8月中旬就在业界中流传，那时供货商们都很惊讶。”家得宝供货商之一的王先生说。“这一个月我已经和店方谈了两次了，主要是一些返货和付款问题，正在按程序办理一些相关手续。”王先生称，8月底，家得宝总部曾派人到沈阳与沈阳的供货商开了一个答疑会，向供货商做出了一定承诺，保证不会让供货商受损失。“合作两年多了，家得宝经营一直很规范，信誉也很好，就这么黄了确实可惜。”谈起这些，王先生有些伤感。 对于家得宝为何关店，王先生认为，家得宝进沈两年一直在亏损，坊间甚至有传言其亏损额已达到了2300万，当时家得宝进沈时并不是全面“收购”家世界，而是每年要向家世界付上几百万的租金，经营成本很高。而近两年沈阳建材市场整体萧条，在家得宝的旁边就有东方家园保工店、九路建材市场这些早已在沈立足的建材超市和建材市场，家得宝要想生存除了要有自己的特色，同时还需要一个打品牌的过渡期。“再加上地铁施工影响了客流，这些不利因素也导致家得宝中国做出关停沈阳店的商业策略调整。”王先生称。 家居巨头集体“水土不服” 2007年8月26日，世界最大的家具建材零售商家得宝在沈阳正式开门纳客。而在这之前，家得宝通过收购中国家居建材超市家世界12家家居门店，一举完成了这家美国公司开始中国本土化进程的第一步。然而，这一步走的好像急了一些，家得宝明显有些“水土不服”。 今年7月10日，家得宝青岛店闭店，紧接着，家得宝沈阳店也宣布关门。从天津调任到沈阳店做店长的李伟并不否认家得宝经营亏损，但具体亏损多少，李伟称没有接到上级的通知，因此不能接受记者采访。“家得宝沈阳店关店确实很遗憾，我们会做好善后工作，不让顾客、员工以及供货商受到损失。”李伟称。 家得宝中国公关部的谭小姐昨日在接受采访时表示，家得宝对中国的投资策略并没有转变，沈阳和青岛关店都是个体案例，家得宝在天津、北京等地的门店业绩表现还十分良好。 先是有欧倍德，再到百安居，现在又轮到了家得宝，世界建材巨头们纷纷败走沈城。对此，沈阳市装饰产业协会秘书长王锋分析称，沈阳的装饰建材市场几年前就趋于饱和，中国家具城、东方家园都以其经营特色迎合着本土消费者，而一些外资建材超市进入2009年普遍进入了调整期，以适应中国市场。家得宝今日的窘境说明了家居建材连锁企业面临巨大的销售压力，在宏观大形势的影响下，建材超市也都步履维艰，家得宝只是其中一个罢了！,3,4,0.5299147963523865
家用电器超期服役危害多 小心身边炸弹你家的厨房电器怎样使用，是否是新三年、旧三年、修修补补又三年？实在不行了，还可以送给亲戚朋友……面对家电消费的普遍现状，近日，省消协发布消费警示：警惕家电超期服役。更有专家表示，所有的家电都有安全使用寿命，超过“保质期”，就应该报废，否则就是你身边的“厨房炸弹 ”。现象：市民家中超期电器普遍近日，省保护消费者权益委员会对全省居民家庭消费状况及预期调查显示，被抽样调查的10个市(州)及48个县(市、区)，144个城镇社区和182个乡(镇)的5167个居民家庭中，家电使用年限超期现象均较严重，其中电视机超期服役达40.1%，燃气热水器 达28.2%，电热毯25.7%，洗衣机25.6%，冰箱24.1%，电热水器 19%，国家明令禁止生产与销售使用的直排式燃气热水器，仍有8.7%的家庭还在继续使用。市民刘婆婆对记者说：“对于他们这样的普通市民来说，电器如果还能用，一般没考虑更换”。张先生也对记者表示，买了电器都希望多用几年，而且平时对自家的厨电 爱护有佳，为的就是希望能多使用几年。其它接受采访的市民也表示，并不知道电器超期服役会带来安全隐患 ，一般家电出了问题，会认为是质量问题，不会认为超期厨电与安全隐患有直接联系。 警惕：超期服役危害多 据了解，家电产品超过使用、存放期限后，容易出现线路部件老化引起自燃、噪音异常、电磁辐射等危及人身安全的事故。中国家电维修协会相关负责人表示，过于老旧的冰箱，则会保鲜和杀菌的功能退化，导致食物串味、不能保鲜，同时，制冷剂也会泄漏，污染环境，危害健康；超龄洗衣机会经常出现渗水等小毛病，严重时还会漏电……除了安全隐患 外，超过安全使用期限的厨电 产品也会更加耗电。一般高龄家电的耗电量要超过原耗电量的40%。就拿一台电冰箱来说，冰箱在使用10年后，它的耗电量将变成最初使用时的2倍。相关案例★市民孔先生用电热水壶烧水时，电热水壶的底座突然炸开。据了解，导致爆炸的原因是该电热水壶实际使用时间超过了4年的使用年限，属于“超期服役”的产品。★日前，市民李女士用高压锅煮饭时，被突然爆炸的高压锅烫伤了面部和上肢，爆炸的原因是该高压锅已经用了10年，属于严重“超期服役”的家电产品。,3,9,0.5342933535575867
家电企业紧抓产品升级换代商机发展亮点之二家电企业紧抓产品升级换代商机家电业致力于加强自主创新、推进结构调整、转变发展方式，既可为当前保增长提供强有力的推动，又可为今后长远发展打下坚实基础。今年以来，家电业苦练内功、狠抓技术创新，紧抓家电产品升级换代机遇，努力提升科技贡献率，取得了明显的效果。今年“十一”市场，家电升级换代产品的热销颇引人关注：LED液晶电视替代传统液晶电视，受到市场欢迎；更加节能的变频空调替代了传统的定速空调，受到消费者的青睐。上述情况说明，家电产品升级换代已成为市场竞争的焦点。LED液晶电视的热销，源于彩电行业向LED产品的集中转向。继去年海信和三星几乎同步推出LED液晶电视以来，今年5月份开始，索尼、夏普、清华同方、海尔、长虹、康佳、创维、TCL等彩电厂商，先后推出了LED液晶电视。LED液晶电视是一种采用新型光源的液晶电视产品，在本质上依然属于液晶电视的范畴，但是LED液晶电视具有光源节能环保、超薄轻便、色彩更为鲜艳饱满的特点，颇受市场的欢迎。中国电子商会消费电子产品调查办公室调研数据显示，消费者对于LED液晶电视产品的关注度已高达75%。国产彩电品牌在与合资品牌竞争中一改以往的被动局面，在LED液晶电视产品上市数量、技术指标和市场销售上都有良好的表现。这主要源于两个方面的优势，一是国产品牌在产品的厚度、尺寸的覆盖面以及功能的完善性上均占有优势。比如，国内彩电企业的LED产品配备网络电视、直接高清视频播放等新功能，这样就使产品有别于外资品牌产品。二是价格优势，国内彩电企业纷纷打出“低价牌”，使LED液晶彩电的普遍售价拉低到传统产品的1.5倍左右，与外资企业动辄两倍、三倍溢价策略形成鲜明对比。这场产品升级竞争，充分显现出了国产品牌拥有自主知识产权的重要性。海信能够与三星同步推出LED液晶电视，就是因为拥有了LED液晶电视方面的自主知识产权。这种自主技术的积累，使海信以领先的研发速度和成熟的产品线优势在市场竞争中脱颖而出。海信在未来两年，还将投资建设5条LED背光模组生产线，新增500万片的模组产能，达到累计实现模组年产650万片的产能。对于今年空调市场来说，变频空调销量的迅猛增长是一大亮点。变频空调相对定速空调具有突出的节能特性和舒适性，代表着空调产品的发展趋势。在空调产品升级换代的竞争中，国产品牌以持续不断的技术创新和产品创新，逐渐取代合资品牌成为市场主角。美的空调通过进一步加强变频产品的研发，使变频新品全部实现了超低频运行，具有温度恒定、快速制冷热、不间断运行、内外静音等特点。海信空调推出的具有“双模”功能的360度全直流变频空调，不仅拥有直流变频的高效节能、超级静音、精确控温等优点，而且在业内首创“双模”运转功能，用户只须通过遥控器上的“双模”切换键，就可按照自己的习惯选择“高效省电”或“长效节能”两种模式运行。产业前瞻家电行业复苏趋势继续走强在家电下乡、家电“以旧换新”和节能产品惠民工程等相关政策支持下，家电行业已率先复苏。2009年1?8月，家电行业(包括家用电力器具和家用影视设备行业)销售收入为6704亿元，同比下滑3.57%，但6?8月销售收入同比上升5.0%。6?8月家用视听设备制造业销售收入为976.8亿元，同比下降4.3%，较上季度上升7.2个百分点。家用电力器具制造业销售收入1847.5亿元，同比上升10.6%，较上季度上升17.4个百分点。内销市场表现活跃是家电行业复苏的主要动力，各产品的内销数据均显示旺盛的内销对行业发展有巨大的拉动作用。家电产品出口降幅持续收窄，同时今年较低的出口基数也为明年出口的表现奠定基础。分产品来看，家电行业主要产品产量和销售都有一定幅度的增长。在高能效空调节能补贴等政策作用下，空调内需市场逐渐复苏，5月份空调内销实现正增长；6月、7月、8月出现全国范围内的高温天气，空调内销出现井喷，空调行业月度销量分别增长8%、26%和29%。冰箱行业国内销量持续增长，7月和8月内销同比分别增长99%和100%，1?8月同比增长41%。洗衣机行业增速相对平稳，1?8月总销量累计增长1%，基本和去年持平。液晶电视需求继续旺盛，出口和内销同步增长，1?8月内销同比增长69%，出口增长37%。对于未来几个月家电行业的走势，我们认为仍将维持快速增长的态势。空调行业8月库存虽然环比开始增长，但库存水平仍然没有达到和内销规模匹配的合理水准，补充库存仍将继续。冰箱在“家电下乡”中的持续热销不应仅理解为销售旺季需求，更重要的原因是农村冰箱市场处于快速普及期。洗衣机4季度进入销售旺季，“家电下乡”和家电“以旧换新”等政策有助于提升销售业绩。2009年上半年房地产市场回暖对家电需求具有滞后影响，这就为空调、冰箱和洗衣机的销售增长提供了支撑。液晶电视面板供应充足，各类液晶电视面板价格全线下跌，这对于促进液晶电视销量的快速增长是利好因素。目前，一些发达国家经济开始复苏，其市场需求也处于缓慢恢复之中。我国家电出口情况开始好转，7月行业出口降幅首次缩小到个位数，8月出口降幅继续收窄。7月彩电出口金额首次由负转正，8月继续维持同比增长(7.3%)，8月空调出口量降幅首次收窄到20%以下(19.35%)，洗衣机和冰箱的出口情况则有所反复。由于国外进口商库存消化较为彻底，市场销量的增加和对未来需求预期的调高，将增加进口商补充库存的动力。总而言之，4季度家电行业内销快速增长的势头可望持续；在全球经济形势缓慢回暖和基数效应的作用下，出口同比增速将有所好转。家电行业将进一步复苏，恢复到正常的增长轨道。,3,4,0.42432549595832825
家电企业自主创新 紧抓产品升级换代商机家电业致力于加强自主创新、推进结构调整、转变发展方式，既可为当前保增长提供强有力的推动，又可为今后长远发展打下坚实基础。今年以来，家电业苦练内功、狠抓技术创新，紧抓家电产品升级换代机遇，努力提升科技贡献率，取得了明显的效果。 今年家电升级换代产品的热销颇引人关注：LED液晶电视替代传统液晶电视，受到市场欢迎；更加节能的变频空调替代了传统的定速空调，受到消费者的青睐。上述情况说明，家电产品升级换代已成为市场竞争的焦点。 LED液晶电视的热销，源于彩电行业向LED产品的集中转向。继去年海信和三星几乎同步推出LED液晶电视以来，今年5月份开始，索尼、夏普、清华同方、海尔、长虹、康佳、创维、TCL等彩电厂商，先后推出了LED液晶电视。LED液晶电视是一种采用新型光源的液晶电视产品，在本质上依然属于液晶电视的范畴，但是LED液晶电视具有光源节能环保、超薄轻便、色彩更为鲜艳饱满的特点，颇受市场的欢迎。中国电子商会消费电子产品调查办公室调研数据显示，消费者对于LED液晶电视产品的关注度已高达75%。 国产彩电品牌在与合资品牌竞争中一改以往的被动局面，在LED液晶电视产品上市数量、技术指标和市场销售上都有良好的表现。这主要源于两个方面的优势，一是国产品牌在产品的厚度、尺寸的覆盖面以及功能的完善性上均占有优势。比如，国内彩电企业的LED产品配备网络电视、直接高清视频播放等新功能，这样就使产品有别于外资品牌产品。二是价格优势，国内彩电企业纷纷打出“低价牌”，使LED液晶彩电的普遍售价拉低到传统产品的1.5倍左右，与外资企业动辄两倍、三倍溢价策略形成鲜明对比。 这场产品升级竞争，充分显现出了国产品牌拥有自主知识产权的重要性。海信能够与三星同步推出LED液晶电视，就是因为拥有了LED液晶电视方面的自主知识产权。这种自主技术的积累，使海信以领先的研发速度和成熟的产品线优势在市场竞争中脱颖而出。海信在未来两年，还将投资建设5条LED背光模组生产线，新增500万片的模组产能，达到累计实现模组年产650万片的产能。 对于今年空调市场来说，变频空调销量的迅猛增长是一大亮点。变频空调相对定速空调具有突出的节能特性和舒适性，代表着空调产品的发展趋势。在空调产品升级换代的竞争中，国产品牌以持续不断的技术创新和产品创新，逐渐取代合资品牌成为市场主角。美的空调通过进一步加强变频产品的研发，使变频新品全部实现了超低频运行，具有温度恒定、快速制冷热、不间断运行、内外静音等特点。海信空调推出的具有“双模”功能的360度全直流变频空调，不仅拥有直流变频的高效节能、超级静音、精确控温等优点，而且在业内首创“双模”运转功能，用户只须通过遥控器上的“双模”切换键，就可按照自己的习惯选择“高效省电”或“长效节能”两种模式运行。,3,4,0.46668925881385803
"家电总体态势稳中有升 产业升级步伐加快三季度我国家电行业总体运行态势稳中有升，多项运行指标出现了积极变化，家电行业复苏步伐加快。家电行业龙头企业盈利状况良好，行业发展主流是平稳、正常的。 “家电下乡”、节能产品惠民工程、家电“以旧换新”等政策措施对家电产业发展起到了积极的推动作用。三季度，相关产业政策的拉动效应已逐步显现。三季度中经家电产业景气指数解读总体态势稳中有升产业升级步伐加快政策效应逐步显现中经家电产业景气指数显示，2009年三季度，中经家电产业景气指数为96.7,比上季度上升0.4点。家电行业开始恢复性增长，行业销售收入、利润、生产等主要经济指标与上季度相比均有所增长，“去库存化”呈现尾声迹象。中国家用电器协会副理事长刘福中在接受本报记者采访时说，“从当前情况来看，‘家电下乡’、节能产品惠民工程、家电‘以旧换新’政策对家电行业发展的推动作用明显显现。家电市场，尤其是农村家电市场的活跃度明显提高，消费者的消费热情被极大地调动了起来。产业发展的势头较为强劲，家电行业总体呈现出稳中有升态势。”商务部最新数据显示，今年前三季度共销售家电下乡产品2082万台，金额达388亿元，月均环比增速分别达32.2%和37.7%。江苏省累计销售家电下乡产品990713台，销售金额超过20亿元。安徽省预计全年家电下乡产品销售额将超过35亿元。“‘家电下乡’是一项一举多得的政策。首先，‘家电下乡’使农村的‘电器化’程度有了很大的提高，农村消费者的生活质量得到改善。其次，农村市场的启动为家电业带来较大的发展空间。再次，家电企业扩大产能提高产量，就需要更多的劳动力，这也有利于提高就业水平。”刘福中告诉记者。另一方面，家电“以旧换新”政策和节能产品惠民工程也对家电行业的回暖起到了推动作用。最新数据显示，家电“以旧换新”政策实施两个月以来，销售额达40.49亿元。北京、上海、广州等9个试点城市回收旧电器突破100万台。“家电‘以旧换新’有助于促进家电消费升级，加快产品升级换代。节能产品惠民工程促使家电企业积极主动地开发新型的高能效的家电产品，加快了家电行业技术进步的速度。”刘福中说，“三大政策的实施，不仅有经济效应，而且有社会效应，受到企业和消费者的普遍欢迎。”行业基本面好转据中经家电产业景气指数显示，2009年三季度，家电行业生产合成指数为98.3点，连续两个季度保持回升。家电行业销售收入较上季度上升13.2个百分点。家电行业利润总额较上季度上升49.8个百分点。家电行业产成品资金占用同比下降16.2%。“家电行业销售收入、利润总额较上季度有了明显提升，这说明企业生产的产品符合市场的需求，产销对路。利润是企业生存的根本，也是增强企业实力、活力、竞争力的重要基础。只有利润上去了，企业实力增强了，才能实现持续发展。”刘福中说。三季度，许多家电企业的利润都有较大幅度的增长。海信电器的业绩预增公告显示，今年1?9月份净利润较上年同期增长100%以上。春兰7月至9月实现净利润1.58亿元，同比增长176.6%。TCL三季度净利润同比增长约45%。“行业内主导型企业利润的增长，为家电行业进入快速恢复阶段打下了坚实的基础。同时，有关数据显示家电产品价格稳中有升，这说明人们的消费预期在加强，这也有利于进一步提升企业的利润空间。”刘福中分析说，“产成品资金占用下降也是一个好的讯息，这表明家电行业的资金运转更有效率。”大力推进产业升级“家电行业的去库存现象明显，企业投资正趋于稳健，重点向创新开发、技术改进转移。这表明，在节能产品惠民工程、家电“以旧换新”等政策引导下，家电业的产品开发正向着节能、环保的方向发展。同时，城乡消费者的绿色消费观念明显增强，家电产品升级换代消费趋势显现，这也推动了产业升级的步伐。这是一个良性循环链。”中国机电进出口商会高级商务专员于治璞表示。中经家电产业景气指数报告显示，三季度，家电行业固定资产投资总额为1786.7亿元，同比上升21.9%。“受国际金融危机的影响，去年以来企业投资比较慎重。很多企业根据国内外市场需求调整产能和产量。企业在生产上基本是采取多品种、小批量、多批次的方式，既满足客户的需求，又减轻了企业经营成本的压力。当前，节能环保产品日益成为市场的主流，企业要谋求可持续发展，就必须注重节能、环保产品的开发和产品的更新换代，要研发高能效、可循环再利用的新产品。这也促使家电业上游零部件企业使用环保型原材料研发新的零部件。零部件企业是家电产业链条的最重要一环，只有每个零部件都符合节能、环保、可循环再利用的要求，整机才能达到国家和国际标准的节能环保要求。上下游企业共同努力才能实现产业升级。”于治璞分析道。展望四季度，刘福中和于治璞都表示，“当前，行业运行呈回暖趋势，出口家电产品在国际市场的份额也在逐步回升，加之年底也是国内家电市场的销售旺季，四季度家电行业的情况会好于三季度。”发展亮点之一家电市场呈现购销两旺喜人景象在“家电下乡”、家电“以旧换新”等政策的带动下，城乡家电消费市场出现了购销两旺的喜人景象。十一“黄金周”前后，家电市场销售更是出现了少有的“井喷”景象，苏宁、国美等家电连锁均取得良好的销售业绩。“今年下半年，家电消费市场亮点频闪、好戏连台。”苏宁电器(查看地图)华北管理总部执行总裁范志军高兴地对记者说，从销售情况看，我们能明显感觉到市场复苏的步伐在加快。今年六、七月份，节能产品惠民工程的有关政策措施促进了高效节能空调的热销，带起了一个空调销售的高潮，有力地拉动了空调业的增长。今年8月，家电“以旧换新”政策在北京、上海等试点地区陆续实施，得到了消费者的积极响应，市场拉动效果迅速显现。进入9月以后，家电厂商又迎来了期待已久的家电市场销售“井喷”行情。每年的九、十月份向来是家电销售的旺季。今年以来，由于中央实施应对国际金融危机的一揽子计划效果明显，经济形势总体向好，经济增速逐季加快，城乡居民消费信心得到提振。记者从北京的几家家电连锁企业了解到，为了抓住“十一”商机，家电厂商早早就做好准备，精心组织货源、整合促销资源、调整价格策略，9月中下旬就启动大规模促销活动。苏宁电器华北管理总部执行总裁范志军告诉记者，今年“十一”黄金周市场销售较往年出现新的特点，节日前后消费爆发性增长趋势明显。国庆节前夕，北京苏宁的销售业绩就一路高歌猛进，高清电视、数字一体机和数码产品销售增幅显著。截至9月30日，北京苏宁就完成了销售任务的50%。“十一”黄金周期间，苏宁电器产品销售全线飘红，销售同比增长110%。京城另一家家电连锁企业国美电器(查看地图)的销售业绩也是直线攀升。“‘黄金周’销量可抵平常50天的销量，相比去年同期增长98%左右，创下销售业绩新高。”国美电器北京分公司负责人告诉记者。综合产品销售情况看，中高端家电新品越来越受到消费者的青睐。在各大家电卖场，50英寸以上大尺寸高清彩电、滚筒洗衣机以及三门、对开门及多门冰箱的销售情况良好，销售占比持续上升。这其中，高清平板电视的销售增长势头尤为喜人。中国电子商会副秘书长陆刃波就此分析认为，“首先，‘家电下乡’和家电‘以旧换新’政策的实施，拉动了消费者对平板电视的需求；其次，平板电视的价格下降也让更多消费者对家里的彩电进行更新；第三，部分卫视频道开始高、标清同播，今年的国庆阅兵又是全国人民关注的盛典，这也在一定程度上带动了大尺寸高清电视的销售。”另据了解，“家电下乡”和家电“以旧换新”政策也拉动了天津节日市场的销售增长。据统计，国庆长假期间，天津市农村共计销售下乡家电产品2441台(件)，销售总额达450多万元；天津市以旧换新家电产品销售达3025台(件)，销售额达1154.59万元。",3,4,0.6393992900848389
家电需求触底反弹 苏宁北京市场份额升至42%一系列内需刺激政策正带动北京家电市场走出一条触底反弹的“微笑曲线”。中怡康昨日发布北京家电市场消费调查报告称，今年1至9月，北京家电市场销售回暖趋势明显，预计第四季度，家电销售将出现近30%的增长。在资本市场，家电公司正以股价集体走强宣告自己的复苏，而这一趋势，在中怡康对北京236家包括家电连锁、超市、百货、IT卖场业态的家电消费调查中得到印证。来自中怡康的数据显示，受2008年全球金融危机影响，北京家电市场从去年第四季度到今年前两季度销售均同比下滑。其中，2008年第四季度32%的降幅让家电市场跌入冰点。不过，进入2009年，下滑幅度开始放缓。到了今年第三季度，家电销售开始回升，同比增加8%，第四季度，这一数字可能增长至29.3%。对此，苏宁电器华北地区管理总部执行总裁范志军则表示，企业的销售数字比行业的统计更为乐观。苏宁电器三季报显示，公司前三季度实现归属于上市公司股东的净利润19.695亿元，同比增长15.06%，公司预计2009年全年净利润同比增长25%至40%。“2009年，北京苏宁电器的市场份额由去年的37%提升到今年的42%。相信第四季度，苏宁销售还会保持高速增长。”据了解，到年底前，苏宁还计划开出4家门店。范志军表示，迅速回暖受益于家电下乡、节能补贴、以旧换新等一系列刺激政策。“以以旧换新为例，拉动销售增长明显。截至目前，五大类产品参加以旧换新的销售占比高达45%。”记者了解到，目前商务部等部门正就进一步巩固扩大内需进行研讨，延续、扩大相关鼓励政策成为基调。而目前仍处于试点的以旧换新等措施有望在全国推广。,3,4,0.5471320152282715
家装人员无证上岗 消费者可拒绝施工东方网6月14日消息：申城家装行业的项目经理和务工人员，未来几年将“持证上岗”。消费者在选择施工队伍时，可要求企业出示从业人员的培训证和行业统一制作的挂牌，对无证的从业人员，消费者可拒绝施工。 昨天下午，上海市装饰装修行业协会首批家装项目经理颁证会召开。来自不同企业的14位施工队长首先拿到了资格证书。,3,4,0.7288556098937988
寂寞没错寂寞有理 反驳你们能不能不那么寂寞玩了寂寞，又玩浪漫，我看我们这代人真的是没什么玩了，我们下一代也没什么玩的(你Y的除了浪漫和寂寞就没别的词了吗？是不是你生活太无聊太枯燥太乏味太空洞了....我们这代人没啥玩的，下代也没啥玩的，好吧，合着人生就是为了玩是吧。没的玩就去死了算了...怎么还没去死啊，还死到天涯上来批评别人寂寞...)我们这几代人小时候玩的不健康向上，到现在变成数字移民也是胡作非为，90年后众NC是原住民，不能在现实生活鸡飞狗跳后，不分先后的终于都无聊了。(我靠，你就是你，别我们，你说我们也不代表你多在理，你自己小时候玩的不健康向上，不代表别人。还有我想知道，你小时候玩啥是不健康向上....好奇ING。90后的NC不能在现实中鸡飞狗跳，言外之意是你鄙视不能在现实中鸡飞狗跳的，就是你自己的生活是鸡飞狗跳的？人家无聊了吗？有的玩还无聊？那是寂寞！我看你连寂寞和无聊的区别都搞不清楚)首先定义下NC，简单来说可以定义为小时候被猪亲了之后又被驴踢了门夹了，通俗点的定义就是脑子不想事，基于这一点，很多70、80年都是NC，90年后更是NC中的极品NC，也就是NC中的战斗鸡。(基于这一点，你是70以前的吗，是405060还是更早，你懂啥叫用发展的眼光看问题吗，你懂啥叫表以偏概全不，还有等老的时候还有个老年痴呆症你知道不)众NC们先反思下自己的生活，有多少人是一天到晚混在网上无所事事的？玩的一样比一样弱智，半夜三更偷菜啊，AV舞啊，一个魔兽停服，几百万人无聊啊，玩完了回家吃饭玩寂寞，横空出世了一个寂寞党，随便到哪看看，网络上满版荒唐言，遍地寂寞党，然后还没完，寂寞党玩得不疯，浪漫派又冒出头来了。(不偷菜不玩AV舞不玩WOW，你回家干吗？你是专家学者还是啥的，天天下班回家吃饭然后就看书啊？合着你这个逻辑除了补充文化知识外有点娱乐都是NC的作为啊。那你自己干嘛来天涯。你如果不寂寞不无聊回家下班吃饭然后是不是就躺床上和你家媳妇儿瞪着天花板思考人生呢....我还在想你是不是很抵制性爱呢，可能在你看来拿是猥琐。)早阵子砖家叫兽们说，每天上网时间多于6小时的就是精神病，这话没错，一般精神病都不喜欢别人说他们有病，NC们哎，天天喊着寂寞，不是有病还是有喜啊？(我喷，那些整天对着电脑干活的人是不是生活在第三医院啊，一栋栋写字楼都是第三医院哈)土鳖们，没钱不要装孙子，你们有钱也就一暴发户，看你们每天在干嘛，天天说棒子抢我们东西，天涯上自己在骂中医，鲁迅那老FQ没教你们一点好样！(我就笑了，啥是土鳖，没钱装孙子的你见过几个，有钱就是暴发户的又咋地了，人家天天在干吗碍着你什么事儿了。骂中医的不是所有人吧。我就从来没有去那帖子看过，为毛呢。我觉得那是无稽。估计就你这种傻X才会去看那张东西。鲁迅又咋了，愤青不愤青都掩盖不了他写了那么多文的事实，其他我无从评价)看看天涯每天都在讨论什么啊，杂谈上那个自称是日本MM的报道帖，也是20多万点击数千回复，土鳖子，没见过女人啊？说没见过穿衣服的日本女人，恩，隔着千八百里的网线你能看到什么？那回复就更别说了，真要是一国际友人，还以为中国男人怎么怎么的，全是JB长在嘴上的还是怎么着？一旦有女的晒照片，征婚，那回复，比个天安门游行还要壮观点？(物以稀为贵，杂谈大多男人，来个女人还贴PP的当然要看了。就像一个军营忽然来了个大美妞，大家肯定都看的，不看的不是男人！！！)寂寞啊寂寞啊，丢脸丢到国际互联网上来了。有精英一出来立刻就被砸砖说装B，中国的精英文化已经被你们这些恶俗的无聊文化折腾的岌岌可危，就说天涯，顶无聊的了，多少民智人士被迫离开了，越玩越低俗，国际友人都过来看笑话。(精英是啥？我还真没见过......大家都普通人而已。国际友人来看笑话....告诉我撒 是谁，我来鉴定一下是不是条狗)想不想知道自己是怎么变蠢的？众位NC，请开动你们所剩不多的脑子想想，若干年前，你是不是记性还不错，碰到什么事还知道动脑子，现在，估计就是拿笔写字也写不出几个简体中文版的了吧？(我就搞笑了，想不想知道中国人是怎么退化的？你们会写繁体字吗会说文言文吗？想不想知道人类怎么变笨的?你会钻木取火吗？)达尔文的进化论是骗小孩的，网络就在让你变蠢，《蠢蛋进化论》看过吧？像现在这样，有什么不明白的问百度问谷歌，问万能的天涯，泡妞玩深沉搜几段经典B语，论文不会上网抄，好吧，青春期性启蒙，上网可劲儿看日片吧，偷偷看的时候很“心神不宁”吧？绿霸了吧？不用自己动脑筋，会用工具就行了，靠装备算个毛啊！(达尔文的进化论不是真理，只是推测，你懂个P啊，你真懂也搞个什么论出来撒.....不上网只会让你变得更蠢。不上网你知识的来源有啥？上了网，可以吸取整个天下的精华。还有，绿坝是可以忽略的。)CCAV总是说古人好睿智，前人好NB啊，有长城金字塔，瞎扯淡，那是因为现在的人更SB了，NC要分级，肯定是90大于80大于70，所以90年后，你们也不用反驳了，你们要说自己是祖国的花朵朝气蓬勃，我靠，太监都会笑得射出来。(现在人更SB了？我们说古人了不起多聪明是和别人的古人比。咋的祖先能造长城，人家祖先能造金字塔。不是跟现在的人比，现在的人还造了飞机原子弹大楼电脑乱七八糟电气化了，古人能比吗？就你这理论，大家都要过原始社会的生活。你要去过没人拦你，别拖着我们一起去)据说中国是世界上BBS最流行最多的国家，泡论坛的，有相当一部分是没什么钱装B的，还有相当一部分是连装B都困难的，天天无聊狗咬狗一嘴毛。都是一群废物，说你没出息就是没出息，有出息的人天天在网上喊寂寞，偷菜？(中国人多。电脑多。当然用户也就多了。当然BBS肯定是用户最多的了。有问题吗？我不懂泡论坛跟装B有啥直接联系吗？你有没有出息我不知道，我就知道真正有出息的人不会老想着批评别人可劲儿的得瑟。。。。。。。。の尴尬，照这理论我也成了没出息的人，没关系我承认我就是没出息的人。不像有些人，本来没出息，还可劲儿装的自己多有出息似的，不说你装B，谁还装B)网络就是个工具，别去信TM的互联网等于生活，有瘾啊，每天也许就是在网上跟人妖扯淡，JB都沤出绿毛了还不知道，NND，寂寞了，你妈叫你回家吃饭啦！(网络是生活的一部分，生活中也离不开网络。就你这样的，别用网络了，有啥要知道的去国家图书馆去)网上的民智都死光了，要不就是属乌龟王八DAN的！(那是你没看到，你见识有多大啊，不就是一个井底之蛙！自己以为自己看到的世界就是世界。你还真渺小真肤浅。你是青蛙，你全家都是青蛙，一辈子跳不出那口小井！)真正的浪漫是有钱有品的生活，NC与土鳖玩不起，你们玩也是个山寨，你们愤愤不平恶搞的时候，人家早在现实生活中玩儿情调了。(真正的浪漫就是要有钱又品?我想你根本不懂浪漫！也不想跟你解释了，就你那EQ告诉你，你都不懂)你们也只能恶搞，拯救地球没你们的份，活该你们只能对着显示器高潮。(恶搞也是一种文化！拯救地球难道有你的份儿？你是地球超人啊？人家高潮用的着通知你吗？)无聊和寂寞所有的网游，所有的娱乐都是无聊经济。无聊是没事儿可干玩了寂寞，又玩浪漫，我看我们这代人真的是没什么玩了，我们下一代也没什么玩的(你Y的除了浪漫和寂寞就没别的词了吗？是不是你生活太无聊太枯燥太乏味太空洞了....我们这代人没啥玩的，下代也没啥玩的，好吧，合着人生就是为了玩是吧。没的玩就去死了算了...怎么还没去死啊，还死到天涯上来批评别人寂寞...)我们这几代人小时候玩的不健康向上，到现在变成数字移民也是胡作非为，90年后众NC是原住民，不能在现实生活鸡飞狗跳后，不分先后的终于都无聊了。(我靠，你就是你，别我们，你说我们也不代表你多在理，你自己小时候玩的不健康向上，不代表别人。还有我想知道，你小时候玩啥是不健康向上....好奇ING。90后的NC不能在现实中鸡飞狗跳，言外之意是你鄙视不能在现实中鸡飞狗跳的，就是你自己的生活是鸡飞狗跳的？人家无聊了吗？有的玩还无聊？那是寂寞！我看你连寂寞和无聊的区别都搞不清楚)首先定义下NC，简单来说可以定义为小时候被猪亲了之后又被驴踢了门夹了，通俗点的定义就是脑子不想事，基于这一点，很多70、80年都是NC，90年后更是NC中的极品NC，也就是NC中的战斗鸡。(基于这一点，你是70以前的吗，是405060还是更早，你懂啥叫用发展的眼光看问题吗，你懂啥叫表以偏概全不，还有等老的时候还有个老年痴呆症你知道不)众NC们先反思下自己的生活，有多少人是一天到晚混在网上无所事事的？玩的一样比一样弱智，半夜三更偷菜啊，AV舞啊，一个魔兽停服，几百万人无聊啊，玩完了回家吃饭玩寂寞，横空出世了一个寂寞党，随便到哪看看，网络上满版荒唐言，遍地寂寞党，然后还没完，寂寞党玩得不疯，浪漫派又冒出头来了。(不偷菜不玩AV舞不玩WOW，你回家干吗？你是专家学者还是啥的，天天下班回家吃饭然后就看书啊？合着你这个逻辑除了补充文化知识外有点娱乐都是NC的作为啊。那你自己干嘛来天涯。你如果不寂寞不无聊回家下班吃饭然后是不是就躺床上和你家媳妇儿瞪着天花板思考人生呢....我还在想你是不是很抵制性爱呢，可能在你看来拿是猥琐。)早阵子砖家叫兽们说，每天上网时间多于6小时的就是精神病，这话没错，一般精神病都不喜欢别人说他们有病，NC们哎，天天喊着寂寞，不是有病还是有喜啊？(我喷，那些整天对着电脑干活的人是不是生活在第三医院啊，一栋栋写字楼都是第三医院哈)土鳖们，没钱不要装孙子，你们有钱也就一暴发户，看你们每天在干嘛，天天说棒子抢我们东西，天涯上自己在骂中医，鲁迅那老FQ没教你们一点好样！(我就笑了，啥是土鳖，没钱装孙子的你见过几个，有钱就是暴发户的又咋地了，人家天天在干吗碍着你什么事儿了。骂中医的不是所有人吧。我就从来没有去那帖子看过，为毛呢。我觉得那是无稽。估计就你这种傻X才会去看那张东西。鲁迅又咋了，愤青不愤青都掩盖不了他写了那么多文的事实，其他我无从评价)看看天涯每天都在讨论什么啊，杂谈上那个自称是日本MM的报道帖，也是20多万点击数千回复，土鳖子，没见过女人啊？说没见过穿衣服的日本女人，恩，隔着千八百里的网线你能看到什么？那回复就更别说了，真要是一国际友人，还以为中国男人怎么怎么的，全是JB长在嘴上的还是怎么着？一旦有女的晒照片，征婚，那回复，比个天安门游行还要壮观点？(物以稀为贵，杂谈大多男人，来个女人还贴PP的当然要看了。就像一个军营忽然来了个大美妞，大家肯定都看的，不看的不是男人！！！)寂寞啊寂寞啊，丢脸丢到国际互联网上来了。有精英一出来立刻就被砸砖说装B，中国的精英文化已经被你们这些恶俗的无聊文化折腾的岌岌可危，就说天涯，顶无聊的了，多少民智人士被迫离开了，越玩越低俗，国际友人都过来看笑话。(精英是啥？我还真没见过......大家都普通人而已。国际友人来看笑话....告诉我撒 是谁，我来鉴定一下是不是条狗)想不想知道自己是怎么变蠢的？众位NC，请开动你们所剩不多的脑子想想，若干年前，你是不是记性还不错，碰到什么事还知道动脑子，现在，估计就是拿笔写字也写不出几个简体中文版的了吧？(我就搞笑了，想不想知道中国人是怎么退化的？你们会写繁体字吗会说文言文吗？想不想知道人类怎么变笨的?你会钻木取火吗？)达尔文的进化论是骗小孩的，网络就在让你变蠢，《蠢蛋进化论》看过吧？像现在这样，有什么不明白的问百度问谷歌，问万能的天涯，泡妞玩深沉搜几段经典B语，论文不会上网抄，好吧，青春期性启蒙，上网可劲儿看日片吧，偷偷看的时候很“心神不宁”吧？绿霸了吧？不用自己动脑筋，会用工具就行了，靠装备算个毛啊！(达尔文的进化论不是真理，只是推测，你懂个P啊，你真懂也搞个什么论出来撒.....不上网只会让你变得更蠢。不上网你知识的来源有啥？上了网，可以吸取整个天下的精华。还有，绿坝是可以忽略的。)CCAV总是说古人好睿智，前人好NB啊，有长城金字塔，瞎扯淡，那是因为现在的人更SB了，NC要分级，肯定是90大于80大于70，所以90年后，你们也不用反驳了，你们要说自己是祖国的花朵朝气蓬勃，我靠，太监都会笑得射出来。(现在人更SB了？我们说古人了不起多聪明是和别人的古人比。咋的祖先能造长城，人家祖先能造金字塔。不是跟现在的人比，现在的人还造了飞机原子弹大楼电脑乱七八糟电气化了，古人能比吗？就你这理论，大家都要过原始社会的生活。你要去过没人拦你，别拖着我们一起去)据说中国是世界上BBS最流行最多的国家，泡论坛的，有相当一部分是没什么钱装B的，还有相当一部分是连装B都困难的，天天无聊狗咬狗一嘴毛。都是一群废物，说你没出息就是没出息，有出息的人天天在网上喊寂寞，偷菜？(中国人多。电脑多。当然用户也就多了。当然BBS肯定是用户最多的了。有问题吗？我不懂泡论坛跟装B有啥直接联系吗？你有没有出息我不知道，我就知道真正有出息的人不会老想着批评别人可劲儿的得瑟。。。。。。。。の尴尬，照这理论我也成了没出息的人，没关系我承认我就是没出息的人。不像有些人，本来没出息，还可劲儿装的自己多有出息似的，不说你装B，谁还装B)网络就是个工具，别去信TM的互联网等于生活，有瘾啊，每天也许就是在网上跟人妖扯淡，JB都沤出绿毛了还不知道，NND，寂寞了，你妈叫你回家吃饭啦！(网络是生活的一部分，生活中也离不开网络。就你这样的，别用网络了，有啥要知道的去国家图书馆去)网上的民智都死光了，要不就是属乌龟王八DAN的！(那是你没看到，你见识有多大啊，不就是一个井底之蛙！自己以为自己看到的世界就是世界。你还真渺小真肤浅。你是青蛙，你全家都是青蛙，一辈子跳不出那口小井！)真正的浪漫是有钱有品的生活，NC与土鳖玩不起，你们玩也是个山寨，你们愤愤不平恶搞的时候，人家早在现实生活中玩儿情调了。(真正的浪漫就是要有钱又品?我想你根本不懂浪漫！也不想跟你解释了，就你那EQ告诉你，你都不懂)你们也只能恶搞，拯救地球没你们的份，活该你们只能对着显示器高潮。(恶搞也是一种文化！拯救地球难道有你的份儿？你是地球超人啊？人家高潮用的着通知你吗？)无聊和寂寞所有的网游，所有的娱乐都是无聊经济。无聊是没事儿可干,3,8,0.45122477412223816
密码变明码 小区防盗门形同虚设物业回应：尽快消除隐患每栋居民楼单元前的防盗门，本是居民的保护神，既能阻止小广告，也能堵住“梁上君子”。可一段时间过去了，一些小区的密码门却没能达到预期的防盗效果，反倒成了小区安保的一块“鸡肋”，愁怀了众多业主。密码变“明码” 住户忧心忡忡“这么多防盗门密码都一样，还防啥盗啊？”最近，家住开发区长城路一小区的黄先生为了他的一个意外发现而忧心不已，因为他发现小区里许多单元防盗门的密码竟然全部相同。据黄先生反应，他是偶然间发现一些装修工人进入单元防盗门时，根本不需要在家的业主开门，而是直接按密码就能进入单元。疑惑的黄先生一打听，才知道原来小区的单元防盗门都是公用一个密码，可谓是“一码走遍天下”。“不只装修工人，还有外面其他一些干活的人，都可以这样随意进入单元大门。试想这个密码要是被其他别有用心的人利用的话，小区的安全问题就太让人担忧了！”物业回应：尽快消除隐患随后，记者来到黄先生所在的小区。从其一期、二期、三期的楼栋中各挑了一个单元实验，发现确如黄先生所说，一个密码便能打开所有的防盗门。黄先生告诉记者，当初决定在这买房子时，就是看中了这个小区的高科技防盗设施，入住后也确实觉得密码门用起来方便、保险，但万万没想到所谓的高科技也会这样“不堪一击”。该小区物业的工作人员向记者表示，这些密码都是防盗门安装时的初始密码，因为小区的入住率还不高，所以为了方便住户装修，清洁人员打扫等，就没有重新设置密码。“如果密码改早了，随着装修的陆续进行，新改的密码同样也存在被泄露的隐患。而且清洁人员也需要一次性记住许多密码，势必会给他们工作增添不少麻烦。但黄先生提出的这个问题，我们也会尽快研究，改进防盗系统，消除安保隐患，让广大业主安心。”,3,4,0.6075971722602844
富安娜大店新品齐亮相 革新消费者界面“设计VS渠道”，成为家纺产业在全球金融危机下最焦点的话题。在近期举办的上海2009中国国际家用纺织品及辅料博览会上，国内外家纺从业者纷纷破除竞争“藩篱”，紧紧围绕“原创设计、渠道营销”两个关键词举办专项论坛，以寻求突破当前困局的解决途径。“这颇有点‘亡羊补牢’的感觉”，中国纺织工业协会魏林博士表示，2009年1-5月份我国纺织、服装行业出口下降了11%，其中纺织品下降了15.5%。国际市场需求萎缩，内需市场最近几个月消费下降，这无疑让不少长期“轻品牌重规模，轻渠道重代工”的企业“雪上加霜”。然而，“冰冷”并不是行业的全貌，富安娜等行业领军品牌当前在国内市场动作频频，销售业绩增长迅猛，一片“火热”。据记者了解，富安娜最近推出秋冬季的四大色系，豹纹、媚紫、臧蓝和婚庆等系列原创艺术家纺新品，全国同步上市，并通过推行生活形态“大店”，全力革新着与消费者的“沟通界面”。更值得一提的是，富安娜新近推出的奢华概念家纺——“卢浮宫”系列，以17800元/套的高价格全国限量上市，其研发技术为全球首创，采用“纤维皇后”——真丝，运用国内唯一的高精细度、超大回位独幅提花工艺，精雕细琢如艺术品，获得市场的珍藏热卖。显然，8000亿规模的家纺产业的洗牌正在进行，行业革新求变正在进行。“新品”、“大店”齐亮相金融危机背景下，相对于不少陷入困局一筹莫展的企业，富安娜等品牌企业继续在创新着消费者的家居生活，一方面不断上市原创设计的新产品，满足消费者更细分的需求，另一方面推出完整家居消费的“大店”，也即旗舰店，为消费者提供更具艺术品味的购物体验。据悉，富安娜最新推出的家居旗舰馆营业面积近2000平方米，这是全国最大的家居艺术馆，所经营的产品包括上千种床上用品、被芯、枕芯、家居布艺等，是国内无论形象或面积都屈指可数的超大型家纺产品卖场。同时，富安娜在体验馆中展示出最具富安娜设计风格的经典产品，除了家居床品外，还展示配套餐具、帷幔、睡衣等家居必备用品，体现出富安娜整体家居的设计发展理念，让人们对整体家居的概念有最直观的感受。对此，中国鲁迅美术学院染织服装设计系书记庄子平教授评价说：“善长于寄情于山水间，欧洲经典与中国元素相结全，贴近国际的生活，又展现原创的魅力。是人文艺术、生活品味与尊贵品质的完美结合，为追求生活享受的消费者提供了温馨而浪漫的体验，在使用中，无形之中传递了美好享受。”通过革新“消费者界面”，富安娜在行业“寒冬”中，为市民提供了一个更便捷、更舒适的一站式购物环境，产品自然受到消费者的广泛青睐，销售业绩实现强力增长。“设计VS渠道”促革新“新品”、“大店”都是跟消费者直接对接的“第一界面”，清华大学美术学院染织服装艺术设计系张宝华副教授表示，富安娜此举，其实还是在持续强化研发设计和渠道销售两个环节，勾勒出家纺业界最完美 “微笑曲线”。张教授指出，富安娜短短15年发展历程，甚至晚于国内很多家纺企业，就靠紧抓“设计”与“渠道”两端，使企业每年保持近27%的增长速度，每年推出近200种新款花型。像最近推出的“概念家纺”——卢浮宫系列，研发技术全球首创，精雕细琢的已经成为一件“艺术品”；其在业内开办了第一家床上用品专卖店，首创了“直营”与“加盟”协同发展的渠道模式。透过富安娜的逆市增长，国内家纺企业在“设计”与“渠道”两端的大力革新势在必行，这是不少企业的薄弱点，更是突破困局的关键点。“过去市场生意好，企业往往一味扩大市场份额而忽略了产品研发。长期下来，设计师变成了画稿员，产品工程师变成工艺员”，中国纺织贸促会副会长、中国家纺协会副会长杨兆华先生表示，此次金融危机让不少企业吃到了苦头，建设一支高水平的设计师队伍，充分整合国内外的设计资源，坚决摒弃相互抄袭的陋习，已经成为行业的共识。而据记者了解，国内家纺企业已将渠道营销也提到战略高度。在近期举办的2009全球家纺营销渠道论坛，他们与60多名北美、欧盟以及日本、韩国等主要家纺出口地区的纺织品服装进出口商会、零售商协会、百货店协会、室内纺织品协会、纺织企业家协会等负责人和买家代表，200多位国内商场的相关负责人，共同探讨合作共赢的话题。富安娜董事长林国芳在论坛上还代表中国家纺企业就中国家纺市场正面临的由单体企业之间的竞争转向群体企业之间的竞争、由生产能力转向生产流通能力的竞争、由产品的竞争转向品牌的竞争、由行业存在形式转向商业模式存在形式的竞争、由直接争夺客户的转向提升产品技术含量和附加值的高层次竞争、由对货币资本投资转向对人力资本获取的竞争这七个变化谈了目前家纺业的竞争现状。“亡羊补牢犹未晚”，家纺行业的革新求变正在进行中。,3,6,0.8505434989929199
寻求正确的中国房地产发展路径(组图)8月8日，上海浦东改革与发展研究院房地产经济研究中心主任李战军应邀参加 “发现房地产的陶瓷竞争力”论坛。在专题演讲中，他指出我国房地产业现阶段发展存在“一快、二大、三低、四弱”的特点，即是发展速度快；开发规模、交易规模大；进入门槛、专业化产业化、产业运行素质低；技术创新能力、产业管理能力、资源集约能力、抗风险能力弱。针对这种现状，李战军提出在明确产业目标和政策指导下加快推进住宅产业化步伐，并通过以下六大发展路径指导房地产行业健康发展：第一、坚持市场化商品化为主导的产业发展道路。即优化房地产业运行的外部环境、坚持推进土地制度和住房制度改革、继续实行产业开放的方针大计。第二、用产业化推动我国节地、节材、节能、节水型商品房开发。即通过规划和建筑设计从源头上引导产业集约化和节约化；完善住宅建筑体系，集成和整合建筑成套技术；对商品房采用新材料、新技术、新设备提供政策倾斜；发挥企业在住宅产业化中的主体作用，依靠示范来推进住宅产业化现代化；建立国家和地方两级公共性的新材料、新技术、新设备的认证、推广中心。第三、推动房地产三个层级市场联动发展。将整顿房地产市场秩序的重点放在土地一级交易市场；土地与房屋供应的数量、结构和分布取决于城市功能定位、产业布局、人口增长和市场有效需求；用三级市场的活跃和发展补充二级市场的供应不足，形成新的市场价格定位机制。第四、通过房地产行业内部的良性竞争提高产业集中度。给予不同所有制、不同规模、不同类型的房地产企业相同的土地、金融和税收政策待遇；鼓励开发企业实行跨区域经营，鼓励管理服务企业面向全社会；鼓励具有规模化和品牌优势的企业之间建立战略合作或企业整合。第五、在房地产大市场中形成相对封闭的政策保障住房体制机制。建立政策保障住房和商品住宅的协调发展新格局；政策保障住房覆盖面宜采取先小后大的策略，集中优势资源率先解决双困户的住房问题；政策保障住房是房地产大市场当中的有机组成部分。第六、完善法律法规，规范市场行为，建立我国房地产法律体系。继续完善《土地管理法》、《城市房地产管理法》和《物权法》；尽快制定《房地产法》，将投资开发、租赁交易、服务管理等方面完全纳入到法律规范；努力尽早形成中国特色的房地产法律体系。,3,4,0.9672785401344299
"小编带你5.1逛卖场-东方家园75折优惠5月3日前 东方家园买家具打75折优惠2009年5月1日——3日，东方家园开展“小长假，大折扣”大型让利促销活动,买家具在成交的基础上再打75折！活动期间进店的顾客还有机会获得登山水壶和消费券！活动力度前所未有！仅限三天！一、时间：5月1日——5月3日 二、地点：东方家园家具城收银台三、卖场照片：图为 卖场照片图为 卖场照片图为 卖场照片",3,6,0.3864847719669342
小编带你5.1逛卖场-城外诚5.1送大礼城外诚重装升级 5.1全新亮相送大礼京城家居航母城外诚家居广场的升级改建工程终于结束了，在众多期待的目光中，全新卖场于五一节以崭新的形象高调亮相，同时“城外诚卖场升级，特供好礼轮盘送”大型优惠活动也在当日盛大开幕。据城外诚有关负责人说，升级改造就是要让老百姓得到真正的实惠，自从城外诚开业那天起，京城老百姓就是城外诚的衣食父母。这么多年来，城外诚一直本着诚信经营的原则，严把质量关，在京城老百姓心目中树立了良好的口碑。到如今，城外诚越做越大了，发展得越来越好了。我们就一直想为京城百姓做点什么，特别是在当前全球经济普遍低迷的时候，我们更要为消费者谋求更大的实惠。卖场的升级改造，能让更多老百姓受益。五一期间，城外诚家居广场要为前来购物的消费者送上多份大礼：由30多家国际国内知名品牌提供的3000件“特供商品”将在城外诚独家发售。无论是家具品质还是价格，都将给京城百姓带来从未有过的惊喜。这3000件“特供商品”大都是特制的甚至是新推出的家具品种。提供“特供商品”的不仅都是京城百姓耳熟能详的名优家具品牌，而且价格也实惠得难以置信，特供商品仅在五月1日至10日期间限时限量发售，售完为止。机会十分难得。,3,6,0.7329315543174744
居民家中水漫金山 装饰公司人去楼空“装修不久的房子，地板下面突然大量冒水，向装饰公司多次反映，对方一直没解决，最后竟然人去楼空。”昨日，市民魏女士向本报投诉，称南昌广泛空间环境艺术装饰有限公司(下称南昌广泛空间装饰公司)对消费者不负责任。据魏女士告诉记者，2005年2月，她找到南昌广泛空间装饰公司负责她家新房装修，装修共花费5万元。双方在合同中约定，装修保质五年，如果出现问题，由装饰公司负责维修。今年7月4日，魏女士下班回家，发现客厅和卧室一片汪洋，地面到处是污水，拖鞋飘在水面。魏女士找搞装修的朋友检查，发现水是从卧室地板下的水管渗出来的。此后，魏女士多次找到南昌广泛空间装饰公司，对方虽然答应派人上门，但却一直不见人来。“半个月过去了，一直没有见到有人来。”魏女士于是按收据上的地址找到装饰公司，却发现公司已经人去楼空，随后她打电话给公司法人代表，可对方根本不接。昨日下午，记者来到魏女士家中看到，两间卧室的地板全部掀起，靠地面的石灰墙被污水泡成黄色，房间里散发出难闻的臭味。记者拨打了南昌广泛空间装饰公司办公电话，但电话已经停机，而由魏女士提供的老板电话也一直没人接。,3,4,0.5510205030441284
居然之家张志良：期待吴厚斌《生活是诗》出版主持人：谢谢赵总的精彩致辞。接下来这个环节请居然之家的运营总监张志良来致词，每次吴厚斌出书居然之家都是踊跃支持，鼎立支持吴老师笔耕不止，这次恐怕也不例外。因为居然之家十周年庆典就在后天，也是一个特别好的消息，在这里为居然之家做一个宣传，汪林朋总裁分身乏术，张总特地来带来一些祝福，我们请张总上台。张志良：各位领导，我们知道我们做家居行业的，我们在这个圈子里做得比较成功，人的基本需求，衣食住，做家居，住包括装修，都是在需求当中，但是我们对家居的精神需求现在还很贫乏，我很欣喜地看到吴厚斌对家居的文化和历史进行了诗歌般的歌颂。我的同事很羡慕吴厚斌同志，他能够把生活、工作一块结合起来。这也是我们追求的最高境界。当然我们家居行业还有好多好多需要歌颂的地方，吴厚斌第一步诗集是《生活不是诗》，我希望他马上出第二本诗集，名字就叫“生活是诗”。主持人：张总的发言也很诗意，张总也是一位文人。接下来我给大家念一首诗，大家猜一猜这首诗写得是谁，猜中了我建议赵总给嘉宾提供一份奖品，接下来我给大家念一下：帅俊伟岸惹人恋，妙想奇思涌如泉。青春豪侠文学梦，元老仗剑九洲天。居家变局一眼穿，沙场争战敢叫板。常怀投桃报李心，身临危岩亦泰然李总也是人如其诗，接下来我们请李总跟大家分享一下吴厚斌的这首诗。,3,4,0.6793104410171509
屈原故里的三个端午节在屈原故乡秭归有三个端午节。农历五月初五为“头端阳”，五月十五为“大端阳”，五月二十五为“末端阳”。秭归人从农历四月底就开始忙碌??泡糯米，杀鸡鸭、扫庭院，备锣鼓，修龙舟……。到了五月初五头端阳这天，人们开始包粽子、煮鸡蛋、吃大蒜、喝雄黄酒，还采来白艾和菖蒲用红纸条扎成束后悬于门前。到了农历五月十五这天，各家各户备下佳肴接女儿、女婿回家同享，俗称“过大端阳”，这期间的重头戏包括划龙舟、投粽子、办诗会，这种热闹的节日气氛一直持续到农历五月二十五日也就是“末端阳”，前后长达20天。,3,5,0.7889491319656372
山寨立邦漆致装修房主中毒 引发哮喘本报7月18日讯 “开始还以为是感冒呢，但嗓子像是扯掉一层皮一样，又痛又痒！”新房还没装修好，55岁的老教师闫继民居然中了毒！医院诊断结果为多氯苯混合物、甲醛过敏中毒引起的过敏性哮喘。而罪魁祸首正是从材料市场买来的8组“立邦美家居”牌的木器漆。听信包工头买来山寨漆为给两套新房装修，经熟人介绍，闫继民认识了包工头杨某。5月28日，在杨某的介绍下，闫继民来到新白鹤装饰材料市场魏某的店铺里购买装饰材料。由于对装修材料一窍不通，也是出于对杨某的信任，闫继民按照包工头开出的材料单一口气买了12881元的装修材料。其中就包含8组“立邦美家居”的木器漆，每组价格300元。在木器漆的外包装上注明“美国立邦集团(香港)有限公司”。“本来用15公斤就能见效果的底漆，结果用了54公斤还是不够。”新房开始装修后，闫先生觉得油漆有些不对劲。更让闫先生怀疑的是，“刷了6遍漆，都不能凝固。气味非常刺鼻！”装修期间，闫先生和家里的油漆工身体都出现了一些症状，“头晕、嗓子痛、胸闷、气短、咳嗽”。闫先生与立邦厂家联系，而厂家明确表示，立邦根本就没有什么香港分厂，而且立邦油漆也没有“立邦美家居”这个品牌。包装上网址、联系电话经核实，都是假的。闫先生这才明白，“买到假漆了！”三万块私了随后起波折6月19日，闫继民与装饰材料店老板魏志国私下达成协议。魏志国赔偿给闫继民材料费装修费共32100元。闫继民写下收条。“今收到魏志国卖假漆赔偿金叁万贰仟壹佰圆，同意私了，既往不咎。”然而，事情并没有结束。7月初，闫继民来到医院检查，被诊断为“多氯苯混合物、甲醛过敏中毒，并诱发过敏性哮喘。”虽然已经私了，但闫先生觉得此事不能就此了结。“既往不咎只是对过去的事不追究了，但现在和以后发生的事我得追究！”7月17日下午2点，记者来到水屯路新白鹤装饰材料市场魏志国的店铺里。老板魏志国承认那8组“立邦美家居”的油漆是自己店里卖出的。“店里是刚进的货，根本就不知道货是假的，现在都已经退回去了，我们也是受害者。”在魏志国的店铺里，一位自称姓魏的“立邦美家居”厂家销售人员称，“自己只是负责推销这种油漆，对于其他的情况，都不太清楚。”魏某向记者透漏，“厂家在江苏广德。”当记者追问厂家的具体名称时，魏某没有回答，只称厂家只是一个乡镇的合资企业。工商所介入正在调查取证17日上午，天桥区白鹤工商所执法人员对魏志国经营的商铺进行了调查取证。下午3点半，在工商所里，闫先生和经销商魏志国就油漆一事进行协商，但双方就赔偿一事没有达成一致。闫先生甚至已经写好了起诉书。白鹤工商所的任所长告诉记者，目前，此事正处于调查取证阶段。,3,9,0.5386317372322083
崔彤：平衡体系中的空间秩序主持人：谢谢赵小均先生，赵小均先生在前几年抑制作设计，这两年偏向于公司的管理，他在公司管理上提出一些新的模式，我觉得这对于设计单位和设计企业来说都有借鉴的价值。下面我们请中科院建筑设计研究院副院长崔彤先生给我们做演讲，他演讲的题目是平衡体系中的空间秩序，大家欢迎！崔彤：大家下午好，我论坛的题目是基于平衡体系的空间秩序。我想先简要的介绍一下平衡体系的概念。平衡体系明显的特征是一种中间状态，中间并非不是一种折衷，这是在矛盾中建立一种秩序，强调意识要素的有机结合，体现出合而不同，艺术要素我们认为两者简单相加并没有意义，重要是在两者之间在重叠过程当中寻找交集，而寻找突破，这关键核心是合而不同的概念。下面我想借助于几个具体的实例给大家简单的阐述一下关于平衡体系当中的空间秩序建立的问题。第一个项目当中我们回顾一下以前我们院做的一个项目，中国国家科学图书馆，也叫科学院图书馆。在设计当中重点强调这样几个不同元素和要素之间的平衡关系和空间秩序的关系。比如说在图书馆当中强调对立和调和的问题，强调对事和对话问题，强调矛盾中的对比，强调科学院的科学和宗教的关系，科学和技术的关系，艺术和技术的关系。我们主要强调东方文化和西方文化之间的转换和交融的平衡体系关系。刚才宋部长提到关于中国传统建筑经典建筑当中有一些是经典的东西留存下来，不会因为时间变化而丧失艺术。比如说中厅空间有这样一个概念，大家看图书馆有一个内院，内院的逻辑是源于对中国传统四合院解析，中间秩序是机遇中间的变革，在这变革当中其一体现中心的结构，其二体现出中心结构当中一种时空的秩序。这作为一种空间单元，这样一种院落表达的是事件单元，在中国来说，中国一个院落无论是一个院落还是一个屋宇之下，还是一个城市都是一个完整的天地人为一体的宇宙屋顶，这种从大到小的分化不会因尺度变化改变其内在结构。这就是将天地人和自然组成一个小的世界，这装入了自然宇宙的秩序，这个秩序意味着世界可以被理解成结构化的秩序。我们选择这样一个中心院落空间，其实与西方中心的空间秩序当中有着明显的不同，比如说西方空间当中有一种比较经典的所谓巴西利卡，还有教堂式空间。这个形式的不同中间部分变得透明和虚无了，这种不变的中心让我们改变成不可以替代的能量中心。在这个中心当中建筑内院当中是能量的核心或者说能量源，能够提供给建筑阳光、空气。当然这种空间中心并不打算复辟或者还原中国古代所谓纪念性空间内涵。同时并不否认在这样空间当中想创造一种有古典气质的新的空间，同时希望这种空间代替对皇权和神的膜拜，而是对科学殿堂的敬仰。在这里面强调科学的殿堂，相对起来和西方建筑来比，中国传统经典空间，如果中国空间建筑包括花园，西方建筑某种意义上讲花园着建筑，这个建筑当中希望在中国传统建筑当中和西方建筑当中做一次有机的结合，比如说图形当中形成U字型空间，这变成三合的空间体系，已形成我们所谓的内院空间具有能量合的概念。在图书馆使用当中最重要是南北项走廊通风，我们形成所谓U字型空间可以获得两个南项和北项，以取得图书馆设计当中最为重要的功能意义在里面。刚才我讲了关于空间的秩序，在图书馆当中同时试图去还原或者回到一种中国传统的建筑秩序当中来。刚开始大家可能看到这样一个建筑形态更多的是关注中国建筑的印象，但实际上在这里面包含的是两种意向的对比，比如说关于东方和西方价格和气度，如果说西方经典建筑从建构学角度来说是一种技术逻辑，中国传统经典建筑更多表达一种建构艺术当中架构意向。描述西方建筑是源于两块砖拼接而得到建筑，如果用这句话来说中国建筑，中国建筑应该是两块木头，一个是柱子，一个是梁，这个有机结合产生中国传统架构体系在里面。在中国科学院图书馆当中尽管追求中国传统空间印象，但是这里面并不排斥西方气度文化和气度建筑的形态，这个图很明显的看到具有西方经典建筑，关于希腊和罗马当中气度东西在里面。所以在图书馆修建当中有一个基本的概念，如果说西方建筑当中是对宗教文化的崇尚，在图书馆设计当中希望找到一种对知识的结合，采取类似于西方气度文化方式也不为其过，这是关于气度文化在里面。中间部分试图创造一种与西方建筑完全不一样的架构文化的体系，可以明显的看到梁柱再现这种建构的方式，所形成的关系是一种关于架构文化和气度文化相互激荡，相互结合的方式。前面看到的建筑本身占地只有80米，如果没有内院只会得到80米南项或者北项，我们知道U字型平面不仅产生能够向社会开放的公共、开放性体系，同时形成两个南向界面和北向界面，同时使图书馆实用功能最大化和逻辑化。这当中试图在中国传统建筑文化经典技术基础上赋予更多的意义在里面，比如说中庭本身是属于能量核心一部分，同时应该是属于我们知识殿堂作为重要核心元素，这当中其实朝向是西，为了遮挡西向阳光，我们在表面上做了很多主动和被动式的技术和手法，比如说遮阳板和遮阳体系，以保证图书馆中庭当中采光通风同时能够遮阳，大家看到是中庭的界面关系，在这当中是西，西边阳光可以投射在整个中庭当中，为了保证建筑本身遮阳体系完整，他从到小有一个系列的遮阳体系。在西向，科学院廊桥当中形成巨大的阴影，可以遮盖所谓中庭当中玻璃幕墙所形成的玻璃空间，这形成冬天不是很冷，夏天不是很热的空间。下面谈一个国家开发银行，现在在长安街最后一个项目。这个项目当中试图在平衡体系当中谈一个关于建构文化的秩序，这个图现在已经开工了。这当中谈到关于建构秩序，甲方提出来很多所需要回答的问题，我们设计的方案开始从提出问题到分析问题到解决问题过程当中，这里面试图要回答甲方所提出的现代的中国的科技的几个重要的话题。所以我们确定了在设计当中有关于传统与现代，过去与未来，集权与民主，还有伟大首都新的尺度和旧城的尺度关系，同时要体现与国家荣誉，还有银行总部，国家开发银行所需要的尊严感的建立。这当中想建构一种新的秩序来达到业主所期望的要求，我们提出作为建造记忆，从传统建构向未来建筑的转化当中，中国传统的架构体系，与西方古典路在其发展中不断交流和跨接，这种思想也影响了一些建筑大师设计体系，我想这种思路可以重新建立起新的中国的建构体系。这作为中国经营下建构方式并未因时间轴的划分而沦为一种传统，如果我们回到建构本质，并探索结构秩序、组织关系，以及这种体系克服地球引力所做努力，我们可能以营造一种纯粹的架构体系，同时如果把架构视为一种表达，那建构就是一种艺术，这既非是抽象也非具像的，这更多包含的是一种记忆，对架构体系进行多层次研究，在有关逻辑相关性当中，都力图在标准化、主动化秩序化上面真正诗意的表达，这就是所希望达到的中国建筑当中的建造方式的方法。这个建筑本身在左边，左下角总图当中正好位于民族文化饭店正对面。对于这样一个建筑来说，最为重要的是，我们想提出这样一个问题，在面对新的北京城，尤其是在十一庆典国庆当中可以看到新的伟大首都的同时，现代化首都同时，怎么样同时面临一个对老城区的尊重。我们在这里面想试图建立这样一种体系，他一边回答现代化，一个新的伟大北京首都，同时要回答另外一个问题，就是老的城市和旧的城市机理，这样两种变革当中中间的产物，这是什么样子。作为一个过渡体，作为一个平衡体系当中中间部分，我们希望它是建立一种嵌入式的方式，这种嵌入体一边形成所谓光洁的，面对长安街光亮的尺度而融入老城区。非常巧的是在建筑当中离我们南边界面当中七米远有保护六套的四合院，包括张学良的四合院，在长安街西段所有的建筑当中，所面临的问题都会有这样共同的问题，怎么样同时再回答过去和现在，这是最为重要的一个话题。在设计当中我们希望回到一种所谓在面对地处长安街西段，作为北京城重要建筑，整体布局对北京城和城市文脉的重新思考和重新的解析，方案试图在研究长安街环境同时，以一种均制的态度和严谨的方式嵌入到环境当中来。我们最终希望在设计当中以八柱七间，在中国古代建筑当中九为至尊，太和殿当中原来是九间，后来改造完是十三间，我们想通过这种关系，形态当中中间是通透的中庭，每个柱子尺度是相当大的，每个柱子是九米乘九米，之间距离是12米，这样形成古典事态比较浓郁的。我们刚开始做的很多建筑当中没有屋顶和基座，但是业主要求必须要有，让无论是老百姓还是专业人士要能认出来是中国建筑。我们想八柱七间南向嵌入北京机理当中，中间中庭把旧城能量和南向阳光一同将长安街照亮，这正好属于长安街北边，我们希望这种阳光、空气、所谓城市中庭还有四合院能量通过南边辐射多北边，让这边亮起来。而通透的支撑体系在装载城市记忆同时完成一种东方思想的元素，并在经典和现代当中建构一种精神，支撑一种关于永恒的主题。对顶上四合院，本来也有人在反对，业主要求做一套四合院，但是离开行比较近期有六套保护四合院，业主还是希望有这样一套四合院作为高级会所，作为城市记忆。似乎原来比较俗气做法，我们觉得放在比较合适，通过玻璃屋顶感觉到里面城市机理的存在，这不仅从地面上，而且从空间当中，自下而上延展和生长渗透到空间当中来。包括在整个立面当中通过架构体系形成院落从里面穿梭，这种关系有一张总图。这个四合院做了一次调研，这个大小在12米左右，在建筑当中希望能找到这种逻辑性，就是九米，十二米，这个尺度关系跟四合院是一样的，这变成从旧城到新城，完全关联的，彼此咬合的体系，建筑本身不仅是一个现代建筑，同时是一个过去的建筑，这能够嵌入到过程当中来，完全被咬合在一起。中间做的大厅，我们理解中国传统建筑并不是符号，这应该是从内到外，从上到下全方位的诠释，中间部分的大厅并不像中国银行45米×45米大厅，这也大约40米左右，我们希望内部关系借用中国建筑逻辑关系，重塑大的空间，但同时是城市中庭概念，而不是建筑单体空间的概念。在中国传统的架构里面，关于梁柱组合方式并不是两块组相交的关系，而是具构体系。这个体系装载内容才是一个现代化的东西，这并不是回到过去的符号当中，这是我们所其他的一种形态。跟建构文化相关的还有一个建筑是在泰国曼谷中国文化中心，这个还是在施工图过程当中，这跟刚才那两个建筑来说思考的问题更为宽泛一些，由于都在亚洲不是思考东方和西方的问题，我们更多思考两个国家，中国与泰国，人文与自然，地域和地脉，佛教文化和儒家文化交织的文化概念在里面。从正面看过去泰国文化中心，就是中国汉唐文化建筑基本属性，我们希望对建筑还是水平方位的，能够和地面很接近的，能够和人的生活很接近的，很轻快的能够去接近自然当中的建筑形态，这个形态希望从侧面看过去具有泰国佛教建筑文化当中所具有的细腻，装饰感，金色屋檐重叠而形成非常华美的装饰语言，同时屋檐伸展并不是源自于对形式非常夸张的手法，主要源自于对泰国气侯环境的回答。泰国是多雨的湿热地方，他通风很重要，遮阳很重要，防雨很重要，建筑屋檐伸展都有利于建筑本身可持续发展，一个生态建筑的形成，达到这样要求的建筑形态。这里面时空要素非常重要，但是反映过去，导致文化当中的理想充满符号的虚幻的表象追求，我们认为建筑设计应该从城市角度出发，并回馈于城市当中。建筑对城市体现出场所感，建筑自身要成为环境因素，自律性是建筑融入城市的一种品质，自觉律已态度有助于谦和的态度善待周围，最终实现构建和谐系统。在设计当中最开始做的时候，大家知道这个建筑在雍和宫旁边，我们知道在二环路旁边，原来是保存非常好的城墙体系，梁思成先生曾经说过，如果将二环路城墙保护下来，他可以成为世界上最独一无二的公园，上面可以种满鲜花，市民去活动，歌华大厦在原来二环路边上正阳门附近，在设计当中我们试图去恢复一种对梁思成先生所提到关于城市文脉和文化的研究状况，所以建筑本身有一点点关于城墙方面的追溯。我们希望在歌华大厦设计当中回到关于中国文化另外一个表达，在这里面希望他是一个关于青铜器金属盒子表达方式，把这种建造方式和制造方式和城墙建构结合在一起，来恢复我们所谓记忆。一个记忆就是建造的记忆，一个是城市的记忆。歌华大厦本身希望它成为城市当中一个片段，成为我们在二环路当中曾经有过的城墙当中有机理的片段。第二个项目在二环路边上，这是广大国际中心，这正好是在金融街和平安大街相交接的十字路口，前面部分是梅兰芳大剧院，这是中原建筑设计院做的，后面部分是我们做的。其实这个项目严格意义上讲跟刚才歌华大厦有类似的情节，，这是一个改造项目，最早是住宅项目，后来变成公共建筑，被广大集团收购完需要对原来建筑进行第二次改造，在改造当中希望他创造，对于十四万平米来说前面是角色非常重要，梅兰芳大剧院，这怎么样回应城市同时，能够回应作为背景建筑方式来存在，这是我们思考最为重要的问题。我们当时做的很多设计方案当中选择这个方式，这犹如在京剧舞台背景当中，舞台背景和角色的关系一样，我们认为梅兰芳大剧院应该成为一个角色，后面是一个光华背景，我们希望有中国表情的背景。所以中国窗成为一个主题，这种主题希望它是一种能够承载历史文化的中国窗，这放大了无数倍，同时像一个巨大的骨架，有厚重支撑舞台的背景，这成为梅兰芳剧院当中最好的砣，融入到城市当中。沿着金融街还有一个黄色建筑。东四十条十字路口是保利大厦，这也是十万平米非常高大建筑，我们希望这两个体量相当建筑以黄色建筑作为终点，就像在北京有东直门就要有西直门。这是辉煌时代大厦，这个建筑本身，刚开始建成的时候有很多争议，也有很多记者采访时候说建筑本身是凶字，但实际上在设计当中刚开始并没有希望把这个建筑做成凶字型建筑，我们希望这个成为城市建筑当中利用城市资源和把城市资源能量吸取到自身的同时，能够给别的建筑，能够给最好的景观和通道，昨天碰到黄大师，他做的建筑在这后面。当时我们的想法，刚开始还不知道那是黄大师做的，我当时想法，因为在北四环附近有两个比较重要的资源，一个是北边是北大，西边是西山，对于面临西山的资源和人文资源，我们希望这个建筑本身除了南北项采光通风同时得到最好的西山景观和北大人文景观，这没有破坏长宽高规划布局的同时形成一个自我完善的平衡体系，这个平衡不光是所谓双角锥的支撑体系，希望他形成对别人有益处建筑，现在中建国际买了这个楼一半，买这个原因主要是一边可以看到南边，那边是有阳光，北边有北大，西边可以看到西山风景，上面做了六个亭子，成为南北项布局房子可以得到东西南北资源建筑形态，同时希望这个建筑本身在满足自己采光通风的同时，能够让我们南边建筑最大限度的看到北四环和北边北大的景观，这是我们想设立的平衡体系，我们希望建筑本身不光是能够建立自己的完整体系，同时能够以自己完整体系回答城市那时此刻。中国传统文化中并不认为是一条无限绵延直线，应该可以弯曲的螺旋环，因此未来并非深不可测，无法把控，未来可以熔化过去，过去可以昭示未来，对城市做回答的建筑并不意味着做出回答，城市中各种环境因子对建筑的影响取决于要素敏感度，这时强时弱，有时是符合因素的叠加影响，因此不可能推导出一种影响城市秩序的公式。主持人：谢谢崔彤给我们做的介绍情况，相信大家都能够从中得到很多的启发。下面我们请齐欣建筑设计咨询有限公司董事长齐欣先生对我们做演讲，他今天演讲的题目是在空气中捕捉建筑，大家欢迎！,3,4,0.6853649616241455
工人安门窗被打进医院 疑是口子费引起抬着材料刚准备进小区安门窗，就被一群不明身份的男子团团围住，没说几句话便被拳脚相向打成重伤。昨日下午，躺在病床上的26岁装修工黄长路呻吟不止，他一口认定，误闯他人买下的“口子”让自己挨此黑打。图为 工人安门窗被打进医院 疑是口子费引起装修工为人封阳台被围殴昨日中午12点，南充来蓉打工青年黄长路带着建材设备，往城北某新建的小区赶。他谈好了要在下午为那里的2位住户封阳台。而黄说，这几笔生意是黄的一个朋友介绍，虽然自己在成渝立交开的加工塑钢作坊远了一点，但如果做好了可以赚些钱。当黄长路来到该小区门口时，发现各个装修公司的摊点几乎摆满了半条马路，一路都是“水泥工”、“封阳台”等宣传大字。从这些当地摊点商家的眼神中，黄长路感到对方态度并不友善。“这是我们的地方，买断了的，你跑来干什么！”觉得不要紧的黄长路，快走到小区门口时，还是被几名男子拦了下来。黄长路据理力争：“我是业主请来安的，你们不能拦我。”而对方对此并不买账，双方吵了几分钟。这时从一旁走出一个中年男子，让黄到一边去有话好说。黄刚跟着这人走出几步，男子突然转身，猛地一拳砸在他的左眼上。黄说当时只觉天旋地转，倒在地上后他感到又跑来七八个人，围住他就是一顿拳脚。疑为误入他人“口子”遭打“我从来不是有心要抢他们的口子。”昨日下午4点，躺在416病床上打着吊针的黄长路叹气不已。他的左眼肿成一团，头部右侧长着一个血包，说话都有些困难。黄说此次装修是小区业主自己找上门，他才答应的。而且自认为相关部门已经严厉打击了“口子费”问题，应该没有问题。同为装修商、黄长路的亲戚任先生分析挨打原因说：“一切原因都是‘口子费’惹的祸。”任先生表示，房子装修原本是业主和装修公司或装修队之间的事，但外面的装修商很难进入该小区。他多方打听：疑为物管收取了当地装修商“口子费”。自然没有交钱的人，得不到进入小区的许可。对此，小区6栋的一名业主也在电话中证实，门口摆点的人相当霸道，甚至会代替保安询问别人是否有出入证，“门外的装修商贵那么多，我们业主也应该有权选择性价比高的装修商。”相关部门介入调查此事下午5时许，记者在青龙警署内见到一名黑黑瘦瘦的林姓小伙子。黄长路的亲友说，所有打人者都跑了，只在现场抓住了这个小伙，110后来将其扭送到了百米之遥的警署内。但对于此次打人事件，青龙警署的民警表示事件正在进行调查，打人原因不便透露。随后记者就口子费向该小区物管求证，对此小区保安队长以昨日是周末、领导不在为由拒绝了采访。据悉，成都市房管局物业管理处也多次接到关于类似情况投诉。有关负责人表示，将严厉打击买卖“口子”现象，发现一起查处一起，绝不姑息。,3,4,0.6488125920295715
工厂集采能否成为家居消费新模式先考察“后厨”再“点菜”———如果可以先考察餐厅厨房再决定是否留下用餐，你会有兴趣尝试吗？是会因为厨房的整洁有序而成为该餐厅的粉丝？还是因为“看见不该看的”而对该餐厅甚至所有餐厅产生心理阴影？上周五，红星美凯龙“包机集采”首发团一行到了广东，三天行程走访了百兰床垫、朗斯淋浴房、L&D瓷砖、耀邦家具、金富雅家具和箭牌卫浴在内的六家家居品牌工厂(门店)，约六七成的消费者现场下单订货，其中，床垫、瓷砖、卫浴洁具等产品受到消费者的普遍关注。现场扫描“低价诱惑”赚足人气工厂参观有待优化走进生产工厂能够更多地了解产品的生产工艺和技术，但不得不承认，众商家抛出的低价战略确实更吸引消费者的眼球儿，以至于有些商家干脆省略了“到一线工厂去”的步骤，直接把消费者接到门店进行“低价诱惑”。方式一：成本价出售在L&D瓷砖的门店内，商家直接给出了最低三折的“团购价”，并且承诺订金可以全额退还，订单长期有效，如果拿不定主意还可以在不增加订金的情况下多定几个型号，购买时任选其一即可。方式二：高性价比赠品百兰床垫除了给出5.5折的“团购价”，商家还临时决定赠送给当日订货的消费者两个价值800元左右的记忆枕，由于一些床垫折后价格为2000元—3000元，所以，一时间形成“为枕头而战的哄抢局面”。方式三：老总现场谈折扣相比较，朗斯卫浴给出的7.5折优惠无法激起消费者的购买欲望，因为“在北京也几乎能够得到相类似的活动价”，消费者据此集体跟品牌老总商谈，最终将折扣降到了7折。记者手记将低价进行到底的同时要提升参观品质确实，对于需要购买产品的消费者而言，价格低是至关重要的，但是，此次到广东团购的直接动因却是参观工厂，参观环节能让产品的两个终端直接对话，对消除购买疑惑和提升产品有直接帮助。但就如同一位不愿透露姓名的业内人士所指，目前国内家居产品的生产工厂成熟度并不高，一些商家担心消费者看到工厂就对品牌丧失了信心。而换个角度想，每个真正使用该产品的消费者亲身体验了工厂，才能提出帮助产品提升的关键性建议。活动流程广东订货北京取就像在香港买行货手机在北京同样面临“售后门”一样，所有的消费者最关心的就是外地集采的配货和售后问题。据红星美凯龙东四环店店长焦富征介绍，虽然此次的集采地在广东，但所有的品牌都是北京红星的商户，所以，订货后所有的消费者都可凭订货单联系北京红星的品牌门店，由他们负责产品的配送和售后，也就是说，“跟着这个团下单除了价格更优惠外就等同于在北京红星美凯龙下单，不单出运输费。”此外，由于品牌的工厂所在地是广东，所以存在广东看上的东西北京市场没有的情况，对此，L&D瓷砖北京总代理的北京远东神华陶瓷销售有限公司事业部经理王伟表示，他们会将此类产品进行特别标注，在订货时就会提醒消费者这个是北京店目前没有的，需要商家进行协调发货，可能会延长送货时间，但不会另收取消费者的运输费用。消费者说希望参加针对性强的集采团消费者周卉表示，到工厂集采的销售方式很新鲜才决定来看看，不过自己家的装修已经收尾，欠缺的就是几只柜子，但按行程只有两个家具品牌，可比性不高，所以这次空手而归。同样，消费者徐女士也无奈地表示，自己家就是五一时买的L&D瓷砖，但价格比团购价高好多，“现在看见这个很是后悔，但也没招儿，这就是买东西最忌讳的。”此次行程尽管囊括的品类比较全面，但每个品类的选择余地相对较小，而且每个消费者的需求都是片面而有针对性的，所以，或许按品类划分的团购对消费者更有益。商家说法卖力赚吆喝新模式攒人气对于此次活动最大的亮点——低价，深圳百兰家具有限公司总经理黄水田表示，消费者不用担心是不是厂商故意标高价再给个低折扣，也大可不必质疑打大折产品的质量，目标客户群的影响力不容小觑，一个消费者看到工厂、生产情况进而决定买这个品牌的账，那么，他必定能够给这个品牌发展更多的消费力量，所以，“我可以不赚他的钱，但拥有这个粉丝却很重要。”此外，焦富征也表示，此前没有预想到大家的购买欲望这么高，甚至有一个消费者是前来采购工程材料的，说明这样一种方式确实对消费者来说是件好事，因此会执行下去，而且活动内容会不断细化，按照不同的需求安排集采行程。这次参团的所有消费者均是红星美凯龙的VIP客户，以后也会征集潜在消费者来参加，至于收费问题，目前是整团全免的，至于以后会不会征收费用，如果不下单费用退不退，现在还没有定论。“前所未有”的低价让消费者纷纷排队签单，据了解，建材类产品成为参与“工厂集采”的消费者的最爱,3,4,0.5017175078392029
巴巴多斯家具制造公司要召回63.5万张婴儿床据外电报道，一家总部位于巴巴多斯的家具制造公司19日宣布召回约63.5万张婴儿床。之前，曾有报告称一名6个月大男婴的死亡和多起婴儿受伤事件与婴儿床的质量有关。美国消费品安全委员会称，召回这20款婴儿床的行动源于其存在硬件和设计缺陷。去年，就曾发生数起婴儿床召回事件。09年2月，美国婴儿家具企业Simplicity公司召回超过100万张婴儿床加拿大家具制造商Stork Craft在美国和加拿大召回超过210万张问题婴儿床。,3,9,0.36671948432922363
"市场 鹰牌陶瓷终被政府收购近日，鹰牌控股在新加坡交易所发布公告，佛山市禅城区石湾镇街道办事处指定一家其全资拥有的机构以5.1671亿元收购了鹰牌控股下的三家企业。据显示，这三家公司的原本股权归香港的Peony International有限公司。据鹰牌公开资料显示，这三家企业为鹰牌控股的最主要实体经济部分。石湾街道收购其三家企业，基本上是完全收购了鹰牌。鹰牌陶瓷1999年上市，石湾街道办为其最大股东，后来石湾镇曾经将其拥有的股权转让给四五家外资公司。业内人士认为,对于近年来频遭人事变动、连续亏损两年的鹰牌来说，虽然被收购后最终“飞”向何方仍不确定，但至少有利于摆脱目前的困境。",3,4,0.5326661467552185
市场被诸多因素分流 国庆家居卖场冷热不均“史上最长”的十一黄金周落幕一周，京城家居卖场的销售数据也陆续出台，部分企业销售增长50%以上，由于促销战线拉长等原因，部分卖场销售未达预期。十一有卖场销售同比增50%“十一”期间，记者走访了红星美凯龙东四环店、东方家园家居广场等家居卖场，店内客流良好，家居假日消费释放明显。在国庆期间促销力度达到了“满3000元返1500元”的红星美凯龙北京区副总经理吴幼宁介绍，红星美凯龙北京四店8天销售额同比增长50%，环比增长30%。但也有并没有达到销售预期的，HarborHouse北京区总经理郑思澄表示，由于其华贸店位于长安街沿线，受国庆庆典的影响，虽然总体销售上升，但未达到预期。郑思澄说：“此次十一假期较长，许多消费者都选择了出行。另外，由于促销从9月中旬持续到10月，许多消费者的购买行为被提前或推后了。”城外诚家居广场副总经理刘振宇透露，城外诚今年国庆销量同比略有增长，日均销售额达一千多万元，但是活动总体表现并未超过今年五一。原本火爆的市场被诸多因素“分流”尽管今年十一家居卖场促销力度空前，但有些卖场表现依然不尽如人意。有业内人士表示，房地产市场新一轮的观望情绪已经影响到了下游行业的购买力和信心指数，在国庆期间的家居市场也有所表现。东方家园家居广场副总经理殷玉新表示，十一期间比预期要稍微差点，但也有所增长达到了15%至22%，应该说十一的表现处在稳步的平行阶段，原本能够更加火爆的家居市场被诸多因素“分流”。殷玉新表示，今年最后2个月的表现不会太差，应该和今年七八月持平，但由于房地产的后滞效应，明年第一季度将有所萎缩。,3,4,0.46538498997688293
布吉家居商圈悄然蝶变 欲掘金大运市场2011年，第26届世界大学生夏季运动会将在深圳龙岗举行。深圳恰如自己的别称，“鹏飞万里，直冲霄汉”，展现出无限旺盛的生命力和无穷的发展潜力。 金融危机，是“危”还是“机”？危机面前选择退缩还是逆势前行？红星美凯龙和乐安居很显然明智地选择了后者。记者获悉，红星美凯龙为了给广大消费者在国庆、中秋之际呈献一场丰盛的居家盛宴，蓄势已久的布吉店，历时一年之久精雕细琢、倾心打造，集合全球一线时尚家居品牌方阵，将于9月29日正式与鹏城市民见面。 红星抢驻龙岗 布吉家居商圈蝶变 红星美凯龙深圳布吉店总经理陆翔被记者问及看好哪个关外家居商圈时，他毫不犹豫地说到龙岗布吉，他表示，布吉区域的楼盘占据深圳大盘总比重近30%，而随着布吉毗邻罗湖(关内)的地缘优势，其置业购房流及物流趋向将更甚于以往，同时依托周边成熟的高中档居住环境和交通便利，进而铸就接驳东莞、惠州、佛山以及广州的华南家居物流走廊，布吉家居商圈在深圳乃至珠三角家居版图上将迎来华丽蝶变。 作为“中国第一家居”以及“国际家居，品牌典范”的红星美凯龙。它的盛装入市，即将此区域打造成深圳又一家具建材业的集群和重要领地。红星美凯龙的进驻，布吉在家居卖场的带领下有望重获生机，而更重要的是，布吉家居商圈效应将逐步显现，一个新的家居商圈正在悄然蝶变。 龙岗区布吉镇一直被视为深圳中高档住宅的“后花园”，生活品质趋于精致，龙园意境、十二橡树、万科第五园、佳兆业可园、圣莫丽斯、星河丹堤、英郡年华等楼盘引领深圳居住潮流，然而位于龙岗区的大型家居卖场却相形见绌，相对显得比较匮乏，未能很好地满足该区域中高档居住环境的需求。不过，即将揭幕的红星美凯龙布吉店，不仅弥补了布吉乃至龙岗缺乏高端家居卖场的空白，而且因为独家拥有众多国内外知名家具品牌，而一跃成为深圳高端家居卖场的代言，以“中国家居业第一品牌”的集团实力优势、品牌捆绑优势、超前服务优势，傲踞全城。红星美凯龙布吉店或将成为以关外为代表的消费者逛高端家居商场的首选。 据了解，历经数月的蛰伏与酝酿，众所期待的红星美凯龙全球家居生活广场深圳布吉店将在9月29日盛装开业。开业当日，红星美凯龙布吉店将整合最优一线时尚家具建材品牌，倾力推出2009年秋冬最新上市商品，为深圳乃至珠三角的顾客呈献一席奢华而丰厚的家居盛宴。 乐安居借大运腾飞 创造龙岗和谐商圈 得益于大运会的推动，龙岗中心城家具零售业将进入一个崭新的快速发展轨道。深圳本土家居龙头企业乐安居于2005年在深圳关外开了第一店，确切位置就选择在布吉。4年后，它的第七家分店——龙岗店也即将开业。这是乐安居继布吉店成功后又一次踏足龙岗，乐安居负责人表示，乐安居进军龙岗中心城，将把乐安居品牌的多年积累，包括高档的建材、优质的家居服务、优雅购物环境的营造、科学先进的卖场管理经验等，完整拷贝并引进龙岗，融入布吉东大街的人文环境，为关外消费者提供专业、优质、便捷的服务。 乐安居在这个时候进入龙岗腹地，显然很有一番深思熟虑。早在2005年，这家在深圳土生土长的企业就注意到了龙岗的地产和家居潜力，然而受限于当时地理、交通、消费人群等因素的不成熟，最后不得不选择在靠近关口的布吉东大街先扎下营来。 如今，4年过去了，龙岗也发生了翻天覆地的变化：大运会即将举办、近千万平方米的旧改工程也已陆续启动、地铁3号线正在修建，以及水官高速、清坪高速的通车……据测算，自市内坐地铁到龙岗，自南山、福田、罗湖开车到龙岗，都只需半个小时的行程。且不论大运会和旧改工程带来的直接受益，单是交通网络的完善就令龙岗区以布吉、龙岗中心城两大板块为中心的楼市都呈现出新开发楼盘集中、价格稳中有升的现状，且今年以来龙岗片区的楼盘销量均居深圳各片区销量之首呈现出非常凌厉的走势。这些变化对家居行业来说无疑具有双重利好，一是龙岗本地客源扩大，本地消费力增强；二是辐射范围更广，地处龙岗也能争取到惠州、东莞甚至罗湖、福田、南山部分区域的客流。大器晚成的龙岗家居圈，将借大运会东风激发出巨大的潜力。 乐安居龙岗分店位于龙岗腹地——龙平西路与龙城中路交界处，即原龙岗百安居旧址。该分店营业面积两万平方米，共设有350个免费停车位，内部装修豪华，硬件设施齐全，更难得的是采用了国际上流行的单层式卖场结构，陶瓷、地板、洁具、五金、橱柜、厨电、衣柜、灯饰、窗帘、油漆、楼梯、天花、墙纸、门窗、家具等数十类商品全部在地面一层经营，使商品展示更加直观、简便，有利于消费者选购。 携手大运会提升品质新高度正当全球都在感叹金融风暴的无情，而建国60周年的春风也吹进深圳家居业，布吉家居商圈将乘大运带来的高涨浪潮，掘金大运市场。,3,4,0.7880586981773376
幼儿园装修家长担心污染幼儿园:确有员工因体质原因过敏，但与装修无关本报讯(记者/向绪安见习记者/吴少敏)开学时间已过，但在长安某幼儿园就读的600多名小朋友，还要再等3天才能入学，因为校园还在装修中。家长张女士最近收到幼儿园通知，称因校园装修未完成，开学时间要推迟到9月7日。张女士说，最近几年，一到假期，这个幼儿园总是在装修，也不知道什么原因。更让家长们担忧的是，他们听说几天前有教师进入校园准备开学，结果几名教师被新刷的油漆弄得眼睛不舒服，有教师还出现了皮肤过敏，到医院就诊。昨日，记者在该幼儿园看到，几名油漆工正在刷校园的外墙。有教师模样的女子进出校门时，都带着口罩。张女士说，幼儿园推迟开学，问题倒不大。但装修造成的污染把老师都弄病了，怎么保证孩子的安全?该幼儿园园长徐女士回应说，装修学校，是为了给孩子们提供好的环境，还要迎接“省一级学校”和“省绿色幼儿园”的复检。徐园长说，园方购买装修材料时，很注意环保问题，所买的油漆都是最好的。幼儿园还请了市卫生、疾控中心等部门到校园检查、指导环保工作，以保证不会出现装修污染。采访中，记者也看到衣服上有“卫生监督”字样的人员在现场检查。徐园长说，幼儿园确有一名工作人员出现过敏，但不是好几名教师。这名患病的工作人员，个人体质较差，极易过敏，与装修材料并无太大关系。徐园长希望家长放心，幼儿园绝对保证每个入读小朋友的身体健康和安全。,3,4,0.5262885689735413
广东家具出口覆盖除老挝外所有东盟国家中新社广州八月四日电 (索有为 钟雁明)世界家具看中国，中国家具看广东。家具出口量占中国三分之一强的广东省，目前，广东家具出口已覆盖除老挝外的所有东盟国家。广东家具业经过二十多年的发展，无论是企业的数量、生产总值还是出口总量都占据了中国超过三分之一的份额，连续十年成为中国家具出口的领军省份。在传统大宗消费品出口方面，家具出口仅次于服装和鞋，位列广东省出口前三甲。据广州海关统计，二00九年上半年，广东出口家具及其零件四十四亿多美元，比去年同期下降百分之十二。其中，对美国和欧盟分别出口十五点二亿美元和十点六亿美元，分别大幅下降百分之二十六和百分之十一。面对困局，广东家具业正在演绎“西方不亮东方亮”这句中国古训，开拓东盟市场。近年来，东盟市场慢慢恢复元气，其中蕴含的机会也显现出来：东盟与广东的人文、审美观、气候都比较接近，尤其是广东的红木家具备受追捧，所以企业在产品制造、设计等方面更易贴近消费者；东盟没有技术壁垒和贸易壁垒，对家具的标准要求不高，相比欧美，其出口门槛更低；同时，东盟市场由于地域上的接近性，运输成本更加低廉，服务频率也更快，而且对于大部分东盟国家而言，广东家具具有一定的市场美誉度，物美价廉的优势使其更被消费者接受。从二00一年到二00八年，广东家具对东盟出口从三千万美元逐年增至四点八亿美元，年均增长率高达百分之四十八。二00九年，广东家具在东盟市场的销售前景依然十分乐观，销售额持续攀升，其中三、四月份对东盟出口家具连续突破一亿美元大关，上半年累计对东盟出口家具四点四亿美元，增幅高达一点三倍，已接近去年全年对东盟的出口水平。据了解，广东家具上半年已出口到东盟除老挝外的所有国家。其中，对马来西亚出口额已超过两亿美元，对新加坡出口家具一点五亿美元，增幅均迅猛增长二点三倍。业内人士称，广东家具越来越受到在东盟市场消费者的青睐。东盟已成为广东家具出口最具潜力的市场之一。完,3,7,0.4482160806655884
"庆国庆迎花博 顺义大众健身赛开赛在喜迎建国六十华诞、花博会顺利举办的特殊日子里，10月6日17点，在顺义区府前西街10号 “庆国庆 迎花博 顺义大众健身赛”正式开赛。本次大赛是由J9俱乐部主办的动感单车赛。顺义区区长出席了开赛仪式并剪彩致辞。大赛共3天，分为晋级赛和决赛。凡单车爱好者均可参赛。本次动感单车大奖赛形式新颖，内容活泼，奖品丰厚，因此报名参加比赛的群众特别踊跃。比赛中，参赛选手上至古稀老人，下至中小学生，大家都热情高涨，活力四射。台上选手倾情投入，台下观众反应热烈，掌声不断，气氛热烈。比赛间穿插了各种表演更是精彩绝伦，关凌、尹相杰等明星前来助阵。动感单车(SPINNING)是一项结合了音乐、视觉效果等独特的充满活力的室内自行车有氧运动，这项起源于美国的运动沾染着浓浓的美国味道，活力四射、热情奔放。近年来成为世界各地最“潮”的时尚运动。作为本次活动的主办方，J9俱乐部为此次比赛设置了丰富的奖品。晋级赛每轮比赛冠军获得携式自行车一辆。决赛冠军获得J9俱乐部提供的1万元大奖,包括5000元现金大奖和5000元会员卡等值储值卡。亚军与季军奖品也非常可观。所有参与比赛的选手均可获赠精美运动水壶一个。主办方J9俱乐部表示，本次活动是集健身休闲、趣味比赛、歌舞娱乐、竞技切磋于一体的大型群众体育活动。他们希望通过动感单车比赛，积极带动市民的参与热情，让每一位市民都能逐渐养成强身健体的意识和习惯。北京J9俱乐部位于顺义，交通便利，内部装修豪华，拥有国际顶级设备。今年由韩国当红建筑设计师历时一年打造的J9俱乐部华丽亮相，J9俱乐部整体采用时下最为前瞻的设计元素与内部应用系统，着力打造北京市娱乐行业集J9量贩KTV、美高美国际俱乐部、商务精英会于一体的娱乐业的新航母，是请客招待、朋友聚会、自娱自乐、放松心情，营造快乐的理想场所。J9量贩KTV由J9俱乐部斥巨资打造。拥有专业音效调节设备，大型包厢配备有低音炮，欢唱起来轻松愉快，为您准备专业歌星的演唱条件。美高美国际俱乐部让你在时尚潮流的旋律中慢摇身体，在浪漫的玫红情调和CLUB的交流中忘我地宣泄和释放情感。J9商务精英会为你在喧嚣都市里构造一个宁静舒适的桃源,高雅大气，私密性好，是商务人群休闲度假、商务会客的首选。J9，志在引领文化娱乐新潮流！",3,8,0.4129108786582947
应对金融危机 消费券能否撬动大买卖“现在是非常时期，要用非常手段。”诺贝尔经济学奖得主克鲁格曼曾经这样说。曾几何时，消费券已成为如今这个非常时期不少企业和机构常用的“非常拉动消费手段”———旅游消费券、购物消费券、购房消费券……铺天盖地而来。广东家居业也顺势而行，金海马、靓家居、苏宁从4月17日开始接受电话预约，联手派发消费券。据统计，截至本周三上午，共有3252张申请被确认，接听电话超过四万个，远超预期。记得在上月举行的家具展上，红苹果、多喜爱等家具厂商也搞了个“亿元家具消费券”活动，80元换购面值100元的消费券；而在差不多时间，红星美凯龙在全国近30个城市发放过亿元的“家居消费券”……一时间，“消费券”也在家居业流行起来，至于成效如何？且看商家、买家怎么说———商家如是说———“那是另一种宣传促销方式”金海马市场总监陆其风说，为了避免炒票，他们三家发放的消费券将采取实名制领取。金海马和苏宁的优惠期将至5月7日截止，靓家居因为企业周年志庆延至6月23日截止。有业界人士表示，此前，其他行业也有企业搞过类似促销方式，从以往战绩看，往往宣传效果大于实际功效；但企业促销净打折也不好，换种新形式也可以，对于消费者来说，只要有实实在在的优惠，什么形式都行。消费者如是说———“有需要、又优惠就买”对于家居企业推出的消费券，不少市民已通过报纸等渠道得知此事。从事汽车行业的徐先生说，这种消费券其实与超市的促销优惠券性质一样，如果自己刚好在下半年有购买家具、家电的需要，若价格超值也可以考虑提前购买。而杜先生则认为，新光百货也推出类似的现金型消费券，买满多少再减多少，而现在这种消费券则有好多限制。买家李小姐却认为：“可以省钱就不错啦，先预定了再说。”,3,4,0.5352098345756531
建材下乡有望推动聚氨酯产品需求增长在7月25—26日在北京召开的《2009中国建材商大会》上，建材行业专家学者专门讨论“建材下乡”规划方案，包括“建材下乡”产业扶持计划以及如何促进建材产品下乡、制定“建材下乡”总体实施方案进行企业意见和建议征询。与会人士表示，“建材下乡”将利于建材企业扩大销售网络，带动建材市场需求的进一步提升，而这一政策有望推动聚氨酯产品需求增长。行业看法不一 很多建材企业希望国家可以扩大“下乡范围”，积极推进“建材下乡”政策的推广，抢在农村消费市场，带动建材行业新的市场需求。 而部分业内人士持谨慎观望态度认为，实施有难度，很对建材企业对农村市场不了解，农民收入水平普遍偏低，多数农村消费者最为关心的是价格问题，因此“建材下乡”是否物美价廉，是农村消费者最最关注的。因此家具企业要有针对性的开发适合农村市场的产品。而建材企业为抢占农村市场，极易引起“价格大战”，这将推动建材行业洗牌。 有专家提醒，由于建材产品是半成品，售后服务问将是建材企业进入农村市场着重需要考虑的问题。而售后服务、产品价格、针对农村市场开发产品，将成为“建材下乡”能否幸福上路的决定因素。推动聚氨酯产品需求增长 聚氨酯业内人士表示，如果“建材下乡”政策行之有效，将在一定程度上推动聚氨酯建筑涂料、聚氨酯保温板材、聚氨酯粘合剂、聚氨酯填缝剂等产品在农村市场需求的增长。,3,4,0.566351592540741
建材业包销骗局惊现：加盟需谨慎一个诈骗团伙炮制出的“南明区万顺建材 供应站”，在报纸中夹带“诚邀加盟共同致富”宣传单，吸引了不少打工青年落入圈套。在受骗者察觉后，骗子已经消失无踪。 相关人士指出，这种“联营包销”的“致富的捷径”，不过是一个老套骗局。骗子变换花样就屡屡得手的根本所在，就是利用人们相信“天上掉馅饼”的心理。骗局很“精致” 被骗的高先生介绍，7月中旬，他在一份报纸内发现了一张以“诚邀加盟共同致富”的宣传单，一家名为“贵阳市南明区万顺建材供应站”(以下简称供应站)的单位，在宣传“复合型轻质装饰板”的联营活动——由“供应站”提供生产设备、原料和技术指导并负责包销，邀人加盟加工生产。并声称该项目投资少、见效快，年利润6万元以上。 高先生怦然心动，立即按宣传单上标明的“供应站”地址，来到新路口粮贸大楼804室“考察”。“供应站”租用了3个写字间，还有生产设备现场演示。高先生信以为真，马上四处借钱，凑足了14000元于7月19日，与“供应站”签订了一份联销合同，换得一批氧化镁等化工原料，还有供应站赠送的小型搅拌机、小电机各一台和30块模板(价值几百元)。 上当者不少 21日，高开始动工生产时傻眼了，桶子里的粘合剂全是清水！在旁准备给予指导的技术员也懵了。高先生和技术员急匆匆赶回“供应站”，发现3个房间大门紧闭，老板李同居等人的手机也都已关机。物管办人员闻讯打开房门，发现里面的设备和电脑等已经消失。 7月27日上午，高先生和技术员联系到另外7名受害者，一起到南明公安分局报案。据了解，报案的9名受害者，有4人是被诈骗的合同“乙方”，1人是被“供应站”骗了3台新电脑的附近电脑城经营户。平均每人被骗现金1万多元。 另4人是“供应站”于6月下旬通过民营职介招来的文员和技术员，他们“一个月2000元”的工资还没领到，此前，技术员经过了“装饰板”整个生产工序的培训，由他们代表“供应站”对加盟者进行技术指导。 致富无捷径 南明区工商局执法监督科工作人员核查发现，“贵阳市南明区万顺建材供应站”系6月中旬注册登记。有关负责人称，这是一种“打一枪换一个地方”的老骗局，从上世纪90年代初的养殖海狸鼠、芦荟开始，无论怎么变换，都不离联营包销的模式，也就是提供一个包教包销、本小利丰的“致富的捷径”，吸引不少人的“加盟”费后突然消失。有关负责人表示，实际上这样的捷径是没有的，还是那句老话：“天上不会掉馅饼！” 目前，南明公安分局刑侦大队经侦中队已经受理此案。负责警官表示，该“供应站”法人李同居使用的是真实的身份证，为山东省嘉祥县人，待证据充足后，将立案侦查。,3,1,0.7979771494865417
"建材业回暖捷报频传 需求增长恢复业绩超预期最近以来，建材行业内频传国际国内市场回暖的捷报，包括水泥、玻璃等订单数量回升，市场需求处在增长恢复中，让建材行业倍感鼓舞。 多数机构认为，建材板块的最大特点是业绩增长预期明确。目前这一板块的整体估值水平已高于全部A股和沪深300的估值水平，其增长预期已基本体现，但仍处于相对合理的区间，还未进入显著高估的阶段。建材：整体回暖趋势形成业内专家认为，我国建材工业尚处于工业化的中期，未来的建材工业既是传统产业，更是较长时期内的朝阳产业。去年以来，虽然受到金融危机的影响，我国建材行业一度陷入困境，但是由于国家的政策支持和基础建设工程加快实施，我国多数建材企业业绩回暖，营业收入和销量都有不同程度的回升。据统计，今年前7个月，我国建材行业工业增加值的月增长率均在18%以上。统计数据显示，今年1月到7月，建材工业固定资产投资完成额2711亿元，比2008年同期增长53.3%.其中，水泥制造业固定资产投资完成额792亿元，同比增长65.8%;砖瓦及建筑砌块制造业265亿元，增长48.4%。2007年以来，建材固定资产投资完成额同比增长速度持续保持在50%以上。今年一季度曾经达到66%，二季度逐月回落，目前已趋于稳定。预计全年全国水泥熟料能力利用率75%，水泥能力利用率71%，产能基本平衡。水泥：全面进入传统旺季最新数据显示，今年8月份全国水泥产量1.5亿吨，同比增长24%，较上月提高2.4个百分点；1-8月全国水泥累计产量10.22亿吨，同比增长17.2%。中金公司称，8月房地产投资各项数据均大幅超出市场预期，符合公司对水泥行业投资逻辑的判断。中金公司认为，4季度华东华南地区在基建大规模施工及房地产需求转好的拉动下，水泥需求显著好转并支持水泥价格上涨。华泰证券表示，水泥是一种快速工业消费品，产销率基本在100%，下游需求的增长将迅速导致水泥产量的上升。目前全国水泥产量已超过10亿吨，显示水泥行业在旺盛需求的拉动下已经全面进入旺季。根据华泰证券的分析，水泥行业的外部环境正在迅速改善，行业的景气度将得到延续，行业内的优势企业将受惠明显。建议重点关注海螺水泥(600585,股吧)、华新水泥(600801,股吧)、冀东水泥(000401,股吧)、亚泰集团(600881,股吧)等大型企业。银河证券从区域市场景气水平和企业盈利能力两方面入手，推荐具有高成长性和市场整合能力的区域龙头水泥企业，如海螺水泥、华新水泥、冀东水泥、天山股份(000877,股吧)和祁连山(600720,股吧)。工信部出文控制水泥产能，未来供给压力大幅减缓。中金公司预计从2010年下半年开始，水泥行业固定资产投资开始出现同比下滑，2011年下降更为明显。玻璃：价格上扬伴随成本下降根据中国建材信息总网对重点联系玻璃企业的价格统计，8月玻璃价格涨势加快，各品种均出现普涨。8月浮法玻璃平均价格为72.98元/重量箱，环比上涨13.65%，同比下降4.41%；8月普通平板玻璃平均价格为65.73元/重量箱，环比上涨3.32%，同比下跌1.29%。由此可见，经过连续6个月的上涨，玻璃价格已接近去年同期水平。从玻璃主要原料纯碱的价格变化看，虽然今年二季度以来价格有所上扬，但明显低于上年同期，玻璃行业的成本压力明显缓解。在玻璃价格已接近上年同期，而成本明显低于上年同期的情况下，预计8、9月份玻璃行业的利润会明显好转。国海证券表示，供求关系的变化已使玻璃行业呈现产销平稳、库存下降、价格明显回升的向好态势，但玻璃价格的快速上涨，也使8月份的产销率有所下降。这家机构还表示，预计房地产行业的复苏将对玻璃产品需求构成一定的支持，玻璃行业的经营情况有望继续好转。随着市场的好转，其他停产冷修的40多条玻璃生产线是否会很快复产，也值得关注。由于停产前玻璃行业产能严重过剩，若这些停产冷修的玻璃产能很快集中复产，有可能对行业运行产生直接压力。此外，纯碱、重油、天然气等原燃料的价格波动，也可能增加玻璃行业的成本压力。鉴于下半年玻璃行业的经营情况可能会有所好转，且新能源主题有望活跃，国海证券给予玻璃子行业“优于大市”的评级，建议逢低增持南玻、中航三鑫(002163,股吧)、金晶科技(600586,股吧)等涉足新能源且业绩有望持续增长的优势玻璃公司。给予水泥、玻璃之外的其他非金属建材公司“优于大市”的评级。在玻璃行业的投资策略上，中信证券(600030,股吧)建议把握房地产投资回升、汽车行业景气持续向好及新能源产业蓬勃发展等因素驱动下的行业景气全面复苏趋势下的投资机会。继续推荐受益于困内汽车产量快速增长、出口复苏及浮法玻璃涨价三重因素驱动的福耀玻璃(600660,股吧)。同时，金晶科技、南玻A、中航三鑫和三峡新材(600293,股吧)等盈利相对房地产投资回升和新能源产业蓬勃发展弹性较大的公司也值得关注。",3,4,0.7882629632949829
建材出口企业遭遇美元狂跌 多角度避损失近一段时间以来，美元的持续下跌引进全球各国家的担忧，因为美元走软可能会进一步打击本国出口。作为影响最直接的中国建材出口 企业，美元的下跌对企业不利影响体现得最为明显，建材出口企业灵活选择需多手段配合进行有效避损。据了解，美国政府为减缓自身压力，不断使用美元贬值手段。这为中国建材出口企业带来巨大的打击和压力。那么如何规避这一风险呢？笔者认为以下三点，或许能改变企业出口被动局面。采用多元货币对外报价及签订合同相比而言，人民币、欧元都比美元稳定性更高。因此，采用多元化结算方式将有效避免美元贬值连带造成的损失，不少企业也已在这方面做出积极尝试并取得不错的成果。值得关注的是，不少建材出口企业都将人民币作为主要结算方式。广州顶基装饰材料有限公司商务专员苏小姐表示，现在其所在企业与外方进行贸易时，都以人民币进行报价并签约，即便在美元持续贬值的情况下，企业也并非受到什么损失。近期的中巴领导人会晤上，两国启用了用中国的人民币和巴西的雷亚尔做结算货币的提议。而早在2008年7月底，俄副总理谢钦访华，便与中国达成了扩大卢布和人民币在双边贸易中结算的协议。缩短合同期限由于美元结算系统沿用多年，很多国外客户并不是很爽快地答应启用其他结算方式，因此部分建材外贸企业想方设法缩短合同有限期，控制风险。使用此方案的企业，多是议价能力并不强的企业，在对方强烈要求以美元为结算方式时，中方企业应退而求其次，谈判重点放至合同期限上。合同期限缩短，将大大避免美元持续下跌带来的更多的损失。业内相关专家建议，建材出口企业与新客户、小客户当签订短期合同；与一些老客户、大客户，公司可以在合同中添加有关美元贬值的条款，如在供货期内，美元贬值到某个幅度，价格要重新做出调整。,3,1,0.7603709697723389
建材和装修材料三部门启动执法检查晨报讯记者 王海亮 记者从质检总局获悉，即日起到10月10日，质检总局、住房和城乡建设部、工商总局将在全国开展“清新居室”专项执法检查。此次执法检查将重点检查包括办公家具在内的木家具、胶粘剂、内墙乳胶漆、溶剂型木器漆、人造板、木地板、纸面石膏板、防火板等产品。如果企业、建筑工地有过质量违法记录、消费者投诉较多或曾被媒体曝光，此次也会重点检查。,3,4,0.5243627429008484
建材新店扎堆东部商圈 东部消费者选择更多随着京城东部房地产项目的增加、消费需求的提升，该区域日渐形成了一个被企业看好的建材消费商圈。进入10月以来，建材行业的企业纷纷在这个商圈开办新馆、新店，为装修户提供了更多的选择。建材新店：红星美凯龙世博家居广场落户地点：东四环大郊亭桥西南侧新店特色：不久前，红星美凯龙“拿下”美罗城的一座建筑体，将东四环店原馆的建材品牌都迁到了新馆中，而东四环店原馆也进行重新规划，全部为家具品牌，双馆于“十一”正式开门迎客。据悉，建材馆共分为五个楼层，一层经营卫浴、五金挂件、水槽以及净水系统；二层经营地板、瓷砖、石材、榻榻米以及玻璃；三层经营整体橱柜以及厨房电器；四层经营木门、楼梯、布艺壁纸以及散热器；五层是家装公司。另外，整体衣帽间、中央空调、采暖以及集成吊顶也是五层的经营范围。卖场新店：平安聚源建材家居落户地点：朝阳区石各庄路新店特色：该卖场是京城建材家居的旗舰企业，市场内配套设施完善、装潢精美、格调高雅、布局合理，目前有强力家具、蒙娜丽莎瓷砖、马可波罗瓷砖、东鹏陶瓷、科勒卫浴、TOTO洁具、京兰床垫、穗宝床垫、史丹利滑动门、西门子电工等国内外知名品牌入驻。瓷砖新店：长谷瓷砖北京旗舰店落户地点：闽龙陶瓷市场B区新店特色：在闽龙陶瓷总部基地，陶瓷、卫浴品牌的旗舰店林立，而一座外立面为带着风车的地中海风格的尖顶建筑格外显眼，这就是长谷瓷砖的北京旗舰店。走进旗舰店，装修户可以感受到全新的体验式消费，店中的每一块砖、每一个角落、每一个厨房或卫生间的样板间都贴近于自然，带给消费者一种家的归属感。由于长谷主营仿古系列瓷砖产品，因此，旗舰店中的样板间也以地中海、美式田园设计风格为主，而彩岩系列和孔雀系列两款产品又成为该店正式开门迎客后的主推新品。与其它同类产品的工艺相比，长谷瓷砖多了云彩、磨面、除尘、打点的表面效果处理，目的是为了增加砖表面的美观性及使用效果。卫浴新店：科勒北京旗舰店落户地点：华腾新天地底商新店特色：该店大幅提高了进口产品的比例，消费者在这里可以找到2009与全球同步发行的新品以及科勒的明星产品。Laureate罗雅丽系列的24K纯金让人追思低调奢华的宫廷生活；English Trellis套间融合罗马式与法国洛可可式样装饰风格；Imperial Blue系列以明朝永乐年御用的青花瓷瓶图案为设计素材。此外，高科技产品也占了新旗舰店的“半壁江山”：将音乐、音波和光疗精心组合的水·乐浴缸；出水面可绕轴360度旋转，拥有4种创意水流方式的360度随心转手持花洒；集水疗、光疗、音乐享受为一体的DTV Ⅱ等。涂料新店：立邦净味吧概念店落户地点：十里河民和兴建材市场新店特色：涂料专卖店如今有了一种全新概念：利用净味系列涂料的纯净色彩打造自然的净味环境，并将此理念成功导入实体店，这就形成了全球首家净味吧概念店。净味吧里包括整体时尚家居环境的综合体验区、色彩丰富的童趣体验区、海洋走廊和业务洽谈区。在净味吧里，有一道精心设置的色彩变化墙，推移之间，家中的墙面色彩立即产生变化。,3,4,0.92911297082901
建筑业复苏 美国建材市场价值值得关注众所周知，由美国次贷危机引发的金融风暴给世界各国各行各业的发展带来沉重的打击。毫无疑问，金融风暴下，世界各国均忙自扫门前雪———忙于“抽金补洞”。而金融风暴的“原始发祥地”美国市场更是普遍被“看贬”。作为世界经济大国，美国经济总量仍是不可小视，况且“烂船都有三斤钉。”2008年中国建筑陶瓷出口超过6.7亿平方米中，有相当部分就是对美国出口贸易来实现的。可以肯定地说，美国建材消费市场依然值得我们等待。从大处讲，中美两国经济贸易关系与现实的世界政治、经济格局密切相关，并且拥有广泛的重要共同战略利益。从市场机会讲，国际金融动荡使国外同行面临巨大的调整压力，增加了中国建筑陶瓷、卫生洁具、马赛克、石材等企业参与国际竞争和合作的空间。虽然中国瓷砖、卫生洁具、马赛克、石材等建材出口是远远低于意大利和西班牙的对美出口，以瓷砖、石材而言，中国建材仅居于美国相关产品进口国的第八位。但是，国际金融风暴对欧美建材生产企业的冲击远远甚于中国企业，尤其是中国建陶经过近30年的快速发展，无论是制陶技术，抑或产品品质都属国际先进之列，在市场购买力普遍下降的情况下，刚性需求所拉动的购买力将高性价比的中国建材作出明智的选择。4月在美国芝加哥举行的“COVERINGS———美国国际陶瓷、石材及地铺材料博览会”上，索迪最新设计的石材薄板———超薄天然壁石(或称大规格天然石材马赛克)在美国消费市场被追捧就是最好的例证。此外，美国总统奥巴马在5月4日推出一套国外税收改革方案，包括提高美国企业在国外投资收入税额和打击利用“避税天堂”的逃税行为。预计这些措施可为美国政府增加巨额税收。美国海外投资的回流，也必将增加本土投资和储备，而本土投资和储备的增加，将有助于早日解决目前的经济问题。我们也可大胆预测，不久的将来，伴随着美国建筑业的复兴，高性价比的中国建材必将加大进口。,3,4,0.5322420001029968
建筑材料质量专项整治重点 杜绝山寨版建材2009年建筑材料质量专项整治将采取企业自查，受监监督站抽查和总站综合执法检查相结合的方式进行。 上海市建设工程安全质量监督总站材料科负责人告诉记者，为严把建材质量关，杜绝不合格建材在工地现场使用，确保世博工程建设顺利进行，该总站积极落实建设参与各方的建材质量保障责任，对施工现场建材实施全过程、全方位的监管。为提高2009年施工现场建筑材料质量专项整治效能，切实促进建材使用各方提高质量意识和现场建材质量管理水平，专项整治将采取企业(项目)自查，受监监督站抽查和总站综合执法检查相结合的方式进行。据悉，该总站将分别于今年上半年和下半年进行全市建设工程现场建筑材料监督抽查和综合执法检查。 总包单位是现场材料管理第一责任人，业内将建立健全建筑材料合格供应商名单，项目材料供应商从合格供应商名单中选取，总包组织进场材料验收，监理审核把关，称为有程序要求的自律防范行为。 该总站要求现场使用各方建立健全以施工总包单位为主责任制，由总包和监理单位组织现场使用钢筋等结构性建材质量自查自纠。项目总包则按照上级规定的时间要求分别汇总并形成上、下半年自查自纠报告，同时附上相应的合格供应商名单，在总监签署意见后报受监监督站。各区(县)、专业监督站根据区域实际情况，按不低于工程数30%的比例实施监督抽查。市安质监总站则根据上述单位的抽查情况，组织会同各区(县)、专业监督站、骨干检测机构等相关部门，将分别于今年上、下半年，在全市范围内对建设工程进行监督抽查和综合执法检查。 对管理混乱质量低劣的建材生产企业在予以通报的同时逐出市场，对触犯法律法规的企业将移交技监、工商管理部门依法处置。 2009年建筑材料质量专项整治重点是：现场钢筋等结构性建材监督抽样检测，钢筋等结构性建材质量复试规定的执行，钢筋外观及重量偏差的检查验收，不合格钢筋等结构性建材的处置，去年下半年以来被全市通报、被清出市场的建材在现场的使用情况。市、区监督机构将对监督抽查中发现的违法违规行为依法查处，对监督抽查不合格，而已(部分)使用的，均作使用不合格建材论处;对建材使用管理混乱的项目和企业予以通报并严肃查处，同时将检查结果纳入工程建设参建各方质量诚信档案;对管理混乱质量低劣的建材生产企业予以通报、清除出建设市场;对触犯法律法规的建材生产企业将移交技监、工商管理部门依法处置。 据悉，上海市安质监总站将分别汇总上、下半年专项整治情况，选择适当的时间予以通报和讲评。,3,4,0.6445945501327515
"建筑畅想生活 五地设计师齐聚建筑文化沙龙近日由广州仰光文化传播有限公司主办的“京沪穗建筑文化沙龙”在佛山举行。当晚星光熠熠，五地优秀青年建筑师首聚一堂。出席本次的嘉宾有中科院建筑设计研究院有限公司总建筑师崔彤、中建国际设计顾问有限公司总经理赵小钧、清华大学建筑设计研究院副总建筑师祁斌、华南理工大学建筑设计研究院副院长孙一民、华南理工大学建筑设计研究院副总建筑师倪阳、中国建筑学会学术部副主任王京、北京市建筑设计研究院高级建筑师柯蕾、湖南大学建筑学院院长魏春雨等建筑大师,还有广州仰光总监马彬先生、AD照明总经理关旭东先生共同出席。本次沙龙由清华大学祁斌主持，主题为京沪穗建筑文化的特色及差异。大家先从每个城市的本土文化说起，纷纷表达了自己的感受和见解。就各地城市建筑雷同的情况下，切入到文化和建筑的关系、各地建筑的差异与趋同，而就城市规划、政策制度、城市发展状态等提出了自己的观点。最后谈到建筑师的工作和生活，还关注了女性建筑师的特质和感想。一番畅谈，道尽了作为建筑师的酸甜苦辣。尽管这个工作有多累，但大家还是坚持着，而支撑大家继续前行的乐趣，就在于苦乐之外工作成就的回馈和满足感。",3,4,0.8284318447113037
开发商底楼装修挖坑拆墙 居民担心楼倒倒底楼房屋格局突变，加上前期上海“楼倒倒”阴影不散——成都苏坡乡培风小区15栋1单元的居民们，连日来一直睡不好觉。在这个单元的底楼，施工方不但打掉了两堵隔墙，还在客厅挖了个1米深的坑。业主们担心，过大的改动会给楼房带来安全隐患。对此，施工方称改造绝对符合安全。目前，培风社区已让施工方停止施工。现场目击隔墙被敲客厅挖出1米深坑两周前，培风小区15栋1单元的底楼住房内，从早到晚都会传出敲击声。2楼住户罗秀华当时以为来了新邻居，正在装修新家，并未在意。可前日买菜回家途中，她无意走进该住房，才发现格局完全变了样。罗秀华看到临街铺面相连的墙壁不见踪影，站在该住房内可以直接看到街道。客厅与卧室的隔墙也被人打掉。用于破坏墙体的钻头丢在另一间客房内，整个房间里堆满了破碎的砖石。不仅敲掉了隔墙，客厅地板上更是被人挖出一个宽20多平方米、深1米的大坑。猫着腰钻进连着钢筋的大坑，可以看到坑内堆满了泥石碎土，最里面还充满积水，不时散发出一阵恶臭。罗秀华推测，一楼住户可能准备开店铺，“改装这么大的动作，也不替邻居安全考虑一下。”居民担心动作太大住房恐成“楼倒倒”在培风小区住了近3年的黄淑华说，该小区修建于2004年初，并于2006年3月交房。之前她从来都没看到底楼有人居住过。今年初，有位老师利用空房，开过一个幼儿英语培训班，但没开两天就搬离了。在黄淑华的记忆中，两周前该住房开始有人进行装修，但装修时都是小工在场。发现动作太大，居民们拦着小工询问负责人是谁，对方一问三不知。居民都不知道此房装修后，准备用来干什么。由于害怕住房经不起折腾，变成“楼倒倒”。前日下午，黄淑华和一单元其他几户居民一起拦下了准备施工的工作人员，并将情况反映到社区。社区未获许可前不允许再次施工面对不安的居民，昨日上午，培风社区主任刘建说，商铺由开发商转交到社区以后，都会备注在案。在收取物管费的同时，对其进行规范管理。如果有装修，也必须经过社区许可。但正在改造的商铺所有权仍属开发商成都兴光华城市建设有限公司所有。“居民反映问题以后，我们立即让施工方停止施工。”刘建说：“虽然施工方一再保证，施工是安全的。但作为社区，我们的态度是没有见到相关部门许可、解释不合理等问题不处理，就不能施工。绝对给居民一个满意的答复。”开发商：框架结构施工不会影响安全“我们是房屋的建筑方，知道房屋的结构，这样改造没有问题的。”成都市兴光华城市建设有限公司副总经理谭小平解释，被改造的房屋是还没有售出的相连住房和商铺，而他们作为开发商，正是此次改造的施工方。谭小平说，按规划底楼的房屋原就是框架结构的店铺。打掉的隔墙是去年才加上去的，地板上打洞不是为了修建地窖，而是准备降低以前修建的防潮隔垫，让住房和商铺能在一个水平面上。因此，这样改造绝对符合安全。对于当地居民的担忧，谭小平说，公司已向成都市建筑设计研究院打了报告，等他们出具了情况说明以后，再进行下一步施工。,3,4,0.9784546494483948
开发商贴错户型图 少十平米仅赔两万元四川新闻网成都7月28日讯(武侯法 记者 曾燕伶 实习生 罗紫兰)消费者李女士于2007年购买了成都某商品房，今年初收房时却见房屋面积比当初约定的少了十平米之多。对此，开发商的解释是在购房合同附件中贴错了户型图，而法院则仅判决开发商赔偿两万元。收房时露台消失李女士在诉状中称，她于2007年6月签订购房合同，约定购买成都市武侯区某住宅小区1单元5楼3号住宅，该房面积为80.80平方米，售价339138元。“这套房屋的客厅有一个面积十平米的露台，主卧室有一个飘窗”，李女士指着购房合同附件中所贴的房屋平面图说。今年2月14日，房屋建成交房。李女士在收房时发现房屋的实际构造和面积与合同约定的差异巨大。“客厅的露台和主卧室的飘窗都不见了”，李女士认为，房屋户型和面积的改变严重影响了其使用和居住质量，要求开发商采取补救措施使房屋达到平面图所示效果并赔偿损失六万元。法院判赔两万“李女士购买房屋的奇数层和偶数层构造不同，我们在签订合同时错贴了偶数层房屋的平面图”，房屋开发商承认自己的工作人员存在疏忽，并表示由于偶数层房屋已售罄，无法为李女士调换房屋。“如果这件事给李女士造成了损失，请她拿出损失依据来，我们一定赔”，开发商表示。武侯区法院在审理中查明，李女士所购房屋面积“缩水”的原因确为开发商贴错房屋平面图所致。但由于李女士未提交有关经济损失数额的有效证据，法院酌情认定开发商赔偿两万元为宜。至于李女士提出的改建房屋增加露台及飘窗等要求则因违反我国建筑法等法律法规的规定而未获法院支持。,3,4,0.9122349619865417
开发西部建材业仍是中央投资最大赢家四万亿中央投资远不是一个终点。 近日，国务院召开会议，专门讨论西部地区开发相关方向。作为应对金融危机的重要手段，国家将加大对西部地区基础设施建设工作，西部大开发将有效拉动建材需求，缓解建材行业低迷态势。 8月20日，国务院总理、国务院西部地区开发领导小组(下简称领导小组)组长温家宝20日主持召开领导小组会议，讨论并原则通过《关于应对国际金融危机保持西部地区经济平稳较快发展的意见》。会议认为，西部地区具有巨大的市场需求和发展潜力，是扩大内需的重要发展区域。全面实施应对国际金融危机的一揽子计划，要把西部大开发放在更加突出的重要位置，财政转移支付和扩大内需新增投资要继续向西部倾斜，重点投向民生工程、基础设施、生态环境和灾后重建等领域，促进西部地区经济社会平稳较快发展。在基础设施建设方面，领导小组表示，将构建和完善适度超前、功能配套、安全高效的现代化基础设施体系。扩大铁路网规模，加快干线公路网、水运、枢纽机场和支线机场建设，加强水利、能源、信息和城镇等领域的重点基础设施建设。灾后重建仍是当前西部地区工作重点。领导小组对此作出指示：优先保障灾区群众住房建设，抓好学校、医院等公共服务设施恢复重建，加快基础设施和产业恢复重建，切实保证工程质量。在就业方面，领导小组强调要千方百计增加就业，加快保障性安居工程建设。从以上几大领域来看，西部大开发以基础设施建设等为主要内容，因此建材行业将分得最大蛋糕。但促生产搞发展，并不会意味着会扶持“政绩型GDP”。在产业结构调整方面，领导小组特别强调要推进兼并重组、淘汰落后产能、落实节能减排和防止重复建设。,3,4,0.7518683075904846
引经据典 各界精英共话回潮之风杨熙：今天嘉宾在这里我觉得谈的很有意思的，最开始谈到回潮，讲到怀旧，最后又讲到城市规划等等。我想在最后的时间我想让每位嘉宾用一句话或者说最简单的语言来总结一下，咱们还是紧扣在城市里面的回潮的主题，每个人介绍一下我们对回潮的简练的理解。或者说如果说你希望我们到底需要的是怎么样的一个回潮，或者说叫复兴吧。宫铁军：我真心希望中国的建筑在未来能够找到自己的复兴之路。现在到日本去无论这个建筑什么样的形态，你总能在最后找到日本的感觉。其实是它是靠尺度，靠规划，靠它的一些骨子里的那些东西体现出来的。所以说中国一定能找得到，那么就靠中国这代设计师，相信在未来的十年中国的建筑一定会复兴。陈炜：作为我们家居行业的，我们希望回潮能够真正根据中国传统文化历史以及现代技术的结合能够做到这种新的创新。这是我理解的回潮。孙群：我想感谢的是储社长，我在听你说的时候特别受感动，你说到舞台的东西，实际上这都应该是政府做的事，因为它们不在引导这些，所以导致了你的这些严肃艺术不可能有市场，所以我想如果说我们不要，我们今天在讨论回潮，我们希望在整个这个回潮过程当中，从政府这个角色的回潮不要是被动地发生的，希望它们更多的主动地发生去做一些事情。赵路兴：好几个逗号的一句话，还是讲住宅，大家最近三四年关心的最多的都是住房的价格，房价，去年又有一个比较大的跌，实际这是一个插曲，中国的房地产高速发展是没有问题的，经济持续的发展，中国最大的问题我也赞成大家说的能不能提出一些好的购房产品，特别是节能，环保型的住房产品。所以刚才宫总说我也很感动，我觉得企业家现在想的这个事应该说是非常占主要的事情，中国的第一个十年发展的就是解决有和无的问题，第二个就是节能环保的问题，有这个企业自上而下的发展，从上头强行地推你这个东西，我觉得这个想法很天真，所以弄的自己也很烦恼，因为我们中国东西是自上而下的东西，包括我们节能，税收这些支持，虽然有技术的支持，所以未来的十年应该是非常看好。许力：我觉得我还是激动，最后一句话是这样的，我刚才听完大家说我的感触也算是今天的收尾是多元化这个词不是抄袭和没文化的借口，多元化不能作为抄袭和没文化的借口，技术解决不了任何文化问题，文化只属于精英阶层就那么简单。储兰兰：干净利落。我不敢批判，我只敢表达。我觉得回潮不是回归，因为社会是要变化，是要发展的，是要改革，要紧跟时代，所以我也希望就刚才您(孙群)比较同情，希望社会也好，政府也好，媒体也好能为咱们中国特有的传统文化搭建一个舞台。王?：我接着宫总来说，宫总说我们这代是奉献的一代，我心里一振。我是觉得我们的确是在一个转折期的一代人，但是我觉得这个机遇也是非常好的一个机遇，所以今天大家凑在一起讨论，我觉得我们这代人就像，就美国战后那一代，民权运动哪些人，没有他们的牺牲就没有美国文化的繁荣，我想等我们五十年以后或者三四十年以后我们回首的时候，我们可能觉得我们这代人做的事情其实很有意义的，也许是几个世纪都很难遭遇的时代，我们虽然奉献但是还是幸运。刘达飞：建筑回潮，以人为本。段妍玲：我想今天有很多房地产的精英，所以我想表达一下我自己的，我其实从来不批判，我是非常爱提问的。我觉得房地产商十年的工作肯定要让大家认可的。第二个关于回潮我自己的理解，我觉得又回到刚才宫先生说的很积极而且很乐观，我也希望看到十年之后我们中国有非常好的建筑的项目，建筑师，大人物的出现，我想那个时候至少中国的回潮先把非常显性的中国元素的重新体现能够真的是消化，能够在隐性和气质上的真正的沉淀和理解之后出来的东西，真正的有我们的气质，而不是像今天继续讲风格。杨熙：谢谢大家参与今天的论坛。我想在今天最后的话还是要感谢咱们九朝会给咱们提供这个场地，也感谢各位专家的参与，尤其是代表各个层面的，我想今天有咱们的赵处长，也有宫总，也有批判学者，也有文化人对咱们这个话题进行深入讨论。再次感谢大家的参与。谢谢。 杨熙：今天嘉宾在这里我觉得谈的很有意思的，最开始谈到回潮，讲到怀旧，最后又讲到城市规划等等。我想在最后的时间我想让每位嘉宾用一句话或者说最简单的语言来总结一下，咱们还是紧扣在城市里面的回潮的主题，每个人介绍一下我们对回潮的简练的理解。或者说如果说你希望我们到底需要的是怎么样的一个回潮，或者说叫复兴吧。宫铁军：我真心希望中国的建筑在未来能够找到自己的复兴之路。现在到日本去无论这个建筑什么样的形态，你总能在最后找到日本的感觉。其实是它是靠尺度，靠规划，靠它的一些骨子里的那些东西体现出来的。所以说中国一定能找得到，那么就靠中国这代设计师，相信在未来的十年中国的建筑一定会复兴。陈炜：作为我们家居行业的，我们希望回潮能够真正根据中国传统文化历史以及现代技术的结合能够做到这种新的创新。这是我理解的回潮。孙群：我想感谢的是储社长，我在听你说的时候特别受感动，你说到舞台的东西，实际上这都应该是政府做的事，因为它们不在引导这些，所以导致了你的这些严肃艺术不可能有市场，所以我想如果说我们不要，我们今天在讨论回潮，我们希望在整个这个回潮过程当中，从政府这个角色的回潮不要是被动地发生的，希望它们更多的主动地发生去做一些事情。赵路兴：好几个逗号的一句话，还是讲住宅，大家最近三四年关心的最多的都是住房的价格， 房价，去年又有一个比较大的跌，实际这是一个插曲，中国的房地产高速发展是没有问题的，经济持续的发展，中国最大的问题我也赞成大家说的能不能提出一些好的购房产品，特别是节能，环保型的住房产品。所以刚才宫总说我也很感动，我觉得企业家现在想的这个事应该说是非常占主要的事情，中国的第一个十年发展的就是解决有和无的问题，第二个就是节能环保的问题，有这个企业自上而下的发展，从上头强行地推你这个东西，我觉得这个想法很天真，所以弄的自己也很烦恼，因为我们中国东西是自上而下的东西，包括我们节能，税收这些支持，虽然有技术的支持，所以未来的十年应该是非常看好。许力：我觉得我还是激动，最后一句话是这样的，我刚才听完大家说我的感触也算是今天的收尾是多元化这个词不是抄袭和没文化的借口，多元化不能作为抄袭和没文化的借口，技术解决不了任何文化问题，文化只属于精英阶层就那么简单。储兰兰：干净利落。我不敢批判，我只敢表达。我觉得回潮不是回归，因为社会是要变化，是要发展的，是要改革，要紧跟时代，所以我也希望就刚才您(孙群)比较同情，希望社会也好，政府也好，媒体也好能为咱们中国特有的传统文化搭建一个舞台。王?：我接着宫总来说，宫总说我们这代是奉献的一代，我心里一振。我是觉得我们的确是在一个转折期的一代人，但是我觉得这个机遇也是非常好的一个机遇，所以今天大家凑在一起讨论，我觉得我们这代人就像，就美国战后那一代，民权运动哪些人，没有他们的牺牲就没有美国文化的繁荣，我想等我们五十年以后或者三四十年以后我们回首的时候，我们可能觉得我们这代人做的事情其实很有意义的，也许是几个世纪都很难遭遇的时代，我们虽然奉献但是还是幸运。刘达飞：建筑回潮，以人为本。段妍玲：我想今天有很多房地产的精英，所以我想表达一下我自己的，我其实从来不批判，我是非常爱提问的。我觉得房地产商十年的工作肯定要让大家认可的。第二个关于回潮我自己的理解，我觉得又回到刚才宫先生说的很积极而且很乐观，我也希望看到十年之后我们中国有非常好的建筑的项目，建筑师，大人物的出现，我想那个时候至少中国的回潮先把非常显性的中国元素的重新体现能够真的是消化，能够在隐性和气质上的真正的沉淀和理解之后出来的东西，真正的有我们的气质，而不是像今天继续讲风格。杨熙：谢谢大家参与今天的论坛。我想在今天最后的话还是要感谢咱们九朝会给咱们提供这个场地，也感谢各位专家的参与，尤其是代表各个层面的，我想今天有咱们的赵处长，也有宫总，也有批判学者，也有文化人对咱们这个话题进行深入讨论。再次感谢大家的参与。谢谢。,3,4,0.930077075958252
张仁这个行业至少要火爆二三十年张仁：大家知道品牌建设实际是一个企业、一个国家、一个行业它的文化建设。为什么说品牌就是文化？那么文化里面，我们作为品牌主要是服务，我们讲家居行业主要是要突出三个方面。就是质量、服务、诚信。抓住了这六个字，我们企业的品牌、文化建设应该说抓住了它的牛鼻子。大家知道我们北京家居博览会已经办了三届了，应该说一届比一届好，而且是越来越好。我们朱武先生在这里，我们朱总是我们温州装饰协会的副会长，也是我们中国建筑装饰协会住宅装饰装修委员会的组委。那么2007年，我们在策划这个展会的时候我们首先的定位是一定要打造我们家居博览会的文化品牌。那么从第一届、第二届、第三届到马上要举行的第四届，我们看到一步比一步好，当然归功于各位在座的大力的支持。那么我们这个博览会的品牌，首先它是诚信。第二，它是创新；第三，确实我们集中了我们全国的，特别是北京地区优秀的家装企业、知名品牌，我们的主流媒体。那么品牌建设就是文化的建设，为什么说文化它是品牌建设的一个核心呢？因为文化包罗万象，我们说世界金融危机，美国的次贷危机是文化的危机。为什么说是文化的危机呢？美国人的生活文化是今天花明天的钱、后天的钱，借来借去还不了的。为什么中国可以挺过来，因为我们的传统文化，是勤俭持家，是多少钱办多大的事。中国的传统文化是大部分是有1000块钱敢花800块钱，所以品牌建设是文化的价值取向大家共同的一个追求点。所以我讲品牌建设是一个文化的建设，那么我们家博会这个品牌就充分体现了这一点。那么大家看到在王总的领导下，第三届、第四届越来越好，相信第五届、第六届越来越好。所以我们会一如既往支持这个家博会的品牌，而且进入到全国一线城市，特别是二三线城市，因为房地产进入了二三线城市，包括四级城市。伴随行业科技的进步，我们家装建材水平越来越好。刚才苏纶秘书长介绍了建材的情况，我想随着家电、汽车下乡，我们建材也会下乡，因为伴随中国城镇化道路的不断的加快，农村人口要不断变成城市的人口，我们市场潜力巨大。这个行业至少要火爆二三十年！谢谢！主持人：在认识过高志华先生之前，我听说很多人说过您一摸就知道建材的材料。应该说南浔的发展离不开高老师的支持。应该说今天我想听高老师给我们谈谈这些年来木地板行业品牌建设都取得了哪些成绩。接下来还有哪些问题您觉得应该受到关注的？高志华：谢谢！金融风暴以来，中国的建材行业在2009年初的时候大家都以为山穷水尽无疑路，可是到年底大家一盘点原来是柳暗花明又一村。所有人给我提出的问题，正如我们的温家宝总理讲我们虽说走出了困境，但是我们的道路很长。中国的地板行业在2009年度过了一定的难关，决胜争端、渠道为王取得了巨大的成绩。据我们不完全的统计，我们的地板销售量2009年什么地板是5000万平方米？强化地板是2亿1千万平方米，什么地板增长的最快？9000万平方米。这个取得了比较好的成绩。我们地板行业是洗牌洗的比较严重的，就是中间品牌。知名品牌应该说过的相当好的，全国地板行业，号称地板行业5000家，有品牌的大概1000多家，真正在市场上销售的也就是500多家。也就是说大部分是不死不活的，然后北京通县、大兴有几个著名厂家崛起了，大部分厂家不行。今天欧人地板是通县的，它是崛起的一面旗帜。我们中国有地板之都是2006年之后，这个表现了地板产业的集中。但是现在地板之都也慢慢地拉开了距离，在国际化的竞争当中在经济的营销渠道当中的跌荡也拉开了距离。整个地板行业应该说正在不断的深化、前进，所以说前进的道路用我们的话来讲很简单，很土。很多人要摸着石头过河，我对地板行业一再说一定要走品牌的道路，不要打价格战。所谓的品牌是满足消费者的需要，就是两个承诺，一个宗旨，以提高市场综合竞争力提升品牌为宗旨。两个承诺，必须对产品质量承诺，对售后服务承诺。我们建材行业不是家电行业，它要进行加工的。你涂料也好、瓷砖也好，都要经过加工的，所以说产品的质量和你的施工服务是两个服务，好的涂料、好的地板，不好的施工照样白搭。三方利益，包括我们这次第四届的博览会，为什么可以从第一届、第二届到第四届，而且以北京为核心的，向周围乃至全国辐射？就是考虑到市场的需要。所谓市场是什么？就是消费者的需要。所以我们一定要考虑到第一是消费者的需求，从我们家博会买的东西比市场方面贵、不好、拐骗，完蛋。第一是消费者的利益。第二才是商家的利益，就是进驻厂家的参加展览会你欧人也好、什么也好，他们也要考虑利益。第三，主办方的利益。主办方始终要把利益搁在最后，要把消费者的利益搁在第一和厂家的利益。所以说要办好家博会必须是一个宗旨、两个承诺、三方利益。因此家博会要开这种永不落幕的展览会，前期是广告，包括今天的发布会。为什么领导也来了，我看很多主办方的领导来了，包括中央电视台来了。你们要宣传这样的展览会它以消费者利益为重，保护消费者的利益，是一个值得参观、选购、放心的地方。谢谢！主持人：非常感谢高老师刚才精彩的演讲。不仅讲了行业的动态，也对他对家博会的理解和要求，同时让我们从他身上感受到家博会本身服务于民，为老百姓服务的宗旨。刚才高老师也提到了在这么大的一个木地板行业当中，应该说数量非常多，但是精品不太多。但是其中的欧人地板应该说在众多的地板行业当中是一个异军突起的重要的品牌，我想这个企业的发展有它很多很多自身发展的策略，以及它的运营的思路。但是我想其中有一点应该是跟这个企业品牌的策略有一点的关系。今天我们也请到欧人地板闫总，请跟我们谈谈你们欧人地板如何注重这个策略的？,3,4,0.6331008672714233
张仁：企业与科技力量结合会产生无穷后劲主持人：谢谢贾会长！下面让我们有请中国建筑装饰协会住宅装饰装修委员会的张仁秘书长上台致词。张仁：各位领导、各位嘉宾、各位专家、各位媒体朋友们，大家上午好，非常高兴参加轻舟今天这个论坛和新产品推出的发布会。首先，代表中国建筑装饰协会住宅装饰装修委员会对轻舟公司这几年来沉下心来研究高科技的产品，进行产学研结合，包括今天论坛的主办，表示热烈祝贺！金融危机挡不住，轻舟闯过万重山。两个礼拜之前，陈总给我打电话说要办这个论坛，我非常高兴，因为轻舟世纪是全国的家装知名企业。我们中国的家装行业完全是伴随着改革开放和市场经济的产物，完全是我们中国特色的经济现象、文化现象、社会现象。我们的住宅装饰装修，对于提高人民的生活品质，对于构建小康社会，建设和谐社会，都作出了突出贡献。我们这个行业，应该说前几年中小企业经过十多年的发展，今年我们中华人民共和国成立60周年，改革开放走过了30个年头，家装行业也经历了十多年，未来家居的发展，靠什么？就是靠科技创新，靠我们的产品创新，靠我们转变我们的经济增长方式。面对金融危机，我们要扩内需、保增长、促发展。轻舟装饰公司这一举措，应该说为我们全国的家装行业，乃至整个装饰装修的产业链注入了一个新的活力、吹来一股新的春风。在会前，我们看了这几个研发部分的产品，这是我们一些老专家、老的科技工作者参与，与轻舟一起做出来的，这就是产学研的结合。我们任何一个行业、任何一个产业，如果与科技力量结合起来，就会产生无穷的后劲。市场经济要经过几个阶段，无论国际国内，首先是量、规模，家装也一样，陈总这里也一样。十多年前，他成立了轻舟公司以后，就是靠量，一户一户做，一个月做几百户家装。第二阶段要品质，提高我们装饰装修施工的品质、设计的品质，最后是产品的品质。第三个阶段，就是要提高他的品位，第四个阶段就是新，靠我们施工工艺的创新，我们产品的创新，我们一些新技术、新科技、新材料的这种创新大量的使用，来带动我们这个行业健康有序可持续发展。这是为我们全行业搭起一面科技创新的旗。作为中国建筑装饰协会住宅装饰装修委员会，我们坚决支持，并且我们在全国选择时机来推广这些装饰集团科技创新的新产品。从而提高我们家装行业整体的水平，特别是它的产业化、现场装配化、智能化、环保化、四节一环保，这是党和国家的产业政策。这样使我们真正能够通过新产品的推出，真正能够建设资源节约型、环境友好型这样一个家居产业。最后，我再次祝贺轻舟公司通过科技创新越办越好，预祝今天的论坛圆满成功，谢谢大家！主持人：相信通过刚才贾会长和张秘书长的谈话，我们可以相信，在北京市建筑装饰协会和中国建筑装饰协会住宅装饰装修委员会的大力支持和指导下，我们的轻舟装饰企业，一定能够携手努力，突出危机的重围，推广出一系列的高科技家装产品。接下来有请北京市平谷区建设委员会的刘晓光主任上台致词！刘晓光：各位嘉宾、新闻媒体各位朋友，大家好！我是北京市平谷区建设委员会主任，轻舟装饰2000年在平谷注册，经历了将近十年的发展。作为我们建委，应该说也是亲眼目睹了轻舟装饰从小到大、由弱到强，整个的发展过程。轻舟装饰在咱们这个团队的带领下，以严谨的工作作风，积极的市场开拓，发展成为全国的装饰知名企业，我们也感觉到非常欣慰。今天他们提出了科技创新品质生活的新概念，而且在装饰企业，或者说在建筑行业，率先成立了自主的研发团队，积极地开发新的产品，与市场结合，与用户结合。我想科技是第一生产力，科技不光改变和影响人民的生活，也必将给轻舟的发展带来巨大的潜力。同时我也希望轻舟装饰在科技的引领下，真的像一叶轻舟，科技引航，又好又快地走向全国、走向世界。谢谢大家！主持人：让我们再次感谢刘晓光先生的精彩致词，下面让我们有请全国工商联家具装饰业商会张传喜先生致词！张传喜：尊敬的各位专家、各位领导，媒体朋友大家上午好，很高兴代表全国工商联家具装饰业商会参加轻舟举办的这个论坛。我们轻舟今天提出的主题是科技创新品质生活，说明我们中国的家装业已经开始以科技作为核心竞争力，来发展自己的品牌。可以说，这也是我们家装行业的一个进步。大家都知道，过去我们中国的家装业，经历了一个广告战、价格战、小区战这样一个竞争形式，随着国家实力的提升，老百姓对生活品质的提高，我们家装行业也开始从同质化竞争逐渐向一个差异化竞争方向发展。这个方向主要靠科技竞争作为自然的基础。在十几年的发展中，我们北京也成长了很多优秀的品牌家装公司，而且这些家装公司在科技文化方面都做得比较好。比如业之峰的环保业评系统，在设计方案和装修报价确定后，科学地计算出各房间主要的有害气体。东易日盛也投资两亿建设一个世界级的家装工厂，开展研发设计和生产。我们轻舟公司也很早做数字化套餐导入。这些可以说是我们企业在主动地去寻找新思路、新产品和新科技的探索，也证明了我们家装行业和科技密不可分的两个方面。今年年初，我们广东省批准了家具行业也可以列入高科技企业的行业。我想，希望我们的家装公司有一天也可以去申请这么一个高科技企业。可以说这对我们这个行业来说，是一个很好的借鉴，可以得到政府和有关方面的更多支持。我们在家装方面的进步，不仅是能使我们的企业降低成本，提高环保产品的比例，施工工艺的应用，我想更多的是让我们的消费者享受到环保节能与健康安全的家居生活环境，实现我们企业与社会的双赢。从而达到我们共同的目标，就是科技创新品质生活。家装科技既能让消费者获益，也能让企业自身获益，目前虽然我们面临的市场环境并不乐观，但是我想越是在关键时期，我们越需要科技与管理的力量，这也是我们度过这个非常时期的基础，只有这样，我们才能在市场竞争中保持发展。但是同时我们也看到，我们的企业在科技方面还是不足，国家对民营企业对知识产权的保护很弱，对民营企业科技创新支持方面的资金、金融政策投资力度不够，作为我们这个行业商会，我们也责无旁贷。全国工商联家具装饰业商会现在也在积极地做这方面的工作，前不久也很巧，我在深圳待了几天，去了几家设计公司，深圳因为最近在做创意产业园，所以说有机会在深圳看到了很多从事家装行业多年的设计师他们做的产品。但是很遗憾，有些设计师和专家，他们在设计领域做了很多年，研究出很多产品都非常好，但是就是苦于找不到怎么去把它转化成我们工厂的产品，转化成消费者喜欢的产品，因为中间的这个环节是非常复杂的。虽然深圳市政府对这个创意产业有一些扶持资金，但是因为申请人特别多，得到的特别少。设计师和我们的工厂和我们的企业联系得不紧密，所以这个中间的桥梁和支持都是不够的。所以说，我们商会可以在各方面做一些工作，让政府在这方面给我们这个行业更多的资金，在社会吸收更多的金融机构以及投资机构进入到里面。另外一个就是加强我们的设计师、加强我们的工厂还有家装企业的紧密对接，使我们的工作迅速地转化成市场有机的生命力量。所以，今天能够参加这个新闻发布会，看到轻舟的产品，我自己也比较欣慰。因为能够看到我们的家装企业，能够在研发上投入这么多的精力，做出这么多对市场、对消费者节能环保的产品，也是看到了我们这个行业的希望。所以，最后我代表商会衷心地祝愿轻舟公司今后能够继续大力地在家装科技方面进行投入，为我们的消费者、为我们的行业研发出更多环保、节能的产品。谢谢各位！,3,4,0.7425786256790161
张仁：家居产业没有冬天 只有丰收的秋天主持人：谢谢雷总。雷总是社委会成员中负责我们家居产业周刊的直接领导，对我们周刊关爱有加。在邱成军社长倡导的和谐氛围下，在雷雅梅副总编辑的领导，北京商报《家居产业》周刊才会在吴厚斌主编的主持下，办出特色、办出风格、办出个性，并在家居行业内拥有了一定的话语权。到底是不是这样呢？我们说了不算，得听专家怎么说。下面有请行业协会的代表，中国建筑装饰协会住宅装饰装修委员会秘书长张仁先生致辞！图为 中国建筑装饰协会住宅装饰装修委员会秘书长张仁张仁：各位领导、各位嘉宾、各位同仁、各位朋友，大家下午好！首先代表中国建筑装饰协会住宅装饰装修委员会，对这个北京商报成立三周年《家居产业》和08—09年我们家居行业“景气报告”发布盛典，表示热烈地祝贺！同时，我们也感谢北京商报、北京商报《家居产业》周刊创办三年来，为我们中国的家居产业、为北京市家居产业的健康有序又好又快地发展，为这个行业的成长、为品牌的成长不遗余力，我在此向北京商报《家居产业》表示衷心感谢。第三点，我汇报一下全国住宅装饰装修行业的发展情况，大家知道金融危机或多或少影响了我们中国的各行各业经济的发展。但是，今年春节过后，我们全国的家居行业逆势上扬，我们的产值应该说从20%—70%递增，全行业特别是二三线城市的家装行业发展势头，不但没有受到任何的影响，而且发展越来越好。也就是说，我们中国的家居产业没有冬天，只有丰收的秋天。所以，我再一次地感谢我们在座的各位同仁，为我们这个行业面对、大家攻克时艰、团结合作，努力打造中国的家居品牌，为老百姓服务。住宅装饰装修行业，是构建和谐社会、建设小康社会的重要载体，同时也是体现改革开放重要成果的一个具体体现。所以，希望我们通过今天这个会议，进一步地团结起来，携手并肩，创造我们中国家居产业、北京市家居产业美好的明天。谢谢大家！,3,4,0.6764032244682312
张仁：家装案例库 将引导新消费趋势(图)主持人：下面我们有请中国建筑协会住宅装饰委员会秘书长张仁先生致辞。张仁：各位来宾、各位同仁大家上午好，九点钟从井冈山革命老区回来，非常高兴，首先代表中国建筑装饰协会、住宅装饰委员会对新浪和业之峰这么一个新模式、新起点、新选择全国家装案例库突破一千万点击量的新闻发布会表示热烈的祝贺。关于业之峰，刚才张总讲了很多，业之峰企业是我们全国住宅装饰装修行业百强企业，全国最具影响力的企业，也是全国的知名企业，改革开放三十年，我们中装协授予了全国三十家企业最具影响力的企业，业之峰是一家，张总是中国改革开放三十年家居行业杰出贡献人物，我们中国建筑装饰协会有18位副会长，家装有两家，其中就有业之峰一家，从97年企业创立以来，十多年的时间，业之峰在不断的创新，在不断的发展，不断的有新的东西在我们的行业内发起、提出。所以我们的业之峰企业应该说在市场的经济大潮中，国际风浪中不断的引领我们这个行业健康、有序、又好又快的发展。井冈山精神就是艰苦奋斗、实事求是、努力创新。这次我们看了井冈山，我们觉得一定要在不断创新的基础上发展我们的企业，发展我们的行业，业之峰风格汇去年11月22日开张，那时候全球一片面对金融危机哀叹的时候，我们业之峰企业逆势开张，开张五六个月以来，效果非常好，这就是我们中国建筑装饰协会五年前提出的，我们全国的家装企业要从高档的写字楼搬到街面店，建立自己的家居体验馆，实践证明这个是对的，我们全世界的经济从农业经济到工业经济到现在的体验式经济，一定都要体验，我们的新车上市可以试驾，新酒店可以试住，包括青年人的婚姻都可以试婚。从我们的家装来看，过去有三维动画，效果图、平面图，到我们的样板间，现在进入了新的领域，通过互联网大家体验、选择、鉴赏我们的各种家居的样板间，或者说我们的项目，这就是我们新的消费的趋势。从全国来看，这种模式应该说还不多，这是我们新浪网和业之峰我们说强强联合。这种形式对于引领行业的发展多了一个营销的渠道，使老百姓、特别是年轻人，我们的八零后、九零后新的消费的模式。所以我代表中国建筑协会、住宅装饰委员会再次对这个模式表示祝贺。另外我汇报一下我们全国的家装的形势，去年下半年大家知道，伴随着金融危机，各行各业都不太景气，但是全国的家装行业今年逆势上扬，除了个别的一线城市个别企业有一些影响之外，全国的家装企业今年超出了大家的想象，所有的生产、销售额都是上升的，平均上升20%到70%。特别是二三线城市，发展的更为好。大家也看到了我们国家公布了今年上半年的各种经济数据，我们叫回暖也好还是什么也好，在党中央国务院四万亿拉动内需的政策促进下，我们的房地产、我们的装修行业，特别是幕墙有几个企业也做的很好，给大家带来了信息，我们全国的家装行业没有受到很大的影响，今年普遍都是提升的，我们企业领导人发展有信心，我们的员工有信心，整个行业发展的非常好。我们大家知道，家装行业过去是散兵、马路游击队开始的，伴随着改革开放，我们开始做公司，现在的形势下，我们叫新形势，新任务，新模式，新起点、新选择，我们企业的经营就应该打品牌，打文化牌，一个国家，一个民族，一个企业，一个人最终都要做文化，所以我们现在家居叫文化，我们现在研究一个论文课题：全国住宅装饰装修行业已经从家装建材承包商到家居文化供应转变，过去单独做工程，现在可以做集成，像业之峰的风格汇，业主到这里看一下，肯定会签单。另外一个好的气象，我们全国大概有十多家做工装的企业开始做家装，像北京红高，一千套样板间，我总结是用做五星级酒店的模式做家装，有一万平米的家具展览展示厅，他们原来做工装的，做的很好。大家可以看到，我们的市场非常大，今年一月七日，我们一家企业真正的做到合资成功，和法国圣德班(音)企业合作，真正外资企业进来的第一家，世界的风投公司进入我们的家居还是看到我们的市场。胡锦涛总书记说过，再过二十年，我们要进入高水准的小康社会。所以我们的市场永远潜力是巨大的，老百姓小房换大房，这种欲望和追求是永远不会终结的，作为行业协会我们仍然对这个市场非常看好，仍然鼓励我们的企业不断的创新、不断的发展，不断的实现自己的人生理想，企业的理想，所以希望我们大家携手共进，再创我们行业健康有序、又好又快发展的辉煌业绩，谢谢大家。,3,4,0.7514914870262146
张克斌：广营地区政府愿为所有的企业家们服务主持人：谢谢张区长，朝阳区一定是非常的有吸引力的，在上个月北京电视台正式搬迁到朝阳区了，接下来让我们有请朝阳区来广营地区工委张克斌致辞！张克斌：各位领导、各位嘉宾，各位朋友大家上午好，今天我们在这里举行红星美凯龙家居广场的开业庆典，是我们来广营地区经济发展的大事，在此我代表来广营党委政府对红星美凯龙家居广场的开业表示热烈的祝贺。向参加今天开业庆典的各位来宾、各位朋友表示诚挚的感谢！近年来来广营乡一直致力于优化产业结构，发展环境，服务企业发展，努力为辖区企业营造良好的发展空间和和谐的氛围，红星美凯龙经过22年的发展，已经成为以家居贸易为代表的现代连锁服务业，成为中国家具流通业的第一品牌，产品涵盖家居、建材、装饰等领域，红星美凯龙北五环店的开业，必将改进京城家具业的布局，同时金融危机蔓延的情况下，促进我地区全面保增长，保稳定的目标，并对该地区的经济有一定的刺激作用，我们相信红星美凯龙家居广场的开业，一定会给广大的顾客带来优质的商品，优良的服务，为当地的经济注入新的活力，为来广营地区的发展作出新的贡献，作为党委政府，我们愿意为包括红星美凯龙在内的所有的企业家们服务，为广大的纳税人服务，为企业的发展创造一个良好的经营环境和社会氛围，衷心的祝愿红星美凯龙开业大吉，生意兴隆，也祝广大的劳动者节日快乐。,3,4,0.7373635172843933
张宝贵：结缘混凝土融入建筑设计主持人：谢谢Maria Belen Mendizabal女士，他从不同的国家和不同的文化给我们诠释了一个和谐的城市所必要的一些基本的理念。今天我们将邀请最后一位为我们做演讲的嘉宾，他是北京宝贵石艺科技有限公司总经理张宝贵先生，今天演讲的题目是结缘混凝土融入建筑中，大家欢迎一下。张宝贵：在非常尴尬的时间，我一定在规定的时间内尽量把语速加快。非常感谢组委会也感谢各位到会的嘉宾，非常抱歉的还要占用你们一点时间。我是从一个边缘话题，实际上是皮毛的事情说起。因为我们试图为建筑穿衣服，当然能不能穿好我抛出一些案例跟建筑师的思考，包括我们的一些体会，不一定说的得当，真的是抛砖引玉。刚才齐总讲话非常美，真的犹如诗篇一样，这不仅仅是建筑的概念，这是一种智慧，一种思维。我不是学建筑的，我是给建筑师提供材料的。我想如果最终我们的创造像诗一样的美，其实刚才上述很多领导和专家发言很精彩，就真的像戏班人讲的好梦成真。我们所说的有在苍天的眼中都是无，我借助这样的画面，不管是建筑师的建筑设计，我们作为材料供应商的材料供应，我们如何去理解创造之美。这是霍金混合中的宇宙，我们可以微观的看，也可以宏观的看。实际上这可以是具体的画，也可以是抽象的画，可以用自然的眼光看我们漠视的景观，包括这样雕塑经常有人讲它的美学，讲历史学，其实我也在猜测，因为大家不生活在三万年前，都是猜，我也猜一次，还是因为生存的原因。在当下什么是重要的要生存的呢，其实我们做这件事22年做壮制混凝土就是两个字，就是活命。这里面要阐述桩制混凝土，我1987年回到北京带着一帮老百姓为了生存搞起了装饰混凝土，既然为了生存就不得不研究建筑的需要，建筑师的需要，前不久崔恺知道我出这本新画册，今天他没有到会，他写了一段短话，其实最后他所说宝贵的再造艺术特色正缝之时，这可能和我们的大背景有关系。这讲的是将近二十年前已经做古的一些建筑师，因为一开始没有想到我们能为建筑服务。后来二十年前的全国第一次装饰混凝土研讨会，我就大着胆子上台讲装饰性混凝土，当然今天也是撞着胆子，我们是边缘人物，也希望抛砖引玉，也希望能找到一些活干，这是我跟清华老师在印度。我旁边是齐欣齐总，这是在十几年前四十位所谓青年建筑师，在今天已经都不年轻了，什么意思呢？下面我会讲最早房房展和如果不像势头就不用。第二不能光看钱要走对路，黄贵一开始说他们像裁缝，我们提供的东西像布料，布料好他们就用。其实还有很多这样的边缘故事来自方方面面，回归方方面面。我的体会是什么呢？文化是穿越时间，文化是一个边缘学科的技术集成，文化是活的，文化是长起来的，今天更多的是讲建筑文化，建材文化，舞蹈、音乐都是文化，这是文化的表象，虽然很重要。文化的核心是人的精神状态，有什么样的精神状态它就会有什么样的创造能力，他就会产生什么样的活动和什么样的作品。所以千头万绪一切是因为人而发生的，一切是为人所服务，所想象的，所以刚开始宋部长就讲到这个话题，齐欣、崔彤都讲了这个话题，这是我们20年做的历史博物馆，今天能成功就两个字便宜，除了便宜没有地个诀窍，所谓技术和其他东西都有，我们用今天技术挣未来的钱就必败无疑，我们讲市场经济，市场经济是什么，市场经济就是适合的报价，不然的话没有人买单。就像我们到餐馆吃饭一样。这是在1989年动乱时期，让我们做的历史博物馆，混凝土可以做初始投质感，混凝土一开始就能满足建筑的需要。比如说这样的东西，其实是不是镀铜，是不是贴金，这有多贵都不重要，这为建筑提供了一种可能新，因为混凝土不姓张，混凝土姓建材，只是我们找到了建材和建筑的切合点，我们就找到了生存之路，我们可以叫做艺术，我们可以叫做文化，我们可以叫做创新，我们可以叫做环保。关键就是我们能找到这条路吗？这是首都机场浑天仪，没有以为他是混凝土做的，都以为是铜的，22年来我们建了田园，有人说这跟你有什么关系，因为我们今天讲的是什么呢？种子项目，如果种子项目没有好的环境，种子怎么开花结果。这里面我们想给大家提供混凝和和G2C结合起来，变轻变薄了。安德鲁在04年2月20日到昌平找到我们说能不能做这个，我们其实也不能做，没有做过，但是我们告诉人家能做，我们就把自己给绑架了。用了600天搞研发，其实刚才很多建筑师讲，刚才宋部长也在讲，讲特质，讲一种创新。我们有时候能不能把自己绑架，这是成功很重要因素。这是安德鲁在我们公司，安德鲁跟我们的员工，这是做完吊顶，这只有24小米，一共是100多吨，164块，实际上我们做完这个项目赔了100多万，刚才赵总讲做水立方体会，其实很多报纸讲我们是失败的商人，成功的艺术家，其实是失败和成功都不重要，关键是这项技术是不是前进了，这个技术作为G2C技术以什么样的品质出现的。所以今天上午一些电视台还采访我，说人家做买卖都挣钱，你做买卖赔钱，20多年花了这么多钱搞研发你是怎么想的，你的经营目标是什么。我们可以上小学，我们可以读研究生，上小学和读研究生所投入的费用是不一样的，只要你心中真有目标，你为你的目标去破费别人怎么说都不重要，关键是能不能把自己的目标实现，这是安德鲁写的文章，我们下面要给大家汇报的是我们在展会有十四个展位。感谢组委会给我们提供这么好机会，上午领导也去了。我实际上讲了几个观点，我们能不能为建筑服务的时候借景，借场，借气，这是相得益彰，建筑推广新材料的时候也借一点气，因为材料上有气，材料是活的，这里本没有高低上下之分，就像一个音符，好的作曲家会创造出畅快淋漓传世的作品，衣服本身没有意义，关键在于作曲者，材料本身都是死的，关键在于建筑师能不能让它活了。刚才我讲齐欣很多想法非常好，材料在那儿，便宜的，环保的，美观的，好制作的，好安装的，前天我见到周凯，他说张总我们现在做高层的时候遇到一个问题，我们把石材、玻璃幕墙做遍了，如果这个材料很轻，很薄，很结实还便宜不可想象未来将是什么，未来是什么？因为未来都是一个问号，关键就是建筑跟建材能不能真的成为同盟军。我说的是下面有很多案例，装饰混凝土一定是实践产物，市场混换的产物，当然市场里面排头兵是建筑师，规划家，这是很早以前，五年前清华让我们做这样的样板，他们校长到我们公司去，说要为国争光，因为国外有了中国没有，一个混凝土挂板，跟爱国产生联系。让我们心里发热，谁还跟爱国产生联系，混凝土居然跟爱国两个字产生联系了，我们真的以为自己爱国了，所以坚持了五年，这是很多专家，徐会长、曹院长帮助解疑，这一定是社会协作的产物。单独的建筑设计和建材研究一定很难快速发展，这必须结婚才能生小孩。如果同性繁殖即便有梦也不会梦想成真。当初请了60多位专家，有不同意见，但是奠定了这个基础。我讲这个是发现一种简易方法，现在叫做风格，后来我发现所有的风格都是因为历史的局限，不信大家就排着队去数，技术的局限，经济的局限，观念的局限，社会的局限逼出一种方法这叫风格，以后我们把风格当做标准，社会不必破你了，风格就一定会发生转移。我们提出的在当下因为节能减排，因为环保能不能把挂版做薄，因为现在不打仗了，不要穿铠甲了，能不能把十公分厚板变成一、两公分，当代科技答复是可能的，因为现在边缘技术发展异常，G2C的技术，只要我们能把所有的边缘技术呼唤到一起，像刚才崔彤讲的技术集成，我们很多问题很好解决。我这里讲技术方法，没有现在环保话题发热，用假石头做环保，然后给企业免税，这就更好接单了。因为我们的记忆是把楼板立起来挂在墙上，我们记忆就是钢筋混凝土，很多建筑师问你这里有钢筋吗，其实现在的G2C不做钢筋，因为不走火车和人，就把板做起来像幕墙，他只管自己风来了可以动，地震来了有刚架动，因为不过是装饰而已，真的像女人的丝绸而已。其实我们何必把桥梁力增加到墙上呢，我想建筑一定不是建筑单纯话题，建筑一定是跨学科话题。这几次看到崔恺，见到王晖都为我出这本小画册，20年朋友能不能写几句话，我自己说显得太武断，你们说权威，目的是干什么呢？想推出新的材料跟建筑产生同盟作用。上面混凝土板、沙石、辅料，加钢筋叫钢筋混凝土非常结实但是非常重，下面是纤维混凝土，这个很便宜，很薄，我上午向宋部长做汇报，组委会今年亮点是什么，我说是做薄。我跟有的领导讲这次推出要薄，因为边缘技术有人做纤维，有人提供G2C水泥，这种技术可以做薄我能把薄板提供给建筑师，我觉得像齐欣讲的很多东西非常好实现。赵总讲的海边海港东西，现在很多制膜技术、工装条件，现在很多特殊软件能够实现很多东西，背后是用钢架。大家能看到钢架看不能板，板这时候是一张皮。我自认为建筑需要的东西你们要吗，你们能要的东西甲方觉得没有用是另外一回事，你让我们研发我们立马研发，花多少钱总比做广告要核算，切中建筑师脉搏我们要走很多弯路，这是最开始做的板拉到火车站。到今天来讲也不是说没有瑕疵，新产品一定有瑕疵，但是大家提供一个环境，其实实现了他们设计的愿望。这是孟良崮博物馆，上面还有子弹壳。这是李农写的一段话，他几年前寻找一种面料，他说什么呢？安装的过程使我们几方认识到U型板材对精度要求，反复试挂之后，如我想象之中简洁而又精神小建筑落成了，4.2米落地长状和钢挂板，低价位，今年很多领导问为什么这么低，不是我想低，高了没有人买，我先低把研发费赚出来，不赔就是赚，少赔还是赚，因为这样我们出钱了。我提供的经验是什么呢？希望我们同行，因为跟建筑界熟，其实建筑师勇敢一点，渴望一点，跟宋部长报告讲的一样，很多东西我们伺候建筑师，建筑师勇敢用一些新东西担一些风险，明天很多设计都能变成现实，这关键是谁来先担风险，担了风险败了烈士，成了就是勇士。谁担风险谁成谁就出名了，就这么简单。任何理论不如付诸实践，传统的混凝土用钢筋增强，我们后来发现用纤维增强能满足建筑需要，这是庄惟敏柔道馆，他写了很长一段话，都是在2号到4号之间提供的，十几位建筑师那么忙也没有这么抓拍的，马上要印，没有想告诉我人造的东西是什么样一个东西，该怎么人造，他最后一句话在不久的将来它会给我们的设计带来更多的惊喜，他讲的是人造的板，是讲宏观的产业。我们也有义务为人造石材的发展做一点我们应该做的事情，其实我很感动，建筑师应该做什么我想肯定庄惟敏有很多感慨，这是我们公司样板没有办法拉，只有五公分厚，背后是钢架，这可以镀铜，我们这次拿了很多样板，我们对同行也是抛砖引玉，同行很多经验也在被我们学习。这个是树皮，0.3毫米，这是最近澳大利亚可以参照的制作安装的规范，这是我们引用的一些标准和规范。大家经常问的标准，新产品有时候不能有标准，四年了还没有批呢，我们只能引用一些国内或者国际的或者欧洲的标准。这是行业内部的标准，我们企业的标准，所谓的专利，创新大奖。这是张华的一篇文章，据说这是十几亿在国际上最久远的一个古化石的地方，因为老百姓房子是这样，他就做这样挂板。实际上王辉写了这样一段话，他说宝贵石艺所开拓预制混凝土挂版技术具有不可抄袭和难以超越的核心秘密，张宝贵先生注入到这门工艺中的热情和远见。关键这两年能不能别逃跑，以后会大把钞票来。我们今天看似技术的话题都是一个概念的原因，都是一个心态的原因，谈心态易，改心态难。他对个人，个人对艺术的执着，对设计的热诚，以及在推广这门技术过程感动了所有人的个人魅力，将混凝土点石成金的根本原因。那天说写什么呢？我说写什么都行，因为你们做了。这是一个破论的山体，用生态修复的方法，也是这个挂板。这是宋部长讲的长春市长拿不准用不用，宋部长说这个东西轻，还是用吧，按完以后据说长春市长给领导打报告说比想象的好，因为当时没有用过，怕出事，新东西不用是对的，人家怕你出事，用了如果不出事就真的对了，关键是没出事。现在作为我们材料供应商能不能想尽办法让它别出事，哪怕赔钱。我们公司走到今天其实经济发展很慢，老赔钱，本事小老犯错，犯错想在里面纠正，自己悄悄把毛病解决在企业内部，所以人都说你不会管，你是笨蛋，你不会挣钱，我说如果活不出事，我可有资格在这说话，我在上面吹牛底下活出事了，下次估计不让我说了，估计没有人听这个事了。大型挂板在张宝贵可以成为建筑艺术品，因为我叫张宝贵，实在宝贵，其实建筑师给我们加了一个担子，这样干活更得好好干，更不能出问题。我们鼓励建筑师，建筑师鼓励我们，我们造成相互鼓励，其实就是相互背上了一个责任的意识。如果我们相互排斥，我们中间就可以都不去研究和负责，这样的板远看是土，近看是土，原来是混凝土，这是前人的语言，我们只是抄来了。因为我在山西插队20年，我打过夯。最早宋部长讲文化是什么，我觉得在山西像醋缸泡我20年不酸都不行。这是前不久郭坤设计的水泥的镀铜，这是样品。前不久崔恺和张南设计的赵王城，下面是石头，上面想用水泥做，这实际上是赵国时期的文样。这是辛亥革命博物馆，我说能不能把模具支在外墙，因为后面辛亥革命100周年，如果能做出整个效果多好啊，当然大家思想没有统一，觉得做出来不是那个东西呢？可是横着树着开缝肯定不是整石头。这是重庆自然博物馆，他要做成树包石，石包树，后来我们发现建筑真的越来越活跃，我们作为一种供应商能不能简单的供应变成一种研发制造商，我们就可能找到更多的发言权。韩觉北说的给大家念一下，他在这里面有几点，这是其中一点，装饰挂板表面造型独特，能满足不同建筑风格，装饰挂板表面造型各异，安装时比较正确选用定位、装饰挂板安装时必须选用机械方法调整，单块挂件必须自成体系，这是他做大唐当中的体会，很多安装公司安装的时候遇到很多麻烦，他在这里面做了一些调整，这是他的一些安装图，节点图，这是安完的效果。从某种角度来看社会的丰富很大程度是有色彩所决定，时至今日建筑领域里的建筑材料千篇一律，单调乏味面貌依然如故，钢筋混凝土简单使用带来同质化问题，促使现代建筑的生长犹如麦田，张宝贵是这片麦田里面的诗人，记得一个秋季配北京朋友在京郊小厂第一次见到他，宝贵是农民敦厚纯朴，对待我们向一个归家兄弟，第一次看他的产品令我惊异的不是混凝土制品，而是博物馆，全部由混凝土制作，我走过全世界很多博物馆，但还不曾见过这样一个由农民艺术家，农民企业家独资创作，由混凝土材料完成所有作品的个人博物馆。当然这个个人夸张了，我有200多人帮助我做。张宝贵像一个混凝土诗人，那段时间我正在为选择西安大唐及丝绸之路博物馆面料范畴，宝贵作品给了我很多启示，我边画草图与他讨论新博物馆材料想法，宝贵收起我的草图说刘教授我试试看，两周以后发几张图片，我高兴的看到想法变成现实，经过几次调整一种从来没有过材料出现了当混凝土挂板在长安成功时，我好象看到丝绸之路驼队出现了。我那天发短信，看来建筑师不但会做图，还会写文章，其实这些东西是共同在摸索一种东西，我最后的结束有两段，如果把艺术比喻为树，夸张树冠，忽略树根会倒，22年来亲历亲为这是生活，这是经历，这是示范，这是学习，不习惯定位所犯的都是小树，树向上长，根向下扎，一天一天长大，中国日报记者很多年前给协调过一篇文章，拒绝收获并非刻意，只是不愿意收获时把什么都扔了。多少年来每当宝贵有所进步，有所发展，就能及时得到专家领导和方方面面的鼓励和帮助，特别是近几年来我们用循环经济的方法做装饰混凝土轻型挂板，由于缺少经验和条件总要预见重重困难，每当发生细微变化，大家用发展的眼光看本质，把我们夸的心里发热，每过一段时间就有新的设计和产品拿到展览会上来，向大家展示，向大家汇报，从而得到新的鼓励，新的市场。我们喜欢想入非非，别出心裁，不管如何天花乱坠，终能脚踏实地一是一，二是二，心在天而脚在地，我们喜欢创新，喜欢研究，经常碰钉子，经常被诱惑，被批评，被建设，终能按自己最初想法走下来逐渐成了风格，认准了事情不动摇，有想法容易，坚持下来难，始于创新，成于坚持。这是我们下一步的工业化，前不久见周凯，我们在学习别人的经验，跟周凯有过交谈之后，他认为应该向高层发展，一百米，二百米，他马上要设计做市场工作，不但有意义而且可行，如果规划设计研发应用施工可以协调起来，也许在不久的将来装饰混凝土轻型挂板可以在当代建筑外墙发挥重要的作用。装饰混凝土自有其传统，关键在前人基础上如何创新，如何发挥新材料，新工艺的特点，使之在文化创意和循环经济相荣的领域中有所发现，有所发展。我们有八个关键词，建筑、雕塑、商业、环保、农民、工艺、材料、创新，别人是一个点创业，我们是八个点非专业，边缘化，我22年前圈了一块地，后来才发现这叫万亩良田，22年我们在圈地，我们的边缘化行为实际上是边缘学科相荣，构筑可持续发展空间，一位大学生说你们是不是把企业当艺术来搞，有如天使在点播。22年说着自己的话，似乎把梦实现，看似虚，实则实，虚实之间自由自在，把美传给人间不亦乐乎。谢谢。主持人：谢谢张宝贵先生，张宝贵先生用精彩的演讲为我们今天的论坛画上一个完美的句号。今天一共有六位嘉宾为我们做了精彩的学术演讲，既有对建国六十年来中国建筑创作回顾和总结，又有在建筑设计理论和实践中的探索，还有像张宝贵先生这样对建筑创作给于密切配合，并在建筑材料创作中不断追求的企业家，相信他们的演讲一定会对各位参会代表留下深刻的印象，并会推动我国建筑创作不断繁荣和发展，我再一次代表大会组委会对各位专家的精彩演讲，对各位代表的积极参与表示衷心的感谢，谢谢大家！今天的论坛到此结束，谢谢。,3,4,0.6402848958969116
张恩玖研讨会阐述新观点 江泽慧亲临考察11月18日，全国木材标准化技术委员会第三届第三次年会?木材标准研讨会在南浔隆重召开。公司董事长张恩玖作为南浔地板块状经济的企业代表，特邀在会上作了题为《实施标准化战略，打造企业核心竞争力》的报告。国家林业局、国家标准化管理委员会、浙江省林业厅、省质监局、湖州市、南浔区等单位有关领导，国内多所高校、科研院所的专家学者，数十家大中型木业企业的领导和代表等200余人出席了大会开幕式。本次会议由全国木材标准化技术委员会主办，浙江久盛地板有限公司作为协办单位全程参与了筹备工作。大会以“实施标准化战略，促进地板行业发展”为主题，旨在充分发挥科技支撑作用，帮助企业摆脱国际金融危机冲击，破解产业振兴发展难题，推进地板产业转型升级，促进林业产业可持续发展。开幕式由全国木材标准化技术委员会副主任委员、中国林科院木材工业研究所所长叶克林主持，国家林业局党组成员、中国林科院院长、全国木材标准化技术委员会主任委员江泽慧女士做主题报告。张总题为《实施标准化战略，打造企业核心竞争力》的报告，高屋建瓴，从标准已成为企业竞争新的制高点、标准化是企业发展的新战略以及久盛地板是如何实施标准化的三个方面提出了见地，张总阐述的观点引起了与会人员的强烈反响并得到了广泛认同。会议期间，江泽慧院长特意来到久盛地板的展板前，她认真地阅看了展板内容，并不时与张总进行亲切的交谈，了解公司的发展情况，并仔细地询问了产品制作工艺和产品性能等。江院长对久盛专注于地板行业，坚持以价值取胜做法，优秀的企业文化、科研研发管理以及企业发展的战略等，给予了高度的评价。下午，江泽慧院长又亲临久盛公司参观考察。江院长参观了公司研发检测中心木材标本室和研发实验室。在木材标本室，江院长十分赞赏久盛在生产经营的同时，投入大量的人力物力开展木材研究的做法，还详细询问了公司目前使用木材资源的情况并提出了宝贵的建议。在研发实验室，江院长仔细了解了公司新产品开发的情况以及新产品的性能演示，对公司始终把产品研发创新作为企业发展核心竞争力的发展战略给予了高度的肯定。,3,4,0.7527828216552734
张恩玖获中国经济年度人物媒体推荐候选人提名11月5日上午，万众瞩目的中国经济社会年度盛典——郎酒红花郎2009CCTV中国经济年度人物评选正式启动。久盛地板董事长张恩玖经《中国财智》推荐，获2009CCTV中国经济年度人物媒体推荐候选人提名。CCTV中国经济年度人物评选活动自2000年开展以来，已经成为是中央电视台财经频道最重要的年度传播品牌，“中国经济年度人物”已经成为中国经济界最具影响力的评选活动之一，被业界称为中国经济领域的“奥斯卡”奖。CCTV中国经济年度人物评选十年来的名单，这些中国经济的精英群像，基本囊括了中国经济十年来的壮丽和神奇，他们推动历史坚定地走过了这光耀环球的华丽十年。11月5日上午，万众瞩目的中国经济社会年度盛典——郎酒红花郎2009CCTV中国经济年度人物评选正式启动。久盛地板董事长张恩玖经《中国财智》推荐，获2009CCTV中国经济年度人物媒体推荐候选人提名。CCTV中国经济年度人物评选活动自2000年开展以来，已经成为是中央电视台财经频道最重要的年度传播品牌，“中国经济年度人物”已经成为中国经济界最具影响力的评选活动之一，被业界称为中国经济领域的“奥斯卡”奖。CCTV中国经济年度人物评选十年来的名单，这些中国经济的精英群像，基本囊括了中国经济十年来的壮丽和神奇，他们推动历史坚定地走过了这光耀环球的华丽十年。,3,4,0.31948617100715637
张钧放豪言 业之峰5年要卖50亿一年之前，在业内人士的争议和观望中，北五环外的“峰格汇”登场，作为装饰公司的业之峰变身成为“小卖场”。如今，这种模式引来了一些人的跟风，“峰格汇”模式也被业之峰推行到全国各地，老总张钧更是劲头很足：“我们争取在3-5年内，在全国开50家大店，实现产值50个亿的目标！”他同时还表示，业之峰已经开始进行资本方面的运作，谋求近年上市。北京增开多家新店2008年11月22日，北五环外新增了业之峰的“峰格汇”卖场，它一改家装公司代卖主材的模式，自己提供场地，让厂家销售主材，不仅收取返点还收起了场租。这一举动让很多业内人士不解，也让许多人观望。但一年的时间让很多人改变了观点。 聊起这一年来的收获，业之峰北京公司经理李冰华喜上眉梢，数据也是一串一串的。“这一年，北京公司家装加主材的销售数据是以前没开大店一年的四倍多。”全国主材的销售业绩也有了40%-50%的增长。他认为，虽然销售的增长与品牌提升、服务等各方面有关系，但作为平台，大店功不可没。除了产值比的变化，李冰华还表示，大店对于业之峰的形象提升有了很大作用，并使业之峰的市场占有率上升，业绩在北京家装行业中跻身前列。 鉴于大店的优势，业之峰老总张钧正在谋划在北京增开2至3家新店。“南边、西边、东边都会在考虑范围之内，目前还在规划当中。”张钧还介绍，他们还将考虑拓宽延伸产业链，家具、配饰甚至与家电都在拓展的考虑范围内。争取5年销售50亿除了北京，业之峰还将这一模式推向了全国。张钧介绍，目前，合肥、成都、重庆、北京已经有4个大店正在营业，反响都还不错。青岛、天津的大店已在紧锣密鼓地筹划中，预计今年底或明年初就可以面世。 张钧认为，全国的家装客户群、需求和感觉都相差不大，这正是大店模式可以全面复制的原因。而外地有更多的闲置物业，租金更低，让他操作起来也没有太大的后顾之忧。“我们的选址、规划都在进行当中。”他还很有信心地表示，业之峰将在3-5年内，在全国开50家大店，每个店实现1个亿的销售额，争取5年实现50个亿的销售额，10年开100个店实现销售额100个亿的目标。“从目前的势头来看，我还是很有信心的。” 他还透露，目前公司已经进行了股改等工作，也在与私募基金等洽谈，正在进行上市前的准备工作。“顺利的话，希望明年能够上市。”大店成为发展必然在历经了一年的发展之后，更多业内人士不再看衰，而是认为业之峰的大店模式对家装行业来说“算是突破”，不过这也是家装行业上下游产业链资源整合的必然发展趋势。至于张钧的扩张大计，则还需三思而行。 “某些方面是对家装公司传统的一个突破，如与主材商的利润分成等。”亚光亚装饰公司总经理王可表示，一年以后来看这个大店，可以说是成功的，它延伸了行业上下游产业链，是家装公司资源整合的载体。“不过，这只是众多家装公司资源整合的形式之一，算不上创新。”他认为，业之峰业绩的增长，一些中小公司受到了挤压。他还表示，一些想要跟风的小公司行动前应该多加考虑，“资源整合有多种方式，应该视自身实力而行，否则现金流会出问题。” 轻舟装饰北京分公司副总经理金波认为，大店便于企业为准客户提供主材选购服务，显然是“开比不开好”。从行业角度看，家装公司最早的业务经营模式是坐店经营，后来逐渐走了出去，去主动开发业务资源。业之峰的大店模式是将“坐店”和“走出去”进行了结合，这更有利于业务模式的结合。对于业之峰而言，通过大店显示企业实力，提升在消费者心目中的形象和信誉度，是企业经营中的必要措施。 不过，对于北京将再开两三店的规划，业内人士表示要慎行。金波表示，对于以家装为龙头的家装企业来说，主材销售到目前为止都是依靠家装来带动的，如果家装量上升不多，接二连三地开大店俨然会给企业经营带来压力。毕竟家装公司的主材销售是围绕着自身的家装客户来开展的，而家装客户的业务量要根据企业家装业务的实力来决定。如果业之峰要转型做产品的零售或者是卖场的话，那就要按相应行业的经济规律做事了，经营压力也不容小觑。 看来，对于张钧来说，继续开店的做法，风险和挑战依然存在。,3,4,0.7786949276924133
张钧：2010年业之峰将爬山掘金矿 练好内功&nbsp;张钧：首先，这个市场最近一年多卖了很多房子，而且人们的心态回暖。虽然有很多投机房，但也预示着一两年的存量在这，这些存量在两年势必转为消费量。再一个，我觉得孙总说的有道理，中国的家装占有率太低，按真正公布的数据来看，才占千分之一点几的比例，这个比例非常小。除了我们企业做了很多事情，2010年我们是比较安静的，叫“爬山掘金矿”，爬什么山？主要是企业的内功，就是把企业的内功、流程、标准化、客户服务意识，内部客户和外部客户串接起来，而且形成理论，最近我们在做这个事，我们也找了一家咨询公司帮我们在梳理。今年我们还要上一个国际化的平台，我们有个一千万的投入，准备在最近一两年过程中真正使得自己企业在这方面有一个提升和质变。我们发现这绝对是一个金矿，我们的回头客不高，但有些南方市场回头客占到百分之四五十。这个山不可能不怕，可能下面的事谁也预测不了。在这里面，爬山，掘金矿，创造新的增长是业之峰2010年的主旋律。,3,4,0.9708563089370728
张钧：2010年在纠结中发展     张钧：我想是这样的，现在我也前卫一把，网络有一个新名词“纠结”。这种纠结是怎么一回事呢实际上就是我中有你，你中有我，有合作，有竞争，这种分化和发展先不可预知，也出于生存的考虑做一些变化，以后这样的变化还会多，这种创新、发展，这种纠结恐怕会越来越严重，这个是不可避免的，但是更多的过程中，大家应该公平竞争，然后充分给广大消费者提供性价比最高的产品。另外还有一个，我也在想，应该做好自己最擅长的部分，不能无限扩大自己的领域和范围，因为你的领域一旦扩大很多，你的合作、朋友就少了，竞争就很多，我买了一个厨柜，马上其他和我合作的厨柜就会有很多的想法和问题，金鹰艾格的老板问我地板的问题做了吗，我说没有做，我觉得还是做好自己的强项和专长，多以合作和共赢探讨，在新的经济形势下寻求新的点，这是我们方方面面共同面对和探讨的。    张福才：我还是觉得北京的京味家具发展越来越大，大家应该团结起来一致对外，尽快的把北京的京味家具做到全国，让全国的大卖场、主流卖场都有北京的家具生产厂家大的地盘。       刘春杰：我觉得是要一致对外，家居行业大行业，小规模，实际上这两年有很多的小品牌进入红星美凯龙这样的卖场，然后迅速的进入到全国，这对我们行业是很好的事情，家居行业共同面对的问题是诚信，大家都在谈环保，消费者关心的问题，实际上还是因为之前的信用危机造成的后果，大家在这么好的市场情况下，一个是练好内功，另外一个是可以对自己做出的承诺有一个保障，无论我们的价格体系，小到价格，大到产品品质的问题，如果都可以做到比较好的起点或者标准，那么我想家具行业的发展必然会有非常大的空间，网络应该可以很好的解决销售的问题，现在我必须要亲手的看到这个产品，才知道这个产品是真的还是假的。       主持人 李燕玲：刚才刘总说到一个家居产品的非标准化，家居产品的个性化导致了对行业的依赖，这种合作关系还是非常有必要的。       赵崇联：现在我们做的没有那么大，现在作为企业首先把自己定位做好了，做一个产品，首先要想到对老百姓服务，也是对自己服务，坚持这个观点之后，我想同行之前相互交流、学习，才可以把自己的产品不断的提升、进步，返回来会得到更多的用户的喜爱，同行之前更多的交流是比较好的，作为上下游来讲，一个产品应该有上游和下游，应该搞好利益关系，我想企业发展起来会有更多的朋友，多一点朋友更好一些。       主持人 李燕玲：赵总作为上游材料的提供商，应该说没有更多的间接的竞争对手，都是直接的竞争对手。       袁树林：我觉得这个问题应该从另外一个角度来看，不管是渠道也好，还是单店的销售也好，产品和服务也好，不管是在座的各位企业的老总，或者说任何一个家具行业的老总，都应该有一个概念，我们在整个客户满意的前提下，怎么样能够真正的让自己的产品品质上来，这是最关键的，包括刚才很多老总说的不良竞争，可能不单单是价格，在纵向或者横向上沟通交流，我认为有很多的机会，刚才说了利益环节，渠道环节做更多的沟通，因为每个企业和每个产品的特性不一样，刚赵总说了，我们个性服务，高端客户服务非常强，这个都是需要和大家探讨的。       温世权：我就一句话，希望明年北京多一些竞争对话，大家在良性平台上竞争。       钟红文：通过去年一年的拼搏，今年比较疲惫，我的孩子在清华附中，我看他考进去的时候还不错，前一段时间46名学生排名40名，最近两个月我抓了一下排到全班前4名，09年我又充分的授权，我要回归家庭多一点，谢谢！       乔印军：我想说三句话，卖场是我们永远离不开的舞台，对手永远是我们的竞争伙伴，永远以乐观向上的心态引导我们的行动，谢谢大家！谢谢新浪！       主持人 李燕玲：我们这场论坛就到这里结束了，我非常感谢大家激烈的讨论，后续我们会对一些热点的话题进行追踪、报道。,3,4,0.6032702326774597
张钧：与新浪乐居联合 赢营销模式创新(图)主持人：感谢杨主编的精采致辞，让我们对全国家装案例库有了更深的认识，那么现在让我们邀请业之峰董事长张均先生致辞。张钧：各位亲爱的来源，尊敬的张秘书长，贾会长、刘秘书长，尊敬的各位媒体的来宾！我经常说媒体是我们尊重的对象，给我们很大的帮助，包括方方面面参加的与会者，大家早上好。很高兴大家共同参加这次的发布会，我想新对新模式，新起点，新选择进行解释，新模式应该是新的广告营销策划上的创新，我们和新浪强强联合，创造这个新的推广模式，既让客户受益，企业也得到了品牌力的宣传；新起点，我们达到一千万的点击量，仅仅一个月，任何事情可持续发展更重要，在接下来共同推进的过程中，不光我们的案例上传可以达到有可能五千套，一万套，甚至更多，我们的点击量会达到五千万或者一个亿，甚至更多；新选择是广大的消费者在新房装修的时候都可以有新的选择，甚至可以倒叙，先装修，后买房，有我们的户型可以感受未来的家是什么样的，而这个户型、这个房间，这个小区是不是适合于他，今天发布会的主题就是这个。我想业之峰企业发展到今天，也特别的不容易，站在这里，给大家做一个简单的回顾，业之峰企业诞生于1997年，我觉得业之峰的发展史也映照了中国家居业历史的重要的重要组成部分，中国的家装看北京，北京的家装看我们这几家重点的家装企业，比如说从业之峰的创新轨迹来说，我们的第一份报价单，我们北京的甩开主材、精装的家装模式以至于到后来我们在03年掀起了全国的绿色风暴，04年我们开始讲五大主流，十大设计风格文化，在全国推设计收费。05年我们完整家居的一代店推行；06年我们的蓝钻工程全国展开，08年是我们的风格汇家居在北京露面。09年业之峰也没有停止前进的步伐，全国家装案例库是一个，还有一个环保预评估，六月份我们推动了全国的家装体验等等，这些相关的创新，可能都是映照了业之峰的前进的步伐，也是因为有创新，一个企业才会发展。说起全国家装案例库，首先业之峰是注重营销创新的企业，也是有社会责任感的企业，我们在探讨这个事情的时候就考虑，老百姓对什么感兴趣，对自己的案例、设计最感兴趣，作为中国家装的龙头企业之一，我们应该给老百姓提供这样丰富的案例准备，另外他们关心什么样的案例，一个是新楼盘要交钥匙的，还有新楼盘没有入住的，这些楼盘的设计风格他们更需求。业之峰是一个全国性企业，20多家子公司分布在全国，各地的楼盘都非常多，更多的消费者对新楼盘有一个设计预案的认识。通过什么渠道宣传呢，我们想到了互联网，到今天随着八零后，他们成为消费主体的时候，谁也不能忽视互联网的作用，也在不断的创造神奇，在广告宣传着重点我们就选择了互联网。再选重点合作伙伴的时候，我们一定强强合作，1+1大于2，我们想到了新浪，新浪是一个全国性的网络媒体，落地比较好，我们也被称为中国网络界的“网络中的央视”我们选择这样伙伴是比较好的选择。在这里我们积极的一起探讨用互联网的方式推广、推行。我想这个成功还得益于刚才说的除了强强联合互联网平台的广大上升之外，还得益于我们业之峰人的努力，包括我们分布在这么多的城市，才可能做这个事情，我们有这么多的设计师才可以做这个事情，我们有设计师的设计风格文化这么多年的一些积累，我想做这个事情才使得这个案例库有专业性，有水准。作为领先的企业就要有责任感，要引领，要做表率，做一些公益事业，也有人说你的图库随时可以下载怎么办，我觉得图到处都是，如果想抄袭是很容易这个已经不重要了，更重要的是我们有一个报答客户的心，我们把预方案做出之后让客户受益是最有意义的，所以我们有义务推广这个事情，也有义务把这个事情推向前进。这么做的同时，有一个管理学上的统计，凡是第一个创新的企业它将享受到创新而带来的成果的80%，也许这个数字不一定真的那么准确，但是起码你创新之后，市场给你的回报是最多的，所以在这里，当业之峰的图片被广大的消费者使用、借鉴的时候，业之峰的品牌形象也是在渗透、发展，所以我想如果你有一个很好的公益心态，又找好了一个营造的平台，又强强联合，有这么多的设计师资源，有这么好的心态把品牌推向全国，用这种方式恐怕比咆哮式的自我呐喊强很多。刚才我们播放了业之峰企业的宣传片，很多人说还可以，不错，我问了一下什么原因，大家可能觉得视觉独特，经过这么多年以后，我们感觉到其实业之峰的知名度是足够的，美誉度更重要，所以我们是一版是站在客户的视觉拍的宣传片，也是使得企业在不断的进步。业之峰企业不光是线上做的有一些创新和亮点，线下也做了一些工作，比如说环保预评估，在设计方案出来以后，就会自动的有程序制定出各个方面的有害物体的数据是否达标，可以做到装修环保早知道，给广大的消费者也带来了很多的便利，这是我们自己系统积累的，也是不收费的。有人说别人抄袭怎么办，我说这个不重要，一流的企业是做标准，带动引领企业，如果大家都推行了，有害的材料和有害的物体无处可藏的时候，人体的健康就会更好，对社会的进步有更大的好处。我们在六月份感恩回馈推出了家装体验，就给已经入住的客户，分批的开始做回访，有的水龙头回水，有的地板受潮，开裂，有这样那样的小问题，这些我们都要做一遍全面的体验不是我们业之峰家装客户，有这个需求，我们也可以提供有偿的服务，我想一个企业，一个品牌只有以客户为中心、为导向，这样做的时候才会做的更好。今年我们的家装案例库，环保预评估和家装体验，虽然没有去年的风格汇那么盛大，但是都是涓涓溪流，提供给客户的新的东西，恐怕不比商业模式的爆发差。最后我回顾一下风格汇，风格汇家居又来到这里了，去年11月22日开业的，我们交出了什么成绩单呢？今天下午两点钟我要面见一个材料商的老板，他通过很多的关系找我，想进入风格汇经营，以前他不想进，现在没有地方了，排队也要进，什么原因呢，五月份我们的材料销售就达到了5000万，这个销售业绩在经济危机环境下绝对是一个亮点，也是一个新的经营模式带来了强劲的增长。今年全国的业绩统计上升了45%，北京更是翻番，这些业绩的取得我想跟业之峰人共同的努力，首先有信心，不怕金融危机，再一个，敢于创新，推进企业，都是分不开的，我想创新应该是企业的主旋律，我想在以后的发展过程中，我们会继续的创新，持续的创新引领做做表率。这一点是我们坚定不移的目标。今天特别高兴，老朋友、新朋友，有机会和时间聚在一起，也为众多的领导，媒体们的到来表示感谢，对这次新浪给我们的强大的支持，我们合作的双赢、共赢，成功的代表业之峰集团表示感谢，再次对到会的所有的同仁们表示真诚的感谢，谢谢大家。,3,4,0.6511446237564087
德国专家做客清华知音讲坛 干墙系统隔声新用受清华大学建筑物理实验室及可耐福的共同邀请，德国知名专家、爱尔兰根-纽伦堡大学的客座教授Hans-Ulrich Hummel亲临清华大学建筑学院，依托知音讲坛这个技术交流平台，介绍了干墙系统在隔声和吸声方面的应用，讲座吸引了清华大学师生、设计单位专家等众多业内人士。讲座中，Hummel教授详尽介绍了干墙系统在隔声和吸声方面的应用，现场投影中生动而颇具科研价值的图片令现场听众纷纷举起相机拍摄。讲座结束问答环节时，现场的中外听众争相提问，并就建筑声学专业领域的问题与Hummel教授展开交流。此外通过知音讲坛的12个网络端口，许多外地在线参与讲座的网络听众也纷纷提问，发来问题请Hummel教授解答。干墙系统，主要是指轻钢龙骨或木龙骨上固定的各种预制板材，如石膏板、组建吊顶、墙体或其他类似建筑构造系统。干墙系统施工便捷，重量轻，可以解决各种建筑设计的要求，如隔声、吸声、抗震、耐火、耐水、节能、环保等。本次知音讲坛上，Hummel教授详细讲述了干墙系统在隔声和吸声方面的应用。从建筑材料石膏板的历史到石膏板的制作工艺，从隔声与吸声基础知识到声音通过墙体传播的机理和测试方法，从吸声产品到施工细节等，无一不深入浅出，细致道来。此外，Hummel教授以可耐福石膏板为例，形象化地向大家阐释其优越的隔声性能以及其内部构造和隔声原理。,3,4,0.42557045817375183
德国归来话设计：对环保的追问和反思日期：2009年8月9日时间：下午4:00——7:00(研讨会4:00-6:00，酒会：6:00-7:00)地点：当代MOMA百老汇电影中心环保今天似乎成了一个老生常谈的话题。绿色标签被用到有些泛滥的时候，人们对这两个字背后的内涵到底认知多少，依然是个问号。 带着这一问题，ABITARE中国造访了国际建筑设计行业的先锋国度之一，德国。“妍玲设计行”策划与主持人段妍玲女士以独特的个人视角深入德国环保 “硅谷”弗莱堡和大众等德国绿色环保标志型城市和企业，在形而上的高度，揭示了德国人对环保的理解和实践。 由意大利ABITARE杂志中国杂志社主办的“大设计战略对话A-TALK”系列活动之二——“德国归来话设计”中，来自设计界和主流媒体的朋友一起齐聚当代MOMA百老汇电影中心，掀起了一场头脑风暴。邀请建筑师、品牌战略专家和绿色生活的先行者们一起，将环保的探讨细化到城市、品牌和绿色个人三个层面，在对环保的追问和反思中给出自己的真知灼见。图为德国环保理念环节1. 城市课题启示：《妍玲设计行-德国第一绿色城市弗莱堡》在德国的环保“硅谷”弗莱堡，我们切身感受了一个提前进入绿色时代的城市：这个人类生活的能耗降到全世界最低点的城市在节能减排的基础上，带给我们更重要的启示在于它开放的城市空间，不仅消除了人与环境的隔阂，也消除了城市居民心理空间的隔阂，营造出和谐共生的城市氛围，绿色环保的理解从物质层面推向了更为深刻的社会心理层面。论坛：暴富城市的包袱和包袱由著名建筑评论家方振宁主持，国内著名建筑师李虎，绿色设计师联盟代表Ryan Dick和都市实践建筑顾问吴文一展开激烈讨论，在如何将真正的环保意识推广给中国的城市建筑领域各有卓见，谋求通过与政府、企业和媒体的通力合作，共同构建真正的绿色城市成为这几位建筑师的公识和未来努力方向。就中国一、二线城市的不同发展现状，各位论坛嘉宾也以实例给出深刻行家见解和分析。,3,9,0.3293988108634949
德尔地板启动青年135创业计划新东方培训学校的校长俞敏洪这样与创业者交流创业的心态：生命是一条河流，要保持永远的流动。河流有两种成分，一种是泥沙，一种是水；希望所有的人不要把自己变成泥沙，变成泥沙，你的生命就会沉淀下去，生命就会永远停滞；如果你是水，就必然会流向大海。 其实每个河流都有自己的梦想，就是流向大海，如果你变成了泥沙，那么你就会从此沉淀下去，再也看不到阳光，看不到生命中最辉煌的时刻。德尔集团营销中心总经理陈爱明则更实际的告诉创业者：创新、拼搏、注重实效是创业者必须具备并一直需要坚持的品质与精神。在德尔迈入参与全球化竞争，打开国际平台的新纪元之际，我们需要与德尔同样富于创新精神、思路大胆、拼搏奋进、想做出一番事业的合作伙伴，齐心协力，要跟得上时代的发展和市场形势的变化，在德尔“二次创业”中发挥栋梁与基石的作用。金融危机的寒流已经渐渐褪去，中国经济的全面复苏已经指日可待，宏观经济的回暖必然带来消费信心的全面提升。冬天已经快过去，春天还会远吗？先人一步，在春暖乍寒的季节开始自己的创业之路，对于很多有志于创业的青年才俊难得的机会和选择。但创业的方式有很多种，如何选择项目，如何开始我们的创业之路，都是创业者需要考虑的实际问题。现在，德尔正在启动代号为筑剑2009的“青年创业135计划”，诚邀全国青年才俊，共走创业路。从1开始，德尔将一步步帮助你走向创业的成功，共筑成功之剑，开启财富之门，创造属于我们的辉煌。新的开始，一步步走向辉煌今天，你一切从1开始；德尔曾经和你一样，从1开始，一步步在走向辉煌。你的第一步走出来很重要，创业项目的选择将决定你以后的生活将怎么样；你是一个人，但是创业者必须得到强有力的支持，需要和别人配合起来做，那就是合作，经营管理中无不体现合作的必要性与重要性。德尔选择了地板为开始，成功迈开了第一步，正因为当初正确的选择，才有德尔的今天与明天。德尔一直讲究合作，德尔成熟的品牌、先进的工艺、优质的产品与服务、较强的价格优势，德尔人在全球与经销商一起创造1+1=无限大的价值！只要你有创业的热情与毅力，一切德尔来帮你，德尔最全面的培训体系，会一步步来指导你如何经营，在与德尔的合作中，你可以学到经营管理的各个方面的知识；任何时候你遇到问题，德尔都会尽心尽力的帮助你……  昨天、今天、明天，成功三部曲昨天、今天、明天是你的人生三部曲，选择了创业，就意味着前期的艰辛、就必须不断的去努力，去创造属于你的美好明天。德尔地板一直在行业中走在前列，人文德尔、科技德尔、绿色德尔是德尔的成功三部曲。今天德尔计划在全国招募三千个青年创业者，新开三千家专卖店，将我们的品牌推广到全国的各个城市，让全国亿万的家庭使用德尔地板、享受德尔地板带来的美好生活。德尔有专业的木业研究院，完善的信息化运作体系，强大的物流中心，来支撑我们庞大的销售网络。昨天的德尔人在不断的奋斗与努力；今天的德尔人已经却得了傲人的成绩，但是我们不骄不躁，创新、拼搏、注重实效就是我们的品质。让全国亿万家庭使用最优质的地板，享受美好的生活，是德尔人最大的心愿，我们相信明天的德尔必定更加辉煌。加盟德尔，也是你美好生活的开始，因为德尔的巨大优势足以让你梦想成就，好生活就从德尔地板开始……五年计划、五大优势国家的发展计划是按照5年一期的，作为创业者，你的创业计划也应该是5年一期的，第一个5年计划，你将如何设计自己的发展蓝图；5年足以成就你的百万富翁梦想，创业后的五年应该是一个收获的季节，但是五年一路走来是艰辛的，需要你不断的去创新、拼搏和注重实效。德尔愿意在你的蓝图中贯穿始末，与你一起共进退，2005年，德尔集团成立5年多的时间后，DER商标被国家工商总局认定为“中国驰名商标”、DER德尔木地板被国家质检总局授予“中国名牌产品”荣誉。强大的品牌实力、不断创新的技术、最完善的信息化运作系统、最全面的培训体系、最贴心的“绿博士”客户服务诠释5大竞争优势，强化地板、实木地板、三层实木地板、多层实木复合地板、软木地板5大品类产品构铸行业最强产品阵容。德尔与你一起规划你的创业蓝图，德尔的蓝图中一直有你的存在……2008年，全球金融危机爆发，对于创业者来说，经历了一次寒冬，此时此刻，寒流还未完全退去；德尔愿意帮你，给你最大的支持，让我们一起度过寒冬，现在你不再只能用自己的左手温暖自己的右手，因为有德尔会温暖你的双手。“十年树木、百年树人”你的第一个十年，德尔的下一个十年，实力成就梦想空间，让我们共筑梦想之剑，成功之剑。,3,4,0.3513312339782715
必美李总：新锐营销注入地板行业新鲜血液主持人：李总你好！欢迎接受新浪网的乐居频道的访谈，这是我们第一次见面，您跟各位网友打一声招呼。  李总：广大的新浪网友大家好，我是必美济南的代理商，我姓李，非常感谢新浪给我们这次机会。主持人：李总做必美地板有一年多的时间了，您认为必美地板和其他的地板最大的不同在哪里？李总：原来我是从事广告传媒行业，在全国还是做了一些工作，对品牌的建设、营销推广还是有自己的一些想法，发现必美这个品牌以后，有几个方面吸引了我，第一个就是欧洲原装的血统，百分之百原装进口，百分之百原装品牌，现在像国内也有几个不错大品牌，他们市场占有率也是很大的，但是推广越开，越是大众产品，作为必美欧洲原装进口的血统，这种血脉可能是这些品牌所不具备的，相应带来就是欧洲最先进环保的理念，欧洲品牌和文化的内涵，这一块首先吸引了我。第二个就是技术的创新和产品的花色，这一点是在整个国内市场其它品牌所不具备的。必美现在代理欧洲一元(音)品牌，在产品研发和技术改进等等方面投入大量人力物力，要以千万来计算，这块也是技术创新和花色是其它品牌所没有的。第三个就是高质低价必美模式，必美一直有运作的理念，把欧洲最先进的，最顶级的产品引入寻常百姓家，我们在市场上同等价位产品，品质、花色比他们好，同等品质的产品，和产品的品质、文化历史等等相匹配的产品，我们价格是有优势的，以必美运作的模式。另外一个是相同价格的产品，品质和花色等等这些东西要比他强的多，所以这快也是吸引我非常重要的点。主要就是三点。主持人：刚才你也谈到了由媒体转作家具建材行业，这个跨越也是很大的，是怎样一种契机让你选择了它？李总：也是一个偶然的机会，跟必美大区经理接触了以后，原来做媒体也好，做传媒也好，都是扮演乙方的角色，我现在做了几年以后，也是想做一些实业来尝试一下，原来只是给别人在推广品牌，尝试一下自己做一做，完成这个转变还是非常痛苦的。原来理解像做建材这些东西，总感觉在文化内涵没有什么东西，感觉自己非常痛苦，原来由一个文化人，经常搞一些聚会、活动和港台设计大师经常沟通、交流，感觉自己是非常有文化，有品位，非常有底蕴的话，突然转化做建材，建材原来给人的感觉就是粗糙一些，没有文化历史的东西，吸引不了我。但是接触这个产品以后，我发现里面还是有大量的东西值得我们去挖掘。主持人：做甲方的感觉怎么样？李总：非常棒。主持人：也是运作在短短一年时间当中，必美发展情况非常之好，也恭喜您今天在大会上获得了“新锐客户奖”，这个能跟我们聊一聊吗？李总：首先要感谢必美全体同仁对我们济南公司的认可，说到新锐首先代表我们还在路上，刚刚开始，还是一个新手。新体现在几个方面，第一个在一些特色营销上做了一些工作，包括8月份搞必美之夜设计师酒会，还有链接式的销售，上下游产业行业联盟，这快可能是在营销方面有一些新的思路。再一个这块用人方面还是有一些突破，我们现在可能在山东市场是唯一一家聘请外籍导购员，我对用人思路就是，好的思路一定要给他好的待遇，相关我要求要有一流的服务水准，和一流的绩效，所以我们平时的员工薪资待遇都是在同类市场最高的，用人这块我们还是有一定的创新。我们团队是比较专一的团队，包括品牌的企划、营销、执行战略都是请比较知名顾问公司给我们做，我们自己有相对比较规范，各个部门比较健全营销推广团队，这个也是做了一点工作，得到公司总部的认可。再说起“锐”就是胆子比较大，敢于比较投入，从8月7号第一家店开业，我们在短短三个月之内连开了三家店面，并且进入的卖场都是国内或者山东省内最顶级的卖场，像居然之家、武汉欧亚达和银座，我们在三个月连开三家店面，速度和规模表明我们有一点进取心，这一点我们公司态度只要看准是好的市场，有利的商机，肯定要以最快的速度，最大的力度把它抓住，现在商业运作环境几乎是非常少的，这么好的品牌，这么好的机会，稍纵即逝，卖场现在竞争也是非常激烈的，现在济南连续开了三家大卖场开业，相对来说我们也有了机会拿店面，有了这个机会，我们就一定要把它抓住。主持人：由于您特殊的职业背景，肯定区别于传统做建材诸位老总，谈谈您下一步计划？李总：把我们公司所占据的资源最大限度进行整合，一个在团队打造方面，一如既往的沿用公司高薪，吸引高端人才，来做最高档的产品，实现销售最大化，整合资源是第一方面。再一个关于二次销售，特色销售，内卖会的形式，我们要在销售和网点建设，或者销售模式上进行一些突破。第三点更大规模进行一些上下游相关产业的链接，现在销售阵地已经不断在前移，原来是一个卖场，进驻以后有一个店面就可以了。但现在销售前沿阵地已经推到了客户家里面，甚至推到了楼盘的卖场，房子还没有买，营销推广已经跟到了，从买房一直到装修设计所有的环节现在都被这种营销的元素渗入到里面，销售阵地不断前移，我们希望上下游产业链连接上做一些工作，争取有一些突破，也不辜负颁给我们这个新锐奖。主持人：作为媒体我们也更希望看到业内新颖的营销模式。最后一个问题，请预测一下未来济南地板发展趋势。李总：这个根据地域的不同，或者整个商业发展阶段的不同，济南作为内陆城市有自己的特点，具有代表性，可能又有自己独特的地方，济南下一步可能会从这几方面发展，第一大卖场不断的建设，现在居然之家还有银座准备在济南开三店，红星美凯龙在山东也是最高档的店面，在明年上半年前后进行建设，大的卖场争夺不断激烈，品牌两极分化也会越来越厉害。强者可能很强，有些大品牌占据了品牌渠道等等优势以后，会不断扩大，不断的发展，有些小的品牌，可能就在这个过程当中，很难生存，不管是利润空间还是品牌发展，都会慢慢落下去，中间这块还是比较大，现在产品两极分化会越来越厉害。再一个高档进口地板会逐渐引领市场的潮流，因为这块现在济南是内陆城市和外向型经济不是很好，但是今年通过全运会等等运作，始终是一个省会城市，外向型活动或者外向型经济会发展越来越好。我有好多同事孩子都过来读书，他们走出去或者引进来会不断改变提升当地老百姓消费理念和消费习惯，欧洲顶级环保的理念或者环保的标准，以及服务的理念，服务的标准都会不断去改变老百姓消费习惯。我觉得下一步欧洲原装进口高品质的地板会逐渐引领高档的消费潮流。第三个服务的标准，或者服务的竞争会成为大的品牌主要的竞争手段，现在产品整个基础比较好的情况下，前几年大家可能更关注产品品质，现在产品品质进入相对良性发展，下一步大家更注重可能就是标准，这个是大品牌竞争主要手段。第四个就是专业的团队，这块可能是下一步好的大的品牌，好的经销商团队，需要具备最基本的素质。原来夫妻店的模式，搞一个品牌开一两个小店，一两个人自己当营业员又当售后，这种模式越来越被市场所抛弃，专业化团队运作，一流营销人才，一流店面营销展示的方式，可能下一步会逐步被强化，或者不断被放大。所以对于人才的储备，或者是对团队的打造，应该是下一步决定品牌之间胜负一个关键。主持人：由于时间关系，今天访问到此结束，也预祝李总明年生意更加兴隆。李总：希望我们能拿到必美明年最佳销量奖。,3,4,0.5556910634040833
"惠达王彦庆赢取更多资源 优化媒体平台(图)     新浪家居谢娟讯  10月16日，易居中国与新浪合资公司中国房产信息集团（简称CRIC）在美国纳斯达克成功上市。此消息一出，家居业界大腕在分享喜悦的同时，纷纷来电来函，向中国房产信息集团成功登陆纳斯达克表示祝贺，同时对CRIC在未来发展提出了中肯的建议和期待。新浪家居电话连线业内数位大腕，倾听他们对此事的看法，以及对中国房产信息集团上市寄语。【CRIC（中国房产信息集团）纳斯达克挂牌上市】       采访嘉宾：唐山惠达陶瓷(集团)股份有限公司总经理  王彦庆        新浪家居：您好，王总，我是新浪乐居家居频道编辑谢娟，感谢您接受本次采访。   王彦庆：您好。       新浪家居：北京时间2009年10月16日，易居中国与新浪合资公司中国房产信息集团在美国纳斯达克成功上市融资2亿美元。您是否知道此事？您对此有怎样的看法？       王彦庆：听说过新浪乐居要上市的消息。上市后可以大幅度的提高新浪乐居的市场竞争力和公众的知名度！  新浪家居：感谢您的肯定。同时也希望您能给予建设性的意见。      王彦庆：我们惠达一直关注着新浪乐居，上市后新浪乐居可以赢取更多的资源，优化媒体平台，为家居、房产的消费者带来更大的实惠，新浪乐居会越走越好。  新浪家居：您有怎样的祝语？      王彦庆：希望我们明年合作的更加紧密，互惠合作，共创双赢，开创美好的未来！热烈祝贺新浪乐居上市！      【嘉宾简介】       王彦庆： 王彦庆担任惠达公司总经理以来，大胆创新、锐意改革，全方位拓展国内外市场，产品远销美国、韩国、俄罗斯等90多个国家和港、澳特区，还先后通过澳大利亚QAS、加拿大CSA、美国UPC、韩国KS、新加坡PSB等国家认证。王彦庆多次被评为县、市级劳动模范，2001年荣获唐山市优秀青年称号，同年被评为河北省乡镇系统新闻人物，2004年荣获“河北省劳动模范”荣誉称号,2007年全国建材行业劳动模范.，2007年十大卫浴风云人物称号。      【推荐阅读】        实创装饰和惠达陶瓷开启战略性合作       卫浴行业“明星代言”风乍起2009              【媒体声音】      中国证券报：新浪易居合资公司CRIC登陆纳市       上证报：新浪易居合资公司CRIC逆市登陆纳市       第一财经日报：CRIC上市首日市值20亿美元       新华网：新浪与易居合资公司CRIC登陆纳斯达克       专访丁祖昱：CRIC在做前人没有做过的事情       专访罗军：CRIC具有巨大的商业潜力       专访曹国伟：在某些垂直领域会做更多尝试 【更多】     上市背景资料：      美国东部时间10月16日(北京时间10月16日)消息，易居中国与新浪合资公司中国房产信息集团(以下简称CRIC)在美国纳斯达克挂牌上市，首日开盘价12.28美元，超出发行价0.28美元。CRIC为易居中国与新浪的合资公司，股票代码为CRIC，发行价12美元，共发行美国存托股票(ADS)1800万股，同时承销商有权在未来30天内，行使总额达到270万股的超额配售权，此次IPO共计募集资金约2.16亿美元。作为中国在美国的地产科技第一股，CRIC是中国最大的专业房地产信息服务公司，并且拥有同时覆盖线上线下的房地产综合信息和服务平台。CRIC的成功上市，也创造了两家在美国上市的中国公司，分拆各自极具成长力的业务后进行合并，并进行二次上市的先河。CRIC联席董事长、CEO周忻表示；“我们很高兴看到CRIC成功上市，此次IPO将确立CRIC作为中国房地产信息服务第一品牌的地位，并有利于CRIC继续推进国内最大和最先进的房地产信息系统建设，使CRIC成为同时覆盖线上和线下的强大中国房地产网络信息服务平台，为房地产开发商、供应商、专业机构以及个人用户提供多元化房地产信息服务。CRIC联席董事长、新浪CEO曹国伟表示：“CRIC的成功上市，是易居中国和新浪合作的重要一步，也是我们在垂直领域商业模式探索的有益尝试，我们很高兴有机会发挥双方的协同效应。而进一步拓展和深化互联网垂直领域的商机，建立公司在细分市场的核心竞争力并做大做强，这也是新浪未来长远战略的重要组成部分。",3,4,0.9342343807220459
感恩母亲节 东易日盛三重好礼提前热5月，表达爱的季节！ 5月，向母亲献礼的季节！ 5月3日，东易日盛【五月“家”节•终极家装倾城之恋——母亲篇】主题沙龙，三重好礼致敬天下母亲，使到场嘉宾在活动之余，备受惊喜和感动！ 如何表达对母亲的爱意和感恩是个永恒的话题。在母亲节即将到来之际，更多的儿女把目光放到了母亲日夜操劳的场所——家中，希望通过健康、温馨的家居生活为母亲提供休闲养生的宝地。东易日盛不失时机，推出的【五月“家”节•终极家装倾城之恋——母亲篇】主题沙龙活动，恰如其分的体现了儿女的关爱，为天下母亲精心打造温馨家居。 活动当日，东易日盛8位资深设计师将悉数到场，分空间系统解析温馨家装方案，让浓浓爱意在家中弥漫。5项厨房装修新主张营造安全、便捷厨房操作系统，告别传繁杂、沉闷，让所有厨具取放自如、所有程序流畅有序，让操劳在厨房的母亲轻松烹调、与家人共享厨房乐趣；新卫浴装修方案，不具备在家中泡温泉的条件下，让母亲在辛劳之余可以美美的泡个热水澡，是上上之选；作为母亲私属领地的卧室，需要更为悉心的装扮，新卧室解决方案集健康环保、时尚靓丽于一体，为母亲提供更多关爱。 除去为各个年龄的母亲精心打造的家装方案外，东易日盛还特别推出了三重优惠—— [1]现场签单客户即可获赠价值1880元的欧洲皇室御用品牌ABYSS浴巾套装一套； [2]签约工程客户，可获赠奢华卫生间产品； [3]购买主材客户可享受震撼体验价。 在母亲节来临之际，三重好礼为母亲节添上浓墨重彩的一笔，让所有东易日盛的拥趸惊喜万分。据悉，东易日盛一直秉承“无优惠、无折扣”的传统，鲜有优惠措施出台，此次优惠活动不仅表达了对天下母亲的敬意，更为众多钟爱东易品牌的客户提供了一个契机。据悉，5月10日母亲节当天，精彩活动还将继续，有装修意愿的业主千万不能错过这样的优惠好礼！,3,6,0.6288226246833801
成都钢门窗借成灌快铁将乘势起飞笔者了解到，即将于明年5月通车的成灌快铁。借着快铁的“东风”，都江堰正迅速向成都靠拢。 按照规划，在成灌快速铁路进入都江堰后，首先经过崇义镇。该镇地处要冲，下接成都，上通漩口、松潘，是古时候著名的西道驿站。杨锋向笔者透露说，“快铁”在崇义镇以及中兴镇还预留了两个站，将在合适的时候开通。成灌快铁的贯通必然形成成都一条新的肾经，使都江堰到成都这条经脉变得更加强大、活跃。这条经脉在都江堰区域内布置着4个穴位，也就是我们有时候说的“4朵金花”，即：崇义、聚源、中兴和青城山。这些未来的铁路小镇在利用铁路资源时，要塑造自己的个性，要利用各自的自然条件、文化条件、经济条件和交通条件等系列元素，形成自己的个性，然后形成成灌快铁线一个完美的“铁路经济带”。崇义镇是都江堰的东大门，因其地处要冲，下接成都，上通漩口、松潘，便成为著名的西道驿站，叫做“天府第一站”。现在在崇义镇上，“西道驿站”四个字格外醒目，而在它的周围，则到处是充满现代气息的“老家改造出风貌，新街建设展风采”、“新生活、新财富”等广告语，一边追忆着“西道驿站”昔日的昌盛，一边充满了对未来的期望。崇义素有“钢门窗之乡”的美誉，这也是崇义镇的支柱产业。目前在这个镇上，钢门窗龙头企业就有四十多家，产品占据着整个西南市场，还远销远东国际市场。“成灌铁路贯通后，‘崇义门’一定会走得更远”。 笔者了解到，即将于明年5月通车的成灌快铁。借着快铁的“东风”，都江堰正迅速向成都靠拢。 按照规划，在成灌快速铁路进入都江堰后，首先经过崇义镇。该镇地处要冲，下接成都，上通漩口、松潘，是古时候著名的西道驿站。杨锋向笔者透露说，“快铁”在崇义镇以及中兴镇还预留了两个站，将在合适的时候开通。成灌快铁的贯通必然形成成都一条新的肾经，使都江堰到成都这条经脉变得更加强大、活跃。这条经脉在都江堰区域内布置着4个穴位，也就是我们有时候说的“4朵金花”，即：崇义、聚源、中兴和青城山。这些未来的铁路小镇在利用铁路资源时，要塑造自己的个性，要利用各自的自然条件、文化条件、经济条件和交通条件等系列元素，形成自己的个性，然后形成成灌快铁线一个完美的“铁路经济带”。崇义镇是都江堰的东大门，因其地处要冲，下接成都，上通漩口、松潘，便成为著名的西道驿站，叫做“天府第一站”。现在在崇义镇上，“西道驿站”四个字格外醒目，而在它的周围，则到处是充满现代气息的“老家改造出风貌，新街建设展风采”、“新生活、新财富”等广告语，一边追忆着“西道驿站”昔日的昌盛，一边充满了对未来的期望。崇义素有“钢门窗之乡”的美誉，这也是崇义镇的支柱产业。目前在这个镇上，钢门窗龙头企业就有四十多家，产品占据着整个西南市场，还远销远东国际市场。“成灌铁路贯通后，‘崇义门’一定会走得更远”。,3,4,0.8574469685554504
房地产新开工量下半年大幅提升 家居业加速回暖由于上半年商品房销售多为消化库存，房地产新开工量增长有限。而下半年，随着新开工项目的大量上马，房地产市场有望带动相关产业加速回暖。 下半年新开工量将有明显增长上海克而瑞公司有关负责人表示，以北京、上海等城市为核心，多数典型城市的房地产新开工量将在下半年大幅提升。其中包括政府新立项的保障类住房规划区、新出让的经营性用地，以及此前捂盘惜售的商品房项目等。上海市规划局也于日前披露了上海十五大居住规划区。其中，以保障性住房为主的近郊六大基地为宝山顾村、嘉定江桥、松江泗泾、闵行浦江、南汇周康航、浦东曹路。9个大型经济适用型居住社区则涉及宝山、虹口、嘉定、普陀、青浦、闵行、闸北、徐汇、浦东新等，规划经济适用房建设用地面积约140亩，可建经济适用房建筑面积约330万平方米。业内预期，随着下半年土地储备的集中释放和十五大居住规划区的落实，上海新开工面积有望大幅提升。“参与配套商品房基地的建设，虽然对企业来说利润率不同，但是可以确保开工量，帮助政府为市场平衡供需。”一家上海 大型国资房企内部人士告诉记者。根据官方统计，今年上半年，虽然上海商品房销售面积增长27.9%，销售额增长82.1%，但房地产开发投资却同比下降3.1%。“导致这种状况的原因之一是上半年房地产企业多为消化去年库存，而少有新开工项目。”一位上海房地产企业高层表示。这一结论也适用于全国。国家统计局数据显示，上半年，全国商品房销售面积3.41亿平方米，同比增长31.7%。但房屋新开工面积为4.79亿平方米，同比下降10.4%。而根据DTZ 戴德梁行日前发布的《中国住宅市场2009年上半年分析报告》，上半年商品房成交量的持续恢复带动前期库存积压的加速消化。如果按2009年的月均成交测算，预计未来3个月内现有库存将有可能消化出清。“总体来看，上半年全国新开工面积增幅同比去年大幅下降，但已经趋于稳定。房屋竣工面积增幅不断提升，市场供应量会相应增加。一旦库存基本消化，新开工面积增加，下半年楼市增长对相关产业的拉动效应将更加明显。”一位房地产业内人士称。北京方面对新开工情况同样乐观，中原地产北京公司总经理李文杰介绍，下半年北京新开工量相比上半年将有明显的增长，其中供给多集中在新城区及郊区。“整体来看，目前北京的供应比2004至2007年仍然少很多。北京高峰期每年的供应量超过20万套，现在估计只有原来的六成。所以政府想尽办法要求开发商开工，同时增加新的供给。”李文杰称。相关产业有望加速回暖 随着房地产新开工量的增长，包括建筑材材料、装修材料在内的多个相关产业有望加速回暖。“我们一个明显的感觉是，上半年公司业绩同比已经有所提高，接下来，随着一些大型房地产企业和区域土地储备的集中释放，我们的业务量还会继续增长。”一家名为卓宝科技的企业负责人告诉记者，这家位于深圳的防水墙生产企业市场占有率占据国内领先地位。“包括水泥企业，甚至空调、电梯等制造商，对下半年楼市预期都比较乐观。”广东一位大型房企材料采购部负责人称。,3,4,0.9600723385810852
"房款装修款拆开算 瞰都涉嫌逃税卖房近日，购房人刘挺(化名)买房的时候碰到一个奇怪的事情。位于东北四环东风桥北的瞰都领仕馆6号楼在对外销售的时候，业务员称精装修房销售均价为21000元/平方米左右。而当刘挺去售楼处与开发商进行网签购房合同的时候，合同上显示的房屋销售价格却为18000元/平方米左右。销售人员给他解释说，他想要购买的这套房产单价为20500元/平方米，18000元/平方米是其毛坯价格，装修部分的价格需另行签订一份装修合同，开发商以装修款的名义按照2500元/平方米收取，开具的发票也是装修款。刘挺一时没想明白，没在购房合同上签字。但他不太甘心。刘挺在给本报记者讲述这段买房的特殊经历时说：“20500/平方米的价格虽然被拆开了，但算下来总价好象也没有变化，是不是应该签合同呢？”记者就此楼盘的另类营销方式采访了一位业内资深地产营销负责人。他说，刘挺没有匆匆下定是对的。如果按开发企业这种方式售房，未来业主在出售该套房产时，肯定会为此多掏不少""冤枉钱""。比如说业主购买了总价120万元的房子，在市建委以100万元的价格登记，另外20万元作为装修款支付。那么当业主以140万元出售这套房产时，税务部门会按照首次购买所登记的价格，以40万元的溢价进行收税，而不是以业主实际收益的20万元进行收税。另外，在国家税务总局于2007年6月正式对外公布的《关于承受装修房屋契税计税价格问题的批复》(国税函〔2007〕606号)中明确表示：“房屋买卖的契税计税价格为房屋买卖合同的总价款，买卖装修的房屋，装修费用应包括在内。”也就是说，对于以精装修现房为卖点的楼盘而言，将装修费用刨除在房价之外单独收取的做法，本身就涉嫌逃税。据他分析，开发商之所以采用如此做法收取房款，其中很重要的因素是开发商销售房屋须按5%缴纳营业税，而装修公司只须按3%税率缴纳营业税。开发商相当于利用房屋销售和装修的税费差，降低了自身的税费支出。记者在随后对瞰都领仕馆售楼处相关人员进行采访的时候，销售人员承认在售的6号楼部分房源此前曾以签约房价一分为二的方式进行销售。但她表示：“我们现在卖的房子都是按照正常报价来签订合同的，肯定包括了装修费用。”(北京参考记者 沈静)",3,4,0.9675599336624146
手续未办好装修已开始 丹水池街道办盖违建楼(记者 韩立山)丹水池街道办打算用作社区服务中心的两层楼是违建房，从开建到装修，一直没有办理好相关手续。”日前，居民刘先生向本报投诉，称这两层共200多平方米的楼房是违建。昨日，丹水池街道办称，相关手续正在办理中，江岸区控违办也表示将督促其尽快办好相关手续。手续还没办装修已开始昨日上午，记者在江岸区丹水池街看到，新建楼房紧邻街道办的一栋三层办公楼，共上下两层，整体已经完工，有工人正在做内部装修，社区便民服务中心的牌子也已经挂在门口。记者进楼后发现，一楼是个大厅，二楼是几间办公室，办公室的地板、门窗都已经装好。街道办负责人说，这栋两层楼原本是街道办的院子，现在改为了一站式社区服务中心，将设置教育培训中心、文体活动中心、维权咨询服务中心、图书阅览室、慈善超市等，为居民提供“一站式”服务。街道办称相关手续正在办“其实，我们真的觉得很委屈。”该负责人介绍，丹水池街管辖范围约有9.43平方公里，常住人口6万多人，目前办公场所太小，无法满足居民办事需求。按照国家明文规定，该街道应该为居民提供一个近1000平方米的服务中心，街道办挤出20万元改建了服务中心。该负责人表示，盖楼之前已向区里打了报告，并着手办理相关手续，只是因为规划手续办起来比较麻烦，所以一直拖到现在尚未办下来。“建楼之前，考虑到手续尚未办理好，还进行了社区居民听证，并发布了告示。”该负责人坦言，之所以边建楼边办手续，也是为了早日给社区居民提供便利。市民：政府部门更应程序合法“虽然是为了方便居民，可是作为政府部门，是否更应该注意程序合法？”向本报投诉此事的市民刘先生介绍，街道办搞的听证和公示他都晓得，可是相关法律已经明确规定了，没有办理规划手续就是违建。“政府部门可以边建楼边办手续，那么市民呢？”刘先生认为，政府部门更应该做个表率，更应该去遵循程序合法，而不是搞“绿色通道”。就此，江岸区控违办一负责人表示，从严格意义上来说，该楼确系违建，7月份曾经要求该楼停建过一段时间。考虑到该楼是为了满足社区居民“一站式”服务需求，且街道办确实是想为居民做实事，所以才没有强制拆除，“将督促该街道办加快办理相关手续。”,3,4,0.9752277731895447
把市场做小的智慧 集中优势局部市场形成强势把市场做大，让自己的产品销遍全国，甚至销往世界各地是每个企业家的梦想和追求。这是企业家及企业成功的体现。事实上，这个梦想却非大多数企业家都能实现的。在当下，世界上几乎所有的行业和产品都或多或少存在着产能过剩、供大于求的问题。实现这个梦想不仅需要企业家的智慧和能力，还需要各种强大的其它资源做支撑。譬如：强大的产品竞争力、充裕的资金等等。而这些资源并非每个企业都具备。企业在这种资源不足的情况下，企业家盲目追求遍地开花的产品推广战略，强调做大市场往往使结果与愿望背道而驰。因为没有足够的力量做后盾，这种“大市场”往往会使企业经营上很被动，甚至拖得筋疲力尽。在这种情况下，只有大胆把市场做小，集中优势资源在局部市场形成强势，不断积累品牌力和资金实力，最终再慢慢扩大市场。把市场做小，其实就是在资源不足的情况下，集中全部优势实施重点目标打击。这类成功的例子可谓不胜枚举。解放战争期间，有“战神”之誉的粟裕大将，指挥华中野战军主力3万余人，与12万美械装备的国民党军队作战，之所以能七战七捷，在一个半月歼敌5.3万余人，其秘诀就是每战均集中绝对优势兵力歼敌一部。在陶瓷行业，提到业界翘楚唯美公司的成功经验，人们必会说到其掌门人黄建平先生，在创业之初，面对当时企业困境做出的大胆决策，集中精力搞仿古砖市场，从而了实现“小市场，大份额”的目标。有时，把市场“做小”更需要一种智慧。如果说这些成功的案例都是精英式人物的传奇，普通人难以去复制其成功的经验，那么我不妨再讲一个百分百草根的例子。今年春节回家，我发现家乡从市里到乡村，很多人都在听一个本地歌手唱的歌。经过了解，我才知道这个本地歌手已经红遍全市(县级市)。论天赋和唱功，哪怕在本市他都算不上实力派。如果他和其他歌手一样，梦想成为刘德华和张学友这类红遍全国的歌手，他至今绝对是一无所获。他的成功就在于敢于把市场做小，把目标消费市场锁定在本市范围，然后通过对几首自己唱的比较满意的歌进行加工，用本地的方言唱出来。因为这种歌词在当地人听来比较亲切，甚至有些好玩，一下子就在本地火了。而在这个市场没有人跟他竞争，他自己出了专辑，在当地卖了5万多张。由于在本地的走红，他几乎每天都会参加一场活动，出场费在2000元左右。且已经对周边县市形成了一不定的辐射力，其出场费用及专辑仍有上升空间。这个曾经穷得吃不上饭的草根歌手，很快就实现了买房买车的梦想。中国地广人多，市场十分庞大，对很多产能不大、实力不强的企业，如果能把一省一市的市场做好，其实就完全可以赚得盆钵满盈。近两年，四川夹江、江西高安产区的部分区域性品牌的成功操作，其实也是一种把市场做小的智慧。相信，将会有更多的把市场做小的陶瓷品牌走向成功。,3,4,0.6959326863288879
抓住北京和上海 占领家居业的两个高地   接手北京区不到两个月时间，对北京市场有了怎样的了解？王伟：北京是一个明星城市，以前也经常过来，应该说对北京还是比较了解的。特别是对于北京的家居市场，以前就很关注，因为有许多家居品牌的工厂在北京。你同时也掌管上海市场，你怎么看待这两个城市的家居消费？王伟：北京和上海都拥有中国目前最多的新生代消费者，也是大城市中该类人群比例最高的。对于北京和上海来说，置业主体都是25岁到45岁的年轻人，另外两地的消费者都追求有品质的生活，追求有活力的居家，这是共性。对于家居品牌和经销商来说，北京和上海的重要性在哪儿？北京和上海一个是政治中心，一个是金融中心，从消费层面来看，如果占据了这两个高地，家具制造商基本上就能抓住全国市场40%以上的份额，应该说这是大头，也是品牌要走向全国必须占领的两个城市。红星美凯龙这次将北京和上海联合起来，也是出于这个考虑吗？王伟：应该说，红星美凯龙是目前惟一一家在北京和上海都拥有相当体量的家居商场，在上海已经是最大的连锁网络，这次我们做出了一个重要的战略调整，决定把中国最重要的两个地区北京和上海合并成为一个新的“京沪联动区”。对于家居工厂来说，如果一个企业能够在这两个城市获得成功，将会对全国的城市起到示范作用。这样的联动，将带来什么？王伟：我们也希望通过对北京和上海市场的重点建设以及联动，给消费者带来更多、更好的家居购物体验。比如说，我们会在这两个核心城市推出更多的新产品发布会，这两个城市的消费者将有更多机会在第一时间了解全球家居产品的流行趋势。我们会把北京和上海做成全国的示范性卖场，帮助更多的企业在全国布局。,3,4,0.9243130683898926
投资49亿元 西部最大国际家居商城成都开建中新网成都6月14日电(记者杨杰)14日上午，总投资49亿元、总建筑面积达170万平方米的四川元瑞国际家居商城在成都双流正式破土动工，将于两年后建成，从而成为中国西部规模最大、档次最高、配套最齐全并辐射东南亚地区的综合性国际家居商城。四川元瑞国际家居商城是成都市规划的四大商品市场之一，坐落在双流国际机场旁的双流现代商贸集中发展区，交通顺畅。该商城由四川元瑞投资实业有限公司投资兴建，集设计、研发、生产、材料供应、商务会所、物流配送、技术培训、产品展销于一体，整个工程将分三期建成，首期投资25亿元，建筑面积达70万平方米，包括家具展销中心、精品展示中心和家居材料市场，将于今年底投入使用。2011年底全部建成后，将成为中国西部最大的综合性家具展销基地和最集中的家具品牌战略联盟体，并为社会提供15000个就业岗位，年创税收达2亿元以上。14日上午，四川省、成都市、双流县有关方面负责人和众多家具厂商代表参加了盛大的开工仪式。业内人士认为，这个超大规模的现代化家居商城建成后，有望改变成都家具卖场的分布格局，为中国三大家具生产和销售基地之一的成都家具走向全国乃至世界搭建起沟通、交流的良好平台，推动成都家具行业快速发展。(完),3,4,0.6182176470756531
投资800万 广东首个红木家具检测中心落户大涌全省首个红木家具检测站将于本月底正式落户大涌，目前筹建工作已进入尾声。据悉，该检测站挂牌后，将作为全省红木家具产业联盟标准的重要研发基地，并直接推动中山红木家具产业的发展。大涌红木家具起源于上世纪70年代末，历经30年的发展，现有红木家具企业207家，去年红木家具产值达13.8亿元，是全国唯一的红木家具生产专业镇和广东省标准化示范专业镇，占有全国60%的红木家具市场。据悉，新的《深色名贵硬木家具》标准于去年9月1日正式实施，大涌也由此成为中山市首个成功修订国家行业标准的专业镇。今年7月，省质量技术监督局副局长张燕飞来到该镇调研，并同意在大涌建立广东省红木家具检测中心。记者了解到，检测中心的建立，将成为全国第一个专业级别的省级红木家具检测中心。目前，该中心选址大涌会展中心，办公面积达2000平方米，预计总投资800万元。大涌为了升级红木家具，于今年初完成了《中山市大涌镇服务业发展规划研究》，对全镇红木家具产业布局进行调整，同时配合“三旧”资源改造，建立一个红木家具城。此外，该镇还计划在今年兴建两个红木雕刻精品市场。一个由大涌红木家具领军人物、大涌红木家具商会会长萧照兴投资兴建的 “大涌红木家具工艺城”。该工艺城占地面积约25亩，目前该项目正在报建中。另一个项目是结合“三旧”资源改造，将位于大涌新平路浪兴服饰有限公司与岐涌路杰仕制衣有限公司一带约50亩的“三旧”资源整合起来，建立一个专业化、规模化、精品化的红木雕刻精品市场。,3,4,0.5029939413070679
折价标准出台 京城卖场旧家电回收已经启动期盼已久的《北京市家电以旧换新实施细则》终于尘埃落定，8月10 日上午，北京市商务委员会与中标企业签订了协议书，正式启动家电以旧换新工作。即日起，大中、苏宁等家电卖场均启动旧家电回收工作。旧家电折价标准公布市商务委员会公布的《北京市家电以旧换新实施细则》对废旧家电的折价是：彩电为20 元到90 元(17 英寸以下的CRT 电视机折价为20 元)，显示器15 元到40 元(14 英寸以上液晶显示器为15 元)，台式机主机为60 元(须配件完整)，笔记本电脑为20 元，洗衣机一律为85 元(须配件完整)，空调为60 元到300元(300元为柜机)。在购买新家电时可享受销售价格10%的补贴。入选的家电共包括五类，每台补贴上限为电视机400 元、电脑400元、冰箱(含冰柜)300 元、空调350元、洗衣机250元。大中服务京城五区本周开始，在大中电器中标回收区域内的消费者可通过大中客服热线电话4008113339 或到各门店服务台进行咨询预约。“家电回收会按照北京市各行政区域划分，分东、南、西、北、中5个区域。各中标企业几家一组，大中负责中区，包括西城、东城、朝阳、崇文、宣武五个行政区。”大中相关负责人表示，大中将为预约者进行信息登记并与消费者核对回收价格，然后由物流部门的专项收旧人员上门对旧家电进行回收，现场返给消费者旧家电回收款，并给消费者开具国家统一的家电以旧换新凭证。消费者凭此单据可以购买国家指定以旧换新5类商中的任意一种，并享受10%的补贴。苏宁以旧换新加赠礼消费者可通过苏宁电器“ 以旧换新”预约专4008365365 进行回收预约，也可就近在苏宁门店咨询流程。苏宁承诺，将在最短时间内上门回收，并给消费者开具国家统一印制的家电以旧换新凭证。消费者凭此单据可以购买国家指定以旧换新5 类商品中的任意一种，并享受10%的补贴。针对以旧换新服务，还推出“一重补贴，两重让利，双重优惠”活动，消费者凭回收证明购买家电，除享受国家补贴外，还可享受苏宁及工厂的双重让利，并有预订送好礼及套餐优惠活动。例如，持回收证明购买夏普46英寸液晶电视，工厂指导价13499 元，除了享受上限400元补贴外，还可以享受工厂300 元优惠和苏宁200 元优惠，最终消费者将以12599元的实惠价格购买。,3,4,0.49454426765441895
护眼灯能否护眼遭质疑 行业尚无国家标准规范暑期已至，记者在京城家居卖场中走访时发现，时常有家长带着孩子前来选购护眼灯。据护眼灯的销售人员介绍，护眼灯与普通台灯相比无频闪，因此能够保护眼睛，预防近视。那么，护眼灯真如销售人员所说的那么神奇吗？护眼灯受家长欢迎十里河灯饰城汇集了众多灯具品牌，高中低档灯具应有尽有，在这里记者发现，多数摊位都出售护眼灯，而护眼灯的价格从几十元到上百元不等。一台小品牌的护眼灯50、60元就可以买到，而像“飞利浦护眼灯”这样的大品牌，最低也要200、300元。与护眼灯相比，没有“护眼”功能的普通台灯则要便宜的多，杂牌台灯在砍价之后20、30十元即可购得，即使是大牌台灯，上百元的就算中高档了。“虽然护眼灯稍微贵些，但是为了孩子的眼睛，作为家长多花些钱也是值得的。”正在选购护眼灯的消费者吕女士向记者表示。与吕女士抱有同样看法的消费者不在少数，十里河灯饰城的很多销售人员告诉记者，来这里选购护眼灯的消费者几乎百分之百都是为正在上学的孩子购买，而且在买灯时不太在意价位。“有的家长甚至来了就跟我们要这里最好、最贵的护眼灯。”销售人员孙小姐告诉记者。高频闪≠无频闪记者随意翻看了几个护眼灯的宣传材料，有的称护眼灯之所以能保护眼睛，与灯罩上的光栅有很大关系；有的则称，产品使用的是美国原厂最新设计的变频技术，可消除灯光闪烁所造成的眼睛疲劳。“护眼灯为什么能护眼啊？”当记者把这个很多消费者都困惑的问题抛给销售人员时，居然很少有人能够回答。在十里河灯饰城，记者以普通消费者的身份随机问了10个卖护眼灯的销售人员，却只有2个人大概给记者描述了一下护眼灯所谓的护眼原理。“普通台灯都是有频闪的，长时间用这种台灯会使人的眼睛产生疲劳感，而护眼灯是没有频闪的，因此即使长时间使用，眼睛也不会感到疲劳。”一位销售人员一边给记者讲解，一边拿手中的普通台灯和护眼灯给记者做演示。记者也观察发现，与普通台灯相比，护眼灯确实看起来没有什么频闪。无频闪真的是护眼灯“护眼”原理吗？中国照明产品工业协会理事长陈燕生表示，所谓的无频闪，其实只是高频闪而已。据陈燕生介绍，荧光灯在交流电的作用下，会产生一亮一灭的变化，即频闪。普通荧光灯的频闪每秒钟大约100次，肉眼不易察觉，但也会让人感觉不舒服，但当灯光每秒钟闪动的次数增加到一定程度时，肉眼难以察觉，眼睛就会相对舒服些，但由于这种灯所发出来的光仍然是不连续的，时间长了眼睛同样会感到疲劳。护眼灯尚无国家标准规范把“高频闪”说成“无频闪”，夸大护眼灯的护眼效果，这似乎成为了目前护眼灯市场的潜规则。有业内人士甚至称，市场上出现的护眼灯，几乎没有任何一家经过了国家专业部门的科学检测。记者在采访中也观察发现，虽然很多护眼灯的宣传资料上将自己的护眼效果夸的天花乱坠，但产品外包装上并没有国家权威部门的检测结果证明其产品有护眼效果。而且多数护眼灯标注的执行标准为GB7000.11-1999(《可移式通用灯具安全要求》)，并不是专门针对护眼灯的标准。记者查阅了相关资料，发现灯具产品类的国家标准、行业标准中，也并没有专门针对护眼灯的相关标准。烟台市消费者协会曾发出消费警示，提醒消费者谨慎购买护眼灯产品；今年5月，武汉工商分局也发布消费警示，提醒消费者护眼灯还没有出台统一的国家标准，预防近视很大程度上只是商家炒作。中国照明电器协会副秘书长窦林平表示，只要能保证灯具照明亮度，避免眩光，一般情况下10瓦左右的节能灯基本就能满足人们的日常照明需求。挑选灯具时也要到正规市场选购那些侧面不透光、灯罩遮光效果好的灯具。,3,9,0.4772228002548218
"挑T总动员 美食品赏会 网友意见调查"" class=akey target=_blank>news.sina.com.cn/iframe/survey/js/97/f_content_40801.js"">",3,7,0.36352092027664185
挑T总动员-求爱篇图为漫画图为漫画图为漫画图为漫画,3,8,0.9477708339691162
挡路建材已清 施工仍在扰民本报讯 (记者 彭晨实习生沈婷婷)过去一周，市民向本报“24小时热线”栏目反映的问题主要集中在人行道堆放建筑材料、幼儿园附近尘土飞扬、工地抢建影响居民午休等。昨日下午，记者拨通了部分市民电话回访获悉，部分问题经本报报道后，已经得到解决。9月1日，廖女士来电反映，景龙小学东边、北边的人行道被水务集团挖开，如今暑假过后，人行道还没有恢复原状。近两天学生返校开学，学校门口堆放着大量建筑材料，使得学生上学无路可走，只好走机动车道。昨日下午，廖女士在接受记者电话回访时说，此事经本报报道后，引起了深圳水务集团的重视，他们立刻安排工作人员抢修了损坏的下水井，堆积的建材也已清理完毕，现在人行道已经恢复通畅。9月3日，普小姐来电反映，福田区石厦菜场旁的一处拆迁工程，由于现场无遮拦设施，每天施工时产生大量的灰尘，附近的幼儿园离拆迁地不足十米，小朋友每天都要吸进很多灰尘，不利身体健康。昨日下午，普小姐在接受记者电话回访时说，文章刊登后，工地立刻采取了整改措施。近日，工地在拆除围墙时进行了洒水作业，灰尘比过去大为减少，周围的环境也没那么灰蒙蒙了。9月5日，龙先生来电反映，龙岗华为基地三和大厦对面有个工地，这两个月来，该工地每天早上6时便开始施工，中午也不停工，声音嘈杂，附近居民午休时都不得安宁。昨日下午，龙先生在接受记者电话回访时说，这一情况仍未改善。居民不反对施工建设，但不要打扰到居民的正常生活。希望相关部门能够加强监管，让附近的居民能够有一个安静的生活环境。,3,4,0.8854689002037048
探秘国庆晚会三大法宝 LED70%零件国产首都国庆60周年联欢晚会指挥部副总指挥赵东鸣日前表示：今年晚会上最有创意的就是设计了一个叫“光立方”的表演区，即以天安门广场国旗旗杆为中心，在它的周围有4000多棵的“发光树”，这是在我国的晚会中首次被应用。这些“发光树”是LED的，具有高科技含量。 “天安门广场上的LED显示屏中70%的零件均为国产，尤其是它的关键技术发光晶粒由我国公司生产。这个显示屏在抗风、抗雷、阻燃等方面做了相当充分的工作。这些先进的技术为我国的科技创新增添一喜。”一位LED显示屏的专业人士介绍说。天安门广场上LED显示屏宽为50米，高7.5米，虽说屏幕的比例为20∶3，但是画面内容却不会变形。显示屏采用点间距16毫米的全彩色LED像素，远程同步控制，高清数字显示，其横向3072点像素是迄今为止世界广场LED显示屏之最。为了以防万一，显示屏采用了三路供电，并且若用自身电池组来供电显示屏的亮度也不会受影响。另外LED显示屏还运用到了彩车上，并突破了其单一的形式，发展出弧形、不规则形、上下升降等多种花样。焰火形式丰富多样据赵东鸣介绍，这次晚会的一个特点是“突出焰火，强调联欢”。因此焰火表演在国庆晚会中有着举足轻重的地位，甚至决定整台晚会的效果。在这次焰火表演中采用了高、中、低立体烟花，还配有网幕烟花、特效造型烟花、音乐烟花燃放等多种形式。此次焰火的燃放集中在广场周围的12处燃放点，比较集中。为了使焰火看起来更绚烂多彩，首先就必须解决焰火燃放初所出现的大量烟雾。为了达到焰火艺术上的创新，天安门广场上安装了一个巨大的烟花特效装置，这在以前是没有过的。今年国庆庆典联欢晚会的烟花种类超越了以往任何一次，届时，以天安门广场为中心，人们会看到一个整体、多样、场面壮观、绚烂多彩的焰火晚会。打造民族欢乐盛宴一台突出民族、民间和民俗的盛大联欢将在国庆夜呈现于世人面前。此次联欢有12个板块，分别为各民族中心表演区、军民联欢区、工人联欢区、大学生联欢区和农民联欢区等。在各民族中心表演区，将有近3000人身着56个民族的服装载歌载舞。此次晚会联欢与以往国庆晚会联欢不同的是：12个板块在同一的旋律之下舞动着不一样的舞步。各个板块的群众将各展其能，共同打造一场民族欢乐盛宴。,3,9,0.79335618019104
搞怪ELLA运动中性家(图)ELLA 该女子乖巧可爱，喜欢搞怪。自SHE走红之后，她们的人气在内地也是与日俱增，三人中Ella最为活泼，不经意间散发出的男孩子气使人难忘。就因为ELLA的帅真，被很多人都误认为的“变性人”。脸蛋肉肉的，五官粗粗的，假小子典型。    ELLA在学校的时候喜欢打篮球，像个假小子，非常活泼好动。可同样她也非常真实、善解人意以及热情，常常用她的贴心去温暖身边的人。为ELLA推荐的是休闲运动的装修风格。,3,5,0.5874117016792297
携手当代节能置业 日立电梯再添战略合作伙伴当地节能置业股份有限公司与日立电梯(中国)有限公司在北京当代MOMA签署战略合作协议。未来，日立电梯将为当代节能置业旗下众多房地产项目提供具有一流国际化品质、绿色节能的电梯、扶梯产品。当代节能置业通过与日立电梯等品牌供应商的战略合作，共同运用节能技术和前沿科技，为消费者缔造出更多的节能建筑。当代节能置业一直致力于为广大消费者开发舒适而节能的住宅产品，公司先后开发建设了万国城MOMA、POP MOMA、上第MOMA、MOMA万万树、当代MOMA等项目。随着日立电梯与当代节能置业的联盟，日立电梯将陆续参与万国城MOMA (长沙)、万国城MOMA(太原)等项目，并为当代节能置业提供节能环保的电梯技术与绿色产品。双方也将在“科技建筑美好生活”开发理念的指导下，共同努力，在尊重自然、节能环保的基础上全面提升人居品质，让更广大的消费者享有更舒适节能的人居环境。万科集团和日立电梯的战略合作已经成为一段佳话，合作有9年之久。日立作为电梯的战略供应商，在万科联合发展中心网站中被列入了“联合发展计划”。据万科的相关负责人介绍，万科和日立电梯独创的“订单式”采购模式，大大精简了采购环节，提高了采购效率。万科在降低成本的同时，也获得持续的质量保证。此次日立电梯与当代的携手，使其战略合作伙伴的阵营里又增加一重量级合作伙伴。据不完全统计，日立电梯已万科、富力、合生创展、华润、当代等数十家开发商建立起战略合作伙伴的关系，成为房地产行业最大的电梯战略供应商。作为日立在海外最大的电梯合资公司，日立电梯(中国)有限公司自1996年正式开业以来，研发、制造、营销、服务能力不断增强，现已成为中国市场上规模最大、实力最强的电梯企业之一。秉承日立领先全球的尖端技术和优良的产品质量，日立的电、扶梯产品因其优质高效和节能环保而倍受市场青睐。此前，日立电梯曾为广州第一高楼——中信广场、中国第一高楼——上海环球金融中心、四川第一高楼——喜年广场等诸多标志性建筑提供产品与服务。据悉，日立是全球企业500强的跨国集团，拥有超过80年的电梯研发与制造经验。作为日立在海外最大的电梯合资公司，多年来，日立电梯(中国)有限公司一直致力于推动中国都市生活的现代化进程，竭诚为中国社会提供高品质的产品和服务。凭借“一个总部(广州)、两大研发中心(广州、上海)和三大制造基地(广州、天津、上海)”的研发和制造实力，以及遍布全国各大城市的分支机构和服务网络，日立电梯积极发挥其在一个世纪发展历程中所积累的雄厚技术力量和丰富经验，为中国市场众多用户提供最专业的楼宇交通解决方案。,3,4,0.8298746943473816
政府采购如何扶持国产电梯(2)任京萍：最近一直在开会，从星期一到星期三也搞了一个内部的业务培训会，昨天差不多下午四五点的时候才结束。今天这个会议讲话稿准备的非常的匆忙，可能讲的有一些不到位的地方，特别是我们中心一些详细的做法、情况在这里也没有时间过多的讲，想把我们北京市政府采购中心在政府采购执行过程当中我们认为有一些问题是值得探讨的，在这里就做一个不太成熟的发言。尊敬的政府采购信息报的刘社长，还有政府采购商会缪会长，还有国家政府采购中心的孙处长，还有在座的各位的商业协会的专家、领导大家下午好！我首先非常感谢我们《政府采购信息报》的刘社长，在国庆六十周年大庆之前，在中秋佳节即将到来之前，在我们非常瞩目的双节之前，举办这么一个关于研讨电梯业热点的话题，为我们北京市政府采购中心和各位在座的专家也好、领导也好，都搭建了一个很好的平台，所以我说非常感谢刘社长。现在我代表北京政府采购中心把我们中心这几年来在政府采购电梯方面、执行过程当中一些问题和一些建议和大家进行一个沟通和交流，说的不对的地方欢迎大家批评指正。我认为电梯作为北京市政府集中采购目录中的通用类的货物，是政府采购招投标中重要的组成部分，近几年我们中心受理电梯类的政府采购项目，刚才何经理也讲了，我们政府采购中心是2000年成立的，我们按照政府采购分流的政策2004年和财政部脱钩，在2004年算是建立了自己的一系列规章制度，包括我们对所从事的政府采购项目有一个梳理的过程。特别是电梯类的项目，实事求是的讲，我们北京市的量不是特别大，平均每年也就二十多个，采购金额应该是不到5000万，这方面的金额和项目数都不是很大。但是我认为电梯毕竟是我们各级党政机关、学校、事业单位、团体组织都离不开的重要的产品，所以我觉得里面确实有一些问题也值得我们探讨和思考。电梯类的产品具有一定的特殊性，采购人申请购买的产品技术参数和要求基本上都是非标准化的产品，从而对招标采购带来比较大的难度，关于我们电梯类的产品招投标的情况分析，我想有以下几个方面的问题想和各位专家、领导一块探讨：第一个问题，我们认为采购人提出的技术要求可能受各种客观因素的影响，提的不是完全合理，配置要求也不太符合实际需要。怎么讲呢？在我们受理的政府采购项目当中，大多数为电梯的更新项目，由于旧的电梯使用时间比较长，所以采购人都想借重新招标采购的机会配置档次更高，功能更完备的产品，我们作为招标投换位思考，我们理解采购人的想法，如果我是采购人，也想把自己的产品配置提高一些，使用起来更舒适一些，稳定、安全性会更好，这种想法我们可以理解，我们做招投标工作的同时也给他们推介。由于我们的项目采购负责人对电梯的要求不是很熟悉，往往对一个简单的市场进行调查，或者参考某些彩页、宣传品的品牌介绍后提出的一些技术标准，有一些技术指标不够要求，有一些不切实际，有一些提的过高，这样与电梯施工的实地情况不符，这个各位专家都非常清楚，它不同于采购电脑或者某一个服务器，这个要跟场地有很大的关系。这样的要求提的不合适，就会造成在投标的时候没有合格的供应商来投标，另一方面造成了资源配置和功能的浪费，进而无法对我们预算资金进行充分、有效的利用。电梯业需求不科学、不合理的话，我们的项目没有办法保证一次性中标，加大了成本，延长了我们工作时间。这是采购人员科学方面不太准确的问题。第二，采购人对品牌有一定的倾向性。刚才缪会长也讲了，在电梯业，国产的产品可能只占了30%左右，确实也给我们敲响了警钟，所以我觉得这些问题还是值得我们思考的。我们的采购人，我们的预算单位在论证的阶段会经常提出一些对某些品牌的倾向性的意见，尤其是对于国外品牌的极大的依赖性。这样在评审中让这些标准占据了主导因素，我想这些问题应该从两个方面分享，一些大的品牌，包括国外品牌的产品质量因为经过国外技术比较先进，而且经过市场的可靠性、安全性的长期的检验，所以认为它的功能性、安全性、性能方面都非常可靠，采购人在采购的过程中对这些品牌非常的青睐。我想在这种情况下，有一个我们如何在符合法律法规的前提下正确引导采购人，所以我觉得刘社长召集这个研讨会，搭建这么一个平台确实是非常好的契机，我们可以探讨品牌如何可以达到我们采购人的要求，如何又能实现扶持我们自主的品牌，国产的品牌的大的国家的政策。另外如何加大国产品牌的产品的认可度，提升产品的技术安全品质，在论证环节一些专家在一定的程度上会对某些国产品牌的质量、市场占有率确实不太认可。所以存在如何要求采购人购买这类产品，这也是需要产品提高国内品牌的知名度和国内心目当中的信誉度的问题，这也是我们这次会议要探讨的主要的目的之一。刚才讲了品牌，为什么国外的品牌这么多，大家都依赖于国外的品牌，对他们产生极大的信赖。第三个方面的问题，是采购人对项目实施的时间、计划不合理。我们在工作当中经常遇到采购人急于完成某一个电梯类的采购项目，要求必须多少多少天，你们就要给这个项目采购完成，供应商多少天要把电梯采购到，安装完毕，但是要按照我们装修采购法的相关规定和供应商中标后的生产周期，考虑到这几个问题，采购人提到的计划在现实当中非常难以实现，而且有一些采购人在自己前期制定计划和方案的时候，往往因为一些原因会耽搁，你交给我的时候时间非常匆忙，给专家论证，可行性的分析，包括给供应商踏勘、寻标的时间非常的短促，按照正常的规定有一定的程序，所以这些考虑的不是非常周细，所以采购人的计划在实际实施当中非常的困难，而且往往采购人提方案的时候，有一些重要的普遍的结构、设计，没有完成，不同步，这个项目运作起来的困难大家可想而知了。如果我们盲目的按照采购人的意愿匆忙的加快这个进度，势必影响采购和施工的质量。第四个方面的问题，我们一些采购人提出的工程方案不够准确，使供应商不能按照项目的实际情况予以响应，这一点也是我们招投标当中遇到的一个非常大的难点，我们往往在论证的阶段，专家要求采购人必须提供工程当中的简要的尺寸，今天很多商会的会员都是我们市里面人事局和专家库的专家，有一些参加过北京政府采购中心的论证、投标，所以你们都是资深的专家，我们说的不见得准确，但是作为一个问题来说，确实这些数据，由于他拿不出来，或者提的不准确，我觉得在一定程度上会影响我们招标的顺利进行，而且也会导致供应商投标的时候响应的合格供应商不足三家，导致了这个项目流标，电梯的采购时间周期都会延长。有的采购人还必须要有相应的一些工程的图纸，但是这些有的已经找不到了，已经没有了，所以说电梯的项目在实际当中，在论证的环节我们专家就提出了这些问题，如果不解决的话，很难在论证的环节拿出非常科学、可行、可操作的一个论证的意见，从而与下一步的参与招标的编制都会受到影响。所以在项目招标过程当中，所提供的工程的尺寸有时候成为了参考的依据，在这种情况下，我们为了保证项目的顺利实施，一般在文件当中爱国潜在的投标供应商到工程现场进行实地踏勘，掌握实际的标准，供应商在寻标、踏勘的时候提出的一些意见我们应该进行更正，有时候可能还不得已出现延期的情况。讲到这里，我不知道今天有没有企业的代表，我们这个环节，实际上有一些参与的企业，应该非常看重踏勘的情节，但是有一些忽略了，他们对现场不清楚，投标的时候就匆忙的把我们的文件作为他的应答，这样他实际上如果有可能中标的时候，就会出现违约合同的相关问题。我们在评审的过程当中出现过这种情况，我们曾经有过一个典型的例子，有一家供应商，他也没有实地踏勘，也没有参加中标，但是硬拿了，没有问题，都可以响应，但是最后中标了之后，他想先中标然后再说，但是他没有想到政府采购现在是非常规范的，而且是有法律支撑的一个采购活动，不像过去，现在有社会监督、媒体监督、有法律制度框架进行限制和制约。所以他都响应了，在查阅他所报的产品型号规格的时候我们发现他们提出的所谓的产品跟实际情况出入很大，这就造成了在我们合同签订了以后一些他无法达到投标承诺里面的要求。所以在最后施工现场提出能不能更改一些指标，这个根本是不能同意的，所以在有时候中标供应商和预算单位会发生一些矛盾，有时候问题不能解决，还要打扰监管部门。,3,4,0.8758732080459595
政府采购如何扶持国产电梯研讨会在京举行(2)下面我们有请天津银桥有限公司总经理安晖发言，大家欢迎。安晖：尊敬的缪会长，尊敬的各位领导大家上午好，我们是天津银桥有限公司，非常荣幸在这里结识大家，我们公司是一个生产型的企业。我们公司是以电梯的生产、管理、技术、检验组成，他们说的是电梯是制造行业里面的精英，从技术工艺到项目管理都有非常丰富的经验，这个也为生产出来好产品奠定了基础，在这种情况下，我们公司投入了先进的生产设备和检测设备。因为我们知道，品质就是企业的灵魂，所以我们在这里跟大家说一下，从原始的产品的加工到整体的过程工艺全部是自己的作业线，在这种情况下，我们的产品包括防伪标识，为什么强调作业线的问题，因为在电梯的制造里面，很少有企业是全部作业线，基本都是和其他企业横向的联合，也使电梯产品在市场上非常的混乱，混乱的原因就是很多企业没有生产许可证，很多东西但是都没有，但是就可以给其他的一些电梯生产企业提供半成品。正是因为我们拥有自己的完全的生产工业线，没有任何的外加工序，所以在生产过程中，各个程序的成本控制非常的严格，为的就是把这块成本节约出来，让利给我们的客户，让我们的客户用上质量好，价格低廉的产品，我们不搞价格战，因为我们的价格不从市场上拼，而是从我们的产品里面省，市场是公平的，只要你怀着一颗永远为客户着想的心，客户永远是你的，我们在售前、售中，售后完整的体系，制作出特殊规格的产品，并且为客户提供切割的服务，我们在京津冀提供24小时上门服务，由于我们无限的努力，我们也得到了很多企业的认可，包括张董事长的上海富士电梯，我们合作的非常愉快，还有铃木，广日，很多的企业，在这里特别值得一提的是北京莱茵电梯的孙秘书长，他将我带入了这个会议，也很有幸结识了各位。作为银桥，我们都很敏感，同心使我们的企业走的更远，有品质才有市场，有改善才有进步，这是银桥的座右铭，正是因为我们公司坚信诚信是金、品牌是金，所以我们公司逐年是天津市评为重信誉的单位，我们的商标也被评为著名的商标，我们申报的技术改造项目已经获得批准，银桥的荣誉我们愿意和各位共享，有朋自远方来不亦乐乎，我热切盼望各位领导去银桥指导我们工作，谢谢大家！主持人：金融危机给世界经济带来了灾难，在这个大背景下，电梯行业制造企业回顾和反思在电梯里面的零部件当中的问题，在这个过程中，电梯一些企业认识了电梯营销，像安总介绍的情况也是这样，刚才她也做了很好的介绍，下面有请北京稳上创新科技有限公司总经理游小芳发言，大家欢迎。游小芳：尊敬的各位领导、各位来宾大家上午好，随着我国经济的发展，社会的发展，电梯拥有量也在递增，北京已经拥有十万台，成为人们不可或缺的生活设施。目前我国电梯安全性较以前有很大的提高，但是电梯事故仍然发生，由于停电或者电梯故障造成的困人现象，由于解救不及时发生了伤害事故屡见，因此电梯安全运行，社会的安全管理，以及保证行梯人员的安全已经成为社会和国家普遍关注的焦点。强化电梯等各种设备的安全管理是我国安全工作的一个重要方面，国务院早在2003年就发布了各种设备安全条例，09年5月1日国务院总理温家宝又亲自签发了国务院第549号令，进一步强调了安全责任主体，硬性规定事故的划分和处罚，申明了事故发生后的处罚力度，明确的对责任单位处以10-20万的罚款数额。管理者罚款上一年度30%的工资，力度实为罕见，说明政府的决心。电梯事故是普遍存在的现象，问题是如何及时处理此类问题的发生，防止营救不当引发的电梯灾害事故，确保人身安全是当前亟待解决的问题。我们公司以工作安全为已任，把高可靠性、高智能化作为产品的核心竞争力，充分发挥中国航天航空高科技研发人才的优势，结合创新的理念和思维，在激烈的市场竞争中取得了一定的知名度，走在电梯应急救援产品的行列前沿，为国内外众多知名品牌电梯厂商提高差异化竞争提供了标准，澳洲，意大利、韩国、新加坡等三十多个国家和地区都用了我们的系统，武汉香格里拉饭店买的是全进口的奥的斯电梯，在安装完电梯，引进了应急装置，现场调试不成功，应急装置厂商不但退货，而且赔了违约金，后来他们找到我们，去年夏天我们总工到澳洲调试新型的机器，由于我们非常精确平稳的集成，外方说 你们真棒。这种研发品牌不但走出了国门，而且在世界各地得到了认可，为中国企业在国际市场上树立了良好的形象。下面我有几张图片给大家看一下，这个是今年四川公交车发生重大安全事故，事故之后全国上下都进行了公交车的逃生演练，北京各个城区也做了多次的逃生演练，很多地方增加的公交车的安全投入，进行了改造，这是我们5.12日汶川大地震，多少校舍变成废墟，其中有媒体报道，有一个曾经由于经费不足花四十万盖的教学楼，后续几年为它投入安全性的加固花了200万，这次汶川大地震中，他安然无恙。日本等国看到这一情况后，全面启动了校园安全设施投入计划，加大资金确保学校的安全，而我们在现实生活中，很多用户说，我们这个关人现象还没有发生，或者我们是普通老百姓，没有关系，为什么我们总是被安全追赶，为什么我们总是被动的亡羊补牢，在以人为本的大环境下，我们更需要有高端的以人为主的目光，今年是国家安全质量年，又是国务院实施特种设备安全检查条例之年，又是新中国成立六十周年，我们希望政府，有关单位和媒体给予电梯安全高度重视，我们应清晰的认识到我们共同肩负的电梯安全使命任重道远，在举国欢庆六十周年来临之际，祝大家节日快乐，全家幸福，谢谢！主持人：游总的介绍非常好，下面发言的是上海席尔诺电梯有限公司总经理汪孝龙。汪孝龙：感谢《政府采购信息报》和北京工商联电梯业商会创造一个非常好的平台。今年难处上海市市委书记，参加了上海家电工业区52项首批重点建设工程的开工建设典礼，很荣幸，其中之一就是我家名不见经传的上海席尔诺电梯有限公司，是一个现代化的电梯生产建设基地，实际能力5000台/每年，从一个亿的销售额要达到五亿，25%海外销售，75%国内消化。在整个国际金融发生危机的时候，席尔诺三年以来，销售是稳步上升的，逆势上扬，这是什么道理呢？我觉得有三个感受，首先得益于国家的政策好，实际上这一次金融危机发生以后，上海市在拉动经济的大前提下，他就是重点扶持了有生命力的重点工程，很荣幸席尔洛因为高新技术和关注民生的特点被列入了这样的重点工程，政府是重点扶持，原来400多天的这样一个从招拍挂到开工的进程，现在我们只需要半年的时间完成，进行了建设期，进入政府的绿色通道，我们说政府的政策好，感受的第二点，得益于我们席尔诺顺应市场变化，主要是以客户的价值对产品的价值认同来发展我们的企业。实际上席尔诺是在2003年在上海注册的，在当时只有4000万人民币的注册资本的小厂，但是它建厂一开始的基础就是建立在在北京潜伏了二十年的基础上，说起在北京潜伏了二十年。如果没有大格局，我们的战略就不是很适应今天这个激烈的市场，所以当时席尔诺建厂一开始，把整个的注意力就放在老楼加装电梯的市场，02年投入市场，05年拿出调研报告，05年做了一个老楼加装电梯前景广阔的报告，很快老楼加装电梯成为了市民津津乐道的一件事儿，也正好符合上海关注民生这样一个政策，上海市有十大民生重点工程，关注民居的就有平改坡，就是老楼加装电梯，上海市率先进入老龄化，过去我们住进六七层楼的房子里面没有电梯，我们走三楼就要休息一下，这个对居民的生活质量，居住质量产生了很大的影响，现在生活水平 提高了，大家要求居住质量也提高了，特别是老年人，有时间要上上下下，但是真的不方便，席尔诺也是找到了这个市场，不和大品牌争，我们切入这个市场，做好这块，既有大格局，这个格局是关注民生，也有我们自己的小算盘，扎扎实实做我们自己这块，而且我们很快的就进行了专业的注册，现在我们已经有自己的专利，我们的专利就是挂壁式××框架一体式乘客电梯，这个听起来好象很长，其实涵盖了我们产品所有的内涵，接下来我们和上海市政府采购中心进行了一个合作，这个也是得益于我们的产品、得益于我们顺势而为，得益于我们的蓝海战术，绝不和大品牌一线去拼，我们太小，而我们全做自己的，政府采购机构，当时有一个偶然的机会，就是上海市重点工程，大家讨论的关注重点就是如何解决老年人上上下下的问题，已经进入了政府的视野，所以政府采购各个区都反映了这个问题，哪里能够采购到专门为老楼加装的电梯，上海市政府采购中心和大家碰到的问题也一样。你们能不能介绍一下，电梯行业为了自己的生存必须要有一个空间，很多新闻科室他们提出一个问题，你们这么一个名不见经传的电梯商怎么达成和政府采购，你们凭什么，我们说凭企业文化，他们说你们三年就有企业文化？我们说在北京潜伏了二十年。我们知道客户需要什么，我们打给世界上最悠闲的维修工，我们就是这个意思，我们集20年维护安装的经验，我们推出框架一体式的乘客电梯，这个肯定没有后顾之忧。就是这样。政府采购中心和我们OK，签订了长期的战略合作协议。现在许多的东西都是得益于我们政府采购中心，比如说我们最近签的成都的大单子实际上是成都的政府采购中心，和对方推介、介绍了我们，实际上我们其他的条件也是有的，现在我们的注册资本是1200万美金，现在我们关心的是中外合资，实际上这个中外合资和我们所用的洋名一开始完完全全是我们的政府采购。谢谢大家！主持人：下面有请南通蒙哥玛利电梯有限公司副总经理孙益明上台发言。孙益明：各位领导大家上午好！像政府采购如何扶持国产领域，我想说的就一句，大胆的使用，不用怕，这就是为我们国产电梯扶持，各位专家、领导大家都很清楚，我们马上要做一个六十年大庆，所有参加演练的飞机全部是国产的，谢谢大家。主持人：下面有请怡达和谐电梯有限公司北京分公司总经理毛常荣发言。毛常荣：大家好，我们的厂子在浙江湖州市南浔，那是电梯之乡，我们怡达电梯，原来在南方做的很好，现在逐渐的让北方人认识我们怡达牌电梯，而且连续几年都被评为优秀的企业，现在我们在南方，重庆、内蒙、福州、合肥、常州这一带做的相对好一点。现在我们讲有一些电梯厂家，从国外引进，我们出口项目做的很好，我们是把我们的产品推向国外，比如说在泰国、巴基斯坦，迪拜这些国家发展，而且这几年的发展，对外出口的量比较大，在国外已经有一些固定的客户，甚至有一些外国的代理商做我们怡达牌电梯。出口做的比较好，刚才我们孙主任讲，我们要大胆的用国内的产品，应该说电脑产品这些年发展的很好，很过关了，尤其是客用电梯，一般的标准电梯。有的时候配置上稍微有一点区别，今天的会议政府采购扶持国产电梯给国内的电梯厂家带来了希望。现在我才知道，给我们这个机会使我们这些中小企业，国内品牌我们看到了以后同僚有希望了，但是我觉得现在政府采购的方式，我觉得政府采购部门走惯了，不是说明年参与竞争，这个门槛一点点有个过程，才逐渐了解这些企业，让他们对我们有信心，挤进政府采购的行业里面，能把这方面的工作做好就可以好很多，希望我们通过这次论证，把这些国有企业的产品把握住。主持人：下面有请河南省现代电梯有限公司总经理郑凤云总经理。郑凤云：各位领导大家上午好，我们公司在河南发展了十多年，是比较注重售后服务的，在售后服务这方面主要是以诚信、务实，用心服务作为这个企业的理念去为这个电梯提供好的售后服务，公司在服务的过程中通过对员工的培训，对电梯技术方面的培训来为用户提供更好的服务，同时公司在服务过程中研制出了一些和电梯相关的产品，电梯关人报警器，让被动人员有安抚语言，通过我们的物业或者电梯管理人员，维修工通过快速的报警，语言的安抚让被困的人员消除紧张的情绪，同时还可以尽快得到解救，最近我们对产品进行了升级，除了关人报警之外，还能作为管理的功能，维保人员是几点几分到的现场，进行电梯的维修保养，做了多长时间，什么时候开始的，什么时候离开的，这些都能很快的进行时间的记录，这个产品可能对我们电梯出现困人以后有效的节约时间，像我们最近发生了赵工早上吃饭的时候说了一个问题，五岁的小孩在电梯吊卡的事故，有时候你可以抢在时间的前面避免一些事故和问题，现在媒体是比较关注一些新闻，有一些实际上不是很大的事情，但是他们要这种效果再进行炒作或者是很严厉的，很恐怖的字眼说，其实电梯关人是比较正常的事件，但是对媒体炒的沸沸扬扬，对我们电梯使用单位都影响特别不好。在产品方面，除了提供售后服务和好的产品解决这些问题，公司一个是注重产品，再一个是企业文化方面，我们也有自己的网站，自己的杂志，通过一些跟用户的沟通，联络，每年召开用户联谊会，让用户提出问题和意见，我们来把这个售后服务做的更好。我们公司在河南率先推出了电梯110，向媒体承诺，出现电梯关门事故是免费救援，这样为我们的公司，建立一个应急的服务中心，然后配备一些通讯，交通的设施在河南受到媒体的关注，市委市政府的一些好评。公司在河南做了售后服务，服务的一些大的企业、单位，我们这些单位说有一些客户提供好的建议，通过收集用户的意见，把我们的服务工作做的更好，今天能来参加这个会议，我也非常的高兴，因为事先没有准备，很仓促，说的不到位的地方请各位领导进行批评，同时感谢我们的政府对企业的关心和支持，希望我们能为中小企业，或者民族品牌提供更多的机遇和发展的空间，谢谢大家！主持人：下面有请北京奥安达电梯有限责任公司董事长廉书彬上台发言。廉书彬：各位领导大家上午好，电梯作为政府采购其中一小项，领导更重视，召开这次研讨会，作为电梯人来讲，非常感谢，我们缪会长也非常重视民族品牌电梯的发展，在中国电梯300期的杂志上也发表了文章，民族品牌电梯任重道远。前两天去韩国看到韩国的一些电梯，包括汽车、手机这些商品，95%以上都是本国的一些产品，作为中国也是电梯大国，电梯增长量最快，也是世界电梯份额比较大的国家。所以我们应该怎么样把民族品牌扶持好、做好，我觉得我们一些行业协会、包括政府，应该跟我们的电梯企业深思考虑，我们北京大家都知道，90%以上北京产的，上海汽车90%以上是上海产的，地方政府对汽车行业的企业比较支持，所以电梯这块，我想地方政府能不能更多的对我们提供支持，谢谢大家！主持人：一上午的发言让我们看到本土企业的信心，他们的自信心很大，有了自信心就有了发展的动力，现在有请北京电梯商会专家委员会副秘书长杨凯发言，大家欢迎。杨凯：大家中午好！今天上午听了各位专家、老总的一些发言，得到了很多的信息，时间也比较晚了，我想谈几点感受。今天来的时候跟缪会长上了一下，应该叫国产品牌电梯，合资企业的电梯包括外资企业的电梯只要在中国产的都叫国产的，我们今天讨论的目的是国产品牌的一个中国企业创造自主品牌，我们这些还有报纸、网络报道这个题目不扣我们的题，我们今天讨论的主要是问题。另外很多企业讲政府采购的框框，进口件的要求，政府采购的门槛，这个问题摆出来了，但是并没有一个交流。从这次会议来讲，应该说国产品牌得到国家的支持，税收方面也好，贷款方面也好。这些门槛的问题没有一个对比，没有一个交流，不了解这些内容就不敢买，我们说电梯还是一个安全产品，我们在家里买一个电冰箱和电视机，挑牌子这些东西有情可原，问题是我们这些品牌，我们这些信息，我们的好东西怎么样让大家知道，这个桥梁有问题。我提出这个点，如果说400多家企业，国产品牌随便抓一个用刑，肯定产品质量这一块还是需要作为一个前提的，这个是有一个信息沟通的问题。还有一点感受的话，创造中国的品牌问题，现在很多的企业有一些偏差，比如说我是无奈，我起一个洋名，但是从企业的长远发展来看，我认为不是一个长远的思路，说国产品牌要创造一个洋名，不伦不类，我自己的感觉要立足于一个起点，大家知道一个品牌，F打头的，在国内前前后后有几十家F大头的，但是这里面有好的，有中等的，也有差的，你说这个品牌能不能说？这个牌子几十家在叫这个名字，怎么可能创造出来一个中国的百年品牌。你这个牌子挺好，但是同样做这个牌子的在山东，出问题了，国产品牌要提升，怎么样提升，像海尔、联想他们怎么样可以做大，探讨一下这个企业，也是对我们电梯品牌来讲很有艺术的，电梯搞了这么多年，一直没有自己的品牌，稍大一点就被国外的识破了，最早1988年的品牌全部没有了，江南电梯后来分出来了，等等，这些都差不多了，还有剩下的一些，国产的电梯方面来讲，品牌就是价值，品牌就是钱，作为用户来讲，挑牌子从某个方面要理解，这个要好好的思考一下。谢谢大家！主持人：刚才杨秘书长提出了一个很中肯的意见，据我了解，国内现在本土企业不只是品牌的事儿，也不只是两三个品牌的情况，我相信以后我们的品牌一定会提升自己的信心。我也有这样的信心。下面有请《政府采购信息报》报电梯专刊记者宋绍彩发言，大家欢迎。宋绍彩：各位领导、各位电梯界的同行们大家好，我是《政府采购信息报》电梯专刊的记者宋绍彩，因为昨天和今天上午听了大家的讲解，给我也补充了专业的知识，我表示感谢。下面我想解说一下第五届全国集采年会的情况，年会是2005年开始举办的，到2008年已经成功举办了四届，全国集采年会暨政府采购电梯年会，是一个研究的盛会，也是一个平台，为什么参加政府集中采购年会，谁会参加政府集中采购年会，包括政府部门采购负责人，政府采购监管负责人，这是我们往届年会部分嘉宾的回顾，大家通过这个图片可以一下，由财政部副部长、中央国家采购中心、国税总局，安徽、辽宁各地采购中心的领导。在这个年会上我们会对一些政府采购部门进行评选，我们不仅要对优秀的供应商进行评选，还要对城市采购领域里面作出杰出贡献的人物进行评选。2009年度政府采购电梯最佳服务奖，还有自主创新奖，2009年政府采购电梯最佳节能奖，最佳创新奖，还有最佳环保奖，2009年政府采购最佳技术奖，共八个奖项。然后我们这次奖项是由评选评出来的，主要是三个阶段，专家组一共有九人左右，评委团是由业界专家、专家领导，分四个阶段实施，大家可以了解一下。然后评选主要是从对品牌、产品、性能指标几个方面、品牌从十个要素来考虑，技术指标从六个方面考虑。这是往届政府采购年会的回顾，这是我们一个分论坛的探讨，针对行业内的热点话题，焦点话题进行观点的碰撞。这是折政府采购十大阳光人物。政府采购精品项目奖。下边是政府采购创新奖，大家可以了解一下，政府采购优秀作品奖，我们对一些政府采购官员有自己的想法，把他写成论文的形式在报纸上发表同时对论文进行评选、颁奖。这是我们二次传播彰显专业媒体的回顾，通过本次媒体进行二次报道，这是我们去年的专栏报道。谢谢大家！主持人：我们根据本次会议的大家的希望，我们准确在会后向北京电梯行业，包括会后评选出中国民族品牌电梯十大知名品牌，中国民族电梯企业十大服务企业，中国民族电梯销量十大企业，这个活动会在会后整理，在整个行业上通过相关的媒体发出这么一个评比的工作，刚才说过了一共四个，十大品牌，十佳领军人物，十大领军企业和十大销量企业。从昨天到今天，会上会下，各位参加会议的人员都在关注我们的会议，提出了意见和建议，大家也同时倡议，我们这次会议会后形成一个倡议书，刚才也请几位把这个倡议书做一个草稿，下面有请康力的朱总念一下倡议书。朱总：关于政府采购如何支持国产电梯的研讨会与2009年9月24-25日在北京万寿宾馆召开，中央机关采购中心，北京市政府采购中心，《政府采购信息报》社，北京市工商联电梯业商会主要领导，北京电梯行业资深专家，评标专家、民族电梯企业的代表，新浪网等相关媒体，有关专业人士共60多人参加了本次会议。本次会议是首次针对民族品牌电梯采购召开的研讨会，与会代表发言踊跃，反映强烈，会议取得圆满成功，根据统计，到2008年底有生产许可证的电梯制造公司500多家，其中合资、独资的企业有20多家，其生产的电梯占市场份额80%，500多家民族企业只占20%的市场份额，这极不符合电梯产业发展的要求，事实上速度在五米每秒以下载重在三吨以内的电梯，高度在25米以内的扶梯，无论是技术水平、产品质量、性能指标、安全性、可靠性、乘坐舒适感等方面与外资品牌并无太大区别，而在维修复杂系数，配电工艺等方面，尤其是价格民族品牌 占有绝对的优势。为此，我们倡议制定出台相应的政策法规，明确政府采购方向，增强国家保护民族品牌的决心，在同样符合要求的情况下应优先采购民族品牌电梯，这是民族品牌电梯健康成长的条件；第二，政府和相关部门应制定出可行的政府采购标准，分别对写字楼、办公楼、住宅楼，公共场所所用电梯的规格、评准、参数进行分类，除国内企业不能生产的电梯之外，其余的电梯应该在国内采购；第三，倡议民族品牌企业应该加大技术投入，推出自主创新和安全可靠、质量上乘、共同努力，相互支持，做大做强，提高民族品牌电梯的知名度和市场占有率。主持人：感谢朱总的倡议书，还有大家看到的四个活动是作为我们本次会议的一个倡议，大家回去以后希望做一个穿插，我们希望把我们的活动做的有声有色，也希望我们的活动做的更加科学、规范。下面有请《政府采购信息报》社长刘亚利做总结讲话。刘亚利：尊敬的各位专家、各位朋友，两个半天的会议大家辛苦了，进行两天半的讨论，我们圆满完成了会议的各项议程，现在会议接近了尾声，两天半的会议下来，我们报社发现几个现象引人深思，第一个是自主品牌经过近三十年的发展，已经成长壮大，初具规模，中低速电梯里面达到了国际水平，高速电梯方面也有长足的进步。第二个我们国家的基础设施建设突飞猛进的发展，电梯市场的空间巨大，自主品牌面临着难得的发展机遇，又面临着强大的合资品牌，市场空间巨大，市场竞争激烈；第三个现象就是政府采购在扶持自主品牌电梯方面有待于提升。这三个现象应该引起我们的反思，本次会议达到了三个共识，自主品牌的快速成长仍需在品牌打造上下大工夫，努力大家自主的品牌，希望在今后出现一批与国际品牌对抗的大品牌。我们作为产品的管理者，应该通过采用、使用促进国有品牌的电梯，形成放心采购、开心使用的消费氛围；第三，报社和协会联合政府、企业专家的纽带，应该发挥更好的桥梁纽带的作用，借中国成立六十周年的东风确定一批技术良好一一盘点，深度挖掘，写出 企业产品的独到之处，政府采购电梯的评选已经适时开展，带每年一度的年度盛会上，我们设计了一个政府采购电梯的分论坛，我们希望专家给我们提出一些建议，我们也会通过本次会议一些好的意见和建议，通过内参等各种形式反馈给财政部，政府采购的管理和机构制定政策时作为参考，“政府采购如何扶持国产电梯”研讨会是第一次尝试，承蒙大家的支持，这次会议成果非凡，希望大家多提建议，帮我们做好电梯周刊，把电梯政府采购工作做的更好，谢谢大家！主持人：本次“政府采购如何扶持国产电梯”研讨会就到这里结束了，这次会议是很好的先例，让我们和民族品牌电梯企业一起创造优良的环境，为我国电梯行业，为民族企业电梯的发展，为电梯行业更好的为社会、民众服务努力。谢谢大家！(本次活动到此结束),3,4,0.6841175556182861
"新浪乐居独家：传红星美凯龙高层沈耀俊离职新浪乐居讯 (杨轶/文) 近日，在新浪乐居业内论坛出现一条关于《爆！红星美凯龙华北区总裁沈耀俊已低调辞职》帖子，文中透露红星美凯龙华北、东北区域总经理沈耀俊已经低调离职，此贴引起业内广泛关注。    对于沈耀俊的突然离职，业内纷纷猜测：一，红星美凯龙进入另一个发展阶段，对原高管进行岗位和薪酬方面调整，从而引发高管“出走”；二，沈耀俊与红星美凯龙集团出现了无法调和的矛盾；三、这位一路推动红星美凯龙发展的“功臣”为自己选择了另一条发展之道。就在2009年6月4日下午新浪家居编辑还对沈总进行独家采访：《红星美凯龙一小时抢驻美罗城预十一开业(图) 》，他对于一小时内拿下美罗城项目，并预计在十一开业的消息还侃侃而谈，同时对于全国要开超过20家新店充满信心。新浪乐居得知此消息后第一时间拨通了沈耀俊手机，目前手机无法接通；联系到红星相关领导没有得到回复。新浪家居会关注此事发展动态，请随时关注。    附：    沈耀俊个人履历：    沈耀俊 红星美凯龙国际家居购物广场华北区总经理。曾获中国诚信企业家、天津市优秀工会之友称号。    他以“商场化管理、市场化经营”的管理模式，积极推进配套设施改造，建成红星美凯龙国际家居购物广场，吸引了千余家名牌厂商，两年纳税2844 万元,为经济发展做出了突出贡献。安置千余名下岗职工及大中专毕业生、农民工。积极参与公益活动，为灾区群众、特困家庭、困难学生和社区建设捐款逾百万元。    红星美凯龙近期动态：    红星美凯龙一小时抢驻美罗城预十一开业(图)    红星美凯龙下半年将开20家新店 9月预华北开两家    红星美凯龙北京北五环店隆重开业(组图)    大小S千万代言 牵手红星美凯龙    关于红星美凯龙高层沈耀俊离职调查1、您认为沈耀俊离开红星美凯龙的原因是？红星美凯龙正常人事变动营销思路无法与红星发展调和个人谋求更大发展其他原因2、您认为沈耀俊辞职是否与当前经济形式有关？有关无关不好说3、您认为未来红星的发展战略是否会发生重大转变？会不会不好说",3,4,0.7826048135757446
旧家具市场急需除三害□晚报记者 王翔 摄影报道 “大衣橱里满是蚊子尸体，这些旧家具怎么回事？ ”近期本报接到不少市民投诉，反映买来的二手家具存在诸多问题，使用寿命短得惊人，散发出的刺鼻胶水味不但熏死蚊虫，甚至让人头昏脑涨。记者调查发现，随着租房市场的火热，二手旧家具的需求量很大，但由于缺乏规范管理，旧家具市场处于无序状态，从收购、运输、翻新到最终定价出售，“做主”的都是各个店家，缺质保、私翻新、乱定价是主要的“三害”。消费者一旦买到劣质家具，由于没有发票等凭据，大多只能自认倒霉。 案例一： 5斤果盘压断大理石 张先生2002年从山东烟台到上海工作，一直租住房屋。前段时间，他到北虹路附近的旧货调剂市场添置了一些旧家具，其中包括一张大理石茶几。一天，他将一个装满苹果的果盘摆上茶几，结果约1厘米厚的大理石台板突然断裂，将张先生的左脚背砸出一道长约5厘米的血口。 事后经张先生检查，发现大理石茶几以前断裂过，裂口被强力胶修补过。张先生找到出售茶几的商贩，但对方称张先生“使用不当”，将责任全部推到张先生身上。张先生称了一下装满水果的果盘，总重不过5斤左右，这可能将1厘米厚的大理石板压断吗？ 案例二： 大衣橱成了“灭蚊器” 李彬和妻子租住在共和新路，半年前生下儿子，他们想添置些家具。为省开支，李彬到旧货市场花了400多元，买来两件看上去有9成新的橱柜。但没两天，李彬赶紧将橱柜搬出房间。“打开橱门一看，都是虫尸，怎么敢用？ ”李彬说，家具买回的次日，打开衣橱门就发现橱内散落着不少蚊虫的尸体。李彬在两个橱柜里都闻到了刺鼻的异味，有些装修经验的他分辨出是劣质胶水的气味。担心对妻儿造成伤害，李彬立即将橱柜搬到门外，两件家具使用不到两天就被迫淘汰。 记者调查 二手旧家具出售前进行“美化” 商铺每月经手上百件 记者来到漕宝路上的淮国旧物调剂市场，这里有不少店铺经营旧家具买卖。记者走进一家专门出售旧家具的商店，店主马先生坦言生意不错，他指着店内的一排电脑桌说：“上个月从一家倒闭的公司收来，总共55张，现在卖得只剩六七张了。 ” 马先生说，来买旧家具的主要是来沪打工的外来人员、在外租房的年轻人，他们不会长时间居住，买旧家具就图个便宜。旧家具买卖利润丰厚，他开的这家百余平方米的店铺只是中等规模，但每月经手的旧家具至少上百件，如果遇上利润高的商品，月入数万元不成问题。 谈话间，马先生的商铺门前停了5辆满载旧家具的黄鱼车。 “他们走街串巷收货，光运到我这儿就能赚上一倍多。 ”马先生说，除了少数居民将家具直接卖到店铺，几乎所有的旧家具都是由这些黄鱼车车主收来。 黄鱼车车主老李说，旧家具价格“缩水”很厉害，一整套家具新买时可能超过万元，但在收购时不管成色如何，瞬间缩水20倍左右，基本不可能超过500元。像十多元收到一个大衣橱这样的“好事”，也经常能遇到。 零散商家自组市场 记者来到“大名鼎鼎”的沪太支路上的旧家具交易市场，该市场由许多临街二手家具商铺自组而成，近两公里路段上的临街家具商铺约有30多家，整条道路两侧挂满了收、卖旧家具的广告木牌。 在一家专卖衣架的家具店门前，一名车主骑着黄鱼车而来，车上满载几套旧家具。店铺员工点燃焊接器，开始逐件修补这批刚到货的旧家具。 记者跟着工人来到店铺后，这里是个小作坊，几名工人正忙着给旧家具刷油漆。 “表皮一贴、油漆一刷，从外表上根本看不出来，”正在修补一张单人床的木工孙师傅说，旧家具被收来后几乎都要经过翻新处理，最普遍的手段就是贴片、刷漆，经过“美化”处理后，旧家具看上去至少有9成新。 记者走访了多家旧家具商铺，发现旧家具“美化”情况普遍，一些旧家具上可以闻到刺鼻的异味。一名店主说，买二手旧家具的消费者多数是图个便宜，对翻新情况不以为然。 “美化”旧家具藏凶险 根据读者提供的线索，记者来到长宁区北翟路一处二手家具厂，隔着围墙可以看到，整个厂区不超过300平方米，但货物来往十分繁忙。半小时里，拉货、送货的客车、黄鱼车络绎不绝。记者从附近居民处了解到，这家二手家具厂的厂区内存放着大量旧家具和各种“美化”处理剂及零件。 从事多年家具制作的行家王先生表示，按行业规范来说，家具制作中最毒的就是油漆和胶水，但多数旧家具商铺只关心降低“美化”成本，一旦使用有毒物质含量严重超标的产品，很容易导致使用者癌症、血液病的发生。 相关建议 尽快建立专业的二手旧家具市场 经营家具行业多年的刘以林说，由于目前市场的无序状态，一件旧家具要再次卖出，经历环节众多，才会出现黄鱼车主、商铺、加工厂都来分一杯羹的情况，无疑削薄了利润空间，这样就会出现利用劣质产品翻新的行为。刘以林建议，有关部门可考虑增设废旧家具寄售、翻新和拍卖场所，使其循环利用，“变废为宝”不仅充分利用社会物资，让更多消费者得到实惠，而且更突出了环保的需求。 现阶段，二手家具市场主要存在以下三大弊端。 -缺质保 从市场实际情况来看，二手旧家具被黄鱼车车主收购而来后，自带的购买凭证基本缺失，购买这些旧家具的消费者如果遇到质量问题，根本不可能到生产厂商处维修。 一名在淮国旧物调剂市场经营二手旧家具的店主坦言，他在市场申请的经营资格是旧货调剂买卖，但保修卡这类文件只在二手旧电器上才会出现，店铺中售出的二手旧家具一般是“货物既出，概不退还。 ”如果消费者要维修，可以去找木工。 -私翻新 家具业内人士刘以林介绍，购买旧家具的消费者有个“误区”，认为旧家具已被人使用过，应该没有污染问题，但由于现在旧家具市场中翻新“美化”情况较多，这样的想法并不正确。 旧家具翻新，原本针对中高档家具损坏后的修补，专业家具处理剂价格十分昂贵，二手家具店铺所使用的油漆或胶水则来历不明。使用劣质胶水来“美化”旧家具，不仅使用寿命短，而且对消费者健康造成损害。 -乱定价 现在旧家具交易市场处于无序状态，出售价格按市场内的供需要求来定。一张7成新的竹制躺椅，可以从冬季时的50元卖到夏天时的100元，而其收购价才10元左右。 因为处理渠道的缺乏，市民家中替换下来的旧家具，通常廉价卖给走街串巷的“黄鱼车”。有时，为了让自己收来的旧货卖出个好价钱，“黄鱼车”收购队四处行动，一车车旧家具从南拉到北，价钱也可能会随之上涨数倍。,3,4,0.5554445385932922
时尚倾城 记佛山设计师时尚沙龙近日，宁静的佛山创意园飘来一段悠扬动听的萨克斯管乐，循声寻去，只见二号楼特地陶瓷门前热闹非凡。原来今天是佛山特地陶瓷总部展厅“蝶舞倾城创意馆”全新装修完毕重新开幕，邀请到来自佛山大区的多个知名装饰企业的高端设计师60多人以及行业媒体嘉宾共计百人举办了“2009特地新品鉴赏会暨时尚沙龙”。本次时尚沙龙由知名陶瓷品牌特地陶瓷与德国品牌索纳尔家具联手举办，以“时尚、高雅、分享”为基调，旨在展示企业的文化理念并针对设计师人群，打造出一个时尚的聚会。今天在这里，大家放下紧张的工作一起感受特地陶瓷所倡导的精致生活概念。百位嘉宾在蝶舞倾城创意馆的普罗旺斯大厅上济济一堂，一边享用着精美的自助餐点，一边期待着特地、索纳尔这两个走在家居业前沿的品牌将为大家带来的精彩。佛山特地陶瓷有限公司董事长冯红健先生和艺术中心总监罗明枝先生、德国索纳尔家具中国区总裁谢志伟先生以及省环协、省装协佛山分会负责人汤浩宁先生出席了沙龙盛会。在热烈的掌声中，特地董事长冯红健和艺术总监罗明枝先后上台致辞，都向在座嘉宾传达一个信息：今天尽情享受休闲的乐趣，一起品赏法国红酒与摩卡咖啡，为特地的新产品面世作见证。沙龙活动内容丰富，包括美食分享、鸡尾酒试赏、鉴赏国外进口高级红酒及红酒文化讲座、中国风淑女主题摄影活动等，还特别邀请到陶业中有名的旅游、摄影家陈国龙先生进行“玩路者”旅行分享。其中最为吸引眼球的是特地公司著名的产品时尚秀，产品加工成令人意想不到的式样，由美女模特身着各式风格华服配合着或现代或古典的舞台表演刺激着嘉宾的观感。华丽的舞台、动人的音乐、迷人的模特，如此极致华丽的表现方式，令在场的嘉宾们看得如痴如醉。沙龙上发布了特地陶瓷的三款新品负离子釉面砖：“金碧辉煌”石纹瓷片、韩式墙纸瓷片、地中海风海厨房瓷片系列。德国索纳尔家具在会上也展示了其09年推出中国市场的户外家具系列产品。多款新产品及新改造的样版间令人眼前一亮，深得设计师朋友赞赏，加上美丽动人的美女模特，爱好摄影的设计师围在一起用心爱的相机拍个不停。在场的嘉宾被现场的气氛感染得非常兴奋，整整三个小时的过程中没有人离开，还把在公司里的同事都急呼过来了。设计师和媒体朋友觉得本次沙龙气氛很好很快乐，不仅成功地将企业文化和产品介绍给设计师，还实实在在地令大家享受到时尚的生活乐趣。,3,6,0.5250958204269409
时尚养生小家电九阳紫砂煲美图这款紫砂煲精选优质紫砂，煮食美味 更健康，采用智能电脑程序控制，具有四位数码显示，可实现养生汤、营养汤、老火汤、早餐粥、杂粮粥功能。另外12小时双重定时功能，烹饪、预约更方便。除了最基本的功能以外，它还具有5.0小时全自动保温功能，亲情设计。营养煲汤模式，既可以模拟文火加热方式，细熬慢炖营养成分充分溶解释放；又可以模拟武火加热方式，快火煮沸，使食物快速烹熟。九阳紫砂煲M3523采用三维立体加热系统，它在铝锅侧壁设置发热带环绕加热，通过发热带将热量传导到铝锅上，使铝锅形成一个发热源，通过热辐射原理成三维立体环绕加热腔，使紫砂内胆的底部和四周均匀受热，食物受热均匀充分，味道鲜美。,3,9,0.5925436019897461
昆明人民政府与红星美凯龙签订战略合作协议2010年1月19日昆明市人民政府与上海红星美凯龙企业管理有限公司签订战略合作协议，共同繁荣昆明商贸市场，提高商贸服务业、物流业国际化水平。3年内，红星美凯龙在昆投资将达数十亿，打造继上海全球旗舰店之后又一个专业化国际市场，并在昆设立西南地区总部。昆明市近年经济增长迅速，城市发展态势优良，同时具有得天独厚的辐射能力，一直是红星美凯龙关注的重点城市。2008年，红星美凯龙正式进驻昆明，目前已投资2个项目：西山区24号片区的一期改造、五华区城中村岗头片区改造项目，总投资达70亿元。据透露，集团将把昆明的商业布点作为在西南地区发展的重要一站——辐射南亚、东南亚地区的桥头堡。红星美凯龙自1986年创立以来，已在北京、上海、天津等地开办了60家连锁家居商场，总经营面积超过618万平方米，成为中国家居行业第一品牌。自进驻昆明以来，得到了昆明市委市政府的大力支持，合作列入昆明市重点招商引资项目，昆明市委市政府对红星美凯龙这样的行业龙头企业非常重视，希望红星美凯龙的进驻可以促进昆明现有家具建材行业的升级换代，提升昆明百姓居家文化的品质。签约前，省委常委、市委书记仇和，市委副书记、市长张祖林会见了红星美凯龙董事长兼CEO车建新一行。仇和向客人热情推介了昆明，表示欢迎同行业中的龙头品牌企业红星美凯龙进入购买力高度集中、零售市场很大的昆明投资发展。对落地项目，昆明将无条件、无阻力、无障碍地做好服务。依托各自商贸经济领先和品牌集聚优势，双方将建立长效合作机制，发挥市场机制对资源配置的基础性作用，加强重点产业和骨干企业的经济合作，促进产业东西联动，培育自有品牌和扶持民族品牌，通过提供品牌发展阵地，优化品牌扶持政策，搭建品牌宣传平台，促进互动双赢发展。此外，红星美凯龙西南地区总部也将落地昆明，拓展在昆业务范围。红星美凯龙董事长兼CEO车建新此行考察了在五华区、西山区拟建项目及呈贡新区建设、螺蛳湾国际商贸城。有感于昆明各级政府的大力支持和高效的工作风格，红星美凯龙计划加大在昆明的投资，继续参与西山区24号片区二期改造。预计到2012年底，红星美凯龙在昆投资将达数十亿亿元，解决近万人就业。,3,4,0.5863433480262756
易至居数字家居 用低价撬动中端市场在刚刚闭幕的中国国际数字城市建设技术与设备博览会上，易至居作为数字家居(亦称“智能家居”)代表参与本次展会。23日，易至居渠道专员郑涛向笔者介绍了他们本次参展产品的情况。 易至居作为北京华美博弈软件开发有限公司最新开发出的产品，在本次展会上受到不少百姓的关注。郑涛介绍，易至居数字家居简单来讲即通过一个遥控器，可控制窗帘、电视、空调、灯等一系列带电器设备，同时也可通过电脑远程监视居室情况。 在展位内，不少普通百姓前来咨询产品情况。笔者“旁听”了解了一些数字家居的使用规则。这套产品通过特定的配套设备遥控窗帘、电灯，而在电器控制方面，易至居可控制不同品牌家电产品，打破了以往只能控制固定家电产品的局限。郑涛表示，易至居对家电控制程序的输入方式也很便捷，只要将家电产品遥控器对准易至居的遥控设备，让其进行相关功能“学习”，即可实现多家电统一控制。 在远程控制方面，可通过下载华美博弈开发的软件，实现计算机、手机掌握家里的情况。据郑涛介绍，其公司将定期升级软件，保护使用者不会因程序老化而遭到病毒或黑客的攻击。 据了解，易至居最大的优势还是在价格方面。郑涛表示，目前市面上的智能家居系统动辙上万或几万元，高昂的价格让众多普通收入的消费者望洋兴叹。然而，智能家居产品对有老人的家庭是十分重要的，面对庞大的市场，易至居将价格降至几千元，其举动获得众多普通消费者的欢迎。,3,4,0.33182820677757263
景德镇陶瓷精品9月赴台展出海峡两岸陶瓷精品展将于9月在台北和高雄展出。届时，台湾民众将能观赏到250件代表60年来景德镇陶瓷发展最高水平的陶瓷精品。据悉，目前陶瓷展品征集工作已经结束，共收到1100多件陶瓷作品，由中国工艺美术大师秦锡麟等专家组成的评委会从中选出250件作品参展。参展作品涵盖了60年来各个时期景德镇陶瓷精品。(双木),3,1,0.5195515155792236
曲美淘宝海底捞 套餐倒计时捞到就是赚到麻将术语“海底捞”、饭桌吃饭“捞干货”，讲的都是抢在最后时机，大捞一把，特赚一记。据此，曲美家具2010年1月20日至30日，年关一刻，大张旗鼓，劲爆推出“曲美淘宝海底捞，￥14288套餐倒计时！”抢购特卖活动。旨在套餐售卖结束“倒计时”时刻，将曲美淘宝￥14288的销售再次推向高潮！图为曲美活动宣传图片据悉，此套家具在09年12月上市初期，已经火热销售过一把，包括客厅、卧室、书房、餐厅16件二居室全套家具，售价仅为14288元！是曲美家具专为庆祝09年12月成功进驻淘宝商城的开业特供套餐，已经以最大限度的让利价格，争取为曲美淘宝商城聚敛人气。而年关1月底最后10天的促销计划又切实令人跌破眼镜！本身已经是总部直供、原厂直销的特惠价格，又在最后的紧要关头，推出“捞底”得红包、“捞底”抽大奖等惊喜重重的惠利活动。并且“海底捞”活动，策划的也确实颇有新意。“捞”红包，顾名思义，就是给大家发红包。买一套￥14288赠600元现金红包，即买即赠，红包形式吉利又实惠，讨得红红火火、欢欢喜喜过新春的好彩头！“捞”大奖，更加吸引人。全国大型抽奖活动，让消费者真真实实的撞一把运气、愉悦身心的抽一份好礼。曲美家具大方献礼，预备了千余个奖，更有10个免单大奖，不知道将会是哪位幸运的消费者，能够红运当头，夺得魁首，喜摘不限金额的单笔消费免单一等奖！其次，二等奖、三等奖、纪念奖也均有价值百元不等的精美礼品相赠。特此，最后10天，购买曲美淘宝￥14288特供套餐的消费者，确实是“捞”到就是“赚”到。总部直供特惠价的超值套餐，即买即赠的600元红包，一、二、三、四等奖的抽奖送礼。重重优惠，消费者乐得实惠！最后10天，开心购物，“捞底”大丰收！,3,6,0.4803060293197632
曲美赵瑞海：明年市场竞争加剧做最好的自己赵瑞海：我觉得还是老生常谈，就是自己要把自己的事做好，要跟上市场的要求。因为竞争一旦加剧以后，企业的综合指标就能表现出来，比如你的成本供应能力，企业运行的效率，包括你的创新能力，包括你的经销商团队，产品设计创新方方面面。我觉得整个企业是一个体系，方方面面都需要加强，也希望迎接到产业一个新的模式。比如我们新建一个工厂，我们正在研究一种在无人的条件下，一个高科技全智能化的设备体系。因为未来人工成本越来越高，怎么让成本不断处于下降的趋势。其实我们的成本很难控制，我们是一个劳动密集型的企业，人工成本每年在10%的速度在增长，这时候你如何做好方方面面的工作是一个很重要的事情。杨轶：感谢赵总！我很期待您的第四件事，我也希望网友和行业能够关注赵总的最新动作，期待下一次跟您的合作！谢谢大家！,3,4,0.6827542781829834
有人买房 便拉生意 装修公司守住楼盘揽客□记者寇润涛本报临沂5月5日热线消息“您刚买了房子，需要装修吗？我们公司的装修质优价廉。”5月5日，在罗庄区一楼盘售楼处，前来收楼的杨女士刚领到房屋钥匙，就碰到装修公司的人员拉生意。据了解，随着装修行业竞争日趋激烈，一些装修公司直接在售楼处旁揽客成为比较普遍的现象。5日上午，罗庄区市民杨女士拿到新买的房屋钥匙后，刚从售楼处里出来，一位自称某装修公司项目经理的人便将杨女士拦下，介绍公司的情况，想揽下杨女士家装修的活。对于装修人员热情的自我推荐，杨女士有些意外：“怎么装修公司都搬到售楼处门口了？”随后，记者走访了市区一些装修公司发现，装修人员到新建楼盘小区拉生意的情况并不在少数。兰山区沂蒙路一家装修公司的相关人员表示，目前临沂市大小装修公司越来越多，市场竞争也随之日趋激烈，以往“在公司等客户上门”的经营方式已经不适应现在市场，因此部分装修公司便让人守在楼盘小区售楼处附近，尽量多获得一些客户。 □记者寇润涛本报临沂5月5日热线消息“您刚买了房子，需要装修吗？我们公司的装修质优价廉。”5月5日，在罗庄区一楼盘售楼处，前来收楼的杨女士刚领到房屋钥匙，就碰到装修公司的人员拉生意。据了解，随着装修行业竞争日趋激烈，一些装修公司直接在售楼处旁揽客成为比较普遍的现象。5日上午，罗庄区市民杨女士拿到新买的房屋钥匙后，刚从售楼处里出来，一位自称某装修公司项目经理的人便将杨女士拦下，介绍公司的情况，想揽下杨女士家装修的活。对于装修人员热情的自我推荐，杨女士有些意外：“怎么装修公司都搬到售楼处门口了？”随后，记者走访了市区一些装修公司发现，装修人员到新建楼盘小区拉生意的情况并不在少数。兰山区沂蒙路一家装修公司的相关人员表示，目前临沂市大小装修公司越来越多，市场竞争也随之日趋激烈，以往“在公司等客户上门”的经营方式已经不适应现在市场，因此部分装修公司便让人守在楼盘小区售楼处附近，尽量多获得一些客户。,3,4,0.8352712988853455
有笑有泪的欢乐旅程6月2日，来深圳的第三日路线：欢乐谷——民俗文化村——机场有笑有泪的欢乐旅程深圳游的最后一天了，小朋友们隐约都有些不舍。一大清早，虽然还有些恋床，但想到一整天丰富、有趣的行程，当然是毫不犹豫准时出发了。充满欢乐的旅程中有笑也有泪，这里记载着最真实的他们和圆方园在一起的三天，最美丽的瞬间。红领巾传递爱圆方园“红领巾行动”命名源起于借助庄严而神圣的红领巾的传递力量，将希望与爱传递下去。这时，小朋友们又将他们最为真诚的爱回报给了我们。众多媒体竞相采访感谢社会大众对公益事业的热心支持，第一现场、深圳特区报等众多知名媒体都前来采访报道，呼吁更多的人来关注这群需要关心的孩子们。挥洒热泪的送机场面要走了，三天的美好行程就要结束了。可是小朋友和深圳这批关心他们的人都不舍在这一刻分别。他们泪下现场，真情流露。至此，三天的深圳行圆满结束。这群来自四川都江堰的小朋友们在这里度过了一个难忘的、特殊的六一节。然而这并不是一个结束，这又是一个新的起点，圆方园与社会各界热心公益事业的单位、个人还将把这种关爱延续下去。,3,5,0.4533073306083679
本市家装行业协会昨起发放2亿元装潢消费券晨报记者徐翔报道 装潢公司聘请业主当“有偿检测员”，行业协会组织2亿元装潢消费券发放给消费者……本市家装行业自去年遭遇寒冬以来，今年仍未完全走出低谷。在昨天举行的上海家庭装潢博览会上，行业协会及各企业使出各种看家法宝，希望推进整个行业的复苏。新房装修好，装潢公司在完工后安排检测员的同时，为了让业主对整个检测环节放心，聘请业主共同参与检查过程，并向业主支付一定的报酬。在昨天举办的上海家庭装潢博览会上，一家装潢公司推出如此优惠政策来吸引顾客，该公司负责人宋正飞告诉记者，只要业主填写相关的验收表格，并附赠一份财产保险，让业主当一回“有偿检测员”。大多来咨询装修问题的观众，除了关心价格，装修公司的诚信与服务满意度成了他们主要的选择标准。市装饰装修行业协会家庭装潢专业委员会秘书长王毅告诉记者，协会已采取了多种办法，根据企业的服务质量、顾客满意度等标准，对家装企业进行星级评定，希望通过这一系列的举措来规范行业。,3,4,0.4460389316082001
朱武创新是我们的核心&nbsp;主持人：应该说家博会是一个品牌，那么它有自身的内涵。刚才闫总做了一个解释，我想它不仅提供了产品的低价或者是优惠，它是一个平台复合体。一我自身对这个家博会采访过程中非常的了解，比如以温州的家博会在每次举办之前征求消费者的意见，需要哪些企业参加等等，然后对所有的参展企业进行筛选，提供一站式的家居服务。所以很多台长找我说我家里要装璜，你看怎么装？我说你到家博会三天就知道了。因为到那里不仅可以买到有品质保证的产品，而且厂家拿出优惠的政策，同时非常的便利，从主材陶瓷、卫浴、地板，包括所有的开关可以一站式购齐，这是家博会本身的品牌，提供给老百姓最方便、便捷的服务。朱武：家博会营销创新是我们一直强调的核心武器，所以讲到创新的话刚才王总也提了一下，我做一下补充。这次有一个协会设计大赛，跟房地产开发公司一起合作，这样在没有开盘以前我们做了一个设计大赛，应该说这个蛋糕做得很大，对消费者来讲是一个很好的服务。另外在所有商家优惠的基础上，组委会拿出一下重磅政策给消费者，比如刚才谈到汽车的抽奖等等，所以我们有些方面在前期的宣传当中会一一体现。创新是我们的核心。另外一个刚才我作为补充，就是家博会是低价的一个服务。高老师可能认识温州的一个地板企业，这个跟我们连续做了很多届，它现在在温州品牌第一、服务第一，销量很好。它是一个地方的品牌。所以说我们搭建一个平台，让商家体现自己的品牌。我认为这是我们家博会的宗旨。另外我们用心了解消费者的心理，我们会联合广大的媒体，应该说家博会是一个活动的平台，我们用便捷、惠民活动在这里举办。我们的概念是让消费者开心订货，因为我们跟卖场没有冲突。我们让消费者开心订货、快乐生活。比如说现在两夫妻去买产品到了卖场是一头雾水，甚至买东西会吵架，我们是打着这么一个开心的概念进行的。家博会是两天搭建一个展厅，让消费者觉得比较贴心。另外我们是一个潮流的发布平台，因为对中国的企业来讲，北京负责的市场，北京是一个发布的中心、潮流的中心，所以说这个月的广东的陶城报会讨论明年的新会展怎么跟北京配合，让他们走出广东到北京来，变成一个新潮流的中心。谢谢！高志华：我补充一下。我觉得刚刚两位提的问题，坦白说朱总也好，包括我们闫总也好不可能答的很完全。我有一个建议，你们媒体的眼睛是最亮的，你们的思路是最活的，坦白说你们是见多识广，你们来说说这个家博会怎么创新？不是说开家博会就是走低价。我脑子里想的不是这样的，但是你们提的我很佩服，不像官场上的条条。怎么把展会走出误区，做出品牌和档次，将来参加家博会要不要门票？能不能做到？我觉得可以。听我讲话要收费，要郭德钢的讲话要收费，听我的就不收费。因为我有思想，创立一个新的局面出来，对不对？比如说我现在说的专家咨询，我提出几次。现在的房地产市场很贵了，还是很多人抢着买，因为他要结婚，他父母有钱，后面跟着几个爷爷奶奶给他买，我买不下来吗？那么他们的消费不会像我们一样的，越简单越好，够用了就好了。他们要革新化，要创新元素，还要传宗接代的因素，这是我们家博会考虑的。他们来了就是三四天订货吗？不见得的。我们要把家博会开成来北京看不到，这里可以看到，这是刚刚欧人讲的，我要把市场上没有见过的地板展起来。往往世界上的最新产品在展览会上发布，有的不发布拿个照片看看。我们要把世界上最好的，包括设计师都提出来，比如我孙子要结婚，不听父母的，他要最好的。他们是什么样的想法？我跟他说他绝对不听，可是家博会要跟他说，或者是地板老板跟他说，他会听的。这是第二个倡议。第一个搞专家咨询。第二，这些人要怎么装修？我们搞十家装饰公司设计师给他选，给他挑，给他想。他觉得这是一个享受。我们做的环境好一点，他感觉到就这三天抓紧了，他希望设计师不要早点下班，哪一个人的观念符合他，那么下次这个生意带到他的装饰公司去了，不是靠三天成交，要产生后续效应。这是第二个意见。第三个意见，我觉得媒体你们要经常联络。我今天发现第一个小姐和第二个小姐提的问题的共同点，不仅看好我们的家博会，还给我们提出了一个    全新的命题。谢谢！,3,4,0.6099070310592651
李计忠个人简介中华民族优秀传统文化的优秀传人、易学学者、预测大师、策划专家、世界名人李计忠先生，安徽省宿州人氏，生于一九五三年，现定居海南，并创业于北京、上海、海口三处。李计忠先生现为海口紫竹策划服务公司总经理，东方河洛研究中心总经理，兼任中国易经学院秘书长。并常年受聘于山东鲁能集团、北京建国饭店、海口宝华大酒店、香港金龙群英集团、西洋国际大酒店等三十多家上市公司、集团公司、星级酒店宾馆，担纲经济策划和投资总顾问。是古今易林中屈指可数的佼佼者之一，是现代易坛上最为成功的人士之一。今人李计忠，挟八卦、六爻、四柱、手相、面相、风水等六术于一身，又旁通奇门遁甲、大小六壬之术，更独掌八卦阵法，尤以化煞解灾调运最为有效而见长。他通过各种术数方法的调理和化解，不仅使成千上万的黎民百姓，得以排忧解难，更使几百家企业起死回生、扭亏为盈。对山西省某市所进行的整个城市的风水调理，更开创了当代大型风水的先河。是古今易林中百年难得一现的奇人之一，是现代易坛上最为夺目的星曜之一。 为了实现承传和弘扬《周易》文化的宿愿，他不仅辛苦奔波于海内外三十多家集团公司、星级酒店担纲经营投资策划总顾问，还自力创办 了研用易学的专业机构——东方河洛研究中心，著书立说，教书育人，现已将《一卦多断绝学精典》、《调堪风水绝学七法》等20多部专著奉献于世间。更为《周易》文化培养传人一万，收弟子三千。特别是广传“一卦多断”之法，在海内外掀起了新一轮学易热潮。是当今易林中人弘扬《周易》文化功劳最为卓著者之一，是当今易坛上可堪称“一代宗师”者的大师之一。,3,1,0.5799773931503296
村民花40万装修小洋房 豪华程度赶超副市长家一个1200多户的普通村庄，有300多户人家都是百万富翁。村里一个普通农民的住房，竟让副市长感叹比自己家装修还好。昨日，在我市召开的全市社会主义新农村建设工作会上，这个位于璧山县的璧城街道新堰村最为引人注目。村民花40万装修小洋房“你们家里装修得比我家里还好。”昨日，在璧山县新堰村村民张敬华家中，市委常委、副市长马正其发出这样的感叹。张敬华家是一栋三层楼的小洋房，一共300多平方米。屋门前是一个50多平方米的院坝，二楼和三楼都有大露台。张敬华称这栋房子是自己修的，修房子花了10多万，装修花了近40万。装修用的都是比较高档的材料，就连楼梯间也用了大理石包边。家里不仅电视、冰箱等家电一应俱全，连电脑也配置上了。张敬华说，他家的土地早就流转出去了，家里的主要收入来源是靠孩子做皮鞋生意，每年能有几十万的进账。有的人家有三四辆私家车一个村里，有一两户有钱人不稀奇。然而在新堰村像张敬华家这样的人家非常普遍。走进新堰村，绝大多数都是两三层楼的独栋小洋房，每栋房子大约有200~300多平方米，房前屋后有花园绿化。村里有图书馆、文化活动中心等设施。该村村主任邹治全告诉记者，新堰村全村有1219户人家，2008年人均年纯收入约12000元。在这里百万富翁扎堆，至少有300户以上的人家资产就超过百万。邹治全说，80%的村民家里都有电脑。全村至少有200多辆私家车，有的一户人家都有三四辆私家车。村民人均收入位居全市前列“我们虽然没有统计过全市每个村镇的收入，但像新堰村这样人均收入过万的，绝对是‘一线’”。昨日，市农委相关负责人介绍，在主城近郊可能有经济发展较好，村民人均收入也不少的。但新堰村的村民收入水平在重庆，也属于非常高的，位居全市前列，此外，与近郊区县相比，这个村更有示范意义，因为，农民的大部分收入来自于农业——种菜。一个普通的村庄，是如何发展成人均收入过万，称为重庆的华西村的呢？该村村主任邹治全向记者介绍了村民的几条致富路径。新堰村的三条致富路1.流转土地 当“地主”又当雇工从上世纪90年代初，璧山县在这个村布点发展蔬菜种植业。该村村主任邹治全说，从上世纪90年代起，村里每年都会组织村民外出考察学习，村民们开始有意识地发展规模种植。“这些把土地流转出来的人，既是‘地主’，又当雇工。”邹治全解释说，村民们把土地流转出去，每年可以拿到一部分钱，然后他们继续在流转的土地上当“雇工”，又赚工资。现在，全村2488亩地有2150亩地都种上了蔬菜。到2008年，全村年产蔬菜3500万公斤，产值达到了4000万元。2.掌握技术 外出承包当老板村民们自己掌握了技术，就开始到其他地方承包土地来种。村民郭忠全就是其中之一，郭忠全到邻镇承包了50亩的土地种植无公害蔬菜。今年上半年收入就达20多万。邹治全说，村里种植的4000多亩蔬菜地中，有2300亩都是从其他村庄流转过来的土地。除璧山外，还有不少村民到四川、贵州等地区搞规模种植。3.眼界开阔 自主创业“村民的眼界开阔了，钱包里的钱多了，也开始发展其他产业。”邹治全说，村里还有一部分富翁来自于自主创业的，有利用璧山的产业优势，开皮鞋厂、开摩配厂的，也有外出到沿海打工，带回技术自主创业的。,3,4,0.6584726572036743
杜邦钛白陆明兰：每个人都应该有节能减排意识主持人：谢谢杨主编的精彩介绍。刚才说了一个特别好的话题，低碳的生活、节能减排的生活、绿色的生活又成为房地产商的大卖点，希望各位房地产商都可以勇争“节能之星”最具品位楼盘评选活动。下面有请来自杜邦钛白科技有限公司总经理陆明兰女士致辞。陆明兰：尊敬的大连实德的张总，各位来宾、朋友们大家下午好！最近房地产市场特别热闹，话题特别多，更多的话题都是今天在说明天要涨还是要跌，房价高还是低，但是在所有的讨论的背后有一个议题，不管是对政府、开发商、消费者，我们共同关心的都是怎么样建质量好的房子，给大家提供有质量保证，对环境更好的住房。我也非常的看到今天的论坛讨论的内容正是怎么样向市场提供大家所需要的质量更好的住房，提供环境友好型的住宅，将节能减排放入到我们通常的议事日程当中，我想对整个房地产市场推动作用意义是非常重大的。很多的行业都非常重要，但是在中国目前的阶段，房地产市场在国民经济当中的地位是特别高的，从各个环节来说，这是为什么呢？我们在这个行业里面要提倡节能减排，我想影响也是非常重大的。大家都知道，在整个的行业当中需要用到各种各样的材料，这些材料都需要各个行业的配合，建材、设备，许多生产部门和劳务相配合才可以做到。杜邦既不做房子，又不生产窗，跟这个有关系吗？实际上我们是在整个产业链比较上游的位置，房地产行业的发展，它会涉及和拉动很多相关行业的发展，这些行业当中杜邦都会有身影在其中。我想杜邦能够在这个行业里面能够和大家共同关注的一个方面，我也很高兴今天杜邦公司参与到这个讨论当中，我也代表杜邦希望在这里和大家有一些探讨。杜邦公司实际是一家以科技创新为主的企业，我们所处的各个不同的产业价值链当中，我们相对是比较上游的，我们所要做的就是怎么样通过我们的产品和技术影响和推动整个产业链上的节能减排，进行可持续发展而努力。今天我们看到的是住房，真正的算到碳排放的时候，是从最初的原始材料算起的，所有的生产过程当中都有，不仅我们的型材在客户用的时候，做成了窗之后对建筑的节能减排，其实我们在型材生产的过程当中也会关注，我们作为杜邦公司很多原材料在上游来讲，我们怎么样看在你的产品从最初到最后整个碳排放，我们在住房的环节里面，也会特别参与进去。我们也讲一下对建筑业的服务，大家对杜邦的了解很多都是杜邦油漆等等，但是我们建筑行业是很大的下游应用行业，这里边也特别有请建筑创新部门的王女士也在这里，我们很多的产品都用在商业建筑、民用建筑，工业建筑的技术当中，比如说我们有透气的膜，还有安全玻璃钢的夹层，大家看美国的大峡谷走道是用玻璃钢做的，我们的产品还包括太阳能电池的一些系统，还有蓄热材料，可以把热量聚集起来使用，还有一些特别的型材，我要特别提到的是钛白粉，其实钛白粉在很多方面都可以用到，所有的这些产品都以各自不同的性能，或者是直接降低建筑物的能耗，或者为建筑物提供一些清洁能源的供应，或者是减少在生产过程当中产生的能耗和排放。我们举一个例子，在上海有一个新的办公室，杜邦的总部，在那里有一些我们的产品，在2008年底的时候，我们就开始用树脂做一些绿色节能的计划，差不多一年时间，我们做了一些比较，有一些节能37%，节水22%，节气25%。房地产行业如何推进节能减排，我们觉得有两方面的想法，一个是我们怎么样利用上下游的联动，确实是根据下游的一些需要做出一些效果特别明显，成本可行的技术改善，另外是消费者层面的传播，怎么样把这个概念传达到消费者里面去，因为消费者会讲环境的事情，现在哥本哈根会议之后，每个人都有这样的意识了，连我的小孩在家里都讲气侯问题，环境问题，但是怎么样让它跟消费者每天的生活联系在一起，这个需要大家共同做一些推广和活动。就上下游联动来讲，我们会让客户关心的是像实德这样做上游的，对房地产来讲，到底产生什么样的影响，以我们做钛白粉来说，对型材又会产生什么样的影响，我们和大家一起开发一些效果更好，价格更适中的门窗给开发商用在建筑上，做一些真正的对环境有帮助的工作。另外关于跟消费者的沟通，我们觉得跟消费者的沟通，怎么样强调呢？节能减排这个环节给消费者带来了什么样真正的实惠，建筑保温性能更好的话，每年可以节约很多电，这是长期的投资。我想在这个基础上要介绍我们在这个节能的环境当中怎么样过低碳生活，这是一个非常流行的语言，讲的大一点是拯救环境，说的直接一点就是为子孙后代造福。我想强调一下与消费者沟通的话题，今天是一个非常好的场合，我如果要看新闻，基本只上新浪网，这个媒体对我们很有帮助，利用这个平台把我们上下游的公司联系在一起，多做一些交流，共同的为人们打造一个健康、绿色的生活环境，同时我们借助这个平台，这个论坛上有很多可以听到消费者的声音，怎么样了解消费者的需求，根据消费者的需求来更加好的开发出一些不仅对环境更好，而且消费者更需要的一些产品。我想在这里提这两点想法是供大家参考的，今天大家在这里发起的“节能之星”最具品位楼盘评选活动是一个很好的开始，真的像大家刚才说的，顺应了哥本哈根刚刚结束的会议议题，我衷心的祝愿今天的活动成功，也祝愿这次活动对房地产行业的节能减排的努力做一个良好的标竿。新年到了，在这里祝各位来宾在新的一年里面事业发展，身体健康，谢谢大家！主持人：再一次感谢陆明兰女士的精彩致辞，刚才讲的也非常好，一般看新闻都会登录到新浪，同时今天的现场是现场直播，所以会有很多的网友大网上留言，现在很多的年轻朋友关注气侯大会，关注气侯对我们生活的影响，其实我本人来说，是通过非常简单的电影《2012》同时看到哥本哈根开气侯大会，过两天看到打起来了，为什么推行的协议突然停止，我们的好奇心一次一次的被吊起来了，然后我们才知道气侯对我们每个人是如此的重要，接下来进行的是“节能之星”最具品位楼盘评选启动仪式，有请大连实德销售集团总裁张杰先生还有新浪乐居房商集团华北地区总经理张晓辉，有请两位先生站到我们启动仪式的旁边，3、2、1…揭幕。谢谢，再次感谢两位启动仪式的嘉宾。现在我们看到在舞台上亮起了非常温暖的灯，这里面是两个小人手搬动一个大房子，也表达了实德集团传达给大家的理念，依靠大连实德的努力一定会给大家一个健康美好的生活，现在我们看到的是非常漂亮的地球，也代表着绿色地球、健康生命，源于绿色。同时我们看到非常温暖的页面，美好的画面，非常浪漫的海面，还有门窗，也代表着我们共同为健康的绿色、美好的未来共同喝采，庆祝新浪乐居和大连实德这次合作更加的环保，更加的健康。实德集团“节能之星”官网落户新浪乐居了，下面我们共同看一下页面。现在我们看到的就是最具品位楼盘的评选，我们也希望越来越多的楼盘可以加入到这个大家庭当中。我们今天的舞台上方的部分到这里启动仪式全部结束，下面有请来自新浪家居主编李燕玲女士上台做嘉宾主持，掌声有请，我们共同进行主题讨论，有请：中国建筑装饰协会信息咨询委秘书长田万良中国房地产协会宣传部主任王惠敏大连实德销售集团总裁张杰杜邦中国钛白事业部总经理陆明兰北京世纪宅建材有限公司董事长粱中锋中新地产集团采购副总监马一丹(论坛部分),3,4,0.9471554160118103
栾熙忠家居零售企业要为厂商和消费者搭建桥梁编者按（新浪家居张永志讯）：市场的大调整是一个企业好与坏的试金石。2008—2009年度的金融危机对家居流通行业是一次洗礼，一次优胜劣汰的市场选择。在这个过程中，国际建材超市、本土建材超市、地方卖场有的被迫收缩，有的被淘汰，但作为本土建材超市的代表，东方家园不但坚挺，而且主动变革为未来发展奠定了坚实的基础。现在还没有企业做到能掌握家居流通业话语权的规模和影响力。对于有着1万亿市场规模的家居行业，东方家园COO栾熙忠认为，现在还不是讨论哪个商业模式是好的，哪个商业模式是坏的时候，因为这要消费者说了算。企业的成功和失败都要归根与自身的管理问题，没有哪个模式是绝对的成熟，能做的是不断创新和完善。近一年半时间，东方家园很低调，但做了很多事。包括引入战略合作伙伴—太平洋基金。包括采用更为先进的ERP管理系统，梳理与厂商的合作关系，为消费者打造更全面的经营业态。东方家园是在苦练内功，用栾熙忠的话说，09年对东方家园来说，是一个比较艰难又有很大收获的一年。“厉兵秣马，枕戈待旦。”据栾熙忠透露，东方家园做家居建材零售连锁的步伐将从2010年加速，东方家园也会有很多想要干的事情会放开手脚去做。对于后金融危机时代群雄逐鹿的市场格局，东方家园将会展现出怎样的战斗力，对这个市场将会产生怎样的影响？这让媒体关注，让业界期待。2009年11月11日，东方家园运营总监、COO栾熙忠做客新浪网，接受新浪家居独家专访，解析后金融危机时代“中国家居流通行业的新格局”，阐述东方家园全新运营战略。新浪家居独家专访东方家园运营总监COO 栾熙忠栾熙忠精彩语录：■市场的改变是不可逆转的，金融危机带来的行业调整是市场调节的必然过程。一个正常的企业，一个有着长远发展目标的企业，应该感谢这次危机给行业带来了一个更大、更长期发展的空间。■任何时候企业的发展和缩退都是市场问题，是企业的管理问题，不是模式问题。和厂商，和消费者建立了良性的互动，当幸福的时候，大家共享快乐，痛苦的时候，大家共享承受，企业才能长久可持续的发展。■整个商场一万多个品种去打折，消费者也只能买他们所需要的东西，没有针对性的全面价格战没有意义。针对性的进行主题营销方案，为顾客照想才会赢得市场。■“以结果论英雄”。我们所说的每一件事情都要具体量化，每一件事都要有人负责落实。借助资本、管理的力量提升企业的综合竞争力，为消费者创造价值才是企业发展之道。延伸阅读:中国家居流通业新格局系列报道后金融危机时代中国家居流通业存三大变局由野蛮生长到断臂自救 洋超市遭遇家居洗牌阵痛新浪网、参考消息联合调查:装修房子你去哪里买家具和建材？>>下一页查看访谈实录详情,3,4,0.5237119197845459
案例库3个月打造5000例 点击突破4000万下面我们看看怎样领取这4999元的装修资金。其实今天业之峰与新浪并不是首次联合的一个座谈会了。在今年5月新浪乐居和业之峰共同打造了“家装案例库”，近三个月，打造了5000多个案例库。这个在我们新浪算什么水平？杨熙：我觉得是一个非常快的速度，我们这个大概是3个多月就到了这个程度。主持人：下面请业之峰董事长张钧给我们做下相关的介绍。杨熙：我补充一下，张总说的我们现在3个月实现3600万，其实我们上次做的活动是突破1000万，那个时候刚刚是一个月结束之后，它有一个相关的加速。因为案例库放在这，更多网友需要这个库，本身这个案例库放在这，因为他们在不断地添加。主持人：将来是不止5000套？张钧：将来会突破一个万套案例库，我们要不断地把它填充下去。主持人：因为现在装修来说，从以前大家要跑市场，订材料，现在都在网上，我先看看厉害的人是怎么装的。我想问一下我们的资深版主，这个案例库推出来之后，您觉得最好的地方或者给大家带来最便利的地方在哪里？汪华：我觉得是这样的，就是提前一部分让业主看到自己家的装修风格，看他喜欢什么样的户型，这样就给我们消费者提供了一个参考的数据库。下面我们看看怎样领取这4999元的装修资金。其实今天业之峰与新浪并不是首次联合的一个座谈会了。在今年5月新浪乐居和业之峰共同打造了“家装案例库”，近三个月，打造了5000多个案例库。这个在我们新浪算什么水平？杨熙：我觉得是一个非常快的速度，我们这个大概是3个多月就到了这个程度。主持人：下面请业之峰董事长张钧给我们做下相关的介绍。杨熙：我补充一下，张总说的我们现在3个月实现3600万，其实我们上次做的活动是突破1000万，那个时候刚刚是一个月结束之后，它有一个相关的加速。因为案例库放在这，更多网友需要这个库，本身这个案例库放在这，因为他们在不断地添加。主持人：将来是不止5000套？张钧：将来会突破一个万套案例库，我们要不断地把它填充下去。主持人：因为现在装修来说，从以前大家要跑市场，订材料，现在都在网上，我先看看厉害的人是怎么装的。我想问一下我们的资深版主，这个案例库推出来之后，您觉得最好的地方或者给大家带来最便利的地方在哪里？汪华：我觉得是这样的，就是提前一部分让业主看到自己家的装修风格，看他喜欢什么样的户型，这样就给我们消费者提供了一个参考的数据库。,3,4,0.7522591948509216
楼上地板打洞洞楼下店铺水汪汪本报驻马店讯 “我的店铺成‘养鱼塘’了，楼上的30个钻孔正在‘哗哗’往下流水，店铺里的货物被浸在水中……”8月2日下午5时许，一位名叫迟杰的店主焦急地给记者打电话反映。迟杰所开的门店位于驻马店市市区雪松路中段，是一家临街机电产品门店。记者赶到现场时，见店里的工作人员正在用拖把从屋里往外赶水，屋内地上全是积水。“机电产品最怕过水，这下我可赔惨了。”迟杰指着店里浸泡在水中的机电产品说。记者走进其门店，见门店是3间门面房，由于店内空间有4米多高，距地面两米多高的地方做了一层隔棚，隔棚上堆积着大量电线及机电零配件。记者沿着梯子爬上隔棚，见门店的顶层有许多洞穿楼层的大大小小的洞，经点数，直径10多厘米的大洞有12个，直径四五厘米的小洞有18个，大洞小洞都在“哗哗”地向下流水。“二楼租给了一家快捷酒店，正在搞装修，他们不经一楼租户同意，随意洞穿一楼顶层往下面灌水，太过分了。”迟杰满眼含泪地拨打了110。不一会儿，负责该辖区的雪松路派出所民警赶到现场。“几天来，这已是我们为这件事第四次出警了。”出警民警无奈地说，“这幢临街楼是老街乡前进路第六村民组的，迟杰租用其一楼的3间门店卖机电产品已几年了，快捷酒店近期租用该幢临街楼搞经营，为此三方发生了纠纷。”3日，雪松路派出所对纠纷三方进行耐心调解，因三方分歧太大，调解无果。三方均表示将通过法律途径讨说法。左图：一楼门店隔棚上的积水正在往下流，店铺里一片汪洋。,3,4,0.5833082795143127
楼市升温 家居企业出招应对下半年市场“长夜漫漫无心睡眠，我以为只有我为买不到房子睡不着，原来你也为买不到房子睡不着啊……”这首迅速蹿红的南京方言歌曲《房的一米》，写出了多少买房人的心声。而近期的买房人排长队争抢楼盘的现象屡见不鲜，二手房市场的价格也是不断往上蹿，买房的目的不管是炒房还是自身需求，这还是表明房地产巨大的市场空间。对房地产相关的下游产业——家居行业来说，无疑也是一个利好消息。受去年楼市影响，加上大环境的不利因素，自去年下半年以来家居行业一直处于不温不火的状态。今年上半年经过短暂的“回暖”之后，随着气温的升高、梅雨等原因明显转为“淡季”，很多装饰公司、家居卖场出现“门可罗雀”的状态，像“佰铭橱柜”这样的企业因经不起“风浪”，索性“人间蒸发”，只留下众多业主讨债无门。然而，近期楼市的升温，给家居行业注入了全新的“活力”，对于下半年的市场大家都摩拳擦掌，积极应对。减价促销，新品引领下半年市场卡子门商圈近几年来逐渐发展成为南京有影响力的“家居商圈”，国际企业宜家的进驻，月星、红星等国际家居馆陆续开业，加上石林家乐家、永隆家居等老牌企业的汇聚，这个商圈前所未有地繁荣着。适逢周末和节假日，各家居卖场的有奖活动、促销手段更是层出不穷，各种新品发布大大吸引着消费者的眼球。而近期宜家推出的“夏季大减价”，消息一经发出，门庭若市，平时只开放一层的停车场不得不再开放一层，来得晚的客户甚至没地方停车。那么这种“大减价”到底为何能让这么多消费者如此“疯狂”呢？据宜家负责人介绍：“自7月10日宜家推出‘夏季大减价’活动以来，从前几天的调查数据显示，销售和访客基本上比平常都要高出五成，原本实行减价销售的500多件商品，在短短几天之内已售完150多种。考虑到广大消费者的实际需求，本周末25、26日又是活动的最后两天，肯定会掀起购物狂潮，为此宜家将在原来的基础上增加200多种新商品参与到此次的大减价活动中，为消费者提供最大的让利服务。”对于此次“夏季大减价”的初衷，宜家的负责人告诉记者：“每半年，宜家都会对所有产品进行一次大规模的调整，更新换代产品，由此而来的就是，随着采购量加大、制造成本降低、优良材料的替代等，产品的价格也随之下降，这就是每年都有的大减价的由来。夏季大减价主要是为了腾出库位，让更多的九月新品上市。下半年的家居市场我们一直很看好，尤其在这种楼市‘急速升温’的环境下，我们会做好更充分的准备迎接下半年的挑战，当然也希望能给消费者营造更为舒适的居住环境。”各显其能，全力提升装修品质下半年的装修市场，每个企业都想分一杯羹，对此大家都是使出浑身解数。龙发装饰举办的《市民家装课堂》为其赢得了口碑和市场，并吸引了一部分下半年准备装修的业主；北京业之峰装饰推出的“环保预评估系统”、“家装案例库”等，给市民装修一个安全环保的家……真可谓各显其能。作为老牌企业的爱华装饰董事长顾爱华告诉记者：“下半年的家居市场很可能会处于两极分化的状态，虽然市场潜力无限，前景也比较看好，但有的企业要改变现状确实很有难度。爱华装饰针对下半年采取的措施则是在原来的基础上进一步提升工厂化的规模和质量。近期在东郊投资建设的上千平方米的新厂房，预计将在9月份投入使用，原来的工厂全部搬至新厂房，工厂化不仅能提高原先的质量，对缩短装修工期也有所帮助。当然最吸引消费者的应该是省钱，从成本测算来看，一个在市场购买的9000多元的大衣橱，在工厂生产的话可能连一半的价格都不到，所以大大节约了消费者的装修成本。”谈及下半年市场，鑫屋地板的总经理张晓强很乐观地认为：“在当前市场不景气的情况下，鑫屋地板也保持着淡季不淡的良好势头，尤其在卡子门红星美凯龙又开设分店之后，销售业绩节节攀升。眼下正是高温季节，虽然地板市场出现了逆市，但对于下半年的市场我们要未雨绸缪，不断调整经营策略，寻找取胜市场的突破口，努力在品牌内涵和服务内容上提升企业的核心竞争力。”,3,4,0.9198672771453857
楼市开始复苏 深圳家居市场迎来新一波热潮对于不少从事家居行业的生意人来说，经历2008年就宛若在漫长的隆冬里煎熬。所幸的是，2009年开年后房市回暖，这让处于其下游链条的家居市场获得了复苏的力量。昨日，记者走访乐安居、百安居、世纪中心·红星美凯龙等家居市场，感受到一派暖洋洋的景象。 销量上涨三至五成“去年销售走都走不动，今年就回过劲儿来了。”这是记者在采访销售人员过程中最常听的一句话。在世纪中心·红星美凯龙家具广场，柏森家具店长杨仰东在谈到去年生意状况时，不免有些叹气，“受楼市影响，去年我们在深圳的整体情况都不好，拿到的订单也比往年少。”谈及今年情况，杨店长的语气一下舒缓了不少，“今年上半年，我们的销量同比增长了近一半。与房地产商的合作还给我们带来了‘购物团’，现在我们每天的客流量最多能达到五六十人，其中还有10%左右来自辽宁等外地的客户，他们下单后可回本地取货。”在乐安居福田中心店，惠万家陶瓷店的销售员杨先生说：“去年我们基本没有什么外地客户，今年就占到了10%以上，大部分来自香港，多半是在熟客的推荐下过来的。”据乐安居副总经理曹楷灵介绍，去年受楼市低迷影响，整个家居行业面临严峻考验。以乐安居为例，2008年整体销售量较往年下滑10%至15%，对于惯常是旺季的下半年来说，也没有出现预期的井喷现象。“当时，不少建材商估摸着2009年可能会遇到更低的低潮，因此在产量的投放等方面都作了限制。”但没想到，2009年一开年，乐安居就迎来开门红，销量同期上涨20%到30%。“现在很多建材商都在加紧赶工，忙都忙不过来，市场真的回暖了。”曹楷灵分析，今年家居行业回暖主要源于楼市的复苏，在其刚性需求的影响下，去年积压的购买力在今年得到大量释放。不少消费者见行情上涨，加紧了购买计划，导致今年家居市场出现“火爆”场景。产品价格整体平稳 家居行业回暖，产品价格是否有较大调整？曹楷灵告诉记者，不排除部分产品会有调高的可能性，这一部分可能会集中在新品当中，但常规性商品价格整体平稳，还没有出现调高的迹象。受访的多位业内人士均表示，下半年是家装旺季，但价格不会出现太大调整。一般而言，做家居这一行的上半年会有微亏或持平，下半年才开始赚到钱，如果在这个基础上还要提价的话，就会得不偿失。此外，由于去年价格上涨的钢铁原料在今年年初有所回落，因此今年的五金价格微微下调。记者通过走访还发现，目前不少商家正进行促销活动，小至电插座，大至高档家私，均有不同折扣的优惠。在一家知名家居市场里，导购员小郭告诉记者，到了“十一”，他们还有一波大型的促销活动，“到时候可能就要人挤人了。”后市发展看楼市脸色上半年家居行业出现的销售回升，让不少销售人员对下半年更大一波热潮的到来抱有信心。不过，一些业内人士则建议，要理性看待市场趋势，尤其要注意楼市的走向。世纪中心·红星美凯龙副总经理郭键在接受记者采访时表示，家装行业虽随着房市回暖而走高，但并不希望看到房价“虚高”，因为“虚高”对高档家居市场是个不小的冲击。“投资客并不需要实实在在地装修住家，所以大户型、豪宅的高端客户购买力并没有被家居市场真正吸收。相反，摆饰等适合白领阶层的中档家居则更受欢迎。”曹楷灵也表示，目前楼价太高，影响了整体消费者的购买力，使不少消费者的购房热情降低。下半年是装修旺季，她估计家居市场不会一下子出现“过火”的情况，还得靠刚性需求维持平稳的状态。,3,4,0.5381120443344116
橱柜五金两极分化 产业竞争加剧在全球竞争的环境下，为了获得有利的竞争地位和提高竞争力，产业资本是行业运行的另一个主题。2004年苏泊尔、华帝先后上市，宏宝也在为上市积极努力，万和的资本市场运作也不会因与粤美雅重组失败而停止。从资本角度讲，当前的主要特点是资本的扩张在加剧。从竞争行为上看，企业间资源共享的合作在增加。企业两极分化将进一步加剧未来几年将是五金行业的高速震荡期，这种高速震荡带来的直接后果是导致目前五金橱柜品牌阵营中两极分化的趋势扩大。预计今后几年真正能够在市场上存活的五金企业绝对没有现在这么多。但五金行业的这种高速震荡将带来巨大的机会，震荡的结果将会使市场运作更加理性。销售渠道间的竞争日益激烈由于国内五金橱柜产品供过于求，质量压力增大，销售渠道成为关键的竞争因素之一，各方对渠道的争夺日趋激烈。一方面，厨电生产厂家加强了对零售终端的控制，力争减少销售环节，节省销售费用，使销售渠道向专业化方向发展，企业销售模式朝着能同时适应多样市场的方向发展。另一方面，销售业发展的趋势使大型家电连锁店的地位不断上升，对行业的控制能力增强，参与并引发了以前主要由制造商主导的价格竞争。大型零售商凭借其广阔的市场覆盖面、采购规模和成本优势，在产品定价、货款交割等方面对生产企业的控制能力将日益增强。同时，国际市场对我国五金产品的要求也会逐步发展变化，对中国产品的质量、包装、供货期限都会有更高的要求，甚至逐步延伸到生产过程和产品的研发，将产品与环境保护、能源资源、人文环境结合起来。,3,4,0.5273750424385071
橱柜产业收支不成比例已有事实(三)请看下列不成正比的，已经发生的事实：(1)、上海XX系统集团，于1995年，投资1.2亿，该集团具有投资能力，具有人才优势，具有很多工业化专业人才，最终以“关门”而失败，为什么？(2)、上海XXB股上市公司，于1996年投入橱柜业，同样具有几乎全部能力和优势，最终仍然失败关门，为什么？(3)、被广东一个电器集团的老总称为“进入橱柜的电器大亨”，为什么屡战屡败，屡败屡战？不可谓没有财力，不可谓没有人才，为什么？(4)、以“项目”进行一定规模投资于橱柜行业的失败案例比比皆是，数不胜数，然后，这些投资行为正如雨后春笋，后继者很多，可以断言：如果行业没有得到本质的改变，诸如此类的投资，不会与回报成正比。(5)、为什么十分简陋的，没有多少投资的“小作坊”还能艰难的活着？(6)、为什么中国橱柜的商业平台——一个店或二个小店。似乎没有规模，没有稍大的经销商，为什么？低效率、高成本的小作坊，是重大投资的天然瓶颈，不可逾越。同时比较适合“小作坊”的生存环境，此其一。产业化有利于“规模企业”，不利于作坊式业态，至少时至今日，尚未成为主流，此其二。大投入的企业本身严重缺乏实践感受，自身不能创造规律，形成通用和标准的一整套体系，来领导市场，此其三。大企业不太愿意舍弃“短期利益”，以市场化、以高性价比、以规律取代“作坊式”的杂乱无章，此其四。中国橱柜进入低迷时期，伦为“小作坊”而不能自拔，市场和消费者没有过错，具有投资热情的投资者没有错。要说责任，应归结于前期(老牌子)专业橱柜公司，至少我们应该讲“亲身感受”，将“橱柜的本质”，将“中国橱柜的真实情况”，向媒体、向公众、向消费者、向后来投资者真情告之，以激发一个群体的进步欲望，为了您，也为了中国橱柜。受到瓶颈限制的低效率、高成本的中国橱柜，一个群众陷入了低迷的困境，这是不争的事实，也是客观后果。我所率领的雅迪尔已经完成了产业化一大半工作，于8月初，将向上海市民汇报产业化成果，是第一例“通用和标准”摆脱茅盾的案例，是第一例真正体现“质量”、“成本”和“效率”的案例，请各位同仁认真注意。,3,4,0.4821820557117462
周干峙：城市规划存在开发商暗地操纵等问题新华网天津9月12日电 (记者杜宇)中国城市规划学会理事长、两院院士周干峙说，当前城市规划工作要解决好两个问题，一是行政干预过多，二是被开发商暗地操纵。周干峙是12日在此间举行的2009中国城市规划年会上作上述表示的。周干峙说，新中国成立60年来，我国城市发生的变化很大，都是经过规划设计的。规划工作受到高度重视以后，行政领导也有了很多的具体参与。不少技术方案、决策措施，由技术专家转移到行政领导。有一些老专家甚至感叹说，市长、书记都拍板了，规划师、设计师已经沦为绘图员了。周干峙还说，目前土地开发机制混乱，城市用地开发本应由规划指导，但现在往往由开发市场指导规划设计，包括在什么地方开发，怎么开发，开发成什么样子，有部分开发商甚至设置了自己的规划设计机构。名为参与，实为操纵，正正经经做开发规划就更难了。周干峙表示，这两个问题其实随着市场机制的渗透，孕育已久，这是发展中的难题，可以通过总结改进，调整到科学合理的发展轨道上来。针对多个部门涉及规划工作，如何使规划协调起来，周干峙表示，要鼓励公众参与，同时建议城市规划还要研究一些重大专业问题，如城乡和地域布局，土地合理利用规划，生态环境的保护改善，历史文化的保护和利用，生产、服务设施的合理布局等。我要评论,4,7,0.8610525131225586
广州地产界香妃走红网络新浪房产讯 在网络技术越来越成熟与普及的今天，只要你有特色有资本，就完全有机会在一夜之间红遍整个大江南北成为家喻户晓的公众人物。近日来被炒的沸沸扬扬的在“锦绣香江•香江地产摄影摄像大赛”中参加广告之星选秀的一位佳丽，就是因为身上脱俗的古典气质与绝美的娇好容貌被众网民惊呼为“香妃再世”从而一跃成为2009年又一位走红网络的大红人。据记者在天涯，网易，新浪等各大知名论坛的采访调查中得知，目前所有有关“香妃”的图片帖子都被众网民顶到火热，点击率节节高升，天涯主帖短短几天突破50万点击，网民的关注热度与议论激情也伴随着此次香江摄影摄像大赛的进程而屡屡升温。何以这个传说中的“香妃”有如此火爆的人气与关注度，记者在浏览了相关帖子后发现，这个传闻中的“香妃”形象的确甜美可人清新脱俗，跟帖的网友无不为她的容貌所折服纷纷跟帖表达喜爱之情。“这个女孩子让人一看就感觉是仙女下凡一般，她的古典美很是令人着迷。”“果真是传说中的香妃啊，见识了。”“真是个大美人啊。举手头足间彰显东方女性的魅力。”类似的帖子比比皆是。在美女如云的网络世界，“香妃”能在万千美女中脱颖而出得到众网民的一致认可，无疑是拥有着一种独特的美丽，而且其身上所带的古典气质跟艳惊千古的绝世美女“香妃”联系在一起更加引起众人的无限遐想，由此想来，“香妃”的走红也算是众望所归。据悉，这位受到大众喜爱与支持的广州“香妃”，是来自广州“香江地产摄影摄像大赛”的赛场，这次摄影大赛自开赛以来就以生动的比赛内容与独特的展示风格在网上得到了众多网民超高人气的关注与评论，“香妃”的暴势走红也恰好给这个比赛带来了一段意想不到的场外插曲从而使得这场比赛更加让人期待。 我要评论,4,6,0.5959365367889404
重庆物业管理条例将实施 业主失窃物业将担责小区安全一直是市民关注的焦点，尽管不少小区聘请了物管公司，但盗窃案件仍时有发生。时下，业主们普遍认为物管公司“既然收了物管费，就该对业主负责”，也为此生出不少事端。下月1日起，新的《重庆市物业管理条例》开始实施。按照新条例，业主可以和物管在物管合同中约定安保责任，一旦签订合同后业主家失窃，物管将按照合同承担责任。事件回放：下班时发现家中被盗，报警后盗贼未能落网。失主熊先生认为物管保安没有尽到安全防范责任，为此要求赔偿。而物业公司认为，是熊先生的防范意识差，才导致被盗。昨日，熊先生所在小区的业委会，向物管公司要求更改物管合同，要把安全措施详细写进合同当中，以便分清业主和物管的责任。失窃业主责怪物管8月5日中午，熊先生下班回到巴南区某小区的家中，发现被盗。抽屉里的1600多元现金不翼而飞，相机、玉手镯等物品也不见踪影。熊先生当即报案，称家中被盗，案值4000余元。警方现场勘查发现，熊先生住在二楼，客厅阳台是用铁栅栏封住的，小偷是通过厨房窗户翻进屋的。由于有价值的线索很少，至今未能破案。失主熊先生认为，小区物管在安全管理上存在很大的漏洞，“以前使用的业主出入证，现在也不用了，不管什么人都可以随便进出小区，也很少看见小区保安巡逻，而且，小区内的监控也没有起到作用……”熊先生认为，自己按时交纳了物管费，物业公司就该对业主的人身和财产安全负起责任。此前也被小偷光顾过的一业主认为，小区外围的围墙比较高，小偷根本无法翻墙入内，是保安没做好巡逻防范，让小偷混进小区。“业主的物管费中有相当一部分是用于维护小区治安，包括聘用保安。如果业主家中失窃，物管都不承担责任，那业主还花这笔钱干什么呢？”“收了物管费，就该对业主负责。”多数小区居民表达了与熊先生类似的观点。安保措施要进合同小区业主频频被盗，熊先生等业主找到了业委会。该小区的业委会收集了业主的意见后，向物管公司提出质疑，认为小区治安状况有所滑坡。业委会要求物管公司对保安的工作职责、岗位的设置、巡查以及对保安的考核管理等，向业委会通报，并接受业主、业委会的监督。业委会还郑重提出，要求更改目前的物管合同，将为小区业主安全提供安保措施的条款写进物管合同当中，如设置监控设施、启用业主出入证、履行好外来人员的登记、保安巡逻等。业委会认为，物管公司应该实施“24小时全天候服务”。“我们不是安保公司”面对大多数业主“收了物管费，就该对业主负责”的质疑，物业公司大喊“冤枉”。物业公司岳经理道出了苦衷：公司配备的保安算是较多的了，保安是每两小时就定点定线巡逻，但也会防不胜防。岳经理称，物管只是对相应区域内的房屋及配套设施进行维修、管理，对小区内的安全防范工作，只有协管的义务，没有当然的保卫义务。所以，业主家中被偷，物管公司是不应承担财产被盗损失的赔偿责任。岳经理称，物业公司是服务公司，不是“安保公司”。他们按照物管合同维护小区正常秩序，如果连居民家里失窃都要他们担责，那么，“没几个公司愿意接物管业务”。物业公司设立保安部，对进出小区的人员进行盘问，对小区的楼房进行巡视，对小区车辆行走、停放进行指挥管理，对小区出现的应急事件进行临时处理等等，这些都是物业管理公司的本职工作。但并不是说有了保安，就万无一失了。岳经理指着自己办公桌上新颁布的《重庆市物业管理条例》称，他也正在学习。岳经理称，他们正与业委会协商，在即将更改的物管合同当中，拟订需要写进的安保措施，“这其实也是分清责任的问题，如果物管把安保措施做到位了，业主再遭偷，我认为物管就不应该再承担什么责任了。”教你修改物管合同如果在聘请了物管公司的前提下，小区仍发生被盗或被抢事件，物管公司是否应赔偿？赔偿多少？本报新闻律师团成员、重庆森达律师事务所主任律师贺天强称，10月1日起施行的新《重庆市物业管理条例》将引入“赔偿责任”，其中最重要的是保安责任，例如业主家中被偷，或在小区内被盲流殴打，物管要按事先与业主签订的合同，赔偿业主损失。目前，物管服务合同大多是格式合同，对于业主被盗被抢的赔偿责任，格式合同里面没有明确比例，大部分物业公司与业主也没有这样的合同约定。即便没有合同约定，如果业主有证据证明，案发前有外来人员随意进入、保安脱岗、监控不力等情况，物业公司也应承担相应责任。注意10月1日新物管条例实施之后，我市的业主可与物管修改物管服务合同，在合同里予以明确责任，并约定根据小区的具体情况，约定赔偿责任。如：要求物管定点、定线、定时巡逻；要求物管颁发业主证，在业主证上张贴业主照片，业主持证出入小区，物管做好对外来人员的登记等。注意重庆市物业管理条例第五十一条规定：业主对人身、财产安全有特殊保护要求的，由业主与物管另行约定。新物管条例实施后，物管合同还没到期的，业主或业委会也可以要求物管公司重新签订合同，约定安保条款。注意目前有很多小区没有业委会，在这种情况下，业主可直接要求与物管签订合同、约定责任。一旦失窃，便可要求物管按合同承担赔偿责任。重庆市物业管理条例物业服务企业应当建立健全公共秩序维护制度，协助做好物业管理区域内的安全防范工作。未能履行物业服务合同的约定，导致业主人身、财产安全受到损害的，应当依法承担相应的法律责任。业主对人身、财产安全有特殊保护要求的，由业主与物业服务企业另行约定。业主被盗2月26日，家住渝北区某小区的梁晓回家一开门，惊奇地发现家中一片狼藉：家里被盗了！梁晓向警方报案后也没有结果。很生气的梁晓要求物管公司赔偿，哪知物管公司不予理睬。梁晓以拒绝交纳物管费来对付物管公司，物管公司则以停水的手段予以“回应”。一气之下，梁晓遂将物管公司起诉到渝北区法院。近日，经过法官调解，双方达成一致：物管公司给付梁晓补偿款2500元，梁晓限期补交拖欠的物管费800余元。九成网友昨日，本报公众调查中心就这一问题随机对40名网友进行了QQ在线调查。调查显示，90%的受访者称，新物管条例实施后，会主动要求与物管签订新的物管合同，约定安保责任。调查显示，对于物管合同的具体内容，多数受访者都表示“不清楚，到时再说”。网友“味道”表示自己会在合同中“明确物管责任，不留法律盲点，确保在物业纠纷中清晰判定责任归属”。网友“尹胜民”则希望在物管合同中增加“物管应保证小区居民人身财产安全；公共设施若对外开放，收入归所有业主所有。 ”与“尹胜明”一样，九成受访者表示小区安全措施一定要详细地写进物管合同中，有一成的受访者觉得“无所谓”，或者认为“没有必要”。记者 张淑敏邀您与律师近来，小区频频发生业主被盗案件，10月1日起，新的《重庆市物业管理条例》施行，也引起了社会的关注。《重庆市物业管理条例》施行后，我们该与物管签订什么内容的物管合同，怎么约定安保条款？哪些条款对业主有利？明日，重庆森达律师事务所陈小燕律师将作客本报“互动星期二”栏目，与您共同探讨这一问题。无论您是小区的业主还是物管公司，明日，您都可以拨打本报的热线63907301与律师探讨“对话小区安全”，也可前往本报热线接待室，与律师面对面交流。风险加大后一些物管公司在受访时表示，一旦在合同中增加安保条款，物业公司的管理风险更大，适当增加物管费也是合情合理的。对此，贺天强律师表示，物管费的收取标准需经物价部门的核定，不是物管公司想涨就涨的，需要根据小区的状况和物管资质等而定。并不因为风险加大了，物管公司就可以随意增加物管费。本版稿件除署名外均由记者 唐中明 采写    相关新闻：    四大房企物业大PK 华润最安全龙湖最贴心    我们业主很多权益都被物业公司侵占了    物业公示缺乏强制规定 小区广告收益业主犯糊涂    楼顶坠琉璃瓦住户出入忧心 物业须先尽责后索赔我要评论,4,7,0.4549926817417145
香港环球贸易广场6名清洁工30层坠下身亡香港消息 香港环球贸易广场建筑工地昨日发生严重事故，一架升降机槽内的工作台意外从高处坠下，造成6人死亡。从30层坠下10层当天下午1时许，6名清洁工人正在一架升降机槽内的工作台上工作，工作台突发意外，从30层坠下10层，导致5名工人死亡、1人受伤。至傍晚时分，证实伤者不治，6人全部死亡。香港特区行政长官曾荫权立即到场了解情况。他表示，这次事故非常严重，已要求有关部门彻查事件起因，并了解死伤者家属的需要，以提供相关协助。发展商将发100万元赔偿香港劳工及福利局局长张建宗表示，这次是极严重的工业意外，感到震惊和哀痛，发展商新鸿基已承诺次日向死者家属发放100万元恩恤赔偿，支付死者的殓葬费，以及为死者的子女提供长远的教育经费。而劳工处也会根据法例协助死者追讨工伤赔偿，每名死者最高可获178万元。新鸿基地产发展副主席兼董事总经理郭炳江也对意外感到难过和痛心，向死者家属致以深切慰问，承诺发放100万元恩恤金，并会竭力协助政府调查意外原因，环球贸易广场也会立刻停工，彻底调查及进行全面安全检查。建造业总工会会务顾问蔡镇华初步怀疑事件是承办商监管疏忽，指引不清晰，并质疑升降机槽是否设有围栏。事故发生后死者家属纷纷赶到医院，他们情绪激动，有家属认尸后更全身瘫痪，要乘坐轮椅离开。综合新华社    相关新闻：   香港建筑工地6名工人从高处坠下死亡    男子擦玻璃随窗扇坠楼身亡    石家庄倒楼事故已致10人遇难3人重伤    上海在建楼倒覆事故7名责任人被批捕我要评论,4,7,0.7655608654022217
城建系统两年万余人涉案新华社讯 最高人民检察院昨天通报了查办城镇建设领域商业贿赂犯罪案件情况。据悉，2007年至2008年两年间，全国检察机关共立案查办城镇建设领域商业贿赂犯罪案件9374件、10043人，其中，涉及国家公务员和处级以上干部要案较多，大案所占比例高，涉案金额大，窝案串案突出。受贿案占立案数的77.3%2007年以来，为认真贯彻落实中央决策部署， 深入推进治理商业贿赂专项工作，最高人民检察院针对工程建设、土地出让、房地产开发等领域官商勾结、权钱交易突出等问题， 组织全国检察机关开展集中查办城镇建设领域商业贿赂犯罪案件工作，成效明显。2007年、2008年两年间， 共立案查办的9374件10043人， 分别占查办商业贿赂犯罪立案总数的45.3%和44.5%。其中，受贿7250件，占查办城镇建设领域商业贿赂犯罪案件立案数的77.3%；行贿1879件，占20%。此外，还有单位受贿61件，对单位行贿22件，单位行贿92件，介绍贿赂70件。案件主要发生在城建领域案件主要发生在城镇基础设施建设、房地产开发、单位所属工程建设、土地出让等领域。据统计，发生在这几个领域的案件7990件，占城镇建设领域商业贿赂犯罪案件总数的85.24%。其中，城镇基础设施建设2999件，单位所属工程建设2881件，土地出让1110件，房地产开发1000件。公务员和处以上干部涉案多据悉，国家公务员和处级以上干部涉案较多，两年共立案查办国家公务员3567人， 占立案总人数的35.5%。其中，党政领导663人，土地管理部门501人， 建设部门705人。查办处级以上要案1266人，占12.6%。涉案金额大大案所占比例高从查办案件情况看， 大案所占比例高，涉案金额大。城镇建设领域商业贿赂犯罪案件涉案总金额18.75亿余元，平均个案涉案金额达20万余元。共查办5万元以上大案6976件，占总数的74.4%；其中，50万元以上案件784件，占41.9%。案件涉及城建各个环节在办案中， 检察机关往往是查处一案、带出一窝、牵出一串，许多案件涉及工程立项、规划、审批、招投标、发包分包、采购、资金拨付、交纳税费和施工管理等多个环节。如广州市检察机关在查办“ 北江大堤加固达标工程”涉嫌职务犯罪案件时， 在该工程中深挖出窝案串案10件10人，其中处级要案2人，且均为大案。隋笑飞我要评论,4,7,0.9515098333358765
"情境式内街凤凰商街点亮三元桥璀璨商业(组图)下班了，你会去哪儿呢？回家，你就out了！华润置地(企业专区,旗下楼盘)倾情奉献，数十家精品商户合力打造的动感时尚商街——凤凰商街，给你一个下班的好去处。异域的、潮流的、古典的、另类的，一应俱全、琳琅满目。如果你要追求时尚，如果你早已厌倦了都市的平淡生活，如果你不愿再忍受整日枯燥的节奏，那么，你一定要来“凤凰商街”！“凤凰商街”要给你真正的休闲享受！凤凰商业街采用最新潮的情境式内街，注重营造体验感和趣味性，以各自独立的景观节点划分出美食餐饮、 休闲、时尚生活等魅力主题区，为您开启超越感官的便捷愉悦之旅。和朋友到美食、休闲特色店坐享各色美味，在慵懒的午后闲聊一下工作生活，享受无比惬意的心灵按摩。图为商街照片在这里，你可以在花萱享受到古老而又独到的中医养生，按摩师为您精心准备了全身呵护！在这里，你可以在普锐专卖挑选到你最喜爱、寻觅已久的高尔夫球具，享受运动的精彩与畅快！在这里，著名品牌健身一兆韦德给您量身定做私享计划，送您梦寐以求的健康与美丽！在这里，卡布其诺的清香中，SPR咖啡送你一个恬淡惬意的周末。在这里，你可以在充满异国风情的餐厅里享受味觉的极致盛宴！福之岛日餐厅里年轻漂亮的服务生，身着传统服饰、优雅端庄、温柔体贴，让您饱餐美食的同时领略异国的温馨与浪漫；赛百味快餐开放式的设计，格外明亮，为顾客提供的新鲜海鲜，美味三明治、纯正沙拉，保证让您留连忘返。意大利餐厅里，炫丽的灯光，变幻的音乐，地道的比萨，送您一个真正的米兰。 当你厌倦了都市钢筋水泥的冷漠，来“凤凰商街”吧！ “凤凰商街”，永远有精彩在等待，让你迷恋，让你沉醉，让你疯狂，享受运动的刺激，享受美食的快慰，享受休闲的乐趣，享受“凤凰商街”带给你的一切！ 我要评论",4,3,0.37907785177230835
10万元能买啥房 专家教你房产投资之道 10万元的房产投资之道时下讨论最多的话题就是通胀预期，对于一个老百姓来说，考虑国家经济发展趋势似乎有点远，如果保证自身辛勤劳动所得资金的稳定增值是最实际的。10万元在今天还能做点什么？10万元，也许对于很多富裕人士来说，是一笔小钱，对于一个刚参加工作不久，正准备结婚的年轻人来说，也许就是一笔财富了。 笔者的很多朋友都属于这种情况，经过多年的工作，少许有了些积蓄，基本就10万多点，对生活有了一些想法，可是一谈到买房的首付，一谈到装修房子的开销，很多内心的激动就立刻消减了。是呀，在今天这个社会，10万元能做些什么呢？选择一：投入股票市场。年轻人，资金少，没有精力，对风险抵抗力低，不建议参与。选择二：存银行。通胀就要来了，货币贬值，也不放心。选择三：买房子。现在的房子都每平方米上万了，一套90平方米的房子，首付将近30万，装修费用起码10多万。10万元首付，有没有一套让我满意的房子？这个命题让很多人都难住了。什么样的房子才能让一个年轻的家庭满意呢？归纳起来：一、面积不用太大，总价可以承受，首付10万。二、高品味装修，档次高，很体面，该有的最好都有，不用操心装修这些事情。三、有好的管理和服务，能在需要的时候出现，平时又不干扰自己的生活。四、地理位置好，环境好，生活便利。五、可以尽快入住。六、具有很大的升值空间，将来可以出租或者出售。在今天的房产市场里，这些要求集中起来，真可以说是挑剔。最近有朋友非常兴奋地告诉我，在临平副城选到一套这样的房子，就在地铁一号线临平站出口不远，水景公园边上的东海蓝钻1号。面积不大，48平方米的样子，首付10万，豪华全装修，明年6月就可以入住，档次高，非常划算。看着他兴奋的样子，我也特别高兴，这个周末计划叫几个朋友一起去看看，以后大家可以住在一起，做邻居，重要的是可以让大家兜里的那10万元升值起来！李 鹏 我要评论,4,1,0.42421215772628784
四岁宝宝享受住房保障遭质疑针对媒体质疑“4岁宝宝”领取廉租房补贴一事，北京市住房与城乡建设委员会称，未成年人享受低保的情况主要包括：父母一方去世、服刑、失踪，未成年人随另一方监护人生活，但监护人为外地户口或农业户口，“4岁宝宝”就属于这类情况。而这些未成年人享受城市低保，均符合廉租住房条件(9月15日《中国青年报》)。 “4岁宝宝”领取廉租房补贴曾引得舆论一片哗然，北京市住建委在承认确有其事的同时却说这种做法并不违规，出乎大多数人的意料。不过，仔细斟酌北京市住建委的解释，我还是难以苟同。北京市住建委的逻辑似乎是这样的：“4岁宝宝”符合享受低保的条件，所以符合廉租住房的条件。可是，享受廉租房与享受低保的条件能够等同吗？最低生活保障是政府为了保证城镇低收入居民的基本生活而提供的保障方式，而廉租房是政府为了保障城镇低收入住房困难家庭而提供的保障方式。两者保障的目标不同，规定的标准当然也不同。虽然“住”也是基本生活所必需的，但与“衣、食”等温饱类需求也有不同。孩子一生下来就需要吃穿，这是刚性的；但孩子“住”的需求却是柔性的，别说4岁，即便是10岁的孩子，也可以挤在大人的房间里。既然政府的保障体系把“住”单列出来并制定了专门标准，就应该以专门标准为准。再者，住房保障和最低生活保障都是以家庭为单位的。但在父母去世、服刑、失踪的情况下，一个未成年的孩子并不能构成一个“家庭”。如果他被孤儿院等福利机构收养，就不存在住房问题了；如果被寄养或收养在其他家庭，那么应看这个收留的家庭是否符合廉租房的标准。这个“4岁宝宝”究竟是什么情况，北京市住建委的解释语焉不详，这不能不让人发问：为什么不把详情公之于世？本来，廉租房补贴发放情况就该事先公示，将其拿出来“晒晒”有何不可？ 盛大林 我要评论,4,5,0.4425416588783264
洗澡耗时长却减少能耗城市 宁波福州郑州上榜    洗澡耗时长却因热水器环保而减少能耗的城市——宁波、福州、郑州节能热水器(空气能热水器和太阳能热水器)拥有率分别为宁波79.12%、福州70.94%、郑州42.76%，全国其他城市都不到三成；但是，另一方面三地的洗澡耗时超过15分钟的售房者也均超过八成，为全国前三。我要评论,4,3,0.48428022861480713
深房集团原董事长涉嫌受贿822万受审□据新华社深圳9月15日电深圳经济特区房地产(集团)股份有限公司原董事长、党委书记邵志和涉嫌受贿人民币822.98万元、港币3万元，14日在深圳市中级人民法院出庭受审。据检方指控，邵志和于1983年10月至2009年1月担任一系列职务期间，利用职务便利为他人谋取利益，多次收受被告人朱某、林某豪及林某中的贿赂。1983年10月至1995年10月间，邵志和在深圳市市政工程公司、深圳市天健安装公司、深圳市天健实业股份有限公司任职期间，帮助建筑承包商林某中承揽工程、减少挂靠管理费。林某中于1985年至2009年期间，多次贿赂邵志和，共计人民币133万元、港币3万元。2002年5月至9月，邵志和利用担任深圳市城市建设投资发展有限公司总经理的职务便利，指使城投公司财务人员分3笔共付给深圳市建业(建业博客)建筑工程公司工程款利息人民币1976万元，被告人林某豪从中获取不正当利益人民币905.7万元。林某豪送给邵志和人民币150万元。2002年，邵志和又帮助林某豪获得城投公司给予的项目转让费人民币1380万元。2007年，林某豪又送给邵志和人民币380万元。2002年12月至2009年1月间，邵志和担任深圳经济特区房地产(集团)股份有限公司董事长期间，帮助被告人朱某担任深房集团法律顾问，使之获得深房集团涉讼案件代理权并赚取不正当的高额诉讼费。朱某多次送给邵志和钱款共计人民币159.98万元。邵志和表示认罪。法庭将择日宣判。 我要评论,4,7,0.8618846535682678
80后网友千人百元购房计划遇挫 组织者退出  -组织者“布衣”已退出-发起者“可乐”称娱乐过发泄过就够了本报之前连续报道“80后网友千人百元购房”活动，引起网友关注。日前，作为活动方案的主要负责人之一的网友“飙犁布衣”发表博文称，自己退出“千人百元购房计划”，并向活动发起人“可乐”表示了歉意。“飙犁布衣”在其博客里称，退出的原因主要是源于方案制订的失败，“方案确定后可乐在论坛里发表声明，说我们指定的方案违背了他的初衷并有赌彩嫌疑。对此我们只能说非常遗憾。”“布衣”还表示，法律的阻碍也是他们退出的一个关键，“从法律上这个活动的风险很大，我们也不想以身试法。”“布衣”强调，活动的初衷，是要激起各界人士对房价和80后生存现状的关注，“我们买的不是房子，是生存”，“我们很遗憾地说我们已经退出了千人百元购房计划，但是我们也可以很自豪地说我们的声音吼出去了。”作为“千人百元购房计划”活动发起人的北京网友“可乐”在接受本报记者采访时表示，自己对“布衣”退出一事，毫不知情。不过，“可乐”表示自己并不会退出：“我从来都是抱着一种娱乐的心态去对待这个事情。如果方案不成，至少也是一种网络狂欢，我们娱乐了、发泄了，也就够了。”“可乐”表示，网络和媒体的反应远远超出了他的想象，“还有很多别的地方的人表示要效仿”。(记者陆建銮)     相关新闻：    80后小伙欲召集1500人买一套房 抽奖决定归属    80后小伙欲召集千人买一套房追踪    评80后小伙召千人买房：关注创意背后的价值    80后成楼市车市消费新宠儿 父母经济援助为后盾我要评论,4,1,0.3181729316711426
JP摩根调升房地产建筑商板块评级【MarketWatch波士顿9月18日讯】北京时间9月18日晚间消息，JP摩根大通分析师迈克尔-雷霍特(Michael Rehaut)周五将房地产建筑商板块的评级从“不乐观”调升至“积极”，并表示房地产市场已经度过了市场调整的最严峻时期。雷霍特在周五发表的研究报告中表示，“尽管基本面因素不大可能表明未来12个月内房地产市场状况持续稳定好转，但是我们认为不仅房地产市场确信无疑的度过了最低迷时期，而且未来24个月内这个行业仍将持续复苏，推动房地产建筑商板块在目前已经上涨的基础上继续攀升。”雷霍特将Toll Brothers (TOL)及KB Home (KBH)的股票评级从“中立”调升至“超出大盘表现”，同时将M.D.C. Holdings (MDC)的股票评级从“超出大盘表现”调降至“低于大盘表现”。房地产市场经历了三年的惩罚性的价量齐跌之后，投资者对房地产市场滑坡已经见底的乐观预期推动房地产建筑商板块在今年夏季大幅攀升。然而看空房地产市场的一些人士警告称，未来房地产市场复苏仍将面临无数的阻碍，其中包括房贷止赎案例增多、失业人口不断增加等等。与此同时，联邦政府实行的为首次购房者提供8000美元税项减免优惠措施的刺激方案也将在11月底结束，这对房地产市场前景也构成了威胁。美东时间周五上午10:20，追踪房地产建筑商股票表现的iShares道琼斯美国房地产建筑商股票指数型基金(ITB)上涨了10美分，涨幅0.74%，报13.61美元。据FactSet Research机构提供的数据，在截至9月17日的三个月内，该基金净值已经上涨了43%。JP摩根机构的雷霍特表示，“更为重要的是，在长达三年半的时间内我们一直都对房地产板块持有负面态度，但我们认为目前房地产市场和三年半之前相比有了重大变化。与当前状况不同的是，在房地产市场滑坡时期各种类型的购房者都在退出市场，不仅导致房屋供应量大量积累，而且也导致市场需求量持续下降。”这位分析师在研究报告中表示，“在今天，尽管市场上的房屋供应量仍然居高不下，但似乎已经恢复到更易于应付的水平，同时房地产市场需求也开始稳定下来，甚至出现了缓慢的回升。在这种环境下，我们相信房地产建筑商将再度迎来订单数字的积极增长——从历史上来看这将是个强大的利好因素，房屋售价下跌的趋势也将接近尾声，使房地产建筑商所蒙受的资产减计亏损趋势得到缓解。”一些经济学家也认为目前房地产市场经济数据出现了很多令人振奋的迹象。美国商务部在周四报告称，8月新屋开建及营建许可数字均攀升至9个月新高。此外美国房地产建筑商协会也在本周初期报告称，美国9月房地产建筑商信心指数连续第三个月上扬。雷霍特表示，从价值角度来看，房地产建筑商业界“的盈利水平似乎已经完全恢复到了正常水平。在我们看来，房地产建筑商板块的股价与股票账面价值比率(price-to-book ratio)恢复到接近历史最低范围，仍然算是正常的。”此外，雷霍特表示尽管目前股市已经获得了巨大涨幅，房地产建筑商板块目前股价也达到了3月低点的两倍以上，但六大建筑商的股价仍然比2005年的最高水平下降了86%。因此，雷霍特认为房地产建筑商板块股价的回升“仍然显著低于从前经济衰退之后的股市复苏程度。”尽管房地产建筑商行业的信心有所增强，但这些企业仍然担心政府为购房者提供的税项优惠措施结束将带来不利影响。德意志银行分析师尼舒-苏德(Nishu Sood)在本周给客户的研究报告中表示，“展望未来，我们仍然坚持认为，政府刺激房地产市场措施的结束将是未来几个月内房地产市场面临的一项重大风险。”苏德表示，“我们已经看到，尽管从整体来看房地产市场需求仍在保持增长动力，但今年春夏两季房地产市场涌现出来的需求攀的状况正在变得疲软。”他认为，“需求和信心倾向于互为因果关系，在宏观经济状况好转的时候，1月份通常会是房地产市场需求的低谷期；但目前看来最有可能出现的状况将是未来4到6个月时间内的房地产市场需求再度疲软。”穆迪投资者服务机构的分析师在本周进行的一项房地产市场调查报告中表示，很多因素都表明房地产市场的反弹状况都应该比目前的实际状况小得多。这些分析师表示，“全美房地产价格从最高水平到最低点下跌了40%，这需要10多年的时间才能完全恢复。房地产市场泡沫的破灭已经造成了大萧条时期之后最严峻的金融市场危机，并且导致美国陷入经济衰退。这次经济衰退将使美国经济留下深深的印记，房地产市场及房地产行业的各方各面也都会受到长期和深刻的影响。”我要评论,4,1,0.6541988849639893
十七届中纪委会第四次全体会议公报核心提示：中共第十七届中央纪委第四次全会19日在北京举行，会议公报透露，将把住房、投资、配偶子女从业等情况，列入领导干部必须报告的个人情况，认真解决一批涉及领导干部廉洁自律的突出问题。新华社北京9月19日电 中国共产党第十七届中央纪律检查委员会第四次全体会议公报(2009年9月19日中国共产党第十七届中央纪律检查委员会第四次全体会议通过)中国共产党第十七届中央纪律检查委员会第四次全体会议，于2009年9月19日在北京举行。出席会议的中央纪委委员118人，列席28人。中央纪委常委会主持了会议。这次全会的主要任务是：认真学习贯彻党的十七届四中全会精神，分析研究党的作风建设和反腐倡廉建设面临的形势与任务，深入推进党风廉政建设和反腐败斗争，为加强和改进新形势下党的建设、夺取全面建设小康社会新胜利、开创中国特色社会主义事业新局面提供坚强有力的保证。全会审议通过了贺国强同志代表中央纪委常委会所作的《认真贯彻落实党的十七届四中全会精神，深入推进党风廉政建设和反腐败斗争》的报告。全会认为，党的十七届四中全会是在新中国成立六十周年之际，在应对国际国内重大挑战、推动党和国家事业实现新发展的关键一年召开的一次具有重要意义的会议。会议审议通过的《中共中央关于加强和改进新形势下党的建设若干重大问题的决定》，是指导当前和今后一个时期党的建设的纲领性文件。全会一致拥护十七届四中全会审议通过的《决定》，一致拥护胡锦涛同志在十七届四中全会上的重要讲话。全会强调，党的建设是党领导的伟大事业不断取得胜利的重要法宝。各级党组织和广大党员干部一定要全面领会十七届四中全会精神，进一步增强加强和改进新形势下党的建设的责任感和紧迫感，认真理解执政党建设的基本经验，准确把握党中央对加强和改进新形势下党的建设提出的新部署、新要求，以更加坚决的态度、更加有力的措施，深入扎实地推进党的建设新的伟大工程。全会要求，全国纪检监察系统要迅速掀起学习、宣传、贯彻四中全会精神的热潮，集中时间、集中精力，组织广大纪检监察干部认真学习十七届四中全会文件，紧密结合纪检监察工作实际，在武装头脑、指导实践、推动工作上下功夫，把思想统一到全会精神上来，把力量凝聚到实现全会确定的各项任务上来。各级纪委要在党委的领导下，切实增强政治责任感，认真履行党章赋予的职责，推动十七届四中全会重大部署和各项任务的贯彻落实。按照建设马克思主义学习型政党的要求，加强党性党风党纪教育和反腐倡廉教育；按照坚持和健全民主集中制的要求，加强党内民主建设，保障党员民主权利；按照深化干部人事制度改革的要求，匡正选人用人风气，坚决整治跑官要官、买官卖官、拉票贿选等问题；按照做好抓基层打基础工作的要求，扎实推进基层党风廉政建设；按照弘扬党的优良作风的要求，协助党委抓好党的作风建设；按照加快推进惩治和预防腐败体系建设的要求，在坚决惩治腐败的同时加大教育、监督、改革、制度创新力度，更有效地预防腐败。要按照党建工作责任制的要求，协助党委加强监督检查，严明党的纪律，督促有关部门切实抓好职责范围内的党建工作，保证和促进十七届四中全会精神的贯彻落实。全会指出，党的事业愈发展，党的建设愈深入，党风廉政建设和反腐败工作就愈要抓得紧而又紧。各级纪检监察机关要全面贯彻十七届四中全会关于加强党风廉政建设和反腐败斗争的一系列部署和要求，坚持标本兼治、综合治理、惩防并举、注重预防的方针，认真落实《建立健全惩治和预防腐败体系2008-2012年工作规划》，严格执行党风廉政建设责任制，切实加大查办违纪违法案件力度，坚决查处一批大案要案，严肃查办发生在领导机关和领导干部中滥用职权、贪污贿赂、腐化堕落、失职渎职案件，严肃查办商业贿赂案件和严重侵害群众利益案件，严肃查办群体性事件和重大责任事故背后的腐败案件，保持惩治腐败高压态势；严肃纠正一批损害群众利益的不正之风，切实维护群众切身利益；认真解决一批涉及领导干部廉洁自律的突出问题，依纪依法查处和整治领导干部利用职务便利为本人或特定关系人谋取不正当利益等问题，在认真贯彻落实好《关于领导干部报告个人重大事项的规定》的基础上，把住房、投资、配偶子女从业等情况列入报告内容，加强对配偶子女均已移居国(境)外的公职人员管理；抓紧制定一批反腐倡廉法规制度，提高反腐倡廉制度化、法制化水平；扎实推进一批改革措施，坚持不懈地把党风廉政建设和反腐败工作引向深入。各级纪检监察机关要围绕中心、服务大局，切实加强对中央重大决策部署贯彻执行情况的监督检查；立场坚定、旗帜鲜明，坚决维护党的政治纪律；心系群众、服务人民，切实加强和改进党的作风建设；惩防并举、注重预防，加快推进惩治和预防腐败体系建设；解放思想、与时俱进，以改革创新精神推进纪检监察工作，提高反腐倡廉科学化水平，努力开创党风廉政建设和反腐败斗争新局面，为继续推进党的建设新的伟大工程、继续推动党和国家事业向前发展提供有力保证。全会强调，各级纪检监察机关一定要深刻领会十七届四中全会精神，充分认识加强自身建设的重要性和紧迫性，把它作为一项基础工程切实抓紧抓好，进一步教育和引导广大纪检监察干部切实做到对党和国家无限忠诚、对腐败分子和消极腐败现象坚决斗争、对广大干部和群众关心爱护、对自己和亲属严格要求，努力建设一支政治坚强、公正廉洁、纪律严明、业务精通、作风优良的纪检监察干部队伍，树立纪检监察干部可亲、可信、可敬的良好形象。全会号召，全党同志要更加紧密地团结在以胡锦涛同志为总书记的党中央周围，高举中国特色社会主义伟大旗帜，以邓小平理论和“三个代表”重要思想为指导，深入贯彻落实科学发展观，进一步统一思想、坚定信心，开拓创新、真抓实干，以党风廉政建设和反腐败斗争的新成效，保证党的十七届四中全会精神的贯彻落实。 我要评论,4,7,0.9958154559135437
提前还贷潮今年未现李娟即将进入10月，在利率这么低迷的情况下，要不要提前还贷呢？黄小姐看着存折上的15万元，开始盘算起来。以往利率调高之前会引发一波提前还贷潮，今年是不是也适合提前还贷呢？看看银行的人怎么说。记者从工商银行上海分行黄小姐处了解到，今年提前还贷的人并不特别突出，这部分人在每年年初的时候比较多，大部分人都是拿了年终奖和一年的积蓄去提前还贷。春节是每年提前还贷的井喷期，很多人手头多了一笔闲钱，就会考虑先减少住房的压力。从今年的情况来看，现在预约去提前还贷的人并不多，“这一块业务并没有受金融危机的影响，每年的九十月份是楼市比较好的时候，贷款业务比较多，来做提前还贷的人都不太多。”黄小姐表示。“金九银十”是楼市成交的旺季，许多贷款业务都是在每年的第三季度完成的，大部分贷款大概贷多少呢？“从总量来看，首付三成的比例比较高，如果是二套房的话，很多人也会首付四成。”中国建设银行杭州宝石支行个人金融部经理庞涛表示，不过这还是根据个人的实力来看，如果是500万元的一套房子，贷款三成的话，每个月的压力就相当大。一般工薪阶层贷款额度大部分都是在100万元以下。每个月的还款额多少比较合适，“最好每个月不要超过家庭总收入的50%，否则的话压力比较大。以家庭为单位来考虑的话，除了养房，很多家庭还负担养车、孩子教育、赡养老人的费用，如果想要比较舒适的生活，还是控制在收入的一半以内风险较小。”工商银行上海分行相关人士表示。当然，从银行的角度出发，并不赞成许多人“咬紧牙关”贷款，“很多黑名单就是当初以为可以承受，后来工作发生些变动，每个月还贷压力太大导致。”在今年利率这么低的情况下，要不要提前还贷呢？庞涛表示：“最好不要，利率这么低的情况下，可以选择其他的理财方式、理财产品或者做其他领域的投资，投资是可以随时中止的，相对要灵活许多。”他表示，如果今年不调息的话，现在的按揭利率至少可以维持14个月左右，低利率也是做其他投资的好时机。 我要评论,4,1,0.9896003007888794
缩短贷款期限更能节省利息周静雅案例：李本明是北京一家IT公司的销售业务经理，2006年9月在北京北三环某小区购置了一套两居室商品房，使用商业贷款贷了60万元。三年中，利率走高又转低，李先生的每月还贷额也在上上下下波动。眼看还房贷马上满三年了，李先生由于去年业绩突出有一笔不菲的年终奖，加上这几年的积蓄，手上有了20万元的现金。该提前还贷吗？李先生犯难了。因为目前利率7折之后已经降到较低水平，他看专家经常建议不需要提前还贷，可是由于工作繁忙，李先生几乎没有投资渠道，而且销售工作也不是很稳定，接下来李先生夫妇还准备开始要宝宝，他不想做太久“房奴”。理财师建议：“提前还贷不是个新话题，但不管是利率高还是低的时期，购房者都有两难的疑虑。”对于李先生的案例，工商银行某理财师分析称，关键是要在自己承受的经济压力范围内算好经济账。根据该理财师的测算，李本明的60万元贷款期限为20年，需要每月还款3973元。如果在贷款满三年后提前还款20万元的同时缩短还款年限，每月还款3987元，但只需要还款到2018年11月，节省利息支出18.39万元；如果选择减少月还款额，还款期不变的方式，以后每月只需还款2477元，节省利息支出9.96万元。理财师认为，李先生的收入水平在北京处于中等，每月家庭收入只有约1.2万元，考虑到风险偏好和不青睐投资的个人习惯，建议其提前还贷，但由于该家庭固定积蓄不多，建议其还款15万元，留5万存款以备意外之需。由此理财师建议的还款方式为：在10月长假后选择一次性提前还贷15万元，之后每月还贷3971元，还款到2020年8月，节省利息15.4万元。“李先生的这种情况比较好选择，其家庭收入低、风险承受能力低，又没有好的投资渠道，提前还贷是不错的选择。”上述理财师对CBN分析称。提醒：该工行理财师还指出，提前还款的考量因素很多，大的因素包括收入状况和构成、风险偏好、购房者年龄等，小的因素包括贷款方式、提前还贷日期、已还款年限等，每个因素的不同可能就导致还款的不同。该理财师提醒购房者要注意以下几个问题。1.不是所有提前还贷都省钱。当还贷年限已经超过一半，月还款额中本金大于利息时，提前还款的意义已经不大。如果选择部分提前还贷，剩下的贷款应选择缩短贷款期限，而不是减少每月还款额。因为，选择缩短贷款期限可以更有效减少利息的支出。2.等额本息和等额本金提前还贷差异大。一般来说，后者更适合提前还贷。3.提前还贷也有违约金。专家提醒，目前的大多数银行的贷款合同中规定，贷款满一年后才能提前还贷，未满一年要交违约金。有少数银行的年限规定更苛刻，购房者要看清自己签订的贷款合同，如果不满银行要求，还可“货比三家”，多选几家银行。 我要评论,4,1,0.7874100208282471
中纪委要求领导干部增加报告住房和投资等情况中新网北京9月19日电 中共第十七届中央纪委第四次全会19日在北京举行，会议公报透露，将把住房、投资、配偶子女从业等情况，列入领导干部必须报告的个人事项，认真解决一批涉及领导干部廉洁自律的突出问题。公报指出，十七届四中全会审议通过的《关于加强和改进新形势下党的建设若干重大问题的决定》，是指导当前和今后一个时期党的建设的纲领性文件。公报强调，各级纪委要加强党性党风党纪教育和反腐倡廉教育；加强党内民主建设，保障党员民主权利；匡正选人用人风气，坚决整治跑官要官、买官卖官、拉票贿选等问题；扎实推进基层党风廉政建设；协助党委抓好党的作风建设；加大教育、监督、改革、制度创新力度，更有效地预防腐败。 公报指出，党的事业愈发展，党的建设愈深入，党风廉政建设和反腐败工作就愈要抓得紧而又紧。各级纪检监察机关要切实加大查办违纪违法案件力度，坚决查处一批大案要案，严查领导干部滥用职权、贪污贿赂、腐化堕落、失职渎职案件，严查商业贿赂案件和严重侵害群众利益案件，严查群体性事件和重大责任事故背后的腐败案件，保持惩治腐败高压态势；严肃纠正一批损害群众利益的不正之风。公报指出，要认真解决一批涉及领导干部廉洁自律的突出问题，依纪依法查处和整治领导干部利用职务便利为本人或特定关系人谋取不正当利益等问题，在认真贯彻落实好《关于领导干部报告个人重大事项的规定》的基础上，把住房、投资、配偶子女从业等情况列入报告内容，加强对配偶子女均已移居国(境)外的公职人员管理。公报强调，要抓紧制定一批反腐倡廉法规制度，提高反腐倡廉制度化、法制化水平；扎实推进一批改革措施。公报还指出，要努力建设一支政治坚强、公正廉洁、纪律严明、业务精通、作风优良的纪检监察干部队伍，树立纪检监察干部可亲、可信、可敬的良好形象。 我要评论,4,7,0.9986668825149536
内地富豪最喜欢居住十大中国城市之杭州3.杭州超越广州，成为名副其实的奢侈品第三城，从服饰，皮具，家具，化妆品...许多奢侈品牌已经做到上海，北京，杭州三地才有，甚至某些奢侈品牌已经做到了全国独有。杭州奢侈区之一的湖滨国际名品街也是国内最先进，唯一的顶级商业经营模式，类似于米兰viamontenapoleone等高档商业街区。我要评论,4,5,0.39375483989715576
内地富豪最喜欢居住十大中国城市之深圳5.深圳深圳奢侈品牌也很多，但要比广州少一些，但是奢侈家具品牌却是深圳强项，目前国内奢侈家具类品牌为北京，杭州，深圳三足鼎立的趋势.因为深圳离香港最近，深圳人大部分都去香港消费奢侈品，比例要比同样有去香港消费习惯的广州人要更高一些。我要评论,4,5,0.4827537536621094
挪威de森林推介会现场摇号实况（图）主持人：谢谢两位设计师，我特别理解两位的心情，每位设计师任何的作品都像自己的孩子一样，王总也特别有眼光，请到清华大学设计院的设计师们，他们除了具备自己特别优秀的设计方面的才能，两位一位用特别优美的语言，一位用特别质朴的语言特别好的介绍了这个项目。接下来有请北京深长城物业管理有限公司总经理助理葛常勇先生在物业方面给我们解读一下这个项目。 葛常勇：尊敬的各位领导、各位来宾，女士们、先生们下午好，我是北京深长城物业管理有限公司总经理助理葛常勇，参加本次座谈会我感觉非常荣幸，在此我谨代表北京深长城物业管理有限公司对秦皇岛市星光房地产开发有限公司的邀请表示衷心的感谢。深圳长城物业成立于1987年，是国家首批一级资质的全国性专业化的物业服务机构，在北京、天津、合肥等13家区域分公司和8家控股公司，业务遍及全国22个省直辖市，物业类型包括公寓、写字楼、商场、超高层商住等等。过年来，我们长城物业一直秉承服务业主报效社会的服务宗旨，在2005年到2008年度北京以及深圳多家媒体评选中，长城物业获得了京城高管家、十大物业管理金牌公司的称号，2007年长城物业获得了国奥村 (论坛 相册 户型 样板间 地图搜索)的管理权，2009年5月，长城物业成立了集团公司，全面升级服务体系，全力打造SPE暨标准化、专业化、活性化的服务组织，为业主提供安全、整洁、完好、温馨的服务。目前，长城物业已位居全国物业管理行业前三甲，为了实现客户满意经营，我们不断的探索创新服务模式，我们率先实现了阳光物业服务模式，实现了物业管理透明化，对每个项目都制定适合自身运营的模式。针对挪威de森林这个项目，我公司选派最优秀的管理团队，根据本项目的实际情况，比如水岸、森林等特色，量身定制适合本项目的服务体系，在发展商和全体业主的支持下将挪威de森林项目建设成一个美丽、和谐、现代化的人文小区，谢谢大家！主持人：葛总非常干净利落，我觉得物业公司不用过多华丽语言介绍如何做，大家可以具体看表现。今天这么多的专家、设计师、物业公司上台解读这个项目，我想到场的业主对这个项目已经颇有信心，专家的言语、专家的建议都给我们大家增加了信心。接下来进行最重要的环节“摇号环节”首先有请挪威de森林项目总经理王宪凯先生上台为我们介绍一下摇号。 挪威de森林项目总经理王宪凯抓出第一位选房者王宪凯：我就不多说什么了，我代表我们秦皇岛市星光房地产开发有限公司给大家做个承诺，我们公司一定会把挪威de森林这个项目打造成让市场、让客户都认可、都接受的一个精品项目，请大家共同期待。现在我宣布挪威de森林摇号选房活动现在开始。主持人：有请王总抽取今天第一组客户。王宪凯：00039；00091；00089；00067；00087。主持人：下面有请这五位客户跟随我们的工作人员到选房区等候。下面有幸请这位准业主抽取第二组客户。准业主：00068；00020；00073；00059；00011。主持人：尊敬的来宾，下面进行第三组摇号的活动，请上一位准业主，准业主：00093；00069；00095；00098；00088；00099；00038；00070；00096；00097。主持人：有请以上所有号码的客户到我们等候区参加我们的选房活动。下面进行最后一组号码抽取。准业主：00018；00092；00051；00100；00082；00058；00083；00101；00065；00053；00012；00055；00030；00017；00081；00025；00086；00071；00028；00080；00063；00060；00072；00015；00019；00079；00029；00010；00056；00066；00085。主持人：尊敬的来宾，我们所有的顺序都进行产生了，请您参看我们工作人员的记录。本次相约林水间北京纯别墅项目现状研讨会暨挪威de森林推介会到此结束。谢谢各位的光临，再见！(本次活动到此结束）我要评论,4,3,0.665573000907898
"不与高房价共舞：房地产信托规模逆市下降记者 金立新 面对房地产行业的现状，信托公司采取了审慎的态度，正在有节奏地控制投资于房地产领域的资金。希望这是信托公司的一种主动性选择。因为这种主动性选择的背后，不仅是对房地产行业形势的明智判断，而且是一种负有信托责任的选择。 信托与银行贷款是跷跷板的两头。信贷政策宽松的时候，资金的需求方成了甲方，资金运用成本比银行贷款高出很多的信托资金自然无人问津；但当货币政策从紧的时候，急需资金的企业在银行贷款无门，信托就成了甲方，信托公司的好日子也就来了。 但近期的情况有些反常。 当今年上半年银行贷款放出巨量之后，下半年银行贷款不会很宽松已经成为了市场各方的共识。事实上，8月银行贷款也的确比上半年特别是7月份减少了不少，此时正应该是市场对信托资金需求最旺盛的时候，但数据却不支持这个常规的判断。 普益财富的统计显示，8月集合资金信托产品发行下降，共有22家信托公司发行44款新品。参与的信托公司家数同比、环比分别下降45.46%、12.00%，新发数量的同比、环比分别下降38.33%、21.43%。与此同时，成立的集合资金信托产品也出现下降，8月共有28家信托公司成立58款集合资金信托产品，同比减少4.92%，环比减少42.57%。 为什么在本应该信托资金最旺盛的时候，集合资金信托产品的发行与成立数量却减少了？统计数据同样也揭示了其中的原因。 数据显示，8月集合资金信托产品发行数量减少主要集中在房地产和工商企业领域，分别仅发行8款、9款，较上月减少42.86%、30.77%。而受益于政府加强基础设施建设以提振经济的政策指导，今年以来基础设施类信托产品发行大幅提升，本月发行10款,环比增长42.86%，为全月发行数量惟一增长的产品类型。从规模上看，虽然房地产类产品总体规模8月达到9.9亿元，较7月的8.55亿元实现了上升，但主要原因在于中信信托旗下“华业地产(企业专区,旗下楼盘)股票收益权转让及回购集合资金信托计划”8亿元规模的推动效应。 这样的数据所揭示出的事实是：8月集合资金信托产品发行下降的原因是投资于房地产领域的信托资金正在减少。这样的现象同样令人费解。 去年11月，银监会下发《中国银监会办公厅关于加强信托公司房地产、证券业务监管有关问题的通知》，对信托公司开展房地产、证券等敏感类业务进行风险提示和规范，同时要求各银监局重视信托公司的流动性风险。通知重申严禁向未取得“四证”的房地产项目发放贷款，严禁以投资附加回购承诺、商品房预售回购等方式间接发放房地产贷款外，对于房地产开发商的融资门槛再次强调资本金比例超过35%、四证齐全、二级以上开发资质三个条件全部具备才能融资。还要求信托公司严禁向房地产开发企业发放流动资金贷款，严禁以购买房地产开发企业资产附回购承诺等方式变相发放流动资金贷款，不得向房地产开发企业发放用于缴交土地出让价款的贷款。但此后房地产信托的发行数量并没有减少，反而不断增加。数据显示，今年1至7月，投资于房地产领域的信托产品分别为5个、12个、12个、13个、15个、24个和20个，明显呈递增趋势，房地产信托计划资金规模近167亿多元。另有统计显示，今年上半年投向房地产领域的信托资金同比猛增至82.2%。 为什么在监管层强调房地产风险之后半年之久，房地产信托产品不降反增？为什么在银行贷款规模下降、信托资金需求最旺盛的时候，房地产信托却不增反降？ 一个猜测是，在经历了今年上半年房地产价格的大幅飚升以及银行贷款的巨量放出后，房地产企业已经“不差钱”。但另外的一个事实是：日前万科百亿元增发方案获高票通过，地产公司融资狂潮再起。有统计表明，至今年7月底，已公布定向增发方案计划注入房地产资产的上市公司已达14家，涉及资产金额达366亿元。另有18家房地产上市公司公布增发方案，计划募集资金达431.61亿元。如此事实表明，房地产企业并不是“不差钱”。这样就加大了另外一个猜想的可能：面对房地产行业的现状，信托公司采取了审慎的态度，正在有节奏地控制投资于房地产领域的资金。 希望这是信托公司的一种主动性选择。因为这种主动性选择的背后，不仅是对房地产行业形势的明智判断，而且是一种负有信托责任的选择。 我要评论记者 金立新 面对房地产行业的现状，信托公司采取了审慎的态度，正在有节奏地控制投资于房地产领域的资金。希望这是信托公司的一种主动性选择。因为这种主动性选择的背后，不仅是对房地产行业形势的明智判断，而且是一种负有信托责任的选择。 信托与银行贷款是跷跷板的两头。信贷政策宽松的时候，资金的需求方成了甲方，资金运用成本比银行贷款高出很多的信托资金自然无人问津；但当货币政策从紧的时候，急需资金的企业在银行贷款无门，信托就成了甲方，信托公司的好日子也就来了。 但近期的情况有些反常。 当今年上半年银行贷款放出巨量之后，下半年银行贷款不会很宽松已经成为了市场各方的共识。事实上，8月银行贷款也的确比上半年特别是7月份减少了不少，此时正应该是市场对信托资金需求最旺盛的时候，但数据却不支持这个常规的判断。 普益财富的统计显示，8月集合资金信托产品发行下降，共有22家信托公司发行44款新品。参与的信托公司家数同比、环比分别下降45.46%、12.00%，新发数量的同比、环比分别下降38.33%、21.43%。与此同时，成立的集合资金信托产品也出现下降，8月共有28家信托公司成立58款集合资金信托产品，同比减少4.92%，环比减少42.57%。 为什么在本应该信托资金最旺盛的时候，集合资金信托产品的发行与成立数量却减少了？统计数据同样也揭示了其中的原因。 数据显示，8月集合资金信托产品发行数量减少主要集中在房地产和工商企业领域，分别仅发行8款、9款，较上月减少42.86%、30.77%。而受益于政府加强基础设施建设以提振经济的政策指导，今年以来基础设施类信托产品发行大幅提升，本月发行10款,环比增长42.86%，为全月发行数量惟一增长的产品类型。从规模上看，虽然房地产类产品总体规模8月达到9.9亿元，较7月的8.55亿元实现了上升，但主要原因在于中信信托旗下“华业地产(企业专区,旗下楼盘)股票收益权转让及回购集合资金信托计划”8亿元规模的推动效应。 这样的数据所揭示出的事实是：8月集合资金信托产品发行下降的原因是投资于房地产领域的信托资金正在减少。这样的现象同样令人费解。 去年11月，银监会下发《中国银监会办公厅关于加强信托公司房地产、证券业务监管有关问题的通知》，对信托公司开展房地产、证券等敏感类业务进行风险提示和规范，同时要求各银监局重视信托公司的流动性风险。通知重申严禁向未取得“四证”的房地产项目发放贷款，严禁以投资附加回购承诺、商品房预售回购等方式间接发放房地产贷款外，对于房地产开发商的融资门槛再次强调资本金比例超过35%、四证齐全、二级以上开发资质三个条件全部具备才能融资。还要求信托公司严禁向房地产开发企业发放流动资金贷款，严禁以购买房地产开发企业资产附回购承诺等方式变相发放流动资金贷款，不得向房地产开发企业发放用于缴交土地出让价款的贷款。但此后房地产信托的发行数量并没有减少，反而不断增加。数据显示，今年1至7月，投资于房地产领域的信托产品分别为5个、12个、12个、13个、15个、24个和20个，明显呈递增趋势，房地产信托计划资金规模近167亿多元。另有统计显示，今年上半年投向房地产领域的信托资金同比猛增至82.2%。 为什么在监管层强调房地产风险之后半年之久，房地产信托产品不降反增？为什么在银行贷款规模下降、信托资金需求最旺盛的时候，房地产信托却不增反降？ 一个猜测是，在经历了今年上半年房地产价格的大幅飚升以及银行贷款的巨量放出后，房地产企业已经“不差钱”。但另外的一个事实是：日前万科百亿元增发方案获高票通过，地产公司融资狂潮再起。有统计表明，至今年7月底，已公布定向增发方案计划注入房地产资产的上市公司已达14家，涉及资产金额达366亿元。另有18家房地产上市公司公布增发方案，计划募集资金达431.61亿元。如此事实表明，房地产企业并不是“不差钱”。这样就加大了另外一个猜想的可能：面对房地产行业的现状，信托公司采取了审慎的态度，正在有节奏地控制投资于房地产领域的资金。 希望这是信托公司的一种主动性选择。因为这种主动性选择的背后，不仅是对房地产行业形势的明智判断，而且是一种负有信托责任的选择。 我要评论",4,1,0.5320156216621399
白领买房最难的12大城市人才竞争日益多元化，高学历、“海归”等人才早已经不稀奇。前段时间北京举行的“海归”专场招聘会上，“海归”研究生的月薪平均水平为3000元，这让很多年轻才俊大吃一惊。那么，年轻人如何评价自己的收入呢，每个城市消费不一样，收入不能横向比较，要考虑当地的物价、交通、人文等综合因素，在这里，本人总结出个较为经典的评价方法，而且与国内好多城市的朋友同学讨论过，基本都得到大家的认可。就是拿自己的收入和当地房价作比较，仅此而已，你不用去考虑很多诸如物价、消费水平等因素，只要自己的月收入高于或等于房屋平均单价，那么在当地就算不错的收入，属于中等偏上了。比如在西安挣4000元，那么这个档次水平相当于在北京8000元。“白领”主要是指：拥有大专以上学历，工作年限在3～10年之间的年轻人群。上海：普通住宅均价在12000元/?以上，所以在上海月工资税后12000元以上算偏高工资，笔者公司在上海开发的楼盘卖40000元/?，别墅卖2亿元，属于豪宅，不能作为比较对象，上海的收入比北京稍高些，但高得不是很多，没有差别。深圳：普房13000元/?，白领月收入8000元左右，压力比北京稍大，和上海相当。天津：普通住宅均价7000～9000元/?左右，这几年房价猛涨，河东区的都上8000元/?了，开发区的房价8000元/?以上，天津的白领月工资一般在3000元左右随着滨海新区的不断开发开放，天津的房价应该还会有很大的上涨空间，因此天津白领压力最大。北京：平均普通房价8000～10000元/?(通州、五环外)，若月工资税后达到8000～10000元，那么在北京工资中算中等偏上，可以算高工资了，当然，我是指年轻的白领阶层(年龄很大的、老总级别的、演艺界等的除外，不适合本规则)，目前大多白领月收入在税前6000～9000元之间，武汉：房价6000元/?，收入税后要达6000元以上才好，不过大多白领月收入在2500元左右。青岛：房价8000元/?，大多年轻才俊的月收入一般3000元左右，所以年轻人在青岛压力很大。青岛开发区的房价也涨得离谱，现在已经达到6000元/?以上，白领的月工资一般是2500元，压力较大。西安：普房4500元/?，大多青年月收入2000元左右，压力比在国内居中。大连：普房6500元/?，年轻人月收入2000元多，压力较大，别提星海湾，那是高档楼盘。太原：普房5000元/?，月收入2000元，压力偏大。石家庄：普房4800元/?，大多月收入2000元以下。成都：房价5500～7000元/?，大多数人的月工资为2000元左右，买房的压力较大，主要是成都地价近年暴涨，最近，二环附近的地价起拍价是4000元/?了，房子若不卖7000/?，开发商就没赚的了。济南：房价也在6000元/m2左右，一般人月收入2500元，比青岛压力小。 我要评论,4,5,0.5095844268798828
贪心汉骗购380余万 购房租房切不可轻信熟人买房对许多消费者而言是件大事，一些不法者却趁机钻起空子。昆明警方近期破获一起诈骗案，多名受害者被熟人以“购房”为名骗去多年积蓄，损失惨重。警方因此提醒：警惕购房租房中的“熟人”诈骗，切不可盲目轻信。 昆明市公安局西山分局经侦大队破获的这起合同诈骗案，作案手段新颖、隐密性强。警方查明，2007年9月，犯罪嫌疑人刘某以帮张某购买某单位集资房为名，与其签订购房协议后，骗取了张某11.5万元。经查，刘某以同样方式诈骗20余人，涉案金额高达380余万元。 (记者王研) 我要评论,4,1,0.826440155506134
"银监会摸底土地融资 信贷担保由乱及治-本报记者 张晓赫 北京报道 近日，据一些商业银行地方支行的信息透露，审计署驻地方特派办已经进驻一些大型商业银行分支机构，开始调查4万亿元政策配套项目贷款的资金流向。其中的一个重点工作就是审计一些地方政府担保的“高杠杆”土地融资是否存在违规投放。这已经是银监会信贷摸底后的再次行动。在今年上半年地方政府担保融资异军突起的背景下，如此强力度的排查，已经将监管层的风险担忧心态表露无疑。“不排除一些地方政府担保的项目过分透支政府信用，而缺乏有效的保障，一旦市场状况逆转，就会带来财务风险。”中国银行总行公司业务部人士表示。今年上半年的政府信用担保只是巨大担保融资的冰山一角，对于许多“无依无靠”的房企来说，更多地选择了集团内部连保以及企业间互保的方式。根据WIND中报数据分析，今年上半年，上市公司作为担保方的担保总额占到上市公司总利润的22.1%，为近3年来的最高水平，其中的担保大户不乏中关村、中航地产、深天健等房企。“担保融资一向被视作银行风险防控的潜在威胁，从监管层对地方政府担保融资质量的排查推断，企业间的担保也将会逐步引起重视。”上述中国银行人士表示。担保成风今年下半年以来，无论是规模上、还是频率上，上市房企的担保融资都出现了集中式的爆发。仅在8月末后的一个月内，就有数十家上市房企公布了担保融资方案。从泛海建设、中华企业分别为旗下控股公司担保融资3亿元、4亿元，到华远地产(企业专区,旗下楼盘)大股东为上市公司提供16亿元融资担保，再到新湖中宝与美都控股表示双方将在1亿元额度内实现互保，各房企或上市公司为旗下控股、子公司提供担保；或母公司、大股东为上市公司担保；又或企业间互保。这还不够，上实发展(企业专区,旗下楼盘)、金地、华业地产(企业专区,旗下楼盘)、深深房等也加入到了此番担保融资的大军中。而随着部分房企今年下半年融资计划的披露，更多的担保融资计划浮出水面。金融街在公布的不超过195亿元的新增贷款计划中，有相当部分的融资将通过担保形式完成。“可以通过其他公司担保，也可以通过控股公司担保。”金融街在贷款计划中表述。“只要是已经公告出来的具体项目或者公司担保，肯定就是已经借到钱了。”上海一家上市房企的高管透露。从创3年新高到继续攀升，担保融资为何如此强势？ 银行信贷回落、地产放贷流程趋于严格与房企加大投资，是各房企选择担保融资的最根本原因。本报记者了解，上半年的信贷井喷，已经使信贷大户建设银行、工商银行等银行的年度放贷额度所剩无几。与此同时，银监会对银行资本充足率的重新严格要求，也使得银行手中的钱袋再次收紧。资本金比例下调而导致房企融资杠杆加大，也在一定程度上对银行的信贷风险防控提出了更高的要求。在银监会的授意下，各银行都加强了放贷的全流程监管。一面是银行信贷收缩，另一面却是房企愈发高涨的投资行情。交通银行首席经济学家连平表示，房地产在经历了2008年的行业投资萎缩后，2009年正在经历着又创新高的一轮投资需求。“下半年房地产行业的投资会继续扩大。”中报显示，包括招保万金四大龙头在内的众多房企都纷纷调高了今年下半年的项目开竣工面积以及土地储备目标。在银行信贷收缩而房企投资加大的背景下，各房企很快发现了担保融资的优点所在。上述中国银行人士也表示，放贷机构在融资项目的审核中，存在着很大的信息不对称问题，在遇到不熟悉的、难以预见未来风险的项目时，除了抵押之外，就会要求相关企业进行担保。“尽管企业的声誉很好，但银行对于企业各地的项目公司却不一定熟悉，只有采取连带责任担保，联合上市公司或者母公司的力量才能突破这个瓶颈。”上实发展某办公室人士表示。其实，集团为项目担保除了能提供“稳足快”的资金之外，还意味着融资成本的降低。“有些大房企与银行有战略协议，其中就包含放贷额度、利率上的优惠等。集团进行担保，也是为了能帮助项目公司获得低成本的融资。”上述中国银行人士表示。除此之外，与抵押贷款不同，担保融资的灵活性也是受各房企青睐的原因。“抵押贷款通常都只是用来做项目开发，而担保贷款很多时候都是不规定用途的流动资金补充，这就给了房企较大的资金使用空间。”能通时代投资管理有限公司总经理陈霞说。可以例证的是，在上实发展、华远地产等房企的担保借款中，相当部分的融资去向都选择了补充流动资金。防控当头然而，越来越多的担保融资已经引起了部分人士对投资泡沫增长以及信贷风险扩散的担忧。在部分业内人士看来，房地产行业过多的担保融资不但是推高房价，助长投资泡沫的元凶之一，同时也给银行与上市公司埋下了巨大的财务风险隐患。中央财经大学银行业研究中心主任郭田勇表示，近期的国企地王频现，与国企为其房地产公司提供银行信贷的担保不无关联。“由于大量担保资金而带来的拿地‘豪迈’，不但误导市场对未来房价的预期，更使还未调整到位的中国房地产市场雪上加霜。这在投资需求旺盛的当下，极易推涨投资泡沫。”与此同时，在这种可预想的投资泡沫风险下，银行风险也被提及。尽管本报记者接触的多位银行人士表示，银行不会因为担保而放宽对融资项目的放贷条件、额度以及利率优惠，但在上述中国银行人士看来，此中风险仍是不可忽视。“由于担保融资的项目多是银行不太了解、抵押物不足或者资金回流不够理想的项目，尽管有连带责任担保，但对于银行来说，风险仍是大于抵押贷款。此外，还不排除一些企业利用信息不对称，通过担保，对一些未达信贷标准的项目进行‘空手套白狼’的暗箱操作。”上述中国银行人士不无担心地说。他表示，国内《担保法》出台后运作的时间并不长，现行制度仍然不完善，一旦监管不力，或者将来房地产市场行情逆转，银行则很容易产生坏账。而对于房企来说，担保融资“水能载舟，亦能覆舟”。在市场看来，尽管担保融资减轻了融资压力，但这样却极易形成链条反应，放大房企的财务风险，同时也容易陷入担保纠纷之中。这种风险并非空穴来风。在中关村的发展史上，曾经60亿元的巨额担保一直是其扭亏的巨大障碍。直至今年年中，公司本部累计对外逾期担保金额仍高达3.24亿元。其中对联营、参股公司的逾期担保金额为2.7亿元，控股子公司累计逾期对外担保金额为496.31万元。2007年，高新发展也曾因对外担保问题爆发，使公司的经营陷入了资金匮乏的不利局面，计提了587.76万元的预计负债。点击进入本刊更多内容：（中国房地产报）订阅热线：800-810-0909我要评论",4,1,0.8266782164573669
第二次全国土地调查抽查核实工作启动中新网北京九月二十一日电(记者 阮煜琳)国务院第二次全国土地调查领导小组办公室将派出10个抽查组，分赴耕地、建设用地面积变化较为明显的10个省区市，对第二次全国土地调查成果进行国家级抽查核实。据介绍，抽查核实自9月21日至28日，由全国土地调查办统一组织，共分10个组，分别负责抽查河北、山西、内蒙古、辽宁、上海、江苏、安徽、河南、湖北、广东等10省区市。国土资源部副部长王世元21日下午在北京举行的“第二次全国土地调查成果国家级抽查核实工作动员会”上指出，这次抽查核实工作是确保二次调查数据真实准确的重要举措。这次抽查核实工作，要对照全国统一的规程规范，实地检查对照，对发现的问题进行全面整改，对弄虚作假的行为严肃查处。确保二次调查数据成果的真实准确性。王世元强调，各抽查组要严格按照《工作方案》确定的抽查内容和程序方法，对被抽查省份二次调查工作中的突出问题，进行重点检查。切实掌握地方二次调查中耕地和建设用地情况。要挖掘典型案例，重申国家对数据成果质量。据介绍，本次抽查核实重点对二次调查中耕地、建设用地面积变化明显的地区，开展内、外业调查成果质量检查，评判调查质量。现场检查部分地区耕地、建设用地面积明显增减的真实性，分析原因。发现一批弄虚作假、虚报瞒报以及质量存在重大缺陷的典型案例，为决战年成果质量打假提供依据。我要评论,4,7,0.8942974805831909
涌入楼市的保险资金或达2360亿 房价面临上涨仲量联行22日发布白皮书称，随着中国保险公司投资房地产的解禁，将有巨额资金涌入房地产市场，总额可能达到2360亿元，未来房价面临上涨压力。 仲量联行此间发布的白皮书《正在崛起的中国机构投资者》指出，中国房地产投资市场正处于重要的结构性转型期，中国内地机构投资者的崛起将在未来数年给中国房地产投资市场带来重大且不可阻挡的变革和机遇。白皮书认为，2009年10月1日生效的《中华人民共和国保险法》允许保险企业将投资范围扩大到房地产市场，这一举措将成为正在悄然变化的中国房地产市场的里程碑。仲量联行中国投资部负责人表示，中国房地产的大宗物业投资市场的投资主体正从外商投资过渡到国内的机构投资者，而中国国内保险企业直接进入房地产物业投资市场仅仅是这一重大转变的第一步。 值得关注的是，受金融危机和房价上涨等因素影响，外资在中国房地产市场逐渐收缩战线。2005年至2007年间，外资投资者是中国优势大宗物业的投资者主力。在此期间，外资成分占据了中国一、二线城市大宗优质物业(办公楼、商铺、工业和酒店)投资交易近60%的市场份额，而到今年上半年，已下降到10%左右。 我要评论,4,1,0.7083118557929993
法人代表疑似潜逃 深圳顺驰或关门每经记者 翟敏 发自深圳在顺驰置业的门店内，“永远值得您信赖”的标语依旧醒目，不过此时，这样的豪言壮语在其深圳员工看来，已失去意义，反而有了几分讽刺的意味。顺驰置业深圳公司近日被曝拖欠员工工资，相关负责人涉嫌 “携款潜逃”，遭到员工集体投诉并已上告法院，而其旗下仅有的6家门店也岌岌可危。被曝拖欠员工工资“曾经的憧憬！曾经的向往！怀念我们的团队！心酸、苦辣，都留在这3年～4年的光阴里，一切的一切都成为了回忆……”或许这句话能够表现出员工此时对顺驰的失望。昨日，《每日经济新闻(每日经济新闻博客)》接到报料称“深圳顺驰法人代表携款逃跑”，记者随即来到了深圳顺驰不动产网络有限公司位于南山区南海大道西海岸大厦的深圳总部。总部内氛围低沉，无人上前招呼，办公室内仍有四五名员工在此“上班”。当记者表明身份之后，员工纷纷表示“网上很多东西，自己去看”、“现在敏感时期，我们不方便讲话”、“都这样的状况，谁还有心思上班”等。其中一名员工告诉记者，之所以还在“正常上班”，是为了不留下“无故旷工”的把柄，因为到目前为止还没有得到公司的任何回应，工资不发，却又没有说法，要是不来上班，担心公司会利用这个“罪名”逃脱责任。顺驰深圳公司内部员工透露，自2004年深圳公司经营到今年，总共亏损了2000多万元，深圳公司的6个分行门面总共欠租金近10万元，除此之外，顺驰集团还欠下了83名员工的一个月薪水及赔偿金总计近60万元。知情人士透露，17日上午，天津顺驰集团一名副总裁和深圳分公司法人代表强迫财务人员打开公司保险柜，欲取走公司公章和财务账款，遭到员工阻止。不少员工称，深圳顺驰置业最近要关门的消息在员工间疯传，而天津顺驰集团委派新的深圳公司法人代表则加剧了这种担心。据了解，9月4日，天津顺驰集团总部从天津派出新人前往深圳担任公司新的法人代表，任职的第一天就召开了紧急会议，撤掉了原深圳地区的总经理，并且，当天就对深圳6家门店的资产进行盘点。知情者还称，9月8日，财务部门的员工无意间发现相关领导发给天津集团领导的一份报告，报告详细透露了怎样一步步让员工主动离职、关闭深圳公司的计划。曾豪言欲坐“头把交椅”顺驰的官方网站显示，顺驰(中国)不动产网络集团成立于1994年，具有房地产经纪机构一级资质，是一家专门从事房地产营销及相关服务的大型全国化企业集团。从2003年初，顺驰(中国)不动产网络集团开始全国化发展，目前已进入天津、北京、广州、深圳等城市，在全国拥有近800家连锁店和7000名员工。2004年12月1日，总部在天津的顺驰置业在深圳的首批10家门店正式开业，并表示在未来几年内，顺驰置业在深圳的发展将确保每年新开60家门店。昨日，《每日经济新闻》记者在其深圳总部观察，“2006年市民最喜爱的口碑中介”等荣誉牌匾挂在办公室显要位置，格外醒目。可是谁也不曾想到，正是这家当年声称 “两年内要抢占深圳二手楼市场‘头把交椅’”的公司，却会今天走到了拖欠员工工资并被告上法院的地步。今年9月，深圳顺驰置业面临难以为继的状况，不但只剩下6家门店，而且在约定发放工资及员工辞退赔偿金的当天，集团副总裁及新上任的法人代表却被曝携带14枚公章及公司若干账款“潜逃”。记者昨日来到位于深圳南山区的一家顺驰门店，该店员工虽然都在办公室内，却毫无工作的迹象，房屋内连灯也未开。一位员工表示，“谁都不愿意看到这样的事情发生，感觉很失望。”据称，顺驰员工目前已选出代表，并将相关材料提交至法院。当被问及“如果事情解决，还是否会在顺驰继续做下去”时，一位员工略显迷茫地表示“不知道，要看问题解决得如何。”截至昨日记者发稿，顺驰方面仍未对深圳公司“欠薪”一事作任何回复，记者多方联系顺驰集团相关负责人未果。不过，顺驰深圳公司内部人士向记者表示，顺驰总部已经派出两名律师前往深圳，但至今尚未出面与员工联系。对行业影响有限顺驰深圳关门倒闭，很容易让人联想起2007年倒闭的中天置业。2007年，中原、中天、世华、创辉等公司门店数量一路猛升，但后果也十分严重，中天置业门店一夜倒闭，紧接着是创辉瘦身，随后长河地产关闭了全部门店，其他中介也纷纷缩减门店。时至今日，不少中介对2008年的教训仍然心有余悸。而2009年的深圳地产中介行业，表面与2007年看上去十分相似。记者采访过程中粗略统计，深圳上半年新增店铺规模已经超过百家以上。受上半年房地产市场整体向好以及二手房成交势头旺盛的影响，深圳不少老牌中介商，纷纷开铺扩张，行业外资本也分外眼红，竞相入市开店抢得一杯羹。不少人担心，顺驰眼下的困境，是否预示着中介行业面临拐点？中介行业是否面临着2007年相似的压力？对此，业内人士分析称，目前市场与2007年完全不同，顺驰一家公司出现的困境，并不会给整个行业带来太大影响。中原地产(中原地产博客)总经理李耀智(李耀智博客)昨日在接受《每日经济新闻》记者采访时表示，今年上半年确实有很多店铺扩张较快，但步伐相比2007年有所控制。而成交量虽然经过了一段时间的紧缩，目前平稳恢复。对于顺驰面临的困难，李耀智认为，当下的情况和2007年的中天置业不可同日而语。很多小的中介商在深圳店铺并不多，并不会对行业产生较大影响。他称整个行业最为主要的还是取决于国家政策的走向。 我要评论,4,1,0.5054631233215332
原温州开发区规划建设局局长涉嫌受贿被诉中新网温州9月25日电(记者 袁爽 通讯员 心土)原温州市经济技术开发区规划建设局局长郑启明利用职务之便为他人谋取利益，非法收受他人财物达1045000元。目前，浙江省温州泰顺县人民法院受理了被告人郑启明涉嫌犯受贿罪一案。现年51岁的被告人郑启明，是原温州市经济技术开发区规划建设局局长，龙湾区第六届人大代表。据公诉机关指控，2001年，温州家景房地产开发有限公司成立，并在温州经济技术开发区开发“家景花园”房地产项目。“家景花园”房地产项目在土地、规划、建设等审批手续方面得到时任温州技术开发区规划建设局局长郑启明的支持。2003年初的某日，被告人郑启明向温州家景房地产开发有限公司董事长薛某某提出介绍家景花园项目的配套电梯工程。薛某某为感谢被告人郑启明之前的支持，并希望在项目后期的建设、房管审批手续等方面能继续得到其关照和支持，在未使用郑启明推荐的电梯项目的情况下，于2003年4月11日以“电梯利润包干”的形式送给被告人郑启明100万元人民币，郑启明予以收受。温州中环置业股份有限公司(前身为温州民营工业区建设股份有限公司)对温州经济技术开发区15号、16号地块(即名人花园项目)进行开发，在用地功能改变等有关手续审批方面得到时任温州经济技术开发区规划建设局局长郑启明的关照和支持。从2003年至2009年，该公司董事长李某某为表示感谢，并希望能继续得到被告人郑启明的关照，先后八次送给被告人郑启明“好又多”银行购物卡和现金合计人民币45000元，被告人郑启明均予以收受。5月28日，被告人郑启明被温州市公安局刑事拘留，经温州市人民检察院批准，于6月11日被依法逮捕。案发后，被告人郑启明主动退还赃款人民币1045000元。公诉机关认为，被告人郑启明在担任温州市经济技术开发区规划建设局局长期间，利用职务上的便利，为他人谋取利益，非法收受他人财物1045000元，其行为已触犯刑法，应当以受贿罪追究其刑事责任。法院将择日开庭审理此案。(完) 我要评论,4,7,0.6890383362770081
北京地铁4号线28日下午开通试运营(图)中国经济网北京9月25日讯 (记者 马瀚明、李焱) 北京地铁4号线将于近期开通，各界对此普遍关注。此前，人们从多种渠道了解到的开通日期是是9月28日，但前几日又有媒体爆出了“北京地铁4号线将于9月25日开通”的消息。昨日(24日)，中国经济网记者就此事专门采访了北京地铁4号线的运营商京港地铁公司，该公司发言人明确表示，“北京地铁4号线将于9月25日开通”系误传。我要评论,4,7,0.4734230637550354
"金九银十没有如期而至 楼市拐点到了吗金融时报 李文龙 赵洋 杨洋 时下正值楼市的传统旺季，但“金九银十”却没有如期而至。而且，尽管房价还在继续疯涨，但在北京、上海等一线城市，却已悄然出现了“打折促销”现象。 楼市上半年出乎意料地火爆，却在本是收获的季节出现了降温趋势，这是否预示着楼市的拐点已经到来？四季度是一年中政策利好释放的末尾，在这个承上启下的季度里，楼市将会有怎样的表现？今年的信贷、土地、税费等扶持政策年底是否会转向？专家的观点或许能在这个关键的时刻给我们一些启示。 楼市是否已经迎来拐点？ 北京市房地产管理交易网统计数据显示，9月首周北京市住宅签约量为3289套，与8月首周相比下跌20%。此外，9月9日-14日，北京商品住宅期房日均成交量为326套，创下今年3月以来日均成交量新低。在其他一些一线城市也出现了类似情况。 旺季不旺，是否能据此判断楼市拐点已经到来？ 中原地产华北区总经理李文杰认为，目前要说楼市回落还为时尚早，在2009年内都不会出现所谓“拐点”。“近几周楼市成交量持续走低，主要是因为房价快速走高已经持续了半年多，现在进入了一个合理的盘整期；但还不能说拐点已经到来，因为市场的变化还没有那么快”。 “市场的盘整也需要一个周期，不会立刻就深幅调整，因此楼市还会维持一个整体向上的态势。”李文杰表示，“至于明年，要看大的外部环境和国内的信贷政策。一般而言，到了年初，信贷就比较宽松。因此，楼市现在的盘整或许只是价格到了高位的一个短期小幅震荡。” 对这一判断，广州同创卓越房地产投资顾问公司总经理赵卓文的观点基本相似。“是不是拐点，现在看来，情况还不是很明朗。”他的理由是，由于上半年价格上涨过快，所以出现“价高量跌”也在情理之中。现在的销售量，依然维持在一个合理的水平。 上海某房地产研究院高级研究员回建强则认为，从短期来看，楼市的拐点已经出现，或者说已经过去了。“我认为拐点不是说价格从最高点往下走，而应该是指房价增长的趋势开始减弱。”回建强解释，由于成交量的下滑，尽管现在房价还在涨，但是涨的势头已经远不如前几个月那么大了。所以说拐点实际上已经过去了。 此外，市场上还存在着另外一种声音，就是从一线城市楼市打折的现象来判断，楼市跌势已经非常明显。“现在楼市正处于一个滞胀期，是投资者决定继续买进还是卖出的关键时期”，中国社会科学院工业经济研究所投资与市场研究室主任曹建海认为，“打折现象出现后，房价名义上没有回落，但实际价格已经回落了，这说明开发商的上涨预期已经发生变化了。”他认为，这对投资、投机性需求是一个打击，而且现在第二套房房贷已经趋紧，因此市场需求可能会大为减少。从各方面都很明显地看出，楼市跌势已经开始。 那么，扑朔迷离的市场乱象下，究竟是什么原因造成了这轮成交量下跌呢？ “房价上涨得比较快，很多准备购房的潜在客户现在采取了一种观望态度。”赵卓文认为。不过有很多专家观点与之相反，认为成交量下跌主要是因为住房供应不足。 “一线城市比如北京、上海除去自住需求外，还有很多外来需求，这是由它们特殊的城市区位决定的。”回建强认为，这些城市旺盛的需求消化了很大的供应量，包括位置较好的二手房近两三个月内都已经成交了。“因此成交量下滑很大程度上由供给不足引起，并不是因为需求者持币待购，市场还没有到那种悲观程度。” 回建强判断，楼市供应量9月份以后很可能就有一个回升，这意味着成交量很可能在今后几个月会上升一些，“只要供应量能上来，相应的成交量就会比较乐观。” 东方证券房地产行业高级分析师魏博也认为，分析这个问题要区分一线城市与二三线城市。“从供给上看，一线地区的楼房供给已经见顶，而二三线地区的供给从6月份开始增加，7、8月份形势更好，因此市场后续会逐月好转。”而对整个行业来说，因为二三线地区成交量还在上涨，因此9月和10月份数据环比可能还比较好看。 不少专家认为，近期许多上市房企频繁融资的动作表明，开发商们正在为加大房地产投资做好准备，楼市的供给有增加趋势。 房价：向左走，向右走？ 对很多购房者而言，在此次楼市旺季“量跌”中，似乎看见了房价下跌的一丝曙光。那么，房价是否真能如人所愿，进入一个调整期呢？ “房价高涨后，短期内市场肯定会有所调整，”回建强表示，因为楼市是一个政策加资金推动的市场，在政策平稳的情况下，就要看楼市的资金量，“毫无疑问这种资金推动型的行情可能要告一段落了，下一步能承接楼市的资金要么是新一轮的投机风潮再次来临，要么就是价格做一定调整，然后自住、改善型的需求才能跟上。只有这样，市场才能继续往前走。” “现在来看，‘金九’的成分明显不足，一些城市9月的成交量甚至比7、8月份还低”，回建强强调，“套用股市的说法，随着整体经济的回暖，楼市的资金在逐步撤离。股市和楼市之间的资金是流动的，楼市和其他产业之间的资金也是流动的”。经济好转后，原本从实体经济转入的资金就会回流，这会抽走楼市的部分资金量，而要吸引自主型购房者的资金进入，就需要打掉楼市的虚火。 中央财经大学中国银行业研究中心主任郭田勇也认为，当前的楼市不是正常的状态，有很大的不稳定性，“未来楼市应该向正常的市场状态转变。从这个角度讲，楼市从四季度到明年上半年很可能进入一个调整。” 之所以这么判断，是因为正常的房地产市场应该是一个“大众市场”而不是“小众市场”。郭田勇认为，正常的楼市应该是绝大部分人买得起商品房，只有小部分人租廉租房或者买经济适用房。而现在，一线大城市只有小部分人买得起商品房，而大部分人以目前的收入只能租廉租房或买经济适用房，这是本末倒置的。“按照这个逻辑分析，房价未来将出现上涨乏力的走势，并进入调整期。” 另外，不少专家倾向于从通货膨胀是否来临来判断房价的走势。“原来很多人都在说通胀，但现在通胀没有来，一部分躲通胀的资金将会流出楼市”，回建强表示。郭田勇也认为，至少在未来相当长一段时间内，发生通胀的可能性不大。 “通胀问题对中国而言不仅是一个经济问题，也是一个社会问题。如果通胀来了，对广大居民尤其是广大中低收入者的生活将会产生比较大的影响，政府肯定会采取措施实施调控。”郭田勇说，而之前房价上涨的一个重要因素，就是通胀预期促使购房者非理性地抢购住房，因此房价存在虚高成分，需要进行调整。 不过，赵卓文的观点与此却截然不同。他认为，2010年以后中国经济会出现好转，随着货币投放量的增加，通胀也会进一步发展，因此房价在曲折中上升的几率要比下跌的几率更大。 “大部分投资者都已经预期到通货膨胀将会出现，最近黄金价格的上涨就是一个有力证据”，赵卓文表示，正因为大家觉得通胀早晚会来，所以才要投资黄金规避风险。房地产投资也是一个规避通货膨胀的有力手段。目前大的投资者和购买力在这方面已经开始产生作用。“所以我认为今年第四季度到明年，房价还会呈一条波浪上升的曲线，稳步上涨。”李文杰也认为，这一轮楼市的繁荣估计至少要持续到2010年中。 “其次，房地产是资金密集型行业。 从金融角度看，在相当长的时间内，房地产行业依然是回报较高的行业之一，风险较小，银行依然会将房地产行业的信贷作为投放的首要选择。在有金融支持的背景下，房地产行业短期内不可能再次出现资金紧张的局面，因此期望像2008年的降价潮是不现实的。” 事实上，不仅仅是银行贷款，在上半年楼市火爆时，许多房地产企业已赚得盆满钵满。另外，已有不少上市房企借助资本市场的向好获得了充裕资金。目前保利地产(企业专区,旗下楼盘)、金地集团(企业专区,旗下楼盘)等知名上市房地产公司都相继通过增发等方式完成再融资。统计显示，截至目前已有26家房地产行业上市公司提出融资申请，已实施完毕的有10家，合计融资360亿元，还有万科、招商地产(企业专区,旗下楼盘)、滨江集团、深振业等多家公司尚未实施，预计募集资金超过225亿元。 “而且，目前虽然成交量回落，但主要是由于积压需求已经释放完毕及资本市场的波动造成的，”李文杰总结说，我们看到目前全国各地均已达到或超过当地历史最高的成交量，因此适当的交易量回落是合理的盘整。需求的基本面依然旺盛，支持楼市长期向好的基本购买力依然强劲。 扶持政策是否会转向？ 毋庸置疑，今年楼市的回暖得益于一系列扶持政策的实施。“10.27”房贷新政、二手房交易税费减免等政策激发了购房者的购房意愿。但不久前杭州率先收紧“二套房”按揭信贷后，全国不少城市随之跟进。这又让人们担心，市场变化后，这些扶持措施是否会转向？ 在这一点上，专家们的观点空前一致。赵卓文认为，尽管房价的持续上升引起了相关部门的一定忧虑，但国家打压楼市的几率不会很大，不过更大的支持房地产业的政策也不会有，“现在房地产业的情况还未到非治理不可的程度，因此政策会比较平稳，维持现状。” 李文杰也认为，由于现在楼市走势不明朗，因此没有这么快调整的必要，扶持政策应具有延续性。魏博则表示，尽管政策已经开始有所微调，比如银监会对二套房贷“收紧”的表态，但不会有方向性调整，大方向还是支持行业发展。 为什么说政策转向的时机还未到？ “目前房地产市场政策转向缺乏宏观经济基础。”魏博认为，“并且从时间上看，4月底国家出台项目资本金比例下调政策至今仅有5个月时间，从2008年10月底的利率税费优惠政策出台时点算起，至今也不到一年时间，因此对房地产这个重要行业的扶持政策不会在短时间内发生重大变化。” “而最重要的原因是目前房价并未全面刺激政策神经，前期政策‘微调’只是受一线地区住宅价格大幅上涨的‘挑衅’，二套房贷收紧也偏重于一线地区，后续政策将仍以支持为主”，魏博说，“当然，如果房价上涨积累的矛盾触及政策底线，就存在出台实质政策打压房地产的风险。” 此外，“财政对房地产行业的依赖短期内无法改变”，赵卓文补充说，2008年底中央政府开始实施经济刺激计划，地方政府需要大量资金配套上马项目，对房地产行业的依赖更为加重。特别是二三线地区房价上涨，并未触及政府神经，因此政府在对房地产行业的态度上将是支持大于抑制。 也有不少专家认为，明年的政策走向存在很大不确定性，这要看今年宏观经济的整体运行情况。 “国家出台房地产刺激政策时，是在去年金融危机最为恐慌的时候，这是短期的应急措施”，回建强表示，明年是否出台新政策或者进行调整，取决于年底的经济数据。“目前来看经济形势还是很乐观的，到年底假如说‘保8’成功了，经济增长比较平稳了，我想类似的政策可能会暂停一段时间。假如说经济还是不行，需要房地产业来继续拉动，那么再出台相关的政策也是理所当然的。” 而对于购房者而言，最为关心的无疑是去年四季度陆续出台的购房税费优惠政策，年底到期后会不会延续？ 魏博认为，中央政府应该会把这个权力交给地方政府来定。“回顾去年，税费优惠一开始就是由下而上实施的，先是去年8、9月份各个地方政府开始推出，10月底中央才出台了相关政策。” “大部分二三线地区不会取消，但对于一线城市比如上海、北京，就看地方政府的价值取向了，是否要对大幅上涨的价格压一下，因为一线城市房价已经创新高了，而收入却没有跟上，理论上这些地区应该收一下。”魏博判断说，即使政策变化，也仅限于二手房贷、优惠税费是否会取消等，超出这个框架的政策不会出台。 郭田勇也认为，交易税费优惠方面估计不会再有新的政策出台，但此前已有的也不会取消。不过，曹建海却认为，这项政策今年年底到期后很可能就不会再持续了。“因为这么大额的二手房交易税费减免对地方政府是很大的损失。” 另外，需要关注的是，专家认为，尽管利好政策不太可能大调，但是也不可忽视已经出现的政策“微调”对楼市的影响程度。 “房地产市场上半年市场火爆，受银行信贷政策的松动影响很大。”郭田勇认为，但近一段时间，一方面监管部门强调“二套房”房贷政策不能松动，另一方面银行在放贷节奏上有所控制，预计各家银行会回到控制比较严的状况，这将对持续升温的房地产市场起到降温作用。 而对于最为敏感的物业税，魏博认为，短期之内将不会推出。但郭田勇表示，由于现在投资性购房需求比较多，市场结构不合理，因此明年有可能出台关于物业税的政策，这将增加购房成本，抑制投资性购房，有可能使房地产市场重新回归到理性状态。 我要评论",4,1,0.5136047601699829
改变购房方式 质押贷款增加首付二套房贷再次收紧，让近期有购房计划的市民措手不及。房产专家和银行理财师，向消费者推荐了一些应对招法。 梯度购房，借房融资巧过渡。买新卖旧的梯度购房者在一段时间内需要承担两套房贷，而当旧房出手后，旧房的房贷负担就能完全解除。但现在，考虑到可能会遭遇二套房贷的高首付、高利率，很多人不敢轻易购房。对此专家建议，这部分购房者可以向亲友借房融资，即用亲友的房产作为抵押，向银行办理房产抵押消费贷款用来购买新房。等旧房卖掉后，购房者再偿还这笔短期贷款，支付很少的短期利息即可。 改变购房方式，质押贷款增首付。二套房贷收紧后，首付款必须达到4成以上，对购房者来说，需筹更多的钱。专家建议，购房者可用未到期的定期存单、长期国债等办理质押贷款，也可向亲友借质押物，这样既能筹到款，亲友又不会因为提前支取存单、保单而损失利息。最好能不办理商业贷款，仅用公积金贷款，这样就不用承担二套房贷的高利率了。 我要评论,4,1,0.5282973647117615
方太&米博鼎级旗舰店入驻杭州大厦(图)2009年9月25日，作为国内厨房电器和热水器鼎级品牌，方太&米博旗舰店将在杭州大厦隆重开业。作为方太&米博专卖店在杭州的高端展厅之一，此次杭州大厦旗舰店采用了现代化的设计风格，宽敞明亮、布局错落的展厅不但充分体现出方太、米博品牌的高端，更标志着方太集团高端渠道布局的开始。“杭州是我们的重点市场之一。这不仅因为杭州在米博市场规划的战略版图中具有举足轻重的位置，更为重要的是随着杭州的不断发展，业已展现出极大的市场潜力。”方太集团杭州分公司总经理表示，“旗舰店的落成，不仅表明我们对该市场的重视，也希望能够带给消费者能够与产品定位匹配的高端消费环境。”近年来，随着杭州城市综合能力的进一步提升，人们开始越来越关注自身的生活品质， 以高端、专业为品牌核心的方太、米博，正好契合消费者不断提升的产品需求。而以“生活?购物?享受”为时尚经营理念、拥有顶级卓越的品牌阵容的杭州大厦，在本地商界素有“旗舰店”之誉，与方太&米博旗舰店的理念和定位不谋而合。这也是此次旗舰店选择入驻杭州大厦的原因之一。据介绍，此次开业的方太&米博旗舰店主体采用灰、白、深咖啡色三种色调，点缀明亮的橙黄色，优雅、高端、端庄的同时，又不失活泼灵动。店面巧妙分隔为方太区和米博区。由于采用了统一的设计风格，两者之间既有区分，又浑然一体，不仅近距离带给消费者优雅、舒适的体验环境，更展现出当前时尚潮流的厨卫设计和领先科技。 “方太和米博都是为高端人士打造的专业品牌，旗舰店让消费者在同一空间内感受从厨房到卫浴的全方位高端选择和享受。” 杭州分公司总经理表示。作为方太集团的高端品牌，方太面向嵌入式厨房电器领域，7月份刚刚上市的米博则是专业化的高端热水器品牌，致力于为消费者提供家庭热水系统解决方案，两者的强强联合可谓相得益彰。值得一提的是，此次旗舰店的盛大开业，表明了方太集团对高端渠道建设的重视。此前在米博发布会上，方太集团总裁茅忠群曾表示，在保证卓越的产品品质的基础上，米博将以极大的魄力放弃代表相当数量的销量和利润的传统销售渠道——连锁家电卖场，而只在专卖店和高档百货商场里面销售。而本次方太&米博旗舰店入驻杭州大厦，从某种程度上证明了方太集团的高端路线。“旗舰店的开业表明了方太集团的态度。”业内人士评价，“方太集团希望借助高端旗舰店的形式来展现品牌的定位，并打开杭州的高端市场。”而行业专家则认为，这可能是方太集团系列举措的开端。“国内一向认为厨房电器或者热水器，仅仅是家用电器而已，方太&米博旗舰店可能会改变这种看法。方太集团也许会藉此将新的产品态度和生活方式引入杭州厨卫市场，并进而向消费者介绍方太&米博系列产品。” 我要评论,4,3,0.9951410293579102
方太O-Touch光影六系惊艳亮相方太&米博旗舰店就在人们翘首以盼新装iPod Touch之前，Touch风潮已然率先涌动于厨电领域。2009年9月25日，国内厨卫顶级品牌方太&米博旗舰店将在杭州大厦隆重开业，届时，设计感强烈、时尚十足的方太O-Touch光影六系也将与消费者正式见面，引爆厨电行业的Touch热情。据悉，“O-Touch光影6系”是由方太与美国设计界权威IDEO公司共同担纲研发，包括吸油烟机、燃气灶、消毒柜、微波炉、烤箱等成套化嵌入式厨电。外观上，皆采用橙色光圈点缀深咖啡色玻璃镜面，风格极简，流光溢彩；设计上，人机对话的智能模式已然极致——一切按钮，都在隐匿式的设计理念下退居幕后，手指飞扬，即刻开启厨房各项功能，宛若置身未来。而在主设计师的眼中，“O-Touch光影6系”却并非耀世的资本，而更似人缘颇佳的伴侣，她简约、优雅、贴心、懂得，她让厨房从此不再冰冷，她让烹饪从此充满生趣：菜谱可预先存储，自行烹饪；Easy Clean Door设计，让烤箱清洁不再困扰；餐具到达消毒临界点时，消毒柜自动感应，循环杀菌……不一而足。更为难能可贵的是，方太首次将嵌入式蒸箱引入中国，在进一步完善厨房功能的同时，对健康烹饪提出更高的要求。业内人士预测，近年来，随着杭州城市综合能力的进一步提升，人们开始越来越关注自身的生活品质，以高端、专业为品牌核心的方太、米博，正好契合消费者不断提升的产品需求。此次“O-Touch光影6系”的出现将对今后厨房电器的外观与功能产生巨大影响。点触间，仿佛踏入未来时空般；无需按动开关，只需手指轻抚即刻完成下厨；塑造出极净厨房的视觉感官双重体验。相信随着“O-Touch光影6系”的铺陈开来，将有更多的消费者难以抵挡Touch的诱惑。9月25日，在方太&米博鼎级旗舰店入驻杭州大厦之即，O-Touch光影六系即将启动，产品上光触屏已经在闪动昭示：如果身在杭城的你，期待您开业期间您的光临，Just touch。 我要评论,4,3,0.8915674090385437
黄金购房季之金秋家居打折大盘点之东鹏项目名称：东鹏优惠活动：瓷砖：全场55折、仿古砖66折 + 全款优惠洁具：全场55折，购买二项再打96折、三项94折、四项9折+全款优惠 签单并交全款，成交价基础上再打9.8折。金果套餐3888元，套餐含：墙砖15?+地砖3?+座便器+龙头+花洒+浴室柜+镜子备注：套餐不含配件费、花片、腰线。套餐配件费为120元。3888元套餐活动期间交全款有效。“金玉纳福”套餐(金碧辉煌、纳福娜系列产品套餐)购“金玉纳福”系列产品不低于15平米，再购一款墙砖(仿古砖、瓷片，不低于15平米)，瓷片部分95折，再购一款瓷片(不低于15平米)，瓷片部分整单9折。37年陶瓷产业成就，国庆献礼特供！东鹏玻化砖经典——【金碧辉煌】、【珊瑚玉】、【纳福娜】东鹏[晶花技术]代表作——金碧辉煌802923，欢庆价：138/?。东鹏[冰透粒子技术]代表作——珊瑚玉802010，欢庆价：118元/?东鹏[岩涌技术]代表作——纳福娜803001/803011，欢庆价：238元/?活动时间：9月26日至10月11日项目名称：杜菲尼优惠活动：    1，进店有礼，来者即送2，限量抢购3，超值套餐4，全场6.8折活动时间：10月1日至10月8日我要评论,4,3,0.8074960112571716
黄金购房季之金秋家居打折大盘点之曲美项目名称：曲美优惠活动：活动一：汉斯经典“纪念版”家具套餐低至5.8折！折后满10000再送800。 活动二：全场正价商品，尊享超值折扣优惠！不仅如此，折后购物满10000再送800！此外，网络商城“维格尚品”系列家具，全国统一官网直购，挑战板式家具极限低价，为您至少节省30%！活动时间：10月1日至10月8日项目名称：生活家. 巴洛克优惠活动：超低价格：此次北京生活家地板推出全场超低优惠并推出共40款特价产品，包括巴洛克仿古系列、实木复合标准版系列、洛可可强化系列；最低79元起；10多款巴洛克仿古地板原价373至410元，十一特惠价210元至270元不等。让京城百姓享受真正的惠礼！惊喜豪礼：凡活动期在我公司购买巴洛克系列地板，在享受相应折扣的同时，还可获取价值200元巴洛克代金券一张。订单送礼：每位消费者凭订单领取大礼一份！单单有礼，机会不容错过！进店有礼：活动期间进店咨询选购的顾客，即可获赠精美礼品一份，赠完为止。活动时间：10月1日—10月8日项目名称：十里河优惠活动：曾经买过，一定送：为了答谢客户队十里河的灯饰成九年来的关爱，如果您曾经买过十里河灯饰城的灯具，凭据购物发票即可在十里河的兑换一件礼品。礼品1000件送完为止。礼包2：现在来买，立刻送：从9月26日起至10月8日，凡在十里河灯饰购买灯具超过 300元可获得一次抽奖机会。中奖率100%。大奖：液晶电视机一台。礼包3：品牌灯饰，特价送：二楼品牌灯饰十一期间打折让利，回馈顾客。精品灯饰价格全市最低。礼包4：即使不买，还能送：即使不买十里河灯饰城灯具，但是您光临十里河灯饰城，留下姓名和电话号码，10月1日---10月8日每天活动结束时，我们现场将抽出10名幸运奖(累计共80名)。活动时间：9月26日至10月8日项目名称：太阳花优惠活动：进店有理赠品一：凡购买太阳花散热器2000元以下任何产品，即送洁丽雅情侣毛巾一盒(二条)。 赠品二：凡购买太阳花散热器产品价值2000元-2999元，即送洁丽雅浴巾一条。 赠品三：凡购买太阳花散热器产品价值3000元-4999元，即送浴巾一条+情侣毛巾一盒(两条)。 赠品四：凡购买太阳花散热器产品价值5000元以上，即送精美活性碳雕一个。活动时间：10月1日至10月3日我要评论,4,3,0.6022056341171265
"黄金购房季之金秋家居打折大盘点之法恩莎项目名称：法恩莎优惠活动：惊喜一 法恩莎卫浴活动当天将推出最低团购折扣，保证同期最低！惊喜二 数十款十一特供单品任你选择, 法恩莎马桶399元！惊喜三 多款套餐抄底价，适合你不同的风格需求，满足您装修省钱的欲望！惊喜四 活动当天推出超值自由组合套餐, 马桶、浴室柜、龙头你的喜欢你做主！惊喜五 法恩莎智能马桶、VIVI智能马桶全线让利, 更有超低特价等你拿！惊喜六 十一市场的促销款式，活动当天再享更大让利优惠！ 惊喜七 更多特供价和优惠还在申请中，神秘优惠价格将当天揭晓！(注：神秘特价根据网友反映的最低价格制定)赠送一：买专供地拖盆送价值468元龙头一个赠送二： 买法恩莎卫浴专供套餐加8元送高档浴室镜赠送三： 买法恩莎高档实木浴室柜加1888元赠送价值14086元的法恩莎智能马桶，或加666元赠送价值2257元的法恩莎喷射虹吸式连体马桶活动时间：10月3日项目名称：古沙优惠活动：买古沙套餐,送:价值300元 3D杜邦抱枕一个.送价值1380元棕绵加厚床笠一个,送价值2980床外套一件活动时间：9月25日至10月8日项目名称：弘高优惠活动：现场领取折扣券,凭券满1000减200,满2000,减400.以此类推.自营家具2折起活动时间：10月1日至10月8日项目名称：金意陶优惠活动：1,全场买2000返1000元现金(所有配件、特价产品、买一?赠一?产品不参加)2,厂家直供，国庆特享产品买一?赠一?.3,15款精品超低价抢购活动时间：9月26日至10月11日我要评论",4,3,0.6120217442512512
"黄金购房季之金秋家居打折大盘点之爱依瑞斯项目名称：爱依瑞斯优惠活动：项目名称：班尔奇优惠活动：一、柜体部分1.大亚板柜体全场7折；2.实木柜8.5折；2.KI007，18mm板原价300元/平米现特价178元/平米二、移门部分1.推拉门、隔断门全场7折；2.欧式门8.5折；备注：1、本次活动与店内活动只能二选一；2、五金件、抽屉类不打折；活动时间：10月1日至10月8日项目名称：城外诚优惠活动：首重礼：城外诚购物特惠册，优惠总额达85万元,二重礼：500辆环保电动车寻主人，大奖天天送,三重礼：在城外诚买欧美家具，只需一半钱(5折起)活动时间：9月26日至10月8日项目名称：东方百盛优惠活动：活动一：全场7.9折活动二：满5000元，加100元送阿尔卑斯床垫一张(原价：1200元)9 C3 o7 x+ w- x活动三：凡购满10000元，加200元送夏威夷床垫一张(原价：2800元)次活动不与商场活动同时享受。活动时间：10月1日至10月8日我要评论",4,3,0.9636725783348083
黄金购房季之金秋家居打折大盘点之现代冠军项目名称：现代冠军优惠活动：卫浴钻石6平米套餐原价5304元 现省 1315元 优惠价3989元扣板：300*600碧海银波*16 300*300纳米闪银*27300*300酒红*4电器：照明灯2台 换气扇1台 风暖1台 金色射灯4台辅料：边角哑光钛银边角 5支 赠送实际使用的全部龙骨卫浴铂金6平米套餐原价4096元 现省1075元 优惠价3021元扣板：300*300经典白*56片 300*300西斯廷圣花红*8片电器 照片1台 风暖换气照明浴霸4合1电器 1台辅料：经典白哑光滚涂边角*5支赠送实际使用的全部龙骨卫浴黄金6平米套餐原价：2266元 现省577元 优惠价1709元扣板：300*300葛兰特/卡莱士*52片电器：照明灯1台 灯暖换气1台辅料：经典白哑光滚涂边角*5支赠送实际使用的全部龙骨厨房金牌套餐6平米原价：2596元 现省719元 优惠价1877元扣板：300*300似水流年*16片 300*300经典白*33片 300*600经典白*5片 150*600斑马王子*6片电器：照明灯2台辅料：经典白哑光滚涂边角*5支赠送实际使用的全部龙骨厨房银牌套餐6平米原价：1736元 现省461元 优惠价1275元扣板：150F纳米系列条板(颜色纳米浅红拉丝、经典白)电器：照明灯*2台辅料：经典白哑光滚涂边角*4支赠送实际使用的全部龙骨买赠活动：整单金额(包含扣板、电器)买够不同金额即送多种电器；满2000元送价值800元灯暖换气电器1台满4000元送价值1378元灯暖换气照明浴霸四合一电器1台满6000元送价值2338元五合一顶级电器(即空军1号)满8000元以上，送价值2338元五合一顶级电器(即空军1号)，6000元以上部分直打85折或者可2000元一档赠送以上等条款所指定电器。单品特价优惠：特价单品：150珍珠白 150闪银光 300*300珍珠白 300*300闪银光 均特价优惠68元/平米(含龙骨，边角安装费另计)活动时间：10月1日至10月8日 我要评论,4,3,0.9548688530921936
"黄金购房季之金秋家居打折大盘点之马可波罗项目名称：马可波罗优惠活动：1.国庆专供 一降到底 活动期间，马可波罗瓷砖18款厂家国庆专供品，直降到底。7.8元/片起2.华诞特惠 惠通天下 活动期间，马可波罗瓷砖8款国庆特惠品，惠有惊喜。17.64元/片起3.钜惠力献 满100元减51元 活动期间，马可波罗瓷砖瓷片、抛光砖、腰线、花片、小地砖产品(即底价是标价6.5折的产品)满100元直减51元货款(专供品、特惠品不参加此项活动)。4.同庆有礼 满3000元即可享受 活动期间，购买1295、e石代产品满3000元后再购1295、e石代产即可享受8折优惠(雕刻砖，壁饰产品除外)；备注：1. 订单最晚送货日期为2009年12月31日，过期订单恢复原价。2. 订单收取订金最低为30%，促销备案截止10月9日中午12：00；3. 促销订单退补货比率为订单金额的10%，超出部分按即时价补货；4. 闽龙市场马可波罗店面可单独享受购买1295、e石代产品满3000元后再购1295、e石代产即可享受8折优惠(雕刻砖，壁饰产品除外)后满6000元可赠送客户12片CZ6822香槟石活动时间：9月26日至10月8日    项目名称：依诺维绅优惠活动：活动1:BOHEMIAN系列全场75折.活动2:BEBEL系列,指定产品特价活动时间：9月26日至10月19日我要评论",4,3,0.7112299799919128
108枚新型导弹将亮相国庆阅兵本报北京9月27日电(记者朱思雄、廖文根)第二炮兵副司令员、阅兵联合指挥部副总指挥于际训中将近日透露，“新中国成立60周年国庆首都阅兵，第二炮兵参阅的5个导弹装备方队由6支导弹劲旅组成，108枚参阅导弹全部是最新型号。”第二炮兵导弹装备方队是第三次在国庆首都阅兵中“亮相”。第一次是1984年国庆35周年阅兵，只有一个装备方队12枚导弹参阅；第二次是1999年国庆50周年阅兵，共有4个装备方队36枚导弹参阅。于际训介绍，第二炮兵今年参加国庆首都阅兵的人员数量之多、装备种类之全、方队规模之大，都是空前的，精良的武器装备将集中展示我军战略威慑核心力量和中远程精确打击力量建设的新发展和新成就。与前两次国庆阅兵相比，武器装备阵容凸现了五大变化——导弹家族更大。此次阅兵呈现在世人面前的导弹武器装备，全部为首次亮相的新型主战武器。其中包括两种不同射程的地地常规导弹，一种常规陆基巡航导弹，一种核常兼备的地地中远程导弹，一种洲际战略核导弹，标志着中国战略导弹武器已由单一型号发展为近程、中程、远程和洲际导弹并存的导弹大家族。导弹身材更小。此次阅兵所展示的5种型号导弹，无论常规导弹还是核导弹，全部采用固体燃料，体现了体积小、本领大的明显特征。导弹威力更强。此次受阅的新型导弹武器，真正实现了隐蔽实施作战准备、突然发起火力突击、快速实施波次转换。导弹精度更高。首次亮相的陆基巡航导弹，能够多发连射、低空飞行、隐蔽突防、精确制导，是实施中远程精确打击的一把利剑。导弹机动更快。此次阅兵亮相的所有导弹装备，全部采用车载发射方式，拉起来就可以跑，到达预定地点后，竖起架子就可以打。在此次国庆首都阅兵中，第二炮兵除展示5支装备方队外，还首次组成学员方队。这个方队由第二炮兵工程学院、第二炮兵指挥学院和第二炮兵士官学校3所院校联合编成。 我要评论,4,7,0.9294342398643494
住建部表态不支持高房价晨报讯(记者 姜葳)昨天，国庆新闻中心举行“社会保障和住房保障”新闻发布会，住房和城乡建设部负责人明确表态，“不支持高房价”。据住房和城乡建设部副部长齐骥介绍，今年是实施廉租住房保障规划的第一年，也是中央和各级地方政府投入保障性安居工程资金最多的一年。中央财政安排了493亿元，主要用于支持中西部财政困难地区廉租住房建设和各类棚户区的改造。针对近期频频出现的“地王”现象，齐骥明确表示，“作为住房和城乡建设部，我们不支持高房价。”他希望各地增加普通商品住房的供应，并且把商品住房和保障性住房的建设规划更多地向媒体公布，“让老百姓对住房的供应能有一个合理的预期。” 我要评论,4,7,0.48559656739234924
美国严查海外银行账户 冲击亚裔富二代据台湾《中国时报》报道，美国政府严查境外银行账户，凡有绿卡或公民身份者海外存款超过一万美元，应在10月15日前申报，凡是隐藏海外账户被查获者，美国国税局将予以重罚，甚予以刑事起诉。这项规定冲击到许多亚裔富豪，包括台湾富豪第二代，这些人现在考虑放弃美国公民身份。美国《商业周刊》说，多年来，亚洲富人一直把美国公民身份看成是方便的安全网，不过，成为美国公民有其不利之处，就是有缴税义务，而且不论在国内或海外的收入一律要申报，现在因为美国要清查海外账户，有些富豪为了避税，开始有放弃美国籍的念头。美国国税局早在十多年就有规定，海外存款、证券、共同基金或退休金账户超过一万美元者，均须申报。但这项规定一直未严格执行，直到今年8月瑞银集团(UBS)供出4450个美国富豪逃税名单，海外账户问题再度受到重视。美国国税局特提出一项赦免计划，过去6年有收入但未据实申报者，鼓励在9月23日以前自愿申报，后来因申报人数太多，又延后到10月15日，并郑重表示绝不再延后。凡在10月15日截止前申报海外账户者，须缴纳海外账户过去六年内最高总金额的20%为罚款。隐藏账户被查到者，罚金高达十万美元或账户总值的50%，追查期限超过六年。国税局警告说，逃漏税将不仅面临民事罚金，更可能被刑事起诉，最高判处五年刑期。 我要评论,4,5,0.45545706152915955
剩女用五套房当嫁妆征婚(图)一个人在外打拼不容易，而北漂的剩女更不容易，一个女人在外打拼，连对象都不好找。这不，最近网上就有一个北漂剩女开始发帖征婚了，人家的嫁妆还是五套房呢!看她开出的条件，其实并不算很高。奇怪的是，网友都不买账，甚至有网友说:“我光要房不要人行吗?”◎网友发帖5套房当嫁妆，谁能娶我10月13日，论坛上出现了一篇名为《北漂剩女征婚:5套房产作嫁妆，谁能娶我?》的帖子，网友“abch4”说:我今年32岁，河北人，长得一般，有点黑，算是丰满，130多斤。咱是没什么姿色，但是咱不缺票子。北京5套房产就是资本!我主业是做外贸，自己有一个外贸公司。这位网友说，虽然自己身边一直不缺男人 ，但碰到的北京男人、天津男人、上海男人、东北男人等，不是爱吹牛，就是太小气，有的还特别暴力。她只得网上征婚，列出七个条件，说非诚勿扰:1、东北男、北京男、天津男、上海男一律不要，跟以上4个地方有直系或旁系血亲的也不行!2、长得可以不帅，但要干干净净，不能邋里邋遢 ，健美点的更好，纯粹为后代考虑。3、身材高大魁梧 ，178厘米以上，我将近一米六，比例比较合适，女人总是希望有个宽大的肩膀可以依靠。4、年龄30～45岁，事业成不成功不要紧，重点是踏实而且精力旺盛的男人。5、幽默、有情调，对我要温柔，要喜欢女生撒娇，野蛮的都闪边去。6、不能混混，怎么着也得有个5年计划什么的，不是蓝筹股你也得是个绩优股，我可不想花钱买个垃圾股回来。7、有欣赏美的能力，也有看美女的权利，但是在你眼里我才是最美。 ◎网友热议我光要房不要人行吗网友:想男人想疯了吧?tdwl02:先结婚，再制造车祸把她变成植物人，反正她是花钱买婚姻。北京网友:我光要房不要人行吗?人间有真情:这样找到的归宿，也是以房子作为筹码换来的，很难保证以后出现什么状况，真正的爱情不能掺杂太多功利的成分，你这么明目张胆用房子来钓鱼，不知道会是什么结果啊!爱喝白开水:顺其自然，总会遇到好的 ，找不到一个人过也没什么。那么多年不也是这样子过来，单身其实也挺好的。◎记者调查关键看人，房子次要市民夏冬现在算是青漂一族，正在单身中的他，听到这个消息后，觉得这样的事情肯定是网上炒作。“首先，谁有那么多的房产，还放在网上炫耀啊!再说，从照片上看样子，觉得这个女孩也不像她说的那个样子。反正就是感觉不真实，我是不会相信的。”当记者问他假设这个事情是真的话，他说，“虽然我也是打工一族，但是说到婚姻，还是很重要的，我是不会那么儿戏，轻易去选择一个人，或者因为房子而喜欢上一个人 ，要不然咱也不会剩着了，对吧?如果现实中真有这样的一个人，我也要先跟她接触一下，看看这个人适不适合自己，自己喜不喜欢再定，房子的话，是次要因素，关键还是看这个人。”记者就此事咨询了I爱交友网的负责人张旭先生。张旭对此事倒是很能理解 。他说，其实这个女孩的做法是可以理解的。因为商品社会，感情是很难与钱完全独立的 。有钱的剩女要求条件高一些，也是无可厚非的 ，其实说白了，这也可以算是一种资源置换吧。个人追求不一样，你不能说人家的就一定是错的。但是单纯从感情上来说 ，这样的婚姻肯定是不可靠，需要两个人更努力去维持才行。·海选美女百里挑一 富豪征婚先量美女的三围·已婚男老师上网征婚 被指见面当晚强奸女白领·母亲带房产证为博士女儿征婚 指定要找男博士·80后网上贴母亲美艳照片 自称为妈妈征婚 我要评论,4,5,0.6134256720542908
花旗首席经济学家：央行最早明年二季度加息商报讯(记者 崔吕萍)“明年信贷增量将维持在高位，个别月份通胀率将突破4%，预计央行最早在明年二季度加息。”昨日，花旗集团大中华区首席经济学家沈明高昨日在接受本报记者采访时这样表示。9月份新增人民币贷款5167亿元。这一数据高于此前4000亿元的市场预期，而前三季度8.67万亿元的信贷增量预示着全年信贷增量将突破10万亿元，充裕的流动性使市场担心通货膨胀的突然来袭。对此沈明高认为，加息取决于通货膨胀的预期，明年通货膨胀率或达到3.4%(据投研报告显示，今年通胀率也在2%以上)，不排除个别月份出现4%的通胀增长。通胀增长超过4%，加息变成可能。“通胀本身带给市场的影响有限，但由通胀预期带来的市场投机过度激进，直接导致房地产市场、黄金市场被严重炒作。”沈明高表示。与此同时，沈明高认为，中国经济的复苏是流动性推动的复苏。“从今年前三季度人民币贷款增加8.67万亿元趋势推算，预计今年全年信贷增速将实现10万亿元，同比增长33%。明年新增信贷规模仍维持在8万亿到10万亿元之间，同比增长20%到25%。”“信贷规模如果连续两年呈现10%左右的增长速度，将给银行带来极大的资金压力，在这一背景下，银行只能够一面从资本市场‘抽血’，一面为公司提供贷款。”沈明高表示。 我要评论,4,1,0.8576449155807495
六成人认为香港现时楼市的炒风严重中新社香港十月二十日电香港近期豪宅楼创“天价”，一项由政团所做的调查显示，有九成一受访香港市民认为现时楼价偏贵，有六成人更认为香港现时楼市的炒风严重。民建联于今年九月下旬以电话随机抽样的方式访问了近六百名市民，结果发现有达四成受访香港市民认为未来一年楼价还会再上升，四成八受访者更要求政府现时出手遏抑楼价。在楼价高企下，有近五成七受访者表示自己或家人未来一年不会置业，主要原因是欠缺供楼能力。调查亦发现，有逾七成受访者支持继续兴建居屋，近六成八人亦认为应继续推行公屋租置计划。但香港地产发展商恒隆集团主席陈启宗认为，香港现时楼价升幅主要反映在豪宅价格上升，豪宅价格不影响市民大众生计，对社会的影响不大。他又指，香港有超过九成的住宅都是一般住宅，这个部份没有出现泡沫，现时仍有很多较便宜的住房，市民是可以负担的。 我要评论中新社香港十月二十日电香港近期豪宅楼创“天价”，一项由政团所做的调查显示，有九成一受访香港市民认为现时楼价偏贵，有六成人更认为香港现时楼市的炒风严重。民建联于今年九月下旬以电话随机抽样的方式访问了近六百名市民，结果发现有达四成受访香港市民认为未来一年楼价还会再上升，四成八受访者更要求政府现时出手遏抑楼价。在楼价高企下，有近五成七受访者表示自己或家人未来一年不会置业，主要原因是欠缺供楼能力。调查亦发现，有逾七成受访者支持继续兴建居屋，近六成八人亦认为应继续推行公屋租置计划。但香港地产发展商恒隆集团主席陈启宗认为，香港现时楼价升幅主要反映在豪宅价格上升，豪宅价格不影响市民大众生计，对社会的影响不大。他又指，香港有超过九成的住宅都是一般住宅，这个部份没有出现泡沫，现时仍有很多较便宜的住房，市民是可以负担的。 我要评论,4,7,0.9795879125595093
"保监会：保险资金投资不得开发地产和炒楼 据中国之声《央广新闻》14时06分报道，新修订的《保险法》已于10月1号正式实施，明确保险资金“可投资不动产”。从新保险法出台到正式实施，保险资金何时真正进入这一新领域，可以多大规模进入，以及到底可以做哪些投资一直是监管部门、保险机构、市场、以及媒体关注的热点，近日，有报道分析近千亿保险资金投资楼市，可能改变楼市的投资格局，对此、监管部门以及保险巨头们如何看待？主持人：新保险法已经开始实施，是否意味着保险资金投资不动产即将启动？记者：按保监会历次公开表明的态度，对于保险资金投资不动产，要先立规矩再做试点，之后才逐步放开，所以正式启动起码要等《保险资金投资不动产试点管理办法》的正式出台，办法将按宏观调控的需要和产业政策的规定，规范投资的范围和投资的比例，确定业务的流程和操作程序，同时强化信息披露。而且可投资不动产并不意味着对楼市有根本性的影响。保监会新闻发言人袁力曾多次表示，保险机构投资不动产主要是购买办公用房、投资廉租房、养老实体和商业物业等，保险机构不直接参与房地产开发，不允许进行房地产的炒作。仲量联行北京研究部主管覃晓梅认为“考虑到中国各家保险公司的集合资产规模，新的保险投资政策具有大大改变中国房地产市场投资格局的潜在可能。”他还介绍，从国际经验来看，商业物业是保险公司最为关注的房地产形态。首先商业物业针对企业等机构客户，一般体量规模较大，集中管理，出租和出售均是以栋或层为单位；而住宅市场则针对个人，更类似于零售市场且分散管理，对于资金量盘大的保险资金来说，投资商业物业更为适合。此外，与住宅市场不同,商业物业回报率较为稳定，年收益率在7%-8%之间，再加上回报周期长，这更加吻合保险资金作为机构投资者的口味。她预计,目前成熟市场的保险资金中有约三成是投向商业物业市场的。主持人：尽管具体的比例还没有明确，市场分析比例会有多大？记者：中金公司最新的预测报告也认同了这一比例。报告分析，从国际经验以及我国保险资金股票类权益投资比例的上限来看，预计保险资金的不动产投资比例合理上限应该在10%到15%之间，但初始上限可能为5%。如果按5%比例计算，保险公司可进入不动产投资领域的保险资金可能在1700亿元左右。但是当投资不动产的闸门打开，会有多少资金流到这个领域，还要看保险机构的投资策略和风险防范能力。主持人：保险机构对这样一个新领域的投资是否感兴趣呢？记者：利用自有资金购置自用办公楼，通过集团旗下信托、资产管理公司，或者是与其他公司合办专业公司进入不动产领域对于保险公司特别是保险巨头来说不是什么新鲜事。中国人寿、中国平安、泰康人寿、新华人寿、太平人寿等都有过这方面经验。目前，媒体披露，平安集团在今年8、9月，借助旗下信托公司，先后接触金地集团(企业专区,旗下楼盘)、绿城集团(企业专区,旗下楼盘)，承诺通过信托公司的第三方资产管理平台，三年内投资250亿元，和房地产集团一起投资优质住宅项目以及城市综合体项目。我要评论",4,1,0.6003413796424866
近三年超百亿美元基金押注亚洲房产中国证券报10月26日讯 从2007年第一季度到2009年上半年，共有17只针对亚洲市场(投资范围包括中国内地)的私募股权房地产投资基金成功完成募集，涉及募资总额达127.27亿美元。从2006年第一季度到2009年第二季度，中国内地共发生82起针对中国房地产企业或房地产项目的私募股权投资案例，涉及投资总金额为90.01亿美元。2006年至2009年上半年共发生12只基金支持的6家房地产企业IPO事件。权威数据显示，受全球金融危机的影响，2008年第四季度以来可投资于中国内地的新募房地产基金的数量及募集金额均有大幅下降。从去年年底至今，仅有一只规模为4.00亿美元的私募房地产基金完成募集。而投资方面也呈现明显的波动性，今年一季度，房地产行业仍处于发展低谷期，房价持续下滑，这为私募股权基金创造了非常有利的进入时机。2009年第一季度共发生6起针对中国房地产企业或房地产项目的投资，投资活跃度处于2008年以来的最高点。而进入2009年第二季度，随着成交的持续活跃，房地产开发商自身的资金压力得到了进一步的缓解。因而，房地产开发商与私募股权基金合作的需求较早前有明显下降。统计数据显示，2009年第二季度，仅有1起针对中国房地产企业的私募股权投资案例发生，涉及投资金额为2，928.26万美元，不论是交易数量还是交易金额均处于历史最低点。而从中国房地产行业私募股权投资地域分布来看，私募股权基金对中国房地产市场投资的地域战略布局主要聚焦在长三角、环渤海、珠三角等经济较发达地区。从投资金额来看，上海、北京分别以22.76亿美元、21.24亿美元的投资额遥遥领先于其他省市地区；广东省以12.00亿美元的投资额位居第三。(徐畅) 我要评论,4,1,0.8143979907035828
近三年超百亿美元基金押注亚洲房产中国证券报10月26日讯 从2007年第一季度到2009年上半年，共有17只针对亚洲市场(投资范围包括中国内地)的私募股权房地产投资基金成功完成募集，涉及募资总额达127.27亿美元。从2006年第一季度到2009年第二季度，中国内地共发生82起针对中国房地产企业或房地产项目的私募股权投资案例，涉及投资总金额为90.01亿美元。2006年至2009年上半年共发生12只基金支持的6家房地产企业IPO事件。权威数据显示，受全球金融危机的影响，2008年第四季度以来可投资于中国内地的新募房地产基金的数量及募集金额均有大幅下降。从去年年底至今，仅有一只规模为4.00亿美元的私募房地产基金完成募集。而投资方面也呈现明显的波动性，今年一季度，房地产行业仍处于发展低谷期，房价持续下滑，这为私募股权基金创造了非常有利的进入时机。2009年第一季度共发生6起针对中国房地产企业或房地产项目的投资，投资活跃度处于2008年以来的最高点。而进入2009年第二季度，随着成交的持续活跃，房地产开发商自身的资金压力得到了进一步的缓解。因而，房地产开发商与私募股权基金合作的需求较早前有明显下降。统计数据显示，2009年第二季度，仅有1起针对中国房地产企业的私募股权投资案例发生，涉及投资金额为2，928.26万美元，不论是交易数量还是交易金额均处于历史最低点。我要评论,4,1,0.8143979907035828
80后大学毕业生多蚁族(图)北京大学博士后廉思主编的调查实录《蚁族》出版，将其带入公众视野。有人说，“蚁族”可能成为“像‘知青’那样流行的单词”。“蚁族”不是蚂蚁，却有“高智、弱小、群居”的特征，故得名“蚁族”。他们多是“80后”大学毕业生，虽曾接受高等教育，但收入却很微薄。北京大学博士后廉思主编的《蚁族》将其带入公众视野。近日，记者采访了一群“蚁族”，了解他们的生存状态。文、图/记者徐静 实习生廖宇飞、曾繁莹 通讯员刘晓钰 “蚁族”群体普遍扎根在城中村，那里房租低廉，不少刚毕业的大学生都聚集在此。“蚁族”生活：房租300元自己煮饭。“蚁族”收入微薄，生活能省则省。“城中村里的房子租金少，村子越往深处的越便宜”，住在大学城北亭村的师范类历史学毕业生王林就选择了这种地方，一人住着一间10来平方米的小单间，300元房租，吃饭都是自己打点。“蚁族”工作：收入刚能养活自己。大学毕业生找工作难，很多毕业生第一份工作都是先养活自己再谋发展。广商09届毕业生冰凌说，她的工作是在一个传媒公司广告部做数据统计，跟她所学的信息管理专业基本沾不上边。目前还在试用期，社保、医保由公司承担，她每个月工资只有1600元左右，“仅够养活自己，还来不及报答父母”。“蚁族”心声“我们是打不死的小强”温骁是去年从广商毕业的，他在学校附近租房，十一二平方米的单间，有一个独立卫生间，一个简单的洗手台，旁边有一张床、一张电脑桌和一张茶几。但他坚持不回家发展。“每个人的生活状态都是自己选择的。”他说：“我们是打不死的小强，就这样活着。拼到最后，不管路是怎样。”小黄是增城人，毕业后找到一份工作，做软件。走出校园的他，月收入三千多元，但他还是选择住在棠下的城中村，与人合租。这合租人不是外人，正是小黄的大学宿友。现在，他们3个小伙子就住着一套2房2厅70平方米的套间里，厨房、柜子、洗手间、阳台都齐备。屋子虽大，可租价却相当便宜，每月只要900元。环境简陋，但小黄还是住下。他说，主要是想和宿友继续住在一起，彼此有伴，周末可以一块打球，平日也有个人来侃侃大山，不至于太闷，“不尽然是经济因素，主要是怕寂寞。”小黄乐呵呵地说。专家说法反映高等教育去精英化“蚁族”的出现与高等教育大众化带来的“去精英化”有关，大学生由优势群体转为相对弱势群体。近年来，大学生毕业期待薪酬停滞不前，甚至有下降趋势，便是对此的反映。此外，就业市场、房屋市场也对大学生造成颇大压力。与更早前的大学生不同，现在的大学生难以享受福利分房，要买房的话，毕业生微薄的工资杯水车薪，这也使“蚁族”们只能在城中村等居住条件差的地方居住。“蚁族”的出现也证明“80后”向上流动的机会相对要少，渠道也没那么顺畅，尽管“蚁族”不至于沦为最底层，但在社会地位上却处于“要上不上，要下不下”的尴尬境地。岳经纶中山大学政治与公共事务管理学院教授 我要评论,4,5,0.7764674425125122
银监会：综合授信类个人贷款业务将收紧本报讯记者刘薇报道：银监会周三发布了《个人贷款管理暂行办法(征求意见稿)》，对个人贷款实行支付管理。如果正式出台，这将是我国首部个人贷款管理法规。银行人士表示，总体来看，《暂行办法》对个人贷款业务没有太多新的限定，但细化到银行具体业务，则有一些贷款品种可能会加强审核，收紧门槛，诸如此前非常火爆的综合授信类个人贷款业务。《暂行办法》主要内容是，规定银行不得发放无指定用途的贷款，明确实行贷款人受托支付或借款人自主支付的方式对贷款资金进行管理和控制。重申银行在发放个人贷款时须坚持面谈、面签制度，确保贷款的真实性，以防范虚假按揭等风险。由于办法不针对个人贷款业务品种申请设置额外条件，因此个人获得贷款的门槛并没有被抬高。记者昨日采访多位银行信贷部门人士，他们表示，其实目前大部分个人贷款业务如房贷、车贷等都是实行受托支付，即贷款人根据借款人的提款申请和支付委托，将贷款资金直接支付给符合合同约定用途的借款人交易对象。这样做的好处，一方面能够有效监控贷款按约定用途使用，防范贷款挪用风险；另一方面也可防止“顶冒名”等违规损害借款人利益的行为，切实保护借款人合法权益。如今受《暂行办法》影响较大的，则是市面上一度火爆的个人综合授信类贷款。这类贷款通常表现为“房产一次抵押，贷款额度多次循环使用”，如很受市民欢迎的“循环贷”、“随借随还”等，有的银行在开办这类业务时放得较为宽松，只要首次审核通过，以后的贷款申请甚至可以通过网上银行等自助方式办理，无需再经过相对复杂的审核手续，这就意味着在初次审核通过后，借款人就不用再到银行面谈、面签，便可能获得贷款。“这其中的确存在着无法监控贷款真实去向的可能。”某国有大行支行行长称。而一家股份制银行信贷部门人士则坦言，在《管理办法》出台后，该行相对宽松的审核制度很可能需要作出调整，比如采取措施加强对贷款用途的审查，自助方式也许会取消。 我要评论,4,1,0.9563003182411194
美一房地产机构又亏损 向政府伸手注资150亿美元中新网11月7日电 被简称“房利美”的美国“联邦国民抵押贷款协会”(Fannie Mae)宣布第三季继续亏损，需要纳税人再挹注150亿美元。这将是房利美第四度向政府要钱，若要到的话，房利美迄今总共就向纳税人拿600亿美元。房利美第三季亏损189亿美元，比去年同期降低35%，却比今年第二季的148亿美元高很多。据台湾《联合晚报》报道，由于失业不断上升，无力缴费的贷款户也在增加。到10月底为止，房利美的贷款户有4.7%至少三期逾期还款，是去年同期的将近三倍，佛罗里达和内华达两州最严重，都超过11%。房利美和姊妹机构“房地美”都在14个月前由联邦金管单位接管，接管的代价远高于当初估计。加上房利美最新开口的150亿美元，“两房”的联邦注资约达1110亿美元。两房的业务是向银行购买贷款，转售给投资人，在房贷市场扮演关键角色，拥有或担保的贷款总值约55兆美元，占全美担保贷款之半。两房在房市兴旺期间降低放款标准，因此在房市泡沫化以后尝到苦果。房利美声明表示：“我们的未来充满相当大的不确定性，包括我们会不会继续存在。”房利美表示，到第三季结束为止，需要150亿美元注资，因此已在4日向联邦财政部求助，以便继续营运：“房利美已向财政部提出请求，并且希望财政部在12月31日以前提拨这笔款项。”我要评论,4,1,0.4613353908061981
明年一季度楼市或现小幅下跌 总体行情趋平淡 如果没有国际金融危机和国内经济下行双重外部因素的影响，2008年楼市不可能下跌；如果没有去年10月以来中央和地方的联袂救市，今年绝不可能复演2007年盛市图景——加入人为因素之后，我们分析市场趋势的视线会变得有些模糊，但只要我国住宅改革的市场化方向不变，政策只能在短期内决定市场形态，中长期走势主要还是由市场机制说了算。在综合考虑市场机制与政策干预两种因素的前提下，笔者认为，未来半年内，全国市场总体行情趋于平淡。市场和政策将展开激烈博弈从房地产业的商业周期观察，我国楼市正在经历第三个中周期。宏观经济存在周期性波动的规律，又可细分为长周期、中周期和短周期，其中一般十年左右的中周期最具研究价值。改革开放以来，我国宏观经济经历了三个中周期，而楼市的演变轨迹基本与宏观经济周期相似。1988年进行土地批租和住宅制度改革后，我国房地产市场开始起步，至今走完了两个完整的中周期。根据国房景气指数的变化可知，第一个周期是1990年至1997年，景气高点出现在1993年，达118点，低点出现在1997年，为88点；第二个周期是1998年至2009年，2007年11月达到107点的峰值，2009年3月下滑至96点的谷值。这两个周期有些不同，前者处于市场化早期，后者市场化程度迅速提高。前者属于急升缓降，海南、北海等地市场狂热导致3年即触顶；后者属缓升快降，增长了近10年，而下行只花了不足两年。从中可以悟出什么呢？市场的“无形之手”，决定了房地产经济呈周期性变化，而政策的目标是“逆周期”调控，作用是加速或延缓周期变化。今年4月开始，国房景气指数由跌转升，意味着我国楼市新一轮上升周期已经启动。可走出的轨迹却有些不健康，今年二季度以来成交量狂增、价格猛涨，部分城市投资投机风气赶上2007年。结果将是如何？其实也简单。在今年第四季度和明年，市场机制和政策机制将展开激烈博弈。今年二三季度市场反弹力度过大，已非复苏正常形态，“无形之手”将压制市场继续走热。与2003年以来每年都有若干重大政策出台不同的是，自今年以来，政策面基本上处于“真空期”，没有新增利好，如果考虑到二套房贷严格化、查处闲置用地等情况，则可以认为政策稍稍收紧。明年一季度或小幅下跌接下来，不妨分析一下近期市场表现。从成交量来看，今年全国商品房的成交高点出现在6月份，7月环比下跌19%，8月环比持平，9月环比增长16%，不过仍低于6月。9月份，各个城市成交情况出现分化，一线城市中除了广州环比大增42%外，京沪深三地继续环比下滑，多数二三线城市成交反弹。西部情况最好，中部次之，东部稍差。由此充分证明，全国楼市调整的时间次序呈大中小城市、东中西部梯度排列。值得关注的是，部分城市成交量下滑的主要原因之一是供应紧张。从房价分析，笔者认为，9月全国商品房价格出现“涨幅拐点”。70个大中城市房价指数自今年3月出现由跌转涨后，3-9月环比涨幅依次为0.2%、0.4%、0.6%、0.8%、0.9%、0.9%、0.7%，9月房价涨幅首次收窄，接下来还将继续缩小，极有可能在明年一季度出现环比负增长。从区域看，9月70个城市中有66个新建住宅销售价格上涨，其中涨幅最大的5个城市是，温州5.6%、湛江2.1%、杭州2.0%、济宁1.9%、银川1.7%；价格下降的城市有2个，其中吉林下降2.0%、三亚下降0.4%。房价的区域性涨跌，并无明显规律可言。未来半年，基本上可以看得清全国市场总体走势：楼市行情趋于平淡。就成交量而言，今年三季度出现环比下滑，四季度和明年一季度极有可能继续递减。2007年全国新建商品房成交面积为7.6亿平方米，2008年为6.2亿平方米，按前三季度成交量测算，今年可能达到7.8亿平方米。而2007年属非理性繁荣，今年成交量这么高亦不正常，2010年全年销售很难超过今年了，估计有可能下跌1-2成。我要评论,4,1,0.5367096066474915
郭晶晶潮人装现身 卖霍家豪宅欲赚450万(图)刚在全运会捍卫了宝座的跳水皇后郭晶晶，已经适应了频频出席商业秀和高级社交场合的名媛生活。虽然和富豪男友霍启刚的婚事一波三折，如今又要明年再说，她却丝毫不恨嫁，甚至变卖了霍家所赠的百万豪宅，只因物业太多疲于打理。看来名媛郭晶晶下定决心自力更生，毫不担心30岁后变成剩女。 11月12日讯 在10月30日晚，郭晶晶现身上海恒隆广场，以优雅“女王”姿态作为奢侈品牌的领衔嘉宾，成为全场焦点。当日，她为出席活动仅在上海逗留12小时，打着“飞的”匆匆来去。青涩Ball场新女王12小时打飞的捞金虽然郭晶晶出席时尚活动远没有跳台上那么潇洒自如，但经过这几年大大小小众多时尚活动的磨练，郭晶晶的秀场表现频频加分，青涩的门外汉渐入佳境。当日她打头阵为奢侈品牌Fendi走红毯，白色包肩小洋装配银色钉珠手拿包，得体大方，并恰当地遮盖了她因常年游泳而厚实的肩膀及背部，贵妇气场引来闪光灯混战，不少记者私下赞扬：“郭晶晶越来越漂亮了，也越来越会穿衣服了。”郭晶晶也略带得意地介绍：“衣服是我自己选的，我比较喜欢端庄简洁的款式。”虽然郭晶晶的Pose比名模熊黛林和乐基儿略显生涩，换来换去就一两个姿势，对大场面闪光灯阵还有待适应，不过她出场待遇不低。和品牌第三代掌门人合影时，她永远是站在最中心位置的明星，跟大姐大刘嘉玲同级，连天王嫂们都只有靠边的份儿。第一个出场，也是第一个离场，据悉郭晶晶因为要赶回北京训练，活动未结束就从秘密通道离开。回附近酒店换了便装，郭晶晶在助手陪同下直奔机场。当日早上10点，记者目击她刚刚抵沪；不到12个小时，晶晶就赶着最后的飞机匆忙回京，捞金之旅速战速决。私下里没了长枪短炮的关注，郭晶晶要比在秀场上自在许多。离开时，她摘掉了早晨戴着的明星范儿超大墨镜，穿时尚的机车皮衣和短裙、打底裤，手挽着7000大洋的意大利制造Tod’s G-bag，包包上还挂着一只小熊造型的名牌挂件，一身贵气引得不少路人侧目。上午看到有记者在机场拍摄，郭晶晶冷眼相对；晚上离开时，她也不时警觉地到处张望。办完登机手续，她终于松了一口气和助手有说有笑。婚期未定的准豪门媳妇“希望大家多给一点时间”此次再度被记者问及是否考虑进入娱乐圈，郭晶晶明显不如之后进场的刘璇那么如鱼得水，她生硬地回答：“不会。”有没有考虑拍电影？回答也是：“没有。”由于郭晶晶每次回答都比提问短，记者不由得追加一个“为什么”，郭晶晶倒是认真地想了想说：“因为我不会。”与霍家二公子的婚事，也是郭晶晶最烦回答的必答题。之前传出她将在11月中旬，嫁给交往4年、家族资产约900亿元台币的霍启刚，记者一求证，她立即给出一个令气氛迅速尴尬的回答：“这是很私人的事情，希望大家多给我一点时间。”场面一下子冷下来。全运会开始前，郭晶晶已被风传嫁入霍家，年末要举行风光婚礼，成为一代巨贾霍英东的孙媳妇。这个传闻使郭晶晶在全运会上成为刘翔之外最红的焦点人物，每次出席都引得大批记者蜂拥而至，好几次甚至冲破护栏。郭晶晶不得不在夺金后表态：“我跟他感情挺好，我们俩还没探讨过这个问题。我觉得现在这个时代，30岁以后结婚很正常，所以不着急。”总之，郭晶晶宣告暂时不退役、不结婚、不从政。霍启刚虽也曾是风流富豪，不过自从和郭晶晶谈恋爱后相当专一，鲜少绯闻，这让郭晶晶对自己成为霍家媳妇很心定。郭晶晶曾说：“当你做着喜欢的事，而后面有人给予精神支持时，哪怕是一条短信、一个电话都给你莫大鼓舞，你因此会开心地继续做下去。”而霍少让她感动的短信太多了，“我无法挑选，很多人问我霍启刚的事，但很少有人真正去了解他为我的付出。”身价千万的文体新名媛：变卖霍家豪宅聘礼只因懒得打理前不久郭晶晶抛售北京崇文门附近本家润园的房产，让许多人以为这场华人界瞩目的恋情有变，然而10月15日郭晶晶29岁生日，霍公子专程飞到北京为女友庆生，粉碎了谣言。这套房子据说是2006年霍家以300多万元买进送给郭晶晶的聘礼，而以郭晶晶不差钱的身价而言，这套房子不过是她的一个广告收入而已。如今，郭晶晶以452万挂牌出售这套房子，被几经揣测。郭妈妈主动出来爆料称，抛售是因为物业闲置，不便打理。据报道，她和霍启刚恋爱期间，霍家先后送了3套物业给她当礼物，其中最贵的一处是一个北京四合院，市价超一亿。此外，郭晶晶获奥运冠军后，先后获得政府和房地产开发商赠送的多处房产。除了竞技状态保持良好，郭晶晶作为体育明星，吸金能力也超强，拥有牛奶、洗衣液、家电、饼干等多家商业品牌的代言合约在身。2009中国福布斯名人榜上，郭晶晶超越刘翔高居第4位，15家各类广告代言收入超过3000万。显然，豪门名媛的生活最适合未来的郭晶晶，据说她专门练过怎么走台步、摆Pose，如今又开始学英语。训练之余，她有意识地去看一些时尚杂志，了解流行信息。目前，郭晶晶还在中国人民大学学习工商管理专业，为名媛之路铺平基石。 我要评论,4,3,0.5806897282600403
"建行提升首套房贷门槛 二套房利率多家银行7折当下，各家银行的信贷经理们忙乎得有点反常。“成交量不降反升，这不像往年年尾的状况啊。”中信银行二手房贷款客户经理孔艳说，她今年已经做了两个多亿的单子了，没想到临近岁末却还迎来小高峰。“其实都是被房贷7折利率优惠要取消的传言给闹的。”深发展客户经理李先生说。近日，“房贷利率优惠明年或叫停”的报道引起猜测纷纷。随着优惠利率将取消的风声加紧，伟嘉安捷市场主管吴昊告诉《华夏时报》记者，对未来政策的预判性不明，导致不少业主出现急售房产的现象。而业内相关人士则表示：目前政策面并没有文件传达，只是各家银行有自主权依据自身情况决定7折利率是否要取消。建行给首套房贷提高要求记者以购房者身份调查得知，广发、中信、深发展、北京银行对于资质够好的购买二套房的改善性住房客户仍可给到首付四成，利率7折或7.01折的优惠。“我们暂未收紧二套房的利率优惠，购买二套房的客户只要首付40%，属于改善性住房的话还可以申请到7折优惠。”北京银行客户经理赵先生告诉记者。上述中信银行客户经理则对记者表示：只要没什么严重的不良信用记录，在该行申请到7折利率也不会有多大的难度。她最近发放的贷款就有很多都申请到了7折优惠。“但是如果两套房子的月还款额占比家庭总收入超过55%的话，那或许申请就通不过了。”广发银行房贷工作人员告诉记者，该行目前仍可给改善性住房客户申请到7.01折利率优惠。这边二套房还在大给优惠，建设银行却给首套房也提出了要求：首付四成才可以给出7折利率优惠；如果首付两成，只能享受到利率8.5折优惠。“如果是二套房，不属于改善性住房的话，利率肯定是上浮10%的。”建行信贷经理非常肯定地告诉记者。语气变得谨慎的还有招行的信贷经理，他极其巧妙地告诉记者：“如果你资质够好的话，我们也可以申请到下浮30%。”“那能申请到下浮30%的概率是多少？”面对记者的追问，他表示：无法承诺，因为利率随时有收紧的可能。“你争取这个月就把手续办完了，说不定政策哪天说变就变。”工行和深发展客户经理则这样说。贷款审批不过或要付违约金在某广告公司当项目经理的王先生最近有点郁闷，他说，他预订的某小户型因为没有办法贷到八成，最终只得放弃购买了。最终他无奈地从开发商那里把预交的定金取了回来，“还好，这不是因为我的原因造成的无法成交，不用给开发商违约金。”而记者了解到，在二手房过户过程中，买卖双方也会有一个补充协议，买方也需要向卖方支付一定的定金，如果因为买方原因导致交易无法完成，买方须向卖方支付双倍定金的违约金。“主要还是看双方的补充协议是怎么定的，如果因为贷款申请不能通过导致交易无法完成的约定，付违约金的情况也是会存在的。”吴昊告诉记者，这种情况下，买方就只能支付全款来购买房屋了。“所以还是双方的协议要沟通、约定好。”而据某网站的调查显示：已经买房或是准备买房的网友中，九成以上的人选择贷款购房，仅有6.85%的网友全款付清。吴昊表示：如果买方因为信审未能通过贷款审批，而又无法全额付清房款的话，那么就只能“撤单”。“中介公司这时候是没有任何费用产生的，只是交易成功后要收房款总价2.5%的服务费。”八成网友持观望态度 结合“房贷利率优惠明年或叫停”报道的种种猜测，某网站推出的“住房贷款意愿调查”显示：67.12%的网友认为住房信贷政策变化对自身购房有影响；面对住房信贷全面收紧的可能，79.45%的网友选择“继续观望，静观其变”，只有20.55%的网友则“不再观望，果断出手”。“取消只是迟早的事情，因为现在房市已经过热了，国家要求开发商降价也不现实，所以只有通过一些政策的微调来对市场进行调整。”某商业银行消费金融中心工作人员对记者表示，“但是我觉得或许还是老人老办法，新人新办法。不过因为利率优惠而去抢这个时间却不见得可取。虽说大跌不可能，但是调整总是会有的。”而11月5日，住房和城乡建设部政策研究中心副主任王珏林在接受媒体采访时表示：鉴于目前经济回暖、房地产市场向好的形势，去年出台的一系列楼市优惠政策有可能在年底到期终止。北京市理财规划师协会会长、北京东方华尔金融咨询有限责任公司总裁刘彦斌也撰文指出：第一套房贷的7折优惠利率取消是早晚的事情。其原因是：实行7折优惠利率是政府的临时性措施,目的是为了刺激房屋购买，现在基本达到目的。再者因为贷款利率是根据央行的基准利率逐年浮动，目前又是利率低点未来是上升趋势等原因，所以该买房的还要买房,该还贷的还要还贷，利率不是买房的决定性因素。“贷款买房的人在买房时,就应该考虑到利率上升的因素,来计算自己的偿还能力。”而来自 “伟嘉安捷”的消息表明，以往多数业主不愿意接受购房人使用公积金贷款，因为公积金流程慢于商业贷款，会影响业主拿到房款的时间，而如今多数业主出于对政策未知的考虑，大部分人同意购房人使用公积金贷款买房，这也是导致公积金贷款交易量有所上升的重要因素之一。伟嘉安捷指出，其实在借款人资料准备齐全且配合办理的情况下，一般10个工作日左右即可完成批贷、放款。我要评论",4,1,0.854033887386322
曾荫权担心资产价格升幅过急导致另一次危机十一月十三日，亚太经济合作组织(APEC)工商领袖峰会(CEO Summit)在新加坡新达城国际会展中心揭幕。香港特区行政长官曾荫权当日上午参与大会的对话发言。 中新社发 郑祚声 摄中新网11月14日电据香港大公报报道，正在新加坡出席亚太经合组织会议的行政长官曾荫权表示，美国的低利率政策已导致美元利差交易出现，令资金流向其它地方，助长投机活动。他担心一旦资产价格升幅过急，将可能导致另一次资产泡沫危机，因此各地政府应加强监察及合作。曾荫权说，香港经历九七年金融风暴后，已优化银行、金融和借贷制度，有信心香港能够在金融海啸后加快经济复苏。曾荫权昨日在APEC工商领导人峰会一场有关“规管金融及全球增长”座谈会上表示，上世纪八十年代末，日本为应付经济衰退，实施零利率政策，令资金因而流向亚洲其它地区。当时亚洲国家和地区未有留意热钱流动及资产价格上升至危险水平，结果引发亚洲金融风暴。曾荫权指出，目前美国低利率政策与当年日本情况相若，因为美元利差交易已导致资金流向其它地方。他说，“钱流到哪里，问题就在哪里”，目前在亚洲多个地区，包括韩国、中国台湾、新加坡和中国香港等，资产价格再度上涨，甚至资产价格的水平已与基本面不相称。他担心资产价格升幅过急，将有机会导致另一次资产泡沫危机，希望政府及企业界保持警戒，而各地政府应加强监察和合作。去年九月底美国爆发金融海啸，并快速蔓延至全球各个经济体系，不少国家或地区迄今复苏速度十分缓慢。曾荫权说，香港与亚洲各经济体一样，在九七年金融风暴一役累积了经验，并且优化了银行、金融和借贷制度，包括限制股票市场无货沽空、增加市场透明度、在促进市场发展及保障投资者之间取得平衡等，因此金融海啸爆发以来，香港的复苏速度较不少地区快，银行体系亦没有受到重大冲击，显示香港的规管具有一定成效。曾荫权表示，香港将会参考各经济体处理金融危机的经验，继续对抗金融海啸，有信心能够加快经济复苏步伐。不过，他说，香港必须留意可能出现资产泡沫，而金融危机的其中一个启示，就是不能过分依赖单一行业，所以施政报告提出发展六项优势产业。 我要评论,4,7,0.9218983054161072
 盘点全球10个最环保城市之三波特兰特点：绿色建筑、发展轻轨波特兰是美国第一个将节能减排作为一项法律推行的城市。除了“绿色建筑中心”，该城市还大力推行环保交通工具，轻轨、巴士和自行车是波特兰市民主要的出行工具。为了鼓励更多市民选择亲近自然的生活方式，波特兰市政府在城内开辟了近56万亩的绿地以及长为120公里、供市民散步和骑脚踏车的专用道。新加坡特点：“零能耗”建筑作为亚洲的“花园城市”，新加坡在环保方面的努力一直有目共睹，长达12年的口香糖进口禁止令就是例证。2009年，新加坡第一座“零能耗”建筑也将竣工。这座由旧楼改造的建筑，能源利用率将比常规建筑高60%，屋顶采用总面积达1300平方米的太阳能板供电，并与公共电力网相连，可做到电力的互相补充，内部还装有感应器，能自动调节室内的冷气系统。多伦多多伦多特点：LED照明系统、深层湖水冷却系统早在2002年，多伦多为解决“热岛效应”(由于城市化发展，导致城市中的气温高于外围郊区的现象)，就已开始在城市建筑的屋顶种上绿色植物，改善环境质量。去年，多伦多宣布将用LED照明系统取代传统灯泡和霓虹光管，以节省用电，在维护夜景的同时，减少城市的光污染。此外，多伦多市的一些建筑将利用安大略湖的湖水冷却降温，以缓解电力供应。  我要评论,4,5,0.9217407703399658
住建部官员：房产市场不健康 解决囤积是关键 中新网苏州11月28日电(郭斐斐)住房和城乡建设部政策研究中心副主任王珏林今天在此间开幕的国际旅游地产主题研讨会上表示：当前房产市场不健康，应保持政策的连续性和稳定性，解决开发商中存在的“囤地囤房”关键问题。王珏林在国际旅游地产主题研讨会上发表演讲，分析中国房地产市场形势和趋势。他表示，“目前的房价处于历史最高水平，房价涨势非常快，但这不代表当前的房地产市场是健康的。”王珏林指出，当前中国的房地产“消费过于集中，不是一个正常的市场”，这样带来了多种危害，不仅抬高了房价，抑制主流产业发展，也扰乱整个房地产市场。数据显示，中国70个大中型城市房地产价格10月同比上涨3.9%，高于9月份2.8%的涨幅。王珏林指出，当前房地产市场上有不规范现象。一些开发商“囤地囤房”，销售不诚信。他说，为了使房地产市场健康运转，一方面，应保持政策的连续性和稳定性；另一方面，要及时解决当前房地产市场中暴露出的问题，特别是一些开发商“囤地囤房”的行为。他说，“小病不医，必成大病”，解决屯积问题是关键。另外，王珏林建议，加强对租赁市场的培育，通过盘活社会资源，增加市场供应，同样也是促进房地产稳定发展的策略之一。 (完）我要评论,4,7,0.5957682728767395
企业不得为职工购房 晨报讯(记者 邢飞)针对部分企业高福利的状况，财政部企业司有关负责人昨天表示，根据相关政策规定，企业不得为职工购建住房，不得承担馈赠等支出。这位负责人昨天是在《关于企业加强职工福利费财务管理的通知》相关问题答问时做上述表述的，今年 11月12日，财政部引发该通知，除了明确企业职工福利费范围，还规定企业要将包括饭补、车补、房补等福利一起纳入职工工资总额进行缴税。这位负责人表示，据2008年全国国有及国有控股企业财务决算反映，中央企业人均福利费支出为3387元，占工资总额的7%，其中最高的企业人均福利费支出为4.46万元，占工资总额26%，最低的企业人均福利费支出为149元，仅占工资总额0.6%。今年以来，中石油“购房门”等事件，一度引起舆论关于央企福利激烈讨论，这位负责人表示，企业职工福利费是人工成本的重要组成部分，直接关系国家、企业和个人的利益分配。“当前有些企业随意调整费用的开支范围和标准，侵蚀国家税基，侵害企业投资者权益，也有任意压缩开支而侵害职工合法权益的情况。还有部分福利费发放或支付不合理，因此扩大了社会收入分配差距。”■专家解读《通知》主要针对垄断、国有企业中国人民大学财政金融学院教授安体富指出，目前，我国企业职工的工资比较复杂，除了基本工资之外，还有很多项目，有的连个人都搞不清楚，这使得一些企业借福利费之名随意调整开支，这既不利于规范企业的财务管理，也不利于规范企业的工资管理。“这一通知在财务上规范福利费，也的确针对一些高福利性质的垄断、国有企业。”安体富指出。企业职工福利费财务管理办法(部分)已实行货币化改革的按月按标准发放或支付的交通补贴或者车改补贴、住房补贴、通讯补贴，无论是直接发放给个人，还是个人提供票据报销后支付的，由于已形成对劳动力成本进行“普惠制”定期按标准补偿的机制，具有工资性质，因此，应当纳入职工工资总额，不再纳入职工福利费管理。未实行货币化改革的企业为职工提供的交通、住房、通讯待遇相关支出，如企业为职工提供的上下班班车、集体宿舍等相关费用，作为职工福利费管理。但需要强调以下几点：一是根据《企业财务通则》第四十六条和国家有关企业住房制度改革政策的统一规定，企业不得为职工购建住房、支付物业管理费。二是根据《企业财务通则》第四十六条的规定，职工个人娱乐、健身、旅游、招待、购物、馈赠等支出，不得由企业承担。三是企业生产经营发生的或者为管理和组织经营活动发生的、不定时间、不定金额、据实报销的市内交通等费用，既不具有工资性质，也不属于职工福利费，仍按原有规定列作企业成本(费用)。我要评论,4,7,0.6921612024307251
两房抵押贷款收益率升至一个月高点新浪财经讯 北京时间12月5日凌晨消息，据国外媒体昨日报道，房地产抵押贷款融资巨头房利美(Fannie Mae)和房地美(Freddie Ma)的抵押贷款债券收益率周五上升至一个月以来的最高水平，原因是有迹象表明就业市场正在改善，暗示住房新贷款的利率从历史低点回弹的趋势可能延长。数据显示，截至美国东部时间11:05(北京时间5日0:05)为止，房利美当前票面利率的30年期固息抵押贷款债券的收益率上升0.13个百分点，至4.29%，创下自11月6日以来的最高水平。这一收益率高于11月30日的3.90%，暗示抵押贷款平均利率也将呈现出类似的上升趋势，后者在最近一周下跌至历史低点。房地美称，在截至周四为止的一周中，30年期固息抵押贷款的平均利率下跌0.07个百分点，至4.71%，远低于6月份创下的今年高点5.59%。房利美抵押贷款债券与10年期政府债券之间的收益率差距在周五增长0.01个百分点，至0.79个百分点。11月24日，这种收益率差距为0.68个百分点，创下自1992年以来的最低水平。推动抵押贷款收益率周五上涨的主要原因是，美国劳工部当日早些时候公布的非农就业报告推高了基准国债的收益率。非农就业报告显示，11月份美国就业人数减少1.1万人，创下2007年12月以来最小的月度裁员数字；失业率则下滑至10%，这两项数据均远远好于市场预期。美联储买入了1.25万亿美元的所谓机构住房贷款债券，从而在今年大多数时间里将抵押贷款收益率与基准国债收益率之间的差距维持在历史最低水平。机构住房贷款债券是指房利美、房地美和吉利美(Ginnie Mae)所发行的债券。富国银行(Wells Fargo &Co)驻北加利福尼亚州夏洛特的抵押贷款债券分析师格论·舒尔茨(Glenn Schultz)在12月2日公布的报告中称：“住房市场正处于复苏的早期阶段，但我们认为，在住房市场能够自我维持复苏进程以前，政府很可能需要在明年上半年以前提供支持。”(唐风)我要评论,4,1,0.680169939994812
"温州商人迪拜沦陷记提要：当海水退潮时，才知道谁在裸泳。如今，在迪拜的温州商人就面临这种尴尬。席卷全球的金融危机使其遭受重创，不期而遇的迪拜世界公司债务危机，又使他们的生意、投资雪上加霜。陈周锡/文当海水退潮时，才知道谁在裸泳。如今，在迪拜的温州商人 （下文简称“温商”）就面临这种尴尬。席卷全球的金融危机使其遭受重创，不期而遇的迪拜世界公司债务危机，又使他们的生意、投资雪上加霜。多位在迪拜经商、投资的温商，日前在接受本报记者采访时说，他们的生意开始企稳回升，但交易额仍只有去年同期的40％至70％，“大家都在撑着，等待经济转好。”同时，前几年一窝蜂去炒房，几乎在迪拜人均一套房的温商，正忍受着房地产市值大缩水带来的煎熬。一位迪拜温商说，迪拜世界公司的债务危机，将会使当地经济复苏放缓，“之前有所回升的市场信心，又好像一下子被击碎了，这将直接影响到中国商人。”有“中东门户”之称的迪拜，辐射亚、欧、非三大洲，是中东地区最大的贸易集散地，也是中国商人在海外的重要据点之一。在这里，据说现有十五六万中国人，其中温商就约占10％。据统计，中国对阿联酋的出口总额，由2000年的20亿美元剧增到2008年的282亿美元，中东已成为中国外贸产品的新兴市场，温商在其中功不可没。然而，这个中国最为活跃的商人群体，却在今年市场的潮落中损失最为惨重。从俄罗斯灰色清关，到山西煤改事件,再到迪拜炒房被套，备受争议的温州资本“屋漏偏逢连夜雨”。阿联酋温州商会会长、亚洲商务卫视董事长、华星集团董事长王伟胜说：“我们都需要反思”。商贸起家在第一批到迪拜温商的介绍下，1998年王伟胜到迪拜进行考察，去之前他对这里并没有抱多大希望，“如果不行，就当一次出国旅游。”考察中，迪拜开放的商业环境很快就吸引了他，自由港迪拜只有5％的消费税，且位处欧、亚、非中转贸易的交叉点，拥有得天独厚的地理位置。“当时，在迪拜做生意的温州人还不多，那时还是日韩、伊朗、印巴商人的天下。”与大多初入迪拜的温商一样，刚开始王伟胜也以转口贸易为主，随后他的服装生意一度辐射整个中东甚至北非地区。这时，中国取代日本成为阿联酋最大商品进口国。2003年，王伟胜把业务扩展到鞋子、家具、床上用品等，成为不少国内厂家在阿联酋、中东地区的总代理，后来他成立了华星集团。事实上，从2000年开始，在迪拜政府宣传下，温州、义乌、福建等地贸易商蜂拥而入，主要销售五金电器、皮鞋、箱包、打火机、灯具等商品。随后，迪拜相继出现了中国建材城、鞋城、眼镜城，以及2004年中国人建的上千个摊位的迪拜龙城，主要为华人提供商铺租赁。随之而来的是竞争。2004年，王伟胜的生意开始走下坡路，“尽管销量还比较好做，但利润已急剧下降”。王伟胜说，在高度竞争下，商贸的不确定性还是让他感觉到不安定。与他同期进入迪拜的温商，开始酝酿多行业投资或转战他国市场，其中不少人将目光锁定房地产。2005年，王伟胜也买了几处房产，同时创办了阿联酋迪拜华人网，给前去中东淘金的华人提供贸易方便，后来成为中东最大的中文门户网站。随后几年，大量中国产品，仍源源不断地通过迪拜输往亚、非、欧。王伟胜说，这些产品还是以中低档的小商品为主，之间的价格竞争比之前更加激烈，一件商品赚几毛钱极为常见。而在大型超市、商场里，几乎看不到打中国牌子的产品，“实际上很多产品也是中国制造，只不过贴的都是别人的牌子，可见中国产业的转型升级任务有多艰难。”去年8月美国金融危机开始时，迪拜温商还在“隔岸观火”地说，我们没有影响。然而，三四个月过去，他们才意识到危机的严重性——外商集体失踪、生意一落千丈，“火烧连营”已不能自救。今年初，恰在农历春节前夕，迪拜港的货物堆积如山，温州经销商大量甩货，“还有的企业负责人，赶往迪拜为经销商甩货。”迪拜温州商会会长陈志远说，目前甩货只是极个别现象，从今年三季度开始，迪拜外贸稳中有升，虽然迪拜世界公司债务危机会影响华商信心，但对贸易不会产生很大影响。尽管如此，迪拜世界公司债务危机发生之后，迪拜城内龙城等几条批发商业街道的租金在债务危机爆发后下跌10％。一直不打折的迪拜七星级帆船酒店暗地里推出促销活动，房型170平方米的单卧豪华套房，每间夜售价现为1210美元，约为门市价2951美元的4折。颇具知名度的亚特兰迪斯五星级酒店，最近也打出了亲情价招徕顾客。迪拜旅游公司负责人李明说，今年9月阿联酋正式成为中国公民组团出境旅游的目的地，“即使这样，除初开通时的几批游客外，之后游客一直比较少。”据统计，8月份，迪拜出境游同比下降32％，入境游同比下降45％。李明说，今年6月迪拜官方公布，市场上有14万张空头支票，“有些商人的资金流紧张，甚至消失得无影无踪。”他认为，迪拜世界公司债务危机将使迪拜贸易复苏至少推迟一年。有人动手了在贸易中实现原始资本积累后，很多温商开始把投资目光转向房地产。2000年，迪拜允许卖房给外国人，这意味着外国人不仅可以拥有永久产权的房产，还能拥有永久产权的土地。一位在迪拜从事房地产中介的黄姓温商说，出于经商便利考虑，少数人在当地买了房子，起初的投资味道并不重。从2003年开始，与国内房地产价格高涨一样，迪拜的楼市也在一路看涨，于是一些寻求资本突围的迪拜温商开始大量买房，2005年前后王伟胜也买了几处房产。从2006年开始，温商开始在迪拜炒房。王伟胜说，当时不少温州的亲朋好友闻讯赶来，大家筹集资金组成“银团”，用团购价买一栋楼或整层房。然后选出“董事长”，由他决定何时出货，赚得利润按资金比例分摊。一旦出现亏损，银团会召开“董事会”，集体决定何时出货及出货价格。“炒楼是大家合伙做生意，这种投资关系建立在信用基础上，有赚也有赔这很正常。”这种在国内多见的温州炒房方式，也在迪拜找到了生存的土壤。在迪拜，购房者多为看图买房，首付定金为房款的5％，两个月后再续交20％、签订购房合同。于是，大量投机商在两个月时间里，只要用5％房款就可赚到一倍以上的利润，当时因为在迪拜炒房，一年赚两三百万元的温州人不少。但也有一些实力型温商，选择中长线持有物业。比如迪拜“耶稣岛”别墅，2004年刚推出时一幢只卖960万元，去年猛涨到近6000万元，上涨了600％。炒房时间之短、回报率之高，均是一般传统贸易无法企及的，令很多温商流连忘返。上述黄姓房产中介商说，前两三年，迪拜温商主要精力是炒房，贸易已退居其次。“在2007年至2008年，很多炒家抽走实业资金，在迪拜房价高位时相继杀入，少则一两套，多则几十套的期房。”与此同时，在迪拜纷纷出现由温商创办的 “房产中介所”，在为炒家提供咨询服务时，自己也参与了炒房。在迪拜温州商圈中，流行一句话：有钱的去开发，没钱的人去炒房。据知情人士透露，在2005年，一位迪拜温商黄姓老板就手握3个地块，2007年抛售了其中2个小地块，获利至少三四千万元以上。此时，有人建议他高价出售第三个地块，黄老板不愿意，说要建一个医疗器械贸易的“迪拜中国健康城”。2008年初，一位温商斥资3000万元购买迪拜卫星城一块地皮。“如果开发顺利，他们靠图纸卖楼花，资金就可迅速回笼，赚取几倍、甚至十几倍以上的利润，比炒房赚多了。”迪拜的地产狂欢气氛，极大刺激着国内温商的财富神经，于是有人动手了。2007年10月，温商、上海中州国际控股集团董事长胡宾，斥资2800万美元买下迪拜世界岛中的 “上海岛”，计划在总面积111亩的岛上投资12亿元开发58栋别墅，据说此后预订了12套。紧接着12月份，温商、上海进福房地产开发有限公司董事长张进云，温州房地产开发商周建亚分别与阿联酋拉斯海马政府，签订两个房地产开发项目的意向协议书，总投资为70亿元。收获还没开始，危机迅速降临。去年8月，美国雷曼兄弟破产后，国际热钱迅速撤离，迪拜房价开始暴跌，这是温商从未料到的最差结果。一位不愿具名的迪拜黄姓温商说，短短几个月时间里，他投资的迪拜项目土地市值大幅度缩水，从最高时的800迪拉姆/平方英尺，急跌至近200迪拉姆/平方英尺。这与他三年前买下这块地的价格几乎一致。在恐慌心理影响下，迪拜土地交易市场几乎停滞，想抛也无人接盘。他说，该项目土地款绝大部分已经支付，剩下一小部分预付款已向政府申请缓交。目前，温商开发的六七个房地产项目已全部暂停，损失比较严重。知情人士透露，其中胡宾已为迪拜上海岛投资了7000万元以上，“项目已经暂停，等待机会再行启动”。张进云说，由于金融危机等原因，他此后就没有和当地政府签订正式开发协议，也没有为此投入资金。最痛苦的莫过于跟风炒房者。他们要么是忍痛割舍先期投资，撤离回国；要么债台高筑，缴纳高额的银行贷款，如果撑不住，甚至有锒铛入狱风险。上述黄姓房产中介商说，到今年二季度，迪拜房价已从2008年的最高点，回到了2003年水平，“之前翻了600％的房价，又重新回到了起点。”从今年第三季度开始，楼市有了止跌回稳的迹象，迪拜世界公司债务危机又将对楼市信心产生较大影响。困于转型？与众多温商投资房地产不同，王伟胜则选择一次跨行业的转型升级。2006年1月，王伟胜伙同他人斥资买下阿联酋电视台——阿拉迪尔（音译），更名为“亚洲商务卫星电视台（AAB）”（简称亚商视），一举成为中国收购海外卫星电视台第一人，成为他人生的一个转折点。他说，迪拜与中国之间巨大的商业市场和频繁的商业交往，需要一个中文传媒窗口进行沟通，帮助中国厂商在中东建立品牌影响力，这将是一单名利双收的生意。王伟胜之前说，他只是个以贸易起家的商人，对电视台的营运知之甚少。不可否认，那时存在节目比较单一、内容不够丰富，尤其是节目制作、品牌推广、市场规划工作欠缺，而他熟悉的商业活动则比较多。那时迪拜经济如火如荼，使亚商视前景颇为看好。2006年，3位来自传统制造业的温州股东加入亚洲商务卫视，占股20％。去年1月，亚商视引进媒体资深人士高度，出任亚洲商务卫视总裁，并于4月把中国总部从广东迁往杭州北部软件园。“我们必须打出‘中国制造’口号，推动中国产业的转型升级。”高度说，他们的主要工作是牵线搭桥中国地方政府与中东的沟通，同时让企业通过节目合作拓展中东市场，并陆续推出“相信中国制造”等栏目。据悉，与亚商视品牌合作的奥克斯当年在中东地区销售增长了10％以上。之后，亚商视与政府部门、行业协会的合作逐步深入，并掀起了一股中东招商引资热潮。然而与王伟胜不同，很多温商在房地产投资市场流连忘返，失去了转型升级的动力和活力。“这是我们感到后悔的一件事。”温州中小企业发展促进会会长周德文说，温州人一直对迪拜寄予很高的期望，但是现在我们认为投资者应当极其谨慎，避免盲目投资。“现在除了房地产，我们还能投资谁！”一位制造业出生的温州煤老板无奈地说，温州资本逐利性强，房地产仍是暴利行业，准入门槛也比较低，因此成为很多温商产业转型的首选。“并不是所有的企业都能转型升级，这需要企业拥有很强的实力，更需要政府的大力扶持，而温州民营企业大多数规模比较小，且从事的多为产能过剩的轻工业，转型难、升级更难。”温州资本从原先的 “弄潮儿”，被指为今天的“搅局者”，这让亚商视总裁高度忧心忡忡：“他们一窝蜂地去搞房地产，这正常吗？那制造业的转型升级又靠谁？”温州恒生资产管理公司董事长黄伟建说，温州拥有几千亿元的民间资本，如何规范、引导温州资本运作最为关键。 延伸阅读我要评论",4,5,0.35291221737861633
发改委明示投资方向有变 住房建设增加1200亿本报记者 杨仕省 北京报道2010年，国家重点投资投向哪里？12月9日召开的国家发改委全国工作会议给出了答案。这是中央经济工作会议闭幕后的首个部委年终会议。在会上，发改委主任张平表示，明年中国将继续保持合理的投资规模，重点放在在建和收尾项目上，严控新铺摊子。对此，国家信息中心经济预测部王军在解读张平所做报告提及的八个重点投资方向时特别指出，其中第二条是：推动集成电路、平板显示、新支线飞机、核电等重大专项建设。“‘第二条’就是暗示明年要新上什么项目。”王军称。发改委产业协调司冶金建材处一位官员也对《华夏时报》坦言：“‘第二条’将是明年中央投资的重点，此前在提到产业结构调整时总在说新能源、新生物、新医药等宏观大领域，这次发改委通过文件细化到了项目。”而记者分析数据时看到，明年变动最大的投资领域是，住房建设上调1200亿元，“铁公基”项目下调3000亿元。其中，调整后约有4400亿元资金转向促进民生与自主创新的项目。有保有压“明年的中央投资方向基本延续今年的。”张平说，4万亿投资计划不仅在总量上产生了作用，而且结构也是比较合理的。据张平介绍，去年四季度以来，发改委已安排四批中央投资，合计3800亿元。根据官方部署，严控新增项目投资、抑制盲目重复建设成为题中应有之义。“进行结构调整需要做的事情很多，其中很重要的一点是可以通过经济手段来调节。”财政部财政科学研究所所长贾康的观点是，政府只需要给一个导向，让企业通过市场来进行优胜劣汰，就可以起到很好的效果。12月10日，经济学家张卓元接受《华夏时报》记者采访时说，要用政策去引导市场按照效益最大化来调整，而不能够由政府直接来调结构，要淘汰落后产能优化结构，可以充分利用资源税、环境税和消费税等区别对待的措施。此前，发改委政策研究室主任李朴民接受《华夏时报》记者采访时称，今后要重点发展节能环保、新能源、新材料、新医药、生物技术和信息产业等新兴领域，启动一批研发、产业化和市场推广重大专项工程。“宏观调控政策转向结构调整后，会选择一些具有广阔前景的领域加以重点扶持。”张卓元称。国务院总理温家宝近日在河北省调研时指出，我国钢铁行业产能过剩，必须痛下决心，加大结构调整的力度。一些领域已经开始了行动。据悉，近期政府对烟产品消费税的调整，以及频频发布有关资源税、环境税和物业税的信号，预示着结构性税收政策的新举措进入实质性阶段。“本轮结构性税收政策的重头戏在资源和环境，这对调节投资方向、资源配置不无好处，从而以合理的税制结构促进节能减排事业的开展。”发改委高新司一位官员说，资源性产品的价格市场化改革力度只会越来越大。细划投资额度“要把民生工作摆在更加突出的位置。”张平在陈述报告时透露，明年将切实增强内需特别是消费需求对经济增长的拉动作用，促进消费需求持续较快增长。7日，发改委在其网站发布当前我国固定资产投资形势时综述。对于下一步的投资工作，发改委称在继续落实4万亿投资计划的同时，正在研究鼓励和促进民间投资健康发展的若干意见。发改委巡视员熊必琳此前接受本报记者采访时也曾透露，发改委还将围绕生物医药、生物育种、软件和信息服务等新兴领域，启动一批研发、产业化和市场推广重大专项工程。国家发改委副秘书长杨伟民透露，下一步要把结构调整作为主攻方向，“进行经济结构的重大调整将成为‘十二五规划’的重点。”官方数据显示，明年将对各领域投资额度进行调整，住房建设从此前的2800亿元增加到4000亿元，文卫教从400亿元增加到1500亿元，自主创新和结构调整从1600亿元增加到3700亿元；与此形成鲜明对比的是，财政对“铁公基”项目的投资却从原计划的18000亿元下调到15000亿元。“从根本上解决重复建设、产能过剩等问题，必须在深层次上解决这些体制性问题，而解决体制性问题，涉及方方面面的利益调整，因为，经济结构的调整需要一个过程，也需要统筹考虑。”杨伟民说。 我要评论,4,7,0.6705490946769714
国务院邀学者研讨拆迁条例(图)北大法学学者称法制办该举动为“比较积极的回应”；人民日报评论呼吁彻底修改条例11月27日，贵州博宇房地产公司暴力拆迁引发群体性事件，警方对暴力强拆和堵路事件进行调查，拘留２４人。资料图片本报讯 （记者郭少峰）昨天，建言全国人大审查拆迁条例的五名北大法学学者接到邀请，参加明天由国务院法制办举办的座谈会，研讨《城市房屋拆迁管理条例》(以下简称《拆迁条例》)。5建言学者获邀参加座谈会本月7日，北大五名法学学者向全国人大常委会建议立法机关对《拆迁条例》进行审查，撤销这一条例，或由全国人大专门委员会向国务院提出书面审查意见，建议国务院对《拆迁条例》进行修改。昨天中午，5学者之一王锡锌接到了来自国务院法制办的电话邀请，要他们明天去参加座谈会，研讨《拆迁条例》。北大法学院姜明安教授表示，国务院法制办副主任郜风涛邀请他们参加这次会议，并将主持这次座谈会。北大递交审查《拆迁条例》建议书的五名法学学者分别是沈岿、姜明安、王锡锌、钱明星和陈端洪。不过陈端洪因事先安排了其他事务而当天无法到会。另据了解，除了这五名学者，还会有其他学者参加这一座谈会。对国务院法制办的这种做法，王锡锌表示，“这是比较积极的回应”。王锡锌说，之前通过私下渠道了解到国务院法制办对《拆迁条例》比较重视，“也有非正式的交流”。他也了解到这一条例的修改和废除会面临很大的阻力，但现在全社会都比较关注这一条例和拆迁问题，这是一个契机。人民日报呼吁修改拆迁条例此前媒体报道称，国务院正准备修改这个条例，目前已组织国务院法制办、住房和城乡建设部、国土资源部、农业部、林业局等相关部委，进行前期的立法调研工作。《立法法》规定，公民认为行政法规和单行条例同宪法或法律相抵触的，可向全国人大常委会书面提出进行审查的建议，由常务委员会工作机构进行研究，必要时，送有关的专门委员会进行审查、提出意见。王锡锌说，《立法法》只规定了公民有提起违宪审查的建议权，并没有规定立法机关如何回应公民的建议。沈岿也表示，有关部门不一定会开一个先例，对公民的建议要予以回复。沈岿表示，成都唐福珍为对抗拆迁而自焚事件促使他们提出这一建议。《人民日报》12月10日发表“人民时评”称，6年前的孙志刚案废除了《城市流浪乞讨人员收容遣送办法》，希望“悲剧性的个案最终能推动制度的进步”，让城市拆迁立法融入更多现代法治的文明基因，以避免同类事件的再度发生。评论称，在《物权法》出台之后，我国拆迁制度就受到质疑，此次如果能顺应民意和法治潮流，对《拆迁条例》中与上位法相冲突的地方进行彻底修改，无疑是众望所归。案例1《物权法》2007年颁布实施后两年中，各地暴力拆迁事件依然频发。专家表示，应废除《拆迁条例》，涉及财产权的征收征用一定要走法律程序，而非行政程序；政府应完全从商业拆迁中抽身出来。中国政法大学宪政研究所所长蔡定剑：强拆应走法律而非行政程序时间：2009年10月28日地点：青岛事件：张霞自焚抵制拆迁受伤，生死未卜1998年张霞在青岛购买一块180平方米土地开酒楼。2007年6月，这片土地被当地政府卖给开发商做小产权住宅。开发商提供近300平方米的小产权住宅进行置换，她拒绝了这一补偿协议。此后两年内，张霞的房子四次面临强制拆迁。2009年10月28日，张霞在自家门前，面对拆迁挖掘机，将汽油浇在了自己的身上。有媒体评价说，“与成都唐福珍自焚事件不多的区别在于，张霞现在还活着。”张霞的房子随后被拆除。其所在的街道办事处党委书记接受采访时表示，“我们是依法拆除的，张霞的行为是妨碍公务、阻碍施工”。点评：这个拆迁案例，其过程中存在政府征收的特点，如街道办负责等。按照法律，政府可以为了公共利益征收土地，但即使在这一合法目的下，也要考察具体的程序是否合法，手段是否恰当，补偿是否公平适当。公平的补偿应由真正独立的评估机构评估，按市场价格给拆迁户补偿。如价格没有得到认可，应当进行诉讼，法院会对拆迁目的的合法性、程序的合法性、补偿的公平性等进行审查，最后才决定是否拆迁。但按照目前的拆迁条例，诉讼的过程不影响拆迁行为的进行，这是该条例最不合理的地方。我们呼吁废除这一条例，就是要求涉及财产权的征收征用一定要走法律程序，而非行政程序。从国外的经验来看，即使法院最后判决政府胜诉，政府也很少采取强制的手段，因为拆迁不仅是一个经济问题，还涉及到人的情感，对于有些人来说，你给他再多的补偿，他可能也不愿意离开自己的家。案例2北京才良律师事务所主任王才亮:商业拆迁政府应完全抽身时间：2009年11月27日地点：贵州事件：开发商组织数十人暴力拆迁引发群体性事件2009年11月27日，贵州博宇房地产公司组织数十人，携带钢管、撬棍和封口胶对9家住户８间门面进行暴力拆迁，13名正在熟睡的住户被强行拽上汽车拖离现场。这一行为随后升级为群体性事件，拆迁户用４０余瓶液化气罐堵路，造成近万台车辆滞留。警方对暴力强拆和堵路事件进行调查，拘留２４人。警方随后通报，在民警赶赴现场之后，开发商正用２台挖掘机实施野蛮拆除，群众则手持刀具与开发商方面人员对峙，民警制止之后，拆迁人员反而继续催促工人加快拆迁速度。点评：与政府征收模式不同，贵州的这个案例是一种商业拆迁，房屋的原有业主和房地产开发商是一种民事关系，如果双方在价格上未达到一致，那么交易就不应当进行。上述案例完全是暴力拆迁。按照《拆迁条例》，“拆迁人与被拆迁人或者拆迁人、被拆迁人与房屋承租人达不成拆迁补偿安置协议的，经当事人申请，由房屋拆迁管理部门裁决”，将政府置于一种第三方的位置，但《物权法》已明确，仅仅是在涉及公共利益需要的情况下，政府才可以决定是否征收土地，开发商更无权力单方面决定是否拆迁，因此政府应当完全从商业拆迁中抽身出来，并且废除目前商业拆迁领域的许可证制度。按照物权法规定，在土地使用权尚未进行转让的时候，根本不能进行买卖，也就是说拆迁应当在购买土地之前，但目前很多土地都是先卖后拆，已付资金的压力也是开发商不断出现暴力强拆的原因。我要评论,4,7,0.8230794668197632
货币政策明松暗紧 银行放贷将现分化 本报记者 张晓赫 北京报道中央经济工作会议定调的“相对宽松货币政策”并没有完全打消市场上浓郁的政策收紧预期。“尽管定调没变，但2010年国内所面临的大环境与今年会有很大不同，不可能再像今年这样出现信贷天量了。”中国工商银行总行风险管控部人士认为，中央经济工作会议报告中“管理通胀预期”、“增强针对性和灵活性”、“把握好货币信贷增长速度”等要求的出现已意味着政策开始变化。可以佐证的是，中央经济工作会议召开后，央行与银监会鱼贯而出的把握信贷增量以及彻查信贷风险的警示与行动。而在包括摩根大通在内的机构解读中，这已经被看做是明年货币政策微调、明松暗紧的铁证。中信证券银行业研究员朱琰表示，与微调的货币政策相关，监管部门对银行业的监管指标也会趋紧，在此环境下，2010年各商业银行的放贷规模会进一步差异化。“大银行、城商行以及顺利融资的股份制银行信贷规模会进一步扩大。”明松暗紧的货币政策尽管日前的中央经济工作会议最终确认货币政策不变的信号。但对比2008年的中央经济工作会议全力保增长的基调，今年添加的众多修饰性词汇已经开始显示此次政府定调的微调。“其实这已经在意料之中，毕竟经济已经开始回暖，下阶段除了继续稳固经济恢复基础，还要调整经济结构，保证整体的平衡性。”中央财经大学中国银行业研究中心主任郭田勇表示，监管层不会让信贷大起大落，但出于银行体系风险防范也会适度加强调控力度。此前，今年前10个月高达8.9万亿元新增人民币贷款一度让市场紧张是否会引来明年严厉的政策收紧。这种担心在上述工行人士看来不无道理，“上半年的经济回暖更多的是依赖于海量的信贷支撑，如果市场根基没有稳固，盘子越大，滋生泡沫的可能性就越大，积累在银行系统的信贷风险也就越大，监管层也在一直关注这个问题。”这种担心，在此次中央经济工作会议中已经开始显现，尽管2010年防通胀仍然让位于持续稳定经济增长，但“管理通胀预期”已经被提及。与之相呼应，中央经济工作结束后，央行表示未来要控制信贷增长速度，银监会也通知要求各商业银行排查今年前10个月的信贷风险。“如此看来，明年的货币政策在实际执行中基本上会是明松暗紧的状况，监管层对银行会通过存款准备金率等监管指标以及其他杠杆政策来进行微调。”郭田勇表示。在此解读下，各机构对于明年商业银行新增贷款规模的预期都有所下调。中国民生银行地产金融事业部市场总监叶天放认为：“按照2009年贷款余额40万亿元，2010年增速17%~18%计算，2010年新增贷款规模会在7万亿元左右。”摩根士丹利的预测稍高，在7万亿~8万亿元之间。而对于监管层有可能使用的微调工具，中信证券分析师朱琰认为，最优先的监管措施应当是对存贷比、资本充足率等监管指标的监控。“资本金及核心负债将成为影响信贷规模的重要变量”。除此之外，调整存款准备金率、利率的预期也开始增加。“明年存款准备金率将有1.5~2.5个百分点的上调空间，且会优先于利率使用。”叶天放表示。而随着中央经济工作会议继续稳定增长的定调以及市场对于中国将后于美联储加息的判断，各机构也纷纷下调明年中国加息的力度，并将加息时间预测为下半年。中信证券最新发布报告表示，2010年中国加息时点最可能出现在下半年，次数为1~2次。银行放贷分化值得注意的是，一旦货币政策趋紧，监管层与银行的博弈便开始浮出水面。如今，面对货币政策再次趋紧，市场上的大宗资产价格虚高呼声四起，银行普遍中长期负债过高等问题，各商业银行未来的放贷态度则再次引起了市场的关注。“各银行的确面临一系列的系统性风险，但总体来说，由于2009年的市场基本面回升，明年的企业信贷需求会有所增加，资产质量也会有所提升，这一定程度上会吸引银行的放贷。”上述工商银行人士认为。所谓的系统性风险，在业内人士看来既包括大量泡沫风险集中在银行体系，也包含了过去一年中各银行信贷增长严重的结构失衡，国家统计局数据显示，在过去10个月的天量信贷中，超过半数都是以基建、个人住房按揭等为主的中长期贷款。“这意味着银行资产流动越来越差，如何高速且稳健运行是每家商业银行都要面临的问题。”叶天放表示，银行资产的固化也大大加剧了银行的系统性风险，未来各商业银行则需要通过再融资以及发债等证券化手段来补充或增加流动性。但显然各商业银行年底“跑马圈地”的热情，已然昭示了放贷吸引力已大大抵消了对于系统风险的担忧。对此，朱琰表示，在货币政策以及监管指标双向趋紧的情况下，明年的信贷市场可能会产生分化。“资本充足、经营战略激进的银行放贷规模会有进一步增长，这中间包括四大国有银行、城商行以及顺利融资的股份制银行”。而事实的确如此。在今年年底的银行圈地运动中，各城商行的放贷比重显著提高，而四大银行则以地方政府、大型央企为对象协议授信。从授信额度来看，这些协议涉及的贷款金额少则几十亿，多则数百亿，其中还不乏接近千亿的大单。上述工行人士表示，目前工行指定的明年信贷目标并未受信贷微调影响。而叶天放也表示，在金融风险可控范围内，民生银行将继续拓展信贷业务，并为地产金融提供一揽子的打包服务。点击进入本刊更多内容：（中国房地产报）订阅热线：800-810-0909我要评论,4,1,0.9867761731147766
拆迁新制度已形成草案已就新拆迁制度形成草案文件，受邀与会学者表示将就征收、补偿等问题发表意见本报讯 (记者郭少峰)今天国务院法制办将邀请建言全国人大审查《城市房屋拆迁管理条例》(以下简称“《拆迁条例》”)的北大5名法学学者举行座谈会，研讨拆迁制度修改的有关问题。昨天，参加座谈会的学者收到了国务院法制办已经形成的修改后的关于新拆迁制度的草案文件。据了解，同时出席座谈会的还有王利明和梁慧星等民法学者，此外，住房和城乡建设部等部门相关负责人，也有望参加这次座谈会。学者建议废除《拆迁条例》出台《征收条例》此前，全国人大代表、全国人大法律委员会委员梁慧星接受本报专访时表示，应该废除《拆迁条例》，建议尽快出台《征收条例》。国务院法制办今日将在京组织专家学者座谈会，研讨拆迁制度修改的有关问题，国务院法制办副主任郜风涛将主持这次座谈会。此前，国务院法制办曾在官方网站通过回答网友提问的形式表示，“2001年6月13日发布的现行《城市房屋拆迁管理条例》有效。”国务院法制办已就修改后的新拆迁制度形成了草案文件。由于要就这个草案进行讨论，昨天，应相关学者向国务院法制办提出的“不了解草案内容无法形成针对性的讨论意见”，国务院法制办将草案文件专门送给参加座谈会的学者。5位建言学者之一、北大法学院教授王锡锌教授表示，今天的座谈会应该会先听国务院法制办的人士就草案内容做一些介绍和解释。与会学者将就征收、补偿等问题建言昨天接受电话采访时，5位建言学者之一、北大法学院教授姜明安表示，正在研究国务院法制办修改后的关于拆迁制度的草案文件，今天将会就草案中涉及的问题提出自己的意见。姜明安说，会就理顺拆迁过程中涉及的征收、补偿和拆迁的关系发表意见，但拒绝进一步透露自己发言的内容，“因为我的发言是针对草案内容的，这涉及草案的具体内容，而现在草案内容还不便透露。”昨天，另一位与会学者沈岿表示，自己也是对座谈会发言作了准备。他表示，自己的发言会涉及政府在拆迁中扮演的角色，补偿和征收程序等。根据法定程序，新的拆迁制度的修改最终会征求社会意见，“要让社会各方面参与，了解在实际当中遇到的具体问题。”我要评论,4,7,0.8915762901306152
二套房信贷政策很可能被严格执行据新华社北京12月16日电 (记者王宇、姚均芳)本月以来，中央接连释放房地产市场调控信号，日前国务院常务会议更是明确提出“遏制部分城市房价过快上涨的势头”，提出“加大差别化信贷政策执行力度，切实防范各类住房按揭贷款风险”、“加强房地产信贷风险管理”等房贷政策。在新一轮市场调控之下，房地产信贷政策会呈现怎样的变化？新华社记者就此采访了相关人士。“二套房”信贷政策很可能被严格执行记者就会议中“加大差别化信贷政策执行力度”的提法致电中国人民银行等有关部门，相关人士表示，目前并不清楚是否有具体细则出台，但2007年出台的加强商业性房地产信贷管理政策已强调了差别化信贷原则，关键是银行是否遵照执行。“‘加大差别化信贷政策执行力度’，是国务院会议提出的‘运用金融等手段加强和改善对房地产市场调控’的体现。根据这一原则，明年银行将会针对不同类型的房地产开发和购房需求予以不同的金融对待。”中央财经大学中国银行业研究中心主任郭田勇说。“从开发贷款来说，银行会优先保证经适房、限价房的贷款需求，对高房价地区、高价住房的风险会充分考虑。从按揭贷款来说，银行信贷投放会区分高中低档住房，将对执行利率的优惠程度、首付比例等进行区别对待。”中国建设银行高级研究员赵庆明指出，目前暂未收到相关具体指导意见，预计未来央行、银监会会对此制定并出台具体相关指导意见。“在个人住房按揭贷款方面，此前央行、银监会制定的‘二套房’信贷政策今后很有可能会被严格执行。”郭田勇说。2007年9月，央行、银监会联合发布了《关于加强商业性房地产信贷管理的通知》，根据通知，第二套(含)以上住房首付比例不得低于40%，贷款利率不得低于基准利率的1.1倍，贷款首付款比例和利率水平应随套数增加而大幅度提高。预计将从严管理房地产企业开发贷款此外，对于国务院常务会议提出的“加强房地产信贷风险管理”的提法，专家预计明年银行会对房地产企业开发贷款进行从严管理。今年以来，我国房地产市场异常火爆，企业资金异常充裕，这与开发商较以往更容易获得银行信贷有着直接关系。国家统计局数据显示，今年前11个月我国房地产开发企业资金来源中，国内贷款接近9000亿元，个人按揭贷款超过7000亿元，前11个月总计流入房地产的信贷资金超过1.6万亿元，此数据比去年同期多出六成。而在今年全国9万多亿元的银行新增贷款中，约1/6流入到了房地产开发领域。过多的银行资金进入到房地产领域无疑会埋下一定信贷风险。记者了解到，有些开发商从银行获得贷款后，不是用在了支付工程款等开发领域，而是投入到土地市场，用来在土地市场上拿地，拖欠了工程款不说，还推高了土地价格，加剧房价上涨压力，最终加大了房地产信贷风险。“房价若再大幅上涨，银行房贷就将面临巨大的系统性风险。如果银行贷款无法按期偿还，就会进一步加剧银行的呆坏账，从而引发银行业的动荡。”中国社科院金融所研究员尹中立认为，迪拜危机以及此前的香港楼市泡沫、日本楼市泡沫都表明，房地产开发过度依赖银行信贷容易带来信贷风险。“明年银行一定会控制和杜绝违规放贷，对开发商资质、自有资金状况、管理情况进行从严审核。”郭田勇说。记者了解到，银监会近日已要求各大商业银行对当前面临的六大风险进行全面自查。其中，房地产行业信贷风险位列其中。我要评论,4,7,0.3741331100463867
传郭晶晶欲落户香港战伦敦奥运 装修别墅当婚房    首届中国跳水明星系列赛武汉站的比赛昨晚落幕，“跳水女皇”郭晶晶并没有像之前媒体报道的那样前往参赛。前天，中国跳水队领队周继红表示郭晶晶将以“休养”为由淡出，并称“并不排除退役的可能”，这立即引起人们的猜测：难道郭晶晶和霍启刚的好事将近？据香港媒体昨天报道，郭晶晶不惜放弃明年的广州亚运会，原因就是她将在明年嫁入霍家。他们的理由有两点：其一，郭晶晶已准备装修前段时间霍家所赠的北京五环外一高档别墅；其二，霍家已着手准备通过“优秀人才入境计划”(简称“优才计划”)为郭晶晶尽早落户香港。休养实为退役做铺垫据记者了解，郭晶晶这次以休养名义暂别泳池，实际上就是退役的“温和式”说法，一位跳水队内部人士告诉记者，“谁都不希望这么优秀的运动员退役，但她已到了结婚的年纪，这次休养其实就是退役，只是为了给大家一个可以接受的空间和缓冲而已。”其实，周继红前天的表态中就非常“暧昧”，“(郭晶晶)在明年一年的恢复期内，如果情况好，可能重新恢复训练，如果不好，也许就退役了。”而据郭晶晶的一前队友透露，霍启刚其实很传统，老早就不想自己的未婚妻在外抛头露面了，“加上两人聚少离多，霍公子本来就不舒服，也劝过郭多次，而郭很在乎两人的感情，也很在乎自己的事业发展，随着北京奥运夺冠，郭晶晶终于可以‘让爱做主’了。”装修豪宅作北京婚房现在，越来越多的迹象都在表明郭晶晶和霍公子的婚期已近。昨天，香港一媒体爆出郭晶晶正准备装修去年霍家所赠的价值3000万人民币的豪华别墅，并称“这很有可能就是他们俩在北京的婚房！”据说，这套别墅位于北京海淀区四季青镇门头村，在五环以外。据记者了解，该楼盘的中式院落独栋别墅面积为300—550平米之间，另外，每栋别墅送150平米的地下室。该别墅在2007年的预估开盘价就高达55000—60000元/平米。难怪媒体都将这一带的房子称作“北京顶级私人豪宅群落。”另外，香港众多娱乐狗仔近日都在霍家大宅薄扶林沙宣道33号门口跟拍，希望能捕捉到一些霍家筹备婚礼的细节。目前霍家大部分成员都住在这栋估价4亿港币的豪宅内。申请参加香港“优才计划”一方面，香港媒体对郭晶晶准备将北京的豪宅装修认作“出阁”的前奏，而另一方面，有消息称，郭晶晶已向国家体育总局申请，准备通过香港地区推出的“优才计划”落户香港。“优才计划”是香港2006年推出的引入优秀人才落户的特别通道。郎朗2006年11月27日正式成为香港居民，成为该计划启动后的首批名人。当时，奥运冠军伏明霞、钢琴王子李云迪等均在首批入选之列。以奥运冠军的身份，加上“准公公”霍震霆极广的人脉，郭晶晶通过这条路落户香港应该不成问题，当然，前提是必须先获得中国跳水队和国家体育总局的同意。现在距离伦敦奥运尚有一段时间，如果郭晶晶落户成功，到时状态允许的情况下，她届时代表中国香港参加伦敦奥运会也不会令人意外。本报记者 谢礼恒我要评论,4,0,0.2898649573326111
北大五学者建言的背后故事12月7日上午11时半，我赶到了北大法学院5楼会议室，在现场看到了姜明安、沈岿、王锡锌、钱明星和陈端洪五位法学学者。签字时，姜明安老师看到身份证号码时还在问，非要写上身份证号码吗？沈岿跟他说，这是证明建言者是中华人民共和国公民。沈岿第一次看到唐福珍自焚的视频时跟学生们在一起。他非常感伤，特别的郁闷：一个公民在机器面前，以及在机器背后的政府面前太柔弱了。当时他失态了。谈到这段的时候，我还能听出沈岿声音的变化，仍能感觉到他细腻的感情和内心的郁闷。他说，不知道自己会不会哪天也面临被拆迁的问题，但起码他的亲属中已经有人面临这个问题。沈岿曾在2003年 建议全国人大常委会，审查《城市流浪乞讨人员收容遣送办法》，当时是因为大学生孙志刚的死亡。当时的结果是一个月后国务院宣布废除《收容办法》。这次又是在一个公民唐福珍自焚而亡的情况下，他又参与建议全国人大常委会审查《城市房屋拆迁管理条例》。他接受采访时流露出一丝无奈，为什么非要用公民的死亡来换取社会和相关部门对不合理法律法规的改变，用他的话说，就是“挺悲哀的”，应该有人站出来。除了学者，沈岿特别强调自己的公民身份。在本报就他们建言事件报道时使用“上书”的字眼，他感到不适。现在是公民时代，在法律上明确了公民“建议”的权利。作为老师，沈岿不只一次跟我说学生在建言起草过程中起到的作用，以体现对这些学生劳动成果的尊重：成协中、林良亮、孙宇和薛启明这几名博士生帮助他们收集了相关资料。虽然国务院法制办副主任郜风涛并不认可学者建言与召开相关专家座谈会之间的因果关系，但不可否认的事实是，五名参与建言的学者都得到了邀请，只有陈端洪因为事先安排其他事情而没有参加而已。沈岿事后说，新的条例草案与他们建言的内容基本一致。不过，就在他们参加座谈会的当天，媒体报道了海淀区席新柱自焚应对拆迁的事情。用沈岿给我回的一条短信的话说，那就是“路途还漫长，农村大片土地和房屋还要我们密切关注”。□郭少峰(新京报中国新闻记者)我要评论,4,5,0.8252634406089783
住建部长约见200副市长 督促清理房产优惠政策本报记者 晏耀斌 北京报道所有与房地产有关的部门，近来神经都绷得很紧。2009年12月18日，住房和城乡建设部(下称住建部)全国建设会议在北京召开。一如过去，住建部对外保持着高度的警惕，尤其是对新闻媒体，能够进入会场的只有新华社等六家中央媒体。在楼市政策频繁出台之际，作为房地产市场主管部门的会议，还是吸引了大批新闻记者蜂拥而至，但均被拒之门外。记者了解到，住建部邀请了600多位副市长参会，最终有200多位副市长到会，北京等一线城市大部分到会。而住建部部长姜伟新在会上表示：经济适用房面向范围将从低收入者提升为中低收入者；严格监督地方政府加快清理各种房地产优惠政策。《华夏时报》还从一现场记者处了解到：住建部这次年度会议不单单局限在总结2009年和部署2010年工作。这一点，从拟邀600名地方副市长就可以看得出。“这些副市长几乎都是主管城建工作的，而且这样的邀请在住建部年度会议中还是首次。”上述记者透露。据一住建部内部人士透露：会议分两个部分：上午为住建部领导讲话，下午分组讨论。由于上述六家中央媒体记者事先都得到住建部“不得透露会议内容”的关照，该记者很谨慎地说：“从这些天中央出台的楼市政策和住建部的职能，其实可以想象得到会议的内容。”上述住建部人士告诉记者，约见这些副市长的目的有两个：其一，统一思想贯彻“国四条”；其二，协商完成保障性住房计划，但两者联系紧密。“国四条”指的是12月14日国务院常务会议决定完善房地产市场健康发展的四条意见。“住建部约见地方副市长的行动发出的信号非常明显：党中央和国务院对当前部分城市房价涨速太高高度关注。而住建部就是通过这样的行动，和地方统一思想，不折不扣地执行中央政策，保证房地产市场健康发展。”继中央经济工作会议后，相关领导不断对楼市进行表态。在营业税优惠政策取消后，12月17日，国土资源部、财政部等五部委联合发出《关于进一步加强土地出让收支管理的通知》，要求：加强土地出让收支管理，要求地方政府不得截留、滞留、分期收取土地出让金。一般土地出让收入必须在1年内缴纳，特殊情况必须在2年内缴纳，首付不得低于50%。那么，住建部会不会有什么具体的措施呢？上述住建部内部人士还表示：“11月中旬住建部已就商品房销售下发了通知，其中措施包括打击捂盘等。根据职能分工，住建部在这次会议中会就保障性住房做出部署以协助控制房价，并不会涉及到具体政策。”部署保障性住房实际上也是贯彻“国四条”的具体表现。“国四条”中第四条要求：要继续大规模推进保障性安居工程建设。力争到2012年末，基本解决1540万户低收入住房困难家庭的住房问题。也就是说，自明年开始每年相当于要完成513万户低收入家庭住房问题。然而就在今年5月，住建部、发改委、财政部《关于2009-2011年廉租住房保障规划的通知》规定：从2009年起到2011年，争取用三年时间，基本解决747万户现有城市低收入住房困难家庭的住房问题。其中2010年解决245万，2011年解决204万。计划一下子增加了一倍多，难度可想而知。这恰恰是一个老大难问题。此前全国人大常委会的调研表明，今年前8个月，我国保障性住房建设进度缓慢，前8个月保障房完成率不足1/4。一些地方由于配套资金不到位和征地、拆迁等前期工作准备不足，难以完成保障房建设计划。“约见地方主管城建的副市长，就在于让其明白推进保障性住房在协助调控房价、促进房地产市场健康发展中的重要性，虽难也要完成。”上述住建部内部人士表示。可谓推进保障性住房建设意在曲线调整房价。我要评论本报记者 晏耀斌 北京报道所有与房地产有关的部门，近来神经都绷得很紧。2009年12月18日，住房和城乡建设部(下称住建部)全国建设会议在北京召开。一如过去，住建部对外保持着高度的警惕，尤其是对新闻媒体，能够进入会场的只有新华社等六家中央媒体。在楼市政策频繁出台之际，作为房地产市场主管部门的会议，还是吸引了大批新闻记者蜂拥而至，但均被拒之门外。记者了解到，住建部邀请了600多位副市长参会，最终有200多位副市长到会，北京等一线城市大部分到会。而住建部部长姜伟新在会上表示：经济适用房面向范围将从低收入者提升为中低收入者；严格监督地方政府加快清理各种房地产优惠政策。《华夏时报》还从一现场记者处了解到：住建部这次年度会议不单单局限在总结2009年和部署2010年工作。这一点，从拟邀600名地方副市长就可以看得出。“这些副市长几乎都是主管城建工作的，而且这样的邀请在住建部年度会议中还是首次。”上述记者透露。据一住建部内部人士透露：会议分两个部分：上午为住建部领导讲话，下午分组讨论。由于上述六家中央媒体记者事先都得到住建部“不得透露会议内容”的关照，该记者很谨慎地说：“从这些天中央出台的楼市政策和住建部的职能，其实可以想象得到会议的内容。”上述住建部人士告诉记者，约见这些副市长的目的有两个：其一，统一思想贯彻“国四条”；其二，协商完成保障性住房计划，但两者联系紧密。“国四条”指的是12月14日国务院常务会议决定完善房地产市场健康发展的四条意见。“住建部约见地方副市长的行动发出的信号非常明显：党中央和国务院对当前部分城市房价涨速太高高度关注。而住建部就是通过这样的行动，和地方统一思想，不折不扣地执行中央政策，保证房地产市场健康发展。”继中央经济工作会议后，相关领导不断对楼市进行表态。在营业税优惠政策取消后，12月17日，国土资源部、财政部等五部委联合发出《关于进一步加强土地出让收支管理的通知》，要求：加强土地出让收支管理，要求地方政府不得截留、滞留、分期收取土地出让金。一般土地出让收入必须在1年内缴纳，特殊情况必须在2年内缴纳，首付不得低于50%。那么，住建部会不会有什么具体的措施呢？上述住建部内部人士还表示：“11月中旬住建部已就商品房销售下发了通知，其中措施包括打击捂盘等。根据职能分工，住建部在这次会议中会就保障性住房做出部署以协助控制房价，并不会涉及到具体政策。”部署保障性住房实际上也是贯彻“国四条”的具体表现。“国四条”中第四条要求：要继续大规模推进保障性安居工程建设。力争到2012年末，基本解决1540万户低收入住房困难家庭的住房问题。也就是说，自明年开始每年相当于要完成513万户低收入家庭住房问题。然而就在今年5月，住建部、发改委、财政部《关于2009-2011年廉租住房保障规划的通知》规定：从2009年起到2011年，争取用三年时间，基本解决747万户现有城市低收入住房困难家庭的住房问题。其中2010年解决245万，2011年解决204万。计划一下子增加了一倍多，难度可想而知。这恰恰是一个老大难问题。此前全国人大常委会的调研表明，今年前8个月，我国保障性住房建设进度缓慢，前8个月保障房完成率不足1/4。一些地方由于配套资金不到位和征地、拆迁等前期工作准备不足，难以完成保障房建设计划。“约见地方主管城建的副市长，就在于让其明白推进保障性住房在协助调控房价、促进房地产市场健康发展中的重要性，虽难也要完成。”上述住建部内部人士表示。可谓推进保障性住房建设意在曲线调整房价。我要评论,4,7,0.7267817258834839
开发商不差钱助推房价 明年开发信贷增量将减慢2010年房地产业市场调控思路已日渐清晰，虽然明年政府是否会加快退出经济刺激政策还难以预测，但是业内专家普遍认为，收紧信号已经比较明显，明年银行会对房地产业开发贷款进行从严管理。安信证券首席经济学家高善文在银华基金2010年投资策略报告会上，用“盛极难继”四个字来形容明年的房地产市场。他认为，房地产业的严重泡沫化，已经给政府带来压力；而经济复苏下，大量资金回流实体经济，资金面上也将给房地产业造成压力。如果明年上半年出现通胀上升过快，可能会迫使货币政策加快推出，泡沫破裂只是一个时间问题。政策信号：加大差别化信贷政策执行力度据国家统计局数据，今年1-11月，房地产开发企业本年资金来源48170亿元，同比增长44.2%，国内贷款8994亿元，增长40.2%。此外，个人按揭贷款也超过7000亿元。“开发商拥有了历史上最好的流动性，但也间接推高了地价和房价，政府抑制房价的信号，必然会使得开发信贷增量减慢，总量也有可能收紧。”一位北方券商银行分析师对《华夏时报》记者表示。某指数研究院常务副院长黄瑜对《华夏时报》记者表示，房地产商的流动性主要取决于银行信贷、销售回款和其他融资渠道三个方面。从市场状况看，明年销售状况还是有一个好的预期，信贷微调对房地产商流动性影响不大。国都证券地产业分析师邹文军却认为，个人住房按揭贷款的“惩罚性利率”对抑制房价会起到更加明显的作用。政府为了拉动投资，增加商品房供给，不会把开发贷款收得太紧。中央财经大学中国银行业研究中心主任郭田勇表示：抑制房价，一方面银行的信贷结构要调整，另一方面要更加重视贷后资金管理，银行要有措施监督开发商把贷款用于开发过程中，用在盖楼上，而不是用在买地上，这样才能增加有效供给。招商银行相关人士也对《华夏时报》记者表示，银行对房地产业的银根收缩大概明年就会有所体现。现在房价太高，百姓的钱都压在房贷上，缺乏消费信心，违背了政府刺激消费的初衷。但是，急刹车的可能性很小，信贷收缩应该会一步一步分阶段进行。再融资压力：或限制银行开发贷款规模今年，为了满足经济增长的要求，银行纷纷向市场投放天量信贷，三季度末资本率下降已经非常明显。除目前已完成再融资的民生银行和浦发银行，基本上，所有上市银行在明年都会具有一定程度的再融资需求。“银行的再融资压力，本身也将对放贷规模和放贷结构进行控制。按照政府‘有保有压’的原则，房地产业至少不是明年要‘保’的行业。”银行业分析师表示。而天相投顾研究员王逸峰从流动性角度进行分析，认为明年流动性充裕，对银行会是一个合适的再融资窗口。明年7.5万亿左右的信贷规模基本已经定调，主要还是贷款结构调整。中国银行董事长萧钢日前也对媒体表示：“调结构”将是银行明年的重要任务，通过调整资产结构来节约成本、缓解资本压力。加息政策：对房地产业前期影响不大年末，明年的加息预期越来越明显，势必加大房地产商的资金使用成本，但业内专家纷纷表示，加息在前期对房地产业的影响不会太大。邹文军表示：加息不可能一蹴而就，而现行贷款利率过低，房地产企业贷款有时还可以获得利率上的折扣。加息前期的政策影响不会很明显。高善文预测，明年大概会在2月份加息一次，全年不超过两次。而开发商内部人士也坦言，今年已经获得了银行巨额授信，短期内流动性压力不会构成威胁。同时，基于政策稳定性的考虑，政府不会大规模收缩信贷。但业内学者表示，政策的微调，虽然对龙头企业不会产生严重影响，但对中小房地产企业还是会有比较明显的作用。（路晓丹/文） 我要评论2010年房地产业市场调控思路已日渐清晰，虽然明年政府是否会加快退出经济刺激政策还难以预测，但是业内专家普遍认为，收紧信号已经比较明显，明年银行会对房地产业开发贷款进行从严管理。安信证券首席经济学家高善文在银华基金2010年投资策略报告会上，用“盛极难继”四个字来形容明年的房地产市场。他认为，房地产业的严重泡沫化，已经给政府带来压力；而经济复苏下，大量资金回流实体经济，资金面上也将给房地产业造成压力。如果明年上半年出现通胀上升过快，可能会迫使货币政策加快推出，泡沫破裂只是一个时间问题。政策信号：加大差别化信贷政策执行力度据国家统计局数据，今年1-11月，房地产开发企业本年资金来源48170亿元，同比增长44.2%，国内贷款8994亿元，增长40.2%。此外，个人按揭贷款也超过7000亿元。“开发商拥有了历史上最好的流动性，但也间接推高了地价和房价，政府抑制房价的信号，必然会使得开发信贷增量减慢，总量也有可能收紧。”一位北方券商银行分析师对《华夏时报》记者表示。某指数研究院常务副院长黄瑜对《华夏时报》记者表示，房地产商的流动性主要取决于银行信贷、销售回款和其他融资渠道三个方面。从市场状况看，明年销售状况还是有一个好的预期，信贷微调对房地产商流动性影响不大。国都证券地产业分析师邹文军却认为，个人住房按揭贷款的“惩罚性利率”对抑制房价会起到更加明显的作用。政府为了拉动投资，增加商品房供给，不会把开发贷款收得太紧。中央财经大学中国银行业研究中心主任郭田勇表示：抑制房价，一方面银行的信贷结构要调整，另一方面要更加重视贷后资金管理，银行要有措施监督开发商把贷款用于开发过程中，用在盖楼上，而不是用在买地上，这样才能增加有效供给。招商银行相关人士也对《华夏时报》记者表示，银行对房地产业的银根收缩大概明年就会有所体现。现在房价太高，百姓的钱都压在房贷上，缺乏消费信心，违背了政府刺激消费的初衷。但是，急刹车的可能性很小，信贷收缩应该会一步一步分阶段进行。再融资压力：或限制银行开发贷款规模今年，为了满足经济增长的要求，银行纷纷向市场投放天量信贷，三季度末资本率下降已经非常明显。除目前已完成再融资的民生银行和浦发银行，基本上，所有上市银行在明年都会具有一定程度的再融资需求。“银行的再融资压力，本身也将对放贷规模和放贷结构进行控制。按照政府‘有保有压’的原则，房地产业至少不是明年要‘保’的行业。”银行业分析师表示。而天相投顾研究员王逸峰从流动性角度进行分析，认为明年流动性充裕，对银行会是一个合适的再融资窗口。明年7.5万亿左右的信贷规模基本已经定调，主要还是贷款结构调整。中国银行董事长萧钢日前也对媒体表示：“调结构”将是银行明年的重要任务，通过调整资产结构来节约成本、缓解资本压力。加息政策：对房地产业前期影响不大年末，明年的加息预期越来越明显，势必加大房地产商的资金使用成本，但业内专家纷纷表示，加息在前期对房地产业的影响不会太大。邹文军表示：加息不可能一蹴而就，而现行贷款利率过低，房地产企业贷款有时还可以获得利率上的折扣。加息前期的政策影响不会很明显。高善文预测，明年大概会在2月份加息一次，全年不超过两次。而开发商内部人士也坦言，今年已经获得了银行巨额授信，短期内流动性压力不会构成威胁。同时，基于政策稳定性的考虑，政府不会大规模收缩信贷。但业内学者表示，政策的微调，虽然对龙头企业不会产生严重影响，但对中小房地产企业还是会有比较明显的作用。（路晓丹/文） 我要评论,4,1,0.6795950531959534
朝鲜拟建10万套高级住宅 居民可免费入住中新网12月22日电据韩国《朝鲜日报》报道，朝鲜每月发行的画报《朝鲜》12月20日介绍了平壤万寿台街的重建公寓园区计划。万寿台街位于平壤中心地带(中区)，泛指万寿台议事堂周边地区。朝鲜根据国防委员长金正日的指示，目前正在推进到2012年在平壤新建10万套住宅的项目，而万寿台街重建项目就是其中一环。在去年七月之前，万寿台街还是5层以下的旧公寓园区(600多户)，但是最近已经蜕变成6到18层的新型公寓园区(800多户)。虽然住户数量没有大幅增加，但每户的居住面积却扩大到100平方米以上。从朝鲜公开的公寓内部照片看，内设西式洗手盆、浴盆和阳台等设施，同韩国公寓没有太大区别。另外，阳台上还特别设置了存放泡菜缸的仓库，可谓是别具特色。金正日在工程竣工之后表示：“这是反映党的构想和意图的最高级现代住宅。”朝鲜称，现有居民和新入住的居民都是免费获得了新住宅。(本文来源：中国新闻网)我要评论,4,7,0.9538069367408752
全国房地产利润4年增长近3倍 本报讯 国务院新闻办公室定于昨日举行新闻发布会，国家统计局局长马建堂发布第二次全国经济普查结果，修订后的2008年全国GDP总量为314045亿元。初步测算2008年的GDP增速为9.6%，比原来的速度提高了0.6个百分点。对2009年的GDP速度影响很小。数据还显示，2008年，中国房地产企业营业利润3861.3亿，比2004年增长290.4%。GDP 调整对今年的速度影响小国家统计局局长马建堂介绍，依据国内生产总值(GDP)核算制度和第二次全国经济普查结果，按照国际惯例对2008年全国GDP初步核算数进行了修订，修订后的2008年全国GDP总量为314045亿元。国家统计局国民经济核算司司长彭志龙说，这次数据调整以后增加了13375亿。初步测算后发现，这个速度是9.6%，比原来的速度提高了0.6个百分点。总的来说，2008年的数据上调以后对2009年GDP的速度影响很小。据悉，对于地区GDP的修订问题，国家统计局目前正在制定全国各地利用普查资料进一步修订GDP和其它数据统一的、规范的制度和方法。收入 居民贫富差距拉大马建堂在新闻发布会上说，平均工资是反映一个国家或一个经济体工作的总体水平，贫富差距反映的是一个国家或者一个经济体不同人群的收入结构。改革开放以来，中国的老百姓工资的平均水平在不断增加，同时，不同人群工资增长的幅度不同，有的增长得更快。另外一部分群体，包括农村居民、其他低收入群体的居民收入增长得比较慢，确实不同经济群体的收入差距也在拉大。马建堂说，国家统计局要更加准确的反映工资收入总体增长水平的情况，也要尽可能的反映收入的差距和收入的结构。就业 私企吸纳近半就业者根据第二次全国经济普查结果显示，2008年末，全国共有工业企业法人单位190.3万个，从业人员11738.3万人，分别比2004年末增长31.2%和21.7%。在工业企业法人单位中，国有企业及国有独资公司2.8万个；私营企业145.7万个；港、澳、台商投资企业5.7万个；外商投资企业6.5万个。在工业企业法人单位从业人员中，国有企业及国有独资公司占9.2%，私营企业占44.4%。马建堂说，第二次全国经济普查显示，2008年全国单位GDP能耗比上年下降5.2%，比2005年下降12.45%。第二次全国经济普查结果显示，2008年末，全国第二、三产业共有国有企业14.3万个，比第一次经济普查2004年末的数据减少20%；私营企业359.6万个，增长81.4%。说法 国家统计局：“国进民退”总体不存在马建堂在回答有关“国进民退”的问题时表示，中国总体上不存在“国进民退”现象。“在去年和今年确实也存在一些媒体上或者社会上所称的‘国进民退’的现象，我是讲的总体上不存在，我不否定存在着一些个别案例、一些现象，大家把它称之为‘国进民退’。”马建堂如是说。马建堂表示，希望对于“国进民退”的讨论是有积极的警醒意义，要进一步推进中国垄断行业的改革，进一步推进中国的国有经济战略性的调整和重组，进一步推动民营企业、非公有企业的改革发展。利润4年增290.4%2008年，房地产企业的主营业务收入30586.5亿元，比2004年增长107.5%2008年，房地产开发业26694.2亿元，比2004年增长100.5%2008年，物业管理企业2076.7亿元，比2004年增长204.5%2008年，中介服务业572.4亿元，比2004年增长171.2%2008年，其他房地产1243.2亿元，比2004年增长133.5%去年房地产业利润3861.3亿据国家统计局网站昨日公布的第二次全国经济普查主要数据公报显示，2008年，中国房地产企业营业利润3861.3亿，比2004年增长290.4%。房产规模年均增13.5%国家统计局副局长徐一帆说，经济普查数据显示，第一次经济普查的2004年到第二次经济普查的2008年间，房地产业的规模迅速扩大，到2008年末全国共有房地产业企业214397个，比2004年末增加了85354个，年平均增长13.5%。房屋供应不断增加，2008年房地产开发企业商品房施工面积是282965.1万平方米，竣工房屋面积66413.6万平方米，商品房销售面积是65869.5万平方米，这三个数据分别比2004年增加了17.7%、6.0%和9.8%，这是年均增速。房地产物业管理和中介服务业发展也非常迅速，2008年物业管理企业在管房屋建筑面积是1254632.2万平方米，中介服务企业房屋代理销售成交合同面积是20029.4万平方米，分别比2004年年均增速为44.4%和23.3%。此外，2008年，主营业务收入超千亿元的地区共8个，依次为：江苏、广东、上海、北京、浙江、山东、辽宁和四川。建筑业总产值68841.7亿数据显示，2008年，建筑业企业法人单位的建筑业总产值68841.7亿元。在建筑业企业法人单位的建筑业总产值中，房屋和土木工程建筑业占83.7%；建筑安装业占9.2%；建筑装饰业占4.6%；其他建筑业占2.4%。2008年，总承包和专业承包建筑业企业房屋建筑施工面积530518.6万平方米，房屋建筑竣工面积223591.6万平方米，竣工价值21722.5亿元，其中住宅建筑竣工面积133880.7万平方米，竣工价值12520.8亿元。本组稿件综合新华社、中新社等我要评论,4,7,0.5304867625236511
温家宝提出四项措施抑制房价过快上涨新华网北京12月27日电中共中央政治局常委、国务院总理温家宝今天下午3时在中南海紫光阁接受新华社记者独家专访，就当前经济形势、明年经济工作和其他问题回答记者提问。在回答网民关于房价的问题时，温总理提出抑制房价过快上涨的四项措施。[新华社记者]一位网民说房价涨得太快了，一平方米每个月竟然涨了一千块钱，他们想请总理谈一谈房价的问题。[温家宝]我就知道网民关注这个问题。因为我每天上网看到大量网民的意见，甚至很尖锐的批评。因为房子对于每个人来讲都关乎他们的切身利益。今年房地产有了比较快的恢复，但同时房价在一些地区和城市上涨过快，也引起了中央高度重视。其实如何使房地产建设能走入一个健康的轨道，首先还需要弄清楚政府要做什么，市场要做什么。既发挥市场的机制，又发挥政府调控的作用。在这里我只讲一讲政府应该做的事情。第一件事情就是要加大安居工程的建设力度，加快棚户区的改造。对这两项工作，在资金、土地以及税收上，都要给予优惠和保障。第二，要鼓励居民购买自住房和改善性的用房。但与此同时，要采取措施抑制投机。中国的国情决定了我们的住房必须坚持安全、经济、适用和省地的原则，特别要重视中小套型和中低价位房屋的建设。第三，要运用好税收、差别利率以及土地政策等经济杠杆加以调控，稳定房地产的价格。第四，要维护房地产市场秩序，打击捂盘惜售、占地不用、哄抬房价等违法犯罪的行为。我觉得只要政府有决心解决这个问题，而且不是头痛医头、脚痛医脚，而是经过深入调查研究，统筹考虑各方面的情况，制定长远的规划和政策，使我国的房地产有一个稳定发展的局面，这是可以做到的。谢谢。我要评论新华网北京12月27日电中共中央政治局常委、国务院总理温家宝今天下午3时在中南海紫光阁接受新华社记者独家专访，就当前经济形势、明年经济工作和其他问题回答记者提问。在回答网民关于房价的问题时，温总理提出抑制房价过快上涨的四项措施。[新华社记者]一位网民说房价涨得太快了，一平方米每个月竟然涨了一千块钱，他们想请总理谈一谈房价的问题。[温家宝]我就知道网民关注这个问题。因为我每天上网看到大量网民的意见，甚至很尖锐的批评。因为房子对于每个人来讲都关乎他们的切身利益。今年房地产有了比较快的恢复，但同时房价在一些地区和城市上涨过快，也引起了中央高度重视。其实如何使房地产建设能走入一个健康的轨道，首先还需要弄清楚政府要做什么，市场要做什么。既发挥市场的机制，又发挥政府调控的作用。在这里我只讲一讲政府应该做的事情。第一件事情就是要加大安居工程的建设力度，加快棚户区的改造。对这两项工作，在资金、土地以及税收上，都要给予优惠和保障。第二，要鼓励居民购买自住房和改善性的用房。但与此同时，要采取措施抑制投机。中国的国情决定了我们的住房必须坚持安全、经济、适用和省地的原则，特别要重视中小套型和中低价位房屋的建设。第三，要运用好税收、差别利率以及土地政策等经济杠杆加以调控，稳定房地产的价格。第四，要维护房地产市场秩序，打击捂盘惜售、占地不用、哄抬房价等违法犯罪的行为。我觉得只要政府有决心解决这个问题，而且不是头痛医头、脚痛医脚，而是经过深入调查研究，统筹考虑各方面的情况，制定长远的规划和政策，使我国的房地产有一个稳定发展的局面，这是可以做到的。谢谢。我要评论,4,7,0.9971916079521179
外媒解读温家宝讲话：中国房价要降温27日下午，中共中央政治局常委、国务院总理温家宝，就当前经济形势、明年我国经济工作等问题接受了新华社独家专访。法新社和新加坡《海峡时报》均从温家宝谈房价问题中，敏锐地嗅出一个信息：“中国房价将要降温。”27日，国务院总理温家宝称，中国应对金融危机出手较快，经济发展还存在不平衡不协调等问题，明年两会前将与网民交流。专访中，温家宝总理对房价、通胀、汇率等17个问题进行了回答，而本次专访也引起了国外媒体的高度关注。中国要打击捂盘惜售等违法犯罪行为对于房地产上涨过快，温家宝表示，政府将从以下4方面入手。第一，要加大保障性住房的建设力度，加快棚户区的改造。第二，要鼓励居民购买自住房和改善性住房。第三，要运用好税收、差别利率以及土地政策等经济杠杆加以调控，稳定房地产的价格。第四，要维护房地产市场秩序，打击捂盘惜售、占地不建、哄抬房价等违法违规的行为。外媒评论：“创纪录的流入助长了泡沫”法新社和新加坡《海峡时报》均从温家宝谈房价问题中，敏锐地嗅出一个信息：“中国房价将要降温。”美国彭博社评论说，温家宝已经意识到中国房地产市场价格的上涨得“太快了”，因此中国要打击捂盘惜售等违法犯罪行为。《商业周刊》称，中国房价的上涨速度在上个月达到了自2008年7月份以来最快速度。创纪录的借贷和资金的流入助长了这个世界上发展最快的国家的泡沫。而中国央行顾问樊纲也对中国在股市、房地产和商品上的泡沫提出警告。报道同时援引前摩根斯坦利首席亚洲经济师谢国忠的话称，现在中国楼市的问题并不在于如何推行新的政策，而是如何加强执行现有的政策。迫使人民币升值？中国绝不答应大家还记得在1998年那场金融危机当中，我们保持了人民币币值的稳定，对国际社会作出了重大贡献。今天我仍然以为，在世界主要货币接连贬值的情况下，人民币保持币值的基本稳定是对国际社会的贡献。那种以各种压力来迫使我们升值，我们绝对不会答应。英国路透社也称，对于具有争议性的中国人民币汇率问题，温家宝代表中国表达了“绝不让步”的决心，称中国政府不会因为外部需要而使人民币升值。而英国《金融时报》称，中国可能在2010年早些时候开始调整政策，因为中国需要抵消通货膨胀的压力；同时，鉴于2010年6月份将召开G20峰会，如果政策调整同这一时间接近，会被国内认为是向外国压力妥协。马来西亚《局内人》报指出，美国、欧盟和国际货币基金组织的头头们近来接连要求人民币升值，但是中国在看到其出口连续几个月保持增长之前，是不会让人民币升值的。《联合早报》分析称，这并非温家宝第一次拒绝外界提出的对人民币加速升值要求，但却是他少有地以坚决姿态展示。而且，他没有重申推进人民币汇率形成机制的“主动性、可控性、渐进性”原则，更进一步显示人民币短期内升值的可能性有限。明年通胀或出现“我们要预见到通胀有可能出现。特别是在我们这个国家，存在着收入分配不公和差距过大的问题。物价如果不保持在一个合理的区间，对一部分人来讲可能不成为问题，但是对相当数量的中低收入者，尤其是贫困家庭，就会成为很大的负担。”外媒评论：“调整政策的大门没关”英国路透社特别关注了温总理对通胀预期的表态。报道称，温总理在讲话中“警告”，虽然现在还没有通胀的表现，但是今年空前的货币供应增长有可能引发通胀预期。《华尔街日报》分析称，尽管温家宝并没有具体说明北京将如何消除通胀预期，但也没有关上“根据情况变化”调整政策的大门。《商业周刊》预计，作为抑制过度信贷措施，一些产能过剩的产业将面临信贷紧缩。《法制晚报》供稿我要评论,4,7,0.6163062453269958
美专家：美房贷计划帮倒忙难救业主反阻复苏 中新网1月3日电据香港媒体援引外报报道称，为了帮助无法偿还按揭贷款的美国业主免遭收楼，奥巴马政府去年2月推出“房贷可负担计划”，但有专家批评计划帮倒忙，给予一众根本无望保住物业的业主“错误的希望”，令他们勉强继续向银行供款，浪费了本可储起租住较廉价住宅的金钱，他们迟早都会变成无壳蜗牛。Watershed资产管理公司管理人卡塔里说：“此举将延长危机，只能减慢断供速度，让人们暂时留在最终不能负担的住所里。”他又指，银行也利用此计划，推迟将贷款损失入帐，这无助于令房价降至可负担水平，亦窒碍资金流动，阻碍经济复苏。“房贷可负担计划”耗资750亿美元，措施包括重新安排贷款和修订还款条件，例如减少每月还款额等。我要评论,4,7,0.6114426255226135
品质背后是管理系统做保证四、细致而周到的户型设计及室内装修星河湾从广州到北京始终都是做精装修的成品房，在房子开始建筑设计之时就结合了精装修的理念，从户型设计，平面布局到水电等专业设计始终都围绕着土建装修一体化的概念展开，在图纸设计阶段投入了大量的时间和人力，解决了大部分的系统综合问题，从而确保了施工阶段的顺利进行。其本质是以作五星级酒店的手法和理念来做住宅，利用多年来成熟的工艺做法和处理手段，创造出和普通楼盘不一样的居家环境。1.户型和空间设计经典周到星河湾经过广州一到四期，再到北京对户型的总结和变化已经有了一个很成熟的总结和发展，不仅形式多样，能够照顾各类人士的需要，而且还根据南北环境和居住习惯的不同，重新调整丰富了户型结构和比例。北京星河湾已建成的户型有60余种，所有户型均为大面宽小进深。户型多种多样，布局、功能等均比较理想；装修标准高，用材和设备基本上以进口材料和品牌为主。2.舍得选用丰富的高档材料舍得在装修材料的选择和运用上花钱，对各种高档装修材料合理的综合使用，充分体现了星河湾人的水准和装修理想。高档进口石材的大量运用，几乎每个房间都能看到石材运用的效果；此外还对一些高档装修材料进行运用，如高档马赛克、深木色为主的木装修、能消除墙面感觉的镜子、光芒四射的水晶吊灯、主卧室的浅色地毯等等。3.人性化和细节的考虑星河湾在做产品的时候始终是秉承“人性化”原则，对于细节的考虑深入而全面，不放过任何一个微小的细节，让业主时刻能够感到设计建造者的用心精细。每一个转角、每一处接口、每一处细微的差别都体现出了对产品品质不断追求的努力。例如：同样材质不同颜色的区分；天花交接处理；不同种材质和同材质的之间精致、巧妙的交接处理；安全性的设计；经久耐用性的设计；使用便捷的设计；地面材料铺贴方式的设计；能消除墙面实体感，增大空间感的银镜的运用；阳台落水口的下凹处理以及推拉门的导轨保护等。五、系统而精益求精的施工管理 1.独特的工程管理组织架构宏宇集团在工程营造方面既使用普遍的工程管理框架结构，同时结合自身特色，创新的设立了一些特有的管理方式和团队。设置主管景观设计、施工管理的高层管理者，景观工程与土建结构施工管理分开，形成独立的以效果、艺术感染为宗旨的管理团队。 2.严格的管理流程北京星河湾以工程建设品质为第一要务，在现场管理中采取简洁的操作程序，工作效率和效果显著。简洁的变更审批程序：变更审批基本在现场确定，基层员工根据公司品质的一贯要求，现场完成一般变更审批；老板现场办公进一步加快决策和实施；畅通、便捷的部门沟通和跨专业沟通：部门经理基本解决跨部门、跨专业的沟通，争执和误解在公司中层管理者的工作中得以解决。3.规范的工程施工管理星河湾人为了实现品质住宅全成品建设工程，用心地分析每一个工序、每一个工作细节，将品质地产在工程建设阶段推至极致。规范的整体工序：对整体施工顺序、单项施工顺序、细部做法施工顺序整体进行了规范；安排有效控制建设周期：如在外立面施工阶段插入景观大型乔木的移植、景观施工，控制总体工期；严格的施工时间控制：北京星河湾将树木移植时间全部安排在五一之前，确保全冠移植的实现，在景观建成初期就完整体现园区景观特色。4.精益求精的工程施工标准对每个细部节点精益求精，细节处理在北京星河湾比比皆是。整个小区整体观感近乎随意，近乎自然，但每个节点又极其精致，无数精细节点组成了整体精品小区。例如：直接拼接的路牙石，室内标准的室外木栏杆铜包件，精装修细节，暗藏式的道路雨水收集系统，土壤改造，5000吨黄蜡石的堆砌等。六、实用而灵活的材料采购及成本控制 1.严格而灵活的成本控制星河湾的成本控制在房产开发管理流程的基础上有所创新，既确保了工程品质，又缩短了审批时间，同时也合理控制了工程成本。工程招标，以邀请长期合作伙伴进行招标或议标；建安工程招标，所有材料均由承包人采购。室内装饰装修工程议标，所有石材等主要装饰材料均由业主采购，同时业主给出较高的人工、机械及辅材单价。景观工程议标，提前选苗、采购、假植于苗圃。工程款支付，抢工阶段采取半月一支付方式。迅速、灵活的价格确认，现场办公解决品质、成本等问题。设计、施工、成本相互沟通，全面考虑各系统工程成本。如室外管线施工前，先确定各系统间的总体布置，再明确排水坡度及雨污水的布置。2.舍得投入、品质第一的材料采购一般房地产公司运作中材料采购是为实现成本目标而服务的，北京星河湾的材料采购和成本控制没有严格的相对制约关系，虽然舍得投入，但对整体投入又有总控指标。采购过程，材料采购与设计人员同时参加；价格审批，设计人员确认后当时电话请示决定是否采购；苗木采购，景观设计人员承担第一责任；总控成本指标可沟通调整，指导思想是品质，然后是时间，最后才是价格；价格审批以设计效果为主，品质决定各阶段成本；迅速有效的价格确认制度；公司领导每周不少于一次现场办公；积极保障施工单位权益；材料选用紧跟时代步伐；尊重设计师的设计成果；密切关注国际市场产品的更新。七、合纵连横的综合管理及统筹 星河湾提出全成品开发是一种高难度开发，是对产品生产和管理模式的挑战，因为生产管理必须做到合纵连横。横向理解，做到全成品开发，就要从产品设计、环境设计、室内装修设计、物业管理服务设计等方面都环环相扣，不能割裂，交叉施工很普遍。纵向考察，产品设计线从规划到施工到监理必须对缝很准，不能走样。用星河湾设计总监的话说：“设计公司给我们出一百张图，我们拿过来后，吸收他们的设计精华，要出同样多的一百张图，这样才能让设计思路变成可执行的方案，同时还能与环境或室内装修相衔接。”1.最高领导对品质的坚持与支持非常重要宏宇集团的最高领导在广州、北京星河湾建设过程中始终站在项目建设的最前线，是产品最终实现优质、创新突破的第一保证。2.成功依靠团队的合作星河湾项目在工程建设过程中也不断出现争执，但各级员工、各部门经理、主管副总都能很好的沟通和解决。3.始终保持清晰的目标星河湾建设目标是打造地产界的劳斯莱斯，在这样的目标指引下，去确定各种配件的品质，确定各阶段的成本。4.和有共同理念的合作伙伴共同成长以精装修施工单位为例，和星河湾合作的单位最初有30多家，目前合作的仅剩5-6家，这些单位都是通过和星河湾的合作得到了市场和甲方的认可，实现企业的不断壮大。材料供应商在和星河湾的不断合作中也在得益，开发商务必对材料商进行引导和指导，从而在材料方面实现对产品品质的保障。我要评论,4,3,0.9431201815605164
央行货币政策定调 将严控房地产信贷继续实施适度宽松的货币政策，保持货币政策连续性和稳定性昨天结束的2010年央行工作会议为2010年的货币政策定下基调，央行表示将保持货币政策的连续性和稳定性，继续实施适度宽松的货币政策，但严格执行有关房地产信贷政策。同时也提出，密切跟踪监测国内外经济运行和市场流动性情况，适时适度调节。【信贷】防止信贷异常波动央行：继续落实好适度宽松的货币政策，保持货币信贷合理充裕。运用多种货币政策工具，合理货币政策工具组合、期限结构和操作力度，加强流动性管理，保持银行体系流动性合理充裕，把握好信贷投放节奏，尽量使贷款保持均衡，防止季度之间、月底之间异常波动。解读：国家信息中心经济预测部副主任祝宝良表示，央行为防止信贷异常波动很可能会加大窗口指导，并恢复2008年的信贷额度控制。但银行有“早放贷”的规律，明年一季度信贷规模仍会较高。他预计，全年新增贷款规模将为7.5万-8万亿。中金经济学家哈继铭认为，流动性将呈现跳跃性上升———1季度贷款可能大幅反弹至2.5万-3万亿，2010年全年新增贷款预计降至7.5万亿，但他表示这并不会引起流动性紧张问题，因为外汇流入也将发挥更重要作用，预计M2增长仍将达20%。【通胀】据国际形势调节政策力度央行：既要保持足够的政策力度，支持经济平稳较快发展，又要稳定价格水平，有效管理通胀预期。密切跟踪监测国际金融危机发展趋势、国内外经济运行和市场流动性情况，适时适度调节。解读：德意志银行首席经济学家马骏表示，短期内由于存货上升、消费信心反弹和财政刺激等因素，美国经济很可能超预期反弹。但由于财政刺激有不可持续性，存货反弹达到一定程度后会停止，消费者信心反弹后会稳定，美国经济在2010年下半年有二次下行的可能性。美联储很可能在第三季度开始加息。中国货币政策也面临挑战，适时适度调节很有必要。从中国的情况来看，通胀预期已高企。最近几个月，M1的增长速度已高于M2，表明通胀预期导致的存款活期化趋势明显化。马骏表示，历史数据表明，M1的增速超过M2的增速之后6到9个月，货币流通速度就会开始上升。届时，即使货币总量不变，货币流通速度加快也会导致通货膨胀。他预计，2010年CPI涨幅最低为1.5%，但如果食品价格、房价和油价继续上升，CPI涨幅达到5%也有可能。他认为未来几个月内可能上调存款准备金，2010年二季度起，提高基准利率，而从3、4月起，人民币汇率恢复弹性。哈继铭表示，应对通胀上升，政府将首先采取行政措施应对，货币政策将优先使用数量型措施，譬如央票以及存款准备金率；但加息等价格性措施将较为滞后。【风险】防变相用贷款做项目资本金央行：2010年防范信贷风险和系统性金融风险，在信贷增长比较快的时候，更要注意防范可能出现的风险，加强贷款用途管理，防止变相使用银行贷款作为项目资本金。严格控制对“两高”行业、产能过剩行业以及新开工项目的贷款。解读：从7月以来，央行和银监会关于加强风险管理的措施接二连三，提高银行资本充足率、拨备覆盖率的监管底线，银监会规定理财产品不得投资于发行银行自身的信贷资产、银监会禁止商业银行进行信贷资产回购交易、加强信贷结构和信贷风险预警监测。祝宝良表示，控制信贷风险、防止变相使用银行贷款作为项目资本金就是规范银行的表外业务。2009年，信贷政策季度宽松，银行表外业务的动力并不明显。但是从3季度监管层开始动态微调货币政策后，银行通过理财产品、信贷资产回购交易等方式将信贷资产表外化的迹象明显，央行此番表态说明2010年关于信贷资金流向的监管将更加严格。兴业银行经济学家鲁政委也表示，央行已经建立宏观审慎管理制度，将会有更多更超前的、量化的监管标准出现。【房贷】严格执行房贷政策央行：密切关注房地产市场变化，严格执行有关房地产信贷政策，促进房地产金融健康发展。解读：西南证券房地产行业研究员崔秀红认为，监管层近期组合拳出台表明控制房价的强烈意图，而对房地产市场最直接的就是信贷政策。崔秀红预计，政府首先会调整住房信贷政策，全国范围内二套房首付4成的政策将会严格执行，7折利率会调整成为8.5折，之后如果房地产市场不降温的话，首套房比例有可能会恢复到3成。记者从银行了解到，目前各家银行的二套房贷款都是按首付4成执行，但利率上尚有优惠余地，并没有严格执行在基准利率上上浮10%的规定。一中介人士表示，实际交易中对于二套房贷款中有很多需要确定的细节，比如对于二套房的界定模糊。我要评论,4,1,0.45945918560028076
海南回应试水博彩业：绝不开逾规设赌场长江日报1月7日报道 昨天上午，海南省在国务院新闻办举行新闻发布会，海南省委书记卫留成和海南省省长罗保铭就海南推进国际旅游岛建设等问题回答了记者的提问。卫留成认为，国务院《关于推进海南国际旅游岛建设发展的若干意见》是从旅游业作为切入点的，对海南的经济社会的全面发展提出了系统的要求和一系列的措施，抓住这个机遇，落实这个措施，就可以缩短我们和发达地区发展的差距。卫留成指出，首先要抓好国际旅游岛建设，用国际的视野，高水平、有特色的做好旅游岛建设的规划。使旅游业真正成为海南的主导产业，带动海南经济社会的全面发展。海南发展彩票比其他地区有一定空间在谈到“探索发展竞猜型体育彩票和大型国际赛事即开彩票”问题时，海南省长罗保铭表示，国务院这次在文件当中明确了探索发展竞猜型的体育彩票包括大型国际赛事的即开彩票，这是在彩票方面为丰富海南旅游娱乐的产品给开了一个政策口子，是带探索性的。相比于其他地区就有一定的空间，但是这个空间绝不意味着要突破国家的现行法律在这方面的有关规定。卫留成在会后接受记者采访时也明确表示，海南绝不会像象澳门一样开设赌场，也不会有其他赌博产业。将引进大型免税集团建设经营免税店海南省委书记卫留成在海南国际旅游新闻发布会上表示，海南将引进大型免税集团或大型商业公司，建设经营免税店；推出海上旅游等一批新的特色旅游产品；启动建设航天主题公园、热带海洋公园等一批大型旅游项目；对主要旅游基础设施、旅游路线的标识系统甚至包括旅游厕所进行全面改造；策划组织一批有影响力的文化娱乐、节庆、体育赛事活动。适度发展高尔夫业不占用一亩基本农田海南省长罗保铭6日表示，不清楚海南“新建22个高尔夫球场”的事情，并表示海南发展高尔夫绝不违反土地总体利用规划，不占一亩基本农田，并在国务院政策允许的范围内来适度发展高尔夫产业。三亚房价未到1.1万元在回答记者“央企背景的开发商进驻海南岛会不会对海南的地价和房价形成推动”等问题时，罗保铭表示，这几年海南旅游房地产总体的市场是上升，主要是岛外的需求。此外，虽然商品房的价格上升的，但是也没有像媒体报道的那样涨得那么凶。据2009年1至11月份的统计，全国70个城市包括省会城市在内，三亚的房价截止到目前为止是不到11000元一平方米，在全国排第8位。海口商品房的均价不超过6000元一平方米，海口的涨幅比原来涨13%，三亚的房子涨6.6%。罗保铭说，海南房地产的需求主要来自于岛外，统计下来，海口60%、三亚80%-85%商品房是由岛外来购买的。(据中国网、京华时报)我要评论,4,7,0.9564989805221558
五部委联推工矿棚户区改造 1月8日，住建部等五部委联合下发《关于推进城市和国有工矿棚户区改造工作的指导意见》，要求采取财政补助、银行贷款、企业支持、群众自筹、市场开发等办法多渠道筹集资金，推进城市和国有工矿棚户区改造。《意见》指出，城市和国有工矿棚户区改造是改善民生的重大举措，要采取财政补助、银行贷款、企业支持、群众自筹、市场开发等办法多渠道筹集资金。《意见》指出，中央将采取适当方式，对城市和国有工矿棚户区改造给予资金支持。省级政府可采取以奖代补方式，对本地区城市和国有工矿棚户区改造给予资金支持。市县政府应切实加大棚户区改造的资金投入，可以从城市维护建设税、城镇公用事业附加、城市基础设施配套费、土地出让收入中，按规定安排资金用于符合条件的棚户区改造支出项目。有条件的地区可对城市和国有工矿棚户区改造项目给予贷款贴息。城市和国有工矿棚户区改造项目执行廉租住房建设项目资本金占 20%的规定。《意见》还鼓励金融机构向符合贷款条件的城市和国有工矿棚户区改造项目提供贷款，创新金融产品，改善金融服务。“根据改造项目特点合理确定信贷条件，对符合信贷条件的项目要在信贷资金规模上给予保障。有条件的地区可建立城市和国有工矿棚户区改造贷款担保机制，引导信贷资金投入。”《意见》说。另外，该意见还指出，要加大税费政策支持力度、落实土地供应政策、完善安置补偿政策等。我要评论,4,7,0.5260032415390015
揭秘乒坛一姐张怡宁婚房(图)     去年10月18日，乒坛一姐张怡宁在北京某豪华酒店完成大婚，其老公徐威是金融界的一位成功人士，徐威身旁的一位朋友透露其身家“以亿为单位应该没问题”。而在去年3月福布斯公布的中国名人榜上，张怡宁的打榜收入是1345万元。千万富姐找到上亿身家的超级金龟婿，两人的婚后生活状态随之备受外界关注。就在张怡宁结婚前半个月，有人就拍到她搭乘徐威的豪华座驾路虎外出扫名牌衣物，随后坐车回到位于北京东直门附近的万国公寓。日前，本报记者专程前往北京，探秘张怡宁居住的这处豪华公寓，没想到她的这处公寓竟是租的，但一年的租金都可以在其他二线城市买套房子了。每月花6万 租住300平米高档公寓张怡宁居住的是一处32层高的独栋公寓，位于北京黄金地段，该公寓只租不卖，价格不菲。记者从公寓租赁协调处了解到，这栋32层高的公寓有不同面积的套房，其中最小的213平米，最大的达到600平米。在这栋公寓中，213平米的套房是相对最差的，分布在6层，西北朝向，但租金却高达2.9万元一个月。“随着楼层的升高，景观不同，因此越往上的房子越贵。”工作人员告诉记者，最好的600平米的套房都在25层以上，但近期已经没有空房可租，每套租金高达13万元一个月。张怡宁两口子的身家加到一起早已上亿，不过他们没有选择600平米那种最好的套房，而是挑了一套面积中等的。“她住在15层，是一套314平米的公寓。她那套房子在那个户型里面算很好的。”据悉，公寓的14至15层都是314平米的套房，但15层更好一些，租金也相对更高，“14层的每套是5.3万元一个月，她住的那种每套租金是6万元一个月。”据悉，该公寓的套房起租时间至少为一年，这意味着张怡宁光是租房子一年就要花掉72万元，而这笔钱在中国不少二线城市已经可以买套不错的房子。只是这72万元对张怡宁来说根本不算什么，而这些钱也不需要她掏腰包。“她不是以自己的名义租的，是以其他人的名字。”工作人员以保护隐私为由，拒绝透露租房者的信息。不过据记者了解，租这套房子的人很可能是徐威，因为徐威主要做对冲基金，现在香港和北京都有自己的事业，他很可能需要两地奔波，这样在北京租套高级公寓暂时落脚更显得合情合理。    低调隐蔽 常从后门出入按理说，张怡宁租住的豪华公寓如此昂贵，应该很容易找到。但实际上，记者询问了东直门周边的一些出租车司机，他们并不太清楚。记者在公寓外看到，公寓实际上处于东直门外小街上，这是一条单行道，门口车辆很少，略显冷清。不过，这是北京入行较早的服务式公寓，物业由美国一家品牌公司在管理，具有国际化高品质的服务。有熟悉这栋公寓的人告诉记者，这栋公寓从来不需要做宣传，但里面住的都是来头不小的人物，“这里准确的地理位置应该叫做第二使馆区，很多外籍人士在这里租房子，比如领事馆参赞等。”张怡宁是北京人，此前她一直与父母住在右安门外的开阳里小区，那里紧邻南二环，闹中取静。张怡宁住在那里是因为距离总局训练局很近，另外也可以避免住在高档社区引来的“名人烦恼”。不过，从婚前两个月到现在，张怡宁开始挪到这处高档公寓居住，随之而来就无法免除被“追踪”，这也让她一度开始改变进出公寓的方式。公寓正门的门卫告诉记者，在两三个月前还常能看见张怡宁，“她还挺客气的，有时会跟我们打招呼。但后来没怎么看见她了。”据记者打探，张怡宁并没有很快消失，只是被曝光住在这里后，她更多选择了从后门进出。有人曾看到张怡宁晚上回公寓，为她开车的司机分外小心，总是在外面兜一圈才在后门停下，“司机的警惕性很高，张怡宁下来后，有时候会看见她家阿姨陪着一起。”身份特殊 物业召开“张怡宁会议”据了解，这处公寓除了高标准的服务，里面高档游泳池、健身会所、图书馆、后花园等等一应俱全。而该公寓的安保措施更是到位，前台只要见到不熟悉的人走进去，都会盘问一番，他们甚至练就了“火眼金睛”的本领。“除了客人，我们还认得客人的朋友、阿姨等等，但不住在这儿的人我们更能辨认得出来。”关于张怡宁，前台接待说她确实在这里住，而且是惟一住在这儿的体育界人物。“住在这里的大多是商界的人，也有外籍人士，很少有体育方面的人，张怡宁大家都认识。”据接待介绍，张怡宁虽然住在这里，但没有接受公寓的高级管理服务，而是由自己请的阿姨照顾生活起居，“她家阿姨来这里的次数比较多，我们都眼熟，我们这儿像她这样的情况也比较多，有些人完全不需要公寓提供的管家式服务，保姆都是自己带来的。”在与记者聊天中，前台接待以不能泄露客人隐私为由，拒绝谈更多关于张怡宁的信息，他甚至还轻描淡写地说：“可能在体育界眼中，她算个大腕儿，什么都值得关心，但说实话在我们这里的客人中，她也不算什么腕儿。”尽管前台接待这么说，但记者还是通过侧面了解到，此前张怡宁被曝光住在这里已经引起公寓管理方的重视。“张怡宁进出这里被人拍到了，还登上了报纸，我们公寓物业专门开会讨论了这个事情，重申了纪律，就是要保护好客人的隐私。”记者手记乒坛明星忙转型对胃口来说，多多益善不是好事。山珍海味吃多了，看到一盘青菜加块泡菜才会口水滴答，食欲大增。看电视剧也一样，只有正义完美的英雄不够，还需要塑造让人痛骂的大坏蛋，这样才让人感到满足。很长时间，贵为“国球”的乒乓球就像一出毫无新意的佳肴，不是胜利就是包揽，让人提不起观赏的欲望。不过，在2009年，乒乓球突然变得娱乐起来，层出不穷的花边八卦，一下跃上了体育最受关注榜，而这一切都要感谢乒坛的一哥马琳、一姐张怡宁。在以前百度马琳、爱情，无非是他和白杨、张宁益的陈年往事，剩下的就只有无边无际的与夺金有关的新闻。但在2009年，一切变得不一样了，马琳接连踢翻多扇门，甚至有直追水门之势，从结婚门、离婚门到小三门、财产门，感情和金钱两大爱恨情仇的必须要素，马琳两者俱全，为所有观众演了一部情节跌宕起伏的大片。从此，有关国球的新闻大部分被花边娱乐充斥，大家提到马琳，不是问“他会退役吗？”而是问“他离了吗？”有意思的是，在马琳深陷“门”危机时，又有人来“解救”他。一向低调的乒坛一姐张怡宁结婚了！名人与资本的联姻，这本是一出再烂熟不过的戏，但是因为我们已经太习惯看到张怡宁夺冠，所以她结婚成了完全与众不同的新闻。从此，国乒再也不缺八卦猛料，有人在离婚，有人在结婚，国乒的明星突然变得很有人情味，他们也是七情六欲的主儿，不再是电视镜头前永远说着“发挥不错”的木偶人。除了马琳和张怡宁，还要感谢王皓和彭陆洋。这份队内恋情的曝光让蔡振华出来否认了“棒打鸳鸯”的谣言，国乒的故事突然变得鲜活起来。有人说，后奥运时代，中国乒乓球队开启了一个“敢爱敢恨”的时代，这是一个不错的总结。其实，在习惯了天天吃“金牌套餐”的时候，加点八卦佐料又为何不可呢？在中国，乒乓球一直承载着荣誉与梦想，正因为如此，队员乃至教练总喜欢喋喋不休说着关于金牌的危机，其实金牌本没有危机，缺了丰富性格的乒乓球才会面临真正的生存危机。2009年，张怡宁结婚了，马琳快要离婚了，王皓恋爱了。2010年，期待有更多的乒乓球猛料出现。既然像神一样的刘翔都能像小朋友一样说我小时候的梦想是当解放军，开大飞机，国乒明星们又有何理由“固步自封”呢？本报记者 盖源源我要评论,4,5,0.3443424701690674
银监会否认提高二套房贷首付比例本报讯(记者熊焱) 对市场上关于上调二套房贷首付比例至50%的传闻报道，银监会1月8日晚间回应称，银监会并未就二套房贷出台新的政策，对于提高首付比例的说法，请不要误传。有媒体近日报道称，银监会正在就二套房贷的相关政策在国有大行内部征求意见，其核心内容是将二套房贷的首付比例提高至50%，利率提高至基准利率的1.1倍，并且收回各金融机构自主决定房贷利率的权力。消息传出当日，沪深地产股大面积下挫。去年9月中旬，央行联合银监会发布通知，对已利用贷款购买住房、又申请购买第二套(含)以上住房的，贷款首付款比例不得低于40%。记者了解到，目前商业银行二套房首付目前为四成，至今尚未收到银监会相关通知。利率方面，各银行二套房贷不同，有的银行执行基准利率上浮10%，有的银行的房贷利率有优惠，可达到基准利率7折。尽管银监会否认了提高二套房贷首付的传闻，但也有业内人士认为，出于稳定房价、打压投机行为以及保民生等多方面考虑，监管部门对于二套房贷的政策肯定会趋紧。我要评论,4,1,0.6962695717811584
华尔街：中国楼市泡沫比迪拜严重千倍●海外评说美华尔街投资：中国楼市泡沫比迪拜严重千倍世界最大的空头基金公司尼克斯联合基金总裁、华尔街“空头大师”查诺斯表示：“中国的房地产泡沫比迪拜严重1000倍以上。”对冲基金为卖空中国股票疲于奔命尽管全球经济陷入危机，但中国经济2010年有可能实现近10%的高增长。因此越来越多的人认为，全世界的资金将涌入中国，中国股市和房地产将会全线飘红。但也有人预测这种情况可能会突然终结，凭借“中国泡沫会破灭”的预测进行打赌。据《纽约时报》报道，部分对冲基金为了卖空中国的股份公司，正在疲于奔命。卖空是借助某公司股票抛出后，以低价重新回购赚取差价的投资手法。“空头大师”查诺斯2001年因准确预测美国能源企业安然会破产而一举进入华尔街巨富行列。他从2009年夏天开始研究卖空中国企业股票的方法。中国不允许在股市进行卖空，并且严格限制外国投资者的投资。查诺斯说：“计划卖空(与中国需求相关的)水泥、煤炭、铁矿石、建设相关企业的股票。”查诺斯此前因准确预测安然、泰科国际有限公司等优良企业的股价会暴跌而名声大噪，他在接受美国经济电视台的采访时表示：“中国的房地产泡沫比迪拜严重1000倍以上。”查诺斯强调：“比起对资产价格的高估，信用的过剩供应才是制造泡沫的主要原因，目前在地球上还没有一个地方的信用过剩供应程度能赶得上中国。”英《经济学家》警告中国楼市泡沫危险信用过剩也就是流动性过剩，指有过多的货币投放量，这些多余的资金需要寻找投资出路，于是就有了投资、经济过热现象，以及通货膨胀的危险。英国时事周刊《经济学家》也警告称，世界经济特别是中国等新兴市场的泡沫有破灭的危险。《经济学家》曾于2007年在美国次级债危机发生之前多次发出警告。2008年9月，全球金融危机终于爆发。房地产独立评论人牛刀接受采访时说，“热钱早就在楼市和股市上都有投机。迪拜的热钱才600亿美元，这几年以来，滞留在中国的热钱至少有6000多亿美元。如果这些热钱全部集中在一个时间出逃，产生的泡沫破灭效应会比迪拜严重得多。”据法制晚报我要评论,4,1,0.8063041567802429
房产替代股票 成为投资者新年期待的宠儿虎年探头，投资者一年的理财计划也即将开始布局。在上海证券报和新浪财经本期的联合调查中，我们对“2010年，投资什么将胜算大？”在广大网友中做了一项调查。调查显示，在过去的2009年，有3成左右的受访者表示股票让其收益最高，而房产、基金、黄金和其他投资品种则不相上下。2009年12月31日，沪指收报3277.14点，深指收报13699.97点。按照收盘点位计算，上证综指全年累计上涨近八成，深证成指涨幅则高达111%。在一年的涨幅累积后，中国A股市场稳坐全球股票市场排名前十位。虽然大多数投资者难以从去年最低点抄底成功，但是从中分一杯羹并且有所斩获还是相对容易的，也让投资者对去年的股票收益较为满意。而对于今年的股票市场，也有一半以上的受访者表示看好。而被问及今年哪项投资将会收益最高，有35.8%的受访者表示为房产投资，其次分别是股票、黄金和基金。2009年的房地产行业先抑后扬，呈现“V”字型增长。一季度，房地产延续了2008年的低迷走势，成交清淡。而在接下来的几个季度，特别是第四季度，在房贷政策收紧和营业税优惠末班车的刺激下，各大城市二手房房价急剧上升。根据国家统计局公布的数据显示，1~11月，全国商品房销售面积75203万平方米，同比增长53.0%。这也让去年不少二手房投资者赚得盆满钵满，而这种财富效应依然强烈，以至于有三成以上的投资者期待明年的房产市场依然红火，认为房产投资是胜算最大的投资品种。而也有不同观点认为，今年住房需求将趋于平衡，且将供大于求，加之房地产信贷政策和抑制房产投机的政策将更加细化，2010年房价将高位盘整。另外，在调查中，也有五分之一的投资者非常看好今年的黄金投资，这和去年15.9%的投资者在黄金投资领域收益最大也有不少关系。2009年始，国际现货黄金先是以874.5美元/盎司开盘，而经过半年时间调整后，去年9月8日盘中最高冲破1000美元/盎司大关，确立了年内黄金牛市的主基调，而2009年年内最高点也一举创下1226.65美元/盎司的价格。对于2010年的黄金走势，市场人士分析，基于美元弱势地位尚未改变，黄金牛市行情将继续展开。我要评论,4,1,0.769065260887146
国11条不影响公积金贷款1月10日，“国11条”公布，对已利用贷款购买住房、又申请购买第二套(含)以上住房的家庭(包括借款人、配偶及未成年子女)，贷款首付款比例不得低于40%，贷款利率严格按照风险定价。那么新政策对公积金贷款等方面是否有影响呢？公积金贷款不受影响但额度受限 仍可首付两成 记者昨天自北京市公积金管理中心处获悉，目前公积金中心还没有接到相关收紧二套房贷的通知，公积金贷款仍然按照之前的政策执行。对此，链家地产市场分析师张月这样解释，如果家庭成员中，已经有一套房子是采用的商业贷款，如果再购房，采用公积金方式贷款，将不受二套房贷的影响，仍可以首付最低两成；如果家庭成员中已经用公积金贷款买了一套房，再购房之前把此套贷款还清，仍可以两成首付购房，不受二套房贷的影响。如此一来，公积金贷款必然在以后的贷款中受到越来越多消费者的青睐。额度会受限制 不过，张月同时指出，公积金贷款还是会受到贷款额度的限制。一般买第二套以上房的真正的升级置业者，购房面积相对较大，总价和贷款额度也相对大，公积金贷款不一定具备支付能力。现在公积金可以最高贷款80万元，根据不同的缴存额度，所贷款项也不同，一般是贷不到最高额度的。而以现在的房价，购买改善型住宅的人，房子起码是三居，100平方米以上，动辄就得200万元以上，如果单纯办理公积金贷款，首付两成，贷款额度远远不够。单纯的公积金贷款还是无法满足改善型住房者的贷款需求。改善型购房者或享受不到优惠 2008年12月国务院办公厅发布的关于促进房地产市场健康发展的若干意见中明确表示：加大对自住型和改善型住房消费的信贷支持力度。对已贷款购买一套住房，但人均住房面积低于当地平均水平，再申请贷款购买第二套用于改善居住条件的普通自住房的居民，可比照执行首次贷款购买普通自住房的优惠政策。而此次出台的“国11条”新政，在二套房的界定上没有再提及“改善型住房”。中原地产三级市场部副总经理宫萍表示，据北京中原三级市场研究部的统计数据显示，北京中高档二手商品房交易中，15%的消费者是改善型购房。而此次政策后，会有属于改善型需求的购买者被视为“楼市投资者”受到政策抑制的现象出现。购房成本案例比较 通过案例计算来比较一下该政策执行前后二次购房的购房成本。假设该政策前后同一套房产的购房者分别被划为改善型可以享受优惠和非改善型二次购房需求，其购房成本相差甚多。假设王先生二次购房，购买一套房屋总价150万元的二手房，贷款以20年期计算(基准利率5.94%)，如右表计算。比较结论：从案例对比中可以看出，同一套房产，由改善型划为非改善型后，首付款将需多支付10.5万元，贷款利息将多支付15.11万。虽然非改善型购房贷款金额低于改善型，但由于利率的上浮，导致利息更高。>>业界看法 银行对自住者应区别对待 “链家地产”市场分析师张月认为，“国11条”针对二套房贷的政策，让投资购房的人产生较强的心理警示，也会让普通自住者对后期市场国家调控产生一定的心理预期，但对房价和真正的自住购房者升级置业不会直接产生影响。主要因为升级置业者支付能力较强。不过，建议银行对真正自住的房贷者应该区别对待。改善型购买意愿或将下降鑫尊置地房地产经纪有限公司市场推广经理龚靖表示，据了解，来门店购房的人，很多都是把小房子卖了，准备升级置业换个大点的。如果改善型购房的房贷优惠被取消，将让他们的房贷首付压力加大。这部分人群购买意愿将会下降。 (赵丽萍)我要评论,4,1,0.45253705978393555
"外媒选出世界上九个最不受待见的城市(组图) 世界上最大的独立旅行出版商Lonely Planet以Cities You Really Hate(真让人讨厌的城市)为题在自己的网页上列出了9个世界上最不招人待见的城市。墨西哥 切图马儿(Chetumal)在这个名单上排名第9的是墨西哥的边界城市切图马尔(Chetumal)，上榜原因是这个城市是个大众旅游的地方，缺乏魅力。坦桑尼亚 阿鲁沙(Arusha)排在第8名的是坦桑尼亚的阿鲁沙(Arusha)，是通往大自然的门户，城市本身不可多呆，越早离开越好。印度 钦奈(Chennai)第7名是印度钦奈(Chennai)，要说也算个大城市，但是没有孟买的繁华，没有德里的历史，也没有班加罗尔的热闹，据说来自那里的女影星都不够热辣性感。萨尔多瓦 圣萨尔多瓦城(San Salvador)第6名是萨尔瓦多的圣萨尔瓦多城(San Salvador)，据说是中美洲国家中黑色污垢最多的首都。英国 伍尔弗汉普顿(Wolverhampton)第5名是英格兰中部城市伍尔弗汉普顿(Wolverhampton)，Lonely Planet的评价很简单：So bad that we don’t even have it on this site(实在太差了，本网站都没有介绍这个城市)。美国 洛杉矶(Los Angeles)第4名是美国的洛杉矶(Los Angeles)，洛杉矶入选是因为该城市的污染、交通拥堵，还有特难看的高速公路网。韩国 首尔(Seoul)排在最不受欢迎城市榜单第3名是我们的邻邦韩国首尔(Seoul)，用一个网友的评价来说，首尔到处是“苏式水泥建筑群”，污染严重，毫无生气，老百姓只能借酒浇愁。加纳 阿克拉(Accra)第2名是西非加纳首都阿克拉(Accra)，ugly(丑陋), chaotic(混乱), sprawling(杂乱无序)，毫无海滨城市特色。美国 底特律(Detroit)美国的底特律(Detroit)夺得Most hated cities的头筹，理由是治安不佳、环境污染，以及每况愈下的城市基础设施。我要评论",4,5,0.9678258299827576
冯小刚获赠杭州西溪别墅 一部《非诚勿扰》，让很多观众知道了杭州西溪，西溪湿地公园因此游客暴增。景区一直有传言说，当地政府为了感谢冯小刚拍摄这部电影，把电影中出现的西溪湿地别墅送给他使用。日前，浙江影视集团董事长倪政伟证实了这一说法。倪政伟2009年7月13日对记者说，《非诚勿扰》中，葛优在西溪打电话的那栋别墅，目前已成为冯小刚的杭州工作室，这算是政府对他的奖励。但冯小刚只有使用权，没有所有权。我要评论,4,2,0.5611973404884338
银行业协会叫停房贷返点晨报讯（记者 张晓莉）记者昨日从房地产中介机构获悉，去年最后一天，中国银行业协会悄然给会员银行下发了一份通知，要求各商业银行停止向房产中介和房贷中介机构以各种形式支付返点。全国范围内叫停此类返点的序幕正式拉开。这份中国银行业协会的通知名为《关于规范做好个人房地产按揭贷款业务维护市场秩序的自律共识》。该协会明确提出：自今年1月1日起，停止以任何形式向房贷中介及其从业人员支付与所提供的服务不对称、纯粹业务介绍的“返点”费用。早在去年11月，上海、深圳、大连和杭州等地的银行同业协会陆续推出类似的房贷“自律公约”，要求本区域内的银行停止以任何形式向房产中介和房贷中介机构支付返点。北京的主要国有银行和部分股份制银行也在去年末停止向中介机构提供返点。但是，返点行为并未就此停止。多家中介机构表示，不少银行仍在变相提供返点。中易安房地产担保有限公司市场总监徐东华认为，房贷返点已经成为银行争抢房贷市场份额的主要竞争手段，而要想彻底杜绝这种“潜规则”，仅仅依靠行业自律显然不够，需要银监会等监管部门介入并明确违规责任。他表示，国外也存在银行向房贷中介机构支付佣金的情况，但通常都要求必须向消费者明示且不得超过核定限额，否则将被视为商业贿赂行为。到目前为止，我国还没有相应的明确规定。■新闻资料房贷返点在房贷按揭市场的竞争中，银行为了从房产中介和房贷按揭服务公司获得贷款业务，通常会向这些机构支付佣金。佣金的水平不一，一般是按揭贷款额的0.3%到接近3%，而一线城市的水平大约在0.5%至2%之间。这项佣金在业内被称为“房贷返点”。■新闻链接叫停“返点”影响不一对贷款人：服务费可能提高资深房产中介人士分析，叫停返点之举可能导致中介提高贷款服务费，但目前没听说有机构考虑提高。记者从多家中介了解到，北京的房产中介贷款服务费收费标准大致为：贷款额度在一定金额以下收费3000元左右，超过部分每1万元加收50元。一笔100万元贷款的服务费大致在6000元。在实际操作中，中介机构一般不会收取超过份额的加收费用。取消返点后，房产中介向客户收取的贷款代办费用出现上升空间，但在实际操作中，中介会根据市场情况决定是否提高。对中介机构：扩张稍有放慢中易安房地产担保有限公司市场总监徐东华认为，叫停返点对中介影响有限。目前中介的主要盈利以促成交易所收取的交易佣金为主，房贷返点收入一般只占房产中介收入的15%至20%。并且，即使取消房贷返点，房产中介仍然可以向消费者收取一定数额的贷款代办费用，其整体利润损失不会很大。但是，该笔现金流的缺失会使部分房产中介的扩张步伐稍有放慢。晨报记者 张晓莉我要评论,4,1,0.7857542634010315
传印花税下周恢复双边征收 官员称并未听说昨日(15日)，市场开始传言周末将公布证券交易印花税恢复双边征收政策，下周四起实施。另据消息称，此次调整只是对机构(法人)投资者交易印花税恢复双边征收。国家将用税收杠杆增加机构大资金投资者倒仓成本，避免股市暴涨暴跌，保护投资者利益。据新浪财经报道，财政部相关负责人称未听说此消息，财政部财科所所长贾康亦表示如果有政策会正式通知，不会这样传，传的都不靠谱。在此次传言中，有一个版本是此次信息源是华泰证券，而该券商高层亦表示，未听说此传言。市场人士普遍认为，提高印花税对股市是重大利空，而目前大盘的点位并不高，特别是蓝筹板块经过持续调整，估值已经处于合理区间，并没有出台此政策挤泡沫的理由。从昨日股市反应来看，大盘也并没有受此传言的影响。不过，所谓无风不起浪，这一传言在股民中还是引发了较大的担忧。因为2007年财政部在5月30日凌晨提高印花税，让A股经历了“5·30”地震。有此前车之鉴，加上近期小盘股涨得太厉害，不少股民担心相关部门真的会调整印花税。此外，中国国家税务总局昨日还公布，2009年证券交易印花税下降47.9%。在证券交易印花税大幅下降的背景下传出调整印花税的消息，难说是空穴来风。我要评论,4,1,0.923025369644165
伦敦人被逼住船屋2010年初英国福克斯顿船屋中介公司推出“史上最贵”船屋“海洋号”，售价100万英镑，居住面积129平米。买不起房的伦敦年轻人，花几万英磅买艘船屋住在河上。外表简陋，里面却样样齐全。浪漫又实惠，就是泊位不太好找。“当砖瓦不再有吸引力，尝试一下水上生活，那可能会成为快乐生活的起航码头。”英国专栏作者阿曼达·里利琼斯这样说。在英国，这正在成为一种新兴潮流。高昂的房价、低迷的经济让越来越多的人放弃买房，选择居住在船屋里，以一种颇具诗意的方式享受着“蜗居”生活。年轻人初次置业选船屋27岁的希安·奥尼尔和尼克·奥斯丁是生活在伦敦的一对年轻情侣。由于囊中羞涩，他们选择花2万英镑购买一艘船屋。随后，奥尼尔和奥斯丁又花费1万英镑，将这艘船屋装扮成了一个真正的家。奥尼尔总结说，船屋生活“浪漫得不可思议”，不过冬天有点冷。近年来有调查显示，越来越多的英国夫妇在孩子长大离家后选择卖掉郊区的房子，住到生活方便、环境优美的位于城市水系上的船屋里。此外，由于价格低廉，年轻的初次购房者、由于经济趋紧而被迫换房者都是购买船屋的主力群体。中年人囊中羞涩DIY船屋从2000年以来，英国船屋的数量几乎在以每4年翻一番的速度增长。46岁的多米尼克·韦伯斯特是一名建筑师。他曾经在伦敦北部的海格特拥有一间公寓。但是，现在他的家安在伦敦东部布莱克沃港区的一条驳船“精益求精号”上。韦伯斯特说，他离婚后一度经济紧张，而过去乘坐游艇度假的经历让他对水上生活十分向往。2003年，韦伯斯特花了3.5万英镑买下一艘船屋，然后花了7.5万英镑重新装修。船屋里的装饰几乎都是韦伯斯特DIY完成。他参照网上和杂志上的游艇照片，梦想把这条船改造成一条“经济型超级游艇”。2008年，韦伯斯特的船屋被重新估价为18.7万英镑，他说：“这个估价很棒，但是住在船上是一种生活方式，而不是为了投资。”韦伯斯特的船里安装了宽屏幕电视和苹果电脑。韦伯斯特说：“我有暖气、宽带、洗衣机，普通房子所有的一切这里都有。”年轻白领尝鲜租船屋除了自己购买船屋，很多人选择了租住的方式。25岁的金融分析师克里斯蒂安·洛克就在泰晤士河上一个船屋公寓里租了一间房子，每月租金为650英镑。他说：“我并不想拥有一艘船屋，但我很想住。而且，如果在陆地上租这样一间公寓每个月租金至少1000英镑。”英国的名人中也不乏船屋业主。50多岁的英国著名演员尼格尔·普兰内尔住在泰晤士河上的一条大船上已经有好几年了。（马晶）■ 不利因素船屋泊位难找按揭贷款更贵诗意浪漫从来都没那么容易拥有。一条最基本的船屋售价是2万英镑，但是泊位和其他费用也是一笔不小的开支。船屋泊位由英国水运局和私人业主提供，其使用权限从6个月到125年不等。泊位除了供船屋停靠外，还提供天然气、污水排放、电等基础设施服务，有时候还能接入宽带和数字电视。如果没有泊位，船屋只能临时停靠，每隔10多天挪一次位置，否则将支付高额罚款。2009年英国拥有泊位的船屋只有约3000艘。一艘拥有10年以上泊位使用权的船屋价格比没有泊位使用权的船屋高2到3倍。另外，按揭购买船屋的贷款利率也比普通房屋高不少，贷款额也有限制。业主每年还要为船屋支付保险，通常是3500英镑一年。如果租用的是英国水运局的泊位，那么每年需要额外花费80到120英镑购买安全证书。在泰晤士河上停泊的船屋还需要伦敦港的许可证。每隔几年，业主还需要对船屋进行保养，每次耗资也在数千英镑。（马晶）我要评论,4,5,0.8576794266700745
房屋征收补偿条例征求民意 本报讯 备受各界关注的《国有土地上房屋征收与补偿条例（征求意见稿）》今起正式向公众公开征求意见。国务院法制办２９日将在其网站上公布征求意见稿的全文。征求意见稿共五章四十一条，分别对适用范围、征收程序、征收补偿、关于非因公共利益的需要实施的拆迁等问题予以了明确规定。其中，征求意见稿对政府征收房屋的补偿问题予以专章规定。要求被征收房屋的房地产市场评估价格，不得低于房屋征收决定生效之日类似房地产的市场交易价格。征求意见稿对征收补偿规定了六个方面的主要问题：一是补偿的方式可以实行货币补偿，也可以实行房屋产权调换，或者实行货币补偿与房屋产权调换相结合的形式。被征收人可以选择补偿方式。二是货币补偿的金额，由房地产价格评估机构以房地产市场评估价格确定，但不得低于房屋征收决定生效之日类似房地产的市场交易价格。房地产价格评估机构，由被征收人以投票或者抽签等方式确定。三是房屋征收部门负责组织对被征收房屋进行调查登记，拟定补偿方案，并征求被征收人的意见，经修改完善，报有关政府批准后公告；其中危旧房改造补偿方案在批准前还应当征得2/3以上被征收人的同意。四是房屋征收部门按照补偿方案与被征收人订立补偿协议；其中危旧房改造的补偿协议，在签约期限内签约率达到2/3以上的，方可生效。五是如一方当事人未履行补偿协议，另一方当事人可以依法向人民法院提起诉讼。六是政府应当为征收个人住宅的被征收人提供适当房源，符合住房保障条件的，应当为其提供保障性住房。■ 制订背景拆迁条例修改酝酿两年多２００７年１０月１日起施行的《中华人民共和国物权法》规定：“为了公共利益的需要，依照法律规定的权限和程序可以征收集体所有的土地和单位、个人的房屋及其他不动产。”２００７年８月３０日，十届全国人大常委会第二十九次会议审议并通过了《全国人民代表大会常务委员会关于修改〈中华人民共和国城市房地产管理法〉的决定》，授权国务院就征收国有土地上单位、个人的房屋与拆迁补偿制定行政法规。据此，国务院法制办会同住房和城乡建设部在多次征求各方面意见的基础上，经反复研究、修改，形成了征求意见稿。国务院法制办有关负责人表示，各界人士可以在２月１２日前，登录“中国政府法制信息网”对征求意见稿提出意见。或者通过信函方式将意见寄至：北京市１７５０信箱（邮政编码：１０００１７），并请在信封上注明“国有土地上房屋征收与补偿条例征求意见”字样，也可以通过电子邮件方式：ｆｗｚｓ＠ｃｈｉｎａｌａｗ．ｇｏｖ．ｃｎ。本版稿件据新华社电■ 看点1应先予以被征收人补偿对于政府征收房屋过程中，最容易引发矛盾冲突的“强制拆迁”问题，征求意见稿予以明确规定。被征收人对补偿决定不服的，可以依法申请行政复议，也可以依法向人民法院提起行政诉讼。这一期间，不停止补偿决定的执行；逾期不申请行政复议也不向人民法院提起行政诉讼、又不履行的，由作出房屋征收决定的县级以上地方政府强制搬迁，或者依法申请法院强制搬迁。“如果政府部门对房屋的征收和补偿都是合目的的、合法的，但还有一些人不愿搬走，这时公共利益就很难实现。”北京大学法学院教授王锡锌认为，这个时候“强制措施”的存在是有一定合理性的，因为所有的法律的实施都有一个强制问题。征求意见稿同时规定，实施强制搬迁前，房屋征收部门应当按照补偿决定，对被征收人先予货币补偿或者提供产权调换房屋、周转用房。2搬迁禁止断水断电断气征求意见稿对房屋征收过程中断水、断电、断气等做法予以了明确禁止。房屋征收部门委托有关单位从事征收补偿与搬迁具体工作的，应当加强对受委托单位的监督，并对其实施的征收补偿与搬迁行为承担相应的法律责任。房屋征收部门及其委托的单位不得采取中断供水、供热、供气、供电等方式实施搬迁。任何单位和个人不得以暴力、胁迫以及其他非法手段实施搬迁。意见稿同时规定，违反本条例规定，房屋征收部门及相关单位，以暴力、胁迫以及其他非法手段实施搬迁的，对直接负责的主管人员和其他直接责任人员，构成犯罪的，依法追究刑事责任；尚不构成犯罪的，依法给予处分。3危房改造须获九成同意对因危旧房改造需要征收房屋的，征求意见稿提出特别的要求，未达到９０％被征收人同意的，不得作出房屋征收决定。征求意见稿规定，因危旧房改造需要征收房屋的，县级以上地方人民政府应当在组织有关部门论证的基础上征求意见。９０％以上被征收人同意进行危旧房改造的方可作出房屋征收决定；未达到９０％则不得作出房屋征收决定。县级以上地方人民政府应当将征求意见的情况及时公布。对于补偿，征求意见稿特别提出，补偿方案在报县级以上地方人民政府批准前，还应当征得三分之二以上被征收人的同意。4征收须满足七公共利益征求意见稿规定，只有符合七种“公共利益”的需要，政府方可征收房屋。依照《物权法》的规定，征求意见稿对“公共利益的需要”作了界定。根据征求意见稿，“公共利益的需要”包括七种情况：国防设施建设的需要；国家重点扶持并纳入规划的能源、交通、水利等公共事业的需要；国家重点扶持并纳入规划的科技、教育、文化、卫生、体育、环境和资源保护、文物保护、社会福利、市政公用等公共事业的需要；为改善低收入住房困难家庭居住条件，由政府组织实施的廉租住房、经济适用住房等建设的需要；为改善城市居民居住条件，由政府组织实施的危旧房改造的需要；国家机关办公用房建设的需要；法律、行政法规和国务院规定的其他公共利益的需要。■ 原则房屋征收过程公开公众意见县级以上地方人民政府在组织有关部门论证后，应当将房屋征收目的、房屋征收范围、实施时间等事项予以公告，并采取论证会、听证会或者其他方式征求被征收人、公众和专家意见。公告时间不得少于３０日；但是，房屋征收范围较大的，公告时间不得少于６０日。县级以上地方人民政府应当将被征收人、公众和专家意见的采纳情况、不采纳情况及理由及时公布。无重大争议的，由县级以上地方人民政府作出房屋征收决定。我要评论,4,7,0.9772838950157166
2010年十大旅游地 中国排第八榜单认为 中国的特点是融汇现代和传统 上海世博会也能吸引游客今晨据英国媒体报道，美国旅游公司Gate 1 Travel刚刚出炉了一份“2010年十大旅游地”的榜单，为那些还在犹豫去哪里旅行的人指出了最佳旅游地。此次，中国在榜单中名列第八，而在2008年世界旅游论坛公布的全球130个国家、地区排行中，中国大陆旅游竞争力仅排在第62位。1.意大利点评：从托斯卡纳区的群山到罗马古城的废墟，意大利因其无与伦比的美景、美食和购物而闻名。旅行者经常会流连于宽广的农村地区。对于大多数人而言，最具吸引力的还是这个国家悠久的历史。2.埃及点评：想要度过一个既经济实惠又颇具魅力的假期？埃及在这方面排名很高。那里不仅政局稳定，还是吉萨大金字塔的所在地。尽管全年高温，但旅行者似乎从未对多面的埃及感到厌倦。3.希腊点评：美丽的景色加上文化和历史的碰撞使得希腊一直是个受欢迎的旅游目的地。美丽的沙滩、古老的遗址和神的旨意吸引着年轻人，度蜜月的人常常选择希腊浪漫之旅。4.土耳其点评：与埃及类似，土耳其成为跨国旅行者目的地之一的原因是其成本可接受性。抵达土耳其，游客便陶醉于独特的历史和考古遗迹、雄伟的高山和峡谷、湖泊、河流、瀑布、城堡、清真寺以及美丽的海岸线。5.秘鲁点评：作为马丘比丘城堡所在地，秘鲁在最近几年内成为受欢迎的旅行目的地。17世纪的建筑、印加遗址以及无人去过的丛林——秘鲁等待你去发掘。首都利马不仅是金融中心还是文化中心，古老的印加首都库斯科每年都吸引将近百万名游客。6.Oberammergau(上阿莫高)点评：Oberammergau(上阿莫高)是巴伐利亚的一个小村，坐落在德国中南部阿尔卑斯山脉沿线、阿莫尔河附近。但并非是这个镇子优越的地理位置吸引着游客——这里是世界著名的壁画村。那些壁画大都由上阿莫高本地人在1634年创作，描述耶稣的最后几日。7.约旦点评：坐落于中东核心地区，有着重大的宗教和历史意义。来旅游的人大多会去探索约旦河、最受欢迎的城市玫瑰红城佩特拉、死海。8.中国点评：凭借快速增加的基础设施和起飞的经济，中国融汇了现代化的复杂性和丰富的传统性。这种独特的混杂特点使得这个国家成为受欢迎的旅游地。那儿有享有盛名的长城以及拥有白色圆形大理石祭坛的天坛，其它受欢迎的城市包括最古老的城市之一西安，还有2010年举办世博会的上海，也能吸引游客。9.印度点评：拥有超过十亿人口的印度是世界上最具多元化的国家之一。在德里，游客能看见华丽的印度教寺庙和世界上最高的独立式砖尖塔库图米纳尔塔。德里不远处是泰姬陵所在地阿格拉市。印度不仅拥有美丽的风情而且经济实惠。10.哥斯达黎加点评：火山、瀑布、野生动物，哥斯达黎加已迅速变成一个受欢迎的生态旅游地。寻求刺激的旅行者可以领略到生物多样性，也能够进行各种冒险活动，如滑索和吊桥。当墨西哥正从2009年的流感恐慌中恢复的时候，哥斯达黎加越来越受欢迎。编译/尹晓琳  记者 黎史翔我要评论,4,5,0.8114102482795715
信贷或在下半年开始收紧1月18日央行正式上调存款准备金，这被理解为宏观调控政策转向的信号，市场也越来越担忧流动性将开始收紧。而分析人士称这种情况将在2010年下半年出现。近期市场对货币政策转向的预期已十分明显，业界普遍预计2010年的信贷投放将大大减少，货币政策必然越来越紧。受此影响，上证指数自1月18日上调存款准备金以来已经下跌了超过7%。不过，记者从央行人士处获悉，管理层确定上半年新增贷款规模仍为5万亿元左右，一、二季度分别为3万亿和2万亿，与年初确定的目标基本一致。而在1月27日的银监会召开的各商业银行工作会议上则确定了2010年信贷新增投放7.5万亿，与此前市场预期基本吻合。对此，分析人士称，2010年上半年5万亿的新增信贷与2009年差别不大，但按照银监会的表态，2009年下半年的新增信贷量将骤降至2.5万亿，到时流动性收紧的影响将会显现。但据某商业银行内部人士称，2010年的经济局势十分复杂，信贷增量可能也会按月进行调整，现在可能根本无法给出具体数字，银监会方面也根据实际情况随时调控。兴业银行经济学家鲁政委此前曾撰文预测， 1 月份新增贷款可能在1.2~1.5 万亿之间，中值1.35 万亿，无论从绝对量还是从同比增速来看，均将低于去年同期。他还认为今年2月不可能出现加息。式上调存款准备金，这被理解为宏观调控政策转向的信号，市场也越来越担忧流动性将开始收紧。而分析人士称这种情况将在2010年下半年出现。1月18日央行正式上调存款准备金，这被理解为宏观调控政策转向的信号，市场也越来越担忧流动性将开始收紧。而分析人士称这种情况将在2010年下半年出现。近期市场对货币政策转向的预期已十分明显，业界普遍预计2010年的信贷投放将大大减少，货币政策必然越来越紧。受此影响，上证指数自1月18日上调存款准备金以来已经下跌了超过7%。不过，记者从央行人士处获悉，管理层确定上半年新增贷款规模仍为5万亿元左右，一、二季度分别为3万亿和2万亿，与年初确定的目标基本一致。而在1月27日的银监会召开的各商业银行工作会议上则确定了2010年信贷新增投放7.5万亿，与此前市场预期基本吻合。对此，分析人士称，2010年上半年5万亿的新增信贷与2009年差别不大，但按照银监会的表态，2009年下半年的新增信贷量将骤降至2.5万亿，到时流动性收紧的影响将会显现。但据某商业银行内部人士称，2010年的经济局势十分复杂，信贷增量可能也会按月进行调整，现在可能根本无法给出具体数字，银监会方面也根据实际情况随时调控。兴业银行经济学家鲁政委此前曾撰文预测， 1 月份新增贷款可能在1.2~1.5 万亿之间，中值1.35 万亿，无论从绝对量还是从同比增速来看，均将低于去年同期。他还认为今年2月不可能出现加息。我要评论,4,1,0.9412502646446228
四大行暗抬北京首套房贷 首付四成享7折优惠现身    山雨欲来风满楼。近期，北京部分银行取消首套住房7折优惠利率的消息不绝于耳，对此，四大行北京分行人士对媒体表示，目前还按照原来的政策执行，并未出现利率优惠调整。但是，情况真的如此吗？记者以购房者身份走访了几家银行营业部，却得到相反的答案。想办7折优惠利率很难记者在中国银行某营业点咨询办理房贷利率是否还能打7折优惠时，该行工作人员表示，现在首套房想办7折优惠利率也很难了，除非银行觉得贷款人的资质非常好。记者询问是否有接到新的政策通知时，该工作人员表示：“虽然政府还没有出台新的房贷政策，但我们银行有自己内部的政策规定。现在房贷政策紧缩，到了2月份也不见得会很好，办房贷现在需要审批很长一段时间。”建设银行房贷经理张先生告诉记者，现在银行内部办房贷的政策也是一天一个样，如果想要办7折利率的房贷，除非首付比较高，起码得首付四成以上。对于二套房贷，张先生表示，现在银行均要求首付四成以上，不过银行会根据客户的资质给予一定的利率优惠。而北京银行的工作人员则告诉记者，北京银行已经取消了二套房的利率优惠，需按照央行的基准利率支付贷款利息。相比四大行，各个股份制银行的房贷似乎好办一些。“我们现在没有接到通知取消首套房7折利率优惠，因此申请的时候也还是按照7折办理，但不能保证首套房肯定能做到7折利率。目前房贷申请需要3天的评估时间，4天的审批时间，通常在7-10天的时间内完成流程。”中信银行的一名房贷经理告诉记者。临近月末，有市场人士预计，1月份的信贷有可能超过1万亿，有消息称1月第一周全国信贷投放达6000亿元，第二周更高达8000亿元，引起了监管机构的关注，央行于14日宣布提高银行存款准备金率0.5个百分点。另外，由于去年底银监会的新通知规定，禁止银行通过信贷类理财产品转出自身存量信贷资产，商业银行无法再通过信贷理财产品的发售将表内资产转移至表外，也影响了银行新增贷款的规模。房贷影响下半年显现据北京市房地产交易管理网的数据显示，截至1月26日，二手房签约数为11462套，相比2009年12月份的41743套，下滑了70%以上。亚豪机构市场总监郭毅告诉记者，1月份前20天，一手商品房的成交量环比下降了48%。郭毅表示，由于决策层频频对房地产市场发出调控信号，对房地产市场的影响很大。信义房屋建外大街店主管易华对记者表示，目前为止，客户申请的房贷如果符合标准，还是按照利率打7折来办理。“房屋成交量大幅度下滑，这是由于政府调控的力度加大，打击投机性需求的态度非常坚决。”易华分析道，“投资客购买房产，当然要最大限度地利用银行贷款，他们当然不会用100万全款买一套房，而肯定是要用20万首付贷款买5套房。现在政府调控房地产市场，导致房地产投机的成本增加，如利息、中介佣金、税费等，因此房屋成交量下降不可避免。”易华认为，房屋成交量下降，利率优惠的调高并没有起到全部作用。“一是在政府调控的情况下，购房者的心理预期下降，看跌房价，因此作出观望；二是去年9月28日出台的新规定，银行贷款需要严格参照网签合同，杜绝了阴阳合同；三是去年底和今年初收紧税收优惠政策的规定。政策出台后的效果有一定的滞后性，现在这一系列的措施导致了1月份成交量的下跌。”据链家地产市场研究部近期发布的报告显示，过去三年北京二手房价格平均上涨了120%，大兴、昌平涨幅分别高达166%和140%，由于政策的延缓，今年上半年楼市对各种调控政策的反应可能会以成交量的萎缩为主，下半年房价会出现明显反应。易华认为，房屋成交量支撑着房屋的价格，如果成交量一直下跌，那么房价不会支撑太久，尽管现在看来房价还是上涨的势头，但恐怕已经是强弩之末。从北京一些房地产中介公司的信息来看，1月份北京二手房市场已经出现明显的议价空间，大部分二手房的成交价格比挂牌价格下调了1.5%-2.5%的价格。而在去年12月份，65%的房源成交价格都高于挂牌价格２%-３%。月供将增加多少？银行房贷7折利率优惠或将取消的传闻愈演愈烈，尽管银行表示存量房贷暂时不会受到影响，但是很多新申请的房贷很有可能不再是7折优惠，调高为8.5折优惠，而二套房也很有可能不再享受任何利率优惠。一旦最低优惠利率由7折变为8.5折，贷款人需要多支付多少利息呢？假设贷款100万元，贷款期限为30年，选择等额本息的还款方式，如果按照7折利率优惠，每个月的月供为4865.69元，总共需要支付利息大约是75万元；如果是8.5折利率，每个月的月供为5398.20元，总共需要支付的利息约为94万元；如果是二套房基准利率不打折，每个月的月供为 5956.98元，总利息高达114万元。（季小舟/文）我要评论,4,1,0.5754892230033875
"监管层要求银行收紧二套房贷 违规行长将被问责据中国之声《央广新闻》1月30日11时45分报道，关于银行收紧二套房贷款政策，日前有监管层发出指示，要求银行全面收紧二套房贷款政策，包括所谓改善型住房在内的所有二套房均要执行首付四成的比例，一旦出现违规，行长将被问责。监管层是在最近召开的一次形势会议上对于今年的信贷政策进行了明确定调，其中调整个人房贷和开发贷是今年的重点工作。而对于此前有部分银行对于改善型住房还存在界定不清的情况，监管层明确表态，无论是不是改善型住房，只要是二套房就一律要实行首付四成的比例。一直以来，高息揽储、贷款直接流向股市是银行业的两条高压红线，而此次对于二套房贷款政策的严控程度，已经可以算是第三条红线了。二套房首付四成的比例是铁定的，各家银行都不能触线。如果违规，将直接找行长进行问责。虽然此前也有消息称，不少银行借政策空当低首付抢个贷客源，但日前有媒体以购房者身份咨询了几个主要的银行，就发现目前申请二套房商业贷款首付比例都已提至四成，而即使是通过相熟的按揭公司，也无法申请到低于四成的首付比例。现在大部分银行依然有二套房的利率优惠政策，优惠幅度从10%到29.9%不等。比如中国银行要求首付4成目前利率政策未明；农业银行首付4成基本利率下浮29.9%，还有改善型住房优惠；工商银行4成基本利率上浮10%，有改善型住房优惠；建设银行4成基本利率，有改善型住房优惠。对此，,银行方面解释称，监管层方面的指导思想是在四成首付比例之下，具体利率按照市场化定价来确定。这种方式更加科学，银行会根据自己的情况以及客户对于银行的贡献度来确定最终的利率。不过，也有银行表示，如果在目前基准利率表基础上打七折，则年息为4.158%，而目前中等银行的资金成本情况已经接近4%，银行做七折房贷业务已经是微利。(记者梁盛)我要评论",4,1,0.3910987079143524
调查称逾5成民众认为今年最大烦恼系住房难中新社北京2月1日电 (记者 周锐) “CCTV2009年经济生活大调查”31日在北京发布调查结果。数据显示，54%的中国民众认为住房难将是自己2010年的最大烦恼。“CCTV经济生活大调查”由央视联合中国国家统计局等共同举办，目前是中国内地规模最大的民间问卷调查和媒体调查活动。从2006年至今，该活动已连续举办四届。据介绍，在上一年的调查里，受访者曾被问及“是否会在现有房屋价格下买房”。数据显示，在中国所有省份中，宁夏受访者的买房意愿最高。结果在随后的10个月里，宁夏银川房价涨幅始终居于全国第一。据统计，54%的受访者表示住房难将是自己2010年最大的烦恼。其中，北京人和上海人最不具备购房意愿。数据显示，这两个城市60%的受访者称不想在今年买房。国家统计局总经济师姚景源表示，人们不想买房并不是他们没有住房需求，而是中国房价确实高得有些离谱。姚景源指出，“衣食住行”是中国百姓的基本需求，中国在成功解决“衣食”问题后，现在应该在“住”的方面下大气力。他认为，在政府的调控下，房地产市场2010年的发展将趋于平稳、健康。据了解，为完成本次调查，组织者共向10万个中国家庭发放了明信片问卷。调查涉及收入、投资、支出、住房、就业、幸福感等多个方面。问卷回收率超过90%。调查结果显示，2010年，民众最想购买的商品依次是电脑、旅游、汽车；近6成民众对自己2010年收入的增加表示乐观；基金则连续三年成为最受民众欢迎的投资项目。我要评论,4,7,0.6399928331375122
龚方雄：今年不宜投资房产信息时报讯 (记者 袁峰) 随着政策缩紧信号的释放，宏观经济以及股市、房市今年的走势日益牵动投资人的神经。昨日，摩根大通中国投资银行副主席龚方雄透露，今年经济成长很好，但形势很复杂，股市赚钱要比去年难得多，超越4000点不容易。当记者问到是否会在今年投资房产时，他明确地回答：“今年我肯定不会投资房产，因为有更好的投资机会。”楼市投资租金回报率不足4%“房价也该歇歇了，今年投资房产不是好时候。”龚方雄称，作为相对流动性差的房产，只有当租金回报高于一年固定存款利率时才有利可图，目前房产租金回报率普遍在2%～3%，但银行一年固定存款的利息都有2.2%，而且存款是现金，它的流动性非常好，此外房产的流动性也比股票差很多。因此，目前投资房产不是好机会，特别是那些借贷炒房的投资客，租金回报率2%多一点，如果房子是贷款买的，银行贷款利率至少5%，那么你的投资现金流还是负的。对于政府不断出台的房市紧缩政策，龚方雄指出，目前对房市的政策是调控，而不是打压，因为单纯的打压只会越打越高。此轮政策强调了增加市场供应，特别是廉租房的建设。人民币应尽快与美元脱钩“现在最应该做的是恢复人民币小幅升值的市场机制，尽快改变盯住美元的政策”。龚方雄告诉记者，最近美元走强，减少了外部输入型通胀的压力，而我们来自内部的通胀压力也不大，CPI涨幅只会在个别月份出现较高涨幅，其中农产品的上涨也是良性通胀，此时是人民币继续汇改的最佳时机，4月份以后美国财政部每年一度的全球汇率操纵报告以及下半年美国的中期选举，到时候汇率再改就不是好时机。汇丰中国首席经济学家屈宏斌也表示，12月份外贸出口已有17%的增长，欧美以及其他经济体的复苏仍会持续，补库存的需求将刺激中国外贸继续增长，因此人民币汇率应继续2005年以来的汇改进程，实现每年3%～5%的小幅升值，与美元脱钩。但外界普遍担忧，人民币一旦升值，国际热钱将蜂拥而至豪赌人民币资产升值，从而产生股市和楼市泡沫。对此，龚方雄则指出，人民币如果不与美元脱钩，就会长期失去货币政策的独立性。举个例子，美元如果不加息，人民币加息的主动性就弱，加息的空间也有限，因为一旦加息拉大与其他国际货币的息差，必然会更加刺激热钱的流入，加大人民币升值压力。屈宏斌告诉记者，人民币升值和加息都会带来国际热钱流入的不利影响，人民币如果保持与美元同步的原则，一直不加息，则会因为资金运用成本低、流动性泛滥引起资产价格过高带来的通胀，人民币此时应放弃与美元脱钩的政策。股市走势难上4000点“因为今年全球和国内退出政策的不确定性导致形势更为复杂多变，因此今年股市赚钱不太容易。股市越过4000点有难度，但3000点则是股市比较坚实的基础。”龚方雄说。龚方雄认为，今年股市与经济绝对表现相关性并不大。未来股市要升，要有几个必要条件，如GDP增长能到10%～11%，全年通胀控制在3%左右，加息次数不会太多，2～3次，人民币小幅升值等等，如果这几个条件都能实现，那股市肯定能突破4000点。”自住需求的购买者，如果买得起，任何时候都是买房的机会，租金回报率对你没任何意义。房市紧缩政策是调控，而不是打压，因为单纯的打压只会越打越高，此轮政策强调了增加市场供应，特别是廉租房的建设。今年股市赚钱不太容易。越过4000点有难度，但3000点则是比较坚实的基础。——龚方雄我要评论,4,1,0.7476019263267517
银行间房产信托基金开闸在即由中国人民银行起草的《银行间债券市场房地产信托受益券发行管理办法》(以下简称管理办法)目前正在征求意见，并将于近期开展试点。这意味着由央行牵头的银行间市场房地产信托投资基金(REITs)即将开闸。消息人士7日向中国证券报记者透露，该管理办法规定，REITs的委托方为房产商，受托方为信托公司，并通过信托公司在银行间市场发行房地产信托受益券。受益券为固定收益产品。在受益券到期时，委托人或第三方应当按照合同约定的价格收购受益券。管理办法第十一条“信托财产及其登记”中明确，被委托的地产物业应当已经投入使用，具有稳定现金流，并按照住房和城乡建设主管部门的有关规定办理房地产信托登记。第十三条“收益来源”规定，房地产信托收益由房地产物业租金收入和处分房地产物业所得构成。锦天城律师事务所高级合伙人王祚君律师指出，管理办法规定应当办理房地产信托登记。而与管理办法配套的《房地产信托登记暂行办法》第四条规定房地产信托登记，是将“信托房地产”作为房地产所有权人。就是把信托房地产这个客体作为房地产的所有权人，直接违反我国民事法律及其基本理论，是不会为法学界和司法界所接受的。王祚君律师建议，房地产的所有权人应该是“房地产信托或房地产信托计划”，如同美国REITs中的“商业信托”，是一个与自然人一样的可以拥有财产权利的“人”，也如同香港“领汇房地产投资信托基金”中所有权人为“汇丰信托”。其次，第十一条、第十三条规定被委托的房地产物业“应当已经投入使用，具有稳定现金流”，收益来源包括物业租金。但如果物业租金兑付不了每年预期信托利益时该怎么办没有明确。此外，第九条明确了委托人或担保人有回购受益券的责任，但又在第十二条对委托人或担保人的回购网开一面，规定“委托人或第三方未能按信托合同约定收购受益券时，委托人处分信托财产的情形例外。”这就是说，委托人或担保人在信托到期时应当回购受益券，如果不回购，就处置物业。这就给委托方以很大的腾挪空间：如果房地产市场上涨，房产商可以回购物业赚取收益；如果暴跌，就可以选择不回购而是处置物业，让投资者承担损失。王祚君律师建议，应该让提供流动性支持的第三方为预期信托利益和回购受益券提供担保，让“流动性支持”作为“收益来源”之一。 （记者 高改芳）我要评论,4,1,0.972615659236908
房屋征收与补偿条例征求意见结束新华社北京2月13日电 （记者陈菲）《国有土地上房屋征收与补偿条例（征求意见稿）》12日征求意见结束。记者13日从国务院法制办官方网站获悉，在15天内，共有13437人通过国务院法制办法规规章草案征集意见系统发表了意见。1月29日，国务院法制办正式公布了《国有土地上房屋征收与补偿条例（征求意见稿）》，向社会公众公开征求意见，征求意见截止日为2月12日，共15天。2007年10月1日起施行的《中华人民共和国物权法》规定：“为了公共利益的需要，依照法律规定的权限和程序可以征收集体所有的土地和单位、个人的房屋及其他不动产。”2007年8月30日，十届全国人大常委会第二十九次会议审议并通过了《全国人民代表大会常务委员会关于修改〈中华人民共和国城市房地产管理法〉的决定》，授权国务院就征收国有土地上单位、个人的房屋与拆迁补偿制定行政法规。据此，国务院法制办会同住房城乡建设部在多次征求各方面意见的基础上，经反复研究、修改，形成了征求意见稿。我要评论,4,7,0.9615950584411621
南京被征地农民 上调保障待遇据新华社电(记者 邓华宁)南京市劳动和社会保障局日前发布消息，上调全市以下5类特殊群体的保障待遇：被征地农民；城镇无收入老居民；上世纪50年代退职人员、60年代初部分精减老职工和保养人员；支援“三线”建设部分回南京定居的“老军工”；原支边、插队(场)、下放人员。被征地农民的基本生活保障待遇按原标准的10%增发。我要评论,4,7,0.8807423114776611
何洁自曝还清解约欠款成自由身 省吃俭用当宅女 新浪娱乐讯 超女何洁去年8月与天娱正式解约，国内媒体爆料其签约北京奇异夸克公司后已于日前将与天娱解约欠款还清，过年期间她省吃俭用窝在家里变“宅女”。何洁自参加超女比赛后签约天娱出道以来，负面新闻不断，直至天娱安排何洁与郭敬明一起的那次洗心革面之旅后她终于因为不满提出解约。据北京媒体报道，何洁日前在接受采访时透露其与天娱解约官司的欠款已经全部还清。加盟北京奇异夸克公司后，何洁透露自己整个生活状态都发生了变化。或许是因为之前还债用了太多钱，现在过年她都是省吃俭用窝家家里当“宅女”，不买衣服不消费，就连吃饭都是经常跑去公司蹭饭。近日，何洁推出自制的中国式年画和贺卡，贺卡中的漫画形象也来自3月即将发行的何洁半自传体图文书，“何大宝”的漫画形象提前在媒体和公众面前曝光：扎着朝天辫，穿着红肚兜，笑得露出五颗牙齿，眼睛眯成了一条线，伴着象征吉祥如意的鲤鱼和荷花，恭祝大家招财进宝，虎年快乐。JZB/文我要评论,4,2,0.8782309889793396
美国男子驾私人飞机撞政府大楼一名男子美国当地时间18日驾驶一架小型飞机撞入美国国内税收署位于得克萨斯州首府奥斯汀的一处办公楼，造成2人死亡、13人受伤。事件令不少美国人回想起“9·11”。美国联邦调查局初步调查后认定驾驶员为软件工程师约瑟夫·斯塔克。奥斯汀市警方也表示，目前看来撞击事件与恐怖袭击无关。早有预谋网上留有“遗书”当地时间18日9时45分许，斯塔克驾驶他自己的单引擎PA -28“切罗基”型4座小飞机撞入奥斯汀国内税收署大楼，当时大楼内有近200人。美联社报道，斯塔克据信当场死亡。另外，救援人员在大楼内还找到一具尸体。至少有13人受伤，两人伤势严重。作为预警，美军派出两架F16战斗机在撞机发生地上空执行空中巡视任务。按美联社的说法，发动袭击前，斯塔克放火烧掉了自家房屋。事发前，斯塔克在互联网上留言3000多字，表明自己已无法控制怒火，必须实施撞楼计划。斯塔克在留言中不仅抨击国内税收署，还控诉一些政治人士、大公司犯下的“无法想象的罪行”，批评美国政府的救市计划。最后，他下结论说：“暴力不仅仅是这些问题的解决办法，更是唯一办法。”美联社认为，可以看出，斯塔克早已策划好这起撞楼事件。留言最后，斯塔克写下日期2月19日，签上自己的全名并加注1956年至2010年，意味着自己的出生及死亡年份。企业两遭税局勒令停业在留言中，斯塔克称，自己与国内税收署多次发生争执。他指责国内税收署使自己损失4万美元，令他“10年的心血付诸东流”。其间，他谈到自己两次开办公司、两次遭国内税收署“阻挠”的经历。1985年，斯塔克在加利福尼亚州科罗纳注册“威力工程股份有限公司”。但因其间一度未申报缴税，加州特许经营税委员会2000年勒令这家企业暂停营业。斯塔克1995年在加州林肯开办“软件系统服务公司”，但于2004年遭勒令停业。加州特许经营税委员会发言人丹尼丝·阿齐米说，斯塔克1996年至2002年没有缴纳加州州税，总计1153美元。斯塔克的解释是，第一次没有申报州税是因为手头没钱，第二次是因为报税时没有把前妻谢里尔的收入算在内。“为人正直，不抽烟，不喝酒”一些斯塔克的朋友对撞楼事件感到震惊。在他们眼中，斯塔克只是一个普通人，从未听到斯塔克谈论政治、税收或政府。美联社报道，斯塔克在上大学前就读米尔顿·赫希学校，这是一所孤儿学校。1975年至1977年，斯塔克在哈里斯堡地区社区学院就读，但没有毕业。平日里，塔斯克是奥斯汀民间摇滚乐队比利·埃利乐队的吉他手。帕姆·帕克是乐队另一名乐手的妻子，她说，大家只知道斯塔克是一个安静的父亲，每年都要去挪威一次，探望女儿和孙子孙女。乐队键盘师兼鼓手迈克尔·切尔扎说：“乔为人正直，不抽烟，不喝酒。他有才华，关心一些正常人关心的事情。我从不知道他处于某种崩溃的边缘。在一群人中，他是那种不爱说话的人。”记者手记拥有私人飞机他真的“无法生存下去”？一位美国记者说：“他(斯塔克)在网上说，现政府只救助大企业，像他这样的小业主难以生存，只能用暴力回答税务署。总之，他恨政府。”不过，这位记者也强调，斯塔克毕竟拥有自己的飞机和房产，未必真的像他自己说得那样无法生存下去。有不愿披露姓名的人士认为，斯塔克应当属于高收入人士。政府实施的对高收入者增税，以部分补贴中低收入人群医疗保险等的做法，激起了部分高收入人士的不满。这个事件显示，这种不满开始表面化。无独有偶暴力抗税旧案：炸毁大楼168人亡美国已发生过多起暴力抗税事件。1995年4月，纳税人蒂姆西·麦克维因不满税收制度而炸毁俄克拉何马州首府俄克拉何马城一幢联邦政府大楼，致使168人死亡，数百人受伤。2007年，家住新罕布什尔州普兰菲尔德镇的爱德华·布朗和妻子偷逃税款超过70万美元。布朗被法庭定罪后拒不出庭，在自家周围设置路障，与一伙支持者据守在自家高墙内，与当局武装对峙。我要评论,4,5,0.34309816360473633
节前存款准备金率上调冻死各银行 本报讯 （记者张兆瑞）第二套房贷严格执行“首付四成”，首套房贷取消七折优惠利率，这些在春节前仅仅被看做政府收紧房贷预期的行为，随着春节假期的延续，正在逐渐变为事实。记者近日从银行内部人士了解到，2010年春节后本市房贷收紧已成定局。从记者目前掌握的信息来看，中国银行、光大银行在春节前暂停“首套房贷七折利率优惠”并不是个体行为，天津其他一些股份制商业银行已经计划在春节后陆续跟进。某银行内部人士告诉记者，“春节后，最迟年中，七折利率肯定全部取消，因为确实没有额度了。”实际上，春节前一天，中国人民银行再次上调存款准备金率0.5个百分点，冻结资金大概3000亿元人民币，已经让银行信贷工作人员感到了寒意。但是出于竞争等原因，天津市目前还没有任何一家银行正式宣布完全取消了七折房贷利率优惠，但从记者私下了解到的执行情况看，现在还可以获得七折房贷的客户寥寥无几。而且更为肯定的是，全市各主要银行对于第二套房贷，现在完全从严执行“首付四成”的规定，但对于贷款利率上浮10%则要求较少。据上海市一些媒体报道，上海为了加强对投资、投机性购房的打压力度，可能上调“第三套房贷”的首付比例和贷款利率，甚至不排除停贷的可能。不过记者咨询了本市银行一些负责人，他们均表示对“第三套房贷”的提法不是很清楚，但现在本市仍是按照“风险定价”原则来进行房贷审批的。一位银行负责人告诉记者：“同等条件下，一个人贷款购买5套房子，肯定比贷款购买1套房子风险大，因此银行对于他的贷款条件审核肯定会更加严格。”     文章来源：渤海早报我要评论,4,1,0.8959797024726868
低碳过春节成新春最热流行语 在一些大城市里，“低碳过春节”成为今年最热的词语。拜年形式逐步环保化在春节这一喜庆的日子里，给亲朋好友拜年必不可少。如今越来越多的市民拜年不再采用纸质贺卡，而是采用短信、电子邮件等绿色环保形式表达新春祝愿。今年，有图片、音乐的彩信已经完全替代了“纸”上祝福。“要的就是新年第一时刻，这样的祝福才够‘新鲜’！”一位朋友解释零点发送祝福短信的意义。短信、彩信、电邮让新年祝福变得更加及时，更重要的是，它们节约了大量的纸张，也减少了递送的人力成本。绿色年货最受宠记者发现今年春节“绿色年货”最受宠。在湖北武汉，雄楚大道上一家大型花卉市场人头攒动。不少市民甚至外地客人纷纷来此选购花卉。市民康先生夫妇俩一口气买下5盆金桔、两盆蝴蝶兰、两盆杜鹃花。说起买花的原因，他们说：“现在生活条件方便了，不需要再大量囤积食物过年了，买些绿色植物更时尚。再说大家现在不都倡导低碳生活嘛，我们也赶个潮流，做个“低碳族”。我们家还特意和别人家拼车来买花的，减少点污染，呵呵！”除了花卉，周边乡村年货大集上的土特产、土鸡蛋等绿色产品吸引着城区市民前去购买。在大学授课的王教授还特地趁假期，到郊区绿色蔬菜基地上淘年货。不到半天时间，汽车后备箱里装满了各种“绿色年货”。    来源 中国经济导报我要评论,4,5,0.31327247619628906
全国两会十大关注热点 十一届全国人大三次会议、全国政协十一届三次会议将分别于3月5日、3月3日在北京开幕。适值“后国际金融危机”时代的关键时期，一个个事关国计民生的议题摆在中国“两会”面前，其中有十大热点尤受关注。发展方式亟待转变中国经济在成功“保八”的同时，也面临着一些“烦恼”，如楼市泡沫、产能过剩、通胀压力等。复杂形势中，官方宏调重心悄然移向“调结构、防通胀”，加快发展方式转变这一主题更加凸显。日前于中共中央党校举办的省部级干部研讨班，胡锦涛、温家宝、习近平、李克强分别讲话，提及最多的字眼就是“转变”，胡锦涛一口气使用50多个“加快”，更是耐人寻味。楼市博弈尚待观察2009年各地房价普遍暴涨，打碎了众多“蜗居”者的安居梦想。民意汹涌之下，楼市不再仅是一个经济问题。新年伊始，中央和地方政府频频出招，力求稳定楼市。然抑制投资投机、加强监管、推进保障房建设等措施能否取得预期成效尚待观察。教育改革攻坚克难历时一年半，中国拟定了面向2020年的《国家中长期教育改革和发展规划纲要》，矢志由人口资源大国向人口资源强国迈进。据悉，纲要“问需于民”，已十余次易稿。日前，总理温家宝在中南海连续主持召开五次座谈会，再次就此“问计于民”。教育部将在“两会”前公布纲要，最后一次公开征询意见。“教改”这个老难题，势将在“两会”上引发新建言。医疗改革临近“中考”去年4月，中国新一轮医疗改革方案敲定，提出到2011年基本医疗保障制度全面覆盖城乡居民。而今医改临近“中考”，按照卫生部党组书记张茅的说法，中国还有1亿人没有任何医保。国务院本月初通过《公立医院改革试点的指导意见》，旨在寻找新的制度安排，让政府、医院和商家各行其责、各得其利。“选举法”第五次修改中国现行的人大代表“选举法”制定于1953年，1979年重新修订，而后又经历过4次修改。今年第五次修改有不少亮点，例如草案“一步到位”，提出实行城乡按相同人口比例选举人大代表、候选人应与选民见面等。人们期待，这部邓小平曾亲自主持制定的法律进一步完善，推动中国民主进程再迈一步。“暴力拆迁”寻求法治去年成都发生的拆迁户自焚事件，再次震动公众神经。北京大学五位学者联名呼吁解决“暴力拆迁”问题，国务院法制办很快回应，《城市房屋拆迁管理条例》修改工作被纳入官方议程。中国在城镇化进程中迎来了一次改变游戏规则的新机遇。网络问政成为“时尚”随着全国网民数量刷新到3.84亿，中国普兴网络问政，温家宝将在“两会”前再次与网民交谈，广东省委书记汪洋邀网民“拍砖”建言，上海市长韩正在网上推介世博会，中部安徽则首次将“网络问政”写入该省政府工作报告。政府通过网络集纳民意、民智，网民以留言、博客、微博等参政议政，这种平等、互动的交流方式成为中国政治生态中的新亮色。足球扫赌剑指反腐在中央高层密集表态支持足球发展之后，中国掀起了一场“扫赌风暴”。随着前中国足协副主席南勇、杨一民被刑事拘留，扫赌逐步升级为反腐。在多家网站的调查中，反腐倡廉仍居“两会”最受关注话题之首。世博续“举全国之力”胡锦涛主席指出，举办世博会，不仅是上海的大事，也是全国的大事；办好世博会，不仅是上海的责任，也是全国的责任。可以预见，中国在成功举办北京奥运会之后，将继续发挥体制优势，“举全国之力”办好世博会。中美关系全球关注金融危机阴霾未散之际，中美两国关系因贸易摩擦、人民币汇率、美售台武器、美总统奥巴马会见达赖喇嘛等陡生风云，透露出“后危机”时代大国关系的复杂走势。中美关系如何演绎，中国“两会”代表委员关心，全世界也都关注。综观十大热点，如果说应对国际金融危机是“治病”的过程，那么在“后危机”时代，中国需要做全面的“健身”运动。全球视野下，中国在“后危机”时代的表现同样值得关注。（来源：楚天金报）我要评论,4,7,0.5577181577682495
银监会：个人贷款要求面谈面签 昨天，银监会正式发布《流动资金贷款管理暂行办法》、《个人贷款管理暂行办法》。这两个办法与之前已经施行的《固定资产贷款管理暂行办法》和《项目融资业务指引》（并称“三个办法一个指引”），初步构建和完善了我国银行业金融机构的贷款业务法规框架，将作为我国银行业贷款风险监管的长期制度安排，标志着我国银行业信贷管理进入新的科学发展阶段。贷款需明确合法用途《个贷办法》明确规定，贷款人不得发放无指定用途的个人贷款。个人在提出贷款申请时，应当有明确合法的贷款用途。同时，贷款人应就借款人的借款用途进行尽职调查，有效防范个人贷款业务风险。同时，《个贷办法》要求执行贷款面谈面签制度，防止出现个人被不法分子冒名套取银行贷款，或借款人的信贷资金被他人冒领挪用。对通过电子银行渠道发放的低风险个人质押贷款的情形，贷款人可以不进行贷款面谈，但至少应当采取有效措施确定借款人的真实身份。同时，除电子银行渠道办理的贷款，贷款人应要求借款人当面签订借款合同及其他相关文件。采用贷款人受托支付《个贷办法》还规定，除特殊情形外，个人贷款资金应当采用贷款人受托支付方式向借款人交易对象支付，即由贷款人根据借款人的提款申请和支付委托，将贷款资金支付给符合合同约定用途的借款人交易对象。并要求贷款人应在贷款资金发放前审核借款人相关交易资料和凭证是否符合合同约定条件，在支付后做好有关细节的认定记录。采用贷款人受托支付的例外情形，主要包括：一是借款人无法事先确定具体交易对象且金额不超过三十万元人民币；二是借款人交易对象不具备条件有效使用非现金结算方式。上述个人贷款，经贷款人同意可以采取借款人自主支付方式。此外，考虑个体经营贷款与个人消费贷款在实践中存在一些差别，个体经营户在商品生产和交易过程中，通常事先不确定交易对象且现买现付。对此，《个贷办法》作出以下特别规定：一是明确贷款资金用于生产经营且金额不超过50万元人民币的，可以采用借款人自主支付方式；二是规定个体工商户和农村承包经营户申请个人贷款用于生产经营且金额超过50万元人民币的，可以按贷款用途适用相关贷款管理办法的规定。我要评论,4,1,0.6558629274368286
香港酒店超卖现象长假再现     旅游业议会总干事董耀中表示，该会在新春期间收到2宗涉及酒店“超卖”的查询，有团队旅客指原定入住的酒店没有足够房间，导致旅行团被迫“拆团”，部分团员需入住其他酒店，“是酒店超卖(超收散客)房间，是酒店的问题，不关旅行社的事。”董耀中说，酒店“超卖”情况绝迹数年今年重临，已经跟酒店业界人士联络，提醒酒店不要超卖房间。    位于旺角弥敦道的活年旅馆，在农历新年档期的房租加价逾13%，单人房由平日每晚220元加至250元，双人房由每晚290元加价至330元，但本月14日至20日(年初一至初七)出租情况仍然天天“爆满”。旅馆负责人高诚浩表示，新春期间入住的旅客几乎全部是内地客，当中包括个人游及经商旅客，“我们不会胡乱加价，以免赶客。”为吸引要求愈来愈高的内地客，旅馆早于2年前提升设备及服务，除了提供Wi-Fi上网服务外，旅馆内的电视可收看内地客最爱的中央台及凤凰卫视。我要评论,4,7,0.692514955997467
李泽楷寓所遭港警搜查 据香港《明报》报道，香港警方日前搜查了电讯盈科主席李泽楷在香港多达3个寓所及富通保险等多家公司，过程中李泽楷并不在场。电盈私有化在去年4月被上诉庭法官否决，并指有人明显操纵投票。事隔快一年，警方最近就此案展开全方位调查。供图 CFP （来源：北京日报）我要评论,4,7,0.3998546600341797
世界最具吸引力城市：上海排第二 伦敦居首据俄罗斯媒体报道，在2月21日公布的“世界最具吸引力”城市排行榜中，英国伦敦位居榜首，排名第二的是中国上海。而曾在经济危机爆发前排名第3位的纽约这次则下滑至第10位。这份榜单是法国巴黎大区投资促进协会在毕马威咨询公司的参与下制定的。排名基于对各国500名商界代表的调查以及去年的各国企业投资数据，这一数据参考了毕马威咨询公司在过去5年间分析的一些指标。受访者称，最重要的评定标准是政治稳定性、法律安全性以及城市经济状况。据悉，伦敦在2009年实施或者部分实施了270个投资项目。除了多数客观指标排名第一以外，伦敦还因深得商业人士的厚爱而高居榜首。在调查中，42%的受访者称伦敦是最具吸引力的国家首都。在这份榜单中排名第2的是中国上海。据悉，在某些指标上，上海甚至超过了英国首都伦敦，比如它拥有的现代化研究中心数量和写字楼数量等。此外，进入前10名的还有另外两个中国城市：香港（第3位）和北京（第5位）。俄罗斯首都莫斯科名列第6位。俄媒体对此认为并不令人奇怪，因为投资者过去几年来一直极度愿意向中国投资。商界代表认为，在未来几年内，孟买等另一些亚洲城市也可能进入这份榜单的前几名，从而把榜单上的欧洲城市排挤出去。除伦敦外，欧洲城市中只有巴黎入围榜单前5名。原因有二：第一，在经济危机期间投资额几乎没有减少；第二，商界代表们认为，由于政治稳定、生活水平高、基础设施极为发达，巴黎仍具有相当大的吸引力。新闻晨报我要评论,4,5,0.7213413715362549
领导干部禁止插手房产开发本报讯中共中央近日印发了《中国共产党党员领导干部廉洁从政若干准则》，并发出通知，要求各地区各部门认真贯彻执行。通知指出，1997年3月中共中央印发的《中国共产党党员领导干部廉洁从政若干准则（试行）》，对于促进党员领导干部廉洁从政，加强和改进党的建设发挥了重要作用，但是随着新时期党的建设特别是反腐倡廉建设的不断深入，已经不能完全适应现实需要，中央决定予以修订。通知要求，各级党员领导干部要认真贯彻执行《廉政准则》，严于律己，洁身自好，严格要求配偶、子女及其配偶、其他亲属以及身边工作人员，坚决杜绝违反《廉政准则》行为的发生。>>链接·新增部分条款第七条禁止违反规定干预和插手市场经济活动，谋取私利。不准有下列行为：（一）干预和插手建设工程项目承发包、土地使用权出让、政府采购、房地产开发与经营、矿产资源开发利用、中介机构服务等市场经济活动；（二）干预和插手国有企业重组改制、兼并、破产、产权交易、清产核资、资产评估、资产转让、重大项目投资以及其他重大经营活动等事项；（三）干预和插手批办各类行政许可和资金借贷等事项；（四）干预和插手经济纠纷；（五）干预和插手农村集体资金、资产和资源的使用、分配、承包、租赁等事项。第八条禁止脱离实际，弄虚作假，损害群众利益和党群干群关系。不准有下列行为：（一）搞劳民伤财的“形象工程”和沽名钓誉的“政绩工程”；（二）虚报工作业绩；（三）大办婚丧喜庆事宜，造成不良影响，或者借机敛财；（四）在社会保障、政策扶持、救灾救济款物分配等事项中优亲厚友、显失公平；（五）以不正当手段获取荣誉、职称、学历学位等利益；（六）从事有悖社会公德、职业道德、家庭美德的活动。综合本报记者郭鲲新华社报道我要评论,4,7,0.8262709975242615
香港百万富豪近两成生于内地 深港记者黎媛报道昨日下午，香港花旗银行发布最新的“百万富翁调查报告”。人口刚超过700万的香港，已拥有近40万个流动资产超过100万港元、总资产近千万的富豪。其中18%的百万富豪生于内地，花旗银行环球个人银行服务副总经理周永赞指出，随着内地经济越来越好，预计香港的百万富翁中，内地出生的人数比例将进一步增加。花旗银行委托香港城市大学通过电话访问，抽样调查了超过6600位香港居民。由于股市、房产投资市场畅旺，去年，香港拥有超过百万港元流动资产的富豪达39.4万人，比前年增加4.6万人。这些富豪平均流动资产为380万港元，平均总资产则为950万港元。家庭主妇、退休人士占据了香港富豪的半数：富豪中52%为女性，平均年龄达到51岁，其中40岁以上的富豪更占了77%。周永赞表示，过去7年里，香港百万富翁的人数变化和恒生指数的变化有很高的相关性。八成受访富豪选择把流动资产放在股市里。但这些富豪“入市”意欲逐步下降，仅35%的受访富豪对今年股市感到乐观，12%的受访富豪今年有购楼的意愿，主要是因为在去年市场快速上升后，这些富豪预期今年投资市场的升幅不会很大。我要评论,4,1,0.5520994663238525
京东三间房创意产业新景象生活在繁华的都市，忙碌了一天，如果挑选一种方式去释放一天的压力，或者在寂静的夜幕降临之时抵御寂寞，酒吧，无疑是都市宠儿们或独行或结队参与的一个充满冲动和品位的选择。最近，京东三间房创意产业“运河•新时尚”滨河景观带附近，经常出现一些相约而来的都市泡吧者，目标就在于体验阿曼尼酒吧的派对空间。谈起酒吧，三里屯、后海曾经在很长的时间里成为京城特定酒吧文化的代名词。随着酒吧数量的繁殖，特别是经济时代催生的力量，诞生了形形色色，风格迥异的酒吧，利用废弃大巴士的“汽车酒吧”，与足球相关的“足球酒吧”，能在里面看电影的“电影酒吧”，充满艺术情调的“艺术家酒吧”，还有挂满汽车牌照的“博物馆酒吧”。今天如果有人想给北京的酒吧文化再选择一个单一的代名词恐怕是再也不可能的事情了。无论如何，能够让人回味无穷，成功贩卖氛围和环境的酒吧一定都有着自己张扬的个性。在这些冉冉升起的酒吧新星中，坐落于北京朝阳区三间房“运河•新时尚”滨河景观带的阿曼尼酒吧在很短的时间内成为泡吧爱好者们极具推崇的去处，也恰是因为它独特的文化品位赢得了众人的喜爱。夜色中，走进著名的京东动漫地带，走进三间房创意产业代表“运河•新时尚”滨河景观带，扑鼻的创意文化就开始悄悄侵入人的心灵；步入阿曼尼酒吧，步入视觉、听觉交融的心灵世界，时尚元素彰显于各个角落，能够容纳六七百人的中心大吧在一片魅惑的灯光和音乐组合中撩动着激情。舒适的座椅给了阿曼尼喧闹中不失高雅的魅力。美酒和动感的音乐在灯光下尽情结合，令人激情澎湃。在阿曼尼酒吧，你每次都将感受到来自全世界顶尖DJ、舞曲创作者、歌者和艺人，最脍炙人口的经典舞曲音乐和最新创作作品。复古的曲风与前卫炫音相结合，融入流行的R&B、HipHop和说唱元素，变幻的音乐能带来心情的宣泄，互动的氛围能让人在酒精的放松下找回最真实的自己。配以沁人心脾的经典美酒、让人不管在哪一个酒吧的哪一个角落，都能感觉到浓郁的迷离气氛和细致入微的心灵呵护。阿曼尼酒吧中最浓墨重彩的一笔是DJ，阿曼尼每一次活动都会有DJ大师亲临现场。大师就是名副其实，他主宰着舞池，从放上第一张碟子，调出第一首舞曲，就让整个舞场彻底颠覆。DJ自然衔接起乐曲中的停顿，调动起场中的氛围，DJ对每一段乐曲的选取都是为了满足客人内心深处的渴望，点燃现场的情绪，就像带着一群游人，经历着一场音乐之旅，感受着一种放松、一种自在，享受着DJ大师们精心设计、倾力打造的北京最具体验感的派对空间。我要评论,4,3,0.5525398850440979
中式为体西式为用的别墅项目采用的是中国传统的街巷式布局，主街-胡同-内庭院。主街宽、胡同窄，内庭院又豁然开敞。项目的别墅可概括为下面八个字：中式为体，西式为用。    独栋别墅入户门就是中式的“体”，典型表现如中式四合院等建筑传统的影壁、庭院的园林。    上面这张照片是站在客厅的门口拍的，长长的走廊，木地板一直通往大门口。    庭院的园林采用的中式风格，茂林修竹，还开辟出了专门用来品茶的地方。传统文化所倡导的“修身”、“齐家”在庭院里都能找到对应的元素。    说到园林，小编顺便多提一句，项目公共园林所占面积较大，而私家所拥有的园林相对较小。这个不太符合国人的传统观念。国人历来喜好大私人空间，小公共空间。不过整个别墅项目的园林还是相当可圈可点的。    以上信息仅供参考，最终以开发商公布为准。本稿件为新浪乐居独家原创稿件，版权所有，引用或转载请注明出处。订阅会员置业刊 我们将直接把最新的热盘动向发送到您的邮箱更多热盘推荐：重拳限购外地人买房别愁 总价50万拿下便宜房 精装纯新盘 淘最全打折盘 最新楼盘户型展示 遍搜京城准现房 楼市最火百盘榜我要评论房产导航：,4,3,0.9862911105155945
"半小时 穿梭京津生活圈(组图)“中国人像风一样驶进高速时代”，用这句话来描述2008年8月1日京津城际铁路的开通，丝毫不觉得夸张。从此之后，那些饱受京津塘高速拥堵、大雾之苦的“蜂客族”们，开启了京津之间的一段幸福之旅。不到30分钟的旅程，“似乎闭上眼睛没有多久，就到了”。而那座带有梦幻色彩的新南站，以及初到天津东站那隐隐的海风，都为这段旅程增添了不少愉悦。也因此，早在2006年便定位为北方经济中心的天津，把中石化、诺基亚等众多产业大佬挖过去之后，现在也成了吸引北京人置业投资、休闲旅游的“新宠”。而从北京到天津，那些散落一路的城乡接合部，过去仿佛被工业化和城市化浪潮遗忘的空白地带，正在被京津高铁和地产商们的造城运动一一串起，连成一片，并与我们的生活产生联系。“蜂客族”的半小时生活圈“拥堵，来回高速收费要100多块。”因为工作关系经常穿梭京津的李先生说起京津塘高速，一肚子的抱怨。他的这一困扰，随着京津高铁的开通消失无踪。4月17日，记者从北京新南站出发，前往天津，亲身体验了一把京津高铁的“风驰电掣”：平均约15分钟一趟，车票随买随上，28分钟到达天津东站，非常方便快捷。对居民而言，半小时生活圈的概念，则让他们的生活方式更加自由。首先会催生更多的“蜂客族”———他们就像蜜蜂那样，从一个城市飞到另一个城市，一个用来居住，一个用来工作。“我在北京上班，想在南站附近买个房子，然后在武清再买一个给父母住，周末可以去他们那里，或者他们过来，”安先生向记者描述了他的置业蓝图。“北京居民的置业半径不断向外延伸，随着京津城际轨道开通，半小时生活圈形成，天津楼盘存在价格比较优势，选择性较大。”北京嘉华四季国际会展有限公司总经理武凯认为，天津无论城市建设、配套设施还是文化底蕴，都远远胜过其他近京地区，应该是北京购买力释放的最佳地点。此外，天津优质房地产项目进入北京也能缓解北京住房紧张的现状。中原地产等机构的数据显示，置业在天津，工作在北京，自去年下半年以来，已经成为很多“蜂客族”们的选择。北京天津，将来都是“首都地区”长期关注环渤海的清华大学教授、两院院士吴良镛认为，京津冀之间缺乏有活力的城市功能带，有感于珠三角、长三角城市群的勃勃生机，他先后提出了“大北京”、“新七环”、“首都地区”概念，力主京津冀一体化。京津高铁的开通，让这一设想得以落地，而地产商们的造城运动，也在试图拉近这一距离，把京津在地理和现实中连在一起。在城际高铁两侧的亦庄、永乐、武清，在京津塘高速二线两侧的宝坻、蓟县，以及天津新兴的东丽区、津南区，正在形成一座座新城，盘龙古文化城、金碧天下、星耀五洲……与天津老城区、滨海新区以及北京市区连成一片，共同构成宏大的产业化城市集群———“首都地区”。这已不仅仅是打造一般意义上的楼盘，而是更直接地渗透到天津城市化进程和新城组团的建设；地产商们更大的野心是，承接北京乃至京津塘、环渤海经济圈产业人群的疏散，并为这些人群创造一种新的生活方式。天津的规划有意无意暗合了这一理念。在天津市政府对11个新城的规划中，均布局有相关产业先行与拉动，即使大规模出让土地，也要求地产商配合区域规划调整产品结构。星耀五洲的旅游、盘龙谷的文化产业概念，得到了政府的青睐。北京人，到天津享受“国际化生活”对京津这两个环渤海地区的核心城市而言，京津高铁开通，新城片区的崛起，不仅为它们的共融、共生提供了基础条件，还为它们的未来创造了无限可能。早些年就有的“去北京买名牌，去天津办婚宴吃海鲜”之类的消费方式，如今有了更新的内容，到天津买房置业，投资办厂，休闲旅游，开始流行。平时离海很远的北京人，可以经常去看海了；两市间的周末旅游已经像到郊区一样方便。此外，天津因其人文环境以及自然条件，正在变成北京人新的、国际化的观光、玩乐胜地。在不远的将来，天津将出现一个媲美西湖的水上浮城，一个堪比迪拜伯瓷酒店的七星级酒店，一座东方好莱坞，以及更多的五洲风情建筑……多家具有深厚背景的地产商联合当地政府，正在把天津打造为一个国际大都会。“我们想在11000亩的天嘉湖再造一个新世界！五大洲在这里会创造性地真实再现。”星耀集团董事长颜语介绍，星耀五洲就是要人们生活其中，体验世界不同的文化生态。绿地集团(企业专区,旗下楼盘)在蓟县打造的盘龙谷则主打文化产业。最终，盘龙谷将成为“亚洲生态文化硅谷，世界文化产业高地”，并带动当地经济发展。发现天津，世界就是你的。双城故事一个北京人的天津幸福生活两年前，北京姑娘陆婉跟随老板来到天津，开始一个新项目的运作。两年后，陆婉打算在天津买房，而且一口气定了3套，一套是高层住宅，她打算自己住，一套是小别墅，将来可以用作家庭旅馆出租，还有一套是临水的高层公寓，南北通透，环境幽雅。陆婉说，最初去天津，每次驾车往来都是一次长途跋涉，直到京津高铁的开通。而现在，陆婉基本都乘坐“和谐号”，因为它环境好，又非常快，28分钟的行程，几乎没有感觉就到了，却联结着两座风格迥异的城市。“我经常去国贸，从这里去南站再去天津，出发与到达之间，仿佛要切换一下按键，”她形容说，国贸是一个由玻璃幕墙的高楼大厦组成的世界，冰冷而压抑，而到了天津，尤其是海河，会让人感到亲切，舒服。海河很多桥的造型都是不一样的，可以慢慢欣赏。为了方便，她办了一张快通卡，这张卡可以在和谐号上预留座位，这样就不用每次赶着买票，也不用担心没有座位了。在这样的旅途过程中，陆婉经常会有奇遇。有一次，她遇到一位男士，对方在金融街上班，家在天津，每周来回京津两次。聊天的过程中，这位男士说要给她介绍项目和业务。当对方的邮件真的发过来的时候，她觉得很神奇。“就是感觉京津之间人们的心理越来越开放，两地的联系更加紧密。”陆婉说，在两年前初来天津的时候，满耳都是天津话，现在，她经常能遇到对天津很了解的北京人，或对北京很了解的天津人。在天津生活久了，陆婉喜欢去五大道、杨柳青这些地方消遣，生活好像回到了很多年前，尤其是在名流茶馆听相声，看天津本地人的神态，可以感觉到天津这座城市是有根的，有那种文化的延续。两年来，这座城市也发生着巨大的变化，“就像一个小孩，你希望他一直是小小的，可爱的，可是他有股势头，就是要生长起来。”陆婉说。 我要评论",4,5,0.4790153503417969
联合国人居署高级官员参观考察华瀚国际(组图)随着两年一度的“联合国人居奖”中国区评选如火如荼的展开，联合国人居署高级官员也随之来到中国，对中国区内各个入围项目展开实地考察。据悉，5月27日联合国人居署执行主任高级策划顾问尼古拉斯.尤等高级官员，在华瀚集团高层陪同下来到北京“华瀚国际 (论坛 相册 户型 样板间 地图搜索)”项目进行了参观考察。“联合国人居署最佳人居”奖，是由联合国人类住区规划署即联合国人居署在世界范围内所评选而出，表彰最适宜人类住区可持续发展典范的最高奖项，被誉为联合国人居署致力于推动“所有人都有合适的居所”和“在城市化过程中的可持续性人居发展”两大目标实现的象征。“我们一直都在密切关注中国人居环境与人居项目的发展状况，在此次中国区评选入围名单中，我们很高兴的看见中国人居项目得到了极大的发展，同时对人居环境可持续性发展的重视也从这些项目中得到了极大的体现。我们看到了这些知名项目从各个方面对改善人类环境做出了巨大的努力，以“华瀚国际”为例，它所采用的“环社区绿化带”先建设绿化再建造建筑，将绿化带变为社区绿带公园，从而改变整个北京东南四环居住环境的做法让我们印象十分深刻，这也是我们将“华瀚国际”列为在中国区域内首批考察项目名单的原因之一。”一位联合国人居署官员这样告诉笔者。能在评选标准苛刻的“联合国人居奖”评选中入围的项目，必然拥有真金不怕火炼的高品质、高格调、高综合性价比。据了解，入围“联合国人居奖(中国)最佳范例奖”的项目在全国范围内仅有5个，在北京仅有三个：星河湾、华瀚国际、御园。而此次联合国人居署官员考察的“华瀚国际”位处东四环，距国贸仅3.5公里，凭借项目稀缺的自然环境，精湛的户型设计，完美实现的成树园林，独特的生态型陶土板外立面成为京城高端项目中的典型代表，得到了高端客户的广泛认同，市场表现不凡，自上市以来始终保持热销的态势。我要评论,4,5,0.4698149561882019
图文：消防人员清理现场我要评论,4,9,0.4146948754787445
探访群租房租客生存状态：各有各自故事(组图)9月14日，对小刘来说是崭新的一天。晚上，她开始搬离已经生活4个月的“鸽子笼”。小刘是安徽人，来北京已近4个年头了。刚开始跟着老板做服装生意，后来和丈夫一起进入IT行业，现在他们已有了自己的事业。她看上去很年轻，谁都不相信她是一个7岁孩子的母亲。因为和丈夫发生了口角，她一气之下离开舒适的家，独自来到这个大家庭——北京知春里小区一处9人合租的“群租房”住下。这处两居室，被分割出九间小隔断房。每小间都是用三合板隔断，只有四间有窗户，其他小间里只能放下一张单人床和一张小桌、一个柜子。卫生间是公用的，遇到高峰时大家就得抢着用了。因为人很多，卫生间下水经常被堵，地面上也都是脚印，有时甚至连垃圾桶里的纸也会溢了出来。幸亏房里住着两位勤快的女士马大姐和小刘，否则真不敢想象里面会成什么样子。为了节省空间，小间的房门也是专门定做的，通常要比正常的房门小点。即使这样，门还是经常堵住大家的路。厨房是公用的，由于没有客厅，通常吃饭只能站着，或是在自己小屋的床上搭一张小桌。人要多点，房间里还真没有落脚的地方。隔壁的小蒋知道小刘要走的消息，执意要送她。小蒋是刚毕业的大学生，因为在北京念书，所以一毕业就在北京找到了工作。但单位不提供住宿，工资也不高，小蒋只能找间便宜的房子。他找遍了单位附近的房子，发现都很贵。在网上，他无意中看到“便宜出租隔断间”的消息。小蒋就来到这隔断间看看，发现除了房子小之外，其他的设施还比较齐全，最关键的是租一间小屋只需要500多元，比起整租一室一厅的房子整整便宜了1000元。在北京，群租现象比较普遍，通常在居民区门口都能找到这类信息。许多外来人租不起整套房，只能和其他人一起租住一套。不少二房东或代理商，看到了其中的商机，就将房子隔成了若干小房间出租，这样不但能抵掉之前的租金，还能赚上一大笔。“这片的房价都被人炒坏了！”一个房客讲。这片小区的出租均价明显高于北京房屋出租均价，很多人都租不起这里的房子。于是，许多房间都被改造，变成更经济的小隔断间。小区保洁员反映：“小区里人很杂，而且经常会碰到生面孔，我们打扫卫生都不方便。”一方面，大批陌生面孔涌入了原本安静的小区，小区看上去变得不再安全了；另一方面，这也影响了小区居民的正常生活，物业部门接到的投诉也开始增加。外面吃饭比较贵，小郑和小蒋搭伙，决定自己做饭吃，既节省开支，也能多吃点荤菜。他们经常研究菜谱，可还是做不出可口的饭菜。小蒋是广西人，小郑是山东人，他们口味不同。小郑喜欢吃馒头，经常一买就是四五个，吃的久了，小蒋就有点无从下口。日子久了，他们也没了做饭的激情。而且有时需要加班，他们也只好在外面吃，自己做饭的次数越来越少了。有时，马大姐看到他们做饭辛苦，就会走进厨房，给他们改善伙食。马大姐是这里年龄最大的房客，房间布置得也最温馨。马大姐在成都有一套自己的房子，而且也有收入相对较好的工作，但她还是丢下了孩子和母亲，独自一人来到了北京。有人问起来，马大姐只会轻描淡写地说：“这里的待遇更高，家里的房子还得还贷。”小朱工作忙，但想出国，所以一有时间就去补课，从英语到工商管理，经常很晚才回来。他养了两只荷兰猪，打发不多的清闲时光。每当他一进家门，小猪就会叫个不停。眼看就要交房租了，小郑的积蓄却所剩无几。他变得焦急起来。他下过决心，出来就不会再向父母要钱，但眼下的情况真让他进退两难。朋友也都在找工作，或者刚刚工作，手里没有多少钱。小郑开始感受到生存的压力。好在小蒋手头稍宽裕点，他把自己的工资借给了小郑，帮助他度过这艰难时刻。“下个月一定要找个三室一厅的房子。”小郑和小蒋商量着。隔断间不通风，他们每次走进房间都会闻到刺鼻的气味，住久了感觉身体不舒服；屋里没有窗户，白天黑夜没有差别，通常他们睡觉的时间会更长。更要紧的是，不少小区里已经能看到“治理违法出租房屋”的通告。不久前，北京市公安局、市规划委等八部门联合发出《通告》，加强出租房屋安全管理，要求“群租房”必须拆除隔断恢复原状，消除安全隐患。果真这样的话，他们就要搬出群租房了。然而，在北京这样的地方要租到比这还便宜的住所似乎并不容易。(文中人物均为化名) 我要评论,4,5,0.3519083559513092
北京地铁4号线28日下午开通试运营(组图)中国经济网北京9月25日讯 (记者 马瀚明、李焱) 北京地铁4号线将于近期开通，各界对此普遍关注。此前，人们从多种渠道了解到的开通日期是是9月28日，但前几日又有媒体爆出了“北京地铁4号线将于9月25日开通”的消息。昨日(24日)，中国经济网记者就此事专门采访了北京地铁4号线的运营商京港地铁公司，该公司发言人明确表示，“北京地铁4号线将于9月25日开通”系误传。我要评论,4,7,0.47323718667030334
东方夏威夷垂钓大赛暨盛世中华游园会落幕(组图)主持人：尊敬的各位来宾、先生们、女士们，大家下午好。在这个秋风和煦的季节，在国庆与中秋双节共度之际，因为心中的一份优雅，因为心中的一份浪漫，因为心中那个温馨而多情的东方夏威夷，我们与您相聚在“在海边等你东方夏威夷人文垂钓大赛暨2009盛世中华游园会”，共同度过一个愉快的国庆节。首先，我代表本次活动主办方东方夏威夷向各位来宾致以诚挚的问候，感谢大家相聚在此，共同分享东方夏威夷湛蓝的天，蔚蓝的海。今天，在优雅的东方夏威夷园林，这里将举行一场东方夏威夷人文垂钓大赛。在垂钓比赛开始之前，我谨代表活动主办方东方夏威夷宣布一下比赛的规则：今天的比赛将依据我们东方夏威夷的传统，依次决出：渔民奖、渔夫奖、渔王奖。我们今天垂钓比赛的时间为两个小时二十五分钟，从13：35开始，一直持续到16：00结束。但是请各位参赛选手注意的是：所有参赛选手的鱼必须在16：00之前全部称完。在垂钓比赛进行的同时，我们的园区内的盛世中华游园会活动也同步开放，不参加垂钓比赛的来宾，可以参与游园活动，并赢取一份精美礼品。而舞台区也会举办一些参与性非常强的互动游戏，每个互动游戏都会有精美惊喜奖品等着你，希望大家踊跃参与。那么现在我代表活动主办方宣布“东方夏威夷人文垂钓大赛”现在开始。主持人：尊敬的各位来宾，亲爱的女士们、先生们，大家下午好。非常高兴在这个秋风和煦的季节，在国庆与中秋双节共度之际，和各位相约在美丽的东方夏威夷。也非常高兴能够与您相聚在“在海边等你东方夏威夷人文垂钓大赛暨2009盛世中华游园会”共同度过一个愉快的下午。我们的人文垂钓大赛的比赛时间刚刚结束，在我们正式开始颁奖之前，让我们掌声有请兴达房地产开发有限公司总经理赵赞君先生致词。有请赵总。赵赞君：尊敬的各位女士、先生们，各位新老业主大家下午好，首先感谢大家参加东方夏威夷人文垂钓大赛暨2009盛世中华游园会，在此我谨代表兴达集团感谢各位一直以来对我们的关心，我们将以更好的产品回报各位。在举国同庆之时，我祝大家万事如意，心想事成，玩得开心。谢谢大家！主持人：刚才赵总提到了都是我们新老业主们参加我们的活动，我们也一同见证了东方夏威夷近几年来的发展，可以看到我们的家越来越大，越来越漂亮。接下来有请兴达房地产技术开发有限公司技术部工程师王月先生做夏威夷南岸项目推介。王月：本项目与夏威夷小区一路之隔，西侧与中央美院一墙之隔，规划用地面积是10.15公顷，大概约为152亩，夏威夷南岸项目是我们公司又一重磅力作。这个项目设计的产品，经过多方的论证，反复的规划、调整，多户型的比较与认真细致的研究，终于推出了夏威夷南岸项目的规划设计。本项目形成了高低错落的城市天梯线，建筑风格沿用了非常成熟的夏威夷小区的建筑风格，并在此基础上进行了大胆的调整与创新，形成了简约的古典风格。我们的大堂进行了精装修的设计，高档、豪华，同时在小区内设有地下车库，建筑面积约为2.1万平方米，有2834户业主可以从地下车库直接回到家中。我们的户门采用了防盗、防火、隔热、隔音等设计。夏威夷南区园林景观设计以东南亚园林景观风格为主，打造东南亚景观慢生活社区，使人们每天都生活在度假的氛围里。雕塑是具有东南亚当地特色的风情，营造一种神秘慵懒的气息。夏威夷南岸就是将这些意境融入到园林景观设计中，营造了一种远离城市喧嚣的自然舒缓的东南亚风情健康自然园林的景观设计。夏威夷南区是我们兴达集团重磅打造的又一高级产品，处处为业主着想。从每个房间的尺度到户型的整体布局，从门窗的保温性能到环境景观的细微变化，等等，我们竭尽全力打造了高品质的生活社区，每次产品的推出都是兴达人全体员工的辛勤结晶。兴达人永远的目标就是打造出更适合居住的精品。谢谢大家！主持人：谢谢王先生为我们介绍了夏威夷南岸，夏威夷南岸是非常美丽适合我们居住的地方。我们今天活动的主题是人文垂钓大赛。接下来回到我们的主题上来。刚才在下午的时候，宣布比赛开始之前，宣布我们分为三种不同的奖项。接下来我们要颁发的是渔民奖，是选择我们所有参赛选手中垂钓鱼数最多的朋友就可以拿到我们的渔民奖，我们取前三位选手。下面看一下我们的奖品，是价格1000元的格兰仕微波炉。D座262的朋友许继东先生，一共垂钓到47条鱼。71095的朋友，一共垂钓到97条鱼。请柬369号的朋友，垂钓到128条鱼。下面掌声有请夏威夷物业管理有限公司总经理孙杰先生为我们颁发渔民奖。再次掌声送给三位，谢谢你们。劳动最光荣，通过自己的劳动获得了奖品。今天有很多朋友来我们这里是参加垂钓大赛的，当然更多的朋友是参与我们的游园活动。所以说对于各位来讲，就是我们接下来的抽奖，抽取五等奖十名，有请礼仪小姐把抽奖箱拿到台上来。现在，台下的观众朋友我希望各位把自己手中的请柬赶快翻出来，我们要抽取十位朋友，他们将获得价值500元的I—phone。第一位是编号705的朋友。下一位是编号1010的朋友。下一位是编号0344的朋友。编号是1169的朋友，编号是1192的朋友，编号是1171的朋友，下一位是编号0563的朋友，接下来是编号0407的朋友，编号分别是0783的朋友和编号0516的朋友。请各位站成一排。接下来的时间有请兴达房地产开发有限公司销售三部经理庄殿楠先生和王艳丽女士上台为我们颁奖。再次感谢我们的颁奖嘉宾，谢谢！接下来我们要颁的是渔夫奖。刚才在比赛之前已经说过了，我们可以颁给钓鱼鱼的重量最多的前两位朋友。究竟我们这一届东方夏威夷人文垂钓2009大赛谁会获得我们渔夫奖的第一名和第二名？首先告诉各位这两位选手身手不凡，我们排在第二名的成绩，他一共钓到了26.4公斤的鱼，他究竟是谁呢？请柬710号的朋友。掌声有请！他分别摘得了渔夫奖和渔民奖。接下来颁发渔夫奖最棒的选手，就是今天所钓到的所有战利品称重最重的业主丁—3号业主，他的成绩是85公斤。有请颁奖嘉宾兴达房地产开发有限公司营销总监李小龙先生。奖品是2800元的西门子洗衣机一台。恭喜！接下来我们要抽取的是四等奖，一共有八位幸运的朋友。0176号的朋友、1074号的朋友、1434号的朋友、0332号的朋友、0290号的朋友、0143号的朋友、0662号的朋友、1002号的朋友。你们将要获得的是价值1000元的飞利浦吸尘器一台。我们将请出颁奖嘉宾：兴达房地产开发有限公司销售二部经理黄芳琴女士和喻晓玲女士。再次恭喜你们！再次感谢我们两位颁奖嘉宾，同时恭喜台下的八位朋友。接下来我们要颁发的就是渔王奖。渔王奖可以说是今天最值得期待的奖项了，稍候我们渔王也会在现场展示他的战利品。我们首先要告诉各位的是渔王奖的奖品是5000元的42寸等离子电视一台。究竟谁会成为我们今天的渔王呢？他的成绩是单条鱼的重量是7.9公斤。这位朋友是我们的业主商E—12号的朋友。有请这位业主！接下来有请颁奖嘉宾：兴达房地产开发有限公司总经理赵赞君。有请赵总和我们的渔王合影留念。在认识我们今年的渔王之后，将要进行的是我们今天第三等奖的抽奖了。接下来三等奖会有五名幸运的朋友产生，他们将要获得的是价值1500元的飞利浦音响一套。1088号的朋友、0424号的朋友、0438号的朋友、0333号的朋友、0922号的朋友。接下来有请我们的颁奖嘉宾：兴达房地产开发有限公司销售一部经理高宁女士和王锐女士。再次感谢我们的两位颁奖嘉宾！接下来抽取我们的二等奖的朋友，他们将要获得的是价值2000元的诺基亚E66手机。1041号的朋友、0254号的朋友。有请兴达房地产开发有限公司营销策划部经理张琦先生为他们颁奖。再次恭喜两位！现在就是我们非常期待的最后一个环节，我们要抽出今天晚上最幸运的那位朋友，他将获得的是价值3000元的索尼T900照相机一台。恭喜0072号的朋友。有请兴达房地产开发有限公司工程部副总经理姜宝利先生颁奖。再次感谢姜总，也恭喜这位女士。感谢各位尊贵的来宾，与我们在东方夏威夷共同度过这个愉悦的下午，虽然我们无法阻挡时间的流逝，但我们可以主宰自己的心情，有我们对致雅、华丽生活的感触，更有我们对未来生活的渴望，在这里，我们将开启一段尊崇无上的私人海域传奇，我们深深相信在不久的将来，在眼前这座美丽的海上宫殿，我们将会拥有更加美好的生活。最后，我们再次感谢所有贵宾的光临，感谢您对东方夏威夷的支持！,4,7,0.31957149505615234
美92岁双胞胎兄弟感情深“同生共死”(图)中新网6月6日电 综合媒体6日报道，美国一对双胞胎兄弟生活了将近一个世纪，见证了许多历史变迁，92年前，他们相隔几秒出生，从小到大，感情都非常好。92年后，两人也在同一天过世，前后只相隔几小时，连死因都一样，委实兄弟情深。报道称，这对双胞胎兄弟朱利安•里斯特和艾德里安•里斯特(Julian & Adrian Riester)是在1919年3月27号出生的，他们从小开始，就形影不离。不管是上学、工作、传教，都在一起。兄弟俩年轻时加入天主教方济会，过去65年来都在纽约州西部的圣文德大学服务。两人的朋友表示，兄弟俩的感情确实非常好，相互扶持走过近百年。不过大家只知道他们是孪生，但始终搞不清楚谁是哥哥，谁是弟弟。据报道，他们一生只分开过两次，一次是1946到1951年，两人分别被派驻到曼哈坦和波士顿，另一次是20世纪50年代被分派到水牛城地区不同地点。1956年以后，就再也没有分开过。两人在2008年，从纽约移居到佛罗里达州养老。2011年的6月1日，两人均因心脏衰竭而去世，前后相差只有几个小时时间。,5,9,0.7761979699134827
“祖父级”莱卡相机拍出百万英镑(组图)全球各地的拍卖市场上永远都不乏奇特且让人咋舌的宝贝。日前，法国和英国的两家拍卖行分别拍出两件吸引众人眼球的物品：一件是法兰西第一帝国皇帝拿破仑上英文课时的手稿；一件是价值连城的古董级莱卡相机。下面让我们来一睹为快！拿破仑昔日英语学习笔记被拍卖 月底与公众见面拿破仑作为一位帝王、一名战争英雄、一位有着浪漫之心的丈夫而被人们熟知。日前，一份属于这位意气风、发驰骋沙场的帝王的手稿，以9.3万欧元(约合88万人民币)的价格在法国成交，让人们能够有机会一睹当年这位帝王学习英语时的“风范”。据法新社6月6日消息，5日被拍卖的这份属于拿破仑的英语课手稿，是他当年被放逐到南太平洋圣赫勒拿岛后第一节英语课的笔记，上面有三句由法语和英语写成的句子和一些图示。这三句话分别是：“谁来了”、“他们有多少人”以及“你好”。这份手稿的买家是法国巴黎一家私人博物馆。这家博物馆表示，将于6月21日向公众展出该手稿。这家私人博物馆当天还以5.3万欧元的价格购得了拿破仑回忆录的一份副本。回忆录同样也是拿破仑在圣赫勒拿岛时写的，上面记载了他如何在1796年的如阿尔科(Arcole)战役中大获全胜。这份20页的回忆录共有数份副本，真迹目前存于法国档案馆。拿破仑在滑铁卢一役中被反法联军击败，随后于1815年6月被放逐到圣赫勒拿岛，该回忆录就是他在1817年到1820年期间所写的。“祖父级”莱卡相机创纪录 拍出百万英镑英国《每日邮报》6月6日报道，一台88岁“高龄”的德国产莱卡相机，近日以创纪录的100万英镑(约合1062万人民币)拍出。更令人惊讶的是，这台古董级相机的状态依然良好，能够正常拍摄。负责拍卖的卫斯里特拍卖公司称，这台罕见的照相机属于1923年出厂的莱卡“0系列”照相机，是这一德国品牌开始进行商业生产前出产的原型相机之一，极为珍贵。该公司还透露，在激烈的出价竞标后，这台古董相机被一位神秘的亚洲收藏家买走。(来源：中国日报网 陈璐 编辑：婧远),5,1,0.6219030022621155
英游艇命名效仿“泰坦尼克”难逃沉没厄运(图)据英国《每日电讯报》6月7日报道，一艘被命名为“泰坦尼克II”号的游艇似乎也难逃“原版”的魔咒，在处女航返回海港时沉没。虽然船主侥幸逃生，但随后还是被尴尬追问是否撞到了冰山。这艘汽艇的主人名叫马克•威尔金森，40多岁，来自英国伯明翰。他最近才购买了这艘长16英尺(约4.9米)的二手游艇，并将它拖到位于英国南部海岸的莱姆湾进行处女航。当天，他在莱姆湾钓到了很多鱼，但在返航途中，玻璃纤维制成的船身突然出现了一个6平方英寸(约39平方厘米)的大洞。大量的水开始涌入船内，马克试着将水抽出，但船的尾部还是沉了下去。由于前部有气囊，所以船头漂在了海面上，但马克最终还是弃船逃生。随后，马克被当地负责港务的工作人员从海里拉了上来，“泰坦尼克II”号后来也被拖上来。马克说：“如果不是工作人员的帮助，我可能已经随‘泰坦尼克II’号沉下去了。之后很多人问我是否撞到了冰山，这稍微让我有些尴尬。”(来源：中国日报网 信莲 编辑：婧远),5,9,0.633146345615387
俄罗斯美女冰海中全裸 与白鲸同游嬉戏(图)据英国媒体16日报道，近日，两届世界自由潜水女子冠军、俄罗斯美女纳塔莉亚·阿夫先科(Natalia Avseenko)为了完成实验，听从了海洋学家的建议，脱光全身的衣服，在零度以下的寒冷海水中，赤裸全身与两头白鲸同游嬉戏，可谓是真的“回归自然”。据报道，现年36岁的纳塔莉亚在俄远西北部靠近北极圈的白海(white sea)海域进行了一次大胆而“美丽”的试验，全裸在寒冷的水下与白鲸共舞嬉戏，由一名俄罗斯摄影师拍摄下这样的场面。报道指，阿夫先科在水中仿佛美丽的“白鲸公主”。报道称，为了不让白鲸跑得太远，实验人员将部分海域圈了起来，以便美女不游太远，就能追上白鲸。据悉，当地海域的水温在零下1.5摄氏度左右，脱光衣服的纳塔莉亚显然会“冷得哆嗦”。一般来说，普通人在零度以下的海水中呆个5分钟，就有死亡的危险，但潜水经验丰富的纳塔莉亚不仅是个瑜伽“专业户”，更练出了在水下憋长气的技巧，最长可以在零度以下海水中呆10分钟40秒左右。此外，海洋学专家建议，由于白鲸这种动物对人造材料如潜水服非常敏感，不喜欢触碰人造材料，因此纳塔莉亚如果想要与白鲸更亲近，最好是全裸下水，来个肌肤的“亲密接触”。白鲸是自然界中的庞然大物，它们以脸部能表现类似人类的表情感知而着称。除水族馆的白鲸外，全世界目前有约10万头白鲸在海洋中生活。,5,9,0.7172200083732605
移民投资带旺海外楼市 中国买家雇人排队等开盘“一些楼盘有六到九成是中国人购买，甚至有中国人排队48小时等一个新楼盘开盘，或者出钱雇人排队。”当“移民(微博)”一词开始在城市白领中悄悄流行之际，海外房地产市场注定成为内地资金追逐的下一个目标。高力国际6月初发布报告指出，内地投资者在加拿大温哥华的购房比例持续增加，截至今年第一季度，已达到29%，较去年25%的比例上升4个百分点。可以预见，国人海外购房热潮将持续升温。移民投资带旺海外楼市中国通过投资移民海外的人数在逐年增加。有数据显示，去年获得加、美、澳三国移民签证的人数就超过6000人。美国公民及移民服务局(USCIS)的统计数据显示，2010财年，来自中国的投资移民申请共772人，居全世界之最，占移民局全年发放的EB-5签证总数的41%，远超位居第二的韩国(295人)。2009年，这一数字更是高达1979人。在北京、上海、广州等大城市，投资移民热方兴未艾，由此催生的移民机构生意火爆，关于投资移民的说明会频繁召开。广州一家移民机构负责人透露，从2007年起就每年都组团到加拿大购房投资移民，每年人数都有上升。移民人数的上升，使得中国人逐渐成为海外房地产市场越来越重要的客户。高力国际国际物业董事赖锦雄在接受《第一财经日报》记者采访时指出，去年以来华人投资国际物业金额增加明显，仅在加拿大温哥华，2010年华人投资房产金额就达50亿加元(折合人民币约330亿元)。一位刚刚在美国置业的人士表示，自己在美国得州的HOUSE总价45万美元，该价格仅相当于北京五环一套100平方米左右的公寓。“在美国的个人房价收入比仅4倍，远远低于国内的城市。这是家人决定在美国买房的主要原因。”海外雇人排队国内对房地产市场的种种限制，是中国人到海外置业的另一原因。第一太平戴维斯英国住宅研究部负责人YOLANDE BARNES认为：“如果中国的亿万富翁们也像其他国家的亿万富翁们一样将钱投入伦敦市场，那伦敦中心首要区域的物业价值将会被提升15%。现在的问题是，中国买家无法将他们的钱带出中国。”事实是不少资金已经通过各种途径流向海外。一个最新的信息是，加拿大温哥华市中心的两个精装修高端公寓Jameson House和Symphony Place，目前已售出房源中，华人买家所占比例已高达五成。考虑到中国买家对境外物业的需求旺盛，Jameson House和Symphony Place专程前来中国举办展会，并且在上周上海的展会中吸引到200多组客户前来询问。“今年华人在外投资依旧活跃，预计总投资额不会低于去年。”赖锦雄如是说。“一些楼盘有六到九成是中国人购买，甚至有中国人排队48小时等一个新楼盘开盘，或者出钱雇人排队。”高力国际北亚区董事总经理柳维伦表示，随着收入水平的提高和物业投资理念的不断成熟，各种投资性房产模式日趋成熟，国内投资者去海外置业增速明显。这对于许多国际城市的房地产市场产生了巨大的影响。国内房地产调控越来越严厉，使国内各大主要城市房地产市场前景不甚明朗。无独有偶，世邦魏理仕亦在近日指出，在过去一段时间内，随着国内高端物业品质的快速提升、房价的上涨，同时也孕育出了海外市场物业的投资需求，房地产投资开始发生变化，到境外看物业的人越来越多。柳维伦同时指出，长三角区域的上海、宁波、温州以及杭州等地的投资者是海外置业的主体。过去6个月，通过高力国际在中国的国际物业部已完成超过13亿元人民币的海外住宅项目投资，加拿大温哥华成为主要投资目的地之一，其他比较受欢迎的国家包括英国、澳大利亚等。据介绍，受到中国人对地产市场的强烈推动，温哥华的地产价格在2010年上涨了12%，加拿大按揭及房屋公司预测，今年将继续上涨3%。,5,4,0.7566206455230713
《对手》：好孩子是什么标准？蔡美儿我们小的时候，我们去哪儿都带着小提琴，而且每次我都要和她们一起拉琴或者弹琴，露露现在反叛以后，现在她只是在娱乐的时候拉小提琴，那么我对小提琴的要求太严了，她开始憎恶小提琴了，我意识到那个以后，我就意识到我不想失去我的女儿，所以后来呢，我就自己放弃了强迫她练琴，后来她自己自愿回到练习小提琴的路上，但是我觉得严格父母是非常重要的，特别是在美国环境之下，有的孩子性格非常强，他说我不想让爸爸妈妈管，我要自己管，但是网球教练跟我说，露露她非常严格，对自己要求非常严厉，非常刻苦，而且非常有天赋，所以我认为从我这种严格的父母的管教之中，她逐渐学到了，从中看到了闪光点，从中得到了很多好处。常智韬：是不是虎妈也同意，孩子的快乐和小提琴或者网球技艺提高并不矛盾，是不是在没有父母严格管教下，我听说露露准备挑战李娜，她同样可以有很远大的理想。蔡美儿：美国我觉得孩子们为了保持自己的热情，他们自己的选择太多了，那么经常说要保持孩子的热情，他这个热情包括整天吃糖、整天玩电子游戏，每人没有人会有自动的热情每天去做作业，所以一直到10岁、11岁的时候，我觉得父母必须给他们一些规矩，不让他们放弃他们有兴趣做的那些好的事情。常智韬：我觉得在没有明确孩子的兴趣爱好，或者孩子的特长在哪个方面的时候你替他做了一个选择不允许孩子放弃，孩子放弃就意味着孩子没有毅力，反而会适得其反，比如你不会知道孩子将来是刘翔还是姚明，你让他坚持打篮球或者什么，你会少了一个姚明或者刘翔。蔡美儿：我觉得这个问题有一点让人混淆，我想他刚才谈到家长不应该干扰孩子的选择，可能我们两个社会不一样，在美国25%的10到13岁的青年孩子是喝酒的，我们在美国是有发达国家最高的十几岁孩子怀孕比例的，所以我要我的孩子们在十几岁就喝酒或者怀孕，我是绝对不要的。常智韬：所以有的时候家长要信任孩子，比如我的女儿在高中二年级的时候也到美国做了一年交流生，她回来的时候也告诉我，就像虎妈所讲，美国高中阶段有谈男女朋友的，有同性恋的，有吸毒的，但要相信自己的孩子有自己的鉴别力，她跟我讲，爸爸请放心，我周围的朋友都是比较传统的。还有一点，中国以前有一句话说温室里边只能长出娇嫩的花朵，长不出大树，在无菌的环境下长大的孩子，他走向社会的适应从什么地方来呢。蔡美儿：在西方的学校里面用点中国的东西来教育我们的学生，所以我认为我们的孩子是强有力的，她们没有自己的错误之处，可能我们就说我们殊途同归，我们的目的是一样的，但表达方式不一样，你强调非常强硬的规则，我也同意有的时候不能对孩子太严了，有的时候就是你觉得孩子，我们可能就到此为止，不要太严管他，但我觉得有的时候不能这么做的。主持人：在你心目当中，好孩子或者孩子的成功应该是一个什么标准，是门门拿A，最后进哈佛、耶鲁？蔡美儿：我认为你必须要看一下你的孩子，听他们的意见，知道他们的能力在哪里，如果有些人他得不到A的学分，你不能强迫他，不能给他太大的压力，这样会给他们毁掉的，但从另外一个角度来讲，我会告诉你，我的书在美国引起很大的反响，很多西方人看了之后希望更加严格给孩子教育，很多美国人给我写信，说我不是非常的聪明，但是我相信我还是有智慧的，我希望我的父母以前比我更加严格，这样使我可以成为某些成功人士，这是他们写的信，但我现在失业了，因此成功和幸福是非常复杂的问题，它不是选择一个就放弃另外一个问题，但我相信两点，要帮助你的小孩施展他的潜能，不管他的潜能是什么样的。常智韬：我觉得像我和虎妈的孩子都是在进入大学的年龄，他们远远谈不上成功，他们仅仅是进入名校，找到适合自己发展的，适合自己个性受教育的机构。那我觉得家庭教育的成功，应该是培养出来一个全面发展，心智健康，有良好的情操，又有良好的学习习惯的这么一个孩子，我觉得这是家庭教育的一个目的。蔡美儿：我认为大女儿是非常很好的，她自己就能成为一个很好的学生，但我认为露露的话，尽管我们有很多争斗，我想即便露露是非常难教的一个孩子，我有很多眼泪，有很多辛酸史，但是我认为露露，曾经问过她，我问过她你是不是喜欢这样严格的家教，我担心露露在采访的时候会怎么说呢，但是露露在采访时说我非常喜欢这样严格的母亲，如果没有母亲严格的教育方式今天谈不上我的成功，看到她的姐姐是非常好的学生，露露也受到影响，她以为自己是不好的学生，因此我帮助露露更加建立自信，相信自己。主持人：我们这一轮探讨什么话题，刚才虎妈也说了很多决定是她对自己的女儿来做的，猫爸认为很多自己的孩子决定，包括孩子爱好的养成要观察孩子，由者孩子的性格去发展，那么父母到底该不该替孩子作主？这就是我们第二轮要辩论的话题。掌声请出红方的第二位嘉宾，他就是著名节目主持人、导演英达。英达：那就是每一代在成功的同时一定要设计和亲自参与实施孩子的所有的未来。主持人：好，我们掌声请出蓝方第二位嘉宾，这就是，他写了一本书，别看年龄不大，写了一本书叫《山海经新释》，被很多人称为国学天才，这是山西大学初民学院的学生孙见坤。孙见坤：基本没有，基本上没有，基本上是我自己规划的。我的观点就是没有人能够替你作主，哪怕这个人是你的父母。英达：我们说孩子，说的是从大概两岁快到二十岁这样大范围的孩子，我认为在十岁之前有许许多多事情孩子自己不知道的，也不能知道未来这件事情对自己多么重要，你不可能指望他自己就把这个定好了，他不知道，所以在这种情况下确实有些特殊项目我们要替他决定，那么其他的，比如说当国学大师这种事可能就要等十岁以后孩子自己愿意说读个《聊斋志异》的那种神怪小说，但比如说钢琴、小提琴等他十岁以后想拉是绝对没有可能的，因此我们也参考其他的，不是中国式教育，是外国式的，大音乐家，比如贝多芬、莫扎特也是从小他们的父亲大耳刮子抽出来的，我们知道贝多芬经常小的时候睡到半夜四点多被他父亲拉起来弹琴，不弹就大耳刮子抽他，所以这是为什么贝多芬最后耳朵聋了。所以兴趣是最好的老师，孩子大了以后，如果小孩让他说兴趣是最好的老师，那么这个老师一定不是别人，是游戏机。孙见坤：其实刚才英老师讲的这个在我身上就不符合，我做，我看历史是从8岁，不是10岁。我想说一个问题，第一点贝多芬，大耳刮子可以抽出贝多芬，也可以抽出希特勒，我们在那个过去，一百多年前奴隶社会什么都不变的，从1840年不一样了，1840年是千年不变，1840年以后是十年不变，当我们有孩子知道是十年前的，他要给孩子做决定是过时的决定，另外一点其实中国的父母喜欢给孩子做决定、做判断，他其实这个并不是中国，并不是所谓的中国式教育，因为这种方式从此你看不到的，这其实是中国专制社会的一种黑色遗留下来的东西，他是为了培养孩子的盲从性，这不是我说的，这是孙中山说的。第三点，永远不要把一个人的能力或者他的思维，他的思想的深度和他的年龄挂钩起来，这是一种很简单、很愚蠢的做法，这是一种，可以说是一种人的一种惰性，他不想深入地去了解这个人，只是从一看你的年龄就觉得你不懂，就这种感觉，就像看到一个人一看他是北大毕业的，就觉得他一定是德才兼备的好孩子，其实也可以是勒死？？的凶手。英达：就你刚才说的能不能选择，首先我同意有很小一部分，1%吧，是可以让孩子在十岁之前选择，反正也不要紧，比如你国学，他是8岁读的，还是12岁读的没有什么区别，而比如弹琴，甚至小儿不才除了弹钢琴之外，还打个冰球，这是童子功的，那开会的早，开萌的早是你的本事，但是我13岁开始读也可以做到你的成就。孙见坤：其实是这样的，童子功肯定会有，但不一定每一个人都要弹钢琴，每一个人都要打冰球，当然不一定每一个人都要去读古文，但问题是您怎么知道您的孩子就是干这个的料呢。英达：他问我，我不回答不合适，是这样的，实际上成人也不能决定他的专业，比如打冰球，巧了，我儿子在冰球上有一个才能，但到现在为止同龄人不是没有比他强的，我儿子弹钢琴也好，我儿子也希望梅迪，总而言之他现在学这些，猫爸说的很科学，人的学习无非是两大种，一种是知识积累，一种是技能提高，这两种都没有用，包括古文学得再好，都有可能是明天被废弃过时的东西，这是有可能的，孙见坤：您给您的孩子做的选择，那么是依照大您身边的人或者这个社会很多人都做了选择，还是您是把您自己小时候没有能够做到强加到，延续到您孩子的身上？英达：你的问题提得很浅显，因为你不能把，你不能说所有做的选择都是我们没有办成的事，不瞒你说，我基本想干的事都干成了。,5,3,0.32353779673576355
《对手》：快乐童年重要还是打好基础重要孙见坤：中国的教育方式是发现并引导孩子的天赋，就是中庸里面讲的…，如果一个孩子没有快乐的童年，他的天赋不可能被引发出来的，更不可能有高尚的道德，真正中国教育核心在于培养一个孩子优秀的道德，这是从孔圣开始一脉相传的，孔圣就说…，学习这种文化知识或者所谓的学科知识，在孔子看来是最底层的一个事情，高级的事情是什么？孩子的道德，就像他给自己学生排名，孔文四科，德行、言语、政事、文学，文学是排在最后面的，中国教育家是排孩子的道德，然后会讲心性，孩子十余岁孩子的爹会讲孩子你将来做什么，说要做状元，高官、做圣贤，但是问题是，他最后成功了，他发现自己的孩子的确有做圣贤的天赋，就引导他做下去，其实历史上真正成功的人完全是按照他们的天赋引导来做，真正由父母规劝，包括英老师一开始说的莫扎特，莫扎特6岁能作曲也是他的天赋在那儿，应该顺着他的天赋，在引导过程当中，德国人是这种情况，但是中国人，要到中国来讲，就是引导你的天赋，人不能逆天，必须顺天。主持人：冰球你会打吗？英达：我没有想打冰球，这正好是特别好的例子，是他自己做的选择。打冰球就是他自己做的选择，但是一旦这个选择开始，他不能放弃，知道吗？而且放弃了现在基本上可以说放弃的就跟他们家小提琴要放弃似的，钢琴要放弃似的，我儿子可能最后放弃的时候给他做的选择就是钢琴，但是他冰球打得好，包括他今后学习能学习得好，跟他曾经弹钢琴，三岁开始弹钢琴，三岁不可能有其他选择是有极大的关系。英达：如果你的孩子确实是如此自立，而且又是幸运的，在她非常小的时候居然她自己就能选定比大人还准确的，不知道靠一种什么样的天赋和嗅觉找到自己今后有用的一行，那当然好，但对不起，起码我们家孩子，我不够那么聪明，当然我还没见过比我更聪明的，我肯定不够足够聪明，否则不需要人替我决定，但是我说句实在话，可能你觉得你自己的孩子没有那么聪明，完全是自己自会、找会的，我觉得父母一定要帮忙，否则就是不负责任为自己找一个借口。同样一句话，虎妈说的天才儿童不需要父母，但是有父母就更好了，那就不是一般的天才了。孙见坤：刚才英老师说他一直在为孩子，说是普通的孩子，那种大多数的孩子是需要父母来为他做一个决定的，那么就出现一个问题就是，我是从西安来的，我们西安就有一位从，从小父母替他做决定，比较有名的人就是药家鑫，就是父母他给他做决定，学钢琴等等。英达：你觉得药家鑫这事主要是父母做决定做的，药家鑫这事是父母替他洗手，他用香皂洗手，是不是要提醒大家不要用香皂洗手了。这俩事没有相关，不是觉得这俩事近就有相关，每天早晨大公鸡一叫太阳就升起来了，这俩事联系在一起，确实不是大公鸡一叫太阳就升起来。英达：如果他最后所从事的一项工作就是对你的鼓励监督，比如冰球这件事情不是我做的决定，但是他要做决定的时候我们会把这件事情固定下来，因为后面还有我们大量的付出，让他不可能放弃，这是谁做的努力，对后比如在冰球上成功了，那样太好了，如果是那样的话，你能说这是大公鸡和太阳的关系吗？ 孙见坤：如果父母的决定错了，孩子自己来承担这个责任，那么这样孩子自己做不了这个决定，如果他将来一旦，像英老师说二十岁以后再做决定，之前做决定都非常好，一路过来非常顺，他一旦自己做决定，一旦做错了，那么做出一个什么结果呢？目前孩子的一遇到困难就轻生的孩子越来越多了。英达：如果给孩子所谓做决定的时候其实不是孩子根本不喜欢这事，孩子不理解，非常痛苦，家长也不加以解释，说必须这样，不这样我揍死你，如果这种，我们要把所有的问题都说得这么极端和绝对，说父母一做决定，孩子长大就是药家鑫，这还有什么意义，我们说的是百分比，多数好的父母如果给孩子做决定也是在先给他讲，你喜不喜欢，甚至他自己决定，你不能放弃，然后一路告诉他在这个时候你为什么不放弃，那个时候你敢放弃就揍你，等等，甚至我们到一定年龄的时候帮他做决定，主持人：我知道双方都不服，尤其是孙见坤，下一轮接着辩论，这一轮辩论什么，现在很多父母为了让孩子不输在起跑线上，在上学的同时给孩子报了很多班，奥数班，有的甚至是舞蹈班，书法班、英语班等等，孩子有限的精力，有限的课余生活完全被各种班、各种培训充斥着，有人说不对，每一个孩子都有权利获得一个快乐的健康成长的童年，也有人说了，为了孩子在未来竞争不输于任何人，我们这个时候必须给他们进行投资，哪怕是孩子的快乐有所抹杀，这就是我们的第三轮辩题，到底是一个健康快乐成长的童年重要还是打基础更重要？有请红方的第三位嘉宾，他就是著名的企业管理咨询和管理教育专家哈佛商学院北京校友会主席、泛太平洋管理研究中心董事长刘持金，刘兄你好，到底是打基础重要还是让他们快乐成长重要？刘持金：当然是打基础重要，我认为在孩子童年时期父母最重要的责任就是帮助他们打下基础，而不要为表面的快乐童年所误导。主持人：谢谢，为什么你在快乐童年前面加一个所谓两个字，一会儿再说，有请蓝方第三位嘉宾他就是新东方教育科技集团董事、兼高级副总裁周成刚。周成刚：我的观点应该是一个孩子有快乐的童年，他可能未来长久有更可持续的成长，这样的孩子往往更有动力性，有对生活的激情，未来不仅成才，而且成为21世纪栋梁之才。刘持金：一个什么是快乐的童年，快乐有不同层次的快乐，孩子愿意打游戏机，快不快乐？很快乐，孩子愿意每天爸爸妈妈带着吃冰淇凌，孩子快乐吗？非常快乐，但他还有不同的快乐，当他能帮助小朋友克服困难，当他能够在运动场上叱咤风云，当他能在演讲当中名列前茅，这是快乐，这个快乐不是简单的表面的快乐，第二个就是基础，我们打下什么样坚实的基础，像奥数班或者学小提琴，不一定我们给打下基础，而是说这个基础是一个扎实的，比如他解决问题的能力，批判性思维的能力，关心他人的能力，以及对尊重他人，对社会的责任感等等等等，从小我认为在这个过程中父母都有巨大的影响力。因此这是我阐述中为什么父母对孩子最重要的责任应当是打下一个坚实的基础，对这个基础这个概念的修正。周成刚：首先我要说的一点就是，我认为这个孩子，我是新东方的一个校长，每天接触无数的孩子，就是我发现孩子的心智的发展是有先后的，他的能力会展现在不同的方面，个性也会不同，所以说甚至于他们的观点和价值观也会不同，我个人认为应该对不同的孩子应该用不同的方法教育可能会更好。这是第一点。    第二点，如果说就把一个孩子上哈佛和耶鲁就做一个好孩子，我觉得这是严重的误导，孩子可有不同体现的方面，甚至我隐隐感觉到如果我们把上哈佛和耶鲁的孩子作为一个好孩子，这里边我不否认我们的家长在现在经济社会高速发展的时候，我们带有严重的实用和严重的公用目的，也就是说我们这个社会不仅需要弹钢琴的，不仅需要弹小提琴，还要需要管道工，还需要木匠，还需要很多钢铁工人。    第三个我想表达的是，假设一下，如果全世界的母亲都成为了虎妈，请问我们的孩子最后到哪里上学，难道都进耶鲁，都进哈佛吗？在美国有四千所大学，除了请问前二十名、三十名大学，难道后面进去美国人他们都是傻子吗，都是坏孩子吗？再问最后一点，网友做了一个很有趣的统计，在中国过去三十几年改革开放当中，一共有接近一千位中国各个省市高考(微博)状元，但是他们最后作出的统计是，这些状元都是当年最好的学生，但是二十年过去，他们寻找当年的高考状元，现在在这个社会上真正对社会产生重大影响，我们以这个为例，几乎没有一个高考状元还在这个世界上发挥我们想要所谓最重大社会功能的人才，我的结论是，看到今天很多精英人士都把孩子想尽一切办法送到美国去的时候，我们不能否认美国的教育有无数的东西正在吸引着我们，所以我相信我们的孩子可以成为功力和事物最好的发展人士，但是很难成为21世纪需要的栋梁人才，刘持金：我想反驳周校长，刚才我们在对话过程当中没有讲到哈佛和耶鲁就是我们的标准，我们举一个例子，比如克林顿总统没有申请耶鲁和哈佛，唯一申请的是乔治大学。刘持金：但是我们不能说克林顿是不成功的。我想说的给孩子打下一个坚实的基础，不是一个我们学业上这么狭隘的一个坚实的基础，而是一个广泛的概念，比如说他吃苦耐劳的精神，比如说我们中国人讲坚持的精神，我们蔡教授讲的坚持，无论你做哪一行我要做持之以恒坚持的精神，这是我讲的基础。这个基础从童年时代到少年时代都没有人理睬的话，这个基础就很危险。周成刚：刚刚听到蔡美儿说父母亲比较严格，反正我个人是从来没有父亲打过一下，我相信这边可能也都不会，我觉得孩子童年的时候往往有比较多的一些快乐，他的身心会更加健康，这是我坚信的，而且会有更多的独立性和创新能力，为什么人家说，到后来往往是比较调皮的或者成绩不太好的，同学在最终的时候，尤其最后他有极强的加速度和爆发力，人生比拼不是冲刺，而是长跑，像刚刚两位家长讲进入哈佛和耶鲁是职业的开始，更多是社会上的接触。周成刚：这个观点我同意，不仅是孩子的观点可以培养，成年人打麻将的习惯也可以培养，但中国家长更多把孩子兴趣过于狭隘培养在一个方面，这是错误的。我们并不是说孩子们通通听爹妈的，应该说白了，爹妈混球也不少，全靠他们给孩子制定未来方案，也肯定不一定好，但是总比孩子性苦多得强，我们说的百分比，我们现在讨论应该给孩子制定什么方案，应该什么样的成人来给他制定？孙见坤：我刚才讲的不是公民品质，公民品质肯定需要公民教育的，这是必须的，我说的是这个孩子将来成长的话，他适合做什么？他的天赋应该适合做什么？你将来莫扎特让他打冰球也不可能。周成刚：刚刚蔡教授的观点其实是某种意义上印证了我们的观点，蔡教授也讲了光有一个严格的管理是不行的，她在写《虎妈战歌》的时候，最终对小女儿教育方法最终放弃了，放弃的原因是她觉得如果再坚持下去可能会适得其反，会失去这个孩子，甚至失去她全部的快乐和童年，所以我们想传递的观点是其实在教育孩子的方式方法当中应该有更多的可塑性，更多的多元性，更多的因材施教。刘持金：希望中国父母都明白这一点，无论多么好的想法，父母需要付出高质量的努力，很多父母不是真正付出高质量的努力，我给你举一个简单的例子，刚才你提到比尔盖茨，你要知道盖茨在11岁的时候已经把《百科全书》通读了一遍，最后没有什么书可以读，到12岁，他的爸爸妈妈在餐桌上吃饭的时候，感觉跟这个孩子讲话很难讨论问题。周成刚：这个观点非常好，我想加一点，如果让今天家长的孩子如果不想去读书，不想考好成绩，天天在看《百科全书》，你会同意吗，事实上最终他获得了巨大的创新力，这就是我的观点。刘持金：你说的对，《百科全书》只是读书的一部分，另外我想举一个例子，你读书非常忙，但是这个责任不可推卸，百事可乐现任CEO中文翻译陆德英，也是一个虎妈，她每天在办公室上班的时候，她女儿读高中的数学题，要求她每天只要有数学作业传真到我办公室，我要看这个作业什么地方你不会帮你一下，我再给你传回去，见缝插针培养自己的孩子，全球五百强企业CEO，难道她脑子进水了，绝对没有进水，每一个成功孩子背后是父母的责任，是父母真实的付出，必须是高质量的投入。主持人：我想说一下我在全场辩论的几点感触，第一，一千个人心中有一千个哈姆雷特，一千个孩子也会有一千种性格和承受能力以及各自的性格，所以一个人的成功不可复制的话，也许一个成功的教育方法也不能简单的百分之百复制，这是第一点。第二点，不论是虎妈还是猫爸，他们代表的是自己成功的教育方式，随着我们这个社会东西方沟通越来越多，东西方沟通方式越来越渗透，虎妈和猫爸代表的是自己，不能单纯代表东方和西方，还有一点当你决定要为孩子做决定的时候，一定要想清楚，好好看看自己的孩子是不是真正地了解他们，然后再说。好，这就是今天的《对手》，我是王凯，再见。,5,4,0.4796988070011139
英国一猫咪整日怒容满面被称为脾气最坏猫(图)据英国《每日邮报》6月28日报道，来自英国诺福克郡、65岁孀居的罗丝 奥顿有一只8岁大的灰白色缅甸猫“皮普”，而在“皮普”与奥顿夫人相伴的一年半时间里，它从未露出过“好脸”。《每日邮报》戏称“皮普先生”是全英国脾气最坏的猫。据它的主人奥顿称，这只猫整天都一脸生气和不满的样子，它平时不喜欢噪音和坏天气，尤其讨厌足球；一到刮风或者下雨天，它要么钻进主人家里，要么就蜷在它的小窝里，可即使是盼到了它喜欢的夏天，“皮普”脸上仍然没有一丝快意，与冬天不同的只是会在主人家后花园的灌木丛里多待一会，而它唯一喜欢的消磨时间的事情就是待在这里盯着狗狗们的一举一动。据英国《每日邮报》6月28日报道，来自英国诺福克郡、65岁孀居的罗丝 奥顿有一只8岁大的灰白色缅甸猫“皮普”，而在“皮普”与奥顿夫人相伴的一年半时间里，它从未露出过“好脸”。《每日邮报》戏称“皮普先生”是全英国脾气最坏的猫。据它的主人奥顿称，这只猫整天都一脸生气和不满的样子，它平时不喜欢噪音和坏天气，尤其讨厌足球；一到刮风或者下雨天，它要么钻进主人家里，要么就蜷在它的小窝里，可即使是盼到了它喜欢的夏天，“皮普”脸上仍然没有一丝快意，与冬天不同的只是会在主人家后花园的灌木丛里多待一会，而它唯一喜欢的消磨时间的事情就是待在这里盯着狗狗们的一举一动。,5,9,0.5142753720283508
中外合作办学加强监管 学生文凭将须认证注册晚报讯 从今年9月起，教育部将对本科以上层次中外合作办学学生获得的境外学历学位证书认证实行严格的注册制度。今后所有通过中外合作办学取得的境外本科以上学历学位文凭证书的认证，事先都需经认证注册。这是记者昨天从教育部涉外监管信息网上获悉的。此举旨在进一步加强对中外合作办学过程的行政监管，规范中外合作办学学历学位证书颁发和认证工作，保护学生和办学者的合法权益。据悉，教育部还将在今年下半年，通过教育涉外监管信息网开通境外学历学位证书认证信息注册公开查询功能。学生可凭本人姓名、身份证号码查询本人境外学历学位证书认证注册信息。,5,7,0.7179001569747925
会笑的狗狗爆红网络 与各路名人“合影”(组图)它仅是一只普普通通、随处可见的杂种狗，但却能够像人类一样露齿微笑，人们亲切地称呼它为“快乐狗狗”。现在，这只擅长微笑的小狗已经爆红网络，被PS进各路名人的照片中，俨然一个大明星。,5,9,0.4377748668193817
大学生拍毕业照西湖溺亡 赴美全奖读博成泡影(图)昨天傍晚5点半，本报96068接到热线，说有人掉进西湖了，消防人员正出动去解救。本报记者驱车赶到现场，已是傍晚6点。只见西泠桥东面、北山路边上，消防车、救护车、警车排了长长一队。四周都拉起了警戒线。湖中央，5艘快艇正在打捞作业，随后，西湖捕鱼队的两艘渔船也加入了搜救的队伍。听周围的目击者说，落水者是个年轻的小伙子。直至晚上7点20分左右，小伙子才被打捞上来。救护人员立刻对他进行了急救，第一时间送往医院。可晚上9点，医院传来消息：小伙子抢救无效，死亡。记者随后从西湖水域管理处了解到，落水的小伙子是浙大刚毕业的大学生，昨天傍晚和朋友一起出来逛西湖，两人行至镜湖厅时，小伙子一时兴起跳入湖中，让朋友给他拍照留念。可当他游到接近湖中央时突然间沉了下去。朋友随即打电话呼救。但可惜的是，经过2个多小时的救援也没能将他唤醒。记者听说小伙子水性不错，可现实是，一个风华正茂的年轻生命就这样永远地走了“学士服照看看没啥意思，就不传了，各位等我跳西湖的照片吧。”昨天下午，大学刚毕业的小辛(化名)在人人网留下最后一条消息，决定用爬树跳西湖的方式，留下一组最疯狂的毕业照。下午5点20分，小辛从北山路西泠桥旁纵身跳入西湖，一口气游往对岸的孤山公园荷花池。7点15分，小辛冰冷僵直的躯体被搜救人员打捞上岸，医院最终宣布其抢救无效死亡。如果没有这纵身一跃，22岁的小辛今天上午本将赶赴北京实习，此前，他已经拿到了一所美国大学的博士全额奖学金。掏出手机钱包之后 他纵身跳进了西湖昨天下午5点多，湖南游客罗女士和朋友散步到西泠桥旁，坐在湖边的长凳上休息，不一会，走来了两个小伙子。“其中一个小伙子把手机、钱包都掏出来放在湖边，然后脱掉鞋子就爬到湖边的树上去了，另一个人则拿出相机去拍，我都搞不懂他们想干吗。”罗女士回忆。随后，爬到树杈上的小伙子突然纵身一跃跳入湖中，“扑通”一声把罗女士吓了一跳。“我开始还以为他是不小心滑下去了，直到他冒出湖面对着岸上给他拍照的朋友做了个表情，我才明白他是下湖游泳。”罗女士说，“他的水性不错，一会儿就游到了湖中心，然后开始一上一下地浮动，不过因为他水性很好，我们也没觉得不对劲，以为他在玩呢。”可是才过了1分钟，小伙子突然叫了一声，就沉到了水下，直到这时，岸边的人才意识到出事了。“从他跳水到溺水，大概只有两三分钟。”罗女士说。搜救持续近两小时 上岸已无呼吸心跳岸边的人开始大声呼救，同时，一直在岸边拍照的小伙子也扔掉相机，打电话报了警。另一位目击者陈先生说，自己当时质问过岸上拍照的小伙子，问他为什么不阻止同伴跳湖，拍照的小伙子解释，他叫小李，跳湖小伙叫小辛，两人都是杭州某大学的同班同学，刚刚毕业，小辛想用跳西湖的方式拍一组疯狂的毕业照片，自己是被小辛叫来拍照的。溺水发生后不久，公安、消防等部门赶到现场展开施救，可是随着夜色渐渐变暗，搜救难度逐渐加大。潜水员搜救无果后，警方又往湖里撒下排钩，终于在晚上7点15分左右将小辛打捞上岸，此时距离小辛溺水已经过去近2个小时了。被捞上岸时，小辛已经没有了心跳和呼吸，在岸边接受紧急施救后被送往附近医院治疗，但终因抢救无效身亡。导致小辛溺水的具体原因仍需调查，但记者昨天下午试了试西湖水温，有点凉，就连专业搜救人员下水前也要热身，而且每搜救一段时间就要轮换回到船上休息。一没爬树二没跳湖 他不要失败毕业季小辛为什么要用爬树跳湖的方式来庆祝毕业？同学小李说，这个念头起源于小辛看到的一张照片。“我们有个校友，也是今年毕业，在拍毕业照的那天，他穿着学士服，跳进了校园内的一个湖里，还拍照留念了。”小李说，小辛看了照片后，就萌生了“跳湖”纪念的念头。小李的说法也被小辛在人人网个人主页上陆续发布的消息所证实，前天晚上，小辛分别发布了2条消息，先是说：“一没爬树，二没跳湖，毕业季真失败。”接着说：“多征几个人，一起跳西湖。”就在昨天下午付诸行动之前，小辛还发布了最后1条消息，“学士服照看看没啥意思，就不传了，各位等我跳西湖的照片吧。”今天离开杭州之前 一定要把心愿了了前天中午，因为知道小李喜欢摄影，小辛就请求小李陪他去 “跳湖”，但由于小李当天有了别的安排，他的想法落空了。昨日下午，小辛再次找到小李，希望小李帮忙拍照，拍下自己爬树跳湖的全过程。小李不好意思再推却，于是带着自己的摄影包，跟着小辛出门了。“开始小辛是要去校友跳过的那个湖留念的，但是因为路途比较远，出门也晚了，所以就觉得去西湖比较方便。”小李说。小李说，就在出门拍照前，自己还陪着小辛去学校的代售点买了今天上午去北京的火车票，因为小辛打算毕业后先去北京一家公司实习，所以他琢磨着在离开杭州之前，一定要把“跳水”的心愿了了。他躲过日本大地震 将去美国攻读博士事发后，现场来了一些小辛的同学，小辛发生意外，让他们一时很难接受。同学们说，小辛是河南人，学的是计算机科学与技术，他平时很乖，开朗，有想法，但是还从来没做过什么疯狂的举动。因为小辛学习成绩名列前茅，他还被所在的大学推荐为交换生赴日本交流学习。“作为交换生去日本学习的那段时间，他还经历了3月11日的日本大地震，那么大的灾难都躲过去了，真没想到会发生这样的事情。”小辛的同学说。据同学小李透露，小辛在毕业前已经获得了美国一所大学PhD(学术型博士，是全世界公认的学历架构中最高级的学衔)的全额奖学金。小辛研读博士学位的5年间，每月还有2000到3000美金的奖学金补助。可是随着这疯狂的一跃，这条年轻鲜活且有着大好前景的生命，就这样提前凋谢了。(记者：刘栋 张琴 张之冰 黄兆轶 王子诚 孟贺),5,9,0.49353665113449097
猕猴捡到相机大摆POSE 狂拍数百张照片(组图)你相信吗？这些清晰的照片，竟然出自一只猕猴之手！英国摄影师大卫·斯莱特日前在印尼苏拉威西岛北部的一个国家公园内旅行，在那里遇到了一群珍稀的黑冠猕猴。这些感到好奇的动物围着斯莱特留下的相机跳来跳去。“它们中肯定有一个家伙按到了开关，启动了相机。”斯莱特说，“之后，一只淘气的猕猴拿起相机，乱摁一通，竟然按下了快门。”摸到窍门后，这只猕猴开始不断地拍照，而其他同伴则十分配合地“大摆POSE”，甚至露出大大的笑脸，显得十分兴奋。斯莱特说：“当我拿回相机时，它已经拍摄了数百张照片，当然，大部分都是对焦不准的。”,5,9,0.8467597365379333
网友晒中美物价对比 9.9美元鞋子国内要499元“在美国卖9.9美元的鞋子，39.9美元的牛仔裤，30美元的T恤衫，同样品牌在国内分别是499元、799元和799元……”连日来，这场“比价”游戏引来了越来越多人的关注和参与。最近，一条微博在网上转发率非常高，内容是说以购买力计算，在中国吃穿用度的成本超过了美国。而记者在对一些外籍人士采访时，受访者普遍的疑问是：中国内地的普通人怎么活？中国的消费真的贵吗？都贵在哪？除了工资低，我们是否真的没有价格优势？“商品和外国沾边就贵”Cathy是美国密歇根大学医学院的新生，今年暑假她来到中国实习。她说，自己并不是一个对价格很敏感的人，但来到中国后的见闻还是让她有点吃惊。在北京的一家商场，她看中了一条裙子，700多元人民币。“美国时尚品牌的裙子也差不多是这个价格(100美元左右)，这和我之前认为的‘中国制造的东西都很便宜’完全不同”，她说。她最后放弃了那条裙子，而去服装批发市场买了几件100元以内的衣服。“我还是更喜欢这样的中国”，她说。来中国将近一个月的时间里，Cathy最大的感受是只要是和“外国”沾边的商品，中国的价格就比美国贵。在美国，Levi’s算不上什么“潮牌”，大部分的牛仔裤每条都在40-50美元，有时甚至打折至20美元。而在国内，该品牌的牛仔裤得五六百元。Nike、阿迪达斯的新款运动鞋，美国卖到80-100美元，最贵不超过150美元，而国内专柜中，价格上千元的比比皆是。在纽约这样的大城市，麦当劳的一个套餐在5美元左右，小城市更是低至2-3美元。即使是那些上等的餐厅、需要穿着正装出席的场合，一顿晚宴也就50-60美元左右，外加15%的小费。当她得知中国有一些动辄上万、十几万元的天价宴时，直呼“难以置信”，“他们吃的是什么？为什么这么浪费”？至于美国的房价，Cathy说，她的父母一年前在新泽西州的普林斯顿市区买了一套房子，两层楼、五间卧室、外加一个小花园，花费80万美元(约合517万人民币)。她说，这在美国东海岸(除纽约外)算是比较高的价位。而在中部的一些城市，10万美元就能买到比这面积更大的房子。“我听说中国的人均工资只有美国的十分之一，但消费水平却和我们差不多”，Cathy说，“那普通人怎么生活呢？”“北京消费水平不次于香港”在香港工作的姚先生对记者表示，北京的消费水平已经和香港不相上下了，如果算上汇率因素，有的甚至贵过香港。但在香港，一个大学毕业生的起薪至少是一万港元。刚刚从香港回到北京的王小姐则表示，内地游客大批涌向香港“扫货”的原因除了便宜之外，很大程度上还是因为货物齐全和服务到位。对于一般中高档消费品而言，算上汇率后香港的价格一般是内地的七折左右，化妆品更便宜一些。“香港很少有假货，质量更放心”，她说，“而且香港的打折是实实在在的，不会有把原价提高再打折这样的猫腻”。王小姐还提到，在香港看演唱会的成本比国内低得多，“便宜大发了”。一般香港本地歌手演唱会最高票价平均只要500港元左右，就算王菲这样的巨星，只要花980港元，就能坐到场内前排。而在北京，王小姐花了1000元人民币买到的还是看台票，而最高票价是2200元人民币。专家观点价格高不全因税负重中国人民大学财政金融学院教授岳树民：境内消费品价格普遍高于境外的现象，有媒体称最大的原因在于高税负，这种说法并不客观。定价策略、市场需求程度、产品运输成本、场地租金等都会影响产品定价，不同的商品价格影响因素不尽相同。虽然政府确实对影响价格的某些因素负有责任，但“板子”不能都打在政府身上，应该通过科学严谨地调查，分清政府和企业的责任。国税总局税收科学研究所副所长靳东升：知名品牌的定价不一定按价值规律办事。现在网友“晒”出的商品价格有些以偏概全，统计方法并不科学，不能以此断定中国的消费水平就一定比国外高。税收调节应保证公平国税总局税收科学研究所副所长靳东升：关税是一种特殊调节的工具，对于保护我国某些处于弱势的产业具有一定的保护作用。如果降低进口商品的关税，可能损害一些国内企业的利益，因此有关部门要慎重权衡。同时，如果要降低进口产品的消费税和附加税，也应该同时给国内的同类商品相应地“减负”，这样才不会有悖于公平原则，干预和影响市场的正常运作。中国社会科学院财贸所研究员杨志勇：价格的形成因素是多方面的，但税收肯定是一个很重要的方面。从理论上讲，我国的税收确实有下调的必要，但由于目前间接税已经成为我国财政收入的重要来源，税制结构调整并不是一件容易的事。采访后记国内并非都比国外贵在采访中，几位受访者普遍认为，中国内地的交通费用相对比较便宜，特别是在北京。王小姐表示，北京的出租车、地铁费用都比香港便宜，她每天从九龙的红?到港岛的中环上班，坐小巴和搭地铁单程花费就要12港元。Cathy则表示，尽管上万元的天价餐让她难以理解，但普遍饭馆还是很便宜的。她实习的医院食堂，通常午餐5-6元就可以吃得很丰盛，味道也比美国的中餐更正宗。一些小饭馆的套餐也只要10-20元，而在美国，同类中餐馆最便宜的也要6美元左右。网友“微”观“运费高过生产成本”@_浪潮之巅_：广东生产的东西运到北京，运费比运到洛杉矶还贵。汰渍的洗衣粉，广东生产，运到哈尔滨，运费比生产的成本还高。(后来宝洁不得不在北方再开工厂。)另外中国的零售税是17%，美国各州不超过10%，个别州是零。@余晓平：最近中国一直在热传美国的物价低于中国，特别是生活必需品方面，甚至换算成同一种货币都低于中国。从整体情况来看，美国人各项消费的支出所占收入的比例要远远低于中国人。如果考虑到支出占收入的比例，同时考虑到性价比，那么据我观察，美国只有两样东西要比中国贵，一个是知识产权，一个是人工。@Vincent_YFV：美国消费税6%，中国vat(附加税，记者注)17%但是可以抵扣，企业实际税负和美国差不多，但消费者的税负太高了，还有过路费等各种收费，以及土地财政推高的租赁及不动产价格，各代理环节的利润和打点行政部门的费用，这些才是物价高昂的原因。(记者：沈玮青),5,6,0.40487581491470337
纽约大胃王吃热狗设女子赛组 “黑寡妇”报名中新网7月3日电 据“中广新闻网”3日报道，纽约康尼岛在每年美国国庆节(7月4日)举办的热狗“大胃王”比赛，总是吸引很多人参加，来自世界各地的“高人”也展现了非凡的吃热狗“才华”。今年，这一饕餮届的盛事将增加一项只限女性参加的吃热狗比赛。据报道，主办单位说，就好像小威廉姆斯不需要击败费德勒，就能拿到温布尔登网球公开赛冠军一样，大胃王的比赛，让女性与男性较劲，是不公平的。2011年康尼岛热狗大胃王比赛的女子赛有8人报名，最被看好的就是人称“黑寡妇”的索尼娅•托马斯，她在2009年以10分钟吞掉41根热狗的成绩，刷新了女子吃热狗的世界纪录。而男子赛部分，冠军已经连续4年被绰号为“大嘴”的切斯诺包办。去年，他的成绩是54根热狗，冠军奖金2万美元。报道指，2001年到2007年的世界纪录保持人、日本“大胃王”小林尊因合约争议，已经好几年缺席这项比赛。据称今年他要“另起炉灶”，自己当比赛主办人，和康尼岛的比赛“分道扬镳”。,5,9,0.5502288341522217
华盛顿州政府国债项目北京认购会北京认购会主题：华盛顿州政府国债项目认购会时间：2011年7月23日(星期六)下午14：30地点：北京市国贸中国大饭店宴会A厅 预约电话：400-0909-899项目优势：首个美国州政府发行国债形式的EB-5项目美国华盛顿州区域中心国债项目是由州政府发行免税的一般义务债券形式融资的EB-5项目，华盛顿州政府发行的一般责任债券获得非常高的信誉评级， 享誉盛名的三大国际信用评级机构评级分别是：穆迪将其评级为AA1级，标准普尔将其级为AA+级，惠誉国际评级公司亦将其评级为AA+ 级。世贸通重磅推出美国投资移民华盛顿州国债项目，买美国州政府国债，全家移民美国！该项目获华盛顿州政府立法支持，资金安全，2年解除绿卡条件后，即可按个人意愿， 委托经纪人在美国公开市场出售国债收回投资。项目首场三地认购会于7月9日结束，到场投资人对该首个由州政府发行债券来融资的EB-5项目热情度极高，世贸通7月下旬特邀华盛顿州区域中心主席Mike Mattox、亚洲市场及商业发展总监Andrew Lin、销售总监Connor Chen，举办该项目的第二场京、深、青岛三地认购会，全球尊享99名，欢迎预约出席：400-0909-899！详情请继续关注世贸通官网！,5,4,0.59892338514328
华盛顿州政府国债项目深圳认购会深圳认购会主题：华盛顿州政府国债项目认购会时间：2011年7月17日(星期日)下午14：30地点：深圳市福田区福华路大中华喜来登酒店6层宋二厅项目优势：首个美国州政府发行国债形式的EB-5项目美国华盛顿州区域中心国债项目是由州政府发行免税的一般义务债券形式融资的EB-5项目，华盛顿州政府发行的一般责任债券获得非常高的信誉评级， 享誉盛名的三大国际信用评级机构评级分别是：穆迪将其评级为AA1级，标准普尔将其级为AA+级，惠誉国际评级公司亦将其评级为AA+ 级。世贸通重磅推出美国投资移民华盛顿州国债项目，买美国州政府国债，全家移民美国！该项目获华盛顿州政府立法支持，资金安全，2年解除绿卡条件后，即可按个人意愿， 委托经纪人在美国公开市场出售国债收回投资。项目首场三地认购会于7月9日结束，到场投资人对该首个由州政府发行债券来融资的EB-5项目热情度极高，世贸通7月下旬特邀华盛顿州区域中心主席Mike Mattox、亚洲市场及商业发展总监Andrew Lin、销售总监Connor Chen，举办该项目的第二场京、深、青岛三地认购会，全球尊享99名，欢迎预约出席：400-0909-899！,5,4,0.6852896213531494
美众院拟取消绿卡抽签 曾操作失误摆乌龙中新网7月20日电 据美国《世界日报》报道，美国国务院绿卡抽签大乌龙之后，国会众院司法委员会20日将审议取消绿卡抽签办法的法案，预计该案将于众院院会过关。众院曾两度通过取消绿卡抽签法案，但都未能于参院过关。司法委员会主席史密斯是取消绿卡抽签法案的共同提案人。国务院5月1日在网上公布的2012会计年度美国绿卡抽签结果，因内部作业错误而作废。联邦法官艾米。杰克逊(Amy B. Jackson)14日驳回第一轮中签者的诉讼。国务院在次(15)日，公布第二轮所抽出的10万中签者。由于采用的计算机新软件程序错误，第一次抽签90%上的中签者，只选自开始报名的头两天(去年10月5日和6日)。但是实际开放报名时间，是美东夏令时间10月5日中午12时整，至美东夏令时间11月3日中午12时整的30天之久，而每天都有很多人上网报名。国务院发现错误后随即关闭网站。但网站开放的五天当中，已经有大约190万人次访问该网站而获得错误信息。190万人中有2万多上网站查访时，被告知已幸运抽中，却空欢喜一场。(记者：林宝庆),5,7,0.7415964603424072
美妇女自认“猴妈” 与猕猴情同母子(组图)据英国《每日邮报》7月19日报道，37岁的美国伊利诺伊州妇女康妮·蒂比是一位狂热的猴子爱好者。不管是周末逛超市，还是平日里开车下班，她养的5只猕猴都跟随着她。经营着一家宠物店的康妮表示，她跟5只猕猴亲如一家人。“它们就像婴儿一样赖着我。如果有谁欺负我，它们就会尖叫。我就是它们的妈妈，它们很喜欢我。”她为每个猕猴都起了名字，在厨房里给它们换尿布，甚至给它们穿上可爱的小衣服，每周都会给它们洗次澡。她解释说，猴宝宝的一天往往是这样度过的。“每天早晨我都会给它们准备蜂蜜坚果甜甜圈、水果和牛奶。吃完以后它们会依次等我给它们换尿片。等一切做完以后，它们就能自由活动了。它们晚上睡在笼子里的吊床上。”康妮甚至会让其中的一只猕猴跟她睡觉，这只猕猴甚至还有专属睡衣。据悉，康妮的丈夫史蒂夫每次试图接近这些猕猴时，都会被抓伤。康妮说：“我丈夫时常抱怨我给那些猕猴的亲吻和关心比给他的还多。”康妮的两个最小的孩子——13岁的道尔顿和12岁的维多利亚——已经开始习惯妈妈对猕猴的痴迷。但是17岁的大儿子坦纳却不怎么喜欢那些猕猴。按照康妮的说法，“他们都不喜欢对方”。尽管承受着事业，家庭，以及饲养5只猕猴的压力，康妮表示她很满意现在的状态。她说：“饲养猴子是我一直以来的梦想。” (记者：信莲 北风),5,9,0.6941491365432739
五千加沙儿童共绘手印画 打破吉尼斯纪录2011年7月21日，加沙南部城镇甘尤尼斯，联合国难民救济及工程署在当地举办儿童手印画活动。超过5000名儿童在地面画布上用手印作画，创造新的吉尼斯世界纪录。图据国际在线中新网7月21日电 据联合国网站消息，超过5000名加沙儿童当天共同绘制完成了一幅巨型手印画，再次创造了新的吉尼斯世界纪录。这也是在过去三周时间里，加沙儿童打破的第三项世界纪录，此前他们已经打破了最多人同时盘带足球行进的世界纪录以及多人参加降落伞游戏的吉尼斯世界纪录。上述活动都是由近东难民救济工程处组织的2011年加沙儿童夏令营的组成部分。据报道，5000多名当地儿童21日在位于加沙地带南部的汗尤尼斯(Khan Younis)体育场参加了此次手绘画活动；他们同心协力，一起创造了面积达5922.2平方米的这幅巨型画作，超出前世界纪录1000多平方米。尤其值得一提的是，在参加活动的儿童中，有很多是有特殊教育需求的智障儿童。随着以色列对加沙地带的封锁进入第五年，这个夏令营活动也连续第五年举办，并成为当地的一大盛事。去年，有超过25万儿童参加了这一包括体育运动、戏剧和工艺活动在内的夏令营。通过夏令营以及打破吉尼斯纪录等活动，联合国近东难民救济工程处希望人们能够了解加沙儿童的生活状态，同时也为处于被封锁状态下的加沙年轻人提供心理上的慰籍。,5,7,0.534447968006134
“安全”“安心”是吸引学生留日的关键中新网7月26日电 日本新华侨报网日前发表署名评论文章称，日本发生“3·11大地震”当月，大量在日华人留学生暂时返回中国避险。为了吸引留学生，日本政府近期先后推出多项举措。文章称，为打消留学生赴日留学的顾虑，日本政府应该像推广旅游一样，将“安全”、“安心”的理念纳入留学招生的轨道，而且不仅仅是停留在口头上。文章摘编如下：日本发生“3·11大地震”当月，大量在日华人暂时返回中国避险，其中就包括留学生。据不完全统计，当时留在日本的中国留学生数量不及震前的一半。当时又正值日本学校的新学年即将开学，各大学、语言学校不得不采取推延开学日期、暂时同意学生休学申请、接受学生转学申请乃至同意学生退学的无奈之举。地震已经过去四个多月，有媒体报道称“留学生返回日本的形势趋好”，返回学校的留学生人数已经超过九成。事实上，问题远没有得到解决。按照日本学年制度，中国高中毕业生一般都是在毕业当年的10月或者第二年4月进入日本语言学校就读，成功考入日本大学的学生应该是在第二年4月开始新学期。这样算来，真正的“中国留学生荒”大致应该发生在2012年4月开始的新学年。留学生一时的返校状况，并不能代表中国留学生仍旧能够保持原有的留学趋向。为了吸引留学生，日本政府近期先后推出多项举措。首先是修改了外国留学生就业的条件，规定只要是获得了“专门士”即可在日本企业就职；其次，日本各大学纷纷推出更多的优惠政策，如优惠学费、增加留学生奖学金项目及相应金额，等等。但也有分析认为，留学生大量归国是因为这个时代的留学生的留学动机已经转变。在各种关于中国留学生归国的消息中，最多的莫过于“家中父母担心孩子的安全”、“日本的核辐射还没有结束，孩子到日本留学会影响健康”，等等。当前，日本面向中国的诸多宣传中，喊得最多的口号就是“安全、安心”——这是日本旅游行业为了能够让中国游客赴日旅游而提出来的重点。对留学生而言，“安全、安心”同样是非常关键的问题。当今的中国，普通家庭可以较为容易地送孩子出国留学，经济实力已经远非往昔可比，而且现在到日本的中国留学生多为独子，并不是所有留学生都非常看重日本的奖学金，更受学生和家长关注的反而是自身安全和即将获得的学识。一位在日本专门从事留学生教学工作的中国老师刚刚从中国返日，据他介绍，在中国举办的留学说明会确实吸引了不少学生和家长参加，但是家长在现场问得最多的并不是学校实力、留学所需费用，而是“日本现在安全么”、“核辐射的问题解决了么”，等等，最终报名的人数并不太多。由此可见，日本政府应该像推广旅游一样，将“安全”、“安心”的理念纳入留学招生的轨道，而且不仅仅是停留在口头上，更应该落实到实处。日本政府制定的“30万留学生”计划，不是单方面可以完成的庞大计划，需要日本各部门协力合作，这其中就包括目前正集中精力处理核电站事故的原子能安全相关部门。在留学生和家长们看来，只有日本的核辐射问题解决了，才能真正安心踏上东瀛的土地。(记者：张?),5,7,0.48179638385772705
英楼顶建人工湖 游客惬意划船俯瞰伦敦(组图)中新网7月22日电 综合媒体22日报道，为了替新产品造势，厂商在英国伦敦知名百货公司Selfridges屋顶上建造了一座小型人工湖，配备10多艘迷你小船，供人们划船游玩，享受闹中取静的乐趣。据报道，这是自第二次世界大战以来，伦敦知名百货公司Selfridges首次开放屋顶。食品业者为了替新产品造势，不惜花重金打造一个占地400平方米的屋顶人工岛和湖泊。除使用数英里长的钢铁加固屋顶，搬来数千植物、灌入大量染成明亮薄荷绿色的水外，厂商还放入12艘带有迷你桨的小船，一艘船最多承载2人。游客可以坐在船上，一边在碧绿的湖水中划船乘凉，一边俯瞰伦敦高低起伏的建筑景观，别有一番韵味。这个屋顶人工湖甚至专门设有一名救生员，有人不慎从船上跌下水也不用担心。人们在划船之余，还能在现场开设的一个鸡尾酒吧聊天喝酒、试吃新产品，这样的营销活动创意十足，工程难度也很高。尽管整个活动只有短短4天，但从现场民众的反应来看，这一营销创意应该已经给大家留下了深刻印象。,5,9,0.7105648517608643
新西兰出现“鱼坚强” 地震后无食活134天(图)今年2月22日在新西兰克莱斯特彻奇市发生的里氏6.3级地震又出现了两名幸存者，不过并不是人类，而是两条相濡以沫的小金鱼。这两条分别叫莎姬和黛芬妮的金鱼在没有食物、没有换水及过滤装置的情况下活了134天，直到这个月人们才发现了它们。这两条金鱼能活下来一方面是因为放金鱼的水箱体积较大，所以它们能从水箱壁和石头上长的野草获得足够的营养。另一方面自然生长的细菌也帮助净化了水源。,5,9,0.8219938278198242
小猫酷似希特勒被弃养 现苦寻新家(图)中新网7月30日电 英国剑桥郡有一只六周大的可爱小猫被人遗弃在路边，附近的动物收容所人员发现并且收留了它，但是令人意外的是，这只小猫看起来就像是二次世界大战纳粹德国元首希特勒，让工作人员啧啧称奇。据“今日新闻”报道，这只小猫被工作人员命名为琦特勒(Kitler)，它的嘴巴附近有着特殊的黑色胎记，看起来就像是“牙刷式胡子”，此外，小猫的头上也有黑色斑块，神似侧分边的头发，跟希特勒惯有的造型如出一辙。工作人员私下透露，琦特勒活泼爱动、非常的可爱。不过，由于它拥有和希特勒相似的特殊外型，以致于苦苦找不到饲主愿意收养它，“因为它是弃养猫，所以我们无法知道它的品种。虽然找过无数的饲主，但都没有一个人想要带它回家，我们想应该是因为它长得像希特勒让大家害怕。”琦特勒被动物收容所人员发现时，已经濒临死亡，所幸之后顺利的捡回一条小命，英国《每日邮报》报导时，更刊登出收养这只小猫的联络方式，希望替它找到一个新的家。,5,9,0.9168140292167664
欧盟驻华大使：欧盟移民政策暂不会改变(图)新快报讯  为了悼念爆炸和枪击事件中的死难者，挪威驻广州总领馆于7月26日和27日设立悼念册，除了省外办领导和大约20个其他国家的驻穗领馆之外，还有不少广州市民通过悼念册寄托哀思。挪威驻广州总领事安佩得表示，所有悼念册都将寄回挪威，让挪威人民感受到来自广州的鼓励和慰问的力量。“在惨剧发生约五六分钟之后，挪威的同事就通知了我。”在回忆起获悉消息的那一刻时，安佩得至今记忆犹新，“我在这之后开始跟进事件。”对于欧盟是否会因为此事而加强安全防范，进而影响到其移民政策，欧盟驻华大使艾德和对新快报记者表示，在调查结果都没有出来之前，欧盟的相关政策不会发生任何改变。(记者：侯鹏飞),5,7,0.37142297625541687
美国艺术家用气球折出世界名画(组图)中新网8月3日电 据外媒2日报道，名画自古以来就有不少复制品，但是用气球再造名画可不常见。而纽约艺术家拉里•莫斯用不同形状的气球创作出别具风格的名画复制品。虽然不像名画一样价值连城，但拉里的一幅大型气球创作也价值数十万美元。除了画作，拉里还曾用10万个气球建造了一间1万平方英尺的鬼屋。拉里称他喜欢将名作用其他有趣的方式重塑出来，让这些经典名作少点庄重感。“我喜欢用普通的材料创作，气球就是个不错的选择。只要使用得当，什么都能成为艺术。铅笔、油漆、黏土都可以。”拉里说，“对于很多人来说气球只是一个玩具，是个一放手就上天的玩意儿。但是在我手中，人们会看到气球的其他用途。”就像《飞屋环游记》里卡尔爷爷的飞翔屋一样，拉里的气球就是他探索世界的工具。他说：“我的气球作品在世界各地展出。人们看见我的作品总会会心一笑。小熊维尼说过：‘有了气球就开心了。’气球会爆掉，但是愉快的记忆永存。”,5,9,0.8441170454025269
美司法部告阿州 斥其越权干预移民体制中新网8月3日电 据美国《世界日报》援引美联社报道，美国联邦司法部1日对被称为H.B.56的阿拉巴马州新移民法提出诉讼，企图阻止这项由该州州长班特利6月签署的法案在9月1日生效。阿拉巴马州的移民法被认为是美国最严苛的取缔非法移民法，民权团体在7月已对此法另外提出诉讼。H.B.56规定公校在学生注册时，需检查学生的出生证明，或宣誓证词，来确定学生的合法居留身份。阿拉巴马州教育厅长拜斯1日说，该州的移民法并不禁止任何儿童，包括非法移民子女，就读公校，州官员通知地区学校，此法只要求公校确定学生的移民身份，做为纪录。在9月1日后注册的没有出生证明的儿童，仍可上学，他们的家长将经过其它步骤，来证明子女的移民身份。司法部的诉状中说，如果让H.B. 56生效，其执法计划将会对联邦政府移民执法的优先次序和目标，产生冲突及损害，“此计划将造成有证访客、移民、没有或未携带此法规定身份证明的公民，或其它被列入取缔范围的人，被拘留或骚扰”。司法部也强调，联邦法阻止州实行其自己的移民计划，和干预联邦移民体制。司法部长霍尔德在一项声明中说：“制定移民政策和执行移民法，是国家的责任，不能用零散的各州移民法来处理。”除了阿拉巴马州之外，乔治亚、亚利桑纳、犹他和印地安纳州的新移民法都被告入联邦法院，司法部去年成功地阻止亚利桑纳州执行严格的移民法条款。除了确定学生的移民身份，H.B. 56还规定警察可以在拦检中拘留无适当证件的疑似非法移民、知情载送和收留非法移民为犯罪、知情雇用非法移民的企业的营业执照可能被停用或吊销，和企业需使用“电子身份认证系统”(E-Verify)来确认新雇人员的移民身份。,5,7,0.5399979948997498
菲律宾移民局拟将实施防伪签证贴纸方案中新网8月4日电 据菲律宾《商报》报道，菲律宾移民局正计划实施防伪签证贴纸方案。移民局在一份声明中表示，这是为了预防移民局的延签被造假。移民局长沓密表示，新方案是为了阻止伪造移民局盖章及增加政府收入。沓密表示，一旦落实新方案，伪造盖章将成为过去。他补充，新防伪贴纸具有诈骗集团无法复制的特征。沓密说：“防伪签证贴纸将会阻止专为外国游客伪造延签盖章的说项者和诈骗集团的活动。”移民局亦表示，新签证贴纸可助移民局提升签证收入。沓密表示，当局目前正在拟定该方案的规则。移民局即将于总部和各地区办公室即将推出这新签证贴纸。,5,7,0.8388590216636658
西班牙人口出生率低迷 移民成重要平衡力量中新网8月4日电 据西班牙《欧华报》援引《世界报》报道，近日，萨帕特罗政府宣布将大选提前至11月20日，两个主要政党在8月1日宣布进入首相竞选备战状态。双方的竞选团队8月份将不休息，相反，充分利用8月份进行宣传。对于PP人民党来说，对移民进行控制是一项主要政策。但是有专家提醒，移民已经成为西班牙人口平衡的重要力量。因为西班牙人的出生率在下降，如果对严苛移民，将把西班牙进入“老龄化”社会的时间提前。西班牙国家统计局最新发布的数据显示，西班牙的人口正在减少，今年上半年西班牙人口总数下降了2.7万多人。有分析认为，这折射出持续低迷的西班牙经济正在对其社会人口结构产生深远影响。西班牙与非洲大陆仅仅相隔一个窄窄的直布罗陀海峡，长期以来，西班牙一直是非洲尤其是撒哈拉以南非洲移民进入欧盟的主要门户。而对于说西班牙语的拉美移民来说，西班牙更是其移居海外的首选地。此外，相对于欧盟其他一些成员国，西班牙的移民环境也较为宽松。由于上述原因，西班牙吸引了大量来自世界各地的移民。据统计，在本世纪的第一个10年，西班牙的年均移入人口数量位居世界第二，仅次于美国。大量移民的涌入带来了充足的劳动力，是西班牙从上世纪90年代中期开始到国际金融危机爆发期间经济实现持续稳定增长的重要因素。但自2008年国际金融危机爆发以来，随着经济形势的不断恶化，就业逐渐成为西班牙的社会难题，对外来移民更是如此。截至2010年底，尽管西班牙的移入人口仍在继续增加，但增幅逐渐下降。与此同时，西班牙的移出人口不断增加，并且已超过移入人口。统计数据显示，今年上半年约有2.71万西班牙人选择移民国外，同比增长23%。值得注意的是，移民国外的西班牙人中，有许多是受过高等教育的年轻人，这一现象已经引起西班牙政府的重视。巴塞罗那自治大学社会学教授安东尼奥认为，对于西班牙经济发展来说这是个障碍。另外，舆论还认为，移民的减少可能加剧西班牙的老龄化。西班牙的生育率在经合组织成员中是比较低的，平均每个妇女生育不足两个孩子，而现在西班牙约20%新生婴儿来自移民家庭。西班牙国家统计局发布的数据还表明，在经历了2009年之前连续10年的增长后，由于育龄妇女人数的减少，西班牙2010年的出生率已降至2003年的水平。分析人士指出，如果移民人口持续减少，将对西班牙的人口结构和可持续发展造成一定的负面影响。,5,7,0.6056383848190308
大马非法外劳漂白计划实施一周逾24万人登记中新网8月6日电 据新加坡《联合早报》报道，马来西亚非法外劳漂白计划自8月1日开始以来，至今已有24万5376名非法外劳进行登记。马来西亚内政部副秘书长阿威说，根据统计，雪兰莪州是非法外劳登记人数最多的州属，共有79855名非法外劳登记，其次依序是吉隆坡54041人，以及柔佛有31060名非法外劳登记。阿威指出，这些外劳都是通过全马各地197个移民局办事处设立的1934个服务柜台和336间外劳仲介公司进行登记。非法外劳漂白计划将进行至本月尾，以解决马来西亚大量非法外劳的问题。马来西亚保守估计约有200万名非法外劳。,5,7,0.7448734641075134
美元债务上限为EB-5投资移民带来诸多良机对于美国投资移民申请人而言，美国经济的发展状况以及美元指数的走势，尤其近期关于美元的债务上限以及信用评级的相关讯息，是他们最为关注的内容。美国当地时间8月1日，美国众议院以269票赞成和161票反对，最终通过了债务上限协议，该协议将上调政府借债上限额度2.1万亿美元，以消除美国债务违约风险。在7月中旬，标普向外界发出预警信号，表示重新评定美国国债级别，而种种迹象表明，即便美国摆脱了违约风险，但是，信用评级可能同样会被降级，也会导致美元指数的下降，以及美元的贬值。美元贬值，对于EB-5申请人而言，50万美金的换汇成本将会大大降低，但是，许多申请人不仅仅关注的是换汇成本的高低，更重要的是，在动荡的美国经济、金融形势下，自己投资的相关项目是否能够顺利运行，最终获得永久身份，并且成功回收50万美金的投资款。对此，迈斯林的专家认为，美国是世界上最大的债务国家，从建国开始到现在，一直靠着债务来发展本国经济，不断印钞，借新债支付旧债的方式始终在促进美国的发展进程中具有积极的促进作用。另外，从长期角度看来，此次调整债务上限，这使得美国不会出现债务违约，即便是被标普，穆迪、惠誉等知名国际评级公司下调债务评级，但是，这对于美国整个国家的实体经济影响不大，同样，对于申请人而言， 成功申请EB-5项目的关键在于：在专业的代理公司的指引下，选择合理的投资项目。迈斯林移民集团的专家同时认为，当前美国政府只是因为债务上限提高而暂时缓解债务和信用危机，毕竟，促进美国经济平稳发展的主要动因还是本国的实体经济尤其是本国的就业率，因此，发展本国经济、增加税收，解决失业率是摆在美国政府面前的一大重点，也即将成为2012年总统大选的重要话题。同时，毋庸置疑，EB-5投资移民在美国的经济发展中扮演着重要的角色，因此，迈斯林的专家提醒广大申请人：尽管美国提高债务上限对于全球经济产生极深的影响，甚至消极成分较多，但是，对于本国的经济发展，则是一个重要的促进作用，对于申请人而言，则是一个大好的机遇。对于美元一旦信用评级下调可能导致汇率下跌的话题，迈斯林的专家特别提醒广大申请人：人民币并没有完全与美元脱钩，因为，中国作为美国最大的债权国，在世界上所有国家中，受到美元贬值的冲击是最大的，因此，人民汇率在屡创历史新高的同时，也在时刻紧盯美元，随时降低调整汇价，间接抬高美元。所以，申请人绝对不能放松警惕，应该及时递交EB-5申请。同时，根据美国相关信息显示，美国公民及移民服务局将对EB-5的审理程序进行重大改革，主要包括“15个工作日快速审理服务”，“成立特别小组，与区域中心的投资移民申请人联络”，“成立决策董事会以裁决区域中心”等相关内容，旨在缩短申请以及审核周期，提高EB-5移民项目的运行效率。因此，迈斯林的专家提醒广大申请人：美元的债务上限，为EB-5投资移民提供了诸多良机，应该抓紧时间，及早递交申请，获得成功！具体内容，请咨询迈斯林各地移民专家热线。迈斯林移民集团专业办理投资移民，愿为您提供专业、诚信的移民咨询和操作服务！,5,1,0.8723493218421936
美海豚断尾后接仿生尾鳍 将拍电影讲传奇(组图)中新网8月8日电 据外媒8日报道，美国佛罗里达州一只名叫“温特”的海豚的故事在当地早已家喻户晓。5年前，这条小海豚在仅2个月大时不小心掉进了捕蟹笼导致尾鳍断裂，人们为救活它不得已对它进行截肢。“温特”没有了尾鳍就没办法存活，所以后来人们为它装上了树脂和硅制成的仿生尾巴，在经过了长时间的适应后，温特活了下来。后来，温特甚至能做出后空翻、拍水等让人惊叹的动作。温特的故事体现出的温情与人和动物之间的关爱感动了不少人。不少残疾儿童都来看过温特，并从温特的身上获得了勇气。12岁的小女孩汉娜•杰金斯失去了左手和左前臂，她说温特给了她活下去的力量。今年，温特即将成为电影明星出演它自己的故事。著名演员摩根•弗里曼、以及哈利•小考尼克和阿西莉•贾德也将参演电影。整部电影主要讲述了温特的仿生尾在制造过程中遇到的种种艰难，以及温特如何适应这条仿生尾，过上正常生活的故事。此片的导演是查尔斯•马丁•史密斯，影片将在今年秋天以3D形式在英国首映。,5,9,0.9876032471656799
国青队员无法留学葡萄牙 多数家长持谨慎态度本报讯(记者孙永军)9名国青队员因各种原因无法留学葡萄牙。对此，多数家长持谨慎态度，“去葡萄牙后的不确定性太多”。 此前，足协公布的葡萄牙留洋名单中有29人，最终鲁能(官方微博)8名球员及北京三高的王上源从名单中被划掉。据足协官员介绍，鲁能球员不留洋主要因为山东体育局希望队员全力备战全运会。有两位家长对此很气愤，他们昨天说：“足协免费送孩子到葡萄牙这种足球发展更好的国家锻炼，是好事，但现在不让去了。” 不过，多数家长认为，去不去没有太大关系。一位家长的观点较有代表性：“足协送球员出去是好事，但出去之后，孩子能打多少比赛，是否得到教练重视都有不可预见性。譬如此前去法国的三个队员，语言不通，打不上比赛，得不到重视，等于荒废了半年。如果本土俱乐部系统训练，同时有外国青训专家带队，还有很多比赛可打，我们觉得出不出去两可。”,5,0,0.9205607771873474
15岁香港留学生将撑划艇挑战安大略湖(组图) 中新网8月17日电 据加拿大(微博)《世界日报》报道，15岁的香港留学生Michael Fung与他的教练Billy Lui，将于16日从尼加拉湖畔小镇下水，撑双人划艇跨越安大略湖，他们计划于17日晚抵达多伦多。该活动由丘陵领袖协会(Monticle Leadership Association)主办，目的是锻炼年轻人的实际生活技能，开阔眼界，并发掘他们的潜能，进一步培养成为全方位、多技能的未来领袖。培训期间，他们由教练带领，首先在课堂中学习预备知识，之后进入水上训练，从中挑选出优秀的学员，完成跨越安大略湖的探险之旅。来自香港的15岁留学生Michael Fung在培训期间表现优异，被选为学生代表，将与教练Billy Lui一道，16日从尼加拉湖畔镇(Niagara On-the-Lake)出发，撑双人划艇(Kayak)跨越50公里水域。这对他们的精神和体力都将是巨大的挑战，然而成功的希望就在彼岸。师徒二人将于明晚抵达多伦多的樱桃沙滩(Cherry Beach)。,5,9,0.4719995856285095
美移民执法严惩雇主 非法移民处境更艰难中新网8月17日电 据美国《世界日报》综合报道，奥巴马政府2009年开始改弦更张，不采取布什总统时代“突检职场遣返非法移民”的做法，而代之以“加强稽核、严惩雇用非法移民雇主”措施。华尔街日报15日指出，支持与反对移民改革人士现在都抨击这个做法。维权人士称，这个政策迫使非法移民(微博)转入地下，更深一层地被剥削；支持这项措施者则批评效果不彰。移民稽核措施规定雇主向联邦探员交出雇用纪录，如发现支薪者中有非法移民，探员悄悄放走非法移民，不加惩罚，但严惩公司。稽核行动由联邦移民及海关执法局(ICE)执行。维护移民权益人士起初称赞这个做法很人道，取消了“霸道的遣返突检”。但维护移民权益人士、工会和公司表示，他们现在更加看清，这个政策迫使非法移民进一步转入地下，情况更惨。非法移民如今不能再上公司的支薪名册，只能被迫打零工，收入更少，失去福利，而且被不肖雇主剥削，压低工资。联邦、州和地方政府也损失税收。反对给予非法移民特赦的国会众议员史密斯(Lamar Smith，共和党，德州)则抨击稽核措施没有效用，因为查到的非法移民未被遣返。这位司法委员会主席说，这代表非法移民可以沿街走到下一个公司找工作，抢走可以给予失业的合法工人的工作。许多雇主抱怨欧巴马政府让他们找不到移民工人，也不展开移民改革，让他们无法获得稳定的外国劳工。雇主表示，即使经济衰退，许多美国工人仍拒绝做移民愿意做的工作。这个措施是国会议员要求加强执行移民法的结果，以便他们有时间研拟全盘的移民改革。它的影响明显反映在明尼苏达州境内墨西哥移民的身上，他们大量失去原先的稳定工作，被迫打零工。洛杉矶“美国成衣公司”(American Apparel)的遭遇也很有代表性。ICE只发出一纸通知，要求调阅员工雇用纪录，这家公司就有约1500名工人离职，折损四分之一以上的生产力，公司还被罚款3万5000元。,5,7,0.6422856450080872
法国大学生新学年开支将上涨至少4％新华网巴黎8月22日电(记者江珍妮)法国(微博)两个最大的大学生组织法国大学生联盟和大学生协会联合会22日分别说，2011年法国大学生新学年开支将至少上涨4%，涨幅是居民消费指数的2倍。据法国媒体报道，法国大学生联盟主席埃马纽埃尔·宰穆尔22日召开新闻发布会说，这主要是因房租价格和政府规定的必缴费用上涨所致。法国大学生联盟提供的数据显示，2011年新学年，巴黎地区私人房租上涨达8.9%，外省私人房租上涨1.9%。入学注册费、学生社会保险费用、大学生食堂餐券等政府规定必缴费用则上涨了4.4%。另据大学生协会联合会估算，2011年新学年大巴黎地区大学生平均每人将花费2657.3欧元(约合2.4万元人民币)，外省大学生将平均每人花费2265.8欧元(约合2.1万元人民币)，比去年上涨4.2%。据悉，自2006年以来，大学生新学年必缴费用已上涨33.2%，而同期支付给学生的社会补助则只提高了13%。,5,7,0.45843496918678284
美攀岩爱好者飞檐走壁 徒手征服10座峭壁据外媒22日报道，要说世界上攀岩爱好者中的“牛人”，美国(微博)小伙亚历克斯·哈诺德可称得上是其中一个。今年26岁的哈诺德是攀岩老手，在没有绳索的帮助下，他攀爬了大半个地球的陡峭高峰。西起加州的约塞米蒂国家公园中著名的酋长岩，东至东南亚的最高峰神山，都留下了他的脚印。“攀登在世界各地是对当地文化的探索，这就是攀岩的真谛。”哈诺德说。哈诺德攀岩技巧相当高超，用飞檐走壁来形容一点儿也不过分。普通人攀爬酋长岩往往需要一两天，哈诺德不到3个小时就能到顶。作为一个专业攀岩家，哈诺德说当踏上峭壁的那一刻，所有恐惧就烟消云散。“当一切顺利时，你不会觉得害怕。这只是你正在做的事情。当然，攀爬的过程中有不少时候你都会怀疑自己，那个时候就要排除杂念，一心向前。”哈诺德说，“攀岩是一个过程，永不止步是最好的诠释。”尽管哈诺德已经征服了10座峭壁，勇夺“最无畏攀岩者”的称号，但他仍旧保持着低调谦虚的神态：“我从来没觉得自己是攀岩明星，或是认为我名气大。因为别人没有攀岩过也不会去，所以才觉得我不可思议。”,5,9,0.47127461433410645
中信银行留学生信用卡全新升级上市(图)2011年8月24日，中信银行信用卡中心在北京宣布其产品系列中主打出国留学分支业务的中信银行留学生信用卡正式升级上市。升级后的留学生信用卡拥有一整套系统的、全方位出国留学金融解决方案，此举标志着中信信用卡在留学服务分支领域树立起新的行业里程碑。中信银行留学生信用卡主要面向有出国留学需要的家庭发行，也适合商务出国、旅游、探亲的客户群。此卡整合了留学咨询、旅行社、Visa境外消费等资源，在功能设计上满足了出国前、出国中以及回国后各个时期的客户需求，为留学生提供包括留学咨询、语言培训、机票购买、签证、境外接机及至航空延误、意外医疗保险等一站式关怀服务：l 出国前——中信银行信用卡与必益教育、澳德华等权威留学中介机构合作，持卡人可以享受在留学咨询、语言考试报名、出国签证、海外夏令营课程申请等服务方面得到专享的优惠服务；l 出国中——在办理出国手续阶段，持卡人可以享受留学生信用卡合作方VISA国际卡组织提供的部分国家的快签服务、便捷的国际汇款服务、全球失卡紧急救援。还可享受境外接机、意外入院医疗保险、航班延误保险、境外语言翻译等增值服务；l 出国后——中信银行留学生信用卡可以实现境外外币消费，境内人民币还款。即境外交易统一用人民币入账，减少单一外币结算的汇兑成本。此外，中信银行留学生信用卡还有效解决了年龄不满18岁无法独立申请信用卡的问题。只要子女年满15岁，父母即可办理主卡，子女使用附属卡。父母还可根据需要对子女的附属卡额度进行灵活调控，每月可以定期收到对账单，及时了解子女海外消费情况。中信银行信用卡中心总裁助理吕天贵在发布会上表示：“近年来，随着中国富裕家庭的增多以及留学政策利好的影响，留学市场呈逐年上升趋势，拥有巨大的市场潜力。面对留学金融需求的增涨，我们根据多年来积累的丰富经验以及对于留学生这一独特市场需求的深入研究，本次正式推出全新升级的中信银行留学生信用卡。我们希望将“安全、出行、生活三大关怀”带给每一位中信留学生信用卡的持卡人，为数以万计的留学生家庭带去一份贴心关怀。”中信银行在出国金融服务方面一直处于行业领先地位。针对我国每年大量的出国人员办理签证以及外汇业务的需求，中信银行总行零售部设计并开发了一系列特色的金融产品，为出国人员提供优质、便利的“一站式” 出国金融服务，自1998 年开始至今已为数以万计的出国客户服务，形成了“要出国，找中信”的良好口碑。特别是在美国使馆签证代理业务和新西兰留学汇款专用账户等方面处于业内垄断地位，拥有庞大的市场和客户基础。中信银行总行零售部总经理助理王剑也表示：“中信银行的出国金融业务在行业处于领先水平，我们主打金融业务的借记卡‘回卡’深受客户的好评。此次升级中信银行留学生信用卡无疑在功能上完成了优势互补，进一步满足了市场需求，我们将逐步打造‘一个品牌，两个产品’的品牌战略格局，全面提升中信银行在留学生服务领域的行业竞争力。”Visa国际组织中国区副总经理杨文明发布会上表示：“Visa的分析报告显示，目前中国跨境网上交易呈快速发展的势头，其中，海外留学是主要境外网上交易的人群，教育类支付更是占整个网络支付的30%，拥有巨大的市场潜力。Visa在全球给所有Visa持卡人提供紧急补卡和现金支援等服务，我们相信中信Visa留学生信用卡会带给海外求学的莘莘学子最贴心、最便捷的金融服务保障。”在发布会上，中信信用卡客户于女士向记者说道：“我的孩子正在申请美国的一所学校。我们发现留学之路上的确存在种种难题，例如境外消费与还款的便捷性、安全性，保函、签证的申请以及如何获得优惠的留学咨询服务等等。因为我一直是中信银行白金信用卡持卡人，当客服人员向我介绍这款新的产品时，我认为它的确可以帮助我们解决目前面临的问题。”为尽快推动留学生信用卡走向市场，中信银行信用卡中心还在2011年9月初至10月31开展开卡促动活动。活动期间，申请中信VISA留学生信用卡的持卡人激活卡片并刷卡消费一次，即可获得U盘或兔斯基毛毯一个。此外，中信Visa持卡人在美国商户累计刷卡满500美元以上，还有机会获得精美礼品。,5,1,0.9156002998352051
跟随《哈利波特》 踏上伦敦留学魔法之旅在全球“哈迷”的追捧下，史上最卖座的系列电影“哈利•波特”大结局《哈利•波特与死圣(下)》7月15日北美首映日当天大放异彩，不仅刷新北美单日和周末票房最高记录，更是缔造了全球首映票房最佳成绩，创下电影史上一个票房神话。从2001年到2011年的十年，哈利波特系列电影和书籍陪伴着许多学生走过了大半个学生时代，而随着哈利波特系列电影的完结篇即将在国内上映，国内“哈迷们”的心情是非常复杂的，喜忧参半。施强留学专家号召哈迷们，今年夏天看完哈7后一起念闪回咒“Prior Incantato”，踏上去往英国伦敦的留学(微博)魔法之旅吧！初级魔法师：高中魔法课堂：哈罗公学《哈利波特与魔法石》场景再现哈迷们肯定还记得哈利波特初到霍格沃兹魔法学校的这堂课，这间教室取景于哈罗公学办公楼第四教室(Fourth Form Room)，是英国保存最为完好的十七世纪校舍。哈罗公学(Harrow School)  建立时间：1572               地理位置：英格兰大伦敦哈罗区学校类型：私立寄宿制男子中学 入学时间：每年9月    所授课程：GCSE，A-level学校概况：                                                                  哈罗公学(Harrow School)是英国著名的独立学校之一，同时也是英国少数几个仍然维持只收男生的寄宿学校。该校杰出校友包括皮尔、帕默斯顿、邱吉尔等多位前英国首相、诗人拜伦、剧作家谢里丹、诺贝尔物理学奖得主瑞利、还有工商法律医学界及各行各业精英。课程设置：                                                               本校沿用英国学制，分别为中五及中七同学提供GCSE及A－Level课程。从GCSE升上A-Level的学生合格率为50%。该校学生A-Level 考试成绩中，93.9% 的学生得A或B，GCSE 考试成绩的通过率为100%，其中84.4% 的学生得A或B。在教学成绩方面，哈罗公学吸引了顶尖的优秀学生就读，该校学生在大学入学考试都能得到很好的成绩，从哈罗毕业的学生进入牛津、剑桥大学或美国著名大学的人数很多。入学要求：海外学生英文成绩要达到学校要求的标准招生对象：13岁入学或16岁入学，成绩优异并具才华的男生13岁入学：学生需要于入学2年前提出申请。16岁入学：学生就读A-Level课程，需要于入学12个月前提出申请。中级魔法师：本科1.魔法校园：牛津大学《哈利波特》系列电影之魔法餐厅、图书馆牛津大学的基督教会学院(Christ Church College)及Bodleian图书馆是霍格华兹魔法学校的主要拍摄场景。哈利波特电影里那个神奇餐厅，站在狭窄的长条桌子之间，闻着远处飘来的香味，看着墙上挂着的该院最牛毕业生的肖像，仿佛自己也来到了哈利波特的魔法学校。牛津大学经典的文化符号波德林图书馆在哈利波特系列的三部电影中都曾出现。中世纪汉弗雷的图书馆在影片中化身霍格沃兹图书馆，而雄伟大气的拱顶神学院则成为霍格沃兹医院。这久经岁月沉浮的图书馆中，曾留下奥斯卡•王尔德、C.S。路易斯、J.R.R。托尔金埋首苦读的身影，不妨追随他们的脚步穿行于此，感受这学府圣地的厚重底蕴。院校介绍牛津大学(University of Oxford)，建校于1167年。位于英国的牛津大学具有世界声誉，它在英国社会和高等教育系统中具有极其重要的地位，有着世界性的影响。英国和世界很多的青年学子们都以进牛津大学深造作为理想。在数学、计算机科学、物理、生物学、医学等领域，它都名列英国乃至世界前茅。近些年来，牛津不仅在文科而且在理科、不仅在基础科学而且在应用科学研究中都取得了举世瞩目的成就。优势专业：工程学、社会科学、数学、中世纪及现代语言、法律、哲学、语言等人文科学、生物学、化学、自然科学语言要求：雅思7.0分或托福600分2.哈利波特系列小说研究：杜伦大学名校为哈迷们开设选修课 兴趣与知识并获哈利波特系列小说(Harry Potter)的影响力已渗透到生活的各个角落。近来，施强留学专家了解到，英国杜伦大学(Durham University)决定开设全英第一个专门研究哈利波特世界的课程。杜伦大学的课程将以JK罗琳(JK Rowling)撰写的哈利波特故事做背景，研究现代社会中的歧视、公民身份以及欺凌现象等题目。哈利波特及幻觉时代(Harry Potter and the Age of Illusion)被作为杜伦大学教育学学位的一门选修课，将于明年正式开启。目前已有80位本科学生报名选修这门课程。院校介绍杜伦大学成立于1832年，是一所由12个学院和2个社团组成的联合大学，是英格兰最早创立的第三所大学。2011年最新TIMES英国大学综合排名中，杜伦大学紧随LSE之后排名全英第六位，足见其教学与科研实力。杜伦大学在《大学完全指南》最新发布的2011年英国大学排行榜上位列第四名，仅次于牛津大学、剑桥大学、和伦敦帝国理工学院。优势专业：法律、MBA、生物工程类、教育类、计算机科学、金融、经济学、理科学、商科类、新闻传播、信息科学、语言语言要求：雅思6.5分或托福550分，机考213分高级魔法师：硕士魔法制造者，缔造新的魔法传说英国作为《哈利波特》的发源地，已有越来越多的电影人意识到现代科技对现代电影所产生的巨大影响，英国高校同时也致力于电影电视艺术与现代科技的融合，以培养出更多的资深电影制作人。1.英国桑德兰大学：3D设计文科硕士相关课程还有：动画设计文科硕士、插图和设计文科硕士、动画设计文科硕士、媒体产品(电视与录像)文科硕士。专业领域：创造性艺术，设计与传媒学课程层次：硕士学位课程(授课类)学制：1学年入学时间： 9月 专业描述：课程将指导学生尽可能全面的对三维设计技术和应用进行研究。三维设计实际上涵盖了各个方面的设计，课程将保证最高水平的教学质量，让学生在理论和实践上都可以得到专业的教育。学校提供给学生最先进的与其它大学不同的三维设计项目和实现方法。就业方向：在完成这个课程后，学生将有能力在国际先进水平的创意产业公司内工作。该类型的职业包括：建筑的内部空间设计、产业设计、产品设计、家具设计和展览设计，以及模型、戏剧道具和银器珠宝的设计等。本学位也拥有进一步深造的潜力。学历要求：3D设计或工业设计等相关专业二级甲等荣誉学士学位；面试时需提供相关作品。语言要求： 雅思考试6分或托福成绩550分，机考213分2.英国约克大学：视频或音效后期制作文学硕士/理学硕士 专业领域：创造性艺术，设计与传媒学课程层次： 硕士学位课程(授课类)学制：1学年入学时间：10月专业描述：本专业内容涵盖目前传媒领域图像和音效制作的最新理论、研究方法、技术。课程模块把科学技术与创造力、艺术判断力、创意的学习培养结合起来，目标是使学生掌握全面扎实的专业知识同时具备应对迅速变化的技术环境的敏锐反应能力。本专业不仅使学生获得图像或声音后期制作领域的专业知识，而且学生可以选择专业方向：应用方向的文科硕士(MA)，和后期制作技术研究的理学硕士(MSc)。本专业的毕业生可以是具备技术的应用型人才，也可以是对创意过程了解的技术型人才。就业方向：通过本课程的学习，学生可以从事电影视觉效果监制、电脑游戏的音效设计、独立的电影导演、多媒体专家、声效咨询者、录用工程师，或就职于相关的科研机构。学历要求：学士学位，平均分80或80以上语言要求：雅思6.5分或托福600分、机考250分、网考100分3.英国伦敦大学学院：视觉成像与虚拟环境理科硕士专业领域：信息技术学课程层次：硕士学位课程(授课类)学制：1学年入学时间：9月专业描述：本硕士课程提供计算机制图、虚拟现实、机器视觉与成像技术方面的培训，由世界顶尖技术专家授课。图形、视觉与成像这三个领域相互汇集并且彼此间呈现日益倚赖的趋势。这门独特而又符合时宜的课程使学生在攻读某一专业的同时还能获得其它领域基本知识的传授。此专业优秀的毕业生在计算机制图与特殊技能、医疗成像、机器人技术、电视与电影、游戏、视觉工程学、图像与视频资料库、监视以及其它许多相关领域的工作表现出色。就业方向：该专业的毕业生可以在计算机制图与特殊技能、医疗成像、机器人技术、电视与电影、游戏、视觉工程学、图像与视频资料库、监视以及其它许多相关领域就业。学历要求：相关学科二级甲等荣誉学士学位，数学成绩为A。语言要求：雅思7分，单项不低于6.0分；托福笔考600分(写作4分)；机考250分(写作5分)；网考100分(阅读20，写作30，听力24分，口语30分)。对于留学有任何疑问，欢迎拨打全国咨询热线400-018-0008，或登陆权威留学网站。更多留学活动，尽请关注施强留学官方微博。,5,2,0.7908782958984375
留学生徒步横穿美国：多次遇险 点火吓走熊(组图)中新网9月2日电 据美国《侨报》报道，中国留学(微博)生王玄经过将近3个月徒步旅行终于横穿美国，31日抵达南加州的棕榈泉，预计9月3日将抵达洛杉矶终点站，完成他横穿美国大陆的梦想旅程。他坦诚表示，尽管一路上遇到很多困难，甚至多次遭遇险境，但同时也为自己创造了机会。王玄和另外两名志愿者侯李睿和陈良游于6月8日开始旅程，徒步穿越了美国大陆13个州，8月31日终于到达了棕榈泉。王玄在接受记者采访时说，现在他们距离洛杉矶只有100英里，预计在星期六抵达洛杉矶。挑战身体极限 徒步旅行遭遇夏季高温王玄说，他平均每天要走或者跑35英里，一开始时不适应，因此脚上长泡，后来才慢慢适应。夏季美国中部的气温很高，在亚利桑那州时，当地气温高达120多度，给身体带来挑战。在过去的3个月里他被晒得黝黑，甚至被晒到脱皮。开始旅行前购买的非常贴身的运动衣现在穿上也变得很松垮，但是感觉结实多了。美国人家借宿 搭帐篷过夜王玄这次横穿美国的旅行到目前为止已经花费了1万元。他们在路途中筹到了3000元，其他费用都自己承担，他希望抵达洛杉矶后能够筹集到更多捐款。为了节省开支，一路上他们四处找美国当地人家借宿。他说：“我们有的时候在沙漠里行进，没有网络，平时就找当地邻家，搭帐篷过夜。有一半的人比较友好，很愿意帮助我们，也有一半的人不熟悉我们，因此不愿意提供服务，所以我们要挨家挨户去问。”多次遇险 点火吓走熊王玄和两名志愿者在路途上要穿过山区和沙漠，一路上他们遭遇很多险境，但都安然无恙。让他印象深刻的一次是在新墨西哥州的一户人家搭帐篷过夜的时候遇上了熊。他说：“这户人家的主人警告我们说，当地有很多熊。晚上，我们发现帐篷周围出现了很多鹿，过一会儿又出现了一只熊，我们很害怕，还好准备有汽油，最后点着了火才把熊吓跑了。”与本土美国人交流 旅途中创造机会王玄坦诚地说，一路上他们遇到很多挑战，比预料的还要困难，但是都很值得。他们获得了非常珍贵的和美国人沟通的机会，了解了真实的美国，也获得了很多美国人的鼓励。同时他还给自己未来创造了机会，认识了很多人。有人甚至邀请他一起做生意，有的给他提供工作机会。在旅途中他还办了一个中文网站，3个月时间里已经发展了四、五百个会员。(记者：夏嘉),5,9,0.5153983235359192
智利艺术家手绘3D铅笔画 栩栩如生网上大热据英国《每日邮报》9月6日报道，智利艺术家弗拉迪米尔 伊诺斯特罗萨近来以一系列形态逼真的手绘3D铅笔画在网上受到追捧，并且他还有意在线下推广他的艺术作品。伊诺斯特罗萨现年20岁，笔名为弗雷多，在一个偶然的机会获得了创作3D铅笔画的灵感。当时伊诺斯特罗萨正躺在床上用铅笔在纸上画蝴蝶，一不小心将画画到纸张外面。心中颇为懊恼的他仔细地对作品看了又看，突然发现“画坏”的蝴蝶有展翅欲飞的架势，灵感来了的伊诺斯特罗萨急忙拿着炭笔又在画上添了几笔阴影，然后拍照留念。自此以后，他就开始了创作3D铅笔画的艺术生涯。业内人士认为，伊诺斯特罗萨的画法与英国(微博)3D艺术家朱利安 比弗的画法很相似。伊诺斯特罗萨的博客现在已经成了网上的大热门，“脸谱”账号也吸引了数千名粉丝，更有众多的网页自发宣传他的作品。,5,9,0.393176406621933
意大利检察官提议取消“非欧盟国家移民”称呼中新网9月8日电 据意大利欧联通讯社报道，近日，意大利萨沃纳地区首席检察官格拉内罗提议所有与检察院有合作关系的司法警察机构不要再使用“非欧盟国家移民”的称呼，他认为这些机构递交给检察院的有关犯罪指控、举报及其它文件中对移民(微博)的称呼应该使用“外国公民”这个词语。格拉内罗检察官解释说，“非欧盟国家移民”这个词语具有消极的含义，令我感到很不愉快，因此我提议这些机构使用“外国公民”这个词语，同时也与“意大利公民”这个词语相对应。对此提议表示赞同的还有国家司法协会利古里亚地区主席弗朗西斯平托，他表示，欧洲法院已多次强调取消含有歧视性的词汇，随着时间的流逝，从术语的角度看，我也认为“非欧盟国家移民”的称呼蕴含着歧视的意味。(记者：李佳),5,7,0.9049573540687561
未成年子女申请移民 美上诉庭：超龄须重申请中新网9月8日电 据美国《星岛日报》援引美联社报道，美国联邦上诉法庭裁决，移民(微博)人士需要等待更长的时间，才可以把他们的成年子女带到美国。美国第九巡回上诉法庭3人法官小组于周五(2日)裁定，2002年的一项旨在防止儿童在移民申请时受到长时间审批影响的法律，并不能使所有儿童在长大后，仍可循此途径快速移民美国。按照现行法律，如果通过亲戚申请移民，可能需要超过10年的时间才能够得到绿卡，但21岁以下的未成年人可以经由父母申请。今次的裁决意味着，如果儿童通过父母申请绿卡，很可能发现他们在等候多年后因超过规定年龄，而不再符合循父母途径获得绿卡的资格。有移民律师认为，按照2002年的法律，父母取得绿卡后为子女申请移民，其已长大的子女应立即获得绿卡。但公民及移民服务局认为，这些已长大的儿童应当成重新申请人，并且重新进行程序。这意味着他们需要多等数年时间，特别是来自菲律宾、墨西哥等国的申请人，因为美国对这些国家设有移民配额。移民律师认为，这样的话将有成千上万希望把孩子带来美国的移民要面临类似的延误。代表移民诉讼的其中一个律师舒斯特曼表示，律师可能要求巡回上诉法庭以大庭的形式来重新审理此案。,5,7,0.5914532542228699
英94岁老妇坐轮椅嫁84岁老头 谱浪漫黄昏恋中新网9月6日电 据“中央社”6日报道，英国(微博)一名已经94岁的老妇人近日决定从医院病床上起身，跟她84岁的爱人喜结连理。两人的黄昏恋感动了许多人，大家纷纷送上祝福，因为他们是真正的“白头偕老”。据报道，94岁的英国妇人薇•斯坦纳德( Vi Stannard)9月1日下午跌倒受伤，她已经84岁的恋人沃克(Derek Walker)说，“我们1日到费来福(Flatford)的河边时，她失足跌倒。”他说：“我必须将她送到医院。但我们还是举行了婚礼，这太棒了。”斯坦纳德则表示，就算在医院躺了几天，她还是决心在 9月3日走下病床，与恋人走上红毯，步入婚姻殿堂。这名勇敢的新娘坐在轮椅上，准时抵达结婚教堂。在满心喜悦的儿子戴维(David)陪同下，她坐着轮椅走了红毯，高兴地接受亲朋好友的祝福，其后，她必须回到伊普斯威治(Ipswich)医院，做进一步的治疗。报道指，这对新人的年龄加起来有178岁，别人在他们这个年纪都在庆祝结婚50年或60周年，他们却才新婚。新郎沃克还说：“薇在这整件事上表现得非常勇敢，医院顾问说，只要不要出外太久就没问题。”不过，斯坦纳德这次跌倒，使得他们不得不将梦想中的蜜月旅行延期。他们希望斯坦纳德的身体能快点好转，在月底能出发度蜜月。据悉，15年前，斯坦纳德搬到宁静乡村哈克史提德(Harkstead)，为了跟她的儿孙住得近一点。在那里，她结识了退役的英国皇家海军外科医生指挥官——沃克，两人随后陷入爱河。当了一辈子单身汉的沃克，12年前在康沃尔(Cornwall)渡假时，向斯坦纳德求婚。但两人直到现在才结婚，因为斯坦纳德是一名虔诚的基督徒，尽管和第一任丈夫分居40多年，但不想跟他离婚。她当时的丈夫在去年10月过世，享年97岁。,5,9,0.5464659333229065
裸婚搭铺等关键词触动海外华人情感世界遍布世界的海外华人在地球的各个角落时刻经历着各自或喜或悲的人生故事，而每天经历的点点滴滴交织成华人真实的生活全景。对于海外的侨胞来说，生活的重点不仅仅是打工、开店、赚钱，错综复杂的感情生活成为侨胞亟待解决的问题。裸婚、搭铺、相亲这些看似与海外华人无关联的时尚流行用语，却触动了他们的情感世界，让我们一起去感受中间的喜怒哀乐。经济压力所致 美华人圈流行“裸婚”风潮一部当红中国大陆电视剧《裸婚时代》道尽无房、无车、无婚礼、无钻戒、无蜜月“裸婚族”的酸甜苦辣。在中国留学生众多的美国南加州，“裸婚族”早已出现，至今不衰，经济压力是“裸婚”主因。南加就业市场低迷，就连部分老美也“裸了”。还有年轻校园情侣则为免毕业后长期分居美中两地，选择“毕裸”(“毕婚”+“裸婚”)。家住核桃市的Paul欧，与太太Joan早在90年代就成为“裸婚”一族，比大陆“裸婚”风潮提前近20年。结婚时夫妇俩都是勤工俭学的穷留学生，“房子、钻戒连想都不敢想”，一切从简，登记后邀请同学好友一起“撮”一顿，便算礼成。Joan说，她不认为“贫贱夫妻百事哀”是“裸婚”的必然结果。当年社交圈内的20多对留学生夫妻中，“裸婚”率高达四成，至今离婚的只有一对，另外十多对非“裸婚”夫妻，如今却已有过半离婚。80后新移民(微博)也不乏经济拮据“裸婚”一族。在洛杉矶加大拿不到4万元年薪的生物博士后Howell杜与妻子Martha，是从学生时代开始交往的同校师兄妹，2009年Howell取得博士学位后两人回国结婚。由于Howell博士后工资不高，Martha是拿着每年不到2万元奖学金的在读博士生，双方家庭也不宽裕，两人商量后决定“裸婚”，各自带了5元人民币到当地民政局登记领证，另请双方家长吃了顿饭，没有梦幻婚礼，亦没有钻戒或蜜月之旅，暑期结束后夫妻俩就返回美国各自工作、念书，整个结婚花费不到600元，至今租住学校附近一套公寓房。因应就业、房价等压力，近年“裸婚”成为华人圈一大风潮，华人亦有不少人选择“裸婚”。无房、无车、无钻戒、无婚礼、无蜜月的“裸婚”最终能否让夫妻双方“患难见真情”，还是可能以“贫贱夫妻百事哀”告终？是否“有物质的婚姻未必幸福，没有物质的婚姻必难幸福”？心理学博士王肇英指出，从社会文化角度看，“裸婚”折射出受欧美文化影响的年轻华人，对中国传统婚礼文化的厌倦与反叛，他们认为结婚是小两口的事，不一定需要形式。王肇英指出，除非男女双方在婚前就具备优越的经济实力，否则柴米油盐酱醋茶是每一段婚姻都需要面临的问题。因此传统物质基础的缺失，不会使“裸婚”族比非“裸婚”族面临更高的婚姻破裂风险。为恋爱怕寂寞？ 旅西华人搭铺夫妻应运而生随着华人移民潮飘洋过海到世界各地，大批只身赴海外的先生和太太们临时搭铺共度异国生活，“搭铺一族”应运而生。如今，搭铺似乎不是什么稀奇的事情。在西班牙的华人中有很多打工的女性几乎都有与人搭铺的经历。有的搭铺是因为恋爱，有的干脆是为了得到照顾而搭铺，有的就是为了怕寂寞而搭铺……最初的搭铺在华人里出现是在90年代末，那时候，搭铺的对象只限于华人已婚的男子与已婚的女子。由于双方的另一半在国内生活，造成留守男女这种奇特的关系。随着时间的转移，加上华侨华人人数的增多，现在的搭铺不管是数量上还是形式上都有了大的改观。如今，不仅仅是已婚华人男女之间搭铺，留学生之间搭铺，未婚年轻人搭铺，中国人与外国人搭铺，也有师生搭铺，可以说应有尽有。搭铺看似简单，其实也不简单。特别是搭铺男友把自己当成老婆来对待时，你就很郁闷。诸多的不方便与不自由也是双方发生争执与吵闹的原因。有很多人，从刚认识的套近乎发展到同吃同住，到后来的分道扬镳，也有的甚至恨之入骨，反目成仇。前几年，发生在MALLORCA的命案，就是很好的例子。男方把女方从屋顶上推下去，造成女人死亡。就是因为搭铺双方没有处理好而造成的后果。搭铺不等于要结婚，结婚的未必搭铺过。一旦有了搭铺男友，想去真正恋爱寻找自己喜欢就难了。“搭铺”这种同居性的生活方式，通常带有极少的感情色彩，而更多的却是“性福”与“经济”方面的互补与满足。对于旅西华人的搭铺关系，其满足“性福”需求的特点，可以用“相识短平快，分手无牵连”来形容。一位北方男侨胞说，自己和搭铺搭到一起，只是几面之缘的功夫，双方都明白各自的需要。他自己的成本是房费，生活费，而对方则是洗衣，做饭而已。如此，双方不仅都有了“性福”生活，在精神上也是一种依靠。而等他们各自的家人来了以后，这种互补的“性福”生活也会平静结束，正如其平静的来。“搭铺”虽然为两个单身的旅西侨胞重新创造了“性福”生活，但它却挑战了许多传统的道德，婚姻观念，而这实际是“性福”生活与社会道德的碰撞，不过面对人生的“大欲”，绝大多数人往往选择前者，而这带来的后果，除了满足以外，将面临更大的问题。寻找另一半幸福 在日华人经历相亲悲喜剧随着各种电视相亲节目在中国相继热映，越来越多的海外华侨华人选择回国相亲。近来，在日华人除了与日本人一样登陆婚介交友网站、参加八分钟约会等节目外，到中国相亲也是一个重头戏，不少人在相亲的过程中经历了很多悲喜情怀。出差到上海的陈先生早上来到人民公园。那里有一个相亲角，曾被国内媒体广泛报道过。而相亲角里，新近还出现了“海外角”，分为“美国”、“日本”等地。陈先生的女儿丽晓，东京大学毕业后，进入日本的研究机构工作。丽晓平时忙于研究工作，无暇顾及个人恋爱问题。当爸爸的看在眼里急在心上，回上海出差的时候，有机会就去人民公园相亲角的“海外角”。那里，有许多同样心情的父母。他们的子女在美国、在日本，年轻有为，却不急于结婚。子女不急父母急，于是就有了“海外角”里热心的父母们。目前，日本有关婚姻介绍的业者有近4000家，会员高达60万人，市场规模则是600亿日元。看上去，急于结婚的人并不少，可是难以遇到合适人选的人更多。无论是日本中文导报网站的“交友”，还是报纸的“你向我走来”栏目，每周都有新人来征友，而其他华人网站乃至全球性的华人交友网，检索一下，都有无数的华人男女青年在征婚。可是，茫茫人海，找到一个有缘分的人却不容易，而一些人已经厌倦，33岁的南京青年吴京生表示：“想从网络里找一个合适的简直如同大海捞针。”小吴谈起相亲经历，依然心有余悸，“网络上的照片，都是主人精挑细选出最亮丽的一张，有可能是两年前的，也有可能是艺术照。这种艺术照最骗人了，只要五官摆放的位置没问题，那照出来都是帅哥美女。我认识一个大阪的美眉，照片看上去特别漂亮，在电话联系了两个月后，我就坐上新干线跑到大阪。没想到照片和本人判若两人，当时我就有点泄气，结果吃饭时，她一个劲暗示我起码要买好房子才能结婚，使得我一点热情都没有了。”类似的相亲，小吴已经经历了8次，但下班回家无聊，小吴依然是打开自己登陆了的好几个交友网站浏览，但热情已经不如从前，据他说，是审美疲劳，并且知道照片和本人会有差距。他只等着在无数的照片和留言中，再次看到让他会有热情的异性朋友。而对此，小吴说是可遇不可求。(作者：史词),5,3,0.31252530217170715
专家访谈：素质教育培养孩子未来职场竞争力主持人：各位新浪网友大家好！欢迎大家做客新浪教育直播间！我是主持人白鹭。今天为大家邀请的嘉宾是启德教育集团首席发展顾问兼北京公司总经理，资深人力资源专家詹晶明(微博)老师，詹老师你好。詹晶明：(微博)大家好！主持人：詹老师本人是资深的人力资源专家，今天我们邀请詹老师做客直播间主要是为了和大家探讨一些问题——在我们的教育当中，到底应该培养孩子什么样的能力？孩子应该朝着什么样方向发展，才能为孩子未来职业竞争力打造一个更好的起点？今天希望詹老师结合自己的经验，为大家进行分享。詹晶明：(微博)学习最后的目的是为了提高自己的就业竞争力、职业竞争力，因为这样他才能为社会、国家创造更多的价值，所以学习不仅仅是掌握知识，更重要的是如何运用知识进行创造，这是非常重要的，也是我们应该想象的问题，我们到底让孩子学到怎样的东西，拥有怎样的素质和能力是特别重要的。这跟我们的教育模式有很大的关系，先不说结果，先看一下整个教育过程。比如说中学生在学习过程中，考虑较多的是怎样在考试中考好，怎样可以拿高分，怎样能考上名牌大学，所以把高考高分、名牌大学当作了学习最重要的目的。在留学咨询工作中，常常会看到很多家长和孩子都非常困惑，说不知道未来想干什么，因为他们没有想过这样的问题。这说明学习的目的不是特别清晰，学习目的不够清晰就会丧失一定的能力——就是把今天所做的事情跟未来联系起来的能力。在一些海外教育环境里，他们在学习过程中已经不断接受到刺激，了解了读书的目的。我的孩子在澳大利亚读书，他每个月都有一天时间是可以不穿校服的，可以穿自己未来职业的服装。我的孩子希望以后成为音乐家，所以他这一天这会穿上西服、燕尾服去上课，有的同学会穿厨师的衣服去，也有人会穿得非常时尚。老师就会问，为什么你今天会穿这样的衣服，想要干什么，学生会跟老师分享。可能下个月服装会变化，老师会问，难道你要换一个职业吗？在这个过程中，就可以让孩子知道读书是为什么，老师也会帮助学生了解职业。有这样的教育体制，可能会让学生知道学习目的，而不是为了学习而学习。主持人：就是让他提前考虑职业发展的问题，下一步的发展应该怎样做。詹晶明：(微博)如果学习只是为了考上更好的学校、拿更好的文凭或者说有更好分数，学生可能更多在对知识的理解、呈现、记忆、分析方面花时间。如果在这个过程中不断提醒学生，未来的职业是什么，想做什么，拥有怎样的能力才能做好这个职业，那个时候学生和老师都会想一个问题，未来职业需要这种能力吗？所以我觉得无论是在国内读书还是在国外读书，教育都应该给学生提供这样一个思考环境。我觉得有四个方面的能力对于孩子是非常重要的，第一个是合作的精神，现在的学生找到一份工作，公司都希望他能够快速融入团队，很快找到自己的位置并且能够合作，这样团队的力量才会越来越大。但这种合作的精神要有一定教育体系来保障，在一些教育部门会特别注意这一点，比如说会考察这个孩子学习过程中有没有帮助别人的记录，这是很重要的，帮助别人说明学生完全理解了知识并能运用。还有学习中遇到困难时有没有向别人求助，求助也是一个非常重要的能力，求助过会更愿意帮助人。教育者会不断创造这样的机会锻炼孩子的团队合作精神，这样今后在工作团队里也会注重团队精神，会注重相互之间的照应，这为孩子未来团队合作打好了很好的基础。主持人：这是非常重要的能力，需要在学生期间就要培养，为他将来的工作打好基础。现在很多家长对于孩子的培养真的是不遗余力，但是又有很多家长感觉到他们把握不准方向，您能否介绍一下未来我们社会更需要哪类人才，以及怎样才能发展出这些技能？詹晶明：(微博)除了刚才谈到的合作精神之外，还有演说和沟通能力是非常重要的，因为这会对听说能力有一个非常好的结合。学习的时候会有课本、教材，老师讲完以后学生是根据课本、教材进行学习、思考、掌握，但是工作中没有教材，因为领导、上司是直接口述，不会将命令写好再传达，所以要一听就抓住核心思想，这是一种能力。另外，学习到的知识不仅要能够背诵，或者是判断、填空，更重要的是要能说、能呈现，并且把这个知识完全按照自己的理解，在实际工作中表达清楚，所以演说、沟通的能力是极其重要的。在国外教育中，会提到研究性能力的提升。比如，读几篇文艺作品，或者读一些法规、文献，读完后要能从中找到一些观点来证明你的理解，这其实是把别人文章中的核心思想运用起来表达自己的意愿、想法。这种学习能力是非常重要的，如果在教育中特别注意这一点，相信孩子在表达、运用知识方面会有很大的提升，在未来职场里面会更受欢迎。主持人：我之前听过您的一个观点，我们要造就未来发展的思想者、演说者、创造者，还是要创造专业知识的接受者、记忆者、分析者。想请您对这个观点进行一下深入的分析，给我们讲讲独立思考能力要怎么样去培养？詹晶明：(微博)独立思考是一种非常重要的能力，因为当我们面临社会各种困境或者变化的时候，都要做独立判断。但是这个判断部分有两个方面，一个是积极找到解决方案，一个是我可不可以做，一个是被动，一个是主动；一个是积极，一个是消极。未来职业竞争中，一定要让孩子具有独立思维的能力，就是要有独立的观点，独立的理想，再以这样的方式去看待原来知识中的那些沉淀、精华以及前人留下来技术，就可以把原有的东西运用得非常好。如果我们仅仅是对知识持一个学习和接受的态度，而不会创新性地独立思考，是很难有建树的。我曾经见过一些学生，他们会说不知道自己要做什么，但希望自己是一个快乐的人，希望自己能够经常去旅游，也希望自己能给别人带来一些好处，但是什么职业可以做到这样呢？所以我思考了很多，要是学商科好像太严肃，要学旅游又觉得没有技术含量，工科又很难学，到底学什么呢？他们内心很纠结。我就对他们表示，我不能给你们更多的指导，因为他们自己没有认真思考过。无论我给他们什么建议，他们都会反对，都会不满意。他们已经习惯了作为一个观察者，表面上会说得很好，但是从来没有深入生活。这就是教育的失败之处，让孩子接受了更多的知识，知道什么是美好的、有用的，但是从来没有独立地去想过这些东西跟自己有什么关系。很多人问我为什么要让孩子出国留学？在国外留学和国内读书中间到底有什么样的差异？我常常会说，国内读书获得的知识结构可能更稳定、更完整一些，而国外更侧重于训练，但并不是说不完整。在国内读书我们可能更多是被动接受，在国外读书可能更多的是训练，是主动去做。因为需要做各种各样的报告、论文，不断要表达出自己的观点，这种教育机制逼着学生成为主角，必须独立思考、独立表达观点，观点是否正确错误并没有标准，但是必须把自己的观点阐述清楚，必须要经得起考证。主持人：国外现在非常注重学生做研究报告的能力，很多中国学生出国后对此不是特别适应，因为中国学生在国内不管是中学还是大学都很少得到这方面的练习。请您简单介绍一下国外学校这方面有什么样的培养模式，以及这种能力对学生日后有什么样的具体帮助？詹晶明：(微博)从教育的方法来看，国内大部分的教育都是给予式，然后给你改作业、开课题，梳理你的课题，要做论文就给你开书单。这在国外几乎是不大可能的，因为他要训练学生独立思考的能力，学生要有自己独特的观点。国外非常讲究这一点，因为这是创造性的来源。从学习方式来讲也有不同，比如说国内学生到国外读书，尤其前几个月会遇到特别大的障碍，就是因为方法不同。国外老师在上课时不是按照教材顺序讲，他可能会跳过前面而去讲中间很关键的观点，他也会突然谈到自己一个研究的认识。而且讲课时是全英文甚至是法语、德语，中国学生就发蒙，使劲找课本他讲到哪一页了，发现老师讲的东西教材里找不着，就会怀疑自己的语言能力。实际上教材是给学生自己阅读的，老师讲的是自己的观点，不用怀疑自己的语言能力，而要认真去听，如果你认真听就知道他的中心思想、观点是什么，这个非常重要。   又比如，老师认为学生现在要学习做论文的能力、市场调研的能力，如果是商业课程，他会让学生到城市里面做调研，列一个调研题目然后去做，或是要求一个团队去做。我有一个学生在国外读书，他说我真不知道怎么办，说你可以帮我忙吗？我说你比较喜欢什么？他说我喜欢音乐。我建议他就选择做音乐对所在那个城市影响的论题，比如说音乐对墨尔本这个城市的影响。可以去看看在墨尔本有多少个咖啡厅，卖音乐制品、音乐书籍的商店播放什么音乐，他们的居民就在听这个背景音乐吃饭、喝咖啡、聊天。然后到商场里看看，商场的背景音乐是什么，不同场所里的背景音乐有什么区别。搜集这些数据以后就会知道他们更喜欢听什么音乐，不同年龄的人听什么音乐。你还可以做一些路边调查，问问陌生人最近听什么音乐……如果在墨尔本读书，还可以问一些国际学生听一些什么音乐，多长时间更换。这样以后你会知道这个城市里的人，无论学生、国际人、居民，他们喜欢什么样的音乐、接触怎样的音乐。他听我说后，觉得原来做调研可以这么好玩，然后他设计问卷做调查，最后得出来音乐对这个城市的影响是什么。然后他跟老师报告，老师听后，指出，第一你的研究是不是够完整？你收集的数据是不是具有稳定性？收集方法是不是准确？同时还可以从哪些方面更深入的了解？这样他自己发现问题、寻找问题、解决问题的能力就提高了。我教他一次，他下次就会做了，这样他做研究性报告的能力就会提升。一般在国内大学里读书，可能是4年写一篇论文就毕业了，但是他是每个学期、每个月做论文，他要不停研究，老师会给他不同的方法，会告诉他缺什么方法、应该用什么样的方法，这对他是很有帮助的，这是小一点的研究性报告。大的研究性报告也有很多的方法，会通过评判的方式增加研究性，有的甚至会对研究者的心理构成很大的压力。前一段时间我们请了一位斯坦福大学艺术学院终身教授来到北京创意学院做讲座，当时我们也请到清华大学建筑系的教授，包括大型房地产公司的总建筑师来做一个座谈，主要讨论关于在国外的学习以及研究、思考方面的不同。这位教授讲的一个案例让我特别震撼，就是说学习建筑学的时候，为了增加研究能力，低年级的学生和高年级的学生之间有一个交流，专门设立了训练的课题。比如说一年级的学生在做设计的时候，一年级的学生设计完后模型也做完了，图纸也画完了，第二天要交稿。高年级的学生把他们带到一个大会议室里面，说现在停电了，我们来帮你做实验，告诉你们明天怎样应对老师的刁难、评论。让一个一年级学生把他的模型、制图都拿出来，开始点评。刚开始讲得特别好，一年级学生还觉得有信心。但是后来情绪变得激烈，高年级学生说这个不对那个不对，就把模型烧掉了，一年级学生的成绩就毁掉了，学生马上要崩溃掉了。当那个一年级学生撕心裂肺哭的时候，高年级学生把他的作品模型像变戏法一样再次拿出来，全场人都震惊了。都问为什么会有两个？高年级学生告诉他们，在一年级学生吃饭、自习的时候已经在观察了，就是今天过来看一下，明天过来看一下，一边看一边模仿，就做了出来。这对高年级学生也是一种研究性的训练，怎样了解别人的设计意图，无论是正确与否，都可以模仿研究，这是非常重要的能力。这样的能力在未来职业发展中是很有竞争力的，因为你看别人的图稿能不能迅速的找出问题，抓住核心，这是最重要的能力，经过这样的学习我相信他们职业发展会受到很大的提升，公司也希望有这样的员工。主持人：非常感谢詹老师今天跟我们分享了这么多经验，包括自己孩子的经验，还有其他学生的经验。我们今天谈了很多，谈到了素质教育、基础的沟通能力、团队合作能力、独立思考能力以及研究的能力。这些能力在未来孩子的职业发展中确实扮演着非常重要的角色。非常感谢今天詹老师做客我们演播间为我们分享这些信息，希望今天的访谈能帮助日后您的学习或者是您孩子的学习。非常感谢大家做客新浪直播间，我们下次再见，谢谢詹老师！詹晶明：(微博)谢谢大家！,5,4,0.5121556520462036
日观光厅聘千名海外留学生游走全国推介旅游中新网9月21日电 据日本新华侨报网报道，9月18日、19日两天，日本国土交通省召集了一批正在日本就读的外国留学(微博)生走访了位于关东地区东部的茨城县。茨城县拥有著名的筑波大学城，是关东地区的沿海县，在“3·11大地震”中，茨城县是比较严重的受灾县之一。地震之后，为了能够尽快从地震的打击中恢复起来，茨城决定借助国土交通省的力量召集各国留学生走访县内的旅游观光目的地，让同学们用自己的眼睛发现、用自己的母语描述，帮助茨城县打出富有活力的宣传牌。参加茨城行活动的留学生共14人，分别来自中国、中国台湾、美国等国家和地区。在两天的走访行程中，留学生参观了位于筑波市的筑波宇航中心、观赏了石冈市举办的当地的文化庆典、前往霞浦市的葡萄园采摘品尝颗粒饱满的葡萄、乘坐游船前往朝来市对面的加藤洲参观和领略别是一番风味的水生植物园和水乡风情。活动安排得满满当当。正在城西国际大学四年级就读的中国留学生王雅薇参加了参观活动，她表示：“这是我留学生活中比较特殊的活动，难得经历的。现在茨城机场开通直飞中国上海的航线，这样可以更好促进中国游客到茨城来旅游。”据国土交通省专门负责外国人赴日旅游促进工作的人介绍，这次带领留学生参观茨城的活动是日本观光厅“聘请千名留学生宣传日本”活动的一部分。参加这以活动的外国留学生共1100人，分别被安排前往日本全国各地。在关东地区，观光厅安排了东京都及周边7县参观旅游， 24条旅游线路共有约300名留学生分别前往。按照国土交通省的要求，留学生观光旅游后，要将结合自己走访的旅游景点，把自己的感想写成报告，并配以图片、视频等直观的视觉展示，将自己的报告“晒”到自己的博客上。观光厅也会将留学生们用母语写成各类文字资料，以备将来推广业务时参考。,5,7,0.6251503229141235
猕猴摆“思想者”姿势令人忍俊不禁(图)中新网(微博)9月22日电 据外媒21日报道，在印尼苏拉威西岛上的通可可国家公园，一只黑色恒河猕猴在德国摄影师卡斯滕•罗贝尔的镜头前不停摆姿势，仿佛为了显示自己“博学多识”有人样。猕猴翘起一条后腿支着下巴，两爪环在前面，与罗丹著名雕塑“思想者”颇为神似。护林员告诉罗贝尔，这只猕猴大概在“思考”怎样成为猕猴群里的老大，“大部分猕猴都在水里嬉戏，就跟孩子一样，唯独这只坐在岸边静静思考，还观察着自己的同伴。”罗贝尔说，“这张照片让我觉得人类与猴子猩猩的联系有多么紧密。”,5,9,0.8143500685691833
调查显示德国56万人上网成瘾 青少年易陷入网瘾中新社(微博)柏林9月26日电 德国联邦健康部委托两所大学在全国范围内对网瘾情况进行调查，26日公布的结果显示有56万人上网成瘾。这项调查在14到64岁的人之间进行。其中1%的人每天平均上网4小时以上，在专家看来属于成瘾。另有250万人每天上网3小时以上，被划为有成瘾倾向。上网成瘾者的比例和吸大麻者数字相差无几。有关专家对这一调查的结果进行分析后说，14到24岁之间的青少年尤其容易陷入网瘾，他们流连于社交网络或者网络游戏中，有些人因此丧失了对使用网络的控制能力，在极端情况下这些人还会丧失在学校以及职场上的社交能力，因为这些人在虚拟世界中感到充实以及被尊重，而现实世界也许无法给与他们这些东西。调查结果还表明，14到16岁之间的年轻人中，女性比男性的网瘾更大。专家认为产生这种现象的原因是女孩子更喜欢被恭维，而在交友网中她们得到的赞美更多。不过网瘾对少男造成的身体损害似乎多于少女，因为那些嗜好网络游戏的少男几乎从不出门。调查中专家通过一些标志性行为来判断上网成瘾的程度，例如上网时间、与现实世界其他人的交往情况以及戒网瘾的困难程度等。(记者：黄霜红),5,7,0.35052403807640076
“冲浪狗”大赛 参赛狗各领风骚萌态可掬(组图)中新网(微博)9月27日电  据外媒26日报道，第3届冲浪狗大赛日前在美国加州的亨廷顿海滩举行。虽然狗狗们对比赛规则还不熟悉，但它们仍然体现了极佳的“体育精神”，四条腿在冲浪板上岿然不动，颇有“大将”风范。据悉，参赛的冲浪狗按体重分成4个级别，范围从重9公斤以下的小型犬至超过27公斤的大型犬。冲浪狗需在冲浪板上待上至少10秒钟。比赛组织者丽萨•斯科曼表示，今年比赛有40余条狗参赛，“今年的比赛吸引了不少参观者，不过也吓跑了不少看见巨浪滔天的小狗。不过整个赛事还是值得一看的，更何况之后还有化装舞会和竞走。”斯科曼说。最终，一条澳大利亚卡尔比犬以冲浪60米的距离，创造了狗冲浪最长距离的吉尼斯世界纪录。,5,9,0.6369893550872803
美华裔国会众议员推动增U签证配额助家暴受害者中新网9月28日电 据美国《侨报》报道，26日在南加州柯汶纳青少年妇女中心举行的“家暴捐献月”活动中，和家暴受害者相关的U签证成了与会代表和媒体讨论的话题。与会的华裔国会众议员赵美心表示， 为了帮助人口走私和家暴受害者摆脱犯罪团伙和个人的肢体和精神虐待，美国移民(微博)局从08年起推出了专为这些受害者提供的U签证，以便他们可以合法地在美国暂留4年，但4年后这些人可以申请绿卡。然而面对大量的申请人潮，每年一万个名额的限制显得杯水车薪。为此，她和国会参议员米南德兹以及国会众议员米勒分别从参众两院联合起草了“动力法案”(Power Act)，准备将U签证名额扩大到三万人。但该提案目前仍跋涉在两院纷争的泥沼中。以“美国移民改革委员会(FAIR)”为代表的反对派认为：一旦U签证开了口子，就会涌入大量的申请人潮，就会出现U签证严重积压的问题，就会迫使国会一再增高该签证的“房顶”(Ceiling)，从一万到三万越增越高。但洛杉矶亚太法律中心律师宋蓓?(音译：Betty Song)则看不出一万名额U签证限制的道理所在，“如果人家符合U签证的条件，就可以合法申请该项签证，为什么要盖帽(Cap)呢？”“我们已经预见到U签证的人潮，从某种意义上讲，U签证的供不应求已经成为值得政府关注的大问题了。”(记者：高睿),5,7,0.5407190918922424
2012年起公派研究生项目选拔将扩大范围中广网北京9月28日消息(记者李欣 傅蕾)据中国之声(微博)《全国新闻联播》报道，国家公派出国留学规划及2012年选派计划今天(28日)公布。2012年，国家计划在全国选拔各类公派留学人员16000人，其中研究生6000人，高级研究学者、访问学者以及本科生共10000人。国家留学基金委秘书长刘京辉告诉记者，从明年(2012年)开始，公派研究生项目的选拔范围有所扩大。刘京辉：我们考虑到对人才培养的惠及面，经过调研，提出了攻读国外博士学位从明年开始不仅限于985高校的学生，而是面向所有高校在职教师和学生，只要符合条件都可以申请。而且我们各行各业在职人员、包括优秀的海外留学人员都可以申请这个项目。此外，2012年的选派工作还将推出一系列改革和创新举措。刘京辉：新增本科生在学期间的国际流动项目，明年我们想启动然后试点。先对所有的211院校开始实施，今后随着名额和规模的扩大和试点的效果，我们会逐步建议扩大到其他的院校。有关国家公派出国留学项目的详细计划将于11月1日在国家留学网上公布。符合选拔规定的人员可按程序申请，受理时间为明年3月1日到20日。,5,7,0.72705078125
比利时老汉酷爱穿企鹅装 愿葬身南极(组图)中新网(微博)9月30日电  据外媒29日报道，走在比利时首都布鲁塞尔的街道上，或许能碰见一个穿着“企鹅装”蹒跚而行的老头，仿佛要去参加一个化装舞会。然而，他并不是去参加舞会，他只是太热爱企鹅，希望自己能像企鹅那样生活。这位79岁的老人名为阿尔弗雷德•大卫，绰号又称“企鹅先生”。他40年间都对企鹅热爱得无以复加，甚至自己也想变成企鹅。大卫还宣称，他死后要穿着他的“企鹅装”安葬在南极洲——他说他“一辈子的梦想就是葬在企鹅生活的海洋中”。大卫是1968年爱上企鹅的。他说那年他被汽车撞到了臀部，导致走路摇摇摆摆，因此同事们戏称他为“企鹅先生”。没想到大卫竟真的爱上了企鹅，他收集所有与企鹅相关的物品，甚至开了一个“企鹅博物馆”，展出了他3500件企鹅藏品。大卫甚至也想把自己的名字正式改为“企鹅”，遭到了妻子的强烈反对后才作罢。,5,9,0.7837489247322083
"美国马里兰州政府新大楼项目青岛说明会世贸通(微博)青岛说明会： 时间： 10月 22日(周六)下午14：30地点：青岛市市南区香港中路36号招银大厦2001室嘉宾：亚太区总监Joel Craig全国预约电话：400-0909-899项目概况： 项目总投资：2.3亿美元马里兰州政府投资：3000万美元发行债券融资：1.35亿美元EB-5投资款：6500万美元EB-5投资人：130名项目简介： 马里兰州州政府被世界著名信誉评级机构穆迪评级为AAA最高等级，开发项目为马里兰州政府中心新办公大楼，由州政府投资参与项目开发，获州立法保障。该项目共分为5个开发阶段，总共为期15年的长期开发计划。地理位置极佳，处于巴尔的摩市中心，9个老城区的核心区域。建成后的项目将成为马里兰州政府办公区，16个州政府机构和3500名政府雇员集中在此办公；EB-5资金主要参与开发项目I期中2座新办公大楼的建设工程，共占地3.52英亩，2座办公楼总出租面积为605,000平方英尺，其中包括75,000平方英尺的专卖店和商店；项目总投资约为2.3亿美元，其中马里兰州政府投资3000万美元，机构投资者投资1.35亿美元，EB-5融资6500万美元(共130个名额)；项目预计于2011年底开工，建设周期33个月。项目可创造2216个工作机会，超出移民局要求的1.7倍，完全满足I-829绿卡条件解除的指标。投资移民(微博)客户将获得每年0.5%的利息，五年后一次性支付。项目优势： 美国AAA级信誉州政府投资开发的立法保障项目马里兰州经济繁荣，家庭平均年收入约62,000美元，居全美第一，信用评级被国级机构穆迪评为AAA级，本次开发建设的马里兰州政府大楼项目，由州政府投资3000万美元参与建设，由州议会立法保障，获州政府大力支持。发行债券融资比例高达72%的利好项目项目总投资为2.3亿美元，其中马里兰州政府投资3000万、发行债券融资1.35亿，EB-5投资移民客户投资款为6500万，仅为项目总投资的28%。创造超出移民局要求1.7倍就业机会的绿卡保障项目第一期项目开发将产生2216个就业机会(完全不包括将在大楼里工作的州公务员就业)，远远超出130名EB-5投资者I-829申请所需就业总数70%之多。特聘双律师护航的双重保障项目 项目区域中心主席David Morris先生本身就是出色的美国移民律师，是全美移民律师协会EB-5委员会十大成员之一。除此之外，世贸通还特别聘请了项目专属律师、美国移民大律师Darren Silver先生，为投资移民客户提供双重保障。充足抵押担保还款的安全项目开发商已与州政府签订独家项目开发协议，并为项目前期开发投入930万美元，2座办公楼建成后的预计商业市值约3亿美元，建设公司提供“按时，按预算”建造及完工担保  ，以其房产及租金收入等作为按揭抵押担保。",5,4,0.8139395713806152
加拿大男子徒步旅行11年 行程74万公里走过64国中新网(微博)9月30日电 据台湾“中广新闻网”报道，加拿大男子布利瓦11年前，从蒙特利尔启程，步行环绕世界，他在走了74.5万公里，走过64个国家之后，终于完成了他的梦想壮举。布利瓦因为生意失败，2000年8月18号，在他45岁生日当天，打算徒步环绕世界一圈。他暂别同居女友，推着一个三轮车，装着必需物品启程。在这十一年的旅程中，他以笔记本电脑与亲友联系，并开设自己的网站纪录行程，他走过高山、沙漠，体验不同的文化，他在非洲吃蝗虫，在中国品尝蛇肉，在菲律宾由武装军人护送旅行。这一路上，他走破了53双鞋，三轮车也爆胎多次。他说，在十一年的旅程中，如果没有他人的协助，他无法完成旅行。现在，他再度回到蒙特利尔，他的女友展开双臂欢迎他，他的儿子也已经长大成人。,5,9,0.4902748763561249
"美国务卿希拉里称日本赴美学生减半令美担忧环球网讯 据日本新闻网10月8日消息，美国国务卿希拉里当地时间7日在华盛顿举行的美日关系论坛会上致辞时表示，日本赴美留学(微博)生越来越少，现在只是过去的一半，这将对美日关系的维持和发展带来影响。据报道，希拉里表示，“要推进美日两国同盟关系的发展，需要培养一批知美派人士，但是遗憾的是，现在来美国留学的日本年轻人越来越少，与1997年最多时相比，5年间减少了一半”。希拉里说：“在美国的外国留学生中，日本已经下滑到第6位，这是很令人担心的问题。”希拉里在致辞中还指出，“美日关系不仅仅是靠共同的利益作为基础，而更依赖于两国人民的共通的经验，友情和价值观，还有家族感情的维系，因此人员的交流是十分重要的事”。她指出，美日两国必须考虑各种对策来改变目前的这一种现状。美媒报道中国人变富裕 留学生成美国高校""金矿""据美国《侨报》报道，美国加州公立高校缺少经费，而私立高校要进一步发展——大家都需要钱。随着中国留学生大量涌入，加州高校发现了金矿：富裕起来的中国家长重视教育，愿意花钱将自己的子女送到美国高校接受教育。加州一些公立高校已加大力度招收中国留学生，同时一些私立高校也将募款方向转向了中国。美国研究生院委员会2011年8月16日公布的研究报告显示，越来越多的中国学生选择来美留学，与上一个学年相比，申请今秋入学的中国学生增加了21%，而被录取的中国学生增加了23%。根据《华尔街日报》8月16日报道，今年美国的国际学生申请和录取人数大幅上升，较去年增长了11%。报告说，今年美国商学院开始招收更多是中国学生和国际学生。据研究生院委员会统计，在今年秋季入学的学生中，商学院研究生录取的国际学生较上学年增加了16%。中媒观点中国学生成美第一大留学生源齐鲁晚报报道 据悉，新学期伊始中国学生的留美浪潮，在美引发关注。在加州，伯克利加大的校园这个学期来了1100名外国新生，其中约200人来自中国。在东部，《华盛顿邮报》报道，弗吉尼亚大学派出人员和巴士，前往接机，刚抵达的20多人的新生团中，除了一名南韩女生其余全部来自中国。中国的留美学生，向来以研究生为主，这种情况至今未变(今秋的研究生比去年增23%)，但本科生的人数却突飞猛进，在2009-2010学年的127628人中，本科生占39921人，比前一年大增50%，也是2005年的五倍。留美本科生大增的新趋势，除了反映经费短缺的美国院校积极向中国学生招手外，更反映出中国近年经济飞跃发展，中产家庭大增(中产人口已破三亿)，有能力供孩子出国留学，而美国则是留学的首选之地。留学利好信用评级下降 催热2012美国留学市场首先，美元贬值致使留学成本急速且持续走低。人民币对美元的持续走强，使得美国留学成本正逐年降低。这无疑大大降低了中国准留学生申请美国高等院校的经济门槛。虽然美国本土的就业率短时间内有可能受到波及，但根据经济周期我们不难推测，4-6年之后，当中国学生学成毕业之后，全球经济特别是美国经济已走出低迷期，增长势头依然强劲。因此，建议学生及家长应该通过敏锐的经济嗅觉，及时捕捉这一难得的、前所未有的“拐点期”，以实现事半功倍的效果。人民币升值留学美国省得多随着人民币的升值，如今去美国的留学费用有所降低。按照2005年的汇率计算，包括学费、生活费在内，那时去美国读本科，年度开支需要23—49万元人民币，而以当下的汇率计算，留美所需则为18—38万元。2008年时，到美国读硕士，每年生活费和学费需要28万元人民币左右，而如今25万元人民币就可以满足一个留美研究生一年的生活和学习需求。相关报道：美公立高校扩招 中国留学生成“金矿”",5,7,0.9161158204078674
女子出国留学梦碎 中介被判退费15万余元为了出国深造博士学位，山东的马女士付给留学中介15万余元，没想到不但留学(微博)梦破碎，还被迫滞留国外。回国后，马女士将留学中介起诉到法院讨要学费。昨天记者获悉，海淀法院东升法庭判决力天永泰(北京)科技发展有限公司(以下简称力天永泰公司)返还马女士学费等15万余元。马女士起诉称，2009年，为了能够出国深造，她与留学中介北京海?泓立科技有限公司(以下简称海?泓立公司)签订了出国留学协议，约定由该公司负责帮助她取得菲律宾布拉卡国立大学的硕士入学资格，以及菲律宾卡昂国立大学的博士入学资格，并分别获得硕士学位和博士学位。签订协议后，她为此支付了报名费、学费等费用15万余元。没想到到了菲律宾后，马女士却发现海?泓立公司并未带她到合同约定的大学就读，而是去了一家私人的商学院，并以硕士学位造假为由，要求她额外支付高昂的硕士学费，并且阻挠她回国。后来马女士几经周折，才在额外支出大量钱财后回到国内，也并未获得博士学位。发现被骗后，她多次找海?泓立公司讨要说法，却发现当初签订合同的地方已人去楼空，而且原来的公司也变更为力天永泰公司。无奈之下，她只好将力天永泰公司起诉到法院，要求该公司返还学费、注册费、交通费、食宿费等共35万元。庭审中，力天永泰公司经过法院公告传唤但无正当理由未出庭应诉，法院依法缺席审理。法院审理后认为，公司股权转让及更名后，相应权利义务应当由更名后的公司予以承继，因此力天永泰公司应当承继海?泓立公司的相关权利义务。而依据马女士与海?泓立公司签订的协议约定，在马女士未取得博士学位的情况下，海?泓立公司应当向其返还依据合同收取的报名费、学费等费用。最后，法院判决力天永泰公司向马女士返还15万余元。 (记者：王秋实),5,4,0.7090172171592712
组图：乌克兰艺术家用胶带作画惟妙惟肖这些惟妙惟肖的画作竟是乌克兰51岁艺术家Mark Khaisman用透明胶带“贴”出来的，让人难以想象，不可思议。他的作品多以人物肖像为主，现实生活中普普通通的胶带，到了这位艺术家手里就成了一只神奇的画笔。(来自：mysenz),5,3,0.40367600321769714
美遣返移民人数再创新高 被质疑移民政策失衡中新网10月20日电 据美国《星岛日报》报道，美国移民和海关执法局18日公布上个财政年度遣返移民(微博)的数字统计，在9月30日结束的2011财政年度中，美国共遣返移民39万6906人，创下历史纪录。该局称遣返数字创新高说明移民执法人员工作出色，但移民界人士却说这反映了美国移民政策的失衡。根据当日公布的数字，移民和海关执法局在上个财年遣返了39万6906人，是该局成立以来年度遣返的最高峰，其中55%是罪犯，这也是奥巴马总统最近公布的重点遣返的目标。去年遣返罪犯的人数比2008财年上升了89%，这些被遣返罪犯中有1119人是谋杀犯，5848人是性侵犯、4万4653人是涉毒犯罪，3万5927人是因酒后或吸毒后驾车被控罪。如果将危害国家安全、移民法庭的在逃犯等遣返重点计算进去，属于重点遣返类的移民占到去年移民遣返总数的90%。在剩余的被遣返者中，有2/3以上是近期越境的非法移民或遣返后再越境者。移民和海关执法局局长莫顿(John Morton)表示，去年移民遣返的情况说明移民执法工作取得了进展，国土安全部已经按照奥巴马总统的要求为该局制定了集中人力物力遣返重点类移民的方针，该局的工作正是遵照这个方针进行的。但移民界人士对此却并不认同。华盛顿的全国移民论坛总监诺拉尼(Ali Noorani)表示，每遣返一个移民要花去纳税人2.3万美元，如果不改革移民政策，一味着眼于遣返根本就不是长远之计。在经济如此低迷的时候大举遣返移民并不是什么“工作进步”而正说明了立法者们意见分歧太大无法在移民政策改革上做出建树。(记者：荣筱箐),5,7,0.68938809633255
海归时装设计师王黎：舞动古都的中国红西安市未央区凤城一路，留法海归王黎在这里创办公司，实现将自己的时尚理念引入中国、引入大西北的梦想。美丽无处不在对于学习服装设计，毕业后在法国实现创业的王黎来说，留学法国是人生路上走得很精彩的一段。法国恣意的游学过程与完成学业后的创业经历，是她认为最有意义的地方。她说：“服装设计如任何一门艺术一样，课堂的学习不是重点，其精髓在于表达个人所看、所想、所悟。”在法国学习与工作的6年，王黎尽自己所能，用心地去触摸、去体验、去表达生活。她背包看世界，利用每一个假日，探访欧洲每一个有风情的地方，品尝每一道有特色的菜肴，体验不同地域不同人的不同风格，也从不同角度感受美的存在。6年的全身心投入，使王黎的人生价值观和生活追求发生了变化。法国人慵懒却严谨的为人处事风格，让她看到了自己人生追求的方向：不仰慕华而不实的物质享受，更注重追求自我的浪漫体验与个人存在。这样的理念之下，美对王黎来说便无处不在，艺术成了生活的一部分。舞动的“中国红”在法国有了自己的创意工作室之后，王黎今年5月回到中国创业。本是湖南人的她，却作出去陕西创业的决定，这也许会让很多人不解。王黎对自己的决定有自己的想法。这还要从一次比赛说起。在法国参加过多次时装设计比赛的王黎，曾以“中国红”作为自己的参赛主题，自己穿着中国红在艾菲尔铁塔的舞台舞蹈，并取得很好的成绩。谈到这次比赛，王黎很激动，“这次比赛是这几年来我认为收获最多的一次。观众是如此热爱我的表演，我到台下后好多大人和小孩都跑过来与我合影，称赞我的‘中国红’。人们觉得我美得其所，美得自在，内心的表达得到共鸣，这就是我的成功。”这次比赛之后，除了自己对美的表达得到认同，实现艺术里的个人存在之外，王黎的另一收获就是：真正感受到美是无国界的。无论是中国符号“中国红”，还是法国符号艾菲尔铁塔，只要能让人们得到美的体验，自己的作品就会得到认可，取得成功。有了这样的认识，让本身就对中国文化充满喜爱的王黎，坚定了回国创业，将中国文化更好地融入自己的创作，将自己对时尚的感悟带回中国的决心。回古都做时装西安是中国十三朝古都，在王黎看来，“环肥燕瘦的时尚印记还烙在西安的城墙根儿”。西安就是一座文化古城，有着自己浓厚的文化气息。然而，西安也是一个低调的城市。王黎遗憾道：“这个硕大的城市似乎与现代时尚无缘，没有自己强势的时装品牌，也与一些时尚的事件扯不上关系”。但是，在王黎的认识里，文化就是一种时尚。西安作为“有文化”的名城，有着浓厚的底蕴，所以能更好地成就时尚。“手揣画笔描绘生活的美。我期待将西安这座古都的美用自己的服装品牌表现出来。身处异国我能得到掌声，相信回到故土的我也能收获肯定。”她说。(郜艳艳),5,6,0.47724124789237976
购新机纪念乔布斯 iPhone 4S纽约热销华裔成主力据美国《世界日报》报道，“苹果教父”乔布斯的去世，使iPhone 4S手机的上市成为全球关心的话题。14日上午8时苹果店开始正式销售该款手机，纽约曼哈顿5大道的苹果旗舰店内外都排起长龙，每人限购两台iPhone 4S手机。许多苹果迷认为这款iPhone 4S是乔布斯最后作品，又在其去世前一天发表，名字也隐含纪念乔布斯(for Steve)的意义，一定要买。而这次华裔再次成为购买主力，男女老少都表示“价格不贵，要买台用用”。根据苹果公司表示，新推出的iPhone 4S智能手机在接受网络预订后的24小时内全球销量超过100万部，超出了前一代产品iPhone 4首日销量60万部的纪录。为购买iPhone 4S手机，纽约的旗舰店前很多苹果迷们从13日就开始排队，无惧细雨凉风。日本和澳大利亚等地因时差先开始销售iPhone 4S手机，所以凌晨就有购得新手机的苹果迷把手机照片传至各大网站，让人一睹为快。在纽约的旗舰店，如果不需要购买iPhone 4S手机，可以直接入内。14日从上午到下午，旗舰店门口始终都有数百人的长龙队伍，一圈绕一圈，秩序井然。据了解，大约每人要排两至三个小时才能入内。即使入内后，也需要按指示排队到收银台前购买手机，最少需要三至四小时才能买到这款手机。在旗舰店附近，还有专门收购旧款iPhone手机的网站销售人士。在旗舰店内，各个展示柜台都人头攒动，尤其是iPhone展示柜台，很多民众都想亲身见识一下这款传说是“为了纪念乔布斯”而推出的手机。但不少人都表示，这款和iPhone 4比起来，好像没什么不同。华裔在此次购买潮中再次展现积极力量，一眼望去占了大半，队伍中年轻的、年老的都有，有想为读书的儿子买手机的母亲；有想给女朋友买手机当生日礼物的男生；有每代iPhone手机都用过、此次也不可少的苹果迷；也有从来没有用过“大家都用过的苹果手机”的阿姨。大家都耐心在外等待，遵守秩序。“来这里一看，都是老乡啊”，一位推着婴儿车的福建籍王小姐表示，她想买两台，一台给自己，一台给老公用。不远处，吴女士和朋友在排队，“别人都用了四代苹果了，我一代没用过，”一边说她一边拿出自己的翻盖式手机“199美元便宜啊，我也要买一台”。还有人表示自己买了不一定自己用，可以卖给别人，“这个好卖，是潮流啊”。(记者：刘爽),5,9,0.6479768753051758
中国客投资旅游热 美两党联手推议案拟放宽签证中新网(微博)10月25日电 据美国《侨报》报道，美国民主党参议员舒默和共和党参议员麦克·李上周刚提出跨党派议案，给予中国人来美5年多次往返签证，以便利中国商界人士和游客赴美访问。在美国给许多国家的公民10年多次往返签证的今天，目前中国大陆居民申请美国的商务和旅游探亲B1/B2签证只给一年的有效期。这给中国人来美探亲旅游和经商活动带来很大不便，超过一年再次来美大多需要重新预约面谈，而且等待期可能超过一个月。而事实上，中国游客来美出手大方，人均开销超过6千美元，在各国游客中名列前茅，已成为美国旅游业界看好的“摇钱树”。随着中国公司来美投资热和中国游客来美观光潮的兴起，签证问题愈益成为各方关注的“拦路虎”。美国旅游业界和中国商界纷纷抱怨，这制约了美中经贸关系和人员交往的扩大。美国驻华大使骆家辉在担任商务部长时，就多次表示会促进美国对中国人签证的便利化。美国国务院副助理国务卿金·莫亚日前在纽约表示，过去中国人要等60天到90天才能拿到签证，现在不到30天就能拿到签证了，美方正朝积极的方向努力，准备向中国加派50名能说中文的签证官，希望加快签证速度。莫亚表示，中国来美游客过去五年间以每年23%的速度猛增，2011财年美国给中国人100万个旅游签证，预计2012财年将达130万。根据最新的议案，中国人申请来美5年多次往返签证必须使用“旅行核准电子系统”(ESTA)，以确保反恐及防止造假。该议案还授权国务院开辟“非移民(微博)签证加急办理”通道，申请者只要缴纳加急费，便可获得非移民签证的加速审批。此外议案要求国务院设立“视频面谈”的试验项目，以节省开支，提高签证办理效率。(记者：余东晖),5,7,0.8285844326019287
艺术家用7.5万根火柴搭建迷你“泰姬陵”近日，印度艺术家谢赫·萨利姆巴伊花了1年19天的时间、用7.5万根火柴精心造出的小号“泰姬陵”亮相。图为谢赫·萨利姆巴伊正在清理“泰姬陵”上的灰尘。,5,9,0.8211571574211121
组图：罕见霓虹横跨伦敦上空 惊艳迷人中新网(微博) 10月26日，英国首都伦敦上空出现美丽的霓虹，横跨伦敦市中心，呈现出迷人的光影，蔚为壮观。据悉，“霓”是大气中有时和“虹”一起出现的一种光的现象，也叫“副虹”，形成与彩虹原理大致相同，只是光线在水珠中的反射多了一次，彩带排列的顺序和彩虹相反。,5,9,0.9447043538093567
组图：美艺术家创作万圣节南瓜雕塑惟妙惟肖中新网讯 10月26日，美国拉斯维加斯，万圣节前夕，由两名艺术家Ray Villafane和Andy Bergholtz创作的万圣节南瓜雕塑惟妙惟肖。,5,9,0.78599613904953
中英签署教育合作方案 将推动交换学生新计划中新网(微博)10月31日电 据英国BBC英伦网报道，中国和英国的教育官员日前举行峰会，就加强两国教育合作关系，达成一个为期三年的行动方案。负责高等教育的英国商务部(BIS)表示，行动方案涉及两国高等教育、职业教育和技能培训、中小学教育和语言教学等方面的合作与交流。教育官员表示，其中有四大优先合作领域：•高等教育：建立伙伴关系，促进人才流动；•职业教育：发展继续教育和技能培训；•基础教育：提升中小学校标准；•语言和文化：在英国推广汉语学习，在中国推广英语学习。英国大学部长戴维·威利茨(David Willetts)表示，“新达成的行动方案将确保两国人才具备优质教育和培训，有能力应对全球化世界的各种机遇和挑战，并帮助英中两国大学建立一系列可持续性的伙伴关系。”他说，两国大学将联手推动许多新计划，促进学生、教师和研究人员之间的互相交流和人才流动，包括实习计划和交换学生计划。去年11月，英国教育部长迈克尔·戈夫(Michael Gove)和中国教育部长袁贵仁签署了英中教育合作框架性协议，在这个框架之下，双方签署这个行动方案。除了行动方案之外，一些英国大学还和中国大学签署了合作备忘录，进一步加强合作交流。,5,7,0.6503405570983887
忧经济不敢多收人 加拿大明年移民额维持25万中新网(微博)10月30日电 据加拿大《明报》报道，加拿大联邦移民(微博)部长康尼28日在多伦多表示，由于经济前景不稳定，所以联邦政府将不会大幅增加明年的移民数额，将会继续将移民数量维持在25万人水平。康尼当天在多伦多出席公民学会(Institute for Canadian Citizenship)的午餐会时表示，在下周公布的2012年移民政策时，由于考虑到经济前景不稳定及不确定，将不会大幅增加移民配额，而仍然维持在大约25万人的水平。他又示，联邦移民部将继续资助公民学会推行的文化通行证，以帮助移民了解本国的历史文化，并且将免费参观的范围扩大，由过去的博物馆扩大至国家公园等。对于联邦政府最近加强对入籍申请者的语言能力要求，是因为公民身分不单单是一本护照，而是包括本国官方语言的掌握。不过，他强调，政府要求的不是高程度的官方语言能力，而只不过是基本的水平而已。与其它国家比较，加拿大移民的入籍率达到八成，仍处于国际的高水平，可见加拿大仍然是移民心仪的国家。,5,7,0.5280654430389404
中国人抄底美国楼市 为留学养老全部现金支付近日，美国两名参议员向国会提交一项议案，给花50万美元在美国买房的外国人发放临时居留签证，从而提振持续低迷的美国房地产市场。记者连线全美房地产经纪人协会，拿到了一份“2011年国际购房活动”调查报告。数据显示，今年中国买家大量涌入美国抄底房市，占全部海外买家人数的9%。跃居第二位，仅次于加拿大。数据中国买家占9% 总额73.8亿美元报告显示，截至2011年3月的一年中，外国买家在美国投资住宅比2010年的660亿美元激增了160亿美元，达到820亿美元。前五大购房者来源国分别为加拿大、中国、印度、墨西哥、英国，占据了总人数的53%。其中，来自中国的买家占海外购房比例由2007年的5%一路飙升到9%，购买金额达73.8亿美元，排在加拿大人之后，位居第二。占到全美购房总金额1.07万亿美元的0.69%。报告显示，美国人购房的平均价格是21.8万美元，外国买家支付的平均购房价格为31.5万美元。协会没有公开中国买家具体资料，但按此模糊计算，中国买家在一年中约购买了2.3万多栋房子。“考虑到今年以来美元持续疲软、人民币升值等因素，中国部分房地产商将目光从国内转向美国，趁美国房价处于历史低谷时期，涌入美国楼市抄底。”菲利普斯说。分布华人扎堆加州 七成住洛杉矶全美房地产经纪人协会主席菲利普斯指出，70%的中国买家喜欢住在美国西岸的加州洛杉矶，其次是纽约州的纽约和佛罗里达州的迈阿密。华人喜欢群居在某一特定的地点，比如各个地区的唐人街，方便交流分享彼此的经历。另外，中国买家的选择也跟气候和经济因素相关，气候宜人的度假胜地和经济发达的国际大都市都对中国人有着十足的吸引力。付款没绿卡受局限 全部现金支付报告还特别指出，62%的外国买家都没有通过银行贷款，而是直接现金交易。“特别是中国买家，对美国的贷款程序知之甚少，他们买房都是直接付现金全款交易。”菲利普斯说。纽约北京同乡会会长蒋健说，中国人因为没有绿卡，相当于在美国银行没有信用记录，就无法贷款，只能付现金。用途多数用来长住 用于留学养老菲利普斯说，海外买家购房的用途大约有四种：用于长期居住的占37%，用于和家人朋友度假的占28%，用于住宅出租的占16%，用于商业出租投资的占4%。另外，以上用途都有的占13%，还有2%的人不知道买房用来干什么。据菲利普斯分析，长期居住的买家分别为三类人群：与教育(微博)和留学(微博)相关人群、常驻美国工作的高层管理人士和到美国养老的富人。,5,4,0.64188152551651
组图：美国万圣节狗狗化妆大游行中新网讯(微博)2011年10月22日，在美国纽约的汤普金斯广场举办了一年一度的万圣节狗狗大游行，参加游行的狗狗们盛装出席，萌翻众人。,5,9,0.39768919348716736
福冈灭门案获死刑留学生吐心声：判决理所当然中新网(微博)11月2日电 据日本《中文导报》报道，近日，日本最高法院以抢劫、杀人并遗弃尸体等罪名为由，终审判决对2003年6月在日本福冈市制造了松本真二郎一家4口灭门血案的在日中国人魏巍处以死刑。魏巍表示：这种判决是理所当然的，这正是我所希望的结果。据统计，日本监狱目前在押的中国人死刑囚为5人，他们是陈代伟、何力、薛松、魏巍、谢依弟，其中陈代伟、何力、薛松、魏巍4人的死刑已经最高法院终审确认，正等待执行；而谢依弟二审被判死刑。魏巍法庭吐心声此前，日本福冈当地法院曾在一审和二审中判处魏巍死刑。今年9月16日，在即将接受日本最高法院终审判决前，魏巍曾通过律师向最高法院提出免于死罪的请求，但日本检方则认为律师毫无免除死刑的理由，要求高院维持一审和二审的判决，对魏巍执行死刑。10月20日，在日本最高法院第一法庭举行的终审中，审判长白木勇宣布驳回由魏巍的代理律师提出的免于死罪请求，维持一审和二审的死刑判决。据判决书称，2003年6月20日凌晨，魏巍和另外2名中国人潜入福冈市松本真二郎家中企图行窃，结果被户主松本发现，于是魏巍等人将松本和他的妻子，还有 11岁的儿子和8岁的女儿杀害，并抢走了3.7万日元现金(约合2800元人民币)。这起灭门血案在日本社会造成极大震动。案件发生后，福冈警方经过侦查锁定了魏巍等3名在日中国留学生。在魏巍被抓时，另外2名同案犯杨宁和王亮均已经潜逃回中国。通过中日两国警方合作，潜逃回国的这两名案犯在中国被捕。杨宁在中国被判处死刑，已于2005年7月被处决；王亮则被判处无期徒刑。魏巍死刑判决确定以后，福冈灭门案全部结审。在当天的法庭上，剃着光头、戴着眼镜的魏巍身穿藏青色毛衣，平静地回答法官提问。据说，8年以前魏巍的日语非常差，但是经过8年监狱生活，他的日语已经非常流利。记者在今年夏天接到过魏巍寄来的问候明信片，日语写得非常正确，有礼貌。魏巍在法庭上显得镇定、稳重、有礼貌。在审判后谈到犯罪动机时，他说：当时似乎是鬼迷心窍，我也不知道受害者家里到底有钱没钱，什么都没想就和其他的两人一起干了。他还说：因为当时日语不好，因此周围都是中国朋友。这种交往能消除心里的孤独感，因此从所谓“哥们义气”的观点出发，朋友怎么说就怎么做了。谈到对4名受害者的遗属想说些什么时，魏巍表示：只能说对不起。如果是4名受害者所希望的，自己受到什么样的惩罚也没有怨言。对于中国的父母亲，魏巍表示：父母亲相信我，为我备好学费，让我来日本留学，而结果却是如此，我辜负了父母的希望，现在只有悔恨和悲哀。对于最高法院的判决，魏巍表示：制造了如此严重事件，这种判决是理所当然的，这正是我所希望的结果。魏巍走过的人生道路发人深省魏巍出身于中国河南省，父亲是经营工厂的老板。魏巍高中毕业后，曾入伍三年，还担任过班长。魏巍本来想学习贸易，而身为企业家的父亲劝他到“邻近的发达国家”长长见识，并送他去大连外语学院学习日语。2001年4月，魏巍进入福冈的日语学校学习。他来日之后第二年、第三年连续2次报考了福冈大学，没有被录取。2002年4月进入一家电脑专门学校学习。在那里他学习成绩很好，成了学习奖学金的候选人。但是魏巍当时也有苦恼的事情，2年间，父母亲已经给他300多万日元，他感到自己不能自食其力，很没有面子。同时他日语不好，很难与当地日本人交往，因此也非常孤独。正巧在这个时候，魏巍在专门学校的教室里看到了网吧的传单。他走进去一看，那里简直就是中国，大家都是同胞，大家可以用中文自由地交谈，魏巍觉得在那里消解了许多乡愁。比魏巍年长1岁的中国人店长人很和蔼，与专门学校交涉使学校将魏巍的学费减半，还借给他30万日元学费。在仰慕该店长的中国人当中，还有现在中国服刑的王亮。魏巍在店长的介绍下与王亮相识，并与当时和王亮住在一起的同案犯杨宁成了好朋友，他们一同走上了犯罪的道路。2003 年4月15日夜晚，魏巍和王亮、杨宁潜入王亮在学的福冈市中央区的日语学校职员室，偷了现金约5万日元。王、杨还在2003年1月，潜入杨宁打工的快餐店，偷走现金230万日元。这个月里，魏巍还与其他中国留学生一起闯入一家中国人家里，夺取26万日元；6月，又因对他熟识的女性施加暴力，涉嫌伤害被逮捕。他还曾有过以他人的名义签约手机等欺诈行为。最后，他和王亮、杨宁一起制造了杀害一家四口夺走了约3万7千日元的灭门惨案，魏巍所得份额仅1万日元。魏巍从一个好学生走上杀人犯罪的道路发人深省。他由于孤独和经济不自立而投入了所谓“朋友”圈子，经济上的不能自立造成精神与行动上的不自立，因此“不由自主”地走上了犯罪的道路。他的人生道路从反面向新一代的留学生提示：自立、自主、自尊是人生不可动摇、必须坚守的原则。日本监狱里的中国人死刑囚据了解，目前日本监狱在押的中国人死刑囚共有5人，他们是陈代伟、何力、薛松、魏巍、谢依弟。陈代伟、何力于1992年5月30日在东京多摩市的一家扒金库店抢劫杀人，于1995年12月被八王子市地方法院判处死刑。1998年1月经东京高等法院复审、2002年6月经最高法院审，都维持死刑判决，目前正等待死刑执行；原筑波大学中国留学生薛松于2000年9月22日因感情纠葛杀死2名中国人，在 2002年2月被?玉地方法院判处死刑，2004年1月23日，东京高裁维持一审判决，宣判被告薛松死刑，2007年6月19日，日本最高法做出终审判决，驳回薛松上诉，维持一审和二审的死刑判决。谢依弟因2002年杀害东京都品川区“早川制面所”的老板夫妇，2006年10月2日被东京地方法院判处死刑；2008年10月9日东京高等法院二审维持原判。还有一名被判处死刑的杀人犯陈德通，已在2009年7月28日被执行死刑。1999 年5月，他闯进原住处进行抢劫，并用胶带死死缚住室内6人的手脚(其中有一名来客)，粘住了他们的眼睛和嘴。在其他抢劫犯离开现场后，陈德通谎称留下来收拾现场，用长215mm、背厚38mm、重425克的大型野战军刀，残忍地杀死了其中3人，并让其他两人受重伤，来访者也受了轻伤。横滨地方法院在 2001年9月一审判处他死刑；东京高等法院在2003年2月20日二审维持原判。2006年6月27日，日本最高法院对对陈德通做出终审判决，判处陈德通死刑，维持一、二审判决。日本废除死刑运动方兴未艾目前，以众议院议员龟井静香为首、由120名国会议员组成的的“死刑废止推进议员联盟”正在日本全国展开活动。废除死刑运动的进展也和这5名在押中国人死刑囚的命运紧紧相连，十分引人注目。日本民间也纷纷开展废除死刑运动。2005年魏巍一审判决之后不久，一名67岁的日本女性与魏巍被告会面。该女性家住福冈县，信仰基督教。她曾希望别的杀人事件中的服刑人员能够重获新生，并认为养子。2008年，她也认魏巍做她的养子，希望他“活着赎罪”。该日本女性与魏巍被告的父母也见过面，相互保持联系。她与魏巍反复会面多次，书信往来也交换了几十次，魏巍叫她“妈妈”。2010年2月，在日本举行的“废止死刑大道寺幸子基金表现展”中，在东京拘置所关押的中国人死刑囚谢依弟获“努力奖”，并获得1万日元的奖金。目前，让死刑囚“活着赎罪”已成了日本废除死刑运动的一个目标和口号。(记者：张石),5,7,0.8172786235809326
美华裔群体存多种问题权益须争取中新网11月2日电 美国亚裔权益团体联盟日前发布的最新报告显示，美国华人人口已突破400万，是最大的亚裔族群。随着人口数量的增加，被视为“模范族裔”的亚华裔影响力也在增加。这一报告引发当地媒体关注，美国《侨报》1日刊发评论，对模范族裔光环下华裔群体发展中存在的问题予以全面分析。原文如下：最新调查显示，美国华人人口已突破400万，成为美国最大的亚太裔群体。华裔群体历来勤奋刻苦又勤俭节约，从早期的移民(微博)多从事餐饮洗衣业，到现在新移民越来越多地进入美国的金融、商业、法律、高科技等行业，取得相当令人瞩目的成绩。华裔群体总体教育水准高，家庭教育较严格，道德上观念上也比较保守，加之华裔群体较为安分守己，很少抱怨，因此华裔一向被认为是模范族裔，在主流社会里有一定的口碑。但在模范族裔的光环下，华裔的发展也存在许多问题。在光环背后，华裔群体还有更多不容忽视的问题，如两级分化明显，除取得成就的人群，也有受教育程度低的，有些人会把在原居住国时的陋习带到美国，影响华人形象。很多华人不重视融入美社会，不了解当地的各种法规、习俗，造成许多困惑和麻烦。华人群体普遍不重视精神疾病问题，不懂得或者不愿意就医，从而引发各种社会问题。不喜欢参与政治也是华裔作为模范族裔背后的一种缺失，他们不重视个人或群体利益，埋头赚钱，甘居社会边缘地带。很多人遇到不平的事情只采取隐忍和息事宁人的态度，以致许多歹徒都知道华人的习惯是“有现金，没有枪，不报案”，因而把华人当做犯案的首要目标。在中小学校园里时常出现的霸凌事件中，作为少数族裔的华裔也常常成为受害者，甚至在军中，也有令人遗憾的华裔军人被虐待的事件发生。数十年来，尤其是近年来，随着祖籍国的崛起和华裔群体自身的不断努力，华人在美国政坛上开始有一定的影响，华人选民开始被主流社会的政治人物所重视，以华人为主要居住成分的选区开始出现，这些都有相当重要的意义。近来最重要的大事，是美国国会众议院通过了关于排华法案的致歉案，可以说是美国华人社会的里程碑式的大事。但其实，排华法案在二战中已被当时的总统认为是错误的，又过了半个多世纪才致歉，显露了华人群体过去的软弱和不足。另一值得注意的消息是，美国卫生与福利部根据健改法，开始设定新的族裔分类法，亚裔将被分成七类，华裔独占一类。过去由于华裔人群体人数较少，不仅疾病控制与防治局在取样上有不足，就是在医药行业进行药物人体实验中也独独被忽视。华裔被忽视的后果自然是在健康方面受到影响。随着新的族裔分类法实施，华裔群体会得到更好的服务。从大到排华法案致歉案通过，小到福利与卫生部在族裔分类趋细，现在越来越多的华人认识到，自身的利益只有自己努力才能争取。华人群体要努力向主流社会传递更多的信息，争取更多的权益，否则，即便被认为是模范族裔，也无法避免被边缘化和群体利益受损的结果。(洛杉矶 一娴),5,7,0.8219569325447083
澳“长征猫”独行3200公里 穿越沙漠返旧居中新网(微博)11月7日电  据外媒6日报道，澳大利亚一对夫妇舍瑞于去年3月搬家，但不久后，他们养的猫杰西就失踪了。没想到在一年多后，杰西出现在3200公里以外的旧居中。舍瑞说杰西不喜欢坐车，它很可能步行走回了旧居，期间还可能穿越了澳大利亚沙漠中心地带。杰西的主人说，猫是在搬家后不久失踪的。“它在新家只呆了几个星期。”舍瑞说。一年以后，舍瑞的老邻居发现了这只走过了漫漫“长征路”的猫咪。目前，杰西正在邻居的悉心照料中。据悉，杰西是从澳大利亚北部城市达尔文失踪，一年以后在澳大利亚南部艾尔半岛的旧居附近出现。这两处直线距离就有3200公里，中间还隔着一片沙漠。主人舍瑞对此迷惑不解：“我也不清楚它是怎么回去的。它不喜欢坐车，所以我想它可能是走回去的。”,5,9,0.8802570700645447
英9岁神童画作受追捧 卖画挣15万为家人买房中新网(微博)11月7日电 据外媒6日报道，英国9岁男孩基隆？威廉森被誉为“小莫奈”，去年7月，他的33幅画作在短短半小时内被抢购一空，最终卖出15万英镑(约152万人民币)的高价，他已用这笔钱给父母在家乡诺福克买了一套新房。威廉森今年还是个小学生，是从2008年开始作画的。后来，威廉森的画渐渐有了知名度，在去年7月，他的画作更是在短短半个小时卖光，挣得15万英镑。威廉森的父母已经用这笔钱在诺福克购置了新房。父亲基斯说：“如果他长大后还想做其他的事情，那时他至少不必考虑抵押贷款的问题。”威廉森的最新12幅作品将在下周五拍卖，每幅画的开价在1250英镑至15595英镑(约1.27万人民币至15.8万人民币)之间。考虑到此次展览可能会像上次一样被抢购一空，购买者们纷纷决定在画廊开门前一晚排队等候。画廊的老板亚德里安·希尔表示：“这孩子无可匹敌。没有一个孩子对水彩、油画及蜡笔画这三种画法都掌握的如此熟练。他对技巧的领悟非比寻常。”,5,9,0.5139026641845703
奥巴马与学前班孩童玩乐 扮鬼脸大受欢迎(组图) 中新网(微博)11月10日电 据外媒9日报道，美国总统奥巴马前往宾夕法尼亚州启蒙中心，和学龄前的孩子们一同玩耍。为了逗孩子们开心，奥巴马大叔不仅和孩子们一起搭积木，还给孩子扮鬼脸，受到不少小朋友的喜爱。奥巴马此行是为了继续宣传其学前教育法案，该法案一旦通过，将为90万低收入家庭的儿童提供学前教育。奥巴马还批评共和党一直要削弱教育投资。“我们不会将钱投在没用的方案上，”奥巴马说，“但我们要为那些可行的方案投资。”,5,9,0.33075565099716187
白宫就业议案受阻 投资移民正当时美国总统奥巴马17日开始在北卡罗来纳州和弗吉尼亚州进行为期三天的巡回演讲，旨在敦促国会尽快通过就业促进法案，寻求民众支持。此前， 10月11日晚，参议院投票否决了由白宫方面提出的4470亿美元的就业刺激计划，共有46名共和党议员及2名民主党议员投了反对票。被否决的就业刺激计划被奥巴马认为对恢复美国经济至关重要，其中包括给美国工人的收入减税等措施，总价值2700亿美元，还有投资1750亿美元用于基础设施和失业者的救助等。奥巴马已决定将该议案化整为零，零敲碎打地促使国会通过。迈斯林(微博)的专家认为，美国当前最为核心的任务就是：发展经济，解决居高不下的失业率。近期爆发的华尔街游行活动，极大的阐明了美国民众的心声：要工作，要收入，要住房…，而向来以“杀富济贫”著称的奥巴马此前也面临着诸多尴尬境地，因为一旦失业率的解决无法取得积极效果，在2012年大选之年到来时，，既要面临来自富人阶层和共和党的压力，同时，民主党的投票箱也会随着失业人数的增多而不断减少，因此，在当前的情势下，奥巴马政府将会极大程度的支持EB-5投资移民，依靠海外优秀的人财物力资源，来解决本国的经济就业问题，同时，缓解自己的选票压力。当前，涌入中国大陆的美国投资移民项目种类繁多，但是，同时由于申请人数的增多，以及许多申请人对于美国移民政策的陌生并且没有选择正规专业的代理公司，因此，签证的批准率也在陆续下降，其中，I-526申请的批准率仅为77%，I-829的批准率仅为75%。因此，迈斯林的专家提醒广大申请人：虽然当前是申请美国投资移民的大好时机，但是，不能盲目乐观，更不能在不了解详情的情况下盲目申请，同时，要选择正规、专业的代理公司。,5,7,0.6148117184638977
印度艺术家创作出“愤怒的小鸟”现实版(组图)中新网(微博)11月11日电  据外媒报道，印度一名艺术家穆罕默德•拉奥夫近日为知名游戏“愤怒的小鸟”创作出小鸟们的现实版。拉奥夫是这款游戏的忠实粉丝，因此，他将自己想象中 “愤怒的小鸟”应有的现实版长相和色彩用数字技术创作出来。拉奥夫认为，他的作品很好地展现了这些鸟儿的特征。拉奥夫说：“在我浏览‘愤怒的小鸟’中鸟儿们时不禁联想，它们在现实中应该是什么样子。因此便先画出来了一只。没想到朋友们都觉得很形象，所以最后创作了全部鸟类。”拉奥夫表示在作画时，他会尝试着体现出这种小鸟应该有的特点，包括鸟的颜色、表情甚至眼神。,5,9,0.9024186730384827
教育专家另类解读强生“致癌门”美国消费者组织“安全化妆品运动联盟”11月1日发布名为《婴儿浴缸依然有毒》的报告，强生再次陷入“致癌门”。其出产的婴儿洗发水两年前被揭发含致癌物，公司表示会逐步停用，但是最新调查发现，在部分国家和地区，包括中国内地及香港出售的强生婴儿洗发水仍含有可致癌的二恶烷及释放出甲醛的季铵盐-15。一时间，产品质量安全问题又见诸报端，引发热议。日本核泄漏事故后多种食品检测出放射性物质超标，德国出血性大肠杆菌事件殃及多国，台湾塑化剂事件卷入近300家企业，7000项食品下架，制药和化妆品行业也受到波及。如果特色成了危害，还有什么可以放心？质检小问题带来全球大问题在近期多家媒体的访谈中，我们了解到施强留学(微博)管理中心总经理顾晓倩女士不仅对教育、留学(微博)行业有非常全面的了解，对于一些公益、社会性的话题也颇有见地。针对此次强生“致癌门”事件，施强留学网的记者也征询了她的看法，顾总在采访中直言不讳地表示“一旦食品、化妆品这些我们生活中必不可少日用品产生危机，就很容易引发社会问题。强生婴儿洗发水最大卖点是不刺激眼睛，让父母安心使用，但如果特色也成了危害，还有什么可以让我们放心呢？”虽然质量安全和检测任重道远，但的确监控难度也很大，经济全球化加速了国家产业分工，供应链分布更加广泛，一旦发生质量安全事件，难以及时有效清查和处理。新型添加剂和化学品又层出不穷，各国难以及时出台新的监管规定并立即执行。其次，质量安全问题也使得一些国家的经济雪上加霜，顾总还特别给我们举了一个例子，西班牙曾因黄瓜被误判为感染源，而造成了每周2.25亿欧元的农业损失，实在不容小觑。从全球范围来说，这样的纠纷也容易引发贸易摩擦，当年的雀巢，现在的强生都是世界各地很多人的选择，一旦矛盾升级就一发不可收拾了。问题的产生推动问题的解决质量安全问题，推热相关留学专业这些问题不仅影响了我们的衣食住行，更对社会、经济产生了负面效应。那对于教育行业又会有怎样的蝴蝶效应呢？顾总介绍，往往一些大范围的重大现象都会对其他领域产生直接或间接影响，据施强留学管理中心调查的数据显示，自2008年后，各国大学的食品/化妆品安全检测、公共卫生等专业开始受到更多的关注，有了一定百分比的增长。对此，顾总解释，一方面是市场需求，发生问题就要解决问题，因此全球范围内也需要更多具有专业技能、职业道德的人才解除我们的后顾之忧；另一方面也是大家对于生活质量要求的不断提高，希望获得更高的生活品质。以公共卫生专业为例，你可以通过所有有效的渠道运用你的医学知识为公众服务。此领域的其他一些职业包括有社区营养师、公众健康牙医、公共卫生护士、环境科学家、职业安全专家和生物伦理学家等。所以，从这个角度来讲，问题的产生也推动力问题的解决，将会有更多的有识之士来关注这些与我们生活息息相关的专业领域，也许他们未必能直接创造巨大的经济利益，但却融入在我们每天的生活点滴之中。通讯员：施强国际品牌部 费?   来源：施强留学网咨询专线：400-018-0008。更多活动详情敬请关注权威留学网站www.strong-study.com还有新浪微博“施强留学”时时更新。,5,9,0.4460124373435974
教育部：2009年研究生考试涉嫌泄题报道失实中广网北京1月11日消息（记者刘玉蕾）针对有媒体所谓全国硕士研究生英语、政治考试题目疑似考前泄露的报道和推测，记者采访了教育部有关部门负责人。这位负责人介绍说，研究生入学考试全国统考试题是在全封闭入闱状态下，依托题库完成，试卷的印刷、运送和保管都严格按照国家保密规定执行。目前，没有发现异常情况，相关考试已平稳结束。 据了解，在国内一些重要考试期间，有人多次利用网站技术漏洞，发布所谓的“考前试题及答案”等虚假信息，造成试题考前泄密的假象，以达到某种目的。这种行为干扰了考试秩序，破坏了国家教育考试声誉，影响了社会稳定。对此，这位负责人表示，如果出现这样的情况，将配合有关部门，依法进行打击。这位负责人还提醒广大考生，谨防上当，诚信应考。,5,7,0.8839613199234009
骗子号称违造四六级成绩单考委会免费鉴真伪本报讯(记者 李德庆) 即将从长春某大学毕业的李同学，近一段时间都在为找工作忙碌着。近日，在他学校附近的小区里，一张办假大学英语四六级成绩单的广告吸引了他。广告中声称五百元就可以伪造一个大学英语四六级成绩单，而且这个成绩可以在国家正规网站上查询到，专门为学生就业服务。 专家认为，盗用准考证号作假漏洞百出，提醒用人单位一定要认真审核。500元能买个成绩单昨天记者佯装成一名自考生，为了找工作，准备伪造一个大学英语四级成绩单。“四六级准考证号或成绩单都能弄，价钱都是500元。”广告中的刘某如此介绍他的业务。“你放心，我们给你的准考证号都能在教育部指定99宿舍网上或者用手机短信查询，成绩都没有问题。”但他提醒记者，成绩单不是所有单位面试时都能用，“除了在教育口的用人单位不能用，其他单位都没有问题，我已经做好几年了，绝对没有问题，要办最好这两天就交钱。”“你有没有办过的号码？”面对记者的疑问，刘某为了证明自己提供的准考证号真实性，给记者提供了准考证号22033007210×××，随后记者登录99宿舍网大学英语成绩查询页面进行了查询。查询显示了一个2007年12月CET考试成绩信息：成绩总分457分；听力191分；阅读168分；综合32分；写作66分等四项得分的明细，却没有显示考生姓名、所在学校等具体信息。记者通过教育部公布的1066335577短信号码查询，结果显示2007年12月CET考试成绩总分也是457分。盗来准考证号移花接木“你是和教委办有联系，还是和教育部网站有联系？”在记者一再追问下，刘某解释了这个“屡试不爽”的方法。他介绍，办理2006年6月四六级考试改革后的四六级成绩单，需要提供一个成绩合格的他人准考证号和本人的姓名、院校等相关信息。他表示，四六级考试改革后，四六级考试中心的电话成了空号，不能再查验证书真伪，办假证者大可放心。如何找到这样的准考证号？刘某热情地支招：“问问以前同学的准考证号，然后拿来套用。有很多人都是这么做的。”实在找不到相关的准考证号，他表示也可以代为找号。四六级成绩单上的“成绩单编号”是检验证书真伪的依据之一，刘某表示“用你同学的，或者我们这里编也行。”当记者表示，按照这种方法自己也能做出假成绩单，刘某向记者保证自己做出来的假成绩单格式、色彩和红色印章都难辨真伪，与真实的成绩单相差无几。而且只需要先交200元定金，假成绩单做好后现场验货，再收余款。考试委员会免费鉴定真伪记者昨天电话联系了总部在上海的全国大学英语四六级考试委员会，相关工作人员告诉记者，99宿舍网只提供成绩信息，不提供考生信息，就是为避免一些非法网站“以假乱真”。用人单位可以将相关人员的成绩单复印件寄往全国大学英语四六级考试委员会，进行免费的真伪鉴定。     更多信息请访问：新浪四六级频道 四六级论坛 四六级博客圈特别说明：由于各方面情况的不断调整与变化，新浪网所提供的所有考试信息仅供参考，敬请考生以权威部门公布的正式信息为准。,5,9,0.4190199673175812
四六级收费是否过高 物价局：欢迎大学生核查重庆时报讯(实习记者 汪再兴 记者 张璐) 本报进行英语四、六级价格报道后，四、六级考试价格成为了这两天各大高校校园内热议的话题。到昨日为止，志愿者起诉报名人数已达20余人。诉讼发起人西政学生谢芸飞表示，希望先和有关部门座谈，如果座谈不成功，他个人将把这场官司打到底。20余名学生愿当志愿者重庆各大高校的学生看到西政学子的四、六级成本调查后，目前已有20余名学生表示愿意当诉讼的志愿者。针对价格问题，西南大学学生李国唯提出疑问：“四、六级的价格成本不过20元左右，那剩下的30元到哪里去了？1998年以前只收40元，为什么现在要收50元？”重庆大学研究生魏绮芳说：“很多学生四、六级考了多次，准考证和电子采集重复收费，是否有强制之嫌？”谢芸飞称，最近几天还将在各大高校完成四、六级成本调查。市物价局欢迎查具体价格昨日，谢芸飞对高招办“高科技手段增加10元成本”的回应表示质疑。他说：“重庆市物价局在关于高等教育大学英语教学水平考试PVC卡和电子采集上明文规定是考生自愿，但实际情况是不办理这两样，考生无法参加考试。”他表示将继续采集调查资料和志愿者一道与物价局进行座谈，如果不行再上诉。重庆市物价局副局长刘卫东欢迎大学生到物价局核实具体价格，他说：“同学们的调查结果和物价局核定价格之所以差异大，很可能是因为同学们不知道其具体的操作环节。”刘副局长表示。律师赞赏公益诉讼愿当顾问针对诉讼人到底应该是高等教育自考办公室还是物价局的问题，律师蒲万纯和谢芸飞看法不一。谢芸飞认为，高等教育办公室收取学生费用，如果要诉讼自然要找他们。蒲律师表示，愿意和谢芸飞共同研究这场公益诉讼，同时对大学生们这种公益诉讼的行为表示赞赏，并愿当谢芸飞的法律顾问。     更多信息请访问：新浪四六级频道 四六级论坛 四六级博客圈特别说明：由于各方面情况的不断调整与变化，新浪网所提供的所有考试信息仅供参考，敬请考生以权威部门公布的正式信息为准。,5,7,0.511290967464447
"英语四六级考试将至 西安有人兜售“短信手表”本报讯 (记者 张小乙 实习生 赵崇霖 郭秀娟) 今年全国英语四六级考试将在6月下旬进行。随着考试的即将到来,一些新的高科技作弊设备应运而生，其中一种被叫作“短信手表”的作弊工具在我市出现。一位不愿透露姓名的大学生日前向记者反映，四六级英语考试将在6月21日和22日进行，在我市一些高校周围的电线杆和校园内一些公厕门上，出现了不少销售各种考试作弊工具的野广告，其中有一种叫“短信手表”的作弊工具。据他说，这是今年“新推出的设备”。为了搞清这种所谓“短信手表”的真相，昨日，记者以买家的身份，与一个野广告上留的电话取得联系。一个小伙子说，“短信手表”是今年推出的“新产品”，各类考试都可以用，它“效果好，还反屏蔽。用它考四六级保准畅通无阻。”他还称，一套工具加考试答案售2000元，“若要得多，价钱还可以商量。”采访中一些学生对记者表示，这种考试作弊用的新“设备”，不仅给监考带来难题，更严重影响考试的公平性。他们希望有关部门对这种作弊工具严查严罚。     更多信息请访问：新浪四六级频道 四六级论坛 四六级博客圈特别说明：由于各方面情况的不断调整与变化，新浪网所提供的所有考试信息仅供参考，敬请考生以权威部门公布的正式信息为准。",5,9,0.310731440782547
"2008年6月英语四级A卷完整答案(交大外院版)Part I Writing 范文 121st century has brought with it an unprecedented variety of recreational activities ranging from traditional outdoor activities such as playing ball games to all kinds of online ones, the latter of which is a great appeal to the young generation. So I’d like to narrow my topic down to online recreational activities.It goes without saying that various activities brought by modern technology have greatly broadened our horizon and brought much excitement to us. With access to the Internet, you can get to know people from any country in the world and you can talk with them, play games with them --- a temptation very hard to resist, and even see them via web cam. The disadvantage, however, is that anyone who lacks self-control would very easily get lost and become addicted to the online world, which in turn might seriously affect their life, work and interpersonal relationships. As a college student, I think what really matters is to make better choice and exert more discipline. We’d better take advantage of good online recreational activities to enrich our lives and broaden the scope of knowledge. When it comes to those addictive, time-consuming and less meaningful activities, I think to stay away from them is a wise decision. 范文 2With the development of living standard, people spend more time on various forms of recreational activities. People can do sports, singing karaoke, go dancing, go to the movies, play video games or online games, or surf the Internet. Recreational activities are good to people’s health, both physically and mentally. Sports and dancing can keep people fit. Singing karaoke, playing video games or online games can satisfy people’s imagination. Surfing the Internet can bring people a lot of information and knowledge.However, recreational activities might be harmful if people are addicted. Spending too much time on recreational activities will seriously influence people’s normal lives, especially work and study. Therefore, people will benefit from recreational activities only if they take part in them properly.    更多信息请访问：新浪四六级频道 四六级论坛 四六级博客圈特别说明：由于各方面情况的不断调整与变化，新浪网所提供的所有考试信息仅供参考，敬请考生以权威部门公布的正式信息为准。",5,8,0.6116321086883545
"2008年6月英语四级B卷完整答案(交大外院版)Part I Writing 范文 121st century has brought with it an unprecedented variety of recreational activities ranging from traditional outdoor activities such as playing ball games to all kinds of online ones, the latter of which is a great appeal to the young generation. So I’d like to narrow my topic down to online recreational activities.It goes without saying that various activities brought by modern technology have greatly broadened our horizon and brought much excitement to us. With access to the Internet, you can get to know people from any country in the world and you can talk with them, play games with them --- a temptation very hard to resist, and even see them via web cam. The disadvantage, however, is that anyone who lacks self-control would very easily get lost and become addicted to the online world, which in turn might seriously affect their life, work and interpersonal relationships. As a college student, I think what really matters is to make better choice and exert more discipline. We’d better take advantage of good online recreational activities to enrich our lives and broaden the scope of knowledge. When it comes to those addictive, time-consuming and less meaningful activities, I think to stay away from them is a wise decision. 范文 2With the development of living standard, people spend more time on various forms of recreational activities. People can do sports, singing karaoke, go dancing, go to the movies, play video games or online games, or surf the Internet. Recreational activities are good to people’s health, both physically and mentally. Sports and dancing can keep people fit. Singing karaoke, playing video games or online games can satisfy people’s imagination. Surfing the Internet can bring people a lot of information and knowledge.However, recreational activities might be harmful if people are addicted. Spending too much time on recreational activities will seriously influence people’s normal lives, especially work and study. Therefore, people will benefit from recreational activities only if they take part in them properly.    更多信息请访问：新浪四六级频道 四六级论坛 四六级博客圈特别说明：由于各方面情况的不断调整与变化，新浪网所提供的所有考试信息仅供参考，敬请考生以权威部门公布的正式信息为准。",5,8,0.6116321086883545
"08年6月英语六级阅读答案(北京新东方版)北京新东方学校 屠浩民PART TWO SKIMMING & SKANNING 1.D Scientist's vision of the world in half a century 2.B may not come true 3.A humans won't have to donate organs for transplantation 4.C live to 100 and more vitality 5.C alien life will likely be discovered 6.A might survive all catastrophes on earth 7.D lost fingers and limbs will be able to regrow 8.artificial intelligence 9.weapons 10.religion PART FOUR READING COMPREHENSION 47. causing a reaction 48. an emotional debate 49. The approval of every victim’s family. 50. exploiting a national tragedy 51. raise awareness 52,B, Their currency has slumped. 53,C, They have to spend more money when buying imported goods. 54,D, They think of it as a good tourist destination. 55,C, They vacation at home rather than abroad. 56,A, The dollar's value will not increase in the short term. 57,D, They care more about which college their children go to than the children themselves. 58,A, They want to increase their children's chances of entering a prestigious college. 59,C, Kid' actual abilities are more important than their college background. 60,B, Degrees of prestigious universities do not guarantee entry to graduate programs 61,D, they overemphasize their qualification in job applications.     更多信息请访问：新浪四六级频道 四六级论坛 四六级博客圈特别说明：由于各方面情况的不断调整与变化，新浪网所提供的所有考试信息仅供参考，敬请考生以权威部门公布的正式信息为准。",5,9,0.6834256052970886
四六级假证竟能网上查分 几乎难辨真伪假证几乎能乱真，还能网上查成绩。四六级考试结束后，高校内贴满了办证广告，号称花几百元，就能办到以假乱真的四六级证。近日，记者假扮应届毕业大学生，与两个办理四六级假证的机构取得了联系。交涉中，两个机构分别开出了300~1000元不等的价格。其中，网名为“08本科直通车”的办证贩子称，能网上查分的四六级证最贵，分别报价600元和1000元。另一个自称姓李的假证贩子称，网上查询时只能查分，不会透露分数对应的学生信息。利用这个规则，只要套用了别人的准考证号和成绩，假证也能在网上查分。不过，由于今年的四六级成绩还未出来，而网上只能查询最近一次考试的成绩。因此，想要办网上查分的六级证还需等几个月。    更多信息请访问：新浪四六级频道 四六级论坛 四六级博客圈特别说明：由于各方面情况的不断调整与变化，新浪网所提供的所有考试信息仅供参考，敬请考生以权威部门公布的正式信息为准。,5,1,0.4466719925403595
教育部：四、六级口语考试25日起报名(记者 徐媛)昨日记者从教育部门获悉，2008年12月全国大学英语四、六级考试口语考试报名时间为10月25日9时至30日16时30分。考试日期为12月6日至7日(两天)。此次口语考试的报名资格为，参加2005年6月至2008年6月全国大学英语四、六级考试，且四级成绩为550分以上(含550分)或六级成绩为520分以上(含520分)；参加2005年1月(含)以前全国大学英语四、六级考试并已获得四、六级证书的在校学生，且四级成绩为80分以上(含80分)或六级成绩为75分以上(含75分)。口语考试采用网上报名方式。考生自主选择一个考点报名参加考试。湖南有湖南大学和湖南师范大学两所高校接受报名，因考点容量所限，报名额满为止。每名考生报名费为50元。考生必须首先登录网站www.cet.edu.cn网上报名。网上报名成功后，考生到所报考点进行现场缴费，领取准考证。考生只能选择一个考点报名。不得重复报名。    更多信息请访问：新浪四六级频道 四六级论坛 四六级博客圈特别说明：由于各方面情况的不断调整与变化，新浪网所提供的所有考试信息仅供参考，敬请考生以权威部门公布的正式信息为准。,5,7,0.6243287920951843
组图：聪明主妇 换季收纳醒目小法则导语：在收纳方面，日本人一向都是专家———因为居住空间有限，他们甚至将收纳发展成了一项专门的学问。我们这次邀请了在日本生活过很多年、在这方面有不少心得的陈菲，来介绍一些微小但又非常实用的收纳法则。法则1 化零为整很多人看来，收纳主要是几大类物品：书籍、衣服、鞋子，占地占空间，收起来费时又费力。其实这几类在收纳的时候倒是目标明确，该往哪里去就往哪里去。而最让人头疼的是生活中那些永远无法归类的零零碎碎小东西：充电器、针线包、指甲锉……对于女孩子来说，还有一大堆瓶瓶罐罐的彩妆、护肤品……这些东西日常生活中时不时需要用到，属于不存在“换季”性质的那一类杂物，所以收纳起来有一定的难度———由于形状不规则，体积又很难压缩，要把它们分门别类收很难；把它们一股脑儿统统扫进一个抽屉里去吧，那当下是眼不见为净了，但要用的时候翻找起来可就麻烦了。对待这类杂物，陈菲的最大原则是：化零为整。“一件一件的小东西会让人感觉很乱，很没有章法，但是把它们变成一个相对来说较大的整体以后，就要清爽得多了。于是陈菲在衣柜中专门腾了一个小格子给这些“杂物”，共分为上中下三层，第一层是彩妆用品，第二层是美甲用品，第三层是电器连接线、充电器等等。容纳它们的器物是无盖的硬质塑料盒，一个矩形的大盒里面分成了四五个大小不等的小区域。可以对某一类的物品再稍加细分。要用的时候，就整层地拿出来。这样还有一个好处是能保证用完之后，这些小零碎们都能物归原处，减少了日积月累堆积起更多的收纳工作。另外一个化零为整的好主意是首饰的收纳。耳环、项链、手链这些都是爱美女孩子的必备，却又最容易弄丢。陈菲的做法类似于首饰店，但她说灵感来自于一次美术展。“在展览上我看到一幅画，远看很像排列着的首饰，我忽然灵机一动，想到我的首饰就可以效仿此法来收拾，没准儿远看也能变成一副很漂亮的装饰画。”这个首饰收纳架的成本非常低，宜家的便签板(如果讲究一些的，可以用画框和画板来做)不到20块钱，图钉一盒三块钱，钉满整板也没用完。如果怕钉不牢，可以在图钉头上涂一点胶水，那样更稳妥。然后，就开始分门别类地把宝贝们往上挂吧。完成后的首饰板，可以靠在梳妆台的一角，可以钉在墙上，也可以挂在衣橱门的里面。陈菲说，如果是挂在衣橱里，又怕首饰勾到衣服的话，就在板上再钉一块薄棉布，用的时候掀开，不仅方便，而且能起到很好的保护作用。法则2善用小工具法则一里所说的塑料盒、便签板和图钉都属于非常好用的小工具。此外S形挂钩、圆弧形挂钩以及多环挂钩都是很好用的小工具。这在服装类的收纳上体现得尤为明显。衣柜里，春夏季的棉质小配件类的衣服，质地薄、不怕皱，叠起来更加节省空间，按照吊带类、短袖类、有领类分开堆放，穿时找起来也最为方便。其他的中长袖上衣、裙子、外套都更适宜挂起来放，不易皱。首饰板上挂不下的长项链，可用S形挂钩挂起来，丝巾、围巾用圆弧形挂钩来挂，一个挂钩可以挂上三十条围巾都没有问题，而所占的也不过是一件上衣那么大的位置。这种做法对于绝大部分材质的围巾来说都是适用的。一小格一小格的井字状空间经常被设计在衣柜的抽屉中，用来收纳内衣裤和袜子。但如果你的衣柜里没有留出这样一个空间，自己动手做一个也很简单。找个空盒子，材质无论塑胶或帆布都行。用清洁的硬纸板按照盒子的大小自行隔出任意的格状空间即可。市面上用来放置文具或小工具的收纳盒乃至于精美的月饼盒都可以照这个方法物尽其用。法则3按类别细化收纳细化收纳的意思是，在同一类别的收纳物中，也要注意它们不同的“个性”，采取不同的收纳方法。以衣服为例，通常来说衣服都以不皱为好，但偶尔也有那么一类，是需要形成“皱皱的”休闲风格的。陈菲有一个收纳的好方法：像拧毛巾一样把它卷卷卷……然后打一个大结。无论是围巾还是衬衣都可以这样收纳，只不过要注意在卷衬衣的时候，把领子和袖子留在外面。展开来的时候效果又漂亮又自然，基本上一天下来也不会恢复成平板状。牛仔外套、小西装挂的时候，要注意把领子拎起来，这样穿的时候领口部位会有自然的挺拔感，更加帅气有型。同时，也避免了一段时间不穿，折起来的领子部位会堆积出一条灰尘线，发毛褪色。连衣裙、挂脖裙是不适宜挂的，尤其不适宜从肩部或者挂脖的吊带处挂，时间长了会拉长、变形。从腰部折叠起来再搭在衣架上，或者用架子从腰部夹起来才是正确的做法，Zara、H&M里的连衣裙都是这么挂的。法则4利用不可能空间家居用品之中经常有一些被我们忽略的小空间，这些地方如果能够巧妙地利用的话，同样会为节省空间、收纳杂物起到很大的作用。例如，在衣柜里挂衣服的时候，规划一下衣服的长短，依次挂放，上下两层衣服之间就可以空出一定的空间来，将包包搁在这个空间里，是最让人出乎意料的好主意。浴室清洁剂、衣物除味剂这类有把手的小瓶子小罐子，无论是放在地上还是柜子上，时间一长，底部那一圈都很容易积灰，在最顺手的地方挂起来———例如，浴室清洁剂挂在淋浴间把手上，衣物除味剂挂在衣架底座上，用起来也方便，也不会占用地面或者台面空间。生活中，这样意料之外的空间还有很多：厨房的柜子里，多利用多层隔物架，你会发现一个柜子里放的东西多了不少；门后钉上成排的挂钩，穿过又暂时不用洗的外衣也有了合适的安放之处；冰箱门上贴一些磁铁夹、挂钩，常用的菜谱、围裙、厨房用手套、擦手巾之类也就都能各归各位，井井有条了。法则5该遮的遮起来这一招是the last，却也是the best。陈菲示范的将杂物盒收纳进衣柜的一个格子里的做法，所用的也是这条原则。否则即便收进了三层塑料盒里，但若是放在梳妆台上也一样效果不显著。另一个效果很明显的就是鞋架———收得再整齐，也不如整体性地用一块漂亮的花布挂下来做个小帘子。对于懒人来说，这一招倒是最简单也最能出效果的。,6,3,0.7543824315071106
范冰冰 在梦想的仙境一路漫游“演员梦”——范冰冰前传：妈，我要当演员！要了解一个人，就该了解她的成长背景。烟台是范冰冰15岁以前生长的城市。她父母都是有文艺追求的人，只是最后没有走上成名成家的道路，所以把希望都寄托在女儿身上了，家境不富裕的条件下，还花5000块钱买了架钢琴。小时候的她，除了音乐天赋还有些运动天赋，初二的时候能跑全程马拉松，但是她讨厌枯燥的训练，所以在音乐老师和体育老师选苗子的时候，她选择了音乐。但她又是那种喜欢尝试新事物的人，仗着小聪明，陶醉于什么东西一学就会的快感，再往下深究就没耐心了。父母曾经把她反锁在屋里练琴，她呢？哪里有压迫哪里就有反抗，踩着钢琴跳窗而出，投到同学们的怀抱中，她当时是那一片儿的孩子王。当时在学校里有不少追求者，他们的手段都很低端，就是把她自行车胎扎漏，然后在她推车回家时站出来帮忙。她爸想老这么修车也不是个事儿啊，万一遇见坏人呢，就每天开摩托接送她上下学。结果有一次他们俩被一个新手司机撞到，还在车下被拖行了18米，从地上拉起来时，已经是两个血人。幸亏都没受致命伤，她在医院里躺了3个月出院了。不过这3个月让她错过了升学考试，接下来要么是重读一年再考，要么是去谢晋在上海办的影视学校，她选择了后者。如果喜欢一个人，我有这个能力让他主动来追求我，而且不需要什么眼神、动作之类的暗示，我会让这个人觉得我很可爱，绝不扭捏。“爱情梦”——男人：白马王子其实不可靠，不给劲儿确实是，每个女孩在成长期里都会对男人有不同的期待，都会变。比如我小的时候就喜欢琼瑶式的哥哥，马景涛、刘德华那样的白马王子，长大后，觉得白马王子有时候不太顶事，不可靠，不给劲儿。然后就觉得，应该找对我的人生态度起一些引导作用的人，很踏实，或者就是他的人品要好。我喜欢话少但言之有物的人，而且很喜欢看一个男人认真工作的样子。“品牌梦”——工作室：范冰冰这个品牌，有很多切割面采访前一天，范冰冰刚从陈凯歌新片《赵氏孤儿》的开拍仪式上回来，据说由于明星扎堆，当地群众的反应过于热烈，搭起的媒体台都给踩塌了。于是疑问产生了，范冰冰为什么总能得到最好的机会？“不是我选这个戏，是这个戏选了我，我觉得自己很幸运，陈凯歌是我很尊敬的导演，因为我最喜欢的一部中国电影就是《霸王别姬》，我已经看了十几遍了，一直到去年我从国外回来的飞机上在放，我还是可以不睡觉再看一遍。我对他个人是有崇拜的，特别我现在自己在做工作室，这次合作也是很好的学习机会。”[后记]采访时，范冰冰就坐在我们对面的沙发上，双腿盘起，两手拨弄着脑后的马尾。绿色波鞋里冒出一小截咖啡色棉袜，袜筒处绣着一只大大的泰迪熊。她右手边，是戴着耳麦、身材健壮、宛若黑衣保镖的经纪人——这情景，好像她不是老板，而是被名利劫持的无辜少女。 说话间，她好看的浆果嘴唇慢条斯理地开了又合，一边施施然用手捏起一片湿纸巾，拼命揉搓起画了浓重眼影的眼周——于是我们立马就看见了两只千载难逢、正面全裸的熊猫眼圈。此时此地，是夜半零时，小汤山，五环外。影棚外荒村寂寂、黑影重重；影棚内，除了范老板还在侃侃而谈，助理人等早已东倒西歪——不享受阳光、不习惯闲适的她，仿佛就是为了这个时刻而生，且极适合在这个缺少光明的世界生存，小小梦游。,6,2,0.3852204978466034
组图：高调复出 话题女星华服亮相上影节导语：第13届上海国际电影节红毯仪式在上海大剧院隆重举行。当晚的红毯秀齐聚多位话题女星，张柏芝、赵薇两位明星妈妈的惊艳现身引起全场瞩目；近来卷入鄢颇被砍案件的李小冉也随新片剧组出现在红毯，近日高调复出的阿娇也大方随剧组走红毯。本届上海电影节相信是近年来最热闹的一届，不仅邀得赵薇担任金爵奖评委，为其制造了产后复出的机缘，与张柏芝相比，身穿深粉红长裙亮相气色不错，赵薇的产后瘦身似乎要成功一点。    细节点评：赵薇的西瓜红色小礼服用了今年最流行的薄纱和亮片拼接，搭配突显高贵气质的项链即活泼甜美有不失典雅。刚生下第二个儿子的张柏芝虽然已瘦了不少，但依然略显肥胖，尤其是脸蛋儿非常丰润，颇有少奶奶味道。从她的选择的衣着看出，她还不敢穿上性感晚礼服走红毯，而是穿上了宽松的黑色裙装外套。    细节点评：张柏芝未性感晚礼服走红毯，而是穿上了宽松的黑色裙装外套，色彩艳丽的印花内搭，使黑色外套不再沉闷，漂亮的头饰也是今年非常流型的单品，时尚感还是很不错。,6,2,0.8851656913757324
JACK PURCELL 打羽毛球网球穿最适合羽毛球、网球与壁球等运动要求与之相适应的耐用而合适的运动鞋，JACK PURCELL对球鞋自行研究与改良，并参与研制策划，为了记念其贡献，这种运动鞋以JACK PURCELL命名。,6,3,0.41077134013175964
可爱米奇形状戒指造型独特米奇形状的蝴蝶结，造型独特，十分可爱丰富的水钻，富有光泽，很有质感。丰富的水钻组成的猫头鹰，尺寸较大，让你戴起来个性十足哦色调略有仿旧感。,6,3,0.8157945871353149
时尚宝石戒指很有质感糖果色调，甜美可爱。苹果造型非常可爱呢搭配精致的水钻作为点缀，让你指上生辉！采用金属材质，做工精致，很有质感彩色坠饰，吸引眼球。,6,3,0.5723556280136108
特别的骷髅戒指酷感十足采用金属材质，做工精致，很有质感，还可以自动调节大小呢！大缀饰修饰戒指表面，非常引人瞩目哦！很特别的一款戒指，挂在手指上的非常好看很酷呢！不是很重，而且尺寸也可以调节的，佩戴无敌舒适！,6,3,0.4810710549354553
组图：驻阿富汗英军“防弹内裤” 武装到命根子导语：信息时报综合报道 防弹内裤的点子或许引人发噱，但背后的意义却异常严肃。英国媒体6月26日指出，驻阿富汗的英国部队，可能很快就会采用一种最新保护装置——防弹内裤。随着路边炸弹威力增强，腹股沟部位及下半身受伤的人数不断攀升，具保护功能的裤子不久可能变成士兵的重要装备。防止爆炸中碎片冲击军事配件供应商“BCB国际”近期将开始贩售“炸弹平角裤”一般民众，一件由克维拉纤维制成的平角裤售价不到60英镑。英国国防部正考虑一种以密织丝衬垫保护最脆弱部分的款式。以这种织法，丝料十分坚韧，却比克维拉更有弹性。听起来有点搞笑，不过这种合成纤维的内裤确实可以让士兵最脆弱的地方免受伤害。如果士兵直接踩到了路边炸弹上，这种内裤也无能为力，不过可以阻止爆炸中小碎片冲击，如果碎片造成股沟动脉破裂或损伤，失血过多也可能造成生命危险。反应 受军人欢迎 “很愿意穿”英国军人十分欢迎这种新产品，最近随部队从阿富汗返国的下士莫瑟表示：“你在外头巡逻，头部有钢盔保护，身体有盔甲，但下半身什么也没有。”一些在英国本土参与试穿的士兵说，很愿意穿上这种保护内裤，不过如果到了阿富汗前线，却不一定行得通。“那里太热了，在行动中多一点东西都不想加在身上。”另一名士兵说，“如果是夫人的命令，那当然得穿。”不过一名女兵却很不以为然，她说，“如果我问丈夫有没有穿防弹内裤，他一定会说穿了。其实，穿没穿鬼才知道。”,6,9,0.558563768863678
组图：神奇内衣又能丰胸又能存酒美国一家公司正在热销一款“丰胸”内衣，一对设计巧妙的口袋能容下一瓶酒分量的液体。这款产品有个名副其实的名字“酒架(Wine Rack)”，有小码(32A-34B)和中码(34C-38C)两种规格。利用密封水袋来垫高，装有750毫升酒的内衣可以使穿它的人胸部大两码！另外，这家公司没有忘记利用这个技术给男士们也带去点福利，另一款“酒架”，男士们可以将它戴在肚子上，喝酒的时候“啤酒肚”就会渐渐变小。,6,9,0.7449491620063782
组图：百年泳装 长短变化折射观念更新据英国《每日邮报》7月31日报道，现年84岁的马威斯太太最大的爱好就是收集泳装，她从上世纪50年代开始，收集了全英国500多件制作精良、款式迥异的女士泳装，藏品的时间跨度达将近150年。马威斯太太年轻时经常身穿这些泳装，在丈夫的镜头前摆pose。近日，她将自己的珍贵收藏放在一座海滨博物馆公开展出，希望从一个侧面反映人类观念在这100多年中的变化。(张品秋)据英国《每日邮报》7月31日报道，现年84岁的马威斯太太最大的爱好就是收集泳装，她从上世纪50年代开始，收集了全英国500多件制作精良、款式迥异的女士泳装，藏品的时间跨度达将近150年。马威斯太太年轻时经常身穿这些泳装，在丈夫的镜头前摆pose。近日，她将自己的珍贵收藏放在一座海滨博物馆公开展出，希望从一个侧面反映人类观念在这100多年中的变化。(张品秋),6,5,0.38053521513938904
组图：娜塔莉PK杰西卡 威尼斯众女星谁更胜一筹导语：没想到今年的威尼斯电影节，可以用“极度冷清”来形容。若不是开幕片《黑天鹅》主演娜塔莉-波特曼和生猛B级片《弯刀》的主演杰西卡-奥尔芭来撑场，开幕式红毯秀简直“惨不忍睹”。电影还未过招，这两大顶级美女先上演了一场红毯PK战。还有些意大利的本土明星名气不算太大，但她们依然个性十足，尽现欧美女星风范，让星光暗淡的红毯多多少少还是闪现了一些星光。往期花边报回顾：娜塔丽-波特曼 (Natalie Portman) 亮相2010威尼斯电影节开幕片《黑天鹅》Black Swan)首映式，一件饰有Swarovski水晶的正红色罗达特 (Rodarte)长裙搭配了白色的迪奥 (Dior) 手抓包，仪态优雅笑靥如花，宛如一只天鹅掠过红毯，留下“惊鸿艳影”！9月1日，《弯刀》(Machete)威尼斯电影节首映杰西卡-奥尔芭红毯上的亮相是VALENTINO的高级定制，抹胸+短裙塑造娇俏青春气息，拖尾的裙摆优雅大气，又甜又有范儿，芭姐真是360度全角动人哇！《黑天鹅》记者会，娜塔莉-波特曼紫色摸胸小礼服俏丽可人。,6,2,0.5563532710075378
红色配咖啡色系要缩小红色面积红色配咖啡色系时缩小红色的面积是很高级的。这种发灰的铅锡色系也是咖啡色家族的，中国人穿这个色系很容易脸色蜡黄和灰暗，所以加上红色的点缀就会赶走肤色的暗沉了。咖啡色配绿色系是很高雅的配色。尤其墨绿配咖啡色，有种低调的奢华。如果你的肤色偏暗，黑眼珠和头发都是浓黑的，有种巧克力美人的感觉，试下这种配色吧。在中国的广东一带，这样肤色的深色型人是很多的。紫色系也是咖啡色的很妙配色，你的很多衣服其实不是不美，而是你的搭配无方埋没了它的潜质。你有很久没碰过的深巧克力色的衣服吗，不妨试下这个紫罗兰的包包哦。一定让你惊呼咖啡色72变的本领。黑色配咖啡色虽然不出错，不如深海军蓝更有味道。这种配色中国人穿由于发色和眼珠颜色的单调尤其会显老气。换成深海军蓝是缓解沉闷的好办法，也更适合亚洲人的黄种肤色。这种手工感十足的配饰配白色衣裤虽然不出错，但并没有配出其特色。如果整身增加大面积的咖啡色系会立即不同的。苍白、单调感、饰物和衣服的搭配显得牵强是这身衣服的不完美之处，学习正确和有效的颜色搭配知识是拯救你很多衣饰的最好办法。整个图片为什么没有因为整身的咖啡色和黑包显得沉闷，秘诀在哪里呢？你知道吗？什么颜色在图中起了决定性的作用呢？漂亮配色的原理都是相通的，不仅仅用于你外表的漂亮，咖啡色也是家私的主色，如何让你的家活色生香起来你已经学到了吧。有关个人形象咨询、服饰搭配师及色彩顾问培训请登陆中国总部：http://www.qixincolor.com全球总部：http://www.colourmebeautiful.co.uk博    客：http://blog.sina.com.cn/u/1265683744,6,3,0.9751923084259033
组图：另类创意  惊骇世俗的Bra雕塑导语：Bra艺术家Laura Ann Jacob有感于当今社会人们所遭受的“乳房困扰”，创造了一系列惊骇世俗的Bra雕塑。,6,9,0.42356109619140625
组图：狄仁杰热映 李冰冰刘嘉玲戏外装PK导语：眼下《狄仁杰之通天帝国》正火热播映。剧中的“武后”刘嘉玲和“上官静儿”李冰冰在参加影片宣传时大秀穿衣功力。只见嘉玲姐豪华钻饰披身，好不威风；李冰冰一袭流苏摆小礼服裙惊艳全场。《狄仁杰之通天帝国》正火热播映，剧中的“武后”刘嘉玲和“上官静儿”李冰冰在参加影片宣传时大秀穿衣功力。究竟谁的衣品更对你的胃口？《狄仁杰之通天帝国》台湾记者会10月7日举行。徐克、邓超、李冰冰、刘嘉玲出席。刘嘉玲围着头巾造型另类度假风来袭，酷似女海盗。,6,2,0.62628573179245
组图：10款收纳小物 女人衣柜必备导语：收纳似乎是女人永远的话题，就像女人一辈子都在减肥。女人为减肥而痛苦，同样的，女人也在为收纳而纠结——东西为什么总是这么多？衣柜为什么总是不够用？还总是乱糟糟的？有没有想过，其实是你的收纳方法不当！借助一些小工具，再发挥你的勤劳，一切都会井井有条的。1.内衣裤收纳盒内衣裤是女人最贴身的衣物，清洗干净后，怎样收纳才能整洁不凌乱又保证贴身衣物不被二次“污染”？内衣裤收纳盒已不是什么新鲜东西，相信很多MM早就收入囊中。使用内衣裤收纳盒的好处就在于可以把内衣裤与衣柜中其他衣服隔开，而且拿取方便。竹炭材质的内衣收纳盒，透气性应该不错。可以收纳7件内衣。无纺布材质也比较多见，而且花色似乎更吸引人。这种内置格子的收纳盒，就比较适合收纳内裤，放袜子也不错。有盖和无盖的，就看你自己的喜好了。,6,3,0.9168068170547485
组图：网友拎塑料袋出去背LV回来导语：20%的征税比例，苹果iPad因为其特殊性被推向了“海关征税”事件的风口浪尖。以至于月初商务部向海关发出相关咨询函，认为中国加入WTO后的重要承诺之一就是对各类计算机实施零关税。而近日海关则回应称，严征税主要是为了打击“水客”，为了维护正常的通关秩序。两种规则的来回“碰撞”，没能动摇海关总署的执行力度。昨日上午，商务部亦表示支持海关履行职责，认为收税是海关根据自身职责和当前新情况作出的举措。值得注意的是，“严打”之下灰色产业链确实开始动摇，但同时产生的“副作用”亦相当明显 赴港购买自用的数码产品？不敢、不敢。“一部iPad要征1000块的税，我买来只有4000多。”“5000元人民币的限额，一个大牌的包包也不止这个价吧？”……54号公告让喜欢到国外“扫货”的人们一时乱了阵脚。对于如何查验的问题，海关有关人士表示，那些经常往来代购或者具备代购条件的人，比如旅行社的领队等，都是海关重点“关注”的对象。留学生开始急了 从国外回来得“裸奔”针对54号公告，甚至有留学生发布了“回国攻略”：回国用塑料袋装行李，因为两个手提箱就得2000元人民币左右；iPad就地处理；回国只穿内衣内裤；课本、手机、电脑、MP4和相机全都扔掉，最好光着身子回来，保证自用物品金额低于5000元人民币——结论：“裸奔”。网友3大邪门攻略好不容易出一趟国，不“扫点货”回来不甘心，但如果被海关“逮着”征税，那可就更不甘心了。俗话说，上有政策下有对策，网友们也在网上争相晒起了“避税攻略”。攻略1 拎塑料袋出去背LV回来拎着塑料袋出国，背个LV回来。不是要征税吗？索性出国的时候随身拎包都省了，直接把钱啊、卡啊都塞进塑料袋里，到了国外买下心仪已久的LV，直接将标牌一剪背身上，背在身上的包，回国的时候海关不查了吧？点评：这个做法听起来很具操作性，而且对于那些在国外买大牌真正出于自用目的的人来说，更是显得很实用。可百密一疏啊，您别忘了，按照规定，如果您背着LV出国的时候就得主动申报。总不能出境的时候就拿着塑料袋申报说，这是我的LV吧。如果不能提供申报证明，又不能提供在国内购买的凭证，回国的时候被海关“逮着”了还得一分不差的把税给交咯。攻略2 用假名牌换真大牌塑料袋换LV风险太大，来个可靠点的，假名牌换真大牌。当然，这个方法依然针对自用人群。出国前就相中了PRADA的大衣，LV的包包，先整套A货充“行头”，出境前光明正大的主动申报：看好咯，这可都是我在国内购买的大牌啊。到了国外直奔专柜，把朝思暮想的正品捧入怀中。回国过海关的时候，雄赳赳气昂昂，递上申报表，一出完美的“偷梁换柱”就此落幕。点评：这个做法听起来比塑料袋换LV要可靠一些，可兄弟姐妹们，这“投资”也比塑料袋大了去了，粗制滥造的假名牌咱申报的时候也没勇气、没胆量递给海关人员，就算鼓足勇气递了过去，别忘了，海关有项职能是缉私打假，这能逃过人家的“火眼金睛”吗？得花点血本整套精仿的A货吧，起码人多混乱的时候也容易蒙混过关，可这价格也不便宜啊，甚至都能赶上税钱了。更要命的是，最终回国的时候要想把正品带回来，那可得先把伪品扔了才行，毕竟鱼和熊掌不能兼得啊。攻略3：通过邮寄“曲线避税”随身携带“不方便”，能否采取“曲线政策”，把买好的东西从国外寄往国内呢？此外，据了解，应征进口税税额在人民币50元(含50元)以下的，海关予以免征，那么可不可以多邮寄几样东西分摊税费呢？这是不少网友打的如意算盘。点评：如今，邮寄渠道也在“严打”。据悉，为了加强对海外代购行为的监管，根据海关总署的公告，9月1日起，个人邮寄进境物品，海关依法征收进口税，但应征进口税税额在人民币50元(含50元)以下的，海关予以免征。个人寄自或寄往港、澳、台地区的物品，每次限值为800元人民币；寄自或寄往其它国家和地区的物品，每次限值为1000元人民币。应征进口税税额在人民币50元(含50元)以下的，海关予以免征，那么这个税额如何计算呢？其实很简单，进口税额=完税价格*税率。以服装为例，如果要从国外邮寄入境一件上衣和一条裤子，那么税额就为：(300+200)*20%=100元。网友心得：蒙混过关为上策，实在不行那就乖乖交钱吧。网友青苹果说：一般只要包裹不要太大，跟重量没关系，但海关查到你的包裹了会发一份挂号信给你的，内容大致为需要你自己带好证件及挂号信到当地的海关驻邮办去领取，到了那边海关窗口的工作人员会当你的面打开包裹(开包裹时会有很多人来围观哦，人的好奇心永远是第一位的~~)，然后对里面的物品进行估价，如果他们认为物品价值大约500元RMB，那超过部分需要交付大约20%的个人所得税，(需要注意一下，他们所谓的估价是很高的，通常是按照商场零售价来定的，所以最好你打印一份PAYPAL付款的收据，即使是很贵的东西只要你买的不贵都没问题的)，如果你想有效避免这类问题，可以让卖家把物品写成Gift，然后申报低于100美金的价值，外包装上不要出现品牌标记，一般就没问题了，以上是我的个人经验，去过好几趟海关驻邮办了，希望对你有帮助。 (最近一次去，看到一个倒霉蛋从日本买了一块不知道什么手表，海关一查说价值1万2， 他乖乖的交了2000多才拿走， 呵呵)网友abcwumin ：一定不要把购物单放在外面，写成gift最好。网友daile2000：大家不用担心，我有个好朋友在北京首都机场海关旅检处，我给他打电话咨询带ipad的事，他说ipad带个1-2个都没什么关系，外壳包装也不用拆。现在海关管的不是很严，只要不要让海关的人看出来你是个“倒爷”也就行了，谁出国还不买点东西带回来送亲人朋友什么的。所以大家不用那么紧张，没事的！网友zwq127 ：海关比你精多了，以前iPhone(手机上网)统一150一台。开箱看东西直接交钱走人。至于什么写什么礼物什么的没啥作用，纯粹看运气，抽查过X光机。上海海关就没人围观，别人见的多了，直接开单150，不用估价也不看票据,6,9,0.2694767415523529
组图：网友分享10年香港购物血拼经验心得导语：关于香港购物，网上的“攻略”之类多如牛毛。相比之下，我也只能谈点个人体会，还得附带着说，不周之处，请多多包涵。从10年前开始，我每年必有两次固定的时间去香港——2月和8月，这是香港换季大减价的收尾阶段，所有的过季服装和鞋子包包开始真正的大甩卖。除了服装和鞋子，眼镜手表(特别是属于奢侈品系列的国际大牌)、还有护肤品，都比一河之隔的深圳便宜许多。现在的铜锣湾，人满为患，像崇光这种地方，已经很少能淘到真正又好又便宜的东西了。如果去的话，我会把重点放在床上用品方面——我曾经在6楼买过一床德国产的鹅绒被，原价6000元打二折，只要1200元，鹅绒含量为99%，相当地柔软。据说鹅绒类的产品，德国产的最好，估计这跟德国人严谨的态度有关，所以才有可能99%的含绒量。若以咱们同胞的眼神儿，放在中国制造，真正的“绒”(不是毛，不带杆儿)能达到一半就不错了！铜锣湾崇光6楼经常有些高档的床上用品，选择打折的时候去买，很划算。我觉得进口的纺织品的好处是经用，新的时候也许跟国产品牌没区别，多洗几次可就大不一样了。铜锣湾崇光9楼和时代广场的11楼经常有“大割引”——也就是咱们常说的大清货，赶上的话，会有很多物美价廉的好东东。我在其中淘到过的宝贝不计其数，最念念不忘的，是十年前买的一条日本产的纯棉休闲短裤，当时大甩卖才10块钱，被我一直穿到现在。款式、质量都顶呱呱，我的很多靓照都是这条裤子当家。当然，在这种地方，“淘”字相当重要，一不小心就很容易买回一堆破烂儿。尖沙咀的崇光店附近，有个新世界中心，里面没啥人，却可以淘到很多物超所值的好东东。我买过一双旧款的BALLY靴子，连底带面都是小牛皮，才999港币，同样的东西在深圳，即使打完折也得2000左右；有家店PLAY BOY的内衣打一折，原价一千多的折下来只要一百多，真是超值！新世界里面还有个名牌折扣店，喜欢名牌的话可以在里面找到很多宝贝，当然是过季的。但是绝对比专卖店的便宜。前几天我在博客上看到苗娘晒了在东荟城淘的一大堆宝贝，心痒痒的，决定近期要去一次！早些年深圳还没有宜家的时候，我曾经在香港宜家买过床头柜背过来。有一次我疯狂血拼到收不住手，最后扫了几大袋东西自己拿不动了。站在马路边急的快要哭出来的时候，看到香港警察，就请他们帮忙。结果两个警察叔叔肩扛手提把我送上火车，一边走还一边用广东话嘟囔，翻译过来是这样的：“你好威啊！两个差佬(警察)帮你拎包！”,6,5,0.6116167902946472
组图：李明博送礼经送秋衣 韩总统是秋衣发烧友报道称，李明博在青瓦台举行的知识经济部业务报告会议上表示“我想我们能为节能做些什么，之后便穿上了秋衣来上班”。他说“穿着秋衣来上班的路上，我想‘这样办公室的温度应该就能调低2度左右了吧’。我也打算(为节能)作出力所能及的努力”。李明博向150多位参会者表示“各位没有必要跟着做，你们自己看着办就行”。一席话引发了在场人员的一阵笑声，因为参会者显然受到了他这番话的“隐形压力”。李明博表示“穿着(秋衣)感觉很踏实，还不错”，并向邻座的金?植总理询问是否也穿了秋衣。接着李总统介绍说“总理也穿着”。报道称，李明博平时也会向参谋说“穿秋衣，第一次会感到不舒服，但很快就会习惯。有很多薄的保暖内衣，也不会对衣装形象造成影响”，真是个“秋衣发烧友”。据悉，一直以来，青瓦台的技术职员们都会经常收到以李明博夫妇的名义送的秋衣礼物。李明博还喜欢穿坎肩。报道指出，他在2009年11月的国务会议上表示“我穿了秋衣还穿了坎肩”，并指示将平时20度的会议室内温度调低至19度。今年12月13日，在连接釜山和巨济岛的巨加大桥开通仪式上，釜山市长许南植等部分参加者当时穿着坎肩，李明博看到后说“只要穿一件(坎肩)就会很暖和”，并推荐周围的人都穿坎肩。,6,7,0.6608105897903442
组图：徐立平安夜进军时尚圈 受邀央视开年头歌收到央视邀请，徐立将参加今年的央视元旦晚会，表演零点钟声结束后2011年的第一首歌。因为是现场直播，徐立希望大家能够锁定央视一起跨年，希望大家多多支持。2011年1月1号晚还要锁定安徽卫视收看安徽卫视的元旦晚会，徐立将和天天向上的主持人田源一起演唱《传奇2011》，这是一首很有趣的歌。徐立创办的服装品牌“中香界”将于平安夜在北京紫玉山庄俱乐部举办大型时装秀，徐立因为正在福建赶拍电视剧《五湖四海》没有办法赶回京参加。她表示拜托公司的所有员工多多辛苦了。“中香界”的新店也将在平安夜于北京都汇天地购物中心正式开业，这标志着徐立正式进军时尚圈。徐立希望大家能多多捧场。另外，因前两天回京录安徽元旦晚会过几天又要回京参加央视元旦晚会的直接，并且要28号赶回北京彩排。所以这几天就要在剧组加班加点赶戏，徐立昨天熬到半夜四点才收工，今天是平安夜，又是大量的夜戏，看样子要在工作中平安度过了。徐立表示，要谢过《五湖四海》剧组的导演制片以及其他演员对她的支持，她这样一再的请假害的大家一直加班。2010年徐立付出了很多，也积累了很多，她希望2011年的这第一唱能给她和她的朋友们带来好运，带来收获吧！也希望所有努力的人们 都有好的收获！,6,2,0.6014917492866516
发改委称抛售贮备棉不会打压市场价格中广网北京5月19日消息（记者冯雅）据中国之声央广新闻5点40分报道，国家发改委昨天表示，有关部门已经做好抛售贮备棉的准备，不打压市场价格，稳定棉花市场。 国内外市场棉价大幅上涨当前棉花价格的整体行情来看，昨天我国期货市场7月份的合约是每吨13140元，比上个月上涨了8%以上，上涨幅度很大。同时近期纽约的价格也在大幅地攀升，现货价从4月末一直到现在都维持在每吨13000的位置上，这对于企业而言会造成很大的成本负担。 棉农、企业都未获利近期发改委一份相关的报告指出截至到四月末国内商业化的棉花约有110万吨的库存，不足国内纺织行业2个月的用量，据纺织行业的一位专家介绍，目前棉价虽然上涨，但并非是棉农出售棉花的价格上涨，而是企业的拿货价上涨了，这样棉农既未得到好处，企业方面又亏损。保证市场供应充足 行业发展平稳对于抛售的数量，市场上猜测、传闻不断，有分析师认为不会低于50万吨，价格也应该不会过低于现货价格每吨一万三的市场行情。市场预测抛售时间可能是在5月底或者是6月初，未来三个月棉花市场不会有太大的空间。我国的棉花市场走势是国家政策在主导，国家前期收储了大量的棉花，要按照不打压市场的价格来抛售，是要保证市场的供应能够充足，使整个纺织行业相对能够发展平稳一些，对于出口方面不会产生很大的影响。,7,1,0.6170732975006104
巴西总统访华力推金砖集团 挑战美元霸主地位巴西领导人很想加强与“金砖四国”中其他国家的关系，进一步挑战美元的霸主地位国际先驱导报记者于冬发自北京 “尽管金融危机的‘震中’也许位于发达国家，但伦敦峰会让我们清楚地看到，如果没有发展中国家的参与，克服危机无从谈起。”5月19日上午10时许，巴西总统卢拉雄辩的调门响彻中国社会科学院礼堂的每一个角落。卢拉总统对资本主义的“反叛”立场一如既往，但与伦敦金融峰会上痛斥“蓝眼睛的白人惹起了危机”相比，言辞却温和了许多。卢拉总统此次访华恰逢6月15日将在俄罗斯举行的上海合作组织与“金砖四国”峰会前夕，“金砖集团”的倡议自然备受关注。“铁嘴”抨击资本主义“对我来说，资本主义从来就不是一个抽象的概念。它是日常生活中真实而又具体的一部分。我的童年和许多来自贫穷家庭的男孩没有任何的不同：非正式的工作；非常少的正式教育。我惟一的文凭是机床操作员。”在会议举办方分发的材料中，卢拉总统介绍了他对资本主义最真实的理解。很难想像眼前这位神采奕奕的总统，几十年前却是一名来自社会最底层的“工厂男孩”。社科院一位与会的研究员告诉《国际先驱导报》，“在拉美左派领导人中，卢拉和委内瑞拉的查韦斯总统都以‘铁嘴’批判资本主义和美国而闻名，但不同的是卢拉说过之后，一定会付诸行动。”早在4月初卢拉总统就撰文呼吁发展中国家停止使用美元进行贸易，以减少进口国和出口国的开支。“将美元当作参照货币并给某一个国家印制这种货币的权力，这种情况实在荒谬。”如今，卢拉总统的提议正逐渐变成现实。英国《金融时报》5月19日透露，中巴“双方已开始商谈设立一个新体系，让中国和巴西用自己的货币进行贸易，而不是美元”。层层推进巴西大国梦无疑，中巴抛开美元直接进行贸易符合双方的利益。今年4月，中国首次超过美国成为巴西第一大贸易伙伴，作为富有活力和经济互补性很强的两个大国，中巴在包括能源、航空、旅游和矿产开发等领域的合作持续加强。中国人民银行的吉女士向《国际先驱导报》介绍说，“中国同巴西的经济关系发展迅速，相比之下，几年前我们单位绝对不会受邀出席这种类型的演讲会议。”环顾四周，记者发现会场早已坐满了各界人士，有穿着严肃的政府官员、态度和蔼的学界人士、衣着考究的商业精英，以及后排忙碌的新闻工作者，足有四五百人。窥一斑而见全豹，中巴关系已经进入了一个战略合作的新时代。但是，卢拉总统的主张远不止于中巴双边之间。“新兴国家被动反应的时代一去不返了。像巴西和中国这样的国家应该更多地参与到诸如国际货币基金组织、世界银行和金砖四国等机构的决策过程之中。”卢拉总统在演讲中再次提及构建“金砖集团”的主张。其实，在巴西政府决策层中一直存在着“金砖集团”的政策构想。2003年，卢拉总统上台伊始就提出巴西、中国、俄罗斯、印度、南非五国对话机制，但最后只实现了俄印巴三国对话。巴西外交部长阿莫林多次撰文指出，“金砖集团”不仅是一个统一行动的经济组织，它还应是一个政治集团，通过这种整合的力量推动国际秩序的平等和民主，实现世界格局的重组。社科院拉美问题研究所巴西问题专家周志伟告诉《国际先驱导报》，卢拉政府近年来之所以不遗余力地推行“金砖集团”，是想借助四国的整体力量，巴西政府尤其看重中国的经济和政治影响力，以此融入到世界经济新秩序，甚至获得“入常”问题上的支持，从而进入国际政治规则的决策核心。西方不满“金砖集团”倡议“我们通过艰辛的劳动积累起2070亿美元的外汇储备，让我们免受产生于资本主义中心、威胁着全球经济结构的金融危机最糟糕的影响。”卢拉总统的看法引起了与会者的广泛支持。中国人民银行的吉女士不无感慨，“如今，穷人借钱给富人花。不但要承担各种借款风险，还要忍受对方苛刻的借款条件。”无疑，建立公正合理的国际经济新秩序势在必行，但西方世界对“金砖集团”却心怀芥蒂。新美国基金会政治学家帕拉格·康纳指出，“金砖四国”一词是高盛公司经济学家创造出来的，它并不是一个现实的同盟。四国的经济参差不齐，缺乏合作的经济和政治基础，“金砖四国”集团很不现实。英国广播公司认为，巴西领导人很想加强与“金砖四国”中其他国家的关系，进一步挑战美元的霸主地位。英国《金融时报》5月18日断言，“金砖四国”虽有一定实力，但还远不是一个“志同道合”的机制，无法形成共识与合力。《华尔街日报》则进一步分析称，除巴西有意借助中俄印的力量争取“入常”外，作为“金砖集团”成员的俄罗斯和印度也各有盘算：印度既想在“入常”问题上得到中俄巴三国的支持，又不愿因“金砖集团”而开罪西方；俄罗斯则因能源价格下降，外交底气不足，而欲借“金砖集团”组建没有西方影响的国家经济组织。对此，外交部发言人马朝旭19日表示，四国对话符合四国和国际社会的共同利益。这种对话与合作是透明开放的，不针对任何一方。【链接】金砖四国“金砖四国”（ＢＲＩＣ）包括巴西、俄罗斯、印度和中国。ＢＲＩＣ恰好是上述四国英文名称首字母缩写，因其发音类似“砖块”一词，故得名“金砖四国”。推荐《国际先驱导报》博客：http://blog.sina.com.cn/m/xqdb,7,1,0.3841700553894043
我国石油天然气立法进入前期准备阶段王康鹏业界呼吁多年的石油、天然气行业立法又开始了“萌动”。CBN记者获悉，近期受国家发改委召集，有能源专家、法律专家及石油企业内部人士参与，《石油(天然气)法》的起草准备工作开始启动。国家发改委政策法规司权威人士向CBN记者证实了这一消息，他表示依照工作安排确实有起草《石油(天然气)法》的计划，但目前只是前期准备阶段，尚无明确的时间表。第三次启动立法1993年起，中国成为了石油净进口国。大致从这个时候起，业界有关中国需要及早起草、出台石油、天然气行业的单独法规的呼吁就一直没有间断过。1995年，甚至有207名全国人大代表联名提议，要求国家制定出台《石油(天然气)法》。实际上，这已经是《石油(天然气)法》起草的第三次启动。1995年，原国家计委能源交通司一度组织人马拿出了一份草案递交给了国务院法制局，还被国务院法制局列入了二档立法项目；2005年，当时的国家发改委能源局召集多家企业及国家发改委能源研究所的负责人和专家学者，制定出《石油(天然气)法》的大致框架，但是此后就再无音讯。近20年来，中国的能源行业发生了一系列重大变化，能源在支持经济建设、保障国家安全上的重要性日益加大。去年8月18日，国家正式成立了专司能源管理、协调工作的单位——国家能源局。“国家能源局成立了，这大概是行业立法起草重新被摆上日程的重要原因。”中石化经济技术研究院一位专家告诉CBN记者，就在前不久，国家能源局正式召集了包括中石化、中石油在内的相关单位专家，开始启动了《石油(天然气)法》的立法起草讨论。国家发改委政策法规司一位人士向记者证实了《石油(天然气)法》起草工作重启的消息。据他介绍，国家发改委确实是有这方面的工作打算，目前已经交给由国家能源局油气司具体负责牵头做这个事情。“这一次情况应该会有所不同。”前述中石化经济技术研究院专家认为，前两次“无功而返”的关键还是缺少一个强有力的牵头人，现在由国家能源局来负责之后，相关的工作进度应该会加快。尚无具体时间表虽然《石油(天然气)法》的起草工作已经启动，但最终何时能推出目前还不能确定。前述国家发改委政策法规司人士告诉记者说：“只能说是在开始做了，还没有具体的推出时间表，现在要说进展如何还为时过早。”上述中石化经济技术研究院专家透露，本次的起草工作大致以2005年的框架为基础开展工作，目前只是在小范围内分头展开讨论。“这4年来能源行业的市场、制度都发生了不小变化，需要作出修订、调整的方面很多。下一步先要形成一个草稿，按照立法程序还需要公开征求意见，最终还要上报国务院，提交全国人大批准，这一套程序全部走下去最快也得要3到5年时间。”在2007年底，国家公布了有“能源行业小宪法”之称的《能源法》(征求意见稿)。据媒体最新报道，《能源法》送审稿已经在今年1月初提交到国务院，目前正在法制办进行意见征询和初审，但《能源法》何时能正式出台在官方尚无定论。国土资源部油气资源战略研究中心专家预计，《石油(天然气)法》的推出时间至少是在《能源法》推出之后。“《能源法》是母法，《石油(天然气)法》是子法，母法属于大纲性的东西，从一般的立法时间先后顺序来说是先有母法作出统领，再推出子法对具体的行业问题作出细化。”这位专家说。,7,1,0.3448852002620697
央行新一轮人事调整正在进行记者获悉，央行新一轮人事调整正在进行中。由于央行稳定局原局长张新已赴任央行上海总部任副主任，缺位的稳定局局长一职，可能由央行金融研究所所长宣昌能接任。宣昌能，1997年取得美国奥斯汀得克萨斯大学金融学博士学位，原任央行金融研究所所长。2008年进入央行，此前曾担任JC弗劳尔斯投资公司董事总经理、建设银行董事会秘书、中国证监会规划委委员和机构监管部副主任，及摩根大通银行衍生产品研究部的高级分析师等职。另外，前驻IMF中国执行董事葛华勇就任央行党委组织部部长、人事司司长。新的人士调增还包括，央行国际司司长金琦已出任办公厅主任，中国外汇交易中心总裁谢多已出任国际司司长，中国金融出版社社长林铁钢出任央行天津分行行长。记者 高博,7,1,0.976054310798645
合肥环保局针对焚烧秸秆开出44张罚单本报讯 前天晚上，秸秆焚烧引发的烟雾导致合肥空气出现历史罕见的重污染。昨天发布的空气质量日报显示，合肥空气质量为“重污染”。空气污染指数更从前一天的135猛升至454，比去年沙尘暴入侵时还要高。有关环保专家告诉记者，今年的秸秆焚烧对空气的影响，是近年来最恶劣的一次。十个监测点全线超标每天中午公布的空气质量日报是统计前一天中午12时之后24小时的空气情况。因此，前天晚上省城出现的浓烈秸秆烟雾引起的后果，在昨天的空气质量日报得以明显体现。空气质量日报显示，合肥市全城空气污染指数为454，远远高于300的“重污染线”。全城十个监测点的数据全线超标。其中，三里街为442，长江中路为457，明珠广场为438，庐阳区为454，瑶海区为465，包河区为479，滨湖新区为440，高新区为428，标志着“空气最佳区域”的董铺水库监测点，也达到408。秸秆焚烧今年最疯狂合肥市环境监测站有关专家介绍，一般情况下，合肥市空气质量能保持优良，空气污染指数也大多在100以下，昨天的“454”实属历史罕见。分析表明，空气质量之所以剧降，主要是因为秸秆焚烧。记者注意到，去年合肥最差空气是在5月30日，当时因内蒙古沙尘暴天气影响，合肥空气出现重污染，当时的污染指数也只有406。记者通过国家环保部统计数据了解到，合肥市去年秸秆禁烧期间，也出现空气质量变差的情况。但除了因沙尘暴影响的5月30日，也没有出现像昨天这样的重污染，只有5月24日、26日、29日出现过中度污染，空气污染指数最多也不超过245。而在2007年的4月到6月，合肥也只出现过轻微污染。一场大雨洗净空气专家表示，在重污染的空气中，健康人运动耐受力会降低，老年人和病人应当留在室内，避免强烈的体力消耗，一般人群也应避免户外活动。不过幸运的是，昨天的一场大雨解了合肥空气之困。根据预测，今天合肥市空气污染指数只有50到70，空气质量属于良好。（昂颖 本报记者 项磊）百姓期待政府拿出“治本措施”合肥秸秆禁烧今年进入第五个年头，尽管每年都划定了禁烧区、设定禁烧期，但是今年依旧出现了烟雾迷城的状况。禁而不止的现象成为合肥市民每年夏初的一块“心病”。今年70万吨秸秆的出路依旧严峻，老百姓期待政府部门能拿出更多措施，守护着省城的蓝天。农民：期待更多人收秸秆在省城包河区大圩镇晓兰村，村民杨珍英家里有4亩油菜秸秆，经过几年禁烧政策的宣传，杨珍英已经不敢再烧秸秆了。每年一到禁烧期，她都十分自觉地把割下来的秸秆挑到路边堆放着，这样还可以从村里领到一百元左右的补贴。堆在路边的秸秆有一部分被打捆机打捆收走，有一部分还堆放在原来的地方。过段时间要是还没人收购，村里的干部就会来巡查，建议她要么放到田里沤肥，要么挑回家当柴火。杨珍英告诉记者，每年这个时候，城里人怕农村烧秸秆，其实农民们也害怕，怕收上来的秸秆没人要，放在田间耽误下一步插秧。在烟墩乡，村民张老汉正把秸秆挑回家中。他告诉记者，“现在政府宣传说秸秆是个宝，不能烧。可是每年来收的中介却很少，有的村子连一台打捆机都没有，有的打捆机也只收几百吨就不收了，大部分秸秆还是没人要！”这让张老汉十分为难。他并不指望秸秆能卖到多少钱，但是希望秸秆被尽快收走，不要放在家里占位置。基层干部：期待收购价上涨大圩镇圩西村村委会的姜主任十分着急，今年秸秆收购价格低，使得不少中介迟迟不愿意开始收购。姜主任告诉记者，根据往年的经验，尽管政府部门要求部分企业收购秸秆，但实际上秸秆的市场仍旧是供大于求。“秸秆发电、秸秆制板材、秸秆栽培食用菌，这些秸秆的综合利用方式已经推出几年了，可是所需要的秸秆数量十分有限。秸秆卖不上好价钱，所以收购中介也不积极。”大圩镇党委委员王业云表示，政府采取补贴的方式，来刺激企业回收利用秸秆，这也是一个办法，几年来也确实有些效果。不过，秸秆的供应远远大于所需，要想使秸秆卖上一个好价钱，还得给秸秆寻找出更多的出路。市民：期待政府出台措施合肥市民在反对焚烧秸秆的同时，认为关键在于政府要拿出根本的解决方法，而非“头疼医头，脚疼医脚”。市民马为兵说，自己患有咽喉炎，此次浓烟突袭，让自己难受不已，一个晚上都没睡好觉。“不管怎么说，焚烧秸秆带来的污染确实已经对大家的健康造成影响，影响到我们的正常生活，也让合肥的形象大打折扣。这样的行为，应该被坚决制止！”省城的汪小姐希望政府部门能够在禁烧工作中，出台更多的政策，采取疏堵结合的方式，净化空气质量。“一味地让农民禁烧，不给他们找好秸秆的出路，对农民来说，也是不现实的！希望政府部门在禁烧的同时，继续探索更多的秸秆综合利用的方式，采取更多引导性的措施，提高秸秆的市场价值。”从事建筑业的孙小东说，“美丽的蓝天重要，农民朋友的利益也要维护。这两者并不矛盾，而且都牵涉到民生问题。政府并不缺乏人才，要多动脑筋，想出一个行之有效的解决方法，为群众来分忧解难。”本报记者 何薇 丁贤飞■动态环保局开出44张罚单本报讯为了减少秸秆焚烧点，降低秸秆烟雾危害，合肥市环保执法人员前夜进行了彻夜巡查。记者昨天了解到，环保局22个检查组一晚上共开出了44张罚单。44张罚单中，肥东10张，肥西20张，长丰10张，包河区3张，蜀山区1张。合肥市环保局有关负责人告诉记者，统计的情况与现场看到的情况吻合，前天的秸秆烟雾主要是三县地区农民焚烧引起，市区内的秸秆禁烧情况相对较好。（昂颖 本报记者 项磊）,7,4,0.3443794250488281
环保部调研30个省市在建大项目5月，环保部调研30个省市的在建大项目有了眉目：地方落后产能重燃现象进一步浮出水面。23日，在中国循环经济发展高层论坛上，环保部污染物排放量总量控制司副司长刘长根透露，市场带动下，一些小建材、小钢材又重新生产。过剩产能出现两大趋势：一则从东部往西部转移；二则在本省内，从发达地区转往不发达地区。2009年上半年即将结束，如此新形式，让全国牵涉节能减排目标上下部门倍感压力。未进入2009年之时，全国上下其手的努力，让中国单位生产总值能耗，主要污染物排放情形加速好转，国家环保局此前判断，2009年二氧化硫或提前实现“十一五”的减排指标。国家发改委副主任解振华也曾表示，“十一五”的其他节能减排指标也将在明年完成。新一轮的大投资，打乱了既定的步骤，国家发改委能源研究所康艳兵告诉记者，地方政府首要任务是保增长、扩内需，难以阻绝落后产能项目借搭顺风车现象。“但2009年是实施节能减排的关键年，目前各项措施马虎不得。”保增长 轻环保？就在4月，国家环保部就紧急启动了多个调研组，目标直指各地项目控污、环境监测情况、地方减排过关等问题。环保部污染物排放量总量控制司副司长刘长根对此透露，一些节能减排的措施在地方政府和企业执行相对不力。调研发现，地方在节能减排方面，“在认定项目的时候，对产业升级、工业升级方面的把关，不像以前那么严了。第二个情况，一些被环保曾经拒之门外，又申报上来了。”一些企业也对环境管理有放松的现象。比如环境保护部和地方环保部门受理的一些项目，分别有15.5%和23.7%的项目存在未批先建的问题。一些重点污染源中有25%存在治污设施不正当运行。此外，地方在落实节能减排政策，制定和完善进度上也有所推迟。例如，节能环保的电、上网补贴等优惠的试点在一些地方得不到贯彻。刘长根指出，由于受经济效益下滑的影响，一些企业的节能减排投入在减弱。“在这个形势下，扩内需、保增长、促就业，已经成为各级政府的头等大事。一些地区，部门在消极的看待环境保护与经济增长的关系。”环保部调研发现的类似问题，工业和信息化部也有察觉。就在近日，工信部就曾警告，一些中小钢铁厂因为线材价格回升的因素，开始开动马力生产，这使得落后产能不仅有恢复的可能，还会导致钢铁整体过剩更为严重。数据显示，今年前4个月，国内72家大中型钢铁生产企业净亏损达51.8亿元，全国钢铁企业利润一季度下滑99%。预计今年钢铁供需平衡量不足5亿吨，钢铁产能过剩超过1亿吨。工业和信息化部总工程师、运行监测协调局局长朱宏任建议，事实上钢价回升情形并不稳定，“当前情况下，即使是价格出现适度回升和波动，对于企业来说，仍然应该根据市场情况准确把握，避免盲目扩大生产。”“十一五”指标新变量抑制新一轮环保压力，相关部委已紧急响应。目前工业和信息化部已经着手，加快淘汰钢铁落后产能的步伐，并将严格执行差别电价政策，对20吨及以下转炉电炉等淘汰类，2005年8月以后建设的120吨以下转炉、70吨以下电炉、1000立方米以下高炉等限制类生产能力继续实施淘汰类、限制类差别电价。环保部也不含糊，目前正在加大对炼钢、炼铁、铁合金、焦炭等13个行业落后生产能力的淘汰力度，并将继续加强对减排的政策保障等，以确保2009年目标的完成。其中，严格减排责任制考核是重头工作。刘长根指出，此时绝不能放低门槛，以牺牲资源和环境代价来换取经济的粗放增长。“应对国际金融危机，为我们加快转变发展方式，调整产业结构，提供了一个有利的市场时机。”数据显示，2008年，我国的化学需氧量排放比上一年下降了4.2%，二氧化硫下降了5.95%。此时与2005年相比，化学需氧量排放累计下降了6.61%，二氧化硫下降了8.95%，首次实现减排的任务完成，且超过预定时间。根据环保部今年确定的化学需氧量比2008年下降2.1%，二氧化硫减排比2008年下降2.7%的安排，预计今年将提前实现“十一五”二氧化硫减排指标，而化学需氧量减排可以完成“十一五”计划的将近85%到90%。刘长根坦言目前的减排工作不能放松，因为下一步减排的空间在变小。国家发改委、工业和信息化部负责主管的节能工作也与此类似，据悉，2008年单位生产总值能耗比上一年下降4.59%，累计比2005年下降10.1%。不过，要实现到2010年下降20%的目标，今明年要下降10%左右。国家发改委能源研究所康艳兵认为，这等于是2年来要完成“十一五”下降一半的任务，因此担子不轻。为此下一步需要加快产业结构升级，尤其是加快1-2万亿的节能投资市场的开发，带动新兴产业的发展，实现低碳经济目标。记者 肖明,7,4,0.5363844037055969
走近“台中名片”胡志强：时时不忘推销台中台中市长胡志强是首届海峡论坛的明星人物，也是大陆观众非常熟悉的台湾政治人物，胡志强在接受《直播港澳台》节目专访时，还时时不忘推销台中。“台中的特色就是以前的发展不够落实，但是这个系列变成我们的优点：就是发展的空间非常大，中台湾是深圳还没有发现到的发展伙伴，赶快来台中市！”看，有台中名片之称的明星市长胡志强果然名不虚传吧？一推销起台中来，不留余力！胡志强是访问大陆最多的台湾县市长，也因为到处推销台中而被大陆观众熟悉。两岸包机首航，胡志强抢头香，大胆作秀！胡志强：“有人说到机场来参加首航就是作秀，中台湾要作秀，我们要在大陆作秀！”访问香港，胡志强当起了蜜月旅行的大使！胡志强：“我们要办一个特别套餐，欢迎香港新婚伴侣到台中来度蜜月”)不过除了推销台中，胡志强也提出构建闽台港粤经济圈的建议，对于深圳在其中如何扮演自己的角色，胡志强有话说。“香港、广东、福建加台湾，四个地区能够进一步整合的话，会成为全世界第五大的超级经济区域，将来竞争力难以估量。希望台湾和深圳的来往要继续增加，超级经济区域的落实能早日实现。”胡志强和马英九、朱立伦并称为马立强，是国民党中生代重要人物，政治前景看好。,7,4,0.6400932669639587
台湾人眼中的孙中山形象变迁如今的台湾青年，更看重孙中山的奋斗精神，而非政治理念国际先驱导报记者方辉发自北京 1949年之后的台湾，孙中山敬享尊荣50年，但在最近10多年里，随着台湾政治民主化、政党轮替，以及“台独”势力嚣张，孙中山的形象和地位也受到影响。今天，台湾人依然尊称他为“国父”，但在内心深处，他就如孔子一样，只是一个历史人物。孙中山的台湾情节“许多台湾人都误认为孙中山是国民党带到台湾的，其实孙中山对台湾的光复是尽了很大心力的。”这是中国国民党党史馆馆长邵铭煌至今在纠正的一个错误认识。多年研究孙中山的邵铭煌告诉《国际先驱导报》，台湾从一开始就是中国民主革命的一部分，因此在情感上没有与祖国大陆割舍的理由。一个最明显的证据就是1894年建立兴中会仅仅3年后，孙中山就派人到台湾建立分会。据邵铭煌介绍，国民党党史馆的资料表明，孙中山先生曾经只身到台湾三次，就是为了联络台湾的革命同志一起为中国革命努力。在1912年孙中山在就任中华民国临时大总统时，就曾派革命志士罗复兴前去领导台湾民众起义，并让他转告台湾民众民国政府一定会光复台湾。而且在孙中山领导的多次推翻帝制的起义中，都有台湾民众的参与或支持，其中耳熟能详的黄花岗七十二烈士之一的林觉民当年参加起义的旅费就是由台湾团体提供。“林觉民的《与妻书》是两岸的教科书文章，也具有连接现实与历史的作用，谁敢说大陆的革命与台湾没有关系呢？”当孙中山在北京病危时候，他告诉病榻旁的戴季陶，中国现在还没有能力完全光复台湾，但大陆革命人士要先帮助他们自治，等国家强大后再完全光复。可惜的是，在民进党时期的台湾，孙中山的这番嘱托竟然被“台独”势力曲解成孙中山支持台湾独立。选举斗争的牺牲品在李登辉第二个任期之前的台湾，从小学到大学，在历次重要的考试中，三民主义都是必考的科目。李登辉抛出“两国论”之后，当权的台湾“独派”人士开始“去中国化”。“比如将国立编译馆的馆长更换，启用一些有‘台独’思想的人，包括我的一个学生在内的5个人组成‘去中国化’小组。”曾经是国民党干部、参与过台湾历史教科书编撰、现任香港珠海学院教授的胡春惠告诉《国际先驱导报》，“陈水扁上台后更是如此，停止一切有关三民主义的教学，并在教科书里开始出现‘孙中山、蒋介石代表外来政权’的说法，在历史书上将中国史逐渐变成外国史。”民进党时期，台湾当局的“去中国化”从修改小学到大学的教科书开始，新的历史教科书采用加强台湾历史，弱化中国历史的方法，逐步疏远台湾年轻人对中国的认同，最后干脆将中国史划到外国史，国父孙中山先生也成了“外国人”。民进党当局这种混淆是非的做法不仅造成了教职人员和研究学者的无所适从，更引起了青年人的认知混乱。现在北京大学研究清史的台湾学生黄圆晴就曾遇到这样的困惑。“为了给一个初中生补课，我事先看了一些修订后的历史书，发现在书中孙中山被放入了外国史，原因是原先的中国史变成了外国史。我当时很惊讶，为什么会出现这种修改，而民进党这么做到底要达到什么样的目的，为什么要否定我们的过去？”黄圆晴告诉《国际先驱导报》，她当时并不清楚为什么会出现这样的改变，觉得很难理解，“虽然我参加联考的时候已经不需要再考三民主义了，但我还是知道孙中山是中华民国的国父。”民进党不断用国家认同和意识形态挑动族群对立，严重撕裂了台湾社会，原先许多纪念孙中山先生的活动都被取消了。胡春惠记忆犹新的是最后一次参加民进党时期在国父纪念馆的孙中山学术活动，他当时在现场感伤的说：“可能这是台湾最后一次研究孙中山，这里也许是孙中山的名字唯一能出现的场所。”“奋斗精神值得学习”转机出现在2008年3月，国民党得以重新上台。马英九上台后，开始为台湾社会拨乱反正。不过，在经历了政治的操弄和意识形态的纷扰之后，许多台湾人对孙中山先生的评价也呈现新的特征。如今，在黄圆晴看来，孙中山是一个在旧制度下接受新式教育的人，充满理想主义，“孙中山坚持不懈的精神值得年轻人学习。”而在中国人民大学读书的台湾学生马正忾则认为，“我觉得孙中山是一个历史人物，他身上有很多优良的品质，我更愿意将他留在历史中，而不要再附加太多的政治概念。”马正忾告诉《国际先驱导报》，他觉得自己对孙中山的理解在当下岛内更具有普遍性。“经历过相反意见的冲击后，人们对孙中山的理解和评价会更加中肯。”胡春惠教授如是概括国民党重新上台后岛内对国父的评价。推荐《国际先驱导报》博客：http://blog.sina.com.cn/m/xqdb,7,5,0.47811609506607056
香港80万市民今年将免缴税□晨报记者 李晓明金融海啸加上甲型H1N1流感给全球经济蒙上阴影，为渡过经济难关，香港特区近日推出一系列纾困措施，最引人注目的是对个人实行减税退税政策，预计有50万香港市民将获退税，80万人今年将免交税。对此，经济专家表示，金融危机下减税退税政策是应付危机的一种国际化趋势，内地减税退税优惠对象目前主要集中在企业，随着经济形势的发展也有希望扩展到个人。香港面临最严峻的时刻据香港《大公报》报道，香港首季本地生产总值负增长7.8%，本月初甲型H1N1流感又“杀到”，香港财政司司长曾俊华坦言目前香港正面临“最严峻的时刻”。为应对金融危机，香港推出17项纾困措施，涉及金额168亿港元。多项新措施中，宽免本年度最后两季差饷所涉及的金额最高，特区政府因此少收42亿港元。另外，超过百万需要纳税的香港市民也受惠于新措施。曾俊华宣布，会将财政预算案中提出宽减上年度薪俸税及个人入息课税至50%，此举估计逾80万纳税人不用缴税，50万名市民将于9月收到退税支票。曾俊华表示，此新一轮纾困措施受到市民欢迎，令基层可以受惠，也协助企业渡过难关，保持就业。他强调，推出加强纾困措施，非为争取掌声，也无政治考虑，而是看到香港第一季的经济情况相当差，必须尽快推出可以实时惠及市民的措施。他预期香港经济跌幅下半年会收窄，如果没有重大改变，预计明年开始会有轻微上升。他指出，相信新一轮纾困措施，应足可应付今年所需，港府也会继续留意市场发展，若情况转坏，不排除会再推出纾困措施。另外，曾俊华在香港电台节目《香港家书》中表示，自金融风暴以来，已经推出超过700亿港元的特殊措施，对今年的本地生产总值发挥了一点五个百分点的提振作用，加上刚宣布的措施，提振作用更达到约两个百分点。两会期间减退税呼声不断香港减税退税政策惠及百万市民，内地能否有同样减税计划？记者了解到，已有多名经济学家建议政府减税或退税。全国两会期间，关于减免税收的呼声一直不断。2009年全国两会期间，税制改革成为热点话题。多位代表、委员提出有关税收的建议，呼吁减免税收。其中，以全国政协委员张茵呼吁“为富人减税”的声音最引人关注。随后，全国人大代表、娃哈哈集团董事长宗庆后也表示，税负过重不仅打击富人，也会伤害到国家着力培养的中等收入群体。在新浪网关于减税的一项在线调查显示，64%的网友认为，“提高个税起征点，让中等收入人群应对物价上涨”的需求更为迫切。复旦大学经济学院教授韦森认为，个税征收的主要对象是中等收入者，属于工薪阶层，在他看来，社会贫富分化不是由这一部分人的收入过高造成的，反而是通胀增加了工薪阶层的生活成本，影响了他们的生活质量，针对生活成本上升而向他们退税，有助于维持这个阶层的信心和生活方式，稳定对经济前景的预期。专家：减退税是国际化趋势对于香港采取的减税退税政策，财政部财政科学研究所副所长苏明认为，这种手段是应对目前金融危机的一种国际化趋势，有明显作用。内地目前减税退税的优惠对象主要集中在企业，随着经济形势的发展也有希望扩展到个人。苏明表示，政府实行减税退税政策，可以令基层受惠，也能帮助企业渡过难关，对于应对当下的金融危机具有明显的效果。不仅仅是我国香港特区，新加坡、欧洲等发达国家也正在或曾经采取过类似措施。,7,4,0.463398277759552
我国科学家培育出世界首个猪干细胞人民网科技北京6月3日电 (记者赵永新) 我国科学家在世界上首次把来自猪的体细胞(不是精细胞或卵细胞的细胞)诱导转变成多能干细胞——这种细胞就像胚胎干细胞一样，有能力发育成身体中的任何类型的细胞。这也是全世界首次使用有蹄类动物的体细胞培育出多能干细胞，可能为建立人类遗传病模型、培育供人类器官移植的转基因动物以及开发耐受猪流感等疾病的猪开创一条道路。这项研究是中科院新创刊的《分子细胞生物学报》今天在网上发表的第一篇研究论文。该杂志主编李党生教授评论该研究时说：“这项研究非常令人激动，因为它代表了培育有蹄类物种的多能干细胞的首次严格证明，这将为培育出精确的转基因动物用于研究、治疗和农业用途提供的机会。”该成果是中科院上海生物化学与细胞生物学研究所的肖磊博士带领干细胞研究组完成的。他说：“迄今为止，科学家在利用早期胚胎培育有蹄类动物的多能胚胎干细胞方面做了很多努力，但是没有成功。这是世界首次培育出有蹄类动物的多能干细胞。因此，这项研究是全新的、非常重要，而且对于人类和动物健康有许多应用。”肖磊及其同事通过使用转录因子重编程了来自一头猪的耳朵和骨髓的细胞，从而成功培育出诱导多能干细胞。通过一种病毒把这些重编程因子的混合物引入细胞中，这些细胞发生了变化并在实验室中发育成了胚胎样干细胞。进一步的测试证明了它们确实有能力分化成胚胎的三层(内胚层、中胚层和外胚层)的细胞类型——这是所有胚胎干细胞都具有的能力。从成功培育出诱导多能干细胞(iPS细胞)获得的信息意味着科学家继续培育来自猪或其他有蹄类动物胚胎的胚胎干细胞(ES细胞)将变得更加容易。肖磊说：“猪的多能干细胞有许多用途，诸如准确改造用于器官移植治疗的转基因动物。猪在形态和功能方面与人类相当类似，而且器官尺寸与人类器官在很大程度上类似。我们可以使用胚胎干细胞或诱导干细胞修改猪的与免疫有关的基因，从而让猪的器官与人类免疫系统兼容。然后我们可以使用这些猪作为器官供体为患者提供器官，而不会引发来自患者自身免疫系统的有害反应。”“猪多能干细胞系还可以用于建立人类遗传病的模型。许多人类疾病，诸如糖尿病，是由基因表达障碍造成的。我们可以修改干细胞中的猪的基因，并培育出携带同样基因障碍的猪，从而让它们具有和人类患者类似的症状。然后就有可能使用这种猪模型开发治疗这种疾病的疗法。他举例说，为了应对猪流感，可以培育出一种准确的转基因猪，从而改善它对这种疾病的耐性。我们首先可以找到一种具有抗猪流感活动或者抑制猪流感病毒增殖的基因；然后，可以把这种基因通过多能干细胞引入到猪的体内——这个过程被称为基因”敲入“，从而实现这一目标。另外，由于猪流感病毒需要与猪细胞膜上的一个受体结合才能进入细胞并进行增殖，我们可以通过对猪诱导多能干细胞进行基因打靶从而敲出这一受体。如果这个受体消失了，这种病毒也就不会感染猪了。此外，肖磊说他的发现可以用于改善畜牧业，不仅可以让猪更健康，而且还通过修改与生长有关的基因以改变和改善猪生长的方式，从而改善畜牧业。他的研究的下一阶段是使用猪iPS细胞产生转基因猪，从而为患者提供器官，改善猪的品种或用于疾病耐受能力。这些经过修改的动物可以是”敲入“的猪，即使用iPS细胞或ES细胞把一段额外的遗传物质(诸如一段人类DNA)转移给猪的基因组，或者是”敲除“的猪，即用这种技术阻止一个特定基因发挥作用。不过，肖磊强调说，潜在的医学应用可能还需要数年时间才能投入临床使用。,7,9,0.9981448650360107
我国力争明年完成地方各级土地规划修编6月2日，第十八期国土资源管理市长专题研究班在山东烟台举办，国土资源部副部长、党组副书记、国家土地副总督察鹿心社出席并讲话。鹿心社强调，要全力做好土地利用规划工作，切实落实两个“最严格”的土地管理制度，为当前扩内需、保增长，长远促进我国经济社会全面协调可持续发展作出新的贡献。山东省委副书记、省长姜大明会见鹿心社一行。山东省副省长孙守璞，烟台市市委书记、市人大常委会主任孙永春致辞。这期研究班的主题是土地利用规划管理。主要任务是：认真学习贯彻党中央、国务院关于加强土地管理的一系列指示精神，以科学发展观为指导，充分认识土地利用规划在落实国家宏观调控政策、实行最严格土地管理制度中的重要作用；切实落实《全国土地利用总体规划纲要(2006-2020年)》，扎实做好地方土地利用总体规划修编工作，为当前扩大内需促进经济平稳较快增长，长远实现全面协调可持续发展提供更加有力的土地资源保障。鹿心社强调，做好土地利用规划工作是贯彻落实科学发展观的客观要求。科学编制土地利用规划不仅是保障长远可持续发展的需要，在当前也具有重大意义。一是我国的土地基本国情决定了必须始终坚持土地的统筹规划和严格管控。我国是一个发展中的人口大国，耕地资源十分紧缺，保证十几亿人口的吃饭问题压力巨大。工业化、城镇化进程加快，未来土地开发利用面临严峻挑战。二是保障和促进科学发展要求进一步加强和改进土地利用规划工作。土地资源的合理配置和永续利用，是科学发展的基础和前提。我国已形成了具有中国特色的土地利用总体规划体系，土地利用规划在城乡建设和土地开发利用活动中的“龙头”地位已经确立，但是总体上看，土地利用规划工作水平与贯彻落实科学发展观、加强土地调控和严格土地管理的要求相比还有明显差距，必须采取有力措施，切实加强和改进。三是当前改革发展的各项重大部署对土地利用规划工作提出了新的更高要求。保增长扩内需保民生要求土地利用规划工作积极跟进。推进农村改革发展要求及时、高质量完成地方土地利用总体规划修编。大力推进农村土地整治需要深化基层土地利用规划。鹿心社指出，经国务院同意，今年第三季度要完成大部分省级规划的审查报批，年底前完成大部分报国务院审批的城市土地利用总体规划的审查报批，力争到明年底基本完成地方各级规划修编。新一轮土地利用总体规划修编要坚持以下基本原则：一是严格保护耕地。要严格保护耕地特别是基本农田，加大土地整理复垦开发补充耕地力度。二是节约集约用地。要合理控制建设用地规模，积极拓展建设用地新空间，加快由外延扩张向内涵挖潜、由粗放低效向集约高效转变。三是统筹各业各类用地。要按照区域发展总体战略的要求，优化配置各业各类用地。四是加强土地生态建设。要统筹安排生活、生态和生产用地，优先保护自然生态空间。五是强化土地宏观调控。要立足构建保障和促进科学发展新机制，加强和改进规划实施保障措施，增强土地管理参与宏观调控的针对性和有效性。目前，省级土地利用总体规划大纲大部分已经完成并审查通过。市级土地利用规划修编首先要落实好省级规划下达的任务，同时要根据国家要求，结合本市实际，突出空间性和结构性，着重把握以下关键环节：一是坚持从严保护耕地。要严格控制耕地减少，加大补充耕地力度，合理安排耕地和基本农田布局。二是严格控制建设用地。要从严控制建设用地总规模特别是城乡建设用地规模，合理确定城镇工矿建设用地规模，做好中心城区土地利用规划。三是优化土地利用结构和布局。要优化城乡用地布局，引导城镇用地内部结构调整，统筹生产、生活和生态用地。鹿心社强调，提高土地利用规划工作水平要切实加强组织领导。一要加强组织领导，城市政府领导要进一步增进土地利用规划知识，增强土地利用规划意识，带头研究规划、带头执行规划、带头维护规划。二要搞好协调配合，建立政府统一领导，有关部门共同参与、分工负责、协作配合的规划组织机制。三要落实保障措施，要从法律、行政、经济、社会、科技等方面，制定和完善规划实施保障措施。四要加强规划的公众参与，要遵循公开、民主的原则，建立健全公众参与制度，提高规划透明度，使土地利用规划成为大众的规划。本次研究班还邀请了烟台等6个城市介绍土地利用规划管理的做法和经验，安排部有关司局负责人和专家讲解土地利用规划的有关事务和理论，并就当前土地利用规划管理的热点和难点问题深入讨论。在此期间，还将考察烟台市农村土地整治项目现场。(来源：中国国土资源报 记者 田春华 李现文),7,4,0.5383932590484619
新能源振兴发展规划基本框架已确立“太阳能在新能源发展规划中的重要性列第二位，除核电外。”6月5日，在“2009绿能中国国际高峰对话会”的间隙，国家能源局副局长吴贵辉对本报记者表示，新能源振兴发展规划基本框架已确立，有望近期出台。来自企业、投行以及能源、财政、建设部门的官员和专家认为，新能源发展对政策的依赖性很强，相比投资、财税、电价等政策，更需要相关产业标准体系的出台。对此，吴贵辉对本报记者表示，相关问题已纳入新能源发展振兴规划的议题讨论中。三大措施扶持新能源“目前太阳能的发展，主要问题是原料和产品，两头都在外。”吴贵辉表示，国内企业主要是赚加工的钱，同时国内的需求市场没有发动起来。目前，中国的太阳能产业非常活跃，光伏产能居全球第一。根据中国《可再生能源发展“十一五”规划》，到2010年，太阳能热水器累计安装量将达到1.5亿平方米，太阳能发电装机容量达到30万千瓦。国际能源署对太阳能光伏发电做出了预测，到2020年世界上光伏发电占总发电量的2%，到2042年光伏发电要占总发电量的20%-28%。“新能源每年大概有50%-60%递增量。”美国摩根大通马洪涛表示，他们在中国新能源方面的投资将集中在光热、光电、电网模块等领域。新能源发展对政策依赖性强，为此，政策期待成为该领域投资者们的关注。“目前各国都加大了新能源、可再生资源的投入、鼓励和支持。”吴贵辉称，从鼓励和支持具体方法和措施上看，一是先从法规上确定新能源产业在一个国家和地区优先发展的领域；二是在政策上进行扶持，包括投资补贴、电价补贴、税收补贴等；第三是在使用方面、市场准入、并网这些方面也给予支持。“会给新能源上网电价给予补贴，但要分不同的能源，制定不同的补助标准。”吴贵辉表示，新能源发展规划中，上网电价补贴将成为一个重要的内容。新能源发展亟待标准体系“应该积极推进标准的制定，有了统一的标准就解决了相关领域产业的质量、技术难点问题。”吴贵辉表示。“节能环保”无疑是新能源所具有的显著特点。但如何鉴别使用新能源的节能效果？政府鼓励新能源应用到相关产业的依据是什么？这都需要相关产业标准予以支持。但中国目前还没有相应的完备的标准体系。“太阳能有太阳能的标准，建筑有建筑的标准，把它结合起来就没有标准了。”深圳市创益科技发展有限公司董事长李毅对记者表示，该公司所从事的光伏建筑一体化(即太阳能建筑)领域，在国内外市场上来看已非常活跃，但由于尚未有国家标准，“使得这一市场领域各种产品混杂”。“一个标准非常重要。”一位原建设部副部级官员表示，“没有相应的标准体系，就没有监督检查和工程验收的技术体系。”“按目前体制，想进入大的项目必须要有标准。”李毅表示，目前国家有鼓励发展太阳能建筑的政策，但没有标准成为当前的一个突出问题。因此，该公司正在联合其他几家行业龙头企业，向国家国标委申报标准，以期获得批复。事实上，相关问题已纳入决策者视野。吴贵辉对本报记者表示，相关问题已纳入新能源发展振兴规划的讨论议题中。像太阳能建筑等相关配套技术标准已在积极酝酿中。记者 王世玲,7,4,0.4406938850879669
中科院发布科技发展路线图2050年中国经济居首中国科学院10日在京发布《创新2050：科技革命与中国的未来》系列报告，为我国描绘了面向2050年科技发展路线图。路线图认为，在今后的10年至20年，很有可能发生一场以绿色、智能和可持续为特征的新的科技革命和产业革命。航天技术：2030年载人登月公布的中国科技发展路线图，其中2050年空间科技发展路线图明确提出，2030年前后，中国实现载人登月，建立月球基地，2050年前后，载人飞行从月球基地飞向更远的行星，具备载人登火星能力。这份最新出炉的中国2050年空间科技发展路线图称，空天科学与深空探测能力方面，2020年前后，探测器可达火星，2030年前后，深空探测器实现高效星际航行和高精度自主导航，可探测木星等火星以外的行星，2050年前后，深空探测器飞出太阳系进入宇宙空间。空天技术能力在载人航天方面，载人登月前，在2020年前后，突破人在近地轨道空间站长期生存保障技术，建立长期有人逗留的空间站。到2050年前后，中国还将突破激光超高速通信技术，建立以大型超压式高空气球为基础的平流层高空站，发展新一代平流层飞艇，并开展组网应用，使人们进入空间的方式更加廉价和高效。经济总量：2050年居世界首位发展路线图预测，2050年，中国经济总量将达到世界首位。中国目前的经济总量排在美国和日本之后，位居世界第三。中科院的路线图描绘了这样一幅愿景：2050年中国将进入世界中等发达国家行列，成为政治、物质、社会、精神、生态五大文明高度发达且高度开放的国家。2050年的中国，将是一个政治文明高度发达的国家，社会主义民主和法制高度完善，国家统一，民族团结，社会稳定，人民的政治权利和发展权得到充分保证，国家安全得到可靠保障。2050的中国，将是一个物质文明高度发达的国家，经济总量达到世界首位，人均GDP达到中等发达国家水平，经济保持持续、稳定、协调发展，科技创新能力居于世界前列，全体人民过上富足安康的生活。2050年的中国，将是一个生态文明高度发达的国家，人与自然和谐相处，生态环境退化得到有效遏制。据中新社,7,9,0.7991084456443787
国土部调查地方商品房地价求证“推高房价说”_国土部调查商品房地价国家统计局对40个重点城市商品住宅开发费用构成的调查，预计于本月中旬结束土地成本在房价中到底占多高比例，国土资源部正在进行的一项商品房项目用地地价调查，或许能够为外界揭开真相。CBN记者获悉，国土部近期已经向地方下发“国土资电发(2009)34号地价调查表”，要求地方填报具体的房地产项目土地出让价款，以及房屋售价等。这也是继国家统计局摸底房地产开发费用，和北京调研3000家房地产开发企业土地开发详情之后，又一部委对房地产项目用地情况展开调查研究。这也显示，在今年全国“两会”后，中央部委和地方对房地产开发成本问题开始加大关注力度。调查尚未结束根据这份调查表，各省市需要详尽填写房地产项目的名称、开发企业、开发类型(普通商品住房、高档公寓、别墅等)，土地面积、土地取得方式(协议或者招拍挂)以及容积率等指标数据。在土地出让价款一项，需要填报的是项目用地出让时，以建筑面积核算的土地成交单价，即楼面地价；而房屋售价则统一以开盘时的价格为准，取其楼盘均价。此次调查的对象为各地2006年以来取得土地且已进入销售阶段(包括已售完)的商品房开发项目。不过，此项调查并非针对全部房地产开发项目，而是为抽样调查，即按照各项目区位(城市中心区、边缘区、过渡区)选取若干项目进行调查，每区位样点数不得少于2个。对于上述地价调查，一位权威人士对CBN记者透露，这项工作早晚得做，现在也需要做。但他并未透露开展此调查的目的，并表示因调查工作还没有结束，目前尚无法得出某种结论。来自中国土地勘测规划院地价所的田彦军一直关注地价和房价的关系，并且始终不认同“招拍挂抬高地价，进而导致房价攀升”的论调。他以2002年至2006年为例，指出这五年中新建商品住宅价格增幅多年保持较高水平，全国商品房价格同比增幅分别为3.69%、4.84%、17.76%、14.04%和6.79%，2006年商品房均价达到3383元/平方米；而同期地价水平(楼面地价)增幅为4.39%、4.68%、6.08%、4.20%和5.19%，2006年平均楼面地价水平仅为934元/平方米。“自2001年经营性用地出让实施招拍挂制度以来，土地交易价格同步提升的事实客观存在，但地价同比增幅相对稳定且均低于同期商品房价格增幅，商品房价格偏离地价水平越来越远。”田彦军表示。中央地方共查房地产成本房价偏高的现实和开发商暴利的可能，导致了社会对房地产行业成本的高度关注，但就像素有业界“大炮”之称的任志强所言，开发商的成本怎肯轻易对外界公开。今年全国两会期间，全国工商联曾递交了一份名为《我国房价为何居高不下》的大会发言，称一项调查显示房地产项目开发中，土地成本占直接成本比例最高，达到58.2%。此报告直指地方政府为房地产业十年高速发展最大的受益方。这一被外界看来具有明显倾向色彩的报告引来众多争论，甚至有地方政府表态，将公布相关数据予以反驳，但截至目前尚无下文。不过，中央层面对房价成本问题的关注却在加大。除国土部的地价调查外，近期国家统计局也已下发通知，将对40个重点城市范围内的商品住宅开发费用构成进行专项调查，以弄清房地产开发项目费用的支出结构。根据该通知，此项调查应该于本月中旬结束。田彦军认为，为了破除地价推高房价的“误解”，应该及时向公众公布每一个在售商品楼盘的土地价格及该宗地价占房价的比例，赋予消费者应有的知情权，保障社会各方了解并参与房地产市场调控。“房价、地价对照公示，可以凸显开发商行业的暴利。公众可以据此直接了解房价、地价水平，进而根据社会平均建安成本测算开发商利润。”田彦军称，此举也可以进一步挤压房地产开发利润，使其向社会平均利润靠拢。据悉，在2005年，建设部门曾下发《房地产市场信息系统建设工作纲要》，要求各地房地产主管部门逐步建立完整的房地产信息采集、分类、统计和分析系统，将一些基本的市场信息向社会发布，并提供公开查询功能，但此后进展并不顺利，未能达到政策预期。田彦军认为，房地产开发商为维护其开发暴利，将成本视为商业机密，掩盖了其高利润的真相。而社会公众往往仅能依据一些立场性较强的行业机构发布的信息做出误判，很难做到明白消费。此外，个别专业机构的不实宣传，客观上误导了购房者非理性购房，也对房价快速上涨起到了推波助澜的作用。刘展超,7,4,0.9283771514892578
警方提醒考生及家长谨防7类高考招生诈骗中广网昆明6月18日消息（记者贾宜超）随着高考试卷批改、志愿填报及学校录取工作的进行，与高考相关的诈骗活动也进入了家庭和校园。记者从云南省公安厅了解到，最近已发生多起借高考填报志愿、录取为名的诈骗活动，警方提醒广大考生及家长提高警惕，防范此类诈骗。警方在侦查工作中发现，这类诈骗的主要手段有以下几种：一是通过手机短消息或网络，向考生或家长发送“透露高考志愿填报内幕信息”、“花钱可以上重点大学”等虚假信息，要求出钱购买。二是谎称自己是院校招生代理、高校招生人员或有“特殊关系”，可以拿到内部指标或计划外指标，借以索取相关费用。三是高考结束后，一些中介公司或个人打着自主招生的幌子骗取考生和家长的钱财，向家长承诺花钱可以搞到自主招生指标。四是故意混淆自考、成人高招、网络教育与普通高校招生的区别，蒙骗考生。五是采取伪造军校招生公文、公章，假冒军校领导、军队高级干部等身份，以“内部招生指标”、“计划外招生指标”、“军校扩招”为幌子，蒙骗考生和家长。六是谎称是教育部门或高校的官员、有内部关系，可以帮助考生填报志愿、投递档案、通过体检面试等。七是通过邮局向考生寄送伪造的录取通知书，让考生将学杂费事先打入其指定银行帐号。警方提示，对此类犯罪应提高警惕，注意防范。要知道高考试卷的批改、分数的统计、档案的投递、考生的录取等都是按照严格的程序，在公平、公正的原则下进行的，整个过程有严格的监督和管理。广大考生及家长不要相信任何非官方公布的关于高考方面的信息；不要寄希望于通过非正常渠道获取高校录取资格；得到不确定的信息要及时同家人、学校老师商议或向有关部门直接询问；发现自己上当受骗要注意保存证据线索，并及时到公安机关报案。,7,1,0.3661665618419647
审计署：北京奥运会个别项目招投标违规公报中说，总的看，北京奥组委各项内控制度比较健全，监督管理比较严格，资金支出得到较好控制，审计未发现重大违法违规问题。同时，公报也披露，跟踪审计发现部分项目存在违规招投标、法人招标遗留问题未解决等问题。（一）个别项目招投标存在违规现象。审计发现14个项目的28项专业分包和材料采购招投标存在违规行为，主要表现为不按主管部门核准方式招标和评标，工作存在错漏，影响中标结果。（二）国家体育场等项目超概算。国家体育场初步设计概算批复总投资31.4亿元，但因结构复杂、技术难度大、工艺要求高、功能和标准调整以及主要建材涨价等原因投资超概算约4.56亿元。（三）项目法人招标遗留问题未解决。为吸引社会资金参与奥运项目建设，同时解决赛后场馆经营问题，北京市政府对国家体育场等奥运场馆采取项目法人招标方式，由中标人组建项目公司负责融资、设计、建设和赛后经营。其中一些项目投资方存在资金不到位、中途退出、将主体结构工程分解后各自组织施工等问题，政府在项目法人招标时承诺的土地和税费优惠政策在实际执行中也比较困难。如国家体育场股东之一的金州控股集团有限公司自项目开工投资就不到位，至今仍拖欠4700万元。公告指出，国家体育总局、北京市政府等部门和单位高度重视审计提出的问题，积极采取措施整改，随审随纠，效果明显。审计提出有的项目进度滞后问题后，国家体育总局、北京市政府多次研究落实解决方案，对问题较大的项目实施重点督导、全程跟踪，主管部门和建设单位采取倒排工期、责任到人的有力措施，保证了工程进度和质量。公报最后还对北京奥运财务收支和场馆建设审计提出了审计建议：（一）通过筹办奥运会，北京具备了世界一流水平的比赛场馆和系统配套的相关设施，奥运场馆成为国际社会了解北京、认识中国的新窗口。建议北京市政府认真研究奥运场馆赛后运营机制，统筹规划奥林匹克中心区运营管理，兼顾经济和社会效益，促进奥运项目更好地发挥整体投资效益。（二）对奥运项目建设过程中发生的违规招投标问题，相关部门和单位应认真研究产生问题的原因，吸取教训，并加大处罚力度。对地方建设资金到位不及时、项目法人招标遗留问题未全部解决等问题，相关部门应高度重视，采取有效措施，避免影响奥运整体形象。审计署公告称北京奥运会收支结余超10亿元,7,4,0.5358366966247559
台风莲花在台湾上空形成火云天象(图)中新网6月22日电 据台湾媒体报道，轻度台风“莲花”没有登陆台湾也未造成严重灾害，但在台湾上空营造一幕大自然奥妙的天象——火云。宜兰南澳小学老师蔡沛?昨清晨5时许，拍到南澳山区满山火云，染成血红的山头向苍穹激射出万道红光，彷佛火山爆发漫山熊熊烈火、又似盘古开天的气势，加上云彩翻山越岭，气势壮丽磅?，美妙的天象只维持5分钟，已让人惊叹不已。宜兰气象站主任梁?汉指出，过去科技不发达，古人常以火云现象分析是否降大雨，因此提醒民众，“莲花”仍可能带来丰沛雨量，民众仍应小心防范。,7,9,0.4780887961387634
国土部：18亿亩耕地红线推涨房价说法无根据本报讯 (记者柳志卿) 对于近来有专家称保护耕地红线的政策推涨了房价，国土资源部在昨天的发布会上对此作出回应说，此说法毫无根据。鹿心社说，地价是影响房价的重要因素之一，但不是决定因素。决定房价的关键因素或者根本因素是供求关系。针对前一时期有的专家认为由于“守红线”，土地偏紧、地价偏高，影响房价，国土资源部做了系统调查。调查东部、中部、西部不同类型620个房地产开发项目的结果表明，目前在我国，地价占房价的15%至30%，平均是23.2%。与国际水平做了大致的比较，美国是28%，加拿大是24%，英国是25%至38%，韩国是50%至65%，日本是60%至75%，新加坡是55%至60%，我国的这个比例远低于邻国。一般说来，一个国家或者一个地区的土地资源越紧缺，地价占房价的比例就越高。从我国的地价水平看，说保18亿亩耕地红线推涨了房价，没有根据，也没有道理。,7,4,0.9395118355751038
住建部调研市政公用行业吸引民间资本进入如何调动民间资金投资积极性，已经成为当前扩大内需的关键议题。6月24日，中国城市燃气协会秘书长迟国敬在“公共服务与公权市场座谈会暨《公权市场》新书发布会”上向本报记者透露，国家发改委体改司等部门向该协会调研民间资金投资城市燃气行业的情况，并请他们提出行业进一步开放改革的意见。住房和城乡建设部城建司副司长刘贺明在上述场合对本报记者证实，住建部接到了国务院关于推进公用事业改革问题的通知。目前，住建部已经按照分工安排，成立了专门的小组，准备对市政公用行业如何吸引民间资本进入进行调研，起草政策。发改委、住建部展开调研本报记者了解到，国家发改委、住房和城乡建设部等多个部门都接到了国务院关于落实吸引民间资金进入公用事业和垄断行业投资的通知。目前，有关部门正在密集调研，酝酿出台相关行业吸引民间投资的政策。“这项工作刚刚开始。”一位接近住建部的人士透露，城市公共交通、燃气、供水等公用事业投资是这轮吸引民间资金投资的重点领域。住建部政策法规司副司长徐宗威对本报记者表示，当前扩大内需的新着力点应该放在鼓励民间投资积极性，进一步改革垄断领域和市政公用行业体制，尤其从立法上进一步为民间投资提供保障。但是，目前公用事业投资领域还存在法律法规不健全、财政投资迅速萎缩等问题，应该借扩大内需投资的机会，规范公用事业投资，建立“公权市场”。所谓公权市场，徐宗威介绍，就是以特许经营制度为规范的公共品委托生产机制；开放公用事业领域，不仅仅是将公用事业一卖了之，而是要规范公用事业投资，建立规范的特许经营制度。“对于民间资金来说，当前进入公用事业领域投资正是机会。”徐宗威分析，未来15年内，我国城市化进程还将促使3亿-4亿农民进入城市，人口增加导致城市公共服务产品需求增加。另外，公用事业投资的典型特点是回报稳定，长期而稳定的回报对资本投入非常有吸引力。迟国敬介绍说，国家发改委体改司的有关人士已经在城市燃气协会进行过相关调研，请燃气协会提出下一步城市燃气行业改革的意见和建议。“目前公用事业投资缺乏配套法律支持。”上述接近住建部的人士表示，多个行业协会都向调研人员反映当前行业缺乏法律保障的问题，预计最后形成的政策中，会提出清理一部分现行的、不符合实际的法律，同时加快公用事业投资领域的立法工作。建立“公权市场”既然要吸引民间资本进入公用事业领域，现有公用事业中民间资本投资生存情况，就成为相关主管部门最为关注的情况。作为一直参与城市公用事业经营的企业，首创股份副总经理郭鹏对公用事业行业改革感触颇深。“一是地方政府依靠行政命令把不属于企业负担的社会成本转嫁于企业头上；二是游戏规则制定后，遵守情况不好，往往是遵纪守法的企业吃亏，依靠钻法律空子和走后门的企业获得暴利。”郭鹏说。“如果城镇公用事业形不成产业，就不会对民间资金带来吸引力。”深圳金达莱企业负责人对记者说，多数公用事业还存在缺乏税费政策激励的问题。徐宗威向本报记者表示，刺激民间资金投资，应该注重市场机制建设，将公共服务产品以市场形式提供，理顺机制，这样才能达到比较好的刺激效果。关于法律保障，徐宗威认为，目前应该对特许经营立法，将特许经营作为公用事业市场开放的基本制度，建立“公权市场”。当前之所以出现公用事业“不改就死、一改就乱”的问题，在于特许经营制度没有规范下来。徐宗威认为，公共事业改革应该坚持国有经济在公用事业投资中占主体地位，不应该简单地“一卖了之”，坚持渐进性改革。同时，坚持国有经济为主体，并不等于排斥民间投资。徐宗威在《公权市场》一书中指出，市政公用事业投资选择的民间资金或外资投资者，一定要是战略投资者，而非短期的财务投资者。不能将公共服务产品作为资本市场的杠杆，投资方不稳定，也会带来公共服务不稳定。前述接近住建部的人士对记者表示，本次促进民间资金投资公用事业的主要指导思想是如何进一步开放公用事业投资市场。而在调研人员看来，目前启动的公用事业投资领域不到50%，仍需进一步加大开放力度，吸引民间资金进入，使其成为保增长的重要着力点。记者 贾海峰,7,4,0.6260810494422913
国土部：中央不出台小产权房统一文件本报综合报道 国土资源部副部长?小苏昨日透露，由于各地小产权房的情况不一样，中央或国土资源部不会出台统一的处理意见。国土资源部与各地共同从实际出发，认真调研，依法合情合理地处理。昨日，?小苏接受记者提问时表示，无论是否建在耕地上，只要是没有经过批准，没有办理转让征收手续，在农村集体土地上建设的商品房都是违法的。“村级干部、乡级干部没有权力做主出租、出让农村集体土地去盖商品房，村级干部、乡级干部私自做主出让也是违法的”，?小苏强调。?小苏说，中央多次发文强调，要求各级国土资源部门，首先要把在建的、没有销售的小产权房管住，不要再卖了。但有的人还是想钻空子，这是冒风险的。已经遗留的小产权房，大家认真研究，弄清每一个楼盘的具体情况，依法合情合理地去处理。因为各地的情况不一样，每一宗土地的性质不一样，开发投入的情况不一样，买房人的情况也是各不相同，对这种复杂的小产权房问题，中央或国土资源部不可能出台一个统一的文件。国土资源部总规划师胡存智前日公开表示，市场经济条件下，一旦小产权房或无产权房合法化，其价格将与商品房趋同，不再存在价差问题。对此专家指出，不管将来国家如何出台政策、法律，就目前购买小产权房来说，面临风险要大于潜在的收益。■ 相关新闻12336开接“土地违法举报”本报讯 （记者吴鹏）昨天开始，遇到任何土地违法问题，公众都可拨打12336国土资源违法举报电话。国土资源部设置了10条线路，国土部有关人士昨晚表示，昨天举报电话共接报410个。按照10条线路计算，在工作时间里，平均每条线路每小时接报约7个。按照要求，省级举报电话要设置3至5条线路，所有县市都将在7月底前开通。昨日，国土部有关负责人说，国土部直接接听的举报电话，将区分一般违法线索和重大违法线索。一般违法线索直接转违法发生地的省级国土资源行政主管部门处理，重大违法线索将由国土资源部执法局采用交办、挂牌督办或派员直查等方式逐一处理。专家称国土部建设部已形成小产权房规范性文件张鸿：集体误读小产权房背后是利益驱动,7,4,0.9460880756378174
香港富豪人数减少61.3%创历史最大跌幅也就一年的时间，全球富豪此前两年所累积的财富化为乌有。6月25日，美林全球财富管理与凯捷顾问公司发布的《全球财富报告》显示，至2008年底，全球的富豪(即拥有100万美元以上净资产人士)的财富总额下降了19.5%，跌至32.8兆美元，人数则减少了14.9%至860万人。而超级富豪(即拥有3000万美元净资产人士)的人数则下跌了24.6%。跌幅是空前的，全球富豪的人数与财富均跌至2005年底的水平以下，这意味着2006年与2007年累积增长的财富已全部蒸发。其中，中国的富豪人数在2008年底达到36.4万人，比2007年下跌了11.8%，但是排名却上升了一位，超越英国成为全球第四大富人集中地。而香港的富豪人数下降了61.3%至3.7万人，创下该排行榜有史以来最大的跌幅。美林全球财富管理大中华区董事总经理刘昌欣对本报记者表示，中国富豪的具体分布情况有待拿到更详尽的数据才能作出分析，该数据将在今年9月份公布，“中国是去年全球经济的一个亮点，强劲的增长使该地区富裕人士数量不会像一些市场那样大幅下跌。”香港财富集中地在股市香港富豪的数量下跌如此之大，美林的报告认为，原因在于香港拥有的股市市值与名义GDP的比率已达到极高的5.76，意味着香港特别容易受到股市下跌的影响，2008年香港股市市值下跌了49.9%。相比之下，该比率在新加坡仅为1.49，在美国则只有0.83。另外，香港原来的富豪中大部分属于100万－500万美元的财富级别，其中大部分人因为去年的损失而跌出了100万美元的门槛。刘昌欣说，香港的部分富豪所持有的股票比例越高，则受到的影响越大。去年香港市场上不少富裕人士因为累计期权(Accumulator)产品而损失惨重。“使用金融工具赚钱，就像是吃饭时可以用筷子，也可以用刀叉，只要市场有需求，产品就会存在。”刘昌欣说，今年以来资本市场整体复苏，除了原来已经投资的富裕人士会受惠之外，也会制造出更多的富裕人士。美林预计在2013年底全球富裕人士的财富将增长至48.5兆美元，年增8.1%。北美与亚太地区将随着美国消费支出增加以及中国经济的动力和自主发展，带领财富增长。而亚太地区也有望在2013年成为全球最大的富裕人士集中地。刘昌欣估计，从目前的趋势来看，到2013年中国富裕人士的数目可能会超过北美市场。根据统计，2008年底全球富裕人士最多的国家前三名分别为美国、日本和德国，占2008年全球富裕人士总数的54%。短期内继续保守投资策略美林全球财富管理亚太区投资策略师Stephen Corry对记者表示，去年全球富裕人士以资本保值为主，而非高回报投资。所以大部分富豪减少对股票的配置，转而增加了以现金为主的投资，并把资产转移到楼市。调查显示，2008年全球富豪们的股票投资由33%降至25%。根据美林的数据，去年全球股市市值暴跌接近50%，降至1999年的水平，尤其是9月份之后全球股市同时重挫，其中美洲下跌42.9%，亚太地区下降53/5%，欧洲、中东和非洲地区的跌幅也达到51%。而中国股市在之前的年度上涨了291%之后，更下挫了60.3%。由于传统的股市分散投资策略不奏效，因此全球投资者纷纷转入固定收益市场，目的在于保障资本，而非赚取回报。因此，固定收益投资占全球富豪的投资组合的比例在去年底达29%，高出2007年2%。结果美国国库券在2008年的表现超越其他所有的债券，以总回报来看上涨了13.9%。同时，由于对复杂的投资产品心有余悸，全球流进货币市场基金的金额高达4550亿美元以上，导致富裕人士的现金或存款大幅增加，占整个投资组合的比例从17%升至21%。比如，亚洲除日本以外的其他国家，富豪们持有现金类资产的比例高达26%，而在2007年这一比例只有5%。此外，物业投资占富豪的净资产比例从14%升至18%，因为富豪有寻找低价房的趋势，特别是在商业不动产与新建房市场，以及住宅物业。此外，规避通胀风险可能也是刺激富豪购置房产的另一大因素。2008年，豪宅的价格跌至2003－2004年的水平，也刺激了不少富豪购置。尽管短期内仍然是保守投资策略当道，不过，Stephen Corry预计，未来富豪们的投资趋势将会改变，至2010年富豪们持股票的比例将增加至28%，而物业方面的投资则会减少至15%。记者 谭璐,7,1,0.5104813575744629
江苏盐城大面积死鱼与天气水质有关(图)中新网盐城7月3日电 (于从文 童盛) 记者今天从江苏盐城射阳县政府办获悉，六月三十日晚盐城市新洋港大面积死鱼的原因已排除人为因素，而是与天气闷热、水质环境变差有关。六月三十日晚七时左右，江苏省盐城市新洋港河亭湖区黄尖镇段和射阳县洋马镇段十余公里河道共六千五百网箱鲢鱼、鲤鱼突然死亡。事发后，当地养殖户迫切要求有关部门调查鱼的死因。当时针对死鱼的原因，渔民们众说纷纭，或说夏季水温变化和河道浮游植物过多，水质富氧化严重，更多的说法则是上游企业暗自排污污染河道，使鱼中毒而亡。射阳县政府办周金德副主任在接受采访时表示，目前水样检测结果已经出来，水里并没有污染源物。鱼大面积死亡的主要原因是天气闷热，水质中的溶氧量偏低，且网箱养殖密度比较大。另外，六月二十八日、二十九日连降暴雨，而当地正处于农作物施肥期，导致部分含氮肥料流入河水中，使得氨氮有所超标。由于发生死鱼的水域水体已经发臭，影响到下游乡镇居民取水，下游所在地政府已经对饮用水源做了提前准备，进水的管道内的余水全部清理干净，自来水厂也能保证正常供水。,7,9,0.5454465746879578
热带风暴苏迪罗可能12日在广东海南登陆(图)中广网北京7月11日消息（中国之声记者张蔚）今年第5号热带风暴“苏迪罗”于10日晨在菲律宾吕宋岛北部近海生成，今日（11日）14时移至广东湛江市东偏南约390公里海面上，风力8级（18米每秒），预计将以25公里每小时的速度向西偏北移动，可能于12日晨到中午在广东西部至海南北部沿海登陆，登陆时风力8至9级。该热带风暴有三个特点：一是生成区域离大陆近，距离广东汕头仅400公里。二是移动速度快，在海面上活动两天就登陆。三是不仅在南海海域形成较强风力，而且可能给沿海部分地区带来强降雨。国家防总高度重视热带风暴“苏迪罗”的防御工作。7月10日刚生成时，国家防总就发出通知，要求有关省区强化监测预报，加密会商，按照防台风预案，做好各项防御准备工作。7月11日上午，国家防总副总指挥、水利部副部长鄂竟平到国家防总防汛抗旱指挥中心了解汛情和防御热带风暴情况，部署有关工作。国家防总秘书长、水利部副部长刘宁主持召开国家防总异地视频会商会，进一步研究部署“苏迪罗”防御工作，并宣布国家防总启动防汛Ⅳ级应急响应。珠江防总、广东、广西、海南等省（区）防汛抗旱指挥部的负责同志参加了会议。刘宁强调，当前防御第5号热带风暴“苏迪罗”的形势严峻。此次热带风暴云系不对称，登陆后极可能造成强风、暴雨并发的不利局面。特别是前期降雨较多的广西、广东局地，江河底水位较高，部分水库超汛限水位，土壤含水量较大，热带风暴“苏迪罗”带来强降雨，将增加这些地区的防洪减灾压力。此外，热带风暴影响期间恰逢周末，沿海地区旅游人员多，也给热带风暴防御工作增加了难度。刘宁要求，各地、各部门要以对人民群众生命安全高度负责的精神，从正面登陆的最不利情况着手，强化领导，超常部署，周密防范，切实把各项工作做在前头、落到实处，尽一切可能避免人员伤亡，努力减少灾害损失。当前应重点做好以下几个方面的工作：一是高度重视，强化值守，加强联合会商，明确防御重点，落实防范措施，防止因休假、工作疏漏或措施不到位而造成重大人员伤亡。二是密切监视，强化预警，对热带风暴移动路径、强度变化、影响范围以及风暴潮增水等情况作出准确预报，对水情、汛情进行滚动分析和实时预报，多渠道、广覆盖、高密度地向社会公众发布预警预报信息。三是以防为主，强化措施，着力做好防强风、防大潮、防暴雨、防山洪、防内涝、防次生灾害的各项准备，加强对山洪灾害易发区、中小型水库水电站以及病险水库水电站的安全检查，及时排除隐患。四是以人为本，强化避险，把确保人民生命安全放在台风防御工作的首位，切实做好船只回港避风和海上作业人员、危险地区人员的转移避险工作，开展拉网式排查，该转移的人员必须及时安全转移。五是科学调度，强化保安，加强水库等水利工程的调度，加强监测，科学防控，充分发挥水库拦洪削峰错峰作用。病险水库、水电站，特别是前期蓄水较高和出现险情的水库，要降低水位或空库迎汛。,7,9,0.6140353083610535
数学家吴文俊等十位归侨侨眷当选侨界十杰中新网北京七月十四日电 (记者 王海波 张冬冬) 年届九十的中国科学院数学与系统科学研究院研究员、中国科学院院士、世界著名数学家吴文俊在十四日开幕的“第八次全国归侨侨眷代表大会”上当选“侨界十杰”。同时被中华全国归国华侨联合会、国务院侨务办公室授予“侨界十杰”荣誉称号的还有：神华集团有限公司总经理张玉卓，广东韶关钢铁集团有限公司主任工程师、高级技师罗东元，北京华腾东光科技发展有限公司高级工程师罗益锋，中国科学院海洋研究所研究员郑守仪，吉林大学汽车学院教授郭孔辉，国家体育总局体操中心副主任、国家级教练黄玉斌，海南省农垦总局副局长、南田农场场长彭隆荣，福建省光学技术研究所高级工程师赖爱光，中国航空工业集团公司北京航空材料研究院高级顾问颜鸣皋。此外，二十人被授予“全国侨界十杰”提名奖，九百六十人获全国归侨侨眷先进个人荣誉称号。胡锦涛、吴邦国、温家宝、贾庆林、李长春、习近平、李克强、贺国强、周永康等领导人为“侨界十杰”颁发荣誉证书。(完),7,9,0.39967331290245056
新医改配套方案8月有望集中亮相在新医改总体方案公布4个月后，一系列操作性配套方案有望亮相。本报记者从各方渠道获悉，十几个新医改配套方案已经成型，有望于下月陆续公布。其中，包括国家发改委牵头制定的三个方案，人社部牵头的八个配套文件等。事实上，新医改配套实施方案已陆续面世，6月22日，民政部公布了《关于进一步完善城乡医疗救助制度的意见》，7月13日，卫生部公布了《关于巩固和发展新型农村合作医疗制度的意见》。不过，事关新医改的关键性改革环节，如公立医院改革试点、基本药物制度、医药价格机制等操作性方案仍在“闺中”。“基本药物首先会在基层使用。”7月12日，在北京召开的第七届世界卫生经济大会间歇，卫生部部长陈竺对本报记者表示，针对基层医疗机构和城市大医院的不同特点，会相应出台适应两种情况的基本药物制度细则。同时，包括基本药物目录在内的一系列基本药物制度，有望在8月公布。关键性操作方案8月出台据本报记者从国家发改委社会司有关人士处获悉，国家发改委牵头制定的医改配套方案大致有三个领域。包括医药价格定价机制、全科医师培养和基层医疗机构建设管理规范。“基本上已成型，进一步征求相关部委意见后对外公布。”国家发改委社会司有关人士透露。价格是市场体系的核心点。而作为生产特殊产品的医药行业，近些年来一直处于政府管控之中。但政府管控的边界在哪里——哪些药品需要政府定价，如何科学定价？一直是定价部门的首要命题，也是医药行业最为敏感的环节。据本报记者了解，此次发改委制定的新医药价格改革，在诸多地方会出现较为明显的调整，包括政府药品定价范围、“放开”部分药品定价权、药品加成政策由顺价加价改为等额加价或差别加价等。另外，医疗服务价格体现了三点思路，即适当提高医疗技术服务价格、医疗服务分级定价、医用耗材限价。“在医药定价上，要探索利益相关方的谈判机制。”7月13日，在第七届世界卫生经济大会上，卫生部规划财务司规划价格处处长于世利表示，医药价格形成机制最终要在“市场”中完成。新医改配套方案制定中，作为主管医保的部门，人社部牵头制定的配套政策主要集中在医保制度改革环节。“我们牵头八个配套文件，现在出了四个。”7月11日，在北京大学光华管理学院主办、美国EXPRESS SCRIPTS公司协办的“健康生产力与科学发展论坛”上，人社部医疗保险司司长医疗保险司长姚宏透露，已出台的政策包括启动城镇居民医保试点、解决破产企业人员参与医疗保险的政策、完善城乡医疗救助制度，卫生信息统计制度。姚宏透露，人社部还将出台一系列医保制度配套改革方案。包括进一步提高医疗保险基金使用效率、解决异地就医人员看病、农民工医保转移接续、加强医疗保险服务能力建设、提高统筹层次等。据本报记者从各方渠道了解，新医改的关键性改革环节，如公立医院改革试点、基本药物制度、医药价格机制等操作性方案，有望在8月亮相。基本药物目录“瘦身”“本来说四月底出台方案，到现在没有出来，并不是放‘空炮’。”7月11日，卫生部药物政策与基本药物制度司司长郑宏表示，之所以至今尚未出台国家基本药物政策，源于对于目录本身，各方存在不同意见。同时，相关配套措施尚未完善，如基本药物定价、医保报销、医疗机构配备使用等。郑宏透露，目前基本药物目录已经制定完成，包括中药和西药共300多种。比最初拟定的目录“瘦身”了很多。“目录调整的主要对象是中药。”复旦大学药物经济学评价与研究中心主任胡善联对记者表示，最初基本药物目录大概在600种，压缩的主要范围是“一品一厂”的种类，即部分只有一个厂家生产的中药品种。基本药物制度从概念出笼到具体政策制定，一直存在着争议。鉴于此，决策者们调整了实施策略，即先行试点。据郑宏透露，基本药物制度要在今年年底之前，先在全国30%的地区实施。即30%的政府办的城市社区卫生服务机构、乡镇卫生院实施。“30%是指，全国的每一个省都要有30%的县区的基层机构实施基本药物目录制度。”郑称，目前全国2万多所基层医疗机构，其中9000多所属于政府举办。30%意味着3000多所基层医疗机构将要实施基本药物制度。基本药物政策迟迟不出台，还源于面临着具体操作难题。300多种基本药物是否满足不同地区的需求？郑表示，意见征求稿发给中西部地区时，普遍对目录比较认可。但是东部地区则反映目录仅包含几百种药物，数量太少。如目前北京、天津的社区基本药物目录分别是四五百种。“中央在制定政策时也考虑到将给地方留有一定的调整空间，允许地方在省一级政府的统一指导下增加一些非目录药物进入社区和医院使用。”郑宏称。此外，财政补助怎么给？按新医改意见要求，政府举办的基层医疗卫生机构全部配备和使用基本药物，并按照购进价格实行零差率销售。财政补助由此导致的医疗机构损失。那么，公立、私立基层医疗机构是否可以同样获得补助？“政府办的医疗机构通过财政补偿，其他医疗机构还没有相应办法。”郑宏表示，私立基层医疗机构还未纳入财政补助范畴，如果补，需要成本核算等，比较难。  记者 王世玲,7,4,0.5279567837715149
住建部：严格执行个人房贷政策稳定房价据新华社电 住房城乡建设部有关负责人15日表示，目前房地产市场稳步回升，今后将着力稳定市场信心和预期，稳定房地产投资，促进房地产市场稳定健康发展。企业资金压力进一步减缓住建部认为，房地产市场总体上保持了3月份以来的回升态势，市场消费信心逐步增强，商品住房成交量稳步回升，投资增幅下滑的趋势有所缓解，企业资金压力进一步减缓，住房价格稳中回升。住建部有关负责人表示，将采取三方面具体措施，促进房地产市场稳定健康发展。增土地供应引导加快投资一是加强监督管理，确保完成今年保障性安居工程工作任务。二是继续稳定房地产投资，加大对中低价位、中小套型普通商品住房建设和新项目的信贷支持力度。三是继续加强房地产市场监测分析，重点加强对北京、上海、深圳、广州、杭州等房地产市场新情况和新问题的分析和指导，督促其加强供需双向调节，增加土地供应、引导开发企业加快投资建设，严格执行个人购房贷款政策，合理调节住房需求，着力稳定房价。上半年房市数据住房成交量全国新建商品住房销售3.15亿平方米，同比增33.4%。北京同比增幅高达142.2%。开发投资全国房地产开发投资14505亿元，同比增9.9%；增幅比一季度提高5.8个百分点。住房价格6月，70个大中城市新建商品房价同比下降0.6%，降幅比上月减少0.7个百分点；月环比上涨0.8%，涨幅比上月提高0.1个百分点。相关新闻上半年房产税收增20.7%本报讯 (记者鲍颖)记者昨日从财政部获悉，在今年上半年全国税收整体下降的情况下，1至6月，房产税收入仍然同比增长20.7%，完成425.62亿元。财政部分析称，房产税收入快速增长的原因，一是城镇房屋保有量持续增加，二是全国房屋租赁的平均价格有所上涨。此外，土地相关税收持续较快增长。1至6月，城镇土地使用税、土地增值税和耕地占用税三个税种实现收入1144.84亿元，分别同比增长17.6%、9.8%和135%。以上三个税种收入增加表明，纳税人占用的土地面积、销售房屋增值收益、占用的耕地面积均有所增加。,7,4,0.916154146194458
民政部为月球地名征中文译名本报讯 (记者陈荞) 昨天，民政部发布消息称，民政部地名研究所正在对国际天文联合会(IAU)发布的月球地名进行中文译写标准化处理，以消除月球中文地名使用中的混乱，促进我国探月及相关科学事业的发展。民政部介绍，在IAU公布的月球地名录中包括18种月球地理实体类型(featuretype)，即月球通名。在相关出版物和学术期刊上关于月球通名的译法不一，特别是关于“Crater”这一通名的译法更是多种多样。这种状态的存在，必然会影响月球地名的正确使用。根据我国地名管理有关规定及联合国地名标准化大会关于“各国应该用本国的语言和文字系统”处理星球地名的决议，民政部地名研究所决定对IAU发布的月球地名进行中文译写标准化处理，现面向社会广泛征求意见。有关方面单位及专家对月球地名通名的译写形式提出的建议可反馈至电子信箱fanchenfang@sina.com。■附件待确定标准译名的月球地名1.Albedo Feature;2.Catena， catenae;3.Crater，craters;4.Dorsum，dorsa;5.Fossa，fossae;6.Lacus;7.Landingsitename;8.Mare，maria;9.Mons，montes;10.Oceanus;11.Palus， paludes;12.planitia， planitiae;13.Promontorium，promontoria;14.Rima，rimae;15.Rupes， rupēs;16.Satellite Feature;17.Sinus，sinūs;18.Vallis，valles,7,9,0.6100725531578064
美能源部长朱棣文清华演讲 杨振宁夫妇旁听本报讯（记者柳志卿）美国能源部长朱棣文昨天上午在清华大学发表主题为《应对能源与气候变化的挑战：两个国家的故事》的演讲。80分钟，朱棣文几乎一气呵成。他的讲座和科学家的特质相像，严谨、用数据和事实说话。父母均是清华人诺贝尔物理学奖获得者、美国能源部部长、华裔，朱棣文的三重身份吸引了大批清华学子，诺奖得主杨振宁和夫人也到场旁听捧场，能容纳三百人的报告厅座无虚席，过道都站满了慕名前来的同学。11点，朱棣文准时现身，尽管天气炎热，他仍然正装穿扮，白色衬衫、深色西装、深色领带。朱棣文和清华渊源颇深，他的父母均毕业于清华大学。演讲一开始，朱棣文提起了这段往事，“我的父母早年是在清华毕业的，今天我能在这里演讲，感到骄傲和自豪。”简练地说完后，他便进入了演讲的正题。建议中美加强合作能源危机、气候变暖、海平面上升、建筑节能设计、能源作物的种植，这位科学家部长的演讲带着浓浓的科学气息。演讲中，朱棣文的表情并不多，所展示的幻灯片大都是数据图表，科学家用数据和事实说话的特性展露无遗。他的演讲还提到了不少节能减排的新技术和新观点，例如他提到把屋顶都漆成白色，可以有效地反射太阳辐射热量，降低温室效应。他建议中美在节能减排上加强技术合作，共同应对气候变化。最后，朱棣文引用了美国民权运动领袖马丁·路德·金的一句名言强调应对气候变化的紧迫性：“我们现在面对着这样的事实——明天就是今天。当今形势异常紧迫，人类的历史长河中反复上演着这样一个悲剧，这就是太迟了。”中文不好全程英文虽然祖籍江苏太仓，父母毕业清华，但是朱棣文的中文并不好，他在学术场合和官方场合都用英文演讲。昨天也不例外，80分钟演讲，全程英文。最后，因为时间缘故，答问时间取消，让不少准备提问的同学十分失望。清华大学建筑系大三学生小毛说，朱的演讲感觉有点更像科学讲座，引用大量的数据和图表，论据观点都十分严谨，逻辑清晰，而趣味性相对差一些。朱棣文与另一位华裔美国商务部长骆家辉前天下午5点同机抵达北京，开始他们为期三天的访华之旅。两位华裔部长联袂访华，在中美关系史上尚属首次。,7,5,0.9251739978790283
国资委回应央企频频中标高价地块现象中新网7月21日电 近期央企在全国各地的土地市场上频频中标地王，国资委主任李荣融今日在接受采访时回应称，希望这些央企更加清醒、更加稳健、更加扎实地做好自己的工作。有媒体援引机构报告称，今年上半年，各月成交总价排行前十的地块中有60%的高价地块由国资背景企业获得。特别是在土地市场较为冷清的一季度，国资背景企业几乎包办了所有高价土地。以6月份为例，拿下广渠路15号地块的中化方兴、拿下重庆鸿恩寺地块的保利地产、拿下朝阳区奥运村乡用地的中泽置业，都是央企背景。央企6月营业收入和利润双双实现环比增20%以上中国央企营业收入下滑趋势得到遏制,7,4,0.9406993985176086
"住建部上海楼房倒塌具有极端个别性2009年7月23日(星期四)15时，住房城乡建设部工程质量安全监管司司长陈重和副司长吴慧娟接受中国政府网专访，就“切实做好检查工作 确保在建住宅工程质量”与网友在线交流。[网友 云天]上海""莲花河畔景苑""住宅楼房倒塌事故不禁让人担心老百姓将住进怎样质量的房屋，我想知道全国住宅工程质量到底怎样？ [陈重]质量就是我们的产品或者工作的优劣程度。比如建筑质量、工程质量、教学质量。优劣是相对来讲的，我想从几个方面来讲，因为大家关心我们的工程质量到底是个什么状况。首先，法规标准这么多年来不断健全。2000年我们建设工程质量管理条例、建设工程勘察设计管理条例出台。包括标准，从本世纪初形成了比较健全的标准体系，工程建设标准数以千计，国家标准、行业标准都有了。其次，大家可能也能亲身感受到，质量是产品、工作的优劣程度，优劣是相对的概念。比如说建筑材料的水平、施工技术的水平，我们可以用30年比较看看，比如说住宅，现代化的住宅小区，我们现在强调的是安全、经济、适用。总体发展趋势可以看到。同时还有一个量的概念，我有一个简单的数据，据有关资料统计，2008年全社会固定资产投资17.2万亿元，比上年增长了25.5%。全国城镇在施工地达到了35万个以上，在建的城镇房屋建筑面积47.4亿平方米。其中，有26.2亿平方米是住宅，因为房屋还有办公楼、商厦、体育建筑等。所以从量上来说，现在整个质量一直在不断提高，日趋规范，稳中有升。[主持人]还是上海这件事情出来之后，会有网友发出这样的感慨，但实际上这也是一个个案，它不能代表全国所有的住宅质量。[陈重]这个事情发生以后，我们很关注，首先关注的是抢险和采取措施。倒塌的是7号楼，4.6米深的基坑旁边还有6号楼及其他建好的楼房，它不是孤立的，所以首先是抢险。对于倒塌的判断，确实是建国以来还没有过这样的情况。应该说这是极端个别性。上海市政府公布，经过监测，6号楼稳定，在建的其余10栋楼安全状况稳定。也说明这个事是个很突然的事件。",7,4,0.9065242409706116
郭台铭被曝利用亡妻逃税499亿新台币台湾首富郭台铭的鸿海集团股价日前重挫，盘中还跌破5日均线，原来是台湾近日盛传鸿海董事长郭台铭遭到美国国税局追讨高额逃税税金约499亿新台币，一旦如此，郭台铭可能会面临破产。不过，鸿海日前发布讯息澄清并强调一切都不是事实。前周刊记者爆郭在美逃税“郭台铭遭美国国税局调查，逃税金额还是史上最高”！壹周刊前记者臧家宜在博客上大爆惊人内幕，称郭台铭遭到民众检举逃税，被美国国税局追讨的税金总金额达39亿美金，以税率40%计算，补税金额为499.2亿新台币。如果美方认定是恶意逃税，将有可能罚3倍款项，总资产800亿的郭台铭面临破产命运。消息传出后，鸿海总公司前日傍晚也赶紧发布讯息驳斥，强调博客以及讨论区的言论是特定人士自导自演，纯属一派胡言，却没有提到要采取法律行动。臧家宜在博客中提到，鸿海美国子公司早在2003年，就曾经遭到美国国税局派遣军队，荷枪实弹搜索查税。检举人提到，郭台铭亡妻林淑如没有申报死亡，在她死亡之后，数据显示还有大量经济活动进行，因为美国国税局不晓得林淑如的英文名字。假如郭台铭真的逃漏税，金额将是台湾地区史上最高。讯息源自美国律师？面对一切指控，鸿海矢口否认。臧家宜昨日召开记者会发表声明，强调所有讯息都是来自美国的律师Paul D.Scott，他是美国专精税法的执业律师，目前在加州执业。臧家宜请鸿海3天内开记者会说明，并且向她道歉，否则将提告。臧家宜表示，她绝无影响股市的心意。另外她也表明，已经掌握林淑如社会安全码，证明该事确凿。而对于不法的事实，她也已向北检提告，鸿海方面则尚未有响应。双方各说各话，事情真相究竟如何，还有待观察。,7,1,0.48777636885643005
大陆高校首次面试直接录取台湾高中生新华网上海7月25日电(记者肖春飞)记者25日从复旦大学了解到，来自台湾桃园县复旦高级中学的高三毕业生何安琪被复旦大学通过面试直接录取，她以第一志愿进入了复旦大学上海医学院临床医学专业八年制博士班。何安琪因此成为台湾高中应届毕业生中被内地高校以面试方式直接录取的第一人。复旦大学招生办主任郑方贤介绍说，台湾桃园县复旦高级中学是复旦校友于上世纪五十年代创办，办学质量相当不错，近年一直与复旦大学保持交流合作。经过两所学校的沟通与教育部的批准，复旦大学作为试点，在今年与明年各保留两个免试申请入学的名额给台湾桃园县复旦高级中学，今年后者推荐了何安琪一人。何安琪与家长不久前来到复旦大学参加面试，复旦派出了该校医学专业和物理学专业的两位教授，对何安琪进行了一个多小时的面试，对其各方面表现都非常满意。郑方贤表示：“这个台湾女生有两个特点：本身学习成绩非常优秀，对学术研究的兴趣很浓厚，在高中期间还参加过机器人竞赛；其本人对来内地学习，也有充分的思想准备。”此前，台湾学生报考内地高校，必须参加内地普通高校联合招收华侨、港澳地区及台湾省学生统一文化考试。而何安琪考取复旦大学，依据的是她在台湾地区的高中学历测试分数和她在复旦大学的面试成绩。,7,5,0.6374950408935547
部分城市楼价暴涨引高层关注 中央部署调研自6月份部分城市出现地王和房价暴涨，引起中央政府高度关注。中央高层领导就此要求相关部门监控好数据，着手调查这些问题。但就国务院召开的两次会议情况来看，各方就房地产问题争论激烈。目前，中央政府仍在研究阶段，维持回暖的全局政策尚未改变。但相关材料已转发各省，引起各地方政府的重视。7月9日、21日，国务院两次就房地产问题召开座谈会，以了解情况。7月9日，高层领导对6月以来出现的地王和房价提出疑问，同时也关心房地产投资、开竣工面积等先行指标情况。21日，国务院再次召开房地产形势座谈会。据内部人士透露，在座谈会上，各方意见分歧很大，难以统一。其中观点大致分为三种。部分学界人士认为应当立即进行调控，控制房价上涨。企业界人士认为，应当继续维持宽松的信贷环境，防止房地产投资再度下滑。房地产协会组织则持谨慎意见，认为，目前的问题是局部问题应当引起重视，但不应做全局性调整。由于各方意见分歧明显，目前全局性政策调整尚未开始。但各方统计的数据均显示，部分城市供需关系出现变化，房价有可能进一步上升。目前，相关会议材料已转发各省。7月9日会议之后，北京等城市已经开始采取措施。两份半官方机构的报告均将基本方向定调为“维持回暖态势，防止涨价蔓延”。(记者 姜洪桥)(来源：经济观察报)相关阅读：研究机构称上半年全国楼市恢复到两年前水平上海楼市成交量连续四个月快速上涨,7,4,0.9727852940559387
中国与厄瓜多尔签10亿美元贷款换石油协议本报讯 (记者张艳) 中石油昨天透露，其与厄瓜多尔国有石油公司签署协议，将在两年内向其购买原油，并预先支付10亿美元。这被业界称为贷款换石油的又一新单。贷款换石油不仅让中国获得了较便宜的长期稳定的原油供应来源，还分散了外汇储备贬值的风险。厄瓜多尔国有石油公司昨天公布，8月份的第一周中石油将支付给其10亿美元预付款。在未来两年内，该公司将向中石油每月出口288万桶原油，其中216万桶Oriente原油以及72万桶Napo原油，发货价将据市场状况确定。厄瓜多尔国家石油公司还拥有比规定数量多或少供应5%的原油的选择权。厄瓜多尔是南美洲第五大石油生产国。今年以来，我国在贷款换石油领域动作频繁。相关阅读：梅新育：中国从贷款换石油协议中收获什么视频：中俄签250亿美元贷款换20年供油协议,7,1,0.47724854946136475
文化部叫停黑帮主题网络游戏“七月策划：国外六大黑帮类网页游戏人气推荐”。某个游戏网站7月21日挂出的这个黑色的标题，已经吸引了众多网友的浏览和跟帖。记者点击查阅发现，排在第五位的游戏《街头犯罪》的介绍相当“震撼”：“这是一款令人既兴奋而又特别容易上瘾的强盗类大型多人角色扮演的游戏。权力、金钱、赌场、暴力和贪婪在网民的游戏之旅中，起着重要作用。在赌场里赌博、为妓女拉皮条、贩毒，在游戏中都有体现。”在现实生活中，上述这些行为全都是犯罪行为。可是，在网络游戏这个虚拟世界中，这些行为却公然蔓延、横行。在所谓释放压力的背后，其实隐藏着很多危害。规范和治理这些网络“黑帮”游戏刻不容缓。“黑帮”游戏盛行危害不小风靡网络的一家社交网站，被指有“黑帮”游戏。由于记者不是这一网站的用户，无法登录核实，所以就致电该网站的一位用户查询。他介绍，网站中“教父”游戏的人物长相酷似马龙·白兰度，操作方式是扮大亨、杀手，与“土耳其老大”决斗等等。这种游戏火爆起来还是在近段时间。“不知道怎么就火了。大家口口相传，各大网站也相继推出类似游戏。跟‘种菜’、‘偷菜’之类的小儿科游戏比起来，‘黑帮’游戏显然惊险刺激多了，也更具真实感。”这位用户说。前段时间，某网站首页上为最新的游戏“江湖”进行高调推广。打开这个网页，关于“江湖”的游戏框就会蹦出来，告诉你这里可以“黑市买卖，家族火并，让男人做你的小弟，女人成为你的妞！”一位业内人士告诉记者，用黑帮游戏吸引用户的点子并非本土社交网站原创，国外早已有专门为社交网站打造的黑帮主题休闲视频游戏。他认为：“黑帮游戏很容易造成玩家沉迷。容易使人沉迷是社交网站最受诟病的地方，黑帮游戏的出现必将加重这一弊病。”文化部市场司综合执法办公室的一位工作人员今天向记者介绍，他们通过仔细调查发现，目前盛行在网络中的“黑帮”主题游戏，主要是以“黑帮”、“黑社会”、“黑手党”、“江湖”、“教父”、“古惑仔”等为题材，突出表现“黑社会”打、杀、抢、奸、骗等反社会行为，渲染血腥暴力，鼓动、教唆游戏用户在游戏中扮演“黑社会”成员，赞美“黑社会”生活，严重威胁、扭曲社会的法制和道德规范。时评专栏作者乔志峰指出，所谓的黑帮游戏，属于名副其实的“暴力文化”，很容易诱发暴力犯罪。社交网站的玩家尽管多为成年人，但基本上都属于年轻人，黑帮游戏不仅对现实生活中那些有暴力倾向的“危险者”起到了一定的引导和催化作用，甚至还会在潜移默化中把好人带坏———在网络上，道德约束是极其微弱的，暴力游戏会不断麻木玩家的神经，令他们对血腥暴力习以为常。长此以往，网络暴力就有转化成现实暴力的危险。他认为，以前暴力文化的传播渠道主要是书刊和影视节目，近年来随着网络的发展，网络和网络游戏渐成贩卖暴力文化的主渠道，腐蚀、毒害着广大青少年的心灵，令人深感痛心和忧虑。一位家长告诉记者，她上初中的孩子目前玩的网络游戏里都是抢车、抢地盘、偷东西、买卖人口等内容，打打杀杀的，个别画面和情节很低俗。孩子说这是最近流行的黑帮游戏，可以让玩家体验江湖拼杀，感受黑帮大哥的威风。作为家长她很担心，这种宣扬黑社会的暴力主题游戏，可能会对未成年人造成错误的引导。她认为，十几岁的孩子还没有成熟的判断能力，在公开的网络平台上肆意渲染所谓的“黑社会”，让孩子在当“黑社会成员”的过程中体验快乐，甚至将这当作一种英雄主义，对他们是潜在的精神危害，更可能会是一种犯罪的引导。记者注意到，一些中学生向小学生收取“保护费”的报道时常见诸报端。据调查，其中原因之一就是“从网络游戏学来的”。文化部已经下令立即查处记者今天从文化部市场司相关负责人处获悉，文化部办公厅关于立即查处“黑帮”主题非法网络游戏的通知今天已正式下发。该负责人说，这类游戏违反了《互联网文化管理暂行规定》关于禁止载有“宣扬淫秽、赌博、暴力或教唆犯罪的”、“危害社会公德或者民族优秀文化传统的”内容等有关规定，极易对青少年造成不良影响，必须依法禁止和查处。他介绍，通知要求，互联网文化单位要迅速进行自查自纠。同时文化部要求各级文化部门和文化执法机构，要深入贯彻整治互联网低俗之风专项行动和文化市场集中整治行动的工作部署，切实加强互联网文化活动的监管，对继续运营、宣传以“黑帮”为主题的非法网络游戏的单位，依法从重处罚。应完善法律实现游戏分级政府部门的查处固然是对“黑帮”游戏盛行的一种有效遏制，但是从长远来看，法律规范更为有效。目前，我国只有《互联网文化管理暂行规定》中对网络游戏有所涉及。人民网网友姜伯静指出，目前为止，我国尚未出现一部成型的针对网络游戏方面的法律，这固然有网络世界变幻莫测不易规范的因素，但更能看出我国法律应对网络游戏世界手段的滞后。“虽然我们对网游虚拟财产、网络分级、网游成瘾这些较复杂的问题还缺乏必要的认识，但类似于‘教唆犯’的‘黑帮游戏’的危害已经非常明显了。”他说，限于条件，可能目前单独立法比较困难，但可以完善出版管理条例第二十七条的内容，让这条主要针对未成年人的法规发挥最大的作用。“该条文对出版物的界定指的是纸质出版物，但是如果把‘以未成年人为对象的出版物’这条改为‘以未成年人为对象或者对象中包括未成年人的纸质出版物、电子出版物、网络游戏’的话，那它就能最大限度地发挥对网络游戏的作用了。”一位专家建议，应该实现网络游戏分级制度。他对记者说，网络作为一种新生媒介吸引了青少年群体，而且这种吸引还在逐年递增，并从城市蔓延到乡村。因此，不仅要继续呼吁实行电影分级制，更应该对网络游戏也采取分级管理的办法。如果某些游戏有可能对未成年人产生危害，那就用客观的游戏分级标准来操作，带有宣扬暴力、色情色彩的游戏对未成年人的影响自然会相应降低。（本报记者 席锋宇）,7,8,0.9880425930023193
北京公租房暂不对非京籍人士开放本报讯 下周一起，取得廉租房、经适房、两限房资格的家庭无须再次申请，经过登记即可进入公共租赁住房(以下简称公租房)轮候范围。昨天，《北京市公共租赁住房管理办法(试行)》正式发布，自8月1日起实施，首先解决已取得政策性住房资格但暂时无力购房者的住房困难和过渡住房需求。非京籍住房困难者暂不能享受这一优惠政策。    公租房租金低于市场价公租房是指政府提供政策支持，限定户型面积、供应对象和租金水平，面向本市中低收入住房困难家庭等群体出租的住房。公租房将按照保本微利的原则并结合承租家庭负担能力和同类地段类似房屋市场租金一定比例下浮确定租金。公租房的维修、养护、管理由产权单位负责，产权单位也可以委托专业服务企业管理。“政府支持、市场运作、公平公开、严格管理是公租房的基本原则。”市住房和城乡建设委员会委员徐志军表示。今年购建50万平方米公租房由市区县政府所属机构或政府批准的机构通过新建、收购等方式多渠道筹集。按照本市住房建设计划，今年将收购建设50万平方米的公租房，主要位于大型公交枢纽等交通便利区域，以一、二居小户型为主。公租房建设用地实行有偿使用，其中对于政府所属机构或政府批准的机构建设的，用地可采取租赁方式，按年缴纳土地租金。“第一批公租房中不仅有新建的还有配建的，以及政府回购的公租房，市民不用等待太久就可以住进公租房。”徐志军说。受益群体获得政策房资格可登记轮候公租房主要针对本市中低收入住房困难家庭，包括已通过廉租房、经适房和两限房资格审核尚在轮候的家庭及其他住房困难家庭。据悉，截至6月底，本市廉租房受理居民申请2.6万户，经适房5.6万户，两限房5.2万户；通过审核备案的，廉租房2万户，经适房4.6万户，两限房4.2万户。已通过资格审核正在轮候的家庭，可直接到户籍所在地街道办事处或乡镇政府申请轮候公租房。公租房实行公开配租制度。符合廉租房、经适房、两限房申请条件及家庭中有60岁(含)以上老人、患大病人员、残疾人员、复转军人、优抚对象或重点工程拆迁的优先配租。符合配租条件的家庭只能承租一套公租房，不能同时享受廉租房、经适房或两限房等政策性住房。市住保办政策计划处处长崔少飞解释，取得了“三房”审核资格，实际上就具备了公共租赁房的租赁资格。非京籍夹心层暂不享公租房此前有消息称公租房将首次面向部分住房困难的非京籍人士，但此次公布的政策并未将这部分人纳入其中，供应对象仍限定为京籍。“其实公租房并没有新的准入标准，而是与政策性住房共用一个标准，这部分人需求强烈，审核基础完善，政策在试行阶段主要是解决这些人的住房困难。随后，根据试行情况完善细则和办法，逐步将其他住房困难人群纳入进来。”崔少飞表示。随着廉租房、经适房、两限房政策的实施，本市大多数中低收入家庭住房困难得到了解决，但仍有部分中低收入家庭既不符合廉租房条件，又无力购买经适房或两限房，政策的第一步就是解决这些人的住房困难。退出机制租满5年条件复核后可续租公租房租赁期限最长5年，合同期满承租家庭应当退房。需续租的，应在合同期满前3个月内提出申请，由产权单位会同相关单位复核，符合条件的续签租赁合同。承租家庭不符合承租条件但暂时不能腾退房屋的，租赁合同期满后给予两个月过渡期，过渡期内按市场价收取租金。过渡期届满后承租家庭仍不退房的，按房屋产权单位规定的标准收取租金，具体在租赁合同中约定。“这就是用经济的手段实现退出机制，过渡期内及之后仍不退出的按照市场价收取租金，也就没有了公共租赁的意义，以此保障真正住房困难者可以获得房源。”住建委委员徐志军说。租赁公租房仍可轮候政策房公租房实行动态管理，将承租住房转借、转租的，擅自改变承租住房居住用途的，连续6个月以上未在承租住房内居住的，连续3个月以上未按期交租金的以及其他违反合同行为，产权单位可与承租家庭解约收房。承租家庭如获得其他形式政策性住房的也需退出公租房。徐志军解释，承租公租房仍可轮候经适房或两限房，一旦获得房源就要退出公租房。骗租5年内不得申请政策房申请者不如实申报，骗租公租房，由产权单位解除租赁合同，承租家庭应退房并补交租金。过渡期满后拒不退房的行为要记入个人诚信档案，5年内不能申请政策性住房。产权单位在租赁合同存续期间不按规定的租金标准收缴租金或擅自向不符合条件的家庭出租公租房的，要限期整改，退回、补足租金或收回住房。  各方反应市场不会严重冲击租房市场链家地产有关负责人表示，此次出台的公租房政策对二手房和租房市场的冲击不会太明显。“首先是量还不是很大，50万平方米的供应即使按照50平方米一套来算也不过1万套，但每年租房市场的需求量在100万套左右，因此实际的冲击比较小。”该负责人表示，公租房的供应群体也有特殊性，从这两个角度看直接的冲击都不会太大。该负责人表示，目前的租房群体中外地人占大多数，这次政策没有纳入非京籍人口可能也与此有关。“我想直接的冲击不大，要是有影响也是对市场心理预期会有一定的冲击。”该负责人表示，公租房政策刚刚出台，地产公司还处在研究阶段，具体市场销售方向有没有调整或对策还要进一步分析。市民住公租房省钱心里踏实租住在朝阳区南磨房的李先生已获得两限房申购资格。“我大学毕业后落户北京，一直没房，现在每月花1000多元租房，等待两限房快一年了。现在房源有限，什么时候能住上急不来。要是能住公租房，我一定申请。”李先生说，买房要用钱，租房能省就省。“我在北京租了8年的房子，搬家已经不计其数了。刚租个便宜房子，住一年人家就不续约了，中介说房子一直涨价，租别人还能涨钱，房东不愿续约。公共租赁住房住着踏实，价格也会公道些。”李先生说。对于此次公布的公租房政策，租住在西三旗地区的王先生很失望，他已经在京工作6年了。“原来以为我们外地人也能住公租房，没想到还是不行。”开发商对公租房产权谨慎对待一家不愿透露名称的开发商表示，是否持有公租房的产权要非常谨慎，“房产开发毕竟是商业行为，一定是要赢利的，运营公租房要看税收优惠有多少，地价怎么样，谁负责承租，多少钱租，如果没有人租怎么办，成本是多少。我想开发商是会非常谨慎的。”链接·其他政策房两限房：针对本市中等收入住房困难的城镇居民家庭、征地拆迁过程中涉及的农民家庭及市政府规定的其他家庭。申请人须具有本市户口；城八区申请家庭人均住房面积不超15平方米，家庭年收入不超11.6万元，家庭总资产不超76万元。经适房：政府限定住房面积以及销售价格等，面向低收入住房困难家庭出售。申请人须取得本市城镇户籍时间满3年，申请家庭人均住房面积不超10平方米，家庭年收入不超过6万元，家庭资产不超48万元。廉租房：政府以租金补贴或实物配租的方式，向符合城镇居民最低生活保障标准且住房困难的家庭提供住房。申请人必须具有本市城镇户籍；申请家庭人均住房面积不超7.5平方米，家庭资产不超过40万元。对话申请公租房也需要公示记者：为什么租赁期限为5年？崔少飞：公租房是个过渡性的住房选择，部分家庭需要一定的时间积累资金后购买政策性住房，举个例子，一个家庭一年可以积累2万元的存款，那5年后就可以积累到10万元，基本具备购买政策性住房的条件。记者：如何杜绝一些别有用心的人打公租房的主意，如何管得住公租房转租？崔少飞：公租房坚持市场化管理，产权单位要承担管理监督责任，主要还是通过租赁合同来实现监管，这就成为一种民事行为，通过合同形式确定责权利。记者：公租房的产权到底由谁持有？开发商有没有资格持有？崔少飞：原则上要坚持政府主导，它可以是政府回购，可以是政府所属机构持有，或政府批准机构持有，房屋建筑单位如果有意经营公租房也可以向政府提出申请，经过审核批准后也可以成为公租房产权的持有者。记者：公租房的户型有没有具体规定，有没有上限？崔少飞：目前考虑是90平方米以下，但具体会根据需求灵活掌握。比如租住廉租房的家庭可能就会需求小面积的公租房，但等待轮候两限房的家庭可能就会需要稍微大一点的住房，因此没有严格规定一居或两居的面积。记者：公租房要不要公示？崔少飞：应该进行公示，方式也应该和政策性住房相同。记者：市政府提出解决住房困难要采取租售并举的手段，今后如何体现？崔少飞：此前，已陆续推出两限房、经适房和廉租房，但在整个住房保障体系中租房的比例还比较小，今后要逐步加大租赁住房的比例，使住房困难群众都能有房住。部分公租房项目北苑南区项目建筑面积：3万平方米目前市场租金行情：一居、两居在1800元到2500元。西二旗地块建筑面积：5万平方米目前市场租金行情：一居、两居在1900元到3000元。本版采写本报记者郭爱娣> 相关阅读：北京50万平米公共租赁房年内建成广东今年试水公共租赁住房 舆论忧心权力寻租,7,4,0.8764271140098572
"《难忘的老师》蛙蛙重奖征文“春蚕到死丝方尽，蜡炬成灰泪始干。”九月金秋，辛勤的园丁又沐浴在职业带来的荣光中。老师是人生的导师，是前进道路上的指南针，总有那么一位让你铭记于心，总有那么一位让你有所触动，总有那么一位让你树立了坚定的信心。老师的概念是泛化的，只要让你有所领悟，都可以是心中的老师，都值得我们在这里的节日里纪念他/她。让友友们用我们的文字纪念我们难忘的老师吧！活动时间：9月3日-9月10日，活动论坛：【蛙园活动】,活动细则：活动期间在活动论坛，发[征文]+自拟题目的征文，切合难忘的老师的主题。评选出前5名：第一名：20000蛙币，第二名：18000蛙币，第三名：15000蛙币，第四名：10000蛙币，第五名：5000蛙币。征文， <难忘的老师>我依然记得他，那个对着我笑的人，他就像我迷路时的指南针，在我初中时，我是个’坏孩子’,经常逃课打架什么的，我的朋友不多，可能有不少好兄弟，但我不知道那算什么，他教我英语，不爱学习的我在他课上经常说些无里头的话让大家发笑，不过他没有怪我，一直鼓励我学习，成绩不好的我也能每次在考试时顺利过关，他在我要中考时和我住一起，就为了让我稍微学点，我一度讨厌他，不过现在我知道了，他是位好园丁 (昵称：┌.◇???小刚)不计辛勤一砚寒，桃熟流丹，李熟技残，种花容易树人难。幽谷飞香不一般，诗满人间，画满人间，英才济济笑开颜，我们最敬爱的人，您心目中的园丁是什么样的呢？快来蛙园让我们一起体会一下您的老师……《蛙蛙乐园之型男索女》精品多合一，涵盖最风行斗地主、麻将、扎金花等游戏和玩法！蛙蛙乐园，基本功能永久免费！升级送礼！免费下载地址：wawagame.cn客服电话：0755-82871499“春蚕到死丝方尽，蜡炬成灰泪始干。”九月金秋，辛勤的园丁又沐浴在职业带来的荣光中。老师是人生的导师，是前进道路上的指南针，总有那么一位让你铭记于心，总有那么一位让你有所触动，总有那么一位让你树立了坚定的信心。老师的概念是泛化的，只要让你有所领悟，都可以是心中的老师，都值得我们在这里的节日里纪念他/她。让友友们用我们的文字纪念我们难忘的老师吧！活动时间：9月3日-9月10日，活动论坛：【蛙园活动】,活动细则：活动期间在活动论坛，发[征文]+自拟题目的征文，切合难忘的老师的主题。评选出前5名：第一名：20000蛙币，第二名：18000蛙币，第三名：15000蛙币，第四名：10000蛙币，第五名：5000蛙币。征文， <难忘的老师>我依然记得他，那个对着我笑的人，他就像我迷路时的指南针，在我初中时，我是个’坏孩子’,经常逃课打架什么的，我的朋友不多，可能有不少好兄弟，但我不知道那算什么，他教我英语，不爱学习的我在他课上经常说些无里头的话让大家发笑，不过他没有怪我，一直鼓励我学习，成绩不好的我也能每次在考试时顺利过关，他在我要中考时和我住一起，就为了让我稍微学点，我一度讨厌他，不过现在我知道了，他是位好园丁 (昵称：┌.◇???小刚)不计辛勤一砚寒，桃熟流丹，李熟技残，种花容易树人难。幽谷飞香不一般，诗满人间，画满人间，英才济济笑开颜，我们最敬爱的人，您心目中的园丁是什么样的呢？快来蛙园让我们一起体会一下您的老师……《蛙蛙乐园之型男索女》精品多合一，涵盖最风行斗地主、麻将、扎金花等游戏和玩法！蛙蛙乐园，基本功能永久免费！升级送礼！免费下载地址：wawagame.cn客服电话：0755-82871499",8,5,0.5778955221176147
"棒棒堂90后美女另类爱国行动秀平日里看新闻，都说90后怎么怎么，富二代怎么怎么，放眼望去负面新闻一大片。而在我们亲爱的祖国即将迎来60岁生日之际，《棒棒堂》里的90后们却用自己独特另类的方式，纷纷向祖国表达自己心中的敬意！可爱型：?矢ぃ?℃>✽、 似曾相识?宝儿""(1006600) 对祖国的表白非常的简洁明了，透露出坚定的心情：一个字：祖国我爱你！中国～全世界为你骄傲！俏皮型：.ˇ?妖?。″夜、°yeaH。(3418218) 深情地说：很感谢自己是中国人…生长在这片辽阔的土地上。还认识了这么多热心的朋友姐妹…我的内心是多么的感动与幸福。现在我们的祖国六十周年，让我们向祖国说声：我爱你。甜美型：总是微笑的白叮叮 (1934058)大声地说：我是中国人！我爱中国！祝大家国庆快乐更多动人的照片、振奋人心的红歌、朴实的爱国作文，尽在《棒棒堂》社区男女朋友版块，欢迎您的参与[开发公司/运营公司]：炯炯网络[官网网站]：www.17joyjoy.com[wap网站]：wap.91bbt.cn[客服电话]：400-6060-995平日里看新闻，都说90后怎么怎么，富二代怎么怎么，放眼望去负面新闻一大片。而在我们亲爱的祖国即将迎来60岁生日之际，《棒棒堂》里的90后们却用自己独特另类的方式，纷纷向祖国表达自己心中的敬意！可爱型：?矢ぃ?℃>✽、 似曾相识?宝儿""(1006600) 对祖国的表白非常的简洁明了，透露出坚定的心情：一个字：祖国我爱你！中国～全世界为你骄傲！俏皮型：.ˇ?妖?。″夜、°yeaH。(3418218) 深情地说：很感谢自己是中国人…生长在这片辽阔的土地上。还认识了这么多热心的朋友姐妹…我的内心是多么的感动与幸福。现在我们的祖国六十周年，让我们向祖国说声：我爱你。甜美型：总是微笑的白叮叮 (1934058)大声地说：我是中国人！我爱中国！祝大家国庆快乐更多动人的照片、振奋人心的红歌、朴实的爱国作文，尽在《棒棒堂》社区男女朋友版块，欢迎您的参与[开发公司/运营公司]：炯炯网络[官网网站]：www.17joyjoy.com[wap网站]：wap.91bbt.cn[客服电话]：400-6060-995",8,6,0.46053093671798706
电子阅读先锋 掌讯书苑自适应多平台在电子阅读越来越能改变人们生活方式的年代，被誉为手机图书馆的掌讯书苑继S60和WM版之后推出Iphone版，新版本的掌讯书苑全面对接并适用于Iphone平台。现今拥有Iphone手机的用户都可以免费下载软件并进行图书阅读，体验掌讯书苑的全新阅读功能。早在国内Iphone手机尚未普及的市场环境下掌讯书苑已强势推出新版，作为快乐米集团旗下的子产品，充分体现了掌讯通对国内少数Iphone手机时尚高端用户的重视，同时也为新一轮的平台占位竞争奠定了坚实的基础。原S60版掌讯书苑是一款集合电子书阅读功能以及网络电子书架的手机电子书阅读软件，支持多种电子书格式，可浏览时下主流的手机图书格式如txt，heb，mrd等。同时阅读器支持书签，多背景选择，百分比跳转，旋转屏幕等超实用功能。除了阅读功能之外，掌讯书苑还增加了网络书架功能，用户可以在电子书城中寻找喜欢的电子书进行下载阅读，上万种热销图书应有尽有，共分为10个大类，38种小类，其中奇幻、都市和经济管理类图书尤其受用户青睐。相对于传统的S60和WM版掌讯书苑， Iphone版掌讯书苑的两大特色优势成为用户体验的重中之重。首先，用户操作方面，Iphone手机在电子阅读采用的滑动式下拉阅读，这对初期操作用户并不能达到“随心所欲”的效果，只能通过较长时间的适合才可以掌握，而掌讯书苑采用的触摸式翻页操作，用户只需要在手机的左上、右下、中间三个点上进行触摸即可实行上翻页、下翻页、选中此页的操作，大大提升了操作质量。另外掌讯书苑在用户体验中增加图文并存在漫画阅读方式，这与传统的只能阅读文字形成鲜明对比，随之带来的“漫画书”式的阅读体验将带给读者”图文并茂”的全新阅读享受。“将互联网的众多用户体验采取创新的方式融入到无线互联网中，这是掌讯通及掌讯书苑一直坚持的，这样才可以让用户通手机在移动中共同分享生活，与掌讯通分享移动生活的品牌理念相得益彰。此次掌讯书苑Iphone版的推出将进一步满足Iphone用户的手机阅读浏览需求，为我们在新一轮的市场占位中取得先发优势”快乐米CEO冒光灿说现今，国内手机市场并没有所谓行货的Iphone手机，但是随着联通版iphone的引入，其在国内市场全面普及已经蓄势待发，这给Iphone平台手机客户端软件提供商提供了一个巨大的舞台，基于Iphone平台的手机软件的新一轮Iphone版本扩张即将开启。以掌讯书苑为代表的众多国内手机软件提供商已经为中国的iphone软件开发运营商开辟了一条新的思路。目前掌讯书苑Iphone版客户端已被众多手机论坛转载，用户关注度较高，在appstore中中国区的排名中一直在TOP5居高不下。而掌讯书苑独有的网络书架资源也是迄今为止，电子图书总类和数量在同类手机客户端软件中最为强大的网络阅读平台。,8,9,0.6592245697975159
袁咏琳携手《江湖行》众美眉梦想起航作为中国流行天王的周董，每次的出入总是能吸引大批的眼球。而袁咏琳MM就是在做了周董的师妹后与周董拍了MTV而一举成名。别看她笑容灿烂，一副邻家女孩的形象，除了可爱之外，飒爽的性格也是她的致命武器呢，让人不经联想到了侠气。袁咏琳不算是那种极致的漂亮，却是很有特色的漂亮，在她身上人们可以感受到邻家却不失大方、传统却又略带都市的感觉。袁咏琳的起步也并不是很平坦，别看她现在和周董走得近，曾经的她被周董否定过两次作品呢。但执着和努力的她还是继续回去修改直到周董满意，而当她和周董同台演演出的时候，在一曲结束后，周董微笑的夸她琴拉得好。在《江湖行》的玩家中就有不少袁咏琳的FANS了呢，她们喜欢这个既有侠气又有韵味的女人。想想和《江湖行》海报中的女人还有几分神似呢，假如她扮起女侠客的话。作为一款网页游戏，《江湖行》以其少有的执着让业内外的人士刮目相看，费时三年，耗资千万，在外界对于网页游戏炒得非常狂热的时候，两窗紧闭一心造车。同袁咏MM一样，辛苦是有回报的，就好比周董夸赞的眼角，玩家们给予了极高的评价和赞许。而《江湖行》的形象也如袁咏琳MM一样，给人以一种可亲却又不失高贵，热情却又不乏宁静的感觉。在《江湖行》中也有着许多如袁咏琳这样的MM，她们可爱，善良，活泼，讨人喜欢。她们有自己的快乐，有自己的梦想，有自己关心和关心自己的人，她们因为偶然的缘分而齐聚在《江湖行》。在祝福袁咏琳将来事业更上一层楼的同时，我们也同样希望《江湖行》的MM也可以如同袁咏琳一样，长出梦想的翅膀！《江湖行》官方网站：http://jhx.game2.cn/哥们网游平台——好游戏，找哥们！http://www.game2.cn/,8,6,0.6006025075912476
时尚女性新“读本”《都市女性世界》俗话说的好：“女人能顶半边天”。现在越来越多的女人们逐步成为各个行业的中坚力量，五彩斑斓的女性世界也为这个城市增添了靓丽的风景和活力。近日，由北京捷通华声自主研发的手机应用生活软件《都市女性世界》已成功登录中国 移动百宝箱平台，涵盖了美容、美体、服饰、情感、星座等方面的热门资讯，将成为都市女性中娱乐休闲的指向标。 进入《都市女性世界》主界面，软件界面设计动感时尚，各功能选项灵动传神，女性味十足的时尚潮流气息扑面而来，包括了美容、美体、服饰、八卦星座等等内容等的信息类资讯，让你目不暇接。翻看每帧内容，都是资深编辑们精心更新的内容，让你每天都能感受到时尚前端带来的清新之风。“怎样的面膜最好用”“条纹衫怎么搭配出完美体形”“五种食物让你轻松吃出小脸”。。。从此一切问题都不再是问题，潮流动向尽在你的掌握中！ 在八卦、星座选项里，娱乐圈发生的大事小情等休闲类资讯通通都可以在这里及时看到，其中星座运势是都市年轻人最热衷的兴趣点。《都市女性世界》将为您提供十二星座的每日星运，狮子座今日的运势咋样？看一看就让你做到心中有数！对星座感兴趣的友友们一定不要错过哦！ 最后，小编在这里还要讲讲《都市女性世界》中的情感栏目，男人女人在不同年龄阶段，多多少少都会被情感所困扰，这个永不过时的话题对人们来说真是相当重要的哦~在“情感”栏目中，不仅有感人的情感故事与你一起分享，还有很多社交小窍门，无论是故事还是交友秘籍也许都会为深处感情漩涡的你指点迷津呢！ 《都市女性世界》联合知名时尚网站，为都市女性提供全面的生活资讯，内容实时更新，随时打开手机就能接收图文并茂的信息，它会让你变得更加自信而富有朝气！现在就来加入队伍，你也成为时尚先知者！资费：5元/次下载路径：移动梦网——软件——生活——都市女性世界适配机型：MOTO E2、MOTO E6、MOTO E62、MOTO E680、MOTO E398、MOTO L6、MOTO L7、MOTO V8、MOTO V600、MOTO K1诺基亚 N5500、诺基亚 N73、诺基亚 N7370、诺基亚 N6101、诺基亚 N6230i、诺基亚 QD、诺基亚 N7610、诺基亚 N7260索爱 K300、索爱 K506、索爱 K700、索爱 K790C、索爱 S700、索爱 W958c三星D508、三星D608、三星E258NEC NK,8,9,0.38434353470802307
央视《蜗居》评论与《女儿国OL》真理最近《蜗居》很火，弄了点东西大家看看，有看过这电视的进来看看，看过后一笑了之。男人若真爱一个女人，别净玩儿虚的，你爱这个女人，第一个要给的，既不是你的心，也不是你的身体，一是拍上一摞票子，让女人不必担心未来；二是奉上一幢房子，至少在拥有不了男人的时候，心失落了，身体还有着落。【玩女儿国，找到了合适的人，不能只带她练级，而是直接送一套18洞装备，就算你不在线了，她自己也能玩的很畅快。】如果时光可以倒流，我会带着你们过另一种生活，不要太多的钱，每天去菜场斤斤计较，为发论文、评职称而与人争得面红耳赤，也为女儿考不上好学校而心焦。也许，这样，才是一种幸福的生活，而我以前并没有意识到。--主人公宋思明语录【女儿国练到了百来级，才发现最好的生活就是在游戏里整天聊天，笑看新人小号忙碌练级。管他谁要PK，老子一概拒绝。】关系这个东西啊，你就得常动。越动呢就越牵扯不清，越牵扯不清你就烂在锅里。要总是能分得清你我他，生分了。每一次，你都得花时间去摆平，要的就是经常欠。欠多了也就不愁了，他替你办一件是办，办十件还是办啊。等办到最后，他一见到你头就疼，那你就赢了，要风得风，要雨得雨。 by宋思明【女儿国啊，就要常PK，揍一个是揍，揍十个也是揍，揍的人多了，也就成了老大了。】通往精神的路很多，物质是其中的一种。【游戏练牛逼的方法很多，花钱是任何游戏都最快的一种】。早知道今天还是要放下身段 不如当初就乖乖摆好哈巴狗的姿态 by海藻【早知道砍不过你，不如当初就乖乖的入你的帮派好了。】一个人可以背金钱的债，却不能背感情的债。背金钱的债你有还清的希望，而背了感情的的债也许到死都会愧疚。【在女儿国PK杀人，不是真的杀人。但谈了感情，那就是真实的感情。】什么是幸福？幸福就是筷头上的肉丝。【什么是幸福？最大的幸福就是有空玩手游，不用担心薪水、健康、家庭等。什么是悲剧？悲剧就是不管玩什么手游，做什么事，都觉得没劲了。】,8,3,0.2830146551132202
《棒棒堂》评选2009年度风云人物你以为躲起来我就找不到你了吗？没有用的！你是那样拉风的人，不管在什么地方，就好像漆黑中的萤火虫一样，那样的鲜明，那样的出众！你那忧郁的眼神、漆黑的毛发、神乎其技的手法，还有那杯DryMartini……都深深地迷住了我。年度风云人物可获得非卖专用头像、BB秀各90天，极品道具卡蒂亚冠1年！BB秀上更有风云人物特殊标识！今年就你最拉风！活动时间：2009年12月26日14：00-2009年12月31日12：00活动要点：贴子标题请以[FY]开头，后面跟自定义标题。[]符号也 是要写出来的，否则无法被系统统计到哦；文体不限，题材不限，任意发挥，只要你的贴子能拉来道具玫瑰花！活动奖励：棒棒堂2009年度风云人物[第1名]-奖年度风云头像、BB秀各一件(非卖品，有效期30天*3)各90天+极品道具卡蒂亚冠1年+全国通用移动充值卡50元棒棒堂2009年度风云人物[第2名]-奖贵族身份会员1年+五万金币红包***棒棒堂2009年度风云人物[第3名]-奖贵族身份会员6个月+三万金币红包***棒棒堂2009年度风云人物[第4-10名]-奖贵族身份会员3个月+一万金币红包评选方式：只有发表过[FY]活动贴子的玩家才能参与本活动统计；活动期间获得1朵交友道具玫瑰花为1分(商城有售，查看资料时可进行献花)；收花无限制，即同个帐号给参赛者献花无数量上限。活动期间收花数量最多，即魅力值增长最多的玩家获得棒棒堂2009年度风云人物第1名。本活动最终解释权归棒棒堂所有。最强交友氛围尽在人气休闲游戏《棒棒堂》！让我们一起来见证棒棒堂2009年度风云人物的华丽诞生！[开发公司/运营公司]：炯炯网络[官网网站]：www.17joyjoy.com[wap网站]：wap.91bbt.cn[客服电话]：400-6060-995,8,6,0.31861451268196106
英狙击手靠iPhone软件击杀塔利班据国外媒体今日报道，英国驻阿富汗士兵目前正使用一款售价19英镑(约合30美元)的iPhone应用BulletFlight击杀塔利班武装分子。这款应用可以帮助狙击手对风速、子弹重力、乃至地球旋转等各种细微因素对子弹轨道造成的偏差进行精密测算，从而准确地击中千米之外的塔利班敌人；BulletFlight甚至还可以预测出子弹可能对敌人造成的伤害程度。英军狙击手目前纷纷将这款应用下载到他们的iPhone中，并广泛运用于实战。驻阿富汗盟军部队还使用了微软Xbox 360游戏机操控军用机器人车辆。盟军还使用PS3游戏机的芯片研发廉价超级电脑，以开发新的军用雷达。BAE公司、劳斯莱斯、空中客车以及威廉姆斯F1车队等公司的英国专家正在联合开发一个项目，使用电脑游戏测试新军用设备。BAE公司正在使用PS2的3D图形技术研发新一代军用引擎设计。该公司工程师斯图尔特·迈克多加尔(Stuart McDougall)说：“军方一直热衷于研发新技术满足他们的特点需求。但现代消费者产品正变得越来越强大，价格也日益有竞争力，使用范围逐渐广泛。”任何人都可以下载BulletFlight这款军用软件，基本版的软件价格只有2.49英镑，完全版的软件价格只有18.78英镑。目前驻阿富汗和伊拉克美军使用了诸多iPod Touch 和iPhone应用，包括地图、生存手册以及战术导航等军用应用。,8,9,0.9405531287193298
增强现实玩具 iPhone控制航模玩空战来自法国巴黎的Parrot公司今天在CES2010展示了一款名为AR.Drone的航模玩具，这款玩具可以由iPhone或iPod touch进行无线控制，并提供第一人称视角的实时画面，给控制者带来一种新的增强现实空战游戏体验，目前AR.Drone已经获得了2010国际消费电子展电子游戏硬件创新奖。AR.Drone本身采用了无人驾驶直升机式的设计，拥有四个独立驱动的螺旋桨，在驾驶舱前部安装有一个摄像头，可以将第一人称视角的实时画面拍摄并通过WiFi传送给控制器。在驾驶舱下部配备有摄像头、重力感应装置、陀螺仪、机械控制芯片等部件，利用智能飞行技术可以纠正风力和其他环境误差，平衡AR.Drone的飞行速度和角度。在室内飞行时，用户可以给AR.Drone加装防护罩放置撞坏螺旋桨。Parrot公司针对iPhone和iPod touch开发有一款演示游戏，用户可以使用该游戏应用控制AR.Drone作出上升、下降、前进、盘旋等飞行动作，并提供有虚拟对战功能，用户可以获得非常逼真的第一人称空战体验，这将是增强现实技术运用在手机游戏的一个创新。另外Parrot公司还提供有SDK开发工具包和开发者社区，游戏开发商可以针对AR.Drone开发各种游戏。这款飞行玩具将在今年正式上市，目前还没有相关价格信息。,8,9,0.8633492588996887
北京第三届优秀软件构件评选结果揭晓2010年1月6日下午，由北京市科学技术委员会支持，北京软件行业协会、北京软件与信息服务业促进中心和北京软件产业基地公共技术支撑体系主办，北京软件产品质量检测检验中心与北京大学承办，北京市科学技术委员会人才交流中心协办的北京第三届优秀软件构件评选颁奖典礼在丽亭华苑酒店召开，由北京软件产品质量检测检验中心吴铸成副主任主持典礼，围绕“实现科技资源开放共享，推进自主创新能力提升”这一主题展开深入交流与探讨。北京市科学技术委员会条件财务处张信副处长、北京软件行业协会会长华平澜、国家863计划专家组专家、北京大学信息科技学院院长梅宏教授、科技部高技术中心信息处褚诚缘主任、北京软件产品质量检测检验中心胡青华主任、北京科学仪器装备协作服务中心孙月琴副主任、北京市科学技术委员会人才交流中心主任助理王彤彦、首都科技条件平台电子信息领域主管阿孜古丽等政府领导和行业专家出席了颁奖典礼。构件评选旨在宣传构件技术，帮助企业降低开发成本、提高生产效率、加强业内沟通、培育典型优秀企业及产品，全面展示北京市科技企业发展的丰硕成果。活动期间组织单位积极为企业和高校连续开办多场技术培训、讲座以及交流会，共享当前的最新技术理论和观点，搭建了用户对优秀科技产品和服务的认知平台。第三届评选活动于07年正式启动，为了进一步加强软件构件技术在实际过程中的应用，培养优秀构件技术人才，促进学以致用，本届活动除企业参选以外，还增加了高校参评对象的范围，同时，评选奖项类别也大幅增加。通过与前两届对比，可以发现两个显著的特点：一是报名参加的企业明显增多；二是参评构件的质量有了明显的提高，其中有相当数量的构件已经是企业的市场产品。这说明了，软件构件技术在软件生产过程技术改造，推动社会经济发展方面，发挥着重要作用。评选在公平、公正、公开的原则下，参评构件经过专业的文档评审、第三方测试和专家评议，最终，来自北京超图、神州数码、北京宝迪、鸿合科技、金山软件、深蓝创娱等20家企业和北京大学、北京工业大学、北京林业大学、华北电力大学、中国石油大学、北京交通大学六所院校的数十款优秀构件从提交的两百余个构件中脱颖而出。颁奖典礼上，各位领导对评选活动给与了高度的评价和充分的肯定，对企业和院校积极开展可复用技术和产品研发给与了表扬和鼓励，并为获奖单位及个人颁发了奖牌和证书。至此，北京第三届优秀软件构件评选活动圆满结束。,8,9,0.2966361939907074
3G团队梦工厂 开启大学生创业新模式袁亦荣，岑彬，钱旭，三个来自北方工业大学的学生，在2010年1月18日上午9点30分，获得了一份来自3G团队梦工厂的“3G毛坯车间项目策划书”，开始了他们的3G行业创业的征程。“关于3G毛坯车间的盈利模式，是十分简单明了的。”袁亦荣说，“类似世纪家园那样的交友网站，寻找好的工作也会是大家的一个需求，将3G的机会引入校园，帮助大家熟悉这个行业，并借助3G团队梦工厂的资源，为大家提供一种贴身的服务。我们认为是可以被广大的同学所接受的。”学习计算机专业的钱旭，同时又是学校职业发展协会的秘书长，对于这个计划有着自己独到的理解：“鉴于andriod的市场优势，我希望建设一个andriod实验室，还希望通过石景山数字产业园区和3G团队梦工厂的渠道获得学校的支持，以及3G行业的企业对学生的关注，搭建一个优秀的植入性平台，让学生有机会从零做起。”学习财务专业的岑彬有着和其专业相匹配的缜密思维，说话不多，但颇具条理：“在学校内的商业元素其实有很多了，我的同学们也经常作为客户或兼职员工参与其中，所以说我们并非没有任何经验，只是不系统，其实我们需要一个规范的空间让我们获得持续性的经验积累，3G毛坯车间就是提供了这样一个环境，可以让学生在3G行业持续获得经验，我想一年以后，参与其中的同学一定会具备3G行业的从业能力。”团队梦工厂CEO李天语说：“我们的服务宗旨是让我们的客户迅速抓住3G的机会，通过我们孵化器的资源和学生自身的资源优势相结合，共同开发出盈利模式清晰的产品。我想大家已经注意到了一些细节，首先他们愿意为3G和资源付费，其次这些大学生已经开始用商业化的思想思考问题了，他们已经开始注意盈利模式，开始关心谁是自己的客户，能够分析自己的优势和劣势。其实我们只是针对性的做了几个小时的培训。事实证明，大学生本身的素质是没有任何问题的，也不缺少对事物的判断能力。所缺的是一套行之有效的服务模式。把客户放到真实的环境中，让有经验的人士为客户打工，提供客户成长所必需的资源，和客户分享项目成果，客户将为这个过程付费。这样的创业模式让所有参与者都能各取所需，又都有责任，且目标一致。大家是在向同一个方向努力，成功的概率就要高出许多。”看得出来，团队梦工厂确实在利用一个类似孵化器的模式在和所谓的客户合作，这也许就是他们把自己称作人才孵化器的原因，他们给出了一个大学生创业或者就业的新模式，就是“资源植入模式”，让客户直接购买工作和工作经验，然后再帮客户雇佣一个CEO带领他们创业或者教给他们职业法则，使其具备盈利能力，最终顺利的过渡到自己的职业生涯中。如李天语所说，人生如一个游戏，团队梦工厂充当了一个“策划”的角色，工厂策划了一段人生的传奇之旅，等待玩家自己来开启。,8,4,0.3468223810195923
节后更火爆!菲星SDV568 HDV782不足千元国庆期间，人山人海的家电数码市场最为火爆。让利促销热火朝天地展开，上至网店，下至卖场一片红红火火。部分产品甚至出现断货缺货的现象，以致价格略为上升。菲星网上商城同样热闹非凡，传情中秋礼盒、分享赢出国游、注册有礼、有奖调查等活动让网友为之疯狂。9月28、29、30三日平均访问量更高达2万多。高中低端各类型的产品均受到不同程度的欢迎，其中SDV568、SDV568Ⅱ、HDV782、SDV588最为火热。考虑到网友的追捧抢购，HDV782的国庆优惠延续到10月10日，分享心得赢出国游更是持续到12月。持续的优惠活动和部分消费者抱着节后清货更便宜的心理，令商城出现节后销量小高峰。下面介绍两款烫手机型：菲星SDV568——钢烤漆新贵菲星SDV568是一款针对家庭用户推出的高性价比的标清数码摄像机。机身三围大小为111（长）*41（宽）*68(高)mm，不含电池重量仅为227克。SDV568身穿高贵黑色钢琴烤漆礼服，光润亮泽、方正中略柔和的曲线，仿如时尚小新贵。炮筒的造型，手握感舒适。按键设置人性化，所有功能可一手操作完成。SDV568独具菲星首创的双核供电系统，同时支持锂电池、干电池。双电源续航，永不断电体验双核的快感。它采用500万CMOS感光元件，4倍数码变焦，4倍进阶变焦，最高达16倍数码变焦。支持640×480/30fps，320×240/30fps分辨率的短片摄录。屏幕为3英寸LTP屏，可270度自由旋转，轻松实现多角度拍摄。内建32MB闪存，最大支持4GB的记忆卡，满足家庭日常拍摄需求。价格：999元 送摩托罗拉手机、1G卡、便携三脚架、一电一充菲星HDV782——时尚掌中宝菲星HDV782是一款口袋高清DV，尺寸仅为103.4(高) ×64.7(宽)× 30.2(厚) mm，让你轻松一手掌握。HDV782采用直握式防滑皮质机身设计，机身左右两侧的皮革既可以起保护作用，又能防止滑手，让你稳稳当当把握每一个精彩画面。HDV782采用500万像素传感器，可支持1280×720格式的高清影像拍摄，此外还可拍摄720×480、640×480以及320×240格式的影片 ，并以AVI格式存储。静态拍摄方面，HDV782最高可拍摄分辨率为3744×2808的照片。屏幕为2.7寸TFT液晶屏，16：9的宽屏设计，跟一般的4：3设计相比，更适合人体视觉习惯。HDV782还能当网络摄像头，十分有趣。玩法也非常简单，只需一个小支架，一键式安装视频驱动，最后将数据线连接上电脑就能跟Q友面对面。而这个迷你三角架是免费赠送的，让你视频聊天过足隐。具有更专业的500万像素的HDV782比起普通电脑摄像头，自然就显得强者无敌。价格：939元，送便携式三脚架、2G内存卡菲星数码商城：www.phisung-shop.com 全国免费服务热线：（服务时间9：00—21：30）手机拨打：400-830-8630 座机拨打：800-830-8630 [商家名称] 广州菲星数码科技有限公司 [商家地址] 广州市番禺天安科技园科技产业大厦2-1008[联系方式] 020-39388088,9,6,0.7090767025947571
数码产品引爆节日网购  菲星商城销量翻倍国庆8天长假期间，据淘宝、易趣等网购平台，和京东、当当等专业商城数据显示，假日交易量暴涨，部分高达平时的两倍以上。淘宝网成交额更达到近80亿元。IT数码产品增长幅度较快，消费额度最高，成了巨大的消费拉力。其中，菲星网上商城数码摄像机的销量翻一番，毫不亚于传统数码卖场。菲星商城负责人在接受采访时表示，在技术上，商城从9月开始通过增容、优化系统、简化程序等措施进一步完善购物环境，以应付国庆期间剧增的客流量。促销活动方面，除购机送配件大礼包外，传情中秋礼盒、天天6折限时秒杀、分享心得赢出国游、注册有礼立减一百、有奖调查等活动在不同时段推出，都受到热烈欢迎。由于月饼是传统中秋礼品，菲星中秋礼盒一推出即被抢购一空。分享心得赢出国游活动广受积极参与，而延续到12月。每月一位幸运儿可获出国海岛游机会。菲星为响应国庆60华诞，推出史前大优惠“天天6折”。原本高性价比的产品，再打6折，让网友为之狂疯。同时，因为节后仍持续进行的优惠活动和部分消费者抱着节后清货更便宜的心理，令菲星商城在国庆假期后又出现了销量小高峰。网民表示，特别是在金融危机后，网购节省开支和精力，而更热衷于逛网上商城；过去假日习惯到商业区“血拼”，但现在网购的促销更为吸引，哪里最实惠就到哪里，而且假期到处人山人海，不如家中网购来得舒服。业内人士反应，网络销售节省传统销售渠道的店面及人员成本，直接大幅降低商品价格；电子商务、快递物流的发展，完善了网购环境，质量、服务、安全性都有可靠的保障；因此，网络购物越来越受欢迎并进入了增长高峰期。,9,6,0.3614739775657654
Miffy兔MP3到货中关村 套装售价530元Miffy兔MP3一经发布就立刻风靡韩国，不少中国网友只能干看着流口水。到了9月中旬，我国网友已经可以通过网络购买了。一些不习惯网购的朋友，总觉得应该看看现货在决定，现在，您就可以到中关村鼎好地下一层B1153咨询购买了，电话：8269 7620。Miffy兔MP3容量：2GB  报价：330元（单机）编辑点评：Miffy MP3采用经典卡通兔子造型，形象清新可爱，让人忍俊不禁。各种功能控制键巧妙的设计在机身上，与机身融为一体。红色部分的“衣服”为可更换部件，有黄、绿、蓝、棕四种颜色“衣服”更换。值得注意的是，本机采用Sigmatel芯片。这种芯片方案声音质量较高，曾经的经典机型如：爱国者月光宝盒，魅族MX系列用的就是这种芯片。查看该机详细测评请点击这里，查看更多精美照片请点击这里。下面说一下大家都关心的售价问题，正如有些网友建议的那样，这款MP3的配件是可以单独购买的。只购买机子的话价格是2GB/330元，外放音箱底座180元，衣服四件套70元。如果购买以上全部产品，价格为530元，节省50元。,9,6,0.7296485900878906
2009Z酷校园行 蓝魔艾利和展台人头攒动2009年10月21日，“决战音乐之旅 2009雷柏杯第七届Z酷全国高校歌王挑战赛”在北京中医药大学举行了北京赛区的首次海选。这次活动的总冠名商为雷柏，赞助商有蓝魔、艾利和、漫步者等品牌厂商。展台一经布置完毕，就吸引了中医药大学众多同学的注意。下面，我们来重点看一下蓝魔和艾利和的展台。,9,6,0.5871493220329285
“尼康在中国”56个民族摄影活动圆满落幕         作者：中关村在线           2009年10月14日下午，“尼康在中国”2009中华五十六个民族摄影活动颁奖典礼暨闭幕式在上海美术馆隆重举行。上海市文学艺术界联合会党组书记、副主席杨益萍，党组副书记、副主席迟志刚、秘书长沈文中；中国摄影家协会副主席王文澜；尼康映像仪器销售（中国）有限公司董事长兼总经理金子博明、副总经理五井力；上海市摄影家协会副主席任洪良、谢荣生、王杰、陈海汶，副秘书长曹建国，《上海摄影》杂志艺术总监、副主编杨元昌等领导出席。中国摄影家协会副主席王文澜，尼康映像仪器销售（中国）有限公司董事长兼总经理金子博明，上海市文学艺术界联合会秘书长沈文中在会上致辞。尼康非常重视在中国的影像文化事业，已经连续四年成功举办“尼康在中国”摄影活动，至今这项摄影活动已被广大摄影人认可，进一步体现出尼康致力于推动摄影事业发展的信心。,9,1,0.2984803020954132
iriver 蓝魔 双双火爆首钢工学院“决战音乐之旅 2009雷柏杯第七届Z酷全国高校歌王挑战赛”正在北京火热举行中。昨天，也就是2009年10月22日，比赛现场来到了首钢工学院。首钢工学院的同学们虽然午休时间较短，但他们还是热性参与了活动，场面非常火爆。作为本次活动的参展商，蓝魔和iriver的展台也收到同学们的欢迎，不断向工作人员咨询产品信息。现在，就让我们一起来感受一下现场气氛。,9,8,0.30662107467651367
连续六年的精彩 尼康赞助花样滑冰大奖赛·尼康展台人头攒动尼康连续六年赞助的，由国际滑冰联盟（International Skating Union）主办的Grand Prix系列中国站——“Cup of China 2009 中国杯世界花样滑冰大奖赛”于10月30日在北京首都体育馆拉开了序幕。“ISU Grand Prix系列”是云集了世界顶尖花滑选手的权威大赛，赛事共由中国、美国、加拿大、法国、俄罗斯、日本6站组成，而其中两次大赛总计分数较高的选手将直接参加“ISU Grand Prix Final大赛”的角逐。本次中国站的比赛，中国双人滑著名选手申雪/赵宏博、张丹/张昊届时也将登台献技。整个赛事将通过CCTV-5，在中国、美国、加拿大、日本、韩国等多个国家进行实况转播。在10月31日晚举行的双人滑颁奖仪式上，尼康映像仪器销售（中国）有限公司董事长兼总经理金子博明还将为获得双人滑前三名的选手们颁奖。此外，在中场休息和赛后的答谢晚宴上，观众们也将有机会获得由尼康公司提供的相机作为奖品。尼康一直坚持将体育文化、品牌形象、影像文化三者的有机融合，大力赞助一些顶级摄影、体育赛事。今后尼康也将继续积极大力推动在中国的发展，为中国的体育、文化事业贡献自己的力量。相信在未来更多的体育赛事中，大家还将不断看到尼康的身影。,9,8,0.42042437195777893
【每日一图】数年前拍的一幅二手照片摄影玩家或者器材爱好者大多回去摄影器材展，看看展览，拍拍照片，大家挤在一起都挺乐呵的。但是在室内的展会上拍照片你可能得面对不少严重的问题：比如混乱的人群可能让你难以找到一个干净简洁的画面；而杂乱的室内灯光则有可能让画面怎么都有点怪怪的。当然那种时候长焦和广角镜头都能派上用场，总之拍摄一些不是你每日熟悉的画面就会让人觉得比较特别。事实上在混乱的情境下去发现一些有意思的细节，也是摄影的必修课。当展台上模特开始劲爆的表演，人群都使劲往前冲的时候，你不妨躲在后面拍拍人家显示屏上的内容，虽然是“二手照片”，不过在那样人头攒动的情境下看起来颇有意思。,9,3,0.41517189145088196
多方面发展1亿广告费 汉王前（钱）途似锦11月10日下午两点，汉王科技股份有限公司 董事长 刘迎建作客中关村在线风雨对话。刘迎建先生就网友提出的各种技术问题和市场问题进行了解答。网友：汉王出了7款阅读器，是哪个方向的，是不是针对中国的特色？在开拓国外的时候，是不是每个语种都要有小的构想？ 刘迎建：第一类是商务类，里面放的书主要是公务、商务，把会议、资料放进里面，还有商务人士自己看。 第二类是教育类，里面放了很多的字典、教材，给学生用。 第三类消费类、娱乐类，里面有很多的MP3，有很多消费类的书。 这三类都在海外有销售，欧洲特别是德国卖商务类的多一点，俄罗斯卖消费类多一点。所以国内国外都有销售，当前是三类。 网友：你们的产品很好，但是在宣传上有没有比产品更好的方法？ 刘迎建：在宣传上今年也是做的很大的投入，因为市场是需要教育，现在是导入期。今年预算是投1个亿的广告费，现在已经投了有6000万了，年底要请的许晴当代言人，还在中央电视台花2000万左右的做电视广告。 主持人：国内的企业中，特别是民营企业中，如果花费做研发，企业家们都肯花费。但是做广告宣传的时候，他们就很心痛这些钱。我看刘总在这些问题好像很勇敢，希望我们今天在互联网上看到更多的产品的宣传。,9,4,0.45964258909225464
选择米奇还是流氓兔 卡通造型MP3选购作者：毛晓曼MP3除了实用之外，外形设计也是非常重要的一部分。有些人喜欢简洁的设计，那些轻薄的大屏产品成了它们最好的选择；有些人钟爱实用方便的产品，于是更青睐于USB型MP3；而对于很多女孩子来说，一款可爱的卡通造型MP3是她们的最爱。MP3厂商也推出了一些卡通造型产品，其中可爱的流氓兔、经典的米奇、时尚的miffy等等都俘虏的MM的芳心。若是将以下这些产品送给喜欢可爱卡通人物的MM，相信会起到事半功倍的作用。Msplayer容量：2GB 报价：398元编辑点评：流氓兔MP3和iriver之前推出的米老鼠MP3相似点在于同为耳朵赋予了强大使命，音量增减、曲目切换，拧一拧扭一扭瞬间完成。但Msplayer显然进步不少，它采用五维导航杆设计，操作起来更直观而且还有发光LED灯提示当前工作状态。因为没有屏幕，所以这类数字播放器均只有音乐播放的单一功能。,9,6,0.5977652668952942
1200万像素大屏卡片 爱国者T1260送配件大中北京各门店资料,9,6,0.2607032358646393
感动世界典藏永恒 佳能摄影大赛颁奖盛典·佳能感动典藏获奖网友此次活动邀请了包括成龙等诸多重量级专家进行评赏。同时还邀请了两位公证人员作出公正证明。此次奖品可以说颇为丰厚，专业组金奖赞助日本拍摄一次，同时举办个人影展一次；奖励佳能EF 85mm F/1.2L II USM镜头一枚。银奖赞助泰国或马来西亚或柬埔寨一次；同时奖励佳能EF 50mm F/1.2L USM镜头一枚。铜奖赞助云南拍摄一次；同时奖励佳能炫飞小型数码照片打印机ES3一个。更多奖项设置请参阅佳能官方活动页面：http://www.canon.com.cn/contest09/,9,1,0.4784089922904968
爱国者变换风格 低调进军电子书市场作者：潘昊对于很多数码产品消费者来讲，爱国者已经不再是几年前默默无闻的小品牌。08、09两个年度，爱国者在品牌营销上的一系列重大举措收到了显著的效果，北京奥运、经典F1以及红魔曼联先后携手爱国者，让国人牢牢记住了这个以致力打造国际知名品牌为己任的本土数码品牌。在市场发布上，以数码相机、MP6、妙笔等等突出产品为代表，爱国者一贯以高调宣传为主，在大批量进入市场之前必先引起消费者的充分关注。但是日前，记者深入走访电子书市场得知，十一月份爱国者将进军电子书市场，不似以往的大张旗鼓，这次显得异常低调。随着电子书市场的持续升温，我们在市场上能够看到的电子书产品已经有十几种，华旗资讯爱国者的加入，势必加剧市场的竞争情况。究竟是什么样的产品让爱国者有信心加入到这场角逐，同时爱国者的电子书又有什么显著的特点呢？怀着疑问，记者联系了华旗资讯相关工作人员，但是所有人员惊人的一致，讳莫如深，纷纷告知不知情或者不方便透露，与以往的情况形成鲜明的对比。即使这样，我们还是能够感受到华旗资讯对于电子书产品的重视与谨慎。我们从相关渠道获悉，十一月上旬华旗资讯爱国者将先在网上商城以体验版的方式推出电子书产品，以得到市场的初步反馈。如果市场反映良好，接着会在十一月下旬正式推出电子书产品。与多数仅能以单一文本形式显示电子书设备相比，爱国者的这款产品能支持多种文本格式，包括TXT、PDF、DOC、HTM/HTML、CHM等，可以为用户提供丰富的内容服务。同时，该款产品采用e-ink的化学显示技术，即电子纸屏幕，提供类似纸张的阅读感受，不发光，不伤眼，功耗极低，待机时间可达15天以上，可以充分满足旅行及阅读的需要。华旗资讯爱国者的低调，为这次的新品发布蒙上了几许神秘色彩。究竟是什么样的产品，将为市场带来怎样的冲击，我们拭目以待。,9,8,0.4776177704334259
爱就要说出来 充满爱意的纯音质MP3一览    作为中国人，在情感的表达上一向比较内敛。我们默默地接收来自我们身边的人关心和爱护，无论是父母、妻儿、朋友亦或是一些熟悉的陌生人，我们内敛的习惯让我们把感激藏在心里。    今天是感恩节，我们把感恩的话语全都一起说出来，告诉我们身边所有人，我们的感激和祝福。我们今天为大家细数一些充满爱意的MP3，为我们的生活提供一点色彩，让我们说出我们的爱为生活增添更多爱意。    在我们的成长道路上，要感激的人太多太多。有一个人最应感恩她就是——“妈妈”。她的皱纹深了，她把美丽的青春给了我；她的手粗了，她把温暖的阳光给了我；她的腰弯了，她把挺直的脊梁给了我；她的眼花了，她把明亮的双眸给了我。    iAUDIO E2    终于看到COWON向普及类产品进军啦！上市一周时间，iAUDIO E2(2G) 被疯抢的局面令人乍舌，独一无二的扁片异形外观让人浮想联翩，从中我们感受到的是设计师的丰富创意。    E2尺寸仅为26.6×64.2×7.7mm，重16.6g，机身顶端设计了一个金属圆环，可拴挂绳以佩戴在胸前、腰间、背包，酷并可爱着。    功能方面它支持MP3、WMA、OGG、FLAC、WAV音频播放，内置Normal、BBE、BBE ViVA、BBE ViVA 2、BBE Mach3Bass、BBE MP、BBE Headphone、BBE Headphone 2、BBE Headphone 3等9种EQ语音提示设置，续航时间达11.5小时。    编辑点评：目前官方消息E2机身颜色包括黑、丁香银、摩卡棕、橙红色、粉红色、紫色、天蓝色、白等八种，比iPod shuffle拥有更多选择，国内将陆续到齐所有款色。现在的价格是2GB为360元，4GB 450元。   [参考价格] 360元,9,6,0.3350212872028351
科威特主权财富基金去年后三季度损失310亿美元新华网科威特2月10日电（记者王波）科威特一名议员10日透露，去年3月底到12月底，科威特主权财富基金因全球金融危机而损失310亿美元。议员塔布塔巴在参加议会听取科威特投资局局长巴德尔的介绍后向媒体公布了上述信息。他说：“我们被告知，我国在海外的投资损失了90亿第纳尔（约310亿美元）。”塔布塔巴说，在议会闭门会议中透露的大部分损失，是由全球金融危机造成的“账面损失”。目前，有多名议员对主权财富基金损失的数额提出质疑，议会决定要求国家统计局对此进行核实。科威特投资局负责运作拥有3000亿美元的主权财富基金，该基金是全球资本雄厚的主权基金之一。科威特的主权财富基金主要投向了美国和欧洲的金融证券和房地产领域。科威特政府8日公布了一项经济刺激计划，包括国家对银行贷款提供广泛担保，以及协助投资机构偿还债务。目前科威特的一些投资公司因难以获得贷款和资产市值下跌而无力还债。,1,7,0.9666234850883484
德国铁血宰相的理财术□本报记者 徐国杰 任何一位学过世界历史的人都不会忽略过奥托·冯·俾斯麦这个人物。生活在19世纪的俾斯麦是当年欧洲政治舞台上的风云人物，人称“铁血宰相”。先了解一下俾斯麦的历史。俾斯麦 (1815-1898)是德国近代史上一位举足轻重的人物。作为普鲁士德国容克资产阶级的最著名的政治家和外交家，他是“从上至下”统一德国的代表人物。俾斯麦于1815年4月1日出生于普鲁士勃兰登堡阿尔特马克雪恩豪森庄园一家大容克贵族世家。1862年任普鲁士宰相兼外交大臣，极力推行“铁血政策”，主张通过战争，由普鲁士统一德国。他相继发动了对丹麦、奥地利和法国的战争，逐步实现了德国统一。1871年俾斯麦出任新成立后的德意志帝国宰相，并受封为公爵。此后的20年间，他权倾朝野。不过，鲜为人知的是，同样在这爬上人生顶峰的30年间，俾斯麦也通过投资、运用自己的眼光、地位和能力积累了巨大的财富。俾斯麦招募了一位名为布莱希罗德的人来替他理财。投资之初，布莱希罗德通过大量内幕交易获得暴利。比如，在某一个时期，因为德国政府即将宣布的一些政策将有利于俄国铁路股，俾斯麦本人的投资组合中就有70%被投到了俄国股票上；再比如，他们会购买一些优秀公司的股票，买时价钱很便宜，然后俾斯麦会做出些事情，让这些公司的股票升值。俾斯麦在股市上挣了钱后，就把利润抽走，用于购买土地和森林，他坚信投资纸质证券是赚快钱的好办法，但真正的财富却要靠能够生长树木的土地来保存。俾斯麦自己做了研究认为，土地的价格会随着人口增长而逐步升高，差不多每年2个百分点，德国的木材价格每年上涨2.75%，而那一阶段的通货膨胀几乎为0，因此，他从林场获得的实际收益约为每年4.75%，即使出现通货膨胀，他也确信他的土地和木材会随之升值，他认为，这是一种无需冒什么风险的财富投机。事实已经证明，俾斯麦的理财方向完全正确，尤其是在接下来的50年间，德国战火频频，通货膨胀飙升、经济萧条接踵而来，林场比其他任何东西都更能保值。从俾斯麦的理财方式可以看出，俾斯麦似乎也有一种特殊的能力，能看到眼下的某个举动可能在未来引发的一连串事件，直到今天，这仍是投资成功的要诀。尽管俾斯麦可以不断通过内幕交易来迅速扩大的自己财富，尽管生活在那样一个充满动荡、怀疑的年代，他并不一味追求投资回报率，即富了要更富，而是保持冷静一直把利润抽走，购买他认为更实在的土地。俾斯麦和他的投资顾问有一种俾斯麦曾说过的“投资胆怯症”，每年追求的仅是4%的真实收益率(扣除通货膨胀后)，但正是这种胆怯使得他躲开了19世纪70年代的新发行市场以及后来让许多德国人和银行家倾家荡产的殖民地投资热。这种所谓的胆怯事实上就是对市场的敬畏，对不确定性的防范。只要你投资股市，市场的系统性风险是你回避不了的，任何一个稳健的投资者都不应该把他所有的资产都投入股市。从俾斯麦的理财故事中，我们也可以想像，俾斯麦可能担心自己的后代在继承了股票和债券的组合后会不知如何管理，而且就算是当时最伟大的成长股也会衰老，要想超过一代人有效地管理资产，绝大多数的投资顾问都不能指望，所以俾斯麦喜欢拥有林场，这种财富生生不息，不需要投资天才就能管理，他的后代只需永远保有他们，通过卖出木材就可以获得收入。这一点也似乎颇值得中国的富人们借鉴，可惜这种方法，目前在中国还难以拷贝，原因很简单，因为土地还没有私有化。     名人名言话理财    名人财路：周迅理财喜冒险    回顾名人的投资理财故事：霍英东从海人草发家    理财要做有心人    老年人理财消费两相宜    理财也要两手抓    银行理财破解理财师销售三层境界    熊市直面高端理财    为孩子提前理财 要做到三要三忌    保守理财大行其道    今年理财不缺钱,1,5,0.8424760103225708
刘明康建议设贷款风险补偿基金每经记者 黄惠敏 发自深圳日前，银监会主席刘明康在最新一期《求是》杂志中撰文表示，要发挥金融优势，支持服务业又好又快发展。他提到可考虑建立风险补偿基金，对银行业金融机构发放的服务业小企业贷款进行风险补偿，同时，改善服务业发展的税收政策，清理和取消制约服务业发展的有关税收政策。号召金融业力挺服务业刘明康在文章中表示，我国服务业发展滞后，2007年该行业增加值占GDP的比重只有40%左右。而长期以来，我国第二产业结构偏重，近年来其外向度不断提高，在全球金融危机冲击下风险偏大。在目前世界性的金融危机形势下，大力增加现代服务业比重显得尤为重要和迫切。中央财经大学中国银行业研究中心主任郭田勇在接受《每日经济新闻》采访时表示，扶持服务业有利于调整我国产业结构。从目前产业结构上看，第一产业和第二产业占的比重比较高，而第三产业服务业发展比较缓慢和相对滞后。从融资上看，由于服务业缺乏抵押物则很难从银行获得贷款。郭田勇认为，强调发展服务业，调整经济结构、推动中国经济的转型来说非常重要。刘明康指出，银行业金融机构应针对不同行业和不同发展阶段的服务业企业特点，积极开展产品创新，转变过分依赖抵押品的传统授信模式，不断开发出符合服务业企业需求的产品和服务。要根据现代服务业网络化、信息化趋势，结合服务业的新需要，进一步拓宽服务渠道，大力发展电子银行等业务，推广自助设备以及非现金支付工具的使用，丰富服务功能，提高服务质量和效益。银行业要发挥开展中间业务的优势，为服务业小企业提供投融资政策咨询、项目评估、财务辅导、融资设计等特色服务，协助其筹措和用好资金。考虑建立风险补偿基金支持服务业，但银行业金融机构支持服务业也要加强风险控制。刘明康指出银行业金融机构要全方位、全过程控制对服务业授信风险。除了要优化内部审批流程、提高审贷效率外，银行业要根据服务业特点引入外部专家评审机制，完善授信工作的事前、事中、事后各个环节的风险管理。刘明康更提到要加大财税政策的支持力度，对有助于改善民生、扩大就业、环境友好型、创新型服务业企业更要提供必要的财政支持。他认为可考虑建立风险补偿基金，对银行业金融机构发放的服务业小企业贷款进行风险补偿。郭田勇称，此前有地方政府建立过类似补贴性措施。由国家成立补偿基金，目前还没做过，但是郭田勇认为建立风险补偿基金这个建议是可以考虑的。他认为，风险补偿基金的推出关键还要看相关各个部门的协调。与建立风险补偿基金功效相仿的是担保公司和再担保公司。目前，担保公司和再担保公司陆续在国内推出。注册资金20亿的广东省中小企业再担保公司也将在本月18日正式挂牌。这些机构在一定程度上扫除了银行业对这些中小企业放贷的风险疑虑。但是兴业银行首席经济学家鲁政委认为，中小企业融资问题要扫除企业与银行双方信息不对称这一障碍，建立便捷的途径使银行更好了解企业运营状况，减低不确定性。,1,7,0.37025269865989685
公募基金调研上市公司行为调查本报记者 刘建强 上海报道先乘坐3小时15分钟的飞机，再坐车约一个小时达到兰州。稍事休息，沿着国道109线继续向东前行。行程113公里后，便来到了兰州市红古区海石湾二号街坊354号。这里是上市公司方大炭素(600516.SH)的所在地。最近有约3到5位来自基金公司的研究员或者基金经理，一路风尘仆仆，在这个西距青海省省会西宁市只有120公里的厂区内，座谈调研。半天的时间过后，这些“来自基金公司的人”便匆匆踏上归程，一份份调研报告几天后草拟成稿，堆放在了基金经理、研究总监、投资总监的案头。或者进而成为基金公司投资决策委员会上讨论的新话题。从海石湾镇一路垂直向南，1200公里外的宜宾五粮液厂区内自是另一番风景。五粮液发布的2008年报显示，全年内该公司共接待了共计518人来访调研。基本上接近每个工作日有两人以上的来访者。除去20人次的个人投资者外，基金经理、分析师、研究员甚至国外对冲基金经理，都夹杂在这个庞大的队伍中。知情人士向记者透露参加过去年五粮液经销商大会的南方系基金，去年四季度内减仓五粮液1270万股。此前参加过集体调研的广发基金旗下广发聚丰，景顺长城精选蓝筹则顺势闯入十大流通股股东之列。作为中国A股市场上的最大机构投资者，基金行业的一举一动牵动市场的眼球。截至2009年2月19日，包括中小板在内两市共计有63家上市公司披露了年度报告。除ST个股和部分上交所上市公司之外，其余均在年报中披露了2008年度接待机构投资者调研、个人投资者咨询以及新闻媒体采访的情况。公募基金继续成为调研上市公司的重要主体。对比已经发布完毕的基金2008年四季报可以发现，基金扎堆调研重仓股的现象继续存在，一些从前不为人注意的上市公司成为公募基金去年悄然调研的对象，而有些股票在基金调研之后被悄悄建仓或抛出。豹窥一斑，鼎尝一脔。本报结合基金四季报，梳理现有上市公司年报中基金调研情况，解读公募基金调研上市公司行为，探寻基金投资与调研背后的逻辑。本报记者采访了位于上海、深圳、广州、北京多家基金公司的投研人士了解到，虽然对于上市公司的调研要求上差别很大，但如果一只股票要进入基金经理的投资组合中，一份翔实、可以打动投决会的投资建议书都必不可少。“尤其是重仓股，基金经理甚至投资总监都必须要去上市公司现场进行实地调研。”一家规模居于前十五位的基金公司投资总监称。这些从基金公司撒向全国各地的“兵”，带着“去疑”和“求证”的任务，运用自己的调研方法，把脉每一家感兴趣的上市公司。这在一定程度上决定着基金是加仓、减仓，还是继续持有。2009年，对于基金经理的选股能力要求更高。“除了扎实做好基本面案头资料研究之外，对上市公司的实地详细调研则可能是基金公司更需要做的一项工作。”有些公司已经提前行动，此前有媒体报道称，去年年末华夏基金就已经大规模派出研究员和基金经理调研上市公司。“我们公司的研究员现在只有1/3的人在家，其余都在各地调研上市公司。”泰信基金投资总监王鹏说。国联安基金也表示，其研究员有一半以上也在各地频繁调研。据记者的了解，其实不止是大型的基金公司是这样做，中小型基金公司也已经在行动。基金的“集体表演”十几家基金公司、券商的研究员和基金经理在公司会议室座谈之后，由公司领导或者董秘办的人领着，浩浩荡荡去车间“看下热轧炉”，“每次去都要看下”。[1]本报记者 刘建强 上海报道上海一家内资基金公司投资总监讲到去宝钢股份(600019.SH)调研时描述说。“这种大白马，市场上都知道，而且集体调研居多”，更多的像一种“集体表演”。2008年基金的四季报显示，有多达11只基金将宝钢股份列为其重仓股，持有市值均超过1500万元，持有超过1.4亿元的多达五家以上。“没有列入重仓股，但是买了的更多。”目前披露的2008年年度报告显示，像宝钢一样得到基金重仓持有的上市公司，在去年年内也迎来了蜂拥而至的机构调研团队，十几家基金公司联合调研的情形不断发生，与券商、私募扎堆调研的情况也非常常见。组团调研位于山西太原的煤气化(000968.SZ)，成为煤炭行业第一家公布2008年年报的企业。日前发布的年报显示，在去年下半年煤炭价格大幅滑落的情况下，煤气化公告营业收入为47.35亿元，同比增长38.21%；净利润6.84亿元，同比增长117.83%。“调研煤炭企业，价格波动带来的市场销售状况是调研时最关注的方面。”某基金公司行业研究员表示，尤其是上半年国际大宗商品价格涨速很快，国内煤炭价格也随之上扬，但是下半年煤炭等大宗商品价格又出现了不同程度的回落。这显然牵动了基金的神经，基金对煤炭企业的探访也颇为频繁。2008年上半年，沪深300指数下跌47.7%，煤炭股却明显走强。神火股份(000933.SZ)下跌32.82%，煤气化下跌了29.53%，西山煤电(000983.SZ)下跌20.54%，但是金牛能源(000937.SZ)同期上涨了57.77%。煤气化的年报显示，去年1月15日一天，工银瑞信基金、建信基金，以及山西证券、中天证券、国联证券、广发证券等15家机构集体调研了公司。5月份，交银基金、信诚基金等与约30余家机构共同调研煤气化，除了有银河证券、平安资产、东方证券外，还包括来自浙江的私募基金浙江星火投资公司。位于河南的神火股份上半年至少接待了4次公募基金的联合造访。2月22日，诺安基金、东方基金、申万巴黎3家基金公司研究员调研了该公司；2月27日，华夏基金、中邮创业、鹏华基金、长城基金、交银施罗德基金、新世纪6家基金公司对神火股份进行了调研；3月5日和5月16日，又先后有长信基金、银河基金、汇添富等基金公司去调研。还没有发布年报的金牛能源，其半年报显示，上半年前后有11家基金公司的研究员或基金经理到此调研，西山煤电上半年也有11次基金公司的调研记录。川投能源发布的2008年年报显示，共计接待机构投资者来访调研23 批次。分道扬镳从年初到年末，五粮液(000858.SZ)董秘办和证券部的工作人员都在忙于应对接踵而至的调研者。五粮液新近发布的2008年年报显示，全年内该公司接待了共计518人来访调研。除去20人次的个人投资者外，来自基金公司、券商和私募组成的调研团队占据其余名额。几乎每个月，都会有基金研究员或者基金经理到来。去年2月间，就有宝盈基金、中银基金，以及中信证券、国元证券、光大证券研究员共11人，分4批赶赴五粮液实地调研，“参观厂区及生产设施”。3月份，20几家基金公司参加了五粮液的2007年度股东大会。8月，建信基金、易方达基金、博时基金等纷至沓来。但集体调研结束，基金各有各的想法。,1,4,0.6434009075164795
税务总局：QFII在中国境内收入缴纳10%所得税通知并指出，如果是股息、红利，则由派发股息、红利的企业代扣代缴；如果是利息，则由企业在支付或到期应支付时代扣代缴。通知说，QFII取得股息、红利和利息收入，需要享受税收协定待遇的，可向主管税务机关提出申请，主管税务机关审核无误后按照税收协定的规定执行；涉及退税的，应及时予以办理。通知要求，各地税务机关应了解QFII在中国从事投资的情况，及时提供税收服务，建立税收管理档案，确保代扣代缴税款及时足额入库。,1,7,0.8858569264411926
盐湖钾肥 基金翻盘重组在望□本报记者 张楠盐湖钾肥的矿产资源使用费等议案在股东大会上获得84.48%的高票通过，以及前十大流通股东中8家的支持，无疑预示着盐湖钾肥和ST盐湖的合并预案前景已经明亮。仅仅是在3个月前的去年12月盐湖钾肥股东大会上，这同样的三项议案遭到了“否决”，前十大流通股股东中9家投了反对票，1家弃权。基金的翻盘并不能完全视作他们自身态度的扭转，因为这次的十大流通股股东与上次相比，已经“物是人非”，大成基金公司下属7只基金在这几个月内扎堆买入，并且成本较低，夺取了席位和话语权。很明显，现在的流通股东能够接受向ST盐湖增加支付高达3.06亿元的矿产资源使用费，对于ST盐湖的估值也将表示认可，那么对合并重组方案的认可也在情理之中，何况这些基金的持仓成本较低。但是，不管是怎样复杂的游戏，上市公司自身的基本面并不因资本市场的估值对价而改变。钾仍然是稀缺性资源，70%的对外依存度表明，国内钾肥行业这个“蛋糕”几乎是“无限大”。虽然中信国安的100万吨钾镁肥项目可能成为石化产业振兴规划扶持建设的重点项目，但盐湖钾肥“一家独大”的状况短期难以改变。日前新出台的钾肥价格管理政策，给了久久不能平息的国内争论一个明确“答复”：钾肥价格将按市场化运作，国家将加大对进口钾肥的监管。这对盐湖钾肥自身发展来说无疑是一个重大利好。或许正是看到公司和行业的发展潜力，大成基金才有足够的动力去夺取前十大流通股席位，并促成表决的通过。如不意外的话，合并重组方案获得股东大会通过，现在看来也将不是问题。,1,4,0.6797758936882019
税务总局明确QFII缴税相关问题记者20日从国家税务总局获悉，税务总局近日发出通知指出，合格境外机构投资者（QFII）所得来源于中国境内的股息、红利和利息收入，应当按照企业所得税法规定缴纳10%的企业所得税。通知同时指出，如果是股息、红利，则由派发股息、红利的企业代扣代缴；如果是利息，则由企业在支付或到期应支付时代扣代缴。通知称，QFII取得股息、红利和利息收入，需要享受税收协定待遇的，可向主管税务机关提出申请，主管税务机关审核无误后按照税收协定的规定执行；涉及退税的，应及时予以办理。通知要求，各地税务机关应了解QFII在我国从事投资的情况，及时提供税收服务，建立税收管理档案，确保代扣代缴税款及时足额入库。,1,7,0.4497799277305603
税务总局：QFII应缴10%所得税 业内人士称此规定根本目的在于完善资本市场运行规则，对QFII利空有限国家税务总局20日宣布，税务总局近日发出通知指出，合格境外机构投资者(QFII)取得来源于中国境内的股息、红利和利息收入，应当按照企业所得税法规定缴纳10%的企业所得税。通知明确，QFII所得如果是股息、红利，则由派发股息、红利的企业代扣代缴；如果是利息，则由企业在支付或到期应支付时代扣代缴。各地税务机关应了解QFII在我国从事投资的情况，及时提供税收服务，建立税收管理档案，确保代扣代缴税款及时足额入库。中国社科院财贸所税收专家介绍，2005年底，经国务院批准，对QFII委托境内公司在我国从事证券买卖业务取得的差价收入，免征营业税，但对于所得税却没有明确规定。一直以来，QFII所得税问题悬而未决，大多数QFII在所得税问题上都是先代为扣缴，但也有部分QFII不计算所得税。专家表示，国税总局明确QFII缴纳10%的企业所得税，实际源于2008年1月1日起施行的《中华人民共和国企业所得税法》及其实施条例。根据规定，非居民企业在中国境内的所得缴纳企业所得税适用税率为20%，实际执行10%的优惠税率。国税总局上述通知还称，QFII取得股息、红利和利息收入，需要享受税收协定(安排)待遇的，可向主管税务机关提出申请，主管税务机关审核无误后按照税收协定的规定执行；涉及退税的，应及时予以办理。专家介绍，为了避免双重征税，我国与世界上90多个国家签订了税收协定，根据收入来源地管辖权的一般原则，境外企业在我国取得的收入适用我国税率。因此，国税总局的上述表述，实际是简化了向QFII支付股息、红利和利息收入企业的工作，支付企业只需考虑我国税法预提所得税即可。市场人士认为，QFII所得税涉及的只是利得部分，与营业税相比数额较小，在我国税收收入占比中也是微不足道的，QFII不会因此政策而出现大规模撤离现象。明确QFII所得税制，根本目的不在于增加税收收入，而是通过税制的明确，完善资本市场的运行规则，吸引更多退休基金、共同基金等大型海外投资机构入场。据《中国证券报,1,7,0.47962671518325806
金融从业人员老鼠仓行为最高可判10年2月28日，十一届全国人大常委会第七次会议在完成各项议程后，在北京人民大会堂闭会。吴邦国委员长主持会议并发表讲话新华社 图十一届全国人大常委会第七次会议28日上午表决通过了《中华人民共和国刑法修正案(七)》，国家主席胡锦涛签署第10号主席令予以公布，自公布之日起施行。刑法修正案(七)共15条，对刑法相关条款进行了修改、增加。刑法定罪量刑更趋“人性化”，体现了宽严相济的刑事政策，绑架罪最低刑期减为5年，逃避缴纳税款者符合一定条件可不追究刑事责任，金融从业人员“老鼠仓”行为将被严打，增设“组织领导传销罪”，增设规定严惩组织未成年人违反治安的行为，还对惩处网络“黑客”、单位犯洗钱罪、领导干部“家里人”“身边人”的腐败行为等作出规定。十一届全国人大常委会第七次会议28日表决通过刑法修正案(七)。其中明确规定，我国严惩金融从业人员“老鼠仓”行为，最高可处十年有期徒刑。近年来，一些证券投资基金管理公司、证券公司等金融机构的从业人员，利用其因职务便利知悉的法定内幕信息以外的其他未公开的经营信息，如本单位受托管理资金的交易信息等，违反规定从事相关交易活动，牟取非法利益或者转嫁风险。这种“老鼠仓”行为严重破坏金融管理秩序，损害公众投资者利益，但此前刑法只对利用证券、期货交易的内幕信息从事内幕交易的犯罪及刑事责任作了规定，未对这一社会影响极坏的犯罪行为作出明确规定。鉴于此，刑法修正案(七)将刑法第180条第一款修改为：证券、期货交易内幕信息的知情人员或者非法获取证券、期货交易内幕信息的人员，在涉及证券的发行，证券、期货交易或者其他对证券、期货交易价格有重大影响的信息尚未公开前，买入或者卖出该证券，或者从事与该内幕信息有关的期货交易，或者泄露该信息，或者明示、暗示他人从事上述交易活动，情节严重的，处五年以下有期徒刑或者拘役，并处或者单处违法所得一倍以上五倍以下罚金；情节特别严重的，处五年以上十年以下有期徒刑，并处违法所得一倍以上五倍以下罚金。此外，增加一款作为第四款，证券交易所、期货交易所、证券公司、期货经纪公司、基金管理公司、商业银行、保险公司等金融机构的从业人员以及有关监管部门或者行业协会的工作人员，利用因职务便利获取的内幕信息以外的其他未公开的信息，违反规定，从事与该信息相关的证券、期货交易活动，或者明示、暗示他人从事相关交易活动，情节严重的，依照第一款的规定处罚。扩大对“地下钱庄”非法经营活动打击范围为了更有力地打击“地下钱庄”非法经营活动，十一届全国人大常委会第七次会议28日表决通过的刑法修正案(七)扩大了对“地下钱庄”非法经营活动的打击范围。据介绍，近年来，一些以典当行、担保公司、理财咨询公司等形式存在的“地下钱庄”非法经营活动较为猖獗，严重扰乱了金融秩序，给社会治安带来隐患。国务院法制办、公安部等提出，不仅非法经营证券、期货、保险业务的“地下钱庄”行为应受惩处，而且逃避金融监管，非法为他人办理大额资金转移等资金支付结算业务的行为，也应依法严惩，在刑法关于非法经营罪的规定中也应明确列举。此前，刑法第225条规定了四项违反国家规定、应该受到惩处的非法经营行为。新修订的刑法修正案(七)将原来的第三项“未经国家有关主管部门批准，非法经营证券、期货或者保险业务的；”修改为“未经国家有关主管部门批准非法经营证券、期货、保险业务的，或者非法从事资金支付结算业务的；”加大了对这类非法经营活动的打击力度。逃避缴纳税款一定条件下可免刑责十一届全国人大常委会第七次会议28日表决通过刑法修正案(七)。相关条款规定，逃避缴纳税款在一定条件下不予追究刑事责任。有关部门提出，逃避缴纳税款后，经税务机关指出后积极补缴税款和滞纳金，履行了纳税义务，接受行政处罚的，可不再作为犯罪追究刑事责任，这样处理可以较好地体现宽严相济的刑事政策。刑法修正案(七)将刑法中相关条款修改为：“纳税人采取欺骗、隐瞒手段进行虚假纳税申报或者不申报，逃避缴纳税款数额较大并且占应纳税额百分之十以上的，处三年以下有期徒刑或者拘役，并处罚金；数额巨大并且占应纳税额百分之三十以上的，处三年以上七年以下有期徒刑，并处罚金。”“扣缴义务人采取前款所列手段，不缴或者少缴已扣、已收税款，数额较大的，依照前款的规定处罚。”“对多次实施前两款行为，未经处理的，按照累计数额计算。”“有第一款行为，经税务机关依法下达追缴通知后，补缴应纳税款，缴纳滞纳金，已受行政处罚的，不予追究刑事责任；但是，五年内因逃避缴纳税款受过刑事处罚或者被税务机关给予二次以上行政处罚的除外。”引人关注的是，原来的“偷税”一词也被“逃避缴纳税款”所取代。 全国人大常委会法工委副主任郎胜指出，原来习惯上用“偷税”这个概念，实际上逃避纳税义务是这类犯罪的本质特征，这样在表述上更准确一些。绑架罪最低刑期定为5年十一届全国人大常委会第七次会议28日表决通过的刑法修正案(七)中，进一步调整了绑架罪的量刑标准，将法定刑的起刑点定为5年有期徒刑。此前，刑法相关条款规定：以勒索财物为目的绑架他人的，或者绑架他人作为人质的，处十年以上有期徒刑或者无期徒刑，并处罚金或者没收财产；致使被绑架人死亡或者杀害被绑架人的，处死刑，并处没收财产。全国人大常委会法制工作委员会经同最高人民法院、最高人民检察院、公安部研究认为，绑架罪严重危及公民人身安全，应予严惩；同时，考虑到实际发生的这类案件具体情况比较复杂，在刑罚设置上适当增加档次，有利于按照罪刑相适应的原则惩治犯罪。新修订的刑法修正案(七)将刑法第239条修改为：“以勒索财物为目的绑架他人的，或者绑架他人作为人质的，处十年以上有期徒刑或者无期徒刑，并处罚金或者没收财产；情节较轻的，处五年以上十年以下有期徒刑，并处罚金。”“犯前款罪，致使被绑架人死亡或者杀害被绑架人的，处死刑，并处没收财产。”单位犯洗钱罪 同样严惩不贷十一届全国人大常委会第七次会议28日表决通过的刑法修正案(七)中，新增了单位犯洗钱罪的规定。分析人士指出，这将进一步完善我国刑法的反洗钱措施。此前，刑法第312条只是作出如下规定：明知是犯罪所得及其产生的收益而予以窝藏、转移、收购、代为销售或者以其他方法掩饰、隐瞒的，处三年以下有期徒刑、拘役或者管制，并处或者单处罚金；情节严重的，处三年以上七年以下有期徒刑，并处罚金。去年8月，刑法修正案(七)草案提请全国人大常委会审议时，有关人士提出，犯洗钱罪有些是单位实施的，建议增加单位犯洗钱罪的规定。鉴于此，刑法修正案(七)在刑法第312条中增加一款作为第二款：单位犯前款罪的，对单位判处罚金，并对其直接负责的主管人员和其他直接责任人员，依照前款的规定处罚。严惩领导干部“家里人”“身边人”腐败行为今后，如果在职或离职的国家工作人员的“家里人”“身边人”利用国家工作人员职务上的影响力索贿受贿，也将被追究刑事责任。28日，十一届全国人大常委会第七次会议表决通过的刑法修正案(七)中，扩大了受贿罪的适用范围，修改了相关条款。此前，刑法相关条款只对国家工作人员利用本人职权或地位形成的便利条件，通过其他国家工作人员的职务行为，为请托人谋取不正当利益，索取或者收受请托人财物的犯罪作了规定。但在现实生活中，一些国家工作人员的配偶、子女等近亲属，以及其他与其关系密切的人，通过该国家工作人员职务上的行为，或者利用其职权或地位形成的便利条件，通过其他国家工作人员职务上的行为，为请托人谋取不正当利益，自己从中索取或者收受财物。鉴于此，刑法修正案(七)新增条款规定，国家工作人员的近亲属或者其他与该国家工作人员关系密切的人，通过该国家工作人员职务上的行为，或者利用该国家工作人员职权或者地位形成的便利条件，通过其他国家工作人员职务上的行为，为请托人谋取不正当利益，索取请托人财物或者收受请托人财物，数额较大或者有其他较重情节的，处三年以下有期徒刑或拘役，并处罚金；数额巨大或者有其他严重情节的，处三年以上七年以下有期徒刑，并处罚金；数额特别巨大或者有其他特别严重情节的，处七年以上有期徒刑，并处罚金或者没收财产。巨额财产来源不明罪最高刑提高至10年28日，十一届全国人大常委会第七次会议表决通过刑法修正案(七)，其中规定，巨额财产来源不明罪的最高刑由5年有期徒刑提高至10年有期徒刑，这意味着我国反腐败力度进一步加大。此前，刑法相关条款规定，国家工作人员的财产或者支出明显超过合法收入，差额巨大的，可以责令说明来源。本人不能说明其来源是合法的，差额部分以非法所得论，处五年以下有期徒刑或者拘役，财产的差额部分予以追缴。尽管这一罪名的适用一直是我国开展反腐败斗争的重要手段，但有些全国人大代表和最高人民法院、最高人民检察院等提出，对巨额财产来源不明罪的量刑标准偏轻，建议加重处罚。为适应反腐败斗争的需要，刑法修正案(七)修改了相关条款：“国家工作人员的财产、支出明显超过合法收入，差额巨大的，可以责令该国家工作人员说明来源，不能说明来源的，差额部分以非法所得论，处五年以下有期徒刑或者拘役；差额特别巨大的，处五年以上十年以下有期徒刑。财产的差额部分予以追缴。”(本组稿件据新华社电)    相关报道：    严打老鼠仓还需举证责任倒置    私募基金不会做老鼠仓    老鼠仓维权第一案败诉 法律盲点亟待司法解释    老鼠仓民事追偿仲裁请求被驳回    上港集团股票惊现老鼠仓    赢富数据下线 机构老鼠仓2009年大胆突围    视频：市场是否要进入新一轮探底走势    扩大老鼠仓犯罪主体非法提供个人信息负刑责    老鼠仓打击范围扩大    网友建议惩处老鼠仓行为最高刑期提至15年    专查老鼠仓将范围扩大,1,7,0.9932296276092529
两会速递：今年沪深交易所主推沪深300ETF中新社北京三月七日电 (记者 阮煜琳 刘育英)首只贯通两个市场的ETF产品——沪深300ETF有望不久后面世。全国政协委员、上海证券交易所理事长耿亮七日接受记者采访时指出，今年上交所将给投资者提供一些交易便利、成本低廉、投资者易懂的产品。今年上交所将联手深交所主推ETF(交易型开放式指数基金)。耿亮说，今年上交所的产品开发目标主要是对ETF产品进行深度开发。目前正在和深交所共同开发研究沪深300ETF指数。沪深300ETF覆盖了中国市场最主要的股票，覆盖面强、交易简便、交易手续费很低。同时作为指数期货的标底物，推出沪深300ETF产品以后，也有利于今后股指期货推出后投资者套期保值，投资者套利交易。耿亮说，二00五年开始，上交所陆续推出上证50ETF、上证180和上证红利ETF三个ETF产品，并得到投资者的认可，今年开发重点是在ETF产品的深度和广度上下功夫。在重点研究沪深300ETF的同时，现在还准备开发行业ETF和债券ETF。据有关人士介绍，沪深300ETF是与沪深300指数期货进行期现套利的一种选择，上市沪深300ETF有利于为股指期货上市创造良好的市场环境，吸引更多套利资金参与，增强股指期货市场的流动性。耿亮披露，截至三月三日，今年上交所日均交易量一千零一十九亿元人民币，比二00八年全年日均量增长近四成。二00八年，上交所筹资二千二百三十八亿元人民币，为上交所成立以来第二大筹资量。,1,7,0.6478869915008545
打击老鼠仓可引入举证责任倒置原则□吴学安十一届全国人大常委会第七次会议表决通过了刑法修正案(七)，其中将刑法第180条第一款修改为：证券、期货交易内幕信息的知情人员或者非法获取证券、期货交易内幕信息的人员，在涉及证券的发行，证券、期货交易或者其他对证券、期货交易价格有重大影响的信息尚未公开前，买入或者卖出该证券，或者从事与该内幕信息有关的期货交易，或者泄露该信息，或者明示、暗示他人从事上述交易活动，情节严重的，处五年以下有期徒刑或者拘役，并处或者单处违法所得一倍以上五倍以下罚金；情节特别严重的，处五年以上十年以下有期徒刑，并处违法所得一倍以上五倍以下罚金。这表明中国法律将严惩金融从业人员“老鼠仓”行为，最高可处十年有期徒刑。法律的明确，无疑将对“老鼠仓”的参与者起到一定的威慑作用。但由于对“老鼠仓”行为调查和取证较为困难，多数疑似“老鼠仓”案件最终可能无法进入法律程序，客观上可能影响到法律执行的实际效果。所谓“老鼠仓”，是指机构在用公有资金拉升股价之前，相关人员(机构负责人，操盘手及其亲属，关系户)先用个人资金在低位建仓，待公有资金拉升到高位后，个人仓位率先卖出获利。这种“老鼠仓”行为严重破坏了金融管理秩序，损害了公众投资者利益。应该看到，自上轮牛市发轫之年的2006年始，国内市场监管以“两法”实施为契机，初步形成了以投资者利益保护为资本市场法制建设核心价值追求，以证券法、公司法、证券投资基金法、证券期货类行政法规为主体，部门规章、规范性文件和自律规则为补充的层次清晰、结构和谐、分工明确、内容比较完备的多层次法律规范体系。现在，刑法修正案（七）明确严惩“老鼠仓”行为，无疑为铲除A股市场“老鼠仓”现象提供了法律支撑。但刑法修正案（七）关于“老鼠仓”的规定，在实际施行中依然存在某些缺陷，如其中举证难将直接影响此项法律的实际效率。因此，我认为用举证倒置的方法来破解举证难题是一个现实的选择。所谓举证责任倒置，是指基于法律规定，让通常情形下本应由提出主张的一方当事人（一般是原告）对某种事由不承担举证责任，而由另一方当事人（一般是被告）就某种事实存在或不存在承担举证责任。如果该方当事人不能就此举证证明，则推定原告的事实主张成立。在一般证据规则中，“谁主张谁举证”是举证责任分配的一般原则，而举证责任的倒置则是这一原则的例外。引入举证责任倒置，通过因果关系推定的方式，有利于加强对投资者合法权益的保护。Communication■ 读者话题,1,4,0.43148109316825867
基金公司员工不得炒股据新华社电中国证监会20日发布修订后的《基金管理公司投资管理人员管理指导意见》，从建立基金经理注册制、严禁基金公司员工买卖股票、加强投资管理人员通信和出境管理等方面规范基金公司相关人员的行为。指导意见自4月1日起实施。指导意见明确，除法律、行政法规另有规定外，基金管理公司员工不得买卖股票，直系亲属买卖股票的，应当及时向公司报备其账户和买卖情况。公司所管理基金的交易与员工直系亲属买卖股票的交易应当避免利益冲突。指导意见要求，基金公司的固定电话要进行录音，交易时间内投资管理人员的移动电话、掌上电脑等移动通讯工具应集中保管，MSN、QQ等各类即时通信工具和电子邮件应实施全程监控并留痕，录音、即时通信、电子邮件等资料要保存5年以上。,1,7,0.7923709154129028
邵健：对中国企业有信心 耐得住寂寞邵健掌管嘉实增长已经进入第7个年头了，一些股票在他的基金组合里也被持有到了第7个年头。“在中国，一定可以寻找到一些伟大的企业，这些企业将给长期投资者带来丰厚的回报。但投资者需要耐得住寂寞，才能充分分享这些企业伟大成长所带来的收益。”对于较低的换手率，邵健这样解释。邵健的信念源于对市场的深入研究和长期的实践经验。在刚刚过去的一年，嘉实增长以不俗的业绩获得“2008年度同业领先开放式股票型基金”；在上一轮熊市中，嘉实增长也通过对许多成长型企业的长期投资成为市场上业绩最好的基金之一。成立至今，上证指数的涨幅仅40%左右，而嘉实增长的投资回报已超过 300%。“我们较多投资的是持续成长型的公司，这种投资风格和组合有利于在大的熊市里抵御风险。”邵健说，“成长股有一个普遍的特点，那就是一年中可能就涨几个星期，其余的时间里基本在进行盘整，所以多数时候投资者都会很寂寞。很多人都曾经买过很好的股票，但是最后真正获得巨大收益的人却寥寥无几，因为多数人在投资过程中总是耐不住寂寞。而我们最大的优势就在于对基本面有良好把握的同时，耐得住寂寞。”去年随着A 股市场的深幅下跌，嘉实增长的资产也在缩水。但邵健表示，“我依然保持长期乐观，而且相信自己的投资选择。从长期看，世界经济还将保持长期增长，市场还会继续上升，权益类资产的中长期回报前景依然乐观。即使在悲观的情况下，指数长期保持平稳，我们也相信自己的选股能力能够给投资者带来良好的收益。”□本报记者 丁冰沉稳、平和是嘉实增长基金经理邵健给人的一贯印象。正是具备了这样的性格，他才能带领嘉实增长于2005、2006年连续两年获得“开放式股票型持续优胜金牛基金”，在2008年的金牛奖评选中又榜上有名。平和大于激情和邵健的交流十分轻松。对于记者的各类提问，他都能从容应对，娓娓道来。7年的时间虽然不长，但对于仅有11年历史的中国基金业来讲并不短。“从几年时间上涨数十倍的股票，再到一年时间跌去90%以上的股票，我们已经见过很多了。当你看多了以后，就会变得平和。”邵健解释道。“另外，作为一个成长型的投资者，胜出是一个非常缓慢的过程。你需要对很多公司做充分研究和分析，进而投资并持续跟踪，以时间换空间，这可以说是一个煎熬的过程。外界的诱惑很多，但总是追求激情的话，很难做一个成长型投资者。”对于选股方法，邵健最为偏爱的是“Tenbegger”类型的企业。“理想的标的企业盈利应该在5年能够上涨3倍以上，10年盈利上涨10倍以上。”在风格方面，邵健认为对于价值投资来说，进攻和防守是一致的。一些安全边际很好、动态价值较高的股票，不光进攻性很好，防御性也会很强，尤其是以这类的投资标的构建成组合之后。在行业选择方面，邵健较为看重的是行业的成长空间，历史上他持有多年的股票大多是处于具有较大成长空间的细分行业中。要讲原则也要适当灵活谈及去年的市场操作，邵健回忆，在大类资产配置方面，嘉实增长在一季度仓位决策有所失误，但二、三季度及时下调了权益类资产比例，并且在第四季度时基于对宏观经济与市场的研究，大幅度提升了权益类资产的配置，这对改善去年全年的投资收益有一定的帮助。而在行业配置方面，去年四季度，在宏观经济前景还不确定时，嘉实增长大幅加重了行业前景相对明朗的医药等行业的配置，亦获得了良好的收益。对于去年四季度增加权益类资产的原因，邵健说，尽管当时的宏观经济面不好，但负面的因素已在市场中基本反映，而市场对潜在的经济政策刺激并未给予充分重视。此外，基本面固然很重要，流动性也是资本市场一个不可忽视的因素。当时他预计到流动性拐点将在四季度到来，因此大幅增加权益类资产配置。对于未来，邵健是一个乐观主义者：“人类历史上曾经遇到很多巨大的挑战，但我们都能够顺利地跨过，资本市场也在穿越危机后继续发展，这一次也不会例外。”对2009年的资本市场，邵健认为，“2009年是下一轮权益投资的元年，尽管2009年证券市场的波动仍将较为剧烈。”“今年上半年将重点关注医药、通信设备、电力设备、水泥等国家政策拉动背景下能够保持持续增长的行业，在年末的时候应重点关注一些有望伴随经济复苏而逐步恢复的行业如资本品、保险业等。”在谈到中短期业绩时，邵健坦言，“尽管看重长期投资目标，但也会考虑基金的中短期排名。我们会兼顾投资者的中短期需求，在投资组合中开辟一部分用来捕捉中短期的机会。这样业绩会更平滑，投资者也会更易接受一些。在这方面，我们既讲原则性，又要有灵活性。”,1,4,0.5081385374069214
中海基金将引入海外投资者■ 公司年报本报讯 (记者张晓玲)前日晚间，中国海外发展(0688.HK)公布了2008年年报，这家创办30年的老牌地产公司在去年楼市低迷时期实现了260亿元的销售额，市场占有率升至1.2%，且保持着43.7%的高毛利率。中海表示，能够在淡市中稳步前进，得益于中海的市场平衡战略。年报称，去年公司重点开拓了济南市场，接下来仍将继续强化在环渤海区域和长三角区域的投资布局，上述区域成为中海去年的主要利润来源。而在调整最深的珠三角地区，中海的销售表现落后于上述区域。中海表示，今年将力争完成350万平米的销售面积，比2008年增加30%。如果目标实现，中海今年有可能将有350亿元的销售额。在前日的业绩发布会上，中海副主席兼行政总裁郝建民表示，集团筹备成立多年的房地产发展基金，预计可于今年完成，规模可达5亿至8亿美元，将引入海外投资者，并以私募基金形式经营，主要投资中国海外以外的住宅物业。,1,4,0.5565747618675232
