text,true_label,pred_label,probability
NCAA知识：美大学十大豪门 UCLA+肯塔基两大霸主 新浪体育讯NCAA全美大学锦标赛已经进行至最终四强战，面对多年来最黑的一届4强赛，不仅要赞叹于疯狂三月的冷门传统，也该回顾回顾历史，看看有哪些历史豪门，想想他们为何今年如此不给力：〈〈〈 NCAA疯狂三月专题主页上线，点击链接查看精彩内容1 UCLA(加州大学洛杉矶分校)13次打入全国决赛拿到11次全国冠军，其中包括了7连冠的伟业，创造了38场锦标赛连胜等一系列的NCAA记录，4次全赛季不败，为NBA输出了包括6位名人堂巨星在内的76名NBA球员，其中不乏雷吉-米勒，贾巴尔等巨星，也有乐福，维斯布鲁克等现役球星。刚刚去世的约翰-伍登带领UCLA创造了难以超越的传奇，近年来球队也曾连续三次打进最终四强，在这份榜单上UCLA可以当之无愧地排名第一。2 肯塔基大学肯塔基大学是最有希望挑战UCLA王者地位的球队，他们是4，50年代的老大，保持着史上胜场数最多和胜率最高的记录，同时拥有仅次于UCLA的7个全国冠军头衔。球星众多是肯塔基的传统，至今为止在NBA奋斗过的校友有96人，这一数据也领衔全国。名帅帕特-莱利正是肯塔基毕业。现役球员有沃尔，隆多等13人。3 北卡罗来纳大学乔丹母校北卡是最盛产球星的学校之一，为NBA输出了乔丹，沃西，比利-康宁汉姆，麦卡杜等名人堂级别的球星，名帅拉里-布朗也出身于此，同时还有其他4位名人堂教练。北卡史上5次捧起全国冠军奖杯，保持着25胜场以上赛季数的记录(31个)。4 印第安纳大学近年来境况不佳的印第安纳大学历史上也是NCAA顶级豪强，5次夺得全国冠军，他们最会辉煌的年代是鲍勃-奈特教练在位的三十年，这期间他们三次登顶。进入新世纪以来印第安纳一直处于摇摆重建的时期。5 堪萨斯大学堪萨斯80多年中一直是NCAA中的强队，8次杀入总决赛三夺冠军，历史胜场数排名第二。拉里-布朗，罗伊-威廉姆斯两名名帅均在此留下过足迹。堪萨斯为NBA贡献了张伯伦，皮尔斯，曼宁等球星。6 杜克大学在K教练的指导下，杜克成为了NCAA的新兴豪门，虽然历史和前面的传统豪门相比不够辉煌，近20年来他们总共4次称霸全国，并为NBA输送了布泽尔，布兰德等全明星球员。7 俄亥俄州立大学以橄榄球实力著称的俄亥俄州立大学篮球队历史上也曾在40年代和60年代有过辉煌的成绩，共11次杀入最终四强，而且进入新千年以来他们的表现也堪称全国顶级。8 路易斯维尔大学虽然一直徘徊在各个赛区之间，但路易斯维尔自从70年代以来一直稳定地保持着全国锦标赛级别的水平，并两次拿下全国冠军，也出产过维斯-昂赛尔德这样有分量的球星。9 密歇根州立大学魔术师约翰逊的母校，拿到过1979年和2000年两次全国冠军，在现任教练汤姆-伊索接手后战绩一直不错。10 密歇根大学5次杀入全国总决赛，曾有过著名的“密歇根五虎”，出产过格伦-莱斯，韦伯等NBA球员。(silencer)新浪体育讯NCAA全美大学锦标赛已经进行至最终四强战，面对多年来最黑的一届4强赛，不仅要赞叹于疯狂三月的冷门传统，也该回顾回顾历史，看看有哪些历史豪门，想想他们为何今年如此不给力：〈〈〈 NCAA疯狂三月专题主页上线，点击链接查看精彩内容1 UCLA(加州大学洛杉矶分校)13次打入全国决赛拿到11次全国冠军，其中包括了7连冠的伟业，创造了38场锦标赛连胜等一系列的NCAA记录，4次全赛季不败，为NBA输出了包括6位名人堂巨星在内的76名NBA球员，其中不乏雷吉-米勒，贾巴尔等巨星，也有乐福，维斯布鲁克等现役球星。刚刚去世的约翰-伍登带领UCLA创造了难以超越的传奇，近年来球队也曾连续三次打进最终四强，在这份榜单上UCLA可以当之无愧地排名第一。2 肯塔基大学肯塔基大学是最有希望挑战UCLA王者地位的球队，他们是4，50年代的老大，保持着史上胜场数最多和胜率最高的记录，同时拥有仅次于UCLA的7个全国冠军头衔。球星众多是肯塔基的传统，至今为止在NBA奋斗过的校友有96人，这一数据也领衔全国。名帅帕特-莱利正是肯塔基毕业。现役球员有沃尔，隆多等13人。3 北卡罗来纳大学乔丹母校北卡是最盛产球星的学校之一，为NBA输出了乔丹，沃西，比利-康宁汉姆，麦卡杜等名人堂级别的球星，名帅拉里-布朗也出身于此，同时还有其他4位名人堂教练。北卡史上5次捧起全国冠军奖杯，保持着25胜场以上赛季数的记录(31个)。4 印第安纳大学近年来境况不佳的印第安纳大学历史上也是NCAA顶级豪强，5次夺得全国冠军，他们最会辉煌的年代是鲍勃-奈特教练在位的三十年，这期间他们三次登顶。进入新世纪以来印第安纳一直处于摇摆重建的时期。5 堪萨斯大学堪萨斯80多年中一直是NCAA中的强队，8次杀入总决赛三夺冠军，历史胜场数排名第二。拉里-布朗，罗伊-威廉姆斯两名名帅均在此留下过足迹。堪萨斯为NBA贡献了张伯伦，皮尔斯，曼宁等球星。6 杜克大学在K教练的指导下，杜克成为了NCAA的新兴豪门，虽然历史和前面的传统豪门相比不够辉煌，近20年来他们总共4次称霸全国，并为NBA输送了布泽尔，布兰德等全明星球员。7 俄亥俄州立大学以橄榄球实力著称的俄亥俄州立大学篮球队历史上也曾在40年代和60年代有过辉煌的成绩，共11次杀入最终四强，而且进入新千年以来他们的表现也堪称全国顶级。8 路易斯维尔大学虽然一直徘徊在各个赛区之间，但路易斯维尔自从70年代以来一直稳定地保持着全国锦标赛级别的水平，并两次拿下全国冠军，也出产过维斯-昂赛尔德这样有分量的球星。9 密歇根州立大学魔术师约翰逊的母校，拿到过1979年和2000年两次全国冠军，在现任教练汤姆-伊索接手后战绩一直不错。10 密歇根大学5次杀入全国总决赛，曾有过著名的“密歇根五虎”，出产过格伦-莱斯，韦伯等NBA球员。(silencer),0,5,0.5908928513526917
NCAA历届冠军：康大三冠紧随杜克 UCLA大学至尊！NCAA锦标赛总决赛在休斯顿Reliant球馆隆重上演，在一场惨烈的防守大战中，康涅狄格大学53-41战胜巴特勒大学，校史上第三次捧得冠军奖杯。在NCAA建立72年历史上，UCLA是夺冠次数最多的球队(11次)、排名第二的是肯塔基大学(7)，印第安纳(5)和北卡(5)并列第三，杜克(4)依然位居第五。以下为NCAA全国锦标赛历年冠亚军得主：〈〈〈 NCAA疯狂三月专题主页上线，点击链接查看精彩内容注：表中括号内数字为第几次夺冠,0,5,0.9980260729789734
NCAA2010-11赛季回顾：这战国时代的灰姑娘童话！关键词：双雄会在这个被大一新生统治的年代里，已经好几年没有出现像今年弗雷戴特和坎巴-沃克这样的老生双雄会了。从赛季初毛伊邀请赛沃克狂飙开始，这两名根本无法阻挡的后卫似乎就较上了劲。只要其中一人打出一场高分表演，另一个人就一定会在短期内以一场同样精彩的发挥来证明自己——沃克多次打出三双，弗雷戴特更是打出过52分。两人不仅一度在得分榜上纠缠不清，他们率领的球队成绩也节节攀升，在他们的带领，康大和BYU都打出了远远超出预料的水准。双雄会的结果也可谓是皆大欢喜——弗雷戴特赢了个人荣誉，包揽了得分王，最佳球员和奈史密斯奖；而沃克的康大则以11连胜连夺分区锦标赛和全国锦标赛两个冠军，自己收走了四强战MOP。数年以后人们再提到这个赛季时，一定不会忘记这两个神一般呼风唤雨的小个子之间的较量。关键词：战国时代今年的NCAA是豪强并起的一年，堪萨斯、杜克、匹兹堡、德克萨斯、俄亥俄州立，几只球队实力都很强大，但都有比较明显的弱点，也没有强大到可以独霸全国第一宝座。赛季初杜克携卫冕冠军之勇连续占据着全国第一，然而凯利-欧文受伤给他们带来了巨大影响，败给佛罗里达州立后让出了头名。随后的几个星期内神奇的“全国第一魔咒”轮番降临在几支球队头上——谁当周被美联社评为全国第一，那一周就要输球。这样的局面也催生了几场极为精彩的大战——德克萨斯挑翻堪萨斯、威斯康辛三分射死俄亥俄州立和堪萨斯州立力克堪萨斯等。最终在你争我夺中俄亥俄州立后半赛季占了些许上风，但最终的结果也证明了只用6人轮换的他们并不是一支超级强队。关键词：黑马/灰姑娘传奇这两个词其实是每年NCAA都有的关键词，而今年尤其为甚。四强中有当初被选进锦标赛时被骂的狗血淋头的11号种子VCU和差点就倒在门槛上的8号种子巴特勒，前者重现了5年前乔治-梅森的神话，而后者则连续第二年一黑黑到了决赛。而3号种子康涅狄格在1个月前甚至在大东锦标赛中都只能排老9。今年的全国锦标赛经历了略显平淡的第一轮后，从第二轮开始接连爆出大冷门，害惨了无数人的Brackets。关键词：天才巨星哈里森-巴恩斯，贾里德-萨林杰，凯利-欧文，德里克-威廉姆斯，这些年轻人的名字早已被球迷们所熟知。萨林杰入选了全国第一阵容，巴恩斯贡献了两次压哨绝杀，欧文在他健康的时候一直是全国最好的控卫之一，威廉姆斯让老牌强队亚利桑那重现辉煌，在不远的未来，NBA中将会出现他们的身影。关键词：超级大东凭借最后关头辛辛那提、马奎特和西弗吉尼亚的强力发挥，大东区创造了11支球队杀入锦标赛这一神话般的历史记录，并且最终康大代表他们拿到了全国冠军证明了“我们大东球队不是到全国锦标赛就翻船的窝里横”。即使是11个球队中实力相对最差的马奎特，也在全国锦标赛中暴虐了A-10老大泽维尔，还爆冷了同区3号种子雪城，分区第二的圣母还拿走了最佳教练的荣誉，大东区实力之强可见一斑。关键词：高开低走大十分区的三支球队——密歇根州立、伊利诺伊和明尼苏达度过了相当让人失望的一个赛季。前二者开赛前被广泛看好，排进全国前15，后者在波多黎各巡回赛夺冠后也加入了全国前25的行列，大十分区一度被认为可以和大东抗衡。而随着赛季的进行三支球队逐渐迷失，接连输球，前两者锦标赛“打了个酱油”便出局，而明尼苏达干脆连锦标赛都没打进。关键词：野百合的春天除了不可一世的大东区和大十二区外，其他各个大赛区今年实力都不是特别强：大十赛区后半程乏力、太平洋十分区还未从去年的低谷中走出、大西洋海岸赛区只有杜克和北卡够看、东南赛区的球队们相比篮球从来都更擅长玩橄榄球。这就给了小赛区的球队们做出点事情的机会——山西赛区双雄圣迭戈州立和BYU长期位居全国前10；殖民地分区三支球队打入锦标赛，VCU更是杀入四强；西海岸分区的圣玛丽、西部运动赛区的犹他州立和A-10赛区的天普、泽维尔轮番保持着全国前25名额。关键词：过山车这个词用来形容今年的北卡和堪萨斯州立再合适不过了。赛季初双双被认定为全国前10的强队，赛季刚开打就接连输球，战绩和排名迅速下滑，但赛季中后段突然发力，北卡在肯德尔-马绍尔上位后掀起快打旋风，堪萨斯州立则在找回状态的普伦的带领下一路回飙，最终都拿到了不错的种子排位。(silencer),0,8,0.7033504247665405
最高检察院抵沈已获确认 曝因谢亚龙泄密介入案件 “首先，谢亚龙这个案子并不是最高检直接负责，一来说，只有影响力巨大的案子、涉及到全国，最高检才介入；其次，涉案金额过大，涉及人员的范围广； 第三，谢亚龙案子涉密了，这种情况下，由最高检以介入专案组的方式来完成地方检察院可能无法完成的工作。——辽宁昊星律师事务所律师孙浩人“李彤被协查应该和谢亚龙有关，因为两人当年在总局科研所的时候关系就非常要好，警方询问李彤应该是当年谢亚龙的一些事。 ——一位知情人士分析本报之前曾经报道，谢亚龙的案子被办案人员形容为“他的事很大”！究竟大到什么程度，通过他被批捕涉嫌的两个罪名就可以看出端倪：涉嫌受贿和泄 露国家机密。昨天又有消息称，“最高人民检察院的人员已经抵达了沈阳，并加入谢亚龙专案组。由此可见，谢亚龙案件一夜之间升级。最高检为何介入？从谢亚龙被协助调查，到立案侦查，直至最后被批捕，相关的线索源源不断地涌出：涉嫌贪污、受贿，以谢亚龙为中心，当年与他有过亲密接触合作的人士陆续到沈阳接受调查。这些都在表明：相对于南勇和杨一民，谢亚龙的案情严重性明显要高于前二者。昨日，又有重磅消息传来：最高人民检察院的人员已经抵达了沈阳，并加入谢亚龙专案组。昨晚，负责此案的铁岭方面已经确认了此事的真实性。最高人民检察院为何在此时突然介入谢亚龙专案组？昨晚，记者就此采访了辽宁昊星律师事务所律师孙浩人，他分析，最高人民检察院的介入，说明了三 个问题。“首先，谢亚龙这个案子并不是最高检直接负责，一来是，只有影响力巨大的案子、涉及到全国，最高检才介入；其次，涉案金额过大，涉及人员的范围 广；第三，谢亚龙案子涉密了，这种情况下，由最高检以介入专案组的方式来完成地方检察院可能无法完成的工作。 ”至此，谢亚龙的案子完全升级，至于谢亚龙一案到底还会涉及到全国哪些人、涉案金额到底会有多大，只有公安部门才能给出答案。至于涉嫌泄露国家机密，外界分析认为谢亚龙可能是泄露了国家商业机密。李彤被协查受谢亚龙牵连耐克公司中国体育市场总监李彤已经结束了协助调查，前晚，他从沈阳返回北京。李彤因何被协查？一位知情人士表示：他是受到了谢亚龙的牵连。到现在为止，李彤已经两次协助警方调查，第一次时间很短，当天上午去了，当天下午就回来了，还不到一天。第二次时间比较长，普遍的说法是，本月8日李彤来到沈阳协助调查，直到前晚，他才被放出来。李彤协助调查，最开始的时候，人们认为他应该与南勇杨一民案有关。事实上，实际情况绝不仅限于此。昨晚，一位知情人士分析：“李彤被协查应该和 谢亚龙有关，因为两人当年在总局科研所的时候关系就非常要好，警方询问李彤应该是当年谢亚龙的一些事。”这位人士有些担心：中国足协正联系其他的合作赞助 商，如此一来，这些客户能否知难而进还是个未知数。李彤结束调查，也给外界透露出一种信息：警方已经掌握了谢亚龙涉案的主要证据，李彤虽然结束调查了，但警方并不担心这些相关人员会“串供”，由 此也可以看出，谢亚龙的案子和其他涉案人员确实不一样。在今后的时间里，如果谢亚龙当政的时候，凡是与中国足协有过合作的公司高层一旦到沈阳被协查也不算 意外，这种事情可能随时都会发生。晨报沈阳9月17日电 特派记者范宏基,0,2,0.6461712718009949
探秘中国巨幕：是山寨高仿还是国货精品IMAX中国巨幕成本1000万以上最低100万左右，其余视情况而定亮度(实测)30000流明36000流明银幕大小(米)22×12.520×12音响6.1声道11.1声道片源需要严格筛选，并需要经过DMR技术转制无特殊限制分辨率(数字版)双机2K双机2K票价(UME)140元(华星)90元(双井)版权许可费用7万美元左右/年不详独立知识产权有部分有，部分暂无认知度全球知名较低售后服务有固定团队，可远程登录解决问题需由不同产品供应商分别解决附二：IMAX声明IMAX公司在过去四十余年一直致力于为全世界的消费者提供高端的观影体验。此间，虽然我们在多个市场都面临竞争，但是我们的突破性技术、遍布全球的网络和全球品牌认知令我们脱颖而出，至今依然领先众竞争对手。IMAX公司与消费者、电影公司及导演都保持着非同凡响的良好关系，他们被IMAX品牌所传达出的品质与创新精神吸引，在近百个世纪一直追随IMAX电影和IMAX影院至世界各处。IMAX公司是市场的先锋及领导者，为消费者提供身临其境的观影体验，也吸引了若干跟随者效仿我们的品牌。我们欢迎良性竞争，并鼓励消费者亲身体验IMAX带来的优越观影感受。专题策划 陈弋弋专题撰文 王玉年新浪娱乐讯 8月8日，3D电影《蓝精灵》首映礼在京举行，与《蓝精灵》一起走入观众视野的，还有一种名为DMAX的巨幕放映技术，这也是“中国巨幕”的概念首次正式面向公众和媒体公开。DMAX的推出马上在微博上引起强烈反响，有网友认为DMAX“眼镜轻，画面亮，色彩好，不闪不跳，只是票价略贵”。但也有网友直言DMAX与IMAX相比，就是中国特色的山寨货。比起“洋巨幕”，号称放映亮度高于IMAX近20%，而成本远低于IMAX放映系统的“中国巨幕”究竟质素几何，新浪娱乐独家专访了中国首家DMAX影城经理、DMAX研发牵头人以及美国IMAX公司，以及电影技术行业专家，共同探讨“中国巨幕”，到底是反垄断的国货精品还是赚快钱的山寨高仿。《蓝精灵》：DMAX中国巨幕初亮相经过《阿凡达》《变形金刚3》等几部电影的推波助澜，IMAX公司在中国得到了迅速的发展，目前已经有37块左右的银幕落户科普类影院和商业影院。虽然所有人都知道IMAX是好东西，但高额的成本使得一些中小规模影院对于引进IMAX望而却步。最早引进IMAX的北京UME影城经理刘晖介绍，整个IMAX放映系统的成本高达千万。8月8日，3D电影《蓝精灵》在北京UME影城双井店举行了首映活动。到场的媒体发现，放映《蓝精灵》的影厅门前写着大大的“DMAX”字样，与大众熟悉的IMAX洋巨幕仅差一个字母？DMAX是什么？翻阅手中的资料后，当天的观众发现DMAX有着许多吸引人的优势：银幕亮度高于IMAX近20%，这就意味着观众一直诟病的3D电影过暗的问题得到了解决？具备11.1声道音箱，这意味着现场的声音效果将更加震撼？整套放映系统成本只有IMAX的1/10，这意味着高票价将有下调空间？不仅如此，DMAX还有另一个响亮的名字——“中国巨幕”。带着诸多的好奇，当天的观众看完了整场电影。观影结束之后，新浪娱乐对一些观众进行了抽样调查，媒体人Y先生表示，DMAX的亮度确实比IMAX好，不过画面的质感还是稍逊于IMAX，不够细腻。但由于《蓝精灵》没有IMAX版本，因此无从横向比较。网友落拓枣认为，DMAX静态画面尚可，但是画面移动起来的时候，图像拖影厉害，让人觉得头晕，至于亮度问题，落拓枣觉得可能还是与影院灯泡功率是否开足有关。白先生觉得，DMAX的亮度没有像介绍所说超越IMAX银幕20%，只是差不多而已。网友小猫王则表示，DMAX的眼镜非常轻，画面十分细腻，甚至连蓝爸爸的胡子都看得很清楚，但是画面动起来时，有一些细节会变得模糊。对于这个名为“中国巨幕”的DMAX成本仅有IMAX的10%这一点，绝大多数人都觉得不可思议。北京UME影城经理刘晖介绍，DMAX影厅最大的成本主要来自放映机和银幕，这两项产品的花费在100万人民币左右。而同样来自UME影院管理公司旗下的UME华星影城，IMAX影厅的成本就超过了1000万。在北京UME影城，同样时间段的场次，普通3D电影票价80元，DMAX电影票价在90元左右，而IMAX的票价则高达140元。也就是说，DMAX比IMAX便宜40块钱，仅仅比普通3D贵10块钱。中国巨幕：初生即遭质疑为“另一个高铁”一切听起来都是那么完美。但当这个价廉物美的“中国巨幕”诞生的消息在新浪微博上开始传播后，质疑的声音立刻响起。有网友称：“任何地方都查不到这项成果的技术信息，这肯定是骗子伎俩。”“只炫耀亮度和大小，没有配套的，受行业承认的流程，没有独特的片源，就生产出一个灯泡，山寨货的特点全具备了。”“全是国外设备的拼接，没有一个是本国的，还号称自己世界领先，多像另一个高铁。”要搞清楚DMAX是什么，首先要知道我们平时观看的IMAX是什么。IMAX即Image Maximum的缩写，意为“最大影像”。是一种能够放映比传统胶片更大和更高解像度的电影放映系统。整套系统包括以IMAX规格摄制的影片拷贝、放映机、音响系统、银幕等。而DMAX则是“中国巨幕”的一种，D，指digital(数字的)，介绍中称，DMAX是一中国自主研发设计的巨幕放映系统，整合了多家公司提供的放映设备。和IMAX比起来，DMAX强调了国产品牌，造价经济，放映亮度高，片源不受限制等优点。这也引发了IMAX和DMAX之间关于专利权、产品优劣程度的诸多争议。到底DMAX是是想赚快钱的山寨货，还是反外国公司技术垄断的国货精品，多方一时众说纷纭？DMAX来势汹汹，自称“高质低价”，无疑将矛头对准了IMAX。承担DMAX系统主要研发工作的中国电影科研所所长，也是研发“中国巨幕”的核心人物杨雪培，在与新浪娱乐对话时，对DMAX这个名字并不以为然，他反复强调DMAX只是北京UME影城的商业做法，并不希望炒作DMAX的概念，“我们的目的不是和IMAX竞争，DMAX这名字只是符号，我不主张非要起‘××MAX’这种名字。我们强调的是中国自主知识产权的数字放映系统，将来别的影院巨幕系统也许还有其他的叫法。”杨雪培介绍一系列国外影院的巨幕系统，证明IMAX早已不是一支独秀，这其中就包括美国帝王(Regal)院线推出的RPX系统，AMC院线的ETX系统，喜满客(Cinemark)的XD系统，澳洲Villige院线的VMAX系统，这些都是IMAX之外的巨幕——号称拥有和IMAX相似的放映效果，却又都是各国自主的产品。杨雪培的一番解释，引出了“中国巨幕”的概念，对于网友普遍关注的问题，他也正面做出了回答。争议一：为什么没有公开技术信息？杨雪培认为，IMAX从拍摄、制作到放映，一直是胶片时代电影的神话。但进入数字放映时代之后，IMAX不再是一支独秀，“很多IT行业都发展起来了，为我们拓展数字化放映提供了非常好的基础。”杨雪培表示，电影没有数字化的时候，其他行业的数字化都发展迅速，这给电影放映数字化提供了很好的帮助，也使得IMAX的高端技术不再那么高不可攀，“电影不是一个研发基础课题，而是应用技术，能够把人家好的技术应用起来就好。”有网友认为中国巨幕虽然看上去比IMAX亮，但是能否达到宣传语所说的“比IMAX亮度高20%”，还是令人比较怀疑。DMAX的研发机构之一，中国电影科研所所长杨雪培介绍，IMAX的数字放映机技术来自科视，测出来的亮度是是30000流明，DMAX采用了巴可32B放映机双机放映，号称可以达到45000流明，也是吉尼斯世界纪录上记载的亮度最高的放映机，经过科研所测算，实际放映可以达到36000流明。所以可以肯定地说，DMAX的亮度超过了IMAX的20%。与这些验证观看效果的普通观众比起来，也有一些资深影迷关注到了DMAX的技术专利问题，网友magasa直言，“任何地方都查不到这项成果的技术信息，这肯定是骗子伎俩。”而到目前为止，全国也只有UME影城双井店大规模地对DMAX进行了宣传，这也不得不让人对“中国巨幕”的可信度产生疑问。如果DMAX真的从成本到观看效果都优于IMAX，那为何中国电影科研所从未对外公开宣布过相关讯息？为何没有申请专利？“中国巨幕”何时正式走向市场，与观众见面？为何到现在为止依旧没有足够的信息可以查询？杨雪培解释，“中国巨幕”目前已经进入了课题论证阶段，也正因为此，所以没有大张旗鼓地在网络上进行推广。“技术标准、影院建筑标准等都应该有基本的规范。”杨雪培说，“银幕亮度应该达到多少，银幕高宽比、坡度、扬声器有多少个声道……科研所正在规范放映系统的技术指标，预计在2012年正式公布。”杨雪培还强调，“中国巨幕”一定会申请专利，但专利获得批准尚需时日。对于DMAX的“低调进攻”，IMAX公司也打破沉默，在接受新浪娱乐的采访后，发来官方声明强调，“IMAX公司是市场的先锋及领导者，为消费者提供身临其境的观影体验，也吸引了若干跟随者效仿我们的品牌。我们欢迎良性竞争，并鼓励消费者亲身体验IMAX带来的优越观影感受。”而对于DMAX是否涉及侵权，IMAX公司目前没有给出答复。争议二：“中国巨幕”会降低巨幕电影放映门槛吗？IMAX作为目前最受欢迎的电影放映，对影片有极高要求。所有在IMAX放映的普通电影，都要经过一套DMR(数字原底翻版)技术的修复，IMAX公司通过数字化提高普通影片的影像和音响质量，使之适合在IMAX影院放映。经过这种技术处理后，影片的影像质量就能够达到观众期望的IMAX体验。每一年，在IMAX影厅放映的电影不过20多部，这也使得IMAX电影显得格外稀有。而“中国巨幕”号称不受片源限制，这也让许多业内人士产生怀疑，“中国巨幕DMAX”放映门槛相对较低，难免会有不适宜在巨幕上放映的电影滥竽充数。网友magasa称，“把这玩意和IMAX相提并论肯定是混淆视听，IMAX是从拍摄到后期制作到洗印到放映的一整套流程和独特技术，这个DMAX顶多是一套大功率放映设备。”相比IMAX，中国巨幕则对于放映的电影不加过多限制。普通电影画面，如果没有经过特殊的技术转换，在巨幕放映后一定会使得画面受到损失吗？这就成为了很多网友关心的话题。中国电影科研所所长杨雪培认为，这样的担心有些多余，他援引《现代电影技术》杂志2011年6月号一篇名为《IMAX的神话与数字电影时代的巨幕放映》的文章表述了自己的观点，文章称，“数字电影在全球的快速发展，2K放映系统特别是数字拷贝成本的不断降低，银幕亮度的不断提升，已使得画面完美地投射到了25米的银幕上……”文章还认为，结果横向比较《唐山大地震》和《怪物史莱克3D》两部电影在不同放映系统下的表现后发现，画面的亮度和清晰度几乎没有差别，这说明采用普通数字电影2K放映机进行巨幕放映是可以实现的，在关键技术上不存在明显的障碍。这就意味着，任何在主流影院放映的数字拷贝，都可以在“中国巨幕”上放映，这就意味着“中国巨幕”不会像IMAX一样受到片源的限制。但杨雪培也认为，能够在巨幕放映的最好还是通常意义上的“商业大片”，相对节奏较慢的文艺片并不适合在巨幕放映，“《蓝精灵》开头那一段坐着鸟飞的情节，在巨幕观看就有一种失重的感觉，像是坐太空舱一样，如果没有那么大的银幕，就没有那么明显的感觉，巨幕让电影更具备了临场感。”争议三：“中国巨幕”为何如此便宜？尽管宣传资料上称DMAX系统成本仅需IMAX的10%，但参与DMAX研发的中国电影科研所所长杨雪培还是强调，只能说“中国巨幕”成本要大幅低于IMAX，究竟便宜多少还要视情况而定。俗话说一分钱一分货，那成本动辄超过千万，票价动辄过百元的IMAX是否真有过人之处呢？杨雪培表示，IMAX拥有多项专利技术，在某种意义上还是处于垄断状态，影院要拿出相当一部分的票房收入和IMAX公司分账。此外，IMAX公司每年都要向影院收取版权许可费用，这笔费用在7万美元到10万美元不等。杨雪培甚至还认为，“IMAX影厅建设费用超过1000万人民币，个人认为有一半是IMAX品牌的价值。很多美国人都不理解，为什么你们中国有那么多IMAX影厅，我们都买不起。如果各类费用没有那么高，IMAX票价也不至于高那么多。”尽管DMAX系统在各个环节还是使用进口品牌，但最近几年，许多具备独立知识产权的放映系统配件逐渐走到了市场。杨雪培表示，国产的大功率数字疝灯灯泡，凭借物美价廉的优势，已经远销海外，“他们卖12000元，我们卖6000元，以前影院用的都是欧司朗、飞利浦这样的进口货，现在越来越多的影院开始使用国产灯泡了。”此外，国产20多米高的金属幕也已经在安徽马鞍山开始生产了，美国的公司曾专程去考察，并且准备开始从中国订货。此外，维持双机放映图像重合的图像处理器，中国也具备了自主的知识产权。这些应用都将会在“中国巨幕”中出现。部分核心产品的国产化，也是“中国巨幕”降低成本的原因。这些设备不再依赖进口，拥有独立的知识产权，也不会被外商漫天要价，一定程度上争取了主动。虽然中国放映设备的国产化逐步提高，但杨雪培承认，巨幕系统中两个非常关键的环节：放映机和服务器，还必须依赖于进口。而放映3D电影的灵魂组件——3D设备，目前绝大多数也要买老外的。DMAX刚刚面世，同IMAX比起来放弃一定程度的品牌价值，用低廉的价格来吸引影城加盟，是再好不过的办法。而将许多放映设备做叠加的方法，也颇似电脑城里的兼容机，也就是俗称的组装电脑，虽然配置不逊于品牌机，但价格显然会便宜许多。正如杨雪培所指出的，“中国巨幕价格要视情况而定”，这就与兼容机可以根据顾客要求，自由选择机能不一的电脑配件有异曲同工的感觉。争议四：DMAX到底是不是兼容机？标准的IMAX银幕尺寸在22×12.5米以上，而UME双井影城的DMAX银幕尺寸为20×12米，比标准IMAX略小。北京UME影城经理刘晖介绍，UME华星店的IMAX影厅有387个座位，而UME双井店的DMAX影厅则有360个座位，不过两个影厅面积到底分别有多大，刘晖也没有详细的数据。再来对比一下IMAX与DMAX的“配置”。长期研究影院放映技术的行业专家赵松(化名)介绍，虽然其他公司会帮助IMAX制作定制产品。比如数字芯片是与德州仪器的DLP(数字光处理)设备进行的合作，数字放映机是科视授权的，但IMAX的核心技术都是自己的，是一整套完备的放映系统，每一个环节都打上了IMAX的标签。而DMAX的设备则来自多个供应商，放映机来自比利时的巴可，银幕来自英国的哈克尼斯银幕，音响则是巴可公司的11.1声道音箱，3D设备是韩国的Masterimage。赵松总结认为，IMAX就好像是个人电脑中的品牌机，DMAX更像是个人电脑中的兼容机。这个比方非常生动，也衍生初更新的问题——巨幕系统的售后服务如何解决？IMAX公司的工作人员介绍，IMAX的放映设备如果出现程序问题，会有专人进行远程数字登录解决问题。如果是胶片和硬件设备出现问题，公司会派专人前往影院解决问题。除此之外，IMAX公司还会对客户购买的设备进行半年一次的定期检查，第一年不收费，以后需要收费。刚刚开始推广的DMAX目前尚未开始面对维修问题。但显然，在这一点上，它远远不及IMAX的一条龙服务。所有来自世界各地的产品，都需要由相应环节的供应商来做维护。放映机坏了，就要找放映机的供应商，3D系统坏了，就要找提供3D系统的公司。中国电影科研所所长杨雪培希望，“中国巨幕”将来也要有专业的维护团队，实现像IMAX那样实时在线维护，并且将各个行业技术融合到一起，“反正不能让IMAX垄断这个市场。”结语：中国巨幕来势汹汹，获得了媒体和行业内的广泛关注。但到底它与IMAX相比效果如何，由于《蓝精灵》没有IMAX版，因此还无法做直观的比较，但中国巨幕迟早要与IMAX正面交锋。在这场战役中想要获胜，光靠赚快钱的思路是肯定不能成功的。中国巨幕要想占领市场，除了要争取知识产权自主外，还有学习国外公司优秀的管理技术，专业的经营理念，以及数十年如一日的专业精神，这样才能将中国巨幕经营为“百年老店”，而非像“EVD”(一种数字光盘格式)等“中国概念”一样，成为昙花一现的商业噱头。中国电影科研所所长杨雪培认为，随着4K数字技术的不断完善，未来的数字放映将会以4K技术作为高品质的标杆，中国只要有200块4K银幕，就可以满足观众基本的观影需求。,2,9,0.9745571613311768
袁莉镂空礼服亮相红毯 名导纷纷赞好看(图)在前晚的华表奖颁奖典礼上，以《永不瞑目》中“欧阳兰兰”一角成名的袁莉(微博)，以一袭镂空礼服hold(微博)住全场，不仅让同台的章子怡(微博)成了浮云，更是在网络上引爆话题。昨天凌晨，袁莉更新微博表示：“不是我太胆大，是有些人太胆小！没什么好后悔的，试衣服时灯光太暗，但我要感谢这阴差阳错借我的勇气，也许这件衣服不是最适合我的，但能hold住这件衣服的也不多！so what！(意为‘那又如何’‘那又怎样’)”一袭透视装引发口水仗网友观点分化，鲜花与板砖齐飞支持的网友表示，“啥也不说了，中国女星中有几个能hold住这件衫的”、“其实也没啥，我们凭什么对gaga宽容却对同胞批评？”“喜欢袁莉这样的性感，大胆直爽，现在的人活得太虚伪，支持你！你很美！”“与瘦到病态、整出来的明星相比，喜欢这种自然健康丰腴的状态。”接受不了的网友则认为，凡事还是应该有个度，“这件衣服，卧室穿挺好，但一个中年妇女，硬要到大庭广众之下穿，就像裸奔世界杯一样，除了成为新闻，就是成为新闻。”网上最绝的留言是，“肖童要是看到小月成这样，永不瞑目要变成死不瞑目了。”“咦，这不是以前的芙蓉姐姐(微博)吗？哦，不是的不是的，芙蓉姐姐眼里是有霸气的。”搞笑的是正版芙蓉姐姐真的还评论了：“华表奖伤不起啊……建议以后所有的颁奖晚会由主办方统一审查礼服……”阴差阳错穿透视装，袁莉坦然说“那又如何”前晚的颁奖典礼红毯星光熠熠，但是，当袁莉以一袭黑色蕾丝斜肩礼服出现时，还是迅速成为焦点，镂空的设计，几乎让她的黑色T-back一览无遗！照片上传到微博和论坛上以后，立刻有网友惊呼：“太挑战常人观点了，和穿情趣内衣没什么分别！”“你hold住了全场！”当晚18：04分，袁莉发了一条微博：“哦，妈妈咪呀，试衣服的地方灯光没那么亮，这强光！天哪！”14分钟后，她发了一张与尔东升导演交谈的照片，照片中袁莉双手抱在胸前，文字是：“赶紧补救，忘了相机是强光！”18：50分，她又发了一条微博：“算了，已然这样，就当是天气热，凉快！”昨天凌晨2：28分，袁莉又发了一条微博，“不是我太胆大，是有些人太胆小！没什么好后悔的，试衣服时灯光太暗，但我要感谢这阴差阳错借我的勇气，也许这件衣服不是最适合我的，但能hold住这件衣服的也不多！so，what！”到昨天下午，这条微博被转发近3万次，评论近2万条。透视装吸睛效果惊人，名导纷纷鼓掌袁莉的这身装扮，让同样以黑色镂空设计礼服出席这场颁奖礼的章子怡顿时成了浮云。如果她的目的是吸引眼球，效果确实达到了。有网友留言表示，“衣不惊人誓不休。再过若干年，你不会记得谁得过什么奖，但会记住，那一年，袁莉穿得很空前。”著名导演何平(微博)发微博表示：“一个人，穿了一件衣服，走在一条特别的路上，只因为好看，凉爽。不需要评委青睐，也不必接受各级审查与恩准，超过今晚所有独占头条。【鼓掌】”欧阳奋强(微博)也发微博支持：“国外的每次红地毯，都有影星打扮抢眼，然后就说：你看人家国外的颁奖礼多好、多开放，那才是真正的走红地毯。袁莉一身蕾丝半透视打扮，看见有些人讽刺挖苦，这个我就不理解了：袁莉为什么不能这样打扮？她的打扮至少我看来是可以接受的。不要用双重标准对待她。”设计师喊都好看都好看这身礼服究竟是时尚还是“肉搏出位”？礼服的设计师叶明子(叶剑英孙女)昨天也现身微博表示：“本来我的设计是有衬裙的只有@Real袁莉 姐姐你能穿出怎么大胆的Version! Your too sexy for my eyes! Too sexy for my eyes!”她还在微博上贴了一张自己身着同一款礼服、但是下半身有内衬的照片，“不同的人穿出不同的感觉，我觉得都好看。” 文/记者 何娅,2,6,0.8490189909934998
贺军翔：能拍王家卫的戏 我也就不枉此生(图)撰文、编辑/丁杰静  摄影/王同  服装提供/Club Monaco前几天，贺军翔(微博)出席某时尚品牌发布会后的粉丝互动被迫取消，因为商场有点恼火，“哪里跑来这么多粉丝？上回人家XX(某一线女星)来也没这样，发生踩踏怎么办？”贺军翔的经纪人更来气，“你知不知道粉丝生气的后果会很严重！”倒是当事人还在淡定地发微博，“发张照片，安抚一下……”看来，这位出演过《爱情合约》《恶魔在身边》《斗牛，要不要》《呼叫大明星》等台湾热门偶像剧的英俊小生，人气正随着新剧《爱上查美乐》而大幅攀升，甚至都不逊色于他在刚拍完的电影《女孩坏坏》里演的“万人迷”。“台湾偶像剧为什么更好看？导演会顺应演员再创作。”贺军翔刚跟Ella(微博)合作拍完的电影 《女孩坏坏》，还是他一贯的青春偶像路线，“我在戏里是个明星。小时候失去爸爸，跟着当经纪人的叔叔长大，从童星出道，好像很有前途的样子，但我不知道自己喜欢什么，直到有一天遇到Ella演的平凡人中的女霸王，从她身上看到很多真实的东西，然后相爱……好啦，我讲太多了！”记者(以下简称记)：这两年在台湾和大陆拍偶像剧，有没有觉得后者比较山寨？台湾偶像剧为什么更好看？贺军翔(以下简称贺)：其实我觉得还是要看导演的功力，有想法的导演会拍得比较有质感，很时尚。在台湾拍偶像剧，导演可能会迎合当下你和女主角的默契，现场会讲一些可以创新潮流的台词，去培养默契，戏里面的斗嘴都很生活化，大陆的偶像剧可能大多照着剧本在走，比较死板，我觉得可能差别会在这里。记：拍了那么多偶像剧，有没有自己最喜欢的作品？贺：这一次《爱上查美乐》我还蛮喜欢的，自己在演技上有成长。我每次拍一部戏都说这个戏是我碰到过的最多哭戏，结果碰到《爱上查美乐》就真的是“哭戏至尊”。也很怀念刚出道拍的第一部戏，因为那个时候的我，我现在再没有办法演出来，那个青涩阶段想起来还是很美好的，虽然经常NG吧，哈哈。“能拍王家卫的戏，我也就不枉此生。”2003年的某一天，贺军翔成了“从路边被抓去演戏的人”，因为完全没有上戏经验，他初次拍戏NG到“自己想挖个洞跳进去”，不过仅仅在《七年级生》和《求婚事务所》跑了龙套之后，就迎来自己当男主角的电视剧《爱情合约》，用导演许肇任的话说，“初期偶尔用力过猛，但很用心”，再以后，他入了“偶像剧教母”柴智屏(微博)的法眼，一路担纲 《恶魔在身边》  《换换爱》《呼叫大明星》的主角，柴姐点评，“生涩磨掉了，越来越像个成熟演员”。记：没学过演戏，上阵是不是常被骂？怎么那么快就能从“跑龙套的”变成男一号？贺：导演没有骂我，因为他们都知道我不是科班出身，刚上戏的时候，一看到镜头就忘记要讲的话，后来找遍朋友和弟妹，来帮我对戏，久而久之我都可以把别人的台词记住了。也听前辈的指导，他们会告诉我说演戏不要太用力，其实电视剧会把人的表情放大，重要的是你的眼神，这是我拍电视剧这几年学到的东西。记：有没有想过在偶像剧之外，尝试别的类型？贺：我其实喜欢比较男人的片子，也想演一些比较黑色、比较边缘的电影，像莱昂纳多，从偶像派到实力派，他有不少边缘电影的修炼，我觉得这样一条路很好，也很有挑战。导演这块儿我很喜欢王家卫，他的电影很有看头，要是有机会可以拍到他的戏，我会觉得不枉此生。记：等你老了，会希望大家怎么评价你？贺：希望有一部《教父》那样的作品，能让大家记住一辈子，或者像周星驰，成为喜剧天王，哈哈，这大概是个幻想。记：想尝试喜剧？贺：拍戏拍太久会发现，自己会活在戏里那个时空，以前当主持人那种搞笑的天分会慢慢不见。还挺怀念的。如果有好的本子，也不排斥去试探一下自己的搞笑天分啊。,2,6,0.7899449467658997
孔子动画亮相纽约广场 携现代山东老乡作揖问好据新华社今晨消息，中国历史上广为人知的先贤孔子的行教画像10月1日以全新的“作揖行礼”的动画形式亮相“世界的十字路口”美国纽约时报广场，将中国人自信大方的谦谦君子之风传递给世界。   ●形象短片孔子携现代人作揖  传达“仁”与“和”这个长度为30秒的短片用富有感染力的水墨画描绘孔子形象，以孔子标准的“作揖行礼”动作贯穿整个短片。片中孔子两手相交，手心向上放在胸前，身子向前略倾，表现出谦恭礼让。短片于10月1日在位于时报广场2号楼、由新华社租赁的238平方米户外液晶显示屏上播出。每年有近一亿人有机会一睹孔子及其故乡的风采。片中选择了不同年龄、不同性别的山东人，以孔庙大成殿、泰山、黄河及青岛海滨等场景为背景行作揖礼，片尾处则是孔子带领这些现代山东“老乡”全家福似的一揖。动画版的孔子形象创意来自唐代吴道子的《先师孔子行教图》。孔子作揖，传达的是中国传统文化中“仁”与“和”的精神，而现代人的作揖则是对这两种精神的传承。近年来，随着儒家文化的复兴，世界对孔子思想的认同感日渐加深。截至今年5月，全世界已有100多个国家和地区建立了300多所孔子学院和400多个孔子课堂。●市民反应“真想亲自去孔子老家看看”纽约市民勒迈尔在时报广场上看到孔子的画面，觉得非常新奇，他说没想到自己在课本里学到过的几千年前的中国圣人会出现在时报广场大屏幕上。“这说明古老的东方文化在今天依然具有影响力，而且是可以跨越国界、互相借鉴的。真想亲自去孔子的老家山东看一看。”他笑着告诉记者。●专家解读象征中国国力上升美国佩斯大学孔子学院副院长周燕玉表示，9月28日是孔子诞辰2562周年，10月1日是中华人民共和国成立62周年。孔子形象在这个时间段亮相时报广场特别有意义，不仅向世界展示了中国的古老文化，也象征着中国国力的日益上升。“儒家思想所倡导的仁者爱人、天下一家的思想在当今全球经济不景气、地区冲突不断的背景下显得格外重要。”她说。整理/记者 程磊,2,5,0.791425347328186
乔布斯去世引娱乐圈震动 与娱乐业渊源深美国苹果公司5日宣布，该公司前首席执行官史蒂夫·乔布斯已去世。享年56岁。消息一出，竟在微博上引发了从明星到草根的全民刷屏运动，这大概就像微博网友崔斯坦说的那样：“作为一个‘科技见仇’，我知道乔布斯是因为动画。在没见过真人照片之前，他在我心目中一直都是伊娃的样子，而其他人则像瓦力那样痴迷着他。”乔帮主与娱乐业的渊源到底有多深，要从皮克斯动画工作室说起。    1986年，前身是卢卡斯电影公司旗下工业光魔公司的电脑动画部的皮克斯动画工作室(Pixar A nim ation Studios)，被卢卡斯包装成电脑硬件公司出售。当时刚因苹果公司政变，被扫地出门的乔布斯以500万美元的价格买下了它。在乔布斯的经营下，1987年，皮克斯的第一部短片《台灯父子》(LuxoJr)获得奥斯卡最佳动画短片提名；1989年，动画短片《锡兵》(Tin Toy)赢得了奥斯卡最佳动画短片奖；1995年，皮克斯与迪士尼合作的第一部动画长片，也是影史上第一部完全由电脑制作完成的动画长片《玩具总动员》上映，成为了当年的北美票房冠军！《玩具总动员》的成功，让乔布斯拥有了10亿美金的身家，也让濒临倒闭的苹果公司的高层，看到了乔布斯的能力，1996年12月，乔布斯以胜利者的姿态，重返苹果公司。2006年，迪士尼以74亿美元天价买下皮克斯。乔布斯从此成为手握迪士尼7%股份的第一个人大股东。自1986年起，皮克斯动画王国出产了11部动画长片和19部动画短片，不仅给全球影迷带来无数欢乐与感动，更实现了动画电影票房、技术上的完美飞越，毫无疑问，当中乔布斯本人与苹果公司都对皮克斯作品产生了不可低估的影响。娱乐圈大佬们这样说著名导演乔治·卢卡斯：史蒂夫的魔力是当其他人安于现状的时候，他却能看到所接触的所有事物真正的潜能，并在追求梦想的道路上永不妥协。迪士尼首席执行官鲍勃·伊戈尔：乔布斯的遗产不仅局限于开发的产品或创立的事业，他激发了成千上亿人的灵感，改变了人们的生活，重新定义了文化。史蒂夫在彻底创新和想象力方面是那么的“独创”，他定义了一个时代……他的过世使世界失去了一位罕见的创新者，迪士尼大家庭失去了一位成员，我失去了一位伟大的朋友。皮克斯首席创意官约翰·拉塞特与主席艾德·卡姆尔：乔布斯是皮克斯大家庭的指路明灯，他早于我们所有人看到皮克斯的潜质……他给了我们机会并相信我们制作电脑动画片的梦想……他将永远是皮克斯DNA的一部分。时代华纳CEO杰夫·比克斯：世界因为史蒂夫而美好，通过他创造的产品，我们公司述说的故事更丰富。他是一个活泼且无惧的竞争者、合作者、朋友。在我的一生中，社会充满不可思议的技术创新，史蒂夫是一个标志，他的遗产将被追忆千年。,2,9,0.37987369298934937
郑裕玲与周润发早年激情床戏曝光(组图)回首郑裕玲的爱情故事，其实在多年来，香港媒体报道得最多的并不是甘国亮跟吕方，而是周润发。周润发和郑裕玲一直被视为“无线”最受欢迎的情侣档。当年，很多观众都希望郑裕玲与周润发能发展成为真正的情侣。,2,3,0.6869031190872192
1500套《梅兰芳》服装件件都是戏(组图)推开第二道门，白衣如雪的梅兰芳正在画眉更衣。他有些心不在焉，因为他心里有一个女子———那个女子简单地留着短发，旗袍没有装饰。她是孟小冬。他们相遇相爱，然后别离。造型师陈同勋觉得只有白色能代表梅兰芳的气度，而得不到爱情的孟小冬旗袍的颜色都偏冷色调。“我要一个‘老’字了得。”这是陈凯歌对《梅兰芳》造型的指示。很简单，却也很难办。造型师陈同勋曾经跟陈凯歌合作过《无极》，他发现这是两个完全不同的活，“《无极》可以天马行空，但《梅兰芳》却要在最小的余地里做出最好的东西”。最后，他帮《梅兰芳》做了1500套衣服，连群众演员的衣服都是手工做的，全剧组光试装就试了半年。【角色造型】●梅兰芳 技巧：拉长“余少群和黎明的身材都比梅大师本人高大，但戏服穿着就好像度身定做，这事太神了，我至今想不通。”熟悉孟小冬的人毕竟不多，但梅兰芳家喻户晓，因此黎明的造型师是最难做的。好在黎明本身成名的时间很长，骨子里已经是个明星，这让他跟梅兰芳在骨髓里有极其相似的地方。我要做的，只是让他显得更内敛，更文静。他的衣服在裁剪方面都非常合身，而且要拉长，让他显得更修长，以加强旦角那种文弱的感觉。梅兰芳的衣服总共做了40套，黎明穿得最多。除了体现梅兰芳的风采，我还要做到一点———让他跟孟小冬在一起的时候有那种天衣无缝的和谐感。长衫最小的梅兰芳是于小彤扮演的，他也是新版《红楼梦》里少年贾宝玉的扮演者。他演的梅兰芳才13岁，处在清末，因此留着小辫子。这个孩子基本不用化妆，就是体现他的单纯，晶莹剔透。一笑，就透着一股无邪。这个阶段，他是穿长衫的。在余少群和黎明的阶段，他们的衣服就有了变化。同样穿长衫，早期下面打的是绑腿，穿的是布鞋，到后期就改为长衫内套着西裤，穿皮鞋。西装 梅兰芳的中年时期，他开始大量地穿西装。我找了一个老师傅，让他完全按当时的西装重现，这人原来在英国当过裁缝，做出来的西装很有绅士味道。梅兰芳在纽约大街演出的时候，有两套衣服——一件灰色偏暖调的西装，还有燕尾服。演出后，他有长达九次的谢幕——先是穿花旦戏装，后来换上燕尾服，最后换上中式长袍。每换一次，都是惊艳。戏服戏里，梅兰芳在舞台上唱戏的镜头，穿的都是梅大师本人当年的行头，总共有9套。有些行头，连梅葆玖都没上过身。有一套他唱《黛玉葬花》的，是梅兰芳早年穿过的，见过这件衣服的人如今都不在了。这衣服没有洗过，气息还在。有件事情很有意思。余少群和黎明的身材都比梅大师要高，尤其是黎明，肩膀很宽。但是，梅大师的戏服，余少群穿着特合身，就像专门给他定做的。黎明穿着，同样没觉得衣服小。这事太神了，我至今想不通。,2,6,0.9290958046913147
苗圃打进《刺陵》 时装大片展小女人一面(组图)来源：《时装》杂志 合作方供稿印象中，苗圃一直是电视热播大戏里的宠儿。从《五月槐花香》、《范府大院》开始，她参演的戏几乎没有收视率不高的。而她受观众欢迎的程度也非同一般，《走西口》热播时，她饰演的豆花甚至让男观众喊出：“娶妻定要娶苗圃”的口号。2008年~2009年对苗圃而言是事业更上一层楼的2年：《走西口》大红；进军电影圈，挑战了《樱桃》中的“智障母亲”，《证人》中的“植物人”，《高兴》中的“破烂女”等超级考验演技的角色；2009年刚刚过半，已拍摄了《刺陵》、《一不留神》、《雷锋》、《牛村规则》、《民国往事》等作品。如此成绩，让人刮目相看。然而，在接受采访时，这位在我们眼中勤奋、勇于接受挑战的女星，却出人意料地评价自己为“懒、想做就做、偶尔小女人的个性美女”。自称懒的苗圃其实很忙，将她现在的生活形容为“不是在工作，就是在去工作的路上”并不为过。抓住她采访的时候，正是她《刺陵》杀青，赶往《牛村规则》剧组的路上，因此所有的话题就从刚刚杀青的《刺陵》开始。《刺陵》是苗圃与周杰伦、林志玲共同主演的科幻寻宝电影，由于电影涉及沙漠寻宝、盗墓等情节，所以剧组在宁夏沙漠拍了很长时间戏。在沙漠拍戏条件非常艰苦，沙暴不断，耳朵里进沙子、脸被天然磨砂膏(沙子)磨掉皮，说台词时吃一嘴沙子都是家常便饭。对女明星来说风沙自然是好皮肤的天敌，为此九头身美女林志玲特意打包了两大包护肤品进剧组“抗沙”。而问苗圃是否也有做护肤功课，她的回答随意中带点洒脱：“林志玲送了我一些护肤品，不过那种环境里，用什么都很难护肤吧。”据说，苗圃在《刺陵》中演的是一个武功高强的沙漠女首领，看她对护肤的态度，确实透出了点不爱红妆爱武装的意思。《刺陵》的动作导演是程小东，有了这个名字做标签，《刺陵》自然不可能缺少打斗镜头，而苗圃作为《刺陵》里的高手，需要十八般武艺样样精通。原本，因为苗圃没有功夫底子，程小东为她准备了替身演员，但很快程小东就发现苗圃能完成不少高难动作，于是，亲身开打就成了苗圃在《刺陵》里面对的最大挑战。对于苗圃飞檐走壁的“功夫”，程小东毫不避讳地赞美，称她已可以当新一代的武打女星。苗圃却很客气，说自己只是完成了让自己感到很过瘾的挑战，而之所以不怕拍打戏，是因为出身戏曲世家，打戏看多了。谈及工作，苗圃不愿过多地评价自己，提到程小东如何敬业，周杰伦如何严格要求自己却能滔滔不绝。我问她，你不知道在别人眼中，你也是个严于律己，拼命三郎式的人么？她一改之前的豪爽，仔细想想，才道：“每个人都是多维体，大家看到的可能只是我性格中最大的一面，其实，生活中的我跟工作中也有不同。”接下来，我听到了她关于懒、想做就做、小女人、非美女的自我评价，在苗圃坦率、快乐的叙述中，一个我们并不那么熟悉，但却很生活，很可爱的苗圃缓缓走到面前……开飞机，是件让苗圃平添几分神秘和魅力的事情。几年前，当她宣布自己要学开飞机时，很多人还质疑她在炒作。如今，她已能拿着学员驾驶证在各个国家的飞行俱乐部驾驶飞机遨游苍穹，并充分享受飞行的快乐。问她为什么想学开飞机，她干脆的回答：“因为喜欢。”事实上，这份喜欢让苗圃吃了不少苦头，因为要进入飞行学校，需要经过非常严格的体检，而好不容易通过体检的苗圃在学习的第一年里，根本没有碰过飞机，她每天只能抱着两摞厚厚的书籍猛啃，学习认识仪表功能和飞机的理论知识。“我第一次看到那两摞书就晕了，当时就问教官能退学费么？因为那都是理工科的东西，我觉得自己一辈子都弄不懂，记不住。”可是，苗圃终究没有放弃，因为她说自己进飞行学校的第一天就觉得自己是个飞行员了，尽管那时，她是飞行学校里唯一一个私人学习飞行的学员。如今，苗圃说，驾驶飞机飞翔在天空中是她最大的享受，而飞行也教会了她很多东西，让她发现自己还有很多潜力，“在飞行的时候，你不能出任何错误，要做好100%的准备，而且要一个人处理所有的突发状况，这需要你有一个非常缜密的思维，这让我得到了锻炼，考虑事情变得更加成熟。这可以说是我学飞行的意外收获。”这就是苗圃，一个无论做什么都能让自己享受生活的女人。她看起来很复杂，因为她集勤奋、执着、慵懒、随性、梦幻、现实、假小子、小女人等矛盾的特质于一身。她看起来又很单纯，因为她所做的一切都只是在恣意享受自己的幸福生活，“不喜欢的事情，绝对不会做”就是她的人生哲学。,2,6,0.995155930519104
组图：Angelababy《全球热恋》演“最烂主角” 浪漫喜剧《全球热恋》由陈果监制，是导演陈国辉(微博)和夏永康(微博)继票房大热《全城热恋热辣辣》后的一个延续。星光熠熠的演员阵容包括旧班底的刘若英(微博)、杨颖(Angelababy)、井柏然(微博)，以及新加入的徐帆、郭富城(微博)、 陈奕迅(微博)和桂纶镁(微博)等。《全球热恋》故事讲述一位母亲和她三个成年女儿各自的爱情挣扎。每个女人本身都有一个成就，除了爱情……直至她们在北京、悉尼，以至月球上遇上一段新恋情。华丽、梦幻的《全球热恋》中 ，Mary 妈(徐帆)与三个女儿分别遇上不该遇上的难题对象──爱神最会捉弄人，不管你是航天员(刘若英)、洁癖女(桂纶镁)、偶像明星(Angelababy)，书生、司机还是清洁工人，一样会被它拿来开玩笑。由此可见童话式浪漫喜剧《全球热恋》是一趟赏心悦目、愉快曼妙的情感旅程。此片定于9月8日在香港隆重上映。今次Angelababy饰演女明星黄牡丹，不过她的演技实在太差劲，经常婵联最烂女主角称号，牡丹为此感到十分气愤，决定大变身易容戴假发及眼镜，跑到一家咖啡店应征做待应，目的是透过体验生活增进演技，一洗最烂女主角乌名。电影美术指导Sean Kunjambu为配合Angelababy的明星身份，为她设计多个华丽鲜明的造型，分别是三十年代和八十年代的场景和造型。Angelababy今次在电影中有一场很重要的哭泣戏份，她坦言压力增加了不少：“《全城热恋热辣辣》演的清纯角色，而我又完全不知道电影是怎么样，拍哭的戏份时培养不了情绪，感情有但没有眼泪。但今次在《全球热恋》演不好就会被人唾骂的感觉，于是我找了一个让自己哭的点，听音乐的时候把歌中的情感投放在自己身上，加上喝一点点酒，会较容易投入。”对于再次与导演陈国辉和夏永康合作拍导《全球热恋》，Angelababy形容彼此就像一个大家庭：“Wing很像妈妈，Tony很像爸爸，服装指导Sean是光头就很像一家三口。Wing头发很长，非常细心，这次要求更高，担心是不是我做的不够好，每次都是这个不错，又想加一个进去。当然Wing在美术上会很擅长，Tony就是情绪情绪情绪，要求很高。我看回放的时候，会觉得怎么会这么漂亮？！”,2,6,0.5763822793960571
皮克斯的《玩具总动员》 一切从车库开始(图)谁都知道，1995年第一部电脑动画长片《玩具总动员》问世并引起观影热潮，之后皮克斯的每一步都走得异常稳健，最终戴上了世界动画的王冠。但是我们下面要说的是《玩具总动员》之前的皮克斯，记住，那时皮克斯只是个名不见经传的小公司，它像皮球一样从一个大佬脚下踢到另一个大佬脚下。虽然天才的约翰·拉斯特建立了一个又一个电脑动画的里程碑，但皮克斯在很长时间里的收入来源是卖电脑和软件。下面，我们就要讲讲这个熟悉的名字背后陌生的故事。从伯克利的车库开始皮克斯一直以极其高超的技术力压群雄，而这个公司正是靠先进的技术起步的。说起皮克斯的早斯史，不能不提到一个人，伯克利大学的迪克·肖普（DickShoup）是计算机影像的先锋之一，他在1973年就在自己的车库工作室里拍摄了历史上第一部数字短片。一个偶然的机会，他遇到了继纳什之后最卓越的博弈论数学家雷伊·史密斯（Ray Smith），史密斯同时又是一个业余艺术家，他对电脑生成影像非常感兴趣。后来史密斯又找到了纽约大学物理学博士艾德·卡特穆尔（EdCatmull），后者十几岁的时候就制作过自己的电脑动画。这三个天才组成的小组开发了最初的电脑动画程序，卡特穆尔发明的电脑二维动画制作程序最终成了皮克斯的“CAPS”系统的基础。肖普最终只是以“基石”的身份被人记住，而史密斯和卡特穆尔则加入了卢卡斯的“工业光魔”公司的电脑部。给乔治·卢卡斯打工卢卡斯的电脑部1979年成立，史密斯和卡特穆尔的电脑图像工作室占卢卡斯影业电脑部的三分之一。1984年，刚刚离开派拉蒙公司，接管惨淡经营的迪斯尼公司的迈克尔·埃斯纳看中了电脑图像工作室。于是他投资完善了卡特穆尔的系统，取名叫“电脑动画制作系统”（CAPS）。这个工作室发明的另一个著名软件是渲染器“渲染者”（RenderMan），它成为其后二十余年间所有电脑动画的基础。同在1984年，天才约翰·拉塞特为世界上第一部大量运用电脑特效的影片《电子世界争霸战》（Tron）制作了近30分钟的电脑动画，随后加入了电脑图像工作室。拉塞特很快就投入到一部为他的儿子制作的动画短片《蜜蜂惊魂》（WallyandAndre B）的制作中。在这部短片中，人脸开始能做简单的表情，而蜜蜂有复杂的运动轨迹。而它的最成功之处是它有了完整的背景，每一片树叶，第一片草都在一个随机程序的驱动下自由摇摆，省去了以往动画师需要投入的大量工作。“皮克斯”呱呱坠地这时候，另一个重要人物出现了。被踢走之后官复原职的苹果电脑CEO斯蒂芬·乔布斯，在看到卢卡斯的电脑图像工作室的工作之后，他决定买下这个部门。乔布斯和卡特穆尔会谈后，把这个工作室正式命名为“皮克斯”。于是，1986年皮克斯正式诞生，到今年正好20周年。对于“皮克斯”的收购案，卢卡斯“漫天要价”1亿美元，而乔布斯硬砍到500万美元就成交了，他还另外向工作室注入了500万美元，事后证明这个交易太值了。在1986年，皮克斯的未来非常渺茫，但拉塞特的又一部短片《台灯父子》证明了这个工作室前途无量。他之所以选择台灯有两个理由：第一，他的小团队每个人桌子上都有一个这种便宜的台灯，它们也比较容易做成动画；第二，它可以证明电脑动画的威力，不用复杂的人物表情（当时电脑动画还不擅长于此），只用简单的图形和动作就可以传神地表达复杂的感情。《台灯父子》取得了伟大的成功，它不但让计算机科学家们印象深刻，而且也让电影业界眼前一亮。后来，短片的主角台灯儿子成了皮克斯的象征形象。虽然已经开始了迈向动画片领域的伟大征程，但皮克斯工作室的主业却还在贩卖自己开发的电脑软硬件，他们的员工不得不向Sun和SGI公司的朋友讨要二手电脑以维持公司的运作。搭上迪斯尼的大船1989年，拉塞特的第三部动画短片《小锡兵》终于赢得了一尊奥斯卡最佳动画短片奖。同年，迪斯尼公司用CAPS搞出的《小美人鱼》等影片大卖，虽然皮克斯公司并不能从中得到好处，但是它让迪斯尼公司注意到了皮克斯这个小兵。1991年，迪斯尼公司动画部的负责人卡曾伯格作出了一个令所有人震惊的决定，他和皮克斯签订了制作三部全电脑动画长片的合同，这是一个非常超前的决定，因为当时还没有太多人相信电脑制作的动画长片能成功。卡特穆尔和罗密斯曾经预言第一部电脑动画长片将于上世纪90年代中期产生，这时皮克斯离这个期限只有4年的时间了。在激烈的谈判之后，卡曾伯格终于同意增大皮克斯的分成，皮克斯可以拿到10%到15%的分成，拥有为片子开发的软件的所有权。迪斯尼公司拥有影片的版权，这意味着它有权不通过皮克斯公司独立开发电影的续集，它还拥有音像制品的全部利润。无疑，这个条件对皮克斯是非常苟刻的，但有什么办法呢？为了前途，忍了吧！“玩具”在风雨中飘摇两家合作的第一个项目是关于玩具的故事，定名为《玩具总动员》。对于这部影片的制作成本，卡曾伯格表示，他不会给皮克斯超过1500万美元，合作再次限入了僵局。就在这个坎儿上，卡曾伯格自己离开了迪斯尼公司，和斯皮尔伯格、大卫·格芬共同创建了梦工场。而乔布斯在开会时对史密斯大吼了一通之后，史密斯离开了皮克斯，开了自己的公司。好消息是，最终迪斯尼公司同意把制作费用提高到2600万美元。《玩具总动员》进展得非常缓慢，编导拉塞特做了30分钟的预览片，把它拿去给迪斯尼的执行官们观看，他们震惊了，批评者即使对这个故事抱怀疑态度，也对它的技术心悦诚服。迪斯尼通过了这个剧本，制作从1993年1月19日正式开始。《玩具总动员》的制作极富挑战性。主角伍迪牛仔有723个控制点，仅他嘴上的控制点就有68个。每一帧画面都要117台Sun和SGI电脑用几个小时的时间才能渲染完成。这部影片的幕后阵容非常强大，找来了汤姆·汉克斯和蒂姆·艾伦配音，兰迪·纽曼写歌和演唱。在制作开始10个月之后，11月19日，皮克斯突然迎来了一场无妄之灾。迪斯尼公司命令他们停止制作，并且威胁取消和拉斯特签订的三部影片的合约。原因是他们认为和巴兹光年这个人物比起来，伍迪这个人物太刻薄和卑鄙，这一天成了皮克斯的黑色星期五。1994年春天，拉塞特重新写了剧本，把伍迪描写成一个具有同情心的、父亲一般的玩具领袖。一日成名天下知最终的影片装满了1000张CD，有11万帧独立渲染的影像，每一帧影像都要花数小时渲染。而给人印象深刻的是，皮克斯只有27名动画师，其中包括那些制作广告项目的动画师，而传统的动画片需要至少75名动画师。在纽约的一次迪斯尼公司的晚会上，乔布斯亲眼目睹了皮克斯的惊人作品引发的巨大反响。几周后，乔布斯从卡特穆尔手里接过了皮克斯工作室经理的职务，卡特穆尔从来对“经理”这两个字不感兴趣，从此乔布斯成了皮克斯的掌权人。迪斯尼花了1亿美元用于宣传《玩具总动员》，巴兹光年的剪影出现在每一家“汉堡王”（Burger King）的店里，预告片占据了全美国的电视和影院。这回是皮克斯工作室的人开始担心迪斯尼在这里面投了太多钱，担心这些钱打水漂。但他们的担心是多余的。《玩具总动员》的首周票房达到了3910万美元，已经可以和制作费相抵，最终这部电影在北美拿到了2亿美元，对于动画片来说是了不起的数字。“皮克斯”成了一个家喻户晓的名字，这部电影证明电脑动画电影不但是可能的，而且是有利可图的。在影片上映一周之后，皮克斯公开发售公司股票，开始每股价格22美元，交易第一天就飙升至50美元，一下就使乔布斯成了亿万富翁。之后的事情就是大家耳熟能详的了。本报记者 刘铮 张文伯,2,3,0.4492313861846924
《指环王前传》启动 霍比特人为《指环王》揭秘由于彼得·杰克逊的《指环王》获得了空前成功，因此要求拍摄《指环王前传：霍比特人》的请求也越来越强烈。据称，已经有数万名影迷向电影公司递上了一份请愿书。对此，制片公司———米高梅于当地时间11日作出了正式回应，正式声称该片已经正式启动。影片公司目前已经和大导演彼得·杰克逊有了初步接触。 数万影迷请愿要求拍摄 由于《指环王》系列已经在影迷中造成了极大的影响力，因此该片拍摄前传的请求也愈发强烈。由于此前彼得·杰克逊曾经亲口承认该片将会拍前传。因此等了足足三年的影迷们已经失去耐心了。日前一个自发组织的影迷团体，向影片的制作公司新线和米高梅公司递交了一份请愿书。这也反映了影迷们希望影片开拍的迫切愿望。 据称，到目前为止，这份请愿书上竟然已经集合了39116个签名。一位影迷表示：“三年前彼得就已经答应要拍摄《霍比特人》，但是这个诺言到现在还没有兑现。我们已经等急了！” 对如此强烈的请愿书，米高梅公司马上给予了答复。该公司的发言人蒂奥·杜蒙表示：“彼得·杰克逊在《指环王》系列获得的成功，让他成为了执导《霍比特人》的第一人选。我们目前已经正式开始和他进行接触。” “我也非常开心的告诉你们（数万名递交请愿书的影迷），目前我们已经同彼得·杰克逊和他的经纪公司取得了联系。我们正在商谈该片的拍摄。” 据称，如果一切顺利，该片的剧本将会于年内开始撰写。 杰克逊：会拍出与《指环王》不同的感觉 凭借《指环王》手捧11座小金人的导演彼得·杰克逊其实早就表达了自己非常想拍《霍比特人》的想法：“我非常渴望回到theShire（霍比特人的乐土），而且我希望扮演甘道夫的伊安·麦凯伦也一起回来！” 此前在接受媒体采访的时候，彼得透露了一些自己的拍摄想法和计划。他表示：“尽管我拍完了《金刚》，但是拍《霍比特人》的想法一直都在我的脑海中，即使在拍摄《指环王》的同时，我也一直以来都在筹备拍摄这部前传。” 杰克逊表示，尽管《指环王》三部曲已经获得了极大的成功，而且都是他自己费尽心血完成的。但是他对于《霍比特人》有着特别的想法。他表示《霍比特人》一定要拍出同《指环王》不同的感觉来。“《指环王》是一次次战斗，而《霍比特人》则是历险和揭秘。它所要揭示的将会是在《指环王》中不为人知的那些秘密。” 《指环王前传：霍比特人》 根据小说原著，《霍比特人》讲述的是巴金斯（BilboBaggins）原本是个远离尘嚣的霍比特人，却无意间被扯入一场关于魔戒的漩涡中。巴金斯就是《指环王》中弗多的叔父，他其实并不是个英雄，顶多够个勉强的冒险家。正是他的这种凡人特质，才让欧美人对于《霍比特人》这个故事爱不释手。 施庆/文,2,8,0.5134166479110718
派拉蒙与梦工厂决定《变形金刚2》6月2日开机近日，多名目击者在洛杉矶及周边城市发现多辆《变形金刚》的车型，被标有“Slider”的拖车秘密运往某个地点，推测是续集拍摄地。令人不解的是，所有的金刚们完全曝光于公路之上，并没被遮掩上，制片方难道在借此宣传新片的拍摄吗？为了让《变形金刚2》赶在2009年6月29日顺利上映，派拉蒙、梦工厂与迈克尔·贝决定于今年6月2日正式开机。 moviesoon/文,2,8,0.7496066093444824
《变形金刚2》选择美国空军“埋骨场”为拍摄地Comingsoon的新消息称，《变形金刚2》又选定美国亚利桑那州的空军“埋骨场”(The Boneyard)作为一处拍摄地。美国空军“埋骨场”(The Boneyard)，全称为AMARC(航空维护与重建中心)，位于美国亚利桑那州南部城市图森(Tucson)，环绕于桑塔卡他里那山脉(Santa Catalina)之中，覆盖2600英亩面积，由美国空军物质指挥部掌管与整备其存放的各种航空设施。通常被俗称为“埋骨场”，是因为AMARC还承担着飞行器剩余零件的回收与使用过期机身最后处理的工作，另外从高空俯瞰这片辽阔庞大的航空设施储备场，极像尸骨遍野的战场，由此得名。目前AMARC储存了大约4200架航天飞机与许多其他种类的军用装备，它不单可以价值有效地节减税收，还可以在短时间内调度大量存放中的飞机-对停放在这里的战机采取防腐蚀与预先保存的措施，使其能在储存期间保持稳定的状态。另外，来自《空军时报》的消息，标题为“想在下一部《变形金刚》里上镜吗？”美国空军正在招募飞行员充当明年《变形金刚2》的临时演员，制片方想尽可能多地使用服役人员，并组成两队人马，分别定于今年6月2-4日、7月22-25日与7月16-17日、23日、8月22日、9月15-16日到洛杉矶参加拍摄，志愿者们必须熟悉武器与地面战斗操作，拍摄期间住宿饮食乘车费用由制片方报销。,2,8,0.9138244986534119
低调而神秘的富豪低调而神秘的富豪一位辽阳媒体人对记者说：“刘忠田为人低调，而且不涉黑，不像袁宝?。”对于外界，忠旺集团非常神秘。在忠旺集团总部院里，有一座据称比厦门远华案中著名的“红楼”还豪华的小楼，专门招待来参观视察的领导。而占地18万平方米的忠旺集团内部，就像是一个微缩社会，吃穿住行都不用出门，外来者则须经过重重关卡，才能进入。辽宁的媒体和中央媒体驻辽宁记者站的记者，几乎都没有采访刘忠田的机会，许多记者都遭遇过被拒之门外的尴尬。忠旺集团一位员工告诉记者：“近期不用到集团来采访了，现在一切外来车辆和外来人员都不让进大门。” 刘忠田的低调，使人们对其产生了两种截然相反的印象，一种是认为他人很好，很随和；另一种则认为他很“牛”，而且是牛得不得了的那种。辽宁省某厅的一位官员就说，有一次，厅里组织本地媒体和外地媒体记者去采访，到了忠旺集团的大门口，保安连门都不让进，打了个电话，就说老板不在，无法接待。但没多久，这位官员就看到刘忠田的轿车驶出大门，扬长而去。对辽阳本地的官员，他也常常不买账。2007年时，辽阳一位官员带着一个急需贷款的企业主，到忠旺集团去请求帮忙担保，虽然来者以近乎哀求的口气保证说“对忠旺集团的担保会付出较高的利息”，但刘忠田未予理睬。但一位辽阳媒体人士以敬佩的口气说，刘忠田这人非常随和，也非常好心。他举例说，忠旺集团起家于徐家村，刘忠田这么多年一直对乡亲们非常好，给村民发米、面、油，对贫困户都是给上万元的现金。记者询问几位忠旺集团的员工对企业的印象，都说感觉像是在国企上班一样，一线员工每月工资2000元左右，在当地算是中上等，福利待遇较好，只要有大一点的节日，都会发二三百元，有时还会发油、面等。刘忠田很少出外应酬，大部分时间都是在集团内的各企业、车间里面走动，看到有问题立即指出来。“非常严厉，毫不留情面，但只是就事论事。”一位曾被训斥过的员工说。年轻的高管团队港隆实业董事长刘岩比刘忠旺大两岁，两人的人生轨迹相差极大，但最后却殊途同归，成为搭档。刘岩1985年毕业于北京联合大学，毕业后曾在北京一家低压器厂任技术员。在刘忠旺创办化工厂的时候，刘岩则在澳大利亚和新西兰留学，之后到香港创业。在港隆接手威力旺之后，2004年这家合资公司又变更为辽宁忠旺集团有限公司，刘忠田任董事长，刘岩则任副董事长。不过，据上市招股书，刘岩作为港方出资人和副董事长，并未进入董事局。一位忠旺集团的工作人员说，忠旺集团的负责人，就是刘忠田和刘忠锁兄弟，另一位执行董事勾喜辉负责管理日常业务，而“二把手”执行董事路长青，则专门负责上市事宜。勾喜辉与路长青都有专业背景，勾喜辉今年42岁，曾任长春市起重机厂工程师，后来到辽宁工作，从事铝型材模具设计，并进入忠旺集团任副总经理。刘忠田一向不抛头露面，即使是在路演和招股的过程中，也是由执行董事兼副总裁路长青代言，与投资者及媒体打交道。只有30多岁的路长青，是忠旺集团在2007年底从汇源果汁挖来专门筹划上市的高管，曾在投资银行工作，2003年加盟汇源，出任投资管理部总经理，后任董事会董事，在2007年2月帮助汇源果汁在香港上市。进入忠旺集团之后，路长青有了再度发挥专长的舞台，在金融危机之中，帮助忠旺集团改善了公司治理结构，引进风险投资，并成功地推动忠旺集团在香港上市。刘氏兄弟对企业的管理，几乎都是自学来的。其弟刘忠锁今年38岁，大专学历，曾担任过辽化纤维厂的供销科长，后进入忠旺集团，从辽阳福田化工有限公司经理一直做到集团总经理。一位到忠旺集团工作已经数年的员工说，平时刘氏兄弟很少在辽阳，大都到国内外的企业去考察、学习，一有好的经验、新的管理方法，就拿回到企业来试验。而集团办主任郑青山则更为年轻，仅有30岁，2001年在辽阳技术学院中文系毕业后就进入忠旺集团，主要负责企业文化建设、对外交流和党团工作，兼任集团党委副书记、纪检委副书记。(本报记者 高斌 发自辽阳),3,1,0.8413469791412354
"依诺维绅杨建伟：感慨10年发展与未来规划杨总：各位老朋友，还有很多我们认识很久的朋友，还有来自媒体的朋友大家下午好，谢谢大家这么炎热的天来到北京，来到我们公司，我感到非常高兴，今天也是一个非常特别的日子，大家早上听说有日全食，不知道有多少人看到了，我刚刚在电视上看到的。 另外,今天对于我们公司，是庆祝中国成立十周年和大家一起进行一个新系列产品的开幕会的日子，去年代表设计师讲了一下，今年派我来了，希望大家捧场。今天我跟大家聊一下我们08年产品销售总结，我会分两个产品系列，第一是我们大家所说的去年的产品，第二个是09年新的产品的系列，这两个系列进行交流之后，我会跟大家聊一下我们下一个五年，依诺维绅中国发展计划。08年大家都知道，依诺维绅的产品，说实在话我们现在的产品会觉得很杂，08年我们有一些成功的地方，也有失败的地方，我们推出了一些传统的产品。08年我们补充的是棉垫的产品系列，在中国目前还是比较时髦的，我们的产品能够明显递增的就是ISTYLE系列，还有去年超强超厚的产品，目前得到市场的认可，并且开始销售。下面我们怎么去走，这是我们09年，包括现在09年中间，2010年马上就来了，另外金融危机，全球都有一定的影响，大家的心态都有一定的变化，美国市场刚从这个月开始走向稳定，我也希望美国的市场可以回暖，毕竟说我们中国的经济和美国的经济捆绑在一起的。回顾一下我们依诺维绅的发展历史，在座的很多人对我们十年发展历程都非常的了解，我们把我们的产品如果按照功能，我们依诺维绅是强调做功能，我们总结为四代产品，大家都知道，这个LOGO，我估计有十年的经销商，这就是十年前在中国我们做市场推广时候做的LOGO-THE NATUAL CHOICE，最早的是棉垫系列，1999年的年初进入中国销售，大家看到这款产品应该非常熟悉，这款产品是1978年设计的，到现在还是非常畅销的产品，进行工艺非常的简单。图为LOGO-THE NATUAL CHOICE    第二个产品大家知道欧姆沙发，这两款产品到现在到处都是，原创都来自于依诺维绅，后来到迷你沙发，如果把这个总结的话，这是我们第一代功能产品，当时卖的就是简单的沙发床，只不过产品质量和设计上有所突破而已。    生在中国必须适应中国的国情，我们以前一直用的是依诺维绅的英国的商标，但是在国际市场上必须适合国情。这是大家了解的产品，我们的设计师在餐巾纸上画了这个产品，这就诞生了纸沙发，这是全球工艺的创新，包括斯莱沙发，还有舒派沙发，这三个功能是第二代产品典型的代表，但是舒适性上明显提高。    第三代产品我们是基本往更高端走的，第三代产品增加了功能，开始进入了客厅产品，大家知道我们05年在798拍了一些产品目录，刚开始的时候市场是不错的，但是今天回头总结的话，我们发现当时的产品背离我们公司的强项，所以我们今天最终选择放弃了这个产品。    针对客厅研发的就是欧斯沙发，卡斯这样的，基本是初期的功能沙发，可以进入客厅的演变，还有我们今年初的科博，还有斯利带有扶手的沙发，这是我们第三代带有功能的产品。    第四代产品是功能客厅和休闲客厅，因为做了多少年依诺维绅的沙发，我们说消费者买依诺维绅的产品，下面是客厅和卧室。而我们第四代产品争做第一选择，还有我们出了第四代功能产品，这个是休闲斯浪，进身非常大。图为功能客厅和休闲客厅    还有超舒适的比特，比特的销售在明显的上升，而且舒适度非常高，他的销售面积目前很高，还有我们说的朗格等等，这些沙发由于价格比较贵，在消费者接触的初期是比较难的，但是我们从市场的收入和反馈，目前第四代功能性的产品，已经开始得到市场的认可，因为你掏一二三的价格，买的产品是一样的，这是我们依诺维绅的目标，这个目标需要慢慢的实现。    还有浪合这款产品，我们做的是品牌的设计，这个产品在丹麦的家居品种里面功能上是超前的。还有新动感系列，这是2001年的产品改型的。    第四代新功能产品出来大家发现，像这款艾维特，功能的展示和方式和以前都是不一样的，像艾维特，莫泰，这些沙发都是标准的沙发，也展示出了沙发床，并且舒适性非常高。这款产品有90和1.4米的，90厘米的不占用书房的空间。    09年到2010年的BOHEMIAN系列，也是我们目前销售的主题，我们也想把沙发床这个系列做大做强，第二个做的是延伸我们的产品强项，这个需要很长的时间奋斗，也需要市场的认可。    另外我们今年在这个系列产品当中做了比较大的改变，增加了不同的产品选择，不同的价位，这类型的也比较多，增加了我们产品系列的竞争能力，第二个是去年大家知道我们的客厅销售最多的面料是花纹面料，今年我们在花纹面料上做了很大的工作，我们大家看到我们的报纸上有设计师写的话，我们感觉非常的吃惊，所以我们今年开发的面料比较多，根据我们功能客厅开发的做了很多的小产品推介，还有细化我们的消费要求。    关于 BOHEMIAN新面料，我们开发了丝绸、亚麻，还有纯毛料，还有真皮，以前做过很成功下面我们会做真毛料和真皮，陆续的产品开发有一个前提，每年都受限的，我们的新产品会陆续的推出，像以前受制于一年开发期限。这些面料都是设计师通过中国的文化灵感做的，我不知道大家对这款面料认识不认识，这个看到我们评估中国最传统的纹路，而且有新增的花纹。这款面料同样是餐厅里面很简单的，比较传统的中文的纹路，但是现在目前我不知道市场的反映如何，但是都是通过中国人的喜好和消费者的喜好研发制作的。新的不同的产品，大家看到的是功能客厅开发的，包括单人的沙发，还有比特单人沙发，舒适性都非常好。还有浪合单人沙发，这部分都是消费者有不同的需求，需要单人的产品。今年的茶几做了相当一部分，我们今年开发的茶几前后开发了四十款左右，但是最终选出来的实在太少了，做产品研发真的非常非常累，这款产品只是一个小茶几，大概50厘米，玻璃面也有几种选择，这是一个双层的，这是80的茶几，这是一个96的，基本上1米直径的双层的茶几。    BOHEMIAN今年的市场推广，我们引用一句话，在市场推广方面，有时候我们说不愿意做和别人一样的事情，所以我们今年会有一些创新，但是不知道市场会不会接受，今年我们选择报纸印刷，我们也是第一个做目录，因为根据你产品研发的需求，市场变化的超速发展，随时跟进，所以报纸是非常好的推广的工具，今天我们做报纸，是一个创新，也是想尝试一下市场有没有不可能的事情。店面推广基本是白色的概念，去年开始推广，很多消费者都可以接受。广告方面，1999年“时尚家居”第一期制作的时候，我们就和他们合作了，各种平面的媒体我们都尝试过了，所以我们与时尚的合作一起保留着，但是广告方面，我们采取的更多的是网络，包括百度的词汇搜索，谷歌，新浪、等广告的宣传，这些广告可以找到我们最终的消费者。还有我们联合当地的经销商进行当地的广告合作，我们想刺激消费者在网上下载我们的目录，去年下载差不多1万本，我们我们不知道能有多少本到我们的消费者手中，第二个印这个目录达到什么样的目的，我们今天更希望消费者在我们的网站上下载这个目录，去年超过1万本，如果今年超过2万本，对于我们厂家成本是比较节省的，但是需要推广我们的网络。这个产品从白色界面推出目前是两年的时间，我们今年的重点也是依诺维绅全球的重点，就是这个产品系列，我们目前在全世界推广的，包括欧洲、美国也好，都是核心产品，去年的营业额我们希望每年有20-30%的递增，我们的受众年龄是25岁到45岁之间，另外产品随着市场的需求，我们会一点一点的研发，你要一下子推出很多产品让市场接受不了的时候，你会很失败的，所以我们会慢慢的完善这些产品，我们会丰富产品系列，特别是消费者要求方面。如果我对大家说一下我们产品的总结，我们1999年推出这块，大家看到这边，在我们的用户也好，我们的产品目录也好，我们只是满足部分消费者，我们只关注消费者，我们从来不提我们的竞争对手，因为竞争对手永远是跟着你屁股走的，你们要想作出你的东西，你只能往前走，因为消费者是你们的目标，这是我们BOHEMIAN LIVING系列在市场上一直生存的原因，我们也希望作为经销商，你们今天在市场上有很多的竞争，你们更大的是应该看消费者是哪些，那是你们的财富来源，而不是你们的竞争对手，你们的竞争对手打折销售也好，对你们没有好处，我们作为厂家也是这个目标，这是我们BOHEMIAN LNVING产品系列的总结。明天我们会对这个产品有详细的解释，我希望在座的各位在现有的基础上会发挥这个产品，因为这个产品的潜力对我们非常大，我们投入这么多，我们也希望把这个产品系列做的更好。    下面给大家介绍一个新的产品系列，就是依诺维绅今年做的第一个产品系列，包括我们下面还要推出另外一个产品系列，这是陆陆续续正在完成的，大家看到这个标，这是刚刚推出REBEL，翻译成中文就是“叛逆”，在座的小孩子的都知道，你说一句他顶你三句，所以我们这款产品从追求和消费都是非常不一样的，所以说REBEL这款产品基本是位年轻人设计的，它有一句话“走自己的路”这是我们REBEL产品系列的中心思想。THE NATURAL CHOICE  自然选择   1985-2001ONE ROOM LIVING     我的空间   2001-2007INNOVATION REBEL    叛逆生活   2008-2012                                 这个产品系列是从三个不同的阶段发展到今天，最早从85年到2001年的时候，那个是第一代，第二代是01年到07年的时候，今年和下面四五年，我现在写了一个叛逆生活的目标，这个是我们下下面四五年的作题，这些年我们每年的瞄准目标都是不一样的，从自然的选择，到每一个系列都是年轻三到五岁，我们大家可以看看以前的产品，这是1995年的产品封面，那个时候还是追求25岁左右的年轻人。还有97、98、99年的，这是我们当时在中国推广的第一本目录。2001年的时候开始推的感觉是更年轻了，当时所说的主题就是我的生活我的空间。还有04、05年，当时这个系列，基本到05年，这个是中国销售的最后一本在丹麦制作的目录。99年到2005年我们在中国的销售基本和丹麦是一样的，全球都是一样的，但是04、05年我们当时感觉非常深的就是我们瞄准的消费者，他的购买能力和我们产品的消费者中间相差非常大，产品的价格和我们我们瞄准的消费者完全不一样，所以我们05年开始停止采用和丹麦一样的目录，后来干了几件事情，都市生活这个系列是非常不成功的系列，后来我们又推出了一个系列，尝试不同的路，选找依诺维绅在中国的落脚点。这是都市生活当时做的，产品基本不成功，销售两年之后基本就消失了，所以价格有一定的吸引力，最终还是被市场淘汰了。我们把REBEL回归中国有几大原因，本身REBEL国际化积累的经验也好，国际的销售也好，都有非常的优势，因为我们FUTON系列销售全球第一的，另外我们看到国内的购买力明显的增加，八零后、九零后，他们的父母都花很多的钱给他们的子女购买很多的产品，把我们以前的REBEL从18岁到35岁改到现在的14岁到21岁，叛逆的年龄，我们的产品基本为这个而做的，另外我们重新定位产品价格，整个产品价格基本和当年的价格相差非常大，基本的产品定位是1200-1800元左右，但是整个产品结构和以前是完全不一样的。主要的是为了满足现在14岁到21岁之间这帮年轻小孩他们的个性需求，另外发挥我们最早推出的DIY，让年轻人选择自己喜欢的家具，目标很简单，就是说市场独一无二的家具，引领潮流。另外我们看看看消费者，这是我们在街头拍的照片，大家看看这些女孩子都有多大，我们在日本，沿路找一些女孩子说拍一些照片，拍完之后，你看最大的不超过17岁，最小的是12岁，她们穿的服装非常的新潮，大家去日本109看一下，那的年轻人非常的疯狂，穿着非常的张扬与野性。下面我讲讲REBEL系列特别的外套，有一点像服装的感觉，这个感觉是来自于每个时尚的灵感，我们也在街头拍的模特，他们的外套就形成了这种感觉，完全是一种面料的混合。这款产品，大家都知道骷髅头，这些女孩子的装饰都有很多的骷髅头，我们去的时候找到很多的灵感，然后做了沙发的外套，面料和五角星的组合，这些组合都有一定的背景，我们当时拍这些照片基本是马路上，酒吧里，迪厅里拿着相机就问别人让不让拍照片，回来都做了REBEL的系列，包括这些和平的标记，和平的爱，都有一定的原因的。这也是一款棕色的感觉，做的外套，这是我们当时做的纹身的，最早05年推出的，但是这组外套在欧洲销售非常的好，所以说这个外套我们重新拣起来，这款也是产品纹路的组合。还有一个是金属感的，我们推出的金属感觉的面料，这个是亮光系列，我们在整个REBEL里面也有，特殊的款式，我们推出的沙发加上特殊的外套，加上五角星的感觉做的。紫色是今年我们的流行色，还有尼龙的感觉，尼龙的面料在2000年初的时候比较时髦，现在又回归了，大家看到周边穿的服装，很多亮光的，所以说我们把它明显的组合在REBEL系列里面，还有灰色，灰色我们知道很多人都是这么想的，我们看到灰色的面积统计最终卖的最好的永远是很简单的灰色，所以我们今年的仿皮系列也好都是更多的用了灰色。REBEL的花色面料，大家会感觉一下有什么区别，基本都是比较年轻的，这个也是REBEL的花色面料，大家一会儿可以在展厅里面看的非常的明显的，包括这些面料都是。看完这个产品的感觉之后，我给大家总结下我们的REBEL的目标，我们瞄准的是12-21岁追求时尚的年轻人，我们要通过家居概念，不光有沙发床和小件的产品，我们会更多的留意服装和服饰，会尝试开始销售我们REBEL品牌的服装，体恤衫是最早的尝试。最后我们想最终的目的就是满足我们目标消费者他们的叛逆、野性的风格，这是整个REBEL的核心。REBEL的营销，其实大家很多人都知道，我们象卖服装一样卖REBEL，本身REBEL的店面不是很大，我们想采用多店面，小面积进行装饰，本身我们不想当做一件家具销售，我们不想和任何的家具杂志搭档，我们想在14岁到21岁之间他们喜欢的杂志当中推广REBEL，REBEL选择的是单独的品牌，单独的LOGO，唯一的最大的优势就是单位产值必须要高，另外按照我们的要求，在一类城市的开发5到8个店铺，二级城市是2到6个。REBEL的定位有几个核心化，这里面我也希望大家能够记住，我自己本身也是要求我自己，REBEL一定要走自己的路，坚持自己的独一无二的风格，创新家具时尚，争做行业先锋。这是我们REBEL回归之后将来的梦，也是我们一定能够实现的。以上是两个产品系列的介绍。我最后说几句话，我们依诺维绅下半年的目标，我们现在来中国十年的时间，1999年，2009年，我最早定的目标当时特别清楚，我们当时记得做的目标是五年实现盈利，欧洲人在中国投资是非常保守的，但是我当时说，五年必须实现五千万，最早我们在中国销售很可怜，900多万的销售额，但我们当时就收回了当年的投资，第一个目标我们达到了5000万，去年1亿多，第二个五年计划我们想把销售额翻一倍，我说我一定要完成当时进中国市场的25倍金额。我们的发展目标，如果作一个行业的发展，我们要做到最时尚，最个性的沙发品牌，永远坚持原创，这是我们依诺维绅的优势，走自己的路，迎合我们的消费者，将我们的竞争对手远远的抛在后面，依诺维绅在中国有不少的竞争对手，但是我们会永远走在他们的前头，我也希望在座的各位，因为拥有依诺维绅的品牌而感到骄傲。谢谢大家！下面不知道大家有什么问题，可以说一下，然后我们安排大家去展厅。    提问：14到21岁基本还没有购买力，你怎么想的？杨总：我们最早在丹麦的时候，我跟设计师说，小小的丹麦500万人口，每年的销售额都是5000万，都是父母给孩子买的，我们今天推出的依诺维绅系列，也是今天的中国的独特国情一定会为自己的孩子买家具，倒不是14岁到21岁的人自己掏钱买家具，但是作为父母一定可以。(展厅参观)",3,4,0.6003233194351196
做经营者先做消费者车水马龙的大街上，十字路口，红灯高悬，喇叭阵阵，开车上班的人们因堵车而心烦意乱。就在这时，一个小伙子挎着帆布包，手中拿着一沓宣传单，从路边闯入车流中，向一辆辆车的司机递去宣传单，说：“看看我们的房子吧！需要时给我打电话！” 这样的场景对于开车人来说，每天可能都会碰到好几次。不同的司机反应不尽相同，有的连忙关上车门、有的摆手表示愿接受、有的干脆冲着小伙子大声呵斥、有的甚至愤怒地将刚拿到的宣传单扔出车窗外……每当遇到这种时候，意风家具董事长温世权总是主动摇下车窗，微笑着接下宣传单，并很开心地向发传单者说一句：“谢谢！”很多人难以理解，那种自己根本不需要的宣传单为什么要接受？接受了人家的宣传单已经算很礼貌的了，为什么还要说“谢谢”？温世权解释说：“也许这个宣传单对我毫无用处，但我的接受和谢谢却给了他一份希望，他期待着那个电话真的会响起来。”希望对于人类来说多么重要，它代表着一个人事业成功的起点，传达着一个企业文化的内涵。就拿意风家具来说吧，员工开车在大街上遇到散发宣传单者之时，角色是消费者，有选择拒绝或接受的权利；站到展厅里销售家具的时候，角色就是经营者，将面对消费者的拒绝或接受。生意人只有尊重别人，才能获得别人的尊重。很多时候，经营者和消费者是相互转换的，只有学会做一个存有感恩之心的消费者，才能真正成为一个成功的企业经营者。,3,4,0.9684497117996216
储兰兰：回潮 回归 怀旧建立在变字基础上储兰兰：今天也非常高兴跟各界的精英在一起，其实大家更多的是做实业的，做实体，我做文化，我有时候想想我能给社会带来什么？就是你自己演，观众在那儿欣赏，但是你给他们的只是精神上的，或者是审美上的享受，那事实上带来不了真正解决问题的事情。但是我又想，我说精神，尤其是文化可能它就是一个导向，尤其我现在做的京剧这个行业，我跟很多陌生人接触的时候，从外表上看，说你是唱京剧的吗？我说是啊。他说你怎么唱京剧了？像这种年轻人跟文化不靠边的人为什么选择了这个行业。所以我每次解释半天。我觉得现在的说所谓今天这个主题关注城市，叫回潮，我刚才听各位老师说回潮也好，说怀旧也好，或者是回归，最后我觉得总结一个字，反正都是在变，都是变，就是事物是运动当中的，我们京剧很多人就是说，文化这个京剧，他说怎么京剧一直没变，没有改革？从样板戏以后好像大家就越来越不喜欢京剧了，觉得京剧离我们生活越来越遥远。但是事实上是在变的，只不过变的动作不一样，可能方向上有些偏差，作为我作新京剧的这个事，刚才我给专辑的时候我今天为什么带来这个专辑，说为什么叫新京剧？我可能一句话，两句话说不清楚，但是你听了就知道什么叫新京剧了。可以说京剧的是两个阶段，一个是梅兰芳时期，大家知道京剧到了鼎盛时期；还有一个时期，当然是在特殊历史背景时期下的，就是样板戏时期。我觉得现在是不是这个时期又到了？大家现在开始又关注这个，京剧开始复苏了。当我看到白先勇做青春版牡丹亭的时候，我觉得太唯美了，但是京剧还是在做大制作的东西。比如说我们每年进京有一个会演，全国各个地方，省市，哪怕市，或者是有的县都会有京剧团，有些就是有这些戏剧团体的地方，可能就是名存实亡，很多是占着事业编制，但是很多人不在单位，因为他没有戏唱，没有欣赏的团体，所以自然而然就不存在了。但是每年文化部会有一个在进京的叫精品工程奖，全省都要拿出一台戏，或者是为剧团，或者为演员争夺梅花也好，各个戏曲的大奖，但是每个剧团在我们发不下工资的时候，省里也会投入一二百万戏，然后进京演出，最后道具，服装也就烂掉了。它有没有在变？有在变。它的艺术形式可能是借鉴了多种艺术形式，比如声光电的应用，过去京剧就是大白光，很普通的光，它是以服装，以表演，我说大家都把所有的京剧，大家在欣赏京剧的时候就是演员的表演，就是把所有的精力都体现在演员上，就是服装上。但是服装是为演员服务的，现在是把这些点都分散了。其实国家大剧院这样的舞台根本不适合演京剧的，像今天的舞台还是适合演的，利于演员的表演。包括演唱上，比如说现在有一种现象叫，京剧叫话剧加唱。他说的是普通话，然后很多语言最后加上京剧的唱腔，后来还有一段时期因为电视传播力度比较大，做了一段戏曲电视剧，盛行了一段时间，大家也看过从黄梅戏开始，京剧也做了一些，比如古装戏，穿着，服饰打扮都是电视剧的形式，突然就唱起来了，就显得很怪异。当然我们事业团体做了很多对京剧这种导向，这种改革，这种选择也好，但是都没有定位。    当然梅先生那个时期，那个时候只能到戏园子看戏，是京剧盛行的时期，我们也是生不逢时，但是就是说他怎么去迎合这个市场的？我觉得观众是最有话语权的。当然现在这么多多元化的艺术形式，这种娱乐方式冲淡了这种传统文化的浓厚的观众氛围，但是我觉得京剧自身和我们从业者本身没有找准一个定位。比如说梅兰芳他四大名旦都有一个团队，就像咱们今天这个会所，我一来，我说又有传统的又有现代的，又有西方的又有东方的，整个是一个结合体。我说那你这个理念，或者从设计上得有一个很大的团队策划？应该是有的。梅兰芳那时候也有，包括梅兰芳电影上也体现了，叫梅党。程砚秋那个团队叫程党。他们每天晚上都会唱对台戏，今天梅兰芳演什么了，演嫦娥奔月了，明天程先生演所令郎，但是后天又会有新的作品出现了，两边都看着呢，就是在争取他的票房。梅先生唱一晚上可以挣下一个四合院，但是今天挣的是微不足道的。就是说把握市场对于我们京剧演员来说，从这种艺术创作来说有没有市场价值？    其实文化艺术形式也好，艺术作品也好，我觉得是应该是从市场研发开始，应该也有这么一个环节，我们恰恰没有。就是我们想一出可能我觉得还不错的东西，我们就做了，也不管这个市场需不需要。现在其实挺悲哀的，有一件事，就是什么呢？就是没有舞台去演戏。刚才王总说你什么时候演戏，我们去看一看，或者说我挺想看京剧的？我想了半天，我在哪儿演习你可以去看。我说我唱戏谁看呢？他说我看。那不能有一个观众，挺悲哀的，就是说演员需要舞台实践的，而你恰恰没有观众，没有市场。所以我说争取观众，像房地产也是，你没有业主了，你的楼卖给谁呀？说到住房环境的问题，因为我不能光说我的文化，我也得参与一下，因为我是大别山的，老家是安徽金寨的，从小就是山清水秀看多了，也感觉不到那个环境有多好，当我11岁到北京来上学，那时候沙尘暴特别厉害，95年，96年，毕业了以后上两年班，他们说到郊区玩一玩，找一个环境，有山有水的地，我说我就在那儿长大的，干吗去那儿，我说我就喜欢国贸，晚上繁华的景象，但是在前三年我开始慢慢转变了，我觉得这个城市应该远离城市，我应该到乡村去，还不如到老家去过一段时间。所以我觉得一个环境，一个氛围，包括我们演员演戏，唱戏也要一个环境和氛围。我现在最近可能第二张专辑要出来，我就在想，比如说做CD，CD就是你光给他听一个唱段，不说梅兰芳演这个会不会这样，现在老艺术家也唱这个，但是到你唱有什么区别？我觉得有的时候是需要回归的，回归什么呢？你给他制造这种音效的环境。比如说我们给他制造一种像在过去戏台子上有吆喝声，有叫好声，一个高腔耍过去，而且要叫的恰到好处。我说能不能制造这种环境和氛围，当然完全的回归是不可能的，因为我们现在在变，就是说梅兰芳先生那个时候的表演和唱腔拿到我们今天来看，其实有些东西是不美的，比如说咱们在审美的观念上产生了一定的改变，一说梅兰芳先生，我们从头到尾演贵妃醉酒，从头到尾他的眼神，他的程式都改过。但是我觉得根本的区别是什么呢？是美变了。比如说梅兰芳先生他会在过去欣赏理念上含胸，眼神和他的那种扮相上，其实看着我觉得并不是很美，那我们现在就得把胸部挺起来，这是女性美的一面，为什么不展现给大家呢？但是过去你就那么挺着觉得很难看，就是说审美在变化。反正我就觉得是变吧。,3,6,0.7392497062683105
元旦流行秒杀风  科宝博洛尼出奇制胜图为科宝博洛尼总裁蔡明,3,6,0.9858052134513855
元洲李泰岩：吴厚斌用“厚脸皮”举得成功李泰岩：写诗都是多年以前的事情了。跟吴厚斌这么多年都是挺好的朋友，出这个诗集，他在给我发第三个短信在说，我说你是不是想出本诗集，他当时没回答我，吴厚斌，我跟大家分享一下跟他的感觉。前面写几首诗，开始的时候我说我们这个圈子还有人干这个事呢。因为我身边还有一些朋友他们还在坚持。去年在宋庄，有一个诗人差点死了，吃不上饭，病在家里没人管，有一些人在坚持自己的人生理想，很痛苦地艰苦，吴厚斌衣食无忧，又做名记，我觉得真是一首一首给我发，我记得有一次回了他一首。我说你写的挑不出一句好的来。不是说诗不好，我是觉得他有点附庸风雅，脸皮厚就厚在真的坚持下来了。前几次他给我发短信，我说这家伙今天又写了一个，经常还重复地发，慢慢慢慢地我觉得越写越有感觉了，我觉得今天能出这本书，关键在于脸皮厚，脸皮厚在于对一件事情真的坚持下来。任何一个人执着地坚持，都会成功。今天我们家居圈的老朋友，大家每一个人，我们行业1997年到现在，谁不是凭着这份执著坚持下来的。所以在这里为了吴厚斌的厚脸皮鼓掌。再一个是吴厚斌在这个行业里，坚持这么多年，他在这个行业，我们做媒体的，大家走来走去变化很多，他是比较关注行业深刻的变化、深刻的发展，这么多年一直坚持，这是第三本书，我相信他的第四本书，也会慢慢做出来。若干年后我们回头看的时候，能看到吴厚斌在这各行业里慢慢积累、沉淀，记录这个行业的成长和发展。在这里祝贺吴厚斌诗集出版。希望他下一次写诗的时候，提高更大，能写出更多的东西，虽然生活不是诗，但是生活里很多诗意，如果把生活变成很多诗意在里面，在生活里会得到很多快乐。主持人：感谢李总的发言，把吴厚斌人如其名的道理给我们展现出来，现在给大家介绍几位刚刚到场的嘉宾。北京律师协邱宝昌接下来的环节是今天非常重要的一章，请今天的主角，《生活不是诗》的作者吴厚斌给大家介绍一下为什么出这本书，他在写诗集的感悟和故事。,3,2,0.45332133769989014
光棍节京长两地闹市惊现11富翁征婚今年光棍节北京长沙两地繁华闹市街头同时惊现十一名身着名贵的礼服的男富翁集体征婚，在活动现场，十一光棍富翁们用举牌的形式倾诉着自己对单身现状的不满和浪漫的渴望、以及他们自己的条件。他们每人各举一个字连成标语，在完成四次标语后迅速消失于人群。11日下午三时，北京王府井和长沙黄兴路步行街口同时出现以上一幕，活动一开始，统一的穿着名贵礼服的十一名富翁们一亮相便赚足了路人的眼球，短短几分钟的时间便吸引了数百名路人驻足围观。随着活动的进行围观群众都不由自主的跟着征婚者的举牌一字一句高声读出牌上的字，“哥们要的不是寂寞是浪漫”“浪漫光棍节让寂寞滚蛋吧”，当读到这些标语之时，围观群众越来越多，交流、拍照、向征婚者打招呼等行为也开始出现，人群的热烈反响将活动气氛推到了顶峰。而现场观众的热情和征婚者的冷峻更是相映成趣，形成了光棍节闹市街头一道奇特的风景。现场围观群众王小姐在接受记者采访时就说光棍节看到这样一种浪漫有趣的事情，难得一见，特别有创意，也特别的新奇。同时也有群众表示征婚者勇气可嘉，祝福他们都能找到自己的幸福。现场有人笑称其为“钻石罗汉”，说其“钻石”是因为据称他们拥有丰厚身家，资产上千万，说其是“罗汉”不言而喻是因为他们全是清一色的光棍。这样的一群富翁走上闹市街头，进行集体征婚，自然成为了两地光棍节街头最受关注的事件。活动刚刚结束，现场的群众便议论这样一群家世显赫的富翁们，居然走上闹市进行集体征婚，感到惊讶之余，更多的是一种的不能理解，按常理说在人们的意识里，像这样的人群应该不至于会需要哗众取宠的街头征婚，那么究竟为什么会有这样的事件出现？或许从他们打出的标语中可以窥见一斑，“哥们要的不是寂寞是浪漫”、“浪漫光棍节让寂寞滚蛋吧”，他们需要的不是寂寞，而是一种浪漫的相爱。这也许是他们站出来的最主要原因。另外在活动现场一条显目标语更是引来的众人的注意和记者的特别关注。“求浪漫，有百万BOLONI厨房，管饭”这一标语的出现更是引来的无数网友的质疑，那么这次千万富翁的浪漫征婚，到底是富翁们在寂寞中的浪漫爆发，还是一种商业炒作？ 都还有待进一步的证实。,3,1,0.37080442905426025
关注城市思想沙龙第二期于九朝会举行本期主题老建筑和新地标，谁更具有城市形象代表性时间：2009年4月24日地点：九朝会主持人：中国房地产报副总经理 韩炜烨 论坛嘉宾(排名不分先后)赵云伟 中国城市规划协会副秘书长王宏新 北师大房地产研究中心副主任傅 刚 美国注册建筑师、中央美术学院教授著有《都市生活》、《都市村庄》、《都市档案》梁井宇 场域建筑事务所董事、主持建筑师 王广善 北京海港房地产开发有限公司总经理刘松泉 合生创展北京公司总经理刘 江 星河湾华北区营销总监王 丹 伟业顾问客户发展中心副总经理陈 炜 博洛尼旗舰装饰装修工程(北京)有限公司总经理以下为现场实录：韩玮烨：今天是星期五，我们大家来这样一个特别有创意的一个建筑里面，聊一些我们虚无缥渺的人生理想、意识形态，聊一聊建筑，聊一聊我们应该住在什么样的城市里，应该住在什么样的房子里。这就是我们今天这样一个主题，叫“九朝会•关注城市”思想沙龙。我想就不用一一介绍各位了，刚才因为有一段时间，大家都已经非常熟悉了，很短的时间里都变成朋友了，我就留很重要的一段时间介绍一下我自己。我是中国房地产报的韩玮烨，在中房报四年一直写点大家也看不上的，关于地产金融，关于公司这方面的文章，带一些小孩，想方设法挖一些地产的黑幕，这就是我做的事情。也是借此机会结识了在座的各位，今天大家没有任何商业目的，我们感谢博洛尼陈总给大家一个舒适的东西，抛开商务的压力，聊一聊城市，因为在座的每一位都跟现在的城市发展、城市建设有关系。咱们俗套一点，还是先请我们的当家人陈总致一个开幕词。陈 炜：首先代表博洛尼和九朝会感谢各位能够来到九朝会这个地方，进行一个思想的碰撞。为什么发起这样一个活动？首先讲讲九朝会的情况，九朝会顾名思义是九个朝代聚在一起，我们这个会所希望能够打造一个文化和思想聚集的地方。我们发现，从魏晋南北朝到明朝九个朝代，贯穿了整个中国传统文化的脉络，这个脉络就是我们想提炼出来的士大夫的文化精神。士大夫作为中国传统最低的一个贵族，其实也代表了中国的文化和思想的根基，等会如果大家参观九朝会的话，会感受到这个九朝会基本上是以中国传统的文化元素为基础，而自我设计、自我提炼出来的一个充满设计和创意的一个会所。昆曲作为这个戏楼的主要一个部分，昆曲也被联合国评为世界四大非物质文化遗产之首的这样一个文化艺术，为什么会有昆曲这么优美的词句呢？其实都是文化上的精英和一些士大夫，大家坐在小桥流水边，听着自然界的声音，拍着石头想出了一些优美的词句。今天希望大家能够在一起互相畅谈理想、畅谈城市、畅谈自己的抱负，进行一个思想的碰撞。这里是一个自由的、能够自我发挥的地方，所以剩下的话题交给韩女士。韩玮烨：我就是一个抛砖头的，我往出抛砖头，大家每个人接龙，看谁接得上。在来的路上，我一直在想一个问题，这两年我也拜访了很多的城市，很多的市长在跟我说的话题，就是在我的市中心盖一个多少层高的高楼，它要作为一个地标，我要盖一个多么大的城市综合体，让它成为一个地标。我们今天的主题，也是古今中外一直关于城市和建筑话题里永远没有答案的话题，就是老建筑和新地标。我想第一个问题，也是我心中的一个疑惑，中国城市化这么多年以来，到底老建筑和新地标是不是真的这种高楼大厦、综合体才是一个城市的地标性的建筑？谁先接这个砖头？傅刚老师是我们清华大学的知名教授，傅刚老师刚和他太太成立一个建筑事务所，叫任何建筑，这个名字非常有意思。首先请您谈谈观念。傅 刚：这个题目有点大，我就说点小的，开始不太容易说得特别得深入，所以既然韩总已经点名了，我就尽力给大家暖一下场子。刚才您的问题是，是不是这些个所谓的新地标是城市，无非是助长有的一些局面，而且已经有了局面似乎在表达大家不尽满意的时候，才能想表达自己的文化，显得有学问。那么它到底是地标？我的答案，是。赵云伟：我就顺着这个话题说，其实我非常赞成傅老师的观点，因为城市要发展，城市发展了，就不能一味地守住那些旧的东西。为什么这么说？我们也不用去批评这些城市的建设者或者是决策者，可以拿国外的例子看，我们都知道，像巴黎、伦敦，这些都是世界上最有名的，一提就是古色古香传统街道的地区。那么这些地区，近二三十年的地标又是什么呢？可能每个人说到这儿，心里就有答案了。卢浮宫的金字塔、伦敦眼都是在这些地区做了当代的建筑，不管你承认与否，它都是存在的。当时定义为了建筑千年盛典，这个伦敦眼建设完了以后，政府认为只要有两年的时间就把它拆掉了，批的就是临时建筑，短期内有用途，用完之后就要拆了。但是事实证明，这些年的游客都会去那里旅游，所以不得已他们把它作为一个永久性的地标。像伦敦这个具有独特传统的城市，在泰晤士旁边这么一个核心的位置，能放这么一个伦敦眼，我觉得足够能说明问题。至少目前我们的城市管理者、城市规划者、建筑学的学者，还在中国没有这么强烈的对比实践，我们不能说谈大道理，谈个别的实践就能说明问题。起码西方的管理者，他眼睛看的是未来，而不是自己手中的传统。梁井宇：我觉得刚才开的头都是建筑师开头，我也不例外，我觉得首先我们得肯定追求这个标志性建筑的合理性。为什么呢？我们建筑师从我们自己正中下怀的角度来说，也是很对的，我们肯定每一个建筑师都希望能够做一个有意思的建筑。而且有意思的建筑有一个借口，就是标志性是有意思的一种可能。我非常赞同两位的话题，这个问题不是问题，什么是问题呢？就是如何避免我们城市里面出现的那些粗制滥造的，貌似标志性的建筑，但是破坏了城市的那些东西。怎么尽量避免，同时创造一些大家真正喜爱的，能够定义这个城市、甚至定义一个时代的那些标志物？我觉得这个可能是一个真正去谈的问题。说到更具体的这个问题，我觉得我也再引出来几个问题。是什么原因导致了那么多粗制滥造的不好的建筑物的出现，特别是近期内的中国出现了这么多。第二个问题是，如果说我们还要和老的标志物和平相处的话，实际还是要谈到一个问题，什么样的标志物具备永久性的价值。刚才也举了伦敦眼，我可以再举一个例子，为什么埃菲尔铁塔，从它建设的时候，每一个标志物都存在一个曲折的历史，当时人们都不喜欢它，到最后接受了它。荷兰的历史学家提到一个说法，你别管这个东西长得好看不好看，样子是什么样子，只要把这个东西建起来了，有足够多的时间让人们去接受，最终这些标志物都会被人们喜爱。他当时举的例子指的由于埃菲尔铁塔，我们国家有没有这样的例子。如果没有，我们在座的也有策划、开发商、建筑师，怎么样才能够和我们那些没有的标志物、或者有的标志物，能够创造真正符合城市个性、符合时代要求的价值。韩玮烨：您刚才提的这个问题，让我们想起来我们的央视大厦，应该是我们现在中国城市地标，我觉得首先要区分大城市和二三线城市，大城市对城市地标的定义，和我们的中小城市对一个地标定义的选择应该是不一样的。北京这样一个有历史文化传统的城市，原来它的地标一定是雍和宫、或者颐和园、或者是天坛，现在会很疑惑，什么是北京的地标，用什么来区分？央视大厦应该是一个地标，那么这样一个怪物，它对北京这样一个形象，有什么样的一个作用呢？可能就是您刚才问题的一个句号，这个问题谁想接一下？刘松泉：很高兴来到这么一个漂亮的场所和大家一起交流，我觉得这个问题，也是开发商的一个困惑。因为城市作为一个项目，它实际上要和城市的景观，和它周边，它们要有一个关联性。目前，我觉得北京这个地方的一个情况，还是管理部门的管理水平，第二个也是开发商的欣赏水平。因为过去一段时间，作为中国来讲，房地产发展的水平，它是一个很短暂的时间。真正把房地产作为开发、作为一个产业，它是很短暂的。那么在这个过程当中，进入的门槛没有低，大家都可以进，有块地，找个人去弄再一组合，我就很快地推向市场。而国内又确实存在强烈的刚性需求，使得大家不需要再考虑那么细致了，就是一个产品，大家更强调产品本身它的一个独特性。但是，他没有想到它成为一个车时的景观。大家没有想到，所有的人，住它的人、不住它的人，都有一个欣赏的问题。但是谁是一个决定者？谁来去审批它呢？咱们现在的房地产，实际上是有管理的，包括我觉得在高度问题、外立面的问题，材料的选择问题，它都是一个影响城市景观的一个方面。至于室内的平面，没人管你。所以，很多人在这方面，因为他不成熟、他不专业，所以他会想着怎么样能够批下来，获得这样一个投入、产出，带来经济效益。所以，我觉得往往是从个体上考虑问题，管理者也是从个体的角度考虑问题，他不会去考虑周边的关系问题。实际上咱们现在看到北京的很多地方，对整个城市的文明，咱们就说幸福大街这块，本来是什么样的城市的建筑群，突然冒出很高的一个东西搁在那。但是我发现，如果跟上海比较起来的话，上海的整个城市建筑和它的风貌，给人一个城市新兴的这样一个国际化的都市的感觉不一样。因为前多少年我去上海，到松江去，松江的一个规划局长就是一个博士，而且是从国外回来的博士，所有的城市规划要进行整个一个国际化的招标，就是城市规划招标。然后任何一个单体要进行深化的时候，符合我这个规划的时候，还要进行再一轮的深化。所以，我觉得这叫经营城市，不是做一个单体，它是在城市这个整体上。当然刚才谈到老建筑、新建筑的一个地标性，我认为实际上作为一个城市，它应该有一个地标性，老建筑和新建筑同样都需要，因为这是城市赋予了它一个东西。但是，房地产的开发，实际上它是一个地域性的东西，所以，它的整个建筑的风格、它的整个区域的规划、项目的规划，应该有它的特点。当然你说陈希同时代的时候，强调一个什么帽子，它也是想等于是把传统的东西给机械地去做，实际上就造成了不伦不类。所以我想这个事我们先从城市规划的管理者的角度，怎么去反思这个问题，所有的问题都是从这里出来的。建筑是没有责任的，我要标新立异，我要展示我的整个文化，我要去得到发展商的认可，我要去挣这个钱，商业模式，它只是个演员，但是谁来批准它这个舞台，谁让它有许可的资格，这是关键的。我就先说这些，谢谢！韩玮烨：王宏新是不是可以代表一下政府的观点？你们一直是政策解析者。王宏新：各位好！实际上刚才还跟王丹在说，本来来参加思想沙龙，有的时候市场的力量在主宰着我们的思想，我们的思想在迎合着市场。所以很无奈，我就接着这个讲，陈总讲到的责任让我特别震撼。刚才给建筑师作出了一种解释，韩总让我为政府说两句，我说政府也没责任。因为什么？我们今天政府的决策体制，包括对这种地标的审批，都是一种集体决策，这个集体决策是害文化、最害思想的东西。我们知道任何一个有思想、有文化底蕴的一个建筑，或者一个产品、一个设计、一个理念，它往往归诸于集体、大众，或者叫公众参与，往往就把文化的东西、思想的东西给害了。但是，偏偏我们又是一种集体的决策，所以说这个集体决策又是谁来决定的呢？其实又是中国的老百姓决定了这种制度。这个里面，我们经常用体制和制度去解释它，其实这里面包含了中国几千年的文化。恰恰在这里面我觉得中国的建筑也好、房地产也好、土地也好，一方面在它的产品在走向市场。另一方面，它的文化，我一直感觉到我们还在走1919年没完成的问题，我们还在搞新文化。事实上这就又讲到新地标的新了，我这个名字里带个新，我特讨厌这个字。我本来出生的时候，我父亲给我取的是天上的星星，后来村里面的人特别有水平，就给我改成这个了，他总感觉到要比天上的星星要更专业化一点，最起码可以说重复一点。事实上我就在思考一个问题，因为今天但凡是看到新的建筑、新的地标，一定有西方文化的精髓、西方的理念，一定代表了建筑师从国外带回来的新的文化。我们这个集体决策里最重要的问题，就是忽视了一个点和一个面的关系，整体面上的不和谐，让这个点上的地标显得特别别扭。但是我觉得会在实点上解决问题。比如说中华世纪坛出来的时候，有很多不同的声音，鸟巢出来的时候，人们有不同的声音，但是奥运会一完大家就在接受这个东西。是不是等这个时期一过去，老百姓又慢慢能接受这个央视大楼呢。有时候我们经常批评，一看就是从国外引进来的建筑风格，可能这里面最重要的是就是民众里有一个宽容的心态，我觉得这也是好处。转了一圈，如果说责任的话，可能就要推到文化的责任，我不知道这个问题由谁来接了。刘 江：我也说两句，上午我们开了建委一个会，朝阳区建委让朝阳区开发商都说一说，政府能帮什么忙，开发商有什么困难、需求让大家讲讲。我当时主要讲了一点，就是把一些制造城市垃圾的开发商赶回国外，先考察考察这个开发商再引进。我说三个意思，第一个叫不要为做地标而做项目，因为项目本身是有生命力的。第二点，到底是地标重要，还是项目对这个地段的贡献重要。无论是低价、配套，对这个地段的贡献重要，还是它成为一个地标重要？我觉得这个答案是不言自明的。第三个意思，前几年我在上海待了三四年，我发现上海新房子跟老房子，大家真的是各有所爱，各有所需，顺其自然，上海有很多新房子、很多地标，没问题，我觉得都爆满，无论是租售都不错。但是同时发现了我们很多的活动都是在上海的老房子里做的，实上海很多的老房子，根本不低于东方明珠的地位。我看到有一个叫中华九千上市的时候，就是在孔祥熙的老房子里做的。包括一些奢侈品的发布会，我们看到不是在大的五星级的酒店里，而是在有历史沉淀的老房子里。跟上海人聊也是，上海人对老房子的心理价值，我不敢说大于世贸中心，但是起码是平等的。我觉得大家没必要讨论到底谁代表城市，但是在老百姓的心目中，大家可能是各有所需，有人就喜欢北京四合院，有人就喜欢住高楼大厦。王广善：非常容幸，能够和各位教授、专家和业内同行坐在这里搞沙龙，心情有点小激动。特别是第一次来到九朝会，欣赏和学习了我们传承和继承的一些文化性的东西。特别是看到剧场的时候，一楼有一个舞台、二楼有一个舞台，三楼怎么样、包厢怎么样，其实这里有很多传承和继承性的东西，把中国的戏剧和相关的文化，可能在这个地方有一个很好的体现，同时也有一个很好的创新。在这个过程中，又把现代地东西融入进去。我感觉这个九朝会还是有点味道，应该说以后还是要常来这样的好地方。今天这个话题是关注城市，因为咱们来自于清华大学的、还有北京大学的各位专家和教授，你们有很高的理解。像改革开放30年，我个人理解，今天大家走到一起来，不分高低，我又是无名小卒。要说这个城市地标的话，过去一般大城市可能有地标，像北京天安门，那就是非常明显的一个北京的地标。只要来到北京，不管你是国内的、还是国外的，一定要到天安门前照张相，说我去北京了。如果说没到天安门去照相，好象就没去一样，当然咱们的长城等等，更多的一些地标性的建筑，这个应该说是历史的沉淀。实际上还有一点，刚才大家也谈到了，就是北京的四合院，实际上它不起眼，但是它的地标性非常强，那就是北京的特点。到目前为止，虽然我们搞旧城改造，作为城市的主宰者，把它作为好东西，一定要把它保存下来，出台各种政策来保护它，实际上就是保护文化和历史。现在所谓一些新的标志性建筑，特别是搞奥运会，出现了一些新的建筑，当然这些建筑，需要历史的检验，也许过上三十年、五十年，说这东西不行，你必须要把它拆掉，这就可能没有它的历史价值，没有保留的价值，所以经过历史的检验，就必然要砍掉。如果说它很好，代表城市经济发展，这也挺好。比如上海的东方明珠，到黄埔江上一定要留影，实际上大家逐渐在接受这个塔的建筑，应该说中国地标性的建筑如雨后春笋般崛起。改革开放城市发展，小到县城、大到省地级市，只要是搞一个新城市的规划，就研究要弄一个什么样的广场，在广场上我得弄个什么样代表我这个城市形象的一个标志建筑物，是一个建筑物、还是艺术品。都在努力构思这个东西，所以占地有时不大很讲究，到后期政府出文件说不能随意乱建广场。当然他建的目的，还是想给这个城市搞一个地标性建筑。因为现在是全民参与，各级领导，只要是在那个地方当大官，咱们就得想办法做点事。所以，现在严格地讲，叫鱼龙混杂，有些可能是很好的东西，有些也想弄点事，花的钱不少，这个领导开这个会、那个会，说非常有价值，投巨资要办。一建下来三四年，换了领导，又说这个怎么看不像样，又成了城市的垃圾了。当然因为我是开发商，作为城市的建设者，可能我们没有更多的主宰权。如果站在城市发展的角度，可能说有一些话语权。假如说在发展的过程当中，有一些对城市可能的一些符号、一些概念，能够给政府提一些有效的建议，说我们搞这个建筑，有利于咱们城市形象的提升，有利于咱们地标性建筑的形成，这个我觉得是作为一个地产商来讲，还是责无旁贷的。首先，你要避开垃圾建筑，还没过五年了就让人看上去难受了，这就是一个失败的建筑，更谈不上为这个城市增光添彩了。所以，作为地产商，我觉得应该从城市发展的责任角度，更多地去思考问题，做出更多的努力。大家在座的各位都知道，我现在正在忙活开发格拉斯小镇，占地面积比较大，规模也比较大，两千多栋，现在才开发了一百多栋。有很多的朋友来看，有的是有钱人，有的也是属于跟我一样，可能是享受不起这个别墅的人。我说你们来看别墅，不要是考虑买还是不买，要带着一种享受的感觉，这是中国改革开放，咱们自己开发出来的别墅产品。在改革开放之前，咱们基本上很少见到别墅，有的话，也可能在偶尔出国，在出国能见到。经过改革开放这么多年下来以后，在咱们手下已经也建设出来非常高档次的一些别墅，有欧式的、地中海式的、也有中式的，各种形式的都在百家争鸣。住与不住是一个方面，但是大家都在享受进步，享受我们自己共同建设起来的别墅，我想这样的心态一摆正，就没有问题了。我作为一个开发者、建设者，我都住不上，但我心里很高兴，为什么？我能给富人建别墅，让他们享受咱们中国改革开放的自己的成果，我作为一个建设者、一个开发者，我感到无比地荣耀。所以说，住与不住那是另一回事，如果说将来咱们三千多亩地的别墅群体，通过咱们这个团队的努力把它建起来了，我想也就是真正在咱们中央别墅区，代表着一定地标性的建筑诞生出来了，这可能也就是对于一座城市的一个贡献。韩玮烨：谢谢王总！听您的介绍，格拉斯小镇是中国建国六十周年是非常具有中国特色的人居性建筑。为什么起格拉斯这个名字？而不起九朝会这个名字？王广善：建别墅咱们采用了很多欧式、美式的，实际上他更多的是借鉴了这么多年在别墅开发商的理念。咱们在很多别墅上都叫了一些洋名字，实际上叫格拉斯小镇，也是从营销的角度，以及西方在这方面文化的积淀而起了这个名。更多的是想让大家知道，我们引用了法国一个具有悠久历史的格拉斯小镇的传统，来达到宣传咱们北京格拉斯小镇的目的。当然，更多的还是一些建筑元素还是从那边学来的，还是从营销的角度。比如说我叫王广善，比如说我们酒店，很多人起外国名字，姓都换了，都不叫这个名字了，那也是工作的需要。王 丹：今天特别感谢九朝会以及中房报给我这么一个机会。我坐在了一个“广角”的位置，面前的这扇窗使我联想到电影院的屏幕，有人说：电影是黑暗的梦想，坐在这里和大家谈城市和建筑，我感觉到了一种“光明的梦想”，由此我很开心。另外，刚才参观了九朝会，感受了一下从魏晋南北一直到红楼情结的中国历史元素洗礼，就像进入了一个时空穿梭机的旅程中，由此也特别开心。因为今天是沙龙，我想咱们可以选各种模式来表述自己的观点，因此我先给大家念一段简单的文字，之后再告诉大家我的观点。我简单念一下，这段文字来自去年林洁林总应邀写的一篇文章，叫《地产服务15年》。“有一次在京城俱乐部开公司董事会，房间里装帧的几幅老北京照片深深吸引了我，虽然是黑白的，但生动极了。看着照片，你能够想象到二三十年代北京的情景：那应该是德胜门的城楼，边上的护城河汇集成一个不小的池塘，水面上有三五人乘舟钓鱼，头顶上蓝天白云，岸上绿树成荫，一派非常宁静的夏日景象。虽然城墙上斑驳着岁月的痕迹，但古都的那种特有气质，能够透过时空直接打动你的心。我就简单念这么一段，当然在文章后林总也有很多关于我们地产服务对于城市塑造的反思，认为我们做了15年的地产，包括1997年掀起了欧陆风，包括小户型等一些过渡型产品的此起彼伏，客观而言，其实对城市的贡献是存在一些谬误的。刚才各位专家也讲到了，说城市标志性建筑，其实我觉得这个标志性建筑，和标识性建筑可能是两个概念。因为我觉得标识它可能指的是一个点，标志性其实是一个综合性的概念。比如当我们聊起城市，就会使我想到一个短片，那个短片的名字叫“城市的远见”，我觉得可能很多专家都看过。当时讲到的一个案例是德国的鲁尔工业区是怎么样变废为宝的，把这么一个区域建成一个孩子们可以在里面游乐、融影视基地、研发中心、攀援者的乐园等一体的，那么难道它不是一个城市的标志吗？回过头来看北京，为什么我念这段文字？因为我从小就有院落的情结，家住金融街边上一个由7、8个院落组成的小组团里，因此从小就感受着舒缓的生活方式，因此当大家问到城市这个问题的时候，我觉得如果它是个带有哲学意味的问题，那么一句话：城市是属于生活的！无论你建一个高楼大厦还是一个低密度产品，你一定是需要人的体验和考证的，需要给人们一种生活感的氛围，我觉得这是城市，而且也是在我们记忆中的北京。由此我说一下我的观点，两句话，一、从经营城市的角度去做建筑，无论你是开发商，无论你是政府工程，在规划的时候，都以经营城市的角度出发，经营城市并不是很功利的，或者是以经济追求为唯一导向的。实际上经营城市这个理念于中国已有很不错的例子，我记得大连的薄熙来说，“经营一个城市，是把它作为国有资产管理来运行的过程。”这个思路非常好，并且对于大连是卓有成效的。这些年我们接触到很多项目，现在项目区块越来越大，其中不乏很多未开垦的处女地，那么如何把它变成新时代的、或者区域层面的标志是我们该考虑的，而不是简单的做一个以自有想法为主导的标识，我觉得该打造的是一种情境交融。因此做建筑商也好、策划者、营销者、还有投资商，大家对建筑要有一种整体的全方位的感触，应该是共同在其定量的基础上去找变量，从一个全面烘托可经营城市的角度去做好的建筑。第二个观点，是结合民意的默契造城市。我们在日常的营销过程中，或者说在产品定位的过程中，于20、30年的房地产运作中，经常遇到的是本位的认为由于我喜欢、由于流行、由于我自己感觉这样的产品是好的产品，它的理念非常得独特、非常有感觉，它一定能卖出去。但时至今日，大家遇到了来自于市场的反馈，答案是“不科学的，没有与需求对等的产品不一定能卖出去”。如果你产品的定位、你的性价比不够好，你的东西细节不够精准、不够细致，你前期所做的对这个项目的分析、研究不足，比如说消费者，你没有跟他对接，你完全想的就是我建了这个东西，你一定要接受，是非常不理性的。因此我认为作为一个要销售的项目，需要进行市场达成的项目，就一定需要进行消费者调查，要了解购买者的需求、喜恶，任何一种购买和消费都不是强加的。同时，如果政府改造一个区域、做一个市民广场，做一个公建，是不是也希望大家能够接受它而不是拒绝它，而不是保留距离呢？我觉得一定是需要有一种拉动和亲和作用的，要让民众意向与你所做的建设融合在一起。因此无论做商品建筑抑或是公建，都需要考虑消费者和民意的结合，明了真正的需求。当今的发展时期，无论建筑塑造、城市塑造， 评判你的总会是作为消费者、体验者和传播者的民众。其传播直接影响到你的品牌、收益以及你的有序发展和持续发展，“得民意者得天下”。所以我的观点是两个，一个是“经营城市的角度做建筑”，二是“结合民意的默契造城市”。韩玮烨：我们还得回到我们的话题，实际上大家聊了一圈，我觉得话题集中是两个点。一个是老建筑和新建筑在我们这个城市里如何和谐共处。因为老建筑是大家的心灵家园，新建筑是咱们每年盯着GDP往前跑，我觉得这就是目前我们大城市里存在的老建筑、新建筑，哪个是城市名片的问题。对于新建城市来讲，是在一个接近白纸，这是中国近几年城市化发展过程里，中国的城市才刚刚开始涉及到这些东西。近20年来，施政者，或者政策参与者怎么样来理性地确定这个地标，我觉得今天话题可以拆分成两个小的话题。第一个话题，和谐共处的问题，刚才大家聊了很多，有聊责任，谁把北京给搞乱了。我觉得还是要想一下建设性的意见，就是说在搞乱的基础上，我们各个参与者，怎么样去修复的问题。我还是想听一下建筑师们和规划口的这些专家的想法，赵老师是做城市规划的，傅老师和梁老师是偏建筑的。是不是能再给我们一些好的想法。赵云伟：转了一圈，我觉得大家可能确实是站的角度不一样，每个人都有关注点，我记了很多的关键词，有的讲的是传承传播、有的讲的是文化、有的讲的是舶来，站的角度都不一样。其实新老建筑、新老文化之间，必然面临一个问题，就是一个传承。你如果看这个东西，它自己的审美、它自己的底蕴，其实是最重要的。它怎么认为它是不是中国的、或者不是中国的，我觉得这个问题真的要上升到哲学的过程，要不然没有办法去谈的。很多事我们可能有既有的思维，我有两个个人对于中国传统文化的心得，第一个就是关于包公，我们学了很多年的历史，都觉得包公是包青天。我遇到很多的老师，跟他们讲包公的故事，他们说难道你们中国只有一个包公吗？中国老百姓是这样一个心理，他希望自己作主，所以影响到文化上的差异非常大。美国的好莱坞电影都是个人英雄主义，咱们的电影最后肯定是一个部队来救你。另外一个就是岳飞，我从小都喜欢听他的故事，之后我才知道，岳飞宋朝人，我是金朝人，我是游牧民族的后代，不是大宋朝的后代，这就是很重要的一个传承问题，你的关注点或者你的角度站在哪个地方。我刚才表述的观点，为什么说我支持现代的地标呢？刚才谁提到一个词，生活。当代生活在一个世界里，反过来看，罗马不是一天建成的，是几千年建成的，其实在罗马找不到几栋楼是留下来的，大部分的建筑一次次被推平、重建，留下来的都是幸运的。但是每一个时代，它应该都有自己代表时代的地标性的东西。这个东西也许在经济上浪费了，也许是卖不出去的，但是一定是迎合了当时这些主流的文化。目前我们这个时代的文化，其实大家都很清楚，就是消费文化，刚才王总讲的格拉斯小镇的例子，非常清楚的名字，为什么起这个名字，因为老百姓喜欢，我好买房。这就是文化的传承，我们再往上追，一直到麦当劳、肯德基。所以你单独拿中国的古典文化跟它抗衡，不太可能。我又想到一个例子，讲到李大钊传播国外的新马克思主义文化，他要首先给能听得懂的人们讲，他会跟乡绅们讲，那时候他穿着长袍，下面的人穿着西服、皮鞋。他问大家你们是否觉得我土、你们洋，你们已经吸收了西方的消费文化，我吸收的是西方文化的精髓。这个是一个很大的本质，就是说这是两条线，一条线，通过教育、通过正常的媒体渠道影响到文化。另外一条渠道就是消费，不管是购物、买房、旅游等等，一个是消费、一个是正常的文化传统。交到最后发现一个道理，这个道理就是，如果说这个人很有文化，是个博士也好，或者是留学的，出国读过书的，有学问的。其实他代表了他在国外学了很多的技术和文化，还有一条线是我们国内的这些所谓的被销售的对象，我们被动地接受了西方的电影、媒体等等。所以，两方面加起来之后，你会发现只要你是消费的东西，挖掘到根上，大部分还是西方的底蕴。包括其实我们这个九朝会，从外面看看不出来，这个地方大家认同这是望京的一个地标，可是望京在北京市就没有传统，无非是借了一个东西，还是为了消费，基于大家能够有一种怀旧的心理上的东西。如果新老对比的话，老的保留的一定不是心里的东西，而是壳。我做过西藏的昌珠镇，是中国第一个批准的，没有超过20年的房子的一个镇，批了历史文化保护名镇。这个地方几千年一直保留着传统的生活方式，它的生活方式的第一条就是我有钱我就盖房子。包括昌珠寺，中国1956年第一批历史文化保护单位，但是它跟原来完全不一样，所以说藏族的传统文化，传统生活建筑方式是保留的。包括我们的什刹海，大家觉得很好，但是都是酒吧、餐馆，已经不是以前的什刹海了。我们改造四合院，将来也是要给一些明星这种人去住。我们剩的建筑、剩的街区，是更多地保留它让大家记住它。一个城市它的进步，是一点一点地蜕变的。假如说我们再过一千年看，我相信北京没有四合院了，而且中央电视台也没了，你就不知道是什么样子了，因为那是一个进步，你只能看到当代一个时代。比如说老外到中国来，现在是连续三年老外到中国来，第一目的地是上海，不是北京。第二就是人数，我们想到来旅游的人，肯定是北京超过上海，错了，今年连续三年来上海超过北京。为什么？因为上海更接近他们生活的方式。他更多地对你城市的认同，是你内在的生活方式是不是认同。咱们再往前发展来说，我不是北京人，刚才这个王总是北京人，我就问到底多少北京人生活在北京的。伦敦、巴黎、纽约一半以上外地人在那里工作。所以这是一个趋势，这个趋势是不断地通过消费，让你慢慢地抹煞逆城市的个性，变成大一统的城市，这是没有办法去抗衡的。这是我的观点。,3,4,0.9983185529708862
冠珠09全国终端店长培训于佛山鸣锣开场8月23日，以“跨越自我，辉煌09”为主题的冠珠09全国终端店长培训首站在佛山隆重召开。来自广东、广西、海南、湖北、湖南五个地区近300名的经销商与店长参加此次培训会议。同时全国终端优秀店长选拔赛也同步展开，集团公司第一营销中心总经理黎汝让，冠珠品牌总经理邓勇，冠珠品牌副总孔智勇、冠珠卫浴总经理钟环等领导出席了本次店长培训会。 为了让学员们更加清晰地了解集团公司下半年的推广思路以及本次店长培训的目的与意义，黎总在致辞中着重强调：此次培训是冠珠陶瓷在加强全国整体宣传(新浪网站、央视广告)与终端区域宣传(户外大型立柱)的基础上同步开展的一次提升终端软竞争力的战略性活动，目的在于通过基础知识与实际的销售技能引导，全面拓宽终端店长的知识面，提升他们的专业技能，将店长培养成为不仅是销售高手，更是管理与市场经营高手。而本次培训在活动环节设计上也是紧扣主题，在集中参观集团公司2500亩三水大型建陶瓷工业园后，随即展开陶瓷基础知识培训，如生产工艺与瓷砖生产技术的培训，冠珠企业知识，新产品知识培训，使学员们从宏观到微观全面了解建陶知识，了解冠珠企业与新产品情况。23号的终端销售技能培训则从理论到实践地给学员们建立终端销售体系概念的同时，站在观摩的角度以一个大型活动实例为案例进行系统剖析，通过现场的讲解进一步强化店长们对终端销售技能运作的认知与理解。为了鼓励优秀团队与优秀人员，培训过程中还同步开展了终端优秀店长选拔赛，尽管店长们相互之间都不熟悉，但很多学员却表现出了极强的沟通能力，很多学员一开始就与身边的朋友一一握手道好，有的店长甚至自告奋勇的担任组长，带领全组成员在竞赛环节中争题夺分，抢夺优秀小组与优秀店长的荣誉。培训结束后，许多参与培训的学员包括店长与经销商都向培训老师购买了终端营销书籍与光碟，以便回去后可以持续的学习专业知识。“以学促进，突破自我，打造强势终端的同时实现09年终端综合竞争力的再次提升。”当新浪网记者采访冠珠品牌总经理邓勇时，邓总如是说。“佛山站只是我们的第一站，在接下来的一两个月内，我们更要在全国范围内连续开展几场这样的活动。我们最终目的在于通过专业的培训，提升店长专业技能的同时以店长为核心以点到面地带动整个终端专业销售技能的提升。”的确，在整个建陶行业竞争白炽化的今天，在把握终端就等于把握主动权的今天，只有全面提升终端的综合竞争力，才能激流勇进，跨越自我，辉煌09，才能立于不败之地。(章金),3,6,0.9886133670806885
出口退税调整有限 专家称保出口不如保企业面对即将再次调整的出口退税，围绕这一政策的适应性和操作空间，以及背后体现的国家针对外贸脱困所能做出的政策选择，有关专家认为保出口不如保企业。 3月26日，在北京举办的“如何帮助中国外贸走出下滑困境”论坛上，国务院发展中心对外经济研究部副部长隆国强表示，我国出口退税在经历了连续多次上调以后，该政策的调整空间已经不大，且相对于在保持国际贸易市场份额的近期目标而言，解决事关外贸企业发展甚至是生存的融资问题，亦是保证我国外贸最终走出困境的更为迫切的问题，“这是保未来”。 此前的国务院常务会议决定，从4月1日起，提高部分纺织服装、轻工、钢铁、有色金属、石化和电子信息产品的出口退税率。 在当日论坛上，对外经贸大学教授、中国WTO研究中心副院长桑百川提出，出口退税政策在理论上应该是中性的政策，而我国却作为调整进出口规模的一个政策杠杆使用。 商务部研究院研究员梅新育强调，国家的调控政策，不能以“保增长”为借口而牺牲“调结构，不应该指望它成为维持我们以前落后模式的救生圈”。 对此，隆国强认为，我国出口退税在经历了连续上调以后，进一步通过出口退税使外贸脱困的政策空间已经不大。 从去年年初到今年2月，国家已经5次调高出口退税率，涉及近4000种产品。 而且，提高出口退税对于帮助外贸企业走出困境的效果来讲，并不是理想的途径。 “对退税来说提高2个百分点，就意味着企业获得了2个点的降价空间，那我们竞争对手可以选择更多，这个可以增加你的竞争力吗？”隆国强称。 隆提出，在目前的情况下，中国不应该单把注意力放在保出口上，因为出口额的增加并不意味着出口企业的生存良好。 “目前我国外贸要走出困境，必须在认清形势的基础上确定合理的远近目标。其中，眼前要做的就是确保我国的出口速度不低于全球速度，以保证在全球的出口市场份额中不减少。”隆国强说。 据估算，一些劳动密集型的传统的制造业产品，中国的产能、产量和出口量占世界市场80%甚至90%，而在国际金融危机的影响下，世界市场容量萎缩到了原来70%甚至50%。而比保眼前的市场份额更重要的是要保出口企业。“这是在保未来”，隆国强说，目前发生的全球性金融危机其实是个大浪淘沙的过程，在这个时候可以让出口企业瘦下来，但不能让企业死掉，随着市场的复苏，如果企业还在，就可以重新扩大规模，组织生产来抢占国际市场的份额。 “我国外贸形势出现恶化已经持续了很长一段时间，之前已经死掉不少企业，能够坚持下来的，应该说都是有一定基础的。我们要保证好的企业不被金融海啸淹死。”隆国强对记者说。 这个时候，对于外贸企业来讲，获得融资可能是最迫切的。 据世界银行的一个评估报告显示，今年3月份全球贸易融资的缺口已经扩大到1000亿美元，比4个月前扩大了3倍。 对于解决外贸企业的融资问题，隆国强提出，政府可以发挥的作用就是拿出一部分钱来做融资担保，这对困境中的企业来讲，可能比提高退税率更加有作用，“公共政策要考虑成本和收益，总的财政资源是有约束的，应该考虑怎么能够少花钱多解决问题，而且要解决最迫切的问题”。 工信部部长李毅中在今年两会期间曾表示，中央财政新增10个亿用于中小企业的担保，希望能够解决4万户中小企业2500亿的贷款。 不过，中国社科院世界经济与政治研究所副所长李向阳对大规模的出口信贷投放可能带来的远期问题表示了担忧。 在其看来，应该考虑的一个问题是，随着金融危机的发生，发达国家的消费模式将可能发生改变，这就可能对中国以及整个新兴市场的中长期出口带来影响。 “如果这样的判断成立，如今大规模向这些外贸企业放贷，将面临战略风险，”李向阳表示，“我们一方面要通过促进出口信贷来促进我们的出口，另一方面还得高度关注债务违约发生的可能性”。,3,7,0.8948956727981567
刘晨：企业通过网络彰显品牌刘晨：最后在这里感谢新浪乐居举办这次论坛，使我们在这次论坛上学到了很多的东西，而且有很多新的观点的碰撞，新的理念、创新和大家交流。另外，网络发展很快，因为有媒体问我，我们传统的两个渠道会不会发生干涉，我认为完全不同，传统的流通渠道和网络渠道，在家居行业里面不可能存在干涉，因为我们家居行业和卖小商品的有本质的不同，我们的种类比较多，个性化产品比较强，产品的款式、花色都比较多，这么贵，这么丰富的东西，仅凭网络销售很难实现，必须要到卖场实地的感受、触摸在可以下单。 我经常说，传统的卖场有一些消费者出了问题，找经销商解决不了，或者他们临时走了，庙堂还在，这个服务的意识已经形成了，必须要形成保障消费，有问题得不到保障，得不到轻易的下单，希望网络和传统的渠道有机的结合起来，传统的渠道做这个展示功能，通过网络彰显我们品牌的同时进行产品的示范引导，让消费者按图所计，提高消费者交易的效率，节省他们宝贵的交易的时间，只有这样我们的行业相得益彰，相互协作才可以做大做强，才可以达到我们国家倡导的和谐。本次论坛到此结束，谢谢大家！,3,4,0.8964767456054688
刘晨：吴厚斌出诗要保质保量刘晨：各位来宾大家下午好，今天非常高兴参加吴厚斌的新书发布仪式。吴厚斌原来是一个记者，为我们行业做出了很多贡献。刚才他说一句话我觉得特别对，潦倒的生活他被生活所迫，吴厚斌既有物质又有精神，他又有感性的一面，他走到今天我觉得是必然。第二我们确实感谢吴厚斌，他有一种传统文化的回归，通过现代的方式，以诗为载体，源于生活、高于生活，源于行业、高于行业。希望吴厚斌继续出诗，但是提一个小小的建议，我认为你的产量太大，希望你处理好质和量的关系。保质保量。,3,2,0.8522774577140808
刘达飞：人无论走到哪里 都不会忘记自己的根段妍玲：我们有请下一位刘先生。刘达飞：非常感谢主持人。话题接到的比较晚，在路上看了一下关于回潮这一块。因为我本身理工科出身，对文化谈的可能不深入，但是非常感谢宫总，还有王总给我一个话题的切入点。刚才宫总提到了学校生活，王总也提到了清华，咱们就从清华开始谈起。从清华毕业很长时间了，但是到现在为止不管参加各种各样的认证考试或者其他的一些学习的机会，都愿意回到图书馆去学习，当然咱们不谈清华东门，清华科技园搞砸的那一片，咱们就说清华的图书馆，从这儿谈起来。我不知道这种感觉或者这个思想，或者这种感触是叫回潮才对，还是叫刚才是许总提到的怀旧，谈谈这个吧。人总是要从一个地方走到另一个地方的，但是他永远不会忘记自己的根，更愿意回到自己原来居住或者生活的环境来，这是我对回潮的理解。刚才有几位嘉宾谈到回潮谈的比较深入，给我非常大的启发。像刚才宫总讲了很多，但是给我印象最深刻的是宫总好像非常不愿意，房地产这个楼市的房价的回潮，就是宫总给我的感觉。还有RCS中国的孙总谈到思想层面的回潮，使我下面这个话题我不知道从何谈起了，因为我不知道谈思想上的还是谈物质上的，因为我也是做房地产开发的，虽然口碑不好。我们就谈一下，从我们公司谈起，因为我们在做产品，从产品设计或者开发建设或者采购环节，就像和陈总一些合作上关于回潮的话题。在做建筑的时候，我们认为建筑的本原是人，从原来追求的奢华或者是外立面的效果转变为以人为本的思路，也不太清楚这个是不是叫回潮。因为中国人的习惯喜欢出门见到题，出门踏到地，所以我们公司也在做别墅，能够满足刚才许总讲小众精英特殊需求，在京郊有一些项目。另外关于小区里的塔楼逐渐被摒弃掉，另外还有一些，比如说为了满足中国人惯有的买房置地的习惯，廉租房也出来了，让大家租房子还是不愿意的。就谈这几点，可能更深层次的问题还没理解到。非常感谢。,3,4,0.2685830295085907
刘达飞：回潮越来越秉承以人为本思路段妍玲：我们有请下一位刘先生。刘达飞：非常感谢主持人。话题接到的比较晚，在路上看了一下关于回潮这一块。因为我本身理工科出身，对文化谈的可能不深入，但是非常感谢宫总，还有王总给我一个话题的切入点。刚才宫总提到了学校生活，王总也提到了清华，咱们就从清华开始谈起。从清华毕业很长时间了，但是到现在为止不管参加各种各样的认证考试或者其他的一些学习的机会，都愿意回到图书馆去学习，当然咱们不谈清华东门，清华科技园搞砸的那一片，咱们就说清华的图书馆，从这儿谈起来。我不知道这种感觉或者这个思想，或者这种感触是叫回潮才对，还是叫刚才是许总提到的怀旧，谈谈这个吧。人总是要从一个地方走到另一个地方的，但是他永远不会忘记自己的根，更愿意回到自己原来居住或者生活的环境来，这是我对回潮的理解。刚才有几位嘉宾谈到回潮谈的比较深入，给我非常大的启发。像刚才宫总讲了很多，但是给我印象最深刻的是宫总好像非常不愿意，房地产这个楼市的 房价的回潮，就是宫总给我的感觉。还有RCS中国的孙总谈到思想层面的回潮，使我下面这个话题我不知道从何谈起了，因为我不知道谈思想上的还是谈物质上的，因为我也是做房地产开发的，虽然口碑不好。我们就谈一下，从我们公司谈起，因为我们在做产品，从产品设计或者开发建设或者采购环节，就像和陈总一些合作上关于回潮的话题。在做建筑的时候，我们认为建筑的本原是人，从原来追求的奢华或者是外立面的效果转变为以人为本的思路，也不太清楚这个是不是叫回潮。我们公司也在做别墅，能够满足刚才许总讲小众精英特殊需求，在京郊有一些项目。另外关于小区里的塔楼逐渐被摒弃掉，另外还有一些，比如说为了满足中国人惯有的买房置地的习惯，廉租房也出来了，让大家租房子还是不愿意的。就谈这几点，可能更深层次的问题还没理解到。非常感谢。,3,6,0.9281127452850342
别墅装修竟遭八次打砸记者刘蔚丹 实习生黄康报道：“自己买的房子要装修，却接连遭遇打砸。”昨日，青菱乡青青花园小区的两名业主，不堪其扰到处求助。记者赶到现场时，当事人黄先生仍心有余悸。黄先生说，就在早上他的房屋还被十几人围着，从装修到现在的短短两个多月时间里已经八次了。黄先生的邻居欧阳也正遭遇着同样的情况。黄先生介绍，他于2004年8月6日与武汉市洪山区青菱建筑公司订立《商品房买卖合同》，购买该公司开发建设位于洪山区青菱乡张家湾青青花园B型二栋1号房东面住宅一套，面积289.11平方米，价格为48.8万余元。合同约定前期已付34万元，余款办齐两证后支付。为了装修房屋。今年3月27日，黄、欧两人与该公司签订进场装修《补充协议书》，并分别向该公司支付50000元房款和10187元房屋配套费、物业管理费及装修费。可令他们不解的是，进房装修后，就不断有人来找麻烦，称房屋已被他们购买，并强换门锁，恐吓威胁装修工人，不准装修。黄先生告诉记者，他听说青青花园某些房屋存在一房两卖问题，也因此向该公司雷姓负责人提出疑问，对方表示黄先生装修的房屋无任何争议。小区物业的管(音)姓负责人告诉记者，由于两名房主买房后长期未装修，也曾流露过想退房让其代卖的意图，才出现这种情况。据了解，青菱警方已介入调查。,3,4,0.8919981122016907
别墅邻近停尸房业主退房讨装修费本报讯(通讯员刘洋)高档别墅毗邻停尸房，开发商同意业主李女士退房，但拒绝赔偿装修费。为此，李女士把开发商告到石景山法院，索赔损失8.5万元。李女士购买了西山脚下一处别墅，支付首付款后，聘请装修公司装修。“我购买别墅后才知道，不远处有一停尸房，这种地儿谁敢住啊？”李女士说，她和开发商协商后，对方同意退还购房款，但拒绝支付李女士的装修费8.5万元。李女士认为，开发商事前没有告知地段详情，导致她购房并装修，应该赔偿她全部损失。,3,4,0.9781801700592041
北京商报吴厚斌：消费者按照需求量力而行吴厚斌：温总说的概念我从另外一个角度理解了一下，什么叫达标的环保，什么叫不环保，是按照我自己的生活水平和生活状态进行选择，首先是安全的。就像温总说的，好的东西开始的时候是没有感觉的，但是用了十多年之后你会发现不一样。温世权：吴主编肯定看东西特别透，你觉得有什么不一样？吴厚斌：当然不一样。我是从温总的角度来讲，首先要环保，安全和环保是一回事，很多杂牌产品是不环保的，每一次质监局抽查都有不环保的东西，这个超标，那个超标，首先要区别一下，买环保的东西。第二个层面，从消费者和企业家的角度来讲，消费者的角度来讲，选择好的东西要根据你的经济实力，量力而行，在这个范围之内，我先去选择我需要的东西，实在买不起我可以少买一点。但是另外一个角度、企业家角度来讲，实际上做了一件功高盖世的事情，为什么我们现在还在说环保，环保是一个基本概念，就是因为社会上还有那么多所谓的牌子不环保。,3,4,0.7796506285667419
北京稻草人花坊(图)北京稻草人花坊： 最佳服务质量奖如果你连客户的面都见不到，花店也没有一个迎来送往的门面，那么如何通过服务让客户满意？这似乎是一个难题。以在北京地区开展工厂化速递业务为经营模式的稻草人花坊就是这样一家花店。为此经营者钱峰从接单、制作、配送、订单后续服务几个环节的细微之处入手，打造国际化的服务质量。让顾客虽从亲临店面，却感受到了来自稻草人花坊的专业化服务。有了这些前提，钱峰敢向顾客信心满满地“夸下海口”：“无条件退款，百分百满意。”图为  花篮、礼篮设计是稻草人花坊的强项图为  花篮、礼篮设计是稻草人花坊的强项图为  花店实拍,3,6,0.5603273510932922
十里河商会启动优才计划100名经过筛选符合报名资格的十里河特色街工作人员将参加十里河商会组织的专职人才培训班，培训结束后，合格人员将分别拿到专业监理员、消防中控员、助力物业管理师、高级文秘、档案管理员等职业资格证书，成为十里河特色街上首批持证上岗的优秀人才。“十里河，已经成为家居建材零售领域内的大品牌，未来发展离不开优秀人才的推动，十里河商会将把人才培养作为企业发展的重中之重，每年都会与专业职业资格培训单位联合组织培训班培训工作人员，为企业发展输送不竭动力。”作为人才培养计划工作的负责人，十里河商会副会长李晟杰将培训工作命名为“优才计划”，她信心十足地表示，一定会通过专业培训使十里河特色街上的工作人员专业能力有较大水平提升，为十里河目前发展及未来跨区域发展储备精兵强将。100名员工参加首期培训“18-40周岁的十里河特色街工作人员可以报名参加十里河商会组织的职业资格培训班。”当这样一则“招生启事”贴进十里河特色街各大家居卖场之际，特色街上的工作人员异常兴奋、纷纷踊跃报名，最终100名员工成为培训班首期学员，参加十里河商会联合社会专业职业资格培训单位组织的培训班学习。李晟杰作为培训工作的主要负责人，对人才培养工作充满信心，并将首期培训工作命名为“优才计划”，她表示，参加培训的工作人员多数是十里河土生土长的年轻人，对十里河集团充满热爱，通过培训将使他们的职业技能及企业忠诚度均有较大水平提升，成为十里河未来发展的栋梁之才。十里河商会“优才计划”首期培训班学员毕业后，合格者将分别取得专业监理员、消防中控员、助力物业管理师、高级文秘、档案管理员等职业资格证书，成为十里河特色街上首批持证上岗的工作人员。李晟杰表示，人才培养计划致力于将优秀工作人员从“员”变成“师”，“今年，取得‘监理员’职业资格证书的员工，明年，十里河商会将努力将其培养成‘注册监理工程师’，当一批批‘员’级员工都变成了‘师’级员工，十里河特色街将凭借人才优势而实现跨越式发展”。教育规划诞生优秀人才“未来市场竞争，取决于人才的竞争，谁具备了优秀的人才梯队，谁就能在竞争中顺利胜出。”李晟杰相信，培养一支有作战能力的精英团队，是十里河快速发展必不可少的基石。事实上，早在2006年年底，十里河商会成立之际，商会便为十里河特色街未来发展制定了三条发展大计，其中就有“人才教育规划”。十里河商会秘书长石占成表示，商会将从人才培养入手，建立教育培训基地，制定三年教育发展纲要，以提升十里河的竞争力，支持十里河的持续发展。2008年4月，十里河商会召开第一次教育工作会议，明确提出“十里河教育三年规划”，在十里河工作的员工将通过一系列的培训和再教育，三年内达到大专以上文化程度。为此，商会投资了2000万元于当年建立了教育培训基地，使十里河商会拥有了自己的“教育摇篮”。李晟杰表示，“三年教育规划”出台之后，十里河商会一直努力通过各种形式培养和选拔优秀人才，最近的一批优秀人才就是通过“以史为鉴，开创未来，科学发展十里河”大型图片展脱颖而出。为增进十里河人及十里河特色街上4000多名商户对十里河十年发展历程的了解，并通过回顾历史增加他们对未来发展的信心，十里河商会于今年6月组织举办了“十年十里河”大型图片展，5名优秀讲解员借大型图片展闪亮登场，通过他们流畅、广泛的讲解，观展人对十里河的历史有了更详尽直观的了解。“这5名讲解员都是十里河土生土长的年轻人，都在十里河特色街最平凡的岗位上工作。通过这次选拔培训，他们对自身充满了信心，同时增加了对工作和企业的热爱。”除此之外，李晟杰还带领十里河的年轻人走出去，到井冈山、延安等革命老区体验生活，培养年轻人坚强吃苦的意志，全方位提升员工综合素质。人才战略推动品牌升级走过十年发展历程的十里河已经从京郊一片农村转变成了京城现代文化建材商业中心，“品牌十里河，家居CBD”，当京城百姓对这句广告语已朗朗上口之际，十里河已经从一个地名转变成为一个品牌名，下一个十年，十里河将更加着力打造品牌知名度，使“十里河”三个字享誉全国，十里河集团为此制定了“十年发展规划”。在十里河的“十年发展规划”中，2008年-2013年，是十里河集团打造文化产业的关键五年。十里河将在毗邻十里河特色街的京津轻轨沿线两侧投资亿元，建立9万平方米的文化市场，同时休整马路、污水管线，与程田古玩城、十里河奇石花卉城、千鹤年华书画城、十里河画院、天骄民俗文化城一道，提升十里河特色商业街的文化气息；2013年-2018年，是十里河集团走出北京、面向全国的重要五年，十里河集团将依托品牌优势和管理经验，选择最擅长的商业地产开发、市场管理领域进行投资。李晟杰表示，“今天的十里河已经走上了高速行进的快车道，人才培养必须与企业行进同步；未来，十里河要走出北京、面向全国，今天建立的优秀团队将是十里河征战全国的主力先锋。建立一直强悍的精英团队，将加速十里河品牌升级、快速走向全国”。,3,6,0.8837757110595703
华润妙想 为孩子涂刷美好未来幼儿园作为解除家庭在培养儿童时所受时间、空间、环境制约的主要途径，不仅承担着让幼儿身体和智力健康成长的重要责任，更要注重培养幼儿乐观健康的性格、良好的行为习惯以及积极主动的创造力。为了让幼儿园的教室配色更合理，更有益于孩子的身体健康，华润漆从关爱儿童的角度出发，携手《瑞丽家居设计》杂志，于2009年7月——12月，在全国范围内举办“关爱多一点，梦想多一点——华润妙想漆携手《瑞丽家居设计》杂志涂刷幼儿园公益活动”，力争为孩子们打造出温馨的妙想家园。色彩心理学与儿童心理学的相关研究结果表明，不同的空间色彩、造型配搭，会对儿童的健康成长产生相应的影响。世界知名的迪士尼儿童色彩库，其最大特点是色彩纯正柔和，非常利于孩子视觉神经的良好发育，并有效使人产生快乐感。由于受到传统教育观念及物质条件限制，中国大部分家庭并不在意儿童房的装饰，中国的孩子与大人一样，都是在比较单调的家居色调中生活，这样的客观环境在很大程度上限制了儿童创造力与想象力的发展。而本次涂刷校园公益活动所使用的墙面漆——华润涂料与美国华特•迪士尼公司合作推出的儿童“妙想漆”正是基于“在生活中开发、启迪和培养少年儿童的审美观，挑起他们的好奇心从而开发他们的创造力，从科学的角度为儿童打造健康成长的空间”这样的初衷而设计、研发的。源自迪士尼色彩库的丰润、柔和的色彩，按照儿童视觉神经的发育特点来设计色彩明度和彩度，配以迪士尼经典的卡通人物和故事情景，组成了适合不同儿童性格特点的墙面主题：活泼、积极、主动的米奇；憨厚可爱的小熊维尼；勇敢且乐于助人的美人鱼；善良、优雅的灰姑娘……这些卡通形象和场景，每一个都依据儿童不同的成长阶段而设计，不仅能营造出孩子梦想中的生活空间与氛围，更能对孩子个性塑造与品格发展起到至关重要的引导作用，能够很好的培养孩子活泼、乐观、自信的性格和想象力。本次活动以“关爱多一点，梦想多一点”为主题，旨在通过对北京、天津、沈阳、杭州、南京、宁波、武汉、成都、长沙、昆明等10个城市的20所一级幼儿园教室的义务涂刷，呼吁全社会加强对生活环境以及科学配色对儿童心理成长的关注，使更多的家长、老师们，乃至整个社会开始对幼儿生活空间环境品质的重视，最终通过提升幼儿生活空间的环境品质，使小朋友们获得缤纷美丽的生活空间，同时进一步促进儿童早期心智开发以及想象力、创造力的良好发展。活动在沈阳地区选择了铁西区教工幼儿园作为合作伙伴，为其专门设计了以“宝宝快长大”为名的妙想屋粉刷图案，并于9月1日上午，在粉刷一新的“妙想屋”内，举办了媒体采访会。主办方华润漆沈阳办事处的总经理助理侯艳花女士、销售总监袁勇先生等多位来宾出席了本次采访会；来自北京《瑞丽》杂志社的程艳明女士也特意从北京赶来参加此次活动。媒体会在主办方与小朋友和家长们的亲切合影中顺利落幕。据悉，这场由华润妙想漆携手《瑞丽家居设计》杂志举办的“关爱多一点，梦想多一点”的公益涂刷行动，在北京和天津地区的公益涂刷也即将结束，主办方也将继续为全国的小朋友们奉献爱心。,3,6,0.9022231101989746
华润妙想漆，用关爱为梦想涂上色彩9月中旬，与往年一样，北京的大部分幼儿园都在忙着准备迎接返园的小朋友们入园报道。而与往年不同的是，今年北京共有2所幼儿园的小朋友们可以长时间享受到来自迪士尼儿童色彩库中纯正柔和的色彩对于其视力发育及心理成长的贴身呵护。今年7月，国内知名家装品牌华润漆携手《瑞丽家居设计》杂志发起了一场名为“关爱多一点，梦想多一点”的涂刷幼儿园公益活动，此次活动将对北京、天津、沈阳、杭州、南京、宁波、武汉、成都、长沙、昆明等10个城市的20所一级幼儿园的教室进行义务涂刷，截至9月17日，第一批动工的北京、天津和沈阳三地的幼儿园均已涂刷完毕，预计整个公益涂刷活动将在年底前全部竣工。9月21日，活动组委会在北京崇文区第三幼儿园举办了别开生面的“妙想屋”粉刷落成仪式。华润涂料业务一部部长—张春禄先生、金川越大总经理-刘满先生、华润涂料业务一部推广经理阚超、《瑞丽家居设计》杂志销售总监田恩平、《瑞丽家居设计》杂志市场高级经理王安妮、以及《瑞丽家居设计》杂志资深编辑刘善梅、第三幼儿园的袁副园长携老师们出席了本次活动，部分幼儿也在父母的带领下来到会场参与“妙想屋”的落成活动。现场共有北京电视台、搜房网、SOHU等十余家媒体的记者到场进行采访、提问。活动的场地由“媒体接待室”、“通往梦想的长廊”和“妙想屋”这三个连续的部分构成。园长和幼儿家庭在华润漆领导的带领下，在“通往梦想的长廊”参观了整个粉刷过程的照片回顾展。其间，华润漆领导对家长和小朋友们关于粉刷过程的提问做出了详尽耐心的解答。随后，华润涂料业务一部部长-张春禄先生、《瑞丽家居设计》杂志销售总监田恩平先生，及第三幼儿园的袁副园长共同在粉刷一新的“妙想屋”门前举行了剪彩仪式。据悉，“妙想屋”墙面的设计主要采用了世界知名的迪士尼卡通形象，而粉刷使用的墙面漆则是由华润漆提供的妙想漆，该产品的最大特点在于除安全、净味、环保外，其颜色的设置来源于迪士尼儿童色彩库纯正柔和的色彩，非常利于孩子视觉神经的良好发育，并能有效使人产生快乐感。二者的结合，不仅能营造出孩子梦想中的生活空间与氛围，更能对孩子个性塑造与品格发展起到至关重要的引导作用，有效培养孩子活泼、乐观、自信的性格和想象力。活动现场，主办方特别在“妙想屋”内特别设置了身着米奇和米妮服装的工作人员与小朋友们互动玩耍，各种卡通形象的异形展板也吸引了大量小朋友与之拍照合影。此外，现场还安排了名为“华润妙想，画我梦想”的幼儿绘画评比环节，小朋友们纷纷用自己天真可爱的涂鸦描绘出心中的梦想以及对祖国未来的美好祝愿。整个落成仪式历时1小时30分钟，“妙想屋”的粉刷效果以及现场工作人员对儿童心理成长与空间环境色彩之间关系的讲解，赢得了现场家长和老师们的一致好评。活动最后在小朋友们对祖国母亲60华诞的声声祝福中落下帷幕。活动主办方，广东华润涂料有限公司的负责人表示，本次公益活动是华润漆和《瑞丽家居设计》杂志携手对祖国60华诞的一份献礼，希望能通过此次活动呼吁整个社会对幼儿生活空间环境品质加以重视，让成年人都来关注幼儿的心灵成长，共同推动儿童早期心智开发以及对他们想象力、创造力的培养，关注孩子，关注祖国的未来！,3,6,0.6739066243171692
协会为行业作用 9年来指导企业发展高志华：他为我们这个会能开好，自己也是亲身投入。包括这次年会，大家反应都很好。现在是金融危机的时候，不好做，我们协会就要为行业所用，要出点子。这个洗牌，不能把好的洗掉，要把坏的洗掉。优胜劣汰是社会的发展规律。我们这次年会严格讲起来有三大主题。第一个主题，是我们年会的工作。在年会工作里面，我们把3家九连冠，实木复合地板的七连冠要表彰出来。第一个主题第二个内容，现在金融危机主要体现在营销的萎缩、房地产的萎缩上，老百姓口袋里的钱目前不敢花，出口大力衰竭，这样我们就要加强终端。我们怎样开放国际市场？这次我们也请了一些外国的代表团。在国内，我们把终端表彰出来，评出160多家诚信服务经销商。让消费者感到这个经销商老实，我们愿意买他的地板。因为去年的三鹿奶粉等等一些事件使营销中心不放心，我们地板商除了要24小时天天开通以外，我们还要把终端给它挂上。第一个主题里面我们表彰了优秀的经销商。为了把这个形势开好，我们请了国家的主要领导人，比如国资委、中消协，还包括国家工商局的一些领导讲话。听到中央领导对我们地板行业很大的期望，我们感到很欣慰。我们围绕着第一个主题有三个方面。第二个主题，我们成立了中国实木地板复合制度。这个制度的成立使我们中国实木复合地板更健康、更有序地在国内外打开局面。这次应新浪网要求，我们特意把美丽岛和佳乐美请过来，他们就是实木复合地板的龙头企业。美丽岛这个企业在当地是个大企业，现在来讲，它出口内销。所以这次它也出了很大力，中国实木复合地板制度经过专家及有关部门的慎重审查，在这次年会上我们隆重地推出。而且在八达岭长城我们加上了实木复合地板的纪念岭。中国发展速度最快的就是实木复合地板。这个里程碑一开始，中国的实木复合地板即将要蓬勃发展。这是我们的第二个主题。第三个主题，大家靠木地板发家了，挣钱了。最近在开亚洲经济论坛，温家宝总理都去了。而且要谈台湾和大陆的经济联合。可爱的美丽岛就是在台湾，而我们跟美丽岛是大陆和台湾之间合作的典范。据我知道，它拿了1000万到中国做生意，现在一年盈利就几十个亿。它从这里面拿出一点钱在大陆做生意，还拿出一部分资金种树。第四个主题，我们企业家要有社会良知。我们从这里面挣到钱了就要回报于社会，不要吃子孙的饭。我们要给子孙造福利。我们做了很多捐款工作。我是个大学教授，我是有良知的，没有共产党就没有我，我一直是这样想的，我今年70多岁了，不想干了，但是有时候为了使这些企业家能够走上正道，我还要干。一个人做一件事情要坚持下去，很多老板对我很尊重。我们在去年汶川地震中联合捐助50万。这次年会开得好，我们坚持了一贯原则，为政府服务、为消费者服务，也为我们企业家服务。这样才有发展方向。我们也感谢政府的领导，使得小小的地板行业能得到这么大的重视，我心里也是特别地安慰。,3,4,0.3691839575767517
博洛尼陈炜：回潮是一种创新陈炜：因为一个沙龙的话是一个思想碰撞，思想碰撞一定是有互相的辩论和讨论。根据孙群的话，就是谈到了经济基础决定上层建筑，其实回潮我的一个理解，回潮它不是怀旧，可能有很多怀旧的因素，有很多怀旧的现象，有很多怀旧的产品出来，回潮是一种创新，那这种创新的话它其实根源于历史结合现在的创新才能出现新的东西。而且这种创新是经济到了一定情形下才会出现更多的自信去做那个创作。        这就要先说到我们九朝会，九朝会你说它是一个怀旧的地方，是一个很时尚的地方，还是一个混搭的地方，因为这里可以看到很多元素。我们蔡总为什么愿意做九朝会谈起，有些话题很有意思？因为我们发现中国的经济，从这二十年到三十年的发展现在一不小心成为世界第二强国，这前二十年到三十年我们都认为所有东西国外是最好的，从我们孙总最早代理国外家居产品做起，带动了中国的媚外的潮流。现在发现观点变了，从我们装修的角度就可以看出来，现在很多的家里各类的装修，慢慢都会要求加入一些中国传统的中式的东西加进去，但这种中式的东西又不完全是纯粹的中式，要求是新中式，也就是说用现代的手法和现代的概念展现中国传统文化的元素的展现，我觉得这是一种很有趣的创新。在我们九朝会里面的话想体现的是中国从魏晋南北朝的时候，士大夫的精神在这里有所体现，但是展现的方法又不完全是，比如我们在戏派里展现的是昆曲，因为它被联合国评为物质文化遗产之首。京剧本身就是昆曲创新出来的一个衍生的形式。在我们做这个产品的时候，其实一直就是不能照搬，一定是用现在解构的办法展现出来的东西，所以我们也会设计原先的那个炕，像魏晋时期的士大夫在小桥流水旁边席子一卷就出来了，我们可能不是传统的东西，可能用的是现代的装饰的材料来体现这个产品。这里还有很多的空间和区间都有类似的概念和特色。    为什么要这么做？我们会发现中国经济起来以后，一定会有文化上自信起来。这种文化自信起来根源于中国传统的东西，像我们现在到国外，他们对孙子兵法等等是津津乐道，现在的中国什么能代表出来反而很难。这点的话中国经济现在这种强大必然会给我们一次机会，让我们能够结合现在的东西能够展现出去给整个全世界做一点表现。我想这种回潮，其实也是一种回潮，这是根源经济的发展，文化上的自信而做的更多的创新，而这种创新是结合了历史又结合的现代的一种创新。所以我想我们讲的这种理解，不仅仅简单表现一种现象和情况，也因为如此的话，我们是做企业，做商业的情况，我想孙总，他是忧国忧民，讨论的是思想层次和制度层面的东西。我想这种文化的创新，这种回潮必然也会带来了很多商业上的趋势，但我们也不希望如此，不仅仅希望这种商业上的趋势仅仅变成像怀旧的，变成时尚的元素的一个概念，让怀旧变成一种时尚的概念，而应该是人们真正根源于一部分文化上历史上带来的一个新的创新，这个可能是我的一个观点。段妍玲：大家不同意这个观点的可以辩论，我想大家都比较同意。请杨主任来决定这个沙龙的第二轮辩论。,3,6,0.49932777881622314
"博洛尼：新浪漫来袭当城市风靡起“羊爱上狼”时,时尚潮流里可以假装自己不会长大；当有人玩着电动就似坐上时光机，现实的生活拉不回状态；当有人满北京街头寻找瓷瓶酸奶时，捧着那灰白色、腹部浑圆的“蜂蜜酸牛奶”，为的是它能还原童年的味道。是这些渐行渐远的生活，唯有通过丝丝物件将记忆串联，这新生活的浪漫往往带着幻想的美丽，有点忧伤、有点甜蜜、而这甜蜜绵长而深远。在世界经济低迷时期，家居市场也对经济不景气做出各种反应。逃避残酷的现实处境，直接将意识中最美好的虚幻呈现出来，博洛尼从在高端家居市场一直推崇的古典主义到新浪漫主义风格转身中，可以嗅到家居设计的高调转变。新浪漫是什么？一种态度，对时尚遥遥领先的把握，纵览云端的设计潮流；一种格调，激活沉淀于心底的浪漫因子，让生活艳丽绽放；一种力量，柔软女性主张的极致表现，那抹最令人感动的温暖。新浪漫之梦幻新浪漫主要特征注重个人感情的表达，形式较少拘束且自由奔放。往往表现是怀旧的，梦幻的。没有王室绅士贵族淑女，无法雍容自如地跳小步舞和华尔兹？当昔日的浪漫成为了遗憾时，用一点柔软和回转的线条，一点粉调或浅淡色调，用一点流苏的，布艺褶皱处理面料装饰，用一点花卉纹样，渲染出一点对往日浪漫风采的思恋。这就是新浪漫。新浪漫是文化的、深刻的、并且不断反思现实的，同时把最新的元素融入家居时尚中。不是一味对过去的追忆，而是让过去的美好追忆焕发新的生命。新浪漫者特别注重家居的环保、智能，对破坏环境的行为，他们表现出不可宽恕的态度。强调更多生态材料的运用而减少对自然环境的破坏，新浪漫主义在颜色方面趋向以白色灰色为底色，加入柔和的大地色或呼应季节的粉紫色的和谐统一。新浪漫之激动电视选秀节目里,两位评委为了浪漫争吵起来,一位认为激情与浪漫是不一样的,另一位则辩护说浪漫是在每个人心中的,一万个人有一万个浪漫的理解。是这样吗？有趣的话题引发了神经的思考，难道浪漫真的每个人的理解都不一样吗？如果是那样，浪漫的价值又如何体现呢？理性痛苦的思考对浪漫而言本身就是残忍的，当事物满足了人们的感情倾诉，实现了一种现实的超越时，就是浪漫的。浪漫注重的是个人感情的表达，常需要夸张的方式跳脱出常规，创造浪漫元素，实现浪漫。当世界经济一蹶不振时，人们开始回归家庭，家成为躲避风雨的心灵休憩港湾，学会以一颗浪漫的心面对生活。浪漫来自你的内心，浪漫来自你的血液。如果浪漫可以分级，那么按照体温的标准，36°8的新浪漫恰恰好。在生活中寻找一点感动，给平凡的生活加点浪漫的因子。试着给自己的家来颗新浪漫的维他命，以另一个角度诠释自己的生活，把硬棱角，来个软包装。感动的一定是自己。新浪漫之温暖新浪漫属于不愿与时尚为伍的知识女性，她们会把一个在车库中久经岁月的靠包、花布改造成时下最惹眼的装饰，或者是一个奶奶辈的碗柜刷下时下最流行的中国红是新浪漫者最擅长运用的手段。新浪漫所表达的“柔软”不等于示弱。女性与生俱来的柔弱肢体，敏感的性情，细微的感触，无不是柔软的。但独立的个性、潜藏的灵感、敏感的好奇心、成就了以女性主张为核心的新浪漫主义的崛起。亮片、垂帘、珠珠等装饰物，断断续续地坠落着，充满精神性和表演性柔软细节让流露出可贵的简洁感和自如感。新浪漫风格就像衣服一样注定被懂得她的人们所钟爱，他们会将自我的一些特质赋予空间，超越时代。爱的暖意就在精心营造的家的点点滴滴中。新浪漫如细雨如微风，轻轻柔柔，带着爱意带着温暖。2009，让平静的新浪漫主义带给我们家的另一种惊喜！",3,6,0.9677380323410034
各城市领导分别谈对林业产业维权看法 &nbsp;主持人：广东省知识产权局对林业产业国际维权十分重视，并给予了大力支持，下面有请广东省知识产权局副局长郑良生先生发言。郑良生：各位领导大家上午好，我代表广东省知识产权局对本次研讨会成功召开表示热烈的祝贺。刚才听了贾局长的重要讲话以及各位专家的发言，特别是听了燕加隆公司所取得的国际维权情况的汇报，很有感触。对于燕加隆公司在国际维权这件事，广东省知识产权局一直非常关注，也真心的希望他们可以打赢这场国际商战，前不久燕加隆告诉我，赢了，燕加隆赢了官司，在这里我对燕加隆的成功和胜利表示热烈的祝贺。下面我想就燕加隆公司在国际维权当中所取得的成绩讲几点看法：一，燕加隆胜诉的关键就是燕加隆一拍即合技术具有知识产权。用广东人讲这是正货，不是假货，正因为是具有知识产权的技术，所以才可以在国际上站住脚；第二，燕加隆胜诉的成本就是他们重视创新，重视知识产权，把知识产权视为企业的生命，创新是知识产权的手段，而知识产权是保持创新的法律保障；三，燕加隆给予我们的经验是非常可贵的，在他们取得成功的同时，也给予我们一些重要的启示，第一，知识产权是企业走出去的战略法宝，是企业开拓国际市场的一把利剑；第二，在企业建立知识产权制度是现代企业制度发展的必然；三，企业要发展，必须重视技术的研发和创新，从而创造出自己的知识产权，形成自己的核心技术，占领产业发展的制高点；四，要有一只懂得国际知识产权的队伍，第五，进行国际知识产权的研发，有计划的进行战略布局，这一点我认为我们要学习发达国家企业的经验，例如摩托摩拉公司，他们的手机在中国上市前已经在中国申请了很多的专利；第六，遇到国际贸易摩擦时要积极应诉，敢于应诉，勇于维护自己的利益，积极不是蛮干，要像燕加隆公司一样，有胆有识，有理有据，研究制定应对的策略。以上几点看法是我认为的看法，仅供参考，谢谢大家！主持人：湖北省十分重视科技创新，省林业局率先组建了中国首家低碳经济产业园，引入了像燕加隆一样具有核心知识产权的企业，参加会议的除了林业厅还有一些有关的县、镇领导也参加了，体现了对知识产权的支持，下面由湖北省林业局代表陈先生发言。陈先生：各位领导、各位来宾大家好，今天发言的应该是我们王局长，但是今天下午他要参加一个调研，他临走的时候委托我代替他发言，所以我今天代表王海涛局长，代表湖北的地板企业向燕加隆在加拿大、美国337当中的胜诉表示热烈的祝贺，这不仅长了燕加隆的志气，更长了中国民族企业的志气，这是燕加隆公司掌握产业核心技术，前不久我省在湖北成立了低碳经济产业园，燕加隆公司作为这个园区的龙头企业，牵头企业，投资数亿元发展低碳经济，在这个方面，为发展低碳经济改革方面真正的起到了龙头带动作用，燕加隆一拍即合的专利技术不仅在于他是产业核心技术，也在于他的环保核心技术，不仅如此，燕加隆公司还在湖北发展产业工业，营造工业园40多万亩，有利的支持了低碳经济的发展。燕加隆企业的胜诉，为我们的所有的民营企业带了一个好头，树立了一个榜样。最后希望燕加隆公司进一步注重产品的质量，加大国际市场的力度，进一步研发新产品，推出新技术，获得新专利。把企业做大做强，在国际竞争中仍然立于不败之地，谢谢大家！主持人：林业产业知识创新，国际维权的问题一直得到国家林业局的重视，现在有请国家林业局科技发展中心常务副主任林先生发言。林先生：非常感谢主办方能够在这里为我们行业举办这次研讨会，代表国家林业局科技发展中心科技司对本次会议的主办表示衷心的感谢，同时也感谢大会为我提供一个发言的机会。在这次会议上非常荣幸，也非常高兴的听到燕加隆再次在国际素取得了胜利，燕加隆公司是我们中国，尤其是中国林业企业在国际上参加国际贸易诉讼取得成功的比较少的范例之一，在林业行业当中取得了巨大的振动，我们科技口，科技界对这个问题十分的关注，受到了巨大的鼓舞，在此请允许我代表林业科技战线的全体员工，对燕加隆再次取得国际当中的胜诉表示热烈的祝贺。在世界经济日益全球化的大背景下，在知识经济飞速发展的今天，知识产权是一个核心竞争力的体现，为了应对全球技术贸易摩擦，为了提升我国经济、社会的发展水平和竞争实力。国务院在去年颁布了《国家知识产权战略纲要》，标志着知识产权战略已经成为国家层面进行实施，预示着我们国家的竞争和全球化的竞争上了一个新的台阶。在这里我简单介绍一下林业知识产权管理的有关情况。首先，介绍一个概念，就是林业知识产权包括哪些内容，为了进一步贯彻国家知识产权发展纲要，同时组织六个专题组在进行广泛的调研，争取在短期内制定，颁布出林业知识产权战略纲要。林业知识产权战略纲要主要包括这么几个部分，一个是专利，据我们了解和在数据库的统计有效记录，林业的专利数量是六万多件，其中近一半都是有效的管理，都是目前有效的管理，在全国专利应用总数的2%，整体来说还是不多的。第二项就是体现行业特色的新品种，中国是一个资源大国，也是生物资源非常丰富的国家，经过人工的治理开发，国家出台了一些新的政策，要经过授权、申请，测试、审查确认的，这部分的林业新品种目前已经颁布了四批，供78个，130多件，即将颁布，如果可以颁布的话，在今年年底，明年年初总数量大概在133个水准，达到500件左右。第三个就是体验行业特色的，比如说大家熟知的一些，我们和农业部共同管理的生物、植物、动物这些拥有地理标识的产品，林业这边主要是从林木，果树。再有就是体现林业知识产权管理范围，就是生物遗传资源，我们国家的生物遗传资源十分的丰富，这部分森林林产资源占全球的30%多，我们国家现在是生物遗传的进出口交易大国，通过人的治理、开发、应用；最近12月1日，国家林业局正式批准，将林业行业知识产权工作归到科技中心的职能部门下，为此还专门设立了一个执法管理处，主要负责林业新品种，专利，生物遗传方面监督管理形成执法，目前正在拟定的力量，在行业省区也要相应的建立执法部门。这次参加这个会议也是一个学习的机会，非常感谢主办方产业协会、林产工业协会，燕加隆公司给我们提供这个机会，在这里我们有两个处长在这里，将来作为行业的知识产权管理工作，既要对上面连接国家知识产权局、工商局之外，对内要做好协调，对林业企业做好服务性的工作。最后我简单介绍一下近期将开展的三项工作，主要是在以往工作的基础上，进一步加大力量，从贯彻国家知识产权战略纲要的角度，认真组织行业内的知识产权的工作，重点强化林业知识产权保护，促进林业自主创新和产业发展，抓住实施国家知识产权纲要的时机，抓住林业生物遗传资源等主要产品的保护和应用，提高林业知识产权的质量和核心竞争力。尽快的出台并落实国家林业局贯彻实施国家知识产权战略纲要的指导意见，加强行业指导和协调推进，采取相应的支持和激励措施鼓励自主创新，提升林业产业的整体实力；第二，联系建立林业保护的机制，重点开发出口林产品和知识产权的平台，为林业企业有效的支持产权壁垒提供信息和技术，这个工作主要依托协会的力量，学校的力量，科研的力量做。第三，是要推动建立各种形式的知识产权，开发和保护，开展林业科研单位，企业、单位试点，在此告诉大家一个消息，我们以将燕加隆公司，林科院木材工业研究所叶所长他们，还有大亚集团三家列为林业知识产权的试点单位上报到国家知识产权局，近期就应该批准下来了。我们想借这个机会提升我们的形象，林业知识产权这块的工作量，虽然刚刚起步，当然我们想开好头，高效一点，所以慎重的选择了三家，一旦成功，将获得国家的一些支持。重点是要提高自主知识产权和抵制国际贸易壁垒，推动林产业的发展，最后感谢主办方，认识大家非常高兴，我们行业知识产权管理部门将全力做好服务性的工作，密切配合协会、学会、企业集团、科研单位，以及林业全行业的管理部门，做好我们林业知识产权的保护和管理工作，谢谢大家！主持人：国家知识产权管理部门一直重视这项工作，现在我们欢迎中国专利保护协会副会长兼秘书长肖鲁青女士发言。肖鲁青：各位领导、各位专家大家好，再有两天2009年就过去了，2009年是不平凡的一年，温家宝总理接受新华社记者采访时说过去的这一年是惊心动魄的一年，金融危机当中企业是首当其冲遭受了很大的冲击，中央采取了措施，使中国的经济出现了企稳，一些企业突破了金融危机的影响和国际的打压，出现了良好的发展局面。今天在这里研讨中国林业企业国际维权问题，从一个侧面真实的反映了这个情形，深圳燕加隆公司多年来在市场上维护自己的知识产权，并取得胜利，成为我国企业海外维权成功的范例，因此，举办这么一个会议是具有非常重要的和深远的影响意义。首先反映了我国的企业在国际竞争中不断的发展壮大，我们国家拥有一批自主知识产权的企业，通过自己的努力，实现了一定的目标，也体现了中央领导说的创新可以赢得实力，创新可以赢得发展，创新可以赢得尊严的深刻的道理，在经济全球化的时代，世界的竞争最根本的还是知识产权的竞争，在这一点上，燕加隆就是一个榜样，他们发明的一拍即合地板锁扣技术是一个新兴的专利，它解决了地板的核心空白点，实现了核心的创新，满足了市场的需要，打破了国外市场的垄断，实现了知识产权的价值。其次我们通过燕加隆国际维权的艰难历程也看到，我们企业都面临着这样的挑战，中国的企业要想走向国际市场，必须要做好知识产权的大文章，随着我们国家的企业越来越多的进入国际市场，中国的企业在海外遇到的知识产权诉讼越来越频繁，美国的337调查已经不是什么新鲜事了，核心也是知识产权权利是否得到了侵犯，目前我们国家的企业95%的涉外专利诉讼都发生在美国，发达国家企业运用知识产权壁垒进行大量的侵权诉讼目的很清楚，就是排斥和削弱国外的竞争对手。发达国家的贸易保护主义日益加剧，维护他们的市场垄断和知识产权的优势，为了避免我们企业在知识产权战争中的高额代价，企业建立知识产权的经营策略，管理技术制订海外知识产权的管理应对，都是有效的措施，燕加隆可以通过核心技术，通过知识产权打破国外产业的垄断，走向国际市场也为我们广大的企业提供了一个典型的案例。燕加隆企业维权胜利也告诉广大企业，面对国外企业的侵权诉讼，我们不要迷信国外的先进技术，不能只采取回避的态度，应该敢于积极应诉，学会一定的规则，聘请有经验的律师应诉。近年来我们的企业也相继在国际侵权诉讼中打赢了官司，给我们中国的企业增加了信心和决心，同时也积累了国际诉讼方面的经验，希望更多的中国企业能够以燕加隆公司为榜样，努力的研发自主核心专利技术，不断的增强企业的竞争力，使更多的中国产品走向国际市场，国务院在去年六月五日颁布《国家知识产权战略》我们也相信各级政府也将为企业提供更好的法制环境和市场环境，促进越来越多的企业把知识产权战略融入到企业自身发展的战略当中，提高企业的知识产权，创造、应用、保护、管理能力，推动创新性国家的建设，谢谢大家！主持人：我们刚才以燕加隆国际维权经历为案例，在国际贸易、知识产权等多角度进行了研讨，各位专家、来宾都提出了非常多的建设性的意见和建议，有关国际林业产业维权问题，本次研讨会是一个开始，希望各界，各方面进一步重视和关心林业企业国际维权问题。本次会议就到这里。,3,4,0.7497377991676331
同方彭林：以一当四 开启家庭PC新时代(组图)功能卓越的至尊强者，以一当四来势汹汹，开启家庭PC新时代。备受关注的客厅高清家庭影院电脑(HTPC)行业将迎来新的变革！同方灵悦2——堪称全球最小最瘦身的代管去高清迷你电脑，基于NVIDIA公司的ION图形处理器，提供强劲的高清解码功能，完美支持1080P高码流搞清影音解码，超小体积仅1.8L，八面玲珑外观之下却内含相当丰韵，是一台集合蓝光DVD、搞清播放机、体感游戏机的小巧精致家用PC。时间：2010年1月22日下午15：30-17：00地点：清华同方股份有限公司嘉宾：同方股份有限公司计算机系统本部、消费渠道事业部副总经理彭林主持人：谢娟以下为现场实录：主持人：各位新浪的网友大家好，今天作客新浪乐居嘉宾聊天室的嘉宾是清华同方计算机系统本部消费渠道事业部副总经理彭林先生，彭总第一次到我们聊天室作客，可以先给我们新浪的网友问声好。 图为CRIC房商集团华北区总经理张晓辉为同方颁奖彭林：各位新浪的网友大家好，我是彭林，负责清华同方消费类产品。主持人：首先恭喜清华同方获得“2009新浪乐居网友最关注的数字家庭电脑品牌”，刚刚我们也进行了一个简短的颁牌仪式，说到清华同方很多产品都受到广大网友的关注和喜爱，我们最新近的一款产品就是灵悦2，它的功能是全功能客厅娱乐高清电脑，请您给我们讲一下全功能的定义，好吗？彭林：其实同方关注客厅数字化的事情已经很久了，包括我们名字叫做灵悦2你也知道其实它之前还有一个叫做灵悦1的产品，那个产品其实是在2002年左右就已经诞生了，经过这么长时间，我们对于数字家庭的理解又有了一个更深的进步，为什么我们这次开发灵悦2产品呢？我先简单介绍一下灵悦2产品的定位。其实我们在考虑未来消费类产品将要往哪个方向发展的时候，已经深刻的意识到一个问题，就是我们很多的消费者都有这样一个需求，什么样的需求呢？我们需要把一些电脑上的内容和一些互联网上的影音希望可以搬到我们普遍的客厅里的电视、音响或者投影仪比较重要的一些客厅的媒体娱乐化的设备上，这样用户体验起来可能更加舒服，而不是简单传统的通过普通的电视节目，或者简单的光盘、DVD。其实这样一个简单的现象背后透漏着一个深层次的未来的发展方向，就是笔记本电脑以及普通的家电化设备的融合，这个事情很多厂商已经做了。但是具体怎么做，做出什么产品可以很好的整合起来，让用户有很好的体验，清华同方主要是在这些方面做得比较靠前。这样一个产品你们会看到很小巧，非常时尚，甚至当拿到它的时候你会很惊讶它是一台电脑吗？可能觉得它不像一台电脑，很家居化的产品，其实这也是我们设计它的初衷，我们希望这个电脑设计起来以后，看起来好像一个普通的家电设备，但其实它是一台全功能的电脑。全功能有这么几个层面，一个是它用的其实是X86架构，X86架构意味着它可以运行W平台，运行W平台意味着所有基于W的软件、娱乐、播放的格式它是通吃的，都能够兼容的。另外，也意味着它可以把整个互联网的内容原封不动的获取过来，因为这是W平台和X86架构的优势所在。第二个全功能，它虽然体积非常小巧，但是它的性能一点都不弱，它用的是Ion离子平台，它在视频解高清方面的处理能力是非常非常强的，我们现在可以非常流畅的支持1080p的片源的格式，不要看着小巧，但是在视频表现力上是非常非常好的，这也是一个全功能。第三个全功能指的是我们在这么小巧的体积里，我们还做进了光驱，而且光驱还是可换的，将来你可以换成蓝光，或者你买了一台DVD可以换成蓝光，或者未来格式的光驱性产品，这个在业内就不容易了。因为业内如果有类型的产品的话，体积或者比这个产品大，或者没有光驱。没有光驱意味着什么呢？意味着用户只能把它当成互联网的终端设备使用，无法当成CE、DVD光盘的设备。用我的化来讲3C融合还不太到位，有了光驱以后，听歌、看电影都非常非常方便了。所以，用一句话概括，麻雀虽小，但是五脏俱全。 图为灵悦2产品图片主持人：您刚才提到这三点都与我们家庭娱乐息息相关，接下来请您给我们阐述一下在现在这个时代，您对于家庭娱乐所处这个层面的理解究竟是一个什么层面才能满足现代人对于家庭娱乐的一些需求，在这个过程中我们科技产品又扮演着怎样的角色？彭林：是这样，其实每个公司，包括一些国际大厂，像英特尔、微软都有自己对于未来数字家庭的定义，那些大厂也都出了很多成套的解决方案，但是同方作为一个中国的本土企业，它作为中国式的家电，在未来五年到十年中它应该变成一个什么样子，我们有自己独特的研究和看法，可能跟他们不太一样。我们认为国内的一些家庭在未来数字娱乐化应该往哪个方向发展呢？我觉得最重要的一点还是如何把互联网海量的一些娱乐资源可以真的和客厅、电视这种传统的显示设备和享受视听设备进行一个整合。这个其实就是我认为未来五年中国家庭特别关注的数字娱乐家庭的一个方向。怎么做，不同厂商在探索不同的道路，清华同方我们是希望提供一个非常家电化的设备，首先从外观就很家电化，从使用感受来说，也很家电化。比如它的快速开机，你希望一个家电型的产品，DVD也好，音响也好，开机时间不应该像普通电脑一样，一分钟，两分钟的时间才启动起来，你希望是一个即开即用的感觉。第三点非常方便，当你想看到一个影片的时候，你希望通过几个简单的操作键就可以看到这个影片，这些都是家电化的一些特性。我们电视、机顶盒一开开就可以直接观看了。这是家电化的一些要求，另外还有PC方面的一些要求，用户希望我获取的资源是无限的，他可能不太希望仅局限于电视台播放的一些内容，给我们固定安排好的一些内容，我希望选择我感兴趣的内容，这个是互联网可以提供给他的，但是普通的电视节目提供不了。还有就是互动交流，我不是仅仅作为一个信息的接收者，我可能也会在看或者享受的过程中我也希望表达我的一个感觉，或者我需要跟别人交流，或者我需要来改变我未来新的娱乐的内容和一些方式，我希望去表达，这些是普通家电提供不了的，是传统的PC领域所能提供的。融合指的就是把这两种方式很好的结合起来，让它既有家电化的体验，又可以有IT领域中内容的一个支持。我认为我们不用看得很远，说未来智能化家居或者娱乐化家居发展成什么样，但是我认为未来3—5年左右，中国的家庭很多人都会有数字娱乐整合的设备作为自己在家里娱乐的一个中心。,3,9,0.8201143145561218
吴厚斌揭秘《生活不是诗》创作历程吴厚斌揭秘《生活不是诗》创作历程吴厚斌：大家下午好，刚才赵总、张总、李总说了很多恭维的话，我说恭维是确确实实我做得非常不够。今天是星期二，是一个非常繁忙的日子，我今天搞这个活动本身是很忐忑的，这些老总能不能来？会来多少？我这部诗集里，涉及到的人物有130个左右，今天到这里来的有七八十个，很多人很繁忙，也发了信息来祝贺。在这里，我心怀感激地给大家说说我的这本诗集。 首先，我要说一下为什么要出这本诗集。大家知道我是一个记者，文学不是我的本行，因为我真的没有读多少古文，更没有背多少诗。我在初中高中的时候都是理科，那个时候升学最主要。作为一个农村的孩子，要跳出农门，只要不高考的就不去学。那个时候历史、地理、语文都不是要求很重，因此对于诗的一些积累是没有的。 后来开始写诗是进了记者这个行业，不能人云亦云，我在行业里有一句话叫“原创”。不管写得怎么样，写得好、写得坏，一定是自己的东西，我把它称为“原创”。逢年过节的时候看到一些新鲜的东西，总想跟朋友们发一个信息共享，发现很多大家传来传去的格式化短信没有新意，我想有些个新意，在逢年过节的时候就写一点新的。用诗的方式写，简单，明了，没想到这种做法得到了一些朋友的赞赏，于是就越来越脸皮厚，就继续写下去。 到了去年的奥运会，因为报纸全部向奥运让路，所以没有多少事，天天看体育、看赛事，其实我不喜欢体育，但是因为是百年不遇的大事就看。看完以后，做记者的职业反应是手快，就写一些东西发给大家。我发的这些人都是有头有脸的朋友、老板，大家都很忙，不像我这么闲，他们没有时间去看电视，我的诗成了他们了解奥运赛事的重要途径，哪一天发得晚了一点他们还会发短信来关切地问：你怎么了？没什么事儿吧？这样一鼓励，奥运会16天，我写了26首诗，在这本诗集里有一个奥运板块，基本保持了当时的原貌。 奥运期写诗习惯了，奥运之后就成了一个习惯，每天看到什么事情都会写下来，然后跟朋友共同欣赏，有一部分人愿意欣赏，我在手机里形成一个“诗友群”，写的每首诗歌发给大家。现在我的诗友群有200个比较固定的朋友。形成习惯之后，到什么地方都写，我最多的时候到桂林一天写十首，一景一首，给大家发，他们说你每天都很闲，我说不是闲，而是每天都有感悟。时间长了我这些诗友就对我说，你出个诗集吧，不然我的手机都存不下你的诗了。我觉得作为我人生中的一段旅程，作为日常生活中所见所闻的感想，把它积结起来，出一本诗，也是一件好事。这就是我为什么会出这本书的原因。 第二点我要说的是，为什么叫“生活不是诗”。出这本书的时候想了很多名字，最初叫“生活咏叹调”，是一个出版商取的。大家说太落伍了，像上世纪八十年代的名字。于是我就发动朋友一起想，征集各种方案，有什么触摸生活、感悟生活等等，都不是特别满意。有一天跟绿之岛董事长林高宝交流，他说家居行业有本书叫《千万不要卖家具》，讲的就是如何卖家具，因为它要表达的观点是，不要为卖家具而卖家具，卖的是文化、卖的是创意。于是我得到了启动：我写的是生活，生活不是诗，但有灵感，有激情，就变成诗了。于是我决定名字定为《生活不是诗》，因为生活确实不是诗，有感悟、有激情的人才能写出诗。 第三，这个诗集里写了些什么？大家知道，除了我所关注的商业、家居行业以外，这部诗集里还有很多其他的东西，有感悟、有出游、有奥运，有回到家乡看到的美景，还有同学聚会的感悟，形成了十集，相对比较丰富。 第四，诗集的特点，从原创的角度来讲，这本诗集的其他东西都不重要，我觉得我有一个最重要的原创，那就是自己给自己的诗集做注释。过去的诗人写诗，究竟是什么意思，都希望大家去猜，但是我希望在自己的书中把自己见到的东西、当时的场景全部写下来，让大家轻松地去了解。我想，如果五百年后我不幸成为人们怀念的诗人，那些想通过注释我的诗吃饭的人，肯定是被我砸了饭碗了。 真心地希望，我这本《生活不是诗》，给大家带来感想，带来快乐，成为大家茶余饭后的谈资。谢谢大家！,3,2,0.3111860752105713
嘉丽士漆牛年大让利   加盟10万送20万在嘉丽士2009年营销精英集训会议上，嘉丽士总经理张文辉先生宣布“全力出击， 集中资源，精耕细作，密集网络”的营销作战方针，不惜重金聘请国际当红影星李冰冰小姐出任嘉丽士代言人，并公布史无前例、让利空前的“嘉丽士漆牛年大让利，加盟10万送＞20万”的招商政策，率先出击各种活动，抢占千载难逢的利好机会。率先出击E网络招商 抢占千载难逢的机会2008年金融海啸对各大企业影响颇大。据了解，阿克苏至今已经关闭12家工厂，裁员2万多名员工，开始执行“开源节流”计划应对金融危机。从康师傅高薪聘请到立邦的中国区总裁已辞职。中华制漆的“立邦团队”涌进，使原有的精英人才分流；收购华润的威士伯2008年销量下滑。而嘉丽士2008年在CCS紫光大道营销模式的指引下，在全国拥有800个加盟商，加盟店达到2560家，全年销售实现正增长，特别是乳胶漆增长幅度较大，成为涂料行业异军突起的一批黑马。日前，小品牌正在压缩投入，大品牌受全球金融危机影响纷纷出现不同程度的状况。而国家相继出台“二套房贷政策松动、免税、降息、暂停对境外机构和个人购房的限制、开发商拿地可延期付款”等等救市政策扶持房地产产业，使很多城市房地产连续数周销量增长，出现逐渐房产回暖现象。可见，2009年是嘉丽士天时地利之年，是嘉丽士把握千载难逢机会之年。因此，嘉丽士率先挑战机遇，在各大涂料网站、建材网站、装饰网站、招商网站、搜索引擎网站、门户网站家居频道等等1000多个网站进行“嘉丽士漆牛年大让利，投资10万送＞20万”的大规模招商活动。率先出击大让利活动 抢占千载难逢的机会嘉丽士面向全国空白地区(省级、省会、地级、县级)诚征装修漆加盟商，凡在2009年加盟嘉丽士的经销商，只要加盟10万，就享受行业史无前例、硬件软件配套齐全、首批亏本大让利的＞20万元支持，即15万的全线产品支持+1万店面装修支持+1万会员启动基金+1万元店长和服务人员培训基金+1万售后服务车购买基金+1台无气喷涂机+1台终端电脑+1台调色机等硬件支持，还配套人员招聘培训支持+成功市场观摩学习+《公司化管理手册》+《终端标准手册》+《乐活色彩推广手册》+《终端标准培训手册》+《钻石会员俱乐部操作指导手册》+《小区推广指导手册》+《装饰公司推广指导手册》+《工程招投标指导手册》+《售后服务标准手册》+《市场管理政策》+《紫光大道营销模式》光碟等等软件支持。率先出台8大保增长措施 抢占千载难逢的机会为了延续嘉丽士持续增长的势头，在嘉丽士经销商年会上，周董事长特别指出8大保增长措施：其一、零利润保增长；其二、员工重奖重罚保增长；其三、空白市场全面开发，并协助客户开发乡镇网络保增长；其四、乡镇产品下乡支持保增长；其五、广告预算增长3倍建设品牌保增长；其六、全力出击做样板市场，保证加盟客户盈利发展；其七、网络密集强终端保增长；其八、工程师走进市场，为市场订做产品保增长。嘉丽士周董事长预言：谁在2009年有大动作，而未来1-2年即可大翻身，比往年更容易获得成功！,3,6,0.9958343505859375
嘉宾为红星美凯龙北五环店正式剪彩主持人：现在稍稍有一点小雨，我觉得水代表的是财，一定象征着红星美凯龙的业绩不断的攀升，下面正式剪彩，有请各位嘉宾上台。主持人：现在我们的红星美凯龙北五环店正式开业，谢谢各位！在这里我们共同预祝红星美凯龙的明天更加美好，今天的开业庆典仪式就到这里，感谢各位的光临，谢谢！(本次活动到此结束),3,6,0.9234636425971985
国家副主席习近平考察陇星散热器公司6月9日下午，中共中央政治局常委、国家副主席习近平和同行的中共中央政治局委员、中央书记处书记、中央组织部部长李源潮，在中共甘肃省委书记陆浩、甘肃省省长徐守盛、兰州市委书记陆武成等省市领导的陪同下，来到位于兰州高新技术产业开发区的兰州陇星散热器有限公司考察。陇星散热器有限公司董事长吴爱华、总裁吴继祖陪同考察，并向习近平副主席及有关领导汇报了公司产品研发及企业经营情况。习近平副主席首先参观了陇星散热器有限公司新落成的“中国散热器采暖集成系统展示中心”，随后来到生产车间考察。习近平副主席在听取吴继祖总裁的介绍时，频频点头，对陇星集团坚持科学发展观，积极应对金融危机，走自主创新之路，研发环保节能产品所取得的成绩给予了充分肯定。习近平副主席饶有兴致地观看了陇星各种散热器产品，了解到陇星产品节能环保、物美价廉时，副主席说：“好，就是要研发、生产既环保节能，同时老百姓买得起的产品。”一路上，习近平副主席说的最多的一句话就是：“好，很好，希望你们好好干！”亲切的话语，充满了国家领导人对陇星干部的关怀和对广大员工的鼓舞。下午三点零五分，习近平副主席结束了对陇星公司的考察，在全体员工热烈的掌声和依依不舍的目光中离开了陇星。习近平副主席亲临陇星考察，这是陇星公司及散热器行业莫大的荣耀，陇星人将以“提供优质采暖产品，提升民众生活品质”为宗旨，秉承“诚信、进取、品牌、责任”的企业精神，为实现“提高民族品牌竞争力、实现产业报国”的目标而努力奋斗！矢志成为中国散热器行业国际品牌！6月11日，中央电视台《新闻联播》、《晚间新闻》，甘肃电视台《甘肃新闻》等重要媒体进行了新闻报道。中国建筑装饰协会、散热器行业协会领导、业界专家等有关人士也纷纷向陇星公司表示热烈祝贺。,3,7,0.9980359673500061
国家环保部给予圣象健康消费行业至高评价在2009年10月15日由国家环境保护部及环保部环境发展中心中国环境标志15周年纪念活动上，经国家环境保护部批准，环境保护部环境发展中心授予圣象集团等10家国内行业重点企业“中国环境标志突出贡献奖”。国家环境保护部专门为圣象集团发布了评价：圣象集团作为中国最大的木业家居行业企业，致力于创造产品健康水平及环境行为的最高境界和标准，不断改进产品健康水平和生产资源的可持续发展环境友好是绿色经济和消费的典范。这个奖项是迄今为止国家环境保护部对全国行业企业“产品健康指标优和环境行为优”综合效益优秀认证企业的最高评价。这个评价是基于环境保护部中国环境标志认证的客观标准和企业日常绿色经济行为的评价而做出的。环境保护部副部长吴晓青以及国家发改委、商务部、财政部、科技部、联合国环境发展署等领导和嘉宾为圣象集团等十家获奖单位颁奖，圣象集团常务副总裁郭辉先生代表圣象集团授奖。,3,6,0.9530760049819946
国美门店试取消进场费 家电商担心变相收费贝恩资本3名董事会成员进驻国美电器后，首个针对渠道门店的战略改革浮出水面。记者昨天获悉，国美试取消进场费。目前，国美电器首家无进场费门店已经在济南开张，下半年还会有50家这样的门店在全国相继开业。国美方面表示，取消进场费和厂家促销员是国美今年提升门店效益的内容之一。 部分家电厂商表示，变相收费是连锁卖场惯用的手法，即便没有进场费也可以通过提高经销商返点费，比如广告费、年节费、毛利补差等来变相收费。还有不少厂商担心，国美取消进场费有可能只是一种形式上的调整。,3,6,0.9598751664161682
国际金价下跌拉低国内金饰价 黄金卖场销售增三成受国际金价下调影响，北京多家黄金卖场日前集体下调金饰品零售价，其中千足金饰品每克最多降7元。金饰价格下调，再加上“节日”效应，消费者购买欲望被点燃，多家黄金卖场销售火爆，据北京菜百公司统计，元旦三天假期中，菜百销售额突破2亿元，同比上升30%以上。记者在菜百看到，调整后的足金饰品为269元/克，每克下调9元；千足金为288元/克，最多每克下调7元。这也是2009年下半年黄金饰品连续6次价格上涨后出现的首次下调。金饰零售价的下调让对价格敏感而处于观望的消费者纷纷“出手”。记者了解到，以“虎元素”为主题的金饰出现热销，而在高端系列产品中，世界黄金协会推出的“唯有金”系列销量一直雄踞高端产品之冠。与热闹的销售大厅相呼应，位于菜百二层东侧的贵金属投资交易中心的柜台前同样人头攒动。“如果近期国际金价没有大幅度下调，暂时不会再次下调价格。”多家黄金零售店表示，目前的价格能否保持到春节取决于国际金价的走势。分析人士认为，国际金价近期走低的可能性不大，金价震荡过后有望展开升势。,3,1,0.5764992833137512
圣象参加亚太区合法认证林产品国际研讨会9月8日，由国家林业局对外合作中心、大自然保护协会主办的，美国国际开发署、亚洲负责任林业与贸易项目协办的、中国林科院和世界自然基金会组织的“亚太地区合法及认证林产品国际研讨会”在中国上海举行。中国国家林业局国际合作司司长、美国国际开发署环境主任、欧洲森林研究所所长、世界自然基金会、中国林产工业协会等官员及社会、企业等各界人士参加。圣象集团作为全球森林与贸易网络的一员受邀参加了此次会议。集团副总裁郭辉就“合法合可持续木材的营销”作了主题发言，介绍了圣象在原材料采购供应链合法化和共享欧美合作伙伴合法原料的经验，阐述了未来圣象在保护环境、维护世界林产可持续发展和促进林产品合法贸易的规划，将为推动本国森林可持续发展做出努力。,3,6,0.47165125608444214
圣象摘得环保部中国环境标志突出贡献桂冠在2009年10月15日由国家环境保护部及环保部环境发展中心中国环境标志15周年纪念活动上，经国家环境保护部批准，环境保护部环境发展中心授予圣象集团等10家国内行业重点企业“中国环境标志突出贡献奖”。这个奖项是迄今为止国家环境保护部对全国行业企业“产品健康指标优和环境行为优”综合效益优秀认证企业的最高评价。这个评价是基于环境保护部中国环境标志认证的客观标准和企业日常绿色经济行为的评价而做出的。环境保护部副部长吴晓青以及国家发改委、商务部、财政部、科技部、联合国环境发展署等领导和嘉宾为圣象集团等十家获奖单位颁奖，圣象集团常务副总裁郭辉先生代表圣象集团授奖。国家环境保护部专门为圣象集团发布了评价：圣象集团作为中国最大的木业家居行业企业，致力于创造产品健康水平及环境行为的最高境界和标准，不断改进产品健康水平和生产资源的可持续发展环境友好是绿色经济和消费的典范。以圣象“新实木”系列地板产品为代表的圣象各个领域的产品是国内最早获得中国环境标志认证的产品，通过执行国内外最高等级的健康指标和可持续发展的环境行为和承诺圣象正在不断创领这一领域的新高度。据悉，中国环境标志突出贡献奖授予从同行业中国环境标志认证企业的第一名中初选而出并在所有全国30000个中国环境标志认证产品中评选10名，圣象集团行业唯一入选。共同入选的企业还有：佳能、爱普生、东风日产汽车等企业。,3,6,0.9757753610610962
圣象郭辉：最具价值品牌证明市场竞争力世界品牌试验室在中国进行中国500最具价值品牌评估已经是第六个年头了。这个机构十分关注中国经济和品牌的发展。圣象集团能工商银行、CCTV、海尔、联想、中国石油、五粮液等知名品牌进入中国500价值100强行列。6月30日上午圣象集团副总裁郭辉先生作客新浪乐居。时间：2009年6月30日星期二地点：新浪乐居嘉宾聊天室嘉宾：圣象集团副总裁郭辉先生主持人：新浪乐居 谢娟以下为现场实录：【主持人】：从榜单上可以明显地看出，凡是上榜品牌都是所属行业内无可争议的领军企业。作为地板业首家上榜“中国500最具价值品牌”的企业，这个评估对圣象品牌有什么特殊的意义？ 【郭辉】：世界品牌试验室在中国进行中国500最具价值品牌评估已经是第六个年头了。这个机构十分关注中国经济和品牌的发展。我们也欣喜的看到圣象集团能与工商银行、CCTV、海尔、联想、中国石油、五粮液等知名品牌进入中国500价值100强行列。在世界金融危机大的经济环境下，企业品牌不不断增值与位次上升也一定程度的证明了品牌的市场竞争力和未来发展的市场潜力。 【主持人】：企业发展是一条艰辛的道路，从发展之初到现在成为中国地板领军品牌，在这十余年风雨当中，都面临过哪些困境？又是怎么来解决的？【郭辉】：圣象品牌和企业的发展必须源于社会源于市场，这也是圣象一直遵循的发展模式。十几年前，圣象选择当时市场上还没有的强化木地板起家就是看到他符合消费者未来使用木地板的意愿并结合森林可持续发展的理念而做出的选择，实践证明这是一条利国利民的可持续发展的道路。据此我们还创造了人工绿化工程以及产业链综合发展的产业模式，品牌与社会、经济、消费同步发展。10几年的发展当然也遇到一些坎坷，1999年欧元升值进口成本上升，我们就在2000就建立起亚洲第一世界领先的生产研发基地实现了品质国际化，生产技术工艺与国际同步甚至超前。2003年面对国内价格竞争五劣板严重影响行业形象和消费者利益，我们与具有正义感的企业和国家有关部门共同打击五劣板，这个成功是消费者的福音也是行业正义感的体现。近些年，我们在对外技术合作、国际知识产权体系等方面也积极的进行探讨也遇到国际国内上的一些问题，我们一直着眼于行业长期发展的目标去提出解决方案，实践证明是科学有效的。【主持人】：有的人认为企业核心竞争力是有新的产品，有的人认为是服务，您觉得圣象这十余年的蓬勃发展，最核心的竞争力是什么？ 【郭辉】：今天来谈圣象企业的核心竞争力我认为是综合的，每一个因素只有重要程度上的差别，单方面的不会持久只能认为是一种竞争优势而这些优势也会随着市场的变化而变化。目前圣象业务的发展品牌为竞争提供了良好的支撑，我们也在从各个方面在维护圣象这个品牌。你谈到的新产品、服务等是保持竞争优势的载体和手段，圣象是上下2万名员工一起围绕着市场、消费者不断变化提升了的需求而不断努力。【主持人】：08、09年可以称得上是风雨交加，圣象为何逆势扩张，您如何看待2009年的建材(地板)市场？在今年中国地板市场出现了哪些新的变化？ 【郭辉】：08年和09年行业内确实感到了这方面的压力。地板行业家居行业的有些同行也深有感受。圣象在09年的业务07、08、09同比环比均实现增长，感谢消费者对圣象品牌的信任。2009年的家居建材市场刚性需求仍然相当的旺盛，个性化的消费趋势也相当的明显，我们的消费者年龄、消费习惯、获取信息的途径与以往都有着新的变化，实木类地板消费能力更趋成熟、新媒体、新通路新的商业模式也不断的涌现，这对我们既有的经营方式和思想方式是一个考验，积极的主动的去赢得是今后圣象品牌在市场竞争中能够胜出的途径，为此我们去也也在增加这方面的软硬配置以及寻找更适合我们的合作伙伴。【主持人】：三层实木复合地板推广活动正在大规模的进行着，您对三层实木地板的“中国制造”前景有着怎样的预测？【郭辉】：事实上，三层实木地板在欧洲是很成熟的产品，圣象与瑞典康树的合作算起来10多年的历史了，我们前些日子在网上对有意向的木地板类消费者的一项网上调查(这个调查目前参与超过2000人)在200-300这个实木类地板消费的主流价格段选择三层实木地板的占有高达73%，调查还显示，消费者喜爱三层实木地板源于品质稳定、装饰效果更佳、大幅面、适于地热采暖等优势。所以我们觉得现在是三层实木在实木类地板消费领域内脱颖而出的时机了，目前行业内很多企业都在生产和经营三层实木地板，大部分专门做出口的去也开始着眼于国内市场了，我认为三层实木地板很有市场前景。圣象已经完成了600万平方米三层实木地板的扩能，到2013年圣象实木类地板见达年产销量3000万平米，三层实木地板达到1400万平米以上。【主持人】：请您预测一下2010年中国地板行业。圣象将如何应对新变化？ 【郭辉】：圣象是一个在竞争中不断进步的品牌，市场和消费者明确的导向就是企业不断进取的目标，为了达成企业成为世界一流木业产业集团的目标我们在技术、团队、渠道、研发、产业链方面进行了多方面的准备。2010年将是行业经过调整后走向新里程的第一年，周围的竞争者会发生变化、新的消费模式、商业模式会不断涌现，我们必须给予足够的重视。希望未来的2010年是家居建材行业走向新纪元的里程碑。,3,6,0.9865516424179077
城外诚11&#8226;9消防演练暨百日安全表彰大会11月9日，值全国第18个“119消防宣传日”之际，由北京城外诚与朝阳区华威消防中队联合举办的大型消防演习在城外诚南广场隆重举办，城外诚总经理刘长河、华威消防中队队长黄鹏以及城外诚常委领导班子出席活动。城外诚全体干部职工及卖场营销员代表近3000余人参加消防演习活动。由华威消防中队50余名全体消防官兵、6辆专业消防车和城外诚20余人消防应急小分队和1辆消防车组成的强大消练阵容，通过消防车救火、油锅灭火、液化气罐灭火、火盆灭火、消防器材展示等五项现场模拟演练，为参加活动的3000余人上了一堂生动、真实、专业的消防知识提升课。此次“警民携手联防、共建平安环境”的活动，也成为了近年来北京市企业举办消防演习活动中，规模最大、参与人最多、专业性最强的一次。通过华威消防中队教官在现场对灭火常识、安全施救等专业知识的讲授，让参加活动的员工受益匪浅，消防知识得到了极大的提高，通过大规模的模拟演练体验，加深了印象、熟练了技能。在当天的活动现场，来自《北京晚报》、《新京报》、BTV、新华网等二十余新闻媒体进行了采访和报道。紧扣主题提升预警。今年是全国第18个“119消防宣传日”，北京市定于今年的消防主题为“人人参与消防，共享平安生活”，旨在把消防安全意识贯穿到人民生活之中的每个细节，达到人人参与、人人防范、共享平安的目的。多年来，城外诚始终把安全生产做为企业的头等工作来抓，从企业领导的高度重视，到消防知识的普及培训以及企业消防分队的组成，为确保企业的平安祥和铸就了坚固的防范长城。此次由华威消防中队长黄鹏带领50余名专业消防官兵，通过专业的系列演练活动，进一步提升了城外诚干部职工及卖场营销的消防知识和防范技能。百日安全成效显著。在此次警民联合消防大演练的活动中，城外诚总经理刘长河为60余名“百日安全”先进员工和营销员奖发了荣誉证书，并对“百日安全”活动取得的圆满成果给予了充分肯定。据了解，城外诚“百日安全”是今年7月7日正式启动，以“提高安全意识、同创和谐社会、共享平安生活”为主题，旨在进一步宣传和普及安全知识，提高安全防范意识，强化各项安全规章制度的贯彻落实，杜绝各类违章和安全事件的发生。为确保城外诚平安家居卖、营造更加安全放心的购物环境，并将此作为向建国六十周年献礼的一项重要活动。在为期100天的安全活动中，城外诚干部职工踊跃参与、积极行动，义务为安全巡逻活动奉献节假日。据工会统计，共计426人、奉献2000余个班次，在以总经理刘长河为组长、各部门负责人为成员领导小组的带领下，通过宣传动员、自查整改及总结经验三个阶段，确保活动质量，最终达到了预期目标，使“百日安全”活动取得了圆满成果。警民联合首次演练。 “生命至上”，人的生存是一切事务的前提，“发展是硬道理，稳定是硬任务”，消防安全是企业生存和发展的前提。城外诚总经理刘长河把安全生产作为常抓不懈的重要工作，企业不惜巨资投入，购买专业消防车辆、聘请退伍消防兵，从硬件和软件上组建了一支素质过硬的消防应急小分队，并在企业内进行多次的消防演习。此次，城外诚消防应急小分队与华威消防中队的联合大演练，是一次大型的警民首次联合演习，实现了“高规格、大规模、专业化”的局面。在活动现场，按照预定方案，在指挥员的发号施令下，6辆消防车、50余消防官兵到场进行灭火救援，启动消防水泵、铺设消防水带、实施救援、紧急撤离……整个现场紧张有序。消防官兵动作敏捷、配合默契，参演人员沉着冷静、有条不紊，华威中队消防官兵和城外诚消防应急小分队的精彩演练，赢得了在场领导和员工的阵阵掌声。此次警民首度联合大规模的消防演习活动，取得了圆满成功。活动结束后，城外诚总经理刘长河以及华威消防中队队长黄鹏对这次演练活动的圆满成功给予了充分肯定。通过高强度、高规模、高水平的演习，既大大检验了消防官兵的应急能力，也让企业消防应急小分队在演习中到了锻炼和提升，增长了消防队员扑救火灾的能力和素质，全员共同参与消防的意识得到全面提高，为实现企业安全生产、地区和谐稳定提供了重要保障。,3,6,0.9872866272926331
城外诚刘长河：心有多大 舞台就有多大主持人：您曾经说过消费是一种享受、是一种体验、同时也是一种情感支出，我想问您一下，假如您是城外诚的一个全新的客户，或者是城外诚的一个忠实老客户，当您五一之后再走进城外诚的时候，您有什么感触，会对此次升级满意吗？刘长河：卖场改造呢投入了很多精力，就是从一开始有想法，到实施。说是想升级实际操作起来点点滴滴，到底怎么来操作。最后出什么样的效果，他的报价怎么样，包括他的导示灯光，包括瓷砖，选那的、质量怎模样、装完之后能不能保证质量，价格还得合适。反正做一次改造是一次特别麻烦的事情，咱么都知道家里做一次装修，就是有人给你干活你得劳多少神那，一个月的时间组织人力财力物力，最后除了很好的效果，反正是酸甜苦辣我认为非常值得！如果我是消费者，我倒着肯定是眼前一亮！因为做了那些东西我都知道我天天在这呆着都感觉很很好！更何况以前来到过这，突然看到这种效果，你不管是地面灯光，厂家的这种要求，然后统一装修，环境色彩方面。应该说没少用心，不单单是在北京，就是在全国方面家居行业里面，来城外诚参观的这些家居界大碗们应该说感觉城外诚这次装修之后很成功！跟我说有的都很震惊。怎么效果这么好啊，这也就是这么多年的积累。主持人：卖场改造之后新上了很多设备，为城外诚的科技含量镀上了一层金，之后城外诚在信息科技方面有什么样的发展计划？刘长河：应该说城外诚这次也是自己对自己的一个突破，收银这块是吧。也是一个多赢的局面，消费者把钱交到城外诚来踏实，因为城外诚是品牌。我们是做店经营，以德经商的这种口碑宣传，以前没交到城外诚，城外诚都是消费者的保险公司，现在交到城外诚了，对消费者、对厂家都认为我们是讲信誉的该返款的时候我们返款。对厂家的管理力度我们可以进一步的加强，因为有块在城外诚这方面攥着呢，因现在的公司没有任何一家企业愿意自己的质量出问题，就是真的出了问题我这有控制厂家的资金啊！所以肯定不会慢待消费者，所以统一收银这一块呢得投入，所以我认为这是规范市场的一种举措吧。这也是城外诚改造升级的一个方面。另外从消防安全方面，我们也进行调整。我想作为一个企业首先从硬件上满足现代化设施的这种需求同时也是为企业长治久安做好各方面的准备呗！也就是说企业有实力了以后就有长远打算，给其企业奠定一个发展基础！主持人：回顾城外诚的发展历史、我们知道城外诚在不同的阶段完成了您刚才说到的创业、生存和品牌这三个蜕变的过程，请问城外诚在将来还将有什么样的大动作？刘长河：我们的动作呢就是不断地完善自我，在行业里永远立于不败之地！恨不得将来再跨行业经营，都是很有可能呢。你像去年我们搞的艺展成功了，那么我们今年提出了搞婚庆产业基地，这也是我们一项新举措，它是家居产业的龙头，从搞对象到结婚开始就了解城外诚。一看这有这么多好家居，以后肯定在这买了，这就是一个潜在消费群体的吧，婚庆产业包罗万象还有好多妇女儿童产品，将来结婚后所有信息我这都能掌握。现在家长对子女的投入应该是一点都不吝啬！这也是应该是我们比较前瞻性的一个思维，要创新。要对企业将来打下一个非常坚实的一个基础。主持人：心有多大舞台就有多大，城外诚的心有多大？刘总的心有多大？刘长河：你也看到了就是说城外诚所有的事应该都是大手笔，你看城外诚四周的建筑也好是空间也好、没有一地方是小气的！一般的我还真看不上。我的心气还真是特别的高，也就是野心特别大，就是老得有新想法新动作，别人都是不敢想的，别人认为是我这是走门的但是实践证明我这是企业文化，你比如说你企业弄一个火车头干嘛？火车头这是一种企业精神那！大家看着好玩，企业有一种内涵。我觉着做企业要大气，做人也要大气！所以说做企业也就有后劲。主持人：好的，谢谢您！,3,6,0.7825586795806885
城外诚重装升级 5.1全新亮相送大礼    五一期间城外诚为消费者准备的礼物还包括名牌家电、知名会馆消费券、各类居家生活用品在内的总价值高达1000万元的奖品，并通过“澳门轮盘”、“现金一把抓”和“刮刮奖”等新奇刺激的抽奖方式向消费者进行大派送。 卖场照片：图为 卖场照片图为 卖场照片乘车地图：,3,6,0.9680894017219543
大家能不能不那么寂寞啊正文玩了寂寞，又玩浪漫，我看我们这代人真的是没什么玩了，我们下一代也没什么玩的。我们这几代人小时候玩的不健康向上，到现在变成数字移民也是胡作非为，90年后众NC是原住民，不能在现实生活鸡飞狗跳后，不分先后的终于都无聊了。首先定义下NC，简单来说可以定义为小时候被猪亲了之后又被驴踢了门夹了，通俗点的定义就是脑子不想事，基于这一点，很多70、80年都是NC，90年后更是NC中的极品NC，也就是NC中的战斗鸡。众NC们先反思下自己的生活，有多少人是一天到晚混在网上无所事事的？玩的一样比一样弱智，半夜三更偷菜啊，AV舞啊，一个魔兽停服，几百万人无聊啊，玩完了回家吃饭玩寂寞，横空出世了一个寂寞党，随便到哪看看，网络上满版荒唐言，遍地寂寞党，然后还没完，寂寞党玩得不疯，浪漫派又冒出头来了。早阵子砖家叫兽们说，每天上网时间多于6小时的就是精神病，这话没错，一般精神病都不喜欢别人说他们有病，NC们哎，天天喊着寂寞，不是有病还是有喜啊？土鳖们，没钱不要装孙子，你们有钱也就一暴发户，看你们每天在干嘛，天天说棒子抢我们东西，天涯上自己在骂中医，鲁迅那老FQ没教你们一点好样！看看天涯每天都在讨论什么啊，杂谈上那个自称是日本MM的报道帖，也是20多万点击数千回复，土鳖子，没见过女人啊？说没见过穿衣服的日本女人，恩，隔着千八百里的网线你能看到什么？那回复就更别说了，真要是一国际友人，还以为中国男人怎么怎么的，全是JB长在嘴上的还是怎么着？一旦有女的晒照片，征婚，那回复，比个天安门游行还要壮观点？寂寞啊寂寞啊，丢脸丢到国际互联网上来了。有精英一出来立刻就被砸砖说装B，中国的精英文化已经被你们这些恶俗的无聊文化折腾的岌岌可危，就说天涯，顶无聊的了，多少民智人士被迫离开了，越玩越低俗，国际友人都过来看笑话。想不想知道自己是怎么变蠢的？众位NC，请开动你们所剩不多的脑子想想，若干年前，你是不是记性还不错，碰到什么事还知道动脑子，现在，估计就是拿笔写字也写不出几个简体中文版的了吧？达尔文的进化论是骗小孩的，网络就在让你变蠢，《蠢蛋进化论》看过吧？像现在这样，有什么不明白的问百度问谷歌，问万能的天涯，泡妞玩深沉搜几段经典B语，论文不会上网抄，好吧，青春期性启蒙，上网可劲儿看日片吧，偷偷看的时候很“心神不宁”吧？绿霸了吧？不用自己动脑筋，会用工具就行了，靠装备算个毛啊！CCAV总是说古人好睿智，前人好NB啊，有长城金字塔，瞎扯淡，那是因为现在的人更SB了，NC要分级，肯定是90大于80大于70，所以90年后，你们也不用反驳了，你们要说自己是祖国的花朵朝气蓬勃，我靠，太监都会笑得射出来。据说中国是世界上BBS最流行最多的国家，泡论坛的，有相当一部分是没什么钱装B的，还有相当一部分是连装B都困难的，天天无聊狗咬狗一嘴毛。都是一群废物，说你没出息就是没出息，有出息的人天天在网上喊寂寞，偷菜？网络就是个工具，别去信TM的互联网等于生活，有瘾啊，每天也许就是在网上跟人妖扯淡，JB都沤出绿毛了还不知道，NND，寂寞了，你妈叫你回家吃饭啦！宁愿每天YY着自己一身武林绝学，几万吨的黄金放在花旗银行发霉，玉树临风风流倜傥那是必须的，一年三百六十天，每天都换不同的女人，就是不肯动手去做点实际的，成功的男人为应付女人发愁，废物们每天在网上搜罗八卦隐私，然后喊，哥好寂寞，哥不要吃面，要吃寂寞……网上的民智都死光了，要不就是属乌龟王八DAN的！寂寞完了，还不够，再玩点新鲜的吧，早几天又出了新玩意，优酷首页有个据说是硫酸雨导演拍的视频小样，视频就不提了，只是视频里的对白那就完全是针对无聊寂寞来的，两个00年后小同学把寂寞派的所谓经典对白一顿乱搞，多丢人呢，言外之意，装B谁不会，一点技术含量都没有，小P孩都照样学得会。另外，做大人的自己想想，你们无聊归无聊，寂寞归寂寞，别带坏小孩子，可以不？你愿意你的宝贝儿天天跟你说：爹，哥我很寂寞，然后装忧郁型？那我更愿意听我儿子说：爹，您可真浪漫呀~~嘴贫不是缺点，关键是要贫得有品位，有意境。话说回来，跟任何网络事件一样，这个视频一出，在寂寞党这个广大的群众基础上，又来恶搞了，所以我说寂寞党一无是处，骑墙派，现在口口声声又姐要的不是寂寞，是浪漫了，是啊，非浪漫不河蟹啊~~NC们，你们既然喜欢趴在网上无聊，你们就继续恶搞吧，你们反正毁词不倦，现在有哥吃的不是面，是寂寞；也有姐要的不是寂寞是浪漫；有你妈叫你回家吃饭，也有妞，过来咱们浪个漫；有不是寂寞不发骚，也有非浪漫不回帖，没有传播力吗？扯，福娃这名字多差，一听就一股浓郁的乡土气息扑面而来，不照样张口就来的。真正的浪漫是有钱有品的生活，NC与土鳖玩不起，你们玩也是个山寨，你们愤愤不平恶搞的时候，人家早在现实生活中玩儿情调了。你们也只能恶搞，拯救地球没你们的份，活该你们只能对着显示器高潮。,3,8,0.8730111718177795
太阳雨董事长徐新建捐1000万元风头盖首善近日，备受期待的2009中国慈善排行榜在京揭晓，入榜慈善家121位，共计捐赠18.84亿元；入榜慈善企业899家，共计捐赠117.95亿元(含物品捐赠)。去年获得“中国首善”称号的江苏黄埔再生资源利用有限公司董事长陈光标没能如愿卫冕“中国首善”称号，世纪金源集团黄如论、黄涛父子因现金捐赠第一名而获得“中国首善”称号。虽未荣登首善，但陈光标以其博大的慈善精神，高调的善行壮举，获得了社会各界的认可，中国慈善排行榜组委会特授予陈光标“最具号召力的中国慈善家”称号，以冀望陈光标先生继续“善行天下”，成为引领中国慈善事业健康发展的一位出色旗手。四川宏达集团董事长刘沧龙的企业在地震期间遭受重创，但仍第一时间捐资支援灾区，获得“2009慈善特别贡献奖”。香港英皇集团主席杨受成、深圳航空城(东部)实业公司董事长李爱君等被授予“2009中国十大慈善家”称号；中国人寿、加多宝集团、恒源祥等荣获“2009中国十大慈善企业”称号。在当晚举行的中国慈善排行榜明星慈善拍卖会上，原本应该是上午刚刚获奖中国首善、慈善家、慈善企业“表演”的舞台，却被一位并没有“宝冠”加身的隐形慈善家——太阳雨太阳能集团董事长徐新建抢得了风头。手持007号牌的他不仅是在最后时刻以全场最高价207万元拍得几十位到会明星现场制作的明星手模，而且还当场宣布捐赠1000万元，用于中国公益事业。徐新建在接受记者采访时表示，太阳雨太阳能一直热衷中国公益事业，去年牵手残奥，成为残奥助威团全程独家合作伙伴，启动全球海选，在全球范围内关心残疾人关注残奥会。在四川地震的抗震救灾中，太阳雨第一时间捐款捐物300多万元，成为太阳能行业首家为灾区捐款的企业。徐新建还在余震中亲自带领24名太阳雨志愿者深入灾区，先后捐建灾区7个太阳能浴室，并且捐建了首家抗震春蕾小学。徐新建说：“上午参加完中国慈善排行榜颁奖典礼，他非常感动，也希望能向那些获奖慈善家一样，不仅自己做慈善，还能够影响周围的人做慈善。晚上参与拍卖，一方面是因此拍卖会所有款项都是用于中国公益事业，所以他们放心；另一方面，参与明星手模助拍的是他非常喜欢的潘长江老师，所以他才有此举动。”徐新建还感言：“做公益或慈善应该说是一件快乐的事情，从事这样快乐的事情，也是因为有快乐的同伴，今天晚上这么多明星都是我快乐的同伴。去年11月18号，我参加了央视的招标，拍卖师举到最后的时候，特别紧张，今天我不紧张，因为有潘老师，因为我们的钱放在慈善上，我们心里踏实。”,3,6,0.8906847834587097
"央视广告招标超百亿 晴雨表预报经济艳阳天央视广告招标素来被业界誉为“中国经济的晴雨表”。刚刚落下帷幕的此次招标总额突破百亿,创下16年以来的新高109.66亿元,与去年的92.5627亿元相比,“增收”17.1亿元增幅18.47%。舆论认为,“招标结果直接折射出市场对2010年中国经济的信心和期待。”毋庸置疑,企业到央视举牌投标这件事本身,就体现了企业家对中国经济形势向好的最基本判断。国家统计局最新公布的全国企业景气调查结果显示,三季度各行业企业家信心普遍提高,回升至120.1,比二季度提高9.9点。这是自2008年四季度以来,大、中、小型企业家信心指数首次同时位于景气区间。这些数据和事实表明国内经济主体信心正不断回升,如同10月经济数据显示的一样,虽然气候上的冬天刚刚来临,但国内经济形势的严冬正慢慢远去,继续向好的趋势正坚定地向我们走来。另外,此次中标企业涉及行业范围广泛,表露各行业普遍冲出危机阴霾走向复苏。家居建材、汽车和家电行业成为此次招标亮点行业。其中,家居建材行业增长最高,中标额增长率高达200%,显示相关行业与宏观经济刺激政策联系紧密。以格力、美的、巨人为代表的三家科技企业在此次竞争中总计投入超过3亿元,中标七段广告位或相应选择权,显示科技类公司发展后劲十足。而蒙牛、郎酒等消费产品行业公司的中标也传达出消费市场潜力正在释放的信号。数据上也表明,国内各行业的基本面都在逐步改善。刚刚结束披露的上市公司2009年前三季度业绩报告显示盈利能力继续回升:1659家上市公司实现营业总收入83860亿元,同比下降5.58%;实现营业利润10332亿元,同比增长5.46%。尽管前三季度业绩同比增速依旧负增长,但是降幅较半年报已大幅收窄。从营业利润、净利润等各项指标的同比数据来看,上市公司的盈利能力已比前期有了明显改善。来自统计局的最新企业景气度调查也显示,各行业企业景气连续两个季度在景气区间,三季度全国企业景气指数为124.4,比二季度回升8.5点。而来自财政部的信息显示,今年1至10月,国有企业累计实现营业收入178737.7亿元,同比增长0.5%。这是今年以来营业收入首次出现正增长。同时,国企利润也呈现良好增长态势。1月至10月,国有企业累计实现利润10643.5亿元,环比增长9.2%,同比下降10.6%,降幅比1月至9月减小7个百分点,显示降幅收窄速度越来越快,企业经营已经摆脱羁绊,走上发展快车道。行业基本面的好转直接影响着企业经营的决策和方向,而企业是资本市场的主体。企业持续经营能力的改善和提高又直接影响着投资者的决策,一定意义上直接构成股市宏观基本面。只有企业这个市场元素真正向好,才能保证市场的茁壮成长。而商务部本月16日发布的监测数据显示国内消费市场正加速回升。全国千家重点零售企业零售额同比增长11.8%,增速比9月份加快1.2个百分点,创下今年以来的最快增速。由此看来,在各项政策刺激下,伴随行业层面的积极转变,中国经济的第三驾马车也跃跃欲试、扬鞭奋蹄了。一个广告招标会,因为有了全球经济危机的背景而备受瞩目。而这份有史以来最高中标额,折射出的是社会经济主体及其决策者的信心恢复与对经济后势的判断,同时也折射出国内各行业基本面的全面复苏与消费这驾马车不负厚望的启动。在经济全面回暖的情势下,资本市场的明天就更加值得期待。",3,7,0.5764866471290588
奥巴马的家：重点保护对象(组图)在迈阿密见过奥巴马后，第二天记者往西北远上芝加哥。住下后的第一件事，就是去寻找他的家。奥巴马的家位于格林伍德大道5046号。这一带虽然距名校芝加哥大学不远——沿着格林伍德一直往北就到芝大，却属于治安名声不佳的芝加哥南区。向几位当地人问了路，记者乘坐著名的高架铁路“绿线”，在第51 街站下了车。出站后马上就能感受这里的危险性：外面有三三两两的黑人青年在闲逛、打量行人。由于胸前挂着相机，记者退回站内。这时又有一位中年的黑人妇女上前问：“你会说英语吗？”得到肯定回答后，她拿出一张标着5美元、貌似食品券的纸条，好像想兜售给记者。“你别去惹人家！”检票处的黑人胖大姐向她喝道。“好好好，你是老板。”那位中年女子讪讪走开。记者向那位好心的大姐打听。她证实说：“这里是不大安全。偷东西、抢劫的都有，还有打枪的呢。你要当心一些。”她告诉记者，在门口坐15 路车，就可以到要找的地址；她以前不知道那里就是奥巴马的家。15 路车来了， 记者谢过检票大姐上了车， 问司机师傅应该在哪站下。和大多数美国公交车司机一样，这位叫阿历克斯的黑人小伙也很肯帮忙。“那个站现在不能停，我会让你就近下车。”一听说记者从中国远道而来， 找的就是奥巴马的家， 他一直开到离奥家尽量近的地方让记者下车，并介绍说他在奥巴马没有竞选总统时就认识他了，也和他握过手，尽管彼此不很熟悉。记者下车刚拍了第一张照片，前面警车中就出来一位穿黑色防弹衣的黑人女特工，说：“这儿不能拍照，要拍只能到对面铁栏杆后的指定区域。你去问那辆警车上的警察和特工。我们也不接受采访，要采访得打华盛顿美国特勤局的电话。”她旁边站着一个穿制服的芝加哥当地警察。记者过了马路，沿着铁栅栏走到另一辆警车附近，一位穿套头衫的壮实特工就微笑着向记者说了几条规矩：不能再往前，不能拍周围的保安措施，特工不接受采访。“至于我们的CPD(芝加哥警察局)同事是否愿意接受采访，你得问他们自己。”说罢他指指旁边穿深色警服的一个警察。对方摇摇头，说：“我也不接受采访。”奥巴马家是一幢单门独户式红砖楼房，下面被绿树捂得严严实实，只有上面露出一小部分：斜屋顶、老虎窗、两个烟囱和一个碟形卫星天线。这一带的楼房、环境都不错，比刚才的绿线车站强多了。难怪这幢房子能值上百万美元。奥巴马家门前的东西向马路是海德公园大道东段，路面朝他家一侧的三分之一宽度被水泥路障隔为禁区，竖着“禁止进入”和“限速30 英里”的警告牌；东边朝着的格林伍德路同样如此。路对面有一座圆顶大教堂。记者见从格林伍德路走出几个行人，便问那位男特工：他们要偷拍不是很容易吗？这位特工休姆回答说：“没错。但我们知道这些人是谁。况且一旦被发现，他们就会丧失从这里路过的权利。”记者拍了几张照片，见天色渐暗，没什么可拍，就掏出小本子记下观察到的东西：5 辆警车和若干辆无标志的特勤汽车，分布在记者能看到的西、南、东三个方向；警员和特工至少有10 人；路口三个人闲着无聊，正在那里说笑。“对不起，您在干什么？”走过来一位特工。记者解释说，既然一些角度不让拍照，我就随便记点东西，还给他瞄了一眼笔记本。“哦。我们这里也是不能画防卫部署示意图的。”美国警察和特工都比较文明，不会强行要求看你拍的照片和记录的文字。尽管作为外国人，记者不受宪法第一修正案保护。“不好意思，你得走了。”过了不久，特工休姆过来催促，“我们的规定是车辆和行人在这里不得停留。给你的时间已经比给其他媒体的多了5 分钟。”在等15 路车回火车站时，记者碰到同站候车的一个白人女孩。她名叫葆拉，来自圣路易斯，是芝大英文和音乐系学生，几个月前刚在这里租了套宿舍。“我是搬过来后才知道奥巴马住这儿的。”她说，“除了车站改了地点外，其他倒是没有什么不方便。当奥巴马的邻居可能算是一项优点吧。”她笑着说。不过，和很多菲尼克斯市民都说不一定会投票给麦凯恩一样，葆拉也说她尚未决定投谁的票。让记者印象深刻的一点是，当地很少有人知道住在同城的总统候选人的住址。他们似乎缺少好奇心，也不会因某人是同乡就支持他们，或以他们为荣。,3,5,0.7920135259628296
妍玲设计行-德国大众狼堡环保体验馆环节2. 商业课题启示：《妍玲设计行-德国大众狼堡环保体验馆》德国著名建筑师Jurgon Mayer为大众汽车城设计的LEVEL GREEN环保知识和体验馆，营建成熟的环保理念并将其实施创意呈现，前卫而新颖的设计也是初次在中国媒体亮相。论坛： 绿色革命，还是商业噱头？——品牌对于环保的影响《纽约时报》的专栏作家托马斯•弗里曼曾经说，目前看起来轰轰烈烈的绿色环保运动充其量只能称为一场绿色派对而绝不是一场绿色革命，因为大家只是把一切装扮成绿色而已，所谓的“绿色革命”并没有“伤亡”。或许我们可以把弗里曼的话理解为，现在品牌在环保领域里的努力并没有触及到实质投入，“绿色”只是作为一个时髦的标签成为了品牌自我促销的绝好手段？著名创意品牌顾问江绍雄以犀利幽默的方式拷问了两位论坛嘉宾：打造了北京第一个“自然空调”公寓GRAND MOMA的当代集团总裁和以TCL品牌战略总监左迪。,3,4,0.40581855177879333
孙威：2010年将视角向下游努力(图)    孙威：实际上我们从06年开始在内部建设上就提出了一个概念，叫“韬光养晦”。2010年我们有一个小的变化，就是我们所提供的服务更加完善了。可以这么说，之前一直在上游努力，从2010年开始我们会向下游努力。我们在十里河正在建一个8000平米的门店，就是自有渠道。当然自有渠道的建设，不光是线下的，我们也在推互联网业务，在线上渠道来扩展。比如你的产品，你的供应链，你的服务标准化都已经做好了，接下来的事，因为我们信息化建设是自己开发的，一直在做，从来没有停止。我们离电子商务的距离有多远，可以说很近，我们现在叫商务电子，就是我们已经把我们的商务电子化了。其实电子商务无外乎就是在网上的一个展示，我们已经完成这个商务电子化了。我们要在线上线下做一个连接，因为之前家居行业做电子商务，最大的困扰就是上面做得好下面做得不好，所以我们要找一个非常适合家装的解决方案。我们可以把上下对接起来，我们不是天敌，我们可以是互补。我们在谋求这样一个尝试。所以2010年，对于实创来讲，定位既是往上提升，也是横向纵向扩张的一年。张永志：比如我装修完了，其他的消费链很多，怎么把这部分客户利用起来，我们的业务可能会有很大的空间。张钧：把自己的事做好，至少会翻番。杨轶：孙总，你们每一个客户都有备案吗？孙威：我们有一套深度开发计划。杨轶：好的，今天咱们的议家居事厅栏目就到这里。我们新浪这边也会把近期家装行业的变化通过这个栏目随时告诉大家，我也希望家装公司能够更加标准化，让消费者和我们装修公司之间不要有任何的矛盾。如果有矛盾，相信通过我们的媒体也可以化解这个矛盾。张永志：春节马上要到了，请各位老总和贾会长跟我们网友说句话。孙威：祝大家身体健康，新年进步！贾中池：祝大家在虎年取得更大的发展，为客户，为企业，协会做更好的服务！张钧：和谐发展，共同奔向未来！杨轶：谢谢！(结束),3,4,0.844306230545044
孙威：行业竞争不可规避 良性竞争最重要     孙威：这个行业已经很好了，但是现在很多企业也不是很安分，但是在追求跨界的发展，所以混合竞争的态势很难避免，规避这个竞争我认为是不可能的，但是我提倡良性竞争，不要通过不正规的手段去诋毁可能不是竞争对手的对手，我觉得这个刚刚起步，未来的商业格局、商业模式到底如何，大家都在探讨，我以前经常会引用一个初中就学过的知识，比如说生产力和生产关系的辨证关系，就像张总讲的，他的商业模式是根据他的体能、生产力决定的，如果你的产品线不丰富，拿什么开独立店，所以我想还是乐观的面对，大家去探索，可能未来十年，我们再回来看今天的时候，我们觉得很难读懂是为什么。       尹勃：大家的发展是在一个公平的平台上，不管是卖场的同行也好，厂家的合作伙伴也好，还有就是有一些专卖店也好，都是一个目标，都是给消费者做好服务，把这个行业健康的发展起来，我也希望2010年大家变恶性竞争为良性竞争，把这个劲儿都用在为消费者服务上。,3,4,0.522284984588623
孙群：回潮只是表面 而忽略真正的健康关系 段妍玲：我觉得因为刚才您说的对，我们要上装修大学，我觉得这应该是设计师和开发商的工作，现在一步一步好起来了。我觉得我们听了很多专业人士的想法，我们听一下孙总的，因为他也是文化批判人士，我们听听孙总对这个城市规划的一些看法。孙群：收到邀请我很高兴，张啸吟博洛尼以善于制造名词而著称，我听到这个名词叫回潮，我跟其他几位一样为什么叫回潮。后来看了他写的文案，我想这就是我们看到的回潮。我为什么觉得很奇怪？是因为我们往前看的时候为什么还要回潮呢，有什么东西可以回潮。可以看到说，这个文案上有那么多现象是回潮，那么有这么多现象我们看来政府说的一些理论也不对，不是说每一次进化是新事物代替老事物，有时候老事物会回来。在肯定这个词的时候，进行这个名词起的太新了，使得我们刚开始前面的讨论有点，大家都不知道在讨论什么，就是每个嘉宾在努力地向主持人靠拢，就是到底讨论什么话题。什么是回潮？有一些表面的现象可以讨论怎么回潮的，包括在这个地方我们也看到了一些回潮。但是有一些我们看不到的层面是不是在回潮？我觉得没有看到回潮。为什么呢？我举一个例子，在二十年前在我上高中的时候，那个时候八十年代初的时候，曾经出验证，过一个高考的作文题目，叫先天下之忧而忧，后天下之乐而乐，有一年题目是这样的题目，那个时候我还不知道这个句子，那个时候对大学生很敬仰，我想居然要理解这句话才能当大学生。二十年后我们的作文题目叫隐形的翅膀，这个就让没有办法获得大的权利的人不断地自我安慰，自我按摩的一个宣泄，告诉大家我们受到挫折，我们自己还是坚强的。二十年没有看到在思想层面的回潮，这个二十年到今天为止我们看到什么样的回潮？没有。我想在未来几年这种社会真正的潮流会走到社会的台面来，我想做企业的也好，做品牌的也好，做媒体也好要很认真的看待这个现象，刚才我们的宫总说到了这个现象，就是有关做房地产的，我要想的这个命题就是我们在房地产行业这个回潮，实际上是指一个真正的关系的回潮，到底是什么买卖关系是一种真正的健康的关系。因为在过去二十年我们一直在往前跑，我们忽略了真正的健康关系。未来会不会在客户关系方面，买卖方面有好的回潮？没有看到。现在我们在斗争理论的引导下面，大家都不斗也得斗，不知道谁怕谁，不是说真正吃亏才吃亏，是没占便宜才吃亏等等一些现象，让我们想在这个领域的回潮什么时候才会发生。所以今天我想号召大家，讨论一下看不见层面的回潮可能更重要一些。,3,4,0.5850700736045837
孟普：在工作中倡导一种FDE精神孟普：刚才刘洁一再强调，你要去发现和享受。这本杂志我开会的时候，经常会给编辑强调的，就是要倡导一种FDE精神，所谓FDE精神就是，发现(Find)生活，设计(Design)生活，享受(Enjoy)生活。大家都忽略了我们除了工作以外，你经常呆的这个地方——家，有多么的重要。你要把家安排得让家人舒服一些，包括使用的一些东西，有没有很好的创意和方式。实际上很多人都是在外面拼命地工作，回到家就是睡觉。没有一个自己真正过日子，享受生活，享受生命的一个机会。我们要让编辑去发现美好的生活，让读者发现美好的生活。然后通过专业化的视角去给到读者。不管你房间大小，不管你喜欢什么样的潮流，总会有一些适合你的东西，我们会给大家一些设计的建议。最后一个就是享受，不管是什么年龄段的读者，不管今天你的生活达到了一个什么样的程度，大家用一种非常积极乐观的态度去享受生活。,3,4,0.5288624167442322
实德不容鱼目混珠存在打假是一种突击行动，但是真正让假货杜绝，还要提高老百姓识别假货的能力。一般企业的做法都是，用提高防伪手段来杜绝假货。当然，实德集团也一直在提高产品的防伪能力，不过他们在杜绝假货上有更高明的招数：优选战略伙伴，从源头上堵住假货的泛滥。从实德型材产品诞生以来，实德集团在产品防伪上下功夫，现在已经形成喷码识别和自动电话查询等多种方式的甄别方法。但是，在型材市场中，依然存在不法经营者用仿冒的实德型材产品混杂在实德型材中销售的方式来欺骗消费者。通过市场调研发现，很多型材门窗加工点很少是全部用假冒产品生产门窗的。因为这样他们无法保证大多数产品的质量，生意会一落千丈。而他们通常的做法是，经营实德型材，靠实德型材优良的品质为自己的生意打出招牌和知名度，然后低价购入部分假冒产品，掺杂在实德型材中销售。大连实德销售集团已经在瓦房店、丹东等地区都发现这样问题的存在。防微杜渐，“这种苗头要坚决打下去，否则这种老鼠行为会毁坏了市场大堤的。”实德集团副总裁王德华说。,3,6,0.8689727187156677
宫铁军：在借鉴基础上超越也是一种文化宫铁军：刚才许总说的特别激烈，有点不同意见补充一下，房地产没有这么无耻，虽然比较弱势，是这样的，说几个例子，日本战败之后应该说不管从文化上还是说从建筑上应该说一段缺失，从美国来讲，特别是在战后那一段是有一段文化侵略的，从安腾来讲和一些现代大师那么用一些行动来呼唤日本的建筑，他们非常有民族的感情去做这件事情，做完之后也是在几十年之后实现的，因为毕竟来讲日本是靠美国资助的，他没有能力完全拒绝文化侵略。    刚才说三里屯也好，很多项目，它有一点，就是它的尺度是日本设计师在做，在做的时候我们希望有中国的，毫不讳言，万科做的很多项目我们希望在借鉴基础上超越，如果没有借鉴，单纯谈创新可能来讲我们不可能去回归过去四合院的文化，我们没有那么多地。    所以我特别尊重万科，也在研究万科，比如万科在无锡做的围合大院，那就是规划理念完整的一个尝试，东西向占了很大比例，一个大胆的尝试。(牡丹西腾)认为100米×100米很好的的尝试，大比例的东西是不是能够打破东西向不好的这种。因为塔楼和板楼，塔楼是现在比较省地的一种方式，塔楼能不能做到节能。我也看到万科在南方做的一种新的形式的塔楼，包括原来很早以前崔大师做的现代城，其实我们可以看到塔楼里面并不是传统的我做的一个盒子，它也可以创造一个空间庭院出来，可以给人一种公用的庭院。所以说我想就是说没有，因为房地产并没有三十年，中国房地产严格来讲也就是13年，从南方算起有十几年时间，所以说在这十几年里，包括万科在天津做的项目，完全是仿制，但是他在这个基础上创新了，去做了。现在不提哪个公司了，在北京做了一个园林非常好的项目，也是西班牙风格的，实际我们看的时候，也很清楚地看到借鉴也好，抄袭这种感觉出来，但是它给业主带来最大的享受，它把园林，我们叫女性杀手，就是女同胞如果看了这个住宅的话很难，如果你有一定购买力的话很难脱身而去，很容易下单。文化和知识在这点我觉得去品评，因为我们现在讲欣赏这个事，用思想体系的话，就是我们什么时候有信仰来支撑我们这个文化，这不是我们探讨出来的，因为跟我们的体制有关系。我去过很多地方，去学国外到底怎么管理物业的，确实物业是中国从香港来的一个举动。比如说万科管的好，为什么管的好？连一个自行车出去都管理，有错吗？这个如果放到三十年前，这简直把我们的邻里关系进行了颠覆，但是到了今天我们说万科物业服务做的好的非常典型的一件事来说，这也是我们学习的典范。人和人的关系什么时候能够回归到我们希望的那种，这个不是我们坐在这儿能解决的，这需要一个过程。    我恰好在欧洲学了一个月的欧洲资助中国城市化课程，瑞典，丹麦等他们的政府在做廉租房的时候考虑到现在的规划，包括车位，车库所有这些，如果我们真的能去学习，即使是抄袭又有何妨。开句玩笑说我们是奉献的一代。日本人很尊崇这个。我最不认同许总的一点，就是你不能只批判不做。就是说我支持而后勇，我还是要去做。中国的廉租房，经济适用房不是说出了几个贪官，出了几个腐败就不要经济适用房了。其实你刚才说的那句话很对，中国从骨子里不想租房子，廉租房是解决更低收入住房的问题。在信息化这么发达的情况下，难道中国就没有办法解决最公平的问题吗？我想这个信心都没有话，中国就不用发展，中国现在连出重拳去整治腐败。我觉得遗产税这些在未来一定会出现。,3,4,0.9919281005859375
宫铁军：怀旧和回潮 小众精英对快乐追求杨熙：感谢赵处长讲了好多关于城市规划的东西。今天到我们现场我想各位嘉宾都代表各个层面的相关的关于城市，和咱们相关话题的朋友，所以我想先请咱们雅世集团宫总跟咱们分享一下这个话题。宫铁军：赵处长刚才讲的很好，我都不知道该怎么讲了。邀请我来我很高兴，这儿来了很多朋友，到这儿来有一种怀旧的感觉出来，跟这个主题很贴切。每次到这儿来的时候总感觉又回到了上学的时候，或者更久远的时代，或者我没到过的时代，好像通过设计师去处理的一个手法让我仿佛又回到那个年代去。作为开发商的理解，我们这代人年轻一些，一直往直路跑，不敢停下来说我真的去怀旧，没有这么多时间去做。实际上作为一个行业，一个产业来讲需要一个健康良性的发展，不能大起大落，像中国的金融股市一样，动荡式的走向，因为不动产作为一个重要的资产，作为中国传统的观念来讲，我们作为居住，保值，乃至投资的一个重要手段，所以不希望说中国人去体会那种资产高速膨胀，膨胀之后又高速贬值，当你分享快乐的时候那个痛苦随之而来，在不久的未来会来到。所以我特别希望中国房地产能有良性的发展，给我们每个住户提供真正能够安心的，持久能够享受到的一个居住文化。所以这个和我下面谈到的文化也密切相关。因为无论九朝会也好，还是刘老根做的，郭德纲做的这些等等，都是小众精英式的，只有小众通过自己的积累去怀旧也好，回潮也好，更广泛的人群上享受不到这样的快乐，他们只能通过媒体或者其他的渠道来得到自己需要的享受快乐。        房地产口碑虽然不好，但是它实实在在承担着给老百姓建造房屋的责任，所以作为开发商来讲我觉得建筑有一个很重要的职能，就是说有一句话叫住宅创造人生，人造住宅，住宅创造人生，它能创造人生丰富多彩。    我总结了两点，就是说规划和建筑。规划和建筑实际上从大的方面给人的生活提供了一个文化场景，好的社区，好的规划，好的建筑，包括好的地面可以给居住在这个社区的人一个文化享受，心灵的享受，让你在这个社区里有一个大的气场，能够让你在这个社区里定得住。就像我们在九朝会里喝茶我们心可以很静地探讨过去。其实有些社区无论是塔还是板都做了一个很好的规划。在过去十年对房地产来讲是黄金十年，可能作出了很多没有这种气场的社区，包括我们改革后的十年，二十年，这样的规划可能是业主对文化的享受去在自己家居里用自己的创造去完成，因为你大的社区环境并没有给你很好的背景，一个很好的平台，那么怎么办？那么有科宝，有其他更多的家居行业，包括说我们在十多年前打沙发，打柜子。这就是我要说的第二个小的概念，当我们业主把自己封闭在一个小屋子里推敲家具的时候，实际上当这个小跟大两点结合的话，就是说不管你在怀旧，还是向前看，还是在工作，你都能有一个好的生活的享受。如果大小两点丧失其中任何一点你可能都有一种缺失，一种缺憾，就是说你不是在一个很满意，很有氛围的社区里你去做自己的小环境，每天你走出来的时候，可能这个社区本来应该让你有这种享受的价值却没有了。如果一个人总是在工作，对家居，或者居家没有特别好的追求，即使住在很好的社区里，也会感到工作等方面的压力。    所以从建筑和人来讲，我希望开发商能够响应不管是国家的号召，还是政府的号召，实际上我是想一个好的开发商能够承担起这种社会责任，把社区从规划包括家居，能够给客户提供一个持久服务的，让客户能够不用非常专业的上新浪网上天天去学习 装修知识，这个在国外看来，可能未来杨主任这个职能也要削减，在国外这是不应该有的功课，但是中国把这个研究的很好。这个对开发商来说是一件非常愧疚的事情，是我们逼迫业主去做的这个功课，再可能十五年，二十年之后希望大家更和谐地去做。最后一点就是说到对文化的，不论是怀旧还是什么，房地产现在实际提供的服务，虽然我们把所有物业管理都叫服务，但是真正从骨子里我们到底给业主提供什么样的服务？是不是从业主真正需求来去考虑提供哪些服务，这些也是我们在想，也是希望，应该说主流开发商替业主想很多这样的事情。我期盼我们这个行业早日脱离这个不好的口碑，能从服务着手，反过来能让我们在未来，业主说作为一个开发商能够给业主提供的不止是一个住宅，不止是一个作品，或者是一个建筑，更主要是一种生活方式，是一种文化，是一种持续的服务。我就先这样说一下。,3,4,0.9803895354270935
宫铁军：怀旧和回潮都小众精英对快乐的追求杨熙：感谢赵处长讲了好多关于城市规划的东西。今天到我们现场我想各位嘉宾都代表各个层面的相关的关于城市，和咱们相关话题的朋友，所以我想先请咱们雅世集团宫总跟咱们分享一下这个话题。宫铁军：赵处长刚才讲的很好，我都不知道该怎么讲了。邀请我来我很高兴，这儿来了很多朋友，到这儿来有一种怀旧的感觉出来，跟这个主题很贴切。每次到这儿来的时候总感觉又回到了上学的时候，或者更久远的时代，或者我没到过的时代，好像通过设计师去处理的一个手法让我仿佛又回到那个年代去。作为开发商的理解，刚才赵处长说我们这代人比赵处长年轻一些，一直往直路跑，不敢停下来说我真的去怀旧，没有这么多时间去做。房地产在07年开始被赵处长调控了，调控之后，好不容易要休息一下，美国次贷危机了又不调控了，不调控之后现在又出现好多争论，种种来讲都不是特别好的信息。实际上作为一个行业，一个产业来讲需要一个健康良性的发展，不能大起大落，像中国的金融股市一样，动荡式的走向，因为不动产作为一个重要的资产，作为中国传统的观念来讲，我们作为居住，保值，乃至投资的一个重要手段，所以不希望说中国人去体会那种资产高速膨胀，膨胀之后又高速贬值，当你分享快乐的时候那个痛苦随之而来，在不久的未来会来到。所以我特别希望中国房地产能有良性的发展，给我们每个住户提供真正能够安心的，持久能够享受到的一个居住文化。所以这个和我下面谈到的文化也密切相关。因为无论九朝会也好，还是刘老根做的，郭德纲做的这些等等，都是小众精英式的，只有小众通过自己的积累去怀旧也好，回潮也好，更广泛的人群上享受不到这样的快乐，他们只能通过媒体或者其他的渠道来得到自己需要的享受快乐。房地产口碑虽然不好，但是它实实在在承担着给老百姓建造房屋的责任，所以作为开发商来讲我觉得建筑有一个很重要的职能，就是说有一句话叫住宅创造人生，人造住宅，住宅创造人生，它能创造人生丰富多彩。我总结了两点，就是说规划和建筑。规划和建筑实际上从大的方面给人的生活提供了一个文化场景，好的社区，好的规划，好的建筑，包括好的地面可以给居住在这个社区的人一个文化享受，心灵的享受，让你在这个社区里有一个大的气场，能够让你在这个社区里定得住。就像我们在九朝会里喝茶我们心可以很静地探讨过去。其实有些社区无论是塔还是板都做了一个很好的规划。在过去十年对房地产来讲是黄金十年，可能作出了很多没有这种气场的社区，包括我们改革后的十年，二十年，这样的规划可能是业主对文化的享受去在自己家居里用自己的创造去完成，因为你大的社区环境并没有给你很好的背景，一个很好的平台，那么怎么办？那么有科宝，有其他更多的家居行业，包括说我们在十多年前打沙发，打柜子。这就是我要说的第二个小的概念，当我们业主把自己封闭在一个小屋子里推敲家具的时候，实际上当这个小跟大两点结合的话，就是说不管你在怀旧，还是向前看，还是在工作，你都能有一个好的生活的享受。如果大小两点丧失其中任何一点你可能都有一种缺失，一种缺憾，就是说你不是在一个很满意，很有氛围的社区里你去做自己的小环境，每天你走出来的时候，可能这个社区本来应该让你有这种享受的价值却没有了。如果一个人总是在工作，对家居，或者居家没有特别好的追求，即使住在很好的社区里，也会感到工作等方面的压力。所以从建筑和人来讲，我希望开发商能够响应不管是国家的号召，还是政府的号召，实际上我是想一个好的开发商能够承担起这种社会责任，把社区从规划包括家居，能够给客户提供一个持久服务的，让客户能够不用非常专业的上新浪网上天天去学习装修知识，这个在国外看来，可能未来杨主任这个职能也要削减，在国外这是不应该有的功课，但是中国把这个研究的很好。这个对开发商来说是一件非常愧疚的事情，是我们逼迫业主去做的这个功课，再可能十五年，二十年之后希望大家更和谐地去做。最后一点就是说到对文化的，不论是怀旧还是什么，房地产现在实际提供的服务，虽然我们把所有物业管理都叫服务，但是真正从骨子里我们到底给业主提供什么样的服务？是不是从业主真正需求来去考虑提供哪些服务，这些也是我们在想，也是希望，应该说主流开发商替业主想很多这样的事情。我期盼我们这个行业早日脱离这个不好的口碑，能从服务着手，反过来能让我们在未来，业主说作为一个开发商能够给业主提供的不止是一个住宅，不止是一个作品，或者是一个建筑，更主要是一种生活方式，是一种文化，是一种持续的服务。我就先这样说一下。,3,4,0.9792750477790833
家得宝沈阳店闭店 传言亏损2300万建设大路与保工街交汇处，沈阳地铁一号线保工街站装修已接近尾声，明年，沈阳地铁开通后将从此处经过。距这处地铁出口不到五十米的距离，就是家得宝沈阳店。然而，家得宝在沈已挺不到地铁开通的那天了，甚至连2009年的初冬也挺不过去。在2007年进驻沈阳后经历了短暂的风雨行程，世界最大的家具建材零售商家得宝终于以一纸“致顾客声明”画上了句号。 没有了往日的喧哗，家得宝即将在沈撤场的消息得到印证。 建材老大的最后告别 10月27日，家得宝沈阳店在阴郁的天气中显得有些萧条。卖场入口宣传海报上的促销字样还很醒目，但更醒目的是玻璃门上用黑笔所标识的9个大字：“家得宝已黄，只退不卖。”在店门前还立着一个“外部人员禁止入内”的告示牌，旁边还有一纸“家得宝沈阳店关店致顾客声明”。显然，家得宝在沈阳关门闭店并没有遮遮掩掩。“不卖货了，黄了！”当有顾客试图进入玻璃门时，一位穿便装的店方工作人员向顾客这样解释着。“开得不是挺好嘛，怎么说黄就黄了？”一位没让进店的顾客嘴里叨咕着。透过玻璃门，记者看到了卖场内只有少部分员工在清理卖场，一些货架上已经全部清空，只剩下还没来得及摘下的价签。 在家得宝的“致顾客声明”中写着：在2008年金融危机影响下，家得宝沈阳店业绩未能达到公司商业预期，故此家得宝中国做出商业策略调整决定，将关闭家得宝沈阳店。声明中家得宝方面还承诺为顾客提供60天的退货期，并还将继续为顾客提供优质的售后服务，从声明的公示时间算，退货的截止日期应为10月31日。 亏损2300万的传言 “家得宝将撤离沈阳的消息从今年8月中旬就在业界中流传，那时供货商们都很惊讶。”家得宝供货商之一的王先生说。“这一个月我已经和店方谈了两次了，主要是一些返货和付款问题，正在按程序办理一些相关手续。”王先生称，8月底，家得宝总部曾派人到沈阳与沈阳的供货商开了一个答疑会，向供货商做出了一定承诺，保证不会让供货商受损失。“合作两年多了，家得宝经营一直很规范，信誉也很好，就这么黄了确实可惜。”谈起这些，王先生有些伤感。 对于家得宝为何关店，王先生认为，家得宝进沈两年一直在亏损，坊间甚至有传言其亏损额已达到了2300万，当时家得宝进沈时并不是全面“收购”家世界，而是每年要向家世界付上几百万的租金，经营成本很高。而近两年沈阳建材市场整体萧条，在家得宝的旁边就有东方家园保工店、九路建材市场这些早已在沈立足的建材超市和建材市场，家得宝要想生存除了要有自己的特色，同时还需要一个打品牌的过渡期。“再加上地铁施工影响了客流，这些不利因素也导致家得宝中国做出关停沈阳店的商业策略调整。”王先生称。 家居巨头集体“水土不服” 2007年8月26日，世界最大的家具建材零售商家得宝在沈阳正式开门纳客。而在这之前，家得宝通过收购中国家居建材超市家世界12家家居门店，一举完成了这家美国公司开始中国本土化进程的第一步。然而，这一步走的好像急了一些，家得宝明显有些“水土不服”。 今年7月10日，家得宝青岛店闭店，紧接着，家得宝沈阳店也宣布关门。从天津调任到沈阳店做店长的李伟并不否认家得宝经营亏损，但具体亏损多少，李伟称没有接到上级的通知，因此不能接受记者采访。“家得宝沈阳店关店确实很遗憾，我们会做好善后工作，不让顾客、员工以及供货商受到损失。”李伟称。 家得宝中国公关部的谭小姐昨日在接受采访时表示，家得宝对中国的投资策略并没有转变，沈阳和青岛关店都是个体案例，家得宝在天津、北京等地的门店业绩表现还十分良好。 先是有欧倍德，再到百安居，现在又轮到了家得宝，世界建材巨头们纷纷败走沈城。对此，沈阳市装饰产业协会秘书长王锋分析称，沈阳的装饰建材市场几年前就趋于饱和，中国家具城、东方家园都以其经营特色迎合着本土消费者，而一些外资建材超市进入2009年普遍进入了调整期，以适应中国市场。家得宝今日的窘境说明了家居建材连锁企业面临巨大的销售压力，在宏观大形势的影响下，建材超市也都步履维艰，家得宝只是其中一个罢了！,3,6,0.9868958592414856
寂寞没错寂寞有理 反驳你们能不能不那么寂寞玩了寂寞，又玩浪漫，我看我们这代人真的是没什么玩了，我们下一代也没什么玩的(你Y的除了浪漫和寂寞就没别的词了吗？是不是你生活太无聊太枯燥太乏味太空洞了....我们这代人没啥玩的，下代也没啥玩的，好吧，合着人生就是为了玩是吧。没的玩就去死了算了...怎么还没去死啊，还死到天涯上来批评别人寂寞...)我们这几代人小时候玩的不健康向上，到现在变成数字移民也是胡作非为，90年后众NC是原住民，不能在现实生活鸡飞狗跳后，不分先后的终于都无聊了。(我靠，你就是你，别我们，你说我们也不代表你多在理，你自己小时候玩的不健康向上，不代表别人。还有我想知道，你小时候玩啥是不健康向上....好奇ING。90后的NC不能在现实中鸡飞狗跳，言外之意是你鄙视不能在现实中鸡飞狗跳的，就是你自己的生活是鸡飞狗跳的？人家无聊了吗？有的玩还无聊？那是寂寞！我看你连寂寞和无聊的区别都搞不清楚)首先定义下NC，简单来说可以定义为小时候被猪亲了之后又被驴踢了门夹了，通俗点的定义就是脑子不想事，基于这一点，很多70、80年都是NC，90年后更是NC中的极品NC，也就是NC中的战斗鸡。(基于这一点，你是70以前的吗，是405060还是更早，你懂啥叫用发展的眼光看问题吗，你懂啥叫表以偏概全不，还有等老的时候还有个老年痴呆症你知道不)众NC们先反思下自己的生活，有多少人是一天到晚混在网上无所事事的？玩的一样比一样弱智，半夜三更偷菜啊，AV舞啊，一个魔兽停服，几百万人无聊啊，玩完了回家吃饭玩寂寞，横空出世了一个寂寞党，随便到哪看看，网络上满版荒唐言，遍地寂寞党，然后还没完，寂寞党玩得不疯，浪漫派又冒出头来了。(不偷菜不玩AV舞不玩WOW，你回家干吗？你是专家学者还是啥的，天天下班回家吃饭然后就看书啊？合着你这个逻辑除了补充文化知识外有点娱乐都是NC的作为啊。那你自己干嘛来天涯。你如果不寂寞不无聊回家下班吃饭然后是不是就躺床上和你家媳妇儿瞪着天花板思考人生呢....我还在想你是不是很抵制性爱呢，可能在你看来拿是猥琐。)早阵子砖家叫兽们说，每天上网时间多于6小时的就是精神病，这话没错，一般精神病都不喜欢别人说他们有病，NC们哎，天天喊着寂寞，不是有病还是有喜啊？(我喷，那些整天对着电脑干活的人是不是生活在第三医院啊，一栋栋写字楼都是第三医院哈)土鳖们，没钱不要装孙子，你们有钱也就一暴发户，看你们每天在干嘛，天天说棒子抢我们东西，天涯上自己在骂中医，鲁迅那老FQ没教你们一点好样！(我就笑了，啥是土鳖，没钱装孙子的你见过几个，有钱就是暴发户的又咋地了，人家天天在干吗碍着你什么事儿了。骂中医的不是所有人吧。我就从来没有去那帖子看过，为毛呢。我觉得那是无稽。估计就你这种傻X才会去看那张东西。鲁迅又咋了，愤青不愤青都掩盖不了他写了那么多文的事实，其他我无从评价)看看天涯每天都在讨论什么啊，杂谈上那个自称是日本MM的报道帖，也是20多万点击数千回复，土鳖子，没见过女人啊？说没见过穿衣服的日本女人，恩，隔着千八百里的网线你能看到什么？那回复就更别说了，真要是一国际友人，还以为中国男人怎么怎么的，全是JB长在嘴上的还是怎么着？一旦有女的晒照片，征婚，那回复，比个天安门游行还要壮观点？(物以稀为贵，杂谈大多男人，来个女人还贴PP的当然要看了。就像一个军营忽然来了个大美妞，大家肯定都看的，不看的不是男人！！！)寂寞啊寂寞啊，丢脸丢到国际互联网上来了。有精英一出来立刻就被砸砖说装B，中国的精英文化已经被你们这些恶俗的无聊文化折腾的岌岌可危，就说天涯，顶无聊的了，多少民智人士被迫离开了，越玩越低俗，国际友人都过来看笑话。(精英是啥？我还真没见过......大家都普通人而已。国际友人来看笑话....告诉我撒 是谁，我来鉴定一下是不是条狗)想不想知道自己是怎么变蠢的？众位NC，请开动你们所剩不多的脑子想想，若干年前，你是不是记性还不错，碰到什么事还知道动脑子，现在，估计就是拿笔写字也写不出几个简体中文版的了吧？(我就搞笑了，想不想知道中国人是怎么退化的？你们会写繁体字吗会说文言文吗？想不想知道人类怎么变笨的?你会钻木取火吗？)达尔文的进化论是骗小孩的，网络就在让你变蠢，《蠢蛋进化论》看过吧？像现在这样，有什么不明白的问百度问谷歌，问万能的天涯，泡妞玩深沉搜几段经典B语，论文不会上网抄，好吧，青春期性启蒙，上网可劲儿看日片吧，偷偷看的时候很“心神不宁”吧？绿霸了吧？不用自己动脑筋，会用工具就行了，靠装备算个毛啊！(达尔文的进化论不是真理，只是推测，你懂个P啊，你真懂也搞个什么论出来撒.....不上网只会让你变得更蠢。不上网你知识的来源有啥？上了网，可以吸取整个天下的精华。还有，绿坝是可以忽略的。)CCAV总是说古人好睿智，前人好NB啊，有长城金字塔，瞎扯淡，那是因为现在的人更SB了，NC要分级，肯定是90大于80大于70，所以90年后，你们也不用反驳了，你们要说自己是祖国的花朵朝气蓬勃，我靠，太监都会笑得射出来。(现在人更SB了？我们说古人了不起多聪明是和别人的古人比。咋的祖先能造长城，人家祖先能造金字塔。不是跟现在的人比，现在的人还造了飞机原子弹大楼电脑乱七八糟电气化了，古人能比吗？就你这理论，大家都要过原始社会的生活。你要去过没人拦你，别拖着我们一起去)据说中国是世界上BBS最流行最多的国家，泡论坛的，有相当一部分是没什么钱装B的，还有相当一部分是连装B都困难的，天天无聊狗咬狗一嘴毛。都是一群废物，说你没出息就是没出息，有出息的人天天在网上喊寂寞，偷菜？(中国人多。电脑多。当然用户也就多了。当然BBS肯定是用户最多的了。有问题吗？我不懂泡论坛跟装B有啥直接联系吗？你有没有出息我不知道，我就知道真正有出息的人不会老想着批评别人可劲儿的得瑟。。。。。。。。の尴尬，照这理论我也成了没出息的人，没关系我承认我就是没出息的人。不像有些人，本来没出息，还可劲儿装的自己多有出息似的，不说你装B，谁还装B)网络就是个工具，别去信TM的互联网等于生活，有瘾啊，每天也许就是在网上跟人妖扯淡，JB都沤出绿毛了还不知道，NND，寂寞了，你妈叫你回家吃饭啦！(网络是生活的一部分，生活中也离不开网络。就你这样的，别用网络了，有啥要知道的去国家图书馆去)网上的民智都死光了，要不就是属乌龟王八DAN的！(那是你没看到，你见识有多大啊，不就是一个井底之蛙！自己以为自己看到的世界就是世界。你还真渺小真肤浅。你是青蛙，你全家都是青蛙，一辈子跳不出那口小井！)真正的浪漫是有钱有品的生活，NC与土鳖玩不起，你们玩也是个山寨，你们愤愤不平恶搞的时候，人家早在现实生活中玩儿情调了。(真正的浪漫就是要有钱又品?我想你根本不懂浪漫！也不想跟你解释了，就你那EQ告诉你，你都不懂)你们也只能恶搞，拯救地球没你们的份，活该你们只能对着显示器高潮。(恶搞也是一种文化！拯救地球难道有你的份儿？你是地球超人啊？人家高潮用的着通知你吗？)无聊和寂寞所有的网游，所有的娱乐都是无聊经济。无聊是没事儿可干玩了寂寞，又玩浪漫，我看我们这代人真的是没什么玩了，我们下一代也没什么玩的(你Y的除了浪漫和寂寞就没别的词了吗？是不是你生活太无聊太枯燥太乏味太空洞了....我们这代人没啥玩的，下代也没啥玩的，好吧，合着人生就是为了玩是吧。没的玩就去死了算了...怎么还没去死啊，还死到天涯上来批评别人寂寞...)我们这几代人小时候玩的不健康向上，到现在变成数字移民也是胡作非为，90年后众NC是原住民，不能在现实生活鸡飞狗跳后，不分先后的终于都无聊了。(我靠，你就是你，别我们，你说我们也不代表你多在理，你自己小时候玩的不健康向上，不代表别人。还有我想知道，你小时候玩啥是不健康向上....好奇ING。90后的NC不能在现实中鸡飞狗跳，言外之意是你鄙视不能在现实中鸡飞狗跳的，就是你自己的生活是鸡飞狗跳的？人家无聊了吗？有的玩还无聊？那是寂寞！我看你连寂寞和无聊的区别都搞不清楚)首先定义下NC，简单来说可以定义为小时候被猪亲了之后又被驴踢了门夹了，通俗点的定义就是脑子不想事，基于这一点，很多70、80年都是NC，90年后更是NC中的极品NC，也就是NC中的战斗鸡。(基于这一点，你是70以前的吗，是405060还是更早，你懂啥叫用发展的眼光看问题吗，你懂啥叫表以偏概全不，还有等老的时候还有个老年痴呆症你知道不)众NC们先反思下自己的生活，有多少人是一天到晚混在网上无所事事的？玩的一样比一样弱智，半夜三更偷菜啊，AV舞啊，一个魔兽停服，几百万人无聊啊，玩完了回家吃饭玩寂寞，横空出世了一个寂寞党，随便到哪看看，网络上满版荒唐言，遍地寂寞党，然后还没完，寂寞党玩得不疯，浪漫派又冒出头来了。(不偷菜不玩AV舞不玩WOW，你回家干吗？你是专家学者还是啥的，天天下班回家吃饭然后就看书啊？合着你这个逻辑除了补充文化知识外有点娱乐都是NC的作为啊。那你自己干嘛来天涯。你如果不寂寞不无聊回家下班吃饭然后是不是就躺床上和你家媳妇儿瞪着天花板思考人生呢....我还在想你是不是很抵制性爱呢，可能在你看来拿是猥琐。)早阵子砖家叫兽们说，每天上网时间多于6小时的就是精神病，这话没错，一般精神病都不喜欢别人说他们有病，NC们哎，天天喊着寂寞，不是有病还是有喜啊？(我喷，那些整天对着电脑干活的人是不是生活在第三医院啊，一栋栋写字楼都是第三医院哈)土鳖们，没钱不要装孙子，你们有钱也就一暴发户，看你们每天在干嘛，天天说棒子抢我们东西，天涯上自己在骂中医，鲁迅那老FQ没教你们一点好样！(我就笑了，啥是土鳖，没钱装孙子的你见过几个，有钱就是暴发户的又咋地了，人家天天在干吗碍着你什么事儿了。骂中医的不是所有人吧。我就从来没有去那帖子看过，为毛呢。我觉得那是无稽。估计就你这种傻X才会去看那张东西。鲁迅又咋了，愤青不愤青都掩盖不了他写了那么多文的事实，其他我无从评价)看看天涯每天都在讨论什么啊，杂谈上那个自称是日本MM的报道帖，也是20多万点击数千回复，土鳖子，没见过女人啊？说没见过穿衣服的日本女人，恩，隔着千八百里的网线你能看到什么？那回复就更别说了，真要是一国际友人，还以为中国男人怎么怎么的，全是JB长在嘴上的还是怎么着？一旦有女的晒照片，征婚，那回复，比个天安门游行还要壮观点？(物以稀为贵，杂谈大多男人，来个女人还贴PP的当然要看了。就像一个军营忽然来了个大美妞，大家肯定都看的，不看的不是男人！！！)寂寞啊寂寞啊，丢脸丢到国际互联网上来了。有精英一出来立刻就被砸砖说装B，中国的精英文化已经被你们这些恶俗的无聊文化折腾的岌岌可危，就说天涯，顶无聊的了，多少民智人士被迫离开了，越玩越低俗，国际友人都过来看笑话。(精英是啥？我还真没见过......大家都普通人而已。国际友人来看笑话....告诉我撒 是谁，我来鉴定一下是不是条狗)想不想知道自己是怎么变蠢的？众位NC，请开动你们所剩不多的脑子想想，若干年前，你是不是记性还不错，碰到什么事还知道动脑子，现在，估计就是拿笔写字也写不出几个简体中文版的了吧？(我就搞笑了，想不想知道中国人是怎么退化的？你们会写繁体字吗会说文言文吗？想不想知道人类怎么变笨的?你会钻木取火吗？)达尔文的进化论是骗小孩的，网络就在让你变蠢，《蠢蛋进化论》看过吧？像现在这样，有什么不明白的问百度问谷歌，问万能的天涯，泡妞玩深沉搜几段经典B语，论文不会上网抄，好吧，青春期性启蒙，上网可劲儿看日片吧，偷偷看的时候很“心神不宁”吧？绿霸了吧？不用自己动脑筋，会用工具就行了，靠装备算个毛啊！(达尔文的进化论不是真理，只是推测，你懂个P啊，你真懂也搞个什么论出来撒.....不上网只会让你变得更蠢。不上网你知识的来源有啥？上了网，可以吸取整个天下的精华。还有，绿坝是可以忽略的。)CCAV总是说古人好睿智，前人好NB啊，有长城金字塔，瞎扯淡，那是因为现在的人更SB了，NC要分级，肯定是90大于80大于70，所以90年后，你们也不用反驳了，你们要说自己是祖国的花朵朝气蓬勃，我靠，太监都会笑得射出来。(现在人更SB了？我们说古人了不起多聪明是和别人的古人比。咋的祖先能造长城，人家祖先能造金字塔。不是跟现在的人比，现在的人还造了飞机原子弹大楼电脑乱七八糟电气化了，古人能比吗？就你这理论，大家都要过原始社会的生活。你要去过没人拦你，别拖着我们一起去)据说中国是世界上BBS最流行最多的国家，泡论坛的，有相当一部分是没什么钱装B的，还有相当一部分是连装B都困难的，天天无聊狗咬狗一嘴毛。都是一群废物，说你没出息就是没出息，有出息的人天天在网上喊寂寞，偷菜？(中国人多。电脑多。当然用户也就多了。当然BBS肯定是用户最多的了。有问题吗？我不懂泡论坛跟装B有啥直接联系吗？你有没有出息我不知道，我就知道真正有出息的人不会老想着批评别人可劲儿的得瑟。。。。。。。。の尴尬，照这理论我也成了没出息的人，没关系我承认我就是没出息的人。不像有些人，本来没出息，还可劲儿装的自己多有出息似的，不说你装B，谁还装B)网络就是个工具，别去信TM的互联网等于生活，有瘾啊，每天也许就是在网上跟人妖扯淡，JB都沤出绿毛了还不知道，NND，寂寞了，你妈叫你回家吃饭啦！(网络是生活的一部分，生活中也离不开网络。就你这样的，别用网络了，有啥要知道的去国家图书馆去)网上的民智都死光了，要不就是属乌龟王八DAN的！(那是你没看到，你见识有多大啊，不就是一个井底之蛙！自己以为自己看到的世界就是世界。你还真渺小真肤浅。你是青蛙，你全家都是青蛙，一辈子跳不出那口小井！)真正的浪漫是有钱有品的生活，NC与土鳖玩不起，你们玩也是个山寨，你们愤愤不平恶搞的时候，人家早在现实生活中玩儿情调了。(真正的浪漫就是要有钱又品?我想你根本不懂浪漫！也不想跟你解释了，就你那EQ告诉你，你都不懂)你们也只能恶搞，拯救地球没你们的份，活该你们只能对着显示器高潮。(恶搞也是一种文化！拯救地球难道有你的份儿？你是地球超人啊？人家高潮用的着通知你吗？)无聊和寂寞所有的网游，所有的娱乐都是无聊经济。无聊是没事儿可干,3,6,0.36768633127212524
密码变明码 小区防盗门形同虚设物业回应：尽快消除隐患每栋居民楼单元前的防盗门，本是居民的保护神，既能阻止小广告，也能堵住“梁上君子”。可一段时间过去了，一些小区的密码门却没能达到预期的防盗效果，反倒成了小区安保的一块“鸡肋”，愁怀了众多业主。密码变“明码” 住户忧心忡忡“这么多防盗门密码都一样，还防啥盗啊？”最近，家住开发区长城路一小区的黄先生为了他的一个意外发现而忧心不已，因为他发现小区里许多单元防盗门的密码竟然全部相同。据黄先生反应，他是偶然间发现一些装修工人进入单元防盗门时，根本不需要在家的业主开门，而是直接按密码就能进入单元。疑惑的黄先生一打听，才知道原来小区的单元防盗门都是公用一个密码，可谓是“一码走遍天下”。“不只装修工人，还有外面其他一些干活的人，都可以这样随意进入单元大门。试想这个密码要是被其他别有用心的人利用的话，小区的安全问题就太让人担忧了！”物业回应：尽快消除隐患随后，记者来到黄先生所在的小区。从其一期、二期、三期的楼栋中各挑了一个单元实验，发现确如黄先生所说，一个密码便能打开所有的防盗门。黄先生告诉记者，当初决定在这买房子时，就是看中了这个小区的高科技防盗设施，入住后也确实觉得密码门用起来方便、保险，但万万没想到所谓的高科技也会这样“不堪一击”。该小区物业的工作人员向记者表示，这些密码都是防盗门安装时的初始密码，因为小区的入住率还不高，所以为了方便住户装修，清洁人员打扫等，就没有重新设置密码。“如果密码改早了，随着装修的陆续进行，新改的密码同样也存在被泄露的隐患。而且清洁人员也需要一次性记住许多密码，势必会给他们工作增添不少麻烦。但黄先生提出的这个问题，我们也会尽快研究，改进防盗系统，消除安保隐患，让广大业主安心。”,3,4,0.937285304069519
富安娜大店新品齐亮相 革新消费者界面“设计VS渠道”，成为家纺产业在全球金融危机下最焦点的话题。在近期举办的上海2009中国国际家用纺织品及辅料博览会上，国内外家纺从业者纷纷破除竞争“藩篱”，紧紧围绕“原创设计、渠道营销”两个关键词举办专项论坛，以寻求突破当前困局的解决途径。“这颇有点‘亡羊补牢’的感觉”，中国纺织工业协会魏林博士表示，2009年1-5月份我国纺织、服装行业出口下降了11%，其中纺织品下降了15.5%。国际市场需求萎缩，内需市场最近几个月消费下降，这无疑让不少长期“轻品牌重规模，轻渠道重代工”的企业“雪上加霜”。然而，“冰冷”并不是行业的全貌，富安娜等行业领军品牌当前在国内市场动作频频，销售业绩增长迅猛，一片“火热”。据记者了解，富安娜最近推出秋冬季的四大色系，豹纹、媚紫、臧蓝和婚庆等系列原创艺术家纺新品，全国同步上市，并通过推行生活形态“大店”，全力革新着与消费者的“沟通界面”。更值得一提的是，富安娜新近推出的奢华概念家纺——“卢浮宫”系列，以17800元/套的高价格全国限量上市，其研发技术为全球首创，采用“纤维皇后”——真丝，运用国内唯一的高精细度、超大回位独幅提花工艺，精雕细琢如艺术品，获得市场的珍藏热卖。显然，8000亿规模的家纺产业的洗牌正在进行，行业革新求变正在进行。“新品”、“大店”齐亮相金融危机背景下，相对于不少陷入困局一筹莫展的企业，富安娜等品牌企业继续在创新着消费者的家居生活，一方面不断上市原创设计的新产品，满足消费者更细分的需求，另一方面推出完整家居消费的“大店”，也即旗舰店，为消费者提供更具艺术品味的购物体验。据悉，富安娜最新推出的家居旗舰馆营业面积近2000平方米，这是全国最大的家居艺术馆，所经营的产品包括上千种床上用品、被芯、枕芯、家居布艺等，是国内无论形象或面积都屈指可数的超大型家纺产品卖场。同时，富安娜在体验馆中展示出最具富安娜设计风格的经典产品，除了家居床品外，还展示配套餐具、帷幔、睡衣等家居必备用品，体现出富安娜整体家居的设计发展理念，让人们对整体家居的概念有最直观的感受。对此，中国鲁迅美术学院染织服装设计系书记庄子平教授评价说：“善长于寄情于山水间，欧洲经典与中国元素相结全，贴近国际的生活，又展现原创的魅力。是人文艺术、生活品味与尊贵品质的完美结合，为追求生活享受的消费者提供了温馨而浪漫的体验，在使用中，无形之中传递了美好享受。”通过革新“消费者界面”，富安娜在行业“寒冬”中，为市民提供了一个更便捷、更舒适的一站式购物环境，产品自然受到消费者的广泛青睐，销售业绩实现强力增长。“设计VS渠道”促革新“新品”、“大店”都是跟消费者直接对接的“第一界面”，清华大学美术学院染织服装艺术设计系张宝华副教授表示，富安娜此举，其实还是在持续强化研发设计和渠道销售两个环节，勾勒出家纺业界最完美 “微笑曲线”。张教授指出，富安娜短短15年发展历程，甚至晚于国内很多家纺企业，就靠紧抓“设计”与“渠道”两端，使企业每年保持近27%的增长速度，每年推出近200种新款花型。像最近推出的“概念家纺”——卢浮宫系列，研发技术全球首创，精雕细琢的已经成为一件“艺术品”；其在业内开办了第一家床上用品专卖店，首创了“直营”与“加盟”协同发展的渠道模式。透过富安娜的逆市增长，国内家纺企业在“设计”与“渠道”两端的大力革新势在必行，这是不少企业的薄弱点，更是突破困局的关键点。“过去市场生意好，企业往往一味扩大市场份额而忽略了产品研发。长期下来，设计师变成了画稿员，产品工程师变成工艺员”，中国纺织贸促会副会长、中国家纺协会副会长杨兆华先生表示，此次金融危机让不少企业吃到了苦头，建设一支高水平的设计师队伍，充分整合国内外的设计资源，坚决摒弃相互抄袭的陋习，已经成为行业的共识。而据记者了解，国内家纺企业已将渠道营销也提到战略高度。在近期举办的2009全球家纺营销渠道论坛，他们与60多名北美、欧盟以及日本、韩国等主要家纺出口地区的纺织品服装进出口商会、零售商协会、百货店协会、室内纺织品协会、纺织企业家协会等负责人和买家代表，200多位国内商场的相关负责人，共同探讨合作共赢的话题。富安娜董事长林国芳在论坛上还代表中国家纺企业就中国家纺市场正面临的由单体企业之间的竞争转向群体企业之间的竞争、由生产能力转向生产流通能力的竞争、由产品的竞争转向品牌的竞争、由行业存在形式转向商业模式存在形式的竞争、由直接争夺客户的转向提升产品技术含量和附加值的高层次竞争、由对货币资本投资转向对人力资本获取的竞争这七个变化谈了目前家纺业的竞争现状。“亡羊补牢犹未晚”，家纺行业的革新求变正在进行中。,3,6,0.8323836326599121
寻求正确的中国房地产发展路径(组图)8月8日，上海浦东改革与发展研究院房地产经济研究中心主任李战军应邀参加 “发现房地产的陶瓷竞争力”论坛。在专题演讲中，他指出我国房地产业现阶段发展存在“一快、二大、三低、四弱”的特点，即是发展速度快；开发规模、交易规模大；进入门槛、专业化产业化、产业运行素质低；技术创新能力、产业管理能力、资源集约能力、抗风险能力弱。针对这种现状，李战军提出在明确产业目标和政策指导下加快推进住宅产业化步伐，并通过以下六大发展路径指导房地产行业健康发展：第一、坚持市场化商品化为主导的产业发展道路。即优化房地产业运行的外部环境、坚持推进土地制度和住房制度改革、继续实行产业开放的方针大计。第二、用产业化推动我国节地、节材、节能、节水型商品房开发。即通过规划和建筑设计从源头上引导产业集约化和节约化；完善住宅建筑体系，集成和整合建筑成套技术；对商品房采用新材料、新技术、新设备提供政策倾斜；发挥企业在住宅产业化中的主体作用，依靠示范来推进住宅产业化现代化；建立国家和地方两级公共性的新材料、新技术、新设备的认证、推广中心。第三、推动房地产三个层级市场联动发展。将整顿房地产市场秩序的重点放在土地一级交易市场；土地与房屋供应的数量、结构和分布取决于城市功能定位、产业布局、人口增长和市场有效需求；用三级市场的活跃和发展补充二级市场的供应不足，形成新的市场价格定位机制。第四、通过房地产行业内部的良性竞争提高产业集中度。给予不同所有制、不同规模、不同类型的房地产企业相同的土地、金融和税收政策待遇；鼓励开发企业实行跨区域经营，鼓励管理服务企业面向全社会；鼓励具有规模化和品牌优势的企业之间建立战略合作或企业整合。第五、在房地产大市场中形成相对封闭的政策保障住房体制机制。建立政策保障住房和商品住宅的协调发展新格局；政策保障住房覆盖面宜采取先小后大的策略，集中优势资源率先解决双困户的住房问题；政策保障住房是房地产大市场当中的有机组成部分。第六、完善法律法规，规范市场行为，建立我国房地产法律体系。继续完善《土地管理法》、《城市房地产管理法》和《物权法》；尽快制定《房地产法》，将投资开发、租赁交易、服务管理等方面完全纳入到法律规范；努力尽早形成中国特色的房地产法律体系。,3,4,0.9943218231201172
屈原故里的三个端午节在屈原故乡秭归有三个端午节。农历五月初五为“头端阳”，五月十五为“大端阳”，五月二十五为“末端阳”。秭归人从农历四月底就开始忙碌??泡糯米，杀鸡鸭、扫庭院，备锣鼓，修龙舟……。到了五月初五头端阳这天，人们开始包粽子、煮鸡蛋、吃大蒜、喝雄黄酒，还采来白艾和菖蒲用红纸条扎成束后悬于门前。到了农历五月十五这天，各家各户备下佳肴接女儿、女婿回家同享，俗称“过大端阳”，这期间的重头戏包括划龙舟、投粽子、办诗会，这种热闹的节日气氛一直持续到农历五月二十五日也就是“末端阳”，前后长达20天。,3,5,0.5175780057907104
平板电视能效标准似鸡肋 有15%产品不符合要求近日，从中国标准化研究院传出消息，《平板电视能效限定值及能效等级》已经接近完成。再经过几轮行业论证后，有望在半年内正式实施。消息一出，几乎所有的彩电厂家都显得非常平静。他们的说法是，自己公司的主力产品完全符合节能标准，此门槛对现有的产品结构几乎没有影响。中国标准化研究院称，新规定实施之后，预计市面上会有15%左右的产品将被拦在门槛之外。只有“15%的产品不符合要求”，这也意味着，费了很大力气出台的一个想要影响全行业的规定，结果只能影响到一小部分的产品。现在，家电领域大类行业基本都出台了能效标准，比如耗电大户空调、冰箱等领域。不过显然，彩电和空调能效标准的意义完全不一样。一个尚未出台的定速空调能效标，就能让85%的高能耗产品几乎在1年多的时间里消化完毕。这样的力度，才真正显现出了一个标准出台的必要性。反观彩电行业的这个能效标，平板电视本身的能耗就没那么大，即便有了这么一个规定，影响到的也只是全行业中15%左右的产品。虽然，这样一个标准与产业发展相比已显滞后。对于普通消费者而言，根本分不清能耗为120瓦和160瓦的平板电视有什么区别，而且他们也几乎不会去关心。原因很简单，平板电视与传统CRT电视相比，本身就属于节能产品，在平板电视已成普及化产品的今天，消费者们更关心的是电视的画面的清晰度，是否有附加功能，而对于是否是节能产品，恐怕不是选购时的必要条件。反观平板电视的其他指标，却是一个很混乱的局面。比如对尺寸的明确划分，比如对数字电视一体机的定义，比如对可视角度的规范……也就是在最近一段时间，很多厂家都在争论“标准屏”和“非标准屏”的定义，到底什么规格的尺寸才能更好地显示高清画面。平板电视能效标准的确需要去规范，但在目前的产业发展情况下，从电视的最基本用途出发，关注那些“更迫切需要标准”的领域，无疑是标准制定机构第一要务。,3,9,0.9748625159263611
"庆国庆迎花博 顺义大众健身赛开赛在喜迎建国六十华诞、花博会顺利举办的特殊日子里，10月6日17点，在顺义区府前西街10号 “庆国庆 迎花博 顺义大众健身赛”正式开赛。本次大赛是由J9俱乐部主办的动感单车赛。顺义区区长出席了开赛仪式并剪彩致辞。大赛共3天，分为晋级赛和决赛。凡单车爱好者均可参赛。本次动感单车大奖赛形式新颖，内容活泼，奖品丰厚，因此报名参加比赛的群众特别踊跃。比赛中，参赛选手上至古稀老人，下至中小学生，大家都热情高涨，活力四射。台上选手倾情投入，台下观众反应热烈，掌声不断，气氛热烈。比赛间穿插了各种表演更是精彩绝伦，关凌、尹相杰等明星前来助阵。动感单车(SPINNING)是一项结合了音乐、视觉效果等独特的充满活力的室内自行车有氧运动，这项起源于美国的运动沾染着浓浓的美国味道，活力四射、热情奔放。近年来成为世界各地最“潮”的时尚运动。作为本次活动的主办方，J9俱乐部为此次比赛设置了丰富的奖品。晋级赛每轮比赛冠军获得携式自行车一辆。决赛冠军获得J9俱乐部提供的1万元大奖,包括5000元现金大奖和5000元会员卡等值储值卡。亚军与季军奖品也非常可观。所有参与比赛的选手均可获赠精美运动水壶一个。主办方J9俱乐部表示，本次活动是集健身休闲、趣味比赛、歌舞娱乐、竞技切磋于一体的大型群众体育活动。他们希望通过动感单车比赛，积极带动市民的参与热情，让每一位市民都能逐渐养成强身健体的意识和习惯。北京J9俱乐部位于顺义，交通便利，内部装修豪华，拥有国际顶级设备。今年由韩国当红建筑设计师历时一年打造的J9俱乐部华丽亮相，J9俱乐部整体采用时下最为前瞻的设计元素与内部应用系统，着力打造北京市娱乐行业集J9量贩KTV、美高美国际俱乐部、商务精英会于一体的娱乐业的新航母，是请客招待、朋友聚会、自娱自乐、放松心情，营造快乐的理想场所。J9量贩KTV由J9俱乐部斥巨资打造。拥有专业音效调节设备，大型包厢配备有低音炮，欢唱起来轻松愉快，为您准备专业歌星的演唱条件。美高美国际俱乐部让你在时尚潮流的旋律中慢摇身体，在浪漫的玫红情调和CLUB的交流中忘我地宣泄和释放情感。J9商务精英会为你在喧嚣都市里构造一个宁静舒适的桃源,高雅大气，私密性好，是商务人群休闲度假、商务会客的首选。J9，志在引领文化娱乐新潮流！",3,6,0.9303645491600037
"建筑畅想生活 五地设计师齐聚建筑文化沙龙近日由广州仰光文化传播有限公司主办的“京沪穗建筑文化沙龙”在佛山举行。当晚星光熠熠，五地优秀青年建筑师首聚一堂。出席本次的嘉宾有中科院建筑设计研究院有限公司总建筑师崔彤、中建国际设计顾问有限公司总经理赵小钧、清华大学建筑设计研究院副总建筑师祁斌、华南理工大学建筑设计研究院副院长孙一民、华南理工大学建筑设计研究院副总建筑师倪阳、中国建筑学会学术部副主任王京、北京市建筑设计研究院高级建筑师柯蕾、湖南大学建筑学院院长魏春雨等建筑大师,还有广州仰光总监马彬先生、AD照明总经理关旭东先生共同出席。本次沙龙由清华大学祁斌主持，主题为京沪穗建筑文化的特色及差异。大家先从每个城市的本土文化说起，纷纷表达了自己的感受和见解。就各地城市建筑雷同的情况下，切入到文化和建筑的关系、各地建筑的差异与趋同，而就城市规划、政策制度、城市发展状态等提出了自己的观点。最后谈到建筑师的工作和生活，还关注了女性建筑师的特质和感想。一番畅谈，道尽了作为建筑师的酸甜苦辣。尽管这个工作有多累，但大家还是坚持着，而支撑大家继续前行的乐趣，就在于苦乐之外工作成就的回馈和满足感。",3,4,0.6346310377120972
开发商底楼装修挖坑拆墙 居民担心楼倒倒底楼房屋格局突变，加上前期上海“楼倒倒”阴影不散——成都苏坡乡培风小区15栋1单元的居民们，连日来一直睡不好觉。在这个单元的底楼，施工方不但打掉了两堵隔墙，还在客厅挖了个1米深的坑。业主们担心，过大的改动会给楼房带来安全隐患。对此，施工方称改造绝对符合安全。目前，培风社区已让施工方停止施工。现场目击隔墙被敲客厅挖出1米深坑两周前，培风小区15栋1单元的底楼住房内，从早到晚都会传出敲击声。2楼住户罗秀华当时以为来了新邻居，正在装修新家，并未在意。可前日买菜回家途中，她无意走进该住房，才发现格局完全变了样。罗秀华看到临街铺面相连的墙壁不见踪影，站在该住房内可以直接看到街道。客厅与卧室的隔墙也被人打掉。用于破坏墙体的钻头丢在另一间客房内，整个房间里堆满了破碎的砖石。不仅敲掉了隔墙，客厅地板上更是被人挖出一个宽20多平方米、深1米的大坑。猫着腰钻进连着钢筋的大坑，可以看到坑内堆满了泥石碎土，最里面还充满积水，不时散发出一阵恶臭。罗秀华推测，一楼住户可能准备开店铺，“改装这么大的动作，也不替邻居安全考虑一下。”居民担心动作太大住房恐成“楼倒倒”在培风小区住了近3年的黄淑华说，该小区修建于2004年初，并于2006年3月交房。之前她从来都没看到底楼有人居住过。今年初，有位老师利用空房，开过一个幼儿英语培训班，但没开两天就搬离了。在黄淑华的记忆中，两周前该住房开始有人进行装修，但装修时都是小工在场。发现动作太大，居民们拦着小工询问负责人是谁，对方一问三不知。居民都不知道此房装修后，准备用来干什么。由于害怕住房经不起折腾，变成“楼倒倒”。前日下午，黄淑华和一单元其他几户居民一起拦下了准备施工的工作人员，并将情况反映到社区。社区未获许可前不允许再次施工面对不安的居民，昨日上午，培风社区主任刘建说，商铺由开发商转交到社区以后，都会备注在案。在收取物管费的同时，对其进行规范管理。如果有装修，也必须经过社区许可。但正在改造的商铺所有权仍属开发商成都兴光华城市建设有限公司所有。“居民反映问题以后，我们立即让施工方停止施工。”刘建说：“虽然施工方一再保证，施工是安全的。但作为社区，我们的态度是没有见到相关部门许可、解释不合理等问题不处理，就不能施工。绝对给居民一个满意的答复。”开发商：框架结构施工不会影响安全“我们是房屋的建筑方，知道房屋的结构，这样改造没有问题的。”成都市兴光华城市建设有限公司副总经理谭小平解释，被改造的房屋是还没有售出的相连住房和商铺，而他们作为开发商，正是此次改造的施工方。谭小平说，按规划底楼的房屋原就是框架结构的店铺。打掉的隔墙是去年才加上去的，地板上打洞不是为了修建地窖，而是准备降低以前修建的防潮隔垫，让住房和商铺能在一个水平面上。因此，这样改造绝对符合安全。对于当地居民的担忧，谭小平说，公司已向成都市建筑设计研究院打了报告，等他们出具了情况说明以后，再进行下一步施工。,3,4,0.9209024310112
开发商贴错户型图 少十平米仅赔两万元四川新闻网成都7月28日讯(武侯法 记者 曾燕伶 实习生 罗紫兰)消费者李女士于2007年购买了成都某商品房，今年初收房时却见房屋面积比当初约定的少了十平米之多。对此，开发商的解释是在购房合同附件中贴错了户型图，而法院则仅判决开发商赔偿两万元。收房时露台消失李女士在诉状中称，她于2007年6月签订购房合同，约定购买成都市武侯区某住宅小区1单元5楼3号住宅，该房面积为80.80平方米，售价339138元。“这套房屋的客厅有一个面积十平米的露台，主卧室有一个飘窗”，李女士指着购房合同附件中所贴的房屋平面图说。今年2月14日，房屋建成交房。李女士在收房时发现房屋的实际构造和面积与合同约定的差异巨大。“客厅的露台和主卧室的飘窗都不见了”，李女士认为，房屋户型和面积的改变严重影响了其使用和居住质量，要求开发商采取补救措施使房屋达到平面图所示效果并赔偿损失六万元。法院判赔两万“李女士购买房屋的奇数层和偶数层构造不同，我们在签订合同时错贴了偶数层房屋的平面图”，房屋开发商承认自己的工作人员存在疏忽，并表示由于偶数层房屋已售罄，无法为李女士调换房屋。“如果这件事给李女士造成了损失，请她拿出损失依据来，我们一定赔”，开发商表示。武侯区法院在审理中查明，李女士所购房屋面积“缩水”的原因确为开发商贴错房屋平面图所致。但由于李女士未提交有关经济损失数额的有效证据，法院酌情认定开发商赔偿两万元为宜。至于李女士提出的改建房屋增加露台及飘窗等要求则因违反我国建筑法等法律法规的规定而未获法院支持。,3,4,0.9950167536735535
引经据典 各界精英共话回潮之风杨熙：今天嘉宾在这里我觉得谈的很有意思的，最开始谈到回潮，讲到怀旧，最后又讲到城市规划等等。我想在最后的时间我想让每位嘉宾用一句话或者说最简单的语言来总结一下，咱们还是紧扣在城市里面的回潮的主题，每个人介绍一下我们对回潮的简练的理解。或者说如果说你希望我们到底需要的是怎么样的一个回潮，或者说叫复兴吧。宫铁军：我真心希望中国的建筑在未来能够找到自己的复兴之路。现在到日本去无论这个建筑什么样的形态，你总能在最后找到日本的感觉。其实是它是靠尺度，靠规划，靠它的一些骨子里的那些东西体现出来的。所以说中国一定能找得到，那么就靠中国这代设计师，相信在未来的十年中国的建筑一定会复兴。陈炜：作为我们家居行业的，我们希望回潮能够真正根据中国传统文化历史以及现代技术的结合能够做到这种新的创新。这是我理解的回潮。孙群：我想感谢的是储社长，我在听你说的时候特别受感动，你说到舞台的东西，实际上这都应该是政府做的事，因为它们不在引导这些，所以导致了你的这些严肃艺术不可能有市场，所以我想如果说我们不要，我们今天在讨论回潮，我们希望在整个这个回潮过程当中，从政府这个角色的回潮不要是被动地发生的，希望它们更多的主动地发生去做一些事情。赵路兴：好几个逗号的一句话，还是讲住宅，大家最近三四年关心的最多的都是住房的价格，房价，去年又有一个比较大的跌，实际这是一个插曲，中国的房地产高速发展是没有问题的，经济持续的发展，中国最大的问题我也赞成大家说的能不能提出一些好的购房产品，特别是节能，环保型的住房产品。所以刚才宫总说我也很感动，我觉得企业家现在想的这个事应该说是非常占主要的事情，中国的第一个十年发展的就是解决有和无的问题，第二个就是节能环保的问题，有这个企业自上而下的发展，从上头强行地推你这个东西，我觉得这个想法很天真，所以弄的自己也很烦恼，因为我们中国东西是自上而下的东西，包括我们节能，税收这些支持，虽然有技术的支持，所以未来的十年应该是非常看好。许力：我觉得我还是激动，最后一句话是这样的，我刚才听完大家说我的感触也算是今天的收尾是多元化这个词不是抄袭和没文化的借口，多元化不能作为抄袭和没文化的借口，技术解决不了任何文化问题，文化只属于精英阶层就那么简单。储兰兰：干净利落。我不敢批判，我只敢表达。我觉得回潮不是回归，因为社会是要变化，是要发展的，是要改革，要紧跟时代，所以我也希望就刚才您(孙群)比较同情，希望社会也好，政府也好，媒体也好能为咱们中国特有的传统文化搭建一个舞台。王?：我接着宫总来说，宫总说我们这代是奉献的一代，我心里一振。我是觉得我们的确是在一个转折期的一代人，但是我觉得这个机遇也是非常好的一个机遇，所以今天大家凑在一起讨论，我觉得我们这代人就像，就美国战后那一代，民权运动哪些人，没有他们的牺牲就没有美国文化的繁荣，我想等我们五十年以后或者三四十年以后我们回首的时候，我们可能觉得我们这代人做的事情其实很有意义的，也许是几个世纪都很难遭遇的时代，我们虽然奉献但是还是幸运。刘达飞：建筑回潮，以人为本。段妍玲：我想今天有很多房地产的精英，所以我想表达一下我自己的，我其实从来不批判，我是非常爱提问的。我觉得房地产商十年的工作肯定要让大家认可的。第二个关于回潮我自己的理解，我觉得又回到刚才宫先生说的很积极而且很乐观，我也希望看到十年之后我们中国有非常好的建筑的项目，建筑师，大人物的出现，我想那个时候至少中国的回潮先把非常显性的中国元素的重新体现能够真的是消化，能够在隐性和气质上的真正的沉淀和理解之后出来的东西，真正的有我们的气质，而不是像今天继续讲风格。杨熙：谢谢大家参与今天的论坛。我想在今天最后的话还是要感谢咱们九朝会给咱们提供这个场地，也感谢各位专家的参与，尤其是代表各个层面的，我想今天有咱们的赵处长，也有宫总，也有批判学者，也有文化人对咱们这个话题进行深入讨论。再次感谢大家的参与。谢谢。 杨熙：今天嘉宾在这里我觉得谈的很有意思的，最开始谈到回潮，讲到怀旧，最后又讲到城市规划等等。我想在最后的时间我想让每位嘉宾用一句话或者说最简单的语言来总结一下，咱们还是紧扣在城市里面的回潮的主题，每个人介绍一下我们对回潮的简练的理解。或者说如果说你希望我们到底需要的是怎么样的一个回潮，或者说叫复兴吧。宫铁军：我真心希望中国的建筑在未来能够找到自己的复兴之路。现在到日本去无论这个建筑什么样的形态，你总能在最后找到日本的感觉。其实是它是靠尺度，靠规划，靠它的一些骨子里的那些东西体现出来的。所以说中国一定能找得到，那么就靠中国这代设计师，相信在未来的十年中国的建筑一定会复兴。陈炜：作为我们家居行业的，我们希望回潮能够真正根据中国传统文化历史以及现代技术的结合能够做到这种新的创新。这是我理解的回潮。孙群：我想感谢的是储社长，我在听你说的时候特别受感动，你说到舞台的东西，实际上这都应该是政府做的事，因为它们不在引导这些，所以导致了你的这些严肃艺术不可能有市场，所以我想如果说我们不要，我们今天在讨论回潮，我们希望在整个这个回潮过程当中，从政府这个角色的回潮不要是被动地发生的，希望它们更多的主动地发生去做一些事情。赵路兴：好几个逗号的一句话，还是讲住宅，大家最近三四年关心的最多的都是住房的价格， 房价，去年又有一个比较大的跌，实际这是一个插曲，中国的房地产高速发展是没有问题的，经济持续的发展，中国最大的问题我也赞成大家说的能不能提出一些好的购房产品，特别是节能，环保型的住房产品。所以刚才宫总说我也很感动，我觉得企业家现在想的这个事应该说是非常占主要的事情，中国的第一个十年发展的就是解决有和无的问题，第二个就是节能环保的问题，有这个企业自上而下的发展，从上头强行地推你这个东西，我觉得这个想法很天真，所以弄的自己也很烦恼，因为我们中国东西是自上而下的东西，包括我们节能，税收这些支持，虽然有技术的支持，所以未来的十年应该是非常看好。许力：我觉得我还是激动，最后一句话是这样的，我刚才听完大家说我的感触也算是今天的收尾是多元化这个词不是抄袭和没文化的借口，多元化不能作为抄袭和没文化的借口，技术解决不了任何文化问题，文化只属于精英阶层就那么简单。储兰兰：干净利落。我不敢批判，我只敢表达。我觉得回潮不是回归，因为社会是要变化，是要发展的，是要改革，要紧跟时代，所以我也希望就刚才您(孙群)比较同情，希望社会也好，政府也好，媒体也好能为咱们中国特有的传统文化搭建一个舞台。王?：我接着宫总来说，宫总说我们这代是奉献的一代，我心里一振。我是觉得我们的确是在一个转折期的一代人，但是我觉得这个机遇也是非常好的一个机遇，所以今天大家凑在一起讨论，我觉得我们这代人就像，就美国战后那一代，民权运动哪些人，没有他们的牺牲就没有美国文化的繁荣，我想等我们五十年以后或者三四十年以后我们回首的时候，我们可能觉得我们这代人做的事情其实很有意义的，也许是几个世纪都很难遭遇的时代，我们虽然奉献但是还是幸运。刘达飞：建筑回潮，以人为本。段妍玲：我想今天有很多房地产的精英，所以我想表达一下我自己的，我其实从来不批判，我是非常爱提问的。我觉得房地产商十年的工作肯定要让大家认可的。第二个关于回潮我自己的理解，我觉得又回到刚才宫先生说的很积极而且很乐观，我也希望看到十年之后我们中国有非常好的建筑的项目，建筑师，大人物的出现，我想那个时候至少中国的回潮先把非常显性的中国元素的重新体现能够真的是消化，能够在隐性和气质上的真正的沉淀和理解之后出来的东西，真正的有我们的气质，而不是像今天继续讲风格。杨熙：谢谢大家参与今天的论坛。我想在今天最后的话还是要感谢咱们九朝会给咱们提供这个场地，也感谢各位专家的参与，尤其是代表各个层面的，我想今天有咱们的赵处长，也有宫总，也有批判学者，也有文化人对咱们这个话题进行深入讨论。再次感谢大家的参与。谢谢。,3,4,0.965065062046051
张克斌：广营地区政府愿为所有的企业家们服务主持人：谢谢张区长，朝阳区一定是非常的有吸引力的，在上个月北京电视台正式搬迁到朝阳区了，接下来让我们有请朝阳区来广营地区工委张克斌致辞！张克斌：各位领导、各位嘉宾，各位朋友大家上午好，今天我们在这里举行红星美凯龙家居广场的开业庆典，是我们来广营地区经济发展的大事，在此我代表来广营党委政府对红星美凯龙家居广场的开业表示热烈的祝贺。向参加今天开业庆典的各位来宾、各位朋友表示诚挚的感谢！近年来来广营乡一直致力于优化产业结构，发展环境，服务企业发展，努力为辖区企业营造良好的发展空间和和谐的氛围，红星美凯龙经过22年的发展，已经成为以家居贸易为代表的现代连锁服务业，成为中国家具流通业的第一品牌，产品涵盖家居、建材、装饰等领域，红星美凯龙北五环店的开业，必将改进京城家具业的布局，同时金融危机蔓延的情况下，促进我地区全面保增长，保稳定的目标，并对该地区的经济有一定的刺激作用，我们相信红星美凯龙家居广场的开业，一定会给广大的顾客带来优质的商品，优良的服务，为当地的经济注入新的活力，为来广营地区的发展作出新的贡献，作为党委政府，我们愿意为包括红星美凯龙在内的所有的企业家们服务，为广大的纳税人服务，为企业的发展创造一个良好的经营环境和社会氛围，衷心的祝愿红星美凯龙开业大吉，生意兴隆，也祝广大的劳动者节日快乐。,3,4,0.609123170375824
张钧：2010年在纠结中发展     张钧：我想是这样的，现在我也前卫一把，网络有一个新名词“纠结”。这种纠结是怎么一回事呢实际上就是我中有你，你中有我，有合作，有竞争，这种分化和发展先不可预知，也出于生存的考虑做一些变化，以后这样的变化还会多，这种创新、发展，这种纠结恐怕会越来越严重，这个是不可避免的，但是更多的过程中，大家应该公平竞争，然后充分给广大消费者提供性价比最高的产品。另外还有一个，我也在想，应该做好自己最擅长的部分，不能无限扩大自己的领域和范围，因为你的领域一旦扩大很多，你的合作、朋友就少了，竞争就很多，我买了一个厨柜，马上其他和我合作的厨柜就会有很多的想法和问题，金鹰艾格的老板问我地板的问题做了吗，我说没有做，我觉得还是做好自己的强项和专长，多以合作和共赢探讨，在新的经济形势下寻求新的点，这是我们方方面面共同面对和探讨的。    张福才：我还是觉得北京的京味家具发展越来越大，大家应该团结起来一致对外，尽快的把北京的京味家具做到全国，让全国的大卖场、主流卖场都有北京的家具生产厂家大的地盘。       刘春杰：我觉得是要一致对外，家居行业大行业，小规模，实际上这两年有很多的小品牌进入红星美凯龙这样的卖场，然后迅速的进入到全国，这对我们行业是很好的事情，家居行业共同面对的问题是诚信，大家都在谈环保，消费者关心的问题，实际上还是因为之前的信用危机造成的后果，大家在这么好的市场情况下，一个是练好内功，另外一个是可以对自己做出的承诺有一个保障，无论我们的价格体系，小到价格，大到产品品质的问题，如果都可以做到比较好的起点或者标准，那么我想家具行业的发展必然会有非常大的空间，网络应该可以很好的解决销售的问题，现在我必须要亲手的看到这个产品，才知道这个产品是真的还是假的。       主持人 李燕玲：刚才刘总说到一个家居产品的非标准化，家居产品的个性化导致了对行业的依赖，这种合作关系还是非常有必要的。       赵崇联：现在我们做的没有那么大，现在作为企业首先把自己定位做好了，做一个产品，首先要想到对老百姓服务，也是对自己服务，坚持这个观点之后，我想同行之前相互交流、学习，才可以把自己的产品不断的提升、进步，返回来会得到更多的用户的喜爱，同行之前更多的交流是比较好的，作为上下游来讲，一个产品应该有上游和下游，应该搞好利益关系，我想企业发展起来会有更多的朋友，多一点朋友更好一些。       主持人 李燕玲：赵总作为上游材料的提供商，应该说没有更多的间接的竞争对手，都是直接的竞争对手。       袁树林：我觉得这个问题应该从另外一个角度来看，不管是渠道也好，还是单店的销售也好，产品和服务也好，不管是在座的各位企业的老总，或者说任何一个家具行业的老总，都应该有一个概念，我们在整个客户满意的前提下，怎么样能够真正的让自己的产品品质上来，这是最关键的，包括刚才很多老总说的不良竞争，可能不单单是价格，在纵向或者横向上沟通交流，我认为有很多的机会，刚才说了利益环节，渠道环节做更多的沟通，因为每个企业和每个产品的特性不一样，刚赵总说了，我们个性服务，高端客户服务非常强，这个都是需要和大家探讨的。       温世权：我就一句话，希望明年北京多一些竞争对话，大家在良性平台上竞争。       钟红文：通过去年一年的拼搏，今年比较疲惫，我的孩子在清华附中，我看他考进去的时候还不错，前一段时间46名学生排名40名，最近两个月我抓了一下排到全班前4名，09年我又充分的授权，我要回归家庭多一点，谢谢！       乔印军：我想说三句话，卖场是我们永远离不开的舞台，对手永远是我们的竞争伙伴，永远以乐观向上的心态引导我们的行动，谢谢大家！谢谢新浪！       主持人 李燕玲：我们这场论坛就到这里结束了，我非常感谢大家激烈的讨论，后续我们会对一些热点的话题进行追踪、报道。,3,2,0.30058711767196655
当现代邂逅古典 圣象康树新古典系列新古典总给人怀幽思远、静水流深的感觉。外在的深沉大气而细节上的精工细雕，再加上新颖的组装拼接方式着实令人称奇。此外，更是凝结了历代工艺的智慧和心血，蕴含精神文化的精髓，让不少名人雅士趋之若鹜。新古典系列具备了古典与现代的双重审美效果，用现代的艺术材质还原古典的气质，完美的结合让人们在享受物质文明的同时得到了精神上的慰藉。圣象康树09新古典系列，不但性价比很高，而且款式雅致，对于一些装修不打算花很多钱但是讲究艺术品位的消费者来说，这些产品无疑是首选之列。新古典系列创新地将强韧的合成材料作为中间层，全新三层结构设计，保持了实木表层的天然质感与美丽纹理，带来更出色的稳定耐久性能。出色的性价比，时尚品位的装饰效果，无论商业空间还是家居应用，都能带来耳目一新的动人效果。凹凸表面与纵横纹理，仿佛俯瞰亚马逊平原，既有大气豪迈般的磅礴气势，又透出一丝玛雅文明的古朴神秘。精湛的手工处理，如同玛雅能工巧匠亲自雕刻。淡雅色彩与现代家装相搭配，体现与众不同的时尚品味。此款产品最大的特点就是那精美绝伦的拉丝效果，鲜明而又个性。木纹瀑布一般飞流直下，磅礴气势让人叹为观止，如同置身尼亚加拉瀑布之前，感受大自然的神来之笔。精致的花纹总是在悄然诉说那关于美丽的传说！让你永远爱上驻足地板的感觉！,3,6,0.678678572177887
德国归来话设计：对环保的追问和反思日期：2009年8月9日时间：下午4:00——7:00(研讨会4:00-6:00，酒会：6:00-7:00)地点：当代MOMA百老汇电影中心环保今天似乎成了一个老生常谈的话题。绿色标签被用到有些泛滥的时候，人们对这两个字背后的内涵到底认知多少，依然是个问号。 带着这一问题，ABITARE中国造访了国际建筑设计行业的先锋国度之一，德国。“妍玲设计行”策划与主持人段妍玲女士以独特的个人视角深入德国环保 “硅谷”弗莱堡和大众等德国绿色环保标志型城市和企业，在形而上的高度，揭示了德国人对环保的理解和实践。 由意大利ABITARE杂志中国杂志社主办的“大设计战略对话A-TALK”系列活动之二——“德国归来话设计”中，来自设计界和主流媒体的朋友一起齐聚当代MOMA百老汇电影中心，掀起了一场头脑风暴。邀请建筑师、品牌战略专家和绿色生活的先行者们一起，将环保的探讨细化到城市、品牌和绿色个人三个层面，在对环保的追问和反思中给出自己的真知灼见。图为德国环保理念环节1. 城市课题启示：《妍玲设计行-德国第一绿色城市弗莱堡》在德国的环保“硅谷”弗莱堡，我们切身感受了一个提前进入绿色时代的城市：这个人类生活的能耗降到全世界最低点的城市在节能减排的基础上，带给我们更重要的启示在于它开放的城市空间，不仅消除了人与环境的隔阂，也消除了城市居民心理空间的隔阂，营造出和谐共生的城市氛围，绿色环保的理解从物质层面推向了更为深刻的社会心理层面。论坛：暴富城市的包袱和包袱由著名建筑评论家方振宁主持，国内著名建筑师李虎，绿色设计师联盟代表Ryan Dick和都市实践建筑顾问吴文一展开激烈讨论，在如何将真正的环保意识推广给中国的城市建筑领域各有卓见，谋求通过与政府、企业和媒体的通力合作，共同构建真正的绿色城市成为这几位建筑师的公识和未来努力方向。就中国一、二线城市的不同发展现状，各位论坛嘉宾也以实例给出深刻行家见解和分析。,3,5,0.6401197910308838
我的温暖我做主 散热器凸显温暖真意11月初，一股强冷空气由北向南，突袭了全国大部分地区。而且，在过去的半个月里，各地的寒冷程度均有增无减。严冬的提前到来，让各地的人们深受其苦，特别是对于那些采用集中供暖的家庭来说，等待供暖的这段日子着实难熬，而少数采用分户供暖的家庭则顺应气候变化，提前享受到了温暖舒适的冬天。分户供暖因其自主性和舒适性再次受到消费者的广泛关注。“截至目前，中国的分户供暖用户大概有200多万户，数字听上去很大，但与英国的180万户和南韩的120万户相比，这个用量与中国的人口数量还是不成比例的，市场潜力非常可观。”日前，在德国威能与德国水丽的战略合作签署仪式上，德国威能中国区总经理王伟东向记者介绍。据中国国际建设市场研究院副院长袁清等业界专家表示，随着经济的发展和人们收入的提高，以及国家节能和温控热计量政策的推行，分户供暖将成为全国尤其是长江流域及以南地区采暖的主要方式。据相关部门统计，2000年以前，分户式供暖产品仍局限在黄河以北市场，而2005年后其覆盖市场已移至长江以南。以上海为例，已经形成分户供暖为主，集中供暖为辅的市场格局，像上海的安亭新城是集中供暖，其他都是分户供暖。需求推动变革 分户走俏绝非偶然 随着我国城市的高速发展，热力建设逐渐跟不上市场需求的步伐，用户对集中供暖的抱怨和不满逐渐显现，比如：压力不足而导致供热不均，温度偏低等等。这种矛盾在近几年表现的更为明显，变化无常的气候给采暖季前后的居民生活带来了极大困扰，供暖太晚、停暖太早、室温过冷或过热等问题接连不断，直接导致了这段期间的感冒发烧门诊人满为患。而2008年那场雪灾至今仍让不少人对寒冷心存余悸。此外，住宅的商品化也是一剂催化剂。一方面，双卫、多卫等大户型、复式、别墅的增多，使消费者进一步提高了对家用采暖设备及生活热水的要求；另一方面，随着投资房的兴起，以及长途旅游、度假的流行，房屋闲置的情况越来越多，为空屋支付采暖费也成了许多人无奈的痛，于是，人们开始计算取暖成本，开始关注并寻求自主性更好的采暖方式，集中供暖的垄断地位也因此受到了前所未有的冲击。分户供暖：自主随心 温暖人心与传统的集中取暖设备相比，分户供暖具有不可比拟的自主性和舒适性。用户不但可以随时任意调节不同居室的温度，而且在家中无人时，只需调低至无人在家的值班温度，从而节约了能耗；下班要回家前，只需要通过智能化模块自动启动设备，回家后就能立刻感受到家的温暖。正是由于分户供暖具有不受外界条件干扰的特点，越来越多的开发商和用户开始主动要求采取独立式的供暖方式。而与其他辅助型独立取暖设备相比，采暖、热水一体化的壁挂炉是目前分户供暖市场的新宠。据国家燃气用具质量监督检测中心副主任刘彤介绍，在遭受寒流突袭之后，原本可以充当非传统供暖地区采暖方式的冷暖空调，由于室外机经常结霜而失去了功用，因此，人们对于壁挂炉等国际潮流新品的关注空前高涨，对于独立采暖的需求也格外迫切。细节彰显真意 用国际的标准为中国节能除了随时随心取暖的独特优势，分户取暖的节能、环保特点才是其日渐成为国际流行采暖方式的重要原因。据记者了解，目前分户供暖通常采用太阳能、地源热或天然气等能源，比烧煤更加环保；由于没有热效能损失，分户取暖可节约20%-28%的燃气费用。考究生活品质，注重产品公益性能的欧洲消费者较早意识到了这一特点。据德国威能集团全球总裁罗夫•林巴赫表示，分户供暖在欧洲普及率超过85%，是多数家庭首选的采暖方式。虽然分户供暖的概念在中国的推广还不成熟，但随着中国政府大力提倡节能环保，分户供暖产品在中国的市场前景非常乐观，将成为未来的主流趋势。市场扩容 源于投入与收益的完美平衡业内人士表示，经过这些年的市场培育，分户供暖与集中供暖相比较的性能优势已经被大多数人所认同，真正制约前者发展的主要因素之一，其实是前期投入成本。但是，与此同时，我们也看到众多开发商依然青睐这种采暖方式，到底是什么驱动着市场的发展呢？对此，威能中国总经理王伟东介绍，“以主要针对中高端房地产项目的威能产品为例，虽然一次性投入比较高，但每年采暖成本比使用传统采暖方式节省20%至30%不等，使用几年后完全能收回成本。”优势明显的产品性能，配合投入与收益的完美平衡，使得相关产业获得了迅猛发展。依然以德国威能为例，2006年来自可再生能源产品的收入仅占这家全球第一的壁挂炉企业5%的营销额，但对比2005年的2%，已有150%的成长速度。另据王伟东透露，威能08年在华销售额实现了40%的高速增长。结语：分户供暖不但满足了用户对自主采暖的高要求，更是对集中供暖市场的不可缺少的补充。同时，分户供暖顺应国家对于节能的政策改革方向，在国外和国内北方的新型小区的建设中已经慢慢代替传统的集中供暖，或将成为未来采暖方式的新潮流，以真意温暖更多中国家庭。,3,9,0.7083505988121033
"房款装修款拆开算 瞰都涉嫌逃税卖房近日，购房人刘挺(化名)买房的时候碰到一个奇怪的事情。位于东北四环东风桥北的瞰都领仕馆6号楼在对外销售的时候，业务员称精装修房销售均价为21000元/平方米左右。而当刘挺去售楼处与开发商进行网签购房合同的时候，合同上显示的房屋销售价格却为18000元/平方米左右。销售人员给他解释说，他想要购买的这套房产单价为20500元/平方米，18000元/平方米是其毛坯价格，装修部分的价格需另行签订一份装修合同，开发商以装修款的名义按照2500元/平方米收取，开具的发票也是装修款。刘挺一时没想明白，没在购房合同上签字。但他不太甘心。刘挺在给本报记者讲述这段买房的特殊经历时说：“20500/平方米的价格虽然被拆开了，但算下来总价好象也没有变化，是不是应该签合同呢？”记者就此楼盘的另类营销方式采访了一位业内资深地产营销负责人。他说，刘挺没有匆匆下定是对的。如果按开发企业这种方式售房，未来业主在出售该套房产时，肯定会为此多掏不少""冤枉钱""。比如说业主购买了总价120万元的房子，在市建委以100万元的价格登记，另外20万元作为装修款支付。那么当业主以140万元出售这套房产时，税务部门会按照首次购买所登记的价格，以40万元的溢价进行收税，而不是以业主实际收益的20万元进行收税。另外，在国家税务总局于2007年6月正式对外公布的《关于承受装修房屋契税计税价格问题的批复》(国税函〔2007〕606号)中明确表示：“房屋买卖的契税计税价格为房屋买卖合同的总价款，买卖装修的房屋，装修费用应包括在内。”也就是说，对于以精装修现房为卖点的楼盘而言，将装修费用刨除在房价之外单独收取的做法，本身就涉嫌逃税。据他分析，开发商之所以采用如此做法收取房款，其中很重要的因素是开发商销售房屋须按5%缴纳营业税，而装修公司只须按3%税率缴纳营业税。开发商相当于利用房屋销售和装修的税费差，降低了自身的税费支出。记者在随后对瞰都领仕馆售楼处相关人员进行采访的时候，销售人员承认在售的6号楼部分房源此前曾以签约房价一分为二的方式进行销售。但她表示：“我们现在卖的房子都是按照正常报价来签订合同的，肯定包括了装修费用。”(北京参考记者 沈静)",3,4,0.7753243446350098
手续未办好装修已开始 丹水池街道办盖违建楼(记者 韩立山)丹水池街道办打算用作社区服务中心的两层楼是违建房，从开建到装修，一直没有办理好相关手续。”日前，居民刘先生向本报投诉，称这两层共200多平方米的楼房是违建。昨日，丹水池街道办称，相关手续正在办理中，江岸区控违办也表示将督促其尽快办好相关手续。手续还没办装修已开始昨日上午，记者在江岸区丹水池街看到，新建楼房紧邻街道办的一栋三层办公楼，共上下两层，整体已经完工，有工人正在做内部装修，社区便民服务中心的牌子也已经挂在门口。记者进楼后发现，一楼是个大厅，二楼是几间办公室，办公室的地板、门窗都已经装好。街道办负责人说，这栋两层楼原本是街道办的院子，现在改为了一站式社区服务中心，将设置教育培训中心、文体活动中心、维权咨询服务中心、图书阅览室、慈善超市等，为居民提供“一站式”服务。街道办称相关手续正在办“其实，我们真的觉得很委屈。”该负责人介绍，丹水池街管辖范围约有9.43平方公里，常住人口6万多人，目前办公场所太小，无法满足居民办事需求。按照国家明文规定，该街道应该为居民提供一个近1000平方米的服务中心，街道办挤出20万元改建了服务中心。该负责人表示，盖楼之前已向区里打了报告，并着手办理相关手续，只是因为规划手续办起来比较麻烦，所以一直拖到现在尚未办下来。“建楼之前，考虑到手续尚未办理好，还进行了社区居民听证，并发布了告示。”该负责人坦言，之所以边建楼边办手续，也是为了早日给社区居民提供便利。市民：政府部门更应程序合法“虽然是为了方便居民，可是作为政府部门，是否更应该注意程序合法？”向本报投诉此事的市民刘先生介绍，街道办搞的听证和公示他都晓得，可是相关法律已经明确规定了，没有办理规划手续就是违建。“政府部门可以边建楼边办手续，那么市民呢？”刘先生认为，政府部门更应该做个表率，更应该去遵循程序合法，而不是搞“绿色通道”。就此，江岸区控违办一负责人表示，从严格意义上来说，该楼确系违建，7月份曾经要求该楼停建过一段时间。考虑到该楼是为了满足社区居民“一站式”服务需求，且街道办确实是想为居民做实事，所以才没有强制拆除，“将督促该街道办加快办理相关手续。”,3,4,0.9919518232345581
"挑T总动员 美食品赏会 网友意见调查"" class=akey target=_blank>news.sina.com.cn/iframe/survey/js/97/f_content_40801.js"">",3,6,0.3252915143966675
挑T总动员-求爱篇图为漫画图为漫画图为漫画图为漫画,3,8,0.992573618888855
挑“T”总动员 获奖作品展示第三周周人气奖(1名)获奖作品名称：满口香扣肉 (编号 69672)作品说明：[原料/调料]五花肉、葱、姜、蜂蜜少许、大料(八角)。[制作流程]1、五花肉煮到8分熟，筷子扎透没有血水冒出就可以了，取出五花肉控干水，然后在肉皮上抹上一层蜂蜜；2、锅里倒入少许油，把抹蜂蜜的肉皮放到锅里煎；3、煎至黑红色即可，注意煎的时候要保护好自己，因为油崩的很厉害，最好拿锅盖挡一下；4、把煎好的五花肉切成薄厚均匀的肉片，肉皮朝下摆放到大碗里；5、葱两段改成丝，姜三片，大料两个；6、把葱、姜、大料、糖、盐、酱油、鸡精放到大碗里，上锅蒸，冷水入锅，水开后计时，一小时后就可以了，香香的扣肉就做好了。第三周周创意奖(1名)获奖作品名称：小煎鸡 (编号 69648) 作品说明：[原料/调料]鸡脯肉150克，冬笋100克，泡辣椒、芹黄25克[制作流程]1.鸡肉切条，用盐、水淀粉上浆。2.水淀粉、料酒、盐、胡椒粉和醋在碗中兑成味汁，电磁炉大火用花生油将鸡条炒散，放入葱姜、蒜片和泡辣椒，炒出香味后放入冬笋条、芹菜，下入兑好的碗汁，翻吵几下即成。,3,6,0.5311359167098999
挑“T”总动员-获奖作品展示第二周周人气奖(1名)  获奖作品名称：冰糖炖双雪南北杏 (编号 69654)作品说明：[原料/调料]雪梨1个，雪耳半朵，南北杏各15粒，冰糖适量，枸杞8粒(装饰用)[制作流程]1：雪耳用水泡软，清洗干净，去蒂后剪成小朵；2：雪梨清洗干净，去核，切成小丁；3：南北杏清洗干净；4：把冰糖、雪耳、雪梨、南北杏放进紫砂煲的炖盅里，加入2碗热开水，盖上盖子，放进紫砂锅；5：紫砂锅里加入齐炖盅半腰的水，启动“隔水炖”键，炖1.5个小时即可。功效：清肺润喉，祛燥止咳，是秋冬季节很好的滋润糖水。第二周周创意奖(1名)  获奖作品名称：红绕肘子 (编号 69632)  作品说明：[原料/调料]肘子1000克，花生油2000克(实耗75克)，酱油50克，料酒75克，盐1.5克，葱、姜、五香料少许，淀粉15克，糖10克，汤适量，青蒜少许。 厨房器具：紫砂煲、电压力煲、电磁炉、盘子等；[制作流程]1.选皮薄、毛孔细小的新鲜肘子，剔去骨头，修整成圆桃形状。2.肘子皮朝上，放入五香料用紫砂煲熬煮煮至五成熟捞出。3.在电磁炉上将油锅烧热，把肘子皮朝下炸呈黄色，炸时不停地翻动，以防糊底。4.炸好肘子捞出，放一碗内，加葱、姜，用卤汤对些水，浇入碗中，用电压力煲蒸烂。5.将蒸好的肘子扣入大盘内，汤沥在锅中，加入料酒、味精，调一下色味，开始勾芡，撒上青蒜段，淋入明油，浇在肘子上即成。,3,6,0.40949252247810364
挡路建材已清 施工仍在扰民本报讯 (记者 彭晨实习生沈婷婷)过去一周，市民向本报“24小时热线”栏目反映的问题主要集中在人行道堆放建筑材料、幼儿园附近尘土飞扬、工地抢建影响居民午休等。昨日下午，记者拨通了部分市民电话回访获悉，部分问题经本报报道后，已经得到解决。9月1日，廖女士来电反映，景龙小学东边、北边的人行道被水务集团挖开，如今暑假过后，人行道还没有恢复原状。近两天学生返校开学，学校门口堆放着大量建筑材料，使得学生上学无路可走，只好走机动车道。昨日下午，廖女士在接受记者电话回访时说，此事经本报报道后，引起了深圳水务集团的重视，他们立刻安排工作人员抢修了损坏的下水井，堆积的建材也已清理完毕，现在人行道已经恢复通畅。9月3日，普小姐来电反映，福田区石厦菜场旁的一处拆迁工程，由于现场无遮拦设施，每天施工时产生大量的灰尘，附近的幼儿园离拆迁地不足十米，小朋友每天都要吸进很多灰尘，不利身体健康。昨日下午，普小姐在接受记者电话回访时说，文章刊登后，工地立刻采取了整改措施。近日，工地在拆除围墙时进行了洒水作业，灰尘比过去大为减少，周围的环境也没那么灰蒙蒙了。9月5日，龙先生来电反映，龙岗华为基地三和大厦对面有个工地，这两个月来，该工地每天早上6时便开始施工，中午也不停工，声音嘈杂，附近居民午休时都不得安宁。昨日下午，龙先生在接受记者电话回访时说，这一情况仍未改善。居民不反对施工建设，但不要打扰到居民的正常生活。希望相关部门能够加强监管，让附近的居民能够有一个安静的生活环境。,3,4,0.9387638568878174
探秘国庆晚会三大法宝 LED70%零件国产首都国庆60周年联欢晚会指挥部副总指挥赵东鸣日前表示：今年晚会上最有创意的就是设计了一个叫“光立方”的表演区，即以天安门广场国旗旗杆为中心，在它的周围有4000多棵的“发光树”，这是在我国的晚会中首次被应用。这些“发光树”是LED的，具有高科技含量。 “天安门广场上的LED显示屏中70%的零件均为国产，尤其是它的关键技术发光晶粒由我国公司生产。这个显示屏在抗风、抗雷、阻燃等方面做了相当充分的工作。这些先进的技术为我国的科技创新增添一喜。”一位LED显示屏的专业人士介绍说。天安门广场上LED显示屏宽为50米，高7.5米，虽说屏幕的比例为20∶3，但是画面内容却不会变形。显示屏采用点间距16毫米的全彩色LED像素，远程同步控制，高清数字显示，其横向3072点像素是迄今为止世界广场LED显示屏之最。为了以防万一，显示屏采用了三路供电，并且若用自身电池组来供电显示屏的亮度也不会受影响。另外LED显示屏还运用到了彩车上，并突破了其单一的形式，发展出弧形、不规则形、上下升降等多种花样。焰火形式丰富多样据赵东鸣介绍，这次晚会的一个特点是“突出焰火，强调联欢”。因此焰火表演在国庆晚会中有着举足轻重的地位，甚至决定整台晚会的效果。在这次焰火表演中采用了高、中、低立体烟花，还配有网幕烟花、特效造型烟花、音乐烟花燃放等多种形式。此次焰火的燃放集中在广场周围的12处燃放点，比较集中。为了使焰火看起来更绚烂多彩，首先就必须解决焰火燃放初所出现的大量烟雾。为了达到焰火艺术上的创新，天安门广场上安装了一个巨大的烟花特效装置，这在以前是没有过的。今年国庆庆典联欢晚会的烟花种类超越了以往任何一次，届时，以天安门广场为中心，人们会看到一个整体、多样、场面壮观、绚烂多彩的焰火晚会。打造民族欢乐盛宴一台突出民族、民间和民俗的盛大联欢将在国庆夜呈现于世人面前。此次联欢有12个板块，分别为各民族中心表演区、军民联欢区、工人联欢区、大学生联欢区和农民联欢区等。在各民族中心表演区，将有近3000人身着56个民族的服装载歌载舞。此次晚会联欢与以往国庆晚会联欢不同的是：12个板块在同一的旋律之下舞动着不一样的舞步。各个板块的群众将各展其能，共同打造一场民族欢乐盛宴。,3,9,0.9516772031784058
携手当代节能置业 日立电梯再添战略合作伙伴当地节能置业股份有限公司与日立电梯(中国)有限公司在北京当代MOMA签署战略合作协议。未来，日立电梯将为当代节能置业旗下众多房地产项目提供具有一流国际化品质、绿色节能的电梯、扶梯产品。当代节能置业通过与日立电梯等品牌供应商的战略合作，共同运用节能技术和前沿科技，为消费者缔造出更多的节能建筑。当代节能置业一直致力于为广大消费者开发舒适而节能的住宅产品，公司先后开发建设了万国城MOMA、POP MOMA、上第MOMA、MOMA万万树、当代MOMA等项目。随着日立电梯与当代节能置业的联盟，日立电梯将陆续参与万国城MOMA (长沙)、万国城MOMA(太原)等项目，并为当代节能置业提供节能环保的电梯技术与绿色产品。双方也将在“科技建筑美好生活”开发理念的指导下，共同努力，在尊重自然、节能环保的基础上全面提升人居品质，让更广大的消费者享有更舒适节能的人居环境。万科集团和日立电梯的战略合作已经成为一段佳话，合作有9年之久。日立作为电梯的战略供应商，在万科联合发展中心网站中被列入了“联合发展计划”。据万科的相关负责人介绍，万科和日立电梯独创的“订单式”采购模式，大大精简了采购环节，提高了采购效率。万科在降低成本的同时，也获得持续的质量保证。此次日立电梯与当代的携手，使其战略合作伙伴的阵营里又增加一重量级合作伙伴。据不完全统计，日立电梯已万科、富力、合生创展、华润、当代等数十家开发商建立起战略合作伙伴的关系，成为房地产行业最大的电梯战略供应商。作为日立在海外最大的电梯合资公司，日立电梯(中国)有限公司自1996年正式开业以来，研发、制造、营销、服务能力不断增强，现已成为中国市场上规模最大、实力最强的电梯企业之一。秉承日立领先全球的尖端技术和优良的产品质量，日立的电、扶梯产品因其优质高效和节能环保而倍受市场青睐。此前，日立电梯曾为广州第一高楼——中信广场、中国第一高楼——上海环球金融中心、四川第一高楼——喜年广场等诸多标志性建筑提供产品与服务。据悉，日立是全球企业500强的跨国集团，拥有超过80年的电梯研发与制造经验。作为日立在海外最大的电梯合资公司，多年来，日立电梯(中国)有限公司一直致力于推动中国都市生活的现代化进程，竭诚为中国社会提供高品质的产品和服务。凭借“一个总部(广州)、两大研发中心(广州、上海)和三大制造基地(广州、天津、上海)”的研发和制造实力，以及遍布全国各大城市的分支机构和服务网络，日立电梯积极发挥其在一个世纪发展历程中所积累的雄厚技术力量和丰富经验，为中国市场众多用户提供最专业的楼宇交通解决方案。,3,4,0.6481335759162903
政府采购如何扶持国产电梯研讨会在京举行(2)下面我们有请天津银桥有限公司总经理安晖发言，大家欢迎。安晖：尊敬的缪会长，尊敬的各位领导大家上午好，我们是天津银桥有限公司，非常荣幸在这里结识大家，我们公司是一个生产型的企业。我们公司是以电梯的生产、管理、技术、检验组成，他们说的是电梯是制造行业里面的精英，从技术工艺到项目管理都有非常丰富的经验，这个也为生产出来好产品奠定了基础，在这种情况下，我们公司投入了先进的生产设备和检测设备。因为我们知道，品质就是企业的灵魂，所以我们在这里跟大家说一下，从原始的产品的加工到整体的过程工艺全部是自己的作业线，在这种情况下，我们的产品包括防伪标识，为什么强调作业线的问题，因为在电梯的制造里面，很少有企业是全部作业线，基本都是和其他企业横向的联合，也使电梯产品在市场上非常的混乱，混乱的原因就是很多企业没有生产许可证，很多东西但是都没有，但是就可以给其他的一些电梯生产企业提供半成品。正是因为我们拥有自己的完全的生产工业线，没有任何的外加工序，所以在生产过程中，各个程序的成本控制非常的严格，为的就是把这块成本节约出来，让利给我们的客户，让我们的客户用上质量好，价格低廉的产品，我们不搞价格战，因为我们的价格不从市场上拼，而是从我们的产品里面省，市场是公平的，只要你怀着一颗永远为客户着想的心，客户永远是你的，我们在售前、售中，售后完整的体系，制作出特殊规格的产品，并且为客户提供切割的服务，我们在京津冀提供24小时上门服务，由于我们无限的努力，我们也得到了很多企业的认可，包括张董事长的上海富士电梯，我们合作的非常愉快，还有铃木，广日，很多的企业，在这里特别值得一提的是北京莱茵电梯的孙秘书长，他将我带入了这个会议，也很有幸结识了各位。作为银桥，我们都很敏感，同心使我们的企业走的更远，有品质才有市场，有改善才有进步，这是银桥的座右铭，正是因为我们公司坚信诚信是金、品牌是金，所以我们公司逐年是天津市评为重信誉的单位，我们的商标也被评为著名的商标，我们申报的技术改造项目已经获得批准，银桥的荣誉我们愿意和各位共享，有朋自远方来不亦乐乎，我热切盼望各位领导去银桥指导我们工作，谢谢大家！主持人：金融危机给世界经济带来了灾难，在这个大背景下，电梯行业制造企业回顾和反思在电梯里面的零部件当中的问题，在这个过程中，电梯一些企业认识了电梯营销，像安总介绍的情况也是这样，刚才她也做了很好的介绍，下面有请北京稳上创新科技有限公司总经理游小芳发言，大家欢迎。游小芳：尊敬的各位领导、各位来宾大家上午好，随着我国经济的发展，社会的发展，电梯拥有量也在递增，北京已经拥有十万台，成为人们不可或缺的生活设施。目前我国电梯安全性较以前有很大的提高，但是电梯事故仍然发生，由于停电或者电梯故障造成的困人现象，由于解救不及时发生了伤害事故屡见，因此电梯安全运行，社会的安全管理，以及保证行梯人员的安全已经成为社会和国家普遍关注的焦点。强化电梯等各种设备的安全管理是我国安全工作的一个重要方面，国务院早在2003年就发布了各种设备安全条例，09年5月1日国务院总理温家宝又亲自签发了国务院第549号令，进一步强调了安全责任主体，硬性规定事故的划分和处罚，申明了事故发生后的处罚力度，明确的对责任单位处以10-20万的罚款数额。管理者罚款上一年度30%的工资，力度实为罕见，说明政府的决心。电梯事故是普遍存在的现象，问题是如何及时处理此类问题的发生，防止营救不当引发的电梯灾害事故，确保人身安全是当前亟待解决的问题。我们公司以工作安全为已任，把高可靠性、高智能化作为产品的核心竞争力，充分发挥中国航天航空高科技研发人才的优势，结合创新的理念和思维，在激烈的市场竞争中取得了一定的知名度，走在电梯应急救援产品的行列前沿，为国内外众多知名品牌电梯厂商提高差异化竞争提供了标准，澳洲，意大利、韩国、新加坡等三十多个国家和地区都用了我们的系统，武汉香格里拉饭店买的是全进口的奥的斯电梯，在安装完电梯，引进了应急装置，现场调试不成功，应急装置厂商不但退货，而且赔了违约金，后来他们找到我们，去年夏天我们总工到澳洲调试新型的机器，由于我们非常精确平稳的集成，外方说 你们真棒。这种研发品牌不但走出了国门，而且在世界各地得到了认可，为中国企业在国际市场上树立了良好的形象。下面我有几张图片给大家看一下，这个是今年四川公交车发生重大安全事故，事故之后全国上下都进行了公交车的逃生演练，北京各个城区也做了多次的逃生演练，很多地方增加的公交车的安全投入，进行了改造，这是我们5.12日汶川大地震，多少校舍变成废墟，其中有媒体报道，有一个曾经由于经费不足花四十万盖的教学楼，后续几年为它投入安全性的加固花了200万，这次汶川大地震中，他安然无恙。日本等国看到这一情况后，全面启动了校园安全设施投入计划，加大资金确保学校的安全，而我们在现实生活中，很多用户说，我们这个关人现象还没有发生，或者我们是普通老百姓，没有关系，为什么我们总是被安全追赶，为什么我们总是被动的亡羊补牢，在以人为本的大环境下，我们更需要有高端的以人为主的目光，今年是国家安全质量年，又是国务院实施特种设备安全检查条例之年，又是新中国成立六十周年，我们希望政府，有关单位和媒体给予电梯安全高度重视，我们应清晰的认识到我们共同肩负的电梯安全使命任重道远，在举国欢庆六十周年来临之际，祝大家节日快乐，全家幸福，谢谢！主持人：游总的介绍非常好，下面发言的是上海席尔诺电梯有限公司总经理汪孝龙。汪孝龙：感谢《政府采购信息报》和北京工商联电梯业商会创造一个非常好的平台。今年难处上海市市委书记，参加了上海家电工业区52项首批重点建设工程的开工建设典礼，很荣幸，其中之一就是我家名不见经传的上海席尔诺电梯有限公司，是一个现代化的电梯生产建设基地，实际能力5000台/每年，从一个亿的销售额要达到五亿，25%海外销售，75%国内消化。在整个国际金融发生危机的时候，席尔诺三年以来，销售是稳步上升的，逆势上扬，这是什么道理呢？我觉得有三个感受，首先得益于国家的政策好，实际上这一次金融危机发生以后，上海市在拉动经济的大前提下，他就是重点扶持了有生命力的重点工程，很荣幸席尔洛因为高新技术和关注民生的特点被列入了这样的重点工程，政府是重点扶持，原来400多天的这样一个从招拍挂到开工的进程，现在我们只需要半年的时间完成，进行了建设期，进入政府的绿色通道，我们说政府的政策好，感受的第二点，得益于我们席尔诺顺应市场变化，主要是以客户的价值对产品的价值认同来发展我们的企业。实际上席尔诺是在2003年在上海注册的，在当时只有4000万人民币的注册资本的小厂，但是它建厂一开始的基础就是建立在在北京潜伏了二十年的基础上，说起在北京潜伏了二十年。如果没有大格局，我们的战略就不是很适应今天这个激烈的市场，所以当时席尔诺建厂一开始，把整个的注意力就放在老楼加装电梯的市场，02年投入市场，05年拿出调研报告，05年做了一个老楼加装电梯前景广阔的报告，很快老楼加装电梯成为了市民津津乐道的一件事儿，也正好符合上海关注民生这样一个政策，上海市有十大民生重点工程，关注民居的就有平改坡，就是老楼加装电梯，上海市率先进入老龄化，过去我们住进六七层楼的房子里面没有电梯，我们走三楼就要休息一下，这个对居民的生活质量，居住质量产生了很大的影响，现在生活水平 提高了，大家要求居住质量也提高了，特别是老年人，有时间要上上下下，但是真的不方便，席尔诺也是找到了这个市场，不和大品牌争，我们切入这个市场，做好这块，既有大格局，这个格局是关注民生，也有我们自己的小算盘，扎扎实实做我们自己这块，而且我们很快的就进行了专业的注册，现在我们已经有自己的专利，我们的专利就是挂壁式××框架一体式乘客电梯，这个听起来好象很长，其实涵盖了我们产品所有的内涵，接下来我们和上海市政府采购中心进行了一个合作，这个也是得益于我们的产品、得益于我们顺势而为，得益于我们的蓝海战术，绝不和大品牌一线去拼，我们太小，而我们全做自己的，政府采购机构，当时有一个偶然的机会，就是上海市重点工程，大家讨论的关注重点就是如何解决老年人上上下下的问题，已经进入了政府的视野，所以政府采购各个区都反映了这个问题，哪里能够采购到专门为老楼加装的电梯，上海市政府采购中心和大家碰到的问题也一样。你们能不能介绍一下，电梯行业为了自己的生存必须要有一个空间，很多新闻科室他们提出一个问题，你们这么一个名不见经传的电梯商怎么达成和政府采购，你们凭什么，我们说凭企业文化，他们说你们三年就有企业文化？我们说在北京潜伏了二十年。我们知道客户需要什么，我们打给世界上最悠闲的维修工，我们就是这个意思，我们集20年维护安装的经验，我们推出框架一体式的乘客电梯，这个肯定没有后顾之忧。就是这样。政府采购中心和我们OK，签订了长期的战略合作协议。现在许多的东西都是得益于我们政府采购中心，比如说我们最近签的成都的大单子实际上是成都的政府采购中心，和对方推介、介绍了我们，实际上我们其他的条件也是有的，现在我们的注册资本是1200万美金，现在我们关心的是中外合资，实际上这个中外合资和我们所用的洋名一开始完完全全是我们的政府采购。谢谢大家！主持人：下面有请南通蒙哥玛利电梯有限公司副总经理孙益明上台发言。孙益明：各位领导大家上午好！像政府采购如何扶持国产领域，我想说的就一句，大胆的使用，不用怕，这就是为我们国产电梯扶持，各位专家、领导大家都很清楚，我们马上要做一个六十年大庆，所有参加演练的飞机全部是国产的，谢谢大家。主持人：下面有请怡达和谐电梯有限公司北京分公司总经理毛常荣发言。毛常荣：大家好，我们的厂子在浙江湖州市南浔，那是电梯之乡，我们怡达电梯，原来在南方做的很好，现在逐渐的让北方人认识我们怡达牌电梯，而且连续几年都被评为优秀的企业，现在我们在南方，重庆、内蒙、福州、合肥、常州这一带做的相对好一点。现在我们讲有一些电梯厂家，从国外引进，我们出口项目做的很好，我们是把我们的产品推向国外，比如说在泰国、巴基斯坦，迪拜这些国家发展，而且这几年的发展，对外出口的量比较大，在国外已经有一些固定的客户，甚至有一些外国的代理商做我们怡达牌电梯。出口做的比较好，刚才我们孙主任讲，我们要大胆的用国内的产品，应该说电脑产品这些年发展的很好，很过关了，尤其是客用电梯，一般的标准电梯。有的时候配置上稍微有一点区别，今天的会议政府采购扶持国产电梯给国内的电梯厂家带来了希望。现在我才知道，给我们这个机会使我们这些中小企业，国内品牌我们看到了以后同僚有希望了，但是我觉得现在政府采购的方式，我觉得政府采购部门走惯了，不是说明年参与竞争，这个门槛一点点有个过程，才逐渐了解这些企业，让他们对我们有信心，挤进政府采购的行业里面，能把这方面的工作做好就可以好很多，希望我们通过这次论证，把这些国有企业的产品把握住。主持人：下面有请河南省现代电梯有限公司总经理郑凤云总经理。郑凤云：各位领导大家上午好，我们公司在河南发展了十多年，是比较注重售后服务的，在售后服务这方面主要是以诚信、务实，用心服务作为这个企业的理念去为这个电梯提供好的售后服务，公司在服务的过程中通过对员工的培训，对电梯技术方面的培训来为用户提供更好的服务，同时公司在服务过程中研制出了一些和电梯相关的产品，电梯关人报警器，让被动人员有安抚语言，通过我们的物业或者电梯管理人员，维修工通过快速的报警，语言的安抚让被困的人员消除紧张的情绪，同时还可以尽快得到解救，最近我们对产品进行了升级，除了关人报警之外，还能作为管理的功能，维保人员是几点几分到的现场，进行电梯的维修保养，做了多长时间，什么时候开始的，什么时候离开的，这些都能很快的进行时间的记录，这个产品可能对我们电梯出现困人以后有效的节约时间，像我们最近发生了赵工早上吃饭的时候说了一个问题，五岁的小孩在电梯吊卡的事故，有时候你可以抢在时间的前面避免一些事故和问题，现在媒体是比较关注一些新闻，有一些实际上不是很大的事情，但是他们要这种效果再进行炒作或者是很严厉的，很恐怖的字眼说，其实电梯关人是比较正常的事件，但是对媒体炒的沸沸扬扬，对我们电梯使用单位都影响特别不好。在产品方面，除了提供售后服务和好的产品解决这些问题，公司一个是注重产品，再一个是企业文化方面，我们也有自己的网站，自己的杂志，通过一些跟用户的沟通，联络，每年召开用户联谊会，让用户提出问题和意见，我们来把这个售后服务做的更好。我们公司在河南率先推出了电梯110，向媒体承诺，出现电梯关门事故是免费救援，这样为我们的公司，建立一个应急的服务中心，然后配备一些通讯，交通的设施在河南受到媒体的关注，市委市政府的一些好评。公司在河南做了售后服务，服务的一些大的企业、单位，我们这些单位说有一些客户提供好的建议，通过收集用户的意见，把我们的服务工作做的更好，今天能来参加这个会议，我也非常的高兴，因为事先没有准备，很仓促，说的不到位的地方请各位领导进行批评，同时感谢我们的政府对企业的关心和支持，希望我们能为中小企业，或者民族品牌提供更多的机遇和发展的空间，谢谢大家！主持人：下面有请北京奥安达电梯有限责任公司董事长廉书彬上台发言。廉书彬：各位领导大家上午好，电梯作为政府采购其中一小项，领导更重视，召开这次研讨会，作为电梯人来讲，非常感谢，我们缪会长也非常重视民族品牌电梯的发展，在中国电梯300期的杂志上也发表了文章，民族品牌电梯任重道远。前两天去韩国看到韩国的一些电梯，包括汽车、手机这些商品，95%以上都是本国的一些产品，作为中国也是电梯大国，电梯增长量最快，也是世界电梯份额比较大的国家。所以我们应该怎么样把民族品牌扶持好、做好，我觉得我们一些行业协会、包括政府，应该跟我们的电梯企业深思考虑，我们北京大家都知道，90%以上北京产的，上海汽车90%以上是上海产的，地方政府对汽车行业的企业比较支持，所以电梯这块，我想地方政府能不能更多的对我们提供支持，谢谢大家！主持人：一上午的发言让我们看到本土企业的信心，他们的自信心很大，有了自信心就有了发展的动力，现在有请北京电梯商会专家委员会副秘书长杨凯发言，大家欢迎。杨凯：大家中午好！今天上午听了各位专家、老总的一些发言，得到了很多的信息，时间也比较晚了，我想谈几点感受。今天来的时候跟缪会长上了一下，应该叫国产品牌电梯，合资企业的电梯包括外资企业的电梯只要在中国产的都叫国产的，我们今天讨论的目的是国产品牌的一个中国企业创造自主品牌，我们这些还有报纸、网络报道这个题目不扣我们的题，我们今天讨论的主要是问题。另外很多企业讲政府采购的框框，进口件的要求，政府采购的门槛，这个问题摆出来了，但是并没有一个交流。从这次会议来讲，应该说国产品牌得到国家的支持，税收方面也好，贷款方面也好。这些门槛的问题没有一个对比，没有一个交流，不了解这些内容就不敢买，我们说电梯还是一个安全产品，我们在家里买一个电冰箱和电视机，挑牌子这些东西有情可原，问题是我们这些品牌，我们这些信息，我们的好东西怎么样让大家知道，这个桥梁有问题。我提出这个点，如果说400多家企业，国产品牌随便抓一个用刑，肯定产品质量这一块还是需要作为一个前提的，这个是有一个信息沟通的问题。还有一点感受的话，创造中国的品牌问题，现在很多的企业有一些偏差，比如说我是无奈，我起一个洋名，但是从企业的长远发展来看，我认为不是一个长远的思路，说国产品牌要创造一个洋名，不伦不类，我自己的感觉要立足于一个起点，大家知道一个品牌，F打头的，在国内前前后后有几十家F大头的，但是这里面有好的，有中等的，也有差的，你说这个品牌能不能说？这个牌子几十家在叫这个名字，怎么可能创造出来一个中国的百年品牌。你这个牌子挺好，但是同样做这个牌子的在山东，出问题了，国产品牌要提升，怎么样提升，像海尔、联想他们怎么样可以做大，探讨一下这个企业，也是对我们电梯品牌来讲很有艺术的，电梯搞了这么多年，一直没有自己的品牌，稍大一点就被国外的识破了，最早1988年的品牌全部没有了，江南电梯后来分出来了，等等，这些都差不多了，还有剩下的一些，国产的电梯方面来讲，品牌就是价值，品牌就是钱，作为用户来讲，挑牌子从某个方面要理解，这个要好好的思考一下。谢谢大家！主持人：刚才杨秘书长提出了一个很中肯的意见，据我了解，国内现在本土企业不只是品牌的事儿，也不只是两三个品牌的情况，我相信以后我们的品牌一定会提升自己的信心。我也有这样的信心。下面有请《政府采购信息报》报电梯专刊记者宋绍彩发言，大家欢迎。宋绍彩：各位领导、各位电梯界的同行们大家好，我是《政府采购信息报》电梯专刊的记者宋绍彩，因为昨天和今天上午听了大家的讲解，给我也补充了专业的知识，我表示感谢。下面我想解说一下第五届全国集采年会的情况，年会是2005年开始举办的，到2008年已经成功举办了四届，全国集采年会暨政府采购电梯年会，是一个研究的盛会，也是一个平台，为什么参加政府集中采购年会，谁会参加政府集中采购年会，包括政府部门采购负责人，政府采购监管负责人，这是我们往届年会部分嘉宾的回顾，大家通过这个图片可以一下，由财政部副部长、中央国家采购中心、国税总局，安徽、辽宁各地采购中心的领导。在这个年会上我们会对一些政府采购部门进行评选，我们不仅要对优秀的供应商进行评选，还要对城市采购领域里面作出杰出贡献的人物进行评选。2009年度政府采购电梯最佳服务奖，还有自主创新奖，2009年政府采购电梯最佳节能奖，最佳创新奖，还有最佳环保奖，2009年政府采购最佳技术奖，共八个奖项。然后我们这次奖项是由评选评出来的，主要是三个阶段，专家组一共有九人左右，评委团是由业界专家、专家领导，分四个阶段实施，大家可以了解一下。然后评选主要是从对品牌、产品、性能指标几个方面、品牌从十个要素来考虑，技术指标从六个方面考虑。这是往届政府采购年会的回顾，这是我们一个分论坛的探讨，针对行业内的热点话题，焦点话题进行观点的碰撞。这是折政府采购十大阳光人物。政府采购精品项目奖。下边是政府采购创新奖，大家可以了解一下，政府采购优秀作品奖，我们对一些政府采购官员有自己的想法，把他写成论文的形式在报纸上发表同时对论文进行评选、颁奖。这是我们二次传播彰显专业媒体的回顾，通过本次媒体进行二次报道，这是我们去年的专栏报道。谢谢大家！主持人：我们根据本次会议的大家的希望，我们准确在会后向北京电梯行业，包括会后评选出中国民族品牌电梯十大知名品牌，中国民族电梯企业十大服务企业，中国民族电梯销量十大企业，这个活动会在会后整理，在整个行业上通过相关的媒体发出这么一个评比的工作，刚才说过了一共四个，十大品牌，十佳领军人物，十大领军企业和十大销量企业。从昨天到今天，会上会下，各位参加会议的人员都在关注我们的会议，提出了意见和建议，大家也同时倡议，我们这次会议会后形成一个倡议书，刚才也请几位把这个倡议书做一个草稿，下面有请康力的朱总念一下倡议书。朱总：关于政府采购如何支持国产电梯的研讨会与2009年9月24-25日在北京万寿宾馆召开，中央机关采购中心，北京市政府采购中心，《政府采购信息报》社，北京市工商联电梯业商会主要领导，北京电梯行业资深专家，评标专家、民族电梯企业的代表，新浪网等相关媒体，有关专业人士共60多人参加了本次会议。本次会议是首次针对民族品牌电梯采购召开的研讨会，与会代表发言踊跃，反映强烈，会议取得圆满成功，根据统计，到2008年底有生产许可证的电梯制造公司500多家，其中合资、独资的企业有20多家，其生产的电梯占市场份额80%，500多家民族企业只占20%的市场份额，这极不符合电梯产业发展的要求，事实上速度在五米每秒以下载重在三吨以内的电梯，高度在25米以内的扶梯，无论是技术水平、产品质量、性能指标、安全性、可靠性、乘坐舒适感等方面与外资品牌并无太大区别，而在维修复杂系数，配电工艺等方面，尤其是价格民族品牌 占有绝对的优势。为此，我们倡议制定出台相应的政策法规，明确政府采购方向，增强国家保护民族品牌的决心，在同样符合要求的情况下应优先采购民族品牌电梯，这是民族品牌电梯健康成长的条件；第二，政府和相关部门应制定出可行的政府采购标准，分别对写字楼、办公楼、住宅楼，公共场所所用电梯的规格、评准、参数进行分类，除国内企业不能生产的电梯之外，其余的电梯应该在国内采购；第三，倡议民族品牌企业应该加大技术投入，推出自主创新和安全可靠、质量上乘、共同努力，相互支持，做大做强，提高民族品牌电梯的知名度和市场占有率。主持人：感谢朱总的倡议书，还有大家看到的四个活动是作为我们本次会议的一个倡议，大家回去以后希望做一个穿插，我们希望把我们的活动做的有声有色，也希望我们的活动做的更加科学、规范。下面有请《政府采购信息报》社长刘亚利做总结讲话。刘亚利：尊敬的各位专家、各位朋友，两个半天的会议大家辛苦了，进行两天半的讨论，我们圆满完成了会议的各项议程，现在会议接近了尾声，两天半的会议下来，我们报社发现几个现象引人深思，第一个是自主品牌经过近三十年的发展，已经成长壮大，初具规模，中低速电梯里面达到了国际水平，高速电梯方面也有长足的进步。第二个我们国家的基础设施建设突飞猛进的发展，电梯市场的空间巨大，自主品牌面临着难得的发展机遇，又面临着强大的合资品牌，市场空间巨大，市场竞争激烈；第三个现象就是政府采购在扶持自主品牌电梯方面有待于提升。这三个现象应该引起我们的反思，本次会议达到了三个共识，自主品牌的快速成长仍需在品牌打造上下大工夫，努力大家自主的品牌，希望在今后出现一批与国际品牌对抗的大品牌。我们作为产品的管理者，应该通过采用、使用促进国有品牌的电梯，形成放心采购、开心使用的消费氛围；第三，报社和协会联合政府、企业专家的纽带，应该发挥更好的桥梁纽带的作用，借中国成立六十周年的东风确定一批技术良好一一盘点，深度挖掘，写出 企业产品的独到之处，政府采购电梯的评选已经适时开展，带每年一度的年度盛会上，我们设计了一个政府采购电梯的分论坛，我们希望专家给我们提出一些建议，我们也会通过本次会议一些好的意见和建议，通过内参等各种形式反馈给财政部，政府采购的管理和机构制定政策时作为参考，“政府采购如何扶持国产电梯”研讨会是第一次尝试，承蒙大家的支持，这次会议成果非凡，希望大家多提建议，帮我们做好电梯周刊，把电梯政府采购工作做的更好，谢谢大家！主持人：本次“政府采购如何扶持国产电梯”研讨会就到这里结束了，这次会议是很好的先例，让我们和民族品牌电梯企业一起创造优良的环境，为我国电梯行业，为民族企业电梯的发展，为电梯行业更好的为社会、民众服务努力。谢谢大家！(本次活动到此结束),3,4,0.5993316173553467
斯帝罗兰张雷赢在中国 一路有你主持人：我们国庆期间有没有一些惠及客户的活动？张雷：我们国庆期间举办了几个活动，斯帝罗兰举办了“疯狂倒计时”大型促销活动，以“赢在中国，一路有你”为祖国母亲的生日进行倒数，届时我们公司的加长悍马也会来京造势，所到的商场一律有惊喜折扣。为了庆祝祖国60周年生日，我们还进行了一个“迎国庆，您消费，我买单”的活动，有七分之一的免单机率，请大家不要错过。主持人：这个“迎国庆，您消费，我买单”的活动，您能给大家解释一下吗？张雷：在10月1日至10月7日这7天内消费付款的顾客，可以持购物小票参加抽奖，10月8号将有北京市公证处现场进行公正，家具城的高层领导进行抽奖，抽出1号到7号其中一天作为“免单日”，凡是在免单日消费的顾客，当天购买的产品一律免单。主持人：我看到这次投入率很大，究竟我们投入了多少资金在上面？张雷：这个不能用资金来衡量，因为我们进入北京市场，首先就是为了回馈顾客，答谢广大北京消费者长期对斯帝罗兰的支持。这次又是祖国60周年的生日，所以我们就搞了一个非常有力度的活动来回馈于客户。主持人：我们在北京有哪几家店可以参与到此次活动中？张雷：有4家，分别是十里河居然之家，金源居然之家C&C店，北四环居然之家，还有城外诚家居广场。主持人：在这“国庆中秋”节上加节的日子里，您对我们的祖国和网友有什么祝福的寄予吗？张雷：首先，我代表斯帝罗兰北京分公司，在国庆60周年即将来临，祝我们的祖国母亲繁荣富强；同时，向大家道一声：国庆快乐！中秋快乐！合家团圆！主持人：非常感谢张总来到我们嘉宾聊天室接受访问。谢谢！,3,6,0.8974639177322388
"新浪乐居独家：传红星美凯龙高层沈耀俊离职新浪乐居讯 (杨轶/文) 近日，在新浪乐居业内论坛出现一条关于《爆！红星美凯龙华北区总裁沈耀俊已低调辞职》帖子，文中透露红星美凯龙华北、东北区域总经理沈耀俊已经低调离职，此贴引起业内广泛关注。    对于沈耀俊的突然离职，业内纷纷猜测：一，红星美凯龙进入另一个发展阶段，对原高管进行岗位和薪酬方面调整，从而引发高管“出走”；二，沈耀俊与红星美凯龙集团出现了无法调和的矛盾；三、这位一路推动红星美凯龙发展的“功臣”为自己选择了另一条发展之道。就在2009年6月4日下午新浪家居编辑还对沈总进行独家采访：《红星美凯龙一小时抢驻美罗城预十一开业(图) 》，他对于一小时内拿下美罗城项目，并预计在十一开业的消息还侃侃而谈，同时对于全国要开超过20家新店充满信心。新浪乐居得知此消息后第一时间拨通了沈耀俊手机，目前手机无法接通；联系到红星相关领导没有得到回复。新浪家居会关注此事发展动态，请随时关注。    附：    沈耀俊个人履历：    沈耀俊 红星美凯龙国际家居购物广场华北区总经理。曾获中国诚信企业家、天津市优秀工会之友称号。    他以“商场化管理、市场化经营”的管理模式，积极推进配套设施改造，建成红星美凯龙国际家居购物广场，吸引了千余家名牌厂商，两年纳税2844 万元,为经济发展做出了突出贡献。安置千余名下岗职工及大中专毕业生、农民工。积极参与公益活动，为灾区群众、特困家庭、困难学生和社区建设捐款逾百万元。    红星美凯龙近期动态：    红星美凯龙一小时抢驻美罗城预十一开业(图)    红星美凯龙下半年将开20家新店 9月预华北开两家    红星美凯龙北京北五环店隆重开业(组图)    大小S千万代言 牵手红星美凯龙    关于红星美凯龙高层沈耀俊离职调查1、您认为沈耀俊离开红星美凯龙的原因是？红星美凯龙正常人事变动营销思路无法与红星发展调和个人谋求更大发展其他原因2、您认为沈耀俊辞职是否与当前经济形式有关？有关无关不好说3、您认为未来红星的发展战略是否会发生重大转变？会不会不好说",3,4,0.9656256437301636
昆明人民政府与红星美凯龙签订战略合作协议2010年1月19日昆明市人民政府与上海红星美凯龙企业管理有限公司签订战略合作协议，共同繁荣昆明商贸市场，提高商贸服务业、物流业国际化水平。3年内，红星美凯龙在昆投资将达数十亿，打造继上海全球旗舰店之后又一个专业化国际市场，并在昆设立西南地区总部。昆明市近年经济增长迅速，城市发展态势优良，同时具有得天独厚的辐射能力，一直是红星美凯龙关注的重点城市。2008年，红星美凯龙正式进驻昆明，目前已投资2个项目：西山区24号片区的一期改造、五华区城中村岗头片区改造项目，总投资达70亿元。据透露，集团将把昆明的商业布点作为在西南地区发展的重要一站——辐射南亚、东南亚地区的桥头堡。红星美凯龙自1986年创立以来，已在北京、上海、天津等地开办了60家连锁家居商场，总经营面积超过618万平方米，成为中国家居行业第一品牌。自进驻昆明以来，得到了昆明市委市政府的大力支持，合作列入昆明市重点招商引资项目，昆明市委市政府对红星美凯龙这样的行业龙头企业非常重视，希望红星美凯龙的进驻可以促进昆明现有家具建材行业的升级换代，提升昆明百姓居家文化的品质。签约前，省委常委、市委书记仇和，市委副书记、市长张祖林会见了红星美凯龙董事长兼CEO车建新一行。仇和向客人热情推介了昆明，表示欢迎同行业中的龙头品牌企业红星美凯龙进入购买力高度集中、零售市场很大的昆明投资发展。对落地项目，昆明将无条件、无阻力、无障碍地做好服务。依托各自商贸经济领先和品牌集聚优势，双方将建立长效合作机制，发挥市场机制对资源配置的基础性作用，加强重点产业和骨干企业的经济合作，促进产业东西联动，培育自有品牌和扶持民族品牌，通过提供品牌发展阵地，优化品牌扶持政策，搭建品牌宣传平台，促进互动双赢发展。此外，红星美凯龙西南地区总部也将落地昆明，拓展在昆业务范围。红星美凯龙董事长兼CEO车建新此行考察了在五华区、西山区拟建项目及呈贡新区建设、螺蛳湾国际商贸城。有感于昆明各级政府的大力支持和高效的工作风格，红星美凯龙计划加大在昆明的投资，继续参与西山区24号片区二期改造。预计到2012年底，红星美凯龙在昆投资将达数十亿亿元，解决近万人就业。,3,6,0.9669608473777771
曲美赵瑞海：明年市场竞争加剧做最好的自己赵瑞海：我觉得还是老生常谈，就是自己要把自己的事做好，要跟上市场的要求。因为竞争一旦加剧以后，企业的综合指标就能表现出来，比如你的成本供应能力，企业运行的效率，包括你的创新能力，包括你的经销商团队，产品设计创新方方面面。我觉得整个企业是一个体系，方方面面都需要加强，也希望迎接到产业一个新的模式。比如我们新建一个工厂，我们正在研究一种在无人的条件下，一个高科技全智能化的设备体系。因为未来人工成本越来越高，怎么让成本不断处于下降的趋势。其实我们的成本很难控制，我们是一个劳动密集型的企业，人工成本每年在10%的速度在增长，这时候你如何做好方方面面的工作是一个很重要的事情。杨轶：感谢赵总！我很期待您的第四件事，我也希望网友和行业能够关注赵总的最新动作，期待下一次跟您的合作！谢谢大家！,3,6,0.9112305641174316
最爱我的家主题活动现场花絮-美女主持(图)  图为美女主持新浪乐居王元,3,4,0.5416380763053894
有笑有泪的欢乐旅程6月2日，来深圳的第三日路线：欢乐谷——民俗文化村——机场有笑有泪的欢乐旅程深圳游的最后一天了，小朋友们隐约都有些不舍。一大清早，虽然还有些恋床，但想到一整天丰富、有趣的行程，当然是毫不犹豫准时出发了。充满欢乐的旅程中有笑也有泪，这里记载着最真实的他们和圆方园在一起的三天，最美丽的瞬间。红领巾传递爱圆方园“红领巾行动”命名源起于借助庄严而神圣的红领巾的传递力量，将希望与爱传递下去。这时，小朋友们又将他们最为真诚的爱回报给了我们。众多媒体竞相采访感谢社会大众对公益事业的热心支持，第一现场、深圳特区报等众多知名媒体都前来采访报道，呼吁更多的人来关注这群需要关心的孩子们。挥洒热泪的送机场面要走了，三天的美好行程就要结束了。可是小朋友和深圳这批关心他们的人都不舍在这一刻分别。他们泪下现场，真情流露。至此，三天的深圳行圆满结束。这群来自四川都江堰的小朋友们在这里度过了一个难忘的、特殊的六一节。然而这并不是一个结束，这又是一个新的起点，圆方园与社会各界热心公益事业的单位、个人还将把这种关爱延续下去。,3,6,0.64772629737854
李计忠个人简介中华民族优秀传统文化的优秀传人、易学学者、预测大师、策划专家、世界名人李计忠先生，安徽省宿州人氏，生于一九五三年，现定居海南，并创业于北京、上海、海口三处。李计忠先生现为海口紫竹策划服务公司总经理，东方河洛研究中心总经理，兼任中国易经学院秘书长。并常年受聘于山东鲁能集团、北京建国饭店、海口宝华大酒店、香港金龙群英集团、西洋国际大酒店等三十多家上市公司、集团公司、星级酒店宾馆，担纲经济策划和投资总顾问。是古今易林中屈指可数的佼佼者之一，是现代易坛上最为成功的人士之一。今人李计忠，挟八卦、六爻、四柱、手相、面相、风水等六术于一身，又旁通奇门遁甲、大小六壬之术，更独掌八卦阵法，尤以化煞解灾调运最为有效而见长。他通过各种术数方法的调理和化解，不仅使成千上万的黎民百姓，得以排忧解难，更使几百家企业起死回生、扭亏为盈。对山西省某市所进行的整个城市的风水调理，更开创了当代大型风水的先河。是古今易林中百年难得一现的奇人之一，是现代易坛上最为夺目的星曜之一。 为了实现承传和弘扬《周易》文化的宿愿，他不仅辛苦奔波于海内外三十多家集团公司、星级酒店担纲经营投资策划总顾问，还自力创办 了研用易学的专业机构——东方河洛研究中心，著书立说，教书育人，现已将《一卦多断绝学精典》、《调堪风水绝学七法》等20多部专著奉献于世间。更为《周易》文化培养传人一万，收弟子三千。特别是广传“一卦多断”之法，在海内外掀起了新一轮学易热潮。是当今易林中人弘扬《周易》文化功劳最为卓著者之一，是当今易坛上可堪称“一代宗师”者的大师之一。,3,4,0.3429837226867676
杜邦钛白陆明兰：每个人都应该有节能减排意识主持人：谢谢杨主编的精彩介绍。刚才说了一个特别好的话题，低碳的生活、节能减排的生活、绿色的生活又成为房地产商的大卖点，希望各位房地产商都可以勇争“节能之星”最具品位楼盘评选活动。下面有请来自杜邦钛白科技有限公司总经理陆明兰女士致辞。陆明兰：尊敬的大连实德的张总，各位来宾、朋友们大家下午好！最近房地产市场特别热闹，话题特别多，更多的话题都是今天在说明天要涨还是要跌，房价高还是低，但是在所有的讨论的背后有一个议题，不管是对政府、开发商、消费者，我们共同关心的都是怎么样建质量好的房子，给大家提供有质量保证，对环境更好的住房。我也非常的看到今天的论坛讨论的内容正是怎么样向市场提供大家所需要的质量更好的住房，提供环境友好型的住宅，将节能减排放入到我们通常的议事日程当中，我想对整个房地产市场推动作用意义是非常重大的。很多的行业都非常重要，但是在中国目前的阶段，房地产市场在国民经济当中的地位是特别高的，从各个环节来说，这是为什么呢？我们在这个行业里面要提倡节能减排，我想影响也是非常重大的。大家都知道，在整个的行业当中需要用到各种各样的材料，这些材料都需要各个行业的配合，建材、设备，许多生产部门和劳务相配合才可以做到。杜邦既不做房子，又不生产窗，跟这个有关系吗？实际上我们是在整个产业链比较上游的位置，房地产行业的发展，它会涉及和拉动很多相关行业的发展，这些行业当中杜邦都会有身影在其中。我想杜邦能够在这个行业里面能够和大家共同关注的一个方面，我也很高兴今天杜邦公司参与到这个讨论当中，我也代表杜邦希望在这里和大家有一些探讨。杜邦公司实际是一家以科技创新为主的企业，我们所处的各个不同的产业价值链当中，我们相对是比较上游的，我们所要做的就是怎么样通过我们的产品和技术影响和推动整个产业链上的节能减排，进行可持续发展而努力。今天我们看到的是住房，真正的算到碳排放的时候，是从最初的原始材料算起的，所有的生产过程当中都有，不仅我们的型材在客户用的时候，做成了窗之后对建筑的节能减排，其实我们在型材生产的过程当中也会关注，我们作为杜邦公司很多原材料在上游来讲，我们怎么样看在你的产品从最初到最后整个碳排放，我们在住房的环节里面，也会特别参与进去。我们也讲一下对建筑业的服务，大家对杜邦的了解很多都是杜邦油漆等等，但是我们建筑行业是很大的下游应用行业，这里边也特别有请建筑创新部门的王女士也在这里，我们很多的产品都用在商业建筑、民用建筑，工业建筑的技术当中，比如说我们有透气的膜，还有安全玻璃钢的夹层，大家看美国的大峡谷走道是用玻璃钢做的，我们的产品还包括太阳能电池的一些系统，还有蓄热材料，可以把热量聚集起来使用，还有一些特别的型材，我要特别提到的是钛白粉，其实钛白粉在很多方面都可以用到，所有的这些产品都以各自不同的性能，或者是直接降低建筑物的能耗，或者为建筑物提供一些清洁能源的供应，或者是减少在生产过程当中产生的能耗和排放。我们举一个例子，在上海有一个新的办公室，杜邦的总部，在那里有一些我们的产品，在2008年底的时候，我们就开始用树脂做一些绿色节能的计划，差不多一年时间，我们做了一些比较，有一些节能37%，节水22%，节气25%。房地产行业如何推进节能减排，我们觉得有两方面的想法，一个是我们怎么样利用上下游的联动，确实是根据下游的一些需要做出一些效果特别明显，成本可行的技术改善，另外是消费者层面的传播，怎么样把这个概念传达到消费者里面去，因为消费者会讲环境的事情，现在哥本哈根会议之后，每个人都有这样的意识了，连我的小孩在家里都讲气侯问题，环境问题，但是怎么样让它跟消费者每天的生活联系在一起，这个需要大家共同做一些推广和活动。就上下游联动来讲，我们会让客户关心的是像实德这样做上游的，对房地产来讲，到底产生什么样的影响，以我们做钛白粉来说，对型材又会产生什么样的影响，我们和大家一起开发一些效果更好，价格更适中的门窗给开发商用在建筑上，做一些真正的对环境有帮助的工作。另外关于跟消费者的沟通，我们觉得跟消费者的沟通，怎么样强调呢？节能减排这个环节给消费者带来了什么样真正的实惠，建筑保温性能更好的话，每年可以节约很多电，这是长期的投资。我想在这个基础上要介绍我们在这个节能的环境当中怎么样过低碳生活，这是一个非常流行的语言，讲的大一点是拯救环境，说的直接一点就是为子孙后代造福。我想强调一下与消费者沟通的话题，今天是一个非常好的场合，我如果要看新闻，基本只上新浪网，这个媒体对我们很有帮助，利用这个平台把我们上下游的公司联系在一起，多做一些交流，共同的为人们打造一个健康、绿色的生活环境，同时我们借助这个平台，这个论坛上有很多可以听到消费者的声音，怎么样了解消费者的需求，根据消费者的需求来更加好的开发出一些不仅对环境更好，而且消费者更需要的一些产品。我想在这里提这两点想法是供大家参考的，今天大家在这里发起的“节能之星”最具品位楼盘评选活动是一个很好的开始，真的像大家刚才说的，顺应了哥本哈根刚刚结束的会议议题，我衷心的祝愿今天的活动成功，也祝愿这次活动对房地产行业的节能减排的努力做一个良好的标竿。新年到了，在这里祝各位来宾在新的一年里面事业发展，身体健康，谢谢大家！主持人：再一次感谢陆明兰女士的精彩致辞，刚才讲的也非常好，一般看新闻都会登录到新浪，同时今天的现场是现场直播，所以会有很多的网友大网上留言，现在很多的年轻朋友关注气侯大会，关注气侯对我们生活的影响，其实我本人来说，是通过非常简单的电影《2012》同时看到哥本哈根开气侯大会，过两天看到打起来了，为什么推行的协议突然停止，我们的好奇心一次一次的被吊起来了，然后我们才知道气侯对我们每个人是如此的重要，接下来进行的是“节能之星”最具品位楼盘评选启动仪式，有请大连实德销售集团总裁张杰先生还有新浪乐居房商集团华北地区总经理张晓辉，有请两位先生站到我们启动仪式的旁边，3、2、1…揭幕。谢谢，再次感谢两位启动仪式的嘉宾。现在我们看到在舞台上亮起了非常温暖的灯，这里面是两个小人手搬动一个大房子，也表达了实德集团传达给大家的理念，依靠大连实德的努力一定会给大家一个健康美好的生活，现在我们看到的是非常漂亮的地球，也代表着绿色地球、健康生命，源于绿色。同时我们看到非常温暖的页面，美好的画面，非常浪漫的海面，还有门窗，也代表着我们共同为健康的绿色、美好的未来共同喝采，庆祝新浪乐居和大连实德这次合作更加的环保，更加的健康。实德集团“节能之星”官网落户新浪乐居了，下面我们共同看一下页面。现在我们看到的就是最具品位楼盘的评选，我们也希望越来越多的楼盘可以加入到这个大家庭当中。我们今天的舞台上方的部分到这里启动仪式全部结束，下面有请来自新浪家居主编李燕玲女士上台做嘉宾主持，掌声有请，我们共同进行主题讨论，有请：中国建筑装饰协会信息咨询委秘书长田万良中国房地产协会宣传部主任王惠敏大连实德销售集团总裁张杰杜邦中国钛白事业部总经理陆明兰北京世纪宅建材有限公司董事长粱中锋中新地产集团采购副总监马一丹(论坛部分),3,4,0.9261423945426941
楼上地板打洞洞楼下店铺水汪汪本报驻马店讯 “我的店铺成‘养鱼塘’了，楼上的30个钻孔正在‘哗哗’往下流水，店铺里的货物被浸在水中……”8月2日下午5时许，一位名叫迟杰的店主焦急地给记者打电话反映。迟杰所开的门店位于驻马店市市区雪松路中段，是一家临街机电产品门店。记者赶到现场时，见店里的工作人员正在用拖把从屋里往外赶水，屋内地上全是积水。“机电产品最怕过水，这下我可赔惨了。”迟杰指着店里浸泡在水中的机电产品说。记者走进其门店，见门店是3间门面房，由于店内空间有4米多高，距地面两米多高的地方做了一层隔棚，隔棚上堆积着大量电线及机电零配件。记者沿着梯子爬上隔棚，见门店的顶层有许多洞穿楼层的大大小小的洞，经点数，直径10多厘米的大洞有12个，直径四五厘米的小洞有18个，大洞小洞都在“哗哗”地向下流水。“二楼租给了一家快捷酒店，正在搞装修，他们不经一楼租户同意，随意洞穿一楼顶层往下面灌水，太过分了。”迟杰满眼含泪地拨打了110。不一会儿，负责该辖区的雪松路派出所民警赶到现场。“几天来，这已是我们为这件事第四次出警了。”出警民警无奈地说，“这幢临街楼是老街乡前进路第六村民组的，迟杰租用其一楼的3间门店卖机电产品已几年了，快捷酒店近期租用该幢临街楼搞经营，为此三方发生了纠纷。”3日，雪松路派出所对纠纷三方进行耐心调解，因三方分歧太大，调解无果。三方均表示将通过法律途径讨说法。左图：一楼门店隔棚上的积水正在往下流，店铺里一片汪洋。,3,4,0.7077538967132568
香港环球贸易广场6名清洁工30层坠下身亡香港消息 香港环球贸易广场建筑工地昨日发生严重事故，一架升降机槽内的工作台意外从高处坠下，造成6人死亡。从30层坠下10层当天下午1时许，6名清洁工人正在一架升降机槽内的工作台上工作，工作台突发意外，从30层坠下10层，导致5名工人死亡、1人受伤。至傍晚时分，证实伤者不治，6人全部死亡。香港特区行政长官曾荫权立即到场了解情况。他表示，这次事故非常严重，已要求有关部门彻查事件起因，并了解死伤者家属的需要，以提供相关协助。发展商将发100万元赔偿香港劳工及福利局局长张建宗表示，这次是极严重的工业意外，感到震惊和哀痛，发展商新鸿基已承诺次日向死者家属发放100万元恩恤赔偿，支付死者的殓葬费，以及为死者的子女提供长远的教育经费。而劳工处也会根据法例协助死者追讨工伤赔偿，每名死者最高可获178万元。新鸿基地产发展副主席兼董事总经理郭炳江也对意外感到难过和痛心，向死者家属致以深切慰问，承诺发放100万元恩恤金，并会竭力协助政府调查意外原因，环球贸易广场也会立刻停工，彻底调查及进行全面安全检查。建造业总工会会务顾问蔡镇华初步怀疑事件是承办商监管疏忽，指引不清晰，并质疑升降机槽是否设有围栏。事故发生后死者家属纷纷赶到医院，他们情绪激动，有家属认尸后更全身瘫痪，要乘坐轮椅离开。综合新华社    相关新闻：   香港建筑工地6名工人从高处坠下死亡    男子擦玻璃随窗扇坠楼身亡    石家庄倒楼事故已致10人遇难3人重伤    上海在建楼倒覆事故7名责任人被批捕我要评论,4,7,0.9727732539176941
全国洗澡碳指数排行 西安青岛成最不环保城市全国城市洗澡碳指数排行    洗澡最不环保的城市——西安和青岛超过一成的受访者表示每次洗澡时间超过45分钟，超过六成的受访者表示每次洗澡在15-45分钟之间；另一方面，两地的热水器选用也较少环保考虑，青岛的电热水器使用率高达58.62%，居全国第三。我要评论,4,3,0.4293176829814911
广州新地标全球征芳名 头奖十万元人民币(图)广州新电视塔，叫啥名字好？从2009年9月16日起，广州日报报业集团将为这座目前世界最高的电视观光塔、高度610米的广州新地标展开全球征名活动，第一名将获得10万元人民币的重奖。作为代表广州城市发展的新地标，“初长成”的广州新电视塔已经引起广泛关注，去年以来，各界热心人士纷纷对它的“芳名”作种种猜想。从今日起，广州日报报业集团发起并独家组织实施全球征名活动，为广州新电视塔寻求一个具有中国文化内涵、凸显广州城市个性、极具现代气质、简洁响亮的“芳名”。从今天到10月9日，您都可登录大洋网的广州新电视塔全球征名活动专题页面，提交为广州新电视塔起的最喜欢的名称。今年11月12日，即广州亚运会开幕倒计时一周年之际揭晓征名结果。活动揭秘：10万元巨奖并非炒作广州日报报业集团并非广州新电视塔的东主，为何由广州日报报业集团来组织，并且是独家组织这一次的广州新电视塔的全球征名活动呢？昨天，活动主办方广州日报社有关负责人在媒体发布会上给出了答案：“广州日报报业集团的主报《广州日报》是广州市委机关报，是华南地区最重要的主流媒体之一，肩负着宣传广州城市精神、树立广州美好形象的社会责任。创刊57年来，《广州日报》伴随广州的成长而成长，忠实地记录和见证了广州艰苦奋斗的建设发展、敢为人先的不断探索和日新月异的辉煌成就。”该有关负责人表示，此次全球征名活动，是广州日报报业集团充分发挥媒体优势，支持广州城市建设、积极参与广州城市发展和文明建设、积极为广州亚运会宣传造势的又一次实际行动。为何取一个名字可获得10万元重奖？这是活动主办方的炒作吗？有关负责人表示，第一名10万元的奖金额(获奖者自付税金)是跟广州新电视塔的地位相匹配的，毕竟她是广州的新地标，是广州21世纪最重要的建筑之一。而且，应征者参加征名活动需承诺放弃应征名称的一切著作权，应征者取个好名字不容易，应该给予高额奖励。“当然，10万元的奖金对应征者来说也是一个很大的诱惑，我们希望能有更多的全球热心人士参加到这次活动中来。”有关负责人笑着对记者说。广州新电视塔：位于广州新中轴线(城市纵轴)与珠江景观轴线(城市横轴)的交汇处，天线桅杆与城市新中轴线重合，计划于2010年正式投入使用。新电视塔由上小下大的两个椭圆，圆心相错，逆时针旋转135度，自然形成塔身中部“纤纤细腰”的体形。它是世界上功能最齐全的电视观光塔，分为五个功能区，除了旋转餐厅、空中云梯，塔顶还设有世界最高的观光舱和极富刺激的速降椅。广州新电视塔全球征名活动规则一、征名活动评选原则：作为目前世界最高的电视观光塔、广州的新地标，广州新电视塔的取名是广州市民，乃至全国人民、全球华人都很关心的事情。因此，本次征名活动将本着公开、公平、公正的原则，面向全球征集。广州市公证处对本次活动的评选和抽奖进行现场监督和公证。二、征名范围及要求：1)中文名称；2)字数不超过5个，简洁响亮，朗朗上口；3)要求具有中国文化特色和时代文化特征；4)体现广州新地标的良好形象。三、应征者资格要求：欢迎全世界热爱、关心和支持广州市城市建设、关心广州亚运会的热心人士踊跃参加，国籍、民族不限。参加组织和执行本次征名活动的工作人员及其直系家属均不得参与应征，包括广州日报报业集团全体现有员工及其直系家属，评审专家委员会及其直系家属。四、应征者注意事项：1)应征名称是应征者独立创作完成的原创名称，不得侵犯他人合法的知识产权，不得与他人在先取得的合法权利相冲突。应征者没有在任何地方以任何形式发表该名称，亦没有许可任何人(包括法人、其他组织和自然人)在任何地方以任何形式发表或者使用该名称。2)如果应征名称出现重复，即不同应征者提交同一应征名称，则按大洋网显示的参加应征时间为准，按先到先取原则，后提交者将不再被系统录入。3)应征名称不得违反中华人民共和国的法律规定，不得含有任何涉嫌国别歧视、民族歧视、种族歧视、宗教歧视或者其他有悖于社会道德风尚和良好风俗或者有其他不良影响的内容。4)应征者对其提交的应征名称及其他所有相关文件的真实性负责。如果发现有任何不属实情况或违反本条(1)~(3)款的情况，则活动主办方有权取消该应征者的应征资格。5)活动主办方对应征名称享有《中华人民共和国著作权法》规定的一切著作权(署名权除外)。五、参赛规则：1)有意应征者可登录大洋网专题页面(www.dayoo.com/xdstzm)参与应征，每个身份证号码只可以提交1个名称。2)应征者必须提交“姓名、身份证号(或护照)、手机号、邮箱、作品名称、创意说明”。3)不同应征者提交同一应征名称，按先到先取原则。六、评审程序1)由广州日报报业集团组织民俗专家、语言文字专家、作家、城建专家等组成专家委员会评审，从应征名称中评出前十名。第一名计10分，第二名计9分……以此类推……第十名计1分。2)通过媒体按随机顺序公布前十名名称，再次通过大洋网、手机平台等方式对这前十名名称给予投票，得出该十名名称的公众投票排序，并按新顺序再次计分。第一名计10分，第二名计9分……以此类推……第十名计1分。3)随后按照全球公众投票(占40%权重)和专家委员会评审投票(占60%权重)计分，将两次分数相加，选出总分排列前十名的名称，交由活动主办方最终确定，并拟于2009年11月12日向全球发布。七、征名活动时间计划：1)2009年9月16日至2009年10月9日，征名阶段。可在大洋网相关专题页面(www.dayoo.com/xdstzm)上参与应征。2)2009年10月9日至2009年10月14日，专家委员会评审阶段。评选出前十名应征名称。3)2009年10月15日至2009年10月30日，网络、手机平台投票阶段。4)拟于2009年11月12日，征名结果揭晓。八、征名活动奖励办法：1)最终入选奖励：给予应征名称第一名人民币10万元奖励，第二名至第五名各人民币2万元奖励，第六名至第十名各人民币1万元奖励，相关税费由获奖者自付。2)取名奖励：从热心参加取名的人士中抽出一百名幸运者，每人奖励新电视塔观光门票5张。3)投票奖励：从热心参加前十名名称投票的人士中抽出二百名幸运者，每人奖励广州新电视塔观光门票2张。九、本次征名活动规则由广州日报报业集团负责解释。广州日报报业集团二○○九年九月十五日     相关新闻：    青岛地标建筑红房子全球售卖被叫停    央企80亿重建CBD地标 挑战北京候选地王    广州地标物业成保值升值标杆    1000米 沙特拟建全球最高地标我要评论,4,3,0.40103116631507874
洗澡耗时短浪费却较大城市 成都和温州上榜    洗澡耗时短却因热水器不环保而浪费较大的城市——成都和温州近60%居民尽管洗澡用时短(15分钟左右)，但由于超过一半居民都在使用传统热水器，而大大降低了环保和能耗效率。我要评论,4,3,0.67829430103302
洗澡耗时长却减少能耗城市 宁波福州郑州上榜    洗澡耗时长却因热水器环保而减少能耗的城市——宁波、福州、郑州节能热水器(空气能热水器和太阳能热水器)拥有率分别为宁波79.12%、福州70.94%、郑州42.76%，全国其他城市都不到三成；但是，另一方面三地的洗澡耗时超过15分钟的售房者也均超过八成，为全国前三。我要评论,4,3,0.8980648517608643
夏宫荣膺世界奢侈品协会授予世界级奢华居所2009年9月15日，被誉为“中国皇脉当代所在”的夏宫在星河湾会所举办了“夏宫荣膺世界奢侈品协会(WLA)授予‘世界级奢华居所’颁奖典礼暨夏宫新闻发布会”。包括世界奢侈品协会(WLA)CEO欧阳坤先生及诸位理事、夏宫开发商秦皇岛市渤洲房地产开发有限公司董事长刘玉舫女士、意大利使馆代表、星河湾代表及多家媒体记者，皆参与了此次发布会。下午3点半，典礼正式开始，在悠扬而隆重的音乐声中，世界奢侈品协会(WLA)的代表将象征夏宫世界级荣誉的“世界级奢华居所”奖授予夏宫。在此，董事长刘玉舫女士发表了获奖感言，她表示：“世界奢侈品协会的会员多为世界奢侈品领域的最顶级品牌，而夏宫作为一个别墅项目荣膺此誉，是我们极大的荣幸，这也同样印证了我们的开发理念的前瞻性，从一开始的开发我们就不仅仅想把它打造成为一个地产项目，而应该是一件艺术品，一件国际顶级的藏品。”世界奢侈品协会(WLA)是世界非营利性组织，遵循国际贸易公约，以规范国际奢侈品市场(包括豪华企业、品牌和奢侈豪华业)，也是国际组织授权，专业从事奢侈品品牌管理、市场调查与鉴定的行业研究机构，建立了关于世界奢侈品的系列国际权威标准和商业规则。据悉，作为世界精英品牌的行业领导者，世界奢侈品协会(WLA)拥有全球最顶尖的700多个各国奢侈品品牌，在业内拥有深远的影响。据透露夏宫是一个镶嵌在有着两千年皇脉历史的北戴河联峰山上，是联峰山除却中直别墅区外唯一的别墅，具有极高的地缘价值稀缺性，可是说这次的荣誉可谓实至名归。 我要评论,4,6,0.7936953902244568
"平安国际金融中心招商活动全面启动平安国际金融中心自去年6月竣工，一直处于热租状态。据悉，目前已有多家国际知名企业与平安国际金融中心达成进驻意向，更多的优质客户也正在深入洽谈中。 针对招商举办的系列活动已全面启动。“平安国际金融中心”招商酒会将于近期举办，届时众多知名企业商家，政府机构代表，国内外各大商会代表及国外驻华使馆领事将受邀出席参加，多家媒体全程跟踪报道。平安国际金融中心是一座集时尚购物中心与高档商务写字楼于一体的高级商务综合体，A、B两栋写字楼在平面位置上呈“L”型垂直布局，便捷相连同层，确保写字楼之有效使用。商业中心几何造型轮廓突出，设计充满刚劲活力，超前创新，体现都市魅力。在寸地如金的东三环商务沿线占据着重要地位。加之其周边使馆林立，昆仑饭店、威斯汀酒店伴其左右，且临近机场高速出入口，地下一层连通地铁10号线亮马桥站，独享立体交通，为商务办公提供了绝佳的条件。此处涉外机构密集、外国使馆林立，商圈内活动频繁，单日人流量达800,000 之多。但就在这一具有绝对优势的地段，却缺少一个集休闲餐饮、超市、时尚名品、购物、娱乐于一体的时尚商场。平安集团投资的都汇天地IFC Mall应运而生。都汇天地 IFC Mall建筑面积30,090平方米,拥有北京最大的超过1200平方米的下沉式露天广场，独一无二的中庭悬空式“钻石店铺”，古典豪华型卫生间内卫生洁具均为TOTO品牌，还专门为女性设有化妆区及极具人性化的母婴室，卫生间外设有LED显示屏，可以时刻准确显示内部空位数量，大屏幕液晶电视、舒适的等候区等众多细节无不彰显都汇天地针对顾客无微不至的关怀，让您在购物的同时享受到国际化的优质服务。每天商务及旅游、购物人流达800,000人，形成巨大潜在消费群体。10月初B1层众多知名餐饮企业入驻开业后，周围2公里内的人群必将慕名而来。我要评论",4,6,0.5712310671806335
重庆：每平米须缴5元除渣费 物管才让装修新房“每平方米收取5元钱的除渣费，我们认为太贵！想自己除渣，物管公司却不允许我们进屋装修。”昨日上午，沙区双碑鼎盛山水小区兰女士打进本报热线反映，正准备装修新房却受阻，怀胎9月的她为此伤心地哭了好几场。 投诉：物管强收除渣费兰女士说，她自己没工作，老公也给私人打工，家里没多少积蓄，准备简单装修这套建筑面积81.98平方米的还建房，在得知小区以建筑面积每平方米5元钱的标准收取除渣费后，她想自己除渣。不料小区物管方圆物业公司的朱主任不同意，并称不缴纳除渣费就不能进场装修。随后兰女士拿着录音手机在方圆物业公司办公室咨询：“我们如果不缴纳除渣费，是不是不允许装修？”一位女工作人员小声地回答：“是！”随后她补充说，具体情况需要问主任。五分钟后，物管办的朱主任回到办公室，否认了不缴纳除渣费就不允许装修的说法。调查：500余户已缴费昨日记者来到该小区，随机采访了坐在小区内休息的业主，5-28-7的陈姓业主和3-6-3的另一位陈姓业主均承认，物管方说过不缴纳除渣费就不允许装修的话。5-27-6的朱女士说，为了装修新房，她不得不按建筑面积缴纳了300多元的除渣费。物管：不缴除渣费须签协议朱主任对此解释，统一缴纳除渣费，是为了方便管理，每平方米5元除渣费不算贵，业主可自己除渣，不交纳除渣费。“以前其他小区多次出现过业主晚上把建筑垃圾偷偷倒在路边的情况。只要业主和我们签订协议书承诺按规定倒垃圾，他们就可以不缴纳除渣费。”今后他们会做好沟通工作，避免再产生此类误会。据朱主任介绍，小区共有5栋楼房，共900余户业主，目前已有500多户缴纳了除渣费，进行了新房装修。房管局：物管无权阻止业主装修收除渣费合理吗？市房管局物管处的工作人员周先生说，重庆正在起草《物业服务管理收费办法》中的“装修管理费”，会对除渣费给出一个指导价。目前除渣费收取多少是业主和物管方协商定价。目前我市小区的除渣费也基本在每平方米4元至5元间。业主在保证建筑垃圾不乱倒的情况下，也有权不缴纳除渣费，物管方不得强行收取。周先生还表示，物管是无权阻止业主进屋装修的，若遇此事，业主可在各区房管局的物管科进行投诉。(记者 张畅) 我要评论,4,3,0.6625264286994934
颐和原著将成不可复制豪宅典范(组图)易居中国投资控股有限公司董事兼执行总裁、华北区域事业运营总部总经理臧建军在参观后也表示：龙湖颐和原著不是豪宅，是顶级住宅。“看样板间的之前，对里面的功能是不确定的，因为房子做大了之后很可能像个会所。看了样板间之后，发现龙湖在空间的使用度上面做到了把大空间做小，这些东西才是最重要的。由此来说，这个项目将会形成一个标杆，这个产品也会成为龙湖的历史上浓重的一笔。”臧建军感慨道。“豪宅最重要的三个要素地段、环境、声望决定了龙湖颐和原著是不可复制的。龙湖颐和原著全面诠释了‘豪宅至上’的概念，称之为豪宅的不能是郊区的别墅，一定是城市住宅，一个是静，一定要安静，还有一个是境，不是真正的情境，可能是环境，包括人和人之间的环境，周边的环境等。”当代集团总裁姜鹏也在参观后第一时间予以了龙湖·颐和原著项目高度评价。座谈会上，富力地产北京营销中心总经理吴文表示：“看了样板间之后就传递出来的感觉是：这就是一种生活。很多开发商做的样板间有一点像家具卖场那样的，放很多的家具吸引人，但是没有关心到生活所需要的那种细节。但今天参观了颐和原著却完全这种感觉。”我要评论,4,3,0.8850764036178589
十七届中纪委会第四次全体会议公报核心提示：中共第十七届中央纪委第四次全会19日在北京举行，会议公报透露，将把住房、投资、配偶子女从业等情况，列入领导干部必须报告的个人情况，认真解决一批涉及领导干部廉洁自律的突出问题。新华社北京9月19日电 中国共产党第十七届中央纪律检查委员会第四次全体会议公报(2009年9月19日中国共产党第十七届中央纪律检查委员会第四次全体会议通过)中国共产党第十七届中央纪律检查委员会第四次全体会议，于2009年9月19日在北京举行。出席会议的中央纪委委员118人，列席28人。中央纪委常委会主持了会议。这次全会的主要任务是：认真学习贯彻党的十七届四中全会精神，分析研究党的作风建设和反腐倡廉建设面临的形势与任务，深入推进党风廉政建设和反腐败斗争，为加强和改进新形势下党的建设、夺取全面建设小康社会新胜利、开创中国特色社会主义事业新局面提供坚强有力的保证。全会审议通过了贺国强同志代表中央纪委常委会所作的《认真贯彻落实党的十七届四中全会精神，深入推进党风廉政建设和反腐败斗争》的报告。全会认为，党的十七届四中全会是在新中国成立六十周年之际，在应对国际国内重大挑战、推动党和国家事业实现新发展的关键一年召开的一次具有重要意义的会议。会议审议通过的《中共中央关于加强和改进新形势下党的建设若干重大问题的决定》，是指导当前和今后一个时期党的建设的纲领性文件。全会一致拥护十七届四中全会审议通过的《决定》，一致拥护胡锦涛同志在十七届四中全会上的重要讲话。全会强调，党的建设是党领导的伟大事业不断取得胜利的重要法宝。各级党组织和广大党员干部一定要全面领会十七届四中全会精神，进一步增强加强和改进新形势下党的建设的责任感和紧迫感，认真理解执政党建设的基本经验，准确把握党中央对加强和改进新形势下党的建设提出的新部署、新要求，以更加坚决的态度、更加有力的措施，深入扎实地推进党的建设新的伟大工程。全会要求，全国纪检监察系统要迅速掀起学习、宣传、贯彻四中全会精神的热潮，集中时间、集中精力，组织广大纪检监察干部认真学习十七届四中全会文件，紧密结合纪检监察工作实际，在武装头脑、指导实践、推动工作上下功夫，把思想统一到全会精神上来，把力量凝聚到实现全会确定的各项任务上来。各级纪委要在党委的领导下，切实增强政治责任感，认真履行党章赋予的职责，推动十七届四中全会重大部署和各项任务的贯彻落实。按照建设马克思主义学习型政党的要求，加强党性党风党纪教育和反腐倡廉教育；按照坚持和健全民主集中制的要求，加强党内民主建设，保障党员民主权利；按照深化干部人事制度改革的要求，匡正选人用人风气，坚决整治跑官要官、买官卖官、拉票贿选等问题；按照做好抓基层打基础工作的要求，扎实推进基层党风廉政建设；按照弘扬党的优良作风的要求，协助党委抓好党的作风建设；按照加快推进惩治和预防腐败体系建设的要求，在坚决惩治腐败的同时加大教育、监督、改革、制度创新力度，更有效地预防腐败。要按照党建工作责任制的要求，协助党委加强监督检查，严明党的纪律，督促有关部门切实抓好职责范围内的党建工作，保证和促进十七届四中全会精神的贯彻落实。全会指出，党的事业愈发展，党的建设愈深入，党风廉政建设和反腐败工作就愈要抓得紧而又紧。各级纪检监察机关要全面贯彻十七届四中全会关于加强党风廉政建设和反腐败斗争的一系列部署和要求，坚持标本兼治、综合治理、惩防并举、注重预防的方针，认真落实《建立健全惩治和预防腐败体系2008-2012年工作规划》，严格执行党风廉政建设责任制，切实加大查办违纪违法案件力度，坚决查处一批大案要案，严肃查办发生在领导机关和领导干部中滥用职权、贪污贿赂、腐化堕落、失职渎职案件，严肃查办商业贿赂案件和严重侵害群众利益案件，严肃查办群体性事件和重大责任事故背后的腐败案件，保持惩治腐败高压态势；严肃纠正一批损害群众利益的不正之风，切实维护群众切身利益；认真解决一批涉及领导干部廉洁自律的突出问题，依纪依法查处和整治领导干部利用职务便利为本人或特定关系人谋取不正当利益等问题，在认真贯彻落实好《关于领导干部报告个人重大事项的规定》的基础上，把住房、投资、配偶子女从业等情况列入报告内容，加强对配偶子女均已移居国(境)外的公职人员管理；抓紧制定一批反腐倡廉法规制度，提高反腐倡廉制度化、法制化水平；扎实推进一批改革措施，坚持不懈地把党风廉政建设和反腐败工作引向深入。各级纪检监察机关要围绕中心、服务大局，切实加强对中央重大决策部署贯彻执行情况的监督检查；立场坚定、旗帜鲜明，坚决维护党的政治纪律；心系群众、服务人民，切实加强和改进党的作风建设；惩防并举、注重预防，加快推进惩治和预防腐败体系建设；解放思想、与时俱进，以改革创新精神推进纪检监察工作，提高反腐倡廉科学化水平，努力开创党风廉政建设和反腐败斗争新局面，为继续推进党的建设新的伟大工程、继续推动党和国家事业向前发展提供有力保证。全会强调，各级纪检监察机关一定要深刻领会十七届四中全会精神，充分认识加强自身建设的重要性和紧迫性，把它作为一项基础工程切实抓紧抓好，进一步教育和引导广大纪检监察干部切实做到对党和国家无限忠诚、对腐败分子和消极腐败现象坚决斗争、对广大干部和群众关心爱护、对自己和亲属严格要求，努力建设一支政治坚强、公正廉洁、纪律严明、业务精通、作风优良的纪检监察干部队伍，树立纪检监察干部可亲、可信、可敬的良好形象。全会号召，全党同志要更加紧密地团结在以胡锦涛同志为总书记的党中央周围，高举中国特色社会主义伟大旗帜，以邓小平理论和“三个代表”重要思想为指导，深入贯彻落实科学发展观，进一步统一思想、坚定信心，开拓创新、真抓实干，以党风廉政建设和反腐败斗争的新成效，保证党的十七届四中全会精神的贯彻落实。 我要评论,4,7,0.9987888932228088
提前还贷潮今年未现李娟即将进入10月，在利率这么低迷的情况下，要不要提前还贷呢？黄小姐看着存折上的15万元，开始盘算起来。以往利率调高之前会引发一波提前还贷潮，今年是不是也适合提前还贷呢？看看银行的人怎么说。记者从工商银行上海分行黄小姐处了解到，今年提前还贷的人并不特别突出，这部分人在每年年初的时候比较多，大部分人都是拿了年终奖和一年的积蓄去提前还贷。春节是每年提前还贷的井喷期，很多人手头多了一笔闲钱，就会考虑先减少住房的压力。从今年的情况来看，现在预约去提前还贷的人并不多，“这一块业务并没有受金融危机的影响，每年的九十月份是楼市比较好的时候，贷款业务比较多，来做提前还贷的人都不太多。”黄小姐表示。“金九银十”是楼市成交的旺季，许多贷款业务都是在每年的第三季度完成的，大部分贷款大概贷多少呢？“从总量来看，首付三成的比例比较高，如果是二套房的话，很多人也会首付四成。”中国建设银行杭州宝石支行个人金融部经理庞涛表示，不过这还是根据个人的实力来看，如果是500万元的一套房子，贷款三成的话，每个月的压力就相当大。一般工薪阶层贷款额度大部分都是在100万元以下。每个月的还款额多少比较合适，“最好每个月不要超过家庭总收入的50%，否则的话压力比较大。以家庭为单位来考虑的话，除了养房，很多家庭还负担养车、孩子教育、赡养老人的费用，如果想要比较舒适的生活，还是控制在收入的一半以内风险较小。”工商银行上海分行相关人士表示。当然，从银行的角度出发，并不赞成许多人“咬紧牙关”贷款，“很多黑名单就是当初以为可以承受，后来工作发生些变动，每个月还贷压力太大导致。”在今年利率这么低的情况下，要不要提前还贷呢？庞涛表示：“最好不要，利率这么低的情况下，可以选择其他的理财方式、理财产品或者做其他领域的投资，投资是可以随时中止的，相对要灵活许多。”他表示，如果今年不调息的话，现在的按揭利率至少可以维持14个月左右，低利率也是做其他投资的好时机。 我要评论,4,1,0.9871015548706055
缩短贷款期限更能节省利息周静雅案例：李本明是北京一家IT公司的销售业务经理，2006年9月在北京北三环某小区购置了一套两居室商品房，使用商业贷款贷了60万元。三年中，利率走高又转低，李先生的每月还贷额也在上上下下波动。眼看还房贷马上满三年了，李先生由于去年业绩突出有一笔不菲的年终奖，加上这几年的积蓄，手上有了20万元的现金。该提前还贷吗？李先生犯难了。因为目前利率7折之后已经降到较低水平，他看专家经常建议不需要提前还贷，可是由于工作繁忙，李先生几乎没有投资渠道，而且销售工作也不是很稳定，接下来李先生夫妇还准备开始要宝宝，他不想做太久“房奴”。理财师建议：“提前还贷不是个新话题，但不管是利率高还是低的时期，购房者都有两难的疑虑。”对于李先生的案例，工商银行某理财师分析称，关键是要在自己承受的经济压力范围内算好经济账。根据该理财师的测算，李本明的60万元贷款期限为20年，需要每月还款3973元。如果在贷款满三年后提前还款20万元的同时缩短还款年限，每月还款3987元，但只需要还款到2018年11月，节省利息支出18.39万元；如果选择减少月还款额，还款期不变的方式，以后每月只需还款2477元，节省利息支出9.96万元。理财师认为，李先生的收入水平在北京处于中等，每月家庭收入只有约1.2万元，考虑到风险偏好和不青睐投资的个人习惯，建议其提前还贷，但由于该家庭固定积蓄不多，建议其还款15万元，留5万存款以备意外之需。由此理财师建议的还款方式为：在10月长假后选择一次性提前还贷15万元，之后每月还贷3971元，还款到2020年8月，节省利息15.4万元。“李先生的这种情况比较好选择，其家庭收入低、风险承受能力低，又没有好的投资渠道，提前还贷是不错的选择。”上述理财师对CBN分析称。提醒：该工行理财师还指出，提前还款的考量因素很多，大的因素包括收入状况和构成、风险偏好、购房者年龄等，小的因素包括贷款方式、提前还贷日期、已还款年限等，每个因素的不同可能就导致还款的不同。该理财师提醒购房者要注意以下几个问题。1.不是所有提前还贷都省钱。当还贷年限已经超过一半，月还款额中本金大于利息时，提前还款的意义已经不大。如果选择部分提前还贷，剩下的贷款应选择缩短贷款期限，而不是减少每月还款额。因为，选择缩短贷款期限可以更有效减少利息的支出。2.等额本息和等额本金提前还贷差异大。一般来说，后者更适合提前还贷。3.提前还贷也有违约金。专家提醒，目前的大多数银行的贷款合同中规定，贷款满一年后才能提前还贷，未满一年要交违约金。有少数银行的年限规定更苛刻，购房者要看清自己签订的贷款合同，如果不满银行要求，还可“货比三家”，多选几家银行。 我要评论,4,1,0.6869549751281738
中纪委要求领导干部增加报告住房和投资等情况中新网北京9月19日电 中共第十七届中央纪委第四次全会19日在北京举行，会议公报透露，将把住房、投资、配偶子女从业等情况，列入领导干部必须报告的个人事项，认真解决一批涉及领导干部廉洁自律的突出问题。公报指出，十七届四中全会审议通过的《关于加强和改进新形势下党的建设若干重大问题的决定》，是指导当前和今后一个时期党的建设的纲领性文件。公报强调，各级纪委要加强党性党风党纪教育和反腐倡廉教育；加强党内民主建设，保障党员民主权利；匡正选人用人风气，坚决整治跑官要官、买官卖官、拉票贿选等问题；扎实推进基层党风廉政建设；协助党委抓好党的作风建设；加大教育、监督、改革、制度创新力度，更有效地预防腐败。 公报指出，党的事业愈发展，党的建设愈深入，党风廉政建设和反腐败工作就愈要抓得紧而又紧。各级纪检监察机关要切实加大查办违纪违法案件力度，坚决查处一批大案要案，严查领导干部滥用职权、贪污贿赂、腐化堕落、失职渎职案件，严查商业贿赂案件和严重侵害群众利益案件，严查群体性事件和重大责任事故背后的腐败案件，保持惩治腐败高压态势；严肃纠正一批损害群众利益的不正之风。公报指出，要认真解决一批涉及领导干部廉洁自律的突出问题，依纪依法查处和整治领导干部利用职务便利为本人或特定关系人谋取不正当利益等问题，在认真贯彻落实好《关于领导干部报告个人重大事项的规定》的基础上，把住房、投资、配偶子女从业等情况列入报告内容，加强对配偶子女均已移居国(境)外的公职人员管理。公报强调，要抓紧制定一批反腐倡廉法规制度，提高反腐倡廉制度化、法制化水平；扎实推进一批改革措施。公报还指出，要努力建设一支政治坚强、公正廉洁、纪律严明、业务精通、作风优良的纪检监察干部队伍，树立纪检监察干部可亲、可信、可敬的良好形象。 我要评论,4,7,0.9785004258155823
内地富豪最喜欢居住十大中国城市之成都6.成都成都与重庆一样，做为西部城市的顶级时尚领衔者，非常多的奢侈大牌都在这两个城市内设立中西部重点，成都与重庆辐射的是整一片西部地区，因此在很多奢侈品牌的眼里，这两座代表城市具有西部的中心城市的代表性与中心辐射能力。我要评论,4,1,0.3716464638710022
内地富豪最喜欢居住十大中国城市之杭州3.杭州超越广州，成为名副其实的奢侈品第三城，从服饰，皮具，家具，化妆品...许多奢侈品牌已经做到上海，北京，杭州三地才有，甚至某些奢侈品牌已经做到了全国独有。杭州奢侈区之一的湖滨国际名品街也是国内最先进，唯一的顶级商业经营模式，类似于米兰viamontenapoleone等高档商业街区。我要评论,4,1,0.39291420578956604
内地富豪最喜欢居住十大中国城市之深圳5.深圳深圳奢侈品牌也很多，但要比广州少一些，但是奢侈家具品牌却是深圳强项，目前国内奢侈家具类品牌为北京，杭州，深圳三足鼎立的趋势.因为深圳离香港最近，深圳人大部分都去香港消费奢侈品，比例要比同样有去香港消费习惯的广州人要更高一些。我要评论,4,5,0.6182224154472351
内地富豪最喜欢居住十大中国城市之西安9.西安西安中大国际放在全国任何一个城市都是第一流的，西安最近的奢侈市场的蓬勃发展也是非常引人注目，但是西安虽然有两大高级商场中大国际与世纪金花购物中心，销售业绩却在全国并不突出，这使得西安要与成都/重庆在高端领域掰一下手腕，还有待进步与发展。我要评论,4,5,0.5303462147712708
"广东8月CPI降幅收窄 专家称可能成年内拐点本报讯(记者/张启通讯员/岳佳综)省物价局日前组织召开价格形势分析会,研判我省8月价格运行情况及未来走势。与会专家指出,8月可能是年内CPI拐点,房地产、汽车、旅游等主要消费行业景气度回升,但农产品价格不会持续大幅上涨。省物价局表示,目前临近建国六十周年庆典,要营造和谐稳定的价格环境,严格控制出台涨价项目,避免调价带来的累加效应。据国家统计局广东调查总队数据,8月我省居民价格消费指数(CPI)连续第7个月出现负增长,同比下降3.1%,但降幅比7月收窄1.1个百分点。汽车消费方面,1-8月我省汽车类零售额大幅增长29.3%,增长幅度远高于消费品零售总额的增长,6、7两月我省乘用车市场则连续出现同比、环比“双增长”的向好信号,表明汽车市场回暖的趋势正在得到巩固。房地产方面,商品房销售持续上升,1-8月全省商品房销售面积同比增长53.1%,增幅比1-7月提高4.3个百分点；销售额增长62.2%,比1-7月提高4.7个百分点。其中8月商品房销售面积环比上涨11%。此外,1-8月全省商品房销售均价同比增长5.9%,比1-7月上涨1.49%。专家认为,宽松的货币政策和投资需求大量入市造成了4月以来商品住房价格的较快上涨,这在一定程度上抑制了市场的自住需求。“目前,政府采取加大对投资需求、违规信贷资金入市的监管力度、打击囤地、囤房行为增加市场供应等措施,预计房价快速上涨的步伐将有所放缓。”旅游业方面,今年上半年,在金融危机和甲流疫情的双重影响下,我省旅游业受到较大冲击。但随着国民旅游休闲计划的启动,以及建设旅游强省一系列政策措施的出台,旅游业开始走出困境。 我要评论",4,7,0.5699465274810791
挪威de森林推介会现场摇号实况（图）主持人：谢谢两位设计师，我特别理解两位的心情，每位设计师任何的作品都像自己的孩子一样，王总也特别有眼光，请到清华大学设计院的设计师们，他们除了具备自己特别优秀的设计方面的才能，两位一位用特别优美的语言，一位用特别质朴的语言特别好的介绍了这个项目。接下来有请北京深长城物业管理有限公司总经理助理葛常勇先生在物业方面给我们解读一下这个项目。 葛常勇：尊敬的各位领导、各位来宾，女士们、先生们下午好，我是北京深长城物业管理有限公司总经理助理葛常勇，参加本次座谈会我感觉非常荣幸，在此我谨代表北京深长城物业管理有限公司对秦皇岛市星光房地产开发有限公司的邀请表示衷心的感谢。深圳长城物业成立于1987年，是国家首批一级资质的全国性专业化的物业服务机构，在北京、天津、合肥等13家区域分公司和8家控股公司，业务遍及全国22个省直辖市，物业类型包括公寓、写字楼、商场、超高层商住等等。过年来，我们长城物业一直秉承服务业主报效社会的服务宗旨，在2005年到2008年度北京以及深圳多家媒体评选中，长城物业获得了京城高管家、十大物业管理金牌公司的称号，2007年长城物业获得了国奥村 (论坛 相册 户型 样板间 地图搜索)的管理权，2009年5月，长城物业成立了集团公司，全面升级服务体系，全力打造SPE暨标准化、专业化、活性化的服务组织，为业主提供安全、整洁、完好、温馨的服务。目前，长城物业已位居全国物业管理行业前三甲，为了实现客户满意经营，我们不断的探索创新服务模式，我们率先实现了阳光物业服务模式，实现了物业管理透明化，对每个项目都制定适合自身运营的模式。针对挪威de森林这个项目，我公司选派最优秀的管理团队，根据本项目的实际情况，比如水岸、森林等特色，量身定制适合本项目的服务体系，在发展商和全体业主的支持下将挪威de森林项目建设成一个美丽、和谐、现代化的人文小区，谢谢大家！主持人：葛总非常干净利落，我觉得物业公司不用过多华丽语言介绍如何做，大家可以具体看表现。今天这么多的专家、设计师、物业公司上台解读这个项目，我想到场的业主对这个项目已经颇有信心，专家的言语、专家的建议都给我们大家增加了信心。接下来进行最重要的环节“摇号环节”首先有请挪威de森林项目总经理王宪凯先生上台为我们介绍一下摇号。 挪威de森林项目总经理王宪凯抓出第一位选房者王宪凯：我就不多说什么了，我代表我们秦皇岛市星光房地产开发有限公司给大家做个承诺，我们公司一定会把挪威de森林这个项目打造成让市场、让客户都认可、都接受的一个精品项目，请大家共同期待。现在我宣布挪威de森林摇号选房活动现在开始。主持人：有请王总抽取今天第一组客户。王宪凯：00039；00091；00089；00067；00087。主持人：下面有请这五位客户跟随我们的工作人员到选房区等候。下面有幸请这位准业主抽取第二组客户。准业主：00068；00020；00073；00059；00011。主持人：尊敬的来宾，下面进行第三组摇号的活动，请上一位准业主，准业主：00093；00069；00095；00098；00088；00099；00038；00070；00096；00097。主持人：有请以上所有号码的客户到我们等候区参加我们的选房活动。下面进行最后一组号码抽取。准业主：00018；00092；00051；00100；00082；00058；00083；00101；00065；00053；00012；00055；00030；00017；00081；00025；00086；00071；00028；00080；00063；00060；00072；00015；00019；00079；00029；00010；00056；00066；00085。主持人：尊敬的来宾，我们所有的顺序都进行产生了，请您参看我们工作人员的记录。本次相约林水间北京纯别墅项目现状研讨会暨挪威de森林推介会到此结束。谢谢各位的光临，再见！(本次活动到此结束）我要评论,4,3,0.8772618770599365
心仪刺激计划支票 各地上演央企争夺战今年以来已有十多个省份在京举办项目推介会孟斯硕作为一揽子经济刺激计划的受益者，央企挥舞着支票四处拿地的镜头为其赚足了眼球；与此同时，一些地方政府则从中嗅出了商机，他们也四处出击，开始了一场央企争夺战。 最新的一个例子是，安徽合肥市日前在京举办一场老城区改造项目推介会，吸引到了多达61家央企，几乎占到现有央企总数135家的近一半。该市主要官员以“只要你愿意来”这样的语气，盛邀这些企业前往合肥投资。推介会京城扎堆 9月19日，安徽合肥市政府在北京举办“合肥市老城区改造项目与央企及全国知名房地产企业对接会”。此次推介会，该市共推介68个项目，涉及土地约1.6万亩，计划总投资150亿元。 当天，安徽省委常委、合肥市委书记孙金龙在为其老城区改造等项目推介时表示：“只要你愿意来，我们会以最快速度净地交付，最快时间为企业办理好各种程序，让企业在最短的时间内真正开工建设。” 合肥市政府的热情，引起了许多央企的兴趣。据了解，当天到会的央企多达61家，其中包括中国城建、华润集团、中化国际、航天科工集团等央企。此外，还有数十家房地产企业也到会表达了投资意向。 据合肥当地媒体报道，不仅仅是此次推介的老城区旧房改造等房地产项目将纳入央企推介的范围，未来合肥将要推出近2000亿元的关于民生的项目，都将采取与央企合作的形式。 “这是安徽省的一个总的举措，要求安徽省每个市都准备出一批项目来与央企对接。”合肥市一位官员告诉记者。事实上，在过去的几个月内，这样的推介会在京已经召开数次。譬如，9月初，湖南省副省长陈肇雄率该省有关部门负责人赴京走访部分中央企业，商讨湖南企业与央企的对接合作；河南省安阳市政府在京也举办“央企暨百家国内知名企业与安阳合作发展座谈会”。早在今年7月，浙江宁波也在京召开了“推进与央企战略合作恳谈会”，中石化、神华集团等180多位中央企业负责人和高层管理人员与会。会议召开的当天，宁波市就从这些央企手中拿走了21个项目、总计330亿元的投资额度。 据不完全统计，今年以来，至少有河北、江西、江苏、甘肃等上十个省份，也都启动了类似的行动。央企、地方求双赢 对于此次合肥推介的老城区改造项目的商业价值，与会的北京一家民营房地产投资公司人士告诉CBN记者，这些项目拿地的成本比较高，而合肥属于二线城市，房价相对较低，因此利润空间很小。 对此，中国水利水电建设集团公司副总经理王彤宙告诉CBN记者：“虽然比较起北京、上海等一线城市，合肥的这些项目利润空间比较小，但是合肥的发展潜力比较大，老城区的基础设施、管网、水电等方面是比较成熟，未来发展起来，不仅会对合肥未来带来很大的变化，这也是中国地产业进入合肥的一个重大的机遇。” 央企与地方政府的合作似乎一拍即合。 “这些央企受益于国家投资计划，拥有充裕的资金，而这些资金在寻求规避通货膨胀风险的出口时，房地产成为最好的选择。从地方上来看，中央投资连续下发四批后，地方对于后续项目的资金支持已经非常困难，项目的建设资金缺口也比较大。地方政府希望通过与央企的合作，来得到资金的支持。”上述北京房地产投资公司人士告诉CBN记者。 而另一方面，央企则期冀背靠更多的地方资源来壮大自己，并使自己在2010年继续留在80到100家央企名单中。 中国城市建设控股集团副总裁葛津直言：“经过金融危机后，国家把很大一块资源都给了央企，从融资角度来讲，央企在资金方面是有优势的。央企要想完成国资委布置的利润目标，在传统行业是很难突破的，而房地产恰恰可以成为利润增长的支撑。”根据财政部日前发布的数据，央企前八个月累计实现利润6031.4亿元，同比下降13.8%。我要评论,4,1,0.8420886993408203
河南规定商品房预售款将由银行监管□晚报记者 孙娟 通讯员 何宇本报讯 今后购房者向开发商支付的定金、预付款、保证金等各种款项将直接打入银行监管账户，不再交给开发商随意处置。9月18日下午，市长赵建才主持召开市政府第十二次常务会议，审议并原则通过《郑州市商品房预售款监督管理办法》和《郑州市人民政府关于促进中小企业发展的意见》等。据悉，《郑州市商品房预售款监督管理办法》从商品房预售款监管协议、商品房预售款收入管理、商品房预售款使用管理和责任追究等方面做了具体规定。该办法决定对我市商品房预售款采取商业银行主体监管，政府监督执行的监管模式。这种模式既能有效加强协调监管能力，及时掌握开发企业销售情况，又能保证政府及时掌握监管落实情况。根据监管办法规定，开发商预售商品房前，需先与银行和监管机构签订预售款监管协议，建立预售款监管专用账户。购房者向开发商支付的定金、预付款、保证金等各种款项直接打入银行监管账户。监管账户的资金只能用于本商品房工程建设。政府常务会议认为，此举对于规范我市商品房预售款的监督管理，保证预售款专款专用，保障预售商品房交易当事人的合法权益，维护房地产市场秩序，确保房地产市场稳定运行具有重要意义。市政府相关负责人向记者解释说，对预售资金实行监管后，并不是冻结了开发资金，开发企业依然可以顺利、快捷地使用该项资金，只是受到了相关部门的监督，以确保专款专用、专款专存，避免百姓购房款被挪用。 我要评论,4,1,0.8582735657691956
"银监会摸底土地融资 信贷担保由乱及治-本报记者 张晓赫 北京报道 近日，据一些商业银行地方支行的信息透露，审计署驻地方特派办已经进驻一些大型商业银行分支机构，开始调查4万亿元政策配套项目贷款的资金流向。其中的一个重点工作就是审计一些地方政府担保的“高杠杆”土地融资是否存在违规投放。这已经是银监会信贷摸底后的再次行动。在今年上半年地方政府担保融资异军突起的背景下，如此强力度的排查，已经将监管层的风险担忧心态表露无疑。“不排除一些地方政府担保的项目过分透支政府信用，而缺乏有效的保障，一旦市场状况逆转，就会带来财务风险。”中国银行总行公司业务部人士表示。今年上半年的政府信用担保只是巨大担保融资的冰山一角，对于许多“无依无靠”的房企来说，更多地选择了集团内部连保以及企业间互保的方式。根据WIND中报数据分析，今年上半年，上市公司作为担保方的担保总额占到上市公司总利润的22.1%，为近3年来的最高水平，其中的担保大户不乏中关村、中航地产、深天健等房企。“担保融资一向被视作银行风险防控的潜在威胁，从监管层对地方政府担保融资质量的排查推断，企业间的担保也将会逐步引起重视。”上述中国银行人士表示。担保成风今年下半年以来，无论是规模上、还是频率上，上市房企的担保融资都出现了集中式的爆发。仅在8月末后的一个月内，就有数十家上市房企公布了担保融资方案。从泛海建设、中华企业分别为旗下控股公司担保融资3亿元、4亿元，到华远地产(企业专区,旗下楼盘)大股东为上市公司提供16亿元融资担保，再到新湖中宝与美都控股表示双方将在1亿元额度内实现互保，各房企或上市公司为旗下控股、子公司提供担保；或母公司、大股东为上市公司担保；又或企业间互保。这还不够，上实发展(企业专区,旗下楼盘)、金地、华业地产(企业专区,旗下楼盘)、深深房等也加入到了此番担保融资的大军中。而随着部分房企今年下半年融资计划的披露，更多的担保融资计划浮出水面。金融街在公布的不超过195亿元的新增贷款计划中，有相当部分的融资将通过担保形式完成。“可以通过其他公司担保，也可以通过控股公司担保。”金融街在贷款计划中表述。“只要是已经公告出来的具体项目或者公司担保，肯定就是已经借到钱了。”上海一家上市房企的高管透露。从创3年新高到继续攀升，担保融资为何如此强势？ 银行信贷回落、地产放贷流程趋于严格与房企加大投资，是各房企选择担保融资的最根本原因。本报记者了解，上半年的信贷井喷，已经使信贷大户建设银行、工商银行等银行的年度放贷额度所剩无几。与此同时，银监会对银行资本充足率的重新严格要求，也使得银行手中的钱袋再次收紧。资本金比例下调而导致房企融资杠杆加大，也在一定程度上对银行的信贷风险防控提出了更高的要求。在银监会的授意下，各银行都加强了放贷的全流程监管。一面是银行信贷收缩，另一面却是房企愈发高涨的投资行情。交通银行首席经济学家连平表示，房地产在经历了2008年的行业投资萎缩后，2009年正在经历着又创新高的一轮投资需求。“下半年房地产行业的投资会继续扩大。”中报显示，包括招保万金四大龙头在内的众多房企都纷纷调高了今年下半年的项目开竣工面积以及土地储备目标。在银行信贷收缩而房企投资加大的背景下，各房企很快发现了担保融资的优点所在。上述中国银行人士也表示，放贷机构在融资项目的审核中，存在着很大的信息不对称问题，在遇到不熟悉的、难以预见未来风险的项目时，除了抵押之外，就会要求相关企业进行担保。“尽管企业的声誉很好，但银行对于企业各地的项目公司却不一定熟悉，只有采取连带责任担保，联合上市公司或者母公司的力量才能突破这个瓶颈。”上实发展某办公室人士表示。其实，集团为项目担保除了能提供“稳足快”的资金之外，还意味着融资成本的降低。“有些大房企与银行有战略协议，其中就包含放贷额度、利率上的优惠等。集团进行担保，也是为了能帮助项目公司获得低成本的融资。”上述中国银行人士表示。除此之外，与抵押贷款不同，担保融资的灵活性也是受各房企青睐的原因。“抵押贷款通常都只是用来做项目开发，而担保贷款很多时候都是不规定用途的流动资金补充，这就给了房企较大的资金使用空间。”能通时代投资管理有限公司总经理陈霞说。可以例证的是，在上实发展、华远地产等房企的担保借款中，相当部分的融资去向都选择了补充流动资金。防控当头然而，越来越多的担保融资已经引起了部分人士对投资泡沫增长以及信贷风险扩散的担忧。在部分业内人士看来，房地产行业过多的担保融资不但是推高房价，助长投资泡沫的元凶之一，同时也给银行与上市公司埋下了巨大的财务风险隐患。中央财经大学银行业研究中心主任郭田勇表示，近期的国企地王频现，与国企为其房地产公司提供银行信贷的担保不无关联。“由于大量担保资金而带来的拿地‘豪迈’，不但误导市场对未来房价的预期，更使还未调整到位的中国房地产市场雪上加霜。这在投资需求旺盛的当下，极易推涨投资泡沫。”与此同时，在这种可预想的投资泡沫风险下，银行风险也被提及。尽管本报记者接触的多位银行人士表示，银行不会因为担保而放宽对融资项目的放贷条件、额度以及利率优惠，但在上述中国银行人士看来，此中风险仍是不可忽视。“由于担保融资的项目多是银行不太了解、抵押物不足或者资金回流不够理想的项目，尽管有连带责任担保，但对于银行来说，风险仍是大于抵押贷款。此外，还不排除一些企业利用信息不对称，通过担保，对一些未达信贷标准的项目进行‘空手套白狼’的暗箱操作。”上述中国银行人士不无担心地说。他表示，国内《担保法》出台后运作的时间并不长，现行制度仍然不完善，一旦监管不力，或者将来房地产市场行情逆转，银行则很容易产生坏账。而对于房企来说，担保融资“水能载舟，亦能覆舟”。在市场看来，尽管担保融资减轻了融资压力，但这样却极易形成链条反应，放大房企的财务风险，同时也容易陷入担保纠纷之中。这种风险并非空穴来风。在中关村的发展史上，曾经60亿元的巨额担保一直是其扭亏的巨大障碍。直至今年年中，公司本部累计对外逾期担保金额仍高达3.24亿元。其中对联营、参股公司的逾期担保金额为2.7亿元，控股子公司累计逾期对外担保金额为496.31万元。2007年，高新发展也曾因对外担保问题爆发，使公司的经营陷入了资金匮乏的不利局面，计提了587.76万元的预计负债。点击进入本刊更多内容：（中国房地产报）订阅热线：800-810-0909我要评论",4,1,0.9349484443664551
国土部：上海耕地面积明显减少第二次全国土地调查开始抽查面积变动较大地区早报讯 国务院第二次全国土地调查领导小组办公室将派出10个抽查组，分赴耕地、建设用地面积变化较为明显的10个省区市，对第二次全国土地调查成果进行国家级抽查核实。据介绍，抽查核实自9月21日至28日，分别负责抽查河北、山西、内蒙古、辽宁、上海、江苏、安徽、河南、湖北、广东等10省区市。记者在国土资源部《第二次全国土地调查成果国家级抽查核实工作方案》中看到，上海属于耕地面积明显减少的地区。国土资源部副部长王世元昨日下午在北京举行的“第二次全国土地调查成果国家级抽查核实工作动员会”上指出，这次抽查核实工作是确保二次调查数据真实准确的重要举措。据介绍，本次抽查核实重点对二次调查中耕地、建设用地面积变化明显的地区，开展内、外业调查成果质量检查，评判调查质量。现场检查部分地区耕地、建设用地面积明显增减的真实性，分析原因。发现一批弄虚作假、虚报瞒报以及质量存在重大缺陷的典型案例，为决战年成果质量打假提供依据。全国第二次土地调查，是国务院部署的重大调查，2007年7月1日开始，将于2009年底前完成。2010年1月1日起，各级建设用地报批、土地整理复垦开发项目立项等工作，必须以第二次土地调查结果及政策为依据。 我要评论,4,7,0.6205255389213562
第二次全国土地调查抽查核实工作启动中新网北京九月二十一日电(记者 阮煜琳)国务院第二次全国土地调查领导小组办公室将派出10个抽查组，分赴耕地、建设用地面积变化较为明显的10个省区市，对第二次全国土地调查成果进行国家级抽查核实。据介绍，抽查核实自9月21日至28日，由全国土地调查办统一组织，共分10个组，分别负责抽查河北、山西、内蒙古、辽宁、上海、江苏、安徽、河南、湖北、广东等10省区市。国土资源部副部长王世元21日下午在北京举行的“第二次全国土地调查成果国家级抽查核实工作动员会”上指出，这次抽查核实工作是确保二次调查数据真实准确的重要举措。这次抽查核实工作，要对照全国统一的规程规范，实地检查对照，对发现的问题进行全面整改，对弄虚作假的行为严肃查处。确保二次调查数据成果的真实准确性。王世元强调，各抽查组要严格按照《工作方案》确定的抽查内容和程序方法，对被抽查省份二次调查工作中的突出问题，进行重点检查。切实掌握地方二次调查中耕地和建设用地情况。要挖掘典型案例，重申国家对数据成果质量。据介绍，本次抽查核实重点对二次调查中耕地、建设用地面积变化明显的地区，开展内、外业调查成果质量检查，评判调查质量。现场检查部分地区耕地、建设用地面积明显增减的真实性，分析原因。发现一批弄虚作假、虚报瞒报以及质量存在重大缺陷的典型案例，为决战年成果质量打假提供依据。我要评论,4,7,0.9366834163665771
40位千万富翁赴美抄底购房 或成烫手山芋有中国首个美国抄底购房团之称的赴美购房团，昨天下午1时40分由首都机场启程赴美。这个团有近40名成员，大部分为专业人士、身家全部超过千万元。他们将于当地时间25日正式开始在洛杉矶、拉斯维加斯、旧金山、波士顿、纽约5个城市共11天的看房活动。 千万身家富豪团第一批赴美购房团总共由40名团员组成，是在400余名报名者中精心挑选出来的。相关人士告诉记者，这批团员来自全国各地，团员分别来自山东、江苏、大连、杭州、深圳、北京、重庆、上海等地，尤以北京、上海两地人数最多，其中上海地区占了5个名额。新闻稿称，从报名者填写的资料来看，大部分报名者身家在1000万元级别。年龄主要集中在35-50岁之间，大部分是房地产、商业服务、商业零售企业、跨国公司的高管，其中三分之二的人购房目的是为投资或自住。首批成员的主要目的是希望了解市场的行情，熟悉当地的流程和法律规范等，会选择一些下降幅度较大、有升值前景的住宅购买，暂无考虑其他类型非住宅物业的意向。多数人员为专业人士莫天全称，这批抄底团大部分都有专业背景，在主办方提到的名单中，多数人员工作单位出自某某置业有限公司、某某投资管理公司等，考察低谷期的美国楼市成为其为中国业务吸取经验的一大手段。另外，在第一批共40名团员中，约有1/4的人本身就持有美国绿卡或美国的商务护照。据介绍，购房团中约有1/3的成员是为了孩子读书而购买较低价格的房产，就近陪读。弹：小心买回烫手山芋深圳综合开发院旅游和地产研究中心主任宋丁：目前美国经济萧条而且并没有走出低迷的趋势，如果在经济下行的过程中投资房地产，其实风险很大，因为美国现在的经济还未跌入谷底，很难预计投资的房产将来是否会继续下跌，所以投资需要谨慎。美国公寓管理费很高，一套普通的二居室公寓，每月的管理费用约在500~1000美元，同时维护成本也是不容忽视的。在美国买房不贵，但是每年的房产税可不低，目前各州房产税率不一，一般按照估价总值的1%~6%进行征收。如果了解得不清楚，很可能买了之后如同“烫手山芋”。 我要评论,4,1,0.5405235886573792
原温州开发区规划建设局局长涉嫌受贿被诉中新网温州9月25日电(记者 袁爽 通讯员 心土)原温州市经济技术开发区规划建设局局长郑启明利用职务之便为他人谋取利益，非法收受他人财物达1045000元。目前，浙江省温州泰顺县人民法院受理了被告人郑启明涉嫌犯受贿罪一案。现年51岁的被告人郑启明，是原温州市经济技术开发区规划建设局局长，龙湾区第六届人大代表。据公诉机关指控，2001年，温州家景房地产开发有限公司成立，并在温州经济技术开发区开发“家景花园”房地产项目。“家景花园”房地产项目在土地、规划、建设等审批手续方面得到时任温州技术开发区规划建设局局长郑启明的支持。2003年初的某日，被告人郑启明向温州家景房地产开发有限公司董事长薛某某提出介绍家景花园项目的配套电梯工程。薛某某为感谢被告人郑启明之前的支持，并希望在项目后期的建设、房管审批手续等方面能继续得到其关照和支持，在未使用郑启明推荐的电梯项目的情况下，于2003年4月11日以“电梯利润包干”的形式送给被告人郑启明100万元人民币，郑启明予以收受。温州中环置业股份有限公司(前身为温州民营工业区建设股份有限公司)对温州经济技术开发区15号、16号地块(即名人花园项目)进行开发，在用地功能改变等有关手续审批方面得到时任温州经济技术开发区规划建设局局长郑启明的关照和支持。从2003年至2009年，该公司董事长李某某为表示感谢，并希望能继续得到被告人郑启明的关照，先后八次送给被告人郑启明“好又多”银行购物卡和现金合计人民币45000元，被告人郑启明均予以收受。5月28日，被告人郑启明被温州市公安局刑事拘留，经温州市人民检察院批准，于6月11日被依法逮捕。案发后，被告人郑启明主动退还赃款人民币1045000元。公诉机关认为，被告人郑启明在担任温州市经济技术开发区规划建设局局长期间，利用职务上的便利，为他人谋取利益，非法收受他人财物1045000元，其行为已触犯刑法，应当以受贿罪追究其刑事责任。法院将择日开庭审理此案。(完) 我要评论,4,7,0.5255175232887268
国土部长徐绍史：09年建设用地指标同比增50万亩叶开在保增长之年，为保障地方用地需求，今年国土资源部增加了50万亩的建设用地指标，使得总量达到了630万亩。 国土部部长徐绍史近日在接受少数中央媒体采访时表示，中央投资多数集中在基础设施领域，铁路、公路、机场、港口，此外还有大批民生工程、环保工程。这些项目都要落地，必将导致用地需求井喷式上升。 “除了中央投资、地方投资之外，今年上半年银行发放贷款达7.37万亿元。这么大的投资规模，用地比以往紧张得多。”徐绍史称。据其介绍，为了预防用地井喷，国土部曾在今年年初与10个部委(其中一些是综合部门，也不乏用地大户)进行了两轮接触，作了一个月的快速调研，同时与东、中、西部10个省(区、市)的领导进行了座谈对接。 目前，“用地井喷”已经反映在数据上。 国土部耕地保护司司长朱留华上月曾透露，今年以来由于拉内需保增长的需求加上土地审批程序的简化，各地用地量持续增加，“差不多(同比)增长20%左右，是在控制的范围之内。” 而在经过核减后，国务院近期批准的81个城市用地总面积为34422.37公顷，其中新增建设用地25265.69公顷(约合378985.35亩)，也较去年增加了16.7%。 目前，我国土地利用实行约束性指标化管理，各省份每年的新增建设用地数量都在年初分配划定，未经允许不得随意增加。 此举的理由在于促进地方土地节约集约利用和保护耕地，但这与地方经济扩大带来的土地需求形成了矛盾。 徐绍史表示，为了千方百计保障用地，国土部今年扩大了土地指标数量。前两年我国建设用地年度指标都是580万亩。今年指标增加到630万亩，较以往增加了50万亩。 此外，扩大城乡建设用地增减挂钩指标使用量，这些土地不占用耕地，今年国土部放了30万亩流量指标。徐绍史表示，各地的投资额度不一样，项目储备不一样，国土部将根据其土地规划安排、固定资产投资等因素再来分配建设用地指标。此外，国土部里还留有一部分指标，用以确保一些特别重要的、确实有实际困难的地方重点项目落地。    相关新闻：    望增建设用地指标 地方高度重视新一轮土地规划    国土部点刹建设用地 严控先行用地范围    国土部：建设用地绰绰有余 严查囤地未建现象    国务院加大供地量 81城市增建设用地增16%我要评论,4,7,0.7048497200012207
楼上瓷砖狂掉店主进出戴头盔 老楼过期需集资修“沙坪坝区小龙坎正街305号附3号楼上最近总是往下掉瓷砖，我和小孩差点就没命了！现在我们所有的门面经营者都只能戴着安全帽做生意。”昨日，在该栋楼下开五金店的王老板打进本报热线反映情况。七门面老板齐戴安全帽记者闻讯来到该栋居民楼，看见楼底七个门面门口都坐着戴红色安全帽的人，他们都是租赁了该栋楼门面的店主。王老板说：“这些安全帽都是一大早大家统一花17元钱购买的，就是楼上掉瓷砖掉怕了。”开水果店的李老板接着说：“我上个月才染的头发，现在也只能被安全帽遮盖了，戴上安全帽不但不好看，还很不舒服。”边说边摘下安全帽让记者看她新染的头发，看到李老板摘安全帽，另外几位店主纷纷阻止说，安全才是最重要的。店门口吃饭瓷砖落菜碗 店主们还告诉记者，上周楼上掉下的瓷砖还砸凹了一辆本田小轿车的左侧车门。李老板一家三口不但都戴着安全帽，而且还多买了两顶，准备给前来选购货品的顾客使用。“三天前，我正在门口聊天，一块雨棚从我左肩边掉下来，擦掉一块皮，幸无大碍。正在庆幸时，一块瓷砖又再次掉了下来，相隔不到5分钟。”李老板现在回忆起来还后怕，可更让李老板害怕的是前晚全家人在店门口吃晚饭时，又一块瓷砖掉下来，砸进了菜碗里，而她4岁的女儿当时正在夹菜。老楼房转卖后没有物管李老板保留了她收集的瓷砖碎片，最大的一块有6×5厘米大。记者从居民口中得知，该栋楼修于上个世纪90年代初期，共有7层楼，28家住户和7个门面，是重庆汽车运输公司第四公司的职工宿舍，后卖给了职工，该楼没有物管。记者看到该楼每户人家的窗沿上的瓷砖几乎都有不同程度的脱落。雨棚坏的只有3-1和5-1的住户。记者没能找到3-1的住户，5-1的王姓住户说，他是租赁户，不知道雨棚曾经往下掉的事情，就算雨棚真往下掉，那也该房东管。相关说法被砸伤可告所有业主四家住户在接受记者采访时，都称瓷砖脱落不关他们的事。对此，重庆市房管局物管处周姓工作人员告诉记者，开发商在房屋移交后两年需要对其外墙瓷砖脱落等问题负责，但小龙坎正街305号的房子已经过了保修期。居民们现在只能自己凑钱对外墙瓷砖进行整改。“如果居民不愿出钱怎么办呢？”记者提出疑问。周先生说：“外墙瓷砖属于公共设施，如果外墙瓷砖在保修期后脱落损害到他人人身安全，受害人可把整栋楼的业主作为整体告上法庭。”随后记者联系到了该楼所属的小龙坎正街社区，城管科的谭女士答应，会给该栋楼居民做思想工作，尽快集资筹钱，整修外墙瓷砖。编后老楼外墙脱落瓷砖已经不是首例，但底楼经营户为防“瓷砖雨”误伤纷纷戴安全帽就不多见了。需要指出的是，戴安全帽躲瓷砖并不能解决根本问题。根据相关规定，老楼过了保修期，外墙等公共设施的损毁需要住户们集资修缮。在此，希望这幢楼的业主们理解一个道理，楼房是属于你们的，今天出点钱，换来的却是包括你们自己在内的所有人的安全。 (记者 张畅) 我要评论,4,3,0.8492908477783203
"美资基金巧取上海最大宅地东方早报记者 刘秀浩(刘秀浩博客) 上海浦江镇143号地块从9月21日起邀标出让，这一地块出让面积达到了惊人的63.6万平方米，已经成为上海公开出让历史上单幅面积最大的住宅土地(早报昨日A37版报道)。截至昨天，记者了解到，尽管土地名为“邀请招标”出让，但至今还没有一家上海知名房地产企业获得竞标邀请。早报记者从消息人士处获悉，一家神秘美资基金已经悄然签订土地出让意向。地块参考价过百亿元资料显示，这一地块东至浦星公路、南至中心河、西至浦锦路、北至芦恒路(以浦申路为界分为143号东块与143号西块)。地块总出让面积63.6万平方米。地块还是上海近期难得一见的低密度住宅土地，143号东块建筑面积不大于16.8456万平方米，143号西块建筑面积不大于20.1418万平方米，土地总建筑面积约为37万平方米，以最终建筑面积计算，其容积率仅在0.6左右。浦江镇地块信息甫一上网，就吸引了包括长江实业，新鸿基地产在内的上海绝大多数知名房企关注。一名业内人士表示，以土地规模、地理位置以及几乎等同与别墅用地容积率的罕见性来讲，如果这幅土地通过公开渠道出让，以价高者得的标准，未来出让价格很可能超过长风地王。9月22日，浙江绿城集团(企业专区,旗下楼盘)以36亿元摘得苏园土挂(2009)06号地块。06号土地楼板价高达28057元/平方米。由于浦江镇地块建筑容积率以及土地性质与(2009)06号地块类似，如果以这个价格计算，整幅土地价格更是高达百亿元之巨。挂牌到出让仅一周和此前商品住宅土地普遍采取挂牌出让模式不同，该地块采取邀请招标方式，按照综合条件最佳的原则确定中标人。上海市规划和国土资源管理局70号公告信息显示，地块投标将于9月28日举行。由于该幅地块从公布的最终出让仅仅只有一周时间，此次土地出让引起了部分开发商的质疑。目前，除配套商品房基地等保障性住宅土地外，商品住宅土地一般采取挂牌方式公开出让，从挂牌到出让完成周期在1个月左右。记者获悉，尽管此次公告中规定地块将按照“综合条件最佳的原则”确定中标人，但多家房地产开发商咨询后，却没有获得任何邀标以及综合条件标准的答复。另外，有实力进行如此大规模土地竞标的国内和外资房地产开发商，包括此前9月10日参与长风地块竞标的各家房企无一获得竞标邀请。知情人士透露，如此短暂的投标时间内，要完成基础性的项目调研报告、初步产品规划以及价格定位等，对任何一家房地产开发商而言都是不可能的，唯一可能就是土地属定向出让。消息人士透露，一家美国基金公司已经有意投资这一地块，但记者没有获得该基金的准确信息。 我要评论",4,1,0.8771599531173706
方太&米博鼎级旗舰店入驻杭州大厦(图)2009年9月25日，作为国内厨房电器和热水器鼎级品牌，方太&米博旗舰店将在杭州大厦隆重开业。作为方太&米博专卖店在杭州的高端展厅之一，此次杭州大厦旗舰店采用了现代化的设计风格，宽敞明亮、布局错落的展厅不但充分体现出方太、米博品牌的高端，更标志着方太集团高端渠道布局的开始。“杭州是我们的重点市场之一。这不仅因为杭州在米博市场规划的战略版图中具有举足轻重的位置，更为重要的是随着杭州的不断发展，业已展现出极大的市场潜力。”方太集团杭州分公司总经理表示，“旗舰店的落成，不仅表明我们对该市场的重视，也希望能够带给消费者能够与产品定位匹配的高端消费环境。”近年来，随着杭州城市综合能力的进一步提升，人们开始越来越关注自身的生活品质， 以高端、专业为品牌核心的方太、米博，正好契合消费者不断提升的产品需求。而以“生活?购物?享受”为时尚经营理念、拥有顶级卓越的品牌阵容的杭州大厦，在本地商界素有“旗舰店”之誉，与方太&米博旗舰店的理念和定位不谋而合。这也是此次旗舰店选择入驻杭州大厦的原因之一。据介绍，此次开业的方太&米博旗舰店主体采用灰、白、深咖啡色三种色调，点缀明亮的橙黄色，优雅、高端、端庄的同时，又不失活泼灵动。店面巧妙分隔为方太区和米博区。由于采用了统一的设计风格，两者之间既有区分，又浑然一体，不仅近距离带给消费者优雅、舒适的体验环境，更展现出当前时尚潮流的厨卫设计和领先科技。 “方太和米博都是为高端人士打造的专业品牌，旗舰店让消费者在同一空间内感受从厨房到卫浴的全方位高端选择和享受。” 杭州分公司总经理表示。作为方太集团的高端品牌，方太面向嵌入式厨房电器领域，7月份刚刚上市的米博则是专业化的高端热水器品牌，致力于为消费者提供家庭热水系统解决方案，两者的强强联合可谓相得益彰。值得一提的是，此次旗舰店的盛大开业，表明了方太集团对高端渠道建设的重视。此前在米博发布会上，方太集团总裁茅忠群曾表示，在保证卓越的产品品质的基础上，米博将以极大的魄力放弃代表相当数量的销量和利润的传统销售渠道——连锁家电卖场，而只在专卖店和高档百货商场里面销售。而本次方太&米博旗舰店入驻杭州大厦，从某种程度上证明了方太集团的高端路线。“旗舰店的开业表明了方太集团的态度。”业内人士评价，“方太集团希望借助高端旗舰店的形式来展现品牌的定位，并打开杭州的高端市场。”而行业专家则认为，这可能是方太集团系列举措的开端。“国内一向认为厨房电器或者热水器，仅仅是家用电器而已，方太&米博旗舰店可能会改变这种看法。方太集团也许会藉此将新的产品态度和生活方式引入杭州厨卫市场，并进而向消费者介绍方太&米博系列产品。” 我要评论,4,3,0.8091838359832764
方太O-Touch光影六系惊艳亮相方太&米博旗舰店就在人们翘首以盼新装iPod Touch之前，Touch风潮已然率先涌动于厨电领域。2009年9月25日，国内厨卫顶级品牌方太&米博旗舰店将在杭州大厦隆重开业，届时，设计感强烈、时尚十足的方太O-Touch光影六系也将与消费者正式见面，引爆厨电行业的Touch热情。据悉，“O-Touch光影6系”是由方太与美国设计界权威IDEO公司共同担纲研发，包括吸油烟机、燃气灶、消毒柜、微波炉、烤箱等成套化嵌入式厨电。外观上，皆采用橙色光圈点缀深咖啡色玻璃镜面，风格极简，流光溢彩；设计上，人机对话的智能模式已然极致——一切按钮，都在隐匿式的设计理念下退居幕后，手指飞扬，即刻开启厨房各项功能，宛若置身未来。而在主设计师的眼中，“O-Touch光影6系”却并非耀世的资本，而更似人缘颇佳的伴侣，她简约、优雅、贴心、懂得，她让厨房从此不再冰冷，她让烹饪从此充满生趣：菜谱可预先存储，自行烹饪；Easy Clean Door设计，让烤箱清洁不再困扰；餐具到达消毒临界点时，消毒柜自动感应，循环杀菌……不一而足。更为难能可贵的是，方太首次将嵌入式蒸箱引入中国，在进一步完善厨房功能的同时，对健康烹饪提出更高的要求。业内人士预测，近年来，随着杭州城市综合能力的进一步提升，人们开始越来越关注自身的生活品质，以高端、专业为品牌核心的方太、米博，正好契合消费者不断提升的产品需求。此次“O-Touch光影6系”的出现将对今后厨房电器的外观与功能产生巨大影响。点触间，仿佛踏入未来时空般；无需按动开关，只需手指轻抚即刻完成下厨；塑造出极净厨房的视觉感官双重体验。相信随着“O-Touch光影6系”的铺陈开来，将有更多的消费者难以抵挡Touch的诱惑。9月25日，在方太&米博鼎级旗舰店入驻杭州大厦之即，O-Touch光影六系即将启动，产品上光触屏已经在闪动昭示：如果身在杭城的你，期待您开业期间您的光临，Just touch。 我要评论,4,3,0.9640914797782898
黄金购房季之金秋家居打折大盘点之东鹏项目名称：东鹏优惠活动：瓷砖：全场55折、仿古砖66折 + 全款优惠洁具：全场55折，购买二项再打96折、三项94折、四项9折+全款优惠 签单并交全款，成交价基础上再打9.8折。金果套餐3888元，套餐含：墙砖15?+地砖3?+座便器+龙头+花洒+浴室柜+镜子备注：套餐不含配件费、花片、腰线。套餐配件费为120元。3888元套餐活动期间交全款有效。“金玉纳福”套餐(金碧辉煌、纳福娜系列产品套餐)购“金玉纳福”系列产品不低于15平米，再购一款墙砖(仿古砖、瓷片，不低于15平米)，瓷片部分95折，再购一款瓷片(不低于15平米)，瓷片部分整单9折。37年陶瓷产业成就，国庆献礼特供！东鹏玻化砖经典——【金碧辉煌】、【珊瑚玉】、【纳福娜】东鹏[晶花技术]代表作——金碧辉煌802923，欢庆价：138/?。东鹏[冰透粒子技术]代表作——珊瑚玉802010，欢庆价：118元/?东鹏[岩涌技术]代表作——纳福娜803001/803011，欢庆价：238元/?活动时间：9月26日至10月11日项目名称：杜菲尼优惠活动：    1，进店有礼，来者即送2，限量抢购3，超值套餐4，全场6.8折活动时间：10月1日至10月8日我要评论,4,3,0.9673522710800171
黄金购房季之金秋家居打折大盘点之曲美项目名称：曲美优惠活动：活动一：汉斯经典“纪念版”家具套餐低至5.8折！折后满10000再送800。 活动二：全场正价商品，尊享超值折扣优惠！不仅如此，折后购物满10000再送800！此外，网络商城“维格尚品”系列家具，全国统一官网直购，挑战板式家具极限低价，为您至少节省30%！活动时间：10月1日至10月8日项目名称：生活家. 巴洛克优惠活动：超低价格：此次北京生活家地板推出全场超低优惠并推出共40款特价产品，包括巴洛克仿古系列、实木复合标准版系列、洛可可强化系列；最低79元起；10多款巴洛克仿古地板原价373至410元，十一特惠价210元至270元不等。让京城百姓享受真正的惠礼！惊喜豪礼：凡活动期在我公司购买巴洛克系列地板，在享受相应折扣的同时，还可获取价值200元巴洛克代金券一张。订单送礼：每位消费者凭订单领取大礼一份！单单有礼，机会不容错过！进店有礼：活动期间进店咨询选购的顾客，即可获赠精美礼品一份，赠完为止。活动时间：10月1日—10月8日项目名称：十里河优惠活动：曾经买过，一定送：为了答谢客户队十里河的灯饰成九年来的关爱，如果您曾经买过十里河灯饰城的灯具，凭据购物发票即可在十里河的兑换一件礼品。礼品1000件送完为止。礼包2：现在来买，立刻送：从9月26日起至10月8日，凡在十里河灯饰购买灯具超过 300元可获得一次抽奖机会。中奖率100%。大奖：液晶电视机一台。礼包3：品牌灯饰，特价送：二楼品牌灯饰十一期间打折让利，回馈顾客。精品灯饰价格全市最低。礼包4：即使不买，还能送：即使不买十里河灯饰城灯具，但是您光临十里河灯饰城，留下姓名和电话号码，10月1日---10月8日每天活动结束时，我们现场将抽出10名幸运奖(累计共80名)。活动时间：9月26日至10月8日项目名称：太阳花优惠活动：进店有理赠品一：凡购买太阳花散热器2000元以下任何产品，即送洁丽雅情侣毛巾一盒(二条)。 赠品二：凡购买太阳花散热器产品价值2000元-2999元，即送洁丽雅浴巾一条。 赠品三：凡购买太阳花散热器产品价值3000元-4999元，即送浴巾一条+情侣毛巾一盒(两条)。 赠品四：凡购买太阳花散热器产品价值5000元以上，即送精美活性碳雕一个。活动时间：10月1日至10月3日我要评论,4,3,0.9865227341651917
"黄金购房季之金秋家居打折大盘点之法恩莎项目名称：法恩莎优惠活动：惊喜一 法恩莎卫浴活动当天将推出最低团购折扣，保证同期最低！惊喜二 数十款十一特供单品任你选择, 法恩莎马桶399元！惊喜三 多款套餐抄底价，适合你不同的风格需求，满足您装修省钱的欲望！惊喜四 活动当天推出超值自由组合套餐, 马桶、浴室柜、龙头你的喜欢你做主！惊喜五 法恩莎智能马桶、VIVI智能马桶全线让利, 更有超低特价等你拿！惊喜六 十一市场的促销款式，活动当天再享更大让利优惠！ 惊喜七 更多特供价和优惠还在申请中，神秘优惠价格将当天揭晓！(注：神秘特价根据网友反映的最低价格制定)赠送一：买专供地拖盆送价值468元龙头一个赠送二： 买法恩莎卫浴专供套餐加8元送高档浴室镜赠送三： 买法恩莎高档实木浴室柜加1888元赠送价值14086元的法恩莎智能马桶，或加666元赠送价值2257元的法恩莎喷射虹吸式连体马桶活动时间：10月3日项目名称：古沙优惠活动：买古沙套餐,送:价值300元 3D杜邦抱枕一个.送价值1380元棕绵加厚床笠一个,送价值2980床外套一件活动时间：9月25日至10月8日项目名称：弘高优惠活动：现场领取折扣券,凭券满1000减200,满2000,减400.以此类推.自营家具2折起活动时间：10月1日至10月8日项目名称：金意陶优惠活动：1,全场买2000返1000元现金(所有配件、特价产品、买一?赠一?产品不参加)2,厂家直供，国庆特享产品买一?赠一?.3,15款精品超低价抢购活动时间：9月26日至10月11日我要评论",4,3,0.9790216684341431
"黄金购房季之金秋家居打折大盘点之爱依瑞斯项目名称：爱依瑞斯优惠活动：项目名称：班尔奇优惠活动：一、柜体部分1.大亚板柜体全场7折；2.实木柜8.5折；2.KI007，18mm板原价300元/平米现特价178元/平米二、移门部分1.推拉门、隔断门全场7折；2.欧式门8.5折；备注：1、本次活动与店内活动只能二选一；2、五金件、抽屉类不打折；活动时间：10月1日至10月8日项目名称：城外诚优惠活动：首重礼：城外诚购物特惠册，优惠总额达85万元,二重礼：500辆环保电动车寻主人，大奖天天送,三重礼：在城外诚买欧美家具，只需一半钱(5折起)活动时间：9月26日至10月8日项目名称：东方百盛优惠活动：活动一：全场7.9折活动二：满5000元，加100元送阿尔卑斯床垫一张(原价：1200元)9 C3 o7 x+ w- x活动三：凡购满10000元，加200元送夏威夷床垫一张(原价：2800元)次活动不与商场活动同时享受。活动时间：10月1日至10月8日我要评论",4,3,0.9890266060829163
黄金购房季之金秋家居打折大盘点之现代冠军项目名称：现代冠军优惠活动：卫浴钻石6平米套餐原价5304元 现省 1315元 优惠价3989元扣板：300*600碧海银波*16 300*300纳米闪银*27300*300酒红*4电器：照明灯2台 换气扇1台 风暖1台 金色射灯4台辅料：边角哑光钛银边角 5支 赠送实际使用的全部龙骨卫浴铂金6平米套餐原价4096元 现省1075元 优惠价3021元扣板：300*300经典白*56片 300*300西斯廷圣花红*8片电器 照片1台 风暖换气照明浴霸4合1电器 1台辅料：经典白哑光滚涂边角*5支赠送实际使用的全部龙骨卫浴黄金6平米套餐原价：2266元 现省577元 优惠价1709元扣板：300*300葛兰特/卡莱士*52片电器：照明灯1台 灯暖换气1台辅料：经典白哑光滚涂边角*5支赠送实际使用的全部龙骨厨房金牌套餐6平米原价：2596元 现省719元 优惠价1877元扣板：300*300似水流年*16片 300*300经典白*33片 300*600经典白*5片 150*600斑马王子*6片电器：照明灯2台辅料：经典白哑光滚涂边角*5支赠送实际使用的全部龙骨厨房银牌套餐6平米原价：1736元 现省461元 优惠价1275元扣板：150F纳米系列条板(颜色纳米浅红拉丝、经典白)电器：照明灯*2台辅料：经典白哑光滚涂边角*4支赠送实际使用的全部龙骨买赠活动：整单金额(包含扣板、电器)买够不同金额即送多种电器；满2000元送价值800元灯暖换气电器1台满4000元送价值1378元灯暖换气照明浴霸四合一电器1台满6000元送价值2338元五合一顶级电器(即空军1号)满8000元以上，送价值2338元五合一顶级电器(即空军1号)，6000元以上部分直打85折或者可2000元一档赠送以上等条款所指定电器。单品特价优惠：特价单品：150珍珠白 150闪银光 300*300珍珠白 300*300闪银光 均特价优惠68元/平米(含龙骨，边角安装费另计)活动时间：10月1日至10月8日 我要评论,4,3,0.9686785340309143
"黄金购房季之金秋家居打折大盘点之百安居项目名称：百安居优惠活动：瓷砖:10送4,指定品牌88折. 地板:实木复合和强化地板10送2起.卫浴:A.S零售：美标全场满500送50，满2000送260全场抵用券。(特价商品参加)DC:满1000送120满2000送300(8/14促销延期执行，特价商品参加)(与零售不重复).Kohler零售+DC：3000元送300元全场抵用券,装饰:门:满1000直降150元,加送安装;窗:满1000直降100,2000直降300,加送安装吊顶:满1000直降100,加送龙骨送安装.水槽:水槽折扣+link净水(20%):水槽先折扣满1000送400元净水器抵用券,买净水器满1000元用200元.厨房热水器:厨房电器Link橱柜(12.5%):买厨房电器满2000送1000元橱柜抵用券(9.30-10.08),买橱柜满3000元用500元(9.30-10.25);涂料:油漆指定品牌系列买100送40(20元全场券20元软装券) 软装券：窗帘、百页、花灯、墙纸满100用20。活动时间：9月11日至9月30日项目名称：爱格优惠活动：店面全场特价8.N折,小区渠道特推出部分特价商品供大家抢购！,互动抽奖：1、店面抽奖活动：一等奖：美的吸尘器一台二等奖：乐扣大礼包一件三等奖：亚都加湿器一台纪念奖：爱格啤酒一箱2、“畅游爱格德国工厂”活动：单一订单(同一地址)超过15000元或购爱格地板加飞美家具超过15000元的客户，可以参加“买地板，体验爱格欧洲绿色之旅”活动。现场须签订参加“体验爱格欧洲绿色之旅”抽奖活动确认函，双方各持一半。10月25日由我公司组织活动，将购买爱格地板及飞美家具的客户通知到场后，将手中确认函投入奖箱，由组织人员现场抽取。没有到场的将取消参加抽奖资格。活动时间：10月1日-10月18日我要评论",4,3,0.963359534740448
"黄金购房季之金秋家居打折大盘点之马可波罗项目名称：马可波罗优惠活动：1.国庆专供 一降到底 活动期间，马可波罗瓷砖18款厂家国庆专供品，直降到底。7.8元/片起2.华诞特惠 惠通天下 活动期间，马可波罗瓷砖8款国庆特惠品，惠有惊喜。17.64元/片起3.钜惠力献 满100元减51元 活动期间，马可波罗瓷砖瓷片、抛光砖、腰线、花片、小地砖产品(即底价是标价6.5折的产品)满100元直减51元货款(专供品、特惠品不参加此项活动)。4.同庆有礼 满3000元即可享受 活动期间，购买1295、e石代产品满3000元后再购1295、e石代产即可享受8折优惠(雕刻砖，壁饰产品除外)；备注：1. 订单最晚送货日期为2009年12月31日，过期订单恢复原价。2. 订单收取订金最低为30%，促销备案截止10月9日中午12：00；3. 促销订单退补货比率为订单金额的10%，超出部分按即时价补货；4. 闽龙市场马可波罗店面可单独享受购买1295、e石代产品满3000元后再购1295、e石代产即可享受8折优惠(雕刻砖，壁饰产品除外)后满6000元可赠送客户12片CZ6822香槟石活动时间：9月26日至10月8日    项目名称：依诺维绅优惠活动：活动1:BOHEMIAN系列全场75折.活动2:BEBEL系列,指定产品特价活动时间：9月26日至10月19日我要评论",4,3,0.987194836139679
108枚新型导弹将亮相国庆阅兵本报北京9月27日电(记者朱思雄、廖文根)第二炮兵副司令员、阅兵联合指挥部副总指挥于际训中将近日透露，“新中国成立60周年国庆首都阅兵，第二炮兵参阅的5个导弹装备方队由6支导弹劲旅组成，108枚参阅导弹全部是最新型号。”第二炮兵导弹装备方队是第三次在国庆首都阅兵中“亮相”。第一次是1984年国庆35周年阅兵，只有一个装备方队12枚导弹参阅；第二次是1999年国庆50周年阅兵，共有4个装备方队36枚导弹参阅。于际训介绍，第二炮兵今年参加国庆首都阅兵的人员数量之多、装备种类之全、方队规模之大，都是空前的，精良的武器装备将集中展示我军战略威慑核心力量和中远程精确打击力量建设的新发展和新成就。与前两次国庆阅兵相比，武器装备阵容凸现了五大变化——导弹家族更大。此次阅兵呈现在世人面前的导弹武器装备，全部为首次亮相的新型主战武器。其中包括两种不同射程的地地常规导弹，一种常规陆基巡航导弹，一种核常兼备的地地中远程导弹，一种洲际战略核导弹，标志着中国战略导弹武器已由单一型号发展为近程、中程、远程和洲际导弹并存的导弹大家族。导弹身材更小。此次阅兵所展示的5种型号导弹，无论常规导弹还是核导弹，全部采用固体燃料，体现了体积小、本领大的明显特征。导弹威力更强。此次受阅的新型导弹武器，真正实现了隐蔽实施作战准备、突然发起火力突击、快速实施波次转换。导弹精度更高。首次亮相的陆基巡航导弹，能够多发连射、低空飞行、隐蔽突防、精确制导，是实施中远程精确打击的一把利剑。导弹机动更快。此次阅兵亮相的所有导弹装备，全部采用车载发射方式，拉起来就可以跑，到达预定地点后，竖起架子就可以打。在此次国庆首都阅兵中，第二炮兵除展示5支装备方队外，还首次组成学员方队。这个方队由第二炮兵工程学院、第二炮兵指挥学院和第二炮兵士官学校3所院校联合编成。 我要评论,4,7,0.9993576407432556
美国严查海外银行账户 冲击亚裔富二代据台湾《中国时报》报道，美国政府严查境外银行账户，凡有绿卡或公民身份者海外存款超过一万美元，应在10月15日前申报，凡是隐藏海外账户被查获者，美国国税局将予以重罚，甚予以刑事起诉。这项规定冲击到许多亚裔富豪，包括台湾富豪第二代，这些人现在考虑放弃美国公民身份。美国《商业周刊》说，多年来，亚洲富人一直把美国公民身份看成是方便的安全网，不过，成为美国公民有其不利之处，就是有缴税义务，而且不论在国内或海外的收入一律要申报，现在因为美国要清查海外账户，有些富豪为了避税，开始有放弃美国籍的念头。美国国税局早在十多年就有规定，海外存款、证券、共同基金或退休金账户超过一万美元者，均须申报。但这项规定一直未严格执行，直到今年8月瑞银集团(UBS)供出4450个美国富豪逃税名单，海外账户问题再度受到重视。美国国税局特提出一项赦免计划，过去6年有收入但未据实申报者，鼓励在9月23日以前自愿申报，后来因申报人数太多，又延后到10月15日，并郑重表示绝不再延后。凡在10月15日截止前申报海外账户者，须缴纳海外账户过去六年内最高总金额的20%为罚款。隐藏账户被查到者，罚金高达十万美元或账户总值的50%，追查期限超过六年。国税局警告说，逃漏税将不仅面临民事罚金，更可能被刑事起诉，最高判处五年刑期。 我要评论,4,5,0.6958417296409607
刘晓光：国进民退是否会造成新的垄断主持人：下面我们有请首创集团董事长刘晓光先生演讲，他演讲的题目是：国进民退是否造成新的垄断。刘晓光：大家知道改革开放的成果怎么来的，为什么出现社会繁荣，产业大发展，这三十年来小平同志关于改革开放，我们的市场经济理论，民营经济的发展，这些可能都是一些重要的动因，没有谁可以否定的，但是最近确实有一些舆论或者动向，也有一些迹象，有人说金融危机，中国经济之所以风景这边独好，是因为国有经济很强，垄断是有好处的等等说法，我想我做一个简单的思考，一个思考就是关于国进民退在当前的经济条件下主要体现在哪些方面，今天是一个地产的金融年会，我想从几个方面简单做一个分析，首先地产方面是一个充分竞争的市场，就不排除包括央企进入，传统的央企和新的央企进来，这里面我想有一些数据简单的分析一下。一个数据是100多家央企中涉及土地的有16家，1998年住宅市场化之后，中国房地产市场程度比较高了，国企占的市场份额当时并不高，最近十年来，这个份额提高到20%多，最近的情况大家看到了，央企加大了进入房地产行业的力度，不光是央企，还有地方的国企，我们前一段时间开部分的省市投资会的时候，很多公司原来是做电的，或者煤的，去年发生了一些变化，有一些公司做了很多的房地产，他们现在纷纷的进入了房地产的领域，业内很熟悉的很多央企，包括不熟悉的中化、中铁等等，另外从今年以来国进民退来讲，央企拿地比较迅猛，大型的国企拿地将近70万平米(北京)。以万科和保利掀起了新一轮的房地产企业发展模式之争，也是很大的信号，还有一些企业，比如说央企，采取迂回的模式进入房地产领域，从以前上市公司A股前十名来看，60%民营，一两家国有，但是现在来看，60%是国有，两三家混合经济，民营企业很少了。第二个方面，我们原有的传统的通讯、石油、电力、烟草以及公益事业现在是垄断的，现在还是这样的状况，但是以往鼓励的基础设施的产业民营化、市场化，现在这表现为基础设施所有权的国有化的呼声，情况是有一些变化的，原来可以进入的一些基础设施领域，基建的领域，现在慢慢的往回走，金融危机以来大家投入了很多的铁公鸡，大家知道最近关于煤炭的整合，一些矿产资源的整合，可能都是一种信号。第四个方面来讲国有企业金融危机时相对于民营企业仍然能够相对充足的拿到银行信贷的支持，而中小企业和民营企业的情况肯定不一样。这是第一个大的思考关于国进民退中当前的经济情况下体现的方面。在经济危机的情况下，各国政府采取刺激经济的结构会引起私人投资的下降，这种规律从现实来看是一致的。从实践情况来看，社会的公民与效率当前更加偏重公平的问题，在发生经济衰退的情况下，大型的或者垄断的国有企业相对于抵御风险能力大一些，这种状态也提供了客观国进民退的基本条件。第三个问题思考的是关于工业化进程尚未完成的时候，一些大型的特大型的项目建设对一个城市的带动作用更大，所以国家更重视这些东西，比如说当年的二汽进入山区带动了襄樊十堰市，在这些活动中国有的大企业肯定取得了关键和掌控的作用，民营企业是另外一种状态了。还有人提出来，面对改革深入发展的局面，腐败频发，通过对国有大型企业的监督和管理更容易一些等等。我再想，所谓国进民退的情况发生肯定是有客观的条件的，这里面简单的概括一下，在经济增长处于衰退调整的过程中，国家动用整体的手段时会发生这种情况，在组织规划化生产建设时，国有企业更多的进，国家重点解决社会公平时，国有企业进的更快，事实上国进可能是一定历史发展阶段时的一种现象，有时候可能会成为一个时期起主导作用的经济建设。对于国企在地产领域中我也做了简单的分析，我想大量的国企，特别是央企拿了一些地王，进入了这个领域，我想理由很简单，早期国企并不是不想进入地产，但是随着国资委的政策限制可能会有所限制，今天放松了这些东西，国家政策也在鼓励，才大举的进入，2007年的时候央企拿地少一些，08年也没有拿，09年以后现金很充足，加上4万亿的拉动造成了拿地的条件，很多大型国企由于利润的下降增长，随着资本的逐力性而言也进入了地产。地产成为一种抵御通货膨胀，产生快钱的比较好的行业，这些企业没有理由不进，我个人觉得也无可厚非。这里面有一个关于国进民退的思考的问题，就是要有一个合适的度，不能过度，这个是现实的条件产生的，要有一个合适的度，如果我们处理的不好，可能某一些行业形成垄断，产生垄断，还可能产生其他的问题，比如说第一加剧中国经济对投资拉动的进一步的依赖，这种趋势强化，中国经济的转变很难实现。在过去十年内，国家产业的创新、产业结构的提高都是不利的，所谓的二元结构中对于资源的配置效率的提高也有很大的影响，这是产生国进民退的条件。我们三十年改革开放，民营经济的经营定位不可动摇，我的说法是中国经济发展到今天，民营经济的地位不可能被其他的任何经济地位替代。从地产的角度分析一下，这个行业是竞争非常充分的行业，市场的准入门槛很低，市场化程度远远高于电力、石油等等，集中度也很低。另外一种情况国有企业也有资本逐利的要求，无论是民营企业还是国有企业进入都在一定程度上推动着中国城市化的进程，推动中国经济的发展，一方面国字头的很多大公司拿了很多的地王，但是另一方面有很多国有企业大家注意到了，也拿了很多保障性的地块，所以他们就建一些经济适用房，我想从关系上讲，国企、民企在地产领域中相互促进、推动对加速中国的城市化进程肯定有好处的。另外我想从地产角度来讲，民企不会萎缩，还会发展，目前还谈不上在地产界对民营企业的打击，如果国有企业买好地，房价推动，还都是市场的行为，还谈不上一种打压，可能目前了结果出现了一些迹象，比如说民营企业在核心城市，核心地块拿的比较艰难，比如说一级土地开发越来越多的是以国有企业为主体的发生了一些变化。在现代的历史阶段中应该处理好国进民退的关系，国进民退应该是阶段性的产物，而不应该是永久性的产物，但是来讲，我们应该大力的鼓励私有投资推动市场能力的发展，在本次  中国经济在金融危机的影响下率先复出，表现出了国进民退的现象，但是这可能只是一个短暂的阶段，中国的市场经济应该说还不够完善，不够发达，但是鼓励民营企业的发展肯定是今后的方向。当前重要的问题在于，政府应该把握经济复苏和经济振兴相互转换的关节点，促进民营企业的发展，包括目前的私募股权基金，包括小额信贷公司。最后，在国进民退中，有一个度的问题，如果度掌握的不好，可能在老的垄断行业存在的同时会出现一些行业中新的垄断的情况，应该高度重视，因为大家对于垄断实际上很痛恨，从国家的角度来讲，我们思考应该加大反垄断的实施力度，大家对油价的上涨和电信部门的抱怨本质上是对垄断的一种反映，从国际上来讲，对于反垄断的做法也是很多的，从中国的情况包括政策性垄断，资源的垄断，我想可能要解决好的话，民营经济的发展或者保持健康的结构，在反垄断方面也是非常重要的方面，由于题目比较大，政治性很强，我就把自己简单的思考讲了一下，谢谢大家。我要评论,4,7,0.6062613725662231
艺术品及古物市场未受经济衰退影响RICS 英国皇家特许测量师学会艺术品及古物调查报告 ? 2009年第三季 于昨天公布的英国皇家特许测量师学会(RICS)第三季艺术品及古物调查报告指出低息贷款令资金持续流入艺术品及古物市场引致价格上升。 过去三个月总值平均数由百分之七(7%)倍增至百分之十四(14%)，这表示有更多的测量师认为艺术品及古物价格现正上升。从调查的响应看到大约七成的价格会上升，其中高档市场最为强劲。近代艺术品市场则较为疲弱，报告价格下跌的测量师人数比之前增加。今年第二季度报告显示有百分之二十四(24%)的测量师报告近代艺术品市场价格下跌，该比率于今季度增加至百分之三十四(34%)。过去的几个季度近代艺术品市场价格普遍下降，比起去年年初所见到的升幅有强烈的对比。珠宝和银器这两个传统的稳健市场亦见升幅。超过百分之四十四(44%)的测量师指珠宝价格仍然上升，百分之三十七(37%)认为银器价格亦在上升。 属于高档市场的油画及水彩画市场虽然录得负百分之三(-3%)的?增长，但其走势仍然强劲。多出百分之九(9%)的测量师认为艺术品价格及价值超过五万英镑(£50，000)仍正在上升，多出百分之十四(14%)的测量师认为艺术品在五千(£5，000)至五万英镑(£50，000)的价格亦同样正在上升。RICS发言人Chris Ewbank 指:“艺术品及古物市场并未受经济衰退的影响，由于它成为投资者一个投资避难所的选择，加上低利率及过去五年间的价格下调，吸引了资金的流入。整体市场价格都有上升趋势，除了近代艺术品市场在过去的一年间承受了价格的逆转，原因是大部份艺术品市场的投资者现时倾向较保值和低风险的稳健传统市场。最明显可见的是国际拍卖行在过去一年间的营业额大幅下跌，反而小型的拍卖行却渐见活跃。”我要评论,4,1,0.6137308478355408
剩女用五套房当嫁妆征婚(图)一个人在外打拼不容易，而北漂的剩女更不容易，一个女人在外打拼，连对象都不好找。这不，最近网上就有一个北漂剩女开始发帖征婚了，人家的嫁妆还是五套房呢!看她开出的条件，其实并不算很高。奇怪的是，网友都不买账，甚至有网友说:“我光要房不要人行吗?”◎网友发帖5套房当嫁妆，谁能娶我10月13日，论坛上出现了一篇名为《北漂剩女征婚:5套房产作嫁妆，谁能娶我?》的帖子，网友“abch4”说:我今年32岁，河北人，长得一般，有点黑，算是丰满，130多斤。咱是没什么姿色，但是咱不缺票子。北京5套房产就是资本!我主业是做外贸，自己有一个外贸公司。这位网友说，虽然自己身边一直不缺男人 ，但碰到的北京男人、天津男人、上海男人、东北男人等，不是爱吹牛，就是太小气，有的还特别暴力。她只得网上征婚，列出七个条件，说非诚勿扰:1、东北男、北京男、天津男、上海男一律不要，跟以上4个地方有直系或旁系血亲的也不行!2、长得可以不帅，但要干干净净，不能邋里邋遢 ，健美点的更好，纯粹为后代考虑。3、身材高大魁梧 ，178厘米以上，我将近一米六，比例比较合适，女人总是希望有个宽大的肩膀可以依靠。4、年龄30～45岁，事业成不成功不要紧，重点是踏实而且精力旺盛的男人。5、幽默、有情调，对我要温柔，要喜欢女生撒娇，野蛮的都闪边去。6、不能混混，怎么着也得有个5年计划什么的，不是蓝筹股你也得是个绩优股，我可不想花钱买个垃圾股回来。7、有欣赏美的能力，也有看美女的权利，但是在你眼里我才是最美。 ◎网友热议我光要房不要人行吗网友:想男人想疯了吧?tdwl02:先结婚，再制造车祸把她变成植物人，反正她是花钱买婚姻。北京网友:我光要房不要人行吗?人间有真情:这样找到的归宿，也是以房子作为筹码换来的，很难保证以后出现什么状况，真正的爱情不能掺杂太多功利的成分，你这么明目张胆用房子来钓鱼，不知道会是什么结果啊!爱喝白开水:顺其自然，总会遇到好的 ，找不到一个人过也没什么。那么多年不也是这样子过来，单身其实也挺好的。◎记者调查关键看人，房子次要市民夏冬现在算是青漂一族，正在单身中的他，听到这个消息后，觉得这样的事情肯定是网上炒作。“首先，谁有那么多的房产，还放在网上炫耀啊!再说，从照片上看样子，觉得这个女孩也不像她说的那个样子。反正就是感觉不真实，我是不会相信的。”当记者问他假设这个事情是真的话，他说，“虽然我也是打工一族，但是说到婚姻，还是很重要的，我是不会那么儿戏，轻易去选择一个人，或者因为房子而喜欢上一个人 ，要不然咱也不会剩着了，对吧?如果现实中真有这样的一个人，我也要先跟她接触一下，看看这个人适不适合自己，自己喜不喜欢再定，房子的话，是次要因素，关键还是看这个人。”记者就此事咨询了I爱交友网的负责人张旭先生。张旭对此事倒是很能理解 。他说，其实这个女孩的做法是可以理解的。因为商品社会，感情是很难与钱完全独立的 。有钱的剩女要求条件高一些，也是无可厚非的 ，其实说白了，这也可以算是一种资源置换吧。个人追求不一样，你不能说人家的就一定是错的。但是单纯从感情上来说 ，这样的婚姻肯定是不可靠，需要两个人更努力去维持才行。·海选美女百里挑一 富豪征婚先量美女的三围·已婚男老师上网征婚 被指见面当晚强奸女白领·母亲带房产证为博士女儿征婚 指定要找男博士·80后网上贴母亲美艳照片 自称为妈妈征婚 我要评论,4,3,0.9968762397766113
花旗首席经济学家：央行最早明年二季度加息商报讯(记者 崔吕萍)“明年信贷增量将维持在高位，个别月份通胀率将突破4%，预计央行最早在明年二季度加息。”昨日，花旗集团大中华区首席经济学家沈明高昨日在接受本报记者采访时这样表示。9月份新增人民币贷款5167亿元。这一数据高于此前4000亿元的市场预期，而前三季度8.67万亿元的信贷增量预示着全年信贷增量将突破10万亿元，充裕的流动性使市场担心通货膨胀的突然来袭。对此沈明高认为，加息取决于通货膨胀的预期，明年通货膨胀率或达到3.4%(据投研报告显示，今年通胀率也在2%以上)，不排除个别月份出现4%的通胀增长。通胀增长超过4%，加息变成可能。“通胀本身带给市场的影响有限，但由通胀预期带来的市场投机过度激进，直接导致房地产市场、黄金市场被严重炒作。”沈明高表示。与此同时，沈明高认为，中国经济的复苏是流动性推动的复苏。“从今年前三季度人民币贷款增加8.67万亿元趋势推算，预计今年全年信贷增速将实现10万亿元，同比增长33%。明年新增信贷规模仍维持在8万亿到10万亿元之间，同比增长20%到25%。”“信贷规模如果连续两年呈现10%左右的增长速度，将给银行带来极大的资金压力，在这一背景下，银行只能够一面从资本市场‘抽血’，一面为公司提供贷款。”沈明高表示。 我要评论,4,1,0.9672988653182983
80后大学毕业生多蚁族(图)北京大学博士后廉思主编的调查实录《蚁族》出版，将其带入公众视野。有人说，“蚁族”可能成为“像‘知青’那样流行的单词”。“蚁族”不是蚂蚁，却有“高智、弱小、群居”的特征，故得名“蚁族”。他们多是“80后”大学毕业生，虽曾接受高等教育，但收入却很微薄。北京大学博士后廉思主编的《蚁族》将其带入公众视野。近日，记者采访了一群“蚁族”，了解他们的生存状态。文、图/记者徐静 实习生廖宇飞、曾繁莹 通讯员刘晓钰 “蚁族”群体普遍扎根在城中村，那里房租低廉，不少刚毕业的大学生都聚集在此。“蚁族”生活：房租300元自己煮饭。“蚁族”收入微薄，生活能省则省。“城中村里的房子租金少，村子越往深处的越便宜”，住在大学城北亭村的师范类历史学毕业生王林就选择了这种地方，一人住着一间10来平方米的小单间，300元房租，吃饭都是自己打点。“蚁族”工作：收入刚能养活自己。大学毕业生找工作难，很多毕业生第一份工作都是先养活自己再谋发展。广商09届毕业生冰凌说，她的工作是在一个传媒公司广告部做数据统计，跟她所学的信息管理专业基本沾不上边。目前还在试用期，社保、医保由公司承担，她每个月工资只有1600元左右，“仅够养活自己，还来不及报答父母”。“蚁族”心声“我们是打不死的小强”温骁是去年从广商毕业的，他在学校附近租房，十一二平方米的单间，有一个独立卫生间，一个简单的洗手台，旁边有一张床、一张电脑桌和一张茶几。但他坚持不回家发展。“每个人的生活状态都是自己选择的。”他说：“我们是打不死的小强，就这样活着。拼到最后，不管路是怎样。”小黄是增城人，毕业后找到一份工作，做软件。走出校园的他，月收入三千多元，但他还是选择住在棠下的城中村，与人合租。这合租人不是外人，正是小黄的大学宿友。现在，他们3个小伙子就住着一套2房2厅70平方米的套间里，厨房、柜子、洗手间、阳台都齐备。屋子虽大，可租价却相当便宜，每月只要900元。环境简陋，但小黄还是住下。他说，主要是想和宿友继续住在一起，彼此有伴，周末可以一块打球，平日也有个人来侃侃大山，不至于太闷，“不尽然是经济因素，主要是怕寂寞。”小黄乐呵呵地说。专家说法反映高等教育去精英化“蚁族”的出现与高等教育大众化带来的“去精英化”有关，大学生由优势群体转为相对弱势群体。近年来，大学生毕业期待薪酬停滞不前，甚至有下降趋势，便是对此的反映。此外，就业市场、房屋市场也对大学生造成颇大压力。与更早前的大学生不同，现在的大学生难以享受福利分房，要买房的话，毕业生微薄的工资杯水车薪，这也使“蚁族”们只能在城中村等居住条件差的地方居住。“蚁族”的出现也证明“80后”向上流动的机会相对要少，渠道也没那么顺畅，尽管“蚁族”不至于沦为最底层，但在社会地位上却处于“要上不上，要下不下”的尴尬境地。岳经纶中山大学政治与公共事务管理学院教授 我要评论,4,5,0.8698227405548096
银监会：综合授信类个人贷款业务将收紧本报讯记者刘薇报道：银监会周三发布了《个人贷款管理暂行办法(征求意见稿)》，对个人贷款实行支付管理。如果正式出台，这将是我国首部个人贷款管理法规。银行人士表示，总体来看，《暂行办法》对个人贷款业务没有太多新的限定，但细化到银行具体业务，则有一些贷款品种可能会加强审核，收紧门槛，诸如此前非常火爆的综合授信类个人贷款业务。《暂行办法》主要内容是，规定银行不得发放无指定用途的贷款，明确实行贷款人受托支付或借款人自主支付的方式对贷款资金进行管理和控制。重申银行在发放个人贷款时须坚持面谈、面签制度，确保贷款的真实性，以防范虚假按揭等风险。由于办法不针对个人贷款业务品种申请设置额外条件，因此个人获得贷款的门槛并没有被抬高。记者昨日采访多位银行信贷部门人士，他们表示，其实目前大部分个人贷款业务如房贷、车贷等都是实行受托支付，即贷款人根据借款人的提款申请和支付委托，将贷款资金直接支付给符合合同约定用途的借款人交易对象。这样做的好处，一方面能够有效监控贷款按约定用途使用，防范贷款挪用风险；另一方面也可防止“顶冒名”等违规损害借款人利益的行为，切实保护借款人合法权益。如今受《暂行办法》影响较大的，则是市面上一度火爆的个人综合授信类贷款。这类贷款通常表现为“房产一次抵押，贷款额度多次循环使用”，如很受市民欢迎的“循环贷”、“随借随还”等，有的银行在开办这类业务时放得较为宽松，只要首次审核通过，以后的贷款申请甚至可以通过网上银行等自助方式办理，无需再经过相对复杂的审核手续，这就意味着在初次审核通过后，借款人就不用再到银行面谈、面签，便可能获得贷款。“这其中的确存在着无法监控贷款真实去向的可能。”某国有大行支行行长称。而一家股份制银行信贷部门人士则坦言，在《管理办法》出台后，该行相对宽松的审核制度很可能需要作出调整，比如采取措施加强对贷款用途的审查，自助方式也许会取消。 我要评论,4,1,0.9468320608139038
存量房贷7折优惠难取消 楼市或现末班车效应7折房贷利率会不会取消？如果取消，存量7折房贷会不会受牵连？连日来，这些问题困扰着很多购房人。本期财富机会采访多位购房人和银行信贷人士，试图拨开7折房贷政策的迷雾。同时，我们调查了江浙粤二套房贷政策的收紧情况，梳理了购房人可以利用的各种创新房贷产品。近两周以来，“房贷利率7折将取消”的传言伴随寒流在全国各地肆虐。虽然政策尚未明确出台，但“存量房贷是否取消”、“该不该尽快买房”已成为普通市民的心头之惑。部分专家对CBN指出，即使7折利率真的不再实施，从各方反应和可操作性上，已贷款购房者的利率优惠也很难取消。不过，市场传言并非“空穴来风”，有购房计划的刚需购房族可以近期考虑置业计划，以防止政策波动的不利影响。已签贷款合同或保持“听说7折优惠要取消了，那我已经贷款的是不是也不能7折了？”自房贷收紧传言之后，上述问题几乎成为各大房地产谈论的“日经帖”，每天都有购房者心中惶惶，去问自己的银行信贷员、房产中介员或者社会各界人士，答案莫衷一是。昨日，今年置业的李丽拿着自己签署的购房合同对CBN表示，按照合同，7折优惠应该在贷款期内一直保持。该合同关于利率的条款显示：“本合同贷款利率为4.158%，月利率(年利率/12)为0.3465%。即以合同签订日中国人民银行公布的同期同档次贷款基准利率5.94%为基础，按照人民银行的利率政策，在基准利率的基础上，下浮30%，即月利率为0.3465%执行。”并且合同全文并无“如有不可抗力因素”、“若有国家政策调整”之类的免责条款。李丽同时告诉CBN，她在签订合同的时候专门问过银行工作人员，银行工作人员的答复是：就算央行取消7折优惠，已签合同还是按照合同条件执行。除非基准利率变动，否则贷款利率不会改变。而在李本明先生的8.5折购房合同中，具体条款如此显示：“浮动利率，即在基准利率水平上下调15%；该利率自起息日起至贷款本息全部清偿之日止依据利率调整日当日的基准利率及上述下调幅度，在本合同约定的每个利率调整日调整一次。”李本明也告诉CBN记者，当年签订合同的时候，银行信贷员称8.5折优惠是在贷款期内一直有效的。如此看来，按照购房合同的描述，7折利率优惠取消对于存量房贷并无影响。不过，亦有银行人士提出质疑，“如果政策明确说，所有银行都强制取消7折，那谁都没办法。”他举例说，之前7折贷款优惠时，很多8.5折的、全价的合同都去签了7折补充协议，这说明合同也不一定全部能定性的，未必就能根据合同判断不会取消7折优惠。存量贷款取消7折操作性差不过，昨日某国有银行信贷部负责人对CBN分析，从各方反应和政策可操作性的角度看，即使取消7折优惠，也不会追溯既往，只会针对新的贷款发放有效。即使是二套房贷，如果在政策调整前获得7折优惠，也不会取消。该人士表示，从宏观经济的角度上看，央行在利率政策上的大方向是“利率市场化”，最终将由商业银行自己决定利率。如果这次恢复8.5折，反而像是临时政策，而非实施7折优惠。从政府角度上看，恢复存量贷款为8.5折的可操作性也比较差。“央行当然可以发通知说这些合同都不算，但是这么大范围的调整，将影响到千家万户的利益，会引起复杂的法律问题和社会舆论。”从银行的角度上看，利率提高其实并不是银行乐见其成的。“商业银行的竞争越来越激烈，个人房贷在国内基本都是优质贷款，利率虽然不高但也是有利可图的。而且现在银行都把零售业务作为未来的发展方向。”该人士举例说，二套房贷从紧的政策早已下发，但一直执行不力，就是银行的竞争也很激烈，都在抢占个贷市场的大蛋糕。100万贷款多交利息24万当然，在政策出台之前，“7折利率是否取消”谁都无法断然判定。但一旦取消，对于购房者的利益影响是实实在在并且巨大的。以20年期的100万元贷款为例，目前5年以上的贷款基准利率为5.94%，以等额本息还款法计算，按照7折之后的利率即4.16%，每月需还款6144元，支付利息共47.5万元。如果按照8.5折的利率5.05%计算，每月需还款6627元，共支付利息59.1万元。如果是基准利率5.94%的话，每月要还款7130元，共支付利息71.1万元。也就是说，7折利率变成8.5折，每月多交483元，多支付利息11.6万元；7折利率变原价，每月多交986元，多支付利息23.6万元。对于普通购房者来说，这确实是不小的数目。因此有业内专家建议，如果近期确实有购房计划的“刚需”购房者，有合适的房子就尽快出手办贷款了。而昨日，CBN记者以私人身份致电某国有银行个贷审批人员时，该人士表示，该银行没有制定、监管部门也没有下发任何房贷收紧的通知。“但市场传得厉害，你要是办贷款的话就抓紧吧。”该人士说，目前首套房贷还能享受利率7折优惠，二套房贷不仅条件从严，办的难度也比以前大了。据CBN了解，在北京，中国银行、光大银行、北京银行等尚能正常办理住房贷款，有个别银行已经暂停该项业务。而且，能办理房贷的银行在审批条件上更加严苛、放贷时间也有所拉长。大家都赶楼市“末班车”，会不会推动房价的快速上涨？上述国有银行个贷人员称，或有一定幅度的效应，但每个普通人的住房需求和承受能力各不相同，还要从自己的实际情况出发选择适合自己的住房。事实上，接近年末各券商开始纷纷发布报告，预测明年的房地产市场行情，但观点亦分歧较大。 我要评论,4,1,0.6115965247154236
两大原因致部分银行收紧房贷 明年从紧是大方向针对目前因收紧二套房贷而导致买方撤单、房东发怒的种种纠纷，记者走访了沪上的中资银行。银行方面指出，致使二套房贷收紧的主要原因，一是由于银行全年贷款指标基本完成，二是目前房价进一步上涨，楼市出现风险，银行也要“自我调整”。各家银行调整情况不一交通银行从11月1日起调整对二套房的审核标准，由原来的以个人为单位变更为以家庭为单位。记者从静安区各大银行的支行处了解到，工商银行、兴业银行也接到“口头通知”，相继将二套房认定标准框定为 “家庭”，释放出强烈的收紧房贷的信号。“房贷申请超紧，很难拿到贷款。”一些买家抱怨道。由此引发的矛盾日益突出，部分买家因为首付提高，而无力支付房款，中介白忙一场还遭到房东的抱怨。据了解，考虑到这一情况，交通银行将调整二套房审核标准的最后执行日期定在本月15日。 “这是为了避免因贷款政策的突然变化而影响客户的正常买房。比如已经被通知可以贷款七成的客户，如果调整标准，只能贷六成，那可能导致客户无力承担成本而中途退房。”一位交通银行信贷经理告诉记者。进入三季度以来，房贷审批过程变得相当漫长。记者在新闸路石门路附近的中介处了解到， 10月起，各大银行已对申请办理贷款的房屋提出很多要求，如面积小于50平方米或成交总价低于60万元的均不再受理，对房龄的最低要求也提到了15—20年之内。对于 “上海将统一把二套房利率上浮10%”的传言，记者从各大银行尚未得到证实。一家银行房贷部人士表示，可能从央行层面目前没有新政策下发到各商业银行，但不排除各大银行会进行 “自我调整”。买家再度调整买房时机面对五花八门的房产数据，普通消费者只想知道 “房价会不会涨”、“现在该不该出手”。但此次房贷收紧，让一些有改善性住房需求的客户再度望而却步。市民小张说，自己从今年年中开始看房，其中不乏满意的房源，但皆因价格太高而踌躇。本以为年底是成交淡季，可以买房了，却又撞上房贷收紧。 “按照我的情况，以家庭为单位就是二套房了，中介说，如果是上半年，还可以打擦边球，现在就不可能了。小张说，看了半年房子，中介的态度变化也比较明显，年中的时候说可以帮忙 “搞定”房贷，到了三季度要小张自己 “凭本事”去银行申请，现在听了小张的情况后，坚决说： “你不首付四成就不要看房了。”而此前，部分银行在放贷时，如果夫妻一方已有多套房产，欲再购房，银行可允许客户写一份声明，说明自己已还完贷款或已出售房子，无需证明文件，而银行并不对其真实性进行调查；也有利用一些漏洞来规避 “家庭”概念。如，征信系统具有滞后性，有时已有一套房的夫妻再买房时，征信系统若显示这两人“未婚”，银行就会睁一只眼闭一只眼，仍为其提供首套房优惠。但随着银监会的 “严打”，二套房首付四成已是铁板钉钉。 我要评论,4,1,0.9255316853523254
"私募二次抄底 中国楼市难缺钱本报记者 陶盈舟 北京报道当11月4日住房和城乡建设部政策研究中心副主任王珏在接受采访时指出，今年初出台的一系列“楼市优惠”政策很可能将到年底终止时，已经逼近年度高点的楼市再度成为了市场的焦点。很显然，如果按照目前的消息面，无论是契税、营业税的优惠政策取消还是贷款利率的“上涨”，无疑都会对今年提前复苏的房地产市场造成一定程度的影响，从而起到调整房地产市场的作用。然而，现实的情况却并非如此。尽管随后中国房地产协会副会长顾云昌表示，楼市的优惠政策至少要等到12月中央经济会议后才能定调，但各地房价却已经出现了持续走高的现象，在北京东四环的一家新楼盘，记者发现每平米均价已逼近3万元大关，而周边的楼价普遍低于2万，比起新楼盘，各区域二手房市场也出现了交易的高潮，在北京市朝阳区过户大厅，多达2000人的排号验证了楼市一如既往的火爆。“事实上，从目前的情况看，即使优惠政策取消，房地产公司也很难出现2008年那样的情况。”北京一家中型房地产开发企业的管理人士私下向《华夏时报》记者透露，除了由于今年楼市回暖带来的资金缓解之外，银行资金和众多私募基金的集中涌入也是地产公司资金充裕的原因之一，“所以即便是收紧政策，对房地产公司来说影响也不会太大。”中国楼市“难缺钱”令人印象深刻的是，就在年初楼市的“小阳春”来临之前，不少房地产公司还曾因为资金链过度紧张而四处寻找资金濒临倒闭，然而仅仅几个月之后，情况就呈现出相反的态势。北京今年二季度甚至出现了二手房销量远超一手房的壮观局面，同时，曾在2008年出现的开发商捂盘现象也再次上演，事实上，同样在2009年，房地产公司的上市也呈现出扎堆的现象，恒大地产(企业专区,旗下楼盘)、龙湖地产(企业专区,旗下楼盘)(企业专区,旗下楼盘)、万达地产等纷纷传出了上市的消息，11月5日，内地地产公司——恒大地产便在香港联交所主板正式挂牌，一举形成IPO重启以来内地房企赴港上市的最大融资规模。“造成房地产市场的火爆其实很简单，一是国家四万亿经济刺激计划的出台，二是一系列刺激房地产市场的政府优惠措施，特别是针对房地产企业的保证金，等于挽救了一大批濒临倒闭的公司，第三则是购房人的刚需以及私募基金和游资的抄底。”上述人士坦言。根据清科集团的统计，投向房地产行业的私募基金早从2007年开始便流入国内。数据显示，从2007年第一季度到2009年上半年，总计有17只针对亚洲市的私募股权房地产投资基金成功完成募集，涉及募资总额达127.27亿美元，同期，投向中国房地产市场的资金总额达到了90美元，占到了上述额度70%的比例。对此，清科研究中心分析师段宁宁告诉记者，作为资金密集型的产业，房地产行业一向对于资金的需求相对较高，“但是目前中国房地产市场的整体融资渠道依然较窄，主要依靠银行贷款、定金及预付款，等于说银行贷款实际上支撑了房地产开发商经营周转的资金链。”上述人士指出，一旦出现类似2008年的经济波动，那么房地产企业的经营风险将转变为银行的金融风险，进而影响金融安全，所以中国的楼市很难出现真正的“缺钱”。正因如此，在中央尚未出台楼市优惠政策前，众多来自海外的资金已经先知先觉般涌入中国楼市，“仅2009年第一季度就有6起针对中国房地产企业或房地产项目的投资，投资活跃度处于2008年以来的最高点。”这也使得原本应到第二季度才能呈现复苏状态的楼市提前一步走出了低谷。优惠结束前二次抄底根据近一个月来的“政策吹风”，今年出台的二手房营业税、契税的优惠政策以及印花税和土地增值税减免的政策很可能都将在今年年底取消，而一旦银行房贷利率取消7折优惠，更是会对房地产销售市场产生立竿见影的效果。有意思的是，来自各方的观点却几乎一致认为，政策面的影响并不会影响目前房地产市场的回暖趋势。渤海证券研究所分析师周户表示，在即将到来的年底，国内房地产行业预计将呈现金10银11的局面，也就是说成交量将出现继续增长。统计数据显示，近期国内房地产市场的成交量已经连续四周出现环比上升，预计10-12月月均新开工面积较前9个月将增长32%-35.33%，而2009年房地产开发投资将同比增长22.1%。同期，龙湖地产、中信地产纷纷传出赴港上市的消息，其中即将于11月19日挂牌香港的龙湖地产目前国际配售部分已超额认购4倍，仅淡马锡、新加坡政府投资公司、中银集团、平安中国资产管理(香港)和香港置地集团5家基础投资者便合计认购了1.975亿美元，火爆的认购恰恰也印证了分析师的观点。“楼市继续逆市出现火爆的原因之一是流动性的环比收缩将促使开发商加快储备资金，加大推盘的促销力度，另一个就是外汇占款驱动的流动性将刺激房价和房地产行业的继续上涨。”周户如是表示。联合证券也在房地产报告中认为，“供给的释放和投资客的再度入市是成交反弹的两个主要原因。”由于目前大部分城市的二套房贷政策执行明紧暗松，就无形中为投资客提供了宽松的信贷环境，“在强烈的通胀预期下寻求货币保值增值的需求直接加速了投资客的再度入市，促进了楼市的再次活跃。”莫尼塔机构对此也认为，当前部分银行的放贷政策收紧主要是银行自身层面的，贷款额度不多，也不着急放贷，属于一种“趁机涨价”的自然行为，并非政策自上而下的收紧。“因此，这样的收紧程度很可能在年底或者明年年初又可能重新松开。”但无论房地产优惠政策未来走向如何，这种短期内给房地产市场带来压力的情况无疑再次给了投资客和抄底资金二次进入的机会。在清科提供的数据中，记者发现，每年私募股权基金对中国房地产行业的投资均呈现出周期性波动，而下半年历来都是抄底的黄金时间，从2006年开始，下半年不论是投资总额还是投资案例，其总数都高于同期上半年交易资本总量，“那么在今年特殊的政策和经济环境下，二季度基金几乎无法介入，很可能这部分资金会延后到年终时集体流入市场，进行二次抄底。” 我要评论",4,1,0.647944986820221
郭晶晶潮人装现身 卖霍家豪宅欲赚450万(图)刚在全运会捍卫了宝座的跳水皇后郭晶晶，已经适应了频频出席商业秀和高级社交场合的名媛生活。虽然和富豪男友霍启刚的婚事一波三折，如今又要明年再说，她却丝毫不恨嫁，甚至变卖了霍家所赠的百万豪宅，只因物业太多疲于打理。看来名媛郭晶晶下定决心自力更生，毫不担心30岁后变成剩女。 11月12日讯 在10月30日晚，郭晶晶现身上海恒隆广场，以优雅“女王”姿态作为奢侈品牌的领衔嘉宾，成为全场焦点。当日，她为出席活动仅在上海逗留12小时，打着“飞的”匆匆来去。青涩Ball场新女王12小时打飞的捞金虽然郭晶晶出席时尚活动远没有跳台上那么潇洒自如，但经过这几年大大小小众多时尚活动的磨练，郭晶晶的秀场表现频频加分，青涩的门外汉渐入佳境。当日她打头阵为奢侈品牌Fendi走红毯，白色包肩小洋装配银色钉珠手拿包，得体大方，并恰当地遮盖了她因常年游泳而厚实的肩膀及背部，贵妇气场引来闪光灯混战，不少记者私下赞扬：“郭晶晶越来越漂亮了，也越来越会穿衣服了。”郭晶晶也略带得意地介绍：“衣服是我自己选的，我比较喜欢端庄简洁的款式。”虽然郭晶晶的Pose比名模熊黛林和乐基儿略显生涩，换来换去就一两个姿势，对大场面闪光灯阵还有待适应，不过她出场待遇不低。和品牌第三代掌门人合影时，她永远是站在最中心位置的明星，跟大姐大刘嘉玲同级，连天王嫂们都只有靠边的份儿。第一个出场，也是第一个离场，据悉郭晶晶因为要赶回北京训练，活动未结束就从秘密通道离开。回附近酒店换了便装，郭晶晶在助手陪同下直奔机场。当日早上10点，记者目击她刚刚抵沪；不到12个小时，晶晶就赶着最后的飞机匆忙回京，捞金之旅速战速决。私下里没了长枪短炮的关注，郭晶晶要比在秀场上自在许多。离开时，她摘掉了早晨戴着的明星范儿超大墨镜，穿时尚的机车皮衣和短裙、打底裤，手挽着7000大洋的意大利制造Tod’s G-bag，包包上还挂着一只小熊造型的名牌挂件，一身贵气引得不少路人侧目。上午看到有记者在机场拍摄，郭晶晶冷眼相对；晚上离开时，她也不时警觉地到处张望。办完登机手续，她终于松了一口气和助手有说有笑。婚期未定的准豪门媳妇“希望大家多给一点时间”此次再度被记者问及是否考虑进入娱乐圈，郭晶晶明显不如之后进场的刘璇那么如鱼得水，她生硬地回答：“不会。”有没有考虑拍电影？回答也是：“没有。”由于郭晶晶每次回答都比提问短，记者不由得追加一个“为什么”，郭晶晶倒是认真地想了想说：“因为我不会。”与霍家二公子的婚事，也是郭晶晶最烦回答的必答题。之前传出她将在11月中旬，嫁给交往4年、家族资产约900亿元台币的霍启刚，记者一求证，她立即给出一个令气氛迅速尴尬的回答：“这是很私人的事情，希望大家多给我一点时间。”场面一下子冷下来。全运会开始前，郭晶晶已被风传嫁入霍家，年末要举行风光婚礼，成为一代巨贾霍英东的孙媳妇。这个传闻使郭晶晶在全运会上成为刘翔之外最红的焦点人物，每次出席都引得大批记者蜂拥而至，好几次甚至冲破护栏。郭晶晶不得不在夺金后表态：“我跟他感情挺好，我们俩还没探讨过这个问题。我觉得现在这个时代，30岁以后结婚很正常，所以不着急。”总之，郭晶晶宣告暂时不退役、不结婚、不从政。霍启刚虽也曾是风流富豪，不过自从和郭晶晶谈恋爱后相当专一，鲜少绯闻，这让郭晶晶对自己成为霍家媳妇很心定。郭晶晶曾说：“当你做着喜欢的事，而后面有人给予精神支持时，哪怕是一条短信、一个电话都给你莫大鼓舞，你因此会开心地继续做下去。”而霍少让她感动的短信太多了，“我无法挑选，很多人问我霍启刚的事，但很少有人真正去了解他为我的付出。”身价千万的文体新名媛：变卖霍家豪宅聘礼只因懒得打理前不久郭晶晶抛售北京崇文门附近本家润园的房产，让许多人以为这场华人界瞩目的恋情有变，然而10月15日郭晶晶29岁生日，霍公子专程飞到北京为女友庆生，粉碎了谣言。这套房子据说是2006年霍家以300多万元买进送给郭晶晶的聘礼，而以郭晶晶不差钱的身价而言，这套房子不过是她的一个广告收入而已。如今，郭晶晶以452万挂牌出售这套房子，被几经揣测。郭妈妈主动出来爆料称，抛售是因为物业闲置，不便打理。据报道，她和霍启刚恋爱期间，霍家先后送了3套物业给她当礼物，其中最贵的一处是一个北京四合院，市价超一亿。此外，郭晶晶获奥运冠军后，先后获得政府和房地产开发商赠送的多处房产。除了竞技状态保持良好，郭晶晶作为体育明星，吸金能力也超强，拥有牛奶、洗衣液、家电、饼干等多家商业品牌的代言合约在身。2009中国福布斯名人榜上，郭晶晶超越刘翔高居第4位，15家各类广告代言收入超过3000万。显然，豪门名媛的生活最适合未来的郭晶晶，据说她专门练过怎么走台步、摆Pose，如今又开始学英语。训练之余，她有意识地去看一些时尚杂志，了解流行信息。目前，郭晶晶还在中国人民大学学习工商管理专业，为名媛之路铺平基石。 我要评论,4,3,0.9945376515388489
"建行提升首套房贷门槛 二套房利率多家银行7折当下，各家银行的信贷经理们忙乎得有点反常。“成交量不降反升，这不像往年年尾的状况啊。”中信银行二手房贷款客户经理孔艳说，她今年已经做了两个多亿的单子了，没想到临近岁末却还迎来小高峰。“其实都是被房贷7折利率优惠要取消的传言给闹的。”深发展客户经理李先生说。近日，“房贷利率优惠明年或叫停”的报道引起猜测纷纷。随着优惠利率将取消的风声加紧，伟嘉安捷市场主管吴昊告诉《华夏时报》记者，对未来政策的预判性不明，导致不少业主出现急售房产的现象。而业内相关人士则表示：目前政策面并没有文件传达，只是各家银行有自主权依据自身情况决定7折利率是否要取消。建行给首套房贷提高要求记者以购房者身份调查得知，广发、中信、深发展、北京银行对于资质够好的购买二套房的改善性住房客户仍可给到首付四成，利率7折或7.01折的优惠。“我们暂未收紧二套房的利率优惠，购买二套房的客户只要首付40%，属于改善性住房的话还可以申请到7折优惠。”北京银行客户经理赵先生告诉记者。上述中信银行客户经理则对记者表示：只要没什么严重的不良信用记录，在该行申请到7折利率也不会有多大的难度。她最近发放的贷款就有很多都申请到了7折优惠。“但是如果两套房子的月还款额占比家庭总收入超过55%的话，那或许申请就通不过了。”广发银行房贷工作人员告诉记者，该行目前仍可给改善性住房客户申请到7.01折利率优惠。这边二套房还在大给优惠，建设银行却给首套房也提出了要求：首付四成才可以给出7折利率优惠；如果首付两成，只能享受到利率8.5折优惠。“如果是二套房，不属于改善性住房的话，利率肯定是上浮10%的。”建行信贷经理非常肯定地告诉记者。语气变得谨慎的还有招行的信贷经理，他极其巧妙地告诉记者：“如果你资质够好的话，我们也可以申请到下浮30%。”“那能申请到下浮30%的概率是多少？”面对记者的追问，他表示：无法承诺，因为利率随时有收紧的可能。“你争取这个月就把手续办完了，说不定政策哪天说变就变。”工行和深发展客户经理则这样说。贷款审批不过或要付违约金在某广告公司当项目经理的王先生最近有点郁闷，他说，他预订的某小户型因为没有办法贷到八成，最终只得放弃购买了。最终他无奈地从开发商那里把预交的定金取了回来，“还好，这不是因为我的原因造成的无法成交，不用给开发商违约金。”而记者了解到，在二手房过户过程中，买卖双方也会有一个补充协议，买方也需要向卖方支付一定的定金，如果因为买方原因导致交易无法完成，买方须向卖方支付双倍定金的违约金。“主要还是看双方的补充协议是怎么定的，如果因为贷款申请不能通过导致交易无法完成的约定，付违约金的情况也是会存在的。”吴昊告诉记者，这种情况下，买方就只能支付全款来购买房屋了。“所以还是双方的协议要沟通、约定好。”而据某网站的调查显示：已经买房或是准备买房的网友中，九成以上的人选择贷款购房，仅有6.85%的网友全款付清。吴昊表示：如果买方因为信审未能通过贷款审批，而又无法全额付清房款的话，那么就只能“撤单”。“中介公司这时候是没有任何费用产生的，只是交易成功后要收房款总价2.5%的服务费。”八成网友持观望态度 结合“房贷利率优惠明年或叫停”报道的种种猜测，某网站推出的“住房贷款意愿调查”显示：67.12%的网友认为住房信贷政策变化对自身购房有影响；面对住房信贷全面收紧的可能，79.45%的网友选择“继续观望，静观其变”，只有20.55%的网友则“不再观望，果断出手”。“取消只是迟早的事情，因为现在房市已经过热了，国家要求开发商降价也不现实，所以只有通过一些政策的微调来对市场进行调整。”某商业银行消费金融中心工作人员对记者表示，“但是我觉得或许还是老人老办法，新人新办法。不过因为利率优惠而去抢这个时间却不见得可取。虽说大跌不可能，但是调整总是会有的。”而11月5日，住房和城乡建设部政策研究中心副主任王珏林在接受媒体采访时表示：鉴于目前经济回暖、房地产市场向好的形势，去年出台的一系列楼市优惠政策有可能在年底到期终止。北京市理财规划师协会会长、北京东方华尔金融咨询有限责任公司总裁刘彦斌也撰文指出：第一套房贷的7折优惠利率取消是早晚的事情。其原因是：实行7折优惠利率是政府的临时性措施,目的是为了刺激房屋购买，现在基本达到目的。再者因为贷款利率是根据央行的基准利率逐年浮动，目前又是利率低点未来是上升趋势等原因，所以该买房的还要买房,该还贷的还要还贷，利率不是买房的决定性因素。“贷款买房的人在买房时,就应该考虑到利率上升的因素,来计算自己的偿还能力。”而来自 “伟嘉安捷”的消息表明，以往多数业主不愿意接受购房人使用公积金贷款，因为公积金流程慢于商业贷款，会影响业主拿到房款的时间，而如今多数业主出于对政策未知的考虑，大部分人同意购房人使用公积金贷款买房，这也是导致公积金贷款交易量有所上升的重要因素之一。伟嘉安捷指出，其实在借款人资料准备齐全且配合办理的情况下，一般10个工作日左右即可完成批贷、放款。我要评论",4,1,0.9672620296478271
曾荫权担心资产价格升幅过急导致另一次危机十一月十三日，亚太经济合作组织(APEC)工商领袖峰会(CEO Summit)在新加坡新达城国际会展中心揭幕。香港特区行政长官曾荫权当日上午参与大会的对话发言。 中新社发 郑祚声 摄中新网11月14日电据香港大公报报道，正在新加坡出席亚太经合组织会议的行政长官曾荫权表示，美国的低利率政策已导致美元利差交易出现，令资金流向其它地方，助长投机活动。他担心一旦资产价格升幅过急，将可能导致另一次资产泡沫危机，因此各地政府应加强监察及合作。曾荫权说，香港经历九七年金融风暴后，已优化银行、金融和借贷制度，有信心香港能够在金融海啸后加快经济复苏。曾荫权昨日在APEC工商领导人峰会一场有关“规管金融及全球增长”座谈会上表示，上世纪八十年代末，日本为应付经济衰退，实施零利率政策，令资金因而流向亚洲其它地区。当时亚洲国家和地区未有留意热钱流动及资产价格上升至危险水平，结果引发亚洲金融风暴。曾荫权指出，目前美国低利率政策与当年日本情况相若，因为美元利差交易已导致资金流向其它地方。他说，“钱流到哪里，问题就在哪里”，目前在亚洲多个地区，包括韩国、中国台湾、新加坡和中国香港等，资产价格再度上涨，甚至资产价格的水平已与基本面不相称。他担心资产价格升幅过急，将有机会导致另一次资产泡沫危机，希望政府及企业界保持警戒，而各地政府应加强监察和合作。去年九月底美国爆发金融海啸，并快速蔓延至全球各个经济体系，不少国家或地区迄今复苏速度十分缓慢。曾荫权说，香港与亚洲各经济体一样，在九七年金融风暴一役累积了经验，并且优化了银行、金融和借贷制度，包括限制股票市场无货沽空、增加市场透明度、在促进市场发展及保障投资者之间取得平衡等，因此金融海啸爆发以来，香港的复苏速度较不少地区快，银行体系亦没有受到重大冲击，显示香港的规管具有一定成效。曾荫权表示，香港将会参考各经济体处理金融危机的经验，继续对抗金融海啸，有信心能够加快经济复苏步伐。不过，他说，香港必须留意可能出现资产泡沫，而金融危机的其中一个启示，就是不能过分依赖单一行业，所以施政报告提出发展六项优势产业。 我要评论,4,7,0.8763197064399719
"周迅财商度评分70(组图)评语:综合实力较强,但往往无心恋战 去年福建泉州市地税局透露,全年有20多位演艺明星在泉州市缴纳个人所得税,其中“冠军”是周迅,单笔税款就达31.3万元;而其处女大碟《夏天》一上市即突破3万张大关;随后,打印机、手机、糖果、洗发水厂商纷纷找上她,据悉每支广告报价都从7位数开始;新片《美人依旧》、《买办之家》、《恋爱中的宝贝》相继上档……周迅当上小富婆恐怕在很多人的意料之中。 只是钱到了她手里怎么花还真是件难事,因为她个性有点男孩气,平时连零食都懒得吃,穿衣服也不像同龄女孩那么挑剔,喜欢一些中档的休闲品牌,比如ISZUE、无印良品等。花钱最多也就是出席一些重要的活动,因为自己的尺寸比较小,一般得找设计师定做服装。 在经历了娱乐圈的风风雨雨后,在经历了情路的坎坷后,如今周迅终于找到了一位知心爱人,两人还将一起搬进那栋豪华的别墅——足够容纳30人开派对的大厅、绝对私人的游泳池、宽敞的屋后花园及网球场。无论是占地面积还是豪华程度,周迅、李大齐的爱巢都能媲美“鹏菲”俩耗资千万、用来相夫教女的“晴翠园 (论坛 相册 户型 样板间 地图搜索)”。 评委评语:被动型选手,防守能力较强,但缺乏主动出击的意识。 除了成为福布斯内地第一富姐,最近关于巩俐的新闻炒得最热的莫过于,16年前电视处女作片酬200元人民币与如今动辄200万广告身价的极大反差。据说当时还是中戏表演系三年级学生的她一件白衬衫配上蓝色牛仔裤的休闲造型,把学生时代的清纯模样展现得淋漓尽致。当年的她服装不少是在广州买的地摊货,一件只值几元钱。这样的当年虽落魄倒也落个清静自由,如今有了钱,怎么打理还真成了大学问:白衬衣、牛仔裤不能再随便穿了,否则2001年百花奖领奖台上的这身打扮也不会招来那么多非议;广告也不能接太多了,否则人家怀疑你老公下岗,靠你一个养家糊口…… 单靠房子升值,估计巩俐这辈子不干活也能养活自己了,当然前提是得节俭着点用。十年前公开价为5000元/平方米的房子,如今早已经涨到了一万多,购置房产搞投资的确是不错的选择。只是这片号称北京首家高档涉外的别墅区,不是一般老百姓所能够接触,十多年前就已经是响誉国际的巩俐当然除外。 评委评语:力量型选手,攻击力强,但进攻套路比较简单。 9岁时孤身来到北京和奶奶一起生活的她,在1995年写下了歌曲《喜玛拉雅》,奶奶拿出卖冰棍积攒的3万多块钱帮她拍了MTV,从此走上成名之路。艰难的成长经历给了她实打实的个性,如今专辑卖得再多、演唱会开得再火,该交给国家的钱还得交:前两年到呼和浩特演出就跟人家刘欢比着交税;去年底北京演唱会光门票收入就是200万也一样谁都不瞒。直到2000年她还住着集体宿舍,手边有了闲钱第一个想到的还是收养孤儿。 评委评语:综合实力较强,但不善于观察对手,容易一味陷入自己的套路中。 陈琳说音乐对自己来说就是一份喜欢的职业,而且它可以养活自己。有报道称,她的吉它由大师特制,价值2万多元。而像这样的吉它她共有4把,平时演出总带两把在身边,另外还有演出的麦克风和小型设备都是自己带的,每场演出的设备费用都要40余万元,是国内歌手中最高的一个。只可惜英年早逝。 评委评语:不适合参与专业性比赛,容易被对手误伤。 那英生性豪爽,赚得多也花得多。1992年夏天,她和姐姐那辛在北京民族宫附近的太平桥大街投资20多万元,开起了饭店,回头客挺多,盈利却不大,原来那英经常带一帮朋友免费吃喝,其他客人也都攀比:“既然来吃饭就是朋友,是朋友就该免单。”那英生性豪爽,最受不了斤斤计较,索性全免,弄得那辛哭笑不得。至今,那英这个能花钱的毛病,也没能改过来,“经常是挣的没有花的多,三花两花就花没了! 1995年,那英摆脱“山沟沟里头山不转水转”的状态,凭着专辑《白天不懂夜的黑》(尤其是其中单曲《雾里看花》)开始真正的走红。而同时,她还认识了生命中的男人高峰。 从此,那英的专辑越卖越好,钱越赚越多,房子也越买越多、越买越贵,十年下来,置业七处。最近的一次,她豪掷3000多万元,购置了毗邻东四环的目前北京最顶级的豪华别墅,比王菲的晴翠园别墅面积和价位都要高出1倍以上,无意中竟使自己成为娱乐圈明星中的“住房领袖”。 (媒体来源：中华室内设计网) 我要评论",4,2,0.8600757122039795
 盘点全球10个最环保城市之三波特兰特点：绿色建筑、发展轻轨波特兰是美国第一个将节能减排作为一项法律推行的城市。除了“绿色建筑中心”，该城市还大力推行环保交通工具，轻轨、巴士和自行车是波特兰市民主要的出行工具。为了鼓励更多市民选择亲近自然的生活方式，波特兰市政府在城内开辟了近56万亩的绿地以及长为120公里、供市民散步和骑脚踏车的专用道。新加坡特点：“零能耗”建筑作为亚洲的“花园城市”，新加坡在环保方面的努力一直有目共睹，长达12年的口香糖进口禁止令就是例证。2009年，新加坡第一座“零能耗”建筑也将竣工。这座由旧楼改造的建筑，能源利用率将比常规建筑高60%，屋顶采用总面积达1300平方米的太阳能板供电，并与公共电力网相连，可做到电力的互相补充，内部还装有感应器，能自动调节室内的冷气系统。多伦多多伦多特点：LED照明系统、深层湖水冷却系统早在2002年，多伦多为解决“热岛效应”(由于城市化发展，导致城市中的气温高于外围郊区的现象)，就已开始在城市建筑的屋顶种上绿色植物，改善环境质量。去年，多伦多宣布将用LED照明系统取代传统灯泡和霓虹光管，以节省用电，在维护夜景的同时，减少城市的光污染。此外，多伦多市的一些建筑将利用安大略湖的湖水冷却降温，以缓解电力供应。  我要评论,4,5,0.9977526068687439
上海迪士尼面积大幅缩水 116公顷将是全球最小前天，发改委于其网站上宣布，正式批复核准上海迪士尼乐园项目。该项目由中方公司和美方公司共同投资建设。项目建设地址位于上海市浦东新区川沙新镇，占地116公顷。项目建设内容包括游乐区、后勤配套区、公共事业区和一个停车场。值得注意的是，发改委批准的上海迪士尼项目仅占地116公顷即1740亩，与此前新华社的报道:“上海迪士尼主题乐园及配套设施区域首期规划开发面积约4平方公里(6000亩)”相差甚大，缩水71%，超过2/3。发改委网站首提“上海迪士尼”国家发改委公布“上海迪士尼乐园项目通过核准”，全文共120余字，内容为“2009年10月，经报请国务院同意，我委正式批复核准上海迪士尼乐园项目。该项目由中方公司和美方公司共同投资建设。项目建设地址位于上海市浦东新区川沙新镇，占地116公顷。项目建设内容包括游乐区、后勤配套区、公共事业区和一个停车场。”这是国家发改委网站首次以官方形式提到“上海迪士尼”。该则信息来源为社会发展司子网站。记者电话联系国家发改委社会发展司，求证116公顷是整个项目用地面积还是先期开发面积，工作人员称，“（上海迪士尼）项目占地116公顷。”记者追问这是不是一期占地面积，接着还会有二期、三期。工作人员表示：“不清楚你所说的一期、二期、三期，这就是项目占地面积。”国家发改委社会发展司也不愿提供具体的规划图，只说“项目建设地址位于川沙新镇”。国家发改委网站称“项目由中方公司和美方公司共同投资建设”，那么，谁将代表上海市政府成为上海迪士尼项目的投资人呢？之前有消息称，迪士尼中方公司为上海陆家嘴文化发展有限公司，由陆家嘴集团、川沙镇、上海广电集团等共同出资100亿元组建，而川沙镇可能以土地折价入股。记者向浦东新区政府和“上海迪士尼办公室”求证此事，均未得到答案。比香港迪士尼还小？根据换算，116公顷大约为1740亩，116万平方米，以标准足球场100米×80米规格计算，上海迪士尼乐园项目面积相当于145个足球场那么大。以上海的人民广场面积（约14万平方米）为标准，上海迪士尼乐园项目面积相当于8.2个人民广场。上海迪士尼是亚洲第三个、世界第六个迪士尼乐园，但比现在全球最小的迪士乐园香港迪士尼乐园（扩建后）126公顷还小，如果以此推算，上海迪士尼乐园将成全球最“迷你”的迪士尼乐园。但上海迪士尼乐园项目比目前上海欢乐谷面积（占地面积90公顷）大近30%。此前还有媒体报道，上海迪斯尼将是世界上最大的迪斯尼乐园，结果通过审批的面积如此之小出乎所有人的意料，远远小于顾村公园的占地面积，甚至比世纪公园还要小。世纪公园是上海最大的富有自然特征的生态城市公园，占地140.3公顷。顾村公园规划总用地约430多公顷，试开园部分是一期内已建成的70公顷区域，主要有8万平方米大草坪、2万多平方米荷花淀和栽种4000多株樱花树的樱花林等景观，门票暂定10元。知情人士透露:116公顷仅指主题乐园核心区域继本月初上海市政府宣布上海迪士尼乐园项目获中央有关部门核准后，国家发改委昨天又出公告披露，上海迪士尼乐园项目建设地址位于上海市浦东新区川沙新镇，占地116公顷。项目由中方公司和美方公司共同投资建设，建设内容包括游乐区、后勤配套区、公共事业区和一个停车场。由于此前有媒体披露上海迪士尼乐园项目的征地规模逾6000亩（逾400公顷），发改委核准的占地面积似乎少了不少。此前还有媒体报道称，上海将兴建全球最大的迪士尼项目，但依照目前已经披露的乐园占地面积来看，上海迪士尼连香港迪士尼（扩建后）的126公顷都未超过。上海迪士尼是亚洲第三个、世界第六个迪士尼乐园，比现在全球最小的迪士乐园——香港迪士尼乐园（扩建后）还小，以此推算，上海迪士尼乐园将成全球最“袖珍”的迪士尼乐园。不过有关人士表示，此次核准披露的仅指乐园的核心区域，外围还将建设大量配套项目。今年9月4日，上海市规划和国土资源管理局网站挂出征地公告，显示批准了实为迪士尼乐园项目一期预留地的川沙新镇A-1地块为土地储备项目，征地范围西至A2、北至A1高速公路，公告甚至透露东、南边界为二、三期建设用地。征地项目涉及59家被征地单位，总面积约409公顷。虽然预留地的范围大大超过发改委此次公告核准的土地规模，但知情人士透露，发改委核准的这1平方公里多为主要核心区域，指的仅是主题乐园部分，“一期至少还包括1个酒店和1个大型购物中心，以及绿化、水面、交通设施、商业餐饮、宾馆住宿等配套服务设施，约占地390万平方米。”有关人士表示，考虑到土地储备等前期工作的开展，上海迪士尼项目或采取滚动开发的模式，不断由116公顷的核心区域向外延伸，并非只是目前所看到的116公顷，全球最“袖珍”迪士尼一说下定论为时尚早。另有媒体称，如果再算上二期和三期，上海迪士尼项目的整体范围将有望延展至近千公顷。链接香港迪士尼扩建在即在18日香港迪士尼乐园举行的“小小世界过圣诞”亮灯仪式上，香港迪士尼乐园度假区行政总裁金民豪表示，香港迪士尼扩建工程最快于年底前动工，相信所有工程可如期于2014年完成。2014年也大约是上海迪士尼乐园开门迎客的时间，美国迪士尼公司早前的声明显示，上海迪士尼主题乐园将会包括一个“奇妙王国”主题乐园，并会加入迎合上海市场的元素，预计2014年落成。新闻延伸香港迪士尼运营逊于预期园区规模是其最主要瓶颈迪士尼落户上海的消息发布后，香港迪士尼的前景备受各方瞩目。近日香港迪士尼乐园行政总裁金民豪接受新华社记者采访时表示，香港迪士尼不惧竞争，乐园扩建后面积将增加23％，而且会突出个性，以全球独有的主题园区迎接挑战。自2005年9月开园以来，香港迪士尼的运营状况逊于预期。截至今年5月底累计接待游客1700多万人次，低于1999年香港特区政府的预期近一成；年回报率超过10％，亦与当时预期的25％相距甚远。园区规模或许是香港迪士尼面临的最主要瓶颈。香港版迪士尼王国占地126公顷，面积是全球5个迪士尼乐园中最小的一个，2006年春节竟因游客集中出现过“拒客”的情况，其面积之小、承载能力之不足可见一斑。金民豪表示，香港迪士尼要想成功，扩建是关键的一步。按照扩建计划，香港迪士尼乐园将在5年内增建3个主题区，占地面积增加23％，游客接待能力将大大提高；而新增的约30个游乐设施中的大部分将加入冒险刺激元素，以吸引更多青少年入园。香港迪士尼扩建计划特别强调独特性。在新增的3个主题区“野矿山谷”“迷离庄园”和“?斗奇兵历奇地带”中，前两个均为全球独有，第3个则是亚洲独有。金民豪表示，乐园的扩建工程最快于今年底动工，相信所有工程可在2014年如期完成。新闻链接二级市场中，前天下午迪士尼股集体上扬，但走势却有明显分化:豫园商城带动板块的商业股集体大涨，但界龙实业、外高桥的上涨幅度却相对有限。尽管随后媒体有消息称116公顷只是一期用地，未来将视人流、盈利状况申请扩大，但这已经令概念中的地产股顿然失去了上涨的动力。业内人士认为，前期反复炒作，令相关建设类个股处于较高的估值水平，加之迪士尼获批结果低于预期，短期内这些个股难有明显起色。“对于因在迪士尼项目周边拥有地块而被炒作的股票，这已经是‘利好出尽’，其炒作动力已减弱。”兴业证券分析师表示，后市应持续关注上海迪士尼项目的后续投资效应，及项目建成后的消费效应，如上海的商业零售、旅游酒店、娱乐传媒等现代消费服务业的相关个股等。上海迪士尼历程：2002年7月 迪斯尼公司对外公布了将在上海建立一个主题公园的消息。2002年10月 据有关部门透露，迪斯尼与上海市政府由于在合作条件上出现分歧，谈判正陷入僵局。迪斯尼已经放弃了在上海兴建迪斯尼主题公园的计划。2005年07月 据报道，迪斯尼已选址在上海开设中国第二个乐园，占地约6平方公里，是香港迪斯尼的4.7倍，将会在2010年上海世博会前开幕。2006年02月 迪斯尼首次证实与上海政府磋商在沪建主题公园。2007年12月 媒体报道，上海迪斯尼项目已悄然重启，将于2010年世博会后开工建设，投资金额也将由原先的300亿元增加到400亿元。各方随即否认传言。2008年06月 香港《文汇报》报道上海迪斯尼项目“尘埃落定”，有关消息将于北京奥运会前后正式对外公布，但上海和迪斯尼双双否认在上海建园项目获批。2009年1月 美国华特迪斯尼公司正式宣布，计划联同上海市政府，在浦东兴建全球第6个迪斯尼乐园。迪斯尼公司现正拟定一份申请报告，将提交中国政府审批。我要评论,4,9,0.4271291494369507
迪拜危机启示录：空中楼阁迟早要倒塌美国拉斯维加斯，又一家奢侈至极的酒店在这个“罪恶之城”绽放。但此次，相较酒店豪华的各种天价服务和开幕典礼上的好莱坞群星璀璨外，似乎其幕后的主人更吸引人们的眼球--迪拜世界。仅仅一周前，迪拜世界这个名词牵动了世界每个角落的神经。11月25日，迪拜主权财富基金迪拜世界宣布，暂缓偿还债务。根据评级机构穆迪的估算，迪拜的债务预计接近1000亿美元。巨大的数额勾起了人们对去年雷曼兄弟倒闭以来那波汹涌澎湃的国际金融危机的回忆。汇丰、渣打、巴克莱、苏格兰皇家银行等在内的多家银行涉及在内。人们开始担心，我国是否也会因此受到波及。庆幸的是，国内几大商业银行随即申明表示，没有涉及迪拜世界、迪拜政府和其他相关迪拜主权基金及机构发行的债权。有所涉及的，比例也相当的小。记者致电多家研究所银行业分析师，均表示认为此事对国内银行业影响不大，目前没有特别关注。因此，公众的目光从银行投向了导致其债务根源的房地产业。迪拜世界的房产项目，现在已经成为了全世界最大的烂尾楼。而就在这债务问题凸显的时刻，其旗下的“重型”项目却闪亮登场。“城市中心”酒店的开幕，似乎使得地产行业最尴尬的一面展现在了公众眼中。反观我国的地产行业，近期拍卖地王频现，房屋交易价格再次飙升，种种迹象也让人们对其产生了许多担忧。有专家对记者表示，在高速成长时期，楼价和地价互相推动的背后，是资金的不断流入。在那些光鲜的大楼后被后默默支撑的是债券、贷款等各种负债工具。一个原本是沙漠中人口只有十几万的小城，在几乎没有任何实业的基础上，居然吸引了世界上各方的资金，建成了一个人口上百万的豪华都市。房地产市场的巨大利益诱惑在其中占据了重大的因素。不断高涨的楼市，加上免税的便利，使得国际游资疯狂涌入。在聚集了巨大资金后，其所投资的项目遍布世界，美国这次的拉斯维加斯“城市中心”项目，迪拜世界就砸了近50亿美元。这种推动与反推动作用，给予了人们一个璀璨的迪拜，但当问题暴露，留下的却是满目疮痍。“迪拜危机对我们而言更多的是警示作用。”中国社科院金融研究所中国经济评价中心主任刘煜辉在接受《证券日报》记者采访时如此表示。他认为，目前为止迪拜危机对我国银行业的影响不多，但由于有过全球金融危机的影响，心理上的波动是会有的。此外，刘煜辉还告诉记者，任何以过度负债支撑起来的价格上涨或资产泡沫都是需要高度警惕。因为一旦泡沫破裂，就会带来破坏性较强的连锁反应。相信通过这次迪拜危机的警示，国内更多的行业会关注本行业内的负债和泡沫，对于投机性行为和高风险项目将会更加冷静。我要评论,4,9,0.49843522906303406
"温州商人迪拜沦陷记提要：当海水退潮时，才知道谁在裸泳。如今，在迪拜的温州商人就面临这种尴尬。席卷全球的金融危机使其遭受重创，不期而遇的迪拜世界公司债务危机，又使他们的生意、投资雪上加霜。陈周锡/文当海水退潮时，才知道谁在裸泳。如今，在迪拜的温州商人 （下文简称“温商”）就面临这种尴尬。席卷全球的金融危机使其遭受重创，不期而遇的迪拜世界公司债务危机，又使他们的生意、投资雪上加霜。多位在迪拜经商、投资的温商，日前在接受本报记者采访时说，他们的生意开始企稳回升，但交易额仍只有去年同期的40％至70％，“大家都在撑着，等待经济转好。”同时，前几年一窝蜂去炒房，几乎在迪拜人均一套房的温商，正忍受着房地产市值大缩水带来的煎熬。一位迪拜温商说，迪拜世界公司的债务危机，将会使当地经济复苏放缓，“之前有所回升的市场信心，又好像一下子被击碎了，这将直接影响到中国商人。”有“中东门户”之称的迪拜，辐射亚、欧、非三大洲，是中东地区最大的贸易集散地，也是中国商人在海外的重要据点之一。在这里，据说现有十五六万中国人，其中温商就约占10％。据统计，中国对阿联酋的出口总额，由2000年的20亿美元剧增到2008年的282亿美元，中东已成为中国外贸产品的新兴市场，温商在其中功不可没。然而，这个中国最为活跃的商人群体，却在今年市场的潮落中损失最为惨重。从俄罗斯灰色清关，到山西煤改事件,再到迪拜炒房被套，备受争议的温州资本“屋漏偏逢连夜雨”。阿联酋温州商会会长、亚洲商务卫视董事长、华星集团董事长王伟胜说：“我们都需要反思”。商贸起家在第一批到迪拜温商的介绍下，1998年王伟胜到迪拜进行考察，去之前他对这里并没有抱多大希望，“如果不行，就当一次出国旅游。”考察中，迪拜开放的商业环境很快就吸引了他，自由港迪拜只有5％的消费税，且位处欧、亚、非中转贸易的交叉点，拥有得天独厚的地理位置。“当时，在迪拜做生意的温州人还不多，那时还是日韩、伊朗、印巴商人的天下。”与大多初入迪拜的温商一样，刚开始王伟胜也以转口贸易为主，随后他的服装生意一度辐射整个中东甚至北非地区。这时，中国取代日本成为阿联酋最大商品进口国。2003年，王伟胜把业务扩展到鞋子、家具、床上用品等，成为不少国内厂家在阿联酋、中东地区的总代理，后来他成立了华星集团。事实上，从2000年开始，在迪拜政府宣传下，温州、义乌、福建等地贸易商蜂拥而入，主要销售五金电器、皮鞋、箱包、打火机、灯具等商品。随后，迪拜相继出现了中国建材城、鞋城、眼镜城，以及2004年中国人建的上千个摊位的迪拜龙城，主要为华人提供商铺租赁。随之而来的是竞争。2004年，王伟胜的生意开始走下坡路，“尽管销量还比较好做，但利润已急剧下降”。王伟胜说，在高度竞争下，商贸的不确定性还是让他感觉到不安定。与他同期进入迪拜的温商，开始酝酿多行业投资或转战他国市场，其中不少人将目光锁定房地产。2005年，王伟胜也买了几处房产，同时创办了阿联酋迪拜华人网，给前去中东淘金的华人提供贸易方便，后来成为中东最大的中文门户网站。随后几年，大量中国产品，仍源源不断地通过迪拜输往亚、非、欧。王伟胜说，这些产品还是以中低档的小商品为主，之间的价格竞争比之前更加激烈，一件商品赚几毛钱极为常见。而在大型超市、商场里，几乎看不到打中国牌子的产品，“实际上很多产品也是中国制造，只不过贴的都是别人的牌子，可见中国产业的转型升级任务有多艰难。”去年8月美国金融危机开始时，迪拜温商还在“隔岸观火”地说，我们没有影响。然而，三四个月过去，他们才意识到危机的严重性——外商集体失踪、生意一落千丈，“火烧连营”已不能自救。今年初，恰在农历春节前夕，迪拜港的货物堆积如山，温州经销商大量甩货，“还有的企业负责人，赶往迪拜为经销商甩货。”迪拜温州商会会长陈志远说，目前甩货只是极个别现象，从今年三季度开始，迪拜外贸稳中有升，虽然迪拜世界公司债务危机会影响华商信心，但对贸易不会产生很大影响。尽管如此，迪拜世界公司债务危机发生之后，迪拜城内龙城等几条批发商业街道的租金在债务危机爆发后下跌10％。一直不打折的迪拜七星级帆船酒店暗地里推出促销活动，房型170平方米的单卧豪华套房，每间夜售价现为1210美元，约为门市价2951美元的4折。颇具知名度的亚特兰迪斯五星级酒店，最近也打出了亲情价招徕顾客。迪拜旅游公司负责人李明说，今年9月阿联酋正式成为中国公民组团出境旅游的目的地，“即使这样，除初开通时的几批游客外，之后游客一直比较少。”据统计，8月份，迪拜出境游同比下降32％，入境游同比下降45％。李明说，今年6月迪拜官方公布，市场上有14万张空头支票，“有些商人的资金流紧张，甚至消失得无影无踪。”他认为，迪拜世界公司债务危机将使迪拜贸易复苏至少推迟一年。有人动手了在贸易中实现原始资本积累后，很多温商开始把投资目光转向房地产。2000年，迪拜允许卖房给外国人，这意味着外国人不仅可以拥有永久产权的房产，还能拥有永久产权的土地。一位在迪拜从事房地产中介的黄姓温商说，出于经商便利考虑，少数人在当地买了房子，起初的投资味道并不重。从2003年开始，与国内房地产价格高涨一样，迪拜的楼市也在一路看涨，于是一些寻求资本突围的迪拜温商开始大量买房，2005年前后王伟胜也买了几处房产。从2006年开始，温商开始在迪拜炒房。王伟胜说，当时不少温州的亲朋好友闻讯赶来，大家筹集资金组成“银团”，用团购价买一栋楼或整层房。然后选出“董事长”，由他决定何时出货，赚得利润按资金比例分摊。一旦出现亏损，银团会召开“董事会”，集体决定何时出货及出货价格。“炒楼是大家合伙做生意，这种投资关系建立在信用基础上，有赚也有赔这很正常。”这种在国内多见的温州炒房方式，也在迪拜找到了生存的土壤。在迪拜，购房者多为看图买房，首付定金为房款的5％，两个月后再续交20％、签订购房合同。于是，大量投机商在两个月时间里，只要用5％房款就可赚到一倍以上的利润，当时因为在迪拜炒房，一年赚两三百万元的温州人不少。但也有一些实力型温商，选择中长线持有物业。比如迪拜“耶稣岛”别墅，2004年刚推出时一幢只卖960万元，去年猛涨到近6000万元，上涨了600％。炒房时间之短、回报率之高，均是一般传统贸易无法企及的，令很多温商流连忘返。上述黄姓房产中介商说，前两三年，迪拜温商主要精力是炒房，贸易已退居其次。“在2007年至2008年，很多炒家抽走实业资金，在迪拜房价高位时相继杀入，少则一两套，多则几十套的期房。”与此同时，在迪拜纷纷出现由温商创办的 “房产中介所”，在为炒家提供咨询服务时，自己也参与了炒房。在迪拜温州商圈中，流行一句话：有钱的去开发，没钱的人去炒房。据知情人士透露，在2005年，一位迪拜温商黄姓老板就手握3个地块，2007年抛售了其中2个小地块，获利至少三四千万元以上。此时，有人建议他高价出售第三个地块，黄老板不愿意，说要建一个医疗器械贸易的“迪拜中国健康城”。2008年初，一位温商斥资3000万元购买迪拜卫星城一块地皮。“如果开发顺利，他们靠图纸卖楼花，资金就可迅速回笼，赚取几倍、甚至十几倍以上的利润，比炒房赚多了。”迪拜的地产狂欢气氛，极大刺激着国内温商的财富神经，于是有人动手了。2007年10月，温商、上海中州国际控股集团董事长胡宾，斥资2800万美元买下迪拜世界岛中的 “上海岛”，计划在总面积111亩的岛上投资12亿元开发58栋别墅，据说此后预订了12套。紧接着12月份，温商、上海进福房地产开发有限公司董事长张进云，温州房地产开发商周建亚分别与阿联酋拉斯海马政府，签订两个房地产开发项目的意向协议书，总投资为70亿元。收获还没开始，危机迅速降临。去年8月，美国雷曼兄弟破产后，国际热钱迅速撤离，迪拜房价开始暴跌，这是温商从未料到的最差结果。一位不愿具名的迪拜黄姓温商说，短短几个月时间里，他投资的迪拜项目土地市值大幅度缩水，从最高时的800迪拉姆/平方英尺，急跌至近200迪拉姆/平方英尺。这与他三年前买下这块地的价格几乎一致。在恐慌心理影响下，迪拜土地交易市场几乎停滞，想抛也无人接盘。他说，该项目土地款绝大部分已经支付，剩下一小部分预付款已向政府申请缓交。目前，温商开发的六七个房地产项目已全部暂停，损失比较严重。知情人士透露，其中胡宾已为迪拜上海岛投资了7000万元以上，“项目已经暂停，等待机会再行启动”。张进云说，由于金融危机等原因，他此后就没有和当地政府签订正式开发协议，也没有为此投入资金。最痛苦的莫过于跟风炒房者。他们要么是忍痛割舍先期投资，撤离回国；要么债台高筑，缴纳高额的银行贷款，如果撑不住，甚至有锒铛入狱风险。上述黄姓房产中介商说，到今年二季度，迪拜房价已从2008年的最高点，回到了2003年水平，“之前翻了600％的房价，又重新回到了起点。”从今年第三季度开始，楼市有了止跌回稳的迹象，迪拜世界公司债务危机又将对楼市信心产生较大影响。困于转型？与众多温商投资房地产不同，王伟胜则选择一次跨行业的转型升级。2006年1月，王伟胜伙同他人斥资买下阿联酋电视台——阿拉迪尔（音译），更名为“亚洲商务卫星电视台（AAB）”（简称亚商视），一举成为中国收购海外卫星电视台第一人，成为他人生的一个转折点。他说，迪拜与中国之间巨大的商业市场和频繁的商业交往，需要一个中文传媒窗口进行沟通，帮助中国厂商在中东建立品牌影响力，这将是一单名利双收的生意。王伟胜之前说，他只是个以贸易起家的商人，对电视台的营运知之甚少。不可否认，那时存在节目比较单一、内容不够丰富，尤其是节目制作、品牌推广、市场规划工作欠缺，而他熟悉的商业活动则比较多。那时迪拜经济如火如荼，使亚商视前景颇为看好。2006年，3位来自传统制造业的温州股东加入亚洲商务卫视，占股20％。去年1月，亚商视引进媒体资深人士高度，出任亚洲商务卫视总裁，并于4月把中国总部从广东迁往杭州北部软件园。“我们必须打出‘中国制造’口号，推动中国产业的转型升级。”高度说，他们的主要工作是牵线搭桥中国地方政府与中东的沟通，同时让企业通过节目合作拓展中东市场，并陆续推出“相信中国制造”等栏目。据悉，与亚商视品牌合作的奥克斯当年在中东地区销售增长了10％以上。之后，亚商视与政府部门、行业协会的合作逐步深入，并掀起了一股中东招商引资热潮。然而与王伟胜不同，很多温商在房地产投资市场流连忘返，失去了转型升级的动力和活力。“这是我们感到后悔的一件事。”温州中小企业发展促进会会长周德文说，温州人一直对迪拜寄予很高的期望，但是现在我们认为投资者应当极其谨慎，避免盲目投资。“现在除了房地产，我们还能投资谁！”一位制造业出生的温州煤老板无奈地说，温州资本逐利性强，房地产仍是暴利行业，准入门槛也比较低，因此成为很多温商产业转型的首选。“并不是所有的企业都能转型升级，这需要企业拥有很强的实力，更需要政府的大力扶持，而温州民营企业大多数规模比较小，且从事的多为产能过剩的轻工业，转型难、升级更难。”温州资本从原先的 “弄潮儿”，被指为今天的“搅局者”，这让亚商视总裁高度忧心忡忡：“他们一窝蜂地去搞房地产，这正常吗？那制造业的转型升级又靠谁？”温州恒生资产管理公司董事长黄伟建说，温州拥有几千亿元的民间资本，如何规范、引导温州资本运作最为关键。 延伸阅读我要评论",4,5,0.614841639995575
国务院邀学者研讨拆迁条例(图)北大法学学者称法制办该举动为“比较积极的回应”；人民日报评论呼吁彻底修改条例11月27日，贵州博宇房地产公司暴力拆迁引发群体性事件，警方对暴力强拆和堵路事件进行调查，拘留２４人。资料图片本报讯 （记者郭少峰）昨天，建言全国人大审查拆迁条例的五名北大法学学者接到邀请，参加明天由国务院法制办举办的座谈会，研讨《城市房屋拆迁管理条例》(以下简称《拆迁条例》)。5建言学者获邀参加座谈会本月7日，北大五名法学学者向全国人大常委会建议立法机关对《拆迁条例》进行审查，撤销这一条例，或由全国人大专门委员会向国务院提出书面审查意见，建议国务院对《拆迁条例》进行修改。昨天中午，5学者之一王锡锌接到了来自国务院法制办的电话邀请，要他们明天去参加座谈会，研讨《拆迁条例》。北大法学院姜明安教授表示，国务院法制办副主任郜风涛邀请他们参加这次会议，并将主持这次座谈会。北大递交审查《拆迁条例》建议书的五名法学学者分别是沈岿、姜明安、王锡锌、钱明星和陈端洪。不过陈端洪因事先安排了其他事务而当天无法到会。另据了解，除了这五名学者，还会有其他学者参加这一座谈会。对国务院法制办的这种做法，王锡锌表示，“这是比较积极的回应”。王锡锌说，之前通过私下渠道了解到国务院法制办对《拆迁条例》比较重视，“也有非正式的交流”。他也了解到这一条例的修改和废除会面临很大的阻力，但现在全社会都比较关注这一条例和拆迁问题，这是一个契机。人民日报呼吁修改拆迁条例此前媒体报道称，国务院正准备修改这个条例，目前已组织国务院法制办、住房和城乡建设部、国土资源部、农业部、林业局等相关部委，进行前期的立法调研工作。《立法法》规定，公民认为行政法规和单行条例同宪法或法律相抵触的，可向全国人大常委会书面提出进行审查的建议，由常务委员会工作机构进行研究，必要时，送有关的专门委员会进行审查、提出意见。王锡锌说，《立法法》只规定了公民有提起违宪审查的建议权，并没有规定立法机关如何回应公民的建议。沈岿也表示，有关部门不一定会开一个先例，对公民的建议要予以回复。沈岿表示，成都唐福珍为对抗拆迁而自焚事件促使他们提出这一建议。《人民日报》12月10日发表“人民时评”称，6年前的孙志刚案废除了《城市流浪乞讨人员收容遣送办法》，希望“悲剧性的个案最终能推动制度的进步”，让城市拆迁立法融入更多现代法治的文明基因，以避免同类事件的再度发生。评论称，在《物权法》出台之后，我国拆迁制度就受到质疑，此次如果能顺应民意和法治潮流，对《拆迁条例》中与上位法相冲突的地方进行彻底修改，无疑是众望所归。案例1《物权法》2007年颁布实施后两年中，各地暴力拆迁事件依然频发。专家表示，应废除《拆迁条例》，涉及财产权的征收征用一定要走法律程序，而非行政程序；政府应完全从商业拆迁中抽身出来。中国政法大学宪政研究所所长蔡定剑：强拆应走法律而非行政程序时间：2009年10月28日地点：青岛事件：张霞自焚抵制拆迁受伤，生死未卜1998年张霞在青岛购买一块180平方米土地开酒楼。2007年6月，这片土地被当地政府卖给开发商做小产权住宅。开发商提供近300平方米的小产权住宅进行置换，她拒绝了这一补偿协议。此后两年内，张霞的房子四次面临强制拆迁。2009年10月28日，张霞在自家门前，面对拆迁挖掘机，将汽油浇在了自己的身上。有媒体评价说，“与成都唐福珍自焚事件不多的区别在于，张霞现在还活着。”张霞的房子随后被拆除。其所在的街道办事处党委书记接受采访时表示，“我们是依法拆除的，张霞的行为是妨碍公务、阻碍施工”。点评：这个拆迁案例，其过程中存在政府征收的特点，如街道办负责等。按照法律，政府可以为了公共利益征收土地，但即使在这一合法目的下，也要考察具体的程序是否合法，手段是否恰当，补偿是否公平适当。公平的补偿应由真正独立的评估机构评估，按市场价格给拆迁户补偿。如价格没有得到认可，应当进行诉讼，法院会对拆迁目的的合法性、程序的合法性、补偿的公平性等进行审查，最后才决定是否拆迁。但按照目前的拆迁条例，诉讼的过程不影响拆迁行为的进行，这是该条例最不合理的地方。我们呼吁废除这一条例，就是要求涉及财产权的征收征用一定要走法律程序，而非行政程序。从国外的经验来看，即使法院最后判决政府胜诉，政府也很少采取强制的手段，因为拆迁不仅是一个经济问题，还涉及到人的情感，对于有些人来说，你给他再多的补偿，他可能也不愿意离开自己的家。案例2北京才良律师事务所主任王才亮:商业拆迁政府应完全抽身时间：2009年11月27日地点：贵州事件：开发商组织数十人暴力拆迁引发群体性事件2009年11月27日，贵州博宇房地产公司组织数十人，携带钢管、撬棍和封口胶对9家住户８间门面进行暴力拆迁，13名正在熟睡的住户被强行拽上汽车拖离现场。这一行为随后升级为群体性事件，拆迁户用４０余瓶液化气罐堵路，造成近万台车辆滞留。警方对暴力强拆和堵路事件进行调查，拘留２４人。警方随后通报，在民警赶赴现场之后，开发商正用２台挖掘机实施野蛮拆除，群众则手持刀具与开发商方面人员对峙，民警制止之后，拆迁人员反而继续催促工人加快拆迁速度。点评：与政府征收模式不同，贵州的这个案例是一种商业拆迁，房屋的原有业主和房地产开发商是一种民事关系，如果双方在价格上未达到一致，那么交易就不应当进行。上述案例完全是暴力拆迁。按照《拆迁条例》，“拆迁人与被拆迁人或者拆迁人、被拆迁人与房屋承租人达不成拆迁补偿安置协议的，经当事人申请，由房屋拆迁管理部门裁决”，将政府置于一种第三方的位置，但《物权法》已明确，仅仅是在涉及公共利益需要的情况下，政府才可以决定是否征收土地，开发商更无权力单方面决定是否拆迁，因此政府应当完全从商业拆迁中抽身出来，并且废除目前商业拆迁领域的许可证制度。按照物权法规定，在土地使用权尚未进行转让的时候，根本不能进行买卖，也就是说拆迁应当在购买土地之前，但目前很多土地都是先卖后拆，已付资金的压力也是开发商不断出现暴力强拆的原因。我要评论,4,7,0.7709826231002808
货币政策明松暗紧 银行放贷将现分化 本报记者 张晓赫 北京报道中央经济工作会议定调的“相对宽松货币政策”并没有完全打消市场上浓郁的政策收紧预期。“尽管定调没变，但2010年国内所面临的大环境与今年会有很大不同，不可能再像今年这样出现信贷天量了。”中国工商银行总行风险管控部人士认为，中央经济工作会议报告中“管理通胀预期”、“增强针对性和灵活性”、“把握好货币信贷增长速度”等要求的出现已意味着政策开始变化。可以佐证的是，中央经济工作会议召开后，央行与银监会鱼贯而出的把握信贷增量以及彻查信贷风险的警示与行动。而在包括摩根大通在内的机构解读中，这已经被看做是明年货币政策微调、明松暗紧的铁证。中信证券银行业研究员朱琰表示，与微调的货币政策相关，监管部门对银行业的监管指标也会趋紧，在此环境下，2010年各商业银行的放贷规模会进一步差异化。“大银行、城商行以及顺利融资的股份制银行信贷规模会进一步扩大。”明松暗紧的货币政策尽管日前的中央经济工作会议最终确认货币政策不变的信号。但对比2008年的中央经济工作会议全力保增长的基调，今年添加的众多修饰性词汇已经开始显示此次政府定调的微调。“其实这已经在意料之中，毕竟经济已经开始回暖，下阶段除了继续稳固经济恢复基础，还要调整经济结构，保证整体的平衡性。”中央财经大学中国银行业研究中心主任郭田勇表示，监管层不会让信贷大起大落，但出于银行体系风险防范也会适度加强调控力度。此前，今年前10个月高达8.9万亿元新增人民币贷款一度让市场紧张是否会引来明年严厉的政策收紧。这种担心在上述工行人士看来不无道理，“上半年的经济回暖更多的是依赖于海量的信贷支撑，如果市场根基没有稳固，盘子越大，滋生泡沫的可能性就越大，积累在银行系统的信贷风险也就越大，监管层也在一直关注这个问题。”这种担心，在此次中央经济工作会议中已经开始显现，尽管2010年防通胀仍然让位于持续稳定经济增长，但“管理通胀预期”已经被提及。与之相呼应，中央经济工作结束后，央行表示未来要控制信贷增长速度，银监会也通知要求各商业银行排查今年前10个月的信贷风险。“如此看来，明年的货币政策在实际执行中基本上会是明松暗紧的状况，监管层对银行会通过存款准备金率等监管指标以及其他杠杆政策来进行微调。”郭田勇表示。在此解读下，各机构对于明年商业银行新增贷款规模的预期都有所下调。中国民生银行地产金融事业部市场总监叶天放认为：“按照2009年贷款余额40万亿元，2010年增速17%~18%计算，2010年新增贷款规模会在7万亿元左右。”摩根士丹利的预测稍高，在7万亿~8万亿元之间。而对于监管层有可能使用的微调工具，中信证券分析师朱琰认为，最优先的监管措施应当是对存贷比、资本充足率等监管指标的监控。“资本金及核心负债将成为影响信贷规模的重要变量”。除此之外，调整存款准备金率、利率的预期也开始增加。“明年存款准备金率将有1.5~2.5个百分点的上调空间，且会优先于利率使用。”叶天放表示。而随着中央经济工作会议继续稳定增长的定调以及市场对于中国将后于美联储加息的判断，各机构也纷纷下调明年中国加息的力度，并将加息时间预测为下半年。中信证券最新发布报告表示，2010年中国加息时点最可能出现在下半年，次数为1~2次。银行放贷分化值得注意的是，一旦货币政策趋紧，监管层与银行的博弈便开始浮出水面。如今，面对货币政策再次趋紧，市场上的大宗资产价格虚高呼声四起，银行普遍中长期负债过高等问题，各商业银行未来的放贷态度则再次引起了市场的关注。“各银行的确面临一系列的系统性风险，但总体来说，由于2009年的市场基本面回升，明年的企业信贷需求会有所增加，资产质量也会有所提升，这一定程度上会吸引银行的放贷。”上述工商银行人士认为。所谓的系统性风险，在业内人士看来既包括大量泡沫风险集中在银行体系，也包含了过去一年中各银行信贷增长严重的结构失衡，国家统计局数据显示，在过去10个月的天量信贷中，超过半数都是以基建、个人住房按揭等为主的中长期贷款。“这意味着银行资产流动越来越差，如何高速且稳健运行是每家商业银行都要面临的问题。”叶天放表示，银行资产的固化也大大加剧了银行的系统性风险，未来各商业银行则需要通过再融资以及发债等证券化手段来补充或增加流动性。但显然各商业银行年底“跑马圈地”的热情，已然昭示了放贷吸引力已大大抵消了对于系统风险的担忧。对此，朱琰表示，在货币政策以及监管指标双向趋紧的情况下，明年的信贷市场可能会产生分化。“资本充足、经营战略激进的银行放贷规模会有进一步增长，这中间包括四大国有银行、城商行以及顺利融资的股份制银行”。而事实的确如此。在今年年底的银行圈地运动中，各城商行的放贷比重显著提高，而四大银行则以地方政府、大型央企为对象协议授信。从授信额度来看，这些协议涉及的贷款金额少则几十亿，多则数百亿，其中还不乏接近千亿的大单。上述工行人士表示，目前工行指定的明年信贷目标并未受信贷微调影响。而叶天放也表示，在金融风险可控范围内，民生银行将继续拓展信贷业务，并为地产金融提供一揽子的打包服务。点击进入本刊更多内容：（中国房地产报）订阅热线：800-810-0909我要评论,4,1,0.9747515916824341
涨价预期引发炒房潮银行控制评估价涨幅，与售价差距最多达8000元；打破与中介间的“返点”潜规则，力推直客式二手房贷“购房优惠政策即将结束，要买房的尽快出手！”从11月开始，位于双井富力城的一家房屋中介门窗上，贴着这样的标语。在中介催化剂的作用下，年底的楼市蔓延着恐慌的情绪。北京房地产交易管理网上周发布的数据显示，11月北京二手房成交量达到32784套，其中住宅成交31288套，历史上首次突破30000套大关，环比10月上涨了56%。与二手房交易量一齐飙升的还有银行的房贷。中国人民银行营业管理部披露的北京地区房贷情况显示，1-10月份，北京市中资金融机构个人购房贷款共增加453.6亿元，其中二手房贷款新增312.6亿元(因9月份数据未公布，该数据不包括9月份)，二手房贷款已成为银行个贷中占比最大的一部分。疯狂的背后，风险正在累积。记者走访房屋中介、银行及担保公司后发现，银行已然觉出其中的风险，做低评估价将部分风险转嫁给了购房者，并严格了审贷程序，年底放贷的主要是任务还没有完成或是急于抢占市场的中小银行。与此同时，银行摆脱中介的意愿越来越明显，银行和中介在这场购房潮中矛盾日益激化……二手房贷占个贷七成截至10月末中信、招商两家银行今年以来的个贷增长最为迅猛，新增贷款量均在70亿元以上，中国银行和工商银行紧随其后为68.30亿元和60.15亿元。“去年的这个时候，房市交易量平淡，没什么活可干，但今年忙得热火朝天。”链家的置业顾问小杜对记者表示，现在他每天至少要带五六个客户去看房，还经常碰到好几个人同时看中一套房，这时小杜就要与其他中介争抢房源。记者以购房者的身份跟着小杜体会了一把恐慌性购房。在链家地产富力城店，一套报价150万的住宅在半个小时内，就已经有6个人预约看房。在记者到达之前，已经有两位购房者正在屋内看房。在跟记者交谈的十几分钟内，房主的电话铃声此起彼伏，都是中介打来约看房的。与购房者同样恐慌的还有部分的卖房者。“明年的政策形势到底如何存在很大变数，谁也说不准，明年说不定卖不到这个价，现在出手落袋为安。”张女士上周将自己在四惠的房子以1.9万/平米出手了，这套房子是她在6月份以1.4万/平米的价格购买的。今年以来的楼市成交量惊人，美联物业市场研究部根据目前的成交量推算，12月份很可能继续突破历史纪录，全年成交量将达到27万套。比房子更为疯狂的是二手房贷款。美联物业市场研究部统计数据显示，11月份房贷市场以二手房过户为主的交易类贷款成交量上涨明显，涨幅60%左右。“我最近特别忙，每天都是晚上10点多才下班。”一位在银行房贷部门任客户经理的朋友对记者表示，最近半年以来，因为他所在的银行客户量陡增，贷款额度太大导致他这样的房贷客户经理都连轴转。前十月，北京市中资金融机构个人购房贷款共增加453.6亿元，其中二手房贷款新增312.6亿元(不含9月份)，二手房贷款占比已经突破70%，成为银行个人住房贷款的中坚力量。记者从银行内部获得的一份北京地区统计数据显示，截至10月末中信、招商两家银行今年以来的个贷增长最为迅猛，新增贷款量均在70亿元以上，中国银行和工商银行紧随其后为68.30亿元和60.15亿元。据记者了解，京城大部分商业银行的二手房房贷同比基本都实现翻番，部分基数较小的银行甚至翻了两三倍。统计数据显示，某银行二手房按揭贷款余额较年初增长超过100%，而放款量则翻了三倍多。对于今年的房贷市场，某股份制商业银行个贷部总经理称为“军阀混战”。以往主攻新房贷款的中行、建行、工行今年对二手房市场强势介入，凭借着网点和品牌优势，挤占了中小银行的势力。多位银行人士也表示，今年后二手房贷款竞争将愈演愈烈。一是新房资源越来越少，客观决定今后买房多为二手房。第二，从银行的角度看，二手房一般都是自住需求，首付都在售价的50%左右，同时二手房是现房，产权明确，而新房往往还在打地基的时候银行就放款了。“从银行所承担的风险角度看，二手房比一手房风险小。”一位银行人士表示：“此前经济处于下行期时，政策的宽容让一些开发商有空子可钻，将来风险暴露，吃亏的是银行。”涨不过房价的评估价一般来说只要不是房龄很老的房子，售价与评估价的差额约为5%-10%。但目前，北京市场评估价与售价之间的差距，最多的能达到七八千之多。据美联物业市场研究部的数据，对比1月均价8900元，北京二手房年底均价累计涨幅已经超过47%，达13150元/平米。量价齐升的二手房市场风险在逐步累积，银行也已经觉察到。多个月停滞不前的评估价正是银行转嫁风险的手段。以记者在富力城看到的那套房子为例，61平的一居室报价150万，均价在2.46万/平米，而中介小杜给记者算的账是，这套房子的评估价只能以1.9万/平米计算。售价与评估价之间相差5600元/平米，也意味着这套房在评估机构和银行眼中的价值为115.9万，银行承担的风险仅为115.9万。按照首套房贷款可达到房屋全款的八成计算，购买这套房子最多只能贷93万，首付则必须达到57万。银行及评估机构得出的评估价远远追不上房价的涨速，这在今年下半年尤为明显。今年5月以来，望京、朝青、百子湾和亚运村等二手次新房热点区域的楼盘实际市场价格平均每平方米大约上涨4000元，但评估价涨幅最少的只有400元。而目前，北京市场评估价与售价之间的差距，最多的能达到七八千之多。中易安(中国)房地产担保有限公司市场总监徐东华告诉记者，一般来说只要不是房龄很老的房子，售价与评估价的差额约为5%-10%。从去年6月开始，先是下调的非常快，直到今年3月份二手房市场持续火爆了一阵之后，才逐渐上调，到7月以后，突然就不怎么调了。从今年7、8月份之后，售价与评估价的差距越来越大。“降低评估价是银行控制风险的一种方法，银行已经对现在的房价产生了警觉。”徐东华说。目前银行二手房的评估业务均是外包给评估机构，而评估机构也是看银行“眼色”行动。随着10月以来二手房市场由于有消息传出利好政策即将到期，成交量和成交价飙升，这种上涨在银行眼中存在着一定的风险，因此纷纷要求评估机构调低或停止随市场上调评估价格，有的银行甚至放贷前在评估的基础上再打一个折扣。除此之外，目前大部分银行已经完成了全年的放贷任务，银行审批贷款也变得更加严格。“收入证明是一个很明显的变化。以前银行对夸张的存款证明都是睁一只眼闭一只眼，在现在必须是真实的收入证明，还需要提交一些缴税证明。”银行人士称。银行打破“返点”潜规则银行对中介的返点最高达到1.5%左右。如果以目前公布的今年二手房贷312.6亿元贷款额、平均1.5%的“返点”比例粗略计算，中介从银行获得的佣金收入高达4.69亿元。在房市火爆、房贷猛增的同时，一个有趣的现象值得注意———银行开始停止和中介的二手房贷款合作。对于银行来说，中介公司是个又爱有恨的主，在传统的合作模式下，中介可以给银行带来丰富的客户资源。但中介两边“吃钱”，在收取购房者中介费的同时还向商业银行索取高额佣金，即“返点”。但这种生存法则在今年受到前所未有的质疑和挑战。“由于去年底时楼市惨淡，各银行为了达成考核目标，纷纷采取大比例返点政策激励中介机构，有的银行甚至从0.5%提升至现在的1.5%，行业有些恶性竞争。”一商业银行房贷部总经理说。据记者从中介公司和银行方面了解，目前北京市场，银行对中介的返点最高达到1.5%左右。如果以目前公布的今年二手房贷312.6亿元贷款额、平均1.5%的“返点”比例粗略计算，中介从银行获得的佣金收入高达4.69亿元。在房贷利率普遍打7折的情况下，按一年期存款的成本2.25%和5年以上的优惠贷款利率4.158%来计算，银行从房贷上获得的毛利已不足2个百分点。如果再去除人工费用、房租、管理费用等不可回避的成本，实际获利肯定低于1个百分点。银行开始叫苦，并开始单方面打破这个“潜规则”。今年下半年，建行已宣布，由于中介收费高，停止了和中介公司的合作。9月份深圳市银行公会率先与银行签订《深圳市国内银行业住房按揭贷款业务自律公约》，承诺“在办理二手房按揭贷款业务过程中，不以任何形式向地产中介或其代理机构或个人支付佣金以获取业务来源”。此后，上海、广州、山东等地银行业公会纷纷效仿。按照山东省的自律公约，银行向房产中介“返点”将受到严格限制，最高不得超过2%。。不过，一中小银行的个贷部经理指出，房产中介公司掌握着二手房市场的大量客源，“返点”仍具有巨大市场。中介的想法也比较乐观。一中介公司市场部经理认为，时值年末，大多数银行的贷款任务已经完成，但进入明年年初，各大行贷款指标下来，很可能再度爆发房贷客源争夺战，到时候各银行是否坚守住自律公约是个很大疑问。“大银行不给返点，我们就把客户介绍给小银行和外资银行，这些银行房贷业务规模尚在发展当中，他们每年也都有考核指标。”中介公司也在寻求空间。直客式二手房贷崛起银行的直客式房贷把中介费、二手房评估费、贷款手续费等费用作为按揭贷款的附加服务，只需三四百元甚至是无偿提供给购房者。彻底摆脱中介并非朝夕之事，银行在尝试另外的出路。从去年开始，银行纷纷试水绕开中介直接面对购房者的直客式房贷，目前工行、招行、中信都已经推出直客式二手房贷款。这种不需要中介的房贷方式，既可以让银行省下一笔返点费用，也可以为买房者省下不少中介费。按购买一套100万元的房子计算，中介费用一般是房价的3%，加上评估、担保等费用，购房者需多掏3万-5万元不等。而目前银行的直客式房贷把中介费、二手房评估费、贷款手续费等费用作为按揭贷款的附加服务，只需三四百元甚至是无偿提供给购房者。不过，直客式房贷面临两大难题。一方面，银行直客式二手房贷款主要针对已经找到房源的买主，银行房源跟中介相比并不丰富。12月3日，记者在中信银行二手房买卖直通车网站看到，其有效房源约为3039套，一般有点名气的小区房源基本是3-4套，很多小一点的小区根本没有房源。对于想挑选二手房的买房者来说吸引力不够。另一方面，直客式二手房在买卖过程中的违约、虚假等风险，均由买房者自己承担。不少购房人担心碰到假产权证上当，并且缺乏对办理过户手续相关知识的了解，所以买卖二手房时，基本上还是通过中介公司担保，并代办相关贷款、过户手续。中介费相当于一笔“省心费”。因此，据了解目前这种直客式二手房贷以已经找到房源的贷款者为主。中信银行日前公布的数据显示，从今年8月27日至11月上旬，其直客式二手房业务已经受理了超过1亿元按揭贷款，大概有150多位市民通过该平台买到了房子，这一交易量不足中介的百分之一。“房源是最重要的问题。银行不可能做到像中介公司那样，支出那么多的人力物力在各个小区跑房源，完全摆脱中介是不可能的，但应该减少对他们的依赖。”一家计划明年进入直客式二手房市场的银行老总称。我要评论,4,1,0.5978155136108398
二套房信贷政策很可能被严格执行据新华社北京12月16日电 (记者王宇、姚均芳)本月以来，中央接连释放房地产市场调控信号，日前国务院常务会议更是明确提出“遏制部分城市房价过快上涨的势头”，提出“加大差别化信贷政策执行力度，切实防范各类住房按揭贷款风险”、“加强房地产信贷风险管理”等房贷政策。在新一轮市场调控之下，房地产信贷政策会呈现怎样的变化？新华社记者就此采访了相关人士。“二套房”信贷政策很可能被严格执行记者就会议中“加大差别化信贷政策执行力度”的提法致电中国人民银行等有关部门，相关人士表示，目前并不清楚是否有具体细则出台，但2007年出台的加强商业性房地产信贷管理政策已强调了差别化信贷原则，关键是银行是否遵照执行。“‘加大差别化信贷政策执行力度’，是国务院会议提出的‘运用金融等手段加强和改善对房地产市场调控’的体现。根据这一原则，明年银行将会针对不同类型的房地产开发和购房需求予以不同的金融对待。”中央财经大学中国银行业研究中心主任郭田勇说。“从开发贷款来说，银行会优先保证经适房、限价房的贷款需求，对高房价地区、高价住房的风险会充分考虑。从按揭贷款来说，银行信贷投放会区分高中低档住房，将对执行利率的优惠程度、首付比例等进行区别对待。”中国建设银行高级研究员赵庆明指出，目前暂未收到相关具体指导意见，预计未来央行、银监会会对此制定并出台具体相关指导意见。“在个人住房按揭贷款方面，此前央行、银监会制定的‘二套房’信贷政策今后很有可能会被严格执行。”郭田勇说。2007年9月，央行、银监会联合发布了《关于加强商业性房地产信贷管理的通知》，根据通知，第二套(含)以上住房首付比例不得低于40%，贷款利率不得低于基准利率的1.1倍，贷款首付款比例和利率水平应随套数增加而大幅度提高。预计将从严管理房地产企业开发贷款此外，对于国务院常务会议提出的“加强房地产信贷风险管理”的提法，专家预计明年银行会对房地产企业开发贷款进行从严管理。今年以来，我国房地产市场异常火爆，企业资金异常充裕，这与开发商较以往更容易获得银行信贷有着直接关系。国家统计局数据显示，今年前11个月我国房地产开发企业资金来源中，国内贷款接近9000亿元，个人按揭贷款超过7000亿元，前11个月总计流入房地产的信贷资金超过1.6万亿元，此数据比去年同期多出六成。而在今年全国9万多亿元的银行新增贷款中，约1/6流入到了房地产开发领域。过多的银行资金进入到房地产领域无疑会埋下一定信贷风险。记者了解到，有些开发商从银行获得贷款后，不是用在了支付工程款等开发领域，而是投入到土地市场，用来在土地市场上拿地，拖欠了工程款不说，还推高了土地价格，加剧房价上涨压力，最终加大了房地产信贷风险。“房价若再大幅上涨，银行房贷就将面临巨大的系统性风险。如果银行贷款无法按期偿还，就会进一步加剧银行的呆坏账，从而引发银行业的动荡。”中国社科院金融所研究员尹中立认为，迪拜危机以及此前的香港楼市泡沫、日本楼市泡沫都表明，房地产开发过度依赖银行信贷容易带来信贷风险。“明年银行一定会控制和杜绝违规放贷，对开发商资质、自有资金状况、管理情况进行从严审核。”郭田勇说。记者了解到，银监会近日已要求各大商业银行对当前面临的六大风险进行全面自查。其中，房地产行业信贷风险位列其中。我要评论,4,1,0.4372020661830902
欧洲公馆医疗机构医疗机构：301医院、海军总医院、中国人民解放军总医院第一附属医院、航天中心医院、北京蓝天医院。我要评论,4,5,0.6458182334899902
传郭晶晶欲落户香港战伦敦奥运 装修别墅当婚房    首届中国跳水明星系列赛武汉站的比赛昨晚落幕，“跳水女皇”郭晶晶并没有像之前媒体报道的那样前往参赛。前天，中国跳水队领队周继红表示郭晶晶将以“休养”为由淡出，并称“并不排除退役的可能”，这立即引起人们的猜测：难道郭晶晶和霍启刚的好事将近？据香港媒体昨天报道，郭晶晶不惜放弃明年的广州亚运会，原因就是她将在明年嫁入霍家。他们的理由有两点：其一，郭晶晶已准备装修前段时间霍家所赠的北京五环外一高档别墅；其二，霍家已着手准备通过“优秀人才入境计划”(简称“优才计划”)为郭晶晶尽早落户香港。休养实为退役做铺垫据记者了解，郭晶晶这次以休养名义暂别泳池，实际上就是退役的“温和式”说法，一位跳水队内部人士告诉记者，“谁都不希望这么优秀的运动员退役，但她已到了结婚的年纪，这次休养其实就是退役，只是为了给大家一个可以接受的空间和缓冲而已。”其实，周继红前天的表态中就非常“暧昧”，“(郭晶晶)在明年一年的恢复期内，如果情况好，可能重新恢复训练，如果不好，也许就退役了。”而据郭晶晶的一前队友透露，霍启刚其实很传统，老早就不想自己的未婚妻在外抛头露面了，“加上两人聚少离多，霍公子本来就不舒服，也劝过郭多次，而郭很在乎两人的感情，也很在乎自己的事业发展，随着北京奥运夺冠，郭晶晶终于可以‘让爱做主’了。”装修豪宅作北京婚房现在，越来越多的迹象都在表明郭晶晶和霍公子的婚期已近。昨天，香港一媒体爆出郭晶晶正准备装修去年霍家所赠的价值3000万人民币的豪华别墅，并称“这很有可能就是他们俩在北京的婚房！”据说，这套别墅位于北京海淀区四季青镇门头村，在五环以外。据记者了解，该楼盘的中式院落独栋别墅面积为300—550平米之间，另外，每栋别墅送150平米的地下室。该别墅在2007年的预估开盘价就高达55000—60000元/平米。难怪媒体都将这一带的房子称作“北京顶级私人豪宅群落。”另外，香港众多娱乐狗仔近日都在霍家大宅薄扶林沙宣道33号门口跟拍，希望能捕捉到一些霍家筹备婚礼的细节。目前霍家大部分成员都住在这栋估价4亿港币的豪宅内。申请参加香港“优才计划”一方面，香港媒体对郭晶晶准备将北京的豪宅装修认作“出阁”的前奏，而另一方面，有消息称，郭晶晶已向国家体育总局申请，准备通过香港地区推出的“优才计划”落户香港。“优才计划”是香港2006年推出的引入优秀人才落户的特别通道。郎朗2006年11月27日正式成为香港居民，成为该计划启动后的首批名人。当时，奥运冠军伏明霞、钢琴王子李云迪等均在首批入选之列。以奥运冠军的身份，加上“准公公”霍震霆极广的人脉，郭晶晶通过这条路落户香港应该不成问题，当然，前提是必须先获得中国跳水队和国家体育总局的同意。现在距离伦敦奥运尚有一段时间，如果郭晶晶落户成功，到时状态允许的情况下，她届时代表中国香港参加伦敦奥运会也不会令人意外。本报记者 谢礼恒我要评论,4,3,0.5428758859634399
北大五学者建言的背后故事12月7日上午11时半，我赶到了北大法学院5楼会议室，在现场看到了姜明安、沈岿、王锡锌、钱明星和陈端洪五位法学学者。签字时，姜明安老师看到身份证号码时还在问，非要写上身份证号码吗？沈岿跟他说，这是证明建言者是中华人民共和国公民。沈岿第一次看到唐福珍自焚的视频时跟学生们在一起。他非常感伤，特别的郁闷：一个公民在机器面前，以及在机器背后的政府面前太柔弱了。当时他失态了。谈到这段的时候，我还能听出沈岿声音的变化，仍能感觉到他细腻的感情和内心的郁闷。他说，不知道自己会不会哪天也面临被拆迁的问题，但起码他的亲属中已经有人面临这个问题。沈岿曾在2003年 建议全国人大常委会，审查《城市流浪乞讨人员收容遣送办法》，当时是因为大学生孙志刚的死亡。当时的结果是一个月后国务院宣布废除《收容办法》。这次又是在一个公民唐福珍自焚而亡的情况下，他又参与建议全国人大常委会审查《城市房屋拆迁管理条例》。他接受采访时流露出一丝无奈，为什么非要用公民的死亡来换取社会和相关部门对不合理法律法规的改变，用他的话说，就是“挺悲哀的”，应该有人站出来。除了学者，沈岿特别强调自己的公民身份。在本报就他们建言事件报道时使用“上书”的字眼，他感到不适。现在是公民时代，在法律上明确了公民“建议”的权利。作为老师，沈岿不只一次跟我说学生在建言起草过程中起到的作用，以体现对这些学生劳动成果的尊重：成协中、林良亮、孙宇和薛启明这几名博士生帮助他们收集了相关资料。虽然国务院法制办副主任郜风涛并不认可学者建言与召开相关专家座谈会之间的因果关系，但不可否认的事实是，五名参与建言的学者都得到了邀请，只有陈端洪因为事先安排其他事情而没有参加而已。沈岿事后说，新的条例草案与他们建言的内容基本一致。不过，就在他们参加座谈会的当天，媒体报道了海淀区席新柱自焚应对拆迁的事情。用沈岿给我回的一条短信的话说，那就是“路途还漫长，农村大片土地和房屋还要我们密切关注”。□郭少峰(新京报中国新闻记者)我要评论,4,5,0.6084591746330261
耶鲁大学教授：买房就能赚钱只是个幻觉访耶鲁大学教授罗伯特·席勒本报记者 胡金华 上海报道2008年金融危机席卷全球，美国地产业几乎崩溃，而中国的房地产却经受住了考验，并在2009年一线城市房价开始以不可思议的速度疯狂上涨。不久前，迪拜危机的爆发使得人们开始反思房地产泡沫的危险，而国务院常务会议也终于做出了抑制投机性购房的决定。近日，西方行为金融学创始人、耶鲁大学教授罗伯特·席勒在上海出席了由交大高级金融学院举办的EMBA论坛，在接受《华夏时报》记者采访时，席勒虽没有直接指出中国房地产市场的泡沫，但是他仍然委婉地表示，迪拜危机的出现，对于世界其他大城市出现的房价远超国际水平的情况，具有警示作用。《华夏时报》：最近迪拜爆发了房地产引发的偿债危机，但是目前中国的房价仍然在以不可思议的速度上涨，你是怎么看待中国的一线城市比如上海的房价的，是不是已经出现了泡沫？席勒：金融危机使全球很多国家的金融业和房地产业出现了急剧缩水的情形，经过各国政府的经济刺激，金融危机似乎渐渐远去，但是不久前发生的迪拜危机，仍然在提醒人们金融危机还没有真正消散。几年以前迪拜的人也问我，是不是有泡沫？我不太愿意直接说答案，现在，在这里我也不愿意这样直接回答。对我来说，这个问题是比较复杂的，因为迪拜是一个比较大胆的实验，它是一个已经不出石油的酋长国，试图把自己塑造成一个金融中心。今天我到上海，早前我也听说了上海的房价，基本上是一个普通人一年收入的一百倍，也就是说，他要工作一百年才能用他的全部收入买一套房子。你可能要问，既然这样，他为什么还要买这个房子？答案是他预期房价还会上升。人是有投机心理的，他觉得以后房子肯定还会涨，但是我觉得这肯定是非理性的。你们大家对于上海的了解肯定都要胜过我，我觉得上海比迪拜好很多，不是那种被沙漠包围的城市，对上海我还是很有信心的，当然我对上海的房价比较担忧，这点是毋庸置疑的。《华夏时报》：在中国或几乎所有其他国家，房产一直被认为是最保值和有投资价值的，面对中国高涨的房价，房子还是一个好的投资品吗？席勒：我刚才讲到了人的非理性，其实对于所有国家的人来说，这种非理性心理是时时存在的。大家都知道过去30年中国的经济发展突飞猛进，但是环境本身并没有太多的变化，真正使经济飞速发展的是人们的思路发生了变化。我编制过一份关于中美房价在过去一百年的变化指数，可以发现在过去一百年，其实中国和美国的房价都没有发生明显的变化，但是在最近十年或十五年，无论是美国还是中国，房价呈现出非常神奇的直线上升。当一个国家的房价出现快速上涨时，我觉得无论美国还是中国，理论上来讲买房子都应该不是一个很好的投资渠道，你应该去投资有生产能力的企业。房子买了之后它还要折旧，我有这样一个提议，大家可以去买一部新车，然后把它放在车库里，30年之后你就可以卖掉了，到那时就变成老爷车，你觉得这是一个很好的投资吗？肯定不是。在美国我们可以看看农田，你看农田现在不是越来越少了吗？投资农田回报应该很高。其实，在美国如果有人在1911年买了农田，到现在只涨了1%左右。如果是买股票会怎样？回报就高多了。所以，根据我对房地产的了解，长期来讲这不是一个值得投资的东西。当然短期内它会是一个很好的投资，不管到哪里买房都会赚钱，我觉得现在只是一个幻觉而已。《华夏时报》：中国的经济发展模式路径和日本很相似，有经济学家对这种经济模式担忧，担忧中国会不会出现日本那样的情形，在房地产泡沫破灭之后陷入失去的十年，对此你是怎么看的？席勒：1997年亚洲金融危机使日本经济陷入衰退，但我们看到，这一次自1929年以来最大的金融危机并没有对中国造成本质伤害，未来可能有一些不确定，但是我对中国的经济发展预测还是非常好的。1974年对日本是一个转折点，那年股市大崩盘对日本造成了很大影响，之后1997年金融危机和这次的次贷危机也影响到了日本，日本的最大转折点是股市和房地产市场双重泡沫破灭后，日本经济就再也没有起色了。很多人问，中国未来会不会像日本？我不想把日本的情况简单化了，我想说，日本的经济绕不开泡沫这个问题，而中国等其他国家也可能会面临泡沫的挑战，日本的例子对中国是一个启示，也是一个警醒。我要评论,4,5,0.3768409192562103
09年度中国最具幸福感城市出炉 上海无缘东方网12月26日消息：由新华社《?望东方周刊》等主办的“2009年度中国最具幸福感城市”26日在西安揭晓，杭州、成都、宁波、西安、昆明、长沙、南京、银川、南昌和长春等十大城市入选。“中国最具幸福感城市”评选已进入第三届。其中，杭州市因连续多年在调查推选活动中表现优异，成都市因为在抗震救灾、重建家园中对民生贡献突出，分获“建国六十年特别大奖”。本届调查及评选活动，还首次将县级市进行单独评选，入选首届最具幸福感的十座县级市分别是：山东邹平县、江苏宜兴市、江苏吴江市、湖南长沙县、江苏江都市、浙江余姚市、云南安宁市、四川都江堰市、辽宁海城市和广东增城市。本届评选由新华社《?望东方周刊》联合中国市长协会《中国城市发展报告》工作委员会主办，历时四个月，调查内容涉及城市的自然环境、交通状况、发展速度、文明程度、赚钱机会、医疗卫生水平、教育水平、房价、人情味、治安状况、就业环境、生活便利等12项指标。组委会委托零点调查公司，在100个地级和县级候选城市中进行了覆盖60多万人的独立入户调查，全国各地参与报纸、手机短信和网络问卷调查者，累计近3000万人。我要评论,4,5,0.5608939528465271
温家宝提出四项措施抑制房价过快上涨新华网北京12月27日电中共中央政治局常委、国务院总理温家宝今天下午3时在中南海紫光阁接受新华社记者独家专访，就当前经济形势、明年经济工作和其他问题回答记者提问。在回答网民关于房价的问题时，温总理提出抑制房价过快上涨的四项措施。[新华社记者]一位网民说房价涨得太快了，一平方米每个月竟然涨了一千块钱，他们想请总理谈一谈房价的问题。[温家宝]我就知道网民关注这个问题。因为我每天上网看到大量网民的意见，甚至很尖锐的批评。因为房子对于每个人来讲都关乎他们的切身利益。今年房地产有了比较快的恢复，但同时房价在一些地区和城市上涨过快，也引起了中央高度重视。其实如何使房地产建设能走入一个健康的轨道，首先还需要弄清楚政府要做什么，市场要做什么。既发挥市场的机制，又发挥政府调控的作用。在这里我只讲一讲政府应该做的事情。第一件事情就是要加大安居工程的建设力度，加快棚户区的改造。对这两项工作，在资金、土地以及税收上，都要给予优惠和保障。第二，要鼓励居民购买自住房和改善性的用房。但与此同时，要采取措施抑制投机。中国的国情决定了我们的住房必须坚持安全、经济、适用和省地的原则，特别要重视中小套型和中低价位房屋的建设。第三，要运用好税收、差别利率以及土地政策等经济杠杆加以调控，稳定房地产的价格。第四，要维护房地产市场秩序，打击捂盘惜售、占地不用、哄抬房价等违法犯罪的行为。我觉得只要政府有决心解决这个问题，而且不是头痛医头、脚痛医脚，而是经过深入调查研究，统筹考虑各方面的情况，制定长远的规划和政策，使我国的房地产有一个稳定发展的局面，这是可以做到的。谢谢。我要评论新华网北京12月27日电中共中央政治局常委、国务院总理温家宝今天下午3时在中南海紫光阁接受新华社记者独家专访，就当前经济形势、明年经济工作和其他问题回答记者提问。在回答网民关于房价的问题时，温总理提出抑制房价过快上涨的四项措施。[新华社记者]一位网民说房价涨得太快了，一平方米每个月竟然涨了一千块钱，他们想请总理谈一谈房价的问题。[温家宝]我就知道网民关注这个问题。因为我每天上网看到大量网民的意见，甚至很尖锐的批评。因为房子对于每个人来讲都关乎他们的切身利益。今年房地产有了比较快的恢复，但同时房价在一些地区和城市上涨过快，也引起了中央高度重视。其实如何使房地产建设能走入一个健康的轨道，首先还需要弄清楚政府要做什么，市场要做什么。既发挥市场的机制，又发挥政府调控的作用。在这里我只讲一讲政府应该做的事情。第一件事情就是要加大安居工程的建设力度，加快棚户区的改造。对这两项工作，在资金、土地以及税收上，都要给予优惠和保障。第二，要鼓励居民购买自住房和改善性的用房。但与此同时，要采取措施抑制投机。中国的国情决定了我们的住房必须坚持安全、经济、适用和省地的原则，特别要重视中小套型和中低价位房屋的建设。第三，要运用好税收、差别利率以及土地政策等经济杠杆加以调控，稳定房地产的价格。第四，要维护房地产市场秩序，打击捂盘惜售、占地不用、哄抬房价等违法犯罪的行为。我觉得只要政府有决心解决这个问题，而且不是头痛医头、脚痛医脚，而是经过深入调查研究，统筹考虑各方面的情况，制定长远的规划和政策，使我国的房地产有一个稳定发展的局面，这是可以做到的。谢谢。我要评论,4,7,0.9364954233169556
"英国地王威科姆广场每间房子都是上亿豪宅英国房地产贷款机构Halifax29日公布伦敦地王排行榜，肯辛顿-切尔西区的威科姆广场荣登首位，前10名中有多达7名也都位于肯辛顿-切尔西区。据台湾《工商时报》引述外电报道，英国地王就落在伦敦肯辛顿-切尔西区的威科姆广场(WycombeSquare)。威科姆广场每间房子都是上亿豪宅，平均房价高达540万英镑，而整个肯辛顿-切尔西区平均房价也有100万英镑之谱。地王排行榜第二名是伦敦市北区汉普斯代(Hampstead)的英格拉姆大道(IngramAvenue)，平均房价为490万英镑。至于第10名则是同样位于肯辛顿-切尔西区的包尔敦斯广场(PaultonsSquare)，平均房价为270万英镑。这份报告是根据英国官方的地价登记资料进行排列，比较英国2005年9月至2009年9月共计4年间的房价。今年9月到10月，伦敦豪宅售价涨了2.1%，是自2007年7月以来的最大月增幅。虽然去年同期相比，百万英镑豪宅售价下跌了3.2%，却是15个月以来的最小年减幅。另外，伦敦地产研究公司Hometrack指出，威科姆广场的平均房价比全国平均房价高出34倍。根据最新数据，英国平均房价为156,900英镑。Halifax经济学家佩特表示，肯辛顿-切尔西区向来很受艺人、富商或外国人的欢迎，“英镑下跌连带使这些豪宅的价格也略为缩水，现在正是出手的好时机。”伦敦房仲业者表示，“汇率把大量欧洲买主吸引到伦敦来了。”其中英镑下跌是一个原因，不过这些国外买主来到伦敦后，都希望能够把房子买在自己听过的地方，肯辛顿-切尔西就是买主们可以安心投资的区域。而该区面积小、物件少也有助于推升房价。我要评论",4,5,0.37547168135643005
陈良宇仍着西装独居套间据《羊城晚报》 秦城监狱位于北京市昌平区小汤山镇附近，它因关押中国最高级别的犯人而被称为“中国第一监狱”，过去改造高级战犯，上世纪90年代以来，关押的主要对象是省部级贪腐官员，因而吸引着公众的注意力。陈希同和陈良宇便关押在此。陈希同已是直肠癌晚期陈希同是“四人帮”之后被监禁的最高级别的官员之一。他曾历任北京市长、北京市委书记、国务委员和中央政治局委员。1998年2月27日，陈希同因侵吞贵重物品、腐化堕落、牟取非法利益、严重失职等问题被逮捕。1998年7月31日，经北京市高级人民法院审判，陈希同以贪污罪及玩忽职守罪被判处有期徒刑16年。在监狱里，有时候因为自己的要求被看管人员拒绝，陈希同会大吼大叫，称自己是“北京的大贪污犯老陈”。2004年，陈希同曾因健康问题，被紧急送往北京复兴医院。这次突然发病后，陈希同向相关部门领导写信，以“心跳异常、心血管供血不足等老年疾病”为由，要求“保外就医”。后经协调，自2006年8月下旬起，陈希同获得有条件的保外就医。自今年4月中旬开始，79岁的陈希同在住进北京医院高干病房救治后，院方已多次发出病危通知。陈希同已是直肠癌晚期，还有并发的心脏病，基本只能依靠药物维持生命。陈良宇在狱内仍着西装2007年7月26日，原中共中央政治局委员、上海市委书记陈良宇被正式逮捕，后来一审判处有期徒刑18年，关押进秦城监狱。据了解，陈良宇是被关押在一个接近20平方米的套间里。这是秦城监狱重要犯人的单间监室，内有单独的洗手间、坐式马桶等。牢门是铁皮包着的木门，门上方及厕所都有“窥孔”，供哨兵24小时监视之用。陈良宇的房内设施只有一张距地面约一尺高的矮床，需要写材料时，看守会送进一张小学生用的单人课桌供临时使用。没有凳子，床铺就是他平日坐的地方。墙壁也经过特殊处理，以防止其自杀。陈良宇的监室设有三道岗哨，有一个独立分队负责贴身看守他。除了没有自由，他可以看报纸，看内容受限的电视，还可读书、写材料。服刑期间，陈良宇可以不着囚服。他多数时间还是穿西装，但不打领带。他平时可在有规律的生活中打发时间。比如，在每天9点到10点的单独放风时间，陈良宇一般会从监室门口开始打太极拳，打到放风地的门口再回去，或者散步。但他到哪儿，两名看守就跟到哪儿。据陈良宇的辩护律师高子程透露，他曾于今年上半年随其家属探视过陈良宇。他说，63岁的陈良宇现在两鬓斑白，但精神状态比被“双规”时要好很多。■牢房揭秘配有写字台洗衣机在秦城监狱，特殊囚犯的生活待遇，会比在普通监狱优越。据近年走进或接触过秦城监狱的有关人士描述，秦城监狱关押高官的牢房除了面积较大，有的还配有写字台、卫生间、坐式马桶和洗衣机。一些在押官员除了“可看书读报”，每天还有一段时间可看电视，一般集中在晚上7点到9点。某些身体欠佳的特殊囚犯，饮食可一日四餐，用餐标准和费用由国家规定和支付，家属亦可私下打理。如衣服、日用品等基本生活用品可由家人提供。监狱虽有统一囚服，但这里的囚犯一般可不用穿。我要评论,4,2,0.9136433005332947
品质背后是管理系统做保证四、细致而周到的户型设计及室内装修星河湾从广州到北京始终都是做精装修的成品房，在房子开始建筑设计之时就结合了精装修的理念，从户型设计，平面布局到水电等专业设计始终都围绕着土建装修一体化的概念展开，在图纸设计阶段投入了大量的时间和人力，解决了大部分的系统综合问题，从而确保了施工阶段的顺利进行。其本质是以作五星级酒店的手法和理念来做住宅，利用多年来成熟的工艺做法和处理手段，创造出和普通楼盘不一样的居家环境。1.户型和空间设计经典周到星河湾经过广州一到四期，再到北京对户型的总结和变化已经有了一个很成熟的总结和发展，不仅形式多样，能够照顾各类人士的需要，而且还根据南北环境和居住习惯的不同，重新调整丰富了户型结构和比例。北京星河湾已建成的户型有60余种，所有户型均为大面宽小进深。户型多种多样，布局、功能等均比较理想；装修标准高，用材和设备基本上以进口材料和品牌为主。2.舍得选用丰富的高档材料舍得在装修材料的选择和运用上花钱，对各种高档装修材料合理的综合使用，充分体现了星河湾人的水准和装修理想。高档进口石材的大量运用，几乎每个房间都能看到石材运用的效果；此外还对一些高档装修材料进行运用，如高档马赛克、深木色为主的木装修、能消除墙面感觉的镜子、光芒四射的水晶吊灯、主卧室的浅色地毯等等。3.人性化和细节的考虑星河湾在做产品的时候始终是秉承“人性化”原则，对于细节的考虑深入而全面，不放过任何一个微小的细节，让业主时刻能够感到设计建造者的用心精细。每一个转角、每一处接口、每一处细微的差别都体现出了对产品品质不断追求的努力。例如：同样材质不同颜色的区分；天花交接处理；不同种材质和同材质的之间精致、巧妙的交接处理；安全性的设计；经久耐用性的设计；使用便捷的设计；地面材料铺贴方式的设计；能消除墙面实体感，增大空间感的银镜的运用；阳台落水口的下凹处理以及推拉门的导轨保护等。五、系统而精益求精的施工管理 1.独特的工程管理组织架构宏宇集团在工程营造方面既使用普遍的工程管理框架结构，同时结合自身特色，创新的设立了一些特有的管理方式和团队。设置主管景观设计、施工管理的高层管理者，景观工程与土建结构施工管理分开，形成独立的以效果、艺术感染为宗旨的管理团队。 2.严格的管理流程北京星河湾以工程建设品质为第一要务，在现场管理中采取简洁的操作程序，工作效率和效果显著。简洁的变更审批程序：变更审批基本在现场确定，基层员工根据公司品质的一贯要求，现场完成一般变更审批；老板现场办公进一步加快决策和实施；畅通、便捷的部门沟通和跨专业沟通：部门经理基本解决跨部门、跨专业的沟通，争执和误解在公司中层管理者的工作中得以解决。3.规范的工程施工管理星河湾人为了实现品质住宅全成品建设工程，用心地分析每一个工序、每一个工作细节，将品质地产在工程建设阶段推至极致。规范的整体工序：对整体施工顺序、单项施工顺序、细部做法施工顺序整体进行了规范；安排有效控制建设周期：如在外立面施工阶段插入景观大型乔木的移植、景观施工，控制总体工期；严格的施工时间控制：北京星河湾将树木移植时间全部安排在五一之前，确保全冠移植的实现，在景观建成初期就完整体现园区景观特色。4.精益求精的工程施工标准对每个细部节点精益求精，细节处理在北京星河湾比比皆是。整个小区整体观感近乎随意，近乎自然，但每个节点又极其精致，无数精细节点组成了整体精品小区。例如：直接拼接的路牙石，室内标准的室外木栏杆铜包件，精装修细节，暗藏式的道路雨水收集系统，土壤改造，5000吨黄蜡石的堆砌等。六、实用而灵活的材料采购及成本控制 1.严格而灵活的成本控制星河湾的成本控制在房产开发管理流程的基础上有所创新，既确保了工程品质，又缩短了审批时间，同时也合理控制了工程成本。工程招标，以邀请长期合作伙伴进行招标或议标；建安工程招标，所有材料均由承包人采购。室内装饰装修工程议标，所有石材等主要装饰材料均由业主采购，同时业主给出较高的人工、机械及辅材单价。景观工程议标，提前选苗、采购、假植于苗圃。工程款支付，抢工阶段采取半月一支付方式。迅速、灵活的价格确认，现场办公解决品质、成本等问题。设计、施工、成本相互沟通，全面考虑各系统工程成本。如室外管线施工前，先确定各系统间的总体布置，再明确排水坡度及雨污水的布置。2.舍得投入、品质第一的材料采购一般房地产公司运作中材料采购是为实现成本目标而服务的，北京星河湾的材料采购和成本控制没有严格的相对制约关系，虽然舍得投入，但对整体投入又有总控指标。采购过程，材料采购与设计人员同时参加；价格审批，设计人员确认后当时电话请示决定是否采购；苗木采购，景观设计人员承担第一责任；总控成本指标可沟通调整，指导思想是品质，然后是时间，最后才是价格；价格审批以设计效果为主，品质决定各阶段成本；迅速有效的价格确认制度；公司领导每周不少于一次现场办公；积极保障施工单位权益；材料选用紧跟时代步伐；尊重设计师的设计成果；密切关注国际市场产品的更新。七、合纵连横的综合管理及统筹 星河湾提出全成品开发是一种高难度开发，是对产品生产和管理模式的挑战，因为生产管理必须做到合纵连横。横向理解，做到全成品开发，就要从产品设计、环境设计、室内装修设计、物业管理服务设计等方面都环环相扣，不能割裂，交叉施工很普遍。纵向考察，产品设计线从规划到施工到监理必须对缝很准，不能走样。用星河湾设计总监的话说：“设计公司给我们出一百张图，我们拿过来后，吸收他们的设计精华，要出同样多的一百张图，这样才能让设计思路变成可执行的方案，同时还能与环境或室内装修相衔接。”1.最高领导对品质的坚持与支持非常重要宏宇集团的最高领导在广州、北京星河湾建设过程中始终站在项目建设的最前线，是产品最终实现优质、创新突破的第一保证。2.成功依靠团队的合作星河湾项目在工程建设过程中也不断出现争执，但各级员工、各部门经理、主管副总都能很好的沟通和解决。3.始终保持清晰的目标星河湾建设目标是打造地产界的劳斯莱斯，在这样的目标指引下，去确定各种配件的品质，确定各阶段的成本。4.和有共同理念的合作伙伴共同成长以精装修施工单位为例，和星河湾合作的单位最初有30多家，目前合作的仅剩5-6家，这些单位都是通过和星河湾的合作得到了市场和甲方的认可，实现企业的不断壮大。材料供应商在和星河湾的不断合作中也在得益，开发商务必对材料商进行引导和指导，从而在材料方面实现对产品品质的保障。我要评论,4,3,0.9433181881904602
海南回应试水博彩业：绝不开逾规设赌场长江日报1月7日报道 昨天上午，海南省在国务院新闻办举行新闻发布会，海南省委书记卫留成和海南省省长罗保铭就海南推进国际旅游岛建设等问题回答了记者的提问。卫留成认为，国务院《关于推进海南国际旅游岛建设发展的若干意见》是从旅游业作为切入点的，对海南的经济社会的全面发展提出了系统的要求和一系列的措施，抓住这个机遇，落实这个措施，就可以缩短我们和发达地区发展的差距。卫留成指出，首先要抓好国际旅游岛建设，用国际的视野，高水平、有特色的做好旅游岛建设的规划。使旅游业真正成为海南的主导产业，带动海南经济社会的全面发展。海南发展彩票比其他地区有一定空间在谈到“探索发展竞猜型体育彩票和大型国际赛事即开彩票”问题时，海南省长罗保铭表示，国务院这次在文件当中明确了探索发展竞猜型的体育彩票包括大型国际赛事的即开彩票，这是在彩票方面为丰富海南旅游娱乐的产品给开了一个政策口子，是带探索性的。相比于其他地区就有一定的空间，但是这个空间绝不意味着要突破国家的现行法律在这方面的有关规定。卫留成在会后接受记者采访时也明确表示，海南绝不会像象澳门一样开设赌场，也不会有其他赌博产业。将引进大型免税集团建设经营免税店海南省委书记卫留成在海南国际旅游新闻发布会上表示，海南将引进大型免税集团或大型商业公司，建设经营免税店；推出海上旅游等一批新的特色旅游产品；启动建设航天主题公园、热带海洋公园等一批大型旅游项目；对主要旅游基础设施、旅游路线的标识系统甚至包括旅游厕所进行全面改造；策划组织一批有影响力的文化娱乐、节庆、体育赛事活动。适度发展高尔夫业不占用一亩基本农田海南省长罗保铭6日表示，不清楚海南“新建22个高尔夫球场”的事情，并表示海南发展高尔夫绝不违反土地总体利用规划，不占一亩基本农田，并在国务院政策允许的范围内来适度发展高尔夫产业。三亚房价未到1.1万元在回答记者“央企背景的开发商进驻海南岛会不会对海南的地价和房价形成推动”等问题时，罗保铭表示，这几年海南旅游房地产总体的市场是上升，主要是岛外的需求。此外，虽然商品房的价格上升的，但是也没有像媒体报道的那样涨得那么凶。据2009年1至11月份的统计，全国70个城市包括省会城市在内，三亚的房价截止到目前为止是不到11000元一平方米，在全国排第8位。海口商品房的均价不超过6000元一平方米，海口的涨幅比原来涨13%，三亚的房子涨6.6%。罗保铭说，海南房地产的需求主要来自于岛外，统计下来，海口60%、三亚80%-85%商品房是由岛外来购买的。(据中国网、京华时报)我要评论,4,7,0.8317120671272278
五部委联推工矿棚户区改造 1月8日，住建部等五部委联合下发《关于推进城市和国有工矿棚户区改造工作的指导意见》，要求采取财政补助、银行贷款、企业支持、群众自筹、市场开发等办法多渠道筹集资金，推进城市和国有工矿棚户区改造。《意见》指出，城市和国有工矿棚户区改造是改善民生的重大举措，要采取财政补助、银行贷款、企业支持、群众自筹、市场开发等办法多渠道筹集资金。《意见》指出，中央将采取适当方式，对城市和国有工矿棚户区改造给予资金支持。省级政府可采取以奖代补方式，对本地区城市和国有工矿棚户区改造给予资金支持。市县政府应切实加大棚户区改造的资金投入，可以从城市维护建设税、城镇公用事业附加、城市基础设施配套费、土地出让收入中，按规定安排资金用于符合条件的棚户区改造支出项目。有条件的地区可对城市和国有工矿棚户区改造项目给予贷款贴息。城市和国有工矿棚户区改造项目执行廉租住房建设项目资本金占 20%的规定。《意见》还鼓励金融机构向符合贷款条件的城市和国有工矿棚户区改造项目提供贷款，创新金融产品，改善金融服务。“根据改造项目特点合理确定信贷条件，对符合信贷条件的项目要在信贷资金规模上给予保障。有条件的地区可建立城市和国有工矿棚户区改造贷款担保机制，引导信贷资金投入。”《意见》说。另外，该意见还指出，要加大税费政策支持力度、落实土地供应政策、完善安置补偿政策等。我要评论,4,7,0.8120717406272888
房贷差异化政策将出 或取消地方自定义 日前，据知情人士透露，包括住房与城乡建设部、人民银行和银监会正在制定新的统一标准，拟对全国范围内的投机和投资型购房需求进行划分，并根据这一标准严格区别商业银行所提供的房贷杠杆。该人士进一步指出，住建部主要分工负责对二套房及多套房划分统一标准的制定，人民银行、银监会则考量提高这部分被圈定的投资和投机性购房者的信贷门槛、并降低他们购房的杠杆比例的相关信贷政策。据悉，目前，这两项政策制定已经趋近于成熟。“迫于政策层遏制房价飙升的巨大压力，两项政策有望于近期正式出台。”知情人士透露。二套房新政拟出一位接近监管层人士告诉记者，目前住建部、人民银行和银监会等部委正在研究如何对投机、投资型购房需求与老百姓的自住型需求进行划分，然后根据这个标准设定对投资与投机性房贷的限制性措施。住建部负责对二套房及多套房划分标准进行统一。实际上，按照目前的规定，商业银行以借款人家庭（包括借款人、配偶及未成年子女）为单位认定房贷次数。对于已利用银行贷款购买首套自住房的家庭，如其人均住房面积低于当地平均水平，再次向商业银行申请住房贷款的，可比照首套自住住房贷款政策执行。建设银行研究部研究员赵庆明告诉记者，该政策在具体实施当中存在两个问题。一是商业银行无法实现对家庭的认定，其次是对于改善型住房的认定各地标准不统一造成很多矛盾。“目前，住建部打算在二套房认定上制定一个统一标准，对于家庭内涵的认定将做更加细致的规范，在改善型住房的标准上则直接画一道红线，取消各地方分散的标准。”知情人士透露。“建立严格的统一标准可能是这次政策的主题词。正是由于2007年出台的对投机与投资型住房的认定标准不够细致，在银行具体放贷过程中，给大量投机客有可乘之机。”赵庆明表示，这次标准统一有助于遏制这种情况。一位工商银行个人信贷部人士则称，就目前情况来看，各家银行对房贷的审核已经把控得比较严格了，很多行实际上已经提高了审贷标准，抬高了利率，因此，统一标准的出台，对多数购房者来说不会有太大的影响。另一方面，人民银行和银监会的新房贷政策已经开始向部分银行征求意见。据相关媒体报道，新规则或将第二套房贷的首付比例从不低于40%提高到5成以上，贷款利率也将上浮到基准利率的1.1倍，并收回各金融机构自主决定房贷利率的权力。一位民生银行北京某支行信贷员认为，统一利率定价将会使小银行在与大银行竞争房贷的时候面临很大的劣势。“目前看来，这套新政策杀伤性会很大，而且缺少灵活性。”赵庆明也认为，各个国家其实很少通过提高按揭利率来调整房地产需求的。这非常危险，如果不能进行细致的划分就很可能会伤害到那些低收入人群，所以这方面的政策制定会非常谨慎。“实际上，人民银行与银监会的政策更具有指向性，但必须要和住建部的政策相互配合执行才会产生效果。”知情人士透露，目前还需要听取商业银行的意见，但迫于房价不断上升以及社会舆论的巨大压力，两项政策有望于近期出台。重回“差异化”实际上，无论对于商业银行还是监管层而言，中国的房贷政策只不过是重回两年前的政策轨道上来。2007年9月，中国人民银行与银监会联合发出 《关于加强商业性房地产信贷管理的通知》（下称359号文），要求第二套住房首付提高至40%，贷款利率同时提高10%。这是最早的一个差异化房贷的版本，但当时缺少操作细节方面的考虑。银行普遍感到操作困难，提出了不少意见。其中对二套房和多套房的认定是问题的核心之一。当年12月人民银行、银监会又发布了 《关于加强商业性房地产信贷管理的补充通知》（下称补充通知），其中规定引入一个 “人均住房面积”的概念，规定“对于已利用银行贷款购买首套自住房的家庭，如其人均住房面积低于当地平均水平，再次向商业银行申请住房贷款的，可比照首套自住住房贷款政策执行”。《补充通知》一定程度上改变了359号文对于购买第二套房的 “一刀切”的做法，保护了有升级置业需求的消费者，在很大程度上也是可以满足那些自住型的“小房换大房”的需求。但在实际操作中，部分商业银行并未严格执行。一些中介机构还想方设法帮助投机客获得较低的利率和首付。“这些问题一直没有解决，但在2008年下半年全球金融危机以及房价快速下跌的浪潮中，也没有人关注了。”赵庆明说。2008年底中央紧急出台保民生的政策，鼓励居民购房，防止房价大起大落，在这种情况下，大规模优惠政策就取代了防投机的政策方向。但随着去年以来，房价再次大幅度走高，限制投机的差异化房贷政策开始重回舞台中央。12月14日，国务院总理温家宝主持召开国务院常务会议，明确提出“加强市场监管，稳定市场预期，遏制部分城市房价过快上涨的势头”。一位工商银行个人金融部人士说，此次出台的政策很可能会比两年前的政策更加精准、有力，可以看得出来监管层的决心很坚定。差异化的信贷政策配合财税政策将大幅度抬高囤房和炒房的成本，将会有效遏制投机房地产的需求。一位农业银行人士认为，从另一个角度来看，严控房贷还仅仅是堵的政策，从2009年的经历来看，商业银行在房贷业务中的竞争非常激烈，尤其是中小银行为了争夺房贷客户也有压低利率或者降低首付的冲动。而且，市场往往会很快想出应对的办法。因此，对于监管层而言，仅仅制定严格的房贷政策是不够的，还需要监督商业银行严格执行。“从长远来看，建设更多的廉租房和经济适用房，理顺土地机制，大规模增加住房供给，才能够真正疏导庞大的住房需求的洪流。”他说。我要评论,4,1,0.7013914585113525
揭秘乒坛一姐张怡宁婚房(图)     去年10月18日，乒坛一姐张怡宁在北京某豪华酒店完成大婚，其老公徐威是金融界的一位成功人士，徐威身旁的一位朋友透露其身家“以亿为单位应该没问题”。而在去年3月福布斯公布的中国名人榜上，张怡宁的打榜收入是1345万元。千万富姐找到上亿身家的超级金龟婿，两人的婚后生活状态随之备受外界关注。就在张怡宁结婚前半个月，有人就拍到她搭乘徐威的豪华座驾路虎外出扫名牌衣物，随后坐车回到位于北京东直门附近的万国公寓。日前，本报记者专程前往北京，探秘张怡宁居住的这处豪华公寓，没想到她的这处公寓竟是租的，但一年的租金都可以在其他二线城市买套房子了。每月花6万 租住300平米高档公寓张怡宁居住的是一处32层高的独栋公寓，位于北京黄金地段，该公寓只租不卖，价格不菲。记者从公寓租赁协调处了解到，这栋32层高的公寓有不同面积的套房，其中最小的213平米，最大的达到600平米。在这栋公寓中，213平米的套房是相对最差的，分布在6层，西北朝向，但租金却高达2.9万元一个月。“随着楼层的升高，景观不同，因此越往上的房子越贵。”工作人员告诉记者，最好的600平米的套房都在25层以上，但近期已经没有空房可租，每套租金高达13万元一个月。张怡宁两口子的身家加到一起早已上亿，不过他们没有选择600平米那种最好的套房，而是挑了一套面积中等的。“她住在15层，是一套314平米的公寓。她那套房子在那个户型里面算很好的。”据悉，公寓的14至15层都是314平米的套房，但15层更好一些，租金也相对更高，“14层的每套是5.3万元一个月，她住的那种每套租金是6万元一个月。”据悉，该公寓的套房起租时间至少为一年，这意味着张怡宁光是租房子一年就要花掉72万元，而这笔钱在中国不少二线城市已经可以买套不错的房子。只是这72万元对张怡宁来说根本不算什么，而这些钱也不需要她掏腰包。“她不是以自己的名义租的，是以其他人的名字。”工作人员以保护隐私为由，拒绝透露租房者的信息。不过据记者了解，租这套房子的人很可能是徐威，因为徐威主要做对冲基金，现在香港和北京都有自己的事业，他很可能需要两地奔波，这样在北京租套高级公寓暂时落脚更显得合情合理。    低调隐蔽 常从后门出入按理说，张怡宁租住的豪华公寓如此昂贵，应该很容易找到。但实际上，记者询问了东直门周边的一些出租车司机，他们并不太清楚。记者在公寓外看到，公寓实际上处于东直门外小街上，这是一条单行道，门口车辆很少，略显冷清。不过，这是北京入行较早的服务式公寓，物业由美国一家品牌公司在管理，具有国际化高品质的服务。有熟悉这栋公寓的人告诉记者，这栋公寓从来不需要做宣传，但里面住的都是来头不小的人物，“这里准确的地理位置应该叫做第二使馆区，很多外籍人士在这里租房子，比如领事馆参赞等。”张怡宁是北京人，此前她一直与父母住在右安门外的开阳里小区，那里紧邻南二环，闹中取静。张怡宁住在那里是因为距离总局训练局很近，另外也可以避免住在高档社区引来的“名人烦恼”。不过，从婚前两个月到现在，张怡宁开始挪到这处高档公寓居住，随之而来就无法免除被“追踪”，这也让她一度开始改变进出公寓的方式。公寓正门的门卫告诉记者，在两三个月前还常能看见张怡宁，“她还挺客气的，有时会跟我们打招呼。但后来没怎么看见她了。”据记者打探，张怡宁并没有很快消失，只是被曝光住在这里后，她更多选择了从后门进出。有人曾看到张怡宁晚上回公寓，为她开车的司机分外小心，总是在外面兜一圈才在后门停下，“司机的警惕性很高，张怡宁下来后，有时候会看见她家阿姨陪着一起。”身份特殊 物业召开“张怡宁会议”据了解，这处公寓除了高标准的服务，里面高档游泳池、健身会所、图书馆、后花园等等一应俱全。而该公寓的安保措施更是到位，前台只要见到不熟悉的人走进去，都会盘问一番，他们甚至练就了“火眼金睛”的本领。“除了客人，我们还认得客人的朋友、阿姨等等，但不住在这儿的人我们更能辨认得出来。”关于张怡宁，前台接待说她确实在这里住，而且是惟一住在这儿的体育界人物。“住在这里的大多是商界的人，也有外籍人士，很少有体育方面的人，张怡宁大家都认识。”据接待介绍，张怡宁虽然住在这里，但没有接受公寓的高级管理服务，而是由自己请的阿姨照顾生活起居，“她家阿姨来这里的次数比较多，我们都眼熟，我们这儿像她这样的情况也比较多，有些人完全不需要公寓提供的管家式服务，保姆都是自己带来的。”在与记者聊天中，前台接待以不能泄露客人隐私为由，拒绝谈更多关于张怡宁的信息，他甚至还轻描淡写地说：“可能在体育界眼中，她算个大腕儿，什么都值得关心，但说实话在我们这里的客人中，她也不算什么腕儿。”尽管前台接待这么说，但记者还是通过侧面了解到，此前张怡宁被曝光住在这里已经引起公寓管理方的重视。“张怡宁进出这里被人拍到了，还登上了报纸，我们公寓物业专门开会讨论了这个事情，重申了纪律，就是要保护好客人的隐私。”记者手记乒坛明星忙转型对胃口来说，多多益善不是好事。山珍海味吃多了，看到一盘青菜加块泡菜才会口水滴答，食欲大增。看电视剧也一样，只有正义完美的英雄不够，还需要塑造让人痛骂的大坏蛋，这样才让人感到满足。很长时间，贵为“国球”的乒乓球就像一出毫无新意的佳肴，不是胜利就是包揽，让人提不起观赏的欲望。不过，在2009年，乒乓球突然变得娱乐起来，层出不穷的花边八卦，一下跃上了体育最受关注榜，而这一切都要感谢乒坛的一哥马琳、一姐张怡宁。在以前百度马琳、爱情，无非是他和白杨、张宁益的陈年往事，剩下的就只有无边无际的与夺金有关的新闻。但在2009年，一切变得不一样了，马琳接连踢翻多扇门，甚至有直追水门之势，从结婚门、离婚门到小三门、财产门，感情和金钱两大爱恨情仇的必须要素，马琳两者俱全，为所有观众演了一部情节跌宕起伏的大片。从此，有关国球的新闻大部分被花边娱乐充斥，大家提到马琳，不是问“他会退役吗？”而是问“他离了吗？”有意思的是，在马琳深陷“门”危机时，又有人来“解救”他。一向低调的乒坛一姐张怡宁结婚了！名人与资本的联姻，这本是一出再烂熟不过的戏，但是因为我们已经太习惯看到张怡宁夺冠，所以她结婚成了完全与众不同的新闻。从此，国乒再也不缺八卦猛料，有人在离婚，有人在结婚，国乒的明星突然变得很有人情味，他们也是七情六欲的主儿，不再是电视镜头前永远说着“发挥不错”的木偶人。除了马琳和张怡宁，还要感谢王皓和彭陆洋。这份队内恋情的曝光让蔡振华出来否认了“棒打鸳鸯”的谣言，国乒的故事突然变得鲜活起来。有人说，后奥运时代，中国乒乓球队开启了一个“敢爱敢恨”的时代，这是一个不错的总结。其实，在习惯了天天吃“金牌套餐”的时候，加点八卦佐料又为何不可呢？在中国，乒乓球一直承载着荣誉与梦想，正因为如此，队员乃至教练总喜欢喋喋不休说着关于金牌的危机，其实金牌本没有危机，缺了丰富性格的乒乓球才会面临真正的生存危机。2009年，张怡宁结婚了，马琳快要离婚了，王皓恋爱了。2010年，期待有更多的乒乓球猛料出现。既然像神一样的刘翔都能像小朋友一样说我小时候的梦想是当解放军，开大飞机，国乒明星们又有何理由“固步自封”呢？本报记者 盖源源我要评论,4,3,0.9984380602836609
银监会否认提高二套房贷首付比例本报讯(记者熊焱) 对市场上关于上调二套房贷首付比例至50%的传闻报道，银监会1月8日晚间回应称，银监会并未就二套房贷出台新的政策，对于提高首付比例的说法，请不要误传。有媒体近日报道称，银监会正在就二套房贷的相关政策在国有大行内部征求意见，其核心内容是将二套房贷的首付比例提高至50%，利率提高至基准利率的1.1倍，并且收回各金融机构自主决定房贷利率的权力。消息传出当日，沪深地产股大面积下挫。去年9月中旬，央行联合银监会发布通知，对已利用贷款购买住房、又申请购买第二套(含)以上住房的，贷款首付款比例不得低于40%。记者了解到，目前商业银行二套房首付目前为四成，至今尚未收到银监会相关通知。利率方面，各银行二套房贷不同，有的银行执行基准利率上浮10%，有的银行的房贷利率有优惠，可达到基准利率7折。尽管银监会否认了提高二套房贷首付的传闻，但也有业内人士认为，出于稳定房价、打压投机行为以及保民生等多方面考虑，监管部门对于二套房贷的政策肯定会趋紧。我要评论,4,1,0.7853032946586609
"外媒选出世界上九个最不受待见的城市(组图) 世界上最大的独立旅行出版商Lonely Planet以Cities You Really Hate(真让人讨厌的城市)为题在自己的网页上列出了9个世界上最不招人待见的城市。墨西哥 切图马儿(Chetumal)在这个名单上排名第9的是墨西哥的边界城市切图马尔(Chetumal)，上榜原因是这个城市是个大众旅游的地方，缺乏魅力。坦桑尼亚 阿鲁沙(Arusha)排在第8名的是坦桑尼亚的阿鲁沙(Arusha)，是通往大自然的门户，城市本身不可多呆，越早离开越好。印度 钦奈(Chennai)第7名是印度钦奈(Chennai)，要说也算个大城市，但是没有孟买的繁华，没有德里的历史，也没有班加罗尔的热闹，据说来自那里的女影星都不够热辣性感。萨尔多瓦 圣萨尔多瓦城(San Salvador)第6名是萨尔瓦多的圣萨尔瓦多城(San Salvador)，据说是中美洲国家中黑色污垢最多的首都。英国 伍尔弗汉普顿(Wolverhampton)第5名是英格兰中部城市伍尔弗汉普顿(Wolverhampton)，Lonely Planet的评价很简单：So bad that we don’t even have it on this site(实在太差了，本网站都没有介绍这个城市)。美国 洛杉矶(Los Angeles)第4名是美国的洛杉矶(Los Angeles)，洛杉矶入选是因为该城市的污染、交通拥堵，还有特难看的高速公路网。韩国 首尔(Seoul)排在最不受欢迎城市榜单第3名是我们的邻邦韩国首尔(Seoul)，用一个网友的评价来说，首尔到处是“苏式水泥建筑群”，污染严重，毫无生气，老百姓只能借酒浇愁。加纳 阿克拉(Accra)第2名是西非加纳首都阿克拉(Accra)，ugly(丑陋), chaotic(混乱), sprawling(杂乱无序)，毫无海滨城市特色。美国 底特律(Detroit)美国的底特律(Detroit)夺得Most hated cities的头筹，理由是治安不佳、环境污染，以及每况愈下的城市基础设施。我要评论",4,5,0.9979374408721924
冯小刚获赠杭州西溪别墅 一部《非诚勿扰》，让很多观众知道了杭州西溪，西溪湿地公园因此游客暴增。景区一直有传言说，当地政府为了感谢冯小刚拍摄这部电影，把电影中出现的西溪湿地别墅送给他使用。日前，浙江影视集团董事长倪政伟证实了这一说法。倪政伟2009年7月13日对记者说，《非诚勿扰》中，葛优在西溪打电话的那栋别墅，目前已成为冯小刚的杭州工作室，这算是政府对他的奖励。但冯小刚只有使用权，没有所有权。我要评论,4,2,0.9965121150016785
银行业协会叫停房贷返点晨报讯（记者 张晓莉）记者昨日从房地产中介机构获悉，去年最后一天，中国银行业协会悄然给会员银行下发了一份通知，要求各商业银行停止向房产中介和房贷中介机构以各种形式支付返点。全国范围内叫停此类返点的序幕正式拉开。这份中国银行业协会的通知名为《关于规范做好个人房地产按揭贷款业务维护市场秩序的自律共识》。该协会明确提出：自今年1月1日起，停止以任何形式向房贷中介及其从业人员支付与所提供的服务不对称、纯粹业务介绍的“返点”费用。早在去年11月，上海、深圳、大连和杭州等地的银行同业协会陆续推出类似的房贷“自律公约”，要求本区域内的银行停止以任何形式向房产中介和房贷中介机构支付返点。北京的主要国有银行和部分股份制银行也在去年末停止向中介机构提供返点。但是，返点行为并未就此停止。多家中介机构表示，不少银行仍在变相提供返点。中易安房地产担保有限公司市场总监徐东华认为，房贷返点已经成为银行争抢房贷市场份额的主要竞争手段，而要想彻底杜绝这种“潜规则”，仅仅依靠行业自律显然不够，需要银监会等监管部门介入并明确违规责任。他表示，国外也存在银行向房贷中介机构支付佣金的情况，但通常都要求必须向消费者明示且不得超过核定限额，否则将被视为商业贿赂行为。到目前为止，我国还没有相应的明确规定。■新闻资料房贷返点在房贷按揭市场的竞争中，银行为了从房产中介和房贷按揭服务公司获得贷款业务，通常会向这些机构支付佣金。佣金的水平不一，一般是按揭贷款额的0.3%到接近3%，而一线城市的水平大约在0.5%至2%之间。这项佣金在业内被称为“房贷返点”。■新闻链接叫停“返点”影响不一对贷款人：服务费可能提高资深房产中介人士分析，叫停返点之举可能导致中介提高贷款服务费，但目前没听说有机构考虑提高。记者从多家中介了解到，北京的房产中介贷款服务费收费标准大致为：贷款额度在一定金额以下收费3000元左右，超过部分每1万元加收50元。一笔100万元贷款的服务费大致在6000元。在实际操作中，中介机构一般不会收取超过份额的加收费用。取消返点后，房产中介向客户收取的贷款代办费用出现上升空间，但在实际操作中，中介会根据市场情况决定是否提高。对中介机构：扩张稍有放慢中易安房地产担保有限公司市场总监徐东华认为，叫停返点对中介影响有限。目前中介的主要盈利以促成交易所收取的交易佣金为主，房贷返点收入一般只占房产中介收入的15%至20%。并且，即使取消房贷返点，房产中介仍然可以向消费者收取一定数额的贷款代办费用，其整体利润损失不会很大。但是，该笔现金流的缺失会使部分房产中介的扩张步伐稍有放慢。晨报记者 张晓莉我要评论,4,1,0.9695649147033691
住建部：五措施抑制投资投机性购房 昨日上午10时，国务院举行新闻发布会，召集住房城乡建设部副部长齐骥和国家发展改革委、财政部、国土资源部、人民银行、银监会六部门相关领导，介绍《国务院办公厅关于促进房地产市场平稳健康发展的通知》（简称“国11条”）具体内容，并答记者问。新闻发布会上，齐骥表示，去年下半年以来，随着房地产市场的回升，市场供需矛盾加剧，房价持续上涨，部分城市投资投机性购房大幅上升，进一步推动了房价过快上涨。对此，国务院明确要求进一步加强和改善房地产市场调控，在鼓励和支持居民合理住房消费同时，抑制投资投机性购房，促进房地产市场平稳健康发展。主要政策措施：一是增加普通商品住房和保障性住房有效供给。二是加大差别化信贷政策执行力度，继续实施差别化的住房税收政策，合理引导住房消费，抑制投资投机性购房需求。三是加强防范风险和市场监管。四是加快推进保障性安居工程建设，力争到2012年末，基本解决1540万户低收入住房困难家庭的住房问题。五是落实地方各级人民政府责任。五部门详解“国11条”热点城市增加限价房供应f住房城乡建设部副部长齐骥齐骥表示，“国11条”的目标就是要在今年房地产市场调控工作中，重点做三件事：一是要增加供给，而且主要是增加普通商品住房的供给。他更明确说：“对于房价较高、上涨比较快的地方，在增加普通商品住房的同时，也要增加限价商品住房、经济适用住房、公共租赁住房等带有政策和保障性质的住房。”而在增加供应方面，他表示一定要增加中小套型普通商品住房供应的比例。“简单来说，建一套140平方米的房子可以建两套70平方米的房子，两套就是增加了供应的户数。”二是要合理引导投资消费，抑制投资和投机性购房。明确商品房的定位首先是满足居住，遏制不合理的住房消费，使得商品住房的供求关系更加平稳。三是要加快保障性住房的建设。他首次提出，国家将启动城市和工矿棚户区改造，“今年将有600万套左右这类的房子开工建设”。另外，他在回应记者关于中国房地产市场是否形成泡沫问题时，明确表示在中国的一些热点城市特别是沿海城市当中，商品住房的价格偏高。正因为此，他要求一些热点城市增加限价普通商品住房的供应，主要是满足普通群众或者中低收入群体能够支付得起的住房。月底前处理完1万公顷闲置地国土资源部副部长?小苏“截至2009年底，全国仍然约有1万公顷闲置土地，我们正在安排清查处理，要求各地在2010年1月底之前，基本处理完毕”，在答记者问时，国土资源部副部长?小苏公布了全国清查闲置土地的情况，并明确了处理目标。他表示，土地闲置大体有两类原因：企业自身原因造成的在1万公顷中占46%左右；占54%的闲置土地主要是政府原因、政府有关部门工作原因造成的，包括规划调整、土地经济纠纷造成司法查封等原因，造成土地不能按期开发。另一方面，他也强调，目前开发商手上的土地可以保证今后两三年的开发，广大群众不需要担心无房可买的情况。他说：“截至2009年底，全国房地产开发企业手中已经拥有近300万亩的土地，保证今后两三年房地产开发用地是没有问题的。另一方面，全国各级土地储备中心截至去年底，储备土地22万公顷以上，增加房地产供地和实施房地产用地调控应该说也完全是有保障的。”严格二套房首付不低于四成要求银监会副主席王兆星据悉，“国11条”中有关二套房贷首付不得低于四成的规定最受广大市民关注。对此政策，银监会副主席王兆星解释，对个人住房按揭贷款的第二套以上的带有投资和投机性的，也就是为了未来出售和价值增值而购买住房的行为实行有效的风险控制。对于第二套以上住房的，要严格坚持首付成数不低于40%的要求。而且要对个人房贷的申请者进行有效的调查、核实，并且严格落实面谈面签制度。同时对个人住房按揭贷款申请者的收入情况和还贷情况以及还贷的记录进行相应的调查。他也指出目前房地产的开发贷款和个人住房按揭贷款已经占到贷款的增量和整个贷款余额的20%左右，银行也会积极支持中国房地产业的健康平稳发展，贯彻中央的惠民生、支持低收入群体住房条件改善的基本需要，在贷款的发放以及相关方面给予支持和优惠。不支持投资投机性购房按揭人民银行金融市场司司长穆怀朋“国11条”明确规定，要加大差别化信贷政策的执行力度要求金融机构、贷款利率严格按照风险定价，其中二套房贷利率如何定成为关键点。对此，人民银行金融市场司司长穆怀朋表示这个政策主要还是防范信贷风险，“我们鼓励商业银行支持自住性购房需求，对于其他的投资投机性购房需求，商业银行原则上不予以支持”。他也提出，贷款利率严格按照风险定价即会对抵押贷款实行差异化定价，上限放开，实行下限管理。税收政策支持棚户区改造财政部部长助理王保安据悉，今年国家将加大对城市和国有工矿棚户区改造。对此，财政部部长助理王保安明确财政部会在税收优惠政策上给与支持。其包括三方面内容：一是对城市和工矿棚户区改造的安置住房免税。二是对城市和国有工矿棚户区改造中的安置住房项目免收行政事业性收费和政府性基金。三是作为政府对于棚户区改造中的经济适用住房和廉租住房用地实行划拨供应，免收土地出让金。我要评论,4,7,0.5246730446815491
传印花税下周恢复双边征收 官员称并未听说昨日(15日)，市场开始传言周末将公布证券交易印花税恢复双边征收政策，下周四起实施。另据消息称，此次调整只是对机构(法人)投资者交易印花税恢复双边征收。国家将用税收杠杆增加机构大资金投资者倒仓成本，避免股市暴涨暴跌，保护投资者利益。据新浪财经报道，财政部相关负责人称未听说此消息，财政部财科所所长贾康亦表示如果有政策会正式通知，不会这样传，传的都不靠谱。在此次传言中，有一个版本是此次信息源是华泰证券，而该券商高层亦表示，未听说此传言。市场人士普遍认为，提高印花税对股市是重大利空，而目前大盘的点位并不高，特别是蓝筹板块经过持续调整，估值已经处于合理区间，并没有出台此政策挤泡沫的理由。从昨日股市反应来看，大盘也并没有受此传言的影响。不过，所谓无风不起浪，这一传言在股民中还是引发了较大的担忧。因为2007年财政部在5月30日凌晨提高印花税，让A股经历了“5·30”地震。有此前车之鉴，加上近期小盘股涨得太厉害，不少股民担心相关部门真的会调整印花税。此外，中国国家税务总局昨日还公布，2009年证券交易印花税下降47.9%。在证券交易印花税大幅下降的背景下传出调整印花税的消息，难说是空穴来风。我要评论,4,1,0.7496273517608643
各家银行住房公积金购买二套房列表&nbsp;各家银行住房公积金购买二套房列表 银行/首付比例办理程序中国建设银行[5.88 -0.17%]一手房不低于20% ，二手房不低于30% 需要城镇户口，本地户口需缴存公积金6个月以上，外地户口需缴存公积金12个月以上中国工商银行[5.08 -0.20%]不低于30% 本地户口和外地户口的缴存时间没有规定，但外地户口的须在本地工作满一年中国农业银行不低于20% 本地、外地户口的均没有区别中国银行[4.16 0.00%]一手房不低于 20% (无年限限制)二手房不低于30% (年限20 年)外地户口的需本地工作，缴存公积金半年以上中国交通银行[8.74 0.69%]一手房比例不低于 20% ，二手房比例不低于30% ，户口不受限，需在广州工作我要评论,4,1,0.8215509057044983
"汇通滨水动漫城 打造新年精气神新年伊始，对于广大动漫艺术爱好者而言，京东动漫文化基地——汇通滨水动漫城的基建完工无疑是严寒中的一股暖流，让大家都卯足了创作的精气神。这个集艺术、文化、商业、办公、娱乐于一体的复合型国际化动漫基地将为动漫创意者搭建专业的平台。动漫产业给人以梦想，以快乐，它是文化产业中极具生机的组成部分。作为一项朝阳产业，高科技、高投入、高产出的要求，决定了动漫产业必然要走一条高度集中发展之路。在动漫产业发展相对成熟的美国和日本，他们的经验也告诉我们，动漫产业不可能遍地分布。正是基于历史的经验借鉴，加之北京市和朝阳区大力发展文化创意产业的机遇，汇通滨水动漫城应运而生。坐落于北京朝阳区三间房“运河·新时尚”滨河景观带的汇通滨水动漫城属于通惠河文化创意产业规划区的配套商业综合项目之一。汇通滨水动漫城拥有占地30,000平方米的动漫设计工作室，可作为入驻企业的载体。动漫城建筑格局中提供六种不同风格的工作室，适合各种需求的动漫企业和个人自由创作。此外，与动漫城相邻占地15,000平方米的文化艺术中心更为该区增添了一道浓厚的文化色彩。发展动漫产业是一项涉及多个环节、多个领域的系统工程，拥有一个设施完备，文化氛围浓郁的创作环境无疑是形成完整动漫产业链条的前提条件。不久的将来，滨水动漫城，将汇聚国内外动漫大师级专家和国内动漫领域一线精英，通过搭建专业交流与互动平台，缩短与国际最顶尖水平的差距，掌握产业前沿动向，促进产业合作，提升北京动漫设计企业和工作室的技术水平，推动北京动漫产业发展。据悉，汇通滨水动漫城将于2010年6月30日正式投入使用。我要评论",4,6,0.8932573199272156
伦敦人被逼住船屋2010年初英国福克斯顿船屋中介公司推出“史上最贵”船屋“海洋号”，售价100万英镑，居住面积129平米。买不起房的伦敦年轻人，花几万英磅买艘船屋住在河上。外表简陋，里面却样样齐全。浪漫又实惠，就是泊位不太好找。“当砖瓦不再有吸引力，尝试一下水上生活，那可能会成为快乐生活的起航码头。”英国专栏作者阿曼达·里利琼斯这样说。在英国，这正在成为一种新兴潮流。高昂的房价、低迷的经济让越来越多的人放弃买房，选择居住在船屋里，以一种颇具诗意的方式享受着“蜗居”生活。年轻人初次置业选船屋27岁的希安·奥尼尔和尼克·奥斯丁是生活在伦敦的一对年轻情侣。由于囊中羞涩，他们选择花2万英镑购买一艘船屋。随后，奥尼尔和奥斯丁又花费1万英镑，将这艘船屋装扮成了一个真正的家。奥尼尔总结说，船屋生活“浪漫得不可思议”，不过冬天有点冷。近年来有调查显示，越来越多的英国夫妇在孩子长大离家后选择卖掉郊区的房子，住到生活方便、环境优美的位于城市水系上的船屋里。此外，由于价格低廉，年轻的初次购房者、由于经济趋紧而被迫换房者都是购买船屋的主力群体。中年人囊中羞涩DIY船屋从2000年以来，英国船屋的数量几乎在以每4年翻一番的速度增长。46岁的多米尼克·韦伯斯特是一名建筑师。他曾经在伦敦北部的海格特拥有一间公寓。但是，现在他的家安在伦敦东部布莱克沃港区的一条驳船“精益求精号”上。韦伯斯特说，他离婚后一度经济紧张，而过去乘坐游艇度假的经历让他对水上生活十分向往。2003年，韦伯斯特花了3.5万英镑买下一艘船屋，然后花了7.5万英镑重新装修。船屋里的装饰几乎都是韦伯斯特DIY完成。他参照网上和杂志上的游艇照片，梦想把这条船改造成一条“经济型超级游艇”。2008年，韦伯斯特的船屋被重新估价为18.7万英镑，他说：“这个估价很棒，但是住在船上是一种生活方式，而不是为了投资。”韦伯斯特的船里安装了宽屏幕电视和苹果电脑。韦伯斯特说：“我有暖气、宽带、洗衣机，普通房子所有的一切这里都有。”年轻白领尝鲜租船屋除了自己购买船屋，很多人选择了租住的方式。25岁的金融分析师克里斯蒂安·洛克就在泰晤士河上一个船屋公寓里租了一间房子，每月租金为650英镑。他说：“我并不想拥有一艘船屋，但我很想住。而且，如果在陆地上租这样一间公寓每个月租金至少1000英镑。”英国的名人中也不乏船屋业主。50多岁的英国著名演员尼格尔·普兰内尔住在泰晤士河上的一条大船上已经有好几年了。（马晶）■ 不利因素船屋泊位难找按揭贷款更贵诗意浪漫从来都没那么容易拥有。一条最基本的船屋售价是2万英镑，但是泊位和其他费用也是一笔不小的开支。船屋泊位由英国水运局和私人业主提供，其使用权限从6个月到125年不等。泊位除了供船屋停靠外，还提供天然气、污水排放、电等基础设施服务，有时候还能接入宽带和数字电视。如果没有泊位，船屋只能临时停靠，每隔10多天挪一次位置，否则将支付高额罚款。2009年英国拥有泊位的船屋只有约3000艘。一艘拥有10年以上泊位使用权的船屋价格比没有泊位使用权的船屋高2到3倍。另外，按揭购买船屋的贷款利率也比普通房屋高不少，贷款额也有限制。业主每年还要为船屋支付保险，通常是3500英镑一年。如果租用的是英国水运局的泊位，那么每年需要额外花费80到120英镑购买安全证书。在泰晤士河上停泊的船屋还需要伦敦港的许可证。每隔几年，业主还需要对船屋进行保养，每次耗资也在数千英镑。（马晶）我要评论,4,5,0.9563113451004028
李宁三亿港币豪宅曝光2010年1月21日，香港，前体操王子李宁在香港购置的豪宅。前体操王子李宁退役后创办的李宁有限公司从1990年发展至今不单成为中国最大的体育用品零售商，更是全球第四大体育用品产业公司，公司市值达38.61亿美元。自李宁自曝已经移居香港后，有香港记者发现李宁一家三口现居豪宅之王“香岛道33号”一间6000尺的独立屋，市值3亿港元，尽显尊贵身份。而9岁的爱子李小宁就读于某国际学校，每年学费约13万港元。 延伸阅读我要评论,4,3,0.9141237139701843
"汇通滨河动漫城：以特色积聚创意能量过去的2009年称得上是动漫产业在中国激情燃烧的一年。一方面是国家的扶持政策为动漫产业的枝繁叶茂灌注了活力，另一方面是国人对动漫观念的更新，形成了巨大的文化需求，刺激了动漫市场的空前活跃。基于两股合力的作用，全国各地动漫产业计划如火如荼的进行，其中最受关注也是饱受争议的一项就是关于动漫基地的打造。事实上，无论从艺术创造需求的角度，还是从提升经济价值的角度，打造具有可持续发展潜力的特色动漫基地都是一项值得称快的事情，关键的问题就在于特色和潜力在哪里。正是基于对动漫产业基地特色发展的前瞻考虑，由北京市朝阳区政府策划，三间房乡政府主办的通惠河文化创意产业规划区项目中突出设置了滨河动漫城这一项目。在特色发展上，滨河动漫城首先着眼于个性化动漫设计工作室的建造，30,000平方米的动漫设计工作室助力要成为滋养动漫设计人才的土壤和容纳创意成长的空间。日前该动漫城封顶之后，动漫设计工作室的庐山真面目也正式浮出水面，与世界顶级动漫设计工作室媲美的个性工作空间，环绕15,000平方米的文化艺术中心，优越的硬件设施和浓厚的文化氛围成为吸引大批动漫设计人才重要条件。有业内人士表示，如果规划得当有效，滨河动漫城将在未来几年内成为京东地区最具创造力、影响力和经济实力的动漫产业基地。我要评论",4,6,0.7854194641113281
"多数央企5年内退出酒店业本报讯 (记者钟晶晶) 经过2年多的摸底，央企宾馆酒店辅业剥离重组工作全面启动。国资委网站昨日发布消息，从今年起在央企范围内正式开展非主业宾馆酒店分离重组工作，计划3年-5年内完成。根据国资委的总体方案，剥离出的非主业宾馆酒店业务将重组到以宾馆酒店业为主的优势央企。涉及资产达千亿据统计，央企旗下的宾馆企业不下2000家，其资产也高达上千亿元，几乎每家央企旗下均有宾馆酒店业务。如中石油集团旗下200多家酒店宾馆等，其中的核心酒店资产已陆续通过划拨、股权转让等方式进入了其子公司华油集团，华油集团为此专门成立了阳光酒店集团，旗下拥有60多家酒店，去年底台湾桃园东森山庄等3家台湾饭店也相继加盟。中石油集团在海外的酒店资产也将通过委托管理的方式陆续装入华油集团。其他有酒店资产的央企包括：中石化、中国电力、中国航空、中国铁路、中国电信、中国烟草、中国银行、中国航天科技、中国中旅、香港中旅、中粮集团、华侨城(企业专区,旗下楼盘)集团、中国农行等。多数央企退出酒店经营国资委计划剥离重组央企非主业宾馆酒店业务，在2007年已露端倪。2007年8月，国资委向央企发出通知，要求摸查中央企业集团总部及各级子企业投资开办的宾馆、酒店、接待中心、招待所、度假村等单位。并将调查报告交由国资委改革局，研究重组事宜。此次重组方向遵从合并同类项原则。国资委昨日明确表示，央企非主业宾馆酒店业务将通过国有产权无偿划转、协议转让、市场转让等方式，重组到以宾馆酒店为主业的优势中央企业。而此后未经国资委批准，不以宾馆酒店为主业的中央企业，不得再投资新建经营性的宾馆酒店。重组方案由不以宾馆酒店为主业的中央企业制定后再报国资委批准后组织实施。“华侨城、中粮等受益”“剥离非主业酒店宾馆业务符合国资委要求央企做强做大主业的方向，经过前期的调研现在也到了合适时机。”国资委有关负责人士对记者表示，目前以酒店宾馆为主业的央企如华侨城、中粮集团、港中旅都将是此次资产剥离的主要受益者，但目前具体方案没有出台，年内可能也不会有具体结果。北京科技大学教授刘澄认为，作为对于目前盈利较好的非主业酒店资产，进行产权无偿划拨的难度非常大。他认为，在主业和非主业的划分上切不可一刀切。我要评论",4,7,0.8901616334915161
银行家千万买豪宅 一年被淹80次新快报讯 广州房子贵，豪宅更贵，并且，大凡和“江”字套得上近乎的房子，价格都高得一塌糊涂。虽然如此，在英国泰晤士河畔购得一处千万豪宅的银行家艾迪安·荷德，却是被气得一塌糊涂。据英国《每日邮报》27日报道，2006年，荷德以190万英镑(逾2000万元人民币)购买了泰晤士河畔江景半独立别墅，没想到梦魇就此开始———泰晤士河河水每年都会熟门熟路地去“造访”他家的草坪，甚至将其全部淹没。平白无故多了一个“露天游泳池”，荷德却气坏了：“我们可不想生活在一个洪水平均一年光顾80次的房子里。”一怒之下，荷德以前房主未尽告知义务而将后者告上了法庭。我要评论,4,1,0.8508018255233765
2010年十大旅游地 中国排第八榜单认为 中国的特点是融汇现代和传统 上海世博会也能吸引游客今晨据英国媒体报道，美国旅游公司Gate 1 Travel刚刚出炉了一份“2010年十大旅游地”的榜单，为那些还在犹豫去哪里旅行的人指出了最佳旅游地。此次，中国在榜单中名列第八，而在2008年世界旅游论坛公布的全球130个国家、地区排行中，中国大陆旅游竞争力仅排在第62位。1.意大利点评：从托斯卡纳区的群山到罗马古城的废墟，意大利因其无与伦比的美景、美食和购物而闻名。旅行者经常会流连于宽广的农村地区。对于大多数人而言，最具吸引力的还是这个国家悠久的历史。2.埃及点评：想要度过一个既经济实惠又颇具魅力的假期？埃及在这方面排名很高。那里不仅政局稳定，还是吉萨大金字塔的所在地。尽管全年高温，但旅行者似乎从未对多面的埃及感到厌倦。3.希腊点评：美丽的景色加上文化和历史的碰撞使得希腊一直是个受欢迎的旅游目的地。美丽的沙滩、古老的遗址和神的旨意吸引着年轻人，度蜜月的人常常选择希腊浪漫之旅。4.土耳其点评：与埃及类似，土耳其成为跨国旅行者目的地之一的原因是其成本可接受性。抵达土耳其，游客便陶醉于独特的历史和考古遗迹、雄伟的高山和峡谷、湖泊、河流、瀑布、城堡、清真寺以及美丽的海岸线。5.秘鲁点评：作为马丘比丘城堡所在地，秘鲁在最近几年内成为受欢迎的旅行目的地。17世纪的建筑、印加遗址以及无人去过的丛林——秘鲁等待你去发掘。首都利马不仅是金融中心还是文化中心，古老的印加首都库斯科每年都吸引将近百万名游客。6.Oberammergau(上阿莫高)点评：Oberammergau(上阿莫高)是巴伐利亚的一个小村，坐落在德国中南部阿尔卑斯山脉沿线、阿莫尔河附近。但并非是这个镇子优越的地理位置吸引着游客——这里是世界著名的壁画村。那些壁画大都由上阿莫高本地人在1634年创作，描述耶稣的最后几日。7.约旦点评：坐落于中东核心地区，有着重大的宗教和历史意义。来旅游的人大多会去探索约旦河、最受欢迎的城市玫瑰红城佩特拉、死海。8.中国点评：凭借快速增加的基础设施和起飞的经济，中国融汇了现代化的复杂性和丰富的传统性。这种独特的混杂特点使得这个国家成为受欢迎的旅游地。那儿有享有盛名的长城以及拥有白色圆形大理石祭坛的天坛，其它受欢迎的城市包括最古老的城市之一西安，还有2010年举办世博会的上海，也能吸引游客。9.印度点评：拥有超过十亿人口的印度是世界上最具多元化的国家之一。在德里，游客能看见华丽的印度教寺庙和世界上最高的独立式砖尖塔库图米纳尔塔。德里不远处是泰姬陵所在地阿格拉市。印度不仅拥有美丽的风情而且经济实惠。10.哥斯达黎加点评：火山、瀑布、野生动物，哥斯达黎加已迅速变成一个受欢迎的生态旅游地。寻求刺激的旅行者可以领略到生物多样性，也能够进行各种冒险活动，如滑索和吊桥。当墨西哥正从2009年的流感恐慌中恢复的时候，哥斯达黎加越来越受欢迎。编译/尹晓琳  记者 黎史翔我要评论,4,5,0.9955867528915405
信贷或在下半年开始收紧1月18日央行正式上调存款准备金，这被理解为宏观调控政策转向的信号，市场也越来越担忧流动性将开始收紧。而分析人士称这种情况将在2010年下半年出现。近期市场对货币政策转向的预期已十分明显，业界普遍预计2010年的信贷投放将大大减少，货币政策必然越来越紧。受此影响，上证指数自1月18日上调存款准备金以来已经下跌了超过7%。不过，记者从央行人士处获悉，管理层确定上半年新增贷款规模仍为5万亿元左右，一、二季度分别为3万亿和2万亿，与年初确定的目标基本一致。而在1月27日的银监会召开的各商业银行工作会议上则确定了2010年信贷新增投放7.5万亿，与此前市场预期基本吻合。对此，分析人士称，2010年上半年5万亿的新增信贷与2009年差别不大，但按照银监会的表态，2009年下半年的新增信贷量将骤降至2.5万亿，到时流动性收紧的影响将会显现。但据某商业银行内部人士称，2010年的经济局势十分复杂，信贷增量可能也会按月进行调整，现在可能根本无法给出具体数字，银监会方面也根据实际情况随时调控。兴业银行经济学家鲁政委此前曾撰文预测， 1 月份新增贷款可能在1.2~1.5 万亿之间，中值1.35 万亿，无论从绝对量还是从同比增速来看，均将低于去年同期。他还认为今年2月不可能出现加息。式上调存款准备金，这被理解为宏观调控政策转向的信号，市场也越来越担忧流动性将开始收紧。而分析人士称这种情况将在2010年下半年出现。1月18日央行正式上调存款准备金，这被理解为宏观调控政策转向的信号，市场也越来越担忧流动性将开始收紧。而分析人士称这种情况将在2010年下半年出现。近期市场对货币政策转向的预期已十分明显，业界普遍预计2010年的信贷投放将大大减少，货币政策必然越来越紧。受此影响，上证指数自1月18日上调存款准备金以来已经下跌了超过7%。不过，记者从央行人士处获悉，管理层确定上半年新增贷款规模仍为5万亿元左右，一、二季度分别为3万亿和2万亿，与年初确定的目标基本一致。而在1月27日的银监会召开的各商业银行工作会议上则确定了2010年信贷新增投放7.5万亿，与此前市场预期基本吻合。对此，分析人士称，2010年上半年5万亿的新增信贷与2009年差别不大，但按照银监会的表态，2009年下半年的新增信贷量将骤降至2.5万亿，到时流动性收紧的影响将会显现。但据某商业银行内部人士称，2010年的经济局势十分复杂，信贷增量可能也会按月进行调整，现在可能根本无法给出具体数字，银监会方面也根据实际情况随时调控。兴业银行经济学家鲁政委此前曾撰文预测， 1 月份新增贷款可能在1.2~1.5 万亿之间，中值1.35 万亿，无论从绝对量还是从同比增速来看，均将低于去年同期。他还认为今年2月不可能出现加息。我要评论,4,1,0.5874093770980835
四大行暗抬北京首套房贷 首付四成享7折优惠现身    山雨欲来风满楼。近期，北京部分银行取消首套住房7折优惠利率的消息不绝于耳，对此，四大行北京分行人士对媒体表示，目前还按照原来的政策执行，并未出现利率优惠调整。但是，情况真的如此吗？记者以购房者身份走访了几家银行营业部，却得到相反的答案。想办7折优惠利率很难记者在中国银行某营业点咨询办理房贷利率是否还能打7折优惠时，该行工作人员表示，现在首套房想办7折优惠利率也很难了，除非银行觉得贷款人的资质非常好。记者询问是否有接到新的政策通知时，该工作人员表示：“虽然政府还没有出台新的房贷政策，但我们银行有自己内部的政策规定。现在房贷政策紧缩，到了2月份也不见得会很好，办房贷现在需要审批很长一段时间。”建设银行房贷经理张先生告诉记者，现在银行内部办房贷的政策也是一天一个样，如果想要办7折利率的房贷，除非首付比较高，起码得首付四成以上。对于二套房贷，张先生表示，现在银行均要求首付四成以上，不过银行会根据客户的资质给予一定的利率优惠。而北京银行的工作人员则告诉记者，北京银行已经取消了二套房的利率优惠，需按照央行的基准利率支付贷款利息。相比四大行，各个股份制银行的房贷似乎好办一些。“我们现在没有接到通知取消首套房7折利率优惠，因此申请的时候也还是按照7折办理，但不能保证首套房肯定能做到7折利率。目前房贷申请需要3天的评估时间，4天的审批时间，通常在7-10天的时间内完成流程。”中信银行的一名房贷经理告诉记者。临近月末，有市场人士预计，1月份的信贷有可能超过1万亿，有消息称1月第一周全国信贷投放达6000亿元，第二周更高达8000亿元，引起了监管机构的关注，央行于14日宣布提高银行存款准备金率0.5个百分点。另外，由于去年底银监会的新通知规定，禁止银行通过信贷类理财产品转出自身存量信贷资产，商业银行无法再通过信贷理财产品的发售将表内资产转移至表外，也影响了银行新增贷款的规模。房贷影响下半年显现据北京市房地产交易管理网的数据显示，截至1月26日，二手房签约数为11462套，相比2009年12月份的41743套，下滑了70%以上。亚豪机构市场总监郭毅告诉记者，1月份前20天，一手商品房的成交量环比下降了48%。郭毅表示，由于决策层频频对房地产市场发出调控信号，对房地产市场的影响很大。信义房屋建外大街店主管易华对记者表示，目前为止，客户申请的房贷如果符合标准，还是按照利率打7折来办理。“房屋成交量大幅度下滑，这是由于政府调控的力度加大，打击投机性需求的态度非常坚决。”易华分析道，“投资客购买房产，当然要最大限度地利用银行贷款，他们当然不会用100万全款买一套房，而肯定是要用20万首付贷款买5套房。现在政府调控房地产市场，导致房地产投机的成本增加，如利息、中介佣金、税费等，因此房屋成交量下降不可避免。”易华认为，房屋成交量下降，利率优惠的调高并没有起到全部作用。“一是在政府调控的情况下，购房者的心理预期下降，看跌房价，因此作出观望；二是去年9月28日出台的新规定，银行贷款需要严格参照网签合同，杜绝了阴阳合同；三是去年底和今年初收紧税收优惠政策的规定。政策出台后的效果有一定的滞后性，现在这一系列的措施导致了1月份成交量的下跌。”据链家地产市场研究部近期发布的报告显示，过去三年北京二手房价格平均上涨了120%，大兴、昌平涨幅分别高达166%和140%，由于政策的延缓，今年上半年楼市对各种调控政策的反应可能会以成交量的萎缩为主，下半年房价会出现明显反应。易华认为，房屋成交量支撑着房屋的价格，如果成交量一直下跌，那么房价不会支撑太久，尽管现在看来房价还是上涨的势头，但恐怕已经是强弩之末。从北京一些房地产中介公司的信息来看，1月份北京二手房市场已经出现明显的议价空间，大部分二手房的成交价格比挂牌价格下调了1.5%-2.5%的价格。而在去年12月份，65%的房源成交价格都高于挂牌价格２%-３%。月供将增加多少？银行房贷7折利率优惠或将取消的传闻愈演愈烈，尽管银行表示存量房贷暂时不会受到影响，但是很多新申请的房贷很有可能不再是7折优惠，调高为8.5折优惠，而二套房也很有可能不再享受任何利率优惠。一旦最低优惠利率由7折变为8.5折，贷款人需要多支付多少利息呢？假设贷款100万元，贷款期限为30年，选择等额本息的还款方式，如果按照7折利率优惠，每个月的月供为4865.69元，总共需要支付利息大约是75万元；如果是8.5折利率，每个月的月供为5398.20元，总共需要支付的利息约为94万元；如果是二套房基准利率不打折，每个月的月供为 5956.98元，总利息高达114万元。（季小舟/文）我要评论,4,1,0.9594860672950745
"监管层要求银行收紧二套房贷 违规行长将被问责据中国之声《央广新闻》1月30日11时45分报道，关于银行收紧二套房贷款政策，日前有监管层发出指示，要求银行全面收紧二套房贷款政策，包括所谓改善型住房在内的所有二套房均要执行首付四成的比例，一旦出现违规，行长将被问责。监管层是在最近召开的一次形势会议上对于今年的信贷政策进行了明确定调，其中调整个人房贷和开发贷是今年的重点工作。而对于此前有部分银行对于改善型住房还存在界定不清的情况，监管层明确表态，无论是不是改善型住房，只要是二套房就一律要实行首付四成的比例。一直以来，高息揽储、贷款直接流向股市是银行业的两条高压红线，而此次对于二套房贷款政策的严控程度，已经可以算是第三条红线了。二套房首付四成的比例是铁定的，各家银行都不能触线。如果违规，将直接找行长进行问责。虽然此前也有消息称，不少银行借政策空当低首付抢个贷客源，但日前有媒体以购房者身份咨询了几个主要的银行，就发现目前申请二套房商业贷款首付比例都已提至四成，而即使是通过相熟的按揭公司，也无法申请到低于四成的首付比例。现在大部分银行依然有二套房的利率优惠政策，优惠幅度从10%到29.9%不等。比如中国银行要求首付4成目前利率政策未明；农业银行首付4成基本利率下浮29.9%，还有改善型住房优惠；工商银行4成基本利率上浮10%，有改善型住房优惠；建设银行4成基本利率，有改善型住房优惠。对此，,银行方面解释称，监管层方面的指导思想是在四成首付比例之下，具体利率按照市场化定价来确定。这种方式更加科学，银行会根据自己的情况以及客户对于银行的贡献度来确定最终的利率。不过，也有银行表示，如果在目前基准利率表基础上打七折，则年息为4.158%，而目前中等银行的资金成本情况已经接近4%，银行做七折房贷业务已经是微利。(记者梁盛)我要评论",4,1,0.8639155626296997
北京朝阳：创意产业让通惠河魅力四射1月25日，坐落于北京朝阳区三间房“运河•新时尚”滨河景观带的精品酒吧CLUB AMANNI激情开业，Club Amanni秉承复古曲风与前卫炫音相结合舞曲理念，融入流行的R&B、HipHop和说唱元素，京东地区又一生活潮流新领地开始在通惠河沿岸散发时尚魅力。CLUB AMANNI所在的运河•新时尚餐饮酒吧街，属于通惠河文化创意产业规划区的配套商业项目之一，在同一规划区中还包括倍受关注的滨水动漫城和汇通时尚购物中心。创意产业的强势进驻，给通惠河沿岸带来了巨大的发展契机，传统文化与现代气息相结合更为古运河增添了独特的魅力。作为朝阳区着力发展的创意产业规划区，运河•新时尚的各个子项目在2010年将逐步走上经营轨道，结合区域经济的发展形成更加鲜明的特色。在当前落实科学发展观的大背景下，加强发展文化创意产业的重要性和必要性不容置疑。业内人士分析指出运河•新时尚文化创意产业区的发展可以充分挖掘通惠河区域文化资源，与经济产业合理衔接，优化产业布局，使区域经济社会的发展更加全面、协调、可持续。伴随着文化创意产业的发展，还将带来相当可观的社会效益。通惠河沿岸三间房地区的交通环境、绿化化境将得到很大改善，文化创意产业发展在拉动内需的同时还也将解决当地劳动力再就业问题，预计安置失业人员6000至8000人，带动地区的经济增长。我要评论,4,6,0.8923525810241699
银行间房产信托基金开闸在即由中国人民银行起草的《银行间债券市场房地产信托受益券发行管理办法》(以下简称管理办法)目前正在征求意见，并将于近期开展试点。这意味着由央行牵头的银行间市场房地产信托投资基金(REITs)即将开闸。消息人士7日向中国证券报记者透露，该管理办法规定，REITs的委托方为房产商，受托方为信托公司，并通过信托公司在银行间市场发行房地产信托受益券。受益券为固定收益产品。在受益券到期时，委托人或第三方应当按照合同约定的价格收购受益券。管理办法第十一条“信托财产及其登记”中明确，被委托的地产物业应当已经投入使用，具有稳定现金流，并按照住房和城乡建设主管部门的有关规定办理房地产信托登记。第十三条“收益来源”规定，房地产信托收益由房地产物业租金收入和处分房地产物业所得构成。锦天城律师事务所高级合伙人王祚君律师指出，管理办法规定应当办理房地产信托登记。而与管理办法配套的《房地产信托登记暂行办法》第四条规定房地产信托登记，是将“信托房地产”作为房地产所有权人。就是把信托房地产这个客体作为房地产的所有权人，直接违反我国民事法律及其基本理论，是不会为法学界和司法界所接受的。王祚君律师建议，房地产的所有权人应该是“房地产信托或房地产信托计划”，如同美国REITs中的“商业信托”，是一个与自然人一样的可以拥有财产权利的“人”，也如同香港“领汇房地产投资信托基金”中所有权人为“汇丰信托”。其次，第十一条、第十三条规定被委托的房地产物业“应当已经投入使用，具有稳定现金流”，收益来源包括物业租金。但如果物业租金兑付不了每年预期信托利益时该怎么办没有明确。此外，第九条明确了委托人或担保人有回购受益券的责任，但又在第十二条对委托人或担保人的回购网开一面，规定“委托人或第三方未能按信托合同约定收购受益券时，委托人处分信托财产的情形例外。”这就是说，委托人或担保人在信托到期时应当回购受益券，如果不回购，就处置物业。这就给委托方以很大的腾挪空间：如果房地产市场上涨，房产商可以回购物业赚取收益；如果暴跌，就可以选择不回购而是处置物业，让投资者承担损失。王祚君律师建议，应该让提供流动性支持的第三方为预期信托利益和回购受益券提供担保，让“流动性支持”作为“收益来源”之一。 （记者 高改芳）我要评论,4,1,0.7868920564651489
房屋征收与补偿条例征求意见结束新华社北京2月13日电 （记者陈菲）《国有土地上房屋征收与补偿条例（征求意见稿）》12日征求意见结束。记者13日从国务院法制办官方网站获悉，在15天内，共有13437人通过国务院法制办法规规章草案征集意见系统发表了意见。1月29日，国务院法制办正式公布了《国有土地上房屋征收与补偿条例（征求意见稿）》，向社会公众公开征求意见，征求意见截止日为2月12日，共15天。2007年10月1日起施行的《中华人民共和国物权法》规定：“为了公共利益的需要，依照法律规定的权限和程序可以征收集体所有的土地和单位、个人的房屋及其他不动产。”2007年8月30日，十届全国人大常委会第二十九次会议审议并通过了《全国人民代表大会常务委员会关于修改〈中华人民共和国城市房地产管理法〉的决定》，授权国务院就征收国有土地上单位、个人的房屋与拆迁补偿制定行政法规。据此，国务院法制办会同住房城乡建设部在多次征求各方面意见的基础上，经反复研究、修改，形成了征求意见稿。我要评论,4,7,0.8825950622558594
万元客房千元抛 三亚囤房很受伤(图) 春节期间大幅走高的三亚酒店客房价格，今日起将大幅“跳水”，初八后价格逐步恢复正常。本报记者昨日调查三亚多家酒店获悉，由于“高价房”吓跑游客，部分酒店入住率仅为60%左右，不及去年春节，海南旅游“很受伤”。天价房吓跑游客据了解，亚龙湾是目前三亚高端酒店最集中的区域。因海南建设国际旅游岛、炒房者增多等原因，今年春节期间，亚龙湾每晚均价过万元的酒店比比皆是，大多数酒店房价比平时涨了3至5倍。但与“高房价”形成鲜明对比的是，今年三亚各大高档酒店的入住率并不及预期。三亚亚龙湾红树林酒店、三亚国光豪生度假酒店工作人员均表示，因节前价格大涨，酒店入住率并不高。从大年三十到初六，平均每天入住率仅为60%左右。而去年春节的入住率达到了100%。万元客房千元抛海南旅游“很受伤”，同样“受伤”的还有大量旅行社和旅游公司。因错估形势，海口民间旅行社囤积了1000多间酒店房间，但天价的三亚游吓退了众多内陆游客，使其“血本无归”，损失了近200万元。因为游客稀少，一间上万元的房间甚至以1000元左右进行疯狂抛售。初八后房价恢复正常记者从三亚湘投银泰度假酒店了解到，其豪华海景大床房春节期间价格最高时为5385元一晚，昨日价格下调为3468元一晚。而今天的价格为1888元一晚，比最高时下降了64%。“我们的客房也将从20日开始下调价格。”三亚华宇皇冠假日酒店预订部工作人员表示，该酒店的豪华大床房19日的价格为3080一晚，从20日起，预订一天价格为2080元、预订两天为1900元一晚、预订三天为1850元一晚，最高降幅为四成左右。记者还从三亚的多家酒店了解到，大年初八后，各大酒店的价格将逐步恢复正常。首席记者 孙黎明 记者 敖祥菲相关重庆囤房商多投30万少赚20万“我们还算运气好，虽然没挣多少钱，但也没亏。”昨日，我市海南酒店批发商天宇旅游公司谢辉副总经理告诉记者，今年比去年多投资30万元预订酒店，却少挣了20万。据介绍，因此前疯涨的海南酒店价格吓走了大多数游客，今年春节期间，游海南的重庆游客数量比去年下降了40%。120万拿下500间房昨日，我市为各旅行社供应海南酒店的供应商天宇旅游有限公司副总经理谢辉告诉记者，该公司在1月25日左右斥资120万元，拿下了三亚湾、大东海和琼海的博鳌三地5间酒店的500多个房间，从5星到4星的都有，准备转手出售给我市旅行社、自由行游客，大赚一笔。据了解，天宇旅游有限公司每年都会在春节前预订大量酒店房间，去年花了90多万，挣了30多万元。今年看好海南成为国际旅游岛，在去年基础上增加了30万元投资。15%房间近半价甩卖令谢辉没有想到的是，今年比去年多投入30多万，却少挣了20万元。2月12日，天宇手上的500多间房出手300间左右，收入为50万元，基本上每间都有400元～800元不等的利润，这令天宇公司一天就挣了十多万元。但好景不常，随之而来的几天，天宇手上的酒店房间成了“烫手山芋”。在余下200多房间中，大多以成本价甩卖，同时有15%的房间遭遇“惨烈”的低价甩卖，其中买成1500元的房间跌至800元左右，1800元的以1200元左右出手，2200元的以1500元左右出手。算上12日挣的钱，天宇才挣了10万元左右。我要评论,4,3,0.5090952515602112
何洁自曝还清解约欠款成自由身 省吃俭用当宅女 新浪娱乐讯 超女何洁去年8月与天娱正式解约，国内媒体爆料其签约北京奇异夸克公司后已于日前将与天娱解约欠款还清，过年期间她省吃俭用窝在家里变“宅女”。何洁自参加超女比赛后签约天娱出道以来，负面新闻不断，直至天娱安排何洁与郭敬明一起的那次洗心革面之旅后她终于因为不满提出解约。据北京媒体报道，何洁日前在接受采访时透露其与天娱解约官司的欠款已经全部还清。加盟北京奇异夸克公司后，何洁透露自己整个生活状态都发生了变化。或许是因为之前还债用了太多钱，现在过年她都是省吃俭用窝家家里当“宅女”，不买衣服不消费，就连吃饭都是经常跑去公司蹭饭。近日，何洁推出自制的中国式年画和贺卡，贺卡中的漫画形象也来自3月即将发行的何洁半自传体图文书，“何大宝”的漫画形象提前在媒体和公众面前曝光：扎着朝天辫，穿着红肚兜，笑得露出五颗牙齿，眼睛眯成了一条线，伴着象征吉祥如意的鲤鱼和荷花，恭祝大家招财进宝，虎年快乐。JZB/文我要评论,4,2,0.9994544386863708
美国男子驾私人飞机撞政府大楼一名男子美国当地时间18日驾驶一架小型飞机撞入美国国内税收署位于得克萨斯州首府奥斯汀的一处办公楼，造成2人死亡、13人受伤。事件令不少美国人回想起“9·11”。美国联邦调查局初步调查后认定驾驶员为软件工程师约瑟夫·斯塔克。奥斯汀市警方也表示，目前看来撞击事件与恐怖袭击无关。早有预谋网上留有“遗书”当地时间18日9时45分许，斯塔克驾驶他自己的单引擎PA -28“切罗基”型4座小飞机撞入奥斯汀国内税收署大楼，当时大楼内有近200人。美联社报道，斯塔克据信当场死亡。另外，救援人员在大楼内还找到一具尸体。至少有13人受伤，两人伤势严重。作为预警，美军派出两架F16战斗机在撞机发生地上空执行空中巡视任务。按美联社的说法，发动袭击前，斯塔克放火烧掉了自家房屋。事发前，斯塔克在互联网上留言3000多字，表明自己已无法控制怒火，必须实施撞楼计划。斯塔克在留言中不仅抨击国内税收署，还控诉一些政治人士、大公司犯下的“无法想象的罪行”，批评美国政府的救市计划。最后，他下结论说：“暴力不仅仅是这些问题的解决办法，更是唯一办法。”美联社认为，可以看出，斯塔克早已策划好这起撞楼事件。留言最后，斯塔克写下日期2月19日，签上自己的全名并加注1956年至2010年，意味着自己的出生及死亡年份。企业两遭税局勒令停业在留言中，斯塔克称，自己与国内税收署多次发生争执。他指责国内税收署使自己损失4万美元，令他“10年的心血付诸东流”。其间，他谈到自己两次开办公司、两次遭国内税收署“阻挠”的经历。1985年，斯塔克在加利福尼亚州科罗纳注册“威力工程股份有限公司”。但因其间一度未申报缴税，加州特许经营税委员会2000年勒令这家企业暂停营业。斯塔克1995年在加州林肯开办“软件系统服务公司”，但于2004年遭勒令停业。加州特许经营税委员会发言人丹尼丝·阿齐米说，斯塔克1996年至2002年没有缴纳加州州税，总计1153美元。斯塔克的解释是，第一次没有申报州税是因为手头没钱，第二次是因为报税时没有把前妻谢里尔的收入算在内。“为人正直，不抽烟，不喝酒”一些斯塔克的朋友对撞楼事件感到震惊。在他们眼中，斯塔克只是一个普通人，从未听到斯塔克谈论政治、税收或政府。美联社报道，斯塔克在上大学前就读米尔顿·赫希学校，这是一所孤儿学校。1975年至1977年，斯塔克在哈里斯堡地区社区学院就读，但没有毕业。平日里，塔斯克是奥斯汀民间摇滚乐队比利·埃利乐队的吉他手。帕姆·帕克是乐队另一名乐手的妻子，她说，大家只知道斯塔克是一个安静的父亲，每年都要去挪威一次，探望女儿和孙子孙女。乐队键盘师兼鼓手迈克尔·切尔扎说：“乔为人正直，不抽烟，不喝酒。他有才华，关心一些正常人关心的事情。我从不知道他处于某种崩溃的边缘。在一群人中，他是那种不爱说话的人。”记者手记拥有私人飞机他真的“无法生存下去”？一位美国记者说：“他(斯塔克)在网上说，现政府只救助大企业，像他这样的小业主难以生存，只能用暴力回答税务署。总之，他恨政府。”不过，这位记者也强调，斯塔克毕竟拥有自己的飞机和房产，未必真的像他自己说得那样无法生存下去。有不愿披露姓名的人士认为，斯塔克应当属于高收入人士。政府实施的对高收入者增税，以部分补贴中低收入人群医疗保险等的做法，激起了部分高收入人士的不满。这个事件显示，这种不满开始表面化。无独有偶暴力抗税旧案：炸毁大楼168人亡美国已发生过多起暴力抗税事件。1995年4月，纳税人蒂姆西·麦克维因不满税收制度而炸毁俄克拉何马州首府俄克拉何马城一幢联邦政府大楼，致使168人死亡，数百人受伤。2007年，家住新罕布什尔州普兰菲尔德镇的爱德华·布朗和妻子偷逃税款超过70万美元。布朗被法庭定罪后拒不出庭，在自家周围设置路障，与一伙支持者据守在自家高墙内，与当局武装对峙。我要评论,4,5,0.673931360244751
节前存款准备金率上调冻死各银行 本报讯 （记者张兆瑞）第二套房贷严格执行“首付四成”，首套房贷取消七折优惠利率，这些在春节前仅仅被看做政府收紧房贷预期的行为，随着春节假期的延续，正在逐渐变为事实。记者近日从银行内部人士了解到，2010年春节后本市房贷收紧已成定局。从记者目前掌握的信息来看，中国银行、光大银行在春节前暂停“首套房贷七折利率优惠”并不是个体行为，天津其他一些股份制商业银行已经计划在春节后陆续跟进。某银行内部人士告诉记者，“春节后，最迟年中，七折利率肯定全部取消，因为确实没有额度了。”实际上，春节前一天，中国人民银行再次上调存款准备金率0.5个百分点，冻结资金大概3000亿元人民币，已经让银行信贷工作人员感到了寒意。但是出于竞争等原因，天津市目前还没有任何一家银行正式宣布完全取消了七折房贷利率优惠，但从记者私下了解到的执行情况看，现在还可以获得七折房贷的客户寥寥无几。而且更为肯定的是，全市各主要银行对于第二套房贷，现在完全从严执行“首付四成”的规定，但对于贷款利率上浮10%则要求较少。据上海市一些媒体报道，上海为了加强对投资、投机性购房的打压力度，可能上调“第三套房贷”的首付比例和贷款利率，甚至不排除停贷的可能。不过记者咨询了本市银行一些负责人，他们均表示对“第三套房贷”的提法不是很清楚，但现在本市仍是按照“风险定价”原则来进行房贷审批的。一位银行负责人告诉记者：“同等条件下，一个人贷款购买5套房子，肯定比贷款购买1套房子风险大，因此银行对于他的贷款条件审核肯定会更加严格。”     文章来源：渤海早报我要评论,4,1,0.9919546246528625
78岁老人蜗居武汉简易棚三年     据长江商报报道 3块水泥板倚树搭起一个简易棚子，在这个不足3平米的棚子里，78岁的河南老人马金奎蜗居了3年。3年来，他靠开荒种菜为生，好心的他收养了多条流浪猫和狗。昨日，市民向本报反映了老人的遭遇，希望社会能帮助老人幸福度过晚年。幸福路边蜗居着不幸老人汉口百步亭秀泽园小区北区院墙外，有一条名为幸福路的小路，坑洼不平的路面延伸段有一座三孔桥。 桥下是一条水沟，水不深，淤泥很深，散发着臭气，被附近居民称为龙须沟。马金奎老人的家就安在桥下的沟边。老人的家十分简陋，3块水泥板倚着两棵小杉树和秀泽园小区院墙搭建，不足3平米，高不过1.7米。屋内，几块木板拼就一张简易床，床上的被褥是附近好心人送的。门前的两棵树上牵着一根绳子，上面挂着两件破旧衣服，这是老人的全部衣物。6条浑身脏兮兮的小狗给这个棚子带来了一丝生气，这些狗本是流浪狗，老人看着可怜，就收留了它们。除此之外，他还收留了一只猫、养了4只母鸡。屋内没有灯，天黑了，老人就睡觉。无处安身 3年搬了3次家棚子外面就是龙须沟，因为淤泥堆积日久，成了沟边的荒滩。老人没事不知从什么时候开始，将这些荒滩开垦了出来，种上了蔬菜。小白菜、红菜薹，都是时令小菜。老人称，他来自河南南阳方城，老家无亲人。他结过婚，没有子女，但老伴在10多年前就病逝了。来武汉本是投靠一个侄女，但侄女也在多年前去世了，无处可去了，就四处流浪。大概在10年前，他来到了幸福路，那时，幸福路是荒芜一片，他就开始开荒种菜，卖菜的钱拿去换米和油盐。3年前，百步亭边建了很多小区，幸福路不断向解放大道延伸。每一次延伸，他的家和菜地就得搬迁，3年来，他已经搬了3次家。听说今年幸福路又将要延伸，老人开始发愁了，他面临再一次搬家，可他还未找到合适的去处。老人的右腿有点不灵便，耳聋加上视力越来越差，好心人劝他不要收养这些猫和狗了。为了养活这个小动物，他每天都得去一些小餐馆、菜场，把别人吃剩的热干面、面条等剩饭剩菜捡回来，这对他来说，是需要花费很大的力气。但他一直坚持着，他说，这些猫和狗都是跟他一样流浪到这里来的，很可怜 ，如果他不养，就会饿死的。不幸老人牵动众人心老人的周边有一群好心人。3年来，百步亭秀泽园北区的陈光明老人夫妇，给了老人很多资助。每次搬家，都会送给老人100元搬家费，逢年过节不忘送些鱼圆子等熟食给老人，还将一些旧物送给老人，让老人拿去换点零花钱。附近一家混凝土制品厂的工人也很照顾老人，给老人长年免费提供干净水，还不时给老人送些饭菜。老人说，老家没有亲人，回了老家也无处栖身，他在武汉呆了10多年了，也不想回去了。他是个劳动惯了的人，想靠劳动养活自己 。陈光明老人等市民非常担心，今天老人还能动，要是明天不能动了，谁去照料老人，老人要是生病了，有谁会知道呢？不少市民希望政府能帮助老人，让他幸福度过晚年。我要评论,4,9,0.5662264823913574
低碳过春节成新春最热流行语 在一些大城市里，“低碳过春节”成为今年最热的词语。拜年形式逐步环保化在春节这一喜庆的日子里，给亲朋好友拜年必不可少。如今越来越多的市民拜年不再采用纸质贺卡，而是采用短信、电子邮件等绿色环保形式表达新春祝愿。今年，有图片、音乐的彩信已经完全替代了“纸”上祝福。“要的就是新年第一时刻，这样的祝福才够‘新鲜’！”一位朋友解释零点发送祝福短信的意义。短信、彩信、电邮让新年祝福变得更加及时，更重要的是，它们节约了大量的纸张，也减少了递送的人力成本。绿色年货最受宠记者发现今年春节“绿色年货”最受宠。在湖北武汉，雄楚大道上一家大型花卉市场人头攒动。不少市民甚至外地客人纷纷来此选购花卉。市民康先生夫妇俩一口气买下5盆金桔、两盆蝴蝶兰、两盆杜鹃花。说起买花的原因，他们说：“现在生活条件方便了，不需要再大量囤积食物过年了，买些绿色植物更时尚。再说大家现在不都倡导低碳生活嘛，我们也赶个潮流，做个“低碳族”。我们家还特意和别人家拼车来买花的，减少点污染，呵呵！”除了花卉，周边乡村年货大集上的土特产、土鸡蛋等绿色产品吸引着城区市民前去购买。在大学授课的王教授还特地趁假期，到郊区绿色蔬菜基地上淘年货。不到半天时间，汽车后备箱里装满了各种“绿色年货”。    来源 中国经济导报我要评论,4,6,0.5809291005134583
全国两会十大关注热点 十一届全国人大三次会议、全国政协十一届三次会议将分别于3月5日、3月3日在北京开幕。适值“后国际金融危机”时代的关键时期，一个个事关国计民生的议题摆在中国“两会”面前，其中有十大热点尤受关注。发展方式亟待转变中国经济在成功“保八”的同时，也面临着一些“烦恼”，如楼市泡沫、产能过剩、通胀压力等。复杂形势中，官方宏调重心悄然移向“调结构、防通胀”，加快发展方式转变这一主题更加凸显。日前于中共中央党校举办的省部级干部研讨班，胡锦涛、温家宝、习近平、李克强分别讲话，提及最多的字眼就是“转变”，胡锦涛一口气使用50多个“加快”，更是耐人寻味。楼市博弈尚待观察2009年各地房价普遍暴涨，打碎了众多“蜗居”者的安居梦想。民意汹涌之下，楼市不再仅是一个经济问题。新年伊始，中央和地方政府频频出招，力求稳定楼市。然抑制投资投机、加强监管、推进保障房建设等措施能否取得预期成效尚待观察。教育改革攻坚克难历时一年半，中国拟定了面向2020年的《国家中长期教育改革和发展规划纲要》，矢志由人口资源大国向人口资源强国迈进。据悉，纲要“问需于民”，已十余次易稿。日前，总理温家宝在中南海连续主持召开五次座谈会，再次就此“问计于民”。教育部将在“两会”前公布纲要，最后一次公开征询意见。“教改”这个老难题，势将在“两会”上引发新建言。医疗改革临近“中考”去年4月，中国新一轮医疗改革方案敲定，提出到2011年基本医疗保障制度全面覆盖城乡居民。而今医改临近“中考”，按照卫生部党组书记张茅的说法，中国还有1亿人没有任何医保。国务院本月初通过《公立医院改革试点的指导意见》，旨在寻找新的制度安排，让政府、医院和商家各行其责、各得其利。“选举法”第五次修改中国现行的人大代表“选举法”制定于1953年，1979年重新修订，而后又经历过4次修改。今年第五次修改有不少亮点，例如草案“一步到位”，提出实行城乡按相同人口比例选举人大代表、候选人应与选民见面等。人们期待，这部邓小平曾亲自主持制定的法律进一步完善，推动中国民主进程再迈一步。“暴力拆迁”寻求法治去年成都发生的拆迁户自焚事件，再次震动公众神经。北京大学五位学者联名呼吁解决“暴力拆迁”问题，国务院法制办很快回应，《城市房屋拆迁管理条例》修改工作被纳入官方议程。中国在城镇化进程中迎来了一次改变游戏规则的新机遇。网络问政成为“时尚”随着全国网民数量刷新到3.84亿，中国普兴网络问政，温家宝将在“两会”前再次与网民交谈，广东省委书记汪洋邀网民“拍砖”建言，上海市长韩正在网上推介世博会，中部安徽则首次将“网络问政”写入该省政府工作报告。政府通过网络集纳民意、民智，网民以留言、博客、微博等参政议政，这种平等、互动的交流方式成为中国政治生态中的新亮色。足球扫赌剑指反腐在中央高层密集表态支持足球发展之后，中国掀起了一场“扫赌风暴”。随着前中国足协副主席南勇、杨一民被刑事拘留，扫赌逐步升级为反腐。在多家网站的调查中，反腐倡廉仍居“两会”最受关注话题之首。世博续“举全国之力”胡锦涛主席指出，举办世博会，不仅是上海的大事，也是全国的大事；办好世博会，不仅是上海的责任，也是全国的责任。可以预见，中国在成功举办北京奥运会之后，将继续发挥体制优势，“举全国之力”办好世博会。中美关系全球关注金融危机阴霾未散之际，中美两国关系因贸易摩擦、人民币汇率、美售台武器、美总统奥巴马会见达赖喇嘛等陡生风云，透露出“后危机”时代大国关系的复杂走势。中美关系如何演绎，中国“两会”代表委员关心，全世界也都关注。综观十大热点，如果说应对国际金融危机是“治病”的过程，那么在“后危机”时代，中国需要做全面的“健身”运动。全球视野下，中国在“后危机”时代的表现同样值得关注。（来源：楚天金报）我要评论,4,7,0.9513747692108154
银监会：个人贷款要求面谈面签 昨天，银监会正式发布《流动资金贷款管理暂行办法》、《个人贷款管理暂行办法》。这两个办法与之前已经施行的《固定资产贷款管理暂行办法》和《项目融资业务指引》（并称“三个办法一个指引”），初步构建和完善了我国银行业金融机构的贷款业务法规框架，将作为我国银行业贷款风险监管的长期制度安排，标志着我国银行业信贷管理进入新的科学发展阶段。贷款需明确合法用途《个贷办法》明确规定，贷款人不得发放无指定用途的个人贷款。个人在提出贷款申请时，应当有明确合法的贷款用途。同时，贷款人应就借款人的借款用途进行尽职调查，有效防范个人贷款业务风险。同时，《个贷办法》要求执行贷款面谈面签制度，防止出现个人被不法分子冒名套取银行贷款，或借款人的信贷资金被他人冒领挪用。对通过电子银行渠道发放的低风险个人质押贷款的情形，贷款人可以不进行贷款面谈，但至少应当采取有效措施确定借款人的真实身份。同时，除电子银行渠道办理的贷款，贷款人应要求借款人当面签订借款合同及其他相关文件。采用贷款人受托支付《个贷办法》还规定，除特殊情形外，个人贷款资金应当采用贷款人受托支付方式向借款人交易对象支付，即由贷款人根据借款人的提款申请和支付委托，将贷款资金支付给符合合同约定用途的借款人交易对象。并要求贷款人应在贷款资金发放前审核借款人相关交易资料和凭证是否符合合同约定条件，在支付后做好有关细节的认定记录。采用贷款人受托支付的例外情形，主要包括：一是借款人无法事先确定具体交易对象且金额不超过三十万元人民币；二是借款人交易对象不具备条件有效使用非现金结算方式。上述个人贷款，经贷款人同意可以采取借款人自主支付方式。此外，考虑个体经营贷款与个人消费贷款在实践中存在一些差别，个体经营户在商品生产和交易过程中，通常事先不确定交易对象且现买现付。对此，《个贷办法》作出以下特别规定：一是明确贷款资金用于生产经营且金额不超过50万元人民币的，可以采用借款人自主支付方式；二是规定个体工商户和农村承包经营户申请个人贷款用于生产经营且金额超过50万元人民币的，可以按贷款用途适用相关贷款管理办法的规定。我要评论,4,1,0.8661414980888367
香港酒店超卖现象长假再现     旅游业议会总干事董耀中表示，该会在新春期间收到2宗涉及酒店“超卖”的查询，有团队旅客指原定入住的酒店没有足够房间，导致旅行团被迫“拆团”，部分团员需入住其他酒店，“是酒店超卖(超收散客)房间，是酒店的问题，不关旅行社的事。”董耀中说，酒店“超卖”情况绝迹数年今年重临，已经跟酒店业界人士联络，提醒酒店不要超卖房间。    位于旺角弥敦道的活年旅馆，在农历新年档期的房租加价逾13%，单人房由平日每晚220元加至250元，双人房由每晚290元加价至330元，但本月14日至20日(年初一至初七)出租情况仍然天天“爆满”。旅馆负责人高诚浩表示，新春期间入住的旅客几乎全部是内地客，当中包括个人游及经商旅客，“我们不会胡乱加价，以免赶客。”为吸引要求愈来愈高的内地客，旅馆早于2年前提升设备及服务，除了提供Wi-Fi上网服务外，旅馆内的电视可收看内地客最爱的中央台及凤凰卫视。我要评论,4,7,0.8656231760978699
李泽楷寓所遭港警搜查 据香港《明报》报道，香港警方日前搜查了电讯盈科主席李泽楷在香港多达3个寓所及富通保险等多家公司，过程中李泽楷并不在场。电盈私有化在去年4月被上诉庭法官否决，并指有人明显操纵投票。事隔快一年，警方最近就此案展开全方位调查。供图 CFP （来源：北京日报）我要评论,4,2,0.9210840463638306
艺术家方力钧成都买房要建工作室(图) 著名当代艺术家方力钧在蓉买房过春节，周春芽筹划两人举办联展近年来，不断有成都当代艺术家去北京或上海发展，对成都这座中国当代艺术重镇来说，算是个尴尬。昨日，著名艺术家周春芽向本报记者透露，他的好朋友、“中国当代艺术F4”之一的方力钧刚在成都买了一套房子，今年春节，方力钧就是带着全家人来蓉过的年。据周春芽介绍，大年三十晚上，方力钧和周春芽两家人在周春芽的新蓝顶工作室一起度过，包饺子、看春晚、放烟火，过了一个其乐融融的幸福除夕夜。据了解，以“光头泼皮”系列绘画走红的方力钧不仅仅有在成都修身养性的打算，他还计划在这里修建属于自己的工作室，办画展……方力钧来蓉悄然在成都买房置地方力钧上一次来成都是2009年国庆节，成都龙泉驿区洛带古镇举行了一场名为“‘极地张力’———北京、上海、成都三地当代艺术名家邀请展”，他带来了一幅巨画《漩涡》曾引起很大轰动。当时，方力钧在接受记者采访时就对成都的艺术环境赞不绝口，他说：“成都的当代艺术越来越受到重视，这能影响到艺术家的创作。”没想到不到半年，方力钧就悄悄地在成都南门的桐梓林买了一套200平方米左右的二手房，周春芽说：“因为我的家也在那边，两家人相互有个照应，而且这里很热闹，生活特别方便。”买了房子之后已临近2010年农历新年，方力钧夫妇索性将双方父母、小孩及保姆近十人一起接到了成都，一家人决定第一次在成都过个热闹的春节。周春芽做东两家人包饺子团年大年三十的时候，周春芽邀请方力钧一家到他在新蓝顶的家中包饺子团年。周春芽说：“我也考虑过请他到餐厅去吃年夜饭，但考虑到方力钧一家人都是北方人，对他们来讲，大年三十吃顿饺子是最正宗的过年方式。”对于这次方力钧“南迁”的原因，周春芽说：“他是一个很热爱生活的人，所以特别喜欢成都，他觉得成都这个城市相当适合生活，节奏不是那么快，好玩的地方又很多。他每次来成都都玩得很开心，玩到最后就有点不想走了。”过完年，方力钧又带着家人去峨眉山游山玩水，之后，他还委托成都著名建筑设计师刘家琨为他物色合适的地方，准备在成都修建自己的艺术工作室。周春芽介绍，今后方力钧会把自己的工作重心向成都转移，他打算要在这里创作出更多更好的作品，“我们两个联手在成都办次展览也是很有可能的。”艺术家交流成都艺术环境还需提升方力钧来蓉对成都本土的当代艺术氛围产生哪些影响？周春芽说：“他的确是第一个来成都发展的重量级艺术家，这对成都的当代艺术发展有着积极促进作用，这是一个信号，方力钧之后应该会有越来越多的艺术家来到成都。”周春芽认为，成都是一个艺术氛围浓厚的城市，它悠闲的生活节奏、周边的自然风光，这些都是吸引艺术家来成都的重要缘由。“但是要想让更多的艺术家来成都开工作室，甚至是定居，成都需要提升的地方还有很多，比如要举办更多有影响力的艺术节、综合性艺术展览或者有更多的高质量的美术馆。”周春芽也强调，艺术最重要的精神之一就是流动和自由，艺术家在哪里定居不是最重要的，我们成都的艺术家可以出川，外面的艺术家也可以到我们成都来。“我们成都也要有一个开放自由的姿态，有人出去不要紧张，有人进来也不要激动，而是要真正在提升自己的综合实力上下功夫，真正提升我们成都的艺术品位。”记者杨帆实习记者张杰(本文来源：华西都市报)我要评论,4,3,0.7787914276123047
世界最具吸引力城市：上海排第二 伦敦居首据俄罗斯媒体报道，在2月21日公布的“世界最具吸引力”城市排行榜中，英国伦敦位居榜首，排名第二的是中国上海。而曾在经济危机爆发前排名第3位的纽约这次则下滑至第10位。这份榜单是法国巴黎大区投资促进协会在毕马威咨询公司的参与下制定的。排名基于对各国500名商界代表的调查以及去年的各国企业投资数据，这一数据参考了毕马威咨询公司在过去5年间分析的一些指标。受访者称，最重要的评定标准是政治稳定性、法律安全性以及城市经济状况。据悉，伦敦在2009年实施或者部分实施了270个投资项目。除了多数客观指标排名第一以外，伦敦还因深得商业人士的厚爱而高居榜首。在调查中，42%的受访者称伦敦是最具吸引力的国家首都。在这份榜单中排名第2的是中国上海。据悉，在某些指标上，上海甚至超过了英国首都伦敦，比如它拥有的现代化研究中心数量和写字楼数量等。此外，进入前10名的还有另外两个中国城市：香港（第3位）和北京（第5位）。俄罗斯首都莫斯科名列第6位。俄媒体对此认为并不令人奇怪，因为投资者过去几年来一直极度愿意向中国投资。商界代表认为，在未来几年内，孟买等另一些亚洲城市也可能进入这份榜单的前几名，从而把榜单上的欧洲城市排挤出去。除伦敦外，欧洲城市中只有巴黎入围榜单前5名。原因有二：第一，在经济危机期间投资额几乎没有减少；第二，商界代表们认为，由于政治稳定、生活水平高、基础设施极为发达，巴黎仍具有相当大的吸引力。新闻晨报我要评论,4,5,0.9953963160514832
80后众奴缠身变身年清族 中新社惠州2月23日电 房奴、卡奴、车奴、孩奴……众“奴”缠身的“80后”，在春节过后又给自己扣上了一顶新帽子——节奴。节奴，指因春节等重大节日消费、交际而饱受压力的人。早已被生活费、按揭费、通讯费、水电煤气费、孩子的奶粉尿布费压得气喘吁吁的“80后”众“奴”缠身。而原本应该喜气洋洋的春节也被当成了“春劫”，高昂的人情节费让“80后”变成了“年清族”。不少网友上班第一天就纷纷在网上晒自己的春节账单。节日的巨大开支令年轻白领叫苦不迭。在广东惠州一事业单位上班的曾先生告诉记者，迫于家庭观念的压力，他在2009年终于踏上了房奴和车奴的行列，每月要交2700元的房贷，养车一个月要1000元左右，加上平时的花销，每个月基本上都是“月光族”。过年回家，车票、无数的红包、绵绵不断的酒席，很快把微薄的年终奖也花光了，整个一“年清族”。网友心碎乌托邦无奈地表示，自己开始明白了一年一度的春节，为何有人欢喜有人忧，甚至患上“恐年症”。一个春节下来花掉了自己半年的积蓄，年后的日子只能勒紧裤腰带来过活了。一些人为避免成为“节奴”而不得不加入“恐归族”，留在单位值班，宁可不休息，也不回家做节奴。“在读小学时，大学不要钱，读大学时，小学不要钱。没上大学时，大学生是天之骄子，大学毕业后，大学生跟农民工一个价；以前房子是靠分配，现在房价高得令人咂舌。‘80后’基本上是独身子女，以前是几个子女养一个老人，现在是一个子女养几个老人。孩子读书，连个幼儿园都要几万块钱的赞助费。读书、就业、买房、赡养老人，抚养子女，我们比前人承受了更大的竞争、生存压力。”不少“80后”发出了这样的感言。工资永远赶不上房价的上涨速度，却要不惜一切地沦为房奴；自己省吃俭用，也要让孩子吃好的，穿名牌，心甘情愿当孩奴；经济条件不好，也忍不住想在各种节日庆祝一番，辛辛苦苦挣来的钱就像放爆竹一样可劲挥霍，最终变成了节奴。“奴现象”在“80后”群体中的泛滥，不得不引人深思。“80后”，真的要过得这么沉重吗?对此，专家分析，“80后”变身为“奴”，大多是过度膨胀的虚荣心作怪。凡事要讲究量入为出、量力而行，不要打肿脸充胖子，造成消费方式畸形。专家呼吁“80后”要通过自身的努力和奋发图强改变生活困境、提升生活质量，改变“奴”字加身、自怨自艾的状况。我要评论,4,6,0.7957956790924072
香港百万富豪近两成生于内地 深港记者黎媛报道昨日下午，香港花旗银行发布最新的“百万富翁调查报告”。人口刚超过700万的香港，已拥有近40万个流动资产超过100万港元、总资产近千万的富豪。其中18%的百万富豪生于内地，花旗银行环球个人银行服务副总经理周永赞指出，随着内地经济越来越好，预计香港的百万富翁中，内地出生的人数比例将进一步增加。花旗银行委托香港城市大学通过电话访问，抽样调查了超过6600位香港居民。由于股市、房产投资市场畅旺，去年，香港拥有超过百万港元流动资产的富豪达39.4万人，比前年增加4.6万人。这些富豪平均流动资产为380万港元，平均总资产则为950万港元。家庭主妇、退休人士占据了香港富豪的半数：富豪中52%为女性，平均年龄达到51岁，其中40岁以上的富豪更占了77%。周永赞表示，过去7年里，香港百万富翁的人数变化和恒生指数的变化有很高的相关性。八成受访富豪选择把流动资产放在股市里。但这些富豪“入市”意欲逐步下降，仅35%的受访富豪对今年股市感到乐观，12%的受访富豪今年有购楼的意愿，主要是因为在去年市场快速上升后，这些富豪预期今年投资市场的升幅不会很大。我要评论,4,1,0.9585056900978088
京东三间房创意产业新景象生活在繁华的都市，忙碌了一天，如果挑选一种方式去释放一天的压力，或者在寂静的夜幕降临之时抵御寂寞，酒吧，无疑是都市宠儿们或独行或结队参与的一个充满冲动和品位的选择。最近，京东三间房创意产业“运河•新时尚”滨河景观带附近，经常出现一些相约而来的都市泡吧者，目标就在于体验阿曼尼酒吧的派对空间。谈起酒吧，三里屯、后海曾经在很长的时间里成为京城特定酒吧文化的代名词。随着酒吧数量的繁殖，特别是经济时代催生的力量，诞生了形形色色，风格迥异的酒吧，利用废弃大巴士的“汽车酒吧”，与足球相关的“足球酒吧”，能在里面看电影的“电影酒吧”，充满艺术情调的“艺术家酒吧”，还有挂满汽车牌照的“博物馆酒吧”。今天如果有人想给北京的酒吧文化再选择一个单一的代名词恐怕是再也不可能的事情了。无论如何，能够让人回味无穷，成功贩卖氛围和环境的酒吧一定都有着自己张扬的个性。在这些冉冉升起的酒吧新星中，坐落于北京朝阳区三间房“运河•新时尚”滨河景观带的阿曼尼酒吧在很短的时间内成为泡吧爱好者们极具推崇的去处，也恰是因为它独特的文化品位赢得了众人的喜爱。夜色中，走进著名的京东动漫地带，走进三间房创意产业代表“运河•新时尚”滨河景观带，扑鼻的创意文化就开始悄悄侵入人的心灵；步入阿曼尼酒吧，步入视觉、听觉交融的心灵世界，时尚元素彰显于各个角落，能够容纳六七百人的中心大吧在一片魅惑的灯光和音乐组合中撩动着激情。舒适的座椅给了阿曼尼喧闹中不失高雅的魅力。美酒和动感的音乐在灯光下尽情结合，令人激情澎湃。在阿曼尼酒吧，你每次都将感受到来自全世界顶尖DJ、舞曲创作者、歌者和艺人，最脍炙人口的经典舞曲音乐和最新创作作品。复古的曲风与前卫炫音相结合，融入流行的R&B、HipHop和说唱元素，变幻的音乐能带来心情的宣泄，互动的氛围能让人在酒精的放松下找回最真实的自己。配以沁人心脾的经典美酒、让人不管在哪一个酒吧的哪一个角落，都能感觉到浓郁的迷离气氛和细致入微的心灵呵护。阿曼尼酒吧中最浓墨重彩的一笔是DJ，阿曼尼每一次活动都会有DJ大师亲临现场。大师就是名副其实，他主宰着舞池，从放上第一张碟子，调出第一首舞曲，就让整个舞场彻底颠覆。DJ自然衔接起乐曲中的停顿，调动起场中的氛围，DJ对每一段乐曲的选取都是为了满足客人内心深处的渴望，点燃现场的情绪，就像带着一群游人，经历着一场音乐之旅，感受着一种放松、一种自在，享受着DJ大师们精心设计、倾力打造的北京最具体验感的派对空间。我要评论,4,3,0.7309557795524597
"汇通滨水动漫城或将成为京城第二个798提起创意文化产业，势必会让人想到一个标杆性名词——798艺术区。创意文化产业的发展来势凶猛，仅仅两年时间，798工厂就由一个连北京都少有人知的50年代的残旧工厂走上了世界舞台，成为了全球瞩目的中国艺术核心区，成就了享誉中外的 “城市的奇观”。而最近，随着汇通滨水动漫城的落成，京城动漫创意产业新的热点话题，有业内人士做分析称：汇通滨水动漫城的落成，将夯实三间房动漫创意文化产业，将推动三间房产业区成为京城的下一个798。目前据悉，新兴的动漫产业已成为全球最重要的创意文化产业之一。全球动漫产业每年产值400亿美元，但是相关的衍生产品却已达到了4000亿美元，动漫产业具有范围广、内容多和产业链长的特点，包括动漫玩具、动漫游戏。中国动漫产业虽然起步较晚，但是发展如火如荼，随着《喜羊羊与灰太狼》等动漫影视产品在国内外频获大奖以及相关衍生产品的风行，中国动漫产业开始显示出强劲的发展态势，在区域发展上，上海、广州、福州等城市正在兴起新一轮的发展高潮，已初步形成以网络游戏、动画、手机游戏、单机游戏和与游戏相关的产业链。而首都北京正在着力打造成为国际一流的动漫产业中心。借助于北京市和朝阳区大力发展文化创意产业的机遇和作为，通惠河文化创意产业规划区的配套商业综合项目之一，汇通滨水动漫城应运而生。坐落于北京朝阳区三间房“运河•新时尚”整体项目备受瞩目，并在刚刚结束的2010年中国商业地产第七届行业年会上荣获中国最具创新商业地产项目奖。滨河景观带的汇通滨水动漫城属于通惠河文化创意产业规划区的配套商业综合项目之一。汇通滨水动漫城的落成标志着“运河•新时尚”整体项目全面竣工。汇通滨水动漫城拥有30,000平方米的动漫设计工作室，提供六种不同风格的工作室，可为入驻企业、个人提供各种需求的全面综合载体。配合与动漫城相邻的15,000平方米的文化艺术中心，一起为该区增添了一道浓厚的产业文化色彩。发展动漫产业是一项涉及多个环节、多个领域的系统工程，拥有一个设施完备，文化氛围浓郁的创作环境无疑是形成完整动漫产业链条的前提条件。“运河•新时尚”项目投资商通建合美投资管理有限公司董事长贾利在中国商业地产行业年会后接受记者采访时表示：不久的将来，滨水动漫城，将汇聚国内外动漫大师级专家和国内动漫领域一线精英，通过搭建专业交流与互动平台，缩短与国际最顶尖水平的差距，掌握产业前沿动向，促进产业合作，提升北京动漫设计企业和工作室的技术水平，推动北京动漫产业发展。我要评论",4,6,0.6781379580497742
"汇通滨河动漫城欲夯实动漫京都近年来，全国各地动漫产业风生水起，不少城市都纷纷打出了建造“动漫之都”的口号。作为全国文化中心、科技中心、人才基地和国际化大都市等得天独厚的优势，北京在中国动漫文化产业的发展和探索上一直处于领先地位。面对国内外动漫产业的竞争，在进一步加大对动漫产业的重视和投入后，北京动漫产业再现强劲实力。随着“汇通滨河动漫城”的建成，朝阳区三间房国际化大型动漫产业基地得到进一步夯实，“动漫京都”逐渐成为北京市的另一张名片。动漫产业在中国发展迅速，打造“动漫城市”成为很多城市的动漫产业梦想，而北京、上海、杭州、长沙等几个城市已经在动漫创意产业上形成了较大的规模，并开始觊觎着“中国动漫之都”的桂冠。为此，作为动漫产业发展的载体和基础，动漫基地产业园区纷纷落户各大城市，并在资金、人才、税收、用地等方面拥有了城市上层建筑的大力支持。正是基于对动漫产业特色发展的前瞻考虑，北京市朝阳区政府牵头策划，三间房乡政府主办的通惠河文化创意产业规划区就将目光瞄准了动漫产业，意在打造国际化动漫基地。近日，当民意盛会中动漫产业再次成为关注焦点时，“汇通滨河动漫城”顺利落成，京东三间房动漫基地进一步夯实了自己的动漫产业竞争实力。三间房地区动漫文化创意产业项目，整体处于长安街延长线和CBD功能拓展区的区位，能够充分整合中国传媒大学、中央电视台、北京电视台及地区内众多文化企业的资源，进一步挖掘通惠河、梆子井、漕运码头等历史文化内涵，抢占发展文化创意产业的战略制高点。作为三间房动漫产业基地的一个重要基础项目，汇通滨河动漫城特色鲜明，个性化动漫设计工作室成为一大建筑亮点，作为滋养动漫设计人才的土壤和容纳创意成长的空间，30,000平方米的动漫设计工作室以六种建筑格局提供着不同的产业需求，吸引着各种动漫企业和大批动漫产业专业人才，有业内人士在对比创意产业发展现象后称之为京城第二个“798”——动漫产业“798”。通建合美投资管理有限公司董事长贾利在滨河动漫城项目落成时表示，“滨河动漫城将进一步夯实北京动漫产业实力，助力三间房动漫基地向国际一流动漫基地迈进，让北京真正戴上“中国动漫之都”的首冠” 。我要评论",4,6,0.4735567569732666
中式为体西式为用的别墅项目采用的是中国传统的街巷式布局，主街-胡同-内庭院。主街宽、胡同窄，内庭院又豁然开敞。项目的别墅可概括为下面八个字：中式为体，西式为用。    独栋别墅入户门就是中式的“体”，典型表现如中式四合院等建筑传统的影壁、庭院的园林。    上面这张照片是站在客厅的门口拍的，长长的走廊，木地板一直通往大门口。    庭院的园林采用的中式风格，茂林修竹，还开辟出了专门用来品茶的地方。传统文化所倡导的“修身”、“齐家”在庭院里都能找到对应的元素。    说到园林，小编顺便多提一句，项目公共园林所占面积较大，而私家所拥有的园林相对较小。这个不太符合国人的传统观念。国人历来喜好大私人空间，小公共空间。不过整个别墅项目的园林还是相当可圈可点的。    以上信息仅供参考，最终以开发商公布为准。本稿件为新浪乐居独家原创稿件，版权所有，引用或转载请注明出处。订阅会员置业刊 我们将直接把最新的热盘动向发送到您的邮箱更多热盘推荐：重拳限购外地人买房别愁 总价50万拿下便宜房 精装纯新盘 淘最全打折盘 最新楼盘户型展示 遍搜京城准现房 楼市最火百盘榜我要评论房产导航：,4,3,0.887412965297699
"半小时 穿梭京津生活圈(组图)“中国人像风一样驶进高速时代”，用这句话来描述2008年8月1日京津城际铁路的开通，丝毫不觉得夸张。从此之后，那些饱受京津塘高速拥堵、大雾之苦的“蜂客族”们，开启了京津之间的一段幸福之旅。不到30分钟的旅程，“似乎闭上眼睛没有多久，就到了”。而那座带有梦幻色彩的新南站，以及初到天津东站那隐隐的海风，都为这段旅程增添了不少愉悦。也因此，早在2006年便定位为北方经济中心的天津，把中石化、诺基亚等众多产业大佬挖过去之后，现在也成了吸引北京人置业投资、休闲旅游的“新宠”。而从北京到天津，那些散落一路的城乡接合部，过去仿佛被工业化和城市化浪潮遗忘的空白地带，正在被京津高铁和地产商们的造城运动一一串起，连成一片，并与我们的生活产生联系。“蜂客族”的半小时生活圈“拥堵，来回高速收费要100多块。”因为工作关系经常穿梭京津的李先生说起京津塘高速，一肚子的抱怨。他的这一困扰，随着京津高铁的开通消失无踪。4月17日，记者从北京新南站出发，前往天津，亲身体验了一把京津高铁的“风驰电掣”：平均约15分钟一趟，车票随买随上，28分钟到达天津东站，非常方便快捷。对居民而言，半小时生活圈的概念，则让他们的生活方式更加自由。首先会催生更多的“蜂客族”———他们就像蜜蜂那样，从一个城市飞到另一个城市，一个用来居住，一个用来工作。“我在北京上班，想在南站附近买个房子，然后在武清再买一个给父母住，周末可以去他们那里，或者他们过来，”安先生向记者描述了他的置业蓝图。“北京居民的置业半径不断向外延伸，随着京津城际轨道开通，半小时生活圈形成，天津楼盘存在价格比较优势，选择性较大。”北京嘉华四季国际会展有限公司总经理武凯认为，天津无论城市建设、配套设施还是文化底蕴，都远远胜过其他近京地区，应该是北京购买力释放的最佳地点。此外，天津优质房地产项目进入北京也能缓解北京住房紧张的现状。中原地产等机构的数据显示，置业在天津，工作在北京，自去年下半年以来，已经成为很多“蜂客族”们的选择。北京天津，将来都是“首都地区”长期关注环渤海的清华大学教授、两院院士吴良镛认为，京津冀之间缺乏有活力的城市功能带，有感于珠三角、长三角城市群的勃勃生机，他先后提出了“大北京”、“新七环”、“首都地区”概念，力主京津冀一体化。京津高铁的开通，让这一设想得以落地，而地产商们的造城运动，也在试图拉近这一距离，把京津在地理和现实中连在一起。在城际高铁两侧的亦庄、永乐、武清，在京津塘高速二线两侧的宝坻、蓟县，以及天津新兴的东丽区、津南区，正在形成一座座新城，盘龙古文化城、金碧天下、星耀五洲……与天津老城区、滨海新区以及北京市区连成一片，共同构成宏大的产业化城市集群———“首都地区”。这已不仅仅是打造一般意义上的楼盘，而是更直接地渗透到天津城市化进程和新城组团的建设；地产商们更大的野心是，承接北京乃至京津塘、环渤海经济圈产业人群的疏散，并为这些人群创造一种新的生活方式。天津的规划有意无意暗合了这一理念。在天津市政府对11个新城的规划中，均布局有相关产业先行与拉动，即使大规模出让土地，也要求地产商配合区域规划调整产品结构。星耀五洲的旅游、盘龙谷的文化产业概念，得到了政府的青睐。北京人，到天津享受“国际化生活”对京津这两个环渤海地区的核心城市而言，京津高铁开通，新城片区的崛起，不仅为它们的共融、共生提供了基础条件，还为它们的未来创造了无限可能。早些年就有的“去北京买名牌，去天津办婚宴吃海鲜”之类的消费方式，如今有了更新的内容，到天津买房置业，投资办厂，休闲旅游，开始流行。平时离海很远的北京人，可以经常去看海了；两市间的周末旅游已经像到郊区一样方便。此外，天津因其人文环境以及自然条件，正在变成北京人新的、国际化的观光、玩乐胜地。在不远的将来，天津将出现一个媲美西湖的水上浮城，一个堪比迪拜伯瓷酒店的七星级酒店，一座东方好莱坞，以及更多的五洲风情建筑……多家具有深厚背景的地产商联合当地政府，正在把天津打造为一个国际大都会。“我们想在11000亩的天嘉湖再造一个新世界！五大洲在这里会创造性地真实再现。”星耀集团董事长颜语介绍，星耀五洲就是要人们生活其中，体验世界不同的文化生态。绿地集团(企业专区,旗下楼盘)在蓟县打造的盘龙谷则主打文化产业。最终，盘龙谷将成为“亚洲生态文化硅谷，世界文化产业高地”，并带动当地经济发展。发现天津，世界就是你的。双城故事一个北京人的天津幸福生活两年前，北京姑娘陆婉跟随老板来到天津，开始一个新项目的运作。两年后，陆婉打算在天津买房，而且一口气定了3套，一套是高层住宅，她打算自己住，一套是小别墅，将来可以用作家庭旅馆出租，还有一套是临水的高层公寓，南北通透，环境幽雅。陆婉说，最初去天津，每次驾车往来都是一次长途跋涉，直到京津高铁的开通。而现在，陆婉基本都乘坐“和谐号”，因为它环境好，又非常快，28分钟的行程，几乎没有感觉就到了，却联结着两座风格迥异的城市。“我经常去国贸，从这里去南站再去天津，出发与到达之间，仿佛要切换一下按键，”她形容说，国贸是一个由玻璃幕墙的高楼大厦组成的世界，冰冷而压抑，而到了天津，尤其是海河，会让人感到亲切，舒服。海河很多桥的造型都是不一样的，可以慢慢欣赏。为了方便，她办了一张快通卡，这张卡可以在和谐号上预留座位，这样就不用每次赶着买票，也不用担心没有座位了。在这样的旅途过程中，陆婉经常会有奇遇。有一次，她遇到一位男士，对方在金融街上班，家在天津，每周来回京津两次。聊天的过程中，这位男士说要给她介绍项目和业务。当对方的邮件真的发过来的时候，她觉得很神奇。“就是感觉京津之间人们的心理越来越开放，两地的联系更加紧密。”陆婉说，在两年前初来天津的时候，满耳都是天津话，现在，她经常能遇到对天津很了解的北京人，或对北京很了解的天津人。在天津生活久了，陆婉喜欢去五大道、杨柳青这些地方消遣，生活好像回到了很多年前，尤其是在名流茶馆听相声，看天津本地人的神态，可以感觉到天津这座城市是有根的，有那种文化的延续。两年来，这座城市也发生着巨大的变化，“就像一个小孩，你希望他一直是小小的，可爱的，可是他有股势头，就是要生长起来。”陆婉说。 我要评论",4,5,0.6955167651176453
联合国人居署高级官员参观考察华瀚国际(组图)随着两年一度的“联合国人居奖”中国区评选如火如荼的展开，联合国人居署高级官员也随之来到中国，对中国区内各个入围项目展开实地考察。据悉，5月27日联合国人居署执行主任高级策划顾问尼古拉斯.尤等高级官员，在华瀚集团高层陪同下来到北京“华瀚国际 (论坛 相册 户型 样板间 地图搜索)”项目进行了参观考察。“联合国人居署最佳人居”奖，是由联合国人类住区规划署即联合国人居署在世界范围内所评选而出，表彰最适宜人类住区可持续发展典范的最高奖项，被誉为联合国人居署致力于推动“所有人都有合适的居所”和“在城市化过程中的可持续性人居发展”两大目标实现的象征。“我们一直都在密切关注中国人居环境与人居项目的发展状况，在此次中国区评选入围名单中，我们很高兴的看见中国人居项目得到了极大的发展，同时对人居环境可持续性发展的重视也从这些项目中得到了极大的体现。我们看到了这些知名项目从各个方面对改善人类环境做出了巨大的努力，以“华瀚国际”为例，它所采用的“环社区绿化带”先建设绿化再建造建筑，将绿化带变为社区绿带公园，从而改变整个北京东南四环居住环境的做法让我们印象十分深刻，这也是我们将“华瀚国际”列为在中国区域内首批考察项目名单的原因之一。”一位联合国人居署官员这样告诉笔者。能在评选标准苛刻的“联合国人居奖”评选中入围的项目，必然拥有真金不怕火炼的高品质、高格调、高综合性价比。据了解，入围“联合国人居奖(中国)最佳范例奖”的项目在全国范围内仅有5个，在北京仅有三个：星河湾、华瀚国际、御园。而此次联合国人居署官员考察的“华瀚国际”位处东四环，距国贸仅3.5公里，凭借项目稀缺的自然环境，精湛的户型设计，完美实现的成树园林，独特的生态型陶土板外立面成为京城高端项目中的典型代表，得到了高端客户的广泛认同，市场表现不凡，自上市以来始终保持热销的态势。我要评论,4,5,0.5667213797569275
颐和原著将成不可复制豪宅典范(组图)易居中国投资控股有限公司董事兼执行总裁、华北区域事业运营总部总经理臧建军在参观后也表示：龙湖颐和原著不是豪宅，是顶级住宅。“看样板间的之前，对里面的功能是不确定的，因为房子做大了之后很可能像个会所。看了样板间之后，发现龙湖在空间的使用度上面做到了把大空间做小，这些东西才是最重要的。由此来说，这个项目将会形成一个标杆，这个产品也会成为龙湖的历史上浓重的一笔。”臧建军感慨道。“豪宅最重要的三个要素地段、环境、声望决定了龙湖颐和原著是不可复制的。龙湖颐和原著全面诠释了‘豪宅至上’的概念，称之为豪宅的不能是郊区的别墅，一定是城市住宅，一个是静，一定要安静，还有一个是境，不是真正的情境，可能是环境，包括人和人之间的环境，周边的环境等。”当代节能置业CEO姜鹏也在参观后第一时间予以了龙湖·颐和原著项目高度评价。座谈会上，富力地产北京营销中心总经理吴文表示：“看了样板间之后就传递出来的感觉是：这就是一种生活。很多开发商做的样板间有一点像家具卖场那样的，放很多的家具吸引人，但是没有关心到生活所需要的那种细节。但今天参观了颐和原著却完全这种感觉。”我要评论,4,3,0.8850764036178589
月亮河举办世博会主题长卷绘画活动迎六一近日，位于通州新城运河核心区的月亮河公园举办了“我心中的世博会”迎六一大型亲子活动，邀请了近百名业主及客户携儿女参与其中。千亩运河生态公园浓荫叠翠，精美纪念品、与 “海宝”充气玩偶合影、热情奔放的少儿拉丁舞、清新欢快的儿童歌曲连唱让孩子们尽情享受属于自己的幸福节日。百米长的世博会主题背景墙，洁白的长幅画卷铺陈于艺术大道正中，一幅幅画作描绘着孩子们心中五彩斑斓的世博会。家长和老师们也饶有兴致地参与其中进行引导和鼓励，摄影师现场为孩子和家长们留下一张张妙趣横生的特写，同时所有绘画作品现场统一裁切装裱，制作成值得收藏的精美礼物回赠给孩子们，月亮河营销总监张奕奕女士上台亲自为三位获优秀作品奖的小朋友颁奖合影，送上鼓励和祝福。作为当下热播剧《手机》取景地的“月亮河”近期一直是媒体聚光灯下的焦 点，吸引了不少慕名而来的参观者。一位参加活动的业主表示，自己在市中心有3套房子，但来过月亮河后还是毅然又买了这里的一套80多平米的小户型作为全家周末休闲游玩的居所，因为从国贸开车到这只有15分钟，不用走远就可以享受到郊游的乐趣。近期开盘的月亮河。星月半岛行政公寓在豪华精装修的基础上，更配备全套高级家电家具配饰，总价150-250万之间，提供五星级酒店物业服务，能够享受到的环境和配套超值，作为度假或投资都是不错的选择。我要评论,4,6,0.758751392364502
东方夏威夷垂钓大赛暨盛世中华游园会落幕(组图)主持人：尊敬的各位来宾、先生们、女士们，大家下午好。在这个秋风和煦的季节，在国庆与中秋双节共度之际，因为心中的一份优雅，因为心中的一份浪漫，因为心中那个温馨而多情的东方夏威夷，我们与您相聚在“在海边等你东方夏威夷人文垂钓大赛暨2009盛世中华游园会”，共同度过一个愉快的国庆节。首先，我代表本次活动主办方东方夏威夷向各位来宾致以诚挚的问候，感谢大家相聚在此，共同分享东方夏威夷湛蓝的天，蔚蓝的海。今天，在优雅的东方夏威夷园林，这里将举行一场东方夏威夷人文垂钓大赛。在垂钓比赛开始之前，我谨代表活动主办方东方夏威夷宣布一下比赛的规则：今天的比赛将依据我们东方夏威夷的传统，依次决出：渔民奖、渔夫奖、渔王奖。我们今天垂钓比赛的时间为两个小时二十五分钟，从13：35开始，一直持续到16：00结束。但是请各位参赛选手注意的是：所有参赛选手的鱼必须在16：00之前全部称完。在垂钓比赛进行的同时，我们的园区内的盛世中华游园会活动也同步开放，不参加垂钓比赛的来宾，可以参与游园活动，并赢取一份精美礼品。而舞台区也会举办一些参与性非常强的互动游戏，每个互动游戏都会有精美惊喜奖品等着你，希望大家踊跃参与。那么现在我代表活动主办方宣布“东方夏威夷人文垂钓大赛”现在开始。主持人：尊敬的各位来宾，亲爱的女士们、先生们，大家下午好。非常高兴在这个秋风和煦的季节，在国庆与中秋双节共度之际，和各位相约在美丽的东方夏威夷。也非常高兴能够与您相聚在“在海边等你东方夏威夷人文垂钓大赛暨2009盛世中华游园会”共同度过一个愉快的下午。我们的人文垂钓大赛的比赛时间刚刚结束，在我们正式开始颁奖之前，让我们掌声有请兴达房地产开发有限公司总经理赵赞君先生致词。有请赵总。赵赞君：尊敬的各位女士、先生们，各位新老业主大家下午好，首先感谢大家参加东方夏威夷人文垂钓大赛暨2009盛世中华游园会，在此我谨代表兴达集团感谢各位一直以来对我们的关心，我们将以更好的产品回报各位。在举国同庆之时，我祝大家万事如意，心想事成，玩得开心。谢谢大家！主持人：刚才赵总提到了都是我们新老业主们参加我们的活动，我们也一同见证了东方夏威夷近几年来的发展，可以看到我们的家越来越大，越来越漂亮。接下来有请兴达房地产技术开发有限公司技术部工程师王月先生做夏威夷南岸项目推介。王月：本项目与夏威夷小区一路之隔，西侧与中央美院一墙之隔，规划用地面积是10.15公顷，大概约为152亩，夏威夷南岸项目是我们公司又一重磅力作。这个项目设计的产品，经过多方的论证，反复的规划、调整，多户型的比较与认真细致的研究，终于推出了夏威夷南岸项目的规划设计。本项目形成了高低错落的城市天梯线，建筑风格沿用了非常成熟的夏威夷小区的建筑风格，并在此基础上进行了大胆的调整与创新，形成了简约的古典风格。我们的大堂进行了精装修的设计，高档、豪华，同时在小区内设有地下车库，建筑面积约为2.1万平方米，有2834户业主可以从地下车库直接回到家中。我们的户门采用了防盗、防火、隔热、隔音等设计。夏威夷南区园林景观设计以东南亚园林景观风格为主，打造东南亚景观慢生活社区，使人们每天都生活在度假的氛围里。雕塑是具有东南亚当地特色的风情，营造一种神秘慵懒的气息。夏威夷南岸就是将这些意境融入到园林景观设计中，营造了一种远离城市喧嚣的自然舒缓的东南亚风情健康自然园林的景观设计。夏威夷南区是我们兴达集团重磅打造的又一高级产品，处处为业主着想。从每个房间的尺度到户型的整体布局，从门窗的保温性能到环境景观的细微变化，等等，我们竭尽全力打造了高品质的生活社区，每次产品的推出都是兴达人全体员工的辛勤结晶。兴达人永远的目标就是打造出更适合居住的精品。谢谢大家！主持人：谢谢王先生为我们介绍了夏威夷南岸，夏威夷南岸是非常美丽适合我们居住的地方。我们今天活动的主题是人文垂钓大赛。接下来回到我们的主题上来。刚才在下午的时候，宣布比赛开始之前，宣布我们分为三种不同的奖项。接下来我们要颁发的是渔民奖，是选择我们所有参赛选手中垂钓鱼数最多的朋友就可以拿到我们的渔民奖，我们取前三位选手。下面看一下我们的奖品，是价格1000元的格兰仕微波炉。D座262的朋友许继东先生，一共垂钓到47条鱼。71095的朋友，一共垂钓到97条鱼。请柬369号的朋友，垂钓到128条鱼。下面掌声有请夏威夷物业管理有限公司总经理孙杰先生为我们颁发渔民奖。再次掌声送给三位，谢谢你们。劳动最光荣，通过自己的劳动获得了奖品。今天有很多朋友来我们这里是参加垂钓大赛的，当然更多的朋友是参与我们的游园活动。所以说对于各位来讲，就是我们接下来的抽奖，抽取五等奖十名，有请礼仪小姐把抽奖箱拿到台上来。现在，台下的观众朋友我希望各位把自己手中的请柬赶快翻出来，我们要抽取十位朋友，他们将获得价值500元的I—phone。第一位是编号705的朋友。下一位是编号1010的朋友。下一位是编号0344的朋友。编号是1169的朋友，编号是1192的朋友，编号是1171的朋友，下一位是编号0563的朋友，接下来是编号0407的朋友，编号分别是0783的朋友和编号0516的朋友。请各位站成一排。接下来的时间有请兴达房地产开发有限公司销售三部经理庄殿楠先生和王艳丽女士上台为我们颁奖。再次感谢我们的颁奖嘉宾，谢谢！接下来我们要颁的是渔夫奖。刚才在比赛之前已经说过了，我们可以颁给钓鱼鱼的重量最多的前两位朋友。究竟我们这一届东方夏威夷人文垂钓2009大赛谁会获得我们渔夫奖的第一名和第二名？首先告诉各位这两位选手身手不凡，我们排在第二名的成绩，他一共钓到了26.4公斤的鱼，他究竟是谁呢？请柬710号的朋友。掌声有请！他分别摘得了渔夫奖和渔民奖。接下来颁发渔夫奖最棒的选手，就是今天所钓到的所有战利品称重最重的业主丁—3号业主，他的成绩是85公斤。有请颁奖嘉宾兴达房地产开发有限公司营销总监李小龙先生。奖品是2800元的西门子洗衣机一台。恭喜！接下来我们要抽取的是四等奖，一共有八位幸运的朋友。0176号的朋友、1074号的朋友、1434号的朋友、0332号的朋友、0290号的朋友、0143号的朋友、0662号的朋友、1002号的朋友。你们将要获得的是价值1000元的飞利浦吸尘器一台。我们将请出颁奖嘉宾：兴达房地产开发有限公司销售二部经理黄芳琴女士和喻晓玲女士。再次恭喜你们！再次感谢我们两位颁奖嘉宾，同时恭喜台下的八位朋友。接下来我们要颁发的就是渔王奖。渔王奖可以说是今天最值得期待的奖项了，稍候我们渔王也会在现场展示他的战利品。我们首先要告诉各位的是渔王奖的奖品是5000元的42寸等离子电视一台。究竟谁会成为我们今天的渔王呢？他的成绩是单条鱼的重量是7.9公斤。这位朋友是我们的业主商E—12号的朋友。有请这位业主！接下来有请颁奖嘉宾：兴达房地产开发有限公司总经理赵赞君。有请赵总和我们的渔王合影留念。在认识我们今年的渔王之后，将要进行的是我们今天第三等奖的抽奖了。接下来三等奖会有五名幸运的朋友产生，他们将要获得的是价值1500元的飞利浦音响一套。1088号的朋友、0424号的朋友、0438号的朋友、0333号的朋友、0922号的朋友。接下来有请我们的颁奖嘉宾：兴达房地产开发有限公司销售一部经理高宁女士和王锐女士。再次感谢我们的两位颁奖嘉宾！接下来抽取我们的二等奖的朋友，他们将要获得的是价值2000元的诺基亚E66手机。1041号的朋友、0254号的朋友。有请兴达房地产开发有限公司营销策划部经理张琦先生为他们颁奖。再次恭喜两位！现在就是我们非常期待的最后一个环节，我们要抽出今天晚上最幸运的那位朋友，他将获得的是价值3000元的索尼T900照相机一台。恭喜0072号的朋友。有请兴达房地产开发有限公司工程部副总经理姜宝利先生颁奖。再次感谢姜总，也恭喜这位女士。感谢各位尊贵的来宾，与我们在东方夏威夷共同度过这个愉悦的下午，虽然我们无法阻挡时间的流逝，但我们可以主宰自己的心情，有我们对致雅、华丽生活的感触，更有我们对未来生活的渴望，在这里，我们将开启一段尊崇无上的私人海域传奇，我们深深相信在不久的将来，在眼前这座美丽的海上宫殿，我们将会拥有更加美好的生活。最后，我们再次感谢所有贵宾的光临，感谢您对东方夏威夷的支持！,4,6,0.3140977621078491
"大佬力挺 房地产基金热启动每经记者 刘建辉 发自北京尽管目前各界对于国内房地产市场是否已经出现转暖的 “拐点”仍有颇多争议，但是，这并不妨碍许多外资开始募集房地产投资基金跃跃欲试投资国内房地产市场，其中有些项目已接近达成交易。前天同时有两个关于房地产市场的峰会分别在北京和上海举行。《每日经济新闻》采访了一些参会的业内人士，对当前的市场形势纷纷发表看法。此外，一些企业已经用行动表明了“抄底”的决心。华远地产(企业专区,旗下楼盘)董事长任志强(任志强博客)：近期虽然部分楼盘提高了售价，但区域的涨价不代表整体的恢复。在经济整体形势还没有见底的情况下，楼市很难说已经开始回暖。现在去库存化还没有完成，开发商有大量土地、在建、现房库存。SOHO中国(企业专区,旗下楼盘)董事长潘石屹(潘石屹博客)：SOHO中国未来数月将携200亿资金大举收购北京及上海的商业物业。SOHO中国CEO张欣：尽管目前未必是市场的最低点，但却是入市的好时机。急于出售的物业主要来自海外基金以及部分国内开发商。东亚银行中国副行长林志民：3月份按揭贷款的申请比2月份翻一番，说明房地产市场在慢慢回暖。各家银行在个人购房按揭贷款方面也已经展开了激烈竞争。由于政策的滞后效应，房地产市场将会在下半年有很大的发展。私募基金ColonyCapitalAsia董事总经理刘彦?：在过去的两、三年里，凡是在中国投资地产的基金，无论是黑石、凯雷，还是大摩等，目前都面临着亏损。主要原因是募资成本较高、所收购物业价格下跌。摩根大通亚太证券部董事总经理李晶：去年年底以来，有外资基金抛售在华物业。这主要是自身财务状况的问题或寻找新的投资机会，而并非看淡中国市场。中海发展副主席郝建民：计划成立一个5亿~8亿美元规模的不动产基金，以投资内地房地产市场。公司致力于利用其主导地位来吸引国际投资者，反响不错。中海地产(企业专区,旗下楼盘)主席孔庆平：中海即将在年内成立的基金属于并购类型，这不仅是一个融资的渠道，也可以通过此基金购买新的住宅土地。加拿大置地董事长叶树林：将成立一个 “加置中国房地产机遇基金”，寻求各种房地产投资机遇。中国房地产市场已经呈现出近年来、甚至是历史上最有利可图的投资机会。世邦魏理仕(世邦魏理仕博客)北京分公司董事总经理尹宝军：今年以来，外资对投资内地房地产市场的热情明显比去年恢复了很多。一些外资开始看一些具体的投资项目，经过3个月的考察，目前已经圈定了部分投资项目，预计4、5月份就会有大宗交易达成。这些项目基本都是位于北京、上海等一线城市比较成熟的物业，相对于2007年以前一、二线城市同时发热的情况，目前外资对于内地房地产市场仍属于谨慎乐观。上海易居(易居博客)房地产研究院综合研究部部长杨红旭(杨红旭博客)：海外基金现在对内地楼市的态度有所分化，观望的多，真正下手的少。总体来说，在全球流动性不断增加的情况下，由于中国经济增幅依然是全球最好的，所以外资还是愿意来中国，楼市依然是一个投资方向。一些房地产投资基金的募集估计在为楼市下一轮上升期投资做准备。新加坡房地产基金管理公司ARA资产管理集团透露，预计今年在中国房地产市场的投资将逾100亿元。新加坡的凯德置地(企业专区,旗下楼盘)也在去年市场被普遍看低的时候设立了一个10亿美元的私募基金，用于投资国内的综合用途商业地产。金地集团(企业专区,旗下楼盘)也曾透露，将与瑞银合作设立房地产基金。按照金地的计划，该房地产基金的首期募资为2亿～3亿美元。 我要评论",4,1,0.8533158898353577
李嘉诚旗舰公司业绩均降四成每经记者  李凌霞李嘉诚旗下“长和系”两家旗舰上市公司——长江实业(00001，HK)及和记黄埔(00013，HK)昨天联合发布了2008财年年报。去年该两公司业绩表现分别下降了43.93%及42%。李嘉诚通过两家公司的业绩报告表示，今年面临的经济环境仍不容乐观。尽管两家公司业绩均下滑四成左右，但这基本符合市场预期，昨天长江实业与和记黄埔股价不但没有受到太大打击，反而都出现上涨。长江实业微涨1.854%，报收71.4港元，和记黄埔涨了3.277%，报收42.55港元。长江实业投资收益锐减95%截至2008年12月31日，长江实业净利润由2007年的276.78亿港元下降了43.93%，至155.18亿港元，每股盈利6.7港元。虽然盈利出现大幅下滑，但公司董事会仍建议每股派发末期股息1.95港元。年报显示，长江实业去年各项核心业务持续稳健发展，去年公司营业额增加了6%，为164.36亿港元，其中经营业务收益89.1亿港元，增长19%。不过，由于受环球金融危机影响，该公司在投资及财务方面的收入大幅减少，由2007年的49.39亿港元下跌了95%至仅为2.68亿港元。另外，公司投资物业的公平值增加也受经济环境影响而大幅下降，较2007年减少了75%至6.01亿港元。乐观看待未来楼市长江实业的主营业务房地产业务去年因整体市场低迷受影响不小，整体销售量及价格均相应下滑。不过，公司表示，由于住房需求空间仍然巨大以及受到相关政策利好的支持，公司对未来两三年的地产价格持乐观态度。长江实业表示，目前公司在香港及内地的土地储备均处在交通便捷的优质地段，可支持未来五至六年的各项物业的发展计划。公司同时称，将在未来把握机会以合理的价格购入更多的有潜力的土地。酒店业务利润增长99%昨天，长江实业持有一半股权的和记黄埔也发布了年度业绩。期内，和记黄埔的净利倒退了42%，为176.64亿港元，每股盈利4.14港元。与长江实业一样，虽然业绩下滑，但公司仍然建议每股派发1.22港元的末期股息。和记黄埔业绩显示，公司去年总收入比2007年的3087.75亿港元增加了13%至3483.65亿港元，若不包括出售上市股权投资所得利润的话，去年来自其固有业务的经营利润为535.15亿港元，较2007年的458.11亿港元增长了17%。若将出售上市股权投资所得计入，则去年和记黄埔的经营利润为555.99亿港元，与2007年大致持平。面临多年来最大挑战在和记黄埔去年的固有业务中，表现最突出的是地产及酒店业务，去年利润增长了99%，这主要得益于期内出售一项投资物业，此项出售给公司带来21.41亿港元的利润。不过，去年和记黄埔在财务及投资上也比较失败，虽然没有亏损，但该部分利润大幅倒退了54%，为64.67亿港元，而在2007年，股权投资给公司带来了高达97.54亿港元的盈利。我要评论,4,2,0.5231173634529114
美92岁双胞胎兄弟感情深“同生共死”(图)中新网6月6日电 综合媒体6日报道，美国一对双胞胎兄弟生活了将近一个世纪，见证了许多历史变迁，92年前，他们相隔几秒出生，从小到大，感情都非常好。92年后，两人也在同一天过世，前后只相隔几小时，连死因都一样，委实兄弟情深。报道称，这对双胞胎兄弟朱利安•里斯特和艾德里安•里斯特(Julian & Adrian Riester)是在1919年3月27号出生的，他们从小开始，就形影不离。不管是上学、工作、传教，都在一起。兄弟俩年轻时加入天主教方济会，过去65年来都在纽约州西部的圣文德大学服务。两人的朋友表示，兄弟俩的感情确实非常好，相互扶持走过近百年。不过大家只知道他们是孪生，但始终搞不清楚谁是哥哥，谁是弟弟。据报道，他们一生只分开过两次，一次是1946到1951年，两人分别被派驻到曼哈坦和波士顿，另一次是20世纪50年代被分派到水牛城地区不同地点。1956年以后，就再也没有分开过。两人在2008年，从纽约移居到佛罗里达州养老。2011年的6月1日，两人均因心脏衰竭而去世，前后相差只有几个小时时间。,5,9,0.7076859474182129
“祖父级”莱卡相机拍出百万英镑(组图)全球各地的拍卖市场上永远都不乏奇特且让人咋舌的宝贝。日前，法国和英国的两家拍卖行分别拍出两件吸引众人眼球的物品：一件是法兰西第一帝国皇帝拿破仑上英文课时的手稿；一件是价值连城的古董级莱卡相机。下面让我们来一睹为快！拿破仑昔日英语学习笔记被拍卖 月底与公众见面拿破仑作为一位帝王、一名战争英雄、一位有着浪漫之心的丈夫而被人们熟知。日前，一份属于这位意气风、发驰骋沙场的帝王的手稿，以9.3万欧元(约合88万人民币)的价格在法国成交，让人们能够有机会一睹当年这位帝王学习英语时的“风范”。据法新社6月6日消息，5日被拍卖的这份属于拿破仑的英语课手稿，是他当年被放逐到南太平洋圣赫勒拿岛后第一节英语课的笔记，上面有三句由法语和英语写成的句子和一些图示。这三句话分别是：“谁来了”、“他们有多少人”以及“你好”。这份手稿的买家是法国巴黎一家私人博物馆。这家博物馆表示，将于6月21日向公众展出该手稿。这家私人博物馆当天还以5.3万欧元的价格购得了拿破仑回忆录的一份副本。回忆录同样也是拿破仑在圣赫勒拿岛时写的，上面记载了他如何在1796年的如阿尔科(Arcole)战役中大获全胜。这份20页的回忆录共有数份副本，真迹目前存于法国档案馆。拿破仑在滑铁卢一役中被反法联军击败，随后于1815年6月被放逐到圣赫勒拿岛，该回忆录就是他在1817年到1820年期间所写的。“祖父级”莱卡相机创纪录 拍出百万英镑英国《每日邮报》6月6日报道，一台88岁“高龄”的德国产莱卡相机，近日以创纪录的100万英镑(约合1062万人民币)拍出。更令人惊讶的是，这台古董级相机的状态依然良好，能够正常拍摄。负责拍卖的卫斯里特拍卖公司称，这台罕见的照相机属于1923年出厂的莱卡“0系列”照相机，是这一德国品牌开始进行商业生产前出产的原型相机之一，极为珍贵。该公司还透露，在激烈的出价竞标后，这台古董相机被一位神秘的亚洲收藏家买走。(来源：中国日报网 陈璐 编辑：婧远),5,1,0.655147135257721
英游艇命名效仿“泰坦尼克”难逃沉没厄运(图)据英国《每日电讯报》6月7日报道，一艘被命名为“泰坦尼克II”号的游艇似乎也难逃“原版”的魔咒，在处女航返回海港时沉没。虽然船主侥幸逃生，但随后还是被尴尬追问是否撞到了冰山。这艘汽艇的主人名叫马克•威尔金森，40多岁，来自英国伯明翰。他最近才购买了这艘长16英尺(约4.9米)的二手游艇，并将它拖到位于英国南部海岸的莱姆湾进行处女航。当天，他在莱姆湾钓到了很多鱼，但在返航途中，玻璃纤维制成的船身突然出现了一个6平方英寸(约39平方厘米)的大洞。大量的水开始涌入船内，马克试着将水抽出，但船的尾部还是沉了下去。由于前部有气囊，所以船头漂在了海面上，但马克最终还是弃船逃生。随后，马克被当地负责港务的工作人员从海里拉了上来，“泰坦尼克II”号后来也被拖上来。马克说：“如果不是工作人员的帮助，我可能已经随‘泰坦尼克II’号沉下去了。之后很多人问我是否撞到了冰山，这稍微让我有些尴尬。”(来源：中国日报网 信莲 编辑：婧远),5,9,0.8287598490715027
法国ESMOD高级时装艺术学院2011年招生简章法国ESMOD校史 ESMOD (ECOLE SUPERIEURE DES ARTS ET TECHNIQUES DE MODE)世界上第一所时装学院1841：Marie Eugénie皇后的御用裁缝、法国时装大师阿列克斯·拉维涅(ALEXIS LAVIGNE)创立了ESMOD高级时装艺术学院，他也是服装卷尺和女子模特(人台)的发明者。1841-1970：ESMOD经过一百多年的发展，教学及管理日益完善，享誉法兰西。1970—1990：随着高级成衣以及设计师行业的兴起，ESMOD巴黎向全世界敞开大门，发展成为一所国际性院校，在全世界范围内传播时装之都先进的设计理念和技艺。1980—1990：随着市场上对营销管理人才的迫切需求，ESMOD国际创立了时装与商业相结合的时装商学院ISEM，专授时装营销管理知识。1990-至今：ESMOD国际日益壮大，目前已在世界上14个国家均开设了分校，分布在柏林、北京、贝鲁特、波尔多、大马士革、迪拜、雅加达、里昂、莫斯科、慕尼黑、大阪、奥斯陆、巴黎、雷恩、鲁贝、圣保罗、首尔、苏斯、东京、突尼斯、悉尼等城市。ESMOD北京ESMOD北京高级时装艺术学校成立于2004年，校址位于北京最繁华的CBD商务区团结湖大厦，毗邻中央电视台新址、国际贸易中心和外国使馆区，是法国ESMOD高级时装艺术学院在中国唯一授权的学校。同年，经北京市教委批准为引进国际最优质的时装教育资源--法国ESMOD高级时装学院的中外合作办学项目学校，成为中法时装教育合作的精品。中国纺织工业协会会长、原纺织部部长杜钰洲亲笔为我校题词了校名。ESMOD北京全面引进法国ESMOD的教学理念、课程设置、教学内容与方法、师资与专用教材。设计与制板专业教师都由法国ESMOD总校选派，全法语授课，配有随堂翻译。培养学生国际化的设计理念及实际动手能力，注重创新精神、系列时装设计及市场开发等综合素质，是培养国际化的时装人才的摇篮，申请就读法国ESMOD的直通车。ESMOD北京是一所拥有国际化全新的理念和体制的时装学校，法语环境、法国教授、专业课件、独特教学方法、三年2800学时课程，与企业的密切联系等，均与法国ESMOD教学同步同质。办学四年多来，ESMOD北京在培养时装设计人才方面取得了优异的成绩，得到了中法两国政府、服装业内、教育界与媒体的广泛支持和关注，被誉为中国时装教育办学最好的学校之一、培养时装大师的摇篮。目前ESMOD北京设有服装设计与制版专业，学制三年，学生有去海外其他分校深造或者交流考察的机会。法国ESMOD高级时装艺术学院(北京)2011年招生简章招生对象：年满17周岁，高中或同等以上学历，身体健康。热爱服装行业，有志于从事时装事业的人；学制：三年注：毕业后经法国使馆及ESMOD总校审核通过可申请总校继续深造攻读硕士或四年级课程；二年级专业成绩及法语优异者经法国使馆及ESMOD总校审核可申请赴总校直接攻读三年级。开学日期：每年4月和9月(详情请咨询招生部)报名方式：与招生部门联系报名并预约测试，专业评审委员会测试通过后报名生效。招生热线：010-51281653   51293221地址：北京市朝阳区东三环北路30号团结湖大厦邮编： 100026网址：http://asmt.educ.org.cn/三年级招生简章招生对象：热爱服装行业，有志于从事时装事业的人。拥有服装设计专业文凭的职高、大专、大本毕业生；具备基础女装独立设计和制板及工艺制作的能力(如：衬衣、裙子、裤子、外套、大衣)身体健康。专业内容：服装设计与制板学业认证：由专业评审委员会评审，成绩合格者获得ESMOD北京的3A毕业证书。开学日期：每年9月(详情请咨询招生部)报名方式：与招生部门联系报名并预约测试，专业评审委员会测试通过后报名生效。招生热线：010-51281653   51293221地址：北京市朝阳区东三环北路30号团结湖大厦邮编： 100026E-mail：fashion@esmodbeijing.com法国总校网址：http://www.esmod.com北京分校网址：http://asmt.educ.org.cn/,5,6,0.9660537838935852
俄罗斯美女冰海中全裸 与白鲸同游嬉戏(图)据英国媒体16日报道，近日，两届世界自由潜水女子冠军、俄罗斯美女纳塔莉亚·阿夫先科(Natalia Avseenko)为了完成实验，听从了海洋学家的建议，脱光全身的衣服，在零度以下的寒冷海水中，赤裸全身与两头白鲸同游嬉戏，可谓是真的“回归自然”。据报道，现年36岁的纳塔莉亚在俄远西北部靠近北极圈的白海(white sea)海域进行了一次大胆而“美丽”的试验，全裸在寒冷的水下与白鲸共舞嬉戏，由一名俄罗斯摄影师拍摄下这样的场面。报道指，阿夫先科在水中仿佛美丽的“白鲸公主”。报道称，为了不让白鲸跑得太远，实验人员将部分海域圈了起来，以便美女不游太远，就能追上白鲸。据悉，当地海域的水温在零下1.5摄氏度左右，脱光衣服的纳塔莉亚显然会“冷得哆嗦”。一般来说，普通人在零度以下的海水中呆个5分钟，就有死亡的危险，但潜水经验丰富的纳塔莉亚不仅是个瑜伽“专业户”，更练出了在水下憋长气的技巧，最长可以在零度以下海水中呆10分钟40秒左右。此外，海洋学专家建议，由于白鲸这种动物对人造材料如潜水服非常敏感，不喜欢触碰人造材料，因此纳塔莉亚如果想要与白鲸更亲近，最好是全裸下水，来个肌肤的“亲密接触”。白鲸是自然界中的庞然大物，它们以脸部能表现类似人类的表情感知而着称。除水族馆的白鲸外，全世界目前有约10万头白鲸在海洋中生活。,5,9,0.853254497051239
《对手》：好孩子是什么标准？蔡美儿我们小的时候，我们去哪儿都带着小提琴，而且每次我都要和她们一起拉琴或者弹琴，露露现在反叛以后，现在她只是在娱乐的时候拉小提琴，那么我对小提琴的要求太严了，她开始憎恶小提琴了，我意识到那个以后，我就意识到我不想失去我的女儿，所以后来呢，我就自己放弃了强迫她练琴，后来她自己自愿回到练习小提琴的路上，但是我觉得严格父母是非常重要的，特别是在美国环境之下，有的孩子性格非常强，他说我不想让爸爸妈妈管，我要自己管，但是网球教练跟我说，露露她非常严格，对自己要求非常严厉，非常刻苦，而且非常有天赋，所以我认为从我这种严格的父母的管教之中，她逐渐学到了，从中看到了闪光点，从中得到了很多好处。常智韬：是不是虎妈也同意，孩子的快乐和小提琴或者网球技艺提高并不矛盾，是不是在没有父母严格管教下，我听说露露准备挑战李娜，她同样可以有很远大的理想。蔡美儿：美国我觉得孩子们为了保持自己的热情，他们自己的选择太多了，那么经常说要保持孩子的热情，他这个热情包括整天吃糖、整天玩电子游戏，每人没有人会有自动的热情每天去做作业，所以一直到10岁、11岁的时候，我觉得父母必须给他们一些规矩，不让他们放弃他们有兴趣做的那些好的事情。常智韬：我觉得在没有明确孩子的兴趣爱好，或者孩子的特长在哪个方面的时候你替他做了一个选择不允许孩子放弃，孩子放弃就意味着孩子没有毅力，反而会适得其反，比如你不会知道孩子将来是刘翔还是姚明，你让他坚持打篮球或者什么，你会少了一个姚明或者刘翔。蔡美儿：我觉得这个问题有一点让人混淆，我想他刚才谈到家长不应该干扰孩子的选择，可能我们两个社会不一样，在美国25%的10到13岁的青年孩子是喝酒的，我们在美国是有发达国家最高的十几岁孩子怀孕比例的，所以我要我的孩子们在十几岁就喝酒或者怀孕，我是绝对不要的。常智韬：所以有的时候家长要信任孩子，比如我的女儿在高中二年级的时候也到美国做了一年交流生，她回来的时候也告诉我，就像虎妈所讲，美国高中阶段有谈男女朋友的，有同性恋的，有吸毒的，但要相信自己的孩子有自己的鉴别力，她跟我讲，爸爸请放心，我周围的朋友都是比较传统的。还有一点，中国以前有一句话说温室里边只能长出娇嫩的花朵，长不出大树，在无菌的环境下长大的孩子，他走向社会的适应从什么地方来呢。蔡美儿：在西方的学校里面用点中国的东西来教育我们的学生，所以我认为我们的孩子是强有力的，她们没有自己的错误之处，可能我们就说我们殊途同归，我们的目的是一样的，但表达方式不一样，你强调非常强硬的规则，我也同意有的时候不能对孩子太严了，有的时候就是你觉得孩子，我们可能就到此为止，不要太严管他，但我觉得有的时候不能这么做的。主持人：在你心目当中，好孩子或者孩子的成功应该是一个什么标准，是门门拿A，最后进哈佛、耶鲁？蔡美儿：我认为你必须要看一下你的孩子，听他们的意见，知道他们的能力在哪里，如果有些人他得不到A的学分，你不能强迫他，不能给他太大的压力，这样会给他们毁掉的，但从另外一个角度来讲，我会告诉你，我的书在美国引起很大的反响，很多西方人看了之后希望更加严格给孩子教育，很多美国人给我写信，说我不是非常的聪明，但是我相信我还是有智慧的，我希望我的父母以前比我更加严格，这样使我可以成为某些成功人士，这是他们写的信，但我现在失业了，因此成功和幸福是非常复杂的问题，它不是选择一个就放弃另外一个问题，但我相信两点，要帮助你的小孩施展他的潜能，不管他的潜能是什么样的。常智韬：我觉得像我和虎妈的孩子都是在进入大学的年龄，他们远远谈不上成功，他们仅仅是进入名校，找到适合自己发展的，适合自己个性受教育的机构。那我觉得家庭教育的成功，应该是培养出来一个全面发展，心智健康，有良好的情操，又有良好的学习习惯的这么一个孩子，我觉得这是家庭教育的一个目的。蔡美儿：我认为大女儿是非常很好的，她自己就能成为一个很好的学生，但我认为露露的话，尽管我们有很多争斗，我想即便露露是非常难教的一个孩子，我有很多眼泪，有很多辛酸史，但是我认为露露，曾经问过她，我问过她你是不是喜欢这样严格的家教，我担心露露在采访的时候会怎么说呢，但是露露在采访时说我非常喜欢这样严格的母亲，如果没有母亲严格的教育方式今天谈不上我的成功，看到她的姐姐是非常好的学生，露露也受到影响，她以为自己是不好的学生，因此我帮助露露更加建立自信，相信自己。主持人：我们这一轮探讨什么话题，刚才虎妈也说了很多决定是她对自己的女儿来做的，猫爸认为很多自己的孩子决定，包括孩子爱好的养成要观察孩子，由者孩子的性格去发展，那么父母到底该不该替孩子作主？这就是我们第二轮要辩论的话题。掌声请出红方的第二位嘉宾，他就是著名节目主持人、导演英达。英达：那就是每一代在成功的同时一定要设计和亲自参与实施孩子的所有的未来。主持人：好，我们掌声请出蓝方第二位嘉宾，这就是，他写了一本书，别看年龄不大，写了一本书叫《山海经新释》，被很多人称为国学天才，这是山西大学初民学院的学生孙见坤。孙见坤：基本没有，基本上没有，基本上是我自己规划的。我的观点就是没有人能够替你作主，哪怕这个人是你的父母。英达：我们说孩子，说的是从大概两岁快到二十岁这样大范围的孩子，我认为在十岁之前有许许多多事情孩子自己不知道的，也不能知道未来这件事情对自己多么重要，你不可能指望他自己就把这个定好了，他不知道，所以在这种情况下确实有些特殊项目我们要替他决定，那么其他的，比如说当国学大师这种事可能就要等十岁以后孩子自己愿意说读个《聊斋志异》的那种神怪小说，但比如说钢琴、小提琴等他十岁以后想拉是绝对没有可能的，因此我们也参考其他的，不是中国式教育，是外国式的，大音乐家，比如贝多芬、莫扎特也是从小他们的父亲大耳刮子抽出来的，我们知道贝多芬经常小的时候睡到半夜四点多被他父亲拉起来弹琴，不弹就大耳刮子抽他，所以这是为什么贝多芬最后耳朵聋了。所以兴趣是最好的老师，孩子大了以后，如果小孩让他说兴趣是最好的老师，那么这个老师一定不是别人，是游戏机。孙见坤：其实刚才英老师讲的这个在我身上就不符合，我做，我看历史是从8岁，不是10岁。我想说一个问题，第一点贝多芬，大耳刮子可以抽出贝多芬，也可以抽出希特勒，我们在那个过去，一百多年前奴隶社会什么都不变的，从1840年不一样了，1840年是千年不变，1840年以后是十年不变，当我们有孩子知道是十年前的，他要给孩子做决定是过时的决定，另外一点其实中国的父母喜欢给孩子做决定、做判断，他其实这个并不是中国，并不是所谓的中国式教育，因为这种方式从此你看不到的，这其实是中国专制社会的一种黑色遗留下来的东西，他是为了培养孩子的盲从性，这不是我说的，这是孙中山说的。第三点，永远不要把一个人的能力或者他的思维，他的思想的深度和他的年龄挂钩起来，这是一种很简单、很愚蠢的做法，这是一种，可以说是一种人的一种惰性，他不想深入地去了解这个人，只是从一看你的年龄就觉得你不懂，就这种感觉，就像看到一个人一看他是北大毕业的，就觉得他一定是德才兼备的好孩子，其实也可以是勒死？？的凶手。英达：就你刚才说的能不能选择，首先我同意有很小一部分，1%吧，是可以让孩子在十岁之前选择，反正也不要紧，比如你国学，他是8岁读的，还是12岁读的没有什么区别，而比如弹琴，甚至小儿不才除了弹钢琴之外，还打个冰球，这是童子功的，那开会的早，开萌的早是你的本事，但是我13岁开始读也可以做到你的成就。孙见坤：其实是这样的，童子功肯定会有，但不一定每一个人都要弹钢琴，每一个人都要打冰球，当然不一定每一个人都要去读古文，但问题是您怎么知道您的孩子就是干这个的料呢。英达：他问我，我不回答不合适，是这样的，实际上成人也不能决定他的专业，比如打冰球，巧了，我儿子在冰球上有一个才能，但到现在为止同龄人不是没有比他强的，我儿子弹钢琴也好，我儿子也希望梅迪，总而言之他现在学这些，猫爸说的很科学，人的学习无非是两大种，一种是知识积累，一种是技能提高，这两种都没有用，包括古文学得再好，都有可能是明天被废弃过时的东西，这是有可能的，孙见坤：您给您的孩子做的选择，那么是依照大您身边的人或者这个社会很多人都做了选择，还是您是把您自己小时候没有能够做到强加到，延续到您孩子的身上？英达：你的问题提得很浅显，因为你不能把，你不能说所有做的选择都是我们没有办成的事，不瞒你说，我基本想干的事都干成了。,5,2,0.4397728443145752
《对手》：快乐童年重要还是打好基础重要孙见坤：中国的教育方式是发现并引导孩子的天赋，就是中庸里面讲的…，如果一个孩子没有快乐的童年，他的天赋不可能被引发出来的，更不可能有高尚的道德，真正中国教育核心在于培养一个孩子优秀的道德，这是从孔圣开始一脉相传的，孔圣就说…，学习这种文化知识或者所谓的学科知识，在孔子看来是最底层的一个事情，高级的事情是什么？孩子的道德，就像他给自己学生排名，孔文四科，德行、言语、政事、文学，文学是排在最后面的，中国教育家是排孩子的道德，然后会讲心性，孩子十余岁孩子的爹会讲孩子你将来做什么，说要做状元，高官、做圣贤，但是问题是，他最后成功了，他发现自己的孩子的确有做圣贤的天赋，就引导他做下去，其实历史上真正成功的人完全是按照他们的天赋引导来做，真正由父母规劝，包括英老师一开始说的莫扎特，莫扎特6岁能作曲也是他的天赋在那儿，应该顺着他的天赋，在引导过程当中，德国人是这种情况，但是中国人，要到中国来讲，就是引导你的天赋，人不能逆天，必须顺天。主持人：冰球你会打吗？英达：我没有想打冰球，这正好是特别好的例子，是他自己做的选择。打冰球就是他自己做的选择，但是一旦这个选择开始，他不能放弃，知道吗？而且放弃了现在基本上可以说放弃的就跟他们家小提琴要放弃似的，钢琴要放弃似的，我儿子可能最后放弃的时候给他做的选择就是钢琴，但是他冰球打得好，包括他今后学习能学习得好，跟他曾经弹钢琴，三岁开始弹钢琴，三岁不可能有其他选择是有极大的关系。英达：如果你的孩子确实是如此自立，而且又是幸运的，在她非常小的时候居然她自己就能选定比大人还准确的，不知道靠一种什么样的天赋和嗅觉找到自己今后有用的一行，那当然好，但对不起，起码我们家孩子，我不够那么聪明，当然我还没见过比我更聪明的，我肯定不够足够聪明，否则不需要人替我决定，但是我说句实在话，可能你觉得你自己的孩子没有那么聪明，完全是自己自会、找会的，我觉得父母一定要帮忙，否则就是不负责任为自己找一个借口。同样一句话，虎妈说的天才儿童不需要父母，但是有父母就更好了，那就不是一般的天才了。孙见坤：刚才英老师说他一直在为孩子，说是普通的孩子，那种大多数的孩子是需要父母来为他做一个决定的，那么就出现一个问题就是，我是从西安来的，我们西安就有一位从，从小父母替他做决定，比较有名的人就是药家鑫，就是父母他给他做决定，学钢琴等等。英达：你觉得药家鑫这事主要是父母做决定做的，药家鑫这事是父母替他洗手，他用香皂洗手，是不是要提醒大家不要用香皂洗手了。这俩事没有相关，不是觉得这俩事近就有相关，每天早晨大公鸡一叫太阳就升起来了，这俩事联系在一起，确实不是大公鸡一叫太阳就升起来。英达：如果他最后所从事的一项工作就是对你的鼓励监督，比如冰球这件事情不是我做的决定，但是他要做决定的时候我们会把这件事情固定下来，因为后面还有我们大量的付出，让他不可能放弃，这是谁做的努力，对后比如在冰球上成功了，那样太好了，如果是那样的话，你能说这是大公鸡和太阳的关系吗？ 孙见坤：如果父母的决定错了，孩子自己来承担这个责任，那么这样孩子自己做不了这个决定，如果他将来一旦，像英老师说二十岁以后再做决定，之前做决定都非常好，一路过来非常顺，他一旦自己做决定，一旦做错了，那么做出一个什么结果呢？目前孩子的一遇到困难就轻生的孩子越来越多了。英达：如果给孩子所谓做决定的时候其实不是孩子根本不喜欢这事，孩子不理解，非常痛苦，家长也不加以解释，说必须这样，不这样我揍死你，如果这种，我们要把所有的问题都说得这么极端和绝对，说父母一做决定，孩子长大就是药家鑫，这还有什么意义，我们说的是百分比，多数好的父母如果给孩子做决定也是在先给他讲，你喜不喜欢，甚至他自己决定，你不能放弃，然后一路告诉他在这个时候你为什么不放弃，那个时候你敢放弃就揍你，等等，甚至我们到一定年龄的时候帮他做决定，主持人：我知道双方都不服，尤其是孙见坤，下一轮接着辩论，这一轮辩论什么，现在很多父母为了让孩子不输在起跑线上，在上学的同时给孩子报了很多班，奥数班，有的甚至是舞蹈班，书法班、英语班等等，孩子有限的精力，有限的课余生活完全被各种班、各种培训充斥着，有人说不对，每一个孩子都有权利获得一个快乐的健康成长的童年，也有人说了，为了孩子在未来竞争不输于任何人，我们这个时候必须给他们进行投资，哪怕是孩子的快乐有所抹杀，这就是我们的第三轮辩题，到底是一个健康快乐成长的童年重要还是打基础更重要？有请红方的第三位嘉宾，他就是著名的企业管理咨询和管理教育专家哈佛商学院北京校友会主席、泛太平洋管理研究中心董事长刘持金，刘兄你好，到底是打基础重要还是让他们快乐成长重要？刘持金：当然是打基础重要，我认为在孩子童年时期父母最重要的责任就是帮助他们打下基础，而不要为表面的快乐童年所误导。主持人：谢谢，为什么你在快乐童年前面加一个所谓两个字，一会儿再说，有请蓝方第三位嘉宾他就是新东方教育科技集团董事、兼高级副总裁周成刚。周成刚：我的观点应该是一个孩子有快乐的童年，他可能未来长久有更可持续的成长，这样的孩子往往更有动力性，有对生活的激情，未来不仅成才，而且成为21世纪栋梁之才。刘持金：一个什么是快乐的童年，快乐有不同层次的快乐，孩子愿意打游戏机，快不快乐？很快乐，孩子愿意每天爸爸妈妈带着吃冰淇凌，孩子快乐吗？非常快乐，但他还有不同的快乐，当他能帮助小朋友克服困难，当他能够在运动场上叱咤风云，当他能在演讲当中名列前茅，这是快乐，这个快乐不是简单的表面的快乐，第二个就是基础，我们打下什么样坚实的基础，像奥数班或者学小提琴，不一定我们给打下基础，而是说这个基础是一个扎实的，比如他解决问题的能力，批判性思维的能力，关心他人的能力，以及对尊重他人，对社会的责任感等等等等，从小我认为在这个过程中父母都有巨大的影响力。因此这是我阐述中为什么父母对孩子最重要的责任应当是打下一个坚实的基础，对这个基础这个概念的修正。周成刚：首先我要说的一点就是，我认为这个孩子，我是新东方的一个校长，每天接触无数的孩子，就是我发现孩子的心智的发展是有先后的，他的能力会展现在不同的方面，个性也会不同，所以说甚至于他们的观点和价值观也会不同，我个人认为应该对不同的孩子应该用不同的方法教育可能会更好。这是第一点。    第二点，如果说就把一个孩子上哈佛和耶鲁就做一个好孩子，我觉得这是严重的误导，孩子可有不同体现的方面，甚至我隐隐感觉到如果我们把上哈佛和耶鲁的孩子作为一个好孩子，这里边我不否认我们的家长在现在经济社会高速发展的时候，我们带有严重的实用和严重的公用目的，也就是说我们这个社会不仅需要弹钢琴的，不仅需要弹小提琴，还要需要管道工，还需要木匠，还需要很多钢铁工人。    第三个我想表达的是，假设一下，如果全世界的母亲都成为了虎妈，请问我们的孩子最后到哪里上学，难道都进耶鲁，都进哈佛吗？在美国有四千所大学，除了请问前二十名、三十名大学，难道后面进去美国人他们都是傻子吗，都是坏孩子吗？再问最后一点，网友做了一个很有趣的统计，在中国过去三十几年改革开放当中，一共有接近一千位中国各个省市高考(微博)状元，但是他们最后作出的统计是，这些状元都是当年最好的学生，但是二十年过去，他们寻找当年的高考状元，现在在这个社会上真正对社会产生重大影响，我们以这个为例，几乎没有一个高考状元还在这个世界上发挥我们想要所谓最重大社会功能的人才，我的结论是，看到今天很多精英人士都把孩子想尽一切办法送到美国去的时候，我们不能否认美国的教育有无数的东西正在吸引着我们，所以我相信我们的孩子可以成为功力和事物最好的发展人士，但是很难成为21世纪需要的栋梁人才，刘持金：我想反驳周校长，刚才我们在对话过程当中没有讲到哈佛和耶鲁就是我们的标准，我们举一个例子，比如克林顿总统没有申请耶鲁和哈佛，唯一申请的是乔治大学。刘持金：但是我们不能说克林顿是不成功的。我想说的给孩子打下一个坚实的基础，不是一个我们学业上这么狭隘的一个坚实的基础，而是一个广泛的概念，比如说他吃苦耐劳的精神，比如说我们中国人讲坚持的精神，我们蔡教授讲的坚持，无论你做哪一行我要做持之以恒坚持的精神，这是我讲的基础。这个基础从童年时代到少年时代都没有人理睬的话，这个基础就很危险。周成刚：刚刚听到蔡美儿说父母亲比较严格，反正我个人是从来没有父亲打过一下，我相信这边可能也都不会，我觉得孩子童年的时候往往有比较多的一些快乐，他的身心会更加健康，这是我坚信的，而且会有更多的独立性和创新能力，为什么人家说，到后来往往是比较调皮的或者成绩不太好的，同学在最终的时候，尤其最后他有极强的加速度和爆发力，人生比拼不是冲刺，而是长跑，像刚刚两位家长讲进入哈佛和耶鲁是职业的开始，更多是社会上的接触。周成刚：这个观点我同意，不仅是孩子的观点可以培养，成年人打麻将的习惯也可以培养，但中国家长更多把孩子兴趣过于狭隘培养在一个方面，这是错误的。我们并不是说孩子们通通听爹妈的，应该说白了，爹妈混球也不少，全靠他们给孩子制定未来方案，也肯定不一定好，但是总比孩子性苦多得强，我们说的百分比，我们现在讨论应该给孩子制定什么方案，应该什么样的成人来给他制定？孙见坤：我刚才讲的不是公民品质，公民品质肯定需要公民教育的，这是必须的，我说的是这个孩子将来成长的话，他适合做什么？他的天赋应该适合做什么？你将来莫扎特让他打冰球也不可能。周成刚：刚刚蔡教授的观点其实是某种意义上印证了我们的观点，蔡教授也讲了光有一个严格的管理是不行的，她在写《虎妈战歌》的时候，最终对小女儿教育方法最终放弃了，放弃的原因是她觉得如果再坚持下去可能会适得其反，会失去这个孩子，甚至失去她全部的快乐和童年，所以我们想传递的观点是其实在教育孩子的方式方法当中应该有更多的可塑性，更多的多元性，更多的因材施教。刘持金：希望中国父母都明白这一点，无论多么好的想法，父母需要付出高质量的努力，很多父母不是真正付出高质量的努力，我给你举一个简单的例子，刚才你提到比尔盖茨，你要知道盖茨在11岁的时候已经把《百科全书》通读了一遍，最后没有什么书可以读，到12岁，他的爸爸妈妈在餐桌上吃饭的时候，感觉跟这个孩子讲话很难讨论问题。周成刚：这个观点非常好，我想加一点，如果让今天家长的孩子如果不想去读书，不想考好成绩，天天在看《百科全书》，你会同意吗，事实上最终他获得了巨大的创新力，这就是我的观点。刘持金：你说的对，《百科全书》只是读书的一部分，另外我想举一个例子，你读书非常忙，但是这个责任不可推卸，百事可乐现任CEO中文翻译陆德英，也是一个虎妈，她每天在办公室上班的时候，她女儿读高中的数学题，要求她每天只要有数学作业传真到我办公室，我要看这个作业什么地方你不会帮你一下，我再给你传回去，见缝插针培养自己的孩子，全球五百强企业CEO，难道她脑子进水了，绝对没有进水，每一个成功孩子背后是父母的责任，是父母真实的付出，必须是高质量的投入。主持人：我想说一下我在全场辩论的几点感触，第一，一千个人心中有一千个哈姆雷特，一千个孩子也会有一千种性格和承受能力以及各自的性格，所以一个人的成功不可复制的话，也许一个成功的教育方法也不能简单的百分之百复制，这是第一点。第二点，不论是虎妈还是猫爸，他们代表的是自己成功的教育方式，随着我们这个社会东西方沟通越来越多，东西方沟通方式越来越渗透，虎妈和猫爸代表的是自己，不能单纯代表东方和西方，还有一点当你决定要为孩子做决定的时候，一定要想清楚，好好看看自己的孩子是不是真正地了解他们，然后再说。好，这就是今天的《对手》，我是王凯，再见。,5,2,0.8293129801750183
会笑的狗狗爆红网络 与各路名人“合影”(组图)它仅是一只普普通通、随处可见的杂种狗，但却能够像人类一样露齿微笑，人们亲切地称呼它为“快乐狗狗”。现在，这只擅长微笑的小狗已经爆红网络，被PS进各路名人的照片中，俨然一个大明星。,5,3,0.7623796463012695
猕猴捡到相机大摆POSE 狂拍数百张照片(组图)你相信吗？这些清晰的照片，竟然出自一只猕猴之手！英国摄影师大卫·斯莱特日前在印尼苏拉威西岛北部的一个国家公园内旅行，在那里遇到了一群珍稀的黑冠猕猴。这些感到好奇的动物围着斯莱特留下的相机跳来跳去。“它们中肯定有一个家伙按到了开关，启动了相机。”斯莱特说，“之后，一只淘气的猕猴拿起相机，乱摁一通，竟然按下了快门。”摸到窍门后，这只猕猴开始不断地拍照，而其他同伴则十分配合地“大摆POSE”，甚至露出大大的笑脸，显得十分兴奋。斯莱特说：“当我拿回相机时，它已经拍摄了数百张照片，当然，大部分都是对焦不准的。”,5,9,0.8746652007102966
网友晒中美物价对比 9.9美元鞋子国内要499元“在美国卖9.9美元的鞋子，39.9美元的牛仔裤，30美元的T恤衫，同样品牌在国内分别是499元、799元和799元……”连日来，这场“比价”游戏引来了越来越多人的关注和参与。最近，一条微博在网上转发率非常高，内容是说以购买力计算，在中国吃穿用度的成本超过了美国。而记者在对一些外籍人士采访时，受访者普遍的疑问是：中国内地的普通人怎么活？中国的消费真的贵吗？都贵在哪？除了工资低，我们是否真的没有价格优势？“商品和外国沾边就贵”Cathy是美国密歇根大学医学院的新生，今年暑假她来到中国实习。她说，自己并不是一个对价格很敏感的人，但来到中国后的见闻还是让她有点吃惊。在北京的一家商场，她看中了一条裙子，700多元人民币。“美国时尚品牌的裙子也差不多是这个价格(100美元左右)，这和我之前认为的‘中国制造的东西都很便宜’完全不同”，她说。她最后放弃了那条裙子，而去服装批发市场买了几件100元以内的衣服。“我还是更喜欢这样的中国”，她说。来中国将近一个月的时间里，Cathy最大的感受是只要是和“外国”沾边的商品，中国的价格就比美国贵。在美国，Levi’s算不上什么“潮牌”，大部分的牛仔裤每条都在40-50美元，有时甚至打折至20美元。而在国内，该品牌的牛仔裤得五六百元。Nike、阿迪达斯的新款运动鞋，美国卖到80-100美元，最贵不超过150美元，而国内专柜中，价格上千元的比比皆是。在纽约这样的大城市，麦当劳的一个套餐在5美元左右，小城市更是低至2-3美元。即使是那些上等的餐厅、需要穿着正装出席的场合，一顿晚宴也就50-60美元左右，外加15%的小费。当她得知中国有一些动辄上万、十几万元的天价宴时，直呼“难以置信”，“他们吃的是什么？为什么这么浪费”？至于美国的房价，Cathy说，她的父母一年前在新泽西州的普林斯顿市区买了一套房子，两层楼、五间卧室、外加一个小花园，花费80万美元(约合517万人民币)。她说，这在美国东海岸(除纽约外)算是比较高的价位。而在中部的一些城市，10万美元就能买到比这面积更大的房子。“我听说中国的人均工资只有美国的十分之一，但消费水平却和我们差不多”，Cathy说，“那普通人怎么生活呢？”“北京消费水平不次于香港”在香港工作的姚先生对记者表示，北京的消费水平已经和香港不相上下了，如果算上汇率因素，有的甚至贵过香港。但在香港，一个大学毕业生的起薪至少是一万港元。刚刚从香港回到北京的王小姐则表示，内地游客大批涌向香港“扫货”的原因除了便宜之外，很大程度上还是因为货物齐全和服务到位。对于一般中高档消费品而言，算上汇率后香港的价格一般是内地的七折左右，化妆品更便宜一些。“香港很少有假货，质量更放心”，她说，“而且香港的打折是实实在在的，不会有把原价提高再打折这样的猫腻”。王小姐还提到，在香港看演唱会的成本比国内低得多，“便宜大发了”。一般香港本地歌手演唱会最高票价平均只要500港元左右，就算王菲这样的巨星，只要花980港元，就能坐到场内前排。而在北京，王小姐花了1000元人民币买到的还是看台票，而最高票价是2200元人民币。专家观点价格高不全因税负重中国人民大学财政金融学院教授岳树民：境内消费品价格普遍高于境外的现象，有媒体称最大的原因在于高税负，这种说法并不客观。定价策略、市场需求程度、产品运输成本、场地租金等都会影响产品定价，不同的商品价格影响因素不尽相同。虽然政府确实对影响价格的某些因素负有责任，但“板子”不能都打在政府身上，应该通过科学严谨地调查，分清政府和企业的责任。国税总局税收科学研究所副所长靳东升：知名品牌的定价不一定按价值规律办事。现在网友“晒”出的商品价格有些以偏概全，统计方法并不科学，不能以此断定中国的消费水平就一定比国外高。税收调节应保证公平国税总局税收科学研究所副所长靳东升：关税是一种特殊调节的工具，对于保护我国某些处于弱势的产业具有一定的保护作用。如果降低进口商品的关税，可能损害一些国内企业的利益，因此有关部门要慎重权衡。同时，如果要降低进口产品的消费税和附加税，也应该同时给国内的同类商品相应地“减负”，这样才不会有悖于公平原则，干预和影响市场的正常运作。中国社会科学院财贸所研究员杨志勇：价格的形成因素是多方面的，但税收肯定是一个很重要的方面。从理论上讲，我国的税收确实有下调的必要，但由于目前间接税已经成为我国财政收入的重要来源，税制结构调整并不是一件容易的事。采访后记国内并非都比国外贵在采访中，几位受访者普遍认为，中国内地的交通费用相对比较便宜，特别是在北京。王小姐表示，北京的出租车、地铁费用都比香港便宜，她每天从九龙的红?到港岛的中环上班，坐小巴和搭地铁单程花费就要12港元。Cathy则表示，尽管上万元的天价餐让她难以理解，但普遍饭馆还是很便宜的。她实习的医院食堂，通常午餐5-6元就可以吃得很丰盛，味道也比美国的中餐更正宗。一些小饭馆的套餐也只要10-20元，而在美国，同类中餐馆最便宜的也要6美元左右。网友“微”观“运费高过生产成本”@_浪潮之巅_：广东生产的东西运到北京，运费比运到洛杉矶还贵。汰渍的洗衣粉，广东生产，运到哈尔滨，运费比生产的成本还高。(后来宝洁不得不在北方再开工厂。)另外中国的零售税是17%，美国各州不超过10%，个别州是零。@余晓平：最近中国一直在热传美国的物价低于中国，特别是生活必需品方面，甚至换算成同一种货币都低于中国。从整体情况来看，美国人各项消费的支出所占收入的比例要远远低于中国人。如果考虑到支出占收入的比例，同时考虑到性价比，那么据我观察，美国只有两样东西要比中国贵，一个是知识产权，一个是人工。@Vincent_YFV：美国消费税6%，中国vat(附加税，记者注)17%但是可以抵扣，企业实际税负和美国差不多，但消费者的税负太高了，还有过路费等各种收费，以及土地财政推高的租赁及不动产价格，各代理环节的利润和打点行政部门的费用，这些才是物价高昂的原因。(记者：沈玮青),5,6,0.8805361390113831
美妇女自认“猴妈” 与猕猴情同母子(组图)据英国《每日邮报》7月19日报道，37岁的美国伊利诺伊州妇女康妮·蒂比是一位狂热的猴子爱好者。不管是周末逛超市，还是平日里开车下班，她养的5只猕猴都跟随着她。经营着一家宠物店的康妮表示，她跟5只猕猴亲如一家人。“它们就像婴儿一样赖着我。如果有谁欺负我，它们就会尖叫。我就是它们的妈妈，它们很喜欢我。”她为每个猕猴都起了名字，在厨房里给它们换尿布，甚至给它们穿上可爱的小衣服，每周都会给它们洗次澡。她解释说，猴宝宝的一天往往是这样度过的。“每天早晨我都会给它们准备蜂蜜坚果甜甜圈、水果和牛奶。吃完以后它们会依次等我给它们换尿片。等一切做完以后，它们就能自由活动了。它们晚上睡在笼子里的吊床上。”康妮甚至会让其中的一只猕猴跟她睡觉，这只猕猴甚至还有专属睡衣。据悉，康妮的丈夫史蒂夫每次试图接近这些猕猴时，都会被抓伤。康妮说：“我丈夫时常抱怨我给那些猕猴的亲吻和关心比给他的还多。”康妮的两个最小的孩子——13岁的道尔顿和12岁的维多利亚——已经开始习惯妈妈对猕猴的痴迷。但是17岁的大儿子坦纳却不怎么喜欢那些猕猴。按照康妮的说法，“他们都不喜欢对方”。尽管承受着事业，家庭，以及饲养5只猕猴的压力，康妮表示她很满意现在的状态。她说：“饲养猴子是我一直以来的梦想。” (记者：信莲 北风),5,9,0.6357873678207397
英楼顶建人工湖 游客惬意划船俯瞰伦敦(组图)中新网7月22日电 综合媒体22日报道，为了替新产品造势，厂商在英国伦敦知名百货公司Selfridges屋顶上建造了一座小型人工湖，配备10多艘迷你小船，供人们划船游玩，享受闹中取静的乐趣。据报道，这是自第二次世界大战以来，伦敦知名百货公司Selfridges首次开放屋顶。食品业者为了替新产品造势，不惜花重金打造一个占地400平方米的屋顶人工岛和湖泊。除使用数英里长的钢铁加固屋顶，搬来数千植物、灌入大量染成明亮薄荷绿色的水外，厂商还放入12艘带有迷你桨的小船，一艘船最多承载2人。游客可以坐在船上，一边在碧绿的湖水中划船乘凉，一边俯瞰伦敦高低起伏的建筑景观，别有一番韵味。这个屋顶人工湖甚至专门设有一名救生员，有人不慎从船上跌下水也不用担心。人们在划船之余，还能在现场开设的一个鸡尾酒吧聊天喝酒、试吃新产品，这样的营销活动创意十足，工程难度也很高。尽管整个活动只有短短4天，但从现场民众的反应来看，这一营销创意应该已经给大家留下了深刻印象。,5,9,0.932873010635376
新西兰出现“鱼坚强” 地震后无食活134天(图)今年2月22日在新西兰克莱斯特彻奇市发生的里氏6.3级地震又出现了两名幸存者，不过并不是人类，而是两条相濡以沫的小金鱼。这两条分别叫莎姬和黛芬妮的金鱼在没有食物、没有换水及过滤装置的情况下活了134天，直到这个月人们才发现了它们。这两条金鱼能活下来一方面是因为放金鱼的水箱体积较大，所以它们能从水箱壁和石头上长的野草获得足够的营养。另一方面自然生长的细菌也帮助净化了水源。,5,9,0.8641543388366699
小猫酷似希特勒被弃养 现苦寻新家(图)中新网7月30日电 英国剑桥郡有一只六周大的可爱小猫被人遗弃在路边，附近的动物收容所人员发现并且收留了它，但是令人意外的是，这只小猫看起来就像是二次世界大战纳粹德国元首希特勒，让工作人员啧啧称奇。据“今日新闻”报道，这只小猫被工作人员命名为琦特勒(Kitler)，它的嘴巴附近有着特殊的黑色胎记，看起来就像是“牙刷式胡子”，此外，小猫的头上也有黑色斑块，神似侧分边的头发，跟希特勒惯有的造型如出一辙。工作人员私下透露，琦特勒活泼爱动、非常的可爱。不过，由于它拥有和希特勒相似的特殊外型，以致于苦苦找不到饲主愿意收养它，“因为它是弃养猫，所以我们无法知道它的品种。虽然找过无数的饲主，但都没有一个人想要带它回家，我们想应该是因为它长得像希特勒让大家害怕。”琦特勒被动物收容所人员发现时，已经濒临死亡，所幸之后顺利的捡回一条小命，英国《每日邮报》报导时，更刊登出收养这只小猫的联络方式，希望替它找到一个新的家。,5,9,0.9329878687858582
美国艺术家用气球折出世界名画(组图)中新网8月3日电 据外媒2日报道，名画自古以来就有不少复制品，但是用气球再造名画可不常见。而纽约艺术家拉里•莫斯用不同形状的气球创作出别具风格的名画复制品。虽然不像名画一样价值连城，但拉里的一幅大型气球创作也价值数十万美元。除了画作，拉里还曾用10万个气球建造了一间1万平方英尺的鬼屋。拉里称他喜欢将名作用其他有趣的方式重塑出来，让这些经典名作少点庄重感。“我喜欢用普通的材料创作，气球就是个不错的选择。只要使用得当，什么都能成为艺术。铅笔、油漆、黏土都可以。”拉里说，“对于很多人来说气球只是一个玩具，是个一放手就上天的玩意儿。但是在我手中，人们会看到气球的其他用途。”就像《飞屋环游记》里卡尔爷爷的飞翔屋一样，拉里的气球就是他探索世界的工具。他说：“我的气球作品在世界各地展出。人们看见我的作品总会会心一笑。小熊维尼说过：‘有了气球就开心了。’气球会爆掉，但是愉快的记忆永存。”,5,1,0.4748852252960205
美海豚断尾后接仿生尾鳍 将拍电影讲传奇(组图)中新网8月8日电 据外媒8日报道，美国佛罗里达州一只名叫“温特”的海豚的故事在当地早已家喻户晓。5年前，这条小海豚在仅2个月大时不小心掉进了捕蟹笼导致尾鳍断裂，人们为救活它不得已对它进行截肢。“温特”没有了尾鳍就没办法存活，所以后来人们为它装上了树脂和硅制成的仿生尾巴，在经过了长时间的适应后，温特活了下来。后来，温特甚至能做出后空翻、拍水等让人惊叹的动作。温特的故事体现出的温情与人和动物之间的关爱感动了不少人。不少残疾儿童都来看过温特，并从温特的身上获得了勇气。12岁的小女孩汉娜•杰金斯失去了左手和左前臂，她说温特给了她活下去的力量。今年，温特即将成为电影明星出演它自己的故事。著名演员摩根•弗里曼、以及哈利•小考尼克和阿西莉•贾德也将参演电影。整部电影主要讲述了温特的仿生尾在制造过程中遇到的种种艰难，以及温特如何适应这条仿生尾，过上正常生活的故事。此片的导演是查尔斯•马丁•史密斯，影片将在今年秋天以3D形式在英国首映。,5,9,0.9847062230110168
国青队员无法留学葡萄牙 多数家长持谨慎态度本报讯(记者孙永军)9名国青队员因各种原因无法留学葡萄牙。对此，多数家长持谨慎态度，“去葡萄牙后的不确定性太多”。 此前，足协公布的葡萄牙留洋名单中有29人，最终鲁能(官方微博)8名球员及北京三高的王上源从名单中被划掉。据足协官员介绍，鲁能球员不留洋主要因为山东体育局希望队员全力备战全运会。有两位家长对此很气愤，他们昨天说：“足协免费送孩子到葡萄牙这种足球发展更好的国家锻炼，是好事，但现在不让去了。” 不过，多数家长认为，去不去没有太大关系。一位家长的观点较有代表性：“足协送球员出去是好事，但出去之后，孩子能打多少比赛，是否得到教练重视都有不可预见性。譬如此前去法国的三个队员，语言不通，打不上比赛，得不到重视，等于荒废了半年。如果本土俱乐部系统训练，同时有外国青训专家带队，还有很多比赛可打，我们觉得出不出去两可。”,5,0,0.9280824661254883
"美国马里兰州政府新大楼开发项目说明会世贸通(微博)北京推介会： 时间：10月23日(周日)下午14：30地点：北京市朝阳区金桐西路10号远洋光华国际A座8层嘉宾：区域中心代表Mr. John Jiang全国预约电话：400-0909-899世贸通深圳推介会： 时间：  10月23日(周日)下午14：30地点： 深圳市福田区福华三路时代财富大厦12楼嘉宾：亚太区总监Joel Craig全国预约电话：400-0909-899(项目区域中心代表将亲临说明会，现场与预约到场的投资移民客户面对面分享这一项目)项目概况： 项目总投资：2.3亿美元马里兰州政府投资：3000万美元发行债券融资：1.35亿美元EB-5投资款：6500万美元EB-5投资人：130名项目简介： 马里兰州州政府被世界著名信誉评级机构穆迪评级为AAA最高等级，开发项目为马里兰州政府中心新办公大楼，由州政府投资参与项目开发，获州立法保障。该项目共分为5个开发阶段，总共为期15年的长期开发计划。地理位置极佳，处于巴尔的摩市中心，9个老城区的核心区域。建成后的项目将成为马里兰州政府办公区，16个州政府机构和3500名政府雇员集中在此办公；EB-5资金主要参与开发项目I期中2座新办公大楼的建设工程，共占地3.52英亩，2座办公楼总出租面积为605,000平方英尺，其中包括75,000平方英尺的专卖店和商店；项目总投资约为2.3亿美元，其中马里兰州政府投资3000万美元，机构投资者投资1.35亿美元，EB-5融资6500万美元(共130个名额)；项目预计于2011年底开工，建设周期33个月。项目可创造2216个工作机会，超出移民局要求的1.7倍，完全满足I-829绿卡条件解除的指标。投资移民客户将获得每年0.5%的利息，五年后一次性支付。项目优势： 美国AAA级信誉州政府投资开发的立法保障项目马里兰州经济繁荣，家庭平均年收入约62,000美元，居全美第一，信用评级被国级机构穆迪评为AAA级，本次开发建设的马里兰州政府大楼项目，由州政府投资3000万美元参与建设，由州议会立法保障，获州政府大力支持。发行债券融资比例高达72%的利好项目项目总投资为2.3亿美元，其中马里兰州政府投资3000万、发行债券融资1.35亿，EB-5投资移民客户投资款为6500万，仅为项目总投资的28%。创造超出移民局要求1.7倍就业机会的绿卡保障项目第一期项目开发将产生2216个就业机会(完全不包括将在大楼里工作的州公务员就业)，远远超出130名EB-5投资者I-829申请所需就业总数70%之多。特聘双律师护航的双重保障项目 项目区域中心主席David Morris先生本身就是出色的美国移民律师，是全美移民律师协会EB-5委员会十大成员之一。除此之外，世贸通还特别聘请了项目专属律师、美国移民大律师Darren Silver先生，为投资移民客户提供双重保障。充足抵押担保还款的安全项目开发商已与州政府签订独家项目开发协议，并为项目前期开发投入930万美元，2座办公楼建成后的预计商业市值约3亿美元，建设公司提供“按时，按预算”建造及完工担保  ，以其房产及租金收入等作为按揭抵押担保。",5,4,0.5412387847900391
美攀岩爱好者飞檐走壁 徒手征服10座峭壁据外媒22日报道，要说世界上攀岩爱好者中的“牛人”，美国(微博)小伙亚历克斯·哈诺德可称得上是其中一个。今年26岁的哈诺德是攀岩老手，在没有绳索的帮助下，他攀爬了大半个地球的陡峭高峰。西起加州的约塞米蒂国家公园中著名的酋长岩，东至东南亚的最高峰神山，都留下了他的脚印。“攀登在世界各地是对当地文化的探索，这就是攀岩的真谛。”哈诺德说。哈诺德攀岩技巧相当高超，用飞檐走壁来形容一点儿也不过分。普通人攀爬酋长岩往往需要一两天，哈诺德不到3个小时就能到顶。作为一个专业攀岩家，哈诺德说当踏上峭壁的那一刻，所有恐惧就烟消云散。“当一切顺利时，你不会觉得害怕。这只是你正在做的事情。当然，攀爬的过程中有不少时候你都会怀疑自己，那个时候就要排除杂念，一心向前。”哈诺德说，“攀岩是一个过程，永不止步是最好的诠释。”尽管哈诺德已经征服了10座峭壁，勇夺“最无畏攀岩者”的称号，但他仍旧保持着低调谦虚的神态：“我从来没觉得自己是攀岩明星，或是认为我名气大。因为别人没有攀岩过也不会去，所以才觉得我不可思议。”,5,9,0.8183373808860779
英10岁男孩登顶苏格兰284座914米以上山峰(组图)据外媒1日报道，苏格兰(微博)高峰林立，光海拔在3000英尺(约914米)上的山峰就有284座。这些山峰统称为“蒙罗山”，登山爱好者以全部登顶为荣。最近，10岁小男孩本·弗雷特伍德也完成了这一壮举，成为世界上最小的登山勇士。本从6岁生日后就开始随父亲攀登“蒙罗山”，他个头小小，只有1.4米高，爬山时经常被雪埋到腰甚至被埋没，顶着时速112公里的狂风前进更是家常便饭。尽管如此，本和他的父亲并不放弃每一次历险，最后爬遍苏格兰的所有“蒙罗山”。本说：“这种感觉就像是‘哇！真棒！’我朋友们都不能理解我是怎么做到的，但是我知道——只要保持前进的状态就行了。”本的父亲约翰骄傲地说：“我们出去时他显得特别能走。我们爬山的这几年，他穿坏了好几双登山靴。这是我们父子俩一同完成的冒险，我们都会记着的。”据本的父亲称，他们的下个目标是向阿尔卑斯山脉进军。链接：何谓“蒙罗山”？1891年，休·蒙罗爵士列出了苏格兰境内所有海拔超过3000英尺(约914米)的山。当时他的名单上共有277座山，但今天的名单已经将这个数字修订为284座。其中最有名的是本尼维斯山。名单一出现，大家就以他的姓氏蒙罗来命名那些山。苏格兰的登山爱好者们最喜欢比试谁登顶的“蒙罗山”最多。1901年，牧师罗伯森首次声称自己登顶了所有的“蒙罗山”。,5,9,0.5153958797454834
英94岁老妇坐轮椅嫁84岁老头 谱浪漫黄昏恋中新网9月6日电 据“中央社”6日报道，英国(微博)一名已经94岁的老妇人近日决定从医院病床上起身，跟她84岁的爱人喜结连理。两人的黄昏恋感动了许多人，大家纷纷送上祝福，因为他们是真正的“白头偕老”。据报道，94岁的英国妇人薇•斯坦纳德( Vi Stannard)9月1日下午跌倒受伤，她已经84岁的恋人沃克(Derek Walker)说，“我们1日到费来福(Flatford)的河边时，她失足跌倒。”他说：“我必须将她送到医院。但我们还是举行了婚礼，这太棒了。”斯坦纳德则表示，就算在医院躺了几天，她还是决心在 9月3日走下病床，与恋人走上红毯，步入婚姻殿堂。这名勇敢的新娘坐在轮椅上，准时抵达结婚教堂。在满心喜悦的儿子戴维(David)陪同下，她坐着轮椅走了红毯，高兴地接受亲朋好友的祝福，其后，她必须回到伊普斯威治(Ipswich)医院，做进一步的治疗。报道指，这对新人的年龄加起来有178岁，别人在他们这个年纪都在庆祝结婚50年或60周年，他们却才新婚。新郎沃克还说：“薇在这整件事上表现得非常勇敢，医院顾问说，只要不要出外太久就没问题。”不过，斯坦纳德这次跌倒，使得他们不得不将梦想中的蜜月旅行延期。他们希望斯坦纳德的身体能快点好转，在月底能出发度蜜月。据悉，15年前，斯坦纳德搬到宁静乡村哈克史提德(Harkstead)，为了跟她的儿孙住得近一点。在那里，她结识了退役的英国皇家海军外科医生指挥官——沃克，两人随后陷入爱河。当了一辈子单身汉的沃克，12年前在康沃尔(Cornwall)渡假时，向斯坦纳德求婚。但两人直到现在才结婚，因为斯坦纳德是一名虔诚的基督徒，尽管和第一任丈夫分居40多年，但不想跟他离婚。她当时的丈夫在去年10月过世，享年97岁。,5,9,0.6761329770088196
李莹 角逐宝马成功胜出李莹出生年月：1969年职位：北京盈之宝汽车销售服务有限公司董事长毕业院校：北京大学留学国家：德国经历：1992年毕业于北京大学东语系日本文学专业。走出校门即自己创业。1995年，德国歌德学院留学一年。2003年，当选为北京青年联合会委员，同年底又成为全国青年联合会委员。2004年获得德国宝马和华晨宝马在中国北京地区的销售代理权；并计划于2005年建成营业面积达15000平米的望京展示厅，使之成为宝马在亚洲地区规模最大的4S专营服务店之一。了解李莹的人，都感叹老天爷对她的垂青，一个女人想拥有的，李莹几乎全有了：她曾是北京大学有名的才女“校花”；她23岁开始做汽车贸易，3年内就赚了1000万元；她被评为“北京十大杰出青年”、“中国经济女性杰出贡献人物”，曾被一些媒体评为“亚洲最时尚魅力女人”。早在大学期间，她就成立了一家贸易代理公司，开始了自己的创业之旅。凭借得天独厚的中德贸易环境，1993年，李莹为扬子冰箱厂引进西门子冰箱的生产技术和2亿美元外资，成立了博西扬合资公司，盘活了数10亿元的国有资产。又帮助红塔集团引进德国先进的卷烟纸生产技术，几年后建立起一家卷烟纸合资企业。这些项目的成功使李莹的生意有了突破性进展。其后，李莹以敏锐的眼光发现了进口二手车买卖的商机。当时国家规定，1994年4月前进口二手豪华轿车免税，利润丰厚。于是，李莹从德国进口了二手奔驰和宝马，这项生意一时很红火，因为别人还没意识到，竞争对手少，往往车还没到港口就卖完了。聪明的李莹从这一业务中悟到，若想在国内长期做汽车行业，就得拥有自己的品牌。经过一番努力，她申请到了奥迪和保时捷的代理权。品牌在市场竞争中逐渐显现了优势和威力，名牌车受到顾客青睐，销售旺盛，生意兴隆。跳跃式的发展使李莹经商的领域很快涉及医疗设备、卷烟、酿酒、汽车贸易等多个行业，在短短的3年间，她凭借自己的睿智与行动已积累了千万财富，远远超越了自己最初设定的目标，创造了一个财富神话。角逐宝马成功胜出2003年下半年，宝马公司决定在中国市场拓展服务网络，挑选代理商。李莹做出了大胆的决策：参与竞争。这在常人看来似乎很难理解，因为这需要承担风险和牺牲。公司当时经营的范围涉及信息产业、汽车业、商业、房地产业的投资管理与投资咨询，年盈利上千万元。李莹是公司的执行董事及法人代表。为了争取宝马的代理权，李莹放弃了原有公司，把它卖给家族中其他人去经营。每月租金达几十万元的4000平方米汽车展厅也空置了半年，以候审查和回复。当时有2000多个经销商参与竞争。没有足够的储备资金和银行存款证明，没有地段好的够水平的展厅，没有对宝马品牌的深刻理解和胜人一筹的营销策略，在竞争中是难以取胜的。凭借自己的智慧，李莹的努力得到了宝马公司的认可。在其后的考察中，雄厚的资金实力和寸土寸金的店址也得到对方的赞赏。这使最终如愿以偿的6家经销商中，李莹的“盈之宝”脱颖而出，第一个获得授权，并于2004年4月17日在京开业。俞渝出生年月：1965年职位：当当网联合总裁毕业院校：北京外国语大学；纽约大学留学国家：美国经历：俞渝86年从北京外国语大学毕业后，在外企任总经理翻译兼秘书，工作一年后赴美留学，92年取得纽约大学MBA学位。96年回国创业，与丈夫李国庆共同创办当当网上书店并任联合总裁。如今，“当当”收到的网上订单中既有来自国内各省、市、自治区包括台湾和香港，以及偏远欠发达地区的订单，也有来自美国、巴西、匈牙利等海外华人的订单，网站在海内外都产生了比较广泛的影响。俞渝说她最大的心愿就是今后要把“当当”做得更大，更好，给出版商和读者提供最满意的服务。2006年，胡润推出女富豪榜，俞渝以8亿资产排名第29位。当时有记者致电俞渝，她却表示，并不清楚自己上了胡润榜这回事。“上什么榜对我来说没有任何意义，我没时间关注这个。”俞渝快言评价了胡润榜。除了胡润富豪榜，俞渝还曾被《华尔街日报》评为过亚洲最有影响力女性，同时上榜的还有章子怡。,5,0,0.5439957976341248
猕猴摆“思想者”姿势令人忍俊不禁(图)中新网(微博)9月22日电 据外媒21日报道，在印尼苏拉威西岛上的通可可国家公园，一只黑色恒河猕猴在德国摄影师卡斯滕•罗贝尔的镜头前不停摆姿势，仿佛为了显示自己“博学多识”有人样。猕猴翘起一条后腿支着下巴，两爪环在前面，与罗丹著名雕塑“思想者”颇为神似。护林员告诉罗贝尔，这只猕猴大概在“思考”怎样成为猕猴群里的老大，“大部分猕猴都在水里嬉戏，就跟孩子一样，唯独这只坐在岸边静静思考，还观察着自己的同伴。”罗贝尔说，“这张照片让我觉得人类与猴子猩猩的联系有多么紧密。”,5,9,0.9661997556686401
比利时老汉酷爱穿企鹅装 愿葬身南极(组图)中新网(微博)9月30日电  据外媒29日报道，走在比利时首都布鲁塞尔的街道上，或许能碰见一个穿着“企鹅装”蹒跚而行的老头，仿佛要去参加一个化装舞会。然而，他并不是去参加舞会，他只是太热爱企鹅，希望自己能像企鹅那样生活。这位79岁的老人名为阿尔弗雷德•大卫，绰号又称“企鹅先生”。他40年间都对企鹅热爱得无以复加，甚至自己也想变成企鹅。大卫还宣称，他死后要穿着他的“企鹅装”安葬在南极洲——他说他“一辈子的梦想就是葬在企鹅生活的海洋中”。大卫是1968年爱上企鹅的。他说那年他被汽车撞到了臀部，导致走路摇摇摆摆，因此同事们戏称他为“企鹅先生”。没想到大卫竟真的爱上了企鹅，他收集所有与企鹅相关的物品，甚至开了一个“企鹅博物馆”，展出了他3500件企鹅藏品。大卫甚至也想把自己的名字正式改为“企鹅”，遭到了妻子的强烈反对后才作罢。,5,9,0.8348246812820435
加拿大男子徒步旅行11年 行程74万公里走过64国中新网(微博)9月30日电 据台湾“中广新闻网”报道，加拿大男子布利瓦11年前，从蒙特利尔启程，步行环绕世界，他在走了74.5万公里，走过64个国家之后，终于完成了他的梦想壮举。布利瓦因为生意失败，2000年8月18号，在他45岁生日当天，打算徒步环绕世界一圈。他暂别同居女友，推着一个三轮车，装着必需物品启程。在这十一年的旅程中，他以笔记本电脑与亲友联系，并开设自己的网站纪录行程，他走过高山、沙漠，体验不同的文化，他在非洲吃蝗虫，在中国品尝蛇肉，在菲律宾由武装军人护送旅行。这一路上，他走破了53双鞋，三轮车也爆胎多次。他说，在十一年的旅程中，如果没有他人的协助，他无法完成旅行。现在，他再度回到蒙特利尔，他的女友展开双臂欢迎他，他的儿子也已经长大成人。,5,9,0.5506942868232727
海归时装设计师王黎：舞动古都的中国红西安市未央区凤城一路，留法海归王黎在这里创办公司，实现将自己的时尚理念引入中国、引入大西北的梦想。美丽无处不在对于学习服装设计，毕业后在法国实现创业的王黎来说，留学法国是人生路上走得很精彩的一段。法国恣意的游学过程与完成学业后的创业经历，是她认为最有意义的地方。她说：“服装设计如任何一门艺术一样，课堂的学习不是重点，其精髓在于表达个人所看、所想、所悟。”在法国学习与工作的6年，王黎尽自己所能，用心地去触摸、去体验、去表达生活。她背包看世界，利用每一个假日，探访欧洲每一个有风情的地方，品尝每一道有特色的菜肴，体验不同地域不同人的不同风格，也从不同角度感受美的存在。6年的全身心投入，使王黎的人生价值观和生活追求发生了变化。法国人慵懒却严谨的为人处事风格，让她看到了自己人生追求的方向：不仰慕华而不实的物质享受，更注重追求自我的浪漫体验与个人存在。这样的理念之下，美对王黎来说便无处不在，艺术成了生活的一部分。舞动的“中国红”在法国有了自己的创意工作室之后，王黎今年5月回到中国创业。本是湖南人的她，却作出去陕西创业的决定，这也许会让很多人不解。王黎对自己的决定有自己的想法。这还要从一次比赛说起。在法国参加过多次时装设计比赛的王黎，曾以“中国红”作为自己的参赛主题，自己穿着中国红在艾菲尔铁塔的舞台舞蹈，并取得很好的成绩。谈到这次比赛，王黎很激动，“这次比赛是这几年来我认为收获最多的一次。观众是如此热爱我的表演，我到台下后好多大人和小孩都跑过来与我合影，称赞我的‘中国红’。人们觉得我美得其所，美得自在，内心的表达得到共鸣，这就是我的成功。”这次比赛之后，除了自己对美的表达得到认同，实现艺术里的个人存在之外，王黎的另一收获就是：真正感受到美是无国界的。无论是中国符号“中国红”，还是法国符号艾菲尔铁塔，只要能让人们得到美的体验，自己的作品就会得到认可，取得成功。有了这样的认识，让本身就对中国文化充满喜爱的王黎，坚定了回国创业，将中国文化更好地融入自己的创作，将自己对时尚的感悟带回中国的决心。回古都做时装西安是中国十三朝古都，在王黎看来，“环肥燕瘦的时尚印记还烙在西安的城墙根儿”。西安就是一座文化古城，有着自己浓厚的文化气息。然而，西安也是一个低调的城市。王黎遗憾道：“这个硕大的城市似乎与现代时尚无缘，没有自己强势的时装品牌，也与一些时尚的事件扯不上关系”。但是，在王黎的认识里，文化就是一种时尚。西安作为“有文化”的名城，有着浓厚的底蕴，所以能更好地成就时尚。“手揣画笔描绘生活的美。我期待将西安这座古都的美用自己的服装品牌表现出来。身处异国我能得到掌声，相信回到故土的我也能收获肯定。”她说。(郜艳艳),5,6,0.9993215799331665
艺术家用7.5万根火柴搭建迷你“泰姬陵”近日，印度艺术家谢赫·萨利姆巴伊花了1年19天的时间、用7.5万根火柴精心造出的小号“泰姬陵”亮相。图为谢赫·萨利姆巴伊正在清理“泰姬陵”上的灰尘。,5,9,0.5350021719932556
组图：罕见霓虹横跨伦敦上空 惊艳迷人中新网(微博) 10月26日，英国首都伦敦上空出现美丽的霓虹，横跨伦敦市中心，呈现出迷人的光影，蔚为壮观。据悉，“霓”是大气中有时和“虹”一起出现的一种光的现象，也叫“副虹”，形成与彩虹原理大致相同，只是光线在水珠中的反射多了一次，彩带排列的顺序和彩虹相反。,5,9,0.9106544256210327
组图：美艺术家创作万圣节南瓜雕塑惟妙惟肖中新网讯 10月26日，美国拉斯维加斯，万圣节前夕，由两名艺术家Ray Villafane和Andy Bergholtz创作的万圣节南瓜雕塑惟妙惟肖。,5,9,0.6337028741836548
组图：美国万圣节狗狗化妆大游行中新网讯(微博)2011年10月22日，在美国纽约的汤普金斯广场举办了一年一度的万圣节狗狗大游行，参加游行的狗狗们盛装出席，萌翻众人。,5,6,0.6675609350204468
对话英国前卫建筑设计师马克-戴萨姆加入智慧课堂，创意始于此与前卫建筑设计师马克·戴萨姆畅谈富有全球影响力的创意概念2011年11月7日，Klein-Dytham architecture建筑事务所的联合创办者、英国前卫建筑设计师马克·戴萨姆(Mark Dytham)将出席由英国大使馆文化教育处(微博)举办的智慧课堂活动。借此良机，他将畅谈他的职业建筑设计师生涯、近期的项目，并和与会者分享由他创造并为全球广大设计者所推崇的极速演讲的方式。马克·戴萨姆以其超现代的建筑作品而广为人知。他的现代建筑风格将中西方文化和设计元素巧妙而完美地融合于一身——从设计优衣库在东京银座购物区的旗舰店，到改装Selfridge在伦敦牛津大街旗舰店的高档商业中心，再到创造索尼在洛杉矶的新概念店，他的作品广泛而多变。2008年，由英国皇家艺术学院毕业的马克·戴萨姆及其校友阿斯特丽德·克莱恩(Astrid Klein)创立的Klein-Dytham建筑事务所在英国商业奖中获得了著名的创新奖，该奖项一直以来旨在表彰能够使用绝妙创意和不断创新而取得突破性成功的公司。马克·戴萨姆不仅涉足建筑和室内设计，他还是先锋的概念领导者。他是SuperDeluxe和PechaKucha的创始人之一。SuperDeluxe成立于2002年，是一个富有创意的为个体艺术家展示作品的地方。此灵感源于马克·戴萨姆和阿斯特丽德·克莱恩在英国皇家艺术学院学习的一些生活片断，学校里来自不同专业，包括时装、绘画、雕塑、玻璃、制陶和电影制作的学生会聚集在一起，分享创新想法，创造真正不拘一格的环境。SuperDeluxe为夜间展出的各种艺术和表现形式提供一个平台和交叉空间。SuperDeluxe也是马克和阿斯特丽德发起全球性创意的展示概念PechaKucha的诞生地。PechaKucha是日语的发音，在日语中是“谈天说地”的意思。马克·戴萨姆用PechaKucha来代表一种极速演讲和播放幻灯片来表达想法的形式，避免经常使用Powerpoint演示所花费的巨大精力和其他问题。每位演讲嘉宾只有6分40秒来展示他们的想法，每人仅用20张幻灯片和20秒的时间阐述每张幻灯片，即所谓20x20的创新理念。因为PechaKucha通常在晚上进行而被称为PechaKucha之夜。这个概念是为了帮助人们聚集在一起，并高效地分享他们各种有趣的想法。从2003年在他们位于东京的办公地点开始，PechaKucha之夜已经走向全世界，蔓延到超过230个城市，成为艺术人士集会和思想碰撞的重要活动。在建筑和环境艺术设计领域，英国高等教育院校一直享有国际盛誉。2011“智慧课堂”旨在将留英校友正在参与的以及已经在全球范围内获得成功的项目置于聚光灯下，通过教育体验、创造性思维和积极参与，获得灵感和创新，并充分展现英国的高素质教育以及英国勇于探索的本质。在此次智慧课堂中，马克·戴萨姆会讲述他的建筑事务所最近作品的创意来源，包括为日本谷歌、索尼、资生堂以及日本有名的音响连锁店Tsutaya等所做的项目。他也将交流他的设计历程，如何将创意从白纸变为现实。同时，参与者也有机会了解全球性创意展示概念PechaKucha和它的发源地SuperDeluxe。关于活动：时间：2011年11月7日 19:00-21:30地点：北京建筑工程学院教学2号楼第二阶梯教室主办：英国大使馆文化教育处,5,4,0.5410632491111755
澳“长征猫”独行3200公里 穿越沙漠返旧居中新网(微博)11月7日电  据外媒6日报道，澳大利亚一对夫妇舍瑞于去年3月搬家，但不久后，他们养的猫杰西就失踪了。没想到在一年多后，杰西出现在3200公里以外的旧居中。舍瑞说杰西不喜欢坐车，它很可能步行走回了旧居，期间还可能穿越了澳大利亚沙漠中心地带。杰西的主人说，猫是在搬家后不久失踪的。“它在新家只呆了几个星期。”舍瑞说。一年以后，舍瑞的老邻居发现了这只走过了漫漫“长征路”的猫咪。目前，杰西正在邻居的悉心照料中。据悉，杰西是从澳大利亚北部城市达尔文失踪，一年以后在澳大利亚南部艾尔半岛的旧居附近出现。这两处直线距离就有3200公里，中间还隔着一片沙漠。主人舍瑞对此迷惑不解：“我也不清楚它是怎么回去的。它不喜欢坐车，所以我想它可能是走回去的。”,5,9,0.9484971165657043
英9岁神童画作受追捧 卖画挣15万为家人买房中新网(微博)11月7日电 据外媒6日报道，英国9岁男孩基隆？威廉森被誉为“小莫奈”，去年7月，他的33幅画作在短短半小时内被抢购一空，最终卖出15万英镑(约152万人民币)的高价，他已用这笔钱给父母在家乡诺福克买了一套新房。威廉森今年还是个小学生，是从2008年开始作画的。后来，威廉森的画渐渐有了知名度，在去年7月，他的画作更是在短短半个小时卖光，挣得15万英镑。威廉森的父母已经用这笔钱在诺福克购置了新房。父亲基斯说：“如果他长大后还想做其他的事情，那时他至少不必考虑抵押贷款的问题。”威廉森的最新12幅作品将在下周五拍卖，每幅画的开价在1250英镑至15595英镑(约1.27万人民币至15.8万人民币)之间。考虑到此次展览可能会像上次一样被抢购一空，购买者们纷纷决定在画廊开门前一晚排队等候。画廊的老板亚德里安·希尔表示：“这孩子无可匹敌。没有一个孩子对水彩、油画及蜡笔画这三种画法都掌握的如此熟练。他对技巧的领悟非比寻常。”,5,1,0.5261721014976501
印度艺术家创作出“愤怒的小鸟”现实版(组图)中新网(微博)11月11日电  据外媒报道，印度一名艺术家穆罕默德•拉奥夫近日为知名游戏“愤怒的小鸟”创作出小鸟们的现实版。拉奥夫是这款游戏的忠实粉丝，因此，他将自己想象中 “愤怒的小鸟”应有的现实版长相和色彩用数字技术创作出来。拉奥夫认为，他的作品很好地展现了这些鸟儿的特征。拉奥夫说：“在我浏览‘愤怒的小鸟’中鸟儿们时不禁联想，它们在现实中应该是什么样子。因此便先画出来了一只。没想到朋友们都觉得很形象，所以最后创作了全部鸟类。”拉奥夫表示在作画时，他会尝试着体现出这种小鸟应该有的特点，包括鸟的颜色、表情甚至眼神。,5,9,0.8378183841705322
教育部：2009年研究生考试涉嫌泄题报道失实中广网北京1月11日消息（记者刘玉蕾）针对有媒体所谓全国硕士研究生英语、政治考试题目疑似考前泄露的报道和推测，记者采访了教育部有关部门负责人。这位负责人介绍说，研究生入学考试全国统考试题是在全封闭入闱状态下，依托题库完成，试卷的印刷、运送和保管都严格按照国家保密规定执行。目前，没有发现异常情况，相关考试已平稳结束。 据了解，在国内一些重要考试期间，有人多次利用网站技术漏洞，发布所谓的“考前试题及答案”等虚假信息，造成试题考前泄密的假象，以达到某种目的。这种行为干扰了考试秩序，破坏了国家教育考试声誉，影响了社会稳定。对此，这位负责人表示，如果出现这样的情况，将配合有关部门，依法进行打击。这位负责人还提醒广大考生，谨防上当，诚信应考。,5,7,0.9348729252815247
报英语四级被要求先交培训费 学校称培训为自愿本报讯 (记者甘浩)前日，北师大继续教育与教师培训学院学生小李致电本报新闻热线67106666称，老师告知她们要报考今年6月的大学英语四级考试，须交共680元的培训费，否则不予报名。“按教育部规定，我们能自主报考，为何必须交钱培训才能报考。”小李说，很多同学都质疑该做法的合理性。小李称，英语四级报考要交培训费的通知，是上周五老师口头传达的，目前还未看到文字材料。报名参加四级考试须交680元，其中30元为报名费，650元为培训费、资料费，如不交钱就无法报名。“培训费不合理。”小李的同学说，她们上网查了相关规定，她们属于在校生，可以自主报考大学英语四级考试。她自认为英语不错，不用培训能通过考试。昨日，北师大继续教育学院教务处吴老师表示，培训由该院培训部组织，此次学生报考大学英语四级课程培训与该校教学计划无关，属自愿行为。该院培训部一名负责老师解释称，教育部规定必须是在校生，且修完大学英语四级课程的学生才能报考四级考试。因该校成教生目前未开设四级英语课程，部分想报考四级考试的学生无法报名。学校推出培训课程，也是让这部分成教生获得报考资格，他还称不管学生在何处通过四级课程培训，只要有相关成绩单即可报考大学英语四级考试。链接教育部相关报考规定教育部印发《全国大学英语四六级考试改革方案(试行)》和“教育部办公厅关于大学英语四六级考试部分考务管理工作交接的通知”，对四六级考试报名资格作出新规定：●全日制普通高校专科、本科和研究生在校生。●各类全日制成人高校本科、专科在校生。●修完大学英语四级课程的学生才能报考大学英语四级考试。●修完大学英语六级课程且大学英语四级考试达到一定分数的学生，才能报考大学英语六级考试。     更多信息请访问：新浪四六级频道 四六级论坛 四六级博客圈特别说明：由于各方面情况的不断调整与变化，新浪网所提供的所有考试信息仅供参考，敬请考生以权威部门公布的正式信息为准。,5,7,0.5199521780014038
四六级收费是否过高 物价局：欢迎大学生核查重庆时报讯(实习记者 汪再兴 记者 张璐) 本报进行英语四、六级价格报道后，四、六级考试价格成为了这两天各大高校校园内热议的话题。到昨日为止，志愿者起诉报名人数已达20余人。诉讼发起人西政学生谢芸飞表示，希望先和有关部门座谈，如果座谈不成功，他个人将把这场官司打到底。20余名学生愿当志愿者重庆各大高校的学生看到西政学子的四、六级成本调查后，目前已有20余名学生表示愿意当诉讼的志愿者。针对价格问题，西南大学学生李国唯提出疑问：“四、六级的价格成本不过20元左右，那剩下的30元到哪里去了？1998年以前只收40元，为什么现在要收50元？”重庆大学研究生魏绮芳说：“很多学生四、六级考了多次，准考证和电子采集重复收费，是否有强制之嫌？”谢芸飞称，最近几天还将在各大高校完成四、六级成本调查。市物价局欢迎查具体价格昨日，谢芸飞对高招办“高科技手段增加10元成本”的回应表示质疑。他说：“重庆市物价局在关于高等教育大学英语教学水平考试PVC卡和电子采集上明文规定是考生自愿，但实际情况是不办理这两样，考生无法参加考试。”他表示将继续采集调查资料和志愿者一道与物价局进行座谈，如果不行再上诉。重庆市物价局副局长刘卫东欢迎大学生到物价局核实具体价格，他说：“同学们的调查结果和物价局核定价格之所以差异大，很可能是因为同学们不知道其具体的操作环节。”刘副局长表示。律师赞赏公益诉讼愿当顾问针对诉讼人到底应该是高等教育自考办公室还是物价局的问题，律师蒲万纯和谢芸飞看法不一。谢芸飞认为，高等教育办公室收取学生费用，如果要诉讼自然要找他们。蒲律师表示，愿意和谢芸飞共同研究这场公益诉讼，同时对大学生们这种公益诉讼的行为表示赞赏，并愿当谢芸飞的法律顾问。     更多信息请访问：新浪四六级频道 四六级论坛 四六级博客圈特别说明：由于各方面情况的不断调整与变化，新浪网所提供的所有考试信息仅供参考，敬请考生以权威部门公布的正式信息为准。,5,7,0.889845073223114
武汉工程职院千名学生四六级报考无门学校无组织英语等级考试资格，去外校借考又违规    本报讯(见习记者廖筱婧)在大部分同学正在为复习四六级考试而苦恼时，武汉工程职业技术学院的孟同学却在为无法参加四六级而着急。他向记者反映，他所在的学校不组织四级考试，他不知如何是好。学校：只有外语系学生能参考针对孟同学反映的问题，武汉职业技术学院教务处的朱老师解释说，该学校只是一所大专院校，并不具备组织英语等级考试的资格，所以该校的学生无法参加考试。对于学生不能参加考试很着急的现状，朱老师承认的确有很多学生试图通过教务处开证明去外校借考，但该校认为这样违背考试院相关规定，所以一直没有同意。朱老师介绍，由于外语系对外语要求的特殊性，所以学校通过相关委托替他们报名参加考试，但其他院系的学生都无法参加考试。“学校目前正在申请组织考试，但近期不会有进展。”省考试院：委托其他机构学生能参考省考试院相关负责人说，大学英语等级考试是针对在校学生的考试，如果学生所在的学校没相关组织考试的资格，学校可以委托一个机构组织替学生组织考试，如果学校既不组织也不委托，那该校的学生就无法参加考试。其他院校：靠挂省属院校一起报考湖北轻工职业技术学院的章老师介绍，该校属于大专院校，所以不能申报考点，英语等级考试只能与其他院校挂靠在一起报考，其中四级考试挂靠在一所省属大学，与他们的学生一起报考。目前学校的学生已经顺利报名了今年6 月份的大学英语四级考试，只等到时候去参加考试。◇相关新闻130分，艺术高职高专非美术类专业联考分数线划定本报讯(记者张瑜琨通讯员巩平)昨日，省招办公布了湖北省2008 年艺术高职高专非美术类专业联考合格控制分数线。与去年分数线一致，服装表演、舞蹈表演、音乐类(钢琴)、音乐类(器乐)、音乐类(声乐)、音像技术、影视表演播音主持类高职高专专业仍为130 分。按今年的招生政策，对使用联考成绩的艺术类专业，录取时综合高考文化考试和联考两部分成绩后按一定比例投档。投档成绩为(文化成绩×40%+联考成绩×60%)×2，投档比例在1:1.5 以内。艺术高职(专科)安排在第四批高职高专录取前录取。省招办表示，考生可在省考试院网站上查询联考成绩，联考成绩达到合格控制分数线即为联考合格，不再单独给考生发放联考合格证。     更多信息请访问：新浪四六级频道 四六级论坛 四六级博客圈特别说明：由于各方面情况的不断调整与变化，新浪网所提供的所有考试信息仅供参考，敬请考生以权威部门公布的正式信息为准。,5,7,0.3960283696651459
"英语四级写作冲刺阶段10篇必背范文四级写作冲刺阶段10篇必背文章北京新东方学校王江涛1、北京奥运The Beijing 2008 Summer Olympics logo has a single Chinese character on a traditional red Chinese seal. The English words ""Beijing 2008"" are written with a Chinese brush below it. At the bottom of the picture, there are the five rings of Olympic Games. The figure in the logo resembles a runner or dancer and the Chinese character ""jing"" which means ""capital"".The image carries the message that today's China is not only a nation with a long and glorious history, but also one full of modern dynamics. First and foremost, this logo is a journey to the future, the emblem for China moving towards the 2008 Olympic Games. What is more, it is a symbol of the city's promise to make the Games a success. Accordingly, this emblem represents the heart of an ancient culture embracing the modern world, the spirit of a people moving towards a new destiny.In my view, first of all, the Olympic Game represents the spirit of sports. Arms flung wide, it invites all people and the world to share in the city's history, beauty, energy, and its future. In addition, it is a gesture of friendship and hope that the community of nations will unite in peace through sports.参考译文北京2008年夏季奥运会会徽在传统的红色中国印章上刻着一枚汉字。汉字下方用中国毛笔书写了“北京2008”的英文字样。图画底部是奥运的五环标志。会徽中的人物象征了一位跑步者或舞蹈者，而汉字“京”的意思是“首都”。这一会徽表达了当今的中国不仅个拥有悠久灿烂的历史国度，更是一个充满了现代活力的国家。首先，这一会徽是一次奔向未来之旅，是中国迈向2008年奥运会的象征。其次，它是北京承诺将成功举办奥运的标志。因此，这一会徽代表了一种悠久文化拥抱现代世界的信心，以及中国人民迈向新征程的精神。在我看来，奥林匹克运动会首先代表了体育的精神。它伸展了双臂邀请全世界及其人民分享北京的历史、魅力、能量及未来。此外，它是友谊的象征，以及希望国际社会通过体育运动进而和平共处。    更多信息请访问：新浪四六级频道 四六级论坛 四六级博客圈特别说明：由于各方面情况的不断调整与变化，新浪网所提供的所有考试信息仅供参考，敬请考生以权威部门公布的正式信息为准。四级写作冲刺阶段10篇必背文章北京新东方学校王江涛1、北京奥运The Beijing 2008 Summer Olympics logo has a single Chinese character on a traditional red Chinese seal. The English words ""Beijing 2008"" are written with a Chinese brush below it. At the bottom of the picture, there are the five rings of Olympic Games. The figure in the logo resembles a runner or dancer and the Chinese character ""jing"" which means ""capital"".The image carries the message that today's China is not only a nation with a long and glorious history, but also one full of modern dynamics. First and foremost, this logo is a journey to the future, the emblem for China moving towards the 2008 Olympic Games. What is more, it is a symbol of the city's promise to make the Games a success. Accordingly, this emblem represents the heart of an ancient culture embracing the modern world, the spirit of a people moving towards a new destiny.In my view, first of all, the Olympic Game represents the spirit of sports. Arms flung wide, it invites all people and the world to share in the city's history, beauty, energy, and its future. In addition, it is a gesture of friendship and hope that the community of nations will unite in peace through sports.参考译文北京2008年夏季奥运会会徽在传统的红色中国印章上刻着一枚汉字。汉字下方用中国毛笔书写了“北京2008”的英文字样。图画底部是奥运的五环标志。会徽中的人物象征了一位跑步者或舞蹈者，而汉字“京”的意思是“首都”。这一会徽表达了当今的中国不仅个拥有悠久灿烂的历史国度，更是一个充满了现代活力的国家。首先，这一会徽是一次奔向未来之旅，是中国迈向2008年奥运会的象征。其次，它是北京承诺将成功举办奥运的标志。因此，这一会徽代表了一种悠久文化拥抱现代世界的信心，以及中国人民迈向新征程的精神。在我看来，奥林匹克运动会首先代表了体育的精神。它伸展了双臂邀请全世界及其人民分享北京的历史、魅力、能量及未来。此外，它是友谊的象征，以及希望国际社会通过体育运动进而和平共处。    更多信息请访问：新浪四六级频道 四六级论坛 四六级博客圈特别说明：由于各方面情况的不断调整与变化，新浪网所提供的所有考试信息仅供参考，敬请考生以权威部门公布的正式信息为准。",5,6,0.5663674473762512
"2008年6月英语四级A卷完整答案(交大外院版)Part I Writing 范文 121st century has brought with it an unprecedented variety of recreational activities ranging from traditional outdoor activities such as playing ball games to all kinds of online ones, the latter of which is a great appeal to the young generation. So I’d like to narrow my topic down to online recreational activities.It goes without saying that various activities brought by modern technology have greatly broadened our horizon and brought much excitement to us. With access to the Internet, you can get to know people from any country in the world and you can talk with them, play games with them --- a temptation very hard to resist, and even see them via web cam. The disadvantage, however, is that anyone who lacks self-control would very easily get lost and become addicted to the online world, which in turn might seriously affect their life, work and interpersonal relationships. As a college student, I think what really matters is to make better choice and exert more discipline. We’d better take advantage of good online recreational activities to enrich our lives and broaden the scope of knowledge. When it comes to those addictive, time-consuming and less meaningful activities, I think to stay away from them is a wise decision. 范文 2With the development of living standard, people spend more time on various forms of recreational activities. People can do sports, singing karaoke, go dancing, go to the movies, play video games or online games, or surf the Internet. Recreational activities are good to people’s health, both physically and mentally. Sports and dancing can keep people fit. Singing karaoke, playing video games or online games can satisfy people’s imagination. Surfing the Internet can bring people a lot of information and knowledge.However, recreational activities might be harmful if people are addicted. Spending too much time on recreational activities will seriously influence people’s normal lives, especially work and study. Therefore, people will benefit from recreational activities only if they take part in them properly.    更多信息请访问：新浪四六级频道 四六级论坛 四六级博客圈特别说明：由于各方面情况的不断调整与变化，新浪网所提供的所有考试信息仅供参考，敬请考生以权威部门公布的正式信息为准。",5,8,0.63517165184021
"2008年6月英语四级B卷完整答案(交大外院版)Part I Writing 范文 121st century has brought with it an unprecedented variety of recreational activities ranging from traditional outdoor activities such as playing ball games to all kinds of online ones, the latter of which is a great appeal to the young generation. So I’d like to narrow my topic down to online recreational activities.It goes without saying that various activities brought by modern technology have greatly broadened our horizon and brought much excitement to us. With access to the Internet, you can get to know people from any country in the world and you can talk with them, play games with them --- a temptation very hard to resist, and even see them via web cam. The disadvantage, however, is that anyone who lacks self-control would very easily get lost and become addicted to the online world, which in turn might seriously affect their life, work and interpersonal relationships. As a college student, I think what really matters is to make better choice and exert more discipline. We’d better take advantage of good online recreational activities to enrich our lives and broaden the scope of knowledge. When it comes to those addictive, time-consuming and less meaningful activities, I think to stay away from them is a wise decision. 范文 2With the development of living standard, people spend more time on various forms of recreational activities. People can do sports, singing karaoke, go dancing, go to the movies, play video games or online games, or surf the Internet. Recreational activities are good to people’s health, both physically and mentally. Sports and dancing can keep people fit. Singing karaoke, playing video games or online games can satisfy people’s imagination. Surfing the Internet can bring people a lot of information and knowledge.However, recreational activities might be harmful if people are addicted. Spending too much time on recreational activities will seriously influence people’s normal lives, especially work and study. Therefore, people will benefit from recreational activities only if they take part in them properly.    更多信息请访问：新浪四六级频道 四六级论坛 四六级博客圈特别说明：由于各方面情况的不断调整与变化，新浪网所提供的所有考试信息仅供参考，敬请考生以权威部门公布的正式信息为准。",5,8,0.63517165184021
教育部：四、六级口语考试25日起报名(记者 徐媛)昨日记者从教育部门获悉，2008年12月全国大学英语四、六级考试口语考试报名时间为10月25日9时至30日16时30分。考试日期为12月6日至7日(两天)。此次口语考试的报名资格为，参加2005年6月至2008年6月全国大学英语四、六级考试，且四级成绩为550分以上(含550分)或六级成绩为520分以上(含520分)；参加2005年1月(含)以前全国大学英语四、六级考试并已获得四、六级证书的在校学生，且四级成绩为80分以上(含80分)或六级成绩为75分以上(含75分)。口语考试采用网上报名方式。考生自主选择一个考点报名参加考试。湖南有湖南大学和湖南师范大学两所高校接受报名，因考点容量所限，报名额满为止。每名考生报名费为50元。考生必须首先登录网站www.cet.edu.cn网上报名。网上报名成功后，考生到所报考点进行现场缴费，领取准考证。考生只能选择一个考点报名。不得重复报名。    更多信息请访问：新浪四六级频道 四六级论坛 四六级博客圈特别说明：由于各方面情况的不断调整与变化，新浪网所提供的所有考试信息仅供参考，敬请考生以权威部门公布的正式信息为准。,5,7,0.9606898427009583
"收藏夹：四六级作文画龙点睛小谚语Do not halloo till you are out of the wood.没走出森林先不要欢呼.Look before you leap.三思而后行.To pay a person in his own coin.以其人之道,坏治其人之身.Practice makes perfect.熟能生巧.Practice what you preach.言行一致.Pride will have a fall.骄者必败.In prosperity think of adversity.居安思危.Two heads are better than one.一人计短,二人计长.Well begun is half done.良好的开端是成功的一半.Time and tide wait for no man.岁月不待人。Speech is silver,silence is gold.雄辩是银,沉默是金.As a man sows,so he shall reap.种瓜得瓜,种豆得豆.All good things come to an end.天下没有不散的筵席.Man proposes, God disposes.谋事在人，成事在天.Even Homer sometimes nods.智者千虑,必有一失.No competition, no progress.没有竞争,没有进步.It’s dogged that does it.世上无难事,只怕有心人.     更多信息请访问：新浪四六级频道 四六级论坛 四六级博客圈特别说明：由于各方面情况的不断调整与变化，新浪网所提供的所有考试信息仅供参考，敬请考生以权威部门公布的正式信息为准。",5,8,0.5151723623275757
范冰冰 在梦想的仙境一路漫游“演员梦”——范冰冰前传：妈，我要当演员！要了解一个人，就该了解她的成长背景。烟台是范冰冰15岁以前生长的城市。她父母都是有文艺追求的人，只是最后没有走上成名成家的道路，所以把希望都寄托在女儿身上了，家境不富裕的条件下，还花5000块钱买了架钢琴。小时候的她，除了音乐天赋还有些运动天赋，初二的时候能跑全程马拉松，但是她讨厌枯燥的训练，所以在音乐老师和体育老师选苗子的时候，她选择了音乐。但她又是那种喜欢尝试新事物的人，仗着小聪明，陶醉于什么东西一学就会的快感，再往下深究就没耐心了。父母曾经把她反锁在屋里练琴，她呢？哪里有压迫哪里就有反抗，踩着钢琴跳窗而出，投到同学们的怀抱中，她当时是那一片儿的孩子王。当时在学校里有不少追求者，他们的手段都很低端，就是把她自行车胎扎漏，然后在她推车回家时站出来帮忙。她爸想老这么修车也不是个事儿啊，万一遇见坏人呢，就每天开摩托接送她上下学。结果有一次他们俩被一个新手司机撞到，还在车下被拖行了18米，从地上拉起来时，已经是两个血人。幸亏都没受致命伤，她在医院里躺了3个月出院了。不过这3个月让她错过了升学考试，接下来要么是重读一年再考，要么是去谢晋在上海办的影视学校，她选择了后者。如果喜欢一个人，我有这个能力让他主动来追求我，而且不需要什么眼神、动作之类的暗示，我会让这个人觉得我很可爱，绝不扭捏。“爱情梦”——男人：白马王子其实不可靠，不给劲儿确实是，每个女孩在成长期里都会对男人有不同的期待，都会变。比如我小的时候就喜欢琼瑶式的哥哥，马景涛、刘德华那样的白马王子，长大后，觉得白马王子有时候不太顶事，不可靠，不给劲儿。然后就觉得，应该找对我的人生态度起一些引导作用的人，很踏实，或者就是他的人品要好。我喜欢话少但言之有物的人，而且很喜欢看一个男人认真工作的样子。“品牌梦”——工作室：范冰冰这个品牌，有很多切割面采访前一天，范冰冰刚从陈凯歌新片《赵氏孤儿》的开拍仪式上回来，据说由于明星扎堆，当地群众的反应过于热烈，搭起的媒体台都给踩塌了。于是疑问产生了，范冰冰为什么总能得到最好的机会？“不是我选这个戏，是这个戏选了我，我觉得自己很幸运，陈凯歌是我很尊敬的导演，因为我最喜欢的一部中国电影就是《霸王别姬》，我已经看了十几遍了，一直到去年我从国外回来的飞机上在放，我还是可以不睡觉再看一遍。我对他个人是有崇拜的，特别我现在自己在做工作室，这次合作也是很好的学习机会。”[后记]采访时，范冰冰就坐在我们对面的沙发上，双腿盘起，两手拨弄着脑后的马尾。绿色波鞋里冒出一小截咖啡色棉袜，袜筒处绣着一只大大的泰迪熊。她右手边，是戴着耳麦、身材健壮、宛若黑衣保镖的经纪人——这情景，好像她不是老板，而是被名利劫持的无辜少女。 说话间，她好看的浆果嘴唇慢条斯理地开了又合，一边施施然用手捏起一片湿纸巾，拼命揉搓起画了浓重眼影的眼周——于是我们立马就看见了两只千载难逢、正面全裸的熊猫眼圈。此时此地，是夜半零时，小汤山，五环外。影棚外荒村寂寂、黑影重重；影棚内，除了范老板还在侃侃而谈，助理人等早已东倒西歪——不享受阳光、不习惯闲适的她，仿佛就是为了这个时刻而生，且极适合在这个缺少光明的世界生存，小小梦游。,6,2,0.8674023151397705
红色配咖啡色系要缩小红色面积红色配咖啡色系时缩小红色的面积是很高级的。这种发灰的铅锡色系也是咖啡色家族的，中国人穿这个色系很容易脸色蜡黄和灰暗，所以加上红色的点缀就会赶走肤色的暗沉了。咖啡色配绿色系是很高雅的配色。尤其墨绿配咖啡色，有种低调的奢华。如果你的肤色偏暗，黑眼珠和头发都是浓黑的，有种巧克力美人的感觉，试下这种配色吧。在中国的广东一带，这样肤色的深色型人是很多的。紫色系也是咖啡色的很妙配色，你的很多衣服其实不是不美，而是你的搭配无方埋没了它的潜质。你有很久没碰过的深巧克力色的衣服吗，不妨试下这个紫罗兰的包包哦。一定让你惊呼咖啡色72变的本领。黑色配咖啡色虽然不出错，不如深海军蓝更有味道。这种配色中国人穿由于发色和眼珠颜色的单调尤其会显老气。换成深海军蓝是缓解沉闷的好办法，也更适合亚洲人的黄种肤色。这种手工感十足的配饰配白色衣裤虽然不出错，但并没有配出其特色。如果整身增加大面积的咖啡色系会立即不同的。苍白、单调感、饰物和衣服的搭配显得牵强是这身衣服的不完美之处，学习正确和有效的颜色搭配知识是拯救你很多衣饰的最好办法。整个图片为什么没有因为整身的咖啡色和黑包显得沉闷，秘诀在哪里呢？你知道吗？什么颜色在图中起了决定性的作用呢？漂亮配色的原理都是相通的，不仅仅用于你外表的漂亮，咖啡色也是家私的主色，如何让你的家活色生香起来你已经学到了吧。有关个人形象咨询、服饰搭配师及色彩顾问培训请登陆中国总部：http://www.qixincolor.com全球总部：http://www.colourmebeautiful.co.uk博    客：http://blog.sina.com.cn/u/1265683744,6,3,0.9652339816093445
地方重要官员密集调整 凸显经济学专业能力进入五月，我国一些地方党政机关重要官员的人事调整颇为密集。16日，大连召开全市领导干部会议，宣布大连市原市委书记张成寅任辽宁省委副书记，其原职由大连市原市长夏德仁担任。市委副书记李万才则被提名为市长候选人。14日，新华社消息，陈铁雄任中共台州市委书记。而12日各地官员的调动则更为密集。新华社发布消息，何立峰任天津市委委员、常委、副书记，免去其福建省委常委、委员和福建省厦门市委书记职务。邢元敏不再担任天津市委副书记、常委职务。陈超英调任辽宁省副省长，免去其天津市委常委、委员职务。同日，浙江省纪委也召开干部会议，传达中共中央关于任泽民担任该省省委常委、省纪委书记的决定。业务能力受重视根据上述涉及调整的官员的简历，他们有一个共同点：均有经济学相关受教育或者任职背景。刚刚走马上任的张成寅曾长期在国家经济部门工作，担任过原国家经济贸易委员会综合司司长，而其接任者夏德仁则曾受教于东北财经大学，专业为财政金融。李万才则有对外经贸专业的受教育经历。将成张成寅同事的陈超英为工学硕士、博士生导师。除了大连三位官员，任泽民则为经济学学士、经济师；于本月3日调任公示期满的陈铁雄曾在中央党校学习经济管理；何立峰的学历则是经济学博士。“党政机关领导干部的专业化要求肯定是一直不断强化的，”中国人才研究会副会长、中国人事科学院原院长王通讯昨天接受CBN记者采访时认为，由于我国经济建设越来越复杂，对于各级党政领导干部的知识结构也提出了越来越高的要求。在北京大学政府管理学院副院长白智立看来，我国官员任命的一个核心标准在两个方面：政治和道德层面；专业能力要求。“两者都要具备，才能真正胜任。”不过，他认为，强化专业化能力是这些年官员任命中的一个重要趋势，特别是金融危机爆发以来，对官员把握经济的能力必然提出更高的要求。“政治忠诚度和业务能力都要强调，两者在不同的历史时期可能要求不尽相同，在当前金融市场越来越复杂的情况下，强调后者是必要的。”他在接受CBN记者采访时认为。培养良好的政治队伍其实，今年前四个月各地的人事调整也比较频繁。上个月，四川、江浙等地也有诸多人事变动。就浙江来看，有尚清当选浙江省衢州市市长、冯建荣任绍兴市副市长、张鸿铭任浙江省政府秘书长等。根据上述官员简历，除了张成寅现年59岁外，其余官员的年龄主要集中在50岁至55岁之间。“从他们的年龄和未来任期来看，这些领导干部还是有一定的提升空间的，”白智立认为，在2012年党的十八大举行之前，来自地方的重要人事调整可以为未来培养良好的政治队伍，而其对于未来核心官员队伍的形成会有推动作用。中国人民大学行政管理学系主任毛寿龙在接受CBN记者采访时则认为，地方换届期主要取决于中组部地方干部局的安排，“根据当地领导干部的年龄、任期等随时作出调整，因此，每个地方的换届时间也会不同。”赵杰,7,4,0.4137306809425354
台湾再确诊新流感病例 患者为台湾留美学生人民网台北5月21日（记者王尧 李炜娜）台湾卫生部门紧急宣布：台湾出现第二例H1N1新流感确诊病例。患者为一位台湾留美的女学生，19号从美国出发，于20号抵达台湾。,7,5,0.5568317174911499
审计署：10省区市5837万支农款用于建房买车本报讯 （记者杨华云）审计署昨日发布的2009年第4号审计结果公告披露，河南、甘肃等10省区市财政和有关主管部门违规使用资金26.93亿元，其中，用于建房买车5837.4万元。审计署向社会公布了河南、甘肃、山西、黑龙江、江苏、湖南、福建、陕西、内蒙古和重庆10省区市财政支农资金管理使用情况审计调查结果。审计调查发现，财政支农资金分配、使用和管理不够规范的问题普遍存在，10省区市财政和有关主管部门违规使用资金26.93亿元，其中用于建房买车5837.4万元；不规范管理资金45.75亿元；配套资金不到位65.97亿元。审计调查还发现，部分项目资金使用效益较差。在应于2007年底完成的86个财政支农项目中，有32个未达到设计要求和预期目标，占抽查项目总数的37%，致使已到位的8.24亿元支农资金未能充分发挥效益。此外，年初华北大旱暴露出的抗旱基础设施不足的问题得到证实。审计发现农业基础设施投入仍然不足，其中防汛抗旱监测预警系统建设滞后，2003至2007年，陕西、重庆等8省市防汛抗旱监测预警系统建设投入1.31亿元，仅占其同期防汛抗旱经费投入的4％，截至2008年3月，8省市设立的水情监测站尚不足水利部要求的一半。相关阅读：审计署：10省区市违规使用支农资金26亿,7,4,0.7841058969497681
巴西总统访华力推金砖集团 挑战美元霸主地位巴西领导人很想加强与“金砖四国”中其他国家的关系，进一步挑战美元的霸主地位国际先驱导报记者于冬发自北京 “尽管金融危机的‘震中’也许位于发达国家，但伦敦峰会让我们清楚地看到，如果没有发展中国家的参与，克服危机无从谈起。”5月19日上午10时许，巴西总统卢拉雄辩的调门响彻中国社会科学院礼堂的每一个角落。卢拉总统对资本主义的“反叛”立场一如既往，但与伦敦金融峰会上痛斥“蓝眼睛的白人惹起了危机”相比，言辞却温和了许多。卢拉总统此次访华恰逢6月15日将在俄罗斯举行的上海合作组织与“金砖四国”峰会前夕，“金砖集团”的倡议自然备受关注。“铁嘴”抨击资本主义“对我来说，资本主义从来就不是一个抽象的概念。它是日常生活中真实而又具体的一部分。我的童年和许多来自贫穷家庭的男孩没有任何的不同：非正式的工作；非常少的正式教育。我惟一的文凭是机床操作员。”在会议举办方分发的材料中，卢拉总统介绍了他对资本主义最真实的理解。很难想像眼前这位神采奕奕的总统，几十年前却是一名来自社会最底层的“工厂男孩”。社科院一位与会的研究员告诉《国际先驱导报》，“在拉美左派领导人中，卢拉和委内瑞拉的查韦斯总统都以‘铁嘴’批判资本主义和美国而闻名，但不同的是卢拉说过之后，一定会付诸行动。”早在4月初卢拉总统就撰文呼吁发展中国家停止使用美元进行贸易，以减少进口国和出口国的开支。“将美元当作参照货币并给某一个国家印制这种货币的权力，这种情况实在荒谬。”如今，卢拉总统的提议正逐渐变成现实。英国《金融时报》5月19日透露，中巴“双方已开始商谈设立一个新体系，让中国和巴西用自己的货币进行贸易，而不是美元”。层层推进巴西大国梦无疑，中巴抛开美元直接进行贸易符合双方的利益。今年4月，中国首次超过美国成为巴西第一大贸易伙伴，作为富有活力和经济互补性很强的两个大国，中巴在包括能源、航空、旅游和矿产开发等领域的合作持续加强。中国人民银行的吉女士向《国际先驱导报》介绍说，“中国同巴西的经济关系发展迅速，相比之下，几年前我们单位绝对不会受邀出席这种类型的演讲会议。”环顾四周，记者发现会场早已坐满了各界人士，有穿着严肃的政府官员、态度和蔼的学界人士、衣着考究的商业精英，以及后排忙碌的新闻工作者，足有四五百人。窥一斑而见全豹，中巴关系已经进入了一个战略合作的新时代。但是，卢拉总统的主张远不止于中巴双边之间。“新兴国家被动反应的时代一去不返了。像巴西和中国这样的国家应该更多地参与到诸如国际货币基金组织、世界银行和金砖四国等机构的决策过程之中。”卢拉总统在演讲中再次提及构建“金砖集团”的主张。其实，在巴西政府决策层中一直存在着“金砖集团”的政策构想。2003年，卢拉总统上台伊始就提出巴西、中国、俄罗斯、印度、南非五国对话机制，但最后只实现了俄印巴三国对话。巴西外交部长阿莫林多次撰文指出，“金砖集团”不仅是一个统一行动的经济组织，它还应是一个政治集团，通过这种整合的力量推动国际秩序的平等和民主，实现世界格局的重组。社科院拉美问题研究所巴西问题专家周志伟告诉《国际先驱导报》，卢拉政府近年来之所以不遗余力地推行“金砖集团”，是想借助四国的整体力量，巴西政府尤其看重中国的经济和政治影响力，以此融入到世界经济新秩序，甚至获得“入常”问题上的支持，从而进入国际政治规则的决策核心。西方不满“金砖集团”倡议“我们通过艰辛的劳动积累起2070亿美元的外汇储备，让我们免受产生于资本主义中心、威胁着全球经济结构的金融危机最糟糕的影响。”卢拉总统的看法引起了与会者的广泛支持。中国人民银行的吉女士不无感慨，“如今，穷人借钱给富人花。不但要承担各种借款风险，还要忍受对方苛刻的借款条件。”无疑，建立公正合理的国际经济新秩序势在必行，但西方世界对“金砖集团”却心怀芥蒂。新美国基金会政治学家帕拉格·康纳指出，“金砖四国”一词是高盛公司经济学家创造出来的，它并不是一个现实的同盟。四国的经济参差不齐，缺乏合作的经济和政治基础，“金砖四国”集团很不现实。英国广播公司认为，巴西领导人很想加强与“金砖四国”中其他国家的关系，进一步挑战美元的霸主地位。英国《金融时报》5月18日断言，“金砖四国”虽有一定实力，但还远不是一个“志同道合”的机制，无法形成共识与合力。《华尔街日报》则进一步分析称，除巴西有意借助中俄印的力量争取“入常”外，作为“金砖集团”成员的俄罗斯和印度也各有盘算：印度既想在“入常”问题上得到中俄巴三国的支持，又不愿因“金砖集团”而开罪西方；俄罗斯则因能源价格下降，外交底气不足，而欲借“金砖集团”组建没有西方影响的国家经济组织。对此，外交部发言人马朝旭19日表示，四国对话符合四国和国际社会的共同利益。这种对话与合作是透明开放的，不针对任何一方。【链接】金砖四国“金砖四国”（ＢＲＩＣ）包括巴西、俄罗斯、印度和中国。ＢＲＩＣ恰好是上述四国英文名称首字母缩写，因其发音类似“砖块”一词，故得名“金砖四国”。推荐《国际先驱导报》博客：http://blog.sina.com.cn/m/xqdb,7,1,0.9308956861495972
组图：高雄市长陈菊参观上海洋山深水港5月24日，陈菊在上海洋山深水港展示中心参观。当天上午，在上海市参访的高雄市市长陈菊一行来到洋山深水港进行参观并了解港口运行的有关情况。(中国台湾网 田云鹏 摄),7,6,0.6093078851699829
最高法出台物权法两部司法解释新华网北京5月24日电（记者 杨维汉）建筑物区分所有权和物业服务事关广大人民群众切身利益，也关系到物业服务企业正常经营和健康发展。最高人民法院24日公布了《关于审理建筑物区分所有权纠纷案件具体应用法律若干问题的解释》和《关于审理物业服务纠纷案件具体应用法律若干问题的解释》，并将于2009年10月1日起施行。“最高人民法院出台这两部司法解释，就是要通过司法解释的形式统一裁判尺度，维护法律的权威，切实做好建筑物区分所有权及物业服务纠纷案件民事审判工作。最高人民法院有关负责人说，这两部司法解释在物权法等法律规定框架内，立足审判实践需求，着力于增强法律规定的可操作性。《关于审理建筑物区分所有权纠纷案件具体应用法律若干问题的解释》共19条，《关于审理物业服务纠纷案件具体应用法律若干问题的解释》共13条。这两部司法解释涉及建筑物区分所有权及物业服务纠纷案件审判实践中的若干热点、难点问题，具体包括：业主身份的界定、专有部分和共有部分的划定、面积人数的计算方法、业主权利义务的范围、车位车库纠纷的处理、业主自治重大事项的范围、住改商纠纷的处理、利害关系业主的认定、业主撤销权的行使以及业主知情权的保护等；物业服务合同对业主的约束力及效力、物业服务企业的违约责任承担、业主妨害物业服务企业管理的责任承担、物业费纠纷处理、物业服务合同的解除及相应纠纷的处理、物业使用人的准用等。据了解，近年来，随着我国住房制度改革不断深入，涉及物业权益的纠纷案件数量不断增加，审判实践面临的压力与日俱增。由于物权法等法律的相关规定比较原则，各地的理解也有所不同，审判实践中对如何正确理解和适用物权法等法律规定提出了许多亟待解决的问题。同时，许多全国人大代表、全国政协委员也以建议、提案的形式希望最高人民法院及时出台相关司法解释。最高人民法院自2003年初起，即着手展开制定涉及物业权益纠纷案件处理司法解释的相关准备和调研工作。2007年初，《关于审理建筑物区分所有权纠纷案件具体应用法律若干问题的解释》和《关于审理物业服务纠纷案件具体应用法律若干问题的解释》正式立项。此间，最高人民法院进行了广泛的调研、分析与论证，多次征求了有关部门和社会各界的意见。经过数年的起草制定工作，两部司法解释最终出台。最高人民法院有关负责人表示，两部司法解释的起草制定工作立足于司法解释功能定位，严格按照物权法等法律规定精神，确保解释内容符合立法宗旨和目的；注意建筑物区分所有权和物业服务法律关系各方当事人利益的平等保护，力求实现当事人间权利义务的平衡；紧贴审判工作实践中的热点、难点问题，不贪大求全，切实为审判实践提供统一的裁判依据；在满足审判实践需要的基础上，合理借鉴法学理论，确保学理上的妥当性。相关阅读：物权法司法解释明确业主身份界定标准物权法司法解释破解物业服务欠费纠纷难题,7,4,0.5477467179298401
独家专访中国国民党副主席蒋孝严《直播港澳台》独家专访中国国民党副主席蒋孝严5月15日，第五届中国(深圳)国际文化产业博览会隆重开幕。这次展会的一大亮点就是台湾首次正式组团参展。中国国民党副主席蒋孝严为台湾馆揭幕，随后他接受《直播港澳台》节目的独家专访。对于外界普遍关注的，国民党主席吴伯雄5月25日起将率团访问大陆，并在北京与中共中央总书记胡锦涛举行第二次国共领导人会晤。蒋孝严谈了自己的看法，他认为，‘国共’两党领导人第二次会谈，并不是在为将来的“胡马会”铺路。中国国民党副主席蒋孝严：“你确定马英九会担任国民党主席么？这两个问题是没有关联性的。因为那个前提根本不确定、不存在。马英九先生他也没有说他要选国民党主席，更没有说他会当国民党主席。这是两回事，吴伯雄去北京，主要是6月1日要到南京，是因为中山先生6月1日八十周年奉安，所以他率团到北京去跟胡总书记会面，就是如此单纯。”5月12日，台湾当局通过了“大陆地区人民来台投资许可办法”，并公布了第一阶段开放大陆赴台投资项目清单，预定将在6月实施。蒋孝严认为这标志着两岸经贸交流即将结束由单向流动造成的不平衡时代，进入双向互惠的新时代，是两岸携手抗击金融危机的实质性动作。蒋孝严：“我们都希望经济下滑早点过去。两岸在这方面有很多合作的需要。中国移动要跟远传合作的计划马上带动台湾股票翻红，连翻八天，这是少见的！大陆资金进来，对台湾是相当立即的。 重要的和深远的影响，很快可以看出来。两岸共同来解决金融海啸带来的伤害，把它降到最低 这对台湾是非常重要的。”今年以来，大陆游客赴台游人数大幅增长，但也出现了一些问题，导游、旅游车辆和酒店房间数量严重不足，大陆客在台湾接连发生意外情况。蒋孝严就表示，每天组团赴台旅游的大陆客人数一定要控制在3000以内，否则旅游品质难以保障。蒋孝严：“设定不能超过每天三千人，否则的确很难消化。我们大陆的乡亲，希望你们有点耐心，不要急着通通过来。我相信自由行很快就开放了，不一定要团进团出，到台湾来机会很多。我们一定要维持台湾的水平，旅游的品质一定要维持住。到目前来讲，超过九成甚至九成五以上，去过台湾回来都很满意，台湾方面也是很用心在接待。旅游是最好的交流活动，没有隔阂的！”在50分钟的专访中，蒋孝严始终面带微笑。但谈及他的母亲章亚若和他从未真正相处过的父亲蒋经国时，蒋孝严仍忍不住语带哽咽。蒋孝严如何看待他的传奇身世，他又是否准备让儿子蒋方安继承蒋家三代以来的从政传统呢？请留意近期的《直播港澳台》节目。,7,2,0.5106748342514038
走近“台中名片”胡志强：时时不忘推销台中台中市长胡志强是首届海峡论坛的明星人物，也是大陆观众非常熟悉的台湾政治人物，胡志强在接受《直播港澳台》节目专访时，还时时不忘推销台中。“台中的特色就是以前的发展不够落实，但是这个系列变成我们的优点：就是发展的空间非常大，中台湾是深圳还没有发现到的发展伙伴，赶快来台中市！”看，有台中名片之称的明星市长胡志强果然名不虚传吧？一推销起台中来，不留余力！胡志强是访问大陆最多的台湾县市长，也因为到处推销台中而被大陆观众熟悉。两岸包机首航，胡志强抢头香，大胆作秀！胡志强：“有人说到机场来参加首航就是作秀，中台湾要作秀，我们要在大陆作秀！”访问香港，胡志强当起了蜜月旅行的大使！胡志强：“我们要办一个特别套餐，欢迎香港新婚伴侣到台中来度蜜月”)不过除了推销台中，胡志强也提出构建闽台港粤经济圈的建议，对于深圳在其中如何扮演自己的角色，胡志强有话说。“香港、广东、福建加台湾，四个地区能够进一步整合的话，会成为全世界第五大的超级经济区域，将来竞争力难以估量。希望台湾和深圳的来往要继续增加，超级经济区域的落实能早日实现。”胡志强和马英九、朱立伦并称为马立强，是国民党中生代重要人物，政治前景看好。,7,6,0.7723027467727661
我国科学家培育出世界首个猪干细胞人民网科技北京6月3日电 (记者赵永新) 我国科学家在世界上首次把来自猪的体细胞(不是精细胞或卵细胞的细胞)诱导转变成多能干细胞——这种细胞就像胚胎干细胞一样，有能力发育成身体中的任何类型的细胞。这也是全世界首次使用有蹄类动物的体细胞培育出多能干细胞，可能为建立人类遗传病模型、培育供人类器官移植的转基因动物以及开发耐受猪流感等疾病的猪开创一条道路。这项研究是中科院新创刊的《分子细胞生物学报》今天在网上发表的第一篇研究论文。该杂志主编李党生教授评论该研究时说：“这项研究非常令人激动，因为它代表了培育有蹄类物种的多能干细胞的首次严格证明，这将为培育出精确的转基因动物用于研究、治疗和农业用途提供的机会。”该成果是中科院上海生物化学与细胞生物学研究所的肖磊博士带领干细胞研究组完成的。他说：“迄今为止，科学家在利用早期胚胎培育有蹄类动物的多能胚胎干细胞方面做了很多努力，但是没有成功。这是世界首次培育出有蹄类动物的多能干细胞。因此，这项研究是全新的、非常重要，而且对于人类和动物健康有许多应用。”肖磊及其同事通过使用转录因子重编程了来自一头猪的耳朵和骨髓的细胞，从而成功培育出诱导多能干细胞。通过一种病毒把这些重编程因子的混合物引入细胞中，这些细胞发生了变化并在实验室中发育成了胚胎样干细胞。进一步的测试证明了它们确实有能力分化成胚胎的三层(内胚层、中胚层和外胚层)的细胞类型——这是所有胚胎干细胞都具有的能力。从成功培育出诱导多能干细胞(iPS细胞)获得的信息意味着科学家继续培育来自猪或其他有蹄类动物胚胎的胚胎干细胞(ES细胞)将变得更加容易。肖磊说：“猪的多能干细胞有许多用途，诸如准确改造用于器官移植治疗的转基因动物。猪在形态和功能方面与人类相当类似，而且器官尺寸与人类器官在很大程度上类似。我们可以使用胚胎干细胞或诱导干细胞修改猪的与免疫有关的基因，从而让猪的器官与人类免疫系统兼容。然后我们可以使用这些猪作为器官供体为患者提供器官，而不会引发来自患者自身免疫系统的有害反应。”“猪多能干细胞系还可以用于建立人类遗传病的模型。许多人类疾病，诸如糖尿病，是由基因表达障碍造成的。我们可以修改干细胞中的猪的基因，并培育出携带同样基因障碍的猪，从而让它们具有和人类患者类似的症状。然后就有可能使用这种猪模型开发治疗这种疾病的疗法。他举例说，为了应对猪流感，可以培育出一种准确的转基因猪，从而改善它对这种疾病的耐性。我们首先可以找到一种具有抗猪流感活动或者抑制猪流感病毒增殖的基因；然后，可以把这种基因通过多能干细胞引入到猪的体内——这个过程被称为基因”敲入“，从而实现这一目标。另外，由于猪流感病毒需要与猪细胞膜上的一个受体结合才能进入细胞并进行增殖，我们可以通过对猪诱导多能干细胞进行基因打靶从而敲出这一受体。如果这个受体消失了，这种病毒也就不会感染猪了。此外，肖磊说他的发现可以用于改善畜牧业，不仅可以让猪更健康，而且还通过修改与生长有关的基因以改变和改善猪生长的方式，从而改善畜牧业。他的研究的下一阶段是使用猪iPS细胞产生转基因猪，从而为患者提供器官，改善猪的品种或用于疾病耐受能力。这些经过修改的动物可以是”敲入“的猪，即使用iPS细胞或ES细胞把一段额外的遗传物质(诸如一段人类DNA)转移给猪的基因组，或者是”敲除“的猪，即用这种技术阻止一个特定基因发挥作用。不过，肖磊强调说，潜在的医学应用可能还需要数年时间才能投入临床使用。,7,9,0.9957450032234192
陈竺：围堵甲型H1N1不存在反应过度甲型H1N1病毒变异性暂时不会很大，中国正在组织加紧生产达菲马晓华针对甲型H1N1的输入，中国政府对患者采取了一系列的隔离治疗，以及对其密切接触者进行为期7天的医学观察，曾有一种说法认为中国政府在应对甲型H1N1流感方面，采取的措施有点反应过度。昨日，在中国基因科学暨产业发展高峰论坛上，卫生部部长陈竺首次作出回应：“我们国家现在之所以采取了重要的围堵战略，就是为了我们的技术储备、物质储备，包括疫苗生产，来赢得时间和空间，同时也是为了体现我们对全球防疫的贡献，这里面并不存在反应过度的问题。”此前世界上出现了3次流感大流行，只有1918年的西班牙流感出现了三个波峰。其中，第二个波峰的病毒杀伤力和致死率严重高于第一波，第三波也呈现了较为严重的杀伤力，其他两次流感仅出现了两个波峰，且第二个波峰的杀伤力似乎不是很强。但是，对于甲型H1N1流感病毒的未来表现，依靠现有的科技似乎还不能预测它的未来，仅能靠时间来验证。为了防患于未然，世卫组织一直在强调预防的重要性。“我们之所以如此重视第一波的防范，是因为如果一个病毒在人群扎根的话，它的变异将会更加容易。”陈竺表示，“同时，我们现在高度警惕这个病毒会不会跑到南半球去，因为南半球现在已经入冬了，季节性流感已经开始，如果甲型H1N1与季节性流感重配，第二波可能会提早到来。”世卫组织此前也提醒中国，中国不仅有季节性流感，而且由于中国所处的地理生物环境，成为野生鸟类重要的迁徙路线之一。高致病性禽流感H5N1病毒还隐藏在中国土地上之时，“如果这两个病毒发生重配的话，可能会带来严重的后果。”陈竺担忧地说。虽然高致病性禽流感H5N1的传染性并不强，但是病死率却在60%以上，甲型H1N1虽然目前表现得比较温和，无论是致病力还是传染力，表现得还不是那样强。但是随着南半球进入冬季，季节性流感开始流行之后，甲型H1N1流感病毒的变异几率也开始增大。陈竺表示，虽然在我们国家还没有发生大规模暴发的状况，但是我们仍然采取围堵战略，包括对输入性病例、社区病例的强有力的检测，目的就是为了减轻第一波的冲击。“目前中国对分离的四种病毒进行了全序列的测定，结果显示甲型H1N1病毒变异性不会很大，暂时还不会变成一个杀伤力很大的病毒。这对于疫苗生产是一个好事，不会说疫苗生产出来之后，病毒就变异了。”陈竺表示。据了解，最近国际组织企业在世卫组织的协调下，已经确定了可以用作疫苗的种子病毒株。陈竺说：“我们国家的相关企业将会立即收到这个种子，争取在国庆60周年之前给我们国家的重点人群和高危人群有可以用的疫苗。”“另外，我国正在组织加紧生产达菲，一定要赶在大流感发生之前。我们的工作要做在前面，把疫苗准备好，一方面我们执行行之有效的围堵战略，切断传染源，保护传染源，同时我们又通过疫苗和药物，来保护易感人群，这样就使我们国家比较从容地应对第二波。”据有关人士透露，达菲的生产已经进行了技术性储备，一旦甲型H1N1流感大暴发的话，我国政府将依法审批有关的专利实施的法制许可，为我国大量生产达菲等关键性药物放行。,7,9,0.9039419889450073
手机实名制法律规范正待国务院审批“我经常会接到一些莫名其妙的短信，有的是骚扰的，有的是诈骗的，很烦。虽然我没有受骗，但我周围有不少朋友受骗。”——广东省政协委员汤镇业“鉴于实施移动电话用户实名登记制度涉及到整个移动网上的所有用户，在某一省区市实施管制政策难以奏效，一旦国家颁布实施后我局将联合有关部门积极推进该项工作。”     ——广东省通讯管理局信息时报讯 (记者 夏令 通讯员 张其明) 今年省两会期间，来自香港的广东省政协委员汤镇业提交提案，建议对手机卡销售采取实名登记制度，以遏制“信骚扰”、“信诈骗”。近日，广东省通信管理局等答复表示，工业和信息化部已会同公安部、国务院新闻办等有关部门联合制定手机实名登记制度的法律规范，正在等待国务院审批。汤镇业：朋友被短信骗到今年省两会期间，汤镇业向省政协提交了《手机实名制可治“信骚扰”》提案。提案指出，一些不法分子经常假冒银行或银联、甚至公安部门特服电话发送违法短信进行诈骗或敲诈勒索公私财物，或者散布淫秽、色情、赌博、暴力、凶杀、恐怖内容，还有的不法分子发布假中奖、假婚介、假招聘，或者引诱、介绍他人卖淫嫖娼的信息。“我经常会接到一些莫名其妙的短信，有的是骚扰的，有的是诈骗的，很烦。虽然我没有受骗，但我周围有不少朋友受骗。”两会期间，他接受记者采访时说。通管局：正制定相关法律广东省公安厅在会办意见中表示，近年来，不法分子利用手机群发短信、打电话等方式实施的违法犯罪活动逐渐增多。截至4月底，全省共破获电话诈骗案件468起，打掉电话诈骗犯罪团伙46个，抓获电话诈骗犯罪嫌疑人323名，缴获赃款245万元、冻结涉案资金940万元等。公安厅建议通信管理部门实行手机卡销售实名制。对此，广东省通讯管理局已向上级主管部门提出相关建议并得到认同。“鉴于实施移动电话用户实名登记制度涉及到整个移动网上的所有用户，在某一省区市实施管制政策难以奏效。”该局透露，工业和信息化部已会同公安部、国务院新闻办等有关部门联合制定了法律规范，正在等待国务院审批。“一旦国家颁布实施后我局将联合有关部门积极推进该项工作。”,7,8,0.37981116771698
中科院发布科技发展路线图2050年中国经济居首中国科学院10日在京发布《创新2050：科技革命与中国的未来》系列报告，为我国描绘了面向2050年科技发展路线图。路线图认为，在今后的10年至20年，很有可能发生一场以绿色、智能和可持续为特征的新的科技革命和产业革命。航天技术：2030年载人登月公布的中国科技发展路线图，其中2050年空间科技发展路线图明确提出，2030年前后，中国实现载人登月，建立月球基地，2050年前后，载人飞行从月球基地飞向更远的行星，具备载人登火星能力。这份最新出炉的中国2050年空间科技发展路线图称，空天科学与深空探测能力方面，2020年前后，探测器可达火星，2030年前后，深空探测器实现高效星际航行和高精度自主导航，可探测木星等火星以外的行星，2050年前后，深空探测器飞出太阳系进入宇宙空间。空天技术能力在载人航天方面，载人登月前，在2020年前后，突破人在近地轨道空间站长期生存保障技术，建立长期有人逗留的空间站。到2050年前后，中国还将突破激光超高速通信技术，建立以大型超压式高空气球为基础的平流层高空站，发展新一代平流层飞艇，并开展组网应用，使人们进入空间的方式更加廉价和高效。经济总量：2050年居世界首位发展路线图预测，2050年，中国经济总量将达到世界首位。中国目前的经济总量排在美国和日本之后，位居世界第三。中科院的路线图描绘了这样一幅愿景：2050年中国将进入世界中等发达国家行列，成为政治、物质、社会、精神、生态五大文明高度发达且高度开放的国家。2050年的中国，将是一个政治文明高度发达的国家，社会主义民主和法制高度完善，国家统一，民族团结，社会稳定，人民的政治权利和发展权得到充分保证，国家安全得到可靠保障。2050的中国，将是一个物质文明高度发达的国家，经济总量达到世界首位，人均GDP达到中等发达国家水平，经济保持持续、稳定、协调发展，科技创新能力居于世界前列，全体人民过上富足安康的生活。2050年的中国，将是一个生态文明高度发达的国家，人与自然和谐相处，生态环境退化得到有效遏制。据中新社,7,9,0.5527424812316895
国土部调查地方商品房地价求证“推高房价说”_国土部调查商品房地价国家统计局对40个重点城市商品住宅开发费用构成的调查，预计于本月中旬结束土地成本在房价中到底占多高比例，国土资源部正在进行的一项商品房项目用地地价调查，或许能够为外界揭开真相。CBN记者获悉，国土部近期已经向地方下发“国土资电发(2009)34号地价调查表”，要求地方填报具体的房地产项目土地出让价款，以及房屋售价等。这也是继国家统计局摸底房地产开发费用，和北京调研3000家房地产开发企业土地开发详情之后，又一部委对房地产项目用地情况展开调查研究。这也显示，在今年全国“两会”后，中央部委和地方对房地产开发成本问题开始加大关注力度。调查尚未结束根据这份调查表，各省市需要详尽填写房地产项目的名称、开发企业、开发类型(普通商品住房、高档公寓、别墅等)，土地面积、土地取得方式(协议或者招拍挂)以及容积率等指标数据。在土地出让价款一项，需要填报的是项目用地出让时，以建筑面积核算的土地成交单价，即楼面地价；而房屋售价则统一以开盘时的价格为准，取其楼盘均价。此次调查的对象为各地2006年以来取得土地且已进入销售阶段(包括已售完)的商品房开发项目。不过，此项调查并非针对全部房地产开发项目，而是为抽样调查，即按照各项目区位(城市中心区、边缘区、过渡区)选取若干项目进行调查，每区位样点数不得少于2个。对于上述地价调查，一位权威人士对CBN记者透露，这项工作早晚得做，现在也需要做。但他并未透露开展此调查的目的，并表示因调查工作还没有结束，目前尚无法得出某种结论。来自中国土地勘测规划院地价所的田彦军一直关注地价和房价的关系，并且始终不认同“招拍挂抬高地价，进而导致房价攀升”的论调。他以2002年至2006年为例，指出这五年中新建商品住宅价格增幅多年保持较高水平，全国商品房价格同比增幅分别为3.69%、4.84%、17.76%、14.04%和6.79%，2006年商品房均价达到3383元/平方米；而同期地价水平(楼面地价)增幅为4.39%、4.68%、6.08%、4.20%和5.19%，2006年平均楼面地价水平仅为934元/平方米。“自2001年经营性用地出让实施招拍挂制度以来，土地交易价格同步提升的事实客观存在，但地价同比增幅相对稳定且均低于同期商品房价格增幅，商品房价格偏离地价水平越来越远。”田彦军表示。中央地方共查房地产成本房价偏高的现实和开发商暴利的可能，导致了社会对房地产行业成本的高度关注，但就像素有业界“大炮”之称的任志强所言，开发商的成本怎肯轻易对外界公开。今年全国两会期间，全国工商联曾递交了一份名为《我国房价为何居高不下》的大会发言，称一项调查显示房地产项目开发中，土地成本占直接成本比例最高，达到58.2%。此报告直指地方政府为房地产业十年高速发展最大的受益方。这一被外界看来具有明显倾向色彩的报告引来众多争论，甚至有地方政府表态，将公布相关数据予以反驳，但截至目前尚无下文。不过，中央层面对房价成本问题的关注却在加大。除国土部的地价调查外，近期国家统计局也已下发通知，将对40个重点城市范围内的商品住宅开发费用构成进行专项调查，以弄清房地产开发项目费用的支出结构。根据该通知，此项调查应该于本月中旬结束。田彦军认为，为了破除地价推高房价的“误解”，应该及时向公众公布每一个在售商品楼盘的土地价格及该宗地价占房价的比例，赋予消费者应有的知情权，保障社会各方了解并参与房地产市场调控。“房价、地价对照公示，可以凸显开发商行业的暴利。公众可以据此直接了解房价、地价水平，进而根据社会平均建安成本测算开发商利润。”田彦军称，此举也可以进一步挤压房地产开发利润，使其向社会平均利润靠拢。据悉，在2005年，建设部门曾下发《房地产市场信息系统建设工作纲要》，要求各地房地产主管部门逐步建立完整的房地产信息采集、分类、统计和分析系统，将一些基本的市场信息向社会发布，并提供公开查询功能，但此后进展并不顺利，未能达到政策预期。田彦军认为，房地产开发商为维护其开发暴利，将成本视为商业机密，掩盖了其高利润的真相。而社会公众往往仅能依据一些立场性较强的行业机构发布的信息做出误判，很难做到明白消费。此外，个别专业机构的不实宣传，客观上误导了购房者非理性购房，也对房价快速上涨起到了推波助澜的作用。刘展超,7,4,0.9747060537338257
南非媒体称中国公民可免签入境中新网6月19日电 据南非《华侨新闻报》报道，南非当地媒体Travel Daily News于6月11日报导南非政府将对中国公民提供免签证的优惠，记者经过多方查访，一直无法从南非官方与相关业者获得肯定的答案，不但移民局与内政部自己都不太清楚，而且相关业者也尚未获得这方面的信息，这个消息似乎还需要进一步的确认，到目前为止，最值得信任的消息似乎是内政部长所宣布的活动签证，中国公民究竟是否可以免签入境南非，似乎还是一个未知数。日前，该报曾就南非推出个人旅游签证，允许中国游客以个人名义赴南非旅游一事进行过报导。很多华人读者十分关心，纷纷来电询问相关情况，并对有传闻世界杯期间南非内政部会向前来观看比赛的球迷发放特别签证一事表示关心，该报于是对相关问题进行了近一步的了解。就南非联合会杯及世界杯举办期间球迷特别签证问题，南非内政部长Nkosazana Dlamini-Zuma日前表示，在联合会杯足球赛举办期间，政府将会试运行一种特别签证——Event Visa(活动签证)，便于各国球迷更为快速有效地前来南非观看比赛。南非计划在2010年世界杯期间正式发行此类签证，本届联合会杯也可看作是其试验阶段。联合会杯比赛期间，活动签证只在埃及试行，即只有埃及球迷有资格申请此签证前来南非。如果试行顺利，此活动签证将在2010年世界杯期间开放给各国球迷使用。此次申请签证的埃及球迷只要出示所持的门票，证明自己是为观看联合会杯比赛而前往南非即可。不同于申请普通旅行签证需时4到7个工作日，活动签证的办理只要很短时间，按Dlamini-Zuma部长的说法，球迷们“几乎立刻”就可以拿到签证，并且，该签证的申请是免费的。持有活动签证的球迷可以在出境南非时即接受检查以缩短出关时间，在入境南非时，机场也设专门通道供持有特殊签证的球迷接受检查。(何华),7,5,0.7723779678344727
金庸将于月底正式加入中国作协本报讯 (记者吴波) 记者昨日从中国作协获悉，金庸或将在月底正式加入中国作协。据介绍，中国作家协会2009年度会员发展工作从2月份启动，经各文学门类专家咨询及征求团体会员推荐意见，中国作协书记处于6月17日进行审议，拟发展新会员409名，著名香港作家金庸也名列其中，本次进入公示名单的女性作家比例比往年有提高。记者了解到，审议完成后，409名有资格加入中作协的作家名单还将公示一个星期，时间为：2009年6月18日至2009年6月24日。中作协表示，如果公示名单中有涉嫌抄袭他人作品者，可公示期间举报。举报时需提供：侵权者姓名、侵权作品名称、侵权作品首次发表的报刊或出版社名称、被侵权者姓名、被侵权作品名称、被侵权作品首次发表报刊或出版社名称，以及侵权作品与被侵权作品的雷同内容等。记者了解到，本次进入公示名单的香港、澳门作家共7人，香港：张思鉴(张诗剑)、周密密(周蜜蜜，女)、查良镛(金庸)、蔡益怀。澳门：吴志良、李观鼎、廖子馨(女)。而广东作家列入发展公示名单的共17人，分别是：卢锡铭、刘美松、孙丽生、何霖(布依族)、吴淑平、张吉刚、张煌新、李容焕、陈玉春(女)、陈雪、周铁株、於文喜、林渊液(小隐娘，女)、郑集思、赵小敏(女)、黄萍(女)、滕叙兖(老藤)。,7,2,0.9979294538497925
港媒称金庸主动申请加入作协 可能任名誉副主席中新网6月20日电 据香港《文汇报》报道，香港著名武侠小说大师金庸等7名港澳作家有望于本月底正式加入中国作家协会。这是自1997年香港回归以来，该拥有8000余名会员的正部级全国性团体首次吸纳港澳地区成员。消息人士称，鉴于金庸先生的文坛成就和崇高威望，他很有可能在通过一定程序后出任中国作协名誉副主席之职。中国作协日前在官方网站公示2009年度拟发展会员名单，在409人名单中，港澳作家7人。其中香港4人，除查良镛(金庸)，另3人张思鉴(张诗剑)、周密密(周蜜蜜，女)及蔡益怀皆为香港作家联会副会长。澳门的3人为身兼澳门基金会行政委员的学者吴志良、澳门大学中文系教授李观鼎、著名女作家廖子馨。据悉，金庸等人此次是本人主动申请加入中国作协，他们的入会程序亦与内地会员一致。在个人提出申请后，须由团体会员推荐，或个人会员二人介绍，再经作协书记处征询各方意见、召开会议审议批准，列入拟发展名单，最后张榜公示，若无发现涉嫌抄袭等不端行为，方可称为正式会员。入会后，港澳会员的权利义务亦与内地会员相同，有选举与被选举权，可参加作协活动，需缴纳会费。若无严重违法违纪，中国作协会员一般为终身制。消息人士称，鉴于金庸先生的威望及成就，他很有可能在入会后通过一定程序被推举为中国作协名誉副主席，该职位一般由拥有较高文学成就，并且在文坛上有较大影响的老作家担任，目前中国作协已有9名名誉副主席，包括王蒙、韦其麟、邓友梅、张炯、张锲、林默涵、贺敬之、徐怀中、翟泰丰。2009年度中国作协会员发展工作从今年2月份启动，共收到一千余份个人申请。作协书记处最终拟发展新会员409名，并于本月18日至24日公示一周，接受公众举报。本次进入公示名单的女性作家、少数民族作家比例比往年有所提高，同时还有以撰写《明朝那些事》闻世的网络作家“当年明月”入围。若全部通过公示，中国作协会员总数将增至8931人。金庸将加入中国作家协会的消息传出后，已在网上迅速散布。由于此前郭敬明等80后作家加入作协曾经引发争议，之后也曾有过韩寒炮轰“作协一直是可笑的存在”等风波，甚至经常在八卦新闻中露脸的宋祖德也是作协会员，不少金迷在网上发帖表示“中国作协越来越鱼龙混杂”，甚至不无激进地表示“这纯粹是小庙大菩萨”，“金庸晚节不保”。不过，也有一些比较冷静的金迷表示不必大惊小怪。金庸将于月底正式加入中国作协,7,2,0.9975904226303101
商务部建议国务院放宽外商房地产投资外商直接投资(FDI)已经连续7个月负增长了。《华夏时报》记者从商务部独家获悉，一份关于稳定外商投资的包含42条具体建议的建议书已经由商务部提交至国务院。其中较大的调整政策包括将对外商投资中国房地产业松绑：商务部建议联合外管局，对外商投资房地产企业外汇登记手续进行简化和适当放宽。如果这项意见得以实施，外商投资房地产将获更多便利。 据华夏时报,7,4,0.8047339916229248
两部委推动服务外包业 欲5年吸纳百万学生就业昨天，在南京市举办的第二届中国国际服务外包合作大会上，教育部高教司副司长刘桔表示，商务部和教育部两部委已制定“服务外包”促进高校毕业生工作的指导意见，将在5年内培养120万服务外包人才，其中新增100万高校毕业生就业。“一边是我们的大学生找不到工作，另一边却是跨国企业想转移非核心业务到中国急需人才，我们希望两头能连接上。”商务部一位官员在会上对CBN记者表示。“我们希望这个数字仅仅是保守估计。”上述官员说。由于“金融危机”的席卷，对于外向型经济最为敏感的商务部率先感受到了跨国企业在中国寻找高素质劳动力的“渴求”。因此在国务院层面召开多次部委联席会议之后，商务部和教育部今年上半年共同制定相关政策，借力“服务外包”发展，提升就业空间。企业录用毕业生每人获补助4500元教育部和商务部制定的最新政策包括，对于符合条件的技术先进型服务外包企业，每新录用1名大专以上学历员工从事服务外包工作并签订1年以上劳动合同的，中央财政给予企业不超过每人4500元的培训费支持；而中介培训机构培训的大学生获得1年以上劳动合同的也将获得每人500元的费用支持。在金融危机爆发之前，“服务外包”仅仅是中国外向型经济中的一个环节，但是随着欧美日等发达国家遭遇经济滑坡，大量企业急欲降低成本，开始迅速将非核心业务转移到中国。从去年年底开始，各地“服务外包”增长迅猛。在包括FDI、进出口等多项外向经济指标下滑的背景下，“服务外包”逆势增长引起了经济决策部门的注意。以江苏省为例，1~4月全省“服务外包”接包合同执行额10.25亿美元，增长188.22%，该省外经贸厅厅长朱民昨天在接受包括CBN在内的媒体群访时表示，这是今年对外经济中独特的亮点。由于据企业反映，大学生毕业之后迅速适应“外包”岗位是当前的一个难题，商务部相关人士向CBN表示，今后将推动岗位需求进入高校课程，以此长期推动高校教育改制。但短期看，为了加快促进大专院校学生进入新兴的“服务外包”企业就业，政府将支持企业展开培训。软件外包先行  目前，“服务外包”主要分成三大类：ITO(信息技术外包)、BPO(企业流程外包)和KPO(企业服务外包)。朱民厅长昨天对媒体表示，ITO目前还是中国“服务外包”占比最高的产业，也是“服务外包”中入门门槛较低的部分。因此从吸纳就业而言，目前软件学院的本科人才更容易进入“服务外包”行业。但他认为，如果长远发展迅速的话，对于就业的吸纳将是一个全方位的过程。不仅仅限于IT行业，在“服务外包”最为高端的KPO模式中，包含有帮助企业做金融外包、战略咨询外包等，届时需要的高等教育资源将是各种专业的。除了软件工程以外，目前在中国“服务外包”中发展较为迅速的还有动漫设计、工业设计和医药研发等。据商务部最新公布的数据，目前我国服务外包企业从业人员当中，81%的人员拥有大专以上学历。2005年1~5月份，已经提供了24.6万人就业，其中新增大学毕业生就业19.2万。宋蕾,7,5,0.859024703502655
国土部：18亿亩耕地红线推涨房价说法无根据本报讯 (记者柳志卿) 对于近来有专家称保护耕地红线的政策推涨了房价，国土资源部在昨天的发布会上对此作出回应说，此说法毫无根据。鹿心社说，地价是影响房价的重要因素之一，但不是决定因素。决定房价的关键因素或者根本因素是供求关系。针对前一时期有的专家认为由于“守红线”，土地偏紧、地价偏高，影响房价，国土资源部做了系统调查。调查东部、中部、西部不同类型620个房地产开发项目的结果表明，目前在我国，地价占房价的15%至30%，平均是23.2%。与国际水平做了大致的比较，美国是28%，加拿大是24%，英国是25%至38%，韩国是50%至65%，日本是60%至75%，新加坡是55%至60%，我国的这个比例远低于邻国。一般说来，一个国家或者一个地区的土地资源越紧缺，地价占房价的比例就越高。从我国的地价水平看，说保18亿亩耕地红线推涨了房价，没有根据，也没有道理。,7,4,0.9065374732017517
商务部称建议松绑外商投资房产报道失实中新网6月26日电 据中国商务部网站消息称，日前，《华夏时报》发表了有关“商务部上书国务院建议松绑外商投资房地产”的报道，该报道的内容与事实严重不符，造成了不应有的负面影响。消息指出，为积极应对国际金融危机，促进国民经济稳定健康发展，商务部将继续采取措施，鼓励外商投资产业结构优化升级，促进区域协调发展，完善优化投资环境，稳定和扩大吸收外资规模，提高吸收外资质量和水平。但商务部未针对外商投资房地产企业提出简化和放宽外汇登记手续的建议。,7,4,0.6153385639190674
国土部：中央不出台小产权房统一文件本报综合报道 国土资源部副部长?小苏昨日透露，由于各地小产权房的情况不一样，中央或国土资源部不会出台统一的处理意见。国土资源部与各地共同从实际出发，认真调研，依法合情合理地处理。昨日，?小苏接受记者提问时表示，无论是否建在耕地上，只要是没有经过批准，没有办理转让征收手续，在农村集体土地上建设的商品房都是违法的。“村级干部、乡级干部没有权力做主出租、出让农村集体土地去盖商品房，村级干部、乡级干部私自做主出让也是违法的”，?小苏强调。?小苏说，中央多次发文强调，要求各级国土资源部门，首先要把在建的、没有销售的小产权房管住，不要再卖了。但有的人还是想钻空子，这是冒风险的。已经遗留的小产权房，大家认真研究，弄清每一个楼盘的具体情况，依法合情合理地去处理。因为各地的情况不一样，每一宗土地的性质不一样，开发投入的情况不一样，买房人的情况也是各不相同，对这种复杂的小产权房问题，中央或国土资源部不可能出台一个统一的文件。国土资源部总规划师胡存智前日公开表示，市场经济条件下，一旦小产权房或无产权房合法化，其价格将与商品房趋同，不再存在价差问题。对此专家指出，不管将来国家如何出台政策、法律，就目前购买小产权房来说，面临风险要大于潜在的收益。■ 相关新闻12336开接“土地违法举报”本报讯 （记者吴鹏）昨天开始，遇到任何土地违法问题，公众都可拨打12336国土资源违法举报电话。国土资源部设置了10条线路，国土部有关人士昨晚表示，昨天举报电话共接报410个。按照10条线路计算，在工作时间里，平均每条线路每小时接报约7个。按照要求，省级举报电话要设置3至5条线路，所有县市都将在7月底前开通。昨日，国土部有关负责人说，国土部直接接听的举报电话，将区分一般违法线索和重大违法线索。一般违法线索直接转违法发生地的省级国土资源行政主管部门处理，重大违法线索将由国土资源部执法局采用交办、挂牌督办或派员直查等方式逐一处理。专家称国土部建设部已形成小产权房规范性文件张鸿：集体误读小产权房背后是利益驱动,7,4,0.7093276977539062
香港富豪人数减少61.3%创历史最大跌幅也就一年的时间，全球富豪此前两年所累积的财富化为乌有。6月25日，美林全球财富管理与凯捷顾问公司发布的《全球财富报告》显示，至2008年底，全球的富豪(即拥有100万美元以上净资产人士)的财富总额下降了19.5%，跌至32.8兆美元，人数则减少了14.9%至860万人。而超级富豪(即拥有3000万美元净资产人士)的人数则下跌了24.6%。跌幅是空前的，全球富豪的人数与财富均跌至2005年底的水平以下，这意味着2006年与2007年累积增长的财富已全部蒸发。其中，中国的富豪人数在2008年底达到36.4万人，比2007年下跌了11.8%，但是排名却上升了一位，超越英国成为全球第四大富人集中地。而香港的富豪人数下降了61.3%至3.7万人，创下该排行榜有史以来最大的跌幅。美林全球财富管理大中华区董事总经理刘昌欣对本报记者表示，中国富豪的具体分布情况有待拿到更详尽的数据才能作出分析，该数据将在今年9月份公布，“中国是去年全球经济的一个亮点，强劲的增长使该地区富裕人士数量不会像一些市场那样大幅下跌。”香港财富集中地在股市香港富豪的数量下跌如此之大，美林的报告认为，原因在于香港拥有的股市市值与名义GDP的比率已达到极高的5.76，意味着香港特别容易受到股市下跌的影响，2008年香港股市市值下跌了49.9%。相比之下，该比率在新加坡仅为1.49，在美国则只有0.83。另外，香港原来的富豪中大部分属于100万－500万美元的财富级别，其中大部分人因为去年的损失而跌出了100万美元的门槛。刘昌欣说，香港的部分富豪所持有的股票比例越高，则受到的影响越大。去年香港市场上不少富裕人士因为累计期权(Accumulator)产品而损失惨重。“使用金融工具赚钱，就像是吃饭时可以用筷子，也可以用刀叉，只要市场有需求，产品就会存在。”刘昌欣说，今年以来资本市场整体复苏，除了原来已经投资的富裕人士会受惠之外，也会制造出更多的富裕人士。美林预计在2013年底全球富裕人士的财富将增长至48.5兆美元，年增8.1%。北美与亚太地区将随着美国消费支出增加以及中国经济的动力和自主发展，带领财富增长。而亚太地区也有望在2013年成为全球最大的富裕人士集中地。刘昌欣估计，从目前的趋势来看，到2013年中国富裕人士的数目可能会超过北美市场。根据统计，2008年底全球富裕人士最多的国家前三名分别为美国、日本和德国，占2008年全球富裕人士总数的54%。短期内继续保守投资策略美林全球财富管理亚太区投资策略师Stephen Corry对记者表示，去年全球富裕人士以资本保值为主，而非高回报投资。所以大部分富豪减少对股票的配置，转而增加了以现金为主的投资，并把资产转移到楼市。调查显示，2008年全球富豪们的股票投资由33%降至25%。根据美林的数据，去年全球股市市值暴跌接近50%，降至1999年的水平，尤其是9月份之后全球股市同时重挫，其中美洲下跌42.9%，亚太地区下降53/5%，欧洲、中东和非洲地区的跌幅也达到51%。而中国股市在之前的年度上涨了291%之后，更下挫了60.3%。由于传统的股市分散投资策略不奏效，因此全球投资者纷纷转入固定收益市场，目的在于保障资本，而非赚取回报。因此，固定收益投资占全球富豪的投资组合的比例在去年底达29%，高出2007年2%。结果美国国库券在2008年的表现超越其他所有的债券，以总回报来看上涨了13.9%。同时，由于对复杂的投资产品心有余悸，全球流进货币市场基金的金额高达4550亿美元以上，导致富裕人士的现金或存款大幅增加，占整个投资组合的比例从17%升至21%。比如，亚洲除日本以外的其他国家，富豪们持有现金类资产的比例高达26%，而在2007年这一比例只有5%。此外，物业投资占富豪的净资产比例从14%升至18%，因为富豪有寻找低价房的趋势，特别是在商业不动产与新建房市场，以及住宅物业。此外，规避通胀风险可能也是刺激富豪购置房产的另一大因素。2008年，豪宅的价格跌至2003－2004年的水平，也刺激了不少富豪购置。尽管短期内仍然是保守投资策略当道，不过，Stephen Corry预计，未来富豪们的投资趋势将会改变，至2010年富豪们持股票的比例将增加至28%，而物业方面的投资则会减少至15%。记者 谭璐,7,1,0.8189958333969116
国际奥委会满意北京奥运会空气质量据新华社电 针对近来某些国外媒体对“北京奥运会空气污染最严重”的报道，国际奥委会新闻委员会主席高斯帕昨天接受新华社记者采访时认为这个说法“很无趣”，并认为北京奥运会的空气质量没有问题。英国《每日电讯报》22日的报道称，美国俄勒冈州立大学和北京大学科学家联合进行的研究结果表明，2008年北京奥运会的空气污染程度是历届奥运会最高的，甚至达到悉尼奥运会的3.5倍，运动员和观众都处于危险级别的烟尘中。正在伦敦参加2012年奥运会第一次世界媒体大会的高斯帕在听到这个消息后，第一个反应就是：“这个数据没什么意思。”他接着条理清楚地解释说：“首先，奥运会已经结束快一年了，北京奥运会是最成功的一届奥运会，这是记录在案的。第二点，北京奥运会时，国际奥委会一直在跟环境保护权威机构密切合作，毫无疑问他们对北京奥运会的空气观测手段和空气质量都非常满意。第三，我没见到北京的空气质量给任何运动员或游客造成麻烦，我们也没有听过任何选手或其他人抱怨空气质量。”高斯帕说：“最后我再重复一遍，北京奥运会是我去过的最伟大奥运会。我个人总是乐意去北京的。”相关阅读：北京奥运盈利超10亿支出小于雅典审计称北京奥运会志愿者每人每天平均只花费10元审计署公告称北京奥运会收支结余超10亿,7,9,0.48534056544303894
江苏盐城大面积死鱼与天气水质有关(图)中新网盐城7月3日电 (于从文 童盛) 记者今天从江苏盐城射阳县政府办获悉，六月三十日晚盐城市新洋港大面积死鱼的原因已排除人为因素，而是与天气闷热、水质环境变差有关。六月三十日晚七时左右，江苏省盐城市新洋港河亭湖区黄尖镇段和射阳县洋马镇段十余公里河道共六千五百网箱鲢鱼、鲤鱼突然死亡。事发后，当地养殖户迫切要求有关部门调查鱼的死因。当时针对死鱼的原因，渔民们众说纷纭，或说夏季水温变化和河道浮游植物过多，水质富氧化严重，更多的说法则是上游企业暗自排污污染河道，使鱼中毒而亡。射阳县政府办周金德副主任在接受采访时表示，目前水样检测结果已经出来，水里并没有污染源物。鱼大面积死亡的主要原因是天气闷热，水质中的溶氧量偏低，且网箱养殖密度比较大。另外，六月二十八日、二十九日连降暴雨，而当地正处于农作物施肥期，导致部分含氮肥料流入河水中，使得氨氮有所超标。由于发生死鱼的水域水体已经发臭，影响到下游乡镇居民取水，下游所在地政府已经对饮用水源做了提前准备，进水的管道内的余水全部清理干净，自来水厂也能保证正常供水。,7,9,0.9551514387130737
两名香港科学家入围中国工程院院士增选(图)中新网7月9日电 香港《文汇报》今日在“要闻”栏目刊发报道称，记者从中国工程院获悉，2009年中国工程院院士增选第一轮评审工作已经结束，从449位有效候选人中产生进入第二轮评审的候选人163位，其中包括两位香港科学家：香港理工大学教授钱忠明和香港大学教授王振宇。他们均为医药卫生学部候选人。据了解，在此前第一轮评审结束后，有4名香港候选人，分别是香港科技大学计算器系主任倪明选、香港理工大学教授钱忠明、香港中文大学教授秦岭以及香港大学教授王振宇。经过层层筛选，钱忠明和王振宇进入第二轮评审。有科技界人士表示，由于一般认为港人争取科研资源和资金更易，故工程院和中科院对香港学者的评选可能较内地学者更加严格。据介绍，2009年中国工程院院士增选工作，于今年1月初启动。5月中旬曾公布过第一批449名候选人，此次数第二轮评审，名单公示后将接受各界监督，投诉受理截止日期为8月15日。根据规定，院士增选的名额不能超过60名，评选结果将于12月公布。中国工程院有关人士表示，院士增选工作分四个步骤：提名候选人、归口部门遴选、院士评审和院士选举。本次评选标准中还特别增加了“品行端正”的要求。中国工程院院士增选每两年举办一次，2007年香港有5人入围工程院候选名单，其中香港大学微生物学系主任袁国勇和香港中文大学机器人技术专家徐扬生当选工程院院士。据悉，始建于1994年的中国工程院是中国工程技术界的最高荣誉性、咨询性学术机构，与中国科学院并称“两院”。两院院士是国家设立的科学技术方面的最高学术称号，也是终身荣誉。自香港回归以来，香港特区包括外籍人士在内的两院院士已达到28名，其中中科院院士22名、工程院院士6名。钱忠明 58岁，北京大学医学部硕士，澳洲西澳大利亚大学理学博士，现职香港理工大学应用生物和化学科技学系教授，同时担任理大铁代谢实验室主任、大学动物中心主任及中心管理委员会主席等职。其研究领域为“铁代谢及其相关疾病机理与防治”，并积极参与中医药基础产品的科技开发的研究。王振宇 44岁，香港大学肠胃及肝脏科教授。他带领的团队与解放军第四军医大学合作，通过14年的研究，发现阿斯匹灵及抗胃酸药能把胃癌发病机会，分别降低达两成及三分之一，他们更凭此研究获颁国家科技进步奖一等奖。,7,9,0.6669829487800598
全国检察机关举报网络和电话统一化几年前，当中石化开发部原副主任程绍志因受贿罪领刑11年的时候，他或许没有想到，把他拉下马的，竟然源于一份网络举报。“2000年元月1日我们院率先在正义网开展网上举报，随后不久，一名留学生就举报程绍志受贿，没用多少时间，就查实了。”北京市人民检察院第二分院(下称“北京二分院”)控申处处长闫晓东日前在接受CBN记者采访时，回忆起该院接受电话、网络举报的过程，仍然记忆犹新。如今，全国检察机关的举报网络和电话正在走向统一化。6月22日，检察机关全国统一举报电话12309在最高检和部分省级检察院正式投入使用，其余省份将在年内陆续开通。最高检举报网站也自22日起正式更新网址为www.12309.gov.cn。“我们也正在向12309的举报电话和网站过渡。”闫晓东告诉记者。当日网站因浏览人数过多而瘫痪，电话因呼入数量过多而难以打通。一位检察系统的相关负责人在接受CBN记者采访时认为，将举报电话和网站都统一到12309，就像公安系统的110一样，可以方便举报人的举报，也有利于举报线索的集中和管理。在实现统一化之后，会扩大电话举报和网站举报的影响力。至于举报数量上是否会有突增，这位人士告诉记者：“由于12309的统一化工作刚刚开始启动，目前还没有统计”。群众举报的含金量程绍志的案发源于2001年2月15日收到的一封举报电邮。当天北京二分院检察长打开举报信箱之后，看到了一封署名的电子邮件举报信，其中详细描述了程绍志的受贿行为。邮件显示，时任中石化油田勘探开发部副主任的程绍志，在此前担任河南石油勘探局副局长期间，与中国国际企业合作总公司(下称“国合公司”)代理进口国外联合胶体公司的聚丙烯酰胺过程中，涉嫌接受该公司在北京的代理——北京立佳科技有限公司(下称“立佳科技”)总经理的贿赂，并列举了部分涉嫌犯罪事实。检察长立即派侦查员到北京市工商局查询了立佳科技的工商注册资料，但并未发现该公司与河南油田有任何关于聚合物的商业往来。但是，此后侦查人员侦查了国合公司1997年至1999年的所有进口报关单，进而查明了涉嫌走私的事实以及举报人举报的事实。同年6月21日，侦查人员在首都机场将从国外考察回国的程绍志抓获。无独有偶，让闫晓东印象深刻的还有一起关于中国财经报社一名主任贪污的案件，同样是因为被知情人举报之后，“检察机关用了一星期就查实了。”目前，类似案例在全国各地已不鲜见。在6月22日至26日的全国检察举报宣传周期间，全国各地检察机关展示了诸多因举报而成功查实的案例。福建省福清市检察院检察长陈秋官称，去年以来，该院共立案侦查各类职务犯罪案件39件41人，其中相当一部分案件线索是由群众举报的。据《检查日报》报道，上海市检察机关统计数据反映，近年来，在该市检察机关立案侦查的职务犯罪案件中，有40%直接来源于群众举报。依法分类处理信源据闫晓东介绍，北京二分院每年所收到的举报信息有上千条，这里面有些是属于纪委职权范围内的，有些则属于公安机关的职责范围。另外，根据法律所规定的管辖范围，有些是在分院管辖范围之内的，但是也有些是属于市检察院的，还有一部分是属于区检察院的。因此，检察机关收到举报信息后一个重要处理方式就是转。“按照不同的管辖部门和管辖范围，转交给相应的职能部门去处理。”闫晓东介绍说，对于实名举报，保证件件答复线索的去向或查办情况。最高检相关负责人在接受CBN记者采访时说，一般检察机关收到举报人举报之后，有专人负责案件的收集和整理，如果是其管辖范围之内的案件，要交给反贪机关进行侦查，否则，要转交至相应的部门。不过，闫晓东告诉记者，能够转到反贪局的案件在所有举报案件中所占比例并不大，“因为举报中不属于检察机关管辖的比较多，还有一部分是明显没有可查价值的案件。”闫晓东解释说，所谓没有可查价值的线索，一般都是举报人对于事实的描述没有提供任何有价值的线索或者证据，而只是情绪化的表达。对于此类线索，检察机关收到之后，会作为存查信息，先予以保存，如果后来还有针对相同人员的举报发生，会对前面的举报进行对照，如果有了事实、证据，检察机关会对其展开调查。这种做法在陈秋官口中被称为：“养”活暂不成案的线索，伺机而动。陈秋官所在的检察院用这个办法成功查处了以福建冠龙建筑工程公司董事长魏某为主要行贿人的系列贿赂窝串案。2008年，福清市检察院根据群众举报线索收集到了“十分有限”的涉案情报，当时尚不足以对其立案侦查。不过，该院继续经营这一线索，长时间密切跟踪，注意情报的收集、深化信息分析，慢慢掌握了大量翔实的信息。最终，该院查处了该领域商业贿赂窝串案20件20人，涉及科级干部8人，追缴赃款人民币105万余元。保护举报人难题闫晓东认为，举报工作对于查处职务犯罪有非常重要的意义。“腐败问题是社会问题，各个领域都有可能发生，如果仅仅凭借办案人员去查，范围非常狭窄”。但是，目前的举报工作也面临着不少困难要解决。闫晓东认为，其所在的北京二分院目前遇到的最主要的问题在于“人员的问题”：线索和案件太多，而人员太少。从一个线索查成一个成案，需要投入相当大的人力。这直接影响了侦查工作的顺利进行。闫晓东告诉CBN记者，在来信、来访、网站、电话四种举报方式中，“我们欢迎来访当面举报，其次就是实名举报”，他认为，这样更方便检察机关掌握更清楚的事实和证据，同时可以避免重复举报和多头举报。但是，并非所有举报人都愿意实名。上述上海市检察机关的统计显示，该市检察机关立案侦查的职务犯罪案件中，匿名举报仍占大多数。此前，CBN记者曾采访杭州的一起举报案件，其中举报人遭遇到严重的人身伤害。当时接受记者采访的相关法学专家和法官认为，各界一直希望出台专门的法律法规保护举报人人身安全。而最高检相关负责人在上月的检察举报宣传周期间曾表示，最高检将适时就举报人保护提出立法建议。此外，成案率偏低仍是举报工作的一大难题。湖北省天门市检察院检察长李序军近日在《检察日报》上撰文表示，近年来，经其所在的检察院初查的群众举报线索，成案率约为20%。李序军认为，群众知情途径有限，监督渠道不畅，权利保障不力是造成这一状况的主要原因。李序军认为，将12309电话整合为举报、控告、申诉、投诉“四合一”的受理电话，并与网络受理、信函受理和接访受理有机结合，是解决问题的重要方法之一。赵杰,7,5,0.8820088505744934
数学家吴文俊等十位归侨侨眷当选侨界十杰中新网北京七月十四日电 (记者 王海波 张冬冬) 年届九十的中国科学院数学与系统科学研究院研究员、中国科学院院士、世界著名数学家吴文俊在十四日开幕的“第八次全国归侨侨眷代表大会”上当选“侨界十杰”。同时被中华全国归国华侨联合会、国务院侨务办公室授予“侨界十杰”荣誉称号的还有：神华集团有限公司总经理张玉卓，广东韶关钢铁集团有限公司主任工程师、高级技师罗东元，北京华腾东光科技发展有限公司高级工程师罗益锋，中国科学院海洋研究所研究员郑守仪，吉林大学汽车学院教授郭孔辉，国家体育总局体操中心副主任、国家级教练黄玉斌，海南省农垦总局副局长、南田农场场长彭隆荣，福建省光学技术研究所高级工程师赖爱光，中国航空工业集团公司北京航空材料研究院高级顾问颜鸣皋。此外，二十人被授予“全国侨界十杰”提名奖，九百六十人获全国归侨侨眷先进个人荣誉称号。胡锦涛、吴邦国、温家宝、贾庆林、李长春、习近平、李克强、贺国强、周永康等领导人为“侨界十杰”颁发荣誉证书。(完),7,5,0.9569005966186523
美国两位华裔部长今起首次同时访华原定9月到访的美国商务部长骆家辉和能源部长朱棣文将行程提前了两个月。14日，他们将共同抵达北京，开始为期三天的访华之旅。分析人士认为，两人的联袂造访，既是为美国总统奥巴马下半年的访华计划铺路，也将凸显美国在新能源与气候等问题上的战略思路。据介绍，两位华裔部长同时访问中国，这在中美关系史上尚属首次。双方有望就全球气候变暖、节能减排等问题进行讨论，而美方的工作重点可能放在与中国的清洁能源技术合作方面。合力推广清洁能源技术与财政部长盖特纳不同，此次造访的两位美国政府部长级高官的工作重点将从“卖国债”转向“卖技术”，特别是美国开发并处于领先地位的清洁能源技术。骆家辉6日在访华声明中表示，随着中国遭遇气候变化的挑战，美国的绿色科技企业有望在满足中方治理污染需要的同时，抓住机遇创造就业机会，“这对中美两国来说可谓双赢。”有关方面称，他将主要对中国利用美国可再生能源技术减少温室气体排放等进行宣传。朱棣文此前也表示，清洁能源将驱动未来美国和全球经济发展，创造数百万就业机会，而一起合作能够比单独行动完成更多工作。“推广可再生能源，鼓励提高能效，削减污染，都是双方可以协作的方式，这符合美中两国的利益。”中国能源首席信息官韩晓平表示，智能电网可能会成为此次中美能源高层对话的一个重要议题。智能电网是中美双方都已明确的一个发展方向。据了解，此前国家电网总经理刘振亚造访美国时，提出了在智能电网标准制定上的合作。由于智能电网将是新能源发展的基础，这也将成为中美在新能源领域合作的一个非常迫切的重要内容。此外，天然气勘探开发可能也是双方共同关注的话题。韩晓平认为，新能源的发展需要一个过程，而中国目前最现实的减排方法就是提高天然气在能源中的利用比重，而美国此前一直反对向中国输出天然气方面的有关技术。厦门大学中国能源经济研究中心主任林伯强在接受中国证券报记者采访时表示，所谓“推销技术”的说法是说得通的，毕竟清洁能源应用领域最大的市场在中国。根据“十一五规划”要求，到2010年中国的能源使用效率将在2005年基础上提高20%，而据统计，中国能效每提高一个百分点，将减少3.3亿吨标准煤的能源消耗，这意味着其中蕴藏着巨大的新能源市场。不过林伯强认为，美国应把重点放在向中国提供更多的技术与资金援助方面，而不是单纯的“卖技术”。他指出，发展中国家面临增长过程中的环境和收入等诸多问题，因而在能源消耗方面会有所选择，“发达国家应该反过来为发展中国家这方面的实际需求考虑。”有望签署合作备忘录美国能源部发布的公告称，“寻求中美两国在发展清洁能源方面的共同利益”将成为此次访问的主题。据媒体披露，中美有望在两部长访华期间签署两份合作备忘录，分别与建筑节能合作和清洁能源开发合作有关。“中美双方在节能减排等方面的实质性的政策上，容易形成共识。”林伯强认为，探讨能源领域的合作必然是两位部长访华的主要议题，达成合作意向也比较容易。另据报道，朱棣文和骆家辉14日将与中国政府官员举行会谈，重点讨论中美如何携手减少温室气体排放，并呼吁中美两国在全球变暖问题上展开合作。分析人士认为，作为全球最大的两个温室气体排放国，中美双方就控制气候变化达成进一步共识，将成为今年底哥本哈根全球气候变化大会达成协议的关键。“今天我们与中国的依存关系，将比过去30年的任何时候都更强烈。”骆家辉称，两国的关系至关重要，“虽然在经济、贸易和全球反恐前线的合作已经取得巨大进展，我们还有更多事情要做。”碳关税问题显分歧朱棣文不是第一次来中国，但此前的身份一直是诺贝尔物理学奖得主。作为“科班”出身的能源部长，朱棣文在推动新能源领域发展方面的努力得到了中国方面的认可，但他在征收碳关税问题上的表态却与中国存在较大分歧。所谓碳关税，是指对高耗能的产品进口征收特别的二氧化碳排放关税。朱棣文在就职不久后公开表示，如果其他国家没有实施温室气体强制减排措施，那么美国将征收碳关税，这有助于避免使美国制造业处于不公平的竞争状态。征收“碳关税”的做法将中国推入不利境地。分析人士认为，作为美国最大的贸易伙伴，中国显然将是美国重点“关照”的对象，而碳关税是“以环保的名义，堂而皇之地直接把中国等发展中国家的财富纳入到发达国家的国库中。”中国商务部新闻发言人姚坚4日表示，中方一贯主张与国际社会共同应对气候变化，但部分发达国家提出对进口产品征收碳关税的做法，违反了WTO的基本规则，是“以环境保护为名，行贸易保护之实”，而这“只会扰乱国际贸易秩序，引发贸易战。”“中国对朱棣文提出的征收碳关税的做法很不满意。”林伯强认为，“这个问题应该会提到，并牵涉到中国的对外贸易合作。”他同时表示，在强制性减排方面，中国企业会根据自己的需要做出选择，双方会谈对此影响不会太大。相关阅读：美国华裔商务部长骆家辉宣誓就职(组图)美国能源部长建议全球屋顶漆成白色以节能朱棣文旧金山演讲谈能源挑战 对中美合作表乐观,7,5,0.8873509168624878
住建部：严格执行个人房贷政策稳定房价据新华社电 住房城乡建设部有关负责人15日表示，目前房地产市场稳步回升，今后将着力稳定市场信心和预期，稳定房地产投资，促进房地产市场稳定健康发展。企业资金压力进一步减缓住建部认为，房地产市场总体上保持了3月份以来的回升态势，市场消费信心逐步增强，商品住房成交量稳步回升，投资增幅下滑的趋势有所缓解，企业资金压力进一步减缓，住房价格稳中回升。住建部有关负责人表示，将采取三方面具体措施，促进房地产市场稳定健康发展。增土地供应引导加快投资一是加强监督管理，确保完成今年保障性安居工程工作任务。二是继续稳定房地产投资，加大对中低价位、中小套型普通商品住房建设和新项目的信贷支持力度。三是继续加强房地产市场监测分析，重点加强对北京、上海、深圳、广州、杭州等房地产市场新情况和新问题的分析和指导，督促其加强供需双向调节，增加土地供应、引导开发企业加快投资建设，严格执行个人购房贷款政策，合理调节住房需求，着力稳定房价。上半年房市数据住房成交量全国新建商品住房销售3.15亿平方米，同比增33.4%。北京同比增幅高达142.2%。开发投资全国房地产开发投资14505亿元，同比增9.9%；增幅比一季度提高5.8个百分点。住房价格6月，70个大中城市新建商品房价同比下降0.6%，降幅比上月减少0.7个百分点；月环比上涨0.8%，涨幅比上月提高0.1个百分点。相关新闻上半年房产税收增20.7%本报讯 (记者鲍颖)记者昨日从财政部获悉，在今年上半年全国税收整体下降的情况下，1至6月，房产税收入仍然同比增长20.7%，完成425.62亿元。财政部分析称，房产税收入快速增长的原因，一是城镇房屋保有量持续增加，二是全国房屋租赁的平均价格有所上涨。此外，土地相关税收持续较快增长。1至6月，城镇土地使用税、土地增值税和耕地占用税三个税种实现收入1144.84亿元，分别同比增长17.6%、9.8%和135%。以上三个税种收入增加表明，纳税人占用的土地面积、销售房屋增值收益、占用的耕地面积均有所增加。,7,4,0.5432071685791016
民政部为月球地名征中文译名本报讯 (记者陈荞) 昨天，民政部发布消息称，民政部地名研究所正在对国际天文联合会(IAU)发布的月球地名进行中文译写标准化处理，以消除月球中文地名使用中的混乱，促进我国探月及相关科学事业的发展。民政部介绍，在IAU公布的月球地名录中包括18种月球地理实体类型(featuretype)，即月球通名。在相关出版物和学术期刊上关于月球通名的译法不一，特别是关于“Crater”这一通名的译法更是多种多样。这种状态的存在，必然会影响月球地名的正确使用。根据我国地名管理有关规定及联合国地名标准化大会关于“各国应该用本国的语言和文字系统”处理星球地名的决议，民政部地名研究所决定对IAU发布的月球地名进行中文译写标准化处理，现面向社会广泛征求意见。有关方面单位及专家对月球地名通名的译写形式提出的建议可反馈至电子信箱fanchenfang@sina.com。■附件待确定标准译名的月球地名1.Albedo Feature;2.Catena， catenae;3.Crater，craters;4.Dorsum，dorsa;5.Fossa，fossae;6.Lacus;7.Landingsitename;8.Mare，maria;9.Mons，montes;10.Oceanus;11.Palus， paludes;12.planitia， planitiae;13.Promontorium，promontoria;14.Rima，rimae;15.Rupes， rupēs;16.Satellite Feature;17.Sinus，sinūs;18.Vallis，valles,7,9,0.5072106719017029
美能源部长朱棣文清华演讲 杨振宁夫妇旁听本报讯（记者柳志卿）美国能源部长朱棣文昨天上午在清华大学发表主题为《应对能源与气候变化的挑战：两个国家的故事》的演讲。80分钟，朱棣文几乎一气呵成。他的讲座和科学家的特质相像，严谨、用数据和事实说话。父母均是清华人诺贝尔物理学奖获得者、美国能源部部长、华裔，朱棣文的三重身份吸引了大批清华学子，诺奖得主杨振宁和夫人也到场旁听捧场，能容纳三百人的报告厅座无虚席，过道都站满了慕名前来的同学。11点，朱棣文准时现身，尽管天气炎热，他仍然正装穿扮，白色衬衫、深色西装、深色领带。朱棣文和清华渊源颇深，他的父母均毕业于清华大学。演讲一开始，朱棣文提起了这段往事，“我的父母早年是在清华毕业的，今天我能在这里演讲，感到骄傲和自豪。”简练地说完后，他便进入了演讲的正题。建议中美加强合作能源危机、气候变暖、海平面上升、建筑节能设计、能源作物的种植，这位科学家部长的演讲带着浓浓的科学气息。演讲中，朱棣文的表情并不多，所展示的幻灯片大都是数据图表，科学家用数据和事实说话的特性展露无遗。他的演讲还提到了不少节能减排的新技术和新观点，例如他提到把屋顶都漆成白色，可以有效地反射太阳辐射热量，降低温室效应。他建议中美在节能减排上加强技术合作，共同应对气候变化。最后，朱棣文引用了美国民权运动领袖马丁·路德·金的一句名言强调应对气候变化的紧迫性：“我们现在面对着这样的事实——明天就是今天。当今形势异常紧迫，人类的历史长河中反复上演着这样一个悲剧，这就是太迟了。”中文不好全程英文虽然祖籍江苏太仓，父母毕业清华，但是朱棣文的中文并不好，他在学术场合和官方场合都用英文演讲。昨天也不例外，80分钟演讲，全程英文。最后，因为时间缘故，答问时间取消，让不少准备提问的同学十分失望。清华大学建筑系大三学生小毛说，朱的演讲感觉有点更像科学讲座，引用大量的数据和图表，论据观点都十分严谨，逻辑清晰，而趣味性相对差一些。朱棣文与另一位华裔美国商务部长骆家辉前天下午5点同机抵达北京，开始他们为期三天的访华之旅。两位华裔部长联袂访华，在中美关系史上尚属首次。,7,9,0.8724544644355774
最高法：严格审查退房案件本报讯 (记者李静睿)最高人民法院昨日发布《关于当前形势下进一步做好房地产纠纷案件审判工作的指导意见》，妥善审理房地产连锁纠纷案件成为《意见》的指导重点。根据《意见》，法院在审理因房地产企业资金困难引发的连锁纠纷案件中，力争通过案件审判盘活现有的存量资金，实现当事人双赢、多赢的结果。调解不成的，根据当事人的偿付能力和对方的资金需求，确定还款期限、还款方式，最大限度避免连锁案件引发群体事件。对于房地产开发商确因资金暂时困难未按时交付房屋的，要多做双方当事人的调解工作，确无调解可能的案件，可以根据案件的具体情况，依法合理调整违约金数额，公平解决违约责任问题；对于买受人请求解除商品房合同纠纷案件，要严格依法审查，对不符合解除条件的不能解除。要引导当事人理性面对市场经营风险，共同维护诚信的市场交易秩序。■ 背景房产纠纷案同比增一成最高院民一庭表示，房地产纠纷案成为国际金融危机影响下增幅最快的案件类型之一。今年1－6月份，全国法院受理房地产民事案件67294件，同比上升10.58%。出现退地潮、停建潮、断供潮、退房潮。民一庭分析称，房地产案件在数量大幅增加的同时，疑难复杂类型案件显著增多。此外，由于此前商品房价格严重下跌，买受人请求解除商品房买卖合同纠纷案件大幅上升。本报记者 李静睿相关阅读：,7,4,0.8541468977928162
"住建部上海楼房倒塌具有极端个别性2009年7月23日(星期四)15时，住房城乡建设部工程质量安全监管司司长陈重和副司长吴慧娟接受中国政府网专访，就“切实做好检查工作 确保在建住宅工程质量”与网友在线交流。[网友 云天]上海""莲花河畔景苑""住宅楼房倒塌事故不禁让人担心老百姓将住进怎样质量的房屋，我想知道全国住宅工程质量到底怎样？ [陈重]质量就是我们的产品或者工作的优劣程度。比如建筑质量、工程质量、教学质量。优劣是相对来讲的，我想从几个方面来讲，因为大家关心我们的工程质量到底是个什么状况。首先，法规标准这么多年来不断健全。2000年我们建设工程质量管理条例、建设工程勘察设计管理条例出台。包括标准，从本世纪初形成了比较健全的标准体系，工程建设标准数以千计，国家标准、行业标准都有了。其次，大家可能也能亲身感受到，质量是产品、工作的优劣程度，优劣是相对的概念。比如说建筑材料的水平、施工技术的水平，我们可以用30年比较看看，比如说住宅，现代化的住宅小区，我们现在强调的是安全、经济、适用。总体发展趋势可以看到。同时还有一个量的概念，我有一个简单的数据，据有关资料统计，2008年全社会固定资产投资17.2万亿元，比上年增长了25.5%。全国城镇在施工地达到了35万个以上，在建的城镇房屋建筑面积47.4亿平方米。其中，有26.2亿平方米是住宅，因为房屋还有办公楼、商厦、体育建筑等。所以从量上来说，现在整个质量一直在不断提高，日趋规范，稳中有升。[主持人]还是上海这件事情出来之后，会有网友发出这样的感慨，但实际上这也是一个个案，它不能代表全国所有的住宅质量。[陈重]这个事情发生以后，我们很关注，首先关注的是抢险和采取措施。倒塌的是7号楼，4.6米深的基坑旁边还有6号楼及其他建好的楼房，它不是孤立的，所以首先是抢险。对于倒塌的判断，确实是建国以来还没有过这样的情况。应该说这是极端个别性。上海市政府公布，经过监测，6号楼稳定，在建的其余10栋楼安全状况稳定。也说明这个事是个很突然的事件。",7,4,0.8878081440925598
郭台铭被曝利用亡妻逃税499亿新台币台湾首富郭台铭的鸿海集团股价日前重挫，盘中还跌破5日均线，原来是台湾近日盛传鸿海董事长郭台铭遭到美国国税局追讨高额逃税税金约499亿新台币，一旦如此，郭台铭可能会面临破产。不过，鸿海日前发布讯息澄清并强调一切都不是事实。前周刊记者爆郭在美逃税“郭台铭遭美国国税局调查，逃税金额还是史上最高”！壹周刊前记者臧家宜在博客上大爆惊人内幕，称郭台铭遭到民众检举逃税，被美国国税局追讨的税金总金额达39亿美金，以税率40%计算，补税金额为499.2亿新台币。如果美方认定是恶意逃税，将有可能罚3倍款项，总资产800亿的郭台铭面临破产命运。消息传出后，鸿海总公司前日傍晚也赶紧发布讯息驳斥，强调博客以及讨论区的言论是特定人士自导自演，纯属一派胡言，却没有提到要采取法律行动。臧家宜在博客中提到，鸿海美国子公司早在2003年，就曾经遭到美国国税局派遣军队，荷枪实弹搜索查税。检举人提到，郭台铭亡妻林淑如没有申报死亡，在她死亡之后，数据显示还有大量经济活动进行，因为美国国税局不晓得林淑如的英文名字。假如郭台铭真的逃漏税，金额将是台湾地区史上最高。讯息源自美国律师？面对一切指控，鸿海矢口否认。臧家宜昨日召开记者会发表声明，强调所有讯息都是来自美国的律师Paul D.Scott，他是美国专精税法的执业律师，目前在加州执业。臧家宜请鸿海3天内开记者会说明，并且向她道歉，否则将提告。臧家宜表示，她绝无影响股市的心意。另外她也表明，已经掌握林淑如社会安全码，证明该事确凿。而对于不法的事实，她也已向北检提告，鸿海方面则尚未有响应。双方各说各话，事情真相究竟如何，还有待观察。,7,4,0.2820817828178406
银监会重申二套房贷执行四成以上首付比例本报北京7月23日电 (记者欧阳洁) 银监会新闻发言人廖岷今天表示，银监会始终严格执行二套房贷的有关政策不动摇，坚决打击“假按揭、假首付、假房价”等行为。对二套房贷款业务中的各种违规问题，一经发现，将及时予以严肃处理。对购买首套普通自住房和人均住房面积低于当地水平，再申请贷款购买第二套用于改善居住条件的普通自住房的居民优惠政策不变，但绝不可延伸适用。对二套房贷款，银监会始终要求商业银行坚持执行40%及以上的首付比例，这一政策从未进行调整。,7,1,0.800582766532898
190名台湾考生参加厦门大学对台单招考试新华网厦门7月25日电 (记者余瑛瑞) 25日至26日，190名顺利拿到厦门大学对台单招准考证的台湾考生，开始参加厦门大学单独组织的入学考试。在此之前，他们经过了报名信息确认和现场资格审查。厦门大学今年对台单招计划为134名，专业由去年的3个增加至21个，涵盖了人文社科、经管法和理工医等学科，这些专业厦大的优势学科，深受台湾考生欢迎。报名时，每位考生可以填报4个专业志愿。对台单招是指考生不必参加港澳台侨联合考试，由厦门大学直接面向台湾考生，单独组织报名、入学考试和录取招收本科生。厦门大学是目前大陆唯一一所对台单招的教育部直属重点综合大学，目前在校台生约有340人。厦门大学招生办主任詹心丽说，统计数据显示，今年是厦门大学历年来对台单招考生报名人数最多的一次。随着两岸关系的缓和，各方面交流进一步加强，越来越多台胞看好并认可大陆的高等教育。据了解，台籍学生入学后，将与大陆学生统一管理，学费与大陆学生等同。,7,5,0.551750659942627
部分城市楼价暴涨引高层关注 中央部署调研自6月份部分城市出现地王和房价暴涨，引起中央政府高度关注。中央高层领导就此要求相关部门监控好数据，着手调查这些问题。但就国务院召开的两次会议情况来看，各方就房地产问题争论激烈。目前，中央政府仍在研究阶段，维持回暖的全局政策尚未改变。但相关材料已转发各省，引起各地方政府的重视。7月9日、21日，国务院两次就房地产问题召开座谈会，以了解情况。7月9日，高层领导对6月以来出现的地王和房价提出疑问，同时也关心房地产投资、开竣工面积等先行指标情况。21日，国务院再次召开房地产形势座谈会。据内部人士透露，在座谈会上，各方意见分歧很大，难以统一。其中观点大致分为三种。部分学界人士认为应当立即进行调控，控制房价上涨。企业界人士认为，应当继续维持宽松的信贷环境，防止房地产投资再度下滑。房地产协会组织则持谨慎意见，认为，目前的问题是局部问题应当引起重视，但不应做全局性调整。由于各方意见分歧明显，目前全局性政策调整尚未开始。但各方统计的数据均显示，部分城市供需关系出现变化，房价有可能进一步上升。目前，相关会议材料已转发各省。7月9日会议之后，北京等城市已经开始采取措施。两份半官方机构的报告均将基本方向定调为“维持回暖态势，防止涨价蔓延”。(记者 姜洪桥)(来源：经济观察报)相关阅读：研究机构称上半年全国楼市恢复到两年前水平上海楼市成交量连续四个月快速上涨,7,4,0.9884152412414551
文化部叫停黑帮主题网络游戏“七月策划：国外六大黑帮类网页游戏人气推荐”。某个游戏网站7月21日挂出的这个黑色的标题，已经吸引了众多网友的浏览和跟帖。记者点击查阅发现，排在第五位的游戏《街头犯罪》的介绍相当“震撼”：“这是一款令人既兴奋而又特别容易上瘾的强盗类大型多人角色扮演的游戏。权力、金钱、赌场、暴力和贪婪在网民的游戏之旅中，起着重要作用。在赌场里赌博、为妓女拉皮条、贩毒，在游戏中都有体现。”在现实生活中，上述这些行为全都是犯罪行为。可是，在网络游戏这个虚拟世界中，这些行为却公然蔓延、横行。在所谓释放压力的背后，其实隐藏着很多危害。规范和治理这些网络“黑帮”游戏刻不容缓。“黑帮”游戏盛行危害不小风靡网络的一家社交网站，被指有“黑帮”游戏。由于记者不是这一网站的用户，无法登录核实，所以就致电该网站的一位用户查询。他介绍，网站中“教父”游戏的人物长相酷似马龙·白兰度，操作方式是扮大亨、杀手，与“土耳其老大”决斗等等。这种游戏火爆起来还是在近段时间。“不知道怎么就火了。大家口口相传，各大网站也相继推出类似游戏。跟‘种菜’、‘偷菜’之类的小儿科游戏比起来，‘黑帮’游戏显然惊险刺激多了，也更具真实感。”这位用户说。前段时间，某网站首页上为最新的游戏“江湖”进行高调推广。打开这个网页，关于“江湖”的游戏框就会蹦出来，告诉你这里可以“黑市买卖，家族火并，让男人做你的小弟，女人成为你的妞！”一位业内人士告诉记者，用黑帮游戏吸引用户的点子并非本土社交网站原创，国外早已有专门为社交网站打造的黑帮主题休闲视频游戏。他认为：“黑帮游戏很容易造成玩家沉迷。容易使人沉迷是社交网站最受诟病的地方，黑帮游戏的出现必将加重这一弊病。”文化部市场司综合执法办公室的一位工作人员今天向记者介绍，他们通过仔细调查发现，目前盛行在网络中的“黑帮”主题游戏，主要是以“黑帮”、“黑社会”、“黑手党”、“江湖”、“教父”、“古惑仔”等为题材，突出表现“黑社会”打、杀、抢、奸、骗等反社会行为，渲染血腥暴力，鼓动、教唆游戏用户在游戏中扮演“黑社会”成员，赞美“黑社会”生活，严重威胁、扭曲社会的法制和道德规范。时评专栏作者乔志峰指出，所谓的黑帮游戏，属于名副其实的“暴力文化”，很容易诱发暴力犯罪。社交网站的玩家尽管多为成年人，但基本上都属于年轻人，黑帮游戏不仅对现实生活中那些有暴力倾向的“危险者”起到了一定的引导和催化作用，甚至还会在潜移默化中把好人带坏———在网络上，道德约束是极其微弱的，暴力游戏会不断麻木玩家的神经，令他们对血腥暴力习以为常。长此以往，网络暴力就有转化成现实暴力的危险。他认为，以前暴力文化的传播渠道主要是书刊和影视节目，近年来随着网络的发展，网络和网络游戏渐成贩卖暴力文化的主渠道，腐蚀、毒害着广大青少年的心灵，令人深感痛心和忧虑。一位家长告诉记者，她上初中的孩子目前玩的网络游戏里都是抢车、抢地盘、偷东西、买卖人口等内容，打打杀杀的，个别画面和情节很低俗。孩子说这是最近流行的黑帮游戏，可以让玩家体验江湖拼杀，感受黑帮大哥的威风。作为家长她很担心，这种宣扬黑社会的暴力主题游戏，可能会对未成年人造成错误的引导。她认为，十几岁的孩子还没有成熟的判断能力，在公开的网络平台上肆意渲染所谓的“黑社会”，让孩子在当“黑社会成员”的过程中体验快乐，甚至将这当作一种英雄主义，对他们是潜在的精神危害，更可能会是一种犯罪的引导。记者注意到，一些中学生向小学生收取“保护费”的报道时常见诸报端。据调查，其中原因之一就是“从网络游戏学来的”。文化部已经下令立即查处记者今天从文化部市场司相关负责人处获悉，文化部办公厅关于立即查处“黑帮”主题非法网络游戏的通知今天已正式下发。该负责人说，这类游戏违反了《互联网文化管理暂行规定》关于禁止载有“宣扬淫秽、赌博、暴力或教唆犯罪的”、“危害社会公德或者民族优秀文化传统的”内容等有关规定，极易对青少年造成不良影响，必须依法禁止和查处。他介绍，通知要求，互联网文化单位要迅速进行自查自纠。同时文化部要求各级文化部门和文化执法机构，要深入贯彻整治互联网低俗之风专项行动和文化市场集中整治行动的工作部署，切实加强互联网文化活动的监管，对继续运营、宣传以“黑帮”为主题的非法网络游戏的单位，依法从重处罚。应完善法律实现游戏分级政府部门的查处固然是对“黑帮”游戏盛行的一种有效遏制，但是从长远来看，法律规范更为有效。目前，我国只有《互联网文化管理暂行规定》中对网络游戏有所涉及。人民网网友姜伯静指出，目前为止，我国尚未出现一部成型的针对网络游戏方面的法律，这固然有网络世界变幻莫测不易规范的因素，但更能看出我国法律应对网络游戏世界手段的滞后。“虽然我们对网游虚拟财产、网络分级、网游成瘾这些较复杂的问题还缺乏必要的认识，但类似于‘教唆犯’的‘黑帮游戏’的危害已经非常明显了。”他说，限于条件，可能目前单独立法比较困难，但可以完善出版管理条例第二十七条的内容，让这条主要针对未成年人的法规发挥最大的作用。“该条文对出版物的界定指的是纸质出版物，但是如果把‘以未成年人为对象的出版物’这条改为‘以未成年人为对象或者对象中包括未成年人的纸质出版物、电子出版物、网络游戏’的话，那它就能最大限度地发挥对网络游戏的作用了。”一位专家建议，应该实现网络游戏分级制度。他对记者说，网络作为一种新生媒介吸引了青少年群体，而且这种吸引还在逐年递增，并从城市蔓延到乡村。因此，不仅要继续呼吁实行电影分级制，更应该对网络游戏也采取分级管理的办法。如果某些游戏有可能对未成年人产生危害，那就用客观的游戏分级标准来操作，带有宣扬暴力、色情色彩的游戏对未成年人的影响自然会相应降低。（本报记者 席锋宇）,7,8,0.9991301894187927
国有演出院团年底前将转企改制本报讯 (记者王荟) 中宣部、文化部日前下发《关于深化国有文艺演出院团体制改革的若干意见》(简称《意见》)，要求除新疆、西藏外，各省、自治区、直辖市年底前都要至少完成一家院团整体转制。《意见》提出，鼓励转制院团与演出中介机构、演出场所等组建综合性演艺集团公司。支持民营企业参与国有文艺演出院团转企改制和股份制改造，打造跨所有制、跨业态的大型演艺企业。对演出剧(曲)种被列入国家级非物质文化遗产名录，且市场化程度较低的地方重点国有院团，《意见》要求，可以与相关的公益性文化单位合并，原有财政资金用于扶持剧(曲)种传承和公益性展演活动。王琳：期待司法改制终结铁路司法主场蔡晓辉：国企改制普通职工什么时候明过真相,7,2,0.5467876195907593
北京公租房暂不对非京籍人士开放本报讯 下周一起，取得廉租房、经适房、两限房资格的家庭无须再次申请，经过登记即可进入公共租赁住房(以下简称公租房)轮候范围。昨天，《北京市公共租赁住房管理办法(试行)》正式发布，自8月1日起实施，首先解决已取得政策性住房资格但暂时无力购房者的住房困难和过渡住房需求。非京籍住房困难者暂不能享受这一优惠政策。    公租房租金低于市场价公租房是指政府提供政策支持，限定户型面积、供应对象和租金水平，面向本市中低收入住房困难家庭等群体出租的住房。公租房将按照保本微利的原则并结合承租家庭负担能力和同类地段类似房屋市场租金一定比例下浮确定租金。公租房的维修、养护、管理由产权单位负责，产权单位也可以委托专业服务企业管理。“政府支持、市场运作、公平公开、严格管理是公租房的基本原则。”市住房和城乡建设委员会委员徐志军表示。今年购建50万平方米公租房由市区县政府所属机构或政府批准的机构通过新建、收购等方式多渠道筹集。按照本市住房建设计划，今年将收购建设50万平方米的公租房，主要位于大型公交枢纽等交通便利区域，以一、二居小户型为主。公租房建设用地实行有偿使用，其中对于政府所属机构或政府批准的机构建设的，用地可采取租赁方式，按年缴纳土地租金。“第一批公租房中不仅有新建的还有配建的，以及政府回购的公租房，市民不用等待太久就可以住进公租房。”徐志军说。受益群体获得政策房资格可登记轮候公租房主要针对本市中低收入住房困难家庭，包括已通过廉租房、经适房和两限房资格审核尚在轮候的家庭及其他住房困难家庭。据悉，截至6月底，本市廉租房受理居民申请2.6万户，经适房5.6万户，两限房5.2万户；通过审核备案的，廉租房2万户，经适房4.6万户，两限房4.2万户。已通过资格审核正在轮候的家庭，可直接到户籍所在地街道办事处或乡镇政府申请轮候公租房。公租房实行公开配租制度。符合廉租房、经适房、两限房申请条件及家庭中有60岁(含)以上老人、患大病人员、残疾人员、复转军人、优抚对象或重点工程拆迁的优先配租。符合配租条件的家庭只能承租一套公租房，不能同时享受廉租房、经适房或两限房等政策性住房。市住保办政策计划处处长崔少飞解释，取得了“三房”审核资格，实际上就具备了公共租赁房的租赁资格。非京籍夹心层暂不享公租房此前有消息称公租房将首次面向部分住房困难的非京籍人士，但此次公布的政策并未将这部分人纳入其中，供应对象仍限定为京籍。“其实公租房并没有新的准入标准，而是与政策性住房共用一个标准，这部分人需求强烈，审核基础完善，政策在试行阶段主要是解决这些人的住房困难。随后，根据试行情况完善细则和办法，逐步将其他住房困难人群纳入进来。”崔少飞表示。随着廉租房、经适房、两限房政策的实施，本市大多数中低收入家庭住房困难得到了解决，但仍有部分中低收入家庭既不符合廉租房条件，又无力购买经适房或两限房，政策的第一步就是解决这些人的住房困难。退出机制租满5年条件复核后可续租公租房租赁期限最长5年，合同期满承租家庭应当退房。需续租的，应在合同期满前3个月内提出申请，由产权单位会同相关单位复核，符合条件的续签租赁合同。承租家庭不符合承租条件但暂时不能腾退房屋的，租赁合同期满后给予两个月过渡期，过渡期内按市场价收取租金。过渡期届满后承租家庭仍不退房的，按房屋产权单位规定的标准收取租金，具体在租赁合同中约定。“这就是用经济的手段实现退出机制，过渡期内及之后仍不退出的按照市场价收取租金，也就没有了公共租赁的意义，以此保障真正住房困难者可以获得房源。”住建委委员徐志军说。租赁公租房仍可轮候政策房公租房实行动态管理，将承租住房转借、转租的，擅自改变承租住房居住用途的，连续6个月以上未在承租住房内居住的，连续3个月以上未按期交租金的以及其他违反合同行为，产权单位可与承租家庭解约收房。承租家庭如获得其他形式政策性住房的也需退出公租房。徐志军解释，承租公租房仍可轮候经适房或两限房，一旦获得房源就要退出公租房。骗租5年内不得申请政策房申请者不如实申报，骗租公租房，由产权单位解除租赁合同，承租家庭应退房并补交租金。过渡期满后拒不退房的行为要记入个人诚信档案，5年内不能申请政策性住房。产权单位在租赁合同存续期间不按规定的租金标准收缴租金或擅自向不符合条件的家庭出租公租房的，要限期整改，退回、补足租金或收回住房。  各方反应市场不会严重冲击租房市场链家地产有关负责人表示，此次出台的公租房政策对二手房和租房市场的冲击不会太明显。“首先是量还不是很大，50万平方米的供应即使按照50平方米一套来算也不过1万套，但每年租房市场的需求量在100万套左右，因此实际的冲击比较小。”该负责人表示，公租房的供应群体也有特殊性，从这两个角度看直接的冲击都不会太大。该负责人表示，目前的租房群体中外地人占大多数，这次政策没有纳入非京籍人口可能也与此有关。“我想直接的冲击不大，要是有影响也是对市场心理预期会有一定的冲击。”该负责人表示，公租房政策刚刚出台，地产公司还处在研究阶段，具体市场销售方向有没有调整或对策还要进一步分析。市民住公租房省钱心里踏实租住在朝阳区南磨房的李先生已获得两限房申购资格。“我大学毕业后落户北京，一直没房，现在每月花1000多元租房，等待两限房快一年了。现在房源有限，什么时候能住上急不来。要是能住公租房，我一定申请。”李先生说，买房要用钱，租房能省就省。“我在北京租了8年的房子，搬家已经不计其数了。刚租个便宜房子，住一年人家就不续约了，中介说房子一直涨价，租别人还能涨钱，房东不愿续约。公共租赁住房住着踏实，价格也会公道些。”李先生说。对于此次公布的公租房政策，租住在西三旗地区的王先生很失望，他已经在京工作6年了。“原来以为我们外地人也能住公租房，没想到还是不行。”开发商对公租房产权谨慎对待一家不愿透露名称的开发商表示，是否持有公租房的产权要非常谨慎，“房产开发毕竟是商业行为，一定是要赢利的，运营公租房要看税收优惠有多少，地价怎么样，谁负责承租，多少钱租，如果没有人租怎么办，成本是多少。我想开发商是会非常谨慎的。”链接·其他政策房两限房：针对本市中等收入住房困难的城镇居民家庭、征地拆迁过程中涉及的农民家庭及市政府规定的其他家庭。申请人须具有本市户口；城八区申请家庭人均住房面积不超15平方米，家庭年收入不超11.6万元，家庭总资产不超76万元。经适房：政府限定住房面积以及销售价格等，面向低收入住房困难家庭出售。申请人须取得本市城镇户籍时间满3年，申请家庭人均住房面积不超10平方米，家庭年收入不超过6万元，家庭资产不超48万元。廉租房：政府以租金补贴或实物配租的方式，向符合城镇居民最低生活保障标准且住房困难的家庭提供住房。申请人必须具有本市城镇户籍；申请家庭人均住房面积不超7.5平方米，家庭资产不超过40万元。对话申请公租房也需要公示记者：为什么租赁期限为5年？崔少飞：公租房是个过渡性的住房选择，部分家庭需要一定的时间积累资金后购买政策性住房，举个例子，一个家庭一年可以积累2万元的存款，那5年后就可以积累到10万元，基本具备购买政策性住房的条件。记者：如何杜绝一些别有用心的人打公租房的主意，如何管得住公租房转租？崔少飞：公租房坚持市场化管理，产权单位要承担管理监督责任，主要还是通过租赁合同来实现监管，这就成为一种民事行为，通过合同形式确定责权利。记者：公租房的产权到底由谁持有？开发商有没有资格持有？崔少飞：原则上要坚持政府主导，它可以是政府回购，可以是政府所属机构持有，或政府批准机构持有，房屋建筑单位如果有意经营公租房也可以向政府提出申请，经过审核批准后也可以成为公租房产权的持有者。记者：公租房的户型有没有具体规定，有没有上限？崔少飞：目前考虑是90平方米以下，但具体会根据需求灵活掌握。比如租住廉租房的家庭可能就会需求小面积的公租房，但等待轮候两限房的家庭可能就会需要稍微大一点的住房，因此没有严格规定一居或两居的面积。记者：公租房要不要公示？崔少飞：应该进行公示，方式也应该和政策性住房相同。记者：市政府提出解决住房困难要采取租售并举的手段，今后如何体现？崔少飞：此前，已陆续推出两限房、经适房和廉租房，但在整个住房保障体系中租房的比例还比较小，今后要逐步加大租赁住房的比例，使住房困难群众都能有房住。部分公租房项目北苑南区项目建筑面积：3万平方米目前市场租金行情：一居、两居在1800元到2500元。西二旗地块建筑面积：5万平方米目前市场租金行情：一居、两居在1900元到3000元。本版采写本报记者郭爱娣> 相关阅读：北京50万平米公共租赁房年内建成广东今年试水公共租赁住房 舆论忧心权力寻租,7,4,0.9829544425010681
发改委称将抓紧改进房价监管本报综合报道 近来，楼市持续升温，房价不断走高，楼价走向成为民众关注的话题。对此，国家发展改革委副主任彭森昨日在中国价格论坛上表示，当前，要抓紧改进房地产价格和收费监管。彭森认为，中国价格运行总体态势好于预期，未来价格走势有望进一步好转。但同时也要看到，当前经济国际国内不稳定不确定的因素仍然较多。流动性供应充裕，价格总水平上涨压力逐渐显现。彭森表示，要推进民生价格监管方式改革，继续加大清费治乱减负工作力度，完善粮食、生猪等主要农产品价格形成机制和调控体系。进一步加强和改进垄断行业价格监管，促进形成合理的收入分配机制。抓紧推进医疗价格改革，改进房地产价格和收费监管。,7,4,0.8929530382156372
C3杯Cosplay精英赛获奖名单公布10月25日，由“第二届中国国际版权博览会”组委会主办，ChinaJoy组委会联合ChinaJoy Cosplay独家社区合作媒体——C3时尚动漫网.Cosplay首席社区联合承办，C3特别策划并冠名的中国国际版权博览会Cosplay大赛暨C3杯Cosplay北京精英赛于第二届中国国际版权博览会主舞台正式开展，全部13只社团已经进过激烈预赛并且有了充足的准备，扣人心弦的“王者之战”在长达6个小时的角逐后终于落下帷幕并角逐出最终2009年C3杯北京精英赛的“王者归属”！以下公布获奖名单和分数：墨央组：《凡尔赛玫瑰》 舞台剧  总分93.8分D剧团：《加勒比海盗--亡之宝藏》 音乐舞蹈剧 总分92.4分破立养老院：《银魂》  舞台剧  总分91.5分粉红色猴子天堂：《RO仙境传说》 舞台剧 总分89.9分失落帝国：《这才是APH》 舞台剧情走秀  总分88.6分?天长安联盟：《燕歌长安 千年幻夜》 走秀舞台剧 总分86.8分祝贺六支获奖团队并由衷感谢10月25日全部13只社团带来的精彩演出，C3时尚动漫网首次协办Cosplay大赛便有如此热闹的场面和精彩的节目献给各位现场观众和网友，必须归功于参赛的社团们所给予的大力支持。同时C3时尚动漫网预祝明年北京的各个社团在全国大赛上取得优异的成绩。有关C3杯更多现场精彩组图和视频将在近日内陆续发布，敬请关注官方专区：点击进入C3时尚动漫网？Cosplay首席社区：http://www.c3online.com.cn,8,6,0.620657742023468
袁咏琳携手《江湖行》众美眉梦想起航作为中国流行天王的周董，每次的出入总是能吸引大批的眼球。而袁咏琳MM就是在做了周董的师妹后与周董拍了MTV而一举成名。别看她笑容灿烂，一副邻家女孩的形象，除了可爱之外，飒爽的性格也是她的致命武器呢，让人不经联想到了侠气。袁咏琳不算是那种极致的漂亮，却是很有特色的漂亮，在她身上人们可以感受到邻家却不失大方、传统却又略带都市的感觉。袁咏琳的起步也并不是很平坦，别看她现在和周董走得近，曾经的她被周董否定过两次作品呢。但执着和努力的她还是继续回去修改直到周董满意，而当她和周董同台演演出的时候，在一曲结束后，周董微笑的夸她琴拉得好。在《江湖行》的玩家中就有不少袁咏琳的FANS了呢，她们喜欢这个既有侠气又有韵味的女人。想想和《江湖行》海报中的女人还有几分神似呢，假如她扮起女侠客的话。作为一款网页游戏，《江湖行》以其少有的执着让业内外的人士刮目相看，费时三年，耗资千万，在外界对于网页游戏炒得非常狂热的时候，两窗紧闭一心造车。同袁咏MM一样，辛苦是有回报的，就好比周董夸赞的眼角，玩家们给予了极高的评价和赞许。而《江湖行》的形象也如袁咏琳MM一样，给人以一种可亲却又不失高贵，热情却又不乏宁静的感觉。在《江湖行》中也有着许多如袁咏琳这样的MM，她们可爱，善良，活泼，讨人喜欢。她们有自己的快乐，有自己的梦想，有自己关心和关心自己的人，她们因为偶然的缘分而齐聚在《江湖行》。在祝福袁咏琳将来事业更上一层楼的同时，我们也同样希望《江湖行》的MM也可以如同袁咏琳一样，长出梦想的翅膀！《江湖行》官方网站：http://jhx.game2.cn/哥们网游平台——好游戏，找哥们！http://www.game2.cn/,8,2,0.6461231112480164
时尚女性新“读本”《都市女性世界》俗话说的好：“女人能顶半边天”。现在越来越多的女人们逐步成为各个行业的中坚力量，五彩斑斓的女性世界也为这个城市增添了靓丽的风景和活力。近日，由北京捷通华声自主研发的手机应用生活软件《都市女性世界》已成功登录中国 移动百宝箱平台，涵盖了美容、美体、服饰、情感、星座等方面的热门资讯，将成为都市女性中娱乐休闲的指向标。 进入《都市女性世界》主界面，软件界面设计动感时尚，各功能选项灵动传神，女性味十足的时尚潮流气息扑面而来，包括了美容、美体、服饰、八卦星座等等内容等的信息类资讯，让你目不暇接。翻看每帧内容，都是资深编辑们精心更新的内容，让你每天都能感受到时尚前端带来的清新之风。“怎样的面膜最好用”“条纹衫怎么搭配出完美体形”“五种食物让你轻松吃出小脸”。。。从此一切问题都不再是问题，潮流动向尽在你的掌握中！ 在八卦、星座选项里，娱乐圈发生的大事小情等休闲类资讯通通都可以在这里及时看到，其中星座运势是都市年轻人最热衷的兴趣点。《都市女性世界》将为您提供十二星座的每日星运，狮子座今日的运势咋样？看一看就让你做到心中有数！对星座感兴趣的友友们一定不要错过哦！ 最后，小编在这里还要讲讲《都市女性世界》中的情感栏目，男人女人在不同年龄阶段，多多少少都会被情感所困扰，这个永不过时的话题对人们来说真是相当重要的哦~在“情感”栏目中，不仅有感人的情感故事与你一起分享，还有很多社交小窍门，无论是故事还是交友秘籍也许都会为深处感情漩涡的你指点迷津呢！ 《都市女性世界》联合知名时尚网站，为都市女性提供全面的生活资讯，内容实时更新，随时打开手机就能接收图文并茂的信息，它会让你变得更加自信而富有朝气！现在就来加入队伍，你也成为时尚先知者！资费：5元/次下载路径：移动梦网——软件——生活——都市女性世界适配机型：MOTO E2、MOTO E6、MOTO E62、MOTO E680、MOTO E398、MOTO L6、MOTO L7、MOTO V8、MOTO V600、MOTO K1诺基亚 N5500、诺基亚 N73、诺基亚 N7370、诺基亚 N6101、诺基亚 N6230i、诺基亚 QD、诺基亚 N7610、诺基亚 N7260索爱 K300、索爱 K506、索爱 K700、索爱 K790C、索爱 S700、索爱 W958c三星D508、三星D608、三星E258NEC NK,8,6,0.9423098564147949
央视《蜗居》评论与《女儿国OL》真理最近《蜗居》很火，弄了点东西大家看看，有看过这电视的进来看看，看过后一笑了之。男人若真爱一个女人，别净玩儿虚的，你爱这个女人，第一个要给的，既不是你的心，也不是你的身体，一是拍上一摞票子，让女人不必担心未来；二是奉上一幢房子，至少在拥有不了男人的时候，心失落了，身体还有着落。【玩女儿国，找到了合适的人，不能只带她练级，而是直接送一套18洞装备，就算你不在线了，她自己也能玩的很畅快。】如果时光可以倒流，我会带着你们过另一种生活，不要太多的钱，每天去菜场斤斤计较，为发论文、评职称而与人争得面红耳赤，也为女儿考不上好学校而心焦。也许，这样，才是一种幸福的生活，而我以前并没有意识到。--主人公宋思明语录【女儿国练到了百来级，才发现最好的生活就是在游戏里整天聊天，笑看新人小号忙碌练级。管他谁要PK，老子一概拒绝。】关系这个东西啊，你就得常动。越动呢就越牵扯不清，越牵扯不清你就烂在锅里。要总是能分得清你我他，生分了。每一次，你都得花时间去摆平，要的就是经常欠。欠多了也就不愁了，他替你办一件是办，办十件还是办啊。等办到最后，他一见到你头就疼，那你就赢了，要风得风，要雨得雨。 by宋思明【女儿国啊，就要常PK，揍一个是揍，揍十个也是揍，揍的人多了，也就成了老大了。】通往精神的路很多，物质是其中的一种。【游戏练牛逼的方法很多，花钱是任何游戏都最快的一种】。早知道今天还是要放下身段 不如当初就乖乖摆好哈巴狗的姿态 by海藻【早知道砍不过你，不如当初就乖乖的入你的帮派好了。】一个人可以背金钱的债，却不能背感情的债。背金钱的债你有还清的希望，而背了感情的的债也许到死都会愧疚。【在女儿国PK杀人，不是真的杀人。但谈了感情，那就是真实的感情。】什么是幸福？幸福就是筷头上的肉丝。【什么是幸福？最大的幸福就是有空玩手游，不用担心薪水、健康、家庭等。什么是悲剧？悲剧就是不管玩什么手游，做什么事，都觉得没劲了。】,8,2,0.7406877279281616
英狙击手靠iPhone软件击杀塔利班据国外媒体今日报道，英国驻阿富汗士兵目前正使用一款售价19英镑(约合30美元)的iPhone应用BulletFlight击杀塔利班武装分子。这款应用可以帮助狙击手对风速、子弹重力、乃至地球旋转等各种细微因素对子弹轨道造成的偏差进行精密测算，从而准确地击中千米之外的塔利班敌人；BulletFlight甚至还可以预测出子弹可能对敌人造成的伤害程度。英军狙击手目前纷纷将这款应用下载到他们的iPhone中，并广泛运用于实战。驻阿富汗盟军部队还使用了微软Xbox 360游戏机操控军用机器人车辆。盟军还使用PS3游戏机的芯片研发廉价超级电脑，以开发新的军用雷达。BAE公司、劳斯莱斯、空中客车以及威廉姆斯F1车队等公司的英国专家正在联合开发一个项目，使用电脑游戏测试新军用设备。BAE公司正在使用PS2的3D图形技术研发新一代军用引擎设计。该公司工程师斯图尔特·迈克多加尔(Stuart McDougall)说：“军方一直热衷于研发新技术满足他们的特点需求。但现代消费者产品正变得越来越强大，价格也日益有竞争力，使用范围逐渐广泛。”任何人都可以下载BulletFlight这款军用软件，基本版的软件价格只有2.49英镑，完全版的软件价格只有18.78英镑。目前驻阿富汗和伊拉克美军使用了诸多iPod Touch 和iPhone应用，包括地图、生存手册以及战术导航等军用应用。,8,9,0.6913850903511047
增强现实玩具 iPhone控制航模玩空战来自法国巴黎的Parrot公司今天在CES2010展示了一款名为AR.Drone的航模玩具，这款玩具可以由iPhone或iPod touch进行无线控制，并提供第一人称视角的实时画面，给控制者带来一种新的增强现实空战游戏体验，目前AR.Drone已经获得了2010国际消费电子展电子游戏硬件创新奖。AR.Drone本身采用了无人驾驶直升机式的设计，拥有四个独立驱动的螺旋桨，在驾驶舱前部安装有一个摄像头，可以将第一人称视角的实时画面拍摄并通过WiFi传送给控制器。在驾驶舱下部配备有摄像头、重力感应装置、陀螺仪、机械控制芯片等部件，利用智能飞行技术可以纠正风力和其他环境误差，平衡AR.Drone的飞行速度和角度。在室内飞行时，用户可以给AR.Drone加装防护罩放置撞坏螺旋桨。Parrot公司针对iPhone和iPod touch开发有一款演示游戏，用户可以使用该游戏应用控制AR.Drone作出上升、下降、前进、盘旋等飞行动作，并提供有虚拟对战功能，用户可以获得非常逼真的第一人称空战体验，这将是增强现实技术运用在手机游戏的一个创新。另外Parrot公司还提供有SDK开发工具包和开发者社区，游戏开发商可以针对AR.Drone开发各种游戏。这款飞行玩具将在今年正式上市，目前还没有相关价格信息。,8,9,0.6482173800468445
3G团队梦工厂 开启大学生创业新模式袁亦荣，岑彬，钱旭，三个来自北方工业大学的学生，在2010年1月18日上午9点30分，获得了一份来自3G团队梦工厂的“3G毛坯车间项目策划书”，开始了他们的3G行业创业的征程。“关于3G毛坯车间的盈利模式，是十分简单明了的。”袁亦荣说，“类似世纪家园那样的交友网站，寻找好的工作也会是大家的一个需求，将3G的机会引入校园，帮助大家熟悉这个行业，并借助3G团队梦工厂的资源，为大家提供一种贴身的服务。我们认为是可以被广大的同学所接受的。”学习计算机专业的钱旭，同时又是学校职业发展协会的秘书长，对于这个计划有着自己独到的理解：“鉴于andriod的市场优势，我希望建设一个andriod实验室，还希望通过石景山数字产业园区和3G团队梦工厂的渠道获得学校的支持，以及3G行业的企业对学生的关注，搭建一个优秀的植入性平台，让学生有机会从零做起。”学习财务专业的岑彬有着和其专业相匹配的缜密思维，说话不多，但颇具条理：“在学校内的商业元素其实有很多了，我的同学们也经常作为客户或兼职员工参与其中，所以说我们并非没有任何经验，只是不系统，其实我们需要一个规范的空间让我们获得持续性的经验积累，3G毛坯车间就是提供了这样一个环境，可以让学生在3G行业持续获得经验，我想一年以后，参与其中的同学一定会具备3G行业的从业能力。”团队梦工厂CEO李天语说：“我们的服务宗旨是让我们的客户迅速抓住3G的机会，通过我们孵化器的资源和学生自身的资源优势相结合，共同开发出盈利模式清晰的产品。我想大家已经注意到了一些细节，首先他们愿意为3G和资源付费，其次这些大学生已经开始用商业化的思想思考问题了，他们已经开始注意盈利模式，开始关心谁是自己的客户，能够分析自己的优势和劣势。其实我们只是针对性的做了几个小时的培训。事实证明，大学生本身的素质是没有任何问题的，也不缺少对事物的判断能力。所缺的是一套行之有效的服务模式。把客户放到真实的环境中，让有经验的人士为客户打工，提供客户成长所必需的资源，和客户分享项目成果，客户将为这个过程付费。这样的创业模式让所有参与者都能各取所需，又都有责任，且目标一致。大家是在向同一个方向努力，成功的概率就要高出许多。”看得出来，团队梦工厂确实在利用一个类似孵化器的模式在和所谓的客户合作，这也许就是他们把自己称作人才孵化器的原因，他们给出了一个大学生创业或者就业的新模式，就是“资源植入模式”，让客户直接购买工作和工作经验，然后再帮客户雇佣一个CEO带领他们创业或者教给他们职业法则，使其具备盈利能力，最终顺利的过渡到自己的职业生涯中。如李天语所说，人生如一个游戏，团队梦工厂充当了一个“策划”的角色，工厂策划了一段人生的传奇之旅，等待玩家自己来开启。,8,6,0.32874271273612976
4GB售499元 尼欧CMMB T12伴你国庆游尼欧 TV-12[参考报价] 4GB/499元[销售地址] 中关村海龙大厦8层809室[咨询电话] 010-82664048 13621168190 杨洁,9,6,0.7742094397544861
“子弹头”耳机 iriver N20国内上市599元iriver N系列项链新宠N20今日正式与国内消费者见面，独特的设计再加上“子弹头”耳机相信会有不错的市场表现。据iriver中国总经销三奇承信介绍，N20的售价为599元（2GB）和699元（4GB）。N20身材仅为26.0×55.5×13.0mm，重35g，采用了广受好评的高雅项链式设计和平滑镜面机身。它的平衡动铁耳机，俨然两颗“子弹头”，声音解析度高，瞬间细节表现极佳，能像专业Hi-Fi音响一样，把明亮的高音和深厚的低音音场分离，然后重新真实地还原出来。另外其宽阔的响应区域，还能给予用户最原汁原味的声音。其他方面，N20选用120×56分辨率PMOLED触摸屏，操作灵敏，良好的UI界面使用户可以快捷地选择所需要的功能。菜单环境可自动转换成横/竖模式，特别是随着按键时间的触摸反映，在锁机状态下更简易解除该状态。该屏幕耗电量小，同时能展现高亮度、长时间的简洁明亮的画面。,9,6,0.5622158646583557
2009Z酷校园行 蓝魔艾利和展台人头攒动2009年10月21日，“决战音乐之旅 2009雷柏杯第七届Z酷全国高校歌王挑战赛”在北京中医药大学举行了北京赛区的首次海选。这次活动的总冠名商为雷柏，赞助商有蓝魔、艾利和、漫步者等品牌厂商。展台一经布置完毕，就吸引了中医药大学众多同学的注意。下面，我们来重点看一下蓝魔和艾利和的展台。,9,6,0.7491285800933838
iriver 蓝魔 双双火爆首钢工学院“决战音乐之旅 2009雷柏杯第七届Z酷全国高校歌王挑战赛”正在北京火热举行中。昨天，也就是2009年10月22日，比赛现场来到了首钢工学院。首钢工学院的同学们虽然午休时间较短，但他们还是热性参与了活动，场面非常火爆。作为本次活动的参展商，蓝魔和iriver的展台也收到同学们的欢迎，不断向工作人员咨询产品信息。现在，就让我们一起来感受一下现场气氛。,9,6,0.6170012950897217
连续六年的精彩 尼康赞助花样滑冰大奖赛·尼康展台人头攒动尼康连续六年赞助的，由国际滑冰联盟（International Skating Union）主办的Grand Prix系列中国站——“Cup of China 2009 中国杯世界花样滑冰大奖赛”于10月30日在北京首都体育馆拉开了序幕。“ISU Grand Prix系列”是云集了世界顶尖花滑选手的权威大赛，赛事共由中国、美国、加拿大、法国、俄罗斯、日本6站组成，而其中两次大赛总计分数较高的选手将直接参加“ISU Grand Prix Final大赛”的角逐。本次中国站的比赛，中国双人滑著名选手申雪/赵宏博、张丹/张昊届时也将登台献技。整个赛事将通过CCTV-5，在中国、美国、加拿大、日本、韩国等多个国家进行实况转播。在10月31日晚举行的双人滑颁奖仪式上，尼康映像仪器销售（中国）有限公司董事长兼总经理金子博明还将为获得双人滑前三名的选手们颁奖。此外，在中场休息和赛后的答谢晚宴上，观众们也将有机会获得由尼康公司提供的相机作为奖品。尼康一直坚持将体育文化、品牌形象、影像文化三者的有机融合，大力赞助一些顶级摄影、体育赛事。今后尼康也将继续积极大力推动在中国的发展，为中国的体育、文化事业贡献自己的力量。相信在未来更多的体育赛事中，大家还将不断看到尼康的身影。,9,6,0.9759624600410461
支持64位游戏 驰为游戏机PGH即将上市据了解，驰为将推出一款型号为PHG的游戏机，其中P代表PMP、H代表高清、G代表游戏机。也就是说，这款产品是一款融合国内高端MP4与游戏机。驰为把在传统MP3方面所擅长的音质、720P高清、续航方面应用到游戏机上面，加强了此款产品的竟争力。并且，据了解，驰为此款游戏机虽然加入了MP4元素，但是游戏功能也同样十分强大。除了常见的8位、16位、32位游戏以外，还首次加入了64位游戏的功能。对此款产品感兴趣的朋友，可以关注我们的后续报道。,9,8,0.7547779083251953
时尚小巧家庭影院 打造温馨家居生活  三星家庭影院HT-X625，时尚小巧影院为您带来非凡影音享受，600W功率，支持 DIVX MP3 JPEG WMA/WMV 多媒体格式播放，自动画质升级，重低音，蓝牙连接，USB，HDMI，CD转录。  三星家庭影院HT-X625运用最新解码技术，在原有画质源不变的基础上，提升画质，达到高清效果。它的CD转录可以将喜爱的CD通过USB接口转录到自己的设备上。将多媒体设备通过蓝牙和家庭影院无线连接，并通过影院欣赏美妙音乐。接口方面是通过USB端口连接多媒体设备，支持音视频及图片播放，享受多媒体娱乐BD WISE，三星电视与影院间通过HDMI连接后自动识别，调整为最佳画质表现。三星 HT-X625等离子电视【参考价格】3400元 【推荐商家】天津亿诚隆迈商贸【联系方式】13820655804  13820684804  022-87865120【店面地址】天津市南开区晴川花园6-1002编辑：安然,9,3,0.5501559972763062
怪象：景顺长城连续7次只报高价不认购每经记者 李娜年初才从传出赴香港开奢华报告会的景顺长城，上周末又受到证券业协会的警告处罚，并被暂停了3个月的询价资格。2009年，景顺长城的开局似乎并不顺利。对于此次处罚的原因，证券业协会表示，自实施网下发行电子化后，景顺长城共7次参与首次公开发行股票的初步询价工作，报价均高于发行价格却全部未申购。消息甫传出，不少基金业人士对景顺长城的行为难以理解，直呼奇怪。深圳一位基金公司的工作人员告诉记者，如果基金公司报价高于发行价，很可能是看好这只新股的潜力，不过，“给了高价格，又不认购，确实有点怪了！”上海一家基金公司的基金经理认为，这种事偶尔出现个一两次还勉强解释得过去。南方某基金公司的投资总监则向记者介绍了基金公司参与新股IPO询价的一般流程：新股IPO时，基金公司的行业研究员会审核上市公司的具体情况，并提供一份简单的研究报告；研究员会在报告中给出新股是否适合申购的建议；如果适合申购，行业研究员还会制定出相应的报价(一般是个区间，浮动20%左右)；制定好价格后，公司会将报价传递给承销商；基金经理方面也会根据自身基金的情况，最终决定要不要配置；如果公司旗下多只基金同时需要配置或配置的数量较大时，公司可能会开会进行协调。“在这样的机制下，应该不会连续出现这样 (只开出高价，但不认购)的情况。说实话，这个事情太特殊了，也比较奇怪！”采访中，这位投资总监不时地向记者表示。北京一家基金公司的基金经理向记者表示，基金公司偶尔出现这样情况，可能是公司的研究部和投资部之间的协调出现了问题。但这种现象出现次数多了，背后的原因就不太好解释了。上海某基金公司的工作人员则透露，通常新股上市时，准上市公司或者其承销商都会和机构 “谈谈”，如果双方关系好，基金公司也可能会“帮点忙”。他认为，报高价又不认购，基金公司这样的做法很可能是想帮助准上市公司提高发行价格。但是这种做法只会给准上市公司带来点好处，多募集点资金，基金公司自身是得不到好处的。但是，也不排除基金公司通过其他方式得到实惠。一家中等规模基金公司的投资总监向记者证实，这种做法在业内其实并不是什么太大的秘密，不排除基金公司通过这种方式获得其他好处。“不过，连续出现这种情况确实是有点问题，这在别的基金公司是不太会发生的。”    相关专题：,1,4,0.7441043257713318
税务总局：QFII在中国境内收入缴纳10%所得税通知并指出，如果是股息、红利，则由派发股息、红利的企业代扣代缴；如果是利息，则由企业在支付或到期应支付时代扣代缴。通知说，QFII取得股息、红利和利息收入，需要享受税收协定待遇的，可向主管税务机关提出申请，主管税务机关审核无误后按照税收协定的规定执行；涉及退税的，应及时予以办理。通知要求，各地税务机关应了解QFII在中国从事投资的情况，及时提供税收服务，建立税收管理档案，确保代扣代缴税款及时足额入库。,1,7,0.975560188293457
税务总局明确QFII缴税相关问题记者20日从国家税务总局获悉，税务总局近日发出通知指出，合格境外机构投资者（QFII）所得来源于中国境内的股息、红利和利息收入，应当按照企业所得税法规定缴纳10%的企业所得税。通知同时指出，如果是股息、红利，则由派发股息、红利的企业代扣代缴；如果是利息，则由企业在支付或到期应支付时代扣代缴。通知称，QFII取得股息、红利和利息收入，需要享受税收协定待遇的，可向主管税务机关提出申请，主管税务机关审核无误后按照税收协定的规定执行；涉及退税的，应及时予以办理。通知要求，各地税务机关应了解QFII在我国从事投资的情况，及时提供税收服务，建立税收管理档案，确保代扣代缴税款及时足额入库。,1,7,0.9505131244659424
税务总局：QFII应缴10%所得税 业内人士称此规定根本目的在于完善资本市场运行规则，对QFII利空有限国家税务总局20日宣布，税务总局近日发出通知指出，合格境外机构投资者(QFII)取得来源于中国境内的股息、红利和利息收入，应当按照企业所得税法规定缴纳10%的企业所得税。通知明确，QFII所得如果是股息、红利，则由派发股息、红利的企业代扣代缴；如果是利息，则由企业在支付或到期应支付时代扣代缴。各地税务机关应了解QFII在我国从事投资的情况，及时提供税收服务，建立税收管理档案，确保代扣代缴税款及时足额入库。中国社科院财贸所税收专家介绍，2005年底，经国务院批准，对QFII委托境内公司在我国从事证券买卖业务取得的差价收入，免征营业税，但对于所得税却没有明确规定。一直以来，QFII所得税问题悬而未决，大多数QFII在所得税问题上都是先代为扣缴，但也有部分QFII不计算所得税。专家表示，国税总局明确QFII缴纳10%的企业所得税，实际源于2008年1月1日起施行的《中华人民共和国企业所得税法》及其实施条例。根据规定，非居民企业在中国境内的所得缴纳企业所得税适用税率为20%，实际执行10%的优惠税率。国税总局上述通知还称，QFII取得股息、红利和利息收入，需要享受税收协定(安排)待遇的，可向主管税务机关提出申请，主管税务机关审核无误后按照税收协定的规定执行；涉及退税的，应及时予以办理。专家介绍，为了避免双重征税，我国与世界上90多个国家签订了税收协定，根据收入来源地管辖权的一般原则，境外企业在我国取得的收入适用我国税率。因此，国税总局的上述表述，实际是简化了向QFII支付股息、红利和利息收入企业的工作，支付企业只需考虑我国税法预提所得税即可。市场人士认为，QFII所得税涉及的只是利得部分，与营业税相比数额较小，在我国税收收入占比中也是微不足道的，QFII不会因此政策而出现大规模撤离现象。明确QFII所得税制，根本目的不在于增加税收收入，而是通过税制的明确，完善资本市场的运行规则，吸引更多退休基金、共同基金等大型海外投资机构入场。据《中国证券报,1,7,0.5617501139640808
QFII年均获批额可能达28亿美元上海咨奔商务咨询(Z-Ben Advisors)有关中国实行6年的合格境外机构投资者(QFII)机制的最新年度报告，将于本周发表。该报告预测，未来几年中国对QFII投资额度的审批将较前几年更为稳定，2014年QFII额度将达到300亿美元。目前，这一额度大约为120亿美元。这意味着，每年核准QFII额度有望达到28亿美元。咨奔商务咨询最新的QFII手册，分析了中国证监会和外管局近年回应外国投资管理公司申请的趋势。撰写这份报告的咨奔商务咨询执行董事迈克尔·麦考马克说：“中国监管者在分配新QFII额度时有一组明确的优先顺序：针对散户投资者的零售基金。”研究表明，监管层很可能偏爱聚焦于本土企业和投资者的外国投资管理公司。官方对那些把自己的额度授予给其他机构(例如对冲基金)的额度持有者印象不好。报告称，QFII额度出租的模式也在慢慢消失，对已获得QFII额度的机构，如果将额度出租，那么未来申请更多额度时，可能会被要求提供相应的投资计划；如果申请是由其旗下的资产管理部门提出的，则获批相对会容易些。在全球金融危机背景下，排队申请QFII资格的外资机构眼下已超过100家。,1,5,0.8645499348640442
12亿元抄底地产股 中邮系圈地路线图曝光每经记者 李娜 发自上海上市公司2008年年报将中邮系基金扎根于地产股的根根须须一一曝光，多只地产股的前十大流通股股东中出现了中邮系基金的身影。沉寂了一年的中邮系基金再一次以一种“偏激”的方式强势回归。伴随着地产股2008年年报的接连披露，中邮系基金越来越频繁地曝光于镁光灯前，多家地产股的前十大流通股股东均有中邮系基金的身影，若以2008年12月31日收盘价简单计算，中邮系基金抄底这些地产股的资金高达12.05亿元。毫无疑问，中邮系基金始于去年下半年的重仓地产股的决策相当成功，在吸引坊间艳羡的目光的同时，也将自家腰包快速增厚。数据显示，自年初至本周三，中邮核心优选领跑所有股票型基金，涨幅高达35%，远远超过股票型基金净值18%的平均涨幅。地产股年报频现中邮系房地产，用国民经济的引擎之一来形容一点儿也不为过。自去年房地产市场的成交量持续萎缩后，对地产行业的关切之情便频频出现在基金经理的季度工作报告中，出现在基金经理的访谈中。与其他徘徊犹豫的基金公司相比，中邮系基金则表现异常坚决，选择提前进场等待。自去年三季度率先加仓地产股后，在接下来的四季度，中邮系对地产股的加仓力度丝毫不减，据已发布的房地产上市公司年报显示，多家地产股的前十大流通股股东均有中邮系基金的身影。据Wind统计数据显示，截至昨日，目前已披露的20多家房地产上市公司中，中邮系出现在了5家地产上市公司的前十大流通股股东中。泛海建设2008年年报显示，中邮系两只基金都重仓其中，双双挤入其前十大流通股股东。数据显示，中邮核心优选目前持有泛海建设2523.89万股，较去年三季度大举增持了1863.16万股，增幅超过了50%以上；中邮核心成长也重仓持有1997.38万股，相比去年三季度增持1129.6万股。中邮系基金的持股量占流通股的比例超过了10%，分别为泛海建设的第二大股东和第三大股东。华发股份年报显示，中邮核心成长同样选择了大举增持。去年四季度，中邮核心成长持有2811.75万股，较去年三季度增持1169.91万股。凭借大幅的吃进，中邮核心成长也成为华发股份的第二大股东和第一大流通股东。另一家地产类上市公司中华企业，中邮核心优选小幅减持46.29万股。不过，其持股数量仍然高达2500万股，仍为公司第二大流通股东。而在今日发布年报的上实发展中，中邮系两只基金又成为公司的前十大流通股股东。除了增持原有的地产股，陆家嘴2008年年报显示，中邮核心优选在去年四季度新进610.82万股，并一举成为该公司的第八大流通股东。地产股反弹 中邮系笑得甜自去年年底以来，国内一些城市的房屋成交量明显出现了回暖迹象。国信证券的报告显示，在过去一周对环渤海、长三角、华南及中西部共十九个重点城市的商品房屋销售情况监测结果表明，各地楼市销量仍然比较畅旺，回暖态势还在进一步延续。地产股销量的回暖，无意推升了地产股的暴涨热情。数据显示，2009年以来，上证指数的涨幅为24.44%，沪深300指数的涨幅为31%，而地产指数同期涨幅已接近44%。华侨城今年以来的涨幅已超过了55%，股价已回到了13元附近。金地集团、招商地产等地产股的涨幅都超过了50%，远远超过同期上证指数和沪深300指数涨幅。地产股的突出表现让埋伏已久的中邮系基金尝到了不小的甜头。数据显示，自年初至本周三，股票型基金净值的平均涨幅为18%，而中邮核心优选的涨幅高达35%，依然在股票型基金中领跑。而中邮核心成长的涨幅超过了27%，位列所有股票型基金的第十二位。相关报道中邮核心优选开放三日给老客户“补仓”机会？日前，中邮基金公司表示，2007年9月13日起，公司暂停了旗下中邮核心优选的日常申购业务。现为满足广大基金持有人的需求，公司决定自2009年3月25日起至2009年3月27日期间，针对既有客户 (即2009年3月23日前，持有过公司旗下基金产品且未注销本公司基金账户的投资者)，恢复该基金产品的日常申购业务。从2009年3月28日起，该基金将继续暂停日常申购业务，在日常申购业务暂停期间，该基金的赎回业务照常办理。市场分析人士指出，很显然，中邮核心优选选择在目前2200点左右打开申购，可以理解为给老基金持有人补仓减少亏损的机会，传递出的信号应该是较为乐观的。不管未来后市会如何演变，至少在中邮基金心里，目前的股指还不是高点。 每经记者 李娜    相关报道：    重仓地产股 中邮系基金赚欢了    泛海建设中邮系基金联袂出击    抄黄木顺的底 中邮系基金介入泛海建设    哈空调中邮系基金大举入驻    基金弃中国远洋登岸 中邮系浮亏18.6亿    中邮系两基金折戟吉恩镍业增发    中邮系两基金上周跌幅最深    基金排名大洗牌 中邮系基金上演过山车,1,4,0.5194223523139954
