text,true_label,pred_label,probability
NCAA知识：美大学十大豪门 UCLA+肯塔基两大霸主 新浪体育讯NCAA全美大学锦标赛已经进行至最终四强战，面对多年来最黑的一届4强赛，不仅要赞叹于疯狂三月的冷门传统，也该回顾回顾历史，看看有哪些历史豪门，想想他们为何今年如此不给力：〈〈〈 NCAA疯狂三月专题主页上线，点击链接查看精彩内容1 UCLA(加州大学洛杉矶分校)13次打入全国决赛拿到11次全国冠军，其中包括了7连冠的伟业，创造了38场锦标赛连胜等一系列的NCAA记录，4次全赛季不败，为NBA输出了包括6位名人堂巨星在内的76名NBA球员，其中不乏雷吉-米勒，贾巴尔等巨星，也有乐福，维斯布鲁克等现役球星。刚刚去世的约翰-伍登带领UCLA创造了难以超越的传奇，近年来球队也曾连续三次打进最终四强，在这份榜单上UCLA可以当之无愧地排名第一。2 肯塔基大学肯塔基大学是最有希望挑战UCLA王者地位的球队，他们是4，50年代的老大，保持着史上胜场数最多和胜率最高的记录，同时拥有仅次于UCLA的7个全国冠军头衔。球星众多是肯塔基的传统，至今为止在NBA奋斗过的校友有96人，这一数据也领衔全国。名帅帕特-莱利正是肯塔基毕业。现役球员有沃尔，隆多等13人。3 北卡罗来纳大学乔丹母校北卡是最盛产球星的学校之一，为NBA输出了乔丹，沃西，比利-康宁汉姆，麦卡杜等名人堂级别的球星，名帅拉里-布朗也出身于此，同时还有其他4位名人堂教练。北卡史上5次捧起全国冠军奖杯，保持着25胜场以上赛季数的记录(31个)。4 印第安纳大学近年来境况不佳的印第安纳大学历史上也是NCAA顶级豪强，5次夺得全国冠军，他们最会辉煌的年代是鲍勃-奈特教练在位的三十年，这期间他们三次登顶。进入新世纪以来印第安纳一直处于摇摆重建的时期。5 堪萨斯大学堪萨斯80多年中一直是NCAA中的强队，8次杀入总决赛三夺冠军，历史胜场数排名第二。拉里-布朗，罗伊-威廉姆斯两名名帅均在此留下过足迹。堪萨斯为NBA贡献了张伯伦，皮尔斯，曼宁等球星。6 杜克大学在K教练的指导下，杜克成为了NCAA的新兴豪门，虽然历史和前面的传统豪门相比不够辉煌，近20年来他们总共4次称霸全国，并为NBA输送了布泽尔，布兰德等全明星球员。7 俄亥俄州立大学以橄榄球实力著称的俄亥俄州立大学篮球队历史上也曾在40年代和60年代有过辉煌的成绩，共11次杀入最终四强，而且进入新千年以来他们的表现也堪称全国顶级。8 路易斯维尔大学虽然一直徘徊在各个赛区之间，但路易斯维尔自从70年代以来一直稳定地保持着全国锦标赛级别的水平，并两次拿下全国冠军，也出产过维斯-昂赛尔德这样有分量的球星。9 密歇根州立大学魔术师约翰逊的母校，拿到过1979年和2000年两次全国冠军，在现任教练汤姆-伊索接手后战绩一直不错。10 密歇根大学5次杀入全国总决赛，曾有过著名的“密歇根五虎”，出产过格伦-莱斯，韦伯等NBA球员。(silencer)新浪体育讯NCAA全美大学锦标赛已经进行至最终四强战，面对多年来最黑的一届4强赛，不仅要赞叹于疯狂三月的冷门传统，也该回顾回顾历史，看看有哪些历史豪门，想想他们为何今年如此不给力：〈〈〈 NCAA疯狂三月专题主页上线，点击链接查看精彩内容1 UCLA(加州大学洛杉矶分校)13次打入全国决赛拿到11次全国冠军，其中包括了7连冠的伟业，创造了38场锦标赛连胜等一系列的NCAA记录，4次全赛季不败，为NBA输出了包括6位名人堂巨星在内的76名NBA球员，其中不乏雷吉-米勒，贾巴尔等巨星，也有乐福，维斯布鲁克等现役球星。刚刚去世的约翰-伍登带领UCLA创造了难以超越的传奇，近年来球队也曾连续三次打进最终四强，在这份榜单上UCLA可以当之无愧地排名第一。2 肯塔基大学肯塔基大学是最有希望挑战UCLA王者地位的球队，他们是4，50年代的老大，保持着史上胜场数最多和胜率最高的记录，同时拥有仅次于UCLA的7个全国冠军头衔。球星众多是肯塔基的传统，至今为止在NBA奋斗过的校友有96人，这一数据也领衔全国。名帅帕特-莱利正是肯塔基毕业。现役球员有沃尔，隆多等13人。3 北卡罗来纳大学乔丹母校北卡是最盛产球星的学校之一，为NBA输出了乔丹，沃西，比利-康宁汉姆，麦卡杜等名人堂级别的球星，名帅拉里-布朗也出身于此，同时还有其他4位名人堂教练。北卡史上5次捧起全国冠军奖杯，保持着25胜场以上赛季数的记录(31个)。4 印第安纳大学近年来境况不佳的印第安纳大学历史上也是NCAA顶级豪强，5次夺得全国冠军，他们最会辉煌的年代是鲍勃-奈特教练在位的三十年，这期间他们三次登顶。进入新世纪以来印第安纳一直处于摇摆重建的时期。5 堪萨斯大学堪萨斯80多年中一直是NCAA中的强队，8次杀入总决赛三夺冠军，历史胜场数排名第二。拉里-布朗，罗伊-威廉姆斯两名名帅均在此留下过足迹。堪萨斯为NBA贡献了张伯伦，皮尔斯，曼宁等球星。6 杜克大学在K教练的指导下，杜克成为了NCAA的新兴豪门，虽然历史和前面的传统豪门相比不够辉煌，近20年来他们总共4次称霸全国，并为NBA输送了布泽尔，布兰德等全明星球员。7 俄亥俄州立大学以橄榄球实力著称的俄亥俄州立大学篮球队历史上也曾在40年代和60年代有过辉煌的成绩，共11次杀入最终四强，而且进入新千年以来他们的表现也堪称全国顶级。8 路易斯维尔大学虽然一直徘徊在各个赛区之间，但路易斯维尔自从70年代以来一直稳定地保持着全国锦标赛级别的水平，并两次拿下全国冠军，也出产过维斯-昂赛尔德这样有分量的球星。9 密歇根州立大学魔术师约翰逊的母校，拿到过1979年和2000年两次全国冠军，在现任教练汤姆-伊索接手后战绩一直不错。10 密歇根大学5次杀入全国总决赛，曾有过著名的“密歇根五虎”，出产过格伦-莱斯，韦伯等NBA球员。(silencer),0,5,0.986283004283905
孙卫：亚运会国奥争取进前八 希望各俱乐部大力支持新华网北京9月19日体育专电(记者公兵、郑道锦)中国国奥队代理主教练孙卫19日表示，国奥队在今年广州亚运会上的目标是争取进入前八名。在9月份的两场与中超球队的对抗赛中，国奥队先是2：3小负中超“领头羊”鲁能队，后是1：0小胜中超卫冕冠军国安队，表现不俗。尽管如此，国奥队代理主帅孙卫还是坦承，球员状况参差不齐，有的可以在联赛中打上主力，有的则不行。而且由于受到联赛影响，球员不能保证在国奥队进行系统训练。谈到即将到来的广州亚运会，孙卫希望球队能力争进入前八名，并期待在此基础上取得更好的成绩。由于亚运会将于11月12日开幕，但中超联赛11月6日才结束最后一轮，如果国奥队在联赛结束后才集中，备战亚运的时间肯定不够。孙卫希望中国足协能与中超俱乐部进行协调。“希望各个俱乐部能对国奥队给予支持，虽然这些队员平时属于俱乐部，但到了国奥队他们代表的是国家，意义不同。希望大家能基于这个出发点为我们考虑一下”。,0,7,0.5198825001716614
NCAA历届冠军：康大三冠紧随杜克 UCLA大学至尊！NCAA锦标赛总决赛在休斯顿Reliant球馆隆重上演，在一场惨烈的防守大战中，康涅狄格大学53-41战胜巴特勒大学，校史上第三次捧得冠军奖杯。在NCAA建立72年历史上，UCLA是夺冠次数最多的球队(11次)、排名第二的是肯塔基大学(7)，印第安纳(5)和北卡(5)并列第三，杜克(4)依然位居第五。以下为NCAA全国锦标赛历年冠亚军得主：〈〈〈 NCAA疯狂三月专题主页上线，点击链接查看精彩内容注：表中括号内数字为第几次夺冠,0,5,0.9919258952140808
崔大林协查风波后首次公开露面 现身大赛开幕式新华网北京9月18日体育电(记者公兵)中国极限运动协会消息，第十一届全国极限运动大赛18日在浙江湖州举行，中国奥委会副主席崔大林宣布比赛开赛。此次现身湖州也是崔大林自“协查风波”后首次公开露面。近来，随着中国足球足球假、赌、黑治理行动的继续，前足管中心官员谢亚龙、李冬生、蔚少辉三人被立案侦查后，有传言宣称前国家体育总局副局长崔大林被警方请去“协助调查”。对此，新华社记者随后曾联系过崔大林，对方在电话里否认了这一传闻，表示从来就没有被警方请去协助调查。在当日上午举行的开幕式上，崔大林宣布比赛开赛。中国极限运动协会主席刘扶民、国家体育总局水上运动管理中心主任王渡等一同出席。来自全国各地的滑板、直排轮、小轮车和攀爬项目的200多名顶尖极限高手将参加15个项目的比赛，比赛为期两天，其中18日为预赛和新人赛，19日为决赛。,0,7,0.9478477239608765
最高检察院抵沈已获确认 曝因谢亚龙泄密介入案件 “首先，谢亚龙这个案子并不是最高检直接负责，一来说，只有影响力巨大的案子、涉及到全国，最高检才介入；其次，涉案金额过大，涉及人员的范围广； 第三，谢亚龙案子涉密了，这种情况下，由最高检以介入专案组的方式来完成地方检察院可能无法完成的工作。——辽宁昊星律师事务所律师孙浩人“李彤被协查应该和谢亚龙有关，因为两人当年在总局科研所的时候关系就非常要好，警方询问李彤应该是当年谢亚龙的一些事。 ——一位知情人士分析本报之前曾经报道，谢亚龙的案子被办案人员形容为“他的事很大”！究竟大到什么程度，通过他被批捕涉嫌的两个罪名就可以看出端倪：涉嫌受贿和泄 露国家机密。昨天又有消息称，“最高人民检察院的人员已经抵达了沈阳，并加入谢亚龙专案组。由此可见，谢亚龙案件一夜之间升级。最高检为何介入？从谢亚龙被协助调查，到立案侦查，直至最后被批捕，相关的线索源源不断地涌出：涉嫌贪污、受贿，以谢亚龙为中心，当年与他有过亲密接触合作的人士陆续到沈阳接受调查。这些都在表明：相对于南勇和杨一民，谢亚龙的案情严重性明显要高于前二者。昨日，又有重磅消息传来：最高人民检察院的人员已经抵达了沈阳，并加入谢亚龙专案组。昨晚，负责此案的铁岭方面已经确认了此事的真实性。最高人民检察院为何在此时突然介入谢亚龙专案组？昨晚，记者就此采访了辽宁昊星律师事务所律师孙浩人，他分析，最高人民检察院的介入，说明了三 个问题。“首先，谢亚龙这个案子并不是最高检直接负责，一来是，只有影响力巨大的案子、涉及到全国，最高检才介入；其次，涉案金额过大，涉及人员的范围 广；第三，谢亚龙案子涉密了，这种情况下，由最高检以介入专案组的方式来完成地方检察院可能无法完成的工作。 ”至此，谢亚龙的案子完全升级，至于谢亚龙一案到底还会涉及到全国哪些人、涉案金额到底会有多大，只有公安部门才能给出答案。至于涉嫌泄露国家机密，外界分析认为谢亚龙可能是泄露了国家商业机密。李彤被协查受谢亚龙牵连耐克公司中国体育市场总监李彤已经结束了协助调查，前晚，他从沈阳返回北京。李彤因何被协查？一位知情人士表示：他是受到了谢亚龙的牵连。到现在为止，李彤已经两次协助警方调查，第一次时间很短，当天上午去了，当天下午就回来了，还不到一天。第二次时间比较长，普遍的说法是，本月8日李彤来到沈阳协助调查，直到前晚，他才被放出来。李彤协助调查，最开始的时候，人们认为他应该与南勇杨一民案有关。事实上，实际情况绝不仅限于此。昨晚，一位知情人士分析：“李彤被协查应该和 谢亚龙有关，因为两人当年在总局科研所的时候关系就非常要好，警方询问李彤应该是当年谢亚龙的一些事。”这位人士有些担心：中国足协正联系其他的合作赞助 商，如此一来，这些客户能否知难而进还是个未知数。李彤结束调查，也给外界透露出一种信息：警方已经掌握了谢亚龙涉案的主要证据，李彤虽然结束调查了，但警方并不担心这些相关人员会“串供”，由 此也可以看出，谢亚龙的案子和其他涉案人员确实不一样。在今后的时间里，如果谢亚龙当政的时候，凡是与中国足协有过合作的公司高层一旦到沈阳被协查也不算 意外，这种事情可能随时都会发生。晨报沈阳9月17日电 特派记者范宏基,0,7,0.9819048047065735
探秘中国巨幕：是山寨高仿还是国货精品IMAX中国巨幕成本1000万以上最低100万左右，其余视情况而定亮度(实测)30000流明36000流明银幕大小(米)22×12.520×12音响6.1声道11.1声道片源需要严格筛选，并需要经过DMR技术转制无特殊限制分辨率(数字版)双机2K双机2K票价(UME)140元(华星)90元(双井)版权许可费用7万美元左右/年不详独立知识产权有部分有，部分暂无认知度全球知名较低售后服务有固定团队，可远程登录解决问题需由不同产品供应商分别解决附二：IMAX声明IMAX公司在过去四十余年一直致力于为全世界的消费者提供高端的观影体验。此间，虽然我们在多个市场都面临竞争，但是我们的突破性技术、遍布全球的网络和全球品牌认知令我们脱颖而出，至今依然领先众竞争对手。IMAX公司与消费者、电影公司及导演都保持着非同凡响的良好关系，他们被IMAX品牌所传达出的品质与创新精神吸引，在近百个世纪一直追随IMAX电影和IMAX影院至世界各处。IMAX公司是市场的先锋及领导者，为消费者提供身临其境的观影体验，也吸引了若干跟随者效仿我们的品牌。我们欢迎良性竞争，并鼓励消费者亲身体验IMAX带来的优越观影感受。专题策划 陈弋弋专题撰文 王玉年新浪娱乐讯 8月8日，3D电影《蓝精灵》首映礼在京举行，与《蓝精灵》一起走入观众视野的，还有一种名为DMAX的巨幕放映技术，这也是“中国巨幕”的概念首次正式面向公众和媒体公开。DMAX的推出马上在微博上引起强烈反响，有网友认为DMAX“眼镜轻，画面亮，色彩好，不闪不跳，只是票价略贵”。但也有网友直言DMAX与IMAX相比，就是中国特色的山寨货。比起“洋巨幕”，号称放映亮度高于IMAX近20%，而成本远低于IMAX放映系统的“中国巨幕”究竟质素几何，新浪娱乐独家专访了中国首家DMAX影城经理、DMAX研发牵头人以及美国IMAX公司，以及电影技术行业专家，共同探讨“中国巨幕”，到底是反垄断的国货精品还是赚快钱的山寨高仿。《蓝精灵》：DMAX中国巨幕初亮相经过《阿凡达》《变形金刚3》等几部电影的推波助澜，IMAX公司在中国得到了迅速的发展，目前已经有37块左右的银幕落户科普类影院和商业影院。虽然所有人都知道IMAX是好东西，但高额的成本使得一些中小规模影院对于引进IMAX望而却步。最早引进IMAX的北京UME影城经理刘晖介绍，整个IMAX放映系统的成本高达千万。8月8日，3D电影《蓝精灵》在北京UME影城双井店举行了首映活动。到场的媒体发现，放映《蓝精灵》的影厅门前写着大大的“DMAX”字样，与大众熟悉的IMAX洋巨幕仅差一个字母？DMAX是什么？翻阅手中的资料后，当天的观众发现DMAX有着许多吸引人的优势：银幕亮度高于IMAX近20%，这就意味着观众一直诟病的3D电影过暗的问题得到了解决？具备11.1声道音箱，这意味着现场的声音效果将更加震撼？整套放映系统成本只有IMAX的1/10，这意味着高票价将有下调空间？不仅如此，DMAX还有另一个响亮的名字——“中国巨幕”。带着诸多的好奇，当天的观众看完了整场电影。观影结束之后，新浪娱乐对一些观众进行了抽样调查，媒体人Y先生表示，DMAX的亮度确实比IMAX好，不过画面的质感还是稍逊于IMAX，不够细腻。但由于《蓝精灵》没有IMAX版本，因此无从横向比较。网友落拓枣认为，DMAX静态画面尚可，但是画面移动起来的时候，图像拖影厉害，让人觉得头晕，至于亮度问题，落拓枣觉得可能还是与影院灯泡功率是否开足有关。白先生觉得，DMAX的亮度没有像介绍所说超越IMAX银幕20%，只是差不多而已。网友小猫王则表示，DMAX的眼镜非常轻，画面十分细腻，甚至连蓝爸爸的胡子都看得很清楚，但是画面动起来时，有一些细节会变得模糊。对于这个名为“中国巨幕”的DMAX成本仅有IMAX的10%这一点，绝大多数人都觉得不可思议。北京UME影城经理刘晖介绍，DMAX影厅最大的成本主要来自放映机和银幕，这两项产品的花费在100万人民币左右。而同样来自UME影院管理公司旗下的UME华星影城，IMAX影厅的成本就超过了1000万。在北京UME影城，同样时间段的场次，普通3D电影票价80元，DMAX电影票价在90元左右，而IMAX的票价则高达140元。也就是说，DMAX比IMAX便宜40块钱，仅仅比普通3D贵10块钱。中国巨幕：初生即遭质疑为“另一个高铁”一切听起来都是那么完美。但当这个价廉物美的“中国巨幕”诞生的消息在新浪微博上开始传播后，质疑的声音立刻响起。有网友称：“任何地方都查不到这项成果的技术信息，这肯定是骗子伎俩。”“只炫耀亮度和大小，没有配套的，受行业承认的流程，没有独特的片源，就生产出一个灯泡，山寨货的特点全具备了。”“全是国外设备的拼接，没有一个是本国的，还号称自己世界领先，多像另一个高铁。”要搞清楚DMAX是什么，首先要知道我们平时观看的IMAX是什么。IMAX即Image Maximum的缩写，意为“最大影像”。是一种能够放映比传统胶片更大和更高解像度的电影放映系统。整套系统包括以IMAX规格摄制的影片拷贝、放映机、音响系统、银幕等。而DMAX则是“中国巨幕”的一种，D，指digital(数字的)，介绍中称，DMAX是一中国自主研发设计的巨幕放映系统，整合了多家公司提供的放映设备。和IMAX比起来，DMAX强调了国产品牌，造价经济，放映亮度高，片源不受限制等优点。这也引发了IMAX和DMAX之间关于专利权、产品优劣程度的诸多争议。到底DMAX是是想赚快钱的山寨货，还是反外国公司技术垄断的国货精品，多方一时众说纷纭？DMAX来势汹汹，自称“高质低价”，无疑将矛头对准了IMAX。承担DMAX系统主要研发工作的中国电影科研所所长，也是研发“中国巨幕”的核心人物杨雪培，在与新浪娱乐对话时，对DMAX这个名字并不以为然，他反复强调DMAX只是北京UME影城的商业做法，并不希望炒作DMAX的概念，“我们的目的不是和IMAX竞争，DMAX这名字只是符号，我不主张非要起‘××MAX’这种名字。我们强调的是中国自主知识产权的数字放映系统，将来别的影院巨幕系统也许还有其他的叫法。”杨雪培介绍一系列国外影院的巨幕系统，证明IMAX早已不是一支独秀，这其中就包括美国帝王(Regal)院线推出的RPX系统，AMC院线的ETX系统，喜满客(Cinemark)的XD系统，澳洲Villige院线的VMAX系统，这些都是IMAX之外的巨幕——号称拥有和IMAX相似的放映效果，却又都是各国自主的产品。杨雪培的一番解释，引出了“中国巨幕”的概念，对于网友普遍关注的问题，他也正面做出了回答。争议一：为什么没有公开技术信息？杨雪培认为，IMAX从拍摄、制作到放映，一直是胶片时代电影的神话。但进入数字放映时代之后，IMAX不再是一支独秀，“很多IT行业都发展起来了，为我们拓展数字化放映提供了非常好的基础。”杨雪培表示，电影没有数字化的时候，其他行业的数字化都发展迅速，这给电影放映数字化提供了很好的帮助，也使得IMAX的高端技术不再那么高不可攀，“电影不是一个研发基础课题，而是应用技术，能够把人家好的技术应用起来就好。”有网友认为中国巨幕虽然看上去比IMAX亮，但是能否达到宣传语所说的“比IMAX亮度高20%”，还是令人比较怀疑。DMAX的研发机构之一，中国电影科研所所长杨雪培介绍，IMAX的数字放映机技术来自科视，测出来的亮度是是30000流明，DMAX采用了巴可32B放映机双机放映，号称可以达到45000流明，也是吉尼斯世界纪录上记载的亮度最高的放映机，经过科研所测算，实际放映可以达到36000流明。所以可以肯定地说，DMAX的亮度超过了IMAX的20%。与这些验证观看效果的普通观众比起来，也有一些资深影迷关注到了DMAX的技术专利问题，网友magasa直言，“任何地方都查不到这项成果的技术信息，这肯定是骗子伎俩。”而到目前为止，全国也只有UME影城双井店大规模地对DMAX进行了宣传，这也不得不让人对“中国巨幕”的可信度产生疑问。如果DMAX真的从成本到观看效果都优于IMAX，那为何中国电影科研所从未对外公开宣布过相关讯息？为何没有申请专利？“中国巨幕”何时正式走向市场，与观众见面？为何到现在为止依旧没有足够的信息可以查询？杨雪培解释，“中国巨幕”目前已经进入了课题论证阶段，也正因为此，所以没有大张旗鼓地在网络上进行推广。“技术标准、影院建筑标准等都应该有基本的规范。”杨雪培说，“银幕亮度应该达到多少，银幕高宽比、坡度、扬声器有多少个声道……科研所正在规范放映系统的技术指标，预计在2012年正式公布。”杨雪培还强调，“中国巨幕”一定会申请专利，但专利获得批准尚需时日。对于DMAX的“低调进攻”，IMAX公司也打破沉默，在接受新浪娱乐的采访后，发来官方声明强调，“IMAX公司是市场的先锋及领导者，为消费者提供身临其境的观影体验，也吸引了若干跟随者效仿我们的品牌。我们欢迎良性竞争，并鼓励消费者亲身体验IMAX带来的优越观影感受。”而对于DMAX是否涉及侵权，IMAX公司目前没有给出答复。争议二：“中国巨幕”会降低巨幕电影放映门槛吗？IMAX作为目前最受欢迎的电影放映，对影片有极高要求。所有在IMAX放映的普通电影，都要经过一套DMR(数字原底翻版)技术的修复，IMAX公司通过数字化提高普通影片的影像和音响质量，使之适合在IMAX影院放映。经过这种技术处理后，影片的影像质量就能够达到观众期望的IMAX体验。每一年，在IMAX影厅放映的电影不过20多部，这也使得IMAX电影显得格外稀有。而“中国巨幕”号称不受片源限制，这也让许多业内人士产生怀疑，“中国巨幕DMAX”放映门槛相对较低，难免会有不适宜在巨幕上放映的电影滥竽充数。网友magasa称，“把这玩意和IMAX相提并论肯定是混淆视听，IMAX是从拍摄到后期制作到洗印到放映的一整套流程和独特技术，这个DMAX顶多是一套大功率放映设备。”相比IMAX，中国巨幕则对于放映的电影不加过多限制。普通电影画面，如果没有经过特殊的技术转换，在巨幕放映后一定会使得画面受到损失吗？这就成为了很多网友关心的话题。中国电影科研所所长杨雪培认为，这样的担心有些多余，他援引《现代电影技术》杂志2011年6月号一篇名为《IMAX的神话与数字电影时代的巨幕放映》的文章表述了自己的观点，文章称，“数字电影在全球的快速发展，2K放映系统特别是数字拷贝成本的不断降低，银幕亮度的不断提升，已使得画面完美地投射到了25米的银幕上……”文章还认为，结果横向比较《唐山大地震》和《怪物史莱克3D》两部电影在不同放映系统下的表现后发现，画面的亮度和清晰度几乎没有差别，这说明采用普通数字电影2K放映机进行巨幕放映是可以实现的，在关键技术上不存在明显的障碍。这就意味着，任何在主流影院放映的数字拷贝，都可以在“中国巨幕”上放映，这就意味着“中国巨幕”不会像IMAX一样受到片源的限制。但杨雪培也认为，能够在巨幕放映的最好还是通常意义上的“商业大片”，相对节奏较慢的文艺片并不适合在巨幕放映，“《蓝精灵》开头那一段坐着鸟飞的情节，在巨幕观看就有一种失重的感觉，像是坐太空舱一样，如果没有那么大的银幕，就没有那么明显的感觉，巨幕让电影更具备了临场感。”争议三：“中国巨幕”为何如此便宜？尽管宣传资料上称DMAX系统成本仅需IMAX的10%，但参与DMAX研发的中国电影科研所所长杨雪培还是强调，只能说“中国巨幕”成本要大幅低于IMAX，究竟便宜多少还要视情况而定。俗话说一分钱一分货，那成本动辄超过千万，票价动辄过百元的IMAX是否真有过人之处呢？杨雪培表示，IMAX拥有多项专利技术，在某种意义上还是处于垄断状态，影院要拿出相当一部分的票房收入和IMAX公司分账。此外，IMAX公司每年都要向影院收取版权许可费用，这笔费用在7万美元到10万美元不等。杨雪培甚至还认为，“IMAX影厅建设费用超过1000万人民币，个人认为有一半是IMAX品牌的价值。很多美国人都不理解，为什么你们中国有那么多IMAX影厅，我们都买不起。如果各类费用没有那么高，IMAX票价也不至于高那么多。”尽管DMAX系统在各个环节还是使用进口品牌，但最近几年，许多具备独立知识产权的放映系统配件逐渐走到了市场。杨雪培表示，国产的大功率数字疝灯灯泡，凭借物美价廉的优势，已经远销海外，“他们卖12000元，我们卖6000元，以前影院用的都是欧司朗、飞利浦这样的进口货，现在越来越多的影院开始使用国产灯泡了。”此外，国产20多米高的金属幕也已经在安徽马鞍山开始生产了，美国的公司曾专程去考察，并且准备开始从中国订货。此外，维持双机放映图像重合的图像处理器，中国也具备了自主的知识产权。这些应用都将会在“中国巨幕”中出现。部分核心产品的国产化，也是“中国巨幕”降低成本的原因。这些设备不再依赖进口，拥有独立的知识产权，也不会被外商漫天要价，一定程度上争取了主动。虽然中国放映设备的国产化逐步提高，但杨雪培承认，巨幕系统中两个非常关键的环节：放映机和服务器，还必须依赖于进口。而放映3D电影的灵魂组件——3D设备，目前绝大多数也要买老外的。DMAX刚刚面世，同IMAX比起来放弃一定程度的品牌价值，用低廉的价格来吸引影城加盟，是再好不过的办法。而将许多放映设备做叠加的方法，也颇似电脑城里的兼容机，也就是俗称的组装电脑，虽然配置不逊于品牌机，但价格显然会便宜许多。正如杨雪培所指出的，“中国巨幕价格要视情况而定”，这就与兼容机可以根据顾客要求，自由选择机能不一的电脑配件有异曲同工的感觉。争议四：DMAX到底是不是兼容机？标准的IMAX银幕尺寸在22×12.5米以上，而UME双井影城的DMAX银幕尺寸为20×12米，比标准IMAX略小。北京UME影城经理刘晖介绍，UME华星店的IMAX影厅有387个座位，而UME双井店的DMAX影厅则有360个座位，不过两个影厅面积到底分别有多大，刘晖也没有详细的数据。再来对比一下IMAX与DMAX的“配置”。长期研究影院放映技术的行业专家赵松(化名)介绍，虽然其他公司会帮助IMAX制作定制产品。比如数字芯片是与德州仪器的DLP(数字光处理)设备进行的合作，数字放映机是科视授权的，但IMAX的核心技术都是自己的，是一整套完备的放映系统，每一个环节都打上了IMAX的标签。而DMAX的设备则来自多个供应商，放映机来自比利时的巴可，银幕来自英国的哈克尼斯银幕，音响则是巴可公司的11.1声道音箱，3D设备是韩国的Masterimage。赵松总结认为，IMAX就好像是个人电脑中的品牌机，DMAX更像是个人电脑中的兼容机。这个比方非常生动，也衍生初更新的问题——巨幕系统的售后服务如何解决？IMAX公司的工作人员介绍，IMAX的放映设备如果出现程序问题，会有专人进行远程数字登录解决问题。如果是胶片和硬件设备出现问题，公司会派专人前往影院解决问题。除此之外，IMAX公司还会对客户购买的设备进行半年一次的定期检查，第一年不收费，以后需要收费。刚刚开始推广的DMAX目前尚未开始面对维修问题。但显然，在这一点上，它远远不及IMAX的一条龙服务。所有来自世界各地的产品，都需要由相应环节的供应商来做维护。放映机坏了，就要找放映机的供应商，3D系统坏了，就要找提供3D系统的公司。中国电影科研所所长杨雪培希望，“中国巨幕”将来也要有专业的维护团队，实现像IMAX那样实时在线维护，并且将各个行业技术融合到一起，“反正不能让IMAX垄断这个市场。”结语：中国巨幕来势汹汹，获得了媒体和行业内的广泛关注。但到底它与IMAX相比效果如何，由于《蓝精灵》没有IMAX版，因此还无法做直观的比较，但中国巨幕迟早要与IMAX正面交锋。在这场战役中想要获胜，光靠赚快钱的思路是肯定不能成功的。中国巨幕要想占领市场，除了要争取知识产权自主外，还有学习国外公司优秀的管理技术，专业的经营理念，以及数十年如一日的专业精神，这样才能将中国巨幕经营为“百年老店”，而非像“EVD”(一种数字光盘格式)等“中国概念”一样，成为昙花一现的商业噱头。中国电影科研所所长杨雪培认为，随着4K数字技术的不断完善，未来的数字放映将会以4K技术作为高品质的标杆，中国只要有200块4K银幕，就可以满足观众基本的观影需求。,2,9,0.998761773109436
刘璇纪录片《那美》：疗愈孩子更疗愈成人(图)清晨跟晨曦对话，星夜与蛙鸣合奏，自己染布作画，也爬山，下水，烧火，做饭，关心小鸡的冷暖，植物的生长。这便是“灵性教育”倡导人萧望野在云南大理的教育实践。她创办“那美”，目标很简单，“让孩子从小对世界有一种理解力”。而在纪录片《那美》的导演刘璇的镜头里，伴随被唤醒的孩子们的灵性的，还有父母们的焦灼逐步被疗愈，以及那些温和而不失刺痛的社会反思。“这个社会主流人群的状态还没被记录下来”影片开始，是一帮妈妈带着孩子来投奔萧望野的“那美夏令营”，灵性教育，是她们缺失且期待的，“我从小给女儿买很多很贵的芭比娃娃，但是，这是她真正想要的童年吗？仔细想想，是在满足自己的虚荣，弥补物质匮乏的童年。”或者，“过了三十，事业更成功，但是更困惑了，幸福感？好像没有增加。”妈妈们的访谈，贯穿纪录片始终，她们带着困惑与期待，到大理赴约，希望现在自己感受到的困惑与无力，几十年后不会在孩子身上重演，而这个愿望的实现，首先起步于童年教育。“她们从天涯、豆瓣上知道萧望野，了解了她的支教经历，从广西到云南，她一直在坚持自己的‘灵性教育’。萧自己也有一个女儿，通过她不定期组织的‘妈妈互助会’，妈妈们觉得‘那美’会是一个好的契机。”刘璇聊起她的拍摄初衷，“好多纪录片是关于风俗人情、少数民族，或者边缘人群，比如矿工，我们因为关注而关注，但他们自己其实并不会看到这些作品。并不是这样的作品不好，只是，这个社会主流人群的状态实际上还没有被记录下来，整个时代是什么样子？包括精神状态、世界观、价值观，是什么样的？就像我会关注历史中的时代主流，我想将来也会有人想知道我们这个时代的主流人群，在面临和经历什么？”不同程度的焦灼，是几位妈妈面对镜头时说的最多的，而孩子这面镜子，更映射出她们在当下的困惑与局促，当物质生活日益富足时，哪些美好正在悄然流失？或者说，从一开始就被扼杀了？萧望野代表了一种希望，“比如，我们不会在教小孩画画时，让小孩在一个框框里填颜色，那是强迫小孩服从于一种标准。像鹦鹉和猴子那样模仿别人的课程，不能带来精神力。”在她看来，心灵像一面镜子，去反射精神的光，“反射得越明亮的时候，我们把这种状态叫灵性。”“国外的艺术教育已经很成体系”“那美”原是萧望野在广西做义务教育时的地名，外人看来，很偏远，环境也相当糟糕，但她欣喜于“获得了充沛的时间来阅读、冥思、祈祷和反省”，还完成了《那美》这本书，后来学校因为种种原因关闭，一帮理念相似的朋友，又助她迁到大理，继续“那美”身心灵合一、与应试不太相关的教育事业。片中，孩子们清晨需跟晨曦对话，星夜与蛙鸣合奏，自己染布作画，去洱海源头寻找自然的能量，看白鹭翩飞，也爬山，下水，烧火，做饭，关心小鸡的冷暖，植物的生长，每一次的学习，都身临其境，因为“那美”的理念就是，“要对色彩、音乐、语言、文字、文化……有一种精神范围的研究，这样它们才会真正有生命”。“其实国外的艺术教育已经很成体系，比如德国的华德福教育体系，就被认为是未来教育的典范，它提倡必须有一套能照顾孩子身、心、灵整体发展的教育方式，它的理念就是，我们不应该问一个人生存于现今社会应该具备哪些知识与能力，而是应该问，这个人的内在潜能是什么？以及他的发展方向是什么？”刘璇坦言，目前在国内讨论这样的教育模式，还没有很好的气候，“办学还是得有统一的教学大纲，但有了大纲，又何来区别？”甚至，为了电影能顺利立项，纪录片也只好选择了“那美夏令营”这个角度。对孩子们来说，这是个趣味盎然的夏令营，比3D电影来得更立体过瘾，而对他们的妈妈们而言，更加意义重大，“我觉得我受到的影响，比女儿要多”，而这也正是刘璇和萧望野温柔呐喊的初衷，“影响父母，解开他们的困扰，当他们不受束缚了，孩子的灵性开发才可能事半功倍。”对话刘璇“有很多人想要突破”记者：你曾在徐静蕾公司当制片人，为什么出来拍部纪录片？刘璇：到2008年的时候，觉得自己有点浮躁，跑来大理调整，之后每年会有半年时间在这儿待着一直想拍个纪录片，回来正好遇上“那美”，这个题材不那么表面，有得拍。其实当时还采访了两位著名画家，其中台湾70多岁的知名画家韩湘宁就说现在大陆的教育状况很像他小时候上学时的台湾，有很多人想要突破，而后来确实也实现了。记者：如果“那美”成为一种长期教育模式，这样的冒险成本会不会比较高？刘璇：能做这样尝试的家长，一是他有在物质和精神上足够的自信，可以让孩子自由发展；第二是他对教育体制很失望，期待改变。“那美”可以打动很多成年人，是因为时代和生活确实遇到了一些问题，要不要改变？怎么改变？这是非常值得探讨的问题。,2,3,0.3694378435611725
孔子动画亮相纽约广场 携现代山东老乡作揖问好据新华社今晨消息，中国历史上广为人知的先贤孔子的行教画像10月1日以全新的“作揖行礼”的动画形式亮相“世界的十字路口”美国纽约时报广场，将中国人自信大方的谦谦君子之风传递给世界。   ●形象短片孔子携现代人作揖  传达“仁”与“和”这个长度为30秒的短片用富有感染力的水墨画描绘孔子形象，以孔子标准的“作揖行礼”动作贯穿整个短片。片中孔子两手相交，手心向上放在胸前，身子向前略倾，表现出谦恭礼让。短片于10月1日在位于时报广场2号楼、由新华社租赁的238平方米户外液晶显示屏上播出。每年有近一亿人有机会一睹孔子及其故乡的风采。片中选择了不同年龄、不同性别的山东人，以孔庙大成殿、泰山、黄河及青岛海滨等场景为背景行作揖礼，片尾处则是孔子带领这些现代山东“老乡”全家福似的一揖。动画版的孔子形象创意来自唐代吴道子的《先师孔子行教图》。孔子作揖，传达的是中国传统文化中“仁”与“和”的精神，而现代人的作揖则是对这两种精神的传承。近年来，随着儒家文化的复兴，世界对孔子思想的认同感日渐加深。截至今年5月，全世界已有100多个国家和地区建立了300多所孔子学院和400多个孔子课堂。●市民反应“真想亲自去孔子老家看看”纽约市民勒迈尔在时报广场上看到孔子的画面，觉得非常新奇，他说没想到自己在课本里学到过的几千年前的中国圣人会出现在时报广场大屏幕上。“这说明古老的东方文化在今天依然具有影响力，而且是可以跨越国界、互相借鉴的。真想亲自去孔子的老家山东看一看。”他笑着告诉记者。●专家解读象征中国国力上升美国佩斯大学孔子学院副院长周燕玉表示，9月28日是孔子诞辰2562周年，10月1日是中华人民共和国成立62周年。孔子形象在这个时间段亮相时报广场特别有意义，不仅向世界展示了中国的古老文化，也象征着中国国力的日益上升。“儒家思想所倡导的仁者爱人、天下一家的思想在当今全球经济不景气、地区冲突不断的背景下显得格外重要。”她说。整理/记者 程磊,2,5,0.5644883513450623
乔布斯去世引娱乐圈震动 与娱乐业渊源深美国苹果公司5日宣布，该公司前首席执行官史蒂夫·乔布斯已去世。享年56岁。消息一出，竟在微博上引发了从明星到草根的全民刷屏运动，这大概就像微博网友崔斯坦说的那样：“作为一个‘科技见仇’，我知道乔布斯是因为动画。在没见过真人照片之前，他在我心目中一直都是伊娃的样子，而其他人则像瓦力那样痴迷着他。”乔帮主与娱乐业的渊源到底有多深，要从皮克斯动画工作室说起。    1986年，前身是卢卡斯电影公司旗下工业光魔公司的电脑动画部的皮克斯动画工作室(Pixar A nim ation Studios)，被卢卡斯包装成电脑硬件公司出售。当时刚因苹果公司政变，被扫地出门的乔布斯以500万美元的价格买下了它。在乔布斯的经营下，1987年，皮克斯的第一部短片《台灯父子》(LuxoJr)获得奥斯卡最佳动画短片提名；1989年，动画短片《锡兵》(Tin Toy)赢得了奥斯卡最佳动画短片奖；1995年，皮克斯与迪士尼合作的第一部动画长片，也是影史上第一部完全由电脑制作完成的动画长片《玩具总动员》上映，成为了当年的北美票房冠军！《玩具总动员》的成功，让乔布斯拥有了10亿美金的身家，也让濒临倒闭的苹果公司的高层，看到了乔布斯的能力，1996年12月，乔布斯以胜利者的姿态，重返苹果公司。2006年，迪士尼以74亿美元天价买下皮克斯。乔布斯从此成为手握迪士尼7%股份的第一个人大股东。自1986年起，皮克斯动画王国出产了11部动画长片和19部动画短片，不仅给全球影迷带来无数欢乐与感动，更实现了动画电影票房、技术上的完美飞越，毫无疑问，当中乔布斯本人与苹果公司都对皮克斯作品产生了不可低估的影响。娱乐圈大佬们这样说著名导演乔治·卢卡斯：史蒂夫的魔力是当其他人安于现状的时候，他却能看到所接触的所有事物真正的潜能，并在追求梦想的道路上永不妥协。迪士尼首席执行官鲍勃·伊戈尔：乔布斯的遗产不仅局限于开发的产品或创立的事业，他激发了成千上亿人的灵感，改变了人们的生活，重新定义了文化。史蒂夫在彻底创新和想象力方面是那么的“独创”，他定义了一个时代……他的过世使世界失去了一位罕见的创新者，迪士尼大家庭失去了一位成员，我失去了一位伟大的朋友。皮克斯首席创意官约翰·拉塞特与主席艾德·卡姆尔：乔布斯是皮克斯大家庭的指路明灯，他早于我们所有人看到皮克斯的潜质……他给了我们机会并相信我们制作电脑动画片的梦想……他将永远是皮克斯DNA的一部分。时代华纳CEO杰夫·比克斯：世界因为史蒂夫而美好，通过他创造的产品，我们公司述说的故事更丰富。他是一个活泼且无惧的竞争者、合作者、朋友。在我的一生中，社会充满不可思议的技术创新，史蒂夫是一个标志，他的遗产将被追忆千年。,2,9,0.5839754939079285
郑裕玲与周润发早年激情床戏曝光(组图)回首郑裕玲的爱情故事，其实在多年来，香港媒体报道得最多的并不是甘国亮跟吕方，而是周润发。周润发和郑裕玲一直被视为“无线”最受欢迎的情侣档。当年，很多观众都希望郑裕玲与周润发能发展成为真正的情侣。,2,3,0.9804696440696716
1500套《梅兰芳》服装件件都是戏(组图)推开第二道门，白衣如雪的梅兰芳正在画眉更衣。他有些心不在焉，因为他心里有一个女子———那个女子简单地留着短发，旗袍没有装饰。她是孟小冬。他们相遇相爱，然后别离。造型师陈同勋觉得只有白色能代表梅兰芳的气度，而得不到爱情的孟小冬旗袍的颜色都偏冷色调。“我要一个‘老’字了得。”这是陈凯歌对《梅兰芳》造型的指示。很简单，却也很难办。造型师陈同勋曾经跟陈凯歌合作过《无极》，他发现这是两个完全不同的活，“《无极》可以天马行空，但《梅兰芳》却要在最小的余地里做出最好的东西”。最后，他帮《梅兰芳》做了1500套衣服，连群众演员的衣服都是手工做的，全剧组光试装就试了半年。【角色造型】●梅兰芳 技巧：拉长“余少群和黎明的身材都比梅大师本人高大，但戏服穿着就好像度身定做，这事太神了，我至今想不通。”熟悉孟小冬的人毕竟不多，但梅兰芳家喻户晓，因此黎明的造型师是最难做的。好在黎明本身成名的时间很长，骨子里已经是个明星，这让他跟梅兰芳在骨髓里有极其相似的地方。我要做的，只是让他显得更内敛，更文静。他的衣服在裁剪方面都非常合身，而且要拉长，让他显得更修长，以加强旦角那种文弱的感觉。梅兰芳的衣服总共做了40套，黎明穿得最多。除了体现梅兰芳的风采，我还要做到一点———让他跟孟小冬在一起的时候有那种天衣无缝的和谐感。长衫最小的梅兰芳是于小彤扮演的，他也是新版《红楼梦》里少年贾宝玉的扮演者。他演的梅兰芳才13岁，处在清末，因此留着小辫子。这个孩子基本不用化妆，就是体现他的单纯，晶莹剔透。一笑，就透着一股无邪。这个阶段，他是穿长衫的。在余少群和黎明的阶段，他们的衣服就有了变化。同样穿长衫，早期下面打的是绑腿，穿的是布鞋，到后期就改为长衫内套着西裤，穿皮鞋。西装 梅兰芳的中年时期，他开始大量地穿西装。我找了一个老师傅，让他完全按当时的西装重现，这人原来在英国当过裁缝，做出来的西装很有绅士味道。梅兰芳在纽约大街演出的时候，有两套衣服——一件灰色偏暖调的西装，还有燕尾服。演出后，他有长达九次的谢幕——先是穿花旦戏装，后来换上燕尾服，最后换上中式长袍。每换一次，都是惊艳。戏服戏里，梅兰芳在舞台上唱戏的镜头，穿的都是梅大师本人当年的行头，总共有9套。有些行头，连梅葆玖都没上过身。有一套他唱《黛玉葬花》的，是梅兰芳早年穿过的，见过这件衣服的人如今都不在了。这衣服没有洗过，气息还在。有件事情很有意思。余少群和黎明的身材都比梅大师要高，尤其是黎明，肩膀很宽。但是，梅大师的戏服，余少群穿着特合身，就像专门给他定做的。黎明穿着，同样没觉得衣服小。这事太神了，我至今想不通。,2,6,0.9413698315620422
王家卫获聘香港公开大学荣誉教授(组图),2,7,0.5991430878639221
苗圃打进《刺陵》 时装大片展小女人一面(组图)来源：《时装》杂志 合作方供稿印象中，苗圃一直是电视热播大戏里的宠儿。从《五月槐花香》、《范府大院》开始，她参演的戏几乎没有收视率不高的。而她受观众欢迎的程度也非同一般，《走西口》热播时，她饰演的豆花甚至让男观众喊出：“娶妻定要娶苗圃”的口号。2008年~2009年对苗圃而言是事业更上一层楼的2年：《走西口》大红；进军电影圈，挑战了《樱桃》中的“智障母亲”，《证人》中的“植物人”，《高兴》中的“破烂女”等超级考验演技的角色；2009年刚刚过半，已拍摄了《刺陵》、《一不留神》、《雷锋》、《牛村规则》、《民国往事》等作品。如此成绩，让人刮目相看。然而，在接受采访时，这位在我们眼中勤奋、勇于接受挑战的女星，却出人意料地评价自己为“懒、想做就做、偶尔小女人的个性美女”。自称懒的苗圃其实很忙，将她现在的生活形容为“不是在工作，就是在去工作的路上”并不为过。抓住她采访的时候，正是她《刺陵》杀青，赶往《牛村规则》剧组的路上，因此所有的话题就从刚刚杀青的《刺陵》开始。《刺陵》是苗圃与周杰伦、林志玲共同主演的科幻寻宝电影，由于电影涉及沙漠寻宝、盗墓等情节，所以剧组在宁夏沙漠拍了很长时间戏。在沙漠拍戏条件非常艰苦，沙暴不断，耳朵里进沙子、脸被天然磨砂膏(沙子)磨掉皮，说台词时吃一嘴沙子都是家常便饭。对女明星来说风沙自然是好皮肤的天敌，为此九头身美女林志玲特意打包了两大包护肤品进剧组“抗沙”。而问苗圃是否也有做护肤功课，她的回答随意中带点洒脱：“林志玲送了我一些护肤品，不过那种环境里，用什么都很难护肤吧。”据说，苗圃在《刺陵》中演的是一个武功高强的沙漠女首领，看她对护肤的态度，确实透出了点不爱红妆爱武装的意思。《刺陵》的动作导演是程小东，有了这个名字做标签，《刺陵》自然不可能缺少打斗镜头，而苗圃作为《刺陵》里的高手，需要十八般武艺样样精通。原本，因为苗圃没有功夫底子，程小东为她准备了替身演员，但很快程小东就发现苗圃能完成不少高难动作，于是，亲身开打就成了苗圃在《刺陵》里面对的最大挑战。对于苗圃飞檐走壁的“功夫”，程小东毫不避讳地赞美，称她已可以当新一代的武打女星。苗圃却很客气，说自己只是完成了让自己感到很过瘾的挑战，而之所以不怕拍打戏，是因为出身戏曲世家，打戏看多了。谈及工作，苗圃不愿过多地评价自己，提到程小东如何敬业，周杰伦如何严格要求自己却能滔滔不绝。我问她，你不知道在别人眼中，你也是个严于律己，拼命三郎式的人么？她一改之前的豪爽，仔细想想，才道：“每个人都是多维体，大家看到的可能只是我性格中最大的一面，其实，生活中的我跟工作中也有不同。”接下来，我听到了她关于懒、想做就做、小女人、非美女的自我评价，在苗圃坦率、快乐的叙述中，一个我们并不那么熟悉，但却很生活，很可爱的苗圃缓缓走到面前……开飞机，是件让苗圃平添几分神秘和魅力的事情。几年前，当她宣布自己要学开飞机时，很多人还质疑她在炒作。如今，她已能拿着学员驾驶证在各个国家的飞行俱乐部驾驶飞机遨游苍穹，并充分享受飞行的快乐。问她为什么想学开飞机，她干脆的回答：“因为喜欢。”事实上，这份喜欢让苗圃吃了不少苦头，因为要进入飞行学校，需要经过非常严格的体检，而好不容易通过体检的苗圃在学习的第一年里，根本没有碰过飞机，她每天只能抱着两摞厚厚的书籍猛啃，学习认识仪表功能和飞机的理论知识。“我第一次看到那两摞书就晕了，当时就问教官能退学费么？因为那都是理工科的东西，我觉得自己一辈子都弄不懂，记不住。”可是，苗圃终究没有放弃，因为她说自己进飞行学校的第一天就觉得自己是个飞行员了，尽管那时，她是飞行学校里唯一一个私人学习飞行的学员。如今，苗圃说，驾驶飞机飞翔在天空中是她最大的享受，而飞行也教会了她很多东西，让她发现自己还有很多潜力，“在飞行的时候，你不能出任何错误，要做好100%的准备，而且要一个人处理所有的突发状况，这需要你有一个非常缜密的思维，这让我得到了锻炼，考虑事情变得更加成熟。这可以说是我学飞行的意外收获。”这就是苗圃，一个无论做什么都能让自己享受生活的女人。她看起来很复杂，因为她集勤奋、执着、慵懒、随性、梦幻、现实、假小子、小女人等矛盾的特质于一身。她看起来又很单纯，因为她所做的一切都只是在恣意享受自己的幸福生活，“不喜欢的事情，绝对不会做”就是她的人生哲学。,2,6,0.9717013239860535
皮克斯的《玩具总动员》 一切从车库开始(图)谁都知道，1995年第一部电脑动画长片《玩具总动员》问世并引起观影热潮，之后皮克斯的每一步都走得异常稳健，最终戴上了世界动画的王冠。但是我们下面要说的是《玩具总动员》之前的皮克斯，记住，那时皮克斯只是个名不见经传的小公司，它像皮球一样从一个大佬脚下踢到另一个大佬脚下。虽然天才的约翰·拉斯特建立了一个又一个电脑动画的里程碑，但皮克斯在很长时间里的收入来源是卖电脑和软件。下面，我们就要讲讲这个熟悉的名字背后陌生的故事。从伯克利的车库开始皮克斯一直以极其高超的技术力压群雄，而这个公司正是靠先进的技术起步的。说起皮克斯的早斯史，不能不提到一个人，伯克利大学的迪克·肖普（DickShoup）是计算机影像的先锋之一，他在1973年就在自己的车库工作室里拍摄了历史上第一部数字短片。一个偶然的机会，他遇到了继纳什之后最卓越的博弈论数学家雷伊·史密斯（Ray Smith），史密斯同时又是一个业余艺术家，他对电脑生成影像非常感兴趣。后来史密斯又找到了纽约大学物理学博士艾德·卡特穆尔（EdCatmull），后者十几岁的时候就制作过自己的电脑动画。这三个天才组成的小组开发了最初的电脑动画程序，卡特穆尔发明的电脑二维动画制作程序最终成了皮克斯的“CAPS”系统的基础。肖普最终只是以“基石”的身份被人记住，而史密斯和卡特穆尔则加入了卢卡斯的“工业光魔”公司的电脑部。给乔治·卢卡斯打工卢卡斯的电脑部1979年成立，史密斯和卡特穆尔的电脑图像工作室占卢卡斯影业电脑部的三分之一。1984年，刚刚离开派拉蒙公司，接管惨淡经营的迪斯尼公司的迈克尔·埃斯纳看中了电脑图像工作室。于是他投资完善了卡特穆尔的系统，取名叫“电脑动画制作系统”（CAPS）。这个工作室发明的另一个著名软件是渲染器“渲染者”（RenderMan），它成为其后二十余年间所有电脑动画的基础。同在1984年，天才约翰·拉塞特为世界上第一部大量运用电脑特效的影片《电子世界争霸战》（Tron）制作了近30分钟的电脑动画，随后加入了电脑图像工作室。拉塞特很快就投入到一部为他的儿子制作的动画短片《蜜蜂惊魂》（WallyandAndre B）的制作中。在这部短片中，人脸开始能做简单的表情，而蜜蜂有复杂的运动轨迹。而它的最成功之处是它有了完整的背景，每一片树叶，第一片草都在一个随机程序的驱动下自由摇摆，省去了以往动画师需要投入的大量工作。“皮克斯”呱呱坠地这时候，另一个重要人物出现了。被踢走之后官复原职的苹果电脑CEO斯蒂芬·乔布斯，在看到卢卡斯的电脑图像工作室的工作之后，他决定买下这个部门。乔布斯和卡特穆尔会谈后，把这个工作室正式命名为“皮克斯”。于是，1986年皮克斯正式诞生，到今年正好20周年。对于“皮克斯”的收购案，卢卡斯“漫天要价”1亿美元，而乔布斯硬砍到500万美元就成交了，他还另外向工作室注入了500万美元，事后证明这个交易太值了。在1986年，皮克斯的未来非常渺茫，但拉塞特的又一部短片《台灯父子》证明了这个工作室前途无量。他之所以选择台灯有两个理由：第一，他的小团队每个人桌子上都有一个这种便宜的台灯，它们也比较容易做成动画；第二，它可以证明电脑动画的威力，不用复杂的人物表情（当时电脑动画还不擅长于此），只用简单的图形和动作就可以传神地表达复杂的感情。《台灯父子》取得了伟大的成功，它不但让计算机科学家们印象深刻，而且也让电影业界眼前一亮。后来，短片的主角台灯儿子成了皮克斯的象征形象。虽然已经开始了迈向动画片领域的伟大征程，但皮克斯工作室的主业却还在贩卖自己开发的电脑软硬件，他们的员工不得不向Sun和SGI公司的朋友讨要二手电脑以维持公司的运作。搭上迪斯尼的大船1989年，拉塞特的第三部动画短片《小锡兵》终于赢得了一尊奥斯卡最佳动画短片奖。同年，迪斯尼公司用CAPS搞出的《小美人鱼》等影片大卖，虽然皮克斯公司并不能从中得到好处，但是它让迪斯尼公司注意到了皮克斯这个小兵。1991年，迪斯尼公司动画部的负责人卡曾伯格作出了一个令所有人震惊的决定，他和皮克斯签订了制作三部全电脑动画长片的合同，这是一个非常超前的决定，因为当时还没有太多人相信电脑制作的动画长片能成功。卡特穆尔和罗密斯曾经预言第一部电脑动画长片将于上世纪90年代中期产生，这时皮克斯离这个期限只有4年的时间了。在激烈的谈判之后，卡曾伯格终于同意增大皮克斯的分成，皮克斯可以拿到10%到15%的分成，拥有为片子开发的软件的所有权。迪斯尼公司拥有影片的版权，这意味着它有权不通过皮克斯公司独立开发电影的续集，它还拥有音像制品的全部利润。无疑，这个条件对皮克斯是非常苟刻的，但有什么办法呢？为了前途，忍了吧！“玩具”在风雨中飘摇两家合作的第一个项目是关于玩具的故事，定名为《玩具总动员》。对于这部影片的制作成本，卡曾伯格表示，他不会给皮克斯超过1500万美元，合作再次限入了僵局。就在这个坎儿上，卡曾伯格自己离开了迪斯尼公司，和斯皮尔伯格、大卫·格芬共同创建了梦工场。而乔布斯在开会时对史密斯大吼了一通之后，史密斯离开了皮克斯，开了自己的公司。好消息是，最终迪斯尼公司同意把制作费用提高到2600万美元。《玩具总动员》进展得非常缓慢，编导拉塞特做了30分钟的预览片，把它拿去给迪斯尼的执行官们观看，他们震惊了，批评者即使对这个故事抱怀疑态度，也对它的技术心悦诚服。迪斯尼通过了这个剧本，制作从1993年1月19日正式开始。《玩具总动员》的制作极富挑战性。主角伍迪牛仔有723个控制点，仅他嘴上的控制点就有68个。每一帧画面都要117台Sun和SGI电脑用几个小时的时间才能渲染完成。这部影片的幕后阵容非常强大，找来了汤姆·汉克斯和蒂姆·艾伦配音，兰迪·纽曼写歌和演唱。在制作开始10个月之后，11月19日，皮克斯突然迎来了一场无妄之灾。迪斯尼公司命令他们停止制作，并且威胁取消和拉斯特签订的三部影片的合约。原因是他们认为和巴兹光年这个人物比起来，伍迪这个人物太刻薄和卑鄙，这一天成了皮克斯的黑色星期五。1994年春天，拉塞特重新写了剧本，把伍迪描写成一个具有同情心的、父亲一般的玩具领袖。一日成名天下知最终的影片装满了1000张CD，有11万帧独立渲染的影像，每一帧影像都要花数小时渲染。而给人印象深刻的是，皮克斯只有27名动画师，其中包括那些制作广告项目的动画师，而传统的动画片需要至少75名动画师。在纽约的一次迪斯尼公司的晚会上，乔布斯亲眼目睹了皮克斯的惊人作品引发的巨大反响。几周后，乔布斯从卡特穆尔手里接过了皮克斯工作室经理的职务，卡特穆尔从来对“经理”这两个字不感兴趣，从此乔布斯成了皮克斯的掌权人。迪斯尼花了1亿美元用于宣传《玩具总动员》，巴兹光年的剪影出现在每一家“汉堡王”（Burger King）的店里，预告片占据了全美国的电视和影院。这回是皮克斯工作室的人开始担心迪斯尼在这里面投了太多钱，担心这些钱打水漂。但他们的担心是多余的。《玩具总动员》的首周票房达到了3910万美元，已经可以和制作费相抵，最终这部电影在北美拿到了2亿美元，对于动画片来说是了不起的数字。“皮克斯”成了一个家喻户晓的名字，这部电影证明电脑动画电影不但是可能的，而且是有利可图的。在影片上映一周之后，皮克斯公开发售公司股票，开始每股价格22美元，交易第一天就飙升至50美元，一下就使乔布斯成了亿万富翁。之后的事情就是大家耳熟能详的了。本报记者 刘铮 张文伯,2,3,0.5091284513473511
保罗纽曼与搭档罗伯特雷德福25年后再聚首(图)新浪娱乐讯 据有关媒体8日报道，37年前，因为布奇·卡西迪和日舞小子，他们成了一对具有传奇色彩的银屏搭档。醒目的蓝眼睛和精致的面孔为他们的成功和获奖做出了不小的贡献。今年，即使他们的年龄加在一起已经是151岁了，但是，保罗·纽曼和罗伯特·雷德福仍然气色不错，当然，即使是好莱坞的超级明星也难以摆脱岁月的痕迹。这周，33年前在影片《骗中骗》中最后一同露面的这对演员在纽约圣丹斯协会25周年再次聚首。在红地毯上，1969年西部影片中饰演布奇的81高龄的纽曼重重地斜靠在他的前搭档身上。他的颈前挂着一幅老式放大镜，这名奥斯卡获得者斜视着摄影师。虽然仍然保持着一贯的迷人微笑，但是，他的发际线现已成为银白色，并且已经后缩。至于70岁的雷德福，他也是布满皱纹，看起来不再象“日舞小子”，更象是“日落老者”。虽然，外界传说住在犹它州农场的这名前大众情人作了整形手术(雷德福和他的经纪人都否认)，但是，他确实经历了一次眼部手术保护自己的视力。这名《马语者》的明星作了一次眼部提升手术，因为他耷拉的眼皮影响了自己的视力。,2,0,0.9169375896453857
派拉蒙与梦工厂决定《变形金刚2》6月2日开机近日，多名目击者在洛杉矶及周边城市发现多辆《变形金刚》的车型，被标有“Slider”的拖车秘密运往某个地点，推测是续集拍摄地。令人不解的是，所有的金刚们完全曝光于公路之上，并没被遮掩上，制片方难道在借此宣传新片的拍摄吗？为了让《变形金刚2》赶在2009年6月29日顺利上映，派拉蒙、梦工厂与迈克尔·贝决定于今年6月2日正式开机。 moviesoon/文,2,8,0.4187070429325104
《变形金刚2》选择美国空军“埋骨场”为拍摄地Comingsoon的新消息称，《变形金刚2》又选定美国亚利桑那州的空军“埋骨场”(The Boneyard)作为一处拍摄地。美国空军“埋骨场”(The Boneyard)，全称为AMARC(航空维护与重建中心)，位于美国亚利桑那州南部城市图森(Tucson)，环绕于桑塔卡他里那山脉(Santa Catalina)之中，覆盖2600英亩面积，由美国空军物质指挥部掌管与整备其存放的各种航空设施。通常被俗称为“埋骨场”，是因为AMARC还承担着飞行器剩余零件的回收与使用过期机身最后处理的工作，另外从高空俯瞰这片辽阔庞大的航空设施储备场，极像尸骨遍野的战场，由此得名。目前AMARC储存了大约4200架航天飞机与许多其他种类的军用装备，它不单可以价值有效地节减税收，还可以在短时间内调度大量存放中的飞机-对停放在这里的战机采取防腐蚀与预先保存的措施，使其能在储存期间保持稳定的状态。另外，来自《空军时报》的消息，标题为“想在下一部《变形金刚》里上镜吗？”美国空军正在招募飞行员充当明年《变形金刚2》的临时演员，制片方想尽可能多地使用服役人员，并组成两队人马，分别定于今年6月2-4日、7月22-25日与7月16-17日、23日、8月22日、9月15-16日到洛杉矶参加拍摄，志愿者们必须熟悉武器与地面战斗操作，拍摄期间住宿饮食乘车费用由制片方报销。,2,8,0.6908270716667175
历代蝙蝠侠排座次 贝尔最高分克鲁尼最差(图)声明：新浪网独家稿件，转载请注明出处。,2,9,0.49729353189468384
低调而神秘的富豪低调而神秘的富豪一位辽阳媒体人对记者说：“刘忠田为人低调，而且不涉黑，不像袁宝?。”对于外界，忠旺集团非常神秘。在忠旺集团总部院里，有一座据称比厦门远华案中著名的“红楼”还豪华的小楼，专门招待来参观视察的领导。而占地18万平方米的忠旺集团内部，就像是一个微缩社会，吃穿住行都不用出门，外来者则须经过重重关卡，才能进入。辽宁的媒体和中央媒体驻辽宁记者站的记者，几乎都没有采访刘忠田的机会，许多记者都遭遇过被拒之门外的尴尬。忠旺集团一位员工告诉记者：“近期不用到集团来采访了，现在一切外来车辆和外来人员都不让进大门。” 刘忠田的低调，使人们对其产生了两种截然相反的印象，一种是认为他人很好，很随和；另一种则认为他很“牛”，而且是牛得不得了的那种。辽宁省某厅的一位官员就说，有一次，厅里组织本地媒体和外地媒体记者去采访，到了忠旺集团的大门口，保安连门都不让进，打了个电话，就说老板不在，无法接待。但没多久，这位官员就看到刘忠田的轿车驶出大门，扬长而去。对辽阳本地的官员，他也常常不买账。2007年时，辽阳一位官员带着一个急需贷款的企业主，到忠旺集团去请求帮忙担保，虽然来者以近乎哀求的口气保证说“对忠旺集团的担保会付出较高的利息”，但刘忠田未予理睬。但一位辽阳媒体人士以敬佩的口气说，刘忠田这人非常随和，也非常好心。他举例说，忠旺集团起家于徐家村，刘忠田这么多年一直对乡亲们非常好，给村民发米、面、油，对贫困户都是给上万元的现金。记者询问几位忠旺集团的员工对企业的印象，都说感觉像是在国企上班一样，一线员工每月工资2000元左右，在当地算是中上等，福利待遇较好，只要有大一点的节日，都会发二三百元，有时还会发油、面等。刘忠田很少出外应酬，大部分时间都是在集团内的各企业、车间里面走动，看到有问题立即指出来。“非常严厉，毫不留情面，但只是就事论事。”一位曾被训斥过的员工说。年轻的高管团队港隆实业董事长刘岩比刘忠旺大两岁，两人的人生轨迹相差极大，但最后却殊途同归，成为搭档。刘岩1985年毕业于北京联合大学，毕业后曾在北京一家低压器厂任技术员。在刘忠旺创办化工厂的时候，刘岩则在澳大利亚和新西兰留学，之后到香港创业。在港隆接手威力旺之后，2004年这家合资公司又变更为辽宁忠旺集团有限公司，刘忠田任董事长，刘岩则任副董事长。不过，据上市招股书，刘岩作为港方出资人和副董事长，并未进入董事局。一位忠旺集团的工作人员说，忠旺集团的负责人，就是刘忠田和刘忠锁兄弟，另一位执行董事勾喜辉负责管理日常业务，而“二把手”执行董事路长青，则专门负责上市事宜。勾喜辉与路长青都有专业背景，勾喜辉今年42岁，曾任长春市起重机厂工程师，后来到辽宁工作，从事铝型材模具设计，并进入忠旺集团任副总经理。刘忠田一向不抛头露面，即使是在路演和招股的过程中，也是由执行董事兼副总裁路长青代言，与投资者及媒体打交道。只有30多岁的路长青，是忠旺集团在2007年底从汇源果汁挖来专门筹划上市的高管，曾在投资银行工作，2003年加盟汇源，出任投资管理部总经理，后任董事会董事，在2007年2月帮助汇源果汁在香港上市。进入忠旺集团之后，路长青有了再度发挥专长的舞台，在金融危机之中，帮助忠旺集团改善了公司治理结构，引进风险投资，并成功地推动忠旺集团在香港上市。刘氏兄弟对企业的管理，几乎都是自学来的。其弟刘忠锁今年38岁，大专学历，曾担任过辽化纤维厂的供销科长，后进入忠旺集团，从辽阳福田化工有限公司经理一直做到集团总经理。一位到忠旺集团工作已经数年的员工说，平时刘氏兄弟很少在辽阳，大都到国内外的企业去考察、学习，一有好的经验、新的管理方法，就拿回到企业来试验。而集团办主任郑青山则更为年轻，仅有30岁，2001年在辽阳技术学院中文系毕业后就进入忠旺集团，主要负责企业文化建设、对外交流和党团工作，兼任集团党委副书记、纪检委副书记。(本报记者 高斌 发自辽阳),3,4,0.5875636339187622
倒霉 刚装修好的新房发大水本报讯(记者孙厚光通讯员陆红林)新房装修完还没入住，洗面台进水软管爆裂导致全房渍水，家具、地板无一幸免被泡坏，殃及电梯进水达7吨，导致电梯停摆。近日，遇到此事的彭先生快被烦死了。家住长江紫都的彭先生投诉称，今年5月4日他在武昌区小东门民主路的林国华洁具经营部购买了“樱花牌”水龙头、进水软管及下水管的系列产品，5月17日新房装修完工，彭先生准备8月份入住新房。7月28日晚上，新房的物业方打电话通知彭先生，他的家中有大量水流出，并导致电梯停摆。彭先生马上赶到新房，只见电梯已经停了。打开房门，家中俨然已经成了“泽国”：房间渍水达10厘米，地板、家具、房间的墙纸全部泡在水中。经检查，发现此次事故系进水软管破裂，当时水正从破裂处不断地喷涌而出。而物业方告知彭先生，由于彭先生家中的水大量地流入电梯，发现时，电梯中的存水已达约7吨之多，导致电梯最终停运，此次维修费用1.4万由彭先生承担。“赔了夫人又折兵”的彭先生无奈之下投诉到小东门工商所，接到投诉后，工商所工作人员予以调查。彭先生提出，这次事故导致地板、家具等损失差不多在5万左右，加上电梯的维修费，要求商家要赔偿6.4万。商家承认，此事确实由于自己品牌的进水管破裂导致，但彭先生索赔数额过大。后几经调解，商家最终同意赔偿软管破裂造成的经济损失4.4万(含电梯维修费用)，双方均表示接受。昨日，消费者已经拿到该笔赔偿款项。,3,4,0.7054240703582764
做经营者先做消费者车水马龙的大街上，十字路口，红灯高悬，喇叭阵阵，开车上班的人们因堵车而心烦意乱。就在这时，一个小伙子挎着帆布包，手中拿着一沓宣传单，从路边闯入车流中，向一辆辆车的司机递去宣传单，说：“看看我们的房子吧！需要时给我打电话！” 这样的场景对于开车人来说，每天可能都会碰到好几次。不同的司机反应不尽相同，有的连忙关上车门、有的摆手表示愿接受、有的干脆冲着小伙子大声呵斥、有的甚至愤怒地将刚拿到的宣传单扔出车窗外……每当遇到这种时候，意风家具董事长温世权总是主动摇下车窗，微笑着接下宣传单，并很开心地向发传单者说一句：“谢谢！”很多人难以理解，那种自己根本不需要的宣传单为什么要接受？接受了人家的宣传单已经算很礼貌的了，为什么还要说“谢谢”？温世权解释说：“也许这个宣传单对我毫无用处，但我的接受和谢谢却给了他一份希望，他期待着那个电话真的会响起来。”希望对于人类来说多么重要，它代表着一个人事业成功的起点，传达着一个企业文化的内涵。就拿意风家具来说吧，员工开车在大街上遇到散发宣传单者之时，角色是消费者，有选择拒绝或接受的权利；站到展厅里销售家具的时候，角色就是经营者，将面对消费者的拒绝或接受。生意人只有尊重别人，才能获得别人的尊重。很多时候，经营者和消费者是相互转换的，只有学会做一个存有感恩之心的消费者，才能真正成为一个成功的企业经营者。,3,4,0.9881673455238342
储兰兰：回潮 回归 怀旧建立在变字基础上储兰兰：今天也非常高兴跟各界的精英在一起，其实大家更多的是做实业的，做实体，我做文化，我有时候想想我能给社会带来什么？就是你自己演，观众在那儿欣赏，但是你给他们的只是精神上的，或者是审美上的享受，那事实上带来不了真正解决问题的事情。但是我又想，我说精神，尤其是文化可能它就是一个导向，尤其我现在做的京剧这个行业，我跟很多陌生人接触的时候，从外表上看，说你是唱京剧的吗？我说是啊。他说你怎么唱京剧了？像这种年轻人跟文化不靠边的人为什么选择了这个行业。所以我每次解释半天。我觉得现在的说所谓今天这个主题关注城市，叫回潮，我刚才听各位老师说回潮也好，说怀旧也好，或者是回归，最后我觉得总结一个字，反正都是在变，都是变，就是事物是运动当中的，我们京剧很多人就是说，文化这个京剧，他说怎么京剧一直没变，没有改革？从样板戏以后好像大家就越来越不喜欢京剧了，觉得京剧离我们生活越来越遥远。但是事实上是在变的，只不过变的动作不一样，可能方向上有些偏差，作为我作新京剧的这个事，刚才我给专辑的时候我今天为什么带来这个专辑，说为什么叫新京剧？我可能一句话，两句话说不清楚，但是你听了就知道什么叫新京剧了。可以说京剧的是两个阶段，一个是梅兰芳时期，大家知道京剧到了鼎盛时期；还有一个时期，当然是在特殊历史背景时期下的，就是样板戏时期。我觉得现在是不是这个时期又到了？大家现在开始又关注这个，京剧开始复苏了。当我看到白先勇做青春版牡丹亭的时候，我觉得太唯美了，但是京剧还是在做大制作的东西。比如说我们每年进京有一个会演，全国各个地方，省市，哪怕市，或者是有的县都会有京剧团，有些就是有这些戏剧团体的地方，可能就是名存实亡，很多是占着事业编制，但是很多人不在单位，因为他没有戏唱，没有欣赏的团体，所以自然而然就不存在了。但是每年文化部会有一个在进京的叫精品工程奖，全省都要拿出一台戏，或者是为剧团，或者为演员争夺梅花也好，各个戏曲的大奖，但是每个剧团在我们发不下工资的时候，省里也会投入一二百万戏，然后进京演出，最后道具，服装也就烂掉了。它有没有在变？有在变。它的艺术形式可能是借鉴了多种艺术形式，比如声光电的应用，过去京剧就是大白光，很普通的光，它是以服装，以表演，我说大家都把所有的京剧，大家在欣赏京剧的时候就是演员的表演，就是把所有的精力都体现在演员上，就是服装上。但是服装是为演员服务的，现在是把这些点都分散了。其实国家大剧院这样的舞台根本不适合演京剧的，像今天的舞台还是适合演的，利于演员的表演。包括演唱上，比如说现在有一种现象叫，京剧叫话剧加唱。他说的是普通话，然后很多语言最后加上京剧的唱腔，后来还有一段时期因为电视传播力度比较大，做了一段戏曲电视剧，盛行了一段时间，大家也看过从黄梅戏开始，京剧也做了一些，比如古装戏，穿着，服饰打扮都是电视剧的形式，突然就唱起来了，就显得很怪异。当然我们事业团体做了很多对京剧这种导向，这种改革，这种选择也好，但是都没有定位。    当然梅先生那个时期，那个时候只能到戏园子看戏，是京剧盛行的时期，我们也是生不逢时，但是就是说他怎么去迎合这个市场的？我觉得观众是最有话语权的。当然现在这么多多元化的艺术形式，这种娱乐方式冲淡了这种传统文化的浓厚的观众氛围，但是我觉得京剧自身和我们从业者本身没有找准一个定位。比如说梅兰芳他四大名旦都有一个团队，就像咱们今天这个会所，我一来，我说又有传统的又有现代的，又有西方的又有东方的，整个是一个结合体。我说那你这个理念，或者从设计上得有一个很大的团队策划？应该是有的。梅兰芳那时候也有，包括梅兰芳电影上也体现了，叫梅党。程砚秋那个团队叫程党。他们每天晚上都会唱对台戏，今天梅兰芳演什么了，演嫦娥奔月了，明天程先生演所令郎，但是后天又会有新的作品出现了，两边都看着呢，就是在争取他的票房。梅先生唱一晚上可以挣下一个四合院，但是今天挣的是微不足道的。就是说把握市场对于我们京剧演员来说，从这种艺术创作来说有没有市场价值？    其实文化艺术形式也好，艺术作品也好，我觉得是应该是从市场研发开始，应该也有这么一个环节，我们恰恰没有。就是我们想一出可能我觉得还不错的东西，我们就做了，也不管这个市场需不需要。现在其实挺悲哀的，有一件事，就是什么呢？就是没有舞台去演戏。刚才王总说你什么时候演戏，我们去看一看，或者说我挺想看京剧的？我想了半天，我在哪儿演习你可以去看。我说我唱戏谁看呢？他说我看。那不能有一个观众，挺悲哀的，就是说演员需要舞台实践的，而你恰恰没有观众，没有市场。所以我说争取观众，像房地产也是，你没有业主了，你的楼卖给谁呀？说到住房环境的问题，因为我不能光说我的文化，我也得参与一下，因为我是大别山的，老家是安徽金寨的，从小就是山清水秀看多了，也感觉不到那个环境有多好，当我11岁到北京来上学，那时候沙尘暴特别厉害，95年，96年，毕业了以后上两年班，他们说到郊区玩一玩，找一个环境，有山有水的地，我说我就在那儿长大的，干吗去那儿，我说我就喜欢国贸，晚上繁华的景象，但是在前三年我开始慢慢转变了，我觉得这个城市应该远离城市，我应该到乡村去，还不如到老家去过一段时间。所以我觉得一个环境，一个氛围，包括我们演员演戏，唱戏也要一个环境和氛围。我现在最近可能第二张专辑要出来，我就在想，比如说做CD，CD就是你光给他听一个唱段，不说梅兰芳演这个会不会这样，现在老艺术家也唱这个，但是到你唱有什么区别？我觉得有的时候是需要回归的，回归什么呢？你给他制造这种音效的环境。比如说我们给他制造一种像在过去戏台子上有吆喝声，有叫好声，一个高腔耍过去，而且要叫的恰到好处。我说能不能制造这种环境和氛围，当然完全的回归是不可能的，因为我们现在在变，就是说梅兰芳先生那个时候的表演和唱腔拿到我们今天来看，其实有些东西是不美的，比如说咱们在审美的观念上产生了一定的改变，一说梅兰芳先生，我们从头到尾演贵妃醉酒，从头到尾他的眼神，他的程式都改过。但是我觉得根本的区别是什么呢？是美变了。比如说梅兰芳先生他会在过去欣赏理念上含胸，眼神和他的那种扮相上，其实看着我觉得并不是很美，那我们现在就得把胸部挺起来，这是女性美的一面，为什么不展现给大家呢？但是过去你就那么挺着觉得很难看，就是说审美在变化。反正我就觉得是变吧。,3,4,0.6699526906013489
元旦流行秒杀风  科宝博洛尼出奇制胜图为科宝博洛尼总裁蔡明,3,6,0.9448000192642212
光棍节京长两地闹市惊现11富翁征婚今年光棍节北京长沙两地繁华闹市街头同时惊现十一名身着名贵的礼服的男富翁集体征婚，在活动现场，十一光棍富翁们用举牌的形式倾诉着自己对单身现状的不满和浪漫的渴望、以及他们自己的条件。他们每人各举一个字连成标语，在完成四次标语后迅速消失于人群。11日下午三时，北京王府井和长沙黄兴路步行街口同时出现以上一幕，活动一开始，统一的穿着名贵礼服的十一名富翁们一亮相便赚足了路人的眼球，短短几分钟的时间便吸引了数百名路人驻足围观。随着活动的进行围观群众都不由自主的跟着征婚者的举牌一字一句高声读出牌上的字，“哥们要的不是寂寞是浪漫”“浪漫光棍节让寂寞滚蛋吧”，当读到这些标语之时，围观群众越来越多，交流、拍照、向征婚者打招呼等行为也开始出现，人群的热烈反响将活动气氛推到了顶峰。而现场观众的热情和征婚者的冷峻更是相映成趣，形成了光棍节闹市街头一道奇特的风景。现场围观群众王小姐在接受记者采访时就说光棍节看到这样一种浪漫有趣的事情，难得一见，特别有创意，也特别的新奇。同时也有群众表示征婚者勇气可嘉，祝福他们都能找到自己的幸福。现场有人笑称其为“钻石罗汉”，说其“钻石”是因为据称他们拥有丰厚身家，资产上千万，说其是“罗汉”不言而喻是因为他们全是清一色的光棍。这样的一群富翁走上闹市街头，进行集体征婚，自然成为了两地光棍节街头最受关注的事件。活动刚刚结束，现场的群众便议论这样一群家世显赫的富翁们，居然走上闹市进行集体征婚，感到惊讶之余，更多的是一种的不能理解，按常理说在人们的意识里，像这样的人群应该不至于会需要哗众取宠的街头征婚，那么究竟为什么会有这样的事件出现？或许从他们打出的标语中可以窥见一斑，“哥们要的不是寂寞是浪漫”、“浪漫光棍节让寂寞滚蛋吧”，他们需要的不是寂寞，而是一种浪漫的相爱。这也许是他们站出来的最主要原因。另外在活动现场一条显目标语更是引来的众人的注意和记者的特别关注。“求浪漫，有百万BOLONI厨房，管饭”这一标语的出现更是引来的无数网友的质疑，那么这次千万富翁的浪漫征婚，到底是富翁们在寂寞中的浪漫爆发，还是一种商业炒作？ 都还有待进一步的证实。,3,6,0.6811185479164124
"公益教育进入社区惠及千家万户(图)10月31日, 为了配合国家提倡安全、和谐的社会主题，由宁波市质量技术监督局、宁波市特检院、宁波雅戈尔物业服务有限公司与中国绿色电梯第一品牌-西子奥的斯电梯有限公司共同举办的“安全和谐进社区-安全乘梯公益教育活动”在宁波雅戈尔东湖花园小区拉开帷幕。该活动以寓教于乐的形式向社区儿童普及了安全乘梯常识，让更多的业主、更多的儿童了解和认识到安全乘梯的重要性。在安全教育活动现场，宁波市质量技术监督局副局长林如峰表示：“电梯作为特种设备，涉及到千家万户的安全和幸福，所以电梯的安全性和稳定性一直是质量技术监督部门的关注重点。我们希望在“质量和安全年”里营造出全社会共同关心质量安全工作的良好氛围。西子奥的斯电梯深入社区宣传安全乘梯，把安全理念带进千家万户，是一项非常有意义的举措。”宁波雅戈尔东湖花园是目前宁波市规模最大、设施最全的高尚住宅小区，总户数约3500户。小区有近百部电梯，每天电梯运行几万次。为了确保电梯的安全运行，宁波雅戈尔物业服务有限公司与西子奥的斯电梯公司协商在东湖花园小区里设立了电梯维保站，由西子奥的斯公司委派专业的电梯技术人员24小时值班，确保电梯安全。作为此次安全教育活动的协办单位，该物业公司相关人员表示，希望能提醒广大业主文明乘梯、安全乘梯，提高安全保护意识， 珍惜幸福生活。此次安全乘梯教育活动通过图解、卡通情景问答、安全知识竞赛等形式将乘梯文明、乘梯安全和遇险自救等知识生动地传递给了社区儿童，受到了家长和物业的热烈欢迎。随着高层住宅楼在现代居民小区的普及，电梯乘坐安全问题变得日益突出，由于中国居民目前电梯乘坐安全意识还相对较淡薄，正确使用电梯相关知识一直被人们漠视。各种因为电梯使用不当造成的伤害事故屡屡见诸报端。在安全和谐进社区的活动现场，西子奥的斯公司服务部部长沈健康告诉记者，作为奥的斯在中国最大的控股子公司，西子奥的斯不仅始终把安全放在第一位，向客户提供高质量的产品和卓越的服务，还同时致力于向公众宣传安全乘梯的理念，尽一个优秀企业的社会责任。“致力于‘做业主的好邻居’，秉承对业主、对公众负责的态度，我们将会把安全教育活动长期普及下去。”沈健康说到。安全教育活动现场，西子奥的斯还向小区业主分发了安全文明乘梯的宣传手册，手册以动漫的形式，将更多的安全文明使用电梯的知识带进社区，带给业主，受到了业主的积极响应和良好评价。据了解，西子奥的斯安全和谐进社区活动今年将覆盖全国多个一线城市，包括北京、杭州、上海、深圳、成都、武汉等。",3,4,0.4790918529033661
关注城市思想沙龙第二期于九朝会举行本期主题老建筑和新地标，谁更具有城市形象代表性时间：2009年4月24日地点：九朝会主持人：中国房地产报副总经理 韩炜烨 论坛嘉宾(排名不分先后)赵云伟 中国城市规划协会副秘书长王宏新 北师大房地产研究中心副主任傅 刚 美国注册建筑师、中央美术学院教授著有《都市生活》、《都市村庄》、《都市档案》梁井宇 场域建筑事务所董事、主持建筑师 王广善 北京海港房地产开发有限公司总经理刘松泉 合生创展北京公司总经理刘 江 星河湾华北区营销总监王 丹 伟业顾问客户发展中心副总经理陈 炜 博洛尼旗舰装饰装修工程(北京)有限公司总经理以下为现场实录：韩玮烨：今天是星期五，我们大家来这样一个特别有创意的一个建筑里面，聊一些我们虚无缥渺的人生理想、意识形态，聊一聊建筑，聊一聊我们应该住在什么样的城市里，应该住在什么样的房子里。这就是我们今天这样一个主题，叫“九朝会•关注城市”思想沙龙。我想就不用一一介绍各位了，刚才因为有一段时间，大家都已经非常熟悉了，很短的时间里都变成朋友了，我就留很重要的一段时间介绍一下我自己。我是中国房地产报的韩玮烨，在中房报四年一直写点大家也看不上的，关于地产金融，关于公司这方面的文章，带一些小孩，想方设法挖一些地产的黑幕，这就是我做的事情。也是借此机会结识了在座的各位，今天大家没有任何商业目的，我们感谢博洛尼陈总给大家一个舒适的东西，抛开商务的压力，聊一聊城市，因为在座的每一位都跟现在的城市发展、城市建设有关系。咱们俗套一点，还是先请我们的当家人陈总致一个开幕词。陈 炜：首先代表博洛尼和九朝会感谢各位能够来到九朝会这个地方，进行一个思想的碰撞。为什么发起这样一个活动？首先讲讲九朝会的情况，九朝会顾名思义是九个朝代聚在一起，我们这个会所希望能够打造一个文化和思想聚集的地方。我们发现，从魏晋南北朝到明朝九个朝代，贯穿了整个中国传统文化的脉络，这个脉络就是我们想提炼出来的士大夫的文化精神。士大夫作为中国传统最低的一个贵族，其实也代表了中国的文化和思想的根基，等会如果大家参观九朝会的话，会感受到这个九朝会基本上是以中国传统的文化元素为基础，而自我设计、自我提炼出来的一个充满设计和创意的一个会所。昆曲作为这个戏楼的主要一个部分，昆曲也被联合国评为世界四大非物质文化遗产之首的这样一个文化艺术，为什么会有昆曲这么优美的词句呢？其实都是文化上的精英和一些士大夫，大家坐在小桥流水边，听着自然界的声音，拍着石头想出了一些优美的词句。今天希望大家能够在一起互相畅谈理想、畅谈城市、畅谈自己的抱负，进行一个思想的碰撞。这里是一个自由的、能够自我发挥的地方，所以剩下的话题交给韩女士。韩玮烨：我就是一个抛砖头的，我往出抛砖头，大家每个人接龙，看谁接得上。在来的路上，我一直在想一个问题，这两年我也拜访了很多的城市，很多的市长在跟我说的话题，就是在我的市中心盖一个多少层高的高楼，它要作为一个地标，我要盖一个多么大的城市综合体，让它成为一个地标。我们今天的主题，也是古今中外一直关于城市和建筑话题里永远没有答案的话题，就是老建筑和新地标。我想第一个问题，也是我心中的一个疑惑，中国城市化这么多年以来，到底老建筑和新地标是不是真的这种高楼大厦、综合体才是一个城市的地标性的建筑？谁先接这个砖头？傅刚老师是我们清华大学的知名教授，傅刚老师刚和他太太成立一个建筑事务所，叫任何建筑，这个名字非常有意思。首先请您谈谈观念。傅 刚：这个题目有点大，我就说点小的，开始不太容易说得特别得深入，所以既然韩总已经点名了，我就尽力给大家暖一下场子。刚才您的问题是，是不是这些个所谓的新地标是城市，无非是助长有的一些局面，而且已经有了局面似乎在表达大家不尽满意的时候，才能想表达自己的文化，显得有学问。那么它到底是地标？我的答案，是。赵云伟：我就顺着这个话题说，其实我非常赞成傅老师的观点，因为城市要发展，城市发展了，就不能一味地守住那些旧的东西。为什么这么说？我们也不用去批评这些城市的建设者或者是决策者，可以拿国外的例子看，我们都知道，像巴黎、伦敦，这些都是世界上最有名的，一提就是古色古香传统街道的地区。那么这些地区，近二三十年的地标又是什么呢？可能每个人说到这儿，心里就有答案了。卢浮宫的金字塔、伦敦眼都是在这些地区做了当代的建筑，不管你承认与否，它都是存在的。当时定义为了建筑千年盛典，这个伦敦眼建设完了以后，政府认为只要有两年的时间就把它拆掉了，批的就是临时建筑，短期内有用途，用完之后就要拆了。但是事实证明，这些年的游客都会去那里旅游，所以不得已他们把它作为一个永久性的地标。像伦敦这个具有独特传统的城市，在泰晤士旁边这么一个核心的位置，能放这么一个伦敦眼，我觉得足够能说明问题。至少目前我们的城市管理者、城市规划者、建筑学的学者，还在中国没有这么强烈的对比实践，我们不能说谈大道理，谈个别的实践就能说明问题。起码西方的管理者，他眼睛看的是未来，而不是自己手中的传统。梁井宇：我觉得刚才开的头都是建筑师开头，我也不例外，我觉得首先我们得肯定追求这个标志性建筑的合理性。为什么呢？我们建筑师从我们自己正中下怀的角度来说，也是很对的，我们肯定每一个建筑师都希望能够做一个有意思的建筑。而且有意思的建筑有一个借口，就是标志性是有意思的一种可能。我非常赞同两位的话题，这个问题不是问题，什么是问题呢？就是如何避免我们城市里面出现的那些粗制滥造的，貌似标志性的建筑，但是破坏了城市的那些东西。怎么尽量避免，同时创造一些大家真正喜爱的，能够定义这个城市、甚至定义一个时代的那些标志物？我觉得这个可能是一个真正去谈的问题。说到更具体的这个问题，我觉得我也再引出来几个问题。是什么原因导致了那么多粗制滥造的不好的建筑物的出现，特别是近期内的中国出现了这么多。第二个问题是，如果说我们还要和老的标志物和平相处的话，实际还是要谈到一个问题，什么样的标志物具备永久性的价值。刚才也举了伦敦眼，我可以再举一个例子，为什么埃菲尔铁塔，从它建设的时候，每一个标志物都存在一个曲折的历史，当时人们都不喜欢它，到最后接受了它。荷兰的历史学家提到一个说法，你别管这个东西长得好看不好看，样子是什么样子，只要把这个东西建起来了，有足够多的时间让人们去接受，最终这些标志物都会被人们喜爱。他当时举的例子指的由于埃菲尔铁塔，我们国家有没有这样的例子。如果没有，我们在座的也有策划、开发商、建筑师，怎么样才能够和我们那些没有的标志物、或者有的标志物，能够创造真正符合城市个性、符合时代要求的价值。韩玮烨：您刚才提的这个问题，让我们想起来我们的央视大厦，应该是我们现在中国城市地标，我觉得首先要区分大城市和二三线城市，大城市对城市地标的定义，和我们的中小城市对一个地标定义的选择应该是不一样的。北京这样一个有历史文化传统的城市，原来它的地标一定是雍和宫、或者颐和园、或者是天坛，现在会很疑惑，什么是北京的地标，用什么来区分？央视大厦应该是一个地标，那么这样一个怪物，它对北京这样一个形象，有什么样的一个作用呢？可能就是您刚才问题的一个句号，这个问题谁想接一下？刘松泉：很高兴来到这么一个漂亮的场所和大家一起交流，我觉得这个问题，也是开发商的一个困惑。因为城市作为一个项目，它实际上要和城市的景观，和它周边，它们要有一个关联性。目前，我觉得北京这个地方的一个情况，还是管理部门的管理水平，第二个也是开发商的欣赏水平。因为过去一段时间，作为中国来讲，房地产发展的水平，它是一个很短暂的时间。真正把房地产作为开发、作为一个产业，它是很短暂的。那么在这个过程当中，进入的门槛没有低，大家都可以进，有块地，找个人去弄再一组合，我就很快地推向市场。而国内又确实存在强烈的刚性需求，使得大家不需要再考虑那么细致了，就是一个产品，大家更强调产品本身它的一个独特性。但是，他没有想到它成为一个车时的景观。大家没有想到，所有的人，住它的人、不住它的人，都有一个欣赏的问题。但是谁是一个决定者？谁来去审批它呢？咱们现在的房地产，实际上是有管理的，包括我觉得在高度问题、外立面的问题，材料的选择问题，它都是一个影响城市景观的一个方面。至于室内的平面，没人管你。所以，很多人在这方面，因为他不成熟、他不专业，所以他会想着怎么样能够批下来，获得这样一个投入、产出，带来经济效益。所以，我觉得往往是从个体上考虑问题，管理者也是从个体的角度考虑问题，他不会去考虑周边的关系问题。实际上咱们现在看到北京的很多地方，对整个城市的文明，咱们就说幸福大街这块，本来是什么样的城市的建筑群，突然冒出很高的一个东西搁在那。但是我发现，如果跟上海比较起来的话，上海的整个城市建筑和它的风貌，给人一个城市新兴的这样一个国际化的都市的感觉不一样。因为前多少年我去上海，到松江去，松江的一个规划局长就是一个博士，而且是从国外回来的博士，所有的城市规划要进行整个一个国际化的招标，就是城市规划招标。然后任何一个单体要进行深化的时候，符合我这个规划的时候，还要进行再一轮的深化。所以，我觉得这叫经营城市，不是做一个单体，它是在城市这个整体上。当然刚才谈到老建筑、新建筑的一个地标性，我认为实际上作为一个城市，它应该有一个地标性，老建筑和新建筑同样都需要，因为这是城市赋予了它一个东西。但是，房地产的开发，实际上它是一个地域性的东西，所以，它的整个建筑的风格、它的整个区域的规划、项目的规划，应该有它的特点。当然你说陈希同时代的时候，强调一个什么帽子，它也是想等于是把传统的东西给机械地去做，实际上就造成了不伦不类。所以我想这个事我们先从城市规划的管理者的角度，怎么去反思这个问题，所有的问题都是从这里出来的。建筑是没有责任的，我要标新立异，我要展示我的整个文化，我要去得到发展商的认可，我要去挣这个钱，商业模式，它只是个演员，但是谁来批准它这个舞台，谁让它有许可的资格，这是关键的。我就先说这些，谢谢！韩玮烨：王宏新是不是可以代表一下政府的观点？你们一直是政策解析者。王宏新：各位好！实际上刚才还跟王丹在说，本来来参加思想沙龙，有的时候市场的力量在主宰着我们的思想，我们的思想在迎合着市场。所以很无奈，我就接着这个讲，陈总讲到的责任让我特别震撼。刚才给建筑师作出了一种解释，韩总让我为政府说两句，我说政府也没责任。因为什么？我们今天政府的决策体制，包括对这种地标的审批，都是一种集体决策，这个集体决策是害文化、最害思想的东西。我们知道任何一个有思想、有文化底蕴的一个建筑，或者一个产品、一个设计、一个理念，它往往归诸于集体、大众，或者叫公众参与，往往就把文化的东西、思想的东西给害了。但是，偏偏我们又是一种集体的决策，所以说这个集体决策又是谁来决定的呢？其实又是中国的老百姓决定了这种制度。这个里面，我们经常用体制和制度去解释它，其实这里面包含了中国几千年的文化。恰恰在这里面我觉得中国的建筑也好、房地产也好、土地也好，一方面在它的产品在走向市场。另一方面，它的文化，我一直感觉到我们还在走1919年没完成的问题，我们还在搞新文化。事实上这就又讲到新地标的新了，我这个名字里带个新，我特讨厌这个字。我本来出生的时候，我父亲给我取的是天上的星星，后来村里面的人特别有水平，就给我改成这个了，他总感觉到要比天上的星星要更专业化一点，最起码可以说重复一点。事实上我就在思考一个问题，因为今天但凡是看到新的建筑、新的地标，一定有西方文化的精髓、西方的理念，一定代表了建筑师从国外带回来的新的文化。我们这个集体决策里最重要的问题，就是忽视了一个点和一个面的关系，整体面上的不和谐，让这个点上的地标显得特别别扭。但是我觉得会在实点上解决问题。比如说中华世纪坛出来的时候，有很多不同的声音，鸟巢出来的时候，人们有不同的声音，但是奥运会一完大家就在接受这个东西。是不是等这个时期一过去，老百姓又慢慢能接受这个央视大楼呢。有时候我们经常批评，一看就是从国外引进来的建筑风格，可能这里面最重要的是就是民众里有一个宽容的心态，我觉得这也是好处。转了一圈，如果说责任的话，可能就要推到文化的责任，我不知道这个问题由谁来接了。刘 江：我也说两句，上午我们开了建委一个会，朝阳区建委让朝阳区开发商都说一说，政府能帮什么忙，开发商有什么困难、需求让大家讲讲。我当时主要讲了一点，就是把一些制造城市垃圾的开发商赶回国外，先考察考察这个开发商再引进。我说三个意思，第一个叫不要为做地标而做项目，因为项目本身是有生命力的。第二点，到底是地标重要，还是项目对这个地段的贡献重要。无论是低价、配套，对这个地段的贡献重要，还是它成为一个地标重要？我觉得这个答案是不言自明的。第三个意思，前几年我在上海待了三四年，我发现上海新房子跟老房子，大家真的是各有所爱，各有所需，顺其自然，上海有很多新房子、很多地标，没问题，我觉得都爆满，无论是租售都不错。但是同时发现了我们很多的活动都是在上海的老房子里做的，实上海很多的老房子，根本不低于东方明珠的地位。我看到有一个叫中华九千上市的时候，就是在孔祥熙的老房子里做的。包括一些奢侈品的发布会，我们看到不是在大的五星级的酒店里，而是在有历史沉淀的老房子里。跟上海人聊也是，上海人对老房子的心理价值，我不敢说大于世贸中心，但是起码是平等的。我觉得大家没必要讨论到底谁代表城市，但是在老百姓的心目中，大家可能是各有所需，有人就喜欢北京四合院，有人就喜欢住高楼大厦。王广善：非常容幸，能够和各位教授、专家和业内同行坐在这里搞沙龙，心情有点小激动。特别是第一次来到九朝会，欣赏和学习了我们传承和继承的一些文化性的东西。特别是看到剧场的时候，一楼有一个舞台、二楼有一个舞台，三楼怎么样、包厢怎么样，其实这里有很多传承和继承性的东西，把中国的戏剧和相关的文化，可能在这个地方有一个很好的体现，同时也有一个很好的创新。在这个过程中，又把现代地东西融入进去。我感觉这个九朝会还是有点味道，应该说以后还是要常来这样的好地方。今天这个话题是关注城市，因为咱们来自于清华大学的、还有北京大学的各位专家和教授，你们有很高的理解。像改革开放30年，我个人理解，今天大家走到一起来，不分高低，我又是无名小卒。要说这个城市地标的话，过去一般大城市可能有地标，像北京天安门，那就是非常明显的一个北京的地标。只要来到北京，不管你是国内的、还是国外的，一定要到天安门前照张相，说我去北京了。如果说没到天安门去照相，好象就没去一样，当然咱们的长城等等，更多的一些地标性的建筑，这个应该说是历史的沉淀。实际上还有一点，刚才大家也谈到了，就是北京的四合院，实际上它不起眼，但是它的地标性非常强，那就是北京的特点。到目前为止，虽然我们搞旧城改造，作为城市的主宰者，把它作为好东西，一定要把它保存下来，出台各种政策来保护它，实际上就是保护文化和历史。现在所谓一些新的标志性建筑，特别是搞奥运会，出现了一些新的建筑，当然这些建筑，需要历史的检验，也许过上三十年、五十年，说这东西不行，你必须要把它拆掉，这就可能没有它的历史价值，没有保留的价值，所以经过历史的检验，就必然要砍掉。如果说它很好，代表城市经济发展，这也挺好。比如上海的东方明珠，到黄埔江上一定要留影，实际上大家逐渐在接受这个塔的建筑，应该说中国地标性的建筑如雨后春笋般崛起。改革开放城市发展，小到县城、大到省地级市，只要是搞一个新城市的规划，就研究要弄一个什么样的广场，在广场上我得弄个什么样代表我这个城市形象的一个标志建筑物，是一个建筑物、还是艺术品。都在努力构思这个东西，所以占地有时不大很讲究，到后期政府出文件说不能随意乱建广场。当然他建的目的，还是想给这个城市搞一个地标性建筑。因为现在是全民参与，各级领导，只要是在那个地方当大官，咱们就得想办法做点事。所以，现在严格地讲，叫鱼龙混杂，有些可能是很好的东西，有些也想弄点事，花的钱不少，这个领导开这个会、那个会，说非常有价值，投巨资要办。一建下来三四年，换了领导，又说这个怎么看不像样，又成了城市的垃圾了。当然因为我是开发商，作为城市的建设者，可能我们没有更多的主宰权。如果站在城市发展的角度，可能说有一些话语权。假如说在发展的过程当中，有一些对城市可能的一些符号、一些概念，能够给政府提一些有效的建议，说我们搞这个建筑，有利于咱们城市形象的提升，有利于咱们地标性建筑的形成，这个我觉得是作为一个地产商来讲，还是责无旁贷的。首先，你要避开垃圾建筑，还没过五年了就让人看上去难受了，这就是一个失败的建筑，更谈不上为这个城市增光添彩了。所以，作为地产商，我觉得应该从城市发展的责任角度，更多地去思考问题，做出更多的努力。大家在座的各位都知道，我现在正在忙活开发格拉斯小镇，占地面积比较大，规模也比较大，两千多栋，现在才开发了一百多栋。有很多的朋友来看，有的是有钱人，有的也是属于跟我一样，可能是享受不起这个别墅的人。我说你们来看别墅，不要是考虑买还是不买，要带着一种享受的感觉，这是中国改革开放，咱们自己开发出来的别墅产品。在改革开放之前，咱们基本上很少见到别墅，有的话，也可能在偶尔出国，在出国能见到。经过改革开放这么多年下来以后，在咱们手下已经也建设出来非常高档次的一些别墅，有欧式的、地中海式的、也有中式的，各种形式的都在百家争鸣。住与不住是一个方面，但是大家都在享受进步，享受我们自己共同建设起来的别墅，我想这样的心态一摆正，就没有问题了。我作为一个开发者、建设者，我都住不上，但我心里很高兴，为什么？我能给富人建别墅，让他们享受咱们中国改革开放的自己的成果，我作为一个建设者、一个开发者，我感到无比地荣耀。所以说，住与不住那是另一回事，如果说将来咱们三千多亩地的别墅群体，通过咱们这个团队的努力把它建起来了，我想也就是真正在咱们中央别墅区，代表着一定地标性的建筑诞生出来了，这可能也就是对于一座城市的一个贡献。韩玮烨：谢谢王总！听您的介绍，格拉斯小镇是中国建国六十周年是非常具有中国特色的人居性建筑。为什么起格拉斯这个名字？而不起九朝会这个名字？王广善：建别墅咱们采用了很多欧式、美式的，实际上他更多的是借鉴了这么多年在别墅开发商的理念。咱们在很多别墅上都叫了一些洋名字，实际上叫格拉斯小镇，也是从营销的角度，以及西方在这方面文化的积淀而起了这个名。更多的是想让大家知道，我们引用了法国一个具有悠久历史的格拉斯小镇的传统，来达到宣传咱们北京格拉斯小镇的目的。当然，更多的还是一些建筑元素还是从那边学来的，还是从营销的角度。比如说我叫王广善，比如说我们酒店，很多人起外国名字，姓都换了，都不叫这个名字了，那也是工作的需要。王 丹：今天特别感谢九朝会以及中房报给我这么一个机会。我坐在了一个“广角”的位置，面前的这扇窗使我联想到电影院的屏幕，有人说：电影是黑暗的梦想，坐在这里和大家谈城市和建筑，我感觉到了一种“光明的梦想”，由此我很开心。另外，刚才参观了九朝会，感受了一下从魏晋南北一直到红楼情结的中国历史元素洗礼，就像进入了一个时空穿梭机的旅程中，由此也特别开心。因为今天是沙龙，我想咱们可以选各种模式来表述自己的观点，因此我先给大家念一段简单的文字，之后再告诉大家我的观点。我简单念一下，这段文字来自去年林洁林总应邀写的一篇文章，叫《地产服务15年》。“有一次在京城俱乐部开公司董事会，房间里装帧的几幅老北京照片深深吸引了我，虽然是黑白的，但生动极了。看着照片，你能够想象到二三十年代北京的情景：那应该是德胜门的城楼，边上的护城河汇集成一个不小的池塘，水面上有三五人乘舟钓鱼，头顶上蓝天白云，岸上绿树成荫，一派非常宁静的夏日景象。虽然城墙上斑驳着岁月的痕迹，但古都的那种特有气质，能够透过时空直接打动你的心。我就简单念这么一段，当然在文章后林总也有很多关于我们地产服务对于城市塑造的反思，认为我们做了15年的地产，包括1997年掀起了欧陆风，包括小户型等一些过渡型产品的此起彼伏，客观而言，其实对城市的贡献是存在一些谬误的。刚才各位专家也讲到了，说城市标志性建筑，其实我觉得这个标志性建筑，和标识性建筑可能是两个概念。因为我觉得标识它可能指的是一个点，标志性其实是一个综合性的概念。比如当我们聊起城市，就会使我想到一个短片，那个短片的名字叫“城市的远见”，我觉得可能很多专家都看过。当时讲到的一个案例是德国的鲁尔工业区是怎么样变废为宝的，把这么一个区域建成一个孩子们可以在里面游乐、融影视基地、研发中心、攀援者的乐园等一体的，那么难道它不是一个城市的标志吗？回过头来看北京，为什么我念这段文字？因为我从小就有院落的情结，家住金融街边上一个由7、8个院落组成的小组团里，因此从小就感受着舒缓的生活方式，因此当大家问到城市这个问题的时候，我觉得如果它是个带有哲学意味的问题，那么一句话：城市是属于生活的！无论你建一个高楼大厦还是一个低密度产品，你一定是需要人的体验和考证的，需要给人们一种生活感的氛围，我觉得这是城市，而且也是在我们记忆中的北京。由此我说一下我的观点，两句话，一、从经营城市的角度去做建筑，无论你是开发商，无论你是政府工程，在规划的时候，都以经营城市的角度出发，经营城市并不是很功利的，或者是以经济追求为唯一导向的。实际上经营城市这个理念于中国已有很不错的例子，我记得大连的薄熙来说，“经营一个城市，是把它作为国有资产管理来运行的过程。”这个思路非常好，并且对于大连是卓有成效的。这些年我们接触到很多项目，现在项目区块越来越大，其中不乏很多未开垦的处女地，那么如何把它变成新时代的、或者区域层面的标志是我们该考虑的，而不是简单的做一个以自有想法为主导的标识，我觉得该打造的是一种情境交融。因此做建筑商也好、策划者、营销者、还有投资商，大家对建筑要有一种整体的全方位的感触，应该是共同在其定量的基础上去找变量，从一个全面烘托可经营城市的角度去做好的建筑。第二个观点，是结合民意的默契造城市。我们在日常的营销过程中，或者说在产品定位的过程中，于20、30年的房地产运作中，经常遇到的是本位的认为由于我喜欢、由于流行、由于我自己感觉这样的产品是好的产品，它的理念非常得独特、非常有感觉，它一定能卖出去。但时至今日，大家遇到了来自于市场的反馈，答案是“不科学的，没有与需求对等的产品不一定能卖出去”。如果你产品的定位、你的性价比不够好，你的东西细节不够精准、不够细致，你前期所做的对这个项目的分析、研究不足，比如说消费者，你没有跟他对接，你完全想的就是我建了这个东西，你一定要接受，是非常不理性的。因此我认为作为一个要销售的项目，需要进行市场达成的项目，就一定需要进行消费者调查，要了解购买者的需求、喜恶，任何一种购买和消费都不是强加的。同时，如果政府改造一个区域、做一个市民广场，做一个公建，是不是也希望大家能够接受它而不是拒绝它，而不是保留距离呢？我觉得一定是需要有一种拉动和亲和作用的，要让民众意向与你所做的建设融合在一起。因此无论做商品建筑抑或是公建，都需要考虑消费者和民意的结合，明了真正的需求。当今的发展时期，无论建筑塑造、城市塑造， 评判你的总会是作为消费者、体验者和传播者的民众。其传播直接影响到你的品牌、收益以及你的有序发展和持续发展，“得民意者得天下”。所以我的观点是两个，一个是“经营城市的角度做建筑”，二是“结合民意的默契造城市”。韩玮烨：我们还得回到我们的话题，实际上大家聊了一圈，我觉得话题集中是两个点。一个是老建筑和新建筑在我们这个城市里如何和谐共处。因为老建筑是大家的心灵家园，新建筑是咱们每年盯着GDP往前跑，我觉得这就是目前我们大城市里存在的老建筑、新建筑，哪个是城市名片的问题。对于新建城市来讲，是在一个接近白纸，这是中国近几年城市化发展过程里，中国的城市才刚刚开始涉及到这些东西。近20年来，施政者，或者政策参与者怎么样来理性地确定这个地标，我觉得今天话题可以拆分成两个小的话题。第一个话题，和谐共处的问题，刚才大家聊了很多，有聊责任，谁把北京给搞乱了。我觉得还是要想一下建设性的意见，就是说在搞乱的基础上，我们各个参与者，怎么样去修复的问题。我还是想听一下建筑师们和规划口的这些专家的想法，赵老师是做城市规划的，傅老师和梁老师是偏建筑的。是不是能再给我们一些好的想法。赵云伟：转了一圈，我觉得大家可能确实是站的角度不一样，每个人都有关注点，我记了很多的关键词，有的讲的是传承传播、有的讲的是文化、有的讲的是舶来，站的角度都不一样。其实新老建筑、新老文化之间，必然面临一个问题，就是一个传承。你如果看这个东西，它自己的审美、它自己的底蕴，其实是最重要的。它怎么认为它是不是中国的、或者不是中国的，我觉得这个问题真的要上升到哲学的过程，要不然没有办法去谈的。很多事我们可能有既有的思维，我有两个个人对于中国传统文化的心得，第一个就是关于包公，我们学了很多年的历史，都觉得包公是包青天。我遇到很多的老师，跟他们讲包公的故事，他们说难道你们中国只有一个包公吗？中国老百姓是这样一个心理，他希望自己作主，所以影响到文化上的差异非常大。美国的好莱坞电影都是个人英雄主义，咱们的电影最后肯定是一个部队来救你。另外一个就是岳飞，我从小都喜欢听他的故事，之后我才知道，岳飞宋朝人，我是金朝人，我是游牧民族的后代，不是大宋朝的后代，这就是很重要的一个传承问题，你的关注点或者你的角度站在哪个地方。我刚才表述的观点，为什么说我支持现代的地标呢？刚才谁提到一个词，生活。当代生活在一个世界里，反过来看，罗马不是一天建成的，是几千年建成的，其实在罗马找不到几栋楼是留下来的，大部分的建筑一次次被推平、重建，留下来的都是幸运的。但是每一个时代，它应该都有自己代表时代的地标性的东西。这个东西也许在经济上浪费了，也许是卖不出去的，但是一定是迎合了当时这些主流的文化。目前我们这个时代的文化，其实大家都很清楚，就是消费文化，刚才王总讲的格拉斯小镇的例子，非常清楚的名字，为什么起这个名字，因为老百姓喜欢，我好买房。这就是文化的传承，我们再往上追，一直到麦当劳、肯德基。所以你单独拿中国的古典文化跟它抗衡，不太可能。我又想到一个例子，讲到李大钊传播国外的新马克思主义文化，他要首先给能听得懂的人们讲，他会跟乡绅们讲，那时候他穿着长袍，下面的人穿着西服、皮鞋。他问大家你们是否觉得我土、你们洋，你们已经吸收了西方的消费文化，我吸收的是西方文化的精髓。这个是一个很大的本质，就是说这是两条线，一条线，通过教育、通过正常的媒体渠道影响到文化。另外一条渠道就是消费，不管是购物、买房、旅游等等，一个是消费、一个是正常的文化传统。交到最后发现一个道理，这个道理就是，如果说这个人很有文化，是个博士也好，或者是留学的，出国读过书的，有学问的。其实他代表了他在国外学了很多的技术和文化，还有一条线是我们国内的这些所谓的被销售的对象，我们被动地接受了西方的电影、媒体等等。所以，两方面加起来之后，你会发现只要你是消费的东西，挖掘到根上，大部分还是西方的底蕴。包括其实我们这个九朝会，从外面看看不出来，这个地方大家认同这是望京的一个地标，可是望京在北京市就没有传统，无非是借了一个东西，还是为了消费，基于大家能够有一种怀旧的心理上的东西。如果新老对比的话，老的保留的一定不是心里的东西，而是壳。我做过西藏的昌珠镇，是中国第一个批准的，没有超过20年的房子的一个镇，批了历史文化保护名镇。这个地方几千年一直保留着传统的生活方式，它的生活方式的第一条就是我有钱我就盖房子。包括昌珠寺，中国1956年第一批历史文化保护单位，但是它跟原来完全不一样，所以说藏族的传统文化，传统生活建筑方式是保留的。包括我们的什刹海，大家觉得很好，但是都是酒吧、餐馆，已经不是以前的什刹海了。我们改造四合院，将来也是要给一些明星这种人去住。我们剩的建筑、剩的街区，是更多地保留它让大家记住它。一个城市它的进步，是一点一点地蜕变的。假如说我们再过一千年看，我相信北京没有四合院了，而且中央电视台也没了，你就不知道是什么样子了，因为那是一个进步，你只能看到当代一个时代。比如说老外到中国来，现在是连续三年老外到中国来，第一目的地是上海，不是北京。第二就是人数，我们想到来旅游的人，肯定是北京超过上海，错了，今年连续三年来上海超过北京。为什么？因为上海更接近他们生活的方式。他更多地对你城市的认同，是你内在的生活方式是不是认同。咱们再往前发展来说，我不是北京人，刚才这个王总是北京人，我就问到底多少北京人生活在北京的。伦敦、巴黎、纽约一半以上外地人在那里工作。所以这是一个趋势，这个趋势是不断地通过消费，让你慢慢地抹煞逆城市的个性，变成大一统的城市，这是没有办法去抗衡的。这是我的观点。,3,4,0.9999332427978516
冠珠09全国终端店长培训于佛山鸣锣开场8月23日，以“跨越自我，辉煌09”为主题的冠珠09全国终端店长培训首站在佛山隆重召开。来自广东、广西、海南、湖北、湖南五个地区近300名的经销商与店长参加此次培训会议。同时全国终端优秀店长选拔赛也同步展开，集团公司第一营销中心总经理黎汝让，冠珠品牌总经理邓勇，冠珠品牌副总孔智勇、冠珠卫浴总经理钟环等领导出席了本次店长培训会。 为了让学员们更加清晰地了解集团公司下半年的推广思路以及本次店长培训的目的与意义，黎总在致辞中着重强调：此次培训是冠珠陶瓷在加强全国整体宣传(新浪网站、央视广告)与终端区域宣传(户外大型立柱)的基础上同步开展的一次提升终端软竞争力的战略性活动，目的在于通过基础知识与实际的销售技能引导，全面拓宽终端店长的知识面，提升他们的专业技能，将店长培养成为不仅是销售高手，更是管理与市场经营高手。而本次培训在活动环节设计上也是紧扣主题，在集中参观集团公司2500亩三水大型建陶瓷工业园后，随即展开陶瓷基础知识培训，如生产工艺与瓷砖生产技术的培训，冠珠企业知识，新产品知识培训，使学员们从宏观到微观全面了解建陶知识，了解冠珠企业与新产品情况。23号的终端销售技能培训则从理论到实践地给学员们建立终端销售体系概念的同时，站在观摩的角度以一个大型活动实例为案例进行系统剖析，通过现场的讲解进一步强化店长们对终端销售技能运作的认知与理解。为了鼓励优秀团队与优秀人员，培训过程中还同步开展了终端优秀店长选拔赛，尽管店长们相互之间都不熟悉，但很多学员却表现出了极强的沟通能力，很多学员一开始就与身边的朋友一一握手道好，有的店长甚至自告奋勇的担任组长，带领全组成员在竞赛环节中争题夺分，抢夺优秀小组与优秀店长的荣誉。培训结束后，许多参与培训的学员包括店长与经销商都向培训老师购买了终端营销书籍与光碟，以便回去后可以持续的学习专业知识。“以学促进，突破自我，打造强势终端的同时实现09年终端综合竞争力的再次提升。”当新浪网记者采访冠珠品牌总经理邓勇时，邓总如是说。“佛山站只是我们的第一站，在接下来的一两个月内，我们更要在全国范围内连续开展几场这样的活动。我们最终目的在于通过专业的培训，提升店长专业技能的同时以店长为核心以点到面地带动整个终端专业销售技能的提升。”的确，在整个建陶行业竞争白炽化的今天，在把握终端就等于把握主动权的今天，只有全面提升终端的综合竞争力，才能激流勇进，跨越自我，辉煌09，才能立于不败之地。(章金),3,6,0.9362576007843018
出口退税调整有限 专家称保出口不如保企业面对即将再次调整的出口退税，围绕这一政策的适应性和操作空间，以及背后体现的国家针对外贸脱困所能做出的政策选择，有关专家认为保出口不如保企业。 3月26日，在北京举办的“如何帮助中国外贸走出下滑困境”论坛上，国务院发展中心对外经济研究部副部长隆国强表示，我国出口退税在经历了连续多次上调以后，该政策的调整空间已经不大，且相对于在保持国际贸易市场份额的近期目标而言，解决事关外贸企业发展甚至是生存的融资问题，亦是保证我国外贸最终走出困境的更为迫切的问题，“这是保未来”。 此前的国务院常务会议决定，从4月1日起，提高部分纺织服装、轻工、钢铁、有色金属、石化和电子信息产品的出口退税率。 在当日论坛上，对外经贸大学教授、中国WTO研究中心副院长桑百川提出，出口退税政策在理论上应该是中性的政策，而我国却作为调整进出口规模的一个政策杠杆使用。 商务部研究院研究员梅新育强调，国家的调控政策，不能以“保增长”为借口而牺牲“调结构，不应该指望它成为维持我们以前落后模式的救生圈”。 对此，隆国强认为，我国出口退税在经历了连续上调以后，进一步通过出口退税使外贸脱困的政策空间已经不大。 从去年年初到今年2月，国家已经5次调高出口退税率，涉及近4000种产品。 而且，提高出口退税对于帮助外贸企业走出困境的效果来讲，并不是理想的途径。 “对退税来说提高2个百分点，就意味着企业获得了2个点的降价空间，那我们竞争对手可以选择更多，这个可以增加你的竞争力吗？”隆国强称。 隆提出，在目前的情况下，中国不应该单把注意力放在保出口上，因为出口额的增加并不意味着出口企业的生存良好。 “目前我国外贸要走出困境，必须在认清形势的基础上确定合理的远近目标。其中，眼前要做的就是确保我国的出口速度不低于全球速度，以保证在全球的出口市场份额中不减少。”隆国强说。 据估算，一些劳动密集型的传统的制造业产品，中国的产能、产量和出口量占世界市场80%甚至90%，而在国际金融危机的影响下，世界市场容量萎缩到了原来70%甚至50%。而比保眼前的市场份额更重要的是要保出口企业。“这是在保未来”，隆国强说，目前发生的全球性金融危机其实是个大浪淘沙的过程，在这个时候可以让出口企业瘦下来，但不能让企业死掉，随着市场的复苏，如果企业还在，就可以重新扩大规模，组织生产来抢占国际市场的份额。 “我国外贸形势出现恶化已经持续了很长一段时间，之前已经死掉不少企业，能够坚持下来的，应该说都是有一定基础的。我们要保证好的企业不被金融海啸淹死。”隆国强对记者说。 这个时候，对于外贸企业来讲，获得融资可能是最迫切的。 据世界银行的一个评估报告显示，今年3月份全球贸易融资的缺口已经扩大到1000亿美元，比4个月前扩大了3倍。 对于解决外贸企业的融资问题，隆国强提出，政府可以发挥的作用就是拿出一部分钱来做融资担保，这对困境中的企业来讲，可能比提高退税率更加有作用，“公共政策要考虑成本和收益，总的财政资源是有约束的，应该考虑怎么能够少花钱多解决问题，而且要解决最迫切的问题”。 工信部部长李毅中在今年两会期间曾表示，中央财政新增10个亿用于中小企业的担保，希望能够解决4万户中小企业2500亿的贷款。 不过，中国社科院世界经济与政治研究所副所长李向阳对大规模的出口信贷投放可能带来的远期问题表示了担忧。 在其看来，应该考虑的一个问题是，随着金融危机的发生，发达国家的消费模式将可能发生改变，这就可能对中国以及整个新兴市场的中长期出口带来影响。 “如果这样的判断成立，如今大规模向这些外贸企业放贷，将面临战略风险，”李向阳表示，“我们一方面要通过促进出口信贷来促进我们的出口，另一方面还得高度关注债务违约发生的可能性”。,3,7,0.9804756045341492
刘晨：企业通过网络彰显品牌刘晨：最后在这里感谢新浪乐居举办这次论坛，使我们在这次论坛上学到了很多的东西，而且有很多新的观点的碰撞，新的理念、创新和大家交流。另外，网络发展很快，因为有媒体问我，我们传统的两个渠道会不会发生干涉，我认为完全不同，传统的流通渠道和网络渠道，在家居行业里面不可能存在干涉，因为我们家居行业和卖小商品的有本质的不同，我们的种类比较多，个性化产品比较强，产品的款式、花色都比较多，这么贵，这么丰富的东西，仅凭网络销售很难实现，必须要到卖场实地的感受、触摸在可以下单。 我经常说，传统的卖场有一些消费者出了问题，找经销商解决不了，或者他们临时走了，庙堂还在，这个服务的意识已经形成了，必须要形成保障消费，有问题得不到保障，得不到轻易的下单，希望网络和传统的渠道有机的结合起来，传统的渠道做这个展示功能，通过网络彰显我们品牌的同时进行产品的示范引导，让消费者按图所计，提高消费者交易的效率，节省他们宝贵的交易的时间，只有这样我们的行业相得益彰，相互协作才可以做大做强，才可以达到我们国家倡导的和谐。本次论坛到此结束，谢谢大家！,3,4,0.8456819653511047
刘晨：吴厚斌出诗要保质保量刘晨：各位来宾大家下午好，今天非常高兴参加吴厚斌的新书发布仪式。吴厚斌原来是一个记者，为我们行业做出了很多贡献。刚才他说一句话我觉得特别对，潦倒的生活他被生活所迫，吴厚斌既有物质又有精神，他又有感性的一面，他走到今天我觉得是必然。第二我们确实感谢吴厚斌，他有一种传统文化的回归，通过现代的方式，以诗为载体，源于生活、高于生活，源于行业、高于行业。希望吴厚斌继续出诗，但是提一个小小的建议，我认为你的产量太大，希望你处理好质和量的关系。保质保量。,3,2,0.42876338958740234
刘达飞：人无论走到哪里 都不会忘记自己的根段妍玲：我们有请下一位刘先生。刘达飞：非常感谢主持人。话题接到的比较晚，在路上看了一下关于回潮这一块。因为我本身理工科出身，对文化谈的可能不深入，但是非常感谢宫总，还有王总给我一个话题的切入点。刚才宫总提到了学校生活，王总也提到了清华，咱们就从清华开始谈起。从清华毕业很长时间了，但是到现在为止不管参加各种各样的认证考试或者其他的一些学习的机会，都愿意回到图书馆去学习，当然咱们不谈清华东门，清华科技园搞砸的那一片，咱们就说清华的图书馆，从这儿谈起来。我不知道这种感觉或者这个思想，或者这种感触是叫回潮才对，还是叫刚才是许总提到的怀旧，谈谈这个吧。人总是要从一个地方走到另一个地方的，但是他永远不会忘记自己的根，更愿意回到自己原来居住或者生活的环境来，这是我对回潮的理解。刚才有几位嘉宾谈到回潮谈的比较深入，给我非常大的启发。像刚才宫总讲了很多，但是给我印象最深刻的是宫总好像非常不愿意，房地产这个楼市的房价的回潮，就是宫总给我的感觉。还有RCS中国的孙总谈到思想层面的回潮，使我下面这个话题我不知道从何谈起了，因为我不知道谈思想上的还是谈物质上的，因为我也是做房地产开发的，虽然口碑不好。我们就谈一下，从我们公司谈起，因为我们在做产品，从产品设计或者开发建设或者采购环节，就像和陈总一些合作上关于回潮的话题。在做建筑的时候，我们认为建筑的本原是人，从原来追求的奢华或者是外立面的效果转变为以人为本的思路，也不太清楚这个是不是叫回潮。因为中国人的习惯喜欢出门见到题，出门踏到地，所以我们公司也在做别墅，能够满足刚才许总讲小众精英特殊需求，在京郊有一些项目。另外关于小区里的塔楼逐渐被摒弃掉，另外还有一些，比如说为了满足中国人惯有的买房置地的习惯，廉租房也出来了，让大家租房子还是不愿意的。就谈这几点，可能更深层次的问题还没理解到。非常感谢。,3,4,0.6715805530548096
刘达飞：回潮越来越秉承以人为本思路段妍玲：我们有请下一位刘先生。刘达飞：非常感谢主持人。话题接到的比较晚，在路上看了一下关于回潮这一块。因为我本身理工科出身，对文化谈的可能不深入，但是非常感谢宫总，还有王总给我一个话题的切入点。刚才宫总提到了学校生活，王总也提到了清华，咱们就从清华开始谈起。从清华毕业很长时间了，但是到现在为止不管参加各种各样的认证考试或者其他的一些学习的机会，都愿意回到图书馆去学习，当然咱们不谈清华东门，清华科技园搞砸的那一片，咱们就说清华的图书馆，从这儿谈起来。我不知道这种感觉或者这个思想，或者这种感触是叫回潮才对，还是叫刚才是许总提到的怀旧，谈谈这个吧。人总是要从一个地方走到另一个地方的，但是他永远不会忘记自己的根，更愿意回到自己原来居住或者生活的环境来，这是我对回潮的理解。刚才有几位嘉宾谈到回潮谈的比较深入，给我非常大的启发。像刚才宫总讲了很多，但是给我印象最深刻的是宫总好像非常不愿意，房地产这个楼市的 房价的回潮，就是宫总给我的感觉。还有RCS中国的孙总谈到思想层面的回潮，使我下面这个话题我不知道从何谈起了，因为我不知道谈思想上的还是谈物质上的，因为我也是做房地产开发的，虽然口碑不好。我们就谈一下，从我们公司谈起，因为我们在做产品，从产品设计或者开发建设或者采购环节，就像和陈总一些合作上关于回潮的话题。在做建筑的时候，我们认为建筑的本原是人，从原来追求的奢华或者是外立面的效果转变为以人为本的思路，也不太清楚这个是不是叫回潮。我们公司也在做别墅，能够满足刚才许总讲小众精英特殊需求，在京郊有一些项目。另外关于小区里的塔楼逐渐被摒弃掉，另外还有一些，比如说为了满足中国人惯有的买房置地的习惯，廉租房也出来了，让大家租房子还是不愿意的。就谈这几点，可能更深层次的问题还没理解到。非常感谢。,3,4,0.6223235726356506
别墅装修竟遭八次打砸记者刘蔚丹 实习生黄康报道：“自己买的房子要装修，却接连遭遇打砸。”昨日，青菱乡青青花园小区的两名业主，不堪其扰到处求助。记者赶到现场时，当事人黄先生仍心有余悸。黄先生说，就在早上他的房屋还被十几人围着，从装修到现在的短短两个多月时间里已经八次了。黄先生的邻居欧阳也正遭遇着同样的情况。黄先生介绍，他于2004年8月6日与武汉市洪山区青菱建筑公司订立《商品房买卖合同》，购买该公司开发建设位于洪山区青菱乡张家湾青青花园B型二栋1号房东面住宅一套，面积289.11平方米，价格为48.8万余元。合同约定前期已付34万元，余款办齐两证后支付。为了装修房屋。今年3月27日，黄、欧两人与该公司签订进场装修《补充协议书》，并分别向该公司支付50000元房款和10187元房屋配套费、物业管理费及装修费。可令他们不解的是，进房装修后，就不断有人来找麻烦，称房屋已被他们购买，并强换门锁，恐吓威胁装修工人，不准装修。黄先生告诉记者，他听说青青花园某些房屋存在一房两卖问题，也因此向该公司雷姓负责人提出疑问，对方表示黄先生装修的房屋无任何争议。小区物业的管(音)姓负责人告诉记者，由于两名房主买房后长期未装修，也曾流露过想退房让其代卖的意图，才出现这种情况。据了解，青菱警方已介入调查。,3,4,0.9946721196174622
别墅邻近停尸房业主退房讨装修费本报讯(通讯员刘洋)高档别墅毗邻停尸房，开发商同意业主李女士退房，但拒绝赔偿装修费。为此，李女士把开发商告到石景山法院，索赔损失8.5万元。李女士购买了西山脚下一处别墅，支付首付款后，聘请装修公司装修。“我购买别墅后才知道，不远处有一停尸房，这种地儿谁敢住啊？”李女士说，她和开发商协商后，对方同意退还购房款，但拒绝支付李女士的装修费8.5万元。李女士认为，开发商事前没有告知地段详情，导致她购房并装修，应该赔偿她全部损失。,3,4,0.9977900981903076
勾结物业经理及保安 恶势力团伙强卖装修材料本报讯(记者王鹏昊通讯员张立先)得知通州区阿尔法小区开始向业主交房，无业男子刘刚等人勾结小区物业经理及保安，向业主强卖装修材料。通州警方昨天透露，该恶势力团伙的刘刚等13名犯罪嫌疑人已被刑事拘留。 7月底，通州警方陆续接到市民报警称，在通州阿尔法小区有一伙男子强迫他们高价购买沙子、水泥等装修材料。接到群众举报后，通州警方开始在阿尔法小区周边展开调查。办案民警称，他们通过蹲守发现，该团伙在小区门口搭起了一个露天的店铺，销售沙子、水泥，价格比市场上高出七八元，分量上也是缺斤短两。一旦发现有外来商户向小区内送沙子，他们便上前阻拦，如商户、业主不听劝阻便拳脚相加。最终，小区内近八成的业主只能从他们手中高价购买沙子、水泥。对于业主让商户运送的瓷砖、板材等装修材料，他们则迫使业主雇他们的人高价搬运，一层楼每包加收1元“上楼费”。8月5日，通州警方将刘刚等人抓获。 事后，刘刚交代，他们为了能够截留，还勾结了该小区的一名物业经理及两名保安。一旦有商户拉货进入小区，保安便会通知刘刚等人前去阻拦。与外来商户、业主发生争执时，物业经理则负责帮他们调解。,3,4,0.8186977505683899
包工头不断要钱 新房子装修一年新快报讯 (记者 辛捷恺 实习生 郭超)“原本只需3三个月就可‘搞掂’的工程，却用了一年零两个月。装修期间还多次要钱，共计86000元！”祈福新村的董阿姨辛辛苦苦攒钱买房，本想装修完就入住；但是一年多过去了，钱花了不少，房子却仍然残旧不堪。“更闹心的是，工程负责人龙先生居然把工人都叫走，扬言要再拿1万，否则继续‘罢工’！”记者在现场看到，三层楼高的房子，房里房外一片狼藉，对门的地方堆着黄沙，接水的管子裸露在外，木屑和碎玻璃满地都是。屋内更是凌乱不堪，七八个油漆桶东倒西歪，地上未撬完的地板，工人施工用的梯子、木棒、铲子胡乱摊着，连放脚的地方都没有。阿姨无奈地说：“由于他们负责的工程迟迟未完成，其他装修项目也无法进行。”记者还看到，与董阿姨家同时期买房、甚至比她晚买房的邻居也早已入住。下午3时许，记者见到了工程队的老板龙先生。他态度很强硬，拿着账目表对董阿姨说：“如果不确认价格的事情，我是不会开工的。你看你儿子什么时候有空，一项项确认之后，我可以保证6天内完工。我现在也不收你什么钱了，但是你必须承认我之前的劳动。要不你再怎样说，我都不会答应去动工的。我需要你们给我一个承诺，我才敢放心开工！”协商在争吵中再次停下来。最后，董阿姨表示：“如果再协商不了，我会要求走司法程序，让他们赔偿我的精神损失，以及因为装修延期、无法将房屋出租的损失。”,3,4,0.9714042544364929
北京商报吴厚斌：消费者按照需求量力而行吴厚斌：温总说的概念我从另外一个角度理解了一下，什么叫达标的环保，什么叫不环保，是按照我自己的生活水平和生活状态进行选择，首先是安全的。就像温总说的，好的东西开始的时候是没有感觉的，但是用了十多年之后你会发现不一样。温世权：吴主编肯定看东西特别透，你觉得有什么不一样？吴厚斌：当然不一样。我是从温总的角度来讲，首先要环保，安全和环保是一回事，很多杂牌产品是不环保的，每一次质监局抽查都有不环保的东西，这个超标，那个超标，首先要区别一下，买环保的东西。第二个层面，从消费者和企业家的角度来讲，消费者的角度来讲，选择好的东西要根据你的经济实力，量力而行，在这个范围之内，我先去选择我需要的东西，实在买不起我可以少买一点。但是另外一个角度、企业家角度来讲，实际上做了一件功高盖世的事情，为什么我们现在还在说环保，环保是一个基本概念，就是因为社会上还有那么多所谓的牌子不环保。,3,4,0.4909335970878601
北京稻草人花坊(图)北京稻草人花坊： 最佳服务质量奖如果你连客户的面都见不到，花店也没有一个迎来送往的门面，那么如何通过服务让客户满意？这似乎是一个难题。以在北京地区开展工厂化速递业务为经营模式的稻草人花坊就是这样一家花店。为此经营者钱峰从接单、制作、配送、订单后续服务几个环节的细微之处入手，打造国际化的服务质量。让顾客虽从亲临店面，却感受到了来自稻草人花坊的专业化服务。有了这些前提，钱峰敢向顾客信心满满地“夸下海口”：“无条件退款，百分百满意。”图为  花篮、礼篮设计是稻草人花坊的强项图为  花篮、礼篮设计是稻草人花坊的强项图为  花店实拍,3,6,0.7749981880187988
十里河商会启动优才计划100名经过筛选符合报名资格的十里河特色街工作人员将参加十里河商会组织的专职人才培训班，培训结束后，合格人员将分别拿到专业监理员、消防中控员、助力物业管理师、高级文秘、档案管理员等职业资格证书，成为十里河特色街上首批持证上岗的优秀人才。“十里河，已经成为家居建材零售领域内的大品牌，未来发展离不开优秀人才的推动，十里河商会将把人才培养作为企业发展的重中之重，每年都会与专业职业资格培训单位联合组织培训班培训工作人员，为企业发展输送不竭动力。”作为人才培养计划工作的负责人，十里河商会副会长李晟杰将培训工作命名为“优才计划”，她信心十足地表示，一定会通过专业培训使十里河特色街上的工作人员专业能力有较大水平提升，为十里河目前发展及未来跨区域发展储备精兵强将。100名员工参加首期培训“18-40周岁的十里河特色街工作人员可以报名参加十里河商会组织的职业资格培训班。”当这样一则“招生启事”贴进十里河特色街各大家居卖场之际，特色街上的工作人员异常兴奋、纷纷踊跃报名，最终100名员工成为培训班首期学员，参加十里河商会联合社会专业职业资格培训单位组织的培训班学习。李晟杰作为培训工作的主要负责人，对人才培养工作充满信心，并将首期培训工作命名为“优才计划”，她表示，参加培训的工作人员多数是十里河土生土长的年轻人，对十里河集团充满热爱，通过培训将使他们的职业技能及企业忠诚度均有较大水平提升，成为十里河未来发展的栋梁之才。十里河商会“优才计划”首期培训班学员毕业后，合格者将分别取得专业监理员、消防中控员、助力物业管理师、高级文秘、档案管理员等职业资格证书，成为十里河特色街上首批持证上岗的工作人员。李晟杰表示，人才培养计划致力于将优秀工作人员从“员”变成“师”，“今年，取得‘监理员’职业资格证书的员工，明年，十里河商会将努力将其培养成‘注册监理工程师’，当一批批‘员’级员工都变成了‘师’级员工，十里河特色街将凭借人才优势而实现跨越式发展”。教育规划诞生优秀人才“未来市场竞争，取决于人才的竞争，谁具备了优秀的人才梯队，谁就能在竞争中顺利胜出。”李晟杰相信，培养一支有作战能力的精英团队，是十里河快速发展必不可少的基石。事实上，早在2006年年底，十里河商会成立之际，商会便为十里河特色街未来发展制定了三条发展大计，其中就有“人才教育规划”。十里河商会秘书长石占成表示，商会将从人才培养入手，建立教育培训基地，制定三年教育发展纲要，以提升十里河的竞争力，支持十里河的持续发展。2008年4月，十里河商会召开第一次教育工作会议，明确提出“十里河教育三年规划”，在十里河工作的员工将通过一系列的培训和再教育，三年内达到大专以上文化程度。为此，商会投资了2000万元于当年建立了教育培训基地，使十里河商会拥有了自己的“教育摇篮”。李晟杰表示，“三年教育规划”出台之后，十里河商会一直努力通过各种形式培养和选拔优秀人才，最近的一批优秀人才就是通过“以史为鉴，开创未来，科学发展十里河”大型图片展脱颖而出。为增进十里河人及十里河特色街上4000多名商户对十里河十年发展历程的了解，并通过回顾历史增加他们对未来发展的信心，十里河商会于今年6月组织举办了“十年十里河”大型图片展，5名优秀讲解员借大型图片展闪亮登场，通过他们流畅、广泛的讲解，观展人对十里河的历史有了更详尽直观的了解。“这5名讲解员都是十里河土生土长的年轻人，都在十里河特色街最平凡的岗位上工作。通过这次选拔培训，他们对自身充满了信心，同时增加了对工作和企业的热爱。”除此之外，李晟杰还带领十里河的年轻人走出去，到井冈山、延安等革命老区体验生活，培养年轻人坚强吃苦的意志，全方位提升员工综合素质。人才战略推动品牌升级走过十年发展历程的十里河已经从京郊一片农村转变成了京城现代文化建材商业中心，“品牌十里河，家居CBD”，当京城百姓对这句广告语已朗朗上口之际，十里河已经从一个地名转变成为一个品牌名，下一个十年，十里河将更加着力打造品牌知名度，使“十里河”三个字享誉全国，十里河集团为此制定了“十年发展规划”。在十里河的“十年发展规划”中，2008年-2013年，是十里河集团打造文化产业的关键五年。十里河将在毗邻十里河特色街的京津轻轨沿线两侧投资亿元，建立9万平方米的文化市场，同时休整马路、污水管线，与程田古玩城、十里河奇石花卉城、千鹤年华书画城、十里河画院、天骄民俗文化城一道，提升十里河特色商业街的文化气息；2013年-2018年，是十里河集团走出北京、面向全国的重要五年，十里河集团将依托品牌优势和管理经验，选择最擅长的商业地产开发、市场管理领域进行投资。李晟杰表示，“今天的十里河已经走上了高速行进的快车道，人才培养必须与企业行进同步；未来，十里河要走出北京、面向全国，今天建立的优秀团队将是十里河征战全国的主力先锋。建立一直强悍的精英团队，将加速十里河品牌升级、快速走向全国”。,3,4,0.837631344795227
协会为行业作用 9年来指导企业发展高志华：他为我们这个会能开好，自己也是亲身投入。包括这次年会，大家反应都很好。现在是金融危机的时候，不好做，我们协会就要为行业所用，要出点子。这个洗牌，不能把好的洗掉，要把坏的洗掉。优胜劣汰是社会的发展规律。我们这次年会严格讲起来有三大主题。第一个主题，是我们年会的工作。在年会工作里面，我们把3家九连冠，实木复合地板的七连冠要表彰出来。第一个主题第二个内容，现在金融危机主要体现在营销的萎缩、房地产的萎缩上，老百姓口袋里的钱目前不敢花，出口大力衰竭，这样我们就要加强终端。我们怎样开放国际市场？这次我们也请了一些外国的代表团。在国内，我们把终端表彰出来，评出160多家诚信服务经销商。让消费者感到这个经销商老实，我们愿意买他的地板。因为去年的三鹿奶粉等等一些事件使营销中心不放心，我们地板商除了要24小时天天开通以外，我们还要把终端给它挂上。第一个主题里面我们表彰了优秀的经销商。为了把这个形势开好，我们请了国家的主要领导人，比如国资委、中消协，还包括国家工商局的一些领导讲话。听到中央领导对我们地板行业很大的期望，我们感到很欣慰。我们围绕着第一个主题有三个方面。第二个主题，我们成立了中国实木地板复合制度。这个制度的成立使我们中国实木复合地板更健康、更有序地在国内外打开局面。这次应新浪网要求，我们特意把美丽岛和佳乐美请过来，他们就是实木复合地板的龙头企业。美丽岛这个企业在当地是个大企业，现在来讲，它出口内销。所以这次它也出了很大力，中国实木复合地板制度经过专家及有关部门的慎重审查，在这次年会上我们隆重地推出。而且在八达岭长城我们加上了实木复合地板的纪念岭。中国发展速度最快的就是实木复合地板。这个里程碑一开始，中国的实木复合地板即将要蓬勃发展。这是我们的第二个主题。第三个主题，大家靠木地板发家了，挣钱了。最近在开亚洲经济论坛，温家宝总理都去了。而且要谈台湾和大陆的经济联合。可爱的美丽岛就是在台湾，而我们跟美丽岛是大陆和台湾之间合作的典范。据我知道，它拿了1000万到中国做生意，现在一年盈利就几十个亿。它从这里面拿出一点钱在大陆做生意，还拿出一部分资金种树。第四个主题，我们企业家要有社会良知。我们从这里面挣到钱了就要回报于社会，不要吃子孙的饭。我们要给子孙造福利。我们做了很多捐款工作。我是个大学教授，我是有良知的，没有共产党就没有我，我一直是这样想的，我今年70多岁了，不想干了，但是有时候为了使这些企业家能够走上正道，我还要干。一个人做一件事情要坚持下去，很多老板对我很尊重。我们在去年汶川地震中联合捐助50万。这次年会开得好，我们坚持了一贯原则，为政府服务、为消费者服务，也为我们企业家服务。这样才有发展方向。我们也感谢政府的领导，使得小小的地板行业能得到这么大的重视，我心里也是特别地安慰。,3,4,0.7727160453796387
南京楼梯业标准即将出台 行业规范在即为加快南京楼梯行业标准的制订，进一步规范楼梯行业发展，江苏林产工业协会木楼梯专业委员会举办了第9届中国国际林业、木业机械与供应展览会，召开中国林产工业协会木楼梯专业委员会木楼梯标准制订和原材料供求洽谈会，共同商讨行业标准化，加强原材料供求见面，促进楼梯行业发展。据了解，林产工业协会木楼梯专业委员会相继开展了标准制订、品牌建设和科技创新等多方面的准备工作，日前，已向全国木材行业标准化技术委员会申报并批准了《木楼梯行业标准》制订项目，这些工作为木楼梯专业委员会的正式成立奠定了基础，同时对于规范木楼梯行业，促进木楼梯行业发展将起到积极的作用。本次研讨会由中国林产工业协会，中国林产工业协会木楼梯专业委员会主办。华汉国际会议展览有限公司协办，会议内容主要有，木楼梯专业委员会工作回顾和计划；研讨国内外木楼梯市场状况和技术进步；研讨国内外木楼梯标准情况及其差异；初步酝酿标准框架和标准水平；推荐参与标准起草的企业和专家；研讨木楼梯原材料供求状况及市场发展趋势等。,3,4,0.4172956049442291
"博洛尼：新浪漫来袭当城市风靡起“羊爱上狼”时,时尚潮流里可以假装自己不会长大；当有人玩着电动就似坐上时光机，现实的生活拉不回状态；当有人满北京街头寻找瓷瓶酸奶时，捧着那灰白色、腹部浑圆的“蜂蜜酸牛奶”，为的是它能还原童年的味道。是这些渐行渐远的生活，唯有通过丝丝物件将记忆串联，这新生活的浪漫往往带着幻想的美丽，有点忧伤、有点甜蜜、而这甜蜜绵长而深远。在世界经济低迷时期，家居市场也对经济不景气做出各种反应。逃避残酷的现实处境，直接将意识中最美好的虚幻呈现出来，博洛尼从在高端家居市场一直推崇的古典主义到新浪漫主义风格转身中，可以嗅到家居设计的高调转变。新浪漫是什么？一种态度，对时尚遥遥领先的把握，纵览云端的设计潮流；一种格调，激活沉淀于心底的浪漫因子，让生活艳丽绽放；一种力量，柔软女性主张的极致表现，那抹最令人感动的温暖。新浪漫之梦幻新浪漫主要特征注重个人感情的表达，形式较少拘束且自由奔放。往往表现是怀旧的，梦幻的。没有王室绅士贵族淑女，无法雍容自如地跳小步舞和华尔兹？当昔日的浪漫成为了遗憾时，用一点柔软和回转的线条，一点粉调或浅淡色调，用一点流苏的，布艺褶皱处理面料装饰，用一点花卉纹样，渲染出一点对往日浪漫风采的思恋。这就是新浪漫。新浪漫是文化的、深刻的、并且不断反思现实的，同时把最新的元素融入家居时尚中。不是一味对过去的追忆，而是让过去的美好追忆焕发新的生命。新浪漫者特别注重家居的环保、智能，对破坏环境的行为，他们表现出不可宽恕的态度。强调更多生态材料的运用而减少对自然环境的破坏，新浪漫主义在颜色方面趋向以白色灰色为底色，加入柔和的大地色或呼应季节的粉紫色的和谐统一。新浪漫之激动电视选秀节目里,两位评委为了浪漫争吵起来,一位认为激情与浪漫是不一样的,另一位则辩护说浪漫是在每个人心中的,一万个人有一万个浪漫的理解。是这样吗？有趣的话题引发了神经的思考，难道浪漫真的每个人的理解都不一样吗？如果是那样，浪漫的价值又如何体现呢？理性痛苦的思考对浪漫而言本身就是残忍的，当事物满足了人们的感情倾诉，实现了一种现实的超越时，就是浪漫的。浪漫注重的是个人感情的表达，常需要夸张的方式跳脱出常规，创造浪漫元素，实现浪漫。当世界经济一蹶不振时，人们开始回归家庭，家成为躲避风雨的心灵休憩港湾，学会以一颗浪漫的心面对生活。浪漫来自你的内心，浪漫来自你的血液。如果浪漫可以分级，那么按照体温的标准，36°8的新浪漫恰恰好。在生活中寻找一点感动，给平凡的生活加点浪漫的因子。试着给自己的家来颗新浪漫的维他命，以另一个角度诠释自己的生活，把硬棱角，来个软包装。感动的一定是自己。新浪漫之温暖新浪漫属于不愿与时尚为伍的知识女性，她们会把一个在车库中久经岁月的靠包、花布改造成时下最惹眼的装饰，或者是一个奶奶辈的碗柜刷下时下最流行的中国红是新浪漫者最擅长运用的手段。新浪漫所表达的“柔软”不等于示弱。女性与生俱来的柔弱肢体，敏感的性情，细微的感触，无不是柔软的。但独立的个性、潜藏的灵感、敏感的好奇心、成就了以女性主张为核心的新浪漫主义的崛起。亮片、垂帘、珠珠等装饰物，断断续续地坠落着，充满精神性和表演性柔软细节让流露出可贵的简洁感和自如感。新浪漫风格就像衣服一样注定被懂得她的人们所钟爱，他们会将自我的一些特质赋予空间，超越时代。爱的暖意就在精心营造的家的点点滴滴中。新浪漫如细雨如微风，轻轻柔柔，带着爱意带着温暖。2009，让平静的新浪漫主义带给我们家的另一种惊喜！",3,6,0.9685433506965637
历代珍品古玩现身十里河程田古玩城(图)图为 历代珍品古玩现身十里河程田古玩城图为 历代珍品古玩现身十里河程田古玩城图为 历代珍品古玩现身十里河程田古玩城一场由程田古玩城亲自操办的珍玩精品展近日亮相十里河程田古玩城四层美术馆西区，展品包括汉古玉、唐三彩骆驼、元青花玉壶春瓶、明八角烛台等历代珍品古玩。此前程田美术馆内也多次举办珍玩精品展，并与知名鉴宝栏目及杂志合作，推广程田古玩城的市场形象，但那些参展产品多是来自于社会和业界收藏家。此番程田古玩城亲自操办精品展，所有展品均来自于程田古玩城内。这表明，程田古玩城确实“有货”，奇珍异宝数不胜数，显示出其在业界的领先市场地位。 “这是战国时期的玉盅、这是辽代的带扣、这是汉代的玉龙首、这是唐代的玉骆驼、这是……”8月18日，当记者来到十里河程田古玩城四层美术馆西侧的精品展厅时，董事长程永田兴致勃勃地向记者介绍展厅内的历代珍品古玩，“这些古玩价值连城，多年来一直被程田古玩城内的古玩爱好者收藏着，如今拿出来给业界专家和爱好者分享一下，让人们认识认识程田古玩城里的宝贝！”记者观察发现，参展的展品包括唐三彩骆驼、元青花玉壶春瓶、明代八角烛台、三彩大罐等诸多稀有瓷器，以及红山文化、汉代古玉、极品田黄石、清代昌化鸡血石印章珍品。从年代来看，有战国时期的玉佛器、玉盅，汉代的玉麒麟、白玉四不像、玉龙首、玄武玉，辽代的白玉带扣，唐代的唐三彩骆驼，宋代的玉石狗，明代嘉靖年间的三彩大罐、万历年间的青花瓷、青花八角烛台、黄玉佛珠，清代的三色宝石、象牙器物以及清晚期的极品田黄石、鸡血石等。由程田古玩城亲自操办，大规模集中展示历代奇珍异宝，这还是第一次，程永田表示，此前程田美术馆也曾举办过古玩珍品展，但参展展品多数是来自社会爱好者及业界收藏家，在规模、数量、价值等方面均不及程田古玩城亲自操办的珍品精品展，“这样做的目的就是希望让广大爱好者和业界专家看到程田古玩城内的珍品宝贝，同时给各界收藏着提供一个展示交流的机会，以此弘扬传统古玩文化，推动文物事业发展”。程永田表示，第一届珍玩精品展要起到抛砖引玉的作用，“日后，这样的展览会持续举办，每期可由程田古玩城内的收藏者联合举办，或者由单个收藏者独自举办，通过持续不断的展览，会让社会各界认识到程田古玩城内奇珍异宝无数”。事实上，程田古玩城内每个商户都可称得上行家，每个人的收藏爱好品种不同，但在各自的领域内都有一定知名度，也就是说，他们手中多多少少都有一些价值连城的珍品名品。不定期拿出来展览，一来能让广大收藏者开开眼，二来也能提升商户自身及程田古玩城在业界的地位，程永田道出了程田古玩城举办精品珍品展的直接意义。虽然程田古玩城首届珍玩精品展没有大范围地广而告之，但记者发现，展览刚刚布置完成，已经有不少爱好者和专家前往观赏。程永田满面春风地笑说，以后，来看珍品的收藏者和专家会越来越多。商报记者 田志英/文并摄,3,1,0.9561107754707336
原材料稀缺 红木家具或将成为文物对话杨家驹：原材料稀缺 红木家具或将成为文物杨家驹这个名字，很多喜爱红木家具的朋友都并不陌生。他是中国林业科学院木材工业研究所副研究员、红木国家标准的第一起草人。日前，我们来到了杨教授的办公室，就红木家具市场的现状展开了一番对话。《红木文化长廊》：杨教授您好。我们都知道，红木原材料很多都属于稀缺树种。据您了解，这些树种目前世界上的存量还有多少呢？杨家驹：从绝对数量上说，有的树种存量还不少。但从相对数量上说，已经是越来越少了。近年来红木家具大火，造成了这些树木被大量砍伐。我们的红木原材料主要都是从东南亚和非洲进口的，现在人家的政府已经意识到了这个问题，针对一些濒临灭绝的树种，开始颁发禁伐令。这是一个可持续发展的问题，我们不但要自己享受红木家具带来的种种好处，还要把它们留给子孙后代。所以，红木原材料就是那么多，总有一天会有砍完的时候。《红木文化长廊》：那您预测，这一天大概到什么时候将会出现呢？杨家驹：这个时间可能是十几年，也可能是几十年。谁也说不准，因为它是由市场决定的。市场的需求越大，它到来的可能也就越快一些。《红木文化长廊》：但生产红木木材的各国，不是也都在人工种植那些树木吗？杨家驹：对。所以我所说的砍完，并不是永远的枯竭。红木原材料只是在某一时间段内，将成为不可再生资源。它能再生，但是时间将很漫长。因为能够成材做成红木家具的树木，一般树龄都要在几百年以上。前人栽树后人乘凉，现在种的树，要等到几百年后才能用来做红木家具。《红木文化长廊》：那面对这种情况，这个市场该如何应对呢？杨家驹：首先，我所说的红木就是指红木国标里确定的33种用材。实际上，在国标之外，还有不少树种同样适宜制作传统家具，材质上也很不错，甚至完全可以超过33种材料之中的某一些树种。虽然用它们做成的家具不能叫做红木家具，但完全可以叫做明式或者清式古典家具，同样具备文化意蕴。再有，现在市场上的红木家具到时候就都成为文物了，人们可以从文物的角度重新欣赏、判断其价值。,3,1,0.5470097064971924
发改委表示 建材业扭转下滑趋势证券时报记者 周 宇本报讯 发改委昨天表示，目前建材产业基本扭转了生产势头下滑的局面，增速稳中趋升，主要建材产品产量保持了增长。今年1-9月，规模以上企业完成增加值4598亿元，按可比价格计算，比去年同期增长18.8%。其中，今年1-9月，全国水泥产量11.8亿吨，同比增长16.1%；平板玻璃产量为4.3亿重量箱，同比下降2.5%，下降幅度减少；建材产品出厂价同比上涨1.2%。前8个月，规模以上企业完成营业收入1.2万亿，同比增长20.2%，全行业实现利润715亿元，同比增长19%。,3,7,0.5142931938171387
各城市领导分别谈对林业产业维权看法 &nbsp;主持人：广东省知识产权局对林业产业国际维权十分重视，并给予了大力支持，下面有请广东省知识产权局副局长郑良生先生发言。郑良生：各位领导大家上午好，我代表广东省知识产权局对本次研讨会成功召开表示热烈的祝贺。刚才听了贾局长的重要讲话以及各位专家的发言，特别是听了燕加隆公司所取得的国际维权情况的汇报，很有感触。对于燕加隆公司在国际维权这件事，广东省知识产权局一直非常关注，也真心的希望他们可以打赢这场国际商战，前不久燕加隆告诉我，赢了，燕加隆赢了官司，在这里我对燕加隆的成功和胜利表示热烈的祝贺。下面我想就燕加隆公司在国际维权当中所取得的成绩讲几点看法：一，燕加隆胜诉的关键就是燕加隆一拍即合技术具有知识产权。用广东人讲这是正货，不是假货，正因为是具有知识产权的技术，所以才可以在国际上站住脚；第二，燕加隆胜诉的成本就是他们重视创新，重视知识产权，把知识产权视为企业的生命，创新是知识产权的手段，而知识产权是保持创新的法律保障；三，燕加隆给予我们的经验是非常可贵的，在他们取得成功的同时，也给予我们一些重要的启示，第一，知识产权是企业走出去的战略法宝，是企业开拓国际市场的一把利剑；第二，在企业建立知识产权制度是现代企业制度发展的必然；三，企业要发展，必须重视技术的研发和创新，从而创造出自己的知识产权，形成自己的核心技术，占领产业发展的制高点；四，要有一只懂得国际知识产权的队伍，第五，进行国际知识产权的研发，有计划的进行战略布局，这一点我认为我们要学习发达国家企业的经验，例如摩托摩拉公司，他们的手机在中国上市前已经在中国申请了很多的专利；第六，遇到国际贸易摩擦时要积极应诉，敢于应诉，勇于维护自己的利益，积极不是蛮干，要像燕加隆公司一样，有胆有识，有理有据，研究制定应对的策略。以上几点看法是我认为的看法，仅供参考，谢谢大家！主持人：湖北省十分重视科技创新，省林业局率先组建了中国首家低碳经济产业园，引入了像燕加隆一样具有核心知识产权的企业，参加会议的除了林业厅还有一些有关的县、镇领导也参加了，体现了对知识产权的支持，下面由湖北省林业局代表陈先生发言。陈先生：各位领导、各位来宾大家好，今天发言的应该是我们王局长，但是今天下午他要参加一个调研，他临走的时候委托我代替他发言，所以我今天代表王海涛局长，代表湖北的地板企业向燕加隆在加拿大、美国337当中的胜诉表示热烈的祝贺，这不仅长了燕加隆的志气，更长了中国民族企业的志气，这是燕加隆公司掌握产业核心技术，前不久我省在湖北成立了低碳经济产业园，燕加隆公司作为这个园区的龙头企业，牵头企业，投资数亿元发展低碳经济，在这个方面，为发展低碳经济改革方面真正的起到了龙头带动作用，燕加隆一拍即合的专利技术不仅在于他是产业核心技术，也在于他的环保核心技术，不仅如此，燕加隆公司还在湖北发展产业工业，营造工业园40多万亩，有利的支持了低碳经济的发展。燕加隆企业的胜诉，为我们的所有的民营企业带了一个好头，树立了一个榜样。最后希望燕加隆公司进一步注重产品的质量，加大国际市场的力度，进一步研发新产品，推出新技术，获得新专利。把企业做大做强，在国际竞争中仍然立于不败之地，谢谢大家！主持人：林业产业知识创新，国际维权的问题一直得到国家林业局的重视，现在有请国家林业局科技发展中心常务副主任林先生发言。林先生：非常感谢主办方能够在这里为我们行业举办这次研讨会，代表国家林业局科技发展中心科技司对本次会议的主办表示衷心的感谢，同时也感谢大会为我提供一个发言的机会。在这次会议上非常荣幸，也非常高兴的听到燕加隆再次在国际素取得了胜利，燕加隆公司是我们中国，尤其是中国林业企业在国际上参加国际贸易诉讼取得成功的比较少的范例之一，在林业行业当中取得了巨大的振动，我们科技口，科技界对这个问题十分的关注，受到了巨大的鼓舞，在此请允许我代表林业科技战线的全体员工，对燕加隆再次取得国际当中的胜诉表示热烈的祝贺。在世界经济日益全球化的大背景下，在知识经济飞速发展的今天，知识产权是一个核心竞争力的体现，为了应对全球技术贸易摩擦，为了提升我国经济、社会的发展水平和竞争实力。国务院在去年颁布了《国家知识产权战略纲要》，标志着知识产权战略已经成为国家层面进行实施，预示着我们国家的竞争和全球化的竞争上了一个新的台阶。在这里我简单介绍一下林业知识产权管理的有关情况。首先，介绍一个概念，就是林业知识产权包括哪些内容，为了进一步贯彻国家知识产权发展纲要，同时组织六个专题组在进行广泛的调研，争取在短期内制定，颁布出林业知识产权战略纲要。林业知识产权战略纲要主要包括这么几个部分，一个是专利，据我们了解和在数据库的统计有效记录，林业的专利数量是六万多件，其中近一半都是有效的管理，都是目前有效的管理，在全国专利应用总数的2%，整体来说还是不多的。第二项就是体现行业特色的新品种，中国是一个资源大国，也是生物资源非常丰富的国家，经过人工的治理开发，国家出台了一些新的政策，要经过授权、申请，测试、审查确认的，这部分的林业新品种目前已经颁布了四批，供78个，130多件，即将颁布，如果可以颁布的话，在今年年底，明年年初总数量大概在133个水准，达到500件左右。第三个就是体验行业特色的，比如说大家熟知的一些，我们和农业部共同管理的生物、植物、动物这些拥有地理标识的产品，林业这边主要是从林木，果树。再有就是体现林业知识产权管理范围，就是生物遗传资源，我们国家的生物遗传资源十分的丰富，这部分森林林产资源占全球的30%多，我们国家现在是生物遗传的进出口交易大国，通过人的治理、开发、应用；最近12月1日，国家林业局正式批准，将林业行业知识产权工作归到科技中心的职能部门下，为此还专门设立了一个执法管理处，主要负责林业新品种，专利，生物遗传方面监督管理形成执法，目前正在拟定的力量，在行业省区也要相应的建立执法部门。这次参加这个会议也是一个学习的机会，非常感谢主办方产业协会、林产工业协会，燕加隆公司给我们提供这个机会，在这里我们有两个处长在这里，将来作为行业的知识产权管理工作，既要对上面连接国家知识产权局、工商局之外，对内要做好协调，对林业企业做好服务性的工作。最后我简单介绍一下近期将开展的三项工作，主要是在以往工作的基础上，进一步加大力量，从贯彻国家知识产权战略纲要的角度，认真组织行业内的知识产权的工作，重点强化林业知识产权保护，促进林业自主创新和产业发展，抓住实施国家知识产权纲要的时机，抓住林业生物遗传资源等主要产品的保护和应用，提高林业知识产权的质量和核心竞争力。尽快的出台并落实国家林业局贯彻实施国家知识产权战略纲要的指导意见，加强行业指导和协调推进，采取相应的支持和激励措施鼓励自主创新，提升林业产业的整体实力；第二，联系建立林业保护的机制，重点开发出口林产品和知识产权的平台，为林业企业有效的支持产权壁垒提供信息和技术，这个工作主要依托协会的力量，学校的力量，科研的力量做。第三，是要推动建立各种形式的知识产权，开发和保护，开展林业科研单位，企业、单位试点，在此告诉大家一个消息，我们以将燕加隆公司，林科院木材工业研究所叶所长他们，还有大亚集团三家列为林业知识产权的试点单位上报到国家知识产权局，近期就应该批准下来了。我们想借这个机会提升我们的形象，林业知识产权这块的工作量，虽然刚刚起步，当然我们想开好头，高效一点，所以慎重的选择了三家，一旦成功，将获得国家的一些支持。重点是要提高自主知识产权和抵制国际贸易壁垒，推动林产业的发展，最后感谢主办方，认识大家非常高兴，我们行业知识产权管理部门将全力做好服务性的工作，密切配合协会、学会、企业集团、科研单位，以及林业全行业的管理部门，做好我们林业知识产权的保护和管理工作，谢谢大家！主持人：国家知识产权管理部门一直重视这项工作，现在我们欢迎中国专利保护协会副会长兼秘书长肖鲁青女士发言。肖鲁青：各位领导、各位专家大家好，再有两天2009年就过去了，2009年是不平凡的一年，温家宝总理接受新华社记者采访时说过去的这一年是惊心动魄的一年，金融危机当中企业是首当其冲遭受了很大的冲击，中央采取了措施，使中国的经济出现了企稳，一些企业突破了金融危机的影响和国际的打压，出现了良好的发展局面。今天在这里研讨中国林业企业国际维权问题，从一个侧面真实的反映了这个情形，深圳燕加隆公司多年来在市场上维护自己的知识产权，并取得胜利，成为我国企业海外维权成功的范例，因此，举办这么一个会议是具有非常重要的和深远的影响意义。首先反映了我国的企业在国际竞争中不断的发展壮大，我们国家拥有一批自主知识产权的企业，通过自己的努力，实现了一定的目标，也体现了中央领导说的创新可以赢得实力，创新可以赢得发展，创新可以赢得尊严的深刻的道理，在经济全球化的时代，世界的竞争最根本的还是知识产权的竞争，在这一点上，燕加隆就是一个榜样，他们发明的一拍即合地板锁扣技术是一个新兴的专利，它解决了地板的核心空白点，实现了核心的创新，满足了市场的需要，打破了国外市场的垄断，实现了知识产权的价值。其次我们通过燕加隆国际维权的艰难历程也看到，我们企业都面临着这样的挑战，中国的企业要想走向国际市场，必须要做好知识产权的大文章，随着我们国家的企业越来越多的进入国际市场，中国的企业在海外遇到的知识产权诉讼越来越频繁，美国的337调查已经不是什么新鲜事了，核心也是知识产权权利是否得到了侵犯，目前我们国家的企业95%的涉外专利诉讼都发生在美国，发达国家企业运用知识产权壁垒进行大量的侵权诉讼目的很清楚，就是排斥和削弱国外的竞争对手。发达国家的贸易保护主义日益加剧，维护他们的市场垄断和知识产权的优势，为了避免我们企业在知识产权战争中的高额代价，企业建立知识产权的经营策略，管理技术制订海外知识产权的管理应对，都是有效的措施，燕加隆可以通过核心技术，通过知识产权打破国外产业的垄断，走向国际市场也为我们广大的企业提供了一个典型的案例。燕加隆企业维权胜利也告诉广大企业，面对国外企业的侵权诉讼，我们不要迷信国外的先进技术，不能只采取回避的态度，应该敢于积极应诉，学会一定的规则，聘请有经验的律师应诉。近年来我们的企业也相继在国际侵权诉讼中打赢了官司，给我们中国的企业增加了信心和决心，同时也积累了国际诉讼方面的经验，希望更多的中国企业能够以燕加隆公司为榜样，努力的研发自主核心专利技术，不断的增强企业的竞争力，使更多的中国产品走向国际市场，国务院在去年六月五日颁布《国家知识产权战略》我们也相信各级政府也将为企业提供更好的法制环境和市场环境，促进越来越多的企业把知识产权战略融入到企业自身发展的战略当中，提高企业的知识产权，创造、应用、保护、管理能力，推动创新性国家的建设，谢谢大家！主持人：我们刚才以燕加隆国际维权经历为案例，在国际贸易、知识产权等多角度进行了研讨，各位专家、来宾都提出了非常多的建设性的意见和建议，有关国际林业产业维权问题，本次研讨会是一个开始，希望各界，各方面进一步重视和关心林业企业国际维权问题。本次会议就到这里。,3,4,0.40794867277145386
同方彭林：以一当四 开启家庭PC新时代(组图)功能卓越的至尊强者，以一当四来势汹汹，开启家庭PC新时代。备受关注的客厅高清家庭影院电脑(HTPC)行业将迎来新的变革！同方灵悦2——堪称全球最小最瘦身的代管去高清迷你电脑，基于NVIDIA公司的ION图形处理器，提供强劲的高清解码功能，完美支持1080P高码流搞清影音解码，超小体积仅1.8L，八面玲珑外观之下却内含相当丰韵，是一台集合蓝光DVD、搞清播放机、体感游戏机的小巧精致家用PC。时间：2010年1月22日下午15：30-17：00地点：清华同方股份有限公司嘉宾：同方股份有限公司计算机系统本部、消费渠道事业部副总经理彭林主持人：谢娟以下为现场实录：主持人：各位新浪的网友大家好，今天作客新浪乐居嘉宾聊天室的嘉宾是清华同方计算机系统本部消费渠道事业部副总经理彭林先生，彭总第一次到我们聊天室作客，可以先给我们新浪的网友问声好。 图为CRIC房商集团华北区总经理张晓辉为同方颁奖彭林：各位新浪的网友大家好，我是彭林，负责清华同方消费类产品。主持人：首先恭喜清华同方获得“2009新浪乐居网友最关注的数字家庭电脑品牌”，刚刚我们也进行了一个简短的颁牌仪式，说到清华同方很多产品都受到广大网友的关注和喜爱，我们最新近的一款产品就是灵悦2，它的功能是全功能客厅娱乐高清电脑，请您给我们讲一下全功能的定义，好吗？彭林：其实同方关注客厅数字化的事情已经很久了，包括我们名字叫做灵悦2你也知道其实它之前还有一个叫做灵悦1的产品，那个产品其实是在2002年左右就已经诞生了，经过这么长时间，我们对于数字家庭的理解又有了一个更深的进步，为什么我们这次开发灵悦2产品呢？我先简单介绍一下灵悦2产品的定位。其实我们在考虑未来消费类产品将要往哪个方向发展的时候，已经深刻的意识到一个问题，就是我们很多的消费者都有这样一个需求，什么样的需求呢？我们需要把一些电脑上的内容和一些互联网上的影音希望可以搬到我们普遍的客厅里的电视、音响或者投影仪比较重要的一些客厅的媒体娱乐化的设备上，这样用户体验起来可能更加舒服，而不是简单传统的通过普通的电视节目，或者简单的光盘、DVD。其实这样一个简单的现象背后透漏着一个深层次的未来的发展方向，就是笔记本电脑以及普通的家电化设备的融合，这个事情很多厂商已经做了。但是具体怎么做，做出什么产品可以很好的整合起来，让用户有很好的体验，清华同方主要是在这些方面做得比较靠前。这样一个产品你们会看到很小巧，非常时尚，甚至当拿到它的时候你会很惊讶它是一台电脑吗？可能觉得它不像一台电脑，很家居化的产品，其实这也是我们设计它的初衷，我们希望这个电脑设计起来以后，看起来好像一个普通的家电设备，但其实它是一台全功能的电脑。全功能有这么几个层面，一个是它用的其实是X86架构，X86架构意味着它可以运行W平台，运行W平台意味着所有基于W的软件、娱乐、播放的格式它是通吃的，都能够兼容的。另外，也意味着它可以把整个互联网的内容原封不动的获取过来，因为这是W平台和X86架构的优势所在。第二个全功能，它虽然体积非常小巧，但是它的性能一点都不弱，它用的是Ion离子平台，它在视频解高清方面的处理能力是非常非常强的，我们现在可以非常流畅的支持1080p的片源的格式，不要看着小巧，但是在视频表现力上是非常非常好的，这也是一个全功能。第三个全功能指的是我们在这么小巧的体积里，我们还做进了光驱，而且光驱还是可换的，将来你可以换成蓝光，或者你买了一台DVD可以换成蓝光，或者未来格式的光驱性产品，这个在业内就不容易了。因为业内如果有类型的产品的话，体积或者比这个产品大，或者没有光驱。没有光驱意味着什么呢？意味着用户只能把它当成互联网的终端设备使用，无法当成CE、DVD光盘的设备。用我的化来讲3C融合还不太到位，有了光驱以后，听歌、看电影都非常非常方便了。所以，用一句话概括，麻雀虽小，但是五脏俱全。 图为灵悦2产品图片主持人：您刚才提到这三点都与我们家庭娱乐息息相关，接下来请您给我们阐述一下在现在这个时代，您对于家庭娱乐所处这个层面的理解究竟是一个什么层面才能满足现代人对于家庭娱乐的一些需求，在这个过程中我们科技产品又扮演着怎样的角色？彭林：是这样，其实每个公司，包括一些国际大厂，像英特尔、微软都有自己对于未来数字家庭的定义，那些大厂也都出了很多成套的解决方案，但是同方作为一个中国的本土企业，它作为中国式的家电，在未来五年到十年中它应该变成一个什么样子，我们有自己独特的研究和看法，可能跟他们不太一样。我们认为国内的一些家庭在未来数字娱乐化应该往哪个方向发展呢？我觉得最重要的一点还是如何把互联网海量的一些娱乐资源可以真的和客厅、电视这种传统的显示设备和享受视听设备进行一个整合。这个其实就是我认为未来五年中国家庭特别关注的数字娱乐家庭的一个方向。怎么做，不同厂商在探索不同的道路，清华同方我们是希望提供一个非常家电化的设备，首先从外观就很家电化，从使用感受来说，也很家电化。比如它的快速开机，你希望一个家电型的产品，DVD也好，音响也好，开机时间不应该像普通电脑一样，一分钟，两分钟的时间才启动起来，你希望是一个即开即用的感觉。第三点非常方便，当你想看到一个影片的时候，你希望通过几个简单的操作键就可以看到这个影片，这些都是家电化的一些特性。我们电视、机顶盒一开开就可以直接观看了。这是家电化的一些要求，另外还有PC方面的一些要求，用户希望我获取的资源是无限的，他可能不太希望仅局限于电视台播放的一些内容，给我们固定安排好的一些内容，我希望选择我感兴趣的内容，这个是互联网可以提供给他的，但是普通的电视节目提供不了。还有就是互动交流，我不是仅仅作为一个信息的接收者，我可能也会在看或者享受的过程中我也希望表达我的一个感觉，或者我需要跟别人交流，或者我需要来改变我未来新的娱乐的内容和一些方式，我希望去表达，这些是普通家电提供不了的，是传统的PC领域所能提供的。融合指的就是把这两种方式很好的结合起来，让它既有家电化的体验，又可以有IT领域中内容的一个支持。我认为我们不用看得很远，说未来智能化家居或者娱乐化家居发展成什么样，但是我认为未来3—5年左右，中国的家庭很多人都会有数字娱乐整合的设备作为自己在家里娱乐的一个中心。,3,9,0.9958416819572449
吴厚斌感言生活不是诗叙写历程吴厚斌：大家下午好，刚才赵总、张总、李总说了很多的恭维的话，我说恭维是确确实实做得非常不够。今天是星期二，是一个非常繁忙的日子，我今天搞这个活动本身是很忐忑的，这些老总能不能来？会来多少？我这个诗集里，涉及到的人物有130个左右，今天到这里来的有七八十个，很多人因为繁忙，但是这样也发了信息来祝贺。在这里我心怀感激地说一下我的诗集。首先说一下为什么要出这本诗集，大家知道我是一个记者，文学不是我的本行，因为我真的没有读多少古文，更没有背多少诗，我在初中高中的时候都是理科，那个时候升学最主要。作为一个农村的孩子，要跳出农门，只要不考试的就不去学。那个时候历史、地理、语文都不是要求很重，因此对于诗的一些积累是没有的。后来开始写诗进了记者这个行业，发现不能人云亦云，我再行业里有一句话叫原创。不管写得怎么样，写得好、写得坏，一定是自己的东西我把它称为原创。逢年过节的时候看到一些新鲜的东西，总想跟朋友们发一个信息表示谢意，发现很多大家传来传去的格式化短信，没有新意，我想有一个新意，在逢年过节的时候就写一点新的。用诗的方式写，这个得到了一些人的赞赏，于是就越来越脸皮后，就继续写下去。到了去年的奥运会，因为报纸全部向奥运让路，所以没有多少事，天天看体育、看赛事，其实我不喜欢体育，但是因为是百年不遇的大事就看。看完以后，记者的角度就手比较快，如果不写手就会迟钝，就写一些东西发给大家。我发的这些人都是有头有脸的朋友、老板，大家都很忙，不像我这么闲他没有时间去看电视，我的诗成了他了解奥运赛事的重要途径，哪一天发得晚了一点他们还说你怎么不发了。这样一鼓励，奥运会16天，我写了26首诗，在这本诗集里有一个奥运板块，用我后来的感觉做了一定的修复，但是基本保持原貌。这样一来形成一个写诗的习惯，到奥运之后有一个习惯，每天看到什么事情都会写下来，然后跟朋友共同欣赏，有一部分人愿意欣赏，我在手机里形成一个群，写的每首诗歌发给大家。现在我的诗友群有200个比较固定的。形成一个习惯之后，到什么地方都写，我最多的时候到桂林一天写十首，一景一首，给大家发，他们说你每天都很闲，我说不是闲，而是每天都有感悟。时间长了我这些诗友有一个想法，能不能想个办法让手机空下来，有的人真喜欢我的打油诗。大家建议我出个诗集，我觉得作为我人生中的旅程，作为日常生活中所见所闻的敢想，把它记下来也是一个好事，慢慢把诗集起来，在出版社出版，这就是我为什么会出这本书的原因。第二个问题就是为什么叫“生活不是诗”出这本书的时候想了很多名字，出版商题的名字大家说太落伍了。就征集各种方案，有什么触摸生活、感悟生活等等，有一天跟一位朋友，跟一位朋友说，他说你不要说诗了，说家居行业有本书叫千万不卖家居，但是讲的全是卖家居，关键是卖的文化、卖的创意，生活不是诗，生活在你那里就是诗了。我马上有灵感，把名字定为叫生活不是诗，因为生活确实不是诗，只要有感悟、有激情的人才能写出诗。第三，这个诗集里写了什么，大家知道除了我们行业以外，还有很多其他的东西，有感悟、有出游、有奥运，又回到家乡看到美景，还有同学聚会的感悟，形成了十集，相对比较丰富。第四，诗集的特点，从原创的角度来讲，这本诗集的其他东西不重要，我觉得我有一个原创，自己给自己的诗集做注释。诗人都希望大家去猜，但是我希望我见到的东西、当时的场景全部写下来，让大家轻松地去了解。希望我这个生活不是诗，真正成为大家茶余饭后的谈资。谢谢大家！主持人：我想在座的嘉宾平时都会收到他发的信息，他是用手机在写诗，今天嘉宾给吴厚斌带来了一份礼物，接下来我们请这位朋友，给我们带来的一份礼物，有请。我们看一下他带来得是什么礼物。这是一个手机，上面有“秋之歌”这是吴厚斌刚刚创作的诵秋的诗歌。接下来我们请刘秘书长分享吴厚斌诗集的感受。,3,4,0.6541608572006226
嘉丽士漆牛年大让利   加盟10万送20万在嘉丽士2009年营销精英集训会议上，嘉丽士总经理张文辉先生宣布“全力出击， 集中资源，精耕细作，密集网络”的营销作战方针，不惜重金聘请国际当红影星李冰冰小姐出任嘉丽士代言人，并公布史无前例、让利空前的“嘉丽士漆牛年大让利，加盟10万送＞20万”的招商政策，率先出击各种活动，抢占千载难逢的利好机会。率先出击E网络招商 抢占千载难逢的机会2008年金融海啸对各大企业影响颇大。据了解，阿克苏至今已经关闭12家工厂，裁员2万多名员工，开始执行“开源节流”计划应对金融危机。从康师傅高薪聘请到立邦的中国区总裁已辞职。中华制漆的“立邦团队”涌进，使原有的精英人才分流；收购华润的威士伯2008年销量下滑。而嘉丽士2008年在CCS紫光大道营销模式的指引下，在全国拥有800个加盟商，加盟店达到2560家，全年销售实现正增长，特别是乳胶漆增长幅度较大，成为涂料行业异军突起的一批黑马。日前，小品牌正在压缩投入，大品牌受全球金融危机影响纷纷出现不同程度的状况。而国家相继出台“二套房贷政策松动、免税、降息、暂停对境外机构和个人购房的限制、开发商拿地可延期付款”等等救市政策扶持房地产产业，使很多城市房地产连续数周销量增长，出现逐渐房产回暖现象。可见，2009年是嘉丽士天时地利之年，是嘉丽士把握千载难逢机会之年。因此，嘉丽士率先挑战机遇，在各大涂料网站、建材网站、装饰网站、招商网站、搜索引擎网站、门户网站家居频道等等1000多个网站进行“嘉丽士漆牛年大让利，投资10万送＞20万”的大规模招商活动。率先出击大让利活动 抢占千载难逢的机会嘉丽士面向全国空白地区(省级、省会、地级、县级)诚征装修漆加盟商，凡在2009年加盟嘉丽士的经销商，只要加盟10万，就享受行业史无前例、硬件软件配套齐全、首批亏本大让利的＞20万元支持，即15万的全线产品支持+1万店面装修支持+1万会员启动基金+1万元店长和服务人员培训基金+1万售后服务车购买基金+1台无气喷涂机+1台终端电脑+1台调色机等硬件支持，还配套人员招聘培训支持+成功市场观摩学习+《公司化管理手册》+《终端标准手册》+《乐活色彩推广手册》+《终端标准培训手册》+《钻石会员俱乐部操作指导手册》+《小区推广指导手册》+《装饰公司推广指导手册》+《工程招投标指导手册》+《售后服务标准手册》+《市场管理政策》+《紫光大道营销模式》光碟等等软件支持。率先出台8大保增长措施 抢占千载难逢的机会为了延续嘉丽士持续增长的势头，在嘉丽士经销商年会上，周董事长特别指出8大保增长措施：其一、零利润保增长；其二、员工重奖重罚保增长；其三、空白市场全面开发，并协助客户开发乡镇网络保增长；其四、乡镇产品下乡支持保增长；其五、广告预算增长3倍建设品牌保增长；其六、全力出击做样板市场，保证加盟客户盈利发展；其七、网络密集强终端保增长；其八、工程师走进市场，为市场订做产品保增长。嘉丽士周董事长预言：谁在2009年有大动作，而未来1-2年即可大翻身，比往年更容易获得成功！,3,6,0.8450644016265869
嘉宾为红星美凯龙北五环店正式剪彩主持人：现在稍稍有一点小雨，我觉得水代表的是财，一定象征着红星美凯龙的业绩不断的攀升，下面正式剪彩，有请各位嘉宾上台。主持人：现在我们的红星美凯龙北五环店正式开业，谢谢各位！在这里我们共同预祝红星美凯龙的明天更加美好，今天的开业庆典仪式就到这里，感谢各位的光临，谢谢！(本次活动到此结束),3,6,0.37714478373527527
国家副主席习近平考察陇星散热器公司6月9日下午，中共中央政治局常委、国家副主席习近平和同行的中共中央政治局委员、中央书记处书记、中央组织部部长李源潮，在中共甘肃省委书记陆浩、甘肃省省长徐守盛、兰州市委书记陆武成等省市领导的陪同下，来到位于兰州高新技术产业开发区的兰州陇星散热器有限公司考察。陇星散热器有限公司董事长吴爱华、总裁吴继祖陪同考察，并向习近平副主席及有关领导汇报了公司产品研发及企业经营情况。习近平副主席首先参观了陇星散热器有限公司新落成的“中国散热器采暖集成系统展示中心”，随后来到生产车间考察。习近平副主席在听取吴继祖总裁的介绍时，频频点头，对陇星集团坚持科学发展观，积极应对金融危机，走自主创新之路，研发环保节能产品所取得的成绩给予了充分肯定。习近平副主席饶有兴致地观看了陇星各种散热器产品，了解到陇星产品节能环保、物美价廉时，副主席说：“好，就是要研发、生产既环保节能，同时老百姓买得起的产品。”一路上，习近平副主席说的最多的一句话就是：“好，很好，希望你们好好干！”亲切的话语，充满了国家领导人对陇星干部的关怀和对广大员工的鼓舞。下午三点零五分，习近平副主席结束了对陇星公司的考察，在全体员工热烈的掌声和依依不舍的目光中离开了陇星。习近平副主席亲临陇星考察，这是陇星公司及散热器行业莫大的荣耀，陇星人将以“提供优质采暖产品，提升民众生活品质”为宗旨，秉承“诚信、进取、品牌、责任”的企业精神，为实现“提高民族品牌竞争力、实现产业报国”的目标而努力奋斗！矢志成为中国散热器行业国际品牌！6月11日，中央电视台《新闻联播》、《晚间新闻》，甘肃电视台《甘肃新闻》等重要媒体进行了新闻报道。中国建筑装饰协会、散热器行业协会领导、业界专家等有关人士也纷纷向陇星公司表示热烈祝贺。,3,7,0.9824696779251099
国家环保部给予圣象健康消费行业至高评价在2009年10月15日由国家环境保护部及环保部环境发展中心中国环境标志15周年纪念活动上，经国家环境保护部批准，环境保护部环境发展中心授予圣象集团等10家国内行业重点企业“中国环境标志突出贡献奖”。国家环境保护部专门为圣象集团发布了评价：圣象集团作为中国最大的木业家居行业企业，致力于创造产品健康水平及环境行为的最高境界和标准，不断改进产品健康水平和生产资源的可持续发展环境友好是绿色经济和消费的典范。这个奖项是迄今为止国家环境保护部对全国行业企业“产品健康指标优和环境行为优”综合效益优秀认证企业的最高评价。这个评价是基于环境保护部中国环境标志认证的客观标准和企业日常绿色经济行为的评价而做出的。环境保护部副部长吴晓青以及国家发改委、商务部、财政部、科技部、联合国环境发展署等领导和嘉宾为圣象集团等十家获奖单位颁奖，圣象集团常务副总裁郭辉先生代表圣象集团授奖。,3,6,0.4310106337070465
国美门店试取消进场费 家电商担心变相收费贝恩资本3名董事会成员进驻国美电器后，首个针对渠道门店的战略改革浮出水面。记者昨天获悉，国美试取消进场费。目前，国美电器首家无进场费门店已经在济南开张，下半年还会有50家这样的门店在全国相继开业。国美方面表示，取消进场费和厂家促销员是国美今年提升门店效益的内容之一。 部分家电厂商表示，变相收费是连锁卖场惯用的手法，即便没有进场费也可以通过提高经销商返点费，比如广告费、年节费、毛利补差等来变相收费。还有不少厂商担心，国美取消进场费有可能只是一种形式上的调整。,3,6,0.3085027039051056
国际金价下跌拉低国内金饰价 黄金卖场销售增三成受国际金价下调影响，北京多家黄金卖场日前集体下调金饰品零售价，其中千足金饰品每克最多降7元。金饰价格下调，再加上“节日”效应，消费者购买欲望被点燃，多家黄金卖场销售火爆，据北京菜百公司统计，元旦三天假期中，菜百销售额突破2亿元，同比上升30%以上。记者在菜百看到，调整后的足金饰品为269元/克，每克下调9元；千足金为288元/克，最多每克下调7元。这也是2009年下半年黄金饰品连续6次价格上涨后出现的首次下调。金饰零售价的下调让对价格敏感而处于观望的消费者纷纷“出手”。记者了解到，以“虎元素”为主题的金饰出现热销，而在高端系列产品中，世界黄金协会推出的“唯有金”系列销量一直雄踞高端产品之冠。与热闹的销售大厅相呼应，位于菜百二层东侧的贵金属投资交易中心的柜台前同样人头攒动。“如果近期国际金价没有大幅度下调，暂时不会再次下调价格。”多家黄金零售店表示，目前的价格能否保持到春节取决于国际金价的走势。分析人士认为，国际金价近期走低的可能性不大，金价震荡过后有望展开升势。,3,1,0.9822837710380554
圣象参加亚太区合法认证林产品国际研讨会9月8日，由国家林业局对外合作中心、大自然保护协会主办的，美国国际开发署、亚洲负责任林业与贸易项目协办的、中国林科院和世界自然基金会组织的“亚太地区合法及认证林产品国际研讨会”在中国上海举行。中国国家林业局国际合作司司长、美国国际开发署环境主任、欧洲森林研究所所长、世界自然基金会、中国林产工业协会等官员及社会、企业等各界人士参加。圣象集团作为全球森林与贸易网络的一员受邀参加了此次会议。集团副总裁郭辉就“合法合可持续木材的营销”作了主题发言，介绍了圣象在原材料采购供应链合法化和共享欧美合作伙伴合法原料的经验，阐述了未来圣象在保护环境、维护世界林产可持续发展和促进林产品合法贸易的规划，将为推动本国森林可持续发展做出努力。,3,7,0.6638444066047668
圣象安装服务技能大比武纪实四月二十一日，来自圣象全国服务系统的精英、圣象集团的各位领导、圣象研发丹阳生产基地的同仁以及新闻界的朋友们，汇聚在圣象丹阳工厂，举行2009年服务安装技能大赛总决赛，参加决赛的12名圣象服务系统的代表是本次圣象服务技能万人大比武近万名参赛者中经过笔试、省级初赛、大区复赛层层选拔出来的服务技能表现优异的佼佼者。本次比赛观战加油的有圣象集团总裁-翁少斌、集团常务副总裁-郭辉、圣象集团营销总监本次大赛总指挥周英学、集团产品总监-刘洋，还有光临现场的来自圣象各销售公司总经理。圣象集团常务副总裁郭辉致辞并宣布本次大赛的决赛鸣锣开幕第一个比赛项目：地板单片更换。通常在家居生活地板使用过程中常常出现的一些问题，比如地板因受什么意外而发生了损伤或者是你一不小心把地板给砸坏了，那可能就需要做单片更换的修理，这是一个十分平常而又重要的修理工作，这个工作如何做的更快、更好还是需要一定学问的，圣象安装系统总结了一套成熟的地板单片更换的方法。第二个比赛项目：异形场地的地板安装比赛，这个场地虽然不大，但是把所有安装地板能遇到的艰难困苦应该说都包含进来了，这个场地有踢脚线、扣条、收边、楼梯、圆弧、穿越管线、斜面等等算了算一共18个安装点，处处都意味着对安装技能的考验。第三个项目比赛选手介绍自己的绿色安装方案和展示特色安装工具。同时进行地板花样拼接。绿色安装的意义是：(1)、低噪音，不扰民(2)、无尘、低尘，有利于健康(3)、低损耗，废料及时清理统一处置。这项服务增值意义对于二次装修、单独地板更换、缓解装修时的邻里关系和谐社区的建设有着重要意义。地板花样拼接的要求：(1)、需要有垂直拼接的部分(2)、要有三种以上的款式参与评判原则：(1)、安装质量，特别是拼接时的缝隙(2)、评价该种拼接方式的实际用料情况(3)、设计师进行装饰评价第四比赛项目：测量地坪测量地坪是地板安装质量的基础，国家标准要求，每2米长度上不平的最大值不能超过3mm，如果在不平的地面上进行了安装那么就会造成很多问题，例如：产品异响，锁扣之间摩擦受力加大加快产品损坏、产生缝隙，防潮性能下降等情况，安装人员要在最快的时间内把地面上高的低的部位标识出来，找出地面的问题。大赛最后决出了：第一名幸年文北京公司；第二名吴帅南京公司、第三名吴殿军沈阳公司和高用强长春公司好马配好鞍，好地板还要好的配件系统、好的安装服务的支持，才是一个完整的地板系统，这就是所谓的三分产品，七分安装。圣象一直以来致力于提高员工的服务能力和素质，加强地板专业知识、规范施工流程及细节，增强安装服务意识，真正为客户服好务。争当服务标兵，树立服务规范，比赛服务技能是本次大赛自始至终的目标，它不仅仅是三句口号，更是所有圣象服务系统对未来服务的庄严承诺和不断进取的方向。,3,6,0.369416743516922
圣象郭辉：最具价值品牌证明市场竞争力世界品牌试验室在中国进行中国500最具价值品牌评估已经是第六个年头了。这个机构十分关注中国经济和品牌的发展。圣象集团能工商银行、CCTV、海尔、联想、中国石油、五粮液等知名品牌进入中国500价值100强行列。6月30日上午圣象集团副总裁郭辉先生作客新浪乐居。时间：2009年6月30日星期二地点：新浪乐居嘉宾聊天室嘉宾：圣象集团副总裁郭辉先生主持人：新浪乐居 谢娟以下为现场实录：【主持人】：从榜单上可以明显地看出，凡是上榜品牌都是所属行业内无可争议的领军企业。作为地板业首家上榜“中国500最具价值品牌”的企业，这个评估对圣象品牌有什么特殊的意义？ 【郭辉】：世界品牌试验室在中国进行中国500最具价值品牌评估已经是第六个年头了。这个机构十分关注中国经济和品牌的发展。我们也欣喜的看到圣象集团能与工商银行、CCTV、海尔、联想、中国石油、五粮液等知名品牌进入中国500价值100强行列。在世界金融危机大的经济环境下，企业品牌不不断增值与位次上升也一定程度的证明了品牌的市场竞争力和未来发展的市场潜力。 【主持人】：企业发展是一条艰辛的道路，从发展之初到现在成为中国地板领军品牌，在这十余年风雨当中，都面临过哪些困境？又是怎么来解决的？【郭辉】：圣象品牌和企业的发展必须源于社会源于市场，这也是圣象一直遵循的发展模式。十几年前，圣象选择当时市场上还没有的强化木地板起家就是看到他符合消费者未来使用木地板的意愿并结合森林可持续发展的理念而做出的选择，实践证明这是一条利国利民的可持续发展的道路。据此我们还创造了人工绿化工程以及产业链综合发展的产业模式，品牌与社会、经济、消费同步发展。10几年的发展当然也遇到一些坎坷，1999年欧元升值进口成本上升，我们就在2000就建立起亚洲第一世界领先的生产研发基地实现了品质国际化，生产技术工艺与国际同步甚至超前。2003年面对国内价格竞争五劣板严重影响行业形象和消费者利益，我们与具有正义感的企业和国家有关部门共同打击五劣板，这个成功是消费者的福音也是行业正义感的体现。近些年，我们在对外技术合作、国际知识产权体系等方面也积极的进行探讨也遇到国际国内上的一些问题，我们一直着眼于行业长期发展的目标去提出解决方案，实践证明是科学有效的。【主持人】：有的人认为企业核心竞争力是有新的产品，有的人认为是服务，您觉得圣象这十余年的蓬勃发展，最核心的竞争力是什么？ 【郭辉】：今天来谈圣象企业的核心竞争力我认为是综合的，每一个因素只有重要程度上的差别，单方面的不会持久只能认为是一种竞争优势而这些优势也会随着市场的变化而变化。目前圣象业务的发展品牌为竞争提供了良好的支撑，我们也在从各个方面在维护圣象这个品牌。你谈到的新产品、服务等是保持竞争优势的载体和手段，圣象是上下2万名员工一起围绕着市场、消费者不断变化提升了的需求而不断努力。【主持人】：08、09年可以称得上是风雨交加，圣象为何逆势扩张，您如何看待2009年的建材(地板)市场？在今年中国地板市场出现了哪些新的变化？ 【郭辉】：08年和09年行业内确实感到了这方面的压力。地板行业家居行业的有些同行也深有感受。圣象在09年的业务07、08、09同比环比均实现增长，感谢消费者对圣象品牌的信任。2009年的家居建材市场刚性需求仍然相当的旺盛，个性化的消费趋势也相当的明显，我们的消费者年龄、消费习惯、获取信息的途径与以往都有着新的变化，实木类地板消费能力更趋成熟、新媒体、新通路新的商业模式也不断的涌现，这对我们既有的经营方式和思想方式是一个考验，积极的主动的去赢得是今后圣象品牌在市场竞争中能够胜出的途径，为此我们去也也在增加这方面的软硬配置以及寻找更适合我们的合作伙伴。【主持人】：三层实木复合地板推广活动正在大规模的进行着，您对三层实木地板的“中国制造”前景有着怎样的预测？【郭辉】：事实上，三层实木地板在欧洲是很成熟的产品，圣象与瑞典康树的合作算起来10多年的历史了，我们前些日子在网上对有意向的木地板类消费者的一项网上调查(这个调查目前参与超过2000人)在200-300这个实木类地板消费的主流价格段选择三层实木地板的占有高达73%，调查还显示，消费者喜爱三层实木地板源于品质稳定、装饰效果更佳、大幅面、适于地热采暖等优势。所以我们觉得现在是三层实木在实木类地板消费领域内脱颖而出的时机了，目前行业内很多企业都在生产和经营三层实木地板，大部分专门做出口的去也开始着眼于国内市场了，我认为三层实木地板很有市场前景。圣象已经完成了600万平方米三层实木地板的扩能，到2013年圣象实木类地板见达年产销量3000万平米，三层实木地板达到1400万平米以上。【主持人】：请您预测一下2010年中国地板行业。圣象将如何应对新变化？ 【郭辉】：圣象是一个在竞争中不断进步的品牌，市场和消费者明确的导向就是企业不断进取的目标，为了达成企业成为世界一流木业产业集团的目标我们在技术、团队、渠道、研发、产业链方面进行了多方面的准备。2010年将是行业经过调整后走向新里程的第一年，周围的竞争者会发生变化、新的消费模式、商业模式会不断涌现，我们必须给予足够的重视。希望未来的2010年是家居建材行业走向新纪元的里程碑。,3,4,0.46033838391304016
地板商跑量谋生：看不懂楼市东方早报记者 姚伟“我们今年的情况比去年好过多了。”张云，国内某知名木业公司项目主管。得益于政府经济刺激计划，过去几个月楼市强劲复苏，这也带动了木业公司的产品销量。 “我最近刚刚和两家业内排行前两位的地产公司所达成的业务。就这两单业务，已经是去年业务量的好几倍了。”张云略显兴奋。 由于房地产开发商往往是根据期房销售量来决定精装修房的进程，因此去年几乎没有房地产公司主动找木业公司。但今年来情况突然大变，不少房地产公司期房一售而空，于是纷纷催着木业公司装修交房。 “不过说实话，作为业内人，都看不清楚现在的楼市到底是怎么回事。”张云以上述两个客户均在世博板块内，“两家楼盘竟然争着提价，谁的楼盘价格低，反而没人买了。”让张云奇怪的是，一方面房地产公司争着赶工卖房；另一方面，对于我们这些承接工程的公司而言，则拼命压价，“因为金融危机，手头没钱”。 更让张云的困惑是，从零售市场来看，目前依然是“寒意阵阵”。在部分偏远的地区，一个月的实木地板销量其实少到只有可怜的几百平方米而已。 东方早报记者 姚伟“我们今年的情况比去年好过多了。”张云，国内某知名木业公司项目主管。得益于政府经济刺激计划，过去几个月楼市强劲复苏，这也带动了木业公司的产品销量。 “我最近刚刚和两家业内排行前两位的地产公司所达成的业务。就这两单业务，已经是去年业务量的好几倍了。”张云略显兴奋。 由于房地产开发商往往是根据期房销售量来决定精装修房的进程，因此去年几乎没有房地产公司主动找木业公司。但今年来情况突然大变，不少房地产公司期房一售而空，于是纷纷催着木业公司装修交房。 “不过说实话，作为业内人，都看不清楚现在的楼市到底是怎么回事。”张云以上述两个客户均在世博板块内，“两家楼盘竟然争着提价，谁的楼盘价格低，反而没人买了。”让张云奇怪的是，一方面房地产公司争着赶工卖房；另一方面，对于我们这些承接工程的公司而言，则拼命压价，“因为金融危机，手头没钱”。 更让张云的困惑是，从零售市场来看，目前依然是“寒意阵阵”。在部分偏远的地区，一个月的实木地板销量其实少到只有可怜的几百平方米而已。,3,4,0.9300889372825623
地板无故发烫疑是电线老化作怪□记者 李蔚今报郑州讯地板“高烧”，烫得能热牛奶，昨天本报对发生在郑州市民张先生家的这件稀罕事儿做了报道。为找到地板发热的原因，昨天中午，河南工业大学建筑工程学院土木建筑系郭金勇教授，特意赶到张先生家。新电表连的线没入地7月20日12时许，整个郑州就像罩在闷罐里，而张先生家客厅的温度显然比外面还要高。客厅西墙的踢脚线和墙边的地板仍旧发着“高烧”，没查出地板发烧的原因，张先生一家也不敢开空调。郭金勇到张先生家后，挨着“发烧”的西墙墙脚触摸了所有地板砖，“果然很烫手”。随后，在张先生的指引下，郭金勇在客厅南墙的外墙上找到了电表，电表上走出来两根电线。是不是这两根电线造成地板发热？张先生认为绝不可能，“这两根电线从墙壁上方穿过，根本没走地板下面”。就在这时，张先生忽然想起来，家里现在用的电表是进行一户一表改造后安装的，改造之前整个单元用的老电表就安装在外面的楼道里。虽然老电表拆掉了，但那里还有电线，“会不会是那里出了问题”？22年前埋的电线惹祸?在张先生的带领下，郭金勇在楼道里发现了一个电线箱。这个电线箱安装的位置，正是张先生家客厅西墙的外墙。郭金勇打开电线箱，里面有一根小拇指粗的黑线，“问题可能出在这根线上！这应该是全楼的主干线，估计电流量达到50安”。这根线从电线箱出来一直延伸到地面，钻入张先生家的墙壁后探入地下，再从客厅南墙外钻出来。虽然老电表拆了，但电线还一直通电。这根电线在楼道里是黑色的，从南墙外出来成了白色。“说明白线和黑线有接头，地板上两块最热的地方就是电线接头处。”郭金勇解释。郭金勇称，上世纪80年代初期，郑州市多使用铝芯电线，这种电线的寿命在20年左右。张先生住的房子1985年建成，现在电线的寿命也该到期限了，电线老化也会发热。加上今年雨水多，水分渗透地面进入电线内，也会对电线进行腐蚀造成漏电，这也是造成地面发热的原因之一。从地板温度来看，电线下埋的深度在15厘米~20厘米。“电流增大1倍，热量就会增加4倍。”郭金勇称，全楼的主干线应该走公共通道，如果从某一户通过，一旦出现问题很难维修，这是当初施工时铺设得不合理。水泥烤得太干根本挖不动郭金勇建议张先生挖开地面，更换线路，避免漏电击伤家属。当天13时30分，张先生就迫不及待地拿出工具要把墙边的地板砖凿开，但因为长时间温度过高，光是凿开地板砖就用了一个多小时，下面的水泥层更是凿不动。张先生说挖开地板后，如果能确认是电线造成地板发热，他就找物业更换线路。如果还不能确定，只有继续请专家帮忙查找原因了。,3,4,0.6949281692504883
城外诚11&#8226;9消防演练暨百日安全表彰大会11月9日，值全国第18个“119消防宣传日”之际，由北京城外诚与朝阳区华威消防中队联合举办的大型消防演习在城外诚南广场隆重举办，城外诚总经理刘长河、华威消防中队队长黄鹏以及城外诚常委领导班子出席活动。城外诚全体干部职工及卖场营销员代表近3000余人参加消防演习活动。由华威消防中队50余名全体消防官兵、6辆专业消防车和城外诚20余人消防应急小分队和1辆消防车组成的强大消练阵容，通过消防车救火、油锅灭火、液化气罐灭火、火盆灭火、消防器材展示等五项现场模拟演练，为参加活动的3000余人上了一堂生动、真实、专业的消防知识提升课。此次“警民携手联防、共建平安环境”的活动，也成为了近年来北京市企业举办消防演习活动中，规模最大、参与人最多、专业性最强的一次。通过华威消防中队教官在现场对灭火常识、安全施救等专业知识的讲授，让参加活动的员工受益匪浅，消防知识得到了极大的提高，通过大规模的模拟演练体验，加深了印象、熟练了技能。在当天的活动现场，来自《北京晚报》、《新京报》、BTV、新华网等二十余新闻媒体进行了采访和报道。紧扣主题提升预警。今年是全国第18个“119消防宣传日”，北京市定于今年的消防主题为“人人参与消防，共享平安生活”，旨在把消防安全意识贯穿到人民生活之中的每个细节，达到人人参与、人人防范、共享平安的目的。多年来，城外诚始终把安全生产做为企业的头等工作来抓，从企业领导的高度重视，到消防知识的普及培训以及企业消防分队的组成，为确保企业的平安祥和铸就了坚固的防范长城。此次由华威消防中队长黄鹏带领50余名专业消防官兵，通过专业的系列演练活动，进一步提升了城外诚干部职工及卖场营销的消防知识和防范技能。百日安全成效显著。在此次警民联合消防大演练的活动中，城外诚总经理刘长河为60余名“百日安全”先进员工和营销员奖发了荣誉证书，并对“百日安全”活动取得的圆满成果给予了充分肯定。据了解，城外诚“百日安全”是今年7月7日正式启动，以“提高安全意识、同创和谐社会、共享平安生活”为主题，旨在进一步宣传和普及安全知识，提高安全防范意识，强化各项安全规章制度的贯彻落实，杜绝各类违章和安全事件的发生。为确保城外诚平安家居卖、营造更加安全放心的购物环境，并将此作为向建国六十周年献礼的一项重要活动。在为期100天的安全活动中，城外诚干部职工踊跃参与、积极行动，义务为安全巡逻活动奉献节假日。据工会统计，共计426人、奉献2000余个班次，在以总经理刘长河为组长、各部门负责人为成员领导小组的带领下，通过宣传动员、自查整改及总结经验三个阶段，确保活动质量，最终达到了预期目标，使“百日安全”活动取得了圆满成果。警民联合首次演练。 “生命至上”，人的生存是一切事务的前提，“发展是硬道理，稳定是硬任务”，消防安全是企业生存和发展的前提。城外诚总经理刘长河把安全生产作为常抓不懈的重要工作，企业不惜巨资投入，购买专业消防车辆、聘请退伍消防兵，从硬件和软件上组建了一支素质过硬的消防应急小分队，并在企业内进行多次的消防演习。此次，城外诚消防应急小分队与华威消防中队的联合大演练，是一次大型的警民首次联合演习，实现了“高规格、大规模、专业化”的局面。在活动现场，按照预定方案，在指挥员的发号施令下，6辆消防车、50余消防官兵到场进行灭火救援，启动消防水泵、铺设消防水带、实施救援、紧急撤离……整个现场紧张有序。消防官兵动作敏捷、配合默契，参演人员沉着冷静、有条不紊，华威中队消防官兵和城外诚消防应急小分队的精彩演练，赢得了在场领导和员工的阵阵掌声。此次警民首度联合大规模的消防演习活动，取得了圆满成功。活动结束后，城外诚总经理刘长河以及华威消防中队队长黄鹏对这次演练活动的圆满成功给予了充分肯定。通过高强度、高规模、高水平的演习，既大大检验了消防官兵的应急能力，也让企业消防应急小分队在演习中到了锻炼和提升，增长了消防队员扑救火灾的能力和素质，全员共同参与消防的意识得到全面提高，为实现企业安全生产、地区和谐稳定提供了重要保障。,3,6,0.7195618748664856
城外诚刘长河：心有多大 舞台就有多大主持人：您曾经说过消费是一种享受、是一种体验、同时也是一种情感支出，我想问您一下，假如您是城外诚的一个全新的客户，或者是城外诚的一个忠实老客户，当您五一之后再走进城外诚的时候，您有什么感触，会对此次升级满意吗？刘长河：卖场改造呢投入了很多精力，就是从一开始有想法，到实施。说是想升级实际操作起来点点滴滴，到底怎么来操作。最后出什么样的效果，他的报价怎么样，包括他的导示灯光，包括瓷砖，选那的、质量怎模样、装完之后能不能保证质量，价格还得合适。反正做一次改造是一次特别麻烦的事情，咱么都知道家里做一次装修，就是有人给你干活你得劳多少神那，一个月的时间组织人力财力物力，最后除了很好的效果，反正是酸甜苦辣我认为非常值得！如果我是消费者，我倒着肯定是眼前一亮！因为做了那些东西我都知道我天天在这呆着都感觉很很好！更何况以前来到过这，突然看到这种效果，你不管是地面灯光，厂家的这种要求，然后统一装修，环境色彩方面。应该说没少用心，不单单是在北京，就是在全国方面家居行业里面，来城外诚参观的这些家居界大碗们应该说感觉城外诚这次装修之后很成功！跟我说有的都很震惊。怎么效果这么好啊，这也就是这么多年的积累。主持人：卖场改造之后新上了很多设备，为城外诚的科技含量镀上了一层金，之后城外诚在信息科技方面有什么样的发展计划？刘长河：应该说城外诚这次也是自己对自己的一个突破，收银这块是吧。也是一个多赢的局面，消费者把钱交到城外诚来踏实，因为城外诚是品牌。我们是做店经营，以德经商的这种口碑宣传，以前没交到城外诚，城外诚都是消费者的保险公司，现在交到城外诚了，对消费者、对厂家都认为我们是讲信誉的该返款的时候我们返款。对厂家的管理力度我们可以进一步的加强，因为有块在城外诚这方面攥着呢，因现在的公司没有任何一家企业愿意自己的质量出问题，就是真的出了问题我这有控制厂家的资金啊！所以肯定不会慢待消费者，所以统一收银这一块呢得投入，所以我认为这是规范市场的一种举措吧。这也是城外诚改造升级的一个方面。另外从消防安全方面，我们也进行调整。我想作为一个企业首先从硬件上满足现代化设施的这种需求同时也是为企业长治久安做好各方面的准备呗！也就是说企业有实力了以后就有长远打算，给其企业奠定一个发展基础！主持人：回顾城外诚的发展历史、我们知道城外诚在不同的阶段完成了您刚才说到的创业、生存和品牌这三个蜕变的过程，请问城外诚在将来还将有什么样的大动作？刘长河：我们的动作呢就是不断地完善自我，在行业里永远立于不败之地！恨不得将来再跨行业经营，都是很有可能呢。你像去年我们搞的艺展成功了，那么我们今年提出了搞婚庆产业基地，这也是我们一项新举措，它是家居产业的龙头，从搞对象到结婚开始就了解城外诚。一看这有这么多好家居，以后肯定在这买了，这就是一个潜在消费群体的吧，婚庆产业包罗万象还有好多妇女儿童产品，将来结婚后所有信息我这都能掌握。现在家长对子女的投入应该是一点都不吝啬！这也是应该是我们比较前瞻性的一个思维，要创新。要对企业将来打下一个非常坚实的一个基础。主持人：心有多大舞台就有多大，城外诚的心有多大？刘总的心有多大？刘长河：你也看到了就是说城外诚所有的事应该都是大手笔，你看城外诚四周的建筑也好是空间也好、没有一地方是小气的！一般的我还真看不上。我的心气还真是特别的高，也就是野心特别大，就是老得有新想法新动作，别人都是不敢想的，别人认为是我这是走门的但是实践证明我这是企业文化，你比如说你企业弄一个火车头干嘛？火车头这是一种企业精神那！大家看着好玩，企业有一种内涵。我觉着做企业要大气，做人也要大气！所以说做企业也就有后劲。主持人：好的，谢谢您！,3,4,0.5964522957801819
城外诚重装升级 5.1全新亮相送大礼    五一期间城外诚为消费者准备的礼物还包括名牌家电、知名会馆消费券、各类居家生活用品在内的总价值高达1000万元的奖品，并通过“澳门轮盘”、“现金一把抓”和“刮刮奖”等新奇刺激的抽奖方式向消费者进行大派送。 卖场照片：图为 卖场照片图为 卖场照片乘车地图：,3,6,0.8548967242240906
多名病人输液后打寒颤 装修是嫌犯昨日，金牛区沙河源社区卫生服务中心7名病人在输液时，竟陆续打起了寒颤，而前天八九名患者也出现了类似现象。到底是什么原因造成的？除了将所输液体送检外，目前，另一个“嫌犯”出现在医院视线中：装修。昨晚，沙河源社区卫生服务中心业务副院长刘敏向记者证实，前天事发后，医院紧急对生理盐水封存取样，向市药监局送检。同时，供货商也将这批盐水送检，昨日报告出来，液体无恙。昨日，院方更换了新一批的生理盐水和糖水，谁知异常情况再次出现。刘敏说，院方开始将怀疑目光转向了医院的“装修”。据了解，出现症状的病人都集中在二楼，而二楼有一部分正好在搞装修。昨日，医院紧急将二楼病人转到了其他病房，同时对二楼病区进行大规模消毒，更换床单、被褥等。目前，药监局对盐水的检测报告还没出来，院方准备在今日暂停装修，暂停输液。据刘敏介绍，院方已将此事上报卫生主管部门，今日他们还将做进一步调查，彻底揪出背后“元凶”。本报记者 辜波,3,4,0.6066424250602722
大家能不能不那么寂寞啊正文玩了寂寞，又玩浪漫，我看我们这代人真的是没什么玩了，我们下一代也没什么玩的。我们这几代人小时候玩的不健康向上，到现在变成数字移民也是胡作非为，90年后众NC是原住民，不能在现实生活鸡飞狗跳后，不分先后的终于都无聊了。首先定义下NC，简单来说可以定义为小时候被猪亲了之后又被驴踢了门夹了，通俗点的定义就是脑子不想事，基于这一点，很多70、80年都是NC，90年后更是NC中的极品NC，也就是NC中的战斗鸡。众NC们先反思下自己的生活，有多少人是一天到晚混在网上无所事事的？玩的一样比一样弱智，半夜三更偷菜啊，AV舞啊，一个魔兽停服，几百万人无聊啊，玩完了回家吃饭玩寂寞，横空出世了一个寂寞党，随便到哪看看，网络上满版荒唐言，遍地寂寞党，然后还没完，寂寞党玩得不疯，浪漫派又冒出头来了。早阵子砖家叫兽们说，每天上网时间多于6小时的就是精神病，这话没错，一般精神病都不喜欢别人说他们有病，NC们哎，天天喊着寂寞，不是有病还是有喜啊？土鳖们，没钱不要装孙子，你们有钱也就一暴发户，看你们每天在干嘛，天天说棒子抢我们东西，天涯上自己在骂中医，鲁迅那老FQ没教你们一点好样！看看天涯每天都在讨论什么啊，杂谈上那个自称是日本MM的报道帖，也是20多万点击数千回复，土鳖子，没见过女人啊？说没见过穿衣服的日本女人，恩，隔着千八百里的网线你能看到什么？那回复就更别说了，真要是一国际友人，还以为中国男人怎么怎么的，全是JB长在嘴上的还是怎么着？一旦有女的晒照片，征婚，那回复，比个天安门游行还要壮观点？寂寞啊寂寞啊，丢脸丢到国际互联网上来了。有精英一出来立刻就被砸砖说装B，中国的精英文化已经被你们这些恶俗的无聊文化折腾的岌岌可危，就说天涯，顶无聊的了，多少民智人士被迫离开了，越玩越低俗，国际友人都过来看笑话。想不想知道自己是怎么变蠢的？众位NC，请开动你们所剩不多的脑子想想，若干年前，你是不是记性还不错，碰到什么事还知道动脑子，现在，估计就是拿笔写字也写不出几个简体中文版的了吧？达尔文的进化论是骗小孩的，网络就在让你变蠢，《蠢蛋进化论》看过吧？像现在这样，有什么不明白的问百度问谷歌，问万能的天涯，泡妞玩深沉搜几段经典B语，论文不会上网抄，好吧，青春期性启蒙，上网可劲儿看日片吧，偷偷看的时候很“心神不宁”吧？绿霸了吧？不用自己动脑筋，会用工具就行了，靠装备算个毛啊！CCAV总是说古人好睿智，前人好NB啊，有长城金字塔，瞎扯淡，那是因为现在的人更SB了，NC要分级，肯定是90大于80大于70，所以90年后，你们也不用反驳了，你们要说自己是祖国的花朵朝气蓬勃，我靠，太监都会笑得射出来。据说中国是世界上BBS最流行最多的国家，泡论坛的，有相当一部分是没什么钱装B的，还有相当一部分是连装B都困难的，天天无聊狗咬狗一嘴毛。都是一群废物，说你没出息就是没出息，有出息的人天天在网上喊寂寞，偷菜？网络就是个工具，别去信TM的互联网等于生活，有瘾啊，每天也许就是在网上跟人妖扯淡，JB都沤出绿毛了还不知道，NND，寂寞了，你妈叫你回家吃饭啦！宁愿每天YY着自己一身武林绝学，几万吨的黄金放在花旗银行发霉，玉树临风风流倜傥那是必须的，一年三百六十天，每天都换不同的女人，就是不肯动手去做点实际的，成功的男人为应付女人发愁，废物们每天在网上搜罗八卦隐私，然后喊，哥好寂寞，哥不要吃面，要吃寂寞……网上的民智都死光了，要不就是属乌龟王八DAN的！寂寞完了，还不够，再玩点新鲜的吧，早几天又出了新玩意，优酷首页有个据说是硫酸雨导演拍的视频小样，视频就不提了，只是视频里的对白那就完全是针对无聊寂寞来的，两个00年后小同学把寂寞派的所谓经典对白一顿乱搞，多丢人呢，言外之意，装B谁不会，一点技术含量都没有，小P孩都照样学得会。另外，做大人的自己想想，你们无聊归无聊，寂寞归寂寞，别带坏小孩子，可以不？你愿意你的宝贝儿天天跟你说：爹，哥我很寂寞，然后装忧郁型？那我更愿意听我儿子说：爹，您可真浪漫呀~~嘴贫不是缺点，关键是要贫得有品位，有意境。话说回来，跟任何网络事件一样，这个视频一出，在寂寞党这个广大的群众基础上，又来恶搞了，所以我说寂寞党一无是处，骑墙派，现在口口声声又姐要的不是寂寞，是浪漫了，是啊，非浪漫不河蟹啊~~NC们，你们既然喜欢趴在网上无聊，你们就继续恶搞吧，你们反正毁词不倦，现在有哥吃的不是面，是寂寞；也有姐要的不是寂寞是浪漫；有你妈叫你回家吃饭，也有妞，过来咱们浪个漫；有不是寂寞不发骚，也有非浪漫不回帖，没有传播力吗？扯，福娃这名字多差，一听就一股浓郁的乡土气息扑面而来，不照样张口就来的。真正的浪漫是有钱有品的生活，NC与土鳖玩不起，你们玩也是个山寨，你们愤愤不平恶搞的时候，人家早在现实生活中玩儿情调了。你们也只能恶搞，拯救地球没你们的份，活该你们只能对着显示器高潮。,3,8,0.9900528788566589
大熊猫住进了总统套房2009年2月23日，卧龙中国保护大熊猫研究中心收到一批“特殊的礼物”----由成都全友家私为大熊猫设计订做的8套大熊猫家具---“珍宝乐巢套房”。保护区的饲养员笑着说，一下送来这么多的“珍宝乐巢”，简直是让保护区的大熊猫都住进“总统套房”了。在卧龙中国保护大熊猫研究中心碧峰峡基地的成年熊猫活动区和“幼儿园”，8套崭新、散发着松木清香、带着童话色彩的象房屋、象家具、又象玩具的“珍宝乐巢”特别引人注目，各年龄段的熊猫一会在他们的“乐巢”里钻来钻去，一会在“巢”顶的平台上嬉戏、翻滚，雌雄成对的大熊猫还在那里打情骂俏、耳鬓厮磨呢，特别有意思的是，一只吃饱了竹子的大熊猫，在乐巢里伸了几个懒腰后开始打起呼噜来，当三五成群的游客的喧闹声打搅了他们的美梦时，它们又偶尔伸出脑袋来娇嗔的看游客一眼，继而又若无其事的养起神来，好安逸的国宝大熊猫！真是奥巴马也羡慕他们的神仙日子啊！为什么这些像熊猫屋的熊猫家具全部来自全友家私呢？笔者好奇地问熊猫饲养员。“全友家私的产品安全、环保，而且是中国名牌产品，这是主要原因吧”，饲养员介绍说，“再有就是，这都是全友家私特别为我们的国宝大熊猫爱心特制的，全友家私对大熊猫特别有爱心，从2005年至今，全友家私已经认养了五只大熊猫了，虽然他们只宣传了一只，但他们的对大熊猫的爱心行动一直不断，这一点，很让人感动”。听完这些话，我有一个感觉——全友家私是用爱心制造出来的。这种爱心也体现在这次“全友红五月真爱巨献”全国大型促销活动中，全友推出了“品质显真爱”、“设计显真爱”、“特惠显真爱”、“服务显真爱”、“公益显真爱”几大内容，让人从省钱的实惠到情感的满足双双受益，有兴趣的朋友，不妨去全友家私专卖店去感受、体验一番。 说不定，你也可以选出一套你自己的“总统套房”呢！,3,9,0.5903812050819397
天价吊灯惹众怒 中石化承认2.4亿元装修旧楼北京消息 近日，“中石化大楼安装1200万元天价吊灯”、“中石化2.4亿元奢华装修惹众怒”的帖子在网上迅速传播，“天价吊灯”的传言一石激起千层浪，中石化再次被推上风口浪尖。记者为此展开了调查。中石化有关人士18日接受记者采访时表示，天价吊灯1200万元的说法与事实不符。据该人士介绍，位于中石化大楼中厅的吊灯高4米、直径6.5米，主要材质为水晶和镀铜钢板，从设计、制作到运输、安装，全部造价为156.16万元。“装修工程中吊灯的采购安装按规定程序进行了单项招标，共有5家公司参加了该单项的竞标。应当说，吊灯的采购安装经过了严格的招投标程序和严密的监管过程。”该人士表示。关于网上盛传的中石化奢华装修工程，中石化有关负责人表示，实际上是中石化小营办公区旧楼维修改造工程。中石化方面向记者证实，上述四栋陈年老楼的维修改造工程总预算确实是2.4亿元，其中内装修费用为5925万元。,3,4,0.6500418782234192
太阳雨董事长徐新建捐1000万元风头盖首善近日，备受期待的2009中国慈善排行榜在京揭晓，入榜慈善家121位，共计捐赠18.84亿元；入榜慈善企业899家，共计捐赠117.95亿元(含物品捐赠)。去年获得“中国首善”称号的江苏黄埔再生资源利用有限公司董事长陈光标没能如愿卫冕“中国首善”称号，世纪金源集团黄如论、黄涛父子因现金捐赠第一名而获得“中国首善”称号。虽未荣登首善，但陈光标以其博大的慈善精神，高调的善行壮举，获得了社会各界的认可，中国慈善排行榜组委会特授予陈光标“最具号召力的中国慈善家”称号，以冀望陈光标先生继续“善行天下”，成为引领中国慈善事业健康发展的一位出色旗手。四川宏达集团董事长刘沧龙的企业在地震期间遭受重创，但仍第一时间捐资支援灾区，获得“2009慈善特别贡献奖”。香港英皇集团主席杨受成、深圳航空城(东部)实业公司董事长李爱君等被授予“2009中国十大慈善家”称号；中国人寿、加多宝集团、恒源祥等荣获“2009中国十大慈善企业”称号。在当晚举行的中国慈善排行榜明星慈善拍卖会上，原本应该是上午刚刚获奖中国首善、慈善家、慈善企业“表演”的舞台，却被一位并没有“宝冠”加身的隐形慈善家——太阳雨太阳能集团董事长徐新建抢得了风头。手持007号牌的他不仅是在最后时刻以全场最高价207万元拍得几十位到会明星现场制作的明星手模，而且还当场宣布捐赠1000万元，用于中国公益事业。徐新建在接受记者采访时表示，太阳雨太阳能一直热衷中国公益事业，去年牵手残奥，成为残奥助威团全程独家合作伙伴，启动全球海选，在全球范围内关心残疾人关注残奥会。在四川地震的抗震救灾中，太阳雨第一时间捐款捐物300多万元，成为太阳能行业首家为灾区捐款的企业。徐新建还在余震中亲自带领24名太阳雨志愿者深入灾区，先后捐建灾区7个太阳能浴室，并且捐建了首家抗震春蕾小学。徐新建说：“上午参加完中国慈善排行榜颁奖典礼，他非常感动，也希望能向那些获奖慈善家一样，不仅自己做慈善，还能够影响周围的人做慈善。晚上参与拍卖，一方面是因此拍卖会所有款项都是用于中国公益事业，所以他们放心；另一方面，参与明星手模助拍的是他非常喜欢的潘长江老师，所以他才有此举动。”徐新建还感言：“做公益或慈善应该说是一件快乐的事情，从事这样快乐的事情，也是因为有快乐的同伴，今天晚上这么多明星都是我快乐的同伴。去年11月18号，我参加了央视的招标，拍卖师举到最后的时候，特别紧张，今天我不紧张，因为有潘老师，因为我们的钱放在慈善上，我们心里踏实。”,3,4,0.7718914151191711
"央视广告招标超百亿 晴雨表预报经济艳阳天央视广告招标素来被业界誉为“中国经济的晴雨表”。刚刚落下帷幕的此次招标总额突破百亿,创下16年以来的新高109.66亿元,与去年的92.5627亿元相比,“增收”17.1亿元增幅18.47%。舆论认为,“招标结果直接折射出市场对2010年中国经济的信心和期待。”毋庸置疑,企业到央视举牌投标这件事本身,就体现了企业家对中国经济形势向好的最基本判断。国家统计局最新公布的全国企业景气调查结果显示,三季度各行业企业家信心普遍提高,回升至120.1,比二季度提高9.9点。这是自2008年四季度以来,大、中、小型企业家信心指数首次同时位于景气区间。这些数据和事实表明国内经济主体信心正不断回升,如同10月经济数据显示的一样,虽然气候上的冬天刚刚来临,但国内经济形势的严冬正慢慢远去,继续向好的趋势正坚定地向我们走来。另外,此次中标企业涉及行业范围广泛,表露各行业普遍冲出危机阴霾走向复苏。家居建材、汽车和家电行业成为此次招标亮点行业。其中,家居建材行业增长最高,中标额增长率高达200%,显示相关行业与宏观经济刺激政策联系紧密。以格力、美的、巨人为代表的三家科技企业在此次竞争中总计投入超过3亿元,中标七段广告位或相应选择权,显示科技类公司发展后劲十足。而蒙牛、郎酒等消费产品行业公司的中标也传达出消费市场潜力正在释放的信号。数据上也表明,国内各行业的基本面都在逐步改善。刚刚结束披露的上市公司2009年前三季度业绩报告显示盈利能力继续回升:1659家上市公司实现营业总收入83860亿元,同比下降5.58%;实现营业利润10332亿元,同比增长5.46%。尽管前三季度业绩同比增速依旧负增长,但是降幅较半年报已大幅收窄。从营业利润、净利润等各项指标的同比数据来看,上市公司的盈利能力已比前期有了明显改善。来自统计局的最新企业景气度调查也显示,各行业企业景气连续两个季度在景气区间,三季度全国企业景气指数为124.4,比二季度回升8.5点。而来自财政部的信息显示,今年1至10月,国有企业累计实现营业收入178737.7亿元,同比增长0.5%。这是今年以来营业收入首次出现正增长。同时,国企利润也呈现良好增长态势。1月至10月,国有企业累计实现利润10643.5亿元,环比增长9.2%,同比下降10.6%,降幅比1月至9月减小7个百分点,显示降幅收窄速度越来越快,企业经营已经摆脱羁绊,走上发展快车道。行业基本面的好转直接影响着企业经营的决策和方向,而企业是资本市场的主体。企业持续经营能力的改善和提高又直接影响着投资者的决策,一定意义上直接构成股市宏观基本面。只有企业这个市场元素真正向好,才能保证市场的茁壮成长。而商务部本月16日发布的监测数据显示国内消费市场正加速回升。全国千家重点零售企业零售额同比增长11.8%,增速比9月份加快1.2个百分点,创下今年以来的最快增速。由此看来,在各项政策刺激下,伴随行业层面的积极转变,中国经济的第三驾马车也跃跃欲试、扬鞭奋蹄了。一个广告招标会,因为有了全球经济危机的背景而备受瞩目。而这份有史以来最高中标额,折射出的是社会经济主体及其决策者的信心恢复与对经济后势的判断,同时也折射出国内各行业基本面的全面复苏与消费这驾马车不负厚望的启动。在经济全面回暖的情势下,资本市场的明天就更加值得期待。",3,4,0.5045492649078369
奥巴马的家：重点保护对象(组图)在迈阿密见过奥巴马后，第二天记者往西北远上芝加哥。住下后的第一件事，就是去寻找他的家。奥巴马的家位于格林伍德大道5046号。这一带虽然距名校芝加哥大学不远——沿着格林伍德一直往北就到芝大，却属于治安名声不佳的芝加哥南区。向几位当地人问了路，记者乘坐著名的高架铁路“绿线”，在第51 街站下了车。出站后马上就能感受这里的危险性：外面有三三两两的黑人青年在闲逛、打量行人。由于胸前挂着相机，记者退回站内。这时又有一位中年的黑人妇女上前问：“你会说英语吗？”得到肯定回答后，她拿出一张标着5美元、貌似食品券的纸条，好像想兜售给记者。“你别去惹人家！”检票处的黑人胖大姐向她喝道。“好好好，你是老板。”那位中年女子讪讪走开。记者向那位好心的大姐打听。她证实说：“这里是不大安全。偷东西、抢劫的都有，还有打枪的呢。你要当心一些。”她告诉记者，在门口坐15 路车，就可以到要找的地址；她以前不知道那里就是奥巴马的家。15 路车来了， 记者谢过检票大姐上了车， 问司机师傅应该在哪站下。和大多数美国公交车司机一样，这位叫阿历克斯的黑人小伙也很肯帮忙。“那个站现在不能停，我会让你就近下车。”一听说记者从中国远道而来， 找的就是奥巴马的家， 他一直开到离奥家尽量近的地方让记者下车，并介绍说他在奥巴马没有竞选总统时就认识他了，也和他握过手，尽管彼此不很熟悉。记者下车刚拍了第一张照片，前面警车中就出来一位穿黑色防弹衣的黑人女特工，说：“这儿不能拍照，要拍只能到对面铁栏杆后的指定区域。你去问那辆警车上的警察和特工。我们也不接受采访，要采访得打华盛顿美国特勤局的电话。”她旁边站着一个穿制服的芝加哥当地警察。记者过了马路，沿着铁栅栏走到另一辆警车附近，一位穿套头衫的壮实特工就微笑着向记者说了几条规矩：不能再往前，不能拍周围的保安措施，特工不接受采访。“至于我们的CPD(芝加哥警察局)同事是否愿意接受采访，你得问他们自己。”说罢他指指旁边穿深色警服的一个警察。对方摇摇头，说：“我也不接受采访。”奥巴马家是一幢单门独户式红砖楼房，下面被绿树捂得严严实实，只有上面露出一小部分：斜屋顶、老虎窗、两个烟囱和一个碟形卫星天线。这一带的楼房、环境都不错，比刚才的绿线车站强多了。难怪这幢房子能值上百万美元。奥巴马家门前的东西向马路是海德公园大道东段，路面朝他家一侧的三分之一宽度被水泥路障隔为禁区，竖着“禁止进入”和“限速30 英里”的警告牌；东边朝着的格林伍德路同样如此。路对面有一座圆顶大教堂。记者见从格林伍德路走出几个行人，便问那位男特工：他们要偷拍不是很容易吗？这位特工休姆回答说：“没错。但我们知道这些人是谁。况且一旦被发现，他们就会丧失从这里路过的权利。”记者拍了几张照片，见天色渐暗，没什么可拍，就掏出小本子记下观察到的东西：5 辆警车和若干辆无标志的特勤汽车，分布在记者能看到的西、南、东三个方向；警员和特工至少有10 人；路口三个人闲着无聊，正在那里说笑。“对不起，您在干什么？”走过来一位特工。记者解释说，既然一些角度不让拍照，我就随便记点东西，还给他瞄了一眼笔记本。“哦。我们这里也是不能画防卫部署示意图的。”美国警察和特工都比较文明，不会强行要求看你拍的照片和记录的文字。尽管作为外国人，记者不受宪法第一修正案保护。“不好意思，你得走了。”过了不久，特工休姆过来催促，“我们的规定是车辆和行人在这里不得停留。给你的时间已经比给其他媒体的多了5 分钟。”在等15 路车回火车站时，记者碰到同站候车的一个白人女孩。她名叫葆拉，来自圣路易斯，是芝大英文和音乐系学生，几个月前刚在这里租了套宿舍。“我是搬过来后才知道奥巴马住这儿的。”她说，“除了车站改了地点外，其他倒是没有什么不方便。当奥巴马的邻居可能算是一项优点吧。”她笑着说。不过，和很多菲尼克斯市民都说不一定会投票给麦凯恩一样，葆拉也说她尚未决定投谁的票。让记者印象深刻的一点是，当地很少有人知道住在同城的总统候选人的住址。他们似乎缺少好奇心，也不会因某人是同乡就支持他们，或以他们为荣。,3,5,0.9665607810020447
"妍玲设计行-Same, Same but different柏林创意周环保主题环节3. 生活课题启示：《妍玲设计行-Same, Same but different 柏林创意周环保主题》论坛：绿色生活——始于个人却超越个人的思考图为环保都市弗莱堡图为环保都市创意“ 妍玲设计行”策划人和主持人段妍玲女士以独特的个人视角分享了德国归来的心得：环保是一个科技、经济、政治、生态的大课题，但更是一个人文课题，呵护一个友善、开放、健康的社区环境和个人心理环境也是环保一个重要组成部分。三位“绿色生活先锋”嘉宾更是从自己职业和个人生活亲身体验，介绍探讨了各自以个人实践为起点，带动影响周围乃至社会的绿色生活方式，并和来宾一起分享了对环保生活本质的思索。 到场300名嘉宾在论坛结束后，继续在Steven Holl设计的当代MOMA“空中长廊“上和8位参加了由段妍玲女士发起的Abitare工作坊-水晶元素计划的设计师共同欣赏了他们的第一批工作坊成果。水晶元素Crystalized在多年来聚焦艺术与时尚后，开始关注家居设计，并把挖掘中国新兴设计师，扶持有中国特色的现代设计作为首要任务之一。 ABITARE工作坊水晶计划的作品在这里初次和业内观众见面后，将继续由段妍玲女士主持工作坊后续，完善扩充作品，最终成果将在今年10月百分百设计上海上联合正式展出。",3,6,0.547039270401001
妍玲设计行-德国大众狼堡环保体验馆环节2. 商业课题启示：《妍玲设计行-德国大众狼堡环保体验馆》德国著名建筑师Jurgon Mayer为大众汽车城设计的LEVEL GREEN环保知识和体验馆，营建成熟的环保理念并将其实施创意呈现，前卫而新颖的设计也是初次在中国媒体亮相。论坛： 绿色革命，还是商业噱头？——品牌对于环保的影响《纽约时报》的专栏作家托马斯•弗里曼曾经说，目前看起来轰轰烈烈的绿色环保运动充其量只能称为一场绿色派对而绝不是一场绿色革命，因为大家只是把一切装扮成绿色而已，所谓的“绿色革命”并没有“伤亡”。或许我们可以把弗里曼的话理解为，现在品牌在环保领域里的努力并没有触及到实质投入，“绿色”只是作为一个时髦的标签成为了品牌自我促销的绝好手段？著名创意品牌顾问江绍雄以犀利幽默的方式拷问了两位论坛嘉宾：打造了北京第一个“自然空调”公寓GRAND MOMA的当代集团总裁和以TCL品牌战略总监左迪。,3,4,0.7501680850982666
孙威：行业竞争不可规避 良性竞争最重要     孙威：这个行业已经很好了，但是现在很多企业也不是很安分，但是在追求跨界的发展，所以混合竞争的态势很难避免，规避这个竞争我认为是不可能的，但是我提倡良性竞争，不要通过不正规的手段去诋毁可能不是竞争对手的对手，我觉得这个刚刚起步，未来的商业格局、商业模式到底如何，大家都在探讨，我以前经常会引用一个初中就学过的知识，比如说生产力和生产关系的辨证关系，就像张总讲的，他的商业模式是根据他的体能、生产力决定的，如果你的产品线不丰富，拿什么开独立店，所以我想还是乐观的面对，大家去探索，可能未来十年，我们再回来看今天的时候，我们觉得很难读懂是为什么。       尹勃：大家的发展是在一个公平的平台上，不管是卖场的同行也好，厂家的合作伙伴也好，还有就是有一些专卖店也好，都是一个目标，都是给消费者做好服务，把这个行业健康的发展起来，我也希望2010年大家变恶性竞争为良性竞争，把这个劲儿都用在为消费者服务上。,3,4,0.857635498046875
孙群：回潮只是表面 而忽略真正的健康关系 段妍玲：我觉得因为刚才您说的对，我们要上装修大学，我觉得这应该是设计师和开发商的工作，现在一步一步好起来了。我觉得我们听了很多专业人士的想法，我们听一下孙总的，因为他也是文化批判人士，我们听听孙总对这个城市规划的一些看法。孙群：收到邀请我很高兴，张啸吟博洛尼以善于制造名词而著称，我听到这个名词叫回潮，我跟其他几位一样为什么叫回潮。后来看了他写的文案，我想这就是我们看到的回潮。我为什么觉得很奇怪？是因为我们往前看的时候为什么还要回潮呢，有什么东西可以回潮。可以看到说，这个文案上有那么多现象是回潮，那么有这么多现象我们看来政府说的一些理论也不对，不是说每一次进化是新事物代替老事物，有时候老事物会回来。在肯定这个词的时候，进行这个名词起的太新了，使得我们刚开始前面的讨论有点，大家都不知道在讨论什么，就是每个嘉宾在努力地向主持人靠拢，就是到底讨论什么话题。什么是回潮？有一些表面的现象可以讨论怎么回潮的，包括在这个地方我们也看到了一些回潮。但是有一些我们看不到的层面是不是在回潮？我觉得没有看到回潮。为什么呢？我举一个例子，在二十年前在我上高中的时候，那个时候八十年代初的时候，曾经出验证，过一个高考的作文题目，叫先天下之忧而忧，后天下之乐而乐，有一年题目是这样的题目，那个时候我还不知道这个句子，那个时候对大学生很敬仰，我想居然要理解这句话才能当大学生。二十年后我们的作文题目叫隐形的翅膀，这个就让没有办法获得大的权利的人不断地自我安慰，自我按摩的一个宣泄，告诉大家我们受到挫折，我们自己还是坚强的。二十年没有看到在思想层面的回潮，这个二十年到今天为止我们看到什么样的回潮？没有。我想在未来几年这种社会真正的潮流会走到社会的台面来，我想做企业的也好，做品牌的也好，做媒体也好要很认真的看待这个现象，刚才我们的宫总说到了这个现象，就是有关做房地产的，我要想的这个命题就是我们在房地产行业这个回潮，实际上是指一个真正的关系的回潮，到底是什么买卖关系是一种真正的健康的关系。因为在过去二十年我们一直在往前跑，我们忽略了真正的健康关系。未来会不会在客户关系方面，买卖方面有好的回潮？没有看到。现在我们在斗争理论的引导下面，大家都不斗也得斗，不知道谁怕谁，不是说真正吃亏才吃亏，是没占便宜才吃亏等等一些现象，让我们想在这个领域的回潮什么时候才会发生。所以今天我想号召大家，讨论一下看不见层面的回潮可能更重要一些。,3,4,0.8482568860054016
孙群：未来几年这种精神潮流会走向前台段妍玲：我觉得因为刚才您说的对，我们要上装修大学，我觉得这应该是设计师和开发商的工作，现在一步一步好起来了。我觉得我们听了很多专业人士的想法，我们听一下孙总的，因为他也是文化批判人士，我们听听孙总对这个城市规划的一些看法。孙群：我们是弱势群体，我们没有批判的权利，只有发牢骚的权利。收到邀请我很高兴，张啸吟博洛尼以善于制造名词而著称，我听到这个名词叫回潮，我跟其他几位一样为什么叫回潮。后来看了他写的文案，我想这就是我们看到的回潮。我为什么觉得很奇怪？是因为我们往前看的时候为什么还要回潮呢，有什么东西可以回潮。可以看到说，这个文案上有那么多现象是回潮，那么有这么多现象我们看来政府说的一些理论也不对，不是说每一次进化是新事物代替老事物，有时候老事物会回来。在肯定这个词的时候，进行这个名词起的太新了，使得我们刚开始前面的讨论有点，大家都不知道在讨论什么，就是每个嘉宾在努力地向主持人靠拢，就是到底讨论什么话题。什么是回潮？有一些表面的现象可以讨论怎么回潮的，包括在这个地方我们也看到了一些回潮。但是有一些我们看不到的层面是不是在回潮？我觉得没有看到回潮。为什么呢？我举一个例子，在二十年前在我上高中的时候，那个时候八十年代初的时候，曾经出验证，过一个高考的作文题目，叫先天下之忧而忧，后天下之乐而乐，有一年题目是这样的题目，那个时候我还不知道这个句子，那个时候对大学生很敬仰，我想居然要理解这句话才能当大学生。二十年后我们的作文题目叫隐形的翅膀，这个就让没有办法获得大的权利的人不断地自我安慰，自我按摩的一个宣泄，告诉大家我们受到挫折，我们自己还是坚强的。二十年没有看到在思想层面的回潮，这个二十年到今天为止我们看到什么样的回潮？没有。我想在未来几年这种社会真正的潮流会走到社会的台面来，我想做企业的也好，做品牌的也好，做媒体也好要很认真的看待这个现象，刚才我们的宫总说到了这个现象，就是有关做房地产的，我要想的这个命题就是我们在房地产行业这个回潮，实际上是指一个真正的关系的回潮，到底是什么买卖关系是一种真正的健康的关系。因为在过去二十年我们一直在往前跑，我们忽略了真正的健康关系。未来会不会在客户关系方面，买卖方面有好的回潮？没有看到。现在我们在斗争理论的引导下面，大家都不斗也得斗，不知道谁怕谁，不是说真正吃亏才吃亏，是没占便宜才吃亏等等一些现象，让我们想在这个领域的回潮什么时候才会发生。所以今天我想号召大家，讨论一下看不见层面的回潮可能更重要一些。,3,4,0.6858112812042236
孟普：在工作中倡导一种FDE精神孟普：刚才刘洁一再强调，你要去发现和享受。这本杂志我开会的时候，经常会给编辑强调的，就是要倡导一种FDE精神，所谓FDE精神就是，发现(Find)生活，设计(Design)生活，享受(Enjoy)生活。大家都忽略了我们除了工作以外，你经常呆的这个地方——家，有多么的重要。你要把家安排得让家人舒服一些，包括使用的一些东西，有没有很好的创意和方式。实际上很多人都是在外面拼命地工作，回到家就是睡觉。没有一个自己真正过日子，享受生活，享受生命的一个机会。我们要让编辑去发现美好的生活，让读者发现美好的生活。然后通过专业化的视角去给到读者。不管你房间大小，不管你喜欢什么样的潮流，总会有一些适合你的东西，我们会给大家一些设计的建议。最后一个就是享受，不管是什么年龄段的读者，不管今天你的生活达到了一个什么样的程度，大家用一种非常积极乐观的态度去享受生活。,3,4,0.5210949778556824
宜家进驻大兴开购物中心在昨天举行的大兴区地铁沿线生产性服务用地信息发布会上，首家通过“招拍挂”在京拿地的外资公司——瑞典宜家家居日前成功拍下30万平方米的地铁大兴线西红门商业综合区二期用地。除西红门商业综合项目外，大兴区在下半年还将推出枣园路土地一级开发项目、新城核心区和生物医药基地东配套区三个地铁沿线项目，规划总建筑面积近650万平方米。 “宜家将对该地块进行综合开发，建设一个大型的购物中心——除了包含宜家家居亚洲最大的旗舰店外，还将有400多家各种业态的商户进驻。”宜家亚太地区总裁杜福延说。大兴区发改委有关负责人表示，宜家家居西红门商业综合区用地不仅是北京沿五环周边规划的六大商业中心之一，也是大兴区2009年最大的商业项目。而围绕着地铁大兴线，大兴区以地铁站点为基本节点，规划了地铁沿线生产性服务业集聚区。具体包括宜家家居所在的西红门商务区、金星商务区、核心区综合服务区、医药基地研发商务区和物流商务区。除了西红门商业综合区项目外，大兴区还将推出枣园路土地等一级开发项目，规划总建筑面积约650万平方米。(记者刘宇鑫),3,4,0.9276617765426636
实德不容鱼目混珠存在打假是一种突击行动，但是真正让假货杜绝，还要提高老百姓识别假货的能力。一般企业的做法都是，用提高防伪手段来杜绝假货。当然，实德集团也一直在提高产品的防伪能力，不过他们在杜绝假货上有更高明的招数：优选战略伙伴，从源头上堵住假货的泛滥。从实德型材产品诞生以来，实德集团在产品防伪上下功夫，现在已经形成喷码识别和自动电话查询等多种方式的甄别方法。但是，在型材市场中，依然存在不法经营者用仿冒的实德型材产品混杂在实德型材中销售的方式来欺骗消费者。通过市场调研发现，很多型材门窗加工点很少是全部用假冒产品生产门窗的。因为这样他们无法保证大多数产品的质量，生意会一落千丈。而他们通常的做法是，经营实德型材，靠实德型材优良的品质为自己的生意打出招牌和知名度，然后低价购入部分假冒产品，掺杂在实德型材中销售。大连实德销售集团已经在瓦房店、丹东等地区都发现这样问题的存在。防微杜渐，“这种苗头要坚决打下去，否则这种老鼠行为会毁坏了市场大堤的。”实德集团副总裁王德华说。,3,6,0.4316602051258087
宫铁军：在借鉴基础上超越也是一种文化宫铁军：刚才许总说的特别激烈，有点不同意见补充一下，房地产没有这么无耻，虽然比较弱势，是这样的，说几个例子，日本战败之后应该说不管从文化上还是说从建筑上应该说一段缺失，从美国来讲，特别是在战后那一段是有一段文化侵略的，从安腾来讲和一些现代大师那么用一些行动来呼唤日本的建筑，他们非常有民族的感情去做这件事情，做完之后也是在几十年之后实现的，因为毕竟来讲日本是靠美国资助的，他没有能力完全拒绝文化侵略。    刚才说三里屯也好，很多项目，它有一点，就是它的尺度是日本设计师在做，在做的时候我们希望有中国的，毫不讳言，万科做的很多项目我们希望在借鉴基础上超越，如果没有借鉴，单纯谈创新可能来讲我们不可能去回归过去四合院的文化，我们没有那么多地。    所以我特别尊重万科，也在研究万科，比如万科在无锡做的围合大院，那就是规划理念完整的一个尝试，东西向占了很大比例，一个大胆的尝试。(牡丹西腾)认为100米×100米很好的的尝试，大比例的东西是不是能够打破东西向不好的这种。因为塔楼和板楼，塔楼是现在比较省地的一种方式，塔楼能不能做到节能。我也看到万科在南方做的一种新的形式的塔楼，包括原来很早以前崔大师做的现代城，其实我们可以看到塔楼里面并不是传统的我做的一个盒子，它也可以创造一个空间庭院出来，可以给人一种公用的庭院。所以说我想就是说没有，因为房地产并没有三十年，中国房地产严格来讲也就是13年，从南方算起有十几年时间，所以说在这十几年里，包括万科在天津做的项目，完全是仿制，但是他在这个基础上创新了，去做了。现在不提哪个公司了，在北京做了一个园林非常好的项目，也是西班牙风格的，实际我们看的时候，也很清楚地看到借鉴也好，抄袭这种感觉出来，但是它给业主带来最大的享受，它把园林，我们叫女性杀手，就是女同胞如果看了这个住宅的话很难，如果你有一定购买力的话很难脱身而去，很容易下单。文化和知识在这点我觉得去品评，因为我们现在讲欣赏这个事，用思想体系的话，就是我们什么时候有信仰来支撑我们这个文化，这不是我们探讨出来的，因为跟我们的体制有关系。我去过很多地方，去学国外到底怎么管理物业的，确实物业是中国从香港来的一个举动。比如说万科管的好，为什么管的好？连一个自行车出去都管理，有错吗？这个如果放到三十年前，这简直把我们的邻里关系进行了颠覆，但是到了今天我们说万科物业服务做的好的非常典型的一件事来说，这也是我们学习的典范。人和人的关系什么时候能够回归到我们希望的那种，这个不是我们坐在这儿能解决的，这需要一个过程。    我恰好在欧洲学了一个月的欧洲资助中国城市化课程，瑞典，丹麦等他们的政府在做廉租房的时候考虑到现在的规划，包括车位，车库所有这些，如果我们真的能去学习，即使是抄袭又有何妨。开句玩笑说我们是奉献的一代。日本人很尊崇这个。我最不认同许总的一点，就是你不能只批判不做。就是说我支持而后勇，我还是要去做。中国的廉租房，经济适用房不是说出了几个贪官，出了几个腐败就不要经济适用房了。其实你刚才说的那句话很对，中国从骨子里不想租房子，廉租房是解决更低收入住房的问题。在信息化这么发达的情况下，难道中国就没有办法解决最公平的问题吗？我想这个信心都没有话，中国就不用发展，中国现在连出重拳去整治腐败。我觉得遗产税这些在未来一定会出现。,3,4,0.9962789416313171
宫铁军：怀旧和回潮 小众精英对快乐追求杨熙：感谢赵处长讲了好多关于城市规划的东西。今天到我们现场我想各位嘉宾都代表各个层面的相关的关于城市，和咱们相关话题的朋友，所以我想先请咱们雅世集团宫总跟咱们分享一下这个话题。宫铁军：赵处长刚才讲的很好，我都不知道该怎么讲了。邀请我来我很高兴，这儿来了很多朋友，到这儿来有一种怀旧的感觉出来，跟这个主题很贴切。每次到这儿来的时候总感觉又回到了上学的时候，或者更久远的时代，或者我没到过的时代，好像通过设计师去处理的一个手法让我仿佛又回到那个年代去。作为开发商的理解，我们这代人年轻一些，一直往直路跑，不敢停下来说我真的去怀旧，没有这么多时间去做。实际上作为一个行业，一个产业来讲需要一个健康良性的发展，不能大起大落，像中国的金融股市一样，动荡式的走向，因为不动产作为一个重要的资产，作为中国传统的观念来讲，我们作为居住，保值，乃至投资的一个重要手段，所以不希望说中国人去体会那种资产高速膨胀，膨胀之后又高速贬值，当你分享快乐的时候那个痛苦随之而来，在不久的未来会来到。所以我特别希望中国房地产能有良性的发展，给我们每个住户提供真正能够安心的，持久能够享受到的一个居住文化。所以这个和我下面谈到的文化也密切相关。因为无论九朝会也好，还是刘老根做的，郭德纲做的这些等等，都是小众精英式的，只有小众通过自己的积累去怀旧也好，回潮也好，更广泛的人群上享受不到这样的快乐，他们只能通过媒体或者其他的渠道来得到自己需要的享受快乐。        房地产口碑虽然不好，但是它实实在在承担着给老百姓建造房屋的责任，所以作为开发商来讲我觉得建筑有一个很重要的职能，就是说有一句话叫住宅创造人生，人造住宅，住宅创造人生，它能创造人生丰富多彩。    我总结了两点，就是说规划和建筑。规划和建筑实际上从大的方面给人的生活提供了一个文化场景，好的社区，好的规划，好的建筑，包括好的地面可以给居住在这个社区的人一个文化享受，心灵的享受，让你在这个社区里有一个大的气场，能够让你在这个社区里定得住。就像我们在九朝会里喝茶我们心可以很静地探讨过去。其实有些社区无论是塔还是板都做了一个很好的规划。在过去十年对房地产来讲是黄金十年，可能作出了很多没有这种气场的社区，包括我们改革后的十年，二十年，这样的规划可能是业主对文化的享受去在自己家居里用自己的创造去完成，因为你大的社区环境并没有给你很好的背景，一个很好的平台，那么怎么办？那么有科宝，有其他更多的家居行业，包括说我们在十多年前打沙发，打柜子。这就是我要说的第二个小的概念，当我们业主把自己封闭在一个小屋子里推敲家具的时候，实际上当这个小跟大两点结合的话，就是说不管你在怀旧，还是向前看，还是在工作，你都能有一个好的生活的享受。如果大小两点丧失其中任何一点你可能都有一种缺失，一种缺憾，就是说你不是在一个很满意，很有氛围的社区里你去做自己的小环境，每天你走出来的时候，可能这个社区本来应该让你有这种享受的价值却没有了。如果一个人总是在工作，对家居，或者居家没有特别好的追求，即使住在很好的社区里，也会感到工作等方面的压力。    所以从建筑和人来讲，我希望开发商能够响应不管是国家的号召，还是政府的号召，实际上我是想一个好的开发商能够承担起这种社会责任，把社区从规划包括家居，能够给客户提供一个持久服务的，让客户能够不用非常专业的上新浪网上天天去学习 装修知识，这个在国外看来，可能未来杨主任这个职能也要削减，在国外这是不应该有的功课，但是中国把这个研究的很好。这个对开发商来说是一件非常愧疚的事情，是我们逼迫业主去做的这个功课，再可能十五年，二十年之后希望大家更和谐地去做。最后一点就是说到对文化的，不论是怀旧还是什么，房地产现在实际提供的服务，虽然我们把所有物业管理都叫服务，但是真正从骨子里我们到底给业主提供什么样的服务？是不是从业主真正需求来去考虑提供哪些服务，这些也是我们在想，也是希望，应该说主流开发商替业主想很多这样的事情。我期盼我们这个行业早日脱离这个不好的口碑，能从服务着手，反过来能让我们在未来，业主说作为一个开发商能够给业主提供的不止是一个住宅，不止是一个作品，或者是一个建筑，更主要是一种生活方式，是一种文化，是一种持续的服务。我就先这样说一下。,3,4,0.9409493803977966
宫铁军：怀旧和回潮都小众精英对快乐的追求杨熙：感谢赵处长讲了好多关于城市规划的东西。今天到我们现场我想各位嘉宾都代表各个层面的相关的关于城市，和咱们相关话题的朋友，所以我想先请咱们雅世集团宫总跟咱们分享一下这个话题。宫铁军：赵处长刚才讲的很好，我都不知道该怎么讲了。邀请我来我很高兴，这儿来了很多朋友，到这儿来有一种怀旧的感觉出来，跟这个主题很贴切。每次到这儿来的时候总感觉又回到了上学的时候，或者更久远的时代，或者我没到过的时代，好像通过设计师去处理的一个手法让我仿佛又回到那个年代去。作为开发商的理解，刚才赵处长说我们这代人比赵处长年轻一些，一直往直路跑，不敢停下来说我真的去怀旧，没有这么多时间去做。房地产在07年开始被赵处长调控了，调控之后，好不容易要休息一下，美国次贷危机了又不调控了，不调控之后现在又出现好多争论，种种来讲都不是特别好的信息。实际上作为一个行业，一个产业来讲需要一个健康良性的发展，不能大起大落，像中国的金融股市一样，动荡式的走向，因为不动产作为一个重要的资产，作为中国传统的观念来讲，我们作为居住，保值，乃至投资的一个重要手段，所以不希望说中国人去体会那种资产高速膨胀，膨胀之后又高速贬值，当你分享快乐的时候那个痛苦随之而来，在不久的未来会来到。所以我特别希望中国房地产能有良性的发展，给我们每个住户提供真正能够安心的，持久能够享受到的一个居住文化。所以这个和我下面谈到的文化也密切相关。因为无论九朝会也好，还是刘老根做的，郭德纲做的这些等等，都是小众精英式的，只有小众通过自己的积累去怀旧也好，回潮也好，更广泛的人群上享受不到这样的快乐，他们只能通过媒体或者其他的渠道来得到自己需要的享受快乐。房地产口碑虽然不好，但是它实实在在承担着给老百姓建造房屋的责任，所以作为开发商来讲我觉得建筑有一个很重要的职能，就是说有一句话叫住宅创造人生，人造住宅，住宅创造人生，它能创造人生丰富多彩。我总结了两点，就是说规划和建筑。规划和建筑实际上从大的方面给人的生活提供了一个文化场景，好的社区，好的规划，好的建筑，包括好的地面可以给居住在这个社区的人一个文化享受，心灵的享受，让你在这个社区里有一个大的气场，能够让你在这个社区里定得住。就像我们在九朝会里喝茶我们心可以很静地探讨过去。其实有些社区无论是塔还是板都做了一个很好的规划。在过去十年对房地产来讲是黄金十年，可能作出了很多没有这种气场的社区，包括我们改革后的十年，二十年，这样的规划可能是业主对文化的享受去在自己家居里用自己的创造去完成，因为你大的社区环境并没有给你很好的背景，一个很好的平台，那么怎么办？那么有科宝，有其他更多的家居行业，包括说我们在十多年前打沙发，打柜子。这就是我要说的第二个小的概念，当我们业主把自己封闭在一个小屋子里推敲家具的时候，实际上当这个小跟大两点结合的话，就是说不管你在怀旧，还是向前看，还是在工作，你都能有一个好的生活的享受。如果大小两点丧失其中任何一点你可能都有一种缺失，一种缺憾，就是说你不是在一个很满意，很有氛围的社区里你去做自己的小环境，每天你走出来的时候，可能这个社区本来应该让你有这种享受的价值却没有了。如果一个人总是在工作，对家居，或者居家没有特别好的追求，即使住在很好的社区里，也会感到工作等方面的压力。所以从建筑和人来讲，我希望开发商能够响应不管是国家的号召，还是政府的号召，实际上我是想一个好的开发商能够承担起这种社会责任，把社区从规划包括家居，能够给客户提供一个持久服务的，让客户能够不用非常专业的上新浪网上天天去学习装修知识，这个在国外看来，可能未来杨主任这个职能也要削减，在国外这是不应该有的功课，但是中国把这个研究的很好。这个对开发商来说是一件非常愧疚的事情，是我们逼迫业主去做的这个功课，再可能十五年，二十年之后希望大家更和谐地去做。最后一点就是说到对文化的，不论是怀旧还是什么，房地产现在实际提供的服务，虽然我们把所有物业管理都叫服务，但是真正从骨子里我们到底给业主提供什么样的服务？是不是从业主真正需求来去考虑提供哪些服务，这些也是我们在想，也是希望，应该说主流开发商替业主想很多这样的事情。我期盼我们这个行业早日脱离这个不好的口碑，能从服务着手，反过来能让我们在未来，业主说作为一个开发商能够给业主提供的不止是一个住宅，不止是一个作品，或者是一个建筑，更主要是一种生活方式，是一种文化，是一种持续的服务。我就先这样说一下。,3,4,0.9540330171585083
家具回购遭商家冷遇本报记者 杨国华报道“家具都是实木的，也没用几年，要搬新家所以想换新的家具，可原来的家具如果当废品卖掉太可惜了，问了很多卖场都不愿意折价回收和更换。”家住朝阳区的赵先生一边收拾新房一边向记者说。“目前北京市每年淘汰的旧家具多达100多万套，大部分旧家具回收主要依靠一些回收公司。”中国商业家居咨询网顾问、高级咨询师郭勇在接受《中国产经新闻》记者采访时表示，以旧换新或家具回收已经形成了广阔的市场，虽然市场很广阔但是商家都不愿意涉及，除了少量办公家具有回收或换购的业务外，针对民用家具回收和换购市场的正规商家几乎是空白。旧家具带来的烦恼赵先生最近忙着搬家，新房在一个颇有档次的高档小区。新房有了，略显传统的实木家具与装修时尚的新房有点格格不入。赵先生告诉记者，“现在的家具是2004年买的，用了没几年，我找了一些收旧家具的，上万块的家具他们给不到1000块钱，这样处理掉太可惜了。”无奈的赵先生找到了当初购买家具的销售商家。商家告诉赵先生，他们对家用家具没有回购业务，不过可以尝试跟厂商联系一下。但厂商却明确答复，生产商只负责生产，他们并不管销售和回收，也没有开展过这样的业务。与赵先生有同样遭遇的消费者不在少数。记者在温泉东里小区采访时巧遇刘先生正为旧家具和一家回收公司讨价还价。表情无奈的刘先生告诉记者，买这套沙发时花了3000多元，用了不到3年，卖给废品回收才折价125元钱。 随着居住水平和室内布局不断改善，消费者对家具进行重新购置和翻新的需求也不断增加，然而家具属于耐用消费品，尤其是一些实木家具和真皮沙发，工艺和质量都非常过硬，价格也不菲。市民在搬家或者需要更换家具时，并不愿意丢弃这些家具，但如果把这些家具卖给收废品的人，价值可谓一落千丈。扔了或者当废品卖又太可惜，换购、翻新或能够以合适的价格回收成为很多消费者的迫切需求。民用家具市场的空白样式完好的旧家具该怎么处理？记者在走访北京各大卖场后得知，目前北京市可以换购和回收民用家具的商家几乎没有。在红星美凯龙经营家具的吴英告诉记者，家具经销商一般没有此类的业务，据她了解，目前在北京还没听过哪个商家对民用家具给予换购或直接回收。对于原因，吴英认为，换购和回收利润太薄，很多商家都是一次性交易，无论换购或回收都不在售后服务范围之内。事实上，一方面，销售商无法提供服务，大多数的家具企业更没有以旧换新的业务；而另一方面，目前市场上存在的一些家具回收公司与翻新公司普遍存在着收费混乱、不正规、规模小等问题。北京市建龙家具设计有限公司副总经理汪晗告诉记者，“国内很多生产商大多是低端销售，叫得响的品牌并不多，指望这些企业再回收和换购几乎不可能。家具翻新的成本高、利润低，很多家具厂商不愿涉足。”“目前国内市场上还没有较为系统的家具回收机构，各主流家具品牌也因种种原因无法涉及回收或换购。”中国商业家居咨询网顾问、高级咨询师郭勇告诉记者，随着居民生活条件的提高，更换家具的频率会越来越大，目前的市场已经比较广阔，但相对于新家具的利润还有一定的差距，所以很多商家都不愿意涉及。目前除了一些商家针对办公家具有回收或换购的业务外，针对民用家具和换购的商家几乎是空白。,3,1,0.8374143242835999
家居议事厅：专家谈二手房装修您是否购买过二手房，并准备进行装修，您在二手房装修中最关注哪些环节。今天演播室邀请到三位二手房专家做客新浪乐居家居议事厅，为网友讲解二手房装修绝招。嘉宾：汪华在线、徐峰在线、海螺时间：2009年9月2日上午10：00-11：00主持人：新浪家居 杨轶以下为现场实录：主持人：各位新浪的网友，大家下午好！今天有三位嘉宾做客我们的节目，坐在我旁边这位是BBS里比较火的一个人，他叫“汪华在线”。汪华在线：各位网友，大家好！主持人：第二位也是老朋友了，徐峰在线。徐峰在线：各位网友，上午好！主持人：第三位是高成中(音)，主要是工程方面的专家，他的网友叫海螺。海螺：大家好！主持人：这期话题我们是谈二手房装修的话题，现在新浪乐居正在做关于二手房调研的话题，我们知道关于旧房改造这块市场是很大的，但是很多京城有名的装修公司对这一块并不是很重视。我们想请三位专家给我们讲一下二手房装修，包括老百姓的需求，包括二手房装修在改造过程中需要注意什么，都是我们这次采访中需要了解的。我不知道二手房市场，应该用怎样的数字能让业内和老百姓知道。徐峰在线：具体的数字，我们也没做调查，但它占有的市场应该是40%到60%左右。因为上半年由于金融危机，北京的新盘开盘量有一定的减缩，八九月份有所回暖。但是新盘的成交量，现在来看应该有很大的回升。以前买一个新盘，它的总价也比较高，应该比较适合他的观点。主持人：刚才徐峰也说到一个问题，其实老百姓把大部分的钱都用在买房上了。我不知道汪华你怎么看二手房市场？汪华在线：相对来说，二手房市场会比较大。随着奥运包括金融危机，走到现在来看，整体这个市场还是不错的。我们做二手房这块，实际成交量非常大。我们也通过一些客户了解到二手房占到公司咨询量是很大的一块。主持人：海螺，在实际工程中，你能不能了解一下老百姓的需求，比如整装这部分，从你接的单子来看，占多大的量？据我所知，我们同事买的二手房，就是对卫生间做了一些改装，包括卧室里面只把床简单地换了换，其他的基本上没变过。我不知道老百姓的需求大概都分为几类。海螺：客户需求是这样的，刚才你说的这两个，一个是翻新，一个是二手房装修，这两块都存在。另一个，所谓2000年左右的或者2000年装修不满意，这里面也存在一些重新装修的。这没有一个太明确的答案，主要是根据客户的要求，根据我们的经验，到现场给他解答问题。主持人：就是根据客户的需求，为他量身制作。海螺：比如他新买的房是2004年的，装修完，那时候的材料基本上就已经达到它的标准，有的墙面，重新粉刷就可以。我们可以建议他在局部做修改，如果保温墙有裂缝，可以做一些修改，整体刷漆就可以了。如果说厨房卫生间有哪些不合理的地方，我们也建议改动。特别是卫生间这块，我们稍微改动一下，让他住得既安全又舒适。,3,4,0.7085862755775452
家得宝沈阳店闭店 传言亏损2300万建设大路与保工街交汇处，沈阳地铁一号线保工街站装修已接近尾声，明年，沈阳地铁开通后将从此处经过。距这处地铁出口不到五十米的距离，就是家得宝沈阳店。然而，家得宝在沈已挺不到地铁开通的那天了，甚至连2009年的初冬也挺不过去。在2007年进驻沈阳后经历了短暂的风雨行程，世界最大的家具建材零售商家得宝终于以一纸“致顾客声明”画上了句号。 没有了往日的喧哗，家得宝即将在沈撤场的消息得到印证。 建材老大的最后告别 10月27日，家得宝沈阳店在阴郁的天气中显得有些萧条。卖场入口宣传海报上的促销字样还很醒目，但更醒目的是玻璃门上用黑笔所标识的9个大字：“家得宝已黄，只退不卖。”在店门前还立着一个“外部人员禁止入内”的告示牌，旁边还有一纸“家得宝沈阳店关店致顾客声明”。显然，家得宝在沈阳关门闭店并没有遮遮掩掩。“不卖货了，黄了！”当有顾客试图进入玻璃门时，一位穿便装的店方工作人员向顾客这样解释着。“开得不是挺好嘛，怎么说黄就黄了？”一位没让进店的顾客嘴里叨咕着。透过玻璃门，记者看到了卖场内只有少部分员工在清理卖场，一些货架上已经全部清空，只剩下还没来得及摘下的价签。 在家得宝的“致顾客声明”中写着：在2008年金融危机影响下，家得宝沈阳店业绩未能达到公司商业预期，故此家得宝中国做出商业策略调整决定，将关闭家得宝沈阳店。声明中家得宝方面还承诺为顾客提供60天的退货期，并还将继续为顾客提供优质的售后服务，从声明的公示时间算，退货的截止日期应为10月31日。 亏损2300万的传言 “家得宝将撤离沈阳的消息从今年8月中旬就在业界中流传，那时供货商们都很惊讶。”家得宝供货商之一的王先生说。“这一个月我已经和店方谈了两次了，主要是一些返货和付款问题，正在按程序办理一些相关手续。”王先生称，8月底，家得宝总部曾派人到沈阳与沈阳的供货商开了一个答疑会，向供货商做出了一定承诺，保证不会让供货商受损失。“合作两年多了，家得宝经营一直很规范，信誉也很好，就这么黄了确实可惜。”谈起这些，王先生有些伤感。 对于家得宝为何关店，王先生认为，家得宝进沈两年一直在亏损，坊间甚至有传言其亏损额已达到了2300万，当时家得宝进沈时并不是全面“收购”家世界，而是每年要向家世界付上几百万的租金，经营成本很高。而近两年沈阳建材市场整体萧条，在家得宝的旁边就有东方家园保工店、九路建材市场这些早已在沈立足的建材超市和建材市场，家得宝要想生存除了要有自己的特色，同时还需要一个打品牌的过渡期。“再加上地铁施工影响了客流，这些不利因素也导致家得宝中国做出关停沈阳店的商业策略调整。”王先生称。 家居巨头集体“水土不服” 2007年8月26日，世界最大的家具建材零售商家得宝在沈阳正式开门纳客。而在这之前，家得宝通过收购中国家居建材超市家世界12家家居门店，一举完成了这家美国公司开始中国本土化进程的第一步。然而，这一步走的好像急了一些，家得宝明显有些“水土不服”。 今年7月10日，家得宝青岛店闭店，紧接着，家得宝沈阳店也宣布关门。从天津调任到沈阳店做店长的李伟并不否认家得宝经营亏损，但具体亏损多少，李伟称没有接到上级的通知，因此不能接受记者采访。“家得宝沈阳店关店确实很遗憾，我们会做好善后工作，不让顾客、员工以及供货商受到损失。”李伟称。 家得宝中国公关部的谭小姐昨日在接受采访时表示，家得宝对中国的投资策略并没有转变，沈阳和青岛关店都是个体案例，家得宝在天津、北京等地的门店业绩表现还十分良好。 先是有欧倍德，再到百安居，现在又轮到了家得宝，世界建材巨头们纷纷败走沈城。对此，沈阳市装饰产业协会秘书长王锋分析称，沈阳的装饰建材市场几年前就趋于饱和，中国家具城、东方家园都以其经营特色迎合着本土消费者，而一些外资建材超市进入2009年普遍进入了调整期，以适应中国市场。家得宝今日的窘境说明了家居建材连锁企业面临巨大的销售压力，在宏观大形势的影响下，建材超市也都步履维艰，家得宝只是其中一个罢了！,3,6,0.6668161153793335
家纺企业力争渠道重组合 降低运作成本第七届中国百货业高峰论坛在北京亮马大厦召开。尽管许多家纺企业并未预先受邀，他们还是闻讯赶来，只为寻找进驻商场的一线机会。 安徽鸿润、浙江莎鲨、上海凯盛等一批嗅觉灵敏的家纺品牌，在本次论坛上聚合着各种有利资源、把握着一切可能出现的契机，安徽鸿润为此还注入血本赞助了一场小型论坛。 在金融危机还在蔓延的当下，渠道资源成了所有家纺品牌争相抢夺的焦点，在他们看来，谁率先铺开渠道，谁就有可能突破重围。 放弃商场自立门户？ 浙江莎鲨家纺有限公司总经理王建成心急如焚地告诉记者：“百货渠道实在太难介入了，如果行不通，我们将考虑自建商城。” 王建成的想法代表了不少企业家的想法，浙江洁丽雅集团董事长石昌佳就在诸暨开设了家居生活馆，山东爱梦思家纺总经理于娜也在青岛自设了采购一体化的购物广场……这一切表明，趾高气昂的商场在未来数年内有可能紧握着稀缺资源而望洋兴叹，企业家们在＆ldquo，中国十大丝绸知名品牌欣赏；历经折磨”之后已经失去了往日的耐心，他们要改变依赖“山寨王”的心态，自立为王。 而事实上，这种模式也是在无奈之下的一种探索，毕竟自建商场投入的巨额资金等硬性成本足以抵消开设数家专柜的费用，况且单一品牌的商厦经营能否带来足够的人气尚需得到市场的检验。 商场之所以能够保持长盛不衰的原因在于，在目前商业模式下，商场的零售销量依然在终端保持着居高不下的排行，商场购物也是大众惯性的消费方式。 中国百货商业协会常务副会长楚修齐在接受记者采访时透露，2008年我国城镇市场实现社会消费品零售总额73735亿元，占全社会消费品零售总额的比重达到67。97%，比上年净额增长了13324。3万亿元，比重上升了0。25个百分点。这说明零售总额占社会消费品零售总额的比重逐年增加，通胀压力弱化，市场波澜不惊。 中国百货商业协会最新统计的60家百货零售企业主要经济指标也表明，60家企业2008年的销售额比2007年平均增长15。69%。此外根据中华全国商业信息中心的统计，2008年全国重点大型批发零售商业企业累计实现销售额达到4895。7亿元，同比增长19。19%。尽管受累于金融危机，增速有所下滑，但市场规模发展较快的趋势没有改变。统计数据显示，在各种百货零售业态中，百货店作为传统业态是发展最快的零售业态之一。 不仅如此，商场另一个隐形的优势还在于，高端定位和强大的客流量足以承载和展现一个家纺品牌的终端形象和拓展能力，这也是许多品牌宁可不赢利也要强颜欢笑的原因。比如上海东方商厦，有近乎一半的家纺品牌是为了显示网点布局能力。 销量证明一切。记者从罗莱、梦兰、水星、恐龙等多家品牌了解到，其60%以上的销售收入都依赖于大型百货商场，也就意味着如果公司有10亿元的销量，将有6亿元的成交量在百货商场完成。 “放弃商场，自立门户，目前看来还不是上佳选择，在没有找到合适的突围路径之前，商场毕竟是常规的、经营风险相对较小的赢利模式。”上海凯盛家纺北京公司总经理葛可明认为。 而实际上，葛可明这次来参会最重要的目的是想进驻翠微商厦、百盛商场、新光天地等大型终端卖场，以扩展在北京的整体实力。,3,6,0.6638297438621521
寂寞没错寂寞有理 反驳你们能不能不那么寂寞玩了寂寞，又玩浪漫，我看我们这代人真的是没什么玩了，我们下一代也没什么玩的(你Y的除了浪漫和寂寞就没别的词了吗？是不是你生活太无聊太枯燥太乏味太空洞了....我们这代人没啥玩的，下代也没啥玩的，好吧，合着人生就是为了玩是吧。没的玩就去死了算了...怎么还没去死啊，还死到天涯上来批评别人寂寞...)我们这几代人小时候玩的不健康向上，到现在变成数字移民也是胡作非为，90年后众NC是原住民，不能在现实生活鸡飞狗跳后，不分先后的终于都无聊了。(我靠，你就是你，别我们，你说我们也不代表你多在理，你自己小时候玩的不健康向上，不代表别人。还有我想知道，你小时候玩啥是不健康向上....好奇ING。90后的NC不能在现实中鸡飞狗跳，言外之意是你鄙视不能在现实中鸡飞狗跳的，就是你自己的生活是鸡飞狗跳的？人家无聊了吗？有的玩还无聊？那是寂寞！我看你连寂寞和无聊的区别都搞不清楚)首先定义下NC，简单来说可以定义为小时候被猪亲了之后又被驴踢了门夹了，通俗点的定义就是脑子不想事，基于这一点，很多70、80年都是NC，90年后更是NC中的极品NC，也就是NC中的战斗鸡。(基于这一点，你是70以前的吗，是405060还是更早，你懂啥叫用发展的眼光看问题吗，你懂啥叫表以偏概全不，还有等老的时候还有个老年痴呆症你知道不)众NC们先反思下自己的生活，有多少人是一天到晚混在网上无所事事的？玩的一样比一样弱智，半夜三更偷菜啊，AV舞啊，一个魔兽停服，几百万人无聊啊，玩完了回家吃饭玩寂寞，横空出世了一个寂寞党，随便到哪看看，网络上满版荒唐言，遍地寂寞党，然后还没完，寂寞党玩得不疯，浪漫派又冒出头来了。(不偷菜不玩AV舞不玩WOW，你回家干吗？你是专家学者还是啥的，天天下班回家吃饭然后就看书啊？合着你这个逻辑除了补充文化知识外有点娱乐都是NC的作为啊。那你自己干嘛来天涯。你如果不寂寞不无聊回家下班吃饭然后是不是就躺床上和你家媳妇儿瞪着天花板思考人生呢....我还在想你是不是很抵制性爱呢，可能在你看来拿是猥琐。)早阵子砖家叫兽们说，每天上网时间多于6小时的就是精神病，这话没错，一般精神病都不喜欢别人说他们有病，NC们哎，天天喊着寂寞，不是有病还是有喜啊？(我喷，那些整天对着电脑干活的人是不是生活在第三医院啊，一栋栋写字楼都是第三医院哈)土鳖们，没钱不要装孙子，你们有钱也就一暴发户，看你们每天在干嘛，天天说棒子抢我们东西，天涯上自己在骂中医，鲁迅那老FQ没教你们一点好样！(我就笑了，啥是土鳖，没钱装孙子的你见过几个，有钱就是暴发户的又咋地了，人家天天在干吗碍着你什么事儿了。骂中医的不是所有人吧。我就从来没有去那帖子看过，为毛呢。我觉得那是无稽。估计就你这种傻X才会去看那张东西。鲁迅又咋了，愤青不愤青都掩盖不了他写了那么多文的事实，其他我无从评价)看看天涯每天都在讨论什么啊，杂谈上那个自称是日本MM的报道帖，也是20多万点击数千回复，土鳖子，没见过女人啊？说没见过穿衣服的日本女人，恩，隔着千八百里的网线你能看到什么？那回复就更别说了，真要是一国际友人，还以为中国男人怎么怎么的，全是JB长在嘴上的还是怎么着？一旦有女的晒照片，征婚，那回复，比个天安门游行还要壮观点？(物以稀为贵，杂谈大多男人，来个女人还贴PP的当然要看了。就像一个军营忽然来了个大美妞，大家肯定都看的，不看的不是男人！！！)寂寞啊寂寞啊，丢脸丢到国际互联网上来了。有精英一出来立刻就被砸砖说装B，中国的精英文化已经被你们这些恶俗的无聊文化折腾的岌岌可危，就说天涯，顶无聊的了，多少民智人士被迫离开了，越玩越低俗，国际友人都过来看笑话。(精英是啥？我还真没见过......大家都普通人而已。国际友人来看笑话....告诉我撒 是谁，我来鉴定一下是不是条狗)想不想知道自己是怎么变蠢的？众位NC，请开动你们所剩不多的脑子想想，若干年前，你是不是记性还不错，碰到什么事还知道动脑子，现在，估计就是拿笔写字也写不出几个简体中文版的了吧？(我就搞笑了，想不想知道中国人是怎么退化的？你们会写繁体字吗会说文言文吗？想不想知道人类怎么变笨的?你会钻木取火吗？)达尔文的进化论是骗小孩的，网络就在让你变蠢，《蠢蛋进化论》看过吧？像现在这样，有什么不明白的问百度问谷歌，问万能的天涯，泡妞玩深沉搜几段经典B语，论文不会上网抄，好吧，青春期性启蒙，上网可劲儿看日片吧，偷偷看的时候很“心神不宁”吧？绿霸了吧？不用自己动脑筋，会用工具就行了，靠装备算个毛啊！(达尔文的进化论不是真理，只是推测，你懂个P啊，你真懂也搞个什么论出来撒.....不上网只会让你变得更蠢。不上网你知识的来源有啥？上了网，可以吸取整个天下的精华。还有，绿坝是可以忽略的。)CCAV总是说古人好睿智，前人好NB啊，有长城金字塔，瞎扯淡，那是因为现在的人更SB了，NC要分级，肯定是90大于80大于70，所以90年后，你们也不用反驳了，你们要说自己是祖国的花朵朝气蓬勃，我靠，太监都会笑得射出来。(现在人更SB了？我们说古人了不起多聪明是和别人的古人比。咋的祖先能造长城，人家祖先能造金字塔。不是跟现在的人比，现在的人还造了飞机原子弹大楼电脑乱七八糟电气化了，古人能比吗？就你这理论，大家都要过原始社会的生活。你要去过没人拦你，别拖着我们一起去)据说中国是世界上BBS最流行最多的国家，泡论坛的，有相当一部分是没什么钱装B的，还有相当一部分是连装B都困难的，天天无聊狗咬狗一嘴毛。都是一群废物，说你没出息就是没出息，有出息的人天天在网上喊寂寞，偷菜？(中国人多。电脑多。当然用户也就多了。当然BBS肯定是用户最多的了。有问题吗？我不懂泡论坛跟装B有啥直接联系吗？你有没有出息我不知道，我就知道真正有出息的人不会老想着批评别人可劲儿的得瑟。。。。。。。。の尴尬，照这理论我也成了没出息的人，没关系我承认我就是没出息的人。不像有些人，本来没出息，还可劲儿装的自己多有出息似的，不说你装B，谁还装B)网络就是个工具，别去信TM的互联网等于生活，有瘾啊，每天也许就是在网上跟人妖扯淡，JB都沤出绿毛了还不知道，NND，寂寞了，你妈叫你回家吃饭啦！(网络是生活的一部分，生活中也离不开网络。就你这样的，别用网络了，有啥要知道的去国家图书馆去)网上的民智都死光了，要不就是属乌龟王八DAN的！(那是你没看到，你见识有多大啊，不就是一个井底之蛙！自己以为自己看到的世界就是世界。你还真渺小真肤浅。你是青蛙，你全家都是青蛙，一辈子跳不出那口小井！)真正的浪漫是有钱有品的生活，NC与土鳖玩不起，你们玩也是个山寨，你们愤愤不平恶搞的时候，人家早在现实生活中玩儿情调了。(真正的浪漫就是要有钱又品?我想你根本不懂浪漫！也不想跟你解释了，就你那EQ告诉你，你都不懂)你们也只能恶搞，拯救地球没你们的份，活该你们只能对着显示器高潮。(恶搞也是一种文化！拯救地球难道有你的份儿？你是地球超人啊？人家高潮用的着通知你吗？)无聊和寂寞所有的网游，所有的娱乐都是无聊经济。无聊是没事儿可干玩了寂寞，又玩浪漫，我看我们这代人真的是没什么玩了，我们下一代也没什么玩的(你Y的除了浪漫和寂寞就没别的词了吗？是不是你生活太无聊太枯燥太乏味太空洞了....我们这代人没啥玩的，下代也没啥玩的，好吧，合着人生就是为了玩是吧。没的玩就去死了算了...怎么还没去死啊，还死到天涯上来批评别人寂寞...)我们这几代人小时候玩的不健康向上，到现在变成数字移民也是胡作非为，90年后众NC是原住民，不能在现实生活鸡飞狗跳后，不分先后的终于都无聊了。(我靠，你就是你，别我们，你说我们也不代表你多在理，你自己小时候玩的不健康向上，不代表别人。还有我想知道，你小时候玩啥是不健康向上....好奇ING。90后的NC不能在现实中鸡飞狗跳，言外之意是你鄙视不能在现实中鸡飞狗跳的，就是你自己的生活是鸡飞狗跳的？人家无聊了吗？有的玩还无聊？那是寂寞！我看你连寂寞和无聊的区别都搞不清楚)首先定义下NC，简单来说可以定义为小时候被猪亲了之后又被驴踢了门夹了，通俗点的定义就是脑子不想事，基于这一点，很多70、80年都是NC，90年后更是NC中的极品NC，也就是NC中的战斗鸡。(基于这一点，你是70以前的吗，是405060还是更早，你懂啥叫用发展的眼光看问题吗，你懂啥叫表以偏概全不，还有等老的时候还有个老年痴呆症你知道不)众NC们先反思下自己的生活，有多少人是一天到晚混在网上无所事事的？玩的一样比一样弱智，半夜三更偷菜啊，AV舞啊，一个魔兽停服，几百万人无聊啊，玩完了回家吃饭玩寂寞，横空出世了一个寂寞党，随便到哪看看，网络上满版荒唐言，遍地寂寞党，然后还没完，寂寞党玩得不疯，浪漫派又冒出头来了。(不偷菜不玩AV舞不玩WOW，你回家干吗？你是专家学者还是啥的，天天下班回家吃饭然后就看书啊？合着你这个逻辑除了补充文化知识外有点娱乐都是NC的作为啊。那你自己干嘛来天涯。你如果不寂寞不无聊回家下班吃饭然后是不是就躺床上和你家媳妇儿瞪着天花板思考人生呢....我还在想你是不是很抵制性爱呢，可能在你看来拿是猥琐。)早阵子砖家叫兽们说，每天上网时间多于6小时的就是精神病，这话没错，一般精神病都不喜欢别人说他们有病，NC们哎，天天喊着寂寞，不是有病还是有喜啊？(我喷，那些整天对着电脑干活的人是不是生活在第三医院啊，一栋栋写字楼都是第三医院哈)土鳖们，没钱不要装孙子，你们有钱也就一暴发户，看你们每天在干嘛，天天说棒子抢我们东西，天涯上自己在骂中医，鲁迅那老FQ没教你们一点好样！(我就笑了，啥是土鳖，没钱装孙子的你见过几个，有钱就是暴发户的又咋地了，人家天天在干吗碍着你什么事儿了。骂中医的不是所有人吧。我就从来没有去那帖子看过，为毛呢。我觉得那是无稽。估计就你这种傻X才会去看那张东西。鲁迅又咋了，愤青不愤青都掩盖不了他写了那么多文的事实，其他我无从评价)看看天涯每天都在讨论什么啊，杂谈上那个自称是日本MM的报道帖，也是20多万点击数千回复，土鳖子，没见过女人啊？说没见过穿衣服的日本女人，恩，隔着千八百里的网线你能看到什么？那回复就更别说了，真要是一国际友人，还以为中国男人怎么怎么的，全是JB长在嘴上的还是怎么着？一旦有女的晒照片，征婚，那回复，比个天安门游行还要壮观点？(物以稀为贵，杂谈大多男人，来个女人还贴PP的当然要看了。就像一个军营忽然来了个大美妞，大家肯定都看的，不看的不是男人！！！)寂寞啊寂寞啊，丢脸丢到国际互联网上来了。有精英一出来立刻就被砸砖说装B，中国的精英文化已经被你们这些恶俗的无聊文化折腾的岌岌可危，就说天涯，顶无聊的了，多少民智人士被迫离开了，越玩越低俗，国际友人都过来看笑话。(精英是啥？我还真没见过......大家都普通人而已。国际友人来看笑话....告诉我撒 是谁，我来鉴定一下是不是条狗)想不想知道自己是怎么变蠢的？众位NC，请开动你们所剩不多的脑子想想，若干年前，你是不是记性还不错，碰到什么事还知道动脑子，现在，估计就是拿笔写字也写不出几个简体中文版的了吧？(我就搞笑了，想不想知道中国人是怎么退化的？你们会写繁体字吗会说文言文吗？想不想知道人类怎么变笨的?你会钻木取火吗？)达尔文的进化论是骗小孩的，网络就在让你变蠢，《蠢蛋进化论》看过吧？像现在这样，有什么不明白的问百度问谷歌，问万能的天涯，泡妞玩深沉搜几段经典B语，论文不会上网抄，好吧，青春期性启蒙，上网可劲儿看日片吧，偷偷看的时候很“心神不宁”吧？绿霸了吧？不用自己动脑筋，会用工具就行了，靠装备算个毛啊！(达尔文的进化论不是真理，只是推测，你懂个P啊，你真懂也搞个什么论出来撒.....不上网只会让你变得更蠢。不上网你知识的来源有啥？上了网，可以吸取整个天下的精华。还有，绿坝是可以忽略的。)CCAV总是说古人好睿智，前人好NB啊，有长城金字塔，瞎扯淡，那是因为现在的人更SB了，NC要分级，肯定是90大于80大于70，所以90年后，你们也不用反驳了，你们要说自己是祖国的花朵朝气蓬勃，我靠，太监都会笑得射出来。(现在人更SB了？我们说古人了不起多聪明是和别人的古人比。咋的祖先能造长城，人家祖先能造金字塔。不是跟现在的人比，现在的人还造了飞机原子弹大楼电脑乱七八糟电气化了，古人能比吗？就你这理论，大家都要过原始社会的生活。你要去过没人拦你，别拖着我们一起去)据说中国是世界上BBS最流行最多的国家，泡论坛的，有相当一部分是没什么钱装B的，还有相当一部分是连装B都困难的，天天无聊狗咬狗一嘴毛。都是一群废物，说你没出息就是没出息，有出息的人天天在网上喊寂寞，偷菜？(中国人多。电脑多。当然用户也就多了。当然BBS肯定是用户最多的了。有问题吗？我不懂泡论坛跟装B有啥直接联系吗？你有没有出息我不知道，我就知道真正有出息的人不会老想着批评别人可劲儿的得瑟。。。。。。。。の尴尬，照这理论我也成了没出息的人，没关系我承认我就是没出息的人。不像有些人，本来没出息，还可劲儿装的自己多有出息似的，不说你装B，谁还装B)网络就是个工具，别去信TM的互联网等于生活，有瘾啊，每天也许就是在网上跟人妖扯淡，JB都沤出绿毛了还不知道，NND，寂寞了，你妈叫你回家吃饭啦！(网络是生活的一部分，生活中也离不开网络。就你这样的，别用网络了，有啥要知道的去国家图书馆去)网上的民智都死光了，要不就是属乌龟王八DAN的！(那是你没看到，你见识有多大啊，不就是一个井底之蛙！自己以为自己看到的世界就是世界。你还真渺小真肤浅。你是青蛙，你全家都是青蛙，一辈子跳不出那口小井！)真正的浪漫是有钱有品的生活，NC与土鳖玩不起，你们玩也是个山寨，你们愤愤不平恶搞的时候，人家早在现实生活中玩儿情调了。(真正的浪漫就是要有钱又品?我想你根本不懂浪漫！也不想跟你解释了，就你那EQ告诉你，你都不懂)你们也只能恶搞，拯救地球没你们的份，活该你们只能对着显示器高潮。(恶搞也是一种文化！拯救地球难道有你的份儿？你是地球超人啊？人家高潮用的着通知你吗？)无聊和寂寞所有的网游，所有的娱乐都是无聊经济。无聊是没事儿可干,3,8,0.9133950471878052
密码变明码 小区防盗门形同虚设物业回应：尽快消除隐患每栋居民楼单元前的防盗门，本是居民的保护神，既能阻止小广告，也能堵住“梁上君子”。可一段时间过去了，一些小区的密码门却没能达到预期的防盗效果，反倒成了小区安保的一块“鸡肋”，愁怀了众多业主。密码变“明码” 住户忧心忡忡“这么多防盗门密码都一样，还防啥盗啊？”最近，家住开发区长城路一小区的黄先生为了他的一个意外发现而忧心不已，因为他发现小区里许多单元防盗门的密码竟然全部相同。据黄先生反应，他是偶然间发现一些装修工人进入单元防盗门时，根本不需要在家的业主开门，而是直接按密码就能进入单元。疑惑的黄先生一打听，才知道原来小区的单元防盗门都是公用一个密码，可谓是“一码走遍天下”。“不只装修工人，还有外面其他一些干活的人，都可以这样随意进入单元大门。试想这个密码要是被其他别有用心的人利用的话，小区的安全问题就太让人担忧了！”物业回应：尽快消除隐患随后，记者来到黄先生所在的小区。从其一期、二期、三期的楼栋中各挑了一个单元实验，发现确如黄先生所说，一个密码便能打开所有的防盗门。黄先生告诉记者，当初决定在这买房子时，就是看中了这个小区的高科技防盗设施，入住后也确实觉得密码门用起来方便、保险，但万万没想到所谓的高科技也会这样“不堪一击”。该小区物业的工作人员向记者表示，这些密码都是防盗门安装时的初始密码，因为小区的入住率还不高，所以为了方便住户装修，清洁人员打扫等，就没有重新设置密码。“如果密码改早了，随着装修的陆续进行，新改的密码同样也存在被泄露的隐患。而且清洁人员也需要一次性记住许多密码，势必会给他们工作增添不少麻烦。但黄先生提出的这个问题，我们也会尽快研究，改进防盗系统，消除安保隐患，让广大业主安心。”,3,4,0.9965046644210815
富安娜大店新品齐亮相 革新消费者界面“设计VS渠道”，成为家纺产业在全球金融危机下最焦点的话题。在近期举办的上海2009中国国际家用纺织品及辅料博览会上，国内外家纺从业者纷纷破除竞争“藩篱”，紧紧围绕“原创设计、渠道营销”两个关键词举办专项论坛，以寻求突破当前困局的解决途径。“这颇有点‘亡羊补牢’的感觉”，中国纺织工业协会魏林博士表示，2009年1-5月份我国纺织、服装行业出口下降了11%，其中纺织品下降了15.5%。国际市场需求萎缩，内需市场最近几个月消费下降，这无疑让不少长期“轻品牌重规模，轻渠道重代工”的企业“雪上加霜”。然而，“冰冷”并不是行业的全貌，富安娜等行业领军品牌当前在国内市场动作频频，销售业绩增长迅猛，一片“火热”。据记者了解，富安娜最近推出秋冬季的四大色系，豹纹、媚紫、臧蓝和婚庆等系列原创艺术家纺新品，全国同步上市，并通过推行生活形态“大店”，全力革新着与消费者的“沟通界面”。更值得一提的是，富安娜新近推出的奢华概念家纺——“卢浮宫”系列，以17800元/套的高价格全国限量上市，其研发技术为全球首创，采用“纤维皇后”——真丝，运用国内唯一的高精细度、超大回位独幅提花工艺，精雕细琢如艺术品，获得市场的珍藏热卖。显然，8000亿规模的家纺产业的洗牌正在进行，行业革新求变正在进行。“新品”、“大店”齐亮相金融危机背景下，相对于不少陷入困局一筹莫展的企业，富安娜等品牌企业继续在创新着消费者的家居生活，一方面不断上市原创设计的新产品，满足消费者更细分的需求，另一方面推出完整家居消费的“大店”，也即旗舰店，为消费者提供更具艺术品味的购物体验。据悉，富安娜最新推出的家居旗舰馆营业面积近2000平方米，这是全国最大的家居艺术馆，所经营的产品包括上千种床上用品、被芯、枕芯、家居布艺等，是国内无论形象或面积都屈指可数的超大型家纺产品卖场。同时，富安娜在体验馆中展示出最具富安娜设计风格的经典产品，除了家居床品外，还展示配套餐具、帷幔、睡衣等家居必备用品，体现出富安娜整体家居的设计发展理念，让人们对整体家居的概念有最直观的感受。对此，中国鲁迅美术学院染织服装设计系书记庄子平教授评价说：“善长于寄情于山水间，欧洲经典与中国元素相结全，贴近国际的生活，又展现原创的魅力。是人文艺术、生活品味与尊贵品质的完美结合，为追求生活享受的消费者提供了温馨而浪漫的体验，在使用中，无形之中传递了美好享受。”通过革新“消费者界面”，富安娜在行业“寒冬”中，为市民提供了一个更便捷、更舒适的一站式购物环境，产品自然受到消费者的广泛青睐，销售业绩实现强力增长。“设计VS渠道”促革新“新品”、“大店”都是跟消费者直接对接的“第一界面”，清华大学美术学院染织服装艺术设计系张宝华副教授表示，富安娜此举，其实还是在持续强化研发设计和渠道销售两个环节，勾勒出家纺业界最完美 “微笑曲线”。张教授指出，富安娜短短15年发展历程，甚至晚于国内很多家纺企业，就靠紧抓“设计”与“渠道”两端，使企业每年保持近27%的增长速度，每年推出近200种新款花型。像最近推出的“概念家纺”——卢浮宫系列，研发技术全球首创，精雕细琢的已经成为一件“艺术品”；其在业内开办了第一家床上用品专卖店，首创了“直营”与“加盟”协同发展的渠道模式。透过富安娜的逆市增长，国内家纺企业在“设计”与“渠道”两端的大力革新势在必行，这是不少企业的薄弱点，更是突破困局的关键点。“过去市场生意好，企业往往一味扩大市场份额而忽略了产品研发。长期下来，设计师变成了画稿员，产品工程师变成工艺员”，中国纺织贸促会副会长、中国家纺协会副会长杨兆华先生表示，此次金融危机让不少企业吃到了苦头，建设一支高水平的设计师队伍，充分整合国内外的设计资源，坚决摒弃相互抄袭的陋习，已经成为行业的共识。而据记者了解，国内家纺企业已将渠道营销也提到战略高度。在近期举办的2009全球家纺营销渠道论坛，他们与60多名北美、欧盟以及日本、韩国等主要家纺出口地区的纺织品服装进出口商会、零售商协会、百货店协会、室内纺织品协会、纺织企业家协会等负责人和买家代表，200多位国内商场的相关负责人，共同探讨合作共赢的话题。富安娜董事长林国芳在论坛上还代表中国家纺企业就中国家纺市场正面临的由单体企业之间的竞争转向群体企业之间的竞争、由生产能力转向生产流通能力的竞争、由产品的竞争转向品牌的竞争、由行业存在形式转向商业模式存在形式的竞争、由直接争夺客户的转向提升产品技术含量和附加值的高层次竞争、由对货币资本投资转向对人力资本获取的竞争这七个变化谈了目前家纺业的竞争现状。“亡羊补牢犹未晚”，家纺行业的革新求变正在进行中。,3,6,0.9907840490341187
寻求正确的中国房地产发展路径(组图)8月8日，上海浦东改革与发展研究院房地产经济研究中心主任李战军应邀参加 “发现房地产的陶瓷竞争力”论坛。在专题演讲中，他指出我国房地产业现阶段发展存在“一快、二大、三低、四弱”的特点，即是发展速度快；开发规模、交易规模大；进入门槛、专业化产业化、产业运行素质低；技术创新能力、产业管理能力、资源集约能力、抗风险能力弱。针对这种现状，李战军提出在明确产业目标和政策指导下加快推进住宅产业化步伐，并通过以下六大发展路径指导房地产行业健康发展：第一、坚持市场化商品化为主导的产业发展道路。即优化房地产业运行的外部环境、坚持推进土地制度和住房制度改革、继续实行产业开放的方针大计。第二、用产业化推动我国节地、节材、节能、节水型商品房开发。即通过规划和建筑设计从源头上引导产业集约化和节约化；完善住宅建筑体系，集成和整合建筑成套技术；对商品房采用新材料、新技术、新设备提供政策倾斜；发挥企业在住宅产业化中的主体作用，依靠示范来推进住宅产业化现代化；建立国家和地方两级公共性的新材料、新技术、新设备的认证、推广中心。第三、推动房地产三个层级市场联动发展。将整顿房地产市场秩序的重点放在土地一级交易市场；土地与房屋供应的数量、结构和分布取决于城市功能定位、产业布局、人口增长和市场有效需求；用三级市场的活跃和发展补充二级市场的供应不足，形成新的市场价格定位机制。第四、通过房地产行业内部的良性竞争提高产业集中度。给予不同所有制、不同规模、不同类型的房地产企业相同的土地、金融和税收政策待遇；鼓励开发企业实行跨区域经营，鼓励管理服务企业面向全社会；鼓励具有规模化和品牌优势的企业之间建立战略合作或企业整合。第五、在房地产大市场中形成相对封闭的政策保障住房体制机制。建立政策保障住房和商品住宅的协调发展新格局；政策保障住房覆盖面宜采取先小后大的策略，集中优势资源率先解决双困户的住房问题；政策保障住房是房地产大市场当中的有机组成部分。第六、完善法律法规，规范市场行为，建立我国房地产法律体系。继续完善《土地管理法》、《城市房地产管理法》和《物权法》；尽快制定《房地产法》，将投资开发、租赁交易、服务管理等方面完全纳入到法律规范；努力尽早形成中国特色的房地产法律体系。,3,4,0.999427318572998
屈原故里的三个端午节在屈原故乡秭归有三个端午节。农历五月初五为“头端阳”，五月十五为“大端阳”，五月二十五为“末端阳”。秭归人从农历四月底就开始忙碌??泡糯米，杀鸡鸭、扫庭院，备锣鼓，修龙舟……。到了五月初五头端阳这天，人们开始包粽子、煮鸡蛋、吃大蒜、喝雄黄酒，还采来白艾和菖蒲用红纸条扎成束后悬于门前。到了农历五月十五这天，各家各户备下佳肴接女儿、女婿回家同享，俗称“过大端阳”，这期间的重头戏包括划龙舟、投粽子、办诗会，这种热闹的节日气氛一直持续到农历五月二十五日也就是“末端阳”，前后长达20天。,3,9,0.8834566473960876
崔彤：平衡体系中的空间秩序主持人：谢谢赵小均先生，赵小均先生在前几年抑制作设计，这两年偏向于公司的管理，他在公司管理上提出一些新的模式，我觉得这对于设计单位和设计企业来说都有借鉴的价值。下面我们请中科院建筑设计研究院副院长崔彤先生给我们做演讲，他演讲的题目是平衡体系中的空间秩序，大家欢迎！崔彤：大家下午好，我论坛的题目是基于平衡体系的空间秩序。我想先简要的介绍一下平衡体系的概念。平衡体系明显的特征是一种中间状态，中间并非不是一种折衷，这是在矛盾中建立一种秩序，强调意识要素的有机结合，体现出合而不同，艺术要素我们认为两者简单相加并没有意义，重要是在两者之间在重叠过程当中寻找交集，而寻找突破，这关键核心是合而不同的概念。下面我想借助于几个具体的实例给大家简单的阐述一下关于平衡体系当中的空间秩序建立的问题。第一个项目当中我们回顾一下以前我们院做的一个项目，中国国家科学图书馆，也叫科学院图书馆。在设计当中重点强调这样几个不同元素和要素之间的平衡关系和空间秩序的关系。比如说在图书馆当中强调对立和调和的问题，强调对事和对话问题，强调矛盾中的对比，强调科学院的科学和宗教的关系，科学和技术的关系，艺术和技术的关系。我们主要强调东方文化和西方文化之间的转换和交融的平衡体系关系。刚才宋部长提到关于中国传统建筑经典建筑当中有一些是经典的东西留存下来，不会因为时间变化而丧失艺术。比如说中厅空间有这样一个概念，大家看图书馆有一个内院，内院的逻辑是源于对中国传统四合院解析，中间秩序是机遇中间的变革，在这变革当中其一体现中心的结构，其二体现出中心结构当中一种时空的秩序。这作为一种空间单元，这样一种院落表达的是事件单元，在中国来说，中国一个院落无论是一个院落还是一个屋宇之下，还是一个城市都是一个完整的天地人为一体的宇宙屋顶，这种从大到小的分化不会因尺度变化改变其内在结构。这就是将天地人和自然组成一个小的世界，这装入了自然宇宙的秩序，这个秩序意味着世界可以被理解成结构化的秩序。我们选择这样一个中心院落空间，其实与西方中心的空间秩序当中有着明显的不同，比如说西方空间当中有一种比较经典的所谓巴西利卡，还有教堂式空间。这个形式的不同中间部分变得透明和虚无了，这种不变的中心让我们改变成不可以替代的能量中心。在这个中心当中建筑内院当中是能量的核心或者说能量源，能够提供给建筑阳光、空气。当然这种空间中心并不打算复辟或者还原中国古代所谓纪念性空间内涵。同时并不否认在这样空间当中想创造一种有古典气质的新的空间，同时希望这种空间代替对皇权和神的膜拜，而是对科学殿堂的敬仰。在这里面强调科学的殿堂，相对起来和西方建筑来比，中国传统经典空间，如果中国空间建筑包括花园，西方建筑某种意义上讲花园着建筑，这个建筑当中希望在中国传统建筑当中和西方建筑当中做一次有机的结合，比如说图形当中形成U字型空间，这变成三合的空间体系，已形成我们所谓的内院空间具有能量合的概念。在图书馆使用当中最重要是南北项走廊通风，我们形成所谓U字型空间可以获得两个南项和北项，以取得图书馆设计当中最为重要的功能意义在里面。刚才我讲了关于空间的秩序，在图书馆当中同时试图去还原或者回到一种中国传统的建筑秩序当中来。刚开始大家可能看到这样一个建筑形态更多的是关注中国建筑的印象，但实际上在这里面包含的是两种意向的对比，比如说关于东方和西方价格和气度，如果说西方经典建筑从建构学角度来说是一种技术逻辑，中国传统经典建筑更多表达一种建构艺术当中架构意向。描述西方建筑是源于两块砖拼接而得到建筑，如果用这句话来说中国建筑，中国建筑应该是两块木头，一个是柱子，一个是梁，这个有机结合产生中国传统架构体系在里面。在中国科学院图书馆当中尽管追求中国传统空间印象，但是这里面并不排斥西方气度文化和气度建筑的形态，这个图很明显的看到具有西方经典建筑，关于希腊和罗马当中气度东西在里面。所以在图书馆修建当中有一个基本的概念，如果说西方建筑当中是对宗教文化的崇尚，在图书馆设计当中希望找到一种对知识的结合，采取类似于西方气度文化方式也不为其过，这是关于气度文化在里面。中间部分试图创造一种与西方建筑完全不一样的架构文化的体系，可以明显的看到梁柱再现这种建构的方式，所形成的关系是一种关于架构文化和气度文化相互激荡，相互结合的方式。前面看到的建筑本身占地只有80米，如果没有内院只会得到80米南项或者北项，我们知道U字型平面不仅产生能够向社会开放的公共、开放性体系，同时形成两个南向界面和北向界面，同时使图书馆实用功能最大化和逻辑化。这当中试图在中国传统建筑文化经典技术基础上赋予更多的意义在里面，比如说中庭本身是属于能量核心一部分，同时应该是属于我们知识殿堂作为重要核心元素，这当中其实朝向是西，为了遮挡西向阳光，我们在表面上做了很多主动和被动式的技术和手法，比如说遮阳板和遮阳体系，以保证图书馆中庭当中采光通风同时能够遮阳，大家看到是中庭的界面关系，在这当中是西，西边阳光可以投射在整个中庭当中，为了保证建筑本身遮阳体系完整，他从到小有一个系列的遮阳体系。在西向，科学院廊桥当中形成巨大的阴影，可以遮盖所谓中庭当中玻璃幕墙所形成的玻璃空间，这形成冬天不是很冷，夏天不是很热的空间。下面谈一个国家开发银行，现在在长安街最后一个项目。这个项目当中试图在平衡体系当中谈一个关于建构文化的秩序，这个图现在已经开工了。这当中谈到关于建构秩序，甲方提出来很多所需要回答的问题，我们设计的方案开始从提出问题到分析问题到解决问题过程当中，这里面试图要回答甲方所提出的现代的中国的科技的几个重要的话题。所以我们确定了在设计当中有关于传统与现代，过去与未来，集权与民主，还有伟大首都新的尺度和旧城的尺度关系，同时要体现与国家荣誉，还有银行总部，国家开发银行所需要的尊严感的建立。这当中想建构一种新的秩序来达到业主所期望的要求，我们提出作为建造记忆，从传统建构向未来建筑的转化当中，中国传统的架构体系，与西方古典路在其发展中不断交流和跨接，这种思想也影响了一些建筑大师设计体系，我想这种思路可以重新建立起新的中国的建构体系。这作为中国经营下建构方式并未因时间轴的划分而沦为一种传统，如果我们回到建构本质，并探索结构秩序、组织关系，以及这种体系克服地球引力所做努力，我们可能以营造一种纯粹的架构体系，同时如果把架构视为一种表达，那建构就是一种艺术，这既非是抽象也非具像的，这更多包含的是一种记忆，对架构体系进行多层次研究，在有关逻辑相关性当中，都力图在标准化、主动化秩序化上面真正诗意的表达，这就是所希望达到的中国建筑当中的建造方式的方法。这个建筑本身在左边，左下角总图当中正好位于民族文化饭店正对面。对于这样一个建筑来说，最为重要的是，我们想提出这样一个问题，在面对新的北京城，尤其是在十一庆典国庆当中可以看到新的伟大首都的同时，现代化首都同时，怎么样同时面临一个对老城区的尊重。我们在这里面想试图建立这样一种体系，他一边回答现代化，一个新的伟大北京首都，同时要回答另外一个问题，就是老的城市和旧的城市机理，这样两种变革当中中间的产物，这是什么样子。作为一个过渡体，作为一个平衡体系当中中间部分，我们希望它是建立一种嵌入式的方式，这种嵌入体一边形成所谓光洁的，面对长安街光亮的尺度而融入老城区。非常巧的是在建筑当中离我们南边界面当中七米远有保护六套的四合院，包括张学良的四合院，在长安街西段所有的建筑当中，所面临的问题都会有这样共同的问题，怎么样同时再回答过去和现在，这是最为重要的一个话题。在设计当中我们希望回到一种所谓在面对地处长安街西段，作为北京城重要建筑，整体布局对北京城和城市文脉的重新思考和重新的解析，方案试图在研究长安街环境同时，以一种均制的态度和严谨的方式嵌入到环境当中来。我们最终希望在设计当中以八柱七间，在中国古代建筑当中九为至尊，太和殿当中原来是九间，后来改造完是十三间，我们想通过这种关系，形态当中中间是通透的中庭，每个柱子尺度是相当大的，每个柱子是九米乘九米，之间距离是12米，这样形成古典事态比较浓郁的。我们刚开始做的很多建筑当中没有屋顶和基座，但是业主要求必须要有，让无论是老百姓还是专业人士要能认出来是中国建筑。我们想八柱七间南向嵌入北京机理当中，中间中庭把旧城能量和南向阳光一同将长安街照亮，这正好属于长安街北边，我们希望这种阳光、空气、所谓城市中庭还有四合院能量通过南边辐射多北边，让这边亮起来。而通透的支撑体系在装载城市记忆同时完成一种东方思想的元素，并在经典和现代当中建构一种精神，支撑一种关于永恒的主题。对顶上四合院，本来也有人在反对，业主要求做一套四合院，但是离开行比较近期有六套保护四合院，业主还是希望有这样一套四合院作为高级会所，作为城市记忆。似乎原来比较俗气做法，我们觉得放在比较合适，通过玻璃屋顶感觉到里面城市机理的存在，这不仅从地面上，而且从空间当中，自下而上延展和生长渗透到空间当中来。包括在整个立面当中通过架构体系形成院落从里面穿梭，这种关系有一张总图。这个四合院做了一次调研，这个大小在12米左右，在建筑当中希望能找到这种逻辑性，就是九米，十二米，这个尺度关系跟四合院是一样的，这变成从旧城到新城，完全关联的，彼此咬合的体系，建筑本身不仅是一个现代建筑，同时是一个过去的建筑，这能够嵌入到过程当中来，完全被咬合在一起。中间做的大厅，我们理解中国传统建筑并不是符号，这应该是从内到外，从上到下全方位的诠释，中间部分的大厅并不像中国银行45米×45米大厅，这也大约40米左右，我们希望内部关系借用中国建筑逻辑关系，重塑大的空间，但同时是城市中庭概念，而不是建筑单体空间的概念。在中国传统的架构里面，关于梁柱组合方式并不是两块组相交的关系，而是具构体系。这个体系装载内容才是一个现代化的东西，这并不是回到过去的符号当中，这是我们所其他的一种形态。跟建构文化相关的还有一个建筑是在泰国曼谷中国文化中心，这个还是在施工图过程当中，这跟刚才那两个建筑来说思考的问题更为宽泛一些，由于都在亚洲不是思考东方和西方的问题，我们更多思考两个国家，中国与泰国，人文与自然，地域和地脉，佛教文化和儒家文化交织的文化概念在里面。从正面看过去泰国文化中心，就是中国汉唐文化建筑基本属性，我们希望对建筑还是水平方位的，能够和地面很接近的，能够和人的生活很接近的，很轻快的能够去接近自然当中的建筑形态，这个形态希望从侧面看过去具有泰国佛教建筑文化当中所具有的细腻，装饰感，金色屋檐重叠而形成非常华美的装饰语言，同时屋檐伸展并不是源自于对形式非常夸张的手法，主要源自于对泰国气侯环境的回答。泰国是多雨的湿热地方，他通风很重要，遮阳很重要，防雨很重要，建筑屋檐伸展都有利于建筑本身可持续发展，一个生态建筑的形成，达到这样要求的建筑形态。这里面时空要素非常重要，但是反映过去，导致文化当中的理想充满符号的虚幻的表象追求，我们认为建筑设计应该从城市角度出发，并回馈于城市当中。建筑对城市体现出场所感，建筑自身要成为环境因素，自律性是建筑融入城市的一种品质，自觉律已态度有助于谦和的态度善待周围，最终实现构建和谐系统。在设计当中最开始做的时候，大家知道这个建筑在雍和宫旁边，我们知道在二环路旁边，原来是保存非常好的城墙体系，梁思成先生曾经说过，如果将二环路城墙保护下来，他可以成为世界上最独一无二的公园，上面可以种满鲜花，市民去活动，歌华大厦在原来二环路边上正阳门附近，在设计当中我们试图去恢复一种对梁思成先生所提到关于城市文脉和文化的研究状况，所以建筑本身有一点点关于城墙方面的追溯。我们希望在歌华大厦设计当中回到关于中国文化另外一个表达，在这里面希望他是一个关于青铜器金属盒子表达方式，把这种建造方式和制造方式和城墙建构结合在一起，来恢复我们所谓记忆。一个记忆就是建造的记忆，一个是城市的记忆。歌华大厦本身希望它成为城市当中一个片段，成为我们在二环路当中曾经有过的城墙当中有机理的片段。第二个项目在二环路边上，这是广大国际中心，这正好是在金融街和平安大街相交接的十字路口，前面部分是梅兰芳大剧院，这是中原建筑设计院做的，后面部分是我们做的。其实这个项目严格意义上讲跟刚才歌华大厦有类似的情节，，这是一个改造项目，最早是住宅项目，后来变成公共建筑，被广大集团收购完需要对原来建筑进行第二次改造，在改造当中希望他创造，对于十四万平米来说前面是角色非常重要，梅兰芳大剧院，这怎么样回应城市同时，能够回应作为背景建筑方式来存在，这是我们思考最为重要的问题。我们当时做的很多设计方案当中选择这个方式，这犹如在京剧舞台背景当中，舞台背景和角色的关系一样，我们认为梅兰芳大剧院应该成为一个角色，后面是一个光华背景，我们希望有中国表情的背景。所以中国窗成为一个主题，这种主题希望它是一种能够承载历史文化的中国窗，这放大了无数倍，同时像一个巨大的骨架，有厚重支撑舞台的背景，这成为梅兰芳剧院当中最好的砣，融入到城市当中。沿着金融街还有一个黄色建筑。东四十条十字路口是保利大厦，这也是十万平米非常高大建筑，我们希望这两个体量相当建筑以黄色建筑作为终点，就像在北京有东直门就要有西直门。这是辉煌时代大厦，这个建筑本身，刚开始建成的时候有很多争议，也有很多记者采访时候说建筑本身是凶字，但实际上在设计当中刚开始并没有希望把这个建筑做成凶字型建筑，我们希望这个成为城市建筑当中利用城市资源和把城市资源能量吸取到自身的同时，能够给别的建筑，能够给最好的景观和通道，昨天碰到黄大师，他做的建筑在这后面。当时我们的想法，刚开始还不知道那是黄大师做的，我当时想法，因为在北四环附近有两个比较重要的资源，一个是北边是北大，西边是西山，对于面临西山的资源和人文资源，我们希望这个建筑本身除了南北项采光通风同时得到最好的西山景观和北大人文景观，这没有破坏长宽高规划布局的同时形成一个自我完善的平衡体系，这个平衡不光是所谓双角锥的支撑体系，希望他形成对别人有益处建筑，现在中建国际买了这个楼一半，买这个原因主要是一边可以看到南边，那边是有阳光，北边有北大，西边可以看到西山风景，上面做了六个亭子，成为南北项布局房子可以得到东西南北资源建筑形态，同时希望这个建筑本身在满足自己采光通风的同时，能够让我们南边建筑最大限度的看到北四环和北边北大的景观，这是我们想设立的平衡体系，我们希望建筑本身不光是能够建立自己的完整体系，同时能够以自己完整体系回答城市那时此刻。中国传统文化中并不认为是一条无限绵延直线，应该可以弯曲的螺旋环，因此未来并非深不可测，无法把控，未来可以熔化过去，过去可以昭示未来，对城市做回答的建筑并不意味着做出回答，城市中各种环境因子对建筑的影响取决于要素敏感度，这时强时弱，有时是符合因素的叠加影响，因此不可能推导出一种影响城市秩序的公式。主持人：谢谢崔彤给我们做的介绍情况，相信大家都能够从中得到很多的启发。下面我们请齐欣建筑设计咨询有限公司董事长齐欣先生对我们做演讲，他今天演讲的题目是在空气中捕捉建筑，大家欢迎！,3,4,0.5465202927589417
工人安门窗被打进医院 疑是口子费引起抬着材料刚准备进小区安门窗，就被一群不明身份的男子团团围住，没说几句话便被拳脚相向打成重伤。昨日下午，躺在病床上的26岁装修工黄长路呻吟不止，他一口认定，误闯他人买下的“口子”让自己挨此黑打。图为 工人安门窗被打进医院 疑是口子费引起装修工为人封阳台被围殴昨日中午12点，南充来蓉打工青年黄长路带着建材设备，往城北某新建的小区赶。他谈好了要在下午为那里的2位住户封阳台。而黄说，这几笔生意是黄的一个朋友介绍，虽然自己在成渝立交开的加工塑钢作坊远了一点，但如果做好了可以赚些钱。当黄长路来到该小区门口时，发现各个装修公司的摊点几乎摆满了半条马路，一路都是“水泥工”、“封阳台”等宣传大字。从这些当地摊点商家的眼神中，黄长路感到对方态度并不友善。“这是我们的地方，买断了的，你跑来干什么！”觉得不要紧的黄长路，快走到小区门口时，还是被几名男子拦了下来。黄长路据理力争：“我是业主请来安的，你们不能拦我。”而对方对此并不买账，双方吵了几分钟。这时从一旁走出一个中年男子，让黄到一边去有话好说。黄刚跟着这人走出几步，男子突然转身，猛地一拳砸在他的左眼上。黄说当时只觉天旋地转，倒在地上后他感到又跑来七八个人，围住他就是一顿拳脚。疑为误入他人“口子”遭打“我从来不是有心要抢他们的口子。”昨日下午4点，躺在416病床上打着吊针的黄长路叹气不已。他的左眼肿成一团，头部右侧长着一个血包，说话都有些困难。黄说此次装修是小区业主自己找上门，他才答应的。而且自认为相关部门已经严厉打击了“口子费”问题，应该没有问题。同为装修商、黄长路的亲戚任先生分析挨打原因说：“一切原因都是‘口子费’惹的祸。”任先生表示，房子装修原本是业主和装修公司或装修队之间的事，但外面的装修商很难进入该小区。他多方打听：疑为物管收取了当地装修商“口子费”。自然没有交钱的人，得不到进入小区的许可。对此，小区6栋的一名业主也在电话中证实，门口摆点的人相当霸道，甚至会代替保安询问别人是否有出入证，“门外的装修商贵那么多，我们业主也应该有权选择性价比高的装修商。”相关部门介入调查此事下午5时许，记者在青龙警署内见到一名黑黑瘦瘦的林姓小伙子。黄长路的亲友说，所有打人者都跑了，只在现场抓住了这个小伙，110后来将其扭送到了百米之遥的警署内。但对于此次打人事件，青龙警署的民警表示事件正在进行调查，打人原因不便透露。随后记者就口子费向该小区物管求证，对此小区保安队长以昨日是周末、领导不在为由拒绝了采访。据悉，成都市房管局物业管理处也多次接到关于类似情况投诉。有关负责人表示，将严厉打击买卖“口子”现象，发现一起查处一起，绝不姑息。,3,4,0.8904872536659241
幕后解读 红木家具论斤卖到底谁赚了红酸枝家具109元/斤、紫檀家具399元/斤、黄花梨家具499元/斤……千万别以为这是超市卖菜或是木材厂卖原木头，这是在近日的古典家具展上，一家名叫连天红的家具企业别出心裁地按斤卖成品红木家具的景象。红木家具按斤卖是否是自降身价？按斤卖到底比件卖实惠多少？这种颠覆传统的销售模式不仅在业内引起轩然大波，更吸引了许多钟情红木家具的普通消费者的眼球。 质疑 概念炒作引起消费关注 兵法有云：凡战者，以正合，以奇胜。在当下资源稀缺、竞争激烈的红木家具市场，只有出奇才能制胜。此番福建连天红家具的论斤卖战略，不仅一举打破了传统红木家具市场按件、按套计价的传统，更将红木家具消费由奢侈消费带入平民消费的价格模式。 旧时王谢堂前燕，飞入寻常百姓家。素来身份象征的红木家具现在论斤卖到底会贴近平民还是自降身价？消费者会不会质疑家具的质量和材质？连天红家具相关负责人余发珍告诉记者，长期以来，红木家具按件打折销售，价格昂贵之余利润空间巨大，让许多非专业消费者“丈二和尚摸不着头脑”。而现在倡导实行明码标价，以每种红木原材料的市场价值，加入手工等成本，根据科学合理的定价体系，按公斤定价，消费者用产品重量乘以单价就是售价，可以做到明明白白消费。 记者走访越和花鸟鱼虫世界和吉盛伟邦等广州几个主要红木家具市场，发现这里的红木家具品牌仍是按件计价。如越南酸枝百子图高低床标价8.6万元，小叶紫檀高低床标价48万元，可打8折。据紫檀居导购员陈小姐介绍，连天红按斤卖红木家具的销售模式有概念炒作的性质，消费者到底认不认同还要假以时日才能见分晓。 提醒 暴利行业消费者要货比三家 随着楼市的逐渐回暖，从今年年中开始，红木家具市场重新升温，原材料和成品家具的报价均上涨至2007年水平。据业内人士介绍，国内红木家具价格居高不下，终端利润空间巨大和价格炒作是主要原因。如印度小叶紫檀原材每吨24万元，正常情况1吨紫檀就可以做一只顶香柜，加人工费，成本大约在26万元，但一般该类商品零售价在50万元左右；红酸枝圈椅，正常情况成本在9000元左右，零售价为22000元左右。可见红木家具零售的利润空间的确可观。 那么连天红的按斤计价与按件零售到底有多大的价格差异？以广州人最心水的越南酸枝和印度小叶紫檀为例，记者在该品牌的网站查到，一款小叶紫檀山水高低床，重266kg，按399元/斤的价格计算，价格在22万元左右；而某品牌红木家具专卖店类似的款式价格在30万元左右。但贡品轩红木家具尹先生对此指出，就小叶紫檀家具而言，做红木家具的都熟知，十檀九空，木材耗量很大，因此不能简单地以产品重量来衡量成本；而酸枝方面，连天红的酸枝是老挝酸枝，一般红木品牌的酸枝是越南酸枝，在价格方面不太具有可比性。 不管行业的反响如何，但值得肯定的是，连天红以斤卖红木的模式还是拉近了红木家具与普通消费者的距离，也能拉低市场虚高的整体价格。省家具协会专家指出，消费者在购买红木家具这种奢侈性和具有投资价值的家具产品时，还是应该多方走访比较，选择适合自己消费目的和经济能力的品牌。,3,1,0.6797046661376953
平板电视能效标准似鸡肋 有15%产品不符合要求近日，从中国标准化研究院传出消息，《平板电视能效限定值及能效等级》已经接近完成。再经过几轮行业论证后，有望在半年内正式实施。消息一出，几乎所有的彩电厂家都显得非常平静。他们的说法是，自己公司的主力产品完全符合节能标准，此门槛对现有的产品结构几乎没有影响。中国标准化研究院称，新规定实施之后，预计市面上会有15%左右的产品将被拦在门槛之外。只有“15%的产品不符合要求”，这也意味着，费了很大力气出台的一个想要影响全行业的规定，结果只能影响到一小部分的产品。现在，家电领域大类行业基本都出台了能效标准，比如耗电大户空调、冰箱等领域。不过显然，彩电和空调能效标准的意义完全不一样。一个尚未出台的定速空调能效标，就能让85%的高能耗产品几乎在1年多的时间里消化完毕。这样的力度，才真正显现出了一个标准出台的必要性。反观彩电行业的这个能效标，平板电视本身的能耗就没那么大，即便有了这么一个规定，影响到的也只是全行业中15%左右的产品。虽然，这样一个标准与产业发展相比已显滞后。对于普通消费者而言，根本分不清能耗为120瓦和160瓦的平板电视有什么区别，而且他们也几乎不会去关心。原因很简单，平板电视与传统CRT电视相比，本身就属于节能产品，在平板电视已成普及化产品的今天，消费者们更关心的是电视的画面的清晰度，是否有附加功能，而对于是否是节能产品，恐怕不是选购时的必要条件。反观平板电视的其他指标，却是一个很混乱的局面。比如对尺寸的明确划分，比如对数字电视一体机的定义，比如对可视角度的规范……也就是在最近一段时间，很多厂家都在争论“标准屏”和“非标准屏”的定义，到底什么规格的尺寸才能更好地显示高清画面。平板电视能效标准的确需要去规范，但在目前的产业发展情况下，从电视的最基本用途出发，关注那些“更迫切需要标准”的领域，无疑是标准制定机构第一要务。,3,9,0.578818142414093
幼儿园装修家长担心污染幼儿园:确有员工因体质原因过敏，但与装修无关本报讯(记者/向绪安见习记者/吴少敏)开学时间已过，但在长安某幼儿园就读的600多名小朋友，还要再等3天才能入学，因为校园还在装修中。家长张女士最近收到幼儿园通知，称因校园装修未完成，开学时间要推迟到9月7日。张女士说，最近几年，一到假期，这个幼儿园总是在装修，也不知道什么原因。更让家长们担忧的是，他们听说几天前有教师进入校园准备开学，结果几名教师被新刷的油漆弄得眼睛不舒服，有教师还出现了皮肤过敏，到医院就诊。昨日，记者在该幼儿园看到，几名油漆工正在刷校园的外墙。有教师模样的女子进出校门时，都带着口罩。张女士说，幼儿园推迟开学，问题倒不大。但装修造成的污染把老师都弄病了，怎么保证孩子的安全?该幼儿园园长徐女士回应说，装修学校，是为了给孩子们提供好的环境，还要迎接“省一级学校”和“省绿色幼儿园”的复检。徐园长说，园方购买装修材料时，很注意环保问题，所买的油漆都是最好的。幼儿园还请了市卫生、疾控中心等部门到校园检查、指导环保工作，以保证不会出现装修污染。采访中，记者也看到衣服上有“卫生监督”字样的人员在现场检查。徐园长说，幼儿园确有一名工作人员出现过敏，但不是好几名教师。这名患病的工作人员，个人体质较差，极易过敏，与装修材料并无太大关系。徐园长希望家长放心，幼儿园绝对保证每个入读小朋友的身体健康和安全。,3,4,0.6625951528549194
"庆国庆迎花博 顺义大众健身赛开赛在喜迎建国六十华诞、花博会顺利举办的特殊日子里，10月6日17点，在顺义区府前西街10号 “庆国庆 迎花博 顺义大众健身赛”正式开赛。本次大赛是由J9俱乐部主办的动感单车赛。顺义区区长出席了开赛仪式并剪彩致辞。大赛共3天，分为晋级赛和决赛。凡单车爱好者均可参赛。本次动感单车大奖赛形式新颖，内容活泼，奖品丰厚，因此报名参加比赛的群众特别踊跃。比赛中，参赛选手上至古稀老人，下至中小学生，大家都热情高涨，活力四射。台上选手倾情投入，台下观众反应热烈，掌声不断，气氛热烈。比赛间穿插了各种表演更是精彩绝伦，关凌、尹相杰等明星前来助阵。动感单车(SPINNING)是一项结合了音乐、视觉效果等独特的充满活力的室内自行车有氧运动，这项起源于美国的运动沾染着浓浓的美国味道，活力四射、热情奔放。近年来成为世界各地最“潮”的时尚运动。作为本次活动的主办方，J9俱乐部为此次比赛设置了丰富的奖品。晋级赛每轮比赛冠军获得携式自行车一辆。决赛冠军获得J9俱乐部提供的1万元大奖,包括5000元现金大奖和5000元会员卡等值储值卡。亚军与季军奖品也非常可观。所有参与比赛的选手均可获赠精美运动水壶一个。主办方J9俱乐部表示，本次活动是集健身休闲、趣味比赛、歌舞娱乐、竞技切磋于一体的大型群众体育活动。他们希望通过动感单车比赛，积极带动市民的参与热情，让每一位市民都能逐渐养成强身健体的意识和习惯。北京J9俱乐部位于顺义，交通便利，内部装修豪华，拥有国际顶级设备。今年由韩国当红建筑设计师历时一年打造的J9俱乐部华丽亮相，J9俱乐部整体采用时下最为前瞻的设计元素与内部应用系统，着力打造北京市娱乐行业集J9量贩KTV、美高美国际俱乐部、商务精英会于一体的娱乐业的新航母，是请客招待、朋友聚会、自娱自乐、放松心情，营造快乐的理想场所。J9量贩KTV由J9俱乐部斥巨资打造。拥有专业音效调节设备，大型包厢配备有低音炮，欢唱起来轻松愉快，为您准备专业歌星的演唱条件。美高美国际俱乐部让你在时尚潮流的旋律中慢摇身体，在浪漫的玫红情调和CLUB的交流中忘我地宣泄和释放情感。J9商务精英会为你在喧嚣都市里构造一个宁静舒适的桃源,高雅大气，私密性好，是商务人群休闲度假、商务会客的首选。J9，志在引领文化娱乐新潮流！",3,6,0.7359972596168518
应对金融危机 消费券能否撬动大买卖“现在是非常时期，要用非常手段。”诺贝尔经济学奖得主克鲁格曼曾经这样说。曾几何时，消费券已成为如今这个非常时期不少企业和机构常用的“非常拉动消费手段”———旅游消费券、购物消费券、购房消费券……铺天盖地而来。广东家居业也顺势而行，金海马、靓家居、苏宁从4月17日开始接受电话预约，联手派发消费券。据统计，截至本周三上午，共有3252张申请被确认，接听电话超过四万个，远超预期。记得在上月举行的家具展上，红苹果、多喜爱等家具厂商也搞了个“亿元家具消费券”活动，80元换购面值100元的消费券；而在差不多时间，红星美凯龙在全国近30个城市发放过亿元的“家居消费券”……一时间，“消费券”也在家居业流行起来，至于成效如何？且看商家、买家怎么说———商家如是说———“那是另一种宣传促销方式”金海马市场总监陆其风说，为了避免炒票，他们三家发放的消费券将采取实名制领取。金海马和苏宁的优惠期将至5月7日截止，靓家居因为企业周年志庆延至6月23日截止。有业界人士表示，此前，其他行业也有企业搞过类似促销方式，从以往战绩看，往往宣传效果大于实际功效；但企业促销净打折也不好，换种新形式也可以，对于消费者来说，只要有实实在在的优惠，什么形式都行。消费者如是说———“有需要、又优惠就买”对于家居企业推出的消费券，不少市民已通过报纸等渠道得知此事。从事汽车行业的徐先生说，这种消费券其实与超市的促销优惠券性质一样，如果自己刚好在下半年有购买家具、家电的需要，若价格超值也可以考虑提前购买。而杜先生则认为，新光百货也推出类似的现金型消费券，买满多少再减多少，而现在这种消费券则有好多限制。买家李小姐却认为：“可以省钱就不错啦，先预定了再说。”,3,4,0.6030293703079224
"建筑畅想生活 五地设计师齐聚建筑文化沙龙近日由广州仰光文化传播有限公司主办的“京沪穗建筑文化沙龙”在佛山举行。当晚星光熠熠，五地优秀青年建筑师首聚一堂。出席本次的嘉宾有中科院建筑设计研究院有限公司总建筑师崔彤、中建国际设计顾问有限公司总经理赵小钧、清华大学建筑设计研究院副总建筑师祁斌、华南理工大学建筑设计研究院副院长孙一民、华南理工大学建筑设计研究院副总建筑师倪阳、中国建筑学会学术部副主任王京、北京市建筑设计研究院高级建筑师柯蕾、湖南大学建筑学院院长魏春雨等建筑大师,还有广州仰光总监马彬先生、AD照明总经理关旭东先生共同出席。本次沙龙由清华大学祁斌主持，主题为京沪穗建筑文化的特色及差异。大家先从每个城市的本土文化说起，纷纷表达了自己的感受和见解。就各地城市建筑雷同的情况下，切入到文化和建筑的关系、各地建筑的差异与趋同，而就城市规划、政策制度、城市发展状态等提出了自己的观点。最后谈到建筑师的工作和生活，还关注了女性建筑师的特质和感想。一番畅谈，道尽了作为建筑师的酸甜苦辣。尽管这个工作有多累，但大家还是坚持着，而支撑大家继续前行的乐趣，就在于苦乐之外工作成就的回馈和满足感。",3,4,0.9871793389320374
开发商底楼装修挖坑拆墙 居民担心楼倒倒底楼房屋格局突变，加上前期上海“楼倒倒”阴影不散——成都苏坡乡培风小区15栋1单元的居民们，连日来一直睡不好觉。在这个单元的底楼，施工方不但打掉了两堵隔墙，还在客厅挖了个1米深的坑。业主们担心，过大的改动会给楼房带来安全隐患。对此，施工方称改造绝对符合安全。目前，培风社区已让施工方停止施工。现场目击隔墙被敲客厅挖出1米深坑两周前，培风小区15栋1单元的底楼住房内，从早到晚都会传出敲击声。2楼住户罗秀华当时以为来了新邻居，正在装修新家，并未在意。可前日买菜回家途中，她无意走进该住房，才发现格局完全变了样。罗秀华看到临街铺面相连的墙壁不见踪影，站在该住房内可以直接看到街道。客厅与卧室的隔墙也被人打掉。用于破坏墙体的钻头丢在另一间客房内，整个房间里堆满了破碎的砖石。不仅敲掉了隔墙，客厅地板上更是被人挖出一个宽20多平方米、深1米的大坑。猫着腰钻进连着钢筋的大坑，可以看到坑内堆满了泥石碎土，最里面还充满积水，不时散发出一阵恶臭。罗秀华推测，一楼住户可能准备开店铺，“改装这么大的动作，也不替邻居安全考虑一下。”居民担心动作太大住房恐成“楼倒倒”在培风小区住了近3年的黄淑华说，该小区修建于2004年初，并于2006年3月交房。之前她从来都没看到底楼有人居住过。今年初，有位老师利用空房，开过一个幼儿英语培训班，但没开两天就搬离了。在黄淑华的记忆中，两周前该住房开始有人进行装修，但装修时都是小工在场。发现动作太大，居民们拦着小工询问负责人是谁，对方一问三不知。居民都不知道此房装修后，准备用来干什么。由于害怕住房经不起折腾，变成“楼倒倒”。前日下午，黄淑华和一单元其他几户居民一起拦下了准备施工的工作人员，并将情况反映到社区。社区未获许可前不允许再次施工面对不安的居民，昨日上午，培风社区主任刘建说，商铺由开发商转交到社区以后，都会备注在案。在收取物管费的同时，对其进行规范管理。如果有装修，也必须经过社区许可。但正在改造的商铺所有权仍属开发商成都兴光华城市建设有限公司所有。“居民反映问题以后，我们立即让施工方停止施工。”刘建说：“虽然施工方一再保证，施工是安全的。但作为社区，我们的态度是没有见到相关部门许可、解释不合理等问题不处理，就不能施工。绝对给居民一个满意的答复。”开发商：框架结构施工不会影响安全“我们是房屋的建筑方，知道房屋的结构，这样改造没有问题的。”成都市兴光华城市建设有限公司副总经理谭小平解释，被改造的房屋是还没有售出的相连住房和商铺，而他们作为开发商，正是此次改造的施工方。谭小平说，按规划底楼的房屋原就是框架结构的店铺。打掉的隔墙是去年才加上去的，地板上打洞不是为了修建地窖，而是准备降低以前修建的防潮隔垫，让住房和商铺能在一个水平面上。因此，这样改造绝对符合安全。对于当地居民的担忧，谭小平说，公司已向成都市建筑设计研究院打了报告，等他们出具了情况说明以后，再进行下一步施工。,3,4,0.9922744631767273
开发商贴错户型图 少十平米仅赔两万元四川新闻网成都7月28日讯(武侯法 记者 曾燕伶 实习生 罗紫兰)消费者李女士于2007年购买了成都某商品房，今年初收房时却见房屋面积比当初约定的少了十平米之多。对此，开发商的解释是在购房合同附件中贴错了户型图，而法院则仅判决开发商赔偿两万元。收房时露台消失李女士在诉状中称，她于2007年6月签订购房合同，约定购买成都市武侯区某住宅小区1单元5楼3号住宅，该房面积为80.80平方米，售价339138元。“这套房屋的客厅有一个面积十平米的露台，主卧室有一个飘窗”，李女士指着购房合同附件中所贴的房屋平面图说。今年2月14日，房屋建成交房。李女士在收房时发现房屋的实际构造和面积与合同约定的差异巨大。“客厅的露台和主卧室的飘窗都不见了”，李女士认为，房屋户型和面积的改变严重影响了其使用和居住质量，要求开发商采取补救措施使房屋达到平面图所示效果并赔偿损失六万元。法院判赔两万“李女士购买房屋的奇数层和偶数层构造不同，我们在签订合同时错贴了偶数层房屋的平面图”，房屋开发商承认自己的工作人员存在疏忽，并表示由于偶数层房屋已售罄，无法为李女士调换房屋。“如果这件事给李女士造成了损失，请她拿出损失依据来，我们一定赔”，开发商表示。武侯区法院在审理中查明，李女士所购房屋面积“缩水”的原因确为开发商贴错房屋平面图所致。但由于李女士未提交有关经济损失数额的有效证据，法院酌情认定开发商赔偿两万元为宜。至于李女士提出的改建房屋增加露台及飘窗等要求则因违反我国建筑法等法律法规的规定而未获法院支持。,3,4,0.9989988207817078
引经据典 各界精英共话回潮之风杨熙：今天嘉宾在这里我觉得谈的很有意思的，最开始谈到回潮，讲到怀旧，最后又讲到城市规划等等。我想在最后的时间我想让每位嘉宾用一句话或者说最简单的语言来总结一下，咱们还是紧扣在城市里面的回潮的主题，每个人介绍一下我们对回潮的简练的理解。或者说如果说你希望我们到底需要的是怎么样的一个回潮，或者说叫复兴吧。宫铁军：我真心希望中国的建筑在未来能够找到自己的复兴之路。现在到日本去无论这个建筑什么样的形态，你总能在最后找到日本的感觉。其实是它是靠尺度，靠规划，靠它的一些骨子里的那些东西体现出来的。所以说中国一定能找得到，那么就靠中国这代设计师，相信在未来的十年中国的建筑一定会复兴。陈炜：作为我们家居行业的，我们希望回潮能够真正根据中国传统文化历史以及现代技术的结合能够做到这种新的创新。这是我理解的回潮。孙群：我想感谢的是储社长，我在听你说的时候特别受感动，你说到舞台的东西，实际上这都应该是政府做的事，因为它们不在引导这些，所以导致了你的这些严肃艺术不可能有市场，所以我想如果说我们不要，我们今天在讨论回潮，我们希望在整个这个回潮过程当中，从政府这个角色的回潮不要是被动地发生的，希望它们更多的主动地发生去做一些事情。赵路兴：好几个逗号的一句话，还是讲住宅，大家最近三四年关心的最多的都是住房的价格，房价，去年又有一个比较大的跌，实际这是一个插曲，中国的房地产高速发展是没有问题的，经济持续的发展，中国最大的问题我也赞成大家说的能不能提出一些好的购房产品，特别是节能，环保型的住房产品。所以刚才宫总说我也很感动，我觉得企业家现在想的这个事应该说是非常占主要的事情，中国的第一个十年发展的就是解决有和无的问题，第二个就是节能环保的问题，有这个企业自上而下的发展，从上头强行地推你这个东西，我觉得这个想法很天真，所以弄的自己也很烦恼，因为我们中国东西是自上而下的东西，包括我们节能，税收这些支持，虽然有技术的支持，所以未来的十年应该是非常看好。许力：我觉得我还是激动，最后一句话是这样的，我刚才听完大家说我的感触也算是今天的收尾是多元化这个词不是抄袭和没文化的借口，多元化不能作为抄袭和没文化的借口，技术解决不了任何文化问题，文化只属于精英阶层就那么简单。储兰兰：干净利落。我不敢批判，我只敢表达。我觉得回潮不是回归，因为社会是要变化，是要发展的，是要改革，要紧跟时代，所以我也希望就刚才您(孙群)比较同情，希望社会也好，政府也好，媒体也好能为咱们中国特有的传统文化搭建一个舞台。王?：我接着宫总来说，宫总说我们这代是奉献的一代，我心里一振。我是觉得我们的确是在一个转折期的一代人，但是我觉得这个机遇也是非常好的一个机遇，所以今天大家凑在一起讨论，我觉得我们这代人就像，就美国战后那一代，民权运动哪些人，没有他们的牺牲就没有美国文化的繁荣，我想等我们五十年以后或者三四十年以后我们回首的时候，我们可能觉得我们这代人做的事情其实很有意义的，也许是几个世纪都很难遭遇的时代，我们虽然奉献但是还是幸运。刘达飞：建筑回潮，以人为本。段妍玲：我想今天有很多房地产的精英，所以我想表达一下我自己的，我其实从来不批判，我是非常爱提问的。我觉得房地产商十年的工作肯定要让大家认可的。第二个关于回潮我自己的理解，我觉得又回到刚才宫先生说的很积极而且很乐观，我也希望看到十年之后我们中国有非常好的建筑的项目，建筑师，大人物的出现，我想那个时候至少中国的回潮先把非常显性的中国元素的重新体现能够真的是消化，能够在隐性和气质上的真正的沉淀和理解之后出来的东西，真正的有我们的气质，而不是像今天继续讲风格。杨熙：谢谢大家参与今天的论坛。我想在今天最后的话还是要感谢咱们九朝会给咱们提供这个场地，也感谢各位专家的参与，尤其是代表各个层面的，我想今天有咱们的赵处长，也有宫总，也有批判学者，也有文化人对咱们这个话题进行深入讨论。再次感谢大家的参与。谢谢。 杨熙：今天嘉宾在这里我觉得谈的很有意思的，最开始谈到回潮，讲到怀旧，最后又讲到城市规划等等。我想在最后的时间我想让每位嘉宾用一句话或者说最简单的语言来总结一下，咱们还是紧扣在城市里面的回潮的主题，每个人介绍一下我们对回潮的简练的理解。或者说如果说你希望我们到底需要的是怎么样的一个回潮，或者说叫复兴吧。宫铁军：我真心希望中国的建筑在未来能够找到自己的复兴之路。现在到日本去无论这个建筑什么样的形态，你总能在最后找到日本的感觉。其实是它是靠尺度，靠规划，靠它的一些骨子里的那些东西体现出来的。所以说中国一定能找得到，那么就靠中国这代设计师，相信在未来的十年中国的建筑一定会复兴。陈炜：作为我们家居行业的，我们希望回潮能够真正根据中国传统文化历史以及现代技术的结合能够做到这种新的创新。这是我理解的回潮。孙群：我想感谢的是储社长，我在听你说的时候特别受感动，你说到舞台的东西，实际上这都应该是政府做的事，因为它们不在引导这些，所以导致了你的这些严肃艺术不可能有市场，所以我想如果说我们不要，我们今天在讨论回潮，我们希望在整个这个回潮过程当中，从政府这个角色的回潮不要是被动地发生的，希望它们更多的主动地发生去做一些事情。赵路兴：好几个逗号的一句话，还是讲住宅，大家最近三四年关心的最多的都是住房的价格， 房价，去年又有一个比较大的跌，实际这是一个插曲，中国的房地产高速发展是没有问题的，经济持续的发展，中国最大的问题我也赞成大家说的能不能提出一些好的购房产品，特别是节能，环保型的住房产品。所以刚才宫总说我也很感动，我觉得企业家现在想的这个事应该说是非常占主要的事情，中国的第一个十年发展的就是解决有和无的问题，第二个就是节能环保的问题，有这个企业自上而下的发展，从上头强行地推你这个东西，我觉得这个想法很天真，所以弄的自己也很烦恼，因为我们中国东西是自上而下的东西，包括我们节能，税收这些支持，虽然有技术的支持，所以未来的十年应该是非常看好。许力：我觉得我还是激动，最后一句话是这样的，我刚才听完大家说我的感触也算是今天的收尾是多元化这个词不是抄袭和没文化的借口，多元化不能作为抄袭和没文化的借口，技术解决不了任何文化问题，文化只属于精英阶层就那么简单。储兰兰：干净利落。我不敢批判，我只敢表达。我觉得回潮不是回归，因为社会是要变化，是要发展的，是要改革，要紧跟时代，所以我也希望就刚才您(孙群)比较同情，希望社会也好，政府也好，媒体也好能为咱们中国特有的传统文化搭建一个舞台。王?：我接着宫总来说，宫总说我们这代是奉献的一代，我心里一振。我是觉得我们的确是在一个转折期的一代人，但是我觉得这个机遇也是非常好的一个机遇，所以今天大家凑在一起讨论，我觉得我们这代人就像，就美国战后那一代，民权运动哪些人，没有他们的牺牲就没有美国文化的繁荣，我想等我们五十年以后或者三四十年以后我们回首的时候，我们可能觉得我们这代人做的事情其实很有意义的，也许是几个世纪都很难遭遇的时代，我们虽然奉献但是还是幸运。刘达飞：建筑回潮，以人为本。段妍玲：我想今天有很多房地产的精英，所以我想表达一下我自己的，我其实从来不批判，我是非常爱提问的。我觉得房地产商十年的工作肯定要让大家认可的。第二个关于回潮我自己的理解，我觉得又回到刚才宫先生说的很积极而且很乐观，我也希望看到十年之后我们中国有非常好的建筑的项目，建筑师，大人物的出现，我想那个时候至少中国的回潮先把非常显性的中国元素的重新体现能够真的是消化，能够在隐性和气质上的真正的沉淀和理解之后出来的东西，真正的有我们的气质，而不是像今天继续讲风格。杨熙：谢谢大家参与今天的论坛。我想在今天最后的话还是要感谢咱们九朝会给咱们提供这个场地，也感谢各位专家的参与，尤其是代表各个层面的，我想今天有咱们的赵处长，也有宫总，也有批判学者，也有文化人对咱们这个话题进行深入讨论。再次感谢大家的参与。谢谢。,3,4,0.9971400499343872
张克斌：广营地区政府愿为所有的企业家们服务主持人：谢谢张区长，朝阳区一定是非常的有吸引力的，在上个月北京电视台正式搬迁到朝阳区了，接下来让我们有请朝阳区来广营地区工委张克斌致辞！张克斌：各位领导、各位嘉宾，各位朋友大家上午好，今天我们在这里举行红星美凯龙家居广场的开业庆典，是我们来广营地区经济发展的大事，在此我代表来广营党委政府对红星美凯龙家居广场的开业表示热烈的祝贺。向参加今天开业庆典的各位来宾、各位朋友表示诚挚的感谢！近年来来广营乡一直致力于优化产业结构，发展环境，服务企业发展，努力为辖区企业营造良好的发展空间和和谐的氛围，红星美凯龙经过22年的发展，已经成为以家居贸易为代表的现代连锁服务业，成为中国家具流通业的第一品牌，产品涵盖家居、建材、装饰等领域，红星美凯龙北五环店的开业，必将改进京城家具业的布局，同时金融危机蔓延的情况下，促进我地区全面保增长，保稳定的目标，并对该地区的经济有一定的刺激作用，我们相信红星美凯龙家居广场的开业，一定会给广大的顾客带来优质的商品，优良的服务，为当地的经济注入新的活力，为来广营地区的发展作出新的贡献，作为党委政府，我们愿意为包括红星美凯龙在内的所有的企业家们服务，为广大的纳税人服务，为企业的发展创造一个良好的经营环境和社会氛围，衷心的祝愿红星美凯龙开业大吉，生意兴隆，也祝广大的劳动者节日快乐。,3,4,0.7948766946792603
张宝贵：结缘混凝土融入建筑设计主持人：谢谢Maria Belen Mendizabal女士，他从不同的国家和不同的文化给我们诠释了一个和谐的城市所必要的一些基本的理念。今天我们将邀请最后一位为我们做演讲的嘉宾，他是北京宝贵石艺科技有限公司总经理张宝贵先生，今天演讲的题目是结缘混凝土融入建筑中，大家欢迎一下。张宝贵：在非常尴尬的时间，我一定在规定的时间内尽量把语速加快。非常感谢组委会也感谢各位到会的嘉宾，非常抱歉的还要占用你们一点时间。我是从一个边缘话题，实际上是皮毛的事情说起。因为我们试图为建筑穿衣服，当然能不能穿好我抛出一些案例跟建筑师的思考，包括我们的一些体会，不一定说的得当，真的是抛砖引玉。刚才齐总讲话非常美，真的犹如诗篇一样，这不仅仅是建筑的概念，这是一种智慧，一种思维。我不是学建筑的，我是给建筑师提供材料的。我想如果最终我们的创造像诗一样的美，其实刚才上述很多领导和专家发言很精彩，就真的像戏班人讲的好梦成真。我们所说的有在苍天的眼中都是无，我借助这样的画面，不管是建筑师的建筑设计，我们作为材料供应商的材料供应，我们如何去理解创造之美。这是霍金混合中的宇宙，我们可以微观的看，也可以宏观的看。实际上这可以是具体的画，也可以是抽象的画，可以用自然的眼光看我们漠视的景观，包括这样雕塑经常有人讲它的美学，讲历史学，其实我也在猜测，因为大家不生活在三万年前，都是猜，我也猜一次，还是因为生存的原因。在当下什么是重要的要生存的呢，其实我们做这件事22年做壮制混凝土就是两个字，就是活命。这里面要阐述桩制混凝土，我1987年回到北京带着一帮老百姓为了生存搞起了装饰混凝土，既然为了生存就不得不研究建筑的需要，建筑师的需要，前不久崔恺知道我出这本新画册，今天他没有到会，他写了一段短话，其实最后他所说宝贵的再造艺术特色正缝之时，这可能和我们的大背景有关系。这讲的是将近二十年前已经做古的一些建筑师，因为一开始没有想到我们能为建筑服务。后来二十年前的全国第一次装饰混凝土研讨会，我就大着胆子上台讲装饰性混凝土，当然今天也是撞着胆子，我们是边缘人物，也希望抛砖引玉，也希望能找到一些活干，这是我跟清华老师在印度。我旁边是齐欣齐总，这是在十几年前四十位所谓青年建筑师，在今天已经都不年轻了，什么意思呢？下面我会讲最早房房展和如果不像势头就不用。第二不能光看钱要走对路，黄贵一开始说他们像裁缝，我们提供的东西像布料，布料好他们就用。其实还有很多这样的边缘故事来自方方面面，回归方方面面。我的体会是什么呢？文化是穿越时间，文化是一个边缘学科的技术集成，文化是活的，文化是长起来的，今天更多的是讲建筑文化，建材文化，舞蹈、音乐都是文化，这是文化的表象，虽然很重要。文化的核心是人的精神状态，有什么样的精神状态它就会有什么样的创造能力，他就会产生什么样的活动和什么样的作品。所以千头万绪一切是因为人而发生的，一切是为人所服务，所想象的，所以刚开始宋部长就讲到这个话题，齐欣、崔彤都讲了这个话题，这是我们20年做的历史博物馆，今天能成功就两个字便宜，除了便宜没有地个诀窍，所谓技术和其他东西都有，我们用今天技术挣未来的钱就必败无疑，我们讲市场经济，市场经济是什么，市场经济就是适合的报价，不然的话没有人买单。就像我们到餐馆吃饭一样。这是在1989年动乱时期，让我们做的历史博物馆，混凝土可以做初始投质感，混凝土一开始就能满足建筑的需要。比如说这样的东西，其实是不是镀铜，是不是贴金，这有多贵都不重要，这为建筑提供了一种可能新，因为混凝土不姓张，混凝土姓建材，只是我们找到了建材和建筑的切合点，我们就找到了生存之路，我们可以叫做艺术，我们可以叫做文化，我们可以叫做创新，我们可以叫做环保。关键就是我们能找到这条路吗？这是首都机场浑天仪，没有以为他是混凝土做的，都以为是铜的，22年来我们建了田园，有人说这跟你有什么关系，因为我们今天讲的是什么呢？种子项目，如果种子项目没有好的环境，种子怎么开花结果。这里面我们想给大家提供混凝和和G2C结合起来，变轻变薄了。安德鲁在04年2月20日到昌平找到我们说能不能做这个，我们其实也不能做，没有做过，但是我们告诉人家能做，我们就把自己给绑架了。用了600天搞研发，其实刚才很多建筑师讲，刚才宋部长也在讲，讲特质，讲一种创新。我们有时候能不能把自己绑架，这是成功很重要因素。这是安德鲁在我们公司，安德鲁跟我们的员工，这是做完吊顶，这只有24小米，一共是100多吨，164块，实际上我们做完这个项目赔了100多万，刚才赵总讲做水立方体会，其实很多报纸讲我们是失败的商人，成功的艺术家，其实是失败和成功都不重要，关键是这项技术是不是前进了，这个技术作为G2C技术以什么样的品质出现的。所以今天上午一些电视台还采访我，说人家做买卖都挣钱，你做买卖赔钱，20多年花了这么多钱搞研发你是怎么想的，你的经营目标是什么。我们可以上小学，我们可以读研究生，上小学和读研究生所投入的费用是不一样的，只要你心中真有目标，你为你的目标去破费别人怎么说都不重要，关键是能不能把自己的目标实现，这是安德鲁写的文章，我们下面要给大家汇报的是我们在展会有十四个展位。感谢组委会给我们提供这么好机会，上午领导也去了。我实际上讲了几个观点，我们能不能为建筑服务的时候借景，借场，借气，这是相得益彰，建筑推广新材料的时候也借一点气，因为材料上有气，材料是活的，这里本没有高低上下之分，就像一个音符，好的作曲家会创造出畅快淋漓传世的作品，衣服本身没有意义，关键在于作曲者，材料本身都是死的，关键在于建筑师能不能让它活了。刚才我讲齐欣很多想法非常好，材料在那儿，便宜的，环保的，美观的，好制作的，好安装的，前天我见到周凯，他说张总我们现在做高层的时候遇到一个问题，我们把石材、玻璃幕墙做遍了，如果这个材料很轻，很薄，很结实还便宜不可想象未来将是什么，未来是什么？因为未来都是一个问号，关键就是建筑跟建材能不能真的成为同盟军。我说的是下面有很多案例，装饰混凝土一定是实践产物，市场混换的产物，当然市场里面排头兵是建筑师，规划家，这是很早以前，五年前清华让我们做这样的样板，他们校长到我们公司去，说要为国争光，因为国外有了中国没有，一个混凝土挂板，跟爱国产生联系。让我们心里发热，谁还跟爱国产生联系，混凝土居然跟爱国两个字产生联系了，我们真的以为自己爱国了，所以坚持了五年，这是很多专家，徐会长、曹院长帮助解疑，这一定是社会协作的产物。单独的建筑设计和建材研究一定很难快速发展，这必须结婚才能生小孩。如果同性繁殖即便有梦也不会梦想成真。当初请了60多位专家，有不同意见，但是奠定了这个基础。我讲这个是发现一种简易方法，现在叫做风格，后来我发现所有的风格都是因为历史的局限，不信大家就排着队去数，技术的局限，经济的局限，观念的局限，社会的局限逼出一种方法这叫风格，以后我们把风格当做标准，社会不必破你了，风格就一定会发生转移。我们提出的在当下因为节能减排，因为环保能不能把挂版做薄，因为现在不打仗了，不要穿铠甲了，能不能把十公分厚板变成一、两公分，当代科技答复是可能的，因为现在边缘技术发展异常，G2C的技术，只要我们能把所有的边缘技术呼唤到一起，像刚才崔彤讲的技术集成，我们很多问题很好解决。我这里讲技术方法，没有现在环保话题发热，用假石头做环保，然后给企业免税，这就更好接单了。因为我们的记忆是把楼板立起来挂在墙上，我们记忆就是钢筋混凝土，很多建筑师问你这里有钢筋吗，其实现在的G2C不做钢筋，因为不走火车和人，就把板做起来像幕墙，他只管自己风来了可以动，地震来了有刚架动，因为不过是装饰而已，真的像女人的丝绸而已。其实我们何必把桥梁力增加到墙上呢，我想建筑一定不是建筑单纯话题，建筑一定是跨学科话题。这几次看到崔恺，见到王晖都为我出这本小画册，20年朋友能不能写几句话，我自己说显得太武断，你们说权威，目的是干什么呢？想推出新的材料跟建筑产生同盟作用。上面混凝土板、沙石、辅料，加钢筋叫钢筋混凝土非常结实但是非常重，下面是纤维混凝土，这个很便宜，很薄，我上午向宋部长做汇报，组委会今年亮点是什么，我说是做薄。我跟有的领导讲这次推出要薄，因为边缘技术有人做纤维，有人提供G2C水泥，这种技术可以做薄我能把薄板提供给建筑师，我觉得像齐欣讲的很多东西非常好实现。赵总讲的海边海港东西，现在很多制膜技术、工装条件，现在很多特殊软件能够实现很多东西，背后是用钢架。大家能看到钢架看不能板，板这时候是一张皮。我自认为建筑需要的东西你们要吗，你们能要的东西甲方觉得没有用是另外一回事，你让我们研发我们立马研发，花多少钱总比做广告要核算，切中建筑师脉搏我们要走很多弯路，这是最开始做的板拉到火车站。到今天来讲也不是说没有瑕疵，新产品一定有瑕疵，但是大家提供一个环境，其实实现了他们设计的愿望。这是孟良崮博物馆，上面还有子弹壳。这是李农写的一段话，他几年前寻找一种面料，他说什么呢？安装的过程使我们几方认识到U型板材对精度要求，反复试挂之后，如我想象之中简洁而又精神小建筑落成了，4.2米落地长状和钢挂板，低价位，今年很多领导问为什么这么低，不是我想低，高了没有人买，我先低把研发费赚出来，不赔就是赚，少赔还是赚，因为这样我们出钱了。我提供的经验是什么呢？希望我们同行，因为跟建筑界熟，其实建筑师勇敢一点，渴望一点，跟宋部长报告讲的一样，很多东西我们伺候建筑师，建筑师勇敢用一些新东西担一些风险，明天很多设计都能变成现实，这关键是谁来先担风险，担了风险败了烈士，成了就是勇士。谁担风险谁成谁就出名了，就这么简单。任何理论不如付诸实践，传统的混凝土用钢筋增强，我们后来发现用纤维增强能满足建筑需要，这是庄惟敏柔道馆，他写了很长一段话，都是在2号到4号之间提供的，十几位建筑师那么忙也没有这么抓拍的，马上要印，没有想告诉我人造的东西是什么样一个东西，该怎么人造，他最后一句话在不久的将来它会给我们的设计带来更多的惊喜，他讲的是人造的板，是讲宏观的产业。我们也有义务为人造石材的发展做一点我们应该做的事情，其实我很感动，建筑师应该做什么我想肯定庄惟敏有很多感慨，这是我们公司样板没有办法拉，只有五公分厚，背后是钢架，这可以镀铜，我们这次拿了很多样板，我们对同行也是抛砖引玉，同行很多经验也在被我们学习。这个是树皮，0.3毫米，这是最近澳大利亚可以参照的制作安装的规范，这是我们引用的一些标准和规范。大家经常问的标准，新产品有时候不能有标准，四年了还没有批呢，我们只能引用一些国内或者国际的或者欧洲的标准。这是行业内部的标准，我们企业的标准，所谓的专利，创新大奖。这是张华的一篇文章，据说这是十几亿在国际上最久远的一个古化石的地方，因为老百姓房子是这样，他就做这样挂板。实际上王辉写了这样一段话，他说宝贵石艺所开拓预制混凝土挂版技术具有不可抄袭和难以超越的核心秘密，张宝贵先生注入到这门工艺中的热情和远见。关键这两年能不能别逃跑，以后会大把钞票来。我们今天看似技术的话题都是一个概念的原因，都是一个心态的原因，谈心态易，改心态难。他对个人，个人对艺术的执着，对设计的热诚，以及在推广这门技术过程感动了所有人的个人魅力，将混凝土点石成金的根本原因。那天说写什么呢？我说写什么都行，因为你们做了。这是一个破论的山体，用生态修复的方法，也是这个挂板。这是宋部长讲的长春市长拿不准用不用，宋部长说这个东西轻，还是用吧，按完以后据说长春市长给领导打报告说比想象的好，因为当时没有用过，怕出事，新东西不用是对的，人家怕你出事，用了如果不出事就真的对了，关键是没出事。现在作为我们材料供应商能不能想尽办法让它别出事，哪怕赔钱。我们公司走到今天其实经济发展很慢，老赔钱，本事小老犯错，犯错想在里面纠正，自己悄悄把毛病解决在企业内部，所以人都说你不会管，你是笨蛋，你不会挣钱，我说如果活不出事，我可有资格在这说话，我在上面吹牛底下活出事了，下次估计不让我说了，估计没有人听这个事了。大型挂板在张宝贵可以成为建筑艺术品，因为我叫张宝贵，实在宝贵，其实建筑师给我们加了一个担子，这样干活更得好好干，更不能出问题。我们鼓励建筑师，建筑师鼓励我们，我们造成相互鼓励，其实就是相互背上了一个责任的意识。如果我们相互排斥，我们中间就可以都不去研究和负责，这样的板远看是土，近看是土，原来是混凝土，这是前人的语言，我们只是抄来了。因为我在山西插队20年，我打过夯。最早宋部长讲文化是什么，我觉得在山西像醋缸泡我20年不酸都不行。这是前不久郭坤设计的水泥的镀铜，这是样品。前不久崔恺和张南设计的赵王城，下面是石头，上面想用水泥做，这实际上是赵国时期的文样。这是辛亥革命博物馆，我说能不能把模具支在外墙，因为后面辛亥革命100周年，如果能做出整个效果多好啊，当然大家思想没有统一，觉得做出来不是那个东西呢？可是横着树着开缝肯定不是整石头。这是重庆自然博物馆，他要做成树包石，石包树，后来我们发现建筑真的越来越活跃，我们作为一种供应商能不能简单的供应变成一种研发制造商，我们就可能找到更多的发言权。韩觉北说的给大家念一下，他在这里面有几点，这是其中一点，装饰挂板表面造型独特，能满足不同建筑风格，装饰挂板表面造型各异，安装时比较正确选用定位、装饰挂板安装时必须选用机械方法调整，单块挂件必须自成体系，这是他做大唐当中的体会，很多安装公司安装的时候遇到很多麻烦，他在这里面做了一些调整，这是他的一些安装图，节点图，这是安完的效果。从某种角度来看社会的丰富很大程度是有色彩所决定，时至今日建筑领域里的建筑材料千篇一律，单调乏味面貌依然如故，钢筋混凝土简单使用带来同质化问题，促使现代建筑的生长犹如麦田，张宝贵是这片麦田里面的诗人，记得一个秋季配北京朋友在京郊小厂第一次见到他，宝贵是农民敦厚纯朴，对待我们向一个归家兄弟，第一次看他的产品令我惊异的不是混凝土制品，而是博物馆，全部由混凝土制作，我走过全世界很多博物馆，但还不曾见过这样一个由农民艺术家，农民企业家独资创作，由混凝土材料完成所有作品的个人博物馆。当然这个个人夸张了，我有200多人帮助我做。张宝贵像一个混凝土诗人，那段时间我正在为选择西安大唐及丝绸之路博物馆面料范畴，宝贵作品给了我很多启示，我边画草图与他讨论新博物馆材料想法，宝贵收起我的草图说刘教授我试试看，两周以后发几张图片，我高兴的看到想法变成现实，经过几次调整一种从来没有过材料出现了当混凝土挂板在长安成功时，我好象看到丝绸之路驼队出现了。我那天发短信，看来建筑师不但会做图，还会写文章，其实这些东西是共同在摸索一种东西，我最后的结束有两段，如果把艺术比喻为树，夸张树冠，忽略树根会倒，22年来亲历亲为这是生活，这是经历，这是示范，这是学习，不习惯定位所犯的都是小树，树向上长，根向下扎，一天一天长大，中国日报记者很多年前给协调过一篇文章，拒绝收获并非刻意，只是不愿意收获时把什么都扔了。多少年来每当宝贵有所进步，有所发展，就能及时得到专家领导和方方面面的鼓励和帮助，特别是近几年来我们用循环经济的方法做装饰混凝土轻型挂板，由于缺少经验和条件总要预见重重困难，每当发生细微变化，大家用发展的眼光看本质，把我们夸的心里发热，每过一段时间就有新的设计和产品拿到展览会上来，向大家展示，向大家汇报，从而得到新的鼓励，新的市场。我们喜欢想入非非，别出心裁，不管如何天花乱坠，终能脚踏实地一是一，二是二，心在天而脚在地，我们喜欢创新，喜欢研究，经常碰钉子，经常被诱惑，被批评，被建设，终能按自己最初想法走下来逐渐成了风格，认准了事情不动摇，有想法容易，坚持下来难，始于创新，成于坚持。这是我们下一步的工业化，前不久见周凯，我们在学习别人的经验，跟周凯有过交谈之后，他认为应该向高层发展，一百米，二百米，他马上要设计做市场工作，不但有意义而且可行，如果规划设计研发应用施工可以协调起来，也许在不久的将来装饰混凝土轻型挂板可以在当代建筑外墙发挥重要的作用。装饰混凝土自有其传统，关键在前人基础上如何创新，如何发挥新材料，新工艺的特点，使之在文化创意和循环经济相荣的领域中有所发现，有所发展。我们有八个关键词，建筑、雕塑、商业、环保、农民、工艺、材料、创新，别人是一个点创业，我们是八个点非专业，边缘化，我22年前圈了一块地，后来才发现这叫万亩良田，22年我们在圈地，我们的边缘化行为实际上是边缘学科相荣，构筑可持续发展空间，一位大学生说你们是不是把企业当艺术来搞，有如天使在点播。22年说着自己的话，似乎把梦实现，看似虚，实则实，虚实之间自由自在，把美传给人间不亦乐乎。谢谢。主持人：谢谢张宝贵先生，张宝贵先生用精彩的演讲为我们今天的论坛画上一个完美的句号。今天一共有六位嘉宾为我们做了精彩的学术演讲，既有对建国六十年来中国建筑创作回顾和总结，又有在建筑设计理论和实践中的探索，还有像张宝贵先生这样对建筑创作给于密切配合，并在建筑材料创作中不断追求的企业家，相信他们的演讲一定会对各位参会代表留下深刻的印象，并会推动我国建筑创作不断繁荣和发展，我再一次代表大会组委会对各位专家的精彩演讲，对各位代表的积极参与表示衷心的感谢，谢谢大家！今天的论坛到此结束，谢谢。,3,4,0.5480917096138
张钧：2010年在纠结中发展     张钧：我想是这样的，现在我也前卫一把，网络有一个新名词“纠结”。这种纠结是怎么一回事呢实际上就是我中有你，你中有我，有合作，有竞争，这种分化和发展先不可预知，也出于生存的考虑做一些变化，以后这样的变化还会多，这种创新、发展，这种纠结恐怕会越来越严重，这个是不可避免的，但是更多的过程中，大家应该公平竞争，然后充分给广大消费者提供性价比最高的产品。另外还有一个，我也在想，应该做好自己最擅长的部分，不能无限扩大自己的领域和范围，因为你的领域一旦扩大很多，你的合作、朋友就少了，竞争就很多，我买了一个厨柜，马上其他和我合作的厨柜就会有很多的想法和问题，金鹰艾格的老板问我地板的问题做了吗，我说没有做，我觉得还是做好自己的强项和专长，多以合作和共赢探讨，在新的经济形势下寻求新的点，这是我们方方面面共同面对和探讨的。    张福才：我还是觉得北京的京味家具发展越来越大，大家应该团结起来一致对外，尽快的把北京的京味家具做到全国，让全国的大卖场、主流卖场都有北京的家具生产厂家大的地盘。       刘春杰：我觉得是要一致对外，家居行业大行业，小规模，实际上这两年有很多的小品牌进入红星美凯龙这样的卖场，然后迅速的进入到全国，这对我们行业是很好的事情，家居行业共同面对的问题是诚信，大家都在谈环保，消费者关心的问题，实际上还是因为之前的信用危机造成的后果，大家在这么好的市场情况下，一个是练好内功，另外一个是可以对自己做出的承诺有一个保障，无论我们的价格体系，小到价格，大到产品品质的问题，如果都可以做到比较好的起点或者标准，那么我想家具行业的发展必然会有非常大的空间，网络应该可以很好的解决销售的问题，现在我必须要亲手的看到这个产品，才知道这个产品是真的还是假的。       主持人 李燕玲：刚才刘总说到一个家居产品的非标准化，家居产品的个性化导致了对行业的依赖，这种合作关系还是非常有必要的。       赵崇联：现在我们做的没有那么大，现在作为企业首先把自己定位做好了，做一个产品，首先要想到对老百姓服务，也是对自己服务，坚持这个观点之后，我想同行之前相互交流、学习，才可以把自己的产品不断的提升、进步，返回来会得到更多的用户的喜爱，同行之前更多的交流是比较好的，作为上下游来讲，一个产品应该有上游和下游，应该搞好利益关系，我想企业发展起来会有更多的朋友，多一点朋友更好一些。       主持人 李燕玲：赵总作为上游材料的提供商，应该说没有更多的间接的竞争对手，都是直接的竞争对手。       袁树林：我觉得这个问题应该从另外一个角度来看，不管是渠道也好，还是单店的销售也好，产品和服务也好，不管是在座的各位企业的老总，或者说任何一个家具行业的老总，都应该有一个概念，我们在整个客户满意的前提下，怎么样能够真正的让自己的产品品质上来，这是最关键的，包括刚才很多老总说的不良竞争，可能不单单是价格，在纵向或者横向上沟通交流，我认为有很多的机会，刚才说了利益环节，渠道环节做更多的沟通，因为每个企业和每个产品的特性不一样，刚赵总说了，我们个性服务，高端客户服务非常强，这个都是需要和大家探讨的。       温世权：我就一句话，希望明年北京多一些竞争对话，大家在良性平台上竞争。       钟红文：通过去年一年的拼搏，今年比较疲惫，我的孩子在清华附中，我看他考进去的时候还不错，前一段时间46名学生排名40名，最近两个月我抓了一下排到全班前4名，09年我又充分的授权，我要回归家庭多一点，谢谢！       乔印军：我想说三句话，卖场是我们永远离不开的舞台，对手永远是我们的竞争伙伴，永远以乐观向上的心态引导我们的行动，谢谢大家！谢谢新浪！       主持人 李燕玲：我们这场论坛就到这里结束了，我非常感谢大家激烈的讨论，后续我们会对一些热点的话题进行追踪、报道。,3,4,0.4599646329879761
德国专家做客清华知音讲坛 干墙系统隔声新用受清华大学建筑物理实验室及可耐福的共同邀请，德国知名专家、爱尔兰根-纽伦堡大学的客座教授Hans-Ulrich Hummel亲临清华大学建筑学院，依托知音讲坛这个技术交流平台，介绍了干墙系统在隔声和吸声方面的应用，讲座吸引了清华大学师生、设计单位专家等众多业内人士。讲座中，Hummel教授详尽介绍了干墙系统在隔声和吸声方面的应用，现场投影中生动而颇具科研价值的图片令现场听众纷纷举起相机拍摄。讲座结束问答环节时，现场的中外听众争相提问，并就建筑声学专业领域的问题与Hummel教授展开交流。此外通过知音讲坛的12个网络端口，许多外地在线参与讲座的网络听众也纷纷提问，发来问题请Hummel教授解答。干墙系统，主要是指轻钢龙骨或木龙骨上固定的各种预制板材，如石膏板、组建吊顶、墙体或其他类似建筑构造系统。干墙系统施工便捷，重量轻，可以解决各种建筑设计的要求，如隔声、吸声、抗震、耐火、耐水、节能、环保等。本次知音讲坛上，Hummel教授详细讲述了干墙系统在隔声和吸声方面的应用。从建筑材料石膏板的历史到石膏板的制作工艺，从隔声与吸声基础知识到声音通过墙体传播的机理和测试方法，从吸声产品到施工细节等，无一不深入浅出，细致道来。此外，Hummel教授以可耐福石膏板为例，形象化地向大家阐释其优越的隔声性能以及其内部构造和隔声原理。,3,4,0.7959786653518677
德国可耐福集团为建筑节能改造献策(2009年5月21日 )目前，建筑耗能已与工业耗能、交通耗能并列成为我国能源消耗的三大“耗能大户”。根据测算，如果不采取有力措施，到2020年中国建筑能耗将是现在的3倍以上。在这一方面，德国可耐福公司通过独创性的研究，为我们提供了一条具体可实施的道路。在德国总部伊普霍芬，可耐福集团代表为巴伐利亚州的建筑节能改造工程提供了一项有效方案。该方案可对房屋的墙壁和屋顶进行隔热处理，并安装绝缘玻璃窗，配备现代化供暖设备且通过通风系统回收利用能源等等。它不仅针对幼儿园、学校以及政府办公大楼等公共建筑，还包括城镇居民建筑。根据德国联邦政府的经济一揽子方案，在未来的几年内，公共设施类建筑将成为节能型改造的首要对象。利用国家和巴伐利亚州提供的资金，医院、高校等设施的节能改造将使能源的消耗减至1/3，甚至1/10。节约能源的同时，人类的居住环境也得到很大改善。,3,4,0.6717158555984497
德国归来话设计：对环保的追问和反思日期：2009年8月9日时间：下午4:00——7:00(研讨会4:00-6:00，酒会：6:00-7:00)地点：当代MOMA百老汇电影中心环保今天似乎成了一个老生常谈的话题。绿色标签被用到有些泛滥的时候，人们对这两个字背后的内涵到底认知多少，依然是个问号。 带着这一问题，ABITARE中国造访了国际建筑设计行业的先锋国度之一，德国。“妍玲设计行”策划与主持人段妍玲女士以独特的个人视角深入德国环保 “硅谷”弗莱堡和大众等德国绿色环保标志型城市和企业，在形而上的高度，揭示了德国人对环保的理解和实践。 由意大利ABITARE杂志中国杂志社主办的“大设计战略对话A-TALK”系列活动之二——“德国归来话设计”中，来自设计界和主流媒体的朋友一起齐聚当代MOMA百老汇电影中心，掀起了一场头脑风暴。邀请建筑师、品牌战略专家和绿色生活的先行者们一起，将环保的探讨细化到城市、品牌和绿色个人三个层面，在对环保的追问和反思中给出自己的真知灼见。图为德国环保理念环节1. 城市课题启示：《妍玲设计行-德国第一绿色城市弗莱堡》在德国的环保“硅谷”弗莱堡，我们切身感受了一个提前进入绿色时代的城市：这个人类生活的能耗降到全世界最低点的城市在节能减排的基础上，带给我们更重要的启示在于它开放的城市空间，不仅消除了人与环境的隔阂，也消除了城市居民心理空间的隔阂，营造出和谐共生的城市氛围，绿色环保的理解从物质层面推向了更为深刻的社会心理层面。论坛：暴富城市的包袱和包袱由著名建筑评论家方振宁主持，国内著名建筑师李虎，绿色设计师联盟代表Ryan Dick和都市实践建筑顾问吴文一展开激烈讨论，在如何将真正的环保意识推广给中国的城市建筑领域各有卓见，谋求通过与政府、企业和媒体的通力合作，共同构建真正的绿色城市成为这几位建筑师的公识和未来努力方向。就中国一、二线城市的不同发展现状，各位论坛嘉宾也以实例给出深刻行家见解和分析。,3,9,0.3554438650608063
房地产新开工量下半年大幅提升 家居业加速回暖由于上半年商品房销售多为消化库存，房地产新开工量增长有限。而下半年，随着新开工项目的大量上马，房地产市场有望带动相关产业加速回暖。 下半年新开工量将有明显增长上海克而瑞公司有关负责人表示，以北京、上海等城市为核心，多数典型城市的房地产新开工量将在下半年大幅提升。其中包括政府新立项的保障类住房规划区、新出让的经营性用地，以及此前捂盘惜售的商品房项目等。上海市规划局也于日前披露了上海十五大居住规划区。其中，以保障性住房为主的近郊六大基地为宝山顾村、嘉定江桥、松江泗泾、闵行浦江、南汇周康航、浦东曹路。9个大型经济适用型居住社区则涉及宝山、虹口、嘉定、普陀、青浦、闵行、闸北、徐汇、浦东新等，规划经济适用房建设用地面积约140亩，可建经济适用房建筑面积约330万平方米。业内预期，随着下半年土地储备的集中释放和十五大居住规划区的落实，上海新开工面积有望大幅提升。“参与配套商品房基地的建设，虽然对企业来说利润率不同，但是可以确保开工量，帮助政府为市场平衡供需。”一家上海 大型国资房企内部人士告诉记者。根据官方统计，今年上半年，虽然上海商品房销售面积增长27.9%，销售额增长82.1%，但房地产开发投资却同比下降3.1%。“导致这种状况的原因之一是上半年房地产企业多为消化去年库存，而少有新开工项目。”一位上海房地产企业高层表示。这一结论也适用于全国。国家统计局数据显示，上半年，全国商品房销售面积3.41亿平方米，同比增长31.7%。但房屋新开工面积为4.79亿平方米，同比下降10.4%。而根据DTZ 戴德梁行日前发布的《中国住宅市场2009年上半年分析报告》，上半年商品房成交量的持续恢复带动前期库存积压的加速消化。如果按2009年的月均成交测算，预计未来3个月内现有库存将有可能消化出清。“总体来看，上半年全国新开工面积增幅同比去年大幅下降，但已经趋于稳定。房屋竣工面积增幅不断提升，市场供应量会相应增加。一旦库存基本消化，新开工面积增加，下半年楼市增长对相关产业的拉动效应将更加明显。”一位房地产业内人士称。北京方面对新开工情况同样乐观，中原地产北京公司总经理李文杰介绍，下半年北京新开工量相比上半年将有明显的增长，其中供给多集中在新城区及郊区。“整体来看，目前北京的供应比2004至2007年仍然少很多。北京高峰期每年的供应量超过20万套，现在估计只有原来的六成。所以政府想尽办法要求开发商开工，同时增加新的供给。”李文杰称。相关产业有望加速回暖 随着房地产新开工量的增长，包括建筑材材料、装修材料在内的多个相关产业有望加速回暖。“我们一个明显的感觉是，上半年公司业绩同比已经有所提高，接下来，随着一些大型房地产企业和区域土地储备的集中释放，我们的业务量还会继续增长。”一家名为卓宝科技的企业负责人告诉记者，这家位于深圳的防水墙生产企业市场占有率占据国内领先地位。“包括水泥企业，甚至空调、电梯等制造商，对下半年楼市预期都比较乐观。”广东一位大型房企材料采购部负责人称。,3,4,0.7061538100242615
"房款装修款拆开算 瞰都涉嫌逃税卖房近日，购房人刘挺(化名)买房的时候碰到一个奇怪的事情。位于东北四环东风桥北的瞰都领仕馆6号楼在对外销售的时候，业务员称精装修房销售均价为21000元/平方米左右。而当刘挺去售楼处与开发商进行网签购房合同的时候，合同上显示的房屋销售价格却为18000元/平方米左右。销售人员给他解释说，他想要购买的这套房产单价为20500元/平方米，18000元/平方米是其毛坯价格，装修部分的价格需另行签订一份装修合同，开发商以装修款的名义按照2500元/平方米收取，开具的发票也是装修款。刘挺一时没想明白，没在购房合同上签字。但他不太甘心。刘挺在给本报记者讲述这段买房的特殊经历时说：“20500/平方米的价格虽然被拆开了，但算下来总价好象也没有变化，是不是应该签合同呢？”记者就此楼盘的另类营销方式采访了一位业内资深地产营销负责人。他说，刘挺没有匆匆下定是对的。如果按开发企业这种方式售房，未来业主在出售该套房产时，肯定会为此多掏不少""冤枉钱""。比如说业主购买了总价120万元的房子，在市建委以100万元的价格登记，另外20万元作为装修款支付。那么当业主以140万元出售这套房产时，税务部门会按照首次购买所登记的价格，以40万元的溢价进行收税，而不是以业主实际收益的20万元进行收税。另外，在国家税务总局于2007年6月正式对外公布的《关于承受装修房屋契税计税价格问题的批复》(国税函〔2007〕606号)中明确表示：“房屋买卖的契税计税价格为房屋买卖合同的总价款，买卖装修的房屋，装修费用应包括在内。”也就是说，对于以精装修现房为卖点的楼盘而言，将装修费用刨除在房价之外单独收取的做法，本身就涉嫌逃税。据他分析，开发商之所以采用如此做法收取房款，其中很重要的因素是开发商销售房屋须按5%缴纳营业税，而装修公司只须按3%税率缴纳营业税。开发商相当于利用房屋销售和装修的税费差，降低了自身的税费支出。记者在随后对瞰都领仕馆售楼处相关人员进行采访的时候，销售人员承认在售的6号楼部分房源此前曾以签约房价一分为二的方式进行销售。但她表示：“我们现在卖的房子都是按照正常报价来签订合同的，肯定包括了装修费用。”(北京参考记者 沈静)",3,4,0.9891457557678223
手续未办好装修已开始 丹水池街道办盖违建楼(记者 韩立山)丹水池街道办打算用作社区服务中心的两层楼是违建房，从开建到装修，一直没有办理好相关手续。”日前，居民刘先生向本报投诉，称这两层共200多平方米的楼房是违建。昨日，丹水池街道办称，相关手续正在办理中，江岸区控违办也表示将督促其尽快办好相关手续。手续还没办装修已开始昨日上午，记者在江岸区丹水池街看到，新建楼房紧邻街道办的一栋三层办公楼，共上下两层，整体已经完工，有工人正在做内部装修，社区便民服务中心的牌子也已经挂在门口。记者进楼后发现，一楼是个大厅，二楼是几间办公室，办公室的地板、门窗都已经装好。街道办负责人说，这栋两层楼原本是街道办的院子，现在改为了一站式社区服务中心，将设置教育培训中心、文体活动中心、维权咨询服务中心、图书阅览室、慈善超市等，为居民提供“一站式”服务。街道办称相关手续正在办“其实，我们真的觉得很委屈。”该负责人介绍，丹水池街管辖范围约有9.43平方公里，常住人口6万多人，目前办公场所太小，无法满足居民办事需求。按照国家明文规定，该街道应该为居民提供一个近1000平方米的服务中心，街道办挤出20万元改建了服务中心。该负责人表示，盖楼之前已向区里打了报告，并着手办理相关手续，只是因为规划手续办起来比较麻烦，所以一直拖到现在尚未办下来。“建楼之前，考虑到手续尚未办理好，还进行了社区居民听证，并发布了告示。”该负责人坦言，之所以边建楼边办手续，也是为了早日给社区居民提供便利。市民：政府部门更应程序合法“虽然是为了方便居民，可是作为政府部门，是否更应该注意程序合法？”向本报投诉此事的市民刘先生介绍，街道办搞的听证和公示他都晓得，可是相关法律已经明确规定了，没有办理规划手续就是违建。“政府部门可以边建楼边办手续，那么市民呢？”刘先生认为，政府部门更应该做个表率，更应该去遵循程序合法，而不是搞“绿色通道”。就此，江岸区控违办一负责人表示，从严格意义上来说，该楼确系违建，7月份曾经要求该楼停建过一段时间。考虑到该楼是为了满足社区居民“一站式”服务需求，且街道办确实是想为居民做实事，所以才没有强制拆除，“将督促该街道办加快办理相关手续。”,3,4,0.999568521976471
把市场做小的智慧 集中优势局部市场形成强势把市场做大，让自己的产品销遍全国，甚至销往世界各地是每个企业家的梦想和追求。这是企业家及企业成功的体现。事实上，这个梦想却非大多数企业家都能实现的。在当下，世界上几乎所有的行业和产品都或多或少存在着产能过剩、供大于求的问题。实现这个梦想不仅需要企业家的智慧和能力，还需要各种强大的其它资源做支撑。譬如：强大的产品竞争力、充裕的资金等等。而这些资源并非每个企业都具备。企业在这种资源不足的情况下，企业家盲目追求遍地开花的产品推广战略，强调做大市场往往使结果与愿望背道而驰。因为没有足够的力量做后盾，这种“大市场”往往会使企业经营上很被动，甚至拖得筋疲力尽。在这种情况下，只有大胆把市场做小，集中优势资源在局部市场形成强势，不断积累品牌力和资金实力，最终再慢慢扩大市场。把市场做小，其实就是在资源不足的情况下，集中全部优势实施重点目标打击。这类成功的例子可谓不胜枚举。解放战争期间，有“战神”之誉的粟裕大将，指挥华中野战军主力3万余人，与12万美械装备的国民党军队作战，之所以能七战七捷，在一个半月歼敌5.3万余人，其秘诀就是每战均集中绝对优势兵力歼敌一部。在陶瓷行业，提到业界翘楚唯美公司的成功经验，人们必会说到其掌门人黄建平先生，在创业之初，面对当时企业困境做出的大胆决策，集中精力搞仿古砖市场，从而了实现“小市场，大份额”的目标。有时，把市场“做小”更需要一种智慧。如果说这些成功的案例都是精英式人物的传奇，普通人难以去复制其成功的经验，那么我不妨再讲一个百分百草根的例子。今年春节回家，我发现家乡从市里到乡村，很多人都在听一个本地歌手唱的歌。经过了解，我才知道这个本地歌手已经红遍全市(县级市)。论天赋和唱功，哪怕在本市他都算不上实力派。如果他和其他歌手一样，梦想成为刘德华和张学友这类红遍全国的歌手，他至今绝对是一无所获。他的成功就在于敢于把市场做小，把目标消费市场锁定在本市范围，然后通过对几首自己唱的比较满意的歌进行加工，用本地的方言唱出来。因为这种歌词在当地人听来比较亲切，甚至有些好玩，一下子就在本地火了。而在这个市场没有人跟他竞争，他自己出了专辑，在当地卖了5万多张。由于在本地的走红，他几乎每天都会参加一场活动，出场费在2000元左右。且已经对周边县市形成了一不定的辐射力，其出场费用及专辑仍有上升空间。这个曾经穷得吃不上饭的草根歌手，很快就实现了买房买车的梦想。中国地广人多，市场十分庞大，对很多产能不大、实力不强的企业，如果能把一省一市的市场做好，其实就完全可以赚得盆钵满盈。近两年，四川夹江、江西高安产区的部分区域性品牌的成功操作，其实也是一种把市场做小的智慧。相信，将会有更多的把市场做小的陶瓷品牌走向成功。,3,4,0.5158553719520569
"挑T总动员 美食品赏会 网友意见调查"" class=akey target=_blank>news.sina.com.cn/iframe/survey/js/97/f_content_40801.js"">",3,6,0.2733796536922455
挑T总动员-求爱篇图为漫画图为漫画图为漫画图为漫画,3,8,0.9170495271682739
挡路建材已清 施工仍在扰民本报讯 (记者 彭晨实习生沈婷婷)过去一周，市民向本报“24小时热线”栏目反映的问题主要集中在人行道堆放建筑材料、幼儿园附近尘土飞扬、工地抢建影响居民午休等。昨日下午，记者拨通了部分市民电话回访获悉，部分问题经本报报道后，已经得到解决。9月1日，廖女士来电反映，景龙小学东边、北边的人行道被水务集团挖开，如今暑假过后，人行道还没有恢复原状。近两天学生返校开学，学校门口堆放着大量建筑材料，使得学生上学无路可走，只好走机动车道。昨日下午，廖女士在接受记者电话回访时说，此事经本报报道后，引起了深圳水务集团的重视，他们立刻安排工作人员抢修了损坏的下水井，堆积的建材也已清理完毕，现在人行道已经恢复通畅。9月3日，普小姐来电反映，福田区石厦菜场旁的一处拆迁工程，由于现场无遮拦设施，每天施工时产生大量的灰尘，附近的幼儿园离拆迁地不足十米，小朋友每天都要吸进很多灰尘，不利身体健康。昨日下午，普小姐在接受记者电话回访时说，文章刊登后，工地立刻采取了整改措施。近日，工地在拆除围墙时进行了洒水作业，灰尘比过去大为减少，周围的环境也没那么灰蒙蒙了。9月5日，龙先生来电反映，龙岗华为基地三和大厦对面有个工地，这两个月来，该工地每天早上6时便开始施工，中午也不停工，声音嘈杂，附近居民午休时都不得安宁。昨日下午，龙先生在接受记者电话回访时说，这一情况仍未改善。居民不反对施工建设，但不要打扰到居民的正常生活。希望相关部门能够加强监管，让附近的居民能够有一个安静的生活环境。,3,4,0.9922653436660767
探秘国庆晚会三大法宝 LED70%零件国产首都国庆60周年联欢晚会指挥部副总指挥赵东鸣日前表示：今年晚会上最有创意的就是设计了一个叫“光立方”的表演区，即以天安门广场国旗旗杆为中心，在它的周围有4000多棵的“发光树”，这是在我国的晚会中首次被应用。这些“发光树”是LED的，具有高科技含量。 “天安门广场上的LED显示屏中70%的零件均为国产，尤其是它的关键技术发光晶粒由我国公司生产。这个显示屏在抗风、抗雷、阻燃等方面做了相当充分的工作。这些先进的技术为我国的科技创新增添一喜。”一位LED显示屏的专业人士介绍说。天安门广场上LED显示屏宽为50米，高7.5米，虽说屏幕的比例为20∶3，但是画面内容却不会变形。显示屏采用点间距16毫米的全彩色LED像素，远程同步控制，高清数字显示，其横向3072点像素是迄今为止世界广场LED显示屏之最。为了以防万一，显示屏采用了三路供电，并且若用自身电池组来供电显示屏的亮度也不会受影响。另外LED显示屏还运用到了彩车上，并突破了其单一的形式，发展出弧形、不规则形、上下升降等多种花样。焰火形式丰富多样据赵东鸣介绍，这次晚会的一个特点是“突出焰火，强调联欢”。因此焰火表演在国庆晚会中有着举足轻重的地位，甚至决定整台晚会的效果。在这次焰火表演中采用了高、中、低立体烟花，还配有网幕烟花、特效造型烟花、音乐烟花燃放等多种形式。此次焰火的燃放集中在广场周围的12处燃放点，比较集中。为了使焰火看起来更绚烂多彩，首先就必须解决焰火燃放初所出现的大量烟雾。为了达到焰火艺术上的创新，天安门广场上安装了一个巨大的烟花特效装置，这在以前是没有过的。今年国庆庆典联欢晚会的烟花种类超越了以往任何一次，届时，以天安门广场为中心，人们会看到一个整体、多样、场面壮观、绚烂多彩的焰火晚会。打造民族欢乐盛宴一台突出民族、民间和民俗的盛大联欢将在国庆夜呈现于世人面前。此次联欢有12个板块，分别为各民族中心表演区、军民联欢区、工人联欢区、大学生联欢区和农民联欢区等。在各民族中心表演区，将有近3000人身着56个民族的服装载歌载舞。此次晚会联欢与以往国庆晚会联欢不同的是：12个板块在同一的旋律之下舞动着不一样的舞步。各个板块的群众将各展其能，共同打造一场民族欢乐盛宴。,3,9,0.9887866377830505
携手当代节能置业 日立电梯再添战略合作伙伴当地节能置业股份有限公司与日立电梯(中国)有限公司在北京当代MOMA签署战略合作协议。未来，日立电梯将为当代节能置业旗下众多房地产项目提供具有一流国际化品质、绿色节能的电梯、扶梯产品。当代节能置业通过与日立电梯等品牌供应商的战略合作，共同运用节能技术和前沿科技，为消费者缔造出更多的节能建筑。当代节能置业一直致力于为广大消费者开发舒适而节能的住宅产品，公司先后开发建设了万国城MOMA、POP MOMA、上第MOMA、MOMA万万树、当代MOMA等项目。随着日立电梯与当代节能置业的联盟，日立电梯将陆续参与万国城MOMA (长沙)、万国城MOMA(太原)等项目，并为当代节能置业提供节能环保的电梯技术与绿色产品。双方也将在“科技建筑美好生活”开发理念的指导下，共同努力，在尊重自然、节能环保的基础上全面提升人居品质，让更广大的消费者享有更舒适节能的人居环境。万科集团和日立电梯的战略合作已经成为一段佳话，合作有9年之久。日立作为电梯的战略供应商，在万科联合发展中心网站中被列入了“联合发展计划”。据万科的相关负责人介绍，万科和日立电梯独创的“订单式”采购模式，大大精简了采购环节，提高了采购效率。万科在降低成本的同时，也获得持续的质量保证。此次日立电梯与当代的携手，使其战略合作伙伴的阵营里又增加一重量级合作伙伴。据不完全统计，日立电梯已万科、富力、合生创展、华润、当代等数十家开发商建立起战略合作伙伴的关系，成为房地产行业最大的电梯战略供应商。作为日立在海外最大的电梯合资公司，日立电梯(中国)有限公司自1996年正式开业以来，研发、制造、营销、服务能力不断增强，现已成为中国市场上规模最大、实力最强的电梯企业之一。秉承日立领先全球的尖端技术和优良的产品质量，日立的电、扶梯产品因其优质高效和节能环保而倍受市场青睐。此前，日立电梯曾为广州第一高楼——中信广场、中国第一高楼——上海环球金融中心、四川第一高楼——喜年广场等诸多标志性建筑提供产品与服务。据悉，日立是全球企业500强的跨国集团，拥有超过80年的电梯研发与制造经验。作为日立在海外最大的电梯合资公司，多年来，日立电梯(中国)有限公司一直致力于推动中国都市生活的现代化进程，竭诚为中国社会提供高品质的产品和服务。凭借“一个总部(广州)、两大研发中心(广州、上海)和三大制造基地(广州、天津、上海)”的研发和制造实力，以及遍布全国各大城市的分支机构和服务网络，日立电梯积极发挥其在一个世纪发展历程中所积累的雄厚技术力量和丰富经验，为中国市场众多用户提供最专业的楼宇交通解决方案。,3,4,0.9595900774002075
政府采购如何扶持国产电梯(2)任京萍：最近一直在开会，从星期一到星期三也搞了一个内部的业务培训会，昨天差不多下午四五点的时候才结束。今天这个会议讲话稿准备的非常的匆忙，可能讲的有一些不到位的地方，特别是我们中心一些详细的做法、情况在这里也没有时间过多的讲，想把我们北京市政府采购中心在政府采购执行过程当中我们认为有一些问题是值得探讨的，在这里就做一个不太成熟的发言。尊敬的政府采购信息报的刘社长，还有政府采购商会缪会长，还有国家政府采购中心的孙处长，还有在座的各位的商业协会的专家、领导大家下午好！我首先非常感谢我们《政府采购信息报》的刘社长，在国庆六十周年大庆之前，在中秋佳节即将到来之前，在我们非常瞩目的双节之前，举办这么一个关于研讨电梯业热点的话题，为我们北京市政府采购中心和各位在座的专家也好、领导也好，都搭建了一个很好的平台，所以我说非常感谢刘社长。现在我代表北京政府采购中心把我们中心这几年来在政府采购电梯方面、执行过程当中一些问题和一些建议和大家进行一个沟通和交流，说的不对的地方欢迎大家批评指正。我认为电梯作为北京市政府集中采购目录中的通用类的货物，是政府采购招投标中重要的组成部分，近几年我们中心受理电梯类的政府采购项目，刚才何经理也讲了，我们政府采购中心是2000年成立的，我们按照政府采购分流的政策2004年和财政部脱钩，在2004年算是建立了自己的一系列规章制度，包括我们对所从事的政府采购项目有一个梳理的过程。特别是电梯类的项目，实事求是的讲，我们北京市的量不是特别大，平均每年也就二十多个，采购金额应该是不到5000万，这方面的金额和项目数都不是很大。但是我认为电梯毕竟是我们各级党政机关、学校、事业单位、团体组织都离不开的重要的产品，所以我觉得里面确实有一些问题也值得我们探讨和思考。电梯类的产品具有一定的特殊性，采购人申请购买的产品技术参数和要求基本上都是非标准化的产品，从而对招标采购带来比较大的难度，关于我们电梯类的产品招投标的情况分析，我想有以下几个方面的问题想和各位专家、领导一块探讨：第一个问题，我们认为采购人提出的技术要求可能受各种客观因素的影响，提的不是完全合理，配置要求也不太符合实际需要。怎么讲呢？在我们受理的政府采购项目当中，大多数为电梯的更新项目，由于旧的电梯使用时间比较长，所以采购人都想借重新招标采购的机会配置档次更高，功能更完备的产品，我们作为招标投换位思考，我们理解采购人的想法，如果我是采购人，也想把自己的产品配置提高一些，使用起来更舒适一些，稳定、安全性会更好，这种想法我们可以理解，我们做招投标工作的同时也给他们推介。由于我们的项目采购负责人对电梯的要求不是很熟悉，往往对一个简单的市场进行调查，或者参考某些彩页、宣传品的品牌介绍后提出的一些技术标准，有一些技术指标不够要求，有一些不切实际，有一些提的过高，这样与电梯施工的实地情况不符，这个各位专家都非常清楚，它不同于采购电脑或者某一个服务器，这个要跟场地有很大的关系。这样的要求提的不合适，就会造成在投标的时候没有合格的供应商来投标，另一方面造成了资源配置和功能的浪费，进而无法对我们预算资金进行充分、有效的利用。电梯业需求不科学、不合理的话，我们的项目没有办法保证一次性中标，加大了成本，延长了我们工作时间。这是采购人员科学方面不太准确的问题。第二，采购人对品牌有一定的倾向性。刚才缪会长也讲了，在电梯业，国产的产品可能只占了30%左右，确实也给我们敲响了警钟，所以我觉得这些问题还是值得我们思考的。我们的采购人，我们的预算单位在论证的阶段会经常提出一些对某些品牌的倾向性的意见，尤其是对于国外品牌的极大的依赖性。这样在评审中让这些标准占据了主导因素，我想这些问题应该从两个方面分享，一些大的品牌，包括国外品牌的产品质量因为经过国外技术比较先进，而且经过市场的可靠性、安全性的长期的检验，所以认为它的功能性、安全性、性能方面都非常可靠，采购人在采购的过程中对这些品牌非常的青睐。我想在这种情况下，有一个我们如何在符合法律法规的前提下正确引导采购人，所以我觉得刘社长召集这个研讨会，搭建这么一个平台确实是非常好的契机，我们可以探讨品牌如何可以达到我们采购人的要求，如何又能实现扶持我们自主的品牌，国产的品牌的大的国家的政策。另外如何加大国产品牌的产品的认可度，提升产品的技术安全品质，在论证环节一些专家在一定的程度上会对某些国产品牌的质量、市场占有率确实不太认可。所以存在如何要求采购人购买这类产品，这也是需要产品提高国内品牌的知名度和国内心目当中的信誉度的问题，这也是我们这次会议要探讨的主要的目的之一。刚才讲了品牌，为什么国外的品牌这么多，大家都依赖于国外的品牌，对他们产生极大的信赖。第三个方面的问题，是采购人对项目实施的时间、计划不合理。我们在工作当中经常遇到采购人急于完成某一个电梯类的采购项目，要求必须多少多少天，你们就要给这个项目采购完成，供应商多少天要把电梯采购到，安装完毕，但是要按照我们装修采购法的相关规定和供应商中标后的生产周期，考虑到这几个问题，采购人提到的计划在现实当中非常难以实现，而且有一些采购人在自己前期制定计划和方案的时候，往往因为一些原因会耽搁，你交给我的时候时间非常匆忙，给专家论证，可行性的分析，包括给供应商踏勘、寻标的时间非常的短促，按照正常的规定有一定的程序，所以这些考虑的不是非常周细，所以采购人的计划在实际实施当中非常的困难，而且往往采购人提方案的时候，有一些重要的普遍的结构、设计，没有完成，不同步，这个项目运作起来的困难大家可想而知了。如果我们盲目的按照采购人的意愿匆忙的加快这个进度，势必影响采购和施工的质量。第四个方面的问题，我们一些采购人提出的工程方案不够准确，使供应商不能按照项目的实际情况予以响应，这一点也是我们招投标当中遇到的一个非常大的难点，我们往往在论证的阶段，专家要求采购人必须提供工程当中的简要的尺寸，今天很多商会的会员都是我们市里面人事局和专家库的专家，有一些参加过北京政府采购中心的论证、投标，所以你们都是资深的专家，我们说的不见得准确，但是作为一个问题来说，确实这些数据，由于他拿不出来，或者提的不准确，我觉得在一定程度上会影响我们招标的顺利进行，而且也会导致供应商投标的时候响应的合格供应商不足三家，导致了这个项目流标，电梯的采购时间周期都会延长。有的采购人还必须要有相应的一些工程的图纸，但是这些有的已经找不到了，已经没有了，所以说电梯的项目在实际当中，在论证的环节我们专家就提出了这些问题，如果不解决的话，很难在论证的环节拿出非常科学、可行、可操作的一个论证的意见，从而与下一步的参与招标的编制都会受到影响。所以在项目招标过程当中，所提供的工程的尺寸有时候成为了参考的依据，在这种情况下，我们为了保证项目的顺利实施，一般在文件当中爱国潜在的投标供应商到工程现场进行实地踏勘，掌握实际的标准，供应商在寻标、踏勘的时候提出的一些意见我们应该进行更正，有时候可能还不得已出现延期的情况。讲到这里，我不知道今天有没有企业的代表，我们这个环节，实际上有一些参与的企业，应该非常看重踏勘的情节，但是有一些忽略了，他们对现场不清楚，投标的时候就匆忙的把我们的文件作为他的应答，这样他实际上如果有可能中标的时候，就会出现违约合同的相关问题。我们在评审的过程当中出现过这种情况，我们曾经有过一个典型的例子，有一家供应商，他也没有实地踏勘，也没有参加中标，但是硬拿了，没有问题，都可以响应，但是最后中标了之后，他想先中标然后再说，但是他没有想到政府采购现在是非常规范的，而且是有法律支撑的一个采购活动，不像过去，现在有社会监督、媒体监督、有法律制度框架进行限制和制约。所以他都响应了，在查阅他所报的产品型号规格的时候我们发现他们提出的所谓的产品跟实际情况出入很大，这就造成了在我们合同签订了以后一些他无法达到投标承诺里面的要求。所以在最后施工现场提出能不能更改一些指标，这个根本是不能同意的，所以在有时候中标供应商和预算单位会发生一些矛盾，有时候问题不能解决，还要打扰监管部门。,3,4,0.5101737976074219
政府采购如何扶持国产电梯研讨会在京举行(2)下面我们有请天津银桥有限公司总经理安晖发言，大家欢迎。安晖：尊敬的缪会长，尊敬的各位领导大家上午好，我们是天津银桥有限公司，非常荣幸在这里结识大家，我们公司是一个生产型的企业。我们公司是以电梯的生产、管理、技术、检验组成，他们说的是电梯是制造行业里面的精英，从技术工艺到项目管理都有非常丰富的经验，这个也为生产出来好产品奠定了基础，在这种情况下，我们公司投入了先进的生产设备和检测设备。因为我们知道，品质就是企业的灵魂，所以我们在这里跟大家说一下，从原始的产品的加工到整体的过程工艺全部是自己的作业线，在这种情况下，我们的产品包括防伪标识，为什么强调作业线的问题，因为在电梯的制造里面，很少有企业是全部作业线，基本都是和其他企业横向的联合，也使电梯产品在市场上非常的混乱，混乱的原因就是很多企业没有生产许可证，很多东西但是都没有，但是就可以给其他的一些电梯生产企业提供半成品。正是因为我们拥有自己的完全的生产工业线，没有任何的外加工序，所以在生产过程中，各个程序的成本控制非常的严格，为的就是把这块成本节约出来，让利给我们的客户，让我们的客户用上质量好，价格低廉的产品，我们不搞价格战，因为我们的价格不从市场上拼，而是从我们的产品里面省，市场是公平的，只要你怀着一颗永远为客户着想的心，客户永远是你的，我们在售前、售中，售后完整的体系，制作出特殊规格的产品，并且为客户提供切割的服务，我们在京津冀提供24小时上门服务，由于我们无限的努力，我们也得到了很多企业的认可，包括张董事长的上海富士电梯，我们合作的非常愉快，还有铃木，广日，很多的企业，在这里特别值得一提的是北京莱茵电梯的孙秘书长，他将我带入了这个会议，也很有幸结识了各位。作为银桥，我们都很敏感，同心使我们的企业走的更远，有品质才有市场，有改善才有进步，这是银桥的座右铭，正是因为我们公司坚信诚信是金、品牌是金，所以我们公司逐年是天津市评为重信誉的单位，我们的商标也被评为著名的商标，我们申报的技术改造项目已经获得批准，银桥的荣誉我们愿意和各位共享，有朋自远方来不亦乐乎，我热切盼望各位领导去银桥指导我们工作，谢谢大家！主持人：金融危机给世界经济带来了灾难，在这个大背景下，电梯行业制造企业回顾和反思在电梯里面的零部件当中的问题，在这个过程中，电梯一些企业认识了电梯营销，像安总介绍的情况也是这样，刚才她也做了很好的介绍，下面有请北京稳上创新科技有限公司总经理游小芳发言，大家欢迎。游小芳：尊敬的各位领导、各位来宾大家上午好，随着我国经济的发展，社会的发展，电梯拥有量也在递增，北京已经拥有十万台，成为人们不可或缺的生活设施。目前我国电梯安全性较以前有很大的提高，但是电梯事故仍然发生，由于停电或者电梯故障造成的困人现象，由于解救不及时发生了伤害事故屡见，因此电梯安全运行，社会的安全管理，以及保证行梯人员的安全已经成为社会和国家普遍关注的焦点。强化电梯等各种设备的安全管理是我国安全工作的一个重要方面，国务院早在2003年就发布了各种设备安全条例，09年5月1日国务院总理温家宝又亲自签发了国务院第549号令，进一步强调了安全责任主体，硬性规定事故的划分和处罚，申明了事故发生后的处罚力度，明确的对责任单位处以10-20万的罚款数额。管理者罚款上一年度30%的工资，力度实为罕见，说明政府的决心。电梯事故是普遍存在的现象，问题是如何及时处理此类问题的发生，防止营救不当引发的电梯灾害事故，确保人身安全是当前亟待解决的问题。我们公司以工作安全为已任，把高可靠性、高智能化作为产品的核心竞争力，充分发挥中国航天航空高科技研发人才的优势，结合创新的理念和思维，在激烈的市场竞争中取得了一定的知名度，走在电梯应急救援产品的行列前沿，为国内外众多知名品牌电梯厂商提高差异化竞争提供了标准，澳洲，意大利、韩国、新加坡等三十多个国家和地区都用了我们的系统，武汉香格里拉饭店买的是全进口的奥的斯电梯，在安装完电梯，引进了应急装置，现场调试不成功，应急装置厂商不但退货，而且赔了违约金，后来他们找到我们，去年夏天我们总工到澳洲调试新型的机器，由于我们非常精确平稳的集成，外方说 你们真棒。这种研发品牌不但走出了国门，而且在世界各地得到了认可，为中国企业在国际市场上树立了良好的形象。下面我有几张图片给大家看一下，这个是今年四川公交车发生重大安全事故，事故之后全国上下都进行了公交车的逃生演练，北京各个城区也做了多次的逃生演练，很多地方增加的公交车的安全投入，进行了改造，这是我们5.12日汶川大地震，多少校舍变成废墟，其中有媒体报道，有一个曾经由于经费不足花四十万盖的教学楼，后续几年为它投入安全性的加固花了200万，这次汶川大地震中，他安然无恙。日本等国看到这一情况后，全面启动了校园安全设施投入计划，加大资金确保学校的安全，而我们在现实生活中，很多用户说，我们这个关人现象还没有发生，或者我们是普通老百姓，没有关系，为什么我们总是被安全追赶，为什么我们总是被动的亡羊补牢，在以人为本的大环境下，我们更需要有高端的以人为主的目光，今年是国家安全质量年，又是国务院实施特种设备安全检查条例之年，又是新中国成立六十周年，我们希望政府，有关单位和媒体给予电梯安全高度重视，我们应清晰的认识到我们共同肩负的电梯安全使命任重道远，在举国欢庆六十周年来临之际，祝大家节日快乐，全家幸福，谢谢！主持人：游总的介绍非常好，下面发言的是上海席尔诺电梯有限公司总经理汪孝龙。汪孝龙：感谢《政府采购信息报》和北京工商联电梯业商会创造一个非常好的平台。今年难处上海市市委书记，参加了上海家电工业区52项首批重点建设工程的开工建设典礼，很荣幸，其中之一就是我家名不见经传的上海席尔诺电梯有限公司，是一个现代化的电梯生产建设基地，实际能力5000台/每年，从一个亿的销售额要达到五亿，25%海外销售，75%国内消化。在整个国际金融发生危机的时候，席尔诺三年以来，销售是稳步上升的，逆势上扬，这是什么道理呢？我觉得有三个感受，首先得益于国家的政策好，实际上这一次金融危机发生以后，上海市在拉动经济的大前提下，他就是重点扶持了有生命力的重点工程，很荣幸席尔洛因为高新技术和关注民生的特点被列入了这样的重点工程，政府是重点扶持，原来400多天的这样一个从招拍挂到开工的进程，现在我们只需要半年的时间完成，进行了建设期，进入政府的绿色通道，我们说政府的政策好，感受的第二点，得益于我们席尔诺顺应市场变化，主要是以客户的价值对产品的价值认同来发展我们的企业。实际上席尔诺是在2003年在上海注册的，在当时只有4000万人民币的注册资本的小厂，但是它建厂一开始的基础就是建立在在北京潜伏了二十年的基础上，说起在北京潜伏了二十年。如果没有大格局，我们的战略就不是很适应今天这个激烈的市场，所以当时席尔诺建厂一开始，把整个的注意力就放在老楼加装电梯的市场，02年投入市场，05年拿出调研报告，05年做了一个老楼加装电梯前景广阔的报告，很快老楼加装电梯成为了市民津津乐道的一件事儿，也正好符合上海关注民生这样一个政策，上海市有十大民生重点工程，关注民居的就有平改坡，就是老楼加装电梯，上海市率先进入老龄化，过去我们住进六七层楼的房子里面没有电梯，我们走三楼就要休息一下，这个对居民的生活质量，居住质量产生了很大的影响，现在生活水平 提高了，大家要求居住质量也提高了，特别是老年人，有时间要上上下下，但是真的不方便，席尔诺也是找到了这个市场，不和大品牌争，我们切入这个市场，做好这块，既有大格局，这个格局是关注民生，也有我们自己的小算盘，扎扎实实做我们自己这块，而且我们很快的就进行了专业的注册，现在我们已经有自己的专利，我们的专利就是挂壁式××框架一体式乘客电梯，这个听起来好象很长，其实涵盖了我们产品所有的内涵，接下来我们和上海市政府采购中心进行了一个合作，这个也是得益于我们的产品、得益于我们顺势而为，得益于我们的蓝海战术，绝不和大品牌一线去拼，我们太小，而我们全做自己的，政府采购机构，当时有一个偶然的机会，就是上海市重点工程，大家讨论的关注重点就是如何解决老年人上上下下的问题，已经进入了政府的视野，所以政府采购各个区都反映了这个问题，哪里能够采购到专门为老楼加装的电梯，上海市政府采购中心和大家碰到的问题也一样。你们能不能介绍一下，电梯行业为了自己的生存必须要有一个空间，很多新闻科室他们提出一个问题，你们这么一个名不见经传的电梯商怎么达成和政府采购，你们凭什么，我们说凭企业文化，他们说你们三年就有企业文化？我们说在北京潜伏了二十年。我们知道客户需要什么，我们打给世界上最悠闲的维修工，我们就是这个意思，我们集20年维护安装的经验，我们推出框架一体式的乘客电梯，这个肯定没有后顾之忧。就是这样。政府采购中心和我们OK，签订了长期的战略合作协议。现在许多的东西都是得益于我们政府采购中心，比如说我们最近签的成都的大单子实际上是成都的政府采购中心，和对方推介、介绍了我们，实际上我们其他的条件也是有的，现在我们的注册资本是1200万美金，现在我们关心的是中外合资，实际上这个中外合资和我们所用的洋名一开始完完全全是我们的政府采购。谢谢大家！主持人：下面有请南通蒙哥玛利电梯有限公司副总经理孙益明上台发言。孙益明：各位领导大家上午好！像政府采购如何扶持国产领域，我想说的就一句，大胆的使用，不用怕，这就是为我们国产电梯扶持，各位专家、领导大家都很清楚，我们马上要做一个六十年大庆，所有参加演练的飞机全部是国产的，谢谢大家。主持人：下面有请怡达和谐电梯有限公司北京分公司总经理毛常荣发言。毛常荣：大家好，我们的厂子在浙江湖州市南浔，那是电梯之乡，我们怡达电梯，原来在南方做的很好，现在逐渐的让北方人认识我们怡达牌电梯，而且连续几年都被评为优秀的企业，现在我们在南方，重庆、内蒙、福州、合肥、常州这一带做的相对好一点。现在我们讲有一些电梯厂家，从国外引进，我们出口项目做的很好，我们是把我们的产品推向国外，比如说在泰国、巴基斯坦，迪拜这些国家发展，而且这几年的发展，对外出口的量比较大，在国外已经有一些固定的客户，甚至有一些外国的代理商做我们怡达牌电梯。出口做的比较好，刚才我们孙主任讲，我们要大胆的用国内的产品，应该说电脑产品这些年发展的很好，很过关了，尤其是客用电梯，一般的标准电梯。有的时候配置上稍微有一点区别，今天的会议政府采购扶持国产电梯给国内的电梯厂家带来了希望。现在我才知道，给我们这个机会使我们这些中小企业，国内品牌我们看到了以后同僚有希望了，但是我觉得现在政府采购的方式，我觉得政府采购部门走惯了，不是说明年参与竞争，这个门槛一点点有个过程，才逐渐了解这些企业，让他们对我们有信心，挤进政府采购的行业里面，能把这方面的工作做好就可以好很多，希望我们通过这次论证，把这些国有企业的产品把握住。主持人：下面有请河南省现代电梯有限公司总经理郑凤云总经理。郑凤云：各位领导大家上午好，我们公司在河南发展了十多年，是比较注重售后服务的，在售后服务这方面主要是以诚信、务实，用心服务作为这个企业的理念去为这个电梯提供好的售后服务，公司在服务的过程中通过对员工的培训，对电梯技术方面的培训来为用户提供更好的服务，同时公司在服务过程中研制出了一些和电梯相关的产品，电梯关人报警器，让被动人员有安抚语言，通过我们的物业或者电梯管理人员，维修工通过快速的报警，语言的安抚让被困的人员消除紧张的情绪，同时还可以尽快得到解救，最近我们对产品进行了升级，除了关人报警之外，还能作为管理的功能，维保人员是几点几分到的现场，进行电梯的维修保养，做了多长时间，什么时候开始的，什么时候离开的，这些都能很快的进行时间的记录，这个产品可能对我们电梯出现困人以后有效的节约时间，像我们最近发生了赵工早上吃饭的时候说了一个问题，五岁的小孩在电梯吊卡的事故，有时候你可以抢在时间的前面避免一些事故和问题，现在媒体是比较关注一些新闻，有一些实际上不是很大的事情，但是他们要这种效果再进行炒作或者是很严厉的，很恐怖的字眼说，其实电梯关人是比较正常的事件，但是对媒体炒的沸沸扬扬，对我们电梯使用单位都影响特别不好。在产品方面，除了提供售后服务和好的产品解决这些问题，公司一个是注重产品，再一个是企业文化方面，我们也有自己的网站，自己的杂志，通过一些跟用户的沟通，联络，每年召开用户联谊会，让用户提出问题和意见，我们来把这个售后服务做的更好。我们公司在河南率先推出了电梯110，向媒体承诺，出现电梯关门事故是免费救援，这样为我们的公司，建立一个应急的服务中心，然后配备一些通讯，交通的设施在河南受到媒体的关注，市委市政府的一些好评。公司在河南做了售后服务，服务的一些大的企业、单位，我们这些单位说有一些客户提供好的建议，通过收集用户的意见，把我们的服务工作做的更好，今天能来参加这个会议，我也非常的高兴，因为事先没有准备，很仓促，说的不到位的地方请各位领导进行批评，同时感谢我们的政府对企业的关心和支持，希望我们能为中小企业，或者民族品牌提供更多的机遇和发展的空间，谢谢大家！主持人：下面有请北京奥安达电梯有限责任公司董事长廉书彬上台发言。廉书彬：各位领导大家上午好，电梯作为政府采购其中一小项，领导更重视，召开这次研讨会，作为电梯人来讲，非常感谢，我们缪会长也非常重视民族品牌电梯的发展，在中国电梯300期的杂志上也发表了文章，民族品牌电梯任重道远。前两天去韩国看到韩国的一些电梯，包括汽车、手机这些商品，95%以上都是本国的一些产品，作为中国也是电梯大国，电梯增长量最快，也是世界电梯份额比较大的国家。所以我们应该怎么样把民族品牌扶持好、做好，我觉得我们一些行业协会、包括政府，应该跟我们的电梯企业深思考虑，我们北京大家都知道，90%以上北京产的，上海汽车90%以上是上海产的，地方政府对汽车行业的企业比较支持，所以电梯这块，我想地方政府能不能更多的对我们提供支持，谢谢大家！主持人：一上午的发言让我们看到本土企业的信心，他们的自信心很大，有了自信心就有了发展的动力，现在有请北京电梯商会专家委员会副秘书长杨凯发言，大家欢迎。杨凯：大家中午好！今天上午听了各位专家、老总的一些发言，得到了很多的信息，时间也比较晚了，我想谈几点感受。今天来的时候跟缪会长上了一下，应该叫国产品牌电梯，合资企业的电梯包括外资企业的电梯只要在中国产的都叫国产的，我们今天讨论的目的是国产品牌的一个中国企业创造自主品牌，我们这些还有报纸、网络报道这个题目不扣我们的题，我们今天讨论的主要是问题。另外很多企业讲政府采购的框框，进口件的要求，政府采购的门槛，这个问题摆出来了，但是并没有一个交流。从这次会议来讲，应该说国产品牌得到国家的支持，税收方面也好，贷款方面也好。这些门槛的问题没有一个对比，没有一个交流，不了解这些内容就不敢买，我们说电梯还是一个安全产品，我们在家里买一个电冰箱和电视机，挑牌子这些东西有情可原，问题是我们这些品牌，我们这些信息，我们的好东西怎么样让大家知道，这个桥梁有问题。我提出这个点，如果说400多家企业，国产品牌随便抓一个用刑，肯定产品质量这一块还是需要作为一个前提的，这个是有一个信息沟通的问题。还有一点感受的话，创造中国的品牌问题，现在很多的企业有一些偏差，比如说我是无奈，我起一个洋名，但是从企业的长远发展来看，我认为不是一个长远的思路，说国产品牌要创造一个洋名，不伦不类，我自己的感觉要立足于一个起点，大家知道一个品牌，F打头的，在国内前前后后有几十家F大头的，但是这里面有好的，有中等的，也有差的，你说这个品牌能不能说？这个牌子几十家在叫这个名字，怎么可能创造出来一个中国的百年品牌。你这个牌子挺好，但是同样做这个牌子的在山东，出问题了，国产品牌要提升，怎么样提升，像海尔、联想他们怎么样可以做大，探讨一下这个企业，也是对我们电梯品牌来讲很有艺术的，电梯搞了这么多年，一直没有自己的品牌，稍大一点就被国外的识破了，最早1988年的品牌全部没有了，江南电梯后来分出来了，等等，这些都差不多了，还有剩下的一些，国产的电梯方面来讲，品牌就是价值，品牌就是钱，作为用户来讲，挑牌子从某个方面要理解，这个要好好的思考一下。谢谢大家！主持人：刚才杨秘书长提出了一个很中肯的意见，据我了解，国内现在本土企业不只是品牌的事儿，也不只是两三个品牌的情况，我相信以后我们的品牌一定会提升自己的信心。我也有这样的信心。下面有请《政府采购信息报》报电梯专刊记者宋绍彩发言，大家欢迎。宋绍彩：各位领导、各位电梯界的同行们大家好，我是《政府采购信息报》电梯专刊的记者宋绍彩，因为昨天和今天上午听了大家的讲解，给我也补充了专业的知识，我表示感谢。下面我想解说一下第五届全国集采年会的情况，年会是2005年开始举办的，到2008年已经成功举办了四届，全国集采年会暨政府采购电梯年会，是一个研究的盛会，也是一个平台，为什么参加政府集中采购年会，谁会参加政府集中采购年会，包括政府部门采购负责人，政府采购监管负责人，这是我们往届年会部分嘉宾的回顾，大家通过这个图片可以一下，由财政部副部长、中央国家采购中心、国税总局，安徽、辽宁各地采购中心的领导。在这个年会上我们会对一些政府采购部门进行评选，我们不仅要对优秀的供应商进行评选，还要对城市采购领域里面作出杰出贡献的人物进行评选。2009年度政府采购电梯最佳服务奖，还有自主创新奖，2009年政府采购电梯最佳节能奖，最佳创新奖，还有最佳环保奖，2009年政府采购最佳技术奖，共八个奖项。然后我们这次奖项是由评选评出来的，主要是三个阶段，专家组一共有九人左右，评委团是由业界专家、专家领导，分四个阶段实施，大家可以了解一下。然后评选主要是从对品牌、产品、性能指标几个方面、品牌从十个要素来考虑，技术指标从六个方面考虑。这是往届政府采购年会的回顾，这是我们一个分论坛的探讨，针对行业内的热点话题，焦点话题进行观点的碰撞。这是折政府采购十大阳光人物。政府采购精品项目奖。下边是政府采购创新奖，大家可以了解一下，政府采购优秀作品奖，我们对一些政府采购官员有自己的想法，把他写成论文的形式在报纸上发表同时对论文进行评选、颁奖。这是我们二次传播彰显专业媒体的回顾，通过本次媒体进行二次报道，这是我们去年的专栏报道。谢谢大家！主持人：我们根据本次会议的大家的希望，我们准确在会后向北京电梯行业，包括会后评选出中国民族品牌电梯十大知名品牌，中国民族电梯企业十大服务企业，中国民族电梯销量十大企业，这个活动会在会后整理，在整个行业上通过相关的媒体发出这么一个评比的工作，刚才说过了一共四个，十大品牌，十佳领军人物，十大领军企业和十大销量企业。从昨天到今天，会上会下，各位参加会议的人员都在关注我们的会议，提出了意见和建议，大家也同时倡议，我们这次会议会后形成一个倡议书，刚才也请几位把这个倡议书做一个草稿，下面有请康力的朱总念一下倡议书。朱总：关于政府采购如何支持国产电梯的研讨会与2009年9月24-25日在北京万寿宾馆召开，中央机关采购中心，北京市政府采购中心，《政府采购信息报》社，北京市工商联电梯业商会主要领导，北京电梯行业资深专家，评标专家、民族电梯企业的代表，新浪网等相关媒体，有关专业人士共60多人参加了本次会议。本次会议是首次针对民族品牌电梯采购召开的研讨会，与会代表发言踊跃，反映强烈，会议取得圆满成功，根据统计，到2008年底有生产许可证的电梯制造公司500多家，其中合资、独资的企业有20多家，其生产的电梯占市场份额80%，500多家民族企业只占20%的市场份额，这极不符合电梯产业发展的要求，事实上速度在五米每秒以下载重在三吨以内的电梯，高度在25米以内的扶梯，无论是技术水平、产品质量、性能指标、安全性、可靠性、乘坐舒适感等方面与外资品牌并无太大区别，而在维修复杂系数，配电工艺等方面，尤其是价格民族品牌 占有绝对的优势。为此，我们倡议制定出台相应的政策法规，明确政府采购方向，增强国家保护民族品牌的决心，在同样符合要求的情况下应优先采购民族品牌电梯，这是民族品牌电梯健康成长的条件；第二，政府和相关部门应制定出可行的政府采购标准，分别对写字楼、办公楼、住宅楼，公共场所所用电梯的规格、评准、参数进行分类，除国内企业不能生产的电梯之外，其余的电梯应该在国内采购；第三，倡议民族品牌企业应该加大技术投入，推出自主创新和安全可靠、质量上乘、共同努力，相互支持，做大做强，提高民族品牌电梯的知名度和市场占有率。主持人：感谢朱总的倡议书，还有大家看到的四个活动是作为我们本次会议的一个倡议，大家回去以后希望做一个穿插，我们希望把我们的活动做的有声有色，也希望我们的活动做的更加科学、规范。下面有请《政府采购信息报》社长刘亚利做总结讲话。刘亚利：尊敬的各位专家、各位朋友，两个半天的会议大家辛苦了，进行两天半的讨论，我们圆满完成了会议的各项议程，现在会议接近了尾声，两天半的会议下来，我们报社发现几个现象引人深思，第一个是自主品牌经过近三十年的发展，已经成长壮大，初具规模，中低速电梯里面达到了国际水平，高速电梯方面也有长足的进步。第二个我们国家的基础设施建设突飞猛进的发展，电梯市场的空间巨大，自主品牌面临着难得的发展机遇，又面临着强大的合资品牌，市场空间巨大，市场竞争激烈；第三个现象就是政府采购在扶持自主品牌电梯方面有待于提升。这三个现象应该引起我们的反思，本次会议达到了三个共识，自主品牌的快速成长仍需在品牌打造上下大工夫，努力大家自主的品牌，希望在今后出现一批与国际品牌对抗的大品牌。我们作为产品的管理者，应该通过采用、使用促进国有品牌的电梯，形成放心采购、开心使用的消费氛围；第三，报社和协会联合政府、企业专家的纽带，应该发挥更好的桥梁纽带的作用，借中国成立六十周年的东风确定一批技术良好一一盘点，深度挖掘，写出 企业产品的独到之处，政府采购电梯的评选已经适时开展，带每年一度的年度盛会上，我们设计了一个政府采购电梯的分论坛，我们希望专家给我们提出一些建议，我们也会通过本次会议一些好的意见和建议，通过内参等各种形式反馈给财政部，政府采购的管理和机构制定政策时作为参考，“政府采购如何扶持国产电梯”研讨会是第一次尝试，承蒙大家的支持，这次会议成果非凡，希望大家多提建议，帮我们做好电梯周刊，把电梯政府采购工作做的更好，谢谢大家！主持人：本次“政府采购如何扶持国产电梯”研讨会就到这里结束了，这次会议是很好的先例，让我们和民族品牌电梯企业一起创造优良的环境，为我国电梯行业，为民族企业电梯的发展，为电梯行业更好的为社会、民众服务努力。谢谢大家！(本次活动到此结束),3,4,0.7036213874816895
"新浪乐居独家：传红星美凯龙高层沈耀俊离职新浪乐居讯 (杨轶/文) 近日，在新浪乐居业内论坛出现一条关于《爆！红星美凯龙华北区总裁沈耀俊已低调辞职》帖子，文中透露红星美凯龙华北、东北区域总经理沈耀俊已经低调离职，此贴引起业内广泛关注。    对于沈耀俊的突然离职，业内纷纷猜测：一，红星美凯龙进入另一个发展阶段，对原高管进行岗位和薪酬方面调整，从而引发高管“出走”；二，沈耀俊与红星美凯龙集团出现了无法调和的矛盾；三、这位一路推动红星美凯龙发展的“功臣”为自己选择了另一条发展之道。就在2009年6月4日下午新浪家居编辑还对沈总进行独家采访：《红星美凯龙一小时抢驻美罗城预十一开业(图) 》，他对于一小时内拿下美罗城项目，并预计在十一开业的消息还侃侃而谈，同时对于全国要开超过20家新店充满信心。新浪乐居得知此消息后第一时间拨通了沈耀俊手机，目前手机无法接通；联系到红星相关领导没有得到回复。新浪家居会关注此事发展动态，请随时关注。    附：    沈耀俊个人履历：    沈耀俊 红星美凯龙国际家居购物广场华北区总经理。曾获中国诚信企业家、天津市优秀工会之友称号。    他以“商场化管理、市场化经营”的管理模式，积极推进配套设施改造，建成红星美凯龙国际家居购物广场，吸引了千余家名牌厂商，两年纳税2844 万元,为经济发展做出了突出贡献。安置千余名下岗职工及大中专毕业生、农民工。积极参与公益活动，为灾区群众、特困家庭、困难学生和社区建设捐款逾百万元。    红星美凯龙近期动态：    红星美凯龙一小时抢驻美罗城预十一开业(图)    红星美凯龙下半年将开20家新店 9月预华北开两家    红星美凯龙北京北五环店隆重开业(组图)    大小S千万代言 牵手红星美凯龙    关于红星美凯龙高层沈耀俊离职调查1、您认为沈耀俊离开红星美凯龙的原因是？红星美凯龙正常人事变动营销思路无法与红星发展调和个人谋求更大发展其他原因2、您认为沈耀俊辞职是否与当前经济形式有关？有关无关不好说3、您认为未来红星的发展战略是否会发生重大转变？会不会不好说",3,4,0.6769557595252991
新版国标实施 防火门企业进行彻底洗牌2009年初几场火灾事故的相继发生，再度敲响了消防安全隐患的警钟，在人们开始重视建筑产品的防火功能时，被描述为“生命之门”的防火门，首当其冲成为众人关注的焦点。 近日，从公安部消防产品合格评定中心获悉，截至8月3日由国家固定灭火系统和耐火构件质量监督检验中心(天津)检验获得GB12955-2008《防火门》国家标准新版产品型式认可证书的防火门生产销售企业已达88家；截至8月7日由国家防火建筑材料质量监督检验中心(四川)检验获得GB12955-2008《防火门》国家标准新版产品型式认可证书的防火门生产销售企业已达66家。公安部消防局有关负责人曾对媒体表示，中国公共消防设施建设和消防安全产品需求急剧增多，消防产业呈现前所未有的发展势头，目前全行业已经拥有1万多家生产和服务型企业，生产近千个品种的消防产品。但我国消防产品市场秩序还较混乱，大量劣质消防产品流入建筑工程和消防系统，导致消防设施形同虚设，造成大量火灾隐患，严重危及公共安全。从全国各个城市情况来看，防火门是消防产品质量问题最突出的领域，近来国内一些火灾，尤其是人员密集场所火灾之所以造成群死群伤事故，其主要原因是疏散通道或安全出口防火门不符合规定要求引起的。严格把控“准入门槛”随着2008年4月22日新版防火门产品国家标准的颁布及从2009年1月1日开始正式实施，新标准对防火门的种类、分类、制作材料及相关概念和要求等方面都进行了重新修订，对产品质量鉴定和检验的要求更加严格，是对防火门企业进行一次彻底洗牌。能否顺利通过新标准的鉴定换得“新证”，这成为防火门生产企业将面临的巨大挑战，毕竟，拥有这张新的“入场券”，是各家企业能够继续销售的首要前提。目前国内有1000余家企业生产销售防火门，市场容量达到了饱和程度，因此在一定程度上一些厂家采取了恶性降价的手段来争取市场份额，导致了产品质量的下降，更有甚者以蜂窝纸替代防火填充材料，耐火性能远远低于国家标准。新标执行遇“尴尬”虽然防火门在建筑防火中所占的比重并不大，但总体来看，市场非常混乱，质量低劣的产品充斥市场，给建筑防火带来了极大的隐患，防火门的质量尤其令人担忧。据有关报道，在江苏省一次对防火产品的抽查中发现，防火门的合格率仅为45.5%，市面上销售的防火门种类繁多，但质量真正过硬的产品却屈指可数。各家防火门产品的价格参差不齐，有些甚至相差了数倍以上，可想而知存在“低价陷阱”。以次充好、粗制滥造的伪劣产品在市场上依然随处可见，很多厂家生产的防火门钢板厚度仅为标准的一半，填充材料耐火性差，厚度不够，防火板质劣。更有甚者，明知防火门是用来阻隔火势的，必须使用耐火材料，却将易燃的蜂窝纸作为防火门的填充材料，于是，用于保护居民安全的防火门，硬生生成了“放火门”；另外受检产品也出现了“仪仗队”，部分企业为了获取相关产品的市场准入证明，花高价购买样品送检，证书到手后，自身产品质量仍不合格。根据建筑设计规范中的有关规定，商业、娱乐场所以及高层建筑的6层以上，都必须使用带有防火功能的入户门，但产品质量的难以保证，给建筑防火功能带来了极大的隐患。随着新标准的实施，是否能拿到“新证”，成为想要继续“分一杯羹”的生产企业首先必须面对的问题。按照新标准进行的换证复审，对企业的规模、技术、产品质量提出了更高要求。是防火门，更是生命之门！根据公安部消防局火灾数据统计，2008年1至10月在人员密集场所火灾中死亡的188人中，82%是由于吸入室内装饰材料燃烧释放的有毒烟气中毒窒息而死亡。火灾事故致命的“罪魁祸首”往往不是火，而是烟雾。因为早在火势大幅蔓延前，很多人就已因为吸入过量有毒烟雾而昏迷，葬身火场。防火门除具有普通门的作用外，更具有阻止火势蔓延和烟气扩散的作用，可在一定时间内阻止火势的蔓延，确保人员疏散，一旦发生火灾，防火门是保护人们生命财产安全的一道防护门。或许，这就是人们把防火门比作“生命之门”的原因。然而，随着市场竞争的日益激烈，伪劣产品层出不穷。这扇本该坚若磐石的“生命之门”，在大火面前，其实脆弱得不堪一击。在每一个事故发生的现场，生与死，常常只有几步之遥；对于防火门的生产企业而言，安全与否，也就在一念之间。我们不能预知未来，但至少可以有所准备。新标准实施，新证严格审查，公安部对消防安全的保障，很是坚决。不过，业内专家也认为，防火门市场的规范，与消费者安全意识的加强也很有关系。不少企业偷工减料节省成本，其实主要是看准了消费者贪便宜的心理。消费者必须要真正开始重视防火门的质量和安全性。消防系统人士提示，选购防火门一定要认准具备防火门生产资质的企业。防火门生产企业必须获取公安部消防产品合格评定中心下发的消防产品型式认可证书方可生产、销售、安装防火门。而已获得认可证书的企业，一旦证书被暂停或是过期未换证，在证书被恢复前同样不得销售、安装和使用防火门产品。我们衷心地希望，每一个手持新证的生产企业都能保有那“一念之间”的正直，让防火门真正成为生命之门。,3,7,0.4998212456703186
旧家具市场急需除三害□晚报记者 王翔 摄影报道 “大衣橱里满是蚊子尸体，这些旧家具怎么回事？ ”近期本报接到不少市民投诉，反映买来的二手家具存在诸多问题，使用寿命短得惊人，散发出的刺鼻胶水味不但熏死蚊虫，甚至让人头昏脑涨。记者调查发现，随着租房市场的火热，二手旧家具的需求量很大，但由于缺乏规范管理，旧家具市场处于无序状态，从收购、运输、翻新到最终定价出售，“做主”的都是各个店家，缺质保、私翻新、乱定价是主要的“三害”。消费者一旦买到劣质家具，由于没有发票等凭据，大多只能自认倒霉。 案例一： 5斤果盘压断大理石 张先生2002年从山东烟台到上海工作，一直租住房屋。前段时间，他到北虹路附近的旧货调剂市场添置了一些旧家具，其中包括一张大理石茶几。一天，他将一个装满苹果的果盘摆上茶几，结果约1厘米厚的大理石台板突然断裂，将张先生的左脚背砸出一道长约5厘米的血口。 事后经张先生检查，发现大理石茶几以前断裂过，裂口被强力胶修补过。张先生找到出售茶几的商贩，但对方称张先生“使用不当”，将责任全部推到张先生身上。张先生称了一下装满水果的果盘，总重不过5斤左右，这可能将1厘米厚的大理石板压断吗？ 案例二： 大衣橱成了“灭蚊器” 李彬和妻子租住在共和新路，半年前生下儿子，他们想添置些家具。为省开支，李彬到旧货市场花了400多元，买来两件看上去有9成新的橱柜。但没两天，李彬赶紧将橱柜搬出房间。“打开橱门一看，都是虫尸，怎么敢用？ ”李彬说，家具买回的次日，打开衣橱门就发现橱内散落着不少蚊虫的尸体。李彬在两个橱柜里都闻到了刺鼻的异味，有些装修经验的他分辨出是劣质胶水的气味。担心对妻儿造成伤害，李彬立即将橱柜搬到门外，两件家具使用不到两天就被迫淘汰。 记者调查 二手旧家具出售前进行“美化” 商铺每月经手上百件 记者来到漕宝路上的淮国旧物调剂市场，这里有不少店铺经营旧家具买卖。记者走进一家专门出售旧家具的商店，店主马先生坦言生意不错，他指着店内的一排电脑桌说：“上个月从一家倒闭的公司收来，总共55张，现在卖得只剩六七张了。 ” 马先生说，来买旧家具的主要是来沪打工的外来人员、在外租房的年轻人，他们不会长时间居住，买旧家具就图个便宜。旧家具买卖利润丰厚，他开的这家百余平方米的店铺只是中等规模，但每月经手的旧家具至少上百件，如果遇上利润高的商品，月入数万元不成问题。 谈话间，马先生的商铺门前停了5辆满载旧家具的黄鱼车。 “他们走街串巷收货，光运到我这儿就能赚上一倍多。 ”马先生说，除了少数居民将家具直接卖到店铺，几乎所有的旧家具都是由这些黄鱼车车主收来。 黄鱼车车主老李说，旧家具价格“缩水”很厉害，一整套家具新买时可能超过万元，但在收购时不管成色如何，瞬间缩水20倍左右，基本不可能超过500元。像十多元收到一个大衣橱这样的“好事”，也经常能遇到。 零散商家自组市场 记者来到“大名鼎鼎”的沪太支路上的旧家具交易市场，该市场由许多临街二手家具商铺自组而成，近两公里路段上的临街家具商铺约有30多家，整条道路两侧挂满了收、卖旧家具的广告木牌。 在一家专卖衣架的家具店门前，一名车主骑着黄鱼车而来，车上满载几套旧家具。店铺员工点燃焊接器，开始逐件修补这批刚到货的旧家具。 记者跟着工人来到店铺后，这里是个小作坊，几名工人正忙着给旧家具刷油漆。 “表皮一贴、油漆一刷，从外表上根本看不出来，”正在修补一张单人床的木工孙师傅说，旧家具被收来后几乎都要经过翻新处理，最普遍的手段就是贴片、刷漆，经过“美化”处理后，旧家具看上去至少有9成新。 记者走访了多家旧家具商铺，发现旧家具“美化”情况普遍，一些旧家具上可以闻到刺鼻的异味。一名店主说，买二手旧家具的消费者多数是图个便宜，对翻新情况不以为然。 “美化”旧家具藏凶险 根据读者提供的线索，记者来到长宁区北翟路一处二手家具厂，隔着围墙可以看到，整个厂区不超过300平方米，但货物来往十分繁忙。半小时里，拉货、送货的客车、黄鱼车络绎不绝。记者从附近居民处了解到，这家二手家具厂的厂区内存放着大量旧家具和各种“美化”处理剂及零件。 从事多年家具制作的行家王先生表示，按行业规范来说，家具制作中最毒的就是油漆和胶水，但多数旧家具商铺只关心降低“美化”成本，一旦使用有毒物质含量严重超标的产品，很容易导致使用者癌症、血液病的发生。 相关建议 尽快建立专业的二手旧家具市场 经营家具行业多年的刘以林说，由于目前市场的无序状态，一件旧家具要再次卖出，经历环节众多，才会出现黄鱼车主、商铺、加工厂都来分一杯羹的情况，无疑削薄了利润空间，这样就会出现利用劣质产品翻新的行为。刘以林建议，有关部门可考虑增设废旧家具寄售、翻新和拍卖场所，使其循环利用，“变废为宝”不仅充分利用社会物资，让更多消费者得到实惠，而且更突出了环保的需求。 现阶段，二手家具市场主要存在以下三大弊端。 -缺质保 从市场实际情况来看，二手旧家具被黄鱼车车主收购而来后，自带的购买凭证基本缺失，购买这些旧家具的消费者如果遇到质量问题，根本不可能到生产厂商处维修。 一名在淮国旧物调剂市场经营二手旧家具的店主坦言，他在市场申请的经营资格是旧货调剂买卖，但保修卡这类文件只在二手旧电器上才会出现，店铺中售出的二手旧家具一般是“货物既出，概不退还。 ”如果消费者要维修，可以去找木工。 -私翻新 家具业内人士刘以林介绍，购买旧家具的消费者有个“误区”，认为旧家具已被人使用过，应该没有污染问题，但由于现在旧家具市场中翻新“美化”情况较多，这样的想法并不正确。 旧家具翻新，原本针对中高档家具损坏后的修补，专业家具处理剂价格十分昂贵，二手家具店铺所使用的油漆或胶水则来历不明。使用劣质胶水来“美化”旧家具，不仅使用寿命短，而且对消费者健康造成损害。 -乱定价 现在旧家具交易市场处于无序状态，出售价格按市场内的供需要求来定。一张7成新的竹制躺椅，可以从冬季时的50元卖到夏天时的100元，而其收购价才10元左右。 因为处理渠道的缺乏，市民家中替换下来的旧家具，通常廉价卖给走街串巷的“黄鱼车”。有时，为了让自己收来的旧货卖出个好价钱，“黄鱼车”收购队四处行动，一车车旧家具从南拉到北，价钱也可能会随之上涨数倍。,3,1,0.6993757486343384
时尚倾城 记佛山设计师时尚沙龙近日，宁静的佛山创意园飘来一段悠扬动听的萨克斯管乐，循声寻去，只见二号楼特地陶瓷门前热闹非凡。原来今天是佛山特地陶瓷总部展厅“蝶舞倾城创意馆”全新装修完毕重新开幕，邀请到来自佛山大区的多个知名装饰企业的高端设计师60多人以及行业媒体嘉宾共计百人举办了“2009特地新品鉴赏会暨时尚沙龙”。本次时尚沙龙由知名陶瓷品牌特地陶瓷与德国品牌索纳尔家具联手举办，以“时尚、高雅、分享”为基调，旨在展示企业的文化理念并针对设计师人群，打造出一个时尚的聚会。今天在这里，大家放下紧张的工作一起感受特地陶瓷所倡导的精致生活概念。百位嘉宾在蝶舞倾城创意馆的普罗旺斯大厅上济济一堂，一边享用着精美的自助餐点，一边期待着特地、索纳尔这两个走在家居业前沿的品牌将为大家带来的精彩。佛山特地陶瓷有限公司董事长冯红健先生和艺术中心总监罗明枝先生、德国索纳尔家具中国区总裁谢志伟先生以及省环协、省装协佛山分会负责人汤浩宁先生出席了沙龙盛会。在热烈的掌声中，特地董事长冯红健和艺术总监罗明枝先后上台致辞，都向在座嘉宾传达一个信息：今天尽情享受休闲的乐趣，一起品赏法国红酒与摩卡咖啡，为特地的新产品面世作见证。沙龙活动内容丰富，包括美食分享、鸡尾酒试赏、鉴赏国外进口高级红酒及红酒文化讲座、中国风淑女主题摄影活动等，还特别邀请到陶业中有名的旅游、摄影家陈国龙先生进行“玩路者”旅行分享。其中最为吸引眼球的是特地公司著名的产品时尚秀，产品加工成令人意想不到的式样，由美女模特身着各式风格华服配合着或现代或古典的舞台表演刺激着嘉宾的观感。华丽的舞台、动人的音乐、迷人的模特，如此极致华丽的表现方式，令在场的嘉宾们看得如痴如醉。沙龙上发布了特地陶瓷的三款新品负离子釉面砖：“金碧辉煌”石纹瓷片、韩式墙纸瓷片、地中海风海厨房瓷片系列。德国索纳尔家具在会上也展示了其09年推出中国市场的户外家具系列产品。多款新产品及新改造的样版间令人眼前一亮，深得设计师朋友赞赏，加上美丽动人的美女模特，爱好摄影的设计师围在一起用心爱的相机拍个不停。在场的嘉宾被现场的气氛感染得非常兴奋，整整三个小时的过程中没有人离开，还把在公司里的同事都急呼过来了。设计师和媒体朋友觉得本次沙龙气氛很好很快乐，不仅成功地将企业文化和产品介绍给设计师，还实实在在地令大家享受到时尚的生活乐趣。,3,6,0.7409785389900208
昆明人民政府与红星美凯龙签订战略合作协议2010年1月19日昆明市人民政府与上海红星美凯龙企业管理有限公司签订战略合作协议，共同繁荣昆明商贸市场，提高商贸服务业、物流业国际化水平。3年内，红星美凯龙在昆投资将达数十亿，打造继上海全球旗舰店之后又一个专业化国际市场，并在昆设立西南地区总部。昆明市近年经济增长迅速，城市发展态势优良，同时具有得天独厚的辐射能力，一直是红星美凯龙关注的重点城市。2008年，红星美凯龙正式进驻昆明，目前已投资2个项目：西山区24号片区的一期改造、五华区城中村岗头片区改造项目，总投资达70亿元。据透露，集团将把昆明的商业布点作为在西南地区发展的重要一站——辐射南亚、东南亚地区的桥头堡。红星美凯龙自1986年创立以来，已在北京、上海、天津等地开办了60家连锁家居商场，总经营面积超过618万平方米，成为中国家居行业第一品牌。自进驻昆明以来，得到了昆明市委市政府的大力支持，合作列入昆明市重点招商引资项目，昆明市委市政府对红星美凯龙这样的行业龙头企业非常重视，希望红星美凯龙的进驻可以促进昆明现有家具建材行业的升级换代，提升昆明百姓居家文化的品质。签约前，省委常委、市委书记仇和，市委副书记、市长张祖林会见了红星美凯龙董事长兼CEO车建新一行。仇和向客人热情推介了昆明，表示欢迎同行业中的龙头品牌企业红星美凯龙进入购买力高度集中、零售市场很大的昆明投资发展。对落地项目，昆明将无条件、无阻力、无障碍地做好服务。依托各自商贸经济领先和品牌集聚优势，双方将建立长效合作机制，发挥市场机制对资源配置的基础性作用，加强重点产业和骨干企业的经济合作，促进产业东西联动，培育自有品牌和扶持民族品牌，通过提供品牌发展阵地，优化品牌扶持政策，搭建品牌宣传平台，促进互动双赢发展。此外，红星美凯龙西南地区总部也将落地昆明，拓展在昆业务范围。红星美凯龙董事长兼CEO车建新此行考察了在五华区、西山区拟建项目及呈贡新区建设、螺蛳湾国际商贸城。有感于昆明各级政府的大力支持和高效的工作风格，红星美凯龙计划加大在昆明的投资，继续参与西山区24号片区二期改造。预计到2012年底，红星美凯龙在昆投资将达数十亿亿元，解决近万人就业。,3,6,0.7758809328079224
明式家具暗藏人体学省收藏家协会古典家具委员会主任顾汶做客本报视频谈古典家具收藏“家具不仅能使用，还有鉴赏价值和升值潜力，因此我建议大家在换新房的时候把祖传的家具保留下来，不要随便处理了，没准你就损失了一大笔。”昨天，江苏省收藏家协会古典家具委员会主任顾汶来到扬子鉴宝视频直播室，为本报读者讲一讲古典家具的鉴赏收藏知识。明清老家具最受青睐顾汶介绍说，与瓷器、字画、玉器、青铜器等传统收藏门类相比，古典家具进入收藏领域的历史较短，过去人们购置家具的目的，主要是为了使用和摆设。“文革”浩劫使大批古典家具散落民间，且价格不高，从而进入一些藏家的视线，“80年代初进入古典家具收藏界的几位玩家，如今大多成为中国古典家具的收藏大家。到了90年代中期，明清古典家具已成为收藏领域的主流藏品。”古典家具为什么具有收藏价值呢？顾汶介绍说，首先，它们具有一定的历史文化价值。中国古典家具制作工艺的传承和发扬，反映了我国博大精深的民族文化，在中国家具的进化史中也可体味到近千年来历朝历代变革的沧桑。其次是艺术价值。中国古典家具特别是明清家具的艺术水平达到了世界家具制作工艺的巅峰。“近年来，世界各大博物馆都相继展出过中国古典家具，在全球性的艺术珍品拍卖中，瓷器和明清硬木家具，是中国文物中最受青睐的拍品。”2500元明清官帽椅拍得70万“在使用中收藏，是古典家具收藏的重要特点。”顾汶介绍说，使用的过程就是保养和鉴赏的过程，有不少古典家具收藏家最初收藏的目的就是为了摆设和使用。目前，书房、客厅古典家具存世量较大，就是与它的实用性有着直接的关系。与其他艺术收藏品相比，我国古典家具收藏兴起虽然较晚，但已成为升值最快的门类之一，特别是黄花梨和紫檀材质的古典家具。顾汶表示，在1985年前后，一对明末清初的黄花梨四出头官帽椅价格在2500元左右，而如今文物拍卖中可卖到60万-70万元，一些成套或大件家具更可卖出数百万元甚至上千万元的高价。明式家具早就用上人体工程学顾汶介绍说，明式家具的风格起于明中期，当时朝廷开放海禁，大量东南亚地区产出的珍贵硬木如紫檀、花梨木等运入中国，这是硬木家具在明中期兴起并流行的重要条件。由于官宦和富商争相购置、使用硬木家具，以显示其豪门地位，推动了明式家具制作水平的迅速提升。具体来说，明式家具有很多特点，比如它的木纹追求自然美，很多明式家具为了表现其自然纹理还特意不上漆，而是通过其自然的打磨使其纹理自然显现。另外，明式家具为了追求合理的结构，很少用或者甚至不用钉子，而是用榫卯代替，这样就看不出人工拼接的痕迹，使其更具有整体的美感。“最有意思的是，明式家具的设计已体现了人体工程学，在结合合理的力学设计中，明式家具主要以舒适为主，比如它的靠背会采用S形曲线，符合人的脊背特征，靠久了也不会感到累。”另外，很多凳子还有脚踏杖，是专门给双腿提供“休息”的地方。收藏清和民国家具正当时“十年的‘文革’浩劫让很多珍贵家具毁于一旦，特别是明清时期的家具被损毁情况严重，现在已不多见，大多时候只有在博物馆或者拍卖会才能见到这些家具的‘真面目’，目前市场上流传的很多都是‘山寨货’。”顾汶介绍说，明式家具不易见，但是喜欢古典家具的藏友，可以选择清中晚期和民国家具来收藏，它们目前的市场价也不高，升值空间也不错。顾汶具体介绍到， 清式家具起步于康乾盛世，艺术风格以宫廷审美情趣为主，主要特征是“料实工精”，硬木家具选料多用紫檀。清晚期因资源匮乏，紫檀难觅，而不得已选用酸枝木。清式硬木家具在造型上刻意表现豪华和富贵之气，因此家具尺寸比明式的更大，轮廓线条以垂直为主，装饰手法多采用雕刻和镶嵌，其中牙雕、竹雕、漆雕和嵌石、嵌瓷、嵌螺钿、嵌珐琅的技艺令人叹为观止。清式家具继承和发展了明式家具艺术，还出现了“苏作”、“广作”、“京作”、“晋作”等诸多流派。售卖故事越动人越可能是赝品“收藏古典家具，需要具备丰富的专业知识和实践经验，涉及木材、工艺、结构、造型等各方面。”顾汶介绍说，目前，做旧后冒充明、清家具的在古玩市场随处可见，建议初入道的藏友下手前一定要请有经验的藏家帮助鉴定，以免失手。例如，在淘宝时藏家除了考察家具材质外，还要观察它的包浆(老家具表面因长久使用而留下的痕迹，因为有汗渍渗透和手掌的不断抚摸，木质表面应泛起一层温润的光泽)情况，这一般是较难造假的。另外，在挑选样式时最好随身携带明清图谱样式进行对照。 顾汶特别建议到，大家在“淘宝”时一定要谨慎小心，不要落入买家的“故事圈套”。现在河南一代的仿古家具特别多，且精明的经营商还给每个家具配上“感人故事”。比如，他们会给仿制家具故意制造一些缺陷，且一并附上缺陷背后的“故事”，不听故事还好，一听这坎坷的故事，就会让你觉得这家具果然来之不易，“其实我个人觉得‘故事’越是感人的，就越可能是赝品。”顾汶凭着自己多年的收藏经验如是说。,3,1,0.6612136960029602
景德镇陶瓷精品9月赴台展出海峡两岸陶瓷精品展将于9月在台北和高雄展出。届时，台湾民众将能观赏到250件代表60年来景德镇陶瓷发展最高水平的陶瓷精品。据悉，目前陶瓷展品征集工作已经结束，共收到1100多件陶瓷作品，由中国工艺美术大师秦锡麟等专家组成的评委会从中选出250件作品参展。参展作品涵盖了60年来各个时期景德镇陶瓷精品。(双木),3,1,0.857150673866272
曲美赵瑞海：明年市场竞争加剧做最好的自己赵瑞海：我觉得还是老生常谈，就是自己要把自己的事做好，要跟上市场的要求。因为竞争一旦加剧以后，企业的综合指标就能表现出来，比如你的成本供应能力，企业运行的效率，包括你的创新能力，包括你的经销商团队，产品设计创新方方面面。我觉得整个企业是一个体系，方方面面都需要加强，也希望迎接到产业一个新的模式。比如我们新建一个工厂，我们正在研究一种在无人的条件下，一个高科技全智能化的设备体系。因为未来人工成本越来越高，怎么让成本不断处于下降的趋势。其实我们的成本很难控制，我们是一个劳动密集型的企业，人工成本每年在10%的速度在增长，这时候你如何做好方方面面的工作是一个很重要的事情。杨轶：感谢赵总！我很期待您的第四件事，我也希望网友和行业能够关注赵总的最新动作，期待下一次跟您的合作！谢谢大家！,3,4,0.5102284550666809
有人买房 便拉生意 装修公司守住楼盘揽客□记者寇润涛本报临沂5月5日热线消息“您刚买了房子，需要装修吗？我们公司的装修质优价廉。”5月5日，在罗庄区一楼盘售楼处，前来收楼的杨女士刚领到房屋钥匙，就碰到装修公司的人员拉生意。据了解，随着装修行业竞争日趋激烈，一些装修公司直接在售楼处旁揽客成为比较普遍的现象。5日上午，罗庄区市民杨女士拿到新买的房屋钥匙后，刚从售楼处里出来，一位自称某装修公司项目经理的人便将杨女士拦下，介绍公司的情况，想揽下杨女士家装修的活。对于装修人员热情的自我推荐，杨女士有些意外：“怎么装修公司都搬到售楼处门口了？”随后，记者走访了市区一些装修公司发现，装修人员到新建楼盘小区拉生意的情况并不在少数。兰山区沂蒙路一家装修公司的相关人员表示，目前临沂市大小装修公司越来越多，市场竞争也随之日趋激烈，以往“在公司等客户上门”的经营方式已经不适应现在市场，因此部分装修公司便让人守在楼盘小区售楼处附近，尽量多获得一些客户。 □记者寇润涛本报临沂5月5日热线消息“您刚买了房子，需要装修吗？我们公司的装修质优价廉。”5月5日，在罗庄区一楼盘售楼处，前来收楼的杨女士刚领到房屋钥匙，就碰到装修公司的人员拉生意。据了解，随着装修行业竞争日趋激烈，一些装修公司直接在售楼处旁揽客成为比较普遍的现象。5日上午，罗庄区市民杨女士拿到新买的房屋钥匙后，刚从售楼处里出来，一位自称某装修公司项目经理的人便将杨女士拦下，介绍公司的情况，想揽下杨女士家装修的活。对于装修人员热情的自我推荐，杨女士有些意外：“怎么装修公司都搬到售楼处门口了？”随后，记者走访了市区一些装修公司发现，装修人员到新建楼盘小区拉生意的情况并不在少数。兰山区沂蒙路一家装修公司的相关人员表示，目前临沂市大小装修公司越来越多，市场竞争也随之日趋激烈，以往“在公司等客户上门”的经营方式已经不适应现在市场，因此部分装修公司便让人守在楼盘小区售楼处附近，尽量多获得一些客户。,3,4,0.7105141878128052
有笑有泪的欢乐旅程6月2日，来深圳的第三日路线：欢乐谷——民俗文化村——机场有笑有泪的欢乐旅程深圳游的最后一天了，小朋友们隐约都有些不舍。一大清早，虽然还有些恋床，但想到一整天丰富、有趣的行程，当然是毫不犹豫准时出发了。充满欢乐的旅程中有笑也有泪，这里记载着最真实的他们和圆方园在一起的三天，最美丽的瞬间。红领巾传递爱圆方园“红领巾行动”命名源起于借助庄严而神圣的红领巾的传递力量，将希望与爱传递下去。这时，小朋友们又将他们最为真诚的爱回报给了我们。众多媒体竞相采访感谢社会大众对公益事业的热心支持，第一现场、深圳特区报等众多知名媒体都前来采访报道，呼吁更多的人来关注这群需要关心的孩子们。挥洒热泪的送机场面要走了，三天的美好行程就要结束了。可是小朋友和深圳这批关心他们的人都不舍在这一刻分别。他们泪下现场，真情流露。至此，三天的深圳行圆满结束。这群来自四川都江堰的小朋友们在这里度过了一个难忘的、特殊的六一节。然而这并不是一个结束，这又是一个新的起点，圆方园与社会各界热心公益事业的单位、个人还将把这种关爱延续下去。,3,6,0.6000367999076843
李计忠个人简介中华民族优秀传统文化的优秀传人、易学学者、预测大师、策划专家、世界名人李计忠先生，安徽省宿州人氏，生于一九五三年，现定居海南，并创业于北京、上海、海口三处。李计忠先生现为海口紫竹策划服务公司总经理，东方河洛研究中心总经理，兼任中国易经学院秘书长。并常年受聘于山东鲁能集团、北京建国饭店、海口宝华大酒店、香港金龙群英集团、西洋国际大酒店等三十多家上市公司、集团公司、星级酒店宾馆，担纲经济策划和投资总顾问。是古今易林中屈指可数的佼佼者之一，是现代易坛上最为成功的人士之一。今人李计忠，挟八卦、六爻、四柱、手相、面相、风水等六术于一身，又旁通奇门遁甲、大小六壬之术，更独掌八卦阵法，尤以化煞解灾调运最为有效而见长。他通过各种术数方法的调理和化解，不仅使成千上万的黎民百姓，得以排忧解难，更使几百家企业起死回生、扭亏为盈。对山西省某市所进行的整个城市的风水调理，更开创了当代大型风水的先河。是古今易林中百年难得一现的奇人之一，是现代易坛上最为夺目的星曜之一。 为了实现承传和弘扬《周易》文化的宿愿，他不仅辛苦奔波于海内外三十多家集团公司、星级酒店担纲经营投资策划总顾问，还自力创办 了研用易学的专业机构——东方河洛研究中心，著书立说，教书育人，现已将《一卦多断绝学精典》、《调堪风水绝学七法》等20多部专著奉献于世间。更为《周易》文化培养传人一万，收弟子三千。特别是广传“一卦多断”之法，在海内外掀起了新一轮学易热潮。是当今易林中人弘扬《周易》文化功劳最为卓著者之一，是当今易坛上可堪称“一代宗师”者的大师之一。,3,1,0.5071001648902893
村民花40万装修小洋房 豪华程度赶超副市长家一个1200多户的普通村庄，有300多户人家都是百万富翁。村里一个普通农民的住房，竟让副市长感叹比自己家装修还好。昨日，在我市召开的全市社会主义新农村建设工作会上，这个位于璧山县的璧城街道新堰村最为引人注目。村民花40万装修小洋房“你们家里装修得比我家里还好。”昨日，在璧山县新堰村村民张敬华家中，市委常委、副市长马正其发出这样的感叹。张敬华家是一栋三层楼的小洋房，一共300多平方米。屋门前是一个50多平方米的院坝，二楼和三楼都有大露台。张敬华称这栋房子是自己修的，修房子花了10多万，装修花了近40万。装修用的都是比较高档的材料，就连楼梯间也用了大理石包边。家里不仅电视、冰箱等家电一应俱全，连电脑也配置上了。张敬华说，他家的土地早就流转出去了，家里的主要收入来源是靠孩子做皮鞋生意，每年能有几十万的进账。有的人家有三四辆私家车一个村里，有一两户有钱人不稀奇。然而在新堰村像张敬华家这样的人家非常普遍。走进新堰村，绝大多数都是两三层楼的独栋小洋房，每栋房子大约有200~300多平方米，房前屋后有花园绿化。村里有图书馆、文化活动中心等设施。该村村主任邹治全告诉记者，新堰村全村有1219户人家，2008年人均年纯收入约12000元。在这里百万富翁扎堆，至少有300户以上的人家资产就超过百万。邹治全说，80%的村民家里都有电脑。全村至少有200多辆私家车，有的一户人家都有三四辆私家车。村民人均收入位居全市前列“我们虽然没有统计过全市每个村镇的收入，但像新堰村这样人均收入过万的，绝对是‘一线’”。昨日，市农委相关负责人介绍，在主城近郊可能有经济发展较好，村民人均收入也不少的。但新堰村的村民收入水平在重庆，也属于非常高的，位居全市前列，此外，与近郊区县相比，这个村更有示范意义，因为，农民的大部分收入来自于农业——种菜。一个普通的村庄，是如何发展成人均收入过万，称为重庆的华西村的呢？该村村主任邹治全向记者介绍了村民的几条致富路径。新堰村的三条致富路1.流转土地 当“地主”又当雇工从上世纪90年代初，璧山县在这个村布点发展蔬菜种植业。该村村主任邹治全说，从上世纪90年代起，村里每年都会组织村民外出考察学习，村民们开始有意识地发展规模种植。“这些把土地流转出来的人，既是‘地主’，又当雇工。”邹治全解释说，村民们把土地流转出去，每年可以拿到一部分钱，然后他们继续在流转的土地上当“雇工”，又赚工资。现在，全村2488亩地有2150亩地都种上了蔬菜。到2008年，全村年产蔬菜3500万公斤，产值达到了4000万元。2.掌握技术 外出承包当老板村民们自己掌握了技术，就开始到其他地方承包土地来种。村民郭忠全就是其中之一，郭忠全到邻镇承包了50亩的土地种植无公害蔬菜。今年上半年收入就达20多万。邹治全说，村里种植的4000多亩蔬菜地中，有2300亩都是从其他村庄流转过来的土地。除璧山外，还有不少村民到四川、贵州等地区搞规模种植。3.眼界开阔 自主创业“村民的眼界开阔了，钱包里的钱多了，也开始发展其他产业。”邹治全说，村里还有一部分富翁来自于自主创业的，有利用璧山的产业优势，开皮鞋厂、开摩配厂的，也有外出到沿海打工，带回技术自主创业的。,3,4,0.8634674549102783
杜邦钛白陆明兰：每个人都应该有节能减排意识主持人：谢谢杨主编的精彩介绍。刚才说了一个特别好的话题，低碳的生活、节能减排的生活、绿色的生活又成为房地产商的大卖点，希望各位房地产商都可以勇争“节能之星”最具品位楼盘评选活动。下面有请来自杜邦钛白科技有限公司总经理陆明兰女士致辞。陆明兰：尊敬的大连实德的张总，各位来宾、朋友们大家下午好！最近房地产市场特别热闹，话题特别多，更多的话题都是今天在说明天要涨还是要跌，房价高还是低，但是在所有的讨论的背后有一个议题，不管是对政府、开发商、消费者，我们共同关心的都是怎么样建质量好的房子，给大家提供有质量保证，对环境更好的住房。我也非常的看到今天的论坛讨论的内容正是怎么样向市场提供大家所需要的质量更好的住房，提供环境友好型的住宅，将节能减排放入到我们通常的议事日程当中，我想对整个房地产市场推动作用意义是非常重大的。很多的行业都非常重要，但是在中国目前的阶段，房地产市场在国民经济当中的地位是特别高的，从各个环节来说，这是为什么呢？我们在这个行业里面要提倡节能减排，我想影响也是非常重大的。大家都知道，在整个的行业当中需要用到各种各样的材料，这些材料都需要各个行业的配合，建材、设备，许多生产部门和劳务相配合才可以做到。杜邦既不做房子，又不生产窗，跟这个有关系吗？实际上我们是在整个产业链比较上游的位置，房地产行业的发展，它会涉及和拉动很多相关行业的发展，这些行业当中杜邦都会有身影在其中。我想杜邦能够在这个行业里面能够和大家共同关注的一个方面，我也很高兴今天杜邦公司参与到这个讨论当中，我也代表杜邦希望在这里和大家有一些探讨。杜邦公司实际是一家以科技创新为主的企业，我们所处的各个不同的产业价值链当中，我们相对是比较上游的，我们所要做的就是怎么样通过我们的产品和技术影响和推动整个产业链上的节能减排，进行可持续发展而努力。今天我们看到的是住房，真正的算到碳排放的时候，是从最初的原始材料算起的，所有的生产过程当中都有，不仅我们的型材在客户用的时候，做成了窗之后对建筑的节能减排，其实我们在型材生产的过程当中也会关注，我们作为杜邦公司很多原材料在上游来讲，我们怎么样看在你的产品从最初到最后整个碳排放，我们在住房的环节里面，也会特别参与进去。我们也讲一下对建筑业的服务，大家对杜邦的了解很多都是杜邦油漆等等，但是我们建筑行业是很大的下游应用行业，这里边也特别有请建筑创新部门的王女士也在这里，我们很多的产品都用在商业建筑、民用建筑，工业建筑的技术当中，比如说我们有透气的膜，还有安全玻璃钢的夹层，大家看美国的大峡谷走道是用玻璃钢做的，我们的产品还包括太阳能电池的一些系统，还有蓄热材料，可以把热量聚集起来使用，还有一些特别的型材，我要特别提到的是钛白粉，其实钛白粉在很多方面都可以用到，所有的这些产品都以各自不同的性能，或者是直接降低建筑物的能耗，或者为建筑物提供一些清洁能源的供应，或者是减少在生产过程当中产生的能耗和排放。我们举一个例子，在上海有一个新的办公室，杜邦的总部，在那里有一些我们的产品，在2008年底的时候，我们就开始用树脂做一些绿色节能的计划，差不多一年时间，我们做了一些比较，有一些节能37%，节水22%，节气25%。房地产行业如何推进节能减排，我们觉得有两方面的想法，一个是我们怎么样利用上下游的联动，确实是根据下游的一些需要做出一些效果特别明显，成本可行的技术改善，另外是消费者层面的传播，怎么样把这个概念传达到消费者里面去，因为消费者会讲环境的事情，现在哥本哈根会议之后，每个人都有这样的意识了，连我的小孩在家里都讲气侯问题，环境问题，但是怎么样让它跟消费者每天的生活联系在一起，这个需要大家共同做一些推广和活动。就上下游联动来讲，我们会让客户关心的是像实德这样做上游的，对房地产来讲，到底产生什么样的影响，以我们做钛白粉来说，对型材又会产生什么样的影响，我们和大家一起开发一些效果更好，价格更适中的门窗给开发商用在建筑上，做一些真正的对环境有帮助的工作。另外关于跟消费者的沟通，我们觉得跟消费者的沟通，怎么样强调呢？节能减排这个环节给消费者带来了什么样真正的实惠，建筑保温性能更好的话，每年可以节约很多电，这是长期的投资。我想在这个基础上要介绍我们在这个节能的环境当中怎么样过低碳生活，这是一个非常流行的语言，讲的大一点是拯救环境，说的直接一点就是为子孙后代造福。我想强调一下与消费者沟通的话题，今天是一个非常好的场合，我如果要看新闻，基本只上新浪网，这个媒体对我们很有帮助，利用这个平台把我们上下游的公司联系在一起，多做一些交流，共同的为人们打造一个健康、绿色的生活环境，同时我们借助这个平台，这个论坛上有很多可以听到消费者的声音，怎么样了解消费者的需求，根据消费者的需求来更加好的开发出一些不仅对环境更好，而且消费者更需要的一些产品。我想在这里提这两点想法是供大家参考的，今天大家在这里发起的“节能之星”最具品位楼盘评选活动是一个很好的开始，真的像大家刚才说的，顺应了哥本哈根刚刚结束的会议议题，我衷心的祝愿今天的活动成功，也祝愿这次活动对房地产行业的节能减排的努力做一个良好的标竿。新年到了，在这里祝各位来宾在新的一年里面事业发展，身体健康，谢谢大家！主持人：再一次感谢陆明兰女士的精彩致辞，刚才讲的也非常好，一般看新闻都会登录到新浪，同时今天的现场是现场直播，所以会有很多的网友大网上留言，现在很多的年轻朋友关注气侯大会，关注气侯对我们生活的影响，其实我本人来说，是通过非常简单的电影《2012》同时看到哥本哈根开气侯大会，过两天看到打起来了，为什么推行的协议突然停止，我们的好奇心一次一次的被吊起来了，然后我们才知道气侯对我们每个人是如此的重要，接下来进行的是“节能之星”最具品位楼盘评选启动仪式，有请大连实德销售集团总裁张杰先生还有新浪乐居房商集团华北地区总经理张晓辉，有请两位先生站到我们启动仪式的旁边，3、2、1…揭幕。谢谢，再次感谢两位启动仪式的嘉宾。现在我们看到在舞台上亮起了非常温暖的灯，这里面是两个小人手搬动一个大房子，也表达了实德集团传达给大家的理念，依靠大连实德的努力一定会给大家一个健康美好的生活，现在我们看到的是非常漂亮的地球，也代表着绿色地球、健康生命，源于绿色。同时我们看到非常温暖的页面，美好的画面，非常浪漫的海面，还有门窗，也代表着我们共同为健康的绿色、美好的未来共同喝采，庆祝新浪乐居和大连实德这次合作更加的环保，更加的健康。实德集团“节能之星”官网落户新浪乐居了，下面我们共同看一下页面。现在我们看到的就是最具品位楼盘的评选，我们也希望越来越多的楼盘可以加入到这个大家庭当中。我们今天的舞台上方的部分到这里启动仪式全部结束，下面有请来自新浪家居主编李燕玲女士上台做嘉宾主持，掌声有请，我们共同进行主题讨论，有请：中国建筑装饰协会信息咨询委秘书长田万良中国房地产协会宣传部主任王惠敏大连实德销售集团总裁张杰杜邦中国钛白事业部总经理陆明兰北京世纪宅建材有限公司董事长粱中锋中新地产集团采购副总监马一丹(论坛部分),3,4,0.994705855846405
楼上地板打洞洞楼下店铺水汪汪本报驻马店讯 “我的店铺成‘养鱼塘’了，楼上的30个钻孔正在‘哗哗’往下流水，店铺里的货物被浸在水中……”8月2日下午5时许，一位名叫迟杰的店主焦急地给记者打电话反映。迟杰所开的门店位于驻马店市市区雪松路中段，是一家临街机电产品门店。记者赶到现场时，见店里的工作人员正在用拖把从屋里往外赶水，屋内地上全是积水。“机电产品最怕过水，这下我可赔惨了。”迟杰指着店里浸泡在水中的机电产品说。记者走进其门店，见门店是3间门面房，由于店内空间有4米多高，距地面两米多高的地方做了一层隔棚，隔棚上堆积着大量电线及机电零配件。记者沿着梯子爬上隔棚，见门店的顶层有许多洞穿楼层的大大小小的洞，经点数，直径10多厘米的大洞有12个，直径四五厘米的小洞有18个，大洞小洞都在“哗哗”地向下流水。“二楼租给了一家快捷酒店，正在搞装修，他们不经一楼租户同意，随意洞穿一楼顶层往下面灌水，太过分了。”迟杰满眼含泪地拨打了110。不一会儿，负责该辖区的雪松路派出所民警赶到现场。“几天来，这已是我们为这件事第四次出警了。”出警民警无奈地说，“这幢临街楼是老街乡前进路第六村民组的，迟杰租用其一楼的3间门店卖机电产品已几年了，快捷酒店近期租用该幢临街楼搞经营，为此三方发生了纠纷。”3日，雪松路派出所对纠纷三方进行耐心调解，因三方分歧太大，调解无果。三方均表示将通过法律途径讨说法。左图：一楼门店隔棚上的积水正在往下流，店铺里一片汪洋。,3,4,0.9562816619873047
香港环球贸易广场6名清洁工30层坠下身亡香港消息 香港环球贸易广场建筑工地昨日发生严重事故，一架升降机槽内的工作台意外从高处坠下，造成6人死亡。从30层坠下10层当天下午1时许，6名清洁工人正在一架升降机槽内的工作台上工作，工作台突发意外，从30层坠下10层，导致5名工人死亡、1人受伤。至傍晚时分，证实伤者不治，6人全部死亡。香港特区行政长官曾荫权立即到场了解情况。他表示，这次事故非常严重，已要求有关部门彻查事件起因，并了解死伤者家属的需要，以提供相关协助。发展商将发100万元赔偿香港劳工及福利局局长张建宗表示，这次是极严重的工业意外，感到震惊和哀痛，发展商新鸿基已承诺次日向死者家属发放100万元恩恤赔偿，支付死者的殓葬费，以及为死者的子女提供长远的教育经费。而劳工处也会根据法例协助死者追讨工伤赔偿，每名死者最高可获178万元。新鸿基地产发展副主席兼董事总经理郭炳江也对意外感到难过和痛心，向死者家属致以深切慰问，承诺发放100万元恩恤金，并会竭力协助政府调查意外原因，环球贸易广场也会立刻停工，彻底调查及进行全面安全检查。建造业总工会会务顾问蔡镇华初步怀疑事件是承办商监管疏忽，指引不清晰，并质疑升降机槽是否设有围栏。事故发生后死者家属纷纷赶到医院，他们情绪激动，有家属认尸后更全身瘫痪，要乘坐轮椅离开。综合新华社    相关新闻：   香港建筑工地6名工人从高处坠下死亡    男子擦玻璃随窗扇坠楼身亡    石家庄倒楼事故已致10人遇难3人重伤    上海在建楼倒覆事故7名责任人被批捕我要评论,4,7,0.9968258142471313
城建系统两年万余人涉案新华社讯 最高人民检察院昨天通报了查办城镇建设领域商业贿赂犯罪案件情况。据悉，2007年至2008年两年间，全国检察机关共立案查办城镇建设领域商业贿赂犯罪案件9374件、10043人，其中，涉及国家公务员和处级以上干部要案较多，大案所占比例高，涉案金额大，窝案串案突出。受贿案占立案数的77.3%2007年以来，为认真贯彻落实中央决策部署， 深入推进治理商业贿赂专项工作，最高人民检察院针对工程建设、土地出让、房地产开发等领域官商勾结、权钱交易突出等问题， 组织全国检察机关开展集中查办城镇建设领域商业贿赂犯罪案件工作，成效明显。2007年、2008年两年间， 共立案查办的9374件10043人， 分别占查办商业贿赂犯罪立案总数的45.3%和44.5%。其中，受贿7250件，占查办城镇建设领域商业贿赂犯罪案件立案数的77.3%；行贿1879件，占20%。此外，还有单位受贿61件，对单位行贿22件，单位行贿92件，介绍贿赂70件。案件主要发生在城建领域案件主要发生在城镇基础设施建设、房地产开发、单位所属工程建设、土地出让等领域。据统计，发生在这几个领域的案件7990件，占城镇建设领域商业贿赂犯罪案件总数的85.24%。其中，城镇基础设施建设2999件，单位所属工程建设2881件，土地出让1110件，房地产开发1000件。公务员和处以上干部涉案多据悉，国家公务员和处级以上干部涉案较多，两年共立案查办国家公务员3567人， 占立案总人数的35.5%。其中，党政领导663人，土地管理部门501人， 建设部门705人。查办处级以上要案1266人，占12.6%。涉案金额大大案所占比例高从查办案件情况看， 大案所占比例高，涉案金额大。城镇建设领域商业贿赂犯罪案件涉案总金额18.75亿余元，平均个案涉案金额达20万余元。共查办5万元以上大案6976件，占总数的74.4%；其中，50万元以上案件784件，占41.9%。案件涉及城建各个环节在办案中， 检察机关往往是查处一案、带出一窝、牵出一串，许多案件涉及工程立项、规划、审批、招投标、发包分包、采购、资金拨付、交纳税费和施工管理等多个环节。如广州市检察机关在查办“ 北江大堤加固达标工程”涉嫌职务犯罪案件时， 在该工程中深挖出窝案串案10件10人，其中处级要案2人，且均为大案。隋笑飞我要评论,4,7,0.7576008439064026
洗澡耗时长却减少能耗城市 宁波福州郑州上榜    洗澡耗时长却因热水器环保而减少能耗的城市——宁波、福州、郑州节能热水器(空气能热水器和太阳能热水器)拥有率分别为宁波79.12%、福州70.94%、郑州42.76%，全国其他城市都不到三成；但是，另一方面三地的洗澡耗时超过15分钟的售房者也均超过八成，为全国前三。我要评论,4,3,0.9593183994293213
夏宫荣膺世界奢侈品协会授予世界级奢华居所2009年9月15日，被誉为“中国皇脉当代所在”的夏宫在星河湾会所举办了“夏宫荣膺世界奢侈品协会(WLA)授予‘世界级奢华居所’颁奖典礼暨夏宫新闻发布会”。包括世界奢侈品协会(WLA)CEO欧阳坤先生及诸位理事、夏宫开发商秦皇岛市渤洲房地产开发有限公司董事长刘玉舫女士、意大利使馆代表、星河湾代表及多家媒体记者，皆参与了此次发布会。下午3点半，典礼正式开始，在悠扬而隆重的音乐声中，世界奢侈品协会(WLA)的代表将象征夏宫世界级荣誉的“世界级奢华居所”奖授予夏宫。在此，董事长刘玉舫女士发表了获奖感言，她表示：“世界奢侈品协会的会员多为世界奢侈品领域的最顶级品牌，而夏宫作为一个别墅项目荣膺此誉，是我们极大的荣幸，这也同样印证了我们的开发理念的前瞻性，从一开始的开发我们就不仅仅想把它打造成为一个地产项目，而应该是一件艺术品，一件国际顶级的藏品。”世界奢侈品协会(WLA)是世界非营利性组织，遵循国际贸易公约，以规范国际奢侈品市场(包括豪华企业、品牌和奢侈豪华业)，也是国际组织授权，专业从事奢侈品品牌管理、市场调查与鉴定的行业研究机构，建立了关于世界奢侈品的系列国际权威标准和商业规则。据悉，作为世界精英品牌的行业领导者，世界奢侈品协会(WLA)拥有全球最顶尖的700多个各国奢侈品品牌，在业内拥有深远的影响。据透露夏宫是一个镶嵌在有着两千年皇脉历史的北戴河联峰山上，是联峰山除却中直别墅区外唯一的别墅，具有极高的地缘价值稀缺性，可是说这次的荣誉可谓实至名归。 我要评论,4,3,0.6766048669815063
十七届中纪委会第四次全体会议公报核心提示：中共第十七届中央纪委第四次全会19日在北京举行，会议公报透露，将把住房、投资、配偶子女从业等情况，列入领导干部必须报告的个人情况，认真解决一批涉及领导干部廉洁自律的突出问题。新华社北京9月19日电 中国共产党第十七届中央纪律检查委员会第四次全体会议公报(2009年9月19日中国共产党第十七届中央纪律检查委员会第四次全体会议通过)中国共产党第十七届中央纪律检查委员会第四次全体会议，于2009年9月19日在北京举行。出席会议的中央纪委委员118人，列席28人。中央纪委常委会主持了会议。这次全会的主要任务是：认真学习贯彻党的十七届四中全会精神，分析研究党的作风建设和反腐倡廉建设面临的形势与任务，深入推进党风廉政建设和反腐败斗争，为加强和改进新形势下党的建设、夺取全面建设小康社会新胜利、开创中国特色社会主义事业新局面提供坚强有力的保证。全会审议通过了贺国强同志代表中央纪委常委会所作的《认真贯彻落实党的十七届四中全会精神，深入推进党风廉政建设和反腐败斗争》的报告。全会认为，党的十七届四中全会是在新中国成立六十周年之际，在应对国际国内重大挑战、推动党和国家事业实现新发展的关键一年召开的一次具有重要意义的会议。会议审议通过的《中共中央关于加强和改进新形势下党的建设若干重大问题的决定》，是指导当前和今后一个时期党的建设的纲领性文件。全会一致拥护十七届四中全会审议通过的《决定》，一致拥护胡锦涛同志在十七届四中全会上的重要讲话。全会强调，党的建设是党领导的伟大事业不断取得胜利的重要法宝。各级党组织和广大党员干部一定要全面领会十七届四中全会精神，进一步增强加强和改进新形势下党的建设的责任感和紧迫感，认真理解执政党建设的基本经验，准确把握党中央对加强和改进新形势下党的建设提出的新部署、新要求，以更加坚决的态度、更加有力的措施，深入扎实地推进党的建设新的伟大工程。全会要求，全国纪检监察系统要迅速掀起学习、宣传、贯彻四中全会精神的热潮，集中时间、集中精力，组织广大纪检监察干部认真学习十七届四中全会文件，紧密结合纪检监察工作实际，在武装头脑、指导实践、推动工作上下功夫，把思想统一到全会精神上来，把力量凝聚到实现全会确定的各项任务上来。各级纪委要在党委的领导下，切实增强政治责任感，认真履行党章赋予的职责，推动十七届四中全会重大部署和各项任务的贯彻落实。按照建设马克思主义学习型政党的要求，加强党性党风党纪教育和反腐倡廉教育；按照坚持和健全民主集中制的要求，加强党内民主建设，保障党员民主权利；按照深化干部人事制度改革的要求，匡正选人用人风气，坚决整治跑官要官、买官卖官、拉票贿选等问题；按照做好抓基层打基础工作的要求，扎实推进基层党风廉政建设；按照弘扬党的优良作风的要求，协助党委抓好党的作风建设；按照加快推进惩治和预防腐败体系建设的要求，在坚决惩治腐败的同时加大教育、监督、改革、制度创新力度，更有效地预防腐败。要按照党建工作责任制的要求，协助党委加强监督检查，严明党的纪律，督促有关部门切实抓好职责范围内的党建工作，保证和促进十七届四中全会精神的贯彻落实。全会指出，党的事业愈发展，党的建设愈深入，党风廉政建设和反腐败工作就愈要抓得紧而又紧。各级纪检监察机关要全面贯彻十七届四中全会关于加强党风廉政建设和反腐败斗争的一系列部署和要求，坚持标本兼治、综合治理、惩防并举、注重预防的方针，认真落实《建立健全惩治和预防腐败体系2008-2012年工作规划》，严格执行党风廉政建设责任制，切实加大查办违纪违法案件力度，坚决查处一批大案要案，严肃查办发生在领导机关和领导干部中滥用职权、贪污贿赂、腐化堕落、失职渎职案件，严肃查办商业贿赂案件和严重侵害群众利益案件，严肃查办群体性事件和重大责任事故背后的腐败案件，保持惩治腐败高压态势；严肃纠正一批损害群众利益的不正之风，切实维护群众切身利益；认真解决一批涉及领导干部廉洁自律的突出问题，依纪依法查处和整治领导干部利用职务便利为本人或特定关系人谋取不正当利益等问题，在认真贯彻落实好《关于领导干部报告个人重大事项的规定》的基础上，把住房、投资、配偶子女从业等情况列入报告内容，加强对配偶子女均已移居国(境)外的公职人员管理；抓紧制定一批反腐倡廉法规制度，提高反腐倡廉制度化、法制化水平；扎实推进一批改革措施，坚持不懈地把党风廉政建设和反腐败工作引向深入。各级纪检监察机关要围绕中心、服务大局，切实加强对中央重大决策部署贯彻执行情况的监督检查；立场坚定、旗帜鲜明，坚决维护党的政治纪律；心系群众、服务人民，切实加强和改进党的作风建设；惩防并举、注重预防，加快推进惩治和预防腐败体系建设；解放思想、与时俱进，以改革创新精神推进纪检监察工作，提高反腐倡廉科学化水平，努力开创党风廉政建设和反腐败斗争新局面，为继续推进党的建设新的伟大工程、继续推动党和国家事业向前发展提供有力保证。全会强调，各级纪检监察机关一定要深刻领会十七届四中全会精神，充分认识加强自身建设的重要性和紧迫性，把它作为一项基础工程切实抓紧抓好，进一步教育和引导广大纪检监察干部切实做到对党和国家无限忠诚、对腐败分子和消极腐败现象坚决斗争、对广大干部和群众关心爱护、对自己和亲属严格要求，努力建设一支政治坚强、公正廉洁、纪律严明、业务精通、作风优良的纪检监察干部队伍，树立纪检监察干部可亲、可信、可敬的良好形象。全会号召，全党同志要更加紧密地团结在以胡锦涛同志为总书记的党中央周围，高举中国特色社会主义伟大旗帜，以邓小平理论和“三个代表”重要思想为指导，深入贯彻落实科学发展观，进一步统一思想、坚定信心，开拓创新、真抓实干，以党风廉政建设和反腐败斗争的新成效，保证党的十七届四中全会精神的贯彻落实。 我要评论,4,7,0.992144763469696
提前还贷潮今年未现李娟即将进入10月，在利率这么低迷的情况下，要不要提前还贷呢？黄小姐看着存折上的15万元，开始盘算起来。以往利率调高之前会引发一波提前还贷潮，今年是不是也适合提前还贷呢？看看银行的人怎么说。记者从工商银行上海分行黄小姐处了解到，今年提前还贷的人并不特别突出，这部分人在每年年初的时候比较多，大部分人都是拿了年终奖和一年的积蓄去提前还贷。春节是每年提前还贷的井喷期，很多人手头多了一笔闲钱，就会考虑先减少住房的压力。从今年的情况来看，现在预约去提前还贷的人并不多，“这一块业务并没有受金融危机的影响，每年的九十月份是楼市比较好的时候，贷款业务比较多，来做提前还贷的人都不太多。”黄小姐表示。“金九银十”是楼市成交的旺季，许多贷款业务都是在每年的第三季度完成的，大部分贷款大概贷多少呢？“从总量来看，首付三成的比例比较高，如果是二套房的话，很多人也会首付四成。”中国建设银行杭州宝石支行个人金融部经理庞涛表示，不过这还是根据个人的实力来看，如果是500万元的一套房子，贷款三成的话，每个月的压力就相当大。一般工薪阶层贷款额度大部分都是在100万元以下。每个月的还款额多少比较合适，“最好每个月不要超过家庭总收入的50%，否则的话压力比较大。以家庭为单位来考虑的话，除了养房，很多家庭还负担养车、孩子教育、赡养老人的费用，如果想要比较舒适的生活，还是控制在收入的一半以内风险较小。”工商银行上海分行相关人士表示。当然，从银行的角度出发，并不赞成许多人“咬紧牙关”贷款，“很多黑名单就是当初以为可以承受，后来工作发生些变动，每个月还贷压力太大导致。”在今年利率这么低的情况下，要不要提前还贷呢？庞涛表示：“最好不要，利率这么低的情况下，可以选择其他的理财方式、理财产品或者做其他领域的投资，投资是可以随时中止的，相对要灵活许多。”他表示，如果今年不调息的话，现在的按揭利率至少可以维持14个月左右，低利率也是做其他投资的好时机。 我要评论,4,1,0.9905775785446167
中纪委要求领导干部增加报告住房和投资等情况中新网北京9月19日电 中共第十七届中央纪委第四次全会19日在北京举行，会议公报透露，将把住房、投资、配偶子女从业等情况，列入领导干部必须报告的个人事项，认真解决一批涉及领导干部廉洁自律的突出问题。公报指出，十七届四中全会审议通过的《关于加强和改进新形势下党的建设若干重大问题的决定》，是指导当前和今后一个时期党的建设的纲领性文件。公报强调，各级纪委要加强党性党风党纪教育和反腐倡廉教育；加强党内民主建设，保障党员民主权利；匡正选人用人风气，坚决整治跑官要官、买官卖官、拉票贿选等问题；扎实推进基层党风廉政建设；协助党委抓好党的作风建设；加大教育、监督、改革、制度创新力度，更有效地预防腐败。 公报指出，党的事业愈发展，党的建设愈深入，党风廉政建设和反腐败工作就愈要抓得紧而又紧。各级纪检监察机关要切实加大查办违纪违法案件力度，坚决查处一批大案要案，严查领导干部滥用职权、贪污贿赂、腐化堕落、失职渎职案件，严查商业贿赂案件和严重侵害群众利益案件，严查群体性事件和重大责任事故背后的腐败案件，保持惩治腐败高压态势；严肃纠正一批损害群众利益的不正之风。公报指出，要认真解决一批涉及领导干部廉洁自律的突出问题，依纪依法查处和整治领导干部利用职务便利为本人或特定关系人谋取不正当利益等问题，在认真贯彻落实好《关于领导干部报告个人重大事项的规定》的基础上，把住房、投资、配偶子女从业等情况列入报告内容，加强对配偶子女均已移居国(境)外的公职人员管理。公报强调，要抓紧制定一批反腐倡廉法规制度，提高反腐倡廉制度化、法制化水平；扎实推进一批改革措施。公报还指出，要努力建设一支政治坚强、公正廉洁、纪律严明、业务精通、作风优良的纪检监察干部队伍，树立纪检监察干部可亲、可信、可敬的良好形象。 我要评论,4,7,0.9980069994926453
挪威de森林推介会现场摇号实况（图）主持人：谢谢两位设计师，我特别理解两位的心情，每位设计师任何的作品都像自己的孩子一样，王总也特别有眼光，请到清华大学设计院的设计师们，他们除了具备自己特别优秀的设计方面的才能，两位一位用特别优美的语言，一位用特别质朴的语言特别好的介绍了这个项目。接下来有请北京深长城物业管理有限公司总经理助理葛常勇先生在物业方面给我们解读一下这个项目。 葛常勇：尊敬的各位领导、各位来宾，女士们、先生们下午好，我是北京深长城物业管理有限公司总经理助理葛常勇，参加本次座谈会我感觉非常荣幸，在此我谨代表北京深长城物业管理有限公司对秦皇岛市星光房地产开发有限公司的邀请表示衷心的感谢。深圳长城物业成立于1987年，是国家首批一级资质的全国性专业化的物业服务机构，在北京、天津、合肥等13家区域分公司和8家控股公司，业务遍及全国22个省直辖市，物业类型包括公寓、写字楼、商场、超高层商住等等。过年来，我们长城物业一直秉承服务业主报效社会的服务宗旨，在2005年到2008年度北京以及深圳多家媒体评选中，长城物业获得了京城高管家、十大物业管理金牌公司的称号，2007年长城物业获得了国奥村 (论坛 相册 户型 样板间 地图搜索)的管理权，2009年5月，长城物业成立了集团公司，全面升级服务体系，全力打造SPE暨标准化、专业化、活性化的服务组织，为业主提供安全、整洁、完好、温馨的服务。目前，长城物业已位居全国物业管理行业前三甲，为了实现客户满意经营，我们不断的探索创新服务模式，我们率先实现了阳光物业服务模式，实现了物业管理透明化，对每个项目都制定适合自身运营的模式。针对挪威de森林这个项目，我公司选派最优秀的管理团队，根据本项目的实际情况，比如水岸、森林等特色，量身定制适合本项目的服务体系，在发展商和全体业主的支持下将挪威de森林项目建设成一个美丽、和谐、现代化的人文小区，谢谢大家！主持人：葛总非常干净利落，我觉得物业公司不用过多华丽语言介绍如何做，大家可以具体看表现。今天这么多的专家、设计师、物业公司上台解读这个项目，我想到场的业主对这个项目已经颇有信心，专家的言语、专家的建议都给我们大家增加了信心。接下来进行最重要的环节“摇号环节”首先有请挪威de森林项目总经理王宪凯先生上台为我们介绍一下摇号。 挪威de森林项目总经理王宪凯抓出第一位选房者王宪凯：我就不多说什么了，我代表我们秦皇岛市星光房地产开发有限公司给大家做个承诺，我们公司一定会把挪威de森林这个项目打造成让市场、让客户都认可、都接受的一个精品项目，请大家共同期待。现在我宣布挪威de森林摇号选房活动现在开始。主持人：有请王总抽取今天第一组客户。王宪凯：00039；00091；00089；00067；00087。主持人：下面有请这五位客户跟随我们的工作人员到选房区等候。下面有幸请这位准业主抽取第二组客户。准业主：00068；00020；00073；00059；00011。主持人：尊敬的来宾，下面进行第三组摇号的活动，请上一位准业主，准业主：00093；00069；00095；00098；00088；00099；00038；00070；00096；00097。主持人：有请以上所有号码的客户到我们等候区参加我们的选房活动。下面进行最后一组号码抽取。准业主：00018；00092；00051；00100；00082；00058；00083；00101；00065；00053；00012；00055；00030；00017；00081；00025；00086；00071；00028；00080；00063；00060；00072；00015；00019；00079；00029；00010；00056；00066；00085。主持人：尊敬的来宾，我们所有的顺序都进行产生了，请您参看我们工作人员的记录。本次相约林水间北京纯别墅项目现状研讨会暨挪威de森林推介会到此结束。谢谢各位的光临，再见！(本次活动到此结束）我要评论,4,3,0.8962304592132568
"银监会摸底土地融资 信贷担保由乱及治-本报记者 张晓赫 北京报道 近日，据一些商业银行地方支行的信息透露，审计署驻地方特派办已经进驻一些大型商业银行分支机构，开始调查4万亿元政策配套项目贷款的资金流向。其中的一个重点工作就是审计一些地方政府担保的“高杠杆”土地融资是否存在违规投放。这已经是银监会信贷摸底后的再次行动。在今年上半年地方政府担保融资异军突起的背景下，如此强力度的排查，已经将监管层的风险担忧心态表露无疑。“不排除一些地方政府担保的项目过分透支政府信用，而缺乏有效的保障，一旦市场状况逆转，就会带来财务风险。”中国银行总行公司业务部人士表示。今年上半年的政府信用担保只是巨大担保融资的冰山一角，对于许多“无依无靠”的房企来说，更多地选择了集团内部连保以及企业间互保的方式。根据WIND中报数据分析，今年上半年，上市公司作为担保方的担保总额占到上市公司总利润的22.1%，为近3年来的最高水平，其中的担保大户不乏中关村、中航地产、深天健等房企。“担保融资一向被视作银行风险防控的潜在威胁，从监管层对地方政府担保融资质量的排查推断，企业间的担保也将会逐步引起重视。”上述中国银行人士表示。担保成风今年下半年以来，无论是规模上、还是频率上，上市房企的担保融资都出现了集中式的爆发。仅在8月末后的一个月内，就有数十家上市房企公布了担保融资方案。从泛海建设、中华企业分别为旗下控股公司担保融资3亿元、4亿元，到华远地产(企业专区,旗下楼盘)大股东为上市公司提供16亿元融资担保，再到新湖中宝与美都控股表示双方将在1亿元额度内实现互保，各房企或上市公司为旗下控股、子公司提供担保；或母公司、大股东为上市公司担保；又或企业间互保。这还不够，上实发展(企业专区,旗下楼盘)、金地、华业地产(企业专区,旗下楼盘)、深深房等也加入到了此番担保融资的大军中。而随着部分房企今年下半年融资计划的披露，更多的担保融资计划浮出水面。金融街在公布的不超过195亿元的新增贷款计划中，有相当部分的融资将通过担保形式完成。“可以通过其他公司担保，也可以通过控股公司担保。”金融街在贷款计划中表述。“只要是已经公告出来的具体项目或者公司担保，肯定就是已经借到钱了。”上海一家上市房企的高管透露。从创3年新高到继续攀升，担保融资为何如此强势？ 银行信贷回落、地产放贷流程趋于严格与房企加大投资，是各房企选择担保融资的最根本原因。本报记者了解，上半年的信贷井喷，已经使信贷大户建设银行、工商银行等银行的年度放贷额度所剩无几。与此同时，银监会对银行资本充足率的重新严格要求，也使得银行手中的钱袋再次收紧。资本金比例下调而导致房企融资杠杆加大，也在一定程度上对银行的信贷风险防控提出了更高的要求。在银监会的授意下，各银行都加强了放贷的全流程监管。一面是银行信贷收缩，另一面却是房企愈发高涨的投资行情。交通银行首席经济学家连平表示，房地产在经历了2008年的行业投资萎缩后，2009年正在经历着又创新高的一轮投资需求。“下半年房地产行业的投资会继续扩大。”中报显示，包括招保万金四大龙头在内的众多房企都纷纷调高了今年下半年的项目开竣工面积以及土地储备目标。在银行信贷收缩而房企投资加大的背景下，各房企很快发现了担保融资的优点所在。上述中国银行人士也表示，放贷机构在融资项目的审核中，存在着很大的信息不对称问题，在遇到不熟悉的、难以预见未来风险的项目时，除了抵押之外，就会要求相关企业进行担保。“尽管企业的声誉很好，但银行对于企业各地的项目公司却不一定熟悉，只有采取连带责任担保，联合上市公司或者母公司的力量才能突破这个瓶颈。”上实发展某办公室人士表示。其实，集团为项目担保除了能提供“稳足快”的资金之外，还意味着融资成本的降低。“有些大房企与银行有战略协议，其中就包含放贷额度、利率上的优惠等。集团进行担保，也是为了能帮助项目公司获得低成本的融资。”上述中国银行人士表示。除此之外，与抵押贷款不同，担保融资的灵活性也是受各房企青睐的原因。“抵押贷款通常都只是用来做项目开发，而担保贷款很多时候都是不规定用途的流动资金补充，这就给了房企较大的资金使用空间。”能通时代投资管理有限公司总经理陈霞说。可以例证的是，在上实发展、华远地产等房企的担保借款中，相当部分的融资去向都选择了补充流动资金。防控当头然而，越来越多的担保融资已经引起了部分人士对投资泡沫增长以及信贷风险扩散的担忧。在部分业内人士看来，房地产行业过多的担保融资不但是推高房价，助长投资泡沫的元凶之一，同时也给银行与上市公司埋下了巨大的财务风险隐患。中央财经大学银行业研究中心主任郭田勇表示，近期的国企地王频现，与国企为其房地产公司提供银行信贷的担保不无关联。“由于大量担保资金而带来的拿地‘豪迈’，不但误导市场对未来房价的预期，更使还未调整到位的中国房地产市场雪上加霜。这在投资需求旺盛的当下，极易推涨投资泡沫。”与此同时，在这种可预想的投资泡沫风险下，银行风险也被提及。尽管本报记者接触的多位银行人士表示，银行不会因为担保而放宽对融资项目的放贷条件、额度以及利率优惠，但在上述中国银行人士看来，此中风险仍是不可忽视。“由于担保融资的项目多是银行不太了解、抵押物不足或者资金回流不够理想的项目，尽管有连带责任担保，但对于银行来说，风险仍是大于抵押贷款。此外，还不排除一些企业利用信息不对称，通过担保，对一些未达信贷标准的项目进行‘空手套白狼’的暗箱操作。”上述中国银行人士不无担心地说。他表示，国内《担保法》出台后运作的时间并不长，现行制度仍然不完善，一旦监管不力，或者将来房地产市场行情逆转，银行则很容易产生坏账。而对于房企来说，担保融资“水能载舟，亦能覆舟”。在市场看来，尽管担保融资减轻了融资压力，但这样却极易形成链条反应，放大房企的财务风险，同时也容易陷入担保纠纷之中。这种风险并非空穴来风。在中关村的发展史上，曾经60亿元的巨额担保一直是其扭亏的巨大障碍。直至今年年中，公司本部累计对外逾期担保金额仍高达3.24亿元。其中对联营、参股公司的逾期担保金额为2.7亿元，控股子公司累计逾期对外担保金额为496.31万元。2007年，高新发展也曾因对外担保问题爆发，使公司的经营陷入了资金匮乏的不利局面，计提了587.76万元的预计负债。点击进入本刊更多内容：（中国房地产报）订阅热线：800-810-0909我要评论",4,1,0.864864706993103
国土部：上海耕地面积明显减少第二次全国土地调查开始抽查面积变动较大地区早报讯 国务院第二次全国土地调查领导小组办公室将派出10个抽查组，分赴耕地、建设用地面积变化较为明显的10个省区市，对第二次全国土地调查成果进行国家级抽查核实。据介绍，抽查核实自9月21日至28日，分别负责抽查河北、山西、内蒙古、辽宁、上海、江苏、安徽、河南、湖北、广东等10省区市。记者在国土资源部《第二次全国土地调查成果国家级抽查核实工作方案》中看到，上海属于耕地面积明显减少的地区。国土资源部副部长王世元昨日下午在北京举行的“第二次全国土地调查成果国家级抽查核实工作动员会”上指出，这次抽查核实工作是确保二次调查数据真实准确的重要举措。据介绍，本次抽查核实重点对二次调查中耕地、建设用地面积变化明显的地区，开展内、外业调查成果质量检查，评判调查质量。现场检查部分地区耕地、建设用地面积明显增减的真实性，分析原因。发现一批弄虚作假、虚报瞒报以及质量存在重大缺陷的典型案例，为决战年成果质量打假提供依据。全国第二次土地调查，是国务院部署的重大调查，2007年7月1日开始，将于2009年底前完成。2010年1月1日起，各级建设用地报批、土地整理复垦开发项目立项等工作，必须以第二次土地调查结果及政策为依据。 我要评论,4,7,0.6654084920883179
第二次全国土地调查抽查核实工作启动中新网北京九月二十一日电(记者 阮煜琳)国务院第二次全国土地调查领导小组办公室将派出10个抽查组，分赴耕地、建设用地面积变化较为明显的10个省区市，对第二次全国土地调查成果进行国家级抽查核实。据介绍，抽查核实自9月21日至28日，由全国土地调查办统一组织，共分10个组，分别负责抽查河北、山西、内蒙古、辽宁、上海、江苏、安徽、河南、湖北、广东等10省区市。国土资源部副部长王世元21日下午在北京举行的“第二次全国土地调查成果国家级抽查核实工作动员会”上指出，这次抽查核实工作是确保二次调查数据真实准确的重要举措。这次抽查核实工作，要对照全国统一的规程规范，实地检查对照，对发现的问题进行全面整改，对弄虚作假的行为严肃查处。确保二次调查数据成果的真实准确性。王世元强调，各抽查组要严格按照《工作方案》确定的抽查内容和程序方法，对被抽查省份二次调查工作中的突出问题，进行重点检查。切实掌握地方二次调查中耕地和建设用地情况。要挖掘典型案例，重申国家对数据成果质量。据介绍，本次抽查核实重点对二次调查中耕地、建设用地面积变化明显的地区，开展内、外业调查成果质量检查，评判调查质量。现场检查部分地区耕地、建设用地面积明显增减的真实性，分析原因。发现一批弄虚作假、虚报瞒报以及质量存在重大缺陷的典型案例，为决战年成果质量打假提供依据。我要评论,4,7,0.9828662276268005
原温州开发区规划建设局局长涉嫌受贿被诉中新网温州9月25日电(记者 袁爽 通讯员 心土)原温州市经济技术开发区规划建设局局长郑启明利用职务之便为他人谋取利益，非法收受他人财物达1045000元。目前，浙江省温州泰顺县人民法院受理了被告人郑启明涉嫌犯受贿罪一案。现年51岁的被告人郑启明，是原温州市经济技术开发区规划建设局局长，龙湾区第六届人大代表。据公诉机关指控，2001年，温州家景房地产开发有限公司成立，并在温州经济技术开发区开发“家景花园”房地产项目。“家景花园”房地产项目在土地、规划、建设等审批手续方面得到时任温州技术开发区规划建设局局长郑启明的支持。2003年初的某日，被告人郑启明向温州家景房地产开发有限公司董事长薛某某提出介绍家景花园项目的配套电梯工程。薛某某为感谢被告人郑启明之前的支持，并希望在项目后期的建设、房管审批手续等方面能继续得到其关照和支持，在未使用郑启明推荐的电梯项目的情况下，于2003年4月11日以“电梯利润包干”的形式送给被告人郑启明100万元人民币，郑启明予以收受。温州中环置业股份有限公司(前身为温州民营工业区建设股份有限公司)对温州经济技术开发区15号、16号地块(即名人花园项目)进行开发，在用地功能改变等有关手续审批方面得到时任温州经济技术开发区规划建设局局长郑启明的关照和支持。从2003年至2009年，该公司董事长李某某为表示感谢，并希望能继续得到被告人郑启明的关照，先后八次送给被告人郑启明“好又多”银行购物卡和现金合计人民币45000元，被告人郑启明均予以收受。5月28日，被告人郑启明被温州市公安局刑事拘留，经温州市人民检察院批准，于6月11日被依法逮捕。案发后，被告人郑启明主动退还赃款人民币1045000元。公诉机关认为，被告人郑启明在担任温州市经济技术开发区规划建设局局长期间，利用职务上的便利，为他人谋取利益，非法收受他人财物1045000元，其行为已触犯刑法，应当以受贿罪追究其刑事责任。法院将择日开庭审理此案。(完) 我要评论,4,7,0.9285229444503784
国土部长徐绍史：09年建设用地指标同比增50万亩叶开在保增长之年，为保障地方用地需求，今年国土资源部增加了50万亩的建设用地指标，使得总量达到了630万亩。 国土部部长徐绍史近日在接受少数中央媒体采访时表示，中央投资多数集中在基础设施领域，铁路、公路、机场、港口，此外还有大批民生工程、环保工程。这些项目都要落地，必将导致用地需求井喷式上升。 “除了中央投资、地方投资之外，今年上半年银行发放贷款达7.37万亿元。这么大的投资规模，用地比以往紧张得多。”徐绍史称。据其介绍，为了预防用地井喷，国土部曾在今年年初与10个部委(其中一些是综合部门，也不乏用地大户)进行了两轮接触，作了一个月的快速调研，同时与东、中、西部10个省(区、市)的领导进行了座谈对接。 目前，“用地井喷”已经反映在数据上。 国土部耕地保护司司长朱留华上月曾透露，今年以来由于拉内需保增长的需求加上土地审批程序的简化，各地用地量持续增加，“差不多(同比)增长20%左右，是在控制的范围之内。” 而在经过核减后，国务院近期批准的81个城市用地总面积为34422.37公顷，其中新增建设用地25265.69公顷(约合378985.35亩)，也较去年增加了16.7%。 目前，我国土地利用实行约束性指标化管理，各省份每年的新增建设用地数量都在年初分配划定，未经允许不得随意增加。 此举的理由在于促进地方土地节约集约利用和保护耕地，但这与地方经济扩大带来的土地需求形成了矛盾。 徐绍史表示，为了千方百计保障用地，国土部今年扩大了土地指标数量。前两年我国建设用地年度指标都是580万亩。今年指标增加到630万亩，较以往增加了50万亩。 此外，扩大城乡建设用地增减挂钩指标使用量，这些土地不占用耕地，今年国土部放了30万亩流量指标。徐绍史表示，各地的投资额度不一样，项目储备不一样，国土部将根据其土地规划安排、固定资产投资等因素再来分配建设用地指标。此外，国土部里还留有一部分指标，用以确保一些特别重要的、确实有实际困难的地方重点项目落地。    相关新闻：    望增建设用地指标 地方高度重视新一轮土地规划    国土部点刹建设用地 严控先行用地范围    国土部：建设用地绰绰有余 严查囤地未建现象    国务院加大供地量 81城市增建设用地增16%我要评论,4,7,0.5003587603569031
"美资基金巧取上海最大宅地东方早报记者 刘秀浩(刘秀浩博客) 上海浦江镇143号地块从9月21日起邀标出让，这一地块出让面积达到了惊人的63.6万平方米，已经成为上海公开出让历史上单幅面积最大的住宅土地(早报昨日A37版报道)。截至昨天，记者了解到，尽管土地名为“邀请招标”出让，但至今还没有一家上海知名房地产企业获得竞标邀请。早报记者从消息人士处获悉，一家神秘美资基金已经悄然签订土地出让意向。地块参考价过百亿元资料显示，这一地块东至浦星公路、南至中心河、西至浦锦路、北至芦恒路(以浦申路为界分为143号东块与143号西块)。地块总出让面积63.6万平方米。地块还是上海近期难得一见的低密度住宅土地，143号东块建筑面积不大于16.8456万平方米，143号西块建筑面积不大于20.1418万平方米，土地总建筑面积约为37万平方米，以最终建筑面积计算，其容积率仅在0.6左右。浦江镇地块信息甫一上网，就吸引了包括长江实业，新鸿基地产在内的上海绝大多数知名房企关注。一名业内人士表示，以土地规模、地理位置以及几乎等同与别墅用地容积率的罕见性来讲，如果这幅土地通过公开渠道出让，以价高者得的标准，未来出让价格很可能超过长风地王。9月22日，浙江绿城集团(企业专区,旗下楼盘)以36亿元摘得苏园土挂(2009)06号地块。06号土地楼板价高达28057元/平方米。由于浦江镇地块建筑容积率以及土地性质与(2009)06号地块类似，如果以这个价格计算，整幅土地价格更是高达百亿元之巨。挂牌到出让仅一周和此前商品住宅土地普遍采取挂牌出让模式不同，该地块采取邀请招标方式，按照综合条件最佳的原则确定中标人。上海市规划和国土资源管理局70号公告信息显示，地块投标将于9月28日举行。由于该幅地块从公布的最终出让仅仅只有一周时间，此次土地出让引起了部分开发商的质疑。目前，除配套商品房基地等保障性住宅土地外，商品住宅土地一般采取挂牌方式公开出让，从挂牌到出让完成周期在1个月左右。记者获悉，尽管此次公告中规定地块将按照“综合条件最佳的原则”确定中标人，但多家房地产开发商咨询后，却没有获得任何邀标以及综合条件标准的答复。另外，有实力进行如此大规模土地竞标的国内和外资房地产开发商，包括此前9月10日参与长风地块竞标的各家房企无一获得竞标邀请。知情人士透露，如此短暂的投标时间内，要完成基础性的项目调研报告、初步产品规划以及价格定位等，对任何一家房地产开发商而言都是不可能的，唯一可能就是土地属定向出让。消息人士透露，一家美国基金公司已经有意投资这一地块，但记者没有获得该基金的准确信息。 我要评论",4,1,0.8205040693283081
北京地铁4号线28日下午开通试运营(图)中国经济网北京9月25日讯 (记者 马瀚明、李焱) 北京地铁4号线将于近期开通，各界对此普遍关注。此前，人们从多种渠道了解到的开通日期是是9月28日，但前几日又有媒体爆出了“北京地铁4号线将于9月25日开通”的消息。昨日(24日)，中国经济网记者就此事专门采访了北京地铁4号线的运营商京港地铁公司，该公司发言人明确表示，“北京地铁4号线将于9月25日开通”系误传。我要评论,4,7,0.5100611448287964
方太&米博鼎级旗舰店入驻杭州大厦(图)2009年9月25日，作为国内厨房电器和热水器鼎级品牌，方太&米博旗舰店将在杭州大厦隆重开业。作为方太&米博专卖店在杭州的高端展厅之一，此次杭州大厦旗舰店采用了现代化的设计风格，宽敞明亮、布局错落的展厅不但充分体现出方太、米博品牌的高端，更标志着方太集团高端渠道布局的开始。“杭州是我们的重点市场之一。这不仅因为杭州在米博市场规划的战略版图中具有举足轻重的位置，更为重要的是随着杭州的不断发展，业已展现出极大的市场潜力。”方太集团杭州分公司总经理表示，“旗舰店的落成，不仅表明我们对该市场的重视，也希望能够带给消费者能够与产品定位匹配的高端消费环境。”近年来，随着杭州城市综合能力的进一步提升，人们开始越来越关注自身的生活品质， 以高端、专业为品牌核心的方太、米博，正好契合消费者不断提升的产品需求。而以“生活?购物?享受”为时尚经营理念、拥有顶级卓越的品牌阵容的杭州大厦，在本地商界素有“旗舰店”之誉，与方太&米博旗舰店的理念和定位不谋而合。这也是此次旗舰店选择入驻杭州大厦的原因之一。据介绍，此次开业的方太&米博旗舰店主体采用灰、白、深咖啡色三种色调，点缀明亮的橙黄色，优雅、高端、端庄的同时，又不失活泼灵动。店面巧妙分隔为方太区和米博区。由于采用了统一的设计风格，两者之间既有区分，又浑然一体，不仅近距离带给消费者优雅、舒适的体验环境，更展现出当前时尚潮流的厨卫设计和领先科技。 “方太和米博都是为高端人士打造的专业品牌，旗舰店让消费者在同一空间内感受从厨房到卫浴的全方位高端选择和享受。” 杭州分公司总经理表示。作为方太集团的高端品牌，方太面向嵌入式厨房电器领域，7月份刚刚上市的米博则是专业化的高端热水器品牌，致力于为消费者提供家庭热水系统解决方案，两者的强强联合可谓相得益彰。值得一提的是，此次旗舰店的盛大开业，表明了方太集团对高端渠道建设的重视。此前在米博发布会上，方太集团总裁茅忠群曾表示，在保证卓越的产品品质的基础上，米博将以极大的魄力放弃代表相当数量的销量和利润的传统销售渠道——连锁家电卖场，而只在专卖店和高档百货商场里面销售。而本次方太&米博旗舰店入驻杭州大厦，从某种程度上证明了方太集团的高端路线。“旗舰店的开业表明了方太集团的态度。”业内人士评价，“方太集团希望借助高端旗舰店的形式来展现品牌的定位，并打开杭州的高端市场。”而行业专家则认为，这可能是方太集团系列举措的开端。“国内一向认为厨房电器或者热水器，仅仅是家用电器而已，方太&米博旗舰店可能会改变这种看法。方太集团也许会藉此将新的产品态度和生活方式引入杭州厨卫市场，并进而向消费者介绍方太&米博系列产品。” 我要评论,4,3,0.9996106028556824
方太O-Touch光影六系惊艳亮相方太&米博旗舰店就在人们翘首以盼新装iPod Touch之前，Touch风潮已然率先涌动于厨电领域。2009年9月25日，国内厨卫顶级品牌方太&米博旗舰店将在杭州大厦隆重开业，届时，设计感强烈、时尚十足的方太O-Touch光影六系也将与消费者正式见面，引爆厨电行业的Touch热情。据悉，“O-Touch光影6系”是由方太与美国设计界权威IDEO公司共同担纲研发，包括吸油烟机、燃气灶、消毒柜、微波炉、烤箱等成套化嵌入式厨电。外观上，皆采用橙色光圈点缀深咖啡色玻璃镜面，风格极简，流光溢彩；设计上，人机对话的智能模式已然极致——一切按钮，都在隐匿式的设计理念下退居幕后，手指飞扬，即刻开启厨房各项功能，宛若置身未来。而在主设计师的眼中，“O-Touch光影6系”却并非耀世的资本，而更似人缘颇佳的伴侣，她简约、优雅、贴心、懂得，她让厨房从此不再冰冷，她让烹饪从此充满生趣：菜谱可预先存储，自行烹饪；Easy Clean Door设计，让烤箱清洁不再困扰；餐具到达消毒临界点时，消毒柜自动感应，循环杀菌……不一而足。更为难能可贵的是，方太首次将嵌入式蒸箱引入中国，在进一步完善厨房功能的同时，对健康烹饪提出更高的要求。业内人士预测，近年来，随着杭州城市综合能力的进一步提升，人们开始越来越关注自身的生活品质，以高端、专业为品牌核心的方太、米博，正好契合消费者不断提升的产品需求。此次“O-Touch光影6系”的出现将对今后厨房电器的外观与功能产生巨大影响。点触间，仿佛踏入未来时空般；无需按动开关，只需手指轻抚即刻完成下厨；塑造出极净厨房的视觉感官双重体验。相信随着“O-Touch光影6系”的铺陈开来，将有更多的消费者难以抵挡Touch的诱惑。9月25日，在方太&米博鼎级旗舰店入驻杭州大厦之即，O-Touch光影六系即将启动，产品上光触屏已经在闪动昭示：如果身在杭城的你，期待您开业期间您的光临，Just touch。 我要评论,4,3,0.9971075654029846
"香港豪宅遭热捧 350组内地客黄金周赴港扫楼中新网9月27日电 在低息及看好香港经济前景的前提下，内地客持续来港买楼作投资甚至投资移民，豪宅在内地客的热捧下旺上加旺。有见及此，发展商及代理积极部署于国庆黄金周吸纳该批“贵客”，纷纷推出包括小规模块团，以至单对单贴身由内地陪至香港，又或于国庆晚上开放可观赏维港烟花景的示范单位等“奇招”作招徕。据了解，至少有350组的内地客经发展商及代理安排，将于国庆黄金周南下来港搜购物业。据香港《文汇报》报道，近期热卖豪宅新盘何文田富甲半山，发展商长实地产投资董事黄思聪指出，将会由地产代理自发安排带内地富豪个别到该盘参观，发展商并会酌量加推单位配合市场需求。恒基地产于9月26至10月7日向选购大角咀亮贤居、星汇居及嘉贤居指定单位买家，送赠半年至两年物业管理费。同时，买家选购2房单位可获赠6800元现金利是，3房单位可获赠10800元现金利是(内地客以人民币支付)。尖沙咀河内道名铸，发展商新世界发展会于10月1日晚上开放现楼示范单位，并会有美食招待200名贵宾及约100名地产代理欣赏维港国庆烟花表演，以增强促销效果。信和置业于火炭站上盖物业御龙山亦会与美联移民顾问合作，于10月4日安排30至40名来自广东省的投资移民客来港买楼，当中主要为广东省的企业客、厂家等。信和置业营业及市场部总经理刘贵玉指出，近期已接获20至30组内地客查询。她又指，凡经美联移民顾问购入御龙山的买家，有机会获得6万元的移民顾问费回赠。于内地27个省市拥有600间分行及雇用16,000名地产代理的中原中国亦不甘后人，中原地产董事总经理陈永杰透露，趁今次十一黄金周长假期，中原会以1对1的贵宾接待方式，由中原中国内地代理陪同约200组内地豪客到富甲半山、名铸、九龙站及港岛区二手豪宅参观。机票及酒店住宿费用由贵宾自付，中原中国则会派地产代理由内地以单对单贴身服务形式，陪同贵宾来港参观豪宅。香港置业九龙区营业董事姚伟南则称，港置会组织50至100名计划投资600万至1,000万元物业的内地中产阶级来港进行投资移民，主要参观东南九龙新盘如豪门、誉.港湾及嘉贤居等中价物业。     相关新闻：    京沪买家驱车入穗抢豪宅 开发商不再打优惠战    黄金购房季之北京10大城市豪宅(图)    黄金购房季 十一黄金周城八区在售豪宅(图)    京城豪宅持续热销我要评论",4,7,0.7921470999717712
黄金购房季之金秋家居打折大盘点之东鹏项目名称：东鹏优惠活动：瓷砖：全场55折、仿古砖66折 + 全款优惠洁具：全场55折，购买二项再打96折、三项94折、四项9折+全款优惠 签单并交全款，成交价基础上再打9.8折。金果套餐3888元，套餐含：墙砖15?+地砖3?+座便器+龙头+花洒+浴室柜+镜子备注：套餐不含配件费、花片、腰线。套餐配件费为120元。3888元套餐活动期间交全款有效。“金玉纳福”套餐(金碧辉煌、纳福娜系列产品套餐)购“金玉纳福”系列产品不低于15平米，再购一款墙砖(仿古砖、瓷片，不低于15平米)，瓷片部分95折，再购一款瓷片(不低于15平米)，瓷片部分整单9折。37年陶瓷产业成就，国庆献礼特供！东鹏玻化砖经典——【金碧辉煌】、【珊瑚玉】、【纳福娜】东鹏[晶花技术]代表作——金碧辉煌802923，欢庆价：138/?。东鹏[冰透粒子技术]代表作——珊瑚玉802010，欢庆价：118元/?东鹏[岩涌技术]代表作——纳福娜803001/803011，欢庆价：238元/?活动时间：9月26日至10月11日项目名称：杜菲尼优惠活动：    1，进店有礼，来者即送2，限量抢购3，超值套餐4，全场6.8折活动时间：10月1日至10月8日我要评论,4,3,0.9663015604019165
黄金购房季之金秋家居打折大盘点之曲美项目名称：曲美优惠活动：活动一：汉斯经典“纪念版”家具套餐低至5.8折！折后满10000再送800。 活动二：全场正价商品，尊享超值折扣优惠！不仅如此，折后购物满10000再送800！此外，网络商城“维格尚品”系列家具，全国统一官网直购，挑战板式家具极限低价，为您至少节省30%！活动时间：10月1日至10月8日项目名称：生活家. 巴洛克优惠活动：超低价格：此次北京生活家地板推出全场超低优惠并推出共40款特价产品，包括巴洛克仿古系列、实木复合标准版系列、洛可可强化系列；最低79元起；10多款巴洛克仿古地板原价373至410元，十一特惠价210元至270元不等。让京城百姓享受真正的惠礼！惊喜豪礼：凡活动期在我公司购买巴洛克系列地板，在享受相应折扣的同时，还可获取价值200元巴洛克代金券一张。订单送礼：每位消费者凭订单领取大礼一份！单单有礼，机会不容错过！进店有礼：活动期间进店咨询选购的顾客，即可获赠精美礼品一份，赠完为止。活动时间：10月1日—10月8日项目名称：十里河优惠活动：曾经买过，一定送：为了答谢客户队十里河的灯饰成九年来的关爱，如果您曾经买过十里河灯饰城的灯具，凭据购物发票即可在十里河的兑换一件礼品。礼品1000件送完为止。礼包2：现在来买，立刻送：从9月26日起至10月8日，凡在十里河灯饰购买灯具超过 300元可获得一次抽奖机会。中奖率100%。大奖：液晶电视机一台。礼包3：品牌灯饰，特价送：二楼品牌灯饰十一期间打折让利，回馈顾客。精品灯饰价格全市最低。礼包4：即使不买，还能送：即使不买十里河灯饰城灯具，但是您光临十里河灯饰城，留下姓名和电话号码，10月1日---10月8日每天活动结束时，我们现场将抽出10名幸运奖(累计共80名)。活动时间：9月26日至10月8日项目名称：太阳花优惠活动：进店有理赠品一：凡购买太阳花散热器2000元以下任何产品，即送洁丽雅情侣毛巾一盒(二条)。 赠品二：凡购买太阳花散热器产品价值2000元-2999元，即送洁丽雅浴巾一条。 赠品三：凡购买太阳花散热器产品价值3000元-4999元，即送浴巾一条+情侣毛巾一盒(两条)。 赠品四：凡购买太阳花散热器产品价值5000元以上，即送精美活性碳雕一个。活动时间：10月1日至10月3日我要评论,4,3,0.9798087477684021
"黄金购房季之金秋家居打折大盘点之法恩莎项目名称：法恩莎优惠活动：惊喜一 法恩莎卫浴活动当天将推出最低团购折扣，保证同期最低！惊喜二 数十款十一特供单品任你选择, 法恩莎马桶399元！惊喜三 多款套餐抄底价，适合你不同的风格需求，满足您装修省钱的欲望！惊喜四 活动当天推出超值自由组合套餐, 马桶、浴室柜、龙头你的喜欢你做主！惊喜五 法恩莎智能马桶、VIVI智能马桶全线让利, 更有超低特价等你拿！惊喜六 十一市场的促销款式，活动当天再享更大让利优惠！ 惊喜七 更多特供价和优惠还在申请中，神秘优惠价格将当天揭晓！(注：神秘特价根据网友反映的最低价格制定)赠送一：买专供地拖盆送价值468元龙头一个赠送二： 买法恩莎卫浴专供套餐加8元送高档浴室镜赠送三： 买法恩莎高档实木浴室柜加1888元赠送价值14086元的法恩莎智能马桶，或加666元赠送价值2257元的法恩莎喷射虹吸式连体马桶活动时间：10月3日项目名称：古沙优惠活动：买古沙套餐,送:价值300元 3D杜邦抱枕一个.送价值1380元棕绵加厚床笠一个,送价值2980床外套一件活动时间：9月25日至10月8日项目名称：弘高优惠活动：现场领取折扣券,凭券满1000减200,满2000,减400.以此类推.自营家具2折起活动时间：10月1日至10月8日项目名称：金意陶优惠活动：1,全场买2000返1000元现金(所有配件、特价产品、买一?赠一?产品不参加)2,厂家直供，国庆特享产品买一?赠一?.3,15款精品超低价抢购活动时间：9月26日至10月11日我要评论",4,3,0.9306013584136963
"黄金购房季之金秋家居打折大盘点之爱依瑞斯项目名称：爱依瑞斯优惠活动：项目名称：班尔奇优惠活动：一、柜体部分1.大亚板柜体全场7折；2.实木柜8.5折；2.KI007，18mm板原价300元/平米现特价178元/平米二、移门部分1.推拉门、隔断门全场7折；2.欧式门8.5折；备注：1、本次活动与店内活动只能二选一；2、五金件、抽屉类不打折；活动时间：10月1日至10月8日项目名称：城外诚优惠活动：首重礼：城外诚购物特惠册，优惠总额达85万元,二重礼：500辆环保电动车寻主人，大奖天天送,三重礼：在城外诚买欧美家具，只需一半钱(5折起)活动时间：9月26日至10月8日项目名称：东方百盛优惠活动：活动一：全场7.9折活动二：满5000元，加100元送阿尔卑斯床垫一张(原价：1200元)9 C3 o7 x+ w- x活动三：凡购满10000元，加200元送夏威夷床垫一张(原价：2800元)次活动不与商场活动同时享受。活动时间：10月1日至10月8日我要评论",4,3,0.9588091969490051
黄金购房季之金秋家居打折大盘点之现代冠军项目名称：现代冠军优惠活动：卫浴钻石6平米套餐原价5304元 现省 1315元 优惠价3989元扣板：300*600碧海银波*16 300*300纳米闪银*27300*300酒红*4电器：照明灯2台 换气扇1台 风暖1台 金色射灯4台辅料：边角哑光钛银边角 5支 赠送实际使用的全部龙骨卫浴铂金6平米套餐原价4096元 现省1075元 优惠价3021元扣板：300*300经典白*56片 300*300西斯廷圣花红*8片电器 照片1台 风暖换气照明浴霸4合1电器 1台辅料：经典白哑光滚涂边角*5支赠送实际使用的全部龙骨卫浴黄金6平米套餐原价：2266元 现省577元 优惠价1709元扣板：300*300葛兰特/卡莱士*52片电器：照明灯1台 灯暖换气1台辅料：经典白哑光滚涂边角*5支赠送实际使用的全部龙骨厨房金牌套餐6平米原价：2596元 现省719元 优惠价1877元扣板：300*300似水流年*16片 300*300经典白*33片 300*600经典白*5片 150*600斑马王子*6片电器：照明灯2台辅料：经典白哑光滚涂边角*5支赠送实际使用的全部龙骨厨房银牌套餐6平米原价：1736元 现省461元 优惠价1275元扣板：150F纳米系列条板(颜色纳米浅红拉丝、经典白)电器：照明灯*2台辅料：经典白哑光滚涂边角*4支赠送实际使用的全部龙骨买赠活动：整单金额(包含扣板、电器)买够不同金额即送多种电器；满2000元送价值800元灯暖换气电器1台满4000元送价值1378元灯暖换气照明浴霸四合一电器1台满6000元送价值2338元五合一顶级电器(即空军1号)满8000元以上，送价值2338元五合一顶级电器(即空军1号)，6000元以上部分直打85折或者可2000元一档赠送以上等条款所指定电器。单品特价优惠：特价单品：150珍珠白 150闪银光 300*300珍珠白 300*300闪银光 均特价优惠68元/平米(含龙骨，边角安装费另计)活动时间：10月1日至10月8日 我要评论,4,3,0.9010652899742126
"黄金购房季之金秋家居打折大盘点之百安居项目名称：百安居优惠活动：瓷砖:10送4,指定品牌88折. 地板:实木复合和强化地板10送2起.卫浴:A.S零售：美标全场满500送50，满2000送260全场抵用券。(特价商品参加)DC:满1000送120满2000送300(8/14促销延期执行，特价商品参加)(与零售不重复).Kohler零售+DC：3000元送300元全场抵用券,装饰:门:满1000直降150元,加送安装;窗:满1000直降100,2000直降300,加送安装吊顶:满1000直降100,加送龙骨送安装.水槽:水槽折扣+link净水(20%):水槽先折扣满1000送400元净水器抵用券,买净水器满1000元用200元.厨房热水器:厨房电器Link橱柜(12.5%):买厨房电器满2000送1000元橱柜抵用券(9.30-10.08),买橱柜满3000元用500元(9.30-10.25);涂料:油漆指定品牌系列买100送40(20元全场券20元软装券) 软装券：窗帘、百页、花灯、墙纸满100用20。活动时间：9月11日至9月30日项目名称：爱格优惠活动：店面全场特价8.N折,小区渠道特推出部分特价商品供大家抢购！,互动抽奖：1、店面抽奖活动：一等奖：美的吸尘器一台二等奖：乐扣大礼包一件三等奖：亚都加湿器一台纪念奖：爱格啤酒一箱2、“畅游爱格德国工厂”活动：单一订单(同一地址)超过15000元或购爱格地板加飞美家具超过15000元的客户，可以参加“买地板，体验爱格欧洲绿色之旅”活动。现场须签订参加“体验爱格欧洲绿色之旅”抽奖活动确认函，双方各持一半。10月25日由我公司组织活动，将购买爱格地板及飞美家具的客户通知到场后，将手中确认函投入奖箱，由组织人员现场抽取。没有到场的将取消参加抽奖资格。活动时间：10月1日-10月18日我要评论",4,3,0.8417279720306396
"黄金购房季之金秋家居打折大盘点之马可波罗项目名称：马可波罗优惠活动：1.国庆专供 一降到底 活动期间，马可波罗瓷砖18款厂家国庆专供品，直降到底。7.8元/片起2.华诞特惠 惠通天下 活动期间，马可波罗瓷砖8款国庆特惠品，惠有惊喜。17.64元/片起3.钜惠力献 满100元减51元 活动期间，马可波罗瓷砖瓷片、抛光砖、腰线、花片、小地砖产品(即底价是标价6.5折的产品)满100元直减51元货款(专供品、特惠品不参加此项活动)。4.同庆有礼 满3000元即可享受 活动期间，购买1295、e石代产品满3000元后再购1295、e石代产即可享受8折优惠(雕刻砖，壁饰产品除外)；备注：1. 订单最晚送货日期为2009年12月31日，过期订单恢复原价。2. 订单收取订金最低为30%，促销备案截止10月9日中午12：00；3. 促销订单退补货比率为订单金额的10%，超出部分按即时价补货；4. 闽龙市场马可波罗店面可单独享受购买1295、e石代产品满3000元后再购1295、e石代产即可享受8折优惠(雕刻砖，壁饰产品除外)后满6000元可赠送客户12片CZ6822香槟石活动时间：9月26日至10月8日    项目名称：依诺维绅优惠活动：活动1:BOHEMIAN系列全场75折.活动2:BEBEL系列,指定产品特价活动时间：9月26日至10月19日我要评论",4,3,0.9808952212333679
108枚新型导弹将亮相国庆阅兵本报北京9月27日电(记者朱思雄、廖文根)第二炮兵副司令员、阅兵联合指挥部副总指挥于际训中将近日透露，“新中国成立60周年国庆首都阅兵，第二炮兵参阅的5个导弹装备方队由6支导弹劲旅组成，108枚参阅导弹全部是最新型号。”第二炮兵导弹装备方队是第三次在国庆首都阅兵中“亮相”。第一次是1984年国庆35周年阅兵，只有一个装备方队12枚导弹参阅；第二次是1999年国庆50周年阅兵，共有4个装备方队36枚导弹参阅。于际训介绍，第二炮兵今年参加国庆首都阅兵的人员数量之多、装备种类之全、方队规模之大，都是空前的，精良的武器装备将集中展示我军战略威慑核心力量和中远程精确打击力量建设的新发展和新成就。与前两次国庆阅兵相比，武器装备阵容凸现了五大变化——导弹家族更大。此次阅兵呈现在世人面前的导弹武器装备，全部为首次亮相的新型主战武器。其中包括两种不同射程的地地常规导弹，一种常规陆基巡航导弹，一种核常兼备的地地中远程导弹，一种洲际战略核导弹，标志着中国战略导弹武器已由单一型号发展为近程、中程、远程和洲际导弹并存的导弹大家族。导弹身材更小。此次阅兵所展示的5种型号导弹，无论常规导弹还是核导弹，全部采用固体燃料，体现了体积小、本领大的明显特征。导弹威力更强。此次受阅的新型导弹武器，真正实现了隐蔽实施作战准备、突然发起火力突击、快速实施波次转换。导弹精度更高。首次亮相的陆基巡航导弹，能够多发连射、低空飞行、隐蔽突防、精确制导，是实施中远程精确打击的一把利剑。导弹机动更快。此次阅兵亮相的所有导弹装备，全部采用车载发射方式，拉起来就可以跑，到达预定地点后，竖起架子就可以打。在此次国庆首都阅兵中，第二炮兵除展示5支装备方队外，还首次组成学员方队。这个方队由第二炮兵工程学院、第二炮兵指挥学院和第二炮兵士官学校3所院校联合编成。 我要评论,4,7,0.9998764991760254
美国严查海外银行账户 冲击亚裔富二代据台湾《中国时报》报道，美国政府严查境外银行账户，凡有绿卡或公民身份者海外存款超过一万美元，应在10月15日前申报，凡是隐藏海外账户被查获者，美国国税局将予以重罚，甚予以刑事起诉。这项规定冲击到许多亚裔富豪，包括台湾富豪第二代，这些人现在考虑放弃美国公民身份。美国《商业周刊》说，多年来，亚洲富人一直把美国公民身份看成是方便的安全网，不过，成为美国公民有其不利之处，就是有缴税义务，而且不论在国内或海外的收入一律要申报，现在因为美国要清查海外账户，有些富豪为了避税，开始有放弃美国籍的念头。美国国税局早在十多年就有规定，海外存款、证券、共同基金或退休金账户超过一万美元者，均须申报。但这项规定一直未严格执行，直到今年8月瑞银集团(UBS)供出4450个美国富豪逃税名单，海外账户问题再度受到重视。美国国税局特提出一项赦免计划，过去6年有收入但未据实申报者，鼓励在9月23日以前自愿申报，后来因申报人数太多，又延后到10月15日，并郑重表示绝不再延后。凡在10月15日截止前申报海外账户者，须缴纳海外账户过去六年内最高总金额的20%为罚款。隐藏账户被查到者，罚金高达十万美元或账户总值的50%，追查期限超过六年。国税局警告说，逃漏税将不仅面临民事罚金，更可能被刑事起诉，最高判处五年刑期。 我要评论,4,1,0.8473545908927917
首批海淀区科技企业加速器揭牌9月30日，海淀区科技企业加速器揭牌仪式在东升科技园举行。区委常委、常务副区长、海淀园管委会副主任杨志强为东升加速器揭牌，同时为启迪加速器、永丰加速器授牌。为落实海淀区委、区政府颁布的“1+20”相关政策，根据《海淀区促进科技企业加速器发展暂行办法》，海淀园管委会服务体系与公共平台建设处会同区科委，对多家企业提出的加速器认定申请进行初审，并组织有关专家评审，最后经区政府常务会审议批准，认定启迪加速器、永丰加速器、东升加速器为首批海淀区科技企业加速器。我要评论,4,9,0.7889516353607178
刘晓光：国进民退是否会造成新的垄断主持人：下面我们有请首创集团董事长刘晓光先生演讲，他演讲的题目是：国进民退是否造成新的垄断。刘晓光：大家知道改革开放的成果怎么来的，为什么出现社会繁荣，产业大发展，这三十年来小平同志关于改革开放，我们的市场经济理论，民营经济的发展，这些可能都是一些重要的动因，没有谁可以否定的，但是最近确实有一些舆论或者动向，也有一些迹象，有人说金融危机，中国经济之所以风景这边独好，是因为国有经济很强，垄断是有好处的等等说法，我想我做一个简单的思考，一个思考就是关于国进民退在当前的经济条件下主要体现在哪些方面，今天是一个地产的金融年会，我想从几个方面简单做一个分析，首先地产方面是一个充分竞争的市场，就不排除包括央企进入，传统的央企和新的央企进来，这里面我想有一些数据简单的分析一下。一个数据是100多家央企中涉及土地的有16家，1998年住宅市场化之后，中国房地产市场程度比较高了，国企占的市场份额当时并不高，最近十年来，这个份额提高到20%多，最近的情况大家看到了，央企加大了进入房地产行业的力度，不光是央企，还有地方的国企，我们前一段时间开部分的省市投资会的时候，很多公司原来是做电的，或者煤的，去年发生了一些变化，有一些公司做了很多的房地产，他们现在纷纷的进入了房地产的领域，业内很熟悉的很多央企，包括不熟悉的中化、中铁等等，另外从今年以来国进民退来讲，央企拿地比较迅猛，大型的国企拿地将近70万平米(北京)。以万科和保利掀起了新一轮的房地产企业发展模式之争，也是很大的信号，还有一些企业，比如说央企，采取迂回的模式进入房地产领域，从以前上市公司A股前十名来看，60%民营，一两家国有，但是现在来看，60%是国有，两三家混合经济，民营企业很少了。第二个方面，我们原有的传统的通讯、石油、电力、烟草以及公益事业现在是垄断的，现在还是这样的状况，但是以往鼓励的基础设施的产业民营化、市场化，现在这表现为基础设施所有权的国有化的呼声，情况是有一些变化的，原来可以进入的一些基础设施领域，基建的领域，现在慢慢的往回走，金融危机以来大家投入了很多的铁公鸡，大家知道最近关于煤炭的整合，一些矿产资源的整合，可能都是一种信号。第四个方面来讲国有企业金融危机时相对于民营企业仍然能够相对充足的拿到银行信贷的支持，而中小企业和民营企业的情况肯定不一样。这是第一个大的思考关于国进民退中当前的经济情况下体现的方面。在经济危机的情况下，各国政府采取刺激经济的结构会引起私人投资的下降，这种规律从现实来看是一致的。从实践情况来看，社会的公民与效率当前更加偏重公平的问题，在发生经济衰退的情况下，大型的或者垄断的国有企业相对于抵御风险能力大一些，这种状态也提供了客观国进民退的基本条件。第三个问题思考的是关于工业化进程尚未完成的时候，一些大型的特大型的项目建设对一个城市的带动作用更大，所以国家更重视这些东西，比如说当年的二汽进入山区带动了襄樊十堰市，在这些活动中国有的大企业肯定取得了关键和掌控的作用，民营企业是另外一种状态了。还有人提出来，面对改革深入发展的局面，腐败频发，通过对国有大型企业的监督和管理更容易一些等等。我再想，所谓国进民退的情况发生肯定是有客观的条件的，这里面简单的概括一下，在经济增长处于衰退调整的过程中，国家动用整体的手段时会发生这种情况，在组织规划化生产建设时，国有企业更多的进，国家重点解决社会公平时，国有企业进的更快，事实上国进可能是一定历史发展阶段时的一种现象，有时候可能会成为一个时期起主导作用的经济建设。对于国企在地产领域中我也做了简单的分析，我想大量的国企，特别是央企拿了一些地王，进入了这个领域，我想理由很简单，早期国企并不是不想进入地产，但是随着国资委的政策限制可能会有所限制，今天放松了这些东西，国家政策也在鼓励，才大举的进入，2007年的时候央企拿地少一些，08年也没有拿，09年以后现金很充足，加上4万亿的拉动造成了拿地的条件，很多大型国企由于利润的下降增长，随着资本的逐力性而言也进入了地产。地产成为一种抵御通货膨胀，产生快钱的比较好的行业，这些企业没有理由不进，我个人觉得也无可厚非。这里面有一个关于国进民退的思考的问题，就是要有一个合适的度，不能过度，这个是现实的条件产生的，要有一个合适的度，如果我们处理的不好，可能某一些行业形成垄断，产生垄断，还可能产生其他的问题，比如说第一加剧中国经济对投资拉动的进一步的依赖，这种趋势强化，中国经济的转变很难实现。在过去十年内，国家产业的创新、产业结构的提高都是不利的，所谓的二元结构中对于资源的配置效率的提高也有很大的影响，这是产生国进民退的条件。我们三十年改革开放，民营经济的经营定位不可动摇，我的说法是中国经济发展到今天，民营经济的地位不可能被其他的任何经济地位替代。从地产的角度分析一下，这个行业是竞争非常充分的行业，市场的准入门槛很低，市场化程度远远高于电力、石油等等，集中度也很低。另外一种情况国有企业也有资本逐利的要求，无论是民营企业还是国有企业进入都在一定程度上推动着中国城市化的进程，推动中国经济的发展，一方面国字头的很多大公司拿了很多的地王，但是另一方面有很多国有企业大家注意到了，也拿了很多保障性的地块，所以他们就建一些经济适用房，我想从关系上讲，国企、民企在地产领域中相互促进、推动对加速中国的城市化进程肯定有好处的。另外我想从地产角度来讲，民企不会萎缩，还会发展，目前还谈不上在地产界对民营企业的打击，如果国有企业买好地，房价推动，还都是市场的行为，还谈不上一种打压，可能目前了结果出现了一些迹象，比如说民营企业在核心城市，核心地块拿的比较艰难，比如说一级土地开发越来越多的是以国有企业为主体的发生了一些变化。在现代的历史阶段中应该处理好国进民退的关系，国进民退应该是阶段性的产物，而不应该是永久性的产物，但是来讲，我们应该大力的鼓励私有投资推动市场能力的发展，在本次  中国经济在金融危机的影响下率先复出，表现出了国进民退的现象，但是这可能只是一个短暂的阶段，中国的市场经济应该说还不够完善，不够发达，但是鼓励民营企业的发展肯定是今后的方向。当前重要的问题在于，政府应该把握经济复苏和经济振兴相互转换的关节点，促进民营企业的发展，包括目前的私募股权基金，包括小额信贷公司。最后，在国进民退中，有一个度的问题，如果度掌握的不好，可能在老的垄断行业存在的同时会出现一些行业中新的垄断的情况，应该高度重视，因为大家对于垄断实际上很痛恨，从国家的角度来讲，我们思考应该加大反垄断的实施力度，大家对油价的上涨和电信部门的抱怨本质上是对垄断的一种反映，从国际上来讲，对于反垄断的做法也是很多的，从中国的情况包括政策性垄断，资源的垄断，我想可能要解决好的话，民营经济的发展或者保持健康的结构，在反垄断方面也是非常重要的方面，由于题目比较大，政治性很强，我就把自己简单的思考讲了一下，谢谢大家。我要评论,4,7,0.4692150950431824
艺术品及古物市场未受经济衰退影响RICS 英国皇家特许测量师学会艺术品及古物调查报告 ? 2009年第三季 于昨天公布的英国皇家特许测量师学会(RICS)第三季艺术品及古物调查报告指出低息贷款令资金持续流入艺术品及古物市场引致价格上升。 过去三个月总值平均数由百分之七(7%)倍增至百分之十四(14%)，这表示有更多的测量师认为艺术品及古物价格现正上升。从调查的响应看到大约七成的价格会上升，其中高档市场最为强劲。近代艺术品市场则较为疲弱，报告价格下跌的测量师人数比之前增加。今年第二季度报告显示有百分之二十四(24%)的测量师报告近代艺术品市场价格下跌，该比率于今季度增加至百分之三十四(34%)。过去的几个季度近代艺术品市场价格普遍下降，比起去年年初所见到的升幅有强烈的对比。珠宝和银器这两个传统的稳健市场亦见升幅。超过百分之四十四(44%)的测量师指珠宝价格仍然上升，百分之三十七(37%)认为银器价格亦在上升。 属于高档市场的油画及水彩画市场虽然录得负百分之三(-3%)的?增长，但其走势仍然强劲。多出百分之九(9%)的测量师认为艺术品价格及价值超过五万英镑(£50，000)仍正在上升，多出百分之十四(14%)的测量师认为艺术品在五千(£5，000)至五万英镑(£50，000)的价格亦同样正在上升。RICS发言人Chris Ewbank 指:“艺术品及古物市场并未受经济衰退的影响，由于它成为投资者一个投资避难所的选择，加上低利率及过去五年间的价格下调，吸引了资金的流入。整体市场价格都有上升趋势，除了近代艺术品市场在过去的一年间承受了价格的逆转，原因是大部份艺术品市场的投资者现时倾向较保值和低风险的稳健传统市场。最明显可见的是国际拍卖行在过去一年间的营业额大幅下跌，反而小型的拍卖行却渐见活跃。”我要评论,4,1,0.5300205945968628
剩女用五套房当嫁妆征婚(图)一个人在外打拼不容易，而北漂的剩女更不容易，一个女人在外打拼，连对象都不好找。这不，最近网上就有一个北漂剩女开始发帖征婚了，人家的嫁妆还是五套房呢!看她开出的条件，其实并不算很高。奇怪的是，网友都不买账，甚至有网友说:“我光要房不要人行吗?”◎网友发帖5套房当嫁妆，谁能娶我10月13日，论坛上出现了一篇名为《北漂剩女征婚:5套房产作嫁妆，谁能娶我?》的帖子，网友“abch4”说:我今年32岁，河北人，长得一般，有点黑，算是丰满，130多斤。咱是没什么姿色，但是咱不缺票子。北京5套房产就是资本!我主业是做外贸，自己有一个外贸公司。这位网友说，虽然自己身边一直不缺男人 ，但碰到的北京男人、天津男人、上海男人、东北男人等，不是爱吹牛，就是太小气，有的还特别暴力。她只得网上征婚，列出七个条件，说非诚勿扰:1、东北男、北京男、天津男、上海男一律不要，跟以上4个地方有直系或旁系血亲的也不行!2、长得可以不帅，但要干干净净，不能邋里邋遢 ，健美点的更好，纯粹为后代考虑。3、身材高大魁梧 ，178厘米以上，我将近一米六，比例比较合适，女人总是希望有个宽大的肩膀可以依靠。4、年龄30～45岁，事业成不成功不要紧，重点是踏实而且精力旺盛的男人。5、幽默、有情调，对我要温柔，要喜欢女生撒娇，野蛮的都闪边去。6、不能混混，怎么着也得有个5年计划什么的，不是蓝筹股你也得是个绩优股，我可不想花钱买个垃圾股回来。7、有欣赏美的能力，也有看美女的权利，但是在你眼里我才是最美。 ◎网友热议我光要房不要人行吗网友:想男人想疯了吧?tdwl02:先结婚，再制造车祸把她变成植物人，反正她是花钱买婚姻。北京网友:我光要房不要人行吗?人间有真情:这样找到的归宿，也是以房子作为筹码换来的，很难保证以后出现什么状况，真正的爱情不能掺杂太多功利的成分，你这么明目张胆用房子来钓鱼，不知道会是什么结果啊!爱喝白开水:顺其自然，总会遇到好的 ，找不到一个人过也没什么。那么多年不也是这样子过来，单身其实也挺好的。◎记者调查关键看人，房子次要市民夏冬现在算是青漂一族，正在单身中的他，听到这个消息后，觉得这样的事情肯定是网上炒作。“首先，谁有那么多的房产，还放在网上炫耀啊!再说，从照片上看样子，觉得这个女孩也不像她说的那个样子。反正就是感觉不真实，我是不会相信的。”当记者问他假设这个事情是真的话，他说，“虽然我也是打工一族，但是说到婚姻，还是很重要的，我是不会那么儿戏，轻易去选择一个人，或者因为房子而喜欢上一个人 ，要不然咱也不会剩着了，对吧?如果现实中真有这样的一个人，我也要先跟她接触一下，看看这个人适不适合自己，自己喜不喜欢再定，房子的话，是次要因素，关键还是看这个人。”记者就此事咨询了I爱交友网的负责人张旭先生。张旭对此事倒是很能理解 。他说，其实这个女孩的做法是可以理解的。因为商品社会，感情是很难与钱完全独立的 。有钱的剩女要求条件高一些，也是无可厚非的 ，其实说白了，这也可以算是一种资源置换吧。个人追求不一样，你不能说人家的就一定是错的。但是单纯从感情上来说 ，这样的婚姻肯定是不可靠，需要两个人更努力去维持才行。·海选美女百里挑一 富豪征婚先量美女的三围·已婚男老师上网征婚 被指见面当晚强奸女白领·母亲带房产证为博士女儿征婚 指定要找男博士·80后网上贴母亲美艳照片 自称为妈妈征婚 我要评论,4,3,0.515842080116272
花旗首席经济学家：央行最早明年二季度加息商报讯(记者 崔吕萍)“明年信贷增量将维持在高位，个别月份通胀率将突破4%，预计央行最早在明年二季度加息。”昨日，花旗集团大中华区首席经济学家沈明高昨日在接受本报记者采访时这样表示。9月份新增人民币贷款5167亿元。这一数据高于此前4000亿元的市场预期，而前三季度8.67万亿元的信贷增量预示着全年信贷增量将突破10万亿元，充裕的流动性使市场担心通货膨胀的突然来袭。对此沈明高认为，加息取决于通货膨胀的预期，明年通货膨胀率或达到3.4%(据投研报告显示，今年通胀率也在2%以上)，不排除个别月份出现4%的通胀增长。通胀增长超过4%，加息变成可能。“通胀本身带给市场的影响有限，但由通胀预期带来的市场投机过度激进，直接导致房地产市场、黄金市场被严重炒作。”沈明高表示。与此同时，沈明高认为，中国经济的复苏是流动性推动的复苏。“从今年前三季度人民币贷款增加8.67万亿元趋势推算，预计今年全年信贷增速将实现10万亿元，同比增长33%。明年新增信贷规模仍维持在8万亿到10万亿元之间，同比增长20%到25%。”“信贷规模如果连续两年呈现10%左右的增长速度，将给银行带来极大的资金压力，在这一背景下，银行只能够一面从资本市场‘抽血’，一面为公司提供贷款。”沈明高表示。 我要评论,4,1,0.9385221004486084
六成人认为香港现时楼市的炒风严重中新社香港十月二十日电香港近期豪宅楼创“天价”，一项由政团所做的调查显示，有九成一受访香港市民认为现时楼价偏贵，有六成人更认为香港现时楼市的炒风严重。民建联于今年九月下旬以电话随机抽样的方式访问了近六百名市民，结果发现有达四成受访香港市民认为未来一年楼价还会再上升，四成八受访者更要求政府现时出手遏抑楼价。在楼价高企下，有近五成七受访者表示自己或家人未来一年不会置业，主要原因是欠缺供楼能力。调查亦发现，有逾七成受访者支持继续兴建居屋，近六成八人亦认为应继续推行公屋租置计划。但香港地产发展商恒隆集团主席陈启宗认为，香港现时楼价升幅主要反映在豪宅价格上升，豪宅价格不影响市民大众生计，对社会的影响不大。他又指，香港有超过九成的住宅都是一般住宅，这个部份没有出现泡沫，现时仍有很多较便宜的住房，市民是可以负担的。 我要评论中新社香港十月二十日电香港近期豪宅楼创“天价”，一项由政团所做的调查显示，有九成一受访香港市民认为现时楼价偏贵，有六成人更认为香港现时楼市的炒风严重。民建联于今年九月下旬以电话随机抽样的方式访问了近六百名市民，结果发现有达四成受访香港市民认为未来一年楼价还会再上升，四成八受访者更要求政府现时出手遏抑楼价。在楼价高企下，有近五成七受访者表示自己或家人未来一年不会置业，主要原因是欠缺供楼能力。调查亦发现，有逾七成受访者支持继续兴建居屋，近六成八人亦认为应继续推行公屋租置计划。但香港地产发展商恒隆集团主席陈启宗认为，香港现时楼价升幅主要反映在豪宅价格上升，豪宅价格不影响市民大众生计，对社会的影响不大。他又指，香港有超过九成的住宅都是一般住宅，这个部份没有出现泡沫，现时仍有很多较便宜的住房，市民是可以负担的。 我要评论,4,7,0.9106544256210327
80后大学毕业生多蚁族(图)北京大学博士后廉思主编的调查实录《蚁族》出版，将其带入公众视野。有人说，“蚁族”可能成为“像‘知青’那样流行的单词”。“蚁族”不是蚂蚁，却有“高智、弱小、群居”的特征，故得名“蚁族”。他们多是“80后”大学毕业生，虽曾接受高等教育，但收入却很微薄。北京大学博士后廉思主编的《蚁族》将其带入公众视野。近日，记者采访了一群“蚁族”，了解他们的生存状态。文、图/记者徐静 实习生廖宇飞、曾繁莹 通讯员刘晓钰 “蚁族”群体普遍扎根在城中村，那里房租低廉，不少刚毕业的大学生都聚集在此。“蚁族”生活：房租300元自己煮饭。“蚁族”收入微薄，生活能省则省。“城中村里的房子租金少，村子越往深处的越便宜”，住在大学城北亭村的师范类历史学毕业生王林就选择了这种地方，一人住着一间10来平方米的小单间，300元房租，吃饭都是自己打点。“蚁族”工作：收入刚能养活自己。大学毕业生找工作难，很多毕业生第一份工作都是先养活自己再谋发展。广商09届毕业生冰凌说，她的工作是在一个传媒公司广告部做数据统计，跟她所学的信息管理专业基本沾不上边。目前还在试用期，社保、医保由公司承担，她每个月工资只有1600元左右，“仅够养活自己，还来不及报答父母”。“蚁族”心声“我们是打不死的小强”温骁是去年从广商毕业的，他在学校附近租房，十一二平方米的单间，有一个独立卫生间，一个简单的洗手台，旁边有一张床、一张电脑桌和一张茶几。但他坚持不回家发展。“每个人的生活状态都是自己选择的。”他说：“我们是打不死的小强，就这样活着。拼到最后，不管路是怎样。”小黄是增城人，毕业后找到一份工作，做软件。走出校园的他，月收入三千多元，但他还是选择住在棠下的城中村，与人合租。这合租人不是外人，正是小黄的大学宿友。现在，他们3个小伙子就住着一套2房2厅70平方米的套间里，厨房、柜子、洗手间、阳台都齐备。屋子虽大，可租价却相当便宜，每月只要900元。环境简陋，但小黄还是住下。他说，主要是想和宿友继续住在一起，彼此有伴，周末可以一块打球，平日也有个人来侃侃大山，不至于太闷，“不尽然是经济因素，主要是怕寂寞。”小黄乐呵呵地说。专家说法反映高等教育去精英化“蚁族”的出现与高等教育大众化带来的“去精英化”有关，大学生由优势群体转为相对弱势群体。近年来，大学生毕业期待薪酬停滞不前，甚至有下降趋势，便是对此的反映。此外，就业市场、房屋市场也对大学生造成颇大压力。与更早前的大学生不同，现在的大学生难以享受福利分房，要买房的话，毕业生微薄的工资杯水车薪，这也使“蚁族”们只能在城中村等居住条件差的地方居住。“蚁族”的出现也证明“80后”向上流动的机会相对要少，渠道也没那么顺畅，尽管“蚁族”不至于沦为最底层，但在社会地位上却处于“要上不上，要下不下”的尴尬境地。岳经纶中山大学政治与公共事务管理学院教授 我要评论,4,5,0.833330512046814
银监会：综合授信类个人贷款业务将收紧本报讯记者刘薇报道：银监会周三发布了《个人贷款管理暂行办法(征求意见稿)》，对个人贷款实行支付管理。如果正式出台，这将是我国首部个人贷款管理法规。银行人士表示，总体来看，《暂行办法》对个人贷款业务没有太多新的限定，但细化到银行具体业务，则有一些贷款品种可能会加强审核，收紧门槛，诸如此前非常火爆的综合授信类个人贷款业务。《暂行办法》主要内容是，规定银行不得发放无指定用途的贷款，明确实行贷款人受托支付或借款人自主支付的方式对贷款资金进行管理和控制。重申银行在发放个人贷款时须坚持面谈、面签制度，确保贷款的真实性，以防范虚假按揭等风险。由于办法不针对个人贷款业务品种申请设置额外条件，因此个人获得贷款的门槛并没有被抬高。记者昨日采访多位银行信贷部门人士，他们表示，其实目前大部分个人贷款业务如房贷、车贷等都是实行受托支付，即贷款人根据借款人的提款申请和支付委托，将贷款资金直接支付给符合合同约定用途的借款人交易对象。这样做的好处，一方面能够有效监控贷款按约定用途使用，防范贷款挪用风险；另一方面也可防止“顶冒名”等违规损害借款人利益的行为，切实保护借款人合法权益。如今受《暂行办法》影响较大的，则是市面上一度火爆的个人综合授信类贷款。这类贷款通常表现为“房产一次抵押，贷款额度多次循环使用”，如很受市民欢迎的“循环贷”、“随借随还”等，有的银行在开办这类业务时放得较为宽松，只要首次审核通过，以后的贷款申请甚至可以通过网上银行等自助方式办理，无需再经过相对复杂的审核手续，这就意味着在初次审核通过后，借款人就不用再到银行面谈、面签，便可能获得贷款。“这其中的确存在着无法监控贷款真实去向的可能。”某国有大行支行行长称。而一家股份制银行信贷部门人士则坦言，在《管理办法》出台后，该行相对宽松的审核制度很可能需要作出调整，比如采取措施加强对贷款用途的审查，自助方式也许会取消。 我要评论,4,1,0.9086152911186218
两大原因致部分银行收紧房贷 明年从紧是大方向针对目前因收紧二套房贷而导致买方撤单、房东发怒的种种纠纷，记者走访了沪上的中资银行。银行方面指出，致使二套房贷收紧的主要原因，一是由于银行全年贷款指标基本完成，二是目前房价进一步上涨，楼市出现风险，银行也要“自我调整”。各家银行调整情况不一交通银行从11月1日起调整对二套房的审核标准，由原来的以个人为单位变更为以家庭为单位。记者从静安区各大银行的支行处了解到，工商银行、兴业银行也接到“口头通知”，相继将二套房认定标准框定为 “家庭”，释放出强烈的收紧房贷的信号。“房贷申请超紧，很难拿到贷款。”一些买家抱怨道。由此引发的矛盾日益突出，部分买家因为首付提高，而无力支付房款，中介白忙一场还遭到房东的抱怨。据了解，考虑到这一情况，交通银行将调整二套房审核标准的最后执行日期定在本月15日。 “这是为了避免因贷款政策的突然变化而影响客户的正常买房。比如已经被通知可以贷款七成的客户，如果调整标准，只能贷六成，那可能导致客户无力承担成本而中途退房。”一位交通银行信贷经理告诉记者。进入三季度以来，房贷审批过程变得相当漫长。记者在新闸路石门路附近的中介处了解到， 10月起，各大银行已对申请办理贷款的房屋提出很多要求，如面积小于50平方米或成交总价低于60万元的均不再受理，对房龄的最低要求也提到了15—20年之内。对于 “上海将统一把二套房利率上浮10%”的传言，记者从各大银行尚未得到证实。一家银行房贷部人士表示，可能从央行层面目前没有新政策下发到各商业银行，但不排除各大银行会进行 “自我调整”。买家再度调整买房时机面对五花八门的房产数据，普通消费者只想知道 “房价会不会涨”、“现在该不该出手”。但此次房贷收紧，让一些有改善性住房需求的客户再度望而却步。市民小张说，自己从今年年中开始看房，其中不乏满意的房源，但皆因价格太高而踌躇。本以为年底是成交淡季，可以买房了，却又撞上房贷收紧。 “按照我的情况，以家庭为单位就是二套房了，中介说，如果是上半年，还可以打擦边球，现在就不可能了。小张说，看了半年房子，中介的态度变化也比较明显，年中的时候说可以帮忙 “搞定”房贷，到了三季度要小张自己 “凭本事”去银行申请，现在听了小张的情况后，坚决说： “你不首付四成就不要看房了。”而此前，部分银行在放贷时，如果夫妻一方已有多套房产，欲再购房，银行可允许客户写一份声明，说明自己已还完贷款或已出售房子，无需证明文件，而银行并不对其真实性进行调查；也有利用一些漏洞来规避 “家庭”概念。如，征信系统具有滞后性，有时已有一套房的夫妻再买房时，征信系统若显示这两人“未婚”，银行就会睁一只眼闭一只眼，仍为其提供首套房优惠。但随着银监会的 “严打”，二套房首付四成已是铁板钉钉。 我要评论,4,1,0.8249867558479309
"私募二次抄底 中国楼市难缺钱本报记者 陶盈舟 北京报道当11月4日住房和城乡建设部政策研究中心副主任王珏在接受采访时指出，今年初出台的一系列“楼市优惠”政策很可能将到年底终止时，已经逼近年度高点的楼市再度成为了市场的焦点。很显然，如果按照目前的消息面，无论是契税、营业税的优惠政策取消还是贷款利率的“上涨”，无疑都会对今年提前复苏的房地产市场造成一定程度的影响，从而起到调整房地产市场的作用。然而，现实的情况却并非如此。尽管随后中国房地产协会副会长顾云昌表示，楼市的优惠政策至少要等到12月中央经济会议后才能定调，但各地房价却已经出现了持续走高的现象，在北京东四环的一家新楼盘，记者发现每平米均价已逼近3万元大关，而周边的楼价普遍低于2万，比起新楼盘，各区域二手房市场也出现了交易的高潮，在北京市朝阳区过户大厅，多达2000人的排号验证了楼市一如既往的火爆。“事实上，从目前的情况看，即使优惠政策取消，房地产公司也很难出现2008年那样的情况。”北京一家中型房地产开发企业的管理人士私下向《华夏时报》记者透露，除了由于今年楼市回暖带来的资金缓解之外，银行资金和众多私募基金的集中涌入也是地产公司资金充裕的原因之一，“所以即便是收紧政策，对房地产公司来说影响也不会太大。”中国楼市“难缺钱”令人印象深刻的是，就在年初楼市的“小阳春”来临之前，不少房地产公司还曾因为资金链过度紧张而四处寻找资金濒临倒闭，然而仅仅几个月之后，情况就呈现出相反的态势。北京今年二季度甚至出现了二手房销量远超一手房的壮观局面，同时，曾在2008年出现的开发商捂盘现象也再次上演，事实上，同样在2009年，房地产公司的上市也呈现出扎堆的现象，恒大地产(企业专区,旗下楼盘)、龙湖地产(企业专区,旗下楼盘)(企业专区,旗下楼盘)、万达地产等纷纷传出了上市的消息，11月5日，内地地产公司——恒大地产便在香港联交所主板正式挂牌，一举形成IPO重启以来内地房企赴港上市的最大融资规模。“造成房地产市场的火爆其实很简单，一是国家四万亿经济刺激计划的出台，二是一系列刺激房地产市场的政府优惠措施，特别是针对房地产企业的保证金，等于挽救了一大批濒临倒闭的公司，第三则是购房人的刚需以及私募基金和游资的抄底。”上述人士坦言。根据清科集团的统计，投向房地产行业的私募基金早从2007年开始便流入国内。数据显示，从2007年第一季度到2009年上半年，总计有17只针对亚洲市的私募股权房地产投资基金成功完成募集，涉及募资总额达127.27亿美元，同期，投向中国房地产市场的资金总额达到了90美元，占到了上述额度70%的比例。对此，清科研究中心分析师段宁宁告诉记者，作为资金密集型的产业，房地产行业一向对于资金的需求相对较高，“但是目前中国房地产市场的整体融资渠道依然较窄，主要依靠银行贷款、定金及预付款，等于说银行贷款实际上支撑了房地产开发商经营周转的资金链。”上述人士指出，一旦出现类似2008年的经济波动，那么房地产企业的经营风险将转变为银行的金融风险，进而影响金融安全，所以中国的楼市很难出现真正的“缺钱”。正因如此，在中央尚未出台楼市优惠政策前，众多来自海外的资金已经先知先觉般涌入中国楼市，“仅2009年第一季度就有6起针对中国房地产企业或房地产项目的投资，投资活跃度处于2008年以来的最高点。”这也使得原本应到第二季度才能呈现复苏状态的楼市提前一步走出了低谷。优惠结束前二次抄底根据近一个月来的“政策吹风”，今年出台的二手房营业税、契税的优惠政策以及印花税和土地增值税减免的政策很可能都将在今年年底取消，而一旦银行房贷利率取消7折优惠，更是会对房地产销售市场产生立竿见影的效果。有意思的是，来自各方的观点却几乎一致认为，政策面的影响并不会影响目前房地产市场的回暖趋势。渤海证券研究所分析师周户表示，在即将到来的年底，国内房地产行业预计将呈现金10银11的局面，也就是说成交量将出现继续增长。统计数据显示，近期国内房地产市场的成交量已经连续四周出现环比上升，预计10-12月月均新开工面积较前9个月将增长32%-35.33%，而2009年房地产开发投资将同比增长22.1%。同期，龙湖地产、中信地产纷纷传出赴港上市的消息，其中即将于11月19日挂牌香港的龙湖地产目前国际配售部分已超额认购4倍，仅淡马锡、新加坡政府投资公司、中银集团、平安中国资产管理(香港)和香港置地集团5家基础投资者便合计认购了1.975亿美元，火爆的认购恰恰也印证了分析师的观点。“楼市继续逆市出现火爆的原因之一是流动性的环比收缩将促使开发商加快储备资金，加大推盘的促销力度，另一个就是外汇占款驱动的流动性将刺激房价和房地产行业的继续上涨。”周户如是表示。联合证券也在房地产报告中认为，“供给的释放和投资客的再度入市是成交反弹的两个主要原因。”由于目前大部分城市的二套房贷政策执行明紧暗松，就无形中为投资客提供了宽松的信贷环境，“在强烈的通胀预期下寻求货币保值增值的需求直接加速了投资客的再度入市，促进了楼市的再次活跃。”莫尼塔机构对此也认为，当前部分银行的放贷政策收紧主要是银行自身层面的，贷款额度不多，也不着急放贷，属于一种“趁机涨价”的自然行为，并非政策自上而下的收紧。“因此，这样的收紧程度很可能在年底或者明年年初又可能重新松开。”但无论房地产优惠政策未来走向如何，这种短期内给房地产市场带来压力的情况无疑再次给了投资客和抄底资金二次进入的机会。在清科提供的数据中，记者发现，每年私募股权基金对中国房地产行业的投资均呈现出周期性波动，而下半年历来都是抄底的黄金时间，从2006年开始，下半年不论是投资总额还是投资案例，其总数都高于同期上半年交易资本总量，“那么在今年特殊的政策和经济环境下，二季度基金几乎无法介入，很可能这部分资金会延后到年终时集体流入市场，进行二次抄底。” 我要评论",4,1,0.6077955365180969
郭晶晶潮人装现身 卖霍家豪宅欲赚450万(图)刚在全运会捍卫了宝座的跳水皇后郭晶晶，已经适应了频频出席商业秀和高级社交场合的名媛生活。虽然和富豪男友霍启刚的婚事一波三折，如今又要明年再说，她却丝毫不恨嫁，甚至变卖了霍家所赠的百万豪宅，只因物业太多疲于打理。看来名媛郭晶晶下定决心自力更生，毫不担心30岁后变成剩女。 11月12日讯 在10月30日晚，郭晶晶现身上海恒隆广场，以优雅“女王”姿态作为奢侈品牌的领衔嘉宾，成为全场焦点。当日，她为出席活动仅在上海逗留12小时，打着“飞的”匆匆来去。青涩Ball场新女王12小时打飞的捞金虽然郭晶晶出席时尚活动远没有跳台上那么潇洒自如，但经过这几年大大小小众多时尚活动的磨练，郭晶晶的秀场表现频频加分，青涩的门外汉渐入佳境。当日她打头阵为奢侈品牌Fendi走红毯，白色包肩小洋装配银色钉珠手拿包，得体大方，并恰当地遮盖了她因常年游泳而厚实的肩膀及背部，贵妇气场引来闪光灯混战，不少记者私下赞扬：“郭晶晶越来越漂亮了，也越来越会穿衣服了。”郭晶晶也略带得意地介绍：“衣服是我自己选的，我比较喜欢端庄简洁的款式。”虽然郭晶晶的Pose比名模熊黛林和乐基儿略显生涩，换来换去就一两个姿势，对大场面闪光灯阵还有待适应，不过她出场待遇不低。和品牌第三代掌门人合影时，她永远是站在最中心位置的明星，跟大姐大刘嘉玲同级，连天王嫂们都只有靠边的份儿。第一个出场，也是第一个离场，据悉郭晶晶因为要赶回北京训练，活动未结束就从秘密通道离开。回附近酒店换了便装，郭晶晶在助手陪同下直奔机场。当日早上10点，记者目击她刚刚抵沪；不到12个小时，晶晶就赶着最后的飞机匆忙回京，捞金之旅速战速决。私下里没了长枪短炮的关注，郭晶晶要比在秀场上自在许多。离开时，她摘掉了早晨戴着的明星范儿超大墨镜，穿时尚的机车皮衣和短裙、打底裤，手挽着7000大洋的意大利制造Tod’s G-bag，包包上还挂着一只小熊造型的名牌挂件，一身贵气引得不少路人侧目。上午看到有记者在机场拍摄，郭晶晶冷眼相对；晚上离开时，她也不时警觉地到处张望。办完登机手续，她终于松了一口气和助手有说有笑。婚期未定的准豪门媳妇“希望大家多给一点时间”此次再度被记者问及是否考虑进入娱乐圈，郭晶晶明显不如之后进场的刘璇那么如鱼得水，她生硬地回答：“不会。”有没有考虑拍电影？回答也是：“没有。”由于郭晶晶每次回答都比提问短，记者不由得追加一个“为什么”，郭晶晶倒是认真地想了想说：“因为我不会。”与霍家二公子的婚事，也是郭晶晶最烦回答的必答题。之前传出她将在11月中旬，嫁给交往4年、家族资产约900亿元台币的霍启刚，记者一求证，她立即给出一个令气氛迅速尴尬的回答：“这是很私人的事情，希望大家多给我一点时间。”场面一下子冷下来。全运会开始前，郭晶晶已被风传嫁入霍家，年末要举行风光婚礼，成为一代巨贾霍英东的孙媳妇。这个传闻使郭晶晶在全运会上成为刘翔之外最红的焦点人物，每次出席都引得大批记者蜂拥而至，好几次甚至冲破护栏。郭晶晶不得不在夺金后表态：“我跟他感情挺好，我们俩还没探讨过这个问题。我觉得现在这个时代，30岁以后结婚很正常，所以不着急。”总之，郭晶晶宣告暂时不退役、不结婚、不从政。霍启刚虽也曾是风流富豪，不过自从和郭晶晶谈恋爱后相当专一，鲜少绯闻，这让郭晶晶对自己成为霍家媳妇很心定。郭晶晶曾说：“当你做着喜欢的事，而后面有人给予精神支持时，哪怕是一条短信、一个电话都给你莫大鼓舞，你因此会开心地继续做下去。”而霍少让她感动的短信太多了，“我无法挑选，很多人问我霍启刚的事，但很少有人真正去了解他为我的付出。”身价千万的文体新名媛：变卖霍家豪宅聘礼只因懒得打理前不久郭晶晶抛售北京崇文门附近本家润园的房产，让许多人以为这场华人界瞩目的恋情有变，然而10月15日郭晶晶29岁生日，霍公子专程飞到北京为女友庆生，粉碎了谣言。这套房子据说是2006年霍家以300多万元买进送给郭晶晶的聘礼，而以郭晶晶不差钱的身价而言，这套房子不过是她的一个广告收入而已。如今，郭晶晶以452万挂牌出售这套房子，被几经揣测。郭妈妈主动出来爆料称，抛售是因为物业闲置，不便打理。据报道，她和霍启刚恋爱期间，霍家先后送了3套物业给她当礼物，其中最贵的一处是一个北京四合院，市价超一亿。此外，郭晶晶获奥运冠军后，先后获得政府和房地产开发商赠送的多处房产。除了竞技状态保持良好，郭晶晶作为体育明星，吸金能力也超强，拥有牛奶、洗衣液、家电、饼干等多家商业品牌的代言合约在身。2009中国福布斯名人榜上，郭晶晶超越刘翔高居第4位，15家各类广告代言收入超过3000万。显然，豪门名媛的生活最适合未来的郭晶晶，据说她专门练过怎么走台步、摆Pose，如今又开始学英语。训练之余，她有意识地去看一些时尚杂志，了解流行信息。目前，郭晶晶还在中国人民大学学习工商管理专业，为名媛之路铺平基石。 我要评论,4,3,0.8837583065032959
"建行提升首套房贷门槛 二套房利率多家银行7折当下，各家银行的信贷经理们忙乎得有点反常。“成交量不降反升，这不像往年年尾的状况啊。”中信银行二手房贷款客户经理孔艳说，她今年已经做了两个多亿的单子了，没想到临近岁末却还迎来小高峰。“其实都是被房贷7折利率优惠要取消的传言给闹的。”深发展客户经理李先生说。近日，“房贷利率优惠明年或叫停”的报道引起猜测纷纷。随着优惠利率将取消的风声加紧，伟嘉安捷市场主管吴昊告诉《华夏时报》记者，对未来政策的预判性不明，导致不少业主出现急售房产的现象。而业内相关人士则表示：目前政策面并没有文件传达，只是各家银行有自主权依据自身情况决定7折利率是否要取消。建行给首套房贷提高要求记者以购房者身份调查得知，广发、中信、深发展、北京银行对于资质够好的购买二套房的改善性住房客户仍可给到首付四成，利率7折或7.01折的优惠。“我们暂未收紧二套房的利率优惠，购买二套房的客户只要首付40%，属于改善性住房的话还可以申请到7折优惠。”北京银行客户经理赵先生告诉记者。上述中信银行客户经理则对记者表示：只要没什么严重的不良信用记录，在该行申请到7折利率也不会有多大的难度。她最近发放的贷款就有很多都申请到了7折优惠。“但是如果两套房子的月还款额占比家庭总收入超过55%的话，那或许申请就通不过了。”广发银行房贷工作人员告诉记者，该行目前仍可给改善性住房客户申请到7.01折利率优惠。这边二套房还在大给优惠，建设银行却给首套房也提出了要求：首付四成才可以给出7折利率优惠；如果首付两成，只能享受到利率8.5折优惠。“如果是二套房，不属于改善性住房的话，利率肯定是上浮10%的。”建行信贷经理非常肯定地告诉记者。语气变得谨慎的还有招行的信贷经理，他极其巧妙地告诉记者：“如果你资质够好的话，我们也可以申请到下浮30%。”“那能申请到下浮30%的概率是多少？”面对记者的追问，他表示：无法承诺，因为利率随时有收紧的可能。“你争取这个月就把手续办完了，说不定政策哪天说变就变。”工行和深发展客户经理则这样说。贷款审批不过或要付违约金在某广告公司当项目经理的王先生最近有点郁闷，他说，他预订的某小户型因为没有办法贷到八成，最终只得放弃购买了。最终他无奈地从开发商那里把预交的定金取了回来，“还好，这不是因为我的原因造成的无法成交，不用给开发商违约金。”而记者了解到，在二手房过户过程中，买卖双方也会有一个补充协议，买方也需要向卖方支付一定的定金，如果因为买方原因导致交易无法完成，买方须向卖方支付双倍定金的违约金。“主要还是看双方的补充协议是怎么定的，如果因为贷款申请不能通过导致交易无法完成的约定，付违约金的情况也是会存在的。”吴昊告诉记者，这种情况下，买方就只能支付全款来购买房屋了。“所以还是双方的协议要沟通、约定好。”而据某网站的调查显示：已经买房或是准备买房的网友中，九成以上的人选择贷款购房，仅有6.85%的网友全款付清。吴昊表示：如果买方因为信审未能通过贷款审批，而又无法全额付清房款的话，那么就只能“撤单”。“中介公司这时候是没有任何费用产生的，只是交易成功后要收房款总价2.5%的服务费。”八成网友持观望态度 结合“房贷利率优惠明年或叫停”报道的种种猜测，某网站推出的“住房贷款意愿调查”显示：67.12%的网友认为住房信贷政策变化对自身购房有影响；面对住房信贷全面收紧的可能，79.45%的网友选择“继续观望，静观其变”，只有20.55%的网友则“不再观望，果断出手”。“取消只是迟早的事情，因为现在房市已经过热了，国家要求开发商降价也不现实，所以只有通过一些政策的微调来对市场进行调整。”某商业银行消费金融中心工作人员对记者表示，“但是我觉得或许还是老人老办法，新人新办法。不过因为利率优惠而去抢这个时间却不见得可取。虽说大跌不可能，但是调整总是会有的。”而11月5日，住房和城乡建设部政策研究中心副主任王珏林在接受媒体采访时表示：鉴于目前经济回暖、房地产市场向好的形势，去年出台的一系列楼市优惠政策有可能在年底到期终止。北京市理财规划师协会会长、北京东方华尔金融咨询有限责任公司总裁刘彦斌也撰文指出：第一套房贷的7折优惠利率取消是早晚的事情。其原因是：实行7折优惠利率是政府的临时性措施,目的是为了刺激房屋购买，现在基本达到目的。再者因为贷款利率是根据央行的基准利率逐年浮动，目前又是利率低点未来是上升趋势等原因，所以该买房的还要买房,该还贷的还要还贷，利率不是买房的决定性因素。“贷款买房的人在买房时,就应该考虑到利率上升的因素,来计算自己的偿还能力。”而来自 “伟嘉安捷”的消息表明，以往多数业主不愿意接受购房人使用公积金贷款，因为公积金流程慢于商业贷款，会影响业主拿到房款的时间，而如今多数业主出于对政策未知的考虑，大部分人同意购房人使用公积金贷款买房，这也是导致公积金贷款交易量有所上升的重要因素之一。伟嘉安捷指出，其实在借款人资料准备齐全且配合办理的情况下，一般10个工作日左右即可完成批贷、放款。我要评论",4,1,0.9560292363166809
曾荫权担心资产价格升幅过急导致另一次危机十一月十三日，亚太经济合作组织(APEC)工商领袖峰会(CEO Summit)在新加坡新达城国际会展中心揭幕。香港特区行政长官曾荫权当日上午参与大会的对话发言。 中新社发 郑祚声 摄中新网11月14日电据香港大公报报道，正在新加坡出席亚太经合组织会议的行政长官曾荫权表示，美国的低利率政策已导致美元利差交易出现，令资金流向其它地方，助长投机活动。他担心一旦资产价格升幅过急，将可能导致另一次资产泡沫危机，因此各地政府应加强监察及合作。曾荫权说，香港经历九七年金融风暴后，已优化银行、金融和借贷制度，有信心香港能够在金融海啸后加快经济复苏。曾荫权昨日在APEC工商领导人峰会一场有关“规管金融及全球增长”座谈会上表示，上世纪八十年代末，日本为应付经济衰退，实施零利率政策，令资金因而流向亚洲其它地区。当时亚洲国家和地区未有留意热钱流动及资产价格上升至危险水平，结果引发亚洲金融风暴。曾荫权指出，目前美国低利率政策与当年日本情况相若，因为美元利差交易已导致资金流向其它地方。他说，“钱流到哪里，问题就在哪里”，目前在亚洲多个地区，包括韩国、中国台湾、新加坡和中国香港等，资产价格再度上涨，甚至资产价格的水平已与基本面不相称。他担心资产价格升幅过急，将有机会导致另一次资产泡沫危机，希望政府及企业界保持警戒，而各地政府应加强监察和合作。去年九月底美国爆发金融海啸，并快速蔓延至全球各个经济体系，不少国家或地区迄今复苏速度十分缓慢。曾荫权说，香港与亚洲各经济体一样，在九七年金融风暴一役累积了经验，并且优化了银行、金融和借贷制度，包括限制股票市场无货沽空、增加市场透明度、在促进市场发展及保障投资者之间取得平衡等，因此金融海啸爆发以来，香港的复苏速度较不少地区快，银行体系亦没有受到重大冲击，显示香港的规管具有一定成效。曾荫权表示，香港将会参考各经济体处理金融危机的经验，继续对抗金融海啸，有信心能够加快经济复苏步伐。不过，他说，香港必须留意可能出现资产泡沫，而金融危机的其中一个启示，就是不能过分依赖单一行业，所以施政报告提出发展六项优势产业。 我要评论,4,7,0.8618559837341309
"周迅财商度评分70(组图)评语:综合实力较强,但往往无心恋战 去年福建泉州市地税局透露,全年有20多位演艺明星在泉州市缴纳个人所得税,其中“冠军”是周迅,单笔税款就达31.3万元;而其处女大碟《夏天》一上市即突破3万张大关;随后,打印机、手机、糖果、洗发水厂商纷纷找上她,据悉每支广告报价都从7位数开始;新片《美人依旧》、《买办之家》、《恋爱中的宝贝》相继上档……周迅当上小富婆恐怕在很多人的意料之中。 只是钱到了她手里怎么花还真是件难事,因为她个性有点男孩气,平时连零食都懒得吃,穿衣服也不像同龄女孩那么挑剔,喜欢一些中档的休闲品牌,比如ISZUE、无印良品等。花钱最多也就是出席一些重要的活动,因为自己的尺寸比较小,一般得找设计师定做服装。 在经历了娱乐圈的风风雨雨后,在经历了情路的坎坷后,如今周迅终于找到了一位知心爱人,两人还将一起搬进那栋豪华的别墅——足够容纳30人开派对的大厅、绝对私人的游泳池、宽敞的屋后花园及网球场。无论是占地面积还是豪华程度,周迅、李大齐的爱巢都能媲美“鹏菲”俩耗资千万、用来相夫教女的“晴翠园 (论坛 相册 户型 样板间 地图搜索)”。 评委评语:被动型选手,防守能力较强,但缺乏主动出击的意识。 除了成为福布斯内地第一富姐,最近关于巩俐的新闻炒得最热的莫过于,16年前电视处女作片酬200元人民币与如今动辄200万广告身价的极大反差。据说当时还是中戏表演系三年级学生的她一件白衬衫配上蓝色牛仔裤的休闲造型,把学生时代的清纯模样展现得淋漓尽致。当年的她服装不少是在广州买的地摊货,一件只值几元钱。这样的当年虽落魄倒也落个清静自由,如今有了钱,怎么打理还真成了大学问:白衬衣、牛仔裤不能再随便穿了,否则2001年百花奖领奖台上的这身打扮也不会招来那么多非议;广告也不能接太多了,否则人家怀疑你老公下岗,靠你一个养家糊口…… 单靠房子升值,估计巩俐这辈子不干活也能养活自己了,当然前提是得节俭着点用。十年前公开价为5000元/平方米的房子,如今早已经涨到了一万多,购置房产搞投资的确是不错的选择。只是这片号称北京首家高档涉外的别墅区,不是一般老百姓所能够接触,十多年前就已经是响誉国际的巩俐当然除外。 评委评语:力量型选手,攻击力强,但进攻套路比较简单。 9岁时孤身来到北京和奶奶一起生活的她,在1995年写下了歌曲《喜玛拉雅》,奶奶拿出卖冰棍积攒的3万多块钱帮她拍了MTV,从此走上成名之路。艰难的成长经历给了她实打实的个性,如今专辑卖得再多、演唱会开得再火,该交给国家的钱还得交:前两年到呼和浩特演出就跟人家刘欢比着交税;去年底北京演唱会光门票收入就是200万也一样谁都不瞒。直到2000年她还住着集体宿舍,手边有了闲钱第一个想到的还是收养孤儿。 评委评语:综合实力较强,但不善于观察对手,容易一味陷入自己的套路中。 陈琳说音乐对自己来说就是一份喜欢的职业,而且它可以养活自己。有报道称,她的吉它由大师特制,价值2万多元。而像这样的吉它她共有4把,平时演出总带两把在身边,另外还有演出的麦克风和小型设备都是自己带的,每场演出的设备费用都要40余万元,是国内歌手中最高的一个。只可惜英年早逝。 评委评语:不适合参与专业性比赛,容易被对手误伤。 那英生性豪爽,赚得多也花得多。1992年夏天,她和姐姐那辛在北京民族宫附近的太平桥大街投资20多万元,开起了饭店,回头客挺多,盈利却不大,原来那英经常带一帮朋友免费吃喝,其他客人也都攀比:“既然来吃饭就是朋友,是朋友就该免单。”那英生性豪爽,最受不了斤斤计较,索性全免,弄得那辛哭笑不得。至今,那英这个能花钱的毛病,也没能改过来,“经常是挣的没有花的多,三花两花就花没了! 1995年,那英摆脱“山沟沟里头山不转水转”的状态,凭着专辑《白天不懂夜的黑》(尤其是其中单曲《雾里看花》)开始真正的走红。而同时,她还认识了生命中的男人高峰。 从此,那英的专辑越卖越好,钱越赚越多,房子也越买越多、越买越贵,十年下来,置业七处。最近的一次,她豪掷3000多万元,购置了毗邻东四环的目前北京最顶级的豪华别墅,比王菲的晴翠园别墅面积和价位都要高出1倍以上,无意中竟使自己成为娱乐圈明星中的“住房领袖”。 (媒体来源：中华室内设计网) 我要评论",4,3,0.6096095442771912
 盘点全球10个最环保城市之三波特兰特点：绿色建筑、发展轻轨波特兰是美国第一个将节能减排作为一项法律推行的城市。除了“绿色建筑中心”，该城市还大力推行环保交通工具，轻轨、巴士和自行车是波特兰市民主要的出行工具。为了鼓励更多市民选择亲近自然的生活方式，波特兰市政府在城内开辟了近56万亩的绿地以及长为120公里、供市民散步和骑脚踏车的专用道。新加坡特点：“零能耗”建筑作为亚洲的“花园城市”，新加坡在环保方面的努力一直有目共睹，长达12年的口香糖进口禁止令就是例证。2009年，新加坡第一座“零能耗”建筑也将竣工。这座由旧楼改造的建筑，能源利用率将比常规建筑高60%，屋顶采用总面积达1300平方米的太阳能板供电，并与公共电力网相连，可做到电力的互相补充，内部还装有感应器，能自动调节室内的冷气系统。多伦多多伦多特点：LED照明系统、深层湖水冷却系统早在2002年，多伦多为解决“热岛效应”(由于城市化发展，导致城市中的气温高于外围郊区的现象)，就已开始在城市建筑的屋顶种上绿色植物，改善环境质量。去年，多伦多宣布将用LED照明系统取代传统灯泡和霓虹光管，以节省用电，在维护夜景的同时，减少城市的光污染。此外，多伦多市的一些建筑将利用安大略湖的湖水冷却降温，以缓解电力供应。  我要评论,4,5,0.7836393713951111
住建部官员：房产市场不健康 解决囤积是关键 中新网苏州11月28日电(郭斐斐)住房和城乡建设部政策研究中心副主任王珏林今天在此间开幕的国际旅游地产主题研讨会上表示：当前房产市场不健康，应保持政策的连续性和稳定性，解决开发商中存在的“囤地囤房”关键问题。王珏林在国际旅游地产主题研讨会上发表演讲，分析中国房地产市场形势和趋势。他表示，“目前的房价处于历史最高水平，房价涨势非常快，但这不代表当前的房地产市场是健康的。”王珏林指出，当前中国的房地产“消费过于集中，不是一个正常的市场”，这样带来了多种危害，不仅抬高了房价，抑制主流产业发展，也扰乱整个房地产市场。数据显示，中国70个大中型城市房地产价格10月同比上涨3.9%，高于9月份2.8%的涨幅。王珏林指出，当前房地产市场上有不规范现象。一些开发商“囤地囤房”，销售不诚信。他说，为了使房地产市场健康运转，一方面，应保持政策的连续性和稳定性；另一方面，要及时解决当前房地产市场中暴露出的问题，特别是一些开发商“囤地囤房”的行为。他说，“小病不医，必成大病”，解决屯积问题是关键。另外，王珏林建议，加强对租赁市场的培育，通过盘活社会资源，增加市场供应，同样也是促进房地产稳定发展的策略之一。 (完）我要评论,4,7,0.6326056718826294
两房抵押贷款收益率升至一个月高点新浪财经讯 北京时间12月5日凌晨消息，据国外媒体昨日报道，房地产抵押贷款融资巨头房利美(Fannie Mae)和房地美(Freddie Ma)的抵押贷款债券收益率周五上升至一个月以来的最高水平，原因是有迹象表明就业市场正在改善，暗示住房新贷款的利率从历史低点回弹的趋势可能延长。数据显示，截至美国东部时间11:05(北京时间5日0:05)为止，房利美当前票面利率的30年期固息抵押贷款债券的收益率上升0.13个百分点，至4.29%，创下自11月6日以来的最高水平。这一收益率高于11月30日的3.90%，暗示抵押贷款平均利率也将呈现出类似的上升趋势，后者在最近一周下跌至历史低点。房地美称，在截至周四为止的一周中，30年期固息抵押贷款的平均利率下跌0.07个百分点，至4.71%，远低于6月份创下的今年高点5.59%。房利美抵押贷款债券与10年期政府债券之间的收益率差距在周五增长0.01个百分点，至0.79个百分点。11月24日，这种收益率差距为0.68个百分点，创下自1992年以来的最低水平。推动抵押贷款收益率周五上涨的主要原因是，美国劳工部当日早些时候公布的非农就业报告推高了基准国债的收益率。非农就业报告显示，11月份美国就业人数减少1.1万人，创下2007年12月以来最小的月度裁员数字；失业率则下滑至10%，这两项数据均远远好于市场预期。美联储买入了1.25万亿美元的所谓机构住房贷款债券，从而在今年大多数时间里将抵押贷款收益率与基准国债收益率之间的差距维持在历史最低水平。机构住房贷款债券是指房利美、房地美和吉利美(Ginnie Mae)所发行的债券。富国银行(Wells Fargo &Co)驻北加利福尼亚州夏洛特的抵押贷款债券分析师格论·舒尔茨(Glenn Schultz)在12月2日公布的报告中称：“住房市场正处于复苏的早期阶段，但我们认为，在住房市场能够自我维持复苏进程以前，政府很可能需要在明年上半年以前提供支持。”(唐风)我要评论,4,1,0.6447538137435913
迪拜危机启示录：空中楼阁迟早要倒塌美国拉斯维加斯，又一家奢侈至极的酒店在这个“罪恶之城”绽放。但此次，相较酒店豪华的各种天价服务和开幕典礼上的好莱坞群星璀璨外，似乎其幕后的主人更吸引人们的眼球--迪拜世界。仅仅一周前，迪拜世界这个名词牵动了世界每个角落的神经。11月25日，迪拜主权财富基金迪拜世界宣布，暂缓偿还债务。根据评级机构穆迪的估算，迪拜的债务预计接近1000亿美元。巨大的数额勾起了人们对去年雷曼兄弟倒闭以来那波汹涌澎湃的国际金融危机的回忆。汇丰、渣打、巴克莱、苏格兰皇家银行等在内的多家银行涉及在内。人们开始担心，我国是否也会因此受到波及。庆幸的是，国内几大商业银行随即申明表示，没有涉及迪拜世界、迪拜政府和其他相关迪拜主权基金及机构发行的债权。有所涉及的，比例也相当的小。记者致电多家研究所银行业分析师，均表示认为此事对国内银行业影响不大，目前没有特别关注。因此，公众的目光从银行投向了导致其债务根源的房地产业。迪拜世界的房产项目，现在已经成为了全世界最大的烂尾楼。而就在这债务问题凸显的时刻，其旗下的“重型”项目却闪亮登场。“城市中心”酒店的开幕，似乎使得地产行业最尴尬的一面展现在了公众眼中。反观我国的地产行业，近期拍卖地王频现，房屋交易价格再次飙升，种种迹象也让人们对其产生了许多担忧。有专家对记者表示，在高速成长时期，楼价和地价互相推动的背后，是资金的不断流入。在那些光鲜的大楼后被后默默支撑的是债券、贷款等各种负债工具。一个原本是沙漠中人口只有十几万的小城，在几乎没有任何实业的基础上，居然吸引了世界上各方的资金，建成了一个人口上百万的豪华都市。房地产市场的巨大利益诱惑在其中占据了重大的因素。不断高涨的楼市，加上免税的便利，使得国际游资疯狂涌入。在聚集了巨大资金后，其所投资的项目遍布世界，美国这次的拉斯维加斯“城市中心”项目，迪拜世界就砸了近50亿美元。这种推动与反推动作用，给予了人们一个璀璨的迪拜，但当问题暴露，留下的却是满目疮痍。“迪拜危机对我们而言更多的是警示作用。”中国社科院金融研究所中国经济评价中心主任刘煜辉在接受《证券日报》记者采访时如此表示。他认为，目前为止迪拜危机对我国银行业的影响不多，但由于有过全球金融危机的影响，心理上的波动是会有的。此外，刘煜辉还告诉记者，任何以过度负债支撑起来的价格上涨或资产泡沫都是需要高度警惕。因为一旦泡沫破裂，就会带来破坏性较强的连锁反应。相信通过这次迪拜危机的警示，国内更多的行业会关注本行业内的负债和泡沫，对于投机性行为和高风险项目将会更加冷静。我要评论,4,9,0.49424418807029724
国务院邀学者研讨拆迁条例(图)北大法学学者称法制办该举动为“比较积极的回应”；人民日报评论呼吁彻底修改条例11月27日，贵州博宇房地产公司暴力拆迁引发群体性事件，警方对暴力强拆和堵路事件进行调查，拘留２４人。资料图片本报讯 （记者郭少峰）昨天，建言全国人大审查拆迁条例的五名北大法学学者接到邀请，参加明天由国务院法制办举办的座谈会，研讨《城市房屋拆迁管理条例》(以下简称《拆迁条例》)。5建言学者获邀参加座谈会本月7日，北大五名法学学者向全国人大常委会建议立法机关对《拆迁条例》进行审查，撤销这一条例，或由全国人大专门委员会向国务院提出书面审查意见，建议国务院对《拆迁条例》进行修改。昨天中午，5学者之一王锡锌接到了来自国务院法制办的电话邀请，要他们明天去参加座谈会，研讨《拆迁条例》。北大法学院姜明安教授表示，国务院法制办副主任郜风涛邀请他们参加这次会议，并将主持这次座谈会。北大递交审查《拆迁条例》建议书的五名法学学者分别是沈岿、姜明安、王锡锌、钱明星和陈端洪。不过陈端洪因事先安排了其他事务而当天无法到会。另据了解，除了这五名学者，还会有其他学者参加这一座谈会。对国务院法制办的这种做法，王锡锌表示，“这是比较积极的回应”。王锡锌说，之前通过私下渠道了解到国务院法制办对《拆迁条例》比较重视，“也有非正式的交流”。他也了解到这一条例的修改和废除会面临很大的阻力，但现在全社会都比较关注这一条例和拆迁问题，这是一个契机。人民日报呼吁修改拆迁条例此前媒体报道称，国务院正准备修改这个条例，目前已组织国务院法制办、住房和城乡建设部、国土资源部、农业部、林业局等相关部委，进行前期的立法调研工作。《立法法》规定，公民认为行政法规和单行条例同宪法或法律相抵触的，可向全国人大常委会书面提出进行审查的建议，由常务委员会工作机构进行研究，必要时，送有关的专门委员会进行审查、提出意见。王锡锌说，《立法法》只规定了公民有提起违宪审查的建议权，并没有规定立法机关如何回应公民的建议。沈岿也表示，有关部门不一定会开一个先例，对公民的建议要予以回复。沈岿表示，成都唐福珍为对抗拆迁而自焚事件促使他们提出这一建议。《人民日报》12月10日发表“人民时评”称，6年前的孙志刚案废除了《城市流浪乞讨人员收容遣送办法》，希望“悲剧性的个案最终能推动制度的进步”，让城市拆迁立法融入更多现代法治的文明基因，以避免同类事件的再度发生。评论称，在《物权法》出台之后，我国拆迁制度就受到质疑，此次如果能顺应民意和法治潮流，对《拆迁条例》中与上位法相冲突的地方进行彻底修改，无疑是众望所归。案例1《物权法》2007年颁布实施后两年中，各地暴力拆迁事件依然频发。专家表示，应废除《拆迁条例》，涉及财产权的征收征用一定要走法律程序，而非行政程序；政府应完全从商业拆迁中抽身出来。中国政法大学宪政研究所所长蔡定剑：强拆应走法律而非行政程序时间：2009年10月28日地点：青岛事件：张霞自焚抵制拆迁受伤，生死未卜1998年张霞在青岛购买一块180平方米土地开酒楼。2007年6月，这片土地被当地政府卖给开发商做小产权住宅。开发商提供近300平方米的小产权住宅进行置换，她拒绝了这一补偿协议。此后两年内，张霞的房子四次面临强制拆迁。2009年10月28日，张霞在自家门前，面对拆迁挖掘机，将汽油浇在了自己的身上。有媒体评价说，“与成都唐福珍自焚事件不多的区别在于，张霞现在还活着。”张霞的房子随后被拆除。其所在的街道办事处党委书记接受采访时表示，“我们是依法拆除的，张霞的行为是妨碍公务、阻碍施工”。点评：这个拆迁案例，其过程中存在政府征收的特点，如街道办负责等。按照法律，政府可以为了公共利益征收土地，但即使在这一合法目的下，也要考察具体的程序是否合法，手段是否恰当，补偿是否公平适当。公平的补偿应由真正独立的评估机构评估，按市场价格给拆迁户补偿。如价格没有得到认可，应当进行诉讼，法院会对拆迁目的的合法性、程序的合法性、补偿的公平性等进行审查，最后才决定是否拆迁。但按照目前的拆迁条例，诉讼的过程不影响拆迁行为的进行，这是该条例最不合理的地方。我们呼吁废除这一条例，就是要求涉及财产权的征收征用一定要走法律程序，而非行政程序。从国外的经验来看，即使法院最后判决政府胜诉，政府也很少采取强制的手段，因为拆迁不仅是一个经济问题，还涉及到人的情感，对于有些人来说，你给他再多的补偿，他可能也不愿意离开自己的家。案例2北京才良律师事务所主任王才亮:商业拆迁政府应完全抽身时间：2009年11月27日地点：贵州事件：开发商组织数十人暴力拆迁引发群体性事件2009年11月27日，贵州博宇房地产公司组织数十人，携带钢管、撬棍和封口胶对9家住户８间门面进行暴力拆迁，13名正在熟睡的住户被强行拽上汽车拖离现场。这一行为随后升级为群体性事件，拆迁户用４０余瓶液化气罐堵路，造成近万台车辆滞留。警方对暴力强拆和堵路事件进行调查，拘留２４人。警方随后通报，在民警赶赴现场之后，开发商正用２台挖掘机实施野蛮拆除，群众则手持刀具与开发商方面人员对峙，民警制止之后，拆迁人员反而继续催促工人加快拆迁速度。点评：与政府征收模式不同，贵州的这个案例是一种商业拆迁，房屋的原有业主和房地产开发商是一种民事关系，如果双方在价格上未达到一致，那么交易就不应当进行。上述案例完全是暴力拆迁。按照《拆迁条例》，“拆迁人与被拆迁人或者拆迁人、被拆迁人与房屋承租人达不成拆迁补偿安置协议的，经当事人申请，由房屋拆迁管理部门裁决”，将政府置于一种第三方的位置，但《物权法》已明确，仅仅是在涉及公共利益需要的情况下，政府才可以决定是否征收土地，开发商更无权力单方面决定是否拆迁，因此政府应当完全从商业拆迁中抽身出来，并且废除目前商业拆迁领域的许可证制度。按照物权法规定，在土地使用权尚未进行转让的时候，根本不能进行买卖，也就是说拆迁应当在购买土地之前，但目前很多土地都是先卖后拆，已付资金的压力也是开发商不断出现暴力强拆的原因。我要评论,4,7,0.9660282731056213
货币政策明松暗紧 银行放贷将现分化 本报记者 张晓赫 北京报道中央经济工作会议定调的“相对宽松货币政策”并没有完全打消市场上浓郁的政策收紧预期。“尽管定调没变，但2010年国内所面临的大环境与今年会有很大不同，不可能再像今年这样出现信贷天量了。”中国工商银行总行风险管控部人士认为，中央经济工作会议报告中“管理通胀预期”、“增强针对性和灵活性”、“把握好货币信贷增长速度”等要求的出现已意味着政策开始变化。可以佐证的是，中央经济工作会议召开后，央行与银监会鱼贯而出的把握信贷增量以及彻查信贷风险的警示与行动。而在包括摩根大通在内的机构解读中，这已经被看做是明年货币政策微调、明松暗紧的铁证。中信证券银行业研究员朱琰表示，与微调的货币政策相关，监管部门对银行业的监管指标也会趋紧，在此环境下，2010年各商业银行的放贷规模会进一步差异化。“大银行、城商行以及顺利融资的股份制银行信贷规模会进一步扩大。”明松暗紧的货币政策尽管日前的中央经济工作会议最终确认货币政策不变的信号。但对比2008年的中央经济工作会议全力保增长的基调，今年添加的众多修饰性词汇已经开始显示此次政府定调的微调。“其实这已经在意料之中，毕竟经济已经开始回暖，下阶段除了继续稳固经济恢复基础，还要调整经济结构，保证整体的平衡性。”中央财经大学中国银行业研究中心主任郭田勇表示，监管层不会让信贷大起大落，但出于银行体系风险防范也会适度加强调控力度。此前，今年前10个月高达8.9万亿元新增人民币贷款一度让市场紧张是否会引来明年严厉的政策收紧。这种担心在上述工行人士看来不无道理，“上半年的经济回暖更多的是依赖于海量的信贷支撑，如果市场根基没有稳固，盘子越大，滋生泡沫的可能性就越大，积累在银行系统的信贷风险也就越大，监管层也在一直关注这个问题。”这种担心，在此次中央经济工作会议中已经开始显现，尽管2010年防通胀仍然让位于持续稳定经济增长，但“管理通胀预期”已经被提及。与之相呼应，中央经济工作结束后，央行表示未来要控制信贷增长速度，银监会也通知要求各商业银行排查今年前10个月的信贷风险。“如此看来，明年的货币政策在实际执行中基本上会是明松暗紧的状况，监管层对银行会通过存款准备金率等监管指标以及其他杠杆政策来进行微调。”郭田勇表示。在此解读下，各机构对于明年商业银行新增贷款规模的预期都有所下调。中国民生银行地产金融事业部市场总监叶天放认为：“按照2009年贷款余额40万亿元，2010年增速17%~18%计算，2010年新增贷款规模会在7万亿元左右。”摩根士丹利的预测稍高，在7万亿~8万亿元之间。而对于监管层有可能使用的微调工具，中信证券分析师朱琰认为，最优先的监管措施应当是对存贷比、资本充足率等监管指标的监控。“资本金及核心负债将成为影响信贷规模的重要变量”。除此之外，调整存款准备金率、利率的预期也开始增加。“明年存款准备金率将有1.5~2.5个百分点的上调空间，且会优先于利率使用。”叶天放表示。而随着中央经济工作会议继续稳定增长的定调以及市场对于中国将后于美联储加息的判断，各机构也纷纷下调明年中国加息的力度，并将加息时间预测为下半年。中信证券最新发布报告表示，2010年中国加息时点最可能出现在下半年，次数为1~2次。银行放贷分化值得注意的是，一旦货币政策趋紧，监管层与银行的博弈便开始浮出水面。如今，面对货币政策再次趋紧，市场上的大宗资产价格虚高呼声四起，银行普遍中长期负债过高等问题，各商业银行未来的放贷态度则再次引起了市场的关注。“各银行的确面临一系列的系统性风险，但总体来说，由于2009年的市场基本面回升，明年的企业信贷需求会有所增加，资产质量也会有所提升，这一定程度上会吸引银行的放贷。”上述工商银行人士认为。所谓的系统性风险，在业内人士看来既包括大量泡沫风险集中在银行体系，也包含了过去一年中各银行信贷增长严重的结构失衡，国家统计局数据显示，在过去10个月的天量信贷中，超过半数都是以基建、个人住房按揭等为主的中长期贷款。“这意味着银行资产流动越来越差，如何高速且稳健运行是每家商业银行都要面临的问题。”叶天放表示，银行资产的固化也大大加剧了银行的系统性风险，未来各商业银行则需要通过再融资以及发债等证券化手段来补充或增加流动性。但显然各商业银行年底“跑马圈地”的热情，已然昭示了放贷吸引力已大大抵消了对于系统风险的担忧。对此，朱琰表示，在货币政策以及监管指标双向趋紧的情况下，明年的信贷市场可能会产生分化。“资本充足、经营战略激进的银行放贷规模会有进一步增长，这中间包括四大国有银行、城商行以及顺利融资的股份制银行”。而事实的确如此。在今年年底的银行圈地运动中，各城商行的放贷比重显著提高，而四大银行则以地方政府、大型央企为对象协议授信。从授信额度来看，这些协议涉及的贷款金额少则几十亿，多则数百亿，其中还不乏接近千亿的大单。上述工行人士表示，目前工行指定的明年信贷目标并未受信贷微调影响。而叶天放也表示，在金融风险可控范围内，民生银行将继续拓展信贷业务，并为地产金融提供一揽子的打包服务。点击进入本刊更多内容：（中国房地产报）订阅热线：800-810-0909我要评论,4,1,0.9732474684715271
二套房信贷政策很可能被严格执行据新华社北京12月16日电 (记者王宇、姚均芳)本月以来，中央接连释放房地产市场调控信号，日前国务院常务会议更是明确提出“遏制部分城市房价过快上涨的势头”，提出“加大差别化信贷政策执行力度，切实防范各类住房按揭贷款风险”、“加强房地产信贷风险管理”等房贷政策。在新一轮市场调控之下，房地产信贷政策会呈现怎样的变化？新华社记者就此采访了相关人士。“二套房”信贷政策很可能被严格执行记者就会议中“加大差别化信贷政策执行力度”的提法致电中国人民银行等有关部门，相关人士表示，目前并不清楚是否有具体细则出台，但2007年出台的加强商业性房地产信贷管理政策已强调了差别化信贷原则，关键是银行是否遵照执行。“‘加大差别化信贷政策执行力度’，是国务院会议提出的‘运用金融等手段加强和改善对房地产市场调控’的体现。根据这一原则，明年银行将会针对不同类型的房地产开发和购房需求予以不同的金融对待。”中央财经大学中国银行业研究中心主任郭田勇说。“从开发贷款来说，银行会优先保证经适房、限价房的贷款需求，对高房价地区、高价住房的风险会充分考虑。从按揭贷款来说，银行信贷投放会区分高中低档住房，将对执行利率的优惠程度、首付比例等进行区别对待。”中国建设银行高级研究员赵庆明指出，目前暂未收到相关具体指导意见，预计未来央行、银监会会对此制定并出台具体相关指导意见。“在个人住房按揭贷款方面，此前央行、银监会制定的‘二套房’信贷政策今后很有可能会被严格执行。”郭田勇说。2007年9月，央行、银监会联合发布了《关于加强商业性房地产信贷管理的通知》，根据通知，第二套(含)以上住房首付比例不得低于40%，贷款利率不得低于基准利率的1.1倍，贷款首付款比例和利率水平应随套数增加而大幅度提高。预计将从严管理房地产企业开发贷款此外，对于国务院常务会议提出的“加强房地产信贷风险管理”的提法，专家预计明年银行会对房地产企业开发贷款进行从严管理。今年以来，我国房地产市场异常火爆，企业资金异常充裕，这与开发商较以往更容易获得银行信贷有着直接关系。国家统计局数据显示，今年前11个月我国房地产开发企业资金来源中，国内贷款接近9000亿元，个人按揭贷款超过7000亿元，前11个月总计流入房地产的信贷资金超过1.6万亿元，此数据比去年同期多出六成。而在今年全国9万多亿元的银行新增贷款中，约1/6流入到了房地产开发领域。过多的银行资金进入到房地产领域无疑会埋下一定信贷风险。记者了解到，有些开发商从银行获得贷款后，不是用在了支付工程款等开发领域，而是投入到土地市场，用来在土地市场上拿地，拖欠了工程款不说，还推高了土地价格，加剧房价上涨压力，最终加大了房地产信贷风险。“房价若再大幅上涨，银行房贷就将面临巨大的系统性风险。如果银行贷款无法按期偿还，就会进一步加剧银行的呆坏账，从而引发银行业的动荡。”中国社科院金融所研究员尹中立认为，迪拜危机以及此前的香港楼市泡沫、日本楼市泡沫都表明，房地产开发过度依赖银行信贷容易带来信贷风险。“明年银行一定会控制和杜绝违规放贷，对开发商资质、自有资金状况、管理情况进行从严审核。”郭田勇说。记者了解到，银监会近日已要求各大商业银行对当前面临的六大风险进行全面自查。其中，房地产行业信贷风险位列其中。我要评论,4,7,0.539934515953064
传郭晶晶欲落户香港战伦敦奥运 装修别墅当婚房    首届中国跳水明星系列赛武汉站的比赛昨晚落幕，“跳水女皇”郭晶晶并没有像之前媒体报道的那样前往参赛。前天，中国跳水队领队周继红表示郭晶晶将以“休养”为由淡出，并称“并不排除退役的可能”，这立即引起人们的猜测：难道郭晶晶和霍启刚的好事将近？据香港媒体昨天报道，郭晶晶不惜放弃明年的广州亚运会，原因就是她将在明年嫁入霍家。他们的理由有两点：其一，郭晶晶已准备装修前段时间霍家所赠的北京五环外一高档别墅；其二，霍家已着手准备通过“优秀人才入境计划”(简称“优才计划”)为郭晶晶尽早落户香港。休养实为退役做铺垫据记者了解，郭晶晶这次以休养名义暂别泳池，实际上就是退役的“温和式”说法，一位跳水队内部人士告诉记者，“谁都不希望这么优秀的运动员退役，但她已到了结婚的年纪，这次休养其实就是退役，只是为了给大家一个可以接受的空间和缓冲而已。”其实，周继红前天的表态中就非常“暧昧”，“(郭晶晶)在明年一年的恢复期内，如果情况好，可能重新恢复训练，如果不好，也许就退役了。”而据郭晶晶的一前队友透露，霍启刚其实很传统，老早就不想自己的未婚妻在外抛头露面了，“加上两人聚少离多，霍公子本来就不舒服，也劝过郭多次，而郭很在乎两人的感情，也很在乎自己的事业发展，随着北京奥运夺冠，郭晶晶终于可以‘让爱做主’了。”装修豪宅作北京婚房现在，越来越多的迹象都在表明郭晶晶和霍公子的婚期已近。昨天，香港一媒体爆出郭晶晶正准备装修去年霍家所赠的价值3000万人民币的豪华别墅，并称“这很有可能就是他们俩在北京的婚房！”据说，这套别墅位于北京海淀区四季青镇门头村，在五环以外。据记者了解，该楼盘的中式院落独栋别墅面积为300—550平米之间，另外，每栋别墅送150平米的地下室。该别墅在2007年的预估开盘价就高达55000—60000元/平米。难怪媒体都将这一带的房子称作“北京顶级私人豪宅群落。”另外，香港众多娱乐狗仔近日都在霍家大宅薄扶林沙宣道33号门口跟拍，希望能捕捉到一些霍家筹备婚礼的细节。目前霍家大部分成员都住在这栋估价4亿港币的豪宅内。申请参加香港“优才计划”一方面，香港媒体对郭晶晶准备将北京的豪宅装修认作“出阁”的前奏，而另一方面，有消息称，郭晶晶已向国家体育总局申请，准备通过香港地区推出的“优才计划”落户香港。“优才计划”是香港2006年推出的引入优秀人才落户的特别通道。郎朗2006年11月27日正式成为香港居民，成为该计划启动后的首批名人。当时，奥运冠军伏明霞、钢琴王子李云迪等均在首批入选之列。以奥运冠军的身份，加上“准公公”霍震霆极广的人脉，郭晶晶通过这条路落户香港应该不成问题，当然，前提是必须先获得中国跳水队和国家体育总局的同意。现在距离伦敦奥运尚有一段时间，如果郭晶晶落户成功，到时状态允许的情况下，她届时代表中国香港参加伦敦奥运会也不会令人意外。本报记者 谢礼恒我要评论,4,3,0.8956494331359863
北大五学者建言的背后故事12月7日上午11时半，我赶到了北大法学院5楼会议室，在现场看到了姜明安、沈岿、王锡锌、钱明星和陈端洪五位法学学者。签字时，姜明安老师看到身份证号码时还在问，非要写上身份证号码吗？沈岿跟他说，这是证明建言者是中华人民共和国公民。沈岿第一次看到唐福珍自焚的视频时跟学生们在一起。他非常感伤，特别的郁闷：一个公民在机器面前，以及在机器背后的政府面前太柔弱了。当时他失态了。谈到这段的时候，我还能听出沈岿声音的变化，仍能感觉到他细腻的感情和内心的郁闷。他说，不知道自己会不会哪天也面临被拆迁的问题，但起码他的亲属中已经有人面临这个问题。沈岿曾在2003年 建议全国人大常委会，审查《城市流浪乞讨人员收容遣送办法》，当时是因为大学生孙志刚的死亡。当时的结果是一个月后国务院宣布废除《收容办法》。这次又是在一个公民唐福珍自焚而亡的情况下，他又参与建议全国人大常委会审查《城市房屋拆迁管理条例》。他接受采访时流露出一丝无奈，为什么非要用公民的死亡来换取社会和相关部门对不合理法律法规的改变，用他的话说，就是“挺悲哀的”，应该有人站出来。除了学者，沈岿特别强调自己的公民身份。在本报就他们建言事件报道时使用“上书”的字眼，他感到不适。现在是公民时代，在法律上明确了公民“建议”的权利。作为老师，沈岿不只一次跟我说学生在建言起草过程中起到的作用，以体现对这些学生劳动成果的尊重：成协中、林良亮、孙宇和薛启明这几名博士生帮助他们收集了相关资料。虽然国务院法制办副主任郜风涛并不认可学者建言与召开相关专家座谈会之间的因果关系，但不可否认的事实是，五名参与建言的学者都得到了邀请，只有陈端洪因为事先安排其他事情而没有参加而已。沈岿事后说，新的条例草案与他们建言的内容基本一致。不过，就在他们参加座谈会的当天，媒体报道了海淀区席新柱自焚应对拆迁的事情。用沈岿给我回的一条短信的话说，那就是“路途还漫长，农村大片土地和房屋还要我们密切关注”。□郭少峰(新京报中国新闻记者)我要评论,4,9,0.47758302092552185
朝鲜拟建10万套高级住宅 居民可免费入住中新网12月22日电据韩国《朝鲜日报》报道，朝鲜每月发行的画报《朝鲜》12月20日介绍了平壤万寿台街的重建公寓园区计划。万寿台街位于平壤中心地带(中区)，泛指万寿台议事堂周边地区。朝鲜根据国防委员长金正日的指示，目前正在推进到2012年在平壤新建10万套住宅的项目，而万寿台街重建项目就是其中一环。在去年七月之前，万寿台街还是5层以下的旧公寓园区(600多户)，但是最近已经蜕变成6到18层的新型公寓园区(800多户)。虽然住户数量没有大幅增加，但每户的居住面积却扩大到100平方米以上。从朝鲜公开的公寓内部照片看，内设西式洗手盆、浴盆和阳台等设施，同韩国公寓没有太大区别。另外，阳台上还特别设置了存放泡菜缸的仓库，可谓是别具特色。金正日在工程竣工之后表示：“这是反映党的构想和意图的最高级现代住宅。”朝鲜称，现有居民和新入住的居民都是免费获得了新住宅。(本文来源：中国新闻网)我要评论,4,7,0.8315867185592651
温家宝提出四项措施抑制房价过快上涨新华网北京12月27日电中共中央政治局常委、国务院总理温家宝今天下午3时在中南海紫光阁接受新华社记者独家专访，就当前经济形势、明年经济工作和其他问题回答记者提问。在回答网民关于房价的问题时，温总理提出抑制房价过快上涨的四项措施。[新华社记者]一位网民说房价涨得太快了，一平方米每个月竟然涨了一千块钱，他们想请总理谈一谈房价的问题。[温家宝]我就知道网民关注这个问题。因为我每天上网看到大量网民的意见，甚至很尖锐的批评。因为房子对于每个人来讲都关乎他们的切身利益。今年房地产有了比较快的恢复，但同时房价在一些地区和城市上涨过快，也引起了中央高度重视。其实如何使房地产建设能走入一个健康的轨道，首先还需要弄清楚政府要做什么，市场要做什么。既发挥市场的机制，又发挥政府调控的作用。在这里我只讲一讲政府应该做的事情。第一件事情就是要加大安居工程的建设力度，加快棚户区的改造。对这两项工作，在资金、土地以及税收上，都要给予优惠和保障。第二，要鼓励居民购买自住房和改善性的用房。但与此同时，要采取措施抑制投机。中国的国情决定了我们的住房必须坚持安全、经济、适用和省地的原则，特别要重视中小套型和中低价位房屋的建设。第三，要运用好税收、差别利率以及土地政策等经济杠杆加以调控，稳定房地产的价格。第四，要维护房地产市场秩序，打击捂盘惜售、占地不用、哄抬房价等违法犯罪的行为。我觉得只要政府有决心解决这个问题，而且不是头痛医头、脚痛医脚，而是经过深入调查研究，统筹考虑各方面的情况，制定长远的规划和政策，使我国的房地产有一个稳定发展的局面，这是可以做到的。谢谢。我要评论新华网北京12月27日电中共中央政治局常委、国务院总理温家宝今天下午3时在中南海紫光阁接受新华社记者独家专访，就当前经济形势、明年经济工作和其他问题回答记者提问。在回答网民关于房价的问题时，温总理提出抑制房价过快上涨的四项措施。[新华社记者]一位网民说房价涨得太快了，一平方米每个月竟然涨了一千块钱，他们想请总理谈一谈房价的问题。[温家宝]我就知道网民关注这个问题。因为我每天上网看到大量网民的意见，甚至很尖锐的批评。因为房子对于每个人来讲都关乎他们的切身利益。今年房地产有了比较快的恢复，但同时房价在一些地区和城市上涨过快，也引起了中央高度重视。其实如何使房地产建设能走入一个健康的轨道，首先还需要弄清楚政府要做什么，市场要做什么。既发挥市场的机制，又发挥政府调控的作用。在这里我只讲一讲政府应该做的事情。第一件事情就是要加大安居工程的建设力度，加快棚户区的改造。对这两项工作，在资金、土地以及税收上，都要给予优惠和保障。第二，要鼓励居民购买自住房和改善性的用房。但与此同时，要采取措施抑制投机。中国的国情决定了我们的住房必须坚持安全、经济、适用和省地的原则，特别要重视中小套型和中低价位房屋的建设。第三，要运用好税收、差别利率以及土地政策等经济杠杆加以调控，稳定房地产的价格。第四，要维护房地产市场秩序，打击捂盘惜售、占地不用、哄抬房价等违法犯罪的行为。我觉得只要政府有决心解决这个问题，而且不是头痛医头、脚痛医脚，而是经过深入调查研究，统筹考虑各方面的情况，制定长远的规划和政策，使我国的房地产有一个稳定发展的局面，这是可以做到的。谢谢。我要评论,4,7,0.9900222420692444
陈良宇仍着西装独居套间据《羊城晚报》 秦城监狱位于北京市昌平区小汤山镇附近，它因关押中国最高级别的犯人而被称为“中国第一监狱”，过去改造高级战犯，上世纪90年代以来，关押的主要对象是省部级贪腐官员，因而吸引着公众的注意力。陈希同和陈良宇便关押在此。陈希同已是直肠癌晚期陈希同是“四人帮”之后被监禁的最高级别的官员之一。他曾历任北京市长、北京市委书记、国务委员和中央政治局委员。1998年2月27日，陈希同因侵吞贵重物品、腐化堕落、牟取非法利益、严重失职等问题被逮捕。1998年7月31日，经北京市高级人民法院审判，陈希同以贪污罪及玩忽职守罪被判处有期徒刑16年。在监狱里，有时候因为自己的要求被看管人员拒绝，陈希同会大吼大叫，称自己是“北京的大贪污犯老陈”。2004年，陈希同曾因健康问题，被紧急送往北京复兴医院。这次突然发病后，陈希同向相关部门领导写信，以“心跳异常、心血管供血不足等老年疾病”为由，要求“保外就医”。后经协调，自2006年8月下旬起，陈希同获得有条件的保外就医。自今年4月中旬开始，79岁的陈希同在住进北京医院高干病房救治后，院方已多次发出病危通知。陈希同已是直肠癌晚期，还有并发的心脏病，基本只能依靠药物维持生命。陈良宇在狱内仍着西装2007年7月26日，原中共中央政治局委员、上海市委书记陈良宇被正式逮捕，后来一审判处有期徒刑18年，关押进秦城监狱。据了解，陈良宇是被关押在一个接近20平方米的套间里。这是秦城监狱重要犯人的单间监室，内有单独的洗手间、坐式马桶等。牢门是铁皮包着的木门，门上方及厕所都有“窥孔”，供哨兵24小时监视之用。陈良宇的房内设施只有一张距地面约一尺高的矮床，需要写材料时，看守会送进一张小学生用的单人课桌供临时使用。没有凳子，床铺就是他平日坐的地方。墙壁也经过特殊处理，以防止其自杀。陈良宇的监室设有三道岗哨，有一个独立分队负责贴身看守他。除了没有自由，他可以看报纸，看内容受限的电视，还可读书、写材料。服刑期间，陈良宇可以不着囚服。他多数时间还是穿西装，但不打领带。他平时可在有规律的生活中打发时间。比如，在每天9点到10点的单独放风时间，陈良宇一般会从监室门口开始打太极拳，打到放风地的门口再回去，或者散步。但他到哪儿，两名看守就跟到哪儿。据陈良宇的辩护律师高子程透露，他曾于今年上半年随其家属探视过陈良宇。他说，63岁的陈良宇现在两鬓斑白，但精神状态比被“双规”时要好很多。■牢房揭秘配有写字台洗衣机在秦城监狱，特殊囚犯的生活待遇，会比在普通监狱优越。据近年走进或接触过秦城监狱的有关人士描述，秦城监狱关押高官的牢房除了面积较大，有的还配有写字台、卫生间、坐式马桶和洗衣机。一些在押官员除了“可看书读报”，每天还有一段时间可看电视，一般集中在晚上7点到9点。某些身体欠佳的特殊囚犯，饮食可一日四餐，用餐标准和费用由国家规定和支付，家属亦可私下打理。如衣服、日用品等基本生活用品可由家人提供。监狱虽有统一囚服，但这里的囚犯一般可不用穿。我要评论,4,6,0.6576616764068604
品质背后是管理系统做保证四、细致而周到的户型设计及室内装修星河湾从广州到北京始终都是做精装修的成品房，在房子开始建筑设计之时就结合了精装修的理念，从户型设计，平面布局到水电等专业设计始终都围绕着土建装修一体化的概念展开，在图纸设计阶段投入了大量的时间和人力，解决了大部分的系统综合问题，从而确保了施工阶段的顺利进行。其本质是以作五星级酒店的手法和理念来做住宅，利用多年来成熟的工艺做法和处理手段，创造出和普通楼盘不一样的居家环境。1.户型和空间设计经典周到星河湾经过广州一到四期，再到北京对户型的总结和变化已经有了一个很成熟的总结和发展，不仅形式多样，能够照顾各类人士的需要，而且还根据南北环境和居住习惯的不同，重新调整丰富了户型结构和比例。北京星河湾已建成的户型有60余种，所有户型均为大面宽小进深。户型多种多样，布局、功能等均比较理想；装修标准高，用材和设备基本上以进口材料和品牌为主。2.舍得选用丰富的高档材料舍得在装修材料的选择和运用上花钱，对各种高档装修材料合理的综合使用，充分体现了星河湾人的水准和装修理想。高档进口石材的大量运用，几乎每个房间都能看到石材运用的效果；此外还对一些高档装修材料进行运用，如高档马赛克、深木色为主的木装修、能消除墙面感觉的镜子、光芒四射的水晶吊灯、主卧室的浅色地毯等等。3.人性化和细节的考虑星河湾在做产品的时候始终是秉承“人性化”原则，对于细节的考虑深入而全面，不放过任何一个微小的细节，让业主时刻能够感到设计建造者的用心精细。每一个转角、每一处接口、每一处细微的差别都体现出了对产品品质不断追求的努力。例如：同样材质不同颜色的区分；天花交接处理；不同种材质和同材质的之间精致、巧妙的交接处理；安全性的设计；经久耐用性的设计；使用便捷的设计；地面材料铺贴方式的设计；能消除墙面实体感，增大空间感的银镜的运用；阳台落水口的下凹处理以及推拉门的导轨保护等。五、系统而精益求精的施工管理 1.独特的工程管理组织架构宏宇集团在工程营造方面既使用普遍的工程管理框架结构，同时结合自身特色，创新的设立了一些特有的管理方式和团队。设置主管景观设计、施工管理的高层管理者，景观工程与土建结构施工管理分开，形成独立的以效果、艺术感染为宗旨的管理团队。 2.严格的管理流程北京星河湾以工程建设品质为第一要务，在现场管理中采取简洁的操作程序，工作效率和效果显著。简洁的变更审批程序：变更审批基本在现场确定，基层员工根据公司品质的一贯要求，现场完成一般变更审批；老板现场办公进一步加快决策和实施；畅通、便捷的部门沟通和跨专业沟通：部门经理基本解决跨部门、跨专业的沟通，争执和误解在公司中层管理者的工作中得以解决。3.规范的工程施工管理星河湾人为了实现品质住宅全成品建设工程，用心地分析每一个工序、每一个工作细节，将品质地产在工程建设阶段推至极致。规范的整体工序：对整体施工顺序、单项施工顺序、细部做法施工顺序整体进行了规范；安排有效控制建设周期：如在外立面施工阶段插入景观大型乔木的移植、景观施工，控制总体工期；严格的施工时间控制：北京星河湾将树木移植时间全部安排在五一之前，确保全冠移植的实现，在景观建成初期就完整体现园区景观特色。4.精益求精的工程施工标准对每个细部节点精益求精，细节处理在北京星河湾比比皆是。整个小区整体观感近乎随意，近乎自然，但每个节点又极其精致，无数精细节点组成了整体精品小区。例如：直接拼接的路牙石，室内标准的室外木栏杆铜包件，精装修细节，暗藏式的道路雨水收集系统，土壤改造，5000吨黄蜡石的堆砌等。六、实用而灵活的材料采购及成本控制 1.严格而灵活的成本控制星河湾的成本控制在房产开发管理流程的基础上有所创新，既确保了工程品质，又缩短了审批时间，同时也合理控制了工程成本。工程招标，以邀请长期合作伙伴进行招标或议标；建安工程招标，所有材料均由承包人采购。室内装饰装修工程议标，所有石材等主要装饰材料均由业主采购，同时业主给出较高的人工、机械及辅材单价。景观工程议标，提前选苗、采购、假植于苗圃。工程款支付，抢工阶段采取半月一支付方式。迅速、灵活的价格确认，现场办公解决品质、成本等问题。设计、施工、成本相互沟通，全面考虑各系统工程成本。如室外管线施工前，先确定各系统间的总体布置，再明确排水坡度及雨污水的布置。2.舍得投入、品质第一的材料采购一般房地产公司运作中材料采购是为实现成本目标而服务的，北京星河湾的材料采购和成本控制没有严格的相对制约关系，虽然舍得投入，但对整体投入又有总控指标。采购过程，材料采购与设计人员同时参加；价格审批，设计人员确认后当时电话请示决定是否采购；苗木采购，景观设计人员承担第一责任；总控成本指标可沟通调整，指导思想是品质，然后是时间，最后才是价格；价格审批以设计效果为主，品质决定各阶段成本；迅速有效的价格确认制度；公司领导每周不少于一次现场办公；积极保障施工单位权益；材料选用紧跟时代步伐；尊重设计师的设计成果；密切关注国际市场产品的更新。七、合纵连横的综合管理及统筹 星河湾提出全成品开发是一种高难度开发，是对产品生产和管理模式的挑战，因为生产管理必须做到合纵连横。横向理解，做到全成品开发，就要从产品设计、环境设计、室内装修设计、物业管理服务设计等方面都环环相扣，不能割裂，交叉施工很普遍。纵向考察，产品设计线从规划到施工到监理必须对缝很准，不能走样。用星河湾设计总监的话说：“设计公司给我们出一百张图，我们拿过来后，吸收他们的设计精华，要出同样多的一百张图，这样才能让设计思路变成可执行的方案，同时还能与环境或室内装修相衔接。”1.最高领导对品质的坚持与支持非常重要宏宇集团的最高领导在广州、北京星河湾建设过程中始终站在项目建设的最前线，是产品最终实现优质、创新突破的第一保证。2.成功依靠团队的合作星河湾项目在工程建设过程中也不断出现争执，但各级员工、各部门经理、主管副总都能很好的沟通和解决。3.始终保持清晰的目标星河湾建设目标是打造地产界的劳斯莱斯，在这样的目标指引下，去确定各种配件的品质，确定各阶段的成本。4.和有共同理念的合作伙伴共同成长以精装修施工单位为例，和星河湾合作的单位最初有30多家，目前合作的仅剩5-6家，这些单位都是通过和星河湾的合作得到了市场和甲方的认可，实现企业的不断壮大。材料供应商在和星河湾的不断合作中也在得益，开发商务必对材料商进行引导和指导，从而在材料方面实现对产品品质的保障。我要评论,4,3,0.8815078139305115
海南回应试水博彩业：绝不开逾规设赌场长江日报1月7日报道 昨天上午，海南省在国务院新闻办举行新闻发布会，海南省委书记卫留成和海南省省长罗保铭就海南推进国际旅游岛建设等问题回答了记者的提问。卫留成认为，国务院《关于推进海南国际旅游岛建设发展的若干意见》是从旅游业作为切入点的，对海南的经济社会的全面发展提出了系统的要求和一系列的措施，抓住这个机遇，落实这个措施，就可以缩短我们和发达地区发展的差距。卫留成指出，首先要抓好国际旅游岛建设，用国际的视野，高水平、有特色的做好旅游岛建设的规划。使旅游业真正成为海南的主导产业，带动海南经济社会的全面发展。海南发展彩票比其他地区有一定空间在谈到“探索发展竞猜型体育彩票和大型国际赛事即开彩票”问题时，海南省长罗保铭表示，国务院这次在文件当中明确了探索发展竞猜型的体育彩票包括大型国际赛事的即开彩票，这是在彩票方面为丰富海南旅游娱乐的产品给开了一个政策口子，是带探索性的。相比于其他地区就有一定的空间，但是这个空间绝不意味着要突破国家的现行法律在这方面的有关规定。卫留成在会后接受记者采访时也明确表示，海南绝不会像象澳门一样开设赌场，也不会有其他赌博产业。将引进大型免税集团建设经营免税店海南省委书记卫留成在海南国际旅游新闻发布会上表示，海南将引进大型免税集团或大型商业公司，建设经营免税店；推出海上旅游等一批新的特色旅游产品；启动建设航天主题公园、热带海洋公园等一批大型旅游项目；对主要旅游基础设施、旅游路线的标识系统甚至包括旅游厕所进行全面改造；策划组织一批有影响力的文化娱乐、节庆、体育赛事活动。适度发展高尔夫业不占用一亩基本农田海南省长罗保铭6日表示，不清楚海南“新建22个高尔夫球场”的事情，并表示海南发展高尔夫绝不违反土地总体利用规划，不占一亩基本农田，并在国务院政策允许的范围内来适度发展高尔夫产业。三亚房价未到1.1万元在回答记者“央企背景的开发商进驻海南岛会不会对海南的地价和房价形成推动”等问题时，罗保铭表示，这几年海南旅游房地产总体的市场是上升，主要是岛外的需求。此外，虽然商品房的价格上升的，但是也没有像媒体报道的那样涨得那么凶。据2009年1至11月份的统计，全国70个城市包括省会城市在内，三亚的房价截止到目前为止是不到11000元一平方米，在全国排第8位。海口商品房的均价不超过6000元一平方米，海口的涨幅比原来涨13%，三亚的房子涨6.6%。罗保铭说，海南房地产的需求主要来自于岛外，统计下来，海口60%、三亚80%-85%商品房是由岛外来购买的。(据中国网、京华时报)我要评论,4,7,0.9972081780433655
房贷差异化政策将出 或取消地方自定义 日前，据知情人士透露，包括住房与城乡建设部、人民银行和银监会正在制定新的统一标准，拟对全国范围内的投机和投资型购房需求进行划分，并根据这一标准严格区别商业银行所提供的房贷杠杆。该人士进一步指出，住建部主要分工负责对二套房及多套房划分统一标准的制定，人民银行、银监会则考量提高这部分被圈定的投资和投机性购房者的信贷门槛、并降低他们购房的杠杆比例的相关信贷政策。据悉，目前，这两项政策制定已经趋近于成熟。“迫于政策层遏制房价飙升的巨大压力，两项政策有望于近期正式出台。”知情人士透露。二套房新政拟出一位接近监管层人士告诉记者，目前住建部、人民银行和银监会等部委正在研究如何对投机、投资型购房需求与老百姓的自住型需求进行划分，然后根据这个标准设定对投资与投机性房贷的限制性措施。住建部负责对二套房及多套房划分标准进行统一。实际上，按照目前的规定，商业银行以借款人家庭（包括借款人、配偶及未成年子女）为单位认定房贷次数。对于已利用银行贷款购买首套自住房的家庭，如其人均住房面积低于当地平均水平，再次向商业银行申请住房贷款的，可比照首套自住住房贷款政策执行。建设银行研究部研究员赵庆明告诉记者，该政策在具体实施当中存在两个问题。一是商业银行无法实现对家庭的认定，其次是对于改善型住房的认定各地标准不统一造成很多矛盾。“目前，住建部打算在二套房认定上制定一个统一标准，对于家庭内涵的认定将做更加细致的规范，在改善型住房的标准上则直接画一道红线，取消各地方分散的标准。”知情人士透露。“建立严格的统一标准可能是这次政策的主题词。正是由于2007年出台的对投机与投资型住房的认定标准不够细致，在银行具体放贷过程中，给大量投机客有可乘之机。”赵庆明表示，这次标准统一有助于遏制这种情况。一位工商银行个人信贷部人士则称，就目前情况来看，各家银行对房贷的审核已经把控得比较严格了，很多行实际上已经提高了审贷标准，抬高了利率，因此，统一标准的出台，对多数购房者来说不会有太大的影响。另一方面，人民银行和银监会的新房贷政策已经开始向部分银行征求意见。据相关媒体报道，新规则或将第二套房贷的首付比例从不低于40%提高到5成以上，贷款利率也将上浮到基准利率的1.1倍，并收回各金融机构自主决定房贷利率的权力。一位民生银行北京某支行信贷员认为，统一利率定价将会使小银行在与大银行竞争房贷的时候面临很大的劣势。“目前看来，这套新政策杀伤性会很大，而且缺少灵活性。”赵庆明也认为，各个国家其实很少通过提高按揭利率来调整房地产需求的。这非常危险，如果不能进行细致的划分就很可能会伤害到那些低收入人群，所以这方面的政策制定会非常谨慎。“实际上，人民银行与银监会的政策更具有指向性，但必须要和住建部的政策相互配合执行才会产生效果。”知情人士透露，目前还需要听取商业银行的意见，但迫于房价不断上升以及社会舆论的巨大压力，两项政策有望于近期出台。重回“差异化”实际上，无论对于商业银行还是监管层而言，中国的房贷政策只不过是重回两年前的政策轨道上来。2007年9月，中国人民银行与银监会联合发出 《关于加强商业性房地产信贷管理的通知》（下称359号文），要求第二套住房首付提高至40%，贷款利率同时提高10%。这是最早的一个差异化房贷的版本，但当时缺少操作细节方面的考虑。银行普遍感到操作困难，提出了不少意见。其中对二套房和多套房的认定是问题的核心之一。当年12月人民银行、银监会又发布了 《关于加强商业性房地产信贷管理的补充通知》（下称补充通知），其中规定引入一个 “人均住房面积”的概念，规定“对于已利用银行贷款购买首套自住房的家庭，如其人均住房面积低于当地平均水平，再次向商业银行申请住房贷款的，可比照首套自住住房贷款政策执行”。《补充通知》一定程度上改变了359号文对于购买第二套房的 “一刀切”的做法，保护了有升级置业需求的消费者，在很大程度上也是可以满足那些自住型的“小房换大房”的需求。但在实际操作中，部分商业银行并未严格执行。一些中介机构还想方设法帮助投机客获得较低的利率和首付。“这些问题一直没有解决，但在2008年下半年全球金融危机以及房价快速下跌的浪潮中，也没有人关注了。”赵庆明说。2008年底中央紧急出台保民生的政策，鼓励居民购房，防止房价大起大落，在这种情况下，大规模优惠政策就取代了防投机的政策方向。但随着去年以来，房价再次大幅度走高，限制投机的差异化房贷政策开始重回舞台中央。12月14日，国务院总理温家宝主持召开国务院常务会议，明确提出“加强市场监管，稳定市场预期，遏制部分城市房价过快上涨的势头”。一位工商银行个人金融部人士说，此次出台的政策很可能会比两年前的政策更加精准、有力，可以看得出来监管层的决心很坚定。差异化的信贷政策配合财税政策将大幅度抬高囤房和炒房的成本，将会有效遏制投机房地产的需求。一位农业银行人士认为，从另一个角度来看，严控房贷还仅仅是堵的政策，从2009年的经历来看，商业银行在房贷业务中的竞争非常激烈，尤其是中小银行为了争夺房贷客户也有压低利率或者降低首付的冲动。而且，市场往往会很快想出应对的办法。因此，对于监管层而言，仅仅制定严格的房贷政策是不够的，还需要监督商业银行严格执行。“从长远来看，建设更多的廉租房和经济适用房，理顺土地机制，大规模增加住房供给，才能够真正疏导庞大的住房需求的洪流。”他说。我要评论,4,1,0.5555537939071655
揭秘乒坛一姐张怡宁婚房(图)     去年10月18日，乒坛一姐张怡宁在北京某豪华酒店完成大婚，其老公徐威是金融界的一位成功人士，徐威身旁的一位朋友透露其身家“以亿为单位应该没问题”。而在去年3月福布斯公布的中国名人榜上，张怡宁的打榜收入是1345万元。千万富姐找到上亿身家的超级金龟婿，两人的婚后生活状态随之备受外界关注。就在张怡宁结婚前半个月，有人就拍到她搭乘徐威的豪华座驾路虎外出扫名牌衣物，随后坐车回到位于北京东直门附近的万国公寓。日前，本报记者专程前往北京，探秘张怡宁居住的这处豪华公寓，没想到她的这处公寓竟是租的，但一年的租金都可以在其他二线城市买套房子了。每月花6万 租住300平米高档公寓张怡宁居住的是一处32层高的独栋公寓，位于北京黄金地段，该公寓只租不卖，价格不菲。记者从公寓租赁协调处了解到，这栋32层高的公寓有不同面积的套房，其中最小的213平米，最大的达到600平米。在这栋公寓中，213平米的套房是相对最差的，分布在6层，西北朝向，但租金却高达2.9万元一个月。“随着楼层的升高，景观不同，因此越往上的房子越贵。”工作人员告诉记者，最好的600平米的套房都在25层以上，但近期已经没有空房可租，每套租金高达13万元一个月。张怡宁两口子的身家加到一起早已上亿，不过他们没有选择600平米那种最好的套房，而是挑了一套面积中等的。“她住在15层，是一套314平米的公寓。她那套房子在那个户型里面算很好的。”据悉，公寓的14至15层都是314平米的套房，但15层更好一些，租金也相对更高，“14层的每套是5.3万元一个月，她住的那种每套租金是6万元一个月。”据悉，该公寓的套房起租时间至少为一年，这意味着张怡宁光是租房子一年就要花掉72万元，而这笔钱在中国不少二线城市已经可以买套不错的房子。只是这72万元对张怡宁来说根本不算什么，而这些钱也不需要她掏腰包。“她不是以自己的名义租的，是以其他人的名字。”工作人员以保护隐私为由，拒绝透露租房者的信息。不过据记者了解，租这套房子的人很可能是徐威，因为徐威主要做对冲基金，现在香港和北京都有自己的事业，他很可能需要两地奔波，这样在北京租套高级公寓暂时落脚更显得合情合理。    低调隐蔽 常从后门出入按理说，张怡宁租住的豪华公寓如此昂贵，应该很容易找到。但实际上，记者询问了东直门周边的一些出租车司机，他们并不太清楚。记者在公寓外看到，公寓实际上处于东直门外小街上，这是一条单行道，门口车辆很少，略显冷清。不过，这是北京入行较早的服务式公寓，物业由美国一家品牌公司在管理，具有国际化高品质的服务。有熟悉这栋公寓的人告诉记者，这栋公寓从来不需要做宣传，但里面住的都是来头不小的人物，“这里准确的地理位置应该叫做第二使馆区，很多外籍人士在这里租房子，比如领事馆参赞等。”张怡宁是北京人，此前她一直与父母住在右安门外的开阳里小区，那里紧邻南二环，闹中取静。张怡宁住在那里是因为距离总局训练局很近，另外也可以避免住在高档社区引来的“名人烦恼”。不过，从婚前两个月到现在，张怡宁开始挪到这处高档公寓居住，随之而来就无法免除被“追踪”，这也让她一度开始改变进出公寓的方式。公寓正门的门卫告诉记者，在两三个月前还常能看见张怡宁，“她还挺客气的，有时会跟我们打招呼。但后来没怎么看见她了。”据记者打探，张怡宁并没有很快消失，只是被曝光住在这里后，她更多选择了从后门进出。有人曾看到张怡宁晚上回公寓，为她开车的司机分外小心，总是在外面兜一圈才在后门停下，“司机的警惕性很高，张怡宁下来后，有时候会看见她家阿姨陪着一起。”身份特殊 物业召开“张怡宁会议”据了解，这处公寓除了高标准的服务，里面高档游泳池、健身会所、图书馆、后花园等等一应俱全。而该公寓的安保措施更是到位，前台只要见到不熟悉的人走进去，都会盘问一番，他们甚至练就了“火眼金睛”的本领。“除了客人，我们还认得客人的朋友、阿姨等等，但不住在这儿的人我们更能辨认得出来。”关于张怡宁，前台接待说她确实在这里住，而且是惟一住在这儿的体育界人物。“住在这里的大多是商界的人，也有外籍人士，很少有体育方面的人，张怡宁大家都认识。”据接待介绍，张怡宁虽然住在这里，但没有接受公寓的高级管理服务，而是由自己请的阿姨照顾生活起居，“她家阿姨来这里的次数比较多，我们都眼熟，我们这儿像她这样的情况也比较多，有些人完全不需要公寓提供的管家式服务，保姆都是自己带来的。”在与记者聊天中，前台接待以不能泄露客人隐私为由，拒绝谈更多关于张怡宁的信息，他甚至还轻描淡写地说：“可能在体育界眼中，她算个大腕儿，什么都值得关心，但说实话在我们这里的客人中，她也不算什么腕儿。”尽管前台接待这么说，但记者还是通过侧面了解到，此前张怡宁被曝光住在这里已经引起公寓管理方的重视。“张怡宁进出这里被人拍到了，还登上了报纸，我们公寓物业专门开会讨论了这个事情，重申了纪律，就是要保护好客人的隐私。”记者手记乒坛明星忙转型对胃口来说，多多益善不是好事。山珍海味吃多了，看到一盘青菜加块泡菜才会口水滴答，食欲大增。看电视剧也一样，只有正义完美的英雄不够，还需要塑造让人痛骂的大坏蛋，这样才让人感到满足。很长时间，贵为“国球”的乒乓球就像一出毫无新意的佳肴，不是胜利就是包揽，让人提不起观赏的欲望。不过，在2009年，乒乓球突然变得娱乐起来，层出不穷的花边八卦，一下跃上了体育最受关注榜，而这一切都要感谢乒坛的一哥马琳、一姐张怡宁。在以前百度马琳、爱情，无非是他和白杨、张宁益的陈年往事，剩下的就只有无边无际的与夺金有关的新闻。但在2009年，一切变得不一样了，马琳接连踢翻多扇门，甚至有直追水门之势，从结婚门、离婚门到小三门、财产门，感情和金钱两大爱恨情仇的必须要素，马琳两者俱全，为所有观众演了一部情节跌宕起伏的大片。从此，有关国球的新闻大部分被花边娱乐充斥，大家提到马琳，不是问“他会退役吗？”而是问“他离了吗？”有意思的是，在马琳深陷“门”危机时，又有人来“解救”他。一向低调的乒坛一姐张怡宁结婚了！名人与资本的联姻，这本是一出再烂熟不过的戏，但是因为我们已经太习惯看到张怡宁夺冠，所以她结婚成了完全与众不同的新闻。从此，国乒再也不缺八卦猛料，有人在离婚，有人在结婚，国乒的明星突然变得很有人情味，他们也是七情六欲的主儿，不再是电视镜头前永远说着“发挥不错”的木偶人。除了马琳和张怡宁，还要感谢王皓和彭陆洋。这份队内恋情的曝光让蔡振华出来否认了“棒打鸳鸯”的谣言，国乒的故事突然变得鲜活起来。有人说，后奥运时代，中国乒乓球队开启了一个“敢爱敢恨”的时代，这是一个不错的总结。其实，在习惯了天天吃“金牌套餐”的时候，加点八卦佐料又为何不可呢？在中国，乒乓球一直承载着荣誉与梦想，正因为如此，队员乃至教练总喜欢喋喋不休说着关于金牌的危机，其实金牌本没有危机，缺了丰富性格的乒乓球才会面临真正的生存危机。2009年，张怡宁结婚了，马琳快要离婚了，王皓恋爱了。2010年，期待有更多的乒乓球猛料出现。既然像神一样的刘翔都能像小朋友一样说我小时候的梦想是当解放军，开大飞机，国乒明星们又有何理由“固步自封”呢？本报记者 盖源源我要评论,4,3,0.777012050151825
银监会否认提高二套房贷首付比例本报讯(记者熊焱) 对市场上关于上调二套房贷首付比例至50%的传闻报道，银监会1月8日晚间回应称，银监会并未就二套房贷出台新的政策，对于提高首付比例的说法，请不要误传。有媒体近日报道称，银监会正在就二套房贷的相关政策在国有大行内部征求意见，其核心内容是将二套房贷的首付比例提高至50%，利率提高至基准利率的1.1倍，并且收回各金融机构自主决定房贷利率的权力。消息传出当日，沪深地产股大面积下挫。去年9月中旬，央行联合银监会发布通知，对已利用贷款购买住房、又申请购买第二套(含)以上住房的，贷款首付款比例不得低于40%。记者了解到，目前商业银行二套房首付目前为四成，至今尚未收到银监会相关通知。利率方面，各银行二套房贷不同，有的银行执行基准利率上浮10%，有的银行的房贷利率有优惠，可达到基准利率7折。尽管银监会否认了提高二套房贷首付的传闻，但也有业内人士认为，出于稳定房价、打压投机行为以及保民生等多方面考虑，监管部门对于二套房贷的政策肯定会趋紧。我要评论,4,1,0.6201189756393433
"外媒选出世界上九个最不受待见的城市(组图) 世界上最大的独立旅行出版商Lonely Planet以Cities You Really Hate(真让人讨厌的城市)为题在自己的网页上列出了9个世界上最不招人待见的城市。墨西哥 切图马儿(Chetumal)在这个名单上排名第9的是墨西哥的边界城市切图马尔(Chetumal)，上榜原因是这个城市是个大众旅游的地方，缺乏魅力。坦桑尼亚 阿鲁沙(Arusha)排在第8名的是坦桑尼亚的阿鲁沙(Arusha)，是通往大自然的门户，城市本身不可多呆，越早离开越好。印度 钦奈(Chennai)第7名是印度钦奈(Chennai)，要说也算个大城市，但是没有孟买的繁华，没有德里的历史，也没有班加罗尔的热闹，据说来自那里的女影星都不够热辣性感。萨尔多瓦 圣萨尔多瓦城(San Salvador)第6名是萨尔瓦多的圣萨尔瓦多城(San Salvador)，据说是中美洲国家中黑色污垢最多的首都。英国 伍尔弗汉普顿(Wolverhampton)第5名是英格兰中部城市伍尔弗汉普顿(Wolverhampton)，Lonely Planet的评价很简单：So bad that we don’t even have it on this site(实在太差了，本网站都没有介绍这个城市)。美国 洛杉矶(Los Angeles)第4名是美国的洛杉矶(Los Angeles)，洛杉矶入选是因为该城市的污染、交通拥堵，还有特难看的高速公路网。韩国 首尔(Seoul)排在最不受欢迎城市榜单第3名是我们的邻邦韩国首尔(Seoul)，用一个网友的评价来说，首尔到处是“苏式水泥建筑群”，污染严重，毫无生气，老百姓只能借酒浇愁。加纳 阿克拉(Accra)第2名是西非加纳首都阿克拉(Accra)，ugly(丑陋), chaotic(混乱), sprawling(杂乱无序)，毫无海滨城市特色。美国 底特律(Detroit)美国的底特律(Detroit)夺得Most hated cities的头筹，理由是治安不佳、环境污染，以及每况愈下的城市基础设施。我要评论",4,5,0.9702317118644714
冯小刚获赠杭州西溪别墅 一部《非诚勿扰》，让很多观众知道了杭州西溪，西溪湿地公园因此游客暴增。景区一直有传言说，当地政府为了感谢冯小刚拍摄这部电影，把电影中出现的西溪湿地别墅送给他使用。日前，浙江影视集团董事长倪政伟证实了这一说法。倪政伟2009年7月13日对记者说，《非诚勿扰》中，葛优在西溪打电话的那栋别墅，目前已成为冯小刚的杭州工作室，这算是政府对他的奖励。但冯小刚只有使用权，没有所有权。我要评论,4,2,0.9867599010467529
银行业协会叫停房贷返点晨报讯（记者 张晓莉）记者昨日从房地产中介机构获悉，去年最后一天，中国银行业协会悄然给会员银行下发了一份通知，要求各商业银行停止向房产中介和房贷中介机构以各种形式支付返点。全国范围内叫停此类返点的序幕正式拉开。这份中国银行业协会的通知名为《关于规范做好个人房地产按揭贷款业务维护市场秩序的自律共识》。该协会明确提出：自今年1月1日起，停止以任何形式向房贷中介及其从业人员支付与所提供的服务不对称、纯粹业务介绍的“返点”费用。早在去年11月，上海、深圳、大连和杭州等地的银行同业协会陆续推出类似的房贷“自律公约”，要求本区域内的银行停止以任何形式向房产中介和房贷中介机构支付返点。北京的主要国有银行和部分股份制银行也在去年末停止向中介机构提供返点。但是，返点行为并未就此停止。多家中介机构表示，不少银行仍在变相提供返点。中易安房地产担保有限公司市场总监徐东华认为，房贷返点已经成为银行争抢房贷市场份额的主要竞争手段，而要想彻底杜绝这种“潜规则”，仅仅依靠行业自律显然不够，需要银监会等监管部门介入并明确违规责任。他表示，国外也存在银行向房贷中介机构支付佣金的情况，但通常都要求必须向消费者明示且不得超过核定限额，否则将被视为商业贿赂行为。到目前为止，我国还没有相应的明确规定。■新闻资料房贷返点在房贷按揭市场的竞争中，银行为了从房产中介和房贷按揭服务公司获得贷款业务，通常会向这些机构支付佣金。佣金的水平不一，一般是按揭贷款额的0.3%到接近3%，而一线城市的水平大约在0.5%至2%之间。这项佣金在业内被称为“房贷返点”。■新闻链接叫停“返点”影响不一对贷款人：服务费可能提高资深房产中介人士分析，叫停返点之举可能导致中介提高贷款服务费，但目前没听说有机构考虑提高。记者从多家中介了解到，北京的房产中介贷款服务费收费标准大致为：贷款额度在一定金额以下收费3000元左右，超过部分每1万元加收50元。一笔100万元贷款的服务费大致在6000元。在实际操作中，中介机构一般不会收取超过份额的加收费用。取消返点后，房产中介向客户收取的贷款代办费用出现上升空间，但在实际操作中，中介会根据市场情况决定是否提高。对中介机构：扩张稍有放慢中易安房地产担保有限公司市场总监徐东华认为，叫停返点对中介影响有限。目前中介的主要盈利以促成交易所收取的交易佣金为主，房贷返点收入一般只占房产中介收入的15%至20%。并且，即使取消房贷返点，房产中介仍然可以向消费者收取一定数额的贷款代办费用，其整体利润损失不会很大。但是，该笔现金流的缺失会使部分房产中介的扩张步伐稍有放慢。晨报记者 张晓莉我要评论,4,1,0.9214276075363159
传印花税下周恢复双边征收 官员称并未听说昨日(15日)，市场开始传言周末将公布证券交易印花税恢复双边征收政策，下周四起实施。另据消息称，此次调整只是对机构(法人)投资者交易印花税恢复双边征收。国家将用税收杠杆增加机构大资金投资者倒仓成本，避免股市暴涨暴跌，保护投资者利益。据新浪财经报道，财政部相关负责人称未听说此消息，财政部财科所所长贾康亦表示如果有政策会正式通知，不会这样传，传的都不靠谱。在此次传言中，有一个版本是此次信息源是华泰证券，而该券商高层亦表示，未听说此传言。市场人士普遍认为，提高印花税对股市是重大利空，而目前大盘的点位并不高，特别是蓝筹板块经过持续调整，估值已经处于合理区间，并没有出台此政策挤泡沫的理由。从昨日股市反应来看，大盘也并没有受此传言的影响。不过，所谓无风不起浪，这一传言在股民中还是引发了较大的担忧。因为2007年财政部在5月30日凌晨提高印花税，让A股经历了“5·30”地震。有此前车之鉴，加上近期小盘股涨得太厉害，不少股民担心相关部门真的会调整印花税。此外，中国国家税务总局昨日还公布，2009年证券交易印花税下降47.9%。在证券交易印花税大幅下降的背景下传出调整印花税的消息，难说是空穴来风。我要评论,4,1,0.7905784845352173
"汇通滨水动漫城 打造新年精气神新年伊始，对于广大动漫艺术爱好者而言，京东动漫文化基地——汇通滨水动漫城的基建完工无疑是严寒中的一股暖流，让大家都卯足了创作的精气神。这个集艺术、文化、商业、办公、娱乐于一体的复合型国际化动漫基地将为动漫创意者搭建专业的平台。动漫产业给人以梦想，以快乐，它是文化产业中极具生机的组成部分。作为一项朝阳产业，高科技、高投入、高产出的要求，决定了动漫产业必然要走一条高度集中发展之路。在动漫产业发展相对成熟的美国和日本，他们的经验也告诉我们，动漫产业不可能遍地分布。正是基于历史的经验借鉴，加之北京市和朝阳区大力发展文化创意产业的机遇，汇通滨水动漫城应运而生。坐落于北京朝阳区三间房“运河·新时尚”滨河景观带的汇通滨水动漫城属于通惠河文化创意产业规划区的配套商业综合项目之一。汇通滨水动漫城拥有占地30,000平方米的动漫设计工作室，可作为入驻企业的载体。动漫城建筑格局中提供六种不同风格的工作室，适合各种需求的动漫企业和个人自由创作。此外，与动漫城相邻占地15,000平方米的文化艺术中心更为该区增添了一道浓厚的文化色彩。发展动漫产业是一项涉及多个环节、多个领域的系统工程，拥有一个设施完备，文化氛围浓郁的创作环境无疑是形成完整动漫产业链条的前提条件。不久的将来，滨水动漫城，将汇聚国内外动漫大师级专家和国内动漫领域一线精英，通过搭建专业交流与互动平台，缩短与国际最顶尖水平的差距，掌握产业前沿动向，促进产业合作，提升北京动漫设计企业和工作室的技术水平，推动北京动漫产业发展。据悉，汇通滨水动漫城将于2010年6月30日正式投入使用。我要评论",4,6,0.3782098591327667
伦敦人被逼住船屋2010年初英国福克斯顿船屋中介公司推出“史上最贵”船屋“海洋号”，售价100万英镑，居住面积129平米。买不起房的伦敦年轻人，花几万英磅买艘船屋住在河上。外表简陋，里面却样样齐全。浪漫又实惠，就是泊位不太好找。“当砖瓦不再有吸引力，尝试一下水上生活，那可能会成为快乐生活的起航码头。”英国专栏作者阿曼达·里利琼斯这样说。在英国，这正在成为一种新兴潮流。高昂的房价、低迷的经济让越来越多的人放弃买房，选择居住在船屋里，以一种颇具诗意的方式享受着“蜗居”生活。年轻人初次置业选船屋27岁的希安·奥尼尔和尼克·奥斯丁是生活在伦敦的一对年轻情侣。由于囊中羞涩，他们选择花2万英镑购买一艘船屋。随后，奥尼尔和奥斯丁又花费1万英镑，将这艘船屋装扮成了一个真正的家。奥尼尔总结说，船屋生活“浪漫得不可思议”，不过冬天有点冷。近年来有调查显示，越来越多的英国夫妇在孩子长大离家后选择卖掉郊区的房子，住到生活方便、环境优美的位于城市水系上的船屋里。此外，由于价格低廉，年轻的初次购房者、由于经济趋紧而被迫换房者都是购买船屋的主力群体。中年人囊中羞涩DIY船屋从2000年以来，英国船屋的数量几乎在以每4年翻一番的速度增长。46岁的多米尼克·韦伯斯特是一名建筑师。他曾经在伦敦北部的海格特拥有一间公寓。但是，现在他的家安在伦敦东部布莱克沃港区的一条驳船“精益求精号”上。韦伯斯特说，他离婚后一度经济紧张，而过去乘坐游艇度假的经历让他对水上生活十分向往。2003年，韦伯斯特花了3.5万英镑买下一艘船屋，然后花了7.5万英镑重新装修。船屋里的装饰几乎都是韦伯斯特DIY完成。他参照网上和杂志上的游艇照片，梦想把这条船改造成一条“经济型超级游艇”。2008年，韦伯斯特的船屋被重新估价为18.7万英镑，他说：“这个估价很棒，但是住在船上是一种生活方式，而不是为了投资。”韦伯斯特的船里安装了宽屏幕电视和苹果电脑。韦伯斯特说：“我有暖气、宽带、洗衣机，普通房子所有的一切这里都有。”年轻白领尝鲜租船屋除了自己购买船屋，很多人选择了租住的方式。25岁的金融分析师克里斯蒂安·洛克就在泰晤士河上一个船屋公寓里租了一间房子，每月租金为650英镑。他说：“我并不想拥有一艘船屋，但我很想住。而且，如果在陆地上租这样一间公寓每个月租金至少1000英镑。”英国的名人中也不乏船屋业主。50多岁的英国著名演员尼格尔·普兰内尔住在泰晤士河上的一条大船上已经有好几年了。（马晶）■ 不利因素船屋泊位难找按揭贷款更贵诗意浪漫从来都没那么容易拥有。一条最基本的船屋售价是2万英镑，但是泊位和其他费用也是一笔不小的开支。船屋泊位由英国水运局和私人业主提供，其使用权限从6个月到125年不等。泊位除了供船屋停靠外，还提供天然气、污水排放、电等基础设施服务，有时候还能接入宽带和数字电视。如果没有泊位，船屋只能临时停靠，每隔10多天挪一次位置，否则将支付高额罚款。2009年英国拥有泊位的船屋只有约3000艘。一艘拥有10年以上泊位使用权的船屋价格比没有泊位使用权的船屋高2到3倍。另外，按揭购买船屋的贷款利率也比普通房屋高不少，贷款额也有限制。业主每年还要为船屋支付保险，通常是3500英镑一年。如果租用的是英国水运局的泊位，那么每年需要额外花费80到120英镑购买安全证书。在泰晤士河上停泊的船屋还需要伦敦港的许可证。每隔几年，业主还需要对船屋进行保养，每次耗资也在数千英镑。（马晶）我要评论,4,5,0.6602888703346252
李宁三亿港币豪宅曝光2010年1月21日，香港，前体操王子李宁在香港购置的豪宅。前体操王子李宁退役后创办的李宁有限公司从1990年发展至今不单成为中国最大的体育用品零售商，更是全球第四大体育用品产业公司，公司市值达38.61亿美元。自李宁自曝已经移居香港后，有香港记者发现李宁一家三口现居豪宅之王“香岛道33号”一间6000尺的独立屋，市值3亿港元，尽显尊贵身份。而9岁的爱子李小宁就读于某国际学校，每年学费约13万港元。 延伸阅读我要评论,4,1,0.4433536231517792
"多数央企5年内退出酒店业本报讯 (记者钟晶晶) 经过2年多的摸底，央企宾馆酒店辅业剥离重组工作全面启动。国资委网站昨日发布消息，从今年起在央企范围内正式开展非主业宾馆酒店分离重组工作，计划3年-5年内完成。根据国资委的总体方案，剥离出的非主业宾馆酒店业务将重组到以宾馆酒店业为主的优势央企。涉及资产达千亿据统计，央企旗下的宾馆企业不下2000家，其资产也高达上千亿元，几乎每家央企旗下均有宾馆酒店业务。如中石油集团旗下200多家酒店宾馆等，其中的核心酒店资产已陆续通过划拨、股权转让等方式进入了其子公司华油集团，华油集团为此专门成立了阳光酒店集团，旗下拥有60多家酒店，去年底台湾桃园东森山庄等3家台湾饭店也相继加盟。中石油集团在海外的酒店资产也将通过委托管理的方式陆续装入华油集团。其他有酒店资产的央企包括：中石化、中国电力、中国航空、中国铁路、中国电信、中国烟草、中国银行、中国航天科技、中国中旅、香港中旅、中粮集团、华侨城(企业专区,旗下楼盘)集团、中国农行等。多数央企退出酒店经营国资委计划剥离重组央企非主业宾馆酒店业务，在2007年已露端倪。2007年8月，国资委向央企发出通知，要求摸查中央企业集团总部及各级子企业投资开办的宾馆、酒店、接待中心、招待所、度假村等单位。并将调查报告交由国资委改革局，研究重组事宜。此次重组方向遵从合并同类项原则。国资委昨日明确表示，央企非主业宾馆酒店业务将通过国有产权无偿划转、协议转让、市场转让等方式，重组到以宾馆酒店为主业的优势中央企业。而此后未经国资委批准，不以宾馆酒店为主业的中央企业，不得再投资新建经营性的宾馆酒店。重组方案由不以宾馆酒店为主业的中央企业制定后再报国资委批准后组织实施。“华侨城、中粮等受益”“剥离非主业酒店宾馆业务符合国资委要求央企做强做大主业的方向，经过前期的调研现在也到了合适时机。”国资委有关负责人士对记者表示，目前以酒店宾馆为主业的央企如华侨城、中粮集团、港中旅都将是此次资产剥离的主要受益者，但目前具体方案没有出台，年内可能也不会有具体结果。北京科技大学教授刘澄认为，作为对于目前盈利较好的非主业酒店资产，进行产权无偿划拨的难度非常大。他认为，在主业和非主业的划分上切不可一刀切。我要评论",4,7,0.7031633257865906
银行家千万买豪宅 一年被淹80次新快报讯 广州房子贵，豪宅更贵，并且，大凡和“江”字套得上近乎的房子，价格都高得一塌糊涂。虽然如此，在英国泰晤士河畔购得一处千万豪宅的银行家艾迪安·荷德，却是被气得一塌糊涂。据英国《每日邮报》27日报道，2006年，荷德以190万英镑(逾2000万元人民币)购买了泰晤士河畔江景半独立别墅，没想到梦魇就此开始———泰晤士河河水每年都会熟门熟路地去“造访”他家的草坪，甚至将其全部淹没。平白无故多了一个“露天游泳池”，荷德却气坏了：“我们可不想生活在一个洪水平均一年光顾80次的房子里。”一怒之下，荷德以前房主未尽告知义务而将后者告上了法庭。我要评论,4,1,0.695294201374054
2010年十大旅游地 中国排第八榜单认为 中国的特点是融汇现代和传统 上海世博会也能吸引游客今晨据英国媒体报道，美国旅游公司Gate 1 Travel刚刚出炉了一份“2010年十大旅游地”的榜单，为那些还在犹豫去哪里旅行的人指出了最佳旅游地。此次，中国在榜单中名列第八，而在2008年世界旅游论坛公布的全球130个国家、地区排行中，中国大陆旅游竞争力仅排在第62位。1.意大利点评：从托斯卡纳区的群山到罗马古城的废墟，意大利因其无与伦比的美景、美食和购物而闻名。旅行者经常会流连于宽广的农村地区。对于大多数人而言，最具吸引力的还是这个国家悠久的历史。2.埃及点评：想要度过一个既经济实惠又颇具魅力的假期？埃及在这方面排名很高。那里不仅政局稳定，还是吉萨大金字塔的所在地。尽管全年高温，但旅行者似乎从未对多面的埃及感到厌倦。3.希腊点评：美丽的景色加上文化和历史的碰撞使得希腊一直是个受欢迎的旅游目的地。美丽的沙滩、古老的遗址和神的旨意吸引着年轻人，度蜜月的人常常选择希腊浪漫之旅。4.土耳其点评：与埃及类似，土耳其成为跨国旅行者目的地之一的原因是其成本可接受性。抵达土耳其，游客便陶醉于独特的历史和考古遗迹、雄伟的高山和峡谷、湖泊、河流、瀑布、城堡、清真寺以及美丽的海岸线。5.秘鲁点评：作为马丘比丘城堡所在地，秘鲁在最近几年内成为受欢迎的旅行目的地。17世纪的建筑、印加遗址以及无人去过的丛林——秘鲁等待你去发掘。首都利马不仅是金融中心还是文化中心，古老的印加首都库斯科每年都吸引将近百万名游客。6.Oberammergau(上阿莫高)点评：Oberammergau(上阿莫高)是巴伐利亚的一个小村，坐落在德国中南部阿尔卑斯山脉沿线、阿莫尔河附近。但并非是这个镇子优越的地理位置吸引着游客——这里是世界著名的壁画村。那些壁画大都由上阿莫高本地人在1634年创作，描述耶稣的最后几日。7.约旦点评：坐落于中东核心地区，有着重大的宗教和历史意义。来旅游的人大多会去探索约旦河、最受欢迎的城市玫瑰红城佩特拉、死海。8.中国点评：凭借快速增加的基础设施和起飞的经济，中国融汇了现代化的复杂性和丰富的传统性。这种独特的混杂特点使得这个国家成为受欢迎的旅游地。那儿有享有盛名的长城以及拥有白色圆形大理石祭坛的天坛，其它受欢迎的城市包括最古老的城市之一西安，还有2010年举办世博会的上海，也能吸引游客。9.印度点评：拥有超过十亿人口的印度是世界上最具多元化的国家之一。在德里，游客能看见华丽的印度教寺庙和世界上最高的独立式砖尖塔库图米纳尔塔。德里不远处是泰姬陵所在地阿格拉市。印度不仅拥有美丽的风情而且经济实惠。10.哥斯达黎加点评：火山、瀑布、野生动物，哥斯达黎加已迅速变成一个受欢迎的生态旅游地。寻求刺激的旅行者可以领略到生物多样性，也能够进行各种冒险活动，如滑索和吊桥。当墨西哥正从2009年的流感恐慌中恢复的时候，哥斯达黎加越来越受欢迎。编译/尹晓琳  记者 黎史翔我要评论,4,5,0.9130135774612427
信贷或在下半年开始收紧1月18日央行正式上调存款准备金，这被理解为宏观调控政策转向的信号，市场也越来越担忧流动性将开始收紧。而分析人士称这种情况将在2010年下半年出现。近期市场对货币政策转向的预期已十分明显，业界普遍预计2010年的信贷投放将大大减少，货币政策必然越来越紧。受此影响，上证指数自1月18日上调存款准备金以来已经下跌了超过7%。不过，记者从央行人士处获悉，管理层确定上半年新增贷款规模仍为5万亿元左右，一、二季度分别为3万亿和2万亿，与年初确定的目标基本一致。而在1月27日的银监会召开的各商业银行工作会议上则确定了2010年信贷新增投放7.5万亿，与此前市场预期基本吻合。对此，分析人士称，2010年上半年5万亿的新增信贷与2009年差别不大，但按照银监会的表态，2009年下半年的新增信贷量将骤降至2.5万亿，到时流动性收紧的影响将会显现。但据某商业银行内部人士称，2010年的经济局势十分复杂，信贷增量可能也会按月进行调整，现在可能根本无法给出具体数字，银监会方面也根据实际情况随时调控。兴业银行经济学家鲁政委此前曾撰文预测， 1 月份新增贷款可能在1.2~1.5 万亿之间，中值1.35 万亿，无论从绝对量还是从同比增速来看，均将低于去年同期。他还认为今年2月不可能出现加息。式上调存款准备金，这被理解为宏观调控政策转向的信号，市场也越来越担忧流动性将开始收紧。而分析人士称这种情况将在2010年下半年出现。1月18日央行正式上调存款准备金，这被理解为宏观调控政策转向的信号，市场也越来越担忧流动性将开始收紧。而分析人士称这种情况将在2010年下半年出现。近期市场对货币政策转向的预期已十分明显，业界普遍预计2010年的信贷投放将大大减少，货币政策必然越来越紧。受此影响，上证指数自1月18日上调存款准备金以来已经下跌了超过7%。不过，记者从央行人士处获悉，管理层确定上半年新增贷款规模仍为5万亿元左右，一、二季度分别为3万亿和2万亿，与年初确定的目标基本一致。而在1月27日的银监会召开的各商业银行工作会议上则确定了2010年信贷新增投放7.5万亿，与此前市场预期基本吻合。对此，分析人士称，2010年上半年5万亿的新增信贷与2009年差别不大，但按照银监会的表态，2009年下半年的新增信贷量将骤降至2.5万亿，到时流动性收紧的影响将会显现。但据某商业银行内部人士称，2010年的经济局势十分复杂，信贷增量可能也会按月进行调整，现在可能根本无法给出具体数字，银监会方面也根据实际情况随时调控。兴业银行经济学家鲁政委此前曾撰文预测， 1 月份新增贷款可能在1.2~1.5 万亿之间，中值1.35 万亿，无论从绝对量还是从同比增速来看，均将低于去年同期。他还认为今年2月不可能出现加息。我要评论,4,1,0.9373154044151306
四大行暗抬北京首套房贷 首付四成享7折优惠现身    山雨欲来风满楼。近期，北京部分银行取消首套住房7折优惠利率的消息不绝于耳，对此，四大行北京分行人士对媒体表示，目前还按照原来的政策执行，并未出现利率优惠调整。但是，情况真的如此吗？记者以购房者身份走访了几家银行营业部，却得到相反的答案。想办7折优惠利率很难记者在中国银行某营业点咨询办理房贷利率是否还能打7折优惠时，该行工作人员表示，现在首套房想办7折优惠利率也很难了，除非银行觉得贷款人的资质非常好。记者询问是否有接到新的政策通知时，该工作人员表示：“虽然政府还没有出台新的房贷政策，但我们银行有自己内部的政策规定。现在房贷政策紧缩，到了2月份也不见得会很好，办房贷现在需要审批很长一段时间。”建设银行房贷经理张先生告诉记者，现在银行内部办房贷的政策也是一天一个样，如果想要办7折利率的房贷，除非首付比较高，起码得首付四成以上。对于二套房贷，张先生表示，现在银行均要求首付四成以上，不过银行会根据客户的资质给予一定的利率优惠。而北京银行的工作人员则告诉记者，北京银行已经取消了二套房的利率优惠，需按照央行的基准利率支付贷款利息。相比四大行，各个股份制银行的房贷似乎好办一些。“我们现在没有接到通知取消首套房7折利率优惠，因此申请的时候也还是按照7折办理，但不能保证首套房肯定能做到7折利率。目前房贷申请需要3天的评估时间，4天的审批时间，通常在7-10天的时间内完成流程。”中信银行的一名房贷经理告诉记者。临近月末，有市场人士预计，1月份的信贷有可能超过1万亿，有消息称1月第一周全国信贷投放达6000亿元，第二周更高达8000亿元，引起了监管机构的关注，央行于14日宣布提高银行存款准备金率0.5个百分点。另外，由于去年底银监会的新通知规定，禁止银行通过信贷类理财产品转出自身存量信贷资产，商业银行无法再通过信贷理财产品的发售将表内资产转移至表外，也影响了银行新增贷款的规模。房贷影响下半年显现据北京市房地产交易管理网的数据显示，截至1月26日，二手房签约数为11462套，相比2009年12月份的41743套，下滑了70%以上。亚豪机构市场总监郭毅告诉记者，1月份前20天，一手商品房的成交量环比下降了48%。郭毅表示，由于决策层频频对房地产市场发出调控信号，对房地产市场的影响很大。信义房屋建外大街店主管易华对记者表示，目前为止，客户申请的房贷如果符合标准，还是按照利率打7折来办理。“房屋成交量大幅度下滑，这是由于政府调控的力度加大，打击投机性需求的态度非常坚决。”易华分析道，“投资客购买房产，当然要最大限度地利用银行贷款，他们当然不会用100万全款买一套房，而肯定是要用20万首付贷款买5套房。现在政府调控房地产市场，导致房地产投机的成本增加，如利息、中介佣金、税费等，因此房屋成交量下降不可避免。”易华认为，房屋成交量下降，利率优惠的调高并没有起到全部作用。“一是在政府调控的情况下，购房者的心理预期下降，看跌房价，因此作出观望；二是去年9月28日出台的新规定，银行贷款需要严格参照网签合同，杜绝了阴阳合同；三是去年底和今年初收紧税收优惠政策的规定。政策出台后的效果有一定的滞后性，现在这一系列的措施导致了1月份成交量的下跌。”据链家地产市场研究部近期发布的报告显示，过去三年北京二手房价格平均上涨了120%，大兴、昌平涨幅分别高达166%和140%，由于政策的延缓，今年上半年楼市对各种调控政策的反应可能会以成交量的萎缩为主，下半年房价会出现明显反应。易华认为，房屋成交量支撑着房屋的价格，如果成交量一直下跌，那么房价不会支撑太久，尽管现在看来房价还是上涨的势头，但恐怕已经是强弩之末。从北京一些房地产中介公司的信息来看，1月份北京二手房市场已经出现明显的议价空间，大部分二手房的成交价格比挂牌价格下调了1.5%-2.5%的价格。而在去年12月份，65%的房源成交价格都高于挂牌价格２%-３%。月供将增加多少？银行房贷7折利率优惠或将取消的传闻愈演愈烈，尽管银行表示存量房贷暂时不会受到影响，但是很多新申请的房贷很有可能不再是7折优惠，调高为8.5折优惠，而二套房也很有可能不再享受任何利率优惠。一旦最低优惠利率由7折变为8.5折，贷款人需要多支付多少利息呢？假设贷款100万元，贷款期限为30年，选择等额本息的还款方式，如果按照7折利率优惠，每个月的月供为4865.69元，总共需要支付利息大约是75万元；如果是8.5折利率，每个月的月供为5398.20元，总共需要支付的利息约为94万元；如果是二套房基准利率不打折，每个月的月供为 5956.98元，总利息高达114万元。（季小舟/文）我要评论,4,1,0.907534658908844
"监管层要求银行收紧二套房贷 违规行长将被问责据中国之声《央广新闻》1月30日11时45分报道，关于银行收紧二套房贷款政策，日前有监管层发出指示，要求银行全面收紧二套房贷款政策，包括所谓改善型住房在内的所有二套房均要执行首付四成的比例，一旦出现违规，行长将被问责。监管层是在最近召开的一次形势会议上对于今年的信贷政策进行了明确定调，其中调整个人房贷和开发贷是今年的重点工作。而对于此前有部分银行对于改善型住房还存在界定不清的情况，监管层明确表态，无论是不是改善型住房，只要是二套房就一律要实行首付四成的比例。一直以来，高息揽储、贷款直接流向股市是银行业的两条高压红线，而此次对于二套房贷款政策的严控程度，已经可以算是第三条红线了。二套房首付四成的比例是铁定的，各家银行都不能触线。如果违规，将直接找行长进行问责。虽然此前也有消息称，不少银行借政策空当低首付抢个贷客源，但日前有媒体以购房者身份咨询了几个主要的银行，就发现目前申请二套房商业贷款首付比例都已提至四成，而即使是通过相熟的按揭公司，也无法申请到低于四成的首付比例。现在大部分银行依然有二套房的利率优惠政策，优惠幅度从10%到29.9%不等。比如中国银行要求首付4成目前利率政策未明；农业银行首付4成基本利率下浮29.9%，还有改善型住房优惠；工商银行4成基本利率上浮10%，有改善型住房优惠；建设银行4成基本利率，有改善型住房优惠。对此，,银行方面解释称，监管层方面的指导思想是在四成首付比例之下，具体利率按照市场化定价来确定。这种方式更加科学，银行会根据自己的情况以及客户对于银行的贡献度来确定最终的利率。不过，也有银行表示，如果在目前基准利率表基础上打七折，则年息为4.158%，而目前中等银行的资金成本情况已经接近4%，银行做七折房贷业务已经是微利。(记者梁盛)我要评论",4,1,0.7086529731750488
银行间房产信托基金开闸在即由中国人民银行起草的《银行间债券市场房地产信托受益券发行管理办法》(以下简称管理办法)目前正在征求意见，并将于近期开展试点。这意味着由央行牵头的银行间市场房地产信托投资基金(REITs)即将开闸。消息人士7日向中国证券报记者透露，该管理办法规定，REITs的委托方为房产商，受托方为信托公司，并通过信托公司在银行间市场发行房地产信托受益券。受益券为固定收益产品。在受益券到期时，委托人或第三方应当按照合同约定的价格收购受益券。管理办法第十一条“信托财产及其登记”中明确，被委托的地产物业应当已经投入使用，具有稳定现金流，并按照住房和城乡建设主管部门的有关规定办理房地产信托登记。第十三条“收益来源”规定，房地产信托收益由房地产物业租金收入和处分房地产物业所得构成。锦天城律师事务所高级合伙人王祚君律师指出，管理办法规定应当办理房地产信托登记。而与管理办法配套的《房地产信托登记暂行办法》第四条规定房地产信托登记，是将“信托房地产”作为房地产所有权人。就是把信托房地产这个客体作为房地产的所有权人，直接违反我国民事法律及其基本理论，是不会为法学界和司法界所接受的。王祚君律师建议，房地产的所有权人应该是“房地产信托或房地产信托计划”，如同美国REITs中的“商业信托”，是一个与自然人一样的可以拥有财产权利的“人”，也如同香港“领汇房地产投资信托基金”中所有权人为“汇丰信托”。其次，第十一条、第十三条规定被委托的房地产物业“应当已经投入使用，具有稳定现金流”，收益来源包括物业租金。但如果物业租金兑付不了每年预期信托利益时该怎么办没有明确。此外，第九条明确了委托人或担保人有回购受益券的责任，但又在第十二条对委托人或担保人的回购网开一面，规定“委托人或第三方未能按信托合同约定收购受益券时，委托人处分信托财产的情形例外。”这就是说，委托人或担保人在信托到期时应当回购受益券，如果不回购，就处置物业。这就给委托方以很大的腾挪空间：如果房地产市场上涨，房产商可以回购物业赚取收益；如果暴跌，就可以选择不回购而是处置物业，让投资者承担损失。王祚君律师建议，应该让提供流动性支持的第三方为预期信托利益和回购受益券提供担保，让“流动性支持”作为“收益来源”之一。 （记者 高改芳）我要评论,4,1,0.9151937365531921
房屋征收与补偿条例征求意见结束新华社北京2月13日电 （记者陈菲）《国有土地上房屋征收与补偿条例（征求意见稿）》12日征求意见结束。记者13日从国务院法制办官方网站获悉，在15天内，共有13437人通过国务院法制办法规规章草案征集意见系统发表了意见。1月29日，国务院法制办正式公布了《国有土地上房屋征收与补偿条例（征求意见稿）》，向社会公众公开征求意见，征求意见截止日为2月12日，共15天。2007年10月1日起施行的《中华人民共和国物权法》规定：“为了公共利益的需要，依照法律规定的权限和程序可以征收集体所有的土地和单位、个人的房屋及其他不动产。”2007年8月30日，十届全国人大常委会第二十九次会议审议并通过了《全国人民代表大会常务委员会关于修改〈中华人民共和国城市房地产管理法〉的决定》，授权国务院就征收国有土地上单位、个人的房屋与拆迁补偿制定行政法规。据此，国务院法制办会同住房城乡建设部在多次征求各方面意见的基础上，经反复研究、修改，形成了征求意见稿。我要评论,4,7,0.647167444229126
南京被征地农民 上调保障待遇据新华社电(记者 邓华宁)南京市劳动和社会保障局日前发布消息，上调全市以下5类特殊群体的保障待遇：被征地农民；城镇无收入老居民；上世纪50年代退职人员、60年代初部分精减老职工和保养人员；支援“三线”建设部分回南京定居的“老军工”；原支边、插队(场)、下放人员。被征地农民的基本生活保障待遇按原标准的10%增发。我要评论,4,7,0.8556056022644043
何洁自曝还清解约欠款成自由身 省吃俭用当宅女 新浪娱乐讯 超女何洁去年8月与天娱正式解约，国内媒体爆料其签约北京奇异夸克公司后已于日前将与天娱解约欠款还清，过年期间她省吃俭用窝在家里变“宅女”。何洁自参加超女比赛后签约天娱出道以来，负面新闻不断，直至天娱安排何洁与郭敬明一起的那次洗心革面之旅后她终于因为不满提出解约。据北京媒体报道，何洁日前在接受采访时透露其与天娱解约官司的欠款已经全部还清。加盟北京奇异夸克公司后，何洁透露自己整个生活状态都发生了变化。或许是因为之前还债用了太多钱，现在过年她都是省吃俭用窝家家里当“宅女”，不买衣服不消费，就连吃饭都是经常跑去公司蹭饭。近日，何洁推出自制的中国式年画和贺卡，贺卡中的漫画形象也来自3月即将发行的何洁半自传体图文书，“何大宝”的漫画形象提前在媒体和公众面前曝光：扎着朝天辫，穿着红肚兜，笑得露出五颗牙齿，眼睛眯成了一条线，伴着象征吉祥如意的鲤鱼和荷花，恭祝大家招财进宝，虎年快乐。JZB/文我要评论,4,2,0.9980263113975525
美国男子驾私人飞机撞政府大楼一名男子美国当地时间18日驾驶一架小型飞机撞入美国国内税收署位于得克萨斯州首府奥斯汀的一处办公楼，造成2人死亡、13人受伤。事件令不少美国人回想起“9·11”。美国联邦调查局初步调查后认定驾驶员为软件工程师约瑟夫·斯塔克。奥斯汀市警方也表示，目前看来撞击事件与恐怖袭击无关。早有预谋网上留有“遗书”当地时间18日9时45分许，斯塔克驾驶他自己的单引擎PA -28“切罗基”型4座小飞机撞入奥斯汀国内税收署大楼，当时大楼内有近200人。美联社报道，斯塔克据信当场死亡。另外，救援人员在大楼内还找到一具尸体。至少有13人受伤，两人伤势严重。作为预警，美军派出两架F16战斗机在撞机发生地上空执行空中巡视任务。按美联社的说法，发动袭击前，斯塔克放火烧掉了自家房屋。事发前，斯塔克在互联网上留言3000多字，表明自己已无法控制怒火，必须实施撞楼计划。斯塔克在留言中不仅抨击国内税收署，还控诉一些政治人士、大公司犯下的“无法想象的罪行”，批评美国政府的救市计划。最后，他下结论说：“暴力不仅仅是这些问题的解决办法，更是唯一办法。”美联社认为，可以看出，斯塔克早已策划好这起撞楼事件。留言最后，斯塔克写下日期2月19日，签上自己的全名并加注1956年至2010年，意味着自己的出生及死亡年份。企业两遭税局勒令停业在留言中，斯塔克称，自己与国内税收署多次发生争执。他指责国内税收署使自己损失4万美元，令他“10年的心血付诸东流”。其间，他谈到自己两次开办公司、两次遭国内税收署“阻挠”的经历。1985年，斯塔克在加利福尼亚州科罗纳注册“威力工程股份有限公司”。但因其间一度未申报缴税，加州特许经营税委员会2000年勒令这家企业暂停营业。斯塔克1995年在加州林肯开办“软件系统服务公司”，但于2004年遭勒令停业。加州特许经营税委员会发言人丹尼丝·阿齐米说，斯塔克1996年至2002年没有缴纳加州州税，总计1153美元。斯塔克的解释是，第一次没有申报州税是因为手头没钱，第二次是因为报税时没有把前妻谢里尔的收入算在内。“为人正直，不抽烟，不喝酒”一些斯塔克的朋友对撞楼事件感到震惊。在他们眼中，斯塔克只是一个普通人，从未听到斯塔克谈论政治、税收或政府。美联社报道，斯塔克在上大学前就读米尔顿·赫希学校，这是一所孤儿学校。1975年至1977年，斯塔克在哈里斯堡地区社区学院就读，但没有毕业。平日里，塔斯克是奥斯汀民间摇滚乐队比利·埃利乐队的吉他手。帕姆·帕克是乐队另一名乐手的妻子，她说，大家只知道斯塔克是一个安静的父亲，每年都要去挪威一次，探望女儿和孙子孙女。乐队键盘师兼鼓手迈克尔·切尔扎说：“乔为人正直，不抽烟，不喝酒。他有才华，关心一些正常人关心的事情。我从不知道他处于某种崩溃的边缘。在一群人中，他是那种不爱说话的人。”记者手记拥有私人飞机他真的“无法生存下去”？一位美国记者说：“他(斯塔克)在网上说，现政府只救助大企业，像他这样的小业主难以生存，只能用暴力回答税务署。总之，他恨政府。”不过，这位记者也强调，斯塔克毕竟拥有自己的飞机和房产，未必真的像他自己说得那样无法生存下去。有不愿披露姓名的人士认为，斯塔克应当属于高收入人士。政府实施的对高收入者增税，以部分补贴中低收入人群医疗保险等的做法，激起了部分高收入人士的不满。这个事件显示，这种不满开始表面化。无独有偶暴力抗税旧案：炸毁大楼168人亡美国已发生过多起暴力抗税事件。1995年4月，纳税人蒂姆西·麦克维因不满税收制度而炸毁俄克拉何马州首府俄克拉何马城一幢联邦政府大楼，致使168人死亡，数百人受伤。2007年，家住新罕布什尔州普兰菲尔德镇的爱德华·布朗和妻子偷逃税款超过70万美元。布朗被法庭定罪后拒不出庭，在自家周围设置路障，与一伙支持者据守在自家高墙内，与当局武装对峙。我要评论,4,7,0.6128361225128174
节前存款准备金率上调冻死各银行 本报讯 （记者张兆瑞）第二套房贷严格执行“首付四成”，首套房贷取消七折优惠利率，这些在春节前仅仅被看做政府收紧房贷预期的行为，随着春节假期的延续，正在逐渐变为事实。记者近日从银行内部人士了解到，2010年春节后本市房贷收紧已成定局。从记者目前掌握的信息来看，中国银行、光大银行在春节前暂停“首套房贷七折利率优惠”并不是个体行为，天津其他一些股份制商业银行已经计划在春节后陆续跟进。某银行内部人士告诉记者，“春节后，最迟年中，七折利率肯定全部取消，因为确实没有额度了。”实际上，春节前一天，中国人民银行再次上调存款准备金率0.5个百分点，冻结资金大概3000亿元人民币，已经让银行信贷工作人员感到了寒意。但是出于竞争等原因，天津市目前还没有任何一家银行正式宣布完全取消了七折房贷利率优惠，但从记者私下了解到的执行情况看，现在还可以获得七折房贷的客户寥寥无几。而且更为肯定的是，全市各主要银行对于第二套房贷，现在完全从严执行“首付四成”的规定，但对于贷款利率上浮10%则要求较少。据上海市一些媒体报道，上海为了加强对投资、投机性购房的打压力度，可能上调“第三套房贷”的首付比例和贷款利率，甚至不排除停贷的可能。不过记者咨询了本市银行一些负责人，他们均表示对“第三套房贷”的提法不是很清楚，但现在本市仍是按照“风险定价”原则来进行房贷审批的。一位银行负责人告诉记者：“同等条件下，一个人贷款购买5套房子，肯定比贷款购买1套房子风险大，因此银行对于他的贷款条件审核肯定会更加严格。”     文章来源：渤海早报我要评论,4,1,0.9907394647598267
全国两会十大关注热点 十一届全国人大三次会议、全国政协十一届三次会议将分别于3月5日、3月3日在北京开幕。适值“后国际金融危机”时代的关键时期，一个个事关国计民生的议题摆在中国“两会”面前，其中有十大热点尤受关注。发展方式亟待转变中国经济在成功“保八”的同时，也面临着一些“烦恼”，如楼市泡沫、产能过剩、通胀压力等。复杂形势中，官方宏调重心悄然移向“调结构、防通胀”，加快发展方式转变这一主题更加凸显。日前于中共中央党校举办的省部级干部研讨班，胡锦涛、温家宝、习近平、李克强分别讲话，提及最多的字眼就是“转变”，胡锦涛一口气使用50多个“加快”，更是耐人寻味。楼市博弈尚待观察2009年各地房价普遍暴涨，打碎了众多“蜗居”者的安居梦想。民意汹涌之下，楼市不再仅是一个经济问题。新年伊始，中央和地方政府频频出招，力求稳定楼市。然抑制投资投机、加强监管、推进保障房建设等措施能否取得预期成效尚待观察。教育改革攻坚克难历时一年半，中国拟定了面向2020年的《国家中长期教育改革和发展规划纲要》，矢志由人口资源大国向人口资源强国迈进。据悉，纲要“问需于民”，已十余次易稿。日前，总理温家宝在中南海连续主持召开五次座谈会，再次就此“问计于民”。教育部将在“两会”前公布纲要，最后一次公开征询意见。“教改”这个老难题，势将在“两会”上引发新建言。医疗改革临近“中考”去年4月，中国新一轮医疗改革方案敲定，提出到2011年基本医疗保障制度全面覆盖城乡居民。而今医改临近“中考”，按照卫生部党组书记张茅的说法，中国还有1亿人没有任何医保。国务院本月初通过《公立医院改革试点的指导意见》，旨在寻找新的制度安排，让政府、医院和商家各行其责、各得其利。“选举法”第五次修改中国现行的人大代表“选举法”制定于1953年，1979年重新修订，而后又经历过4次修改。今年第五次修改有不少亮点，例如草案“一步到位”，提出实行城乡按相同人口比例选举人大代表、候选人应与选民见面等。人们期待，这部邓小平曾亲自主持制定的法律进一步完善，推动中国民主进程再迈一步。“暴力拆迁”寻求法治去年成都发生的拆迁户自焚事件，再次震动公众神经。北京大学五位学者联名呼吁解决“暴力拆迁”问题，国务院法制办很快回应，《城市房屋拆迁管理条例》修改工作被纳入官方议程。中国在城镇化进程中迎来了一次改变游戏规则的新机遇。网络问政成为“时尚”随着全国网民数量刷新到3.84亿，中国普兴网络问政，温家宝将在“两会”前再次与网民交谈，广东省委书记汪洋邀网民“拍砖”建言，上海市长韩正在网上推介世博会，中部安徽则首次将“网络问政”写入该省政府工作报告。政府通过网络集纳民意、民智，网民以留言、博客、微博等参政议政，这种平等、互动的交流方式成为中国政治生态中的新亮色。足球扫赌剑指反腐在中央高层密集表态支持足球发展之后，中国掀起了一场“扫赌风暴”。随着前中国足协副主席南勇、杨一民被刑事拘留，扫赌逐步升级为反腐。在多家网站的调查中，反腐倡廉仍居“两会”最受关注话题之首。世博续“举全国之力”胡锦涛主席指出，举办世博会，不仅是上海的大事，也是全国的大事；办好世博会，不仅是上海的责任，也是全国的责任。可以预见，中国在成功举办北京奥运会之后，将继续发挥体制优势，“举全国之力”办好世博会。中美关系全球关注金融危机阴霾未散之际，中美两国关系因贸易摩擦、人民币汇率、美售台武器、美总统奥巴马会见达赖喇嘛等陡生风云，透露出“后危机”时代大国关系的复杂走势。中美关系如何演绎，中国“两会”代表委员关心，全世界也都关注。综观十大热点，如果说应对国际金融危机是“治病”的过程，那么在“后危机”时代，中国需要做全面的“健身”运动。全球视野下，中国在“后危机”时代的表现同样值得关注。（来源：楚天金报）我要评论,4,7,0.9720130562782288
银监会：个人贷款要求面谈面签 昨天，银监会正式发布《流动资金贷款管理暂行办法》、《个人贷款管理暂行办法》。这两个办法与之前已经施行的《固定资产贷款管理暂行办法》和《项目融资业务指引》（并称“三个办法一个指引”），初步构建和完善了我国银行业金融机构的贷款业务法规框架，将作为我国银行业贷款风险监管的长期制度安排，标志着我国银行业信贷管理进入新的科学发展阶段。贷款需明确合法用途《个贷办法》明确规定，贷款人不得发放无指定用途的个人贷款。个人在提出贷款申请时，应当有明确合法的贷款用途。同时，贷款人应就借款人的借款用途进行尽职调查，有效防范个人贷款业务风险。同时，《个贷办法》要求执行贷款面谈面签制度，防止出现个人被不法分子冒名套取银行贷款，或借款人的信贷资金被他人冒领挪用。对通过电子银行渠道发放的低风险个人质押贷款的情形，贷款人可以不进行贷款面谈，但至少应当采取有效措施确定借款人的真实身份。同时，除电子银行渠道办理的贷款，贷款人应要求借款人当面签订借款合同及其他相关文件。采用贷款人受托支付《个贷办法》还规定，除特殊情形外，个人贷款资金应当采用贷款人受托支付方式向借款人交易对象支付，即由贷款人根据借款人的提款申请和支付委托，将贷款资金支付给符合合同约定用途的借款人交易对象。并要求贷款人应在贷款资金发放前审核借款人相关交易资料和凭证是否符合合同约定条件，在支付后做好有关细节的认定记录。采用贷款人受托支付的例外情形，主要包括：一是借款人无法事先确定具体交易对象且金额不超过三十万元人民币；二是借款人交易对象不具备条件有效使用非现金结算方式。上述个人贷款，经贷款人同意可以采取借款人自主支付方式。此外，考虑个体经营贷款与个人消费贷款在实践中存在一些差别，个体经营户在商品生产和交易过程中，通常事先不确定交易对象且现买现付。对此，《个贷办法》作出以下特别规定：一是明确贷款资金用于生产经营且金额不超过50万元人民币的，可以采用借款人自主支付方式；二是规定个体工商户和农村承包经营户申请个人贷款用于生产经营且金额超过50万元人民币的，可以按贷款用途适用相关贷款管理办法的规定。我要评论,4,1,0.7040505409240723
香港酒店超卖现象长假再现     旅游业议会总干事董耀中表示，该会在新春期间收到2宗涉及酒店“超卖”的查询，有团队旅客指原定入住的酒店没有足够房间，导致旅行团被迫“拆团”，部分团员需入住其他酒店，“是酒店超卖(超收散客)房间，是酒店的问题，不关旅行社的事。”董耀中说，酒店“超卖”情况绝迹数年今年重临，已经跟酒店业界人士联络，提醒酒店不要超卖房间。    位于旺角弥敦道的活年旅馆，在农历新年档期的房租加价逾13%，单人房由平日每晚220元加至250元，双人房由每晚290元加价至330元，但本月14日至20日(年初一至初七)出租情况仍然天天“爆满”。旅馆负责人高诚浩表示，新春期间入住的旅客几乎全部是内地客，当中包括个人游及经商旅客，“我们不会胡乱加价，以免赶客。”为吸引要求愈来愈高的内地客，旅馆早于2年前提升设备及服务，除了提供Wi-Fi上网服务外，旅馆内的电视可收看内地客最爱的中央台及凤凰卫视。我要评论,4,7,0.9968051910400391
李泽楷寓所遭港警搜查 据香港《明报》报道，香港警方日前搜查了电讯盈科主席李泽楷在香港多达3个寓所及富通保险等多家公司，过程中李泽楷并不在场。电盈私有化在去年4月被上诉庭法官否决，并指有人明显操纵投票。事隔快一年，警方最近就此案展开全方位调查。供图 CFP （来源：北京日报）我要评论,4,7,0.9268565773963928
艺术家方力钧成都买房要建工作室(图) 著名当代艺术家方力钧在蓉买房过春节，周春芽筹划两人举办联展近年来，不断有成都当代艺术家去北京或上海发展，对成都这座中国当代艺术重镇来说，算是个尴尬。昨日，著名艺术家周春芽向本报记者透露，他的好朋友、“中国当代艺术F4”之一的方力钧刚在成都买了一套房子，今年春节，方力钧就是带着全家人来蓉过的年。据周春芽介绍，大年三十晚上，方力钧和周春芽两家人在周春芽的新蓝顶工作室一起度过，包饺子、看春晚、放烟火，过了一个其乐融融的幸福除夕夜。据了解，以“光头泼皮”系列绘画走红的方力钧不仅仅有在成都修身养性的打算，他还计划在这里修建属于自己的工作室，办画展……方力钧来蓉悄然在成都买房置地方力钧上一次来成都是2009年国庆节，成都龙泉驿区洛带古镇举行了一场名为“‘极地张力’———北京、上海、成都三地当代艺术名家邀请展”，他带来了一幅巨画《漩涡》曾引起很大轰动。当时，方力钧在接受记者采访时就对成都的艺术环境赞不绝口，他说：“成都的当代艺术越来越受到重视，这能影响到艺术家的创作。”没想到不到半年，方力钧就悄悄地在成都南门的桐梓林买了一套200平方米左右的二手房，周春芽说：“因为我的家也在那边，两家人相互有个照应，而且这里很热闹，生活特别方便。”买了房子之后已临近2010年农历新年，方力钧夫妇索性将双方父母、小孩及保姆近十人一起接到了成都，一家人决定第一次在成都过个热闹的春节。周春芽做东两家人包饺子团年大年三十的时候，周春芽邀请方力钧一家到他在新蓝顶的家中包饺子团年。周春芽说：“我也考虑过请他到餐厅去吃年夜饭，但考虑到方力钧一家人都是北方人，对他们来讲，大年三十吃顿饺子是最正宗的过年方式。”对于这次方力钧“南迁”的原因，周春芽说：“他是一个很热爱生活的人，所以特别喜欢成都，他觉得成都这个城市相当适合生活，节奏不是那么快，好玩的地方又很多。他每次来成都都玩得很开心，玩到最后就有点不想走了。”过完年，方力钧又带着家人去峨眉山游山玩水，之后，他还委托成都著名建筑设计师刘家琨为他物色合适的地方，准备在成都修建自己的艺术工作室。周春芽介绍，今后方力钧会把自己的工作重心向成都转移，他打算要在这里创作出更多更好的作品，“我们两个联手在成都办次展览也是很有可能的。”艺术家交流成都艺术环境还需提升方力钧来蓉对成都本土的当代艺术氛围产生哪些影响？周春芽说：“他的确是第一个来成都发展的重量级艺术家，这对成都的当代艺术发展有着积极促进作用，这是一个信号，方力钧之后应该会有越来越多的艺术家来到成都。”周春芽认为，成都是一个艺术氛围浓厚的城市，它悠闲的生活节奏、周边的自然风光，这些都是吸引艺术家来成都的重要缘由。“但是要想让更多的艺术家来成都开工作室，甚至是定居，成都需要提升的地方还有很多，比如要举办更多有影响力的艺术节、综合性艺术展览或者有更多的高质量的美术馆。”周春芽也强调，艺术最重要的精神之一就是流动和自由，艺术家在哪里定居不是最重要的，我们成都的艺术家可以出川，外面的艺术家也可以到我们成都来。“我们成都也要有一个开放自由的姿态，有人出去不要紧张，有人进来也不要激动，而是要真正在提升自己的综合实力上下功夫，真正提升我们成都的艺术品位。”记者杨帆实习记者张杰(本文来源：华西都市报)我要评论,4,1,0.8851245641708374
世界最具吸引力城市：上海排第二 伦敦居首据俄罗斯媒体报道，在2月21日公布的“世界最具吸引力”城市排行榜中，英国伦敦位居榜首，排名第二的是中国上海。而曾在经济危机爆发前排名第3位的纽约这次则下滑至第10位。这份榜单是法国巴黎大区投资促进协会在毕马威咨询公司的参与下制定的。排名基于对各国500名商界代表的调查以及去年的各国企业投资数据，这一数据参考了毕马威咨询公司在过去5年间分析的一些指标。受访者称，最重要的评定标准是政治稳定性、法律安全性以及城市经济状况。据悉，伦敦在2009年实施或者部分实施了270个投资项目。除了多数客观指标排名第一以外，伦敦还因深得商业人士的厚爱而高居榜首。在调查中，42%的受访者称伦敦是最具吸引力的国家首都。在这份榜单中排名第2的是中国上海。据悉，在某些指标上，上海甚至超过了英国首都伦敦，比如它拥有的现代化研究中心数量和写字楼数量等。此外，进入前10名的还有另外两个中国城市：香港（第3位）和北京（第5位）。俄罗斯首都莫斯科名列第6位。俄媒体对此认为并不令人奇怪，因为投资者过去几年来一直极度愿意向中国投资。商界代表认为，在未来几年内，孟买等另一些亚洲城市也可能进入这份榜单的前几名，从而把榜单上的欧洲城市排挤出去。除伦敦外，欧洲城市中只有巴黎入围榜单前5名。原因有二：第一，在经济危机期间投资额几乎没有减少；第二，商界代表们认为，由于政治稳定、生活水平高、基础设施极为发达，巴黎仍具有相当大的吸引力。新闻晨报我要评论,4,5,0.9778431057929993
80后众奴缠身变身年清族 中新社惠州2月23日电 房奴、卡奴、车奴、孩奴……众“奴”缠身的“80后”，在春节过后又给自己扣上了一顶新帽子——节奴。节奴，指因春节等重大节日消费、交际而饱受压力的人。早已被生活费、按揭费、通讯费、水电煤气费、孩子的奶粉尿布费压得气喘吁吁的“80后”众“奴”缠身。而原本应该喜气洋洋的春节也被当成了“春劫”，高昂的人情节费让“80后”变成了“年清族”。不少网友上班第一天就纷纷在网上晒自己的春节账单。节日的巨大开支令年轻白领叫苦不迭。在广东惠州一事业单位上班的曾先生告诉记者，迫于家庭观念的压力，他在2009年终于踏上了房奴和车奴的行列，每月要交2700元的房贷，养车一个月要1000元左右，加上平时的花销，每个月基本上都是“月光族”。过年回家，车票、无数的红包、绵绵不断的酒席，很快把微薄的年终奖也花光了，整个一“年清族”。网友心碎乌托邦无奈地表示，自己开始明白了一年一度的春节，为何有人欢喜有人忧，甚至患上“恐年症”。一个春节下来花掉了自己半年的积蓄，年后的日子只能勒紧裤腰带来过活了。一些人为避免成为“节奴”而不得不加入“恐归族”，留在单位值班，宁可不休息，也不回家做节奴。“在读小学时，大学不要钱，读大学时，小学不要钱。没上大学时，大学生是天之骄子，大学毕业后，大学生跟农民工一个价；以前房子是靠分配，现在房价高得令人咂舌。‘80后’基本上是独身子女，以前是几个子女养一个老人，现在是一个子女养几个老人。孩子读书，连个幼儿园都要几万块钱的赞助费。读书、就业、买房、赡养老人，抚养子女，我们比前人承受了更大的竞争、生存压力。”不少“80后”发出了这样的感言。工资永远赶不上房价的上涨速度，却要不惜一切地沦为房奴；自己省吃俭用，也要让孩子吃好的，穿名牌，心甘情愿当孩奴；经济条件不好，也忍不住想在各种节日庆祝一番，辛辛苦苦挣来的钱就像放爆竹一样可劲挥霍，最终变成了节奴。“奴现象”在“80后”群体中的泛滥，不得不引人深思。“80后”，真的要过得这么沉重吗?对此，专家分析，“80后”变身为“奴”，大多是过度膨胀的虚荣心作怪。凡事要讲究量入为出、量力而行，不要打肿脸充胖子，造成消费方式畸形。专家呼吁“80后”要通过自身的努力和奋发图强改变生活困境、提升生活质量，改变“奴”字加身、自怨自艾的状况。我要评论,4,6,0.2627062201499939
香港百万富豪近两成生于内地 深港记者黎媛报道昨日下午，香港花旗银行发布最新的“百万富翁调查报告”。人口刚超过700万的香港，已拥有近40万个流动资产超过100万港元、总资产近千万的富豪。其中18%的百万富豪生于内地，花旗银行环球个人银行服务副总经理周永赞指出，随着内地经济越来越好，预计香港的百万富翁中，内地出生的人数比例将进一步增加。花旗银行委托香港城市大学通过电话访问，抽样调查了超过6600位香港居民。由于股市、房产投资市场畅旺，去年，香港拥有超过百万港元流动资产的富豪达39.4万人，比前年增加4.6万人。这些富豪平均流动资产为380万港元，平均总资产则为950万港元。家庭主妇、退休人士占据了香港富豪的半数：富豪中52%为女性，平均年龄达到51岁，其中40岁以上的富豪更占了77%。周永赞表示，过去7年里，香港百万富翁的人数变化和恒生指数的变化有很高的相关性。八成受访富豪选择把流动资产放在股市里。但这些富豪“入市”意欲逐步下降，仅35%的受访富豪对今年股市感到乐观，12%的受访富豪今年有购楼的意愿，主要是因为在去年市场快速上升后，这些富豪预期今年投资市场的升幅不会很大。我要评论,4,1,0.9407772421836853
东方夏威夷垂钓大赛暨盛世中华游园会落幕(组图)主持人：尊敬的各位来宾、先生们、女士们，大家下午好。在这个秋风和煦的季节，在国庆与中秋双节共度之际，因为心中的一份优雅，因为心中的一份浪漫，因为心中那个温馨而多情的东方夏威夷，我们与您相聚在“在海边等你东方夏威夷人文垂钓大赛暨2009盛世中华游园会”，共同度过一个愉快的国庆节。首先，我代表本次活动主办方东方夏威夷向各位来宾致以诚挚的问候，感谢大家相聚在此，共同分享东方夏威夷湛蓝的天，蔚蓝的海。今天，在优雅的东方夏威夷园林，这里将举行一场东方夏威夷人文垂钓大赛。在垂钓比赛开始之前，我谨代表活动主办方东方夏威夷宣布一下比赛的规则：今天的比赛将依据我们东方夏威夷的传统，依次决出：渔民奖、渔夫奖、渔王奖。我们今天垂钓比赛的时间为两个小时二十五分钟，从13：35开始，一直持续到16：00结束。但是请各位参赛选手注意的是：所有参赛选手的鱼必须在16：00之前全部称完。在垂钓比赛进行的同时，我们的园区内的盛世中华游园会活动也同步开放，不参加垂钓比赛的来宾，可以参与游园活动，并赢取一份精美礼品。而舞台区也会举办一些参与性非常强的互动游戏，每个互动游戏都会有精美惊喜奖品等着你，希望大家踊跃参与。那么现在我代表活动主办方宣布“东方夏威夷人文垂钓大赛”现在开始。主持人：尊敬的各位来宾，亲爱的女士们、先生们，大家下午好。非常高兴在这个秋风和煦的季节，在国庆与中秋双节共度之际，和各位相约在美丽的东方夏威夷。也非常高兴能够与您相聚在“在海边等你东方夏威夷人文垂钓大赛暨2009盛世中华游园会”共同度过一个愉快的下午。我们的人文垂钓大赛的比赛时间刚刚结束，在我们正式开始颁奖之前，让我们掌声有请兴达房地产开发有限公司总经理赵赞君先生致词。有请赵总。赵赞君：尊敬的各位女士、先生们，各位新老业主大家下午好，首先感谢大家参加东方夏威夷人文垂钓大赛暨2009盛世中华游园会，在此我谨代表兴达集团感谢各位一直以来对我们的关心，我们将以更好的产品回报各位。在举国同庆之时，我祝大家万事如意，心想事成，玩得开心。谢谢大家！主持人：刚才赵总提到了都是我们新老业主们参加我们的活动，我们也一同见证了东方夏威夷近几年来的发展，可以看到我们的家越来越大，越来越漂亮。接下来有请兴达房地产技术开发有限公司技术部工程师王月先生做夏威夷南岸项目推介。王月：本项目与夏威夷小区一路之隔，西侧与中央美院一墙之隔，规划用地面积是10.15公顷，大概约为152亩，夏威夷南岸项目是我们公司又一重磅力作。这个项目设计的产品，经过多方的论证，反复的规划、调整，多户型的比较与认真细致的研究，终于推出了夏威夷南岸项目的规划设计。本项目形成了高低错落的城市天梯线，建筑风格沿用了非常成熟的夏威夷小区的建筑风格，并在此基础上进行了大胆的调整与创新，形成了简约的古典风格。我们的大堂进行了精装修的设计，高档、豪华，同时在小区内设有地下车库，建筑面积约为2.1万平方米，有2834户业主可以从地下车库直接回到家中。我们的户门采用了防盗、防火、隔热、隔音等设计。夏威夷南区园林景观设计以东南亚园林景观风格为主，打造东南亚景观慢生活社区，使人们每天都生活在度假的氛围里。雕塑是具有东南亚当地特色的风情，营造一种神秘慵懒的气息。夏威夷南岸就是将这些意境融入到园林景观设计中，营造了一种远离城市喧嚣的自然舒缓的东南亚风情健康自然园林的景观设计。夏威夷南区是我们兴达集团重磅打造的又一高级产品，处处为业主着想。从每个房间的尺度到户型的整体布局，从门窗的保温性能到环境景观的细微变化，等等，我们竭尽全力打造了高品质的生活社区，每次产品的推出都是兴达人全体员工的辛勤结晶。兴达人永远的目标就是打造出更适合居住的精品。谢谢大家！主持人：谢谢王先生为我们介绍了夏威夷南岸，夏威夷南岸是非常美丽适合我们居住的地方。我们今天活动的主题是人文垂钓大赛。接下来回到我们的主题上来。刚才在下午的时候，宣布比赛开始之前，宣布我们分为三种不同的奖项。接下来我们要颁发的是渔民奖，是选择我们所有参赛选手中垂钓鱼数最多的朋友就可以拿到我们的渔民奖，我们取前三位选手。下面看一下我们的奖品，是价格1000元的格兰仕微波炉。D座262的朋友许继东先生，一共垂钓到47条鱼。71095的朋友，一共垂钓到97条鱼。请柬369号的朋友，垂钓到128条鱼。下面掌声有请夏威夷物业管理有限公司总经理孙杰先生为我们颁发渔民奖。再次掌声送给三位，谢谢你们。劳动最光荣，通过自己的劳动获得了奖品。今天有很多朋友来我们这里是参加垂钓大赛的，当然更多的朋友是参与我们的游园活动。所以说对于各位来讲，就是我们接下来的抽奖，抽取五等奖十名，有请礼仪小姐把抽奖箱拿到台上来。现在，台下的观众朋友我希望各位把自己手中的请柬赶快翻出来，我们要抽取十位朋友，他们将获得价值500元的I—phone。第一位是编号705的朋友。下一位是编号1010的朋友。下一位是编号0344的朋友。编号是1169的朋友，编号是1192的朋友，编号是1171的朋友，下一位是编号0563的朋友，接下来是编号0407的朋友，编号分别是0783的朋友和编号0516的朋友。请各位站成一排。接下来的时间有请兴达房地产开发有限公司销售三部经理庄殿楠先生和王艳丽女士上台为我们颁奖。再次感谢我们的颁奖嘉宾，谢谢！接下来我们要颁的是渔夫奖。刚才在比赛之前已经说过了，我们可以颁给钓鱼鱼的重量最多的前两位朋友。究竟我们这一届东方夏威夷人文垂钓2009大赛谁会获得我们渔夫奖的第一名和第二名？首先告诉各位这两位选手身手不凡，我们排在第二名的成绩，他一共钓到了26.4公斤的鱼，他究竟是谁呢？请柬710号的朋友。掌声有请！他分别摘得了渔夫奖和渔民奖。接下来颁发渔夫奖最棒的选手，就是今天所钓到的所有战利品称重最重的业主丁—3号业主，他的成绩是85公斤。有请颁奖嘉宾兴达房地产开发有限公司营销总监李小龙先生。奖品是2800元的西门子洗衣机一台。恭喜！接下来我们要抽取的是四等奖，一共有八位幸运的朋友。0176号的朋友、1074号的朋友、1434号的朋友、0332号的朋友、0290号的朋友、0143号的朋友、0662号的朋友、1002号的朋友。你们将要获得的是价值1000元的飞利浦吸尘器一台。我们将请出颁奖嘉宾：兴达房地产开发有限公司销售二部经理黄芳琴女士和喻晓玲女士。再次恭喜你们！再次感谢我们两位颁奖嘉宾，同时恭喜台下的八位朋友。接下来我们要颁发的就是渔王奖。渔王奖可以说是今天最值得期待的奖项了，稍候我们渔王也会在现场展示他的战利品。我们首先要告诉各位的是渔王奖的奖品是5000元的42寸等离子电视一台。究竟谁会成为我们今天的渔王呢？他的成绩是单条鱼的重量是7.9公斤。这位朋友是我们的业主商E—12号的朋友。有请这位业主！接下来有请颁奖嘉宾：兴达房地产开发有限公司总经理赵赞君。有请赵总和我们的渔王合影留念。在认识我们今年的渔王之后，将要进行的是我们今天第三等奖的抽奖了。接下来三等奖会有五名幸运的朋友产生，他们将要获得的是价值1500元的飞利浦音响一套。1088号的朋友、0424号的朋友、0438号的朋友、0333号的朋友、0922号的朋友。接下来有请我们的颁奖嘉宾：兴达房地产开发有限公司销售一部经理高宁女士和王锐女士。再次感谢我们的两位颁奖嘉宾！接下来抽取我们的二等奖的朋友，他们将要获得的是价值2000元的诺基亚E66手机。1041号的朋友、0254号的朋友。有请兴达房地产开发有限公司营销策划部经理张琦先生为他们颁奖。再次恭喜两位！现在就是我们非常期待的最后一个环节，我们要抽出今天晚上最幸运的那位朋友，他将获得的是价值3000元的索尼T900照相机一台。恭喜0072号的朋友。有请兴达房地产开发有限公司工程部副总经理姜宝利先生颁奖。再次感谢姜总，也恭喜这位女士。感谢各位尊贵的来宾，与我们在东方夏威夷共同度过这个愉悦的下午，虽然我们无法阻挡时间的流逝，但我们可以主宰自己的心情，有我们对致雅、华丽生活的感触，更有我们对未来生活的渴望，在这里，我们将开启一段尊崇无上的私人海域传奇，我们深深相信在不久的将来，在眼前这座美丽的海上宫殿，我们将会拥有更加美好的生活。最后，我们再次感谢所有贵宾的光临，感谢您对东方夏威夷的支持！,4,9,0.46762746572494507
"大佬力挺 房地产基金热启动每经记者 刘建辉 发自北京尽管目前各界对于国内房地产市场是否已经出现转暖的 “拐点”仍有颇多争议，但是，这并不妨碍许多外资开始募集房地产投资基金跃跃欲试投资国内房地产市场，其中有些项目已接近达成交易。前天同时有两个关于房地产市场的峰会分别在北京和上海举行。《每日经济新闻》采访了一些参会的业内人士，对当前的市场形势纷纷发表看法。此外，一些企业已经用行动表明了“抄底”的决心。华远地产(企业专区,旗下楼盘)董事长任志强(任志强博客)：近期虽然部分楼盘提高了售价，但区域的涨价不代表整体的恢复。在经济整体形势还没有见底的情况下，楼市很难说已经开始回暖。现在去库存化还没有完成，开发商有大量土地、在建、现房库存。SOHO中国(企业专区,旗下楼盘)董事长潘石屹(潘石屹博客)：SOHO中国未来数月将携200亿资金大举收购北京及上海的商业物业。SOHO中国CEO张欣：尽管目前未必是市场的最低点，但却是入市的好时机。急于出售的物业主要来自海外基金以及部分国内开发商。东亚银行中国副行长林志民：3月份按揭贷款的申请比2月份翻一番，说明房地产市场在慢慢回暖。各家银行在个人购房按揭贷款方面也已经展开了激烈竞争。由于政策的滞后效应，房地产市场将会在下半年有很大的发展。私募基金ColonyCapitalAsia董事总经理刘彦?：在过去的两、三年里，凡是在中国投资地产的基金，无论是黑石、凯雷，还是大摩等，目前都面临着亏损。主要原因是募资成本较高、所收购物业价格下跌。摩根大通亚太证券部董事总经理李晶：去年年底以来，有外资基金抛售在华物业。这主要是自身财务状况的问题或寻找新的投资机会，而并非看淡中国市场。中海发展副主席郝建民：计划成立一个5亿~8亿美元规模的不动产基金，以投资内地房地产市场。公司致力于利用其主导地位来吸引国际投资者，反响不错。中海地产(企业专区,旗下楼盘)主席孔庆平：中海即将在年内成立的基金属于并购类型，这不仅是一个融资的渠道，也可以通过此基金购买新的住宅土地。加拿大置地董事长叶树林：将成立一个 “加置中国房地产机遇基金”，寻求各种房地产投资机遇。中国房地产市场已经呈现出近年来、甚至是历史上最有利可图的投资机会。世邦魏理仕(世邦魏理仕博客)北京分公司董事总经理尹宝军：今年以来，外资对投资内地房地产市场的热情明显比去年恢复了很多。一些外资开始看一些具体的投资项目，经过3个月的考察，目前已经圈定了部分投资项目，预计4、5月份就会有大宗交易达成。这些项目基本都是位于北京、上海等一线城市比较成熟的物业，相对于2007年以前一、二线城市同时发热的情况，目前外资对于内地房地产市场仍属于谨慎乐观。上海易居(易居博客)房地产研究院综合研究部部长杨红旭(杨红旭博客)：海外基金现在对内地楼市的态度有所分化，观望的多，真正下手的少。总体来说，在全球流动性不断增加的情况下，由于中国经济增幅依然是全球最好的，所以外资还是愿意来中国，楼市依然是一个投资方向。一些房地产投资基金的募集估计在为楼市下一轮上升期投资做准备。新加坡房地产基金管理公司ARA资产管理集团透露，预计今年在中国房地产市场的投资将逾100亿元。新加坡的凯德置地(企业专区,旗下楼盘)也在去年市场被普遍看低的时候设立了一个10亿美元的私募基金，用于投资国内的综合用途商业地产。金地集团(企业专区,旗下楼盘)也曾透露，将与瑞银合作设立房地产基金。按照金地的计划，该房地产基金的首期募资为2亿～3亿美元。 我要评论",4,1,0.8253448009490967
英少年登顶七大洲最高峰 成最年轻征服者英国少年乔治·阿特金森26日成功登顶珠穆朗玛峰，成为七大洲最高峰最年轻的征服者。29日是他17岁生日。破纪录英国徒步旅行组织“冒险山峰”在网站上发布声明说，阿特金森26日与另外17名登山者一起，成功登上珠峰之巅。英国登山委员会确认，阿特金森登顶当日年龄为16岁又362天，打破美国人约翰尼·柯林森17岁又296天完成征服七大洲最高峰的纪录，成为七座高峰最年轻的征服者。“冒险山峰”网站说：“乔治·阿特金森打破世界纪录，成为七座高峰最年轻的征服者。真是一项惊人的成就。”阿特金森的母亲彭妮在阿特金森的博客上写道：“乔治做到了，他在尼泊尔时间(26日)上午8时15分登顶……听起来那里天气挺好。”“感谢帮助乔治实现梦想的每一个人，”彭妮说，“现在让我儿子安全下山吧。”爱登山阿特金森家住英国瑟比顿。他的登山爱好源于父亲马克。他先前接受英国广播公司(BBC)采访时说：“父亲让我喜欢上登山。我六岁时，我们一起攀登北爱尔兰最高山峰多纳德山。那样做是因为我们想找一些需要一起做的事情。我相当喜欢登山。”阿特金森七岁前征服了苏格兰、英格兰和威尔士地区最高峰：本尼维斯山、斯科费尔峰和斯诺登尼亚。小家伙11岁开始攀登七大洲最高峰的征程，第一个目标是非洲最高峰乞力马扎罗山，13岁时登上欧洲厄尔布鲁士山，14岁生日前不久登顶大洋洲查亚峰，随后征服南美洲阿空加瓜山和南极洲文森山。2010年7月12日，时年15岁的阿特金森登顶北美洲最高峰迪纳利山。攀登珠峰前，阿特金森保持一周跑步两次、健身房锻炼三次的运动量，以增加肺活量。享挑战阿特金森说，热爱登山还有其他一些动力因素，“我喜欢每一座山，在山上，我有一种奇特的自由感”。他说：“我喜欢生活中有所挑战，七座高峰就是其中之一。我觉得去国外攀登这些山峰是一种好的冒险，也是一个环游世界的良机。”征服多座高峰后，阿特金森对北美洲迪纳利山印象深刻。他说，迪纳利山是目前为止感觉攀登过程最艰难的山，全程比较紧张。“18天都生活在这样的环境下，踩在冰川上，大雪似乎要卷走征程需要的所有东西，你必须把那些拽回来……体力上感觉更艰难，天气情况更极端。”(记者：黄敏),5,9,0.7916126847267151
教育部今秋对合作办学境外文凭实行注册制北京考试报讯(记者 安 坤)  记者从教育部获悉，从今年9月起，教育部将对本科以上层次中外合作办学学生获得的境外学历学位证书认证实行严格的注册制度。据介绍，今后所有通过中外合作办学取得的境外本科以上学历学位文凭证书的认证，事先都需经认证注册。教育部为此建立了中外合作办学学历学位认证注册系统，并依托教育部教育涉外监管信息网(www.jsj.edu.cn) 试运行。目前，教育部还在积极筹建本科以上层次中外合作办学颁发境外学历学位证书认证注册信息库，已完成自2008年9月以来20家机构和68个项目，共计14553名学生境外学历学位证书认证信息注册工作。今年下半年，教育部还将通过教育涉外监管信息网开通境外学历学位证书认证信息注册公开查询功能。学生可凭本人姓名、身份证号码查询本人境外学历学位证书认证注册信息。教育部有关部门负责人指出，根据前一阶段开展信息注册的情况，发现部分中外合作办学机构或项目存在超出经审批机关批准的招生计划人数招生、自行更换招生专业或增设颁发境外学历学位专业、自行增发境外学历学位证书等问题。还有个别单位未依法取得中外合作办学资格，违规招收颁发境外学历学位证书的学生。教育部要求相关单位按照法规政策进行整改，补报或补办相关材料和手续。该负责人强调，学生就读期间，若注册信息发生变动，中方合作办学者须及时将变动情况报经所在地省级教育行政部门审核后上报更改。属于关键信息变更的，还须提供相关证明材料。,5,7,0.5906274914741516
美92岁双胞胎兄弟感情深“同生共死”(图)中新网6月6日电 综合媒体6日报道，美国一对双胞胎兄弟生活了将近一个世纪，见证了许多历史变迁，92年前，他们相隔几秒出生，从小到大，感情都非常好。92年后，两人也在同一天过世，前后只相隔几小时，连死因都一样，委实兄弟情深。报道称，这对双胞胎兄弟朱利安•里斯特和艾德里安•里斯特(Julian & Adrian Riester)是在1919年3月27号出生的，他们从小开始，就形影不离。不管是上学、工作、传教，都在一起。兄弟俩年轻时加入天主教方济会，过去65年来都在纽约州西部的圣文德大学服务。两人的朋友表示，兄弟俩的感情确实非常好，相互扶持走过近百年。不过大家只知道他们是孪生，但始终搞不清楚谁是哥哥，谁是弟弟。据报道，他们一生只分开过两次，一次是1946到1951年，两人分别被派驻到曼哈坦和波士顿，另一次是20世纪50年代被分派到水牛城地区不同地点。1956年以后，就再也没有分开过。两人在2008年，从纽约移居到佛罗里达州养老。2011年的6月1日，两人均因心脏衰竭而去世，前后相差只有几个小时时间。,5,9,0.9772036075592041
“祖父级”莱卡相机拍出百万英镑(组图)全球各地的拍卖市场上永远都不乏奇特且让人咋舌的宝贝。日前，法国和英国的两家拍卖行分别拍出两件吸引众人眼球的物品：一件是法兰西第一帝国皇帝拿破仑上英文课时的手稿；一件是价值连城的古董级莱卡相机。下面让我们来一睹为快！拿破仑昔日英语学习笔记被拍卖 月底与公众见面拿破仑作为一位帝王、一名战争英雄、一位有着浪漫之心的丈夫而被人们熟知。日前，一份属于这位意气风、发驰骋沙场的帝王的手稿，以9.3万欧元(约合88万人民币)的价格在法国成交，让人们能够有机会一睹当年这位帝王学习英语时的“风范”。据法新社6月6日消息，5日被拍卖的这份属于拿破仑的英语课手稿，是他当年被放逐到南太平洋圣赫勒拿岛后第一节英语课的笔记，上面有三句由法语和英语写成的句子和一些图示。这三句话分别是：“谁来了”、“他们有多少人”以及“你好”。这份手稿的买家是法国巴黎一家私人博物馆。这家博物馆表示，将于6月21日向公众展出该手稿。这家私人博物馆当天还以5.3万欧元的价格购得了拿破仑回忆录的一份副本。回忆录同样也是拿破仑在圣赫勒拿岛时写的，上面记载了他如何在1796年的如阿尔科(Arcole)战役中大获全胜。这份20页的回忆录共有数份副本，真迹目前存于法国档案馆。拿破仑在滑铁卢一役中被反法联军击败，随后于1815年6月被放逐到圣赫勒拿岛，该回忆录就是他在1817年到1820年期间所写的。“祖父级”莱卡相机创纪录 拍出百万英镑英国《每日邮报》6月6日报道，一台88岁“高龄”的德国产莱卡相机，近日以创纪录的100万英镑(约合1062万人民币)拍出。更令人惊讶的是，这台古董级相机的状态依然良好，能够正常拍摄。负责拍卖的卫斯里特拍卖公司称，这台罕见的照相机属于1923年出厂的莱卡“0系列”照相机，是这一德国品牌开始进行商业生产前出产的原型相机之一，极为珍贵。该公司还透露，在激烈的出价竞标后，这台古董相机被一位神秘的亚洲收藏家买走。(来源：中国日报网 陈璐 编辑：婧远),5,1,0.9741438627243042
英游艇命名效仿“泰坦尼克”难逃沉没厄运(图)据英国《每日电讯报》6月7日报道，一艘被命名为“泰坦尼克II”号的游艇似乎也难逃“原版”的魔咒，在处女航返回海港时沉没。虽然船主侥幸逃生，但随后还是被尴尬追问是否撞到了冰山。这艘汽艇的主人名叫马克•威尔金森，40多岁，来自英国伯明翰。他最近才购买了这艘长16英尺(约4.9米)的二手游艇，并将它拖到位于英国南部海岸的莱姆湾进行处女航。当天，他在莱姆湾钓到了很多鱼，但在返航途中，玻璃纤维制成的船身突然出现了一个6平方英寸(约39平方厘米)的大洞。大量的水开始涌入船内，马克试着将水抽出，但船的尾部还是沉了下去。由于前部有气囊，所以船头漂在了海面上，但马克最终还是弃船逃生。随后，马克被当地负责港务的工作人员从海里拉了上来，“泰坦尼克II”号后来也被拖上来。马克说：“如果不是工作人员的帮助，我可能已经随‘泰坦尼克II’号沉下去了。之后很多人问我是否撞到了冰山，这稍微让我有些尴尬。”(来源：中国日报网 信莲 编辑：婧远),5,9,0.8876416087150574
继承1200万美元遗产 全球最富宠物狗去世据报道，绰号“吝啬女王”的美国87岁亿万富婆利昂娜·海姆斯利去世后，竟将高达1200万美元的遗产留给了自己一只名叫“麻烦”的宠物母狗，一度将许多美国人惊得目瞪口呆。由于多次收到绑架和暗杀恐吓。无奈之下，“麻烦”只好被迫改名秘密隐居，并被特种兵保护起来。不过，全球最富有的宠物狗“麻烦”的传奇一生现在已经画上句号——6月10日，负责管理利昂娜遗产的基金会的发言人宣布，“麻烦”已于去年12月去世，终年12岁，相当于人类的84岁。富婆两孙子和12重孙分文未得尽管利昂娜慷慨地将1200万美元的遗产留给了一只狗，但她的4名亲孙子，其中两人只分到了每人500万美元的遗产，前提是他们每年都要给父亲至少扫墓一次。而另外两名孙子和12个重孙则压根一个子儿都没有分到。,5,9,0.7327424883842468
俄罗斯美女冰海中全裸 与白鲸同游嬉戏(图)据英国媒体16日报道，近日，两届世界自由潜水女子冠军、俄罗斯美女纳塔莉亚·阿夫先科(Natalia Avseenko)为了完成实验，听从了海洋学家的建议，脱光全身的衣服，在零度以下的寒冷海水中，赤裸全身与两头白鲸同游嬉戏，可谓是真的“回归自然”。据报道，现年36岁的纳塔莉亚在俄远西北部靠近北极圈的白海(white sea)海域进行了一次大胆而“美丽”的试验，全裸在寒冷的水下与白鲸共舞嬉戏，由一名俄罗斯摄影师拍摄下这样的场面。报道指，阿夫先科在水中仿佛美丽的“白鲸公主”。报道称，为了不让白鲸跑得太远，实验人员将部分海域圈了起来，以便美女不游太远，就能追上白鲸。据悉，当地海域的水温在零下1.5摄氏度左右，脱光衣服的纳塔莉亚显然会“冷得哆嗦”。一般来说，普通人在零度以下的海水中呆个5分钟，就有死亡的危险，但潜水经验丰富的纳塔莉亚不仅是个瑜伽“专业户”，更练出了在水下憋长气的技巧，最长可以在零度以下海水中呆10分钟40秒左右。此外，海洋学专家建议，由于白鲸这种动物对人造材料如潜水服非常敏感，不喜欢触碰人造材料，因此纳塔莉亚如果想要与白鲸更亲近，最好是全裸下水，来个肌肤的“亲密接触”。白鲸是自然界中的庞然大物，它们以脸部能表现类似人类的表情感知而着称。除水族馆的白鲸外，全世界目前有约10万头白鲸在海洋中生活。,5,9,0.9666915535926819
《对手》：好孩子是什么标准？蔡美儿我们小的时候，我们去哪儿都带着小提琴，而且每次我都要和她们一起拉琴或者弹琴，露露现在反叛以后，现在她只是在娱乐的时候拉小提琴，那么我对小提琴的要求太严了，她开始憎恶小提琴了，我意识到那个以后，我就意识到我不想失去我的女儿，所以后来呢，我就自己放弃了强迫她练琴，后来她自己自愿回到练习小提琴的路上，但是我觉得严格父母是非常重要的，特别是在美国环境之下，有的孩子性格非常强，他说我不想让爸爸妈妈管，我要自己管，但是网球教练跟我说，露露她非常严格，对自己要求非常严厉，非常刻苦，而且非常有天赋，所以我认为从我这种严格的父母的管教之中，她逐渐学到了，从中看到了闪光点，从中得到了很多好处。常智韬：是不是虎妈也同意，孩子的快乐和小提琴或者网球技艺提高并不矛盾，是不是在没有父母严格管教下，我听说露露准备挑战李娜，她同样可以有很远大的理想。蔡美儿：美国我觉得孩子们为了保持自己的热情，他们自己的选择太多了，那么经常说要保持孩子的热情，他这个热情包括整天吃糖、整天玩电子游戏，每人没有人会有自动的热情每天去做作业，所以一直到10岁、11岁的时候，我觉得父母必须给他们一些规矩，不让他们放弃他们有兴趣做的那些好的事情。常智韬：我觉得在没有明确孩子的兴趣爱好，或者孩子的特长在哪个方面的时候你替他做了一个选择不允许孩子放弃，孩子放弃就意味着孩子没有毅力，反而会适得其反，比如你不会知道孩子将来是刘翔还是姚明，你让他坚持打篮球或者什么，你会少了一个姚明或者刘翔。蔡美儿：我觉得这个问题有一点让人混淆，我想他刚才谈到家长不应该干扰孩子的选择，可能我们两个社会不一样，在美国25%的10到13岁的青年孩子是喝酒的，我们在美国是有发达国家最高的十几岁孩子怀孕比例的，所以我要我的孩子们在十几岁就喝酒或者怀孕，我是绝对不要的。常智韬：所以有的时候家长要信任孩子，比如我的女儿在高中二年级的时候也到美国做了一年交流生，她回来的时候也告诉我，就像虎妈所讲，美国高中阶段有谈男女朋友的，有同性恋的，有吸毒的，但要相信自己的孩子有自己的鉴别力，她跟我讲，爸爸请放心，我周围的朋友都是比较传统的。还有一点，中国以前有一句话说温室里边只能长出娇嫩的花朵，长不出大树，在无菌的环境下长大的孩子，他走向社会的适应从什么地方来呢。蔡美儿：在西方的学校里面用点中国的东西来教育我们的学生，所以我认为我们的孩子是强有力的，她们没有自己的错误之处，可能我们就说我们殊途同归，我们的目的是一样的，但表达方式不一样，你强调非常强硬的规则，我也同意有的时候不能对孩子太严了，有的时候就是你觉得孩子，我们可能就到此为止，不要太严管他，但我觉得有的时候不能这么做的。主持人：在你心目当中，好孩子或者孩子的成功应该是一个什么标准，是门门拿A，最后进哈佛、耶鲁？蔡美儿：我认为你必须要看一下你的孩子，听他们的意见，知道他们的能力在哪里，如果有些人他得不到A的学分，你不能强迫他，不能给他太大的压力，这样会给他们毁掉的，但从另外一个角度来讲，我会告诉你，我的书在美国引起很大的反响，很多西方人看了之后希望更加严格给孩子教育，很多美国人给我写信，说我不是非常的聪明，但是我相信我还是有智慧的，我希望我的父母以前比我更加严格，这样使我可以成为某些成功人士，这是他们写的信，但我现在失业了，因此成功和幸福是非常复杂的问题，它不是选择一个就放弃另外一个问题，但我相信两点，要帮助你的小孩施展他的潜能，不管他的潜能是什么样的。常智韬：我觉得像我和虎妈的孩子都是在进入大学的年龄，他们远远谈不上成功，他们仅仅是进入名校，找到适合自己发展的，适合自己个性受教育的机构。那我觉得家庭教育的成功，应该是培养出来一个全面发展，心智健康，有良好的情操，又有良好的学习习惯的这么一个孩子，我觉得这是家庭教育的一个目的。蔡美儿：我认为大女儿是非常很好的，她自己就能成为一个很好的学生，但我认为露露的话，尽管我们有很多争斗，我想即便露露是非常难教的一个孩子，我有很多眼泪，有很多辛酸史，但是我认为露露，曾经问过她，我问过她你是不是喜欢这样严格的家教，我担心露露在采访的时候会怎么说呢，但是露露在采访时说我非常喜欢这样严格的母亲，如果没有母亲严格的教育方式今天谈不上我的成功，看到她的姐姐是非常好的学生，露露也受到影响，她以为自己是不好的学生，因此我帮助露露更加建立自信，相信自己。主持人：我们这一轮探讨什么话题，刚才虎妈也说了很多决定是她对自己的女儿来做的，猫爸认为很多自己的孩子决定，包括孩子爱好的养成要观察孩子，由者孩子的性格去发展，那么父母到底该不该替孩子作主？这就是我们第二轮要辩论的话题。掌声请出红方的第二位嘉宾，他就是著名节目主持人、导演英达。英达：那就是每一代在成功的同时一定要设计和亲自参与实施孩子的所有的未来。主持人：好，我们掌声请出蓝方第二位嘉宾，这就是，他写了一本书，别看年龄不大，写了一本书叫《山海经新释》，被很多人称为国学天才，这是山西大学初民学院的学生孙见坤。孙见坤：基本没有，基本上没有，基本上是我自己规划的。我的观点就是没有人能够替你作主，哪怕这个人是你的父母。英达：我们说孩子，说的是从大概两岁快到二十岁这样大范围的孩子，我认为在十岁之前有许许多多事情孩子自己不知道的，也不能知道未来这件事情对自己多么重要，你不可能指望他自己就把这个定好了，他不知道，所以在这种情况下确实有些特殊项目我们要替他决定，那么其他的，比如说当国学大师这种事可能就要等十岁以后孩子自己愿意说读个《聊斋志异》的那种神怪小说，但比如说钢琴、小提琴等他十岁以后想拉是绝对没有可能的，因此我们也参考其他的，不是中国式教育，是外国式的，大音乐家，比如贝多芬、莫扎特也是从小他们的父亲大耳刮子抽出来的，我们知道贝多芬经常小的时候睡到半夜四点多被他父亲拉起来弹琴，不弹就大耳刮子抽他，所以这是为什么贝多芬最后耳朵聋了。所以兴趣是最好的老师，孩子大了以后，如果小孩让他说兴趣是最好的老师，那么这个老师一定不是别人，是游戏机。孙见坤：其实刚才英老师讲的这个在我身上就不符合，我做，我看历史是从8岁，不是10岁。我想说一个问题，第一点贝多芬，大耳刮子可以抽出贝多芬，也可以抽出希特勒，我们在那个过去，一百多年前奴隶社会什么都不变的，从1840年不一样了，1840年是千年不变，1840年以后是十年不变，当我们有孩子知道是十年前的，他要给孩子做决定是过时的决定，另外一点其实中国的父母喜欢给孩子做决定、做判断，他其实这个并不是中国，并不是所谓的中国式教育，因为这种方式从此你看不到的，这其实是中国专制社会的一种黑色遗留下来的东西，他是为了培养孩子的盲从性，这不是我说的，这是孙中山说的。第三点，永远不要把一个人的能力或者他的思维，他的思想的深度和他的年龄挂钩起来，这是一种很简单、很愚蠢的做法，这是一种，可以说是一种人的一种惰性，他不想深入地去了解这个人，只是从一看你的年龄就觉得你不懂，就这种感觉，就像看到一个人一看他是北大毕业的，就觉得他一定是德才兼备的好孩子，其实也可以是勒死？？的凶手。英达：就你刚才说的能不能选择，首先我同意有很小一部分，1%吧，是可以让孩子在十岁之前选择，反正也不要紧，比如你国学，他是8岁读的，还是12岁读的没有什么区别，而比如弹琴，甚至小儿不才除了弹钢琴之外，还打个冰球，这是童子功的，那开会的早，开萌的早是你的本事，但是我13岁开始读也可以做到你的成就。孙见坤：其实是这样的，童子功肯定会有，但不一定每一个人都要弹钢琴，每一个人都要打冰球，当然不一定每一个人都要去读古文，但问题是您怎么知道您的孩子就是干这个的料呢。英达：他问我，我不回答不合适，是这样的，实际上成人也不能决定他的专业，比如打冰球，巧了，我儿子在冰球上有一个才能，但到现在为止同龄人不是没有比他强的，我儿子弹钢琴也好，我儿子也希望梅迪，总而言之他现在学这些，猫爸说的很科学，人的学习无非是两大种，一种是知识积累，一种是技能提高，这两种都没有用，包括古文学得再好，都有可能是明天被废弃过时的东西，这是有可能的，孙见坤：您给您的孩子做的选择，那么是依照大您身边的人或者这个社会很多人都做了选择，还是您是把您自己小时候没有能够做到强加到，延续到您孩子的身上？英达：你的问题提得很浅显，因为你不能把，你不能说所有做的选择都是我们没有办成的事，不瞒你说，我基本想干的事都干成了。,5,3,0.5665969252586365
《对手》：快乐童年重要还是打好基础重要孙见坤：中国的教育方式是发现并引导孩子的天赋，就是中庸里面讲的…，如果一个孩子没有快乐的童年，他的天赋不可能被引发出来的，更不可能有高尚的道德，真正中国教育核心在于培养一个孩子优秀的道德，这是从孔圣开始一脉相传的，孔圣就说…，学习这种文化知识或者所谓的学科知识，在孔子看来是最底层的一个事情，高级的事情是什么？孩子的道德，就像他给自己学生排名，孔文四科，德行、言语、政事、文学，文学是排在最后面的，中国教育家是排孩子的道德，然后会讲心性，孩子十余岁孩子的爹会讲孩子你将来做什么，说要做状元，高官、做圣贤，但是问题是，他最后成功了，他发现自己的孩子的确有做圣贤的天赋，就引导他做下去，其实历史上真正成功的人完全是按照他们的天赋引导来做，真正由父母规劝，包括英老师一开始说的莫扎特，莫扎特6岁能作曲也是他的天赋在那儿，应该顺着他的天赋，在引导过程当中，德国人是这种情况，但是中国人，要到中国来讲，就是引导你的天赋，人不能逆天，必须顺天。主持人：冰球你会打吗？英达：我没有想打冰球，这正好是特别好的例子，是他自己做的选择。打冰球就是他自己做的选择，但是一旦这个选择开始，他不能放弃，知道吗？而且放弃了现在基本上可以说放弃的就跟他们家小提琴要放弃似的，钢琴要放弃似的，我儿子可能最后放弃的时候给他做的选择就是钢琴，但是他冰球打得好，包括他今后学习能学习得好，跟他曾经弹钢琴，三岁开始弹钢琴，三岁不可能有其他选择是有极大的关系。英达：如果你的孩子确实是如此自立，而且又是幸运的，在她非常小的时候居然她自己就能选定比大人还准确的，不知道靠一种什么样的天赋和嗅觉找到自己今后有用的一行，那当然好，但对不起，起码我们家孩子，我不够那么聪明，当然我还没见过比我更聪明的，我肯定不够足够聪明，否则不需要人替我决定，但是我说句实在话，可能你觉得你自己的孩子没有那么聪明，完全是自己自会、找会的，我觉得父母一定要帮忙，否则就是不负责任为自己找一个借口。同样一句话，虎妈说的天才儿童不需要父母，但是有父母就更好了，那就不是一般的天才了。孙见坤：刚才英老师说他一直在为孩子，说是普通的孩子，那种大多数的孩子是需要父母来为他做一个决定的，那么就出现一个问题就是，我是从西安来的，我们西安就有一位从，从小父母替他做决定，比较有名的人就是药家鑫，就是父母他给他做决定，学钢琴等等。英达：你觉得药家鑫这事主要是父母做决定做的，药家鑫这事是父母替他洗手，他用香皂洗手，是不是要提醒大家不要用香皂洗手了。这俩事没有相关，不是觉得这俩事近就有相关，每天早晨大公鸡一叫太阳就升起来了，这俩事联系在一起，确实不是大公鸡一叫太阳就升起来。英达：如果他最后所从事的一项工作就是对你的鼓励监督，比如冰球这件事情不是我做的决定，但是他要做决定的时候我们会把这件事情固定下来，因为后面还有我们大量的付出，让他不可能放弃，这是谁做的努力，对后比如在冰球上成功了，那样太好了，如果是那样的话，你能说这是大公鸡和太阳的关系吗？ 孙见坤：如果父母的决定错了，孩子自己来承担这个责任，那么这样孩子自己做不了这个决定，如果他将来一旦，像英老师说二十岁以后再做决定，之前做决定都非常好，一路过来非常顺，他一旦自己做决定，一旦做错了，那么做出一个什么结果呢？目前孩子的一遇到困难就轻生的孩子越来越多了。英达：如果给孩子所谓做决定的时候其实不是孩子根本不喜欢这事，孩子不理解，非常痛苦，家长也不加以解释，说必须这样，不这样我揍死你，如果这种，我们要把所有的问题都说得这么极端和绝对，说父母一做决定，孩子长大就是药家鑫，这还有什么意义，我们说的是百分比，多数好的父母如果给孩子做决定也是在先给他讲，你喜不喜欢，甚至他自己决定，你不能放弃，然后一路告诉他在这个时候你为什么不放弃，那个时候你敢放弃就揍你，等等，甚至我们到一定年龄的时候帮他做决定，主持人：我知道双方都不服，尤其是孙见坤，下一轮接着辩论，这一轮辩论什么，现在很多父母为了让孩子不输在起跑线上，在上学的同时给孩子报了很多班，奥数班，有的甚至是舞蹈班，书法班、英语班等等，孩子有限的精力，有限的课余生活完全被各种班、各种培训充斥着，有人说不对，每一个孩子都有权利获得一个快乐的健康成长的童年，也有人说了，为了孩子在未来竞争不输于任何人，我们这个时候必须给他们进行投资，哪怕是孩子的快乐有所抹杀，这就是我们的第三轮辩题，到底是一个健康快乐成长的童年重要还是打基础更重要？有请红方的第三位嘉宾，他就是著名的企业管理咨询和管理教育专家哈佛商学院北京校友会主席、泛太平洋管理研究中心董事长刘持金，刘兄你好，到底是打基础重要还是让他们快乐成长重要？刘持金：当然是打基础重要，我认为在孩子童年时期父母最重要的责任就是帮助他们打下基础，而不要为表面的快乐童年所误导。主持人：谢谢，为什么你在快乐童年前面加一个所谓两个字，一会儿再说，有请蓝方第三位嘉宾他就是新东方教育科技集团董事、兼高级副总裁周成刚。周成刚：我的观点应该是一个孩子有快乐的童年，他可能未来长久有更可持续的成长，这样的孩子往往更有动力性，有对生活的激情，未来不仅成才，而且成为21世纪栋梁之才。刘持金：一个什么是快乐的童年，快乐有不同层次的快乐，孩子愿意打游戏机，快不快乐？很快乐，孩子愿意每天爸爸妈妈带着吃冰淇凌，孩子快乐吗？非常快乐，但他还有不同的快乐，当他能帮助小朋友克服困难，当他能够在运动场上叱咤风云，当他能在演讲当中名列前茅，这是快乐，这个快乐不是简单的表面的快乐，第二个就是基础，我们打下什么样坚实的基础，像奥数班或者学小提琴，不一定我们给打下基础，而是说这个基础是一个扎实的，比如他解决问题的能力，批判性思维的能力，关心他人的能力，以及对尊重他人，对社会的责任感等等等等，从小我认为在这个过程中父母都有巨大的影响力。因此这是我阐述中为什么父母对孩子最重要的责任应当是打下一个坚实的基础，对这个基础这个概念的修正。周成刚：首先我要说的一点就是，我认为这个孩子，我是新东方的一个校长，每天接触无数的孩子，就是我发现孩子的心智的发展是有先后的，他的能力会展现在不同的方面，个性也会不同，所以说甚至于他们的观点和价值观也会不同，我个人认为应该对不同的孩子应该用不同的方法教育可能会更好。这是第一点。    第二点，如果说就把一个孩子上哈佛和耶鲁就做一个好孩子，我觉得这是严重的误导，孩子可有不同体现的方面，甚至我隐隐感觉到如果我们把上哈佛和耶鲁的孩子作为一个好孩子，这里边我不否认我们的家长在现在经济社会高速发展的时候，我们带有严重的实用和严重的公用目的，也就是说我们这个社会不仅需要弹钢琴的，不仅需要弹小提琴，还要需要管道工，还需要木匠，还需要很多钢铁工人。    第三个我想表达的是，假设一下，如果全世界的母亲都成为了虎妈，请问我们的孩子最后到哪里上学，难道都进耶鲁，都进哈佛吗？在美国有四千所大学，除了请问前二十名、三十名大学，难道后面进去美国人他们都是傻子吗，都是坏孩子吗？再问最后一点，网友做了一个很有趣的统计，在中国过去三十几年改革开放当中，一共有接近一千位中国各个省市高考(微博)状元，但是他们最后作出的统计是，这些状元都是当年最好的学生，但是二十年过去，他们寻找当年的高考状元，现在在这个社会上真正对社会产生重大影响，我们以这个为例，几乎没有一个高考状元还在这个世界上发挥我们想要所谓最重大社会功能的人才，我的结论是，看到今天很多精英人士都把孩子想尽一切办法送到美国去的时候，我们不能否认美国的教育有无数的东西正在吸引着我们，所以我相信我们的孩子可以成为功力和事物最好的发展人士，但是很难成为21世纪需要的栋梁人才，刘持金：我想反驳周校长，刚才我们在对话过程当中没有讲到哈佛和耶鲁就是我们的标准，我们举一个例子，比如克林顿总统没有申请耶鲁和哈佛，唯一申请的是乔治大学。刘持金：但是我们不能说克林顿是不成功的。我想说的给孩子打下一个坚实的基础，不是一个我们学业上这么狭隘的一个坚实的基础，而是一个广泛的概念，比如说他吃苦耐劳的精神，比如说我们中国人讲坚持的精神，我们蔡教授讲的坚持，无论你做哪一行我要做持之以恒坚持的精神，这是我讲的基础。这个基础从童年时代到少年时代都没有人理睬的话，这个基础就很危险。周成刚：刚刚听到蔡美儿说父母亲比较严格，反正我个人是从来没有父亲打过一下，我相信这边可能也都不会，我觉得孩子童年的时候往往有比较多的一些快乐，他的身心会更加健康，这是我坚信的，而且会有更多的独立性和创新能力，为什么人家说，到后来往往是比较调皮的或者成绩不太好的，同学在最终的时候，尤其最后他有极强的加速度和爆发力，人生比拼不是冲刺，而是长跑，像刚刚两位家长讲进入哈佛和耶鲁是职业的开始，更多是社会上的接触。周成刚：这个观点我同意，不仅是孩子的观点可以培养，成年人打麻将的习惯也可以培养，但中国家长更多把孩子兴趣过于狭隘培养在一个方面，这是错误的。我们并不是说孩子们通通听爹妈的，应该说白了，爹妈混球也不少，全靠他们给孩子制定未来方案，也肯定不一定好，但是总比孩子性苦多得强，我们说的百分比，我们现在讨论应该给孩子制定什么方案，应该什么样的成人来给他制定？孙见坤：我刚才讲的不是公民品质，公民品质肯定需要公民教育的，这是必须的，我说的是这个孩子将来成长的话，他适合做什么？他的天赋应该适合做什么？你将来莫扎特让他打冰球也不可能。周成刚：刚刚蔡教授的观点其实是某种意义上印证了我们的观点，蔡教授也讲了光有一个严格的管理是不行的，她在写《虎妈战歌》的时候，最终对小女儿教育方法最终放弃了，放弃的原因是她觉得如果再坚持下去可能会适得其反，会失去这个孩子，甚至失去她全部的快乐和童年，所以我们想传递的观点是其实在教育孩子的方式方法当中应该有更多的可塑性，更多的多元性，更多的因材施教。刘持金：希望中国父母都明白这一点，无论多么好的想法，父母需要付出高质量的努力，很多父母不是真正付出高质量的努力，我给你举一个简单的例子，刚才你提到比尔盖茨，你要知道盖茨在11岁的时候已经把《百科全书》通读了一遍，最后没有什么书可以读，到12岁，他的爸爸妈妈在餐桌上吃饭的时候，感觉跟这个孩子讲话很难讨论问题。周成刚：这个观点非常好，我想加一点，如果让今天家长的孩子如果不想去读书，不想考好成绩，天天在看《百科全书》，你会同意吗，事实上最终他获得了巨大的创新力，这就是我的观点。刘持金：你说的对，《百科全书》只是读书的一部分，另外我想举一个例子，你读书非常忙，但是这个责任不可推卸，百事可乐现任CEO中文翻译陆德英，也是一个虎妈，她每天在办公室上班的时候，她女儿读高中的数学题，要求她每天只要有数学作业传真到我办公室，我要看这个作业什么地方你不会帮你一下，我再给你传回去，见缝插针培养自己的孩子，全球五百强企业CEO，难道她脑子进水了，绝对没有进水，每一个成功孩子背后是父母的责任，是父母真实的付出，必须是高质量的投入。主持人：我想说一下我在全场辩论的几点感触，第一，一千个人心中有一千个哈姆雷特，一千个孩子也会有一千种性格和承受能力以及各自的性格，所以一个人的成功不可复制的话，也许一个成功的教育方法也不能简单的百分之百复制，这是第一点。第二点，不论是虎妈还是猫爸，他们代表的是自己成功的教育方式，随着我们这个社会东西方沟通越来越多，东西方沟通方式越来越渗透，虎妈和猫爸代表的是自己，不能单纯代表东方和西方，还有一点当你决定要为孩子做决定的时候，一定要想清楚，好好看看自己的孩子是不是真正地了解他们，然后再说。好，这就是今天的《对手》，我是王凯，再见。,5,4,0.4342242479324341
印男子为求一子37年不洗澡 称是神的意志(图)65岁的印度老汉凯拉什辛哈从1974年至今，已经有37年没有洗澡、理发了。不光周围邻居笑话他浑身恶臭，就连妻子也嫌弃他，甚至用不跟他睡觉来威胁，但辛哈宁愿死也不洗澡。原来，辛哈之所以37年不洗澡，只是为了生一个儿子。37年不洗澡每天火浴据报道，辛哈家住印度瓦拉纳西郊外的查塔夫村，和妻子育有7个女儿。从1974年开始，过去37年他从没有洗过一次澡，也没有刷过一次牙。英国《每日邮报》23日刊登的照片显示，他站直时，胡子和长发分成几缕垂到地面，有1.83米长。他每天的个人清洁方式是一种名为“火浴”的当地仪式———独腿站立在火堆旁烤一烤，向湿婆神祈祷。辛哈坦言，自己早已经忘记该怎么洗澡了。戒澡只求能生个儿子即使在摄氏40多度的酷暑天气，辛哈也穿着两件毛衣。谈及抵制洗澡的原因，邻居麦德哈苏丹透露，曾经有位预言家告诉辛哈，只要他不洗澡，就能在下一胎生个儿子。辛哈的妻子戴维称：“他说他宁愿死也不洗澡。如果他还能生一个儿子的话，他才会改变主意。”戴维甚至曾威胁丈夫，如果不洗澡就不跟他睡觉。然而最后她还是被迫忍受。戒澡原是神的意志？辛哈不以为然地表示，他“戒澡”的决定完全是“神的意志”：“每当我骑着自行车从村里穿过，那里孩子们总是嘲笑我气味冲人。虽然他们无法理解我，但是我不会改变主意。因为这是神的意志。”,5,9,0.7813401222229004
英国一猫咪整日怒容满面被称为脾气最坏猫(图)据英国《每日邮报》6月28日报道，来自英国诺福克郡、65岁孀居的罗丝 奥顿有一只8岁大的灰白色缅甸猫“皮普”，而在“皮普”与奥顿夫人相伴的一年半时间里，它从未露出过“好脸”。《每日邮报》戏称“皮普先生”是全英国脾气最坏的猫。据它的主人奥顿称，这只猫整天都一脸生气和不满的样子，它平时不喜欢噪音和坏天气，尤其讨厌足球；一到刮风或者下雨天，它要么钻进主人家里，要么就蜷在它的小窝里，可即使是盼到了它喜欢的夏天，“皮普”脸上仍然没有一丝快意，与冬天不同的只是会在主人家后花园的灌木丛里多待一会，而它唯一喜欢的消磨时间的事情就是待在这里盯着狗狗们的一举一动。据英国《每日邮报》6月28日报道，来自英国诺福克郡、65岁孀居的罗丝 奥顿有一只8岁大的灰白色缅甸猫“皮普”，而在“皮普”与奥顿夫人相伴的一年半时间里，它从未露出过“好脸”。《每日邮报》戏称“皮普先生”是全英国脾气最坏的猫。据它的主人奥顿称，这只猫整天都一脸生气和不满的样子，它平时不喜欢噪音和坏天气，尤其讨厌足球；一到刮风或者下雨天，它要么钻进主人家里，要么就蜷在它的小窝里，可即使是盼到了它喜欢的夏天，“皮普”脸上仍然没有一丝快意，与冬天不同的只是会在主人家后花园的灌木丛里多待一会，而它唯一喜欢的消磨时间的事情就是待在这里盯着狗狗们的一举一动。,5,9,0.8583577275276184
会笑的狗狗爆红网络 与各路名人“合影”(组图)它仅是一只普普通通、随处可见的杂种狗，但却能够像人类一样露齿微笑，人们亲切地称呼它为“快乐狗狗”。现在，这只擅长微笑的小狗已经爆红网络，被PS进各路名人的照片中，俨然一个大明星。,5,3,0.4007169306278229
大学生拍毕业照西湖溺亡 赴美全奖读博成泡影(图)昨天傍晚5点半，本报96068接到热线，说有人掉进西湖了，消防人员正出动去解救。本报记者驱车赶到现场，已是傍晚6点。只见西泠桥东面、北山路边上，消防车、救护车、警车排了长长一队。四周都拉起了警戒线。湖中央，5艘快艇正在打捞作业，随后，西湖捕鱼队的两艘渔船也加入了搜救的队伍。听周围的目击者说，落水者是个年轻的小伙子。直至晚上7点20分左右，小伙子才被打捞上来。救护人员立刻对他进行了急救，第一时间送往医院。可晚上9点，医院传来消息：小伙子抢救无效，死亡。记者随后从西湖水域管理处了解到，落水的小伙子是浙大刚毕业的大学生，昨天傍晚和朋友一起出来逛西湖，两人行至镜湖厅时，小伙子一时兴起跳入湖中，让朋友给他拍照留念。可当他游到接近湖中央时突然间沉了下去。朋友随即打电话呼救。但可惜的是，经过2个多小时的救援也没能将他唤醒。记者听说小伙子水性不错，可现实是，一个风华正茂的年轻生命就这样永远地走了“学士服照看看没啥意思，就不传了，各位等我跳西湖的照片吧。”昨天下午，大学刚毕业的小辛(化名)在人人网留下最后一条消息，决定用爬树跳西湖的方式，留下一组最疯狂的毕业照。下午5点20分，小辛从北山路西泠桥旁纵身跳入西湖，一口气游往对岸的孤山公园荷花池。7点15分，小辛冰冷僵直的躯体被搜救人员打捞上岸，医院最终宣布其抢救无效死亡。如果没有这纵身一跃，22岁的小辛今天上午本将赶赴北京实习，此前，他已经拿到了一所美国大学的博士全额奖学金。掏出手机钱包之后 他纵身跳进了西湖昨天下午5点多，湖南游客罗女士和朋友散步到西泠桥旁，坐在湖边的长凳上休息，不一会，走来了两个小伙子。“其中一个小伙子把手机、钱包都掏出来放在湖边，然后脱掉鞋子就爬到湖边的树上去了，另一个人则拿出相机去拍，我都搞不懂他们想干吗。”罗女士回忆。随后，爬到树杈上的小伙子突然纵身一跃跳入湖中，“扑通”一声把罗女士吓了一跳。“我开始还以为他是不小心滑下去了，直到他冒出湖面对着岸上给他拍照的朋友做了个表情，我才明白他是下湖游泳。”罗女士说，“他的水性不错，一会儿就游到了湖中心，然后开始一上一下地浮动，不过因为他水性很好，我们也没觉得不对劲，以为他在玩呢。”可是才过了1分钟，小伙子突然叫了一声，就沉到了水下，直到这时，岸边的人才意识到出事了。“从他跳水到溺水，大概只有两三分钟。”罗女士说。搜救持续近两小时 上岸已无呼吸心跳岸边的人开始大声呼救，同时，一直在岸边拍照的小伙子也扔掉相机，打电话报了警。另一位目击者陈先生说，自己当时质问过岸上拍照的小伙子，问他为什么不阻止同伴跳湖，拍照的小伙子解释，他叫小李，跳湖小伙叫小辛，两人都是杭州某大学的同班同学，刚刚毕业，小辛想用跳西湖的方式拍一组疯狂的毕业照片，自己是被小辛叫来拍照的。溺水发生后不久，公安、消防等部门赶到现场展开施救，可是随着夜色渐渐变暗，搜救难度逐渐加大。潜水员搜救无果后，警方又往湖里撒下排钩，终于在晚上7点15分左右将小辛打捞上岸，此时距离小辛溺水已经过去近2个小时了。被捞上岸时，小辛已经没有了心跳和呼吸，在岸边接受紧急施救后被送往附近医院治疗，但终因抢救无效身亡。导致小辛溺水的具体原因仍需调查，但记者昨天下午试了试西湖水温，有点凉，就连专业搜救人员下水前也要热身，而且每搜救一段时间就要轮换回到船上休息。一没爬树二没跳湖 他不要失败毕业季小辛为什么要用爬树跳湖的方式来庆祝毕业？同学小李说，这个念头起源于小辛看到的一张照片。“我们有个校友，也是今年毕业，在拍毕业照的那天，他穿着学士服，跳进了校园内的一个湖里，还拍照留念了。”小李说，小辛看了照片后，就萌生了“跳湖”纪念的念头。小李的说法也被小辛在人人网个人主页上陆续发布的消息所证实，前天晚上，小辛分别发布了2条消息，先是说：“一没爬树，二没跳湖，毕业季真失败。”接着说：“多征几个人，一起跳西湖。”就在昨天下午付诸行动之前，小辛还发布了最后1条消息，“学士服照看看没啥意思，就不传了，各位等我跳西湖的照片吧。”今天离开杭州之前 一定要把心愿了了前天中午，因为知道小李喜欢摄影，小辛就请求小李陪他去 “跳湖”，但由于小李当天有了别的安排，他的想法落空了。昨日下午，小辛再次找到小李，希望小李帮忙拍照，拍下自己爬树跳湖的全过程。小李不好意思再推却，于是带着自己的摄影包，跟着小辛出门了。“开始小辛是要去校友跳过的那个湖留念的，但是因为路途比较远，出门也晚了，所以就觉得去西湖比较方便。”小李说。小李说，就在出门拍照前，自己还陪着小辛去学校的代售点买了今天上午去北京的火车票，因为小辛打算毕业后先去北京一家公司实习，所以他琢磨着在离开杭州之前，一定要把“跳水”的心愿了了。他躲过日本大地震 将去美国攻读博士事发后，现场来了一些小辛的同学，小辛发生意外，让他们一时很难接受。同学们说，小辛是河南人，学的是计算机科学与技术，他平时很乖，开朗，有想法，但是还从来没做过什么疯狂的举动。因为小辛学习成绩名列前茅，他还被所在的大学推荐为交换生赴日本交流学习。“作为交换生去日本学习的那段时间，他还经历了3月11日的日本大地震，那么大的灾难都躲过去了，真没想到会发生这样的事情。”小辛的同学说。据同学小李透露，小辛在毕业前已经获得了美国一所大学PhD(学术型博士，是全世界公认的学历架构中最高级的学衔)的全额奖学金。小辛研读博士学位的5年间，每月还有2000到3000美金的奖学金补助。可是随着这疯狂的一跃，这条年轻鲜活且有着大好前景的生命，就这样提前凋谢了。(记者：刘栋 张琴 张之冰 黄兆轶 王子诚 孟贺),5,9,0.8860434293746948
英女子成获奖专业户 去年10月以来每天都赢奖品英国妇女莉兹·迪奈厄尔堪称获奖“专业户”：自去年10月以来，她每天都能获得奖品。她卖掉不需要的奖品以维持生计，日子过得有滋有味。迪奈厄尔现年51岁，曾是银行职员，因罹患纤维肌痛综合征失去工作。但是因为参加各类网上有奖竞赛和填字游戏运气颇佳，屡屡获奖，单靠奖品和奖金就能维持生计。迪奈厄尔说：“我参加网络竞赛，自去年10月以来每天都能赢得奖品。”奖品包括洗发水、清洁用品、电影票等小玩意儿，还有电视机、手机、家庭影院等大件。迪奈厄尔说，收获最丰的一个月拿了36份奖品，包括一部苹果iPhone手机、一张面值50英镑(约合90美元)的购物卡、数张电影票和多件昂贵的美容美发用品。今年一月她斩获大件最多，包括一台37英寸液晶电视机、一套家庭影院系统、两台苹果iPod Nano音乐播放器、两台美国微软公司开发的X-Box家用游戏机以及英国假期两日游等。黄敏 新华社,5,9,0.4910704493522644
猕猴捡到相机大摆POSE 狂拍数百张照片(组图)你相信吗？这些清晰的照片，竟然出自一只猕猴之手！英国摄影师大卫·斯莱特日前在印尼苏拉威西岛北部的一个国家公园内旅行，在那里遇到了一群珍稀的黑冠猕猴。这些感到好奇的动物围着斯莱特留下的相机跳来跳去。“它们中肯定有一个家伙按到了开关，启动了相机。”斯莱特说，“之后，一只淘气的猕猴拿起相机，乱摁一通，竟然按下了快门。”摸到窍门后，这只猕猴开始不断地拍照，而其他同伴则十分配合地“大摆POSE”，甚至露出大大的笑脸，显得十分兴奋。斯莱特说：“当我拿回相机时，它已经拍摄了数百张照片，当然，大部分都是对焦不准的。”,5,9,0.987898051738739
网友晒中美物价对比 9.9美元鞋子国内要499元“在美国卖9.9美元的鞋子，39.9美元的牛仔裤，30美元的T恤衫，同样品牌在国内分别是499元、799元和799元……”连日来，这场“比价”游戏引来了越来越多人的关注和参与。最近，一条微博在网上转发率非常高，内容是说以购买力计算，在中国吃穿用度的成本超过了美国。而记者在对一些外籍人士采访时，受访者普遍的疑问是：中国内地的普通人怎么活？中国的消费真的贵吗？都贵在哪？除了工资低，我们是否真的没有价格优势？“商品和外国沾边就贵”Cathy是美国密歇根大学医学院的新生，今年暑假她来到中国实习。她说，自己并不是一个对价格很敏感的人，但来到中国后的见闻还是让她有点吃惊。在北京的一家商场，她看中了一条裙子，700多元人民币。“美国时尚品牌的裙子也差不多是这个价格(100美元左右)，这和我之前认为的‘中国制造的东西都很便宜’完全不同”，她说。她最后放弃了那条裙子，而去服装批发市场买了几件100元以内的衣服。“我还是更喜欢这样的中国”，她说。来中国将近一个月的时间里，Cathy最大的感受是只要是和“外国”沾边的商品，中国的价格就比美国贵。在美国，Levi’s算不上什么“潮牌”，大部分的牛仔裤每条都在40-50美元，有时甚至打折至20美元。而在国内，该品牌的牛仔裤得五六百元。Nike、阿迪达斯的新款运动鞋，美国卖到80-100美元，最贵不超过150美元，而国内专柜中，价格上千元的比比皆是。在纽约这样的大城市，麦当劳的一个套餐在5美元左右，小城市更是低至2-3美元。即使是那些上等的餐厅、需要穿着正装出席的场合，一顿晚宴也就50-60美元左右，外加15%的小费。当她得知中国有一些动辄上万、十几万元的天价宴时，直呼“难以置信”，“他们吃的是什么？为什么这么浪费”？至于美国的房价，Cathy说，她的父母一年前在新泽西州的普林斯顿市区买了一套房子，两层楼、五间卧室、外加一个小花园，花费80万美元(约合517万人民币)。她说，这在美国东海岸(除纽约外)算是比较高的价位。而在中部的一些城市，10万美元就能买到比这面积更大的房子。“我听说中国的人均工资只有美国的十分之一，但消费水平却和我们差不多”，Cathy说，“那普通人怎么生活呢？”“北京消费水平不次于香港”在香港工作的姚先生对记者表示，北京的消费水平已经和香港不相上下了，如果算上汇率因素，有的甚至贵过香港。但在香港，一个大学毕业生的起薪至少是一万港元。刚刚从香港回到北京的王小姐则表示，内地游客大批涌向香港“扫货”的原因除了便宜之外，很大程度上还是因为货物齐全和服务到位。对于一般中高档消费品而言，算上汇率后香港的价格一般是内地的七折左右，化妆品更便宜一些。“香港很少有假货，质量更放心”，她说，“而且香港的打折是实实在在的，不会有把原价提高再打折这样的猫腻”。王小姐还提到，在香港看演唱会的成本比国内低得多，“便宜大发了”。一般香港本地歌手演唱会最高票价平均只要500港元左右，就算王菲这样的巨星，只要花980港元，就能坐到场内前排。而在北京，王小姐花了1000元人民币买到的还是看台票，而最高票价是2200元人民币。专家观点价格高不全因税负重中国人民大学财政金融学院教授岳树民：境内消费品价格普遍高于境外的现象，有媒体称最大的原因在于高税负，这种说法并不客观。定价策略、市场需求程度、产品运输成本、场地租金等都会影响产品定价，不同的商品价格影响因素不尽相同。虽然政府确实对影响价格的某些因素负有责任，但“板子”不能都打在政府身上，应该通过科学严谨地调查，分清政府和企业的责任。国税总局税收科学研究所副所长靳东升：知名品牌的定价不一定按价值规律办事。现在网友“晒”出的商品价格有些以偏概全，统计方法并不科学，不能以此断定中国的消费水平就一定比国外高。税收调节应保证公平国税总局税收科学研究所副所长靳东升：关税是一种特殊调节的工具，对于保护我国某些处于弱势的产业具有一定的保护作用。如果降低进口商品的关税，可能损害一些国内企业的利益，因此有关部门要慎重权衡。同时，如果要降低进口产品的消费税和附加税，也应该同时给国内的同类商品相应地“减负”，这样才不会有悖于公平原则，干预和影响市场的正常运作。中国社会科学院财贸所研究员杨志勇：价格的形成因素是多方面的，但税收肯定是一个很重要的方面。从理论上讲，我国的税收确实有下调的必要，但由于目前间接税已经成为我国财政收入的重要来源，税制结构调整并不是一件容易的事。采访后记国内并非都比国外贵在采访中，几位受访者普遍认为，中国内地的交通费用相对比较便宜，特别是在北京。王小姐表示，北京的出租车、地铁费用都比香港便宜，她每天从九龙的红?到港岛的中环上班，坐小巴和搭地铁单程花费就要12港元。Cathy则表示，尽管上万元的天价餐让她难以理解，但普遍饭馆还是很便宜的。她实习的医院食堂，通常午餐5-6元就可以吃得很丰盛，味道也比美国的中餐更正宗。一些小饭馆的套餐也只要10-20元，而在美国，同类中餐馆最便宜的也要6美元左右。网友“微”观“运费高过生产成本”@_浪潮之巅_：广东生产的东西运到北京，运费比运到洛杉矶还贵。汰渍的洗衣粉，广东生产，运到哈尔滨，运费比生产的成本还高。(后来宝洁不得不在北方再开工厂。)另外中国的零售税是17%，美国各州不超过10%，个别州是零。@余晓平：最近中国一直在热传美国的物价低于中国，特别是生活必需品方面，甚至换算成同一种货币都低于中国。从整体情况来看，美国人各项消费的支出所占收入的比例要远远低于中国人。如果考虑到支出占收入的比例，同时考虑到性价比，那么据我观察，美国只有两样东西要比中国贵，一个是知识产权，一个是人工。@Vincent_YFV：美国消费税6%，中国vat(附加税，记者注)17%但是可以抵扣，企业实际税负和美国差不多，但消费者的税负太高了，还有过路费等各种收费，以及土地财政推高的租赁及不动产价格，各代理环节的利润和打点行政部门的费用，这些才是物价高昂的原因。(记者：沈玮青),5,9,0.518858790397644
纽约大胃王吃热狗设女子赛组 “黑寡妇”报名中新网7月3日电 据“中广新闻网”3日报道，纽约康尼岛在每年美国国庆节(7月4日)举办的热狗“大胃王”比赛，总是吸引很多人参加，来自世界各地的“高人”也展现了非凡的吃热狗“才华”。今年，这一饕餮届的盛事将增加一项只限女性参加的吃热狗比赛。据报道，主办单位说，就好像小威廉姆斯不需要击败费德勒，就能拿到温布尔登网球公开赛冠军一样，大胃王的比赛，让女性与男性较劲，是不公平的。2011年康尼岛热狗大胃王比赛的女子赛有8人报名，最被看好的就是人称“黑寡妇”的索尼娅•托马斯，她在2009年以10分钟吞掉41根热狗的成绩，刷新了女子吃热狗的世界纪录。而男子赛部分，冠军已经连续4年被绰号为“大嘴”的切斯诺包办。去年，他的成绩是54根热狗，冠军奖金2万美元。报道指，2001年到2007年的世界纪录保持人、日本“大胃王”小林尊因合约争议，已经好几年缺席这项比赛。据称今年他要“另起炉灶”，自己当比赛主办人，和康尼岛的比赛“分道扬镳”。,5,9,0.9189983606338501
华盛顿州政府国债项目深圳认购会深圳认购会主题：华盛顿州政府国债项目认购会时间：2011年7月17日(星期日)下午14：30地点：深圳市福田区福华路大中华喜来登酒店6层宋二厅项目优势：首个美国州政府发行国债形式的EB-5项目美国华盛顿州区域中心国债项目是由州政府发行免税的一般义务债券形式融资的EB-5项目，华盛顿州政府发行的一般责任债券获得非常高的信誉评级， 享誉盛名的三大国际信用评级机构评级分别是：穆迪将其评级为AA1级，标准普尔将其级为AA+级，惠誉国际评级公司亦将其评级为AA+ 级。世贸通重磅推出美国投资移民华盛顿州国债项目，买美国州政府国债，全家移民美国！该项目获华盛顿州政府立法支持，资金安全，2年解除绿卡条件后，即可按个人意愿， 委托经纪人在美国公开市场出售国债收回投资。项目首场三地认购会于7月9日结束，到场投资人对该首个由州政府发行债券来融资的EB-5项目热情度极高，世贸通7月下旬特邀华盛顿州区域中心主席Mike Mattox、亚洲市场及商业发展总监Andrew Lin、销售总监Connor Chen，举办该项目的第二场京、深、青岛三地认购会，全球尊享99名，欢迎预约出席：400-0909-899！,5,4,0.40387430787086487
美妇女自认“猴妈” 与猕猴情同母子(组图)据英国《每日邮报》7月19日报道，37岁的美国伊利诺伊州妇女康妮·蒂比是一位狂热的猴子爱好者。不管是周末逛超市，还是平日里开车下班，她养的5只猕猴都跟随着她。经营着一家宠物店的康妮表示，她跟5只猕猴亲如一家人。“它们就像婴儿一样赖着我。如果有谁欺负我，它们就会尖叫。我就是它们的妈妈，它们很喜欢我。”她为每个猕猴都起了名字，在厨房里给它们换尿布，甚至给它们穿上可爱的小衣服，每周都会给它们洗次澡。她解释说，猴宝宝的一天往往是这样度过的。“每天早晨我都会给它们准备蜂蜜坚果甜甜圈、水果和牛奶。吃完以后它们会依次等我给它们换尿片。等一切做完以后，它们就能自由活动了。它们晚上睡在笼子里的吊床上。”康妮甚至会让其中的一只猕猴跟她睡觉，这只猕猴甚至还有专属睡衣。据悉，康妮的丈夫史蒂夫每次试图接近这些猕猴时，都会被抓伤。康妮说：“我丈夫时常抱怨我给那些猕猴的亲吻和关心比给他的还多。”康妮的两个最小的孩子——13岁的道尔顿和12岁的维多利亚——已经开始习惯妈妈对猕猴的痴迷。但是17岁的大儿子坦纳却不怎么喜欢那些猕猴。按照康妮的说法，“他们都不喜欢对方”。尽管承受着事业，家庭，以及饲养5只猕猴的压力，康妮表示她很满意现在的状态。她说：“饲养猴子是我一直以来的梦想。” (记者：信莲 北风),5,9,0.9082431197166443
加推10年多次往返签 华裔航天员家庭欢迎中新网7月22日电 综合加拿大《明报》报道，加拿大联邦公民、移民及多元文化部长康尼(Jason Kenney)20日在多伦多向加拿大经济俱乐部会员发表早餐演说时宣布，由今年夏季末开始，外地人士申请多次进出境签证(multiple-entry visa)时，可由过往最长的5年期，转为10年期。此举受到华裔各界，尤其是“航天员”家庭的广泛欢迎。加国发10年多次进出签证加拿大移民部说，通常加国政府鼓励正申请受担保移民类别的父母及祖父母，申请上述多次进出境签证，从而当等待申请批准期间，可经常到加国探望子女。现时也鼓励商业访客申请该类签证。康尼说，现时来自中国及印度的访客都要申请签证，该多次进出境签证可方便“低风险”申请者，也减少签证办公室的工作量，从而可集中调查危险人物企图入境。移民部指出，现时愈来愈多国家发出10年期的护照，故移民部会依据申请者的护照有效期，若护照有效期是10年，他们也有资格申请10年期的加国多次进出境签证。10年签证或成“航天员”喜讯此外，康尼于演说中表示，加国不会大量增加移民额，由于加人不喜欢见到太多新移民，而联邦政府也没有资源帮助他们融入社会。他指加国面临劳工短缺，需移民来补充本国人口老化问题。有数项研究指加国需要将现时平均每年25万人的移民额增加4倍，即是每年接收100万名移民，才能维持劳动人口比率。他续称，联邦政府不会接受，由于加国根本没有资源帮助他们融入加国社会，例如要提供英语或法语为第二语言训练等；同时也会令加国的医疗?公共教育及房屋供应出现问题。华裔欢迎“航天员”佳音加拿大延长签证有效期受到华裔各界广泛欢迎，指出有助经贸文化交流，更是“航天员”的佳音，因为不少在中国有生意的永久居民，其意愿并非入加籍，只是希望可以常从中国飞过来探望家人，他们非常希望能用十年多次往返签证取代坐移民监。加拿大中国文化促进会会长李琦对新的签证措施表示欢迎，认为不少中国护照有效期长达十年，认为有助加、中两国的文化经贸交流活动。他说过去安排了不少表演活动，也是因为中国表演者的签证出现问题，最后整场表演泡汤，被迫取消。他说，目前中国的经济发达，生活条件也不是很差，表演艺人在中国赚钱的机会很多，而当地华人少，演出机会不大，其实中国演员留下来的诱因根本不强，特别是一些大师级的演艺人员。不过，他有留意最近似乎有放宽的迹象。PBISS移民服务协会的蒋骏也认为新政策是好消息，但他指出，也需要理性认识新政策的局限。蒋骏说，签证官有权发出十年少一个月的签证，但其实最后要看护照的有效期限。假若护照只剩下两年有效期，那么最多只能拿到两年减一个月的签证。他指出，这与美国仍然有差距，拿到美国的十年签证，即使护照到期，换了新护照，入境时仍然可以拿新护照与过期护照过关，签证仍然有效。他指出，虽然加拿大签证目前最长时间是五年，但其实一般商务签证通常只拿到一年，父母探亲可能拿到两三年。他说，虽然新政策可以延长到十年，但正式签证期限有多长久，仍然有待观察，因为十年签证并不表示可以连续居留十年，要到入境时由当值移民官决定可逗留多久，一般只是六个月。列治文张女士也欢迎新措施，她丈夫是典型的“航天员”，在国内有生意，只能隔几个月飞回加拿大与家人团聚，其实他自己并无入籍打算，拿枫叶卡也只为出入境方便，如果拿到十年多次往返签证，他甚至愿意放弃枫叶卡，即永久居民身份，以后也没有要坐移民监的困扰。,5,7,0.5449756979942322
五千加沙儿童共绘手印画 打破吉尼斯纪录2011年7月21日，加沙南部城镇甘尤尼斯，联合国难民救济及工程署在当地举办儿童手印画活动。超过5000名儿童在地面画布上用手印作画，创造新的吉尼斯世界纪录。图据国际在线中新网7月21日电 据联合国网站消息，超过5000名加沙儿童当天共同绘制完成了一幅巨型手印画，再次创造了新的吉尼斯世界纪录。这也是在过去三周时间里，加沙儿童打破的第三项世界纪录，此前他们已经打破了最多人同时盘带足球行进的世界纪录以及多人参加降落伞游戏的吉尼斯世界纪录。上述活动都是由近东难民救济工程处组织的2011年加沙儿童夏令营的组成部分。据报道，5000多名当地儿童21日在位于加沙地带南部的汗尤尼斯(Khan Younis)体育场参加了此次手绘画活动；他们同心协力，一起创造了面积达5922.2平方米的这幅巨型画作，超出前世界纪录1000多平方米。尤其值得一提的是，在参加活动的儿童中，有很多是有特殊教育需求的智障儿童。随着以色列对加沙地带的封锁进入第五年，这个夏令营活动也连续第五年举办，并成为当地的一大盛事。去年，有超过25万儿童参加了这一包括体育运动、戏剧和工艺活动在内的夏令营。通过夏令营以及打破吉尼斯纪录等活动，联合国近东难民救济工程处希望人们能够了解加沙儿童的生活状态，同时也为处于被封锁状态下的加沙年轻人提供心理上的慰籍。,5,9,0.549785852432251
英楼顶建人工湖 游客惬意划船俯瞰伦敦(组图)中新网7月22日电 综合媒体22日报道，为了替新产品造势，厂商在英国伦敦知名百货公司Selfridges屋顶上建造了一座小型人工湖，配备10多艘迷你小船，供人们划船游玩，享受闹中取静的乐趣。据报道，这是自第二次世界大战以来，伦敦知名百货公司Selfridges首次开放屋顶。食品业者为了替新产品造势，不惜花重金打造一个占地400平方米的屋顶人工岛和湖泊。除使用数英里长的钢铁加固屋顶，搬来数千植物、灌入大量染成明亮薄荷绿色的水外，厂商还放入12艘带有迷你桨的小船，一艘船最多承载2人。游客可以坐在船上，一边在碧绿的湖水中划船乘凉，一边俯瞰伦敦高低起伏的建筑景观，别有一番韵味。这个屋顶人工湖甚至专门设有一名救生员，有人不慎从船上跌下水也不用担心。人们在划船之余，还能在现场开设的一个鸡尾酒吧聊天喝酒、试吃新产品，这样的营销活动创意十足，工程难度也很高。尽管整个活动只有短短4天，但从现场民众的反应来看，这一营销创意应该已经给大家留下了深刻印象。,5,9,0.9921785593032837
新西兰出现“鱼坚强” 地震后无食活134天(图)今年2月22日在新西兰克莱斯特彻奇市发生的里氏6.3级地震又出现了两名幸存者，不过并不是人类，而是两条相濡以沫的小金鱼。这两条分别叫莎姬和黛芬妮的金鱼在没有食物、没有换水及过滤装置的情况下活了134天，直到这个月人们才发现了它们。这两条金鱼能活下来一方面是因为放金鱼的水箱体积较大，所以它们能从水箱壁和石头上长的野草获得足够的营养。另一方面自然生长的细菌也帮助净化了水源。,5,9,0.9905630350112915
小猫酷似希特勒被弃养 现苦寻新家(图)中新网7月30日电 英国剑桥郡有一只六周大的可爱小猫被人遗弃在路边，附近的动物收容所人员发现并且收留了它，但是令人意外的是，这只小猫看起来就像是二次世界大战纳粹德国元首希特勒，让工作人员啧啧称奇。据“今日新闻”报道，这只小猫被工作人员命名为琦特勒(Kitler)，它的嘴巴附近有着特殊的黑色胎记，看起来就像是“牙刷式胡子”，此外，小猫的头上也有黑色斑块，神似侧分边的头发，跟希特勒惯有的造型如出一辙。工作人员私下透露，琦特勒活泼爱动、非常的可爱。不过，由于它拥有和希特勒相似的特殊外型，以致于苦苦找不到饲主愿意收养它，“因为它是弃养猫，所以我们无法知道它的品种。虽然找过无数的饲主，但都没有一个人想要带它回家，我们想应该是因为它长得像希特勒让大家害怕。”琦特勒被动物收容所人员发现时，已经濒临死亡，所幸之后顺利的捡回一条小命，英国《每日邮报》报导时，更刊登出收养这只小猫的联络方式，希望替它找到一个新的家。,5,9,0.9920559525489807
美国艺术家用气球折出世界名画(组图)中新网8月3日电 据外媒2日报道，名画自古以来就有不少复制品，但是用气球再造名画可不常见。而纽约艺术家拉里•莫斯用不同形状的气球创作出别具风格的名画复制品。虽然不像名画一样价值连城，但拉里的一幅大型气球创作也价值数十万美元。除了画作，拉里还曾用10万个气球建造了一间1万平方英尺的鬼屋。拉里称他喜欢将名作用其他有趣的方式重塑出来，让这些经典名作少点庄重感。“我喜欢用普通的材料创作，气球就是个不错的选择。只要使用得当，什么都能成为艺术。铅笔、油漆、黏土都可以。”拉里说，“对于很多人来说气球只是一个玩具，是个一放手就上天的玩意儿。但是在我手中，人们会看到气球的其他用途。”就像《飞屋环游记》里卡尔爷爷的飞翔屋一样，拉里的气球就是他探索世界的工具。他说：“我的气球作品在世界各地展出。人们看见我的作品总会会心一笑。小熊维尼说过：‘有了气球就开心了。’气球会爆掉，但是愉快的记忆永存。”,5,9,0.7307946085929871
大马非法外劳漂白计划实施一周逾24万人登记中新网8月6日电 据新加坡《联合早报》报道，马来西亚非法外劳漂白计划自8月1日开始以来，至今已有24万5376名非法外劳进行登记。马来西亚内政部副秘书长阿威说，根据统计，雪兰莪州是非法外劳登记人数最多的州属，共有79855名非法外劳登记，其次依序是吉隆坡54041人，以及柔佛有31060名非法外劳登记。阿威指出，这些外劳都是通过全马各地197个移民局办事处设立的1934个服务柜台和336间外劳仲介公司进行登记。非法外劳漂白计划将进行至本月尾，以解决马来西亚大量非法外劳的问题。马来西亚保守估计约有200万名非法外劳。,5,7,0.9804883003234863
美海豚断尾后接仿生尾鳍 将拍电影讲传奇(组图)中新网8月8日电 据外媒8日报道，美国佛罗里达州一只名叫“温特”的海豚的故事在当地早已家喻户晓。5年前，这条小海豚在仅2个月大时不小心掉进了捕蟹笼导致尾鳍断裂，人们为救活它不得已对它进行截肢。“温特”没有了尾鳍就没办法存活，所以后来人们为它装上了树脂和硅制成的仿生尾巴，在经过了长时间的适应后，温特活了下来。后来，温特甚至能做出后空翻、拍水等让人惊叹的动作。温特的故事体现出的温情与人和动物之间的关爱感动了不少人。不少残疾儿童都来看过温特，并从温特的身上获得了勇气。12岁的小女孩汉娜•杰金斯失去了左手和左前臂，她说温特给了她活下去的力量。今年，温特即将成为电影明星出演它自己的故事。著名演员摩根•弗里曼、以及哈利•小考尼克和阿西莉•贾德也将参演电影。整部电影主要讲述了温特的仿生尾在制造过程中遇到的种种艰难，以及温特如何适应这条仿生尾，过上正常生活的故事。此片的导演是查尔斯•马丁•史密斯，影片将在今年秋天以3D形式在英国首映。,5,9,0.9995250701904297
哈里北极之旅险丢性命 先斩后奏防女王担心(组图)英国王位第三顺位继承人哈里王子今年年初曾与英国伤残军人一道前往北极探险。据英国媒体8月13日报道，有关哈里此次远征北极的纪录片《哈里王子的北极英雄们》将于近日播出，再现他在危机四伏的北极的种种经历，如险些冻掉耳朵及不顾性命危险横渡薄冰地区等。这部定于23日晚上9点在英国广播公司1台播出的纪录片显示，哈里王子心知北极之旅必定危险重重，因此事先并未告知女王，以免她担心。“我的父亲显然知道我来北极了，我的哥哥也知道。不过，我还是没敢声张，”哈里在纪录片中称，“我的爷爷奶奶和家里的其他人(知道了)肯定会说我疯了。”在哈里王子结束此行的最后一天，他的耳朵险些被冻伤。据哈里自述，事发时他正与同伴们开心地聊天，然后只看见探险队伍的一名导游滑着雪橇疾驰而来，边滑边大声喊着：“您的耳朵！您的耳朵！”听到示警的哈里马上将冲锋衣上的风帽罩在了头上，保住了耳朵。不过，哈里北极之旅的最大挑战还是出现在第二天，当时探险队需要穿越一片极其危险的薄冰区域，而哈里王子是最后一个通过。“我和同伴几乎掉到海里，”哈里透露。由于军方另有任务指派给哈里王子，因此他不得不提前结束北极之行。“我很想跟大家一道继续在北极探险，”哈里临走前说，“我会很想念大家的。”据了解，哈里王子的这次北极探险旨在为英国“与伤者同行”慈善基金会筹款，与其同行的有4名在阿富汗战场上受伤致残的英国大兵，他们都是该基金会的成员。这4人最终成功抵达北极点，改写了一项世界纪录，成为第一个“自助”徒步横穿北极的残障团队。整个探险之旅总共耗时12天，哈里王子参与了最开始3天的活动。 (记者：杨洁),5,9,0.5483531355857849
"美国马里兰州政府新大楼开发项目说明会世贸通(微博)北京推介会： 时间：10月23日(周日)下午14：30地点：北京市朝阳区金桐西路10号远洋光华国际A座8层嘉宾：区域中心代表Mr. John Jiang全国预约电话：400-0909-899世贸通深圳推介会： 时间：  10月23日(周日)下午14：30地点： 深圳市福田区福华三路时代财富大厦12楼嘉宾：亚太区总监Joel Craig全国预约电话：400-0909-899(项目区域中心代表将亲临说明会，现场与预约到场的投资移民客户面对面分享这一项目)项目概况： 项目总投资：2.3亿美元马里兰州政府投资：3000万美元发行债券融资：1.35亿美元EB-5投资款：6500万美元EB-5投资人：130名项目简介： 马里兰州州政府被世界著名信誉评级机构穆迪评级为AAA最高等级，开发项目为马里兰州政府中心新办公大楼，由州政府投资参与项目开发，获州立法保障。该项目共分为5个开发阶段，总共为期15年的长期开发计划。地理位置极佳，处于巴尔的摩市中心，9个老城区的核心区域。建成后的项目将成为马里兰州政府办公区，16个州政府机构和3500名政府雇员集中在此办公；EB-5资金主要参与开发项目I期中2座新办公大楼的建设工程，共占地3.52英亩，2座办公楼总出租面积为605,000平方英尺，其中包括75,000平方英尺的专卖店和商店；项目总投资约为2.3亿美元，其中马里兰州政府投资3000万美元，机构投资者投资1.35亿美元，EB-5融资6500万美元(共130个名额)；项目预计于2011年底开工，建设周期33个月。项目可创造2216个工作机会，超出移民局要求的1.7倍，完全满足I-829绿卡条件解除的指标。投资移民客户将获得每年0.5%的利息，五年后一次性支付。项目优势： 美国AAA级信誉州政府投资开发的立法保障项目马里兰州经济繁荣，家庭平均年收入约62,000美元，居全美第一，信用评级被国级机构穆迪评为AAA级，本次开发建设的马里兰州政府大楼项目，由州政府投资3000万美元参与建设，由州议会立法保障，获州政府大力支持。发行债券融资比例高达72%的利好项目项目总投资为2.3亿美元，其中马里兰州政府投资3000万、发行债券融资1.35亿，EB-5投资移民客户投资款为6500万，仅为项目总投资的28%。创造超出移民局要求1.7倍就业机会的绿卡保障项目第一期项目开发将产生2216个就业机会(完全不包括将在大楼里工作的州公务员就业)，远远超出130名EB-5投资者I-829申请所需就业总数70%之多。特聘双律师护航的双重保障项目 项目区域中心主席David Morris先生本身就是出色的美国移民律师，是全美移民律师协会EB-5委员会十大成员之一。除此之外，世贸通还特别聘请了项目专属律师、美国移民大律师Darren Silver先生，为投资移民客户提供双重保障。充足抵押担保还款的安全项目开发商已与州政府签订独家项目开发协议，并为项目前期开发投入930万美元，2座办公楼建成后的预计商业市值约3亿美元，建设公司提供“按时，按预算”建造及完工担保  ，以其房产及租金收入等作为按揭抵押担保。",5,4,0.8209749460220337
美攀岩爱好者飞檐走壁 徒手征服10座峭壁据外媒22日报道，要说世界上攀岩爱好者中的“牛人”，美国(微博)小伙亚历克斯·哈诺德可称得上是其中一个。今年26岁的哈诺德是攀岩老手，在没有绳索的帮助下，他攀爬了大半个地球的陡峭高峰。西起加州的约塞米蒂国家公园中著名的酋长岩，东至东南亚的最高峰神山，都留下了他的脚印。“攀登在世界各地是对当地文化的探索，这就是攀岩的真谛。”哈诺德说。哈诺德攀岩技巧相当高超，用飞檐走壁来形容一点儿也不过分。普通人攀爬酋长岩往往需要一两天，哈诺德不到3个小时就能到顶。作为一个专业攀岩家，哈诺德说当踏上峭壁的那一刻，所有恐惧就烟消云散。“当一切顺利时，你不会觉得害怕。这只是你正在做的事情。当然，攀爬的过程中有不少时候你都会怀疑自己，那个时候就要排除杂念，一心向前。”哈诺德说，“攀岩是一个过程，永不止步是最好的诠释。”尽管哈诺德已经征服了10座峭壁，勇夺“最无畏攀岩者”的称号，但他仍旧保持着低调谦虚的神态：“我从来没觉得自己是攀岩明星，或是认为我名气大。因为别人没有攀岩过也不会去，所以才觉得我不可思议。”,5,9,0.6222173571586609
英90岁老爷爷瞒着妻子跑马拉松 骨折仍不服(图)据外媒5日报道，英国一名已经90岁高龄的老头，最近偷溜出门参加半程马拉松(half-marathons)比赛，被逮个正着，原来是邻居看见他上了电视，通风报信给担心他身体状况的老婆。据报道，这名逗趣的老爷爷库帕(Wilf Cooper)其实近几年来，已暗中跑了6次马拉松，每次都跟老伴撒谎，说自己只在场边观看，没有参赛。库帕当年是英国(微博)特别海勤部队(Special Boat Service)的成员，平时认真锻炼身体，在83岁时首次跑完半程马拉松比赛，成绩是令人敬佩的3小时11分36秒。90岁的库帕不希望妻子担心自己的身体，但他对跑步的热爱身甚至胜过了对身体的关爱。有一次，他从楼梯上摔倒，肩膀脱臼，肋骨折断，就在这样的情况下，还偷跑出去准备参加比赛。今年也将欢度90岁大寿的库帕妻子西尔维娅(Sylvia)一直被瞒着，直到此次从邻居那得知丈夫的“秘密行动”。西尔维娅说：“邻居说他上电视了，我这才知道。我可以告诉你们，他那天被罚睡狗屋。”她说：“我很担心，他20年前曾心脏病发，但还是挡不住他。”库帕则表示，他喜欢做运动的感觉，这样人会保持健康。他每天在楼梯上跑上跑下，一次10趟，一天3次。他还会举举哑铃，骑骑电单车。他说：“虽然老婆发现了我的小秘密，而且不太高兴，我还是想再跑最后一次，因为我的骨头也差不多该断了。”库帕说，他跑马拉松可以筹集慈善捐款，去年他筹到1200英镑，最高纪录有一次是1690英镑。库帕夫妇结婚67年，感情要好，有7名女儿，14名孙辈，11名重孙辈，可谓是一个幸福的大家庭。,5,9,0.6398874521255493
智利艺术家手绘3D铅笔画 栩栩如生网上大热据英国《每日邮报》9月6日报道，智利艺术家弗拉迪米尔 伊诺斯特罗萨近来以一系列形态逼真的手绘3D铅笔画在网上受到追捧，并且他还有意在线下推广他的艺术作品。伊诺斯特罗萨现年20岁，笔名为弗雷多，在一个偶然的机会获得了创作3D铅笔画的灵感。当时伊诺斯特罗萨正躺在床上用铅笔在纸上画蝴蝶，一不小心将画画到纸张外面。心中颇为懊恼的他仔细地对作品看了又看，突然发现“画坏”的蝴蝶有展翅欲飞的架势，灵感来了的伊诺斯特罗萨急忙拿着炭笔又在画上添了几笔阴影，然后拍照留念。自此以后，他就开始了创作3D铅笔画的艺术生涯。业内人士认为，伊诺斯特罗萨的画法与英国(微博)3D艺术家朱利安 比弗的画法很相似。伊诺斯特罗萨的博客现在已经成了网上的大热门，“脸谱”账号也吸引了数千名粉丝，更有众多的网页自发宣传他的作品。,5,1,0.8468059301376343
意大利检察官提议取消“非欧盟国家移民”称呼中新网9月8日电 据意大利欧联通讯社报道，近日，意大利萨沃纳地区首席检察官格拉内罗提议所有与检察院有合作关系的司法警察机构不要再使用“非欧盟国家移民”的称呼，他认为这些机构递交给检察院的有关犯罪指控、举报及其它文件中对移民(微博)的称呼应该使用“外国公民”这个词语。格拉内罗检察官解释说，“非欧盟国家移民”这个词语具有消极的含义，令我感到很不愉快，因此我提议这些机构使用“外国公民”这个词语，同时也与“意大利公民”这个词语相对应。对此提议表示赞同的还有国家司法协会利古里亚地区主席弗朗西斯平托，他表示，欧洲法院已多次强调取消含有歧视性的词汇，随着时间的流逝，从术语的角度看，我也认为“非欧盟国家移民”的称呼蕴含着歧视的意味。(记者：李佳),5,7,0.6501430869102478
英94岁老妇坐轮椅嫁84岁老头 谱浪漫黄昏恋中新网9月6日电 据“中央社”6日报道，英国(微博)一名已经94岁的老妇人近日决定从医院病床上起身，跟她84岁的爱人喜结连理。两人的黄昏恋感动了许多人，大家纷纷送上祝福，因为他们是真正的“白头偕老”。据报道，94岁的英国妇人薇•斯坦纳德( Vi Stannard)9月1日下午跌倒受伤，她已经84岁的恋人沃克(Derek Walker)说，“我们1日到费来福(Flatford)的河边时，她失足跌倒。”他说：“我必须将她送到医院。但我们还是举行了婚礼，这太棒了。”斯坦纳德则表示，就算在医院躺了几天，她还是决心在 9月3日走下病床，与恋人走上红毯，步入婚姻殿堂。这名勇敢的新娘坐在轮椅上，准时抵达结婚教堂。在满心喜悦的儿子戴维(David)陪同下，她坐着轮椅走了红毯，高兴地接受亲朋好友的祝福，其后，她必须回到伊普斯威治(Ipswich)医院，做进一步的治疗。报道指，这对新人的年龄加起来有178岁，别人在他们这个年纪都在庆祝结婚50年或60周年，他们却才新婚。新郎沃克还说：“薇在这整件事上表现得非常勇敢，医院顾问说，只要不要出外太久就没问题。”不过，斯坦纳德这次跌倒，使得他们不得不将梦想中的蜜月旅行延期。他们希望斯坦纳德的身体能快点好转，在月底能出发度蜜月。据悉，15年前，斯坦纳德搬到宁静乡村哈克史提德(Harkstead)，为了跟她的儿孙住得近一点。在那里，她结识了退役的英国皇家海军外科医生指挥官——沃克，两人随后陷入爱河。当了一辈子单身汉的沃克，12年前在康沃尔(Cornwall)渡假时，向斯坦纳德求婚。但两人直到现在才结婚，因为斯坦纳德是一名虔诚的基督徒，尽管和第一任丈夫分居40多年，但不想跟他离婚。她当时的丈夫在去年10月过世，享年97岁。,5,9,0.8833842277526855
性骚扰困扰旅西华人女性 华媒吁学会保护自己中新网9月20日电 据西班牙《欧华报》报道，旅居海外，安全最重要。众所周知，西班牙的治安状况并不理想，小偷、骗子和抢匪在西班牙横行无忌。而对于旅西华人女性来说，除了要防偷防抢，同时还要时刻警惕无处不在的性骚扰。据不完全统计，语言上的性骚扰是旅西华人女性最常遇到的。留学(微博)生小秋旅西时间不长，小秋家境并不殷实，为缓解家人的经济负担，小秋迫切的希望找到一份兼职工作。因为来西时间短，西语不熟练，没什么特长，小秋在找工作时四处碰钉子时，正巧小秋的一个男同学在餐馆做洗碗打杂的工作，他要回国度假，想找人暂时顶替他的工作，小秋欣然接受这份暑假短期工。打工前，她就做好吃苦的准备，虽说有洗碗机，但WOK餐馆的碗筷很快就堆积成山，好在厨房的工友都很照顾她，尽管累得够呛，小秋心里还是蛮开心的。做了两星期后，工友们和小秋，后厨唯一的一名女孩也混熟了。一开始，他们经常和小秋开玩笑，戏耍她玩。之后，他们就开始给小秋讲笑话，可这笑话越讲越低级，后来便是赤裸裸地黄色笑话。有时趁老板不在，餐期又不忙的时候，他们就围过来和小秋聊天，问得都是些非常私人的问题。这些隐私问题和色情笑话让小秋非常尴尬，她不止一次劝说他们停止这样的行为，可几个男人竟然乐此不疲。在干满一个月后，小秋毅然辞职了。她非常气愤地说：“工作辛苦些倒没什么，可作为一个女孩得不到尊重，实在太可怕。”白领马小姐的颈椎一直不好，看了几次西医，也没找出病因。在朋友的建议马小姐找个华人医生做做按摩，说不定会能缓解病痛。马小姐通过小广告来到王医师的小诊所。王医师自称是国内著名医学院的毕业生，最擅长的就是针灸推拿。检查后，他告诉马小姐，她的颈椎没多大问题，只是工作时坐姿不正确，颈部肌肉一直保持过度僵硬的状态，才会引发病痛。只要平时注意改善坐姿，合理的休息，并通过按摩舒缓肌肉，疼痛现象就会慢慢消失。就这样，马小姐开始为期一个月的按摩治疗。起初王医师很客气，每次按摩都是规规矩矩的，治疗效果也不过。大概过了半个月，马小姐发现王医师看她的眼神变得异样，按摩的手法和部位也和从前不太一样。王医师的手经常在马小姐的背部，靠近胸部的位置徘徊，时而还轻轻触碰一下。与此同时，王医师开始打听马小姐的三围和交友经历。马小姐实在忍无可忍，急忙从按摩床上做起来，披上外衣，谎称自己胃痛，匆匆离开了诊所。从那之后，她再也没去找王医师看过病。牛莉今年22岁，从福建一个人来西闯荡。因为没有居留，也没有亲戚照应，她在马德里郊区一家非常偏僻的食品店找到工作。食品店老板是一个四十多岁的中年男人，他的妻子有时会来店里帮忙，但也只工作到7、8点，就回家照顾孩子去了。店里只留下中年老板和牛莉两个人。牛莉的社会经验不足，所以一开始她一直以为老板是个热心人，因为老板经常非常关切和她聊天，有时搬重东西，他还主动帮忙，有时还非常“疼爱”地用手拍拍她的头和肩膀。因为老板的儿子已经16岁了，平时都叫牛莉姐姐，所以牛莉一直以为老板对她的关爱就向长辈疼爱晚辈一样。可后来，牛莉发现，老板对她一直动歪心眼。最后与老板摊牌后，当然牛莉没有拿到她应得的工资，因为她再也不愿意去面对那个禽兽一样的老板。在此，提醒旅西女性一定要学会保护自己。在一般人际关系中与男性说话要落落大方，尽量避免过分女性的言辞和腔调。一旦遭到性骚扰，千万不要惊惶失措，也不要使用伤害性语言，以免激怒对方，这时，被骚扰者的镇静和机智非常重要。,5,7,0.7371896505355835
猕猴摆“思想者”姿势令人忍俊不禁(图)中新网(微博)9月22日电 据外媒21日报道，在印尼苏拉威西岛上的通可可国家公园，一只黑色恒河猕猴在德国摄影师卡斯滕•罗贝尔的镜头前不停摆姿势，仿佛为了显示自己“博学多识”有人样。猕猴翘起一条后腿支着下巴，两爪环在前面，与罗丹著名雕塑“思想者”颇为神似。护林员告诉罗贝尔，这只猕猴大概在“思考”怎样成为猕猴群里的老大，“大部分猕猴都在水里嬉戏，就跟孩子一样，唯独这只坐在岸边静静思考，还观察着自己的同伴。”罗贝尔说，“这张照片让我觉得人类与猴子猩猩的联系有多么紧密。”,5,9,0.9964519739151001
调查显示德国56万人上网成瘾 青少年易陷入网瘾中新社(微博)柏林9月26日电 德国联邦健康部委托两所大学在全国范围内对网瘾情况进行调查，26日公布的结果显示有56万人上网成瘾。这项调查在14到64岁的人之间进行。其中1%的人每天平均上网4小时以上，在专家看来属于成瘾。另有250万人每天上网3小时以上，被划为有成瘾倾向。上网成瘾者的比例和吸大麻者数字相差无几。有关专家对这一调查的结果进行分析后说，14到24岁之间的青少年尤其容易陷入网瘾，他们流连于社交网络或者网络游戏中，有些人因此丧失了对使用网络的控制能力，在极端情况下这些人还会丧失在学校以及职场上的社交能力，因为这些人在虚拟世界中感到充实以及被尊重，而现实世界也许无法给与他们这些东西。调查结果还表明，14到16岁之间的年轻人中，女性比男性的网瘾更大。专家认为产生这种现象的原因是女孩子更喜欢被恭维，而在交友网中她们得到的赞美更多。不过网瘾对少男造成的身体损害似乎多于少女，因为那些嗜好网络游戏的少男几乎从不出门。调查中专家通过一些标志性行为来判断上网成瘾的程度，例如上网时间、与现实世界其他人的交往情况以及戒网瘾的困难程度等。(记者：黄霜红),5,9,0.8361417651176453
“冲浪狗”大赛 参赛狗各领风骚萌态可掬(组图)中新网(微博)9月27日电  据外媒26日报道，第3届冲浪狗大赛日前在美国加州的亨廷顿海滩举行。虽然狗狗们对比赛规则还不熟悉，但它们仍然体现了极佳的“体育精神”，四条腿在冲浪板上岿然不动，颇有“大将”风范。据悉，参赛的冲浪狗按体重分成4个级别，范围从重9公斤以下的小型犬至超过27公斤的大型犬。冲浪狗需在冲浪板上待上至少10秒钟。比赛组织者丽萨•斯科曼表示，今年比赛有40余条狗参赛，“今年的比赛吸引了不少参观者，不过也吓跑了不少看见巨浪滔天的小狗。不过整个赛事还是值得一看的，更何况之后还有化装舞会和竞走。”斯科曼说。最终，一条澳大利亚卡尔比犬以冲浪60米的距离，创造了狗冲浪最长距离的吉尼斯世界纪录。,5,9,0.9400414824485779
华人妈妈分析日本“奶爸”回归家庭三要素中新网(微博)9月28日电 据日本新华侨报网报道，“我喜欢家里的‘奶爸’。”一位华人妈妈最近参加了日本最大的玩具制造厂商——万代玩具公司开展的一项调查。得知调查结果后，她满脸洋溢着幸福这样说。据了解，今年6月，日本万代玩具公司对拥有0-12岁孩子抚养权的2000名父亲实施了一次问卷调查。受访父亲的孩子为男童、女童各1000人，其年龄是以每三岁为一个“年龄段”进行区分统计。这项调查结果表明，“完全不愿意从事育儿活动的父亲”，在2000名受访者中只有58人，占受访者的2.9%。8年前进行同一调查时，此类父亲为240人，占受访者的12%。也就是说，与8年前相比，“完全不愿意从事育儿活动的父亲”减少到近乎四分之一。“奶爸”回归家庭，势头增长明显。与此同时，在这次调查中，回答“为了育儿什么都愿意做的父亲”，人数有99人之多，上升至受访者的5%。日本的“奶爸”在家中最喜欢和孩子做什么事情？调查表明，他们最喜欢做的事情还是和孩子一起洗澡。表示“愿意与孩子一起洗澡”的人数为984人，占受访者的49.2%。有意思的是，8年前进行调查的时候，日本“奶爸”愿意做的第一项事情也是这个。这位华人妈妈告诉记者，丈夫在日本一家金融机构工作，女儿已经5岁。每天傍晚，女儿都会让妈妈早早准备好一澡盆热水，等着爸爸回家一起洗澡。“看着老公在澡盆里面和女儿一起游玩，我就感到非常的幸福。”在调查中，“愿意与孩子一起做游戏”的人数为680人，占受访者的34%，位居第二。“愿意一起完成作业或者帮助辅导学习”的人数为184人，位居9.2%，名列第三位。从调查结果看，日本“奶爸”还是很细心，也有耐心的。对0-2岁的幼儿，表示“愿意帮忙换尿布”的父亲人数为88人，占受访者的17.6%。对3-5岁的儿童，表示“愿意教孩子刷牙”的父亲人数为37人，占受访者的7.4%。那么，日本为什么会出现这种“奶爸”回归家庭的社会现象呢？这位华人妈妈掰着手指头分析说，第一，随着终身雇佣制的打破，日本男性不再整天围着工作转，他们逐渐开始尝试其他生活方式，把私人生活放在第一位，愿意承担照顾孩子的责任。第二，日本女性的经济地位和社会地位都在不断提高，她们许多人改变了传统的结婚以后、或者生孩子以后就要辞职的做法，和丈夫一起分担抚养孩子的家庭职责。第三，日本政府推进立法工作，也促进了“奶爸”的回归。2010年6月，日本通过《育婴及家庭照料休假法》修订版，规定爸爸们可以休较长假期照顾孩子。第四，日本社会也渐渐接受“奶爸”现象。近年来，男性顾家、懂得照顾孩子，被视为有责任感、有爱心的表现。(记者：洪琳),5,7,0.5414013266563416
全美每年约130万女性遭受家暴威胁 亚裔占12.8%中新网(微博)9月29日电 据美国《星岛日报》报道，美国疾病控制及防御中心(CDC)、国家司法学会(National Institute of Justice)和其它机构27日联合公布统计，不分年龄层，全美约有四分之一女性曾在其人生中面临家庭暴力的威胁。根据美国律师协会(American Bar Association)数据显示，全美每年约有130万名妇女受到严重的家庭肢体暴力，逾千名遭到另一半杀害，其中亚裔占12.8%、白人21.3%、非裔26.3%。虽然单就统计数字而言，亚裔妇女受到家暴的数字并不算高，但若依各族裔人口在美的比例来说，亚裔仅占4.8%，受到暴力对待的数据却高达12.8%，比例之高令人咋舌。施暴者通常都是女性亲密的另一半，而许多女性在遭受家暴时，选择默默隐忍，不向外界求助。依司法统计局(Bureau of Justice statistics)的研究报告指出，情况以年龄20至24岁的年轻女子最为严重。这个年龄层女性尚未有足够的爱情经验，在面临男友变成施暴者时，常因心软选择原谅，或是怀抱着“未来会更好”的希望，期盼对方会为自己改变，两人能携手共创美好的将来。女性面对暴力虐待的情况大略分成三种，第一种身不由己型，在发现丈夫或男友有暴力倾向后，她们即使想离开却又禁不住对方的甜言蜜语，一次又一次地重回施暴者的身边，若不向外界求助，通常无法靠自己的力量逃脱。第二种是激烈反击型，有些女性受到另一半家庭暴力威胁后，会选择间接以言语或直接以肢体反击，不过往往落得更严重的下场，此类女性容易转变成未来的施暴者，因为她们不明白暴力有何不妥之处。最后一种是自欺欺人型，少部份女性会将施暴者动手的原因往身上揽，认为是她们令施暴者失控，所以要负起大部份责任。这类的女性不仅没想过离开，更不敢反击，她们只是一味地检讨自己，即使有外界介入，也不见得能脱离暴力的深渊。由亚太妇女中心(Asian Pacific Women’s Center)辅导的华裔受害人CH在接受媒体访问时表示，她曾经以为永远无法脱离家暴的循环，不过在多个社会团体的协助下，她终于勇敢踏出第一步。目前施暴人仍在追寻CH的下落，甚至在2010年时企图杀害她，不过CH说，脱离家暴的恐惧后，她对现在的生活感到很满足。,5,7,0.46343284845352173
比利时老汉酷爱穿企鹅装 愿葬身南极(组图)中新网(微博)9月30日电  据外媒29日报道，走在比利时首都布鲁塞尔的街道上，或许能碰见一个穿着“企鹅装”蹒跚而行的老头，仿佛要去参加一个化装舞会。然而，他并不是去参加舞会，他只是太热爱企鹅，希望自己能像企鹅那样生活。这位79岁的老人名为阿尔弗雷德•大卫，绰号又称“企鹅先生”。他40年间都对企鹅热爱得无以复加，甚至自己也想变成企鹅。大卫还宣称，他死后要穿着他的“企鹅装”安葬在南极洲——他说他“一辈子的梦想就是葬在企鹅生活的海洋中”。大卫是1968年爱上企鹅的。他说那年他被汽车撞到了臀部，导致走路摇摇摆摆，因此同事们戏称他为“企鹅先生”。没想到大卫竟真的爱上了企鹅，他收集所有与企鹅相关的物品，甚至开了一个“企鹅博物馆”，展出了他3500件企鹅藏品。大卫甚至也想把自己的名字正式改为“企鹅”，遭到了妻子的强烈反对后才作罢。,5,9,0.9396534562110901
"美国马里兰州政府新大楼项目青岛说明会世贸通(微博)青岛说明会： 时间： 10月 22日(周六)下午14：30地点：青岛市市南区香港中路36号招银大厦2001室嘉宾：亚太区总监Joel Craig全国预约电话：400-0909-899项目概况： 项目总投资：2.3亿美元马里兰州政府投资：3000万美元发行债券融资：1.35亿美元EB-5投资款：6500万美元EB-5投资人：130名项目简介： 马里兰州州政府被世界著名信誉评级机构穆迪评级为AAA最高等级，开发项目为马里兰州政府中心新办公大楼，由州政府投资参与项目开发，获州立法保障。该项目共分为5个开发阶段，总共为期15年的长期开发计划。地理位置极佳，处于巴尔的摩市中心，9个老城区的核心区域。建成后的项目将成为马里兰州政府办公区，16个州政府机构和3500名政府雇员集中在此办公；EB-5资金主要参与开发项目I期中2座新办公大楼的建设工程，共占地3.52英亩，2座办公楼总出租面积为605,000平方英尺，其中包括75,000平方英尺的专卖店和商店；项目总投资约为2.3亿美元，其中马里兰州政府投资3000万美元，机构投资者投资1.35亿美元，EB-5融资6500万美元(共130个名额)；项目预计于2011年底开工，建设周期33个月。项目可创造2216个工作机会，超出移民局要求的1.7倍，完全满足I-829绿卡条件解除的指标。投资移民(微博)客户将获得每年0.5%的利息，五年后一次性支付。项目优势： 美国AAA级信誉州政府投资开发的立法保障项目马里兰州经济繁荣，家庭平均年收入约62,000美元，居全美第一，信用评级被国级机构穆迪评为AAA级，本次开发建设的马里兰州政府大楼项目，由州政府投资3000万美元参与建设，由州议会立法保障，获州政府大力支持。发行债券融资比例高达72%的利好项目项目总投资为2.3亿美元，其中马里兰州政府投资3000万、发行债券融资1.35亿，EB-5投资移民客户投资款为6500万，仅为项目总投资的28%。创造超出移民局要求1.7倍就业机会的绿卡保障项目第一期项目开发将产生2216个就业机会(完全不包括将在大楼里工作的州公务员就业)，远远超出130名EB-5投资者I-829申请所需就业总数70%之多。特聘双律师护航的双重保障项目 项目区域中心主席David Morris先生本身就是出色的美国移民律师，是全美移民律师协会EB-5委员会十大成员之一。除此之外，世贸通还特别聘请了项目专属律师、美国移民大律师Darren Silver先生，为投资移民客户提供双重保障。充足抵押担保还款的安全项目开发商已与州政府签订独家项目开发协议，并为项目前期开发投入930万美元，2座办公楼建成后的预计商业市值约3亿美元，建设公司提供“按时，按预算”建造及完工担保  ，以其房产及租金收入等作为按揭抵押担保。",5,4,0.8921895623207092
加拿大男子徒步旅行11年 行程74万公里走过64国中新网(微博)9月30日电 据台湾“中广新闻网”报道，加拿大男子布利瓦11年前，从蒙特利尔启程，步行环绕世界，他在走了74.5万公里，走过64个国家之后，终于完成了他的梦想壮举。布利瓦因为生意失败，2000年8月18号，在他45岁生日当天，打算徒步环绕世界一圈。他暂别同居女友，推着一个三轮车，装着必需物品启程。在这十一年的旅程中，他以笔记本电脑与亲友联系，并开设自己的网站纪录行程，他走过高山、沙漠，体验不同的文化，他在非洲吃蝗虫，在中国品尝蛇肉，在菲律宾由武装军人护送旅行。这一路上，他走破了53双鞋，三轮车也爆胎多次。他说，在十一年的旅程中，如果没有他人的协助，他无法完成旅行。现在，他再度回到蒙特利尔，他的女友展开双臂欢迎他，他的儿子也已经长大成人。,5,9,0.8382865190505981
华人家暴受害者更看重面子 多不愿家丑外扬中新网(微博)10月16日电 据西班牙《欧华报》报道，近年来，“家庭暴力”这个词在旅西华侨华人的生活中频繁出现。华人媒体也多次报道因家庭暴力引发的惨案。尽管媒体一遍遍呼吁和提醒各位侨胞尊重伴侣、关爱生命、终止暴力，但家暴的悲剧却一直从未停止过。在我们身边，仍有不少女性已经或正在遭受家暴。据调查，20世纪全世界至少有四分之一的女性曾受到过丈夫或男友的虐待。在美国，平均每7秒就会发生一起家庭暴力案件，而其中的受害者不乏华人妇女。在西班牙，仅2010年一年就有73名女性因伴侣的家庭暴力致死，平均每五天就会死亡一人。而2009年，有55人死于家暴，在一年间，家暴的死亡率增加了近30%。而这个数字只显示家庭暴力的冰山一角。为制止家暴案件的发生，西班牙加大了对家暴案件的惩罚力度，从前法律规定要多次侵犯、伤害亲属的身体和精神才构成家庭暴力犯罪，而现在，只要出现一次家庭暴力，罪名就可以成立，将直接面临法庭审判。同时开设了接待受害女性的办公室等服务。但据统计，华人家暴受害者的求助却是凤毛麟角。小丽，浙江人，来西班牙已经5年了。前年，她最好的朋友圆圆也来到西班牙。没多久，圆圆就和同在餐馆打工的小马谈起恋爱。看着他们二人甜甜蜜蜜的样子，小丽特别高兴。和她男友相处几次，印象还不错。一次，因为工作中的疏忽，小马的胳膊被油锅烫伤，老板只给了小马200欧元的“摆平”费，就把他炒掉了。圆圆也因此离开餐馆，来到一家百元店打工。她白天在店里工作，下班回家还要给小马做饭，打扫卫生、洗衣物。小马以养伤为名，呆在家里，每天只知道对着电脑玩游戏。转眼过了3个月，小马的伤势已经完全恢复。圆圆就建议小马出去找份工作，来贴补二人日常的开销，可小马却一直拖着不去。某天，圆圆在百元店被老板无缘无故地批评一顿，憋着一肚子的气回到家，一进家门，看到小马还在玩游戏，她就更加生气。屋子里乱七八糟，小马中午吃完肯德基的骨头扔得满地都是。圆圆一边收拾，一边抱怨。小马听得烦了，让圆圆住嘴。而圆圆越说越激动：“冰箱里不是给你留了饭吗？你干嘛还花钱买肯德基吃啊？不挣钱，还乱花钱！”不知这句话刺痛了小马的哪根神经，他一把拉住圆圆，回手给了她两耳光。打完后，一句话也没说，就离开了家。当圆圆站在小丽家门口时，眼睛哭得全肿了。为了避免冲突，当夜小丽把圆圆留在家过夜。第二天一早，小马就上门来找圆圆，他一遍一遍地向她认错，并保证今后绝不会动手打她，而且立刻就去工作。至始至终，圆圆还是喜欢小马的，她很快就心软了，跟着小马回了家。大概过了1个月，小丽接到圆圆电话，她在电话里一直哭，希望能再次收留她一晚。当天晚上，圆圆又是哭红着眼睛出现在小丽家门口。晚上睡觉脱衣服时，小丽看到她身上大片淤青。原来，自从上次动粗后，小马并没有就此收手，而是变本加厉地折磨圆圆。只要一句话不对他胃口，他便对圆圆拳打脚踢。而此次吵架，是因为圆圆无意中发现，在家无所事事的小马在网上找了好几个女朋友，趁着圆圆不在家的时候，就在网上和她们甜言蜜语地聊天解闷，而且还和其中一个女孩裸聊。这意外的发现，让圆圆痛不欲生，自己已经为小马付出一切，她可以接受他无所事事，不学无术，可她无法忍受小马做出这样下作恶心的事情。当夜二人又是一番争执，当然，圆圆又是被小马一顿毒打。过了一周，在小丽的陪同下，圆圆才鼓足勇气回到了她和小马所租的住家。不出所料，小马和上次一样赔礼道歉，甚至还下跪请求圆圆不要走。看着小马跪在地上，小丽都觉得有些难为情，索性关上了房门，退到客厅里等她。让小丽万万没有想到的是，此时屋子传来厮打的声音，只见圆圆推开门，拼命往外跑，跟在身后的小马歇斯底里地在后面追，刚跑两步，他就抬起一脚，一下子踹在圆圆的后腰上，当时就把她踹倒了。这突如其来的一幕把小丽都吓傻了，刚刚还是哭哭啼啼道歉的小马瞬间变成一个面目狰狞的恶魔。小丽把圆圆扶起来，并立刻拿出手机打算报警。可更让小丽意外的是，圆圆竟然一把抢过手机，不让报警。小丽既生气又着急，小马已经把圆圆不当人看了，她为何还要维护他呢？小丽告诉圆圆不要害怕，西班牙社会特别同情受到家暴迫害的女性，对施暴者会施以重裁的。到时候，把小马抓起来，就不会有人再欺负她了。听到这里，圆圆竟然嚎啕大哭，她说，她不能让别人知道她被小马打了，这传出去实在太丢人。更重要的是，她已经怀了小马的孩子，她不想孩子一出生就没有爸爸。那天，小丽并没有报警。圆圆也没有离开那个家。小丽的内心一直隐隐作痛，她理解圆圆进退两难的处境，但是她的忍让只是对小马暴行的一种纵容。她已经吃了太多苦，可却依旧执迷不悟，真是太让人心痛了。(记者：湛卢),5,7,0.970280110836029
组图：乌克兰艺术家用胶带作画惟妙惟肖这些惟妙惟肖的画作竟是乌克兰51岁艺术家Mark Khaisman用透明胶带“贴”出来的，让人难以想象，不可思议。他的作品多以人物肖像为主，现实生活中普普通通的胶带，到了这位艺术家手里就成了一只神奇的画笔。(来自：mysenz),5,1,0.6134048700332642
海归时装设计师王黎：舞动古都的中国红西安市未央区凤城一路，留法海归王黎在这里创办公司，实现将自己的时尚理念引入中国、引入大西北的梦想。美丽无处不在对于学习服装设计，毕业后在法国实现创业的王黎来说，留学法国是人生路上走得很精彩的一段。法国恣意的游学过程与完成学业后的创业经历，是她认为最有意义的地方。她说：“服装设计如任何一门艺术一样，课堂的学习不是重点，其精髓在于表达个人所看、所想、所悟。”在法国学习与工作的6年，王黎尽自己所能，用心地去触摸、去体验、去表达生活。她背包看世界，利用每一个假日，探访欧洲每一个有风情的地方，品尝每一道有特色的菜肴，体验不同地域不同人的不同风格，也从不同角度感受美的存在。6年的全身心投入，使王黎的人生价值观和生活追求发生了变化。法国人慵懒却严谨的为人处事风格，让她看到了自己人生追求的方向：不仰慕华而不实的物质享受，更注重追求自我的浪漫体验与个人存在。这样的理念之下，美对王黎来说便无处不在，艺术成了生活的一部分。舞动的“中国红”在法国有了自己的创意工作室之后，王黎今年5月回到中国创业。本是湖南人的她，却作出去陕西创业的决定，这也许会让很多人不解。王黎对自己的决定有自己的想法。这还要从一次比赛说起。在法国参加过多次时装设计比赛的王黎，曾以“中国红”作为自己的参赛主题，自己穿着中国红在艾菲尔铁塔的舞台舞蹈，并取得很好的成绩。谈到这次比赛，王黎很激动，“这次比赛是这几年来我认为收获最多的一次。观众是如此热爱我的表演，我到台下后好多大人和小孩都跑过来与我合影，称赞我的‘中国红’。人们觉得我美得其所，美得自在，内心的表达得到共鸣，这就是我的成功。”这次比赛之后，除了自己对美的表达得到认同，实现艺术里的个人存在之外，王黎的另一收获就是：真正感受到美是无国界的。无论是中国符号“中国红”，还是法国符号艾菲尔铁塔，只要能让人们得到美的体验，自己的作品就会得到认可，取得成功。有了这样的认识，让本身就对中国文化充满喜爱的王黎，坚定了回国创业，将中国文化更好地融入自己的创作，将自己对时尚的感悟带回中国的决心。回古都做时装西安是中国十三朝古都，在王黎看来，“环肥燕瘦的时尚印记还烙在西安的城墙根儿”。西安就是一座文化古城，有着自己浓厚的文化气息。然而，西安也是一个低调的城市。王黎遗憾道：“这个硕大的城市似乎与现代时尚无缘，没有自己强势的时装品牌，也与一些时尚的事件扯不上关系”。但是，在王黎的认识里，文化就是一种时尚。西安作为“有文化”的名城，有着浓厚的底蕴，所以能更好地成就时尚。“手揣画笔描绘生活的美。我期待将西安这座古都的美用自己的服装品牌表现出来。身处异国我能得到掌声，相信回到故土的我也能收获肯定。”她说。(郜艳艳),5,6,0.9921899437904358
购新机纪念乔布斯 iPhone 4S纽约热销华裔成主力据美国《世界日报》报道，“苹果教父”乔布斯的去世，使iPhone 4S手机的上市成为全球关心的话题。14日上午8时苹果店开始正式销售该款手机，纽约曼哈顿5大道的苹果旗舰店内外都排起长龙，每人限购两台iPhone 4S手机。许多苹果迷认为这款iPhone 4S是乔布斯最后作品，又在其去世前一天发表，名字也隐含纪念乔布斯(for Steve)的意义，一定要买。而这次华裔再次成为购买主力，男女老少都表示“价格不贵，要买台用用”。根据苹果公司表示，新推出的iPhone 4S智能手机在接受网络预订后的24小时内全球销量超过100万部，超出了前一代产品iPhone 4首日销量60万部的纪录。为购买iPhone 4S手机，纽约的旗舰店前很多苹果迷们从13日就开始排队，无惧细雨凉风。日本和澳大利亚等地因时差先开始销售iPhone 4S手机，所以凌晨就有购得新手机的苹果迷把手机照片传至各大网站，让人一睹为快。在纽约的旗舰店，如果不需要购买iPhone 4S手机，可以直接入内。14日从上午到下午，旗舰店门口始终都有数百人的长龙队伍，一圈绕一圈，秩序井然。据了解，大约每人要排两至三个小时才能入内。即使入内后，也需要按指示排队到收银台前购买手机，最少需要三至四小时才能买到这款手机。在旗舰店附近，还有专门收购旧款iPhone手机的网站销售人士。在旗舰店内，各个展示柜台都人头攒动，尤其是iPhone展示柜台，很多民众都想亲身见识一下这款传说是“为了纪念乔布斯”而推出的手机。但不少人都表示，这款和iPhone 4比起来，好像没什么不同。华裔在此次购买潮中再次展现积极力量，一眼望去占了大半，队伍中年轻的、年老的都有，有想为读书的儿子买手机的母亲；有想给女朋友买手机当生日礼物的男生；有每代iPhone手机都用过、此次也不可少的苹果迷；也有从来没有用过“大家都用过的苹果手机”的阿姨。大家都耐心在外等待，遵守秩序。“来这里一看，都是老乡啊”，一位推着婴儿车的福建籍王小姐表示，她想买两台，一台给自己，一台给老公用。不远处，吴女士和朋友在排队，“别人都用了四代苹果了，我一代没用过，”一边说她一边拿出自己的翻盖式手机“199美元便宜啊，我也要买一台”。还有人表示自己买了不一定自己用，可以卖给别人，“这个好卖，是潮流啊”。(记者：刘爽),5,9,0.7793651819229126
中国客投资旅游热 美两党联手推议案拟放宽签证中新网(微博)10月25日电 据美国《侨报》报道，美国民主党参议员舒默和共和党参议员麦克·李上周刚提出跨党派议案，给予中国人来美5年多次往返签证，以便利中国商界人士和游客赴美访问。在美国给许多国家的公民10年多次往返签证的今天，目前中国大陆居民申请美国的商务和旅游探亲B1/B2签证只给一年的有效期。这给中国人来美探亲旅游和经商活动带来很大不便，超过一年再次来美大多需要重新预约面谈，而且等待期可能超过一个月。而事实上，中国游客来美出手大方，人均开销超过6千美元，在各国游客中名列前茅，已成为美国旅游业界看好的“摇钱树”。随着中国公司来美投资热和中国游客来美观光潮的兴起，签证问题愈益成为各方关注的“拦路虎”。美国旅游业界和中国商界纷纷抱怨，这制约了美中经贸关系和人员交往的扩大。美国驻华大使骆家辉在担任商务部长时，就多次表示会促进美国对中国人签证的便利化。美国国务院副助理国务卿金·莫亚日前在纽约表示，过去中国人要等60天到90天才能拿到签证，现在不到30天就能拿到签证了，美方正朝积极的方向努力，准备向中国加派50名能说中文的签证官，希望加快签证速度。莫亚表示，中国来美游客过去五年间以每年23%的速度猛增，2011财年美国给中国人100万个旅游签证，预计2012财年将达130万。根据最新的议案，中国人申请来美5年多次往返签证必须使用“旅行核准电子系统”(ESTA)，以确保反恐及防止造假。该议案还授权国务院开辟“非移民(微博)签证加急办理”通道，申请者只要缴纳加急费，便可获得非移民签证的加速审批。此外议案要求国务院设立“视频面谈”的试验项目，以节省开支，提高签证办理效率。(记者：余东晖),5,7,0.6123335957527161
艺术家用7.5万根火柴搭建迷你“泰姬陵”近日，印度艺术家谢赫·萨利姆巴伊花了1年19天的时间、用7.5万根火柴精心造出的小号“泰姬陵”亮相。图为谢赫·萨利姆巴伊正在清理“泰姬陵”上的灰尘。,5,1,0.5658037662506104
日本公布人口现状 在日中国人数量居外国人首位中新网(微博)10月27日电 据日本新华侨报网报道，10月26日，日本总务省公布了2010年10月实施的日本国情调查结果。统计显示，日本籍人口数量为1亿2535万8854人，较前一次于2005年实施的人口普查数量减少37万人，减幅为0.3%。这也是自1970年开始分别针对日本籍人口数量与外国籍人口数量展开调查以来，首次出现的减少情况。另外，在日外国人人口数量达到164万8037人。其中，中国人最多，占全部在日外国籍人口的27.9%。统计显示，如果将在日外国人计算在内，日本总人口数量为1亿2805万7352人，与2005年的调查结果相比，增加0.2%，但增加率却较前番减少了0.7%。另外，按性别分别统计日本籍人口数量，男性人口为6102万7859人，与2005年时的统计相比减少30万2742人，减幅为0.5%；女性人口为6433万995人，减少6万8552人，减幅为0.1%。将在日外国人计算在内，则男性人口为6232万7737人，女性人口为6572万9615人。人口总数在联合国人口基金会统计的排名与2005年相同，仍为第十位。统计结果还表明，目前可以确定国籍的在日外国人人口数量为164万8037人，较2005年人口普查数量增加了5.9%，达到历史最高水平。按国籍统计，中国人最多，占全部在日外国籍人口的27.9%。据总务省相关部门分析，在日中国籍人口增加，主要是由于近年来中日两国交往日益频繁，来自中国的留学(微博)生、研修生等等数量均呈现出增加的态势。这一次调查中，有大约105万人在填写调查表时，“国籍”一栏选择的是“国籍不详”——这部分人口数量较2005年的调查结果有所增加，其中有可能还包括未填写此栏的日本人，因此总务省认为，“而今仅依据目前的数据统计结果武断地认定日本人口增加或者减少是不合理的”。此外，根据日本厚生劳动省等相关机构做出的“人口动态调查”结果显示，日本人口的自然增减数量从2007年开始便一直是在减少。(记者：米灏),5,7,0.6026603579521179
组图：罕见霓虹横跨伦敦上空 惊艳迷人中新网(微博) 10月26日，英国首都伦敦上空出现美丽的霓虹，横跨伦敦市中心，呈现出迷人的光影，蔚为壮观。据悉，“霓”是大气中有时和“虹”一起出现的一种光的现象，也叫“副虹”，形成与彩虹原理大致相同，只是光线在水珠中的反射多了一次，彩带排列的顺序和彩虹相反。,5,9,0.986700177192688
组图：美艺术家创作万圣节南瓜雕塑惟妙惟肖中新网讯 10月26日，美国拉斯维加斯，万圣节前夕，由两名艺术家Ray Villafane和Andy Bergholtz创作的万圣节南瓜雕塑惟妙惟肖。,5,9,0.9099047780036926
组图：美国万圣节狗狗化妆大游行中新网讯(微博)2011年10月22日，在美国纽约的汤普金斯广场举办了一年一度的万圣节狗狗大游行，参加游行的狗狗们盛装出席，萌翻众人。,5,6,0.4967677593231201
万圣节众鬼狂欢好莱坞 华人扮鬼者少看热闹者多中新网(微博)11月2日电 据美国《侨报》报道，作为世界最大的万圣节活动之一的“西好莱坞万圣节嘉年华”不仅吸引了南加各地的游客以及当地居民参加，也吸引了全世界各地游客，亚洲游客也参与了嘉年华活动，甚至盛装打扮加入各类造型，但嘉年华活动上盛装打扮的华人则很少，观摩拍照者居多。在嘉年华上记者看到不少亚裔面孔，作为最负盛名的万圣节盛事，西好莱坞吸引了不少亚洲游客，来自日本的女孩子则居多，大多打扮成女仆或者学生模样，加入游行队伍，但是华人则更多是观摩和拍照。在华人游客中，很多来自中国台湾，也有一些来自中国内地。一些在这边居住的华人学生和工作者也参加了嘉年华活动。来自上海的程先生和潘女士来洛杉矶看望在这里工作的儿子，听说西好莱坞万圣节有活动就过来观摩，他们对这些各色造型非常感兴趣。他说，中美之间的交流越来越多，所以来到美国也越来越方便，很多中国人都有机会来到美国，他们希望以后还可以经常过来看看。来自中国台湾的阿曼达等3名华裔学生这次从台湾飞到洛杉矶旅游，慕名而来参加西好莱坞的嘉年华活动，他们表示非常喜欢这些颇具创意的造型，希望能够再来。阿曼达非常激动地说说：“这些造型都超酷的，因为这里靠近好莱坞所以造型都做得非常厉害！可以看到很多很棒的装扮。”他们都表示非常喜欢洛杉矶和洛杉矶的文化。来自上海的陈小姐(化名)和刘小姐(化名)分别打扮成嬉皮士和警察的形象，她们已经在洛杉矶居住多年也渐渐习惯了这边的文化，所以特地打扮成她们喜欢的造型来到西好莱坞与其它人一起庆祝万圣节。她们希望有更多华人能够发挥一下想象力和创意，在万圣节夜晚打扮成自己喜欢的造型并加入嘉年华的活动。(记者：夏嘉),5,9,0.4577525854110718
对话英国前卫建筑设计师马克-戴萨姆加入智慧课堂，创意始于此与前卫建筑设计师马克·戴萨姆畅谈富有全球影响力的创意概念2011年11月7日，Klein-Dytham architecture建筑事务所的联合创办者、英国前卫建筑设计师马克·戴萨姆(Mark Dytham)将出席由英国大使馆文化教育处(微博)举办的智慧课堂活动。借此良机，他将畅谈他的职业建筑设计师生涯、近期的项目，并和与会者分享由他创造并为全球广大设计者所推崇的极速演讲的方式。马克·戴萨姆以其超现代的建筑作品而广为人知。他的现代建筑风格将中西方文化和设计元素巧妙而完美地融合于一身——从设计优衣库在东京银座购物区的旗舰店，到改装Selfridge在伦敦牛津大街旗舰店的高档商业中心，再到创造索尼在洛杉矶的新概念店，他的作品广泛而多变。2008年，由英国皇家艺术学院毕业的马克·戴萨姆及其校友阿斯特丽德·克莱恩(Astrid Klein)创立的Klein-Dytham建筑事务所在英国商业奖中获得了著名的创新奖，该奖项一直以来旨在表彰能够使用绝妙创意和不断创新而取得突破性成功的公司。马克·戴萨姆不仅涉足建筑和室内设计，他还是先锋的概念领导者。他是SuperDeluxe和PechaKucha的创始人之一。SuperDeluxe成立于2002年，是一个富有创意的为个体艺术家展示作品的地方。此灵感源于马克·戴萨姆和阿斯特丽德·克莱恩在英国皇家艺术学院学习的一些生活片断，学校里来自不同专业，包括时装、绘画、雕塑、玻璃、制陶和电影制作的学生会聚集在一起，分享创新想法，创造真正不拘一格的环境。SuperDeluxe为夜间展出的各种艺术和表现形式提供一个平台和交叉空间。SuperDeluxe也是马克和阿斯特丽德发起全球性创意的展示概念PechaKucha的诞生地。PechaKucha是日语的发音，在日语中是“谈天说地”的意思。马克·戴萨姆用PechaKucha来代表一种极速演讲和播放幻灯片来表达想法的形式，避免经常使用Powerpoint演示所花费的巨大精力和其他问题。每位演讲嘉宾只有6分40秒来展示他们的想法，每人仅用20张幻灯片和20秒的时间阐述每张幻灯片，即所谓20x20的创新理念。因为PechaKucha通常在晚上进行而被称为PechaKucha之夜。这个概念是为了帮助人们聚集在一起，并高效地分享他们各种有趣的想法。从2003年在他们位于东京的办公地点开始，PechaKucha之夜已经走向全世界，蔓延到超过230个城市，成为艺术人士集会和思想碰撞的重要活动。在建筑和环境艺术设计领域，英国高等教育院校一直享有国际盛誉。2011“智慧课堂”旨在将留英校友正在参与的以及已经在全球范围内获得成功的项目置于聚光灯下，通过教育体验、创造性思维和积极参与，获得灵感和创新，并充分展现英国的高素质教育以及英国勇于探索的本质。在此次智慧课堂中，马克·戴萨姆会讲述他的建筑事务所最近作品的创意来源，包括为日本谷歌、索尼、资生堂以及日本有名的音响连锁店Tsutaya等所做的项目。他也将交流他的设计历程，如何将创意从白纸变为现实。同时，参与者也有机会了解全球性创意展示概念PechaKucha和它的发源地SuperDeluxe。关于活动：时间：2011年11月7日 19:00-21:30地点：北京建筑工程学院教学2号楼第二阶梯教室主办：英国大使馆文化教育处,5,4,0.8076984882354736
美华裔群体存多种问题权益须争取中新网11月2日电 美国亚裔权益团体联盟日前发布的最新报告显示，美国华人人口已突破400万，是最大的亚裔族群。随着人口数量的增加，被视为“模范族裔”的亚华裔影响力也在增加。这一报告引发当地媒体关注，美国《侨报》1日刊发评论，对模范族裔光环下华裔群体发展中存在的问题予以全面分析。原文如下：最新调查显示，美国华人人口已突破400万，成为美国最大的亚太裔群体。华裔群体历来勤奋刻苦又勤俭节约，从早期的移民(微博)多从事餐饮洗衣业，到现在新移民越来越多地进入美国的金融、商业、法律、高科技等行业，取得相当令人瞩目的成绩。华裔群体总体教育水准高，家庭教育较严格，道德上观念上也比较保守，加之华裔群体较为安分守己，很少抱怨，因此华裔一向被认为是模范族裔，在主流社会里有一定的口碑。但在模范族裔的光环下，华裔的发展也存在许多问题。在光环背后，华裔群体还有更多不容忽视的问题，如两级分化明显，除取得成就的人群，也有受教育程度低的，有些人会把在原居住国时的陋习带到美国，影响华人形象。很多华人不重视融入美社会，不了解当地的各种法规、习俗，造成许多困惑和麻烦。华人群体普遍不重视精神疾病问题，不懂得或者不愿意就医，从而引发各种社会问题。不喜欢参与政治也是华裔作为模范族裔背后的一种缺失，他们不重视个人或群体利益，埋头赚钱，甘居社会边缘地带。很多人遇到不平的事情只采取隐忍和息事宁人的态度，以致许多歹徒都知道华人的习惯是“有现金，没有枪，不报案”，因而把华人当做犯案的首要目标。在中小学校园里时常出现的霸凌事件中，作为少数族裔的华裔也常常成为受害者，甚至在军中，也有令人遗憾的华裔军人被虐待的事件发生。数十年来，尤其是近年来，随着祖籍国的崛起和华裔群体自身的不断努力，华人在美国政坛上开始有一定的影响，华人选民开始被主流社会的政治人物所重视，以华人为主要居住成分的选区开始出现，这些都有相当重要的意义。近来最重要的大事，是美国国会众议院通过了关于排华法案的致歉案，可以说是美国华人社会的里程碑式的大事。但其实，排华法案在二战中已被当时的总统认为是错误的，又过了半个多世纪才致歉，显露了华人群体过去的软弱和不足。另一值得注意的消息是，美国卫生与福利部根据健改法，开始设定新的族裔分类法，亚裔将被分成七类，华裔独占一类。过去由于华裔人群体人数较少，不仅疾病控制与防治局在取样上有不足，就是在医药行业进行药物人体实验中也独独被忽视。华裔被忽视的后果自然是在健康方面受到影响。随着新的族裔分类法实施，华裔群体会得到更好的服务。从大到排华法案致歉案通过，小到福利与卫生部在族裔分类趋细，现在越来越多的华人认识到，自身的利益只有自己努力才能争取。华人群体要努力向主流社会传递更多的信息，争取更多的权益，否则，即便被认为是模范族裔，也无法避免被边缘化和群体利益受损的结果。(洛杉矶 一娴),5,7,0.40021148324012756
澳“长征猫”独行3200公里 穿越沙漠返旧居中新网(微博)11月7日电  据外媒6日报道，澳大利亚一对夫妇舍瑞于去年3月搬家，但不久后，他们养的猫杰西就失踪了。没想到在一年多后，杰西出现在3200公里以外的旧居中。舍瑞说杰西不喜欢坐车，它很可能步行走回了旧居，期间还可能穿越了澳大利亚沙漠中心地带。杰西的主人说，猫是在搬家后不久失踪的。“它在新家只呆了几个星期。”舍瑞说。一年以后，舍瑞的老邻居发现了这只走过了漫漫“长征路”的猫咪。目前，杰西正在邻居的悉心照料中。据悉，杰西是从澳大利亚北部城市达尔文失踪，一年以后在澳大利亚南部艾尔半岛的旧居附近出现。这两处直线距离就有3200公里，中间还隔着一片沙漠。主人舍瑞对此迷惑不解：“我也不清楚它是怎么回去的。它不喜欢坐车，所以我想它可能是走回去的。”,5,9,0.8634066581726074
英9岁神童画作受追捧 卖画挣15万为家人买房中新网(微博)11月7日电 据外媒6日报道，英国9岁男孩基隆？威廉森被誉为“小莫奈”，去年7月，他的33幅画作在短短半小时内被抢购一空，最终卖出15万英镑(约152万人民币)的高价，他已用这笔钱给父母在家乡诺福克买了一套新房。威廉森今年还是个小学生，是从2008年开始作画的。后来，威廉森的画渐渐有了知名度，在去年7月，他的画作更是在短短半个小时卖光，挣得15万英镑。威廉森的父母已经用这笔钱在诺福克购置了新房。父亲基斯说：“如果他长大后还想做其他的事情，那时他至少不必考虑抵押贷款的问题。”威廉森的最新12幅作品将在下周五拍卖，每幅画的开价在1250英镑至15595英镑(约1.27万人民币至15.8万人民币)之间。考虑到此次展览可能会像上次一样被抢购一空，购买者们纷纷决定在画廊开门前一晚排队等候。画廊的老板亚德里安·希尔表示：“这孩子无可匹敌。没有一个孩子对水彩、油画及蜡笔画这三种画法都掌握的如此熟练。他对技巧的领悟非比寻常。”,5,9,0.5659316778182983
奥巴马与学前班孩童玩乐 扮鬼脸大受欢迎(组图) 中新网(微博)11月10日电 据外媒9日报道，美国总统奥巴马前往宾夕法尼亚州启蒙中心，和学龄前的孩子们一同玩耍。为了逗孩子们开心，奥巴马大叔不仅和孩子们一起搭积木，还给孩子扮鬼脸，受到不少小朋友的喜爱。奥巴马此行是为了继续宣传其学前教育法案，该法案一旦通过，将为90万低收入家庭的儿童提供学前教育。奥巴马还批评共和党一直要削弱教育投资。“我们不会将钱投在没用的方案上，”奥巴马说，“但我们要为那些可行的方案投资。”,5,7,0.5448474287986755
印度艺术家创作出“愤怒的小鸟”现实版(组图)中新网(微博)11月11日电  据外媒报道，印度一名艺术家穆罕默德•拉奥夫近日为知名游戏“愤怒的小鸟”创作出小鸟们的现实版。拉奥夫是这款游戏的忠实粉丝，因此，他将自己想象中 “愤怒的小鸟”应有的现实版长相和色彩用数字技术创作出来。拉奥夫认为，他的作品很好地展现了这些鸟儿的特征。拉奥夫说：“在我浏览‘愤怒的小鸟’中鸟儿们时不禁联想，它们在现实中应该是什么样子。因此便先画出来了一只。没想到朋友们都觉得很形象，所以最后创作了全部鸟类。”拉奥夫表示在作画时，他会尝试着体现出这种小鸟应该有的特点，包括鸟的颜色、表情甚至眼神。,5,9,0.7276831865310669
教育部：2009年研究生考试涉嫌泄题报道失实中广网北京1月11日消息（记者刘玉蕾）针对有媒体所谓全国硕士研究生英语、政治考试题目疑似考前泄露的报道和推测，记者采访了教育部有关部门负责人。这位负责人介绍说，研究生入学考试全国统考试题是在全封闭入闱状态下，依托题库完成，试卷的印刷、运送和保管都严格按照国家保密规定执行。目前，没有发现异常情况，相关考试已平稳结束。 据了解，在国内一些重要考试期间，有人多次利用网站技术漏洞，发布所谓的“考前试题及答案”等虚假信息，造成试题考前泄密的假象，以达到某种目的。这种行为干扰了考试秩序，破坏了国家教育考试声誉，影响了社会稳定。对此，这位负责人表示，如果出现这样的情况，将配合有关部门，依法进行打击。这位负责人还提醒广大考生，谨防上当，诚信应考。,5,7,0.9908926486968994
报英语四级被要求先交培训费 学校称培训为自愿本报讯 (记者甘浩)前日，北师大继续教育与教师培训学院学生小李致电本报新闻热线67106666称，老师告知她们要报考今年6月的大学英语四级考试，须交共680元的培训费，否则不予报名。“按教育部规定，我们能自主报考，为何必须交钱培训才能报考。”小李说，很多同学都质疑该做法的合理性。小李称，英语四级报考要交培训费的通知，是上周五老师口头传达的，目前还未看到文字材料。报名参加四级考试须交680元，其中30元为报名费，650元为培训费、资料费，如不交钱就无法报名。“培训费不合理。”小李的同学说，她们上网查了相关规定，她们属于在校生，可以自主报考大学英语四级考试。她自认为英语不错，不用培训能通过考试。昨日，北师大继续教育学院教务处吴老师表示，培训由该院培训部组织，此次学生报考大学英语四级课程培训与该校教学计划无关，属自愿行为。该院培训部一名负责老师解释称，教育部规定必须是在校生，且修完大学英语四级课程的学生才能报考四级考试。因该校成教生目前未开设四级英语课程，部分想报考四级考试的学生无法报名。学校推出培训课程，也是让这部分成教生获得报考资格，他还称不管学生在何处通过四级课程培训，只要有相关成绩单即可报考大学英语四级考试。链接教育部相关报考规定教育部印发《全国大学英语四六级考试改革方案(试行)》和“教育部办公厅关于大学英语四六级考试部分考务管理工作交接的通知”，对四六级考试报名资格作出新规定：●全日制普通高校专科、本科和研究生在校生。●各类全日制成人高校本科、专科在校生。●修完大学英语四级课程的学生才能报考大学英语四级考试。●修完大学英语六级课程且大学英语四级考试达到一定分数的学生，才能报考大学英语六级考试。     更多信息请访问：新浪四六级频道 四六级论坛 四六级博客圈特别说明：由于各方面情况的不断调整与变化，新浪网所提供的所有考试信息仅供参考，敬请考生以权威部门公布的正式信息为准。,5,7,0.7837058305740356
"北京第二外国语学院08年6月四六级报名通知关于2008年6月大学外语四、六级考试报名的通知各系(院)：根据北京市教委《关于做好2008年上半年北京地区全国大学英语四六级考试考务工作的通知》文件精神，现将我院2008年6月全国大学英语四、六级考试报名的有关事项通知如下：一、语种级别、考试时间：2008年6月21日(周六)上午9：00 进行大学英语四级、法语四级、日语四级、德语四级、俄语四级的考试。2008年6月21日(周六)下午15：00 进行大学英语六级考试。二、报名资格：英语四级：我院二年级以上修完大学英语四级课程的非英语专业全日制本科、专科在校生，及研究生在校生。英语六级：我院已取得英语四级合格证或者取得425分(含425)以上英语四级成绩的非英语专业全日制在校生(除专升本学生、研究生、二学位外，四级合格证和成绩必须是在二外取得)。注：每位考生只能报考一个英语级别，不能同时报考两个级别。三、报名方式、要求及程序：本次报名工作由各系(院)组织，学生在3月11日—3月19日凭学生证、身份证、电子版照片、四级证书或四级成绩到所在系(院)教学办公室报名并缴费，学生报名时须签写《诚信考试承诺书》。3月29日-4月9日学生核对信息，并要求学生在考生信息校对单签字确认，过期不予补办；具体事宜如下：(一)3月11日—3月19日以各系(院)为单位组织本系(院)学生报名，报名前须组织学生认真阅读《考生须知》和《考生守则》，并在《诚信考试承诺书》签字。(二)报名必须严格按照教务处下发的电子表格《CET报名模板》且按要求填写完整，该模板可从 www.vanisoft.net/cet4_6下载，学生名单可从教务管理系统下载，方法为：打开[学籍变动]栏目，列出该年级学生名单，然后点[打印]项，选择[另存为],文件类型选择excel 5 with header,即可生成excel格式的学生名单，再将相关项目复制粘贴到《CET报名模板》。(三)各系(院)负责审核其报名资格，为确保考生名册的准确性，各系(院)在接受考生报名时，必须认真核对考生姓名、性别、学号、身份证号、入学年份、系(院)、年级、专业、学制及四级证书或四级成绩等；所有考生必须签订《诚信考试承诺书》。各系(院)不得接纳非本系(院)的学生报名,一经查出,取消考试资格，严肃追究有关人员责任。(四)报名信息除《CET报名模板》所列各项外，还需要电子版学生照片，照片必须以学生身份证号码命名；不提交照片或照片不合格的同学将被自动取消报名资格。照片按照下面要求规格提交：1、 照片文件格式：*.jpg(* 为身份证号码)2、 照片命名：以身份证号码命名，如622225190912121611.jpg3、 背景：浅蓝色。4、 取景：成像区上下要求头上部空1/10，头部占7/10，肩部占1/5，左右各空1/10.采集的图像像素大小最小为192X144(高X宽)。成像区大小为4.8厘米X3.3厘米(高X宽)，文件大小不得超过50 k.5、参加过2007年12月大学英语四、六级考试并已采集过照片的的学生此次不用上交电子版照片，但要求身份证号与上次相同。(五)报名信息(电子版与打印稿各一份，打印稿需盖章和签字)及学生照片要于2008年3月21日前报教务处考试中心。(六)各系(院)请于3月28日到教务处领取大学外语等级考试考生信息校对单，由学生确认报名信息后签字，学生签字的考生信息校对单和《诚信考试承诺书》各系(院)留存至少半年，并将考生信息校对单复印1份于4月10日报教务处考试中心。考生必须在规定时间内签署考生信息校对单及诚信考试承诺书，未签字自动取消报名资格。四、收费标准：大学英语四级15元/人 六级17元/人小语种(日语、俄语、德语、法语) 17元/人五、缴费办法：由各系(院)负责随报名一起收缴，于2008年3月21日交教务处考试中心，过期不候。六、有关说明：(一)请各单位要高度重视，认真做好宣传工作，加强对考生道德教育和考风考纪教育。(二)为组织好报名工作，各单位应指定专人负责此项工作。(三)2007级本、专科在校生不得提前报名，一经查出立即取消报名资格。(四)各单位在报名过程中，尤其要注意审核学生的报名资格，不得接受非在校生报名。(五)各单位要确保报名信息及照片准确无误，一旦上报学生信息无法更改。七、各单位要严格按照此通知的时间安排与要求办理。特别提醒：3月11日—3月19日学生持身份证、学生证、电子版照片(参加过2006年12月考试的考生除外)、四级证或四级成绩到所在系(院)报名，签订《诚信考试承诺书》。3月21日各系(院)将考生信息电子版、打印稿、电子照片报教务处。3月22日—3月27日教务处汇总信息、录入系统、打印考生信息校对单。3月28日各系(院)到教务处领取考生信息校对单。3月29日—4月9日学生须到所在系(院)确认报名信息并签字。4月10日各系(院)将学生签字的考生信息校对单报教务处。所有报名考生必须在《考生信息校对单》上签名确认本人信息(含照片信息)，凡未签名者，均视为自动放弃报名，已交纳报名费用恕不退还。所有信息一经确认后不得以任何理由更改，信息有误由考生本人负责。学生必须完成信息(含照片信息)上报、交费、信息确认所有环节后方可认为是报名成功。    更多信息请访问：新浪英语考试频道 英语考试论坛 英语考试博客圈特别说明：由于各方面情况的不断调整与变化，新浪网所提供的所有考试信息仅供参考，敬请考生以权威部门公布的正式信息为准。",5,7,0.5047463774681091
骗子号称违造四六级成绩单考委会免费鉴真伪本报讯(记者 李德庆) 即将从长春某大学毕业的李同学，近一段时间都在为找工作忙碌着。近日，在他学校附近的小区里，一张办假大学英语四六级成绩单的广告吸引了他。广告中声称五百元就可以伪造一个大学英语四六级成绩单，而且这个成绩可以在国家正规网站上查询到，专门为学生就业服务。 专家认为，盗用准考证号作假漏洞百出，提醒用人单位一定要认真审核。500元能买个成绩单昨天记者佯装成一名自考生，为了找工作，准备伪造一个大学英语四级成绩单。“四六级准考证号或成绩单都能弄，价钱都是500元。”广告中的刘某如此介绍他的业务。“你放心，我们给你的准考证号都能在教育部指定99宿舍网上或者用手机短信查询，成绩都没有问题。”但他提醒记者，成绩单不是所有单位面试时都能用，“除了在教育口的用人单位不能用，其他单位都没有问题，我已经做好几年了，绝对没有问题，要办最好这两天就交钱。”“你有没有办过的号码？”面对记者的疑问，刘某为了证明自己提供的准考证号真实性，给记者提供了准考证号22033007210×××，随后记者登录99宿舍网大学英语成绩查询页面进行了查询。查询显示了一个2007年12月CET考试成绩信息：成绩总分457分；听力191分；阅读168分；综合32分；写作66分等四项得分的明细，却没有显示考生姓名、所在学校等具体信息。记者通过教育部公布的1066335577短信号码查询，结果显示2007年12月CET考试成绩总分也是457分。盗来准考证号移花接木“你是和教委办有联系，还是和教育部网站有联系？”在记者一再追问下，刘某解释了这个“屡试不爽”的方法。他介绍，办理2006年6月四六级考试改革后的四六级成绩单，需要提供一个成绩合格的他人准考证号和本人的姓名、院校等相关信息。他表示，四六级考试改革后，四六级考试中心的电话成了空号，不能再查验证书真伪，办假证者大可放心。如何找到这样的准考证号？刘某热情地支招：“问问以前同学的准考证号，然后拿来套用。有很多人都是这么做的。”实在找不到相关的准考证号，他表示也可以代为找号。四六级成绩单上的“成绩单编号”是检验证书真伪的依据之一，刘某表示“用你同学的，或者我们这里编也行。”当记者表示，按照这种方法自己也能做出假成绩单，刘某向记者保证自己做出来的假成绩单格式、色彩和红色印章都难辨真伪，与真实的成绩单相差无几。而且只需要先交200元定金，假成绩单做好后现场验货，再收余款。考试委员会免费鉴定真伪记者昨天电话联系了总部在上海的全国大学英语四六级考试委员会，相关工作人员告诉记者，99宿舍网只提供成绩信息，不提供考生信息，就是为避免一些非法网站“以假乱真”。用人单位可以将相关人员的成绩单复印件寄往全国大学英语四六级考试委员会，进行免费的真伪鉴定。     更多信息请访问：新浪四六级频道 四六级论坛 四六级博客圈特别说明：由于各方面情况的不断调整与变化，新浪网所提供的所有考试信息仅供参考，敬请考生以权威部门公布的正式信息为准。,5,9,0.9137997031211853
四六级收费是否过高 物价局：欢迎大学生核查重庆时报讯(实习记者 汪再兴 记者 张璐) 本报进行英语四、六级价格报道后，四、六级考试价格成为了这两天各大高校校园内热议的话题。到昨日为止，志愿者起诉报名人数已达20余人。诉讼发起人西政学生谢芸飞表示，希望先和有关部门座谈，如果座谈不成功，他个人将把这场官司打到底。20余名学生愿当志愿者重庆各大高校的学生看到西政学子的四、六级成本调查后，目前已有20余名学生表示愿意当诉讼的志愿者。针对价格问题，西南大学学生李国唯提出疑问：“四、六级的价格成本不过20元左右，那剩下的30元到哪里去了？1998年以前只收40元，为什么现在要收50元？”重庆大学研究生魏绮芳说：“很多学生四、六级考了多次，准考证和电子采集重复收费，是否有强制之嫌？”谢芸飞称，最近几天还将在各大高校完成四、六级成本调查。市物价局欢迎查具体价格昨日，谢芸飞对高招办“高科技手段增加10元成本”的回应表示质疑。他说：“重庆市物价局在关于高等教育大学英语教学水平考试PVC卡和电子采集上明文规定是考生自愿，但实际情况是不办理这两样，考生无法参加考试。”他表示将继续采集调查资料和志愿者一道与物价局进行座谈，如果不行再上诉。重庆市物价局副局长刘卫东欢迎大学生到物价局核实具体价格，他说：“同学们的调查结果和物价局核定价格之所以差异大，很可能是因为同学们不知道其具体的操作环节。”刘副局长表示。律师赞赏公益诉讼愿当顾问针对诉讼人到底应该是高等教育自考办公室还是物价局的问题，律师蒲万纯和谢芸飞看法不一。谢芸飞认为，高等教育办公室收取学生费用，如果要诉讼自然要找他们。蒲律师表示，愿意和谢芸飞共同研究这场公益诉讼，同时对大学生们这种公益诉讼的行为表示赞赏，并愿当谢芸飞的法律顾问。     更多信息请访问：新浪四六级频道 四六级论坛 四六级博客圈特别说明：由于各方面情况的不断调整与变化，新浪网所提供的所有考试信息仅供参考，敬请考生以权威部门公布的正式信息为准。,5,7,0.8412773609161377
传四六级明年变脸大学生今年忙赶考时报讯 (记者 薛冰 实习生 罗伊珊)近日网上有消息称，2009年英语四六级考试将“大变脸”，全国将有1000个考点试点“机考”，且加大对英语听力的考核力度，不少学生对此很是担忧，纷纷在今年挤报四六级考试。网上传闻：2009年四六级考试试点机考消息称，明年全国英语四六级考试，通过听力来完成的考题比重将增大，作文内容也将可能由听力材料提供；2009年，全国将有1000个考点试点用计算机答题，四六级考生将实现随到随考。采用机考后，题型将发生很大变化，英语作文也将探索“听力＋作文”的模式，考生需要听一段听力材料，根据材料的要求进行写作。听力材料将主要来源于媒体新闻和信息。另外，为了增加对学生说的能力的考察，机考还有可能给一段语音材料，让学生复述，从而考察学生的发音和英语表达能力。目前，具体有哪些高校参与试点还未确定。但机考将成为四六级考试发展的必然趋势，有望在全国推广。学生：“机考”充满不定数，扎堆挤报最后常规考华南师范大学英语教育专业的小黄报考了今年6月份的六级考试，她很早就在网上看到了2009年四六级考试改革的信息，“不知道是真是假，学校老师也没跟我们提过，加大对听力考核力度对我来说问题不大，但担心真要机考会不适应，影响成绩，还是今年先考了吧，以免夜长梦多。”小黄身边不少同学都已报考了今年的四六级，大家都抱着同样的想法。小黄说，新的考试方式符合社会要求，现在企业对员工英语听说能力要求越来越高，四六级是一个契机，考生以此为动力努力提高自己的英语听说水平，对将来是有帮助的。“早知道我就报考今年四级了！”广东工业大学大三的小君后悔莫及。记者采访得知，跟小黄、小君有一样想法的学生不在少数，他们担心对听力考核的加重会降低他们的得分，担心机考会降低通过率。“今年最后一次考试学生可能会一窝蜂地去挤考！”省教育考试院：未接到相关文件通知，考生不必过分紧张广州大学外语学院徐副院长告诉记者，他也曾听闻明年四六级考试全国将有一千考点试点机考，但到目前为止仍未接到相关部门的文件通知，且哪些高校参与试点还未确定，考生不必过分担忧。省教育考试院相关负责人也表示，目前广东省尚未接到四六级新考试方式的文件通知，广大考生不必过分紧张，认真、安心地做好常规考试的复习工作即可。     更多信息请访问：新浪四六级频道 四六级论坛 四六级博客圈特别说明：由于各方面情况的不断调整与变化，新浪网所提供的所有考试信息仅供参考，敬请考生以权威部门公布的正式信息为准。,5,7,0.4463433027267456
武汉工程职院千名学生四六级报考无门学校无组织英语等级考试资格，去外校借考又违规    本报讯(见习记者廖筱婧)在大部分同学正在为复习四六级考试而苦恼时，武汉工程职业技术学院的孟同学却在为无法参加四六级而着急。他向记者反映，他所在的学校不组织四级考试，他不知如何是好。学校：只有外语系学生能参考针对孟同学反映的问题，武汉职业技术学院教务处的朱老师解释说，该学校只是一所大专院校，并不具备组织英语等级考试的资格，所以该校的学生无法参加考试。对于学生不能参加考试很着急的现状，朱老师承认的确有很多学生试图通过教务处开证明去外校借考，但该校认为这样违背考试院相关规定，所以一直没有同意。朱老师介绍，由于外语系对外语要求的特殊性，所以学校通过相关委托替他们报名参加考试，但其他院系的学生都无法参加考试。“学校目前正在申请组织考试，但近期不会有进展。”省考试院：委托其他机构学生能参考省考试院相关负责人说，大学英语等级考试是针对在校学生的考试，如果学生所在的学校没相关组织考试的资格，学校可以委托一个机构组织替学生组织考试，如果学校既不组织也不委托，那该校的学生就无法参加考试。其他院校：靠挂省属院校一起报考湖北轻工职业技术学院的章老师介绍，该校属于大专院校，所以不能申报考点，英语等级考试只能与其他院校挂靠在一起报考，其中四级考试挂靠在一所省属大学，与他们的学生一起报考。目前学校的学生已经顺利报名了今年6 月份的大学英语四级考试，只等到时候去参加考试。◇相关新闻130分，艺术高职高专非美术类专业联考分数线划定本报讯(记者张瑜琨通讯员巩平)昨日，省招办公布了湖北省2008 年艺术高职高专非美术类专业联考合格控制分数线。与去年分数线一致，服装表演、舞蹈表演、音乐类(钢琴)、音乐类(器乐)、音乐类(声乐)、音像技术、影视表演播音主持类高职高专专业仍为130 分。按今年的招生政策，对使用联考成绩的艺术类专业，录取时综合高考文化考试和联考两部分成绩后按一定比例投档。投档成绩为(文化成绩×40%+联考成绩×60%)×2，投档比例在1:1.5 以内。艺术高职(专科)安排在第四批高职高专录取前录取。省招办表示，考生可在省考试院网站上查询联考成绩，联考成绩达到合格控制分数线即为联考合格，不再单独给考生发放联考合格证。     更多信息请访问：新浪四六级频道 四六级论坛 四六级博客圈特别说明：由于各方面情况的不断调整与变化，新浪网所提供的所有考试信息仅供参考，敬请考生以权威部门公布的正式信息为准。,5,9,0.5391380786895752
"英语四级写作冲刺阶段10篇必背范文四级写作冲刺阶段10篇必背文章北京新东方学校王江涛1、北京奥运The Beijing 2008 Summer Olympics logo has a single Chinese character on a traditional red Chinese seal. The English words ""Beijing 2008"" are written with a Chinese brush below it. At the bottom of the picture, there are the five rings of Olympic Games. The figure in the logo resembles a runner or dancer and the Chinese character ""jing"" which means ""capital"".The image carries the message that today's China is not only a nation with a long and glorious history, but also one full of modern dynamics. First and foremost, this logo is a journey to the future, the emblem for China moving towards the 2008 Olympic Games. What is more, it is a symbol of the city's promise to make the Games a success. Accordingly, this emblem represents the heart of an ancient culture embracing the modern world, the spirit of a people moving towards a new destiny.In my view, first of all, the Olympic Game represents the spirit of sports. Arms flung wide, it invites all people and the world to share in the city's history, beauty, energy, and its future. In addition, it is a gesture of friendship and hope that the community of nations will unite in peace through sports.参考译文北京2008年夏季奥运会会徽在传统的红色中国印章上刻着一枚汉字。汉字下方用中国毛笔书写了“北京2008”的英文字样。图画底部是奥运的五环标志。会徽中的人物象征了一位跑步者或舞蹈者，而汉字“京”的意思是“首都”。这一会徽表达了当今的中国不仅个拥有悠久灿烂的历史国度，更是一个充满了现代活力的国家。首先，这一会徽是一次奔向未来之旅，是中国迈向2008年奥运会的象征。其次，它是北京承诺将成功举办奥运的标志。因此，这一会徽代表了一种悠久文化拥抱现代世界的信心，以及中国人民迈向新征程的精神。在我看来，奥林匹克运动会首先代表了体育的精神。它伸展了双臂邀请全世界及其人民分享北京的历史、魅力、能量及未来。此外，它是友谊的象征，以及希望国际社会通过体育运动进而和平共处。    更多信息请访问：新浪四六级频道 四六级论坛 四六级博客圈特别说明：由于各方面情况的不断调整与变化，新浪网所提供的所有考试信息仅供参考，敬请考生以权威部门公布的正式信息为准。四级写作冲刺阶段10篇必背文章北京新东方学校王江涛1、北京奥运The Beijing 2008 Summer Olympics logo has a single Chinese character on a traditional red Chinese seal. The English words ""Beijing 2008"" are written with a Chinese brush below it. At the bottom of the picture, there are the five rings of Olympic Games. The figure in the logo resembles a runner or dancer and the Chinese character ""jing"" which means ""capital"".The image carries the message that today's China is not only a nation with a long and glorious history, but also one full of modern dynamics. First and foremost, this logo is a journey to the future, the emblem for China moving towards the 2008 Olympic Games. What is more, it is a symbol of the city's promise to make the Games a success. Accordingly, this emblem represents the heart of an ancient culture embracing the modern world, the spirit of a people moving towards a new destiny.In my view, first of all, the Olympic Game represents the spirit of sports. Arms flung wide, it invites all people and the world to share in the city's history, beauty, energy, and its future. In addition, it is a gesture of friendship and hope that the community of nations will unite in peace through sports.参考译文北京2008年夏季奥运会会徽在传统的红色中国印章上刻着一枚汉字。汉字下方用中国毛笔书写了“北京2008”的英文字样。图画底部是奥运的五环标志。会徽中的人物象征了一位跑步者或舞蹈者，而汉字“京”的意思是“首都”。这一会徽表达了当今的中国不仅个拥有悠久灿烂的历史国度，更是一个充满了现代活力的国家。首先，这一会徽是一次奔向未来之旅，是中国迈向2008年奥运会的象征。其次，它是北京承诺将成功举办奥运的标志。因此，这一会徽代表了一种悠久文化拥抱现代世界的信心，以及中国人民迈向新征程的精神。在我看来，奥林匹克运动会首先代表了体育的精神。它伸展了双臂邀请全世界及其人民分享北京的历史、魅力、能量及未来。此外，它是友谊的象征，以及希望国际社会通过体育运动进而和平共处。    更多信息请访问：新浪四六级频道 四六级论坛 四六级博客圈特别说明：由于各方面情况的不断调整与变化，新浪网所提供的所有考试信息仅供参考，敬请考生以权威部门公布的正式信息为准。",5,7,0.2589818835258484
"英语四六级考试将至 西安有人兜售“短信手表”本报讯 (记者 张小乙 实习生 赵崇霖 郭秀娟) 今年全国英语四六级考试将在6月下旬进行。随着考试的即将到来,一些新的高科技作弊设备应运而生，其中一种被叫作“短信手表”的作弊工具在我市出现。一位不愿透露姓名的大学生日前向记者反映，四六级英语考试将在6月21日和22日进行，在我市一些高校周围的电线杆和校园内一些公厕门上，出现了不少销售各种考试作弊工具的野广告，其中有一种叫“短信手表”的作弊工具。据他说，这是今年“新推出的设备”。为了搞清这种所谓“短信手表”的真相，昨日，记者以买家的身份，与一个野广告上留的电话取得联系。一个小伙子说，“短信手表”是今年推出的“新产品”，各类考试都可以用，它“效果好，还反屏蔽。用它考四六级保准畅通无阻。”他还称，一套工具加考试答案售2000元，“若要得多，价钱还可以商量。”采访中一些学生对记者表示，这种考试作弊用的新“设备”，不仅给监考带来难题，更严重影响考试的公平性。他们希望有关部门对这种作弊工具严查严罚。     更多信息请访问：新浪四六级频道 四六级论坛 四六级博客圈特别说明：由于各方面情况的不断调整与变化，新浪网所提供的所有考试信息仅供参考，敬请考生以权威部门公布的正式信息为准。",5,9,0.788271427154541
四六级假证竟能网上查分 几乎难辨真伪假证几乎能乱真，还能网上查成绩。四六级考试结束后，高校内贴满了办证广告，号称花几百元，就能办到以假乱真的四六级证。近日，记者假扮应届毕业大学生，与两个办理四六级假证的机构取得了联系。交涉中，两个机构分别开出了300~1000元不等的价格。其中，网名为“08本科直通车”的办证贩子称，能网上查分的四六级证最贵，分别报价600元和1000元。另一个自称姓李的假证贩子称，网上查询时只能查分，不会透露分数对应的学生信息。利用这个规则，只要套用了别人的准考证号和成绩，假证也能在网上查分。不过，由于今年的四六级成绩还未出来，而网上只能查询最近一次考试的成绩。因此，想要办网上查分的六级证还需等几个月。    更多信息请访问：新浪四六级频道 四六级论坛 四六级博客圈特别说明：由于各方面情况的不断调整与变化，新浪网所提供的所有考试信息仅供参考，敬请考生以权威部门公布的正式信息为准。,5,9,0.6894991397857666
教育部：四、六级口语考试25日起报名(记者 徐媛)昨日记者从教育部门获悉，2008年12月全国大学英语四、六级考试口语考试报名时间为10月25日9时至30日16时30分。考试日期为12月6日至7日(两天)。此次口语考试的报名资格为，参加2005年6月至2008年6月全国大学英语四、六级考试，且四级成绩为550分以上(含550分)或六级成绩为520分以上(含520分)；参加2005年1月(含)以前全国大学英语四、六级考试并已获得四、六级证书的在校学生，且四级成绩为80分以上(含80分)或六级成绩为75分以上(含75分)。口语考试采用网上报名方式。考生自主选择一个考点报名参加考试。湖南有湖南大学和湖南师范大学两所高校接受报名，因考点容量所限，报名额满为止。每名考生报名费为50元。考生必须首先登录网站www.cet.edu.cn网上报名。网上报名成功后，考生到所报考点进行现场缴费，领取准考证。考生只能选择一个考点报名。不得重复报名。    更多信息请访问：新浪四六级频道 四六级论坛 四六级博客圈特别说明：由于各方面情况的不断调整与变化，新浪网所提供的所有考试信息仅供参考，敬请考生以权威部门公布的正式信息为准。,5,7,0.9975489974021912
范冰冰 在梦想的仙境一路漫游“演员梦”——范冰冰前传：妈，我要当演员！要了解一个人，就该了解她的成长背景。烟台是范冰冰15岁以前生长的城市。她父母都是有文艺追求的人，只是最后没有走上成名成家的道路，所以把希望都寄托在女儿身上了，家境不富裕的条件下，还花5000块钱买了架钢琴。小时候的她，除了音乐天赋还有些运动天赋，初二的时候能跑全程马拉松，但是她讨厌枯燥的训练，所以在音乐老师和体育老师选苗子的时候，她选择了音乐。但她又是那种喜欢尝试新事物的人，仗着小聪明，陶醉于什么东西一学就会的快感，再往下深究就没耐心了。父母曾经把她反锁在屋里练琴，她呢？哪里有压迫哪里就有反抗，踩着钢琴跳窗而出，投到同学们的怀抱中，她当时是那一片儿的孩子王。当时在学校里有不少追求者，他们的手段都很低端，就是把她自行车胎扎漏，然后在她推车回家时站出来帮忙。她爸想老这么修车也不是个事儿啊，万一遇见坏人呢，就每天开摩托接送她上下学。结果有一次他们俩被一个新手司机撞到，还在车下被拖行了18米，从地上拉起来时，已经是两个血人。幸亏都没受致命伤，她在医院里躺了3个月出院了。不过这3个月让她错过了升学考试，接下来要么是重读一年再考，要么是去谢晋在上海办的影视学校，她选择了后者。如果喜欢一个人，我有这个能力让他主动来追求我，而且不需要什么眼神、动作之类的暗示，我会让这个人觉得我很可爱，绝不扭捏。“爱情梦”——男人：白马王子其实不可靠，不给劲儿确实是，每个女孩在成长期里都会对男人有不同的期待，都会变。比如我小的时候就喜欢琼瑶式的哥哥，马景涛、刘德华那样的白马王子，长大后，觉得白马王子有时候不太顶事，不可靠，不给劲儿。然后就觉得，应该找对我的人生态度起一些引导作用的人，很踏实，或者就是他的人品要好。我喜欢话少但言之有物的人，而且很喜欢看一个男人认真工作的样子。“品牌梦”——工作室：范冰冰这个品牌，有很多切割面采访前一天，范冰冰刚从陈凯歌新片《赵氏孤儿》的开拍仪式上回来，据说由于明星扎堆，当地群众的反应过于热烈，搭起的媒体台都给踩塌了。于是疑问产生了，范冰冰为什么总能得到最好的机会？“不是我选这个戏，是这个戏选了我，我觉得自己很幸运，陈凯歌是我很尊敬的导演，因为我最喜欢的一部中国电影就是《霸王别姬》，我已经看了十几遍了，一直到去年我从国外回来的飞机上在放，我还是可以不睡觉再看一遍。我对他个人是有崇拜的，特别我现在自己在做工作室，这次合作也是很好的学习机会。”[后记]采访时，范冰冰就坐在我们对面的沙发上，双腿盘起，两手拨弄着脑后的马尾。绿色波鞋里冒出一小截咖啡色棉袜，袜筒处绣着一只大大的泰迪熊。她右手边，是戴着耳麦、身材健壮、宛若黑衣保镖的经纪人——这情景，好像她不是老板，而是被名利劫持的无辜少女。 说话间，她好看的浆果嘴唇慢条斯理地开了又合，一边施施然用手捏起一片湿纸巾，拼命揉搓起画了浓重眼影的眼周——于是我们立马就看见了两只千载难逢、正面全裸的熊猫眼圈。此时此地，是夜半零时，小汤山，五环外。影棚外荒村寂寂、黑影重重；影棚内，除了范老板还在侃侃而谈，助理人等早已东倒西歪——不享受阳光、不习惯闲适的她，仿佛就是为了这个时刻而生，且极适合在这个缺少光明的世界生存，小小梦游。,6,2,0.934335470199585
红色配咖啡色系要缩小红色面积红色配咖啡色系时缩小红色的面积是很高级的。这种发灰的铅锡色系也是咖啡色家族的，中国人穿这个色系很容易脸色蜡黄和灰暗，所以加上红色的点缀就会赶走肤色的暗沉了。咖啡色配绿色系是很高雅的配色。尤其墨绿配咖啡色，有种低调的奢华。如果你的肤色偏暗，黑眼珠和头发都是浓黑的，有种巧克力美人的感觉，试下这种配色吧。在中国的广东一带，这样肤色的深色型人是很多的。紫色系也是咖啡色的很妙配色，你的很多衣服其实不是不美，而是你的搭配无方埋没了它的潜质。你有很久没碰过的深巧克力色的衣服吗，不妨试下这个紫罗兰的包包哦。一定让你惊呼咖啡色72变的本领。黑色配咖啡色虽然不出错，不如深海军蓝更有味道。这种配色中国人穿由于发色和眼珠颜色的单调尤其会显老气。换成深海军蓝是缓解沉闷的好办法，也更适合亚洲人的黄种肤色。这种手工感十足的配饰配白色衣裤虽然不出错，但并没有配出其特色。如果整身增加大面积的咖啡色系会立即不同的。苍白、单调感、饰物和衣服的搭配显得牵强是这身衣服的不完美之处，学习正确和有效的颜色搭配知识是拯救你很多衣饰的最好办法。整个图片为什么没有因为整身的咖啡色和黑包显得沉闷，秘诀在哪里呢？你知道吗？什么颜色在图中起了决定性的作用呢？漂亮配色的原理都是相通的，不仅仅用于你外表的漂亮，咖啡色也是家私的主色，如何让你的家活色生香起来你已经学到了吧。有关个人形象咨询、服饰搭配师及色彩顾问培训请登陆中国总部：http://www.qixincolor.com全球总部：http://www.colourmebeautiful.co.uk博    客：http://blog.sina.com.cn/u/1265683744,6,3,0.9864778518676758
审计署：10省区市5837万支农款用于建房买车本报讯 （记者杨华云）审计署昨日发布的2009年第4号审计结果公告披露，河南、甘肃等10省区市财政和有关主管部门违规使用资金26.93亿元，其中，用于建房买车5837.4万元。审计署向社会公布了河南、甘肃、山西、黑龙江、江苏、湖南、福建、陕西、内蒙古和重庆10省区市财政支农资金管理使用情况审计调查结果。审计调查发现，财政支农资金分配、使用和管理不够规范的问题普遍存在，10省区市财政和有关主管部门违规使用资金26.93亿元，其中用于建房买车5837.4万元；不规范管理资金45.75亿元；配套资金不到位65.97亿元。审计调查还发现，部分项目资金使用效益较差。在应于2007年底完成的86个财政支农项目中，有32个未达到设计要求和预期目标，占抽查项目总数的37%，致使已到位的8.24亿元支农资金未能充分发挥效益。此外，年初华北大旱暴露出的抗旱基础设施不足的问题得到证实。审计发现农业基础设施投入仍然不足，其中防汛抗旱监测预警系统建设滞后，2003至2007年，陕西、重庆等8省市防汛抗旱监测预警系统建设投入1.31亿元，仅占其同期防汛抗旱经费投入的4％，截至2008年3月，8省市设立的水情监测站尚不足水利部要求的一半。相关阅读：审计署：10省区市违规使用支农资金26亿,7,4,0.9002638459205627
巴西总统访华力推金砖集团 挑战美元霸主地位巴西领导人很想加强与“金砖四国”中其他国家的关系，进一步挑战美元的霸主地位国际先驱导报记者于冬发自北京 “尽管金融危机的‘震中’也许位于发达国家，但伦敦峰会让我们清楚地看到，如果没有发展中国家的参与，克服危机无从谈起。”5月19日上午10时许，巴西总统卢拉雄辩的调门响彻中国社会科学院礼堂的每一个角落。卢拉总统对资本主义的“反叛”立场一如既往，但与伦敦金融峰会上痛斥“蓝眼睛的白人惹起了危机”相比，言辞却温和了许多。卢拉总统此次访华恰逢6月15日将在俄罗斯举行的上海合作组织与“金砖四国”峰会前夕，“金砖集团”的倡议自然备受关注。“铁嘴”抨击资本主义“对我来说，资本主义从来就不是一个抽象的概念。它是日常生活中真实而又具体的一部分。我的童年和许多来自贫穷家庭的男孩没有任何的不同：非正式的工作；非常少的正式教育。我惟一的文凭是机床操作员。”在会议举办方分发的材料中，卢拉总统介绍了他对资本主义最真实的理解。很难想像眼前这位神采奕奕的总统，几十年前却是一名来自社会最底层的“工厂男孩”。社科院一位与会的研究员告诉《国际先驱导报》，“在拉美左派领导人中，卢拉和委内瑞拉的查韦斯总统都以‘铁嘴’批判资本主义和美国而闻名，但不同的是卢拉说过之后，一定会付诸行动。”早在4月初卢拉总统就撰文呼吁发展中国家停止使用美元进行贸易，以减少进口国和出口国的开支。“将美元当作参照货币并给某一个国家印制这种货币的权力，这种情况实在荒谬。”如今，卢拉总统的提议正逐渐变成现实。英国《金融时报》5月19日透露，中巴“双方已开始商谈设立一个新体系，让中国和巴西用自己的货币进行贸易，而不是美元”。层层推进巴西大国梦无疑，中巴抛开美元直接进行贸易符合双方的利益。今年4月，中国首次超过美国成为巴西第一大贸易伙伴，作为富有活力和经济互补性很强的两个大国，中巴在包括能源、航空、旅游和矿产开发等领域的合作持续加强。中国人民银行的吉女士向《国际先驱导报》介绍说，“中国同巴西的经济关系发展迅速，相比之下，几年前我们单位绝对不会受邀出席这种类型的演讲会议。”环顾四周，记者发现会场早已坐满了各界人士，有穿着严肃的政府官员、态度和蔼的学界人士、衣着考究的商业精英，以及后排忙碌的新闻工作者，足有四五百人。窥一斑而见全豹，中巴关系已经进入了一个战略合作的新时代。但是，卢拉总统的主张远不止于中巴双边之间。“新兴国家被动反应的时代一去不返了。像巴西和中国这样的国家应该更多地参与到诸如国际货币基金组织、世界银行和金砖四国等机构的决策过程之中。”卢拉总统在演讲中再次提及构建“金砖集团”的主张。其实，在巴西政府决策层中一直存在着“金砖集团”的政策构想。2003年，卢拉总统上台伊始就提出巴西、中国、俄罗斯、印度、南非五国对话机制，但最后只实现了俄印巴三国对话。巴西外交部长阿莫林多次撰文指出，“金砖集团”不仅是一个统一行动的经济组织，它还应是一个政治集团，通过这种整合的力量推动国际秩序的平等和民主，实现世界格局的重组。社科院拉美问题研究所巴西问题专家周志伟告诉《国际先驱导报》，卢拉政府近年来之所以不遗余力地推行“金砖集团”，是想借助四国的整体力量，巴西政府尤其看重中国的经济和政治影响力，以此融入到世界经济新秩序，甚至获得“入常”问题上的支持，从而进入国际政治规则的决策核心。西方不满“金砖集团”倡议“我们通过艰辛的劳动积累起2070亿美元的外汇储备，让我们免受产生于资本主义中心、威胁着全球经济结构的金融危机最糟糕的影响。”卢拉总统的看法引起了与会者的广泛支持。中国人民银行的吉女士不无感慨，“如今，穷人借钱给富人花。不但要承担各种借款风险，还要忍受对方苛刻的借款条件。”无疑，建立公正合理的国际经济新秩序势在必行，但西方世界对“金砖集团”却心怀芥蒂。新美国基金会政治学家帕拉格·康纳指出，“金砖四国”一词是高盛公司经济学家创造出来的，它并不是一个现实的同盟。四国的经济参差不齐，缺乏合作的经济和政治基础，“金砖四国”集团很不现实。英国广播公司认为，巴西领导人很想加强与“金砖四国”中其他国家的关系，进一步挑战美元的霸主地位。英国《金融时报》5月18日断言，“金砖四国”虽有一定实力，但还远不是一个“志同道合”的机制，无法形成共识与合力。《华尔街日报》则进一步分析称，除巴西有意借助中俄印的力量争取“入常”外，作为“金砖集团”成员的俄罗斯和印度也各有盘算：印度既想在“入常”问题上得到中俄巴三国的支持，又不愿因“金砖集团”而开罪西方；俄罗斯则因能源价格下降，外交底气不足，而欲借“金砖集团”组建没有西方影响的国家经济组织。对此，外交部发言人马朝旭19日表示，四国对话符合四国和国际社会的共同利益。这种对话与合作是透明开放的，不针对任何一方。【链接】金砖四国“金砖四国”（ＢＲＩＣ）包括巴西、俄罗斯、印度和中国。ＢＲＩＣ恰好是上述四国英文名称首字母缩写，因其发音类似“砖块”一词，故得名“金砖四国”。推荐《国际先驱导报》博客：http://blog.sina.com.cn/m/xqdb,7,1,0.9747607707977295
央行新一轮人事调整正在进行记者获悉，央行新一轮人事调整正在进行中。由于央行稳定局原局长张新已赴任央行上海总部任副主任，缺位的稳定局局长一职，可能由央行金融研究所所长宣昌能接任。宣昌能，1997年取得美国奥斯汀得克萨斯大学金融学博士学位，原任央行金融研究所所长。2008年进入央行，此前曾担任JC弗劳尔斯投资公司董事总经理、建设银行董事会秘书、中国证监会规划委委员和机构监管部副主任，及摩根大通银行衍生产品研究部的高级分析师等职。另外，前驻IMF中国执行董事葛华勇就任央行党委组织部部长、人事司司长。新的人士调增还包括，央行国际司司长金琦已出任办公厅主任，中国外汇交易中心总裁谢多已出任国际司司长，中国金融出版社社长林铁钢出任央行天津分行行长。记者 高博,7,1,0.8291175365447998
走近“台中名片”胡志强：时时不忘推销台中台中市长胡志强是首届海峡论坛的明星人物，也是大陆观众非常熟悉的台湾政治人物，胡志强在接受《直播港澳台》节目专访时，还时时不忘推销台中。“台中的特色就是以前的发展不够落实，但是这个系列变成我们的优点：就是发展的空间非常大，中台湾是深圳还没有发现到的发展伙伴，赶快来台中市！”看，有台中名片之称的明星市长胡志强果然名不虚传吧？一推销起台中来，不留余力！胡志强是访问大陆最多的台湾县市长，也因为到处推销台中而被大陆观众熟悉。两岸包机首航，胡志强抢头香，大胆作秀！胡志强：“有人说到机场来参加首航就是作秀，中台湾要作秀，我们要在大陆作秀！”访问香港，胡志强当起了蜜月旅行的大使！胡志强：“我们要办一个特别套餐，欢迎香港新婚伴侣到台中来度蜜月”)不过除了推销台中，胡志强也提出构建闽台港粤经济圈的建议，对于深圳在其中如何扮演自己的角色，胡志强有话说。“香港、广东、福建加台湾，四个地区能够进一步整合的话，会成为全世界第五大的超级经济区域，将来竞争力难以估量。希望台湾和深圳的来往要继续增加，超级经济区域的落实能早日实现。”胡志强和马英九、朱立伦并称为马立强，是国民党中生代重要人物，政治前景看好。,7,4,0.7909355163574219
上海人大常委会表决通过撤销南汇区决定本报讯(通讯员 任达) 昨天，市十三届人大常委会举行第十一次会议，审议并表决通过市人大常委会关于撤销南汇区、将其行政区域并入浦东新区若干问题的决定，为积极稳妥地做好该项工作提供了法制保障。市人大常委会主任刘云耕主持会议。会议听取了市人大常委会人事代表工委副主任张爱民所作的市人大常委会关于撤销南汇区、将其行政区域并入浦东新区若干问题的决定(草案)的说明，经分组审议后由全体会议表决通过该决定。刘云耕指出，要加强指导与帮助，确保浦东新区换届选举工作规范有序顺利进行；发挥立法、监督等法定职能，继续做好服务浦东开发开放的各项工作，为浦东新区综合配套改革试点工作和建设“两个中心”作出积极的贡献。市人大常委会副主任陈豪、周禹鹏、胡炜、王培生、杨定华、蔡达峰、郑惠强出席会议。副市长赵雯，各区县人大常委会负责人，市人大各部门负责人，市政府有关部门负责人和部分人大代表列席会议。经国务院批准，撤销上海市南汇区，将其行政区域并入上海市浦东新区。为了积极稳妥地做好南汇区行政区域并入浦东新区的有关工作，根据《中华人民共和国全国人民代表大会和地方各级人民代表大会选举法》、《中华人民共和国地方各级人民代表大会和地方各级人民政府组织法》的规定，上海市第十三届人民代表大会常务委员会第十一次会议决定：一、成立浦东新区第四届人民代表大会筹备组，负责筹备浦东新区第四届人民代表大会的有关事宜，主持浦东新区第四届人民代表大会代表的选举，召集浦东新区第四届人民代表大会第一次会议。浦东新区第四届人民代表大会筹备组下设代表资格审查委员会，审查浦东新区第四届人民代表大会代表的选举是否符合法律规定，并报筹备组公布代表名单。二、浦东新区第四届人民代表大会代表名额为450名。三、浦东新区第四届人民代表大会常务委员会组成人员名额为35名。四、浦东新区第四届人民代表大会常务委员会组成人员，区长、副区长，区人民法院院长、区人民检察院检察长由浦东新区第四届人民代表大会第一次会议依法选举产生。行政区划调整后的浦东新区人民政府其他组成人员、区人民法院审判人员、区人民检察院检察人员由浦东新区第四届人民代表大会常务委员会依法任免。五、浦东新区和南汇区第三届人民代表大会常务委员会以及人民政府、人民法院、人民检察院行使职权至浦东新区新的区人民代表大会常务委员会组成人员及区长、副区长，区人民法院院长、区人民检察院检察长产生为止。六、原南汇区选举产生的上海市第十三届人民代表大会代表的选举单位改为浦东新区人民代表大会。七、原南汇区所辖镇的人民代表大会代表资格继续有效，镇人民代表大会的届次不变，区属名称随行政区划的调整而作相应的调整。八、浦东新区第四届人民代表大会任期至2012年上海市的区、县人民代表大会换届为止。,7,4,0.5385302901268005
我国科学家培育出世界首个猪干细胞人民网科技北京6月3日电 (记者赵永新) 我国科学家在世界上首次把来自猪的体细胞(不是精细胞或卵细胞的细胞)诱导转变成多能干细胞——这种细胞就像胚胎干细胞一样，有能力发育成身体中的任何类型的细胞。这也是全世界首次使用有蹄类动物的体细胞培育出多能干细胞，可能为建立人类遗传病模型、培育供人类器官移植的转基因动物以及开发耐受猪流感等疾病的猪开创一条道路。这项研究是中科院新创刊的《分子细胞生物学报》今天在网上发表的第一篇研究论文。该杂志主编李党生教授评论该研究时说：“这项研究非常令人激动，因为它代表了培育有蹄类物种的多能干细胞的首次严格证明，这将为培育出精确的转基因动物用于研究、治疗和农业用途提供的机会。”该成果是中科院上海生物化学与细胞生物学研究所的肖磊博士带领干细胞研究组完成的。他说：“迄今为止，科学家在利用早期胚胎培育有蹄类动物的多能胚胎干细胞方面做了很多努力，但是没有成功。这是世界首次培育出有蹄类动物的多能干细胞。因此，这项研究是全新的、非常重要，而且对于人类和动物健康有许多应用。”肖磊及其同事通过使用转录因子重编程了来自一头猪的耳朵和骨髓的细胞，从而成功培育出诱导多能干细胞。通过一种病毒把这些重编程因子的混合物引入细胞中，这些细胞发生了变化并在实验室中发育成了胚胎样干细胞。进一步的测试证明了它们确实有能力分化成胚胎的三层(内胚层、中胚层和外胚层)的细胞类型——这是所有胚胎干细胞都具有的能力。从成功培育出诱导多能干细胞(iPS细胞)获得的信息意味着科学家继续培育来自猪或其他有蹄类动物胚胎的胚胎干细胞(ES细胞)将变得更加容易。肖磊说：“猪的多能干细胞有许多用途，诸如准确改造用于器官移植治疗的转基因动物。猪在形态和功能方面与人类相当类似，而且器官尺寸与人类器官在很大程度上类似。我们可以使用胚胎干细胞或诱导干细胞修改猪的与免疫有关的基因，从而让猪的器官与人类免疫系统兼容。然后我们可以使用这些猪作为器官供体为患者提供器官，而不会引发来自患者自身免疫系统的有害反应。”“猪多能干细胞系还可以用于建立人类遗传病的模型。许多人类疾病，诸如糖尿病，是由基因表达障碍造成的。我们可以修改干细胞中的猪的基因，并培育出携带同样基因障碍的猪，从而让它们具有和人类患者类似的症状。然后就有可能使用这种猪模型开发治疗这种疾病的疗法。他举例说，为了应对猪流感，可以培育出一种准确的转基因猪，从而改善它对这种疾病的耐性。我们首先可以找到一种具有抗猪流感活动或者抑制猪流感病毒增殖的基因；然后，可以把这种基因通过多能干细胞引入到猪的体内——这个过程被称为基因”敲入“，从而实现这一目标。另外，由于猪流感病毒需要与猪细胞膜上的一个受体结合才能进入细胞并进行增殖，我们可以通过对猪诱导多能干细胞进行基因打靶从而敲出这一受体。如果这个受体消失了，这种病毒也就不会感染猪了。此外，肖磊说他的发现可以用于改善畜牧业，不仅可以让猪更健康，而且还通过修改与生长有关的基因以改变和改善猪生长的方式，从而改善畜牧业。他的研究的下一阶段是使用猪iPS细胞产生转基因猪，从而为患者提供器官，改善猪的品种或用于疾病耐受能力。这些经过修改的动物可以是”敲入“的猪，即使用iPS细胞或ES细胞把一段额外的遗传物质(诸如一段人类DNA)转移给猪的基因组，或者是”敲除“的猪，即用这种技术阻止一个特定基因发挥作用。不过，肖磊强调说，潜在的医学应用可能还需要数年时间才能投入临床使用。,7,9,0.9995386600494385
手机实名制法律规范正待国务院审批“我经常会接到一些莫名其妙的短信，有的是骚扰的，有的是诈骗的，很烦。虽然我没有受骗，但我周围有不少朋友受骗。”——广东省政协委员汤镇业“鉴于实施移动电话用户实名登记制度涉及到整个移动网上的所有用户，在某一省区市实施管制政策难以奏效，一旦国家颁布实施后我局将联合有关部门积极推进该项工作。”     ——广东省通讯管理局信息时报讯 (记者 夏令 通讯员 张其明) 今年省两会期间，来自香港的广东省政协委员汤镇业提交提案，建议对手机卡销售采取实名登记制度，以遏制“信骚扰”、“信诈骗”。近日，广东省通信管理局等答复表示，工业和信息化部已会同公安部、国务院新闻办等有关部门联合制定手机实名登记制度的法律规范，正在等待国务院审批。汤镇业：朋友被短信骗到今年省两会期间，汤镇业向省政协提交了《手机实名制可治“信骚扰”》提案。提案指出，一些不法分子经常假冒银行或银联、甚至公安部门特服电话发送违法短信进行诈骗或敲诈勒索公私财物，或者散布淫秽、色情、赌博、暴力、凶杀、恐怖内容，还有的不法分子发布假中奖、假婚介、假招聘，或者引诱、介绍他人卖淫嫖娼的信息。“我经常会接到一些莫名其妙的短信，有的是骚扰的，有的是诈骗的，很烦。虽然我没有受骗，但我周围有不少朋友受骗。”两会期间，他接受记者采访时说。通管局：正制定相关法律广东省公安厅在会办意见中表示，近年来，不法分子利用手机群发短信、打电话等方式实施的违法犯罪活动逐渐增多。截至4月底，全省共破获电话诈骗案件468起，打掉电话诈骗犯罪团伙46个，抓获电话诈骗犯罪嫌疑人323名，缴获赃款245万元、冻结涉案资金940万元等。公安厅建议通信管理部门实行手机卡销售实名制。对此，广东省通讯管理局已向上级主管部门提出相关建议并得到认同。“鉴于实施移动电话用户实名登记制度涉及到整个移动网上的所有用户，在某一省区市实施管制政策难以奏效。”该局透露，工业和信息化部已会同公安部、国务院新闻办等有关部门联合制定了法律规范，正在等待国务院审批。“一旦国家颁布实施后我局将联合有关部门积极推进该项工作。”,7,8,0.5337832570075989
我国首例主动加入美知识产权诉讼案胜诉中新社北京六月八日电 (记者 王彤) 中国盐城捷康三氯蔗糖制造有限公司八日在此间召开新闻发布会表示，该公司主动应诉英国泰莱科技有限公司和美国泰莱三氯蔗糖公司美国国际贸易委员会(ITC)专利调查的判决最终取得胜利。这是自中国二OO一年加入世界贸易组织以来，唯一一家主动要求加入“三三七调查”并最终胜诉的中国企业。所谓“三三七调查”，是美国国际贸易委员会根据一九三O年通过的关税法第三百三十七条对外国产品是否存在知识产权侵权行为进行的调查。三氯蔗糖是一种甜度相当于蔗糖六百倍的新型甜味剂，应用于全球三千多种食品和药品中。近年来，中国三氯蔗糖产品出口发展迅速，引发了一些美欧生产企业的关注。二OO七年四月，泰莱公司为了保持其在全球三氯蔗糖市场的绝对垄断地位，以专利侵权为由，要求ITC对三家中国生产企业展开调查。捷康公司一开始并不是“三三七调查”这项中的被告，但鉴于美国国际贸易委员会有可能发出“普遍排除令”，捷康公司主动申请加入调查，以证明自身的生产工艺专利不侵权。通过严密的调查和取证，今年四月六日，ITC认定全球最大的三氯蔗糖制造商之一捷康三氯蔗糖制造有限公司没有侵犯糖业巨头泰莱声称的美国专利。根据美国规定，对于ITC的最终判决美国总统还拥有在六十天之内进行否决的权力。而截至六月六日，奥巴马并没有行使否决权，因此盐城捷康在此案中最终取得胜利。据了解，捷康公司在美国的整个应诉过程近两年时间，投入人民币二千多万元。中国商务部官员指出，近年来，许多案例表明，美国的“三三七调查”程序被许多跨国公司利用，成为其竞争策略之一。该案的胜诉表明中国企业科技创新意识、知识产权保护意识以及利用法律维权的意识都在不断增强。完,7,9,0.6190468072891235
中科院发布科技发展路线图2050年中国经济居首中国科学院10日在京发布《创新2050：科技革命与中国的未来》系列报告，为我国描绘了面向2050年科技发展路线图。路线图认为，在今后的10年至20年，很有可能发生一场以绿色、智能和可持续为特征的新的科技革命和产业革命。航天技术：2030年载人登月公布的中国科技发展路线图，其中2050年空间科技发展路线图明确提出，2030年前后，中国实现载人登月，建立月球基地，2050年前后，载人飞行从月球基地飞向更远的行星，具备载人登火星能力。这份最新出炉的中国2050年空间科技发展路线图称，空天科学与深空探测能力方面，2020年前后，探测器可达火星，2030年前后，深空探测器实现高效星际航行和高精度自主导航，可探测木星等火星以外的行星，2050年前后，深空探测器飞出太阳系进入宇宙空间。空天技术能力在载人航天方面，载人登月前，在2020年前后，突破人在近地轨道空间站长期生存保障技术，建立长期有人逗留的空间站。到2050年前后，中国还将突破激光超高速通信技术，建立以大型超压式高空气球为基础的平流层高空站，发展新一代平流层飞艇，并开展组网应用，使人们进入空间的方式更加廉价和高效。经济总量：2050年居世界首位发展路线图预测，2050年，中国经济总量将达到世界首位。中国目前的经济总量排在美国和日本之后，位居世界第三。中科院的路线图描绘了这样一幅愿景：2050年中国将进入世界中等发达国家行列，成为政治、物质、社会、精神、生态五大文明高度发达且高度开放的国家。2050年的中国，将是一个政治文明高度发达的国家，社会主义民主和法制高度完善，国家统一，民族团结，社会稳定，人民的政治权利和发展权得到充分保证，国家安全得到可靠保障。2050的中国，将是一个物质文明高度发达的国家，经济总量达到世界首位，人均GDP达到中等发达国家水平，经济保持持续、稳定、协调发展，科技创新能力居于世界前列，全体人民过上富足安康的生活。2050年的中国，将是一个生态文明高度发达的国家，人与自然和谐相处，生态环境退化得到有效遏制。据中新社,7,9,0.9365095496177673
国土部调查地方商品房地价求证“推高房价说”_国土部调查商品房地价国家统计局对40个重点城市商品住宅开发费用构成的调查，预计于本月中旬结束土地成本在房价中到底占多高比例，国土资源部正在进行的一项商品房项目用地地价调查，或许能够为外界揭开真相。CBN记者获悉，国土部近期已经向地方下发“国土资电发(2009)34号地价调查表”，要求地方填报具体的房地产项目土地出让价款，以及房屋售价等。这也是继国家统计局摸底房地产开发费用，和北京调研3000家房地产开发企业土地开发详情之后，又一部委对房地产项目用地情况展开调查研究。这也显示，在今年全国“两会”后，中央部委和地方对房地产开发成本问题开始加大关注力度。调查尚未结束根据这份调查表，各省市需要详尽填写房地产项目的名称、开发企业、开发类型(普通商品住房、高档公寓、别墅等)，土地面积、土地取得方式(协议或者招拍挂)以及容积率等指标数据。在土地出让价款一项，需要填报的是项目用地出让时，以建筑面积核算的土地成交单价，即楼面地价；而房屋售价则统一以开盘时的价格为准，取其楼盘均价。此次调查的对象为各地2006年以来取得土地且已进入销售阶段(包括已售完)的商品房开发项目。不过，此项调查并非针对全部房地产开发项目，而是为抽样调查，即按照各项目区位(城市中心区、边缘区、过渡区)选取若干项目进行调查，每区位样点数不得少于2个。对于上述地价调查，一位权威人士对CBN记者透露，这项工作早晚得做，现在也需要做。但他并未透露开展此调查的目的，并表示因调查工作还没有结束，目前尚无法得出某种结论。来自中国土地勘测规划院地价所的田彦军一直关注地价和房价的关系，并且始终不认同“招拍挂抬高地价，进而导致房价攀升”的论调。他以2002年至2006年为例，指出这五年中新建商品住宅价格增幅多年保持较高水平，全国商品房价格同比增幅分别为3.69%、4.84%、17.76%、14.04%和6.79%，2006年商品房均价达到3383元/平方米；而同期地价水平(楼面地价)增幅为4.39%、4.68%、6.08%、4.20%和5.19%，2006年平均楼面地价水平仅为934元/平方米。“自2001年经营性用地出让实施招拍挂制度以来，土地交易价格同步提升的事实客观存在，但地价同比增幅相对稳定且均低于同期商品房价格增幅，商品房价格偏离地价水平越来越远。”田彦军表示。中央地方共查房地产成本房价偏高的现实和开发商暴利的可能，导致了社会对房地产行业成本的高度关注，但就像素有业界“大炮”之称的任志强所言，开发商的成本怎肯轻易对外界公开。今年全国两会期间，全国工商联曾递交了一份名为《我国房价为何居高不下》的大会发言，称一项调查显示房地产项目开发中，土地成本占直接成本比例最高，达到58.2%。此报告直指地方政府为房地产业十年高速发展最大的受益方。这一被外界看来具有明显倾向色彩的报告引来众多争论，甚至有地方政府表态，将公布相关数据予以反驳，但截至目前尚无下文。不过，中央层面对房价成本问题的关注却在加大。除国土部的地价调查外，近期国家统计局也已下发通知，将对40个重点城市范围内的商品住宅开发费用构成进行专项调查，以弄清房地产开发项目费用的支出结构。根据该通知，此项调查应该于本月中旬结束。田彦军认为，为了破除地价推高房价的“误解”，应该及时向公众公布每一个在售商品楼盘的土地价格及该宗地价占房价的比例，赋予消费者应有的知情权，保障社会各方了解并参与房地产市场调控。“房价、地价对照公示，可以凸显开发商行业的暴利。公众可以据此直接了解房价、地价水平，进而根据社会平均建安成本测算开发商利润。”田彦军称，此举也可以进一步挤压房地产开发利润，使其向社会平均利润靠拢。据悉，在2005年，建设部门曾下发《房地产市场信息系统建设工作纲要》，要求各地房地产主管部门逐步建立完整的房地产信息采集、分类、统计和分析系统，将一些基本的市场信息向社会发布，并提供公开查询功能，但此后进展并不顺利，未能达到政策预期。田彦军认为，房地产开发商为维护其开发暴利，将成本视为商业机密，掩盖了其高利润的真相。而社会公众往往仅能依据一些立场性较强的行业机构发布的信息做出误判，很难做到明白消费。此外，个别专业机构的不实宣传，客观上误导了购房者非理性购房，也对房价快速上涨起到了推波助澜的作用。刘展超,7,4,0.9283542633056641
商务部建议国务院放宽外商房地产投资外商直接投资(FDI)已经连续7个月负增长了。《华夏时报》记者从商务部独家获悉，一份关于稳定外商投资的包含42条具体建议的建议书已经由商务部提交至国务院。其中较大的调整政策包括将对外商投资中国房地产业松绑：商务部建议联合外管局，对外商投资房地产企业外汇登记手续进行简化和适当放宽。如果这项意见得以实施，外商投资房地产将获更多便利。 据华夏时报,7,4,0.9572980999946594
两部委推动服务外包业 欲5年吸纳百万学生就业昨天，在南京市举办的第二届中国国际服务外包合作大会上，教育部高教司副司长刘桔表示，商务部和教育部两部委已制定“服务外包”促进高校毕业生工作的指导意见，将在5年内培养120万服务外包人才，其中新增100万高校毕业生就业。“一边是我们的大学生找不到工作，另一边却是跨国企业想转移非核心业务到中国急需人才，我们希望两头能连接上。”商务部一位官员在会上对CBN记者表示。“我们希望这个数字仅仅是保守估计。”上述官员说。由于“金融危机”的席卷，对于外向型经济最为敏感的商务部率先感受到了跨国企业在中国寻找高素质劳动力的“渴求”。因此在国务院层面召开多次部委联席会议之后，商务部和教育部今年上半年共同制定相关政策，借力“服务外包”发展，提升就业空间。企业录用毕业生每人获补助4500元教育部和商务部制定的最新政策包括，对于符合条件的技术先进型服务外包企业，每新录用1名大专以上学历员工从事服务外包工作并签订1年以上劳动合同的，中央财政给予企业不超过每人4500元的培训费支持；而中介培训机构培训的大学生获得1年以上劳动合同的也将获得每人500元的费用支持。在金融危机爆发之前，“服务外包”仅仅是中国外向型经济中的一个环节，但是随着欧美日等发达国家遭遇经济滑坡，大量企业急欲降低成本，开始迅速将非核心业务转移到中国。从去年年底开始，各地“服务外包”增长迅猛。在包括FDI、进出口等多项外向经济指标下滑的背景下，“服务外包”逆势增长引起了经济决策部门的注意。以江苏省为例，1~4月全省“服务外包”接包合同执行额10.25亿美元，增长188.22%，该省外经贸厅厅长朱民昨天在接受包括CBN在内的媒体群访时表示，这是今年对外经济中独特的亮点。由于据企业反映，大学生毕业之后迅速适应“外包”岗位是当前的一个难题，商务部相关人士向CBN表示，今后将推动岗位需求进入高校课程，以此长期推动高校教育改制。但短期看，为了加快促进大专院校学生进入新兴的“服务外包”企业就业，政府将支持企业展开培训。软件外包先行  目前，“服务外包”主要分成三大类：ITO(信息技术外包)、BPO(企业流程外包)和KPO(企业服务外包)。朱民厅长昨天对媒体表示，ITO目前还是中国“服务外包”占比最高的产业，也是“服务外包”中入门门槛较低的部分。因此从吸纳就业而言，目前软件学院的本科人才更容易进入“服务外包”行业。但他认为，如果长远发展迅速的话，对于就业的吸纳将是一个全方位的过程。不仅仅限于IT行业，在“服务外包”最为高端的KPO模式中，包含有帮助企业做金融外包、战略咨询外包等，届时需要的高等教育资源将是各种专业的。除了软件工程以外，目前在中国“服务外包”中发展较为迅速的还有动漫设计、工业设计和医药研发等。据商务部最新公布的数据，目前我国服务外包企业从业人员当中，81%的人员拥有大专以上学历。2005年1~5月份，已经提供了24.6万人就业，其中新增大学毕业生就业19.2万。宋蕾,7,5,0.5926001667976379
国土部：18亿亩耕地红线推涨房价说法无根据本报讯 (记者柳志卿) 对于近来有专家称保护耕地红线的政策推涨了房价，国土资源部在昨天的发布会上对此作出回应说，此说法毫无根据。鹿心社说，地价是影响房价的重要因素之一，但不是决定因素。决定房价的关键因素或者根本因素是供求关系。针对前一时期有的专家认为由于“守红线”，土地偏紧、地价偏高，影响房价，国土资源部做了系统调查。调查东部、中部、西部不同类型620个房地产开发项目的结果表明，目前在我国，地价占房价的15%至30%，平均是23.2%。与国际水平做了大致的比较，美国是28%，加拿大是24%，英国是25%至38%，韩国是50%至65%，日本是60%至75%，新加坡是55%至60%，我国的这个比例远低于邻国。一般说来，一个国家或者一个地区的土地资源越紧缺，地价占房价的比例就越高。从我国的地价水平看，说保18亿亩耕地红线推涨了房价，没有根据，也没有道理。,7,4,0.8241882920265198
住建部调研市政公用行业吸引民间资本进入如何调动民间资金投资积极性，已经成为当前扩大内需的关键议题。6月24日，中国城市燃气协会秘书长迟国敬在“公共服务与公权市场座谈会暨《公权市场》新书发布会”上向本报记者透露，国家发改委体改司等部门向该协会调研民间资金投资城市燃气行业的情况，并请他们提出行业进一步开放改革的意见。住房和城乡建设部城建司副司长刘贺明在上述场合对本报记者证实，住建部接到了国务院关于推进公用事业改革问题的通知。目前，住建部已经按照分工安排，成立了专门的小组，准备对市政公用行业如何吸引民间资本进入进行调研，起草政策。发改委、住建部展开调研本报记者了解到，国家发改委、住房和城乡建设部等多个部门都接到了国务院关于落实吸引民间资金进入公用事业和垄断行业投资的通知。目前，有关部门正在密集调研，酝酿出台相关行业吸引民间投资的政策。“这项工作刚刚开始。”一位接近住建部的人士透露，城市公共交通、燃气、供水等公用事业投资是这轮吸引民间资金投资的重点领域。住建部政策法规司副司长徐宗威对本报记者表示，当前扩大内需的新着力点应该放在鼓励民间投资积极性，进一步改革垄断领域和市政公用行业体制，尤其从立法上进一步为民间投资提供保障。但是，目前公用事业投资领域还存在法律法规不健全、财政投资迅速萎缩等问题，应该借扩大内需投资的机会，规范公用事业投资，建立“公权市场”。所谓公权市场，徐宗威介绍，就是以特许经营制度为规范的公共品委托生产机制；开放公用事业领域，不仅仅是将公用事业一卖了之，而是要规范公用事业投资，建立规范的特许经营制度。“对于民间资金来说，当前进入公用事业领域投资正是机会。”徐宗威分析，未来15年内，我国城市化进程还将促使3亿-4亿农民进入城市，人口增加导致城市公共服务产品需求增加。另外，公用事业投资的典型特点是回报稳定，长期而稳定的回报对资本投入非常有吸引力。迟国敬介绍说，国家发改委体改司的有关人士已经在城市燃气协会进行过相关调研，请燃气协会提出下一步城市燃气行业改革的意见和建议。“目前公用事业投资缺乏配套法律支持。”上述接近住建部的人士表示，多个行业协会都向调研人员反映当前行业缺乏法律保障的问题，预计最后形成的政策中，会提出清理一部分现行的、不符合实际的法律，同时加快公用事业投资领域的立法工作。建立“公权市场”既然要吸引民间资本进入公用事业领域，现有公用事业中民间资本投资生存情况，就成为相关主管部门最为关注的情况。作为一直参与城市公用事业经营的企业，首创股份副总经理郭鹏对公用事业行业改革感触颇深。“一是地方政府依靠行政命令把不属于企业负担的社会成本转嫁于企业头上；二是游戏规则制定后，遵守情况不好，往往是遵纪守法的企业吃亏，依靠钻法律空子和走后门的企业获得暴利。”郭鹏说。“如果城镇公用事业形不成产业，就不会对民间资金带来吸引力。”深圳金达莱企业负责人对记者说，多数公用事业还存在缺乏税费政策激励的问题。徐宗威向本报记者表示，刺激民间资金投资，应该注重市场机制建设，将公共服务产品以市场形式提供，理顺机制，这样才能达到比较好的刺激效果。关于法律保障，徐宗威认为，目前应该对特许经营立法，将特许经营作为公用事业市场开放的基本制度，建立“公权市场”。当前之所以出现公用事业“不改就死、一改就乱”的问题，在于特许经营制度没有规范下来。徐宗威认为，公共事业改革应该坚持国有经济在公用事业投资中占主体地位，不应该简单地“一卖了之”，坚持渐进性改革。同时，坚持国有经济为主体，并不等于排斥民间投资。徐宗威在《公权市场》一书中指出，市政公用事业投资选择的民间资金或外资投资者，一定要是战略投资者，而非短期的财务投资者。不能将公共服务产品作为资本市场的杠杆，投资方不稳定，也会带来公共服务不稳定。前述接近住建部的人士对记者表示，本次促进民间资金投资公用事业的主要指导思想是如何进一步开放公用事业投资市场。而在调研人员看来，目前启动的公用事业投资领域不到50%，仍需进一步加大开放力度，吸引民间资金进入，使其成为保增长的重要着力点。记者 贾海峰,7,4,0.8631590008735657
国土部：中央不出台小产权房统一文件本报综合报道 国土资源部副部长?小苏昨日透露，由于各地小产权房的情况不一样，中央或国土资源部不会出台统一的处理意见。国土资源部与各地共同从实际出发，认真调研，依法合情合理地处理。昨日，?小苏接受记者提问时表示，无论是否建在耕地上，只要是没有经过批准，没有办理转让征收手续，在农村集体土地上建设的商品房都是违法的。“村级干部、乡级干部没有权力做主出租、出让农村集体土地去盖商品房，村级干部、乡级干部私自做主出让也是违法的”，?小苏强调。?小苏说，中央多次发文强调，要求各级国土资源部门，首先要把在建的、没有销售的小产权房管住，不要再卖了。但有的人还是想钻空子，这是冒风险的。已经遗留的小产权房，大家认真研究，弄清每一个楼盘的具体情况，依法合情合理地去处理。因为各地的情况不一样，每一宗土地的性质不一样，开发投入的情况不一样，买房人的情况也是各不相同，对这种复杂的小产权房问题，中央或国土资源部不可能出台一个统一的文件。国土资源部总规划师胡存智前日公开表示，市场经济条件下，一旦小产权房或无产权房合法化，其价格将与商品房趋同，不再存在价差问题。对此专家指出，不管将来国家如何出台政策、法律，就目前购买小产权房来说，面临风险要大于潜在的收益。■ 相关新闻12336开接“土地违法举报”本报讯 （记者吴鹏）昨天开始，遇到任何土地违法问题，公众都可拨打12336国土资源违法举报电话。国土资源部设置了10条线路，国土部有关人士昨晚表示，昨天举报电话共接报410个。按照10条线路计算，在工作时间里，平均每条线路每小时接报约7个。按照要求，省级举报电话要设置3至5条线路，所有县市都将在7月底前开通。昨日，国土部有关负责人说，国土部直接接听的举报电话，将区分一般违法线索和重大违法线索。一般违法线索直接转违法发生地的省级国土资源行政主管部门处理，重大违法线索将由国土资源部执法局采用交办、挂牌督办或派员直查等方式逐一处理。专家称国土部建设部已形成小产权房规范性文件张鸿：集体误读小产权房背后是利益驱动,7,4,0.834507942199707
香港富豪人数减少61.3%创历史最大跌幅也就一年的时间，全球富豪此前两年所累积的财富化为乌有。6月25日，美林全球财富管理与凯捷顾问公司发布的《全球财富报告》显示，至2008年底，全球的富豪(即拥有100万美元以上净资产人士)的财富总额下降了19.5%，跌至32.8兆美元，人数则减少了14.9%至860万人。而超级富豪(即拥有3000万美元净资产人士)的人数则下跌了24.6%。跌幅是空前的，全球富豪的人数与财富均跌至2005年底的水平以下，这意味着2006年与2007年累积增长的财富已全部蒸发。其中，中国的富豪人数在2008年底达到36.4万人，比2007年下跌了11.8%，但是排名却上升了一位，超越英国成为全球第四大富人集中地。而香港的富豪人数下降了61.3%至3.7万人，创下该排行榜有史以来最大的跌幅。美林全球财富管理大中华区董事总经理刘昌欣对本报记者表示，中国富豪的具体分布情况有待拿到更详尽的数据才能作出分析，该数据将在今年9月份公布，“中国是去年全球经济的一个亮点，强劲的增长使该地区富裕人士数量不会像一些市场那样大幅下跌。”香港财富集中地在股市香港富豪的数量下跌如此之大，美林的报告认为，原因在于香港拥有的股市市值与名义GDP的比率已达到极高的5.76，意味着香港特别容易受到股市下跌的影响，2008年香港股市市值下跌了49.9%。相比之下，该比率在新加坡仅为1.49，在美国则只有0.83。另外，香港原来的富豪中大部分属于100万－500万美元的财富级别，其中大部分人因为去年的损失而跌出了100万美元的门槛。刘昌欣说，香港的部分富豪所持有的股票比例越高，则受到的影响越大。去年香港市场上不少富裕人士因为累计期权(Accumulator)产品而损失惨重。“使用金融工具赚钱，就像是吃饭时可以用筷子，也可以用刀叉，只要市场有需求，产品就会存在。”刘昌欣说，今年以来资本市场整体复苏，除了原来已经投资的富裕人士会受惠之外，也会制造出更多的富裕人士。美林预计在2013年底全球富裕人士的财富将增长至48.5兆美元，年增8.1%。北美与亚太地区将随着美国消费支出增加以及中国经济的动力和自主发展，带领财富增长。而亚太地区也有望在2013年成为全球最大的富裕人士集中地。刘昌欣估计，从目前的趋势来看，到2013年中国富裕人士的数目可能会超过北美市场。根据统计，2008年底全球富裕人士最多的国家前三名分别为美国、日本和德国，占2008年全球富裕人士总数的54%。短期内继续保守投资策略美林全球财富管理亚太区投资策略师Stephen Corry对记者表示，去年全球富裕人士以资本保值为主，而非高回报投资。所以大部分富豪减少对股票的配置，转而增加了以现金为主的投资，并把资产转移到楼市。调查显示，2008年全球富豪们的股票投资由33%降至25%。根据美林的数据，去年全球股市市值暴跌接近50%，降至1999年的水平，尤其是9月份之后全球股市同时重挫，其中美洲下跌42.9%，亚太地区下降53/5%，欧洲、中东和非洲地区的跌幅也达到51%。而中国股市在之前的年度上涨了291%之后，更下挫了60.3%。由于传统的股市分散投资策略不奏效，因此全球投资者纷纷转入固定收益市场，目的在于保障资本，而非赚取回报。因此，固定收益投资占全球富豪的投资组合的比例在去年底达29%，高出2007年2%。结果美国国库券在2008年的表现超越其他所有的债券，以总回报来看上涨了13.9%。同时，由于对复杂的投资产品心有余悸，全球流进货币市场基金的金额高达4550亿美元以上，导致富裕人士的现金或存款大幅增加，占整个投资组合的比例从17%升至21%。比如，亚洲除日本以外的其他国家，富豪们持有现金类资产的比例高达26%，而在2007年这一比例只有5%。此外，物业投资占富豪的净资产比例从14%升至18%，因为富豪有寻找低价房的趋势，特别是在商业不动产与新建房市场，以及住宅物业。此外，规避通胀风险可能也是刺激富豪购置房产的另一大因素。2008年，豪宅的价格跌至2003－2004年的水平，也刺激了不少富豪购置。尽管短期内仍然是保守投资策略当道，不过，Stephen Corry预计，未来富豪们的投资趋势将会改变，至2010年富豪们持股票的比例将增加至28%，而物业方面的投资则会减少至15%。记者 谭璐,7,1,0.8159253001213074
"住建部要求开展在建住宅工程质量检查中广网北京7月3日消息 据中国之声《新闻和报纸摘要》9时21分报道，上海市闵行区""莲花河畔景苑""在建的13层住宅楼房楼体倒塌事故引发各界对住宅质量安全的高度关注。为确保在建住宅工程质量，住房和城乡建设部2号发出紧急通知，要求全国各地区立即开展在建住宅工程质量检查。详细情况中国之声连线记者刘玉蕾进行报道——中国之声：这次的质量检查从什么时候开始？检查范围主要有哪些？记者：住房和城乡建设部的领导介绍说，此次检查范围包括保障性住房和商品住房等各类在建住宅工程。主要是检查工程实体质量情况，特别是工程地基基础和主体结构的勘察、设计及施工质量。对建设、勘察、设计、施工、监理等责任主体和施工图审查、质量检测等有关单位及项目经理、总监理工程师等执业人员执行国家法律、法规和工程建设强制性标准的情况都要进行检查。住房城乡建设部要求各地要在7月30号前将检查情况通报上来，同时建设部也将在7月到9月到各地组织督查。中国之声：看来这将是一次全面的检查，从规划、施工许可、招投标到资质管理、工程监理的各个环节都要逐一检查，检查的目的就是要防患于未然？记者：是的。实际上，这次上海闵行区莲花河畔景苑在建楼房整体倒塌前一天，工地旁边的防汛墙出现了一个70多米的塌方险情，即使两起事件没有关联，但都说明建筑过程中一定存在了很大的问题。因此建设部指导：各地在检查工作中，要认真记录、如实填写检查记录和受检工程相关质量的信息数据。发现质量隐患，及时采取整改措施，做到边查边改；涉及结构安全重大隐患的，立即停工整改，隐患消除前不得复工；对于情况复杂，短期内难以完成整改的，制定切实可行的整改方案并限期整改，加强隐患监控，落实防范措施，防止发生质量安全事故。",7,4,0.6342370510101318
住建部：严格执行个人房贷政策稳定房价据新华社电 住房城乡建设部有关负责人15日表示，目前房地产市场稳步回升，今后将着力稳定市场信心和预期，稳定房地产投资，促进房地产市场稳定健康发展。企业资金压力进一步减缓住建部认为，房地产市场总体上保持了3月份以来的回升态势，市场消费信心逐步增强，商品住房成交量稳步回升，投资增幅下滑的趋势有所缓解，企业资金压力进一步减缓，住房价格稳中回升。住建部有关负责人表示，将采取三方面具体措施，促进房地产市场稳定健康发展。增土地供应引导加快投资一是加强监督管理，确保完成今年保障性安居工程工作任务。二是继续稳定房地产投资，加大对中低价位、中小套型普通商品住房建设和新项目的信贷支持力度。三是继续加强房地产市场监测分析，重点加强对北京、上海、深圳、广州、杭州等房地产市场新情况和新问题的分析和指导，督促其加强供需双向调节，增加土地供应、引导开发企业加快投资建设，严格执行个人购房贷款政策，合理调节住房需求，着力稳定房价。上半年房市数据住房成交量全国新建商品住房销售3.15亿平方米，同比增33.4%。北京同比增幅高达142.2%。开发投资全国房地产开发投资14505亿元，同比增9.9%；增幅比一季度提高5.8个百分点。住房价格6月，70个大中城市新建商品房价同比下降0.6%，降幅比上月减少0.7个百分点；月环比上涨0.8%，涨幅比上月提高0.1个百分点。相关新闻上半年房产税收增20.7%本报讯 (记者鲍颖)记者昨日从财政部获悉，在今年上半年全国税收整体下降的情况下，1至6月，房产税收入仍然同比增长20.7%，完成425.62亿元。财政部分析称，房产税收入快速增长的原因，一是城镇房屋保有量持续增加，二是全国房屋租赁的平均价格有所上涨。此外，土地相关税收持续较快增长。1至6月，城镇土地使用税、土地增值税和耕地占用税三个税种实现收入1144.84亿元，分别同比增长17.6%、9.8%和135%。以上三个税种收入增加表明，纳税人占用的土地面积、销售房屋增值收益、占用的耕地面积均有所增加。,7,4,0.7610231041908264
民政部为月球地名征中文译名本报讯 (记者陈荞) 昨天，民政部发布消息称，民政部地名研究所正在对国际天文联合会(IAU)发布的月球地名进行中文译写标准化处理，以消除月球中文地名使用中的混乱，促进我国探月及相关科学事业的发展。民政部介绍，在IAU公布的月球地名录中包括18种月球地理实体类型(featuretype)，即月球通名。在相关出版物和学术期刊上关于月球通名的译法不一，特别是关于“Crater”这一通名的译法更是多种多样。这种状态的存在，必然会影响月球地名的正确使用。根据我国地名管理有关规定及联合国地名标准化大会关于“各国应该用本国的语言和文字系统”处理星球地名的决议，民政部地名研究所决定对IAU发布的月球地名进行中文译写标准化处理，现面向社会广泛征求意见。有关方面单位及专家对月球地名通名的译写形式提出的建议可反馈至电子信箱fanchenfang@sina.com。■附件待确定标准译名的月球地名1.Albedo Feature;2.Catena， catenae;3.Crater，craters;4.Dorsum，dorsa;5.Fossa，fossae;6.Lacus;7.Landingsitename;8.Mare，maria;9.Mons，montes;10.Oceanus;11.Palus， paludes;12.planitia， planitiae;13.Promontorium，promontoria;14.Rima，rimae;15.Rupes， rupēs;16.Satellite Feature;17.Sinus，sinūs;18.Vallis，valles,7,9,0.6415942907333374
美能源部长朱棣文清华演讲 杨振宁夫妇旁听本报讯（记者柳志卿）美国能源部长朱棣文昨天上午在清华大学发表主题为《应对能源与气候变化的挑战：两个国家的故事》的演讲。80分钟，朱棣文几乎一气呵成。他的讲座和科学家的特质相像，严谨、用数据和事实说话。父母均是清华人诺贝尔物理学奖获得者、美国能源部部长、华裔，朱棣文的三重身份吸引了大批清华学子，诺奖得主杨振宁和夫人也到场旁听捧场，能容纳三百人的报告厅座无虚席，过道都站满了慕名前来的同学。11点，朱棣文准时现身，尽管天气炎热，他仍然正装穿扮，白色衬衫、深色西装、深色领带。朱棣文和清华渊源颇深，他的父母均毕业于清华大学。演讲一开始，朱棣文提起了这段往事，“我的父母早年是在清华毕业的，今天我能在这里演讲，感到骄傲和自豪。”简练地说完后，他便进入了演讲的正题。建议中美加强合作能源危机、气候变暖、海平面上升、建筑节能设计、能源作物的种植，这位科学家部长的演讲带着浓浓的科学气息。演讲中，朱棣文的表情并不多，所展示的幻灯片大都是数据图表，科学家用数据和事实说话的特性展露无遗。他的演讲还提到了不少节能减排的新技术和新观点，例如他提到把屋顶都漆成白色，可以有效地反射太阳辐射热量，降低温室效应。他建议中美在节能减排上加强技术合作，共同应对气候变化。最后，朱棣文引用了美国民权运动领袖马丁·路德·金的一句名言强调应对气候变化的紧迫性：“我们现在面对着这样的事实——明天就是今天。当今形势异常紧迫，人类的历史长河中反复上演着这样一个悲剧，这就是太迟了。”中文不好全程英文虽然祖籍江苏太仓，父母毕业清华，但是朱棣文的中文并不好，他在学术场合和官方场合都用英文演讲。昨天也不例外，80分钟演讲，全程英文。最后，因为时间缘故，答问时间取消，让不少准备提问的同学十分失望。清华大学建筑系大三学生小毛说，朱的演讲感觉有点更像科学讲座，引用大量的数据和图表，论据观点都十分严谨，逻辑清晰，而趣味性相对差一些。朱棣文与另一位华裔美国商务部长骆家辉前天下午5点同机抵达北京，开始他们为期三天的访华之旅。两位华裔部长联袂访华，在中美关系史上尚属首次。,7,9,0.8889811038970947
最高法：严格审查退房案件本报讯 (记者李静睿)最高人民法院昨日发布《关于当前形势下进一步做好房地产纠纷案件审判工作的指导意见》，妥善审理房地产连锁纠纷案件成为《意见》的指导重点。根据《意见》，法院在审理因房地产企业资金困难引发的连锁纠纷案件中，力争通过案件审判盘活现有的存量资金，实现当事人双赢、多赢的结果。调解不成的，根据当事人的偿付能力和对方的资金需求，确定还款期限、还款方式，最大限度避免连锁案件引发群体事件。对于房地产开发商确因资金暂时困难未按时交付房屋的，要多做双方当事人的调解工作，确无调解可能的案件，可以根据案件的具体情况，依法合理调整违约金数额，公平解决违约责任问题；对于买受人请求解除商品房合同纠纷案件，要严格依法审查，对不符合解除条件的不能解除。要引导当事人理性面对市场经营风险，共同维护诚信的市场交易秩序。■ 背景房产纠纷案同比增一成最高院民一庭表示，房地产纠纷案成为国际金融危机影响下增幅最快的案件类型之一。今年1－6月份，全国法院受理房地产民事案件67294件，同比上升10.58%。出现退地潮、停建潮、断供潮、退房潮。民一庭分析称，房地产案件在数量大幅增加的同时，疑难复杂类型案件显著增多。此外，由于此前商品房价格严重下跌，买受人请求解除商品房买卖合同纠纷案件大幅上升。本报记者 李静睿相关阅读：,7,4,0.8980710506439209
国资委回应央企频频中标高价地块现象中新网7月21日电 近期央企在全国各地的土地市场上频频中标地王，国资委主任李荣融今日在接受采访时回应称，希望这些央企更加清醒、更加稳健、更加扎实地做好自己的工作。有媒体援引机构报告称，今年上半年，各月成交总价排行前十的地块中有60%的高价地块由国资背景企业获得。特别是在土地市场较为冷清的一季度，国资背景企业几乎包办了所有高价土地。以6月份为例，拿下广渠路15号地块的中化方兴、拿下重庆鸿恩寺地块的保利地产、拿下朝阳区奥运村乡用地的中泽置业，都是央企背景。央企6月营业收入和利润双双实现环比增20%以上中国央企营业收入下滑趋势得到遏制,7,4,0.5511163473129272
"住建部上海楼房倒塌具有极端个别性2009年7月23日(星期四)15时，住房城乡建设部工程质量安全监管司司长陈重和副司长吴慧娟接受中国政府网专访，就“切实做好检查工作 确保在建住宅工程质量”与网友在线交流。[网友 云天]上海""莲花河畔景苑""住宅楼房倒塌事故不禁让人担心老百姓将住进怎样质量的房屋，我想知道全国住宅工程质量到底怎样？ [陈重]质量就是我们的产品或者工作的优劣程度。比如建筑质量、工程质量、教学质量。优劣是相对来讲的，我想从几个方面来讲，因为大家关心我们的工程质量到底是个什么状况。首先，法规标准这么多年来不断健全。2000年我们建设工程质量管理条例、建设工程勘察设计管理条例出台。包括标准，从本世纪初形成了比较健全的标准体系，工程建设标准数以千计，国家标准、行业标准都有了。其次，大家可能也能亲身感受到，质量是产品、工作的优劣程度，优劣是相对的概念。比如说建筑材料的水平、施工技术的水平，我们可以用30年比较看看，比如说住宅，现代化的住宅小区，我们现在强调的是安全、经济、适用。总体发展趋势可以看到。同时还有一个量的概念，我有一个简单的数据，据有关资料统计，2008年全社会固定资产投资17.2万亿元，比上年增长了25.5%。全国城镇在施工地达到了35万个以上，在建的城镇房屋建筑面积47.4亿平方米。其中，有26.2亿平方米是住宅，因为房屋还有办公楼、商厦、体育建筑等。所以从量上来说，现在整个质量一直在不断提高，日趋规范，稳中有升。[主持人]还是上海这件事情出来之后，会有网友发出这样的感慨，但实际上这也是一个个案，它不能代表全国所有的住宅质量。[陈重]这个事情发生以后，我们很关注，首先关注的是抢险和采取措施。倒塌的是7号楼，4.6米深的基坑旁边还有6号楼及其他建好的楼房，它不是孤立的，所以首先是抢险。对于倒塌的判断，确实是建国以来还没有过这样的情况。应该说这是极端个别性。上海市政府公布，经过监测，6号楼稳定，在建的其余10栋楼安全状况稳定。也说明这个事是个很突然的事件。",7,4,0.954854428768158
银监会重申二套房贷执行四成以上首付比例本报北京7月23日电 (记者欧阳洁) 银监会新闻发言人廖岷今天表示，银监会始终严格执行二套房贷的有关政策不动摇，坚决打击“假按揭、假首付、假房价”等行为。对二套房贷款业务中的各种违规问题，一经发现，将及时予以严肃处理。对购买首套普通自住房和人均住房面积低于当地水平，再申请贷款购买第二套用于改善居住条件的普通自住房的居民优惠政策不变，但绝不可延伸适用。对二套房贷款，银监会始终要求商业银行坚持执行40%及以上的首付比例，这一政策从未进行调整。,7,1,0.452870637178421
部分城市楼价暴涨引高层关注 中央部署调研自6月份部分城市出现地王和房价暴涨，引起中央政府高度关注。中央高层领导就此要求相关部门监控好数据，着手调查这些问题。但就国务院召开的两次会议情况来看，各方就房地产问题争论激烈。目前，中央政府仍在研究阶段，维持回暖的全局政策尚未改变。但相关材料已转发各省，引起各地方政府的重视。7月9日、21日，国务院两次就房地产问题召开座谈会，以了解情况。7月9日，高层领导对6月以来出现的地王和房价提出疑问，同时也关心房地产投资、开竣工面积等先行指标情况。21日，国务院再次召开房地产形势座谈会。据内部人士透露，在座谈会上，各方意见分歧很大，难以统一。其中观点大致分为三种。部分学界人士认为应当立即进行调控，控制房价上涨。企业界人士认为，应当继续维持宽松的信贷环境，防止房地产投资再度下滑。房地产协会组织则持谨慎意见，认为，目前的问题是局部问题应当引起重视，但不应做全局性调整。由于各方意见分歧明显，目前全局性政策调整尚未开始。但各方统计的数据均显示，部分城市供需关系出现变化，房价有可能进一步上升。目前，相关会议材料已转发各省。7月9日会议之后，北京等城市已经开始采取措施。两份半官方机构的报告均将基本方向定调为“维持回暖态势，防止涨价蔓延”。(记者 姜洪桥)(来源：经济观察报)相关阅读：研究机构称上半年全国楼市恢复到两年前水平上海楼市成交量连续四个月快速上涨,7,4,0.9898549318313599
文化部叫停黑帮主题网络游戏“七月策划：国外六大黑帮类网页游戏人气推荐”。某个游戏网站7月21日挂出的这个黑色的标题，已经吸引了众多网友的浏览和跟帖。记者点击查阅发现，排在第五位的游戏《街头犯罪》的介绍相当“震撼”：“这是一款令人既兴奋而又特别容易上瘾的强盗类大型多人角色扮演的游戏。权力、金钱、赌场、暴力和贪婪在网民的游戏之旅中，起着重要作用。在赌场里赌博、为妓女拉皮条、贩毒，在游戏中都有体现。”在现实生活中，上述这些行为全都是犯罪行为。可是，在网络游戏这个虚拟世界中，这些行为却公然蔓延、横行。在所谓释放压力的背后，其实隐藏着很多危害。规范和治理这些网络“黑帮”游戏刻不容缓。“黑帮”游戏盛行危害不小风靡网络的一家社交网站，被指有“黑帮”游戏。由于记者不是这一网站的用户，无法登录核实，所以就致电该网站的一位用户查询。他介绍，网站中“教父”游戏的人物长相酷似马龙·白兰度，操作方式是扮大亨、杀手，与“土耳其老大”决斗等等。这种游戏火爆起来还是在近段时间。“不知道怎么就火了。大家口口相传，各大网站也相继推出类似游戏。跟‘种菜’、‘偷菜’之类的小儿科游戏比起来，‘黑帮’游戏显然惊险刺激多了，也更具真实感。”这位用户说。前段时间，某网站首页上为最新的游戏“江湖”进行高调推广。打开这个网页，关于“江湖”的游戏框就会蹦出来，告诉你这里可以“黑市买卖，家族火并，让男人做你的小弟，女人成为你的妞！”一位业内人士告诉记者，用黑帮游戏吸引用户的点子并非本土社交网站原创，国外早已有专门为社交网站打造的黑帮主题休闲视频游戏。他认为：“黑帮游戏很容易造成玩家沉迷。容易使人沉迷是社交网站最受诟病的地方，黑帮游戏的出现必将加重这一弊病。”文化部市场司综合执法办公室的一位工作人员今天向记者介绍，他们通过仔细调查发现，目前盛行在网络中的“黑帮”主题游戏，主要是以“黑帮”、“黑社会”、“黑手党”、“江湖”、“教父”、“古惑仔”等为题材，突出表现“黑社会”打、杀、抢、奸、骗等反社会行为，渲染血腥暴力，鼓动、教唆游戏用户在游戏中扮演“黑社会”成员，赞美“黑社会”生活，严重威胁、扭曲社会的法制和道德规范。时评专栏作者乔志峰指出，所谓的黑帮游戏，属于名副其实的“暴力文化”，很容易诱发暴力犯罪。社交网站的玩家尽管多为成年人，但基本上都属于年轻人，黑帮游戏不仅对现实生活中那些有暴力倾向的“危险者”起到了一定的引导和催化作用，甚至还会在潜移默化中把好人带坏———在网络上，道德约束是极其微弱的，暴力游戏会不断麻木玩家的神经，令他们对血腥暴力习以为常。长此以往，网络暴力就有转化成现实暴力的危险。他认为，以前暴力文化的传播渠道主要是书刊和影视节目，近年来随着网络的发展，网络和网络游戏渐成贩卖暴力文化的主渠道，腐蚀、毒害着广大青少年的心灵，令人深感痛心和忧虑。一位家长告诉记者，她上初中的孩子目前玩的网络游戏里都是抢车、抢地盘、偷东西、买卖人口等内容，打打杀杀的，个别画面和情节很低俗。孩子说这是最近流行的黑帮游戏，可以让玩家体验江湖拼杀，感受黑帮大哥的威风。作为家长她很担心，这种宣扬黑社会的暴力主题游戏，可能会对未成年人造成错误的引导。她认为，十几岁的孩子还没有成熟的判断能力，在公开的网络平台上肆意渲染所谓的“黑社会”，让孩子在当“黑社会成员”的过程中体验快乐，甚至将这当作一种英雄主义，对他们是潜在的精神危害，更可能会是一种犯罪的引导。记者注意到，一些中学生向小学生收取“保护费”的报道时常见诸报端。据调查，其中原因之一就是“从网络游戏学来的”。文化部已经下令立即查处记者今天从文化部市场司相关负责人处获悉，文化部办公厅关于立即查处“黑帮”主题非法网络游戏的通知今天已正式下发。该负责人说，这类游戏违反了《互联网文化管理暂行规定》关于禁止载有“宣扬淫秽、赌博、暴力或教唆犯罪的”、“危害社会公德或者民族优秀文化传统的”内容等有关规定，极易对青少年造成不良影响，必须依法禁止和查处。他介绍，通知要求，互联网文化单位要迅速进行自查自纠。同时文化部要求各级文化部门和文化执法机构，要深入贯彻整治互联网低俗之风专项行动和文化市场集中整治行动的工作部署，切实加强互联网文化活动的监管，对继续运营、宣传以“黑帮”为主题的非法网络游戏的单位，依法从重处罚。应完善法律实现游戏分级政府部门的查处固然是对“黑帮”游戏盛行的一种有效遏制，但是从长远来看，法律规范更为有效。目前，我国只有《互联网文化管理暂行规定》中对网络游戏有所涉及。人民网网友姜伯静指出，目前为止，我国尚未出现一部成型的针对网络游戏方面的法律，这固然有网络世界变幻莫测不易规范的因素，但更能看出我国法律应对网络游戏世界手段的滞后。“虽然我们对网游虚拟财产、网络分级、网游成瘾这些较复杂的问题还缺乏必要的认识，但类似于‘教唆犯’的‘黑帮游戏’的危害已经非常明显了。”他说，限于条件，可能目前单独立法比较困难，但可以完善出版管理条例第二十七条的内容，让这条主要针对未成年人的法规发挥最大的作用。“该条文对出版物的界定指的是纸质出版物，但是如果把‘以未成年人为对象的出版物’这条改为‘以未成年人为对象或者对象中包括未成年人的纸质出版物、电子出版物、网络游戏’的话，那它就能最大限度地发挥对网络游戏的作用了。”一位专家建议，应该实现网络游戏分级制度。他对记者说，网络作为一种新生媒介吸引了青少年群体，而且这种吸引还在逐年递增，并从城市蔓延到乡村。因此，不仅要继续呼吁实行电影分级制，更应该对网络游戏也采取分级管理的办法。如果某些游戏有可能对未成年人产生危害，那就用客观的游戏分级标准来操作，带有宣扬暴力、色情色彩的游戏对未成年人的影响自然会相应降低。（本报记者 席锋宇）,7,8,0.9989926218986511
北京公租房暂不对非京籍人士开放本报讯 下周一起，取得廉租房、经适房、两限房资格的家庭无须再次申请，经过登记即可进入公共租赁住房(以下简称公租房)轮候范围。昨天，《北京市公共租赁住房管理办法(试行)》正式发布，自8月1日起实施，首先解决已取得政策性住房资格但暂时无力购房者的住房困难和过渡住房需求。非京籍住房困难者暂不能享受这一优惠政策。    公租房租金低于市场价公租房是指政府提供政策支持，限定户型面积、供应对象和租金水平，面向本市中低收入住房困难家庭等群体出租的住房。公租房将按照保本微利的原则并结合承租家庭负担能力和同类地段类似房屋市场租金一定比例下浮确定租金。公租房的维修、养护、管理由产权单位负责，产权单位也可以委托专业服务企业管理。“政府支持、市场运作、公平公开、严格管理是公租房的基本原则。”市住房和城乡建设委员会委员徐志军表示。今年购建50万平方米公租房由市区县政府所属机构或政府批准的机构通过新建、收购等方式多渠道筹集。按照本市住房建设计划，今年将收购建设50万平方米的公租房，主要位于大型公交枢纽等交通便利区域，以一、二居小户型为主。公租房建设用地实行有偿使用，其中对于政府所属机构或政府批准的机构建设的，用地可采取租赁方式，按年缴纳土地租金。“第一批公租房中不仅有新建的还有配建的，以及政府回购的公租房，市民不用等待太久就可以住进公租房。”徐志军说。受益群体获得政策房资格可登记轮候公租房主要针对本市中低收入住房困难家庭，包括已通过廉租房、经适房和两限房资格审核尚在轮候的家庭及其他住房困难家庭。据悉，截至6月底，本市廉租房受理居民申请2.6万户，经适房5.6万户，两限房5.2万户；通过审核备案的，廉租房2万户，经适房4.6万户，两限房4.2万户。已通过资格审核正在轮候的家庭，可直接到户籍所在地街道办事处或乡镇政府申请轮候公租房。公租房实行公开配租制度。符合廉租房、经适房、两限房申请条件及家庭中有60岁(含)以上老人、患大病人员、残疾人员、复转军人、优抚对象或重点工程拆迁的优先配租。符合配租条件的家庭只能承租一套公租房，不能同时享受廉租房、经适房或两限房等政策性住房。市住保办政策计划处处长崔少飞解释，取得了“三房”审核资格，实际上就具备了公共租赁房的租赁资格。非京籍夹心层暂不享公租房此前有消息称公租房将首次面向部分住房困难的非京籍人士，但此次公布的政策并未将这部分人纳入其中，供应对象仍限定为京籍。“其实公租房并没有新的准入标准，而是与政策性住房共用一个标准，这部分人需求强烈，审核基础完善，政策在试行阶段主要是解决这些人的住房困难。随后，根据试行情况完善细则和办法，逐步将其他住房困难人群纳入进来。”崔少飞表示。随着廉租房、经适房、两限房政策的实施，本市大多数中低收入家庭住房困难得到了解决，但仍有部分中低收入家庭既不符合廉租房条件，又无力购买经适房或两限房，政策的第一步就是解决这些人的住房困难。退出机制租满5年条件复核后可续租公租房租赁期限最长5年，合同期满承租家庭应当退房。需续租的，应在合同期满前3个月内提出申请，由产权单位会同相关单位复核，符合条件的续签租赁合同。承租家庭不符合承租条件但暂时不能腾退房屋的，租赁合同期满后给予两个月过渡期，过渡期内按市场价收取租金。过渡期届满后承租家庭仍不退房的，按房屋产权单位规定的标准收取租金，具体在租赁合同中约定。“这就是用经济的手段实现退出机制，过渡期内及之后仍不退出的按照市场价收取租金，也就没有了公共租赁的意义，以此保障真正住房困难者可以获得房源。”住建委委员徐志军说。租赁公租房仍可轮候政策房公租房实行动态管理，将承租住房转借、转租的，擅自改变承租住房居住用途的，连续6个月以上未在承租住房内居住的，连续3个月以上未按期交租金的以及其他违反合同行为，产权单位可与承租家庭解约收房。承租家庭如获得其他形式政策性住房的也需退出公租房。徐志军解释，承租公租房仍可轮候经适房或两限房，一旦获得房源就要退出公租房。骗租5年内不得申请政策房申请者不如实申报，骗租公租房，由产权单位解除租赁合同，承租家庭应退房并补交租金。过渡期满后拒不退房的行为要记入个人诚信档案，5年内不能申请政策性住房。产权单位在租赁合同存续期间不按规定的租金标准收缴租金或擅自向不符合条件的家庭出租公租房的，要限期整改，退回、补足租金或收回住房。  各方反应市场不会严重冲击租房市场链家地产有关负责人表示，此次出台的公租房政策对二手房和租房市场的冲击不会太明显。“首先是量还不是很大，50万平方米的供应即使按照50平方米一套来算也不过1万套，但每年租房市场的需求量在100万套左右，因此实际的冲击比较小。”该负责人表示，公租房的供应群体也有特殊性，从这两个角度看直接的冲击都不会太大。该负责人表示，目前的租房群体中外地人占大多数，这次政策没有纳入非京籍人口可能也与此有关。“我想直接的冲击不大，要是有影响也是对市场心理预期会有一定的冲击。”该负责人表示，公租房政策刚刚出台，地产公司还处在研究阶段，具体市场销售方向有没有调整或对策还要进一步分析。市民住公租房省钱心里踏实租住在朝阳区南磨房的李先生已获得两限房申购资格。“我大学毕业后落户北京，一直没房，现在每月花1000多元租房，等待两限房快一年了。现在房源有限，什么时候能住上急不来。要是能住公租房，我一定申请。”李先生说，买房要用钱，租房能省就省。“我在北京租了8年的房子，搬家已经不计其数了。刚租个便宜房子，住一年人家就不续约了，中介说房子一直涨价，租别人还能涨钱，房东不愿续约。公共租赁住房住着踏实，价格也会公道些。”李先生说。对于此次公布的公租房政策，租住在西三旗地区的王先生很失望，他已经在京工作6年了。“原来以为我们外地人也能住公租房，没想到还是不行。”开发商对公租房产权谨慎对待一家不愿透露名称的开发商表示，是否持有公租房的产权要非常谨慎，“房产开发毕竟是商业行为，一定是要赢利的，运营公租房要看税收优惠有多少，地价怎么样，谁负责承租，多少钱租，如果没有人租怎么办，成本是多少。我想开发商是会非常谨慎的。”链接·其他政策房两限房：针对本市中等收入住房困难的城镇居民家庭、征地拆迁过程中涉及的农民家庭及市政府规定的其他家庭。申请人须具有本市户口；城八区申请家庭人均住房面积不超15平方米，家庭年收入不超11.6万元，家庭总资产不超76万元。经适房：政府限定住房面积以及销售价格等，面向低收入住房困难家庭出售。申请人须取得本市城镇户籍时间满3年，申请家庭人均住房面积不超10平方米，家庭年收入不超过6万元，家庭资产不超48万元。廉租房：政府以租金补贴或实物配租的方式，向符合城镇居民最低生活保障标准且住房困难的家庭提供住房。申请人必须具有本市城镇户籍；申请家庭人均住房面积不超7.5平方米，家庭资产不超过40万元。对话申请公租房也需要公示记者：为什么租赁期限为5年？崔少飞：公租房是个过渡性的住房选择，部分家庭需要一定的时间积累资金后购买政策性住房，举个例子，一个家庭一年可以积累2万元的存款，那5年后就可以积累到10万元，基本具备购买政策性住房的条件。记者：如何杜绝一些别有用心的人打公租房的主意，如何管得住公租房转租？崔少飞：公租房坚持市场化管理，产权单位要承担管理监督责任，主要还是通过租赁合同来实现监管，这就成为一种民事行为，通过合同形式确定责权利。记者：公租房的产权到底由谁持有？开发商有没有资格持有？崔少飞：原则上要坚持政府主导，它可以是政府回购，可以是政府所属机构持有，或政府批准机构持有，房屋建筑单位如果有意经营公租房也可以向政府提出申请，经过审核批准后也可以成为公租房产权的持有者。记者：公租房的户型有没有具体规定，有没有上限？崔少飞：目前考虑是90平方米以下，但具体会根据需求灵活掌握。比如租住廉租房的家庭可能就会需求小面积的公租房，但等待轮候两限房的家庭可能就会需要稍微大一点的住房，因此没有严格规定一居或两居的面积。记者：公租房要不要公示？崔少飞：应该进行公示，方式也应该和政策性住房相同。记者：市政府提出解决住房困难要采取租售并举的手段，今后如何体现？崔少飞：此前，已陆续推出两限房、经适房和廉租房，但在整个住房保障体系中租房的比例还比较小，今后要逐步加大租赁住房的比例，使住房困难群众都能有房住。部分公租房项目北苑南区项目建筑面积：3万平方米目前市场租金行情：一居、两居在1800元到2500元。西二旗地块建筑面积：5万平方米目前市场租金行情：一居、两居在1900元到3000元。本版采写本报记者郭爱娣> 相关阅读：北京50万平米公共租赁房年内建成广东今年试水公共租赁住房 舆论忧心权力寻租,7,4,0.9948069453239441
发改委称将抓紧改进房价监管本报综合报道 近来，楼市持续升温，房价不断走高，楼价走向成为民众关注的话题。对此，国家发展改革委副主任彭森昨日在中国价格论坛上表示，当前，要抓紧改进房地产价格和收费监管。彭森认为，中国价格运行总体态势好于预期，未来价格走势有望进一步好转。但同时也要看到，当前经济国际国内不稳定不确定的因素仍然较多。流动性供应充裕，价格总水平上涨压力逐渐显现。彭森表示，要推进民生价格监管方式改革，继续加大清费治乱减负工作力度，完善粮食、生猪等主要农产品价格形成机制和调控体系。进一步加强和改进垄断行业价格监管，促进形成合理的收入分配机制。抓紧推进医疗价格改革，改进房地产价格和收费监管。,7,4,0.8386733531951904
缘起缘灭又继缘 情生情了又续情(二)很快，我就知道了仙子为何落寞，和那朵鲜花为何瞬间枯萎。天宫最近总是沸沸扬扬的传着一件事。天蓬元帅来告诉我们，下界东胜神州一处名叫花果山的地方出了一只石猴，学了些本事，把龙宫和地府都搅得颇不得安宁。龙王、阎王纷纷上天来告状，要请天兵天将去收服那只石猴。太白金星提议请那石猴上天任个虚职，免得徒伤兵力。玉帝应允。对此，天蓬元帅颇为不屑，他只想一钯杀了那只多事的石猴，看他如何再为祸天宫。我想，天蓬元帅是厌恶那只石猴害得他巡逻的时间徒然增多，便许久不能见嫦娥一面。仙子总是微笑的听着天蓬元帅侃侃而谈，而天蓬元帅从来不曾猪意到每当他说起嫦娥时，百花仙子眼中一闪而过的哀伤。就如同每次卷帘大将看到仙子和天蓬元帅有说有笑，总是落寞离开。谁也不曾想到那石猴竟然有天大的胆子，大闹蟠桃宴，偷吃金丹，还踢翻了太上老君的炼丹炉。石猴十分生猛，众天兵天将都奈何不了，整个天宫成了他的乐园。那日，我只觉得天宫像是炸开了一般的喧闹，惊扰了落园里的花草。可事情却远非惊扰那么简单，那石猴牵引着天兵天将竟然往落园而来。满园的鲜花在杀红了眼的天兵面前竟全不是生命，战火下没有妖娆和美丽，残酷的仙法化作烈火天雷，将落园里的鲜花焚损殆尽。仙子想要保护那些她极致用心栽培出的永不枯萎的鲜花，却在此时漫天凋零。而那只石猴从她身边掠过，只瞥了她一眼，不怀好意的邪笑，然后一跃而开。仙子很快知道那只石猴在邪笑什么。身后一团天火喷射而来，朝着那石猴去了。石猴只是灵敏闪身一躲，就躲过仙法引来的天火。可是在石猴身旁的仙子，却不幸被炽热的天火击中。如果说天火只是灼烧了仙子的身躯，那么天蓬元帅的那个眼神却焚毁了她的心。天蓬元帅身披银色战甲，手持九齿钉耙，威武无比，是她心中最英武的存在。而他的眼神却像那副盔甲一般冰冷。天蓬元帅只是覆手施法将仙子身上的天火拂去，不曾留下一句关心的话或是眼神，就又追那只石猴去了。“也许如果，我是嫦娥的话，他就不会这样丢下受伤的我不管了吧。”她的眼角有泪溢出，滴落到凋零的落园残花之上，那一片偌大的残花，瞬间枯萎……(所有悲伤将在结局的一刻绽放，敬请等待。查看这一集之前请先看第一集)WEB官网：www.9520520.com WAP官网：wap.9520520.com,8,3,0.5976157784461975
"棒棒堂90后美女另类爱国行动秀平日里看新闻，都说90后怎么怎么，富二代怎么怎么，放眼望去负面新闻一大片。而在我们亲爱的祖国即将迎来60岁生日之际，《棒棒堂》里的90后们却用自己独特另类的方式，纷纷向祖国表达自己心中的敬意！可爱型：?矢ぃ?℃>✽、 似曾相识?宝儿""(1006600) 对祖国的表白非常的简洁明了，透露出坚定的心情：一个字：祖国我爱你！中国～全世界为你骄傲！俏皮型：.ˇ?妖?。″夜、°yeaH。(3418218) 深情地说：很感谢自己是中国人…生长在这片辽阔的土地上。还认识了这么多热心的朋友姐妹…我的内心是多么的感动与幸福。现在我们的祖国六十周年，让我们向祖国说声：我爱你。甜美型：总是微笑的白叮叮 (1934058)大声地说：我是中国人！我爱中国！祝大家国庆快乐更多动人的照片、振奋人心的红歌、朴实的爱国作文，尽在《棒棒堂》社区男女朋友版块，欢迎您的参与[开发公司/运营公司]：炯炯网络[官网网站]：www.17joyjoy.com[wap网站]：wap.91bbt.cn[客服电话]：400-6060-995平日里看新闻，都说90后怎么怎么，富二代怎么怎么，放眼望去负面新闻一大片。而在我们亲爱的祖国即将迎来60岁生日之际，《棒棒堂》里的90后们却用自己独特另类的方式，纷纷向祖国表达自己心中的敬意！可爱型：?矢ぃ?℃>✽、 似曾相识?宝儿""(1006600) 对祖国的表白非常的简洁明了，透露出坚定的心情：一个字：祖国我爱你！中国～全世界为你骄傲！俏皮型：.ˇ?妖?。″夜、°yeaH。(3418218) 深情地说：很感谢自己是中国人…生长在这片辽阔的土地上。还认识了这么多热心的朋友姐妹…我的内心是多么的感动与幸福。现在我们的祖国六十周年，让我们向祖国说声：我爱你。甜美型：总是微笑的白叮叮 (1934058)大声地说：我是中国人！我爱中国！祝大家国庆快乐更多动人的照片、振奋人心的红歌、朴实的爱国作文，尽在《棒棒堂》社区男女朋友版块，欢迎您的参与[开发公司/运营公司]：炯炯网络[官网网站]：www.17joyjoy.com[wap网站]：wap.91bbt.cn[客服电话]：400-6060-995",8,6,0.8657771944999695
电子阅读先锋 掌讯书苑自适应多平台在电子阅读越来越能改变人们生活方式的年代，被誉为手机图书馆的掌讯书苑继S60和WM版之后推出Iphone版，新版本的掌讯书苑全面对接并适用于Iphone平台。现今拥有Iphone手机的用户都可以免费下载软件并进行图书阅读，体验掌讯书苑的全新阅读功能。早在国内Iphone手机尚未普及的市场环境下掌讯书苑已强势推出新版，作为快乐米集团旗下的子产品，充分体现了掌讯通对国内少数Iphone手机时尚高端用户的重视，同时也为新一轮的平台占位竞争奠定了坚实的基础。原S60版掌讯书苑是一款集合电子书阅读功能以及网络电子书架的手机电子书阅读软件，支持多种电子书格式，可浏览时下主流的手机图书格式如txt，heb，mrd等。同时阅读器支持书签，多背景选择，百分比跳转，旋转屏幕等超实用功能。除了阅读功能之外，掌讯书苑还增加了网络书架功能，用户可以在电子书城中寻找喜欢的电子书进行下载阅读，上万种热销图书应有尽有，共分为10个大类，38种小类，其中奇幻、都市和经济管理类图书尤其受用户青睐。相对于传统的S60和WM版掌讯书苑， Iphone版掌讯书苑的两大特色优势成为用户体验的重中之重。首先，用户操作方面，Iphone手机在电子阅读采用的滑动式下拉阅读，这对初期操作用户并不能达到“随心所欲”的效果，只能通过较长时间的适合才可以掌握，而掌讯书苑采用的触摸式翻页操作，用户只需要在手机的左上、右下、中间三个点上进行触摸即可实行上翻页、下翻页、选中此页的操作，大大提升了操作质量。另外掌讯书苑在用户体验中增加图文并存在漫画阅读方式，这与传统的只能阅读文字形成鲜明对比，随之带来的“漫画书”式的阅读体验将带给读者”图文并茂”的全新阅读享受。“将互联网的众多用户体验采取创新的方式融入到无线互联网中，这是掌讯通及掌讯书苑一直坚持的，这样才可以让用户通手机在移动中共同分享生活，与掌讯通分享移动生活的品牌理念相得益彰。此次掌讯书苑Iphone版的推出将进一步满足Iphone用户的手机阅读浏览需求，为我们在新一轮的市场占位中取得先发优势”快乐米CEO冒光灿说现今，国内手机市场并没有所谓行货的Iphone手机，但是随着联通版iphone的引入，其在国内市场全面普及已经蓄势待发，这给Iphone平台手机客户端软件提供商提供了一个巨大的舞台，基于Iphone平台的手机软件的新一轮Iphone版本扩张即将开启。以掌讯书苑为代表的众多国内手机软件提供商已经为中国的iphone软件开发运营商开辟了一条新的思路。目前掌讯书苑Iphone版客户端已被众多手机论坛转载，用户关注度较高，在appstore中中国区的排名中一直在TOP5居高不下。而掌讯书苑独有的网络书架资源也是迄今为止，电子图书总类和数量在同类手机客户端软件中最为强大的网络阅读平台。,8,9,0.8343491554260254
C3杯Cosplay精英赛获奖名单公布10月25日，由“第二届中国国际版权博览会”组委会主办，ChinaJoy组委会联合ChinaJoy Cosplay独家社区合作媒体——C3时尚动漫网.Cosplay首席社区联合承办，C3特别策划并冠名的中国国际版权博览会Cosplay大赛暨C3杯Cosplay北京精英赛于第二届中国国际版权博览会主舞台正式开展，全部13只社团已经进过激烈预赛并且有了充足的准备，扣人心弦的“王者之战”在长达6个小时的角逐后终于落下帷幕并角逐出最终2009年C3杯北京精英赛的“王者归属”！以下公布获奖名单和分数：墨央组：《凡尔赛玫瑰》 舞台剧  总分93.8分D剧团：《加勒比海盗--亡之宝藏》 音乐舞蹈剧 总分92.4分破立养老院：《银魂》  舞台剧  总分91.5分粉红色猴子天堂：《RO仙境传说》 舞台剧 总分89.9分失落帝国：《这才是APH》 舞台剧情走秀  总分88.6分?天长安联盟：《燕歌长安 千年幻夜》 走秀舞台剧 总分86.8分祝贺六支获奖团队并由衷感谢10月25日全部13只社团带来的精彩演出，C3时尚动漫网首次协办Cosplay大赛便有如此热闹的场面和精彩的节目献给各位现场观众和网友，必须归功于参赛的社团们所给予的大力支持。同时C3时尚动漫网预祝明年北京的各个社团在全国大赛上取得优异的成绩。有关C3杯更多现场精彩组图和视频将在近日内陆续发布，敬请关注官方专区：点击进入C3时尚动漫网？Cosplay首席社区：http://www.c3online.com.cn,8,6,0.4557691514492035
袁咏琳携手《江湖行》众美眉梦想起航作为中国流行天王的周董，每次的出入总是能吸引大批的眼球。而袁咏琳MM就是在做了周董的师妹后与周董拍了MTV而一举成名。别看她笑容灿烂，一副邻家女孩的形象，除了可爱之外，飒爽的性格也是她的致命武器呢，让人不经联想到了侠气。袁咏琳不算是那种极致的漂亮，却是很有特色的漂亮，在她身上人们可以感受到邻家却不失大方、传统却又略带都市的感觉。袁咏琳的起步也并不是很平坦，别看她现在和周董走得近，曾经的她被周董否定过两次作品呢。但执着和努力的她还是继续回去修改直到周董满意，而当她和周董同台演演出的时候，在一曲结束后，周董微笑的夸她琴拉得好。在《江湖行》的玩家中就有不少袁咏琳的FANS了呢，她们喜欢这个既有侠气又有韵味的女人。想想和《江湖行》海报中的女人还有几分神似呢，假如她扮起女侠客的话。作为一款网页游戏，《江湖行》以其少有的执着让业内外的人士刮目相看，费时三年，耗资千万，在外界对于网页游戏炒得非常狂热的时候，两窗紧闭一心造车。同袁咏MM一样，辛苦是有回报的，就好比周董夸赞的眼角，玩家们给予了极高的评价和赞许。而《江湖行》的形象也如袁咏琳MM一样，给人以一种可亲却又不失高贵，热情却又不乏宁静的感觉。在《江湖行》中也有着许多如袁咏琳这样的MM，她们可爱，善良，活泼，讨人喜欢。她们有自己的快乐，有自己的梦想，有自己关心和关心自己的人，她们因为偶然的缘分而齐聚在《江湖行》。在祝福袁咏琳将来事业更上一层楼的同时，我们也同样希望《江湖行》的MM也可以如同袁咏琳一样，长出梦想的翅膀！《江湖行》官方网站：http://jhx.game2.cn/哥们网游平台——好游戏，找哥们！http://www.game2.cn/,8,2,0.7484493851661682
央视《蜗居》评论与《女儿国OL》真理最近《蜗居》很火，弄了点东西大家看看，有看过这电视的进来看看，看过后一笑了之。男人若真爱一个女人，别净玩儿虚的，你爱这个女人，第一个要给的，既不是你的心，也不是你的身体，一是拍上一摞票子，让女人不必担心未来；二是奉上一幢房子，至少在拥有不了男人的时候，心失落了，身体还有着落。【玩女儿国，找到了合适的人，不能只带她练级，而是直接送一套18洞装备，就算你不在线了，她自己也能玩的很畅快。】如果时光可以倒流，我会带着你们过另一种生活，不要太多的钱，每天去菜场斤斤计较，为发论文、评职称而与人争得面红耳赤，也为女儿考不上好学校而心焦。也许，这样，才是一种幸福的生活，而我以前并没有意识到。--主人公宋思明语录【女儿国练到了百来级，才发现最好的生活就是在游戏里整天聊天，笑看新人小号忙碌练级。管他谁要PK，老子一概拒绝。】关系这个东西啊，你就得常动。越动呢就越牵扯不清，越牵扯不清你就烂在锅里。要总是能分得清你我他，生分了。每一次，你都得花时间去摆平，要的就是经常欠。欠多了也就不愁了，他替你办一件是办，办十件还是办啊。等办到最后，他一见到你头就疼，那你就赢了，要风得风，要雨得雨。 by宋思明【女儿国啊，就要常PK，揍一个是揍，揍十个也是揍，揍的人多了，也就成了老大了。】通往精神的路很多，物质是其中的一种。【游戏练牛逼的方法很多，花钱是任何游戏都最快的一种】。早知道今天还是要放下身段 不如当初就乖乖摆好哈巴狗的姿态 by海藻【早知道砍不过你，不如当初就乖乖的入你的帮派好了。】一个人可以背金钱的债，却不能背感情的债。背金钱的债你有还清的希望，而背了感情的的债也许到死都会愧疚。【在女儿国PK杀人，不是真的杀人。但谈了感情，那就是真实的感情。】什么是幸福？幸福就是筷头上的肉丝。【什么是幸福？最大的幸福就是有空玩手游，不用担心薪水、健康、家庭等。什么是悲剧？悲剧就是不管玩什么手游，做什么事，都觉得没劲了。】,8,4,0.3265693485736847
英狙击手靠iPhone软件击杀塔利班据国外媒体今日报道，英国驻阿富汗士兵目前正使用一款售价19英镑(约合30美元)的iPhone应用BulletFlight击杀塔利班武装分子。这款应用可以帮助狙击手对风速、子弹重力、乃至地球旋转等各种细微因素对子弹轨道造成的偏差进行精密测算，从而准确地击中千米之外的塔利班敌人；BulletFlight甚至还可以预测出子弹可能对敌人造成的伤害程度。英军狙击手目前纷纷将这款应用下载到他们的iPhone中，并广泛运用于实战。驻阿富汗盟军部队还使用了微软Xbox 360游戏机操控军用机器人车辆。盟军还使用PS3游戏机的芯片研发廉价超级电脑，以开发新的军用雷达。BAE公司、劳斯莱斯、空中客车以及威廉姆斯F1车队等公司的英国专家正在联合开发一个项目，使用电脑游戏测试新军用设备。BAE公司正在使用PS2的3D图形技术研发新一代军用引擎设计。该公司工程师斯图尔特·迈克多加尔(Stuart McDougall)说：“军方一直热衷于研发新技术满足他们的特点需求。但现代消费者产品正变得越来越强大，价格也日益有竞争力，使用范围逐渐广泛。”任何人都可以下载BulletFlight这款军用软件，基本版的软件价格只有2.49英镑，完全版的软件价格只有18.78英镑。目前驻阿富汗和伊拉克美军使用了诸多iPod Touch 和iPhone应用，包括地图、生存手册以及战术导航等军用应用。,8,9,0.8921856880187988
《棒棒堂》同城结伴看阿凡达活动3D时代来临！梦想中的阿凡达！《棒棒堂》同城结伴看阿凡达！对电影业具有划时代意义的电影《阿凡达》，正以疯狂势态席卷全球，目前票房已超过12亿美元，已成为史上第二卖座的影片！一票难求，据朋友形容人山人海，脚不沾地，愣被挤着进去的，额滴神$_$我们一起来八八这部热门影片吧。活动时间：2010年1月10日14：00-2010年1月15日12：00活动要点：1.贴子标题请以[A]+所在城市+自定义标题。[]符号也是要写出来的，否则无法被系统统计到哦，字母不区分大小写；如：[A]成都-我也会讲纳美语啦！2.在《棒棒堂》男女朋友版本发贴，标题中必须注明所在城市，围绕抢钱大片《阿凡达》写一篇贴子，文体不限，言之有物，不少于120字即可；活动奖励：优秀作品可获得加分奖励，1个帐号限获1次加分。如发表多篇参赛贴，以得票最高的贴子为最终参赛贴参与计票。纳美绿卡(1名)：奖极品道具小棒仔15天+全国通用移动充值卡50元人气红卡(1名)：奖极品道具卡蒂亚冠15天+金币红包两万文字优美卡(10)：奖金币红包一万评选方式：只有符合参赛条件的贴子才能获奖；活动期间每获得不同帐号的1个回复为1分；纳美绿卡由官方从得分前10用户中选出2位获得；人气红卡由其余9位中得分最高1位获得；文字优美卡从所有参赛玩家中产生。活动结束后，我们会按地区整理所有参赛玩家的帐号，并公布，方便大家可以认识《棒棒堂》里同城的电影发烧友 ((。(^_^)。))[开发公司/运营公司]：炯炯网络[官网网站]：www.17joyjoy.com[wap网站]：wap. bbt.cn[客服电话]：400-6060-995,8,2,0.520683765411377
来《天行社区》 乐享“阿凡达”盛宴2010年，要问什么电影最火爆？答案一定是“阿凡达”！要问什么词汇最热门？答案也一定是“阿凡达”！“阿凡达”——这部开启好莱坞电影崭新时代的巨作，随处都可以听到大家在谈论它，波澜起伏的剧情，身临其境的效果，那颗梦幻般的潘多拉星球和坚定勇敢的蓝色纳维人，让我们为之动容，一想到“阿凡达”，我们便热血涌动。如果你还没有看过这部大片，或者你看过一遍还嫌不够过瘾，没关系！由世界知名游戏开发商Gameloft开发的《阿凡达(电影正版)》手机游戏已经在“天行社区”隆重上线了，一键下载便让你轻松拥有自己的“阿凡达”，随时随地细细品味，乐享正版“阿凡达”盛宴！《阿凡达(电影正版)》秉承了电影巨作“阿凡达”的惊险震撼风格，是一款动作冒险类的热血游戏。游戏中的“阿凡达”担负着拯救世界文明的重任，厌倦了对星球进行毁灭性开发的杰克在美丽而神秘的潘多拉星球展开了惊险之旅……杰克能否不负所托，完成自己使命，最终能否与心爱的娜蒂瑞公主幸福的生活在一起？要等着各位玩家来揭开这个谜底了！友友们可以直接登陆“天行社区”(用手机登陆tianxing.com)，或在《天行乐园》中通过九宫格进入“天行社区”进行游戏下载，同时，“天行社区”和《天行乐园》游戏也会应声推出“阿凡达”的系列活动~请各位友友们保持高度关注哦！友友们快快登陆tianxing.com下载，享受这不容错过的“阿凡达”盛宴吧！,8,2,0.49119576811790466
3G团队梦工厂 开启大学生创业新模式袁亦荣，岑彬，钱旭，三个来自北方工业大学的学生，在2010年1月18日上午9点30分，获得了一份来自3G团队梦工厂的“3G毛坯车间项目策划书”，开始了他们的3G行业创业的征程。“关于3G毛坯车间的盈利模式，是十分简单明了的。”袁亦荣说，“类似世纪家园那样的交友网站，寻找好的工作也会是大家的一个需求，将3G的机会引入校园，帮助大家熟悉这个行业，并借助3G团队梦工厂的资源，为大家提供一种贴身的服务。我们认为是可以被广大的同学所接受的。”学习计算机专业的钱旭，同时又是学校职业发展协会的秘书长，对于这个计划有着自己独到的理解：“鉴于andriod的市场优势，我希望建设一个andriod实验室，还希望通过石景山数字产业园区和3G团队梦工厂的渠道获得学校的支持，以及3G行业的企业对学生的关注，搭建一个优秀的植入性平台，让学生有机会从零做起。”学习财务专业的岑彬有着和其专业相匹配的缜密思维，说话不多，但颇具条理：“在学校内的商业元素其实有很多了，我的同学们也经常作为客户或兼职员工参与其中，所以说我们并非没有任何经验，只是不系统，其实我们需要一个规范的空间让我们获得持续性的经验积累，3G毛坯车间就是提供了这样一个环境，可以让学生在3G行业持续获得经验，我想一年以后，参与其中的同学一定会具备3G行业的从业能力。”团队梦工厂CEO李天语说：“我们的服务宗旨是让我们的客户迅速抓住3G的机会，通过我们孵化器的资源和学生自身的资源优势相结合，共同开发出盈利模式清晰的产品。我想大家已经注意到了一些细节，首先他们愿意为3G和资源付费，其次这些大学生已经开始用商业化的思想思考问题了，他们已经开始注意盈利模式，开始关心谁是自己的客户，能够分析自己的优势和劣势。其实我们只是针对性的做了几个小时的培训。事实证明，大学生本身的素质是没有任何问题的，也不缺少对事物的判断能力。所缺的是一套行之有效的服务模式。把客户放到真实的环境中，让有经验的人士为客户打工，提供客户成长所必需的资源，和客户分享项目成果，客户将为这个过程付费。这样的创业模式让所有参与者都能各取所需，又都有责任，且目标一致。大家是在向同一个方向努力，成功的概率就要高出许多。”看得出来，团队梦工厂确实在利用一个类似孵化器的模式在和所谓的客户合作，这也许就是他们把自己称作人才孵化器的原因，他们给出了一个大学生创业或者就业的新模式，就是“资源植入模式”，让客户直接购买工作和工作经验，然后再帮客户雇佣一个CEO带领他们创业或者教给他们职业法则，使其具备盈利能力，最终顺利的过渡到自己的职业生涯中。如李天语所说，人生如一个游戏，团队梦工厂充当了一个“策划”的角色，工厂策划了一段人生的传奇之旅，等待玩家自己来开启。,8,4,0.538719892501831
DVD时代的终结者  时代广场数字娱乐业   当DVD出现时，你预见到了盒式磁带将不复存在？你预见到了VCD将成为过去吗？现在你知道DVD即将推出历史舞台吗？     当你无需任何播放设备，只要一直遥控器在手，即可在海量的正版碟片中任意选择时，你还会去买DVD影碟吗？那么你意识到这即将是多么巨大的商机吗？     由于美国IDG风险投资合伙人直接创办的网尚文化斥资10亿元，经过5年开发，推出的iwatch爱看和ewatch易看，以及将将推出的一系列新产品将引发一场数字娱乐业革命。     无需大量资金投入，即可分享未来。适宜新的创业者以及各类音像店、书店、家电行业、IT行业、网吧扩展你们的事业。天津市网尚新欣电子有限公司  公司地址：天津市南开区鞍山西道新城大厦1202室  电话：022-58698205,9,8,0.582455039024353
2009Z酷校园行 蓝魔艾利和展台人头攒动2009年10月21日，“决战音乐之旅 2009雷柏杯第七届Z酷全国高校歌王挑战赛”在北京中医药大学举行了北京赛区的首次海选。这次活动的总冠名商为雷柏，赞助商有蓝魔、艾利和、漫步者等品牌厂商。展台一经布置完毕，就吸引了中医药大学众多同学的注意。下面，我们来重点看一下蓝魔和艾利和的展台。,9,6,0.5498906970024109
连续六年的精彩 尼康赞助花样滑冰大奖赛·尼康展台人头攒动尼康连续六年赞助的，由国际滑冰联盟（International Skating Union）主办的Grand Prix系列中国站——“Cup of China 2009 中国杯世界花样滑冰大奖赛”于10月30日在北京首都体育馆拉开了序幕。“ISU Grand Prix系列”是云集了世界顶尖花滑选手的权威大赛，赛事共由中国、美国、加拿大、法国、俄罗斯、日本6站组成，而其中两次大赛总计分数较高的选手将直接参加“ISU Grand Prix Final大赛”的角逐。本次中国站的比赛，中国双人滑著名选手申雪/赵宏博、张丹/张昊届时也将登台献技。整个赛事将通过CCTV-5，在中国、美国、加拿大、日本、韩国等多个国家进行实况转播。在10月31日晚举行的双人滑颁奖仪式上，尼康映像仪器销售（中国）有限公司董事长兼总经理金子博明还将为获得双人滑前三名的选手们颁奖。此外，在中场休息和赛后的答谢晚宴上，观众们也将有机会获得由尼康公司提供的相机作为奖品。尼康一直坚持将体育文化、品牌形象、影像文化三者的有机融合，大力赞助一些顶级摄影、体育赛事。今后尼康也将继续积极大力推动在中国的发展，为中国的体育、文化事业贡献自己的力量。相信在未来更多的体育赛事中，大家还将不断看到尼康的身影。,9,6,0.5910535454750061
【每日一图】数年前拍的一幅二手照片摄影玩家或者器材爱好者大多回去摄影器材展，看看展览，拍拍照片，大家挤在一起都挺乐呵的。但是在室内的展会上拍照片你可能得面对不少严重的问题：比如混乱的人群可能让你难以找到一个干净简洁的画面；而杂乱的室内灯光则有可能让画面怎么都有点怪怪的。当然那种时候长焦和广角镜头都能派上用场，总之拍摄一些不是你每日熟悉的画面就会让人觉得比较特别。事实上在混乱的情境下去发现一些有意思的细节，也是摄影的必修课。当展台上模特开始劲爆的表演，人群都使劲往前冲的时候，你不妨躲在后面拍拍人家显示屏上的内容，虽然是“二手照片”，不过在那样人头攒动的情境下看起来颇有意思。,9,1,0.48527729511260986
支持64位游戏 驰为游戏机PGH即将上市据了解，驰为将推出一款型号为PHG的游戏机，其中P代表PMP、H代表高清、G代表游戏机。也就是说，这款产品是一款融合国内高端MP4与游戏机。驰为把在传统MP3方面所擅长的音质、720P高清、续航方面应用到游戏机上面，加强了此款产品的竟争力。并且，据了解，驰为此款游戏机虽然加入了MP4元素，但是游戏功能也同样十分强大。除了常见的8位、16位、32位游戏以外，还首次加入了64位游戏的功能。对此款产品感兴趣的朋友，可以关注我们的后续报道。,9,8,0.7266874313354492
爱国者变换风格 低调进军电子书市场作者：潘昊对于很多数码产品消费者来讲，爱国者已经不再是几年前默默无闻的小品牌。08、09两个年度，爱国者在品牌营销上的一系列重大举措收到了显著的效果，北京奥运、经典F1以及红魔曼联先后携手爱国者，让国人牢牢记住了这个以致力打造国际知名品牌为己任的本土数码品牌。在市场发布上，以数码相机、MP6、妙笔等等突出产品为代表，爱国者一贯以高调宣传为主，在大批量进入市场之前必先引起消费者的充分关注。但是日前，记者深入走访电子书市场得知，十一月份爱国者将进军电子书市场，不似以往的大张旗鼓，这次显得异常低调。随着电子书市场的持续升温，我们在市场上能够看到的电子书产品已经有十几种，华旗资讯爱国者的加入，势必加剧市场的竞争情况。究竟是什么样的产品让爱国者有信心加入到这场角逐，同时爱国者的电子书又有什么显著的特点呢？怀着疑问，记者联系了华旗资讯相关工作人员，但是所有人员惊人的一致，讳莫如深，纷纷告知不知情或者不方便透露，与以往的情况形成鲜明的对比。即使这样，我们还是能够感受到华旗资讯对于电子书产品的重视与谨慎。我们从相关渠道获悉，十一月上旬华旗资讯爱国者将先在网上商城以体验版的方式推出电子书产品，以得到市场的初步反馈。如果市场反映良好，接着会在十一月下旬正式推出电子书产品。与多数仅能以单一文本形式显示电子书设备相比，爱国者的这款产品能支持多种文本格式，包括TXT、PDF、DOC、HTM/HTML、CHM等，可以为用户提供丰富的内容服务。同时，该款产品采用e-ink的化学显示技术，即电子纸屏幕，提供类似纸张的阅读感受，不发光，不伤眼，功耗极低，待机时间可达15天以上，可以充分满足旅行及阅读的需要。华旗资讯爱国者的低调，为这次的新品发布蒙上了几许神秘色彩。究竟是什么样的产品，将为市场带来怎样的冲击，我们拭目以待。,9,8,0.6076008081436157
399元 蓝天使Q8 为家居增添靓丽风景线  蓝天使推出的一款面向中、低端市场的采用芯舞主控的高清播放器——蓝天使Q8。该机具有不少的新亮点，在机身前方搭载了一块LED显示屏，能显示机器的视频输出状态，使用时间及外接存储模式。该机支持AVI、RM/RMVB、MKV等视频格式，支持MP3、WMA、OGG、FLAC、APE、DTS、AAC、AC3多种音频格式。有兴趣的朋友可以关注下。  蓝天使Q8流线型设计，而用料方面也是延用了广受消费者好评的与Q7同样材料的“太空硅胶”，独有的“钢琴烤漆”工艺，外加黑、白、红、绿四款颜色的搭配，颇有运动风尚。采用了最新的“抗外力划伤”技术，表面的抗外力性能提高了将近10%，这项技术的应用将大大提高抗划伤能力，从而延长机器的使用寿命。  蓝天使Q8采用了芯舞HD986的主控芯片，芯舞HD986采用和Intel酷睿2相同的65纳米制程。采用业界领先的PMU电源管理技术，以此带来低功耗、高性能。以无可比拟的多格式视频兼容性，超过720P的RMVB分辨率支持，内置2G内存，可实现即买即用等众多特性深受高清发烧友的喜爱。音频方面，蓝天使Q8轻松支持MP3、OGG、WMA及APE和FLAC双无损音频。  蓝天使Q8拥有丰富的视频输出接口，VGA、AV、YUV、HDMI等一应俱全。  蓝天使Q8高清播放器外形时尚靓丽，多款颜色供您选择，399元的低廉售价，怎会不叫您心动！打算购买的朋友可以和以下商家联系。蓝天使Q8 高清播放器【参考价格】399元 【推荐商家】天津世纪睿丰【商家地址】颐高数码广场D086【联系电话】022-2743096013902061842 编辑：雯子,9,3,0.6621043682098389
怪象：景顺长城连续7次只报高价不认购每经记者 李娜年初才从传出赴香港开奢华报告会的景顺长城，上周末又受到证券业协会的警告处罚，并被暂停了3个月的询价资格。2009年，景顺长城的开局似乎并不顺利。对于此次处罚的原因，证券业协会表示，自实施网下发行电子化后，景顺长城共7次参与首次公开发行股票的初步询价工作，报价均高于发行价格却全部未申购。消息甫传出，不少基金业人士对景顺长城的行为难以理解，直呼奇怪。深圳一位基金公司的工作人员告诉记者，如果基金公司报价高于发行价，很可能是看好这只新股的潜力，不过，“给了高价格，又不认购，确实有点怪了！”上海一家基金公司的基金经理认为，这种事偶尔出现个一两次还勉强解释得过去。南方某基金公司的投资总监则向记者介绍了基金公司参与新股IPO询价的一般流程：新股IPO时，基金公司的行业研究员会审核上市公司的具体情况，并提供一份简单的研究报告；研究员会在报告中给出新股是否适合申购的建议；如果适合申购，行业研究员还会制定出相应的报价(一般是个区间，浮动20%左右)；制定好价格后，公司会将报价传递给承销商；基金经理方面也会根据自身基金的情况，最终决定要不要配置；如果公司旗下多只基金同时需要配置或配置的数量较大时，公司可能会开会进行协调。“在这样的机制下，应该不会连续出现这样 (只开出高价，但不认购)的情况。说实话，这个事情太特殊了，也比较奇怪！”采访中，这位投资总监不时地向记者表示。北京一家基金公司的基金经理向记者表示，基金公司偶尔出现这样情况，可能是公司的研究部和投资部之间的协调出现了问题。但这种现象出现次数多了，背后的原因就不太好解释了。上海某基金公司的工作人员则透露，通常新股上市时，准上市公司或者其承销商都会和机构 “谈谈”，如果双方关系好，基金公司也可能会“帮点忙”。他认为，报高价又不认购，基金公司这样的做法很可能是想帮助准上市公司提高发行价格。但是这种做法只会给准上市公司带来点好处，多募集点资金，基金公司自身是得不到好处的。但是，也不排除基金公司通过其他方式得到实惠。一家中等规模基金公司的投资总监向记者证实，这种做法在业内其实并不是什么太大的秘密，不排除基金公司通过这种方式获得其他好处。“不过，连续出现这种情况确实是有点问题，这在别的基金公司是不太会发生的。”    相关专题：,1,4,0.8908122777938843
科威特主权财富基金去年后三季度损失310亿美元新华网科威特2月10日电（记者王波）科威特一名议员10日透露，去年3月底到12月底，科威特主权财富基金因全球金融危机而损失310亿美元。议员塔布塔巴在参加议会听取科威特投资局局长巴德尔的介绍后向媒体公布了上述信息。他说：“我们被告知，我国在海外的投资损失了90亿第纳尔（约310亿美元）。”塔布塔巴说，在议会闭门会议中透露的大部分损失，是由全球金融危机造成的“账面损失”。目前，有多名议员对主权财富基金损失的数额提出质疑，议会决定要求国家统计局对此进行核实。科威特投资局负责运作拥有3000亿美元的主权财富基金，该基金是全球资本雄厚的主权基金之一。科威特的主权财富基金主要投向了美国和欧洲的金融证券和房地产领域。科威特政府8日公布了一项经济刺激计划，包括国家对银行贷款提供广泛担保，以及协助投资机构偿还债务。目前科威特的一些投资公司因难以获得贷款和资产市值下跌而无力还债。,1,7,0.8528048396110535
PE转舵上市公司 PIPE成一月亮点王大军2009年1月，中国私募股权投资市场活跃程度进一步下降，案例数量和投资金额都处于历史低位。据国内投资市场信息咨询机构投中集团ChinaVenture的统计，1月中国私募股权投资市场共披露投资案例3 起，总投资金额9946.63万美元，环比下降47.8%；平均单笔投资金额3315.54 万美元，环比下降30.4%。但另一方面，PIPE(Private Investment in Public Equity)投资成为亮点。这其中包括，IBM中国投资基金注资四川长虹1.08亿元，江苏瑞华等投资某输配电设备制造商2.99 亿元。PIPE，即私募基金、共同基金或其他的合格投资者以市场价格的一定折价率购买上市公司股份，以扩大公司资本的一种投资方式。对上市公司而言，在二级市场低迷、银行贷款缩减等原因导致资金链趋紧时，通过PIPE获得资金支持成为新趋势；同时，A 股低迷的股价也对投资机构带来了极大的吸引力，上市公司相对较小的投资风险能够起到优化投资组合的作用。“在国外，PIPE是PE公司一项重要的业务，但目前在中国还没有很大的规模。相信PIPE类型投资在2009年上半年将继续占据较大的比例。” ChinaVenture分析师潘黄斌认为。据ChinaVenture的统计数据，2004年开始，PIPE在中国的投资额就呈现了连续上涨的趋势。2004年，中国的PIPE额度为200.82万美元，而到了2008年，这一数字已增长到1271.51万美元，增长幅度达533.16%。此外从投资案例的数量来看，2004年仅为4家，但到2008年已增长为22家。“这可能与2006年和2007年两年，中国股票市场较为火热有关系，而到了2008年，股票市场的低迷，可能造成很多PE公司认为可以抄底。”潘黄斌认为。同时，上市搁浅企业通过私募融资获得资金支持也成为度过寒冬的重要手段。今年1月，AsiaMezzanine Capital Group等共同向铸、锻件生产商安徽应流集团提供了4000万美元夹层资本；而应流集团早在2008年4月已经通过了香港联交所的上市聆讯，并聘任摩根士丹利任其保荐人，但之后却因为港股状况不佳推迟上市计划。,1,4,0.6190046072006226
税务总局：QFII在中国境内收入缴纳10%所得税通知并指出，如果是股息、红利，则由派发股息、红利的企业代扣代缴；如果是利息，则由企业在支付或到期应支付时代扣代缴。通知说，QFII取得股息、红利和利息收入，需要享受税收协定待遇的，可向主管税务机关提出申请，主管税务机关审核无误后按照税收协定的规定执行；涉及退税的，应及时予以办理。通知要求，各地税务机关应了解QFII在中国从事投资的情况，及时提供税收服务，建立税收管理档案，确保代扣代缴税款及时足额入库。,1,7,0.9554938077926636
税务总局：QFII应缴10%所得税 业内人士称此规定根本目的在于完善资本市场运行规则，对QFII利空有限国家税务总局20日宣布，税务总局近日发出通知指出，合格境外机构投资者(QFII)取得来源于中国境内的股息、红利和利息收入，应当按照企业所得税法规定缴纳10%的企业所得税。通知明确，QFII所得如果是股息、红利，则由派发股息、红利的企业代扣代缴；如果是利息，则由企业在支付或到期应支付时代扣代缴。各地税务机关应了解QFII在我国从事投资的情况，及时提供税收服务，建立税收管理档案，确保代扣代缴税款及时足额入库。中国社科院财贸所税收专家介绍，2005年底，经国务院批准，对QFII委托境内公司在我国从事证券买卖业务取得的差价收入，免征营业税，但对于所得税却没有明确规定。一直以来，QFII所得税问题悬而未决，大多数QFII在所得税问题上都是先代为扣缴，但也有部分QFII不计算所得税。专家表示，国税总局明确QFII缴纳10%的企业所得税，实际源于2008年1月1日起施行的《中华人民共和国企业所得税法》及其实施条例。根据规定，非居民企业在中国境内的所得缴纳企业所得税适用税率为20%，实际执行10%的优惠税率。国税总局上述通知还称，QFII取得股息、红利和利息收入，需要享受税收协定(安排)待遇的，可向主管税务机关提出申请，主管税务机关审核无误后按照税收协定的规定执行；涉及退税的，应及时予以办理。专家介绍，为了避免双重征税，我国与世界上90多个国家签订了税收协定，根据收入来源地管辖权的一般原则，境外企业在我国取得的收入适用我国税率。因此，国税总局的上述表述，实际是简化了向QFII支付股息、红利和利息收入企业的工作，支付企业只需考虑我国税法预提所得税即可。市场人士认为，QFII所得税涉及的只是利得部分，与营业税相比数额较小，在我国税收收入占比中也是微不足道的，QFII不会因此政策而出现大规模撤离现象。明确QFII所得税制，根本目的不在于增加税收收入，而是通过税制的明确，完善资本市场的运行规则，吸引更多退休基金、共同基金等大型海外投资机构入场。据《中国证券报,1,7,0.5188311338424683
QFII年均获批额可能达28亿美元上海咨奔商务咨询(Z-Ben Advisors)有关中国实行6年的合格境外机构投资者(QFII)机制的最新年度报告，将于本周发表。该报告预测，未来几年中国对QFII投资额度的审批将较前几年更为稳定，2014年QFII额度将达到300亿美元。目前，这一额度大约为120亿美元。这意味着，每年核准QFII额度有望达到28亿美元。咨奔商务咨询最新的QFII手册，分析了中国证监会和外管局近年回应外国投资管理公司申请的趋势。撰写这份报告的咨奔商务咨询执行董事迈克尔·麦考马克说：“中国监管者在分配新QFII额度时有一组明确的优先顺序：针对散户投资者的零售基金。”研究表明，监管层很可能偏爱聚焦于本土企业和投资者的外国投资管理公司。官方对那些把自己的额度授予给其他机构(例如对冲基金)的额度持有者印象不好。报告称，QFII额度出租的模式也在慢慢消失，对已获得QFII额度的机构，如果将额度出租，那么未来申请更多额度时，可能会被要求提供相应的投资计划；如果申请是由其旗下的资产管理部门提出的，则获批相对会容易些。在全球金融危机背景下，排队申请QFII资格的外资机构眼下已超过100家。,1,4,0.5718095898628235
金融从业人员老鼠仓行为最高可判10年2月28日，十一届全国人大常委会第七次会议在完成各项议程后，在北京人民大会堂闭会。吴邦国委员长主持会议并发表讲话新华社 图十一届全国人大常委会第七次会议28日上午表决通过了《中华人民共和国刑法修正案(七)》，国家主席胡锦涛签署第10号主席令予以公布，自公布之日起施行。刑法修正案(七)共15条，对刑法相关条款进行了修改、增加。刑法定罪量刑更趋“人性化”，体现了宽严相济的刑事政策，绑架罪最低刑期减为5年，逃避缴纳税款者符合一定条件可不追究刑事责任，金融从业人员“老鼠仓”行为将被严打，增设“组织领导传销罪”，增设规定严惩组织未成年人违反治安的行为，还对惩处网络“黑客”、单位犯洗钱罪、领导干部“家里人”“身边人”的腐败行为等作出规定。十一届全国人大常委会第七次会议28日表决通过刑法修正案(七)。其中明确规定，我国严惩金融从业人员“老鼠仓”行为，最高可处十年有期徒刑。近年来，一些证券投资基金管理公司、证券公司等金融机构的从业人员，利用其因职务便利知悉的法定内幕信息以外的其他未公开的经营信息，如本单位受托管理资金的交易信息等，违反规定从事相关交易活动，牟取非法利益或者转嫁风险。这种“老鼠仓”行为严重破坏金融管理秩序，损害公众投资者利益，但此前刑法只对利用证券、期货交易的内幕信息从事内幕交易的犯罪及刑事责任作了规定，未对这一社会影响极坏的犯罪行为作出明确规定。鉴于此，刑法修正案(七)将刑法第180条第一款修改为：证券、期货交易内幕信息的知情人员或者非法获取证券、期货交易内幕信息的人员，在涉及证券的发行，证券、期货交易或者其他对证券、期货交易价格有重大影响的信息尚未公开前，买入或者卖出该证券，或者从事与该内幕信息有关的期货交易，或者泄露该信息，或者明示、暗示他人从事上述交易活动，情节严重的，处五年以下有期徒刑或者拘役，并处或者单处违法所得一倍以上五倍以下罚金；情节特别严重的，处五年以上十年以下有期徒刑，并处违法所得一倍以上五倍以下罚金。此外，增加一款作为第四款，证券交易所、期货交易所、证券公司、期货经纪公司、基金管理公司、商业银行、保险公司等金融机构的从业人员以及有关监管部门或者行业协会的工作人员，利用因职务便利获取的内幕信息以外的其他未公开的信息，违反规定，从事与该信息相关的证券、期货交易活动，或者明示、暗示他人从事相关交易活动，情节严重的，依照第一款的规定处罚。扩大对“地下钱庄”非法经营活动打击范围为了更有力地打击“地下钱庄”非法经营活动，十一届全国人大常委会第七次会议28日表决通过的刑法修正案(七)扩大了对“地下钱庄”非法经营活动的打击范围。据介绍，近年来，一些以典当行、担保公司、理财咨询公司等形式存在的“地下钱庄”非法经营活动较为猖獗，严重扰乱了金融秩序，给社会治安带来隐患。国务院法制办、公安部等提出，不仅非法经营证券、期货、保险业务的“地下钱庄”行为应受惩处，而且逃避金融监管，非法为他人办理大额资金转移等资金支付结算业务的行为，也应依法严惩，在刑法关于非法经营罪的规定中也应明确列举。此前，刑法第225条规定了四项违反国家规定、应该受到惩处的非法经营行为。新修订的刑法修正案(七)将原来的第三项“未经国家有关主管部门批准，非法经营证券、期货或者保险业务的；”修改为“未经国家有关主管部门批准非法经营证券、期货、保险业务的，或者非法从事资金支付结算业务的；”加大了对这类非法经营活动的打击力度。逃避缴纳税款一定条件下可免刑责十一届全国人大常委会第七次会议28日表决通过刑法修正案(七)。相关条款规定，逃避缴纳税款在一定条件下不予追究刑事责任。有关部门提出，逃避缴纳税款后，经税务机关指出后积极补缴税款和滞纳金，履行了纳税义务，接受行政处罚的，可不再作为犯罪追究刑事责任，这样处理可以较好地体现宽严相济的刑事政策。刑法修正案(七)将刑法中相关条款修改为：“纳税人采取欺骗、隐瞒手段进行虚假纳税申报或者不申报，逃避缴纳税款数额较大并且占应纳税额百分之十以上的，处三年以下有期徒刑或者拘役，并处罚金；数额巨大并且占应纳税额百分之三十以上的，处三年以上七年以下有期徒刑，并处罚金。”“扣缴义务人采取前款所列手段，不缴或者少缴已扣、已收税款，数额较大的，依照前款的规定处罚。”“对多次实施前两款行为，未经处理的，按照累计数额计算。”“有第一款行为，经税务机关依法下达追缴通知后，补缴应纳税款，缴纳滞纳金，已受行政处罚的，不予追究刑事责任；但是，五年内因逃避缴纳税款受过刑事处罚或者被税务机关给予二次以上行政处罚的除外。”引人关注的是，原来的“偷税”一词也被“逃避缴纳税款”所取代。 全国人大常委会法工委副主任郎胜指出，原来习惯上用“偷税”这个概念，实际上逃避纳税义务是这类犯罪的本质特征，这样在表述上更准确一些。绑架罪最低刑期定为5年十一届全国人大常委会第七次会议28日表决通过的刑法修正案(七)中，进一步调整了绑架罪的量刑标准，将法定刑的起刑点定为5年有期徒刑。此前，刑法相关条款规定：以勒索财物为目的绑架他人的，或者绑架他人作为人质的，处十年以上有期徒刑或者无期徒刑，并处罚金或者没收财产；致使被绑架人死亡或者杀害被绑架人的，处死刑，并处没收财产。全国人大常委会法制工作委员会经同最高人民法院、最高人民检察院、公安部研究认为，绑架罪严重危及公民人身安全，应予严惩；同时，考虑到实际发生的这类案件具体情况比较复杂，在刑罚设置上适当增加档次，有利于按照罪刑相适应的原则惩治犯罪。新修订的刑法修正案(七)将刑法第239条修改为：“以勒索财物为目的绑架他人的，或者绑架他人作为人质的，处十年以上有期徒刑或者无期徒刑，并处罚金或者没收财产；情节较轻的，处五年以上十年以下有期徒刑，并处罚金。”“犯前款罪，致使被绑架人死亡或者杀害被绑架人的，处死刑，并处没收财产。”单位犯洗钱罪 同样严惩不贷十一届全国人大常委会第七次会议28日表决通过的刑法修正案(七)中，新增了单位犯洗钱罪的规定。分析人士指出，这将进一步完善我国刑法的反洗钱措施。此前，刑法第312条只是作出如下规定：明知是犯罪所得及其产生的收益而予以窝藏、转移、收购、代为销售或者以其他方法掩饰、隐瞒的，处三年以下有期徒刑、拘役或者管制，并处或者单处罚金；情节严重的，处三年以上七年以下有期徒刑，并处罚金。去年8月，刑法修正案(七)草案提请全国人大常委会审议时，有关人士提出，犯洗钱罪有些是单位实施的，建议增加单位犯洗钱罪的规定。鉴于此，刑法修正案(七)在刑法第312条中增加一款作为第二款：单位犯前款罪的，对单位判处罚金，并对其直接负责的主管人员和其他直接责任人员，依照前款的规定处罚。严惩领导干部“家里人”“身边人”腐败行为今后，如果在职或离职的国家工作人员的“家里人”“身边人”利用国家工作人员职务上的影响力索贿受贿，也将被追究刑事责任。28日，十一届全国人大常委会第七次会议表决通过的刑法修正案(七)中，扩大了受贿罪的适用范围，修改了相关条款。此前，刑法相关条款只对国家工作人员利用本人职权或地位形成的便利条件，通过其他国家工作人员的职务行为，为请托人谋取不正当利益，索取或者收受请托人财物的犯罪作了规定。但在现实生活中，一些国家工作人员的配偶、子女等近亲属，以及其他与其关系密切的人，通过该国家工作人员职务上的行为，或者利用其职权或地位形成的便利条件，通过其他国家工作人员职务上的行为，为请托人谋取不正当利益，自己从中索取或者收受财物。鉴于此，刑法修正案(七)新增条款规定，国家工作人员的近亲属或者其他与该国家工作人员关系密切的人，通过该国家工作人员职务上的行为，或者利用该国家工作人员职权或者地位形成的便利条件，通过其他国家工作人员职务上的行为，为请托人谋取不正当利益，索取请托人财物或者收受请托人财物，数额较大或者有其他较重情节的，处三年以下有期徒刑或拘役，并处罚金；数额巨大或者有其他严重情节的，处三年以上七年以下有期徒刑，并处罚金；数额特别巨大或者有其他特别严重情节的，处七年以上有期徒刑，并处罚金或者没收财产。巨额财产来源不明罪最高刑提高至10年28日，十一届全国人大常委会第七次会议表决通过刑法修正案(七)，其中规定，巨额财产来源不明罪的最高刑由5年有期徒刑提高至10年有期徒刑，这意味着我国反腐败力度进一步加大。此前，刑法相关条款规定，国家工作人员的财产或者支出明显超过合法收入，差额巨大的，可以责令说明来源。本人不能说明其来源是合法的，差额部分以非法所得论，处五年以下有期徒刑或者拘役，财产的差额部分予以追缴。尽管这一罪名的适用一直是我国开展反腐败斗争的重要手段，但有些全国人大代表和最高人民法院、最高人民检察院等提出，对巨额财产来源不明罪的量刑标准偏轻，建议加重处罚。为适应反腐败斗争的需要，刑法修正案(七)修改了相关条款：“国家工作人员的财产、支出明显超过合法收入，差额巨大的，可以责令该国家工作人员说明来源，不能说明来源的，差额部分以非法所得论，处五年以下有期徒刑或者拘役；差额特别巨大的，处五年以上十年以下有期徒刑。财产的差额部分予以追缴。”(本组稿件据新华社电)    相关报道：    严打老鼠仓还需举证责任倒置    私募基金不会做老鼠仓    老鼠仓维权第一案败诉 法律盲点亟待司法解释    老鼠仓民事追偿仲裁请求被驳回    上港集团股票惊现老鼠仓    赢富数据下线 机构老鼠仓2009年大胆突围    视频：市场是否要进入新一轮探底走势    扩大老鼠仓犯罪主体非法提供个人信息负刑责    老鼠仓打击范围扩大    网友建议惩处老鼠仓行为最高刑期提至15年    专查老鼠仓将范围扩大,1,7,0.9966180920600891
两会速递：今年沪深交易所主推沪深300ETF中新社北京三月七日电 (记者 阮煜琳 刘育英)首只贯通两个市场的ETF产品——沪深300ETF有望不久后面世。全国政协委员、上海证券交易所理事长耿亮七日接受记者采访时指出，今年上交所将给投资者提供一些交易便利、成本低廉、投资者易懂的产品。今年上交所将联手深交所主推ETF(交易型开放式指数基金)。耿亮说，今年上交所的产品开发目标主要是对ETF产品进行深度开发。目前正在和深交所共同开发研究沪深300ETF指数。沪深300ETF覆盖了中国市场最主要的股票，覆盖面强、交易简便、交易手续费很低。同时作为指数期货的标底物，推出沪深300ETF产品以后，也有利于今后股指期货推出后投资者套期保值，投资者套利交易。耿亮说，二00五年开始，上交所陆续推出上证50ETF、上证180和上证红利ETF三个ETF产品，并得到投资者的认可，今年开发重点是在ETF产品的深度和广度上下功夫。在重点研究沪深300ETF的同时，现在还准备开发行业ETF和债券ETF。据有关人士介绍，沪深300ETF是与沪深300指数期货进行期现套利的一种选择，上市沪深300ETF有利于为股指期货上市创造良好的市场环境，吸引更多套利资金参与，增强股指期货市场的流动性。耿亮披露，截至三月三日，今年上交所日均交易量一千零一十九亿元人民币，比二00八年全年日均量增长近四成。二00八年，上交所筹资二千二百三十八亿元人民币，为上交所成立以来第二大筹资量。,1,7,0.7902870774269104
外汇局：QFII额度正陆续审批蔡锦本报综合报道 国家外汇管理局副局长李超昨日在列席全国政协十一届二次会议间隙透露，目前QFII(合格境外机构投资者)运转的情况比较正常，近两个月以来，外汇局陆续审批新的投资额度。对于下一步QFII额度是否会加速批出的问题，李超表示，QFII额度的审批会根据提出的申请和以往已批额度的运转投资的情况来决定，总体上外汇局的态度比较开放。据外汇局人士透露，在刚刚过去的2008年，外汇局放松了有关QFII的外汇管理规定。规定放宽了QFII资金的锁定期限制，并延长了QFII资金的汇入期限。本月9日，证监会公布，2月份有3家外资机构获得QFII资格，这是今年以来QFII资格审批的首次开闸，至此获批QFII资格的外资机构总数已达到79家。2007年12月，我国宣布将QFII投资额度从此前的100亿美元扩大到300亿美元。根据证监会的数据，截至去年底，国家外汇局已累计批出了128亿美元QFII额度。其中2008年当年增加的为28.6亿美元。关于外汇储备的投资问题，李超表示，外储投资首先是要坚持安全性，然后才是流动性和收益性。多年来，国内外储的经营一直有一套非常严格的决策和内控制度。在去年国内外市场大幅波动的情况下，外储整体经营还是不错的。李超表示，虽然今年市况不会太平稳，但对今年外储实现保值增值还是有信心的。至于外储投资是否考虑增持黄金储备，李超则表示，外储的投资要根据国际金融市场的变化、储备经营的要求来调整。(蔡锦),1,7,0.5823769569396973
华宝兴业动力组合刘自强：抢钱时代重临“抢劫不如炒股”是在2007年股市最如火如荼的时候，被某县城的公安部门挂在大马路上的一段公益性广告。不知道在这段大幅标语被挂出来后，当地的治安情况是否有所改善。可以肯定的是，当一个行业的暴利已经远甚于抢劫的时候，也到了最疯狂的时候。当时大多数人把它当成了一段笑话，全然丧失了一个职业投资人应有的警觉性。一年多过去了，市场在冰火两重天的洗礼后，终于在“4万亿”这一口号的引领下走出低谷。2月底，市场的赚钱效应引发了全国人民的投资愿望，各大媒体开始争相欢呼：A股成交量刷新历史新高！深综指挑战年线！股票开户数创53周新高！53周？一年有多少周？一年不过是52周，那意味着开户数已经恢复到了2008年2月中旬的水平。当时的指数大约是4500多点，与巅峰的时候相比仅下跌了25%。成交量刷新历史新高就更夸张了，在2007年这样的大牛市里，沪市日成交量超过2亿手的天数只有3天，而现在仅2月份短短的20个交易日里，竟然就有6天超过了2亿手！市场的热度可见一斑。难道是又一个抢钱时代重临了么？我不能想象，在这个全球股市风声鹤唳、经济增长举步维艰的时代里，市场竟然再现当年的癫狂景象。如果说是散户过于冲动的话，向来以理性投资自居的机构投资者们也未见得有多淡定。3月4日，沪深300暴涨6.68%，个股普涨，结构性差异不会很明显。如果用这一天基金的涨幅除以指数涨幅的话，就可以知道基金的大致仓位。我们可以看到，当时股票型基金的平均仓位是71%，有超过1/5的基金仓位高于80%，而今年以来排名前30%的基金中，有1/3以上的基金持仓超过了80%。在当前这种经济形势尚未明朗，龙头品种和板块却纷纷逼近甚至超越历史高点的时候，我真的很怀疑，基金还有多少加仓的能力？A股还有多大的上涨潜力？回过头来看看本轮上涨的主要推动力吧。两会的第一天，公布的4万亿投资结构已经与2008年底的规划有了微妙的变化。新公布的结构中，基础设施投资下降了3000亿，保障性安居工程上升，医疗卫生文化教育大幅上升。这里面其实预示着一个很重要的方向：在第一轮大跃进式的投资拉动后，经济已出现了复苏迹象，PMI指数回暖、地产销售回暖、大宗商品价格回暖，因此在下一个阶段，刺激政策的重点应该会逐步从投资规模转向投资效率。那些令人心襟摇曳、浮想连翩的利好数据可能会越来越少，取而代之的，却是经济结构中暗流涌动的差异性变化。反映在股市上，可能将呈现为：指数滞涨，甚至下跌，而行业和公司的分化会更加明显，全民获利的场景很可能将只是个臆想。抢钱时代重临？还是去做你有前途的山贼？冷静点后再说吧。,1,4,0.5253714323043823
