text,true_label,pred_label,probability
NCAA历届冠军：康大三冠紧随杜克 UCLA大学至尊！NCAA锦标赛总决赛在休斯顿Reliant球馆隆重上演，在一场惨烈的防守大战中，康涅狄格大学53-41战胜巴特勒大学，校史上第三次捧得冠军奖杯。在NCAA建立72年历史上，UCLA是夺冠次数最多的球队(11次)、排名第二的是肯塔基大学(7)，印第安纳(5)和北卡(5)并列第三，杜克(4)依然位居第五。以下为NCAA全国锦标赛历年冠亚军得主：〈〈〈 NCAA疯狂三月专题主页上线，点击链接查看精彩内容注：表中括号内数字为第几次夺冠,0,5,0.828005313873291
探秘中国巨幕：是山寨高仿还是国货精品IMAX中国巨幕成本1000万以上最低100万左右，其余视情况而定亮度(实测)30000流明36000流明银幕大小(米)22×12.520×12音响6.1声道11.1声道片源需要严格筛选，并需要经过DMR技术转制无特殊限制分辨率(数字版)双机2K双机2K票价(UME)140元(华星)90元(双井)版权许可费用7万美元左右/年不详独立知识产权有部分有，部分暂无认知度全球知名较低售后服务有固定团队，可远程登录解决问题需由不同产品供应商分别解决附二：IMAX声明IMAX公司在过去四十余年一直致力于为全世界的消费者提供高端的观影体验。此间，虽然我们在多个市场都面临竞争，但是我们的突破性技术、遍布全球的网络和全球品牌认知令我们脱颖而出，至今依然领先众竞争对手。IMAX公司与消费者、电影公司及导演都保持着非同凡响的良好关系，他们被IMAX品牌所传达出的品质与创新精神吸引，在近百个世纪一直追随IMAX电影和IMAX影院至世界各处。IMAX公司是市场的先锋及领导者，为消费者提供身临其境的观影体验，也吸引了若干跟随者效仿我们的品牌。我们欢迎良性竞争，并鼓励消费者亲身体验IMAX带来的优越观影感受。专题策划 陈弋弋专题撰文 王玉年新浪娱乐讯 8月8日，3D电影《蓝精灵》首映礼在京举行，与《蓝精灵》一起走入观众视野的，还有一种名为DMAX的巨幕放映技术，这也是“中国巨幕”的概念首次正式面向公众和媒体公开。DMAX的推出马上在微博上引起强烈反响，有网友认为DMAX“眼镜轻，画面亮，色彩好，不闪不跳，只是票价略贵”。但也有网友直言DMAX与IMAX相比，就是中国特色的山寨货。比起“洋巨幕”，号称放映亮度高于IMAX近20%，而成本远低于IMAX放映系统的“中国巨幕”究竟质素几何，新浪娱乐独家专访了中国首家DMAX影城经理、DMAX研发牵头人以及美国IMAX公司，以及电影技术行业专家，共同探讨“中国巨幕”，到底是反垄断的国货精品还是赚快钱的山寨高仿。《蓝精灵》：DMAX中国巨幕初亮相经过《阿凡达》《变形金刚3》等几部电影的推波助澜，IMAX公司在中国得到了迅速的发展，目前已经有37块左右的银幕落户科普类影院和商业影院。虽然所有人都知道IMAX是好东西，但高额的成本使得一些中小规模影院对于引进IMAX望而却步。最早引进IMAX的北京UME影城经理刘晖介绍，整个IMAX放映系统的成本高达千万。8月8日，3D电影《蓝精灵》在北京UME影城双井店举行了首映活动。到场的媒体发现，放映《蓝精灵》的影厅门前写着大大的“DMAX”字样，与大众熟悉的IMAX洋巨幕仅差一个字母？DMAX是什么？翻阅手中的资料后，当天的观众发现DMAX有着许多吸引人的优势：银幕亮度高于IMAX近20%，这就意味着观众一直诟病的3D电影过暗的问题得到了解决？具备11.1声道音箱，这意味着现场的声音效果将更加震撼？整套放映系统成本只有IMAX的1/10，这意味着高票价将有下调空间？不仅如此，DMAX还有另一个响亮的名字——“中国巨幕”。带着诸多的好奇，当天的观众看完了整场电影。观影结束之后，新浪娱乐对一些观众进行了抽样调查，媒体人Y先生表示，DMAX的亮度确实比IMAX好，不过画面的质感还是稍逊于IMAX，不够细腻。但由于《蓝精灵》没有IMAX版本，因此无从横向比较。网友落拓枣认为，DMAX静态画面尚可，但是画面移动起来的时候，图像拖影厉害，让人觉得头晕，至于亮度问题，落拓枣觉得可能还是与影院灯泡功率是否开足有关。白先生觉得，DMAX的亮度没有像介绍所说超越IMAX银幕20%，只是差不多而已。网友小猫王则表示，DMAX的眼镜非常轻，画面十分细腻，甚至连蓝爸爸的胡子都看得很清楚，但是画面动起来时，有一些细节会变得模糊。对于这个名为“中国巨幕”的DMAX成本仅有IMAX的10%这一点，绝大多数人都觉得不可思议。北京UME影城经理刘晖介绍，DMAX影厅最大的成本主要来自放映机和银幕，这两项产品的花费在100万人民币左右。而同样来自UME影院管理公司旗下的UME华星影城，IMAX影厅的成本就超过了1000万。在北京UME影城，同样时间段的场次，普通3D电影票价80元，DMAX电影票价在90元左右，而IMAX的票价则高达140元。也就是说，DMAX比IMAX便宜40块钱，仅仅比普通3D贵10块钱。中国巨幕：初生即遭质疑为“另一个高铁”一切听起来都是那么完美。但当这个价廉物美的“中国巨幕”诞生的消息在新浪微博上开始传播后，质疑的声音立刻响起。有网友称：“任何地方都查不到这项成果的技术信息，这肯定是骗子伎俩。”“只炫耀亮度和大小，没有配套的，受行业承认的流程，没有独特的片源，就生产出一个灯泡，山寨货的特点全具备了。”“全是国外设备的拼接，没有一个是本国的，还号称自己世界领先，多像另一个高铁。”要搞清楚DMAX是什么，首先要知道我们平时观看的IMAX是什么。IMAX即Image Maximum的缩写，意为“最大影像”。是一种能够放映比传统胶片更大和更高解像度的电影放映系统。整套系统包括以IMAX规格摄制的影片拷贝、放映机、音响系统、银幕等。而DMAX则是“中国巨幕”的一种，D，指digital(数字的)，介绍中称，DMAX是一中国自主研发设计的巨幕放映系统，整合了多家公司提供的放映设备。和IMAX比起来，DMAX强调了国产品牌，造价经济，放映亮度高，片源不受限制等优点。这也引发了IMAX和DMAX之间关于专利权、产品优劣程度的诸多争议。到底DMAX是是想赚快钱的山寨货，还是反外国公司技术垄断的国货精品，多方一时众说纷纭？DMAX来势汹汹，自称“高质低价”，无疑将矛头对准了IMAX。承担DMAX系统主要研发工作的中国电影科研所所长，也是研发“中国巨幕”的核心人物杨雪培，在与新浪娱乐对话时，对DMAX这个名字并不以为然，他反复强调DMAX只是北京UME影城的商业做法，并不希望炒作DMAX的概念，“我们的目的不是和IMAX竞争，DMAX这名字只是符号，我不主张非要起‘××MAX’这种名字。我们强调的是中国自主知识产权的数字放映系统，将来别的影院巨幕系统也许还有其他的叫法。”杨雪培介绍一系列国外影院的巨幕系统，证明IMAX早已不是一支独秀，这其中就包括美国帝王(Regal)院线推出的RPX系统，AMC院线的ETX系统，喜满客(Cinemark)的XD系统，澳洲Villige院线的VMAX系统，这些都是IMAX之外的巨幕——号称拥有和IMAX相似的放映效果，却又都是各国自主的产品。杨雪培的一番解释，引出了“中国巨幕”的概念，对于网友普遍关注的问题，他也正面做出了回答。争议一：为什么没有公开技术信息？杨雪培认为，IMAX从拍摄、制作到放映，一直是胶片时代电影的神话。但进入数字放映时代之后，IMAX不再是一支独秀，“很多IT行业都发展起来了，为我们拓展数字化放映提供了非常好的基础。”杨雪培表示，电影没有数字化的时候，其他行业的数字化都发展迅速，这给电影放映数字化提供了很好的帮助，也使得IMAX的高端技术不再那么高不可攀，“电影不是一个研发基础课题，而是应用技术，能够把人家好的技术应用起来就好。”有网友认为中国巨幕虽然看上去比IMAX亮，但是能否达到宣传语所说的“比IMAX亮度高20%”，还是令人比较怀疑。DMAX的研发机构之一，中国电影科研所所长杨雪培介绍，IMAX的数字放映机技术来自科视，测出来的亮度是是30000流明，DMAX采用了巴可32B放映机双机放映，号称可以达到45000流明，也是吉尼斯世界纪录上记载的亮度最高的放映机，经过科研所测算，实际放映可以达到36000流明。所以可以肯定地说，DMAX的亮度超过了IMAX的20%。与这些验证观看效果的普通观众比起来，也有一些资深影迷关注到了DMAX的技术专利问题，网友magasa直言，“任何地方都查不到这项成果的技术信息，这肯定是骗子伎俩。”而到目前为止，全国也只有UME影城双井店大规模地对DMAX进行了宣传，这也不得不让人对“中国巨幕”的可信度产生疑问。如果DMAX真的从成本到观看效果都优于IMAX，那为何中国电影科研所从未对外公开宣布过相关讯息？为何没有申请专利？“中国巨幕”何时正式走向市场，与观众见面？为何到现在为止依旧没有足够的信息可以查询？杨雪培解释，“中国巨幕”目前已经进入了课题论证阶段，也正因为此，所以没有大张旗鼓地在网络上进行推广。“技术标准、影院建筑标准等都应该有基本的规范。”杨雪培说，“银幕亮度应该达到多少，银幕高宽比、坡度、扬声器有多少个声道……科研所正在规范放映系统的技术指标，预计在2012年正式公布。”杨雪培还强调，“中国巨幕”一定会申请专利，但专利获得批准尚需时日。对于DMAX的“低调进攻”，IMAX公司也打破沉默，在接受新浪娱乐的采访后，发来官方声明强调，“IMAX公司是市场的先锋及领导者，为消费者提供身临其境的观影体验，也吸引了若干跟随者效仿我们的品牌。我们欢迎良性竞争，并鼓励消费者亲身体验IMAX带来的优越观影感受。”而对于DMAX是否涉及侵权，IMAX公司目前没有给出答复。争议二：“中国巨幕”会降低巨幕电影放映门槛吗？IMAX作为目前最受欢迎的电影放映，对影片有极高要求。所有在IMAX放映的普通电影，都要经过一套DMR(数字原底翻版)技术的修复，IMAX公司通过数字化提高普通影片的影像和音响质量，使之适合在IMAX影院放映。经过这种技术处理后，影片的影像质量就能够达到观众期望的IMAX体验。每一年，在IMAX影厅放映的电影不过20多部，这也使得IMAX电影显得格外稀有。而“中国巨幕”号称不受片源限制，这也让许多业内人士产生怀疑，“中国巨幕DMAX”放映门槛相对较低，难免会有不适宜在巨幕上放映的电影滥竽充数。网友magasa称，“把这玩意和IMAX相提并论肯定是混淆视听，IMAX是从拍摄到后期制作到洗印到放映的一整套流程和独特技术，这个DMAX顶多是一套大功率放映设备。”相比IMAX，中国巨幕则对于放映的电影不加过多限制。普通电影画面，如果没有经过特殊的技术转换，在巨幕放映后一定会使得画面受到损失吗？这就成为了很多网友关心的话题。中国电影科研所所长杨雪培认为，这样的担心有些多余，他援引《现代电影技术》杂志2011年6月号一篇名为《IMAX的神话与数字电影时代的巨幕放映》的文章表述了自己的观点，文章称，“数字电影在全球的快速发展，2K放映系统特别是数字拷贝成本的不断降低，银幕亮度的不断提升，已使得画面完美地投射到了25米的银幕上……”文章还认为，结果横向比较《唐山大地震》和《怪物史莱克3D》两部电影在不同放映系统下的表现后发现，画面的亮度和清晰度几乎没有差别，这说明采用普通数字电影2K放映机进行巨幕放映是可以实现的，在关键技术上不存在明显的障碍。这就意味着，任何在主流影院放映的数字拷贝，都可以在“中国巨幕”上放映，这就意味着“中国巨幕”不会像IMAX一样受到片源的限制。但杨雪培也认为，能够在巨幕放映的最好还是通常意义上的“商业大片”，相对节奏较慢的文艺片并不适合在巨幕放映，“《蓝精灵》开头那一段坐着鸟飞的情节，在巨幕观看就有一种失重的感觉，像是坐太空舱一样，如果没有那么大的银幕，就没有那么明显的感觉，巨幕让电影更具备了临场感。”争议三：“中国巨幕”为何如此便宜？尽管宣传资料上称DMAX系统成本仅需IMAX的10%，但参与DMAX研发的中国电影科研所所长杨雪培还是强调，只能说“中国巨幕”成本要大幅低于IMAX，究竟便宜多少还要视情况而定。俗话说一分钱一分货，那成本动辄超过千万，票价动辄过百元的IMAX是否真有过人之处呢？杨雪培表示，IMAX拥有多项专利技术，在某种意义上还是处于垄断状态，影院要拿出相当一部分的票房收入和IMAX公司分账。此外，IMAX公司每年都要向影院收取版权许可费用，这笔费用在7万美元到10万美元不等。杨雪培甚至还认为，“IMAX影厅建设费用超过1000万人民币，个人认为有一半是IMAX品牌的价值。很多美国人都不理解，为什么你们中国有那么多IMAX影厅，我们都买不起。如果各类费用没有那么高，IMAX票价也不至于高那么多。”尽管DMAX系统在各个环节还是使用进口品牌，但最近几年，许多具备独立知识产权的放映系统配件逐渐走到了市场。杨雪培表示，国产的大功率数字疝灯灯泡，凭借物美价廉的优势，已经远销海外，“他们卖12000元，我们卖6000元，以前影院用的都是欧司朗、飞利浦这样的进口货，现在越来越多的影院开始使用国产灯泡了。”此外，国产20多米高的金属幕也已经在安徽马鞍山开始生产了，美国的公司曾专程去考察，并且准备开始从中国订货。此外，维持双机放映图像重合的图像处理器，中国也具备了自主的知识产权。这些应用都将会在“中国巨幕”中出现。部分核心产品的国产化，也是“中国巨幕”降低成本的原因。这些设备不再依赖进口，拥有独立的知识产权，也不会被外商漫天要价，一定程度上争取了主动。虽然中国放映设备的国产化逐步提高，但杨雪培承认，巨幕系统中两个非常关键的环节：放映机和服务器，还必须依赖于进口。而放映3D电影的灵魂组件——3D设备，目前绝大多数也要买老外的。DMAX刚刚面世，同IMAX比起来放弃一定程度的品牌价值，用低廉的价格来吸引影城加盟，是再好不过的办法。而将许多放映设备做叠加的方法，也颇似电脑城里的兼容机，也就是俗称的组装电脑，虽然配置不逊于品牌机，但价格显然会便宜许多。正如杨雪培所指出的，“中国巨幕价格要视情况而定”，这就与兼容机可以根据顾客要求，自由选择机能不一的电脑配件有异曲同工的感觉。争议四：DMAX到底是不是兼容机？标准的IMAX银幕尺寸在22×12.5米以上，而UME双井影城的DMAX银幕尺寸为20×12米，比标准IMAX略小。北京UME影城经理刘晖介绍，UME华星店的IMAX影厅有387个座位，而UME双井店的DMAX影厅则有360个座位，不过两个影厅面积到底分别有多大，刘晖也没有详细的数据。再来对比一下IMAX与DMAX的“配置”。长期研究影院放映技术的行业专家赵松(化名)介绍，虽然其他公司会帮助IMAX制作定制产品。比如数字芯片是与德州仪器的DLP(数字光处理)设备进行的合作，数字放映机是科视授权的，但IMAX的核心技术都是自己的，是一整套完备的放映系统，每一个环节都打上了IMAX的标签。而DMAX的设备则来自多个供应商，放映机来自比利时的巴可，银幕来自英国的哈克尼斯银幕，音响则是巴可公司的11.1声道音箱，3D设备是韩国的Masterimage。赵松总结认为，IMAX就好像是个人电脑中的品牌机，DMAX更像是个人电脑中的兼容机。这个比方非常生动，也衍生初更新的问题——巨幕系统的售后服务如何解决？IMAX公司的工作人员介绍，IMAX的放映设备如果出现程序问题，会有专人进行远程数字登录解决问题。如果是胶片和硬件设备出现问题，公司会派专人前往影院解决问题。除此之外，IMAX公司还会对客户购买的设备进行半年一次的定期检查，第一年不收费，以后需要收费。刚刚开始推广的DMAX目前尚未开始面对维修问题。但显然，在这一点上，它远远不及IMAX的一条龙服务。所有来自世界各地的产品，都需要由相应环节的供应商来做维护。放映机坏了，就要找放映机的供应商，3D系统坏了，就要找提供3D系统的公司。中国电影科研所所长杨雪培希望，“中国巨幕”将来也要有专业的维护团队，实现像IMAX那样实时在线维护，并且将各个行业技术融合到一起，“反正不能让IMAX垄断这个市场。”结语：中国巨幕来势汹汹，获得了媒体和行业内的广泛关注。但到底它与IMAX相比效果如何，由于《蓝精灵》没有IMAX版，因此还无法做直观的比较，但中国巨幕迟早要与IMAX正面交锋。在这场战役中想要获胜，光靠赚快钱的思路是肯定不能成功的。中国巨幕要想占领市场，除了要争取知识产权自主外，还有学习国外公司优秀的管理技术，专业的经营理念，以及数十年如一日的专业精神，这样才能将中国巨幕经营为“百年老店”，而非像“EVD”(一种数字光盘格式)等“中国概念”一样，成为昙花一现的商业噱头。中国电影科研所所长杨雪培认为，随着4K数字技术的不断完善，未来的数字放映将会以4K技术作为高品质的标杆，中国只要有200块4K银幕，就可以满足观众基本的观影需求。,2,9,0.9827293157577515
袁莉镂空礼服亮相红毯 名导纷纷赞好看(图)在前晚的华表奖颁奖典礼上，以《永不瞑目》中“欧阳兰兰”一角成名的袁莉(微博)，以一袭镂空礼服hold(微博)住全场，不仅让同台的章子怡(微博)成了浮云，更是在网络上引爆话题。昨天凌晨，袁莉更新微博表示：“不是我太胆大，是有些人太胆小！没什么好后悔的，试衣服时灯光太暗，但我要感谢这阴差阳错借我的勇气，也许这件衣服不是最适合我的，但能hold住这件衣服的也不多！so what！(意为‘那又如何’‘那又怎样’)”一袭透视装引发口水仗网友观点分化，鲜花与板砖齐飞支持的网友表示，“啥也不说了，中国女星中有几个能hold住这件衫的”、“其实也没啥，我们凭什么对gaga宽容却对同胞批评？”“喜欢袁莉这样的性感，大胆直爽，现在的人活得太虚伪，支持你！你很美！”“与瘦到病态、整出来的明星相比，喜欢这种自然健康丰腴的状态。”接受不了的网友则认为，凡事还是应该有个度，“这件衣服，卧室穿挺好，但一个中年妇女，硬要到大庭广众之下穿，就像裸奔世界杯一样，除了成为新闻，就是成为新闻。”网上最绝的留言是，“肖童要是看到小月成这样，永不瞑目要变成死不瞑目了。”“咦，这不是以前的芙蓉姐姐(微博)吗？哦，不是的不是的，芙蓉姐姐眼里是有霸气的。”搞笑的是正版芙蓉姐姐真的还评论了：“华表奖伤不起啊……建议以后所有的颁奖晚会由主办方统一审查礼服……”阴差阳错穿透视装，袁莉坦然说“那又如何”前晚的颁奖典礼红毯星光熠熠，但是，当袁莉以一袭黑色蕾丝斜肩礼服出现时，还是迅速成为焦点，镂空的设计，几乎让她的黑色T-back一览无遗！照片上传到微博和论坛上以后，立刻有网友惊呼：“太挑战常人观点了，和穿情趣内衣没什么分别！”“你hold住了全场！”当晚18：04分，袁莉发了一条微博：“哦，妈妈咪呀，试衣服的地方灯光没那么亮，这强光！天哪！”14分钟后，她发了一张与尔东升导演交谈的照片，照片中袁莉双手抱在胸前，文字是：“赶紧补救，忘了相机是强光！”18：50分，她又发了一条微博：“算了，已然这样，就当是天气热，凉快！”昨天凌晨2：28分，袁莉又发了一条微博，“不是我太胆大，是有些人太胆小！没什么好后悔的，试衣服时灯光太暗，但我要感谢这阴差阳错借我的勇气，也许这件衣服不是最适合我的，但能hold住这件衣服的也不多！so，what！”到昨天下午，这条微博被转发近3万次，评论近2万条。透视装吸睛效果惊人，名导纷纷鼓掌袁莉的这身装扮，让同样以黑色镂空设计礼服出席这场颁奖礼的章子怡顿时成了浮云。如果她的目的是吸引眼球，效果确实达到了。有网友留言表示，“衣不惊人誓不休。再过若干年，你不会记得谁得过什么奖，但会记住，那一年，袁莉穿得很空前。”著名导演何平(微博)发微博表示：“一个人，穿了一件衣服，走在一条特别的路上，只因为好看，凉爽。不需要评委青睐，也不必接受各级审查与恩准，超过今晚所有独占头条。【鼓掌】”欧阳奋强(微博)也发微博支持：“国外的每次红地毯，都有影星打扮抢眼，然后就说：你看人家国外的颁奖礼多好、多开放，那才是真正的走红地毯。袁莉一身蕾丝半透视打扮，看见有些人讽刺挖苦，这个我就不理解了：袁莉为什么不能这样打扮？她的打扮至少我看来是可以接受的。不要用双重标准对待她。”设计师喊都好看都好看这身礼服究竟是时尚还是“肉搏出位”？礼服的设计师叶明子(叶剑英孙女)昨天也现身微博表示：“本来我的设计是有衬裙的只有@Real袁莉 姐姐你能穿出怎么大胆的Version! Your too sexy for my eyes! Too sexy for my eyes!”她还在微博上贴了一张自己身着同一款礼服、但是下半身有内衬的照片，“不同的人穿出不同的感觉，我觉得都好看。” 文/记者 何娅,2,6,0.5514759421348572
《与时尚同居》首发喜剧版片花 周渝民萌感闪舞《与时尚同居》周渝民领衔“搞笑六人组”《与时尚同居》讲述了某杂志副主编周小辉(周渝民饰)，才华横溢却因太过张扬遭受上司(谭咏麟饰)忌讳，被耍手段解雇后，周小辉召集了一帮全被失败附体的衰人，组成了一个看似乌合之众的新团队，在屡遭啼笑皆非、阴差阳错的乌龙失败之后，他们最终实现了各自的梦想……在此次曝光的片花中，周渝民化身一个“一谈钱就开始谈理想”的落魄精英男，他所领衔的乌龙团队也浮出了水面：一个爱吃猪肉大葱包子、“在穿裙子和死之间，我选择死”的素颜干物女徐若?，一个以拍摄时尚大片为梦想的农村土鳖摄影师王太利(微博)，一个操着山西方言叫卖的煤矿主富二代乔任梁，还有从举止到言行一娘到底的肖央(微博)，看似有点神经质的独断男魔头谭咏麟，众主演以幽默搞笑的言行一一亮相，让影片的喜剧真容初现端倪。导演尹丽川表示，《与时尚同居》不仅有让观众感动的故事，更重要的是起到职场减压作用，“现代白领工作压力太大，常处在为了现实必须放弃理想的尴尬位置。《与时尚同居》中的时尚只是外表，最关键(微博)的是告诉每一个人，只要有一个快乐的心态都可以为自己的梦想去奋斗。”忧郁王子超萌闪舞 喜剧元素打动周渝民一直以来，周渝民都是以一个沉默寡言的忧郁王子形象出现在观众的面前，而在《与时尚同居》中，他所饰演的周小辉不仅在语言上是个话唠毒舌男，更是屡屡上演搞笑之举。在此次曝光的片花中，他就率领着自己的乌龙团队，与众多路人在街头来了一段搞笑闪舞，喜感十足的场景也让观众看到了他的超萌一面。“这是我第一次饰演这样的角色，也是第一次在大庭广众之下跳舞，非常有意思，”周渝民透露，以前他都是拍比较悲情的戏，角色的情绪、情感太重，压得他喘不过气来，因此一直想遇到一个比较励志、欢乐的电影，“周小辉一路走来，先是模仿谭咏麟刻意成为小魔头，接着又因惨被解雇转变成毒舌男斗志男的过程很让人开心，而片中讲述的职场中被人欺压，然后又去欺压人的生物链也让人感同身受，观众看了很解气，我演完也发泄了许多负面心情。”,2,6,0.8255643248558044
孔子动画亮相纽约广场 携现代山东老乡作揖问好据新华社今晨消息，中国历史上广为人知的先贤孔子的行教画像10月1日以全新的“作揖行礼”的动画形式亮相“世界的十字路口”美国纽约时报广场，将中国人自信大方的谦谦君子之风传递给世界。   ●形象短片孔子携现代人作揖  传达“仁”与“和”这个长度为30秒的短片用富有感染力的水墨画描绘孔子形象，以孔子标准的“作揖行礼”动作贯穿整个短片。片中孔子两手相交，手心向上放在胸前，身子向前略倾，表现出谦恭礼让。短片于10月1日在位于时报广场2号楼、由新华社租赁的238平方米户外液晶显示屏上播出。每年有近一亿人有机会一睹孔子及其故乡的风采。片中选择了不同年龄、不同性别的山东人，以孔庙大成殿、泰山、黄河及青岛海滨等场景为背景行作揖礼，片尾处则是孔子带领这些现代山东“老乡”全家福似的一揖。动画版的孔子形象创意来自唐代吴道子的《先师孔子行教图》。孔子作揖，传达的是中国传统文化中“仁”与“和”的精神，而现代人的作揖则是对这两种精神的传承。近年来，随着儒家文化的复兴，世界对孔子思想的认同感日渐加深。截至今年5月，全世界已有100多个国家和地区建立了300多所孔子学院和400多个孔子课堂。●市民反应“真想亲自去孔子老家看看”纽约市民勒迈尔在时报广场上看到孔子的画面，觉得非常新奇，他说没想到自己在课本里学到过的几千年前的中国圣人会出现在时报广场大屏幕上。“这说明古老的东方文化在今天依然具有影响力，而且是可以跨越国界、互相借鉴的。真想亲自去孔子的老家山东看一看。”他笑着告诉记者。●专家解读象征中国国力上升美国佩斯大学孔子学院副院长周燕玉表示，9月28日是孔子诞辰2562周年，10月1日是中华人民共和国成立62周年。孔子形象在这个时间段亮相时报广场特别有意义，不仅向世界展示了中国的古老文化，也象征着中国国力的日益上升。“儒家思想所倡导的仁者爱人、天下一家的思想在当今全球经济不景气、地区冲突不断的背景下显得格外重要。”她说。整理/记者 程磊,2,5,0.59221351146698
郑裕玲与周润发早年激情床戏曝光(组图)回首郑裕玲的爱情故事，其实在多年来，香港媒体报道得最多的并不是甘国亮跟吕方，而是周润发。周润发和郑裕玲一直被视为“无线”最受欢迎的情侣档。当年，很多观众都希望郑裕玲与周润发能发展成为真正的情侣。,2,3,0.9813122153282166
1500套《梅兰芳》服装件件都是戏(组图)推开第二道门，白衣如雪的梅兰芳正在画眉更衣。他有些心不在焉，因为他心里有一个女子———那个女子简单地留着短发，旗袍没有装饰。她是孟小冬。他们相遇相爱，然后别离。造型师陈同勋觉得只有白色能代表梅兰芳的气度，而得不到爱情的孟小冬旗袍的颜色都偏冷色调。“我要一个‘老’字了得。”这是陈凯歌对《梅兰芳》造型的指示。很简单，却也很难办。造型师陈同勋曾经跟陈凯歌合作过《无极》，他发现这是两个完全不同的活，“《无极》可以天马行空，但《梅兰芳》却要在最小的余地里做出最好的东西”。最后，他帮《梅兰芳》做了1500套衣服，连群众演员的衣服都是手工做的，全剧组光试装就试了半年。【角色造型】●梅兰芳 技巧：拉长“余少群和黎明的身材都比梅大师本人高大，但戏服穿着就好像度身定做，这事太神了，我至今想不通。”熟悉孟小冬的人毕竟不多，但梅兰芳家喻户晓，因此黎明的造型师是最难做的。好在黎明本身成名的时间很长，骨子里已经是个明星，这让他跟梅兰芳在骨髓里有极其相似的地方。我要做的，只是让他显得更内敛，更文静。他的衣服在裁剪方面都非常合身，而且要拉长，让他显得更修长，以加强旦角那种文弱的感觉。梅兰芳的衣服总共做了40套，黎明穿得最多。除了体现梅兰芳的风采，我还要做到一点———让他跟孟小冬在一起的时候有那种天衣无缝的和谐感。长衫最小的梅兰芳是于小彤扮演的，他也是新版《红楼梦》里少年贾宝玉的扮演者。他演的梅兰芳才13岁，处在清末，因此留着小辫子。这个孩子基本不用化妆，就是体现他的单纯，晶莹剔透。一笑，就透着一股无邪。这个阶段，他是穿长衫的。在余少群和黎明的阶段，他们的衣服就有了变化。同样穿长衫，早期下面打的是绑腿，穿的是布鞋，到后期就改为长衫内套着西裤，穿皮鞋。西装 梅兰芳的中年时期，他开始大量地穿西装。我找了一个老师傅，让他完全按当时的西装重现，这人原来在英国当过裁缝，做出来的西装很有绅士味道。梅兰芳在纽约大街演出的时候，有两套衣服——一件灰色偏暖调的西装，还有燕尾服。演出后，他有长达九次的谢幕——先是穿花旦戏装，后来换上燕尾服，最后换上中式长袍。每换一次，都是惊艳。戏服戏里，梅兰芳在舞台上唱戏的镜头，穿的都是梅大师本人当年的行头，总共有9套。有些行头，连梅葆玖都没上过身。有一套他唱《黛玉葬花》的，是梅兰芳早年穿过的，见过这件衣服的人如今都不在了。这衣服没有洗过，气息还在。有件事情很有意思。余少群和黎明的身材都比梅大师要高，尤其是黎明，肩膀很宽。但是，梅大师的戏服，余少群穿着特合身，就像专门给他定做的。黎明穿着，同样没觉得衣服小。这事太神了，我至今想不通。,2,6,0.5083222389221191
王家卫获聘香港公开大学荣誉教授(组图),2,5,0.8759215474128723
刘若英单身也很快乐 称拍戏原则三点不露(组图)明星在拍摄杂志前大都会过问服装事宜，但极少有人像刘若英一样格外仔细。她挑剔的并非品牌、流行元素，而是款式要完全忠实于自己。明星在镜头前，不都是要铆足劲儿扮演“巨星”的吗？她不！她把婀娜高贵的曳地晚礼扒拉到一旁，拉出了宽松明快的田园风连衣裙；又把夸张的烫金套装撇下，套起简洁清爽的裸色洋装；对于最正式的封面，她的选择更绝妙，上半身西装笔挺，下半身裙装可爱。若你心思够细腻，便会发现这些时装正在解构那个最真实的刘若英，在温柔婉约的外表背后，泛着一点儿男孩气的率真，混合了一点儿小女孩的倔强俏皮。也许，正是这种难得的本真，让她不用“假装”，便能散发出迷人的光彩。面前的刘若英，和她在《全城热恋》的海报上予人的感觉一样，清清淡淡的，柔和而温暖。她穿着一双夹脚拖鞋，软软地坐在沙发上，双手捧着一杯拿铁，一把声线细细糯糯：“刚才拍照，一直穿高跟鞋，很累啊。”我觉得张学友很帅《全城热恋》是分段式的结构，每个人的戏份儿都不算很重，刘若英只拍了一个星期。她是全片第一个出场的明星，在电影中，她和张学友谈了一场纠结又甜蜜的恋爱。“我拿到的是整个电影的剧本，给我看的时候，是让我演另外一段的。那一段我觉得也不错，但是我又很喜欢这一段，我就一直在考虑。他让我选的那段，跟大家印象中的我比较雷同。我想要这段，首先我喜欢这个故事，对手又是张学友，反正最后我就是演了这一段啦。”问她，是徐若?那一段吗？马上笑哈哈地打起了太极：“我不知道，我不能说，其实是Angelababy那一段。”记者会意地一笑，她接着笑起来了：“你听出来啦，没有被蒙到，有人听到了就会问真的吗？那你年纪会不会太大了，我听到就扁嘴，说其实我是那一段的妈妈啦。”这是刘若英式的冷幽默。电影中其他的故事里，男主角有大帅哥吴彦祖和谢霆锋，可是她偏偏喜欢张学友。“我觉得张学友很帅，非常男人。谢霆锋和吴彦祖当然也很帅，应该以后有合适的剧本可以合作。”“和张学友沟通很好，他很照顾我。他是一个很专业的演员，非常即兴，当你的台词换了一个说法，他就会给你一个很不一样的反应。甚至有时候是他主动给我一些新鲜的东西，这个对演员来讲，是一件很具有挑战性的事情。”她从来就不是倾国倾城的大美女，但是当她又圆又黑的眸子亮晶晶地盯着你看的时候，又会情不自禁的被她吸引。很多人走进电影院去看《全城热恋》，恐怕都是因为她眼神中透露出的祥和宁静。感情好的话，天天都是情人节今年恰巧农历大年初一和情人节是同一天，所以《全城热恋》的上映显得很应景。“电影什么时候上映是电影公司决定的，就当是很好的一个纪念吧。”那么刘若英自己情人节的时候，会特别去看爱情电影吗？“我要是说我不看，那人家就都不去看我们的电影了。”“我对于节日非常不敏感，我交的每个朋友都不记得他们的生日。我的家庭很有趣，我的祖母你不用记得她的生日，一个月前她就会提醒你，我爸的生日我妈会暗示我，我妈的生日我爸又会暗示我，我自己也不过生日，从来也不过。我的朋友也会抱怨我不记得他们的生日，那我的说法就是，我也从来没有要求你要记得我的生日。”“同样的，感情好的话，天天都是情人节。要是感情不好的话，节日反而让你更孤独。你会想，现在在吵架后天就是情人节了，那到底该怎么办？”这些道理，她一早就知道。“我曾经在我的书里写过：节日是让幸福的人更幸福，孤独的人更孤独。我觉得电影好看最重要，什么时候上映顺其自然。”同样的，她对于外界评论难免会比较电影中的几位女主角，看得很开。“如果这个戏，大家都是穿同样的衣服，演同一段戏，我觉得就可以比，大家都演不同的角色，怎么比呢？你怎么知道我不能演Angelababy的角色，或者徐若?演大S那段会怎么样？我觉得每个角色都有自己的特性，只能说，我在演我自己这个角色的时候，能不能让大家感动。”如果我身材那么好，《色·戒》我就敢演一直以来，刘若英在电影里的恋爱，都很残酷。“因为大家喜欢看着我被肢解，大家能记得的都是我被肢解。最终是观众肢解了我，不是导演，观众喜欢，所以导演会去这么做。”“没演过的，我都想演。最近有个剧本，两个角色让我选。一个是站出来大家一定会喜欢的，贤妻良母，另外一个是比较叛逆的。我就说我想演那个叛逆的，导演很好玩，他让你选角色，但是你选了之后，他又打电话来说服你，说我还是觉得你适合那个贤妻良母。”这些，刘若英很明白。“演员只有被决定之后，才能主动。我这样的演员是被动的，因为我从来没有主动去争取角色。”“演员的角色就是要让别人看到你不同的面相，这样不同的角色才会来找你，否则来找我的，都是文艺或者贤妻良母，那就没突破了。”那如果“突破”成《色·戒》里的汤唯，能够接受吗？“要身材是那样，我也愿意。我从进这行就有一条准则就是三点不露，答应我未来老公的。虽然不知道我会嫁给谁，但是万一以后我有很爱的人，他又很在意这些，那不是很矛盾。演戏很重要，但不是全部，演戏来源于生活。”所有的导演都那么喜欢她，《全城热恋》里，徐若?穿的都是LV，可是给刘若英的却是50块港币的路边摊货。她和经纪人私下聊天，经纪人说，我妈都不会穿这样的衣服。她转头一想，这个角色本身就是这样的，于是坦然接受。可是穿得如此朴素，刘若英在镜头前依然不减清丽。还没有到做导演的时候众所周知，刘若英是张艾嘉的得意门生，当年张艾嘉力排众议启用她来出演《少女小渔》，让她一举成名，并且摘得亚太影后的荣誉。于是很多人觉得顺理成章，刘若英走到今时今日，应该沿着张艾嘉走过的路走下去，去做导演——如她自己所说，演员是被动的，当了导演，总能掌握主动权了吧。“回想10年前，我们很少有演员被问你想不想做导演。这10年来很多演员不论他演得好不好，都想去做导演，所以几乎所有的演员都会被问到这个问题。我觉得自己还没有成熟到可以做导演，一个演员只要演好一个角色，但是一个导演要演好所有的角色。”“写书写文章，是非常自由的，我今天写了北极、南极的两个人谈恋爱，就是写了，做一些资料搜集就可以了。但是你要拍的话，就要克服很多东西，而且我认为导演不但要有才气，还要有一种掌控的力量，因为他要带着一帮不同世界的人往同一个方向努力。一个导演的功力不仅是他能不能说故事，更多的是驾驭和领导的能力。”“我身边有两种人，其中一种就是非常有才气、智慧、想法和地位的，比如张艾嘉、陈升，他们很棒，但是也没觉得我要变成他们。”她23岁才出道，算晚的，但是出道晚有出道晚的好处。“身心健全的时候，才能够面对不同的环境和挑战。人会经历很多不同的阶段，每个阶段都会遇到不同的瓶颈，你都要突破。有些偶像往往就过不去，观众会觉得他老了，我就很想问观众，你都老了，凭什么他不能老？”我到底哪里文艺了？刘若英一直被标签上“文艺”二字，她自己颇有些不忿。“我下次一定要做个专题，请所有说我文艺的人都来聊聊，你们到底觉得我哪里文艺？每一次别人说我很文艺的时候，我就会想，除了文艺我还有什么？我很害怕这一块儿没有的时候，我会没有别的东西可以提供给大家。”文艺是一种气质，一种爱好。比如刚刚去世的塞林格，问刘若英喜不喜欢看他的书，答案是：“不——喜——欢！其实没有啦！”身旁的经纪人问塞林格是谁，她赶快解释：“就是《麦田守望者》的作者啊！”“如果从这个角度上来说，可能我是挺文艺的吧。可是我还是希望未来的路，能够让大家看到不同的我。”良辰美景奈何天相信刘若英的每一个采访都会被问到，你急着结婚吗？结婚狂的角色太过深入人心。眼下，她的师妹李心洁即将大婚。“很替心洁开心。其实她比我早出道，只是你们认识她的时候已经认识我了。她14岁的时候，就在马来西亚被张艾嘉发现了，然后带到台湾呆了几年之后才去的香港。心洁那么早出道，她到现在还纯真得跟个孩子一样，她一笑，我觉得阳光都出来了。”师妹都嫁了，师姐急吗？“要是看谁结婚都很急的话，25岁我就嫁了。”好女不愁嫁，但是总有年限的，很多人不怕嫁不掉，但是怕成为高龄产妇。“昨天我一个朋友还在说这个问题。我是不怕的，我喜欢小孩，但是我不见得非要小孩。小孩的爸爸是很重要的，所以我要先好好找一个伴。”单身也很快乐，刘若英一直是这样。“昨天我们四个女生在一起，大S看见我就问我怎么保养的。其实我平时真的不怎么保养，但是我的生活很健康。我也有些坏习惯，比如我很喜欢吃辣的，恨不得顿顿都有辣椒油，偶尔也会喝酒，也会喝醉，喝醉之后就睡着。可是我平时基本的生活是正常的，比如早睡早起、运动和泡澡，还有保持一个快乐的心情。”她早晨七八点起床，是张艾嘉起床后唯一可以打电话找到的人。“张姐更早，她五点就起了。”她不爱名牌，爱高跟鞋，买了满满一柜子，可是平时不穿，只有工作的时候才会拿出来。“我有名牌的衣服，但是我不是为了那个牌子而买，的确有些名牌的设计和质料是很讲究的。我都是用别人的VIP卡，生活中就是很随意的，连妆都不化。”《全城热恋》鼓动着大家去爱吧，刘若英的随遇而安却让人清晰地意识到，更重要的是勇敢做自己。孤单也好，寂寞也罢，关键是，要去享受自己这场独角戏。执行/祁首杨 摄影/栗子 采访/金? 发型/Samlo co4 orient4.com 化妆/梵 助理/仲峤《精品购物指南》封面服装提供/Bottega Veneta、Chanel 《Life Style》封面服装提供/Louis Vuitton、Chanel,2,6,0.8668269515037537
《变形金刚2》选择美国空军“埋骨场”为拍摄地Comingsoon的新消息称，《变形金刚2》又选定美国亚利桑那州的空军“埋骨场”(The Boneyard)作为一处拍摄地。美国空军“埋骨场”(The Boneyard)，全称为AMARC(航空维护与重建中心)，位于美国亚利桑那州南部城市图森(Tucson)，环绕于桑塔卡他里那山脉(Santa Catalina)之中，覆盖2600英亩面积，由美国空军物质指挥部掌管与整备其存放的各种航空设施。通常被俗称为“埋骨场”，是因为AMARC还承担着飞行器剩余零件的回收与使用过期机身最后处理的工作，另外从高空俯瞰这片辽阔庞大的航空设施储备场，极像尸骨遍野的战场，由此得名。目前AMARC储存了大约4200架航天飞机与许多其他种类的军用装备，它不单可以价值有效地节减税收，还可以在短时间内调度大量存放中的飞机-对停放在这里的战机采取防腐蚀与预先保存的措施，使其能在储存期间保持稳定的状态。另外，来自《空军时报》的消息，标题为“想在下一部《变形金刚》里上镜吗？”美国空军正在招募飞行员充当明年《变形金刚2》的临时演员，制片方想尽可能多地使用服役人员，并组成两队人马，分别定于今年6月2-4日、7月22-25日与7月16-17日、23日、8月22日、9月15-16日到洛杉矶参加拍摄，志愿者们必须熟悉武器与地面战斗操作，拍摄期间住宿饮食乘车费用由制片方报销。,2,8,0.9592380523681641
"伊力诺依缔造传统 首度重推家居中国风11月初，由伊力诺依董事长史晓燕亲自操刀设计的伊力诺依东四环店已重装营业，在这家以打造 “最酷门店”为目标的全新旗舰店中，伊力诺依和史晓燕以许多令人意想不到的创举发布了9种最新生活方式宣言。而尤其瞩目的是，一直以时尚和年轻作为品牌形象的伊力诺依此次首次重度推出“中国风”系列，这不仅意味着伊力诺依将面对更多消费者，也表达了伊力诺依希望把中国风加入诸多时尚元素,打造更年轻更时髦的中国风。这次发布的9大生活方式，除了“中国风” ，还有异域风情、低调奢华、南非情节、好莱坞、绿色革命、玩乐主义、乡村格调、欧洲情节，可以说全面覆盖现代都市人的生活。中国风，已成世界流行元素最近几年，不仅仅中国品牌会融入中国元素，也不仅仅是来中国寻求市场的国际品牌会加入中国元素，就是流行趋势风向标的四大时装周，也会经常遭遇中国风，织锦刺绣、写意泼墨、云龙图腾、青花瓷……近年来，在纽约、伦敦、巴黎、米兰四大国际时装周上，这些极具中国民族特色的元素频频出现在Valentino、Dior、Kenzo、Prada等国际顶尖服装品牌中，即使像卡尔•拉格菲尔德这样的一线设计师，也会加入中国元素。中国风可以说已经是世界时尚舞台的一大潮流，无论是时装，IT潮流产品，还是家居产品，你只要细心观察，都会发现中国元素，只是，和前些年不一样的是，中国风运用地已经更加纯熟，许多时尚品牌，将中国风讲述地含蓄而国际化，不再是一些中国图腾和中国工艺的简单运用。伊力诺依重新谱写家具中国风这次伊力诺依重磅推出的生活方式“中国风”， 不仅展现给我们以前所熟悉的中国风，也将重新谱写中国风的家具风格。“中国风”生活方式不仅完美地还原中国传统文化的神韵，也将在产品上突破简单的中国元素堆砌，而给注重家具产品的韵味和整体的现代感。这个生活方式包含系列“荷塘月色、书香门第、禅之悟语”三大系列，讲求传统、儒雅、平和、安静、修身养性的神韵。比如“荷塘月色”这个系列，呈现的是静谧和悠闲的生活情调，产品以素雅的色彩，和一些悠然自得的中国图案，仿佛回到那个士大夫独善其身的时代，这也是对现代忙碌生活的一种求解，这个系列的家具寻求给现代紧张生活的一种放松感。而在“书香门第”这个系列中，则突出古色古香和儒雅风范。中式的实木或者红木家具，精彩的玄关使用，中式感觉的沙发，郁郁葱葱的植物，精致的银色和黑色的使用，繁琐而细致的雕刻，以及一些充满东方神韵的家居小摆设，讲求每一个细节，让你梦回到古代士大夫讲究而又充满东方品位的生活方式中去。另外，还有一个系列叫“禅之悟语”，这个系列将大量使用红色和黑色，伊力诺依推出的“禅之悟语”可以说是一种新古典家具，在这个系列中，材质以胡桃木、榉木居多，有的桌面再辅以玻璃、石材等材质的搭配。“禅之悟语”游走于传统与时尚之间，摆脱古式家具硬梆不适的坐垫设计，融合东方味、现代感与气派大方于一身，勾勒出的居家场景正是现代人寻求心灵宁适的一帖良药。除了以上三个系列，这次的中国风还适当加入中国人喜庆的元素，所以在颜色上，除了银色和黑色，还加入了代表喜庆和中国传统的红色。中国风：总有一种生活方式叫传统当对流行的追逐沉寂下来之后，传统的、历史的元素加入现代情节之后，依然是一种璀璨的时尚。这也是为什么人们总是在一段时间追求流光溢彩、不断更新的流行趋势之后，会最终选择一种更加平静更加自我也更加含蓄的时尚符号。伊力诺依推出的这个生活方式，定位于文人、学者、画家、海龟、部分在中国居住的外籍人士、崇尚中国传统文化的人士等。伊力诺依此次推出的“中国风”生活方式，不拘一格，追求一种浮华世界匆忙之下的宁静，也追求一种更加国际化的中国风。中国有5000年的文化和历史，讲求一直悠然自得，修身养性的生活理念，琴棋书画、古色古香，东方情调。所以，这个具有创新和现代感国际感的中国风系列也将吸引更多的消费者爱上中国风。",3,6,0.842868983745575
"低碳成焦点 欧博诺倡导室内气候解决方案在日前刚刚开幕的丹麦首都哥本哈根联合国气候变化大会上，来自46个国家的192位政要携手呼吁采取果断措施应对全球气候变化问题，建立一个有强制约束力的公约，共同倡导低碳经济。作为国际领先的绿色室内气候解决方案的领导者，欧博诺始终把节能减排、开发领先的环保产品作为公司价值理念，并已成为众多知名国际地产项目在节能环保、减少碳排放方面的战略合作伙伴。其舒适、环保、节能、健康的专业室内辐射采暖和制冷系统依靠智能的水循环系统来分室调节温度，可以大大降低建筑物因主要依靠电力方式调节温度而产生的能源损耗，从而很大程度上缩减了碳排放量，并对人体健康更为有益。业务遍及100多个国家的欧博诺致力为全球民用和商用建筑提供国际领先的水暖和室内气候解决方案，为众多知名的国际建筑提供舒适、环保、节能和健康的专业室内辐射采暖和制冷系统，包括2009年度获全球最佳写字楼奖的德国科隆地标建筑Kranhaus、欧洲最大的购物中心Dolce Vita Tejo和世界最现代化的挪威新奥斯陆歌剧院。在中国，欧博诺的国际领先水暖和室内气候解决方案同样被重量级建筑采用，其中包括上海顶级豪宅世茂佘山庄园别墅、顶级豪宅檀宫别墅和上海喜来登豪达太平洋饭店等项目。欧博诺水供热制冷综合系统2009年戛纳国际房地产业博览会一等奖作品——德国科隆地标建筑Kranhaus是一幢结构超级复杂的建筑，欧博诺为该建筑配备了综合的水循环供热和制冷系统，该系统基于其混凝土结构的热激发性，即使在较长的炎热气候中，也能有效的防止大厦全玻璃墙结构给办公区域带来人体不舒适的温度波动。欧博诺开发的整套系统都处在隐蔽状态且不占用室内空间，并且还能有效的保持室内舒适温度而不会引起空气的干燥。该项目位于德国的第四大的城市科隆，它被评选为2009年度世界最佳写字楼项目。 它拥有充满活力的外观形状，已经成为德国科隆的一个标志性建筑。欧博诺辐射式冷却技术2009年5月开业的Dolce Vita Tejo是欧洲最大的购物中心，欧博诺为这个423,000平方米，可容纳300家店铺和9000个停车位的购物中心提供了符合可持续发展标准的室内气候解决方案。屋顶采用可主动利用自然光的材料，而和阳光的加温效应将通过欧博诺的节能型地板下辐射式冷却来进行补偿。因此，在人们移动的空间内将维持摄氏19-20度的适宜温度。欧博诺在上世纪九十年代中期就开发了辐射式冷却技术，全世界对这一新的节能科技的兴趣与日俱增。欧博诺辐射供热系统欧博诺为世界最现代化的歌剧院新奥斯陆歌剧院安装了一整套融合进入水泥地面的辐射供热系统。歌剧院位于挪威首都奥斯陆的Bjorvika港，2008年10月该建筑在巴塞罗那的世界建筑节上被授予年度文化建筑的称号。由于此建筑的工作特性，其通风技术被设定严格的标准，安装于建筑物之下的标准化欧博诺通风管道不仅节约了室内空间，而且安装快速，节约成本，这也是欧洲同类系统中唯一的标准化可地下安装的塑料通风系统。欧博诺先进的辐射采暖和制冷解决方案使客户获得了最高的舒适度，并且高效节能，最大化地利用可再生能源。无论是采暖和制冷，欧博诺都为客户提供一整套完整匹配的管道系统，专业的系统融合了塑料管道和复合管道系统的所有前沿技术，还配备了最先进的智能控制系统解决方案，并提供配套完备的分集水器和多种安装配件。关于欧博诺欧博诺是为民用建筑和商用建筑提供水暖和室内气候解决方案的国际领先企业。它提供的解决方案在人们的生活中起着重要的作用，给人们的生活，工作和休闲创造舒适的环境。 在北欧国家， 欧博诺也是一个杰出的市政工程管道供应商。公司的主要业务领域遍及100多个国家。 欧博诺全球在27个国家约3500名员工同其它建筑行业的专业人士 ? 设计师，策划者，安装人员等紧密的合作。欧博诺的目标是创造更佳人居环境。 欧博诺公司在芬兰赫尔辛基纳斯达克OMX上市。",3,4,0.885210394859314
"依诺维绅杨建伟：感慨10年发展与未来规划杨总：各位老朋友，还有很多我们认识很久的朋友，还有来自媒体的朋友大家下午好，谢谢大家这么炎热的天来到北京，来到我们公司，我感到非常高兴，今天也是一个非常特别的日子，大家早上听说有日全食，不知道有多少人看到了，我刚刚在电视上看到的。 另外,今天对于我们公司，是庆祝中国成立十周年和大家一起进行一个新系列产品的开幕会的日子，去年代表设计师讲了一下，今年派我来了，希望大家捧场。今天我跟大家聊一下我们08年产品销售总结，我会分两个产品系列，第一是我们大家所说的去年的产品，第二个是09年新的产品的系列，这两个系列进行交流之后，我会跟大家聊一下我们下一个五年，依诺维绅中国发展计划。08年大家都知道，依诺维绅的产品，说实在话我们现在的产品会觉得很杂，08年我们有一些成功的地方，也有失败的地方，我们推出了一些传统的产品。08年我们补充的是棉垫的产品系列，在中国目前还是比较时髦的，我们的产品能够明显递增的就是ISTYLE系列，还有去年超强超厚的产品，目前得到市场的认可，并且开始销售。下面我们怎么去走，这是我们09年，包括现在09年中间，2010年马上就来了，另外金融危机，全球都有一定的影响，大家的心态都有一定的变化，美国市场刚从这个月开始走向稳定，我也希望美国的市场可以回暖，毕竟说我们中国的经济和美国的经济捆绑在一起的。回顾一下我们依诺维绅的发展历史，在座的很多人对我们十年发展历程都非常的了解，我们把我们的产品如果按照功能，我们依诺维绅是强调做功能，我们总结为四代产品，大家都知道，这个LOGO，我估计有十年的经销商，这就是十年前在中国我们做市场推广时候做的LOGO-THE NATUAL CHOICE，最早的是棉垫系列，1999年的年初进入中国销售，大家看到这款产品应该非常熟悉，这款产品是1978年设计的，到现在还是非常畅销的产品，进行工艺非常的简单。图为LOGO-THE NATUAL CHOICE    第二个产品大家知道欧姆沙发，这两款产品到现在到处都是，原创都来自于依诺维绅，后来到迷你沙发，如果把这个总结的话，这是我们第一代功能产品，当时卖的就是简单的沙发床，只不过产品质量和设计上有所突破而已。    生在中国必须适应中国的国情，我们以前一直用的是依诺维绅的英国的商标，但是在国际市场上必须适合国情。这是大家了解的产品，我们的设计师在餐巾纸上画了这个产品，这就诞生了纸沙发，这是全球工艺的创新，包括斯莱沙发，还有舒派沙发，这三个功能是第二代产品典型的代表，但是舒适性上明显提高。    第三代产品我们是基本往更高端走的，第三代产品增加了功能，开始进入了客厅产品，大家知道我们05年在798拍了一些产品目录，刚开始的时候市场是不错的，但是今天回头总结的话，我们发现当时的产品背离我们公司的强项，所以我们今天最终选择放弃了这个产品。    针对客厅研发的就是欧斯沙发，卡斯这样的，基本是初期的功能沙发，可以进入客厅的演变，还有我们今年初的科博，还有斯利带有扶手的沙发，这是我们第三代带有功能的产品。    第四代产品是功能客厅和休闲客厅，因为做了多少年依诺维绅的沙发，我们说消费者买依诺维绅的产品，下面是客厅和卧室。而我们第四代产品争做第一选择，还有我们出了第四代功能产品，这个是休闲斯浪，进身非常大。图为功能客厅和休闲客厅    还有超舒适的比特，比特的销售在明显的上升，而且舒适度非常高，他的销售面积目前很高，还有我们说的朗格等等，这些沙发由于价格比较贵，在消费者接触的初期是比较难的，但是我们从市场的收入和反馈，目前第四代功能性的产品，已经开始得到市场的认可，因为你掏一二三的价格，买的产品是一样的，这是我们依诺维绅的目标，这个目标需要慢慢的实现。    还有浪合这款产品，我们做的是品牌的设计，这个产品在丹麦的家居品种里面功能上是超前的。还有新动感系列，这是2001年的产品改型的。    第四代新功能产品出来大家发现，像这款艾维特，功能的展示和方式和以前都是不一样的，像艾维特，莫泰，这些沙发都是标准的沙发，也展示出了沙发床，并且舒适性非常高。这款产品有90和1.4米的，90厘米的不占用书房的空间。    09年到2010年的BOHEMIAN系列，也是我们目前销售的主题，我们也想把沙发床这个系列做大做强，第二个做的是延伸我们的产品强项，这个需要很长的时间奋斗，也需要市场的认可。    另外我们今年在这个系列产品当中做了比较大的改变，增加了不同的产品选择，不同的价位，这类型的也比较多，增加了我们产品系列的竞争能力，第二个是去年大家知道我们的客厅销售最多的面料是花纹面料，今年我们在花纹面料上做了很大的工作，我们大家看到我们的报纸上有设计师写的话，我们感觉非常的吃惊，所以我们今年开发的面料比较多，根据我们功能客厅开发的做了很多的小产品推介，还有细化我们的消费要求。    关于 BOHEMIAN新面料，我们开发了丝绸、亚麻，还有纯毛料，还有真皮，以前做过很成功下面我们会做真毛料和真皮，陆续的产品开发有一个前提，每年都受限的，我们的新产品会陆续的推出，像以前受制于一年开发期限。这些面料都是设计师通过中国的文化灵感做的，我不知道大家对这款面料认识不认识，这个看到我们评估中国最传统的纹路，而且有新增的花纹。这款面料同样是餐厅里面很简单的，比较传统的中文的纹路，但是现在目前我不知道市场的反映如何，但是都是通过中国人的喜好和消费者的喜好研发制作的。新的不同的产品，大家看到的是功能客厅开发的，包括单人的沙发，还有比特单人沙发，舒适性都非常好。还有浪合单人沙发，这部分都是消费者有不同的需求，需要单人的产品。今年的茶几做了相当一部分，我们今年开发的茶几前后开发了四十款左右，但是最终选出来的实在太少了，做产品研发真的非常非常累，这款产品只是一个小茶几，大概50厘米，玻璃面也有几种选择，这是一个双层的，这是80的茶几，这是一个96的，基本上1米直径的双层的茶几。    BOHEMIAN今年的市场推广，我们引用一句话，在市场推广方面，有时候我们说不愿意做和别人一样的事情，所以我们今年会有一些创新，但是不知道市场会不会接受，今年我们选择报纸印刷，我们也是第一个做目录，因为根据你产品研发的需求，市场变化的超速发展，随时跟进，所以报纸是非常好的推广的工具，今天我们做报纸，是一个创新，也是想尝试一下市场有没有不可能的事情。店面推广基本是白色的概念，去年开始推广，很多消费者都可以接受。广告方面，1999年“时尚家居”第一期制作的时候，我们就和他们合作了，各种平面的媒体我们都尝试过了，所以我们与时尚的合作一起保留着，但是广告方面，我们采取的更多的是网络，包括百度的词汇搜索，谷歌，新浪、等广告的宣传，这些广告可以找到我们最终的消费者。还有我们联合当地的经销商进行当地的广告合作，我们想刺激消费者在网上下载我们的目录，去年下载差不多1万本，我们我们不知道能有多少本到我们的消费者手中，第二个印这个目录达到什么样的目的，我们今天更希望消费者在我们的网站上下载这个目录，去年超过1万本，如果今年超过2万本，对于我们厂家成本是比较节省的，但是需要推广我们的网络。这个产品从白色界面推出目前是两年的时间，我们今年的重点也是依诺维绅全球的重点，就是这个产品系列，我们目前在全世界推广的，包括欧洲、美国也好，都是核心产品，去年的营业额我们希望每年有20-30%的递增，我们的受众年龄是25岁到45岁之间，另外产品随着市场的需求，我们会一点一点的研发，你要一下子推出很多产品让市场接受不了的时候，你会很失败的，所以我们会慢慢的完善这些产品，我们会丰富产品系列，特别是消费者要求方面。如果我对大家说一下我们产品的总结，我们1999年推出这块，大家看到这边，在我们的用户也好，我们的产品目录也好，我们只是满足部分消费者，我们只关注消费者，我们从来不提我们的竞争对手，因为竞争对手永远是跟着你屁股走的，你们要想作出你的东西，你只能往前走，因为消费者是你们的目标，这是我们BOHEMIAN LIVING系列在市场上一直生存的原因，我们也希望作为经销商，你们今天在市场上有很多的竞争，你们更大的是应该看消费者是哪些，那是你们的财富来源，而不是你们的竞争对手，你们的竞争对手打折销售也好，对你们没有好处，我们作为厂家也是这个目标，这是我们BOHEMIAN LNVING产品系列的总结。明天我们会对这个产品有详细的解释，我希望在座的各位在现有的基础上会发挥这个产品，因为这个产品的潜力对我们非常大，我们投入这么多，我们也希望把这个产品系列做的更好。    下面给大家介绍一个新的产品系列，就是依诺维绅今年做的第一个产品系列，包括我们下面还要推出另外一个产品系列，这是陆陆续续正在完成的，大家看到这个标，这是刚刚推出REBEL，翻译成中文就是“叛逆”，在座的小孩子的都知道，你说一句他顶你三句，所以我们这款产品从追求和消费都是非常不一样的，所以说REBEL这款产品基本是位年轻人设计的，它有一句话“走自己的路”这是我们REBEL产品系列的中心思想。THE NATURAL CHOICE  自然选择   1985-2001ONE ROOM LIVING     我的空间   2001-2007INNOVATION REBEL    叛逆生活   2008-2012                                 这个产品系列是从三个不同的阶段发展到今天，最早从85年到2001年的时候，那个是第一代，第二代是01年到07年的时候，今年和下面四五年，我现在写了一个叛逆生活的目标，这个是我们下下面四五年的作题，这些年我们每年的瞄准目标都是不一样的，从自然的选择，到每一个系列都是年轻三到五岁，我们大家可以看看以前的产品，这是1995年的产品封面，那个时候还是追求25岁左右的年轻人。还有97、98、99年的，这是我们当时在中国推广的第一本目录。2001年的时候开始推的感觉是更年轻了，当时所说的主题就是我的生活我的空间。还有04、05年，当时这个系列，基本到05年，这个是中国销售的最后一本在丹麦制作的目录。99年到2005年我们在中国的销售基本和丹麦是一样的，全球都是一样的，但是04、05年我们当时感觉非常深的就是我们瞄准的消费者，他的购买能力和我们产品的消费者中间相差非常大，产品的价格和我们我们瞄准的消费者完全不一样，所以我们05年开始停止采用和丹麦一样的目录，后来干了几件事情，都市生活这个系列是非常不成功的系列，后来我们又推出了一个系列，尝试不同的路，选找依诺维绅在中国的落脚点。这是都市生活当时做的，产品基本不成功，销售两年之后基本就消失了，所以价格有一定的吸引力，最终还是被市场淘汰了。我们把REBEL回归中国有几大原因，本身REBEL国际化积累的经验也好，国际的销售也好，都有非常的优势，因为我们FUTON系列销售全球第一的，另外我们看到国内的购买力明显的增加，八零后、九零后，他们的父母都花很多的钱给他们的子女购买很多的产品，把我们以前的REBEL从18岁到35岁改到现在的14岁到21岁，叛逆的年龄，我们的产品基本为这个而做的，另外我们重新定位产品价格，整个产品价格基本和当年的价格相差非常大，基本的产品定位是1200-1800元左右，但是整个产品结构和以前是完全不一样的。主要的是为了满足现在14岁到21岁之间这帮年轻小孩他们的个性需求，另外发挥我们最早推出的DIY，让年轻人选择自己喜欢的家具，目标很简单，就是说市场独一无二的家具，引领潮流。另外我们看看看消费者，这是我们在街头拍的照片，大家看看这些女孩子都有多大，我们在日本，沿路找一些女孩子说拍一些照片，拍完之后，你看最大的不超过17岁，最小的是12岁，她们穿的服装非常的新潮，大家去日本109看一下，那的年轻人非常的疯狂，穿着非常的张扬与野性。下面我讲讲REBEL系列特别的外套，有一点像服装的感觉，这个感觉是来自于每个时尚的灵感，我们也在街头拍的模特，他们的外套就形成了这种感觉，完全是一种面料的混合。这款产品，大家都知道骷髅头，这些女孩子的装饰都有很多的骷髅头，我们去的时候找到很多的灵感，然后做了沙发的外套，面料和五角星的组合，这些组合都有一定的背景，我们当时拍这些照片基本是马路上，酒吧里，迪厅里拿着相机就问别人让不让拍照片，回来都做了REBEL的系列，包括这些和平的标记，和平的爱，都有一定的原因的。这也是一款棕色的感觉，做的外套，这是我们当时做的纹身的，最早05年推出的，但是这组外套在欧洲销售非常的好，所以说这个外套我们重新拣起来，这款也是产品纹路的组合。还有一个是金属感的，我们推出的金属感觉的面料，这个是亮光系列，我们在整个REBEL里面也有，特殊的款式，我们推出的沙发加上特殊的外套，加上五角星的感觉做的。紫色是今年我们的流行色，还有尼龙的感觉，尼龙的面料在2000年初的时候比较时髦，现在又回归了，大家看到周边穿的服装，很多亮光的，所以说我们把它明显的组合在REBEL系列里面，还有灰色，灰色我们知道很多人都是这么想的，我们看到灰色的面积统计最终卖的最好的永远是很简单的灰色，所以我们今年的仿皮系列也好都是更多的用了灰色。REBEL的花色面料，大家会感觉一下有什么区别，基本都是比较年轻的，这个也是REBEL的花色面料，大家一会儿可以在展厅里面看的非常的明显的，包括这些面料都是。看完这个产品的感觉之后，我给大家总结下我们的REBEL的目标，我们瞄准的是12-21岁追求时尚的年轻人，我们要通过家居概念，不光有沙发床和小件的产品，我们会更多的留意服装和服饰，会尝试开始销售我们REBEL品牌的服装，体恤衫是最早的尝试。最后我们想最终的目的就是满足我们目标消费者他们的叛逆、野性的风格，这是整个REBEL的核心。REBEL的营销，其实大家很多人都知道，我们象卖服装一样卖REBEL，本身REBEL的店面不是很大，我们想采用多店面，小面积进行装饰，本身我们不想当做一件家具销售，我们不想和任何的家具杂志搭档，我们想在14岁到21岁之间他们喜欢的杂志当中推广REBEL，REBEL选择的是单独的品牌，单独的LOGO，唯一的最大的优势就是单位产值必须要高，另外按照我们的要求，在一类城市的开发5到8个店铺，二级城市是2到6个。REBEL的定位有几个核心化，这里面我也希望大家能够记住，我自己本身也是要求我自己，REBEL一定要走自己的路，坚持自己的独一无二的风格，创新家具时尚，争做行业先锋。这是我们REBEL回归之后将来的梦，也是我们一定能够实现的。以上是两个产品系列的介绍。我最后说几句话，我们依诺维绅下半年的目标，我们现在来中国十年的时间，1999年，2009年，我最早定的目标当时特别清楚，我们当时记得做的目标是五年实现盈利，欧洲人在中国投资是非常保守的，但是我当时说，五年必须实现五千万，最早我们在中国销售很可怜，900多万的销售额，但我们当时就收回了当年的投资，第一个目标我们达到了5000万，去年1亿多，第二个五年计划我们想把销售额翻一倍，我说我一定要完成当时进中国市场的25倍金额。我们的发展目标，如果作一个行业的发展，我们要做到最时尚，最个性的沙发品牌，永远坚持原创，这是我们依诺维绅的优势，走自己的路，迎合我们的消费者，将我们的竞争对手远远的抛在后面，依诺维绅在中国有不少的竞争对手，但是我们会永远走在他们的前头，我也希望在座的各位，因为拥有依诺维绅的品牌而感到骄傲。谢谢大家！下面不知道大家有什么问题，可以说一下，然后我们安排大家去展厅。    提问：14到21岁基本还没有购买力，你怎么想的？杨总：我们最早在丹麦的时候，我跟设计师说，小小的丹麦500万人口，每年的销售额都是5000万，都是父母给孩子买的，我们今天推出的依诺维绅系列，也是今天的中国的独特国情一定会为自己的孩子买家具，倒不是14岁到21岁的人自己掏钱买家具，但是作为父母一定可以。(展厅参观)",3,4,0.8026466369628906
倒霉 刚装修好的新房发大水本报讯(记者孙厚光通讯员陆红林)新房装修完还没入住，洗面台进水软管爆裂导致全房渍水，家具、地板无一幸免被泡坏，殃及电梯进水达7吨，导致电梯停摆。近日，遇到此事的彭先生快被烦死了。家住长江紫都的彭先生投诉称，今年5月4日他在武昌区小东门民主路的林国华洁具经营部购买了“樱花牌”水龙头、进水软管及下水管的系列产品，5月17日新房装修完工，彭先生准备8月份入住新房。7月28日晚上，新房的物业方打电话通知彭先生，他的家中有大量水流出，并导致电梯停摆。彭先生马上赶到新房，只见电梯已经停了。打开房门，家中俨然已经成了“泽国”：房间渍水达10厘米，地板、家具、房间的墙纸全部泡在水中。经检查，发现此次事故系进水软管破裂，当时水正从破裂处不断地喷涌而出。而物业方告知彭先生，由于彭先生家中的水大量地流入电梯，发现时，电梯中的存水已达约7吨之多，导致电梯最终停运，此次维修费用1.4万由彭先生承担。“赔了夫人又折兵”的彭先生无奈之下投诉到小东门工商所，接到投诉后，工商所工作人员予以调查。彭先生提出，这次事故导致地板、家具等损失差不多在5万左右，加上电梯的维修费，要求商家要赔偿6.4万。商家承认，此事确实由于自己品牌的进水管破裂导致，但彭先生索赔数额过大。后几经调解，商家最终同意赔偿软管破裂造成的经济损失4.4万(含电梯维修费用)，双方均表示接受。昨日，消费者已经拿到该笔赔偿款项。,3,4,0.5749810338020325
健康的身体 源自家居生活方式编者按：据飞利浦推出《中国家庭健康快乐白皮书》调查显示：3成的人早餐习惯不好，近6成的人忽略了膳食平衡，2成多的人不注意居室的环境......这些不良生活方式、习惯是影响身体健康的重要因素，容易诱发各种身体疾病。要享受健康快乐的生活，首先要从改变这些不良的生活方式开始。主人公：Fiona 年龄：28岁家庭状况：已婚工作：外企白领以前，时间安排满满的，除了上班就是见客户，每天三餐和总是凑合。总认为忙忙碌碌，这就是生活。早上的时间总是最紧张。洗脸、刷牙草草了事，往往吃个面包、喝杯牛奶，简单化个妆就冲出了家门。现在呢？听，快乐的音乐声响起，哦，这是飞利浦电饭煲的在提示营养早餐已经做好。一顿健康营养早餐能带来一天充沛体力，更能让身体更加健康。不用早起，不用匆匆忙忙。临睡前把配好食物放进飞利浦电饭煲，随心设置好烹煮时间，第二天一早只剩下把美味端上餐桌。12小时营养保温功能，能够良好保存食物的新鲜口感和营养。这一切就像为自己聘请了一个专职生活保姆。香甜润口的米粥、酥软的蛋糕、美味的披萨……每天的早餐换一个花样。还没完呢，打开飞利浦榨汁机将整只苹果放进去，不用削皮哦，三大杯新鲜的果汁就出来了，我和老公的都有了。这些可是健康美容的天然饮品哦。现在对我来说，营养早餐已经是重要的健康美容的必修课了。紧张忙碌的工作一天回到家中，以前总是懒的动了。“凑合一下吧”，这是我总挂在嘴边的一句话。好容易周末改善一下，由于老公的偏好，煎炒烹炸的食物成了主基调。不健康不说，每次都是满身的油烟味儿。自从用上了飞利浦电饭锅、电蒸锅，很方便就可以做一顿口味独特、营养丰富的晚餐，而且再也没有油烟气，更能够保护我如水的肌肤。也难怪男同事最近总说我，好似不食人间烟火了。居家的健康、温馨的环境是我非常看重的。每到周末，我和老公都会将房间和客厅清洁的一尘不染。飞利浦超强350瓦吸力的吸尘器是我的好帮手。最难得的是它的可弯曲把柄设计，清理卫生时弯腰的时候少了很多，方便。甲醛、灰尘？不用担心了，我家新配置了飞利浦空气净化机。不要小看它哦。四重高效过滤系统加上滤网更换提示和尘满自动关熄功能，可以持久送出清新健康的空气。华灯初上，窗外依旧是都市的浮躁喧嚣。将卧室里的飞利浦防眩光护眼台灯调至最佳照射角度，在均匀柔和、没有眩光的灯光中，我和老公各自打开了钟爱的书……静静享受着这片温馨……其实优质的生活就源自健康的生活方式，从清晨到傍晚，只要愿意从身边做起，开始尝试着在生活方式上作出一些小小的改变，就能轻松化身健康快乐达人，与家人一起乐享健康每一天！,3,6,0.6598737835884094
储兰兰：回潮 回归 怀旧建立在变字基础上储兰兰：今天也非常高兴跟各界的精英在一起，其实大家更多的是做实业的，做实体，我做文化，我有时候想想我能给社会带来什么？就是你自己演，观众在那儿欣赏，但是你给他们的只是精神上的，或者是审美上的享受，那事实上带来不了真正解决问题的事情。但是我又想，我说精神，尤其是文化可能它就是一个导向，尤其我现在做的京剧这个行业，我跟很多陌生人接触的时候，从外表上看，说你是唱京剧的吗？我说是啊。他说你怎么唱京剧了？像这种年轻人跟文化不靠边的人为什么选择了这个行业。所以我每次解释半天。我觉得现在的说所谓今天这个主题关注城市，叫回潮，我刚才听各位老师说回潮也好，说怀旧也好，或者是回归，最后我觉得总结一个字，反正都是在变，都是变，就是事物是运动当中的，我们京剧很多人就是说，文化这个京剧，他说怎么京剧一直没变，没有改革？从样板戏以后好像大家就越来越不喜欢京剧了，觉得京剧离我们生活越来越遥远。但是事实上是在变的，只不过变的动作不一样，可能方向上有些偏差，作为我作新京剧的这个事，刚才我给专辑的时候我今天为什么带来这个专辑，说为什么叫新京剧？我可能一句话，两句话说不清楚，但是你听了就知道什么叫新京剧了。可以说京剧的是两个阶段，一个是梅兰芳时期，大家知道京剧到了鼎盛时期；还有一个时期，当然是在特殊历史背景时期下的，就是样板戏时期。我觉得现在是不是这个时期又到了？大家现在开始又关注这个，京剧开始复苏了。当我看到白先勇做青春版牡丹亭的时候，我觉得太唯美了，但是京剧还是在做大制作的东西。比如说我们每年进京有一个会演，全国各个地方，省市，哪怕市，或者是有的县都会有京剧团，有些就是有这些戏剧团体的地方，可能就是名存实亡，很多是占着事业编制，但是很多人不在单位，因为他没有戏唱，没有欣赏的团体，所以自然而然就不存在了。但是每年文化部会有一个在进京的叫精品工程奖，全省都要拿出一台戏，或者是为剧团，或者为演员争夺梅花也好，各个戏曲的大奖，但是每个剧团在我们发不下工资的时候，省里也会投入一二百万戏，然后进京演出，最后道具，服装也就烂掉了。它有没有在变？有在变。它的艺术形式可能是借鉴了多种艺术形式，比如声光电的应用，过去京剧就是大白光，很普通的光，它是以服装，以表演，我说大家都把所有的京剧，大家在欣赏京剧的时候就是演员的表演，就是把所有的精力都体现在演员上，就是服装上。但是服装是为演员服务的，现在是把这些点都分散了。其实国家大剧院这样的舞台根本不适合演京剧的，像今天的舞台还是适合演的，利于演员的表演。包括演唱上，比如说现在有一种现象叫，京剧叫话剧加唱。他说的是普通话，然后很多语言最后加上京剧的唱腔，后来还有一段时期因为电视传播力度比较大，做了一段戏曲电视剧，盛行了一段时间，大家也看过从黄梅戏开始，京剧也做了一些，比如古装戏，穿着，服饰打扮都是电视剧的形式，突然就唱起来了，就显得很怪异。当然我们事业团体做了很多对京剧这种导向，这种改革，这种选择也好，但是都没有定位。    当然梅先生那个时期，那个时候只能到戏园子看戏，是京剧盛行的时期，我们也是生不逢时，但是就是说他怎么去迎合这个市场的？我觉得观众是最有话语权的。当然现在这么多多元化的艺术形式，这种娱乐方式冲淡了这种传统文化的浓厚的观众氛围，但是我觉得京剧自身和我们从业者本身没有找准一个定位。比如说梅兰芳他四大名旦都有一个团队，就像咱们今天这个会所，我一来，我说又有传统的又有现代的，又有西方的又有东方的，整个是一个结合体。我说那你这个理念，或者从设计上得有一个很大的团队策划？应该是有的。梅兰芳那时候也有，包括梅兰芳电影上也体现了，叫梅党。程砚秋那个团队叫程党。他们每天晚上都会唱对台戏，今天梅兰芳演什么了，演嫦娥奔月了，明天程先生演所令郎，但是后天又会有新的作品出现了，两边都看着呢，就是在争取他的票房。梅先生唱一晚上可以挣下一个四合院，但是今天挣的是微不足道的。就是说把握市场对于我们京剧演员来说，从这种艺术创作来说有没有市场价值？    其实文化艺术形式也好，艺术作品也好，我觉得是应该是从市场研发开始，应该也有这么一个环节，我们恰恰没有。就是我们想一出可能我觉得还不错的东西，我们就做了，也不管这个市场需不需要。现在其实挺悲哀的，有一件事，就是什么呢？就是没有舞台去演戏。刚才王总说你什么时候演戏，我们去看一看，或者说我挺想看京剧的？我想了半天，我在哪儿演习你可以去看。我说我唱戏谁看呢？他说我看。那不能有一个观众，挺悲哀的，就是说演员需要舞台实践的，而你恰恰没有观众，没有市场。所以我说争取观众，像房地产也是，你没有业主了，你的楼卖给谁呀？说到住房环境的问题，因为我不能光说我的文化，我也得参与一下，因为我是大别山的，老家是安徽金寨的，从小就是山清水秀看多了，也感觉不到那个环境有多好，当我11岁到北京来上学，那时候沙尘暴特别厉害，95年，96年，毕业了以后上两年班，他们说到郊区玩一玩，找一个环境，有山有水的地，我说我就在那儿长大的，干吗去那儿，我说我就喜欢国贸，晚上繁华的景象，但是在前三年我开始慢慢转变了，我觉得这个城市应该远离城市，我应该到乡村去，还不如到老家去过一段时间。所以我觉得一个环境，一个氛围，包括我们演员演戏，唱戏也要一个环境和氛围。我现在最近可能第二张专辑要出来，我就在想，比如说做CD，CD就是你光给他听一个唱段，不说梅兰芳演这个会不会这样，现在老艺术家也唱这个，但是到你唱有什么区别？我觉得有的时候是需要回归的，回归什么呢？你给他制造这种音效的环境。比如说我们给他制造一种像在过去戏台子上有吆喝声，有叫好声，一个高腔耍过去，而且要叫的恰到好处。我说能不能制造这种环境和氛围，当然完全的回归是不可能的，因为我们现在在变，就是说梅兰芳先生那个时候的表演和唱腔拿到我们今天来看，其实有些东西是不美的，比如说咱们在审美的观念上产生了一定的改变，一说梅兰芳先生，我们从头到尾演贵妃醉酒，从头到尾他的眼神，他的程式都改过。但是我觉得根本的区别是什么呢？是美变了。比如说梅兰芳先生他会在过去欣赏理念上含胸，眼神和他的那种扮相上，其实看着我觉得并不是很美，那我们现在就得把胸部挺起来，这是女性美的一面，为什么不展现给大家呢？但是过去你就那么挺着觉得很难看，就是说审美在变化。反正我就觉得是变吧。,3,6,0.37955227494239807
元旦流行秒杀风  科宝博洛尼出奇制胜图为科宝博洛尼总裁蔡明,3,6,0.9749366044998169
元洲李泰岩：吴厚斌用“厚脸皮”举得成功李泰岩：写诗都是多年以前的事情了。跟吴厚斌这么多年都是挺好的朋友，出这个诗集，他在给我发第三个短信在说，我说你是不是想出本诗集，他当时没回答我，吴厚斌，我跟大家分享一下跟他的感觉。前面写几首诗，开始的时候我说我们这个圈子还有人干这个事呢。因为我身边还有一些朋友他们还在坚持。去年在宋庄，有一个诗人差点死了，吃不上饭，病在家里没人管，有一些人在坚持自己的人生理想，很痛苦地艰苦，吴厚斌衣食无忧，又做名记，我觉得真是一首一首给我发，我记得有一次回了他一首。我说你写的挑不出一句好的来。不是说诗不好，我是觉得他有点附庸风雅，脸皮厚就厚在真的坚持下来了。前几次他给我发短信，我说这家伙今天又写了一个，经常还重复地发，慢慢慢慢地我觉得越写越有感觉了，我觉得今天能出这本书，关键在于脸皮厚，脸皮厚在于对一件事情真的坚持下来。任何一个人执着地坚持，都会成功。今天我们家居圈的老朋友，大家每一个人，我们行业1997年到现在，谁不是凭着这份执著坚持下来的。所以在这里为了吴厚斌的厚脸皮鼓掌。再一个是吴厚斌在这个行业里，坚持这么多年，他在这个行业，我们做媒体的，大家走来走去变化很多，他是比较关注行业深刻的变化、深刻的发展，这么多年一直坚持，这是第三本书，我相信他的第四本书，也会慢慢做出来。若干年后我们回头看的时候，能看到吴厚斌在这各行业里慢慢积累、沉淀，记录这个行业的成长和发展。在这里祝贺吴厚斌诗集出版。希望他下一次写诗的时候，提高更大，能写出更多的东西，虽然生活不是诗，但是生活里很多诗意，如果把生活变成很多诗意在里面，在生活里会得到很多快乐。主持人：感谢李总的发言，把吴厚斌人如其名的道理给我们展现出来，现在给大家介绍几位刚刚到场的嘉宾。北京律师协邱宝昌接下来的环节是今天非常重要的一章，请今天的主角，《生活不是诗》的作者吴厚斌给大家介绍一下为什么出这本书，他在写诗集的感悟和故事。,3,2,0.3639890253543854
光棍节京长两地闹市惊现11富翁征婚今年光棍节北京长沙两地繁华闹市街头同时惊现十一名身着名贵的礼服的男富翁集体征婚，在活动现场，十一光棍富翁们用举牌的形式倾诉着自己对单身现状的不满和浪漫的渴望、以及他们自己的条件。他们每人各举一个字连成标语，在完成四次标语后迅速消失于人群。11日下午三时，北京王府井和长沙黄兴路步行街口同时出现以上一幕，活动一开始，统一的穿着名贵礼服的十一名富翁们一亮相便赚足了路人的眼球，短短几分钟的时间便吸引了数百名路人驻足围观。随着活动的进行围观群众都不由自主的跟着征婚者的举牌一字一句高声读出牌上的字，“哥们要的不是寂寞是浪漫”“浪漫光棍节让寂寞滚蛋吧”，当读到这些标语之时，围观群众越来越多，交流、拍照、向征婚者打招呼等行为也开始出现，人群的热烈反响将活动气氛推到了顶峰。而现场观众的热情和征婚者的冷峻更是相映成趣，形成了光棍节闹市街头一道奇特的风景。现场围观群众王小姐在接受记者采访时就说光棍节看到这样一种浪漫有趣的事情，难得一见，特别有创意，也特别的新奇。同时也有群众表示征婚者勇气可嘉，祝福他们都能找到自己的幸福。现场有人笑称其为“钻石罗汉”，说其“钻石”是因为据称他们拥有丰厚身家，资产上千万，说其是“罗汉”不言而喻是因为他们全是清一色的光棍。这样的一群富翁走上闹市街头，进行集体征婚，自然成为了两地光棍节街头最受关注的事件。活动刚刚结束，现场的群众便议论这样一群家世显赫的富翁们，居然走上闹市进行集体征婚，感到惊讶之余，更多的是一种的不能理解，按常理说在人们的意识里，像这样的人群应该不至于会需要哗众取宠的街头征婚，那么究竟为什么会有这样的事件出现？或许从他们打出的标语中可以窥见一斑，“哥们要的不是寂寞是浪漫”、“浪漫光棍节让寂寞滚蛋吧”，他们需要的不是寂寞，而是一种浪漫的相爱。这也许是他们站出来的最主要原因。另外在活动现场一条显目标语更是引来的众人的注意和记者的特别关注。“求浪漫，有百万BOLONI厨房，管饭”这一标语的出现更是引来的无数网友的质疑，那么这次千万富翁的浪漫征婚，到底是富翁们在寂寞中的浪漫爆发，还是一种商业炒作？ 都还有待进一步的证实。,3,6,0.9395344257354736
关注城市思想沙龙第二期于九朝会举行本期主题老建筑和新地标，谁更具有城市形象代表性时间：2009年4月24日地点：九朝会主持人：中国房地产报副总经理 韩炜烨 论坛嘉宾(排名不分先后)赵云伟 中国城市规划协会副秘书长王宏新 北师大房地产研究中心副主任傅 刚 美国注册建筑师、中央美术学院教授著有《都市生活》、《都市村庄》、《都市档案》梁井宇 场域建筑事务所董事、主持建筑师 王广善 北京海港房地产开发有限公司总经理刘松泉 合生创展北京公司总经理刘 江 星河湾华北区营销总监王 丹 伟业顾问客户发展中心副总经理陈 炜 博洛尼旗舰装饰装修工程(北京)有限公司总经理以下为现场实录：韩玮烨：今天是星期五，我们大家来这样一个特别有创意的一个建筑里面，聊一些我们虚无缥渺的人生理想、意识形态，聊一聊建筑，聊一聊我们应该住在什么样的城市里，应该住在什么样的房子里。这就是我们今天这样一个主题，叫“九朝会•关注城市”思想沙龙。我想就不用一一介绍各位了，刚才因为有一段时间，大家都已经非常熟悉了，很短的时间里都变成朋友了，我就留很重要的一段时间介绍一下我自己。我是中国房地产报的韩玮烨，在中房报四年一直写点大家也看不上的，关于地产金融，关于公司这方面的文章，带一些小孩，想方设法挖一些地产的黑幕，这就是我做的事情。也是借此机会结识了在座的各位，今天大家没有任何商业目的，我们感谢博洛尼陈总给大家一个舒适的东西，抛开商务的压力，聊一聊城市，因为在座的每一位都跟现在的城市发展、城市建设有关系。咱们俗套一点，还是先请我们的当家人陈总致一个开幕词。陈 炜：首先代表博洛尼和九朝会感谢各位能够来到九朝会这个地方，进行一个思想的碰撞。为什么发起这样一个活动？首先讲讲九朝会的情况，九朝会顾名思义是九个朝代聚在一起，我们这个会所希望能够打造一个文化和思想聚集的地方。我们发现，从魏晋南北朝到明朝九个朝代，贯穿了整个中国传统文化的脉络，这个脉络就是我们想提炼出来的士大夫的文化精神。士大夫作为中国传统最低的一个贵族，其实也代表了中国的文化和思想的根基，等会如果大家参观九朝会的话，会感受到这个九朝会基本上是以中国传统的文化元素为基础，而自我设计、自我提炼出来的一个充满设计和创意的一个会所。昆曲作为这个戏楼的主要一个部分，昆曲也被联合国评为世界四大非物质文化遗产之首的这样一个文化艺术，为什么会有昆曲这么优美的词句呢？其实都是文化上的精英和一些士大夫，大家坐在小桥流水边，听着自然界的声音，拍着石头想出了一些优美的词句。今天希望大家能够在一起互相畅谈理想、畅谈城市、畅谈自己的抱负，进行一个思想的碰撞。这里是一个自由的、能够自我发挥的地方，所以剩下的话题交给韩女士。韩玮烨：我就是一个抛砖头的，我往出抛砖头，大家每个人接龙，看谁接得上。在来的路上，我一直在想一个问题，这两年我也拜访了很多的城市，很多的市长在跟我说的话题，就是在我的市中心盖一个多少层高的高楼，它要作为一个地标，我要盖一个多么大的城市综合体，让它成为一个地标。我们今天的主题，也是古今中外一直关于城市和建筑话题里永远没有答案的话题，就是老建筑和新地标。我想第一个问题，也是我心中的一个疑惑，中国城市化这么多年以来，到底老建筑和新地标是不是真的这种高楼大厦、综合体才是一个城市的地标性的建筑？谁先接这个砖头？傅刚老师是我们清华大学的知名教授，傅刚老师刚和他太太成立一个建筑事务所，叫任何建筑，这个名字非常有意思。首先请您谈谈观念。傅 刚：这个题目有点大，我就说点小的，开始不太容易说得特别得深入，所以既然韩总已经点名了，我就尽力给大家暖一下场子。刚才您的问题是，是不是这些个所谓的新地标是城市，无非是助长有的一些局面，而且已经有了局面似乎在表达大家不尽满意的时候，才能想表达自己的文化，显得有学问。那么它到底是地标？我的答案，是。赵云伟：我就顺着这个话题说，其实我非常赞成傅老师的观点，因为城市要发展，城市发展了，就不能一味地守住那些旧的东西。为什么这么说？我们也不用去批评这些城市的建设者或者是决策者，可以拿国外的例子看，我们都知道，像巴黎、伦敦，这些都是世界上最有名的，一提就是古色古香传统街道的地区。那么这些地区，近二三十年的地标又是什么呢？可能每个人说到这儿，心里就有答案了。卢浮宫的金字塔、伦敦眼都是在这些地区做了当代的建筑，不管你承认与否，它都是存在的。当时定义为了建筑千年盛典，这个伦敦眼建设完了以后，政府认为只要有两年的时间就把它拆掉了，批的就是临时建筑，短期内有用途，用完之后就要拆了。但是事实证明，这些年的游客都会去那里旅游，所以不得已他们把它作为一个永久性的地标。像伦敦这个具有独特传统的城市，在泰晤士旁边这么一个核心的位置，能放这么一个伦敦眼，我觉得足够能说明问题。至少目前我们的城市管理者、城市规划者、建筑学的学者，还在中国没有这么强烈的对比实践，我们不能说谈大道理，谈个别的实践就能说明问题。起码西方的管理者，他眼睛看的是未来，而不是自己手中的传统。梁井宇：我觉得刚才开的头都是建筑师开头，我也不例外，我觉得首先我们得肯定追求这个标志性建筑的合理性。为什么呢？我们建筑师从我们自己正中下怀的角度来说，也是很对的，我们肯定每一个建筑师都希望能够做一个有意思的建筑。而且有意思的建筑有一个借口，就是标志性是有意思的一种可能。我非常赞同两位的话题，这个问题不是问题，什么是问题呢？就是如何避免我们城市里面出现的那些粗制滥造的，貌似标志性的建筑，但是破坏了城市的那些东西。怎么尽量避免，同时创造一些大家真正喜爱的，能够定义这个城市、甚至定义一个时代的那些标志物？我觉得这个可能是一个真正去谈的问题。说到更具体的这个问题，我觉得我也再引出来几个问题。是什么原因导致了那么多粗制滥造的不好的建筑物的出现，特别是近期内的中国出现了这么多。第二个问题是，如果说我们还要和老的标志物和平相处的话，实际还是要谈到一个问题，什么样的标志物具备永久性的价值。刚才也举了伦敦眼，我可以再举一个例子，为什么埃菲尔铁塔，从它建设的时候，每一个标志物都存在一个曲折的历史，当时人们都不喜欢它，到最后接受了它。荷兰的历史学家提到一个说法，你别管这个东西长得好看不好看，样子是什么样子，只要把这个东西建起来了，有足够多的时间让人们去接受，最终这些标志物都会被人们喜爱。他当时举的例子指的由于埃菲尔铁塔，我们国家有没有这样的例子。如果没有，我们在座的也有策划、开发商、建筑师，怎么样才能够和我们那些没有的标志物、或者有的标志物，能够创造真正符合城市个性、符合时代要求的价值。韩玮烨：您刚才提的这个问题，让我们想起来我们的央视大厦，应该是我们现在中国城市地标，我觉得首先要区分大城市和二三线城市，大城市对城市地标的定义，和我们的中小城市对一个地标定义的选择应该是不一样的。北京这样一个有历史文化传统的城市，原来它的地标一定是雍和宫、或者颐和园、或者是天坛，现在会很疑惑，什么是北京的地标，用什么来区分？央视大厦应该是一个地标，那么这样一个怪物，它对北京这样一个形象，有什么样的一个作用呢？可能就是您刚才问题的一个句号，这个问题谁想接一下？刘松泉：很高兴来到这么一个漂亮的场所和大家一起交流，我觉得这个问题，也是开发商的一个困惑。因为城市作为一个项目，它实际上要和城市的景观，和它周边，它们要有一个关联性。目前，我觉得北京这个地方的一个情况，还是管理部门的管理水平，第二个也是开发商的欣赏水平。因为过去一段时间，作为中国来讲，房地产发展的水平，它是一个很短暂的时间。真正把房地产作为开发、作为一个产业，它是很短暂的。那么在这个过程当中，进入的门槛没有低，大家都可以进，有块地，找个人去弄再一组合，我就很快地推向市场。而国内又确实存在强烈的刚性需求，使得大家不需要再考虑那么细致了，就是一个产品，大家更强调产品本身它的一个独特性。但是，他没有想到它成为一个车时的景观。大家没有想到，所有的人，住它的人、不住它的人，都有一个欣赏的问题。但是谁是一个决定者？谁来去审批它呢？咱们现在的房地产，实际上是有管理的，包括我觉得在高度问题、外立面的问题，材料的选择问题，它都是一个影响城市景观的一个方面。至于室内的平面，没人管你。所以，很多人在这方面，因为他不成熟、他不专业，所以他会想着怎么样能够批下来，获得这样一个投入、产出，带来经济效益。所以，我觉得往往是从个体上考虑问题，管理者也是从个体的角度考虑问题，他不会去考虑周边的关系问题。实际上咱们现在看到北京的很多地方，对整个城市的文明，咱们就说幸福大街这块，本来是什么样的城市的建筑群，突然冒出很高的一个东西搁在那。但是我发现，如果跟上海比较起来的话，上海的整个城市建筑和它的风貌，给人一个城市新兴的这样一个国际化的都市的感觉不一样。因为前多少年我去上海，到松江去，松江的一个规划局长就是一个博士，而且是从国外回来的博士，所有的城市规划要进行整个一个国际化的招标，就是城市规划招标。然后任何一个单体要进行深化的时候，符合我这个规划的时候，还要进行再一轮的深化。所以，我觉得这叫经营城市，不是做一个单体，它是在城市这个整体上。当然刚才谈到老建筑、新建筑的一个地标性，我认为实际上作为一个城市，它应该有一个地标性，老建筑和新建筑同样都需要，因为这是城市赋予了它一个东西。但是，房地产的开发，实际上它是一个地域性的东西，所以，它的整个建筑的风格、它的整个区域的规划、项目的规划，应该有它的特点。当然你说陈希同时代的时候，强调一个什么帽子，它也是想等于是把传统的东西给机械地去做，实际上就造成了不伦不类。所以我想这个事我们先从城市规划的管理者的角度，怎么去反思这个问题，所有的问题都是从这里出来的。建筑是没有责任的，我要标新立异，我要展示我的整个文化，我要去得到发展商的认可，我要去挣这个钱，商业模式，它只是个演员，但是谁来批准它这个舞台，谁让它有许可的资格，这是关键的。我就先说这些，谢谢！韩玮烨：王宏新是不是可以代表一下政府的观点？你们一直是政策解析者。王宏新：各位好！实际上刚才还跟王丹在说，本来来参加思想沙龙，有的时候市场的力量在主宰着我们的思想，我们的思想在迎合着市场。所以很无奈，我就接着这个讲，陈总讲到的责任让我特别震撼。刚才给建筑师作出了一种解释，韩总让我为政府说两句，我说政府也没责任。因为什么？我们今天政府的决策体制，包括对这种地标的审批，都是一种集体决策，这个集体决策是害文化、最害思想的东西。我们知道任何一个有思想、有文化底蕴的一个建筑，或者一个产品、一个设计、一个理念，它往往归诸于集体、大众，或者叫公众参与，往往就把文化的东西、思想的东西给害了。但是，偏偏我们又是一种集体的决策，所以说这个集体决策又是谁来决定的呢？其实又是中国的老百姓决定了这种制度。这个里面，我们经常用体制和制度去解释它，其实这里面包含了中国几千年的文化。恰恰在这里面我觉得中国的建筑也好、房地产也好、土地也好，一方面在它的产品在走向市场。另一方面，它的文化，我一直感觉到我们还在走1919年没完成的问题，我们还在搞新文化。事实上这就又讲到新地标的新了，我这个名字里带个新，我特讨厌这个字。我本来出生的时候，我父亲给我取的是天上的星星，后来村里面的人特别有水平，就给我改成这个了，他总感觉到要比天上的星星要更专业化一点，最起码可以说重复一点。事实上我就在思考一个问题，因为今天但凡是看到新的建筑、新的地标，一定有西方文化的精髓、西方的理念，一定代表了建筑师从国外带回来的新的文化。我们这个集体决策里最重要的问题，就是忽视了一个点和一个面的关系，整体面上的不和谐，让这个点上的地标显得特别别扭。但是我觉得会在实点上解决问题。比如说中华世纪坛出来的时候，有很多不同的声音，鸟巢出来的时候，人们有不同的声音，但是奥运会一完大家就在接受这个东西。是不是等这个时期一过去，老百姓又慢慢能接受这个央视大楼呢。有时候我们经常批评，一看就是从国外引进来的建筑风格，可能这里面最重要的是就是民众里有一个宽容的心态，我觉得这也是好处。转了一圈，如果说责任的话，可能就要推到文化的责任，我不知道这个问题由谁来接了。刘 江：我也说两句，上午我们开了建委一个会，朝阳区建委让朝阳区开发商都说一说，政府能帮什么忙，开发商有什么困难、需求让大家讲讲。我当时主要讲了一点，就是把一些制造城市垃圾的开发商赶回国外，先考察考察这个开发商再引进。我说三个意思，第一个叫不要为做地标而做项目，因为项目本身是有生命力的。第二点，到底是地标重要，还是项目对这个地段的贡献重要。无论是低价、配套，对这个地段的贡献重要，还是它成为一个地标重要？我觉得这个答案是不言自明的。第三个意思，前几年我在上海待了三四年，我发现上海新房子跟老房子，大家真的是各有所爱，各有所需，顺其自然，上海有很多新房子、很多地标，没问题，我觉得都爆满，无论是租售都不错。但是同时发现了我们很多的活动都是在上海的老房子里做的，实上海很多的老房子，根本不低于东方明珠的地位。我看到有一个叫中华九千上市的时候，就是在孔祥熙的老房子里做的。包括一些奢侈品的发布会，我们看到不是在大的五星级的酒店里，而是在有历史沉淀的老房子里。跟上海人聊也是，上海人对老房子的心理价值，我不敢说大于世贸中心，但是起码是平等的。我觉得大家没必要讨论到底谁代表城市，但是在老百姓的心目中，大家可能是各有所需，有人就喜欢北京四合院，有人就喜欢住高楼大厦。王广善：非常容幸，能够和各位教授、专家和业内同行坐在这里搞沙龙，心情有点小激动。特别是第一次来到九朝会，欣赏和学习了我们传承和继承的一些文化性的东西。特别是看到剧场的时候，一楼有一个舞台、二楼有一个舞台，三楼怎么样、包厢怎么样，其实这里有很多传承和继承性的东西，把中国的戏剧和相关的文化，可能在这个地方有一个很好的体现，同时也有一个很好的创新。在这个过程中，又把现代地东西融入进去。我感觉这个九朝会还是有点味道，应该说以后还是要常来这样的好地方。今天这个话题是关注城市，因为咱们来自于清华大学的、还有北京大学的各位专家和教授，你们有很高的理解。像改革开放30年，我个人理解，今天大家走到一起来，不分高低，我又是无名小卒。要说这个城市地标的话，过去一般大城市可能有地标，像北京天安门，那就是非常明显的一个北京的地标。只要来到北京，不管你是国内的、还是国外的，一定要到天安门前照张相，说我去北京了。如果说没到天安门去照相，好象就没去一样，当然咱们的长城等等，更多的一些地标性的建筑，这个应该说是历史的沉淀。实际上还有一点，刚才大家也谈到了，就是北京的四合院，实际上它不起眼，但是它的地标性非常强，那就是北京的特点。到目前为止，虽然我们搞旧城改造，作为城市的主宰者，把它作为好东西，一定要把它保存下来，出台各种政策来保护它，实际上就是保护文化和历史。现在所谓一些新的标志性建筑，特别是搞奥运会，出现了一些新的建筑，当然这些建筑，需要历史的检验，也许过上三十年、五十年，说这东西不行，你必须要把它拆掉，这就可能没有它的历史价值，没有保留的价值，所以经过历史的检验，就必然要砍掉。如果说它很好，代表城市经济发展，这也挺好。比如上海的东方明珠，到黄埔江上一定要留影，实际上大家逐渐在接受这个塔的建筑，应该说中国地标性的建筑如雨后春笋般崛起。改革开放城市发展，小到县城、大到省地级市，只要是搞一个新城市的规划，就研究要弄一个什么样的广场，在广场上我得弄个什么样代表我这个城市形象的一个标志建筑物，是一个建筑物、还是艺术品。都在努力构思这个东西，所以占地有时不大很讲究，到后期政府出文件说不能随意乱建广场。当然他建的目的，还是想给这个城市搞一个地标性建筑。因为现在是全民参与，各级领导，只要是在那个地方当大官，咱们就得想办法做点事。所以，现在严格地讲，叫鱼龙混杂，有些可能是很好的东西，有些也想弄点事，花的钱不少，这个领导开这个会、那个会，说非常有价值，投巨资要办。一建下来三四年，换了领导，又说这个怎么看不像样，又成了城市的垃圾了。当然因为我是开发商，作为城市的建设者，可能我们没有更多的主宰权。如果站在城市发展的角度，可能说有一些话语权。假如说在发展的过程当中，有一些对城市可能的一些符号、一些概念，能够给政府提一些有效的建议，说我们搞这个建筑，有利于咱们城市形象的提升，有利于咱们地标性建筑的形成，这个我觉得是作为一个地产商来讲，还是责无旁贷的。首先，你要避开垃圾建筑，还没过五年了就让人看上去难受了，这就是一个失败的建筑，更谈不上为这个城市增光添彩了。所以，作为地产商，我觉得应该从城市发展的责任角度，更多地去思考问题，做出更多的努力。大家在座的各位都知道，我现在正在忙活开发格拉斯小镇，占地面积比较大，规模也比较大，两千多栋，现在才开发了一百多栋。有很多的朋友来看，有的是有钱人，有的也是属于跟我一样，可能是享受不起这个别墅的人。我说你们来看别墅，不要是考虑买还是不买，要带着一种享受的感觉，这是中国改革开放，咱们自己开发出来的别墅产品。在改革开放之前，咱们基本上很少见到别墅，有的话，也可能在偶尔出国，在出国能见到。经过改革开放这么多年下来以后，在咱们手下已经也建设出来非常高档次的一些别墅，有欧式的、地中海式的、也有中式的，各种形式的都在百家争鸣。住与不住是一个方面，但是大家都在享受进步，享受我们自己共同建设起来的别墅，我想这样的心态一摆正，就没有问题了。我作为一个开发者、建设者，我都住不上，但我心里很高兴，为什么？我能给富人建别墅，让他们享受咱们中国改革开放的自己的成果，我作为一个建设者、一个开发者，我感到无比地荣耀。所以说，住与不住那是另一回事，如果说将来咱们三千多亩地的别墅群体，通过咱们这个团队的努力把它建起来了，我想也就是真正在咱们中央别墅区，代表着一定地标性的建筑诞生出来了，这可能也就是对于一座城市的一个贡献。韩玮烨：谢谢王总！听您的介绍，格拉斯小镇是中国建国六十周年是非常具有中国特色的人居性建筑。为什么起格拉斯这个名字？而不起九朝会这个名字？王广善：建别墅咱们采用了很多欧式、美式的，实际上他更多的是借鉴了这么多年在别墅开发商的理念。咱们在很多别墅上都叫了一些洋名字，实际上叫格拉斯小镇，也是从营销的角度，以及西方在这方面文化的积淀而起了这个名。更多的是想让大家知道，我们引用了法国一个具有悠久历史的格拉斯小镇的传统，来达到宣传咱们北京格拉斯小镇的目的。当然，更多的还是一些建筑元素还是从那边学来的，还是从营销的角度。比如说我叫王广善，比如说我们酒店，很多人起外国名字，姓都换了，都不叫这个名字了，那也是工作的需要。王 丹：今天特别感谢九朝会以及中房报给我这么一个机会。我坐在了一个“广角”的位置，面前的这扇窗使我联想到电影院的屏幕，有人说：电影是黑暗的梦想，坐在这里和大家谈城市和建筑，我感觉到了一种“光明的梦想”，由此我很开心。另外，刚才参观了九朝会，感受了一下从魏晋南北一直到红楼情结的中国历史元素洗礼，就像进入了一个时空穿梭机的旅程中，由此也特别开心。因为今天是沙龙，我想咱们可以选各种模式来表述自己的观点，因此我先给大家念一段简单的文字，之后再告诉大家我的观点。我简单念一下，这段文字来自去年林洁林总应邀写的一篇文章，叫《地产服务15年》。“有一次在京城俱乐部开公司董事会，房间里装帧的几幅老北京照片深深吸引了我，虽然是黑白的，但生动极了。看着照片，你能够想象到二三十年代北京的情景：那应该是德胜门的城楼，边上的护城河汇集成一个不小的池塘，水面上有三五人乘舟钓鱼，头顶上蓝天白云，岸上绿树成荫，一派非常宁静的夏日景象。虽然城墙上斑驳着岁月的痕迹，但古都的那种特有气质，能够透过时空直接打动你的心。我就简单念这么一段，当然在文章后林总也有很多关于我们地产服务对于城市塑造的反思，认为我们做了15年的地产，包括1997年掀起了欧陆风，包括小户型等一些过渡型产品的此起彼伏，客观而言，其实对城市的贡献是存在一些谬误的。刚才各位专家也讲到了，说城市标志性建筑，其实我觉得这个标志性建筑，和标识性建筑可能是两个概念。因为我觉得标识它可能指的是一个点，标志性其实是一个综合性的概念。比如当我们聊起城市，就会使我想到一个短片，那个短片的名字叫“城市的远见”，我觉得可能很多专家都看过。当时讲到的一个案例是德国的鲁尔工业区是怎么样变废为宝的，把这么一个区域建成一个孩子们可以在里面游乐、融影视基地、研发中心、攀援者的乐园等一体的，那么难道它不是一个城市的标志吗？回过头来看北京，为什么我念这段文字？因为我从小就有院落的情结，家住金融街边上一个由7、8个院落组成的小组团里，因此从小就感受着舒缓的生活方式，因此当大家问到城市这个问题的时候，我觉得如果它是个带有哲学意味的问题，那么一句话：城市是属于生活的！无论你建一个高楼大厦还是一个低密度产品，你一定是需要人的体验和考证的，需要给人们一种生活感的氛围，我觉得这是城市，而且也是在我们记忆中的北京。由此我说一下我的观点，两句话，一、从经营城市的角度去做建筑，无论你是开发商，无论你是政府工程，在规划的时候，都以经营城市的角度出发，经营城市并不是很功利的，或者是以经济追求为唯一导向的。实际上经营城市这个理念于中国已有很不错的例子，我记得大连的薄熙来说，“经营一个城市，是把它作为国有资产管理来运行的过程。”这个思路非常好，并且对于大连是卓有成效的。这些年我们接触到很多项目，现在项目区块越来越大，其中不乏很多未开垦的处女地，那么如何把它变成新时代的、或者区域层面的标志是我们该考虑的，而不是简单的做一个以自有想法为主导的标识，我觉得该打造的是一种情境交融。因此做建筑商也好、策划者、营销者、还有投资商，大家对建筑要有一种整体的全方位的感触，应该是共同在其定量的基础上去找变量，从一个全面烘托可经营城市的角度去做好的建筑。第二个观点，是结合民意的默契造城市。我们在日常的营销过程中，或者说在产品定位的过程中，于20、30年的房地产运作中，经常遇到的是本位的认为由于我喜欢、由于流行、由于我自己感觉这样的产品是好的产品，它的理念非常得独特、非常有感觉，它一定能卖出去。但时至今日，大家遇到了来自于市场的反馈，答案是“不科学的，没有与需求对等的产品不一定能卖出去”。如果你产品的定位、你的性价比不够好，你的东西细节不够精准、不够细致，你前期所做的对这个项目的分析、研究不足，比如说消费者，你没有跟他对接，你完全想的就是我建了这个东西，你一定要接受，是非常不理性的。因此我认为作为一个要销售的项目，需要进行市场达成的项目，就一定需要进行消费者调查，要了解购买者的需求、喜恶，任何一种购买和消费都不是强加的。同时，如果政府改造一个区域、做一个市民广场，做一个公建，是不是也希望大家能够接受它而不是拒绝它，而不是保留距离呢？我觉得一定是需要有一种拉动和亲和作用的，要让民众意向与你所做的建设融合在一起。因此无论做商品建筑抑或是公建，都需要考虑消费者和民意的结合，明了真正的需求。当今的发展时期，无论建筑塑造、城市塑造， 评判你的总会是作为消费者、体验者和传播者的民众。其传播直接影响到你的品牌、收益以及你的有序发展和持续发展，“得民意者得天下”。所以我的观点是两个，一个是“经营城市的角度做建筑”，二是“结合民意的默契造城市”。韩玮烨：我们还得回到我们的话题，实际上大家聊了一圈，我觉得话题集中是两个点。一个是老建筑和新建筑在我们这个城市里如何和谐共处。因为老建筑是大家的心灵家园，新建筑是咱们每年盯着GDP往前跑，我觉得这就是目前我们大城市里存在的老建筑、新建筑，哪个是城市名片的问题。对于新建城市来讲，是在一个接近白纸，这是中国近几年城市化发展过程里，中国的城市才刚刚开始涉及到这些东西。近20年来，施政者，或者政策参与者怎么样来理性地确定这个地标，我觉得今天话题可以拆分成两个小的话题。第一个话题，和谐共处的问题，刚才大家聊了很多，有聊责任，谁把北京给搞乱了。我觉得还是要想一下建设性的意见，就是说在搞乱的基础上，我们各个参与者，怎么样去修复的问题。我还是想听一下建筑师们和规划口的这些专家的想法，赵老师是做城市规划的，傅老师和梁老师是偏建筑的。是不是能再给我们一些好的想法。赵云伟：转了一圈，我觉得大家可能确实是站的角度不一样，每个人都有关注点，我记了很多的关键词，有的讲的是传承传播、有的讲的是文化、有的讲的是舶来，站的角度都不一样。其实新老建筑、新老文化之间，必然面临一个问题，就是一个传承。你如果看这个东西，它自己的审美、它自己的底蕴，其实是最重要的。它怎么认为它是不是中国的、或者不是中国的，我觉得这个问题真的要上升到哲学的过程，要不然没有办法去谈的。很多事我们可能有既有的思维，我有两个个人对于中国传统文化的心得，第一个就是关于包公，我们学了很多年的历史，都觉得包公是包青天。我遇到很多的老师，跟他们讲包公的故事，他们说难道你们中国只有一个包公吗？中国老百姓是这样一个心理，他希望自己作主，所以影响到文化上的差异非常大。美国的好莱坞电影都是个人英雄主义，咱们的电影最后肯定是一个部队来救你。另外一个就是岳飞，我从小都喜欢听他的故事，之后我才知道，岳飞宋朝人，我是金朝人，我是游牧民族的后代，不是大宋朝的后代，这就是很重要的一个传承问题，你的关注点或者你的角度站在哪个地方。我刚才表述的观点，为什么说我支持现代的地标呢？刚才谁提到一个词，生活。当代生活在一个世界里，反过来看，罗马不是一天建成的，是几千年建成的，其实在罗马找不到几栋楼是留下来的，大部分的建筑一次次被推平、重建，留下来的都是幸运的。但是每一个时代，它应该都有自己代表时代的地标性的东西。这个东西也许在经济上浪费了，也许是卖不出去的，但是一定是迎合了当时这些主流的文化。目前我们这个时代的文化，其实大家都很清楚，就是消费文化，刚才王总讲的格拉斯小镇的例子，非常清楚的名字，为什么起这个名字，因为老百姓喜欢，我好买房。这就是文化的传承，我们再往上追，一直到麦当劳、肯德基。所以你单独拿中国的古典文化跟它抗衡，不太可能。我又想到一个例子，讲到李大钊传播国外的新马克思主义文化，他要首先给能听得懂的人们讲，他会跟乡绅们讲，那时候他穿着长袍，下面的人穿着西服、皮鞋。他问大家你们是否觉得我土、你们洋，你们已经吸收了西方的消费文化，我吸收的是西方文化的精髓。这个是一个很大的本质，就是说这是两条线，一条线，通过教育、通过正常的媒体渠道影响到文化。另外一条渠道就是消费，不管是购物、买房、旅游等等，一个是消费、一个是正常的文化传统。交到最后发现一个道理，这个道理就是，如果说这个人很有文化，是个博士也好，或者是留学的，出国读过书的，有学问的。其实他代表了他在国外学了很多的技术和文化，还有一条线是我们国内的这些所谓的被销售的对象，我们被动地接受了西方的电影、媒体等等。所以，两方面加起来之后，你会发现只要你是消费的东西，挖掘到根上，大部分还是西方的底蕴。包括其实我们这个九朝会，从外面看看不出来，这个地方大家认同这是望京的一个地标，可是望京在北京市就没有传统，无非是借了一个东西，还是为了消费，基于大家能够有一种怀旧的心理上的东西。如果新老对比的话，老的保留的一定不是心里的东西，而是壳。我做过西藏的昌珠镇，是中国第一个批准的，没有超过20年的房子的一个镇，批了历史文化保护名镇。这个地方几千年一直保留着传统的生活方式，它的生活方式的第一条就是我有钱我就盖房子。包括昌珠寺，中国1956年第一批历史文化保护单位，但是它跟原来完全不一样，所以说藏族的传统文化，传统生活建筑方式是保留的。包括我们的什刹海，大家觉得很好，但是都是酒吧、餐馆，已经不是以前的什刹海了。我们改造四合院，将来也是要给一些明星这种人去住。我们剩的建筑、剩的街区，是更多地保留它让大家记住它。一个城市它的进步，是一点一点地蜕变的。假如说我们再过一千年看，我相信北京没有四合院了，而且中央电视台也没了，你就不知道是什么样子了，因为那是一个进步，你只能看到当代一个时代。比如说老外到中国来，现在是连续三年老外到中国来，第一目的地是上海，不是北京。第二就是人数，我们想到来旅游的人，肯定是北京超过上海，错了，今年连续三年来上海超过北京。为什么？因为上海更接近他们生活的方式。他更多地对你城市的认同，是你内在的生活方式是不是认同。咱们再往前发展来说，我不是北京人，刚才这个王总是北京人，我就问到底多少北京人生活在北京的。伦敦、巴黎、纽约一半以上外地人在那里工作。所以这是一个趋势，这个趋势是不断地通过消费，让你慢慢地抹煞逆城市的个性，变成大一统的城市，这是没有办法去抗衡的。这是我的观点。,3,4,0.9924694895744324
出口退税调整有限 专家称保出口不如保企业面对即将再次调整的出口退税，围绕这一政策的适应性和操作空间，以及背后体现的国家针对外贸脱困所能做出的政策选择，有关专家认为保出口不如保企业。 3月26日，在北京举办的“如何帮助中国外贸走出下滑困境”论坛上，国务院发展中心对外经济研究部副部长隆国强表示，我国出口退税在经历了连续多次上调以后，该政策的调整空间已经不大，且相对于在保持国际贸易市场份额的近期目标而言，解决事关外贸企业发展甚至是生存的融资问题，亦是保证我国外贸最终走出困境的更为迫切的问题，“这是保未来”。 此前的国务院常务会议决定，从4月1日起，提高部分纺织服装、轻工、钢铁、有色金属、石化和电子信息产品的出口退税率。 在当日论坛上，对外经贸大学教授、中国WTO研究中心副院长桑百川提出，出口退税政策在理论上应该是中性的政策，而我国却作为调整进出口规模的一个政策杠杆使用。 商务部研究院研究员梅新育强调，国家的调控政策，不能以“保增长”为借口而牺牲“调结构，不应该指望它成为维持我们以前落后模式的救生圈”。 对此，隆国强认为，我国出口退税在经历了连续上调以后，进一步通过出口退税使外贸脱困的政策空间已经不大。 从去年年初到今年2月，国家已经5次调高出口退税率，涉及近4000种产品。 而且，提高出口退税对于帮助外贸企业走出困境的效果来讲，并不是理想的途径。 “对退税来说提高2个百分点，就意味着企业获得了2个点的降价空间，那我们竞争对手可以选择更多，这个可以增加你的竞争力吗？”隆国强称。 隆提出，在目前的情况下，中国不应该单把注意力放在保出口上，因为出口额的增加并不意味着出口企业的生存良好。 “目前我国外贸要走出困境，必须在认清形势的基础上确定合理的远近目标。其中，眼前要做的就是确保我国的出口速度不低于全球速度，以保证在全球的出口市场份额中不减少。”隆国强说。 据估算，一些劳动密集型的传统的制造业产品，中国的产能、产量和出口量占世界市场80%甚至90%，而在国际金融危机的影响下，世界市场容量萎缩到了原来70%甚至50%。而比保眼前的市场份额更重要的是要保出口企业。“这是在保未来”，隆国强说，目前发生的全球性金融危机其实是个大浪淘沙的过程，在这个时候可以让出口企业瘦下来，但不能让企业死掉，随着市场的复苏，如果企业还在，就可以重新扩大规模，组织生产来抢占国际市场的份额。 “我国外贸形势出现恶化已经持续了很长一段时间，之前已经死掉不少企业，能够坚持下来的，应该说都是有一定基础的。我们要保证好的企业不被金融海啸淹死。”隆国强对记者说。 这个时候，对于外贸企业来讲，获得融资可能是最迫切的。 据世界银行的一个评估报告显示，今年3月份全球贸易融资的缺口已经扩大到1000亿美元，比4个月前扩大了3倍。 对于解决外贸企业的融资问题，隆国强提出，政府可以发挥的作用就是拿出一部分钱来做融资担保，这对困境中的企业来讲，可能比提高退税率更加有作用，“公共政策要考虑成本和收益，总的财政资源是有约束的，应该考虑怎么能够少花钱多解决问题，而且要解决最迫切的问题”。 工信部部长李毅中在今年两会期间曾表示，中央财政新增10个亿用于中小企业的担保，希望能够解决4万户中小企业2500亿的贷款。 不过，中国社科院世界经济与政治研究所副所长李向阳对大规模的出口信贷投放可能带来的远期问题表示了担忧。 在其看来，应该考虑的一个问题是，随着金融危机的发生，发达国家的消费模式将可能发生改变，这就可能对中国以及整个新兴市场的中长期出口带来影响。 “如果这样的判断成立，如今大规模向这些外贸企业放贷，将面临战略风险，”李向阳表示，“我们一方面要通过促进出口信贷来促进我们的出口，另一方面还得高度关注债务违约发生的可能性”。,3,7,0.6786137819290161
刘达飞：人无论走到哪里 都不会忘记自己的根段妍玲：我们有请下一位刘先生。刘达飞：非常感谢主持人。话题接到的比较晚，在路上看了一下关于回潮这一块。因为我本身理工科出身，对文化谈的可能不深入，但是非常感谢宫总，还有王总给我一个话题的切入点。刚才宫总提到了学校生活，王总也提到了清华，咱们就从清华开始谈起。从清华毕业很长时间了，但是到现在为止不管参加各种各样的认证考试或者其他的一些学习的机会，都愿意回到图书馆去学习，当然咱们不谈清华东门，清华科技园搞砸的那一片，咱们就说清华的图书馆，从这儿谈起来。我不知道这种感觉或者这个思想，或者这种感触是叫回潮才对，还是叫刚才是许总提到的怀旧，谈谈这个吧。人总是要从一个地方走到另一个地方的，但是他永远不会忘记自己的根，更愿意回到自己原来居住或者生活的环境来，这是我对回潮的理解。刚才有几位嘉宾谈到回潮谈的比较深入，给我非常大的启发。像刚才宫总讲了很多，但是给我印象最深刻的是宫总好像非常不愿意，房地产这个楼市的房价的回潮，就是宫总给我的感觉。还有RCS中国的孙总谈到思想层面的回潮，使我下面这个话题我不知道从何谈起了，因为我不知道谈思想上的还是谈物质上的，因为我也是做房地产开发的，虽然口碑不好。我们就谈一下，从我们公司谈起，因为我们在做产品，从产品设计或者开发建设或者采购环节，就像和陈总一些合作上关于回潮的话题。在做建筑的时候，我们认为建筑的本原是人，从原来追求的奢华或者是外立面的效果转变为以人为本的思路，也不太清楚这个是不是叫回潮。因为中国人的习惯喜欢出门见到题，出门踏到地，所以我们公司也在做别墅，能够满足刚才许总讲小众精英特殊需求，在京郊有一些项目。另外关于小区里的塔楼逐渐被摒弃掉，另外还有一些，比如说为了满足中国人惯有的买房置地的习惯，廉租房也出来了，让大家租房子还是不愿意的。就谈这几点，可能更深层次的问题还没理解到。非常感谢。,3,5,0.45628687739372253
刘达飞：回潮越来越秉承以人为本思路段妍玲：我们有请下一位刘先生。刘达飞：非常感谢主持人。话题接到的比较晚，在路上看了一下关于回潮这一块。因为我本身理工科出身，对文化谈的可能不深入，但是非常感谢宫总，还有王总给我一个话题的切入点。刚才宫总提到了学校生活，王总也提到了清华，咱们就从清华开始谈起。从清华毕业很长时间了，但是到现在为止不管参加各种各样的认证考试或者其他的一些学习的机会，都愿意回到图书馆去学习，当然咱们不谈清华东门，清华科技园搞砸的那一片，咱们就说清华的图书馆，从这儿谈起来。我不知道这种感觉或者这个思想，或者这种感触是叫回潮才对，还是叫刚才是许总提到的怀旧，谈谈这个吧。人总是要从一个地方走到另一个地方的，但是他永远不会忘记自己的根，更愿意回到自己原来居住或者生活的环境来，这是我对回潮的理解。刚才有几位嘉宾谈到回潮谈的比较深入，给我非常大的启发。像刚才宫总讲了很多，但是给我印象最深刻的是宫总好像非常不愿意，房地产这个楼市的 房价的回潮，就是宫总给我的感觉。还有RCS中国的孙总谈到思想层面的回潮，使我下面这个话题我不知道从何谈起了，因为我不知道谈思想上的还是谈物质上的，因为我也是做房地产开发的，虽然口碑不好。我们就谈一下，从我们公司谈起，因为我们在做产品，从产品设计或者开发建设或者采购环节，就像和陈总一些合作上关于回潮的话题。在做建筑的时候，我们认为建筑的本原是人，从原来追求的奢华或者是外立面的效果转变为以人为本的思路，也不太清楚这个是不是叫回潮。我们公司也在做别墅，能够满足刚才许总讲小众精英特殊需求，在京郊有一些项目。另外关于小区里的塔楼逐渐被摒弃掉，另外还有一些，比如说为了满足中国人惯有的买房置地的习惯，廉租房也出来了，让大家租房子还是不愿意的。就谈这几点，可能更深层次的问题还没理解到。非常感谢。,3,5,0.6229169964790344
别墅装修竟遭八次打砸记者刘蔚丹 实习生黄康报道：“自己买的房子要装修，却接连遭遇打砸。”昨日，青菱乡青青花园小区的两名业主，不堪其扰到处求助。记者赶到现场时，当事人黄先生仍心有余悸。黄先生说，就在早上他的房屋还被十几人围着，从装修到现在的短短两个多月时间里已经八次了。黄先生的邻居欧阳也正遭遇着同样的情况。黄先生介绍，他于2004年8月6日与武汉市洪山区青菱建筑公司订立《商品房买卖合同》，购买该公司开发建设位于洪山区青菱乡张家湾青青花园B型二栋1号房东面住宅一套，面积289.11平方米，价格为48.8万余元。合同约定前期已付34万元，余款办齐两证后支付。为了装修房屋。今年3月27日，黄、欧两人与该公司签订进场装修《补充协议书》，并分别向该公司支付50000元房款和10187元房屋配套费、物业管理费及装修费。可令他们不解的是，进房装修后，就不断有人来找麻烦，称房屋已被他们购买，并强换门锁，恐吓威胁装修工人，不准装修。黄先生告诉记者，他听说青青花园某些房屋存在一房两卖问题，也因此向该公司雷姓负责人提出疑问，对方表示黄先生装修的房屋无任何争议。小区物业的管(音)姓负责人告诉记者，由于两名房主买房后长期未装修，也曾流露过想退房让其代卖的意图，才出现这种情况。据了解，青菱警方已介入调查。,3,4,0.8872886896133423
别墅邻近停尸房业主退房讨装修费本报讯(通讯员刘洋)高档别墅毗邻停尸房，开发商同意业主李女士退房，但拒绝赔偿装修费。为此，李女士把开发商告到石景山法院，索赔损失8.5万元。李女士购买了西山脚下一处别墅，支付首付款后，聘请装修公司装修。“我购买别墅后才知道，不远处有一停尸房，这种地儿谁敢住啊？”李女士说，她和开发商协商后，对方同意退还购房款，但拒绝支付李女士的装修费8.5万元。李女士认为，开发商事前没有告知地段详情，导致她购房并装修，应该赔偿她全部损失。,3,4,0.9494969248771667
勾结物业经理及保安 恶势力团伙强卖装修材料本报讯(记者王鹏昊通讯员张立先)得知通州区阿尔法小区开始向业主交房，无业男子刘刚等人勾结小区物业经理及保安，向业主强卖装修材料。通州警方昨天透露，该恶势力团伙的刘刚等13名犯罪嫌疑人已被刑事拘留。 7月底，通州警方陆续接到市民报警称，在通州阿尔法小区有一伙男子强迫他们高价购买沙子、水泥等装修材料。接到群众举报后，通州警方开始在阿尔法小区周边展开调查。办案民警称，他们通过蹲守发现，该团伙在小区门口搭起了一个露天的店铺，销售沙子、水泥，价格比市场上高出七八元，分量上也是缺斤短两。一旦发现有外来商户向小区内送沙子，他们便上前阻拦，如商户、业主不听劝阻便拳脚相加。最终，小区内近八成的业主只能从他们手中高价购买沙子、水泥。对于业主让商户运送的瓷砖、板材等装修材料，他们则迫使业主雇他们的人高价搬运，一层楼每包加收1元“上楼费”。8月5日，通州警方将刘刚等人抓获。 事后，刘刚交代，他们为了能够截留，还勾结了该小区的一名物业经理及两名保安。一旦有商户拉货进入小区，保安便会通知刘刚等人前去阻拦。与外来商户、业主发生争执时，物业经理则负责帮他们调解。,3,4,0.8742794394493103
包工头不断要钱 新房子装修一年新快报讯 (记者 辛捷恺 实习生 郭超)“原本只需3三个月就可‘搞掂’的工程，却用了一年零两个月。装修期间还多次要钱，共计86000元！”祈福新村的董阿姨辛辛苦苦攒钱买房，本想装修完就入住；但是一年多过去了，钱花了不少，房子却仍然残旧不堪。“更闹心的是，工程负责人龙先生居然把工人都叫走，扬言要再拿1万，否则继续‘罢工’！”记者在现场看到，三层楼高的房子，房里房外一片狼藉，对门的地方堆着黄沙，接水的管子裸露在外，木屑和碎玻璃满地都是。屋内更是凌乱不堪，七八个油漆桶东倒西歪，地上未撬完的地板，工人施工用的梯子、木棒、铲子胡乱摊着，连放脚的地方都没有。阿姨无奈地说：“由于他们负责的工程迟迟未完成，其他装修项目也无法进行。”记者还看到，与董阿姨家同时期买房、甚至比她晚买房的邻居也早已入住。下午3时许，记者见到了工程队的老板龙先生。他态度很强硬，拿着账目表对董阿姨说：“如果不确认价格的事情，我是不会开工的。你看你儿子什么时候有空，一项项确认之后，我可以保证6天内完工。我现在也不收你什么钱了，但是你必须承认我之前的劳动。要不你再怎样说，我都不会答应去动工的。我需要你们给我一个承诺，我才敢放心开工！”协商在争吵中再次停下来。最后，董阿姨表示：“如果再协商不了，我会要求走司法程序，让他们赔偿我的精神损失，以及因为装修延期、无法将房屋出租的损失。”,3,4,0.7248835563659668
博洛尼陈炜：回潮是一种创新陈炜：因为一个沙龙的话是一个思想碰撞，思想碰撞一定是有互相的辩论和讨论。根据孙群的话，就是谈到了经济基础决定上层建筑，其实回潮我的一个理解，回潮它不是怀旧，可能有很多怀旧的因素，有很多怀旧的现象，有很多怀旧的产品出来，回潮是一种创新，那这种创新的话它其实根源于历史结合现在的创新才能出现新的东西。而且这种创新是经济到了一定情形下才会出现更多的自信去做那个创作。        这就要先说到我们九朝会，九朝会你说它是一个怀旧的地方，是一个很时尚的地方，还是一个混搭的地方，因为这里可以看到很多元素。我们蔡总为什么愿意做九朝会谈起，有些话题很有意思？因为我们发现中国的经济，从这二十年到三十年的发展现在一不小心成为世界第二强国，这前二十年到三十年我们都认为所有东西国外是最好的，从我们孙总最早代理国外家居产品做起，带动了中国的媚外的潮流。现在发现观点变了，从我们装修的角度就可以看出来，现在很多的家里各类的装修，慢慢都会要求加入一些中国传统的中式的东西加进去，但这种中式的东西又不完全是纯粹的中式，要求是新中式，也就是说用现代的手法和现代的概念展现中国传统文化的元素的展现，我觉得这是一种很有趣的创新。在我们九朝会里面的话想体现的是中国从魏晋南北朝的时候，士大夫的精神在这里有所体现，但是展现的方法又不完全是，比如我们在戏派里展现的是昆曲，因为它被联合国评为物质文化遗产之首。京剧本身就是昆曲创新出来的一个衍生的形式。在我们做这个产品的时候，其实一直就是不能照搬，一定是用现在解构的办法展现出来的东西，所以我们也会设计原先的那个炕，像魏晋时期的士大夫在小桥流水旁边席子一卷就出来了，我们可能不是传统的东西，可能用的是现代的装饰的材料来体现这个产品。这里还有很多的空间和区间都有类似的概念和特色。    为什么要这么做？我们会发现中国经济起来以后，一定会有文化上自信起来。这种文化自信起来根源于中国传统的东西，像我们现在到国外，他们对孙子兵法等等是津津乐道，现在的中国什么能代表出来反而很难。这点的话中国经济现在这种强大必然会给我们一次机会，让我们能够结合现在的东西能够展现出去给整个全世界做一点表现。我想这种回潮，其实也是一种回潮，这是根源经济的发展，文化上的自信而做的更多的创新，而这种创新是结合了历史又结合的现代的一种创新。所以我想我们讲的这种理解，不仅仅简单表现一种现象和情况，也因为如此的话，我们是做企业，做商业的情况，我想孙总，他是忧国忧民，讨论的是思想层次和制度层面的东西。我想这种文化的创新，这种回潮必然也会带来了很多商业上的趋势，但我们也不希望如此，不仅仅希望这种商业上的趋势仅仅变成像怀旧的，变成时尚的元素的一个概念，让怀旧变成一种时尚的概念，而应该是人们真正根源于一部分文化上历史上带来的一个新的创新，这个可能是我的一个观点。段妍玲：大家不同意这个观点的可以辩论，我想大家都比较同意。请杨主任来决定这个沙龙的第二轮辩论。,3,4,0.900180459022522
历代珍品古玩现身十里河程田古玩城(图)图为 历代珍品古玩现身十里河程田古玩城图为 历代珍品古玩现身十里河程田古玩城图为 历代珍品古玩现身十里河程田古玩城一场由程田古玩城亲自操办的珍玩精品展近日亮相十里河程田古玩城四层美术馆西区，展品包括汉古玉、唐三彩骆驼、元青花玉壶春瓶、明八角烛台等历代珍品古玩。此前程田美术馆内也多次举办珍玩精品展，并与知名鉴宝栏目及杂志合作，推广程田古玩城的市场形象，但那些参展产品多是来自于社会和业界收藏家。此番程田古玩城亲自操办精品展，所有展品均来自于程田古玩城内。这表明，程田古玩城确实“有货”，奇珍异宝数不胜数，显示出其在业界的领先市场地位。 “这是战国时期的玉盅、这是辽代的带扣、这是汉代的玉龙首、这是唐代的玉骆驼、这是……”8月18日，当记者来到十里河程田古玩城四层美术馆西侧的精品展厅时，董事长程永田兴致勃勃地向记者介绍展厅内的历代珍品古玩，“这些古玩价值连城，多年来一直被程田古玩城内的古玩爱好者收藏着，如今拿出来给业界专家和爱好者分享一下，让人们认识认识程田古玩城里的宝贝！”记者观察发现，参展的展品包括唐三彩骆驼、元青花玉壶春瓶、明代八角烛台、三彩大罐等诸多稀有瓷器，以及红山文化、汉代古玉、极品田黄石、清代昌化鸡血石印章珍品。从年代来看，有战国时期的玉佛器、玉盅，汉代的玉麒麟、白玉四不像、玉龙首、玄武玉，辽代的白玉带扣，唐代的唐三彩骆驼，宋代的玉石狗，明代嘉靖年间的三彩大罐、万历年间的青花瓷、青花八角烛台、黄玉佛珠，清代的三色宝石、象牙器物以及清晚期的极品田黄石、鸡血石等。由程田古玩城亲自操办，大规模集中展示历代奇珍异宝，这还是第一次，程永田表示，此前程田美术馆也曾举办过古玩珍品展，但参展展品多数是来自社会爱好者及业界收藏家，在规模、数量、价值等方面均不及程田古玩城亲自操办的珍品精品展，“这样做的目的就是希望让广大爱好者和业界专家看到程田古玩城内的珍品宝贝，同时给各界收藏着提供一个展示交流的机会，以此弘扬传统古玩文化，推动文物事业发展”。程永田表示，第一届珍玩精品展要起到抛砖引玉的作用，“日后，这样的展览会持续举办，每期可由程田古玩城内的收藏者联合举办，或者由单个收藏者独自举办，通过持续不断的展览，会让社会各界认识到程田古玩城内奇珍异宝无数”。事实上，程田古玩城内每个商户都可称得上行家，每个人的收藏爱好品种不同，但在各自的领域内都有一定知名度，也就是说，他们手中多多少少都有一些价值连城的珍品名品。不定期拿出来展览，一来能让广大收藏者开开眼，二来也能提升商户自身及程田古玩城在业界的地位，程永田道出了程田古玩城举办精品珍品展的直接意义。虽然程田古玩城首届珍玩精品展没有大范围地广而告之，但记者发现，展览刚刚布置完成，已经有不少爱好者和专家前往观赏。程永田满面春风地笑说，以后，来看珍品的收藏者和专家会越来越多。商报记者 田志英/文并摄,3,1,0.9306885004043579
原材料稀缺 红木家具或将成为文物对话杨家驹：原材料稀缺 红木家具或将成为文物杨家驹这个名字，很多喜爱红木家具的朋友都并不陌生。他是中国林业科学院木材工业研究所副研究员、红木国家标准的第一起草人。日前，我们来到了杨教授的办公室，就红木家具市场的现状展开了一番对话。《红木文化长廊》：杨教授您好。我们都知道，红木原材料很多都属于稀缺树种。据您了解，这些树种目前世界上的存量还有多少呢？杨家驹：从绝对数量上说，有的树种存量还不少。但从相对数量上说，已经是越来越少了。近年来红木家具大火，造成了这些树木被大量砍伐。我们的红木原材料主要都是从东南亚和非洲进口的，现在人家的政府已经意识到了这个问题，针对一些濒临灭绝的树种，开始颁发禁伐令。这是一个可持续发展的问题，我们不但要自己享受红木家具带来的种种好处，还要把它们留给子孙后代。所以，红木原材料就是那么多，总有一天会有砍完的时候。《红木文化长廊》：那您预测，这一天大概到什么时候将会出现呢？杨家驹：这个时间可能是十几年，也可能是几十年。谁也说不准，因为它是由市场决定的。市场的需求越大，它到来的可能也就越快一些。《红木文化长廊》：但生产红木木材的各国，不是也都在人工种植那些树木吗？杨家驹：对。所以我所说的砍完，并不是永远的枯竭。红木原材料只是在某一时间段内，将成为不可再生资源。它能再生，但是时间将很漫长。因为能够成材做成红木家具的树木，一般树龄都要在几百年以上。前人栽树后人乘凉，现在种的树，要等到几百年后才能用来做红木家具。《红木文化长廊》：那面对这种情况，这个市场该如何应对呢？杨家驹：首先，我所说的红木就是指红木国标里确定的33种用材。实际上，在国标之外，还有不少树种同样适宜制作传统家具，材质上也很不错，甚至完全可以超过33种材料之中的某一些树种。虽然用它们做成的家具不能叫做红木家具，但完全可以叫做明式或者清式古典家具，同样具备文化意蕴。再有，现在市场上的红木家具到时候就都成为文物了，人们可以从文物的角度重新欣赏、判断其价值。,3,1,0.8367379307746887
各城市领导分别谈对林业产业维权看法 &nbsp;主持人：广东省知识产权局对林业产业国际维权十分重视，并给予了大力支持，下面有请广东省知识产权局副局长郑良生先生发言。郑良生：各位领导大家上午好，我代表广东省知识产权局对本次研讨会成功召开表示热烈的祝贺。刚才听了贾局长的重要讲话以及各位专家的发言，特别是听了燕加隆公司所取得的国际维权情况的汇报，很有感触。对于燕加隆公司在国际维权这件事，广东省知识产权局一直非常关注，也真心的希望他们可以打赢这场国际商战，前不久燕加隆告诉我，赢了，燕加隆赢了官司，在这里我对燕加隆的成功和胜利表示热烈的祝贺。下面我想就燕加隆公司在国际维权当中所取得的成绩讲几点看法：一，燕加隆胜诉的关键就是燕加隆一拍即合技术具有知识产权。用广东人讲这是正货，不是假货，正因为是具有知识产权的技术，所以才可以在国际上站住脚；第二，燕加隆胜诉的成本就是他们重视创新，重视知识产权，把知识产权视为企业的生命，创新是知识产权的手段，而知识产权是保持创新的法律保障；三，燕加隆给予我们的经验是非常可贵的，在他们取得成功的同时，也给予我们一些重要的启示，第一，知识产权是企业走出去的战略法宝，是企业开拓国际市场的一把利剑；第二，在企业建立知识产权制度是现代企业制度发展的必然；三，企业要发展，必须重视技术的研发和创新，从而创造出自己的知识产权，形成自己的核心技术，占领产业发展的制高点；四，要有一只懂得国际知识产权的队伍，第五，进行国际知识产权的研发，有计划的进行战略布局，这一点我认为我们要学习发达国家企业的经验，例如摩托摩拉公司，他们的手机在中国上市前已经在中国申请了很多的专利；第六，遇到国际贸易摩擦时要积极应诉，敢于应诉，勇于维护自己的利益，积极不是蛮干，要像燕加隆公司一样，有胆有识，有理有据，研究制定应对的策略。以上几点看法是我认为的看法，仅供参考，谢谢大家！主持人：湖北省十分重视科技创新，省林业局率先组建了中国首家低碳经济产业园，引入了像燕加隆一样具有核心知识产权的企业，参加会议的除了林业厅还有一些有关的县、镇领导也参加了，体现了对知识产权的支持，下面由湖北省林业局代表陈先生发言。陈先生：各位领导、各位来宾大家好，今天发言的应该是我们王局长，但是今天下午他要参加一个调研，他临走的时候委托我代替他发言，所以我今天代表王海涛局长，代表湖北的地板企业向燕加隆在加拿大、美国337当中的胜诉表示热烈的祝贺，这不仅长了燕加隆的志气，更长了中国民族企业的志气，这是燕加隆公司掌握产业核心技术，前不久我省在湖北成立了低碳经济产业园，燕加隆公司作为这个园区的龙头企业，牵头企业，投资数亿元发展低碳经济，在这个方面，为发展低碳经济改革方面真正的起到了龙头带动作用，燕加隆一拍即合的专利技术不仅在于他是产业核心技术，也在于他的环保核心技术，不仅如此，燕加隆公司还在湖北发展产业工业，营造工业园40多万亩，有利的支持了低碳经济的发展。燕加隆企业的胜诉，为我们的所有的民营企业带了一个好头，树立了一个榜样。最后希望燕加隆公司进一步注重产品的质量，加大国际市场的力度，进一步研发新产品，推出新技术，获得新专利。把企业做大做强，在国际竞争中仍然立于不败之地，谢谢大家！主持人：林业产业知识创新，国际维权的问题一直得到国家林业局的重视，现在有请国家林业局科技发展中心常务副主任林先生发言。林先生：非常感谢主办方能够在这里为我们行业举办这次研讨会，代表国家林业局科技发展中心科技司对本次会议的主办表示衷心的感谢，同时也感谢大会为我提供一个发言的机会。在这次会议上非常荣幸，也非常高兴的听到燕加隆再次在国际素取得了胜利，燕加隆公司是我们中国，尤其是中国林业企业在国际上参加国际贸易诉讼取得成功的比较少的范例之一，在林业行业当中取得了巨大的振动，我们科技口，科技界对这个问题十分的关注，受到了巨大的鼓舞，在此请允许我代表林业科技战线的全体员工，对燕加隆再次取得国际当中的胜诉表示热烈的祝贺。在世界经济日益全球化的大背景下，在知识经济飞速发展的今天，知识产权是一个核心竞争力的体现，为了应对全球技术贸易摩擦，为了提升我国经济、社会的发展水平和竞争实力。国务院在去年颁布了《国家知识产权战略纲要》，标志着知识产权战略已经成为国家层面进行实施，预示着我们国家的竞争和全球化的竞争上了一个新的台阶。在这里我简单介绍一下林业知识产权管理的有关情况。首先，介绍一个概念，就是林业知识产权包括哪些内容，为了进一步贯彻国家知识产权发展纲要，同时组织六个专题组在进行广泛的调研，争取在短期内制定，颁布出林业知识产权战略纲要。林业知识产权战略纲要主要包括这么几个部分，一个是专利，据我们了解和在数据库的统计有效记录，林业的专利数量是六万多件，其中近一半都是有效的管理，都是目前有效的管理，在全国专利应用总数的2%，整体来说还是不多的。第二项就是体现行业特色的新品种，中国是一个资源大国，也是生物资源非常丰富的国家，经过人工的治理开发，国家出台了一些新的政策，要经过授权、申请，测试、审查确认的，这部分的林业新品种目前已经颁布了四批，供78个，130多件，即将颁布，如果可以颁布的话，在今年年底，明年年初总数量大概在133个水准，达到500件左右。第三个就是体验行业特色的，比如说大家熟知的一些，我们和农业部共同管理的生物、植物、动物这些拥有地理标识的产品，林业这边主要是从林木，果树。再有就是体现林业知识产权管理范围，就是生物遗传资源，我们国家的生物遗传资源十分的丰富，这部分森林林产资源占全球的30%多，我们国家现在是生物遗传的进出口交易大国，通过人的治理、开发、应用；最近12月1日，国家林业局正式批准，将林业行业知识产权工作归到科技中心的职能部门下，为此还专门设立了一个执法管理处，主要负责林业新品种，专利，生物遗传方面监督管理形成执法，目前正在拟定的力量，在行业省区也要相应的建立执法部门。这次参加这个会议也是一个学习的机会，非常感谢主办方产业协会、林产工业协会，燕加隆公司给我们提供这个机会，在这里我们有两个处长在这里，将来作为行业的知识产权管理工作，既要对上面连接国家知识产权局、工商局之外，对内要做好协调，对林业企业做好服务性的工作。最后我简单介绍一下近期将开展的三项工作，主要是在以往工作的基础上，进一步加大力量，从贯彻国家知识产权战略纲要的角度，认真组织行业内的知识产权的工作，重点强化林业知识产权保护，促进林业自主创新和产业发展，抓住实施国家知识产权纲要的时机，抓住林业生物遗传资源等主要产品的保护和应用，提高林业知识产权的质量和核心竞争力。尽快的出台并落实国家林业局贯彻实施国家知识产权战略纲要的指导意见，加强行业指导和协调推进，采取相应的支持和激励措施鼓励自主创新，提升林业产业的整体实力；第二，联系建立林业保护的机制，重点开发出口林产品和知识产权的平台，为林业企业有效的支持产权壁垒提供信息和技术，这个工作主要依托协会的力量，学校的力量，科研的力量做。第三，是要推动建立各种形式的知识产权，开发和保护，开展林业科研单位，企业、单位试点，在此告诉大家一个消息，我们以将燕加隆公司，林科院木材工业研究所叶所长他们，还有大亚集团三家列为林业知识产权的试点单位上报到国家知识产权局，近期就应该批准下来了。我们想借这个机会提升我们的形象，林业知识产权这块的工作量，虽然刚刚起步，当然我们想开好头，高效一点，所以慎重的选择了三家，一旦成功，将获得国家的一些支持。重点是要提高自主知识产权和抵制国际贸易壁垒，推动林产业的发展，最后感谢主办方，认识大家非常高兴，我们行业知识产权管理部门将全力做好服务性的工作，密切配合协会、学会、企业集团、科研单位，以及林业全行业的管理部门，做好我们林业知识产权的保护和管理工作，谢谢大家！主持人：国家知识产权管理部门一直重视这项工作，现在我们欢迎中国专利保护协会副会长兼秘书长肖鲁青女士发言。肖鲁青：各位领导、各位专家大家好，再有两天2009年就过去了，2009年是不平凡的一年，温家宝总理接受新华社记者采访时说过去的这一年是惊心动魄的一年，金融危机当中企业是首当其冲遭受了很大的冲击，中央采取了措施，使中国的经济出现了企稳，一些企业突破了金融危机的影响和国际的打压，出现了良好的发展局面。今天在这里研讨中国林业企业国际维权问题，从一个侧面真实的反映了这个情形，深圳燕加隆公司多年来在市场上维护自己的知识产权，并取得胜利，成为我国企业海外维权成功的范例，因此，举办这么一个会议是具有非常重要的和深远的影响意义。首先反映了我国的企业在国际竞争中不断的发展壮大，我们国家拥有一批自主知识产权的企业，通过自己的努力，实现了一定的目标，也体现了中央领导说的创新可以赢得实力，创新可以赢得发展，创新可以赢得尊严的深刻的道理，在经济全球化的时代，世界的竞争最根本的还是知识产权的竞争，在这一点上，燕加隆就是一个榜样，他们发明的一拍即合地板锁扣技术是一个新兴的专利，它解决了地板的核心空白点，实现了核心的创新，满足了市场的需要，打破了国外市场的垄断，实现了知识产权的价值。其次我们通过燕加隆国际维权的艰难历程也看到，我们企业都面临着这样的挑战，中国的企业要想走向国际市场，必须要做好知识产权的大文章，随着我们国家的企业越来越多的进入国际市场，中国的企业在海外遇到的知识产权诉讼越来越频繁，美国的337调查已经不是什么新鲜事了，核心也是知识产权权利是否得到了侵犯，目前我们国家的企业95%的涉外专利诉讼都发生在美国，发达国家企业运用知识产权壁垒进行大量的侵权诉讼目的很清楚，就是排斥和削弱国外的竞争对手。发达国家的贸易保护主义日益加剧，维护他们的市场垄断和知识产权的优势，为了避免我们企业在知识产权战争中的高额代价，企业建立知识产权的经营策略，管理技术制订海外知识产权的管理应对，都是有效的措施，燕加隆可以通过核心技术，通过知识产权打破国外产业的垄断，走向国际市场也为我们广大的企业提供了一个典型的案例。燕加隆企业维权胜利也告诉广大企业，面对国外企业的侵权诉讼，我们不要迷信国外的先进技术，不能只采取回避的态度，应该敢于积极应诉，学会一定的规则，聘请有经验的律师应诉。近年来我们的企业也相继在国际侵权诉讼中打赢了官司，给我们中国的企业增加了信心和决心，同时也积累了国际诉讼方面的经验，希望更多的中国企业能够以燕加隆公司为榜样，努力的研发自主核心专利技术，不断的增强企业的竞争力，使更多的中国产品走向国际市场，国务院在去年六月五日颁布《国家知识产权战略》我们也相信各级政府也将为企业提供更好的法制环境和市场环境，促进越来越多的企业把知识产权战略融入到企业自身发展的战略当中，提高企业的知识产权，创造、应用、保护、管理能力，推动创新性国家的建设，谢谢大家！主持人：我们刚才以燕加隆国际维权经历为案例，在国际贸易、知识产权等多角度进行了研讨，各位专家、来宾都提出了非常多的建设性的意见和建议，有关国际林业产业维权问题，本次研讨会是一个开始，希望各界，各方面进一步重视和关心林业企业国际维权问题。本次会议就到这里。,3,4,0.8065199851989746
同方彭林：以一当四 开启家庭PC新时代(组图)功能卓越的至尊强者，以一当四来势汹汹，开启家庭PC新时代。备受关注的客厅高清家庭影院电脑(HTPC)行业将迎来新的变革！同方灵悦2——堪称全球最小最瘦身的代管去高清迷你电脑，基于NVIDIA公司的ION图形处理器，提供强劲的高清解码功能，完美支持1080P高码流搞清影音解码，超小体积仅1.8L，八面玲珑外观之下却内含相当丰韵，是一台集合蓝光DVD、搞清播放机、体感游戏机的小巧精致家用PC。时间：2010年1月22日下午15：30-17：00地点：清华同方股份有限公司嘉宾：同方股份有限公司计算机系统本部、消费渠道事业部副总经理彭林主持人：谢娟以下为现场实录：主持人：各位新浪的网友大家好，今天作客新浪乐居嘉宾聊天室的嘉宾是清华同方计算机系统本部消费渠道事业部副总经理彭林先生，彭总第一次到我们聊天室作客，可以先给我们新浪的网友问声好。 图为CRIC房商集团华北区总经理张晓辉为同方颁奖彭林：各位新浪的网友大家好，我是彭林，负责清华同方消费类产品。主持人：首先恭喜清华同方获得“2009新浪乐居网友最关注的数字家庭电脑品牌”，刚刚我们也进行了一个简短的颁牌仪式，说到清华同方很多产品都受到广大网友的关注和喜爱，我们最新近的一款产品就是灵悦2，它的功能是全功能客厅娱乐高清电脑，请您给我们讲一下全功能的定义，好吗？彭林：其实同方关注客厅数字化的事情已经很久了，包括我们名字叫做灵悦2你也知道其实它之前还有一个叫做灵悦1的产品，那个产品其实是在2002年左右就已经诞生了，经过这么长时间，我们对于数字家庭的理解又有了一个更深的进步，为什么我们这次开发灵悦2产品呢？我先简单介绍一下灵悦2产品的定位。其实我们在考虑未来消费类产品将要往哪个方向发展的时候，已经深刻的意识到一个问题，就是我们很多的消费者都有这样一个需求，什么样的需求呢？我们需要把一些电脑上的内容和一些互联网上的影音希望可以搬到我们普遍的客厅里的电视、音响或者投影仪比较重要的一些客厅的媒体娱乐化的设备上，这样用户体验起来可能更加舒服，而不是简单传统的通过普通的电视节目，或者简单的光盘、DVD。其实这样一个简单的现象背后透漏着一个深层次的未来的发展方向，就是笔记本电脑以及普通的家电化设备的融合，这个事情很多厂商已经做了。但是具体怎么做，做出什么产品可以很好的整合起来，让用户有很好的体验，清华同方主要是在这些方面做得比较靠前。这样一个产品你们会看到很小巧，非常时尚，甚至当拿到它的时候你会很惊讶它是一台电脑吗？可能觉得它不像一台电脑，很家居化的产品，其实这也是我们设计它的初衷，我们希望这个电脑设计起来以后，看起来好像一个普通的家电设备，但其实它是一台全功能的电脑。全功能有这么几个层面，一个是它用的其实是X86架构，X86架构意味着它可以运行W平台，运行W平台意味着所有基于W的软件、娱乐、播放的格式它是通吃的，都能够兼容的。另外，也意味着它可以把整个互联网的内容原封不动的获取过来，因为这是W平台和X86架构的优势所在。第二个全功能，它虽然体积非常小巧，但是它的性能一点都不弱，它用的是Ion离子平台，它在视频解高清方面的处理能力是非常非常强的，我们现在可以非常流畅的支持1080p的片源的格式，不要看着小巧，但是在视频表现力上是非常非常好的，这也是一个全功能。第三个全功能指的是我们在这么小巧的体积里，我们还做进了光驱，而且光驱还是可换的，将来你可以换成蓝光，或者你买了一台DVD可以换成蓝光，或者未来格式的光驱性产品，这个在业内就不容易了。因为业内如果有类型的产品的话，体积或者比这个产品大，或者没有光驱。没有光驱意味着什么呢？意味着用户只能把它当成互联网的终端设备使用，无法当成CE、DVD光盘的设备。用我的化来讲3C融合还不太到位，有了光驱以后，听歌、看电影都非常非常方便了。所以，用一句话概括，麻雀虽小，但是五脏俱全。 图为灵悦2产品图片主持人：您刚才提到这三点都与我们家庭娱乐息息相关，接下来请您给我们阐述一下在现在这个时代，您对于家庭娱乐所处这个层面的理解究竟是一个什么层面才能满足现代人对于家庭娱乐的一些需求，在这个过程中我们科技产品又扮演着怎样的角色？彭林：是这样，其实每个公司，包括一些国际大厂，像英特尔、微软都有自己对于未来数字家庭的定义，那些大厂也都出了很多成套的解决方案，但是同方作为一个中国的本土企业，它作为中国式的家电，在未来五年到十年中它应该变成一个什么样子，我们有自己独特的研究和看法，可能跟他们不太一样。我们认为国内的一些家庭在未来数字娱乐化应该往哪个方向发展呢？我觉得最重要的一点还是如何把互联网海量的一些娱乐资源可以真的和客厅、电视这种传统的显示设备和享受视听设备进行一个整合。这个其实就是我认为未来五年中国家庭特别关注的数字娱乐家庭的一个方向。怎么做，不同厂商在探索不同的道路，清华同方我们是希望提供一个非常家电化的设备，首先从外观就很家电化，从使用感受来说，也很家电化。比如它的快速开机，你希望一个家电型的产品，DVD也好，音响也好，开机时间不应该像普通电脑一样，一分钟，两分钟的时间才启动起来，你希望是一个即开即用的感觉。第三点非常方便，当你想看到一个影片的时候，你希望通过几个简单的操作键就可以看到这个影片，这些都是家电化的一些特性。我们电视、机顶盒一开开就可以直接观看了。这是家电化的一些要求，另外还有PC方面的一些要求，用户希望我获取的资源是无限的，他可能不太希望仅局限于电视台播放的一些内容，给我们固定安排好的一些内容，我希望选择我感兴趣的内容，这个是互联网可以提供给他的，但是普通的电视节目提供不了。还有就是互动交流，我不是仅仅作为一个信息的接收者，我可能也会在看或者享受的过程中我也希望表达我的一个感觉，或者我需要跟别人交流，或者我需要来改变我未来新的娱乐的内容和一些方式，我希望去表达，这些是普通家电提供不了的，是传统的PC领域所能提供的。融合指的就是把这两种方式很好的结合起来，让它既有家电化的体验，又可以有IT领域中内容的一个支持。我认为我们不用看得很远，说未来智能化家居或者娱乐化家居发展成什么样，但是我认为未来3—5年左右，中国的家庭很多人都会有数字娱乐整合的设备作为自己在家里娱乐的一个中心。,3,9,0.9839509725570679
吴厚斌感言生活不是诗叙写历程吴厚斌：大家下午好，刚才赵总、张总、李总说了很多的恭维的话，我说恭维是确确实实做得非常不够。今天是星期二，是一个非常繁忙的日子，我今天搞这个活动本身是很忐忑的，这些老总能不能来？会来多少？我这个诗集里，涉及到的人物有130个左右，今天到这里来的有七八十个，很多人因为繁忙，但是这样也发了信息来祝贺。在这里我心怀感激地说一下我的诗集。首先说一下为什么要出这本诗集，大家知道我是一个记者，文学不是我的本行，因为我真的没有读多少古文，更没有背多少诗，我在初中高中的时候都是理科，那个时候升学最主要。作为一个农村的孩子，要跳出农门，只要不考试的就不去学。那个时候历史、地理、语文都不是要求很重，因此对于诗的一些积累是没有的。后来开始写诗进了记者这个行业，发现不能人云亦云，我再行业里有一句话叫原创。不管写得怎么样，写得好、写得坏，一定是自己的东西我把它称为原创。逢年过节的时候看到一些新鲜的东西，总想跟朋友们发一个信息表示谢意，发现很多大家传来传去的格式化短信，没有新意，我想有一个新意，在逢年过节的时候就写一点新的。用诗的方式写，这个得到了一些人的赞赏，于是就越来越脸皮后，就继续写下去。到了去年的奥运会，因为报纸全部向奥运让路，所以没有多少事，天天看体育、看赛事，其实我不喜欢体育，但是因为是百年不遇的大事就看。看完以后，记者的角度就手比较快，如果不写手就会迟钝，就写一些东西发给大家。我发的这些人都是有头有脸的朋友、老板，大家都很忙，不像我这么闲他没有时间去看电视，我的诗成了他了解奥运赛事的重要途径，哪一天发得晚了一点他们还说你怎么不发了。这样一鼓励，奥运会16天，我写了26首诗，在这本诗集里有一个奥运板块，用我后来的感觉做了一定的修复，但是基本保持原貌。这样一来形成一个写诗的习惯，到奥运之后有一个习惯，每天看到什么事情都会写下来，然后跟朋友共同欣赏，有一部分人愿意欣赏，我在手机里形成一个群，写的每首诗歌发给大家。现在我的诗友群有200个比较固定的。形成一个习惯之后，到什么地方都写，我最多的时候到桂林一天写十首，一景一首，给大家发，他们说你每天都很闲，我说不是闲，而是每天都有感悟。时间长了我这些诗友有一个想法，能不能想个办法让手机空下来，有的人真喜欢我的打油诗。大家建议我出个诗集，我觉得作为我人生中的旅程，作为日常生活中所见所闻的敢想，把它记下来也是一个好事，慢慢把诗集起来，在出版社出版，这就是我为什么会出这本书的原因。第二个问题就是为什么叫“生活不是诗”出这本书的时候想了很多名字，出版商题的名字大家说太落伍了。就征集各种方案，有什么触摸生活、感悟生活等等，有一天跟一位朋友，跟一位朋友说，他说你不要说诗了，说家居行业有本书叫千万不卖家居，但是讲的全是卖家居，关键是卖的文化、卖的创意，生活不是诗，生活在你那里就是诗了。我马上有灵感，把名字定为叫生活不是诗，因为生活确实不是诗，只要有感悟、有激情的人才能写出诗。第三，这个诗集里写了什么，大家知道除了我们行业以外，还有很多其他的东西，有感悟、有出游、有奥运，又回到家乡看到美景，还有同学聚会的感悟，形成了十集，相对比较丰富。第四，诗集的特点，从原创的角度来讲，这本诗集的其他东西不重要，我觉得我有一个原创，自己给自己的诗集做注释。诗人都希望大家去猜，但是我希望我见到的东西、当时的场景全部写下来，让大家轻松地去了解。希望我这个生活不是诗，真正成为大家茶余饭后的谈资。谢谢大家！主持人：我想在座的嘉宾平时都会收到他发的信息，他是用手机在写诗，今天嘉宾给吴厚斌带来了一份礼物，接下来我们请这位朋友，给我们带来的一份礼物，有请。我们看一下他带来得是什么礼物。这是一个手机，上面有“秋之歌”这是吴厚斌刚刚创作的诵秋的诗歌。接下来我们请刘秘书长分享吴厚斌诗集的感受。,3,4,0.49234750866889954
吴厚斌揭秘《生活不是诗》创作历程吴厚斌揭秘《生活不是诗》创作历程吴厚斌：大家下午好，刚才赵总、张总、李总说了很多恭维的话，我说恭维是确确实实我做得非常不够。今天是星期二，是一个非常繁忙的日子，我今天搞这个活动本身是很忐忑的，这些老总能不能来？会来多少？我这部诗集里，涉及到的人物有130个左右，今天到这里来的有七八十个，很多人很繁忙，也发了信息来祝贺。在这里，我心怀感激地给大家说说我的这本诗集。 首先，我要说一下为什么要出这本诗集。大家知道我是一个记者，文学不是我的本行，因为我真的没有读多少古文，更没有背多少诗。我在初中高中的时候都是理科，那个时候升学最主要。作为一个农村的孩子，要跳出农门，只要不高考的就不去学。那个时候历史、地理、语文都不是要求很重，因此对于诗的一些积累是没有的。 后来开始写诗是进了记者这个行业，不能人云亦云，我在行业里有一句话叫“原创”。不管写得怎么样，写得好、写得坏，一定是自己的东西，我把它称为“原创”。逢年过节的时候看到一些新鲜的东西，总想跟朋友们发一个信息共享，发现很多大家传来传去的格式化短信没有新意，我想有些个新意，在逢年过节的时候就写一点新的。用诗的方式写，简单，明了，没想到这种做法得到了一些朋友的赞赏，于是就越来越脸皮厚，就继续写下去。 到了去年的奥运会，因为报纸全部向奥运让路，所以没有多少事，天天看体育、看赛事，其实我不喜欢体育，但是因为是百年不遇的大事就看。看完以后，做记者的职业反应是手快，就写一些东西发给大家。我发的这些人都是有头有脸的朋友、老板，大家都很忙，不像我这么闲，他们没有时间去看电视，我的诗成了他们了解奥运赛事的重要途径，哪一天发得晚了一点他们还会发短信来关切地问：你怎么了？没什么事儿吧？这样一鼓励，奥运会16天，我写了26首诗，在这本诗集里有一个奥运板块，基本保持了当时的原貌。 奥运期写诗习惯了，奥运之后就成了一个习惯，每天看到什么事情都会写下来，然后跟朋友共同欣赏，有一部分人愿意欣赏，我在手机里形成一个“诗友群”，写的每首诗歌发给大家。现在我的诗友群有200个比较固定的朋友。形成习惯之后，到什么地方都写，我最多的时候到桂林一天写十首，一景一首，给大家发，他们说你每天都很闲，我说不是闲，而是每天都有感悟。时间长了我这些诗友就对我说，你出个诗集吧，不然我的手机都存不下你的诗了。我觉得作为我人生中的一段旅程，作为日常生活中所见所闻的感想，把它积结起来，出一本诗，也是一件好事。这就是我为什么会出这本书的原因。 第二点我要说的是，为什么叫“生活不是诗”。出这本书的时候想了很多名字，最初叫“生活咏叹调”，是一个出版商取的。大家说太落伍了，像上世纪八十年代的名字。于是我就发动朋友一起想，征集各种方案，有什么触摸生活、感悟生活等等，都不是特别满意。有一天跟绿之岛董事长林高宝交流，他说家居行业有本书叫《千万不要卖家具》，讲的就是如何卖家具，因为它要表达的观点是，不要为卖家具而卖家具，卖的是文化、卖的是创意。于是我得到了启动：我写的是生活，生活不是诗，但有灵感，有激情，就变成诗了。于是我决定名字定为《生活不是诗》，因为生活确实不是诗，有感悟、有激情的人才能写出诗。 第三，这个诗集里写了些什么？大家知道，除了我所关注的商业、家居行业以外，这部诗集里还有很多其他的东西，有感悟、有出游、有奥运，有回到家乡看到的美景，还有同学聚会的感悟，形成了十集，相对比较丰富。 第四，诗集的特点，从原创的角度来讲，这本诗集的其他东西都不重要，我觉得我有一个最重要的原创，那就是自己给自己的诗集做注释。过去的诗人写诗，究竟是什么意思，都希望大家去猜，但是我希望在自己的书中把自己见到的东西、当时的场景全部写下来，让大家轻松地去了解。我想，如果五百年后我不幸成为人们怀念的诗人，那些想通过注释我的诗吃饭的人，肯定是被我砸了饭碗了。 真心地希望，我这本《生活不是诗》，给大家带来感想，带来快乐，成为大家茶余饭后的谈资。谢谢大家！,3,2,0.41811293363571167
嘉丽士淘宝官方专卖店开业惊喜双响炮9月1日，嘉丽士淘宝官方专卖店隆重开业，包括墙面漆、木器漆、氟碳漆、地坪漆等在内的数十款产品纷纷亮相淘宝商城。为庆贺新店开业，嘉丽士推出购漆双响炮，让网友惊喜不已。第一炮：凡购买嘉丽士漆满500元，即可获赠蒙牛真果粒牛奶一箱；满1500元，获赠蒙牛真果粒牛奶3箱再加5支；满3000元，获赠价值300元的欧莱雅化妆品据嘉丽士相关人员介绍，“淘宝官方专卖店”正式上线后，为让广大业主进一步体验海航高品质网上购票服务；第二炮：新店开业全线产品特价促销，价格低至7.5折。马上登陆，享受优惠大礼包吧！,3,6,0.6855034828186035
嘉丽士漆牛年大让利   加盟10万送20万在嘉丽士2009年营销精英集训会议上，嘉丽士总经理张文辉先生宣布“全力出击， 集中资源，精耕细作，密集网络”的营销作战方针，不惜重金聘请国际当红影星李冰冰小姐出任嘉丽士代言人，并公布史无前例、让利空前的“嘉丽士漆牛年大让利，加盟10万送＞20万”的招商政策，率先出击各种活动，抢占千载难逢的利好机会。率先出击E网络招商 抢占千载难逢的机会2008年金融海啸对各大企业影响颇大。据了解，阿克苏至今已经关闭12家工厂，裁员2万多名员工，开始执行“开源节流”计划应对金融危机。从康师傅高薪聘请到立邦的中国区总裁已辞职。中华制漆的“立邦团队”涌进，使原有的精英人才分流；收购华润的威士伯2008年销量下滑。而嘉丽士2008年在CCS紫光大道营销模式的指引下，在全国拥有800个加盟商，加盟店达到2560家，全年销售实现正增长，特别是乳胶漆增长幅度较大，成为涂料行业异军突起的一批黑马。日前，小品牌正在压缩投入，大品牌受全球金融危机影响纷纷出现不同程度的状况。而国家相继出台“二套房贷政策松动、免税、降息、暂停对境外机构和个人购房的限制、开发商拿地可延期付款”等等救市政策扶持房地产产业，使很多城市房地产连续数周销量增长，出现逐渐房产回暖现象。可见，2009年是嘉丽士天时地利之年，是嘉丽士把握千载难逢机会之年。因此，嘉丽士率先挑战机遇，在各大涂料网站、建材网站、装饰网站、招商网站、搜索引擎网站、门户网站家居频道等等1000多个网站进行“嘉丽士漆牛年大让利，投资10万送＞20万”的大规模招商活动。率先出击大让利活动 抢占千载难逢的机会嘉丽士面向全国空白地区(省级、省会、地级、县级)诚征装修漆加盟商，凡在2009年加盟嘉丽士的经销商，只要加盟10万，就享受行业史无前例、硬件软件配套齐全、首批亏本大让利的＞20万元支持，即15万的全线产品支持+1万店面装修支持+1万会员启动基金+1万元店长和服务人员培训基金+1万售后服务车购买基金+1台无气喷涂机+1台终端电脑+1台调色机等硬件支持，还配套人员招聘培训支持+成功市场观摩学习+《公司化管理手册》+《终端标准手册》+《乐活色彩推广手册》+《终端标准培训手册》+《钻石会员俱乐部操作指导手册》+《小区推广指导手册》+《装饰公司推广指导手册》+《工程招投标指导手册》+《售后服务标准手册》+《市场管理政策》+《紫光大道营销模式》光碟等等软件支持。率先出台8大保增长措施 抢占千载难逢的机会为了延续嘉丽士持续增长的势头，在嘉丽士经销商年会上，周董事长特别指出8大保增长措施：其一、零利润保增长；其二、员工重奖重罚保增长；其三、空白市场全面开发，并协助客户开发乡镇网络保增长；其四、乡镇产品下乡支持保增长；其五、广告预算增长3倍建设品牌保增长；其六、全力出击做样板市场，保证加盟客户盈利发展；其七、网络密集强终端保增长；其八、工程师走进市场，为市场订做产品保增长。嘉丽士周董事长预言：谁在2009年有大动作，而未来1-2年即可大翻身，比往年更容易获得成功！,3,6,0.9624925851821899
嘉宾为红星美凯龙北五环店正式剪彩主持人：现在稍稍有一点小雨，我觉得水代表的是财，一定象征着红星美凯龙的业绩不断的攀升，下面正式剪彩，有请各位嘉宾上台。主持人：现在我们的红星美凯龙北五环店正式开业，谢谢各位！在这里我们共同预祝红星美凯龙的明天更加美好，今天的开业庆典仪式就到这里，感谢各位的光临，谢谢！(本次活动到此结束),3,4,0.932120144367218
国家副主席习近平考察陇星散热器公司6月9日下午，中共中央政治局常委、国家副主席习近平和同行的中共中央政治局委员、中央书记处书记、中央组织部部长李源潮，在中共甘肃省委书记陆浩、甘肃省省长徐守盛、兰州市委书记陆武成等省市领导的陪同下，来到位于兰州高新技术产业开发区的兰州陇星散热器有限公司考察。陇星散热器有限公司董事长吴爱华、总裁吴继祖陪同考察，并向习近平副主席及有关领导汇报了公司产品研发及企业经营情况。习近平副主席首先参观了陇星散热器有限公司新落成的“中国散热器采暖集成系统展示中心”，随后来到生产车间考察。习近平副主席在听取吴继祖总裁的介绍时，频频点头，对陇星集团坚持科学发展观，积极应对金融危机，走自主创新之路，研发环保节能产品所取得的成绩给予了充分肯定。习近平副主席饶有兴致地观看了陇星各种散热器产品，了解到陇星产品节能环保、物美价廉时，副主席说：“好，就是要研发、生产既环保节能，同时老百姓买得起的产品。”一路上，习近平副主席说的最多的一句话就是：“好，很好，希望你们好好干！”亲切的话语，充满了国家领导人对陇星干部的关怀和对广大员工的鼓舞。下午三点零五分，习近平副主席结束了对陇星公司的考察，在全体员工热烈的掌声和依依不舍的目光中离开了陇星。习近平副主席亲临陇星考察，这是陇星公司及散热器行业莫大的荣耀，陇星人将以“提供优质采暖产品，提升民众生活品质”为宗旨，秉承“诚信、进取、品牌、责任”的企业精神，为实现“提高民族品牌竞争力、实现产业报国”的目标而努力奋斗！矢志成为中国散热器行业国际品牌！6月11日，中央电视台《新闻联播》、《晚间新闻》，甘肃电视台《甘肃新闻》等重要媒体进行了新闻报道。中国建筑装饰协会、散热器行业协会领导、业界专家等有关人士也纷纷向陇星公司表示热烈祝贺。,3,7,0.9989700317382812
国际金价下跌拉低国内金饰价 黄金卖场销售增三成受国际金价下调影响，北京多家黄金卖场日前集体下调金饰品零售价，其中千足金饰品每克最多降7元。金饰价格下调，再加上“节日”效应，消费者购买欲望被点燃，多家黄金卖场销售火爆，据北京菜百公司统计，元旦三天假期中，菜百销售额突破2亿元，同比上升30%以上。记者在菜百看到，调整后的足金饰品为269元/克，每克下调9元；千足金为288元/克，最多每克下调7元。这也是2009年下半年黄金饰品连续6次价格上涨后出现的首次下调。金饰零售价的下调让对价格敏感而处于观望的消费者纷纷“出手”。记者了解到，以“虎元素”为主题的金饰出现热销，而在高端系列产品中，世界黄金协会推出的“唯有金”系列销量一直雄踞高端产品之冠。与热闹的销售大厅相呼应，位于菜百二层东侧的贵金属投资交易中心的柜台前同样人头攒动。“如果近期国际金价没有大幅度下调，暂时不会再次下调价格。”多家黄金零售店表示，目前的价格能否保持到春节取决于国际金价的走势。分析人士认为，国际金价近期走低的可能性不大，金价震荡过后有望展开升势。,3,1,0.9621104001998901
圣象安装服务技能大比武纪实四月二十一日，来自圣象全国服务系统的精英、圣象集团的各位领导、圣象研发丹阳生产基地的同仁以及新闻界的朋友们，汇聚在圣象丹阳工厂，举行2009年服务安装技能大赛总决赛，参加决赛的12名圣象服务系统的代表是本次圣象服务技能万人大比武近万名参赛者中经过笔试、省级初赛、大区复赛层层选拔出来的服务技能表现优异的佼佼者。本次比赛观战加油的有圣象集团总裁-翁少斌、集团常务副总裁-郭辉、圣象集团营销总监本次大赛总指挥周英学、集团产品总监-刘洋，还有光临现场的来自圣象各销售公司总经理。圣象集团常务副总裁郭辉致辞并宣布本次大赛的决赛鸣锣开幕第一个比赛项目：地板单片更换。通常在家居生活地板使用过程中常常出现的一些问题，比如地板因受什么意外而发生了损伤或者是你一不小心把地板给砸坏了，那可能就需要做单片更换的修理，这是一个十分平常而又重要的修理工作，这个工作如何做的更快、更好还是需要一定学问的，圣象安装系统总结了一套成熟的地板单片更换的方法。第二个比赛项目：异形场地的地板安装比赛，这个场地虽然不大，但是把所有安装地板能遇到的艰难困苦应该说都包含进来了，这个场地有踢脚线、扣条、收边、楼梯、圆弧、穿越管线、斜面等等算了算一共18个安装点，处处都意味着对安装技能的考验。第三个项目比赛选手介绍自己的绿色安装方案和展示特色安装工具。同时进行地板花样拼接。绿色安装的意义是：(1)、低噪音，不扰民(2)、无尘、低尘，有利于健康(3)、低损耗，废料及时清理统一处置。这项服务增值意义对于二次装修、单独地板更换、缓解装修时的邻里关系和谐社区的建设有着重要意义。地板花样拼接的要求：(1)、需要有垂直拼接的部分(2)、要有三种以上的款式参与评判原则：(1)、安装质量，特别是拼接时的缝隙(2)、评价该种拼接方式的实际用料情况(3)、设计师进行装饰评价第四比赛项目：测量地坪测量地坪是地板安装质量的基础，国家标准要求，每2米长度上不平的最大值不能超过3mm，如果在不平的地面上进行了安装那么就会造成很多问题，例如：产品异响，锁扣之间摩擦受力加大加快产品损坏、产生缝隙，防潮性能下降等情况，安装人员要在最快的时间内把地面上高的低的部位标识出来，找出地面的问题。大赛最后决出了：第一名幸年文北京公司；第二名吴帅南京公司、第三名吴殿军沈阳公司和高用强长春公司好马配好鞍，好地板还要好的配件系统、好的安装服务的支持，才是一个完整的地板系统，这就是所谓的三分产品，七分安装。圣象一直以来致力于提高员工的服务能力和素质，加强地板专业知识、规范施工流程及细节，增强安装服务意识，真正为客户服好务。争当服务标兵，树立服务规范，比赛服务技能是本次大赛自始至终的目标，它不仅仅是三句口号，更是所有圣象服务系统对未来服务的庄严承诺和不断进取的方向。,3,4,0.5528509616851807
圣象摘得环保部中国环境标志突出贡献桂冠在2009年10月15日由国家环境保护部及环保部环境发展中心中国环境标志15周年纪念活动上，经国家环境保护部批准，环境保护部环境发展中心授予圣象集团等10家国内行业重点企业“中国环境标志突出贡献奖”。这个奖项是迄今为止国家环境保护部对全国行业企业“产品健康指标优和环境行为优”综合效益优秀认证企业的最高评价。这个评价是基于环境保护部中国环境标志认证的客观标准和企业日常绿色经济行为的评价而做出的。环境保护部副部长吴晓青以及国家发改委、商务部、财政部、科技部、联合国环境发展署等领导和嘉宾为圣象集团等十家获奖单位颁奖，圣象集团常务副总裁郭辉先生代表圣象集团授奖。国家环境保护部专门为圣象集团发布了评价：圣象集团作为中国最大的木业家居行业企业，致力于创造产品健康水平及环境行为的最高境界和标准，不断改进产品健康水平和生产资源的可持续发展环境友好是绿色经济和消费的典范。以圣象“新实木”系列地板产品为代表的圣象各个领域的产品是国内最早获得中国环境标志认证的产品，通过执行国内外最高等级的健康指标和可持续发展的环境行为和承诺圣象正在不断创领这一领域的新高度。据悉，中国环境标志突出贡献奖授予从同行业中国环境标志认证企业的第一名中初选而出并在所有全国30000个中国环境标志认证产品中评选10名，圣象集团行业唯一入选。共同入选的企业还有：佳能、爱普生、东风日产汽车等企业。,3,6,0.5936384797096252
"地产回暖家居热销 卖场出招谋新增长点房地产作为国民经济的支柱产业之一，它与20多个产业都有着直接的正关联性，并涉及到上下游50多个行业。而家居行业无疑是受到房地产影响最为直接的产业之一，在目前受到房地产回暖的影响，家居行业较去年同期也有了较为明显的回暖趋势。 国家统计局综合司统计显示，7月份我国规模以上工业增加值同比增长10.8%，为连续三个月同比增速加快。其中，建筑及装潢材料类增长25.8%，家具增长32.0%。 为此，记者特意走访了十里河建材市场、居库、集美、居然之家等家居卖场，据各大卖场市场部负责人透露，最近楼市的""暖流""，让他们切身感受到了今年以来家居建材行业十分浓厚的回暖趋势。 但面对产业加速回暖，更多行业相关人士也表示，2009年家居市场和消费者的消费特点也正在发生着改变，这就要求家居企业更加注重把握市场动向，创新思维以谋求行业新的增长点。 家居消费市场新动向 美联天地建材市场总经理刘辛立表示，2009年上半年前两季度家居市场整体情况还十分不尽如人意，应该说算是家居行业的一个相对较低的时期，同比前几年同期要差一些。美联天地建材市场同比去年销售额下降5--8个百分点后两季度，但是随着装修旺季的到来，整个市场的销售较之前两个月有较大幅度的提高。但就整体情况而言，整个09年的上半年，受全世界金融危机的影响，家居市场整体情况不及08年同期。 ""2009年家居市场最大的变化莫过于从上半年3月份之后回暖的迹象越发明显，这主要由于房地产市场回暖带动家居装修，进而促进家居产品销售的增长，维持在与去年同期持平的水平上，但是预计今年下半年与去年同期相比形势更好，去年由于房地产市场的低迷期，对家居销售也产生了极大的影响""，一家居总经理认为表示，""尤其值得注意的是，目前二手房的装修市场前景正在逐渐显现，装修市场由于新房市场份额量减，二手房市场就作为了一种补充，甚至从交易量上来说二手房已经超过了新房。所以从市场角度来讲，今年较比去年还没有过多的下降，相反由于上游市场的带动作用，下半年市场预计会超过去年同期""。 从另外一个角度来讲，精装修也对家居装修起到了一定的引导，户型风格事先确定了，消费者就可以菜单式的购物，物业就随时都可以装修；还有就是商品房档次拉开了，市场细分越发明显，消费者根据需求也逐渐分层，而伴随着家居市场的日益改善，消费市场也正在逐渐显现出新的特点和动向。 就整个家居建材市场而言，消费者对品质的需求越来越高，对环保、节能的要求越来越高，对服务品质的要求也是越来越高。针对这一特点，在今后的经营过程中就要求建材市场要有更大的规模、更优秀的服务、更完善的售后服务、更丰富的行业经验、更过的硬的品牌，刘辛立表示。 居库名品家居仓促直销基地总经理秦非表示，随着金融危机的到来，消费理念的理性回归成为主导，再有钱也要省着花，也要会花，一味追求高价格是没有意义的。在这样的大环境下，家居中的板式家具将成为行业内增长趋势比较大的部分。板式家具款式新颖，造型多样，适合的人群广泛，并且价格相对较低。同时家居产品的结构更合理，组合更多样，满足各种户型的居室空间，边角的圆弧形处理等等细节方面将更被消费者关注，在装修过程中追求不同于他人的理念越发凸显，消费者的个性化需求正逐渐显现出来，消费者也开始追求现代流行趋势""。 近几年的家居卖场也随着房地产市场的改善，装修市场的也在不断扩大。目前的家居市场主要依靠二手房和新房交易的此消彼长上，家居作为下游行业，房地产需求才能形成家居需求，房地产市场对家居市场影响是非常大的，因为单独的家装是形不成需求的。 但是居库名品家居市场部经理宋海也表示，目前的楼市价格回升太快，势必会造成价升量减的情况，而且是不仅新楼盘在上涨，二手房也在跟进，这就必然会影响到家居行业的长期稳定发展。",3,4,0.5379579067230225
地板商跑量谋生：看不懂楼市东方早报记者 姚伟“我们今年的情况比去年好过多了。”张云，国内某知名木业公司项目主管。得益于政府经济刺激计划，过去几个月楼市强劲复苏，这也带动了木业公司的产品销量。 “我最近刚刚和两家业内排行前两位的地产公司所达成的业务。就这两单业务，已经是去年业务量的好几倍了。”张云略显兴奋。 由于房地产开发商往往是根据期房销售量来决定精装修房的进程，因此去年几乎没有房地产公司主动找木业公司。但今年来情况突然大变，不少房地产公司期房一售而空，于是纷纷催着木业公司装修交房。 “不过说实话，作为业内人，都看不清楚现在的楼市到底是怎么回事。”张云以上述两个客户均在世博板块内，“两家楼盘竟然争着提价，谁的楼盘价格低，反而没人买了。”让张云奇怪的是，一方面房地产公司争着赶工卖房；另一方面，对于我们这些承接工程的公司而言，则拼命压价，“因为金融危机，手头没钱”。 更让张云的困惑是，从零售市场来看，目前依然是“寒意阵阵”。在部分偏远的地区，一个月的实木地板销量其实少到只有可怜的几百平方米而已。 东方早报记者 姚伟“我们今年的情况比去年好过多了。”张云，国内某知名木业公司项目主管。得益于政府经济刺激计划，过去几个月楼市强劲复苏，这也带动了木业公司的产品销量。 “我最近刚刚和两家业内排行前两位的地产公司所达成的业务。就这两单业务，已经是去年业务量的好几倍了。”张云略显兴奋。 由于房地产开发商往往是根据期房销售量来决定精装修房的进程，因此去年几乎没有房地产公司主动找木业公司。但今年来情况突然大变，不少房地产公司期房一售而空，于是纷纷催着木业公司装修交房。 “不过说实话，作为业内人，都看不清楚现在的楼市到底是怎么回事。”张云以上述两个客户均在世博板块内，“两家楼盘竟然争着提价，谁的楼盘价格低，反而没人买了。”让张云奇怪的是，一方面房地产公司争着赶工卖房；另一方面，对于我们这些承接工程的公司而言，则拼命压价，“因为金融危机，手头没钱”。 更让张云的困惑是，从零售市场来看，目前依然是“寒意阵阵”。在部分偏远的地区，一个月的实木地板销量其实少到只有可怜的几百平方米而已。,3,4,0.9513745307922363
城外诚11&#8226;9消防演练暨百日安全表彰大会11月9日，值全国第18个“119消防宣传日”之际，由北京城外诚与朝阳区华威消防中队联合举办的大型消防演习在城外诚南广场隆重举办，城外诚总经理刘长河、华威消防中队队长黄鹏以及城外诚常委领导班子出席活动。城外诚全体干部职工及卖场营销员代表近3000余人参加消防演习活动。由华威消防中队50余名全体消防官兵、6辆专业消防车和城外诚20余人消防应急小分队和1辆消防车组成的强大消练阵容，通过消防车救火、油锅灭火、液化气罐灭火、火盆灭火、消防器材展示等五项现场模拟演练，为参加活动的3000余人上了一堂生动、真实、专业的消防知识提升课。此次“警民携手联防、共建平安环境”的活动，也成为了近年来北京市企业举办消防演习活动中，规模最大、参与人最多、专业性最强的一次。通过华威消防中队教官在现场对灭火常识、安全施救等专业知识的讲授，让参加活动的员工受益匪浅，消防知识得到了极大的提高，通过大规模的模拟演练体验，加深了印象、熟练了技能。在当天的活动现场，来自《北京晚报》、《新京报》、BTV、新华网等二十余新闻媒体进行了采访和报道。紧扣主题提升预警。今年是全国第18个“119消防宣传日”，北京市定于今年的消防主题为“人人参与消防，共享平安生活”，旨在把消防安全意识贯穿到人民生活之中的每个细节，达到人人参与、人人防范、共享平安的目的。多年来，城外诚始终把安全生产做为企业的头等工作来抓，从企业领导的高度重视，到消防知识的普及培训以及企业消防分队的组成，为确保企业的平安祥和铸就了坚固的防范长城。此次由华威消防中队长黄鹏带领50余名专业消防官兵，通过专业的系列演练活动，进一步提升了城外诚干部职工及卖场营销的消防知识和防范技能。百日安全成效显著。在此次警民联合消防大演练的活动中，城外诚总经理刘长河为60余名“百日安全”先进员工和营销员奖发了荣誉证书，并对“百日安全”活动取得的圆满成果给予了充分肯定。据了解，城外诚“百日安全”是今年7月7日正式启动，以“提高安全意识、同创和谐社会、共享平安生活”为主题，旨在进一步宣传和普及安全知识，提高安全防范意识，强化各项安全规章制度的贯彻落实，杜绝各类违章和安全事件的发生。为确保城外诚平安家居卖、营造更加安全放心的购物环境，并将此作为向建国六十周年献礼的一项重要活动。在为期100天的安全活动中，城外诚干部职工踊跃参与、积极行动，义务为安全巡逻活动奉献节假日。据工会统计，共计426人、奉献2000余个班次，在以总经理刘长河为组长、各部门负责人为成员领导小组的带领下，通过宣传动员、自查整改及总结经验三个阶段，确保活动质量，最终达到了预期目标，使“百日安全”活动取得了圆满成果。警民联合首次演练。 “生命至上”，人的生存是一切事务的前提，“发展是硬道理，稳定是硬任务”，消防安全是企业生存和发展的前提。城外诚总经理刘长河把安全生产作为常抓不懈的重要工作，企业不惜巨资投入，购买专业消防车辆、聘请退伍消防兵，从硬件和软件上组建了一支素质过硬的消防应急小分队，并在企业内进行多次的消防演习。此次，城外诚消防应急小分队与华威消防中队的联合大演练，是一次大型的警民首次联合演习，实现了“高规格、大规模、专业化”的局面。在活动现场，按照预定方案，在指挥员的发号施令下，6辆消防车、50余消防官兵到场进行灭火救援，启动消防水泵、铺设消防水带、实施救援、紧急撤离……整个现场紧张有序。消防官兵动作敏捷、配合默契，参演人员沉着冷静、有条不紊，华威中队消防官兵和城外诚消防应急小分队的精彩演练，赢得了在场领导和员工的阵阵掌声。此次警民首度联合大规模的消防演习活动，取得了圆满成功。活动结束后，城外诚总经理刘长河以及华威消防中队队长黄鹏对这次演练活动的圆满成功给予了充分肯定。通过高强度、高规模、高水平的演习，既大大检验了消防官兵的应急能力，也让企业消防应急小分队在演习中到了锻炼和提升，增长了消防队员扑救火灾的能力和素质，全员共同参与消防的意识得到全面提高，为实现企业安全生产、地区和谐稳定提供了重要保障。,3,4,0.5045819282531738
城外诚重装升级 5.1全新亮相送大礼    五一期间城外诚为消费者准备的礼物还包括名牌家电、知名会馆消费券、各类居家生活用品在内的总价值高达1000万元的奖品，并通过“澳门轮盘”、“现金一把抓”和“刮刮奖”等新奇刺激的抽奖方式向消费者进行大派送。 卖场照片：图为 卖场照片图为 卖场照片乘车地图：,3,6,0.6639132499694824
大家能不能不那么寂寞啊正文玩了寂寞，又玩浪漫，我看我们这代人真的是没什么玩了，我们下一代也没什么玩的。我们这几代人小时候玩的不健康向上，到现在变成数字移民也是胡作非为，90年后众NC是原住民，不能在现实生活鸡飞狗跳后，不分先后的终于都无聊了。首先定义下NC，简单来说可以定义为小时候被猪亲了之后又被驴踢了门夹了，通俗点的定义就是脑子不想事，基于这一点，很多70、80年都是NC，90年后更是NC中的极品NC，也就是NC中的战斗鸡。众NC们先反思下自己的生活，有多少人是一天到晚混在网上无所事事的？玩的一样比一样弱智，半夜三更偷菜啊，AV舞啊，一个魔兽停服，几百万人无聊啊，玩完了回家吃饭玩寂寞，横空出世了一个寂寞党，随便到哪看看，网络上满版荒唐言，遍地寂寞党，然后还没完，寂寞党玩得不疯，浪漫派又冒出头来了。早阵子砖家叫兽们说，每天上网时间多于6小时的就是精神病，这话没错，一般精神病都不喜欢别人说他们有病，NC们哎，天天喊着寂寞，不是有病还是有喜啊？土鳖们，没钱不要装孙子，你们有钱也就一暴发户，看你们每天在干嘛，天天说棒子抢我们东西，天涯上自己在骂中医，鲁迅那老FQ没教你们一点好样！看看天涯每天都在讨论什么啊，杂谈上那个自称是日本MM的报道帖，也是20多万点击数千回复，土鳖子，没见过女人啊？说没见过穿衣服的日本女人，恩，隔着千八百里的网线你能看到什么？那回复就更别说了，真要是一国际友人，还以为中国男人怎么怎么的，全是JB长在嘴上的还是怎么着？一旦有女的晒照片，征婚，那回复，比个天安门游行还要壮观点？寂寞啊寂寞啊，丢脸丢到国际互联网上来了。有精英一出来立刻就被砸砖说装B，中国的精英文化已经被你们这些恶俗的无聊文化折腾的岌岌可危，就说天涯，顶无聊的了，多少民智人士被迫离开了，越玩越低俗，国际友人都过来看笑话。想不想知道自己是怎么变蠢的？众位NC，请开动你们所剩不多的脑子想想，若干年前，你是不是记性还不错，碰到什么事还知道动脑子，现在，估计就是拿笔写字也写不出几个简体中文版的了吧？达尔文的进化论是骗小孩的，网络就在让你变蠢，《蠢蛋进化论》看过吧？像现在这样，有什么不明白的问百度问谷歌，问万能的天涯，泡妞玩深沉搜几段经典B语，论文不会上网抄，好吧，青春期性启蒙，上网可劲儿看日片吧，偷偷看的时候很“心神不宁”吧？绿霸了吧？不用自己动脑筋，会用工具就行了，靠装备算个毛啊！CCAV总是说古人好睿智，前人好NB啊，有长城金字塔，瞎扯淡，那是因为现在的人更SB了，NC要分级，肯定是90大于80大于70，所以90年后，你们也不用反驳了，你们要说自己是祖国的花朵朝气蓬勃，我靠，太监都会笑得射出来。据说中国是世界上BBS最流行最多的国家，泡论坛的，有相当一部分是没什么钱装B的，还有相当一部分是连装B都困难的，天天无聊狗咬狗一嘴毛。都是一群废物，说你没出息就是没出息，有出息的人天天在网上喊寂寞，偷菜？网络就是个工具，别去信TM的互联网等于生活，有瘾啊，每天也许就是在网上跟人妖扯淡，JB都沤出绿毛了还不知道，NND，寂寞了，你妈叫你回家吃饭啦！宁愿每天YY着自己一身武林绝学，几万吨的黄金放在花旗银行发霉，玉树临风风流倜傥那是必须的，一年三百六十天，每天都换不同的女人，就是不肯动手去做点实际的，成功的男人为应付女人发愁，废物们每天在网上搜罗八卦隐私，然后喊，哥好寂寞，哥不要吃面，要吃寂寞……网上的民智都死光了，要不就是属乌龟王八DAN的！寂寞完了，还不够，再玩点新鲜的吧，早几天又出了新玩意，优酷首页有个据说是硫酸雨导演拍的视频小样，视频就不提了，只是视频里的对白那就完全是针对无聊寂寞来的，两个00年后小同学把寂寞派的所谓经典对白一顿乱搞，多丢人呢，言外之意，装B谁不会，一点技术含量都没有，小P孩都照样学得会。另外，做大人的自己想想，你们无聊归无聊，寂寞归寂寞，别带坏小孩子，可以不？你愿意你的宝贝儿天天跟你说：爹，哥我很寂寞，然后装忧郁型？那我更愿意听我儿子说：爹，您可真浪漫呀~~嘴贫不是缺点，关键是要贫得有品位，有意境。话说回来，跟任何网络事件一样，这个视频一出，在寂寞党这个广大的群众基础上，又来恶搞了，所以我说寂寞党一无是处，骑墙派，现在口口声声又姐要的不是寂寞，是浪漫了，是啊，非浪漫不河蟹啊~~NC们，你们既然喜欢趴在网上无聊，你们就继续恶搞吧，你们反正毁词不倦，现在有哥吃的不是面，是寂寞；也有姐要的不是寂寞是浪漫；有你妈叫你回家吃饭，也有妞，过来咱们浪个漫；有不是寂寞不发骚，也有非浪漫不回帖，没有传播力吗？扯，福娃这名字多差，一听就一股浓郁的乡土气息扑面而来，不照样张口就来的。真正的浪漫是有钱有品的生活，NC与土鳖玩不起，你们玩也是个山寨，你们愤愤不平恶搞的时候，人家早在现实生活中玩儿情调了。你们也只能恶搞，拯救地球没你们的份，活该你们只能对着显示器高潮。,3,8,0.7219512462615967
天价吊灯惹众怒 中石化承认2.4亿元装修旧楼北京消息 近日，“中石化大楼安装1200万元天价吊灯”、“中石化2.4亿元奢华装修惹众怒”的帖子在网上迅速传播，“天价吊灯”的传言一石激起千层浪，中石化再次被推上风口浪尖。记者为此展开了调查。中石化有关人士18日接受记者采访时表示，天价吊灯1200万元的说法与事实不符。据该人士介绍，位于中石化大楼中厅的吊灯高4米、直径6.5米，主要材质为水晶和镀铜钢板，从设计、制作到运输、安装，全部造价为156.16万元。“装修工程中吊灯的采购安装按规定程序进行了单项招标，共有5家公司参加了该单项的竞标。应当说，吊灯的采购安装经过了严格的招投标程序和严密的监管过程。”该人士表示。关于网上盛传的中石化奢华装修工程，中石化有关负责人表示，实际上是中石化小营办公区旧楼维修改造工程。中石化方面向记者证实，上述四栋陈年老楼的维修改造工程总预算确实是2.4亿元，其中内装修费用为5925万元。,3,4,0.6054379940032959
太阳雨董事长徐新建捐1000万元风头盖首善近日，备受期待的2009中国慈善排行榜在京揭晓，入榜慈善家121位，共计捐赠18.84亿元；入榜慈善企业899家，共计捐赠117.95亿元(含物品捐赠)。去年获得“中国首善”称号的江苏黄埔再生资源利用有限公司董事长陈光标没能如愿卫冕“中国首善”称号，世纪金源集团黄如论、黄涛父子因现金捐赠第一名而获得“中国首善”称号。虽未荣登首善，但陈光标以其博大的慈善精神，高调的善行壮举，获得了社会各界的认可，中国慈善排行榜组委会特授予陈光标“最具号召力的中国慈善家”称号，以冀望陈光标先生继续“善行天下”，成为引领中国慈善事业健康发展的一位出色旗手。四川宏达集团董事长刘沧龙的企业在地震期间遭受重创，但仍第一时间捐资支援灾区，获得“2009慈善特别贡献奖”。香港英皇集团主席杨受成、深圳航空城(东部)实业公司董事长李爱君等被授予“2009中国十大慈善家”称号；中国人寿、加多宝集团、恒源祥等荣获“2009中国十大慈善企业”称号。在当晚举行的中国慈善排行榜明星慈善拍卖会上，原本应该是上午刚刚获奖中国首善、慈善家、慈善企业“表演”的舞台，却被一位并没有“宝冠”加身的隐形慈善家——太阳雨太阳能集团董事长徐新建抢得了风头。手持007号牌的他不仅是在最后时刻以全场最高价207万元拍得几十位到会明星现场制作的明星手模，而且还当场宣布捐赠1000万元，用于中国公益事业。徐新建在接受记者采访时表示，太阳雨太阳能一直热衷中国公益事业，去年牵手残奥，成为残奥助威团全程独家合作伙伴，启动全球海选，在全球范围内关心残疾人关注残奥会。在四川地震的抗震救灾中，太阳雨第一时间捐款捐物300多万元，成为太阳能行业首家为灾区捐款的企业。徐新建还在余震中亲自带领24名太阳雨志愿者深入灾区，先后捐建灾区7个太阳能浴室，并且捐建了首家抗震春蕾小学。徐新建说：“上午参加完中国慈善排行榜颁奖典礼，他非常感动，也希望能向那些获奖慈善家一样，不仅自己做慈善，还能够影响周围的人做慈善。晚上参与拍卖，一方面是因此拍卖会所有款项都是用于中国公益事业，所以他们放心；另一方面，参与明星手模助拍的是他非常喜欢的潘长江老师，所以他才有此举动。”徐新建还感言：“做公益或慈善应该说是一件快乐的事情，从事这样快乐的事情，也是因为有快乐的同伴，今天晚上这么多明星都是我快乐的同伴。去年11月18号，我参加了央视的招标，拍卖师举到最后的时候，特别紧张，今天我不紧张，因为有潘老师，因为我们的钱放在慈善上，我们心里踏实。”,3,6,0.6131794452667236
"央视广告招标超百亿 晴雨表预报经济艳阳天央视广告招标素来被业界誉为“中国经济的晴雨表”。刚刚落下帷幕的此次招标总额突破百亿,创下16年以来的新高109.66亿元,与去年的92.5627亿元相比,“增收”17.1亿元增幅18.47%。舆论认为,“招标结果直接折射出市场对2010年中国经济的信心和期待。”毋庸置疑,企业到央视举牌投标这件事本身,就体现了企业家对中国经济形势向好的最基本判断。国家统计局最新公布的全国企业景气调查结果显示,三季度各行业企业家信心普遍提高,回升至120.1,比二季度提高9.9点。这是自2008年四季度以来,大、中、小型企业家信心指数首次同时位于景气区间。这些数据和事实表明国内经济主体信心正不断回升,如同10月经济数据显示的一样,虽然气候上的冬天刚刚来临,但国内经济形势的严冬正慢慢远去,继续向好的趋势正坚定地向我们走来。另外,此次中标企业涉及行业范围广泛,表露各行业普遍冲出危机阴霾走向复苏。家居建材、汽车和家电行业成为此次招标亮点行业。其中,家居建材行业增长最高,中标额增长率高达200%,显示相关行业与宏观经济刺激政策联系紧密。以格力、美的、巨人为代表的三家科技企业在此次竞争中总计投入超过3亿元,中标七段广告位或相应选择权,显示科技类公司发展后劲十足。而蒙牛、郎酒等消费产品行业公司的中标也传达出消费市场潜力正在释放的信号。数据上也表明,国内各行业的基本面都在逐步改善。刚刚结束披露的上市公司2009年前三季度业绩报告显示盈利能力继续回升:1659家上市公司实现营业总收入83860亿元,同比下降5.58%;实现营业利润10332亿元,同比增长5.46%。尽管前三季度业绩同比增速依旧负增长,但是降幅较半年报已大幅收窄。从营业利润、净利润等各项指标的同比数据来看,上市公司的盈利能力已比前期有了明显改善。来自统计局的最新企业景气度调查也显示,各行业企业景气连续两个季度在景气区间,三季度全国企业景气指数为124.4,比二季度回升8.5点。而来自财政部的信息显示,今年1至10月,国有企业累计实现营业收入178737.7亿元,同比增长0.5%。这是今年以来营业收入首次出现正增长。同时,国企利润也呈现良好增长态势。1月至10月,国有企业累计实现利润10643.5亿元,环比增长9.2%,同比下降10.6%,降幅比1月至9月减小7个百分点,显示降幅收窄速度越来越快,企业经营已经摆脱羁绊,走上发展快车道。行业基本面的好转直接影响着企业经营的决策和方向,而企业是资本市场的主体。企业持续经营能力的改善和提高又直接影响着投资者的决策,一定意义上直接构成股市宏观基本面。只有企业这个市场元素真正向好,才能保证市场的茁壮成长。而商务部本月16日发布的监测数据显示国内消费市场正加速回升。全国千家重点零售企业零售额同比增长11.8%,增速比9月份加快1.2个百分点,创下今年以来的最快增速。由此看来,在各项政策刺激下,伴随行业层面的积极转变,中国经济的第三驾马车也跃跃欲试、扬鞭奋蹄了。一个广告招标会,因为有了全球经济危机的背景而备受瞩目。而这份有史以来最高中标额,折射出的是社会经济主体及其决策者的信心恢复与对经济后势的判断,同时也折射出国内各行业基本面的全面复苏与消费这驾马车不负厚望的启动。在经济全面回暖的情势下,资本市场的明天就更加值得期待。",3,4,0.9114271998405457
奥巴马的家：重点保护对象(组图)在迈阿密见过奥巴马后，第二天记者往西北远上芝加哥。住下后的第一件事，就是去寻找他的家。奥巴马的家位于格林伍德大道5046号。这一带虽然距名校芝加哥大学不远——沿着格林伍德一直往北就到芝大，却属于治安名声不佳的芝加哥南区。向几位当地人问了路，记者乘坐著名的高架铁路“绿线”，在第51 街站下了车。出站后马上就能感受这里的危险性：外面有三三两两的黑人青年在闲逛、打量行人。由于胸前挂着相机，记者退回站内。这时又有一位中年的黑人妇女上前问：“你会说英语吗？”得到肯定回答后，她拿出一张标着5美元、貌似食品券的纸条，好像想兜售给记者。“你别去惹人家！”检票处的黑人胖大姐向她喝道。“好好好，你是老板。”那位中年女子讪讪走开。记者向那位好心的大姐打听。她证实说：“这里是不大安全。偷东西、抢劫的都有，还有打枪的呢。你要当心一些。”她告诉记者，在门口坐15 路车，就可以到要找的地址；她以前不知道那里就是奥巴马的家。15 路车来了， 记者谢过检票大姐上了车， 问司机师傅应该在哪站下。和大多数美国公交车司机一样，这位叫阿历克斯的黑人小伙也很肯帮忙。“那个站现在不能停，我会让你就近下车。”一听说记者从中国远道而来， 找的就是奥巴马的家， 他一直开到离奥家尽量近的地方让记者下车，并介绍说他在奥巴马没有竞选总统时就认识他了，也和他握过手，尽管彼此不很熟悉。记者下车刚拍了第一张照片，前面警车中就出来一位穿黑色防弹衣的黑人女特工，说：“这儿不能拍照，要拍只能到对面铁栏杆后的指定区域。你去问那辆警车上的警察和特工。我们也不接受采访，要采访得打华盛顿美国特勤局的电话。”她旁边站着一个穿制服的芝加哥当地警察。记者过了马路，沿着铁栅栏走到另一辆警车附近，一位穿套头衫的壮实特工就微笑着向记者说了几条规矩：不能再往前，不能拍周围的保安措施，特工不接受采访。“至于我们的CPD(芝加哥警察局)同事是否愿意接受采访，你得问他们自己。”说罢他指指旁边穿深色警服的一个警察。对方摇摇头，说：“我也不接受采访。”奥巴马家是一幢单门独户式红砖楼房，下面被绿树捂得严严实实，只有上面露出一小部分：斜屋顶、老虎窗、两个烟囱和一个碟形卫星天线。这一带的楼房、环境都不错，比刚才的绿线车站强多了。难怪这幢房子能值上百万美元。奥巴马家门前的东西向马路是海德公园大道东段，路面朝他家一侧的三分之一宽度被水泥路障隔为禁区，竖着“禁止进入”和“限速30 英里”的警告牌；东边朝着的格林伍德路同样如此。路对面有一座圆顶大教堂。记者见从格林伍德路走出几个行人，便问那位男特工：他们要偷拍不是很容易吗？这位特工休姆回答说：“没错。但我们知道这些人是谁。况且一旦被发现，他们就会丧失从这里路过的权利。”记者拍了几张照片，见天色渐暗，没什么可拍，就掏出小本子记下观察到的东西：5 辆警车和若干辆无标志的特勤汽车，分布在记者能看到的西、南、东三个方向；警员和特工至少有10 人；路口三个人闲着无聊，正在那里说笑。“对不起，您在干什么？”走过来一位特工。记者解释说，既然一些角度不让拍照，我就随便记点东西，还给他瞄了一眼笔记本。“哦。我们这里也是不能画防卫部署示意图的。”美国警察和特工都比较文明，不会强行要求看你拍的照片和记录的文字。尽管作为外国人，记者不受宪法第一修正案保护。“不好意思，你得走了。”过了不久，特工休姆过来催促，“我们的规定是车辆和行人在这里不得停留。给你的时间已经比给其他媒体的多了5 分钟。”在等15 路车回火车站时，记者碰到同站候车的一个白人女孩。她名叫葆拉，来自圣路易斯，是芝大英文和音乐系学生，几个月前刚在这里租了套宿舍。“我是搬过来后才知道奥巴马住这儿的。”她说，“除了车站改了地点外，其他倒是没有什么不方便。当奥巴马的邻居可能算是一项优点吧。”她笑着说。不过，和很多菲尼克斯市民都说不一定会投票给麦凯恩一样，葆拉也说她尚未决定投谁的票。让记者印象深刻的一点是，当地很少有人知道住在同城的总统候选人的住址。他们似乎缺少好奇心，也不会因某人是同乡就支持他们，或以他们为荣。,3,5,0.9986182451248169
"妍玲设计行-Same, Same but different柏林创意周环保主题环节3. 生活课题启示：《妍玲设计行-Same, Same but different 柏林创意周环保主题》论坛：绿色生活——始于个人却超越个人的思考图为环保都市弗莱堡图为环保都市创意“ 妍玲设计行”策划人和主持人段妍玲女士以独特的个人视角分享了德国归来的心得：环保是一个科技、经济、政治、生态的大课题，但更是一个人文课题，呵护一个友善、开放、健康的社区环境和个人心理环境也是环保一个重要组成部分。三位“绿色生活先锋”嘉宾更是从自己职业和个人生活亲身体验，介绍探讨了各自以个人实践为起点，带动影响周围乃至社会的绿色生活方式，并和来宾一起分享了对环保生活本质的思索。 到场300名嘉宾在论坛结束后，继续在Steven Holl设计的当代MOMA“空中长廊“上和8位参加了由段妍玲女士发起的Abitare工作坊-水晶元素计划的设计师共同欣赏了他们的第一批工作坊成果。水晶元素Crystalized在多年来聚焦艺术与时尚后，开始关注家居设计，并把挖掘中国新兴设计师，扶持有中国特色的现代设计作为首要任务之一。 ABITARE工作坊水晶计划的作品在这里初次和业内观众见面后，将继续由段妍玲女士主持工作坊后续，完善扩充作品，最终成果将在今年10月百分百设计上海上联合正式展出。",3,4,0.45069658756256104
孙威：2010年将视角向下游努力(图)    孙威：实际上我们从06年开始在内部建设上就提出了一个概念，叫“韬光养晦”。2010年我们有一个小的变化，就是我们所提供的服务更加完善了。可以这么说，之前一直在上游努力，从2010年开始我们会向下游努力。我们在十里河正在建一个8000平米的门店，就是自有渠道。当然自有渠道的建设，不光是线下的，我们也在推互联网业务，在线上渠道来扩展。比如你的产品，你的供应链，你的服务标准化都已经做好了，接下来的事，因为我们信息化建设是自己开发的，一直在做，从来没有停止。我们离电子商务的距离有多远，可以说很近，我们现在叫商务电子，就是我们已经把我们的商务电子化了。其实电子商务无外乎就是在网上的一个展示，我们已经完成这个商务电子化了。我们要在线上线下做一个连接，因为之前家居行业做电子商务，最大的困扰就是上面做得好下面做得不好，所以我们要找一个非常适合家装的解决方案。我们可以把上下对接起来，我们不是天敌，我们可以是互补。我们在谋求这样一个尝试。所以2010年，对于实创来讲，定位既是往上提升，也是横向纵向扩张的一年。张永志：比如我装修完了，其他的消费链很多，怎么把这部分客户利用起来，我们的业务可能会有很大的空间。张钧：把自己的事做好，至少会翻番。杨轶：孙总，你们每一个客户都有备案吗？孙威：我们有一套深度开发计划。杨轶：好的，今天咱们的议家居事厅栏目就到这里。我们新浪这边也会把近期家装行业的变化通过这个栏目随时告诉大家，我也希望家装公司能够更加标准化，让消费者和我们装修公司之间不要有任何的矛盾。如果有矛盾，相信通过我们的媒体也可以化解这个矛盾。张永志：春节马上要到了，请各位老总和贾会长跟我们网友说句话。孙威：祝大家身体健康，新年进步！贾中池：祝大家在虎年取得更大的发展，为客户，为企业，协会做更好的服务！张钧：和谐发展，共同奔向未来！杨轶：谢谢！(结束),3,4,0.916225790977478
孙威：行业竞争不可规避 良性竞争最重要     孙威：这个行业已经很好了，但是现在很多企业也不是很安分，但是在追求跨界的发展，所以混合竞争的态势很难避免，规避这个竞争我认为是不可能的，但是我提倡良性竞争，不要通过不正规的手段去诋毁可能不是竞争对手的对手，我觉得这个刚刚起步，未来的商业格局、商业模式到底如何，大家都在探讨，我以前经常会引用一个初中就学过的知识，比如说生产力和生产关系的辨证关系，就像张总讲的，他的商业模式是根据他的体能、生产力决定的，如果你的产品线不丰富，拿什么开独立店，所以我想还是乐观的面对，大家去探索，可能未来十年，我们再回来看今天的时候，我们觉得很难读懂是为什么。       尹勃：大家的发展是在一个公平的平台上，不管是卖场的同行也好，厂家的合作伙伴也好，还有就是有一些专卖店也好，都是一个目标，都是给消费者做好服务，把这个行业健康的发展起来，我也希望2010年大家变恶性竞争为良性竞争，把这个劲儿都用在为消费者服务上。,3,4,0.8723034262657166
孙群：回潮只是表面 而忽略真正的健康关系 段妍玲：我觉得因为刚才您说的对，我们要上装修大学，我觉得这应该是设计师和开发商的工作，现在一步一步好起来了。我觉得我们听了很多专业人士的想法，我们听一下孙总的，因为他也是文化批判人士，我们听听孙总对这个城市规划的一些看法。孙群：收到邀请我很高兴，张啸吟博洛尼以善于制造名词而著称，我听到这个名词叫回潮，我跟其他几位一样为什么叫回潮。后来看了他写的文案，我想这就是我们看到的回潮。我为什么觉得很奇怪？是因为我们往前看的时候为什么还要回潮呢，有什么东西可以回潮。可以看到说，这个文案上有那么多现象是回潮，那么有这么多现象我们看来政府说的一些理论也不对，不是说每一次进化是新事物代替老事物，有时候老事物会回来。在肯定这个词的时候，进行这个名词起的太新了，使得我们刚开始前面的讨论有点，大家都不知道在讨论什么，就是每个嘉宾在努力地向主持人靠拢，就是到底讨论什么话题。什么是回潮？有一些表面的现象可以讨论怎么回潮的，包括在这个地方我们也看到了一些回潮。但是有一些我们看不到的层面是不是在回潮？我觉得没有看到回潮。为什么呢？我举一个例子，在二十年前在我上高中的时候，那个时候八十年代初的时候，曾经出验证，过一个高考的作文题目，叫先天下之忧而忧，后天下之乐而乐，有一年题目是这样的题目，那个时候我还不知道这个句子，那个时候对大学生很敬仰，我想居然要理解这句话才能当大学生。二十年后我们的作文题目叫隐形的翅膀，这个就让没有办法获得大的权利的人不断地自我安慰，自我按摩的一个宣泄，告诉大家我们受到挫折，我们自己还是坚强的。二十年没有看到在思想层面的回潮，这个二十年到今天为止我们看到什么样的回潮？没有。我想在未来几年这种社会真正的潮流会走到社会的台面来，我想做企业的也好，做品牌的也好，做媒体也好要很认真的看待这个现象，刚才我们的宫总说到了这个现象，就是有关做房地产的，我要想的这个命题就是我们在房地产行业这个回潮，实际上是指一个真正的关系的回潮，到底是什么买卖关系是一种真正的健康的关系。因为在过去二十年我们一直在往前跑，我们忽略了真正的健康关系。未来会不会在客户关系方面，买卖方面有好的回潮？没有看到。现在我们在斗争理论的引导下面，大家都不斗也得斗，不知道谁怕谁，不是说真正吃亏才吃亏，是没占便宜才吃亏等等一些现象，让我们想在这个领域的回潮什么时候才会发生。所以今天我想号召大家，讨论一下看不见层面的回潮可能更重要一些。,3,4,0.5762461423873901
宜家欲走转型路 利弊得失为哪般近日，宜家启动五年来首次最大规模的降价受到了极大的关注，在宜家店内甚至有不少低价品降价力度比7月的夏季减价活动更大，同时低价产品规模从2007年的150种扩展至500多种。宜家此举也必将引发舆论的种种猜测，如此降价原因究竟何在？降价后的宜家会有怎样的发展呢？降价原因浅析 1.销售额过低 寻求转型 据悉，2008财年宜家在中国的销售不到全球收入的2%，2009财年，宜家中国区销售总额增幅为16%，低于2008财年25%的增幅。也许正是因为销售额过低促使宜家酝酿在中国的“转型”，尝试改变策略以求得扭转乾坤。 2.门店数量少 欲要扩张 宜家进入中国市场11年以来，门店数量也一直呈“蜗牛”式发展。在1998年到2005年期间，宜家仅在北京、上海、广州和成都四地开设了门店。去年开始，宜家在大连、南京和深圳新增3家门店。眼看着其他诸如红星美凯龙、居然之家等家居巨头在危机面前依然昂首阔步，逆势扩张，并取得了不错的成绩，宜家又怎么能不为所动呢？宜家想要在门店规模、数量、消费群体上取得同步上升，那么除了将在北京建亚洲最大旗舰店之外，低价策略也是其扩张的重要一步。 3.竞争激烈 降价求生存 如今，家居业的竞争越来越激烈，而宜家面临的最大敌人无疑就是“山寨”。宜家的产品品质不是真正的高端产品，其用料多是大众化的原料。“逛完宜家，再去建材超市购买”的消费行为使宜家陷入了尴尬境地。因此价格势必成为宜家发展过程中不得不面对的问题。以“降价”与山寨抗衡或者是宜家使出的“杀手锏”。 宜家降价是利是弊？ 众所周知，宜家在欧美等发达国家因为物美价廉，款式新颖等特点，受到广大中低收入家庭的欢迎。但是在中国，它则面向大城市里比较富裕的阶层，也就是那些“想买高档货，而又付不起高价的白领”。这种定位十分巧妙准确，也取得了成功。如今，宜家打出低价策略，想要走进中国的普通家庭，成败言之过早。 一方面，价格降低会吸引更多低收入的消费者走进宜家，满足他们的需求，不失为一件好事。另一方面，产品的价格降低，很有可能打消那些相对富裕阶层的购买欲望，俗话说“物以稀为贵”，如果宜家真的成为平常百姓家的日用家居品，就很可能丢失一部分顾客以及宜家的特色。 宜家“转型”之路，很难预测成功与否。最重要的是要明确了解中国人家居理念的全部，摸清中国消费者的真正需求，制定本土化的品牌价值定位。,3,6,0.47866958379745483
宜家进驻大兴开购物中心在昨天举行的大兴区地铁沿线生产性服务用地信息发布会上，首家通过“招拍挂”在京拿地的外资公司——瑞典宜家家居日前成功拍下30万平方米的地铁大兴线西红门商业综合区二期用地。除西红门商业综合项目外，大兴区在下半年还将推出枣园路土地一级开发项目、新城核心区和生物医药基地东配套区三个地铁沿线项目，规划总建筑面积近650万平方米。 “宜家将对该地块进行综合开发，建设一个大型的购物中心——除了包含宜家家居亚洲最大的旗舰店外，还将有400多家各种业态的商户进驻。”宜家亚太地区总裁杜福延说。大兴区发改委有关负责人表示，宜家家居西红门商业综合区用地不仅是北京沿五环周边规划的六大商业中心之一，也是大兴区2009年最大的商业项目。而围绕着地铁大兴线，大兴区以地铁站点为基本节点，规划了地铁沿线生产性服务业集聚区。具体包括宜家家居所在的西红门商务区、金星商务区、核心区综合服务区、医药基地研发商务区和物流商务区。除了西红门商业综合区项目外，大兴区还将推出枣园路土地等一级开发项目，规划总建筑面积约650万平方米。(记者刘宇鑫),3,4,0.9649109840393066
宫铁军：在借鉴基础上超越也是一种文化宫铁军：刚才许总说的特别激烈，有点不同意见补充一下，房地产没有这么无耻，虽然比较弱势，是这样的，说几个例子，日本战败之后应该说不管从文化上还是说从建筑上应该说一段缺失，从美国来讲，特别是在战后那一段是有一段文化侵略的，从安腾来讲和一些现代大师那么用一些行动来呼唤日本的建筑，他们非常有民族的感情去做这件事情，做完之后也是在几十年之后实现的，因为毕竟来讲日本是靠美国资助的，他没有能力完全拒绝文化侵略。    刚才说三里屯也好，很多项目，它有一点，就是它的尺度是日本设计师在做，在做的时候我们希望有中国的，毫不讳言，万科做的很多项目我们希望在借鉴基础上超越，如果没有借鉴，单纯谈创新可能来讲我们不可能去回归过去四合院的文化，我们没有那么多地。    所以我特别尊重万科，也在研究万科，比如万科在无锡做的围合大院，那就是规划理念完整的一个尝试，东西向占了很大比例，一个大胆的尝试。(牡丹西腾)认为100米×100米很好的的尝试，大比例的东西是不是能够打破东西向不好的这种。因为塔楼和板楼，塔楼是现在比较省地的一种方式，塔楼能不能做到节能。我也看到万科在南方做的一种新的形式的塔楼，包括原来很早以前崔大师做的现代城，其实我们可以看到塔楼里面并不是传统的我做的一个盒子，它也可以创造一个空间庭院出来，可以给人一种公用的庭院。所以说我想就是说没有，因为房地产并没有三十年，中国房地产严格来讲也就是13年，从南方算起有十几年时间，所以说在这十几年里，包括万科在天津做的项目，完全是仿制，但是他在这个基础上创新了，去做了。现在不提哪个公司了，在北京做了一个园林非常好的项目，也是西班牙风格的，实际我们看的时候，也很清楚地看到借鉴也好，抄袭这种感觉出来，但是它给业主带来最大的享受，它把园林，我们叫女性杀手，就是女同胞如果看了这个住宅的话很难，如果你有一定购买力的话很难脱身而去，很容易下单。文化和知识在这点我觉得去品评，因为我们现在讲欣赏这个事，用思想体系的话，就是我们什么时候有信仰来支撑我们这个文化，这不是我们探讨出来的，因为跟我们的体制有关系。我去过很多地方，去学国外到底怎么管理物业的，确实物业是中国从香港来的一个举动。比如说万科管的好，为什么管的好？连一个自行车出去都管理，有错吗？这个如果放到三十年前，这简直把我们的邻里关系进行了颠覆，但是到了今天我们说万科物业服务做的好的非常典型的一件事来说，这也是我们学习的典范。人和人的关系什么时候能够回归到我们希望的那种，这个不是我们坐在这儿能解决的，这需要一个过程。    我恰好在欧洲学了一个月的欧洲资助中国城市化课程，瑞典，丹麦等他们的政府在做廉租房的时候考虑到现在的规划，包括车位，车库所有这些，如果我们真的能去学习，即使是抄袭又有何妨。开句玩笑说我们是奉献的一代。日本人很尊崇这个。我最不认同许总的一点，就是你不能只批判不做。就是说我支持而后勇，我还是要去做。中国的廉租房，经济适用房不是说出了几个贪官，出了几个腐败就不要经济适用房了。其实你刚才说的那句话很对，中国从骨子里不想租房子，廉租房是解决更低收入住房的问题。在信息化这么发达的情况下，难道中国就没有办法解决最公平的问题吗？我想这个信心都没有话，中国就不用发展，中国现在连出重拳去整治腐败。我觉得遗产税这些在未来一定会出现。,3,4,0.9660531878471375
宫铁军：怀旧和回潮 小众精英对快乐追求杨熙：感谢赵处长讲了好多关于城市规划的东西。今天到我们现场我想各位嘉宾都代表各个层面的相关的关于城市，和咱们相关话题的朋友，所以我想先请咱们雅世集团宫总跟咱们分享一下这个话题。宫铁军：赵处长刚才讲的很好，我都不知道该怎么讲了。邀请我来我很高兴，这儿来了很多朋友，到这儿来有一种怀旧的感觉出来，跟这个主题很贴切。每次到这儿来的时候总感觉又回到了上学的时候，或者更久远的时代，或者我没到过的时代，好像通过设计师去处理的一个手法让我仿佛又回到那个年代去。作为开发商的理解，我们这代人年轻一些，一直往直路跑，不敢停下来说我真的去怀旧，没有这么多时间去做。实际上作为一个行业，一个产业来讲需要一个健康良性的发展，不能大起大落，像中国的金融股市一样，动荡式的走向，因为不动产作为一个重要的资产，作为中国传统的观念来讲，我们作为居住，保值，乃至投资的一个重要手段，所以不希望说中国人去体会那种资产高速膨胀，膨胀之后又高速贬值，当你分享快乐的时候那个痛苦随之而来，在不久的未来会来到。所以我特别希望中国房地产能有良性的发展，给我们每个住户提供真正能够安心的，持久能够享受到的一个居住文化。所以这个和我下面谈到的文化也密切相关。因为无论九朝会也好，还是刘老根做的，郭德纲做的这些等等，都是小众精英式的，只有小众通过自己的积累去怀旧也好，回潮也好，更广泛的人群上享受不到这样的快乐，他们只能通过媒体或者其他的渠道来得到自己需要的享受快乐。        房地产口碑虽然不好，但是它实实在在承担着给老百姓建造房屋的责任，所以作为开发商来讲我觉得建筑有一个很重要的职能，就是说有一句话叫住宅创造人生，人造住宅，住宅创造人生，它能创造人生丰富多彩。    我总结了两点，就是说规划和建筑。规划和建筑实际上从大的方面给人的生活提供了一个文化场景，好的社区，好的规划，好的建筑，包括好的地面可以给居住在这个社区的人一个文化享受，心灵的享受，让你在这个社区里有一个大的气场，能够让你在这个社区里定得住。就像我们在九朝会里喝茶我们心可以很静地探讨过去。其实有些社区无论是塔还是板都做了一个很好的规划。在过去十年对房地产来讲是黄金十年，可能作出了很多没有这种气场的社区，包括我们改革后的十年，二十年，这样的规划可能是业主对文化的享受去在自己家居里用自己的创造去完成，因为你大的社区环境并没有给你很好的背景，一个很好的平台，那么怎么办？那么有科宝，有其他更多的家居行业，包括说我们在十多年前打沙发，打柜子。这就是我要说的第二个小的概念，当我们业主把自己封闭在一个小屋子里推敲家具的时候，实际上当这个小跟大两点结合的话，就是说不管你在怀旧，还是向前看，还是在工作，你都能有一个好的生活的享受。如果大小两点丧失其中任何一点你可能都有一种缺失，一种缺憾，就是说你不是在一个很满意，很有氛围的社区里你去做自己的小环境，每天你走出来的时候，可能这个社区本来应该让你有这种享受的价值却没有了。如果一个人总是在工作，对家居，或者居家没有特别好的追求，即使住在很好的社区里，也会感到工作等方面的压力。    所以从建筑和人来讲，我希望开发商能够响应不管是国家的号召，还是政府的号召，实际上我是想一个好的开发商能够承担起这种社会责任，把社区从规划包括家居，能够给客户提供一个持久服务的，让客户能够不用非常专业的上新浪网上天天去学习 装修知识，这个在国外看来，可能未来杨主任这个职能也要削减，在国外这是不应该有的功课，但是中国把这个研究的很好。这个对开发商来说是一件非常愧疚的事情，是我们逼迫业主去做的这个功课，再可能十五年，二十年之后希望大家更和谐地去做。最后一点就是说到对文化的，不论是怀旧还是什么，房地产现在实际提供的服务，虽然我们把所有物业管理都叫服务，但是真正从骨子里我们到底给业主提供什么样的服务？是不是从业主真正需求来去考虑提供哪些服务，这些也是我们在想，也是希望，应该说主流开发商替业主想很多这样的事情。我期盼我们这个行业早日脱离这个不好的口碑，能从服务着手，反过来能让我们在未来，业主说作为一个开发商能够给业主提供的不止是一个住宅，不止是一个作品，或者是一个建筑，更主要是一种生活方式，是一种文化，是一种持续的服务。我就先这样说一下。,3,4,0.9757540225982666
宫铁军：怀旧和回潮都小众精英对快乐的追求杨熙：感谢赵处长讲了好多关于城市规划的东西。今天到我们现场我想各位嘉宾都代表各个层面的相关的关于城市，和咱们相关话题的朋友，所以我想先请咱们雅世集团宫总跟咱们分享一下这个话题。宫铁军：赵处长刚才讲的很好，我都不知道该怎么讲了。邀请我来我很高兴，这儿来了很多朋友，到这儿来有一种怀旧的感觉出来，跟这个主题很贴切。每次到这儿来的时候总感觉又回到了上学的时候，或者更久远的时代，或者我没到过的时代，好像通过设计师去处理的一个手法让我仿佛又回到那个年代去。作为开发商的理解，刚才赵处长说我们这代人比赵处长年轻一些，一直往直路跑，不敢停下来说我真的去怀旧，没有这么多时间去做。房地产在07年开始被赵处长调控了，调控之后，好不容易要休息一下，美国次贷危机了又不调控了，不调控之后现在又出现好多争论，种种来讲都不是特别好的信息。实际上作为一个行业，一个产业来讲需要一个健康良性的发展，不能大起大落，像中国的金融股市一样，动荡式的走向，因为不动产作为一个重要的资产，作为中国传统的观念来讲，我们作为居住，保值，乃至投资的一个重要手段，所以不希望说中国人去体会那种资产高速膨胀，膨胀之后又高速贬值，当你分享快乐的时候那个痛苦随之而来，在不久的未来会来到。所以我特别希望中国房地产能有良性的发展，给我们每个住户提供真正能够安心的，持久能够享受到的一个居住文化。所以这个和我下面谈到的文化也密切相关。因为无论九朝会也好，还是刘老根做的，郭德纲做的这些等等，都是小众精英式的，只有小众通过自己的积累去怀旧也好，回潮也好，更广泛的人群上享受不到这样的快乐，他们只能通过媒体或者其他的渠道来得到自己需要的享受快乐。房地产口碑虽然不好，但是它实实在在承担着给老百姓建造房屋的责任，所以作为开发商来讲我觉得建筑有一个很重要的职能，就是说有一句话叫住宅创造人生，人造住宅，住宅创造人生，它能创造人生丰富多彩。我总结了两点，就是说规划和建筑。规划和建筑实际上从大的方面给人的生活提供了一个文化场景，好的社区，好的规划，好的建筑，包括好的地面可以给居住在这个社区的人一个文化享受，心灵的享受，让你在这个社区里有一个大的气场，能够让你在这个社区里定得住。就像我们在九朝会里喝茶我们心可以很静地探讨过去。其实有些社区无论是塔还是板都做了一个很好的规划。在过去十年对房地产来讲是黄金十年，可能作出了很多没有这种气场的社区，包括我们改革后的十年，二十年，这样的规划可能是业主对文化的享受去在自己家居里用自己的创造去完成，因为你大的社区环境并没有给你很好的背景，一个很好的平台，那么怎么办？那么有科宝，有其他更多的家居行业，包括说我们在十多年前打沙发，打柜子。这就是我要说的第二个小的概念，当我们业主把自己封闭在一个小屋子里推敲家具的时候，实际上当这个小跟大两点结合的话，就是说不管你在怀旧，还是向前看，还是在工作，你都能有一个好的生活的享受。如果大小两点丧失其中任何一点你可能都有一种缺失，一种缺憾，就是说你不是在一个很满意，很有氛围的社区里你去做自己的小环境，每天你走出来的时候，可能这个社区本来应该让你有这种享受的价值却没有了。如果一个人总是在工作，对家居，或者居家没有特别好的追求，即使住在很好的社区里，也会感到工作等方面的压力。所以从建筑和人来讲，我希望开发商能够响应不管是国家的号召，还是政府的号召，实际上我是想一个好的开发商能够承担起这种社会责任，把社区从规划包括家居，能够给客户提供一个持久服务的，让客户能够不用非常专业的上新浪网上天天去学习装修知识，这个在国外看来，可能未来杨主任这个职能也要削减，在国外这是不应该有的功课，但是中国把这个研究的很好。这个对开发商来说是一件非常愧疚的事情，是我们逼迫业主去做的这个功课，再可能十五年，二十年之后希望大家更和谐地去做。最后一点就是说到对文化的，不论是怀旧还是什么，房地产现在实际提供的服务，虽然我们把所有物业管理都叫服务，但是真正从骨子里我们到底给业主提供什么样的服务？是不是从业主真正需求来去考虑提供哪些服务，这些也是我们在想，也是希望，应该说主流开发商替业主想很多这样的事情。我期盼我们这个行业早日脱离这个不好的口碑，能从服务着手，反过来能让我们在未来，业主说作为一个开发商能够给业主提供的不止是一个住宅，不止是一个作品，或者是一个建筑，更主要是一种生活方式，是一种文化，是一种持续的服务。我就先这样说一下。,3,4,0.971969485282898
家得宝中国区人力资源运营总监赵景秀离职每经记者 黄清燕家得宝中国人力资源运营总监赵景秀宣布辞职，正式离开家得宝。据悉，赵景秀2007年1月出任家得宝中国人力资源运营总监，加盟家得宝之前曾任家世界集团人力资源高级主管，家世界家居副总裁、人力资源总监。值得一提的是，赵景秀的此次离开距原家得宝中国区总裁陈耀东的离职仅半年时间，而这也是家得宝并购家世界后第五位离开的原家世界高管人员。2006年底，家得宝通过收购家世界的12家门店正式进入中国市场，原北京华联集团执行总裁陈耀东当时成为家得宝中国区总裁，全权负责家得宝中国零售业务的运营和财务。按照当初的计划，家得宝在中国将通过收购、租赁、自建门店等各种方式来快速扩张。但两年多来，家得宝在中国的发展始终不温不火，甚至有外界把陈耀东的离职归结为中国业绩不佳。在保守扩张的同时，今年5月，家得宝突然关闭青岛门店，6月30日结束顾客退货，7月22日停止供货商保证金退费等工作，至此，家得宝青岛店宣告正式关闭。对于家得宝中国青岛店关店原因，家得宝方面表示是物业的原因，至于以后是否还会有闭店情况，家得宝中国区总裁全国珊表示，不排除有这样的情况。种种迹象表明，家得宝中国还在不断探索家居行业的本地化策略。甚至有熟悉家得宝的人士对记者透露“家得宝可能在今年年底全面撤出中国。”但该消息并未得到家得宝方面确认。 昨日有消息称，家得宝中国人力资源运营总监赵景秀宣布辞职，正式离开家得宝。据悉，赵景秀2007年1月出任家得宝中国人力资源运营总监，加盟家得宝之前曾任家世界集团人力资源高级主管，家世界家居副总裁、人力资源总监。值得一提的是，赵景秀的此次离开距原家得宝中国区总裁陈耀东的离职仅半年时间，而这也是家得宝并购家世界后第五位离开的原家世界高管人员。2006年底，家得宝通过收购家世界的12家门店正式进入中国市场，原北京华联集团执行总裁陈耀东当时成为家得宝中国区总裁，全权负责家得宝中国零售业务的运营和财务。按照当初的计划，家得宝在中国将通过收购、租赁、自建门店等各种方式来快速扩张。但两年多来，家得宝在中国的发展始终不温不火，甚至有外界把陈耀东的离职归结为中国业绩不佳。在保守扩张的同时，今年5月，家得宝突然关闭青岛门店，6月30日结束顾客退货，7月22日停止供货商保证金退费等工作，至此，家得宝青岛店宣告正式关闭。对于家得宝中国青岛店关店原因，家得宝方面表示是物业的原因，至于以后是否还会有闭店情况，家得宝中国区总裁全国珊表示，不排除有这样的情况。种种迹象表明，家得宝中国还在不断探索家居行业的本地化策略。甚至有熟悉家得宝的人士对记者透露“家得宝可能在今年年底全面撤出中国。”但该消息并未得到家得宝方面确认。,3,4,0.45614105463027954
寂寞没错寂寞有理 反驳你们能不能不那么寂寞玩了寂寞，又玩浪漫，我看我们这代人真的是没什么玩了，我们下一代也没什么玩的(你Y的除了浪漫和寂寞就没别的词了吗？是不是你生活太无聊太枯燥太乏味太空洞了....我们这代人没啥玩的，下代也没啥玩的，好吧，合着人生就是为了玩是吧。没的玩就去死了算了...怎么还没去死啊，还死到天涯上来批评别人寂寞...)我们这几代人小时候玩的不健康向上，到现在变成数字移民也是胡作非为，90年后众NC是原住民，不能在现实生活鸡飞狗跳后，不分先后的终于都无聊了。(我靠，你就是你，别我们，你说我们也不代表你多在理，你自己小时候玩的不健康向上，不代表别人。还有我想知道，你小时候玩啥是不健康向上....好奇ING。90后的NC不能在现实中鸡飞狗跳，言外之意是你鄙视不能在现实中鸡飞狗跳的，就是你自己的生活是鸡飞狗跳的？人家无聊了吗？有的玩还无聊？那是寂寞！我看你连寂寞和无聊的区别都搞不清楚)首先定义下NC，简单来说可以定义为小时候被猪亲了之后又被驴踢了门夹了，通俗点的定义就是脑子不想事，基于这一点，很多70、80年都是NC，90年后更是NC中的极品NC，也就是NC中的战斗鸡。(基于这一点，你是70以前的吗，是405060还是更早，你懂啥叫用发展的眼光看问题吗，你懂啥叫表以偏概全不，还有等老的时候还有个老年痴呆症你知道不)众NC们先反思下自己的生活，有多少人是一天到晚混在网上无所事事的？玩的一样比一样弱智，半夜三更偷菜啊，AV舞啊，一个魔兽停服，几百万人无聊啊，玩完了回家吃饭玩寂寞，横空出世了一个寂寞党，随便到哪看看，网络上满版荒唐言，遍地寂寞党，然后还没完，寂寞党玩得不疯，浪漫派又冒出头来了。(不偷菜不玩AV舞不玩WOW，你回家干吗？你是专家学者还是啥的，天天下班回家吃饭然后就看书啊？合着你这个逻辑除了补充文化知识外有点娱乐都是NC的作为啊。那你自己干嘛来天涯。你如果不寂寞不无聊回家下班吃饭然后是不是就躺床上和你家媳妇儿瞪着天花板思考人生呢....我还在想你是不是很抵制性爱呢，可能在你看来拿是猥琐。)早阵子砖家叫兽们说，每天上网时间多于6小时的就是精神病，这话没错，一般精神病都不喜欢别人说他们有病，NC们哎，天天喊着寂寞，不是有病还是有喜啊？(我喷，那些整天对着电脑干活的人是不是生活在第三医院啊，一栋栋写字楼都是第三医院哈)土鳖们，没钱不要装孙子，你们有钱也就一暴发户，看你们每天在干嘛，天天说棒子抢我们东西，天涯上自己在骂中医，鲁迅那老FQ没教你们一点好样！(我就笑了，啥是土鳖，没钱装孙子的你见过几个，有钱就是暴发户的又咋地了，人家天天在干吗碍着你什么事儿了。骂中医的不是所有人吧。我就从来没有去那帖子看过，为毛呢。我觉得那是无稽。估计就你这种傻X才会去看那张东西。鲁迅又咋了，愤青不愤青都掩盖不了他写了那么多文的事实，其他我无从评价)看看天涯每天都在讨论什么啊，杂谈上那个自称是日本MM的报道帖，也是20多万点击数千回复，土鳖子，没见过女人啊？说没见过穿衣服的日本女人，恩，隔着千八百里的网线你能看到什么？那回复就更别说了，真要是一国际友人，还以为中国男人怎么怎么的，全是JB长在嘴上的还是怎么着？一旦有女的晒照片，征婚，那回复，比个天安门游行还要壮观点？(物以稀为贵，杂谈大多男人，来个女人还贴PP的当然要看了。就像一个军营忽然来了个大美妞，大家肯定都看的，不看的不是男人！！！)寂寞啊寂寞啊，丢脸丢到国际互联网上来了。有精英一出来立刻就被砸砖说装B，中国的精英文化已经被你们这些恶俗的无聊文化折腾的岌岌可危，就说天涯，顶无聊的了，多少民智人士被迫离开了，越玩越低俗，国际友人都过来看笑话。(精英是啥？我还真没见过......大家都普通人而已。国际友人来看笑话....告诉我撒 是谁，我来鉴定一下是不是条狗)想不想知道自己是怎么变蠢的？众位NC，请开动你们所剩不多的脑子想想，若干年前，你是不是记性还不错，碰到什么事还知道动脑子，现在，估计就是拿笔写字也写不出几个简体中文版的了吧？(我就搞笑了，想不想知道中国人是怎么退化的？你们会写繁体字吗会说文言文吗？想不想知道人类怎么变笨的?你会钻木取火吗？)达尔文的进化论是骗小孩的，网络就在让你变蠢，《蠢蛋进化论》看过吧？像现在这样，有什么不明白的问百度问谷歌，问万能的天涯，泡妞玩深沉搜几段经典B语，论文不会上网抄，好吧，青春期性启蒙，上网可劲儿看日片吧，偷偷看的时候很“心神不宁”吧？绿霸了吧？不用自己动脑筋，会用工具就行了，靠装备算个毛啊！(达尔文的进化论不是真理，只是推测，你懂个P啊，你真懂也搞个什么论出来撒.....不上网只会让你变得更蠢。不上网你知识的来源有啥？上了网，可以吸取整个天下的精华。还有，绿坝是可以忽略的。)CCAV总是说古人好睿智，前人好NB啊，有长城金字塔，瞎扯淡，那是因为现在的人更SB了，NC要分级，肯定是90大于80大于70，所以90年后，你们也不用反驳了，你们要说自己是祖国的花朵朝气蓬勃，我靠，太监都会笑得射出来。(现在人更SB了？我们说古人了不起多聪明是和别人的古人比。咋的祖先能造长城，人家祖先能造金字塔。不是跟现在的人比，现在的人还造了飞机原子弹大楼电脑乱七八糟电气化了，古人能比吗？就你这理论，大家都要过原始社会的生活。你要去过没人拦你，别拖着我们一起去)据说中国是世界上BBS最流行最多的国家，泡论坛的，有相当一部分是没什么钱装B的，还有相当一部分是连装B都困难的，天天无聊狗咬狗一嘴毛。都是一群废物，说你没出息就是没出息，有出息的人天天在网上喊寂寞，偷菜？(中国人多。电脑多。当然用户也就多了。当然BBS肯定是用户最多的了。有问题吗？我不懂泡论坛跟装B有啥直接联系吗？你有没有出息我不知道，我就知道真正有出息的人不会老想着批评别人可劲儿的得瑟。。。。。。。。の尴尬，照这理论我也成了没出息的人，没关系我承认我就是没出息的人。不像有些人，本来没出息，还可劲儿装的自己多有出息似的，不说你装B，谁还装B)网络就是个工具，别去信TM的互联网等于生活，有瘾啊，每天也许就是在网上跟人妖扯淡，JB都沤出绿毛了还不知道，NND，寂寞了，你妈叫你回家吃饭啦！(网络是生活的一部分，生活中也离不开网络。就你这样的，别用网络了，有啥要知道的去国家图书馆去)网上的民智都死光了，要不就是属乌龟王八DAN的！(那是你没看到，你见识有多大啊，不就是一个井底之蛙！自己以为自己看到的世界就是世界。你还真渺小真肤浅。你是青蛙，你全家都是青蛙，一辈子跳不出那口小井！)真正的浪漫是有钱有品的生活，NC与土鳖玩不起，你们玩也是个山寨，你们愤愤不平恶搞的时候，人家早在现实生活中玩儿情调了。(真正的浪漫就是要有钱又品?我想你根本不懂浪漫！也不想跟你解释了，就你那EQ告诉你，你都不懂)你们也只能恶搞，拯救地球没你们的份，活该你们只能对着显示器高潮。(恶搞也是一种文化！拯救地球难道有你的份儿？你是地球超人啊？人家高潮用的着通知你吗？)无聊和寂寞所有的网游，所有的娱乐都是无聊经济。无聊是没事儿可干玩了寂寞，又玩浪漫，我看我们这代人真的是没什么玩了，我们下一代也没什么玩的(你Y的除了浪漫和寂寞就没别的词了吗？是不是你生活太无聊太枯燥太乏味太空洞了....我们这代人没啥玩的，下代也没啥玩的，好吧，合着人生就是为了玩是吧。没的玩就去死了算了...怎么还没去死啊，还死到天涯上来批评别人寂寞...)我们这几代人小时候玩的不健康向上，到现在变成数字移民也是胡作非为，90年后众NC是原住民，不能在现实生活鸡飞狗跳后，不分先后的终于都无聊了。(我靠，你就是你，别我们，你说我们也不代表你多在理，你自己小时候玩的不健康向上，不代表别人。还有我想知道，你小时候玩啥是不健康向上....好奇ING。90后的NC不能在现实中鸡飞狗跳，言外之意是你鄙视不能在现实中鸡飞狗跳的，就是你自己的生活是鸡飞狗跳的？人家无聊了吗？有的玩还无聊？那是寂寞！我看你连寂寞和无聊的区别都搞不清楚)首先定义下NC，简单来说可以定义为小时候被猪亲了之后又被驴踢了门夹了，通俗点的定义就是脑子不想事，基于这一点，很多70、80年都是NC，90年后更是NC中的极品NC，也就是NC中的战斗鸡。(基于这一点，你是70以前的吗，是405060还是更早，你懂啥叫用发展的眼光看问题吗，你懂啥叫表以偏概全不，还有等老的时候还有个老年痴呆症你知道不)众NC们先反思下自己的生活，有多少人是一天到晚混在网上无所事事的？玩的一样比一样弱智，半夜三更偷菜啊，AV舞啊，一个魔兽停服，几百万人无聊啊，玩完了回家吃饭玩寂寞，横空出世了一个寂寞党，随便到哪看看，网络上满版荒唐言，遍地寂寞党，然后还没完，寂寞党玩得不疯，浪漫派又冒出头来了。(不偷菜不玩AV舞不玩WOW，你回家干吗？你是专家学者还是啥的，天天下班回家吃饭然后就看书啊？合着你这个逻辑除了补充文化知识外有点娱乐都是NC的作为啊。那你自己干嘛来天涯。你如果不寂寞不无聊回家下班吃饭然后是不是就躺床上和你家媳妇儿瞪着天花板思考人生呢....我还在想你是不是很抵制性爱呢，可能在你看来拿是猥琐。)早阵子砖家叫兽们说，每天上网时间多于6小时的就是精神病，这话没错，一般精神病都不喜欢别人说他们有病，NC们哎，天天喊着寂寞，不是有病还是有喜啊？(我喷，那些整天对着电脑干活的人是不是生活在第三医院啊，一栋栋写字楼都是第三医院哈)土鳖们，没钱不要装孙子，你们有钱也就一暴发户，看你们每天在干嘛，天天说棒子抢我们东西，天涯上自己在骂中医，鲁迅那老FQ没教你们一点好样！(我就笑了，啥是土鳖，没钱装孙子的你见过几个，有钱就是暴发户的又咋地了，人家天天在干吗碍着你什么事儿了。骂中医的不是所有人吧。我就从来没有去那帖子看过，为毛呢。我觉得那是无稽。估计就你这种傻X才会去看那张东西。鲁迅又咋了，愤青不愤青都掩盖不了他写了那么多文的事实，其他我无从评价)看看天涯每天都在讨论什么啊，杂谈上那个自称是日本MM的报道帖，也是20多万点击数千回复，土鳖子，没见过女人啊？说没见过穿衣服的日本女人，恩，隔着千八百里的网线你能看到什么？那回复就更别说了，真要是一国际友人，还以为中国男人怎么怎么的，全是JB长在嘴上的还是怎么着？一旦有女的晒照片，征婚，那回复，比个天安门游行还要壮观点？(物以稀为贵，杂谈大多男人，来个女人还贴PP的当然要看了。就像一个军营忽然来了个大美妞，大家肯定都看的，不看的不是男人！！！)寂寞啊寂寞啊，丢脸丢到国际互联网上来了。有精英一出来立刻就被砸砖说装B，中国的精英文化已经被你们这些恶俗的无聊文化折腾的岌岌可危，就说天涯，顶无聊的了，多少民智人士被迫离开了，越玩越低俗，国际友人都过来看笑话。(精英是啥？我还真没见过......大家都普通人而已。国际友人来看笑话....告诉我撒 是谁，我来鉴定一下是不是条狗)想不想知道自己是怎么变蠢的？众位NC，请开动你们所剩不多的脑子想想，若干年前，你是不是记性还不错，碰到什么事还知道动脑子，现在，估计就是拿笔写字也写不出几个简体中文版的了吧？(我就搞笑了，想不想知道中国人是怎么退化的？你们会写繁体字吗会说文言文吗？想不想知道人类怎么变笨的?你会钻木取火吗？)达尔文的进化论是骗小孩的，网络就在让你变蠢，《蠢蛋进化论》看过吧？像现在这样，有什么不明白的问百度问谷歌，问万能的天涯，泡妞玩深沉搜几段经典B语，论文不会上网抄，好吧，青春期性启蒙，上网可劲儿看日片吧，偷偷看的时候很“心神不宁”吧？绿霸了吧？不用自己动脑筋，会用工具就行了，靠装备算个毛啊！(达尔文的进化论不是真理，只是推测，你懂个P啊，你真懂也搞个什么论出来撒.....不上网只会让你变得更蠢。不上网你知识的来源有啥？上了网，可以吸取整个天下的精华。还有，绿坝是可以忽略的。)CCAV总是说古人好睿智，前人好NB啊，有长城金字塔，瞎扯淡，那是因为现在的人更SB了，NC要分级，肯定是90大于80大于70，所以90年后，你们也不用反驳了，你们要说自己是祖国的花朵朝气蓬勃，我靠，太监都会笑得射出来。(现在人更SB了？我们说古人了不起多聪明是和别人的古人比。咋的祖先能造长城，人家祖先能造金字塔。不是跟现在的人比，现在的人还造了飞机原子弹大楼电脑乱七八糟电气化了，古人能比吗？就你这理论，大家都要过原始社会的生活。你要去过没人拦你，别拖着我们一起去)据说中国是世界上BBS最流行最多的国家，泡论坛的，有相当一部分是没什么钱装B的，还有相当一部分是连装B都困难的，天天无聊狗咬狗一嘴毛。都是一群废物，说你没出息就是没出息，有出息的人天天在网上喊寂寞，偷菜？(中国人多。电脑多。当然用户也就多了。当然BBS肯定是用户最多的了。有问题吗？我不懂泡论坛跟装B有啥直接联系吗？你有没有出息我不知道，我就知道真正有出息的人不会老想着批评别人可劲儿的得瑟。。。。。。。。の尴尬，照这理论我也成了没出息的人，没关系我承认我就是没出息的人。不像有些人，本来没出息，还可劲儿装的自己多有出息似的，不说你装B，谁还装B)网络就是个工具，别去信TM的互联网等于生活，有瘾啊，每天也许就是在网上跟人妖扯淡，JB都沤出绿毛了还不知道，NND，寂寞了，你妈叫你回家吃饭啦！(网络是生活的一部分，生活中也离不开网络。就你这样的，别用网络了，有啥要知道的去国家图书馆去)网上的民智都死光了，要不就是属乌龟王八DAN的！(那是你没看到，你见识有多大啊，不就是一个井底之蛙！自己以为自己看到的世界就是世界。你还真渺小真肤浅。你是青蛙，你全家都是青蛙，一辈子跳不出那口小井！)真正的浪漫是有钱有品的生活，NC与土鳖玩不起，你们玩也是个山寨，你们愤愤不平恶搞的时候，人家早在现实生活中玩儿情调了。(真正的浪漫就是要有钱又品?我想你根本不懂浪漫！也不想跟你解释了，就你那EQ告诉你，你都不懂)你们也只能恶搞，拯救地球没你们的份，活该你们只能对着显示器高潮。(恶搞也是一种文化！拯救地球难道有你的份儿？你是地球超人啊？人家高潮用的着通知你吗？)无聊和寂寞所有的网游，所有的娱乐都是无聊经济。无聊是没事儿可干,3,8,0.6175040006637573
寻求正确的中国房地产发展路径(组图)8月8日，上海浦东改革与发展研究院房地产经济研究中心主任李战军应邀参加 “发现房地产的陶瓷竞争力”论坛。在专题演讲中，他指出我国房地产业现阶段发展存在“一快、二大、三低、四弱”的特点，即是发展速度快；开发规模、交易规模大；进入门槛、专业化产业化、产业运行素质低；技术创新能力、产业管理能力、资源集约能力、抗风险能力弱。针对这种现状，李战军提出在明确产业目标和政策指导下加快推进住宅产业化步伐，并通过以下六大发展路径指导房地产行业健康发展：第一、坚持市场化商品化为主导的产业发展道路。即优化房地产业运行的外部环境、坚持推进土地制度和住房制度改革、继续实行产业开放的方针大计。第二、用产业化推动我国节地、节材、节能、节水型商品房开发。即通过规划和建筑设计从源头上引导产业集约化和节约化；完善住宅建筑体系，集成和整合建筑成套技术；对商品房采用新材料、新技术、新设备提供政策倾斜；发挥企业在住宅产业化中的主体作用，依靠示范来推进住宅产业化现代化；建立国家和地方两级公共性的新材料、新技术、新设备的认证、推广中心。第三、推动房地产三个层级市场联动发展。将整顿房地产市场秩序的重点放在土地一级交易市场；土地与房屋供应的数量、结构和分布取决于城市功能定位、产业布局、人口增长和市场有效需求；用三级市场的活跃和发展补充二级市场的供应不足，形成新的市场价格定位机制。第四、通过房地产行业内部的良性竞争提高产业集中度。给予不同所有制、不同规模、不同类型的房地产企业相同的土地、金融和税收政策待遇；鼓励开发企业实行跨区域经营，鼓励管理服务企业面向全社会；鼓励具有规模化和品牌优势的企业之间建立战略合作或企业整合。第五、在房地产大市场中形成相对封闭的政策保障住房体制机制。建立政策保障住房和商品住宅的协调发展新格局；政策保障住房覆盖面宜采取先小后大的策略，集中优势资源率先解决双困户的住房问题；政策保障住房是房地产大市场当中的有机组成部分。第六、完善法律法规，规范市场行为，建立我国房地产法律体系。继续完善《土地管理法》、《城市房地产管理法》和《物权法》；尽快制定《房地产法》，将投资开发、租赁交易、服务管理等方面完全纳入到法律规范；努力尽早形成中国特色的房地产法律体系。,3,4,0.9995280504226685
屈原故里的三个端午节在屈原故乡秭归有三个端午节。农历五月初五为“头端阳”，五月十五为“大端阳”，五月二十五为“末端阳”。秭归人从农历四月底就开始忙碌??泡糯米，杀鸡鸭、扫庭院，备锣鼓，修龙舟……。到了五月初五头端阳这天，人们开始包粽子、煮鸡蛋、吃大蒜、喝雄黄酒，还采来白艾和菖蒲用红纸条扎成束后悬于门前。到了农历五月十五这天，各家各户备下佳肴接女儿、女婿回家同享，俗称“过大端阳”，这期间的重头戏包括划龙舟、投粽子、办诗会，这种热闹的节日气氛一直持续到农历五月二十五日也就是“末端阳”，前后长达20天。,3,5,0.8619911074638367
工人安门窗被打进医院 疑是口子费引起抬着材料刚准备进小区安门窗，就被一群不明身份的男子团团围住，没说几句话便被拳脚相向打成重伤。昨日下午，躺在病床上的26岁装修工黄长路呻吟不止，他一口认定，误闯他人买下的“口子”让自己挨此黑打。图为 工人安门窗被打进医院 疑是口子费引起装修工为人封阳台被围殴昨日中午12点，南充来蓉打工青年黄长路带着建材设备，往城北某新建的小区赶。他谈好了要在下午为那里的2位住户封阳台。而黄说，这几笔生意是黄的一个朋友介绍，虽然自己在成渝立交开的加工塑钢作坊远了一点，但如果做好了可以赚些钱。当黄长路来到该小区门口时，发现各个装修公司的摊点几乎摆满了半条马路，一路都是“水泥工”、“封阳台”等宣传大字。从这些当地摊点商家的眼神中，黄长路感到对方态度并不友善。“这是我们的地方，买断了的，你跑来干什么！”觉得不要紧的黄长路，快走到小区门口时，还是被几名男子拦了下来。黄长路据理力争：“我是业主请来安的，你们不能拦我。”而对方对此并不买账，双方吵了几分钟。这时从一旁走出一个中年男子，让黄到一边去有话好说。黄刚跟着这人走出几步，男子突然转身，猛地一拳砸在他的左眼上。黄说当时只觉天旋地转，倒在地上后他感到又跑来七八个人，围住他就是一顿拳脚。疑为误入他人“口子”遭打“我从来不是有心要抢他们的口子。”昨日下午4点，躺在416病床上打着吊针的黄长路叹气不已。他的左眼肿成一团，头部右侧长着一个血包，说话都有些困难。黄说此次装修是小区业主自己找上门，他才答应的。而且自认为相关部门已经严厉打击了“口子费”问题，应该没有问题。同为装修商、黄长路的亲戚任先生分析挨打原因说：“一切原因都是‘口子费’惹的祸。”任先生表示，房子装修原本是业主和装修公司或装修队之间的事，但外面的装修商很难进入该小区。他多方打听：疑为物管收取了当地装修商“口子费”。自然没有交钱的人，得不到进入小区的许可。对此，小区6栋的一名业主也在电话中证实，门口摆点的人相当霸道，甚至会代替保安询问别人是否有出入证，“门外的装修商贵那么多，我们业主也应该有权选择性价比高的装修商。”相关部门介入调查此事下午5时许，记者在青龙警署内见到一名黑黑瘦瘦的林姓小伙子。黄长路的亲友说，所有打人者都跑了，只在现场抓住了这个小伙，110后来将其扭送到了百米之遥的警署内。但对于此次打人事件，青龙警署的民警表示事件正在进行调查，打人原因不便透露。随后记者就口子费向该小区物管求证，对此小区保安队长以昨日是周末、领导不在为由拒绝了采访。据悉，成都市房管局物业管理处也多次接到关于类似情况投诉。有关负责人表示，将严厉打击买卖“口子”现象，发现一起查处一起，绝不姑息。,3,4,0.5584241151809692
幕后解读 红木家具论斤卖到底谁赚了红酸枝家具109元/斤、紫檀家具399元/斤、黄花梨家具499元/斤……千万别以为这是超市卖菜或是木材厂卖原木头，这是在近日的古典家具展上，一家名叫连天红的家具企业别出心裁地按斤卖成品红木家具的景象。红木家具按斤卖是否是自降身价？按斤卖到底比件卖实惠多少？这种颠覆传统的销售模式不仅在业内引起轩然大波，更吸引了许多钟情红木家具的普通消费者的眼球。 质疑 概念炒作引起消费关注 兵法有云：凡战者，以正合，以奇胜。在当下资源稀缺、竞争激烈的红木家具市场，只有出奇才能制胜。此番福建连天红家具的论斤卖战略，不仅一举打破了传统红木家具市场按件、按套计价的传统，更将红木家具消费由奢侈消费带入平民消费的价格模式。 旧时王谢堂前燕，飞入寻常百姓家。素来身份象征的红木家具现在论斤卖到底会贴近平民还是自降身价？消费者会不会质疑家具的质量和材质？连天红家具相关负责人余发珍告诉记者，长期以来，红木家具按件打折销售，价格昂贵之余利润空间巨大，让许多非专业消费者“丈二和尚摸不着头脑”。而现在倡导实行明码标价，以每种红木原材料的市场价值，加入手工等成本，根据科学合理的定价体系，按公斤定价，消费者用产品重量乘以单价就是售价，可以做到明明白白消费。 记者走访越和花鸟鱼虫世界和吉盛伟邦等广州几个主要红木家具市场，发现这里的红木家具品牌仍是按件计价。如越南酸枝百子图高低床标价8.6万元，小叶紫檀高低床标价48万元，可打8折。据紫檀居导购员陈小姐介绍，连天红按斤卖红木家具的销售模式有概念炒作的性质，消费者到底认不认同还要假以时日才能见分晓。 提醒 暴利行业消费者要货比三家 随着楼市的逐渐回暖，从今年年中开始，红木家具市场重新升温，原材料和成品家具的报价均上涨至2007年水平。据业内人士介绍，国内红木家具价格居高不下，终端利润空间巨大和价格炒作是主要原因。如印度小叶紫檀原材每吨24万元，正常情况1吨紫檀就可以做一只顶香柜，加人工费，成本大约在26万元，但一般该类商品零售价在50万元左右；红酸枝圈椅，正常情况成本在9000元左右，零售价为22000元左右。可见红木家具零售的利润空间的确可观。 那么连天红的按斤计价与按件零售到底有多大的价格差异？以广州人最心水的越南酸枝和印度小叶紫檀为例，记者在该品牌的网站查到，一款小叶紫檀山水高低床，重266kg，按399元/斤的价格计算，价格在22万元左右；而某品牌红木家具专卖店类似的款式价格在30万元左右。但贡品轩红木家具尹先生对此指出，就小叶紫檀家具而言，做红木家具的都熟知，十檀九空，木材耗量很大，因此不能简单地以产品重量来衡量成本；而酸枝方面，连天红的酸枝是老挝酸枝，一般红木品牌的酸枝是越南酸枝，在价格方面不太具有可比性。 不管行业的反响如何，但值得肯定的是，连天红以斤卖红木的模式还是拉近了红木家具与普通消费者的距离，也能拉低市场虚高的整体价格。省家具协会专家指出，消费者在购买红木家具这种奢侈性和具有投资价值的家具产品时，还是应该多方走访比较，选择适合自己消费目的和经济能力的品牌。,3,1,0.690983235836029
幼儿园装修家长担心污染幼儿园:确有员工因体质原因过敏，但与装修无关本报讯(记者/向绪安见习记者/吴少敏)开学时间已过，但在长安某幼儿园就读的600多名小朋友，还要再等3天才能入学，因为校园还在装修中。家长张女士最近收到幼儿园通知，称因校园装修未完成，开学时间要推迟到9月7日。张女士说，最近几年，一到假期，这个幼儿园总是在装修，也不知道什么原因。更让家长们担忧的是，他们听说几天前有教师进入校园准备开学，结果几名教师被新刷的油漆弄得眼睛不舒服，有教师还出现了皮肤过敏，到医院就诊。昨日，记者在该幼儿园看到，几名油漆工正在刷校园的外墙。有教师模样的女子进出校门时，都带着口罩。张女士说，幼儿园推迟开学，问题倒不大。但装修造成的污染把老师都弄病了，怎么保证孩子的安全?该幼儿园园长徐女士回应说，装修学校，是为了给孩子们提供好的环境，还要迎接“省一级学校”和“省绿色幼儿园”的复检。徐园长说，园方购买装修材料时，很注意环保问题，所买的油漆都是最好的。幼儿园还请了市卫生、疾控中心等部门到校园检查、指导环保工作，以保证不会出现装修污染。采访中，记者也看到衣服上有“卫生监督”字样的人员在现场检查。徐园长说，幼儿园确有一名工作人员出现过敏，但不是好几名教师。这名患病的工作人员，个人体质较差，极易过敏，与装修材料并无太大关系。徐园长希望家长放心，幼儿园绝对保证每个入读小朋友的身体健康和安全。,3,4,0.526841938495636
"庆国庆迎花博 顺义大众健身赛开赛在喜迎建国六十华诞、花博会顺利举办的特殊日子里，10月6日17点，在顺义区府前西街10号 “庆国庆 迎花博 顺义大众健身赛”正式开赛。本次大赛是由J9俱乐部主办的动感单车赛。顺义区区长出席了开赛仪式并剪彩致辞。大赛共3天，分为晋级赛和决赛。凡单车爱好者均可参赛。本次动感单车大奖赛形式新颖，内容活泼，奖品丰厚，因此报名参加比赛的群众特别踊跃。比赛中，参赛选手上至古稀老人，下至中小学生，大家都热情高涨，活力四射。台上选手倾情投入，台下观众反应热烈，掌声不断，气氛热烈。比赛间穿插了各种表演更是精彩绝伦，关凌、尹相杰等明星前来助阵。动感单车(SPINNING)是一项结合了音乐、视觉效果等独特的充满活力的室内自行车有氧运动，这项起源于美国的运动沾染着浓浓的美国味道，活力四射、热情奔放。近年来成为世界各地最“潮”的时尚运动。作为本次活动的主办方，J9俱乐部为此次比赛设置了丰富的奖品。晋级赛每轮比赛冠军获得携式自行车一辆。决赛冠军获得J9俱乐部提供的1万元大奖,包括5000元现金大奖和5000元会员卡等值储值卡。亚军与季军奖品也非常可观。所有参与比赛的选手均可获赠精美运动水壶一个。主办方J9俱乐部表示，本次活动是集健身休闲、趣味比赛、歌舞娱乐、竞技切磋于一体的大型群众体育活动。他们希望通过动感单车比赛，积极带动市民的参与热情，让每一位市民都能逐渐养成强身健体的意识和习惯。北京J9俱乐部位于顺义，交通便利，内部装修豪华，拥有国际顶级设备。今年由韩国当红建筑设计师历时一年打造的J9俱乐部华丽亮相，J9俱乐部整体采用时下最为前瞻的设计元素与内部应用系统，着力打造北京市娱乐行业集J9量贩KTV、美高美国际俱乐部、商务精英会于一体的娱乐业的新航母，是请客招待、朋友聚会、自娱自乐、放松心情，营造快乐的理想场所。J9量贩KTV由J9俱乐部斥巨资打造。拥有专业音效调节设备，大型包厢配备有低音炮，欢唱起来轻松愉快，为您准备专业歌星的演唱条件。美高美国际俱乐部让你在时尚潮流的旋律中慢摇身体，在浪漫的玫红情调和CLUB的交流中忘我地宣泄和释放情感。J9商务精英会为你在喧嚣都市里构造一个宁静舒适的桃源,高雅大气，私密性好，是商务人群休闲度假、商务会客的首选。J9，志在引领文化娱乐新潮流！",3,8,0.6240076422691345
"建筑畅想生活 五地设计师齐聚建筑文化沙龙近日由广州仰光文化传播有限公司主办的“京沪穗建筑文化沙龙”在佛山举行。当晚星光熠熠，五地优秀青年建筑师首聚一堂。出席本次的嘉宾有中科院建筑设计研究院有限公司总建筑师崔彤、中建国际设计顾问有限公司总经理赵小钧、清华大学建筑设计研究院副总建筑师祁斌、华南理工大学建筑设计研究院副院长孙一民、华南理工大学建筑设计研究院副总建筑师倪阳、中国建筑学会学术部副主任王京、北京市建筑设计研究院高级建筑师柯蕾、湖南大学建筑学院院长魏春雨等建筑大师,还有广州仰光总监马彬先生、AD照明总经理关旭东先生共同出席。本次沙龙由清华大学祁斌主持，主题为京沪穗建筑文化的特色及差异。大家先从每个城市的本土文化说起，纷纷表达了自己的感受和见解。就各地城市建筑雷同的情况下，切入到文化和建筑的关系、各地建筑的差异与趋同，而就城市规划、政策制度、城市发展状态等提出了自己的观点。最后谈到建筑师的工作和生活，还关注了女性建筑师的特质和感想。一番畅谈，道尽了作为建筑师的酸甜苦辣。尽管这个工作有多累，但大家还是坚持着，而支撑大家继续前行的乐趣，就在于苦乐之外工作成就的回馈和满足感。",3,4,0.6698929071426392
开发商底楼装修挖坑拆墙 居民担心楼倒倒底楼房屋格局突变，加上前期上海“楼倒倒”阴影不散——成都苏坡乡培风小区15栋1单元的居民们，连日来一直睡不好觉。在这个单元的底楼，施工方不但打掉了两堵隔墙，还在客厅挖了个1米深的坑。业主们担心，过大的改动会给楼房带来安全隐患。对此，施工方称改造绝对符合安全。目前，培风社区已让施工方停止施工。现场目击隔墙被敲客厅挖出1米深坑两周前，培风小区15栋1单元的底楼住房内，从早到晚都会传出敲击声。2楼住户罗秀华当时以为来了新邻居，正在装修新家，并未在意。可前日买菜回家途中，她无意走进该住房，才发现格局完全变了样。罗秀华看到临街铺面相连的墙壁不见踪影，站在该住房内可以直接看到街道。客厅与卧室的隔墙也被人打掉。用于破坏墙体的钻头丢在另一间客房内，整个房间里堆满了破碎的砖石。不仅敲掉了隔墙，客厅地板上更是被人挖出一个宽20多平方米、深1米的大坑。猫着腰钻进连着钢筋的大坑，可以看到坑内堆满了泥石碎土，最里面还充满积水，不时散发出一阵恶臭。罗秀华推测，一楼住户可能准备开店铺，“改装这么大的动作，也不替邻居安全考虑一下。”居民担心动作太大住房恐成“楼倒倒”在培风小区住了近3年的黄淑华说，该小区修建于2004年初，并于2006年3月交房。之前她从来都没看到底楼有人居住过。今年初，有位老师利用空房，开过一个幼儿英语培训班，但没开两天就搬离了。在黄淑华的记忆中，两周前该住房开始有人进行装修，但装修时都是小工在场。发现动作太大，居民们拦着小工询问负责人是谁，对方一问三不知。居民都不知道此房装修后，准备用来干什么。由于害怕住房经不起折腾，变成“楼倒倒”。前日下午，黄淑华和一单元其他几户居民一起拦下了准备施工的工作人员，并将情况反映到社区。社区未获许可前不允许再次施工面对不安的居民，昨日上午，培风社区主任刘建说，商铺由开发商转交到社区以后，都会备注在案。在收取物管费的同时，对其进行规范管理。如果有装修，也必须经过社区许可。但正在改造的商铺所有权仍属开发商成都兴光华城市建设有限公司所有。“居民反映问题以后，我们立即让施工方停止施工。”刘建说：“虽然施工方一再保证，施工是安全的。但作为社区，我们的态度是没有见到相关部门许可、解释不合理等问题不处理，就不能施工。绝对给居民一个满意的答复。”开发商：框架结构施工不会影响安全“我们是房屋的建筑方，知道房屋的结构，这样改造没有问题的。”成都市兴光华城市建设有限公司副总经理谭小平解释，被改造的房屋是还没有售出的相连住房和商铺，而他们作为开发商，正是此次改造的施工方。谭小平说，按规划底楼的房屋原就是框架结构的店铺。打掉的隔墙是去年才加上去的，地板上打洞不是为了修建地窖，而是准备降低以前修建的防潮隔垫，让住房和商铺能在一个水平面上。因此，这样改造绝对符合安全。对于当地居民的担忧，谭小平说，公司已向成都市建筑设计研究院打了报告，等他们出具了情况说明以后，再进行下一步施工。,3,4,0.7612471580505371
开发商贴错户型图 少十平米仅赔两万元四川新闻网成都7月28日讯(武侯法 记者 曾燕伶 实习生 罗紫兰)消费者李女士于2007年购买了成都某商品房，今年初收房时却见房屋面积比当初约定的少了十平米之多。对此，开发商的解释是在购房合同附件中贴错了户型图，而法院则仅判决开发商赔偿两万元。收房时露台消失李女士在诉状中称，她于2007年6月签订购房合同，约定购买成都市武侯区某住宅小区1单元5楼3号住宅，该房面积为80.80平方米，售价339138元。“这套房屋的客厅有一个面积十平米的露台，主卧室有一个飘窗”，李女士指着购房合同附件中所贴的房屋平面图说。今年2月14日，房屋建成交房。李女士在收房时发现房屋的实际构造和面积与合同约定的差异巨大。“客厅的露台和主卧室的飘窗都不见了”，李女士认为，房屋户型和面积的改变严重影响了其使用和居住质量，要求开发商采取补救措施使房屋达到平面图所示效果并赔偿损失六万元。法院判赔两万“李女士购买房屋的奇数层和偶数层构造不同，我们在签订合同时错贴了偶数层房屋的平面图”，房屋开发商承认自己的工作人员存在疏忽，并表示由于偶数层房屋已售罄，无法为李女士调换房屋。“如果这件事给李女士造成了损失，请她拿出损失依据来，我们一定赔”，开发商表示。武侯区法院在审理中查明，李女士所购房屋面积“缩水”的原因确为开发商贴错房屋平面图所致。但由于李女士未提交有关经济损失数额的有效证据，法院酌情认定开发商赔偿两万元为宜。至于李女士提出的改建房屋增加露台及飘窗等要求则因违反我国建筑法等法律法规的规定而未获法院支持。,3,4,0.9970225691795349
引经据典 各界精英共话回潮之风杨熙：今天嘉宾在这里我觉得谈的很有意思的，最开始谈到回潮，讲到怀旧，最后又讲到城市规划等等。我想在最后的时间我想让每位嘉宾用一句话或者说最简单的语言来总结一下，咱们还是紧扣在城市里面的回潮的主题，每个人介绍一下我们对回潮的简练的理解。或者说如果说你希望我们到底需要的是怎么样的一个回潮，或者说叫复兴吧。宫铁军：我真心希望中国的建筑在未来能够找到自己的复兴之路。现在到日本去无论这个建筑什么样的形态，你总能在最后找到日本的感觉。其实是它是靠尺度，靠规划，靠它的一些骨子里的那些东西体现出来的。所以说中国一定能找得到，那么就靠中国这代设计师，相信在未来的十年中国的建筑一定会复兴。陈炜：作为我们家居行业的，我们希望回潮能够真正根据中国传统文化历史以及现代技术的结合能够做到这种新的创新。这是我理解的回潮。孙群：我想感谢的是储社长，我在听你说的时候特别受感动，你说到舞台的东西，实际上这都应该是政府做的事，因为它们不在引导这些，所以导致了你的这些严肃艺术不可能有市场，所以我想如果说我们不要，我们今天在讨论回潮，我们希望在整个这个回潮过程当中，从政府这个角色的回潮不要是被动地发生的，希望它们更多的主动地发生去做一些事情。赵路兴：好几个逗号的一句话，还是讲住宅，大家最近三四年关心的最多的都是住房的价格，房价，去年又有一个比较大的跌，实际这是一个插曲，中国的房地产高速发展是没有问题的，经济持续的发展，中国最大的问题我也赞成大家说的能不能提出一些好的购房产品，特别是节能，环保型的住房产品。所以刚才宫总说我也很感动，我觉得企业家现在想的这个事应该说是非常占主要的事情，中国的第一个十年发展的就是解决有和无的问题，第二个就是节能环保的问题，有这个企业自上而下的发展，从上头强行地推你这个东西，我觉得这个想法很天真，所以弄的自己也很烦恼，因为我们中国东西是自上而下的东西，包括我们节能，税收这些支持，虽然有技术的支持，所以未来的十年应该是非常看好。许力：我觉得我还是激动，最后一句话是这样的，我刚才听完大家说我的感触也算是今天的收尾是多元化这个词不是抄袭和没文化的借口，多元化不能作为抄袭和没文化的借口，技术解决不了任何文化问题，文化只属于精英阶层就那么简单。储兰兰：干净利落。我不敢批判，我只敢表达。我觉得回潮不是回归，因为社会是要变化，是要发展的，是要改革，要紧跟时代，所以我也希望就刚才您(孙群)比较同情，希望社会也好，政府也好，媒体也好能为咱们中国特有的传统文化搭建一个舞台。王?：我接着宫总来说，宫总说我们这代是奉献的一代，我心里一振。我是觉得我们的确是在一个转折期的一代人，但是我觉得这个机遇也是非常好的一个机遇，所以今天大家凑在一起讨论，我觉得我们这代人就像，就美国战后那一代，民权运动哪些人，没有他们的牺牲就没有美国文化的繁荣，我想等我们五十年以后或者三四十年以后我们回首的时候，我们可能觉得我们这代人做的事情其实很有意义的，也许是几个世纪都很难遭遇的时代，我们虽然奉献但是还是幸运。刘达飞：建筑回潮，以人为本。段妍玲：我想今天有很多房地产的精英，所以我想表达一下我自己的，我其实从来不批判，我是非常爱提问的。我觉得房地产商十年的工作肯定要让大家认可的。第二个关于回潮我自己的理解，我觉得又回到刚才宫先生说的很积极而且很乐观，我也希望看到十年之后我们中国有非常好的建筑的项目，建筑师，大人物的出现，我想那个时候至少中国的回潮先把非常显性的中国元素的重新体现能够真的是消化，能够在隐性和气质上的真正的沉淀和理解之后出来的东西，真正的有我们的气质，而不是像今天继续讲风格。杨熙：谢谢大家参与今天的论坛。我想在今天最后的话还是要感谢咱们九朝会给咱们提供这个场地，也感谢各位专家的参与，尤其是代表各个层面的，我想今天有咱们的赵处长，也有宫总，也有批判学者，也有文化人对咱们这个话题进行深入讨论。再次感谢大家的参与。谢谢。 杨熙：今天嘉宾在这里我觉得谈的很有意思的，最开始谈到回潮，讲到怀旧，最后又讲到城市规划等等。我想在最后的时间我想让每位嘉宾用一句话或者说最简单的语言来总结一下，咱们还是紧扣在城市里面的回潮的主题，每个人介绍一下我们对回潮的简练的理解。或者说如果说你希望我们到底需要的是怎么样的一个回潮，或者说叫复兴吧。宫铁军：我真心希望中国的建筑在未来能够找到自己的复兴之路。现在到日本去无论这个建筑什么样的形态，你总能在最后找到日本的感觉。其实是它是靠尺度，靠规划，靠它的一些骨子里的那些东西体现出来的。所以说中国一定能找得到，那么就靠中国这代设计师，相信在未来的十年中国的建筑一定会复兴。陈炜：作为我们家居行业的，我们希望回潮能够真正根据中国传统文化历史以及现代技术的结合能够做到这种新的创新。这是我理解的回潮。孙群：我想感谢的是储社长，我在听你说的时候特别受感动，你说到舞台的东西，实际上这都应该是政府做的事，因为它们不在引导这些，所以导致了你的这些严肃艺术不可能有市场，所以我想如果说我们不要，我们今天在讨论回潮，我们希望在整个这个回潮过程当中，从政府这个角色的回潮不要是被动地发生的，希望它们更多的主动地发生去做一些事情。赵路兴：好几个逗号的一句话，还是讲住宅，大家最近三四年关心的最多的都是住房的价格， 房价，去年又有一个比较大的跌，实际这是一个插曲，中国的房地产高速发展是没有问题的，经济持续的发展，中国最大的问题我也赞成大家说的能不能提出一些好的购房产品，特别是节能，环保型的住房产品。所以刚才宫总说我也很感动，我觉得企业家现在想的这个事应该说是非常占主要的事情，中国的第一个十年发展的就是解决有和无的问题，第二个就是节能环保的问题，有这个企业自上而下的发展，从上头强行地推你这个东西，我觉得这个想法很天真，所以弄的自己也很烦恼，因为我们中国东西是自上而下的东西，包括我们节能，税收这些支持，虽然有技术的支持，所以未来的十年应该是非常看好。许力：我觉得我还是激动，最后一句话是这样的，我刚才听完大家说我的感触也算是今天的收尾是多元化这个词不是抄袭和没文化的借口，多元化不能作为抄袭和没文化的借口，技术解决不了任何文化问题，文化只属于精英阶层就那么简单。储兰兰：干净利落。我不敢批判，我只敢表达。我觉得回潮不是回归，因为社会是要变化，是要发展的，是要改革，要紧跟时代，所以我也希望就刚才您(孙群)比较同情，希望社会也好，政府也好，媒体也好能为咱们中国特有的传统文化搭建一个舞台。王?：我接着宫总来说，宫总说我们这代是奉献的一代，我心里一振。我是觉得我们的确是在一个转折期的一代人，但是我觉得这个机遇也是非常好的一个机遇，所以今天大家凑在一起讨论，我觉得我们这代人就像，就美国战后那一代，民权运动哪些人，没有他们的牺牲就没有美国文化的繁荣，我想等我们五十年以后或者三四十年以后我们回首的时候，我们可能觉得我们这代人做的事情其实很有意义的，也许是几个世纪都很难遭遇的时代，我们虽然奉献但是还是幸运。刘达飞：建筑回潮，以人为本。段妍玲：我想今天有很多房地产的精英，所以我想表达一下我自己的，我其实从来不批判，我是非常爱提问的。我觉得房地产商十年的工作肯定要让大家认可的。第二个关于回潮我自己的理解，我觉得又回到刚才宫先生说的很积极而且很乐观，我也希望看到十年之后我们中国有非常好的建筑的项目，建筑师，大人物的出现，我想那个时候至少中国的回潮先把非常显性的中国元素的重新体现能够真的是消化，能够在隐性和气质上的真正的沉淀和理解之后出来的东西，真正的有我们的气质，而不是像今天继续讲风格。杨熙：谢谢大家参与今天的论坛。我想在今天最后的话还是要感谢咱们九朝会给咱们提供这个场地，也感谢各位专家的参与，尤其是代表各个层面的，我想今天有咱们的赵处长，也有宫总，也有批判学者，也有文化人对咱们这个话题进行深入讨论。再次感谢大家的参与。谢谢。,3,4,0.9646046161651611
张宝贵：结缘混凝土融入建筑设计主持人：谢谢Maria Belen Mendizabal女士，他从不同的国家和不同的文化给我们诠释了一个和谐的城市所必要的一些基本的理念。今天我们将邀请最后一位为我们做演讲的嘉宾，他是北京宝贵石艺科技有限公司总经理张宝贵先生，今天演讲的题目是结缘混凝土融入建筑中，大家欢迎一下。张宝贵：在非常尴尬的时间，我一定在规定的时间内尽量把语速加快。非常感谢组委会也感谢各位到会的嘉宾，非常抱歉的还要占用你们一点时间。我是从一个边缘话题，实际上是皮毛的事情说起。因为我们试图为建筑穿衣服，当然能不能穿好我抛出一些案例跟建筑师的思考，包括我们的一些体会，不一定说的得当，真的是抛砖引玉。刚才齐总讲话非常美，真的犹如诗篇一样，这不仅仅是建筑的概念，这是一种智慧，一种思维。我不是学建筑的，我是给建筑师提供材料的。我想如果最终我们的创造像诗一样的美，其实刚才上述很多领导和专家发言很精彩，就真的像戏班人讲的好梦成真。我们所说的有在苍天的眼中都是无，我借助这样的画面，不管是建筑师的建筑设计，我们作为材料供应商的材料供应，我们如何去理解创造之美。这是霍金混合中的宇宙，我们可以微观的看，也可以宏观的看。实际上这可以是具体的画，也可以是抽象的画，可以用自然的眼光看我们漠视的景观，包括这样雕塑经常有人讲它的美学，讲历史学，其实我也在猜测，因为大家不生活在三万年前，都是猜，我也猜一次，还是因为生存的原因。在当下什么是重要的要生存的呢，其实我们做这件事22年做壮制混凝土就是两个字，就是活命。这里面要阐述桩制混凝土，我1987年回到北京带着一帮老百姓为了生存搞起了装饰混凝土，既然为了生存就不得不研究建筑的需要，建筑师的需要，前不久崔恺知道我出这本新画册，今天他没有到会，他写了一段短话，其实最后他所说宝贵的再造艺术特色正缝之时，这可能和我们的大背景有关系。这讲的是将近二十年前已经做古的一些建筑师，因为一开始没有想到我们能为建筑服务。后来二十年前的全国第一次装饰混凝土研讨会，我就大着胆子上台讲装饰性混凝土，当然今天也是撞着胆子，我们是边缘人物，也希望抛砖引玉，也希望能找到一些活干，这是我跟清华老师在印度。我旁边是齐欣齐总，这是在十几年前四十位所谓青年建筑师，在今天已经都不年轻了，什么意思呢？下面我会讲最早房房展和如果不像势头就不用。第二不能光看钱要走对路，黄贵一开始说他们像裁缝，我们提供的东西像布料，布料好他们就用。其实还有很多这样的边缘故事来自方方面面，回归方方面面。我的体会是什么呢？文化是穿越时间，文化是一个边缘学科的技术集成，文化是活的，文化是长起来的，今天更多的是讲建筑文化，建材文化，舞蹈、音乐都是文化，这是文化的表象，虽然很重要。文化的核心是人的精神状态，有什么样的精神状态它就会有什么样的创造能力，他就会产生什么样的活动和什么样的作品。所以千头万绪一切是因为人而发生的，一切是为人所服务，所想象的，所以刚开始宋部长就讲到这个话题，齐欣、崔彤都讲了这个话题，这是我们20年做的历史博物馆，今天能成功就两个字便宜，除了便宜没有地个诀窍，所谓技术和其他东西都有，我们用今天技术挣未来的钱就必败无疑，我们讲市场经济，市场经济是什么，市场经济就是适合的报价，不然的话没有人买单。就像我们到餐馆吃饭一样。这是在1989年动乱时期，让我们做的历史博物馆，混凝土可以做初始投质感，混凝土一开始就能满足建筑的需要。比如说这样的东西，其实是不是镀铜，是不是贴金，这有多贵都不重要，这为建筑提供了一种可能新，因为混凝土不姓张，混凝土姓建材，只是我们找到了建材和建筑的切合点，我们就找到了生存之路，我们可以叫做艺术，我们可以叫做文化，我们可以叫做创新，我们可以叫做环保。关键就是我们能找到这条路吗？这是首都机场浑天仪，没有以为他是混凝土做的，都以为是铜的，22年来我们建了田园，有人说这跟你有什么关系，因为我们今天讲的是什么呢？种子项目，如果种子项目没有好的环境，种子怎么开花结果。这里面我们想给大家提供混凝和和G2C结合起来，变轻变薄了。安德鲁在04年2月20日到昌平找到我们说能不能做这个，我们其实也不能做，没有做过，但是我们告诉人家能做，我们就把自己给绑架了。用了600天搞研发，其实刚才很多建筑师讲，刚才宋部长也在讲，讲特质，讲一种创新。我们有时候能不能把自己绑架，这是成功很重要因素。这是安德鲁在我们公司，安德鲁跟我们的员工，这是做完吊顶，这只有24小米，一共是100多吨，164块，实际上我们做完这个项目赔了100多万，刚才赵总讲做水立方体会，其实很多报纸讲我们是失败的商人，成功的艺术家，其实是失败和成功都不重要，关键是这项技术是不是前进了，这个技术作为G2C技术以什么样的品质出现的。所以今天上午一些电视台还采访我，说人家做买卖都挣钱，你做买卖赔钱，20多年花了这么多钱搞研发你是怎么想的，你的经营目标是什么。我们可以上小学，我们可以读研究生，上小学和读研究生所投入的费用是不一样的，只要你心中真有目标，你为你的目标去破费别人怎么说都不重要，关键是能不能把自己的目标实现，这是安德鲁写的文章，我们下面要给大家汇报的是我们在展会有十四个展位。感谢组委会给我们提供这么好机会，上午领导也去了。我实际上讲了几个观点，我们能不能为建筑服务的时候借景，借场，借气，这是相得益彰，建筑推广新材料的时候也借一点气，因为材料上有气，材料是活的，这里本没有高低上下之分，就像一个音符，好的作曲家会创造出畅快淋漓传世的作品，衣服本身没有意义，关键在于作曲者，材料本身都是死的，关键在于建筑师能不能让它活了。刚才我讲齐欣很多想法非常好，材料在那儿，便宜的，环保的，美观的，好制作的，好安装的，前天我见到周凯，他说张总我们现在做高层的时候遇到一个问题，我们把石材、玻璃幕墙做遍了，如果这个材料很轻，很薄，很结实还便宜不可想象未来将是什么，未来是什么？因为未来都是一个问号，关键就是建筑跟建材能不能真的成为同盟军。我说的是下面有很多案例，装饰混凝土一定是实践产物，市场混换的产物，当然市场里面排头兵是建筑师，规划家，这是很早以前，五年前清华让我们做这样的样板，他们校长到我们公司去，说要为国争光，因为国外有了中国没有，一个混凝土挂板，跟爱国产生联系。让我们心里发热，谁还跟爱国产生联系，混凝土居然跟爱国两个字产生联系了，我们真的以为自己爱国了，所以坚持了五年，这是很多专家，徐会长、曹院长帮助解疑，这一定是社会协作的产物。单独的建筑设计和建材研究一定很难快速发展，这必须结婚才能生小孩。如果同性繁殖即便有梦也不会梦想成真。当初请了60多位专家，有不同意见，但是奠定了这个基础。我讲这个是发现一种简易方法，现在叫做风格，后来我发现所有的风格都是因为历史的局限，不信大家就排着队去数，技术的局限，经济的局限，观念的局限，社会的局限逼出一种方法这叫风格，以后我们把风格当做标准，社会不必破你了，风格就一定会发生转移。我们提出的在当下因为节能减排，因为环保能不能把挂版做薄，因为现在不打仗了，不要穿铠甲了，能不能把十公分厚板变成一、两公分，当代科技答复是可能的，因为现在边缘技术发展异常，G2C的技术，只要我们能把所有的边缘技术呼唤到一起，像刚才崔彤讲的技术集成，我们很多问题很好解决。我这里讲技术方法，没有现在环保话题发热，用假石头做环保，然后给企业免税，这就更好接单了。因为我们的记忆是把楼板立起来挂在墙上，我们记忆就是钢筋混凝土，很多建筑师问你这里有钢筋吗，其实现在的G2C不做钢筋，因为不走火车和人，就把板做起来像幕墙，他只管自己风来了可以动，地震来了有刚架动，因为不过是装饰而已，真的像女人的丝绸而已。其实我们何必把桥梁力增加到墙上呢，我想建筑一定不是建筑单纯话题，建筑一定是跨学科话题。这几次看到崔恺，见到王晖都为我出这本小画册，20年朋友能不能写几句话，我自己说显得太武断，你们说权威，目的是干什么呢？想推出新的材料跟建筑产生同盟作用。上面混凝土板、沙石、辅料，加钢筋叫钢筋混凝土非常结实但是非常重，下面是纤维混凝土，这个很便宜，很薄，我上午向宋部长做汇报，组委会今年亮点是什么，我说是做薄。我跟有的领导讲这次推出要薄，因为边缘技术有人做纤维，有人提供G2C水泥，这种技术可以做薄我能把薄板提供给建筑师，我觉得像齐欣讲的很多东西非常好实现。赵总讲的海边海港东西，现在很多制膜技术、工装条件，现在很多特殊软件能够实现很多东西，背后是用钢架。大家能看到钢架看不能板，板这时候是一张皮。我自认为建筑需要的东西你们要吗，你们能要的东西甲方觉得没有用是另外一回事，你让我们研发我们立马研发，花多少钱总比做广告要核算，切中建筑师脉搏我们要走很多弯路，这是最开始做的板拉到火车站。到今天来讲也不是说没有瑕疵，新产品一定有瑕疵，但是大家提供一个环境，其实实现了他们设计的愿望。这是孟良崮博物馆，上面还有子弹壳。这是李农写的一段话，他几年前寻找一种面料，他说什么呢？安装的过程使我们几方认识到U型板材对精度要求，反复试挂之后，如我想象之中简洁而又精神小建筑落成了，4.2米落地长状和钢挂板，低价位，今年很多领导问为什么这么低，不是我想低，高了没有人买，我先低把研发费赚出来，不赔就是赚，少赔还是赚，因为这样我们出钱了。我提供的经验是什么呢？希望我们同行，因为跟建筑界熟，其实建筑师勇敢一点，渴望一点，跟宋部长报告讲的一样，很多东西我们伺候建筑师，建筑师勇敢用一些新东西担一些风险，明天很多设计都能变成现实，这关键是谁来先担风险，担了风险败了烈士，成了就是勇士。谁担风险谁成谁就出名了，就这么简单。任何理论不如付诸实践，传统的混凝土用钢筋增强，我们后来发现用纤维增强能满足建筑需要，这是庄惟敏柔道馆，他写了很长一段话，都是在2号到4号之间提供的，十几位建筑师那么忙也没有这么抓拍的，马上要印，没有想告诉我人造的东西是什么样一个东西，该怎么人造，他最后一句话在不久的将来它会给我们的设计带来更多的惊喜，他讲的是人造的板，是讲宏观的产业。我们也有义务为人造石材的发展做一点我们应该做的事情，其实我很感动，建筑师应该做什么我想肯定庄惟敏有很多感慨，这是我们公司样板没有办法拉，只有五公分厚，背后是钢架，这可以镀铜，我们这次拿了很多样板，我们对同行也是抛砖引玉，同行很多经验也在被我们学习。这个是树皮，0.3毫米，这是最近澳大利亚可以参照的制作安装的规范，这是我们引用的一些标准和规范。大家经常问的标准，新产品有时候不能有标准，四年了还没有批呢，我们只能引用一些国内或者国际的或者欧洲的标准。这是行业内部的标准，我们企业的标准，所谓的专利，创新大奖。这是张华的一篇文章，据说这是十几亿在国际上最久远的一个古化石的地方，因为老百姓房子是这样，他就做这样挂板。实际上王辉写了这样一段话，他说宝贵石艺所开拓预制混凝土挂版技术具有不可抄袭和难以超越的核心秘密，张宝贵先生注入到这门工艺中的热情和远见。关键这两年能不能别逃跑，以后会大把钞票来。我们今天看似技术的话题都是一个概念的原因，都是一个心态的原因，谈心态易，改心态难。他对个人，个人对艺术的执着，对设计的热诚，以及在推广这门技术过程感动了所有人的个人魅力，将混凝土点石成金的根本原因。那天说写什么呢？我说写什么都行，因为你们做了。这是一个破论的山体，用生态修复的方法，也是这个挂板。这是宋部长讲的长春市长拿不准用不用，宋部长说这个东西轻，还是用吧，按完以后据说长春市长给领导打报告说比想象的好，因为当时没有用过，怕出事，新东西不用是对的，人家怕你出事，用了如果不出事就真的对了，关键是没出事。现在作为我们材料供应商能不能想尽办法让它别出事，哪怕赔钱。我们公司走到今天其实经济发展很慢，老赔钱，本事小老犯错，犯错想在里面纠正，自己悄悄把毛病解决在企业内部，所以人都说你不会管，你是笨蛋，你不会挣钱，我说如果活不出事，我可有资格在这说话，我在上面吹牛底下活出事了，下次估计不让我说了，估计没有人听这个事了。大型挂板在张宝贵可以成为建筑艺术品，因为我叫张宝贵，实在宝贵，其实建筑师给我们加了一个担子，这样干活更得好好干，更不能出问题。我们鼓励建筑师，建筑师鼓励我们，我们造成相互鼓励，其实就是相互背上了一个责任的意识。如果我们相互排斥，我们中间就可以都不去研究和负责，这样的板远看是土，近看是土，原来是混凝土，这是前人的语言，我们只是抄来了。因为我在山西插队20年，我打过夯。最早宋部长讲文化是什么，我觉得在山西像醋缸泡我20年不酸都不行。这是前不久郭坤设计的水泥的镀铜，这是样品。前不久崔恺和张南设计的赵王城，下面是石头，上面想用水泥做，这实际上是赵国时期的文样。这是辛亥革命博物馆，我说能不能把模具支在外墙，因为后面辛亥革命100周年，如果能做出整个效果多好啊，当然大家思想没有统一，觉得做出来不是那个东西呢？可是横着树着开缝肯定不是整石头。这是重庆自然博物馆，他要做成树包石，石包树，后来我们发现建筑真的越来越活跃，我们作为一种供应商能不能简单的供应变成一种研发制造商，我们就可能找到更多的发言权。韩觉北说的给大家念一下，他在这里面有几点，这是其中一点，装饰挂板表面造型独特，能满足不同建筑风格，装饰挂板表面造型各异，安装时比较正确选用定位、装饰挂板安装时必须选用机械方法调整，单块挂件必须自成体系，这是他做大唐当中的体会，很多安装公司安装的时候遇到很多麻烦，他在这里面做了一些调整，这是他的一些安装图，节点图，这是安完的效果。从某种角度来看社会的丰富很大程度是有色彩所决定，时至今日建筑领域里的建筑材料千篇一律，单调乏味面貌依然如故，钢筋混凝土简单使用带来同质化问题，促使现代建筑的生长犹如麦田，张宝贵是这片麦田里面的诗人，记得一个秋季配北京朋友在京郊小厂第一次见到他，宝贵是农民敦厚纯朴，对待我们向一个归家兄弟，第一次看他的产品令我惊异的不是混凝土制品，而是博物馆，全部由混凝土制作，我走过全世界很多博物馆，但还不曾见过这样一个由农民艺术家，农民企业家独资创作，由混凝土材料完成所有作品的个人博物馆。当然这个个人夸张了，我有200多人帮助我做。张宝贵像一个混凝土诗人，那段时间我正在为选择西安大唐及丝绸之路博物馆面料范畴，宝贵作品给了我很多启示，我边画草图与他讨论新博物馆材料想法，宝贵收起我的草图说刘教授我试试看，两周以后发几张图片，我高兴的看到想法变成现实，经过几次调整一种从来没有过材料出现了当混凝土挂板在长安成功时，我好象看到丝绸之路驼队出现了。我那天发短信，看来建筑师不但会做图，还会写文章，其实这些东西是共同在摸索一种东西，我最后的结束有两段，如果把艺术比喻为树，夸张树冠，忽略树根会倒，22年来亲历亲为这是生活，这是经历，这是示范，这是学习，不习惯定位所犯的都是小树，树向上长，根向下扎，一天一天长大，中国日报记者很多年前给协调过一篇文章，拒绝收获并非刻意，只是不愿意收获时把什么都扔了。多少年来每当宝贵有所进步，有所发展，就能及时得到专家领导和方方面面的鼓励和帮助，特别是近几年来我们用循环经济的方法做装饰混凝土轻型挂板，由于缺少经验和条件总要预见重重困难，每当发生细微变化，大家用发展的眼光看本质，把我们夸的心里发热，每过一段时间就有新的设计和产品拿到展览会上来，向大家展示，向大家汇报，从而得到新的鼓励，新的市场。我们喜欢想入非非，别出心裁，不管如何天花乱坠，终能脚踏实地一是一，二是二，心在天而脚在地，我们喜欢创新，喜欢研究，经常碰钉子，经常被诱惑，被批评，被建设，终能按自己最初想法走下来逐渐成了风格，认准了事情不动摇，有想法容易，坚持下来难，始于创新，成于坚持。这是我们下一步的工业化，前不久见周凯，我们在学习别人的经验，跟周凯有过交谈之后，他认为应该向高层发展，一百米，二百米，他马上要设计做市场工作，不但有意义而且可行，如果规划设计研发应用施工可以协调起来，也许在不久的将来装饰混凝土轻型挂板可以在当代建筑外墙发挥重要的作用。装饰混凝土自有其传统，关键在前人基础上如何创新，如何发挥新材料，新工艺的特点，使之在文化创意和循环经济相荣的领域中有所发现，有所发展。我们有八个关键词，建筑、雕塑、商业、环保、农民、工艺、材料、创新，别人是一个点创业，我们是八个点非专业，边缘化，我22年前圈了一块地，后来才发现这叫万亩良田，22年我们在圈地，我们的边缘化行为实际上是边缘学科相荣，构筑可持续发展空间，一位大学生说你们是不是把企业当艺术来搞，有如天使在点播。22年说着自己的话，似乎把梦实现，看似虚，实则实，虚实之间自由自在，把美传给人间不亦乐乎。谢谢。主持人：谢谢张宝贵先生，张宝贵先生用精彩的演讲为我们今天的论坛画上一个完美的句号。今天一共有六位嘉宾为我们做了精彩的学术演讲，既有对建国六十年来中国建筑创作回顾和总结，又有在建筑设计理论和实践中的探索，还有像张宝贵先生这样对建筑创作给于密切配合，并在建筑材料创作中不断追求的企业家，相信他们的演讲一定会对各位参会代表留下深刻的印象，并会推动我国建筑创作不断繁荣和发展，我再一次代表大会组委会对各位专家的精彩演讲，对各位代表的积极参与表示衷心的感谢，谢谢大家！今天的论坛到此结束，谢谢。,3,4,0.4990535378456116
张钧：2010年在纠结中发展     张钧：我想是这样的，现在我也前卫一把，网络有一个新名词“纠结”。这种纠结是怎么一回事呢实际上就是我中有你，你中有我，有合作，有竞争，这种分化和发展先不可预知，也出于生存的考虑做一些变化，以后这样的变化还会多，这种创新、发展，这种纠结恐怕会越来越严重，这个是不可避免的，但是更多的过程中，大家应该公平竞争，然后充分给广大消费者提供性价比最高的产品。另外还有一个，我也在想，应该做好自己最擅长的部分，不能无限扩大自己的领域和范围，因为你的领域一旦扩大很多，你的合作、朋友就少了，竞争就很多，我买了一个厨柜，马上其他和我合作的厨柜就会有很多的想法和问题，金鹰艾格的老板问我地板的问题做了吗，我说没有做，我觉得还是做好自己的强项和专长，多以合作和共赢探讨，在新的经济形势下寻求新的点，这是我们方方面面共同面对和探讨的。    张福才：我还是觉得北京的京味家具发展越来越大，大家应该团结起来一致对外，尽快的把北京的京味家具做到全国，让全国的大卖场、主流卖场都有北京的家具生产厂家大的地盘。       刘春杰：我觉得是要一致对外，家居行业大行业，小规模，实际上这两年有很多的小品牌进入红星美凯龙这样的卖场，然后迅速的进入到全国，这对我们行业是很好的事情，家居行业共同面对的问题是诚信，大家都在谈环保，消费者关心的问题，实际上还是因为之前的信用危机造成的后果，大家在这么好的市场情况下，一个是练好内功，另外一个是可以对自己做出的承诺有一个保障，无论我们的价格体系，小到价格，大到产品品质的问题，如果都可以做到比较好的起点或者标准，那么我想家具行业的发展必然会有非常大的空间，网络应该可以很好的解决销售的问题，现在我必须要亲手的看到这个产品，才知道这个产品是真的还是假的。       主持人 李燕玲：刚才刘总说到一个家居产品的非标准化，家居产品的个性化导致了对行业的依赖，这种合作关系还是非常有必要的。       赵崇联：现在我们做的没有那么大，现在作为企业首先把自己定位做好了，做一个产品，首先要想到对老百姓服务，也是对自己服务，坚持这个观点之后，我想同行之前相互交流、学习，才可以把自己的产品不断的提升、进步，返回来会得到更多的用户的喜爱，同行之前更多的交流是比较好的，作为上下游来讲，一个产品应该有上游和下游，应该搞好利益关系，我想企业发展起来会有更多的朋友，多一点朋友更好一些。       主持人 李燕玲：赵总作为上游材料的提供商，应该说没有更多的间接的竞争对手，都是直接的竞争对手。       袁树林：我觉得这个问题应该从另外一个角度来看，不管是渠道也好，还是单店的销售也好，产品和服务也好，不管是在座的各位企业的老总，或者说任何一个家具行业的老总，都应该有一个概念，我们在整个客户满意的前提下，怎么样能够真正的让自己的产品品质上来，这是最关键的，包括刚才很多老总说的不良竞争，可能不单单是价格，在纵向或者横向上沟通交流，我认为有很多的机会，刚才说了利益环节，渠道环节做更多的沟通，因为每个企业和每个产品的特性不一样，刚赵总说了，我们个性服务，高端客户服务非常强，这个都是需要和大家探讨的。       温世权：我就一句话，希望明年北京多一些竞争对话，大家在良性平台上竞争。       钟红文：通过去年一年的拼搏，今年比较疲惫，我的孩子在清华附中，我看他考进去的时候还不错，前一段时间46名学生排名40名，最近两个月我抓了一下排到全班前4名，09年我又充分的授权，我要回归家庭多一点，谢谢！       乔印军：我想说三句话，卖场是我们永远离不开的舞台，对手永远是我们的竞争伙伴，永远以乐观向上的心态引导我们的行动，谢谢大家！谢谢新浪！       主持人 李燕玲：我们这场论坛就到这里结束了，我非常感谢大家激烈的讨论，后续我们会对一些热点的话题进行追踪、报道。,3,4,0.7753311991691589
德国专家做客清华知音讲坛 干墙系统隔声新用受清华大学建筑物理实验室及可耐福的共同邀请，德国知名专家、爱尔兰根-纽伦堡大学的客座教授Hans-Ulrich Hummel亲临清华大学建筑学院，依托知音讲坛这个技术交流平台，介绍了干墙系统在隔声和吸声方面的应用，讲座吸引了清华大学师生、设计单位专家等众多业内人士。讲座中，Hummel教授详尽介绍了干墙系统在隔声和吸声方面的应用，现场投影中生动而颇具科研价值的图片令现场听众纷纷举起相机拍摄。讲座结束问答环节时，现场的中外听众争相提问，并就建筑声学专业领域的问题与Hummel教授展开交流。此外通过知音讲坛的12个网络端口，许多外地在线参与讲座的网络听众也纷纷提问，发来问题请Hummel教授解答。干墙系统，主要是指轻钢龙骨或木龙骨上固定的各种预制板材，如石膏板、组建吊顶、墙体或其他类似建筑构造系统。干墙系统施工便捷，重量轻，可以解决各种建筑设计的要求，如隔声、吸声、抗震、耐火、耐水、节能、环保等。本次知音讲坛上，Hummel教授详细讲述了干墙系统在隔声和吸声方面的应用。从建筑材料石膏板的历史到石膏板的制作工艺，从隔声与吸声基础知识到声音通过墙体传播的机理和测试方法，从吸声产品到施工细节等，无一不深入浅出，细致道来。此外，Hummel教授以可耐福石膏板为例，形象化地向大家阐释其优越的隔声性能以及其内部构造和隔声原理。,3,5,0.7407545447349548
必美 纯正的欧洲贵族血统木地板德国梅赛德斯奔驰汽车一直是全球顶级汽车制造品牌的骄傲，而且还是人性化设计的典范，拥有“奔驰”，眼下已成为了全球消费者舒适、豪华、地位的象征。其深厚的品牌底蕴涵盖了艺术、生活、汽车的真正含义。    奔驰将其对生活方式的理解从豪华汽车一路拓展到手表、皮具、箱包，乃至服饰。在面对众多世界一流的木地板供应商时，奔驰中国展厅即选择以原装进口欧洲贵族血统地板而著称、原装进口木地板全国销量第一的必美国际为合作伙伴，必美国际也成为了国内惟一被授权可以在奔驰展厅的名贵木地板上镶?“必美”标志产品的企业。从此，奔驰对必美品牌的选择所代表的不仅仅是汽车与木地板，更是欧洲人对奔驰高品质生活的态度和要求：环保、优雅、简洁和成功。2009年，奔驰北京的高层经理找到了必美，商量能否引进和铺设与奔驰汽车风格相符的欧洲原装进口木地板。双方一拍即合，奔驰能透过必美在海外已相对成熟的进口渠道，引进到世界一流的欧洲贵族血统品牌的名贵木地板，奔驰在中国最高端社交圈的知名度也能使必美品牌与高价值的奢华品牌之间建立紧密联系的桥梁和纽带。必美早在2004年开始，就与volvo沃尔沃尔汽车合作，尝到甜头后，必美很快又筹划2009年与奔驰的合作，为必美这个品牌不断注入纯正欧洲贵族血统元素的同时，不断告诉消费者，你们得到的是一个与奔驰、沃尔沃尔平起平坐的顶级木地板品牌。,3,6,0.5873501896858215
房地产新开工量下半年大幅提升 家居业加速回暖由于上半年商品房销售多为消化库存，房地产新开工量增长有限。而下半年，随着新开工项目的大量上马，房地产市场有望带动相关产业加速回暖。 下半年新开工量将有明显增长上海克而瑞公司有关负责人表示，以北京、上海等城市为核心，多数典型城市的房地产新开工量将在下半年大幅提升。其中包括政府新立项的保障类住房规划区、新出让的经营性用地，以及此前捂盘惜售的商品房项目等。上海市规划局也于日前披露了上海十五大居住规划区。其中，以保障性住房为主的近郊六大基地为宝山顾村、嘉定江桥、松江泗泾、闵行浦江、南汇周康航、浦东曹路。9个大型经济适用型居住社区则涉及宝山、虹口、嘉定、普陀、青浦、闵行、闸北、徐汇、浦东新等，规划经济适用房建设用地面积约140亩，可建经济适用房建筑面积约330万平方米。业内预期，随着下半年土地储备的集中释放和十五大居住规划区的落实，上海新开工面积有望大幅提升。“参与配套商品房基地的建设，虽然对企业来说利润率不同，但是可以确保开工量，帮助政府为市场平衡供需。”一家上海 大型国资房企内部人士告诉记者。根据官方统计，今年上半年，虽然上海商品房销售面积增长27.9%，销售额增长82.1%，但房地产开发投资却同比下降3.1%。“导致这种状况的原因之一是上半年房地产企业多为消化去年库存，而少有新开工项目。”一位上海房地产企业高层表示。这一结论也适用于全国。国家统计局数据显示，上半年，全国商品房销售面积3.41亿平方米，同比增长31.7%。但房屋新开工面积为4.79亿平方米，同比下降10.4%。而根据DTZ 戴德梁行日前发布的《中国住宅市场2009年上半年分析报告》，上半年商品房成交量的持续恢复带动前期库存积压的加速消化。如果按2009年的月均成交测算，预计未来3个月内现有库存将有可能消化出清。“总体来看，上半年全国新开工面积增幅同比去年大幅下降，但已经趋于稳定。房屋竣工面积增幅不断提升，市场供应量会相应增加。一旦库存基本消化，新开工面积增加，下半年楼市增长对相关产业的拉动效应将更加明显。”一位房地产业内人士称。北京方面对新开工情况同样乐观，中原地产北京公司总经理李文杰介绍，下半年北京新开工量相比上半年将有明显的增长，其中供给多集中在新城区及郊区。“整体来看，目前北京的供应比2004至2007年仍然少很多。北京高峰期每年的供应量超过20万套，现在估计只有原来的六成。所以政府想尽办法要求开发商开工，同时增加新的供给。”李文杰称。相关产业有望加速回暖 随着房地产新开工量的增长，包括建筑材材料、装修材料在内的多个相关产业有望加速回暖。“我们一个明显的感觉是，上半年公司业绩同比已经有所提高，接下来，随着一些大型房地产企业和区域土地储备的集中释放，我们的业务量还会继续增长。”一家名为卓宝科技的企业负责人告诉记者，这家位于深圳的防水墙生产企业市场占有率占据国内领先地位。“包括水泥企业，甚至空调、电梯等制造商，对下半年楼市预期都比较乐观。”广东一位大型房企材料采购部负责人称。,3,4,0.9822210669517517
"房款装修款拆开算 瞰都涉嫌逃税卖房近日，购房人刘挺(化名)买房的时候碰到一个奇怪的事情。位于东北四环东风桥北的瞰都领仕馆6号楼在对外销售的时候，业务员称精装修房销售均价为21000元/平方米左右。而当刘挺去售楼处与开发商进行网签购房合同的时候，合同上显示的房屋销售价格却为18000元/平方米左右。销售人员给他解释说，他想要购买的这套房产单价为20500元/平方米，18000元/平方米是其毛坯价格，装修部分的价格需另行签订一份装修合同，开发商以装修款的名义按照2500元/平方米收取，开具的发票也是装修款。刘挺一时没想明白，没在购房合同上签字。但他不太甘心。刘挺在给本报记者讲述这段买房的特殊经历时说：“20500/平方米的价格虽然被拆开了，但算下来总价好象也没有变化，是不是应该签合同呢？”记者就此楼盘的另类营销方式采访了一位业内资深地产营销负责人。他说，刘挺没有匆匆下定是对的。如果按开发企业这种方式售房，未来业主在出售该套房产时，肯定会为此多掏不少""冤枉钱""。比如说业主购买了总价120万元的房子，在市建委以100万元的价格登记，另外20万元作为装修款支付。那么当业主以140万元出售这套房产时，税务部门会按照首次购买所登记的价格，以40万元的溢价进行收税，而不是以业主实际收益的20万元进行收税。另外，在国家税务总局于2007年6月正式对外公布的《关于承受装修房屋契税计税价格问题的批复》(国税函〔2007〕606号)中明确表示：“房屋买卖的契税计税价格为房屋买卖合同的总价款，买卖装修的房屋，装修费用应包括在内。”也就是说，对于以精装修现房为卖点的楼盘而言，将装修费用刨除在房价之外单独收取的做法，本身就涉嫌逃税。据他分析，开发商之所以采用如此做法收取房款，其中很重要的因素是开发商销售房屋须按5%缴纳营业税，而装修公司只须按3%税率缴纳营业税。开发商相当于利用房屋销售和装修的税费差，降低了自身的税费支出。记者在随后对瞰都领仕馆售楼处相关人员进行采访的时候，销售人员承认在售的6号楼部分房源此前曾以签约房价一分为二的方式进行销售。但她表示：“我们现在卖的房子都是按照正常报价来签订合同的，肯定包括了装修费用。”(北京参考记者 沈静)",3,4,0.8334015011787415
手续未办好装修已开始 丹水池街道办盖违建楼(记者 韩立山)丹水池街道办打算用作社区服务中心的两层楼是违建房，从开建到装修，一直没有办理好相关手续。”日前，居民刘先生向本报投诉，称这两层共200多平方米的楼房是违建。昨日，丹水池街道办称，相关手续正在办理中，江岸区控违办也表示将督促其尽快办好相关手续。手续还没办装修已开始昨日上午，记者在江岸区丹水池街看到，新建楼房紧邻街道办的一栋三层办公楼，共上下两层，整体已经完工，有工人正在做内部装修，社区便民服务中心的牌子也已经挂在门口。记者进楼后发现，一楼是个大厅，二楼是几间办公室，办公室的地板、门窗都已经装好。街道办负责人说，这栋两层楼原本是街道办的院子，现在改为了一站式社区服务中心，将设置教育培训中心、文体活动中心、维权咨询服务中心、图书阅览室、慈善超市等，为居民提供“一站式”服务。街道办称相关手续正在办“其实，我们真的觉得很委屈。”该负责人介绍，丹水池街管辖范围约有9.43平方公里，常住人口6万多人，目前办公场所太小，无法满足居民办事需求。按照国家明文规定，该街道应该为居民提供一个近1000平方米的服务中心，街道办挤出20万元改建了服务中心。该负责人表示，盖楼之前已向区里打了报告，并着手办理相关手续，只是因为规划手续办起来比较麻烦，所以一直拖到现在尚未办下来。“建楼之前，考虑到手续尚未办理好，还进行了社区居民听证，并发布了告示。”该负责人坦言，之所以边建楼边办手续，也是为了早日给社区居民提供便利。市民：政府部门更应程序合法“虽然是为了方便居民，可是作为政府部门，是否更应该注意程序合法？”向本报投诉此事的市民刘先生介绍，街道办搞的听证和公示他都晓得，可是相关法律已经明确规定了，没有办理规划手续就是违建。“政府部门可以边建楼边办手续，那么市民呢？”刘先生认为，政府部门更应该做个表率，更应该去遵循程序合法，而不是搞“绿色通道”。就此，江岸区控违办一负责人表示，从严格意义上来说，该楼确系违建，7月份曾经要求该楼停建过一段时间。考虑到该楼是为了满足社区居民“一站式”服务需求，且街道办确实是想为居民做实事，所以才没有强制拆除，“将督促该街道办加快办理相关手续。”,3,4,0.9498477578163147
挑T总动员-求爱篇图为漫画图为漫画图为漫画图为漫画,3,8,0.8867018222808838
挡路建材已清 施工仍在扰民本报讯 (记者 彭晨实习生沈婷婷)过去一周，市民向本报“24小时热线”栏目反映的问题主要集中在人行道堆放建筑材料、幼儿园附近尘土飞扬、工地抢建影响居民午休等。昨日下午，记者拨通了部分市民电话回访获悉，部分问题经本报报道后，已经得到解决。9月1日，廖女士来电反映，景龙小学东边、北边的人行道被水务集团挖开，如今暑假过后，人行道还没有恢复原状。近两天学生返校开学，学校门口堆放着大量建筑材料，使得学生上学无路可走，只好走机动车道。昨日下午，廖女士在接受记者电话回访时说，此事经本报报道后，引起了深圳水务集团的重视，他们立刻安排工作人员抢修了损坏的下水井，堆积的建材也已清理完毕，现在人行道已经恢复通畅。9月3日，普小姐来电反映，福田区石厦菜场旁的一处拆迁工程，由于现场无遮拦设施，每天施工时产生大量的灰尘，附近的幼儿园离拆迁地不足十米，小朋友每天都要吸进很多灰尘，不利身体健康。昨日下午，普小姐在接受记者电话回访时说，文章刊登后，工地立刻采取了整改措施。近日，工地在拆除围墙时进行了洒水作业，灰尘比过去大为减少，周围的环境也没那么灰蒙蒙了。9月5日，龙先生来电反映，龙岗华为基地三和大厦对面有个工地，这两个月来，该工地每天早上6时便开始施工，中午也不停工，声音嘈杂，附近居民午休时都不得安宁。昨日下午，龙先生在接受记者电话回访时说，这一情况仍未改善。居民不反对施工建设，但不要打扰到居民的正常生活。希望相关部门能够加强监管，让附近的居民能够有一个安静的生活环境。,3,4,0.9693306684494019
探秘国庆晚会三大法宝 LED70%零件国产首都国庆60周年联欢晚会指挥部副总指挥赵东鸣日前表示：今年晚会上最有创意的就是设计了一个叫“光立方”的表演区，即以天安门广场国旗旗杆为中心，在它的周围有4000多棵的“发光树”，这是在我国的晚会中首次被应用。这些“发光树”是LED的，具有高科技含量。 “天安门广场上的LED显示屏中70%的零件均为国产，尤其是它的关键技术发光晶粒由我国公司生产。这个显示屏在抗风、抗雷、阻燃等方面做了相当充分的工作。这些先进的技术为我国的科技创新增添一喜。”一位LED显示屏的专业人士介绍说。天安门广场上LED显示屏宽为50米，高7.5米，虽说屏幕的比例为20∶3，但是画面内容却不会变形。显示屏采用点间距16毫米的全彩色LED像素，远程同步控制，高清数字显示，其横向3072点像素是迄今为止世界广场LED显示屏之最。为了以防万一，显示屏采用了三路供电，并且若用自身电池组来供电显示屏的亮度也不会受影响。另外LED显示屏还运用到了彩车上，并突破了其单一的形式，发展出弧形、不规则形、上下升降等多种花样。焰火形式丰富多样据赵东鸣介绍，这次晚会的一个特点是“突出焰火，强调联欢”。因此焰火表演在国庆晚会中有着举足轻重的地位，甚至决定整台晚会的效果。在这次焰火表演中采用了高、中、低立体烟花，还配有网幕烟花、特效造型烟花、音乐烟花燃放等多种形式。此次焰火的燃放集中在广场周围的12处燃放点，比较集中。为了使焰火看起来更绚烂多彩，首先就必须解决焰火燃放初所出现的大量烟雾。为了达到焰火艺术上的创新，天安门广场上安装了一个巨大的烟花特效装置，这在以前是没有过的。今年国庆庆典联欢晚会的烟花种类超越了以往任何一次，届时，以天安门广场为中心，人们会看到一个整体、多样、场面壮观、绚烂多彩的焰火晚会。打造民族欢乐盛宴一台突出民族、民间和民俗的盛大联欢将在国庆夜呈现于世人面前。此次联欢有12个板块，分别为各民族中心表演区、军民联欢区、工人联欢区、大学生联欢区和农民联欢区等。在各民族中心表演区，将有近3000人身着56个民族的服装载歌载舞。此次晚会联欢与以往国庆晚会联欢不同的是：12个板块在同一的旋律之下舞动着不一样的舞步。各个板块的群众将各展其能，共同打造一场民族欢乐盛宴。,3,9,0.9548096060752869
携手当代节能置业 日立电梯再添战略合作伙伴当地节能置业股份有限公司与日立电梯(中国)有限公司在北京当代MOMA签署战略合作协议。未来，日立电梯将为当代节能置业旗下众多房地产项目提供具有一流国际化品质、绿色节能的电梯、扶梯产品。当代节能置业通过与日立电梯等品牌供应商的战略合作，共同运用节能技术和前沿科技，为消费者缔造出更多的节能建筑。当代节能置业一直致力于为广大消费者开发舒适而节能的住宅产品，公司先后开发建设了万国城MOMA、POP MOMA、上第MOMA、MOMA万万树、当代MOMA等项目。随着日立电梯与当代节能置业的联盟，日立电梯将陆续参与万国城MOMA (长沙)、万国城MOMA(太原)等项目，并为当代节能置业提供节能环保的电梯技术与绿色产品。双方也将在“科技建筑美好生活”开发理念的指导下，共同努力，在尊重自然、节能环保的基础上全面提升人居品质，让更广大的消费者享有更舒适节能的人居环境。万科集团和日立电梯的战略合作已经成为一段佳话，合作有9年之久。日立作为电梯的战略供应商，在万科联合发展中心网站中被列入了“联合发展计划”。据万科的相关负责人介绍，万科和日立电梯独创的“订单式”采购模式，大大精简了采购环节，提高了采购效率。万科在降低成本的同时，也获得持续的质量保证。此次日立电梯与当代的携手，使其战略合作伙伴的阵营里又增加一重量级合作伙伴。据不完全统计，日立电梯已万科、富力、合生创展、华润、当代等数十家开发商建立起战略合作伙伴的关系，成为房地产行业最大的电梯战略供应商。作为日立在海外最大的电梯合资公司，日立电梯(中国)有限公司自1996年正式开业以来，研发、制造、营销、服务能力不断增强，现已成为中国市场上规模最大、实力最强的电梯企业之一。秉承日立领先全球的尖端技术和优良的产品质量，日立的电、扶梯产品因其优质高效和节能环保而倍受市场青睐。此前，日立电梯曾为广州第一高楼——中信广场、中国第一高楼——上海环球金融中心、四川第一高楼——喜年广场等诸多标志性建筑提供产品与服务。据悉，日立是全球企业500强的跨国集团，拥有超过80年的电梯研发与制造经验。作为日立在海外最大的电梯合资公司，多年来，日立电梯(中国)有限公司一直致力于推动中国都市生活的现代化进程，竭诚为中国社会提供高品质的产品和服务。凭借“一个总部(广州)、两大研发中心(广州、上海)和三大制造基地(广州、天津、上海)”的研发和制造实力，以及遍布全国各大城市的分支机构和服务网络，日立电梯积极发挥其在一个世纪发展历程中所积累的雄厚技术力量和丰富经验，为中国市场众多用户提供最专业的楼宇交通解决方案。,3,4,0.940065324306488
政府采购如何扶持国产电梯(2)任京萍：最近一直在开会，从星期一到星期三也搞了一个内部的业务培训会，昨天差不多下午四五点的时候才结束。今天这个会议讲话稿准备的非常的匆忙，可能讲的有一些不到位的地方，特别是我们中心一些详细的做法、情况在这里也没有时间过多的讲，想把我们北京市政府采购中心在政府采购执行过程当中我们认为有一些问题是值得探讨的，在这里就做一个不太成熟的发言。尊敬的政府采购信息报的刘社长，还有政府采购商会缪会长，还有国家政府采购中心的孙处长，还有在座的各位的商业协会的专家、领导大家下午好！我首先非常感谢我们《政府采购信息报》的刘社长，在国庆六十周年大庆之前，在中秋佳节即将到来之前，在我们非常瞩目的双节之前，举办这么一个关于研讨电梯业热点的话题，为我们北京市政府采购中心和各位在座的专家也好、领导也好，都搭建了一个很好的平台，所以我说非常感谢刘社长。现在我代表北京政府采购中心把我们中心这几年来在政府采购电梯方面、执行过程当中一些问题和一些建议和大家进行一个沟通和交流，说的不对的地方欢迎大家批评指正。我认为电梯作为北京市政府集中采购目录中的通用类的货物，是政府采购招投标中重要的组成部分，近几年我们中心受理电梯类的政府采购项目，刚才何经理也讲了，我们政府采购中心是2000年成立的，我们按照政府采购分流的政策2004年和财政部脱钩，在2004年算是建立了自己的一系列规章制度，包括我们对所从事的政府采购项目有一个梳理的过程。特别是电梯类的项目，实事求是的讲，我们北京市的量不是特别大，平均每年也就二十多个，采购金额应该是不到5000万，这方面的金额和项目数都不是很大。但是我认为电梯毕竟是我们各级党政机关、学校、事业单位、团体组织都离不开的重要的产品，所以我觉得里面确实有一些问题也值得我们探讨和思考。电梯类的产品具有一定的特殊性，采购人申请购买的产品技术参数和要求基本上都是非标准化的产品，从而对招标采购带来比较大的难度，关于我们电梯类的产品招投标的情况分析，我想有以下几个方面的问题想和各位专家、领导一块探讨：第一个问题，我们认为采购人提出的技术要求可能受各种客观因素的影响，提的不是完全合理，配置要求也不太符合实际需要。怎么讲呢？在我们受理的政府采购项目当中，大多数为电梯的更新项目，由于旧的电梯使用时间比较长，所以采购人都想借重新招标采购的机会配置档次更高，功能更完备的产品，我们作为招标投换位思考，我们理解采购人的想法，如果我是采购人，也想把自己的产品配置提高一些，使用起来更舒适一些，稳定、安全性会更好，这种想法我们可以理解，我们做招投标工作的同时也给他们推介。由于我们的项目采购负责人对电梯的要求不是很熟悉，往往对一个简单的市场进行调查，或者参考某些彩页、宣传品的品牌介绍后提出的一些技术标准，有一些技术指标不够要求，有一些不切实际，有一些提的过高，这样与电梯施工的实地情况不符，这个各位专家都非常清楚，它不同于采购电脑或者某一个服务器，这个要跟场地有很大的关系。这样的要求提的不合适，就会造成在投标的时候没有合格的供应商来投标，另一方面造成了资源配置和功能的浪费，进而无法对我们预算资金进行充分、有效的利用。电梯业需求不科学、不合理的话，我们的项目没有办法保证一次性中标，加大了成本，延长了我们工作时间。这是采购人员科学方面不太准确的问题。第二，采购人对品牌有一定的倾向性。刚才缪会长也讲了，在电梯业，国产的产品可能只占了30%左右，确实也给我们敲响了警钟，所以我觉得这些问题还是值得我们思考的。我们的采购人，我们的预算单位在论证的阶段会经常提出一些对某些品牌的倾向性的意见，尤其是对于国外品牌的极大的依赖性。这样在评审中让这些标准占据了主导因素，我想这些问题应该从两个方面分享，一些大的品牌，包括国外品牌的产品质量因为经过国外技术比较先进，而且经过市场的可靠性、安全性的长期的检验，所以认为它的功能性、安全性、性能方面都非常可靠，采购人在采购的过程中对这些品牌非常的青睐。我想在这种情况下，有一个我们如何在符合法律法规的前提下正确引导采购人，所以我觉得刘社长召集这个研讨会，搭建这么一个平台确实是非常好的契机，我们可以探讨品牌如何可以达到我们采购人的要求，如何又能实现扶持我们自主的品牌，国产的品牌的大的国家的政策。另外如何加大国产品牌的产品的认可度，提升产品的技术安全品质，在论证环节一些专家在一定的程度上会对某些国产品牌的质量、市场占有率确实不太认可。所以存在如何要求采购人购买这类产品，这也是需要产品提高国内品牌的知名度和国内心目当中的信誉度的问题，这也是我们这次会议要探讨的主要的目的之一。刚才讲了品牌，为什么国外的品牌这么多，大家都依赖于国外的品牌，对他们产生极大的信赖。第三个方面的问题，是采购人对项目实施的时间、计划不合理。我们在工作当中经常遇到采购人急于完成某一个电梯类的采购项目，要求必须多少多少天，你们就要给这个项目采购完成，供应商多少天要把电梯采购到，安装完毕，但是要按照我们装修采购法的相关规定和供应商中标后的生产周期，考虑到这几个问题，采购人提到的计划在现实当中非常难以实现，而且有一些采购人在自己前期制定计划和方案的时候，往往因为一些原因会耽搁，你交给我的时候时间非常匆忙，给专家论证，可行性的分析，包括给供应商踏勘、寻标的时间非常的短促，按照正常的规定有一定的程序，所以这些考虑的不是非常周细，所以采购人的计划在实际实施当中非常的困难，而且往往采购人提方案的时候，有一些重要的普遍的结构、设计，没有完成，不同步，这个项目运作起来的困难大家可想而知了。如果我们盲目的按照采购人的意愿匆忙的加快这个进度，势必影响采购和施工的质量。第四个方面的问题，我们一些采购人提出的工程方案不够准确，使供应商不能按照项目的实际情况予以响应，这一点也是我们招投标当中遇到的一个非常大的难点，我们往往在论证的阶段，专家要求采购人必须提供工程当中的简要的尺寸，今天很多商会的会员都是我们市里面人事局和专家库的专家，有一些参加过北京政府采购中心的论证、投标，所以你们都是资深的专家，我们说的不见得准确，但是作为一个问题来说，确实这些数据，由于他拿不出来，或者提的不准确，我觉得在一定程度上会影响我们招标的顺利进行，而且也会导致供应商投标的时候响应的合格供应商不足三家，导致了这个项目流标，电梯的采购时间周期都会延长。有的采购人还必须要有相应的一些工程的图纸，但是这些有的已经找不到了，已经没有了，所以说电梯的项目在实际当中，在论证的环节我们专家就提出了这些问题，如果不解决的话，很难在论证的环节拿出非常科学、可行、可操作的一个论证的意见，从而与下一步的参与招标的编制都会受到影响。所以在项目招标过程当中，所提供的工程的尺寸有时候成为了参考的依据，在这种情况下，我们为了保证项目的顺利实施，一般在文件当中爱国潜在的投标供应商到工程现场进行实地踏勘，掌握实际的标准，供应商在寻标、踏勘的时候提出的一些意见我们应该进行更正，有时候可能还不得已出现延期的情况。讲到这里，我不知道今天有没有企业的代表，我们这个环节，实际上有一些参与的企业，应该非常看重踏勘的情节，但是有一些忽略了，他们对现场不清楚，投标的时候就匆忙的把我们的文件作为他的应答，这样他实际上如果有可能中标的时候，就会出现违约合同的相关问题。我们在评审的过程当中出现过这种情况，我们曾经有过一个典型的例子，有一家供应商，他也没有实地踏勘，也没有参加中标，但是硬拿了，没有问题，都可以响应，但是最后中标了之后，他想先中标然后再说，但是他没有想到政府采购现在是非常规范的，而且是有法律支撑的一个采购活动，不像过去，现在有社会监督、媒体监督、有法律制度框架进行限制和制约。所以他都响应了，在查阅他所报的产品型号规格的时候我们发现他们提出的所谓的产品跟实际情况出入很大，这就造成了在我们合同签订了以后一些他无法达到投标承诺里面的要求。所以在最后施工现场提出能不能更改一些指标，这个根本是不能同意的，所以在有时候中标供应商和预算单位会发生一些矛盾，有时候问题不能解决，还要打扰监管部门。,3,4,0.7715429067611694
斯帝罗兰张雷赢在中国 一路有你主持人：我们国庆期间有没有一些惠及客户的活动？张雷：我们国庆期间举办了几个活动，斯帝罗兰举办了“疯狂倒计时”大型促销活动，以“赢在中国，一路有你”为祖国母亲的生日进行倒数，届时我们公司的加长悍马也会来京造势，所到的商场一律有惊喜折扣。为了庆祝祖国60周年生日，我们还进行了一个“迎国庆，您消费，我买单”的活动，有七分之一的免单机率，请大家不要错过。主持人：这个“迎国庆，您消费，我买单”的活动，您能给大家解释一下吗？张雷：在10月1日至10月7日这7天内消费付款的顾客，可以持购物小票参加抽奖，10月8号将有北京市公证处现场进行公正，家具城的高层领导进行抽奖，抽出1号到7号其中一天作为“免单日”，凡是在免单日消费的顾客，当天购买的产品一律免单。主持人：我看到这次投入率很大，究竟我们投入了多少资金在上面？张雷：这个不能用资金来衡量，因为我们进入北京市场，首先就是为了回馈顾客，答谢广大北京消费者长期对斯帝罗兰的支持。这次又是祖国60周年的生日，所以我们就搞了一个非常有力度的活动来回馈于客户。主持人：我们在北京有哪几家店可以参与到此次活动中？张雷：有4家，分别是十里河居然之家，金源居然之家C&C店，北四环居然之家，还有城外诚家居广场。主持人：在这“国庆中秋”节上加节的日子里，您对我们的祖国和网友有什么祝福的寄予吗？张雷：首先，我代表斯帝罗兰北京分公司，在国庆60周年即将来临，祝我们的祖国母亲繁荣富强；同时，向大家道一声：国庆快乐！中秋快乐！合家团圆！主持人：非常感谢张总来到我们嘉宾聊天室接受访问。谢谢！,3,6,0.5366982221603394
昆明人民政府与红星美凯龙签订战略合作协议2010年1月19日昆明市人民政府与上海红星美凯龙企业管理有限公司签订战略合作协议，共同繁荣昆明商贸市场，提高商贸服务业、物流业国际化水平。3年内，红星美凯龙在昆投资将达数十亿，打造继上海全球旗舰店之后又一个专业化国际市场，并在昆设立西南地区总部。昆明市近年经济增长迅速，城市发展态势优良，同时具有得天独厚的辐射能力，一直是红星美凯龙关注的重点城市。2008年，红星美凯龙正式进驻昆明，目前已投资2个项目：西山区24号片区的一期改造、五华区城中村岗头片区改造项目，总投资达70亿元。据透露，集团将把昆明的商业布点作为在西南地区发展的重要一站——辐射南亚、东南亚地区的桥头堡。红星美凯龙自1986年创立以来，已在北京、上海、天津等地开办了60家连锁家居商场，总经营面积超过618万平方米，成为中国家居行业第一品牌。自进驻昆明以来，得到了昆明市委市政府的大力支持，合作列入昆明市重点招商引资项目，昆明市委市政府对红星美凯龙这样的行业龙头企业非常重视，希望红星美凯龙的进驻可以促进昆明现有家具建材行业的升级换代，提升昆明百姓居家文化的品质。签约前，省委常委、市委书记仇和，市委副书记、市长张祖林会见了红星美凯龙董事长兼CEO车建新一行。仇和向客人热情推介了昆明，表示欢迎同行业中的龙头品牌企业红星美凯龙进入购买力高度集中、零售市场很大的昆明投资发展。对落地项目，昆明将无条件、无阻力、无障碍地做好服务。依托各自商贸经济领先和品牌集聚优势，双方将建立长效合作机制，发挥市场机制对资源配置的基础性作用，加强重点产业和骨干企业的经济合作，促进产业东西联动，培育自有品牌和扶持民族品牌，通过提供品牌发展阵地，优化品牌扶持政策，搭建品牌宣传平台，促进互动双赢发展。此外，红星美凯龙西南地区总部也将落地昆明，拓展在昆业务范围。红星美凯龙董事长兼CEO车建新此行考察了在五华区、西山区拟建项目及呈贡新区建设、螺蛳湾国际商贸城。有感于昆明各级政府的大力支持和高效的工作风格，红星美凯龙计划加大在昆明的投资，继续参与西山区24号片区二期改造。预计到2012年底，红星美凯龙在昆投资将达数十亿亿元，解决近万人就业。,3,4,0.9623864889144897
明式家具暗藏人体学省收藏家协会古典家具委员会主任顾汶做客本报视频谈古典家具收藏“家具不仅能使用，还有鉴赏价值和升值潜力，因此我建议大家在换新房的时候把祖传的家具保留下来，不要随便处理了，没准你就损失了一大笔。”昨天，江苏省收藏家协会古典家具委员会主任顾汶来到扬子鉴宝视频直播室，为本报读者讲一讲古典家具的鉴赏收藏知识。明清老家具最受青睐顾汶介绍说，与瓷器、字画、玉器、青铜器等传统收藏门类相比，古典家具进入收藏领域的历史较短，过去人们购置家具的目的，主要是为了使用和摆设。“文革”浩劫使大批古典家具散落民间，且价格不高，从而进入一些藏家的视线，“80年代初进入古典家具收藏界的几位玩家，如今大多成为中国古典家具的收藏大家。到了90年代中期，明清古典家具已成为收藏领域的主流藏品。”古典家具为什么具有收藏价值呢？顾汶介绍说，首先，它们具有一定的历史文化价值。中国古典家具制作工艺的传承和发扬，反映了我国博大精深的民族文化，在中国家具的进化史中也可体味到近千年来历朝历代变革的沧桑。其次是艺术价值。中国古典家具特别是明清家具的艺术水平达到了世界家具制作工艺的巅峰。“近年来，世界各大博物馆都相继展出过中国古典家具，在全球性的艺术珍品拍卖中，瓷器和明清硬木家具，是中国文物中最受青睐的拍品。”2500元明清官帽椅拍得70万“在使用中收藏，是古典家具收藏的重要特点。”顾汶介绍说，使用的过程就是保养和鉴赏的过程，有不少古典家具收藏家最初收藏的目的就是为了摆设和使用。目前，书房、客厅古典家具存世量较大，就是与它的实用性有着直接的关系。与其他艺术收藏品相比，我国古典家具收藏兴起虽然较晚，但已成为升值最快的门类之一，特别是黄花梨和紫檀材质的古典家具。顾汶表示，在1985年前后，一对明末清初的黄花梨四出头官帽椅价格在2500元左右，而如今文物拍卖中可卖到60万-70万元，一些成套或大件家具更可卖出数百万元甚至上千万元的高价。明式家具早就用上人体工程学顾汶介绍说，明式家具的风格起于明中期，当时朝廷开放海禁，大量东南亚地区产出的珍贵硬木如紫檀、花梨木等运入中国，这是硬木家具在明中期兴起并流行的重要条件。由于官宦和富商争相购置、使用硬木家具，以显示其豪门地位，推动了明式家具制作水平的迅速提升。具体来说，明式家具有很多特点，比如它的木纹追求自然美，很多明式家具为了表现其自然纹理还特意不上漆，而是通过其自然的打磨使其纹理自然显现。另外，明式家具为了追求合理的结构，很少用或者甚至不用钉子，而是用榫卯代替，这样就看不出人工拼接的痕迹，使其更具有整体的美感。“最有意思的是，明式家具的设计已体现了人体工程学，在结合合理的力学设计中，明式家具主要以舒适为主，比如它的靠背会采用S形曲线，符合人的脊背特征，靠久了也不会感到累。”另外，很多凳子还有脚踏杖，是专门给双腿提供“休息”的地方。收藏清和民国家具正当时“十年的‘文革’浩劫让很多珍贵家具毁于一旦，特别是明清时期的家具被损毁情况严重，现在已不多见，大多时候只有在博物馆或者拍卖会才能见到这些家具的‘真面目’，目前市场上流传的很多都是‘山寨货’。”顾汶介绍说，明式家具不易见，但是喜欢古典家具的藏友，可以选择清中晚期和民国家具来收藏，它们目前的市场价也不高，升值空间也不错。顾汶具体介绍到， 清式家具起步于康乾盛世，艺术风格以宫廷审美情趣为主，主要特征是“料实工精”，硬木家具选料多用紫檀。清晚期因资源匮乏，紫檀难觅，而不得已选用酸枝木。清式硬木家具在造型上刻意表现豪华和富贵之气，因此家具尺寸比明式的更大，轮廓线条以垂直为主，装饰手法多采用雕刻和镶嵌，其中牙雕、竹雕、漆雕和嵌石、嵌瓷、嵌螺钿、嵌珐琅的技艺令人叹为观止。清式家具继承和发展了明式家具艺术，还出现了“苏作”、“广作”、“京作”、“晋作”等诸多流派。售卖故事越动人越可能是赝品“收藏古典家具，需要具备丰富的专业知识和实践经验，涉及木材、工艺、结构、造型等各方面。”顾汶介绍说，目前，做旧后冒充明、清家具的在古玩市场随处可见，建议初入道的藏友下手前一定要请有经验的藏家帮助鉴定，以免失手。例如，在淘宝时藏家除了考察家具材质外，还要观察它的包浆(老家具表面因长久使用而留下的痕迹，因为有汗渍渗透和手掌的不断抚摸，木质表面应泛起一层温润的光泽)情况，这一般是较难造假的。另外，在挑选样式时最好随身携带明清图谱样式进行对照。 顾汶特别建议到，大家在“淘宝”时一定要谨慎小心，不要落入买家的“故事圈套”。现在河南一代的仿古家具特别多，且精明的经营商还给每个家具配上“感人故事”。比如，他们会给仿制家具故意制造一些缺陷，且一并附上缺陷背后的“故事”，不听故事还好，一听这坎坷的故事，就会让你觉得这家具果然来之不易，“其实我个人觉得‘故事’越是感人的，就越可能是赝品。”顾汶凭着自己多年的收藏经验如是说。,3,1,0.98598712682724
景德镇陶瓷精品9月赴台展出海峡两岸陶瓷精品展将于9月在台北和高雄展出。届时，台湾民众将能观赏到250件代表60年来景德镇陶瓷发展最高水平的陶瓷精品。据悉，目前陶瓷展品征集工作已经结束，共收到1100多件陶瓷作品，由中国工艺美术大师秦锡麟等专家组成的评委会从中选出250件作品参展。参展作品涵盖了60年来各个时期景德镇陶瓷精品。(双木),3,1,0.6608254909515381
曲美赵瑞海：明年市场竞争加剧做最好的自己赵瑞海：我觉得还是老生常谈，就是自己要把自己的事做好，要跟上市场的要求。因为竞争一旦加剧以后，企业的综合指标就能表现出来，比如你的成本供应能力，企业运行的效率，包括你的创新能力，包括你的经销商团队，产品设计创新方方面面。我觉得整个企业是一个体系，方方面面都需要加强，也希望迎接到产业一个新的模式。比如我们新建一个工厂，我们正在研究一种在无人的条件下，一个高科技全智能化的设备体系。因为未来人工成本越来越高，怎么让成本不断处于下降的趋势。其实我们的成本很难控制，我们是一个劳动密集型的企业，人工成本每年在10%的速度在增长，这时候你如何做好方方面面的工作是一个很重要的事情。杨轶：感谢赵总！我很期待您的第四件事，我也希望网友和行业能够关注赵总的最新动作，期待下一次跟您的合作！谢谢大家！,3,4,0.6572026014328003
最爱我的家主题活动现场花絮-现场直播  图为工作人员现场直播,3,4,0.510746955871582
有人买房 便拉生意 装修公司守住楼盘揽客□记者寇润涛本报临沂5月5日热线消息“您刚买了房子，需要装修吗？我们公司的装修质优价廉。”5月5日，在罗庄区一楼盘售楼处，前来收楼的杨女士刚领到房屋钥匙，就碰到装修公司的人员拉生意。据了解，随着装修行业竞争日趋激烈，一些装修公司直接在售楼处旁揽客成为比较普遍的现象。5日上午，罗庄区市民杨女士拿到新买的房屋钥匙后，刚从售楼处里出来，一位自称某装修公司项目经理的人便将杨女士拦下，介绍公司的情况，想揽下杨女士家装修的活。对于装修人员热情的自我推荐，杨女士有些意外：“怎么装修公司都搬到售楼处门口了？”随后，记者走访了市区一些装修公司发现，装修人员到新建楼盘小区拉生意的情况并不在少数。兰山区沂蒙路一家装修公司的相关人员表示，目前临沂市大小装修公司越来越多，市场竞争也随之日趋激烈，以往“在公司等客户上门”的经营方式已经不适应现在市场，因此部分装修公司便让人守在楼盘小区售楼处附近，尽量多获得一些客户。 □记者寇润涛本报临沂5月5日热线消息“您刚买了房子，需要装修吗？我们公司的装修质优价廉。”5月5日，在罗庄区一楼盘售楼处，前来收楼的杨女士刚领到房屋钥匙，就碰到装修公司的人员拉生意。据了解，随着装修行业竞争日趋激烈，一些装修公司直接在售楼处旁揽客成为比较普遍的现象。5日上午，罗庄区市民杨女士拿到新买的房屋钥匙后，刚从售楼处里出来，一位自称某装修公司项目经理的人便将杨女士拦下，介绍公司的情况，想揽下杨女士家装修的活。对于装修人员热情的自我推荐，杨女士有些意外：“怎么装修公司都搬到售楼处门口了？”随后，记者走访了市区一些装修公司发现，装修人员到新建楼盘小区拉生意的情况并不在少数。兰山区沂蒙路一家装修公司的相关人员表示，目前临沂市大小装修公司越来越多，市场竞争也随之日趋激烈，以往“在公司等客户上门”的经营方式已经不适应现在市场，因此部分装修公司便让人守在楼盘小区售楼处附近，尽量多获得一些客户。,3,4,0.7404112815856934
有笑有泪的欢乐旅程6月2日，来深圳的第三日路线：欢乐谷——民俗文化村——机场有笑有泪的欢乐旅程深圳游的最后一天了，小朋友们隐约都有些不舍。一大清早，虽然还有些恋床，但想到一整天丰富、有趣的行程，当然是毫不犹豫准时出发了。充满欢乐的旅程中有笑也有泪，这里记载着最真实的他们和圆方园在一起的三天，最美丽的瞬间。红领巾传递爱圆方园“红领巾行动”命名源起于借助庄严而神圣的红领巾的传递力量，将希望与爱传递下去。这时，小朋友们又将他们最为真诚的爱回报给了我们。众多媒体竞相采访感谢社会大众对公益事业的热心支持，第一现场、深圳特区报等众多知名媒体都前来采访报道，呼吁更多的人来关注这群需要关心的孩子们。挥洒热泪的送机场面要走了，三天的美好行程就要结束了。可是小朋友和深圳这批关心他们的人都不舍在这一刻分别。他们泪下现场，真情流露。至此，三天的深圳行圆满结束。这群来自四川都江堰的小朋友们在这里度过了一个难忘的、特殊的六一节。然而这并不是一个结束，这又是一个新的起点，圆方园与社会各界热心公益事业的单位、个人还将把这种关爱延续下去。,3,6,0.8726739287376404
杜邦钛白陆明兰：每个人都应该有节能减排意识主持人：谢谢杨主编的精彩介绍。刚才说了一个特别好的话题，低碳的生活、节能减排的生活、绿色的生活又成为房地产商的大卖点，希望各位房地产商都可以勇争“节能之星”最具品位楼盘评选活动。下面有请来自杜邦钛白科技有限公司总经理陆明兰女士致辞。陆明兰：尊敬的大连实德的张总，各位来宾、朋友们大家下午好！最近房地产市场特别热闹，话题特别多，更多的话题都是今天在说明天要涨还是要跌，房价高还是低，但是在所有的讨论的背后有一个议题，不管是对政府、开发商、消费者，我们共同关心的都是怎么样建质量好的房子，给大家提供有质量保证，对环境更好的住房。我也非常的看到今天的论坛讨论的内容正是怎么样向市场提供大家所需要的质量更好的住房，提供环境友好型的住宅，将节能减排放入到我们通常的议事日程当中，我想对整个房地产市场推动作用意义是非常重大的。很多的行业都非常重要，但是在中国目前的阶段，房地产市场在国民经济当中的地位是特别高的，从各个环节来说，这是为什么呢？我们在这个行业里面要提倡节能减排，我想影响也是非常重大的。大家都知道，在整个的行业当中需要用到各种各样的材料，这些材料都需要各个行业的配合，建材、设备，许多生产部门和劳务相配合才可以做到。杜邦既不做房子，又不生产窗，跟这个有关系吗？实际上我们是在整个产业链比较上游的位置，房地产行业的发展，它会涉及和拉动很多相关行业的发展，这些行业当中杜邦都会有身影在其中。我想杜邦能够在这个行业里面能够和大家共同关注的一个方面，我也很高兴今天杜邦公司参与到这个讨论当中，我也代表杜邦希望在这里和大家有一些探讨。杜邦公司实际是一家以科技创新为主的企业，我们所处的各个不同的产业价值链当中，我们相对是比较上游的，我们所要做的就是怎么样通过我们的产品和技术影响和推动整个产业链上的节能减排，进行可持续发展而努力。今天我们看到的是住房，真正的算到碳排放的时候，是从最初的原始材料算起的，所有的生产过程当中都有，不仅我们的型材在客户用的时候，做成了窗之后对建筑的节能减排，其实我们在型材生产的过程当中也会关注，我们作为杜邦公司很多原材料在上游来讲，我们怎么样看在你的产品从最初到最后整个碳排放，我们在住房的环节里面，也会特别参与进去。我们也讲一下对建筑业的服务，大家对杜邦的了解很多都是杜邦油漆等等，但是我们建筑行业是很大的下游应用行业，这里边也特别有请建筑创新部门的王女士也在这里，我们很多的产品都用在商业建筑、民用建筑，工业建筑的技术当中，比如说我们有透气的膜，还有安全玻璃钢的夹层，大家看美国的大峡谷走道是用玻璃钢做的，我们的产品还包括太阳能电池的一些系统，还有蓄热材料，可以把热量聚集起来使用，还有一些特别的型材，我要特别提到的是钛白粉，其实钛白粉在很多方面都可以用到，所有的这些产品都以各自不同的性能，或者是直接降低建筑物的能耗，或者为建筑物提供一些清洁能源的供应，或者是减少在生产过程当中产生的能耗和排放。我们举一个例子，在上海有一个新的办公室，杜邦的总部，在那里有一些我们的产品，在2008年底的时候，我们就开始用树脂做一些绿色节能的计划，差不多一年时间，我们做了一些比较，有一些节能37%，节水22%，节气25%。房地产行业如何推进节能减排，我们觉得有两方面的想法，一个是我们怎么样利用上下游的联动，确实是根据下游的一些需要做出一些效果特别明显，成本可行的技术改善，另外是消费者层面的传播，怎么样把这个概念传达到消费者里面去，因为消费者会讲环境的事情，现在哥本哈根会议之后，每个人都有这样的意识了，连我的小孩在家里都讲气侯问题，环境问题，但是怎么样让它跟消费者每天的生活联系在一起，这个需要大家共同做一些推广和活动。就上下游联动来讲，我们会让客户关心的是像实德这样做上游的，对房地产来讲，到底产生什么样的影响，以我们做钛白粉来说，对型材又会产生什么样的影响，我们和大家一起开发一些效果更好，价格更适中的门窗给开发商用在建筑上，做一些真正的对环境有帮助的工作。另外关于跟消费者的沟通，我们觉得跟消费者的沟通，怎么样强调呢？节能减排这个环节给消费者带来了什么样真正的实惠，建筑保温性能更好的话，每年可以节约很多电，这是长期的投资。我想在这个基础上要介绍我们在这个节能的环境当中怎么样过低碳生活，这是一个非常流行的语言，讲的大一点是拯救环境，说的直接一点就是为子孙后代造福。我想强调一下与消费者沟通的话题，今天是一个非常好的场合，我如果要看新闻，基本只上新浪网，这个媒体对我们很有帮助，利用这个平台把我们上下游的公司联系在一起，多做一些交流，共同的为人们打造一个健康、绿色的生活环境，同时我们借助这个平台，这个论坛上有很多可以听到消费者的声音，怎么样了解消费者的需求，根据消费者的需求来更加好的开发出一些不仅对环境更好，而且消费者更需要的一些产品。我想在这里提这两点想法是供大家参考的，今天大家在这里发起的“节能之星”最具品位楼盘评选活动是一个很好的开始，真的像大家刚才说的，顺应了哥本哈根刚刚结束的会议议题，我衷心的祝愿今天的活动成功，也祝愿这次活动对房地产行业的节能减排的努力做一个良好的标竿。新年到了，在这里祝各位来宾在新的一年里面事业发展，身体健康，谢谢大家！主持人：再一次感谢陆明兰女士的精彩致辞，刚才讲的也非常好，一般看新闻都会登录到新浪，同时今天的现场是现场直播，所以会有很多的网友大网上留言，现在很多的年轻朋友关注气侯大会，关注气侯对我们生活的影响，其实我本人来说，是通过非常简单的电影《2012》同时看到哥本哈根开气侯大会，过两天看到打起来了，为什么推行的协议突然停止，我们的好奇心一次一次的被吊起来了，然后我们才知道气侯对我们每个人是如此的重要，接下来进行的是“节能之星”最具品位楼盘评选启动仪式，有请大连实德销售集团总裁张杰先生还有新浪乐居房商集团华北地区总经理张晓辉，有请两位先生站到我们启动仪式的旁边，3、2、1…揭幕。谢谢，再次感谢两位启动仪式的嘉宾。现在我们看到在舞台上亮起了非常温暖的灯，这里面是两个小人手搬动一个大房子，也表达了实德集团传达给大家的理念，依靠大连实德的努力一定会给大家一个健康美好的生活，现在我们看到的是非常漂亮的地球，也代表着绿色地球、健康生命，源于绿色。同时我们看到非常温暖的页面，美好的画面，非常浪漫的海面，还有门窗，也代表着我们共同为健康的绿色、美好的未来共同喝采，庆祝新浪乐居和大连实德这次合作更加的环保，更加的健康。实德集团“节能之星”官网落户新浪乐居了，下面我们共同看一下页面。现在我们看到的就是最具品位楼盘的评选，我们也希望越来越多的楼盘可以加入到这个大家庭当中。我们今天的舞台上方的部分到这里启动仪式全部结束，下面有请来自新浪家居主编李燕玲女士上台做嘉宾主持，掌声有请，我们共同进行主题讨论，有请：中国建筑装饰协会信息咨询委秘书长田万良中国房地产协会宣传部主任王惠敏大连实德销售集团总裁张杰杜邦中国钛白事业部总经理陆明兰北京世纪宅建材有限公司董事长粱中锋中新地产集团采购副总监马一丹(论坛部分),3,4,0.9994051456451416
楼上地板打洞洞楼下店铺水汪汪本报驻马店讯 “我的店铺成‘养鱼塘’了，楼上的30个钻孔正在‘哗哗’往下流水，店铺里的货物被浸在水中……”8月2日下午5时许，一位名叫迟杰的店主焦急地给记者打电话反映。迟杰所开的门店位于驻马店市市区雪松路中段，是一家临街机电产品门店。记者赶到现场时，见店里的工作人员正在用拖把从屋里往外赶水，屋内地上全是积水。“机电产品最怕过水，这下我可赔惨了。”迟杰指着店里浸泡在水中的机电产品说。记者走进其门店，见门店是3间门面房，由于店内空间有4米多高，距地面两米多高的地方做了一层隔棚，隔棚上堆积着大量电线及机电零配件。记者沿着梯子爬上隔棚，见门店的顶层有许多洞穿楼层的大大小小的洞，经点数，直径10多厘米的大洞有12个，直径四五厘米的小洞有18个，大洞小洞都在“哗哗”地向下流水。“二楼租给了一家快捷酒店，正在搞装修，他们不经一楼租户同意，随意洞穿一楼顶层往下面灌水，太过分了。”迟杰满眼含泪地拨打了110。不一会儿，负责该辖区的雪松路派出所民警赶到现场。“几天来，这已是我们为这件事第四次出警了。”出警民警无奈地说，“这幢临街楼是老街乡前进路第六村民组的，迟杰租用其一楼的3间门店卖机电产品已几年了，快捷酒店近期租用该幢临街楼搞经营，为此三方发生了纠纷。”3日，雪松路派出所对纠纷三方进行耐心调解，因三方分歧太大，调解无果。三方均表示将通过法律途径讨说法。左图：一楼门店隔棚上的积水正在往下流，店铺里一片汪洋。,3,4,0.9266781806945801
榕红木家具去年底涨价10%～30%记者从国内高端红木家具生产基地仙游了解到，从去年下半年开始，红木原材料开始上涨，到目前最高涨幅已超50%，价格已接近2007年最高点。受此影响，记者昨日走访福州国际家具城以及二环路多家红木家具店发现，红木家具价格较去年上半年上涨了10%～30%。莆田连天红红木家具有限公司负责人透露，随着楼市、股市回暖，红木家具也开始出现上涨的趋势。去年年初，红木家具市场还很冷清，从四五月份开始，出现了销售小高潮。记者从莆田仙游榜头的红木市场了解到，红木家具上涨缘于红木原材料价格从去年下半年开始大涨，如一级小叶紫檀原材料，去年上半年每吨为30多万元，到现在已涨到60万～70万/吨。福州台江排尾一家红木家具商吴老板称，去年8月份以后，印度小叶紫檀、越南黄花梨等高档红木原材料涨幅超过50%，而老挝红酸枝、非洲鸡翅木等中端红木原材料涨幅在10%～30%。莆田仙游榜头红木市场不少红木家具商称，由于红木稀缺，近几年红木被各界人士追捧，红木家具行情也经历了“暴涨暴跌”。据介绍，由于红木材料商的炒作，到了2007年底，红木价格达到了最高点，随后受金融危机影响，价格又开始暴跌。以红酸枝为例，2007年最高点售价达6万元/吨，到了2009年3月份降到了2.8万元/吨，今年下半年又开始上涨，现在售价达到4.8万元/吨，接近2007年高点。,3,1,0.9803749918937683
8月沪新增贷款大幅反弹房贷增量再创新高郭茹央行上海总部日前发布了8月份上海市货币信贷数据，在7月份沪信贷投放有所回落之后，8月份贷款投放大幅反弹，当月沪新增人民币贷款近400亿元，较7月份增加了一倍多。其中中小商业银行成为放贷主力，占沪上全部新增人民币贷款的七成多。此外，8月份沪个人住房贷款增量再创新高。数据显示，8月份上海市新增人民币各项贷款399.7亿元，较7月多增228.6亿元，同比多增218.1亿元。其中，国有银行贷款增速显著下降，而中小商业银行贷款投放力度则明显加大。上海市中资金融机构当月新增人民币贷款388.2亿元。其中，国有商业银行、中小商业银行和财务公司贷款分别增加57.5亿元、286.3亿元和22.1亿元，同比分别多增5.9亿元、239.4亿元和24.5亿元，中小商业银行贷款增长占比达到了74%。分析人士表示，上半年中小银行贷款投放较国有大行慢，由于利差缩窄导致利润下降更加明显，这使下半年中小银行贷款投放动力更大。此外，经济增长情况的改善也使中小企业的贷款需求开始增加。从人民币贷款种类看，当月短期贷款减少，中长期贷款增加明显。当月沪短期贷款减少115.1亿元，较上月多减28.3亿元，同比多减106.2亿元；中长期贷款增加392.6亿元，同比多增298.3亿元，其中基建贷款和个人中长期消费贷款分别增加53亿元和187.9亿元，同比分别多增44.2亿元和176亿元；票据融资增加94.5亿元(其中3/4为买断式转贴现)，同比多增20.7亿元。此外，沪个人住房贷款增量在8月份再创新高。央行上海总部指出，受上海高档住房交易活跃的影响，中资银行个人住房贷款增量再创新高，当月增加170.2亿元，环比多增55.9亿元，同比多增167.2亿元；其中新建房贷款和二手房贷款分别增加99.4亿元和70.8亿元，同比分别多增105.8亿元和61.4亿元。自今年3月份以来，沪个人住房贷款随着房地产市场的回暖持续攀升，6月、7月分别达到127.1亿元和114.3亿元的较高水平，8月份则呈现再度加快增长势头。     相关新闻：    二套房贷利率收紧 首次购房可不选公积金贷款    上海8月房贷增量再创历史新高    沪上首套房获八成房贷也变难 仅30%获优惠    北京：二套房贷利率优惠政策中止 抑制楼价上涨我要评论,4,1,0.8922061920166016
香港环球贸易广场6名清洁工30层坠下身亡香港消息 香港环球贸易广场建筑工地昨日发生严重事故，一架升降机槽内的工作台意外从高处坠下，造成6人死亡。从30层坠下10层当天下午1时许，6名清洁工人正在一架升降机槽内的工作台上工作，工作台突发意外，从30层坠下10层，导致5名工人死亡、1人受伤。至傍晚时分，证实伤者不治，6人全部死亡。香港特区行政长官曾荫权立即到场了解情况。他表示，这次事故非常严重，已要求有关部门彻查事件起因，并了解死伤者家属的需要，以提供相关协助。发展商将发100万元赔偿香港劳工及福利局局长张建宗表示，这次是极严重的工业意外，感到震惊和哀痛，发展商新鸿基已承诺次日向死者家属发放100万元恩恤赔偿，支付死者的殓葬费，以及为死者的子女提供长远的教育经费。而劳工处也会根据法例协助死者追讨工伤赔偿，每名死者最高可获178万元。新鸿基地产发展副主席兼董事总经理郭炳江也对意外感到难过和痛心，向死者家属致以深切慰问，承诺发放100万元恩恤金，并会竭力协助政府调查意外原因，环球贸易广场也会立刻停工，彻底调查及进行全面安全检查。建造业总工会会务顾问蔡镇华初步怀疑事件是承办商监管疏忽，指引不清晰，并质疑升降机槽是否设有围栏。事故发生后死者家属纷纷赶到医院，他们情绪激动，有家属认尸后更全身瘫痪，要乘坐轮椅离开。综合新华社    相关新闻：   香港建筑工地6名工人从高处坠下死亡    男子擦玻璃随窗扇坠楼身亡    石家庄倒楼事故已致10人遇难3人重伤    上海在建楼倒覆事故7名责任人被批捕我要评论,4,7,0.9986248016357422
城建系统两年万余人涉案新华社讯 最高人民检察院昨天通报了查办城镇建设领域商业贿赂犯罪案件情况。据悉，2007年至2008年两年间，全国检察机关共立案查办城镇建设领域商业贿赂犯罪案件9374件、10043人，其中，涉及国家公务员和处级以上干部要案较多，大案所占比例高，涉案金额大，窝案串案突出。受贿案占立案数的77.3%2007年以来，为认真贯彻落实中央决策部署， 深入推进治理商业贿赂专项工作，最高人民检察院针对工程建设、土地出让、房地产开发等领域官商勾结、权钱交易突出等问题， 组织全国检察机关开展集中查办城镇建设领域商业贿赂犯罪案件工作，成效明显。2007年、2008年两年间， 共立案查办的9374件10043人， 分别占查办商业贿赂犯罪立案总数的45.3%和44.5%。其中，受贿7250件，占查办城镇建设领域商业贿赂犯罪案件立案数的77.3%；行贿1879件，占20%。此外，还有单位受贿61件，对单位行贿22件，单位行贿92件，介绍贿赂70件。案件主要发生在城建领域案件主要发生在城镇基础设施建设、房地产开发、单位所属工程建设、土地出让等领域。据统计，发生在这几个领域的案件7990件，占城镇建设领域商业贿赂犯罪案件总数的85.24%。其中，城镇基础设施建设2999件，单位所属工程建设2881件，土地出让1110件，房地产开发1000件。公务员和处以上干部涉案多据悉，国家公务员和处级以上干部涉案较多，两年共立案查办国家公务员3567人， 占立案总人数的35.5%。其中，党政领导663人，土地管理部门501人， 建设部门705人。查办处级以上要案1266人，占12.6%。涉案金额大大案所占比例高从查办案件情况看， 大案所占比例高，涉案金额大。城镇建设领域商业贿赂犯罪案件涉案总金额18.75亿余元，平均个案涉案金额达20万余元。共查办5万元以上大案6976件，占总数的74.4%；其中，50万元以上案件784件，占41.9%。案件涉及城建各个环节在办案中， 检察机关往往是查处一案、带出一窝、牵出一串，许多案件涉及工程立项、规划、审批、招投标、发包分包、采购、资金拨付、交纳税费和施工管理等多个环节。如广州市检察机关在查办“ 北江大堤加固达标工程”涉嫌职务犯罪案件时， 在该工程中深挖出窝案串案10件10人，其中处级要案2人，且均为大案。隋笑飞我要评论,4,7,0.6852200627326965
广州新地标全球征芳名 头奖十万元人民币(图)广州新电视塔，叫啥名字好？从2009年9月16日起，广州日报报业集团将为这座目前世界最高的电视观光塔、高度610米的广州新地标展开全球征名活动，第一名将获得10万元人民币的重奖。作为代表广州城市发展的新地标，“初长成”的广州新电视塔已经引起广泛关注，去年以来，各界热心人士纷纷对它的“芳名”作种种猜想。从今日起，广州日报报业集团发起并独家组织实施全球征名活动，为广州新电视塔寻求一个具有中国文化内涵、凸显广州城市个性、极具现代气质、简洁响亮的“芳名”。从今天到10月9日，您都可登录大洋网的广州新电视塔全球征名活动专题页面，提交为广州新电视塔起的最喜欢的名称。今年11月12日，即广州亚运会开幕倒计时一周年之际揭晓征名结果。活动揭秘：10万元巨奖并非炒作广州日报报业集团并非广州新电视塔的东主，为何由广州日报报业集团来组织，并且是独家组织这一次的广州新电视塔的全球征名活动呢？昨天，活动主办方广州日报社有关负责人在媒体发布会上给出了答案：“广州日报报业集团的主报《广州日报》是广州市委机关报，是华南地区最重要的主流媒体之一，肩负着宣传广州城市精神、树立广州美好形象的社会责任。创刊57年来，《广州日报》伴随广州的成长而成长，忠实地记录和见证了广州艰苦奋斗的建设发展、敢为人先的不断探索和日新月异的辉煌成就。”该有关负责人表示，此次全球征名活动，是广州日报报业集团充分发挥媒体优势，支持广州城市建设、积极参与广州城市发展和文明建设、积极为广州亚运会宣传造势的又一次实际行动。为何取一个名字可获得10万元重奖？这是活动主办方的炒作吗？有关负责人表示，第一名10万元的奖金额(获奖者自付税金)是跟广州新电视塔的地位相匹配的，毕竟她是广州的新地标，是广州21世纪最重要的建筑之一。而且，应征者参加征名活动需承诺放弃应征名称的一切著作权，应征者取个好名字不容易，应该给予高额奖励。“当然，10万元的奖金对应征者来说也是一个很大的诱惑，我们希望能有更多的全球热心人士参加到这次活动中来。”有关负责人笑着对记者说。广州新电视塔：位于广州新中轴线(城市纵轴)与珠江景观轴线(城市横轴)的交汇处，天线桅杆与城市新中轴线重合，计划于2010年正式投入使用。新电视塔由上小下大的两个椭圆，圆心相错，逆时针旋转135度，自然形成塔身中部“纤纤细腰”的体形。它是世界上功能最齐全的电视观光塔，分为五个功能区，除了旋转餐厅、空中云梯，塔顶还设有世界最高的观光舱和极富刺激的速降椅。广州新电视塔全球征名活动规则一、征名活动评选原则：作为目前世界最高的电视观光塔、广州的新地标，广州新电视塔的取名是广州市民，乃至全国人民、全球华人都很关心的事情。因此，本次征名活动将本着公开、公平、公正的原则，面向全球征集。广州市公证处对本次活动的评选和抽奖进行现场监督和公证。二、征名范围及要求：1)中文名称；2)字数不超过5个，简洁响亮，朗朗上口；3)要求具有中国文化特色和时代文化特征；4)体现广州新地标的良好形象。三、应征者资格要求：欢迎全世界热爱、关心和支持广州市城市建设、关心广州亚运会的热心人士踊跃参加，国籍、民族不限。参加组织和执行本次征名活动的工作人员及其直系家属均不得参与应征，包括广州日报报业集团全体现有员工及其直系家属，评审专家委员会及其直系家属。四、应征者注意事项：1)应征名称是应征者独立创作完成的原创名称，不得侵犯他人合法的知识产权，不得与他人在先取得的合法权利相冲突。应征者没有在任何地方以任何形式发表该名称，亦没有许可任何人(包括法人、其他组织和自然人)在任何地方以任何形式发表或者使用该名称。2)如果应征名称出现重复，即不同应征者提交同一应征名称，则按大洋网显示的参加应征时间为准，按先到先取原则，后提交者将不再被系统录入。3)应征名称不得违反中华人民共和国的法律规定，不得含有任何涉嫌国别歧视、民族歧视、种族歧视、宗教歧视或者其他有悖于社会道德风尚和良好风俗或者有其他不良影响的内容。4)应征者对其提交的应征名称及其他所有相关文件的真实性负责。如果发现有任何不属实情况或违反本条(1)~(3)款的情况，则活动主办方有权取消该应征者的应征资格。5)活动主办方对应征名称享有《中华人民共和国著作权法》规定的一切著作权(署名权除外)。五、参赛规则：1)有意应征者可登录大洋网专题页面(www.dayoo.com/xdstzm)参与应征，每个身份证号码只可以提交1个名称。2)应征者必须提交“姓名、身份证号(或护照)、手机号、邮箱、作品名称、创意说明”。3)不同应征者提交同一应征名称，按先到先取原则。六、评审程序1)由广州日报报业集团组织民俗专家、语言文字专家、作家、城建专家等组成专家委员会评审，从应征名称中评出前十名。第一名计10分，第二名计9分……以此类推……第十名计1分。2)通过媒体按随机顺序公布前十名名称，再次通过大洋网、手机平台等方式对这前十名名称给予投票，得出该十名名称的公众投票排序，并按新顺序再次计分。第一名计10分，第二名计9分……以此类推……第十名计1分。3)随后按照全球公众投票(占40%权重)和专家委员会评审投票(占60%权重)计分，将两次分数相加，选出总分排列前十名的名称，交由活动主办方最终确定，并拟于2009年11月12日向全球发布。七、征名活动时间计划：1)2009年9月16日至2009年10月9日，征名阶段。可在大洋网相关专题页面(www.dayoo.com/xdstzm)上参与应征。2)2009年10月9日至2009年10月14日，专家委员会评审阶段。评选出前十名应征名称。3)2009年10月15日至2009年10月30日，网络、手机平台投票阶段。4)拟于2009年11月12日，征名结果揭晓。八、征名活动奖励办法：1)最终入选奖励：给予应征名称第一名人民币10万元奖励，第二名至第五名各人民币2万元奖励，第六名至第十名各人民币1万元奖励，相关税费由获奖者自付。2)取名奖励：从热心参加取名的人士中抽出一百名幸运者，每人奖励新电视塔观光门票5张。3)投票奖励：从热心参加前十名名称投票的人士中抽出二百名幸运者，每人奖励广州新电视塔观光门票2张。九、本次征名活动规则由广州日报报业集团负责解释。广州日报报业集团二○○九年九月十五日     相关新闻：    青岛地标建筑红房子全球售卖被叫停    央企80亿重建CBD地标 挑战北京候选地王    广州地标物业成保值升值标杆    1000米 沙特拟建全球最高地标我要评论,4,3,0.30913445353507996
重庆：每平米须缴5元除渣费 物管才让装修新房“每平方米收取5元钱的除渣费，我们认为太贵！想自己除渣，物管公司却不允许我们进屋装修。”昨日上午，沙区双碑鼎盛山水小区兰女士打进本报热线反映，正准备装修新房却受阻，怀胎9月的她为此伤心地哭了好几场。 投诉：物管强收除渣费兰女士说，她自己没工作，老公也给私人打工，家里没多少积蓄，准备简单装修这套建筑面积81.98平方米的还建房，在得知小区以建筑面积每平方米5元钱的标准收取除渣费后，她想自己除渣。不料小区物管方圆物业公司的朱主任不同意，并称不缴纳除渣费就不能进场装修。随后兰女士拿着录音手机在方圆物业公司办公室咨询：“我们如果不缴纳除渣费，是不是不允许装修？”一位女工作人员小声地回答：“是！”随后她补充说，具体情况需要问主任。五分钟后，物管办的朱主任回到办公室，否认了不缴纳除渣费就不允许装修的说法。调查：500余户已缴费昨日记者来到该小区，随机采访了坐在小区内休息的业主，5-28-7的陈姓业主和3-6-3的另一位陈姓业主均承认，物管方说过不缴纳除渣费就不允许装修的话。5-27-6的朱女士说，为了装修新房，她不得不按建筑面积缴纳了300多元的除渣费。物管：不缴除渣费须签协议朱主任对此解释，统一缴纳除渣费，是为了方便管理，每平方米5元除渣费不算贵，业主可自己除渣，不交纳除渣费。“以前其他小区多次出现过业主晚上把建筑垃圾偷偷倒在路边的情况。只要业主和我们签订协议书承诺按规定倒垃圾，他们就可以不缴纳除渣费。”今后他们会做好沟通工作，避免再产生此类误会。据朱主任介绍，小区共有5栋楼房，共900余户业主，目前已有500多户缴纳了除渣费，进行了新房装修。房管局：物管无权阻止业主装修收除渣费合理吗？市房管局物管处的工作人员周先生说，重庆正在起草《物业服务管理收费办法》中的“装修管理费”，会对除渣费给出一个指导价。目前除渣费收取多少是业主和物管方协商定价。目前我市小区的除渣费也基本在每平方米4元至5元间。业主在保证建筑垃圾不乱倒的情况下，也有权不缴纳除渣费，物管方不得强行收取。周先生还表示，物管是无权阻止业主进屋装修的，若遇此事，业主可在各区房管局的物管科进行投诉。(记者 张畅) 我要评论,4,3,0.5630940198898315
20万年薪买不起房引热议 当事人觉得很失败“本人是西安人，从一个勉强算是名牌大学(国内top10)硕士毕业。两年前从西安来到上海，目前在一家知名外企做部门经理，税后收入20万元。最近大半年看房，越看越失望，一些朋友说我的收入在上海打工族中还算不错的。但怎么连一套外环内的房子都买不起呢？ 内环的房子不提也罢。内中环的基本在1.4—2.4万元/平方米，中外环的在1.2—1.8万元/平方米。而且都是110平方米以上的，小于90平方米的很难买到。又老又破的老工房价格也高得吓人。 1.5万元的单价只能买在中外环间。本人不抽烟、不喝酒、不赌钱、不泡吧。工作中虽有机会搞一些桌面下收入，但一向坚持做人原则，积蓄基本上只是工作所得，还有一些投资收益，共75万元可做首付。一套110平方米、单价1.5万元的房子，需贷款90万元、15年，连本带息143万元，每月还8000元。下面算一下目前的生活费：★小孩每月2000元★带小孩的阿姨包吃包住，每月1900元★在外企不得不买辆车，每月养车1600元★一家人吃饭每月1500元，水电煤400元★每月给父母800元★每月应酬及一家购衣、化妆品、零用等约1200元。如果算上每月8000元的房贷，每月支出1.77万元，已超出了我的收入。除了一部车，我的生活实在是普普通通。老婆身体不好，结婚后就不工作了，现在家里带小孩。买了房，可以从每月服装、零用上节省一些，但还是入不敷出。我母亲及岳母身体都很差，但都要求给我们带孩子，把保姆辞了，但我不忍心。租房子还能过下去。如果买房，即使是普通房子，家里的收支也将非常紧张。既不能孝敬父母，也不能让老婆跟着过舒适日子。我觉得自己很失败，30岁了连个家都不能安下来。也曾想过，辞职自己创业，但如果失败了怎么办？恐怕更无法面对老婆孩子，所以打消了创业念头，还是老老实实在外企混吧。但如果这15年内，有一天公司大裁员，落到我头上，房贷怎么还？ ”正方：房价畸高真买不起网友elliotwi：兄弟，你收入挺高的了，买不起房的原因是现在房地产这个领域畸形。以诚实劳动赚取薪金的阶层怎么也赶不上房价的脚步，勉强买房也只能是以全家人的毕生积蓄来买单。网友hhhddd2009：你反映的问题很有代表性。虽然你的生活奢侈了些，但是提的问题是值得大家思考的，那么贵的房子卖给谁了？按照官方统计数据，上海2008年的平均工资确实只有每月3000多元，不可能买得起房。网友szlauren：楼主混得不赖，不过买不起房子正常，现在北京、上海、深圳的房子根本就不是买来住的。等等吧，目前租房子比买房划算太多了，我要是你，即使买得起也不买。网友szabc12345：上海买好房子的人是给你发工资的人，也就是老板们，还有就是各种资产千万元以上的有钱人。你挣钱不算很多，一个人却要养活六个人，还自以为精英，买好房子过有钱人的生活，确实很累。网友bladefenix：你作为一个外地人在上海已经很厉害了。但是有些差距和财富的积累，是几代人努力的结果，上辈子的差距不是你几年就能赶上的。网友Jackxi：税后20万元已经不算少了。不过你才工作了没几年，很多现在买房的，都是父母辛苦工作一辈子的积蓄，再加上贷款，才买一套房的。反方：量力而行先小后大网友维熊维罴：老工房买得起看不起，新房子看得起买不起。结论是上海20万元年薪买不起房，相当搞笑啊！网友jyt0707：一个人赚钱养一群人，还要内环一百平方米，小孩当太子养，妻子当太后养。网友grossman2007：兄弟这是你个人的问题，不要怪别人。你这个收入，买个60平方米的老工房太容易了。网友我是青魔手：你是死要面子活受罪。拿中产阶级的收入，想过上层社会的生活，不超支才怪呢！1、你老婆不工作，干嘛不带小孩？既然岳母和自己母亲愿意带小孩，为什么不让她们带？我觉得，岳母+老婆带小孩，完全可以应付，保姆费可省下了。2、小孩一个月要花2000元吗？我有一对双胞胎，吃美赞臣奶粉，每月也就1000多元。小孩的衣服有必要买名牌吗？几十元的就行了。3、养车也是死要面子活受罪。20万元的收入又怎么样？还不是一中层，坐地铁、公交车就不是经理了？4、借90万元对你根本不算多，关键是还款时间太短。还款30年不行吗？以后挣到钱了，再提前还款。没有几个人会真的还款20年或者30年的。5、每月都要给父母800元吗？他们没收入吗？没你这800元会饿死？我觉得，既然压力大，就逢年过节给父母寄点钱表示心意好了。网友icusummer：年薪20万元在上海来说绝对算中等偏上的水平了，但你买不起房是因为原始积累不够。上海人很多人买房其实是小房换大房，差额部分还是可以承受的。网友超级潜潜潜：夫妻俩不会过日子，顾了面子没顾上里子。网友小巷疏远：什么叫买得起房子？就是借到的钱加上自己收入，可以支付首付+还贷，并可以维持基本的生活需求。网友生当人杰：年入20万元肯定是买得起房子的，就怕不能保证每年都有20万元。 我要评论,4,5,0.6282902359962463
"标价一�7万将创传奇 香港天玺或成全球最贵楼盘中新网9月18日电近月来本港豪宅市况变得炽热，发展商眼见未来香港豪宅供应少，需求持续增加下，随即调高豪宅盘售价。位于九龙的天玺I的日钻玺部分楼盘价格调高，若能成交，将创出全球分层豪宅新高?价，打破去年英国分层豪宅One Hyde Park创下的63,069元全球最贵成交?价纪录。据香港《文汇报》报道，受惠利息低企，加上港股重上21,000点，财富效应及内地热钱涌入，近月来本港豪宅市况变得炽热，发展商眼见未来香港豪宅供应少，需求持续增加下，随即调高豪宅盘售价。新地17日调升位于九龙站天玺I的日钻玺91至93楼3层逾 4,000?复式单位“至高无上”目标价20%，由2.5亿元加至3亿元，即?价由6万升至逾7万元。“至高无上”若能成交，将创出全球分层豪宅新高?价，打破去年英国分层豪宅One Hyde Park创下的63,069元全球最贵成交?价纪录。由于豪宅供应有限，香港经济受惠内地经济增长，港股今年持续上升，新一轮财富效应已经展开，部分市民套股换楼，加上内地投资移民的资金持续涌入香港楼市(楼市博客)，令今年以来豪宅备受追捧，近月九龙站及尖沙咀区多个大型豪宅开盘，部分亦创出本港的新高?价，如新世界及市区重建局合作的尖沙咀名铸58楼及59楼便先后创出全港分层单位?价第4及第6位的纪录，?价分别达3.67万及3.5万元，而名铸高层D室816 ?1房户，更以?价30,025元成交，创出香港1房户的新高?价。美联集团指出，香港豪宅楼价较去年第四季谷底大升逾40%，其中独立屋楼价更早已突破97年的高位，走势明显跑赢大市，估计今年底前豪宅楼价会再升10%。豪宅楼价上升，连带租金亦开始向上走。利嘉阁地产董事张伟(张伟博客)文指出，今上半年豪宅租金升幅远远落后同期楼价升幅，幸好踏入暑假租赁旺季开始，租金升势明显加快，全港35项指针豪宅8月份平均成交?租报28.8元，数字较7月份飙升4.3%，升幅高于同期楼价升幅。据了解，将创出豪宅传奇的天玺，共有2座楼，合共提供825伙，标准单位介乎900至2,300?，每座顶层各有一伙3层复式单位“至高无上”。每伙“至高无上”面积逾4,000?，设有6个房间、天际泳池及空中花园。新地代理执行董事雷霆17日表示，天玺自今年2月以平均?价20,500元首推20伙，其后连番加价加推以来，至今已售出500伙，期间累积加价20%至30%，已售出单位中约有20%至30%为内地客。现时推售中的天玺1单位以园景为主，平均?价2万元。他指出，由于看好香港豪宅市道，因此，新地其它豪宅盘都会考虑陆续加价。目前全球单价最贵的豪宅为俄国矿业大亨普罗霍罗夫于去年8月斥资近49亿港元，购入位于法国西南部蔚蓝海岸的“利奥波德别墅”(Villa Leopolda)，物业位于法国尼斯与摩纳哥之间，为1902年为比利时国王利奥波德二世而建，占地约8.9万平方米，别墅四周植有约1,200棵树，有橄榄、橙、柠檬和柏树，单是打理这些树木便需雇用50名园丁。然而，这位俄国富豪在海啸下损失惨重，正计划取消交易，并要求取回约4.3亿港元的订金，惟遭原业主拒绝，事态如何发展暂时未知。不过，像“利奥波德别墅”这样的豪宅，较难与天玺“至高无上”作比较，因前者是花园别墅，而后者则是分层单位。故此，以同样是分层单位而言，目前全球成交?价最高的分层豪宅是坐拥英国伦敦海德公园景的One Hyde Park，此项目共有4座大楼，楼高9至13层，每座的顶层单位占据全层，共有9个睡房，其余单位有1个至4个睡房不等，去年的成交?价已升至约 63,069港元。 (梁悦琴) 我要评论",4,7,0.9205071926116943
十七届中纪委会第四次全体会议公报核心提示：中共第十七届中央纪委第四次全会19日在北京举行，会议公报透露，将把住房、投资、配偶子女从业等情况，列入领导干部必须报告的个人情况，认真解决一批涉及领导干部廉洁自律的突出问题。新华社北京9月19日电 中国共产党第十七届中央纪律检查委员会第四次全体会议公报(2009年9月19日中国共产党第十七届中央纪律检查委员会第四次全体会议通过)中国共产党第十七届中央纪律检查委员会第四次全体会议，于2009年9月19日在北京举行。出席会议的中央纪委委员118人，列席28人。中央纪委常委会主持了会议。这次全会的主要任务是：认真学习贯彻党的十七届四中全会精神，分析研究党的作风建设和反腐倡廉建设面临的形势与任务，深入推进党风廉政建设和反腐败斗争，为加强和改进新形势下党的建设、夺取全面建设小康社会新胜利、开创中国特色社会主义事业新局面提供坚强有力的保证。全会审议通过了贺国强同志代表中央纪委常委会所作的《认真贯彻落实党的十七届四中全会精神，深入推进党风廉政建设和反腐败斗争》的报告。全会认为，党的十七届四中全会是在新中国成立六十周年之际，在应对国际国内重大挑战、推动党和国家事业实现新发展的关键一年召开的一次具有重要意义的会议。会议审议通过的《中共中央关于加强和改进新形势下党的建设若干重大问题的决定》，是指导当前和今后一个时期党的建设的纲领性文件。全会一致拥护十七届四中全会审议通过的《决定》，一致拥护胡锦涛同志在十七届四中全会上的重要讲话。全会强调，党的建设是党领导的伟大事业不断取得胜利的重要法宝。各级党组织和广大党员干部一定要全面领会十七届四中全会精神，进一步增强加强和改进新形势下党的建设的责任感和紧迫感，认真理解执政党建设的基本经验，准确把握党中央对加强和改进新形势下党的建设提出的新部署、新要求，以更加坚决的态度、更加有力的措施，深入扎实地推进党的建设新的伟大工程。全会要求，全国纪检监察系统要迅速掀起学习、宣传、贯彻四中全会精神的热潮，集中时间、集中精力，组织广大纪检监察干部认真学习十七届四中全会文件，紧密结合纪检监察工作实际，在武装头脑、指导实践、推动工作上下功夫，把思想统一到全会精神上来，把力量凝聚到实现全会确定的各项任务上来。各级纪委要在党委的领导下，切实增强政治责任感，认真履行党章赋予的职责，推动十七届四中全会重大部署和各项任务的贯彻落实。按照建设马克思主义学习型政党的要求，加强党性党风党纪教育和反腐倡廉教育；按照坚持和健全民主集中制的要求，加强党内民主建设，保障党员民主权利；按照深化干部人事制度改革的要求，匡正选人用人风气，坚决整治跑官要官、买官卖官、拉票贿选等问题；按照做好抓基层打基础工作的要求，扎实推进基层党风廉政建设；按照弘扬党的优良作风的要求，协助党委抓好党的作风建设；按照加快推进惩治和预防腐败体系建设的要求，在坚决惩治腐败的同时加大教育、监督、改革、制度创新力度，更有效地预防腐败。要按照党建工作责任制的要求，协助党委加强监督检查，严明党的纪律，督促有关部门切实抓好职责范围内的党建工作，保证和促进十七届四中全会精神的贯彻落实。全会指出，党的事业愈发展，党的建设愈深入，党风廉政建设和反腐败工作就愈要抓得紧而又紧。各级纪检监察机关要全面贯彻十七届四中全会关于加强党风廉政建设和反腐败斗争的一系列部署和要求，坚持标本兼治、综合治理、惩防并举、注重预防的方针，认真落实《建立健全惩治和预防腐败体系2008-2012年工作规划》，严格执行党风廉政建设责任制，切实加大查办违纪违法案件力度，坚决查处一批大案要案，严肃查办发生在领导机关和领导干部中滥用职权、贪污贿赂、腐化堕落、失职渎职案件，严肃查办商业贿赂案件和严重侵害群众利益案件，严肃查办群体性事件和重大责任事故背后的腐败案件，保持惩治腐败高压态势；严肃纠正一批损害群众利益的不正之风，切实维护群众切身利益；认真解决一批涉及领导干部廉洁自律的突出问题，依纪依法查处和整治领导干部利用职务便利为本人或特定关系人谋取不正当利益等问题，在认真贯彻落实好《关于领导干部报告个人重大事项的规定》的基础上，把住房、投资、配偶子女从业等情况列入报告内容，加强对配偶子女均已移居国(境)外的公职人员管理；抓紧制定一批反腐倡廉法规制度，提高反腐倡廉制度化、法制化水平；扎实推进一批改革措施，坚持不懈地把党风廉政建设和反腐败工作引向深入。各级纪检监察机关要围绕中心、服务大局，切实加强对中央重大决策部署贯彻执行情况的监督检查；立场坚定、旗帜鲜明，坚决维护党的政治纪律；心系群众、服务人民，切实加强和改进党的作风建设；惩防并举、注重预防，加快推进惩治和预防腐败体系建设；解放思想、与时俱进，以改革创新精神推进纪检监察工作，提高反腐倡廉科学化水平，努力开创党风廉政建设和反腐败斗争新局面，为继续推进党的建设新的伟大工程、继续推动党和国家事业向前发展提供有力保证。全会强调，各级纪检监察机关一定要深刻领会十七届四中全会精神，充分认识加强自身建设的重要性和紧迫性，把它作为一项基础工程切实抓紧抓好，进一步教育和引导广大纪检监察干部切实做到对党和国家无限忠诚、对腐败分子和消极腐败现象坚决斗争、对广大干部和群众关心爱护、对自己和亲属严格要求，努力建设一支政治坚强、公正廉洁、纪律严明、业务精通、作风优良的纪检监察干部队伍，树立纪检监察干部可亲、可信、可敬的良好形象。全会号召，全党同志要更加紧密地团结在以胡锦涛同志为总书记的党中央周围，高举中国特色社会主义伟大旗帜，以邓小平理论和“三个代表”重要思想为指导，深入贯彻落实科学发展观，进一步统一思想、坚定信心，开拓创新、真抓实干，以党风廉政建设和反腐败斗争的新成效，保证党的十七届四中全会精神的贯彻落实。 我要评论,4,7,0.9998637437820435
提前还贷潮今年未现李娟即将进入10月，在利率这么低迷的情况下，要不要提前还贷呢？黄小姐看着存折上的15万元，开始盘算起来。以往利率调高之前会引发一波提前还贷潮，今年是不是也适合提前还贷呢？看看银行的人怎么说。记者从工商银行上海分行黄小姐处了解到，今年提前还贷的人并不特别突出，这部分人在每年年初的时候比较多，大部分人都是拿了年终奖和一年的积蓄去提前还贷。春节是每年提前还贷的井喷期，很多人手头多了一笔闲钱，就会考虑先减少住房的压力。从今年的情况来看，现在预约去提前还贷的人并不多，“这一块业务并没有受金融危机的影响，每年的九十月份是楼市比较好的时候，贷款业务比较多，来做提前还贷的人都不太多。”黄小姐表示。“金九银十”是楼市成交的旺季，许多贷款业务都是在每年的第三季度完成的，大部分贷款大概贷多少呢？“从总量来看，首付三成的比例比较高，如果是二套房的话，很多人也会首付四成。”中国建设银行杭州宝石支行个人金融部经理庞涛表示，不过这还是根据个人的实力来看，如果是500万元的一套房子，贷款三成的话，每个月的压力就相当大。一般工薪阶层贷款额度大部分都是在100万元以下。每个月的还款额多少比较合适，“最好每个月不要超过家庭总收入的50%，否则的话压力比较大。以家庭为单位来考虑的话，除了养房，很多家庭还负担养车、孩子教育、赡养老人的费用，如果想要比较舒适的生活，还是控制在收入的一半以内风险较小。”工商银行上海分行相关人士表示。当然，从银行的角度出发，并不赞成许多人“咬紧牙关”贷款，“很多黑名单就是当初以为可以承受，后来工作发生些变动，每个月还贷压力太大导致。”在今年利率这么低的情况下，要不要提前还贷呢？庞涛表示：“最好不要，利率这么低的情况下，可以选择其他的理财方式、理财产品或者做其他领域的投资，投资是可以随时中止的，相对要灵活许多。”他表示，如果今年不调息的话，现在的按揭利率至少可以维持14个月左右，低利率也是做其他投资的好时机。 我要评论,4,1,0.9905073642730713
中纪委要求领导干部增加报告住房和投资等情况中新网北京9月19日电 中共第十七届中央纪委第四次全会19日在北京举行，会议公报透露，将把住房、投资、配偶子女从业等情况，列入领导干部必须报告的个人事项，认真解决一批涉及领导干部廉洁自律的突出问题。公报指出，十七届四中全会审议通过的《关于加强和改进新形势下党的建设若干重大问题的决定》，是指导当前和今后一个时期党的建设的纲领性文件。公报强调，各级纪委要加强党性党风党纪教育和反腐倡廉教育；加强党内民主建设，保障党员民主权利；匡正选人用人风气，坚决整治跑官要官、买官卖官、拉票贿选等问题；扎实推进基层党风廉政建设；协助党委抓好党的作风建设；加大教育、监督、改革、制度创新力度，更有效地预防腐败。 公报指出，党的事业愈发展，党的建设愈深入，党风廉政建设和反腐败工作就愈要抓得紧而又紧。各级纪检监察机关要切实加大查办违纪违法案件力度，坚决查处一批大案要案，严查领导干部滥用职权、贪污贿赂、腐化堕落、失职渎职案件，严查商业贿赂案件和严重侵害群众利益案件，严查群体性事件和重大责任事故背后的腐败案件，保持惩治腐败高压态势；严肃纠正一批损害群众利益的不正之风。公报指出，要认真解决一批涉及领导干部廉洁自律的突出问题，依纪依法查处和整治领导干部利用职务便利为本人或特定关系人谋取不正当利益等问题，在认真贯彻落实好《关于领导干部报告个人重大事项的规定》的基础上，把住房、投资、配偶子女从业等情况列入报告内容，加强对配偶子女均已移居国(境)外的公职人员管理。公报强调，要抓紧制定一批反腐倡廉法规制度，提高反腐倡廉制度化、法制化水平；扎实推进一批改革措施。公报还指出，要努力建设一支政治坚强、公正廉洁、纪律严明、业务精通、作风优良的纪检监察干部队伍，树立纪检监察干部可亲、可信、可敬的良好形象。 我要评论,4,7,0.9993467926979065
"广东8月CPI降幅收窄 专家称可能成年内拐点本报讯(记者/张启通讯员/岳佳综)省物价局日前组织召开价格形势分析会,研判我省8月价格运行情况及未来走势。与会专家指出,8月可能是年内CPI拐点,房地产、汽车、旅游等主要消费行业景气度回升,但农产品价格不会持续大幅上涨。省物价局表示,目前临近建国六十周年庆典,要营造和谐稳定的价格环境,严格控制出台涨价项目,避免调价带来的累加效应。据国家统计局广东调查总队数据,8月我省居民价格消费指数(CPI)连续第7个月出现负增长,同比下降3.1%,但降幅比7月收窄1.1个百分点。汽车消费方面,1-8月我省汽车类零售额大幅增长29.3%,增长幅度远高于消费品零售总额的增长,6、7两月我省乘用车市场则连续出现同比、环比“双增长”的向好信号,表明汽车市场回暖的趋势正在得到巩固。房地产方面,商品房销售持续上升,1-8月全省商品房销售面积同比增长53.1%,增幅比1-7月提高4.3个百分点；销售额增长62.2%,比1-7月提高4.7个百分点。其中8月商品房销售面积环比上涨11%。此外,1-8月全省商品房销售均价同比增长5.9%,比1-7月上涨1.49%。专家认为,宽松的货币政策和投资需求大量入市造成了4月以来商品住房价格的较快上涨,这在一定程度上抑制了市场的自住需求。“目前,政府采取加大对投资需求、违规信贷资金入市的监管力度、打击囤地、囤房行为增加市场供应等措施,预计房价快速上涨的步伐将有所放缓。”旅游业方面,今年上半年,在金融危机和甲流疫情的双重影响下,我省旅游业受到较大冲击。但随着国民旅游休闲计划的启动,以及建设旅游强省一系列政策措施的出台,旅游业开始走出困境。 我要评论",4,1,0.8393211960792542
望增建设用地指标 地方高度重视新一轮土地规划叶开尚在修编之中的新一轮土地利用总体规划，为一些渴求用地指标的城市带来了希望。国土部官员表示，今年内将完成大部分省级规划的审查报批。截至目前，共有三个省份的土地利用总体规划(2006～2020 年)获得了国务院的批准，分别是河南、山东和湖北。近日，一位来自中部省份的国土官员对CBN透露，其所在的市(地级市)土地利用总体规划正在修编，即将上报审批。在初步拟定的规划中，该市调整和核减耕地(包括基本农田)约20万亩，希望增加6%的建设用地指标。目前，我国政府坚持18亿亩耕地红线政策，对耕地和基本农田实行严格保护，地方如要征收基本农田或者超过一定数量的耕地需要报批国务院。该官员对CBN强调，这次在规划修编中调整基本农田，并非只是减少面积，还包括对区位进行调整等，符合现行的法律法规。而且，有些基本农田正好位于经济快速发展区域，不在规划修编过程中进行调整，以后极有可能出现保发展和保耕地之间的冲突。省内指标分解有一定自由度中国土地学会顾问王万茂也对CBN表示，在上一轮规划实施过程中，往往出现有地的地方没钱没项目，有钱有项目的地方却没地，这就得调剂，但在这个过程中容易触及红线。所以地方政府对这一轮的土地规划修编比较重视。不过，土地规划修编并不能随意而为。《全国土地利用总体规划纲要(2006～2020年)》已经将耕地和基本农田保有量等指标分解至省级政府，这属于硬性指标，不可轻易改动。如新近获得国务院批准的《湖北省土地利用总体规划(2006~2020年)》就规定，到2020年，湖北省耕地保有量不少于463.13万公顷，基本农田保护面积不少于383.33万公顷，全省城乡建设用地规模控制在106.71万公顷以内，人均城镇工矿用地控制在104平方米。省级政府的土地“总盘子”已定，市县级政府能够做的只能是期望能够分到较大的蛋糕。王万茂认为，国家下达给省级的土地指标是动不了的，而且不允许跨省调剂耕地指标，但省级政府可以对下面的市县一级进行倾斜，“省级规划同样是对市县一级分解土地指标，分解过程有一定的自由度，可以适当向某地倾斜一些。但因为总量要控制，有增的地方就会有减少的地方。”国土部今年2月发布实施的《土地利用总体规划编制审查办法》也规定，省级土地利用总体规划应当重点突出“各区域土地利用的主要方向”和“对市(地)级土地利用的调控”等内容。134份土地规划需报国务院国土部副部长鹿心社今年6月表示，今年三季度要完成大部分省级规划的审查报批，年底前完成大部分报国务院审批的城市土地利用总体规划的审查报批，力争到明年底基本完成地方各级规划修编。一位知情人士对CBN记者透露，新一轮的土地规划修编过程中，需要上报国务院审批的土地利用总体规划数量相比以前有所增加，共计有134个土地利用总体规划需报国务院审批，而其他的市级土地利用总体规划将上报省级政府审批。“这一轮报国务院审批的省级和城市土地利用总体规划总计达到100多个，要在年内基本完成审查报批，时间紧、任务重，工作量非常大。”鹿心社称。王万茂则对土地规划修编的进度表示乐观。他认为今年第三季度完成大部分省级规划的报批问题不大，已经有几个省份获批，其他的省份也在陆续申报审批中。此外，有部分市级的土地规划也上报了国务院。    相关新闻：    国土部点刹建设用地 严控先行用地范围    国土部：建设用地绰绰有余 严查囤地未建现象    国土部核减81个城市1522公顷建设用地    国务院加大供地量 81城市增建设用地增16%我要评论,4,7,0.6530979871749878
白领买房最难的12大城市人才竞争日益多元化，高学历、“海归”等人才早已经不稀奇。前段时间北京举行的“海归”专场招聘会上，“海归”研究生的月薪平均水平为3000元，这让很多年轻才俊大吃一惊。那么，年轻人如何评价自己的收入呢，每个城市消费不一样，收入不能横向比较，要考虑当地的物价、交通、人文等综合因素，在这里，本人总结出个较为经典的评价方法，而且与国内好多城市的朋友同学讨论过，基本都得到大家的认可。就是拿自己的收入和当地房价作比较，仅此而已，你不用去考虑很多诸如物价、消费水平等因素，只要自己的月收入高于或等于房屋平均单价，那么在当地就算不错的收入，属于中等偏上了。比如在西安挣4000元，那么这个档次水平相当于在北京8000元。“白领”主要是指：拥有大专以上学历，工作年限在3～10年之间的年轻人群。上海：普通住宅均价在12000元/?以上，所以在上海月工资税后12000元以上算偏高工资，笔者公司在上海开发的楼盘卖40000元/?，别墅卖2亿元，属于豪宅，不能作为比较对象，上海的收入比北京稍高些，但高得不是很多，没有差别。深圳：普房13000元/?，白领月收入8000元左右，压力比北京稍大，和上海相当。天津：普通住宅均价7000～9000元/?左右，这几年房价猛涨，河东区的都上8000元/?了，开发区的房价8000元/?以上，天津的白领月工资一般在3000元左右随着滨海新区的不断开发开放，天津的房价应该还会有很大的上涨空间，因此天津白领压力最大。北京：平均普通房价8000～10000元/?(通州、五环外)，若月工资税后达到8000～10000元，那么在北京工资中算中等偏上，可以算高工资了，当然，我是指年轻的白领阶层(年龄很大的、老总级别的、演艺界等的除外，不适合本规则)，目前大多白领月收入在税前6000～9000元之间，武汉：房价6000元/?，收入税后要达6000元以上才好，不过大多白领月收入在2500元左右。青岛：房价8000元/?，大多年轻才俊的月收入一般3000元左右，所以年轻人在青岛压力很大。青岛开发区的房价也涨得离谱，现在已经达到6000元/?以上，白领的月工资一般是2500元，压力较大。西安：普房4500元/?，大多青年月收入2000元左右，压力比在国内居中。大连：普房6500元/?，年轻人月收入2000元多，压力较大，别提星海湾，那是高档楼盘。太原：普房5000元/?，月收入2000元，压力偏大。石家庄：普房4800元/?，大多月收入2000元以下。成都：房价5500～7000元/?，大多数人的月工资为2000元左右，买房的压力较大，主要是成都地价近年暴涨，最近，二环附近的地价起拍价是4000元/?了，房子若不卖7000/?，开发商就没赚的了。济南：房价也在6000元/m2左右，一般人月收入2500元，比青岛压力小。 我要评论,4,5,0.5575003623962402
"银监会摸底土地融资 信贷担保由乱及治-本报记者 张晓赫 北京报道 近日，据一些商业银行地方支行的信息透露，审计署驻地方特派办已经进驻一些大型商业银行分支机构，开始调查4万亿元政策配套项目贷款的资金流向。其中的一个重点工作就是审计一些地方政府担保的“高杠杆”土地融资是否存在违规投放。这已经是银监会信贷摸底后的再次行动。在今年上半年地方政府担保融资异军突起的背景下，如此强力度的排查，已经将监管层的风险担忧心态表露无疑。“不排除一些地方政府担保的项目过分透支政府信用，而缺乏有效的保障，一旦市场状况逆转，就会带来财务风险。”中国银行总行公司业务部人士表示。今年上半年的政府信用担保只是巨大担保融资的冰山一角，对于许多“无依无靠”的房企来说，更多地选择了集团内部连保以及企业间互保的方式。根据WIND中报数据分析，今年上半年，上市公司作为担保方的担保总额占到上市公司总利润的22.1%，为近3年来的最高水平，其中的担保大户不乏中关村、中航地产、深天健等房企。“担保融资一向被视作银行风险防控的潜在威胁，从监管层对地方政府担保融资质量的排查推断，企业间的担保也将会逐步引起重视。”上述中国银行人士表示。担保成风今年下半年以来，无论是规模上、还是频率上，上市房企的担保融资都出现了集中式的爆发。仅在8月末后的一个月内，就有数十家上市房企公布了担保融资方案。从泛海建设、中华企业分别为旗下控股公司担保融资3亿元、4亿元，到华远地产(企业专区,旗下楼盘)大股东为上市公司提供16亿元融资担保，再到新湖中宝与美都控股表示双方将在1亿元额度内实现互保，各房企或上市公司为旗下控股、子公司提供担保；或母公司、大股东为上市公司担保；又或企业间互保。这还不够，上实发展(企业专区,旗下楼盘)、金地、华业地产(企业专区,旗下楼盘)、深深房等也加入到了此番担保融资的大军中。而随着部分房企今年下半年融资计划的披露，更多的担保融资计划浮出水面。金融街在公布的不超过195亿元的新增贷款计划中，有相当部分的融资将通过担保形式完成。“可以通过其他公司担保，也可以通过控股公司担保。”金融街在贷款计划中表述。“只要是已经公告出来的具体项目或者公司担保，肯定就是已经借到钱了。”上海一家上市房企的高管透露。从创3年新高到继续攀升，担保融资为何如此强势？ 银行信贷回落、地产放贷流程趋于严格与房企加大投资，是各房企选择担保融资的最根本原因。本报记者了解，上半年的信贷井喷，已经使信贷大户建设银行、工商银行等银行的年度放贷额度所剩无几。与此同时，银监会对银行资本充足率的重新严格要求，也使得银行手中的钱袋再次收紧。资本金比例下调而导致房企融资杠杆加大，也在一定程度上对银行的信贷风险防控提出了更高的要求。在银监会的授意下，各银行都加强了放贷的全流程监管。一面是银行信贷收缩，另一面却是房企愈发高涨的投资行情。交通银行首席经济学家连平表示，房地产在经历了2008年的行业投资萎缩后，2009年正在经历着又创新高的一轮投资需求。“下半年房地产行业的投资会继续扩大。”中报显示，包括招保万金四大龙头在内的众多房企都纷纷调高了今年下半年的项目开竣工面积以及土地储备目标。在银行信贷收缩而房企投资加大的背景下，各房企很快发现了担保融资的优点所在。上述中国银行人士也表示，放贷机构在融资项目的审核中，存在着很大的信息不对称问题，在遇到不熟悉的、难以预见未来风险的项目时，除了抵押之外，就会要求相关企业进行担保。“尽管企业的声誉很好，但银行对于企业各地的项目公司却不一定熟悉，只有采取连带责任担保，联合上市公司或者母公司的力量才能突破这个瓶颈。”上实发展某办公室人士表示。其实，集团为项目担保除了能提供“稳足快”的资金之外，还意味着融资成本的降低。“有些大房企与银行有战略协议，其中就包含放贷额度、利率上的优惠等。集团进行担保，也是为了能帮助项目公司获得低成本的融资。”上述中国银行人士表示。除此之外，与抵押贷款不同，担保融资的灵活性也是受各房企青睐的原因。“抵押贷款通常都只是用来做项目开发，而担保贷款很多时候都是不规定用途的流动资金补充，这就给了房企较大的资金使用空间。”能通时代投资管理有限公司总经理陈霞说。可以例证的是，在上实发展、华远地产等房企的担保借款中，相当部分的融资去向都选择了补充流动资金。防控当头然而，越来越多的担保融资已经引起了部分人士对投资泡沫增长以及信贷风险扩散的担忧。在部分业内人士看来，房地产行业过多的担保融资不但是推高房价，助长投资泡沫的元凶之一，同时也给银行与上市公司埋下了巨大的财务风险隐患。中央财经大学银行业研究中心主任郭田勇表示，近期的国企地王频现，与国企为其房地产公司提供银行信贷的担保不无关联。“由于大量担保资金而带来的拿地‘豪迈’，不但误导市场对未来房价的预期，更使还未调整到位的中国房地产市场雪上加霜。这在投资需求旺盛的当下，极易推涨投资泡沫。”与此同时，在这种可预想的投资泡沫风险下，银行风险也被提及。尽管本报记者接触的多位银行人士表示，银行不会因为担保而放宽对融资项目的放贷条件、额度以及利率优惠，但在上述中国银行人士看来，此中风险仍是不可忽视。“由于担保融资的项目多是银行不太了解、抵押物不足或者资金回流不够理想的项目，尽管有连带责任担保，但对于银行来说，风险仍是大于抵押贷款。此外，还不排除一些企业利用信息不对称，通过担保，对一些未达信贷标准的项目进行‘空手套白狼’的暗箱操作。”上述中国银行人士不无担心地说。他表示，国内《担保法》出台后运作的时间并不长，现行制度仍然不完善，一旦监管不力，或者将来房地产市场行情逆转，银行则很容易产生坏账。而对于房企来说，担保融资“水能载舟，亦能覆舟”。在市场看来，尽管担保融资减轻了融资压力，但这样却极易形成链条反应，放大房企的财务风险，同时也容易陷入担保纠纷之中。这种风险并非空穴来风。在中关村的发展史上，曾经60亿元的巨额担保一直是其扭亏的巨大障碍。直至今年年中，公司本部累计对外逾期担保金额仍高达3.24亿元。其中对联营、参股公司的逾期担保金额为2.7亿元，控股子公司累计逾期对外担保金额为496.31万元。2007年，高新发展也曾因对外担保问题爆发，使公司的经营陷入了资金匮乏的不利局面，计提了587.76万元的预计负债。点击进入本刊更多内容：（中国房地产报）订阅热线：800-810-0909我要评论",4,1,0.9159634709358215
国土部：上海耕地面积明显减少第二次全国土地调查开始抽查面积变动较大地区早报讯 国务院第二次全国土地调查领导小组办公室将派出10个抽查组，分赴耕地、建设用地面积变化较为明显的10个省区市，对第二次全国土地调查成果进行国家级抽查核实。据介绍，抽查核实自9月21日至28日，分别负责抽查河北、山西、内蒙古、辽宁、上海、江苏、安徽、河南、湖北、广东等10省区市。记者在国土资源部《第二次全国土地调查成果国家级抽查核实工作方案》中看到，上海属于耕地面积明显减少的地区。国土资源部副部长王世元昨日下午在北京举行的“第二次全国土地调查成果国家级抽查核实工作动员会”上指出，这次抽查核实工作是确保二次调查数据真实准确的重要举措。据介绍，本次抽查核实重点对二次调查中耕地、建设用地面积变化明显的地区，开展内、外业调查成果质量检查，评判调查质量。现场检查部分地区耕地、建设用地面积明显增减的真实性，分析原因。发现一批弄虚作假、虚报瞒报以及质量存在重大缺陷的典型案例，为决战年成果质量打假提供依据。全国第二次土地调查，是国务院部署的重大调查，2007年7月1日开始，将于2009年底前完成。2010年1月1日起，各级建设用地报批、土地整理复垦开发项目立项等工作，必须以第二次土地调查结果及政策为依据。 我要评论,4,7,0.6908642649650574
第二次全国土地调查抽查核实工作启动中新网北京九月二十一日电(记者 阮煜琳)国务院第二次全国土地调查领导小组办公室将派出10个抽查组，分赴耕地、建设用地面积变化较为明显的10个省区市，对第二次全国土地调查成果进行国家级抽查核实。据介绍，抽查核实自9月21日至28日，由全国土地调查办统一组织，共分10个组，分别负责抽查河北、山西、内蒙古、辽宁、上海、江苏、安徽、河南、湖北、广东等10省区市。国土资源部副部长王世元21日下午在北京举行的“第二次全国土地调查成果国家级抽查核实工作动员会”上指出，这次抽查核实工作是确保二次调查数据真实准确的重要举措。这次抽查核实工作，要对照全国统一的规程规范，实地检查对照，对发现的问题进行全面整改，对弄虚作假的行为严肃查处。确保二次调查数据成果的真实准确性。王世元强调，各抽查组要严格按照《工作方案》确定的抽查内容和程序方法，对被抽查省份二次调查工作中的突出问题，进行重点检查。切实掌握地方二次调查中耕地和建设用地情况。要挖掘典型案例，重申国家对数据成果质量。据介绍，本次抽查核实重点对二次调查中耕地、建设用地面积变化明显的地区，开展内、外业调查成果质量检查，评判调查质量。现场检查部分地区耕地、建设用地面积明显增减的真实性，分析原因。发现一批弄虚作假、虚报瞒报以及质量存在重大缺陷的典型案例，为决战年成果质量打假提供依据。我要评论,4,7,0.9984063506126404
40位千万富翁赴美抄底购房 或成烫手山芋有中国首个美国抄底购房团之称的赴美购房团，昨天下午1时40分由首都机场启程赴美。这个团有近40名成员，大部分为专业人士、身家全部超过千万元。他们将于当地时间25日正式开始在洛杉矶、拉斯维加斯、旧金山、波士顿、纽约5个城市共11天的看房活动。 千万身家富豪团第一批赴美购房团总共由40名团员组成，是在400余名报名者中精心挑选出来的。相关人士告诉记者，这批团员来自全国各地，团员分别来自山东、江苏、大连、杭州、深圳、北京、重庆、上海等地，尤以北京、上海两地人数最多，其中上海地区占了5个名额。新闻稿称，从报名者填写的资料来看，大部分报名者身家在1000万元级别。年龄主要集中在35-50岁之间，大部分是房地产、商业服务、商业零售企业、跨国公司的高管，其中三分之二的人购房目的是为投资或自住。首批成员的主要目的是希望了解市场的行情，熟悉当地的流程和法律规范等，会选择一些下降幅度较大、有升值前景的住宅购买，暂无考虑其他类型非住宅物业的意向。多数人员为专业人士莫天全称，这批抄底团大部分都有专业背景，在主办方提到的名单中，多数人员工作单位出自某某置业有限公司、某某投资管理公司等，考察低谷期的美国楼市成为其为中国业务吸取经验的一大手段。另外，在第一批共40名团员中，约有1/4的人本身就持有美国绿卡或美国的商务护照。据介绍，购房团中约有1/3的成员是为了孩子读书而购买较低价格的房产，就近陪读。弹：小心买回烫手山芋深圳综合开发院旅游和地产研究中心主任宋丁：目前美国经济萧条而且并没有走出低迷的趋势，如果在经济下行的过程中投资房地产，其实风险很大，因为美国现在的经济还未跌入谷底，很难预计投资的房产将来是否会继续下跌，所以投资需要谨慎。美国公寓管理费很高，一套普通的二居室公寓，每月的管理费用约在500~1000美元，同时维护成本也是不容忽视的。在美国买房不贵，但是每年的房产税可不低，目前各州房产税率不一，一般按照估价总值的1%~6%进行征收。如果了解得不清楚，很可能买了之后如同“烫手山芋”。 我要评论,4,5,0.5192295908927917
改变购房方式 质押贷款增加首付二套房贷再次收紧，让近期有购房计划的市民措手不及。房产专家和银行理财师，向消费者推荐了一些应对招法。 梯度购房，借房融资巧过渡。买新卖旧的梯度购房者在一段时间内需要承担两套房贷，而当旧房出手后，旧房的房贷负担就能完全解除。但现在，考虑到可能会遭遇二套房贷的高首付、高利率，很多人不敢轻易购房。对此专家建议，这部分购房者可以向亲友借房融资，即用亲友的房产作为抵押，向银行办理房产抵押消费贷款用来购买新房。等旧房卖掉后，购房者再偿还这笔短期贷款，支付很少的短期利息即可。 改变购房方式，质押贷款增首付。二套房贷收紧后，首付款必须达到4成以上，对购房者来说，需筹更多的钱。专家建议，购房者可用未到期的定期存单、长期国债等办理质押贷款，也可向亲友借质押物，这样既能筹到款，亲友又不会因为提前支取存单、保单而损失利息。最好能不办理商业贷款，仅用公积金贷款，这样就不用承担二套房贷的高利率了。 我要评论,4,1,0.8766307234764099
方太&米博鼎级旗舰店入驻杭州大厦(图)2009年9月25日，作为国内厨房电器和热水器鼎级品牌，方太&米博旗舰店将在杭州大厦隆重开业。作为方太&米博专卖店在杭州的高端展厅之一，此次杭州大厦旗舰店采用了现代化的设计风格，宽敞明亮、布局错落的展厅不但充分体现出方太、米博品牌的高端，更标志着方太集团高端渠道布局的开始。“杭州是我们的重点市场之一。这不仅因为杭州在米博市场规划的战略版图中具有举足轻重的位置，更为重要的是随着杭州的不断发展，业已展现出极大的市场潜力。”方太集团杭州分公司总经理表示，“旗舰店的落成，不仅表明我们对该市场的重视，也希望能够带给消费者能够与产品定位匹配的高端消费环境。”近年来，随着杭州城市综合能力的进一步提升，人们开始越来越关注自身的生活品质， 以高端、专业为品牌核心的方太、米博，正好契合消费者不断提升的产品需求。而以“生活?购物?享受”为时尚经营理念、拥有顶级卓越的品牌阵容的杭州大厦，在本地商界素有“旗舰店”之誉，与方太&米博旗舰店的理念和定位不谋而合。这也是此次旗舰店选择入驻杭州大厦的原因之一。据介绍，此次开业的方太&米博旗舰店主体采用灰、白、深咖啡色三种色调，点缀明亮的橙黄色，优雅、高端、端庄的同时，又不失活泼灵动。店面巧妙分隔为方太区和米博区。由于采用了统一的设计风格，两者之间既有区分，又浑然一体，不仅近距离带给消费者优雅、舒适的体验环境，更展现出当前时尚潮流的厨卫设计和领先科技。 “方太和米博都是为高端人士打造的专业品牌，旗舰店让消费者在同一空间内感受从厨房到卫浴的全方位高端选择和享受。” 杭州分公司总经理表示。作为方太集团的高端品牌，方太面向嵌入式厨房电器领域，7月份刚刚上市的米博则是专业化的高端热水器品牌，致力于为消费者提供家庭热水系统解决方案，两者的强强联合可谓相得益彰。值得一提的是，此次旗舰店的盛大开业，表明了方太集团对高端渠道建设的重视。此前在米博发布会上，方太集团总裁茅忠群曾表示，在保证卓越的产品品质的基础上，米博将以极大的魄力放弃代表相当数量的销量和利润的传统销售渠道——连锁家电卖场，而只在专卖店和高档百货商场里面销售。而本次方太&米博旗舰店入驻杭州大厦，从某种程度上证明了方太集团的高端路线。“旗舰店的开业表明了方太集团的态度。”业内人士评价，“方太集团希望借助高端旗舰店的形式来展现品牌的定位，并打开杭州的高端市场。”而行业专家则认为，这可能是方太集团系列举措的开端。“国内一向认为厨房电器或者热水器，仅仅是家用电器而已，方太&米博旗舰店可能会改变这种看法。方太集团也许会藉此将新的产品态度和生活方式引入杭州厨卫市场，并进而向消费者介绍方太&米博系列产品。” 我要评论,4,3,0.9668847322463989
方太O-Touch光影六系惊艳亮相方太&米博旗舰店就在人们翘首以盼新装iPod Touch之前，Touch风潮已然率先涌动于厨电领域。2009年9月25日，国内厨卫顶级品牌方太&米博旗舰店将在杭州大厦隆重开业，届时，设计感强烈、时尚十足的方太O-Touch光影六系也将与消费者正式见面，引爆厨电行业的Touch热情。据悉，“O-Touch光影6系”是由方太与美国设计界权威IDEO公司共同担纲研发，包括吸油烟机、燃气灶、消毒柜、微波炉、烤箱等成套化嵌入式厨电。外观上，皆采用橙色光圈点缀深咖啡色玻璃镜面，风格极简，流光溢彩；设计上，人机对话的智能模式已然极致——一切按钮，都在隐匿式的设计理念下退居幕后，手指飞扬，即刻开启厨房各项功能，宛若置身未来。而在主设计师的眼中，“O-Touch光影6系”却并非耀世的资本，而更似人缘颇佳的伴侣，她简约、优雅、贴心、懂得，她让厨房从此不再冰冷，她让烹饪从此充满生趣：菜谱可预先存储，自行烹饪；Easy Clean Door设计，让烤箱清洁不再困扰；餐具到达消毒临界点时，消毒柜自动感应，循环杀菌……不一而足。更为难能可贵的是，方太首次将嵌入式蒸箱引入中国，在进一步完善厨房功能的同时，对健康烹饪提出更高的要求。业内人士预测，近年来，随着杭州城市综合能力的进一步提升，人们开始越来越关注自身的生活品质，以高端、专业为品牌核心的方太、米博，正好契合消费者不断提升的产品需求。此次“O-Touch光影6系”的出现将对今后厨房电器的外观与功能产生巨大影响。点触间，仿佛踏入未来时空般；无需按动开关，只需手指轻抚即刻完成下厨；塑造出极净厨房的视觉感官双重体验。相信随着“O-Touch光影6系”的铺陈开来，将有更多的消费者难以抵挡Touch的诱惑。9月25日，在方太&米博鼎级旗舰店入驻杭州大厦之即，O-Touch光影六系即将启动，产品上光触屏已经在闪动昭示：如果身在杭城的你，期待您开业期间您的光临，Just touch。 我要评论,4,3,0.8772203922271729
"香港豪宅遭热捧 350组内地客黄金周赴港扫楼中新网9月27日电 在低息及看好香港经济前景的前提下，内地客持续来港买楼作投资甚至投资移民，豪宅在内地客的热捧下旺上加旺。有见及此，发展商及代理积极部署于国庆黄金周吸纳该批“贵客”，纷纷推出包括小规模块团，以至单对单贴身由内地陪至香港，又或于国庆晚上开放可观赏维港烟花景的示范单位等“奇招”作招徕。据了解，至少有350组的内地客经发展商及代理安排，将于国庆黄金周南下来港搜购物业。据香港《文汇报》报道，近期热卖豪宅新盘何文田富甲半山，发展商长实地产投资董事黄思聪指出，将会由地产代理自发安排带内地富豪个别到该盘参观，发展商并会酌量加推单位配合市场需求。恒基地产于9月26至10月7日向选购大角咀亮贤居、星汇居及嘉贤居指定单位买家，送赠半年至两年物业管理费。同时，买家选购2房单位可获赠6800元现金利是，3房单位可获赠10800元现金利是(内地客以人民币支付)。尖沙咀河内道名铸，发展商新世界发展会于10月1日晚上开放现楼示范单位，并会有美食招待200名贵宾及约100名地产代理欣赏维港国庆烟花表演，以增强促销效果。信和置业于火炭站上盖物业御龙山亦会与美联移民顾问合作，于10月4日安排30至40名来自广东省的投资移民客来港买楼，当中主要为广东省的企业客、厂家等。信和置业营业及市场部总经理刘贵玉指出，近期已接获20至30组内地客查询。她又指，凡经美联移民顾问购入御龙山的买家，有机会获得6万元的移民顾问费回赠。于内地27个省市拥有600间分行及雇用16,000名地产代理的中原中国亦不甘后人，中原地产董事总经理陈永杰透露，趁今次十一黄金周长假期，中原会以1对1的贵宾接待方式，由中原中国内地代理陪同约200组内地豪客到富甲半山、名铸、九龙站及港岛区二手豪宅参观。机票及酒店住宿费用由贵宾自付，中原中国则会派地产代理由内地以单对单贴身服务形式，陪同贵宾来港参观豪宅。香港置业九龙区营业董事姚伟南则称，港置会组织50至100名计划投资600万至1,000万元物业的内地中产阶级来港进行投资移民，主要参观东南九龙新盘如豪门、誉.港湾及嘉贤居等中价物业。     相关新闻：    京沪买家驱车入穗抢豪宅 开发商不再打优惠战    黄金购房季之北京10大城市豪宅(图)    黄金购房季 十一黄金周城八区在售豪宅(图)    京城豪宅持续热销我要评论",4,7,0.9676841497421265
黄金购房季之金秋家居打折大盘点之东鹏项目名称：东鹏优惠活动：瓷砖：全场55折、仿古砖66折 + 全款优惠洁具：全场55折，购买二项再打96折、三项94折、四项9折+全款优惠 签单并交全款，成交价基础上再打9.8折。金果套餐3888元，套餐含：墙砖15?+地砖3?+座便器+龙头+花洒+浴室柜+镜子备注：套餐不含配件费、花片、腰线。套餐配件费为120元。3888元套餐活动期间交全款有效。“金玉纳福”套餐(金碧辉煌、纳福娜系列产品套餐)购“金玉纳福”系列产品不低于15平米，再购一款墙砖(仿古砖、瓷片，不低于15平米)，瓷片部分95折，再购一款瓷片(不低于15平米)，瓷片部分整单9折。37年陶瓷产业成就，国庆献礼特供！东鹏玻化砖经典——【金碧辉煌】、【珊瑚玉】、【纳福娜】东鹏[晶花技术]代表作——金碧辉煌802923，欢庆价：138/?。东鹏[冰透粒子技术]代表作——珊瑚玉802010，欢庆价：118元/?东鹏[岩涌技术]代表作——纳福娜803001/803011，欢庆价：238元/?活动时间：9月26日至10月11日项目名称：杜菲尼优惠活动：    1，进店有礼，来者即送2，限量抢购3，超值套餐4，全场6.8折活动时间：10月1日至10月8日我要评论,4,3,0.978536069393158
黄金购房季之金秋家居打折大盘点之曲美项目名称：曲美优惠活动：活动一：汉斯经典“纪念版”家具套餐低至5.8折！折后满10000再送800。 活动二：全场正价商品，尊享超值折扣优惠！不仅如此，折后购物满10000再送800！此外，网络商城“维格尚品”系列家具，全国统一官网直购，挑战板式家具极限低价，为您至少节省30%！活动时间：10月1日至10月8日项目名称：生活家. 巴洛克优惠活动：超低价格：此次北京生活家地板推出全场超低优惠并推出共40款特价产品，包括巴洛克仿古系列、实木复合标准版系列、洛可可强化系列；最低79元起；10多款巴洛克仿古地板原价373至410元，十一特惠价210元至270元不等。让京城百姓享受真正的惠礼！惊喜豪礼：凡活动期在我公司购买巴洛克系列地板，在享受相应折扣的同时，还可获取价值200元巴洛克代金券一张。订单送礼：每位消费者凭订单领取大礼一份！单单有礼，机会不容错过！进店有礼：活动期间进店咨询选购的顾客，即可获赠精美礼品一份，赠完为止。活动时间：10月1日—10月8日项目名称：十里河优惠活动：曾经买过，一定送：为了答谢客户队十里河的灯饰成九年来的关爱，如果您曾经买过十里河灯饰城的灯具，凭据购物发票即可在十里河的兑换一件礼品。礼品1000件送完为止。礼包2：现在来买，立刻送：从9月26日起至10月8日，凡在十里河灯饰购买灯具超过 300元可获得一次抽奖机会。中奖率100%。大奖：液晶电视机一台。礼包3：品牌灯饰，特价送：二楼品牌灯饰十一期间打折让利，回馈顾客。精品灯饰价格全市最低。礼包4：即使不买，还能送：即使不买十里河灯饰城灯具，但是您光临十里河灯饰城，留下姓名和电话号码，10月1日---10月8日每天活动结束时，我们现场将抽出10名幸运奖(累计共80名)。活动时间：9月26日至10月8日项目名称：太阳花优惠活动：进店有理赠品一：凡购买太阳花散热器2000元以下任何产品，即送洁丽雅情侣毛巾一盒(二条)。 赠品二：凡购买太阳花散热器产品价值2000元-2999元，即送洁丽雅浴巾一条。 赠品三：凡购买太阳花散热器产品价值3000元-4999元，即送浴巾一条+情侣毛巾一盒(两条)。 赠品四：凡购买太阳花散热器产品价值5000元以上，即送精美活性碳雕一个。活动时间：10月1日至10月3日我要评论,4,3,0.9299059510231018
"黄金购房季之金秋家居打折大盘点之法恩莎项目名称：法恩莎优惠活动：惊喜一 法恩莎卫浴活动当天将推出最低团购折扣，保证同期最低！惊喜二 数十款十一特供单品任你选择, 法恩莎马桶399元！惊喜三 多款套餐抄底价，适合你不同的风格需求，满足您装修省钱的欲望！惊喜四 活动当天推出超值自由组合套餐, 马桶、浴室柜、龙头你的喜欢你做主！惊喜五 法恩莎智能马桶、VIVI智能马桶全线让利, 更有超低特价等你拿！惊喜六 十一市场的促销款式，活动当天再享更大让利优惠！ 惊喜七 更多特供价和优惠还在申请中，神秘优惠价格将当天揭晓！(注：神秘特价根据网友反映的最低价格制定)赠送一：买专供地拖盆送价值468元龙头一个赠送二： 买法恩莎卫浴专供套餐加8元送高档浴室镜赠送三： 买法恩莎高档实木浴室柜加1888元赠送价值14086元的法恩莎智能马桶，或加666元赠送价值2257元的法恩莎喷射虹吸式连体马桶活动时间：10月3日项目名称：古沙优惠活动：买古沙套餐,送:价值300元 3D杜邦抱枕一个.送价值1380元棕绵加厚床笠一个,送价值2980床外套一件活动时间：9月25日至10月8日项目名称：弘高优惠活动：现场领取折扣券,凭券满1000减200,满2000,减400.以此类推.自营家具2折起活动时间：10月1日至10月8日项目名称：金意陶优惠活动：1,全场买2000返1000元现金(所有配件、特价产品、买一?赠一?产品不参加)2,厂家直供，国庆特享产品买一?赠一?.3,15款精品超低价抢购活动时间：9月26日至10月11日我要评论",4,3,0.9500049352645874
"黄金购房季之金秋家居打折大盘点之爱依瑞斯项目名称：爱依瑞斯优惠活动：项目名称：班尔奇优惠活动：一、柜体部分1.大亚板柜体全场7折；2.实木柜8.5折；2.KI007，18mm板原价300元/平米现特价178元/平米二、移门部分1.推拉门、隔断门全场7折；2.欧式门8.5折；备注：1、本次活动与店内活动只能二选一；2、五金件、抽屉类不打折；活动时间：10月1日至10月8日项目名称：城外诚优惠活动：首重礼：城外诚购物特惠册，优惠总额达85万元,二重礼：500辆环保电动车寻主人，大奖天天送,三重礼：在城外诚买欧美家具，只需一半钱(5折起)活动时间：9月26日至10月8日项目名称：东方百盛优惠活动：活动一：全场7.9折活动二：满5000元，加100元送阿尔卑斯床垫一张(原价：1200元)9 C3 o7 x+ w- x活动三：凡购满10000元，加200元送夏威夷床垫一张(原价：2800元)次活动不与商场活动同时享受。活动时间：10月1日至10月8日我要评论",4,3,0.9585870504379272
黄金购房季之金秋家居打折大盘点之现代冠军项目名称：现代冠军优惠活动：卫浴钻石6平米套餐原价5304元 现省 1315元 优惠价3989元扣板：300*600碧海银波*16 300*300纳米闪银*27300*300酒红*4电器：照明灯2台 换气扇1台 风暖1台 金色射灯4台辅料：边角哑光钛银边角 5支 赠送实际使用的全部龙骨卫浴铂金6平米套餐原价4096元 现省1075元 优惠价3021元扣板：300*300经典白*56片 300*300西斯廷圣花红*8片电器 照片1台 风暖换气照明浴霸4合1电器 1台辅料：经典白哑光滚涂边角*5支赠送实际使用的全部龙骨卫浴黄金6平米套餐原价：2266元 现省577元 优惠价1709元扣板：300*300葛兰特/卡莱士*52片电器：照明灯1台 灯暖换气1台辅料：经典白哑光滚涂边角*5支赠送实际使用的全部龙骨厨房金牌套餐6平米原价：2596元 现省719元 优惠价1877元扣板：300*300似水流年*16片 300*300经典白*33片 300*600经典白*5片 150*600斑马王子*6片电器：照明灯2台辅料：经典白哑光滚涂边角*5支赠送实际使用的全部龙骨厨房银牌套餐6平米原价：1736元 现省461元 优惠价1275元扣板：150F纳米系列条板(颜色纳米浅红拉丝、经典白)电器：照明灯*2台辅料：经典白哑光滚涂边角*4支赠送实际使用的全部龙骨买赠活动：整单金额(包含扣板、电器)买够不同金额即送多种电器；满2000元送价值800元灯暖换气电器1台满4000元送价值1378元灯暖换气照明浴霸四合一电器1台满6000元送价值2338元五合一顶级电器(即空军1号)满8000元以上，送价值2338元五合一顶级电器(即空军1号)，6000元以上部分直打85折或者可2000元一档赠送以上等条款所指定电器。单品特价优惠：特价单品：150珍珠白 150闪银光 300*300珍珠白 300*300闪银光 均特价优惠68元/平米(含龙骨，边角安装费另计)活动时间：10月1日至10月8日 我要评论,4,3,0.9434713125228882
"黄金购房季之金秋家居打折大盘点之百安居项目名称：百安居优惠活动：瓷砖:10送4,指定品牌88折. 地板:实木复合和强化地板10送2起.卫浴:A.S零售：美标全场满500送50，满2000送260全场抵用券。(特价商品参加)DC:满1000送120满2000送300(8/14促销延期执行，特价商品参加)(与零售不重复).Kohler零售+DC：3000元送300元全场抵用券,装饰:门:满1000直降150元,加送安装;窗:满1000直降100,2000直降300,加送安装吊顶:满1000直降100,加送龙骨送安装.水槽:水槽折扣+link净水(20%):水槽先折扣满1000送400元净水器抵用券,买净水器满1000元用200元.厨房热水器:厨房电器Link橱柜(12.5%):买厨房电器满2000送1000元橱柜抵用券(9.30-10.08),买橱柜满3000元用500元(9.30-10.25);涂料:油漆指定品牌系列买100送40(20元全场券20元软装券) 软装券：窗帘、百页、花灯、墙纸满100用20。活动时间：9月11日至9月30日项目名称：爱格优惠活动：店面全场特价8.N折,小区渠道特推出部分特价商品供大家抢购！,互动抽奖：1、店面抽奖活动：一等奖：美的吸尘器一台二等奖：乐扣大礼包一件三等奖：亚都加湿器一台纪念奖：爱格啤酒一箱2、“畅游爱格德国工厂”活动：单一订单(同一地址)超过15000元或购爱格地板加飞美家具超过15000元的客户，可以参加“买地板，体验爱格欧洲绿色之旅”活动。现场须签订参加“体验爱格欧洲绿色之旅”抽奖活动确认函，双方各持一半。10月25日由我公司组织活动，将购买爱格地板及飞美家具的客户通知到场后，将手中确认函投入奖箱，由组织人员现场抽取。没有到场的将取消参加抽奖资格。活动时间：10月1日-10月18日我要评论",4,3,0.8904410004615784
"黄金购房季之金秋家居打折大盘点之马可波罗项目名称：马可波罗优惠活动：1.国庆专供 一降到底 活动期间，马可波罗瓷砖18款厂家国庆专供品，直降到底。7.8元/片起2.华诞特惠 惠通天下 活动期间，马可波罗瓷砖8款国庆特惠品，惠有惊喜。17.64元/片起3.钜惠力献 满100元减51元 活动期间，马可波罗瓷砖瓷片、抛光砖、腰线、花片、小地砖产品(即底价是标价6.5折的产品)满100元直减51元货款(专供品、特惠品不参加此项活动)。4.同庆有礼 满3000元即可享受 活动期间，购买1295、e石代产品满3000元后再购1295、e石代产即可享受8折优惠(雕刻砖，壁饰产品除外)；备注：1. 订单最晚送货日期为2009年12月31日，过期订单恢复原价。2. 订单收取订金最低为30%，促销备案截止10月9日中午12：00；3. 促销订单退补货比率为订单金额的10%，超出部分按即时价补货；4. 闽龙市场马可波罗店面可单独享受购买1295、e石代产品满3000元后再购1295、e石代产即可享受8折优惠(雕刻砖，壁饰产品除外)后满6000元可赠送客户12片CZ6822香槟石活动时间：9月26日至10月8日    项目名称：依诺维绅优惠活动：活动1:BOHEMIAN系列全场75折.活动2:BEBEL系列,指定产品特价活动时间：9月26日至10月19日我要评论",4,3,0.954832136631012
108枚新型导弹将亮相国庆阅兵本报北京9月27日电(记者朱思雄、廖文根)第二炮兵副司令员、阅兵联合指挥部副总指挥于际训中将近日透露，“新中国成立60周年国庆首都阅兵，第二炮兵参阅的5个导弹装备方队由6支导弹劲旅组成，108枚参阅导弹全部是最新型号。”第二炮兵导弹装备方队是第三次在国庆首都阅兵中“亮相”。第一次是1984年国庆35周年阅兵，只有一个装备方队12枚导弹参阅；第二次是1999年国庆50周年阅兵，共有4个装备方队36枚导弹参阅。于际训介绍，第二炮兵今年参加国庆首都阅兵的人员数量之多、装备种类之全、方队规模之大，都是空前的，精良的武器装备将集中展示我军战略威慑核心力量和中远程精确打击力量建设的新发展和新成就。与前两次国庆阅兵相比，武器装备阵容凸现了五大变化——导弹家族更大。此次阅兵呈现在世人面前的导弹武器装备，全部为首次亮相的新型主战武器。其中包括两种不同射程的地地常规导弹，一种常规陆基巡航导弹，一种核常兼备的地地中远程导弹，一种洲际战略核导弹，标志着中国战略导弹武器已由单一型号发展为近程、中程、远程和洲际导弹并存的导弹大家族。导弹身材更小。此次阅兵所展示的5种型号导弹，无论常规导弹还是核导弹，全部采用固体燃料，体现了体积小、本领大的明显特征。导弹威力更强。此次受阅的新型导弹武器，真正实现了隐蔽实施作战准备、突然发起火力突击、快速实施波次转换。导弹精度更高。首次亮相的陆基巡航导弹，能够多发连射、低空飞行、隐蔽突防、精确制导，是实施中远程精确打击的一把利剑。导弹机动更快。此次阅兵亮相的所有导弹装备，全部采用车载发射方式，拉起来就可以跑，到达预定地点后，竖起架子就可以打。在此次国庆首都阅兵中，第二炮兵除展示5支装备方队外，还首次组成学员方队。这个方队由第二炮兵工程学院、第二炮兵指挥学院和第二炮兵士官学校3所院校联合编成。 我要评论,4,7,0.9994626641273499
台北近七成房价突破去年高点 带动台北县房价中新网9月29日电 台湾永庆房仲集团统计，7到8月台北市12个区及台北县6大主要区平均成交单价与去年第二季房市高点相较，已有2/3的区突破去年房市高点，1/3区衰退幅度在10%以内。据“中央社”报道，根据成交数据显示，台北市12个区中，7到8月各区平均成交价格，有2/3的区房价突破去年第二季房市高点。其中松山、大同、万华、中正、大安等5大都更潜力地区，近期受都更题材热度攀升影响，房价与去年高点相较涨幅均已逾4%以上，房市复苏速度最快；且松山、大同、万华等3个行政区，房价与去年高点相较，涨幅分别达18.3%、14.3%及8.8%，表现最为亮眼。永庆房屋研展部协理黄增福表示，近期都市更新议题火热，台北市中心老公寓身价多数已涨翻天，以台北市都市更新处统计资料可知，目前中正、万华、大同是当局积极推动的都市更新区块，台北市府划定都市更新件数达74件，占台北市总划定件数的37.5%，属于相当具有都更潜力的区段。另外，目前不少建商转往都更市场发展，一些高房价区段，如大安、中正、信义区等，民间自办都更申请案件也日益增多，配合近期标售地不断创高价，吸引不少民众购买公寓产品长期投资，带动地区房价向上攀升。除台北市各区房市复苏快外，根据永庆房仲集团成交数据显示，北县6大主要区，7到8月各区平均成交价格，同样有2/3的区房价回复或突破去年第二季房市高点，其中永和、新庄、板桥平均单价较去年高点涨幅更达4%以上。黄增福表示，台北县升格效益对于台北县房价有明显带动效果，其中属于台北市近郊的中永和，原本就是外来人口群聚的区域，更有捷运环状线兴建规划，未来交通可望更加便捷，在台北市房价逐年高涨下，吸引不少人潮移入购屋。 我要评论,4,7,0.9584655165672302
中轴线规划的宫室建筑到目前为止，我们已探明二里头遗址宫殿区内存在着数十座大中型夯土建筑基址。其中，在晚期宫城内已确认了两组大型建筑基址群，它们分别以1号、2号大型宫殿基址为核心纵向分布，都有明确的中轴线。这里，我们不妨把它们称为西路建筑群和东路建筑群。坐落于宫城西南部的1号宫殿基址，与位于其南大门正前方的7号建筑(可能为宫城正门门塾)，共享同一中轴线，构成宫城西路建筑群。坐落于宫城东部的2号宫殿基址，与位于其南大门正前方的4号基址，以及增筑于二里头文化末期、位于其北的6号基址，构成宫城东路建筑群。这两组南北有序排列的宫殿建筑群的绵延长度都近200米。这是迄今所知中国最早的中轴线规划的大型宫室建筑群。《吕氏春秋·慎势篇》中有古代国家“择天下之中而立国，择国之中而立宫，择宫之中而立庙”的说法。看来，这一理念，伴随着最早的“中国”王朝的崛起，在二里头时代已经出现。●中庭可容万人的朝堂建筑在已发掘的10座大中型建筑中，1号宫殿基址是面积最大的一座。它是宫城西路建筑群的核心建筑，使用时间基本和宫城相始终，也是二里头文化晚期。这是一座建立于大型夯土台基之上的复合建筑。建筑由主体殿堂、四围廊庑和围墙、宽阔的庭院和正门门塾等单元组成，规模宏大，结构复杂，布局谨严，主次分明。如果你对10000平方米这个数据还没有一个形象的概念，那么可以把它和一个足球场的面积比较一下。国际标准足球场地的长度是105米，宽度为68米，总面积才7140平方米！当中国历史上史无前例的、如此大体量的建筑凸现于东亚大陆的地平线上，它的出现背景和象征意义，是可以想见的。1号宫殿基址主体殿堂位于台基北部正中，凸出于台基面之上，东西长36米，南北宽25米，面积900平方米。殿堂坐北朝南，这是中国古代建筑最惯常的格局。它应当出于实际功用和象征意义两方面的原因。这样可以使建筑物最大程度地暴露在北半球明亮、温暖的阳光下。统治者面朝南方接受臣民的觐见，正符合孔子把有道之君比作北极星的政治理念(《论语·为政》：“为政以德，譬如北辰，居其所而众星共(拱)之”)。主殿南距大门约70米，堂前是平整宽阔的庭院，面积约5000平方米左右，可以容纳数千人甚至上万人。从院内向矗立在高高的台基上的主殿望去，想必会生发出一种敬畏的感觉。这样的设计，让人想到萧何为汉高祖刘邦建造未央宫时的思路，其理念是“天子四海为家，非壮丽无以重威，且无令后世有以加也”(《史记·高祖本纪》)。1号宫殿正门在南庑的中部，对应主体殿堂。门址上残存的建筑遗迹有柱础和墙基，纵贯建筑有3条门道，宽约2.5～3米，门道上发现有安门的遗迹。门道外的路面向南倾斜延伸。3条门道将该建筑分为4部分，每部分各应有房间，古代称“塾”，即现在所谓“门房”。宫殿外围是廊庑与围墙。其中北、东、南三面廊庑都有内、外廊，中间以木骨墙相隔，墙内外各有成排的廊柱，形成宽约3米的廊道。西庑则只有内廊而无外廊，廊道宽约6米。廊柱间距均为3米余。四周廊庑都可复原为两面坡的带顶回廊。一般认为，1号宫殿应是统治者进行祭祀活动、发布政令的礼仪性建筑，但究竟属宗庙还是“朝堂”，抑或别的重要建筑，则众说纷纭。用主殿、门塾和廊庑构成一个封闭的四合院，主体殿堂坐北朝南，前临广庭的格局，为此后中国历代宫室建筑所承继，其建筑规制在中国文明史和中国建筑史上都具有划时代的意义。本书主要利用考古发掘与研究成果，辅之以出土与传世文献及相关学科的材料，以二里头遗址为切入点，系统地阐述了东亚历史上最早的广域王权国家即早期“中国”形成的过程。全书既有宏阔的视野，又不乏细致入微的观察。 我要评论,4,3,0.7175823450088501
中国家庭私人财富中40万亿为住房 已成一座大山从“李顺大”到《蜗居》如果我们把小说《李顺大造屋》和电视剧《蜗居》放在一起，也许能粗略地拼凑一个图景：60年来，中国人为了能获得一间房子，付出的努力可以用“艰苦卓绝”来形容。在《李顺大造屋》里，作者为我们描述了土改时，苏南地区房子的情况：“沪宁线两侧，以奔牛为界，民房的格局，截然不同：奔牛以西，八成是土墙草屋；奔牛以东，十有八九是青砖瓦房。”奔牛镇位于常州市，算是苏南地区。自从宋朝以来，素称“鱼米之乡”的苏南地区就是中国最为富庶的区域，不过，一直到土改时，李顺大听到的老话还是“十亩三间，天下难拣”，“真要造得成，你也得吃半辈子苦”。农民造房，当然要便宜很多，估计在1950年代，造个三间大瓦房需要500元左右。为了这500元，李顺大辛辛苦苦，为了省钱，连干饭都不吃，他妹妹为了帮哥哥攒钱，连出嫁都耽搁了。从国家统计局公布的数据来看，1949年，中国农民的人均纯收入仅为44元，这44元并非现金，主要是实物收入(就是把粮食等收成折合钱而得到的数据)。苏南地区应该比全国平均水平好不少，但是，为了攒这笔钱，李顺大家三个成年劳动力奋斗了七八年，才攒够造房子的材料。结果碰到了大跃进，材料被征用了。后来，又经过数年的努力，攒够了钱，却碰到了“文革”，有钱也买不到材料。到了1978年，也就是李顺大的房子已经造成了之后，全国农村地区人均住房面积仅为8.1平方米，其中相当一部分房子还是土坯房；到了2008年，情况有了实质性的改善：人均使用面积32.4平方米，其中砖瓦房和钢筋混凝土结构住房占87.3%。城镇居民的人均住房面积要比农村地区少一些，但是，房子的质量要好不少。按照国家统计局公布的数据，1956年，城镇居民人均居住面积仅4.3平方米，而且，只有少数城镇居民拥有自己的住房。2008年城镇人均使用面积增加到23.0平方米，且自有住房拥有率达87.8%。住房占家庭财富一半根据国家统计局的数据，假设农村地区住房折合现价800元每平方米，则全中国农民住房的总价值为18.66万亿元。假设城镇居民住房的平均价格为2000万每平方米(这大约是2000年全国商品房的平均售价)，则城镇居民住房的总价值为27.14万亿元。这两个数字简单相加，则中国住房的总价值大约为45.8亿元。当然，在城镇居民住房里，大约有12.2%的产权还不在居民手中；另外，全国住房贷款总额大约为3.6万亿元，剔除这两项，属于私人所有的住房的总价大约为40万亿元左右。而2008年中国的GDP才30万亿元。值得说明的是，这是一个偏向保守的估计，因为最近几年，城镇地区的房价上涨得非常厉害，如果按照今年的最新价格估算，城镇住房的价值要翻番；在农村地区，农民建房的成本也在不断上升，因为材料费和人工费都在不断上涨。对于今天大多数的中国人来说，没有任何一项别的财富能超过房子的价值。从人民银行的网站上，我们可以查到，2009年8月，全国居民的存款总数为25.24万亿元。我们知道，沪深两市的总市值现在大约为20万亿，其中大约三分之二为国有股和其他法人股，真正属于居民财富的大约只有三分之一，也就是7万亿元左右。另外一些家庭财富，比如保险、艺术品、黄金等，总额都非常小。当然，除了以上投资品之外，中国人的家庭还有诸如汽车、家电、家具、服装等消费品。综上，中国人的家庭私人财富总额大约为80万亿左右，其中40万亿为住房，25万亿为存款，7万亿为股票，剩下的是一些别的财富。成功的投资，最大的包袱在过去的十来年里，住房的价格发生了巨大的变化。根据国家统计局统计年鉴的数据，1991年时，全国商品房的平均售价仅为756元；仅仅四年后的1995年，就翻了一番，达到1509元；再过十年，到了2005年，又翻一番，达到2937元，2007年的数据则为3645元，今年上半年的均价已经超过了4500元。也就是说，在过去的18年里，房价上涨了近5倍，年均价格上涨超过10%，比同期的GDP增长还要快。这还是全国的平均情况，在诸如北京、上海这样的中心大城市，房价高得惊人，涨幅也更惊人(上海今年竟然出现了单月销售均价超过1.8万元的情况)。难怪《蜗居》的主人公海萍，“攒钱的速度永远赶不上涨价的速度”。快速上涨的房价让房产投资成为过去十年中最容易获得成功的个人投资领域。在过去的十年里，在北京、上海这样的中心城市，房价大约上涨了四五倍(全国商品房的均价在过去的十年里大约上涨了1.5倍)，考虑到按揭的放大作用，10年前在这些地方投资房子的人，现在的收益超过10倍并不稀奇。不过，一些人的蜜糖是另外一些人的毒药。高居不下的房价也成为中国人最大的包袱。在小说《蜗居》里，主人公的家庭年收入超过10万元，但是，为了孩子，为了买房，却过着天天吃光面条的日子。这应该不算过分夸大。房子，已经成为重压在人们身上的一座山。 我要评论,4,1,0.5073426961898804
香港豪宅屡创癫价成交 尺价近7万成亚洲最贵 中新网10月10日电 香港恒基地产今年的一项豪宅项目——西半山干德道天汇，66B复式户盛传以尺价6.98万元易手，涉资3.582亿元，尺价创亚洲分层新高，亦大幅抛离稳坐一哥宝座逾一年的凯旋门逾40%。据香港《大公报》报道，恒地筹备开卖多时的天汇，标榜集团新一代豪宅，昨晚举行贵宾之夜，不少名人及友好慕名到场兼洽购，据市场消息称，屋苑仅提供2伙的复式户，其中细复式66B室面积5131方尺，获买家以尺价6.98万元预留，涉资3.582亿元，倘落实成交，再为本港豪宅历史写下新一页，尺价再缔亚洲分层豪宅新高，以尺价4.1万元稳坐本港豪宅分层一哥宝座逾一年的凯旋门顶层天际独立屋，将要让位。 天汇一副气吞天下之势出击，日前甫取得售楼纸即惹来买家垂青，发展商尚未正式开卖，已接获众多买家主动出价，除上述天价成交外，并盛传有投资者拟动用5亿元扫入5伙分层，每伙平均售价约1亿元，售价再缔全港分层户新高，据悉其中8至12楼低层户已全获认头，尺价最低2.5万元，至晚上已有10多伙获预留。 天汇连续多日传接受预留，昨晚举行贵宾夜前夕，恒地营业部总经理林达民说，天汇未接受任何形式预留，纯粹是众多买家主动出价斟洽，初步有15个单位获买家提出预留，其中60楼以上特色户获买家出价近7万元洽购，但集团未有接受，不过已向代理发出销售委托书，经纪会自行组客。 林达民表示，天汇最快下周一公布售价，紧随翌日或周三开卖。他强调尺价最低消费亦要3万至4万元，分层单位入场费达1亿元，集团向来非常惜售靓盘，天汇初步只售26伙，料值30至40亿元，全数60伙则市值过百亿元。 另一方面，天汇天价出击，为已极度炽热的香港豪宅楼市火上加油，一度缔全港最贵1房户的尖沙咀名铸，乘天汇再掀高潮，借势推10伙特色户，据参考价单位显示，该10伙特色户其中3伙属相连，分别为58C、D及E，面积2384至3092方尺，售价8108万至9800万元，尺价30989至3.2万元；另7伙为63楼A、C至G及J室的复式单位，面积2743至3333方尺，售价9800万至近1.4亿元，尺价3万余至最高4.2万元。(梁颖贤) 我要评论,4,7,0.896706223487854
美国严查海外银行账户 冲击亚裔富二代据台湾《中国时报》报道，美国政府严查境外银行账户，凡有绿卡或公民身份者海外存款超过一万美元，应在10月15日前申报，凡是隐藏海外账户被查获者，美国国税局将予以重罚，甚予以刑事起诉。这项规定冲击到许多亚裔富豪，包括台湾富豪第二代，这些人现在考虑放弃美国公民身份。美国《商业周刊》说，多年来，亚洲富人一直把美国公民身份看成是方便的安全网，不过，成为美国公民有其不利之处，就是有缴税义务，而且不论在国内或海外的收入一律要申报，现在因为美国要清查海外账户，有些富豪为了避税，开始有放弃美国籍的念头。美国国税局早在十多年就有规定，海外存款、证券、共同基金或退休金账户超过一万美元者，均须申报。但这项规定一直未严格执行，直到今年8月瑞银集团(UBS)供出4450个美国富豪逃税名单，海外账户问题再度受到重视。美国国税局特提出一项赦免计划，过去6年有收入但未据实申报者，鼓励在9月23日以前自愿申报，后来因申报人数太多，又延后到10月15日，并郑重表示绝不再延后。凡在10月15日截止前申报海外账户者，须缴纳海外账户过去六年内最高总金额的20%为罚款。隐藏账户被查到者，罚金高达十万美元或账户总值的50%，追查期限超过六年。国税局警告说，逃漏税将不仅面临民事罚金，更可能被刑事起诉，最高判处五年刑期。 我要评论,4,1,0.5271133780479431
艺术品及古物市场未受经济衰退影响RICS 英国皇家特许测量师学会艺术品及古物调查报告 ? 2009年第三季 于昨天公布的英国皇家特许测量师学会(RICS)第三季艺术品及古物调查报告指出低息贷款令资金持续流入艺术品及古物市场引致价格上升。 过去三个月总值平均数由百分之七(7%)倍增至百分之十四(14%)，这表示有更多的测量师认为艺术品及古物价格现正上升。从调查的响应看到大约七成的价格会上升，其中高档市场最为强劲。近代艺术品市场则较为疲弱，报告价格下跌的测量师人数比之前增加。今年第二季度报告显示有百分之二十四(24%)的测量师报告近代艺术品市场价格下跌，该比率于今季度增加至百分之三十四(34%)。过去的几个季度近代艺术品市场价格普遍下降，比起去年年初所见到的升幅有强烈的对比。珠宝和银器这两个传统的稳健市场亦见升幅。超过百分之四十四(44%)的测量师指珠宝价格仍然上升，百分之三十七(37%)认为银器价格亦在上升。 属于高档市场的油画及水彩画市场虽然录得负百分之三(-3%)的?增长，但其走势仍然强劲。多出百分之九(9%)的测量师认为艺术品价格及价值超过五万英镑(£50，000)仍正在上升，多出百分之十四(14%)的测量师认为艺术品在五千(£5，000)至五万英镑(£50，000)的价格亦同样正在上升。RICS发言人Chris Ewbank 指:“艺术品及古物市场并未受经济衰退的影响，由于它成为投资者一个投资避难所的选择，加上低利率及过去五年间的价格下调，吸引了资金的流入。整体市场价格都有上升趋势，除了近代艺术品市场在过去的一年间承受了价格的逆转，原因是大部份艺术品市场的投资者现时倾向较保值和低风险的稳健传统市场。最明显可见的是国际拍卖行在过去一年间的营业额大幅下跌，反而小型的拍卖行却渐见活跃。”我要评论,4,1,0.9885181188583374
"内地买家67.5万每平米购香港全球最贵公寓 一名中国内地富豪日前以4.39亿港元买下香港一栋公寓，创下了世界纪录。报道说，香港恒基兆业地产集团在香港岛半山建设的“干德道39楼盘(又称天汇大楼)”即将竣工，该楼盘68楼A室(6158平方英尺、约572平方米)14日以4.39亿港币售出，折合每平方米约767,000港币。(注：76.7万港币约合67.5万人民币)豪宅可俯瞰维多利亚港据报道，这座公寓位于天汇大楼68楼，可以俯瞰香港维多利亚港海景，大楼还有多项健身设施，其中包括瑜伽教室等。香港《经济日报》15日报道称：“如果去掉公摊面积，只计算实用面积(4671平方英尺)，这套公寓每平方英尺价格为8.8万港元(1平方米=10.764平方英尺)，成为世界上最昂贵的公寓。”为全球最昂贵的公寓此前，世界上最昂贵的公寓是英国伦敦的“One hide park”公寓，其每平方英尺价格达到7.4286万港元。“干德道39楼盘”66楼在前一天(13日)以每平方英尺6.3472万港元，总计3.5773亿港元的价格售出，创下香港最高价纪录，但仅过一天其上层(68楼)就打破了这一纪录。内地富豪助推香港房价报道称，香港楼盘价格暴涨与内地富豪有关。香港《南华早报》报道称，业内推测，最近交易的1000万港元以上高价公寓中，约20%是由内地人购买。据环球时报内地富豪涌入香港买豪宅早在两年前，香港第一富豪李嘉诚旗下的长江实业集团便特地组织内地富豪到香港买楼。富豪们主要来自江浙沪及珠江三角洲，每团约有几十人。其间，一富商买入海名轩第一座高层B室，每平方英尺价逾8000港元。一位市场人士指出，由于内地近年经济起飞，中国富豪到港买豪宅新盘，将成一个趋势。其实，内地有许多富豪早已希望到香港入市，1997年香港楼市高峰期也不放过，何况现在楼价便宜。有消息称，2006年一内地富豪斥资2.3亿港元，购入香港山顶顶级豪宅“创世纪”，令市场哗然。在2006年的《财富》“中国富豪排行榜”前50名当中，大部分富豪便对香港楼市感兴趣。不过，专家指出：“内地前往香港购房的人数毕竟有限，对香港的房产市场产生不了大的影响。”据中国经营报 我要评论",4,1,0.34892138838768005
剩女用五套房当嫁妆征婚(图)一个人在外打拼不容易，而北漂的剩女更不容易，一个女人在外打拼，连对象都不好找。这不，最近网上就有一个北漂剩女开始发帖征婚了，人家的嫁妆还是五套房呢!看她开出的条件，其实并不算很高。奇怪的是，网友都不买账，甚至有网友说:“我光要房不要人行吗?”◎网友发帖5套房当嫁妆，谁能娶我10月13日，论坛上出现了一篇名为《北漂剩女征婚:5套房产作嫁妆，谁能娶我?》的帖子，网友“abch4”说:我今年32岁，河北人，长得一般，有点黑，算是丰满，130多斤。咱是没什么姿色，但是咱不缺票子。北京5套房产就是资本!我主业是做外贸，自己有一个外贸公司。这位网友说，虽然自己身边一直不缺男人 ，但碰到的北京男人、天津男人、上海男人、东北男人等，不是爱吹牛，就是太小气，有的还特别暴力。她只得网上征婚，列出七个条件，说非诚勿扰:1、东北男、北京男、天津男、上海男一律不要，跟以上4个地方有直系或旁系血亲的也不行!2、长得可以不帅，但要干干净净，不能邋里邋遢 ，健美点的更好，纯粹为后代考虑。3、身材高大魁梧 ，178厘米以上，我将近一米六，比例比较合适，女人总是希望有个宽大的肩膀可以依靠。4、年龄30～45岁，事业成不成功不要紧，重点是踏实而且精力旺盛的男人。5、幽默、有情调，对我要温柔，要喜欢女生撒娇，野蛮的都闪边去。6、不能混混，怎么着也得有个5年计划什么的，不是蓝筹股你也得是个绩优股，我可不想花钱买个垃圾股回来。7、有欣赏美的能力，也有看美女的权利，但是在你眼里我才是最美。 ◎网友热议我光要房不要人行吗网友:想男人想疯了吧?tdwl02:先结婚，再制造车祸把她变成植物人，反正她是花钱买婚姻。北京网友:我光要房不要人行吗?人间有真情:这样找到的归宿，也是以房子作为筹码换来的，很难保证以后出现什么状况，真正的爱情不能掺杂太多功利的成分，你这么明目张胆用房子来钓鱼，不知道会是什么结果啊!爱喝白开水:顺其自然，总会遇到好的 ，找不到一个人过也没什么。那么多年不也是这样子过来，单身其实也挺好的。◎记者调查关键看人，房子次要市民夏冬现在算是青漂一族，正在单身中的他，听到这个消息后，觉得这样的事情肯定是网上炒作。“首先，谁有那么多的房产，还放在网上炫耀啊!再说，从照片上看样子，觉得这个女孩也不像她说的那个样子。反正就是感觉不真实，我是不会相信的。”当记者问他假设这个事情是真的话，他说，“虽然我也是打工一族，但是说到婚姻，还是很重要的，我是不会那么儿戏，轻易去选择一个人，或者因为房子而喜欢上一个人 ，要不然咱也不会剩着了，对吧?如果现实中真有这样的一个人，我也要先跟她接触一下，看看这个人适不适合自己，自己喜不喜欢再定，房子的话，是次要因素，关键还是看这个人。”记者就此事咨询了I爱交友网的负责人张旭先生。张旭对此事倒是很能理解 。他说，其实这个女孩的做法是可以理解的。因为商品社会，感情是很难与钱完全独立的 。有钱的剩女要求条件高一些，也是无可厚非的 ，其实说白了，这也可以算是一种资源置换吧。个人追求不一样，你不能说人家的就一定是错的。但是单纯从感情上来说 ，这样的婚姻肯定是不可靠，需要两个人更努力去维持才行。·海选美女百里挑一 富豪征婚先量美女的三围·已婚男老师上网征婚 被指见面当晚强奸女白领·母亲带房产证为博士女儿征婚 指定要找男博士·80后网上贴母亲美艳照片 自称为妈妈征婚 我要评论,4,3,0.9906505346298218
花旗首席经济学家：央行最早明年二季度加息商报讯(记者 崔吕萍)“明年信贷增量将维持在高位，个别月份通胀率将突破4%，预计央行最早在明年二季度加息。”昨日，花旗集团大中华区首席经济学家沈明高昨日在接受本报记者采访时这样表示。9月份新增人民币贷款5167亿元。这一数据高于此前4000亿元的市场预期，而前三季度8.67万亿元的信贷增量预示着全年信贷增量将突破10万亿元，充裕的流动性使市场担心通货膨胀的突然来袭。对此沈明高认为，加息取决于通货膨胀的预期，明年通货膨胀率或达到3.4%(据投研报告显示，今年通胀率也在2%以上)，不排除个别月份出现4%的通胀增长。通胀增长超过4%，加息变成可能。“通胀本身带给市场的影响有限，但由通胀预期带来的市场投机过度激进，直接导致房地产市场、黄金市场被严重炒作。”沈明高表示。与此同时，沈明高认为，中国经济的复苏是流动性推动的复苏。“从今年前三季度人民币贷款增加8.67万亿元趋势推算，预计今年全年信贷增速将实现10万亿元，同比增长33%。明年新增信贷规模仍维持在8万亿到10万亿元之间，同比增长20%到25%。”“信贷规模如果连续两年呈现10%左右的增长速度，将给银行带来极大的资金压力，在这一背景下，银行只能够一面从资本市场‘抽血’，一面为公司提供贷款。”沈明高表示。 我要评论,4,1,0.9851894974708557
六成人认为香港现时楼市的炒风严重中新社香港十月二十日电香港近期豪宅楼创“天价”，一项由政团所做的调查显示，有九成一受访香港市民认为现时楼价偏贵，有六成人更认为香港现时楼市的炒风严重。民建联于今年九月下旬以电话随机抽样的方式访问了近六百名市民，结果发现有达四成受访香港市民认为未来一年楼价还会再上升，四成八受访者更要求政府现时出手遏抑楼价。在楼价高企下，有近五成七受访者表示自己或家人未来一年不会置业，主要原因是欠缺供楼能力。调查亦发现，有逾七成受访者支持继续兴建居屋，近六成八人亦认为应继续推行公屋租置计划。但香港地产发展商恒隆集团主席陈启宗认为，香港现时楼价升幅主要反映在豪宅价格上升，豪宅价格不影响市民大众生计，对社会的影响不大。他又指，香港有超过九成的住宅都是一般住宅，这个部份没有出现泡沫，现时仍有很多较便宜的住房，市民是可以负担的。 我要评论中新社香港十月二十日电香港近期豪宅楼创“天价”，一项由政团所做的调查显示，有九成一受访香港市民认为现时楼价偏贵，有六成人更认为香港现时楼市的炒风严重。民建联于今年九月下旬以电话随机抽样的方式访问了近六百名市民，结果发现有达四成受访香港市民认为未来一年楼价还会再上升，四成八受访者更要求政府现时出手遏抑楼价。在楼价高企下，有近五成七受访者表示自己或家人未来一年不会置业，主要原因是欠缺供楼能力。调查亦发现，有逾七成受访者支持继续兴建居屋，近六成八人亦认为应继续推行公屋租置计划。但香港地产发展商恒隆集团主席陈启宗认为，香港现时楼价升幅主要反映在豪宅价格上升，豪宅价格不影响市民大众生计，对社会的影响不大。他又指，香港有超过九成的住宅都是一般住宅，这个部份没有出现泡沫，现时仍有很多较便宜的住房，市民是可以负担的。 我要评论,4,7,0.9920496344566345
近三年超百亿美元基金押注亚洲房产中国证券报10月26日讯 从2007年第一季度到2009年上半年，共有17只针对亚洲市场(投资范围包括中国内地)的私募股权房地产投资基金成功完成募集，涉及募资总额达127.27亿美元。从2006年第一季度到2009年第二季度，中国内地共发生82起针对中国房地产企业或房地产项目的私募股权投资案例，涉及投资总金额为90.01亿美元。2006年至2009年上半年共发生12只基金支持的6家房地产企业IPO事件。权威数据显示，受全球金融危机的影响，2008年第四季度以来可投资于中国内地的新募房地产基金的数量及募集金额均有大幅下降。从去年年底至今，仅有一只规模为4.00亿美元的私募房地产基金完成募集。而投资方面也呈现明显的波动性，今年一季度，房地产行业仍处于发展低谷期，房价持续下滑，这为私募股权基金创造了非常有利的进入时机。2009年第一季度共发生6起针对中国房地产企业或房地产项目的投资，投资活跃度处于2008年以来的最高点。而进入2009年第二季度，随着成交的持续活跃，房地产开发商自身的资金压力得到了进一步的缓解。因而，房地产开发商与私募股权基金合作的需求较早前有明显下降。统计数据显示，2009年第二季度，仅有1起针对中国房地产企业的私募股权投资案例发生，涉及投资金额为2，928.26万美元，不论是交易数量还是交易金额均处于历史最低点。而从中国房地产行业私募股权投资地域分布来看，私募股权基金对中国房地产市场投资的地域战略布局主要聚焦在长三角、环渤海、珠三角等经济较发达地区。从投资金额来看，上海、北京分别以22.76亿美元、21.24亿美元的投资额遥遥领先于其他省市地区；广东省以12.00亿美元的投资额位居第三。(徐畅) 我要评论,4,1,0.5483529567718506
近三年超百亿美元基金押注亚洲房产中国证券报10月26日讯 从2007年第一季度到2009年上半年，共有17只针对亚洲市场(投资范围包括中国内地)的私募股权房地产投资基金成功完成募集，涉及募资总额达127.27亿美元。从2006年第一季度到2009年第二季度，中国内地共发生82起针对中国房地产企业或房地产项目的私募股权投资案例，涉及投资总金额为90.01亿美元。2006年至2009年上半年共发生12只基金支持的6家房地产企业IPO事件。权威数据显示，受全球金融危机的影响，2008年第四季度以来可投资于中国内地的新募房地产基金的数量及募集金额均有大幅下降。从去年年底至今，仅有一只规模为4.00亿美元的私募房地产基金完成募集。而投资方面也呈现明显的波动性，今年一季度，房地产行业仍处于发展低谷期，房价持续下滑，这为私募股权基金创造了非常有利的进入时机。2009年第一季度共发生6起针对中国房地产企业或房地产项目的投资，投资活跃度处于2008年以来的最高点。而进入2009年第二季度，随着成交的持续活跃，房地产开发商自身的资金压力得到了进一步的缓解。因而，房地产开发商与私募股权基金合作的需求较早前有明显下降。统计数据显示，2009年第二季度，仅有1起针对中国房地产企业的私募股权投资案例发生，涉及投资金额为2，928.26万美元，不论是交易数量还是交易金额均处于历史最低点。我要评论,4,1,0.5483529567718506
80后大学毕业生多蚁族(图)北京大学博士后廉思主编的调查实录《蚁族》出版，将其带入公众视野。有人说，“蚁族”可能成为“像‘知青’那样流行的单词”。“蚁族”不是蚂蚁，却有“高智、弱小、群居”的特征，故得名“蚁族”。他们多是“80后”大学毕业生，虽曾接受高等教育，但收入却很微薄。北京大学博士后廉思主编的《蚁族》将其带入公众视野。近日，记者采访了一群“蚁族”，了解他们的生存状态。文、图/记者徐静 实习生廖宇飞、曾繁莹 通讯员刘晓钰 “蚁族”群体普遍扎根在城中村，那里房租低廉，不少刚毕业的大学生都聚集在此。“蚁族”生活：房租300元自己煮饭。“蚁族”收入微薄，生活能省则省。“城中村里的房子租金少，村子越往深处的越便宜”，住在大学城北亭村的师范类历史学毕业生王林就选择了这种地方，一人住着一间10来平方米的小单间，300元房租，吃饭都是自己打点。“蚁族”工作：收入刚能养活自己。大学毕业生找工作难，很多毕业生第一份工作都是先养活自己再谋发展。广商09届毕业生冰凌说，她的工作是在一个传媒公司广告部做数据统计，跟她所学的信息管理专业基本沾不上边。目前还在试用期，社保、医保由公司承担，她每个月工资只有1600元左右，“仅够养活自己，还来不及报答父母”。“蚁族”心声“我们是打不死的小强”温骁是去年从广商毕业的，他在学校附近租房，十一二平方米的单间，有一个独立卫生间，一个简单的洗手台，旁边有一张床、一张电脑桌和一张茶几。但他坚持不回家发展。“每个人的生活状态都是自己选择的。”他说：“我们是打不死的小强，就这样活着。拼到最后，不管路是怎样。”小黄是增城人，毕业后找到一份工作，做软件。走出校园的他，月收入三千多元，但他还是选择住在棠下的城中村，与人合租。这合租人不是外人，正是小黄的大学宿友。现在，他们3个小伙子就住着一套2房2厅70平方米的套间里，厨房、柜子、洗手间、阳台都齐备。屋子虽大，可租价却相当便宜，每月只要900元。环境简陋，但小黄还是住下。他说，主要是想和宿友继续住在一起，彼此有伴，周末可以一块打球，平日也有个人来侃侃大山，不至于太闷，“不尽然是经济因素，主要是怕寂寞。”小黄乐呵呵地说。专家说法反映高等教育去精英化“蚁族”的出现与高等教育大众化带来的“去精英化”有关，大学生由优势群体转为相对弱势群体。近年来，大学生毕业期待薪酬停滞不前，甚至有下降趋势，便是对此的反映。此外，就业市场、房屋市场也对大学生造成颇大压力。与更早前的大学生不同，现在的大学生难以享受福利分房，要买房的话，毕业生微薄的工资杯水车薪，这也使“蚁族”们只能在城中村等居住条件差的地方居住。“蚁族”的出现也证明“80后”向上流动的机会相对要少，渠道也没那么顺畅，尽管“蚁族”不至于沦为最底层，但在社会地位上却处于“要上不上，要下不下”的尴尬境地。岳经纶中山大学政治与公共事务管理学院教授 我要评论,4,9,0.7765352725982666
银监会：综合授信类个人贷款业务将收紧本报讯记者刘薇报道：银监会周三发布了《个人贷款管理暂行办法(征求意见稿)》，对个人贷款实行支付管理。如果正式出台，这将是我国首部个人贷款管理法规。银行人士表示，总体来看，《暂行办法》对个人贷款业务没有太多新的限定，但细化到银行具体业务，则有一些贷款品种可能会加强审核，收紧门槛，诸如此前非常火爆的综合授信类个人贷款业务。《暂行办法》主要内容是，规定银行不得发放无指定用途的贷款，明确实行贷款人受托支付或借款人自主支付的方式对贷款资金进行管理和控制。重申银行在发放个人贷款时须坚持面谈、面签制度，确保贷款的真实性，以防范虚假按揭等风险。由于办法不针对个人贷款业务品种申请设置额外条件，因此个人获得贷款的门槛并没有被抬高。记者昨日采访多位银行信贷部门人士，他们表示，其实目前大部分个人贷款业务如房贷、车贷等都是实行受托支付，即贷款人根据借款人的提款申请和支付委托，将贷款资金直接支付给符合合同约定用途的借款人交易对象。这样做的好处，一方面能够有效监控贷款按约定用途使用，防范贷款挪用风险；另一方面也可防止“顶冒名”等违规损害借款人利益的行为，切实保护借款人合法权益。如今受《暂行办法》影响较大的，则是市面上一度火爆的个人综合授信类贷款。这类贷款通常表现为“房产一次抵押，贷款额度多次循环使用”，如很受市民欢迎的“循环贷”、“随借随还”等，有的银行在开办这类业务时放得较为宽松，只要首次审核通过，以后的贷款申请甚至可以通过网上银行等自助方式办理，无需再经过相对复杂的审核手续，这就意味着在初次审核通过后，借款人就不用再到银行面谈、面签，便可能获得贷款。“这其中的确存在着无法监控贷款真实去向的可能。”某国有大行支行行长称。而一家股份制银行信贷部门人士则坦言，在《管理办法》出台后，该行相对宽松的审核制度很可能需要作出调整，比如采取措施加强对贷款用途的审查，自助方式也许会取消。 我要评论,4,1,0.9875245094299316
存量房贷7折优惠难取消 楼市或现末班车效应7折房贷利率会不会取消？如果取消，存量7折房贷会不会受牵连？连日来，这些问题困扰着很多购房人。本期财富机会采访多位购房人和银行信贷人士，试图拨开7折房贷政策的迷雾。同时，我们调查了江浙粤二套房贷政策的收紧情况，梳理了购房人可以利用的各种创新房贷产品。近两周以来，“房贷利率7折将取消”的传言伴随寒流在全国各地肆虐。虽然政策尚未明确出台，但“存量房贷是否取消”、“该不该尽快买房”已成为普通市民的心头之惑。部分专家对CBN指出，即使7折利率真的不再实施，从各方反应和可操作性上，已贷款购房者的利率优惠也很难取消。不过，市场传言并非“空穴来风”，有购房计划的刚需购房族可以近期考虑置业计划，以防止政策波动的不利影响。已签贷款合同或保持“听说7折优惠要取消了，那我已经贷款的是不是也不能7折了？”自房贷收紧传言之后，上述问题几乎成为各大房地产谈论的“日经帖”，每天都有购房者心中惶惶，去问自己的银行信贷员、房产中介员或者社会各界人士，答案莫衷一是。昨日，今年置业的李丽拿着自己签署的购房合同对CBN表示，按照合同，7折优惠应该在贷款期内一直保持。该合同关于利率的条款显示：“本合同贷款利率为4.158%，月利率(年利率/12)为0.3465%。即以合同签订日中国人民银行公布的同期同档次贷款基准利率5.94%为基础，按照人民银行的利率政策，在基准利率的基础上，下浮30%，即月利率为0.3465%执行。”并且合同全文并无“如有不可抗力因素”、“若有国家政策调整”之类的免责条款。李丽同时告诉CBN，她在签订合同的时候专门问过银行工作人员，银行工作人员的答复是：就算央行取消7折优惠，已签合同还是按照合同条件执行。除非基准利率变动，否则贷款利率不会改变。而在李本明先生的8.5折购房合同中，具体条款如此显示：“浮动利率，即在基准利率水平上下调15%；该利率自起息日起至贷款本息全部清偿之日止依据利率调整日当日的基准利率及上述下调幅度，在本合同约定的每个利率调整日调整一次。”李本明也告诉CBN记者，当年签订合同的时候，银行信贷员称8.5折优惠是在贷款期内一直有效的。如此看来，按照购房合同的描述，7折利率优惠取消对于存量房贷并无影响。不过，亦有银行人士提出质疑，“如果政策明确说，所有银行都强制取消7折，那谁都没办法。”他举例说，之前7折贷款优惠时，很多8.5折的、全价的合同都去签了7折补充协议，这说明合同也不一定全部能定性的，未必就能根据合同判断不会取消7折优惠。存量贷款取消7折操作性差不过，昨日某国有银行信贷部负责人对CBN分析，从各方反应和政策可操作性的角度看，即使取消7折优惠，也不会追溯既往，只会针对新的贷款发放有效。即使是二套房贷，如果在政策调整前获得7折优惠，也不会取消。该人士表示，从宏观经济的角度上看，央行在利率政策上的大方向是“利率市场化”，最终将由商业银行自己决定利率。如果这次恢复8.5折，反而像是临时政策，而非实施7折优惠。从政府角度上看，恢复存量贷款为8.5折的可操作性也比较差。“央行当然可以发通知说这些合同都不算，但是这么大范围的调整，将影响到千家万户的利益，会引起复杂的法律问题和社会舆论。”从银行的角度上看，利率提高其实并不是银行乐见其成的。“商业银行的竞争越来越激烈，个人房贷在国内基本都是优质贷款，利率虽然不高但也是有利可图的。而且现在银行都把零售业务作为未来的发展方向。”该人士举例说，二套房贷从紧的政策早已下发，但一直执行不力，就是银行的竞争也很激烈，都在抢占个贷市场的大蛋糕。100万贷款多交利息24万当然，在政策出台之前，“7折利率是否取消”谁都无法断然判定。但一旦取消，对于购房者的利益影响是实实在在并且巨大的。以20年期的100万元贷款为例，目前5年以上的贷款基准利率为5.94%，以等额本息还款法计算，按照7折之后的利率即4.16%，每月需还款6144元，支付利息共47.5万元。如果按照8.5折的利率5.05%计算，每月需还款6627元，共支付利息59.1万元。如果是基准利率5.94%的话，每月要还款7130元，共支付利息71.1万元。也就是说，7折利率变成8.5折，每月多交483元，多支付利息11.6万元；7折利率变原价，每月多交986元，多支付利息23.6万元。对于普通购房者来说，这确实是不小的数目。因此有业内专家建议，如果近期确实有购房计划的“刚需”购房者，有合适的房子就尽快出手办贷款了。而昨日，CBN记者以私人身份致电某国有银行个贷审批人员时，该人士表示，该银行没有制定、监管部门也没有下发任何房贷收紧的通知。“但市场传得厉害，你要是办贷款的话就抓紧吧。”该人士说，目前首套房贷还能享受利率7折优惠，二套房贷不仅条件从严，办的难度也比以前大了。据CBN了解，在北京，中国银行、光大银行、北京银行等尚能正常办理住房贷款，有个别银行已经暂停该项业务。而且，能办理房贷的银行在审批条件上更加严苛、放贷时间也有所拉长。大家都赶楼市“末班车”，会不会推动房价的快速上涨？上述国有银行个贷人员称，或有一定幅度的效应，但每个普通人的住房需求和承受能力各不相同，还要从自己的实际情况出发选择适合自己的住房。事实上，接近年末各券商开始纷纷发布报告，预测明年的房地产市场行情，但观点亦分歧较大。 我要评论,4,1,0.9722961187362671
"梅铎长子天价夺悉尼豪宅 创下澳洲本年最高楼价据香港《文汇报》引述外电报道，传媒大亨、新闻集团总裁梅铎的38岁长子拉克兰，前晚击退澳洲影帝罗素高尔等竞投者，以2300万澳元(约1.6亿港元)投得悉尼东面?郊一所大宅，不单打破澳洲单栋屋售价纪录，亦创下澳洲本年最高楼价。 拍卖会前晚6时举行，拉克兰亲身到场，而罗素高尔则透过网上出价。拉克兰在10分钟内击退其余9名投标者，成功购入这幢位于贝尔维尤山维多利亚道的豪宅。拍卖前预计售价会超过1,800万澳元(约1.3亿港元)，结果超出预期。这幢名为Le Manoir的大屋，面积4,097平方米，拥有6间睡房、5间浴室、2间书房、工人房、网球场、游泳池及可停泊3辆车的车库，大屋可饱览悉尼港及太平洋全景，非常罕有。 我要评论",4,1,0.45882001519203186
两大原因致部分银行收紧房贷 明年从紧是大方向针对目前因收紧二套房贷而导致买方撤单、房东发怒的种种纠纷，记者走访了沪上的中资银行。银行方面指出，致使二套房贷收紧的主要原因，一是由于银行全年贷款指标基本完成，二是目前房价进一步上涨，楼市出现风险，银行也要“自我调整”。各家银行调整情况不一交通银行从11月1日起调整对二套房的审核标准，由原来的以个人为单位变更为以家庭为单位。记者从静安区各大银行的支行处了解到，工商银行、兴业银行也接到“口头通知”，相继将二套房认定标准框定为 “家庭”，释放出强烈的收紧房贷的信号。“房贷申请超紧，很难拿到贷款。”一些买家抱怨道。由此引发的矛盾日益突出，部分买家因为首付提高，而无力支付房款，中介白忙一场还遭到房东的抱怨。据了解，考虑到这一情况，交通银行将调整二套房审核标准的最后执行日期定在本月15日。 “这是为了避免因贷款政策的突然变化而影响客户的正常买房。比如已经被通知可以贷款七成的客户，如果调整标准，只能贷六成，那可能导致客户无力承担成本而中途退房。”一位交通银行信贷经理告诉记者。进入三季度以来，房贷审批过程变得相当漫长。记者在新闸路石门路附近的中介处了解到， 10月起，各大银行已对申请办理贷款的房屋提出很多要求，如面积小于50平方米或成交总价低于60万元的均不再受理，对房龄的最低要求也提到了15—20年之内。对于 “上海将统一把二套房利率上浮10%”的传言，记者从各大银行尚未得到证实。一家银行房贷部人士表示，可能从央行层面目前没有新政策下发到各商业银行，但不排除各大银行会进行 “自我调整”。买家再度调整买房时机面对五花八门的房产数据，普通消费者只想知道 “房价会不会涨”、“现在该不该出手”。但此次房贷收紧，让一些有改善性住房需求的客户再度望而却步。市民小张说，自己从今年年中开始看房，其中不乏满意的房源，但皆因价格太高而踌躇。本以为年底是成交淡季，可以买房了，却又撞上房贷收紧。 “按照我的情况，以家庭为单位就是二套房了，中介说，如果是上半年，还可以打擦边球，现在就不可能了。小张说，看了半年房子，中介的态度变化也比较明显，年中的时候说可以帮忙 “搞定”房贷，到了三季度要小张自己 “凭本事”去银行申请，现在听了小张的情况后，坚决说： “你不首付四成就不要看房了。”而此前，部分银行在放贷时，如果夫妻一方已有多套房产，欲再购房，银行可允许客户写一份声明，说明自己已还完贷款或已出售房子，无需证明文件，而银行并不对其真实性进行调查；也有利用一些漏洞来规避 “家庭”概念。如，征信系统具有滞后性，有时已有一套房的夫妻再买房时，征信系统若显示这两人“未婚”，银行就会睁一只眼闭一只眼，仍为其提供首套房优惠。但随着银监会的 “严打”，二套房首付四成已是铁板钉钉。 我要评论,4,1,0.9565303921699524
国土部筹谋2010年土地供应 地方可多上报指标在保增长的诉求下，作为“十一五”规划的最后一年，2010年中国的土地闸门打开了一条缝隙。CBN记者独家获悉，国土资源部近日已经明确表示，2010年地方新增建设用地规模应控制在近几年的平均水平内，但如果地方确实需要增加土地指标，就要上报“理由”。此前，不少地方政府表示，随着政府加大重点项目投资，土地需求还会保持较大增长，希望国土部能够增加建设用地指标。国土部部长徐绍史曾在年初透露，为了千方百计保障用地，今年扩大了土地指标数量。前两年我国建设用地年度指标都是580万亩，2009年指标增加到630万亩，较以往增加了50万亩。四季度用地压力“很大”国土部近日向地方下发《关于编报2010年土地利用计划(草案)的通知》，要求地方认真做好2010年的土地利用计划的编制工作，因为“这对巩固和发展当前经济企稳向好的势头至关重要。”每年一度的土地利用计划，属于中央政府对地方政府用地需求的一种调控和约束，地方政府可以增加多少建设用地，征收多大面积的农用地，都在当年的土地利用计划中予以明确，不得轻易越线。《土地利用年度计划管理办法》即规定，没有新增建设用地计划指标擅自批准用地的，或者没有新增建设占用农用地计划指标擅自批准农用地转用的，按非法批准用地追究法律责任。为应对国际金融危机，中国政府在2008年第四季度提出4万亿元投资计划，并要求投资项目尽快开工，尽早形成“实物开工量”，这势必带来土地需求的迅速上升。掌管着全国用地指标分配的国土部也开始调整土地调控方向。2008年年初，国土部还在不断强调“严把土地闸门，防范换届效应”，但在去年第四季度后为了保障中央投资重点项目用地，国土部开始“适当增加新增建设用地指标”，并加大闲置土地清理力度。但即便是这样，今年的土地供需矛盾依然突出。来自国土部的最新数据显示，今年前三季度，全国建设用地供应总量18.1万公顷，同比增加31.0%。其中，与投资项目密切相关的工矿仓储用地供应7.2万公顷，同比增加46.1%。此外，今年第三季度地方用地总量增加的幅度超乎寻常，三个月的用地量就接近今年前六个月供应总量的九成。一位接近国土部的人士对CBN记者透露，目前对国土部来讲，留给第四季度的土地指标相当有限，今年年初增加的50万亩指标已经用完。此外，今年第四季度的用地压力要比去年更大，去年总体的经济形势还在往下走，而今年各地的经济是在往上拉，大项目还在不断上马。想增加用地指标？地方要先给“理由”作为固定资产投资的承载体，历史经验显示，我国土地的利用高峰期往往与投资的高峰期相符。而在今年，在外需不振的情况下，投资成为拉动中国经济的最大动力。今年前三季度，全社会固定资产投资155057亿元，比去年同期增长33.4%，其中，一季度增长28.8%，二季度增长35.7%，三季度增长33.2%。在前三季度GDP同比增长7.7%中，投资就贡献了7.3个百分点。目前，社会各界大多预期明年中央政府的投资力度仍不会减弱，由此产生的土地需求也会保持在高位。为此，《通知》要求，2010年新增建设用地建议规模，一般应控制在近几年平均水平内，确需要调整增加的要说明理由。在此基础上，依据当地土地利用现状，建设项目用地特点和历年新增建设占用农用地的比例关系，合理确定新增建设用地占用农用地计划指标。不过，由于18亿亩耕地红线的存在，国土部的《通知》中也同时强调，需要按照严格保护耕地的要求，从严安排新增建设占用耕地计划指标。在国土部保障土地供应的多项措施中，除了前述“扩增量”外，还有“挤存量”，即采用诸如增加城乡建设用地增减挂钩指标等方式(今年国土部下放了30万亩，这些不占用耕地指标)，加大利用闲置土地。此次《通知》也要求地方上报“申请2010年挂钩周转指标”。“凡需要开展城乡建设用地增减挂钩试点的地方，要结合当地实际，按照因地制宜、量力而行、有序推进的原则，提出2010年挂钩周转指标建议。”《通知》称。我要评论,4,7,0.8000316023826599
住建部官员：住房优惠政策大部分无截止日期 《中国经济周刊》记者 胡雪琴/北京报道“去年底出台的几乎所有楼市优惠政策截止日期都在2009年12月31日。”这样一条消息在房地产业界和媒体上不胫而走。这几乎成为当下最热门的话题，甚至引起了房价小幅震荡。搜索一下，相关新闻达316万条之多。但住建部、财政部等相关部门均无明确说法。11月10日，《中国经济周刊》从接近住建部的人士处独家获悉，笼统说住房优惠政策到期并不准确，因为去年底的公布大部分优惠政策条款并无截止日期，仅有转让住房的营业税优惠一项年底到期。其实，国家去年出台的关于住房优惠政策的相关文件，共有4份，分别为财税〔2008〕137号、银发[2008]302号文件、国办发[2008]131号和财税〔2008〕174号文。2008年10月22日，同一天，财政部、国家税务总局，以及人民银行分别推出文件，即《关于调整房地产交易环节税收政策的通知》(财税〔2008〕137号)和中国人民银行《关于扩大商业性个人住房贷款利率下浮幅度等有关问题的通知》(银发[2008]302号文件)。财税〔2008〕137号对房地产交易环节有关税收政策问题规定如下：“一、对个人首次购买90平方米及以下普通住房的，契税税率暂统一下调到1%。二、对个人销售或购买住房暂免征收印花税。三、对个人销售住房暂免征收土地增值税。”记者注意到，首次购买90平米及以下普通住房的契税税率下调到1%，并无期限限制，而印花税和土地增值税均为“暂免征收”。文件最后，有“自2008年11月1日起实施”字样，同样没有截止日期。银发[2008]302号文件规定，“自2008年10月27日起，扩大商业性个人住房贷款利率下浮幅度，调整最低首付款比例。其中，商业性个人住房贷款利率的下限扩大为贷款基准利率的0.7倍，最低首付款比例调整为20%。”“从2008年10月27日起，下调个人住房公积金贷款各档次利率0.27个百分点。五年期以下(含五年)从4.32%调整为4.05%，五年期以上从4.86%调整为4.59%。”由此可知，无论是“最低首付款比例调整”还是“下调个人住房贷款利率”，均无截止日期。唯一例外的是，个人转让住房的营业税优惠将于今年12月31日截止，具体文件分别为“国办发[2008]131号和财税〔2008〕174号文”。2008年12月20日，国务院办公厅出台了《国务院办公厅关于促进房地产市场健康发展的若干意见》(国办发[2008]131号)，其中，在进一步鼓励普通商品住房消费条款中，明确提出，“对住房转让环节营业税暂定一年实行减免政策。”而后，特别注明“以上政策暂定执行至2009年12月31日。”9天后，也就是2008年12月29日，财政部和国家税务总局共同推出了《关于个人住房转让营业税政策的通知》(财税〔2008〕174号)。《中国经济周刊》查阅比照发现，“财税〔2008〕174号”实际上是对“国务院办公厅131号”文件的细化，表达得更为明确。具体为“自2009年1月1日至12月31日，个人将购买不足2年的非普通住房对外销售的，全额征收营业税；个人将购买超过2 年(含2年)的非普通住房或者不足2年的普通住房对外销售的，按照其销售收入减去购买房屋的价款后的差额征收营业税；个人将购买超过2年(含2 年)的普通住房对外销售的，免征营业税。”该条款直接规定了执行期限，即从2009年1月1日开始，到2009年12月31日截止。至于营业税优惠政策是否延期，《中国经济周刊》记者致电财政部税政司询问，对方回答，“在相关政策未正式出台前，不便回答”。营业税是否需要延期？有专家认为各有利弊。有利的是，该条款鼓励了二手房交易，对房地产市场形成正面刺激，客观上扩大了内需，有利于居民以旧换新改善居住条件；但负面的则是有可能推动投机性购房，导致住房供求矛盾更加突出，推动房价过快上涨，从而加大了普通百姓解决住房困难的难度，甚至直接影响社会稳定。“从这个意义上来说，营业税优惠取消也罢。”有专家如是说。 我要评论,4,1,0.509093701839447
郭晶晶潮人装现身 卖霍家豪宅欲赚450万(图)刚在全运会捍卫了宝座的跳水皇后郭晶晶，已经适应了频频出席商业秀和高级社交场合的名媛生活。虽然和富豪男友霍启刚的婚事一波三折，如今又要明年再说，她却丝毫不恨嫁，甚至变卖了霍家所赠的百万豪宅，只因物业太多疲于打理。看来名媛郭晶晶下定决心自力更生，毫不担心30岁后变成剩女。 11月12日讯 在10月30日晚，郭晶晶现身上海恒隆广场，以优雅“女王”姿态作为奢侈品牌的领衔嘉宾，成为全场焦点。当日，她为出席活动仅在上海逗留12小时，打着“飞的”匆匆来去。青涩Ball场新女王12小时打飞的捞金虽然郭晶晶出席时尚活动远没有跳台上那么潇洒自如，但经过这几年大大小小众多时尚活动的磨练，郭晶晶的秀场表现频频加分，青涩的门外汉渐入佳境。当日她打头阵为奢侈品牌Fendi走红毯，白色包肩小洋装配银色钉珠手拿包，得体大方，并恰当地遮盖了她因常年游泳而厚实的肩膀及背部，贵妇气场引来闪光灯混战，不少记者私下赞扬：“郭晶晶越来越漂亮了，也越来越会穿衣服了。”郭晶晶也略带得意地介绍：“衣服是我自己选的，我比较喜欢端庄简洁的款式。”虽然郭晶晶的Pose比名模熊黛林和乐基儿略显生涩，换来换去就一两个姿势，对大场面闪光灯阵还有待适应，不过她出场待遇不低。和品牌第三代掌门人合影时，她永远是站在最中心位置的明星，跟大姐大刘嘉玲同级，连天王嫂们都只有靠边的份儿。第一个出场，也是第一个离场，据悉郭晶晶因为要赶回北京训练，活动未结束就从秘密通道离开。回附近酒店换了便装，郭晶晶在助手陪同下直奔机场。当日早上10点，记者目击她刚刚抵沪；不到12个小时，晶晶就赶着最后的飞机匆忙回京，捞金之旅速战速决。私下里没了长枪短炮的关注，郭晶晶要比在秀场上自在许多。离开时，她摘掉了早晨戴着的明星范儿超大墨镜，穿时尚的机车皮衣和短裙、打底裤，手挽着7000大洋的意大利制造Tod’s G-bag，包包上还挂着一只小熊造型的名牌挂件，一身贵气引得不少路人侧目。上午看到有记者在机场拍摄，郭晶晶冷眼相对；晚上离开时，她也不时警觉地到处张望。办完登机手续，她终于松了一口气和助手有说有笑。婚期未定的准豪门媳妇“希望大家多给一点时间”此次再度被记者问及是否考虑进入娱乐圈，郭晶晶明显不如之后进场的刘璇那么如鱼得水，她生硬地回答：“不会。”有没有考虑拍电影？回答也是：“没有。”由于郭晶晶每次回答都比提问短，记者不由得追加一个“为什么”，郭晶晶倒是认真地想了想说：“因为我不会。”与霍家二公子的婚事，也是郭晶晶最烦回答的必答题。之前传出她将在11月中旬，嫁给交往4年、家族资产约900亿元台币的霍启刚，记者一求证，她立即给出一个令气氛迅速尴尬的回答：“这是很私人的事情，希望大家多给我一点时间。”场面一下子冷下来。全运会开始前，郭晶晶已被风传嫁入霍家，年末要举行风光婚礼，成为一代巨贾霍英东的孙媳妇。这个传闻使郭晶晶在全运会上成为刘翔之外最红的焦点人物，每次出席都引得大批记者蜂拥而至，好几次甚至冲破护栏。郭晶晶不得不在夺金后表态：“我跟他感情挺好，我们俩还没探讨过这个问题。我觉得现在这个时代，30岁以后结婚很正常，所以不着急。”总之，郭晶晶宣告暂时不退役、不结婚、不从政。霍启刚虽也曾是风流富豪，不过自从和郭晶晶谈恋爱后相当专一，鲜少绯闻，这让郭晶晶对自己成为霍家媳妇很心定。郭晶晶曾说：“当你做着喜欢的事，而后面有人给予精神支持时，哪怕是一条短信、一个电话都给你莫大鼓舞，你因此会开心地继续做下去。”而霍少让她感动的短信太多了，“我无法挑选，很多人问我霍启刚的事，但很少有人真正去了解他为我的付出。”身价千万的文体新名媛：变卖霍家豪宅聘礼只因懒得打理前不久郭晶晶抛售北京崇文门附近本家润园的房产，让许多人以为这场华人界瞩目的恋情有变，然而10月15日郭晶晶29岁生日，霍公子专程飞到北京为女友庆生，粉碎了谣言。这套房子据说是2006年霍家以300多万元买进送给郭晶晶的聘礼，而以郭晶晶不差钱的身价而言，这套房子不过是她的一个广告收入而已。如今，郭晶晶以452万挂牌出售这套房子，被几经揣测。郭妈妈主动出来爆料称，抛售是因为物业闲置，不便打理。据报道，她和霍启刚恋爱期间，霍家先后送了3套物业给她当礼物，其中最贵的一处是一个北京四合院，市价超一亿。此外，郭晶晶获奥运冠军后，先后获得政府和房地产开发商赠送的多处房产。除了竞技状态保持良好，郭晶晶作为体育明星，吸金能力也超强，拥有牛奶、洗衣液、家电、饼干等多家商业品牌的代言合约在身。2009中国福布斯名人榜上，郭晶晶超越刘翔高居第4位，15家各类广告代言收入超过3000万。显然，豪门名媛的生活最适合未来的郭晶晶，据说她专门练过怎么走台步、摆Pose，如今又开始学英语。训练之余，她有意识地去看一些时尚杂志，了解流行信息。目前，郭晶晶还在中国人民大学学习工商管理专业，为名媛之路铺平基石。 我要评论,4,3,0.9061365723609924
"建行提升首套房贷门槛 二套房利率多家银行7折当下，各家银行的信贷经理们忙乎得有点反常。“成交量不降反升，这不像往年年尾的状况啊。”中信银行二手房贷款客户经理孔艳说，她今年已经做了两个多亿的单子了，没想到临近岁末却还迎来小高峰。“其实都是被房贷7折利率优惠要取消的传言给闹的。”深发展客户经理李先生说。近日，“房贷利率优惠明年或叫停”的报道引起猜测纷纷。随着优惠利率将取消的风声加紧，伟嘉安捷市场主管吴昊告诉《华夏时报》记者，对未来政策的预判性不明，导致不少业主出现急售房产的现象。而业内相关人士则表示：目前政策面并没有文件传达，只是各家银行有自主权依据自身情况决定7折利率是否要取消。建行给首套房贷提高要求记者以购房者身份调查得知，广发、中信、深发展、北京银行对于资质够好的购买二套房的改善性住房客户仍可给到首付四成，利率7折或7.01折的优惠。“我们暂未收紧二套房的利率优惠，购买二套房的客户只要首付40%，属于改善性住房的话还可以申请到7折优惠。”北京银行客户经理赵先生告诉记者。上述中信银行客户经理则对记者表示：只要没什么严重的不良信用记录，在该行申请到7折利率也不会有多大的难度。她最近发放的贷款就有很多都申请到了7折优惠。“但是如果两套房子的月还款额占比家庭总收入超过55%的话，那或许申请就通不过了。”广发银行房贷工作人员告诉记者，该行目前仍可给改善性住房客户申请到7.01折利率优惠。这边二套房还在大给优惠，建设银行却给首套房也提出了要求：首付四成才可以给出7折利率优惠；如果首付两成，只能享受到利率8.5折优惠。“如果是二套房，不属于改善性住房的话，利率肯定是上浮10%的。”建行信贷经理非常肯定地告诉记者。语气变得谨慎的还有招行的信贷经理，他极其巧妙地告诉记者：“如果你资质够好的话，我们也可以申请到下浮30%。”“那能申请到下浮30%的概率是多少？”面对记者的追问，他表示：无法承诺，因为利率随时有收紧的可能。“你争取这个月就把手续办完了，说不定政策哪天说变就变。”工行和深发展客户经理则这样说。贷款审批不过或要付违约金在某广告公司当项目经理的王先生最近有点郁闷，他说，他预订的某小户型因为没有办法贷到八成，最终只得放弃购买了。最终他无奈地从开发商那里把预交的定金取了回来，“还好，这不是因为我的原因造成的无法成交，不用给开发商违约金。”而记者了解到，在二手房过户过程中，买卖双方也会有一个补充协议，买方也需要向卖方支付一定的定金，如果因为买方原因导致交易无法完成，买方须向卖方支付双倍定金的违约金。“主要还是看双方的补充协议是怎么定的，如果因为贷款申请不能通过导致交易无法完成的约定，付违约金的情况也是会存在的。”吴昊告诉记者，这种情况下，买方就只能支付全款来购买房屋了。“所以还是双方的协议要沟通、约定好。”而据某网站的调查显示：已经买房或是准备买房的网友中，九成以上的人选择贷款购房，仅有6.85%的网友全款付清。吴昊表示：如果买方因为信审未能通过贷款审批，而又无法全额付清房款的话，那么就只能“撤单”。“中介公司这时候是没有任何费用产生的，只是交易成功后要收房款总价2.5%的服务费。”八成网友持观望态度 结合“房贷利率优惠明年或叫停”报道的种种猜测，某网站推出的“住房贷款意愿调查”显示：67.12%的网友认为住房信贷政策变化对自身购房有影响；面对住房信贷全面收紧的可能，79.45%的网友选择“继续观望，静观其变”，只有20.55%的网友则“不再观望，果断出手”。“取消只是迟早的事情，因为现在房市已经过热了，国家要求开发商降价也不现实，所以只有通过一些政策的微调来对市场进行调整。”某商业银行消费金融中心工作人员对记者表示，“但是我觉得或许还是老人老办法，新人新办法。不过因为利率优惠而去抢这个时间却不见得可取。虽说大跌不可能，但是调整总是会有的。”而11月5日，住房和城乡建设部政策研究中心副主任王珏林在接受媒体采访时表示：鉴于目前经济回暖、房地产市场向好的形势，去年出台的一系列楼市优惠政策有可能在年底到期终止。北京市理财规划师协会会长、北京东方华尔金融咨询有限责任公司总裁刘彦斌也撰文指出：第一套房贷的7折优惠利率取消是早晚的事情。其原因是：实行7折优惠利率是政府的临时性措施,目的是为了刺激房屋购买，现在基本达到目的。再者因为贷款利率是根据央行的基准利率逐年浮动，目前又是利率低点未来是上升趋势等原因，所以该买房的还要买房,该还贷的还要还贷，利率不是买房的决定性因素。“贷款买房的人在买房时,就应该考虑到利率上升的因素,来计算自己的偿还能力。”而来自 “伟嘉安捷”的消息表明，以往多数业主不愿意接受购房人使用公积金贷款，因为公积金流程慢于商业贷款，会影响业主拿到房款的时间，而如今多数业主出于对政策未知的考虑，大部分人同意购房人使用公积金贷款买房，这也是导致公积金贷款交易量有所上升的重要因素之一。伟嘉安捷指出，其实在借款人资料准备齐全且配合办理的情况下，一般10个工作日左右即可完成批贷、放款。我要评论",4,1,0.9905277490615845
曾荫权担心资产价格升幅过急导致另一次危机十一月十三日，亚太经济合作组织(APEC)工商领袖峰会(CEO Summit)在新加坡新达城国际会展中心揭幕。香港特区行政长官曾荫权当日上午参与大会的对话发言。 中新社发 郑祚声 摄中新网11月14日电据香港大公报报道，正在新加坡出席亚太经合组织会议的行政长官曾荫权表示，美国的低利率政策已导致美元利差交易出现，令资金流向其它地方，助长投机活动。他担心一旦资产价格升幅过急，将可能导致另一次资产泡沫危机，因此各地政府应加强监察及合作。曾荫权说，香港经历九七年金融风暴后，已优化银行、金融和借贷制度，有信心香港能够在金融海啸后加快经济复苏。曾荫权昨日在APEC工商领导人峰会一场有关“规管金融及全球增长”座谈会上表示，上世纪八十年代末，日本为应付经济衰退，实施零利率政策，令资金因而流向亚洲其它地区。当时亚洲国家和地区未有留意热钱流动及资产价格上升至危险水平，结果引发亚洲金融风暴。曾荫权指出，目前美国低利率政策与当年日本情况相若，因为美元利差交易已导致资金流向其它地方。他说，“钱流到哪里，问题就在哪里”，目前在亚洲多个地区，包括韩国、中国台湾、新加坡和中国香港等，资产价格再度上涨，甚至资产价格的水平已与基本面不相称。他担心资产价格升幅过急，将有机会导致另一次资产泡沫危机，希望政府及企业界保持警戒，而各地政府应加强监察和合作。去年九月底美国爆发金融海啸，并快速蔓延至全球各个经济体系，不少国家或地区迄今复苏速度十分缓慢。曾荫权说，香港与亚洲各经济体一样，在九七年金融风暴一役累积了经验，并且优化了银行、金融和借贷制度，包括限制股票市场无货沽空、增加市场透明度、在促进市场发展及保障投资者之间取得平衡等，因此金融海啸爆发以来，香港的复苏速度较不少地区快，银行体系亦没有受到重大冲击，显示香港的规管具有一定成效。曾荫权表示，香港将会参考各经济体处理金融危机的经验，继续对抗金融海啸，有信心能够加快经济复苏步伐。不过，他说，香港必须留意可能出现资产泡沫，而金融危机的其中一个启示，就是不能过分依赖单一行业，所以施政报告提出发展六项优势产业。 我要评论,4,7,0.9392074346542358
香港豪宅多个项目抢攻内地富豪在5100名投资移民者中，近4000人为拥有境外永久居民身份的中国籍人士，房地产和股票是最普遍的投资方式。马化腾、李宁等已在香港买豪宅黄树辉今年香港的豪宅市场，内地富豪成为绝对的主角。先是腾讯董事局主席兼CEO马化腾年初斥资1.6亿港元在香港购买位于渣甸山名门的豪宅，继而是“体操王子”李宁在香港购买了一套位于香岛道33号的别墅，市值高达3亿港元。随后，一名内地神秘富豪以4.39亿港元买下香港港岛区西半山“天汇”45楼A复式户，因创下世界纪录引起极大关注。内地富豪集体到香港买楼的趋势，也在改变着香港和内地开发商既往的营销策略。前几年，不少香港开发商经常将其在内地开发的高档住宅项目在香港“搭台”促销，希望将香港的购房资金带到内地。据了解，李嘉诚旗下的长江实业与和记黄埔在内地开发的项目，均在香港设有专门的展示区域。此外，不少内地开发商也都有将旗下楼盘带往香港促销的经历。但这种楼盘促销的走向正在发生逆转，即有越来越多的香港开发商，已经或者正在准备将其在香港本地开发的豪宅项目带入内地进行促销。自2003年首次到内地进行项目路演后，长江实业执行董事赵国雄几乎每一年都要考虑如何将香港的地产项目成功推介至内地，而他在不经意间发现，内地客户在公司客户中的比重已经由最初的3%上升至10%左右，公司正在销售的“富甲半山”豪宅项目中，内地客户的比例已达到30%。多个项目抢攻内地富豪在众多的内地买家中，企业家群体无疑是主力军。“富甲半山”现场营业人员向CBN记者透露，不久前，一位来自杭州的大型地产开发企业老板在香港与各界商人洽谈合作期间，顺便斥资3500万港元购买了一套2000余英尺的房源，全部采用现金支付。该客户还声称香港的房价极具投资价值，尤其是豪宅。据长江实业助理营业经理何家欣介绍，“富甲半山”楼盘平均英尺价1.4万港元，每套售价平均超过2000万港元，目前已售出七成，有三成购房者来自内地。项目中的七栋独立别墅售价在4000万至9000万港元之间，目前已售出的四栋中有两栋为内地客户购买，用于自住。新鸿基地产代理有限公司执行董事雷霆在接受媒体采访时认为，内地买家对香港豪宅的购买力是明显的，新鸿基旗下的天玺一期600多套单位已经售出400套左右，均价都在20万港元/平方米以上，其中超过三成的买家来自于内地，包括北京、上海、山西、浙江等，大多数属于从事实业人士，看重长线投资。长江实业在2003年开创香港房地产开发商内地路演先河之后，很多香港高端地产项目也开始以内地客为主要销售对象之一，并不断进行内地推广。这种在香港被称为“路演”的活动，实际上就是推介并兜售项目。雷霆透露，为配合天玺二期的销售，新鸿基也将在内地重点城市做一系列的路演活动。目前新鸿基正在拓展内地的推广渠道，上海IFC项目明年落成后，新鸿基将在那里设立一个永久展厅，专门推广香港的高端项目。而长江实业在售的另一个中高端住宅项目大围“名城”也将目标客户锁定内地买家。该项目负责人长江实业董事郭子威向CBN记者表示，公司将去北京、上海和广州三个重点城市路演，希望该项目有三成客户来自内地。曲线购楼赵国雄说，内地买家在香港购买豪宅无外乎投资、自住和移民香港。此前的2003年10月27日，香港特区政府启动了“资本投资者入境计划”，只要在香港投资不少于650万港元资产，便可申请以资本投资者身份来港定居。同时，投资者可带配偶及未满18岁的受养未婚子女以受养人身份来港。通常居港连续7年后，他们可依法申请居港权。投资移民计划仅限于房地产和金融资产领域，对象是外籍人士、澳门、台湾居民以及内地已取得境外永久居民身份的人士，内地居民并不在此之列，主要是因为涉及外汇管制，问题十分复杂。不过，内地实施的外汇及居民出境管制似乎算不上是一个难题。郭子威表示，内地居民可以找到变通的方法，曲线投资或移民香港，通常的做法是先移民去他国，然后再由他国投资或移民香港，而如果在境外有投资公司的，则可以通过境外投资公司直接以投资方式将资金转入香港，这些都是合法的途径。在政策并未全面放开的情况下，内地居民也能得以投资香港已是基本事实。香港保安局局长李少光11月11日在回答立法会议员提问时透露，自推出投资移民计划至今年9月，一共有约5100名主申请人和近万受养人通过投资移民计划赴港定居，给香港带来了366亿港元的投资，而在5100名投资移民者中，有近4000人为拥有境外永久居民身份的中国籍人士，房地产和股票是最普遍的投资方式。要投资房产，就要投资高端产品，这已是房产投资行业内不成文的准则。通胀预期的上升，资产保值增值需求无疑是推高豪宅的重要力量。郭子威说，在通胀预期不断加重的背景下，很多内地投资者开始越来越多地选择购买香港豪宅以期在未来对抗通胀。“投资豪宅，虽然成本较高，但利润率也随之更高。相对于黄金，房子在通胀周期内还可有租金收益，算上房屋增值和租金双重收益，再把通胀因素考虑进去，香港近18年的私人住宅的年均复合回报率为6.65%。”在豪宅成交的带动下，香港楼市整体攀升。香港豪宅价格已经超过了1997年创下的历史最高水平。10月23日，香港金管局对香港高端房地产价格的过快上涨作出反应，宣布即日起将豪宅首付比例由目前的30%提高至40%。我要评论,4,1,0.46815770864486694
"周迅财商度评分70(组图)评语:综合实力较强,但往往无心恋战 去年福建泉州市地税局透露,全年有20多位演艺明星在泉州市缴纳个人所得税,其中“冠军”是周迅,单笔税款就达31.3万元;而其处女大碟《夏天》一上市即突破3万张大关;随后,打印机、手机、糖果、洗发水厂商纷纷找上她,据悉每支广告报价都从7位数开始;新片《美人依旧》、《买办之家》、《恋爱中的宝贝》相继上档……周迅当上小富婆恐怕在很多人的意料之中。 只是钱到了她手里怎么花还真是件难事,因为她个性有点男孩气,平时连零食都懒得吃,穿衣服也不像同龄女孩那么挑剔,喜欢一些中档的休闲品牌,比如ISZUE、无印良品等。花钱最多也就是出席一些重要的活动,因为自己的尺寸比较小,一般得找设计师定做服装。 在经历了娱乐圈的风风雨雨后,在经历了情路的坎坷后,如今周迅终于找到了一位知心爱人,两人还将一起搬进那栋豪华的别墅——足够容纳30人开派对的大厅、绝对私人的游泳池、宽敞的屋后花园及网球场。无论是占地面积还是豪华程度,周迅、李大齐的爱巢都能媲美“鹏菲”俩耗资千万、用来相夫教女的“晴翠园 (论坛 相册 户型 样板间 地图搜索)”。 评委评语:被动型选手,防守能力较强,但缺乏主动出击的意识。 除了成为福布斯内地第一富姐,最近关于巩俐的新闻炒得最热的莫过于,16年前电视处女作片酬200元人民币与如今动辄200万广告身价的极大反差。据说当时还是中戏表演系三年级学生的她一件白衬衫配上蓝色牛仔裤的休闲造型,把学生时代的清纯模样展现得淋漓尽致。当年的她服装不少是在广州买的地摊货,一件只值几元钱。这样的当年虽落魄倒也落个清静自由,如今有了钱,怎么打理还真成了大学问:白衬衣、牛仔裤不能再随便穿了,否则2001年百花奖领奖台上的这身打扮也不会招来那么多非议;广告也不能接太多了,否则人家怀疑你老公下岗,靠你一个养家糊口…… 单靠房子升值,估计巩俐这辈子不干活也能养活自己了,当然前提是得节俭着点用。十年前公开价为5000元/平方米的房子,如今早已经涨到了一万多,购置房产搞投资的确是不错的选择。只是这片号称北京首家高档涉外的别墅区,不是一般老百姓所能够接触,十多年前就已经是响誉国际的巩俐当然除外。 评委评语:力量型选手,攻击力强,但进攻套路比较简单。 9岁时孤身来到北京和奶奶一起生活的她,在1995年写下了歌曲《喜玛拉雅》,奶奶拿出卖冰棍积攒的3万多块钱帮她拍了MTV,从此走上成名之路。艰难的成长经历给了她实打实的个性,如今专辑卖得再多、演唱会开得再火,该交给国家的钱还得交:前两年到呼和浩特演出就跟人家刘欢比着交税;去年底北京演唱会光门票收入就是200万也一样谁都不瞒。直到2000年她还住着集体宿舍,手边有了闲钱第一个想到的还是收养孤儿。 评委评语:综合实力较强,但不善于观察对手,容易一味陷入自己的套路中。 陈琳说音乐对自己来说就是一份喜欢的职业,而且它可以养活自己。有报道称,她的吉它由大师特制,价值2万多元。而像这样的吉它她共有4把,平时演出总带两把在身边,另外还有演出的麦克风和小型设备都是自己带的,每场演出的设备费用都要40余万元,是国内歌手中最高的一个。只可惜英年早逝。 评委评语:不适合参与专业性比赛,容易被对手误伤。 那英生性豪爽,赚得多也花得多。1992年夏天,她和姐姐那辛在北京民族宫附近的太平桥大街投资20多万元,开起了饭店,回头客挺多,盈利却不大,原来那英经常带一帮朋友免费吃喝,其他客人也都攀比:“既然来吃饭就是朋友,是朋友就该免单。”那英生性豪爽,最受不了斤斤计较,索性全免,弄得那辛哭笑不得。至今,那英这个能花钱的毛病,也没能改过来,“经常是挣的没有花的多,三花两花就花没了! 1995年,那英摆脱“山沟沟里头山不转水转”的状态,凭着专辑《白天不懂夜的黑》(尤其是其中单曲《雾里看花》)开始真正的走红。而同时,她还认识了生命中的男人高峰。 从此,那英的专辑越卖越好,钱越赚越多,房子也越买越多、越买越贵,十年下来,置业七处。最近的一次,她豪掷3000多万元,购置了毗邻东四环的目前北京最顶级的豪华别墅,比王菲的晴翠园别墅面积和价位都要高出1倍以上,无意中竟使自己成为娱乐圈明星中的“住房领袖”。 (媒体来源：中华室内设计网) 我要评论",4,6,0.953377366065979
 盘点全球10个最环保城市之三波特兰特点：绿色建筑、发展轻轨波特兰是美国第一个将节能减排作为一项法律推行的城市。除了“绿色建筑中心”，该城市还大力推行环保交通工具，轻轨、巴士和自行车是波特兰市民主要的出行工具。为了鼓励更多市民选择亲近自然的生活方式，波特兰市政府在城内开辟了近56万亩的绿地以及长为120公里、供市民散步和骑脚踏车的专用道。新加坡特点：“零能耗”建筑作为亚洲的“花园城市”，新加坡在环保方面的努力一直有目共睹，长达12年的口香糖进口禁止令就是例证。2009年，新加坡第一座“零能耗”建筑也将竣工。这座由旧楼改造的建筑，能源利用率将比常规建筑高60%，屋顶采用总面积达1300平方米的太阳能板供电，并与公共电力网相连，可做到电力的互相补充，内部还装有感应器，能自动调节室内的冷气系统。多伦多多伦多特点：LED照明系统、深层湖水冷却系统早在2002年，多伦多为解决“热岛效应”(由于城市化发展，导致城市中的气温高于外围郊区的现象)，就已开始在城市建筑的屋顶种上绿色植物，改善环境质量。去年，多伦多宣布将用LED照明系统取代传统灯泡和霓虹光管，以节省用电，在维护夜景的同时，减少城市的光污染。此外，多伦多市的一些建筑将利用安大略湖的湖水冷却降温，以缓解电力供应。  我要评论,4,5,0.9815744757652283
住建部官员：房产市场不健康 解决囤积是关键 中新网苏州11月28日电(郭斐斐)住房和城乡建设部政策研究中心副主任王珏林今天在此间开幕的国际旅游地产主题研讨会上表示：当前房产市场不健康，应保持政策的连续性和稳定性，解决开发商中存在的“囤地囤房”关键问题。王珏林在国际旅游地产主题研讨会上发表演讲，分析中国房地产市场形势和趋势。他表示，“目前的房价处于历史最高水平，房价涨势非常快，但这不代表当前的房地产市场是健康的。”王珏林指出，当前中国的房地产“消费过于集中，不是一个正常的市场”，这样带来了多种危害，不仅抬高了房价，抑制主流产业发展，也扰乱整个房地产市场。数据显示，中国70个大中型城市房地产价格10月同比上涨3.9%，高于9月份2.8%的涨幅。王珏林指出，当前房地产市场上有不规范现象。一些开发商“囤地囤房”，销售不诚信。他说，为了使房地产市场健康运转，一方面，应保持政策的连续性和稳定性；另一方面，要及时解决当前房地产市场中暴露出的问题，特别是一些开发商“囤地囤房”的行为。他说，“小病不医，必成大病”，解决屯积问题是关键。另外，王珏林建议，加强对租赁市场的培育，通过盘活社会资源，增加市场供应，同样也是促进房地产稳定发展的策略之一。 (完）我要评论,4,7,0.7527934908866882
2009中国住交会交通指南免费班车去 程：12月4日至5日每天早8：00起发至15：0012月6日早8：00起发至14：00乘坐地点：农展馆西门外（农展馆地铁站）→新国展地铁10号线/13号线芍药居换乘站→新国展地铁5号线天通苑北站→新国展发车时刻表（至展馆）AM 8：00 ~10:00（人满发车）AM 10：30、AM 11：00、AM 11：30、AM 12：30、PM 13：30、PM 14：30回 程：12月4日至5日每天12：00起发至17：3012月6日12：00起发至16：00乘坐地点：中国国际展览中心（新馆）南广场西侧班车停靠站→农展馆西门外（农展馆地铁站）中国国际展览中心（新馆）南广场西侧班车停靠站→地铁10号线/13号线芍药居换乘站中国国际展览中心（新馆）南广场西侧班车停靠站→地铁5号线天通苑北站回乘班车凭展会胸卡上车回程发车时刻表AM 11：00、AM 12：00PM 13：00、PM 14：00、PM 15：00、PM 15：30、PM 16：00、PM 16：30PM 17：00、PM 17：30收费班车去 程：12月4日至5日每天早8：00起发至15：0012月6日早8：00起发至14：00乘坐地点：中国国际展览中心（旧馆）→新国展回 程：12月4日至5日每天12：00起发至17：3012月6日12：00起发至16：00乘坐地点：中国国际展览中心（新馆）南广场西侧班车停靠站→中国国际展览中心（旧馆）此收费班车购票地点在新国际展览中心南登陆大厅内东侧商务中心，票价为15元/位。请乘坐回程班车时，根据班车前放置的回程地点牌选择乘坐的车辆。2009CIHAF中国房地产“三名”颁奖盛典指定班车：用于受邀前往2009CIHAF中国房地产“三名”颁奖盛典的展商乘坐发车时间：12月4日 17：30乘坐地点：中国国际展览中心（新馆）南广场西侧班车停靠站→民族文化宫大剧院（单程）发车数量：2车（凭活动门票上车）凭2009CIHAF中国房地产“三名”颁奖盛典请柬（门票）上车我要评论,4,5,0.755305826663971
两房抵押贷款收益率升至一个月高点新浪财经讯 北京时间12月5日凌晨消息，据国外媒体昨日报道，房地产抵押贷款融资巨头房利美(Fannie Mae)和房地美(Freddie Ma)的抵押贷款债券收益率周五上升至一个月以来的最高水平，原因是有迹象表明就业市场正在改善，暗示住房新贷款的利率从历史低点回弹的趋势可能延长。数据显示，截至美国东部时间11:05(北京时间5日0:05)为止，房利美当前票面利率的30年期固息抵押贷款债券的收益率上升0.13个百分点，至4.29%，创下自11月6日以来的最高水平。这一收益率高于11月30日的3.90%，暗示抵押贷款平均利率也将呈现出类似的上升趋势，后者在最近一周下跌至历史低点。房地美称，在截至周四为止的一周中，30年期固息抵押贷款的平均利率下跌0.07个百分点，至4.71%，远低于6月份创下的今年高点5.59%。房利美抵押贷款债券与10年期政府债券之间的收益率差距在周五增长0.01个百分点，至0.79个百分点。11月24日，这种收益率差距为0.68个百分点，创下自1992年以来的最低水平。推动抵押贷款收益率周五上涨的主要原因是，美国劳工部当日早些时候公布的非农就业报告推高了基准国债的收益率。非农就业报告显示，11月份美国就业人数减少1.1万人，创下2007年12月以来最小的月度裁员数字；失业率则下滑至10%，这两项数据均远远好于市场预期。美联储买入了1.25万亿美元的所谓机构住房贷款债券，从而在今年大多数时间里将抵押贷款收益率与基准国债收益率之间的差距维持在历史最低水平。机构住房贷款债券是指房利美、房地美和吉利美(Ginnie Mae)所发行的债券。富国银行(Wells Fargo &Co)驻北加利福尼亚州夏洛特的抵押贷款债券分析师格论·舒尔茨(Glenn Schultz)在12月2日公布的报告中称：“住房市场正处于复苏的早期阶段，但我们认为，在住房市场能够自我维持复苏进程以前，政府很可能需要在明年上半年以前提供支持。”(唐风)我要评论,4,1,0.9666837453842163
迪拜危机启示录：空中楼阁迟早要倒塌美国拉斯维加斯，又一家奢侈至极的酒店在这个“罪恶之城”绽放。但此次，相较酒店豪华的各种天价服务和开幕典礼上的好莱坞群星璀璨外，似乎其幕后的主人更吸引人们的眼球--迪拜世界。仅仅一周前，迪拜世界这个名词牵动了世界每个角落的神经。11月25日，迪拜主权财富基金迪拜世界宣布，暂缓偿还债务。根据评级机构穆迪的估算，迪拜的债务预计接近1000亿美元。巨大的数额勾起了人们对去年雷曼兄弟倒闭以来那波汹涌澎湃的国际金融危机的回忆。汇丰、渣打、巴克莱、苏格兰皇家银行等在内的多家银行涉及在内。人们开始担心，我国是否也会因此受到波及。庆幸的是，国内几大商业银行随即申明表示，没有涉及迪拜世界、迪拜政府和其他相关迪拜主权基金及机构发行的债权。有所涉及的，比例也相当的小。记者致电多家研究所银行业分析师，均表示认为此事对国内银行业影响不大，目前没有特别关注。因此，公众的目光从银行投向了导致其债务根源的房地产业。迪拜世界的房产项目，现在已经成为了全世界最大的烂尾楼。而就在这债务问题凸显的时刻，其旗下的“重型”项目却闪亮登场。“城市中心”酒店的开幕，似乎使得地产行业最尴尬的一面展现在了公众眼中。反观我国的地产行业，近期拍卖地王频现，房屋交易价格再次飙升，种种迹象也让人们对其产生了许多担忧。有专家对记者表示，在高速成长时期，楼价和地价互相推动的背后，是资金的不断流入。在那些光鲜的大楼后被后默默支撑的是债券、贷款等各种负债工具。一个原本是沙漠中人口只有十几万的小城，在几乎没有任何实业的基础上，居然吸引了世界上各方的资金，建成了一个人口上百万的豪华都市。房地产市场的巨大利益诱惑在其中占据了重大的因素。不断高涨的楼市，加上免税的便利，使得国际游资疯狂涌入。在聚集了巨大资金后，其所投资的项目遍布世界，美国这次的拉斯维加斯“城市中心”项目，迪拜世界就砸了近50亿美元。这种推动与反推动作用，给予了人们一个璀璨的迪拜，但当问题暴露，留下的却是满目疮痍。“迪拜危机对我们而言更多的是警示作用。”中国社科院金融研究所中国经济评价中心主任刘煜辉在接受《证券日报》记者采访时如此表示。他认为，目前为止迪拜危机对我国银行业的影响不多，但由于有过全球金融危机的影响，心理上的波动是会有的。此外，刘煜辉还告诉记者，任何以过度负债支撑起来的价格上涨或资产泡沫都是需要高度警惕。因为一旦泡沫破裂，就会带来破坏性较强的连锁反应。相信通过这次迪拜危机的警示，国内更多的行业会关注本行业内的负债和泡沫，对于投机性行为和高风险项目将会更加冷静。我要评论,4,1,0.6861749291419983
"温州商人迪拜沦陷记提要：当海水退潮时，才知道谁在裸泳。如今，在迪拜的温州商人就面临这种尴尬。席卷全球的金融危机使其遭受重创，不期而遇的迪拜世界公司债务危机，又使他们的生意、投资雪上加霜。陈周锡/文当海水退潮时，才知道谁在裸泳。如今，在迪拜的温州商人 （下文简称“温商”）就面临这种尴尬。席卷全球的金融危机使其遭受重创，不期而遇的迪拜世界公司债务危机，又使他们的生意、投资雪上加霜。多位在迪拜经商、投资的温商，日前在接受本报记者采访时说，他们的生意开始企稳回升，但交易额仍只有去年同期的40％至70％，“大家都在撑着，等待经济转好。”同时，前几年一窝蜂去炒房，几乎在迪拜人均一套房的温商，正忍受着房地产市值大缩水带来的煎熬。一位迪拜温商说，迪拜世界公司的债务危机，将会使当地经济复苏放缓，“之前有所回升的市场信心，又好像一下子被击碎了，这将直接影响到中国商人。”有“中东门户”之称的迪拜，辐射亚、欧、非三大洲，是中东地区最大的贸易集散地，也是中国商人在海外的重要据点之一。在这里，据说现有十五六万中国人，其中温商就约占10％。据统计，中国对阿联酋的出口总额，由2000年的20亿美元剧增到2008年的282亿美元，中东已成为中国外贸产品的新兴市场，温商在其中功不可没。然而，这个中国最为活跃的商人群体，却在今年市场的潮落中损失最为惨重。从俄罗斯灰色清关，到山西煤改事件,再到迪拜炒房被套，备受争议的温州资本“屋漏偏逢连夜雨”。阿联酋温州商会会长、亚洲商务卫视董事长、华星集团董事长王伟胜说：“我们都需要反思”。商贸起家在第一批到迪拜温商的介绍下，1998年王伟胜到迪拜进行考察，去之前他对这里并没有抱多大希望，“如果不行，就当一次出国旅游。”考察中，迪拜开放的商业环境很快就吸引了他，自由港迪拜只有5％的消费税，且位处欧、亚、非中转贸易的交叉点，拥有得天独厚的地理位置。“当时，在迪拜做生意的温州人还不多，那时还是日韩、伊朗、印巴商人的天下。”与大多初入迪拜的温商一样，刚开始王伟胜也以转口贸易为主，随后他的服装生意一度辐射整个中东甚至北非地区。这时，中国取代日本成为阿联酋最大商品进口国。2003年，王伟胜把业务扩展到鞋子、家具、床上用品等，成为不少国内厂家在阿联酋、中东地区的总代理，后来他成立了华星集团。事实上，从2000年开始，在迪拜政府宣传下，温州、义乌、福建等地贸易商蜂拥而入，主要销售五金电器、皮鞋、箱包、打火机、灯具等商品。随后，迪拜相继出现了中国建材城、鞋城、眼镜城，以及2004年中国人建的上千个摊位的迪拜龙城，主要为华人提供商铺租赁。随之而来的是竞争。2004年，王伟胜的生意开始走下坡路，“尽管销量还比较好做，但利润已急剧下降”。王伟胜说，在高度竞争下，商贸的不确定性还是让他感觉到不安定。与他同期进入迪拜的温商，开始酝酿多行业投资或转战他国市场，其中不少人将目光锁定房地产。2005年，王伟胜也买了几处房产，同时创办了阿联酋迪拜华人网，给前去中东淘金的华人提供贸易方便，后来成为中东最大的中文门户网站。随后几年，大量中国产品，仍源源不断地通过迪拜输往亚、非、欧。王伟胜说，这些产品还是以中低档的小商品为主，之间的价格竞争比之前更加激烈，一件商品赚几毛钱极为常见。而在大型超市、商场里，几乎看不到打中国牌子的产品，“实际上很多产品也是中国制造，只不过贴的都是别人的牌子，可见中国产业的转型升级任务有多艰难。”去年8月美国金融危机开始时，迪拜温商还在“隔岸观火”地说，我们没有影响。然而，三四个月过去，他们才意识到危机的严重性——外商集体失踪、生意一落千丈，“火烧连营”已不能自救。今年初，恰在农历春节前夕，迪拜港的货物堆积如山，温州经销商大量甩货，“还有的企业负责人，赶往迪拜为经销商甩货。”迪拜温州商会会长陈志远说，目前甩货只是极个别现象，从今年三季度开始，迪拜外贸稳中有升，虽然迪拜世界公司债务危机会影响华商信心，但对贸易不会产生很大影响。尽管如此，迪拜世界公司债务危机发生之后，迪拜城内龙城等几条批发商业街道的租金在债务危机爆发后下跌10％。一直不打折的迪拜七星级帆船酒店暗地里推出促销活动，房型170平方米的单卧豪华套房，每间夜售价现为1210美元，约为门市价2951美元的4折。颇具知名度的亚特兰迪斯五星级酒店，最近也打出了亲情价招徕顾客。迪拜旅游公司负责人李明说，今年9月阿联酋正式成为中国公民组团出境旅游的目的地，“即使这样，除初开通时的几批游客外，之后游客一直比较少。”据统计，8月份，迪拜出境游同比下降32％，入境游同比下降45％。李明说，今年6月迪拜官方公布，市场上有14万张空头支票，“有些商人的资金流紧张，甚至消失得无影无踪。”他认为，迪拜世界公司债务危机将使迪拜贸易复苏至少推迟一年。有人动手了在贸易中实现原始资本积累后，很多温商开始把投资目光转向房地产。2000年，迪拜允许卖房给外国人，这意味着外国人不仅可以拥有永久产权的房产，还能拥有永久产权的土地。一位在迪拜从事房地产中介的黄姓温商说，出于经商便利考虑，少数人在当地买了房子，起初的投资味道并不重。从2003年开始，与国内房地产价格高涨一样，迪拜的楼市也在一路看涨，于是一些寻求资本突围的迪拜温商开始大量买房，2005年前后王伟胜也买了几处房产。从2006年开始，温商开始在迪拜炒房。王伟胜说，当时不少温州的亲朋好友闻讯赶来，大家筹集资金组成“银团”，用团购价买一栋楼或整层房。然后选出“董事长”，由他决定何时出货，赚得利润按资金比例分摊。一旦出现亏损，银团会召开“董事会”，集体决定何时出货及出货价格。“炒楼是大家合伙做生意，这种投资关系建立在信用基础上，有赚也有赔这很正常。”这种在国内多见的温州炒房方式，也在迪拜找到了生存的土壤。在迪拜，购房者多为看图买房，首付定金为房款的5％，两个月后再续交20％、签订购房合同。于是，大量投机商在两个月时间里，只要用5％房款就可赚到一倍以上的利润，当时因为在迪拜炒房，一年赚两三百万元的温州人不少。但也有一些实力型温商，选择中长线持有物业。比如迪拜“耶稣岛”别墅，2004年刚推出时一幢只卖960万元，去年猛涨到近6000万元，上涨了600％。炒房时间之短、回报率之高，均是一般传统贸易无法企及的，令很多温商流连忘返。上述黄姓房产中介商说，前两三年，迪拜温商主要精力是炒房，贸易已退居其次。“在2007年至2008年，很多炒家抽走实业资金，在迪拜房价高位时相继杀入，少则一两套，多则几十套的期房。”与此同时，在迪拜纷纷出现由温商创办的 “房产中介所”，在为炒家提供咨询服务时，自己也参与了炒房。在迪拜温州商圈中，流行一句话：有钱的去开发，没钱的人去炒房。据知情人士透露，在2005年，一位迪拜温商黄姓老板就手握3个地块，2007年抛售了其中2个小地块，获利至少三四千万元以上。此时，有人建议他高价出售第三个地块，黄老板不愿意，说要建一个医疗器械贸易的“迪拜中国健康城”。2008年初，一位温商斥资3000万元购买迪拜卫星城一块地皮。“如果开发顺利，他们靠图纸卖楼花，资金就可迅速回笼，赚取几倍、甚至十几倍以上的利润，比炒房赚多了。”迪拜的地产狂欢气氛，极大刺激着国内温商的财富神经，于是有人动手了。2007年10月，温商、上海中州国际控股集团董事长胡宾，斥资2800万美元买下迪拜世界岛中的 “上海岛”，计划在总面积111亩的岛上投资12亿元开发58栋别墅，据说此后预订了12套。紧接着12月份，温商、上海进福房地产开发有限公司董事长张进云，温州房地产开发商周建亚分别与阿联酋拉斯海马政府，签订两个房地产开发项目的意向协议书，总投资为70亿元。收获还没开始，危机迅速降临。去年8月，美国雷曼兄弟破产后，国际热钱迅速撤离，迪拜房价开始暴跌，这是温商从未料到的最差结果。一位不愿具名的迪拜黄姓温商说，短短几个月时间里，他投资的迪拜项目土地市值大幅度缩水，从最高时的800迪拉姆/平方英尺，急跌至近200迪拉姆/平方英尺。这与他三年前买下这块地的价格几乎一致。在恐慌心理影响下，迪拜土地交易市场几乎停滞，想抛也无人接盘。他说，该项目土地款绝大部分已经支付，剩下一小部分预付款已向政府申请缓交。目前，温商开发的六七个房地产项目已全部暂停，损失比较严重。知情人士透露，其中胡宾已为迪拜上海岛投资了7000万元以上，“项目已经暂停，等待机会再行启动”。张进云说，由于金融危机等原因，他此后就没有和当地政府签订正式开发协议，也没有为此投入资金。最痛苦的莫过于跟风炒房者。他们要么是忍痛割舍先期投资，撤离回国；要么债台高筑，缴纳高额的银行贷款，如果撑不住，甚至有锒铛入狱风险。上述黄姓房产中介商说，到今年二季度，迪拜房价已从2008年的最高点，回到了2003年水平，“之前翻了600％的房价，又重新回到了起点。”从今年第三季度开始，楼市有了止跌回稳的迹象，迪拜世界公司债务危机又将对楼市信心产生较大影响。困于转型？与众多温商投资房地产不同，王伟胜则选择一次跨行业的转型升级。2006年1月，王伟胜伙同他人斥资买下阿联酋电视台——阿拉迪尔（音译），更名为“亚洲商务卫星电视台（AAB）”（简称亚商视），一举成为中国收购海外卫星电视台第一人，成为他人生的一个转折点。他说，迪拜与中国之间巨大的商业市场和频繁的商业交往，需要一个中文传媒窗口进行沟通，帮助中国厂商在中东建立品牌影响力，这将是一单名利双收的生意。王伟胜之前说，他只是个以贸易起家的商人，对电视台的营运知之甚少。不可否认，那时存在节目比较单一、内容不够丰富，尤其是节目制作、品牌推广、市场规划工作欠缺，而他熟悉的商业活动则比较多。那时迪拜经济如火如荼，使亚商视前景颇为看好。2006年，3位来自传统制造业的温州股东加入亚洲商务卫视，占股20％。去年1月，亚商视引进媒体资深人士高度，出任亚洲商务卫视总裁，并于4月把中国总部从广东迁往杭州北部软件园。“我们必须打出‘中国制造’口号，推动中国产业的转型升级。”高度说，他们的主要工作是牵线搭桥中国地方政府与中东的沟通，同时让企业通过节目合作拓展中东市场，并陆续推出“相信中国制造”等栏目。据悉，与亚商视品牌合作的奥克斯当年在中东地区销售增长了10％以上。之后，亚商视与政府部门、行业协会的合作逐步深入，并掀起了一股中东招商引资热潮。然而与王伟胜不同，很多温商在房地产投资市场流连忘返，失去了转型升级的动力和活力。“这是我们感到后悔的一件事。”温州中小企业发展促进会会长周德文说，温州人一直对迪拜寄予很高的期望，但是现在我们认为投资者应当极其谨慎，避免盲目投资。“现在除了房地产，我们还能投资谁！”一位制造业出生的温州煤老板无奈地说，温州资本逐利性强，房地产仍是暴利行业，准入门槛也比较低，因此成为很多温商产业转型的首选。“并不是所有的企业都能转型升级，这需要企业拥有很强的实力，更需要政府的大力扶持，而温州民营企业大多数规模比较小，且从事的多为产能过剩的轻工业，转型难、升级更难。”温州资本从原先的 “弄潮儿”，被指为今天的“搅局者”，这让亚商视总裁高度忧心忡忡：“他们一窝蜂地去搞房地产，这正常吗？那制造业的转型升级又靠谁？”温州恒生资产管理公司董事长黄伟建说，温州拥有几千亿元的民间资本，如何规范、引导温州资本运作最为关键。 延伸阅读我要评论",4,1,0.5652709007263184
国家信息中心：二次房贷政策明年或将全面收紧二次房贷明年或收紧范剑平表示，2009年，中央和各地已采取一系列措施拉动消费，效果很好，前三季度社会消费品零售总额实际增长17%，最终消费对GDP贡献了4个百分点。如果2010年的宏观经济政策能与这一趋势相契合，将取得事半功倍之效。他进一步表示，2010年，国家应该延续并完善今年出台的消费政策。在购房消费上，继续为低收入者增收减负，让其有能力消费；继续刺激居民首次购房需求，购房契税、房贷利率等优惠政策要延续，对二套房贷则要严格把关。优惠政策延续亦难解渴但有地产人士提出质疑，楼价那么高，即使降低契税，也让很多首次置业的买家望而却步。天河某楼盘营销总监分析，市区一套100平方米的三房，总价就超过120万。如果首次置业者可享受1%的契税优惠(非首次置业者契税为3%)，也就是少了2.4万元。对于总价来说，也是杯水车薪，买不起房的人还是买不起。新闻背景收紧二次房贷 细则迟迟未出对于二次房贷的收紧，自今年下半年以来，多个部门都已经明确表示，但收紧的细则却迟迟未出台。据记者了解到，目前广州各大银行对于二次房贷都有不同程度的收紧，二次房贷想要再享受之前的7折利率几乎是不可能。其中四大国有银行一般按基准利率，或上浮10%。而有的小银行仍然有比较宽松的优惠，利率可以下浮20%~29%。“但能享受到29%的利率的客户少之又少，尤其是到了年底，银行的放贷任务已经大大超过预定的任务，所以想要享受优惠利率更为困难。”广州某按揭公司经理透露。记者 罗莎琳分析调整或抑制购房欲望目前楼价一路上涨，其中多次置业者(包括投资客)占了不小比例。明年对二次房贷进一步收紧，若无其他利好政策支撑，楼价或面临调整。肖文晓表示，目前二手楼市中的投资客占到了三成比例，一手楼更严重，大概有五成。严格执行二次房贷政策，等于提高了投资门槛。据悉，假设一位自住客原本计划贷款100万元30年等额还清的话，7折利率情况下的月供款为4865.69元，而8.5折利率下的月供款将涨至5398.2元，如果完全取消优惠，月供则需5956.98元。前后住房供款多了1100元。“收紧7折利率，也就意味着增加投资者的投资成本，风险进一步加大，因此会抑制他们的购房欲望，有利于抑制楼市的投资气氛，楼价也会相应回落。”肖文晓表示。记者 罗莎琳数字上周重点城市成交面积跌多涨少据某机构的最新监测，11月30日至12月6日，在被监测的31个城市中，楼市成交面积环比上升的城市有15个。在10个重点监测的城市中，6个城市成交面积环比下跌，其中深圳成交面积环比下跌近30%；成交面积环比上涨的3个重点城市中，杭州、南京涨幅都在5%以内。总体来说，上周重点城市成交面积跌多涨少。其中，深圳、重庆、上海和北京量价齐跌，分别环比下跌29.98%、16.89%、15.55%、5.90%。截至上周，2009年1~49周累积成交面积前三位依次是上海、重庆、北京。1~49周的成交面积同比增幅一倍以上的城市有杭州、天津、苏州、南京、武汉、成都等六个城市。据最新统计，截止到今年12月份，广州市中心六区的成交均价从2月再破万元关口后，除了4月稍有回落外，已连续数月超过12000元/平方米。我要评论,4,1,0.5333442091941833
发改委表态将抑制炒房国家发改委提出抑制投机性购房需求，认为明年通胀可能性不大■ 部门对策本报讯 (记者钟晶晶)国家发改委昨日在京西宾馆召开“全国发展和改革工作会议”。作为每年中央经济会议后首个召开的部委会议，备受社会关注。会议首先对当前经济形势做了基本判断，国家发改委主任张平指出，明年调控任务依然十分繁重。八项工作重点为：促进经济平稳较快发展、促进产业优化升级和战略性新兴产业发展、巩固农业农村经济发展和农民增收的基础、增强区域发展的协调性、抓好节能减排和应对气候变化工作、推进重点领域改革和对外开放、加强以改善民生为重点的社会建设、抓好“十二五”规划及相关重大问题的研究工作。张平表示，政府将完善住房消费和调控政策，增加中低价位和限价商品房的供应，抑制投机性购房。同时，“增强居民消费能力，继续优化消费环境，进一步拓展消费空间，促进消费需求持续较快增长”。不过，一位外企白领接受记者采访时表示，现在面临结婚购房，但年末房价暴涨，油价也涨到了历史新高，公司却因受经济危机冲击，1年多来一直将薪水“冷冻”，很想知道政府究竟推出什么措施来拓展老百姓的消费空间。“房价的问题主要还是住建部在做。”发改委内部人士表示，具体的执行办法可能还需要相关部委仔细研究再出台。近期食用油价格、猪肉价格均有一定幅度上涨。对于社会上存在的通胀担忧，国家发改委价格司副司长周望军表示，我国多数工业消费品和农产品供过于求，明年内地出现明显通货膨胀的可能性比较小。我要评论,4,7,0.6287885904312134
国务院邀学者研讨拆迁条例(图)北大法学学者称法制办该举动为“比较积极的回应”；人民日报评论呼吁彻底修改条例11月27日，贵州博宇房地产公司暴力拆迁引发群体性事件，警方对暴力强拆和堵路事件进行调查，拘留２４人。资料图片本报讯 （记者郭少峰）昨天，建言全国人大审查拆迁条例的五名北大法学学者接到邀请，参加明天由国务院法制办举办的座谈会，研讨《城市房屋拆迁管理条例》(以下简称《拆迁条例》)。5建言学者获邀参加座谈会本月7日，北大五名法学学者向全国人大常委会建议立法机关对《拆迁条例》进行审查，撤销这一条例，或由全国人大专门委员会向国务院提出书面审查意见，建议国务院对《拆迁条例》进行修改。昨天中午，5学者之一王锡锌接到了来自国务院法制办的电话邀请，要他们明天去参加座谈会，研讨《拆迁条例》。北大法学院姜明安教授表示，国务院法制办副主任郜风涛邀请他们参加这次会议，并将主持这次座谈会。北大递交审查《拆迁条例》建议书的五名法学学者分别是沈岿、姜明安、王锡锌、钱明星和陈端洪。不过陈端洪因事先安排了其他事务而当天无法到会。另据了解，除了这五名学者，还会有其他学者参加这一座谈会。对国务院法制办的这种做法，王锡锌表示，“这是比较积极的回应”。王锡锌说，之前通过私下渠道了解到国务院法制办对《拆迁条例》比较重视，“也有非正式的交流”。他也了解到这一条例的修改和废除会面临很大的阻力，但现在全社会都比较关注这一条例和拆迁问题，这是一个契机。人民日报呼吁修改拆迁条例此前媒体报道称，国务院正准备修改这个条例，目前已组织国务院法制办、住房和城乡建设部、国土资源部、农业部、林业局等相关部委，进行前期的立法调研工作。《立法法》规定，公民认为行政法规和单行条例同宪法或法律相抵触的，可向全国人大常委会书面提出进行审查的建议，由常务委员会工作机构进行研究，必要时，送有关的专门委员会进行审查、提出意见。王锡锌说，《立法法》只规定了公民有提起违宪审查的建议权，并没有规定立法机关如何回应公民的建议。沈岿也表示，有关部门不一定会开一个先例，对公民的建议要予以回复。沈岿表示，成都唐福珍为对抗拆迁而自焚事件促使他们提出这一建议。《人民日报》12月10日发表“人民时评”称，6年前的孙志刚案废除了《城市流浪乞讨人员收容遣送办法》，希望“悲剧性的个案最终能推动制度的进步”，让城市拆迁立法融入更多现代法治的文明基因，以避免同类事件的再度发生。评论称，在《物权法》出台之后，我国拆迁制度就受到质疑，此次如果能顺应民意和法治潮流，对《拆迁条例》中与上位法相冲突的地方进行彻底修改，无疑是众望所归。案例1《物权法》2007年颁布实施后两年中，各地暴力拆迁事件依然频发。专家表示，应废除《拆迁条例》，涉及财产权的征收征用一定要走法律程序，而非行政程序；政府应完全从商业拆迁中抽身出来。中国政法大学宪政研究所所长蔡定剑：强拆应走法律而非行政程序时间：2009年10月28日地点：青岛事件：张霞自焚抵制拆迁受伤，生死未卜1998年张霞在青岛购买一块180平方米土地开酒楼。2007年6月，这片土地被当地政府卖给开发商做小产权住宅。开发商提供近300平方米的小产权住宅进行置换，她拒绝了这一补偿协议。此后两年内，张霞的房子四次面临强制拆迁。2009年10月28日，张霞在自家门前，面对拆迁挖掘机，将汽油浇在了自己的身上。有媒体评价说，“与成都唐福珍自焚事件不多的区别在于，张霞现在还活着。”张霞的房子随后被拆除。其所在的街道办事处党委书记接受采访时表示，“我们是依法拆除的，张霞的行为是妨碍公务、阻碍施工”。点评：这个拆迁案例，其过程中存在政府征收的特点，如街道办负责等。按照法律，政府可以为了公共利益征收土地，但即使在这一合法目的下，也要考察具体的程序是否合法，手段是否恰当，补偿是否公平适当。公平的补偿应由真正独立的评估机构评估，按市场价格给拆迁户补偿。如价格没有得到认可，应当进行诉讼，法院会对拆迁目的的合法性、程序的合法性、补偿的公平性等进行审查，最后才决定是否拆迁。但按照目前的拆迁条例，诉讼的过程不影响拆迁行为的进行，这是该条例最不合理的地方。我们呼吁废除这一条例，就是要求涉及财产权的征收征用一定要走法律程序，而非行政程序。从国外的经验来看，即使法院最后判决政府胜诉，政府也很少采取强制的手段，因为拆迁不仅是一个经济问题，还涉及到人的情感，对于有些人来说，你给他再多的补偿，他可能也不愿意离开自己的家。案例2北京才良律师事务所主任王才亮:商业拆迁政府应完全抽身时间：2009年11月27日地点：贵州事件：开发商组织数十人暴力拆迁引发群体性事件2009年11月27日，贵州博宇房地产公司组织数十人，携带钢管、撬棍和封口胶对9家住户８间门面进行暴力拆迁，13名正在熟睡的住户被强行拽上汽车拖离现场。这一行为随后升级为群体性事件，拆迁户用４０余瓶液化气罐堵路，造成近万台车辆滞留。警方对暴力强拆和堵路事件进行调查，拘留２４人。警方随后通报，在民警赶赴现场之后，开发商正用２台挖掘机实施野蛮拆除，群众则手持刀具与开发商方面人员对峙，民警制止之后，拆迁人员反而继续催促工人加快拆迁速度。点评：与政府征收模式不同，贵州的这个案例是一种商业拆迁，房屋的原有业主和房地产开发商是一种民事关系，如果双方在价格上未达到一致，那么交易就不应当进行。上述案例完全是暴力拆迁。按照《拆迁条例》，“拆迁人与被拆迁人或者拆迁人、被拆迁人与房屋承租人达不成拆迁补偿安置协议的，经当事人申请，由房屋拆迁管理部门裁决”，将政府置于一种第三方的位置，但《物权法》已明确，仅仅是在涉及公共利益需要的情况下，政府才可以决定是否征收土地，开发商更无权力单方面决定是否拆迁，因此政府应当完全从商业拆迁中抽身出来，并且废除目前商业拆迁领域的许可证制度。按照物权法规定，在土地使用权尚未进行转让的时候，根本不能进行买卖，也就是说拆迁应当在购买土地之前，但目前很多土地都是先卖后拆，已付资金的压力也是开发商不断出现暴力强拆的原因。我要评论,4,7,0.5985575318336487
货币政策明松暗紧 银行放贷将现分化 本报记者 张晓赫 北京报道中央经济工作会议定调的“相对宽松货币政策”并没有完全打消市场上浓郁的政策收紧预期。“尽管定调没变，但2010年国内所面临的大环境与今年会有很大不同，不可能再像今年这样出现信贷天量了。”中国工商银行总行风险管控部人士认为，中央经济工作会议报告中“管理通胀预期”、“增强针对性和灵活性”、“把握好货币信贷增长速度”等要求的出现已意味着政策开始变化。可以佐证的是，中央经济工作会议召开后，央行与银监会鱼贯而出的把握信贷增量以及彻查信贷风险的警示与行动。而在包括摩根大通在内的机构解读中，这已经被看做是明年货币政策微调、明松暗紧的铁证。中信证券银行业研究员朱琰表示，与微调的货币政策相关，监管部门对银行业的监管指标也会趋紧，在此环境下，2010年各商业银行的放贷规模会进一步差异化。“大银行、城商行以及顺利融资的股份制银行信贷规模会进一步扩大。”明松暗紧的货币政策尽管日前的中央经济工作会议最终确认货币政策不变的信号。但对比2008年的中央经济工作会议全力保增长的基调，今年添加的众多修饰性词汇已经开始显示此次政府定调的微调。“其实这已经在意料之中，毕竟经济已经开始回暖，下阶段除了继续稳固经济恢复基础，还要调整经济结构，保证整体的平衡性。”中央财经大学中国银行业研究中心主任郭田勇表示，监管层不会让信贷大起大落，但出于银行体系风险防范也会适度加强调控力度。此前，今年前10个月高达8.9万亿元新增人民币贷款一度让市场紧张是否会引来明年严厉的政策收紧。这种担心在上述工行人士看来不无道理，“上半年的经济回暖更多的是依赖于海量的信贷支撑，如果市场根基没有稳固，盘子越大，滋生泡沫的可能性就越大，积累在银行系统的信贷风险也就越大，监管层也在一直关注这个问题。”这种担心，在此次中央经济工作会议中已经开始显现，尽管2010年防通胀仍然让位于持续稳定经济增长，但“管理通胀预期”已经被提及。与之相呼应，中央经济工作结束后，央行表示未来要控制信贷增长速度，银监会也通知要求各商业银行排查今年前10个月的信贷风险。“如此看来，明年的货币政策在实际执行中基本上会是明松暗紧的状况，监管层对银行会通过存款准备金率等监管指标以及其他杠杆政策来进行微调。”郭田勇表示。在此解读下，各机构对于明年商业银行新增贷款规模的预期都有所下调。中国民生银行地产金融事业部市场总监叶天放认为：“按照2009年贷款余额40万亿元，2010年增速17%~18%计算，2010年新增贷款规模会在7万亿元左右。”摩根士丹利的预测稍高，在7万亿~8万亿元之间。而对于监管层有可能使用的微调工具，中信证券分析师朱琰认为，最优先的监管措施应当是对存贷比、资本充足率等监管指标的监控。“资本金及核心负债将成为影响信贷规模的重要变量”。除此之外，调整存款准备金率、利率的预期也开始增加。“明年存款准备金率将有1.5~2.5个百分点的上调空间，且会优先于利率使用。”叶天放表示。而随着中央经济工作会议继续稳定增长的定调以及市场对于中国将后于美联储加息的判断，各机构也纷纷下调明年中国加息的力度，并将加息时间预测为下半年。中信证券最新发布报告表示，2010年中国加息时点最可能出现在下半年，次数为1~2次。银行放贷分化值得注意的是，一旦货币政策趋紧，监管层与银行的博弈便开始浮出水面。如今，面对货币政策再次趋紧，市场上的大宗资产价格虚高呼声四起，银行普遍中长期负债过高等问题，各商业银行未来的放贷态度则再次引起了市场的关注。“各银行的确面临一系列的系统性风险，但总体来说，由于2009年的市场基本面回升，明年的企业信贷需求会有所增加，资产质量也会有所提升，这一定程度上会吸引银行的放贷。”上述工商银行人士认为。所谓的系统性风险，在业内人士看来既包括大量泡沫风险集中在银行体系，也包含了过去一年中各银行信贷增长严重的结构失衡，国家统计局数据显示，在过去10个月的天量信贷中，超过半数都是以基建、个人住房按揭等为主的中长期贷款。“这意味着银行资产流动越来越差，如何高速且稳健运行是每家商业银行都要面临的问题。”叶天放表示，银行资产的固化也大大加剧了银行的系统性风险，未来各商业银行则需要通过再融资以及发债等证券化手段来补充或增加流动性。但显然各商业银行年底“跑马圈地”的热情，已然昭示了放贷吸引力已大大抵消了对于系统风险的担忧。对此，朱琰表示，在货币政策以及监管指标双向趋紧的情况下，明年的信贷市场可能会产生分化。“资本充足、经营战略激进的银行放贷规模会有进一步增长，这中间包括四大国有银行、城商行以及顺利融资的股份制银行”。而事实的确如此。在今年年底的银行圈地运动中，各城商行的放贷比重显著提高，而四大银行则以地方政府、大型央企为对象协议授信。从授信额度来看，这些协议涉及的贷款金额少则几十亿，多则数百亿，其中还不乏接近千亿的大单。上述工行人士表示，目前工行指定的明年信贷目标并未受信贷微调影响。而叶天放也表示，在金融风险可控范围内，民生银行将继续拓展信贷业务，并为地产金融提供一揽子的打包服务。点击进入本刊更多内容：（中国房地产报）订阅热线：800-810-0909我要评论,4,1,0.9848501682281494
拆迁新制度已形成草案已就新拆迁制度形成草案文件，受邀与会学者表示将就征收、补偿等问题发表意见本报讯 (记者郭少峰)今天国务院法制办将邀请建言全国人大审查《城市房屋拆迁管理条例》(以下简称“《拆迁条例》”)的北大5名法学学者举行座谈会，研讨拆迁制度修改的有关问题。昨天，参加座谈会的学者收到了国务院法制办已经形成的修改后的关于新拆迁制度的草案文件。据了解，同时出席座谈会的还有王利明和梁慧星等民法学者，此外，住房和城乡建设部等部门相关负责人，也有望参加这次座谈会。学者建议废除《拆迁条例》出台《征收条例》此前，全国人大代表、全国人大法律委员会委员梁慧星接受本报专访时表示，应该废除《拆迁条例》，建议尽快出台《征收条例》。国务院法制办今日将在京组织专家学者座谈会，研讨拆迁制度修改的有关问题，国务院法制办副主任郜风涛将主持这次座谈会。此前，国务院法制办曾在官方网站通过回答网友提问的形式表示，“2001年6月13日发布的现行《城市房屋拆迁管理条例》有效。”国务院法制办已就修改后的新拆迁制度形成了草案文件。由于要就这个草案进行讨论，昨天，应相关学者向国务院法制办提出的“不了解草案内容无法形成针对性的讨论意见”，国务院法制办将草案文件专门送给参加座谈会的学者。5位建言学者之一、北大法学院教授王锡锌教授表示，今天的座谈会应该会先听国务院法制办的人士就草案内容做一些介绍和解释。与会学者将就征收、补偿等问题建言昨天接受电话采访时，5位建言学者之一、北大法学院教授姜明安表示，正在研究国务院法制办修改后的关于拆迁制度的草案文件，今天将会就草案中涉及的问题提出自己的意见。姜明安说，会就理顺拆迁过程中涉及的征收、补偿和拆迁的关系发表意见，但拒绝进一步透露自己发言的内容，“因为我的发言是针对草案内容的，这涉及草案的具体内容，而现在草案内容还不便透露。”昨天，另一位与会学者沈岿表示，自己也是对座谈会发言作了准备。他表示，自己的发言会涉及政府在拆迁中扮演的角色，补偿和征收程序等。根据法定程序，新的拆迁制度的修改最终会征求社会意见，“要让社会各方面参与，了解在实际当中遇到的具体问题。”我要评论,4,7,0.5697247385978699
二套房信贷政策很可能被严格执行据新华社北京12月16日电 (记者王宇、姚均芳)本月以来，中央接连释放房地产市场调控信号，日前国务院常务会议更是明确提出“遏制部分城市房价过快上涨的势头”，提出“加大差别化信贷政策执行力度，切实防范各类住房按揭贷款风险”、“加强房地产信贷风险管理”等房贷政策。在新一轮市场调控之下，房地产信贷政策会呈现怎样的变化？新华社记者就此采访了相关人士。“二套房”信贷政策很可能被严格执行记者就会议中“加大差别化信贷政策执行力度”的提法致电中国人民银行等有关部门，相关人士表示，目前并不清楚是否有具体细则出台，但2007年出台的加强商业性房地产信贷管理政策已强调了差别化信贷原则，关键是银行是否遵照执行。“‘加大差别化信贷政策执行力度’，是国务院会议提出的‘运用金融等手段加强和改善对房地产市场调控’的体现。根据这一原则，明年银行将会针对不同类型的房地产开发和购房需求予以不同的金融对待。”中央财经大学中国银行业研究中心主任郭田勇说。“从开发贷款来说，银行会优先保证经适房、限价房的贷款需求，对高房价地区、高价住房的风险会充分考虑。从按揭贷款来说，银行信贷投放会区分高中低档住房，将对执行利率的优惠程度、首付比例等进行区别对待。”中国建设银行高级研究员赵庆明指出，目前暂未收到相关具体指导意见，预计未来央行、银监会会对此制定并出台具体相关指导意见。“在个人住房按揭贷款方面，此前央行、银监会制定的‘二套房’信贷政策今后很有可能会被严格执行。”郭田勇说。2007年9月，央行、银监会联合发布了《关于加强商业性房地产信贷管理的通知》，根据通知，第二套(含)以上住房首付比例不得低于40%，贷款利率不得低于基准利率的1.1倍，贷款首付款比例和利率水平应随套数增加而大幅度提高。预计将从严管理房地产企业开发贷款此外，对于国务院常务会议提出的“加强房地产信贷风险管理”的提法，专家预计明年银行会对房地产企业开发贷款进行从严管理。今年以来，我国房地产市场异常火爆，企业资金异常充裕，这与开发商较以往更容易获得银行信贷有着直接关系。国家统计局数据显示，今年前11个月我国房地产开发企业资金来源中，国内贷款接近9000亿元，个人按揭贷款超过7000亿元，前11个月总计流入房地产的信贷资金超过1.6万亿元，此数据比去年同期多出六成。而在今年全国9万多亿元的银行新增贷款中，约1/6流入到了房地产开发领域。过多的银行资金进入到房地产领域无疑会埋下一定信贷风险。记者了解到，有些开发商从银行获得贷款后，不是用在了支付工程款等开发领域，而是投入到土地市场，用来在土地市场上拿地，拖欠了工程款不说，还推高了土地价格，加剧房价上涨压力，最终加大了房地产信贷风险。“房价若再大幅上涨，银行房贷就将面临巨大的系统性风险。如果银行贷款无法按期偿还，就会进一步加剧银行的呆坏账，从而引发银行业的动荡。”中国社科院金融所研究员尹中立认为，迪拜危机以及此前的香港楼市泡沫、日本楼市泡沫都表明，房地产开发过度依赖银行信贷容易带来信贷风险。“明年银行一定会控制和杜绝违规放贷，对开发商资质、自有资金状况、管理情况进行从严审核。”郭田勇说。记者了解到，银监会近日已要求各大商业银行对当前面临的六大风险进行全面自查。其中，房地产行业信贷风险位列其中。我要评论,4,1,0.555581271648407
传郭晶晶欲落户香港战伦敦奥运 装修别墅当婚房    首届中国跳水明星系列赛武汉站的比赛昨晚落幕，“跳水女皇”郭晶晶并没有像之前媒体报道的那样前往参赛。前天，中国跳水队领队周继红表示郭晶晶将以“休养”为由淡出，并称“并不排除退役的可能”，这立即引起人们的猜测：难道郭晶晶和霍启刚的好事将近？据香港媒体昨天报道，郭晶晶不惜放弃明年的广州亚运会，原因就是她将在明年嫁入霍家。他们的理由有两点：其一，郭晶晶已准备装修前段时间霍家所赠的北京五环外一高档别墅；其二，霍家已着手准备通过“优秀人才入境计划”(简称“优才计划”)为郭晶晶尽早落户香港。休养实为退役做铺垫据记者了解，郭晶晶这次以休养名义暂别泳池，实际上就是退役的“温和式”说法，一位跳水队内部人士告诉记者，“谁都不希望这么优秀的运动员退役，但她已到了结婚的年纪，这次休养其实就是退役，只是为了给大家一个可以接受的空间和缓冲而已。”其实，周继红前天的表态中就非常“暧昧”，“(郭晶晶)在明年一年的恢复期内，如果情况好，可能重新恢复训练，如果不好，也许就退役了。”而据郭晶晶的一前队友透露，霍启刚其实很传统，老早就不想自己的未婚妻在外抛头露面了，“加上两人聚少离多，霍公子本来就不舒服，也劝过郭多次，而郭很在乎两人的感情，也很在乎自己的事业发展，随着北京奥运夺冠，郭晶晶终于可以‘让爱做主’了。”装修豪宅作北京婚房现在，越来越多的迹象都在表明郭晶晶和霍公子的婚期已近。昨天，香港一媒体爆出郭晶晶正准备装修去年霍家所赠的价值3000万人民币的豪华别墅，并称“这很有可能就是他们俩在北京的婚房！”据说，这套别墅位于北京海淀区四季青镇门头村，在五环以外。据记者了解，该楼盘的中式院落独栋别墅面积为300—550平米之间，另外，每栋别墅送150平米的地下室。该别墅在2007年的预估开盘价就高达55000—60000元/平米。难怪媒体都将这一带的房子称作“北京顶级私人豪宅群落。”另外，香港众多娱乐狗仔近日都在霍家大宅薄扶林沙宣道33号门口跟拍，希望能捕捉到一些霍家筹备婚礼的细节。目前霍家大部分成员都住在这栋估价4亿港币的豪宅内。申请参加香港“优才计划”一方面，香港媒体对郭晶晶准备将北京的豪宅装修认作“出阁”的前奏，而另一方面，有消息称，郭晶晶已向国家体育总局申请，准备通过香港地区推出的“优才计划”落户香港。“优才计划”是香港2006年推出的引入优秀人才落户的特别通道。郎朗2006年11月27日正式成为香港居民，成为该计划启动后的首批名人。当时，奥运冠军伏明霞、钢琴王子李云迪等均在首批入选之列。以奥运冠军的身份，加上“准公公”霍震霆极广的人脉，郭晶晶通过这条路落户香港应该不成问题，当然，前提是必须先获得中国跳水队和国家体育总局的同意。现在距离伦敦奥运尚有一段时间，如果郭晶晶落户成功，到时状态允许的情况下，她届时代表中国香港参加伦敦奥运会也不会令人意外。本报记者 谢礼恒我要评论,4,3,0.7966821193695068
北大五学者建言的背后故事12月7日上午11时半，我赶到了北大法学院5楼会议室，在现场看到了姜明安、沈岿、王锡锌、钱明星和陈端洪五位法学学者。签字时，姜明安老师看到身份证号码时还在问，非要写上身份证号码吗？沈岿跟他说，这是证明建言者是中华人民共和国公民。沈岿第一次看到唐福珍自焚的视频时跟学生们在一起。他非常感伤，特别的郁闷：一个公民在机器面前，以及在机器背后的政府面前太柔弱了。当时他失态了。谈到这段的时候，我还能听出沈岿声音的变化，仍能感觉到他细腻的感情和内心的郁闷。他说，不知道自己会不会哪天也面临被拆迁的问题，但起码他的亲属中已经有人面临这个问题。沈岿曾在2003年 建议全国人大常委会，审查《城市流浪乞讨人员收容遣送办法》，当时是因为大学生孙志刚的死亡。当时的结果是一个月后国务院宣布废除《收容办法》。这次又是在一个公民唐福珍自焚而亡的情况下，他又参与建议全国人大常委会审查《城市房屋拆迁管理条例》。他接受采访时流露出一丝无奈，为什么非要用公民的死亡来换取社会和相关部门对不合理法律法规的改变，用他的话说，就是“挺悲哀的”，应该有人站出来。除了学者，沈岿特别强调自己的公民身份。在本报就他们建言事件报道时使用“上书”的字眼，他感到不适。现在是公民时代，在法律上明确了公民“建议”的权利。作为老师，沈岿不只一次跟我说学生在建言起草过程中起到的作用，以体现对这些学生劳动成果的尊重：成协中、林良亮、孙宇和薛启明这几名博士生帮助他们收集了相关资料。虽然国务院法制办副主任郜风涛并不认可学者建言与召开相关专家座谈会之间的因果关系，但不可否认的事实是，五名参与建言的学者都得到了邀请，只有陈端洪因为事先安排其他事情而没有参加而已。沈岿事后说，新的条例草案与他们建言的内容基本一致。不过，就在他们参加座谈会的当天，媒体报道了海淀区席新柱自焚应对拆迁的事情。用沈岿给我回的一条短信的话说，那就是“路途还漫长，农村大片土地和房屋还要我们密切关注”。□郭少峰(新京报中国新闻记者)我要评论,4,9,0.588729202747345
朝鲜拟建10万套高级住宅 居民可免费入住中新网12月22日电据韩国《朝鲜日报》报道，朝鲜每月发行的画报《朝鲜》12月20日介绍了平壤万寿台街的重建公寓园区计划。万寿台街位于平壤中心地带(中区)，泛指万寿台议事堂周边地区。朝鲜根据国防委员长金正日的指示，目前正在推进到2012年在平壤新建10万套住宅的项目，而万寿台街重建项目就是其中一环。在去年七月之前，万寿台街还是5层以下的旧公寓园区(600多户)，但是最近已经蜕变成6到18层的新型公寓园区(800多户)。虽然住户数量没有大幅增加，但每户的居住面积却扩大到100平方米以上。从朝鲜公开的公寓内部照片看，内设西式洗手盆、浴盆和阳台等设施，同韩国公寓没有太大区别。另外，阳台上还特别设置了存放泡菜缸的仓库，可谓是别具特色。金正日在工程竣工之后表示：“这是反映党的构想和意图的最高级现代住宅。”朝鲜称，现有居民和新入住的居民都是免费获得了新住宅。(本文来源：中国新闻网)我要评论,4,7,0.9216632843017578
赶搭优惠末班车须谨慎 购房优惠水分有多少 提要：7折利率优惠对较长贷款年限的购房人无实际意义，仅对短贷款年限者有效。汤先生由此得到结论：对首次购买一手普通房的贷款年限较长者来说，小额契税优惠是2008年房产新政唯一真实存在的优惠。被称为民间地产评论员的时寒冰愤怒地说，“现在的房地产市场已经成为一个巨大的传销场所”，地方政府、开发商、银行和中介机构经过多层炒作传导，共同造就了房市的虚假繁荣，而居于这座金字塔底层的购房人，成为最终的接手人和受害者。就拿所谓的房产新政来说，有谁知道它给购房人带来的优惠到底有多大？为什么简单的真相总是在有意无意中被掩盖和夸大？还息算账看长期正值2008房产新政出台一周年之际，因为部分优惠政策将在2009年末到期，劝导购房人赶搭末班车的声音不绝于耳，几乎千篇一律的说法是那么大的优惠眼看就要取消了，过了这个村可就没了这个店。对此，了解一些真相的汤先生觉得有话要说。汤先生是在今年夏天被婚姻逼着走进房市的，自知所知甚少，他专门请教了某银行个贷部的一位房贷专家。该房贷专家一番讲解下来，让汤先生切实感受到了房产优惠政策的好，以贷款60万元20年计，前后节省的费用总额竟达近20万元。备受鼓舞的汤先生在一个月内辛苦找好了房子，只是在签最后的房贷合同时，细心的汤先生发现自己被忽悠了。虽说在这个时点购房是否吃了大亏还为时尚早，但心里咂摸着总不是那个味儿。请看汤先生被节省出来的近20万元是如何算出来的。障眼法：降息利好10.71万元该房贷专家告诉汤先生，当前5年以上的房贷利率为5.94%，处于多年来的最低水平（按：自1997年来，仅高于2002年2月21日～2004年10月29日执行的5.76％的同档次利率），再次下降的空间几乎没有。在这个时候入市“抄底”，可以节约大笔的利息支出。如表1所示，以贷款60万元20年为例，可节省利息10.71万元。表1 贷款60万元20年，当前利率和房产新政前利率等额本息法还款对比利率 月供（元） 总利息额（元）新政前基准利率 7.20% 4724.10 533782.99当前基准利率 5.94% 4277.84 426682.47差额 1.26% 446.26 107100.52签约前的一个偶然机会，汤先生看到了本刊2008年第12期刊登的《勿夸大降息对房贷的利好》一文，才发现被该房贷专家偷换了概念，把当前只能持续较短时间的低利率用在了整个20年的房贷期内。实际上，低利率通道通常不超过3年，房贷利率几乎每年都会随之做出调整。在长达数十年的贷款期内，有低息期必然有高息期，当前降息对贷款时间较长的购房人来说是没有任何意义的，只对贷款期限很短的购房人有利（如3年以内）。更为严重的是，不少人是按照当前的利率水平来测算自己的购房能力，如果在低息期购买的房子正好处在承受能力边缘，一旦利率反转进入上升通道，这部分人就有可能出现断供现象。要知道，1997年10月23日～1998年3月25日我国的5年以上贷款利率曾高达10.53%，按表1所示的情况计算，月供额达6002.38元，整整每月高出1724.54元！结论：降息对较长贷款年限的购房人无实际意义，仅对短贷款年限者有效。移花接木术：7折利率优惠6.97万元汤先生从该房贷专家那里了解到，根据2008年底的房产新政，像他这样购买第一套普通房的情况，可以享受7折利率的优惠，而此前的最低优惠利率仅为85折，这又可以节约一笔不菲的支出。如表2所示，以贷款60万元20年为例，可节省利息6.97万元。表2 贷款60万元20年，85折和7折优惠利率等额本息法还款对比利率 月供（元） 总利息额（元）7折优惠利率 4.158% 3686.03 284646.9785折优惠利率 5.05% 3976.33 354318.20差额 0.89% 290.30 69671.237折优惠利率的期限有多长？各银行和中介机构都没有明确说明。不少购房人想当然地认为，即使房贷基准利率会根据市场情况做出改变，但无论怎么变，只要7折优惠利率一日到手，在房贷的全过程必然都是7折，表2所示的计算方法也做出了如是暗示。然而真的如此吗？在阅读房贷合同时汤先生注意到了这个问题，经再三追问，贷款银行的业务经理不得不表示，一旦国家信贷政策随着市场条件发生重大变化，这个7折优惠利率也是“可能”发生变化的。但他同时表示，汤先生既然已获得了7折利率优惠，表明他有着良好的资质，无论利率如何调整，汤先生仍将获得最优惠的利率折扣。该业务经理解释说，7折毕竟是个历史新低的优惠水平，从85折到7折很正常，将来是否会从7折回到85折，“我们也说不好，所以客户不问，我们也不会多说。”汤先生对这样的解释很不满意。进一步咨询了有关业内人士后明确得知，房贷合同上标明的只是当年的利率，在每年1月份，银行会根据新的情况对利率实施调整，包括对利率优惠的调整，一般会在2月份实施新的标准。汤先生很生气，但购房手续已到最后关头，想想前期的大量努力，只好无奈签字。7折优惠利率对汤先生的影响有多大？除了它是最低优惠利率之外，并没有任何实际意义，而按照汤先生的资质状况，在任何市场条件下均可申请到最低优惠利率。结论：7折利率优惠对较长贷款年限的购房人无实际意义，仅对短贷款年限者有效。乾坤大挪移：契税优惠2万元该房贷专家指出，根据2008年底的房产新政，首次购买90平米以下住房契税由原3%～5%统一降低到1%，从低优惠2%计算，汤先生100万元的总房价，可节省契税2万元。然而事实上，在房产新政实施前，北京市个人购买普通住宅，长期实施在3％的税率基础上减半征收契税，即按1.5%征收，房贷新政对汤先生契税的实际优惠仅为5000元。相对于总房价来说就微不足道了。结论：契税优惠确实存在，但额度很小。汤先生由此得到结论：对首次购买一手普通房的贷款年限较长者来说，小额契税优惠是2008年房产新政唯一真实存在的优惠。记者手记赶搭房产优惠末班车是近期市场热炒的一个话题。汤先生的事例表明，房地产的某些真相只有在偶然中才能被发现。如果把购房过程比作恋爱，我们听到女孩儿对男孩儿说：“我不要短暂的温存，只要你一世的陪伴。”不幸的是，我们也看到了男孩儿总想把短暂的温存说成是一世的陪伴，正如某房贷专家将房产新政对购房人的影响扩大到20年一样。先不论10.71万元与6.97万元能否直接相加，对大多数购房人来说，作为短期政策的房产新政的影响是微乎其微的。决定购房与否的因素只有两个：一是建立在支付能力之上的实际需求，这是唯一内部决定因素；二是现实房价，这是唯一外部影响因素。除了澄清基本事实外，我们还要找出那些真正受房产优惠政策影响较大的人。主要有两类，一是短期限贷款者，从本文可见端倪；二是二手房贷者，将在下文做出分析说明。同时，在宽松的房贷政策下，二套房购买者也可以钻空子享受到事实上的优惠，这是难以避免的。(来源：大众理财)我要评论,4,1,0.646515965461731
"香港诞生天价新铺王 尖沙咀两铺位8.43亿创新高中新网12月22日电 据香港《文汇报》报道，正当大家对天价楼王还议论纷纷之际，香港又诞生天价新铺王，英皇国际(163)昨日以?价69.55万元，购入自由行客人流极旺的尖沙咀广东道6号及8号两个相连铺位，实用面积共1212?，总价8.43亿元，成为全港最高成交?价的新铺王。报道称，消息人士表示，尖沙咀新铺王原由本地一名实业家族持有，今次为英皇国际与业主直接交易，主要是该业主同时拥有广东道6号及8号两个相连铺位，实用面积约1,212?，建筑面积约1,400?，现时均租予英皇珠宝。此前，香港最贵?价的商铺是2006年3月成交的旺角星际城市地下13号铺，面积40?，?价51.5万元。我要评论",4,7,0.9320328831672668
"房贷收紧预期挫伤楼市股市信心 日前有媒体报道称相关部门已制定调控政策,其中不但明确要求各大商业银行严格制定二套房贷利率,而且同时将二套房及多套房的商业贷款首付比例提高至50%。虽然该消息经过多方求证未获证实,但二套房贷收紧的预期还是对市场心理层面产生了很大的影响,不少专家和机构均建议投资者短期应维持谨慎态度。首付提至50%未获证实昨日,针对“二套房及多套房的商业贷款首付比例明年将提高到50%”的传闻,记者多方求证。包括四大行和交行、招行、深发展、广发在内的各大银行相关信贷部负责人均已表示没有收到这样的通知,也没有听说此消息,目前仍严格按照相关规定执行二套房贷利率。此外,央行相关负责人也向媒体表示,不是央行发布的消息,对此不予评论。上海、广东银监局也表示没有收到相关的通知。合富辉煌首席市场分析师黎文江认为,中央既然明确要支持改善性的购房需求,那就不会轻易收紧二套房贷的优惠。“差别化的信贷政策”应该主要针对的是多套购房者,不排除提高首付和上浮利率的可能,具体如何区分改善性需求和投资投机行为,还有待具体细则出台。当然,虽然该消息未被证实,其实也是空穴来风。12月14日发布的“国四条”当中,就有“继续支持居民自住和改善型住房消费,抑制投资投机性购房。加大差别化信贷政策执行力度,切实防范各类住房按揭贷款风险”的表述。市场广泛将“差别化的信贷政策”解读为二套房贷政策即将收紧的信号。此外,近半个月来政策调整频密,二手房营业税优惠取消,国务院常务会议高调讨论遏制部分城市房价过快上涨,开发商拿地的首付也将提高到50%以上。按照中央经济工作会议“继续综合运用土地、金融、税收等手段,加强和改善对房地产市场的调控”的表述,除了已出的政策,中央手中剩下能够出台的、能对楼市调控起到关键作用的政策主要还剩下二套房贷政策和物业税。黎文江表示,物业税相当于悬在楼市头上的一把“达摩克利斯之剑”,而且物业税的出台可能会对楼市造成很大的利空,中央不会轻易祭出。因此当现有的调控政策不能起到理想的作用时,中央就很可能会动用到二套房贷政策。楼市股市均受影响正如一位业内人士所说:“二套房贷政策应该会逐渐收紧,至于什么时候会动作,目前还不得而知”。这种预期也对市场心理层面产生了很大的影响。多份报告显示,跟前段时间由于担心优惠政策取消而集中成交的情况相比,上周过半城市成交量已开始出现下跌。在中国指数研究院监测的32个城市中,楼市成交面积环比上升的城市有13个,未达总城市数量的一半。在成交面积环比下跌的19个城市中,舟山、哈尔滨环比跌幅超过30%,北京跌幅也达到24.27%,杭州环比跌幅20.62%,上海、成都、重庆跌幅均在10%以内。中银国际报告也显示,在其监测的13个二、三线城市中,有8个城市成交量下跌。这种影响在股市更加明显。自从12月份以来,由于调控政策的密集出台,地产板块经历了10天的大跌。数据显示,自从12月初到目前,地产板块的整体区间跌幅已经达到14.24%,远远高于同期上证指数4.53%的下跌幅度。昨日,经过周一的小幅反弹后,受“二套房及多套房的商业贷款首付比例明年将提高到50%”的传闻影响,地产板块昨日又领跌大盘。截止收盘,地产股整体下跌4.16%,在23个子行业中跌幅仅次于有色金属和采掘业。某券商分析人士坦言,虽然对于过高的房价上涨速度,分析师们对于政策出台早有准备,但是近期政策出台的节奏和力度还是超出了此前的预期。针对这种政策调控的不确定性,不少专家和机构均建议投资者短期应维持谨慎态度。不过,有业内人士表示,中央经济工作会议已经明确将保持宏观政策的连续性和稳定性,并支持居民自住和改善性购房需求,因此相信近期调控仍将处于“微调”阶段。■小调查广州二套房贷年末更松了昨日,记者以客户身份到广州市各银行网点进行了调查,发现目前广州各大银行对二套房贷利率都比前一段时间更为放松。其中,建设银行一市内网点个贷部客户经理对记者表示,目前还是按原来的标准。“现在我们这里申请第二套房贷款,仍然只需首付三成,利率可以下浮30%。此外,如果客户选择利率下浮20%的话,首付可以只需两成。”记者询问享受打折优惠是否需要符合什么优质客户条件时,该客户经理表示“我们没有那么复杂的,只要审批过关,都可以享受这样的利率优惠。”该人士还透露目前房贷并不紧张,申请也较容易获批。记者同时还向工行、中行咨询,情况基本相似,二套房贷的首付各银行都仍然最多只需要三成,只是利率的折扣有所不同,有些银行会打8折或者7.8折,但优惠仍然普遍存在。而股份制银行方面,情况也较为松动。其中,招行的一家网点个贷部相关人士表示,购买第二套房时,只要前一套房子贷款还清了,就可以获得二套房贷7折利率的优惠,而且首付只需要两成。该人士认为,5成首付是不太可能的事情。（记者卢轶黄倩蔚）我要评论",4,1,0.7565357685089111
"房贷收紧预期挫伤楼市股市信心南方日报记者卢轶黄倩蔚日前有媒体报道称相关部门已制定调控政策,其中不但明确要求各大商业银行严格制定二套房贷利率,而且同时将二套房及多套房的商业贷款首付比例提高至50%。虽然该消息经过多方求证未获证实,但二套房贷收紧的预期还是对市场心理层面产生了很大的影响,不少专家和机构均建议投资者短期应维持谨慎态度。首付提至50%未获证实昨日,针对“二套房及多套房的商业贷款首付比例明年将提高到50%”的传闻,记者多方求证。包括四大行和交行、招行、深发展、广发在内的各大银行相关信贷部负责人均已表示没有收到这样的通知,也没有听说此消息,目前仍严格按照相关规定执行二套房贷利率。此外,央行相关负责人也向媒体表示,不是央行发布的消息,对此不予评论。上海、广东银监局也表示没有收到相关的通知。合富辉煌首席市场分析师黎文江认为,中央既然明确要支持改善性的购房需求,那就不会轻易收紧二套房贷的优惠。“差别化的信贷政策”应该主要针对的是多套购房者,不排除提高首付和上浮利率的可能,具体如何区分改善性需求和投资投机行为,还有待具体细则出台。当然,虽然该消息未被证实,其实也是空穴来风。12月14日发布的“国四条”当中,就有“继续支持居民自住和改善型住房消费,抑制投资投机性购房。加大差别化信贷政策执行力度,切实防范各类住房按揭贷款风险”的表述。市场广泛将“差别化的信贷政策”解读为二套房贷政策即将收紧的信号。此外,近半个月来政策调整频密,二手房营业税优惠取消,国务院常务会议高调讨论遏制部分城市房价过快上涨,开发商拿地的首付也将提高到50%以上。按照中央经济工作会议“继续综合运用土地、金融、税收等手段,加强和改善对房地产市场的调控”的表述,除了已出的政策,中央手中剩下能够出台的、能对楼市调控起到关键作用的政策主要还剩下二套房贷政策和物业税。黎文江表示,物业税相当于悬在楼市头上的一把“达摩克利斯之剑”,而且物业税的出台可能会对楼市造成很大的利空,中央不会轻易祭出。因此当现有的调控政策不能起到理想的作用时,中央就很可能会动用到二套房贷政策。楼市股市均受影响正如一位业内人士所说:“二套房贷政策应该会逐渐收紧,至于什么时候会动作,目前还不得而知”。这种预期也对市场心理层面产生了很大的影响。多份报告显示,跟前段时间由于担心优惠政策取消而集中成交的情况相比,上周过半城市成交量已开始出现下跌。在中国指数研究院监测的32个城市中,楼市成交面积环比上升的城市有13个,未达总城市数量的一半。在成交面积环比下跌的19个城市中,舟山、哈尔滨环比跌幅超过30%,北京跌幅也达到24.27%,杭州环比跌幅20.62%,上海、成都、重庆跌幅均在10%以内。中银国际报告也显示,在其监测的13个二、三线城市中,有8个城市成交量下跌。这种影响在股市更加明显。自从12月份以来,由于调控政策的密集出台,地产板块经历了10天的大跌。数据显示,自从12月初到目前,地产板块的整体区间跌幅已经达到14.24%,远远高于同期上证指数4.53%的下跌幅度。昨日,经过周一的小幅反弹后,受“二套房及多套房的商业贷款首付比例明年将提高到50%”的传闻影响,地产板块昨日又领跌大盘。截止收盘,地产股整体下跌4.16%,在23个子行业中跌幅仅次于有色金属和采掘业。某券商分析人士坦言,虽然对于过高的房价上涨速度,分析师们对于政策出台早有准备,但是近期政策出台的节奏和力度还是超出了此前的预期。针对这种政策调控的不确定性,不少专家和机构均建议投资者短期应维持谨慎态度。不过,有业内人士表示,中央经济工作会议已经明确将保持宏观政策的连续性和稳定性,并支持居民自住和改善性购房需求,因此相信近期调控仍将处于“微调”阶段。■小调查广州二套房贷年末更松了昨日,记者以客户身份到广州市各银行网点进行了调查,发现目前广州各大银行对二套房贷利率都比前一段时间更为放松。其中,建设银行一市内网点个贷部客户经理对记者表示,目前还是按原来的标准。“现在我们这里申请第二套房贷款,仍然只需首付三成,利率可以下浮30%。此外,如果客户选择利率下浮20%的话,首付可以只需两成。”记者询问享受打折优惠是否需要符合什么优质客户条件时,该客户经理表示“我们没有那么复杂的,只要审批过关,都可以享受这样的利率优惠。”该人士还透露目前房贷并不紧张,申请也较容易获批。记者同时还向工行、中行咨询,情况基本相似,二套房贷的首付各银行都仍然最多只需要三成,只是利率的折扣有所不同,有些银行会打8折或者7.8折,但优惠仍然普遍存在。而股份制银行方面,情况也较为松动。其中,招行的一家网点个贷部相关人士表示,购买第二套房时,只要前一套房子贷款还清了,就可以获得二套房贷7折利率的优惠,而且首付只需要两成。该人士认为,5成首付是不太可能的事情。我要评论",4,1,0.952499508857727
09年度中国最具幸福感城市出炉 上海无缘东方网12月26日消息：由新华社《?望东方周刊》等主办的“2009年度中国最具幸福感城市”26日在西安揭晓，杭州、成都、宁波、西安、昆明、长沙、南京、银川、南昌和长春等十大城市入选。“中国最具幸福感城市”评选已进入第三届。其中，杭州市因连续多年在调查推选活动中表现优异，成都市因为在抗震救灾、重建家园中对民生贡献突出，分获“建国六十年特别大奖”。本届调查及评选活动，还首次将县级市进行单独评选，入选首届最具幸福感的十座县级市分别是：山东邹平县、江苏宜兴市、江苏吴江市、湖南长沙县、江苏江都市、浙江余姚市、云南安宁市、四川都江堰市、辽宁海城市和广东增城市。本届评选由新华社《?望东方周刊》联合中国市长协会《中国城市发展报告》工作委员会主办，历时四个月，调查内容涉及城市的自然环境、交通状况、发展速度、文明程度、赚钱机会、医疗卫生水平、教育水平、房价、人情味、治安状况、就业环境、生活便利等12项指标。组委会委托零点调查公司，在100个地级和县级候选城市中进行了覆盖60多万人的独立入户调查，全国各地参与报纸、手机短信和网络问卷调查者，累计近3000万人。我要评论,4,7,0.6584914922714233
温家宝提出四项措施抑制房价过快上涨新华网北京12月27日电中共中央政治局常委、国务院总理温家宝今天下午3时在中南海紫光阁接受新华社记者独家专访，就当前经济形势、明年经济工作和其他问题回答记者提问。在回答网民关于房价的问题时，温总理提出抑制房价过快上涨的四项措施。[新华社记者]一位网民说房价涨得太快了，一平方米每个月竟然涨了一千块钱，他们想请总理谈一谈房价的问题。[温家宝]我就知道网民关注这个问题。因为我每天上网看到大量网民的意见，甚至很尖锐的批评。因为房子对于每个人来讲都关乎他们的切身利益。今年房地产有了比较快的恢复，但同时房价在一些地区和城市上涨过快，也引起了中央高度重视。其实如何使房地产建设能走入一个健康的轨道，首先还需要弄清楚政府要做什么，市场要做什么。既发挥市场的机制，又发挥政府调控的作用。在这里我只讲一讲政府应该做的事情。第一件事情就是要加大安居工程的建设力度，加快棚户区的改造。对这两项工作，在资金、土地以及税收上，都要给予优惠和保障。第二，要鼓励居民购买自住房和改善性的用房。但与此同时，要采取措施抑制投机。中国的国情决定了我们的住房必须坚持安全、经济、适用和省地的原则，特别要重视中小套型和中低价位房屋的建设。第三，要运用好税收、差别利率以及土地政策等经济杠杆加以调控，稳定房地产的价格。第四，要维护房地产市场秩序，打击捂盘惜售、占地不用、哄抬房价等违法犯罪的行为。我觉得只要政府有决心解决这个问题，而且不是头痛医头、脚痛医脚，而是经过深入调查研究，统筹考虑各方面的情况，制定长远的规划和政策，使我国的房地产有一个稳定发展的局面，这是可以做到的。谢谢。我要评论新华网北京12月27日电中共中央政治局常委、国务院总理温家宝今天下午3时在中南海紫光阁接受新华社记者独家专访，就当前经济形势、明年经济工作和其他问题回答记者提问。在回答网民关于房价的问题时，温总理提出抑制房价过快上涨的四项措施。[新华社记者]一位网民说房价涨得太快了，一平方米每个月竟然涨了一千块钱，他们想请总理谈一谈房价的问题。[温家宝]我就知道网民关注这个问题。因为我每天上网看到大量网民的意见，甚至很尖锐的批评。因为房子对于每个人来讲都关乎他们的切身利益。今年房地产有了比较快的恢复，但同时房价在一些地区和城市上涨过快，也引起了中央高度重视。其实如何使房地产建设能走入一个健康的轨道，首先还需要弄清楚政府要做什么，市场要做什么。既发挥市场的机制，又发挥政府调控的作用。在这里我只讲一讲政府应该做的事情。第一件事情就是要加大安居工程的建设力度，加快棚户区的改造。对这两项工作，在资金、土地以及税收上，都要给予优惠和保障。第二，要鼓励居民购买自住房和改善性的用房。但与此同时，要采取措施抑制投机。中国的国情决定了我们的住房必须坚持安全、经济、适用和省地的原则，特别要重视中小套型和中低价位房屋的建设。第三，要运用好税收、差别利率以及土地政策等经济杠杆加以调控，稳定房地产的价格。第四，要维护房地产市场秩序，打击捂盘惜售、占地不用、哄抬房价等违法犯罪的行为。我觉得只要政府有决心解决这个问题，而且不是头痛医头、脚痛医脚，而是经过深入调查研究，统筹考虑各方面的情况，制定长远的规划和政策，使我国的房地产有一个稳定发展的局面，这是可以做到的。谢谢。我要评论,4,7,0.9760367274284363
外媒解读温家宝讲话：中国房价要降温27日下午，中共中央政治局常委、国务院总理温家宝，就当前经济形势、明年我国经济工作等问题接受了新华社独家专访。法新社和新加坡《海峡时报》均从温家宝谈房价问题中，敏锐地嗅出一个信息：“中国房价将要降温。”27日，国务院总理温家宝称，中国应对金融危机出手较快，经济发展还存在不平衡不协调等问题，明年两会前将与网民交流。专访中，温家宝总理对房价、通胀、汇率等17个问题进行了回答，而本次专访也引起了国外媒体的高度关注。中国要打击捂盘惜售等违法犯罪行为对于房地产上涨过快，温家宝表示，政府将从以下4方面入手。第一，要加大保障性住房的建设力度，加快棚户区的改造。第二，要鼓励居民购买自住房和改善性住房。第三，要运用好税收、差别利率以及土地政策等经济杠杆加以调控，稳定房地产的价格。第四，要维护房地产市场秩序，打击捂盘惜售、占地不建、哄抬房价等违法违规的行为。外媒评论：“创纪录的流入助长了泡沫”法新社和新加坡《海峡时报》均从温家宝谈房价问题中，敏锐地嗅出一个信息：“中国房价将要降温。”美国彭博社评论说，温家宝已经意识到中国房地产市场价格的上涨得“太快了”，因此中国要打击捂盘惜售等违法犯罪行为。《商业周刊》称，中国房价的上涨速度在上个月达到了自2008年7月份以来最快速度。创纪录的借贷和资金的流入助长了这个世界上发展最快的国家的泡沫。而中国央行顾问樊纲也对中国在股市、房地产和商品上的泡沫提出警告。报道同时援引前摩根斯坦利首席亚洲经济师谢国忠的话称，现在中国楼市的问题并不在于如何推行新的政策，而是如何加强执行现有的政策。迫使人民币升值？中国绝不答应大家还记得在1998年那场金融危机当中，我们保持了人民币币值的稳定，对国际社会作出了重大贡献。今天我仍然以为，在世界主要货币接连贬值的情况下，人民币保持币值的基本稳定是对国际社会的贡献。那种以各种压力来迫使我们升值，我们绝对不会答应。英国路透社也称，对于具有争议性的中国人民币汇率问题，温家宝代表中国表达了“绝不让步”的决心，称中国政府不会因为外部需要而使人民币升值。而英国《金融时报》称，中国可能在2010年早些时候开始调整政策，因为中国需要抵消通货膨胀的压力；同时，鉴于2010年6月份将召开G20峰会，如果政策调整同这一时间接近，会被国内认为是向外国压力妥协。马来西亚《局内人》报指出，美国、欧盟和国际货币基金组织的头头们近来接连要求人民币升值，但是中国在看到其出口连续几个月保持增长之前，是不会让人民币升值的。《联合早报》分析称，这并非温家宝第一次拒绝外界提出的对人民币加速升值要求，但却是他少有地以坚决姿态展示。而且，他没有重申推进人民币汇率形成机制的“主动性、可控性、渐进性”原则，更进一步显示人民币短期内升值的可能性有限。明年通胀或出现“我们要预见到通胀有可能出现。特别是在我们这个国家，存在着收入分配不公和差距过大的问题。物价如果不保持在一个合理的区间，对一部分人来讲可能不成为问题，但是对相当数量的中低收入者，尤其是贫困家庭，就会成为很大的负担。”外媒评论：“调整政策的大门没关”英国路透社特别关注了温总理对通胀预期的表态。报道称，温总理在讲话中“警告”，虽然现在还没有通胀的表现，但是今年空前的货币供应增长有可能引发通胀预期。《华尔街日报》分析称，尽管温家宝并没有具体说明北京将如何消除通胀预期，但也没有关上“根据情况变化”调整政策的大门。《商业周刊》预计，作为抑制过度信贷措施，一些产能过剩的产业将面临信贷紧缩。《法制晚报》供稿我要评论,4,7,0.587144136428833
"英国地王威科姆广场每间房子都是上亿豪宅英国房地产贷款机构Halifax29日公布伦敦地王排行榜，肯辛顿-切尔西区的威科姆广场荣登首位，前10名中有多达7名也都位于肯辛顿-切尔西区。据台湾《工商时报》引述外电报道，英国地王就落在伦敦肯辛顿-切尔西区的威科姆广场(WycombeSquare)。威科姆广场每间房子都是上亿豪宅，平均房价高达540万英镑，而整个肯辛顿-切尔西区平均房价也有100万英镑之谱。地王排行榜第二名是伦敦市北区汉普斯代(Hampstead)的英格拉姆大道(IngramAvenue)，平均房价为490万英镑。至于第10名则是同样位于肯辛顿-切尔西区的包尔敦斯广场(PaultonsSquare)，平均房价为270万英镑。这份报告是根据英国官方的地价登记资料进行排列，比较英国2005年9月至2009年9月共计4年间的房价。今年9月到10月，伦敦豪宅售价涨了2.1%，是自2007年7月以来的最大月增幅。虽然去年同期相比，百万英镑豪宅售价下跌了3.2%，却是15个月以来的最小年减幅。另外，伦敦地产研究公司Hometrack指出，威科姆广场的平均房价比全国平均房价高出34倍。根据最新数据，英国平均房价为156,900英镑。Halifax经济学家佩特表示，肯辛顿-切尔西区向来很受艺人、富商或外国人的欢迎，“英镑下跌连带使这些豪宅的价格也略为缩水，现在正是出手的好时机。”伦敦房仲业者表示，“汇率把大量欧洲买主吸引到伦敦来了。”其中英镑下跌是一个原因，不过这些国外买主来到伦敦后，都希望能够把房子买在自己听过的地方，肯辛顿-切尔西就是买主们可以安心投资的区域。而该区面积小、物件少也有助于推升房价。我要评论",4,5,0.4456472396850586
陈良宇仍着西装独居套间据《羊城晚报》 秦城监狱位于北京市昌平区小汤山镇附近，它因关押中国最高级别的犯人而被称为“中国第一监狱”，过去改造高级战犯，上世纪90年代以来，关押的主要对象是省部级贪腐官员，因而吸引着公众的注意力。陈希同和陈良宇便关押在此。陈希同已是直肠癌晚期陈希同是“四人帮”之后被监禁的最高级别的官员之一。他曾历任北京市长、北京市委书记、国务委员和中央政治局委员。1998年2月27日，陈希同因侵吞贵重物品、腐化堕落、牟取非法利益、严重失职等问题被逮捕。1998年7月31日，经北京市高级人民法院审判，陈希同以贪污罪及玩忽职守罪被判处有期徒刑16年。在监狱里，有时候因为自己的要求被看管人员拒绝，陈希同会大吼大叫，称自己是“北京的大贪污犯老陈”。2004年，陈希同曾因健康问题，被紧急送往北京复兴医院。这次突然发病后，陈希同向相关部门领导写信，以“心跳异常、心血管供血不足等老年疾病”为由，要求“保外就医”。后经协调，自2006年8月下旬起，陈希同获得有条件的保外就医。自今年4月中旬开始，79岁的陈希同在住进北京医院高干病房救治后，院方已多次发出病危通知。陈希同已是直肠癌晚期，还有并发的心脏病，基本只能依靠药物维持生命。陈良宇在狱内仍着西装2007年7月26日，原中共中央政治局委员、上海市委书记陈良宇被正式逮捕，后来一审判处有期徒刑18年，关押进秦城监狱。据了解，陈良宇是被关押在一个接近20平方米的套间里。这是秦城监狱重要犯人的单间监室，内有单独的洗手间、坐式马桶等。牢门是铁皮包着的木门，门上方及厕所都有“窥孔”，供哨兵24小时监视之用。陈良宇的房内设施只有一张距地面约一尺高的矮床，需要写材料时，看守会送进一张小学生用的单人课桌供临时使用。没有凳子，床铺就是他平日坐的地方。墙壁也经过特殊处理，以防止其自杀。陈良宇的监室设有三道岗哨，有一个独立分队负责贴身看守他。除了没有自由，他可以看报纸，看内容受限的电视，还可读书、写材料。服刑期间，陈良宇可以不着囚服。他多数时间还是穿西装，但不打领带。他平时可在有规律的生活中打发时间。比如，在每天9点到10点的单独放风时间，陈良宇一般会从监室门口开始打太极拳，打到放风地的门口再回去，或者散步。但他到哪儿，两名看守就跟到哪儿。据陈良宇的辩护律师高子程透露，他曾于今年上半年随其家属探视过陈良宇。他说，63岁的陈良宇现在两鬓斑白，但精神状态比被“双规”时要好很多。■牢房揭秘配有写字台洗衣机在秦城监狱，特殊囚犯的生活待遇，会比在普通监狱优越。据近年走进或接触过秦城监狱的有关人士描述，秦城监狱关押高官的牢房除了面积较大，有的还配有写字台、卫生间、坐式马桶和洗衣机。一些在押官员除了“可看书读报”，每天还有一段时间可看电视，一般集中在晚上7点到9点。某些身体欠佳的特殊囚犯，饮食可一日四餐，用餐标准和费用由国家规定和支付，家属亦可私下打理。如衣服、日用品等基本生活用品可由家人提供。监狱虽有统一囚服，但这里的囚犯一般可不用穿。我要评论,4,2,0.32826995849609375
北京14个部门民意测评结果出炉 城管垫底 本报讯（记者 王姝）不论是依托于电话调查完成的社情民意测评，还是通过网上问卷进行的政风行风测评，在14个政府部门中，市城管执法局系统得分最低，得分别为62.2分和46分。昨日，首都之窗首次公示了全部14个政府部门和6个公共服务行业的民意测评结果。而往年一般仅公布测评居前几位的部门和行业。电话调查民政局得分最高测评结果显示，14个政府部门中，民政局在电话调查中得分最高，在网上问卷调查中排名第二，市商务委在网上问卷中排名第一。两项调查中，通信行业在6个公共服务行业中均垫底。去年7月初至8月底，市纠风办分别委托市统计局社情民意调查中心、市经信委首都之窗运行管理中心，民意测评北京14个政府部门、6个公共服务行业。被“选中”的14个政府部门，涉及百姓日常生活各个方面，如民政局、教委、工商局、税务局、住建委等等。前年，北京也曾推出此类民意测评，但测评范围仅10个政府部门。对此，去年12月24日，市统计局副局长王红做客首都之窗时解释，前年测评重点为“围绕奥运保障的10个政府部门”，而去年，市委市政府提出“作风建设年”，所以，测评范围有所延伸。电话调查设监听员据王红介绍，针对14个政府部门、6个公共服务行业的电话调查，调查内容围绕办事效率、服务态度、廉洁清正三方面，细化为6个具体指标，按照百姓满意度进行评分，总分100分。每个部门、每个行业的每个指标，均直接对接“跟百姓的接触面”。如“办事效率”调查，供电系统的指标为“能否保证正常用电”，邮政部门为“报刊、信件投递是否及时准确”，交通部门为“地铁、公交是否按时发车，出租有没有拒载”。王红表示，为保证调查的公平公正，每个受访百姓的打分部门，均随机产生。而且，调查全程，调查员身后均站有监听员，监督调查员的操作过程。专家：民政城管不应同台测评“民政、城管工作性质不同，一个是履行社会救助职能的，发钱发物；一个是负责城市管理执法的，经常罚款，两个部门不应该放在一起测评。”昨日，中国人民大学教授毛寿龙表示，通过电话调查、网上问卷调查，了解群众满意度，并公示调查结果，“这是好事，督促政府部门工作”。但是他认为，14个部门中，一些部门公共服务职能更为突出，与百姓发生业务冲撞的可能性偏低，“不像城管，直接面对商贩等比较尖锐的社会问题”，所以，对于城管局的民意测评结果，不应与以上部门统一排名。纠风办：有则改之，无则加勉“本着有则改之、无则加勉的态度整改。”去年12月24日，市纠风办副主任宋兰刚做客首都之窗时曾表示，此前对政府部门排名一直很谨慎，但本次“考虑到大家想了解评议结果，而且也应该让大家知道结果”，所以公示了14个部门的测评成绩。宋兰刚表示，一些排名居后的部门曾找到市纠风办，解释居后原因，称一些引发群众不满意的问题，可能并不是该部门的职责，但记到了该部门头上，“在群众的眼中，你就是这个位置”，他说，“政府部门应该考虑，是不是对部门职责宣传不够？是不是应该加大力度？”（新京报）我要评论,4,7,0.9115909934043884
美专家：美房贷计划帮倒忙难救业主反阻复苏 中新网1月3日电据香港媒体援引外报报道称，为了帮助无法偿还按揭贷款的美国业主免遭收楼，奥巴马政府去年2月推出“房贷可负担计划”，但有专家批评计划帮倒忙，给予一众根本无望保住物业的业主“错误的希望”，令他们勉强继续向银行供款，浪费了本可储起租住较廉价住宅的金钱，他们迟早都会变成无壳蜗牛。Watershed资产管理公司管理人卡塔里说：“此举将延长危机，只能减慢断供速度，让人们暂时留在最终不能负担的住所里。”他又指，银行也利用此计划，推迟将贷款损失入帐，这无助于令房价降至可负担水平，亦窒碍资金流动，阻碍经济复苏。“房贷可负担计划”耗资750亿美元，措施包括重新安排贷款和修订还款条件，例如减少每月还款额等。我要评论,4,1,0.7887502908706665
品质背后是管理系统做保证四、细致而周到的户型设计及室内装修星河湾从广州到北京始终都是做精装修的成品房，在房子开始建筑设计之时就结合了精装修的理念，从户型设计，平面布局到水电等专业设计始终都围绕着土建装修一体化的概念展开，在图纸设计阶段投入了大量的时间和人力，解决了大部分的系统综合问题，从而确保了施工阶段的顺利进行。其本质是以作五星级酒店的手法和理念来做住宅，利用多年来成熟的工艺做法和处理手段，创造出和普通楼盘不一样的居家环境。1.户型和空间设计经典周到星河湾经过广州一到四期，再到北京对户型的总结和变化已经有了一个很成熟的总结和发展，不仅形式多样，能够照顾各类人士的需要，而且还根据南北环境和居住习惯的不同，重新调整丰富了户型结构和比例。北京星河湾已建成的户型有60余种，所有户型均为大面宽小进深。户型多种多样，布局、功能等均比较理想；装修标准高，用材和设备基本上以进口材料和品牌为主。2.舍得选用丰富的高档材料舍得在装修材料的选择和运用上花钱，对各种高档装修材料合理的综合使用，充分体现了星河湾人的水准和装修理想。高档进口石材的大量运用，几乎每个房间都能看到石材运用的效果；此外还对一些高档装修材料进行运用，如高档马赛克、深木色为主的木装修、能消除墙面感觉的镜子、光芒四射的水晶吊灯、主卧室的浅色地毯等等。3.人性化和细节的考虑星河湾在做产品的时候始终是秉承“人性化”原则，对于细节的考虑深入而全面，不放过任何一个微小的细节，让业主时刻能够感到设计建造者的用心精细。每一个转角、每一处接口、每一处细微的差别都体现出了对产品品质不断追求的努力。例如：同样材质不同颜色的区分；天花交接处理；不同种材质和同材质的之间精致、巧妙的交接处理；安全性的设计；经久耐用性的设计；使用便捷的设计；地面材料铺贴方式的设计；能消除墙面实体感，增大空间感的银镜的运用；阳台落水口的下凹处理以及推拉门的导轨保护等。五、系统而精益求精的施工管理 1.独特的工程管理组织架构宏宇集团在工程营造方面既使用普遍的工程管理框架结构，同时结合自身特色，创新的设立了一些特有的管理方式和团队。设置主管景观设计、施工管理的高层管理者，景观工程与土建结构施工管理分开，形成独立的以效果、艺术感染为宗旨的管理团队。 2.严格的管理流程北京星河湾以工程建设品质为第一要务，在现场管理中采取简洁的操作程序，工作效率和效果显著。简洁的变更审批程序：变更审批基本在现场确定，基层员工根据公司品质的一贯要求，现场完成一般变更审批；老板现场办公进一步加快决策和实施；畅通、便捷的部门沟通和跨专业沟通：部门经理基本解决跨部门、跨专业的沟通，争执和误解在公司中层管理者的工作中得以解决。3.规范的工程施工管理星河湾人为了实现品质住宅全成品建设工程，用心地分析每一个工序、每一个工作细节，将品质地产在工程建设阶段推至极致。规范的整体工序：对整体施工顺序、单项施工顺序、细部做法施工顺序整体进行了规范；安排有效控制建设周期：如在外立面施工阶段插入景观大型乔木的移植、景观施工，控制总体工期；严格的施工时间控制：北京星河湾将树木移植时间全部安排在五一之前，确保全冠移植的实现，在景观建成初期就完整体现园区景观特色。4.精益求精的工程施工标准对每个细部节点精益求精，细节处理在北京星河湾比比皆是。整个小区整体观感近乎随意，近乎自然，但每个节点又极其精致，无数精细节点组成了整体精品小区。例如：直接拼接的路牙石，室内标准的室外木栏杆铜包件，精装修细节，暗藏式的道路雨水收集系统，土壤改造，5000吨黄蜡石的堆砌等。六、实用而灵活的材料采购及成本控制 1.严格而灵活的成本控制星河湾的成本控制在房产开发管理流程的基础上有所创新，既确保了工程品质，又缩短了审批时间，同时也合理控制了工程成本。工程招标，以邀请长期合作伙伴进行招标或议标；建安工程招标，所有材料均由承包人采购。室内装饰装修工程议标，所有石材等主要装饰材料均由业主采购，同时业主给出较高的人工、机械及辅材单价。景观工程议标，提前选苗、采购、假植于苗圃。工程款支付，抢工阶段采取半月一支付方式。迅速、灵活的价格确认，现场办公解决品质、成本等问题。设计、施工、成本相互沟通，全面考虑各系统工程成本。如室外管线施工前，先确定各系统间的总体布置，再明确排水坡度及雨污水的布置。2.舍得投入、品质第一的材料采购一般房地产公司运作中材料采购是为实现成本目标而服务的，北京星河湾的材料采购和成本控制没有严格的相对制约关系，虽然舍得投入，但对整体投入又有总控指标。采购过程，材料采购与设计人员同时参加；价格审批，设计人员确认后当时电话请示决定是否采购；苗木采购，景观设计人员承担第一责任；总控成本指标可沟通调整，指导思想是品质，然后是时间，最后才是价格；价格审批以设计效果为主，品质决定各阶段成本；迅速有效的价格确认制度；公司领导每周不少于一次现场办公；积极保障施工单位权益；材料选用紧跟时代步伐；尊重设计师的设计成果；密切关注国际市场产品的更新。七、合纵连横的综合管理及统筹 星河湾提出全成品开发是一种高难度开发，是对产品生产和管理模式的挑战，因为生产管理必须做到合纵连横。横向理解，做到全成品开发，就要从产品设计、环境设计、室内装修设计、物业管理服务设计等方面都环环相扣，不能割裂，交叉施工很普遍。纵向考察，产品设计线从规划到施工到监理必须对缝很准，不能走样。用星河湾设计总监的话说：“设计公司给我们出一百张图，我们拿过来后，吸收他们的设计精华，要出同样多的一百张图，这样才能让设计思路变成可执行的方案，同时还能与环境或室内装修相衔接。”1.最高领导对品质的坚持与支持非常重要宏宇集团的最高领导在广州、北京星河湾建设过程中始终站在项目建设的最前线，是产品最终实现优质、创新突破的第一保证。2.成功依靠团队的合作星河湾项目在工程建设过程中也不断出现争执，但各级员工、各部门经理、主管副总都能很好的沟通和解决。3.始终保持清晰的目标星河湾建设目标是打造地产界的劳斯莱斯，在这样的目标指引下，去确定各种配件的品质，确定各阶段的成本。4.和有共同理念的合作伙伴共同成长以精装修施工单位为例，和星河湾合作的单位最初有30多家，目前合作的仅剩5-6家，这些单位都是通过和星河湾的合作得到了市场和甲方的认可，实现企业的不断壮大。材料供应商在和星河湾的不断合作中也在得益，开发商务必对材料商进行引导和指导，从而在材料方面实现对产品品质的保障。我要评论,4,3,0.8973860740661621
海南回应试水博彩业：绝不开逾规设赌场长江日报1月7日报道 昨天上午，海南省在国务院新闻办举行新闻发布会，海南省委书记卫留成和海南省省长罗保铭就海南推进国际旅游岛建设等问题回答了记者的提问。卫留成认为，国务院《关于推进海南国际旅游岛建设发展的若干意见》是从旅游业作为切入点的，对海南的经济社会的全面发展提出了系统的要求和一系列的措施，抓住这个机遇，落实这个措施，就可以缩短我们和发达地区发展的差距。卫留成指出，首先要抓好国际旅游岛建设，用国际的视野，高水平、有特色的做好旅游岛建设的规划。使旅游业真正成为海南的主导产业，带动海南经济社会的全面发展。海南发展彩票比其他地区有一定空间在谈到“探索发展竞猜型体育彩票和大型国际赛事即开彩票”问题时，海南省长罗保铭表示，国务院这次在文件当中明确了探索发展竞猜型的体育彩票包括大型国际赛事的即开彩票，这是在彩票方面为丰富海南旅游娱乐的产品给开了一个政策口子，是带探索性的。相比于其他地区就有一定的空间，但是这个空间绝不意味着要突破国家的现行法律在这方面的有关规定。卫留成在会后接受记者采访时也明确表示，海南绝不会像象澳门一样开设赌场，也不会有其他赌博产业。将引进大型免税集团建设经营免税店海南省委书记卫留成在海南国际旅游新闻发布会上表示，海南将引进大型免税集团或大型商业公司，建设经营免税店；推出海上旅游等一批新的特色旅游产品；启动建设航天主题公园、热带海洋公园等一批大型旅游项目；对主要旅游基础设施、旅游路线的标识系统甚至包括旅游厕所进行全面改造；策划组织一批有影响力的文化娱乐、节庆、体育赛事活动。适度发展高尔夫业不占用一亩基本农田海南省长罗保铭6日表示，不清楚海南“新建22个高尔夫球场”的事情，并表示海南发展高尔夫绝不违反土地总体利用规划，不占一亩基本农田，并在国务院政策允许的范围内来适度发展高尔夫产业。三亚房价未到1.1万元在回答记者“央企背景的开发商进驻海南岛会不会对海南的地价和房价形成推动”等问题时，罗保铭表示，这几年海南旅游房地产总体的市场是上升，主要是岛外的需求。此外，虽然商品房的价格上升的，但是也没有像媒体报道的那样涨得那么凶。据2009年1至11月份的统计，全国70个城市包括省会城市在内，三亚的房价截止到目前为止是不到11000元一平方米，在全国排第8位。海口商品房的均价不超过6000元一平方米，海口的涨幅比原来涨13%，三亚的房子涨6.6%。罗保铭说，海南房地产的需求主要来自于岛外，统计下来，海口60%、三亚80%-85%商品房是由岛外来购买的。(据中国网、京华时报)我要评论,4,7,0.9767951369285583
房贷差异化政策将出 或取消地方自定义 日前，据知情人士透露，包括住房与城乡建设部、人民银行和银监会正在制定新的统一标准，拟对全国范围内的投机和投资型购房需求进行划分，并根据这一标准严格区别商业银行所提供的房贷杠杆。该人士进一步指出，住建部主要分工负责对二套房及多套房划分统一标准的制定，人民银行、银监会则考量提高这部分被圈定的投资和投机性购房者的信贷门槛、并降低他们购房的杠杆比例的相关信贷政策。据悉，目前，这两项政策制定已经趋近于成熟。“迫于政策层遏制房价飙升的巨大压力，两项政策有望于近期正式出台。”知情人士透露。二套房新政拟出一位接近监管层人士告诉记者，目前住建部、人民银行和银监会等部委正在研究如何对投机、投资型购房需求与老百姓的自住型需求进行划分，然后根据这个标准设定对投资与投机性房贷的限制性措施。住建部负责对二套房及多套房划分标准进行统一。实际上，按照目前的规定，商业银行以借款人家庭（包括借款人、配偶及未成年子女）为单位认定房贷次数。对于已利用银行贷款购买首套自住房的家庭，如其人均住房面积低于当地平均水平，再次向商业银行申请住房贷款的，可比照首套自住住房贷款政策执行。建设银行研究部研究员赵庆明告诉记者，该政策在具体实施当中存在两个问题。一是商业银行无法实现对家庭的认定，其次是对于改善型住房的认定各地标准不统一造成很多矛盾。“目前，住建部打算在二套房认定上制定一个统一标准，对于家庭内涵的认定将做更加细致的规范，在改善型住房的标准上则直接画一道红线，取消各地方分散的标准。”知情人士透露。“建立严格的统一标准可能是这次政策的主题词。正是由于2007年出台的对投机与投资型住房的认定标准不够细致，在银行具体放贷过程中，给大量投机客有可乘之机。”赵庆明表示，这次标准统一有助于遏制这种情况。一位工商银行个人信贷部人士则称，就目前情况来看，各家银行对房贷的审核已经把控得比较严格了，很多行实际上已经提高了审贷标准，抬高了利率，因此，统一标准的出台，对多数购房者来说不会有太大的影响。另一方面，人民银行和银监会的新房贷政策已经开始向部分银行征求意见。据相关媒体报道，新规则或将第二套房贷的首付比例从不低于40%提高到5成以上，贷款利率也将上浮到基准利率的1.1倍，并收回各金融机构自主决定房贷利率的权力。一位民生银行北京某支行信贷员认为，统一利率定价将会使小银行在与大银行竞争房贷的时候面临很大的劣势。“目前看来，这套新政策杀伤性会很大，而且缺少灵活性。”赵庆明也认为，各个国家其实很少通过提高按揭利率来调整房地产需求的。这非常危险，如果不能进行细致的划分就很可能会伤害到那些低收入人群，所以这方面的政策制定会非常谨慎。“实际上，人民银行与银监会的政策更具有指向性，但必须要和住建部的政策相互配合执行才会产生效果。”知情人士透露，目前还需要听取商业银行的意见，但迫于房价不断上升以及社会舆论的巨大压力，两项政策有望于近期出台。重回“差异化”实际上，无论对于商业银行还是监管层而言，中国的房贷政策只不过是重回两年前的政策轨道上来。2007年9月，中国人民银行与银监会联合发出 《关于加强商业性房地产信贷管理的通知》（下称359号文），要求第二套住房首付提高至40%，贷款利率同时提高10%。这是最早的一个差异化房贷的版本，但当时缺少操作细节方面的考虑。银行普遍感到操作困难，提出了不少意见。其中对二套房和多套房的认定是问题的核心之一。当年12月人民银行、银监会又发布了 《关于加强商业性房地产信贷管理的补充通知》（下称补充通知），其中规定引入一个 “人均住房面积”的概念，规定“对于已利用银行贷款购买首套自住房的家庭，如其人均住房面积低于当地平均水平，再次向商业银行申请住房贷款的，可比照首套自住住房贷款政策执行”。《补充通知》一定程度上改变了359号文对于购买第二套房的 “一刀切”的做法，保护了有升级置业需求的消费者，在很大程度上也是可以满足那些自住型的“小房换大房”的需求。但在实际操作中，部分商业银行并未严格执行。一些中介机构还想方设法帮助投机客获得较低的利率和首付。“这些问题一直没有解决，但在2008年下半年全球金融危机以及房价快速下跌的浪潮中，也没有人关注了。”赵庆明说。2008年底中央紧急出台保民生的政策，鼓励居民购房，防止房价大起大落，在这种情况下，大规模优惠政策就取代了防投机的政策方向。但随着去年以来，房价再次大幅度走高，限制投机的差异化房贷政策开始重回舞台中央。12月14日，国务院总理温家宝主持召开国务院常务会议，明确提出“加强市场监管，稳定市场预期，遏制部分城市房价过快上涨的势头”。一位工商银行个人金融部人士说，此次出台的政策很可能会比两年前的政策更加精准、有力，可以看得出来监管层的决心很坚定。差异化的信贷政策配合财税政策将大幅度抬高囤房和炒房的成本，将会有效遏制投机房地产的需求。一位农业银行人士认为，从另一个角度来看，严控房贷还仅仅是堵的政策，从2009年的经历来看，商业银行在房贷业务中的竞争非常激烈，尤其是中小银行为了争夺房贷客户也有压低利率或者降低首付的冲动。而且，市场往往会很快想出应对的办法。因此，对于监管层而言，仅仅制定严格的房贷政策是不够的，还需要监督商业银行严格执行。“从长远来看，建设更多的廉租房和经济适用房，理顺土地机制，大规模增加住房供给，才能够真正疏导庞大的住房需求的洪流。”他说。我要评论,4,1,0.8034911155700684
揭秘乒坛一姐张怡宁婚房(图)     去年10月18日，乒坛一姐张怡宁在北京某豪华酒店完成大婚，其老公徐威是金融界的一位成功人士，徐威身旁的一位朋友透露其身家“以亿为单位应该没问题”。而在去年3月福布斯公布的中国名人榜上，张怡宁的打榜收入是1345万元。千万富姐找到上亿身家的超级金龟婿，两人的婚后生活状态随之备受外界关注。就在张怡宁结婚前半个月，有人就拍到她搭乘徐威的豪华座驾路虎外出扫名牌衣物，随后坐车回到位于北京东直门附近的万国公寓。日前，本报记者专程前往北京，探秘张怡宁居住的这处豪华公寓，没想到她的这处公寓竟是租的，但一年的租金都可以在其他二线城市买套房子了。每月花6万 租住300平米高档公寓张怡宁居住的是一处32层高的独栋公寓，位于北京黄金地段，该公寓只租不卖，价格不菲。记者从公寓租赁协调处了解到，这栋32层高的公寓有不同面积的套房，其中最小的213平米，最大的达到600平米。在这栋公寓中，213平米的套房是相对最差的，分布在6层，西北朝向，但租金却高达2.9万元一个月。“随着楼层的升高，景观不同，因此越往上的房子越贵。”工作人员告诉记者，最好的600平米的套房都在25层以上，但近期已经没有空房可租，每套租金高达13万元一个月。张怡宁两口子的身家加到一起早已上亿，不过他们没有选择600平米那种最好的套房，而是挑了一套面积中等的。“她住在15层，是一套314平米的公寓。她那套房子在那个户型里面算很好的。”据悉，公寓的14至15层都是314平米的套房，但15层更好一些，租金也相对更高，“14层的每套是5.3万元一个月，她住的那种每套租金是6万元一个月。”据悉，该公寓的套房起租时间至少为一年，这意味着张怡宁光是租房子一年就要花掉72万元，而这笔钱在中国不少二线城市已经可以买套不错的房子。只是这72万元对张怡宁来说根本不算什么，而这些钱也不需要她掏腰包。“她不是以自己的名义租的，是以其他人的名字。”工作人员以保护隐私为由，拒绝透露租房者的信息。不过据记者了解，租这套房子的人很可能是徐威，因为徐威主要做对冲基金，现在香港和北京都有自己的事业，他很可能需要两地奔波，这样在北京租套高级公寓暂时落脚更显得合情合理。    低调隐蔽 常从后门出入按理说，张怡宁租住的豪华公寓如此昂贵，应该很容易找到。但实际上，记者询问了东直门周边的一些出租车司机，他们并不太清楚。记者在公寓外看到，公寓实际上处于东直门外小街上，这是一条单行道，门口车辆很少，略显冷清。不过，这是北京入行较早的服务式公寓，物业由美国一家品牌公司在管理，具有国际化高品质的服务。有熟悉这栋公寓的人告诉记者，这栋公寓从来不需要做宣传，但里面住的都是来头不小的人物，“这里准确的地理位置应该叫做第二使馆区，很多外籍人士在这里租房子，比如领事馆参赞等。”张怡宁是北京人，此前她一直与父母住在右安门外的开阳里小区，那里紧邻南二环，闹中取静。张怡宁住在那里是因为距离总局训练局很近，另外也可以避免住在高档社区引来的“名人烦恼”。不过，从婚前两个月到现在，张怡宁开始挪到这处高档公寓居住，随之而来就无法免除被“追踪”，这也让她一度开始改变进出公寓的方式。公寓正门的门卫告诉记者，在两三个月前还常能看见张怡宁，“她还挺客气的，有时会跟我们打招呼。但后来没怎么看见她了。”据记者打探，张怡宁并没有很快消失，只是被曝光住在这里后，她更多选择了从后门进出。有人曾看到张怡宁晚上回公寓，为她开车的司机分外小心，总是在外面兜一圈才在后门停下，“司机的警惕性很高，张怡宁下来后，有时候会看见她家阿姨陪着一起。”身份特殊 物业召开“张怡宁会议”据了解，这处公寓除了高标准的服务，里面高档游泳池、健身会所、图书馆、后花园等等一应俱全。而该公寓的安保措施更是到位，前台只要见到不熟悉的人走进去，都会盘问一番，他们甚至练就了“火眼金睛”的本领。“除了客人，我们还认得客人的朋友、阿姨等等，但不住在这儿的人我们更能辨认得出来。”关于张怡宁，前台接待说她确实在这里住，而且是惟一住在这儿的体育界人物。“住在这里的大多是商界的人，也有外籍人士，很少有体育方面的人，张怡宁大家都认识。”据接待介绍，张怡宁虽然住在这里，但没有接受公寓的高级管理服务，而是由自己请的阿姨照顾生活起居，“她家阿姨来这里的次数比较多，我们都眼熟，我们这儿像她这样的情况也比较多，有些人完全不需要公寓提供的管家式服务，保姆都是自己带来的。”在与记者聊天中，前台接待以不能泄露客人隐私为由，拒绝谈更多关于张怡宁的信息，他甚至还轻描淡写地说：“可能在体育界眼中，她算个大腕儿，什么都值得关心，但说实话在我们这里的客人中，她也不算什么腕儿。”尽管前台接待这么说，但记者还是通过侧面了解到，此前张怡宁被曝光住在这里已经引起公寓管理方的重视。“张怡宁进出这里被人拍到了，还登上了报纸，我们公寓物业专门开会讨论了这个事情，重申了纪律，就是要保护好客人的隐私。”记者手记乒坛明星忙转型对胃口来说，多多益善不是好事。山珍海味吃多了，看到一盘青菜加块泡菜才会口水滴答，食欲大增。看电视剧也一样，只有正义完美的英雄不够，还需要塑造让人痛骂的大坏蛋，这样才让人感到满足。很长时间，贵为“国球”的乒乓球就像一出毫无新意的佳肴，不是胜利就是包揽，让人提不起观赏的欲望。不过，在2009年，乒乓球突然变得娱乐起来，层出不穷的花边八卦，一下跃上了体育最受关注榜，而这一切都要感谢乒坛的一哥马琳、一姐张怡宁。在以前百度马琳、爱情，无非是他和白杨、张宁益的陈年往事，剩下的就只有无边无际的与夺金有关的新闻。但在2009年，一切变得不一样了，马琳接连踢翻多扇门，甚至有直追水门之势，从结婚门、离婚门到小三门、财产门，感情和金钱两大爱恨情仇的必须要素，马琳两者俱全，为所有观众演了一部情节跌宕起伏的大片。从此，有关国球的新闻大部分被花边娱乐充斥，大家提到马琳，不是问“他会退役吗？”而是问“他离了吗？”有意思的是，在马琳深陷“门”危机时，又有人来“解救”他。一向低调的乒坛一姐张怡宁结婚了！名人与资本的联姻，这本是一出再烂熟不过的戏，但是因为我们已经太习惯看到张怡宁夺冠，所以她结婚成了完全与众不同的新闻。从此，国乒再也不缺八卦猛料，有人在离婚，有人在结婚，国乒的明星突然变得很有人情味，他们也是七情六欲的主儿，不再是电视镜头前永远说着“发挥不错”的木偶人。除了马琳和张怡宁，还要感谢王皓和彭陆洋。这份队内恋情的曝光让蔡振华出来否认了“棒打鸳鸯”的谣言，国乒的故事突然变得鲜活起来。有人说，后奥运时代，中国乒乓球队开启了一个“敢爱敢恨”的时代，这是一个不错的总结。其实，在习惯了天天吃“金牌套餐”的时候，加点八卦佐料又为何不可呢？在中国，乒乓球一直承载着荣誉与梦想，正因为如此，队员乃至教练总喜欢喋喋不休说着关于金牌的危机，其实金牌本没有危机，缺了丰富性格的乒乓球才会面临真正的生存危机。2009年，张怡宁结婚了，马琳快要离婚了，王皓恋爱了。2010年，期待有更多的乒乓球猛料出现。既然像神一样的刘翔都能像小朋友一样说我小时候的梦想是当解放军，开大飞机，国乒明星们又有何理由“固步自封”呢？本报记者 盖源源我要评论,4,3,0.9944546818733215
银监会否认提高二套房贷首付比例本报讯(记者熊焱) 对市场上关于上调二套房贷首付比例至50%的传闻报道，银监会1月8日晚间回应称，银监会并未就二套房贷出台新的政策，对于提高首付比例的说法，请不要误传。有媒体近日报道称，银监会正在就二套房贷的相关政策在国有大行内部征求意见，其核心内容是将二套房贷的首付比例提高至50%，利率提高至基准利率的1.1倍，并且收回各金融机构自主决定房贷利率的权力。消息传出当日，沪深地产股大面积下挫。去年9月中旬，央行联合银监会发布通知，对已利用贷款购买住房、又申请购买第二套(含)以上住房的，贷款首付款比例不得低于40%。记者了解到，目前商业银行二套房首付目前为四成，至今尚未收到银监会相关通知。利率方面，各银行二套房贷不同，有的银行执行基准利率上浮10%，有的银行的房贷利率有优惠，可达到基准利率7折。尽管银监会否认了提高二套房贷首付的传闻，但也有业内人士认为，出于稳定房价、打压投机行为以及保民生等多方面考虑，监管部门对于二套房贷的政策肯定会趋紧。我要评论,4,1,0.9399134516716003
2010年楼市调控七大看点解读1 严格二套房贷首付比例 利率灵活掌握“二套房贷款首付款比例不得低于40%，贷款利率严格按照风险定价。”《通知》的明确规定让猜测多时的二套房贷政策尘埃落定。《通知》中，一度执行的二套房贷优惠政策没有再被提及。事实上，第二套(含)以上住房首付比例不得低于40%的规定在2007年全国楼价持续飙升的状态下就已出台。2008年四季度以来，在应对国际金融危机的背景下，地方和银行普遍减弱了政策执行力度，一些地方二套及二套以上购房贷款首付低于40%，利率也有所降低，出现了投机客以极低借贷成本贷款购买多套房进行投机的行为，助推部分城市房价过快上涨。交通银行首席经济学家连平认为：“在目前市场情况下，出台这样的规定非常及时。”国务院发展研究中心研究员廖英敏说：“严格二套住房购房贷款管理，一方面明确了首付比例，另一方面让银行根据风险灵活掌握贷款利率，目的还是合理引导住房消费，抑制投资投机性购房需求。”收紧二套房贷的同时，政府还明确，要严格执行国家有关个人购买普通住房与非普通住房、首次购房与非首次购房的差别化税收政策，“对不符合规定条件的，一律不得给予相关税收优惠。”2 打击捂盘 开发商须一次性公开全部房源在目前的房地产市场上，几乎所有的开发商在销售时都会采取小规模分批推盘的策略。举例来说，尽管上海政府曾规定同一期房源必须达到3万平方米的标准，但是，在一张预售许可证下，开发商往往还是采取分批销售，往往一次开盘仅仅推出一两百套甚至有些只有数十套房源，从而造成房源紧张，一售而空的“假象”。与此同时，经常相隔不久的第二批房源价格就会明显提升。此次国务院通知中明确，按照规定，各地要结合当地实际，合理确定商品住房项目预售许可的最低规模，不得分层、分单元办理预售许可。已取得预售许可的房地产开发企业，要在规定时间内一次性公开全部房源，严格按照申报价格，明码标价对外销售。进一步建立健全新建商品房、存量房交易合同网上备案制度，加大交易资金监管力度。另外，各个部门被明确了监管市场的分工，其中住房城乡建设部门要会同有关部门，加大对捂盘惜售、囤积房源、散布虚假信息、扰乱市场秩序等违法违规行为的查处力度。国土资源部门要严格土地出让价款的收缴，深化合同执行监管，加强对闲置土地的调查处理，严厉查处违法违规用地和囤地、炒地行为。价格等有关部门要强化商品住房价格监管，依法查处在房地产开发、销售和中介服务中的价格欺诈、哄抬房价以及违反明码标价规定等行为。税务部门要进一步加大对房地产开发企业偷漏税行为的查处力度。国有资产监管部门要进一步规范国有大企业的房地产投资行为。3 防止境外“热钱”冲击国务院在此次《通知》中再一次提及要预防“境外热钱”的冲击，外资炒楼再次成为关注重点。政策显示，要加强房地产信贷风险管理。金融机构要进一步完善房地产信贷风险管理制度，坚持公平、有序竞争，严格执行信贷标准。要严格执行房地产项目资本金要求，严禁对不符合信贷政策规定的房地产开发企业或开发项目发放房地产开发贷款。人民银行、银监会要加大对金融机构房地产贷款业务的监督管理和窗口指导等。其中尤其值得关注的一条是，国务院要求，有关部门要加强对信贷资金流向和跨境投融资活动的监控，防范信贷资金违规进入房地产市场，防止境外“热钱”冲击我国市场。潘石屹表示，防止境外热钱冲击我国市场“是需要特别留意的新问题，全世界的利率都很低，几乎是零。如果中国继续宽松的货币政策，很可能有热钱冲击。那时炒房地产就不只是国内的资金了”。今年1月9日，中国社科院国际金融研究中心发布《中国面临的短期国际资本流动：回顾与展望》报告，指出2010年上半年，短期国际资本仍将持续流入中国。报告显示，从2009年下半年开始，随着发达国家针对中国出口商品贸易保护主义举措的频繁出现，人民币升值外部压力卷土重来，并且转化为强烈的人民币升值预期。这意味着在资产市场相对收益率之外，人民币升值预期将继2007年之后，再度成为短期国际资本流入中国的重要驱动因素。此外，美元套利交易的大规模平仓可能要等到美联储重新加息。鉴于目前美国私人部门的消费与投资更多受到政策性因素的刺激，而非自主性的复苏，因此，美联储加息的时间依然不会早于2010年第三季度。如果在此之前，中国央行率先上调人民币存贷款利率，利差的扩大只会进一步引致短期国际资本的流入。而从去年年中开始，已经有多家机构开始预警外资热钱对于中国楼市的推动作用，很多业内人士认为，去年下半年的房价实际上就是由热钱所推动。瑞信董事总经理、亚洲区首席经济分析师陶冬表示，在流动性过剩而实体经济尚未恢复的情况下，政府短期内不可能收回流动性，因此造成的结果就是国内房价的继续上涨。不同于去年上半年的刚性需求推动，去年下半年房价上升的主要动力直接来自于热钱的炒作。如按收入来分析，房价根本就不应按目前的幅度上升。陶冬表示，“如果要是说开始的部分资金是刚性需求造成的，那我相信去年下半年拉动房地产继续上升主要是来自热钱，来自炒作。”4 探索土地出让综合评标方法防“地王”频出“地王”已经成为2009年来楼市的一个代表性名词。对于市场而言，开发商对于热门土地的争夺几乎已经到了白热化的程度，住宅土地最高价格已经超过了3.2万元/平方米，而每一次的高地价的诞生都直接导致了同一区域房价的大幅度飙升。“价高者得”一定程度上助长了高地价的频频产生，这种情形下，各地政府开始酝酿新的土地出让模式，以上海为例，土地出让改革一再试行，在新的土地出让模式中，对于热门地块将采取先招后拍的土地出让方式。昨天的通知中，国务院规定，各地要综合考虑土地价格、价款缴纳、合同约定开发时限及企业闲置地情况等因素，合理确定土地供应方式和内容，探索土地出让综合评标方法。对拖欠土地价款、违反合同约定的单位和个人，要限制其参与土地出让活动。从严控制商品住房项目单宗土地出让面积。《通知》明确要求，各地要综合考虑土地价格、价款缴纳、合同约定开发时限及企业闲置地情况等因素，合理确定土地供应方式和内容，探索土地出让综合评标方法。对拖欠土地价款、违反合同约定的单位和个人，要限制其参与土地出让活动。从严控制商品住房项目单宗土地出让面积。廖英敏说：“探索土地出让综合评标方法等一系列涉及土地市场的政策，一方面是防止‘地王’现象，另一方面是提高土地供应和开发利用效率。”《通知》提出“增加住房建设用地有效供应”，中国房地产业协会副会长朱中一说：“稳定土地供应是稳定房地产市场的重要前提。需要改进的是，一是供应的地块不宜过大，一般应保证在3年左右能开发完；二是招拍挂制度要完善，对普通商品房用地，一般应在基准地价、标定地价基础上作适当浮动，防止过高地价提升房价。”5 提高住宅土地供应和开发利用效率《通知》表示，要增加住房建设用地有效供应，提高土地供应和开发利用效率。各地要根据房地产市场运行情况，把握好土地供应的总量、结构和时序。要加强商品住房项目的规划管理，提高规划审批效率。要及时向社会公布住房用地年度供应计划，对需要办理农用地征转用手续的，要加快审批工作，确保供地计划落到实处。中国房地产业协会副会长兼秘书长朱中一表示，房价上涨的主要原因之一，就是土地和住宅的有效供给不足。朱中一称，目前，房屋的销售面积大于竣工面积，土地的购置面积和土地完成的开发面积等先行性指标同比是下降的，这样使得未来的供给还是不足的，而目前的供应紧张也跟之前的土地供应收紧是联系在一起的。跟之前的调控明显不同的是，2004年、2005年市场是严把金融、土地两个闸门，这次的调控政策是没有的，财政政策是继续宽松的，土地是增加供给的。6 扩大经适房供应范围保障性用房已经成为去年以来楼市政策的主要基调。《通知》指出，要加快中低价位、中小套型普通商品住房建设。对已批未建、已建未售的普通商品住房项目，要采取促开工、促上市措施，督促房地产开发企业加快项目建设和销售。要适当加大经济适用住房建设力度，扩大经济适用住房供应范围。商品住房价格过高、上涨过快的城市，要切实增加限价商品住房、经济适用住房、公共租赁住房供应。内容显示，政府已开始酝酿解决中等收入人群也就是夹心层的住房问题。由于如今房价高企，很大一部分市民无法通过市场方式购买商品房，而经济适用房门槛又难以达到，这部分人群未来将被逐步纳入到政府保障范畴中去。通知称，城市人民政府要在城市总体规划和土地利用总体规划确定的城市建设用地规模内，抓紧编制2010－2012年住房建设规划，重点明确中低价位、中小套型普通商品住房和限价商品住房、公共租赁住房、经济适用住房、廉租住房的建设规模，并分解到住房用地年度供应计划，落实到地块，明确各地块住房套型结构比例等控制性指标要求。房价过高、上涨过快、住房有效供应不足的城市，要切实扩大上述五类住房的建设用地供应量和比例。7 规范国有大企业投资房地产“国有资产监管部门要进一步规范国有大企业的房地产投资行为”，这是通知中涉及“继续整顿房地产市场秩序”的内容之一。整顿房地产市场秩序，历来是政府调控政策的主要内容，值得注意的是，在这份通知中，除了对住房城乡建设部、国土资源部、价格等有关部门、税务部门提出要求以外，还特别提到国有资产监管部门，这样的表述在以往政府出台的房地产调控政策中鲜有出现。廖英敏说：“2009年部分上市的国有大企业纷纷进入房地产市场，还拿了不少‘地王’。国有大企业疯狂拍地的行为，不利于房地产市场健康发展。这次政府特别提出要进一步规范国有大企业投资房地产，也是希望国有资本在房地产市场上能够起到好的主导作用。”国务院国资委副主任黄淑和近期明确表示，面对复杂多变的经济环境，中央企业要做好风险防范，要慎重进入股市、房地产和期货等高风险领域。我要评论,4,1,0.8742635846138
"外媒选出世界上九个最不受待见的城市(组图) 世界上最大的独立旅行出版商Lonely Planet以Cities You Really Hate(真让人讨厌的城市)为题在自己的网页上列出了9个世界上最不招人待见的城市。墨西哥 切图马儿(Chetumal)在这个名单上排名第9的是墨西哥的边界城市切图马尔(Chetumal)，上榜原因是这个城市是个大众旅游的地方，缺乏魅力。坦桑尼亚 阿鲁沙(Arusha)排在第8名的是坦桑尼亚的阿鲁沙(Arusha)，是通往大自然的门户，城市本身不可多呆，越早离开越好。印度 钦奈(Chennai)第7名是印度钦奈(Chennai)，要说也算个大城市，但是没有孟买的繁华，没有德里的历史，也没有班加罗尔的热闹，据说来自那里的女影星都不够热辣性感。萨尔多瓦 圣萨尔多瓦城(San Salvador)第6名是萨尔瓦多的圣萨尔瓦多城(San Salvador)，据说是中美洲国家中黑色污垢最多的首都。英国 伍尔弗汉普顿(Wolverhampton)第5名是英格兰中部城市伍尔弗汉普顿(Wolverhampton)，Lonely Planet的评价很简单：So bad that we don’t even have it on this site(实在太差了，本网站都没有介绍这个城市)。美国 洛杉矶(Los Angeles)第4名是美国的洛杉矶(Los Angeles)，洛杉矶入选是因为该城市的污染、交通拥堵，还有特难看的高速公路网。韩国 首尔(Seoul)排在最不受欢迎城市榜单第3名是我们的邻邦韩国首尔(Seoul)，用一个网友的评价来说，首尔到处是“苏式水泥建筑群”，污染严重，毫无生气，老百姓只能借酒浇愁。加纳 阿克拉(Accra)第2名是西非加纳首都阿克拉(Accra)，ugly(丑陋), chaotic(混乱), sprawling(杂乱无序)，毫无海滨城市特色。美国 底特律(Detroit)美国的底特律(Detroit)夺得Most hated cities的头筹，理由是治安不佳、环境污染，以及每况愈下的城市基础设施。我要评论",4,5,0.9990503191947937
银行业协会叫停房贷返点晨报讯（记者 张晓莉）记者昨日从房地产中介机构获悉，去年最后一天，中国银行业协会悄然给会员银行下发了一份通知，要求各商业银行停止向房产中介和房贷中介机构以各种形式支付返点。全国范围内叫停此类返点的序幕正式拉开。这份中国银行业协会的通知名为《关于规范做好个人房地产按揭贷款业务维护市场秩序的自律共识》。该协会明确提出：自今年1月1日起，停止以任何形式向房贷中介及其从业人员支付与所提供的服务不对称、纯粹业务介绍的“返点”费用。早在去年11月，上海、深圳、大连和杭州等地的银行同业协会陆续推出类似的房贷“自律公约”，要求本区域内的银行停止以任何形式向房产中介和房贷中介机构支付返点。北京的主要国有银行和部分股份制银行也在去年末停止向中介机构提供返点。但是，返点行为并未就此停止。多家中介机构表示，不少银行仍在变相提供返点。中易安房地产担保有限公司市场总监徐东华认为，房贷返点已经成为银行争抢房贷市场份额的主要竞争手段，而要想彻底杜绝这种“潜规则”，仅仅依靠行业自律显然不够，需要银监会等监管部门介入并明确违规责任。他表示，国外也存在银行向房贷中介机构支付佣金的情况，但通常都要求必须向消费者明示且不得超过核定限额，否则将被视为商业贿赂行为。到目前为止，我国还没有相应的明确规定。■新闻资料房贷返点在房贷按揭市场的竞争中，银行为了从房产中介和房贷按揭服务公司获得贷款业务，通常会向这些机构支付佣金。佣金的水平不一，一般是按揭贷款额的0.3%到接近3%，而一线城市的水平大约在0.5%至2%之间。这项佣金在业内被称为“房贷返点”。■新闻链接叫停“返点”影响不一对贷款人：服务费可能提高资深房产中介人士分析，叫停返点之举可能导致中介提高贷款服务费，但目前没听说有机构考虑提高。记者从多家中介了解到，北京的房产中介贷款服务费收费标准大致为：贷款额度在一定金额以下收费3000元左右，超过部分每1万元加收50元。一笔100万元贷款的服务费大致在6000元。在实际操作中，中介机构一般不会收取超过份额的加收费用。取消返点后，房产中介向客户收取的贷款代办费用出现上升空间，但在实际操作中，中介会根据市场情况决定是否提高。对中介机构：扩张稍有放慢中易安房地产担保有限公司市场总监徐东华认为，叫停返点对中介影响有限。目前中介的主要盈利以促成交易所收取的交易佣金为主，房贷返点收入一般只占房产中介收入的15%至20%。并且，即使取消房贷返点，房产中介仍然可以向消费者收取一定数额的贷款代办费用，其整体利润损失不会很大。但是，该笔现金流的缺失会使部分房产中介的扩张步伐稍有放慢。晨报记者 张晓莉我要评论,4,1,0.9113179445266724
姚明砸2亿抄底海外豪宅 丁俊晖租房到底 买房记在房价飞涨的2009年，描写“房奴”的电视剧《蜗居》猛然走红，而在体育圈里，房子同样是个沉甸甸、绕不开的话题——炒房族代表：姚明昨天，国内某著名篮球论坛爆料：姚明在北京二环到三环之间的“××山”买了一栋别墅，整整花了2亿人民币。记者通过多方求证，证实这是一个假消息。记者通过姚明密友得知，虽然没买天价别墅，但姚明和“姚之队”的确在上海等地炒房。据论坛爆料，姚明购买的豪宅位于北京广渠门外大街北侧，名叫“××山”。爆料内容还说，姚明买下了其中的一整栋用于投资。该楼盘别墅最小的1500平方米，最大的2400平方米，按每平方米均价10万算下来，姚明差不多花了2亿人民币。消息一出，顿时引发球迷热议：“姚老板真有钱”，“姚明叶莉在准备新房了。”记者随后电话采访了该别墅售楼部的销售人员。销售人员向记者证实，“他(姚明)确实没在这买房，如果他买了，对我们来说倒是个好消息。”会不会是姚明秘密买房、并和地产商达成了“保密协议”？记者又向姚明身边的一位密友求证，也证实“这可能是地产商在炒作”。利用明星炒作房产，在业界不是首次了——北京奥运会前，位于鸟巢附近的“××大观”就利用世界首富进行了一次商业炒作：“为了看奥运会，比尔·盖茨一亿元租下××大观的空中四合院。”不过，据某内部人士透露，姚老板确实在炒房，不过不是在北京。姚明的商业头脑众所周知，加上身边有着“姚之队”这样一个专业智囊团队，姚明投身于“炒房团”也不足为奇了。虽然没有透露具体地点，但从目前的情况看，姚明更可能选择自己的家乡、房价越来越高的上海作为投资地点。另外，姚明还可能在美国房地产市场上“抄底”。有消息表明，姚明除了在温瑟湖买了一套价值上百万美元的豪宅外，又出手买了一套房产，在休斯敦的房产总价值达到数百万美元。刘翔有三个家近日，刘翔第三个家的照片被媒体曝光。刘翔购买的是位于普陀区长征新城中心地带的祥和名邸的一栋独立别墅，价值1450万。刘翔的其余两处住所也在普陀区，一套是70平方米的旧房子，另一套面积150多平方米，区政府奖励的。■有此一说 休斯敦房产因他而火《休斯敦商业哨兵报》报道，由于姚明的魅力，导致大量移民拥入休斯敦买房。一位来自中国的购房者表示，“如果只是居住，休斯敦房市不会这样红火，但因为姚明的缘故，吸引了许多人决定在此定居。”蜗居族代表：程菲和姚明四处投资不同，22岁的体操世界冠军程菲却有些郁闷——就像现实版的“蜗居”一样，程菲的奖金收入在北京根本买不起房子，这让她非常郁闷。十一运会受伤后，程菲从此消失在聚光灯下，这位中国女子体操队的领军人物，如今正站在职业生涯的十字路口——由于韧带撕裂、身体发福，程菲已经游走在退役边缘。她之所以迟迟不敢做退役决定，实在是因为没做好包括房子在内的退役准备：“房子！一想到房子我就很烦。去年9月我才开始考虑退役，想留在北京发展，所以想买一套房子。但北京的房子太贵了！而且直到现在还在涨，买不起啊。”去年全运会后，程菲头一次放了二十多天的假，当时就跟父母聊过在北京买房子的话题。具体打算买在哪儿，程菲的父亲程立高说，他和女儿初步想在北京二环至三环之间找房，房子也不用太大，80到90平方米就行，关键是一定要交通方便。但是北京的房价让程菲望而却步。贵为北京奥运会团体冠军，湖北省奖了她60万元，黄石市奖了70万元。抛开其他产品代言的收入不算，把这130万全都砸在房子里，在北京的三环内，程菲也只能买到50平方米左右的房子。难怪程菲会感叹，2010年盼着北京房价降。丁俊晖租房到底尽管现在丁俊晖的收入不菲，但他仍旧属于“蜗居”一族，他在国内和英国都是租房子居住。在老家宜兴，丁家拥有一套别墅，但只在休假期间回去短住；在上海，丁家租了一套两居室的房子；在南京，租了一套位于清凉门附近的房子。综合重庆晨报、楚天都市报我要评论,4,1,0.37154072523117065
三招应对二套房首付比20%上周日，国务院办公厅发布了《关于促进房地产市场平稳健康发展的通知》(下简称《国十一条》)，其中明确规定：对已利用贷款购买住房、又申请购买第二套(含)以上住房的家庭(包括借款人、配偶及未成年子女)，贷款首付款比例不得低于40%，贷款利率严格按照风险定价。《国十一条》出台后，各大银行对二套房申购的首付比例都有了相对严格的审批，即首付比例不低于40%。但是，对于那些仍有强烈的购买二套房需要的居民，手中又一下子拿不出那么多钱做首付，还有没有办法购买二套房呢？记者发现，购买二套房贷款首付比例20%仍有招数：招数一：善用住房公积金贷款据了解，广州目前就只有工商银行[5.08 -0.20%]、中国银行[4.16 0.00%]、建设银行[5.88 -0.17%]、农业银行、交通银行[8.74 0.69%]这五家国有银行有用住房公积金贷款购买二套房的业务，其他股份制银行，如招商银行[16.31 -0.12%]、深圳发展银行、上海浦东发展银行、兴业银行[34.59 0.41%]等都没有用住房公积金贷款购买二套房的业务。在首付比例上，如果用住房公积金贷款购买二套房，农业银行、交通银行、建设银行、中国银行的最低首付比例都可以达到20%，工商银行的最低首付比例可达到30%。值得注意的是，同是购买二套房，购买一手房和二手房在首付比例上区别很大。例如建设银行规定，如果用住房公积金贷款购买二套房，一手房首付不低于20%，二手房首付则不低于30%。中国银行则规定，用住房公积金贷款购买二套房，一手房首付不低于20%(无年限限制)，二手房首付则不低于30%(年限为20年)。但各大银行均表示，由于各个银行的支行网点关于公积金贷款购房的首付比例及贷款利率的细则都有所差异，因此居民如果办理该业务，详细的内容需要到购房所在地的经办网点具体了解。在申请购买的程序上，建设银行规定用住房公积金购买二套房，需要城镇户口，本地户口人士需缴存公积金6个月以上，外地户口的需缴存公积金12个月以上。工商银行规定，本地户口和外地户口的缴存时间没有规定，但外地户口的须在本地工作满一年。中国银行规定，外地户口的需在广州本地工作，缴存公积金在半年以上。农业银行规定，本地、外地户口的均没有区别。交通银行规定，户口不受限制，但需要本人在广州工作。招数二：申请购买改善型住房在《国十一条》出台前，国务院曾发出通知，对于再申请贷款购买第二套用于改善居住条件的普通自住房的居民，可比照执行首次贷款购买普通自住房的优惠政策。此次的《国十一条》中没有提及“改善型住房”的字眼，因此此前的规定是否仍然有效现在还没有最终的说法。在各大银行等待总行下发关于《国十一条》的准确执行方案之前，如果申请购买二套房为改善型住房的，仍有可能享受首付20%的优惠。在《国十一条》出台之后，国内一些城市已经陆续公布了“改善型住房”的标准，像上海市公积金管理中心就于1月6日宣布，借款人家庭人均住房建筑面积超过33.4平方米，第二次贷款购房，即认定为购买非改善型住房。根据记者采访，目前广州对如何认定“改善型住房”还没有完全统一的规定，比如有的银行对第一套房人均占有面积并没有限制，只要按揭购买第二套房都算是改善型住房；有的则对第一套房的人均居住面积有限制。目前，广州市大部分银行仍表示还有改善型二套放贷的优惠，在首付比例上虽不能打包票依旧享受20%的优惠，但仍有一定的优惠空间。虽然政策可能随时有变，但现在去申请购买改善型二套住房，还是有可能享受首付优惠的。此外，在放款时间、申请审批时间及是否可以提前还款的问题上，各家银行也不尽相同。比如工商银行的审批时间大概在一周左右，提前还款方面没有特别的限制；而招商银行的审批时间则在10天左右，贷款半年之后就可以申请提前还款。各大银行均表示，由于各个支行网点在具体条款上都有些差异，因此具体的细则需要购房者自行去办理网点详细咨询。我要评论,4,1,0.7885140776634216
传印花税下周恢复双边征收 官员称并未听说昨日(15日)，市场开始传言周末将公布证券交易印花税恢复双边征收政策，下周四起实施。另据消息称，此次调整只是对机构(法人)投资者交易印花税恢复双边征收。国家将用税收杠杆增加机构大资金投资者倒仓成本，避免股市暴涨暴跌，保护投资者利益。据新浪财经报道，财政部相关负责人称未听说此消息，财政部财科所所长贾康亦表示如果有政策会正式通知，不会这样传，传的都不靠谱。在此次传言中，有一个版本是此次信息源是华泰证券，而该券商高层亦表示，未听说此传言。市场人士普遍认为，提高印花税对股市是重大利空，而目前大盘的点位并不高，特别是蓝筹板块经过持续调整，估值已经处于合理区间，并没有出台此政策挤泡沫的理由。从昨日股市反应来看，大盘也并没有受此传言的影响。不过，所谓无风不起浪，这一传言在股民中还是引发了较大的担忧。因为2007年财政部在5月30日凌晨提高印花税，让A股经历了“5·30”地震。有此前车之鉴，加上近期小盘股涨得太厉害，不少股民担心相关部门真的会调整印花税。此外，中国国家税务总局昨日还公布，2009年证券交易印花税下降47.9%。在证券交易印花税大幅下降的背景下传出调整印花税的消息，难说是空穴来风。我要评论,4,1,0.5010553002357483
"汇通滨水动漫城 打造新年精气神新年伊始，对于广大动漫艺术爱好者而言，京东动漫文化基地——汇通滨水动漫城的基建完工无疑是严寒中的一股暖流，让大家都卯足了创作的精气神。这个集艺术、文化、商业、办公、娱乐于一体的复合型国际化动漫基地将为动漫创意者搭建专业的平台。动漫产业给人以梦想，以快乐，它是文化产业中极具生机的组成部分。作为一项朝阳产业，高科技、高投入、高产出的要求，决定了动漫产业必然要走一条高度集中发展之路。在动漫产业发展相对成熟的美国和日本，他们的经验也告诉我们，动漫产业不可能遍地分布。正是基于历史的经验借鉴，加之北京市和朝阳区大力发展文化创意产业的机遇，汇通滨水动漫城应运而生。坐落于北京朝阳区三间房“运河·新时尚”滨河景观带的汇通滨水动漫城属于通惠河文化创意产业规划区的配套商业综合项目之一。汇通滨水动漫城拥有占地30,000平方米的动漫设计工作室，可作为入驻企业的载体。动漫城建筑格局中提供六种不同风格的工作室，适合各种需求的动漫企业和个人自由创作。此外，与动漫城相邻占地15,000平方米的文化艺术中心更为该区增添了一道浓厚的文化色彩。发展动漫产业是一项涉及多个环节、多个领域的系统工程，拥有一个设施完备，文化氛围浓郁的创作环境无疑是形成完整动漫产业链条的前提条件。不久的将来，滨水动漫城，将汇聚国内外动漫大师级专家和国内动漫领域一线精英，通过搭建专业交流与互动平台，缩短与国际最顶尖水平的差距，掌握产业前沿动向，促进产业合作，提升北京动漫设计企业和工作室的技术水平，推动北京动漫产业发展。据悉，汇通滨水动漫城将于2010年6月30日正式投入使用。我要评论",4,6,0.8736841082572937
伦敦人被逼住船屋2010年初英国福克斯顿船屋中介公司推出“史上最贵”船屋“海洋号”，售价100万英镑，居住面积129平米。买不起房的伦敦年轻人，花几万英磅买艘船屋住在河上。外表简陋，里面却样样齐全。浪漫又实惠，就是泊位不太好找。“当砖瓦不再有吸引力，尝试一下水上生活，那可能会成为快乐生活的起航码头。”英国专栏作者阿曼达·里利琼斯这样说。在英国，这正在成为一种新兴潮流。高昂的房价、低迷的经济让越来越多的人放弃买房，选择居住在船屋里，以一种颇具诗意的方式享受着“蜗居”生活。年轻人初次置业选船屋27岁的希安·奥尼尔和尼克·奥斯丁是生活在伦敦的一对年轻情侣。由于囊中羞涩，他们选择花2万英镑购买一艘船屋。随后，奥尼尔和奥斯丁又花费1万英镑，将这艘船屋装扮成了一个真正的家。奥尼尔总结说，船屋生活“浪漫得不可思议”，不过冬天有点冷。近年来有调查显示，越来越多的英国夫妇在孩子长大离家后选择卖掉郊区的房子，住到生活方便、环境优美的位于城市水系上的船屋里。此外，由于价格低廉，年轻的初次购房者、由于经济趋紧而被迫换房者都是购买船屋的主力群体。中年人囊中羞涩DIY船屋从2000年以来，英国船屋的数量几乎在以每4年翻一番的速度增长。46岁的多米尼克·韦伯斯特是一名建筑师。他曾经在伦敦北部的海格特拥有一间公寓。但是，现在他的家安在伦敦东部布莱克沃港区的一条驳船“精益求精号”上。韦伯斯特说，他离婚后一度经济紧张，而过去乘坐游艇度假的经历让他对水上生活十分向往。2003年，韦伯斯特花了3.5万英镑买下一艘船屋，然后花了7.5万英镑重新装修。船屋里的装饰几乎都是韦伯斯特DIY完成。他参照网上和杂志上的游艇照片，梦想把这条船改造成一条“经济型超级游艇”。2008年，韦伯斯特的船屋被重新估价为18.7万英镑，他说：“这个估价很棒，但是住在船上是一种生活方式，而不是为了投资。”韦伯斯特的船里安装了宽屏幕电视和苹果电脑。韦伯斯特说：“我有暖气、宽带、洗衣机，普通房子所有的一切这里都有。”年轻白领尝鲜租船屋除了自己购买船屋，很多人选择了租住的方式。25岁的金融分析师克里斯蒂安·洛克就在泰晤士河上一个船屋公寓里租了一间房子，每月租金为650英镑。他说：“我并不想拥有一艘船屋，但我很想住。而且，如果在陆地上租这样一间公寓每个月租金至少1000英镑。”英国的名人中也不乏船屋业主。50多岁的英国著名演员尼格尔·普兰内尔住在泰晤士河上的一条大船上已经有好几年了。（马晶）■ 不利因素船屋泊位难找按揭贷款更贵诗意浪漫从来都没那么容易拥有。一条最基本的船屋售价是2万英镑，但是泊位和其他费用也是一笔不小的开支。船屋泊位由英国水运局和私人业主提供，其使用权限从6个月到125年不等。泊位除了供船屋停靠外，还提供天然气、污水排放、电等基础设施服务，有时候还能接入宽带和数字电视。如果没有泊位，船屋只能临时停靠，每隔10多天挪一次位置，否则将支付高额罚款。2009年英国拥有泊位的船屋只有约3000艘。一艘拥有10年以上泊位使用权的船屋价格比没有泊位使用权的船屋高2到3倍。另外，按揭购买船屋的贷款利率也比普通房屋高不少，贷款额也有限制。业主每年还要为船屋支付保险，通常是3500英镑一年。如果租用的是英国水运局的泊位，那么每年需要额外花费80到120英镑购买安全证书。在泰晤士河上停泊的船屋还需要伦敦港的许可证。每隔几年，业主还需要对船屋进行保养，每次耗资也在数千英镑。（马晶）我要评论,4,5,0.7294541597366333
摩天大楼的诅咒 《第一财经周刊》2010年1月封面●推荐理由：人气指数：★★★★☆新闻指数：★★★★☆新锐指数：★★★★★●出版社：上海第一财经传媒有限公司●刊期定价：周刊；周一出版，定价：10元/本●市场定位：针对最广泛的公司人群●杂志主要内容简介：关注八零后的小白领热衷的国内外的“炫”公司的背后不为人所知的精彩的商业故事。通俗地讲，周刊报道的是和我们生活密切相关的那些时尚的公司，生产时尚的产品和提供时尚的服务的公司。摩天大楼看上去是经济繁荣的象征，但实际情况是，每当有世界最高大楼建成之时，都是经济行将衰退之日。1月4日，耗资41亿美元的全球第一高楼迪拜塔落成（如图）。828米的高度让人知道了什么是真正的心比天高、命比纸薄。迪拜塔的竣工日期从金融危机爆发时起一拖再拖，曾一度有传言它将成为烂尾楼，直至它在一片债务危机中落成。迪拜塔将使得迪拜以全球地标性建筑所在地的身份继续赢得世界关注，但迪拜的房产价格将继去年重挫50%后再跌去30%。往事可鉴，一座城市或是公司在建造这类标志性建筑时，往往处于其实力的顶峰。不过，事实总是证明，它们建造这些神庙的基础根本是不稳固的。1999年，德意志银行研究主管安德鲁·劳伦斯创造了“摩天大楼指数”。该指数显示，每当有世界最高大楼建成之时，都是经济行将衰退之日。英国历史学家帕金森也有同样的论调，他提出的“办公大楼法则”称，一家公司或机构的办公大楼建造得越完美、豪华，该组织距离解体的时间也就越近。诅咒一直在应验——纽约新加大厦和大都会人寿大厦分别在1908年和1909年竣工，正好赶上美国银行业大危机；克莱斯勒大厦落成于1930年，而一年前的1929年正值纽约股市崩盘；纽约帝国大厦1931年完工时，美国经济在大萧条中挣扎；吉隆坡双峰塔1998年落成时，马来西亚身处亚洲金融危机中。最近的例子是通用汽车总部大楼。为了避免破产的命运，通用汽车于2008年10月以5亿美元出售了该大楼，这之前5个月，通用汽车刚以6.26亿美元买下了这座原名为“文艺复兴中心”的宏伟建筑，不到半年折价过亿，可算是公司贬值最快的一项投资。迪拜塔会被超越吗？2005年时，科威特有一个建造超过1公里高的大楼的计划，准确地说，这座大楼高1001米，这个数字来源于《一千零一夜》，这座新大厦将位于一座巨资打造的阿拉伯新城的中心，可以容纳70万人，按照初步设计，其地基就需要近10层楼高。包括附属基础设施在内的建筑花费预估为1500亿美元，工期需要25年。科威特政府希望此座大厦成为该国新开发计划的代表作，将它塑造成一张国际级名片，以此帮助科威特申办奥运会，并为这个产油富国“唤醒一个新的企业家阶层”。“诅咒”在中国应验吗？2008年8月底，位于上海金融城小陆家嘴内的环球金融中心落成后，正式取代了它的邻居金茂大厦，成为新地标，其主体高度也超过了中国台北101大厦，成为当时新的世界第一，从那以后，你可曾还从股市中听到过什么好消息？我要评论,4,6,0.32292473316192627
"汇通滨河动漫城：以特色积聚创意能量过去的2009年称得上是动漫产业在中国激情燃烧的一年。一方面是国家的扶持政策为动漫产业的枝繁叶茂灌注了活力，另一方面是国人对动漫观念的更新，形成了巨大的文化需求，刺激了动漫市场的空前活跃。基于两股合力的作用，全国各地动漫产业计划如火如荼的进行，其中最受关注也是饱受争议的一项就是关于动漫基地的打造。事实上，无论从艺术创造需求的角度，还是从提升经济价值的角度，打造具有可持续发展潜力的特色动漫基地都是一项值得称快的事情，关键的问题就在于特色和潜力在哪里。正是基于对动漫产业基地特色发展的前瞻考虑，由北京市朝阳区政府策划，三间房乡政府主办的通惠河文化创意产业规划区项目中突出设置了滨河动漫城这一项目。在特色发展上，滨河动漫城首先着眼于个性化动漫设计工作室的建造，30,000平方米的动漫设计工作室助力要成为滋养动漫设计人才的土壤和容纳创意成长的空间。日前该动漫城封顶之后，动漫设计工作室的庐山真面目也正式浮出水面，与世界顶级动漫设计工作室媲美的个性工作空间，环绕15,000平方米的文化艺术中心，优越的硬件设施和浓厚的文化氛围成为吸引大批动漫设计人才重要条件。有业内人士表示，如果规划得当有效，滨河动漫城将在未来几年内成为京东地区最具创造力、影响力和经济实力的动漫产业基地。我要评论",4,6,0.6888866424560547
"多数央企5年内退出酒店业本报讯 (记者钟晶晶) 经过2年多的摸底，央企宾馆酒店辅业剥离重组工作全面启动。国资委网站昨日发布消息，从今年起在央企范围内正式开展非主业宾馆酒店分离重组工作，计划3年-5年内完成。根据国资委的总体方案，剥离出的非主业宾馆酒店业务将重组到以宾馆酒店业为主的优势央企。涉及资产达千亿据统计，央企旗下的宾馆企业不下2000家，其资产也高达上千亿元，几乎每家央企旗下均有宾馆酒店业务。如中石油集团旗下200多家酒店宾馆等，其中的核心酒店资产已陆续通过划拨、股权转让等方式进入了其子公司华油集团，华油集团为此专门成立了阳光酒店集团，旗下拥有60多家酒店，去年底台湾桃园东森山庄等3家台湾饭店也相继加盟。中石油集团在海外的酒店资产也将通过委托管理的方式陆续装入华油集团。其他有酒店资产的央企包括：中石化、中国电力、中国航空、中国铁路、中国电信、中国烟草、中国银行、中国航天科技、中国中旅、香港中旅、中粮集团、华侨城(企业专区,旗下楼盘)集团、中国农行等。多数央企退出酒店经营国资委计划剥离重组央企非主业宾馆酒店业务，在2007年已露端倪。2007年8月，国资委向央企发出通知，要求摸查中央企业集团总部及各级子企业投资开办的宾馆、酒店、接待中心、招待所、度假村等单位。并将调查报告交由国资委改革局，研究重组事宜。此次重组方向遵从合并同类项原则。国资委昨日明确表示，央企非主业宾馆酒店业务将通过国有产权无偿划转、协议转让、市场转让等方式，重组到以宾馆酒店为主业的优势中央企业。而此后未经国资委批准，不以宾馆酒店为主业的中央企业，不得再投资新建经营性的宾馆酒店。重组方案由不以宾馆酒店为主业的中央企业制定后再报国资委批准后组织实施。“华侨城、中粮等受益”“剥离非主业酒店宾馆业务符合国资委要求央企做强做大主业的方向，经过前期的调研现在也到了合适时机。”国资委有关负责人士对记者表示，目前以酒店宾馆为主业的央企如华侨城、中粮集团、港中旅都将是此次资产剥离的主要受益者，但目前具体方案没有出台，年内可能也不会有具体结果。北京科技大学教授刘澄认为，作为对于目前盈利较好的非主业酒店资产，进行产权无偿划拨的难度非常大。他认为，在主业和非主业的划分上切不可一刀切。我要评论",4,7,0.751609742641449
银行家千万买豪宅 一年被淹80次新快报讯 广州房子贵，豪宅更贵，并且，大凡和“江”字套得上近乎的房子，价格都高得一塌糊涂。虽然如此，在英国泰晤士河畔购得一处千万豪宅的银行家艾迪安·荷德，却是被气得一塌糊涂。据英国《每日邮报》27日报道，2006年，荷德以190万英镑(逾2000万元人民币)购买了泰晤士河畔江景半独立别墅，没想到梦魇就此开始———泰晤士河河水每年都会熟门熟路地去“造访”他家的草坪，甚至将其全部淹没。平白无故多了一个“露天游泳池”，荷德却气坏了：“我们可不想生活在一个洪水平均一年光顾80次的房子里。”一怒之下，荷德以前房主未尽告知义务而将后者告上了法庭。我要评论,4,1,0.8177042603492737
2010年十大旅游地 中国排第八榜单认为 中国的特点是融汇现代和传统 上海世博会也能吸引游客今晨据英国媒体报道，美国旅游公司Gate 1 Travel刚刚出炉了一份“2010年十大旅游地”的榜单，为那些还在犹豫去哪里旅行的人指出了最佳旅游地。此次，中国在榜单中名列第八，而在2008年世界旅游论坛公布的全球130个国家、地区排行中，中国大陆旅游竞争力仅排在第62位。1.意大利点评：从托斯卡纳区的群山到罗马古城的废墟，意大利因其无与伦比的美景、美食和购物而闻名。旅行者经常会流连于宽广的农村地区。对于大多数人而言，最具吸引力的还是这个国家悠久的历史。2.埃及点评：想要度过一个既经济实惠又颇具魅力的假期？埃及在这方面排名很高。那里不仅政局稳定，还是吉萨大金字塔的所在地。尽管全年高温，但旅行者似乎从未对多面的埃及感到厌倦。3.希腊点评：美丽的景色加上文化和历史的碰撞使得希腊一直是个受欢迎的旅游目的地。美丽的沙滩、古老的遗址和神的旨意吸引着年轻人，度蜜月的人常常选择希腊浪漫之旅。4.土耳其点评：与埃及类似，土耳其成为跨国旅行者目的地之一的原因是其成本可接受性。抵达土耳其，游客便陶醉于独特的历史和考古遗迹、雄伟的高山和峡谷、湖泊、河流、瀑布、城堡、清真寺以及美丽的海岸线。5.秘鲁点评：作为马丘比丘城堡所在地，秘鲁在最近几年内成为受欢迎的旅行目的地。17世纪的建筑、印加遗址以及无人去过的丛林——秘鲁等待你去发掘。首都利马不仅是金融中心还是文化中心，古老的印加首都库斯科每年都吸引将近百万名游客。6.Oberammergau(上阿莫高)点评：Oberammergau(上阿莫高)是巴伐利亚的一个小村，坐落在德国中南部阿尔卑斯山脉沿线、阿莫尔河附近。但并非是这个镇子优越的地理位置吸引着游客——这里是世界著名的壁画村。那些壁画大都由上阿莫高本地人在1634年创作，描述耶稣的最后几日。7.约旦点评：坐落于中东核心地区，有着重大的宗教和历史意义。来旅游的人大多会去探索约旦河、最受欢迎的城市玫瑰红城佩特拉、死海。8.中国点评：凭借快速增加的基础设施和起飞的经济，中国融汇了现代化的复杂性和丰富的传统性。这种独特的混杂特点使得这个国家成为受欢迎的旅游地。那儿有享有盛名的长城以及拥有白色圆形大理石祭坛的天坛，其它受欢迎的城市包括最古老的城市之一西安，还有2010年举办世博会的上海，也能吸引游客。9.印度点评：拥有超过十亿人口的印度是世界上最具多元化的国家之一。在德里，游客能看见华丽的印度教寺庙和世界上最高的独立式砖尖塔库图米纳尔塔。德里不远处是泰姬陵所在地阿格拉市。印度不仅拥有美丽的风情而且经济实惠。10.哥斯达黎加点评：火山、瀑布、野生动物，哥斯达黎加已迅速变成一个受欢迎的生态旅游地。寻求刺激的旅行者可以领略到生物多样性，也能够进行各种冒险活动，如滑索和吊桥。当墨西哥正从2009年的流感恐慌中恢复的时候，哥斯达黎加越来越受欢迎。编译/尹晓琳  记者 黎史翔我要评论,4,5,0.9495452046394348
信贷或在下半年开始收紧1月18日央行正式上调存款准备金，这被理解为宏观调控政策转向的信号，市场也越来越担忧流动性将开始收紧。而分析人士称这种情况将在2010年下半年出现。近期市场对货币政策转向的预期已十分明显，业界普遍预计2010年的信贷投放将大大减少，货币政策必然越来越紧。受此影响，上证指数自1月18日上调存款准备金以来已经下跌了超过7%。不过，记者从央行人士处获悉，管理层确定上半年新增贷款规模仍为5万亿元左右，一、二季度分别为3万亿和2万亿，与年初确定的目标基本一致。而在1月27日的银监会召开的各商业银行工作会议上则确定了2010年信贷新增投放7.5万亿，与此前市场预期基本吻合。对此，分析人士称，2010年上半年5万亿的新增信贷与2009年差别不大，但按照银监会的表态，2009年下半年的新增信贷量将骤降至2.5万亿，到时流动性收紧的影响将会显现。但据某商业银行内部人士称，2010年的经济局势十分复杂，信贷增量可能也会按月进行调整，现在可能根本无法给出具体数字，银监会方面也根据实际情况随时调控。兴业银行经济学家鲁政委此前曾撰文预测， 1 月份新增贷款可能在1.2~1.5 万亿之间，中值1.35 万亿，无论从绝对量还是从同比增速来看，均将低于去年同期。他还认为今年2月不可能出现加息。式上调存款准备金，这被理解为宏观调控政策转向的信号，市场也越来越担忧流动性将开始收紧。而分析人士称这种情况将在2010年下半年出现。1月18日央行正式上调存款准备金，这被理解为宏观调控政策转向的信号，市场也越来越担忧流动性将开始收紧。而分析人士称这种情况将在2010年下半年出现。近期市场对货币政策转向的预期已十分明显，业界普遍预计2010年的信贷投放将大大减少，货币政策必然越来越紧。受此影响，上证指数自1月18日上调存款准备金以来已经下跌了超过7%。不过，记者从央行人士处获悉，管理层确定上半年新增贷款规模仍为5万亿元左右，一、二季度分别为3万亿和2万亿，与年初确定的目标基本一致。而在1月27日的银监会召开的各商业银行工作会议上则确定了2010年信贷新增投放7.5万亿，与此前市场预期基本吻合。对此，分析人士称，2010年上半年5万亿的新增信贷与2009年差别不大，但按照银监会的表态，2009年下半年的新增信贷量将骤降至2.5万亿，到时流动性收紧的影响将会显现。但据某商业银行内部人士称，2010年的经济局势十分复杂，信贷增量可能也会按月进行调整，现在可能根本无法给出具体数字，银监会方面也根据实际情况随时调控。兴业银行经济学家鲁政委此前曾撰文预测， 1 月份新增贷款可能在1.2~1.5 万亿之间，中值1.35 万亿，无论从绝对量还是从同比增速来看，均将低于去年同期。他还认为今年2月不可能出现加息。我要评论,4,1,0.9063895344734192
四大行暗抬北京首套房贷 首付四成享7折优惠现身    山雨欲来风满楼。近期，北京部分银行取消首套住房7折优惠利率的消息不绝于耳，对此，四大行北京分行人士对媒体表示，目前还按照原来的政策执行，并未出现利率优惠调整。但是，情况真的如此吗？记者以购房者身份走访了几家银行营业部，却得到相反的答案。想办7折优惠利率很难记者在中国银行某营业点咨询办理房贷利率是否还能打7折优惠时，该行工作人员表示，现在首套房想办7折优惠利率也很难了，除非银行觉得贷款人的资质非常好。记者询问是否有接到新的政策通知时，该工作人员表示：“虽然政府还没有出台新的房贷政策，但我们银行有自己内部的政策规定。现在房贷政策紧缩，到了2月份也不见得会很好，办房贷现在需要审批很长一段时间。”建设银行房贷经理张先生告诉记者，现在银行内部办房贷的政策也是一天一个样，如果想要办7折利率的房贷，除非首付比较高，起码得首付四成以上。对于二套房贷，张先生表示，现在银行均要求首付四成以上，不过银行会根据客户的资质给予一定的利率优惠。而北京银行的工作人员则告诉记者，北京银行已经取消了二套房的利率优惠，需按照央行的基准利率支付贷款利息。相比四大行，各个股份制银行的房贷似乎好办一些。“我们现在没有接到通知取消首套房7折利率优惠，因此申请的时候也还是按照7折办理，但不能保证首套房肯定能做到7折利率。目前房贷申请需要3天的评估时间，4天的审批时间，通常在7-10天的时间内完成流程。”中信银行的一名房贷经理告诉记者。临近月末，有市场人士预计，1月份的信贷有可能超过1万亿，有消息称1月第一周全国信贷投放达6000亿元，第二周更高达8000亿元，引起了监管机构的关注，央行于14日宣布提高银行存款准备金率0.5个百分点。另外，由于去年底银监会的新通知规定，禁止银行通过信贷类理财产品转出自身存量信贷资产，商业银行无法再通过信贷理财产品的发售将表内资产转移至表外，也影响了银行新增贷款的规模。房贷影响下半年显现据北京市房地产交易管理网的数据显示，截至1月26日，二手房签约数为11462套，相比2009年12月份的41743套，下滑了70%以上。亚豪机构市场总监郭毅告诉记者，1月份前20天，一手商品房的成交量环比下降了48%。郭毅表示，由于决策层频频对房地产市场发出调控信号，对房地产市场的影响很大。信义房屋建外大街店主管易华对记者表示，目前为止，客户申请的房贷如果符合标准，还是按照利率打7折来办理。“房屋成交量大幅度下滑，这是由于政府调控的力度加大，打击投机性需求的态度非常坚决。”易华分析道，“投资客购买房产，当然要最大限度地利用银行贷款，他们当然不会用100万全款买一套房，而肯定是要用20万首付贷款买5套房。现在政府调控房地产市场，导致房地产投机的成本增加，如利息、中介佣金、税费等，因此房屋成交量下降不可避免。”易华认为，房屋成交量下降，利率优惠的调高并没有起到全部作用。“一是在政府调控的情况下，购房者的心理预期下降，看跌房价，因此作出观望；二是去年9月28日出台的新规定，银行贷款需要严格参照网签合同，杜绝了阴阳合同；三是去年底和今年初收紧税收优惠政策的规定。政策出台后的效果有一定的滞后性，现在这一系列的措施导致了1月份成交量的下跌。”据链家地产市场研究部近期发布的报告显示，过去三年北京二手房价格平均上涨了120%，大兴、昌平涨幅分别高达166%和140%，由于政策的延缓，今年上半年楼市对各种调控政策的反应可能会以成交量的萎缩为主，下半年房价会出现明显反应。易华认为，房屋成交量支撑着房屋的价格，如果成交量一直下跌，那么房价不会支撑太久，尽管现在看来房价还是上涨的势头，但恐怕已经是强弩之末。从北京一些房地产中介公司的信息来看，1月份北京二手房市场已经出现明显的议价空间，大部分二手房的成交价格比挂牌价格下调了1.5%-2.5%的价格。而在去年12月份，65%的房源成交价格都高于挂牌价格２%-３%。月供将增加多少？银行房贷7折利率优惠或将取消的传闻愈演愈烈，尽管银行表示存量房贷暂时不会受到影响，但是很多新申请的房贷很有可能不再是7折优惠，调高为8.5折优惠，而二套房也很有可能不再享受任何利率优惠。一旦最低优惠利率由7折变为8.5折，贷款人需要多支付多少利息呢？假设贷款100万元，贷款期限为30年，选择等额本息的还款方式，如果按照7折利率优惠，每个月的月供为4865.69元，总共需要支付利息大约是75万元；如果是8.5折利率，每个月的月供为5398.20元，总共需要支付的利息约为94万元；如果是二套房基准利率不打折，每个月的月供为 5956.98元，总利息高达114万元。（季小舟/文）我要评论,4,1,0.9898062348365784
"监管层要求银行收紧二套房贷 违规行长将被问责据中国之声《央广新闻》1月30日11时45分报道，关于银行收紧二套房贷款政策，日前有监管层发出指示，要求银行全面收紧二套房贷款政策，包括所谓改善型住房在内的所有二套房均要执行首付四成的比例，一旦出现违规，行长将被问责。监管层是在最近召开的一次形势会议上对于今年的信贷政策进行了明确定调，其中调整个人房贷和开发贷是今年的重点工作。而对于此前有部分银行对于改善型住房还存在界定不清的情况，监管层明确表态，无论是不是改善型住房，只要是二套房就一律要实行首付四成的比例。一直以来，高息揽储、贷款直接流向股市是银行业的两条高压红线，而此次对于二套房贷款政策的严控程度，已经可以算是第三条红线了。二套房首付四成的比例是铁定的，各家银行都不能触线。如果违规，将直接找行长进行问责。虽然此前也有消息称，不少银行借政策空当低首付抢个贷客源，但日前有媒体以购房者身份咨询了几个主要的银行，就发现目前申请二套房商业贷款首付比例都已提至四成，而即使是通过相熟的按揭公司，也无法申请到低于四成的首付比例。现在大部分银行依然有二套房的利率优惠政策，优惠幅度从10%到29.9%不等。比如中国银行要求首付4成目前利率政策未明；农业银行首付4成基本利率下浮29.9%，还有改善型住房优惠；工商银行4成基本利率上浮10%，有改善型住房优惠；建设银行4成基本利率，有改善型住房优惠。对此，,银行方面解释称，监管层方面的指导思想是在四成首付比例之下，具体利率按照市场化定价来确定。这种方式更加科学，银行会根据自己的情况以及客户对于银行的贡献度来确定最终的利率。不过，也有银行表示，如果在目前基准利率表基础上打七折，则年息为4.158%，而目前中等银行的资金成本情况已经接近4%，银行做七折房贷业务已经是微利。(记者梁盛)我要评论",4,1,0.8208045959472656
北京朝阳：创意产业让通惠河魅力四射1月25日，坐落于北京朝阳区三间房“运河•新时尚”滨河景观带的精品酒吧CLUB AMANNI激情开业，Club Amanni秉承复古曲风与前卫炫音相结合舞曲理念，融入流行的R&B、HipHop和说唱元素，京东地区又一生活潮流新领地开始在通惠河沿岸散发时尚魅力。CLUB AMANNI所在的运河•新时尚餐饮酒吧街，属于通惠河文化创意产业规划区的配套商业项目之一，在同一规划区中还包括倍受关注的滨水动漫城和汇通时尚购物中心。创意产业的强势进驻，给通惠河沿岸带来了巨大的发展契机，传统文化与现代气息相结合更为古运河增添了独特的魅力。作为朝阳区着力发展的创意产业规划区，运河•新时尚的各个子项目在2010年将逐步走上经营轨道，结合区域经济的发展形成更加鲜明的特色。在当前落实科学发展观的大背景下，加强发展文化创意产业的重要性和必要性不容置疑。业内人士分析指出运河•新时尚文化创意产业区的发展可以充分挖掘通惠河区域文化资源，与经济产业合理衔接，优化产业布局，使区域经济社会的发展更加全面、协调、可持续。伴随着文化创意产业的发展，还将带来相当可观的社会效益。通惠河沿岸三间房地区的交通环境、绿化化境将得到很大改善，文化创意产业发展在拉动内需的同时还也将解决当地劳动力再就业问题，预计安置失业人员6000至8000人，带动地区的经济增长。我要评论,4,6,0.9251683950424194
去年我国土地出让总价款近1.6万亿元中新社北京2月2日电(记者 阮煜琳)2009年中国土地出让总价款大幅增加，达1.59万亿元人民币，同比猛增六成有余。国土资源部2日发布的数据显示，2009年，全国土地出让总面积20.9万公顷，同比增加38%。招拍挂出让面积17.8万公顷，同比增加40%，占出让总面积的85%。土地出让总价款为15910.2亿元人民币，同比增加63.4%。其中，招拍挂出让价款15098.5亿元人民币，同比增加66.5%。根据2009年全国土地市场动态监测结果，2009年中国房地产用地供应量增幅较大。房地产用地供应10.3万公顷，同比增加36.7%。住宅用地供应7.6万公顷，同比增加38.8%。在住宅用地中，普通商品住宅用地供应6.4万公顷，同比增加36.9%。房地产用地出让价款1.34万亿元人民币，占出让总价款的84%。国土资源部土地利用司司长廖永林对记者说，2009年，因扩大内需政策的实施，铁路、公路等基础设施和民生工程、城市公共服务设施用地供应比例提高，划拨用地比重提升明显。全国划拨供应土地11万公顷，同比增加七成，占土地供应总量的三分之一。(完)我要评论,4,7,0.8790881633758545
银行间房产信托基金开闸在即由中国人民银行起草的《银行间债券市场房地产信托受益券发行管理办法》(以下简称管理办法)目前正在征求意见，并将于近期开展试点。这意味着由央行牵头的银行间市场房地产信托投资基金(REITs)即将开闸。消息人士7日向中国证券报记者透露，该管理办法规定，REITs的委托方为房产商，受托方为信托公司，并通过信托公司在银行间市场发行房地产信托受益券。受益券为固定收益产品。在受益券到期时，委托人或第三方应当按照合同约定的价格收购受益券。管理办法第十一条“信托财产及其登记”中明确，被委托的地产物业应当已经投入使用，具有稳定现金流，并按照住房和城乡建设主管部门的有关规定办理房地产信托登记。第十三条“收益来源”规定，房地产信托收益由房地产物业租金收入和处分房地产物业所得构成。锦天城律师事务所高级合伙人王祚君律师指出，管理办法规定应当办理房地产信托登记。而与管理办法配套的《房地产信托登记暂行办法》第四条规定房地产信托登记，是将“信托房地产”作为房地产所有权人。就是把信托房地产这个客体作为房地产的所有权人，直接违反我国民事法律及其基本理论，是不会为法学界和司法界所接受的。王祚君律师建议，房地产的所有权人应该是“房地产信托或房地产信托计划”，如同美国REITs中的“商业信托”，是一个与自然人一样的可以拥有财产权利的“人”，也如同香港“领汇房地产投资信托基金”中所有权人为“汇丰信托”。其次，第十一条、第十三条规定被委托的房地产物业“应当已经投入使用，具有稳定现金流”，收益来源包括物业租金。但如果物业租金兑付不了每年预期信托利益时该怎么办没有明确。此外，第九条明确了委托人或担保人有回购受益券的责任，但又在第十二条对委托人或担保人的回购网开一面，规定“委托人或第三方未能按信托合同约定收购受益券时，委托人处分信托财产的情形例外。”这就是说，委托人或担保人在信托到期时应当回购受益券，如果不回购，就处置物业。这就给委托方以很大的腾挪空间：如果房地产市场上涨，房产商可以回购物业赚取收益；如果暴跌，就可以选择不回购而是处置物业，让投资者承担损失。王祚君律师建议，应该让提供流动性支持的第三方为预期信托利益和回购受益券提供担保，让“流动性支持”作为“收益来源”之一。 （记者 高改芳）我要评论,4,1,0.5279538035392761
房屋征收与补偿条例征求意见结束新华社北京2月13日电 （记者陈菲）《国有土地上房屋征收与补偿条例（征求意见稿）》12日征求意见结束。记者13日从国务院法制办官方网站获悉，在15天内，共有13437人通过国务院法制办法规规章草案征集意见系统发表了意见。1月29日，国务院法制办正式公布了《国有土地上房屋征收与补偿条例（征求意见稿）》，向社会公众公开征求意见，征求意见截止日为2月12日，共15天。2007年10月1日起施行的《中华人民共和国物权法》规定：“为了公共利益的需要，依照法律规定的权限和程序可以征收集体所有的土地和单位、个人的房屋及其他不动产。”2007年8月30日，十届全国人大常委会第二十九次会议审议并通过了《全国人民代表大会常务委员会关于修改〈中华人民共和国城市房地产管理法〉的决定》，授权国务院就征收国有土地上单位、个人的房屋与拆迁补偿制定行政法规。据此，国务院法制办会同住房城乡建设部在多次征求各方面意见的基础上，经反复研究、修改，形成了征求意见稿。我要评论,4,7,0.767121434211731
豪掷13万包别墅 北方游客三亚过除夕    以北京等地游客为主 酒店前“搭”帐篷要近千元帐篷内留宿一夜也要近千元，顶级酒店标双海景房房价每晚依然过万元！除夕夜的海南三亚，旅游价格与天气一样继续保持高温。不过，记者昨日走访三亚多个旅游景区发现，从严寒之地前来的北方豪客对当地独特的热带海岸资源青睐有加，更有人豪掷13万元一晚，只为独享私人海岸。酒店前搭顶帐篷 每晚980元 高端酒店咬定每晚万元高价不放松时，中低端酒店在亦步亦趋的同时还不忘广开财源。记者在三亚度假村酒店看到，这家酒店的草坪上，15顶白色帐篷已经搭起，里面不仅配备了床，水电也一应俱全，每个帐篷内还配备了环保厕所。酒店的工作人员极少，帐篷区旁就是停车场，周围有已经建好的围栏，安全系数较高。每顶帐篷都用特殊材料制成，隔热保温。帐篷上还设有配有纱窗的“窗户”。不过要入住帐篷每晚要交的房费也不少，年初三前每天都要交“篷费”980元。而记者昨日探访也发现，到目前为止，还没有任何外地游客选择入住这个帐篷营地。 豪掷13万  除夕夜独享私人海岸2010年，不少来自北方的豪客直接租用高端度假酒店别墅过春节。记者留意到，在鹿回头等地一线风景区，5万元到13万元一晚附带SPA服务的海景度假别墅已爆满，尤其以东北、山东、北京等地游客为主。在鹿回头国宾馆，记者遇到来三亚过春节的张进丰。张进丰来自吉林，他和三家亲戚包下该宾馆的品海格总统别墅院过除夕，一晚上要13万元。“这栋别墅有12间房，还有专门的SPA、 桑拿房和贴身厨师及私人海岸，13万一晚也值得。”张进丰指着一段从别墅延伸至大海的近500米独立海上栈桥对记者笑着说。张进丰表示，除夕夜他们全家就在栈桥上钓海鱼放焰火，然后到天井露台上用海鲜大餐辞旧迎新。据鹿回头国宾馆市场部负责人对记者表示，该宾馆刚在2月初开业，是三亚最新的“仿巴厘岛”度假五星级酒店。该酒店的所有高端独立别墅早已被预订一空，相当火爆。海南省旅游发展研究会会长王健生昨天告诉记者：“海南酒店的高价一定有炒作的因素存在，但更重要的是随着国民收入水平的提高、大众假日意识的增强，导致对海南稀缺的旅游资源需求太过旺盛造成的。”据《广州日报》我要评论,4,1,0.34679746627807617
何洁自曝还清解约欠款成自由身 省吃俭用当宅女 新浪娱乐讯 超女何洁去年8月与天娱正式解约，国内媒体爆料其签约北京奇异夸克公司后已于日前将与天娱解约欠款还清，过年期间她省吃俭用窝在家里变“宅女”。何洁自参加超女比赛后签约天娱出道以来，负面新闻不断，直至天娱安排何洁与郭敬明一起的那次洗心革面之旅后她终于因为不满提出解约。据北京媒体报道，何洁日前在接受采访时透露其与天娱解约官司的欠款已经全部还清。加盟北京奇异夸克公司后，何洁透露自己整个生活状态都发生了变化。或许是因为之前还债用了太多钱，现在过年她都是省吃俭用窝家家里当“宅女”，不买衣服不消费，就连吃饭都是经常跑去公司蹭饭。近日，何洁推出自制的中国式年画和贺卡，贺卡中的漫画形象也来自3月即将发行的何洁半自传体图文书，“何大宝”的漫画形象提前在媒体和公众面前曝光：扎着朝天辫，穿着红肚兜，笑得露出五颗牙齿，眼睛眯成了一条线，伴着象征吉祥如意的鲤鱼和荷花，恭祝大家招财进宝，虎年快乐。JZB/文我要评论,4,2,0.9988947510719299
美国男子驾私人飞机撞政府大楼一名男子美国当地时间18日驾驶一架小型飞机撞入美国国内税收署位于得克萨斯州首府奥斯汀的一处办公楼，造成2人死亡、13人受伤。事件令不少美国人回想起“9·11”。美国联邦调查局初步调查后认定驾驶员为软件工程师约瑟夫·斯塔克。奥斯汀市警方也表示，目前看来撞击事件与恐怖袭击无关。早有预谋网上留有“遗书”当地时间18日9时45分许，斯塔克驾驶他自己的单引擎PA -28“切罗基”型4座小飞机撞入奥斯汀国内税收署大楼，当时大楼内有近200人。美联社报道，斯塔克据信当场死亡。另外，救援人员在大楼内还找到一具尸体。至少有13人受伤，两人伤势严重。作为预警，美军派出两架F16战斗机在撞机发生地上空执行空中巡视任务。按美联社的说法，发动袭击前，斯塔克放火烧掉了自家房屋。事发前，斯塔克在互联网上留言3000多字，表明自己已无法控制怒火，必须实施撞楼计划。斯塔克在留言中不仅抨击国内税收署，还控诉一些政治人士、大公司犯下的“无法想象的罪行”，批评美国政府的救市计划。最后，他下结论说：“暴力不仅仅是这些问题的解决办法，更是唯一办法。”美联社认为，可以看出，斯塔克早已策划好这起撞楼事件。留言最后，斯塔克写下日期2月19日，签上自己的全名并加注1956年至2010年，意味着自己的出生及死亡年份。企业两遭税局勒令停业在留言中，斯塔克称，自己与国内税收署多次发生争执。他指责国内税收署使自己损失4万美元，令他“10年的心血付诸东流”。其间，他谈到自己两次开办公司、两次遭国内税收署“阻挠”的经历。1985年，斯塔克在加利福尼亚州科罗纳注册“威力工程股份有限公司”。但因其间一度未申报缴税，加州特许经营税委员会2000年勒令这家企业暂停营业。斯塔克1995年在加州林肯开办“软件系统服务公司”，但于2004年遭勒令停业。加州特许经营税委员会发言人丹尼丝·阿齐米说，斯塔克1996年至2002年没有缴纳加州州税，总计1153美元。斯塔克的解释是，第一次没有申报州税是因为手头没钱，第二次是因为报税时没有把前妻谢里尔的收入算在内。“为人正直，不抽烟，不喝酒”一些斯塔克的朋友对撞楼事件感到震惊。在他们眼中，斯塔克只是一个普通人，从未听到斯塔克谈论政治、税收或政府。美联社报道，斯塔克在上大学前就读米尔顿·赫希学校，这是一所孤儿学校。1975年至1977年，斯塔克在哈里斯堡地区社区学院就读，但没有毕业。平日里，塔斯克是奥斯汀民间摇滚乐队比利·埃利乐队的吉他手。帕姆·帕克是乐队另一名乐手的妻子，她说，大家只知道斯塔克是一个安静的父亲，每年都要去挪威一次，探望女儿和孙子孙女。乐队键盘师兼鼓手迈克尔·切尔扎说：“乔为人正直，不抽烟，不喝酒。他有才华，关心一些正常人关心的事情。我从不知道他处于某种崩溃的边缘。在一群人中，他是那种不爱说话的人。”记者手记拥有私人飞机他真的“无法生存下去”？一位美国记者说：“他(斯塔克)在网上说，现政府只救助大企业，像他这样的小业主难以生存，只能用暴力回答税务署。总之，他恨政府。”不过，这位记者也强调，斯塔克毕竟拥有自己的飞机和房产，未必真的像他自己说得那样无法生存下去。有不愿披露姓名的人士认为，斯塔克应当属于高收入人士。政府实施的对高收入者增税，以部分补贴中低收入人群医疗保险等的做法，激起了部分高收入人士的不满。这个事件显示，这种不满开始表面化。无独有偶暴力抗税旧案：炸毁大楼168人亡美国已发生过多起暴力抗税事件。1995年4月，纳税人蒂姆西·麦克维因不满税收制度而炸毁俄克拉何马州首府俄克拉何马城一幢联邦政府大楼，致使168人死亡，数百人受伤。2007年，家住新罕布什尔州普兰菲尔德镇的爱德华·布朗和妻子偷逃税款超过70万美元。布朗被法庭定罪后拒不出庭，在自家周围设置路障，与一伙支持者据守在自家高墙内，与当局武装对峙。我要评论,4,9,0.4467422068119049
节前存款准备金率上调冻死各银行 本报讯 （记者张兆瑞）第二套房贷严格执行“首付四成”，首套房贷取消七折优惠利率，这些在春节前仅仅被看做政府收紧房贷预期的行为，随着春节假期的延续，正在逐渐变为事实。记者近日从银行内部人士了解到，2010年春节后本市房贷收紧已成定局。从记者目前掌握的信息来看，中国银行、光大银行在春节前暂停“首套房贷七折利率优惠”并不是个体行为，天津其他一些股份制商业银行已经计划在春节后陆续跟进。某银行内部人士告诉记者，“春节后，最迟年中，七折利率肯定全部取消，因为确实没有额度了。”实际上，春节前一天，中国人民银行再次上调存款准备金率0.5个百分点，冻结资金大概3000亿元人民币，已经让银行信贷工作人员感到了寒意。但是出于竞争等原因，天津市目前还没有任何一家银行正式宣布完全取消了七折房贷利率优惠，但从记者私下了解到的执行情况看，现在还可以获得七折房贷的客户寥寥无几。而且更为肯定的是，全市各主要银行对于第二套房贷，现在完全从严执行“首付四成”的规定，但对于贷款利率上浮10%则要求较少。据上海市一些媒体报道，上海为了加强对投资、投机性购房的打压力度，可能上调“第三套房贷”的首付比例和贷款利率，甚至不排除停贷的可能。不过记者咨询了本市银行一些负责人，他们均表示对“第三套房贷”的提法不是很清楚，但现在本市仍是按照“风险定价”原则来进行房贷审批的。一位银行负责人告诉记者：“同等条件下，一个人贷款购买5套房子，肯定比贷款购买1套房子风险大，因此银行对于他的贷款条件审核肯定会更加严格。”     文章来源：渤海早报我要评论,4,1,0.9944124817848206
低碳过春节成新春最热流行语 在一些大城市里，“低碳过春节”成为今年最热的词语。拜年形式逐步环保化在春节这一喜庆的日子里，给亲朋好友拜年必不可少。如今越来越多的市民拜年不再采用纸质贺卡，而是采用短信、电子邮件等绿色环保形式表达新春祝愿。今年，有图片、音乐的彩信已经完全替代了“纸”上祝福。“要的就是新年第一时刻，这样的祝福才够‘新鲜’！”一位朋友解释零点发送祝福短信的意义。短信、彩信、电邮让新年祝福变得更加及时，更重要的是，它们节约了大量的纸张，也减少了递送的人力成本。绿色年货最受宠记者发现今年春节“绿色年货”最受宠。在湖北武汉，雄楚大道上一家大型花卉市场人头攒动。不少市民甚至外地客人纷纷来此选购花卉。市民康先生夫妇俩一口气买下5盆金桔、两盆蝴蝶兰、两盆杜鹃花。说起买花的原因，他们说：“现在生活条件方便了，不需要再大量囤积食物过年了，买些绿色植物更时尚。再说大家现在不都倡导低碳生活嘛，我们也赶个潮流，做个“低碳族”。我们家还特意和别人家拼车来买花的，减少点污染，呵呵！”除了花卉，周边乡村年货大集上的土特产、土鸡蛋等绿色产品吸引着城区市民前去购买。在大学授课的王教授还特地趁假期，到郊区绿色蔬菜基地上淘年货。不到半天时间，汽车后备箱里装满了各种“绿色年货”。    来源 中国经济导报我要评论,4,6,0.6662188172340393
全国两会十大关注热点 十一届全国人大三次会议、全国政协十一届三次会议将分别于3月5日、3月3日在北京开幕。适值“后国际金融危机”时代的关键时期，一个个事关国计民生的议题摆在中国“两会”面前，其中有十大热点尤受关注。发展方式亟待转变中国经济在成功“保八”的同时，也面临着一些“烦恼”，如楼市泡沫、产能过剩、通胀压力等。复杂形势中，官方宏调重心悄然移向“调结构、防通胀”，加快发展方式转变这一主题更加凸显。日前于中共中央党校举办的省部级干部研讨班，胡锦涛、温家宝、习近平、李克强分别讲话，提及最多的字眼就是“转变”，胡锦涛一口气使用50多个“加快”，更是耐人寻味。楼市博弈尚待观察2009年各地房价普遍暴涨，打碎了众多“蜗居”者的安居梦想。民意汹涌之下，楼市不再仅是一个经济问题。新年伊始，中央和地方政府频频出招，力求稳定楼市。然抑制投资投机、加强监管、推进保障房建设等措施能否取得预期成效尚待观察。教育改革攻坚克难历时一年半，中国拟定了面向2020年的《国家中长期教育改革和发展规划纲要》，矢志由人口资源大国向人口资源强国迈进。据悉，纲要“问需于民”，已十余次易稿。日前，总理温家宝在中南海连续主持召开五次座谈会，再次就此“问计于民”。教育部将在“两会”前公布纲要，最后一次公开征询意见。“教改”这个老难题，势将在“两会”上引发新建言。医疗改革临近“中考”去年4月，中国新一轮医疗改革方案敲定，提出到2011年基本医疗保障制度全面覆盖城乡居民。而今医改临近“中考”，按照卫生部党组书记张茅的说法，中国还有1亿人没有任何医保。国务院本月初通过《公立医院改革试点的指导意见》，旨在寻找新的制度安排，让政府、医院和商家各行其责、各得其利。“选举法”第五次修改中国现行的人大代表“选举法”制定于1953年，1979年重新修订，而后又经历过4次修改。今年第五次修改有不少亮点，例如草案“一步到位”，提出实行城乡按相同人口比例选举人大代表、候选人应与选民见面等。人们期待，这部邓小平曾亲自主持制定的法律进一步完善，推动中国民主进程再迈一步。“暴力拆迁”寻求法治去年成都发生的拆迁户自焚事件，再次震动公众神经。北京大学五位学者联名呼吁解决“暴力拆迁”问题，国务院法制办很快回应，《城市房屋拆迁管理条例》修改工作被纳入官方议程。中国在城镇化进程中迎来了一次改变游戏规则的新机遇。网络问政成为“时尚”随着全国网民数量刷新到3.84亿，中国普兴网络问政，温家宝将在“两会”前再次与网民交谈，广东省委书记汪洋邀网民“拍砖”建言，上海市长韩正在网上推介世博会，中部安徽则首次将“网络问政”写入该省政府工作报告。政府通过网络集纳民意、民智，网民以留言、博客、微博等参政议政，这种平等、互动的交流方式成为中国政治生态中的新亮色。足球扫赌剑指反腐在中央高层密集表态支持足球发展之后，中国掀起了一场“扫赌风暴”。随着前中国足协副主席南勇、杨一民被刑事拘留，扫赌逐步升级为反腐。在多家网站的调查中，反腐倡廉仍居“两会”最受关注话题之首。世博续“举全国之力”胡锦涛主席指出，举办世博会，不仅是上海的大事，也是全国的大事；办好世博会，不仅是上海的责任，也是全国的责任。可以预见，中国在成功举办北京奥运会之后，将继续发挥体制优势，“举全国之力”办好世博会。中美关系全球关注金融危机阴霾未散之际，中美两国关系因贸易摩擦、人民币汇率、美售台武器、美总统奥巴马会见达赖喇嘛等陡生风云，透露出“后危机”时代大国关系的复杂走势。中美关系如何演绎，中国“两会”代表委员关心，全世界也都关注。综观十大热点，如果说应对国际金融危机是“治病”的过程，那么在“后危机”时代，中国需要做全面的“健身”运动。全球视野下，中国在“后危机”时代的表现同样值得关注。（来源：楚天金报）我要评论,4,7,0.9735296368598938
银监会：个人贷款要求面谈面签 昨天，银监会正式发布《流动资金贷款管理暂行办法》、《个人贷款管理暂行办法》。这两个办法与之前已经施行的《固定资产贷款管理暂行办法》和《项目融资业务指引》（并称“三个办法一个指引”），初步构建和完善了我国银行业金融机构的贷款业务法规框架，将作为我国银行业贷款风险监管的长期制度安排，标志着我国银行业信贷管理进入新的科学发展阶段。贷款需明确合法用途《个贷办法》明确规定，贷款人不得发放无指定用途的个人贷款。个人在提出贷款申请时，应当有明确合法的贷款用途。同时，贷款人应就借款人的借款用途进行尽职调查，有效防范个人贷款业务风险。同时，《个贷办法》要求执行贷款面谈面签制度，防止出现个人被不法分子冒名套取银行贷款，或借款人的信贷资金被他人冒领挪用。对通过电子银行渠道发放的低风险个人质押贷款的情形，贷款人可以不进行贷款面谈，但至少应当采取有效措施确定借款人的真实身份。同时，除电子银行渠道办理的贷款，贷款人应要求借款人当面签订借款合同及其他相关文件。采用贷款人受托支付《个贷办法》还规定，除特殊情形外，个人贷款资金应当采用贷款人受托支付方式向借款人交易对象支付，即由贷款人根据借款人的提款申请和支付委托，将贷款资金支付给符合合同约定用途的借款人交易对象。并要求贷款人应在贷款资金发放前审核借款人相关交易资料和凭证是否符合合同约定条件，在支付后做好有关细节的认定记录。采用贷款人受托支付的例外情形，主要包括：一是借款人无法事先确定具体交易对象且金额不超过三十万元人民币；二是借款人交易对象不具备条件有效使用非现金结算方式。上述个人贷款，经贷款人同意可以采取借款人自主支付方式。此外，考虑个体经营贷款与个人消费贷款在实践中存在一些差别，个体经营户在商品生产和交易过程中，通常事先不确定交易对象且现买现付。对此，《个贷办法》作出以下特别规定：一是明确贷款资金用于生产经营且金额不超过50万元人民币的，可以采用借款人自主支付方式；二是规定个体工商户和农村承包经营户申请个人贷款用于生产经营且金额超过50万元人民币的，可以按贷款用途适用相关贷款管理办法的规定。我要评论,4,1,0.8835132122039795
香港酒店超卖现象长假再现     旅游业议会总干事董耀中表示，该会在新春期间收到2宗涉及酒店“超卖”的查询，有团队旅客指原定入住的酒店没有足够房间，导致旅行团被迫“拆团”，部分团员需入住其他酒店，“是酒店超卖(超收散客)房间，是酒店的问题，不关旅行社的事。”董耀中说，酒店“超卖”情况绝迹数年今年重临，已经跟酒店业界人士联络，提醒酒店不要超卖房间。    位于旺角弥敦道的活年旅馆，在农历新年档期的房租加价逾13%，单人房由平日每晚220元加至250元，双人房由每晚290元加价至330元，但本月14日至20日(年初一至初七)出租情况仍然天天“爆满”。旅馆负责人高诚浩表示，新春期间入住的旅客几乎全部是内地客，当中包括个人游及经商旅客，“我们不会胡乱加价，以免赶客。”为吸引要求愈来愈高的内地客，旅馆早于2年前提升设备及服务，除了提供Wi-Fi上网服务外，旅馆内的电视可收看内地客最爱的中央台及凤凰卫视。我要评论,4,7,0.9603131413459778
艺术家方力钧成都买房要建工作室(图) 著名当代艺术家方力钧在蓉买房过春节，周春芽筹划两人举办联展近年来，不断有成都当代艺术家去北京或上海发展，对成都这座中国当代艺术重镇来说，算是个尴尬。昨日，著名艺术家周春芽向本报记者透露，他的好朋友、“中国当代艺术F4”之一的方力钧刚在成都买了一套房子，今年春节，方力钧就是带着全家人来蓉过的年。据周春芽介绍，大年三十晚上，方力钧和周春芽两家人在周春芽的新蓝顶工作室一起度过，包饺子、看春晚、放烟火，过了一个其乐融融的幸福除夕夜。据了解，以“光头泼皮”系列绘画走红的方力钧不仅仅有在成都修身养性的打算，他还计划在这里修建属于自己的工作室，办画展……方力钧来蓉悄然在成都买房置地方力钧上一次来成都是2009年国庆节，成都龙泉驿区洛带古镇举行了一场名为“‘极地张力’———北京、上海、成都三地当代艺术名家邀请展”，他带来了一幅巨画《漩涡》曾引起很大轰动。当时，方力钧在接受记者采访时就对成都的艺术环境赞不绝口，他说：“成都的当代艺术越来越受到重视，这能影响到艺术家的创作。”没想到不到半年，方力钧就悄悄地在成都南门的桐梓林买了一套200平方米左右的二手房，周春芽说：“因为我的家也在那边，两家人相互有个照应，而且这里很热闹，生活特别方便。”买了房子之后已临近2010年农历新年，方力钧夫妇索性将双方父母、小孩及保姆近十人一起接到了成都，一家人决定第一次在成都过个热闹的春节。周春芽做东两家人包饺子团年大年三十的时候，周春芽邀请方力钧一家到他在新蓝顶的家中包饺子团年。周春芽说：“我也考虑过请他到餐厅去吃年夜饭，但考虑到方力钧一家人都是北方人，对他们来讲，大年三十吃顿饺子是最正宗的过年方式。”对于这次方力钧“南迁”的原因，周春芽说：“他是一个很热爱生活的人，所以特别喜欢成都，他觉得成都这个城市相当适合生活，节奏不是那么快，好玩的地方又很多。他每次来成都都玩得很开心，玩到最后就有点不想走了。”过完年，方力钧又带着家人去峨眉山游山玩水，之后，他还委托成都著名建筑设计师刘家琨为他物色合适的地方，准备在成都修建自己的艺术工作室。周春芽介绍，今后方力钧会把自己的工作重心向成都转移，他打算要在这里创作出更多更好的作品，“我们两个联手在成都办次展览也是很有可能的。”艺术家交流成都艺术环境还需提升方力钧来蓉对成都本土的当代艺术氛围产生哪些影响？周春芽说：“他的确是第一个来成都发展的重量级艺术家，这对成都的当代艺术发展有着积极促进作用，这是一个信号，方力钧之后应该会有越来越多的艺术家来到成都。”周春芽认为，成都是一个艺术氛围浓厚的城市，它悠闲的生活节奏、周边的自然风光，这些都是吸引艺术家来成都的重要缘由。“但是要想让更多的艺术家来成都开工作室，甚至是定居，成都需要提升的地方还有很多，比如要举办更多有影响力的艺术节、综合性艺术展览或者有更多的高质量的美术馆。”周春芽也强调，艺术最重要的精神之一就是流动和自由，艺术家在哪里定居不是最重要的，我们成都的艺术家可以出川，外面的艺术家也可以到我们成都来。“我们成都也要有一个开放自由的姿态，有人出去不要紧张，有人进来也不要激动，而是要真正在提升自己的综合实力上下功夫，真正提升我们成都的艺术品位。”记者杨帆实习记者张杰(本文来源：华西都市报)我要评论,4,1,0.944731593132019
世界最具吸引力城市：上海排第二 伦敦居首据俄罗斯媒体报道，在2月21日公布的“世界最具吸引力”城市排行榜中，英国伦敦位居榜首，排名第二的是中国上海。而曾在经济危机爆发前排名第3位的纽约这次则下滑至第10位。这份榜单是法国巴黎大区投资促进协会在毕马威咨询公司的参与下制定的。排名基于对各国500名商界代表的调查以及去年的各国企业投资数据，这一数据参考了毕马威咨询公司在过去5年间分析的一些指标。受访者称，最重要的评定标准是政治稳定性、法律安全性以及城市经济状况。据悉，伦敦在2009年实施或者部分实施了270个投资项目。除了多数客观指标排名第一以外，伦敦还因深得商业人士的厚爱而高居榜首。在调查中，42%的受访者称伦敦是最具吸引力的国家首都。在这份榜单中排名第2的是中国上海。据悉，在某些指标上，上海甚至超过了英国首都伦敦，比如它拥有的现代化研究中心数量和写字楼数量等。此外，进入前10名的还有另外两个中国城市：香港（第3位）和北京（第5位）。俄罗斯首都莫斯科名列第6位。俄媒体对此认为并不令人奇怪，因为投资者过去几年来一直极度愿意向中国投资。商界代表认为，在未来几年内，孟买等另一些亚洲城市也可能进入这份榜单的前几名，从而把榜单上的欧洲城市排挤出去。除伦敦外，欧洲城市中只有巴黎入围榜单前5名。原因有二：第一，在经济危机期间投资额几乎没有减少；第二，商界代表们认为，由于政治稳定、生活水平高、基础设施极为发达，巴黎仍具有相当大的吸引力。新闻晨报我要评论,4,5,0.6627466082572937
创意产业营造通惠河区域古典时尚最IN生活方式春节长假，京东有着700年历史的漕运庙不失为寻找老北京年味的又一个好去处。与往年不同的是，今年如果去通惠河的漕运码头庙会，除了享受老北京的历史积淀，你还可以感受一下创意产业带给古运河沿岸的新鲜气息——古典文化与现代时尚的完美结合。随着朝阳区“运河•新时尚”文化创意产业项目的逐一投入使用，一条以通惠河水景为依托，集自然景观、人文景观、旅游休闲、购物娱乐于一体的绿色时尚消费带正在古运河两岸华丽现身。截至到新年前夕，包括运河•新时尚酒吧街、汇通时尚购物中心和汇通滨水动漫城在内的创业产业规划区配套商业综合项目悉数落目公众眼底。其中即将投入使用的汇通时尚购物中心更是被预言将会成为引领京东地区消费时尚的文化地标。虽处京东郊区，但便捷的地下、地上交通，充足方便的停车位等硬件优势加上创意产业文化的魅力，使得汇通时尚购物中心还未开门就已经博得业内人士的普遍看好。汇通时尚购物中心，连接汇通国际酒店与新时尚酒吧餐饮街，以商业整合卖场为主，集中创意商业文化，平台式中心展示秀场。早在项目开发前期，汇通时尚中心就引入了国际化团队操作，在本土化的基础上实行差异化经营。另外购物中心还提供了家庭消费娱乐的创意空间：生活家居馆、快乐家庭馆、娱乐空间馆等，个性化、人性化的服务为购物中心又提升了整体魅力。试想一下，吃完老北京风味小吃，再去时尚购物中心血拼一把，一路下来，就像是穿越时空隧道，从古至今的年味都享受了，这也可以算得上是新春最IN的选择了。我要评论,4,6,0.9832171201705933
80后众奴缠身变身年清族 中新社惠州2月23日电 房奴、卡奴、车奴、孩奴……众“奴”缠身的“80后”，在春节过后又给自己扣上了一顶新帽子——节奴。节奴，指因春节等重大节日消费、交际而饱受压力的人。早已被生活费、按揭费、通讯费、水电煤气费、孩子的奶粉尿布费压得气喘吁吁的“80后”众“奴”缠身。而原本应该喜气洋洋的春节也被当成了“春劫”，高昂的人情节费让“80后”变成了“年清族”。不少网友上班第一天就纷纷在网上晒自己的春节账单。节日的巨大开支令年轻白领叫苦不迭。在广东惠州一事业单位上班的曾先生告诉记者，迫于家庭观念的压力，他在2009年终于踏上了房奴和车奴的行列，每月要交2700元的房贷，养车一个月要1000元左右，加上平时的花销，每个月基本上都是“月光族”。过年回家，车票、无数的红包、绵绵不断的酒席，很快把微薄的年终奖也花光了，整个一“年清族”。网友心碎乌托邦无奈地表示，自己开始明白了一年一度的春节，为何有人欢喜有人忧，甚至患上“恐年症”。一个春节下来花掉了自己半年的积蓄，年后的日子只能勒紧裤腰带来过活了。一些人为避免成为“节奴”而不得不加入“恐归族”，留在单位值班，宁可不休息，也不回家做节奴。“在读小学时，大学不要钱，读大学时，小学不要钱。没上大学时，大学生是天之骄子，大学毕业后，大学生跟农民工一个价；以前房子是靠分配，现在房价高得令人咂舌。‘80后’基本上是独身子女，以前是几个子女养一个老人，现在是一个子女养几个老人。孩子读书，连个幼儿园都要几万块钱的赞助费。读书、就业、买房、赡养老人，抚养子女，我们比前人承受了更大的竞争、生存压力。”不少“80后”发出了这样的感言。工资永远赶不上房价的上涨速度，却要不惜一切地沦为房奴；自己省吃俭用，也要让孩子吃好的，穿名牌，心甘情愿当孩奴；经济条件不好，也忍不住想在各种节日庆祝一番，辛辛苦苦挣来的钱就像放爆竹一样可劲挥霍，最终变成了节奴。“奴现象”在“80后”群体中的泛滥，不得不引人深思。“80后”，真的要过得这么沉重吗?对此，专家分析，“80后”变身为“奴”，大多是过度膨胀的虚荣心作怪。凡事要讲究量入为出、量力而行，不要打肿脸充胖子，造成消费方式畸形。专家呼吁“80后”要通过自身的努力和奋发图强改变生活困境、提升生活质量，改变“奴”字加身、自怨自艾的状况。我要评论,4,7,0.4032336473464966
香港百万富豪近两成生于内地 深港记者黎媛报道昨日下午，香港花旗银行发布最新的“百万富翁调查报告”。人口刚超过700万的香港，已拥有近40万个流动资产超过100万港元、总资产近千万的富豪。其中18%的百万富豪生于内地，花旗银行环球个人银行服务副总经理周永赞指出，随着内地经济越来越好，预计香港的百万富翁中，内地出生的人数比例将进一步增加。花旗银行委托香港城市大学通过电话访问，抽样调查了超过6600位香港居民。由于股市、房产投资市场畅旺，去年，香港拥有超过百万港元流动资产的富豪达39.4万人，比前年增加4.6万人。这些富豪平均流动资产为380万港元，平均总资产则为950万港元。家庭主妇、退休人士占据了香港富豪的半数：富豪中52%为女性，平均年龄达到51岁，其中40岁以上的富豪更占了77%。周永赞表示，过去7年里，香港百万富翁的人数变化和恒生指数的变化有很高的相关性。八成受访富豪选择把流动资产放在股市里。但这些富豪“入市”意欲逐步下降，仅35%的受访富豪对今年股市感到乐观，12%的受访富豪今年有购楼的意愿，主要是因为在去年市场快速上升后，这些富豪预期今年投资市场的升幅不会很大。我要评论,4,1,0.9828264117240906
香港4月起拟提高豪宅印花税 提要：近期关于中国房地产泡沫的担忧言论不断，换来各地政府相继采取预防措施。曾经在1997年亚洲金融风暴中遭遇地产泡沫破裂重创的香港特别行政区昨天也加入这一行列，香港特区财政司司长曾俊华宣布将采取四方面措施维护楼市稳定。昨天曾俊华宣布，香港政府将推出四方面措施来维持楼市稳定，对抗楼市泡沫风险。近期关于中国房地产泡沫的担忧言论不断，换来各地政府相继采取预防措施。曾经在1997年亚洲金融风暴中遭遇地产泡沫破裂重创的香港特别行政区昨天也加入这一行列，香港特区财政司司长曾俊华宣布将采取四方面措施维护楼市稳定。增加私人住宅供应曾俊华昨天在立法会宣读其任内第三份财政预算案时表示，房地产市场的泡沫风险增大，亦引起了市民对置业困难的关注。昨天曾俊华宣布，香港政府将推出四方面措施来维持楼市稳定，对抗楼市泡沫风险。根据新政，香港未来数年的楼宇供应增加。2010年私人住宅新单位落成量会增加至14300个，而在未来3至4年，政府预计约有53000个私人住宅单供应。此外，曾俊华建议今年4月1日起，将2000万元以上的楼宇买卖印花税税率由3.75%提高至4.25%，同时不再容许该等楼宇的买家延交税款。第三，政府会确保物业市场销售和物业成交价格具透明度，加强对楼宇买卖的监管，确保市民可以在公平及透明的环境下进行楼宇买卖。第四，政府会致力防止按揭信贷过度扩张，以免助长物业市场资产泡沫的形成。金管局已经在去年10月向银行发出指引，降低2000万港元或以上楼宇的按揭成数，同时要求银行审慎处理楼宇按揭申请。业内建议谨慎行事昨天公布的数据显示，今年1月，香港个别豪宅价格已重上1997年楼市高峰期的水平，整体房价较金融海啸前高8%，但以普通香港居民为主要消费对象的中小型单位房价依然比1997年高峰期低约23%。不过，针对港府提高豪宅印花税的动议，业内人士认为收效甚微。地产建设商会副主席梁志坚表示，调高半个百分点，对遏制豪宅买卖无太大帮助。亦有意见认为政府要谨慎行事，慎防公共政策令楼价大幅波动，任何波动对小业主影响深远。我要评论,4,7,0.6919025778770447
去年土地出让收入超1.4万亿土地出让财政部部长谢旭人昨日披露，现在地方国有土地有偿出让收入，已经全部纳入了地方政府性基金预算管理。他表示，在地方基金预算收入中，国有土地使用权出让收入是大头。2009年，全国土地出让收入大体是14239亿元，纳入到基金预算收入管理。根据规定，收入多数都是专款专用，与公共财政预算是分开的，即当地不能拿这个土地出让收入搞一般性的开支。去年地方土地出让收入安排的支出，首先用于征地拆迁、补偿及补贴被征地农民支出5180亿元。其次是用于土地开发支出1430亿元。第三，用于农村基础设施建设433亿元。第四，用于城市建设支出3341亿元。第五，用于土地整理以及耕地开发支出478亿元。第六，用于廉租住房建设以及一些改制国有企业土地收入用于职工安置等支出，为1378亿元。本报记者 胡红伟我要评论土地出让财政部部长谢旭人昨日披露，现在地方国有土地有偿出让收入，已经全部纳入了地方政府性基金预算管理。他表示，在地方基金预算收入中，国有土地使用权出让收入是大头。2009年，全国土地出让收入大体是14239亿元，纳入到基金预算收入管理。根据规定，收入多数都是专款专用，与公共财政预算是分开的，即当地不能拿这个土地出让收入搞一般性的开支。去年地方土地出让收入安排的支出，首先用于征地拆迁、补偿及补贴被征地农民支出5180亿元。其次是用于土地开发支出1430亿元。第三，用于农村基础设施建设433亿元。第四，用于城市建设支出3341亿元。第五，用于土地整理以及耕地开发支出478亿元。第六，用于廉租住房建设以及一些改制国有企业土地收入用于职工安置等支出，为1378亿元。本报记者 胡红伟我要评论,4,7,0.5593222975730896
"汇通滨水动漫城或将成为京城第二个798提起创意文化产业，势必会让人想到一个标杆性名词——798艺术区。创意文化产业的发展来势凶猛，仅仅两年时间，798工厂就由一个连北京都少有人知的50年代的残旧工厂走上了世界舞台，成为了全球瞩目的中国艺术核心区，成就了享誉中外的 “城市的奇观”。而最近，随着汇通滨水动漫城的落成，京城动漫创意产业新的热点话题，有业内人士做分析称：汇通滨水动漫城的落成，将夯实三间房动漫创意文化产业，将推动三间房产业区成为京城的下一个798。目前据悉，新兴的动漫产业已成为全球最重要的创意文化产业之一。全球动漫产业每年产值400亿美元，但是相关的衍生产品却已达到了4000亿美元，动漫产业具有范围广、内容多和产业链长的特点，包括动漫玩具、动漫游戏。中国动漫产业虽然起步较晚，但是发展如火如荼，随着《喜羊羊与灰太狼》等动漫影视产品在国内外频获大奖以及相关衍生产品的风行，中国动漫产业开始显示出强劲的发展态势，在区域发展上，上海、广州、福州等城市正在兴起新一轮的发展高潮，已初步形成以网络游戏、动画、手机游戏、单机游戏和与游戏相关的产业链。而首都北京正在着力打造成为国际一流的动漫产业中心。借助于北京市和朝阳区大力发展文化创意产业的机遇和作为，通惠河文化创意产业规划区的配套商业综合项目之一，汇通滨水动漫城应运而生。坐落于北京朝阳区三间房“运河•新时尚”整体项目备受瞩目，并在刚刚结束的2010年中国商业地产第七届行业年会上荣获中国最具创新商业地产项目奖。滨河景观带的汇通滨水动漫城属于通惠河文化创意产业规划区的配套商业综合项目之一。汇通滨水动漫城的落成标志着“运河•新时尚”整体项目全面竣工。汇通滨水动漫城拥有30,000平方米的动漫设计工作室，提供六种不同风格的工作室，可为入驻企业、个人提供各种需求的全面综合载体。配合与动漫城相邻的15,000平方米的文化艺术中心，一起为该区增添了一道浓厚的产业文化色彩。发展动漫产业是一项涉及多个环节、多个领域的系统工程，拥有一个设施完备，文化氛围浓郁的创作环境无疑是形成完整动漫产业链条的前提条件。“运河•新时尚”项目投资商通建合美投资管理有限公司董事长贾利在中国商业地产行业年会后接受记者采访时表示：不久的将来，滨水动漫城，将汇聚国内外动漫大师级专家和国内动漫领域一线精英，通过搭建专业交流与互动平台，缩短与国际最顶尖水平的差距，掌握产业前沿动向，促进产业合作，提升北京动漫设计企业和工作室的技术水平，推动北京动漫产业发展。我要评论",4,8,0.40022826194763184
"汇通滨河动漫城欲夯实动漫京都近年来，全国各地动漫产业风生水起，不少城市都纷纷打出了建造“动漫之都”的口号。作为全国文化中心、科技中心、人才基地和国际化大都市等得天独厚的优势，北京在中国动漫文化产业的发展和探索上一直处于领先地位。面对国内外动漫产业的竞争，在进一步加大对动漫产业的重视和投入后，北京动漫产业再现强劲实力。随着“汇通滨河动漫城”的建成，朝阳区三间房国际化大型动漫产业基地得到进一步夯实，“动漫京都”逐渐成为北京市的另一张名片。动漫产业在中国发展迅速，打造“动漫城市”成为很多城市的动漫产业梦想，而北京、上海、杭州、长沙等几个城市已经在动漫创意产业上形成了较大的规模，并开始觊觎着“中国动漫之都”的桂冠。为此，作为动漫产业发展的载体和基础，动漫基地产业园区纷纷落户各大城市，并在资金、人才、税收、用地等方面拥有了城市上层建筑的大力支持。正是基于对动漫产业特色发展的前瞻考虑，北京市朝阳区政府牵头策划，三间房乡政府主办的通惠河文化创意产业规划区就将目光瞄准了动漫产业，意在打造国际化动漫基地。近日，当民意盛会中动漫产业再次成为关注焦点时，“汇通滨河动漫城”顺利落成，京东三间房动漫基地进一步夯实了自己的动漫产业竞争实力。三间房地区动漫文化创意产业项目，整体处于长安街延长线和CBD功能拓展区的区位，能够充分整合中国传媒大学、中央电视台、北京电视台及地区内众多文化企业的资源，进一步挖掘通惠河、梆子井、漕运码头等历史文化内涵，抢占发展文化创意产业的战略制高点。作为三间房动漫产业基地的一个重要基础项目，汇通滨河动漫城特色鲜明，个性化动漫设计工作室成为一大建筑亮点，作为滋养动漫设计人才的土壤和容纳创意成长的空间，30,000平方米的动漫设计工作室以六种建筑格局提供着不同的产业需求，吸引着各种动漫企业和大批动漫产业专业人才，有业内人士在对比创意产业发展现象后称之为京城第二个“798”——动漫产业“798”。通建合美投资管理有限公司董事长贾利在滨河动漫城项目落成时表示，“滨河动漫城将进一步夯实北京动漫产业实力，助力三间房动漫基地向国际一流动漫基地迈进，让北京真正戴上“中国动漫之都”的首冠” 。我要评论",4,6,0.4815930426120758
中式为体西式为用的别墅项目采用的是中国传统的街巷式布局，主街-胡同-内庭院。主街宽、胡同窄，内庭院又豁然开敞。项目的别墅可概括为下面八个字：中式为体，西式为用。    独栋别墅入户门就是中式的“体”，典型表现如中式四合院等建筑传统的影壁、庭院的园林。    上面这张照片是站在客厅的门口拍的，长长的走廊，木地板一直通往大门口。    庭院的园林采用的中式风格，茂林修竹，还开辟出了专门用来品茶的地方。传统文化所倡导的“修身”、“齐家”在庭院里都能找到对应的元素。    说到园林，小编顺便多提一句，项目公共园林所占面积较大，而私家所拥有的园林相对较小。这个不太符合国人的传统观念。国人历来喜好大私人空间，小公共空间。不过整个别墅项目的园林还是相当可圈可点的。    以上信息仅供参考，最终以开发商公布为准。本稿件为新浪乐居独家原创稿件，版权所有，引用或转载请注明出处。订阅会员置业刊 我们将直接把最新的热盘动向发送到您的邮箱更多热盘推荐：重拳限购外地人买房别愁 总价50万拿下便宜房 精装纯新盘 淘最全打折盘 最新楼盘户型展示 遍搜京城准现房 楼市最火百盘榜我要评论房产导航：,4,3,0.6184397339820862
宁夏库区移民安置房被当商品房出售(组图)□农民埋怨：苦等八年等到的却是一个“骗局”□官员表态：只是耽误了村民几年时间困境苦等等了8年，本应给上游村村民住的“上游新村”楼房，如今已被当作商品房卖掉。大漠，长河。滔滔东流的黄河进入宁夏境内后，在宁夏中卫市拐了个大大的“几”字。“几”字下面绵延约4公里、沿黄河而居的农舍群落，便是常乐镇上游村了。沙坡头以南，跨过黄河再走几百米，就到葛凤英的家。这是一个破败的农舍，几道裂缝在土墙上昭示着这屋子已年久失修。此外，屋后的土山每逢大雨都会冲下泥石。“住在这里太可怕了！”村民葛凤英说。担心居住条件的，不仅是葛凤英一人。在上游村其他3个生产队约800名居民，多数都面临这一困扰。“8年了，房子坏了政府也不让修，说要等待整体搬迁。”2001年，因国家重点工程黄河沙坡头水利枢纽工程，政府承诺对上游村进行整体移民。2007年，用于安置搬迁居民的房子建好了，7栋楼，就建在中卫市沙坡头区滨河镇，名叫“上游新村”。等了8年，上游村的村民却说自己上当了。他们发现本应给上游村村民住的“上游新村”楼房被当作商品房卖掉，本用于维系村民日后生计的新购土地被出租他人，村民们惊呼“我们受骗了”。奔流的黄河水全然不顾村民的焦虑。2004年，沙坡头水利枢纽工程下闸蓄水后，1米、2米、3米……至今，上游水位已上涨10余米。上游村1600余亩土地已被淹没了860多亩。8年来，按照当地政府的要求，等待整体搬迁期间不允许新盖房舍、不允许开荒种树、不允许……上游村的发展近乎停滞。8年间翘首以待，等到的是赖以生存的土地逐渐被黄河水吞噬，遮风避雨的房舍如今只能在风雨中飘摇。“我们的移民款都去了哪里？政府怎么说不搬就不搬了呢？”葛凤英们的疑问近乎“天问”。探源决策为修水库，当时还未设市的中卫县政府决定，对上游村实行整体移民。2001年，作为中国西部大开发建设的首批十大国家重点工程之一，黄河沙坡头水利枢纽工程开始破土动工。上游村位于水库之上的山区，一部分农田要被上涨水位淹没。土地没了，为解决农民的这一问题，当时还未设市的中卫县政府决定，对上游村实行整体移民。2002年起，由中卫县国土资源局牵头，监察局、扶贫办、常乐镇政府等部门配合下，开始对上游村淹没区内外房屋、土地、树木等进行核查及资产评估。经常乐镇绘图丈量，上游村共认定土地2100余亩(淹没区外有1162.9亩)被淹；此外，全村共有近万棵树木被淹。进行资产评估后，政府部门向村民宣布了纪律：维持原状，等待搬迁。村民们被禁止新栽树木，不能再建新房，对其他生产生活设施的投入政府也不提倡。等待，上游村人准备放弃家园。调查承诺用移民安置款在市区为上游村兴建安置房，为失地农民置田。2004年，中卫县撤县设市。当年，黄河沙坡头水利枢纽工程也正式下闸蓄水。土地被淹没，而移民安置款还没有下拨。上游村的男女老少拥向了沙坡头水利枢纽工程现场，最终得知用于库区移民安置的补偿金总额是2600多万元。政府宣布了移民的计划。除了被淹农作物补偿(青苗费)到户外，移民安置款由政府统筹安排。据村民回忆，为了整体移民，政府决定用移民安置款在市区为上游村兴建安置房。为了解决农田被淹没后无地可耕的现实，政府也将从安置款中抽出一部分为失地农民置田。据当时参加相关移民说明会议的村民介绍，政府为农民们勾画了一幅移民后美好的蓝图：农民们可以住上干净宽敞的楼房。当时民房折价是每平方米320元，新居房价是每平方米850元左右，但有移民安置款在，村民几乎不需要再掏钱。上游村村民相信了政府的话。葛凤英家不再翻修墙体早已开裂的土砖房，沈得保家则卖掉了自家的羊。没了土地的库区农民，生活只能依靠外出打工维系，相当困难。但心中有希望，直到2007年，上游村的村民依旧坚守着四五年前政府订下的纪律，“禁止栽树，禁止翻修房屋”。变卦只搬迁上游村淹没区内的群众，原建小区楼房公开出售。可是，政府的决策却变了。2007年秋季，上游新村落成。而村民们发现，之前干部入户动员村民搬迁的现象，却一去不复返了。2007年7月4日，中卫市政府第16次市长办公会议决定，只搬迁上游村淹没区内的群众。即只搬迁2队(大柳树队)，其他生产队不搬迁。此外，“将原建小区楼房公开出售，资金用于移民搬迁安置”。可以确证的是，当时政府这一决策的改变，鲜有民众知情。对于这一决定，中卫市副市长吴汉宝说，这是按照《黄河沙坡头水利枢纽初步设计补充报告》的规定。由于上游村其他3个队既不属于“直接淹没人口”，也不属于“淹地淹房影响人口中因环境容量不足而必须动迁的人口”，因此不在搬迁范围内，不存在上游村整体搬迁的问题。整体搬迁的计划，之前确实是存在的。对此，吴汉宝又称，那只是原来中卫县政府出于发展旅游业的考虑，而非搬迁村民全部都是水利枢纽工程的库区移民。“政府变卦了！”在电视上看到上游新村移民安置房的售楼广告时，上游村的村民傻眼了。辩解政府称，村民不同意搬迁，房屋空置了近1年，才当商品房卖了。在获知“上游新村”的安置房在向外出售时，完全失地(耕地)的大柳树队村民，多次堵在了政府大楼门口。2008年5月，中卫市政府正式对大柳树队进行整体搬迁。大柳树队搬迁了，另外3个队却没能搬进上游新村。中卫市政府的说法是上游村其他队的村民拒绝搬迁。依据中卫市政府说法，上游新村252套新居建成后，“由于(村民)不同意搬迁”，房屋空置了近1年。政府在不得已的情况下，只得以商品房的价格向社会公开销售。中卫市政府8月19日通报称，售房款项共计2492.04万元，这些钱全部用于与移民安置，而通报内容却和中卫市国资办的《上游村移民住宅小区收支情况》大相径庭。对于上述问题，中卫市常务副市长吴汉宝称自己对此也不甚了解，需要再研究。在当天的新闻发布会上，中卫市政府宣称，截至2008年12月，上游村大柳树队村民“已全部迁入新居，生产生活正常”。实际情况是，至今仍有如李占举、李守良、李占才等家庭，因支付不起由原来定价每平米860元、搬迁时却涨到1186元的楼房差价，只得继续住在上游村破败的老屋。在姚滩农场，除了分配给迁入上游新村的大柳树队村民的耕地之外，另有部分耕地的“地主”是常乐镇政府。这些本应用于安置其他三队村民的土地，如今被他人租种。进展表态政府重申不再整体搬迁，中卫常务副市长称“只是耽误了村民几年时间”。为了让中卫市履行最初的承诺，上游村未搬迁的村民采取了他们认为可引起相关部门重视的诉求方式。今年2月以来，没有被搬迁的村民从未停止呼吁。针对上游村未搬迁村民反映的问题，中卫市政府多次召开会议后，8月19日再次重申“不予整体搬迁”。上游村苦等搬迁8年，换来乡村凋敝田园荒芜。但做出不再进行整体搬迁的决定后，中卫市政府再次为村民们画出蓝图：未搬迁农民享受库区移民后期补助政策——在水利部批准前，先由市政府每人每年补助600元，补助期限20年；其子女可到市区中小学就读，享受与市区学生同等待遇；村民可以“农家乐”形式参与旅游产业，服从黄河南岸整体规划，享受发展旅游业优惠政策；对上游村水、电、路等基础设施进行改造，等等。上游村村民还是想整体移民搬迁，可是，政府坚决不再搬迁了。对于这8年来，上游村民是否承担了中卫市官方错误决策的代价这个问题，常务副市长吴汉宝表示不认同。“只是，耽误了村民几年时间。”吴淡淡地说。据《南方都市报》 我要评论,4,5,0.8217288255691528
东方夏威夷垂钓大赛暨盛世中华游园会落幕(组图)主持人：尊敬的各位来宾、先生们、女士们，大家下午好。在这个秋风和煦的季节，在国庆与中秋双节共度之际，因为心中的一份优雅，因为心中的一份浪漫，因为心中那个温馨而多情的东方夏威夷，我们与您相聚在“在海边等你东方夏威夷人文垂钓大赛暨2009盛世中华游园会”，共同度过一个愉快的国庆节。首先，我代表本次活动主办方东方夏威夷向各位来宾致以诚挚的问候，感谢大家相聚在此，共同分享东方夏威夷湛蓝的天，蔚蓝的海。今天，在优雅的东方夏威夷园林，这里将举行一场东方夏威夷人文垂钓大赛。在垂钓比赛开始之前，我谨代表活动主办方东方夏威夷宣布一下比赛的规则：今天的比赛将依据我们东方夏威夷的传统，依次决出：渔民奖、渔夫奖、渔王奖。我们今天垂钓比赛的时间为两个小时二十五分钟，从13：35开始，一直持续到16：00结束。但是请各位参赛选手注意的是：所有参赛选手的鱼必须在16：00之前全部称完。在垂钓比赛进行的同时，我们的园区内的盛世中华游园会活动也同步开放，不参加垂钓比赛的来宾，可以参与游园活动，并赢取一份精美礼品。而舞台区也会举办一些参与性非常强的互动游戏，每个互动游戏都会有精美惊喜奖品等着你，希望大家踊跃参与。那么现在我代表活动主办方宣布“东方夏威夷人文垂钓大赛”现在开始。主持人：尊敬的各位来宾，亲爱的女士们、先生们，大家下午好。非常高兴在这个秋风和煦的季节，在国庆与中秋双节共度之际，和各位相约在美丽的东方夏威夷。也非常高兴能够与您相聚在“在海边等你东方夏威夷人文垂钓大赛暨2009盛世中华游园会”共同度过一个愉快的下午。我们的人文垂钓大赛的比赛时间刚刚结束，在我们正式开始颁奖之前，让我们掌声有请兴达房地产开发有限公司总经理赵赞君先生致词。有请赵总。赵赞君：尊敬的各位女士、先生们，各位新老业主大家下午好，首先感谢大家参加东方夏威夷人文垂钓大赛暨2009盛世中华游园会，在此我谨代表兴达集团感谢各位一直以来对我们的关心，我们将以更好的产品回报各位。在举国同庆之时，我祝大家万事如意，心想事成，玩得开心。谢谢大家！主持人：刚才赵总提到了都是我们新老业主们参加我们的活动，我们也一同见证了东方夏威夷近几年来的发展，可以看到我们的家越来越大，越来越漂亮。接下来有请兴达房地产技术开发有限公司技术部工程师王月先生做夏威夷南岸项目推介。王月：本项目与夏威夷小区一路之隔，西侧与中央美院一墙之隔，规划用地面积是10.15公顷，大概约为152亩，夏威夷南岸项目是我们公司又一重磅力作。这个项目设计的产品，经过多方的论证，反复的规划、调整，多户型的比较与认真细致的研究，终于推出了夏威夷南岸项目的规划设计。本项目形成了高低错落的城市天梯线，建筑风格沿用了非常成熟的夏威夷小区的建筑风格，并在此基础上进行了大胆的调整与创新，形成了简约的古典风格。我们的大堂进行了精装修的设计，高档、豪华，同时在小区内设有地下车库，建筑面积约为2.1万平方米，有2834户业主可以从地下车库直接回到家中。我们的户门采用了防盗、防火、隔热、隔音等设计。夏威夷南区园林景观设计以东南亚园林景观风格为主，打造东南亚景观慢生活社区，使人们每天都生活在度假的氛围里。雕塑是具有东南亚当地特色的风情，营造一种神秘慵懒的气息。夏威夷南岸就是将这些意境融入到园林景观设计中，营造了一种远离城市喧嚣的自然舒缓的东南亚风情健康自然园林的景观设计。夏威夷南区是我们兴达集团重磅打造的又一高级产品，处处为业主着想。从每个房间的尺度到户型的整体布局，从门窗的保温性能到环境景观的细微变化，等等，我们竭尽全力打造了高品质的生活社区，每次产品的推出都是兴达人全体员工的辛勤结晶。兴达人永远的目标就是打造出更适合居住的精品。谢谢大家！主持人：谢谢王先生为我们介绍了夏威夷南岸，夏威夷南岸是非常美丽适合我们居住的地方。我们今天活动的主题是人文垂钓大赛。接下来回到我们的主题上来。刚才在下午的时候，宣布比赛开始之前，宣布我们分为三种不同的奖项。接下来我们要颁发的是渔民奖，是选择我们所有参赛选手中垂钓鱼数最多的朋友就可以拿到我们的渔民奖，我们取前三位选手。下面看一下我们的奖品，是价格1000元的格兰仕微波炉。D座262的朋友许继东先生，一共垂钓到47条鱼。71095的朋友，一共垂钓到97条鱼。请柬369号的朋友，垂钓到128条鱼。下面掌声有请夏威夷物业管理有限公司总经理孙杰先生为我们颁发渔民奖。再次掌声送给三位，谢谢你们。劳动最光荣，通过自己的劳动获得了奖品。今天有很多朋友来我们这里是参加垂钓大赛的，当然更多的朋友是参与我们的游园活动。所以说对于各位来讲，就是我们接下来的抽奖，抽取五等奖十名，有请礼仪小姐把抽奖箱拿到台上来。现在，台下的观众朋友我希望各位把自己手中的请柬赶快翻出来，我们要抽取十位朋友，他们将获得价值500元的I—phone。第一位是编号705的朋友。下一位是编号1010的朋友。下一位是编号0344的朋友。编号是1169的朋友，编号是1192的朋友，编号是1171的朋友，下一位是编号0563的朋友，接下来是编号0407的朋友，编号分别是0783的朋友和编号0516的朋友。请各位站成一排。接下来的时间有请兴达房地产开发有限公司销售三部经理庄殿楠先生和王艳丽女士上台为我们颁奖。再次感谢我们的颁奖嘉宾，谢谢！接下来我们要颁的是渔夫奖。刚才在比赛之前已经说过了，我们可以颁给钓鱼鱼的重量最多的前两位朋友。究竟我们这一届东方夏威夷人文垂钓2009大赛谁会获得我们渔夫奖的第一名和第二名？首先告诉各位这两位选手身手不凡，我们排在第二名的成绩，他一共钓到了26.4公斤的鱼，他究竟是谁呢？请柬710号的朋友。掌声有请！他分别摘得了渔夫奖和渔民奖。接下来颁发渔夫奖最棒的选手，就是今天所钓到的所有战利品称重最重的业主丁—3号业主，他的成绩是85公斤。有请颁奖嘉宾兴达房地产开发有限公司营销总监李小龙先生。奖品是2800元的西门子洗衣机一台。恭喜！接下来我们要抽取的是四等奖，一共有八位幸运的朋友。0176号的朋友、1074号的朋友、1434号的朋友、0332号的朋友、0290号的朋友、0143号的朋友、0662号的朋友、1002号的朋友。你们将要获得的是价值1000元的飞利浦吸尘器一台。我们将请出颁奖嘉宾：兴达房地产开发有限公司销售二部经理黄芳琴女士和喻晓玲女士。再次恭喜你们！再次感谢我们两位颁奖嘉宾，同时恭喜台下的八位朋友。接下来我们要颁发的就是渔王奖。渔王奖可以说是今天最值得期待的奖项了，稍候我们渔王也会在现场展示他的战利品。我们首先要告诉各位的是渔王奖的奖品是5000元的42寸等离子电视一台。究竟谁会成为我们今天的渔王呢？他的成绩是单条鱼的重量是7.9公斤。这位朋友是我们的业主商E—12号的朋友。有请这位业主！接下来有请颁奖嘉宾：兴达房地产开发有限公司总经理赵赞君。有请赵总和我们的渔王合影留念。在认识我们今年的渔王之后，将要进行的是我们今天第三等奖的抽奖了。接下来三等奖会有五名幸运的朋友产生，他们将要获得的是价值1500元的飞利浦音响一套。1088号的朋友、0424号的朋友、0438号的朋友、0333号的朋友、0922号的朋友。接下来有请我们的颁奖嘉宾：兴达房地产开发有限公司销售一部经理高宁女士和王锐女士。再次感谢我们的两位颁奖嘉宾！接下来抽取我们的二等奖的朋友，他们将要获得的是价值2000元的诺基亚E66手机。1041号的朋友、0254号的朋友。有请兴达房地产开发有限公司营销策划部经理张琦先生为他们颁奖。再次恭喜两位！现在就是我们非常期待的最后一个环节，我们要抽出今天晚上最幸运的那位朋友，他将获得的是价值3000元的索尼T900照相机一台。恭喜0072号的朋友。有请兴达房地产开发有限公司工程部副总经理姜宝利先生颁奖。再次感谢姜总，也恭喜这位女士。感谢各位尊贵的来宾，与我们在东方夏威夷共同度过这个愉悦的下午，虽然我们无法阻挡时间的流逝，但我们可以主宰自己的心情，有我们对致雅、华丽生活的感触，更有我们对未来生活的渴望，在这里，我们将开启一段尊崇无上的私人海域传奇，我们深深相信在不久的将来，在眼前这座美丽的海上宫殿，我们将会拥有更加美好的生活。最后，我们再次感谢所有贵宾的光临，感谢您对东方夏威夷的支持！,4,6,0.3916531205177307
英少年登顶七大洲最高峰 成最年轻征服者英国少年乔治·阿特金森26日成功登顶珠穆朗玛峰，成为七大洲最高峰最年轻的征服者。29日是他17岁生日。破纪录英国徒步旅行组织“冒险山峰”在网站上发布声明说，阿特金森26日与另外17名登山者一起，成功登上珠峰之巅。英国登山委员会确认，阿特金森登顶当日年龄为16岁又362天，打破美国人约翰尼·柯林森17岁又296天完成征服七大洲最高峰的纪录，成为七座高峰最年轻的征服者。“冒险山峰”网站说：“乔治·阿特金森打破世界纪录，成为七座高峰最年轻的征服者。真是一项惊人的成就。”阿特金森的母亲彭妮在阿特金森的博客上写道：“乔治做到了，他在尼泊尔时间(26日)上午8时15分登顶……听起来那里天气挺好。”“感谢帮助乔治实现梦想的每一个人，”彭妮说，“现在让我儿子安全下山吧。”爱登山阿特金森家住英国瑟比顿。他的登山爱好源于父亲马克。他先前接受英国广播公司(BBC)采访时说：“父亲让我喜欢上登山。我六岁时，我们一起攀登北爱尔兰最高山峰多纳德山。那样做是因为我们想找一些需要一起做的事情。我相当喜欢登山。”阿特金森七岁前征服了苏格兰、英格兰和威尔士地区最高峰：本尼维斯山、斯科费尔峰和斯诺登尼亚。小家伙11岁开始攀登七大洲最高峰的征程，第一个目标是非洲最高峰乞力马扎罗山，13岁时登上欧洲厄尔布鲁士山，14岁生日前不久登顶大洋洲查亚峰，随后征服南美洲阿空加瓜山和南极洲文森山。2010年7月12日，时年15岁的阿特金森登顶北美洲最高峰迪纳利山。攀登珠峰前，阿特金森保持一周跑步两次、健身房锻炼三次的运动量，以增加肺活量。享挑战阿特金森说，热爱登山还有其他一些动力因素，“我喜欢每一座山，在山上，我有一种奇特的自由感”。他说：“我喜欢生活中有所挑战，七座高峰就是其中之一。我觉得去国外攀登这些山峰是一种好的冒险，也是一个环游世界的良机。”征服多座高峰后，阿特金森对北美洲迪纳利山印象深刻。他说，迪纳利山是目前为止感觉攀登过程最艰难的山，全程比较紧张。“18天都生活在这样的环境下，踩在冰川上，大雪似乎要卷走征程需要的所有东西，你必须把那些拽回来……体力上感觉更艰难，天气情况更极端。”(记者：黄敏),5,9,0.5558180212974548
英游艇命名效仿“泰坦尼克”难逃沉没厄运(图)据英国《每日电讯报》6月7日报道，一艘被命名为“泰坦尼克II”号的游艇似乎也难逃“原版”的魔咒，在处女航返回海港时沉没。虽然船主侥幸逃生，但随后还是被尴尬追问是否撞到了冰山。这艘汽艇的主人名叫马克•威尔金森，40多岁，来自英国伯明翰。他最近才购买了这艘长16英尺(约4.9米)的二手游艇，并将它拖到位于英国南部海岸的莱姆湾进行处女航。当天，他在莱姆湾钓到了很多鱼，但在返航途中，玻璃纤维制成的船身突然出现了一个6平方英寸(约39平方厘米)的大洞。大量的水开始涌入船内，马克试着将水抽出，但船的尾部还是沉了下去。由于前部有气囊，所以船头漂在了海面上，但马克最终还是弃船逃生。随后，马克被当地负责港务的工作人员从海里拉了上来，“泰坦尼克II”号后来也被拖上来。马克说：“如果不是工作人员的帮助，我可能已经随‘泰坦尼克II’号沉下去了。之后很多人问我是否撞到了冰山，这稍微让我有些尴尬。”(来源：中国日报网 信莲 编辑：婧远),5,9,0.5347195267677307
继承1200万美元遗产 全球最富宠物狗去世据报道，绰号“吝啬女王”的美国87岁亿万富婆利昂娜·海姆斯利去世后，竟将高达1200万美元的遗产留给了自己一只名叫“麻烦”的宠物母狗，一度将许多美国人惊得目瞪口呆。由于多次收到绑架和暗杀恐吓。无奈之下，“麻烦”只好被迫改名秘密隐居，并被特种兵保护起来。不过，全球最富有的宠物狗“麻烦”的传奇一生现在已经画上句号——6月10日，负责管理利昂娜遗产的基金会的发言人宣布，“麻烦”已于去年12月去世，终年12岁，相当于人类的84岁。富婆两孙子和12重孙分文未得尽管利昂娜慷慨地将1200万美元的遗产留给了一只狗，但她的4名亲孙子，其中两人只分到了每人500万美元的遗产，前提是他们每年都要给父亲至少扫墓一次。而另外两名孙子和12个重孙则压根一个子儿都没有分到。,5,1,0.539597749710083
俄罗斯美女冰海中全裸 与白鲸同游嬉戏(图)据英国媒体16日报道，近日，两届世界自由潜水女子冠军、俄罗斯美女纳塔莉亚·阿夫先科(Natalia Avseenko)为了完成实验，听从了海洋学家的建议，脱光全身的衣服，在零度以下的寒冷海水中，赤裸全身与两头白鲸同游嬉戏，可谓是真的“回归自然”。据报道，现年36岁的纳塔莉亚在俄远西北部靠近北极圈的白海(white sea)海域进行了一次大胆而“美丽”的试验，全裸在寒冷的水下与白鲸共舞嬉戏，由一名俄罗斯摄影师拍摄下这样的场面。报道指，阿夫先科在水中仿佛美丽的“白鲸公主”。报道称，为了不让白鲸跑得太远，实验人员将部分海域圈了起来，以便美女不游太远，就能追上白鲸。据悉，当地海域的水温在零下1.5摄氏度左右，脱光衣服的纳塔莉亚显然会“冷得哆嗦”。一般来说，普通人在零度以下的海水中呆个5分钟，就有死亡的危险，但潜水经验丰富的纳塔莉亚不仅是个瑜伽“专业户”，更练出了在水下憋长气的技巧，最长可以在零度以下海水中呆10分钟40秒左右。此外，海洋学专家建议，由于白鲸这种动物对人造材料如潜水服非常敏感，不喜欢触碰人造材料，因此纳塔莉亚如果想要与白鲸更亲近，最好是全裸下水，来个肌肤的“亲密接触”。白鲸是自然界中的庞然大物，它们以脸部能表现类似人类的表情感知而着称。除水族馆的白鲸外，全世界目前有约10万头白鲸在海洋中生活。,5,9,0.5792064070701599
《对手》：好孩子是什么标准？蔡美儿我们小的时候，我们去哪儿都带着小提琴，而且每次我都要和她们一起拉琴或者弹琴，露露现在反叛以后，现在她只是在娱乐的时候拉小提琴，那么我对小提琴的要求太严了，她开始憎恶小提琴了，我意识到那个以后，我就意识到我不想失去我的女儿，所以后来呢，我就自己放弃了强迫她练琴，后来她自己自愿回到练习小提琴的路上，但是我觉得严格父母是非常重要的，特别是在美国环境之下，有的孩子性格非常强，他说我不想让爸爸妈妈管，我要自己管，但是网球教练跟我说，露露她非常严格，对自己要求非常严厉，非常刻苦，而且非常有天赋，所以我认为从我这种严格的父母的管教之中，她逐渐学到了，从中看到了闪光点，从中得到了很多好处。常智韬：是不是虎妈也同意，孩子的快乐和小提琴或者网球技艺提高并不矛盾，是不是在没有父母严格管教下，我听说露露准备挑战李娜，她同样可以有很远大的理想。蔡美儿：美国我觉得孩子们为了保持自己的热情，他们自己的选择太多了，那么经常说要保持孩子的热情，他这个热情包括整天吃糖、整天玩电子游戏，每人没有人会有自动的热情每天去做作业，所以一直到10岁、11岁的时候，我觉得父母必须给他们一些规矩，不让他们放弃他们有兴趣做的那些好的事情。常智韬：我觉得在没有明确孩子的兴趣爱好，或者孩子的特长在哪个方面的时候你替他做了一个选择不允许孩子放弃，孩子放弃就意味着孩子没有毅力，反而会适得其反，比如你不会知道孩子将来是刘翔还是姚明，你让他坚持打篮球或者什么，你会少了一个姚明或者刘翔。蔡美儿：我觉得这个问题有一点让人混淆，我想他刚才谈到家长不应该干扰孩子的选择，可能我们两个社会不一样，在美国25%的10到13岁的青年孩子是喝酒的，我们在美国是有发达国家最高的十几岁孩子怀孕比例的，所以我要我的孩子们在十几岁就喝酒或者怀孕，我是绝对不要的。常智韬：所以有的时候家长要信任孩子，比如我的女儿在高中二年级的时候也到美国做了一年交流生，她回来的时候也告诉我，就像虎妈所讲，美国高中阶段有谈男女朋友的，有同性恋的，有吸毒的，但要相信自己的孩子有自己的鉴别力，她跟我讲，爸爸请放心，我周围的朋友都是比较传统的。还有一点，中国以前有一句话说温室里边只能长出娇嫩的花朵，长不出大树，在无菌的环境下长大的孩子，他走向社会的适应从什么地方来呢。蔡美儿：在西方的学校里面用点中国的东西来教育我们的学生，所以我认为我们的孩子是强有力的，她们没有自己的错误之处，可能我们就说我们殊途同归，我们的目的是一样的，但表达方式不一样，你强调非常强硬的规则，我也同意有的时候不能对孩子太严了，有的时候就是你觉得孩子，我们可能就到此为止，不要太严管他，但我觉得有的时候不能这么做的。主持人：在你心目当中，好孩子或者孩子的成功应该是一个什么标准，是门门拿A，最后进哈佛、耶鲁？蔡美儿：我认为你必须要看一下你的孩子，听他们的意见，知道他们的能力在哪里，如果有些人他得不到A的学分，你不能强迫他，不能给他太大的压力，这样会给他们毁掉的，但从另外一个角度来讲，我会告诉你，我的书在美国引起很大的反响，很多西方人看了之后希望更加严格给孩子教育，很多美国人给我写信，说我不是非常的聪明，但是我相信我还是有智慧的，我希望我的父母以前比我更加严格，这样使我可以成为某些成功人士，这是他们写的信，但我现在失业了，因此成功和幸福是非常复杂的问题，它不是选择一个就放弃另外一个问题，但我相信两点，要帮助你的小孩施展他的潜能，不管他的潜能是什么样的。常智韬：我觉得像我和虎妈的孩子都是在进入大学的年龄，他们远远谈不上成功，他们仅仅是进入名校，找到适合自己发展的，适合自己个性受教育的机构。那我觉得家庭教育的成功，应该是培养出来一个全面发展，心智健康，有良好的情操，又有良好的学习习惯的这么一个孩子，我觉得这是家庭教育的一个目的。蔡美儿：我认为大女儿是非常很好的，她自己就能成为一个很好的学生，但我认为露露的话，尽管我们有很多争斗，我想即便露露是非常难教的一个孩子，我有很多眼泪，有很多辛酸史，但是我认为露露，曾经问过她，我问过她你是不是喜欢这样严格的家教，我担心露露在采访的时候会怎么说呢，但是露露在采访时说我非常喜欢这样严格的母亲，如果没有母亲严格的教育方式今天谈不上我的成功，看到她的姐姐是非常好的学生，露露也受到影响，她以为自己是不好的学生，因此我帮助露露更加建立自信，相信自己。主持人：我们这一轮探讨什么话题，刚才虎妈也说了很多决定是她对自己的女儿来做的，猫爸认为很多自己的孩子决定，包括孩子爱好的养成要观察孩子，由者孩子的性格去发展，那么父母到底该不该替孩子作主？这就是我们第二轮要辩论的话题。掌声请出红方的第二位嘉宾，他就是著名节目主持人、导演英达。英达：那就是每一代在成功的同时一定要设计和亲自参与实施孩子的所有的未来。主持人：好，我们掌声请出蓝方第二位嘉宾，这就是，他写了一本书，别看年龄不大，写了一本书叫《山海经新释》，被很多人称为国学天才，这是山西大学初民学院的学生孙见坤。孙见坤：基本没有，基本上没有，基本上是我自己规划的。我的观点就是没有人能够替你作主，哪怕这个人是你的父母。英达：我们说孩子，说的是从大概两岁快到二十岁这样大范围的孩子，我认为在十岁之前有许许多多事情孩子自己不知道的，也不能知道未来这件事情对自己多么重要，你不可能指望他自己就把这个定好了，他不知道，所以在这种情况下确实有些特殊项目我们要替他决定，那么其他的，比如说当国学大师这种事可能就要等十岁以后孩子自己愿意说读个《聊斋志异》的那种神怪小说，但比如说钢琴、小提琴等他十岁以后想拉是绝对没有可能的，因此我们也参考其他的，不是中国式教育，是外国式的，大音乐家，比如贝多芬、莫扎特也是从小他们的父亲大耳刮子抽出来的，我们知道贝多芬经常小的时候睡到半夜四点多被他父亲拉起来弹琴，不弹就大耳刮子抽他，所以这是为什么贝多芬最后耳朵聋了。所以兴趣是最好的老师，孩子大了以后，如果小孩让他说兴趣是最好的老师，那么这个老师一定不是别人，是游戏机。孙见坤：其实刚才英老师讲的这个在我身上就不符合，我做，我看历史是从8岁，不是10岁。我想说一个问题，第一点贝多芬，大耳刮子可以抽出贝多芬，也可以抽出希特勒，我们在那个过去，一百多年前奴隶社会什么都不变的，从1840年不一样了，1840年是千年不变，1840年以后是十年不变，当我们有孩子知道是十年前的，他要给孩子做决定是过时的决定，另外一点其实中国的父母喜欢给孩子做决定、做判断，他其实这个并不是中国，并不是所谓的中国式教育，因为这种方式从此你看不到的，这其实是中国专制社会的一种黑色遗留下来的东西，他是为了培养孩子的盲从性，这不是我说的，这是孙中山说的。第三点，永远不要把一个人的能力或者他的思维，他的思想的深度和他的年龄挂钩起来，这是一种很简单、很愚蠢的做法，这是一种，可以说是一种人的一种惰性，他不想深入地去了解这个人，只是从一看你的年龄就觉得你不懂，就这种感觉，就像看到一个人一看他是北大毕业的，就觉得他一定是德才兼备的好孩子，其实也可以是勒死？？的凶手。英达：就你刚才说的能不能选择，首先我同意有很小一部分，1%吧，是可以让孩子在十岁之前选择，反正也不要紧，比如你国学，他是8岁读的，还是12岁读的没有什么区别，而比如弹琴，甚至小儿不才除了弹钢琴之外，还打个冰球，这是童子功的，那开会的早，开萌的早是你的本事，但是我13岁开始读也可以做到你的成就。孙见坤：其实是这样的，童子功肯定会有，但不一定每一个人都要弹钢琴，每一个人都要打冰球，当然不一定每一个人都要去读古文，但问题是您怎么知道您的孩子就是干这个的料呢。英达：他问我，我不回答不合适，是这样的，实际上成人也不能决定他的专业，比如打冰球，巧了，我儿子在冰球上有一个才能，但到现在为止同龄人不是没有比他强的，我儿子弹钢琴也好，我儿子也希望梅迪，总而言之他现在学这些，猫爸说的很科学，人的学习无非是两大种，一种是知识积累，一种是技能提高，这两种都没有用，包括古文学得再好，都有可能是明天被废弃过时的东西，这是有可能的，孙见坤：您给您的孩子做的选择，那么是依照大您身边的人或者这个社会很多人都做了选择，还是您是把您自己小时候没有能够做到强加到，延续到您孩子的身上？英达：你的问题提得很浅显，因为你不能把，你不能说所有做的选择都是我们没有办成的事，不瞒你说，我基本想干的事都干成了。,5,2,0.7027866840362549
会笑的狗狗爆红网络 与各路名人“合影”(组图)它仅是一只普普通通、随处可见的杂种狗，但却能够像人类一样露齿微笑，人们亲切地称呼它为“快乐狗狗”。现在，这只擅长微笑的小狗已经爆红网络，被PS进各路名人的照片中，俨然一个大明星。,5,3,0.5931890606880188
猕猴捡到相机大摆POSE 狂拍数百张照片(组图)你相信吗？这些清晰的照片，竟然出自一只猕猴之手！英国摄影师大卫·斯莱特日前在印尼苏拉威西岛北部的一个国家公园内旅行，在那里遇到了一群珍稀的黑冠猕猴。这些感到好奇的动物围着斯莱特留下的相机跳来跳去。“它们中肯定有一个家伙按到了开关，启动了相机。”斯莱特说，“之后，一只淘气的猕猴拿起相机，乱摁一通，竟然按下了快门。”摸到窍门后，这只猕猴开始不断地拍照，而其他同伴则十分配合地“大摆POSE”，甚至露出大大的笑脸，显得十分兴奋。斯莱特说：“当我拿回相机时，它已经拍摄了数百张照片，当然，大部分都是对焦不准的。”,5,9,0.7647924423217773
五千加沙儿童共绘手印画 打破吉尼斯纪录2011年7月21日，加沙南部城镇甘尤尼斯，联合国难民救济及工程署在当地举办儿童手印画活动。超过5000名儿童在地面画布上用手印作画，创造新的吉尼斯世界纪录。图据国际在线中新网7月21日电 据联合国网站消息，超过5000名加沙儿童当天共同绘制完成了一幅巨型手印画，再次创造了新的吉尼斯世界纪录。这也是在过去三周时间里，加沙儿童打破的第三项世界纪录，此前他们已经打破了最多人同时盘带足球行进的世界纪录以及多人参加降落伞游戏的吉尼斯世界纪录。上述活动都是由近东难民救济工程处组织的2011年加沙儿童夏令营的组成部分。据报道，5000多名当地儿童21日在位于加沙地带南部的汗尤尼斯(Khan Younis)体育场参加了此次手绘画活动；他们同心协力，一起创造了面积达5922.2平方米的这幅巨型画作，超出前世界纪录1000多平方米。尤其值得一提的是，在参加活动的儿童中，有很多是有特殊教育需求的智障儿童。随着以色列对加沙地带的封锁进入第五年，这个夏令营活动也连续第五年举办，并成为当地的一大盛事。去年，有超过25万儿童参加了这一包括体育运动、戏剧和工艺活动在内的夏令营。通过夏令营以及打破吉尼斯纪录等活动，联合国近东难民救济工程处希望人们能够了解加沙儿童的生活状态，同时也为处于被封锁状态下的加沙年轻人提供心理上的慰籍。,5,9,0.6314663887023926
英楼顶建人工湖 游客惬意划船俯瞰伦敦(组图)中新网7月22日电 综合媒体22日报道，为了替新产品造势，厂商在英国伦敦知名百货公司Selfridges屋顶上建造了一座小型人工湖，配备10多艘迷你小船，供人们划船游玩，享受闹中取静的乐趣。据报道，这是自第二次世界大战以来，伦敦知名百货公司Selfridges首次开放屋顶。食品业者为了替新产品造势，不惜花重金打造一个占地400平方米的屋顶人工岛和湖泊。除使用数英里长的钢铁加固屋顶，搬来数千植物、灌入大量染成明亮薄荷绿色的水外，厂商还放入12艘带有迷你桨的小船，一艘船最多承载2人。游客可以坐在船上，一边在碧绿的湖水中划船乘凉，一边俯瞰伦敦高低起伏的建筑景观，别有一番韵味。这个屋顶人工湖甚至专门设有一名救生员，有人不慎从船上跌下水也不用担心。人们在划船之余，还能在现场开设的一个鸡尾酒吧聊天喝酒、试吃新产品，这样的营销活动创意十足，工程难度也很高。尽管整个活动只有短短4天，但从现场民众的反应来看，这一营销创意应该已经给大家留下了深刻印象。,5,9,0.8900371193885803
新西兰出现“鱼坚强” 地震后无食活134天(图)今年2月22日在新西兰克莱斯特彻奇市发生的里氏6.3级地震又出现了两名幸存者，不过并不是人类，而是两条相濡以沫的小金鱼。这两条分别叫莎姬和黛芬妮的金鱼在没有食物、没有换水及过滤装置的情况下活了134天，直到这个月人们才发现了它们。这两条金鱼能活下来一方面是因为放金鱼的水箱体积较大，所以它们能从水箱壁和石头上长的野草获得足够的营养。另一方面自然生长的细菌也帮助净化了水源。,5,9,0.8079127073287964
小猫酷似希特勒被弃养 现苦寻新家(图)中新网7月30日电 英国剑桥郡有一只六周大的可爱小猫被人遗弃在路边，附近的动物收容所人员发现并且收留了它，但是令人意外的是，这只小猫看起来就像是二次世界大战纳粹德国元首希特勒，让工作人员啧啧称奇。据“今日新闻”报道，这只小猫被工作人员命名为琦特勒(Kitler)，它的嘴巴附近有着特殊的黑色胎记，看起来就像是“牙刷式胡子”，此外，小猫的头上也有黑色斑块，神似侧分边的头发，跟希特勒惯有的造型如出一辙。工作人员私下透露，琦特勒活泼爱动、非常的可爱。不过，由于它拥有和希特勒相似的特殊外型，以致于苦苦找不到饲主愿意收养它，“因为它是弃养猫，所以我们无法知道它的品种。虽然找过无数的饲主，但都没有一个人想要带它回家，我们想应该是因为它长得像希特勒让大家害怕。”琦特勒被动物收容所人员发现时，已经濒临死亡，所幸之后顺利的捡回一条小命，英国《每日邮报》报导时，更刊登出收养这只小猫的联络方式，希望替它找到一个新的家。,5,9,0.9194348454475403
美海豚断尾后接仿生尾鳍 将拍电影讲传奇(组图)中新网8月8日电 据外媒8日报道，美国佛罗里达州一只名叫“温特”的海豚的故事在当地早已家喻户晓。5年前，这条小海豚在仅2个月大时不小心掉进了捕蟹笼导致尾鳍断裂，人们为救活它不得已对它进行截肢。“温特”没有了尾鳍就没办法存活，所以后来人们为它装上了树脂和硅制成的仿生尾巴，在经过了长时间的适应后，温特活了下来。后来，温特甚至能做出后空翻、拍水等让人惊叹的动作。温特的故事体现出的温情与人和动物之间的关爱感动了不少人。不少残疾儿童都来看过温特，并从温特的身上获得了勇气。12岁的小女孩汉娜•杰金斯失去了左手和左前臂，她说温特给了她活下去的力量。今年，温特即将成为电影明星出演它自己的故事。著名演员摩根•弗里曼、以及哈利•小考尼克和阿西莉•贾德也将参演电影。整部电影主要讲述了温特的仿生尾在制造过程中遇到的种种艰难，以及温特如何适应这条仿生尾，过上正常生活的故事。此片的导演是查尔斯•马丁•史密斯，影片将在今年秋天以3D形式在英国首映。,5,9,0.8407005071640015
智利艺术家手绘3D铅笔画 栩栩如生网上大热据英国《每日邮报》9月6日报道，智利艺术家弗拉迪米尔 伊诺斯特罗萨近来以一系列形态逼真的手绘3D铅笔画在网上受到追捧，并且他还有意在线下推广他的艺术作品。伊诺斯特罗萨现年20岁，笔名为弗雷多，在一个偶然的机会获得了创作3D铅笔画的灵感。当时伊诺斯特罗萨正躺在床上用铅笔在纸上画蝴蝶，一不小心将画画到纸张外面。心中颇为懊恼的他仔细地对作品看了又看，突然发现“画坏”的蝴蝶有展翅欲飞的架势，灵感来了的伊诺斯特罗萨急忙拿着炭笔又在画上添了几笔阴影，然后拍照留念。自此以后，他就开始了创作3D铅笔画的艺术生涯。业内人士认为，伊诺斯特罗萨的画法与英国(微博)3D艺术家朱利安 比弗的画法很相似。伊诺斯特罗萨的博客现在已经成了网上的大热门，“脸谱”账号也吸引了数千名粉丝，更有众多的网页自发宣传他的作品。,5,1,0.5077965259552002
猕猴摆“思想者”姿势令人忍俊不禁(图)中新网(微博)9月22日电 据外媒21日报道，在印尼苏拉威西岛上的通可可国家公园，一只黑色恒河猕猴在德国摄影师卡斯滕•罗贝尔的镜头前不停摆姿势，仿佛为了显示自己“博学多识”有人样。猕猴翘起一条后腿支着下巴，两爪环在前面，与罗丹著名雕塑“思想者”颇为神似。护林员告诉罗贝尔，这只猕猴大概在“思考”怎样成为猕猴群里的老大，“大部分猕猴都在水里嬉戏，就跟孩子一样，唯独这只坐在岸边静静思考，还观察着自己的同伴。”罗贝尔说，“这张照片让我觉得人类与猴子猩猩的联系有多么紧密。”,5,9,0.9583828449249268
调查显示德国56万人上网成瘾 青少年易陷入网瘾中新社(微博)柏林9月26日电 德国联邦健康部委托两所大学在全国范围内对网瘾情况进行调查，26日公布的结果显示有56万人上网成瘾。这项调查在14到64岁的人之间进行。其中1%的人每天平均上网4小时以上，在专家看来属于成瘾。另有250万人每天上网3小时以上，被划为有成瘾倾向。上网成瘾者的比例和吸大麻者数字相差无几。有关专家对这一调查的结果进行分析后说，14到24岁之间的青少年尤其容易陷入网瘾，他们流连于社交网络或者网络游戏中，有些人因此丧失了对使用网络的控制能力，在极端情况下这些人还会丧失在学校以及职场上的社交能力，因为这些人在虚拟世界中感到充实以及被尊重，而现实世界也许无法给与他们这些东西。调查结果还表明，14到16岁之间的年轻人中，女性比男性的网瘾更大。专家认为产生这种现象的原因是女孩子更喜欢被恭维，而在交友网中她们得到的赞美更多。不过网瘾对少男造成的身体损害似乎多于少女，因为那些嗜好网络游戏的少男几乎从不出门。调查中专家通过一些标志性行为来判断上网成瘾的程度，例如上网时间、与现实世界其他人的交往情况以及戒网瘾的困难程度等。(记者：黄霜红),5,8,0.4035571217536926
“冲浪狗”大赛 参赛狗各领风骚萌态可掬(组图)中新网(微博)9月27日电  据外媒26日报道，第3届冲浪狗大赛日前在美国加州的亨廷顿海滩举行。虽然狗狗们对比赛规则还不熟悉，但它们仍然体现了极佳的“体育精神”，四条腿在冲浪板上岿然不动，颇有“大将”风范。据悉，参赛的冲浪狗按体重分成4个级别，范围从重9公斤以下的小型犬至超过27公斤的大型犬。冲浪狗需在冲浪板上待上至少10秒钟。比赛组织者丽萨•斯科曼表示，今年比赛有40余条狗参赛，“今年的比赛吸引了不少参观者，不过也吓跑了不少看见巨浪滔天的小狗。不过整个赛事还是值得一看的，更何况之后还有化装舞会和竞走。”斯科曼说。最终，一条澳大利亚卡尔比犬以冲浪60米的距离，创造了狗冲浪最长距离的吉尼斯世界纪录。,5,9,0.7163366675376892
组图：乌克兰艺术家用胶带作画惟妙惟肖这些惟妙惟肖的画作竟是乌克兰51岁艺术家Mark Khaisman用透明胶带“贴”出来的，让人难以想象，不可思议。他的作品多以人物肖像为主，现实生活中普普通通的胶带，到了这位艺术家手里就成了一只神奇的画笔。(来自：mysenz),5,6,0.7653236985206604
购新机纪念乔布斯 iPhone 4S纽约热销华裔成主力据美国《世界日报》报道，“苹果教父”乔布斯的去世，使iPhone 4S手机的上市成为全球关心的话题。14日上午8时苹果店开始正式销售该款手机，纽约曼哈顿5大道的苹果旗舰店内外都排起长龙，每人限购两台iPhone 4S手机。许多苹果迷认为这款iPhone 4S是乔布斯最后作品，又在其去世前一天发表，名字也隐含纪念乔布斯(for Steve)的意义，一定要买。而这次华裔再次成为购买主力，男女老少都表示“价格不贵，要买台用用”。根据苹果公司表示，新推出的iPhone 4S智能手机在接受网络预订后的24小时内全球销量超过100万部，超出了前一代产品iPhone 4首日销量60万部的纪录。为购买iPhone 4S手机，纽约的旗舰店前很多苹果迷们从13日就开始排队，无惧细雨凉风。日本和澳大利亚等地因时差先开始销售iPhone 4S手机，所以凌晨就有购得新手机的苹果迷把手机照片传至各大网站，让人一睹为快。在纽约的旗舰店，如果不需要购买iPhone 4S手机，可以直接入内。14日从上午到下午，旗舰店门口始终都有数百人的长龙队伍，一圈绕一圈，秩序井然。据了解，大约每人要排两至三个小时才能入内。即使入内后，也需要按指示排队到收银台前购买手机，最少需要三至四小时才能买到这款手机。在旗舰店附近，还有专门收购旧款iPhone手机的网站销售人士。在旗舰店内，各个展示柜台都人头攒动，尤其是iPhone展示柜台，很多民众都想亲身见识一下这款传说是“为了纪念乔布斯”而推出的手机。但不少人都表示，这款和iPhone 4比起来，好像没什么不同。华裔在此次购买潮中再次展现积极力量，一眼望去占了大半，队伍中年轻的、年老的都有，有想为读书的儿子买手机的母亲；有想给女朋友买手机当生日礼物的男生；有每代iPhone手机都用过、此次也不可少的苹果迷；也有从来没有用过“大家都用过的苹果手机”的阿姨。大家都耐心在外等待，遵守秩序。“来这里一看，都是老乡啊”，一位推着婴儿车的福建籍王小姐表示，她想买两台，一台给自己，一台给老公用。不远处，吴女士和朋友在排队，“别人都用了四代苹果了，我一代没用过，”一边说她一边拿出自己的翻盖式手机“199美元便宜啊，我也要买一台”。还有人表示自己买了不一定自己用，可以卖给别人，“这个好卖，是潮流啊”。(记者：刘爽),5,8,0.45905813574790955
艺术家用7.5万根火柴搭建迷你“泰姬陵”近日，印度艺术家谢赫·萨利姆巴伊花了1年19天的时间、用7.5万根火柴精心造出的小号“泰姬陵”亮相。图为谢赫·萨利姆巴伊正在清理“泰姬陵”上的灰尘。,5,1,0.5100074410438538
组图：罕见霓虹横跨伦敦上空 惊艳迷人中新网(微博) 10月26日，英国首都伦敦上空出现美丽的霓虹，横跨伦敦市中心，呈现出迷人的光影，蔚为壮观。据悉，“霓”是大气中有时和“虹”一起出现的一种光的现象，也叫“副虹”，形成与彩虹原理大致相同，只是光线在水珠中的反射多了一次，彩带排列的顺序和彩虹相反。,5,9,0.8224504590034485
澳“长征猫”独行3200公里 穿越沙漠返旧居中新网(微博)11月7日电  据外媒6日报道，澳大利亚一对夫妇舍瑞于去年3月搬家，但不久后，他们养的猫杰西就失踪了。没想到在一年多后，杰西出现在3200公里以外的旧居中。舍瑞说杰西不喜欢坐车，它很可能步行走回了旧居，期间还可能穿越了澳大利亚沙漠中心地带。杰西的主人说，猫是在搬家后不久失踪的。“它在新家只呆了几个星期。”舍瑞说。一年以后，舍瑞的老邻居发现了这只走过了漫漫“长征路”的猫咪。目前，杰西正在邻居的悉心照料中。据悉，杰西是从澳大利亚北部城市达尔文失踪，一年以后在澳大利亚南部艾尔半岛的旧居附近出现。这两处直线距离就有3200公里，中间还隔着一片沙漠。主人舍瑞对此迷惑不解：“我也不清楚它是怎么回去的。它不喜欢坐车，所以我想它可能是走回去的。”,5,9,0.7423486709594727
英9岁神童画作受追捧 卖画挣15万为家人买房中新网(微博)11月7日电 据外媒6日报道，英国9岁男孩基隆？威廉森被誉为“小莫奈”，去年7月，他的33幅画作在短短半小时内被抢购一空，最终卖出15万英镑(约152万人民币)的高价，他已用这笔钱给父母在家乡诺福克买了一套新房。威廉森今年还是个小学生，是从2008年开始作画的。后来，威廉森的画渐渐有了知名度，在去年7月，他的画作更是在短短半个小时卖光，挣得15万英镑。威廉森的父母已经用这笔钱在诺福克购置了新房。父亲基斯说：“如果他长大后还想做其他的事情，那时他至少不必考虑抵押贷款的问题。”威廉森的最新12幅作品将在下周五拍卖，每幅画的开价在1250英镑至15595英镑(约1.27万人民币至15.8万人民币)之间。考虑到此次展览可能会像上次一样被抢购一空，购买者们纷纷决定在画廊开门前一晚排队等候。画廊的老板亚德里安·希尔表示：“这孩子无可匹敌。没有一个孩子对水彩、油画及蜡笔画这三种画法都掌握的如此熟练。他对技巧的领悟非比寻常。”,5,1,0.648871660232544
印度艺术家创作出“愤怒的小鸟”现实版(组图)中新网(微博)11月11日电  据外媒报道，印度一名艺术家穆罕默德•拉奥夫近日为知名游戏“愤怒的小鸟”创作出小鸟们的现实版。拉奥夫是这款游戏的忠实粉丝，因此，他将自己想象中 “愤怒的小鸟”应有的现实版长相和色彩用数字技术创作出来。拉奥夫认为，他的作品很好地展现了这些鸟儿的特征。拉奥夫说：“在我浏览‘愤怒的小鸟’中鸟儿们时不禁联想，它们在现实中应该是什么样子。因此便先画出来了一只。没想到朋友们都觉得很形象，所以最后创作了全部鸟类。”拉奥夫表示在作画时，他会尝试着体现出这种小鸟应该有的特点，包括鸟的颜色、表情甚至眼神。,5,9,0.5973167419433594
教育部：2009年研究生考试涉嫌泄题报道失实中广网北京1月11日消息（记者刘玉蕾）针对有媒体所谓全国硕士研究生英语、政治考试题目疑似考前泄露的报道和推测，记者采访了教育部有关部门负责人。这位负责人介绍说，研究生入学考试全国统考试题是在全封闭入闱状态下，依托题库完成，试卷的印刷、运送和保管都严格按照国家保密规定执行。目前，没有发现异常情况，相关考试已平稳结束。 据了解，在国内一些重要考试期间，有人多次利用网站技术漏洞，发布所谓的“考前试题及答案”等虚假信息，造成试题考前泄密的假象，以达到某种目的。这种行为干扰了考试秩序，破坏了国家教育考试声誉，影响了社会稳定。对此，这位负责人表示，如果出现这样的情况，将配合有关部门，依法进行打击。这位负责人还提醒广大考生，谨防上当，诚信应考。,5,7,0.9986404776573181
北大教师称校长实名推荐意在争夺生源“校长实名推荐”背后的生源争夺战北大想探索新的自主招生办法，而校长推荐是一种国际潮流，但是北大在这个时候如此迅速地推出“校长实名推荐”，应该说跟“五校联考”有直接关系《?望东方周刊》记者米艾尼 | 北京报道这两天，北京大学老化学楼121号北大招生办本部的电话，几乎被打爆。所有的人都在询问一件事：北京大学刚刚对外公布的“2010年中学校长实名推荐制”。与以往的大学自主招生办法不同，“校长实名推荐”，第一，中学和校长的资格需要北大认证；第二，被推荐学生通过北大审核后，无需笔试直接面试。面试通过者，可以在高考录取时享受北京大学一批次录取线下降30分录取的政策。而其中具备教育部规定的保送资格的学生，可以向北京大学申请相关专业的保送资格。这种类似于很多西方大学“校长推荐制”的录取形式，向许多做着“北大梦”的中学生敞开了一条“绿色通道”。当然，这条通道并非“一视同仁”。在“校长实名推荐”的资质申请审核环节中，北京大学招生办共收到了来自全国400余所中学的申请，经过北大自主招生专家委员会审议后，最终确定了13个省39所中学的校长入围。“校长实名推荐”是否公平公正？会不会引发另一种教育腐败？入围的39所学校是如何确定的？……各种质疑接踵而至。北大校机关的一位老师向本刊记者透露，北大如此迅速地出台“校长实名推荐”，绝不仅仅是对自主招生政策进行新探索这么简单。生源争夺是真正用意就在北大推出“校长实名推荐”前不久，清华大学、上海交通大学、中国科学技术大学、西安交通大学、南京大学五所著名高校招生部门刚刚决定，在2010年实行“五校联考”。通用测试部分由这5所大学共同出题，高校特色测试和面试由各校自主决定，通过者，高考录取中享受该校30分的优惠。“这五所学校都是国家首批‘985高校’。”清华大学招生办公室副主任尹佳说。“这一轮考试里，每个学生可以选择两所学校。我们在29个省市都设了考点，学生也不用奔波。”尹佳认为，这跟以往清华大学实行的自主招生政策没有本质的不同。“这是给学生们多次选择的机会。即使学生参加了考试，没有被他申请的这两所学校录取，他拿着这个考试的成绩去找其他学校，应该也是有帮助的。”尹佳解释说，“而且，我们一般不强调‘五校’。”然而，北大很多人对于“五校联考”的看法，和尹佳所说的大不相同。“‘五校联考’打破了各高校自主招生政策原有的平衡，类似于一个‘小高考’，北大明年的生源有可能因此受到影响。”北大的一位老师说。他说，对于自主招生的探索是教委提出来的，但是各高校采取什么具体办法，一般不用通过教委批准。“像北大、清华、复旦等高校，生源争夺由来已久，为了减少‘五校联考’可能对北大造成的生源影响，北大也马上公布了‘校长实名推荐制’。”“北大想探索新的自主招生办法，而校长推荐是一种国际潮流，但是北大在这个时候如此迅速地推出‘校长实名推荐’，应该说跟‘五校联考’有直接关系。”这位老师说。从北大招生网上的信息可以看到，今年11月21日至25日，获推荐的学生要在北大招生网填写报名表，经中学校长实名签字盖章同意后提交申请材料。11月26日至27日，北大将安排相关学科的专家组审核学生资料。也就是说，今年年底之前，谁能够获得被批准合格进而进入面试阶段，应该会水落石出。虽然尹佳强调说，教委规定，自主招生的考试时间必须在寒假之后，但是北大校机关的这位老师也透露，“一般如果是校长推荐了的，因为没有笔试，面试的通过率应该是很高的。”也就是说，获得北大认可的推荐名单，在年底前应该就可确定，这比“五校联考”早了一个多月。如何确保公正对于校长实名推荐，大家的质疑声之一，就是通过北大认证的这39所学校是如何确定的，对于没有推荐资格的其他中学，公平性何在。从已经公布的39所学校的名单来看，仅江苏一省就有10所中学入围，北京、湖北、湖南、浙江各有三四所学校获选。据称，这个名单是北大参考了每年在各地中学录取学生的情况确定的。而且现有的方法只是试行，肯定还有很多需要改进的地方。而大家热议的另一个问题，就是校长推荐的公正性。因为没有笔试，而面试的通过率又很高，这意味着，如果一个学生得到了校长的推荐信，就等于是得到了北大录取降低30分的优惠。而对于中学校长来说，这个权力所带来的各种诱惑和压力，可能会很大。对此，北大方面要求，递了申请的中学，必须在本校范围内对校长实名推荐的学生信息和推荐理由进行一星期的公示，接受各方监督。而在实际运行中，校长们必然还要面对更多考验。已有_COUNT_条评论我要评论,5,9,0.868290364742279
四六级收费是否过高 物价局：欢迎大学生核查重庆时报讯(实习记者 汪再兴 记者 张璐) 本报进行英语四、六级价格报道后，四、六级考试价格成为了这两天各大高校校园内热议的话题。到昨日为止，志愿者起诉报名人数已达20余人。诉讼发起人西政学生谢芸飞表示，希望先和有关部门座谈，如果座谈不成功，他个人将把这场官司打到底。20余名学生愿当志愿者重庆各大高校的学生看到西政学子的四、六级成本调查后，目前已有20余名学生表示愿意当诉讼的志愿者。针对价格问题，西南大学学生李国唯提出疑问：“四、六级的价格成本不过20元左右，那剩下的30元到哪里去了？1998年以前只收40元，为什么现在要收50元？”重庆大学研究生魏绮芳说：“很多学生四、六级考了多次，准考证和电子采集重复收费，是否有强制之嫌？”谢芸飞称，最近几天还将在各大高校完成四、六级成本调查。市物价局欢迎查具体价格昨日，谢芸飞对高招办“高科技手段增加10元成本”的回应表示质疑。他说：“重庆市物价局在关于高等教育大学英语教学水平考试PVC卡和电子采集上明文规定是考生自愿，但实际情况是不办理这两样，考生无法参加考试。”他表示将继续采集调查资料和志愿者一道与物价局进行座谈，如果不行再上诉。重庆市物价局副局长刘卫东欢迎大学生到物价局核实具体价格，他说：“同学们的调查结果和物价局核定价格之所以差异大，很可能是因为同学们不知道其具体的操作环节。”刘副局长表示。律师赞赏公益诉讼愿当顾问针对诉讼人到底应该是高等教育自考办公室还是物价局的问题，律师蒲万纯和谢芸飞看法不一。谢芸飞认为，高等教育办公室收取学生费用，如果要诉讼自然要找他们。蒲律师表示，愿意和谢芸飞共同研究这场公益诉讼，同时对大学生们这种公益诉讼的行为表示赞赏，并愿当谢芸飞的法律顾问。     更多信息请访问：新浪四六级频道 四六级论坛 四六级博客圈特别说明：由于各方面情况的不断调整与变化，新浪网所提供的所有考试信息仅供参考，敬请考生以权威部门公布的正式信息为准。,5,7,0.6586339473724365
"英语四六级考试将至 西安有人兜售“短信手表”本报讯 (记者 张小乙 实习生 赵崇霖 郭秀娟) 今年全国英语四六级考试将在6月下旬进行。随着考试的即将到来,一些新的高科技作弊设备应运而生，其中一种被叫作“短信手表”的作弊工具在我市出现。一位不愿透露姓名的大学生日前向记者反映，四六级英语考试将在6月21日和22日进行，在我市一些高校周围的电线杆和校园内一些公厕门上，出现了不少销售各种考试作弊工具的野广告，其中有一种叫“短信手表”的作弊工具。据他说，这是今年“新推出的设备”。为了搞清这种所谓“短信手表”的真相，昨日，记者以买家的身份，与一个野广告上留的电话取得联系。一个小伙子说，“短信手表”是今年推出的“新产品”，各类考试都可以用，它“效果好，还反屏蔽。用它考四六级保准畅通无阻。”他还称，一套工具加考试答案售2000元，“若要得多，价钱还可以商量。”采访中一些学生对记者表示，这种考试作弊用的新“设备”，不仅给监考带来难题，更严重影响考试的公平性。他们希望有关部门对这种作弊工具严查严罚。     更多信息请访问：新浪四六级频道 四六级论坛 四六级博客圈特别说明：由于各方面情况的不断调整与变化，新浪网所提供的所有考试信息仅供参考，敬请考生以权威部门公布的正式信息为准。",5,9,0.5432993173599243
教育部：四、六级口语考试25日起报名(记者 徐媛)昨日记者从教育部门获悉，2008年12月全国大学英语四、六级考试口语考试报名时间为10月25日9时至30日16时30分。考试日期为12月6日至7日(两天)。此次口语考试的报名资格为，参加2005年6月至2008年6月全国大学英语四、六级考试，且四级成绩为550分以上(含550分)或六级成绩为520分以上(含520分)；参加2005年1月(含)以前全国大学英语四、六级考试并已获得四、六级证书的在校学生，且四级成绩为80分以上(含80分)或六级成绩为75分以上(含75分)。口语考试采用网上报名方式。考生自主选择一个考点报名参加考试。湖南有湖南大学和湖南师范大学两所高校接受报名，因考点容量所限，报名额满为止。每名考生报名费为50元。考生必须首先登录网站www.cet.edu.cn网上报名。网上报名成功后，考生到所报考点进行现场缴费，领取准考证。考生只能选择一个考点报名。不得重复报名。    更多信息请访问：新浪四六级频道 四六级论坛 四六级博客圈特别说明：由于各方面情况的不断调整与变化，新浪网所提供的所有考试信息仅供参考，敬请考生以权威部门公布的正式信息为准。,5,7,0.6157539486885071
巴西总统访华力推金砖集团 挑战美元霸主地位巴西领导人很想加强与“金砖四国”中其他国家的关系，进一步挑战美元的霸主地位国际先驱导报记者于冬发自北京 “尽管金融危机的‘震中’也许位于发达国家，但伦敦峰会让我们清楚地看到，如果没有发展中国家的参与，克服危机无从谈起。”5月19日上午10时许，巴西总统卢拉雄辩的调门响彻中国社会科学院礼堂的每一个角落。卢拉总统对资本主义的“反叛”立场一如既往，但与伦敦金融峰会上痛斥“蓝眼睛的白人惹起了危机”相比，言辞却温和了许多。卢拉总统此次访华恰逢6月15日将在俄罗斯举行的上海合作组织与“金砖四国”峰会前夕，“金砖集团”的倡议自然备受关注。“铁嘴”抨击资本主义“对我来说，资本主义从来就不是一个抽象的概念。它是日常生活中真实而又具体的一部分。我的童年和许多来自贫穷家庭的男孩没有任何的不同：非正式的工作；非常少的正式教育。我惟一的文凭是机床操作员。”在会议举办方分发的材料中，卢拉总统介绍了他对资本主义最真实的理解。很难想像眼前这位神采奕奕的总统，几十年前却是一名来自社会最底层的“工厂男孩”。社科院一位与会的研究员告诉《国际先驱导报》，“在拉美左派领导人中，卢拉和委内瑞拉的查韦斯总统都以‘铁嘴’批判资本主义和美国而闻名，但不同的是卢拉说过之后，一定会付诸行动。”早在4月初卢拉总统就撰文呼吁发展中国家停止使用美元进行贸易，以减少进口国和出口国的开支。“将美元当作参照货币并给某一个国家印制这种货币的权力，这种情况实在荒谬。”如今，卢拉总统的提议正逐渐变成现实。英国《金融时报》5月19日透露，中巴“双方已开始商谈设立一个新体系，让中国和巴西用自己的货币进行贸易，而不是美元”。层层推进巴西大国梦无疑，中巴抛开美元直接进行贸易符合双方的利益。今年4月，中国首次超过美国成为巴西第一大贸易伙伴，作为富有活力和经济互补性很强的两个大国，中巴在包括能源、航空、旅游和矿产开发等领域的合作持续加强。中国人民银行的吉女士向《国际先驱导报》介绍说，“中国同巴西的经济关系发展迅速，相比之下，几年前我们单位绝对不会受邀出席这种类型的演讲会议。”环顾四周，记者发现会场早已坐满了各界人士，有穿着严肃的政府官员、态度和蔼的学界人士、衣着考究的商业精英，以及后排忙碌的新闻工作者，足有四五百人。窥一斑而见全豹，中巴关系已经进入了一个战略合作的新时代。但是，卢拉总统的主张远不止于中巴双边之间。“新兴国家被动反应的时代一去不返了。像巴西和中国这样的国家应该更多地参与到诸如国际货币基金组织、世界银行和金砖四国等机构的决策过程之中。”卢拉总统在演讲中再次提及构建“金砖集团”的主张。其实，在巴西政府决策层中一直存在着“金砖集团”的政策构想。2003年，卢拉总统上台伊始就提出巴西、中国、俄罗斯、印度、南非五国对话机制，但最后只实现了俄印巴三国对话。巴西外交部长阿莫林多次撰文指出，“金砖集团”不仅是一个统一行动的经济组织，它还应是一个政治集团，通过这种整合的力量推动国际秩序的平等和民主，实现世界格局的重组。社科院拉美问题研究所巴西问题专家周志伟告诉《国际先驱导报》，卢拉政府近年来之所以不遗余力地推行“金砖集团”，是想借助四国的整体力量，巴西政府尤其看重中国的经济和政治影响力，以此融入到世界经济新秩序，甚至获得“入常”问题上的支持，从而进入国际政治规则的决策核心。西方不满“金砖集团”倡议“我们通过艰辛的劳动积累起2070亿美元的外汇储备，让我们免受产生于资本主义中心、威胁着全球经济结构的金融危机最糟糕的影响。”卢拉总统的看法引起了与会者的广泛支持。中国人民银行的吉女士不无感慨，“如今，穷人借钱给富人花。不但要承担各种借款风险，还要忍受对方苛刻的借款条件。”无疑，建立公正合理的国际经济新秩序势在必行，但西方世界对“金砖集团”却心怀芥蒂。新美国基金会政治学家帕拉格·康纳指出，“金砖四国”一词是高盛公司经济学家创造出来的，它并不是一个现实的同盟。四国的经济参差不齐，缺乏合作的经济和政治基础，“金砖四国”集团很不现实。英国广播公司认为，巴西领导人很想加强与“金砖四国”中其他国家的关系，进一步挑战美元的霸主地位。英国《金融时报》5月18日断言，“金砖四国”虽有一定实力，但还远不是一个“志同道合”的机制，无法形成共识与合力。《华尔街日报》则进一步分析称，除巴西有意借助中俄印的力量争取“入常”外，作为“金砖集团”成员的俄罗斯和印度也各有盘算：印度既想在“入常”问题上得到中俄巴三国的支持，又不愿因“金砖集团”而开罪西方；俄罗斯则因能源价格下降，外交底气不足，而欲借“金砖集团”组建没有西方影响的国家经济组织。对此，外交部发言人马朝旭19日表示，四国对话符合四国和国际社会的共同利益。这种对话与合作是透明开放的，不针对任何一方。【链接】金砖四国“金砖四国”（ＢＲＩＣ）包括巴西、俄罗斯、印度和中国。ＢＲＩＣ恰好是上述四国英文名称首字母缩写，因其发音类似“砖块”一词，故得名“金砖四国”。推荐《国际先驱导报》博客：http://blog.sina.com.cn/m/xqdb,7,1,0.8850148320198059
央行新一轮人事调整正在进行记者获悉，央行新一轮人事调整正在进行中。由于央行稳定局原局长张新已赴任央行上海总部任副主任，缺位的稳定局局长一职，可能由央行金融研究所所长宣昌能接任。宣昌能，1997年取得美国奥斯汀得克萨斯大学金融学博士学位，原任央行金融研究所所长。2008年进入央行，此前曾担任JC弗劳尔斯投资公司董事总经理、建设银行董事会秘书、中国证监会规划委委员和机构监管部副主任，及摩根大通银行衍生产品研究部的高级分析师等职。另外，前驻IMF中国执行董事葛华勇就任央行党委组织部部长、人事司司长。新的人士调增还包括，央行国际司司长金琦已出任办公厅主任，中国外汇交易中心总裁谢多已出任国际司司长，中国金融出版社社长林铁钢出任央行天津分行行长。记者 高博,7,1,0.7159642577171326
上海人大常委会表决通过撤销南汇区决定本报讯(通讯员 任达) 昨天，市十三届人大常委会举行第十一次会议，审议并表决通过市人大常委会关于撤销南汇区、将其行政区域并入浦东新区若干问题的决定，为积极稳妥地做好该项工作提供了法制保障。市人大常委会主任刘云耕主持会议。会议听取了市人大常委会人事代表工委副主任张爱民所作的市人大常委会关于撤销南汇区、将其行政区域并入浦东新区若干问题的决定(草案)的说明，经分组审议后由全体会议表决通过该决定。刘云耕指出，要加强指导与帮助，确保浦东新区换届选举工作规范有序顺利进行；发挥立法、监督等法定职能，继续做好服务浦东开发开放的各项工作，为浦东新区综合配套改革试点工作和建设“两个中心”作出积极的贡献。市人大常委会副主任陈豪、周禹鹏、胡炜、王培生、杨定华、蔡达峰、郑惠强出席会议。副市长赵雯，各区县人大常委会负责人，市人大各部门负责人，市政府有关部门负责人和部分人大代表列席会议。经国务院批准，撤销上海市南汇区，将其行政区域并入上海市浦东新区。为了积极稳妥地做好南汇区行政区域并入浦东新区的有关工作，根据《中华人民共和国全国人民代表大会和地方各级人民代表大会选举法》、《中华人民共和国地方各级人民代表大会和地方各级人民政府组织法》的规定，上海市第十三届人民代表大会常务委员会第十一次会议决定：一、成立浦东新区第四届人民代表大会筹备组，负责筹备浦东新区第四届人民代表大会的有关事宜，主持浦东新区第四届人民代表大会代表的选举，召集浦东新区第四届人民代表大会第一次会议。浦东新区第四届人民代表大会筹备组下设代表资格审查委员会，审查浦东新区第四届人民代表大会代表的选举是否符合法律规定，并报筹备组公布代表名单。二、浦东新区第四届人民代表大会代表名额为450名。三、浦东新区第四届人民代表大会常务委员会组成人员名额为35名。四、浦东新区第四届人民代表大会常务委员会组成人员，区长、副区长，区人民法院院长、区人民检察院检察长由浦东新区第四届人民代表大会第一次会议依法选举产生。行政区划调整后的浦东新区人民政府其他组成人员、区人民法院审判人员、区人民检察院检察人员由浦东新区第四届人民代表大会常务委员会依法任免。五、浦东新区和南汇区第三届人民代表大会常务委员会以及人民政府、人民法院、人民检察院行使职权至浦东新区新的区人民代表大会常务委员会组成人员及区长、副区长，区人民法院院长、区人民检察院检察长产生为止。六、原南汇区选举产生的上海市第十三届人民代表大会代表的选举单位改为浦东新区人民代表大会。七、原南汇区所辖镇的人民代表大会代表资格继续有效，镇人民代表大会的届次不变，区属名称随行政区划的调整而作相应的调整。八、浦东新区第四届人民代表大会任期至2012年上海市的区、县人民代表大会换届为止。,7,4,0.5209195613861084
我国科学家培育出世界首个猪干细胞人民网科技北京6月3日电 (记者赵永新) 我国科学家在世界上首次把来自猪的体细胞(不是精细胞或卵细胞的细胞)诱导转变成多能干细胞——这种细胞就像胚胎干细胞一样，有能力发育成身体中的任何类型的细胞。这也是全世界首次使用有蹄类动物的体细胞培育出多能干细胞，可能为建立人类遗传病模型、培育供人类器官移植的转基因动物以及开发耐受猪流感等疾病的猪开创一条道路。这项研究是中科院新创刊的《分子细胞生物学报》今天在网上发表的第一篇研究论文。该杂志主编李党生教授评论该研究时说：“这项研究非常令人激动，因为它代表了培育有蹄类物种的多能干细胞的首次严格证明，这将为培育出精确的转基因动物用于研究、治疗和农业用途提供的机会。”该成果是中科院上海生物化学与细胞生物学研究所的肖磊博士带领干细胞研究组完成的。他说：“迄今为止，科学家在利用早期胚胎培育有蹄类动物的多能胚胎干细胞方面做了很多努力，但是没有成功。这是世界首次培育出有蹄类动物的多能干细胞。因此，这项研究是全新的、非常重要，而且对于人类和动物健康有许多应用。”肖磊及其同事通过使用转录因子重编程了来自一头猪的耳朵和骨髓的细胞，从而成功培育出诱导多能干细胞。通过一种病毒把这些重编程因子的混合物引入细胞中，这些细胞发生了变化并在实验室中发育成了胚胎样干细胞。进一步的测试证明了它们确实有能力分化成胚胎的三层(内胚层、中胚层和外胚层)的细胞类型——这是所有胚胎干细胞都具有的能力。从成功培育出诱导多能干细胞(iPS细胞)获得的信息意味着科学家继续培育来自猪或其他有蹄类动物胚胎的胚胎干细胞(ES细胞)将变得更加容易。肖磊说：“猪的多能干细胞有许多用途，诸如准确改造用于器官移植治疗的转基因动物。猪在形态和功能方面与人类相当类似，而且器官尺寸与人类器官在很大程度上类似。我们可以使用胚胎干细胞或诱导干细胞修改猪的与免疫有关的基因，从而让猪的器官与人类免疫系统兼容。然后我们可以使用这些猪作为器官供体为患者提供器官，而不会引发来自患者自身免疫系统的有害反应。”“猪多能干细胞系还可以用于建立人类遗传病的模型。许多人类疾病，诸如糖尿病，是由基因表达障碍造成的。我们可以修改干细胞中的猪的基因，并培育出携带同样基因障碍的猪，从而让它们具有和人类患者类似的症状。然后就有可能使用这种猪模型开发治疗这种疾病的疗法。他举例说，为了应对猪流感，可以培育出一种准确的转基因猪，从而改善它对这种疾病的耐性。我们首先可以找到一种具有抗猪流感活动或者抑制猪流感病毒增殖的基因；然后，可以把这种基因通过多能干细胞引入到猪的体内——这个过程被称为基因”敲入“，从而实现这一目标。另外，由于猪流感病毒需要与猪细胞膜上的一个受体结合才能进入细胞并进行增殖，我们可以通过对猪诱导多能干细胞进行基因打靶从而敲出这一受体。如果这个受体消失了，这种病毒也就不会感染猪了。此外，肖磊说他的发现可以用于改善畜牧业，不仅可以让猪更健康，而且还通过修改与生长有关的基因以改变和改善猪生长的方式，从而改善畜牧业。他的研究的下一阶段是使用猪iPS细胞产生转基因猪，从而为患者提供器官，改善猪的品种或用于疾病耐受能力。这些经过修改的动物可以是”敲入“的猪，即使用iPS细胞或ES细胞把一段额外的遗传物质(诸如一段人类DNA)转移给猪的基因组，或者是”敲除“的猪，即用这种技术阻止一个特定基因发挥作用。不过，肖磊强调说，潜在的医学应用可能还需要数年时间才能投入临床使用。,7,9,0.9896435737609863
手机实名制法律规范正待国务院审批“我经常会接到一些莫名其妙的短信，有的是骚扰的，有的是诈骗的，很烦。虽然我没有受骗，但我周围有不少朋友受骗。”——广东省政协委员汤镇业“鉴于实施移动电话用户实名登记制度涉及到整个移动网上的所有用户，在某一省区市实施管制政策难以奏效，一旦国家颁布实施后我局将联合有关部门积极推进该项工作。”     ——广东省通讯管理局信息时报讯 (记者 夏令 通讯员 张其明) 今年省两会期间，来自香港的广东省政协委员汤镇业提交提案，建议对手机卡销售采取实名登记制度，以遏制“信骚扰”、“信诈骗”。近日，广东省通信管理局等答复表示，工业和信息化部已会同公安部、国务院新闻办等有关部门联合制定手机实名登记制度的法律规范，正在等待国务院审批。汤镇业：朋友被短信骗到今年省两会期间，汤镇业向省政协提交了《手机实名制可治“信骚扰”》提案。提案指出，一些不法分子经常假冒银行或银联、甚至公安部门特服电话发送违法短信进行诈骗或敲诈勒索公私财物，或者散布淫秽、色情、赌博、暴力、凶杀、恐怖内容，还有的不法分子发布假中奖、假婚介、假招聘，或者引诱、介绍他人卖淫嫖娼的信息。“我经常会接到一些莫名其妙的短信，有的是骚扰的，有的是诈骗的，很烦。虽然我没有受骗，但我周围有不少朋友受骗。”两会期间，他接受记者采访时说。通管局：正制定相关法律广东省公安厅在会办意见中表示，近年来，不法分子利用手机群发短信、打电话等方式实施的违法犯罪活动逐渐增多。截至4月底，全省共破获电话诈骗案件468起，打掉电话诈骗犯罪团伙46个，抓获电话诈骗犯罪嫌疑人323名，缴获赃款245万元、冻结涉案资金940万元等。公安厅建议通信管理部门实行手机卡销售实名制。对此，广东省通讯管理局已向上级主管部门提出相关建议并得到认同。“鉴于实施移动电话用户实名登记制度涉及到整个移动网上的所有用户，在某一省区市实施管制政策难以奏效。”该局透露，工业和信息化部已会同公安部、国务院新闻办等有关部门联合制定了法律规范，正在等待国务院审批。“一旦国家颁布实施后我局将联合有关部门积极推进该项工作。”,7,8,0.49212944507598877
国土部调查地方商品房地价求证“推高房价说”_国土部调查商品房地价国家统计局对40个重点城市商品住宅开发费用构成的调查，预计于本月中旬结束土地成本在房价中到底占多高比例，国土资源部正在进行的一项商品房项目用地地价调查，或许能够为外界揭开真相。CBN记者获悉，国土部近期已经向地方下发“国土资电发(2009)34号地价调查表”，要求地方填报具体的房地产项目土地出让价款，以及房屋售价等。这也是继国家统计局摸底房地产开发费用，和北京调研3000家房地产开发企业土地开发详情之后，又一部委对房地产项目用地情况展开调查研究。这也显示，在今年全国“两会”后，中央部委和地方对房地产开发成本问题开始加大关注力度。调查尚未结束根据这份调查表，各省市需要详尽填写房地产项目的名称、开发企业、开发类型(普通商品住房、高档公寓、别墅等)，土地面积、土地取得方式(协议或者招拍挂)以及容积率等指标数据。在土地出让价款一项，需要填报的是项目用地出让时，以建筑面积核算的土地成交单价，即楼面地价；而房屋售价则统一以开盘时的价格为准，取其楼盘均价。此次调查的对象为各地2006年以来取得土地且已进入销售阶段(包括已售完)的商品房开发项目。不过，此项调查并非针对全部房地产开发项目，而是为抽样调查，即按照各项目区位(城市中心区、边缘区、过渡区)选取若干项目进行调查，每区位样点数不得少于2个。对于上述地价调查，一位权威人士对CBN记者透露，这项工作早晚得做，现在也需要做。但他并未透露开展此调查的目的，并表示因调查工作还没有结束，目前尚无法得出某种结论。来自中国土地勘测规划院地价所的田彦军一直关注地价和房价的关系，并且始终不认同“招拍挂抬高地价，进而导致房价攀升”的论调。他以2002年至2006年为例，指出这五年中新建商品住宅价格增幅多年保持较高水平，全国商品房价格同比增幅分别为3.69%、4.84%、17.76%、14.04%和6.79%，2006年商品房均价达到3383元/平方米；而同期地价水平(楼面地价)增幅为4.39%、4.68%、6.08%、4.20%和5.19%，2006年平均楼面地价水平仅为934元/平方米。“自2001年经营性用地出让实施招拍挂制度以来，土地交易价格同步提升的事实客观存在，但地价同比增幅相对稳定且均低于同期商品房价格增幅，商品房价格偏离地价水平越来越远。”田彦军表示。中央地方共查房地产成本房价偏高的现实和开发商暴利的可能，导致了社会对房地产行业成本的高度关注，但就像素有业界“大炮”之称的任志强所言，开发商的成本怎肯轻易对外界公开。今年全国两会期间，全国工商联曾递交了一份名为《我国房价为何居高不下》的大会发言，称一项调查显示房地产项目开发中，土地成本占直接成本比例最高，达到58.2%。此报告直指地方政府为房地产业十年高速发展最大的受益方。这一被外界看来具有明显倾向色彩的报告引来众多争论，甚至有地方政府表态，将公布相关数据予以反驳，但截至目前尚无下文。不过，中央层面对房价成本问题的关注却在加大。除国土部的地价调查外，近期国家统计局也已下发通知，将对40个重点城市范围内的商品住宅开发费用构成进行专项调查，以弄清房地产开发项目费用的支出结构。根据该通知，此项调查应该于本月中旬结束。田彦军认为，为了破除地价推高房价的“误解”，应该及时向公众公布每一个在售商品楼盘的土地价格及该宗地价占房价的比例，赋予消费者应有的知情权，保障社会各方了解并参与房地产市场调控。“房价、地价对照公示，可以凸显开发商行业的暴利。公众可以据此直接了解房价、地价水平，进而根据社会平均建安成本测算开发商利润。”田彦军称，此举也可以进一步挤压房地产开发利润，使其向社会平均利润靠拢。据悉，在2005年，建设部门曾下发《房地产市场信息系统建设工作纲要》，要求各地房地产主管部门逐步建立完整的房地产信息采集、分类、统计和分析系统，将一些基本的市场信息向社会发布，并提供公开查询功能，但此后进展并不顺利，未能达到政策预期。田彦军认为，房地产开发商为维护其开发暴利，将成本视为商业机密，掩盖了其高利润的真相。而社会公众往往仅能依据一些立场性较强的行业机构发布的信息做出误判，很难做到明白消费。此外，个别专业机构的不实宣传，客观上误导了购房者非理性购房，也对房价快速上涨起到了推波助澜的作用。刘展超,7,4,0.9903764128684998
南非媒体称中国公民可免签入境中新网6月19日电 据南非《华侨新闻报》报道，南非当地媒体Travel Daily News于6月11日报导南非政府将对中国公民提供免签证的优惠，记者经过多方查访，一直无法从南非官方与相关业者获得肯定的答案，不但移民局与内政部自己都不太清楚，而且相关业者也尚未获得这方面的信息，这个消息似乎还需要进一步的确认，到目前为止，最值得信任的消息似乎是内政部长所宣布的活动签证，中国公民究竟是否可以免签入境南非，似乎还是一个未知数。日前，该报曾就南非推出个人旅游签证，允许中国游客以个人名义赴南非旅游一事进行过报导。很多华人读者十分关心，纷纷来电询问相关情况，并对有传闻世界杯期间南非内政部会向前来观看比赛的球迷发放特别签证一事表示关心，该报于是对相关问题进行了近一步的了解。就南非联合会杯及世界杯举办期间球迷特别签证问题，南非内政部长Nkosazana Dlamini-Zuma日前表示，在联合会杯足球赛举办期间，政府将会试运行一种特别签证——Event Visa(活动签证)，便于各国球迷更为快速有效地前来南非观看比赛。南非计划在2010年世界杯期间正式发行此类签证，本届联合会杯也可看作是其试验阶段。联合会杯比赛期间，活动签证只在埃及试行，即只有埃及球迷有资格申请此签证前来南非。如果试行顺利，此活动签证将在2010年世界杯期间开放给各国球迷使用。此次申请签证的埃及球迷只要出示所持的门票，证明自己是为观看联合会杯比赛而前往南非即可。不同于申请普通旅行签证需时4到7个工作日，活动签证的办理只要很短时间，按Dlamini-Zuma部长的说法，球迷们“几乎立刻”就可以拿到签证，并且，该签证的申请是免费的。持有活动签证的球迷可以在出境南非时即接受检查以缩短出关时间，在入境南非时，机场也设专门通道供持有特殊签证的球迷接受检查。(何华),7,5,0.8563554286956787
金庸将于月底正式加入中国作协本报讯 (记者吴波) 记者昨日从中国作协获悉，金庸或将在月底正式加入中国作协。据介绍，中国作家协会2009年度会员发展工作从2月份启动，经各文学门类专家咨询及征求团体会员推荐意见，中国作协书记处于6月17日进行审议，拟发展新会员409名，著名香港作家金庸也名列其中，本次进入公示名单的女性作家比例比往年有提高。记者了解到，审议完成后，409名有资格加入中作协的作家名单还将公示一个星期，时间为：2009年6月18日至2009年6月24日。中作协表示，如果公示名单中有涉嫌抄袭他人作品者，可公示期间举报。举报时需提供：侵权者姓名、侵权作品名称、侵权作品首次发表的报刊或出版社名称、被侵权者姓名、被侵权作品名称、被侵权作品首次发表报刊或出版社名称，以及侵权作品与被侵权作品的雷同内容等。记者了解到，本次进入公示名单的香港、澳门作家共7人，香港：张思鉴(张诗剑)、周密密(周蜜蜜，女)、查良镛(金庸)、蔡益怀。澳门：吴志良、李观鼎、廖子馨(女)。而广东作家列入发展公示名单的共17人，分别是：卢锡铭、刘美松、孙丽生、何霖(布依族)、吴淑平、张吉刚、张煌新、李容焕、陈玉春(女)、陈雪、周铁株、於文喜、林渊液(小隐娘，女)、郑集思、赵小敏(女)、黄萍(女)、滕叙兖(老藤)。,7,2,0.7354451417922974
商务部建议国务院放宽外商房地产投资外商直接投资(FDI)已经连续7个月负增长了。《华夏时报》记者从商务部独家获悉，一份关于稳定外商投资的包含42条具体建议的建议书已经由商务部提交至国务院。其中较大的调整政策包括将对外商投资中国房地产业松绑：商务部建议联合外管局，对外商投资房地产企业外汇登记手续进行简化和适当放宽。如果这项意见得以实施，外商投资房地产将获更多便利。 据华夏时报,7,4,0.6914684772491455
北京下月起上调工伤护理费本报讯 (记者温薷)下月1日起，完全丧失劳动能力工伤人员护理费将上调，最高调整额度达202.13元，凡在去年12月31日前享受生活护理费待遇的工伤人员皆在此次调整之列。北京市人力资源和社会保障局通告表示，北京市现已根据最新公布的2008年全市职工平均工资，确定了对今年工伤人员护理费的调整标准，生活完全不能自理的护理费标准调整数额最高，与目前正在执行的每月1661元相比，直涨202.13元。其他两种情况的调整数额依次为171.5元、120.88元。新标准拟从今年7月1日起执行。■ 具体标准伤后情况 调整后金额生活完全不能自理 1863.13元/月生活大部分不能自理 1490.5元/月生活部分不能自理 1117.88元/月,7,1,0.43727123737335205
国土部：18亿亩耕地红线推涨房价说法无根据本报讯 (记者柳志卿) 对于近来有专家称保护耕地红线的政策推涨了房价，国土资源部在昨天的发布会上对此作出回应说，此说法毫无根据。鹿心社说，地价是影响房价的重要因素之一，但不是决定因素。决定房价的关键因素或者根本因素是供求关系。针对前一时期有的专家认为由于“守红线”，土地偏紧、地价偏高，影响房价，国土资源部做了系统调查。调查东部、中部、西部不同类型620个房地产开发项目的结果表明，目前在我国，地价占房价的15%至30%，平均是23.2%。与国际水平做了大致的比较，美国是28%，加拿大是24%，英国是25%至38%，韩国是50%至65%，日本是60%至75%，新加坡是55%至60%，我国的这个比例远低于邻国。一般说来，一个国家或者一个地区的土地资源越紧缺，地价占房价的比例就越高。从我国的地价水平看，说保18亿亩耕地红线推涨了房价，没有根据，也没有道理。,7,4,0.9929189085960388
商务部否认柬埔寨对我国援建办公楼不满意据新华社电 近期有媒体报道称柬埔寨首相洪森对我国政府援建的政府办公楼不满意，已下令另建一座新首相府。商务部有关负责人24日表示，该报道与实际情况严重不符，柬政府从未对我援建大楼表示任何不满。这位负责人表示，柬政府正在建设的是一座国际会议中心，而非新首相府，目的是为满足其国内召开国际会议的需要。中国援建柬埔寨的政府办公大楼自今年3月6日投入使用以来，运转良好，得到柬方高度评价。据悉，柬埔寨政府办公大楼是中、柬两国商定的重大合作项目之一。该项目全部建筑方案和装修等设计内容经中方设计人员与柬方反复沟通，并经柬政府签字认可。整个大楼融合了柬埔寨高棉传统文化艺术，体现吴哥式的建筑风格。目前，柬政府1000余名官员在内办公。,7,4,0.8659689426422119
香港富豪人数减少61.3%创历史最大跌幅也就一年的时间，全球富豪此前两年所累积的财富化为乌有。6月25日，美林全球财富管理与凯捷顾问公司发布的《全球财富报告》显示，至2008年底，全球的富豪(即拥有100万美元以上净资产人士)的财富总额下降了19.5%，跌至32.8兆美元，人数则减少了14.9%至860万人。而超级富豪(即拥有3000万美元净资产人士)的人数则下跌了24.6%。跌幅是空前的，全球富豪的人数与财富均跌至2005年底的水平以下，这意味着2006年与2007年累积增长的财富已全部蒸发。其中，中国的富豪人数在2008年底达到36.4万人，比2007年下跌了11.8%，但是排名却上升了一位，超越英国成为全球第四大富人集中地。而香港的富豪人数下降了61.3%至3.7万人，创下该排行榜有史以来最大的跌幅。美林全球财富管理大中华区董事总经理刘昌欣对本报记者表示，中国富豪的具体分布情况有待拿到更详尽的数据才能作出分析，该数据将在今年9月份公布，“中国是去年全球经济的一个亮点，强劲的增长使该地区富裕人士数量不会像一些市场那样大幅下跌。”香港财富集中地在股市香港富豪的数量下跌如此之大，美林的报告认为，原因在于香港拥有的股市市值与名义GDP的比率已达到极高的5.76，意味着香港特别容易受到股市下跌的影响，2008年香港股市市值下跌了49.9%。相比之下，该比率在新加坡仅为1.49，在美国则只有0.83。另外，香港原来的富豪中大部分属于100万－500万美元的财富级别，其中大部分人因为去年的损失而跌出了100万美元的门槛。刘昌欣说，香港的部分富豪所持有的股票比例越高，则受到的影响越大。去年香港市场上不少富裕人士因为累计期权(Accumulator)产品而损失惨重。“使用金融工具赚钱，就像是吃饭时可以用筷子，也可以用刀叉，只要市场有需求，产品就会存在。”刘昌欣说，今年以来资本市场整体复苏，除了原来已经投资的富裕人士会受惠之外，也会制造出更多的富裕人士。美林预计在2013年底全球富裕人士的财富将增长至48.5兆美元，年增8.1%。北美与亚太地区将随着美国消费支出增加以及中国经济的动力和自主发展，带领财富增长。而亚太地区也有望在2013年成为全球最大的富裕人士集中地。刘昌欣估计，从目前的趋势来看，到2013年中国富裕人士的数目可能会超过北美市场。根据统计，2008年底全球富裕人士最多的国家前三名分别为美国、日本和德国，占2008年全球富裕人士总数的54%。短期内继续保守投资策略美林全球财富管理亚太区投资策略师Stephen Corry对记者表示，去年全球富裕人士以资本保值为主，而非高回报投资。所以大部分富豪减少对股票的配置，转而增加了以现金为主的投资，并把资产转移到楼市。调查显示，2008年全球富豪们的股票投资由33%降至25%。根据美林的数据，去年全球股市市值暴跌接近50%，降至1999年的水平，尤其是9月份之后全球股市同时重挫，其中美洲下跌42.9%，亚太地区下降53/5%，欧洲、中东和非洲地区的跌幅也达到51%。而中国股市在之前的年度上涨了291%之后，更下挫了60.3%。由于传统的股市分散投资策略不奏效，因此全球投资者纷纷转入固定收益市场，目的在于保障资本，而非赚取回报。因此，固定收益投资占全球富豪的投资组合的比例在去年底达29%，高出2007年2%。结果美国国库券在2008年的表现超越其他所有的债券，以总回报来看上涨了13.9%。同时，由于对复杂的投资产品心有余悸，全球流进货币市场基金的金额高达4550亿美元以上，导致富裕人士的现金或存款大幅增加，占整个投资组合的比例从17%升至21%。比如，亚洲除日本以外的其他国家，富豪们持有现金类资产的比例高达26%，而在2007年这一比例只有5%。此外，物业投资占富豪的净资产比例从14%升至18%，因为富豪有寻找低价房的趋势，特别是在商业不动产与新建房市场，以及住宅物业。此外，规避通胀风险可能也是刺激富豪购置房产的另一大因素。2008年，豪宅的价格跌至2003－2004年的水平，也刺激了不少富豪购置。尽管短期内仍然是保守投资策略当道，不过，Stephen Corry预计，未来富豪们的投资趋势将会改变，至2010年富豪们持股票的比例将增加至28%，而物业方面的投资则会减少至15%。记者 谭璐,7,1,0.9684683084487915
国际奥委会满意北京奥运会空气质量据新华社电 针对近来某些国外媒体对“北京奥运会空气污染最严重”的报道，国际奥委会新闻委员会主席高斯帕昨天接受新华社记者采访时认为这个说法“很无趣”，并认为北京奥运会的空气质量没有问题。英国《每日电讯报》22日的报道称，美国俄勒冈州立大学和北京大学科学家联合进行的研究结果表明，2008年北京奥运会的空气污染程度是历届奥运会最高的，甚至达到悉尼奥运会的3.5倍，运动员和观众都处于危险级别的烟尘中。正在伦敦参加2012年奥运会第一次世界媒体大会的高斯帕在听到这个消息后，第一个反应就是：“这个数据没什么意思。”他接着条理清楚地解释说：“首先，奥运会已经结束快一年了，北京奥运会是最成功的一届奥运会，这是记录在案的。第二点，北京奥运会时，国际奥委会一直在跟环境保护权威机构密切合作，毫无疑问他们对北京奥运会的空气观测手段和空气质量都非常满意。第三，我没见到北京的空气质量给任何运动员或游客造成麻烦，我们也没有听过任何选手或其他人抱怨空气质量。”高斯帕说：“最后我再重复一遍，北京奥运会是我去过的最伟大奥运会。我个人总是乐意去北京的。”相关阅读：北京奥运盈利超10亿支出小于雅典审计称北京奥运会志愿者每人每天平均只花费10元审计署公告称北京奥运会收支结余超10亿,7,9,0.7526847124099731
江苏盐城大面积死鱼与天气水质有关(图)中新网盐城7月3日电 (于从文 童盛) 记者今天从江苏盐城射阳县政府办获悉，六月三十日晚盐城市新洋港大面积死鱼的原因已排除人为因素，而是与天气闷热、水质环境变差有关。六月三十日晚七时左右，江苏省盐城市新洋港河亭湖区黄尖镇段和射阳县洋马镇段十余公里河道共六千五百网箱鲢鱼、鲤鱼突然死亡。事发后，当地养殖户迫切要求有关部门调查鱼的死因。当时针对死鱼的原因，渔民们众说纷纭，或说夏季水温变化和河道浮游植物过多，水质富氧化严重，更多的说法则是上游企业暗自排污污染河道，使鱼中毒而亡。射阳县政府办周金德副主任在接受采访时表示，目前水样检测结果已经出来，水里并没有污染源物。鱼大面积死亡的主要原因是天气闷热，水质中的溶氧量偏低，且网箱养殖密度比较大。另外，六月二十八日、二十九日连降暴雨，而当地正处于农作物施肥期，导致部分含氮肥料流入河水中，使得氨氮有所超标。由于发生死鱼的水域水体已经发臭，影响到下游乡镇居民取水，下游所在地政府已经对饮用水源做了提前准备，进水的管道内的余水全部清理干净，自来水厂也能保证正常供水。,7,9,0.8686606287956238
数学家吴文俊等十位归侨侨眷当选侨界十杰中新网北京七月十四日电 (记者 王海波 张冬冬) 年届九十的中国科学院数学与系统科学研究院研究员、中国科学院院士、世界著名数学家吴文俊在十四日开幕的“第八次全国归侨侨眷代表大会”上当选“侨界十杰”。同时被中华全国归国华侨联合会、国务院侨务办公室授予“侨界十杰”荣誉称号的还有：神华集团有限公司总经理张玉卓，广东韶关钢铁集团有限公司主任工程师、高级技师罗东元，北京华腾东光科技发展有限公司高级工程师罗益锋，中国科学院海洋研究所研究员郑守仪，吉林大学汽车学院教授郭孔辉，国家体育总局体操中心副主任、国家级教练黄玉斌，海南省农垦总局副局长、南田农场场长彭隆荣，福建省光学技术研究所高级工程师赖爱光，中国航空工业集团公司北京航空材料研究院高级顾问颜鸣皋。此外，二十人被授予“全国侨界十杰”提名奖，九百六十人获全国归侨侨眷先进个人荣誉称号。胡锦涛、吴邦国、温家宝、贾庆林、李长春、习近平、李克强、贺国强、周永康等领导人为“侨界十杰”颁发荣誉证书。(完),7,9,0.7018687129020691
住建部：严格执行个人房贷政策稳定房价据新华社电 住房城乡建设部有关负责人15日表示，目前房地产市场稳步回升，今后将着力稳定市场信心和预期，稳定房地产投资，促进房地产市场稳定健康发展。企业资金压力进一步减缓住建部认为，房地产市场总体上保持了3月份以来的回升态势，市场消费信心逐步增强，商品住房成交量稳步回升，投资增幅下滑的趋势有所缓解，企业资金压力进一步减缓，住房价格稳中回升。住建部有关负责人表示，将采取三方面具体措施，促进房地产市场稳定健康发展。增土地供应引导加快投资一是加强监督管理，确保完成今年保障性安居工程工作任务。二是继续稳定房地产投资，加大对中低价位、中小套型普通商品住房建设和新项目的信贷支持力度。三是继续加强房地产市场监测分析，重点加强对北京、上海、深圳、广州、杭州等房地产市场新情况和新问题的分析和指导，督促其加强供需双向调节，增加土地供应、引导开发企业加快投资建设，严格执行个人购房贷款政策，合理调节住房需求，着力稳定房价。上半年房市数据住房成交量全国新建商品住房销售3.15亿平方米，同比增33.4%。北京同比增幅高达142.2%。开发投资全国房地产开发投资14505亿元，同比增9.9%；增幅比一季度提高5.8个百分点。住房价格6月，70个大中城市新建商品房价同比下降0.6%，降幅比上月减少0.7个百分点；月环比上涨0.8%，涨幅比上月提高0.1个百分点。相关新闻上半年房产税收增20.7%本报讯 (记者鲍颖)记者昨日从财政部获悉，在今年上半年全国税收整体下降的情况下，1至6月，房产税收入仍然同比增长20.7%，完成425.62亿元。财政部分析称，房产税收入快速增长的原因，一是城镇房屋保有量持续增加，二是全国房屋租赁的平均价格有所上涨。此外，土地相关税收持续较快增长。1至6月，城镇土地使用税、土地增值税和耕地占用税三个税种实现收入1144.84亿元，分别同比增长17.6%、9.8%和135%。以上三个税种收入增加表明，纳税人占用的土地面积、销售房屋增值收益、占用的耕地面积均有所增加。,7,4,0.69814133644104
美能源部长朱棣文清华演讲 杨振宁夫妇旁听本报讯（记者柳志卿）美国能源部长朱棣文昨天上午在清华大学发表主题为《应对能源与气候变化的挑战：两个国家的故事》的演讲。80分钟，朱棣文几乎一气呵成。他的讲座和科学家的特质相像，严谨、用数据和事实说话。父母均是清华人诺贝尔物理学奖获得者、美国能源部部长、华裔，朱棣文的三重身份吸引了大批清华学子，诺奖得主杨振宁和夫人也到场旁听捧场，能容纳三百人的报告厅座无虚席，过道都站满了慕名前来的同学。11点，朱棣文准时现身，尽管天气炎热，他仍然正装穿扮，白色衬衫、深色西装、深色领带。朱棣文和清华渊源颇深，他的父母均毕业于清华大学。演讲一开始，朱棣文提起了这段往事，“我的父母早年是在清华毕业的，今天我能在这里演讲，感到骄傲和自豪。”简练地说完后，他便进入了演讲的正题。建议中美加强合作能源危机、气候变暖、海平面上升、建筑节能设计、能源作物的种植，这位科学家部长的演讲带着浓浓的科学气息。演讲中，朱棣文的表情并不多，所展示的幻灯片大都是数据图表，科学家用数据和事实说话的特性展露无遗。他的演讲还提到了不少节能减排的新技术和新观点，例如他提到把屋顶都漆成白色，可以有效地反射太阳辐射热量，降低温室效应。他建议中美在节能减排上加强技术合作，共同应对气候变化。最后，朱棣文引用了美国民权运动领袖马丁·路德·金的一句名言强调应对气候变化的紧迫性：“我们现在面对着这样的事实——明天就是今天。当今形势异常紧迫，人类的历史长河中反复上演着这样一个悲剧，这就是太迟了。”中文不好全程英文虽然祖籍江苏太仓，父母毕业清华，但是朱棣文的中文并不好，他在学术场合和官方场合都用英文演讲。昨天也不例外，80分钟演讲，全程英文。最后，因为时间缘故，答问时间取消，让不少准备提问的同学十分失望。清华大学建筑系大三学生小毛说，朱的演讲感觉有点更像科学讲座，引用大量的数据和图表，论据观点都十分严谨，逻辑清晰，而趣味性相对差一些。朱棣文与另一位华裔美国商务部长骆家辉前天下午5点同机抵达北京，开始他们为期三天的访华之旅。两位华裔部长联袂访华，在中美关系史上尚属首次。,7,9,0.8759148716926575
最高法：严格审查退房案件本报讯 (记者李静睿)最高人民法院昨日发布《关于当前形势下进一步做好房地产纠纷案件审判工作的指导意见》，妥善审理房地产连锁纠纷案件成为《意见》的指导重点。根据《意见》，法院在审理因房地产企业资金困难引发的连锁纠纷案件中，力争通过案件审判盘活现有的存量资金，实现当事人双赢、多赢的结果。调解不成的，根据当事人的偿付能力和对方的资金需求，确定还款期限、还款方式，最大限度避免连锁案件引发群体事件。对于房地产开发商确因资金暂时困难未按时交付房屋的，要多做双方当事人的调解工作，确无调解可能的案件，可以根据案件的具体情况，依法合理调整违约金数额，公平解决违约责任问题；对于买受人请求解除商品房合同纠纷案件，要严格依法审查，对不符合解除条件的不能解除。要引导当事人理性面对市场经营风险，共同维护诚信的市场交易秩序。■ 背景房产纠纷案同比增一成最高院民一庭表示，房地产纠纷案成为国际金融危机影响下增幅最快的案件类型之一。今年1－6月份，全国法院受理房地产民事案件67294件，同比上升10.58%。出现退地潮、停建潮、断供潮、退房潮。民一庭分析称，房地产案件在数量大幅增加的同时，疑难复杂类型案件显著增多。此外，由于此前商品房价格严重下跌，买受人请求解除商品房买卖合同纠纷案件大幅上升。本报记者 李静睿相关阅读：,7,4,0.6089345216751099
"住建部上海楼房倒塌具有极端个别性2009年7月23日(星期四)15时，住房城乡建设部工程质量安全监管司司长陈重和副司长吴慧娟接受中国政府网专访，就“切实做好检查工作 确保在建住宅工程质量”与网友在线交流。[网友 云天]上海""莲花河畔景苑""住宅楼房倒塌事故不禁让人担心老百姓将住进怎样质量的房屋，我想知道全国住宅工程质量到底怎样？ [陈重]质量就是我们的产品或者工作的优劣程度。比如建筑质量、工程质量、教学质量。优劣是相对来讲的，我想从几个方面来讲，因为大家关心我们的工程质量到底是个什么状况。首先，法规标准这么多年来不断健全。2000年我们建设工程质量管理条例、建设工程勘察设计管理条例出台。包括标准，从本世纪初形成了比较健全的标准体系，工程建设标准数以千计，国家标准、行业标准都有了。其次，大家可能也能亲身感受到，质量是产品、工作的优劣程度，优劣是相对的概念。比如说建筑材料的水平、施工技术的水平，我们可以用30年比较看看，比如说住宅，现代化的住宅小区，我们现在强调的是安全、经济、适用。总体发展趋势可以看到。同时还有一个量的概念，我有一个简单的数据，据有关资料统计，2008年全社会固定资产投资17.2万亿元，比上年增长了25.5%。全国城镇在施工地达到了35万个以上，在建的城镇房屋建筑面积47.4亿平方米。其中，有26.2亿平方米是住宅，因为房屋还有办公楼、商厦、体育建筑等。所以从量上来说，现在整个质量一直在不断提高，日趋规范，稳中有升。[主持人]还是上海这件事情出来之后，会有网友发出这样的感慨，但实际上这也是一个个案，它不能代表全国所有的住宅质量。[陈重]这个事情发生以后，我们很关注，首先关注的是抢险和采取措施。倒塌的是7号楼，4.6米深的基坑旁边还有6号楼及其他建好的楼房，它不是孤立的，所以首先是抢险。对于倒塌的判断，确实是建国以来还没有过这样的情况。应该说这是极端个别性。上海市政府公布，经过监测，6号楼稳定，在建的其余10栋楼安全状况稳定。也说明这个事是个很突然的事件。",7,4,0.8325481414794922
银监会重申二套房贷执行四成以上首付比例本报北京7月23日电 (记者欧阳洁) 银监会新闻发言人廖岷今天表示，银监会始终严格执行二套房贷的有关政策不动摇，坚决打击“假按揭、假首付、假房价”等行为。对二套房贷款业务中的各种违规问题，一经发现，将及时予以严肃处理。对购买首套普通自住房和人均住房面积低于当地水平，再申请贷款购买第二套用于改善居住条件的普通自住房的居民优惠政策不变，但绝不可延伸适用。对二套房贷款，银监会始终要求商业银行坚持执行40%及以上的首付比例，这一政策从未进行调整。,7,1,0.8314964175224304
部分城市楼价暴涨引高层关注 中央部署调研自6月份部分城市出现地王和房价暴涨，引起中央政府高度关注。中央高层领导就此要求相关部门监控好数据，着手调查这些问题。但就国务院召开的两次会议情况来看，各方就房地产问题争论激烈。目前，中央政府仍在研究阶段，维持回暖的全局政策尚未改变。但相关材料已转发各省，引起各地方政府的重视。7月9日、21日，国务院两次就房地产问题召开座谈会，以了解情况。7月9日，高层领导对6月以来出现的地王和房价提出疑问，同时也关心房地产投资、开竣工面积等先行指标情况。21日，国务院再次召开房地产形势座谈会。据内部人士透露，在座谈会上，各方意见分歧很大，难以统一。其中观点大致分为三种。部分学界人士认为应当立即进行调控，控制房价上涨。企业界人士认为，应当继续维持宽松的信贷环境，防止房地产投资再度下滑。房地产协会组织则持谨慎意见，认为，目前的问题是局部问题应当引起重视，但不应做全局性调整。由于各方意见分歧明显，目前全局性政策调整尚未开始。但各方统计的数据均显示，部分城市供需关系出现变化，房价有可能进一步上升。目前，相关会议材料已转发各省。7月9日会议之后，北京等城市已经开始采取措施。两份半官方机构的报告均将基本方向定调为“维持回暖态势，防止涨价蔓延”。(记者 姜洪桥)(来源：经济观察报)相关阅读：研究机构称上半年全国楼市恢复到两年前水平上海楼市成交量连续四个月快速上涨,7,4,0.8863219022750854
文化部叫停黑帮主题网络游戏“七月策划：国外六大黑帮类网页游戏人气推荐”。某个游戏网站7月21日挂出的这个黑色的标题，已经吸引了众多网友的浏览和跟帖。记者点击查阅发现，排在第五位的游戏《街头犯罪》的介绍相当“震撼”：“这是一款令人既兴奋而又特别容易上瘾的强盗类大型多人角色扮演的游戏。权力、金钱、赌场、暴力和贪婪在网民的游戏之旅中，起着重要作用。在赌场里赌博、为妓女拉皮条、贩毒，在游戏中都有体现。”在现实生活中，上述这些行为全都是犯罪行为。可是，在网络游戏这个虚拟世界中，这些行为却公然蔓延、横行。在所谓释放压力的背后，其实隐藏着很多危害。规范和治理这些网络“黑帮”游戏刻不容缓。“黑帮”游戏盛行危害不小风靡网络的一家社交网站，被指有“黑帮”游戏。由于记者不是这一网站的用户，无法登录核实，所以就致电该网站的一位用户查询。他介绍，网站中“教父”游戏的人物长相酷似马龙·白兰度，操作方式是扮大亨、杀手，与“土耳其老大”决斗等等。这种游戏火爆起来还是在近段时间。“不知道怎么就火了。大家口口相传，各大网站也相继推出类似游戏。跟‘种菜’、‘偷菜’之类的小儿科游戏比起来，‘黑帮’游戏显然惊险刺激多了，也更具真实感。”这位用户说。前段时间，某网站首页上为最新的游戏“江湖”进行高调推广。打开这个网页，关于“江湖”的游戏框就会蹦出来，告诉你这里可以“黑市买卖，家族火并，让男人做你的小弟，女人成为你的妞！”一位业内人士告诉记者，用黑帮游戏吸引用户的点子并非本土社交网站原创，国外早已有专门为社交网站打造的黑帮主题休闲视频游戏。他认为：“黑帮游戏很容易造成玩家沉迷。容易使人沉迷是社交网站最受诟病的地方，黑帮游戏的出现必将加重这一弊病。”文化部市场司综合执法办公室的一位工作人员今天向记者介绍，他们通过仔细调查发现，目前盛行在网络中的“黑帮”主题游戏，主要是以“黑帮”、“黑社会”、“黑手党”、“江湖”、“教父”、“古惑仔”等为题材，突出表现“黑社会”打、杀、抢、奸、骗等反社会行为，渲染血腥暴力，鼓动、教唆游戏用户在游戏中扮演“黑社会”成员，赞美“黑社会”生活，严重威胁、扭曲社会的法制和道德规范。时评专栏作者乔志峰指出，所谓的黑帮游戏，属于名副其实的“暴力文化”，很容易诱发暴力犯罪。社交网站的玩家尽管多为成年人，但基本上都属于年轻人，黑帮游戏不仅对现实生活中那些有暴力倾向的“危险者”起到了一定的引导和催化作用，甚至还会在潜移默化中把好人带坏———在网络上，道德约束是极其微弱的，暴力游戏会不断麻木玩家的神经，令他们对血腥暴力习以为常。长此以往，网络暴力就有转化成现实暴力的危险。他认为，以前暴力文化的传播渠道主要是书刊和影视节目，近年来随着网络的发展，网络和网络游戏渐成贩卖暴力文化的主渠道，腐蚀、毒害着广大青少年的心灵，令人深感痛心和忧虑。一位家长告诉记者，她上初中的孩子目前玩的网络游戏里都是抢车、抢地盘、偷东西、买卖人口等内容，打打杀杀的，个别画面和情节很低俗。孩子说这是最近流行的黑帮游戏，可以让玩家体验江湖拼杀，感受黑帮大哥的威风。作为家长她很担心，这种宣扬黑社会的暴力主题游戏，可能会对未成年人造成错误的引导。她认为，十几岁的孩子还没有成熟的判断能力，在公开的网络平台上肆意渲染所谓的“黑社会”，让孩子在当“黑社会成员”的过程中体验快乐，甚至将这当作一种英雄主义，对他们是潜在的精神危害，更可能会是一种犯罪的引导。记者注意到，一些中学生向小学生收取“保护费”的报道时常见诸报端。据调查，其中原因之一就是“从网络游戏学来的”。文化部已经下令立即查处记者今天从文化部市场司相关负责人处获悉，文化部办公厅关于立即查处“黑帮”主题非法网络游戏的通知今天已正式下发。该负责人说，这类游戏违反了《互联网文化管理暂行规定》关于禁止载有“宣扬淫秽、赌博、暴力或教唆犯罪的”、“危害社会公德或者民族优秀文化传统的”内容等有关规定，极易对青少年造成不良影响，必须依法禁止和查处。他介绍，通知要求，互联网文化单位要迅速进行自查自纠。同时文化部要求各级文化部门和文化执法机构，要深入贯彻整治互联网低俗之风专项行动和文化市场集中整治行动的工作部署，切实加强互联网文化活动的监管，对继续运营、宣传以“黑帮”为主题的非法网络游戏的单位，依法从重处罚。应完善法律实现游戏分级政府部门的查处固然是对“黑帮”游戏盛行的一种有效遏制，但是从长远来看，法律规范更为有效。目前，我国只有《互联网文化管理暂行规定》中对网络游戏有所涉及。人民网网友姜伯静指出，目前为止，我国尚未出现一部成型的针对网络游戏方面的法律，这固然有网络世界变幻莫测不易规范的因素，但更能看出我国法律应对网络游戏世界手段的滞后。“虽然我们对网游虚拟财产、网络分级、网游成瘾这些较复杂的问题还缺乏必要的认识，但类似于‘教唆犯’的‘黑帮游戏’的危害已经非常明显了。”他说，限于条件，可能目前单独立法比较困难，但可以完善出版管理条例第二十七条的内容，让这条主要针对未成年人的法规发挥最大的作用。“该条文对出版物的界定指的是纸质出版物，但是如果把‘以未成年人为对象的出版物’这条改为‘以未成年人为对象或者对象中包括未成年人的纸质出版物、电子出版物、网络游戏’的话，那它就能最大限度地发挥对网络游戏的作用了。”一位专家建议，应该实现网络游戏分级制度。他对记者说，网络作为一种新生媒介吸引了青少年群体，而且这种吸引还在逐年递增，并从城市蔓延到乡村。因此，不仅要继续呼吁实行电影分级制，更应该对网络游戏也采取分级管理的办法。如果某些游戏有可能对未成年人产生危害，那就用客观的游戏分级标准来操作，带有宣扬暴力、色情色彩的游戏对未成年人的影响自然会相应降低。（本报记者 席锋宇）,7,8,0.9999001026153564
贵州三名副厅级干部受贿被判刑本报讯 (记者周以明) 由贵州省检察机关立案查办并提起公诉的三名副厅级干部受贿案近日陆续宣判：遵义市人大常委会原副主任、遵义市总工会原主席蒋永因犯受贿罪，被判处有期徒刑十一年零六个月；贵州省环保局原党组成员、机关党委书记王茂敏因犯受贿罪，被判处有期徒刑十年零六个月，并处没收个人财产1万元；贵州金元集团股份公司原党委委员、监事会主席何卿华因犯受贿罪，被判处有期徒刑十四年，并处没收财产50万元。据检察机关指控，蒋永任遵义市总工会主席期间，为开发商谋取利益，并多次收受开发商贿赂共计58万元。案发后，蒋永主动退清了赃款。王茂敏在担任普安县领导职务期间，先后23次收受普安青山电力公司经理黎为忠所送的现金人民币83.3万元及价值14万余元的贵重物品。此外，王茂敏还收受承建普安普天大道工程的开发商罗某4万元，并为其工程提供帮助。案发后，王茂敏退缴涉案赃款赃物101万余元。何卿华在担任贵州省电力建设第一工程公司经理期间，为请托人罗某、黄某、陈某(均另案处理)谋取承接项目工程的利益，收受三人贿赂共计人民币436万元。何卿华在组织对其调查期间，主动交代了组织未掌握的犯罪事实，并主动退清全部赃款，被认定具有自首情节。这三起案件分别经安顺市中级法院、贵阳市中级法院公开开庭审理后，依法作出一审判决。相关新闻：十四冶建设集团原董事长涉嫌受贿昨日受审,7,4,0.7902556657791138
北京公租房暂不对非京籍人士开放本报讯 下周一起，取得廉租房、经适房、两限房资格的家庭无须再次申请，经过登记即可进入公共租赁住房(以下简称公租房)轮候范围。昨天，《北京市公共租赁住房管理办法(试行)》正式发布，自8月1日起实施，首先解决已取得政策性住房资格但暂时无力购房者的住房困难和过渡住房需求。非京籍住房困难者暂不能享受这一优惠政策。    公租房租金低于市场价公租房是指政府提供政策支持，限定户型面积、供应对象和租金水平，面向本市中低收入住房困难家庭等群体出租的住房。公租房将按照保本微利的原则并结合承租家庭负担能力和同类地段类似房屋市场租金一定比例下浮确定租金。公租房的维修、养护、管理由产权单位负责，产权单位也可以委托专业服务企业管理。“政府支持、市场运作、公平公开、严格管理是公租房的基本原则。”市住房和城乡建设委员会委员徐志军表示。今年购建50万平方米公租房由市区县政府所属机构或政府批准的机构通过新建、收购等方式多渠道筹集。按照本市住房建设计划，今年将收购建设50万平方米的公租房，主要位于大型公交枢纽等交通便利区域，以一、二居小户型为主。公租房建设用地实行有偿使用，其中对于政府所属机构或政府批准的机构建设的，用地可采取租赁方式，按年缴纳土地租金。“第一批公租房中不仅有新建的还有配建的，以及政府回购的公租房，市民不用等待太久就可以住进公租房。”徐志军说。受益群体获得政策房资格可登记轮候公租房主要针对本市中低收入住房困难家庭，包括已通过廉租房、经适房和两限房资格审核尚在轮候的家庭及其他住房困难家庭。据悉，截至6月底，本市廉租房受理居民申请2.6万户，经适房5.6万户，两限房5.2万户；通过审核备案的，廉租房2万户，经适房4.6万户，两限房4.2万户。已通过资格审核正在轮候的家庭，可直接到户籍所在地街道办事处或乡镇政府申请轮候公租房。公租房实行公开配租制度。符合廉租房、经适房、两限房申请条件及家庭中有60岁(含)以上老人、患大病人员、残疾人员、复转军人、优抚对象或重点工程拆迁的优先配租。符合配租条件的家庭只能承租一套公租房，不能同时享受廉租房、经适房或两限房等政策性住房。市住保办政策计划处处长崔少飞解释，取得了“三房”审核资格，实际上就具备了公共租赁房的租赁资格。非京籍夹心层暂不享公租房此前有消息称公租房将首次面向部分住房困难的非京籍人士，但此次公布的政策并未将这部分人纳入其中，供应对象仍限定为京籍。“其实公租房并没有新的准入标准，而是与政策性住房共用一个标准，这部分人需求强烈，审核基础完善，政策在试行阶段主要是解决这些人的住房困难。随后，根据试行情况完善细则和办法，逐步将其他住房困难人群纳入进来。”崔少飞表示。随着廉租房、经适房、两限房政策的实施，本市大多数中低收入家庭住房困难得到了解决，但仍有部分中低收入家庭既不符合廉租房条件，又无力购买经适房或两限房，政策的第一步就是解决这些人的住房困难。退出机制租满5年条件复核后可续租公租房租赁期限最长5年，合同期满承租家庭应当退房。需续租的，应在合同期满前3个月内提出申请，由产权单位会同相关单位复核，符合条件的续签租赁合同。承租家庭不符合承租条件但暂时不能腾退房屋的，租赁合同期满后给予两个月过渡期，过渡期内按市场价收取租金。过渡期届满后承租家庭仍不退房的，按房屋产权单位规定的标准收取租金，具体在租赁合同中约定。“这就是用经济的手段实现退出机制，过渡期内及之后仍不退出的按照市场价收取租金，也就没有了公共租赁的意义，以此保障真正住房困难者可以获得房源。”住建委委员徐志军说。租赁公租房仍可轮候政策房公租房实行动态管理，将承租住房转借、转租的，擅自改变承租住房居住用途的，连续6个月以上未在承租住房内居住的，连续3个月以上未按期交租金的以及其他违反合同行为，产权单位可与承租家庭解约收房。承租家庭如获得其他形式政策性住房的也需退出公租房。徐志军解释，承租公租房仍可轮候经适房或两限房，一旦获得房源就要退出公租房。骗租5年内不得申请政策房申请者不如实申报，骗租公租房，由产权单位解除租赁合同，承租家庭应退房并补交租金。过渡期满后拒不退房的行为要记入个人诚信档案，5年内不能申请政策性住房。产权单位在租赁合同存续期间不按规定的租金标准收缴租金或擅自向不符合条件的家庭出租公租房的，要限期整改，退回、补足租金或收回住房。  各方反应市场不会严重冲击租房市场链家地产有关负责人表示，此次出台的公租房政策对二手房和租房市场的冲击不会太明显。“首先是量还不是很大，50万平方米的供应即使按照50平方米一套来算也不过1万套，但每年租房市场的需求量在100万套左右，因此实际的冲击比较小。”该负责人表示，公租房的供应群体也有特殊性，从这两个角度看直接的冲击都不会太大。该负责人表示，目前的租房群体中外地人占大多数，这次政策没有纳入非京籍人口可能也与此有关。“我想直接的冲击不大，要是有影响也是对市场心理预期会有一定的冲击。”该负责人表示，公租房政策刚刚出台，地产公司还处在研究阶段，具体市场销售方向有没有调整或对策还要进一步分析。市民住公租房省钱心里踏实租住在朝阳区南磨房的李先生已获得两限房申购资格。“我大学毕业后落户北京，一直没房，现在每月花1000多元租房，等待两限房快一年了。现在房源有限，什么时候能住上急不来。要是能住公租房，我一定申请。”李先生说，买房要用钱，租房能省就省。“我在北京租了8年的房子，搬家已经不计其数了。刚租个便宜房子，住一年人家就不续约了，中介说房子一直涨价，租别人还能涨钱，房东不愿续约。公共租赁住房住着踏实，价格也会公道些。”李先生说。对于此次公布的公租房政策，租住在西三旗地区的王先生很失望，他已经在京工作6年了。“原来以为我们外地人也能住公租房，没想到还是不行。”开发商对公租房产权谨慎对待一家不愿透露名称的开发商表示，是否持有公租房的产权要非常谨慎，“房产开发毕竟是商业行为，一定是要赢利的，运营公租房要看税收优惠有多少，地价怎么样，谁负责承租，多少钱租，如果没有人租怎么办，成本是多少。我想开发商是会非常谨慎的。”链接·其他政策房两限房：针对本市中等收入住房困难的城镇居民家庭、征地拆迁过程中涉及的农民家庭及市政府规定的其他家庭。申请人须具有本市户口；城八区申请家庭人均住房面积不超15平方米，家庭年收入不超11.6万元，家庭总资产不超76万元。经适房：政府限定住房面积以及销售价格等，面向低收入住房困难家庭出售。申请人须取得本市城镇户籍时间满3年，申请家庭人均住房面积不超10平方米，家庭年收入不超过6万元，家庭资产不超48万元。廉租房：政府以租金补贴或实物配租的方式，向符合城镇居民最低生活保障标准且住房困难的家庭提供住房。申请人必须具有本市城镇户籍；申请家庭人均住房面积不超7.5平方米，家庭资产不超过40万元。对话申请公租房也需要公示记者：为什么租赁期限为5年？崔少飞：公租房是个过渡性的住房选择，部分家庭需要一定的时间积累资金后购买政策性住房，举个例子，一个家庭一年可以积累2万元的存款，那5年后就可以积累到10万元，基本具备购买政策性住房的条件。记者：如何杜绝一些别有用心的人打公租房的主意，如何管得住公租房转租？崔少飞：公租房坚持市场化管理，产权单位要承担管理监督责任，主要还是通过租赁合同来实现监管，这就成为一种民事行为，通过合同形式确定责权利。记者：公租房的产权到底由谁持有？开发商有没有资格持有？崔少飞：原则上要坚持政府主导，它可以是政府回购，可以是政府所属机构持有，或政府批准机构持有，房屋建筑单位如果有意经营公租房也可以向政府提出申请，经过审核批准后也可以成为公租房产权的持有者。记者：公租房的户型有没有具体规定，有没有上限？崔少飞：目前考虑是90平方米以下，但具体会根据需求灵活掌握。比如租住廉租房的家庭可能就会需求小面积的公租房，但等待轮候两限房的家庭可能就会需要稍微大一点的住房，因此没有严格规定一居或两居的面积。记者：公租房要不要公示？崔少飞：应该进行公示，方式也应该和政策性住房相同。记者：市政府提出解决住房困难要采取租售并举的手段，今后如何体现？崔少飞：此前，已陆续推出两限房、经适房和廉租房，但在整个住房保障体系中租房的比例还比较小，今后要逐步加大租赁住房的比例，使住房困难群众都能有房住。部分公租房项目北苑南区项目建筑面积：3万平方米目前市场租金行情：一居、两居在1800元到2500元。西二旗地块建筑面积：5万平方米目前市场租金行情：一居、两居在1900元到3000元。本版采写本报记者郭爱娣> 相关阅读：北京50万平米公共租赁房年内建成广东今年试水公共租赁住房 舆论忧心权力寻租,7,4,0.9966732263565063
发改委称将抓紧改进房价监管本报综合报道 近来，楼市持续升温，房价不断走高，楼价走向成为民众关注的话题。对此，国家发展改革委副主任彭森昨日在中国价格论坛上表示，当前，要抓紧改进房地产价格和收费监管。彭森认为，中国价格运行总体态势好于预期，未来价格走势有望进一步好转。但同时也要看到，当前经济国际国内不稳定不确定的因素仍然较多。流动性供应充裕，价格总水平上涨压力逐渐显现。彭森表示，要推进民生价格监管方式改革，继续加大清费治乱减负工作力度，完善粮食、生猪等主要农产品价格形成机制和调控体系。进一步加强和改进垄断行业价格监管，促进形成合理的收入分配机制。抓紧推进医疗价格改革，改进房地产价格和收费监管。,7,4,0.7001978158950806
棒棒堂为亲爱的老师盖高楼1985年1月21日，第六届全国人大常委会第八次会议作出决议，将每年的9月10日定为我国的教师节。感恩每一位辛勤工作的老师，写一句赞  美老师的诗歌，盖棒棒学堂教师节高楼！活动时间：2009年9月9日14：00——2009年9月13日12：00参与方式：登录棒棒堂，进入社区男女朋友版块，置顶贴子《活动—庆祝教师节！棒棒学堂开学啦！》，按要求回复即可参与！活动一：回复赞美教师的诗歌或是祝福的话语(言之有物不得少于20字)，逢楼层末3位同时包含9、1、0三个数字的任意排列，如109楼、190楼、901楼、2910楼就送金钥匙金宝箱一套。活动二：活动期间每天10：00-18：00，本贴由小棒女(10001)每小时不定时发起1条与棒棒堂基础知识有关的问题，最先回复正确答案的前3个帐号可获得1000金币红包奖励。获奖规则：活动一奖励每个帐号只能得1次，活动二奖励可重复获得。并且如获奖楼层不符合回复要求(即不为正确答案或非赞美教师的诗歌)，奖励将顺延至下一符合要求的楼层。[开发公司/运营公司]：炯炯网络[官网网站]：www.17joyjoy.com[wap网站]：wap.91bbt.cn[客服电话]：400-6060-995,8,6,0.3907386064529419
缘起缘灭又继缘 情生情了又续情(二)很快，我就知道了仙子为何落寞，和那朵鲜花为何瞬间枯萎。天宫最近总是沸沸扬扬的传着一件事。天蓬元帅来告诉我们，下界东胜神州一处名叫花果山的地方出了一只石猴，学了些本事，把龙宫和地府都搅得颇不得安宁。龙王、阎王纷纷上天来告状，要请天兵天将去收服那只石猴。太白金星提议请那石猴上天任个虚职，免得徒伤兵力。玉帝应允。对此，天蓬元帅颇为不屑，他只想一钯杀了那只多事的石猴，看他如何再为祸天宫。我想，天蓬元帅是厌恶那只石猴害得他巡逻的时间徒然增多，便许久不能见嫦娥一面。仙子总是微笑的听着天蓬元帅侃侃而谈，而天蓬元帅从来不曾猪意到每当他说起嫦娥时，百花仙子眼中一闪而过的哀伤。就如同每次卷帘大将看到仙子和天蓬元帅有说有笑，总是落寞离开。谁也不曾想到那石猴竟然有天大的胆子，大闹蟠桃宴，偷吃金丹，还踢翻了太上老君的炼丹炉。石猴十分生猛，众天兵天将都奈何不了，整个天宫成了他的乐园。那日，我只觉得天宫像是炸开了一般的喧闹，惊扰了落园里的花草。可事情却远非惊扰那么简单，那石猴牵引着天兵天将竟然往落园而来。满园的鲜花在杀红了眼的天兵面前竟全不是生命，战火下没有妖娆和美丽，残酷的仙法化作烈火天雷，将落园里的鲜花焚损殆尽。仙子想要保护那些她极致用心栽培出的永不枯萎的鲜花，却在此时漫天凋零。而那只石猴从她身边掠过，只瞥了她一眼，不怀好意的邪笑，然后一跃而开。仙子很快知道那只石猴在邪笑什么。身后一团天火喷射而来，朝着那石猴去了。石猴只是灵敏闪身一躲，就躲过仙法引来的天火。可是在石猴身旁的仙子，却不幸被炽热的天火击中。如果说天火只是灼烧了仙子的身躯，那么天蓬元帅的那个眼神却焚毁了她的心。天蓬元帅身披银色战甲，手持九齿钉耙，威武无比，是她心中最英武的存在。而他的眼神却像那副盔甲一般冰冷。天蓬元帅只是覆手施法将仙子身上的天火拂去，不曾留下一句关心的话或是眼神，就又追那只石猴去了。“也许如果，我是嫦娥的话，他就不会这样丢下受伤的我不管了吧。”她的眼角有泪溢出，滴落到凋零的落园残花之上，那一片偌大的残花，瞬间枯萎……(所有悲伤将在结局的一刻绽放，敬请等待。查看这一集之前请先看第一集)WEB官网：www.9520520.com WAP官网：wap.9520520.com,8,3,0.7759292721748352
"棒棒堂90后美女另类爱国行动秀平日里看新闻，都说90后怎么怎么，富二代怎么怎么，放眼望去负面新闻一大片。而在我们亲爱的祖国即将迎来60岁生日之际，《棒棒堂》里的90后们却用自己独特另类的方式，纷纷向祖国表达自己心中的敬意！可爱型：?矢ぃ?℃>✽、 似曾相识?宝儿""(1006600) 对祖国的表白非常的简洁明了，透露出坚定的心情：一个字：祖国我爱你！中国～全世界为你骄傲！俏皮型：.ˇ?妖?。″夜、°yeaH。(3418218) 深情地说：很感谢自己是中国人…生长在这片辽阔的土地上。还认识了这么多热心的朋友姐妹…我的内心是多么的感动与幸福。现在我们的祖国六十周年，让我们向祖国说声：我爱你。甜美型：总是微笑的白叮叮 (1934058)大声地说：我是中国人！我爱中国！祝大家国庆快乐更多动人的照片、振奋人心的红歌、朴实的爱国作文，尽在《棒棒堂》社区男女朋友版块，欢迎您的参与[开发公司/运营公司]：炯炯网络[官网网站]：www.17joyjoy.com[wap网站]：wap.91bbt.cn[客服电话]：400-6060-995平日里看新闻，都说90后怎么怎么，富二代怎么怎么，放眼望去负面新闻一大片。而在我们亲爱的祖国即将迎来60岁生日之际，《棒棒堂》里的90后们却用自己独特另类的方式，纷纷向祖国表达自己心中的敬意！可爱型：?矢ぃ?℃>✽、 似曾相识?宝儿""(1006600) 对祖国的表白非常的简洁明了，透露出坚定的心情：一个字：祖国我爱你！中国～全世界为你骄傲！俏皮型：.ˇ?妖?。″夜、°yeaH。(3418218) 深情地说：很感谢自己是中国人…生长在这片辽阔的土地上。还认识了这么多热心的朋友姐妹…我的内心是多么的感动与幸福。现在我们的祖国六十周年，让我们向祖国说声：我爱你。甜美型：总是微笑的白叮叮 (1934058)大声地说：我是中国人！我爱中国！祝大家国庆快乐更多动人的照片、振奋人心的红歌、朴实的爱国作文，尽在《棒棒堂》社区男女朋友版块，欢迎您的参与[开发公司/运营公司]：炯炯网络[官网网站]：www.17joyjoy.com[wap网站]：wap.91bbt.cn[客服电话]：400-6060-995",8,6,0.5785021185874939
袁咏琳携手《江湖行》众美眉梦想起航作为中国流行天王的周董，每次的出入总是能吸引大批的眼球。而袁咏琳MM就是在做了周董的师妹后与周董拍了MTV而一举成名。别看她笑容灿烂，一副邻家女孩的形象，除了可爱之外，飒爽的性格也是她的致命武器呢，让人不经联想到了侠气。袁咏琳不算是那种极致的漂亮，却是很有特色的漂亮，在她身上人们可以感受到邻家却不失大方、传统却又略带都市的感觉。袁咏琳的起步也并不是很平坦，别看她现在和周董走得近，曾经的她被周董否定过两次作品呢。但执着和努力的她还是继续回去修改直到周董满意，而当她和周董同台演演出的时候，在一曲结束后，周董微笑的夸她琴拉得好。在《江湖行》的玩家中就有不少袁咏琳的FANS了呢，她们喜欢这个既有侠气又有韵味的女人。想想和《江湖行》海报中的女人还有几分神似呢，假如她扮起女侠客的话。作为一款网页游戏，《江湖行》以其少有的执着让业内外的人士刮目相看，费时三年，耗资千万，在外界对于网页游戏炒得非常狂热的时候，两窗紧闭一心造车。同袁咏MM一样，辛苦是有回报的，就好比周董夸赞的眼角，玩家们给予了极高的评价和赞许。而《江湖行》的形象也如袁咏琳MM一样，给人以一种可亲却又不失高贵，热情却又不乏宁静的感觉。在《江湖行》中也有着许多如袁咏琳这样的MM，她们可爱，善良，活泼，讨人喜欢。她们有自己的快乐，有自己的梦想，有自己关心和关心自己的人，她们因为偶然的缘分而齐聚在《江湖行》。在祝福袁咏琳将来事业更上一层楼的同时，我们也同样希望《江湖行》的MM也可以如同袁咏琳一样，长出梦想的翅膀！《江湖行》官方网站：http://jhx.game2.cn/哥们网游平台——好游戏，找哥们！http://www.game2.cn/,8,2,0.5061656832695007
《棒棒堂》同城结伴看阿凡达活动3D时代来临！梦想中的阿凡达！《棒棒堂》同城结伴看阿凡达！对电影业具有划时代意义的电影《阿凡达》，正以疯狂势态席卷全球，目前票房已超过12亿美元，已成为史上第二卖座的影片！一票难求，据朋友形容人山人海，脚不沾地，愣被挤着进去的，额滴神$_$我们一起来八八这部热门影片吧。活动时间：2010年1月10日14：00-2010年1月15日12：00活动要点：1.贴子标题请以[A]+所在城市+自定义标题。[]符号也是要写出来的，否则无法被系统统计到哦，字母不区分大小写；如：[A]成都-我也会讲纳美语啦！2.在《棒棒堂》男女朋友版本发贴，标题中必须注明所在城市，围绕抢钱大片《阿凡达》写一篇贴子，文体不限，言之有物，不少于120字即可；活动奖励：优秀作品可获得加分奖励，1个帐号限获1次加分。如发表多篇参赛贴，以得票最高的贴子为最终参赛贴参与计票。纳美绿卡(1名)：奖极品道具小棒仔15天+全国通用移动充值卡50元人气红卡(1名)：奖极品道具卡蒂亚冠15天+金币红包两万文字优美卡(10)：奖金币红包一万评选方式：只有符合参赛条件的贴子才能获奖；活动期间每获得不同帐号的1个回复为1分；纳美绿卡由官方从得分前10用户中选出2位获得；人气红卡由其余9位中得分最高1位获得；文字优美卡从所有参赛玩家中产生。活动结束后，我们会按地区整理所有参赛玩家的帐号，并公布，方便大家可以认识《棒棒堂》里同城的电影发烧友 ((。(^_^)。))[开发公司/运营公司]：炯炯网络[官网网站]：www.17joyjoy.com[wap网站]：wap. bbt.cn[客服电话]：400-6060-995,8,2,0.9446942210197449
3G团队梦工厂 开启大学生创业新模式袁亦荣，岑彬，钱旭，三个来自北方工业大学的学生，在2010年1月18日上午9点30分，获得了一份来自3G团队梦工厂的“3G毛坯车间项目策划书”，开始了他们的3G行业创业的征程。“关于3G毛坯车间的盈利模式，是十分简单明了的。”袁亦荣说，“类似世纪家园那样的交友网站，寻找好的工作也会是大家的一个需求，将3G的机会引入校园，帮助大家熟悉这个行业，并借助3G团队梦工厂的资源，为大家提供一种贴身的服务。我们认为是可以被广大的同学所接受的。”学习计算机专业的钱旭，同时又是学校职业发展协会的秘书长，对于这个计划有着自己独到的理解：“鉴于andriod的市场优势，我希望建设一个andriod实验室，还希望通过石景山数字产业园区和3G团队梦工厂的渠道获得学校的支持，以及3G行业的企业对学生的关注，搭建一个优秀的植入性平台，让学生有机会从零做起。”学习财务专业的岑彬有着和其专业相匹配的缜密思维，说话不多，但颇具条理：“在学校内的商业元素其实有很多了，我的同学们也经常作为客户或兼职员工参与其中，所以说我们并非没有任何经验，只是不系统，其实我们需要一个规范的空间让我们获得持续性的经验积累，3G毛坯车间就是提供了这样一个环境，可以让学生在3G行业持续获得经验，我想一年以后，参与其中的同学一定会具备3G行业的从业能力。”团队梦工厂CEO李天语说：“我们的服务宗旨是让我们的客户迅速抓住3G的机会，通过我们孵化器的资源和学生自身的资源优势相结合，共同开发出盈利模式清晰的产品。我想大家已经注意到了一些细节，首先他们愿意为3G和资源付费，其次这些大学生已经开始用商业化的思想思考问题了，他们已经开始注意盈利模式，开始关心谁是自己的客户，能够分析自己的优势和劣势。其实我们只是针对性的做了几个小时的培训。事实证明，大学生本身的素质是没有任何问题的，也不缺少对事物的判断能力。所缺的是一套行之有效的服务模式。把客户放到真实的环境中，让有经验的人士为客户打工，提供客户成长所必需的资源，和客户分享项目成果，客户将为这个过程付费。这样的创业模式让所有参与者都能各取所需，又都有责任，且目标一致。大家是在向同一个方向努力，成功的概率就要高出许多。”看得出来，团队梦工厂确实在利用一个类似孵化器的模式在和所谓的客户合作，这也许就是他们把自己称作人才孵化器的原因，他们给出了一个大学生创业或者就业的新模式，就是“资源植入模式”，让客户直接购买工作和工作经验，然后再帮客户雇佣一个CEO带领他们创业或者教给他们职业法则，使其具备盈利能力，最终顺利的过渡到自己的职业生涯中。如李天语所说，人生如一个游戏，团队梦工厂充当了一个“策划”的角色，工厂策划了一段人生的传奇之旅，等待玩家自己来开启。,8,3,0.2529105842113495
连续六年的精彩 尼康赞助花样滑冰大奖赛·尼康展台人头攒动尼康连续六年赞助的，由国际滑冰联盟（International Skating Union）主办的Grand Prix系列中国站——“Cup of China 2009 中国杯世界花样滑冰大奖赛”于10月30日在北京首都体育馆拉开了序幕。“ISU Grand Prix系列”是云集了世界顶尖花滑选手的权威大赛，赛事共由中国、美国、加拿大、法国、俄罗斯、日本6站组成，而其中两次大赛总计分数较高的选手将直接参加“ISU Grand Prix Final大赛”的角逐。本次中国站的比赛，中国双人滑著名选手申雪/赵宏博、张丹/张昊届时也将登台献技。整个赛事将通过CCTV-5，在中国、美国、加拿大、日本、韩国等多个国家进行实况转播。在10月31日晚举行的双人滑颁奖仪式上，尼康映像仪器销售（中国）有限公司董事长兼总经理金子博明还将为获得双人滑前三名的选手们颁奖。此外，在中场休息和赛后的答谢晚宴上，观众们也将有机会获得由尼康公司提供的相机作为奖品。尼康一直坚持将体育文化、品牌形象、影像文化三者的有机融合，大力赞助一些顶级摄影、体育赛事。今后尼康也将继续积极大力推动在中国的发展，为中国的体育、文化事业贡献自己的力量。相信在未来更多的体育赛事中，大家还将不断看到尼康的身影。,9,8,0.87616366147995
汉王电子书比亚马逊、索尼更有优势11月10日下午两点，汉王科技股份有限公司 董事长 刘迎建作客中关村在线风雨对话。刘迎建先生就网友提出的各种技术问题和市场问题进行了解答。刘迎建：我从大学期间就立下了做手写汉字识别这个终身的目标，我做了20多年，现在这个愿望已经实现了，在手机中已经用手写了。 主持人：刘总的话我可以作证，我认识刘总有20多年了，我是1986年初，我看到的就已经20多年了，我想把他叫做中国计算机手写之父一点不过分。请各位网友踊跃的提问，我们的问题分为三部分，一部分是策划组准备的问题，相信刘总已经做好准备了。但是真正的嘉宾是各位网友，网友的提问我不知道，我和我的助理在查找，非常的随机。现场的主编问的问题都是就刘总回答问题的漏洞。 下面第一个问题是网友的问题，现在总的关注人数是13042人，谢谢你们的关注。现在有10个地区、50个问题了。 山西朔州市网友：汉王有书库的建设吗？ 刘迎建：汉王正在日月兼程在建立数字化的书库，现在有一两万本已经挂上线了。 主持人：现在有一两万本，有的可能是连载的不太好计算。 东北网友：在国外的电纸书市场有亚马逊、索尼，你们跟他们比有什么优势？为什么有这样的优势？ 刘迎建：我们和亚马逊比，我们的特点是： 第一，有手写识别。我们可以批注、查找、用来输入汉字。 第二，我们有预装书，在家里躺着能看，有USB接口，可以在网上下载，亚马逊都没有。,9,8,0.7239314317703247
支持64位游戏 驰为游戏机PGH即将上市据了解，驰为将推出一款型号为PHG的游戏机，其中P代表PMP、H代表高清、G代表游戏机。也就是说，这款产品是一款融合国内高端MP4与游戏机。驰为把在传统MP3方面所擅长的音质、720P高清、续航方面应用到游戏机上面，加强了此款产品的竟争力。并且，据了解，驰为此款游戏机虽然加入了MP4元素，但是游戏功能也同样十分强大。除了常见的8位、16位、32位游戏以外，还首次加入了64位游戏的功能。对此款产品感兴趣的朋友，可以关注我们的后续报道。,9,8,0.7930029630661011
DV销售额远超预期 访佳能总经理西村英明         作者：中关村在线 窦瑞冬          11月18日，备受瞩目的佳能双闪存DV“明智之选”体验活动作品汇演在京举行，著名导演宁浩携其佳能HF S10拍摄的最新DV短片《北京一夜》亲临现场助阵。佳能（中国）有限公司副总裁吉冈达生、佳能（中国）影像信息消费产品本部总经理西村英明当天出席活动，与现场观众一同分享了宁浩等体验者的视频作品及拍摄经历。会后，佳能（中国）影像信息消费产品本部总经理西村英明先生接受了媒体专访，与媒体同仁探讨了佳能DV在09年的表现、高清DV的普及以及民用DV未来发展等问题，而其中最吸引我们的，是佳能DV在09年取得的良好业绩。媒体：从今年的市场来看DV方面有哪些特点？2009年佳能在DV方面的表现如何，在市场中的定位又是怎样的？西村英明：可以说2009年对于DV市场来说是一个转折之年。首先，我们都知道消费级DV经历了磁带时代、DVD时代和硬盘时代。我们觉得现在正在走向闪存DV时代，从存储介质上来说，这一年DV正在向闪存DV转化。另外，您问到今年佳能在中国DV市场的情况，我在这里可以告诉你，佳能DV今年的总体业绩销量非常好，尤其到7月份以后。现在，9月份销售数字已经出来了，这是我们在中国市场销售DV以来最高的销量记录，远远超出我们的预期。具体的数字不方便透露。我们估计在两年之内DV市场仍会有很大的变化，闪存DV将成为市场的主流。第一，存储卡的容量越来越大，比方说在全球市场上已经出现了64GB的SDHC存储卡，而且容量更大的SDXC存储卡的规格在2009年已经被推出了，SDXC的最大容量将会是2TB，这已经远远超过现在硬盘式DV的存储容量；第二，闪存卡的价格下降幅度是非常之快的，单位存储成本越来越低，存储卡的价格已经市场被广泛接受。媒体：刚才西村先生提到，2009年佳能的DV销量空前好，能否透露一下，在2009年市场销售的佳能DV产品，哪一款产品的销量是最高的？能分析一下这款产品销售高的原因吗？西村英明：因为每款机型销售的价格不一样，很难单纯说到底哪款机型卖得最好。不过我们今年感受到有两点变化：第一，我们一直在中国市场上就DV做了很多市场宣传工作，但是之前取得的销售业绩不尽人意，今年我们看到经过多年的努力，终于有了一些好的效果，我们的市场宣传工作取得了成效；第二，刚才提到DV存储介质正在发生变化，正从硬盘DV走向闪存DV，这点也对我们的销量增长起到了很好的拉动作用。这两点成就可以证明佳能DV已经进入好的时候，而且还会进入一个方兴未艾的阶段。媒体：说实话，我们也是第一次看到消费级DV拍摄的作品在影院大屏幕这样的专业设备上播放，佳能做这么一项活动有什么初衷？通过今天这样的活动是否达到了预计的目的？西村英明：其实我们刚开始的初衷并不是一定在电影院里播放出来，我们想表达的主题是，利用手边的消费级DV，你有一个故事或是一个构思的话，每个人用自己不同的角度都可以把这个作品完整地展现出来。我们希望能够证明这种想法的可能性，所以今天佳能通过宣传这些作品，让消费者认识到可以利用家用DV完成自己的作品。如果实现这样的目的，我们觉得这次活动就算成功了。尽管西村先生并未向我们透露佳能DV在09年的具体销售额，但从他所表述的，远远超过佳能预期来看，可见佳能在DV市场的确取得了不小的进步。时值年末，当我们回顾09年时会发现这是不平常的一年，年度席卷全球的经济危机对各行各业都造成了不同程度的影响。而佳能并未因此缩小在中国市场的投放，相反更加大了广告和市场的推广，让“双闪存高画质”成为当下流行的DV标准。2010年近在咫尺，相信在年初新一轮的DV大战中，佳能还将发布更多更优秀的产品以回馈消费者对佳能的关注。,9,2,0.652991533279419
让PSP立体显示 瓦力用过的高科技配件还记得机器人总动员这个动画片中，瓦力的那个电视么？那实际上只是一个iPod ，然后加上了一个放大镜！而现在，居然有厂商拿出一个类似的东西说，PSP用了它就有立体显示效果了！RealView's V-Screen，这玩意7月时我们就报导过会在秋天上市，声称可以让PSP游戏都变成立体，有没有这么神，编辑动手玩验证给大家看看！一看外型，这个黑盒子实在吸引不了什么目光，就跟一般第三厂的PSP保护壳一样，只是再从上盖部分翻出号称可以让游戏变立体的透明球面屏幕，以体积来看，似乎是PSP-1000装进RealView's V-Screen的密合度最好，不支持PSP go，反正这个庞然大物本来就不符PSP go轻量化的诉求，再来直接讲重点，这玩意到底是不是真的能把PSP游戏显示成立体？答案是：没这回事，唬烂的啦！厂商也从当初宣称的游戏立体显示，改口为可以让游戏看起来更真实，不过还是帮唬烂修饰的唬烂XD，但它倒也不是完全一无是处，从主站编辑动手玩的影片可以看到，它有变形放大游戏画面的效果，例如某些游戏里可能会有需要看清楚角落的地方，这时V-Screen就可以派上用场，比方影片中示范的游戏《块魂》，而且关灯在黑暗中显示效果更好，主站编辑说，这跟拿到V-Screen前，想象可能跟古早Game boy类似的屏幕放大产品，只是把原本的点阵像素放大要好多了Orz不知道手边还是PSP-1000的玩家(笔者就是)，对V-Screen感不感兴趣？有兴趣的如果听到要价40美金会不会马上缩手.。.以笔者而言，V-Screen体积实在有点庞大，而且又没空间放UMD光盘或记忆卡，可说大而无当，等于花40美金买一个附放大镜的保护壳，说不定自己去买个镜片来改装还比较便宜。,9,8,0.9837833046913147
爱就要说出来 充满爱意的纯音质MP3一览    作为中国人，在情感的表达上一向比较内敛。我们默默地接收来自我们身边的人关心和爱护，无论是父母、妻儿、朋友亦或是一些熟悉的陌生人，我们内敛的习惯让我们把感激藏在心里。    今天是感恩节，我们把感恩的话语全都一起说出来，告诉我们身边所有人，我们的感激和祝福。我们今天为大家细数一些充满爱意的MP3，为我们的生活提供一点色彩，让我们说出我们的爱为生活增添更多爱意。    在我们的成长道路上，要感激的人太多太多。有一个人最应感恩她就是——“妈妈”。她的皱纹深了，她把美丽的青春给了我；她的手粗了，她把温暖的阳光给了我；她的腰弯了，她把挺直的脊梁给了我；她的眼花了，她把明亮的双眸给了我。    iAUDIO E2    终于看到COWON向普及类产品进军啦！上市一周时间，iAUDIO E2(2G) 被疯抢的局面令人乍舌，独一无二的扁片异形外观让人浮想联翩，从中我们感受到的是设计师的丰富创意。    E2尺寸仅为26.6×64.2×7.7mm，重16.6g，机身顶端设计了一个金属圆环，可拴挂绳以佩戴在胸前、腰间、背包，酷并可爱着。    功能方面它支持MP3、WMA、OGG、FLAC、WAV音频播放，内置Normal、BBE、BBE ViVA、BBE ViVA 2、BBE Mach3Bass、BBE MP、BBE Headphone、BBE Headphone 2、BBE Headphone 3等9种EQ语音提示设置，续航时间达11.5小时。    编辑点评：目前官方消息E2机身颜色包括黑、丁香银、摩卡棕、橙红色、粉红色、紫色、天蓝色、白等八种，比iPod shuffle拥有更多选择，国内将陆续到齐所有款色。现在的价格是2GB为360元，4GB 450元。   [参考价格] 360元,9,6,0.4288350045681
独创硬币式支架 itoos T56HD首次曝光    “独乐乐，与人乐乐，孰乐”“与少乐乐，与众乐乐，孰乐？”出自《孟子》    独乐乐不如众乐乐：意思是一个人快乐不如和众人一起分享快乐。    和我分享太阳你有灿烂辉煌    和我分享月色你有妩媚漂亮    和我分享大海你有无比宽广    和我分享蓝图你有至高无上    每个人都应该有许多事情和别人分享，向别人倾诉，于是，便有了分享时所收获的快乐。当我们看到一部好的电视剧、电影的时候、当我们听到一首不错的音乐我们都会迫不及待地和自己的好朋友说，让对方也去看一看。然后在一起津津乐道地谈论下情节。    一款好的MP4要与朋友一起分享，很多时候拿在手上累，躺在桌面上实在看着别扭，靠在一个东西上很容易滑下来摔着，如果去买一个支架很难携带也不现实，遇到了董存瑞炸碉堡的难题，到底有没有一款让分享做到即方便又安全的人性化MP4产品呢？    独创硬币式支架的itoos T56HD为分享应运而生，T56HD背面有一个长方形的插槽，插槽宽度刚好与厚度相对插的1元、5毛、1毛（新款）硬币或者相同厚度的金属物皆可作为支架，极为方便，非常安全，支架携带方便，即使忘记带了也能轻松的找到这么一个支架出来，非常人性化的设计，心动吧？    T56HD拥有4.0寸16:9显示屏，1600万色，采用高性能、高集成度的多媒体处理器，强大的视频引擎，支持高清视频解码、高质量视频输出和音频输出，支持720P高清影视，RMVB最大支持1280*720，其他格式支持D1以上的分辨率。支持RM、RMVB、AVI、FLV、ASF、MPG、3GP、MP4等多格式视频，支持3D音效、流行音乐、摇滚乐、金属、舞曲、电子音乐、乡村音乐、爵士乐、古典乐、布鲁斯、怀旧乐、歌剧、会话等音效设置，支持TV-OUT视频输出功能，完美电视界面操作，视频播放。全新界面，多种特效的主界面，多种3D动画式特效切换模式。支持FLAC、APE、OGG、MP3、RA、WMA、WAV、 AMR、 AAC等全系列音频格式，支持LRC格式歌词同步显示，内置mAh聚合物锂电池，支持FM收音功能， 支持Micro SD卡，TF 等扩展，支持外放，最大支持8G，支持录音，支持时钟。    外观尺寸110mm（L）×69mm（W）×13mm（H），拥有白色、粉色、天蓝色三种颜色，更多详情请继续关注本数码频道将为你奉上最快最新报道！,9,8,0.608604907989502
科威特主权财富基金去年后三季度损失310亿美元新华网科威特2月10日电（记者王波）科威特一名议员10日透露，去年3月底到12月底，科威特主权财富基金因全球金融危机而损失310亿美元。议员塔布塔巴在参加议会听取科威特投资局局长巴德尔的介绍后向媒体公布了上述信息。他说：“我们被告知，我国在海外的投资损失了90亿第纳尔（约310亿美元）。”塔布塔巴说，在议会闭门会议中透露的大部分损失，是由全球金融危机造成的“账面损失”。目前，有多名议员对主权财富基金损失的数额提出质疑，议会决定要求国家统计局对此进行核实。科威特投资局负责运作拥有3000亿美元的主权财富基金，该基金是全球资本雄厚的主权基金之一。科威特的主权财富基金主要投向了美国和欧洲的金融证券和房地产领域。科威特政府8日公布了一项经济刺激计划，包括国家对银行贷款提供广泛担保，以及协助投资机构偿还债务。目前科威特的一些投资公司因难以获得贷款和资产市值下跌而无力还债。,1,7,0.750878095626831
台证交所总经理：希望两岸ETF实现相互挂牌许仁寿是在当日举行的2009第二届上海金融论坛上作上述表示的。许仁寿说，交易所之间的整合已经成为全球性的趋势，大陆和台湾的交易所在产品设计、人员交流、技术分享等方面都有很大的合作空间。“如果两岸合编推出ETF，不仅可为两岸投资者提供新的投资产品，也有利于两岸企业分享资本市场利益。”许仁寿说。据悉，台湾证券交易所将于今年5月15日在台北举行有关ETF的论坛，届时上海证券交易所、深圳证券交易所和香港交易所将应邀出席，共同商讨推出ETF产品。2009第二届上海金融论坛由上海市人民政府台湾事务办公室、上海市金融服务办公室和上海交通大学、台湾金融服务业联合总会主办。两岸金融业者和学者就“全球金融海啸下的海峡两岸金融合作”“台湾应对国际金融危机的举措”等话题展开了热烈讨论。,1,7,0.5994007587432861
税务总局：QFII在中国境内收入缴纳10%所得税通知并指出，如果是股息、红利，则由派发股息、红利的企业代扣代缴；如果是利息，则由企业在支付或到期应支付时代扣代缴。通知说，QFII取得股息、红利和利息收入，需要享受税收协定待遇的，可向主管税务机关提出申请，主管税务机关审核无误后按照税收协定的规定执行；涉及退税的，应及时予以办理。通知要求，各地税务机关应了解QFII在中国从事投资的情况，及时提供税收服务，建立税收管理档案，确保代扣代缴税款及时足额入库。,1,7,0.9563291072845459
税务总局明确QFII缴税相关问题记者20日从国家税务总局获悉，税务总局近日发出通知指出，合格境外机构投资者（QFII）所得来源于中国境内的股息、红利和利息收入，应当按照企业所得税法规定缴纳10%的企业所得税。通知同时指出，如果是股息、红利，则由派发股息、红利的企业代扣代缴；如果是利息，则由企业在支付或到期应支付时代扣代缴。通知称，QFII取得股息、红利和利息收入，需要享受税收协定待遇的，可向主管税务机关提出申请，主管税务机关审核无误后按照税收协定的规定执行；涉及退税的，应及时予以办理。通知要求，各地税务机关应了解QFII在我国从事投资的情况，及时提供税收服务，建立税收管理档案，确保代扣代缴税款及时足额入库。,1,7,0.941105842590332
税务总局：QFII应缴10%所得税 业内人士称此规定根本目的在于完善资本市场运行规则，对QFII利空有限国家税务总局20日宣布，税务总局近日发出通知指出，合格境外机构投资者(QFII)取得来源于中国境内的股息、红利和利息收入，应当按照企业所得税法规定缴纳10%的企业所得税。通知明确，QFII所得如果是股息、红利，则由派发股息、红利的企业代扣代缴；如果是利息，则由企业在支付或到期应支付时代扣代缴。各地税务机关应了解QFII在我国从事投资的情况，及时提供税收服务，建立税收管理档案，确保代扣代缴税款及时足额入库。中国社科院财贸所税收专家介绍，2005年底，经国务院批准，对QFII委托境内公司在我国从事证券买卖业务取得的差价收入，免征营业税，但对于所得税却没有明确规定。一直以来，QFII所得税问题悬而未决，大多数QFII在所得税问题上都是先代为扣缴，但也有部分QFII不计算所得税。专家表示，国税总局明确QFII缴纳10%的企业所得税，实际源于2008年1月1日起施行的《中华人民共和国企业所得税法》及其实施条例。根据规定，非居民企业在中国境内的所得缴纳企业所得税适用税率为20%，实际执行10%的优惠税率。国税总局上述通知还称，QFII取得股息、红利和利息收入，需要享受税收协定(安排)待遇的，可向主管税务机关提出申请，主管税务机关审核无误后按照税收协定的规定执行；涉及退税的，应及时予以办理。专家介绍，为了避免双重征税，我国与世界上90多个国家签订了税收协定，根据收入来源地管辖权的一般原则，境外企业在我国取得的收入适用我国税率。因此，国税总局的上述表述，实际是简化了向QFII支付股息、红利和利息收入企业的工作，支付企业只需考虑我国税法预提所得税即可。市场人士认为，QFII所得税涉及的只是利得部分，与营业税相比数额较小，在我国税收收入占比中也是微不足道的，QFII不会因此政策而出现大规模撤离现象。明确QFII所得税制，根本目的不在于增加税收收入，而是通过税制的明确，完善资本市场的运行规则，吸引更多退休基金、共同基金等大型海外投资机构入场。据《中国证券报,1,7,0.8453090786933899
金融从业人员老鼠仓行为最高可判10年2月28日，十一届全国人大常委会第七次会议在完成各项议程后，在北京人民大会堂闭会。吴邦国委员长主持会议并发表讲话新华社 图十一届全国人大常委会第七次会议28日上午表决通过了《中华人民共和国刑法修正案(七)》，国家主席胡锦涛签署第10号主席令予以公布，自公布之日起施行。刑法修正案(七)共15条，对刑法相关条款进行了修改、增加。刑法定罪量刑更趋“人性化”，体现了宽严相济的刑事政策，绑架罪最低刑期减为5年，逃避缴纳税款者符合一定条件可不追究刑事责任，金融从业人员“老鼠仓”行为将被严打，增设“组织领导传销罪”，增设规定严惩组织未成年人违反治安的行为，还对惩处网络“黑客”、单位犯洗钱罪、领导干部“家里人”“身边人”的腐败行为等作出规定。十一届全国人大常委会第七次会议28日表决通过刑法修正案(七)。其中明确规定，我国严惩金融从业人员“老鼠仓”行为，最高可处十年有期徒刑。近年来，一些证券投资基金管理公司、证券公司等金融机构的从业人员，利用其因职务便利知悉的法定内幕信息以外的其他未公开的经营信息，如本单位受托管理资金的交易信息等，违反规定从事相关交易活动，牟取非法利益或者转嫁风险。这种“老鼠仓”行为严重破坏金融管理秩序，损害公众投资者利益，但此前刑法只对利用证券、期货交易的内幕信息从事内幕交易的犯罪及刑事责任作了规定，未对这一社会影响极坏的犯罪行为作出明确规定。鉴于此，刑法修正案(七)将刑法第180条第一款修改为：证券、期货交易内幕信息的知情人员或者非法获取证券、期货交易内幕信息的人员，在涉及证券的发行，证券、期货交易或者其他对证券、期货交易价格有重大影响的信息尚未公开前，买入或者卖出该证券，或者从事与该内幕信息有关的期货交易，或者泄露该信息，或者明示、暗示他人从事上述交易活动，情节严重的，处五年以下有期徒刑或者拘役，并处或者单处违法所得一倍以上五倍以下罚金；情节特别严重的，处五年以上十年以下有期徒刑，并处违法所得一倍以上五倍以下罚金。此外，增加一款作为第四款，证券交易所、期货交易所、证券公司、期货经纪公司、基金管理公司、商业银行、保险公司等金融机构的从业人员以及有关监管部门或者行业协会的工作人员，利用因职务便利获取的内幕信息以外的其他未公开的信息，违反规定，从事与该信息相关的证券、期货交易活动，或者明示、暗示他人从事相关交易活动，情节严重的，依照第一款的规定处罚。扩大对“地下钱庄”非法经营活动打击范围为了更有力地打击“地下钱庄”非法经营活动，十一届全国人大常委会第七次会议28日表决通过的刑法修正案(七)扩大了对“地下钱庄”非法经营活动的打击范围。据介绍，近年来，一些以典当行、担保公司、理财咨询公司等形式存在的“地下钱庄”非法经营活动较为猖獗，严重扰乱了金融秩序，给社会治安带来隐患。国务院法制办、公安部等提出，不仅非法经营证券、期货、保险业务的“地下钱庄”行为应受惩处，而且逃避金融监管，非法为他人办理大额资金转移等资金支付结算业务的行为，也应依法严惩，在刑法关于非法经营罪的规定中也应明确列举。此前，刑法第225条规定了四项违反国家规定、应该受到惩处的非法经营行为。新修订的刑法修正案(七)将原来的第三项“未经国家有关主管部门批准，非法经营证券、期货或者保险业务的；”修改为“未经国家有关主管部门批准非法经营证券、期货、保险业务的，或者非法从事资金支付结算业务的；”加大了对这类非法经营活动的打击力度。逃避缴纳税款一定条件下可免刑责十一届全国人大常委会第七次会议28日表决通过刑法修正案(七)。相关条款规定，逃避缴纳税款在一定条件下不予追究刑事责任。有关部门提出，逃避缴纳税款后，经税务机关指出后积极补缴税款和滞纳金，履行了纳税义务，接受行政处罚的，可不再作为犯罪追究刑事责任，这样处理可以较好地体现宽严相济的刑事政策。刑法修正案(七)将刑法中相关条款修改为：“纳税人采取欺骗、隐瞒手段进行虚假纳税申报或者不申报，逃避缴纳税款数额较大并且占应纳税额百分之十以上的，处三年以下有期徒刑或者拘役，并处罚金；数额巨大并且占应纳税额百分之三十以上的，处三年以上七年以下有期徒刑，并处罚金。”“扣缴义务人采取前款所列手段，不缴或者少缴已扣、已收税款，数额较大的，依照前款的规定处罚。”“对多次实施前两款行为，未经处理的，按照累计数额计算。”“有第一款行为，经税务机关依法下达追缴通知后，补缴应纳税款，缴纳滞纳金，已受行政处罚的，不予追究刑事责任；但是，五年内因逃避缴纳税款受过刑事处罚或者被税务机关给予二次以上行政处罚的除外。”引人关注的是，原来的“偷税”一词也被“逃避缴纳税款”所取代。 全国人大常委会法工委副主任郎胜指出，原来习惯上用“偷税”这个概念，实际上逃避纳税义务是这类犯罪的本质特征，这样在表述上更准确一些。绑架罪最低刑期定为5年十一届全国人大常委会第七次会议28日表决通过的刑法修正案(七)中，进一步调整了绑架罪的量刑标准，将法定刑的起刑点定为5年有期徒刑。此前，刑法相关条款规定：以勒索财物为目的绑架他人的，或者绑架他人作为人质的，处十年以上有期徒刑或者无期徒刑，并处罚金或者没收财产；致使被绑架人死亡或者杀害被绑架人的，处死刑，并处没收财产。全国人大常委会法制工作委员会经同最高人民法院、最高人民检察院、公安部研究认为，绑架罪严重危及公民人身安全，应予严惩；同时，考虑到实际发生的这类案件具体情况比较复杂，在刑罚设置上适当增加档次，有利于按照罪刑相适应的原则惩治犯罪。新修订的刑法修正案(七)将刑法第239条修改为：“以勒索财物为目的绑架他人的，或者绑架他人作为人质的，处十年以上有期徒刑或者无期徒刑，并处罚金或者没收财产；情节较轻的，处五年以上十年以下有期徒刑，并处罚金。”“犯前款罪，致使被绑架人死亡或者杀害被绑架人的，处死刑，并处没收财产。”单位犯洗钱罪 同样严惩不贷十一届全国人大常委会第七次会议28日表决通过的刑法修正案(七)中，新增了单位犯洗钱罪的规定。分析人士指出，这将进一步完善我国刑法的反洗钱措施。此前，刑法第312条只是作出如下规定：明知是犯罪所得及其产生的收益而予以窝藏、转移、收购、代为销售或者以其他方法掩饰、隐瞒的，处三年以下有期徒刑、拘役或者管制，并处或者单处罚金；情节严重的，处三年以上七年以下有期徒刑，并处罚金。去年8月，刑法修正案(七)草案提请全国人大常委会审议时，有关人士提出，犯洗钱罪有些是单位实施的，建议增加单位犯洗钱罪的规定。鉴于此，刑法修正案(七)在刑法第312条中增加一款作为第二款：单位犯前款罪的，对单位判处罚金，并对其直接负责的主管人员和其他直接责任人员，依照前款的规定处罚。严惩领导干部“家里人”“身边人”腐败行为今后，如果在职或离职的国家工作人员的“家里人”“身边人”利用国家工作人员职务上的影响力索贿受贿，也将被追究刑事责任。28日，十一届全国人大常委会第七次会议表决通过的刑法修正案(七)中，扩大了受贿罪的适用范围，修改了相关条款。此前，刑法相关条款只对国家工作人员利用本人职权或地位形成的便利条件，通过其他国家工作人员的职务行为，为请托人谋取不正当利益，索取或者收受请托人财物的犯罪作了规定。但在现实生活中，一些国家工作人员的配偶、子女等近亲属，以及其他与其关系密切的人，通过该国家工作人员职务上的行为，或者利用其职权或地位形成的便利条件，通过其他国家工作人员职务上的行为，为请托人谋取不正当利益，自己从中索取或者收受财物。鉴于此，刑法修正案(七)新增条款规定，国家工作人员的近亲属或者其他与该国家工作人员关系密切的人，通过该国家工作人员职务上的行为，或者利用该国家工作人员职权或者地位形成的便利条件，通过其他国家工作人员职务上的行为，为请托人谋取不正当利益，索取请托人财物或者收受请托人财物，数额较大或者有其他较重情节的，处三年以下有期徒刑或拘役，并处罚金；数额巨大或者有其他严重情节的，处三年以上七年以下有期徒刑，并处罚金；数额特别巨大或者有其他特别严重情节的，处七年以上有期徒刑，并处罚金或者没收财产。巨额财产来源不明罪最高刑提高至10年28日，十一届全国人大常委会第七次会议表决通过刑法修正案(七)，其中规定，巨额财产来源不明罪的最高刑由5年有期徒刑提高至10年有期徒刑，这意味着我国反腐败力度进一步加大。此前，刑法相关条款规定，国家工作人员的财产或者支出明显超过合法收入，差额巨大的，可以责令说明来源。本人不能说明其来源是合法的，差额部分以非法所得论，处五年以下有期徒刑或者拘役，财产的差额部分予以追缴。尽管这一罪名的适用一直是我国开展反腐败斗争的重要手段，但有些全国人大代表和最高人民法院、最高人民检察院等提出，对巨额财产来源不明罪的量刑标准偏轻，建议加重处罚。为适应反腐败斗争的需要，刑法修正案(七)修改了相关条款：“国家工作人员的财产、支出明显超过合法收入，差额巨大的，可以责令该国家工作人员说明来源，不能说明来源的，差额部分以非法所得论，处五年以下有期徒刑或者拘役；差额特别巨大的，处五年以上十年以下有期徒刑。财产的差额部分予以追缴。”(本组稿件据新华社电)    相关报道：    严打老鼠仓还需举证责任倒置    私募基金不会做老鼠仓    老鼠仓维权第一案败诉 法律盲点亟待司法解释    老鼠仓民事追偿仲裁请求被驳回    上港集团股票惊现老鼠仓    赢富数据下线 机构老鼠仓2009年大胆突围    视频：市场是否要进入新一轮探底走势    扩大老鼠仓犯罪主体非法提供个人信息负刑责    老鼠仓打击范围扩大    网友建议惩处老鼠仓行为最高刑期提至15年    专查老鼠仓将范围扩大,1,7,0.5132075548171997
超配VS减持 基金对地产股分歧加剧尽管房地产行业整体上仍然处于行业寒冬，但据上市公司最新披露的年报显示，地产类上市公司仍然受到部分基金的青睐。但与此同时，也有相当部分沪市基金经理抱团表示，近一两年会尽力回避地产板块，直至该行业走出谷底。 部分基金对地产股青睐有加的情况从万科最新公布的2008年年报中可见一斑。据万科年报显示，截至去年年底，共计有约84只基金持有万科20.05亿股，占流通比为21.32%。除了万科以外，其他地产股如深振业、中国宝安、泛海建设、华业地产、金地集团等个股也成为基金去年底基金超配的对象。其中以渝开发为例，截至去年年底，仅华夏蓝筹核心就持有该股256.66万股，占流通比为2.14%，比三季报时增仓26.66万股。对于这些基金超配地产股的原因，深圳一基金经理表示，地产股整体来说目前估值比较合理，随着近期深圳等城市房地产市场交易量的增加，地产股仍然具有投资空间。与此同时，记者调查发现，仍然有相当多的基金经理认为，地产股未来的走势并不看好。记者发现一个有趣的现象，看好地产股的基金大都聚集在南方，以博时、易方达、融通等为首；而看空地产股的基金则大都聚集在上海。看来，基金经理的地区差异也体现在了选股思路上。尽管南北基金经理对地产股的后市走向出现了明显的分歧，但兴业全球基金投资总监王晓明昨日在接受记者采访时却指出，越是经济低谷时越是选股的好时机。晓明建议投资者此时选股应该把握以下两个方面：首先，应该寻找那些能够提供足够的防御性和安全边际的、有机增长能力强的公司；其次，挖掘那些能成为下一次经济高涨期的领头羊，一旦经济好转时，这些公司就会应运而生或率先复苏。记者 丁?,1,4,0.6937077641487122
17只新基建仓预测：偏向金融地产板块7只股票型基金、6只配置型基金、4只债券型基金陆续开始募集理财周报实习记者 王韵婷/文3月新基金发行春意盎然，7只股票型基金、6只配置型基金、4只债券型基金陆续开始募集。保守估计这些新基金起码能为市场带来最少120亿元资金，乐观估计则能带来220亿元的新增流动性。这上百亿资金将投向何处？最可能建仓板块：制造业、金融、地产、医药、消费新发基金所属公司的四季度资产配置，可谓是在发新基投资的前哨。发新基金的公司2008年四季度几乎都对制造业进行了不同程度的超配，泰信基金公司以56.3%的资产投资于制造业，而唯一低配的易方达基金公司，也保持了32.64%的投资比例。对于金融保险业和房地产业各基金公司的配置分歧较大。对金融保险业一直偏爱的易方达系、嘉实在四季度的持仓中不改初衷。嘉实旗下5只基金均重仓兴业银行、招商银行，而易方达旗下10只基金持有中国平安，9只基金青睐浦发银行，对金融业保持了超过标准行业配置比例7.42%的超配。兴业全球基金公司更是以34.32%的比例超配了金融保险股，如若金融保险股发力，兴业全球旗下的基金表现值得期待。而泰达荷银对金融股的配置只有8%，泰信基金也只有13%。房地产业也是基金资金选择的岔路口，基金对此看法不一。交银施罗德公司是房地产业的最坚定拥护者，12.2%的投资比例已经毫无疑问地显现了这一点。易方达和宝盈也对房地产表明了乐观的态度，两公司均有对房地产业的资产超配。医药生物和食品饮料均为基金公司的新宠行业，两行业除了易方达有不到1%的低配外，可谓得到了几乎所有基金公司的一致认可。泰达、中银、嘉实、泰信四家公司均配置10%以上。而交银、中银基金则早早重仓布局食品饮料行业。两只新基金或重配招商银行易方达行业领先主打投资行业领先企业并承诺投资于此的资产不低于股票资产的80%。即使在最低投资比例，其募集的资金也有50%左右流入行业龙头企业和具有较高成长性的公司。根据易方达行业领先基金合同公布指标，通过综合考虑营业利润、净资产收益率及(ROE)未来两年净利润增长率等财务指标，并综合考虑易方达基金公司一贯偏好持有的重仓股。易方达新基发行抢占的第一批筹码可能为：中国人寿、招商银行、浦发银行、特变电工、神火股份、中国南车、东方电气、上实发展、金融街、格力电器、中兴通讯均有可能成为新基发行抢占的第一批筹码。根据伍卫基金经理的持股风格，苏宁电器、招商银行、浦发银行均是其任职期间一直持有的重仓股，足见其对三股的青睐。泰达荷银2008年4季度重配了机械制造业、信息技术业、医药、生物及建筑业的发展前景。新发股基泰达荷银品质生活重点把握与消费升级和提高生活品质相关度高的投资主题。交银施罗德先锋主要投资于具有成长潜力企业的股票。交银施罗德基金公司分别有12%和10%的资金投资于房地产和食品，而万科、贵州茅台为旗下五只偏股型基金中的4只所持，而招商银行、中国平安、工商银行也是交银系的心头所好。嘉实偏向医药生物农银双利追求红利嘉实系表现了对医药和生物制品、食品、饮料等行业的发展信心，云南白药、双汇发展、复星医药、贵州茅台均可能成为新基嘉实量化阿尔法的投资对象。农银汇理平衡双利则是新发行基金中唯一一款红利型基金，寻求业绩稳定并同时具有稳定分红历史、股息率较高的红利型股票为该基金的首要任务。旗下拥有3-4只偏股型基金的中小基金公司此次大部分都发行投资风格较为灵活的配置型基金，宝盈、中银、兴业等基金公司均如此。    相关报道：    二线地产股基金分歧明显    主流基金公司大多在减仓    基金扎堆调研 资产配置思路亮底    百亿偏股新基金月内排队入市    中国铁建被80只基金3000万大单碾压    进退自如：可转债基金1月内跑赢所有股基债基    基金经理大秀忽悠之技 唱多唱空只需嘴巴一撇    悲观阴霾渐去 基金开始新能源故事,1,4,0.795385479927063
小基民大智慧 见好就收成就趋势投资李先生是一位普通的小基民，作为一位孩子的父亲，他的理财目标很简单，为女儿赚足留学的钱。李先生的基金投资思路也没简单，谨小慎微，见好就收。正是这种简单的投资思路让其成为一个成功的趋势投资者。两年前，李先生有一块心病——女儿大学毕业出国留学还差10万元。李先生选择了基金投资。李先生最初的想法是：只要亏损超过5%，就马上卖掉基金，不再做投资了。2007年3月初，李先生用10万元买了两只股票型基金，到了4月中旬，两只基金的平均收益就达到了10%左右。5月份，李先生又将余下的10万元也先后投资在了基金上。正当李先生的投资热情空前高涨的时候，2007年“5·30”大跌来了，短短一个星期，李先生就亏损了近5%。当时，李先生的第一想法就是，5·30的大跌中，基金其实也没有成功逃脱，再加上投资并没亏本还有不小盈余，等几天再看吧。到了9月份的时候，李先生原本的20万元已经成功地变成了30万元。半年时间，李先生就达到了他的理财目标——赚足女儿出国的钱，李先生非常满意。几经考虑，他将基金全部赎回，再买下去，李先生觉得冒险，用他的话说，毕竟涨了那么多了，咋能一直涨呢！不能不说，李先生见好就收的心态帮助他成功地躲过了一年多的漫漫熊市。事实上，李先生没有特别的投资思路，也有没丰富的投资经验，但李先生的投基故事再次印证了投资的成功要领：顺势而为，做好止盈止损目标，见好就收，不为目标以外的诱惑所动，坚定投资心态，才能做好投资。 别冶 整理,1,5,0.9695684313774109
金融地产多日逆市发飙 基金经理还是不敢下手每经记者 巩万龙 发自深圳两会前后，金融地产股的角色越来越耐人寻味，总在市场岌岌可危时扮演“救火员”。3月以来，金融和地产两大板块震荡上行，从而稳住了市场人气，而昨日银行地产更是发飙，再次上演逆市急拉的好戏。但是，记者通过采访获悉，这种极赚市场眼球的表现并未得到基金的追捧。“银行股估值便宜，而前一段时间地产数据比较好，但是我们不敢大举增持或减持，只能走一步看一步。”上海某大型合资公司基金经理表示。地产金融要“走着瞧”不同的时间，同样的角色。自3月以来，曾经是A股最大空头板块的银行地产股，大智慧地产指数和银行指数分别累计上涨7.5%和4.8%，而同期上证指数累计仅上涨2.9%，地产一线品种和中小商业银行极为抗跌。昨日，市场小幅震荡过后，银行、券商、保险、地产尾盘再次出现快速拉升趋势，金融地产两大板块带动A股全线飘红。其中，昨日银行股充当了上涨的急先锋，兴业银行放量大涨将近7%，浦发银行和招商银行分别上涨4.25%和2.05%，而建设银行、中国银行、工商银行等大盘银行股最终飘红。地产股昨日的表现也甚为强势，华侨城A大涨7.41%，招商地产4.79%，保利上涨3.68%，万科和金地最终飘红。“今年做投资的话确实情况很复杂，说心里话，我看得不是那么清楚，现在真是吃不准，只能走一步看一步了，我们维持中性配置。”上海某大型合资公司基金经理认为，现在自己不敢大举增持银行地产，但也不会大举减持。对于华侨城A和兴业银行的大涨，该基金经理认为，现在银行股目前良好的表现正是因为估值便宜，地产股大涨主要是因为前一段时间房屋交易量回暖，也不排除未来政策利好刺激的可能，但是就要看这些数据是不是能够持续。而此前，银行、券商和地产中优质品种不乏懵懂的题材和利好刺激，招商银行的全流通、深发展的重组、华侨城A的整体上市，这些因素都曾推动个股出现暴涨。调整中找方向昨日，逐渐萎缩的成交量并没有引起人气和赚钱效应的消失，市场再次充满戏剧化色彩，大盘股盘中一度萎靡不振，两次震荡上行两次被打压。不过，午盘过后，金融地产两大权重板块突然强势拉升，拉动股指强势上涨，而兴业银行和华侨城A表现极为抢眼。“我对最近的市场判断还是震荡，市场在震荡之后，可能在寻找一个方向吧，向上或向下。现在只是个股的活跃度比较高，而大盘震荡的概率比较大。”一位受访基金经理向记者坦言，现在谈“熊尾巴”为时尚早，关键是看前期的宏观数据能不能持续向好，因为2月份出台的宏观数据好坏参半。有一种看法颇值得玩味，最近不少机构将今年称为投资基金的“春播时节”，特别是新基金建仓的良好时机。因为A股市场在经历了之前的大跌和几次较大的调整之后，市场整体估值水平已经大幅下降。考虑到宏观经济的状况和成长性因素，A股的相对估值水平有可能处于合理乃至低估的范围。最近，中金公司有研究报告称，银行业2008年业绩基本符合预期，但2009年1季度净利润难以实现同比增长。净利润同比增速下半年将逐渐回升，2009年全年增长6%。从积极方面来看，GDP增速未来三个季度呈现V型的可能性较大，净息差也有望在4季度或明年1季度见底，不良贷款2009年大幅上升的风险较小。融通内需驱动拟任基金经理陈晓生认为，随着4万亿经济刺激政策的不断落实，具体项目的公布和实施引发了市场对相关行业和上市公司的强烈关注，经济面的有利因素正逐步积聚，今年的经济形势优于大部分投资者预期的概率正在上升。,1,4,0.9113147854804993
12亿元抄底地产股 中邮系圈地路线图曝光每经记者 李娜 发自上海上市公司2008年年报将中邮系基金扎根于地产股的根根须须一一曝光，多只地产股的前十大流通股股东中出现了中邮系基金的身影。沉寂了一年的中邮系基金再一次以一种“偏激”的方式强势回归。伴随着地产股2008年年报的接连披露，中邮系基金越来越频繁地曝光于镁光灯前，多家地产股的前十大流通股股东均有中邮系基金的身影，若以2008年12月31日收盘价简单计算，中邮系基金抄底这些地产股的资金高达12.05亿元。毫无疑问，中邮系基金始于去年下半年的重仓地产股的决策相当成功，在吸引坊间艳羡的目光的同时，也将自家腰包快速增厚。数据显示，自年初至本周三，中邮核心优选领跑所有股票型基金，涨幅高达35%，远远超过股票型基金净值18%的平均涨幅。地产股年报频现中邮系房地产，用国民经济的引擎之一来形容一点儿也不为过。自去年房地产市场的成交量持续萎缩后，对地产行业的关切之情便频频出现在基金经理的季度工作报告中，出现在基金经理的访谈中。与其他徘徊犹豫的基金公司相比，中邮系基金则表现异常坚决，选择提前进场等待。自去年三季度率先加仓地产股后，在接下来的四季度，中邮系对地产股的加仓力度丝毫不减，据已发布的房地产上市公司年报显示，多家地产股的前十大流通股股东均有中邮系基金的身影。据Wind统计数据显示，截至昨日，目前已披露的20多家房地产上市公司中，中邮系出现在了5家地产上市公司的前十大流通股股东中。泛海建设2008年年报显示，中邮系两只基金都重仓其中，双双挤入其前十大流通股股东。数据显示，中邮核心优选目前持有泛海建设2523.89万股，较去年三季度大举增持了1863.16万股，增幅超过了50%以上；中邮核心成长也重仓持有1997.38万股，相比去年三季度增持1129.6万股。中邮系基金的持股量占流通股的比例超过了10%，分别为泛海建设的第二大股东和第三大股东。华发股份年报显示，中邮核心成长同样选择了大举增持。去年四季度，中邮核心成长持有2811.75万股，较去年三季度增持1169.91万股。凭借大幅的吃进，中邮核心成长也成为华发股份的第二大股东和第一大流通股东。另一家地产类上市公司中华企业，中邮核心优选小幅减持46.29万股。不过，其持股数量仍然高达2500万股，仍为公司第二大流通股东。而在今日发布年报的上实发展中，中邮系两只基金又成为公司的前十大流通股股东。除了增持原有的地产股，陆家嘴2008年年报显示，中邮核心优选在去年四季度新进610.82万股，并一举成为该公司的第八大流通股东。地产股反弹 中邮系笑得甜自去年年底以来，国内一些城市的房屋成交量明显出现了回暖迹象。国信证券的报告显示，在过去一周对环渤海、长三角、华南及中西部共十九个重点城市的商品房屋销售情况监测结果表明，各地楼市销量仍然比较畅旺，回暖态势还在进一步延续。地产股销量的回暖，无意推升了地产股的暴涨热情。数据显示，2009年以来，上证指数的涨幅为24.44%，沪深300指数的涨幅为31%，而地产指数同期涨幅已接近44%。华侨城今年以来的涨幅已超过了55%，股价已回到了13元附近。金地集团、招商地产等地产股的涨幅都超过了50%，远远超过同期上证指数和沪深300指数涨幅。地产股的突出表现让埋伏已久的中邮系基金尝到了不小的甜头。数据显示，自年初至本周三，股票型基金净值的平均涨幅为18%，而中邮核心优选的涨幅高达35%，依然在股票型基金中领跑。而中邮核心成长的涨幅超过了27%，位列所有股票型基金的第十二位。相关报道中邮核心优选开放三日给老客户“补仓”机会？日前，中邮基金公司表示，2007年9月13日起，公司暂停了旗下中邮核心优选的日常申购业务。现为满足广大基金持有人的需求，公司决定自2009年3月25日起至2009年3月27日期间，针对既有客户 (即2009年3月23日前，持有过公司旗下基金产品且未注销本公司基金账户的投资者)，恢复该基金产品的日常申购业务。从2009年3月28日起，该基金将继续暂停日常申购业务，在日常申购业务暂停期间，该基金的赎回业务照常办理。市场分析人士指出，很显然，中邮核心优选选择在目前2200点左右打开申购，可以理解为给老基金持有人补仓减少亏损的机会，传递出的信号应该是较为乐观的。不管未来后市会如何演变，至少在中邮基金心里，目前的股指还不是高点。 每经记者 李娜    相关报道：    重仓地产股 中邮系基金赚欢了    泛海建设中邮系基金联袂出击    抄黄木顺的底 中邮系基金介入泛海建设    哈空调中邮系基金大举入驻    基金弃中国远洋登岸 中邮系浮亏18.6亿    中邮系两基金折戟吉恩镍业增发    中邮系两基金上周跌幅最深    基金排名大洗牌 中邮系基金上演过山车,1,4,0.636464536190033
中海基金将引入海外投资者■ 公司年报本报讯 (记者张晓玲)前日晚间，中国海外发展(0688.HK)公布了2008年年报，这家创办30年的老牌地产公司在去年楼市低迷时期实现了260亿元的销售额，市场占有率升至1.2%，且保持着43.7%的高毛利率。中海表示，能够在淡市中稳步前进，得益于中海的市场平衡战略。年报称，去年公司重点开拓了济南市场，接下来仍将继续强化在环渤海区域和长三角区域的投资布局，上述区域成为中海去年的主要利润来源。而在调整最深的珠三角地区，中海的销售表现落后于上述区域。中海表示，今年将力争完成350万平米的销售面积，比2008年增加30%。如果目标实现，中海今年有可能将有350亿元的销售额。在前日的业绩发布会上，中海副主席兼行政总裁郝建民表示，集团筹备成立多年的房地产发展基金，预计可于今年完成，规模可达5亿至8亿美元，将引入海外投资者，并以私募基金形式经营，主要投资中国海外以外的住宅物业。,1,4,0.9026705026626587
