text,true_label,pred_label,probability
穿上正好合适，朋友说很舒服很满意，正是他想要，所以给满分,7,7,0.9830232262611389
太酸了，真想丢了。非常无语，还有这次买的红柚也是，酸的不行。京东越来越不靠谱。,3,3,0.9547457098960876
你好你给我的充电器是不是原装的怎么老是充不满电,1,1,0.8219472765922546
最后悔的一次预订，这家酒店卫生真的很脏，这是最公布的，最基本的卫生都搞不好，别的不想多说了！,9,9,0.9903062582015991
呵呵，今天英语老师给我们派巧克力了~嚯嚯嚯~5班的跑步~！嘿嘿，这巧克力还真甜啊！！谢谢老师哈！！下次继续努力！！争取达到优秀，拿到蒙牛酸酸乳！！,6,6,0.8913267254829407
性价比确实还可以。赶超神舟 同样的价格，神舟的配置都比不上这个。 16：9的屏幕看宽屏电影比较爽。,8,1,0.757352888584137
酒店不错，房间面积很大，早餐不怎么好在晋城这个地方算是不错的酒店了，我自己住过2次。,9,9,0.9879750609397888
完全可以带皮吃，没有打蜡，非常非常有果味的好苹果,3,3,0.999481737613678
三星的卖这个价格算是便宜的，作为台机的补充，在msi和这款之间做的权衡，最终选择的是这款,8,8,0.6881868243217468
商品包装精美，但是外包装不咋的，有点破损，不过平板还好，只是指纹建有一点不平，左边低一点，右边高一点，安卓七用着还是流畅更新后就只有21个g内存了。,1,1,0.6491801738739014
不是很满意，感觉不像正品！！！ 不会是冒牌的吧,4,7,0.5245450139045715
电池时间短，无线网卡上不去，模板是10寸的，不是8.9的，没有想象中小。,8,8,0.7975031733512878
地上有大蟑螂，床上有虫子,9,9,0.6993695497512817
不太喜欢LED背光，色彩看上去不舒服，还是普通的CCFL好（CCFL 5.6英寸，显示1024 x 600，都比8.9 LED背光的要好）,8,8,0.8428335785865784
非常好吃，外观无破损，送朋友，自己也吃，棒棒的,3,3,0.9916672110557556
差级了，带上套看电影就会自动休眠,1,1,0.4879595935344696
满意还可以，洗了头发很光滑，很顺??,4,4,0.9062777161598206
这个苹果真的不错，非常满意，同样大小的苹果我从商超买要四五块钱，京东的才两块钱，吃起来又甜又脆，很好吃，很满意，物流也很给力，京东快递可以给满分，还会继续买。,3,3,0.9752311706542969
服务太差，没有收到货，系统显示收货，至今未处理,4,1,0.4528125524520874
物流很给力，平板已收到，不错，喜欢,1,1,0.8121839761734009
原来一直用丝蕴，这次同事推荐用的，洗完后头发很柔顺，很好很好很好,4,4,0.9892022013664246
轻轻掉地上屏幕就裂开了，悲哀呀,1,1,0.710103452205658
不错。一个人随便用！就是安装费有点贵去了170元,5,5,0.5494664907455444
很值得推荐的一本书，最初是买给女儿的，同事看到后觉得不错，要我替他们买过多次。,0,0,0.9978759288787842
收到了！~ 样式很好看！~ 面料不错！！ 老公穿着看来好帅啊 哈哈 谢谢店家,7,7,0.9612325429916382
618和平时促销一个价。有些商品反而加价。618买的 今天才拿到 发了第三次货才拿到。真的无语。,4,4,0.7755971550941467
转机，无奈的选择,9,9,0.43248385190963745
一直用清扬男款，一直从京东购买，谢谢京东谢谢,4,7,0.6344493627548218
几个星期后开机有些卡顿,1,1,0.5967090725898743
苹果甜脆 希望果农不要把标签贴在果皮上 不好洗,3,3,0.9827556014060974
拍了一件这款班尼路/Baleno夏男装 纯棉圆领短袖t恤男 小清新韩版潮流纯色体恤 59P鲜葡萄紫 XL的，以前购买过这品牌的体恤，感觉还不错的!,7,7,0.9222425222396851
快递京极速。单果不算小，新鲜甜脆可口。,3,3,0.9992601275444031
清扬洗发水还不错，洗头后头发很柔顺，很舒服,4,4,0.9886875152587891
给外公买的～东西不错～～京东还是不错哒～～支持,1,4,0.3870255947113037
为去机场方便，一般一般啦,9,9,0.9166194796562195
阔以阔以！赞一个，要凑够十个字哦,1,3,0.2822447717189789
我可以很负责任的说，一般人别吃这东西，收到货一摸上面厚厚的腊，估起来得有0.2毫米厚，那感觉忒假了，关键吃了还拉肚子，且吃起来感觉在嚼冰块和海绵的结合体，难吃！我很少这样去评价，一般都是只有9个字的评价，但这实在不满意！！！！！,3,3,0.893272340297699
安装很到位，自购管材，一分钱未收，,5,5,0.9841155409812927
全部完好无缺，不错，可以购买尝一下。一直在京东购物，对京东还是比较信任的。,3,3,0.9374344944953918
比想象中小，80mm的这幺小，不敢想象70，75的会有多小。第一次买生鲜，感觉不太好,3,3,0.9934786558151245
此书的阅读价值无需质疑，是本好书。可当当网的送来的这书质量特别差！读到第二天的时候，中间的装订就松了，如今，已经有十几页掉出来了。真让人烦躁。真没想到当当网会有质量这么差的书。,0,0,0.9995245933532715
京东客户端的客服非常差劲,4,1,0.5916818380355835
好好6666666666666666,4,3,0.3412952721118927
可以，和想象中的差不多,1,1,0.35467132925987244
已经用上了，华为品质没得说,1,1,0.9380932450294495
分辨率太低，规格参数里又不标明，换另一款也不行,1,1,0.7068186402320862
预订的是行政二房一厅，别人建议说是性价比较高的酒店。预约的时候写到达时间为12：00－15：00，而酒店说明里写的要求到达时间是14：00。那天在12：30到酒店时，被告知房间还没有打扫出来，有些郁闷为什么那么慢，不过服务员倒是立即主动对讲机呼叫说先打扫我要的那两间，态度还是比较客气的。再根据评分的项目来评价一下。首先是房间，120平方米的号称不算为过，其实应该算是二房二厅二卫，互相独立互不影响，房间都是大床，还有衣橱。厅里有餐桌还有茶几，不显得拥挤。开放式厨房里煤气、热水器、微波炉、冰箱一应俱全，不过我好奇的翻箱倒柜却没看到锅碗瓢盆，不知是否下厨的话需要自备。我们订的两间大小不等，房型也截然不同。500多元可以住两家人，用四个字来形容——够大、够值。再说环境，这倒是和点评上说的差不多，装修比较老，有些损耗比较明显，看起来就是旧旧的，如果是自己的家就会想重新装修。大堂、电梯、走廊……反正都是旧旧的。也用四个字来形容——简单、普通。最后是服务，前台小姐和打扫的阿妈都有接触，前台的态度之前已经说了，因为两间房中一间先打扫好的桌子较小，不适合我们两个套间的人坐一起，特地要求阿妈开了另一间还没有拿到钥匙的房间看一下情况是否需要换房。阿妈没有什么不情不愿的样子，耐心的给我开了门，回答了我一些问题，然后关门继续打扫刚才打扫了一半的房间。洗澡时热水器一开始没有工作，找了服务生来看一下，脸上始终没有笑容，不过还是很尽职地给我们检查和试用，并主动提出把我们房间少一个空调器的事实告诉前台以免结帐时出现问题。总评：会考虑再入住这类酒店。,9,9,0.9909229874610901
住的是258的阳光大床房，条件完全对得起这个价格，绝对的物超所值，酒店大环境很好，房间内的环境也很不错，入住赠送了水果，服务也很棒。缺点在于床稍微有点短，厕所有些小,9,9,0.9899712800979614
这货我真服了，我明明要的是30码的你给我发28码！    一百多块而已，老子就摆这了。连折腾的心思都省了，因为那样更闹心不值。买衣服还是去实体店吧，省心,7,7,0.9732999801635742
本来不想评价的，还是说几句吧！背心穿在身上很有型，也挺好看，但是材料真的不好，健身完了脱衣服的时候把我的手都染成了黑色，小伙伴们以为我中毒了，也是醉了，洗衣服的时候也会掉很多黑色的毛毛。建议大家要买就买品牌，最起码质量有保证。,7,7,0.9819663763046265
查了下，2010年开始在京东网购，买的东西不少，从没有评论过！这是第一次！,1,4,0.4694240689277649
酒店位置和服务都不错。所以已经第二次入住北京昆仑饭店。虽然携程预订页面说目前北京全城禁烟，酒店均为无烟房。但实际入住后发现，有人在饭店房间内抽烟，且将房门打开。我们将自己房门关紧，但烟味还是从空调处出来。出门在外不想惹事，只能自己再加500多元/晚，换到行政房，住了4晚。行政房非常好，物有所值。 但还是希望酒店加强控烟措施和力度。,9,9,0.9924013614654541
今后再也不选京东了，麻痹刚买就降价，太不要脸了，机子卡的不行，谁买谁后悔，垃圾客服,1,1,0.7989721298217773
非常差的酒店，住的是高级房，每天都有n多的小强在桌子上、地上走过，向大堂副理反映，被告知是因为天热，所以会有。汗!前台服务也差，所住楼层上一层装修，到晚9点仍然干活，先打电话到客服，客服说不管，打到前台，前台说她也管不了。宽带上网，发生IP冲突，不停的断网，电话打到前台，她仍然说管不了，说就这样。总之，差到极点的一家三星级酒店。怎么没人考核他们!!!,9,9,0.9913327097892761
很好，开机就升级。速度不错。大小正好!我也就用来看看视频,1,1,0.7232671976089478
东西很好 玩游戏很溜 很好用 总体不错 值得拥有,1,1,0.8642376661300659
都是这种苹果，很小又不脆，一周不到就全烂掉了,3,3,0.9995301961898804
味道很棒，酸甜可口，一如既往的好,3,3,0.9188742637634277
削了皮吃，还是有一股农药味。而且一点不甜。剩下几个没吃扔掉了！无语,3,3,0.9879266619682312
不错，好吃，但是不是所有苹果都有打蜡？,3,3,0.9717450737953186
投诉华南区配送飞远物流公司的投递员服务态度很差，严重影响了当当的声誉,0,6,0.27900922298431396
平板电脑边缘不平，贴膜有空气！已经贴了3张都是一样的效果！要求厂家给我个说法！,1,1,0.7721157073974609
刚拿到手就看了方文山写的序，以便决定他的内容风格，看后果然还是不错的，很有趣的叙述他们国中及升学后一票人的青春情愫。其实我书是看到一半，但绝对有继续看完的意思。假设你的中学生活是很单调的，也可以在小书中找到你想要的那份感觉，如果不单调则更加丰富了书的情节。建议：高中毕业后可以看看，读书的学生还是以学业为主啊。,0,0,0.999739944934845
苹果应该是以冷库直接出货的，凉意之余.伴着水珠，还可以。,3,3,0.951792299747467
房间设施偏旧，室内明显消毒水味道。卫生清理人员态度有待提高,9,9,0.996070146560669
差评 布料完全不一样,7,7,0.9867304563522339
早餐太差，没有窗,9,9,0.9252174496650696
我鈤尼嘛的华为，**手机用了3天手机听筒就没声了,1,1,0.7317019104957581
都是在卖照片 和实物差别很大,7,7,0.7080939412117004
这苹果不是一般的小啊，大小上面多大一个写了一件没看清就算了。但是图片做的也太好了吧，也不甜都发酸,3,3,0.9676575660705566
谢谢快递哥哥，老人家已经收到放在家里，辛苦你了快递哥!送上五楼!辛苦快递哥!,3,3,0.4390926659107208
用了几天，感觉不错，无线、蓝牙、摄像头等基本功能都有，对于上网本足够用了。在京东买省事，放心些，送来都是未拆封的。,8,1,0.6010856032371521
我昨天拍的还是活动还99，现在89了！太坑了！再也不来京东买东西了，垃圾,4,4,0.6685031056404114
220的房费，房间非常大，不象上海的经济型酒店，估计这是汉庭收购来的酒店吧！惊喜的是浴室除了有浴缸外竟然还有一个淋浴房，还是很多喷头的那种。大堂有点小！,9,9,0.9945671558380127
3G运行流畅,1,1,0.7218796014785767
外形不错，接口基本满意，屏幕够好，整体配置在入门机器范围还是属于较好的。发热量我自己还是能够接受，但是还是买了一个散热器。,8,8,0.9375946521759033
1.不支持MP3铃声。2.开启程序时速度较慢。3.2M的内存真让人有些伤感。,2,2,0.7157360315322876
和华为手机比差远了，希望华为能像苹果那样将平板也做好,1,1,0.9545705914497375
被子不干净，隔音不好，隔壁兄弟早早晚打炮的声音太吵了，实在是煎熬,9,9,0.9773015379905701
完美屏啊~还送包~~性价比很高！ 从订单到拿到手不到24小时！ 真是神速了！,8,1,0.8159733414649963
一周内第二次购买同款了，谁知这次却遇到了！昨晚下单今天上午就到了，正在感概京东超快，却不想拆封后意外了，白色外盒上面很大一块坑坑洼洼，一个角撞塌陷了，里面装数据线的地方盒子也是坏的！关键是我必须马上装软件，下午就要送给一个重要的领导，来不及换退货了，京东客户谈半天，给出的解决办法基本都是让我自认倒霉！比如，送我价值20的京豆，让我自己去实体店买个包装，试问，20能买到吗？说有专员联系我处理！却一直没消息！京东！京东！我都怀疑你们这货是不是返修的哟！内盒都有坏的啊！京东，太辜负我们的信任了！！！,1,1,0.5497490167617798
裤子质量很棒，穿上很舒服，卖家态度也超好的。,7,7,0.9952520132064819
还不错，第2次买了，好用，价钱经济实惠，下次还会再买的,4,4,0.35387709736824036
本来是抱着支持国货的态度买的，结果联系人里面“我的群组”下有个“最近联系时间”里面的所有的记录都不能删除，华为客服给出的解决方法是恢复出厂设置！入妮骂，难道我打一个电话恢复一次？？？？,1,1,0.8456102013587952
每个苹果都是有被磕的印子的，怀疑都是被挑剩下的,3,3,0.9696283936500549
屏幕碎了，真心疼，我还以为是钢化膜碎了，揭开之后才发现是屏幕碎了，真的是屏幕碎了，华为屏幕这么垃圾。,1,1,0.9410715103149414
多次回购了苹果，味道不错，送货也很快，谢谢快递帅哥,3,3,0.6276958584785461
手机反应很忙，与我用过2年的小米手机是一样的。手机充电时基本不能用，总是乱跑。想要玩手机之前先充好电。,1,1,0.7696552276611328
下订单付款了 单没有现货 再次到货时已经降价100元 没有通知我 也没有退款 不知如何解决？,8,1,0.5670895576477051
裤子质量很好，版型也不错，值得购买,7,7,0.9949967861175537
难吃，再也不买了。不甜，也没水分。,3,3,0.9834139943122864
香港还没成行，已经在看第二遍了，觉得日本人的东西确实很注重细节，因此书是翻译过来的，书中描写到与日本有关的东西的时候有种莫名的优越感，比如日本人开的家庭旅馆，感觉有点怪怪的，但好在篇幅很少。看过以后香港的地图有点了然于胸的感觉，很想满上就出发去实践呢，适合第一次去的朋友看，只是该书是2006-2007年的版本，可能会于实际有差距吧！等我回来了再告诉大家。,0,0,0.9833120107650757
差得不行，这辈子再也不去住了，只能叫旅社，不能叫酒店。,9,9,0.9633400440216064
有时操做太快易死机 不是智能机 屏幕小 电池不耐用 方向杆有时出乱 听筒音量太小 mp3开扬声器音量太小有时有杂声,2,2,0.7763546109199524
不错，很喜欢，支持华为，京东值得信赖,1,1,0.8993949294090271
质量非常的好！纯棉的，颜色也很棒。,7,7,0.9923129677772522
说心里话，本次顶这里很不满意，本来都不想评价的，看到早上携程发的信息叫我评价那么我就说几句，我女友十号飞上海的航班取消了，所以打电话退酒店，携程客服打了，酒店打了，来一句不可以退，除非特殊情况，请问什么是特殊情况？航班取消了我截图了你们自己看，定这个酒店还是朋友介绍的说这里方便，我也是醉了，简直存在霸王条款吗这是，钱一付就完了。不退钱就算了，我就叫两个朋友去住，结果发图片给我说房间也不是网上看的那么大，还有洗澡的浴缸堵起来了，水不去，来了一个阿姨修就用抽马桶的东西拔半天没弄好，浴缸用这玩意弄恶心不？又来一大叔弄半天事情才得以解决。提醒一下广大朋友下单注意下，不然白白损失没必要的钱！,9,9,0.9593176245689392
不太理想，一般般！有点失望！,7,9,0.3239809572696686
超级棒啊，一百五十来块买了这么多东西，这款洗发水真的好用。第一次在京东买，试用后好的话，肯定会回购的,4,4,0.9808487892150879
苹果底部是绿色的，是青苹果变红苹果了吗？,3,3,0.9592674970626831
蒙牛就是安全,6,6,0.9777354001998901
用了两月后上来评价，流畅度还行，系统有待提升和更完善人性化点，开机键还是在顶部好些，照相色彩和屏幕色彩偏深暖色，由于平板有些重量其实顶部和底部可以设计更宽一点，总的说来也就值这个价，有待提升空间！,1,8,0.6291714310646057
皮太厚了而且不甜，有些还坏了，一个苹果?5块钱真心觉的不值,3,3,0.9963668584823608
质量没得说， 送货服务态度也超级棒呢！每次都是在京东上面买，而且非常实惠，推荐购买,1,4,0.5982365012168884
试穿了一下，很合适，两个XX的好。,7,7,0.9920759201049805
苹果不甜，不是个人口感的问题，水分足应该是刚摘不久，我吃过，有1个青涩的.,3,3,0.9998830556869507
裤子质量非常好，版型很正，看上去像两三百的裤子，老公很喜欢，透气性也好，穿上很凉快 ，果断好评。,7,7,0.9963594079017639
在新加坡就一直好想吃蒙牛的「绿色心情」沙沙的口感，清新的绿豆香。这边没有卖好可惜，百度一下，自己学着制作。,6,6,0.7373117208480835
"做工精细,那出去贴膜的时候,连卖电脑的人的都说做工很好! 鼠标很好用,不需要鼠标垫,以前买的联想的电脑,随即怎送的鼠标就没有这个好,没有鼠标垫就用不起来.",8,8,0.850354790687561
蒙牛，我早已从失望到绝望…这个行业怎样安慰我们受伤的心？,6,6,0.9854271411895752
很好用，一瓶都用完了才来评价。,4,4,0.980467677116394
穿越历史红墙的迷雾，聆听诗艺伟人脉搏的律动，感受世纪真挚纯情的温度，享受好书美文的快乐！,0,0,0.9935376048088074
很差很差，感觉很山寨，一买完就降价，服了,4,7,0.7208684086799622
"刚看了开头,就再也看不下去.她的叙事方式,让我觉得像一个初中生的水平.随便翻了一翻就丢到一边了.",0,0,0.9997667670249939
大品牌，值得信赖。用了好多年了，非常不错的一款产品。京东自营的，放心，配送还快。会一直支持下去。,4,1,0.6162834763526917
洗发水去油效果不是很好，但脱发现象有改善，继续用试试看，效果好再回购。,4,4,0.9810929894447327
之前住的东苑的300多的活动房间很烂，这次改住600多的，没想到还是很烂。刚开始的房型好怪，放茶水的地方竟然是对着床，用来隔开卫生间，房型几乎四四方方，很空旷，因为空旷，地毯的脏一览无余，虽然地毯都脏，但是这个脏的看的这么明显，感觉比经济型酒店还差。后来跟前台反应换了房间。房型到是正常了，地毯还是脏。因为出差的工作在这个附近，不然就不住这个酒店了。反正是老酒店。不过位置还算不错，就是地理位置的缘故吧！,9,9,0.9934188723564148
"买了几套,女儿一套,其他的送给了女儿的好朋友.大家都很喜欢看.",0,0,0.9809381365776062
很遗憾包装很不好，感觉有人拆开过！希望手机是正品的。,1,1,0.8227468729019165
房间很大，很安静；餐厅的菜量很大价格合理，服务也不错；地段去王府井地区非常方便；但房间的宽带收费不合理（10元/日），应改成免费的；开车去注意有60米的单向行驶。总之酒店不错很满意。,9,9,0.9813796877861023
差评，保护壳都没有，5星差评！,1,1,0.8375097513198853
全5分 好产品 还负责安装 已经与当地安装师付预约了,5,5,0.9838518500328064
4月1日下单购买。使用一个月多点。从5月7日开始，手机发热，有烫手感觉。这个手机只用来打电话，发短信。。还安装了一个微信（微信基本不用）。第一次买华为。感觉很次,1,1,0.8023936152458191
很硬，一点也不脆，一点也不好吃,3,3,0.9508509635925293
手机送过来就放哪儿了，也没用，结果我第二天发现的有划痕就不给退了，明显的质量问题，客服也一直在敷衍，还是建议手机最好去实体店买，要么去官网买~,1,1,0.6975693702697754
假的，洗完一点香味都没有，后悔没去实体店买。,4,4,0.9334486722946167
超差的购物体验，拿到手里三个小小的火龙果让我哭笑不得！算下来比超市贵，个头比超市的小，还不甜！,3,3,0.9903165698051453
发现 华硕的无线网卡 真的很牛，能收到200m外楼里的无线路由信号，我试过，联想，惠普，戴尔，都没他信号好。本子散热太好了，比我的惠普强百倍，性能没的说。附件很丰富，有屏幕清洁布，电缆扎带，比其他品牌细心,8,8,0.973222553730011
以前住德清雅兰的，后转到丽晶试试。开始还行，但是今天实在是很不开心！1、前台登记，把我的信用卡仔细反复端详，始终不信任似的，丝毫不考虑查下我每星期都在他们这里住宿，而且都刷这张卡的。 刷卡很顺利，但小姐怀疑的态度实在让人无法接受！2、我拿四件行李，让行李员帮忙拿一拿，却被告知：下班了！ 晕！才晚上十点多！3、我订的是商务大床房，却发现给我的是两小床！问，被告知两小床拼起来就是大床房！！！ 我实在是身心疲惫，不想自己再拖四件行李去换房了！,9,9,0.9949387311935425
裤子不错，穿着大小合适，买的第四件了，一如既往的支持。,7,7,0.988314151763916
跟实体店买的香味不一样，用了以后头发狂掉,4,4,0.9609031081199646
蒙牛冠益乳 好喝又好用~,6,6,0.9038757681846619
大失所望，还是很油。这么贵的价格买了后悔死了，广告真害人。希望政府打击虚假广告。,4,4,0.4451606273651123
抵制蒙牛、抵制日货，哪个更重要？钓鱼岛事关国家利益和尊严，蒙牛奶事关国民健康和生命，哪个更可恨？日本是外敌，蒙牛是国贼，哪个更该打？,6,6,0.9399148225784302
一般，不达标，不达标，服务差,9,9,0.6011839509010315
支持花花公子，支持京东，小哥服务没的说，下一次惠顾。,7,4,0.38486993312835693
"喜欢一首歌会反复听，喜欢冬天多过夏天，喜欢蒙牛大麦酸奶和香蕉牛奶，喜欢简单少些心计，喜欢没事的时候宅在家，喜欢家人亲人宠物狗和在我成长途中帮助过我的人，喜欢陈老师冠希，喜欢这世上美丽的色彩，喜欢蒙奇奇和机器猫，喜欢自爱自恋和自拍，喜欢内心踏实的感觉...gemini,认识自己，继续...",6,6,0.6735978722572327
卖家很有耐心，服务态度很好，发货很快，早上拍下午收到。平板电脑2K屏幕很清晰，系统很流畅反应很灵敏，乐次元会员看高清电影很舒服。平板电脑哈曼卡顿音质听起来真是震撼，太爽了。,1,1,0.6957346200942993
虽然白色不是我想要的，但是不显指纹，也还不错。待机时间长，电源适配器小巧。键盘舒适。,8,8,0.7970457673072815
刚刚入住是发现房间的地毯和椅子都是湿的，打电话询问时前台只是说明了为什么椅子和地毯会是湿的、一点歉意都没感觉到。结果只给换了两把椅子，实在有些让人不爽。离五星级服务还有距离。,9,9,0.9946228265762329
华君酒店也可以说就是公寓式酒店。酒店交通还是比较方便的，距离八佰伴，东昌路地铁站以及陆家嘴金融区都不太远。看过以前住客的点评，觉得现在酒店的服务要好很多，大概是节前客人比较少吧？！前台办理入住手续很快，且很热情。客房服务也不错。只是房间看上去有点旧，早餐一般，感觉不值68元。不过作为一般出差的选择还是可以的。希望旺季价格不要涨得太多，否则没法报销啦！,9,9,0.9921646118164062
物流很快、我帮我老公买的，穿在身上也合适质量不错，下次我还来光顾、卖家服务也很好,7,7,0.9536267518997192
我为什么喜欢在京东买东西，因为今天买明天就可以送到。我为什么每个商品的评价都一样，因为在京东买的东西太多太多了，导致积累了很多未评价的订单，所以我统一用段话作为评价内容。京东购物这么久，有买到很好的产品，也有买到比较坑的产品，如果我用这段话来评价，说明这款产品没问题，至少85分以上…,3,4,0.43103837966918945
洗后头皮发痒！拉圾洗发水！我呸！,4,4,0.8908529281616211
唉唉跟图片不符合 唉唉唉唉唉唉唉唉唉唉唉唉唉唉唉唉唉唉唉唉唉唉唉唉唉唉唉唉唉唉唉,7,7,0.43679097294807434
发货很快的，618之前买的降价了,1,4,0.6991790533065796
客服态度很好，妈妈收的，没有拆开，还不知质量，希望完好,5,7,0.3466493487358093
买了瓶蒙牛酸奶，无比罪恶，只有这一个牌子，拿了又放回去，最后还是拿了，太不坚定了！下次一定要做到只有蒙牛就不喝！,6,6,0.9811311960220337
性能一般，蛮肉的，但上网速度很快，比我大HP都快，郁闷。。。电池太强啦～什么时候大本子也能用它个6小时啊？,8,8,0.7820975184440613
7月1日，2日入住酒店的豪华海景房，是看了携程的点评后预定的，直面大海，果然很不错。尤其是酒店配套的康乐设施很多，很干净的游泳池，保龄球、高尔夫练习场对住店客人打八折，酒店服务人员态度也很好，儿子特别中意这家酒店，称以后来威海还要入住。就是自助早餐品种较少。,9,9,0.993299126625061
这裤子褶皱太严重，粗布大衣,7,7,0.9978801012039185
还行，比较流畅，正在熟悉系统。,1,8,0.4630033075809479
帮帮哒，和想象的一样，点个赞,1,4,0.5359737277030945
怎么感觉屏幕发黄啊！感觉这个屏幕不行啊！,1,1,0.9314869046211243
这个肯定是假货！！！洗了之后头皮非常痒。才二天就很痒很痒，真是后悔买这么多，京东真是坑！！！！！,4,4,0.9371412396430969
要么假货要么滋源不好，明明买的是针对油性的但是真心油腻啊，还贵，如果是看广告来的还是放弃吧，花钱买罪受,4,4,0.9828758835792542
苹果个头不大！常温下食用不好吃！放冰箱后再食用脆甜！买水果这事儿还是实体店直观更靠谱！！！,3,3,0.9878566265106201
假货，假货，洗了头发好痒，好多头皮屑，,4,4,0.9484109878540039
大小合适，面料不错。做工不错，孩子穿上很好看，款式他特别喜欢。,7,7,0.99650639295578
非常不错非常不错非常不错非常的好,7,1,0.7752403616905212
知识分子都是这种死也不认错吗？宁肯混淆概念胡搅蛮缠也得坚持自己的脚趾头是对的…您脚趾头可真累…只是就事论事，蒙牛的事上还是挺佩服的…但承认个错误有那么难吗？,6,0,0.7905061841011047
携程的价格和酒店前台的价格一样。第一天到酒店后没有水果，第二天没有通过携程直接在前台开了一个标间，天天都有水果赠送。早餐还可以，品种够多。晚上没有骚扰电话，但是你如果想被骚扰，可以给按摩中心打电话让人上门按摩。房间内的装修还可以，只是窗户的玻璃与窗框居然有很大的缝隙。总体感觉还是不错，不到三百块钱的价格还可以。,9,9,0.984614372253418
刚吃了三个，后面发现全部是被压坏的，用肉眼看不出来，苹果的顶部有一块用点力按下去是软软的，压坏的。，，，，，，，，，，，，，，，，111,3,3,0.9925903081893921
分量足，包装好，物流快，价格优，非常棒！感谢京东！,4,3,0.4496118426322937
质量差的要死,7,7,0.7849528789520264
不好设计不合理，号码和衣服不一致，偏小，很失望。,7,7,0.985028862953186
没有其他颜色选择。送货的圆通服务真是一般，只送到楼下，以前京东用邮政快递的送到到家门口的。,8,3,0.2769607901573181
书理论较多，看起来令人费解。不实用。建议不要购买。,0,0,0.9967266321182251
硬件不错，从外观，做工多不错.,2,8,0.4234539866447449
环境，服务都不错，但设施确实有点成旧，房间是以前疗养院改造过来，卫生间走水有点不畅，请对房间内设施要求比较高的朋友别报太大希望，但幸运的是，住的后面几天遇见整个旧楼这块被奥运会火炬传递工作组的包下来了，酒店把我们免费升级到贵宾楼，那边真的很不错。,9,9,0.9911689758300781
非常完美的购物体验，裤子质量很好,7,7,0.986792802810669
系统实在太难装了，我是先用diskgen、winpe分区，然后用逐步安装的XP盘安装，然后把镜像拷到硬盘上，再进winpe用ghost32安装，折腾一下午终于搞定……开始有个39M的系藏分区折磨死我了,8,8,0.9969961643218994
个人觉得还是国产的好吃一点！这进口的烂的很快！感觉味道还没有国产的甜，个人觉得国产的要好吃的多！,3,3,0.9848094582557678
非常不错的笔记本电脑，里面还配了一个原装鼠标，属于意外惊喜，呵呵！,8,8,0.774796187877655
很好用，泡沫丰富，洗完了头皮不痒，头发顺滑,4,4,0.9960480332374573
小孩子看了发笑，大人看了也有所深思的一本书。书本拿到后，有一点失望。纸张太薄，背面的字和图画会影响正面的阅读。另外，图画不及〈小淘气包尼古拉〉。每个倒霉故事前面的图画是一样的。而小淘气包里每个故事都有不同的生动的漫画，内容也很有趣味。只有一点，就是这本书的字较大，小淘气包的字较小，小孩子看起来会较辛苦，适合大人读给他听。,0,0,0.9995139837265015
外形时尚，功能齐全,2,2,0.9584426283836365
包装，存储，运输等技术都非常棒。,3,3,0.2538040578365326
京东物流，闪电速度。东西自然的好，京东买东西已经成为习惯！,3,3,0.37365958094596863
货都还没有收到，叫我怎么评价呀。我的水果都不知道被送到什么地方去了，现在都已经快四天了，都还没收到，烂都已经烂了吧。,3,3,0.9751881957054138
苹果又脆又甜，特别好，常温放了好几天还挺好的。,3,3,0.9955001473426819
这也太不好了刚买没几天赠品就多了返回键不太灵敏 有时候不好用,1,1,0.7652966380119324
过夜等飞机，没啥可说的。早餐盘好脏！,9,9,0.9702867269515991
非常满意的一次购物，苹果脆甜，还会购买。,3,3,0.9655411243438721
家人用的，我没见到，听说不错,1,1,0.5637788772583008
质量不好，跟专卖店不一样，尺码也和专卖店相差太大，真是气人！,7,7,0.9915573596954346
东西空洞，浮夸没什么实际意义她所写的我们都想得到,0,0,0.9230166673660278
感觉屏幕的侧边有点缝隙。系统分区太不合理。 怎么连一张备份的关盘都没有？,8,8,0.8567057847976685
第二次购买，这次是烂的，而且一点也不甜！差评！,3,3,0.8573145866394043
不新鲜，同时在京东自营上买了十斤，两个相差太大。京东自营上新鲜多了。挺失望的。,3,3,0.9881765246391296
裤子没有色差，质量非常好也挺合身的，性价比非常高。宝贝很棒！店家服务态度也超好！物流也挺给力,7,7,0.9616576433181763
苹果小小个包装很不错，味道非常好，京东快递也非常给力，一如既往的支持京东。,3,3,0.9413754343986511
物流速度快泡沫丰富比超市便宜很好用护发素不错服务好味道不错是正品,4,4,0.9255845546722412
"驱动还有系统要自装,还有显卡太鸡巴低了.还有装系统太麻烦了...",8,8,0.9756783246994019
屏幕色彩有点灰，后壳是塑料的，充电太慢了，刚到手还觉得有点卡。建议大家别买，还不如多花点钱买个苹果，国产华为竟然做成这样，还不如去买小米平板2，老子以后再也不买华为了，像素还垃圾,1,1,0.8662935495376587
京东购物方便快捷，水果新鲜还保鲜，比起市方便，己经买}好多次，从没失望，支持京东，感谢快递小哥。,3,3,0.9522284269332886
好几瓶，应该可以用很久，京东快递永远神速！,4,4,0.9722216129302979
绝对垃圾书``想读历史的读此书毫无价值`` 类似垃圾小说``不推荐想了解明朝历史的人读这本书``我买了第一卷打死都不想再买后面的,0,0,0.9966872334480286
大小还好，不过第一次洗就掉色，越洗越大，穿在身上有点痒，不是100%纯棉的,7,7,0.9947722554206848
服务真差！,9,7,0.36841097474098206
哇塞，今天收到期待已久的平板了，立体声效果太好了，屏幕清晰大小尺寸正合适我好喜欢！谢谢店家！快点进货，还有朋友要买！,1,1,0.7736514806747437
"发热大，无麦克风，6346c音质,只能说它能发出声音而已,仅此而已。6346c的声音又小,还有破音。",8,8,0.5377105474472046
酒店包三餐，从来没有碰到过！在酒店吃了午餐和晚餐，很不错，有鱼有肉，而且做的味道也很好！每天还送两瓶矿泉水和两听可口可乐，不值啥钱，但是心意可贵！楼层里还有报纸共取阅。服务人员的态度非常好也非常主动。早晨结帐一分钟不到就全办完了，堪称神速！实在想不到淮南还有这样好的酒店，比许多大城市的五星级的都要好，有机会再去淮南一定还去金茂去住！,9,9,0.974736750125885
今天刚到，用段时间看看好不好在追加评价,1,4,0.7877545356750488
这酒店也太差了，根本达不到四星。大堂脏乱。第一间房因排气扇轰轰作响被迫换房，第二间房就更离谱，竟能听到隔壁的呼噜声，隔音效果太差了！,9,9,0.9986530542373657
东西很好，味道好闻，就是快递有点慢了，可能是天气的原因吧，总之收到了?,4,4,0.39554935693740845
五一期间，“好心的酒店”居然送我们早餐，但是一个房间只送一份。结果，就是，我们五个房间9个人，只有五个人有早餐，其他4个每人要多付98元一份早餐。我们想把4号的早餐改成2号也不行（我们四号的早上的飞机，早餐６点开始，我们５点要出门）。太不人性化了。其中一个房间居然浴室没有帘子。。。。。。。。。。。,9,9,0.9827548861503601
发货速度慢！好不容易收到了结果商品还给发错了！！！还得申请换货，来回还得半个多月时间！！！,7,7,0.35246357321739197
早餐还可以，房间一般，不过隔音效果很好，虽然对则一条大马路，但是根本听不到什么嘲音,9,9,0.9956527948379517
电池好像时间比较长 Lenovo标志印在上面感觉有点傻 还是喜欢只印ibm的 Vista装的实在不爽，第一次开机用了5，6分钟 ， 第二根内存插进去才稍微好点，没光驱也不知道怎么装个xp进去,8,8,0.9924206137657166
性价比很高，价位挺合适，挺喜欢清扬，比较适合自己,4,1,0.4240860044956207
有一天我买衣服的时候看到卖衣服的女孩在看一本叫《长安月下红袖香》的书，我拿来翻了两页觉得文章很美，又懒得上书店去找，于是想到朋友曾经推荐给我的当当网，试着订购了一下，结果很快到货，包装非常好。这本书的内容也很不错，分门别类介绍了一下与历史上那些奇女子有关的诗句，有些诗句以前读过，虽然觉得琅琅上口但是不了解相关的背景，读这本书加深了对那些美诗美句的理解。非常值得收藏的一本书,0,0,0.9995334148406982
"造型美观,轻颖.手感良好",2,2,0.9637883901596069
蒙牛的東西真心不能喝了啊。。好恶心。。恶心死了，蒙牛恶心，虫子更恶心，对着虫子撸的最恶心！我擦。。这两天都在喝这个。。。。 再也不买了！！！,6,6,0.8244264721870422
环境一般，房间一般,9,9,0.9788044691085815
先说优点：装修是新的，房间很大，房间灯光、家具都不错，达到3星水平。山庄所处位置风景优美，整体布局设计体现了一定的水平。再说缺点：管理水平跟农村招待所差不多。一大早空调就没电了，原来是服务员在外面关了房间的开关，打电话之后服务员才把开关打开。早上9点不到，有客人退房，服务员持对讲机在楼道里用能吵醒整个楼层任何甜梦的声音在跟前台对讲，把整个山庄最可贵的宁静搅扰得荡然无存。最后是最要命的：温泉的水根本看不出是温泉，脏的简直就是山脚下湖里头抽上来的湖水。虽说可以随时调温，可是任你泡你看着那一池你专用的浑浊的温泉水，谅你也不敢泡久！,9,9,0.9870784282684326
给个中肯的评价，包装不错，速度也快，就是价格比超市贵,3,4,0.35344237089157104
续航差，和手机差不多，看电影三个小时。屏幕一般，触摸灵敏度差，显示有点灰，不够清晰,1,1,0.5823493003845215
苹果包装好，新鲜。送货快。快递小哥服务好,3,3,0.8741048574447632
今天看了新闻，有一位明星因为癌症去世了，一个歌手阿桑。唉，想想现在的社会要生活的健康真的不容易。买了姜老师的这本书，觉得很有收益。从食物出发，寻找健康是最最根本的。而且既做了公益事业——环保，自己也达到了健康状态，两全其美。如果你不能长期坚持吃素，我觉得偶尔或者坚持吃，或者搭配吃也挺好的。只要能对自己有健康的帮助，我相信你不会不去做的。一本好书，看看吧。有用。,0,0,0.992711067199707
划屏实在惹人讨厌.待机时间干不过师兄九A九++,2,1,0.524903416633606
最满意的一次购物，昨天下午想吃水果不愿意出门直接京东下单了，今天一早快递小哥就送来了，来了以后让我当面检查了下水果是否有不满意的地方，还告诉我橙子怎么样好拨开，有什么不满意直接跟他说就好，都可以解决，京东的服务是越来越好了！满意，支持生鲜，不出门就可以买到想吃的水果！,3,3,0.6737326979637146
说实话，洗完以后头皮屑增多很多。,4,4,0.9591673612594604
现在已习惯京东买东西，送货快，618买合适，囤货，听说清扬好，这次买便宜,4,4,0.7330265641212463
洗了掉色特严重，很硬，还没穿,7,7,0.988594651222229
就这个价格来说酒店已经非常好了。不过携程把地址写成以前的路名了，害得我的车载GPS把我往相反方向带了5KM，开到了一片待拆迁的地方，像个鬼街。把一车人都吓得不清。（当时是晚上9点多）。建议取消以前的地名，直接用现在的路名。,9,9,0.9830921292304993
宝贝不错，客服也很热情，赞一个,7,7,0.6755412220954895
恭喜蒙牛终于超越了我当年的成就！早日康复，重返绿茵！,6,6,0.9935304522514343
发货速度快，京东购物放心，实惠，之前买的诺基亚n1已坏，又给孩子买了这个，希望耐用点吧,1,1,0.658656120300293
"非常好的一本书，我认为是我踏足时尚产业看到最好的一本书会英文的同学可以去google一下作者 Mark Tungate, 是很出名的时尚界记者，作者，还出了另外几本书。特别感受深刻的一点，是作者频繁参与各种时尚事件，并interview这些时尚人士，书内给出的都是一些真实的语录，已经见识，仿佛跟着作者去经历了这些事情，这种写法也是很正派的作家才会做的。推荐此书！",0,0,0.9977557063102722
快递慢！包裹破损，衣服上有污渍！1分都给多了！,7,7,0.6607253551483154
其实就是原来的招待所，重新装修了一下。倒是比较干净，服务也还可以，设施不是很好，最重要的是那个院子晚上12点要关大门的，结果有一天晚上回来晚了，怎么敲门也没人搭理，后来有个保安出来说走后面的门，真是郁闷啊！,9,9,0.9902358651161194
收到了。和卖家描述的一致，颜色没误差，质量也好。摸着手感不错，穿上腰围尺寸很合适，百搭，很喜欢，邮递的包装也很好，快递快啊，真心不错。五分，下次还来你家。,7,7,0.9446120262145996
这个系统啊，把我命都搞没了！！！ 不过现在有经验了！！！ 想要找我帮忙的可以啊 ！QQ：609909965,8,8,0.28868401050567627
我没有语言来形容这部书。看到这部书是从我手机的QQ信息里。当时简单的看了一下大概内容还可以。偶尔上网时来当当上看看就看到了这本书。买了第一本回去看了。这一看就是一发不可收拾。看了已经十多遍了。每次看心里都有揪心的痛。还让我的很多同事看了。现在我已经很珍惜的收藏了这本书。现在又买了这部书的第二部续集。希望又一次可以打动我的心吧。四眼小狗网很珍惜这本书。希望大家都来分享,0,0,0.9960945248603821
掉色.不要买啦,7,7,0.9603869318962097
轻薄时尚内屏颜色,2,2,0.5568668842315674
这衣服质量太差，而且还缩水，各位买的时候要三思，虽然不贵但也不要浪费钱,7,7,0.9703842401504517
苹果外面好好的，里面烂了，才收获两天，客服也不管！,3,3,0.9604615569114685
618活动买的，性价比不错，满意！,4,1,0.47031810879707336
感觉上当了，给母亲买的，回家一看！纯属伪劣产品！不值这个价！,1,4,0.6836705803871155
性价比非常的低，设施非常的旧，不建议入住。 主要卖价就在贴着盘门景点建的宾馆，主楼上的房间根本不值200的宾馆，地毯和墙纸非常的脏，卫生间洗澡的下水道很堵，会积水。 非常重要的一点：携程网上的价格和散客的价格一样，通过网站预订根本没有优惠。,9,9,0.9906734824180603
蒙牛的背景究竟有多牛逼 这种企业怎么还能活着！ 我X啊蒙牛真尼玛无耻！,6,6,0.9895263910293579
我是前天去买了这款手机，拿来摆弄两天后，发现这款机子确实不错她几乎包含了市场上中等机所有的功能，且又是彩屏机。,2,2,0.8718888163566589
用了不到半月，无摔，带套，贴钢化膜，屏幕下方玻璃裂缝，这质量，真不敢恭维！希望只是个案！！,1,1,0.5570258498191833
相信在香格里拉这么个荒凉的小县城来说，这间酒店相对比较好，餐厅吃得也不算贵。总体来说是算比较舒服的，,9,9,0.987808346748352
裤子穿起来十分好看，而且也很舒服，材质也非常好，手感极佳，下回还是在这买裤子(????ω????)，赞一个。,7,7,0.9929901361465454
蛋大点丫，吃了还酸酸的，第一次给差评,3,3,0.9851810932159424
不好 没用之前没头皮屑 用了之后开始起头皮屑了呜呜,4,4,0.9948103427886963
产品还行，最差劲的是软件基本只能用手机软件，跟个大手机没什么区别，给低分主要是因为京东物流太慢，一周后催单才给发货！,1,1,0.8349504470825195
夏天一直用这款洗发水 凉快清爽不油腻 虽然是男款 但是女生也可以用 而且送货超快 现在都不用提前备货了 随买随送货 贴心,4,4,0.9131678342819214
现在我越来越懒宁愿在京东超市买也不愿意去超市买东西啦。哎。,4,3,0.4752645790576935
活动促销时买的，超值，和正品一样。快递员服务也挺好，下次还来京东买,4,4,0.7634017467498779
个人酒店评价等级：很好；偏好；一般；偏差；很差福州美伦华美达大饭店——偏好详细:A-外观-4.0分B-服务-4.0分C-房间-4.0分D-早餐-4.0分备注：01.原本订的是高级房，免费升级到行政楼层，很满意；02.华美达的一贯风格，简约,9,9,0.993630588054657
假货，我老婆一直洗的这款，以前都是在超市买的，这次我替她在网上买的，我天天被她骂，说我太相信网购了，京东自营我是一直相信的，现在慢慢走逃鲍路子了，卖假货，,4,4,0.7773058414459229
服务非常好，很快，但是硬件设施太老，卫生间有味道，目前在装修，早7点就有动工的机器声，打扰美梦。但是结帐时前台主动咨询意见，并给抱歉，非常人性化的服务，还有在电梯里主动让客人，很不错的服务。早餐很中式，习惯西餐的恐怕没的吃了。宾馆反馈 2008年6月2日 ： 尊敬的客人： 您好！感谢您惠顾唐山锦江贵宾楼饭店，您的下榻令我们深感荣幸。您的留言我们已经收到，首先要谢谢您对我店前台服务给予的良好评价。另外，关于您提出的“硬件设施太老”的意见，可能您已经留意到，我店正在进行装修改造，力求为广大宾客创造一个舒适、优美的居停环境，为此还打扰了您的休息，我们感到十分抱歉，并已与施工单位接洽，尽量避开客人的休息时间，恳请您能给予理解和支持。同时，收到您提出的“西式早餐品种少”的意见后，我店餐饮部特别给予了关注，将针对客人口味，适当调换品种，相信在您下次光临时会有所改善。关于您提出的“卫生间有味道”的意见，由于您已离店，无法当面与您进行交流，但我们会进一步加强客房服务员的操作程序，使房间环境更加整洁、干净。 再次谢谢您的中肯评价，真诚地感谢您对唐山锦江贵宾楼饭店的支持，并恭候您的再次下榻！ 祝您身体健康，工作顺利，万事如意！,9,9,0.9923725128173828
第二次买了，商品质量还不错，物流也很给力，京东加油↖(^ω^)↗,3,4,0.5216003656387329
姑且不说张爱玲本人写的这篇小说怎么样，现在就《色，戒》这本书的情况说一下自己的看法。此书封面设计还凑合，但当打开书的时候才发现只是最后的一篇几页纸的部分才是真正的小说“色，戒”，一下子给人一种上当受骗的感觉。而做这本书的公司的成功之处就在于这本说做了一个塑封，让读者在买之前根本看不到里面到底什么内容，买了之后大失所望。正赶上《色，戒》这部电影的热映，也带着这本书卖起来。因此，这本书从操作发行出版方面来讲是不能称其为“书”的，只能算做一个比较成功的商品。,0,0,0.9924798011779785
"这个买瞎了,不如我以前买的好，以前买的洗完头清凉的感觉，这个用了没大感觉，不知道是不是假的？",4,4,0.952261745929718
非常好，比超市便宜多了。。送货速度很快。,3,3,0.24154454469680786
给媳妇买的，送货到家还是会让人很满意的效果好好的，以后有机会会还要再来购买！    给媳妇买的，送货到家还是会让人很满意的效果好好的，以后有机会会还要再来购买！,3,4,0.7353262901306152
第二条裤子，质量很好，很适合穿，跟网上看的一样，很舒服,7,7,0.9987688660621643
清扬的东西商品本身就不评价了，生产日期都是一批的，还有好几年保质期足够了，套装单价已经比超*，还有赠品，划得来，而且赠品批次都很不错的，满意满意，京东自营还是很不错的，一直在这里下单的,4,4,0.8591920137405396
整体感觉还不错，去商业街也比较方便。早餐总类还算丰富，就是煎鸡蛋的服务生态度还需改进，让他煎个鸡蛋也不应一声。,9,9,0.9831497073173523
做工粗糙，看着不好。,7,7,0.7060263752937317
卖家服务很好！物流挺快！宝贝质量不错！尺码大小合适！,7,7,0.9587791562080383
到苏州上海速度都很快，当天可以到，苹果没有图片那么好，水分还是很足的，但有个别是酸的～整体还不错，很大一箱，包装很好，没有挤坏～,3,3,0.9499371647834778
性价比。。。非常的高，这个价位，的确可以说是美国的神舟。。 系统的确难装，相对于不太懂的人，不过基本上最近出的系统碟都可以直接装。,8,8,0.9387882351875305
这是什么样的卖家，这样的水果都发货给人吃，我倒贴钱给你你愿意吃吗？！,3,3,0.8325037956237793
订的铂金蓝发个纯黑很不负责任。,7,7,0.7102669477462769
这个差评是给京东快递的,4,4,0.5221589803695679
说是五星，服务差的没话说，check in速度慢的跟乌龟一样；订的至尊房，能享受下午茶，但酒店全程没有一人说，要不是朋友订房的时候问了至尊跟别的有啥区别服务员才支支吾吾说了都还不知道；两点去下午茶酒廊，什么都没有，呵呵；更绝的是朋友房间的床单还有滩干掉的血～,9,9,0.9908893704414368
京东就是快，用了优惠券，不错！！！！！！！,1,4,0.722997784614563
我个人觉得这本书是我读过最好的一本书，书中采用为什么要这样，动机是什么，他的出现有什么背景知识，以及一个概念属于的多重含义，在不同场景的不同运用，这样的方式来进行的，我个人认为翻译的还不错，这本书的作者，真的是不愧为大师啊，每每看下几页纸，就感触颇多，那是很有体会啊，一本书能够勾起你很多的想法时，我想你读书的目的已经达到，如果你还在犹豫，那么请你果决点，绝对没有错，强烈推荐！,0,0,0.9995610117912292
挺好用的，现在买的第二次了。手机屏幕大，比较的喜欢呢。,1,1,0.9323492050170898
不支持全屏播放；摄像头没有提供闪光灯的支持；TF存储卡不支持热插拔；不支持蓝牙传输功能。,2,2,0.9183475375175476
刚收到货，用了一下，还可以，物流超快，京东值得信赖。这价买的值，中国华为，支持国货。,1,1,0.5855696797370911
想冰冻过的，吃起来一点都不新鲜。,3,3,0.966163694858551
已经住过多次了，还是一个字：好！服务好，环境好！服务人性化，房间虽然小些，但对我足够了。一点儿遗憾是没有免费的矿泉水。早餐不错，很丰盛尤其是有一些小笼，像南方的早茶了。对于3星级有此早餐很好了。携程的价格还是稍差一些，我以其他公司协议价住过要更便宜些。总的讲：下次还住，还推荐其它同事住。,9,9,0.9946698546409607
货到很快，这个裤子很值，真心的物美价廉，甚至可以说超值，面料也很好，准备再买一条。追求经济实惠和时尚的淘友果断拍吧！,7,7,0.9882504940032959
没有第一次买的好吃，第一次买时虽然个小，但又甜又脆，第二次再买很失望，口感不好，决不再光顾此店。,3,3,0.9959024786949158
等使用评价,1,4,0.44766122102737427
配置还算主流，接口齐全（USB口*3、HIMI*1），附件也都有了（蓝牙、摄像头、麦克风、Modem），一般游戏不成问题。 PS：FN功能键不能用的问题装个软件就解决了，三星官网上有。,8,8,0.6537532210350037
很差，差的不要不要的，价格不稳定，变来变去的，真是服了,4,7,0.4884732663631439
差评，对老外格外照顾，对国人爱答不理。房间潮湿，霉味很重，前台客服更是不通情理，不推荐，从来没住过这么差的酒店,9,9,0.9929146766662598
没有发票，使用16天后手机反应越来越慢...退换货已过时间..,1,1,0.784288763999939
看了当当的推荐和网评，于是下决心买来看看，看过后发现并没有想象中的那么有趣，有时还觉得很幼稚，不知道我他真的不令我满意还是我不懂韩国式的幽默！,0,0,0.9986968636512756
京东商城值得信赖！有问题管换，痛快！快递小哥服务也好！没话说,1,4,0.4352189600467682
"房间OK，很大, 服务也不错，,环境优美, 交通很方便.",9,9,0.9521402716636658
住在阳光酒店，都不用上岛玩了，下次来一定带泳衣、吊竿,9,9,0.8229833841323853
"除了位置之外，真的不要住了，服务态度差，问个wifi 爱搭理不搭理的，还说自己连连看，看运气，没有就算了。多要一个房钥匙没有，还说所有酒店都这样，没办法，我住过这么多酒店还没遇过不行的，重点不是在意不行，而是前台的态度，一直讲""那没办法.."", 好像我么花钱活该，能不来就不来吧。",9,9,0.9888224601745605
酒店景色很好，就是房间设施很low，床很旧，被子还发黄！,9,9,0.9938879609107971
这款无指纹识别，也无人脸识别，京东资料上要改改了！ 还有摄像头要光线很好、距离远的情况下才正常 否则颜色超淡！ 运行VISTA超慢 改了XP就很棒了！,8,8,0.4694993197917938
很好，不错哦，一直都用这洗头发，,4,4,0.9842909574508667
洗了一次感觉很干啊，头屑是没有减少，两大瓶加两小支，不会是假货吧！如果是我会哭死！用上一段时间再来追评，请慎买！五星是给快递员的,4,4,0.9483661651611328
"不是第一次入住了,感觉还不错,要不然不会第二次选择,早餐的品种少了些.其他还好.",9,9,0.9889616370201111
元旦时候入住的 ，一直没时间评价，房间很大，就是床单很硬，胳膊和背上都磨的 很痛，不过住的还可以，希望把床单换掉,9,9,0.9817836880683899
呵呵，我也觉得特别意外，刚发完蒙牛客服就回复我了,6,1,0.2844732403755188
太坑了，前两天88，这两天就69，价格变化也太大了吧,4,4,0.5434476733207703
之前有买过清扬，用着还可以的，洗完清清爽爽的。这次的就不一样，不舒服，洗完头发干干的，今天还发现有了头屑，我这用了三次还是这样，心累，第一次京东买东西，主要看快递比较给力，但是东西也太次了吧，以后会考虑要不要再从这买东西，毕竟质量才是最重要的,4,4,0.960351288318634
首先是实惠，好吃，物流超怏，苹果每个都差不多大小，稍稍带点酸，正适合我本人，宝宝也爱吃，很新鲜，没有烂果，物流小哥辛苦了，来了两趟，因为我没接电话，太感谢了。,3,3,0.9936631917953491
今天收到了仔裤。是真正的花花公子品质，衣料好，做工好，式样也好，包装也很仔细，感到挺满意。    但是，因为个人的原因，确定衣服的号码大了一号，不得不更换，有点自找麻烦了。,7,7,0.9621632695198059
洗发水得换着用，去屑效果还可以，,4,4,0.9936656355857849
这是第二次购买了。去年买了一条，质量杠杠的，穿了一年还没坏，旧了，准备当工作裤了。所以这次一次性买了两条，喜欢就买吧!,7,7,0.9765360951423645
"裤子不错,大小合适,款式好看,很喜欢",7,7,0.9959915280342102
衣服质感不错，款式还行，也实惠。客服也很给力,7,7,0.9348448514938354
感觉很好！快递很快，昨晚9点多买的，今天上午就到了！玻璃膜和外壳套也可以！就是贴膜的时候麻烦了点，毕竟不是专业的。总体来说还是很不错的！支持华为！,1,1,0.8336262702941895
太大了太大了，垃圾,7,7,0.5722452998161316
观景大床房，住了2晚。酒店位置很好，距离虹桥机场只有不到10公里，出行、叫车都算方便。据说是人大培训用的酒店，三星标准。服务还可以，但是洗手间设施比较陈旧，淋浴间的下水不太通畅，毛巾也是很旧的样子。,9,9,0.9938196539878845
"洒店的房间太小,设计也不合理。电梯太少,三十几层楼才只有两个电梯.早餐还需先到三楼走一条长廊后再转电梯到37楼,等一次电梯最少要花上5分钟。价格也偏贵，加上早餐及宽带的费用后，与五星级的酒店差不了多少。",9,9,0.9937095642089844
京东垃圾以后不会买京东的东西了。,4,3,0.36733195185661316
囤货囤货，用够一年不是问题哈哈哈，每次都很喜欢这样的促销，也很划算，旅行装带去出差也很方便，好喜欢潘婷，一直用了5年了，很喜欢很赞，味道清香，用后头发也滑滑的不枯燥，很信赖的一个品牌,4,4,0.9855726361274719
服务人员态度良好安静不扰人离商业购物中心步行约10分钟,9,9,0.9026657342910767
多说了，我问这俩客服洗发水为何比超市贵上*，客服立马拉黑,4,4,0.4060746431350708
大牌子，好用，很愉快的一次购物体验，好评！,4,4,0.9542155265808105
刚收到东西，昨天晚上订的今天中午就收到了，快吧！还没用得先充电，用用看再说吧！,1,1,0.5180437564849854
商务小本，造型沉稳，做工精致。键盘手感不错，大小适中。屏幕10?，工作时眼睛不累。配置上也是可圈可点。,8,8,0.9597176909446716
手机应该可以还没使用，可以给五星，but解释下：填写地址时显示该地区有货，可以送货上门。付款成功后到货为什么还要我跑1公里路去镇上拿？！,1,1,0.42672622203826904
什么都好，就是有点小。该买十寸的。,1,1,0.47726738452911377
价格在贵阳算便宜的，不过房间太旧，够大，空调暖风白天不开，生气！,9,9,0.9921205043792725
屏幕不清晰 根本玩不玩成 要退款根本不行 还要一些要求 坑啊 不要买,1,1,0.9847162961959839
包装好。送货快。一直选择京东的原因。京东加油。,3,3,0.36463436484336853
以前去香港都是住在尖沙咀的“九龙酒店”，印象十分好，除了房间小一些，交通是真的很方便！尖沙咀地铁站出来就是。这次去香港想着换一个地区酒店住住，因为比较喜欢SOGO，就想选择铜锣湾这一带的酒店。在携程上查看了大家的评价，又因为定的时候比较仓促，看重的“海景酒店”没有了，就选择了“港岛皇悦”。事实证明，这个酒店只要加钱一百多，是真的不行啊！一分价钱一分货~~~~check in的时候，前台态度不好又动作慢，一开始只肯给大床房，因为我和我妈睡眠不好，就执意要标房，于是给了16层最里间的一个房间（1601），这个房间卫生间很有问题，花洒和台盆的下水道是坏的！花洒的问题是支架由于使用年代长久的问题已经松了，只要一放上去，花洒就会掉下来，所以洗澡的时候只能一个手拿着洗澡！而台盆的下水道塞子是不能人为控制的，只要一塞住就拿不出来，只能用小刀撬出来，我的一柄小水果刀也因此弄坏。要求换房，被告知没有标间，只有大床房，也不知是真是假；报维修也说一天两天修不好，只好做罢，将就使用。再来说说它的交通，离地铁站不近也不远，走走么6、7分钟，早上出门还精神抖擞，走走没问题，晚上回家逛得双脚酸痛，可就走不动了，想想还是尖沙咀九龙酒店好，地铁上面就是酒店。还有一点，就是到SOGO的距离，携程上写明是0.5公里，那天我和我妈愣是走了25分钟，半当中还吃不消在许留山歇了一歇，不然真不行了。最后再说说酒店的环境，网友们都评价这家酒店晚上很吵，一定要住高层，本来我看自己住16层，心想应该不要紧，谁知晚上还是吵，这是因为酒店门口的一条街到了晚上也算是酒吧一条街，还不是正宗的那些，隔几步就看到打扮“坦荡”的女人坐在酒吧门口，那些酒吧都有厚实的门帘，一直要吵到凌晨才会安静！虽然对这个酒店有诸多不满，但是它也有一个亮点，也要表扬一下：机场快线的免费穿梭巴士H1有一个站点就在“港岛皇悦”，所以来、去都很方便，等于下了机场快线就有专车直送。下次再去香港的话，我想我不会再挑选这个酒店了。,9,9,0.9899489879608154
物流配送超快，其他的一般,4,1,0.43746429681777954
用**券，不错，挺合适的，便宜很多，没用过，听说好用，超值！,4,4,0.7882906794548035
据说可可西里的藏羚羊喝奶只喝伊利的，不喝蒙牛的~~~蒙牛你不觉得你很凄凉吗？哇哈哈哈哈哈@---ning---,6,6,0.9978838562965393
一无商标，二发货慢，三还是假货，差评都没你垃圾,7,4,0.4287513196468353
衣服不错，没有什么不好的味道。衣服腋窝后部有些紧，还有就是领子里面多那么一块干吗，总是自己翻出来(见最后一张图)不舒服。快递也很快。,7,7,0.8440043330192566
果子大小！与描述不符！价格比超市贵一倍！,3,3,0.964341938495636
不要这样侮辱我家魏晨偶吧好吗？我家偶吧是2007年蒙牛酸酸乳快乐男生的季军好吗？你家偶吧只是会作词作曲兼制作人，得过无数奖等等而已好吗？根本不能跟我家偶吧比的,6,6,0.7687265276908875
好，不错，得蛮多的，划算，喜欢,4,3,0.2754747271537781
便宜没好货，不知分量是否足，总之，个头不大，小的只有拳头大小。,3,3,0.957263171672821
我觉得一本好书，是文字好、故事好兼顾的，这个系列书用诙谐的文字写出了生动的故事，配合充满童趣的画。让孩子和大人都非常喜欢，孩子认字前我给他念，他听得开心，我讲得也高兴，真是好书。送给不爱看中文书的小“海龟“，他们的妈妈说让他们也很喜欢看呢，够吸引人。感谢原作者同时也要感谢译者的努力，通过好的翻译让我们得以欣赏到这样好的书。,0,0,0.9980366826057434
"绝对不值!!! 刚住进去卫生间水管爆裂,,匆忙找服务员,半天才来,非常麻木,看了看去找修理工,大概5分钟后回来,此时房间积水有1厘米,半天没修好,要求换房间,然后漫长的?",9,9,0.9849733114242554
反正一个月没到就扬声器出现问题，只能维修。维修这段时间怎么办是我要思考的问题,1,2,0.49331364035606384
可以用不到的。紧来？,1,1,0.4342874586582184
苹果还没吃，个头虽然不大，不过看着还可以，12颗里边有3颗有一点点瑕疵，看在价格也够亲民的份上，好评吧,3,3,0.9981696605682373
像素很渣，刚买就降价！,1,1,0.7499343752861023
平板电脑不错，速度很快，系统华为优化的不错。我不买通话的就用手机做热点再用万能wife破解上网，不错。,1,1,0.759334146976471
千万别住，酒店没有窗户，蚊子满家飞，被子是湿的，根本没法住的。,9,9,0.9918095469474792
太多了  不一一细说  主要是价格合理 T4200感觉比我以前用的扣肉2  1.8主频的强多了  顶！ 在没有装东西之前感觉并不慢 30号晚上下的单，五一上午发货，下午自提，效率之高是我最应该赞的！,8,8,0.9149720072746277
很小也不怎么甜味道一般，不值得价格,3,3,0.8155510425567627
这也太精致了，也不新鲜，口感一般，不如以前买的，没办法了,3,3,0.9950932264328003
的新专辑《年轮》发行后备受好评，在刚公布的2012年度蒙牛酸酸乳MusicRadio中国TOP排行榜入围名单中，《年轮》获得内地最佳唱片和内地传媒推荐唱片大奖两项提名，将与许巍、曹方、曲婉婷、郁可唯、尚雯婕等一同争夺。竞争激烈，无论获奖与否这都是对雅莉歌唱事业极大的肯定。@黄雅莉歌迷会,6,6,0.5692620277404785
宝贝收到就好了，产品还不错，以前一直在用这款洗头膏，令我不解的是，我是在秒的的产品*，怎么下单去买的时候价格就成了*了，快递很快，当天就到了。,4,4,0.9582228660583496
这中通快递的速度也太墨迹了吧，25日早上七点发往北京，现在才送到，2个节日都过去了…不过对我朋友来讲也算是迟来的惊喜！,3,8,0.3199992775917053
这个酒店啊，不务正业!奉劝该管理层，心思用到正地方。,9,9,0.8331602215766907
由于天气预报的不确定性，预定过程中更改了几次时间，都顺利完成。前台服务态度非常好。度假村很气派，环境极佳，可惜我们入住的时候正是下雨天，没能好好享受一下跟美景的亲密接触。,9,9,0.9870729446411133
给老妈看视频的，喜欢,1,1,0.801296055316925
是在上中专时听同学介绍了这本书的具体情节，当时就很为它感动，而且是我心仪的女孩讲给我听的。于是，借到此书后就如饥似渴地读了起来，一口气看完了它，真得是凄婉动人，深有红楼之韵味。此后 就始终怀着拥有此书的强烈愿望。遇到一些版本，装帧、质量等总令己不太满意，现在幸有此版本，不唯精装，印刷装帧都没得挑，且价格又便宜，还等什么？现捧书在手，抚玩不已，激动之情难以表达。,0,0,0.9971833825111389
白色钢琴烤漆很漂亮，声音效果很棒，对于用来上上网，做些文字办公，看看电影，只要不超级大片的完全够用了，关键是便捷性很好。,8,8,0.6903546452522278
裤子收到了，感觉挺不错的，材质也很好，很不错的一次购物体验，很好！,7,7,0.9785506725311279
苹果脆甜可口，新鲜多汁，全家都喜欢吃，好得很！,3,3,0.995048463344574
短裤太大了， 号码不准，唉 无言。。。。。。。。,7,7,0.793133020401001
京东生鲜多次购买，一次买了10箱，非常满意。,3,3,0.9169320464134216
送个电脑背包比桌子要好吧，还有没配鼠，要另外买，不方便操作。,8,8,0.4793046712875366
前台接电话没有耐心语气不太好，当面服务态度不文明礼貌，,9,9,0.9868649840354919
"感觉还可以,就是二层楼房窗外没有风景,被一些建筑物遮挡,可能是广告之类,晚上还可以,有窗帘,白天就不能恭维了.在网上订的,写着有水果赠送,因为还有同事,夸口有水果赠送,结果到房间后根本没有,好没面子,后来催了两次,总算送了过来.总台服务态度特别好.",9,9,0.9699115753173828
物流很快，没两天就到了。客服姐姐服务态度很好，很喜欢。裤子也很不错，布料摸着穿着都挺舒服的，关键是穿着好看！会继续支持的！希望店家可以越办越好！,7,7,0.9323161840438843
第一次买他家水果，太失望，三个火龙果哪有1.1公斤啊，坑人啊，实际共重1.61斤，个头非常小，小的可怜，照片为证，大家看着办吧，我可是再也不买了 ，一个星都不想给,3,3,0.9959205389022827
价格还算可以，配置也不错，外形很喜欢，待机时间有2个小时！我只喜欢的是它屏幕是LED的，,8,2,0.5311838388442993
还没有安装，安装后再评论。,5,5,0.6682865619659424
白边出现鼓包，并有裂痕，，希望这是华为的个例，，我一直用华为手机，帮亲朋也买华为手机，性价比很高，值得信赖。但这次还是给差评，因为换货周期长，先退货了，赠品也要退，现在买，不是耳机赠品。,1,1,0.851701557636261
首先性价比很高，这个价位买512独显超值了；其次品质还是很不错的，毕竟惠普的牌子还是值得信赖的，不愧是世界第一的笔记本供应商。,8,8,0.8914671540260315
收到货，却是套装已拆，不知何故,4,0,0.4024108052253723
经常数据重整~一天要整五六次。反映慢，屏幕太小，短消息铃声就四个，太少！,2,2,0.8511114716529846
不好打车。酒店洗澡没有热水！,9,9,0.9772012233734131
外观靓丽，质量做工很好，2K屏成像好，8.4寸屏幕大小适中方便携带 ，音效很好，若配上质量好点的重低音耳机，听音乐看大片真是太爽了！618节抢购的，便宜一百多，一个字：值！,1,1,0.6585084199905396
苹果个头大小不一，烟台苹果卖相是不好的，味道可以淡淡的甜香水足，还会买。包装好，价格一般。,3,3,0.998595654964447
我是第一次入住香格里拉，现在距当时入住有一个月了，除了前台的微笑，没有什么更多印象了。。。,9,9,0.9588155150413513
"1.外屏易沾染指纹和污渍； 2.铃声音量不够大； 3.只有1.5M动态内存,存储量实在太小； 4.响应速度偏慢； 5.不支持红外与蓝牙；",2,2,0.9658069610595703
这款平板屏幕有严重拖影现象！！！咨询华为客服叫升级系统可解决，可是系统升级显示最新你叫我咋升级？而且华为客服说这款平板全部都有这种现象！！！后进购买者注意！！！拖影目前没有解决办法！！！一星都不想给！京东强制最低一星！！！这次是购买华为最差体验第二次！第一次是麦芒4！浏览器滑动页面卡屏！最后说明，不是黑这款平板！！！,1,1,0.9613960385322571
买了看电影的，屏幕够大,1,1,0.9333675503730774
我喜歡蒙牛。。。他再毒我也喜歡。。。第一眼就喜歡上了呢。。。然後就戒不掉了。。。,6,0,0.24297694861888885
不喝蒙牛就行了！,6,6,0.9605550765991211
同学买的，看起来很不错！ 性价比还行！ 到现在还没出现质量问题！ 后续在评价！ 买京东自营要的就是送货速度,1,4,0.38113799691200256
这裤子像查扣的进口垃圾返工,7,7,0.8849687576293945
刚买回来不到一个月就出现玩游戏卡死，反应迟钝过慢。。。暂时发现这问题，在用几个月看看，后期追加评论,1,1,0.7693366408348083
ＸＰ的驱动不是很全，应该在改进，虽然ＸＰ要退出历史舞台，可是现在还是主流系统，sl400应该跟进。,8,8,0.9768426418304443
选的黑色，收到的货不是黑色，商家不良,7,7,0.8010521531105042
刚开机充电充的特别慢3小时也就充了30%开机刚进入安卓市场，下载了一个迅雷看看应用结果闪退，再下载个中华会计网结果依旧闪退。。。必需闪退重新进入才可以下载。。。。真是国产机难道就是比不上爱派德么？愤怒。。。。,1,1,0.817794680595398
这个活动价格就是骗人的，活动结束了也是这个价格,4,4,0.4777488112449646
物流很快，拿到货看了后很满意,7,7,0.44180071353912354
非常超值，价格还比现在优惠，然后包装很好，次日达非常方便。,4,4,0.8037055730819702
比想象中的小，对克重没有概念，正好家里有个厨房用称，原来就应该是这个个头啊，不过按照这个大小，性价比很低，下次买大点的,3,8,0.5076221823692322
这几乎是江阴最好的酒店了，有很多老外都住在这里。房间的大小还可以，装饰和设施感觉没有五星的标准，算四星还差不多。最让人受不了的是这家的停车场，我是在一个普通的日子去的，结果还是碰上有人在宾馆结婚。地下地上都停满了赴婚宴人的车，结果我们住店的人要把车停在马路对面的很远的地方。那天还下着中雨，我车上有一个法国人、一个菲律宾人和两个中国人不得不提着行李冒着雨躲过一个又一个的水坑去宾馆大厅。门口的保安好像对这种情况已经见怪不怪了，看着我们四个人在于里跳来跳去面无表情。真是烂透了。,9,9,0.9935651421546936
"在副楼的房间有老旧了些,实有必要再整修了,尤其在地毯部份,不然整体上是不错的的.在早餐的服务上还是可以的,仍有着水准.",9,9,0.9849971532821655
从五年前开始用清扬，那时是去超市买的，750毫升52块，到了前面突然就涨价了，82一瓶，于是就从那时开始买京东自营的清扬，一直在买，一直在用，像这么热的天我洗澡也是用清扬洗发水洗澡，那感觉真爽！好评无限！！！,4,4,0.9783929586410522
性价比不错，老公试洗了一下说还可以，味道也比较好闻，日期是到2019年的。,4,5,0.5239657163619995
宝贝收到了，苹果，是正品很脆很甜物流很快递送人员服务态度很好，很热情谢谢京东，下次再来,3,3,0.7635542154312134
1、酒店环境很好，张江园区环境非常好2、豪华大床房很大，而且有阳台，可以看见下面的湖，房间也很明亮3、酒店突出了商务氛围4、前台、楼层服务员、餐厅服务员热情、友好、主动5、房间地毯比较脏6?,9,9,0.993793249130249
质量一般般，网速太慢，卡卡卡,1,1,0.9172005653381348
东西非常不错，非常不错非常不错非常不错非常不错非常，，,3,1,0.4021223783493042
非常精致温暖的酒店，很有特色，服务也很到位。入住当天去餐厅吃饭，东西很好吃，可是由于高原反应，几乎什么都吃不下，叫服务员打包，结果服务员居然很体贴地说可以放在厨房第二天再热一下吃，还端来了姜茶，赞一个！就是洗澡不大舒服，卫生间太小,9,9,0.9755367040634155
平板昨天发货，今天中午就收到了，外观不错，屏幕分辨率高，很清晰，就是不知道用久了会不会卡。,1,1,0.9493993520736694
我觉得这个裤子非常不错，我个人觉得很好看，期待与你们的下次合作，希望商家生意越做越大。,7,7,0.9770448207855225
"酒店的建筑本身设计与盘门景区的结合非常的巧妙,交通也很方便,住得是贵宾楼,硬件设施不错,服务一般。儿童乐园只开到下午5点，关门时间也太早了吧，好多酒店都开到晚上10点的，可能是因为酒店也觉得里面玩得东西太简陋了吗，完全跟不上五星酒店的档次?游泳池的水温很低，写得是26度，一般不应该是28度吗？早餐的时候西餐厅人超级多而且混乱，餐厅旁边的厕所是我住过的所有酒店里史无前例的脏的，女儿因此拒绝在此如厕。",9,9,0.9961782693862915
多年入住此酒店，主要是服务和地理位置好。但房间和设施太陈旧了，应该要重装修才行，否则性价比不高,9,9,0.9938982725143433
刚到手，觉得挺不错的，可是用了都不到一个月，居然老重启，不知道什么鬼毛病，每次开机都自己玩命的重启，我都替它累。华为的售后电话，一直忙碌着！早就听说在华为上班的人巨忙巨累，连他们生产的机器都这么累！我真是服了~~~国产的电子产品，真是水平有限！图便宜，后果比较烦！,1,1,0.4993283748626709
支持FM收音机；可以简单地拍拍照！显示屏和铃声效果一般。待机时间比较长！,2,2,0.9657881855964661
正品，618活动买的，4大瓶还有4小的，日期也非常好,4,4,0.9624262452125549
"整体环境比较不错,离景点也很近,很方便.适合家庭旅游居住",9,9,0.9923464059829712
苹果很好吃，挺脆的，不过个头有点小的。。。,3,3,0.9892025589942932
来的很准时，感谢京东物流，这次靠谱了。苹果还未品尝，看个子不小，希望味道也能不错,3,3,0.9835345149040222
宏辉果蔬 苹果 烟台红富士 12个 单果约75mm 总重约2.1kg 新鲜水果,3,3,0.9982991814613342
外形尺寸都非常满意！就是有一点新买的怎么那么难么慢？？？卡机卡的要死，我是真心无语了！你卡机我能接受？新买的，才用了几天，反正刚拿回来反应就是慢，卡！不想说什么了，真是一次闹心的网购！,1,1,0.64467853307724
酒店比较旧，不符合四星标准，出行不是很方便。,9,9,0.9909144639968872
"这本书很好，大师的笔法果然非同一般，不过绪论对孔子的批斗让我很不满，我有点不明白为什么讲老子就一点要屁孔子呢，甚至有些都是欲加之罪，比如“讽刺孔子哲学，固非难事，他的崇礼仪、厚葬久丧比鼓励其弟子钻营官职，以期救世，均足供为讽刺文章的材料。”（P3第三段）就很没有道理。论语中就有这样一句话,我借以反驳“林放问礼之本，子曰：大哉问，礼，与其奢也，宁俭。丧，与其易也，宁戚。”",0,0,0.9966508746147156
质量还是挺不错 应该是正品 也算是有保证 白条三期还免息 运行也很流畅,1,1,0.7032930254936218
这个苹果我还是第一次买真不错个个都是好的吃完了再买,3,3,0.9958658218383789
非常满意非常满意非常完美非常好。大爱无疆好好好好吃呀,3,3,0.8089759945869446
不好 很不好 售后态度一拖再拖，非常不满意！！！！！,7,1,0.5293355584144592
废品 劝大家不要买,7,7,0.3236565589904785
华为的机器很不错，价格实在，速度快，一点不卡。,1,1,0.7719088196754456
苹果包装漂亮，还不错，快递还是飞快！,3,3,0.6372936964035034
我是帮两位外国客人定的江景房。客人的回馈还是不错的。我看了其他客人有的评点不是很好，可能还是江景房比较能保证质量。,9,9,0.9842954874038696
苹果口感较酸，口味实在是太差了，谁买谁上当！！！头一次给最差的评价。,3,3,0.9983519315719604
崔雅的感性和生活体验与肯的理性与理论思考完美地结合，给我们展示了一段真实而艰难的病痛生活之外，他们的内心的艰难与美丽。陆陆续续读过这本书不下3遍，在我开始学习内观禅修之前、之后，都不断地找时间来读这一本书，它揭示了这两个人在理性、心理和灵性的不同层面上的非常深刻的体验和发现，以及不断地自我的解脱和成长。我深受启发，深受感动。推荐给所有的朋友。愿我们在生命的磨砺中成长，解脱。,0,0,0.998542308807373
这也太小了，好多白的，不够红，差评。,3,3,0.5614160895347595
我想说 确实很快 什么都好 除了这个推脱责任的态度 不就一个赠品吗 要不要都行,4,4,0.45543399453163147
还行，穿得舒服，就不知道洗了会不会变宽,7,7,0.9892667531967163
超薄，夏天穿正合适，汗多的显透明慎买白色,7,7,0.9875044226646423
"抵制三鹿过后,开始抵制蒙牛抵制蒙牛;抵制蒙牛抵制蒙牛抵制蒙牛抵制蒙牛抵制蒙牛抵制蒙牛抵制蒙牛抵制蒙牛抵制蒙牛抵制蒙牛抵制蒙牛抵制蒙牛抵制蒙牛",6,6,0.9878472089767456
快递非常快一天就到了,1,4,0.33142539858818054
很好的产品，多次购买啦，不错不错。很好的产品，多次购买啦，不错不错很好的产品，多次购买啦，不错不错。很好的产品，多次购买啦，不错不错,3,4,0.5828772783279419
个头不大，味道酸甜，还算过得去,3,3,0.9960740804672241
配音居然是日本的~~~~~~~~完全是烂货！！！,0,0,0.37938907742500305
"好用,洗完头发柔顺，没有头屑，不痒。",4,4,0.982768714427948
"其实我很喜欢大宗酒店的欧洲式设计,外观和内观也很美,这次已经是第2次入住,感觉也是很不错,服务员很有礼貌,如果价钱上可以提供多点选择更好,因为我记得那次入住是840多元,含早,这次是750,不含早,价钱其实不是差太远,但我比较喜欢那次入住的房间,如果可以提供不同价钱的房间选择就好了,还有被子只有羽绒被,我比较喜欢棉被,羽绒被太热了..哈,我相信我下次也会入住,谢谢",9,9,0.9849969148635864
宝贝质量不错，很喜欢，发货速度快，买家服务态度好，宝贝与买家描述的一样，很满意的一次购物赞。,7,7,0.6277971267700195
衣衣收到了，裤子质量非常好，卖家客服也很好，非常满意的一定购物，祝生意兴隆，以后还会经常光顾的。,7,7,0.9662359356880188
京东的服务员态度越来越好，还有个放心收，主动打开包装给我看。这么多年在京东买东西，头一次遇到。为送货员点赞。    苹果个头不大，但是打开盒子，很香，也脆。,3,3,0.9988540410995483
价格比普通的要高，不新鲜，脏兮兮的，个头也不大，味道也一般！！看图，质量真的差！！亲们拍时要多加考虑！！,3,3,0.5046948194503784
房间在这个价位来说可以接受，卫生间很大！但是隔音非常差，什么都听得到。最差的是早餐，简直是恐怖，所有的餐具都是塑料的，白色的塑料餐具因为用的时间长了并且长期没有洗净，已经发黑。部分塑料的餐具附着一些不知名的未洗净物，水淋淋的（甚至还有水在碗里），都不知道有没有洗过还是在水里泡一下就拿出来，用来吃粥的小菜上空苍蝇飞舞，包子馒头冰冷。脏，脏， 太脏了！我可以要求早餐非常简单甚至就是白粥加水，但是绝对不能容忍脏。这个价钱说含早，但是可以当作不含早来看，反正我没敢吃。,9,9,0.9870642423629761
为什么没有发票！？手机漏光厉害,1,1,0.6333864331245422
入住前看了之前各位网友的点评，心里预期不是很高，而且自己准备了拖鞋和饮用水，在入住的时候特意要了无烟房。入住之后，发现房间的面积挺大，基本设施虽然不新但是功能都完好，房间（我住在3层）的隔音也不错。总体感觉还可以了。,9,9,0.9767165184020996
宝贝收到了，看到裤子很惊喜，没想到这样的价格可以买到这么好的质量，基本上没有什么瑕疵，立刻就试穿了，穿上卖家推荐的码数刚刚好，很显瘦，大爱，以后买衣服就认准这家了,7,7,0.9981451034545898
基金痛所有投资项目一样，必须先要有所了解，才能把握分寸，不至于跟风而造成损失。此本基金入门的书是一个不错的选择，不像一般的书一样偏重概念，虽然也涉及到概念，但作者用自己的方式解读，使第一次接触基金的人能更好的理解。内容以非常容易理解的语言象大众普及了基金的很多观念，对于普通基民来说，要想有所收获，必须了解基金界的很多情况，在关键的时候才不会盲目跟风。对于新手，强烈推荐。,0,0,0.9941458702087402
从门面来看，该酒店就显得不够气派，虽然楼层很高。房间从来没有安排到过正面湖景的，尤其是前台的接待的水准实在差，有怨妇状的，有面无表情的。,9,9,0.9974541068077087
不是我本人入住的，但是同事前后三次去淄博出差，每次都要求我帮他们定这家酒店，看来他们挺满意的，想来应该是不错的。,9,9,0.964844822883606
拒绝蒙牛牛奶,6,6,0.9913767576217651
这是最好的酒店之一了，曾经住过的。它有其他酒店缺少的古朴环境，占地又特大！古典和现代的优雅结合！安静的房间，是因为掩映在了古树林中。很棒的感觉！有机会就回去的。,9,9,0.9811218976974487
酒店实在差，房间又小又脏，卫生间环境太差，整个酒店有点像马路边上的招待所。,9,9,0.9933755993843079
后来发现屏幕上有一个坏点，打客服X200要8个坏点才能退换，郁闷,8,1,0.8801112771034241
裤子很合身，质量不错不起皱。下水洗了，没有变形，很满意。,7,7,0.9906499981880188
质量保证。试穿过了，防水防风的，外面一层像雨衣一样会响。就是物流真慢的没话说。,7,7,0.7379956245422363
活动购买的，质量好。老婆大人说好用那就买呗！哈哈哈?,4,4,0.649491548538208
我现在使用6270也有半年多时间了，确实有很多地方让我个人觉得非常失望。在购机的那天（4月8日）查版本，不是3.69版，就当场给刷成3.69。因为有很多朋友说这版本稳定，可是用了并非如此。本月8号去NOKIA专卖把版本刷成3.81，依然还是失望。刷机的时候KF态度很好，我非常满意，但6270让我太失望。也许仅仅是这款机的失败，并非NOKIA本身。1，滑盖的跷跷板，新机拿在手里的时候朋友就问“你这水货吧？好多钱？”听了想死，我NOKIA专卖买的行货。2，中间的导航键掉漆，特别的打眼。用了才半年时间，就开始掉了，真想把它全部刮掉，满脸的麻子。3，两个扬声器，大大的显示屏，却是配了BL-5C（970mA）的电池。很不经用，就像庞大的身体，却患有先天性心脏病。为此我总带着一块备用电池在身上。4，如果你没有用过6270，那你肯定不知道它有白屏的习惯。此机原本没有“化妆镜”功能，却要自己显能耐，搞起土不土洋不洋的。还有其它的小毛病可以采取一些办法解决的我就不细说了，如MP3播放器显示乱码歌名，扩展卡里的资料存多了后慢的出奇。而且通过蓝牙接受到的文件不能直接储存到卡上，而要我们人为的转存到扩展卡，为此限制了最大文件接受不得超过11M。忘了还有一点最恶心的，那就是录象的时候，色彩差得死不算，还有好多锯齿，看着就没兴趣继续录下去，扫兴！ 照相的时候静止效果还可以，但如果要抓怕那简直不知道照的是什么。,2,2,0.663330614566803
真他是骗1子又不甜，还小个。再也不在这里买水果了，买回来还有烂的,3,3,0.9766279458999634
**手机发热太厉害都不敢用，真怕用着用着炸了,1,1,0.7022231817245483
不满意，难道一点防护措施都没有吗？难怪上一个回漏。脏兮兮的都是划痕真服了。,4,4,0.5139580368995667
裤子受到了，质量很好，摸起来很舒服，穿起来也合身。快递非常棒，快递员态度也很好。买之前和客服交流了很久，服务态度非常棒。非常满意，裤子超值！以后就在你家买了。,7,7,0.9791296124458313
质量不错，款式好看，穿着舒适，合体，满意 好,7,7,0.9960048794746399
用了一段时间了，感觉很好。这个配置够用了。,1,8,0.48115912079811096
我擦太恶心了以后打死不喝蒙牛了要喝就喝三元奶！！！！密封的吸管里都能爬虫子，倒出的牛奶里都能有大虫子！！！蒙牛你丫怎么还没倒闭呢！！！！！,6,6,0.9758360981941223
衣服太垃圾了！码号偏大，容易起毛！以后再也不会买这家店的衣服了！太坑了,7,7,0.9890368580818176
一般般般般般般般般般,1,7,0.2559686601161957
跟图片一点都不一样，基本没有弹性，懒得退了,7,7,0.9576041102409363
很不错很喜欢白色得衣服啊啊啊,7,7,0.9808985590934753
面料不错的，穿着挺舒服的，挺满意的,7,7,0.994331955909729
味道明显淡，而且稀，有专门跑到屈臣氏闻了一下，申请退货两次都被拒绝，在京东买了那么多东西，这次是真的失望，第一次给差评，气愤,4,4,0.5452631711959839
千万不要买 用了起头皮,4,4,0.8945887684822083
苹果甜脆，略带一点酸味，水分足，买过其它稍微便宜的，但感觉还是这个好吃，已经买了好几次了。,3,3,0.9998328685760498
用了后头痒，头皮屑也多了，以前一直用的潘婷没有这种情况，这次京东上买的自营潘婷，非常不满意！真伪让人担忧！,4,4,0.987471878528595
还可以吧价格实惠，早上拍下下午就收到货了，还没有用期待效果好。,4,7,0.29750189185142517
东西都包装的很完好，京东小哥人也特别好，谢谢,3,4,0.3567298650741577
京东这次太让我失望了，从来没见过这幺小的火龙果，拍的是佳农牌的，发回来的却不是。给一颗星是因为快递速度还可以，大家参考下图片，慎重。。。,3,3,0.9472385048866272
我们住的是四室一厅的小牧屋，已经第二次去了，感觉挺好的，很适合人数较多的度假活动。周边有大学城，吃饭问题也可以解决了。一定还会去。但是卫生设施不是很方便。用的是电热水器，洗个澡5分钟不到水就冷了。电视机只能收到3、4个台。不过那么多人本来就是去玩的，这个就忽略不计了。。。,9,9,0.993182361125946
冷链配送，京东值得信赖。80的苹果大小正好，新鲜,3,3,0.9954832792282104
开始洗了，以前买过，这牌子很好的,7,4,0.7842623591423035
"普遍都感到满意,只是房内浴室有点漏水及水龙头水力不足room no. 2105",9,9,0.9960792660713196
赶上618，买了这么一大盒礼品盒装的沙宣洗发套装。一直都在用这个牌子，真心不错。这次是囤货???,4,4,0.9832879900932312
按HP客服提供的驱动下载地址去下载安装，最后还有一大堆的未知设备！搞了两天都搞不定，最后只能找朋友帮忙.,8,8,0.7761138081550598
货已收到，京东送货非常快速。包装精致，是正品。,4,4,0.38212069869041443
看到网友的点评还有些不信，去了以后才知道什么叫全世界最脏，最差的酒店。,9,9,0.9855284094810486
这家酒店外表并不怎么起眼，但内部不错，服务业比较到位，对于讲究实惠的客人是很好的选择（除非很要表面好看的人）。值得下次再去住！,9,9,0.9777340292930603
套装，价格很合适，一直用清扬，618活动价格挺给力！,4,4,0.8563271164894104
还不错，就是大门有点小。,9,9,0.8479655981063843
第一买华为的手机类，到手感觉质量很好，以后手机也要跟华为了！,1,1,0.931337296962738
服务较差！前台开房办手续时也不问要什么房型，开了双床房，还不给换,9,9,0.9958685636520386
收到货了，物流送错地方迟了一天，以后长点心吧,1,7,0.26605868339538574
裤子很不错，质量很好，穿起来舒服。。款式也喜欢。,7,7,0.9961121678352356
面料不错，款式很喜欢，穿上很舒服,7,7,0.9986922144889832
滋源洗发水很不错 用券买的很划算,4,4,0.9809806942939758
环境和服务都比较不错，最大的缺憾是，早上打的的时候非常不方便。往往需要等上10分钟时间,9,9,0.9623831510543823
待机时间根本没有120小时，最多不超过48小时，相差甚远。,2,2,0.5521552562713623
很好，送快递帅哥很好，看我抱娃，帮我直接拿到四楼，非常感谢帅哥。,3,1,0.24023331701755524
7月18日入住的。140元的房价虽然没有早餐、宽带但依然是非常值的。酒店服务员态度非常好。我是自驾车旅游。所以对于酒店稍微偏离市区无所谓的。不过上高速特别方便。总之这个酒店是去黄山旅游人的上佳入住点。不过回来后发现酒店的140元房间突然就无法预定了。不知道是为什么？有点是肯定的，酒店的入住率很低的。我上礼拜去的时候入住率不到60%。难道酒店觉得没钱赚所以取消了？如果是这样的话，那就太不应该了。这样也会影响酒店的信誉的。,9,9,0.9814157485961914
对于这次买的裤子非常满意，给男朋友买的，没想到尺码都挺好的，挺合身，上身效果也不错，非常满意的一次购物。,7,7,0.9864798188209534
做工太粗糙了,7,7,0.5108585953712463
京东发货速度快，每每有需要的，都首选京东，一般早晨下单，下午到，或者晚上下单明天到，每次都很准时，快递小哥服务很好，辛苦了。水果很新鲜，口感好，是我想要的，每次都喜欢选择京东自营的，没有失望过，一如既往的支持京东。,3,3,0.9420432448387146
买了之后很快降价，所以差评，换谁心理都不舒服,1,7,0.3913780748844147
太差了跟图片不一样,7,7,0.8519198894500732
我想说这京东的是不是开始坑人了啊？这火龙果是进口的吗？刚看新闻火龙果中国就没进口的。在就是口感，感觉就像在冰箱放了半年的火龙果，无滋无味！不如自己在超市买的新鲜和口感好！不是京东自营买一次就后悔一次，以后降了电器，京东不用考虑了！特别提醒大家千万别上当了，千万别上当！,3,3,0.6107257604598999
只想说，滋源真的点都不好用，太油了，此评价只针对产品而言,4,4,0.9901971817016602
宝贝很好很喜欢  卖家有多努力哦~~~ 好,5,7,0.4673677086830139
钢琴漆的外壳很容易脏，推荐大家用贴膜保护，市面上不少thinkpad的专用贴膜，贴出来的效果和t系列的磨砂表面如出一辙,8,8,0.9012569785118103
优越：地理位置、观景阳台、六层露天餐厅。不过六层露天餐厅等位时间比较长，电话预定的时候告诉我预定已经满了，只好排号，为了在露天平台上用餐，我等了40分钟。房间和阳台都比较小、电梯更小，前台人员比较少，如果客人多的时候，需要等候。,9,9,0.9928796887397766
一声叹息，蒙牛真对不起这个“牛”字 这话看着好夸张啊~~~不过蒙牛确实该整顿一下了！ 蒙牛不除 国人不强 怎么还有人喝蒙牛？ 蒙牛不除 国人不强,6,6,0.9982794523239136
翠翠的，口感也不错。送来的时候，还带着水珠！,3,3,0.9919300079345703
这个牌子的裤质量非常好，一直都在这个店买。,7,7,0.9724781513214111
还是不错的，价格合理，款式也很好,7,7,0.9166156649589539
这个价位这个配置已经很不容易了，做工不错，其实还是磨具不错。发热量控制的还好,8,8,0.9188069105148315
总之以后不会再住了,9,9,0.8715048432350159
好评，六一八活动买的，价格实惠，比超市便宜多了，送货速度也很快！,4,4,0.5585191249847412
酒店的环境也不算差，价格也比较便宜，但是我建议不要去住这个酒店，我住的是高级海景房，房间相当的小，设施也很陈旧，房间里的空调噪音很大。如果我在去，我不会选择这个酒店入住了,9,9,0.9878548979759216
怎么说都得啦，反正我不喝北方常温奶 蒙牛伊利没有任何毛病，那之前有毛病的只能是消费者了。,6,6,0.9329675436019897
差评，卡插进不去拔不出来，既然要我自费拆机换卡槽，拔不出来就是卡槽坏了吗？,1,1,0.8275133371353149
物流乌龟，速度太慢。,1,1,0.37265774607658386
苹果?当天收到，搁一会发现表面有水珠。应该冷藏保温的。味道不错，脆，不是很甜。就是个头有点小。我拍照显得挺大。运费6元。,3,3,0.9342726469039917
盖子都没盖紧，倒了一箱，还把其它的东西都弄得乱七八糟的，一看就知道是现装的，忙得连盖子都没盖好，这让我实在是没话讲啊,4,4,0.5707666873931885
裤子的质量真的不错，值得表扬！,7,7,0.9941733479499817
版型还可以，但有染料味道，价格贵不值得，联系不要买,7,7,0.9759053587913513
蒙牛从三无企业到现在以走向世界第一乳业为目标。靠的就是细分——目标——流程的营销策略。让顾客知道再让顾客信任到顾客认同。蒙牛是中国最典型的——造饭碗企业。不知到时这些手段到我们运用的时候还可以奏效不。,6,6,0.9530927538871765
差太差了，跟照片上的完全不一样,7,7,0.6996083855628967
一如既往信任京东，快递员非常好，和蔼可亲，任劳任怨，很辛苦。在京东购物放心。,3,4,0.4718243181705475
没有预期的好。看过之后觉得更加不信任国内的所谓心理师。千万不能轻易去咨询。,0,0,0.9815014004707336
前台态度差，设备老旧，电源插座都找不到,9,9,0.9896777868270874
第二次购买，可惜这次里面掺个小家伙。包装还好，没有损坏的。,3,3,0.3421238660812378
太大了，一点不合适，唉，都不想说了,7,7,0.665236234664917
手机外观不错，但是电池不耐用，说有赠品来货什么都没有，真的醉了，电池一点都不耐用，一天什么也没有玩，要充电，唉，网上买手机就这样，，，，，，，，，，，，，，，，,1,1,0.8838334083557129
4月30日入住会所房，大概经过多次博螯论坛的磨练，酒店终于达到了超五星的标准。房间硬件没的说，超级大，泡在浴缸可以看到万泉河、玉带滩，只是淋浴房门漏水，满地都是湿的。绒布拖鞋质量很好也很舒服，单独的行李房很不错。另外提一句，入住该酒店的话可以以将近一半的折扣价买博螯论坛会址的门票。最最赞的，还得是酒店旁的高尔夫球场，太棒了。环境很美，秋道很宽，能够给打球人无比的自信，呵呵，LG还连打了两个birdy。很多人去海南就知道去三亚挤，大概都还没有发现博螯这块度假的宝地，我们还会再去的。,9,9,0.9628920555114746
最开始买的时候为了等128，开始没货，后面没分类了，结果我买了32的，这倒好，现在128的又出来了，你要知道我另外买了个599的耳机。。。真是坑,1,1,0.672267496585846
手机已收到短消息回复订房OK，前台自己没查到，却叫我打电话给携程，要我自己搞定，即使我给前台看确认的短消息，一样不理，后来我自己打了电话，让携程的客服跟前台通话后，他们就找到了，这就是锦江之星（上海张江店）的服务态度,9,9,0.9732932448387146
周末住了一晚，酒店周边还是可以的，出行很方便~周日去花果山景区，打车25元就可以到；房间的话设施老了，空调漏了一个晚上的水！单人间卫生间很简陋~20元的自助早餐也就5元的水平~总体来说，要求不高的话就只能随便住住的地。,9,9,0.9956282377243042
房间外声音太大，比较吵闹！直接到前台预定费用更合理。,9,9,0.9945746064186096
产品不错，非常实惠。买了好多东西，有优惠卷的话，价格很便宜，物流也是很快的，本以为可能要再过一天才能送过来，但是，晚上九点多还在派件，真的是太负责了，京东的物流真的没得说，很满意！,4,4,0.635537326335907
"当我收到这件衣服时,我就知道它——不是凡品,我怕我庸俗不堪的文字有损这件衣服的华丽与精巧,但我还是写下了这几句评价。因为如果不能在这件衣服后面留下我的足为迹,那将是我永远的遗憾。暂且不说它的布料绵软舒适,它的做工更是世上少有。质量更是不用谈了，我想我此生有此衣足亦。式样新颖，潮流，独具匠心。我突然想起一句话：客亦知夫水与月乎?逝者如斯，而未尝往也，盈虚者如彼，而卒消莫长也。我想能及上此衣者，世上无几",7,7,0.7794421911239624
地摊货水平的包装，很受打击,7,7,0.31471410393714905
跟洗发水没关系，问题是权志龙代言的，要不是开了盖才发现，早就退货了，抵制韩国，韩国明星,4,4,0.9293186068534851
发货很快，物流给力！在苹果和这个中间犹豫不决。考虑之后还是支持国货，支持京东！还流畅，很薄。好评吧！,1,1,0.5703755021095276
性价比高，led屏幕，西数的硬盘，ddr3的内存，装系统的时候也没有太大问题。使用起来非常舒适。散热较别人的hp好得多，噪音也小。,8,8,0.996117115020752
非常满意!赞赞赞,1,5,0.3506392240524292
很好很好哦哦哦哦哦哦哦哦哦哦哦哦哦哦哦哦哦哦哦哦哦,3,4,0.3124431371688843
|| 就来抵制蒙牛吧，这个坑害自己同胞，损害国人健康的“汉奸”。,6,6,0.9938308000564575
东西还可以，差评给京东，买的时候有优惠卷满一千减一百，大号差不多钻石会员，却没有优惠卷的连接，找几次京东无果。无奈只能用小号买了，此献与各位高级会员以后买东西先上小号看看是不是有优惠卷的连接，我都怀疑大号在京东买这么多东西了，肯定是好多次没优惠卷领的，买的东西都比小号贵了，网购10多年从**到京东，可能要都失望了。高级会员买东西比低级会员要贵，实在说不过去了。下图是同款优惠手机，两千一百八十八的是大号上的截图没有优惠卷连接，两千一百八八的是小号截图有优惠卷连接，不是说这个不是同样的机子没有优惠卷，而是当时本想买二一八八的，所以截了二一八八的图了，大号也有看一四八八的，就是没有连接。。写这么多主要是希望高级会员在买东西的时候别吃亏。,1,1,0.7935168147087097
整个没有塑料包装，虽然日期很久，但瓶身背面好像被划伤的特别严重，黑色的字都被一条，我之前买的就算是最后用完了也不会破损到这种程度，担忧它到底经历了什么,4,4,0.8577839136123657
宝贝质量很好，头发洗后柔顺好梳理，护发素也好用，已经多次购买了，一如既往地质量好，赠品也很实用，性价比高，值得拥有，好评！,4,4,0.8591750264167786
"满好的酒店,下次去还会住的!值得推荐!其他的倒没什么",9,9,0.977908194065094
双十一下的单，过了两天根本没有收到京东的快件，然后就显示货物已经被签收。其实是货弄丢了。在打了几十个电话，等了好几天，才最终退了款。于是，就又在苏宁买了一个。,1,1,0.35339173674583435
12号订单13号收到15早上发现就出现黑条纹了，哪到手机店，去问说是坏了，曾是运气差，老板说换也不到，只有自己拿长俢了嘛。,1,1,0.4743461608886719
快递大叔太可爱了，态度超好。    东西就不用说了 沙宣。    哈哈，好评 特别是快递大叔 圣诞快乐！??,4,4,0.43301960825920105
布料差，尺码也不对，懒得退送人了,7,7,0.9993276596069336
"酒店的硬件很好,服务人员也不错(如礼宾部)但还是有些不足.1.前台效率低.在办理入住时,共三位前台人员,两位在接电话,还有一位根本不会办理Check in,还要等其他工作人员接好电话来帮他.有很多客人在前台等.2.入住当天晚上,在电梯里竟然有呕吐物,3.""阳光吧""没有客人要的饮料4.卫生间不够清洁如果没有以上不足,可以和上海,北京的五星媲美.",9,9,0.9954806566238403
太坑了，三个西瓜一箱苹果，这个苹果真心坑。不脆，巨小，口感很腻。再也不买这个了！,3,3,0.9958578944206238
都发霉了怎么吃，白花钱，再也不买了,3,3,0.9049408435821533
"服务非常到位,无论工种酒店员工都很热情,有的时候不是他们的服务范畴,也会热情上来关照,酒店的花园超大,很适合散步.唯一欠缺的是酒店房间的地毯总是有一股发霉的味道,房间的被子潮乎乎的.总是软件不错,硬件有待改善.",9,9,0.989391565322876
钢琴烤漆很容易留指纹印，并且进入不了系统，开机时声音很大，已经发回去换一个回来，希望京东能快点帮我发回来，虽然第一次在京东买东西就碰到这么倒霉运，但还是相信京东，并且希望你们做得更好。,8,1,0.5299282073974609
前台责任心不强。没有提醒入住客人停车要在B2 停到地面是要另收费。反应问题后，只会推卸责任给物业，不懂得从自身服务方面去反思。太不专业了！再也不会去了！也不会推荐给边人。,9,9,0.9939032196998596
第三次购买了，价格好，质量也可以,1,5,0.31345874071121216
酒店很差，机场的车子间隔太大，而且信息错误，导致客人来不及吃早饭，而且订单中我们已经支付了2份早餐的费用。不会考虑再住了。 酒店很差，机场的车子间隔太大，而且信息错误，导致客人来不及吃早饭，而且订单中我们已经支付了2份早餐的费用。不会考虑再住了。,9,9,0.9885945320129395
轻小可人，容量大，速度快，外壳色泽光感都不错…… 对于准备求婚的哥哥是个不错的选择哦！,8,8,0.6550768613815308
苹果大小合适，够甜够脆。好吃又不贵。送货又快！支持,3,3,0.9791887402534485
苹果又脆又甜，个头不大，水分还可以，给京东送货点个赞！,3,3,0.9959133267402649
朋友回来只和我说了一句话，再也不要订这家酒店了,9,9,0.9568737745285034
平板收到了，超级不爽，包装摔成了这样，箱子里面就一个包装盒，连一点填充物都没有，幸好机子没摔坏,1,1,0.913032054901123
第一间进住的房间都是烟味，地毡上还有好几个香烟灰，后来换了另外一间气味没那麽重！建议酒店清洁卫生必须注意，及最好有非吸烟楼层,9,9,0.9965169429779053
"书是6月14日订的,但是到今天也没有给送过来!!送货人员在上周五中午打电话说马上送到,在这周二又说周三一定送来;但除了以上2个电话外,一个人都没有见到.我在深圳,正常应该一周内收货,到现在半个月了,什么都没有.这个服务也太成问题了.",0,0,0.909594714641571
个子不是很大数量一共有12个不知道有多少斤来着,3,3,0.9898938536643982
说好的赠品 请问我的赠品呢,4,4,0.3633098006248474
收到的裤子质量真的很不错耶，版型好好看，显得腿好修长呢。,7,7,0.9974938631057739
京东买的商品价廉物美，物超所值，推荐大家来购买。,7,4,0.6749906539916992
快递速度和服务态度好的真是没话说了，很开心这次购物，以后还会再买再买的?，打开就可以闻到苹果香味了?，苹果正常大小，刚好一次吃一个的样子。,3,3,0.9779483079910278
排前问了客服有赠品 再三确认后 结果没有赠品 欺骗消费者 误导消费者 第一次真的是第一次遇到 诚信呢？,1,4,0.31618577241897583
刚刚送到我就迫不及待的打开用了 很流畅效果很不错非常满意,1,4,0.5186348557472229
很一般，住的是一楼的房间，窗户后面一堵墙，只看到窗和墙之间的一堆垃圾。房间的隔音不好，楼上饮水机的声音都能听到，房间里饮水机的声音更响，不关无法入睡。最过分的是，住了两天，每天早上起床，最先看到的，就是小强在墙边爬，太恶心了。宾馆商务中心的电脑上网是10元/小时，还打不开网页。总之，整体印象不好。还有提醒大家一点，宾馆用餐的话，餐费是另外开餐饮发票的，不和房费开在一起的。,9,9,0.9947664737701416
我的几个同事在用南方高科的机子，反应还行，我就选这部，感觉不错，双屏机子，1500买的，不算贵，功能方面，最喜欢这个机子的日历，带阴历的，要查什么日子很方便，这机子配有摄像头的，本来没什么用，最近宝宝降生，给他人生第一张照片就是用这机子照的，我要永久收藏，一来电话，那小家伙眼睛就会找声音，这机子说明书上说是40和弦的，很好听,2,2,0.7465813755989075
爸爸妈妈这是要把我当奶牛养的吗？收到给我送的东西，吓了一跳:蒙牛、伊利、光明、君乐宝、巨尔、生生。酸奶、纯奶、老酸奶，就差给我运头奶牛过来了。我不补个儿，补脑。,6,6,0.9941622614860535
本人发现了一个很不人性化的地方就是整点报时这个功能，我一般晚上是不关机的，谁知道它报时大半夜也报，任何整点都报，夜里的声音是很大的，这就有些不好了！！！！！还有就是前面的朋友说发短信不方便，不能自动储存自己编辑的短信，但是我觉得很方便啊，在你编辑好你所要发出的短信后，你可以选择发送并保存，这不就可以啦？,2,2,0.9903846979141235
"东信的机子太差了，我去年买了880价格2600元,今年出现自动关机,接电话就断线",2,2,0.8895024657249451
质量真心的不错。做工也很好，下次还来！,7,7,0.9008411169052124
发货速度挺快，味道还可以，稍微有点酸,3,3,0.6549786329269409
分量足，老牌子，值得信赖。送货速度快。赞一个。,4,3,0.6001995801925659
滑盖十分流畅，显示屏够大！有自拍镜功能！支持JAVA。,2,8,0.4228473901748657
做工精致，本本很薄，自带MAFEE杀毒软件。N280的CPU不错，会根据需要自动调节频率。看1280*720分辨率的电影非常流畅,8,8,0.6981346011161804
"塑料壳子易坏(本人的已坏:)电池待机时间从没有超过1天在购买半年后待机时间别想超过半天没有红外就算了数据传输到现在实验过3太电脑就没有一次成功的总说""确认连接""哎放弃ING~",2,2,0.4377749562263489
早餐有还不如无！这傍边就是长途汽车站，可想而知这外面的环境是个什么样子！住在这里的人更多的是中转旅客的样子，我见过尼姑，和尚！房间设施也就比招待所好点的样子，比较旧的酒店，名字虽然很时尚，但是酒店真的没有可比性。有个米兰俱乐部，估计是happy的地方，还有个桑拿按摩的地方，这个不用我多说大家也晓得是干吗的，每天晚上10点准时房间电话响起，招不招就随你了。大家自己掂量着吧。,9,9,0.9915110468864441
防掉发效果一般没见到有什么效果，说是油性的洗发水，但是洗完过了两天头皮还是会好油，可能无硅油效果被夸大了吧。性价比不高，,4,4,0.9564333558082581
十年没重新装修了，房间有点味道,9,9,0.9686359167098999
用了一下感觉特清爽，下次继续，,4,4,0.9887462258338928
上午下单，晚上就到了，真心不错，香味很正。,4,4,0.5966163873672485
带独立卫生间的招待所,9,9,0.9184600710868835
1、键盘的上下功能键生硬，手感差2、信息输入的反应缓慢，机身不能储存信息3、电话薄功能薄弱4、没有日程记事功能5、无红外接口，没有MMS功能，不支持JAVA，扩展性非常有限6、电池的拆装比较困难,2,2,0.7153226733207703
晕死，搞了大半天拿手，拿手一看原来是一个平板手机，不是平板电脑吗怎么是一个8寸屏的手机。请解释在京东买了 那么东西，今终于见识了........,1,1,0.41732242703437805
一直用的清扬，很不错，生产日期是5月份的，这个套装超值,4,4,0.9204882383346558
发货送货速度快，东西还可以。,1,7,0.3407193720340729
甜甜甜的，脆脆的，建议放在冰箱冷藏后口感更佳。很不错。喜欢吃。,3,3,0.9888807535171509
用了一周就坏了 拿去售后维修 说里面有个件进水都生锈了 妈的 我就纳闷了 你说进水了 难道水就让那一个件生锈 其他的没事 就几天时间 绣的有那么快吗 都说网上翻新手机多 唉 现在我信了,1,1,0.5694472193717957
网上看推荐买回来，发现书比较一般。,0,0,0.9911226034164429
今天早上起床，就收到了快递薛师傅的电话，师傅人非常和蔼，为人不错，认真核对来取快递人的身份信息，非常小心谨慎，刚走出家门口，就看到了那熟悉的银色五菱宏光面包车，车牌号为陕A*****。我从师傅手中接过物品，师傅对我说帮我签字了，并且拿京东的验货仪器给我确认收款信息和金额，一手交钱,4,8,0.6606711745262146
除了地理位置很好之外，服务差，房间味道大，隔音效果差，早餐简直无法下箸另外，服务员经常拒绝客人使用信用卡！！！,9,9,0.9908377528190613
我本身就是一个漫画迷！非常喜欢朱德庸的作品！《绝对小孩》这本书出版以后立即买回来。里面的内容太搞笑了！女儿也特别喜欢，每天回来就赶紧写作业，然后好看书。哈哈！这是我的小计策！早点写完作业，就可以看这本漫画书作为奖励！《绝对小孩2》是作为期末考试95分以上的奖励买回来的。用这书作为物质刺激还真是不错呢！,0,0,0.9923158884048462
房间比较差，尤其是洗手间，房间隔音和餐饮服务都不好。,9,9,0.9944851994514465
快递挺快的，给个好评吧，苹果不大，,3,3,0.8011963963508606
怎么投诉？京东越来越差了，这么差的商家也让他卖水果,3,3,0.3701426386833191
衣服质量好，价格合适。下次还来。买后一直没有评价，这次来发几张图，大家看看吧。不错哦！,7,7,0.9811577200889587
穿多可能会致癌哦 我洗了还几次穿身上那股硫磺的味道 我自己都被熏咳嗽了。,7,7,0.917910099029541
不是所有的房间都有阳台入住记得要问一下向马路的单床间 两头的都没有阳台服务很好隔音很差尤其是晚上只要有人在走道说话一清二楚,9,9,0.9949547648429871
我买的清扬，给我媳妇用这个试试。,4,4,0.904254674911499
是一家不错的酒店，如果说问题，就是两次我没有打开“请勿打扰”的情况下，酒店服务员敲门，我还没有走到门口的时候，他们已经擅自开门了，呵呵，以后入住的，特别是正在进行敏感事情的朋友要注意哦！！补充点评 2008年7月2日 ： 我在网上订房时，补充说明要求“15F或者16F，最好能够看到柳江的房间”，安排房间时满足了我的要求。宾馆反馈 2008年7月31日 ： 非常感谢您对我们服务提出的宝贵意见，给你带来不便我们深表歉意，我们一定加强员工的培训，避免出现类似的服务差错。我酒店按五星级标准装修的24-26楼豪华观景客房即将竣工，期待您的光临！！,9,9,0.9880905151367188
收到快递时都没有发膜，还有就是第二天就降价,4,4,0.4936205744743347
买了三瓶生姜的，完全没有一点点的生姜感觉，假货！！我不知道其他人的会不会，但是我相信这个保证假的，和以前的完全不同。,4,4,0.79862380027771
材质没得说，货真价实，做工讲究，很贴身，颜色我喜欢！,7,7,0.9953025579452515
处理个退款订单20多个小时也解决不好 推来推去 导致价格保护也申请不了 多出几十块,1,1,0.6697177886962891
垃圾中滴战斗机…,7,2,0.3457179069519043
比超市便宜好多，还有旅行装，送货上门还节约了购物的时间，信赖京东。,4,4,0.8355019688606262
不好用，洗完很糙，很油腻，一点都不顺，给老公用了,4,4,0.9765680432319641
挺早就看上它了，等了半个月等到618才买，只是物流慢了一天。,1,1,0.5545580983161926
一直在用，不错，搞活动时买的，很划算,4,4,0.8082147240638733
刚收到裤子，与商店所诉不符，裤子狠皱，还有很多碎线条，与地摊货无异，不值购买！,7,7,0.957204282283783
苹果收到了，物流很快，我是吃了才晒单的，好甜，脆，吃完再买。,3,3,0.9817936420440674
很不错，质量很好，很喜欢。还便宜，还会再买的。,7,7,0.6549856662750244
外观精美，屏幕清晰，连上wifi后运行流畅，唯一不足～电量不耐用,1,2,0.5184985399246216
夫学业在勤，故有锥股自厉；志于文也，则有申写郁滞。故宜从容率情，优柔适会。若销铄精胆，蹙迫和气，秉牍以驱龄，洒翰以伐性，岂圣贤之素心，会文之直理哉！    且夫思有利钝，时有通塞，沐则心覆，且或反常；神之方昏，再三愈黩。是以吐纳文艺，务在节宣，清和其心，调畅其气，烦而即舍，勿使壅滞，意得则舒怀以命笔，理伏则投笔以卷怀，逍遥以针劳，谈笑以药倦，常弄闲于才锋，贾馀于文勇，使刃发如新，腠理无滞，虽非胎息之万术，斯亦卫气之一方也。,3,0,0.9679805040359497
用起一点都不舒服，头发巨痒，每天晚上还要扣痒，觉都睡不好,4,4,0.917195737361908
感觉不像正品，之前在超市买过用的很好，这次网购的沙宣洗发水洗了几次后，头皮很痒，且有头皮屑，感觉京东应该不会有次品啊！之前一直很信任京东的以后不这么认为了.希望京东自查一下,4,4,0.9853419065475464
质量太差，一次就漏,7,7,0.6362340450286865
我不是白领，也不是写字楼里的袅袅婷婷的女人们但是这段故事，仿佛自己亲身经历了一样，北京的各色建筑流离其中，感觉这个故事就发生在自己身边，有趣的是，程睿敏正是上一本书《曾有一个人，爱我如生命》中男主角的发小儿，是啊，每个人的生活，就是一本书，看自己是否用心的记录，并感动建议朋友们看一下，感觉非常精彩，尤其是心里描写和职场的一些斗争，绝对的受益匪浅,0,0,0.998917818069458
住了几次，这次还特意带了朋友一起去入住，结果，酒店的早餐让我们太失望了，越来越差啊，九点去的时候吃的东西都没有什么了，以后我是不会再来了。,9,9,0.9664321541786194
没有蓝牙，还有就是包装箱上写的很清楚是2个USB口，客服为什么总是回答说是3个USB口呢？再不改过来有点欺诈的嫌疑了,8,1,0.4584357738494873
只要读一读南怀瑾老先生的《论语别裁》，就发现于丹的心得是多么的肤浅，感觉南怀瑾与于丹在一起，就象大学教授与小学生在一起一样。,0,0,0.996935248374939
配送速度快，配送员态度好。苹果价格不贵，性价比挺高。但12个果个头大小不一，高矮肥瘦都有。如果不是自己亲手开的，都不敢相信来自同一箱。,3,3,0.9975318908691406
物流很快，款式很不错，大小合适，做工很好。,7,7,0.9561451077461243
我的UT218在关机状态下充电刚刚10分钟，然后屏幕上就什么显示也没有了，刚开始以为是没充满也没理会一直充了一夜，起来一摸电池好烫啊，结果就不开机了，一直放着就没用过了,2,1,0.439370721578598
充电机没用其他，确定充电头没有用，新的就这样，机子看电影可以的，玩网游也可以的，就是充电机没用,1,1,0.7718243598937988
物流特别快，618活动买的，东西特别好！,4,4,0.5565851926803589
这个平板质量很好，玩游戏不卡，看视频流畅，这个价位实在太超值了，物流超快，第一天下单，第二天就到了，神速，超赞！！！快递小哥辛苦，谢谢。如果店家能送个贴膜就好了。,1,1,0.7205585241317749
很是合身，非常帅气 颜色也好,7,7,0.927112877368927
这个酒店是我们不少同事出差上海的首选，非常不错。,9,9,0.9871794581413269
味道特别好闻，洗了之后也特别柔顺,4,4,0.9246538877487183
裤子还行吧，这个价格只能这样了。,7,7,0.9928367733955383
第二次购买了，护发素感觉很好用，洗发水一般般，希望这一次洗发水不要让我失望,4,4,0.9870196580886841
物流不想说！真是慢,7,7,0.335794597864151
XL变成了L，偏大了一半有多，又要退货了，唉,7,7,0.6707664728164673
收到裤子试穿了一下，料子不错，摸着很舒服，穿着也很舒服，真的很赞,7,7,0.9909486174583435
非常好，水果很新鲜，口感香甜，值得信赖京东配送就是快！物超所值！价格便宜！,3,3,0.9542182683944702
还可以吧，随便住住，朋友在附近。,9,9,0.9668638110160828
很好，质量很好，款型不错，推荐！,7,7,0.9893509745597839
太坑了，这是网球火龙果嘛，还没个橙子大，分量不足，超级坑，也佩服被你们找得到这种大小的果子，还中果~~自己看看这叫中果,3,3,0.9989979863166809
色差很大!!!,7,7,0.9298888444900513
刚开始用，手机倒是没有异常情况，就是售后太差了，我是帮朋友买的，没有发票朋友不要，官方就是一再的推脱发票的事，说白了就是要7天以后才给你发票。搞的我和朋友关系都闹僵了。就因为发票的事，开始客服说是1至3天，到了第4天又说7天以后。而且发票一栏我都没有选用电子发票，都不知道为什么会默认为电子发票，官方有点强行给你电子发票的感觉。,1,1,0.8764281868934631
一直信任这个购物平台，每天都会买水果，每次都期待不一样的体验，这次购物特别心塞。一点都不新鲜。欲哭无泪,3,3,0.8287506103515625
买了三件，开了一件，发现有这样的坏果，联系客服，客服说要看图片，但图片在发送页一直发送不成功，消息也不怎么回，不知道是网络原因还是其它的，总之这是值得改进的地方吧，总的来说苹果非常的脆非常甜，好果子还是非常的新鲜的，但新鲜的东西也会难免有坏的，这也是可以理解的，给1分的评价希望还能有更大的改善吧，总之有坏的给顾客的体验是不好的，但京东的质量还是不错的，值得信赖！,3,3,0.9849115610122681
虽然外观不是很起眼，但房间内部还是不错的，毕竟是挂牌四星，该有的都有，浴袍也很舒服，酒店的早餐品种很多，地理位置的话算是市中心，但不是景点的中心，好在厦门城市不大，打车去各景点基本上不超过１５元．值得推荐的酒店．,9,9,0.9937766790390015
这个套装非常不错，东西很多，很划算。赠送的小瓶洗发水，旅游装非常棒,4,4,0.8171703815460205
是红会的培训中心，很好的，但地毯该更新了；房间的宽带应改成免费的；另外前台服务应更热情一点，不要有事业单位是老大的观念，客人住不住有没有收入无所谓，那就该改制换领导了！,9,9,0.9765584468841553
苹果的个儿子偏小 不如同价格超市的品质 差评,3,3,0.9633978009223938
不好 还不如廉价十几块钱的护发素 洗完头发用护发素洗掉了跟没用一样,4,4,0.9713085293769836
超喜欢的！物流也很快！我同事看到我买的，她也要买一套！,4,7,0.6290637254714966
不错不错不错，这个香型的去油去屑效果很好，夏天洗完了头上非常凉爽，大包装很实惠，还送了两小瓶，够用大半年的了,4,4,0.9973165392875671
吃的我们凌乱了、、、、、、这个星期考虑不吃肉。真的太感谢 和他的母亲大人啦。还要感谢 的伊利和蒙牛。,6,6,0.9939338564872742
要吐血了，每次来京东买吃的都是百元包邮。还想在买结果还不包邮收了12元邮费。京东这是要赶走顾客？,3,3,0.4323657155036926
这个平板做工挺好，主打的音效很不错，就是照相机分辨率不行，看文字时有拖影，不知道华为为什么做成这样,1,1,0.8374906778335571
今天上午收到洗发水感觉不错吧，不过还没用过，待用过之后再追加评价，物流也快感谢京东，好的话下次还会继续购买。,4,4,0.8340744376182556
书什么时候才到？定了10天了，还没见货，以前货到付款都没这么久，真是的，收了钱就不紧张了，烦烦烦！！！！！,0,0,0.7930957674980164
只能说有点坑！这是冬天的裤子么？夏天穿着还可以！还有物流也慢！11号买的22号才到！发的是申通！不是京东！无语了,7,7,0.9147104024887085
物流包装及保护都做得很好。然而苹果不是很完美，有几个苹果有一些瑕疵，但是在可接受的范围内，这款苹果有一点不像烟台红富士苹果，很像陕西红富士。,3,3,0.921610951423645
这裤子颜色很好哟哟哟~男票穿着很合身，物流挺快的，比我预想的时间快，以后会再看到合适的继续买买买，店家也很给力,7,7,0.9514893293380737
水果都是新鲜棒棒哒，从下单到收货六个小时，太快了……分量很足，好吃！,3,3,0.9805395603179932
很不错的苹果包装很好很结实，?好吃，又甜又脆，都吃完，准备再下个单。。,3,3,0.9884985089302063
说实话，不一样的卡梅拉我和女儿都不喜欢，后悔了，5555555,0,3,0.5807694792747498
价钱浮动太大，打着双十一旗号欺骗顾客，很不满意,4,7,0.3420829176902771
1、酒店门口的服务生对于客人拎着的行李无动于衷，2、当我们与前台说明通过携程预定时，两个女服务生均面无表情，说了声传真那边已经下班，我们不知道，后来我们又自己打电话给携程，在携程与前台协调期间，他们不肯让我们先登记入住，3、第二天早上起来用早餐，9点还差两分钟进入时，已经收拾得一滴汤也不剩，我们询问服务人员，他们抬头看我们一眼，一点回应也没有，4、到达那两天下雪，酒店大堂写着有军大衣出租，我们想租衣服，询问前台，又是一副欠他们300两银子的表情，说200押金，我们很客气的问能不能看看衣服，他们扔过来一句，没有钥匙，锁起来了，我真奇怪那让我交押金干什么，5、这一点客观来说，可能不是考酒店的错，但是管理真的也很差，我们两间房间半夜和凌晨被莫名其妙的敲了三四次门，本来就有点高原反应，这一来更受罪，都休息不好，6、房间的热水时冷时热，洗澡洗的都冻感冒了。总而言之，当时我们预定了建塘宾馆，就是因为临时停电才换了饭店，两个宾馆的服务简直是天壤之别，第二天一早我们就走了，这个宾馆给我的印象太差了，以后再也不会去。补充点评 2007年11月16日 ： 补充一下，我们的车子上有积雪，问宾馆借拖把打扫一下，态度非常傲慢，不肯借！,9,9,0.9910653233528137
外观很不错，速度也可以，买回来重装系统后连续开了两天下载，很正常。,8,8,0.6234818696975708
去年就为女儿买了一套，感觉无论是内容还是印刷质量都很不错，前几天有为朋友的孩子订了一套，收到后令人失望！感觉印刷质量差了很多，色彩不鲜艳，画面不清晰，心情沉重啊！,0,0,0.9966044425964355
刚买完***买东西的时候卖家爱答不理的,7,7,0.5264585018157959
这是葡萄皮吗？ 事实证明：蒙牛坑人无下限，劣质到永远！,6,3,0.5386685729026794
XP超难装，送货速度简直慢的没法说了，打了无数次客服电话都说马上处理马上处理，处理了几天才给我送过来,8,1,0.35031265020370483
亲宝贝已经收到了?！非常满意！好评?~点赞?,4,4,0.3527696430683136
和超市货不一样真心不知道是真是假 另一个问题 明明看着送电吹风的 可是等收到货再去看 照片豆已经替换了 以后还不如tao bao买了 呵呵 还有敏感字 不让发,4,4,0.7160884737968445
苹果不错 买了两次了 很甜 活动时购入 价格不贵 送货也快 支持JD,3,3,0.546520471572876
这套书是手绘书，很可爱的笔线，纸质非常好。每本都薄薄的，讲一个故事情节，但足以教会小朋友一些好日常习惯、让小朋友们更自信、更有礼貌、更能表达自己的意愿。这套薯是每晚囡囡睡觉前必读的书之一，她百读不厌，每次听都是津津有味，她甚至会提前跟我说：“妈咪，下来小熊会怎样怎样，小白兔会怎样怎样......那样不乖，要这样做才对......”这套书也是推荐给家有一岁半宝宝的妈咪,0,0,0.9950900077819824
这次的苹果很不新鲜。皮都皱了。,3,3,0.9938726425170898
喝不到光明纸房子喝到蒙牛的我也超级开心好嘛！！！（→_→ 跪求的这种事情我会乱讲嘛！）,6,6,0.6597042679786682
说真的，第二次买了，就上面一层个头还不错，下面全是小的,3,3,0.7042232155799866
平板使用还是不错的！但是才两个月出现的充电不正常的问题！充电充一会没充满就不充了！,1,1,0.8920069336891174
跟现在出的小滑盖比，这机子大了点，不过做工还不错屏够大!但是这机子的屏颜色差点，颜色调到最高亮度也不行，尤其晚上看，感觉颜色不正，照像不知道是摄像头晃还是我晃，出来的片子发虚，颜色也不好，现在早已不用这个功能了，其它功能，有红外，挺方便,2,2,0.56060391664505
哈哈，名副其实，这是我住过的最阔气的酒店，进了大厅2分钟没有找到前台。建议入口处多安排几名迎宾，重要的要保证每时每刻都有迎宾指路，我到的时候刚好没有，呵呵。,9,9,0.9836668968200684
看见做活动挺便宜的，又是自营的就买了，真的没想到这么次的东西~~我头发即使两三天不洗都没掉过头皮屑，几年一直都这样，买了这洗发水用了一个星期不到，不停掉头皮屑，真的挺无语的。在京东上买东西都有四年多了，对京东的自营一直都挺相信的。可真的没想到买到这样的东西，虽然我自己贪便宜也与一部分原因，但那是建立在对京东自营的信任啊！！！！,4,4,0.6758723855018616
这是最不满意的一次！有两个小，而且特别酸不甜！以前买了无数次都特别好！这次太失望了现在价位又特别贵！特别上当！,3,3,0.9474163055419922
挺不错哦，个大多汁，红红的，很好,3,3,0.9980549812316895
昨天刚买的*今天就成了*？有这么坑人的吗一天一个价？,3,4,0.7489572167396545
莫名其妙被要求多付房费,9,9,0.8606438636779785
质量是我想要的，男票穿着正好！下次有机会还来,7,7,0.9976061582565308
两人的感情不深，也没有什么山盟海誓，但是就是给人一种舒适的感觉，青梅竹马、两小无猜，纯净的感情却包含着对某样东西的执着和守护。唉唉，这样简单的感情也只有在小说中才能找到吧！！！！每个女孩的内心深处都有一个‘习玉’看到她就像看到脆弱的影子，但是却找不到念香这种包容、了解、保护、怜惜自己的真心人，现实就是残酷的。这本书还真让我找回人心最纯净的爱！,0,0,0.9996501207351685
太吵了，6:30就被外面的吵醒了，房间并不是很大，还是商务房呢……,9,9,0.9835642576217651
这次的不新鲜，个也小，头上都长白毛了，扔了吧！,3,3,0.7658228278160095
密尔的《论自由》在世界思想史上具有不可替代的地位。想要了解自由，这本书是跳不过的！不过像这样翻译过来的经典的学术著作，想要了解其精髓，耐心是必不可少的！这是因为，这样的经典著作有许多地方需要读者不断地思考才能慢慢体会到作者之精神。再加上这是由英文翻译过来的，在翻译上难免有些问题或是不贴切、晦涩的地方，所以更需要读者慢慢揣摩！所以想要阅读这样的著作，耐心是必不可少的！,0,0,0.9992817044258118
住的是8楼豪海房，每天就在海边度过，一个字， 爽！酒店服务不错，路上遇见都会微笑问好，早餐还算丰富，而且到11点，可以一起解决午餐问题。大堂很有特色，喜欢，还有它家的沙滩拖鞋很舒服，想买双回家，就是不对外卖。房间有点陈旧，床很舒服，上网费用高了点。一点小问题时浴室淋浴房的下面封条有漏水，害得上厕所都会有影响，鞋子湿湿的，要用毛巾垫着才行，和客房服务提出后也几天也没有解决。,9,9,0.992972731590271
一进房间，非常满意，豪华间就是不一样，32英寸壁挂，还有电脑，很舒服的沙发，卫生间也非常干净漂亮，总体感觉很温馨，而且我们刚进房间不到十分钟，服务生就送来了一盘子水果，MM非常满意，这可是半夜三点多啊，服务确实不是一般的好。,9,9,0.9818876385688782
鸡毛，洗个头好多头皮屑。,4,4,0.907427966594696
裤子收到了！不知道什么原因裤子标签是黄的！感觉是旧的！,7,7,0.9325155019760132
订的单人间，结果没宽带，换了商务单人间，却是在后面的贵宾楼---一座四层小楼里。房间条件很一般，不过就是撤了一张床的标间。窗外就是院墙。房间隔音很差，听得到隔壁的鼾声。,9,9,0.9979403614997864
东西很差 还发错了 服务态度还很不好,7,7,0.4464419186115265
苹果新鲜，脆甜可口，家人非常喜欢吃，已经多次购买了！,3,3,0.9988290667533875
"芮成钢刚到我们学校来做了一个演讲，因为前一段时间在济南开第19届全国书博会，他来山大，我在我们的校内网上看了他的这次的talk,感觉确实是一个比较有水平的主持人，去过很多国家，见过很多大场面和风云人物，对许多热点问题有很独到的见解，他是耶鲁大学最年轻的访问学者，一篇博文间接使星巴克搬出故宫，确实是年轻人学习的榜样，推荐此书。",0,0,0.9499881267547607
非常好吃，味道不错，正味喜欢吃！京东自营商品正，还要继续买,3,3,0.924311637878418
第二次去了 总体来说不错 厅和房间都够大 床褥什么也挺干净的就是别墅的内装修比较旧了 而且厅和厨房那边好多苍蝇 可能是一楼 外面都是草坪的关系吧觉得4x的标准的话 这种二房和三房的房间还是比较实惠的顺便说下 华美达离吃大闸蟹的地方也不远 开车5分钟就到了由于在大上海高尔夫度假村里 闲暇还能打打高尔夫 练习场30块钱一盒球（30个球） 租杆费15块,9,9,0.9849389791488647
稳定性非常好，使用起来噪音很小，运行稳定，很少出毛病，而且还有上门服务,8,8,0.49756816029548645
1、键盘按键不方便2、反应台迟钝，笔划输入的时候，非常慢。3、拨电话号码时不方便，想在已拨的号码上修改几位数字是不可能的。4、待机时间太短，比他的广告吹的差了十万八千里。还没有座充，非常麻烦,2,2,0.9289018511772156
假的，和正品的味道完全不一样,4,4,0.6818901896476746
我每次定酒店都是在网上翻点评，发现这个酒店的评价不错，而且价格也合理。除了我自己定一间房之外，给客户也定了一间。到达之后还真是不错，酒店考虑到我和客户接触方面的问题，给我升级房间。头一次遇到升级，开心呢。房间宽敞，干净，服务员热情而且送水果。就是因为地理原因，窗外风景不是很好。但是离万象城比较近，带着客户溜达，他也满高兴的。如果再去深圳，不去香港的话，还是住这里。因为忙，过了20天才来点评。去香港的话，就选择如家渔村小区店，楼下有饭店，水果店，药店，非常方便。就是有点不好找。,9,9,0.9850355386734009
卡槽晃动，试了3张卡都没有反应.快递小哥太度好.送货快.,1,1,0.620031476020813
一本一本慢慢的看，原以来书的封面有问题而已，最后发现书内容装订都有问题。希望以后不要收到类似这样的书了，害得我都不想在这儿购买，唉！刚刚又订了一些书，希望不要再会出现这些问题。。,0,0,0.9974955916404724
客房硬件过的去，由于我经常出差在外看过的酒店实在不少。不过服务的质量存在很大问题，我在大堂酒吧使用的饮料竟然有脏东西在里面。服务员态度也没太多在意。这点让我不满意，希望酒店方着手提高服务员的素质。,9,9,0.9957340359687805
我曾在书店买过同样的书，就因为它实用，孩子喜欢，所以就买本送朋友了。本系列书都非常的不错，其中包括排版、画面以及配套的动漫VCD，都非常适合2到6岁的孩子学与看。我们家宝宝不到两岁就开始学了，短短二个月时间，里面38首儿歌，基本都能背诵。同时她也痴迷配套的动漫，想买类似书的朋友们，推荐此本，同时系列的《背唐诗》《英文歌曲》等也很不错呢！,0,0,0.9968546628952026
送货及时，比超市便宜很多，方便快捷，还会继续购买,3,3,0.28949227929115295
假的，用了特别痒，头皮屑也多，这么信任京东，不会有下次了,4,4,0.9963313937187195
"我们是在2008年春节入住该酒店的.就这价格来说:总体感觉不错.但二次无法用门卡开门,最后麻烦服务员开的.他们的服务态度不错,这点值得表扬.卫生间小了点.如果再次回襄樊,金城仍是我们的首选(当然如他们不涨价的前提).最后希望他们可以送双早!谢谢!:)宾馆反馈 2008年2月15日 ： 您好！ 感谢您对金城大酒店的支持！您反映的问题客服部已记录，我们会在以后的工作中改善， 谢谢！祝您春节愉快！",9,9,0.9853408932685852
垃圾华为，这屏幕太垃圾了，严重偏黄，导致看图片的时候一点不清晰，申请退货麻烦。,1,1,0.9004979729652405
系统操作简单，特适合中老年人使用，大小合适！,1,2,0.8109357953071594
"其实不错啦，可能我住的酒店也比较少，至少在我住的酒店当中这个是不错的，可惜的是电视机实在是太大了。。。如果资金充裕可以考虑换背投的。。。还有房间的地毯可以换的颜色比较好点的。。。服务还是很不错的！！！这点肯定宾馆反馈 2008年5月15日 ： 感谢您的光临和点评,我们会认真考虑设备设施的改造问题.",9,9,0.9802979826927185
总体感觉不错，特别是体现在酒店的服务细节上。晚上服务员送的牛奶，最后一晚的摆放的鲜花，给阿拉的印象还蛮深的，当然，只要是心情不错。呵呵,9,9,0.9112913012504578
难吃死了！又苦又酸！又干又黄！这是西柚吗？我手机的像素还美化了这个干瘪的怪物，给各位提个醒，不要上当！！！,3,3,0.9888779520988464
不怎么好，下次不来了京东买衣服了,7,7,0.6730009317398071
送了这么久了，不错的。支持华为,1,1,0.964191734790802
苹果很脆，水分很足，也很甜，就是个头儿稍有不均。要大赞一下快递员，非常非常负责任！,3,3,0.9923917651176453
掉色太严重，白鞋都染费了，,7,7,0.9986451268196106
宝贝非常好，超喜欢，超实惠，赞！(还有两只洗发露忘拍了),4,4,0.7478218674659729
正品来的，比实体店的便宜多了，真是物美价廉。卖家也很好，发货快，到货后拨打美的售后电话很快就派来了安装人员前来安装，晚上就用上啦,5,5,0.7367616891860962
有三个烂的，这个价不应该有烂苹果,3,3,0.946224570274353
这次赶上活动又买了一套，一直用沙宣，一直信赖京东，而且物流也快,4,4,0.7669678330421448
还不错的，质量特别好，穿着也很舒服,7,7,0.9922732710838318
屏有一个亮点，不过在开始栏，用时看不出来～～外壳和键盘比较爱花，爪纹啊～～得赶紧配一套全方位的衣服～～,8,8,0.8610017895698547
衣服很不满意，我穿的衣服都是XL型号穿的舒服，这次买的衣服也是XL衣服穿的很不舒服太小,7,7,0.9738275408744812
是在同学的怂恿下买的，所以一买就买了两套。极殷切的等到书，她就迫不及待的开始看了，丢开了玩得正到紧要关头的网游和电视剧。等我开始看的时候，才终于理解她了。确实是很不错的啊。第二部的风格和第一部有一点不同，语言文字的表达也略有差异，不过整体来说还是很好看。也是，我拿到的已经是第四次印刷的版本了，从很专业的角度看，就这种速度来说，这本书很畅销，很好。,0,0,0.9992789626121521
就那么几页是讲色戒的，还是最后几页，不喜欢，没有头也没有尾，看着没有意思，买完以后心情特别的不好，感觉像上当了一样，书的质量也不是特别的好，真是一分钱一分货，为了多赚点钱，都把不是书名的小说也写了进去，出版在一块，感觉档次一下降低了很多，下次不会再买了。,0,0,0.9988623857498169
今年第二次入住该酒店，这次和好友一起去HK购物，还是首选这间酒店，虽然，酒店离市区较远，但是，在尖沙嘴的半岛酒店那里有免费的班车（整点一趟）回酒店。酒店的房间很大，大约有二十几平方，我住了二次都是有无敌海景的房间，住入时选择靠游艇俱乐部这边的房间，都可以看到海，另外，六楼以下的房间还有一个露台，感觉非常好。酒店的早餐也非常丰富（值得一试），可以坐在露天的花园边上吃，吃完早餐去花园走走，感觉真的很好。出酒店不远的地方就是沙滩，酒店不远处也有7-11（24小时便利店），小超市（里面有新鲜的水果卖），还有一个吃东南亚菜的餐馆，名字不记得了。酒店唯一另人不太满意的地方就是房间内设施比较陈旧，不过洗手间是很不错的，有一个单独的沐浴间。如是你是一家去HK渡假，选这间酒店，一定错不了。,9,9,0.9768054485321045
差差差！第一次在京东买东西这么失望！居然不给送货上门，让自己取货！重要的是离取货的地方有三公里！本来是买给老爸吃的，结果还让他大老远跑一趟去取货！第三方真的不可靠！,3,1,0.3412092626094818
不怎么样有点后悔买了,7,1,0.49277809262275696
听说这是无硅的，试用一下效果怎么样,4,4,0.7936781048774719
*买的，可是第二天秒杀里就有，比用券还便宜，真是无语啊。还没用，希望有效果。,4,4,0.9590845704078674
非常不愉快的一次购物经历，京东自己送错货了，对于退换货还拖拖拉拉，一点诚意都没有，枉为大公司了，只想吐槽垃圾。,1,4,0.578925609588623
这个价钱能买到这么舒服而且合适的裤子真难得啊。码数正的，穿起来刚好，而且也挺舒服,7,7,0.9995372295379639
送的挺快，苹果不好，不值得买，很多都有伤疤，还有碰坏的，还京东自选，说什么精挑细选。,3,3,0.8262051343917847
房间太差，外面就是立交桥，吵的很，房内脏，味道又大，房门不牢，开关感觉都有问题。办入住的时候，前台给了房卡，打开房间发现里面已经睡着人了，这种事情怎么能够发生？,9,9,0.9941728711128235
苹果口感不错。就是个数不够22个，用秤秤了少一斤，这不太好。快递送货很快。,3,3,0.9729509353637695
快递速度非常给力，推荐大家购买。,3,3,0.27890148758888245
苹果很新鲜，没有坏的，个头小了点，总之可以的，京东快递没的说，超快，夜晚9点下的单，第二天上午十点前快递员小马满头大汗给送到家，辛苦谢谢了，5分当之无愧,3,3,0.7853349447250366
外观做工，外观我很喜欢，或者说我就是喜欢thinkpad的外观，做工扎实。 屏幕效果不错，比起另一台acer的LED屏，觉得颗粒感稍重，色彩表现也差一些，总体不错。键盘手感一如既往的好。散热也很好，用了很久，键盘也只感觉温，底部除了散热口部分，其他冰凉。,8,8,0.9868664741516113
第一次在网上买水果，发誓以后再也不买了，什么呀，过度包装，大盒子豪华，里边一层又一层放仨，可是水果呢，又小又烂又是斑，商家怎么好意思卖这价钱呢，放超市估计都是要淘汰的，一颗星都不想给，买了三份，后悔死了，作为京东的金牌会员，我很不满意,3,3,0.9559563994407654
出货速度超快，快递员服务好，外纸箱厚，苹果看起来漂亮，希望香甜多汁。,3,3,0.9617231488227844
入住时酒店的低层部分仍在翻新装修，我住的是已完成装修的高层。房间相当干净、舒适、房间和卫生间的设施看得出来都是高档品牌。周围环境也很好，旁边有万佳百货，出酒店往西（右）步行约20分钟就到了福田区的购物中心华强北路。前台直接预订的话要348元。下次无论是自己去深圳还是朋友去，都会推荐这个酒店！,9,9,0.989566445350647
苹果不大不小，味道一班，价格小贵,3,3,0.9968296885490417
非常不好，压不了，是坏的，而且也不适合油性发质，洗完第二天就油了,4,4,0.9519429802894592
一般，感觉不如实体店里质量,7,7,0.8344513177871704
有指纹识别，外形美观，但是会有卡顿，死机的现象，跟苹果肯定比不了，不过价位在那了，够用,1,1,0.5049893856048584
共勉！嗯嗯……你们都不是正常的消费者，我不吃双汇的肉制品，不喝伊利和蒙牛，现在开始不喝国内的任何红酒和白酒。不知我算否合格和正常否？,6,6,0.9687725305557251
购买第二个了，挺喜欢的！,1,5,0.3283805847167969
"性价比好,没的说了.更看中的是hp的牌子也能有这样高的性价比,难得的.",8,8,0.8895537853240967
真心不咋地 买了屏幕是坏的 虽然是退货了 但是中间也隔了好多天 新机器 一充电屏幕立马失灵 华为的手机屏幕是通病 让人捉急啊,1,1,0.9071459174156189
位置较好。个人比较喜欢酒店大堂及房间的设计，美中不足就是房间比较小，给人拥挤的感觉。,9,9,0.9952670335769653
图画得很一般，太多了，而且一点都不生动。孩子一点都不喜欢。,0,0,0.9630218744277954
差差差真卡渣渣品牌以后在也不相信大品牌了坑是了,1,7,0.2984117567539215
酒店环境不错，房间也挺干净，距离千岛湖广场也很近！就是牙刷质量不怎么样，一刷毛都掉下来了，满嘴巴的毛！早餐的酱瓜很好吃！,9,9,0.9721603393554688
宝贝收到了，很不错，质量杠杠的，重点是裤型很好看，下次还会光顾的,7,7,0.9952861666679382
东西不好送的也太小，洗了好多次了还是一样有头皮屑,4,4,0.790019154548645
按照排行榜买了这本书，想收藏着等女儿长大了讲给她听。结果买回来后，发觉书的印刷质量很差，尤其一股铅味特别的浓烈。简单翻阅了一下故事情节，为免太一般化了吧。怎么受到大家如此追捧呢？是不是成人的眼光与孩子的不同呢？我决定退货了！,0,0,0.987745463848114
衣服大小可以！样式很好看！布料也可以，很柔软！服务态度更是不好的不用说！这次购物挺满意的,7,7,0.9774701595306396
服务质量差，,7,9,0.3830948770046234
房间条件不错，设施齐全。208的价钱合理。不足之处是隔音不好，能听到外面的车辆嘈杂声。如包早餐更好~~呵呵补充点评 2007年12月14日 ： 最不好的就是八楼的娱乐场所~~~进出人员复杂,9,9,0.9965311884880066
1. 令我最大的遗憾是 ，热水竟然不热。还好是夏天没感冒。2. 电视上面一个机顶盒子是坏的 我也懒得修了3. 四星级酒店竟然没有西式早餐。完全都是猪油的菜，我只能吃伴黄瓜和油条。而且中餐实在是太难吃了。4. 服务还是可以的。5. 酒店内部设施实在是不配4星级称号，太旧太烂了。6. 网速并不象其他人说的那么快， 可能截流了，也就一般的速度,9,9,0.9818971753120422
"读过一次卡莉,心中总会有记忆,佩服她作为女性,能有这么艰难的优秀的经历,困难磨炼人的意志,激励人的斗志,卡莉经历了好多困难,但每次她都可以迎刃而解,勇敢的面对,让我心中升起自信的旗帜,高高飘扬,在以后的日子里如果有困难,我要学习卡莉,动脑筋想好每一件事,做到最好,我最佩服是卡莉的口才,她可以说服每一个人,这是努力的结果,我们也可以做到,只是做的未必好,未必恰当,这本书激励我努力做的更好,更好.....",0,0,0.9976045489311218
从京东自营买了几十次苹果，这是最被忽悠的一次，纯粹不能吃，还烟台苹果呢？忽悠只能忽悠一次，京东也负点责吧，自营水果就这么垃圾,3,3,0.9088055491447449
分辨率一个字，差!,1,1,0.7934619188308716
太差啦，屏幕一般般，关键是漏光，按键一点弹性都没，喇叭放大点声还破音，刚买就降价，在京东最差的一次购物,1,1,0.6156389117240906
这个价格很划算，再说衣服也不错?,7,7,0.9189229607582092
衣服质量很好，面料不错，样式时尚好看，颜色不错，大小合适，价格实惠，穿上很舒服,7,7,0.9971631169319153
爱死机，铃声太小，背景灯也不够亮,2,2,0.9160866141319275
垃圾，不想多说，以后所有的华为产品，一律不用，二十天不到就无法充电，需要换主板，我要呵呵了,1,1,0.8159111738204956
第三回购买了，还买了两箱。只是这回特小果有好几个。冲着这牌子去买的，希望以后质量能严把关，才有回头客,3,3,0.981438934803009
位置离机场不远，但是服务差劲极了，给了钥匙里面 有人，而且不是一次情况，前面入住的已经发生过还是这样，房间设施一般，卫生一般，不会再来,9,9,0.9892878532409668
还不到一个月就蓝屏重启，已经不能用了,1,1,0.6162030696868896
个头大小均一，色泽一致，卖相还不错！尝了一个，香甜多汁，口感好！赞！,3,3,0.9994723200798035
果子不大，没有介绍的那么大，新鲜是新鲜就是不怎么甜还好没买多,3,3,0.9995586276054382
因为非常特殊的情况订了酒店休息一下不至于留宿机场，网上预订比到店价便宜很多这点不错 即使我只提前半小时左右，机场有接送的车也方便 因为距离机场太近 所以晚上基本不能睡 大半夜的不停有飞机起降的声音 窗子都在震动像空袭似的 就是一个可以不夜宿机场的替代吧,9,9,0.9771652221679688
第一次入住，觉得体验很差，酒店设计和迷宫似得，标示不清，看得出运营公司为了省钱，人也不愿多配几个，最后来回几次总算找到房间,9,9,0.9878102540969849
"服务尚可,房间大小适中,但被服及设施颇为陈旧.宾馆反馈 2008年1月14日 ： 感谢您对我们服务的认可,其他方面我们也会努力.欢迎您再次光临!",9,9,0.9765636920928955
快递挺快的，护发素用了之后头发挺柔顺的。卖家挺大方的，送了很多赠品,4,4,0.9527117609977722
太慢了，等了一个多星期,7,4,0.30164024233818054
买手机时料资显4G。送到手才2G。坑人呀,1,1,0.46104931831359863
住宿环境还是不错的，比较干净。前台的服务态度很好，一个小伙子，我们说想k歌，就带我们过去看房间，还告诉我怎么吃饭比较方便。说起吃饭，我建议就在酒店的餐厅吃，比外面所谓的美食街贵不了多少，我是有切身感受的。还有就是自驾的，我最想不通的就是自己开车去住店，居然收我20元停车费，这个简直太没有道理了，有点想钱想疯的感觉！！！,9,9,0.9873813390731812
真心好用，安zhuo越来越稳定，也比os开放，华为牛逼。,1,8,0.49852752685546875
手机反应一般，有事卡顿，目前还出现经常闪退，无语了！,1,1,0.8743410110473633
年前买的，用了一段时间，挺好的，,1,1,0.5324379205703735
自光明出的如实以后 蒙牛也不甘示弱啊纯甄味道还不错,6,6,0.7811243534088135
"T6570,2G内存 250G硬盘，新款NVIDIA G105M 256M独显，led屏幕高亮清晰不刺眼， RAMBO dvd刻录光驱， 百万像素无线摄像头，外加THINKPAD品牌，这样的价格很合适，断网问题可能是软件问题，我到现在还没发现！！！",8,8,0.9593980312347412
比想象中的薄了一些，和我其他牌子的尺寸有差异，瘦了一些，春秋穿可以，冬天就差了一些，央视比较不错！！,7,7,0.991397500038147
什么都不想说买不到三个月不能多点触屏，说我附近没网点让寄修什么的被骗就这一次下次打死不买国产的什么都不想说,1,1,0.9466754794120789
当初想买也是看了许多的好评后才下的单没想到完全没有别人说的那样好.尤其是打败怪兽那一本.画得好恶心!孩子看的时侯就吓哭了!到了晚上更是不敢睡觉!买了书还带来了新的烦恼!比起<青蛙弗洛格>><<蹦蹦跳跳>><<小熊毛毛>>这个卡梅拉要逊色好多!这本书不太适合六岁前的孩子看.,0,0,0.9995577931404114
苹果，我买九个的，很小，然后也不甜，不是很好吃。,3,3,0.9937161803245544
是新机来的 放心购买,1,1,0.7958738207817078
郁闷死了，耳机没有，贴膜没有，壳也没有，希望手机别有什么问题,1,1,0.8132802248001099
不错啊，跟以前买的一样，我一直都是带皮吃的。,3,3,0.9704982042312622
产品很不错，一直很喜欢京东自营的东西，品质有保证，因为上次买一瓶体验装试了试感觉还挺不错的就称618囤了好多，哈哈哈哈！快递小哥开车送来的！,4,4,0.46224892139434814
酒店风景蛮好的，服务也不错，去泸州的话是不错的选择,9,9,0.97906494140625
比在商场买是划算多了，不知道质量咋样,4,4,0.5505391359329224
刚到货商家就掉价，不给处理,4,4,0.2991039454936981
不知道为什么，以前房间都有网络的，现在没有了。如果要用，还要找他们技术人员。以前一直住这的，看来以后要换地方了。 其实上网要做的事情不多，但是没有网真的不方便,9,9,0.9740808606147766
这条裤子的标签怎么那么旧！！！,7,7,0.9795631766319275
不是一般的小，不满意，不满意，不满意。,3,7,0.4758489429950714
"我订的是高级淑女房(双床),房间还算干净整洁，服务也还可以。早餐的种类有点少，但味道还行。办理退房的速度很快。总的来说，我和同事住得比较满意。",9,9,0.9912938475608826
质量也不错，真心满分，真心好评，收藏店家，下次还来光顾！,7,7,0.4811650216579437
11月底刚住过。这家酒店规模太小，楼小只有8层，像个不起眼的小酒店。我的房费是988元，这个钱数可以住其他更气派的酒店了。下次不住这儿了。,9,9,0.989000141620636
说好的梳子没送 梳子没送 梳子没送 梳子没送 梳子没送 梳子没送 梳子没送 梳子没送梳子没送 梳子没送 梳子没送,4,4,0.7068883180618286
差，掉色严重，只洗两次,7,7,0.8839073777198792
火龙果那个把上长霉了已经，女朋友吃了跑了几趟厕所了，拉肚子。真是没有任何品质监管吗？？？？钻石会员＋plus你们也坑？？？？,3,3,0.5750114917755127
当当虽然很便宜，原价是23.80.我买回是10块多，但里面很多页是漏印的，请当当网还是那个中国社会科学出版社检讨。,0,0,0.9933644533157349
吗得，图片与实物不符，丑的一必,7,7,0.8639675378799438
味道很棒，包装也挺好的，就是太小了，配送员态度很好,3,3,0.5002812147140503
我这次住的是行政楼普通楼层的房间，请注意：行政楼也分行政楼层和普通楼层，这两者是有区别的，行政楼层是可以享受一系列服务的（在前台订要加500元）而普通的就什么也没有了。房间的设施不错，很舒适，洗手间尤其好可以边泡澡边欣赏外景（可惜我住的比较低，看不见外滩的风景）。还有值得称道的是它的自助早餐，东东很丰富很好吃，吃饱了中午饭都可以免了，就是比较贵（具体金额忘了）。它的SAP是上海目前唯一一家悦龙庄集团直属的SAP，我做的是1700元的（行政楼层打9折，还有附送的20分钟的足底按摩）我认为很超值，无论是环境、流程、手法、用料等各方面都非常棒，不比泰国的差，只是在房间里而已，强烈推荐各位有机会尝试一下。主要的不足是：1.去南京路没有想象的近，要走10多分钟。2.附近的商业设施不是很多，逛街不是很方便。3.电视频道不多，很多国内台都没有，不知为什么，值得酒店注意，有点不符合 酒店的身份总体是一家值得住的酒店。,9,9,0.9755628108978271
柜的服务态度真好，发货很快。商品质量也相当不错。太喜欢了，谢谢！,7,7,0.6662663817405701
外观，一个字～脏～，标签也是随便贴上去的，甚至有一半还是没完全粘好，这种包装，我也是醉了???,4,8,0.34777164459228516
运气很好。晚上10点突然降价了。呵呵。抢了一台。就功能而言。够用了。其实其它品牌上网本核心技术都差不多。就是模具不同。没有蓝牙呀。描述不符。其它还可以。小桌子很好。非常方便。,8,8,0.6786037087440491
裤子面料成分不清也没有说明，穿上不舒服，没想像的好,7,7,0.992987334728241
前台服务员服务差，一副公事公办，爱住不住的面孔，不会再去，并告知亲朋好友，这个酒店完全可以不去!,9,9,0.9925928711891174
很好，一直用沙宣，送了很多小样，很不错。。。,4,4,0.39762017130851746
质量很好，很快的呀?超喜欢这个速度，在6 18这个日子还能这么快真的太好了！,1,1,0.3758031725883484
发过来跟旧裤子一样，觉得亏了,7,7,0.8569581508636475
"宝贝早已收到，有事没及时评价，裤子质量不错,卖家发货快。",7,7,0.9845567941665649
…蒙牛奶喝不得……连喝两天我就啦肚子了……超级不舒服………黑心蒙牛！！去死去死！！！,6,6,0.9327896237373352
跟描述的产品不符，没加绒。,7,7,0.993012011051178
卖家很好。物流很快。最最主要的是裤子很喜欢。很漂亮。这个价格买到这么好的裤子。很开心。,7,7,0.9800934195518494
我一直用沙宣的，这次洗发水味道怪怪的，也没有发票，总之不太满意，以后太便宜的东西也不敢买了,4,4,0.9360551238059998
平板收到了，看电视棒棒的就是感觉内存小了点,1,1,0.9404135346412659
垃圾，穿了三回就破了,7,7,0.9813156723976135
差评，和想象中不太一样，不太新鲜啊,3,3,0.5243555903434753
包装可以，不过水果情况如图，重量标1.1kg结果只有0.86    新鲜程度有限，味道正常。,3,3,0.9885421991348267
邯郸地区基本没有一家好宾馆。说实话，这也庭难为携程了！就这么几家：邯郸宾馆、邯郸大酒店、迎宾国际。但都很不好。还都乱收费！死贵！,9,9,0.9649084210395813
"香港-九龙地区3星以上酒店性价比最高!交通不便但可以坐酒店免费班车,到达旺角和尖沙咀(20分钟),我15年6次住此酒店,5月3-6日通过携程预定,比香港朋友预定还要便宜!并且入住提升28楼行政标准房间,健身室和游泳免费.购物(大众化东西)方便,下面4层购物中心,酒店对面购物中心-百佳超市和XX海鲜酒楼59HKD/人自助火锅较好.步行5-7分钟就是荃湾城市购物中心广场.(奇怪?为什么网友反映购物不方便-晚上10点以后全世界购物都不方便!)酒店1层就有便利店.另外此房间18层以下好象是大陆旅行团住标准房间,18层以上携程预定豪华房间.到香港购买世界名牌此酒店就不是方便!补充点评 2008年7月29日 ： 我和爱人94年新婚旅行到香港,通过朋友定房住15层标准房间(300HKD).07年带孩子通过携程定房住22层(580HKD)豪华房间,感觉和亲身体会除交通外,各方面较理想.",9,9,0.9932267069816589
漂亮和稳定是这款本本的最大优点.系统很好装的，手边找个GHOST的XP盘一次性装完，官网驱动很全，全部下载后上掉，一点问题没有,8,8,0.9968811273574829
洗了两三次后，判定是这洗发水有问题，洗了以后头皮屑增多，痒，干燥…希望退换货,4,4,0.9373977780342102
性价比低，感觉很贵。选择酒店主要是离附近的企业近一些。房间总是能听得很响的水声。希望酒店能降低价格。目前的设施同安徽省内其它酒店相比只值250元不到啊,9,9,0.9862205982208252
不错，好好好好好好好好好好好好好好好,1,1,0.5373492240905762
京东送货很快苹果收到了，就是太小了，味道还可以。,3,3,0.9171046614646912
能不能连客服一起差评,4,7,0.46347159147262573
还可以还可以还可以还可以还可以还可以还可以还可以还可以还可以,3,1,0.4206749200820923
实在是没什么用，洗了头皮痒,4,4,0.9726167917251587
果子大小不一 总的来说就那样吧。啧啧啧,3,3,0.9951416254043579
没有收到，也没有退钱 差差差,7,7,0.4348210096359253
全脱水份处理的吗，一看就放长时间的,3,4,0.7801321148872375
挺好用的，高清，超薄，运行速度快，我的建议是不要升级系统，一旦系统升级的越来越高，配置不匹配，容易拖慢速度,1,8,0.6803708672523499
除了地点靠近地铁，几乎未发现其他优点。房间有异味，卫生间有污渍。最难以忍受的是电话和网络：电话机拿起来就是怪异的忙音，要连续拨打七八次才能接通一次，问到前台，答曰确实有这个接触不良的问题，没下文了，眼下之意您就忍着吧！当面告诉了前台，我要开通网络（虽然收费20元/天）。答曰：没问题，这就开通，自动分配IP地址，不需手动设置。可回房后发现连本地连接都没有，联系前台后，有了本地连接。但是试了半天也无法打开网页，再联系前台（已经快崩溃了！），十分钟后服务员过来，胡乱指点我删掉了公司的IP地址（只是备用设置，不是默认连接，根本没必要删），然后才将默认连接的自动获得IP改为了他们的手动地址。彻底晕倒，，，，，，，，以后再也不敢住这样的酒店了，也请携程对用户负责些！,9,9,0.9407970309257507
1、位置：交通便利，距机场快线九龙站40港币车程，据铜锣湾时代广场80港币车程，海港城起步费车程；弥敦道步行即可，购物非常方便；2、环境：较为安静，适于居住；3、设施：维护较好，但设施已较旧，传统电视机；4、饮食：酒店早餐品种较多，令人惊喜；附近餐厅亦提供其他选择；5、服务：员工热情，主动；,9,9,0.9814557433128357
裤子穿着不错，穿着刚合适，加绒的，很暖和。,7,7,0.9908514618873596
还不错，512卡，双电，2700元,2,8,0.6329955458641052
已经使用了两天了，还没有发现什么问题，这款机器性价比还是蛮高的。,8,1,0.37076136469841003
裤子穿起来很漂亮 面料柔软很舒服 很修身,7,7,0.9920958876609802
衣服偏小、发货慢,7,7,0.9443820714950562
国航发给的蒙牛早餐！太狠了，买打折机票的一个都不能放！,6,6,0.859502375125885
下单下的京东上门件，但京东宣州站不送货上门。且委托第三方快递打电话叫我自己取。京东拿着消费者的物流费不做事。请京东对宣州站严查，还消费者公道。,4,4,0.3754332959651947
质量一般般 说送赠品也没送 你们千万不要上当,7,7,0.5492499470710754
1：一颗星给了都浪费    2：调换时，明明跟客服说好了要发顺丰到付，自己还写了小纸条，结果说了跟没说一样，垃圾工作态度    3：快递说好的*走陆运，贵点走航空。自己花了票票要求走航空，却走了陆运。大家看运单    4：质量不敢恭维，这个价格真坑，大家看白线条，看线头吧    5：不明白京东是怎么要这样的质量与价格不成正比，差的要死，售后还不认真的商家入住的。    6：不要道歉，没用,7,1,0.32754337787628174
包装都挺好，完好无损还不错，给家里人买的，挺好吃，很新鲜，价格和超市差不多，但方便，不用自己去超市买了，完好无损送到，赞一个,3,3,0.9787393808364868
样式不错 颜色不错 穿上很舒服,7,7,0.9963500499725342
3月12日入住。价格方便，在哈尔宾算比较高的，而且是比较老的酒店，设施比较的旧，隔音的效果不好。前台其实还不错，没有前面的哥们说的那么寒碜。交流下来还是挺愿意服务好客户的。晚上没有骚扰电话。应该说如果你觉得价格合适的话，应该算比较不错的宾馆了。火车站去那边8元的起步费。飞机场的话，做门口的大巴到火车站，只要20元，然后再打车。交通还是比较方便的，步行就是秋林，远大。吃饭的话去远大楼上也不错。,9,9,0.9848257899284363
订了标准间，给了368的房间，感觉还不错，早餐挺丰富。,9,9,0.9889644384384155
酒店的条件很好，价格也很便宜（190元）,9,9,0.9792715907096863
打开后第一个想法就是有点小，不过还好有两瓶洗头膏，总体来说还是不错的，很实惠的，味道香香的，以前没用过潘婷的，看着搞活动就给妈妈买了，京东的次日达就是快，简直太棒了，同志们要是喜欢可以下手,4,4,0.9859420657157898
该酒店最大的缺点就是：吵闹！对面的大喇叭白天一直在放，里面又有餐厅在吵！白天几乎没发休息！,9,9,0.9947091341018677
经常用这个牌子，这个套装很合适。,4,4,0.8277128338813782
样式不错，面料手感挺好，穿上很舒服，挺满意的,7,7,0.9966589212417603
且试天下，众生在目，每个事的主角，雕刻地如此真实和感性；而每个故事情节，渲染地如此真挚而动人，没有华丽丽的辞藻，只有行文如流水的平淡和畅快，看了太多假意的精致文章，反而觉得这样的作品才是最弥足珍贵的精品。很欣赏这本书，一页一页翻过，就像翻开这代人的历史，翻开他们的故事，翻开而心底角落里的纯然的感动和朴真。我喜欢安哥写作的态度，我也喜欢这本书给我的念想，意味深长。,0,0,0.999674916267395
帮别人买的。拿到书后我粗略看了一下，觉得还挺好。真的是由浅入深——第一部分是很基础的对话练习，接着设计了完形填空和阅读理解的练习，最后一部分是阅读常见谚语、成语。内容比较简单，适合基础不好但又想提高阅读能力的学生，或初级自学者。如果能认真利用这本书，是对提高阅读能力有帮助的。建议：要是还出有提高版就好了，让学生学完这本后，继续提升能力。,0,0,0.9992355108261108
第一次发现京东这么差劲，客户不给力，自营的物流也这么垃圾，京东一点信誉也没有，10.19下单后，显示10.21就能到货，但是实际上是10.23才到货。下单后只能找在线客户，解决不了任何问题，查都不查，直接就告诉你，需要等着，解决不了任何问题那还要什么在线客服啊。,1,4,0.5092183351516724
苹果很小，根本不是80mm，有的才60mm，这样的商品怎么入驻的京东，那个部门吃了多少回扣，京东自营的商品质量越来越差。,3,3,0.921066164970398
很喜欢蒙牛的新包装，感觉高档了很多，简洁，主要表达的要素也很明确！不感惊叹&quot;设计要经得起时代变迁&quot;！,6,6,0.6735549569129944
烂了，无语，装箱的时候不知道看的吗,3,3,0.5085972547531128
东西还不错，速度快，下次继续购买,3,5,0.35026368498802185
垃圾，都是坏的，大家别买了，骗人的,3,3,0.4786173701286316
垃圾 屏幕放电影老闪光 用了几天才来评论的,1,1,0.7745978832244873
分辨率没毛病,1,1,0.6468968391418457
苹果口感甜度都不错，有7个都有小烂了一个苹果只有一半多点吃，不如线下买，图片就赖得照了,3,3,0.9990111589431763
酒店一般，最受不了的是骚扰电话，一晚上能响4～5回，而且每晚都会打来，只真对单身男客，信息非常准确，严重怀疑是小姐摆平了前台服务员，拿到客人的入住信息。在这样的房间住，心里很不踏实。,9,9,0.99776291847229
实物与图相差太大，对于质量非常不满意,7,7,0.9091589450836182
用了居然有头皮屑！！！用潘婷就没有,4,4,0.9955381751060486
洗发水质量很好，很去油，气味芳香。,4,4,0.986788272857666
先看的电影后买的书。说实话看电影时我很讨厌男主人公，后来通过看书才对其复杂的心理过程有了更深刻的认识，也更能够理解他和汉娜在战争和纳粹时代背景下扭曲的情感经历。可我还是认为他并不是真的爱上了汉娜，他只是爱上了他的爱，这个爱的载体是一个比他年长许多，性格与其一样执着顽固而且还目不识丁的纳粹看守，这个爱还无法经历时代变迁和人云亦云的世俗考验。真正可悲的是汉娜，她的极端自尊和羞耻心大大地超越了生命的力量，使她最终选择了死亡。,0,0,0.999062716960907
随机的驱动盘是VISTA专用的！不国XP的驱动官网上都有！可是显卡的驱动下载了居然安装不了，提示文件损坏！去NVI的官网下了个专用的，解决掉了！！！音响虽然是立体声，但声音很尖！,8,8,0.6251908540725708
这洗发水很好，经常用，还送三瓶小的，非常划算,4,4,0.98682701587677
用后再评价吧，现在还没有用。,1,4,0.6978632807731628
既然有thinkpad的鼠标，为何不送一个呢。今天去广州自提点的时候差点就要抽其中一个前台MM的耳光。拉着个脸，说话很不耐烦，好像大家都欠她钱似的，素质真的是太差了！严重侮辱了晶东的形象！,8,9,0.28488674759864807
"宝贝儿收到了,质量好做工精致,尺码标准,面料穿着舒服有弹性,款式时尚,价格合理，下次还会光临,推荐购买！",7,7,0.9922627210617065
非常的失望，穿了一天，裤带线掉了，拍照片给客服，说不清晰，还要拍整条裤子，搞得我好像要呃你们一样，难道我还要去买个单反拍个无ma高清给您么，照片裤带掉了，这么清楚都看不到………………………………非常之失望,7,7,0.7545600533485413
运行速度挺快的。如果是windows系统就好了。上下都有扩音器，这样看视频听音乐的时候就是环绕立体声。就是送的那个套不好用，又难看又支撑不起来。总的来说还是很满意的。,1,8,0.5143401622772217
不行，刚开始买的时候好的，但是里面有写很小个的，以次充好的,3,4,0.48454177379608154
速度慢，修了两次．正准备换．,2,2,0.4874921441078186
刚买几天就死机好几次，杂牌货就是杂牌货，同胞们千万别买呀,2,1,0.7196462154388428
酒店非常漂亮，去的时候太冷了，我太太生病了，服务员非常贴心，看见我们房间有感冒药，主动给我们送上了热水保温壶，并留了祝福字条，细小的动作感觉很贴心，门前的大草坪的确很棒，放风筝的感觉也很不错！住的是豪华全海景，感觉物有所植，阳台的确很大很舒服！,9,9,0.9899547100067139
发货速度快，商城订单信息跟踪很及时，商品很好，刚拿到货的时候感觉华硕真的比其它品牌包装要好很多，双重的箱子；性能都很不错.4599元能买到3470的独显，还是酷睿 2，感觉超值了……,8,8,0.9638716578483582
果子不好吃，酸的，孩子都不吃，这一颗心是给物流的，物流比较快，东西实在不敢恭维,3,3,0.9615791440010071
我觉得清扬洗了很好，不油不腻，很清爽，又不干燥樱花的味道很好，很清香，很迷人我一直在用是樱花的，洗了头皮一点都不痒,4,4,0.9899457097053528
裤子收到了，没想到物流这么快，而且裤子与图片无色差，非常好，下次还会在这家店购买，穿上也很帅气，祝卖家生意兴隆！,7,7,0.9795397520065308
衣服收到后超级好，穿上很有型，这个价钱买这件衣服很值而且卖家服务态度也很好，物流很快，总之这次购物很开森,7,7,0.9478259086608887
我也喜欢蒙牛的牛奶,6,6,0.9972111582756042
还行 就是太长,1,7,0.5283507108688354
包装不错，果子能吃，但酸度比较高。吃的时候还好，吃完了嘴巴里一股酸味。应该不是烟台苹果，烟台的吃完了嘴巴里是甜味。,3,3,0.9996117949485779
房间冷，卫生差，布草几乎都破损，很不满意。,9,9,0.9887223243713379
潘苹果?第一次买，12个苹果有一个特别小，口感甜，肉质紧，水分感觉一般，不是特别水。开箱有一股特别好闻的苹果香,3,3,0.9950824975967407
打开包装盒，拿出来发现有些湿，原来是瓶口的塑料被撕开了,4,4,0.8844521641731262
知道酒店房间小，但没想到这幺小，转身都困难；知道酒店房间吵，但没想到这么吵，除了自己的呼噜声，什么声音都能听到；知道酒店服务差，但没想到这么差，服务员说话的感觉和吵架没啥区别；总之，相同价格的酒店还有很多，其他同类酒店的设备和服务比汉普顿好的多了，以后实在不会选择这汉普顿了。。。。。。国内的很多招待所的质量估计都要比它好很多。。。。。。,9,9,0.9678990840911865
物流很快，手机不错,1,1,0.7591802477836609
苹果很新鲜，一次买了5箱，朋友都很喜欢，价钱又合理,3,3,0.9884187579154968
裤子很满意，发货速度快！下次还会光临！,7,7,0.9743363261222839
快一个月 衣服还没到 还不退钱 呵呵,7,7,0.8599269390106201
与图片不符，有图有真相，个头小，很酸，真的一点都不甜~~,3,3,0.9877158999443054
环境较差，马路噪音非常大，而且房间之间的隔音处理得不好，睡在床上能听到楼道里的讲话声。房间偏小。另外，离机场非常远。出租司机走外环线，说是速度快，但走了40多公里。饭店周围的环境很乱。,9,9,0.9973883032798767
衣服还是不错的，就是洗完会变长,7,7,0.9861765503883362
"这个酒店真的不如照片所显示的那么好.如果有评0分或负分的话就更好了.谈谈我的这次入住吧.12.1.中午到达酒店,1701房间,开门就能看到洗手间,入住后洗澡.于是噩梦发生了.一个漂亮的妹妹用她的房卡把房门打开了.于是我便赤裸裸的站在了她的面前,更糟糕的是她的男朋友还好奇地把头探了过来...我把房门关好,然后致电前台,得到的回答是""我们需要合适您刚才说的情况"".好吧,我等,5分钟过去了,我在打电话到前台,""我们还没有查清楚"".我的神啊,我在洗澡时一个陌生的女人闯入我的房间,我要求酒店管理人员给我一个说法,你居然说要核实,我他妈的有必要骗你吗.下楼,""请问1701房间的事情处理得怎么样了?""说了四遍后,可爱的前台小姐告诉我,她不知道.于是我问紧挨着她的另一个,唯一的另一个服务员,她告诉我,是她接的电话,她们还在核实.对不起,ctrip.我愤怒了.我要求见它们的领导,在我提出要求它们道歉,书面的.它们说它们的领导不在,我kao,站在我面前的四个人居然没有一个是领导.于是,咆哮.接着它们把我领到吧台后的房间,在房间里,我见到了它们的领导,一个母性的女人.承诺我会满足我的要求,但直到今天我没有见到它们的任何的人来给我一个说法,除了免一天房费,和一份水果外.说房间吧.床还可以.房顶开裂非常厉害,有股奇怪的异味,我买了香水喷过才好些.面盆在床头,非常的不舒服.排风扇的声音不是一般的大.洗手间设计非常不合理,洗澡时水会到处流,非常的不卫生.要收费的项目的物品有消费陷阱.我发誓,top star的酒店我是不会再住了.一群低劣的人是不会懂得如何定义酒店的.",9,9,0.8371301889419556
裤子的价钱很不直，客服太度很差！,7,7,0.9962939620018005
没有GPRS功能，不能下载铃声和图片，而且手机没彩信。待机时间也短，两天就要至少充一次电，太烦人了！说是可以WAP上网，说明书上也说能，可上不去，问售后，人家说“都上不去”！…,2,2,0.9394614100456238
离浦东机场很近，酒店有去机场的班车，赶飞机的最近选择。,9,9,0.9841287136077881
不是很好，以后不买了。,7,1,0.3136340379714966
这个80的果真的很不够数就是了，不过这次买的果子颜色看起来好很多，京东小哥送来的时候问我你是不是买来卖的，经常买水果……晕！我自己吃得多好吗？?,3,3,0.9906672835350037
的就一垃圾！75mm个毛啊！30mm都不到！果子小的很！还有个烂的！假冒伪劣！,3,3,0.8641309142112732
"我订的是贵宾楼标间(根据前人评语筛选),最大特点是服务细节考虑得很周到,送水果、晚报、餐巾盒，甚至连浴缸前的垫脚毛巾都铺好了。特别提示：因该酒店贵宾楼标间靠近马路，所以房间分双层隔音玻璃房和单层隔音玻璃房，如果你对于噪音比较敏感，建议预定双层隔音玻璃房。",9,9,0.9965824484825134
一分钱一分货,7,7,0.6506865620613098
"读南先生的书,就如同在迷雾中行走时突然看到前方有一个光亮在远远地牵引着你,让你心中为一之一振.对于人生、对于这个世界我们有太多想了解的东西,这套书会给我们很多的启发，相信每个人看过都会有所得。虽然这套书的内容很多在网上已看过，但是还是很迫切地买了一套自己收藏，随时再拿出来仔细品读，个人觉得买这套书真的是非常值得，能在茫茫书海中碰到这套书真的感觉很幸运！唯一的小小遗憾就是字有点小！",0,0,0.9994022846221924
电池不错耐用，电影不卡色彩也不错,1,1,0.9343459010124207
真心不错，主要是水分多、脆。至于甜的程度，有些很甜、有些一般、有些不甜。包装好，京东的快递就不用二话了。超快，比顺丰都快，快递员比顺丰的更亲民，态度更好。买了两个牌子，都是很不错，同样的口感。对比了一下，仙美的箱子更大，果更大，重量更多。日后多买仙美的，量足。果可以吃到见果米粒的地步也很新鲜。放冰箱的水果层冰着，吃起来更甜。用洗蔬果液洗干净就可以吃了。,3,3,0.9966915845870972
房间很脏，热水壶烧的水完全不能喝有浓浓的塑料味！酒店的工作人员服务态度很差！但是酒店到机场的免费接送服务很好！不推荐入住,9,9,0.993694007396698
以为换个马甲别人就不认识了？坚决不买蒙牛,6,6,0.9007487297058105
质量一般，收到货不是特别满意。,7,7,0.6791541576385498
这个酒店地理位置不错，在无锡比较市中心区~出行方便,9,9,0.9553680419921875
不错不错呢 第二次买啦 好吃 好吃 满意满意 快递小哥 很帅气,3,3,0.5053018927574158
手机买了二十天，一直网络连接不稳定，以旧换新扣一千块，这就是我们自主品牌，只要销量，不要售后售后服务，这一星都是给客服的，什么也解决不了，什么也回答不了，一直都祝我开心,1,1,0.7710087299346924
手机拍照垃圾，对焦慢，发白，成像模糊，听歌也垃圾，中频糊，高频刺耳，非常后悔购买,1,1,0.8024865984916687
洗头发效果不好，之前使用海飞丝没有头皮屑，用了潘婷后就有,4,4,0.9925058484077454
非常好的一款洗发露，沙宣的，大牌子，八瓶装，很超值，秒杀买的，很便宜，还没用，用过后在来评价质量。,4,4,0.9871392846107483
真特么是垃圾，和图片差别太大了，明明是29码的穿起来比31码还要大，而且这颜色也特么是狗屎，买黑色的送条灰色的。,7,7,0.9975143671035767
房间不错，下次有机会还会继续入住的。价格能再便宜写就更加ok了。,9,9,0.924629807472229
同一款，同一个码，居然有一条小了，穿不了，太失望了,7,7,0.9960516095161438
原以为是很简单、老套的故事，却没想到让我一读难忘，欲罢不能。现代的都市生活，每天忙忙碌碌，工作压力越来越大，却枯燥麻木。爱是什么？两个人真的能相守一生吗？很多时候迷茫，怀疑。看过这本书后，虽然明明知道是写出来的故事，但是很让我感动，主人公对爱的执着，真心的相守，让我的心占得满满的，生活可以平淡，只要和真爱的人携手一生，足矣！,0,0,0.9991968274116516
收到货了，京东速度快，没的说，产品质量好，快递服务周到，相信京东，,3,4,0.5262454152107239
拿到盒子一看是GL40的，非常失望和恼火，怪不得京东不敢标芯片组了，还说和批次有关，买电脑搞得像抽奖一样，配置都不透明，要是事先知道是GL40的，绝对不会买的，有种受骗的感觉,8,1,0.5107331871986389
很好吃，快递也很速度，服务态度也很好！,3,3,0.8605653047561646
酒店除了所处位置非常有优势外，其他的应该没什么了。设施简单、陈旧，但对于住一晚的我来说，也能将就。,9,9,0.9928225874900818
差评 建议大家别买了 用不到一瓶家里人个个有头皮屑又痒太可怕了 以前用别的洗发水洗都没有这样的事发生过,4,4,0.9906287789344788
我们是从银滩的酒店住宿后，搬过来的，所以这个酒店虽然离银滩远点，但是也没觉得什么不便，每天去玩海也没什么意思。嘉莱总体的设施不错，比银滩那边的要强多了，舒适、宽敞、干净。我们住的是两室一厅的套房，才300多，总共有三个电视，中央空调，客厅、厨房都跟家里一样，床很大，如果要都住满，至少可以住四个人，大床有1米8，另一张有1米5。美中不足的是，厨房里尽管有微波炉、电饭煲，但没有餐具什么的，有点形同虚设，要不然可以去买点生猛海鲜自己煮来吃，更有意思。酒店里的室外游泳池挺不错，循环水系统，干净且人又少，大人、小孩在里面都可以找到适合自己的水深区域，有救生员，比较安全。以后如果有机会去北海，还会考虑住这里。对面的海鲜大排挡不知道什么原因，会人那么多，露天里吃，卫生也不咋地，问了一下价格，还没嘉莱自己酒店的便宜，还很拽。后来我们吃海鲜就在酒店餐厅吃，做得好，也干净。嘉莱的早、晚茶挺好，规模很大，也很实惠，跟广东那边的差不多。,9,9,0.9804074168205261
这是买的第二条裤子，和第一条根本没法比，不知道啥原因，不管是面料还是做工都极差，还褪色，和店家描述的商品根本不一样，要不是我洗过了，我真想把它退货了，现在也不想穿了，把它扔给叫花子穿了，希望店家有所改进，不过我买的第一条裤子确实不错！,7,7,0.9984768033027649
两个星期了，书还没送到，我倒有点不高兴了,0,0,0.9694980382919312
总而言之一句话，很差！早餐基本上没有能吃的东西，房间也很差，附近交通也不方便。配套以及服务都很一般,9,9,0.9871153831481934
威廉&#183;欧奈尔的经典之作；有朋友看了我买的书后说；不适用我们国内的A股市场。我刚刚看了几章就把我吸引住了！人性的弱点是不分国家和文化的~结合我自己八九年的炒股票经历——书中描绘的情景就像是我之前和现在所经历的一样！我为什么没有在几年以前看到欧奈尔的这本书呢？书中的很多理论对我们散户很有借鉴意义。强烈推荐！,0,0,0.9951570630073547
很旧很旧很旧！！！！,9,7,0.2566748261451721
蓝牙就是启动不了，不知道怎么搞。下面的控制板不是很好用。小屏幕还在适应中。,8,8,0.5591251850128174
小倒不说了，吃起来还很涩，这品相市面上撑死*一斤或者是超市特价处理的货色，就这也能吃？包装倒是不错,3,3,0.8759622573852539
哎妈，底下蒙牛给我回复了，看来不能说人家坏话了。,6,6,0.7806499004364014
用了一段时间感觉还不错，现在华为做的是国内最好的了！支持国产，下软件给孩子学习用的，之前就是纠结买10寸的青春版还是这款，选了半天还是这款的配置高，处理器好，如果能有10寸大屏还这么高的配置就完美了,1,1,0.7066102623939514
买完就降价，郁闷，有点沉，重装系统，原机中预装东西丢失挺可惜！,8,8,0.5362418293952942
大小刚好，穿着很喜欢刚好合适,7,7,0.9961703419685364
真心的不错，快递很快。价格合理，东西也是正品。好喜欢这种香味，用了才评论的。,4,4,0.9404757022857666
非常好，一次买了十二个，做为销售队伍的奖品，很是高大上！,1,3,0.9364817142486572
"很多：我的机器出现了三次‘个别人’才能出现的问题——开机便因为短信功能而死机……然后就属于瘫痪状态,其次，普遍的问题：1.滑盖不稳定，易松动,2.反映很慢……,3.电池难以负荷如此大的屏幕；一天一冲,4.一键通快捷设置不科学，打开滑盖之时，容易触碰。5.输入法不够方便，还不如6020等老款机型",2,2,0.8645682334899902
拿着太厚重，一点不小巧.说话声音质量不好，按键也不好用，不能下载铃声，用来用去只是那几个，虽说铃声还算不错，但是总听也会腻,2,2,0.853058934211731
物流超级快，宝贝收到了就打开来吃了，好吃！,3,3,0.6976497769355774
一个字，屎，尤其前台和早餐的服务，绝对的差到极点,9,9,0.9821386337280273
拍照时反应太慢，听音乐时如果不戴耳机把音量调到最大时会卡住。有时接耳机时会接触不好，必须拔下重插。听音乐时如果直接按快捷键播放，放完一首就停止了。只能到播放列表中去播放才能连续播放。最夸张的是四千多的手机键盘竟然这么烂，不舒服也就算了，但用了一个月，接触就不怎么好了，对于我们这些以短信为主的年轻人来说，一个好键盘是很重要的。,2,2,0.9255588054656982
水果确实是很脆，很甜，但是卖相就不咋样啦，不过还是支持！,3,3,0.9964317083358765
虽然电视、网络等媒体对于丹大肆炒作，但我并不欣赏她对论语的讲评，或许是仁者见仁，智者见智吧。,0,0,0.9980417490005493
太小了，这是卖苹果还是卖沙果啊！,3,3,0.9584448337554932
衣衣收到了！质量做工都很棒！面料很不错，时尚潮流又个性十足！喜欢的亲们，放心购买    好评、已经穿了几天了，是正品。质量不错，穿上挺好看的。这个价格非常值。以后还来买。    速度太快了，棒棒的。衣服质量也不错，物有所值,7,7,0.978318989276886
"不好玩感觉买它是种浪费如果没有认真看它,把它当小说一样看的热情还是不要买了不值得",0,0,0.49122685194015503
感觉不像是正品，洗完头不如在超市买的感觉好,4,4,0.9239071011543274
最近受几位老年大学学友的委托，又购买了几本《数码单反摄影轻松入门》和《RAW完全解析》，确实很不错！,0,0,0.97919762134552
自己实用最重要，照相．ＭＰ３播放．６０Ｍ内存．手感好．,2,2,0.45940908789634705
散热好 外观美 VSTA启动程序快 就 是 买的第2天就 掉价了还送东西,8,8,0.7595790028572083
质量差有点像地摊货,7,7,0.698030948638916
店家态度棒棒哒，物流速度也是一流啊。宝贝收到了，给男票买的，他说料子很好，穿起来很舒服很好看。下次还来哦?,7,7,0.9183211922645569
口味还可以，总体来说还不错，物流速度快，苹果略小，酸甜。,3,3,0.9968355298042297
1.轻便小巧，做工比较精致； 2.屏幕显示效果不错，可视角度，左右看很赞，上下看还是有点窄。 3.键盘超赞，打字很舒服，玩过华硕的易PC，打字太痛苦了； 4.电池持续较长，基本5个小时没有问题。,8,8,0.8768094778060913
前天买的今天还没寄到呢就降价*元，其实*块钱没什么，但就是心里别扭。,1,4,0.3797093331813812
看到以后质量非常好 穿着很舒服 很保暖 非常喜欢 店家也好 不错,7,7,0.9684399962425232
必须差评，11月6号下的单，11月23号到家，本已取消订单，要求退款，快递竟还通知家人过去拿货，去到居然还不让拿，这是什么流程办事？？至今没收到退款，失望失望失望！！！,4,1,0.46564197540283203
给父母买的，挺好的，非常满意！,5,1,0.4836150109767914
手机买好回来就有华狠，估计是别人退的，在京东上买了两次手机，第一个苹果4s买回来冲电器不能用，忍了，第二次华为是别人退的，对京东彻底失去信心，以后买电器不会在上京东了，别人退的货为神马还要在卖跟客户，京东在欺骗消费者，给10分差评。,1,1,0.8509921431541443
衣服质量不错，穿着舒服，一直信赖这牌子的,7,7,0.9870232343673706
总体不错的酒店，楼宇结构有点怪。携程订单下了，可是酒店内部协调慢，抵达后等了很久才拿到前台；前台男服务员很差，阴阳怪气的。一楼有不少大牌子奢侈品店早九到晚九，不错的，没事的时候可以逛逛。早餐尚好，勉强过关，比三亚喜来登差了n倍，当然，价格差没差那么多。,9,9,0.991438090801239
清杨男士专用洗发水是老牌子，用一段时间看一下发质，好用再来,4,4,0.9968240261077881
一直用沙宣的感觉挺不错，第一次在网上买，弄了很多洗发露没泡沫，以为是头发太脏冲水后再涂还是没好多少泡沫，好吧，已经无语了，,4,4,0.9940811991691589
一起买了两套，还以为很多，感觉挺好，用用看！,4,4,0.6472154259681702
比超市便宜很多，购买也方便，直接送货上门,4,4,0.5788429975509644
品质做工不错，音质比华为手机的要好，前后800万摄像头，拍照效果一般。2K屏显示效果不错。开机为4.0版本，升级2次后到5.1版本。系统也流畅，有针对办公的office的软件。娱乐功能也可以。,1,8,0.6566622257232666
商品没问题，价格有问题！618活动价899，第二天就秒杀848，敢情618全涨价，买东西的都是傻子，全冲着高价去了是吧，去客服投诉永远无人在线，客服就是个摆设！本来还对京东挺有好感的，以后不会再在京东买任何东西，参加任何活动!店大不缺我这个客！,1,4,0.5393539667129517
这裤子不错，给满分，我建议大家购买，质量也不错,7,7,0.9955078363418579
给老人买的 还没有用 因为我不在家老人不知道怎么剪卡 不过听老人说没有耳机子？？？手机不都是配套耳机的吗？第一次买手机没有耳机 失望,1,1,0.8090214133262634
物流很快，价格划算，可是刚买又降价了,1,4,0.5129355192184448
很好的手机。荣耀手机好。,1,1,0.9697660207748413
洗澡水温调不好的,9,9,0.3465411961078644
一直购京东超市苹果，靠得住。味道好，新鲜。吃完再买。,3,3,0.9714424014091492
好吃，水多，个小，原来*一箱，后来涨价到*！所以现价均价*一只?。,3,3,0.9639745950698853
"3月住了4晚,感觉不错,比翠怡要好5月还来",9,9,0.9832088351249695
一颗星都多了，说的送内胆和阅读会员，到了屁也没有，客服就知道问下单有没有显示，显示你妹啊，现在还那挂着送东西的页面，不送还挂你大爷，骗子，最后一件华为，拜拜，骗子 !5星差评，千万别买,1,1,0.6121161580085754
真心的不好说，我只能给一个星还是给快递的，还有烂了的,3,3,0.6108707189559937
很好的衣服 布料也好试穿很舒服,7,7,0.9953129291534424
质量差 后袋修补手工很差 发货速度也慢,7,7,0.8707535266876221
邻居推荐的一款衣服，回来后果然很赞，穿上挺帅气滴，衣服质量也不错。,7,7,0.9721279740333557
华为平板M3最新版本emui5.0华为平板m3青春版都是emui5.1。有点看不懂了，旗舰平板都受冷落，，，，,1,8,0.5924071073532104
差评差，差差，差，一个字还是差,7,7,0.43359360098838806
从来没看过，不太值得。可能不太适合吧,0,0,0.6863426566123962
早上五点隔壁就开始有各种水声，刷碗还是什么类似饭店后厨的声音，吵的不行！房内无窗户，要不是实在订不到其他酒店了，也不会住这里！,9,9,0.9979696869850159
房间虽小五脏具全，我们住的是海景房，需要另加400块，不住海景房在那儿住就没意义了。早上在中餐厅的早茶比较惬意可口。周边逛街比较方便。,9,9,0.9925790429115295
什么潘苹果 非常难吃 一点都不脆,3,3,0.9968333840370178
该有的配置都有了，日常办公和家用应该没有问题 外观时尚，蓝色的背景灯很洋气，按键手感不错，可是右边的快捷键第一个和第二个不知道是什么功能 摄像头效果不错，但可惜不能旋转,8,8,0.6881791353225708
绝对差评！！！这次买衣服十分不满意，今天第五天了还没到货，可能最少要七天以上才能到，一般三天只能能到的 ，居然那要么久！！！路程四五百公里，为什么要那么久？？？,7,7,0.6045159101486206
"房间很好,价格也不错,服务也不错,就是不好停车.",9,9,0.9817112684249878
还不错，就是不知道真假，效果如何，送的小了点。,4,4,0.5726551413536072
今天的篮球赛就结束啦～～前三甲可是一队领走了一个篮球呢。。。貌似还有蒙牛牛奶？丰富的奖励啊～,6,6,0.8299756050109863
洗发水洗发好干燥，头屑也多，一般。包装、服务都还好。感觉促销的东西，里面含技术成份的未添加……？？？,4,4,0.9885923862457275
比较普通的酒店，服务还行，设施也一般，楼下的自助餐非常好，菜品非常丰盛。房间就比较普通了。,9,9,0.9958325028419495
性能稳定，好用，但是装系统比较麻烦了点，不懂电脑的人很难装这个系统,8,8,0.96817946434021
去检测，检测结果有坏点！京东知道我去检测后才同意退货。劝大家一句，不要买这一款，我到华为那边去，销售说这款机子停产好久了！款式也是旧款！而且京东并没有给我合理的解释，为什么两次机子充电插口都有使用过的痕迹？不是告诉我说是全新的吗？一部全新的机子有坏点我可以理解，但是为什么所谓全新的机子插口会有使用过的痕迹？？口说无凭，发图片你们自己看！,1,1,0.7860725522041321
质量太差，设计偷工减料严重。 我1月15日拿到电脑，到6月18日，5个月的时间。维修了4次，硬盘坏了3块。,8,8,0.8207070231437683
衣服很好看，款式不错，很修身的那种，老公穿的也挺好的，他很喜欢，面料舒适。没有任何质量问题。,7,7,0.989001989364624
把GPS卫星定位系统搞入手机。不错。,2,1,0.4929613471031189
苹果算下来2块多点一个，果不大，但还新鲜，包装很好，没有烂果,3,3,0.9994358420372009
非常好的商品，物流也快很好的商品,4,7,0.48417288064956665
很差，差到极点。尺寸不合。还大。第一次在京东网购,7,7,0.952401340007782
这个３星实在太差了，住的房间开始么空调很低，简直没有，到后来么就拉倒空调坏了，住的房间都是一股霉味，床上面也都是发霉的，千万不要住这个酒店，我是一晚上没睡着，太差了．早餐简直就是没东西吃的，简直是一塌糊涂．服务元态度还算可以．,9,9,0.9958522319793701
买了快一个月才来平价，是想用过才说 真的不好用 用了后头发都少光泽了 刚洗完头干就头皮屑太多了,4,4,0.9897680878639221
苹果很新鲜我这已经是第二次买了也很方便送货上门,3,3,0.8976686000823975
苹果不错哦，虽然个头不算对，但是脆，甜，值得再买。,3,3,0.997582197189331
壳子有点松，质量差,1,3,0.47342634201049805
没有坏的，但是，但是，但是，个头好小，味道好涩。就是个噱头，不建议买。,3,3,0.9531265497207642
"青岛现在正在招募一批志愿者,找公共场所和商品中的错误用语.我看这些志愿者大概也可以出书了!这样的书对学习英语的人有什么帮助!别叫<笑死我的英文书>,直接叫<笑死人的书>好了!",0,0,0.9975560903549194
第一次买 不错 没有坏果 包装很好 有两层泡沫 外加一个单纸盒 不错,3,3,0.46728652715682983
机场班车是亮点，可惜环境太差，前台态度也生硬，没睡好，被子脏，脖子下面都起疙瘩了,9,9,0.9916291236877441
"极差，买了3套本来想送人,没有味道。怀疑是假货。搞得现在不敢送人。",4,7,0.27112865447998047
太垃圾的衣服，,7,7,0.9662413597106934
"快递的速度超慢,打电话联系商家，商家一直没有合理的解释,还一直找理由不找原因。水果有三成都是烂的(有图为证)能够体现真正的生鲜吗?购买此商家的水果，千万要小心。",3,3,0.9523043632507324
宝贝性价比高，不过黑边好宽，和水果比起来差远了，好在价位不一样。,1,3,0.9147952198982239
不满意！假货，不是南极人正品牌子，质量差！衣服于图片中不符,7,7,0.9830008745193481
特别小，被骗啦。大家不要买，坑人,3,1,0.32830533385276794
酒店位于福州最热闹的东街口，出来吃饭购物逛街都十分方便。商务单人大床间房间够宽敞，还配有液晶电脑，很方便。尤其值得一提的是酒店的服务，非常棒！每天晚上都有楼层服务生专门送来的小点心和温馨的明日天气提示及当日报纸，感觉很贴心。下次来福州还会选择这家。就冲这么贴心的服务也觉得很值得。,9,9,0.9789652228355408
差点儿丢了，物流在三四线城市还是有欠缺，快递小哥人很好，每次提醒检查破损问题,3,4,0.30812186002731323
之前在实体店里也见过 但比实体店里便宜多了 品质也很不错 。比较满意。给卖家鼓励 还会再来,7,7,0.6387482285499573
东西不错，挺满意，对得起这个价格 ，不过，还是建议购买4G，64G的，运行会更好点,1,1,0.48851001262664795
伙伴们别上当了，每一个甜的，再也不在京东买水果,3,3,0.7923861145973206
这已经是第二次购买。嗯，感觉，感觉效果用起来不错，头发飞，非常的柔顺。我会继续支持京东。点个赞。这款洗发效果不错，欢迎大家来抢购。以后还会再来的。非常满意的购物，比外面购买实惠多了，还送了小瓶小瓶的，方便以后出门旅游用，感谢商家,4,4,0.9495263695716858
太差了。绝对不是正品。上当了。,7,7,0.632174551486969
反应有些迟钝，作为华为老用户，没感觉到华为的进步。,1,1,0.9670530557632446
说实话，很差，感觉那么多好评有点假，这裤子要是在现实中50快我都不一定会买，想退货又想着双十一还是算了，差，差,7,7,0.9691963791847229
服务态度很差，住房条件一般，去机场的接送大巴很方便，只适合转机航班。,9,9,0.9950577020645142
还不错，这个价格比我在外面买的划算，以后还会经常来，个头不是很大，还可以吧,3,3,0.7997989654541016
京东服务一如既往，物流及购物体验完胜竞争对手。,3,3,0.3350086212158203
无语，贴膜都没有，,1,1,0.6778374314308167
家用非常有面子，做工非常不错，thinkpad牌子的质量保持一致，非常满意。,8,1,0.3791801333427429
垃圾/ 不能买,7,4,0.2646425664424896
发货那么慢，而且还发错了颜色，联系客服没人理,7,7,0.7509688138961792
对这次购物非常满意。裤子质量非常好，男朋友很满意。物流服务，和客服态度也都很好，在京东上购物有安全保障，放心！！想买的朋友别犹豫了，不会让你后悔的！,7,7,0.7143217921257019
和LP一起订的度假，发现三合比较紧俏，于是赶紧下了订单。在三合感觉中国人绝对是“少数民族”估计老外对这个酒店可能比较熟悉，早餐是在酒店外（第一次这种体会，呵呵），出门向左50米（路对面），叫阳光和酒吧。只有第二天早上看到一对中国人，其他全是老外，感觉有点奇怪。早餐内容太少了。酒店内比较别致，很有古城的味道，房间内的家具比较紧凑，不过两个人住应该还好了。热水似乎不行，放了很长时间都是温水。电视奇高无比，晚上看会电视脖子酸，信号也一般。不过如果是体验古城味道，的确是个不错的选择。,9,9,0.9849770069122314
太不满意了 我看物流那快递哥电话 然后打了3遍一直是停机中，我都等着急了，还是山西号，还有跟客服聊天太tm高冷了，一句话不回，眼瞎了吗？?,1,1,0.739707350730896
送货速度极慢，必须差评。,1,7,0.31081467866897583
洗发露是消耗品，来京东买了两次了，用着还不错，比实体店里便宜多了,4,4,0.9922261238098145
个头不算太大，裹两层保护膜的时候感觉很大一个。,3,8,0.2850862741470337
一：未接来电无法快捷显示电话号码（就是说只有一项一项找到未接来电才可以看到刚才没有接到的电话号码）。二：开始我以为是西门子的功能设置的不人性化，后来给客服打了电话才发现是我的机器出了毛病，他们让我第二天去客服检测。三：第二天走之前我玩机器时打开了录音机，新的错误疯狂的发生了，开始录音永远停不下来，无论是按暂停还是停止，无论是按推出还是OK，永无反应，无奈之下我拔出了电池......当再次开机时我惊奇的发现，无来电显示的错误神奇的好了。不过录音机还是无法停止。,2,2,0.8613043427467346
不说样式不说做工，掉色！想像不到的掉色，我的大衣都被蹭绿了,7,7,0.9975389242172241
真的很好，很好看，穿着特别有型，送朋友的，朋友很喜欢，裤子布料也很好，不会起球的那种，穿着真心帅。果断好评。,7,7,0.9841099977493286
"好用不说话,十个字已输入",1,2,0.4469177722930908
韩国人写的太浅显了，没有实质性内容,0,0,0.9767401814460754
这是刚刚买的时候拍的，现在卡到不想用，直接摔烂了，建议大家不要买，不要被骗了,1,1,0.7009284496307373
还行吧，希望裤头的细节处能处理得再好点………,7,7,0.9897876977920532
同事帮忙接的包裹，打开看，里面有一瓶已经打开的，洒了盒子上好多，还有其他几瓶上都沾了不少。自己收拾了半天。还不如在超市搞活动的时候买。洒的都是钱好吧！差评！,4,4,0.6102030873298645
我已时值21岁“高龄”，买这本书是很偶然的，但看一次就感动一次，花斑小猫用想象诠释了对小鱼的爱：宁愿放手来成全小鱼的成长，却在小鱼遨游时昼夜等待，小鱼也终于没有辜负这份爱，与花斑猫终生相伴，非常好的书！虽然只有十几页的书，纸质很好，构图视野也很辽阔，不错的选择，不应只局限于婴幼儿阅读，对成人也绝对有教育意义——如何去爱！,0,0,0.9990289211273193
由于房间里面的水是锈水，大堂副理免费升级到套间，由于我预定3天，讲好头2晚是478，第三晚是578。结果第三天直接告诉只能是678，经过与携程反映也没有效果，原因就是第三天有一批人来此开会，房间不够，故意把住客赶走。坚决再也不住这里了。态度十分差劲。,9,9,0.9978471994400024
前台以抢购的理由搪塞换房，实际入住并不是所谓豪华单人间，而是普通双人间，感觉被忽悠，差评。,9,9,0.9906326532363892
漏了，不是第一次出现这种情况了，以后在京东买液体类的，真要慎重,4,4,0.8561615347862244
次品，洗了又痒又有头皮屑，难道大家用了的评价真的是那么好吗。绝对不是正品，又或者潘婷现在的质量变得那么差了？,4,4,0.9960434436798096
裤子穿上很合身。布料是我喜欢的那种。很适合在重要的场合穿，而且客服说话很客气，很好。快递还发顺丰。好评好评。,7,7,0.9894368648529053
看着很好，包装不错，有股淡香。用段时间在追评,4,4,0.8948764801025391
洗发水收到很久了 才开始用 完全是假的 起了好多头皮屑 更气人的是 我和我老公用了之后头上起了好多红疙瘩 又疼又痒 希望大家不要再买了 简直太假了 从来没买过这么差劲??的东西,4,4,0.9884719848632812
书的内容没什么好说的，主要是纸张、印刷太差，所用的纸非常粗糙比一般的盗版书还要差，裁的也不好。这本书在实体书店里卖的质量比在当当卖的好的多,0,0,0.9922987818717957
我能说我被坑了吗，买个手机没有配耳机，我确实没看包装参数，但是谁能想到买手机还有不配耳机的，买了很长时间了，因为是给家人用，到货的时候就看了一下，没什么问题，但是今天想试一下，居然没耳机，真特么是醉了,1,1,0.9313523769378662
"住了两天,环境及设施都还不错,主要是便于孩子在迪士尼游玩.第一天是早上9:30到的,前台说3点后才能安排入住,于是寄存行李先带孩子玩,下午5点多点我们就回来了,取了房卡,可开不了门,到了前台,说卡可能是我和手机什么的放在一起了,消了磁,真是莫名其妙,取卡到房间门口不过几分钟,且我一直拿在手上的,怎么就我的原因?教训了他们几句,换了张新卡才进房间,最可恨的是第二天,我们从乐园游完回来,卡又出问题了,打不开,我再次去前台责问,查出原因是前台失误,卡只写了一天房,我立刻投诉,要求大堂经理到我房间道歉,约6~7分钟,来了个前台经理到我房间向我和孩子道歉,给孩子带去几张卡通人物的卡片.两天出现两次相同的错误,真是郁闷!另外:香港的迪士尼只适合10岁以下的孩子玩,大一点的孩子建议别去那,没有什么意思,不如海洋公园的游戏,甚至还不如去深圳的欢乐谷了.",9,9,0.9372490048408508
苹果不是很好吃偶尔遇上一个甜的 大小还不一样,3,3,0.9972589015960693
假货！京东现在就是这么做生意吗？不觉得自己这样做很垃圾吗？假货横行！,4,4,0.832125186920166
"房间还不错,服务很好,只是路还没修好,下次还会住.",9,9,0.9617792963981628
根本没有经穴部位挂图，承诺要兑现，这是最起码的，也是必须的。,0,0,0.5366262793540955
"面对鸦绿江大桥,附望远镜,还有飞镖,设施没话讲!下楼就是风景区很不错!",9,9,0.9760556817054749
奥列伞……一个消灭口吃的地方……一个渴望创造力的波希米亚集市……一场关于爱和理解的换位游戏。六岁时，唐优优开始口吃，这令他自卑又孤单。他来到奥列伞下，结结巴巴地许愿要当精灵，于是夏多只好硬着头皮去替他做三天小学生……很喜欢梦神奥列伞的世界，一口气把6本全套书都读完了。这里什么都有，就是没有无聊！希望我能够永远有童心，永远在梦神奥列伞的世界里遨游！,0,0,0.9891603589057922
酒店相当难找，房间很闷，沙发也看起来很脏很破旧。发票只有手撕发票，请帮忙重开发票 居然跟我说要我先寄给它税率的钱。搞不清楚手撕发票也要收取税率么？反正入住不愉快，下次再也不会选择,9,9,0.9870310425758362
这个裤子相当不错，物美价廉，我给对象买的，他朋友都说好看，以后要买裤子还会来你家买的。非常喜欢。,7,7,0.9926431775093079
酒店服务较好。入住后还给免费升了级，留下很好的印象。有机会还会去住，但价格应该再降下来一些。交通不是很方便。,9,9,0.982225775718689
618活动真的非常划算，只可惜号黑了，领不了券，16号就给了一天用金币兑换券，又领不到券了！郁闷！真搞不懂，你黑号的目的是啥，是想让人购物，还是不想啊！黑号领不到券就不买咯！,4,4,0.6513678431510925
甜还可以 就是太太太不新鲜了 也不脆 勉强勉强还行 有点小,3,3,0.9951153993606567
低端机。散热，做工，设计，用料比高端的还是差一些的。看在价格便宜的份上就忍了吧。,8,8,0.668610155582428
在我刚开始从事设计的时候，阿尔瓦 阿尔托是第一个与我有缘，超越时代，地域对我指点的前辈。在他的世界里 没有概念的约束，这是任何渴望为了自由设计而用心的人最需要的精神内在与动力。美丽需要的两个前提是 干净 和 幽默。美丽的人。而这位建筑师 设计家可能具备的更多。宜家家居至今还在销售他在上个世纪30年代设计的曲线板读书椅。这本书物美价廉，适合热爱自由设计的每个人，我想是这样的。一九七九五月韩,0,0,0.9394866824150085
酒店非常陈旧，地毯也破旧，卫生也不好，保养做的很差,9,9,0.9933051466941833
非常棒的裤子，面料很不错，很喜欢，下次还回来的，好评,7,7,0.9982824325561523
"渡假村周围景色不错,但较落乡.硬件太差,服务水准有待提高!查房时故意用陈旧的烟蒂烫痕讹人,虽未得逞,但给人留下的感觉不好,以后不去就是了.",9,9,0.9830999374389648
价格很实惠，但是配置一点都不实惠，我觉得家用这本本已经很强悍了。很喜欢它的造型和新键盘设计。散热还行，起码比我周围那些认得惠普家用本好多了。,8,8,0.9642050266265869
什么东西？一点都不好 穿上后我感觉腿都变形了 服了,7,7,0.9074105024337769
裤子喜欢，穿着合身好看，买第二条了,7,7,0.9868425726890564
机身稳固，可靠，特别耐磨。一般使用可以,2,2,0.5933234691619873
专门定的宽带房，竟然无法上网，酒店也没有技术人员,9,9,0.9867870807647705
6个苹果有2个坏的，外表烂了一点，里面已经全坏了！*买了4个苹果，很贵，味道也没什么特别，非常失望！！只能差评！    京东自营水果前后买了4次，两次很不满意，生鲜类出问题几率太高了，建议大家慎拍！！我以后是不会再买了。,3,3,0.972410261631012
价格便宜，做工一般，版型可以！,7,7,0.9420843124389648
用起来有点卡，而且玩游戏不是很好,1,1,0.8229134678840637
裤子掉色严重，还有一股化学品刺鼻的味道，快递送到了也不通知，差 差,7,7,0.9394718408584595
第一感觉就是门童服务很到位，前台服务也面带微笑。房间比较宽敞明亮，上网速度也很快。很满意的一家酒店！,9,9,0.9909822344779968
垃圾，收到后隔天就全烂了，一个都没吃上,3,3,0.5244073271751404
读过她的《茶人三部曲》，一口气读完的。一直在搜寻她的文字，所有的。感谢当当，如我所愿！她真的长的很普通，但她的文字、她的思想真的很不普通！之前读过十几本茶书，可是与她的文字一比大多应当烧掉！有的人懂茶，但写出来的文字粗粗拉拉，不配！有的人不懂茶但也敢写！难得的是她能写出茶的美妙而又不失于浅薄，有研究而又不洋洋自得！一样的意思让她来表达就字字句句带了茶香！,0,0,0.9923175573348999
裤子不错哦 样式设计的很好 还显腿长喔,7,7,0.9920912981033325
第一次吃这么难吃的苹果，我都惊呆了。这是如何做到的,3,3,0.9010459184646606
酒店前台服务员态度高冷，因为是携程订房，拿不到好房型，好的房型都保留给前台下单。,9,9,0.9921016097068787
房间巨小，电视成了摆设，开不了，服务员态度冷漠。以后不会再进这家酒店,9,9,0.989231526851654
潘苹果 甘肃天水花牛苹果 9枚 礼盒装 80mm 总重量约4斤,3,3,0.9950233697891235
对酒店太失望了，所有服务人员都像我欠了他钱一样，微笑服务没有，必须差评，要不是赶飞机我才不会住在这里。,9,9,0.9845244288444519
一点不好用。除了电池。特别卡。玩王者人家都进去游戏了。我还得重新连接才能进去。,1,1,0.7300754189491272
凑合吧，旺季也不便宜，隔音太差,9,9,0.8879707455635071
裤子板型很好，穿着跟精神，也很舒服，质量什么的都挺不错的，好评,7,7,0.9980500936508179
很好！非常满意！效果也很不错！京东自营很信赖！快递小哥也很给力！,4,4,0.5221071839332581
没想到这么快就到了，尺寸正好，老板服务热心。做工较细致，款式比较修身，发货速度快，是物有所值的一件裤子，谢谢！,7,7,0.9943114519119263
快递挺快，但是手机很让我失望，连个耳机都没有，真心感觉这手机不值900，虽然是给家里的老人用的，但是实在是太low了，差评！！！,1,1,0.8519988656044006
给我妈买来看电视的，很不错,1,1,0.8976301550865173
本身对心理学比较感兴趣，然后又看到是畅销排行前列，所以一下买了上下两本看了以后有一种说不出的感觉，这心理师的人品很有些问题，为达到目的可以不择手段。。。很一般，虽然情节整的挺玄乎的，但并不觉得怎么精彩,0,0,0.9980431795120239
在我下完订单后，我和宝宝就在家里把第一辑都复习了一遍，当我周一把新书拿回去的时候，宝宝特别高兴，告诉我，妈妈，你上一天班真好呀，能买这么好的书给我。书的图片和故事都非常好，宝宝总是让我给她读，读到《我不想被吃掉》里面小狐狸的头被一只大鞋套住的时候，宝宝特别开心，乐个不停，讲完正本故事后，还总是翻倒那一页让我再讲一遍。故事都很精彩，大人也觉得很好看，哈哈！,0,0,0.9901004433631897
哎，买了不到2个月裤子就烂了，而且还是裆部，买了才知道布料很一般。,7,7,0.9984608888626099
与图片描述相差较大,7,7,0.4987392723560333
"外观漂亮,各功能指示灯也很好看,价格较中关村划算一些。给女孩子用较适合,看电影、听音乐音效还可以",8,2,0.7809677124023438
装系统比较麻烦，建议找专业人员安装。 桌面图标太大，不太美观。,8,8,0.7230743169784546
裤子很不错，穿着很舒服，尺码也挺合适的，穿上很好看，快递速度超快,7,7,0.946062445640564
这玩意洗完头皮痒，不好。,4,4,0.8873353004455566
海尔M260说明书上说，可以有500组电话号码，每组可以包括5个电话号码。实际上，一个姓名下只能存一个号码，或一个电子信箱。也就是说如果你要在一个人名下保存手机、家里电话、公司电话、传真、地址，你必须占用5个电话组的份额，即5/500。非常傻，我今天买的手机，我现在就想卖掉它。非常恶心。,2,1,0.6281825304031372
差评 线都没缝好 到处是线头 做工底线都抛了 与图片不符 颜色差别大 刚买成*马上跌* 反正不值这个价 不是因为退货麻烦 马上就退货了 反正不会买第二次,7,7,0.9761558771133423
看个电影各种卡，真心便宜没好货！！！ 另外，估计现在的上市时间长了的机器 很多都是翻新机,1,1,0.7246343493461609
裤子很不错，而且还合身。穿上去显得年轻了，给老爸买了的，下次还要买他家的东西，,7,7,0.9929447770118713
还没收到货怎么是待评价了呢？？？？,4,4,0.7278459072113037
这个酒店是我住过最差的星级酒店，没有之一，对→_→没有之一！！！不干净的狭小浴缸，信号靠运气的电视，一米二的大床，拨不通的电话，没电的遥控器，爱理不理服务员！我去，这酒店也是四星！！！去死吧！,9,9,0.9866185784339905
快递失望，打电话说了着急还拖到下午送！都不想再京东买东西了,1,1,0.44856202602386475
垃圾平板，长宽比严重不协调！华为也能做出这么LaJi的产品啊！服了！,1,1,0.9397162199020386
垃圾洗发水，真的垃圾,4,4,0.7476821541786194
嘿嘿，比鸡蛋大一点点，失望的商品,3,3,0.6237041354179382
总体不错，价格实惠，就是酒店周围的环境较差，乱哄哄的样子，房间也还不错，大堂的Check In的时候还算好，退房的时候实在是太慢了。主要的缺陷在4，5和6楼是对外开放的娱乐场所，形形色色的进进出出大大降低了酒店的品位，尤其是商务酒店的品位。,9,9,0.9957239627838135
在京东上购物多次，一直认为京东的货质量过硬，但是这次是彻底另人失望了。机子变形，屏幕漏光，边框磨损。,1,1,0.65562504529953
华为的品牌值得信任 支持国货 买个侄儿的 可以当学习机 此款还可以插移动或联通的sim卡当电话用 价格实惠 给力,1,1,0.7223237156867981
服务态度不好，裤子回来不能穿，但也没退货，太麻烦,7,7,0.9606534838676453
环境不错，设施比较老。一般班。酒店前台的服务态度实在太差。,9,9,0.9897286891937256
王者荣耀运行流畅。,1,1,0.9026573896408081
物流垃圾，八天才到,7,7,0.39925721287727356
"看了网上的点评后入住的,服务的确没的说,在其它酒店从未遇到这么贴心的服务。任何一个工作人员都彬彬有理.房间服务响应很快.有小礼物送,有水果送.很不错.有一个小问题:办入住手续时送咖啡,但其实并不是每人都喝的.象我的就浪费了,最好能问一下客人.",9,9,0.9932883381843567
???好东西 不知道效果好不好噢 但是我一向习惯好评,4,4,0.9788733720779419
很不错的机器，已经好多次购买了，一直信赖京东，支持京东！,1,1,0.6619399785995483
垃圾裤子，说好的弹力舒适，穿起来紧梆梆的，差评了，大家最好别买！,7,7,0.99662184715271
好好玩手机，现在真不行了，也就那样，用着，不是很好。,1,1,0.863136887550354
地摊货，，，，，，，，，,7,3,0.40490007400512695
抵制百度，抵制蒙牛，无耻企业去死去死光。这事搞得太不要脸了吧! 靠！改得够快的啊。我刚才发的现场图，也是2分钟内被删。 还有什么能够相信呢?只能相信自己了。,6,6,0.9244851469993591
首次在网上买日用品，因平时见网上的和超市一样价，甚至更高！,4,4,0.313499391078949
收到货后，才发现确实是新旧包装随机发，但是有满满的一盒心意，很满意。有淡淡的香味。谢谢。好评,4,4,0.6703473329544067
用清扬心飞扬，这洗发水很好用，泡沫丰富，洗过后头发很柔顺，这次活动很便宜，同事邻居都叫我帮忙买,4,4,0.9872660636901855
物流快，服务好，苹果好吃，赞一个。,3,3,0.9610716104507446
洗一次就掉色,7,7,0.9175580143928528
双核，三星DDR3-1066，友达LED屏，独显，满意，到手是完美屏，不错。,8,1,0.5799455046653748
货都没送到 还说已完成···· 我真不好说,7,4,0.35623404383659363
房间太小，服务态度差，行李没人帮忙拿，,9,9,0.9864924550056458
苹果感觉没法吃，幸亏猕猴桃还不错。,3,3,0.9714270830154419
"很棒的艺术酒店5－6日外出踏青,一行入住珠海中邦商务酒店。这酒店开业几年了、给住客的感觉却仍旧很新鲜，最近还被评为中国首批“艺术主题特色酒店”,从中邦的内刊了解到业主更计划扩展规模---在附近兴建一座新的艺术酒店。3年前，我曾以这个建筑在情侣中路的偶遇于写过一篇文字，2年前也曾往杭州探访过这个酒店的设计师---由室内设计师,平面设计师和舞美设计师组成的,很棒的一个新锐设计团队。",9,9,0.9057011008262634
买了进口红心火龙果三个 其中一个是白色的国产的 这商家有点不负责了吧,3,3,0.9834709763526917
酒店好旧，好小！郁闷！,9,9,0.9804620742797852
头天刚买，第二天就降80元，还不保价，找客服没一点用,1,1,0.5752651691436768
清扬男士洗发水，自己在618买的，34，比在实体超市便宜不少。洗的效果还不错，值得使用,4,4,0.9756619930267334
此产品坑人，个头小，和描述不符。京东物流和快递小哥给力。,3,4,0.3895849287509918
"东西不好都不要买,不要买",3,7,0.3372360169887543
与实物差别太大，差！不过物流速度挺快。,7,7,0.5270886421203613
看完之后，非常喜欢作者细腻的情感和文笔，她把都市生活中可能遇到的很多情况在小说主人公身上再现了，让读书的我们感同身受，并且针对这些问题，针对我们经常会出现的负面情绪找到内心深处最根本的原因，印证了作者的观点：“当外境有任何东西触动你的时候，记得，要忘往内看。”全书看完，我的心情非常平静，那种感觉我不知道要怎样表述，好像有种淡淡的甜味，很淡，不腻人，很美好的感觉。,0,0,0.9986446499824524
之所以给1分，完全是给京东的。这么大的销售平台，言而无信，明明在销售页面写着送会员什么的，来了根本没有，问客服说，让点进去之后看有没有，说没有就是没有。既然没有，你写在销售页面误导消费者？？？？？！！！！！！！！！你还那么坦然的理直气壮的说就是没有，能怎么样的态度！！！！！京东，你这样欺骗的方式真的第一次让我失望 了，你不送没有关系，不要写出来宣传，你这样明目张胆的欺骗，你还要脸吗？你还要脸吗？你还要脸吗！！！！你不给个满意答复，就一直会投诉你客服到底！！！,1,1,0.4253932535648346
方便又划算，都不用逛超市了。现在什么东西都上京东买，都习惯了。,3,1,0.3195931017398834
买过好几次这个品牌的苹果了，这次太失望了，整箱苹果的果蒂部分都是软的，一按发现腐烂了，最后整箱水果全部扔掉了。好在价格不贵，但以后不会再买这个水果了。,3,3,0.9958298802375793
小的很，简直就是最小个的了，千万别买，居然还有烂的，京东就是坑人的，12个就是最小的12个，以后再也不在京东买水果了,3,3,0.9964720010757446
与实物有差距,7,7,0.6634017825126648
早上下的单，下午就到了，京东的效率超过了顺风，包装很严实，拆开包装后和超市的是一样的，感谢京东提供性价比高的好产品！,4,4,0.7358564138412476
个头小不说 吃了几个每个上面都有疤 真是***了 第二次买潘苹果了 第一次也很不满意 不过冲着潘石屹的名字心想不会两次都不好吧 以后绝不会再买了！,3,3,0.996311604976654
快递小哥差评差评差评差评差评！在京东买了这么多年的东西，第一次遇到快递员连小区门都不进的,1,3,0.30656108260154724
不错，苹果非常好吃，非常新鲜，头天购买购买隔天就送到了，非常不错，经常在京东商城购买，生鲜非常满意，还会再来购买。,3,3,0.9886370301246643
所谓的大果，跟市场上能买到的小果没区别，总共买了6个，只有1个大的，剩下全是小的，家里也没有秤，也就值1分的评价,3,3,0.9994714856147766
比想象中的大一些，不过握起来手感还是很不错的，期待内部惊喜！,1,8,0.5021412968635559
不行，超级垃圾,1,7,0.5124428868293762
不好用，特地用了段时间，卡的不要不要的。,1,1,0.8639253377914429
比较旧，赶飞机入住而已。,9,9,0.9890874624252319
非常不错 值这个价格 棒棒的 老板推荐的尺码大小正好,7,7,0.9870465993881226
好吃好看很好很好很好很好很好很好很,3,3,0.76072096824646
昨天下单，今天就收到了，京东自营有保障，多，快，好，省。物流包装好，大容量，沙宣我一直信赖的大品牌，洗完头发比较柔顺，味道也不错，很好闻，淡淡清香，套装活动优惠，划算，以后还会继续信赖沙宣，值得推荐与购买,4,4,0.9846330881118774
大家都觉得它的像素不高，但是我不认为，我觉得它照出来的效果还是可以的，昨天去照樱花效果就不错，还可以调焦呢。播放音乐音质确实不错。,2,2,0.8331236839294434
超级漂亮的苹果，脆甜可口，物流非常快，快递小哥非常贴心，还帮我扛上楼。太感动了。,3,3,0.9493520855903625
去成都住的较多的酒店之一。行政房不错。普通房间里的设施比较老旧了。出门打车基本要等，现在修地铁，门口改了单行道就更不方便了。,9,9,0.995281994342804
经济类酒店，所以价格适中。酒店设施服务就一般了。虽然在亚龙湾，但是交通十分不方便，下次还不如住在市区。,9,9,0.9941176176071167
一直相信京东，可是这次太让我失望了。平板送过来了开机后就自动关机了蓝屏无语了。冲电了也开不开,1,1,0.9433773159980774
第一次给JD一星，真的生气！,1,1,0.3004002273082733
酒店对面的电器城的喇叭很吵所以记得要住后栋(B栋).后栋很安静.190元感觉值得.若能提供早餐更好.若再到河源还会住这间酒店.,9,9,0.9874661564826965
刚买一天就降价，京东越来越不可信了，而且售后一点都不好,4,1,0.5091770887374878
怎么跟之前买的不一样，很像假的,4,4,0.7558661103248596
质量太差洗了5次了还掉毛每次穿完都弄一身黑毛毛,7,7,0.9954522252082825
第一台到手硬盘和屏幕就是坏的，质量不稳定，不知是华硕的问题还是物流的问题？！,8,1,0.5823347568511963
刚买的，还没用过，想说配送员辛苦了！都快夜里十点了，还在送货！,1,4,0.652838945388794
"还没有接通就死机,经常无原无故的死机!烦啊1ODM",2,2,0.9541150331497192
好评！京东一如既往的好！继续支持！吃了一个很不错！,3,3,0.8783402442932129
很快就收到货了，喝着味道有点怪怪的。。。,4,4,0.5759810209274292
很垃圾，不值20块，穿一次就变形了。,7,7,0.9926280379295349
今日拔牙，过后建议喝酸奶。我突发奇想，决定模拟婴儿食谱，于是中饭晚饭各饮五袋酸奶。中午五袋蒙牛红枣，晚上遍历地喝，蒙牛，三元，光明，伊利均有。口味确有差别，但难以比较高下。只是遍历喝法，除了第一袋都难喝，因为缺少consistency,6,6,0.8697824478149414
下次不入住，硬件差，服务态度也差，一脸没表情,9,9,0.9552144408226013
"优点: 房间很大,前台说该酒店是以前的南油员工宿舍改建的,感觉就像是度假村.缺点: 1. 酒店周围没有商家,最好是事先买好东西(水/食品)再前往酒店.2. 酒店应该要与泳池/保龄球/高尔夫/健身房/网球….等休闲设施签协议让住客可以免费使用.补充点评 2007年12月29日 ： 谢谢酒店回复我的评价.我记得当时在前台结帐时,服务员跟我提到酒店特别重视房客的反馈,由此看来所言不假!有如此用心的酒店,相信生意必然昌隆.宾馆反馈 2007年9月7日 ： 向您致以诚挚的歉意没能及时准确让您了解以下信息，澄清一下，1、珠海南油大酒店的前身是珠海市政府投入南海石油开发给部分外国专家的高级公寓，按照当时国际化的理念进行设计规划，直至南海石油珠海片开发项目搁置，后来平衡多方利益，改建为渡假村酒店至今。2、酒店的商场营业时间为8：00AM—21：00PM，地点在酒店大堂后盏记食府2楼，酒店咖啡厅亦营业至24：00，为住客提供便利服务，另本月新开张了一家好思家零食店。3、酒店的泳池/保龄球/高尔夫/健身房/网球….等休闲设施酒店住客均可享受优惠折扣。",9,9,0.9964417815208435
有史以来最窝囊、最郁闷的一次出差：*********吉林省亚泰饭店9月20日上午10;00通过携程如入吉林省亚泰饭店，9月21日下午12:40退房，前台告知房间物品有损坏，让我回房间看看。发现放衣物用的壁橱柜门有一处大约5厘米的贴皮破损，被透明胶粘回原状。老天！！！我入住时根本没有发现，在场的宾馆服务员、客房经理、还有一个管装修的处长，说是我弄坏的，态度极其野蛮，让我赔偿150元，不拿钱别想走人！我靠！！！对天发誓，如果是我弄的，我会不赔偿么？9月21日下午13:00，我拨打110报警！110民警赶到，带回当事人去派出所询问、录口供。我要求察指纹，以洗清冤情。。。9月21日下午14:30，吉林省亚泰饭店保安部部长驾到，又递烟又说好话：小事情何必闹大啊！我靠：我愿意报警么？我闲着没事？耍啊？几年来，多次去长春出差，一直住乐府，从来没有这种事情，乐府最近装修。长春这个城市，在我心目中的印象，彻底焚毁！！！！！！！！！！！！9月21日下午15:00，回到酒店，再次结账，最终150元没有赔偿。。。15:30开发票离店，耽误了近三个小时。超级郁闷！！！！！！！！！！敬请各位意欲入住吉林省亚泰饭店的客人注意，小心栽赃，小心讹诈，如有类似情况发生，立即拨打110报警！！！！！！！！！希望亚泰集团的领导能够体察一下，肃清歪风邪气！！！！,9,9,0.9762678742408752
不是很新鲜，有的都软了，品质不好,3,3,0.9589126110076904
垃圾，差评，差评，广告上可以看搜狐视频VIP大片，可实际根本看不了，联系客服多次，相互推诿，几天了都木有结果，京东商城售后维权太累，太难。,1,1,0.6441272497177124
垃圾货刚买回来用了一天就有卡顿的现象,1,1,0.6231369376182556
价格合适，使用起来没有什么特别不满意的地方。但是有一个缺点是，总会自动锁屏，不知是不是操作不当的问题,1,8,0.49975889921188354
对于第二天赶早机特方便，但服务员态度太差了！,9,9,0.973011314868927
一般，跟图片上的颜色差距很大。,7,7,0.9131897687911987
*一斤的京东天价苹果，味道真是太一般，太垃圾了，烂苹果，不好吃，物流超级慢，跟图片不合，垃圾，垃圾，差评，，骗子，,3,3,0.752101719379425
价格太贵了，买了几天就降价,4,1,0.39992672204971313
挺好的啊，买了这个品牌的和另外某个品牌的，感觉还是这个好点。,7,4,0.4206690192222595
纸盒包装，里面有泡沫网，没有一个损坏的，汁多味甜，个头不大，适合孩子吃一个，符合我的需求，物流快，下次还来采购！,3,3,0.9851323962211609
难看死了，质量很差，有异味，迫不及待想给个差评！后悔死了！！！,7,7,0.5325343608856201
双11搞活动249，现在卖139，这是骗局么,4,4,0.6627844572067261
我买的时候，是做活动的，寄过来的都是不新鲜水果蔫了吧几的，吃了半个就扔掉了，剩下的2个放在哪里生霉也扔了。完美的一次购物体验！,3,3,0.8572729825973511
第一次尝试买生鲜，大概有一半有不同程度的压坏，问客服也没回应，不会再买了,3,3,0.9955774545669556
极差的一次购物 自提站工作人员百般刁难 不给开箱 态度极差,1,4,0.3986034393310547
看着不错，先用的赠品，去屑效果好。一下买了好多，准备用二三年。,4,4,0.9733274579048157
火龙果太迷你了，一点都不换算。不会再来的，客户的感受不好，商家实际就是断了自己的后路。还不让事实评论。,3,3,0.9248045682907104
帮朋友买的，发的EMS，慢的要死，获取到的物流信息还是错误的，差评,1,4,0.42354726791381836
挂牌四星级，但实际感觉不够标准，不过房间还算比较干净。马桶居然是TOTO的，其他洁具也都是名牌，比较好用，衣柜中有感应灯还有一个小保险柜，柜子中还有一个小冰箱，阳台上可以晒衣服，唯一不足的是楼下在施工，有点吵，过道有股潮味。酒店位置还可以，楼下过马路就是椰海长廊,9,9,0.990626335144043
两条裤子，相同尺码，一条大一条小，真是不靠谱，以后再也不买了,7,7,0.9846466779708862
第二台了，感觉很满意，外观美观，大品牌值得信赖。,5,5,0.5665139555931091
衣服质量不好,7,7,0.9876877665519714
很喜欢清扬的洗发露，香味淡淡的不腻人，一直在用清扬。是正品，蹭这次活动就买了。还送了三瓶小瓶的洗发露。特别划算,4,4,0.9907761216163635
很不错，床上去很合身，就是买的时候号买小了，下次还会买,7,7,0.49708595871925354
味道和之前用的不一样，洗完头发痒，感觉是假货，居然京东自营的也这样，太失望,4,4,0.9936022162437439
太慢太慢，就二十公里，花了四五天，东西现在还没用，不知怎样。,4,1,0.2463289201259613
性价比太差，大堂不气派。房间一般，服务一般，以后不会住,9,9,0.9878627061843872
"这酒店的管理实在太有毛病了!10.22号通过携程订1晚.等要续房的时候说房间满?!!没有任何提前的告知,人还没走就把房间租给别人？!",9,9,0.9874036312103271
垃圾东西没人工服务,1,7,0.4337051510810852
本人才疏学浅，实在是没有耐心看完全书！张爱玲是才女，可惜我不是，决定以后不买她的书了，因为对我来说太深奥！,0,0,0.9997223019599915
苹果跟图片相差很大，以前也买过75的苹果，比这个要大，在京东买就是图送货快，用来春节走亲戚送人的，但是品质太差了，根本送不出手只能留着自己吃了,3,3,0.9519310593605042
虽然这款手机不支持电子书，但是我们完全可以自己解决这个问题。电子书很多都是txt格式的，即文本，文本和word是没有多大区别的，而n90是可以浏览word的，只要把txt或者其他格式的文件变为word文档，通过usb数据线拷到手机上就可以看了，看的时候，启动回流，就可以排版成手机屏幕大小，比较便于阅读！呵呵，谢谢我吧！！！,2,2,0.5617456436157227
"书里基本都是日本的生活环境,与国内还是有些区别的可能是自己没有一个人住过,所以没啥共鸣,书没看完就放一边了...还好就买了一本她的书",0,0,0.9948648810386658
送货快，下午快2点时订货，隔天上午11点就到了。外表和做工看起来还行，外接电源很小巧。发票上注明质保两年了。,8,8,0.46485984325408936
差评！穿一天就烂了！起球！还毛乎乎的！烂！,7,7,0.9822988510131836
双十一满减买的，感觉是假货，很涩很干，洗第二遍依然很难推开，绝壁不是我的发质问题！冲着施华蔻的牌子来的，结果太令人失望！！搞活动的产品是真是假真令人怀疑！！！,4,4,0.9917880892753601
钱给了，商品没收到。追问几次无果，差不多一个月了没下文,7,1,0.40797561407089233
头次买，不知道怎么样,4,1,0.37266960740089417
感觉没有以前的那么好,4,1,0.3417370915412903
大小适中，颜色亮丽。性能还算不错，目前同等大小的上网本里配置算偏高的。速度也很快。,8,8,0.899078369140625
性能一般 电源线太粗，和机身相比有点不配。 价格有点贵、不过三星的东东一向比别家贵,8,2,0.5384417772293091
穿在身上很舒服，不错，价格合适,7,7,0.9820547103881836
感觉不好，水果一大一小，小的不值这个价。,3,3,0.9926978945732117
这个太失望了，原来买过佳农红心的，非常好吃，就下单买了这个，还是特价的，根本就不是佳农的，贴的是别的标签，还不好吃。,3,3,0.9493086934089661
"楼不高,但是转弯太多,方向感不强的人有时会转不清方向.邻近峙山公园,风景不错,早起也可以爬山.",9,9,0.9788396954536438
这已经是我第二次入住该酒店了。酒店是在市中心，没想到这次入住酒店有了泊车服务，让人感觉停车很方便。办理入住登记时，前台小姐也礼貌热情。我住的客房是标准B，房间不错，退房结帐时行李员主动帮我提着行李，前台服务员操作快捷。总的来说，这家酒店很不错，听服务员介绍，该酒店还有更好房间，好象是贵宾楼的，下次我决定住住看那种房间。,9,9,0.989191472530365
平板性能很好，速度很快，用惯了华为的系统了,1,1,0.8829378485679626
个头大小均匀，包装完好，好不容易等到促销才买的，家里的苹果都快断粮了。希望活动更多一些。,3,3,0.9346317648887634
看不懂啊 发错快递 快递不到我这里 我给快递打电话一直打不通 真的坑 问客服呢 一直发笑脸 看不懂,7,1,0.6074265241622925
家里的洗发水同时都有好几种，沙宣从来没断过，一直都有，好产品无需多说，有活动就屯货！,4,4,0.9928690791130066
质量是不错，很合身，卖家态度也好,7,7,0.988955020904541
送两瓶小的都不送。这次物流还巨慢,4,4,0.5755164623260498
第一次用，太垃圾了，洗了头发瑟瑟的，洗发露特别稀，味道跟我家洗洁精一样,4,4,0.9982056617736816
"周末刚从阳朔回来,住了三天,感觉性价比还可以.地理位置不错,西街和新西街交界口,吃饭逛街都很方便;服务也很好,前台和客房都彬彬有礼的,房间也算干净;中式早餐还凑合.美中不足是房间不大,设施和床具毛巾等都旧了一些,空调开久了房间还有点不太好的味道.总体来说比较满意,我和老公一致认为可以给四分.",9,9,0.9893271923065186
但是感觉不像真的，洗完了起头屑,4,4,0.8731374740600586
几乎是在凌晨才到的包头，包头也没有什么特别好的酒店，每次来了就是住在这家，所以也没有忒多的对比，感觉还行，下次还是得到这里来住,9,9,0.9026156067848206
样式方面其实不太满意，不好看。另外一直没注意这个本本不是全键盘。显卡性能不如想像的好。 键盘好像不太平，按下去的时候觉得整个键盘板都在动。做工方面也不太精，好多地方都有缝隙，和我的HP比做工确实差些。,8,8,0.9710647463798523
不错，不错，不错，不错,1,1,0.42581239342689514
屏幕显示模糊有重影,1,1,0.7351195812225342
无意看到此书，并买下了，这可能也是一种缘分，（因为我的身体不好，一直在医，别人说什么好，衡量过以后会去尝试-----书中所写的内容接近生活，食物都容易找到，只要照着做相信身体会慢慢好起来的。当在使用对身体有帮助的物品时，请相信它，感受他，感激它，身体会吸收的更好。相信日后身体所呈现出来健康与否，就是此书所作的贡献，也是作者的贡献，希望更多的朋友都幸福安康！,0,0,0.9938983917236328
号码比较小了，，让他高呼,7,7,0.4228554368019104
实物颜色和图片相差太大，,7,7,0.8199287056922913
不要买待机时间根本不足100小时,2,1,0.7545061707496643
苹果和荔枝没有发票，一下买了两百元的水果，买的多了果真就不咋样，西瓜也裂了，想着也不碍事就没拍照，结果打开来后发现根本吃不成，无语了，看来这段时间需要剁手了,3,3,0.8920828104019165
"昨天买了MO8,居然发短信发不出去，通话质量也很一般，搞不清啊",2,1,0.5586745142936707
首先，11号下了单付了款告诉我没货，要从供应商采购，然后机器人一直让我等等等，然后16号系统提示要出库，告诉我17号送到，然后又一直到19号，最后送货的小哥给我打电话叫我去某某某处拿货，哪地方离我订单收货地址最少4公里！我人在外地出差，让送我店里，结果还是送到3公里外的一个地方，还好我门都认识，哪个店老板看我电话，就给我打电话了，才没有丢失，你们能负责点吗？*块不是钱啊？,1,1,0.4030832052230835
宝贝很不错，一直信赖京东，下次还来！,4,4,0.426358163356781
裤子收到，质量不错版型很好，发货速度，很是喜欢，收藏店铺了以后还会光顾的，值5分,7,7,0.993164598941803
看了评价下的单，拿到手后确实非常棒，可以和某水果媲美。为华为??为民族品牌骄傲！任总是中国企业家的榜样！,1,6,0.576004147529602
618买的，好像23号才到？订单太多？拿到后打开的第一感觉就是应该不是正品，好浓的一股洗发水味道，然后打开其中一瓶，不小心弄了点到头发上，然后整个头发也都是一股浓浓的味道，一直到晚上洗澡时还是有味道，跟之前在超市买的差太多，之前在超市买的洗完头之后第二天中午都还能闻到属于沙宣的淡淡的气味，那样味道是让人很舒服的，而这个跟其他一般的洗发水一样，真是失望，果然不能贪便宜,4,4,0.9954914450645447
真是醉了，第一次给一分，苹果都烂了,3,3,0.9524029493331909
差评差评！！！！！上午拍的949，下午就899了，很不爽。,1,1,0.7266690135002136
个太小，而且不是脆甜的！口感较酸！,3,3,0.9979835748672485
晚上下单第二天早上就到货了，快递员提醒我当场验了果子才走，服务很好。果子正是我喜欢的大小，太大了吃不了。而且果子也挺好的。,3,3,0.987695574760437
好吃，不贵！！！！！老百姓喜欢！！！,3,3,0.7518132925033569
京东有点贱，双11买的东西，把价格提起来然后降价，有意思吗？双11的价格和之后的价格都是一样的，京东就是骗子。,4,1,0.606278121471405
苹果太小，还有黑点，可能一分价钱一分货吧！不过快递超快！,3,3,0.7866683602333069
使用啦赠品，感觉和超市买来的洗后感觉不一样 貌似是劣质的洗完头发不柔顺,4,4,0.9914422631263733
对本酒店的服务，环境，及房间等设施感觉非常满意并感觉物有所值。下次一定再来。,9,9,0.9644815325737
大*，花高价买假货???本来高高兴兴买一次好的洗发水，白高兴！这个星是给快递的。,4,4,0.8120647072792053
宾馆的地理位置有点偏，整体环境不错，宾馆设施不算很新但是蛮干净的，房间还提供台式电脑可以免费上网。机场到宾馆打车议价30元左右。打车到市中心10元左右。到北戴河打车议价45元左右。附近有公交车25路可以到第一关。,9,9,0.9850045442581177
裤子很差。穿上一个星期就开裂了,7,7,0.9866873025894165
送货速度快，很好，很新鲜，有一个烂了，不过很快解决很好,3,3,0.9282266497612
包装很好，一开机提示升级，简间设置一下然后开始使用，反应好快，不错，价钱合理。,1,1,0.5245065093040466
鲁迅曾经把某些人叫做流氓才子，胡兰成无疑是其中的典型范本，如果说有不符的是，他还多一个头衔，那就是汉奸。无论我们是多么的鄙夷，他们确实存在的。而胡兰成对我们的可贵之处在于，我们可以知道一个真正的“流氓才子+汉奸”的人，他眼中的世界是怎样的。他们的眼中也有美好的事物，也有恬淡的心情，并不一位凶神恶刹的，或者恰恰相反，还有更多的温情。而真正的勇士，象鲁迅，象其他很多真正的知识分子，因为要直面惨淡的人生，因为要正视淋漓的鲜血，有太多的惨痛和苦闷，反而更少了那种闲情意趣。反观胡兰成，在于张爱玲订立婚书以后，身为汉奸，在战争面临失败、独居武汉的时候，能搭上同住一楼的护士小周；在战争已经失败，身为汉奸被通缉的时候，急急如丧家之犬四处潜逃，再度搭上千里相送的秀美，生活来源却要靠张爱玲写作的接济。书中不以为耻，流露出的却是光荣和自得。这哪是任何一个有所担当、有责任感的人所能做出的事情。时势之下，有的人成为汉奸，不失为一代枭雄，象吴三桂，有的人成为汉奸，仍不过是流氓文人，如胡兰成。,0,0,0.9971604347229004
我是07年8月27-29日入住这个酒店的。酒店的2名行李员的服务很好，让我们留下了深刻的印象。第一个行李员MR.KENNTH，在我们抵店起，就表现的十分的专业、热情、有礼貌、细心。第二个行李员MR.KEN，由于我们对于HK的小街道不是很熟悉，所以无法精确的知道，在哪个地铁的出口出，才是最近的。他很耐心的为我们提供服务，为我们在找路时，节省了很多时间。但前台的服务就不是很理想。很由于他们的服务都很好，所以我特意写了表扬信给他们，以示感谢！,9,9,0.9723439812660217
每一次寄去老公公司的东东都能准时准确的收到温馨提示已签收，唯有这次想给老公的惊喜却因为你们的一点疏忽(签收了竟然没提示)，最后惊喜变成吵‘架冷战?,7,0,0.3298077881336212
老婆买的，快递速度很快。不愧为中国快递老大，穿着特别舒服，布料挺好的，款式也很时尚，挺显身材的，我很喜欢朋友让我把链接发给他，他也要买一件，,7,7,0.9734922647476196
这次苹果还可以很甜爽脆比秒杀的苹果好！,3,3,0.9965818524360657
京东越来越贵，假货二手也越来越多，还有什么意思？,4,4,0.5644260048866272
用了一个月就开不了机了，郁闷。评价还非要打个标签，标签的选项都是好的，京东怎么这样的。,1,1,0.7167818546295166
运行时不够静音。 电池只能用五、六个小时，距离8小时差距较大。,8,2,0.6290520429611206
我真心恼火！本次购物不满意，套子是半包不说磁力太小总会掉，实在很不满意。送的钢化膜还有一个洞。我想退货强烈要求退货处理。,1,7,0.5140330195426941
位置有点偏，不过在京城4星酒店中，此店的价格也算合理。入住的几天，泳池不能使用，失望呀！没有港台及欧美的电视频道，又失望！不过没有夜间电话骚扰，也算难得！附近有欧尚卖场，购物算便利！,9,9,0.9839815497398376
最有价值的就是支撑，压力背后的东西。以及趋势的定义。至于后面的波浪理论以及江恩理论。这些东西都不是大师的实战技术，而是股市失败者的作品。不但没有意义，反而有害！不过总体上书还是不错的。经过完整牛熊市后，感觉学习炒股最重要就是阅读长时间股市成功者自己写的书，其他人总结的书都是垃圾，不但没有好处，反而有害！,0,0,0.9988697171211243
还没用，不知道效果怎样。不过618买满减后还是挺划算的，比其他便宜些。京东物流超级快，没得说。,4,4,0.9338759779930115
感觉还好，一直用清扬洗发水。就是一瓶盖子没盖紧，漏了都是，希望包装上多用点心，不要犯这种低级错误。,4,4,0.985039472579956
已经是买的第三个啦 双十一买的很合算 比我去年买的时候便宜了60块 双十一是639,5,4,0.5032706260681152
黑背，为什么世界上会存在这样的人！幽默讽刺，完全与众不同的漫画方式。还有管他真真假假的“童年故事”。这本书里出现最多的“感化”一词，配上黑背带着杀气的表情，爆笑那是一定要的，一口气看完那绝对是必然的，对黑背的佩服和敬仰用滔滔江水来形容已经不够了。惹到谁，都不要惹到黑背。可是来不及了，我已经被感化了。。。学到不少。以后朋友们，请小心我！~,0,0,0.9596918821334839
这个价格也就这样吧。给孩子放儿歌可以了,1,1,0.31009823083877563
宝贝己收到，价格很满意，五星评价!,1,7,0.3182046711444855
裤子不错 质量很好 卖家服务也很好 物流也给给力啊,7,7,0.9873971343040466
刚拿到这套书。每本书都很薄，丰富的图画，简单的句子，每本书都是通过替换简单的单词来重复同样的句型，这种方式来学习，应该不辛苦！CD的歌曲很有意思，就是第一课中的一段音乐太长了点，弄得你莫名其妙。孩子7岁了，上一年级，学了有四年英语，在幼儿园学的。培养了语感，但单词都没好好记过。通过这套书，应该能够让他好好记记单词。就是价钱太贵了，都是影印的，一套就要127元多。能便宜些才符合中国国情。,0,0,0.9986924529075623
一百多快啊，感觉就像*的一样差别太大了，接受不了,7,7,0.3880062699317932
房间蛮大很干净，除了前台左登记右登记，上来敲门再登记，然后还打电话来登记，其他可以满分。,9,9,0.9866428375244141
字太小了，怎么调不大，很不满意，京东服务还是可以的。,1,1,0.4084320068359375
冲着恐龙园的门票去的，房间布置装修比较满意，卫浴设计小孩子很喜欢，因为可以直接从浴缸里爬到床上。房间比较宽敞，园景房的阳台上景观也不错。因为害怕有蚊子所以特地带了蚊不叮去，没想到酒店在阳台上装了纱门，很不错。特别提一下酒店的中餐厅用餐环境很好，透明落地玻璃旁用餐很舒服，味道也很不错。下次去还会选择该酒店。唯一不足的是310房间半夜的时候阳台上有风刮过的时候移门发出很怪异的响声，让人心里很是害怕，再加上超级差的隔音，导致我晚上几乎没睡着。,9,9,0.9867335557937622
"外观很干净,很漂亮!!而且还支持mp3,竟然还是这么便宜的价钱!",2,2,0.644931435585022
官方给的VISTA碟子和驱动真是让人很郁闷，拿到还是自己重新装的好。送的鼠标十分垃圾。屏幕分辨率是1680*1050看字比较难受。everestultimate上看显存是DDR2，并不是说的DDR3。,8,8,0.9923973679542542
货物来的晚了三天。索性用着和以前的没两样，挺好,4,4,0.4055670499801636
不知道是不是真品，味道一般般。,4,3,0.7960871458053589
很好，喜欢，东西不错，需要下次还来，卖家人不错，下次光临，给点优惠哟,7,7,0.37960249185562134
看苹果自己带盐的，就是牌子大了一点，吃上去不甜，有几个不是很好的，坏的不多就算了不退了，但是真的不能给满分的好评，就是价格还可以,3,3,0.9876783490180969
东西很不错！趁着活动买了点，感觉挺方便的！以后还会继续在jd买东西，快递也很快，服务也很不错！,3,4,0.5652276277542114
开机后应该有11G空间，内存也有70%剩余，相信华为了，可以再买个华为手机试试。,1,8,0.5385892391204834
非常实惠，套装一个不落，快递更是好的没话说，直接可以显示快递小哥所在位置，京东就是专业，贴心！推荐使用京东购物！,4,4,0.7801646590232849
没有想象的好。。。。。。。,1,7,0.3107413053512573
感谢京东配送员，九点半还送货，真心不错，这牌子大家都说好，第一次用，不知道怎样？,4,4,0.8788180351257324
有什么事都让我问京东客服。那麻烦直接配京东客服好吗？要你干嘛？,1,1,0.5474000573158264
"大床非常舒服,早餐很丰盛,前台业务不熟练,予授权搞错,耽误时间.",9,9,0.992965817451477
手感不错，声音效果也行，发短信方便,2,1,0.5172086358070374
绿野芳香，一点味都没有，日本鬼的货太差了,4,4,0.46020200848579407
东西收到了，经常在京东自营店买东西，很好是正品，物流也快，服务也好，给18个赞,4,4,0.4908434748649597
我买的只能上网，打电话不方便，自主处理器，国产第一，信赖华为品质,1,1,0.7784854173660278
质量太差，颜色与照片也不一样，想退货但是找不到退货的地方！！,7,7,0.8811597228050232
买的32G的，首先，分辨率差，比我之前用的小米4的画质还要差。然后容易死机，没有下什么APP，也没有打开什么应用，动不动就死机，我怀疑我买了个假手机，不知道是不是因为32G的所以各方面都这么差劲呢？,1,1,0.5542919039726257
质量不错， 款式很好， 穿上很舒服,7,7,0.9976741671562195
我最大的疑问就是为什么没有打包装，包装都没有会不会是随便倒满其它牌子的洗发水呢？，这让我怎么相信京东呢？,4,4,0.9732662439346313
差评，耳塞都不送，,1,1,0.9141892790794373
我的体会就是卡，非常卡，卡到无法正常使用，打开程序卡，打开网页卡，清理后台运行后卡，清理垃圾缓存后卡，真不知道这垃圾玩意儿能干什么用！就算便宜也得能使用啊！特别失望的一次购买。,1,1,0.7748773097991943
不错，很好的苹果?，我和朋友都很喜欢,3,3,0.9962859153747559
＊服务人员态度差，效率底；＊房间小，床不舒服，椅子是烂的；＊结帐，查房速度极慢；＊＊＊结论＊＊＊＊＊＊绝对不再光顾＊＊＊,9,9,0.8663971424102783
非常小、皮都在烂了，完全不值这个价，同样的两个超市只需要20多元，我买的将近40了。还有海鲜的臭味，估计和海鲜放在一起冷藏的，是我最不满意的一次京东购物体验。,3,3,0.9642185568809509
不错的，我每次来都住这里，每次都不错,9,9,0.8803868889808655
码数太大，退换麻烦到要死,7,7,0.9738721251487732
内屏颜色：26万色 TFT LCD；内含数码相机，6种分辨率选择、8段数字变焦、4种拍照亮度设定，8种拍摄场景模式、6种实时特效处理，超强相片编辑功能，相簿幻灯片自动播放功能 。,2,2,0.9800037741661072
趁着6.18搞活动赶紧囤货，哇，满满的一大盒，还没用，应该是正品吧。,4,4,0.9247127771377563
卫生差，价格高，周边环境不好，是个写字楼,9,9,0.9080753922462463
裤子很好，质量不错，穿着很合身，很舒适。以后还会来买。,7,7,0.994087815284729
裤子质量蛮好的。蛮喜欢这条裤子。下次还会来的。哈哈,7,7,0.9954277276992798
收货到很快的。不过苹果太小了。还有烂的,3,3,0.9586198329925537
房间超大，比一般的标间大很多。有熨烫设备，很人性化。早餐超值。卫生间干湿分离设计，很方便。服务也很好。不足之处是门口打车太不方便，在呼市打车基本靠抢的，而且不给票。门僮也几乎不会给叫车吧（没看到门僮）。另外毛巾有点硬，比包头的海德毛巾差得多。不过在呼市市中心来说还算是最好的了，推荐入住。,9,9,0.9881089329719543
机子到手没几个小时没什么毛病，以后再看。使用体验挺好的，就是不是说有保护膜的么？我没看见。,1,1,0.8236795663833618
为什么装好系统了  用半个小时容易蓝屏？是什么情况？知道的联系下QQ：252620710！,8,8,0.7738467454910278
感觉是假的，早上才洗，晚上就头皮痒，很多头皮屑存在。,4,4,0.9899896383285522
明晓溪书中的女孩都会有不少朋友，尤其是闺中密友。感情都像《旋风少女》里百草和晓萤那样，完全不会有妒忌之类的负面情绪，相互扶持、相互鼓励着一同成长，温暖感人。,0,0,0.995707631111145
本来是当天可送到的被延误了一天，且有三个苹果损坏，很糟糕的一次购物。,3,3,0.7159943580627441
地理位置优越，前台服务速度还好。大床间的房屋很差，不能通风，采光也不好。客房内弥漫异味。夜间室外超重低音影响，电话骚扰，影响睡眠。另外，把角的房间内手机信号不好。,9,9,0.9952459931373596
接口丰富，外观漂亮，性价比高（我在天津，自提比在商场买便宜），京东服务好。,8,8,0.677858293056488
运行很流畅 屏幕色域饱和度很高 图片和视频都很鲜艳 重量很轻 性价比很好,1,1,0.8843638896942139
非常好用，比超市便宜很多，物美价廉，值得推荐一下！,4,4,0.8562144637107849
"不错的酒店,性价比可以.交通方便,公司很多客人选择这里.",9,9,0.9715089797973633
哎，除了离机场近没啥优点。有点吵，WiFi太差,9,9,0.9776337742805481
仙美XM 苹果 烟台红富士 12个装 约80mm 单果约210-260g 新鲜水果 苹果没有坏的，口感脆，有点甜味不是很酸。,3,3,0.9979404807090759
房间有蟑螂，潮湿，霉味，空调不干净，无线不好用，噩梦的一晚上,9,9,0.9894894957542419
第一次在网上购买，没想到这么优惠的价格，质量真好，卖家推荐的号码都合适。 不错    衣服质量挺好的，颜色很正，老公穿上很帅气，店主服务态度真不错！,7,7,0.9964642524719238
很不错的机子，喜欢,1,1,0.8968585133552551
不支持蓝牙功能。像素也偏低，4096色的屏幕，看上去太难看了.,2,2,0.487031489610672
高大上，舒服，好用，物流快。,4,7,0.39255741238594055
包装太简单，京东快递能不能付责点，快递小哥还好吧！宝贝还没用，等用过在追加评论,1,4,0.6908153295516968
总体来说感觉不错。三月份的机器。开始用还比较流畅，有意者绑定软件，无所谓了。128有送耳机还是比较不错得，耳机总体来说一般，可能需要煲机把。平板的音质还是不错的。其他有待于尝试，希望长时间使用不会出现其他问题。,1,1,0.6108388304710388
这幺小的火龙果还叫中果？我表示不理解。比我家的橘子大而已哦。,3,3,0.9985067248344421
这款包装很是奇怪，其他的都挺好的，实体店买的也不是这样的包装；香味还不错，泡泡很多，希望坚持用能有效果,4,4,0.9938807487487793
不错，相信华为品质。性价比高。,1,1,0.9538262486457825
假货，不好用，千万别买,4,4,0.9034323692321777
太吵闹。服务不好。房间隔音不好。总之很不好。以后不会住了。。55555555,9,9,0.8895307183265686
本来没打算买笔记本的，看着这个价格不错，就买了一个。 总体上感觉还不错虽然是低端货，也比其它牌子的好些,8,8,0.742622435092926
国产品牌做到这样很不容易了。国人值得购买好用！,1,1,0.6842371821403503
不错啊，秒杀买的苹果，十来块钱一盒，个儿不大，但很甜，也没有被磕碰坏的果子。,3,3,0.9992420673370361
料子穿起来也很舒服，老公很满意,7,7,0.9948101043701172
京东超市前几天发了满198减100的优惠券，立刻就上超市里来抢购洗发水了，直接五折入手，价格非常实惠，没有什么好挑剔的哈哈哈,4,4,0.9458385705947876
一起卖那么多次了，一个店铺同一种尺码。2件不同颜色，居然小那么多，穿不了，不多说，大家看图，还不让退货。,7,7,0.9903746247291565
衣服很容易破，裂开，真的是一分钱一分货！有点失望。,7,7,0.9511573910713196
这个一个非常奇葩的酒店，一个让人住一次，一辈子不想再住第二次的酒店，给你1分，是因为没有0分！！！！ 10月5日下午入住，一个深色工作服，手涂黑色的指甲油的女服务员，的臭脸把我的入住心情打击了一半，考虑国庆订房不容易，不想再换，我就忍了你的臭脸，入住，结果。。。好戏在后头。 房间给的是一楼，一进屋，一股潮湿的气味扑面而来。 晚上睡觉，隔声非常的差，走廊一直有说话的声音。 房间里的烟道，一直传来下水道的声音，难道是因为一楼，楼上排水的声音，为何一直从房间里的烟道里过，一直哗哗的不停 折腾的一晚上，睡的非常差，蚊子还非常多。 第二天赶紧退房。 让服务员拿停车卷，结果服务员说，没有免费停车卷，你的自费停车费！！！ 你妹，住在你这，还得付停车费！！！ 住了这么多年酒店，第一次遇到！！ 以后，你们贴钱，也不会再住你这！！,9,9,0.9918368458747864
物流给力，东西也不错，量超大，赠品也收到了，不错不错，够用一段时间了。,4,4,0.3943881094455719
"Mini, 不够新鲜，昨天收到，今天就一个外皮已经腐烂变黑了",3,3,0.9783601760864258
个人比较喜欢诗词，自然也就喜欢诗词背后的故事。每每看到经典的作品，遥想诗词说展现的美妙的画卷，真的是一种奇妙的感受。作者通过自己的行走仿古问今，为我们展现了一首首经典背后的故事，展开了一幅幅美丽的画卷。壮丽的河山、质朴的风情都不断跃然纸上。个人感觉美中不足的是作者的文字在部分章节中略显枯涩，不够丰润，可惜。文中的插图是典型的中国传统水墨山水画，心向往之。,0,0,0.9994981288909912
邢台的挂牌四星级。。应该是当地最好的了。。每次去邢台都住这里。。门口的门童比较热情。。,9,9,0.9569466710090637
一年多没来过了，再来住，感觉不错，旧瓶装了新酒，标准房里面的设施基本上都换新了，到处都见到笑脸，看来这里才真正是买方市场，我喜欢员工“巴结”客人的感觉，给他个满分。,9,9,0.9775386452674866
裤子一般，然而发货的时候本来买的两条才给我发了一条，送的皮带太大根本穿不了，直接扔了。,7,7,0.9399343729019165
这款薄些、质量不错，因为样式不错，已购买N条、冬天购了几条有绒、春秋款也购了几条、现在薄款也购买了3条、购买的颜色不一样哦?,7,7,0.9435521364212036
洗了头痒，不知道是不是正品,4,4,0.7467536926269531
昨天才买的，今天一看就便宜了*不是欺骗消费者吗？京东太垃圾了！差评差评差评,4,4,0.5140225887298584
满意！！！！！！！,1,5,0.28336039185523987
"游泳池在装修，没有事先通知，这点很不好,否则我就不订了",9,9,0.9892577528953552
IBM 以前的笔记本非常的好，但现在的外观改动太大，性能方面先不说。我觉得有一个我非常不能接受的是外盖变成了钢琴烤漆，一不小心就划一道，手一摸就是一个印子。,8,8,0.9539957046508789
确实很喜欢书名，连对书很挑剔的老公都说这个名字起的实在很好。。买这部书冲着两个原因，一个是书名，一个就是鸠摩。还是很喜欢称他为鸠摩。他是我一直很萌的人。大学的时候上过佛学课，选修丝绸之路也有一节专门讲到他，这个人在我们所有人心里大概已经被神化了，他的淡定，睿智，从容，一切一切。我不曾想过他的爱恋，彷佛他就是为了佛而生。而在这部书里，我看到了不一样的鸠摩，我所不知道的那一面，作为一个真真实实的人存在着。他云淡风轻的外表下纠结痛苦的情绪和内心，他波澜起伏的遭遇背后我们所不知道的是是非非（暂且不去追究其真实与否，我宁愿将它当作历史去读），还有那些我们所熟悉的战争和灾难，当作者用文字将那一切清清楚楚的表达出来，那种震撼，不是我们所看到的历史那样让人惊心。大约有2/3是流着泪看完的，半夜的时候撑着红肿的眼睛站在窗前，心里却始终无法平静，我是一个女人，我太明白那种感情，那种生死离别的切肤之痛，为了想见坚守千年的意志，尽管是故事，若是我，也未见得会做到，尽管我也爱的如此深切。,0,0,0.9980399012565613
我这边显示签收了 可我都还没见到货是什么样的 到处找都说没有这家快递公司 **钱的 喜欢在京东买东西的朋友 小小心 虽然钱不是很多 可也得让我知道 货去哪了吧,4,4,0.3710634112358093
颜色很好看，苹果也很甜，家里人喜欢吃,3,3,0.9958561062812805
虚高赠品价格。。。刷数据和销量，还有营业额，真佩服京东幕后团队~    京东真是一个神奇的网站。首先，它需要点击量、流量、销量，可以不计其数的亏本做生意，同时因为打了价格战，京东就有底气好跟供应商讨价还价要货。但是买家经常使用平台所发的优惠券购买商品，就会出现帐号不能领取优惠券，不能抢购等情况，真的好神奇。平台从来不承认黑号问题，但是只要在各大维权平台网站搜索关于京东的投诉，大家就了解情况。所以有时真佩服东哥敢做不敢当，死活不要脸的举动~如果京东不发放优惠券或者限时搞促销，真的有今天的配送量和市场占有率？看看北京消协对你们有什么处理吧。。。不过也不敢抱有太大期望！一家独大没有监管。。。,4,1,0.45418548583984375
绝对是天津最好的五星级酒店，无愧于万豪的品牌！我住过两次，感觉都非常好。非常喜欢酒店配备的CD机，遥控窗帘，卫生间电动百页窗。早餐也非常好，品种多品质好。能在早餐吃到寿司的酒店不多，我喜欢这里的大堂，很有三亚万豪的风范！,9,9,0.9883958101272583
公司买来当女神节福利的，挺实惠的套装，就是包装盒没那么好看啦~,4,4,0.7532073259353638
基本底部都有压伤 部分是烂的 这叫人怎么吃 你卖贵点给新鲜点可好 商家能有点节操吗,3,3,0.8619240522384644
五月份买的，用了一个半月，个人感觉很清爽，夏天用这个不错。。,4,4,0.9705995917320251
我喜欢蒙牛这个广告的广告词。,6,6,0.9372414350509644
"不错的酒店, 相对我在深圳住过的几家五星,性价比绝对高。就是每天早餐时人有点多,不过经常入住,现在跟酒店前台的MM混熟了可申请去行政楼层用早餐,环境很好,推荐入住!",9,9,0.9909206628799438
地理位置比较方便，环境还算不错，比较安静，房间也很干净！宾馆反馈 2008年6月19日 ： 尊敬的客人您好，?,9,9,0.9708340167999268
洗完出头屑，这种情况要不要给个说法？,4,4,0.9458391666412354
正品，潘婷用着还不错，以前一直用飘柔，想换个牌子用用。,4,4,0.9729625582695007
"地点优越，房间和服务都不错。晚上送的绿豆汤，还有纸鹤和问候卡，感觉出家的感觉。下次还会住这里的。宾馆反馈 2008年6月25日 ： 感谢您对国宾大酒店的认可.我们非常愿意成为您的朋友.欢迎经常入住!祝工作顺利,心情愉快.",9,9,0.9867562055587769
用清扬头屑拜拜了，好用不贵，太棒了。昨天下的单今天就到物流也给力,4,4,0.7829750180244446
不怎么样，感觉没一点效果，坑,4,4,0.7282986640930176
就因为地段比较好一点，但是这个家庭式的宾馆，只能说服务也好，设施也好，都只能算很普通很普通的那种家庭式的旅店而已。比较老式的房子，服务员对打扫房间很不仔细，一般就只是倒了倒垃圾，床铺的话，就把被子放放好，连枕头都没放好。厕所里的话，就把垃圾拿出去，我看连地都没拖一下，洗脸盆都没给清理一下呢。房间里很闷，任何通风的设备都没有。,9,9,0.989128053188324
看图。 快递打开洗发水漏出来的。 希望给个解释。谢谢。,4,4,0.43998923897743225
感觉被骗了……与客服交流，只是搪塞！    准备入手的小伙伴自己看吧——图一是两条裤子对比，其中一条叫什么利，另一条就他家的了。可是你们看到了，一模一样！除了牌子不一样，其他一模一样，发货地址都一样，也不知他两家在哪个小作坊贴的牌！    图二是稀稀拉拉的走线！    图三是我收到的裤子材质细看（颜色被我拍变了点）    图四是他们宣传照片。小伙伴们自己对比图三和图四吧……    反正他家客服咬定是一样的，不知道你们觉得一样不。,7,7,0.9339653849601746
完全无生姜味，一点都不控油，效果比普通洗头水还差！,4,4,0.9912285804748535
我选的是套装的 只给发了一个裸机 上当了 买的时候注意吧,1,4,0.2727523148059845
拿到手上还是凉的，从冷库才拿出来，比较新鲜，\(≧▽≦)/\(≧▽≦)/\(≧▽≦)/\(≧▽≦)/\(≧▽≦)/\(≧▽≦)/,3,3,0.9620143175125122
又是蒙牛 再也不能吃蒙牛了，蒙牛的任何产品都不买了,6,6,0.9899195432662964
很好吃的苹果，主要是真心便宜啊。一定会继续购买的,3,3,0.9706894755363464
原计划买的是mini4 无奈价格还是有些小贵，对比了下，只是用来满足小孩玩的就下单这个了。跟mini相比也相差不多呢，物流也超级快 今天下单明天到货，以后还是转移阵地吧 啊哈哈哈哈哈,1,1,0.4738553464412689
很好，不止一次买了，很新鲜，特别好吃很好，不止一次买了，很新鲜，特别好吃很好，不止一次买了，很新鲜，特别好吃很好，不止一次买了，很新鲜，特别好吃,3,3,0.9804819226264954
响应速度：从网上下单到图书到手，只用了短短的几天，真的很开心，少了很多牵挂的烦恼！内容：色彩缤纷绚丽，充满想像，很适合我3岁的女儿学习。呵呵，我也看的很用心哦包装：过于简单，一个当当的塑料袋装着用绳子捆着的8本书，感觉和书不太般配。书好精美哦。胶装：胶装方式容易脱胶，不利于存放，我的书拿回家不到一天，封面就脱掉了。不过总的来说，还真是不错，我和女儿都很喜欢！,0,0,0.9914462566375732
包装可以更差点么！！！！！,4,4,0.3786138594150543
京东，真的很好，多块好省，已经习惯京东了。东西是正品，质量绝对好的，推荐！！,4,4,0.6531503200531006
预装DOS操作系统，消费者可以自己选择操作系统，避免装上自己不喜欢的操作系统，尤其是现在的VISTA，装上VISTA，没有迅盘的话，双核电脑和单核是差不多样的。CPU、硬盘配置较高。内存是单条2G的。,8,8,0.9716206192970276
总而言之很小 和小苹果差不多大 此图片是一个12岁小女孩手 可见火龙果有多小 哎 也怪我懒自己去超市买不就行了吗 ，自己买好在寄到女儿那多好 女儿说太小了 从来没见过这幺小的火龙果,3,3,0.9943934679031372
不值这个价钱 口感一般 不好吃,3,3,0.9393150806427002
太满意，打开一看都好小一个！不值得,4,1,0.35338857769966125
10月5日入住，宾馆环境不错，服务很好，房间蛮大的，很干净。卫生间隔音效果不是很好，有滴水的声音。宾馆依水而建，池塘和游泳池错落有致，名副其实的水庐，还好这个季节蚊子不多了：）院子里可以停车，距离天目湖景区大门约1公里，可以沿湖散步过去，约一刻钟。,9,9,0.9824767112731934
记住，孩子，当太阳升起    要保持微笑，像一朵玫瑰,3,6,0.27775511145591736
我去你mlgb.百分百是贴牌货.包装盒是打开的.一直用沙宣.这次味道完全不一样.此单后不再信京东.,4,4,0.7804054021835327
十几年前，龙应台写了一本 野火集 。在台湾卖得火得不得了。 为什么，因为那里面揭穿了当时台湾的社会真相。它告诉了当地的学生，以及社会人士，我们如何改造我们的家园。 我想说的是，常识正是这么一本能教我们看清社会，清晰未来道路的书。只不过，结果却不由我们，由那些我们渴望素质更高些的官员们。 不论怎样，我们应该相信，这种民主的声音不泯灭，我们的社会就有希望。,0,0,0.9824228286743164
功能条台花哨，太多灯了，会审美疲劳。硬盘网卡这些指示灯的位置太隐蔽，不方便。散热还行，D驱偏热，光驱响动有点大！,8,8,0.9798667430877686
很奇怪吗？都这样的。。。蒙牛的更少……,6,6,0.9096853733062744
上一次购买8个一箱的不错，这一次12个不好，果特别小，而且咬上去很涩不脆，表面有挤压和摔坏的地方，可能事挑走好果以后留下品味差一点苹果，提请注意。,3,3,0.9997106194496155
外观挺漂亮的，性价比还算不错，暂时来看使用中没发现什么问题！,8,1,0.3852861821651459
短信没有彩信功能！无法群发短信！还有，电话薄十分不好用，不实用，没有办法分组和自定义！,2,2,0.9768033027648926
裤子质量很好，店家推荐尺码很合适。我男朋友穿着很合适很帅气。推荐大家购买哦,7,7,0.995836615562439
使用过后来评论，看电影音质不错，屏幕也可以，就是玩几把游戏就发热。,1,1,0.9417957663536072
我感觉还不错，媳妇说不好看？？？郁闷,7,1,0.3181757926940918
"本本外观大气时尚,性价比非常高,质量稳定,送货很快(5/2定,3号早上送到),按键也很柔和,屏幕是 三星的质量可靠  加了根2G的内存条速度很快",8,8,0.933972954750061
感觉很好，客房管家的留言很温馨，下次到石家庄的话，还会选择这里宾馆反馈 2008年8月4日 ： 感谢您对国宾大酒店的认可。我们期待您的再次光临！祝工作生活一切顺利！,9,9,0.8876679539680481
用过了 才来评价 儿子一直用清扬 头一次在网上买 结果大跌眼镜 不是一般的不好 那就是假货 用着一点都不好 选择品*,4,4,0.8681786060333252
心啪啪啪婆婆肚肚疼偷渡复读duvet偷渡肚兜复读肚兜头服,3,7,0.8031291961669922
不适合一家人集体去住 房间与房间之间隔的太远 迷宫一样,9,9,0.9219338893890381
给人印象深刻的一家酒店朋友推荐，带老人去厦门旅游入住该酒店豪华海景房的露台和服务生的微笑给人留下美好的回忆！唯一需要改进的地方是在适当的时候进行新的装修，有的设施陈旧了。,9,9,0.9955897331237793
送到手上的时候，全发霉了、全部烂掉，这样的水果京东是怎么发出来的？搞不懂，虽然最后赔付了，但很不爽，很不好的一次购物,3,3,0.8830814361572266
位置虽好，但房间较细。大堂连wifi 都不行！服务员统一表情，不会笑的！幸亏最后前台有个靓女帮我临走那天延长了退房时间！应该谢谢她！加返点分吧！,9,9,0.9924860000610352
一、优点：1、屏幕颜色鲜艳2、声音大，像个塑料扬声器一样，我的手机一响，住我楼下的同事都听得到（），听筒声音还非得调小点，否则的话可以把你的耳朵震麻。3、质感不错4、除了屏幕以外，其它地方还真不沾灰（我上课的时候经常用粘满粉笔灰的手去拿，咦！真是奇怪，捣鼓两下，这灰就不见了）所以半年了，机身还干干净净的，虽然我用的机器是银色。5、键盘好使，手感好，布局不错，还蓝色背光呢（自豪ing）6、质量过硬，耐摔(摔过n次都没什么问题)，基本上没有什么故障发生，我的手机进过一次水，我用电吹风一吹，一切正常7、有两个较为搞笑的游戏，尤其是那个足球，每踢并赢，在禁区踢倒人都没事。基本上可以满足你的成就感！8、内置了不少动感十足的铃声，连“来来，我是一个菠菜”、“妈妈，接电话呀”、鸟叫以及破车发动的声音都有9、有个什么个人生物钟的东西，可以画出你和朋友的体力、智力、情感的曲线，我一看，还蛮准，这就知道什么时候不适合和女朋友吵架，什么时候可以打得过女朋友。10、可以自编铃声，还合弦呢！还五线谱呢！像我这么有音乐细胞的人，用它就创作出了合弦版的《两只老虎》、《东方红》、《红豆》、ext。拿出去炫耀一下，不错不错。,2,2,0.9744799733161926
啥子烂电脑哟，用啥子都卡得不得了。劝各位不要买，我都是个例子，我不晓得他纳闷多好评是找了好多人来刷，买了绝对后悔,1,1,0.9001848101615906
每个都有伤，，，，全扔了，太糟心了?,3,3,0.8631297945976257
价格有一点贵，给朋友买的，朋友高兴就行，上网，也不做三维、CAD，不要求速度，能上网就行，玩个QQ、QQ聊个天，玩玩小游戏，足够了。,8,2,0.3911018371582031
外观看着还一般，玩着玩着总有广告插件骚扰烦死了,1,1,0.7413848042488098
"这是一本重复可读的书.没有看得完的时候.在这个压力充满社会每个角落的年代.确实是需要些什么去舒缓一下.文字是最好的表达方式.这虽然或许只是林夕个人的想法,但是对于一些无从发泄,不懂得如何用文字去泄心头之闷时,这书的文字是刚好用得上了.找到自己苦于无从宣泄的根源,去自省,去思考.不时随便地翻到一篇文字,读一下,思考一下.确实是获益良多.",0,0,0.9996070265769958
嗯搞活动的奖品，还可以，用用看,1,4,0.6316563487052917
产品收到都冻成冰了，太生气了，差评，差评,4,3,0.3403909504413605
宝贝高档美观，很好用，下次还来光顾。,5,5,0.38418588042259216
今天下午商业中心看到这只绿色的蒙牛我就像发现新大陆一样大喊大叫 完了之后身边那些派传单的帅锅告诉我这是驴不是蒙牛 但我死活不信他真的长得跟蒙牛一样样啊 难不成蒙牛牛奶打广告都会欺骗观众嚒 我不信我不信 他就是蒙牛 我心目中的绿蒙牛 http:t.cn/zjqBF6L,6,6,0.9982131719589233
这次这批质量不是太好，坏的磕碰的很多，但所幸京东还是很负责任的。,3,3,0.6645218133926392
华为平板购买使用近二月了，始终没出现任何问题。开机运行流畅，声音不错，图象清晰，使用方便……，总之购有所值！不过我希望电池容量还能大些为好，轻薄固然称道，但为了电池容量大些，平板运行持久些，厚点也无妨！,1,1,0.5703130960464478
"8月初去的,政府招待所性质,所以服务可想而知,不过邯郸实在没什么地方值得落脚,凑合着去住了.房间刚装修完,气味浓重,开窗户纱窗不严,怕进蚊子,不开实在熏得慌,熬了一夜落荒而逃..",9,9,0.9582894444465637
陈老的这部书，写的很精彩！不论是从文字、材料还是从整部书的逻辑结构，都十分让人难忘！好好读一读，对于专业和非专业人士来讲，都是很有助益的！陈老所提出的近代社会的新陈代谢的观点在学界也很有影响力！而在这本学术著作里，陈老就用很平实但却优美的文字向我们阐述了他的这一凝聚了他心血的成果！陈老的很多弟子也继承了他的学风，严谨治学。令人钦佩！,0,0,0.9987577199935913
看着不错，还未食用，但感觉有点小贵。,3,3,0.931696355342865
华为开始店大欺客了？,1,1,0.555229663848877
刚吃第二个就出现这样的问题，求解！,3,3,0.878211259841919
很甜，但因不是当季水果，不够脆，包装，物流都好极了，信任京东生鲜。,3,3,0.9997397065162659
还不错，之前住过，出行比较方便，这次网上预定还送了早餐，很划算,9,9,0.9568474888801575
平板目前用着还不错，系统流畅，暂时没发现什么问题，自带软件还行不是特别多，就是连张膜都不送，太吝啬了吧,1,1,0.5209446549415588
不好播卡那里太松了！,1,1,0.6679515242576599
我以前一直喝蒙牛！谁有我更不怕死？,6,6,0.9879199266433716
前前后后买了这么多件，前两天买的和这次买的每件价格差了1／3，你说开不开心，第三方还不能保价,7,4,0.416200190782547
裤子的质量很不错，一起买了五条，朋友们也都觉得不错，还会回购的。,7,7,0.9646621942520142
不是很了解高亨的经历，然其为毛泽东写的词，文革中作品的“革命化”语言，是反映了一个传统文人的弱点呢？还是一个深谙易理、洞明古今的智者的逐流自存行为？易道，大可以修齐治平，小可以乱世存身，高先生是不是已经达到这一境界了？,0,0,0.9925385117530823
没货的话是否应该通知一下?起码也通过网络发一消息呀.,0,4,0.2809521555900574
一般般…打电话过去的时候服务态度很差！搞的我欠她钱的一样,9,9,0.8244401812553406
不错，实物和描述的一样。    穿起来刚合身！,7,7,0.9833945035934448
送过来还冷的，爽口，好吃，就是不够甜，再甜点就好啦,3,3,0.987697422504425
超烂的东西，洗完以后头皮屑到处飞，失败的一次购物，再也不会买这个了,4,4,0.877525269985199
一踏糊涂的地摊货，布料特差，没有一点弹性，做工也差,7,7,0.9956705570220947
面料摸起来很软，面料质量不错 合身，大小合适 做工不错,7,7,0.9923886656761169
①电池不耐用，只要使用过几次照相功能，电量大大降低；②搜索电话功能不强，每次都要长按#键，才能切换到中文，无默认功能；③手机听筒效果较差，声音小，且有杂音；④用耳机听音乐时，如果拔掉耳机前不停掉音乐，则音乐关不掉，呈死机现像；⑤缺少记忆卡和手机内存的总容量；⑥电话接听键和确认键为同一键，有时会误拨电话。,2,2,0.9992167949676514
一买就掉价，还什么都不送,1,1,0.4989582598209381
垃圾，垃圾，垃圾，重要的事说三遍,7,7,0.3159436285495758
1、滑盖设计，纤薄机身，按键方式很有个性，电容触控式，只要用手指遮挡住相应功能键的红色灯即可操作。而且拍摄和MP3播放都有独立快捷键、支持90分钟超长录音、2、Yamaha铃声确实比普通铃声悦耳，不过采用MP3格式后就没什么差距了。MP3的时候感觉流行、摇滚、低音的EQ均衡器很有效果，立竿见影。虽然配机耳塞品质一般，但KG90有双立体扬声器，音量相当大，立体声效果也不错。,2,2,0.9376842975616455
平板很给力，2K屏真不是盖的！看楚乔传真爽！之前买了一部M2青春版这会再买M3相信华为品质！,1,1,0.9188093543052673
先买了《不一样的卡梅拉》的前六册给儿子，每天晚上睡觉前都和他躺在被窝儿里读，我们俩都很喜欢。喜欢书上俏皮的图画，喜欢作者丰富的想象力。后来第七册《我要找到朗朗》刚一出，我就赶紧买来和儿子一起分享了。我们热切地期待着《不一样的卡梅拉》的第八册、第九册、第十册.......。因为我们喜欢卡梅拉、皮迪克、卡梅拉多、卡门带给我们的各种各样的、充满想象力的故事。,0,0,0.9943037629127502
每天一个果，疾病不找我。苹果不错，比超市便宜，买了几次了。还会一直买的。,3,3,0.9717888832092285
质量很好，做工精细穿起来很舒服合适，质量也很好，全五分好评！！,7,7,0.9803046584129333
房间环境不错，前台礼貌服务也很到位，好评！,9,9,0.9783486723899841
感觉不错，舒适、卫生、安全方面都不错，只是晚上夜深时外面马路的汽车路过声扰人。,9,9,0.9593740105628967
给媳妇的礼物，挺喜欢，,1,1,0.8067246079444885
本人的是到广州京东自提的，要先给钱才给验货，汗！到手后linux系统开机没有进去，不知道是什么原因，找他们技术员，前台跟我说没上班（因为是星期天），服务态度一般。只好提着不知道行不行的东西含恨而归。,8,8,0.46292364597320557
还可以，用一段时间再看看。,1,4,0.34700021147727966
京东就是卖这样的东西吗第一次网购对这个火龙果很失望很失望很失望 烂成这样都发霉了 吃了还不得癌啊 我希望给我一个解释 快递显示19号可以送到 直到今天21号才送到 请问这期间发生了什么 时间的原因是不是导致烂掉发霉这个都是需要怀疑的,3,3,0.7510866522789001
洗了真的会头痒，长头皮屑，以前在超市买的不会这样，润发乳也不好用，别说用后会顺滑，就是刚擦上去都有点涩。确实不推荐购买。网上买的确实和超市的品质是不一样的。,4,4,0.9886760711669922
真的挺不错，面料很好穿着很舒服，下次再买哦,7,7,0.9916269779205322
衣服质量好。大小刚好，穿着舒适修身很有型哦，包装仔细，做工精致，款式新颖，面料不错，卖家的服务好。,7,7,0.9944486618041992
这条7分裤太假了，才穿了一次前面就变色，这条裤子还不如*种太假了。,7,7,0.9926901459693909
用了一个月出毛病了，但是售后很好，给修,1,1,0.41477710008621216
*就*一公斤，而且比这个个头还大好多。无法给好评。以后再也不来京东买水果了。,3,3,0.9905982613563538
总是Thinkpad系列的，系统的稳定性比较好，散热也做得不错，VISTA界面很漂亮。,8,8,0.9599657654762268
收到后很惊喜，没想到这个价位能买到这么好质量的宝贝。儿子也很满意，就是有两条定小了一码，以后还回光顾。必须给5分！    不知道有没有年轻人穿的休闲裤？！,7,7,0.9935019612312317
没窗户感觉住一个大盒子里，难受,9,9,0.7601827383041382
包装精致仔细，不如上次买个头儿大，也不如上次均匀，,3,3,0.5377660393714905
沙宣洗发水做活动，新买的，非常满意，是正品的,4,4,0.957536518573761
裤子很不错额，一点都不褪色，很喜欢,7,7,0.994088888168335
优点就不说了，说说缺点吧。1、前台的POS机真的该换换了，刷卡慢的出奇。1、前台服务员态度也不是很好。3、太吵，最要命的缺点，一个宾馆主要的功能时能提供相对安静的环境，可是住在这里实在吵得要命，联系前台提出置之不理。4、没有全天的暖气，实在搞笑，问前台说要五点以后才提供，这样的大酒店我想和小旅社都有区别，小旅社还提供24小时暖气呢。真的搞笑。,9,9,0.9945623278617859
收到货看着还不错 包装很好 就是不太甜 还是很脆的,3,3,0.9253758788108826
"地点不错,离开汽车站不太远,走路十五分钟,打的两分钟就可以. 订房时送的早餐质量强差人意,但附近有麦当劳和肯德鸡. 房间挺宽,干净,但电器的插头是圆孔,有点不方便.宽带的插头离开桌子一段距离,不太方便.大堂服务员态度可以接受,不太冷.泳池的水是绿色,不是蓝色,太差了,我不敢下水了.",9,9,0.9922482967376709
做为贴牌手机，技术是三星的，应该没质量上的问题。但功能过少，连群发短信都没有，现在哪个手机没有这个最基本的？也不支持彩信！电话薄简单，联系人的信息无法添加多些！找起来也比较麻烦！,2,2,0.9822672009468079
看上去还是不错的，就是裤脚太紧了,7,7,0.9988143444061279
第三次在京东买手机，还是那么好，支持京东，上手感觉不错，也不卡，买之前咨询了很多，客服服务很好，用几天再来评论，不错不错,1,1,0.9171838164329529
多次从京东购买沙宣了，活动力度很大，价格实惠，比超市便宜多了，送了好多的赠品小样。快递小哥很不错，因为家中没有人，快递小哥换了两个地方才把快递放下，态度非常好，感谢京东，感谢京东的快递小哥。,4,4,0.50995934009552
上一次买的三个，两个很甜，一个坏的。这次又买，一个很酸，两个坏的，直接扔垃圾桶了，以后不会再来了。,3,3,0.9943280816078186
很不错，大小也很合适，客服也很好,7,7,0.6740726828575134
真心屏幕大，可惜就是内存不足，所以感觉好慢！！！应该买联想那个八寸的！,1,1,0.5436996221542358
绝对的假货，比超市里的差远了，洗完后头发枯燥，一点都不顺畅。不要上当受骗了……还是选择正规商场去购买吧，虽然价格贵点，但总比假的要好。,4,4,0.8243327736854553
宝贝很好不错?，颜色靓丽，手感很舒服，反应很快，以后会经常光顾的?,1,7,0.7886210680007935
刚刚收到货，还没有用呢。应该是不错，因为以前用过潘婷，挺好的，这次也相信了。,4,4,0.9625368714332581
价格公道性能 出众 我是北京的 送货特别快~！送货员顶着大雨给我送到的 赞一下~！ 屏幕是完美~1玩游戏看电影很爽 ~！速度也挺快的 ~！散热很好,8,8,0.5375973582267761
码数严重不对 买的L码 严重大很多 无语,7,7,0.9569047689437866
"京东太垃圾了,3天降了400,真是服了!",1,4,0.5541158318519592
"我对你们这家店一直是持肯定的态度,抱以希望,并想长期购买你们的苹果,而且推荐亲朋好友购买,所以我这是第3次购买了.但是这次令我大失所望,苹果实在太小了吧,大多数比鸡蛋大不了多少,怀疑份量不知道够不够,太令我失望了,另外我想提醒大家没有标注规格和分量的水果请谨慎下单.",3,3,0.805843710899353
很棒，声音效果不错。。。。。,1,1,0.6748561263084412
感觉屏幕小点，屏边上的一圈地方没有充分利用啊。再有彩屏机子耗电量是个问题，用2天就要充电了，没有双电双充盯不住用的,2,1,0.6283208131790161
一直喜欢华为的产品，一直信赖京东自营。,1,1,0.8450517058372498
买了好多次，整体不错，不过我觉得有时候好的和差点儿掺合着装，还行吧,3,7,0.9729920625686646
机子还是好机子，功能全，也支持扩展卡，屏也不错，听说用的是三星的,2,1,0.8031700849533081
第二次购买了，相同的包装，可是口感跟第一次比是差远了。上次的是清爽甜甜的，这次很多个果有碰伤太多，而且吃起来除了酸还是酸。,3,3,0.9939919114112854
差评老死机动不动就不好用了,1,1,0.8126932382583618
很满意的一次购物，一个字，好!,7,4,0.37314698100090027
不错，是正品。,1,7,0.6956197023391724
果子个头不大，口感欠佳，吃两个了没有一个甜的,3,3,0.999777615070343
"很喜欢这本书，可以从中得到一些借鉴。拉拉是个幸运儿，除了自身的努力外，她成功的原因是有特别好的机遇和一些好心的领路人。现实就是这样的，即便你付出了努力，但不见得会有好的回报。可如果你付出了努力，当机会来时就会成功。不要抱怨什么不公平，人生出来就是不平等的。Simple life,Simple heart.推荐刚入职场的朋友们看看此书，会有不少的收获。",0,0,0.9980326294898987
发货快，客服的服务也很好，由于房子正在装修中，还没有安装，使用后来追评,5,5,0.8933249711990356
快递员不直接送货到家里，还要自己到乡里去拿货，村里都不送货，请问快递公司快递费也应该出了,7,3,0.2244621366262436
不满意 差差差 件给我弄掉了 到现在都没拿到件 也不给解决,7,7,0.6702781319618225
红外只是遥控器用的，不能传数据。这个应该在参数中说明。 保修期写得不够准确。 驱动光盘是Vista的，硬盘中的驱动也不全是XP的。XP的驱动还要从网站上下载。 XP系统有个驱动装不上。,8,8,0.9648112058639526
没有使用。就是感觉好小，第一张照片，我放了一个成人正常大小的牙刷对比了一下，大家自己感受吧,4,1,0.28850626945495605
好！自己没毛病，毛病都是人家的！ 牧民党代表：蒙牛伊利没毛病 问题出在源头 http:t.cn/zjzbDrY （分享自 @头条新闻）,6,6,0.9992554783821106
一星送给快递哥，你们懂得，没赠品,4,1,0.38600555062294006
能不给一星吗？想买的朋友希望慎重！！！！！！,7,3,0.3340508043766022
衣衣收到了！质量做工都很棒！面料很不错，适合秋季穿，时尚潮流又个性十足！喜欢的亲们，放心购买,7,7,0.9913986921310425
给公司买的，很好，这个型号的机器性价比很高的,1,1,0.5159454941749573
当晚 24/10 飞机延迟到 25/10 零晨 00:40 hrs ，一路上有联络酒店，酒店职员回复零晨 1:30分有 有穿梭巴士。 我01:15 分到穿梭巴士站，没有见车; 打电话到酒店，回复要等，我带着 7 岁孩子与妈妈，最后无车！失败。 之后折一部 计程车taxi ，他跟我说在车站等了五个钟等客人，不想载我们！我带着孩子、妈妈，这么辛苦去住这家上海航空酒店，这经历往后不会再订！ 近日CTRIP找我，说找不到我入住酒店记录，酒店房间号码 应该是 623。,9,9,0.9828542470932007
第一次买沙宣，不知道怎么样，用了再来追评 。京东快递给力,4,4,0.8503710627555847
"漂亮的,配制很不错的.一见倾心也不过如此的. 价位也可以接受的.到达很快就是快递公司不让人满意的.",8,5,0.20683269202709198
京东到处是消费陷阱，大家注意了。作为京东的忠实会员，任何的电子产品都是京东选的，这次太让我失望了，都在回避问题，都是足球队毕业的，传球可真好啊。,1,1,0.30501124262809753
只能说不喜欢，不喜欢，不喜欢,7,7,0.3716011643409729
好大一本，内容少，字少。 小一点孩子看开本太大，硬硬的。大一点孩子看内容太少,0,0,0.9899349808692932
前台小姑娘很有意思，经常入住，都熟了，呵呵,9,9,0.9826344847679138
"上当受骗,买的时候没仔细看,不是张爱玲的小说.",0,0,0.9856936931610107
一直用在各一瓶可以用一年，洗完，头发特别清爽,4,4,0.9867923259735107
因为马云的公众演说，阿里巴巴成就了辉煌；因为俞敏洪的公众演说，新东方成了教育的一朵奇葩；因为牛根生的公众演说，蒙牛创造了成长的奇迹，以为一横的公众演说，聚智堂在一年之间创办20余家分校，学会公众演说，倍增企业知名度！,6,6,0.9524790644645691
买来看视频的，挺不错的，价格也实惠,1,1,0.8143829703330994
物流给力 质量好 做工细 颜色好 效果好 很满意 赞一个,7,7,0.8125808238983154
性价比高，模具很适合女性，选用酒红色。 搭配的很不错！ 硬件的搭配上也比较平衡！ 安装XP的时候也并不是十分的复杂，如果对Linux和Windows的文件系统有所了解，很快就可以在这宝贝上安装我们熟悉的XP系统。,8,8,0.974689781665802
第二次购买了，热水器也安装了，还没开始使用，等用一段时间后看看效果再追平。就目前而言性价比比较高,5,5,0.7745853662490845
漂亮好看...性价比高..物流给力,4,7,0.4041179418563843
“这本书能让你戒烟”，确实是这样的，虽然我还没有看完这本书，虽然我现在还在抽烟，但我还是确信这一点。这本书我刚看一半，作者根据自身的抽烟经验及诊断案例对烟民的心里进行了深入分析，真正反映了烟民的内心世界，很生动，很真实，他告诉我们：吸烟其实并不能带给我们想要的，戒烟也并不是像我们想象的那样可怕，那样的难，给了我信心和勇气，希望广大烟民在这本书的感召下都能戒烟成功！！！！,0,0,0.9945125579833984
"刚刚搬家，家附近没有大型超市，小店的质量又差价钱又贵，所有的东西都在京东上卖了，很喜欢，我家住在七楼，快递小哥一看第地址，直接帮拿到了七楼来，七楼都没有电梯，感觉很不好意思，在等待中，宝贝终于到货了，质量非常好，与卖家描述的完全一致，非常满意,真的很喜欢，完全超出期望值，发货速度非常快，包装非常仔细、严实，物流公司服务态度很好，运送速度很快，很满意的一次购物，其实物流很快的，只是等包裹的过程都很漫长，质量很好，用起来很舒服，没有瑕疵，活动时候买的，同事看了很喜欢，很划算，说下次有活动帮他看看，物美价廉，给很多个赞，活动价的",4,4,0.4868488311767578
房间里味道真的很臭，wifi连不上,9,9,0.9723424315452576
衣服款式很满意，儿子穿上很帅气！质量做工都还不错，包装完好，发货快，客服态度很好！好评！,7,7,0.9795700907707214
"城市不错,房间也很好,很大的房间和床,就是前台服务不是很及时.",9,9,0.978207528591156
已经不是一次两次在京东买洗发水了，经常在京东买洗发水超市都懒得跑了，直接在家拿手机上京东买东西,4,4,0.9720056653022766
差差差差差差差差差差差差差差差差差差差差差差差差差差,7,7,0.3622058033943176
非常好。比华润万家的苹果好太多了。没打蜡，快递也很给力。大晚上的送过来。,3,3,0.48957544565200806
真的是超级喜欢，快递小哥老好了，喜欢这个牌子，下次再买,4,4,0.6275041103363037
活动的时候买真的很便宜，第一次用，感觉还可以,4,4,0.9771380424499512
以前买的包装都很好！这次包装太差了，挤压嘴都坏了！,4,4,0.44807082414627075
没什么故事情节，都是主人公在叙述，身边的亲人一个个死去了，唯有他还活着！真是太累心了！受不了这样题材的小说！,0,0,0.9990972280502319
假货，绝对是假货，我用了两年潘婷了，从来没用过这么稀的潘婷，再也不来京东自营买潘婷了！！！,4,4,0.8295932412147522
差评，绝对的差评，有线头，特别那快递垃圾得很！服务态度差，送过来不打电话，就像大爷一样！,7,7,0.3610478341579437
相信牌子货，支持京东自营！这价格很实惠，两瓶750ml才99块，比商场便宜，还送两小瓶100ml的，赚到笑,4,4,0.9861204028129578
总感觉这货是假的，洗完第二天下午头上就开始油腻了,4,4,0.9634284377098083
电池太不经用了，一天都用不上,1,1,0.53949373960495
有一瓶怎么拧开了？还好分量没少。怎么不能打0分？,4,4,0.864650309085846
佩服若曦，一直都坚持要寻找爱，不肯做小老婆。所以，这样的结局才是最好的吧。先看了梦回，再看步步，只能说各有千秋吧，梦回看的时候更震撼点，毕竟是当时看的第一本穿越。但是步步看了，更加的让人回味。其中的爱，也值得去慢慢的细细品味。一边爱着对方，一边在互相伤害。比起那些已经泛滥的白痴女主，加上超帅，超痴情的男主的荒唐故事。这样的好书，实在是太难得了,0,0,0.9992744326591492
太坑人了吧，居然这幺小！还总重约2斤多，我看总共就一斤吧，还没有我买的单果约300克的大，同样都是3个装的，气愤！,3,3,0.9996193647384644
一下买了5盒，还没开包装就便宜了*，相当于少给了一盒。本来想评零颗星的。,3,4,0.5675761103630066
哎呀呀，这12个苹果怎么干掉呢！很甜，但是肉质不紧实，而且口感是面的！面的！面的！给小孩吃是可以的。看来还是我们大连的苹果肉质比较丰满。想想这个季节，也不可能有口感脆脆的苹果了，但是苹果的卖相还是极好的！,3,3,0.9910667538642883
系统安装还算顺利，网卡驱动怎么一直装不上。郁闷。fn+f11也没用啊。,8,8,0.9329151511192322
不错哦，送给妈妈，妈妈喜欢,1,1,0.5513351559638977
看着不像真的，液体稀，物流不怎么样，迟到了,4,4,0.7288793325424194
说给发票，没收到发票还说已经发了，死无对证，怪我咯。京东又不是第一次不给发票，认栽咯，下次还来京东买，毕竟人家已经是最好的，我也只能犯贱！,1,4,0.43084007501602173
亲们，这款苹果质量不错，而且很新鲜    包装的很好，京东送货很快 到的时候冰冰的 赶紧放进冰箱，值得购买哦，有轻微的碰伤一点，好方便这样购买的话,3,3,0.9196112155914307
地点不错，但入口很难找. 卫生一般，早餐种类不多。下次会考虑再次入住。,9,9,0.9921038150787354
潘苹果 甘肃天水红富士苹果 12粒装 约75mm 总重约2.25kg 新鲜水果,3,3,0.9983863830566406
苹果又小，还不新鲜了！一个字差！京东上的水果，不管是自营还是第三方，都差得不得了,3,3,0.9931281805038452
不好用 出差带着凑合,4,1,0.822504460811615
活动买的，非常的划算。味道也很好闻。非常喜欢,4,4,0.7012354135513306
这苹果长得跟闹着玩似的，差别太大了吧，亏我还相信京东！！！,3,3,0.7624471187591553
不知道是不是本人比较笨我怎么都联系不上客服查也查不到我的书到哪里了无语……不是全球最大的好象还没达到国际标准,0,0,0.8545109033584595
拿到手的苹果已经蔫了，起皱了，也不脆了，好失望……京东都没有出货检测的吗？保质期内不管好坏都发货吗就？ 真的网购水果需谨慎 ，这东西退也不好退，吃也不好吃～能拿怎么办？？？？,3,3,0.9001493453979492
"外表颜色是藏青色的,比我原来看的照片黑色的要好看.京东服务不错,送货比较及时正在装系统,还没有使用",8,8,0.6725987792015076
这个鬼地方居然是三星简直让人无法相信差，太差了，可惜没0分，有0分一定打0分,9,1,0.7593996524810791
就算是在上海也是非常好的酒店哦，虽然价格高，不过个人感觉对得起这个价格，这次非常遗憾，来黄山什么都没有看到，下次肯定会再来，而且下次肯定也是住北海啦！！！！,9,9,0.8828715085983276
卖家态度非常好！发货速度很快，周围的同事都说不错，大小合适，穿着比较舒适,7,7,0.9880466461181641
这扣子，这做工，堪比地摊货。还有差评里面竟然都是好评，好诡异，我都怀疑是不是刷的。,7,7,0.38575562834739685
我喜欢纯牛奶啊 还是蒙牛的啊其实对于爱情，越单纯越幸福。,6,6,0.9890201687812805
买了很多次啦，价格挺实惠，数量也多，正品。,4,7,0.5897825956344604
停车麻烦，房间诡异，特别是网上订！,9,9,0.9942529797554016
很甜很大 包装很好看 速度很快 盒子送礼刚刚好支持京东,3,1,0.4733508229255676
颜色与图片上的一致，没有什么色差，价格也适中，第一次在网上买牛仔裤，质量不错，穿的好，下次还来。,7,7,0.9987712502479553
房间还可以，不脏；热水放了30分钟后才有点热，洗的不爽；早餐就凑合者吃吧，有就不错了；补充点评 2008年3月21日 ： 还不可以刷卡,9,9,0.956091582775116
有点怀疑是假冒商品，有一点漏液，仔细查看瓶盖上有一个小孔，是严重质量问题，潘婷是一个大牌公司！应该不会出现这样的质量管理缺陷！所以怀疑是假冒商品！这次在京东购物不爽！郁闷！质疑！,4,4,0.812594473361969
用了之后头发十分飘柔 做活动买的，很实惠，赶紧入手,4,4,0.9875627756118774
色彩什么的都很好！声音也很好！总体目前很好,1,1,0.42763110995292664
"我11月9日下的订单,可到现在了还是杳无音信，还有首页不是打出６．８折封顶的宣传吗，但实际却有超过６．８折的东西在销售，电话咨询回答只能以购物车的价格为准，当当的服务真的要改善一下，不要以为做大了就不思进取了．",0,4,0.37066131830215454
大牌，质量非常棒，款式好看，面料不错，五星评价。,7,7,0.9908085465431213
被外观欺骗了，吃起来很不好吃，而且买过一会就降价,3,3,0.9385736584663391
评价个毛线啊，渣渣般的裤子，收到裤子打开大跌眼镜，直接辣眼睛，便宜没有好货！不要贪小便宜害自己！,7,7,0.9769123792648315
一点都不相符，难看，差劲?,7,7,0.6941129565238953
太好了，买了多箱，真的很好，甜……,3,3,0.9375649094581604
洗过后变好长。什么情况,7,7,0.5891618728637695
感觉前摄像头像素没有1300万，而且照片质量不好,1,2,0.4455851912498474
内容少而定价高，利用女人的心理来赚钱，招数不可谓不高,0,0,0.4445534348487854
这才多久？正常使用，一早醒来锁屏状态，触屏完全失灵，长按电源键只会重启，还是板砖一块。晚上回来，还是如此，无解。,1,1,0.8360835909843445
很不错，划算，比在超市买便宜不少，包装完整，推荐购买。,4,4,0.6880349516868591
不是很好 比较老,9,1,0.3719173073768616
我买大了，与卖家联系换，可现在都快一个月了，还卡在快递那没拿到手。卖家态度没问题，但问题是我没拿到货,7,1,0.31635305285453796
第一次也是最后一次在第三方网站买大件商品，最倒霉的一次网购，这个跟华为无关；京东现在也是店大欺客了，昨天收到的手机，今天一早发现充不进电，打电话本来想要求给换个手机就行了；结果客服东拉西扯的，说什么还得寄回厂家检测，要3至5天。人家买手机就是为了用，你上来一个3到5天，我用个屁啊；我又不是用了几天才反映问题，检测退货是你们要做的事情，关我毛事啊，而且这种问题，你们送货人员一看不就知道是不是人为原因了啊。爱换不换，我直接退货总可以了吧，你自己检测去吧。以后大件产品要么去厂家官网直购，要么去实体店，再也不在这种垃圾地方瞎折腾了，真心是耳闻不如目见，伤不起。,1,1,0.4202282428741455
很好，也没蜡，值得推荐，京东太方便快捷了，赞一个,3,4,0.7520673274993896
洗发效果很不错的，干净清爽，值得推荐，关键是瓶子很大，看看我的图,4,4,0.9906963109970093
太难吃了！硬的跟石头一样！这样的水果也敢在京东上卖！第一次在京东买水果，感觉以后都不会在买了！,3,3,0.9923408031463623
有大有小综合还是有点小看看这是小苹果啊,3,3,0.9252299070358276
不行质量太差了，线头超级多。,7,7,0.7426531910896301
"纯种垃圾,自动关机频繁,按拨出键关机,信号弱的可怕.后悔,肠子都悔青了.",2,2,0.9340251684188843
伊利的每益添赤裸裸的抄袭蒙牛优益C,6,6,0.9833105802536011
这上面是不是打错了，才８５０元？有谁能告诉我这机子到底多少钱啊,2,8,0.39631378650665283
偶觉得这句真的好有道理。道出了我的心声啊！“出租车就这样，你有事时打不到，没事时看见空车到处串，见一个烦一个。”,0,9,0.34066855907440186
东西不错，一看就是正品包装，还没有开机，相信京东，都是老顾客，还是京东值得信赖，给五星好评,1,4,0.42556270956993103
不错的酒店，大堂和餐厅的环境都不错。但由于给我的是一间走廊尽头的房间，所以房型看上去有点奇怪。客厅和卧室是连在一起的，面积偏小。服务还算到位，总的来说，性价比还是不错的。,9,9,0.984269380569458
送货时确认单上在签名处写着请确认部件是否完整等字样。可送货员说不必拆，他们只管货是否对，里面缺不缺件他们不管。所以直接签字了。 虽然拆开来里面确实没少东西，但要是有个万一，可就不好说了。,8,8,0.3631155490875244
平板性价比很高，电池也很耐用，系统很像苹果手机的，就是有一点，手机用的是苹果，微信，切换有点麻烦，总体不错的，对了平板有点重，玩游戏拿一会儿就累了，所以送手机三档机架是有道理的?，华为也算牌子了，居然不送耳机?,1,1,0.7580592036247253
买来送人的，一般般，另外强调客服服务太差，买之前沟通好送的贴膜什么的，结果到手后就一个机器，耳机都没有的，问客服，客服推皮球，让我找京东，本身*钱的东西，这么搞，最后也没个回复。不了了之！,1,1,0.7970366477966309
希望再接再厉,1,7,0.32987552881240845
酒店不错，房间干净整齐，服务也还好。希望在硬件设施上能再多多加强，那就好了哦。,9,9,0.9670634269714355
京东自营服务确实很好，以后会继续购买。,3,1,0.30503103137016296
自己贱，蒙牛出那么多事了，你还敢买不是自己贱吗？我现在不喝也不会买蒙牛的东西了，对不良企业，不能惯着 可怕。。。。 谁喝谁倒霉。二三线小城的孩子净被坑了！ 今晚电视台曝光。蒙牛高钙奶，谁喝谁倒霉！,6,6,0.9957466721534729
裤子很好看 质量也很好 喜欢还会下次购买的,7,7,0.9880807399749756
裤子太薄，做工一点都不精细，皮筋带跟裤头完全没有缝纫过，穿着皮筋带都跑偏，说真的，完全不值*,7,7,0.9950466156005859
"确切说这是本写给成人的儿童小说,叙述平凡中让人感动,坚强智慧的母亲,勇敢正直有担当的查理,单纯可爱的茉莉,率真并带给这个家庭快乐的大个乔,每个家庭成员都具备一个人所应有的美德,并贯穿在小托成长的过程中,对他产生着巨大的影响.除了上校和狼女等人的干扰,这几乎就是个几乎完美的家庭,但差一分六点的结局又把人带入伤感.总的说是本很不错的小说.",0,0,0.9990798234939575
国产还是喜欢华为的品牌，用了一段时间了，系统更新了两次到EMUI 5.0。买的128G版本日常工作娱乐绝对够用了，平常如果看看网页听听音乐什么的比较耐用，玩游戏的话耗电比较快。,1,8,0.7921555638313293
挺值得购买的，有包装买回去送家人，毛巾质量不错。小块的可以拿来当擦手帕。,4,4,0.6208838820457458
购买后还未用，代用后再来评价,4,4,0.5437340140342712
裤子挺合适的，看上去材料还不错，建议购买哦。,7,7,0.9975841045379639
厉害了京东，这个价格比超市便宜还送货上门，这些足够一年的使用了,4,4,0.6060066223144531
背面鎏金，高端大气上档次，前面陶瓷白，低调奢华有内涵！,1,8,0.5852189660072327
触摸屏不怎么好用,1,1,0.6824211478233337
相当不靠谱,9,1,0.32671600580215454
差差差，里面是软的，和店里买的差太多了,3,7,0.6597616672515869
从此再也不在京东买东西，呵呵14号下单，15号活动减300，问客服不理，好歹也给个理由回复把！申请保价说有赠品就不给保价。下单之后还给我说地址有问题不给送，要我取消订单。我以前买的东西你让鬼送过来的？虽然最后解决了，但是服务又慢又差。手机还行，但是劝大家别在这里买。本想到315投诉，但忙的都没时间。,1,1,0.6611833572387695
质量真不行，用了两个月手机弯了！,1,1,0.7868120670318604
给老婆买的生日礼物！满意！,1,1,0.7216295599937439
这是一个很有才气的年轻人， 每个刚刚走过高中的学子，都不妨读读这本书， 回味一下自己走过的青春花季。古人常云： 少年不识愁滋味， 为赋新词强说愁。不知为何， 当今的少年文笔好的很， 而且文字中很少牵强附会的。随着书中文字的真情宣泄， 读者往往会陷入对往事的追溯， 无论隔了多少代，那几年的生活， 于所有心扉初开的少年都是非常相似的。左手倒影， 右手年华。 青春是舍弃与获得的酸涩抉择。,0,0,0.9974204301834106
卫生很差，床单上有遗留的头发～房间设施陈旧如果有问题找总机会等上很长时间对方才会接电话～离浦东机场的确很近，而且免费机场接送频率很多，很方便！,9,9,0.9957098960876465
货到，大个火龙果裂开一个大口子已经有异味了，小个儿火龙果超级小。非常不满意再也不买了。,3,3,0.9865058064460754
趁着活动买太实惠了，哈哈哈，还送一个吹风机,4,4,0.8946072459220886
衣服不错，价格便宜，可以买。,7,7,0.9313273429870605
质量很好，这个价位买到这么好的产品，真的很值。屏幕很清晰，反应很快。,1,1,0.9056631326675415
东西不错，这个价格很酷，喜欢，会推荐购买,1,4,0.41284242272377014
第二次购买这家苹果 打开后和第一次天壤之别 24 个 烂了一半 沟通希望重新邮寄12 个 对方 又是 客服 又是 打工的 直接和稀泥 这样的态度京东缺失自己砸自己的品牌 ，第一次质量个头好 第二次一塌糊涂 失望,3,3,0.6428303718566895
真的一般般哦。。物流也不快 就是普通苹果,3,3,0.824885368347168
一直是京东的老客户，这次购物有点火。平板次日早上7点多就到分站，依据以往经验大概12点左右送到我单位。因为下午休息，所以10：40左右打电话给快递小哥可否帮忙早点送。他说大概1～2小时能到。但等到12：30还没到。所以又打电话催。他直接说，还早。我就有点火了。既然客户请你帮忙早点送，你办不到，电话总可以打一个解释下吧，毕竟我傻傻的在单位等他。他又说下午送到我家，我说行。这次他又*我，当天下午没送，平板是次日下午12点左右由其它快递小哥送到家的。这次购物真心不愉快。希望京东提高快递小哥的服务理念，毕竟客户是花钱买服务的。,1,1,0.5090511441230774
南师的书读来让人感觉很爽，虽然有时候会不解其中之意，但是却仍然吸引着我继续读下去。行云流水，平地起勢。如果对于佛教有更深的了解的话，相信会更加喜欢这本书。但是作为一个无知者我想我会在读完这本书后对于佛教，对于金刚经有很多的理解与感触，其实大道想通，平凡之人，没有慧根也未必就难以接近金刚经之理，人生，治学，宗教，知行应该是相互贯通，紧密相连的。善哉，善哉！,0,0,0.9967867136001587
宏辉果蔬 苹果 烟台红富士 12个 约80mm 总重约2.6kg 新鲜水果,3,3,0.9971529245376587
1.指纹收集器。2.触摸板反应速度略低于单点触摸的机型。3.键盘手感需要时间适应。,8,2,0.7275086045265198
买完没几天就降价，无语。,1,1,0.3541868329048157
太差了，布料硬的受不了，颜色不对，欺骗人消费，不会在京东买衣裤之类的了。,7,7,0.9897572994232178
一般、服务相对较差,9,9,0.839745819568634
这蓝色是双十一买的，觉得裤子不错，所以双十二买了黑色的。什么都一样，就颜色不同吧，所以裤子回到就直接洗了，裤子干后穿上感觉太紧了，没有之前那件感觉自在，问店家，店家说不同批次的产品所以尺寸有点出入，但洗过的衣服不能退换了，叫我找京东客服处理。我犯不着在你们双方浪费时间扯皮！就这么着吧，*,7,7,0.8518557548522949
挺轻薄的我买的是32G的玩王者荣耀不卡挺流畅的,1,1,0.8519563674926758
媒体炒作得太厉害了，平时没有时间看电视，慕名买了书，恭恭敬敬地拜读，却发现其实一般般。,0,0,0.9757022857666016
东西一般，有的都发黄了，跟这客服说话还不瘠薄回话，谁给你输的这么好的单子和销量？,3,7,0.4505787789821625
价格高 房间及服务差,9,9,0.9946590065956116
收到了，质量不错，物流快，满意,7,7,0.6895177364349365
送货非常好！果子非常差，小的像鸡蛋的火龙果还是第一次看到，本有点舍不得吃，但是感觉蔫蔫的快再次收缩成龙眼了，还是切开了，完全没有水果味道，真心不懂这家商家如何培育的奇葩新品种！,3,3,0.9995075464248657
市场有太多的关于股市的书，大部分是可以扔掉的，但这一本是可以放在书架上将来教育子女的，你拿起这本书对孩子说我来告诉你中国股市曾经走过的岁月，那段惊涛骇浪的历史，书里的很多资本运作的案例现在受到监管的原因，很多的运作已经不能实现，但有一部分是市场上还在运作的，特别是市场上的很多“水下”的、幕后的人真的当年就是如此起家的，受益啊，感谢老雾了，老雾的总裁韦小宝、黑金道都不错，强烈推荐,0,0,0.7934297919273376
推荐！！地理位置一走出来就是尖沙咀热闹地方，也就5分钟，性价比很高！一条路上还有君怡那个宾馆，但是好像君怡比它贵点，其实走出来也没差多少步，肯定这个核算！房间小一点，不过觉得还不错，意外还可以看到远方的海景，我住21楼，景色舒服！总体上来说不错！只是周围2个便利店没有什么花头。。。。。,9,9,0.9925698637962341
"酒店位置很方便,离开封第一楼和夜市非常近,酒店早餐10元自助很实惠,服务也不错但房间很大设施却有些旧，尤其卫生间狭小。",9,9,0.9931288957595825
东西感觉不怎么样，不像是真的，大家不要买,4,3,0.45414260029792786
很好，比苹果好用多了，支持国产特别是音质很棒画质超细腻不错???,1,1,0.9432469010353088
8月21日下单买纸巾，有19:00-22:00送货。选择了。8月22日下午打电话问，现在家里有人吗？我说没有，晚上送过来吧。然后就一直等到8月24日晚上，没动静。取消订单，马上收到短信，正在派送中。请保持手机畅通。又一小时过去，发现有一未接来电，响铃一秒。一查派件员的？几个意思啊？,4,4,0.2515411078929901
我想问下，你们的维修部就是这样对待客户的产品的吗？早知道我还不如拿到当地的维修点维修！,1,1,0.49757587909698486
态度特别不好,9,7,0.41109520196914673
第二次入住，感觉还行。但3个老外都反映床太硬。另外外面正在施工，机器声音很吵，在我们的要求下给换了房间。早餐和自助晚餐都一般。如果嫌5星酒店的价格太贵的话，可以考虑中油。,9,9,0.9907447695732117
东西已收到，快递小哥服务杠杠滴,1,4,0.31823357939720154
"产品性能可以,样式也不错,比较好用,发短信,上网都可以",2,2,0.8420642614364624
怀疑买到**货！一点都没效果，用了等于没用,4,4,0.9918553829193115
80的果子还是很不错的，甜脆，70的感觉就不是一家人了,3,3,0.9993852376937866
很好很好很好很好很好很好很好很好喝亮点,3,7,0.25039100646972656
垃圾京东什么客户服务质量，千万还是去实体店买好,1,4,0.5610374808311462
跟图片相差太多了,7,7,0.7543885707855225
买了好久昨天第一次用，居然洗起来像沐浴露那种。不像以前潘婷的那种柔顺。假货的吧。,4,4,0.9967631101608276
使用中，感觉还不错。,1,1,0.3539430797100067
啥时候到啊下单好几天了还没到?,4,4,0.45411217212677
看着还不错，包装也行，个头不算小,3,1,0.46215271949768066
"房间设施还不错.就是有一个缺点.我住的是套房.就是客厅里的沙发坐着只能对着一副书法.为什么不是个电视呢.还算不错.还有,离周庄景区远了点.走走也要15分钟.",9,9,0.9896305203437805
套装买的 很划算 用着也还好 两天洗一次 要保护我滴头发啊 哈哈哈,4,4,0.9907832145690918
整体还行 就是显示不是很好 音质真心不错 储存太少,1,1,0.7468414902687073
正品，好用，实惠，很满意的一次网购,4,4,0.5158507227897644
这个还没有用，好多瓶，特价的时候购买的，比超市便宜非常多。,4,4,0.9836689829826355
太好用了，我一眼就看中了他，感觉比苹果还好看，很喜欢！,1,1,0.4267827570438385
还是很有特色的酒店，周边方便，价格适中，是最为合适费用有限的,9,9,0.9857540130615234
环境也不错，从机场到酒店有班车，半小时一趟。非常方便，不用预约，班车就在t1航站楼1层，只是网络不好．,9,9,0.9840537905693054
一直用清扬，值得信赖。快递小哥服务特别好，那么热的天送货到门，给他一个?,4,4,0.47925904393196106
买给外甥女的，很喜欢，另外，相对于我的Ipad Mini而言，这个平板的性价比真高得不可思议！,1,1,0.659127414226532
价格是真便宜，但是显示送吹风机买了两个一个没送。作为资深京粉难以理解。,4,1,0.6838518381118774
京东客服真*。京东也是有病，花最低的价钱雇佣大学生，技能都不熟练服务不负责任。,4,1,0.38447245955467224
线头比较多，掉色比较严重,7,7,0.9168657064437866
快递速度快，昨天下午下单，早上就收到了；包装完好无损，产品如何要待试，闻起来到挺香的，第一次买沙宣产品，希望会有个好印象！,4,4,0.9195421934127808
仔细检查了一下 宝贝质量真的不错，也很上档次，关键是物美价廉，物超所值，服务好，赞一个,5,7,0.6067533493041992
京东超市购物买的放心，用的安心。省时、省钱、省事。,3,4,0.7253091931343079
小平板看电视剧真不错，非常棒，声音够大，哈哈,1,1,0.950600802898407
泡沫是挺多的，但是没啥清凉的感觉，薄荷不够力，卖家还送了一包尿不湿……不知道为啥送这个,4,4,0.8449652791023254
超喜欢~按模特的标准买的~太T M性感了~衣服真心舒服~就是老班的衣服裤子会掉色~洗两次就明显得很~纯棉的就这样吧~老顾客了~支持一下,7,7,0.9961040019989014
"这里的房间是比较舒适,只是地理位置不如解放杯和江北了,也就算了吧,这也不算hotel的错,只是服务上,大堂的人永远比较冷漠,服务生缺少微笑,连要一张停车拳他都会向警察一样用审问的态度问很多问题:比如房间号,车牌号,然后看到房间是我先生登记的,看我又是个女的,表示完全不相信,要我说我先生的生日....不就是个停车拳么?事实上这个hotel?",9,9,0.9452913403511047
衣服挺好的这个价位还算不错的,7,7,0.9881938695907593
"服务实在太差!7月9日入住的,晚上11店打1168总机拜托第二天早上645分叫醒服务,房号:2319(便于查询与确认)。竟然没有做到!!这是我这个长期出差者第一次碰到的事情,因为10日早上830分有会议才提前一天住酒店的,还好这个酒店的床板硬得不能好好入睡,才""救""了我。特此评价。",9,9,0.9850640892982483
之前用海飞丝，头皮屑好多，用了这个之后改善了不少。,4,4,0.9903984069824219
太容易粘指纹了！预装Vista真是垃圾，只有一个分区，很麻烦。惠普如果能把这个电脑装上XP卖，可以多卖500块！,8,8,0.7765164375305176
假货！假货假货！,7,7,0.5670525431632996
还不到一个月，WIFI不工作了！从来没有用过这么差的手机！,1,2,0.5167896151542664
屏幕中间居然有黑点，想支持国货都难啊。,1,1,0.8278866410255432
一个星给快递小哥吧，看图吧，果都是邹的了坑,3,3,0.6703333258628845
帮同事购买的，还不错。一分价钱一分货！这个配置对得起这个价格！,8,1,0.5575121641159058
酒店设施及其差劲，基本没有什么服务，就是一个超级烂的破宾馆，完全依靠机场过夜旅客的生意，要不是在附近星级酒店预订晚晚了没有房，我绝壁不会选择这家酒店，以后也发誓不会用他家。,9,9,0.9915463328361511
穿三天就起毛了，实在是太烂了。,7,7,0.9963396787643433
强烈关注 强烈谴责 蒙牛就是一坨屎 一辈子也不会喝蒙牛一滴奶!,6,6,0.9995844960212708
一般般。房间小 服务态度不好 去机场较方便,9,9,0.9910517334938049
唯有不买蒙牛以表敬意乳业第一打假人遇害，悲愤@王小山,6,6,0.9980555772781372
《世说新语》已经久违了，从最初的欣赏到开始去用心的钻研，再到热情的冷却，《世说》见证了我整个的求学生涯。无奈马齿见长，学问却每况愈下，徒拂乱人意。每日价为生计奔波，不复当年的若饥若渴，书是买了许多，却大都庋置高阁，少有闲情翻看，稍一回首，尘埃堆积，不禁有河清之叹。谋尽稻粱只为书汗牛充栋亦何苦百宋千元万明清一卷不读困穷庐借他人杯酒，消自己胸中块垒。,0,0,0.9880166053771973
如果你没有足够的耐心可以忍受差劲的服务，就不要入住了,9,9,0.978093147277832
该酒店装修比较成旧。我房间的浴室出水很小，洗澡很不方便。,9,9,0.9957278966903687
公司测试用的，好评下。买东西还得京东，多快好省，习惯了你的快，别家真心不想用了。,1,1,0.6518215537071228
坑 不解释了 各种烂 还贵 和快递无关,3,7,0.40781354904174805
不要上这家店卖，挂着东西卖只接单，不搞服务。总之一句话在这家服务差。,1,7,0.4740070402622223
裤子版型不错，质量也挺好，穿起来很好看，过段时间再来追评,7,7,0.9969310760498047
性价比很高，金属外壳很有质感。喇叭的效果很好，外放音量很足。,8,8,0.44994398951530457
别买了，家里的都让我扔了。不好，推荐吕,4,1,0.34957242012023926
非常一般的一本书，充满了假想的理想主义色彩，建议刚毕业的职场新人千万不要看。,0,0,0.9996138215065002
没有收音机功能！遗憾！！！！,2,2,0.5757177472114563
一般一般,9,7,0.36000779271125793
价格比较实惠，看着也挺讨人喜欢的。升级仓上没易碎标签，不知道是不是鼓励升级？或者是忘记贴了？？包装盒上有完好封条。,8,8,0.4756760895252228
"入住很多次了都忘记点评了.现在全部补上.哈哈.酒店已经有我的常客记录了.东西忘记了在房间,即使是一个小小的手机电池,酒店也很重视,立即联系到了我.",9,9,0.937263548374176
裤子超级超级棒，包裹刚到，老公就迫不及待的拆开试穿，大小刚好合适，今天下午洗了也不褪色，价格也很合理。物流也很给力喔！下次我还来您店光临。嘿嘿~,7,7,0.975047767162323
"早餐很赞,很有当地特色,房间内设施有点旧了,好在有无敌海景大阳台,好象新楼在建了,期待ING...",9,9,0.9899482727050781
订单下了一个多礼拜了 还没到货 。,0,1,0.33401161432266235
一次买了两件 还可以 价格很可以,7,7,0.9616755247116089
这洗发水果然是水货，没有店里买的好。用着好难受,4,4,0.9626652002334595
入住两个晚上（5/30-6/1日），第一晚上被蚊子咬的无法睡觉，5月31日找前台换房间，既然还告诉我这房间是他们最好的，就是有点蚊子而已；离店时还无法提供发票，说是税务部门还没有批发票给他们（税务部门没批也可以营业吗？）。整体服务实在让人难以接受。,9,9,0.9913460612297058
用了半年的KG90，再这之前也谈到过不少缺陷。但是在这里我还是要把自己发现的更多的不够人性化的小缺陷一一列举！首先我要说的是电话本！1.大家都知道它不支持首字母查询！这个可以在每个人的名字前加上首字母然后就可以用英文查询，但是别扭的就是每个人的姓名前面都多出个字母来，看过去都不舒服！2.电话本的人性化功能太弱了，可以说它根本就不人性化！比如拨打的新电话不能直接加入原用的姓名当中，还要进入电话本找到那个人的姓名（又不支持中文首字母查询所以就更加麻烦）要用你的脑子记住11位的手机号，输入了中文找到了姓名可能你那11位的手机号又记不住了，又要重来！记住后进入原有的姓名编辑后然后就可以保存。3.就是大家现在也都有讨论过的，加17951的问题！在电话本中的姓名里有的是长途号所以我一直都喜欢加上17951。在拨打的时候也方便许多。但是用上了KG90问题就出现了，它加了17951后，朋友来点或是去电它都不能识别这个姓名了！4.信息大家都知道它输入很慢，但是我要告诉大家的是在你输入电话本中的姓名时它一点也不慢！在你要新添加备忘录时，输入的信息也一点不慢！但是当你要回朋友信息，或是发信息给朋友时，我告诉你一般不发什么信息的人到没什么，如果你一但真要发信息而且很急又不允许打电话时，有你受的！慢到要死人，可以用一句话来说，我等到花儿都谢了你的字却还没有出现！5.单键拨号大家也应该常常用吧？再这里我也要讲下它在KG90当中的缺陷！比如说你的一个姓名当中有三个不同的号码，你要在2键设置单键拨号，正好要选择的号码在那个姓名当中的第一个位子你很幸运的设置OK了。但是当你要在3上设置一个新的号码，而且这个号码又在你开始设置的那个姓名当中，这下你选到第二个位子的号码按保存，问题来了提示你已经设置！这时你唯一解决的办法就是添加一个新的一样的名字的，然后把你开始排在第二个的号码记下添到新的里面才可以添加进3键上！也许这还是跟电话本的那些不人性化的BUG有牵扯吧！,2,2,0.9420485496520996
刚收到，速度很快，服务很好，值得信赖,4,4,0.31046053767204285
酒店所处位置跟交通都很方便。。而且服务态度很好，我在6月19号那天退房时，因为快递还没到。。我跟酒店方面说帮我接收一下。。他们的态度很好。不过就是房间没有电蚊香，希望以后会有所改进~~宾馆反馈 2008年7月9日 ： 绝大部分时间，酒店客房是没有蚊子的，故没有在客房配备电蚊香。酒店管家部备有电蚊香供有需要的住客使用。夏季是广东省台风多发的季节，可能会有少数蚊子。,9,9,0.9807434678077698
质量差的要命,7,7,0.7571483850479126
是不是不支持指纹，驱动安装成功，但是不知道在哪刷手指 暂时还没发现别的问题,8,1,0.562957763671875
质量不错，款式好看，做工很赞，穿着好看，大小合适，没有气味，下次还来。,7,7,0.9891814589500427
物流很准时。就是打开包装，瓶子上面有很多灰尘?,4,4,0.7541103959083557
还好 住的地方居然窗口是对着居民区的 设施一般般 床不错,9,9,0.9926279187202454
非常不错，摸起来质量手感都很好,7,7,0.47049713134765625
超级好，超级方便，是正品而且够速度，以后就来这里买辣。只是，希望能更多活动哈哈，因为这个套装在超市活动时买，只要60＋，不过，这里有好多赠品，而且质量最关键啦，继续加油哦,4,4,0.6584849953651428
无线相当于没有，信号太差，被子还有点潮,9,9,0.7828898429870605
题目好 但内容空 给人感觉在说空话,0,0,0.9081018567085266
味道和我在大润发买的一点也不一样，用完以后头皮痒，头发还干。果然不能忽略差评！,4,4,0.991506040096283
"这几天天空一例是阴阴的,一如我的心情.温度也降了很多,让人明显感到了冬的气息.就在这样的一个午后,我选了一个舒服的姿势坐下来,翻开了那本山楂树之恋.知道这本书是很早以前的事了,同事曾向我力荐,说是一本很好的书,值得一看.可我却没把它当一回事.生活的琐碎,工作的繁忙,时世的难料,早已让我的心灵变得粗糙和坚硬,我自认为自己已经足够坚强,不会再有什么事情会让我感动,也不会有什么事情会让我难过.而生活的快节奏,也让我很少有足够的时间能全身心的投入去读一本大部头的书.所以,同事的推荐并没对我产生明显的影响,我仍然没有读这本书.只到有一天,同事告诉我:?你应该读一下这本书的,真的很不错.?我才顺便在当当买下了它.静静地坐在那里,随着书页的翻动,我渐渐沉浸到了一种独特的故事氛围里.我是七十年代生人,虽然那个特殊年代的时代特征对我几乎没有什么影响,可残存在记忆中的点滴记忆还是被唤醒了.尽管里面的场景,事件是那么的遥远,可我还是喜欢上了这本书.整整一个下午,我把它看完了.?静秋,静秋?这两声深情又包含无奈的呼唤仿佛穿越了时空,一直在我的耳边回响,当我读到动情处,忍不住泪流满面,直至难以控制,痛哭失声,那种难以抑制的疼痛使我的心脏紧抽成了一团,用老三的话说,人的心脏是能够裂成碎片的.合上书,久久处于一种忧伤之中.书中没有时下所谓的流行元素,书的装帧也非常朴素,可就是这么一本素雅的书,却以它的深情和纯真深深地打动了我.我才发现,原来我的内心依然柔软,我依然可以被外物所感动.只所以会产生自己已经变得麻木的原因不是自己不再敏感,而是现实生活中缺少让人感动的因素.我喜欢这本书.",0,0,0.9977768063545227
非常好的果子，快递员也非常负责，给京东点赞,3,3,0.9996237754821777
东西不错，给满分，但是物流必须给差评，9号晚上11点下的单，选择10号晚上8点以后派送的，结果一直到11号下午才送到，我看了下发货的是苏州仓，目的地是上海嘉定。这种物流速度，还能体现京东的优势吗？不是和*差不多？既然这样为什么还要选择你呢？,4,4,0.5074663162231445
送货快，分量大，够实惠，之前一直用的蓝瓶的，白瓶首次买，要是可以自由选择混装就更好了,4,4,0.9166014194488525
不错，便宜实惠，能用好久，送货速度快。,4,1,0.40377363562583923
"交通方便,靠近地铁站.我住的是单人间,房间内还套了个客厅,装修很新,对比其房价还是很实惠的.早餐品种较少,不过对于经济型酒店也就如此了.",9,9,0.987518846988678
质量太差了，,7,7,0.9326125979423523
我也是醉了，肥瘦正好，衣服长的和裙子似的，,7,7,0.9456987380981445
性价比不错，各方面比较均衡。这个价位买到这样的配置还是比较满意的，玩玩一般的游戏绰绰有余，哈哈哈,8,8,0.7993631958961487
该酒店的确是靠近天目湖--湖畔哦；但酒店的内部环境的确无法一住哦。走廊气味令人反感、房间寝具不干净、卫生间气味令人作呕、挂壁空调漏水。。。。。。“！！！？？？”只是前台接待小姐态度非常之好，客房服务的大嫂就太差了。希望携程相关领导有空视查一下。建议有准备去天目湖+南山竹海的游客，要么住天目湖宾馆，要么入住南山竹海度假村（景区内哦，空气极佳，挂三星，有当地四星的标准哦，）,9,9,0.9906911253929138
快递很给力，很快就收到货了，    服务不错。质量不错。,7,7,0.49881672859191895
"这个酒店，隔音太差，都是用木板隔的。有纯净饮用水口，但是坏了,也不配给免费矿泉水。房间设置也是不好的。我的同事房间淋浴口竟然不出水。奉劝大家不要去住。",9,9,0.995693027973175
酒店挺不错的，地理位置佳，交通方便，房间也很大，而且早餐算可以的了。下次来福州可能还会住这里。,9,9,0.9826518297195435
不愧是二手东，手机背面一个小坑，真怀疑是被退回去的,1,1,0.8284871578216553
我想多数人是因为爱玲才买了这本书，总的感觉不好，可能仅存一点价值是如果想进一步研究张爱玲就不妨看一下，人品较差，爱玲比较冤。不过，也能体会出，这个人口才一定不错，外表看来素质修养都还好，知识面也宽，典型的清末书生，却是属于那种流连于秦淮河畔的那种,0,0,0.9980815649032593
洗发水很好用 ，很喜欢沙宣这个牌子，一直用，活动的时候买的，还有赠品哦 值得买,4,4,0.9849919676780701
"6楼窗外就是整幢大楼的风机,非常吵!可能是存心留给携程的客人,第二天到下午四点回房还没清洁房屋,太离谱!!!!!",9,9,0.9922035932540894
订了商务大床间，可惜房间小的可怜！床和写字台之间太紧，基本上不能转身。更无法忍受的是房间卫生间的异味太重！投诉后，没有任何的解决方案，说空气清新用完了，居然让我开窗通通空气，让人哭笑不得！客人来过都表示气味难闻，很尴尬。房价也严重的性价比不值。早餐就不想提了！强烈建议不要入住！,9,9,0.9979124665260315
连酸奶也是天杀的蒙牛……霸气！,6,6,0.9936376214027405
苹果又小又丑，还有烂的，绝对不会买第二次了，随便水果店都比这个强一万倍,3,3,0.9983323216438293
我也是看了大家的评论才决定给三岁多的女儿购买这套书的，这也是我第一次在当当购书。虽然是四岁的，但是有些内容女儿学起来还比较轻松，有一些理解起来就有点困难，慢慢来吧。女儿最感兴趣的就是带有sticker的学习内容，每次都是她主动提出要学习，而且是先挑选有stickers的内容来学，顺便还学会了stickers这个单词呢。一套很值得购买的书,0,0,0.9989349246025085
好用，头发可顺了，用完再来，,4,4,0.993131697177887
寄回家给我妈的。 她说包装太差漏了好多,4,3,0.45737460255622864
感觉就是地摊货,7,7,0.45654529333114624
看电视，玩游戏，不错的。特别是快递，超五星服务，速度也是杠杠的,1,1,0.552125096321106
还没几天 有掉价了 真是坑,4,1,0.4131401777267456
优点：1、做工尚可2、系统响应速度快3、屏幕大，分辨率高，显示效果好4、照相200W，配置比较高,2,8,0.6612330675125122
一般吧，不知道是不是正品，用完之后头皮有点痒，头发有点粘，一点都不清爽，油得更快了,4,4,0.9979819059371948
各方面都很差,9,7,0.35668063163757324
体积与重量都恰到好处，十分好用。Atom270的测试指标虽然不高，但是实际使用效果超过预期。可以看1024x560级别的RMVB一点不卡。使用外置光驱安装系统极其顺利。声卡驱动的安装也不需要用到微软的补丁。,8,8,0.9753853678703308
很好哦的苹果，是京东统一配货的,3,3,0.9774107336997986
快递公司瞎搞，摔坏了洗发水瓶子口,4,4,0.38693884015083313
简直无语了，居然发一个用过的给我，还是4月份就用过的，麻烦发一个用过的你还是刷哈机嘛，我不晓得京东你们要搞啥子，你们到底还想不想好好做生意，1千多块钱还是不是啥小钱，不是几块钱的事情，你们能不能认真负责一点,1,1,0.4397321343421936
买了两条，裤脚处一大一小，黑色明显一点，卡其色过得去，起码进脚不挤，黑色粘毛，本人网购从来不差评，就冲客服这样拐弯抹角的是说话，差评了。,7,7,0.9961575865745544
差，差，差，差，差，穿了一次就没有穿了，洗的时候还掉色,7,7,0.9975791573524475
东西不错，活动价格也行，京东不错，就是活动时这券那券太累。,4,4,0.7212008833885193
这个儿也忒小了吧？还有一个是烂的，虽说价格不算太贵，但我想没有下次了，有种上当的赶脚。打算削了一个吃，苹果芯发黑，看似也不太新鲜，果断把这个扔掉了，证明了那句古语:便宜没好货!,3,3,0.9987198114395142
价格便宜，这个洗发水我一直在用，控油效果很好，是一整盒包装啊，两大两小啊。,4,4,0.9935484528541565
把美禄和蒙牛早餐奶加一起，于是有了很诡异的味道。,6,6,0.9689159393310547
苹果特别不新鲜，里面核都是坏的，说明苹果都坏掉了。对京东越来越失望,3,3,0.47769615054130554
吃起来很爽口，大小均匀，发货快，满分！,3,3,0.9242423176765442
皱巴巴的苹果～超级无敌失望！好几个都是这样,3,3,0.9918060302734375
首先，屏幕效果非常好，不知是华为改进了屏幕还是原本被夸大了，反正我的眼睛是看不出任何的拖影。屏幕色彩鲜艳，色温可调，分辨率高，可视角度广，触摸灵敏，总之屏幕我打10分。,1,1,0.7085286974906921
拿到以后绝对没有什么特别吸引我的地方，所以至今还没有看。。。。,0,0,0.8063915967941284
不足：1：1G内存跑visita不足，不过可以自己加 2：没有任何驱动盘，自己去找费事 3：接口是竖的，而且接口过少不方便4：底部扩展坞处散热不是很好！！,8,8,0.9449108839035034
送过来，看着挺不错的，还没用呢。,1,4,0.5465200543403625
能找到别的就不要选这家,9,9,0.401960551738739
这是我住过的这一级别的级别的酒店感觉最舒服的。虽然大厅及外部没有那么华丽，但是房间干净、舒适，而且服务也比较好。下次我还会住这个酒店。,9,9,0.984221339225769
联想的程序跟我们平时的电脑程序不一样，而且在京东买的铲平不享受上门维修,8,8,0.7822525501251221
1、每次拍摄完毕后对图片的载入处理比较慢；2、摄像头没有保护盖，很容易进灰；3、居然没有显示“星期”的功能；4、短信不能自动存入手机，只能自动存入SIM卡，所以要受到SIM卡限制，短信多了就需要手动删除5、铃声小：在最大音量下，公共场合里很容易漏接电话,2,2,0.9995474219322205
双十一拍的等到22号才收到货，泉州到厦门～11天，走路都可以五六个来回了，这就不说了，毕竟双十一嘛，物流慢，可以理解～但是裤子上那一股酸梅味是什么情况？我都不敢试穿碰了一下手上都是味道，放阳台风吹了一夜味道才没那么重，这个我也可以理解天气潮湿之类什么物理学化学原理造成的，但是不让退我就想不出什么原理,7,7,0.473522812128067
裤子质量很好，穿上很舒服，面料颜色也好看。,7,7,0.9979488253593445
不错，价廉物美，烟台正品红富士。好甜，又脆，好吃。,3,3,0.9843441247940063
呵呵，看图，超级小，还自营，京东自营水果能买的就只有苹果和猕猴桃，学习一下你的竞争对手，靠，平均价格十元一个的火龙果你值这个价？,3,3,0.9281660318374634
多次购买了，就喜欢纯色，这个已经是第七件了,7,7,0.9699643850326538
套装很划算，比实体店便宜太多了，还没有用，应该是正品,4,4,0.8604155778884888
电话本太烂了，没有联系与添加的项目，手机没有配备数据传真接收的数据线！,2,2,0.7921099662780762
第一次入住，说实在话就是图个方便就近，因为离我学校很近，而且听说还不错！但是入住以后才发现服务态度是不错，可是效率和处理问题的能力太差，入住那天天气那么冷，宾馆的空调不开，还是冷风，说是中央空调定在那个温度，强烈要求下答应给我调高两度，但是等了一个小时还是那样！第二天再次去电话，他们大堂经理说空调一直在维修！我不知道到底怎么了，但是认为这样肯定不是合理的！所以下次应该不会选择这样的饭店！失望！宾馆反馈 2008年1月18日 ： 首先感谢您入住本酒店，看了您点评后，经酒店调查，该天空调确在维修清理中，故十分抱歉影响了您休息，若您下次入住，本酒店可为您免费升级您所订房间，以做补偿，希望您下次能再次入住本酒店。,9,9,0.9908425807952881
散热做得很好，屏幕效果绚丽没有坏点，杜比环绕效果也很好。换了XP+3G内存PS、Dreamweaver打开速度相当流畅。功能键非常实用，接口也挺丰富。。,8,8,0.8763791918754578
因为手机也是华为的，所以平板也选择了华为，本以为不能按时收货了，结果快递哥哥晚上八点半了给送过来，好感动，也辛苦快递哥哥了,1,1,0.5949284434318542
这样子包装？确定没有被人开过用？洗发露都漏出来了，必须差评,4,4,0.9913076758384705
"地理位置不错、停车场很大。客服专业、房间也很标准。宽带流畅。免费注册 网站导航 宾馆索引 服务说明 关于携程 诚聘英才 代理合作 广告业务 联系我们Copyright? 1999-2008, ctrip.com. all rights reserved.",9,9,0.9774048924446106
不错，很甜的，水份也很多，这次买的值了，下次还来。,3,3,0.9496257305145264
跟地摊货一样，质量太差了。,7,7,0.6303487420082092
很好用的，这是第二个了，力鼎华为荣耀手机,1,1,0.8546146750450134
超实惠，618还抢到一个**券，物流超快，第二天就收到了，还送了一个卷发梳子，等一下就试试好不好用，还送了一个小瓶给同事，所以少拍了一个小瓶,4,4,0.9806069731712341
不好，运行内存还不到1.5，登录应用都卡半天，分辨率也不好，声音也不行，只能开小一点，大了要破音，像是山寨机和老年机的结合体，总之这平板不值这个价格，最多五六百的货色,1,1,0.6693284511566162
收到货有个别不新鲜 其它还好 价钱还比较划算 挺好吃的 很甜！,3,3,0.991315484046936
"房间还是不错的.至少在酒店式公寓里算是好的.前台不是很热情,毕竟是酒店式公寓,不是酒店,所受培训不是很够.酒店的Shuttle Bus很方便,司机师傅也很热情,很好.推荐入住.",9,9,0.9853346347808838
这是假的吧 我在店里买的洗的头发没头皮屑 这个有 我好少有洗的有头皮屑的洗发水,4,4,0.9958975315093994
衣服不错，穿着很舒服，是自己喜欢的类型！大小也比较合适,7,7,0.9948112964630127
耳机质量太差　不到三个月　就换了一个　目前这个也要坏另外手机经常无故死机或自动关机相机怀疑没有130万像素那么高,2,2,0.7315422296524048
嗯，质量不错，包装很好到货速度很快，非常满意,3,7,0.4354970157146454
"东西很好,外观也很漂亮,用了一个2000-100的东券，节省了100元，哈哈。我是从这里得到的京东券：http://club.360buy.com/person/rrhrejrc-1-1.html",8,4,0.5536455512046814
二次入住该酒店，感觉还是不错。而且随着对周边环境的熟悉，发现这里也不是原来印象中那么偏僻。酒店的电脑房间很不错，特别是电脑，居然用的是HP的品牌电脑及17''的液晶显示器，很是出人意料呢！当然房间也还是有缺点：比如浴室里居然连浴帘也没有，偏偏浴室又大，恰逢入住的两天气温又低，所以洗澡感觉很冷。另外，浴室的弧形推拉门虽然很别致，但实在很容易坏。补充点评 2008年2月4日 ： 该酒店的礼宾服务也特别值得赞许，我离开酒店那天还下着雨夹雪，门童顶着冷风飞雪足足在街边站了十几分钟才帮我拦到出租车，让人很感动。,9,9,0.9944883584976196
除了新鲜 送货及时没有任何优点了，不是一般的小有的比标题描述的小太多,3,3,0.9621624946594238
新世纪大酒店真不错，我已是第二次入住此酒店，酒店房间又改造了新的单人间，内部还配备了液晶电脑和传真机，下次来就不用很麻烦的带电脑了，这次还正好赶上游泳馆开放，室内游泳馆的冲浪很不错，建议大家也来享受一下．,9,9,0.9740034937858582
裤子昨天就收到了，今天特意洗了一下才来评论。裤子质量不错，不掉色，结实。老公说穿着很舒服，没有线头问题。老公稍稍有点瘦，所以穿这个码是可以的。,7,7,0.9978070855140686
酒店住过很多，唯有木棉花酒店的服务感觉最好，住了几次之后，前台就不需要证件和预授权了，每次check in 时，只要签字就好，很方便快捷，有时还像朋友一样聊上几句，感觉很好；房间比较干净、简洁；建议酒店方面去尝试一下绍兴开元名都酒店的超级舒服的床垫，正如广告说的“试一下，就知道是我想要的”。宾馆反馈 2008年6月22日 ： 非常感谢您对我们酒店服务的认可及支持，也感谢您给我们提供的宝贵信息，有你们的支持与共同关注，相信我们会做得越来越好的，同时也期待您的再一次光临，谢谢！,9,9,0.9815291166305542
不好 ，连个好评返现都不给， 别人店里还送保护套 耳机 什么的 ，买的平板电脑连纸质发票都没有。,1,1,0.9042828679084778
不错，价格实惠，618活动给力呀！,1,4,0.5518952012062073
支持国产，不错的配置适合的价格！京东小伙 给力。。,1,1,0.6664584279060364
质量挺好的，面料弹性很好，码数很合适，穿起来很好看,7,7,0.9991540908813477
LED屏不够艳丽，对比度不足，Multi－touch触控板不好用，容易误操作，真不如普通触控板，A面容易粘指纹，底部后盖不容易拆卸，更换内存要小心,8,8,0.5475514531135559
"想读这本书有一两年了,刚好那时此书缺货。09年汶川地震一周年之际，读完了它。这是一部对唐山大地震的目击实录，特别此事发生在新闻封锁的1976年，因而此书具有史料的价值。其次此书是建立在作者亲身经历和大量的采访工作的基础上的，它从不同的角度讲述了灾害造成的巨大的损失，人们在灾害前的救助（政府、解放军和普通的市民），这是人的“善”和坚韧的品质在灾害面前的放大；但是它也讲述了人性中“自私自利”所带来的“恶”——抢劫，和互助团体不可避免的解体。第三，作者在描述事件的时候尽量采用了“白描”的手法，并不大肆渲染扇情以破坏事件的本来面目，但是他把自己对于灾难中遇难者的伤痛、对灾难中人的坚强、互助，以及人对生命渴望的积极精神通过场景细节的深入描写一一表达了出来。这使得由一个个普通人的故事和场景串联起来的《唐山地震》在质朴的文风中反映出真实的场面和人性。能让读者近距离的观察唐山和人的活动。作者说起他写这本书的缘起（P223）：他在1984年接到一本杂志的约稿“一座城市的毁灭和新生”的时候，想：“我问自己，我为什么只能用灾难来衬托十年以后的成就，而不能直接去写当时唐山人所受过的苦难呢？我们常常说一句话叫‘文学是人学’ ……终于，我们通过思想解放运动，我们明白了，‘人’是第一位的，我们要文学去反映‘人’。这好象一把钥匙，到我拿到这把钥匙的时候，我在唐山的日日夜夜，许多难忘的东西，跟泉水一样喷发出来。”“人”——这正是这本书贯穿始终的主线和精神。它不仅表现在作者在本书第七章和附录里，介绍了地震前我国的地震工作者在地震预测方面的艰苦努力，让读者质疑我们虽然预测到了唐山的地震，却为什么没有能避免如此重大的损失？从中提出一个非常重要的考量标准：在重大灾害面前，衡量人的一切行动的是“人”还是“政治”？而且还表现在他对灾难生还者之所以生还的思考（P212）：“是的，易于被灾难击倒的，恰恰是心灵胶着于灾难的人——无论他的‘外壳’是羸弱还是刚强。灾难和厄运的力量之所以往往‘强大’，是因为它能慑服人的精神，把人类网入它的逻辑。它能假手人类之手，让人类自囚，自刑，甚至自我毁灭。    我们来到这个世界上，必须接受这个星球的喜怒无常。命运会把人抛到这样那样的‘废墟’之上，人类注定要永远与厄运抗争。但人类的精神可以超越厄运。不要悲叹每个人在突降的劫难面前都如狂风前的小草，小草比大树更难被摧毁。不被命运所厄的首要前提，是摆脱‘灾氛’，不让自我引爆的恐惧和窒息感堵断生命的源泉。这就是为什么蒋叔叔和千千万万‘唐山人’的‘平常心’如此坚韧。‘平常心’，至柔至刚，它意味着恒定的生命节奏，它是大从容和大自由。    我到过唐山，我有我的爽朗达观的蒋叔叔，这将影响我的一生。无论遇到什么样的困难和逆境，我都会看到蒋忆潮叔叔在废墟上面对那汪‘泉水’时的惬意，听到他那有滋有味的苏北腔——‘沏茶！’”这本书是一个历史的参照物，也是灾难中“人”的参照物。也以此篇简短的评论纪念在汶川地震中不屈不挠奋斗过的人们和长眠在地下的人们。",0,0,0.992753803730011
HP没有提供WINDOWS XP的驱动。在HP论坛，目前还没有推出CQ35-105TX的相应驱动。因此，想在WINDOW xp使用要看你的忍受力。安装驱动也是一种考验。没用鼠标和包包送，小气。,8,8,0.9597107172012329
太horrible了，前台的态度及其恶劣（但门童还是很热情的），给我们留的房间是1404，让她换，说没了，还强调重庆没有这忌讳的。我表态说要站在前台直到他们换房。她见此情景说给一个什么总留了一间房是1408（1404和1408的房型是一样的，没有忌讳为什么不把1404留给那人呢！可气！欺负我们携程的网民咯！），先换给我们。同志们，我和LP是午夜12点到的酒店，拿到房号是 1404 的房间，我看着墙上的那个钟~汗~,9,9,0.9863986968994141
管理混乱，脏、乱、差当地名声不好出租司机找不到此宾馆,9,9,0.9861245155334473
用这还可以，我只是想问问，开机为什么默认是泰文，当时崩溃啊！纯靠蒙，我觉得是翻新机或者返厂机，开机就能用了，以后从京东买东西，真要考虑一下了,1,1,0.6645495891571045
货收到了，到家一看裤子质量很好，物流也很快，而且老公也很喜欢，以后还光顾你家店。,7,7,0.9656050801277161
就是这个样子，不介意的人可以买，味道还是可以，就是不新鲜,3,3,0.9353353977203369
中午刚拿到，现在就用它写评论呢。昨天秒杀价居然比平时还贵十块钱，不是我缺这十块钱，但是这么干也太不地道了！！M3j就像个大号手机，哈哈哈???,1,1,0.605486273765564
一般的，感觉不好哦,7,7,0.4738742411136627
京东就是实惠，对于老粉丝的我来说，京东就是买的放心，送货快，质量有保障。。。大大小小东西都是在这买的，好评好评，放心购买吧。。。头发油，用这款很好,4,4,0.9938260912895203
这家店的客服的服务态度很不错，我问了很多问题，都很耐心的回答了，而且物流的速度也很快很快,7,3,0.2847324311733246
"看到评价及书的介绍，我自已很喜欢。我买了三本，因为书很厚，文字很多。我担心女儿不喜欢，因为她喜欢图画书。我先拿了一本回家，打算睡前给孩子讲，结果上一年级的女儿,自已看到书后，便一发不可收拾。根本不用我讲。一口气看完一本书后.才松了一口气.还问我还有没有买其他几本.为书中最后一头战象而叹息.为被象群踩断脊骨布哈依难过.现在每天睡前都让我再给她讲一遍。直到她睡着为止。",0,0,0.9991188645362854
简直是太坑人了，一点都不值这个价，一点都不新鲜，都坏了，又小，,3,3,0.7958497405052185
从2014年开始我就一直再用沙宣，真心不错，去屑止痒效果真心不错，没有吹嘘，就是这个有点小贵，有时搞活动还是挺贵的，效果是真心不错。还会继续关注沙宣。希望商家生意兴隆。,4,4,0.872281551361084
蒙牛这新包装挺好看的，被它吸引,6,6,0.9729938507080078
送了两个小样 两大瓶 还送了一包两片的尿不湿 第一张图右边开了的那瓶是我在沃尔玛买的 看外观一模一样 应该是正品,4,4,0.9244369268417358
款式颜色很好，穿着舒服合身，做工质量面料很好，价格合理,7,7,0.9934291243553162
"我买了三本书是<求医不如求己>,<别笑我,我是英语单词书>,<沉思录>,当当只给了我两本,那一本怎么不给我了呢?当当网从现在开始我对你已经失望了!!!!我再不买了!!太伤心了!!!",0,0,0.9972694516181946
真垃圾，来了内屏碎的，寄回去换货，检测无法确定是谁责任让我们找厂家付费维修，外观都是好的外屏一点划痕没，怎么判断是不出来是什么问题导致的？,1,1,0.8862060904502869
我上当当的新用户，第一次在当当买书，可是14号都已经发货，到现在都没有收到，实在是大失所望，我不知道该向哪里讨书！！！,0,0,0.9937652349472046
京东自营就是快，上午下单下午到了,4,4,0.7592889666557312
呢套书已经买来两年了，宝宝一看到封面仍旧叫的出咕噜牛，咕噜牛小妞妞，清晰记得内容。还模仿以前我讲故事的口气，用书里的语言说几句，家里只有讲故事的我明白宝宝的话的出处，相视大笑之余，默契之情十分有趣。虽然故事中有语言的恐怖，但画面明朗，就是宝宝的可爱恐惧没有真正吓人的地方，带着调皮的俏皮，憨厚的勇敢。也是我和宝宝挚爱的绘本。任教授的翻译押运上口，尤其《女巫苕帚排排坐》十分好玩，一般女巫的形象被颠覆，这个女巫有蝴蝶结，帽子，有漂亮的魔棒，和朋友小猫青蛙小鸟小狗，生活的真快乐。,0,0,0.9964529275894165
说实话觉得比官房要好，房间不错，卫生间有个玻璃窗，虽说打不开，但感觉很好。,9,9,0.9831978678703308
盖子打不开，不能自动按出来！昏了！专门去屈臣氏问了，怎么开，还是不行。,4,1,0.3979651927947998
苹果涨价了，因为发顺丰，这可以理解，但是每次送来总有几个碰坏的，我辛辛苦苦上传图片，你们按照规则赔偿不就得了？！！个混账商家居然打电话给消费者说“不要再买了！”典型的只想赚钱不想服务，太垃圾了，有碰损的苹果如果在实体店有人会选么？？？把京东的会员当提款机么？？？还自以为很有道理说消费者挑剔？不能忍受的就别来京东卖东西，老老实实摆个摊子就得了，垃圾！最后还是京东给赔付了，真是无语。,3,3,0.4186641275882721
在 x 东 平台购物 秒杀到的商品， x 东拒不发货 ，仅赔偿30%的支付金额， 不接受，结果 超过一年未收到货， 霸王条款在 x 东 平台购物 秒杀到的商品， x 东拒不发货 ，仅赔偿30%的支付金额， 不接受，结果 超过一年未收到货， 霸王条款在 x 东 平台购物 秒杀到的商品， x 东拒不发货 ，仅赔偿30%的支付金额， 不接受，结果 超过一年未收到货， 霸王条款,4,4,0.3815824091434479
做春秋早班机首先,9,2,0.31121543049812317
房间整洁，干净，携程价位不算高。周边环境一流，是个修身养性的好地方。,9,9,0.9886932969093323
无语无语无语无语无语,7,1,0.6037023067474365
弹性很大 随便拉扯都没问题卖家服务态度很好 而且裤子质量真的确实不错,7,7,0.9981337189674377
这条裤子质量非常好，商家物流也很快，客服服务非常的好，下次还会回来买的。五星好评！,7,7,0.9699869155883789
牛仔裤物超所值，十分适合。穿起来挺不错的。物流速度也不错,7,7,0.9490295648574829
总的来说这本书还不错，就是内容好像少了点，看完整本书就一个中心思想，中医方面内容具多，象我们这样没有中医基础的，不会操作也不敢操作；当然，对一些简单的操作可以做，比如现在我每晚都给孩子按脚，刺激眼的位置，主要是俺两口子都是近视，前几天孩子眼皮长了个小白点，就按了两晚上，没有了，也不知是不是按的原因，希望是吧，看看还是有好处的！,0,0,0.9987524747848511
给老公买的，不知道效果怎么样，坚持用吧,4,4,0.9674603939056396
京东快递没得说，就是快，洗发水没有漏瓶的现象，很不错！喜欢京东！,4,4,0.9227120876312256
"房间档次和环境绝对5星. 饭菜质量属于上等. 只是离开市中心较远. 不过酒店有班车. 如能搭上班车, 则十全十美.",9,9,0.9892812967300415
这个苹果这心不好吃，一点也不甜，口感不好，发涩。我特意多吃了几个，确实不好吃。,3,3,0.9981060028076172
真的感觉很不错，版型穿起来很合身,7,7,0.99595707654953
"使用大显 D6100 已有时日，给我的感觉是非常棒，在我使用的机型中，我认为他是最好的。32和弦,TFT的大屏幕,同等价位在市场上很难有性能这么高的机器了。看起来也是很顺眼,机器也是可以通过GPRS下载你想听的和弦和漂亮的画片(必须开通GPRS!上GPRS是每KB=0.03分)对MMS彩信的支持，800组的电话本是大海量的手机，内置20条短信空间。24小时开机，每天10分钟左右通话，短信10个，偶尔玩玩游戏，厚电池待机4天，薄电池待机2天半，虽然TFT屏的耗电量比较大，但6100的电池的待机时间较其它彩屏手机毫不逊色。",2,2,0.9022775292396545
快递挺快的，还不错，裤子质量还行，穿着挺适合的，好评吧,7,7,0.9833498001098633
毛巾等东西太旧了，而且连小方巾也没有，瓶装水也没有，这些小处没看出是个四星，唯一的好处就是离江近。,9,9,0.9906697273254395
书的质量很好。编排也不错，看起来很轻松，但内容有些沉重。一直都比较排斥看清代末期的东西，还有就是二战时期的集中营，“达豪”恐怖的地方。书中的死神不是想象中的那么凶狠残忍，而是很有童趣的在欣赏着莉赛尔。二战的残酷让死神都感觉到身心疲惫了。书中色彩的描述实属经典。每次将书中关于色彩的部分告诉朋友，他们都很惊讶于作者的想法。第一次写评论。因为确实很值得一买的书。,0,0,0.9993066787719727
不知道是因为是翻译的书本还是其他原因感觉整本书老是围绕着相同的话题在重复,0,0,0.9991262555122375
果皮没有打蜡哦很新鲜很好吃，京东送货上门很快的，大夏天热得不想出门这里买太好啦,3,3,0.9792739748954773
真心不要买，这样的商品就是PIAN人的！小的啊，比鸡蛋大不了多少吧，,3,3,0.41707804799079895
"当年明月用通俗幽默的语言,为我们还原了那段历史,那段曾经辉煌,最终却归于沉寂和消亡的历史..爹比我认真,五十岁的他没戴老花眼镜,没日没夜的读着..我很惭愧,因为我用很多的时间上网,搞些没用的东东,虽然自己是爱书的人,可如今却很难拿出时间静下心来对待文字..爹说他年轻的时候,用了好多时间来看书,现在都清楚的记得.是他的财富..年轻的我们要多读书,读好书,当年明月,加油哦~!",0,0,0.9952231049537659
质量差，买平板就是来看视频的，结果咔的不行，视频声音和字幕口型脱轨一大截，稍微远一点，视频直接提示连不上网。联系华为旗舰店在线客服，不知道怎么解决，还说我路由器不好，试问我路由器不好，同样距离我的其他牌子的手机和电脑怎么都上网正常看视频也不卡？？？你是猪脑子吗？ 我才收货不到七天，还说不是质量问题，不让退不让换，非要让到什么监测点检测？ 这家所谓的七天可退15天可换纯碎是挂羊头卖狗肉！ 如果对视频和上网要求不高，商品有问题也不打算退换货的买家可以下手，介意这两点的话，千万不要买，不然花钱惹生气，毕竟是不算便宜的东西。把真实的东西写出来，准备下手的慎拍！！慎拍！！！！！！！！！！！！！！！！！！！！！！！！！！！！,1,1,0.9061261415481567
硬件差：房间设施简单、陈旧，房内有较重的异味，半夜后中央空调“罢工”。服务差：进房发现，床单和被褥就简单地铺在床上，根本没有拉平整。走廊、过道、楼后场地到处是桌椅、杂物乱堆乱放的场景（看得出酒店管理、服务的基本水准）。餐饮差：办理入住手续时，总台推荐在酒店用餐（加之17087105的好评），“果断”决定不另找饭店。在点菜时就感觉不对，点菜员对鱼缸里寥寥三、四种鱼类大多不认识，对菜单上菜的烧法更是一百个“抱歉”。上桌的菜就更糟了（58元一个鱼头沙锅就是半锅汤和一堆鱼头散骨头......）。早餐要另买票不算，质量实在不敢恭维。（17087105：我的好朋友，你的点评对我们入住该地真的很关键，你可把我们“小害”了一次！）卫生差：这是最要命的一点，在离开酒店后的路上，车上的两位女士（妹妹和夫人）均出现了不雅观的动作，一个拼命抓挠手臂，一个拼命抓挠脚背，仔细一看，原来两位白嫩的皮肤上长出了一个个小红点，一开始还以为是蚊子咬的，但马上被稍有医学知识的妹夫否定了，蚊子咬的不会这幺小（是啥生物咬的不言自明）。青山湖真的不是几年前的青山湖了，原来的美景被尘土飞扬、泥浆满地的房产开发工地所取代。看到几年曾经入住，且颇为满意的天乞宾馆，如今大门紧闭，人去楼空，窗门破碎，锈迹斑斑，萧条之景，让人寒心。再回头看看400多块的享受这样的度假酒店，也就不奇怪了。我每次入住一个酒店，都喜欢以褒为主，点评一下。但唯一这次，恕我直言，且毫不偏激地说一句，这样的酒店，有辱携程！补充点评 2007年5月9日 ： 过去5、6天了，妻子脚上的小红点还未消掉，前几天还奇痒无比，可见那些小红点很毒的，住这个酒店后悔死了！,9,9,0.9952034950256348
昨晚下的单今早就收到货了，还没尝。不知道好不好吃,3,3,0.9774852395057678
地址位置挺好，酒店入口不明显比较难找，房间夏天出门取卡就没有空调了，回来之后西晒的温度一下子就感到不舒服。,9,9,0.9846763014793396
虽然内置了MP3播放器，但手机内存只有26MB，也没有像VS7那样支持miniSD卡扩展。而在数据连接方式方面则舍弃了蓝牙功能，仅支持红外和USB数据传输。,2,2,0.9491457343101501
套装有专门的小包装很赞。第一次买清扬，听说控油很不错，特地试试，希望不要失望。,4,4,0.9437850713729858
很一般 空调响的一塌糊涂 走廊的声音 隔壁房间的声音 飞机起落的轰鸣声 机场高速的汽车声音 总之 除了离机场近 其他一无是处~~~~~~~~~~~~~~~~~~~~~~~~,9,9,0.8434505462646484
很好看 哎嘛男票穿着超好看 果然瘦子穿什么都很好看的呢 质量也不赖特地穿了那么久才来评价^_^ 五星好评,7,7,0.9769110083580017
第一次在平台买水果，产品没有想象的好，个小，不算新鲜，哎，还是谨慎购买。,3,3,0.9358047246932983
不好不知道放多久了 柠檬也是烂的,3,3,0.9226521849632263
这款洗发水真的很不好，早上洗过，下午头就痒痒，而且还有头皮屑！烦死了！,4,4,0.9575355648994446
给学生买的挺好的，全家都用华为，支持民族品牌,1,1,0.9584927558898926
10月初回黑龙江的时候住了一晚，我所有的评价都是基于齐齐哈尔本地的情况做的，我觉得没办法和北京、上海等大城市的同级别酒店比较。周边环境还不错，楼下基本随时有出租车等着，附近还有商场和超市。服务很好，主动热情，雨伞忘服务台了，很主动的提醒我。没有骚扰电话。稍微有点噪音，走廊的服务台的电话声偶尔能听到。没带电脑，网络情况不知道。因为火车时间的问题，本来打算延迟一小时退房，服务台主动给延长了2个小时。中央空调也还好，不知道冬天会怎么样，淋浴热水很好。,9,9,0.9841704368591309
大小合适面料很好穿上很舒服 质量也很好,7,7,0.9938356280326843
物品质量，颜色，款式均与描述相符合，非常满意，品质就是力量，下次还选择南极人！,7,7,0.5851131081581116
怎么说呢，东西看电影的效果属实不错，但是玩游戏，坑的一比，虽然价格不贵，但是我想问问，玩个王者荣耀都卡.你对得起这价格么？买这个就是因为玩王者荣耀，现在这样我很无奈啊！感觉自己还算挺支持华为的，手机用的华为，感觉不错，但是这平板，让我无话可说，当初就应该买苹果，评价完毕！,1,1,0.9826033711433411
这样太差劲了，洗了头发两三天后发痒,4,4,0.8213553428649902
总体来说荣昌的服务态度还算可以的，房间也比较干净。但是个人认为南北湖的门票80/人，有点贵，而且也不值。因为去的时候已是晚上十点多了，如果有当地人的带进去的话，门票可以打折。,9,9,0.9390241503715515
太小，口味是酸的，个头还小，比实体店卖的贵多了，不值勿买！,3,3,0.9878986477851868
东西收到了，好用，多次购买了,4,4,0.5064910650253296
服务没有最坏只有更坏.先是早上没热水然后电梯坏了.,9,9,0.9817968606948853
裤子味道这么大。质量这么差。物流这么慢。加绒呢加绒跑哪去了？裤子还短了。气炸,7,7,0.9912191033363342
太老了 房间潮湿 有味道 空调也有味道 总之就是差,9,9,0.9873151779174805
昨日去超市想买奶粉，就看看雀巢啊，伊利啊，蒙牛啊什么的，结果导购不断的说那就是香精调购的，这个也是那个也是，我就问那你说哪个好，她指着一个叫荷兰乳牛的，说是进口的，我一看也不贵，就拿了一盒。今天上网一搜，什么乱七八糟的消息都有，真不知道现在该吃什么喝什么了！,6,6,0.9694953560829163
说实话，衣服太烂了，谁买谁倒霉,7,7,0.964735746383667
套装很划算，日期也非常新鲜，小哥送货到家，态度很好！,4,3,0.5258033871650696
感觉是假的，味道比我之前在超市买的淡多了，颜色也浅些、浓度低些，比较清、泡沫也少、,4,4,0.985317051410675
是假的吧用完好不舒服再也不在京东买了第一次给差评,4,4,0.8506035804748535
这幺小的苹果也好意思拿京东上卖，不怕砸了招牌吗？,3,3,0.8063046336174011
面料太差，一用力坏了。,7,7,0.9574970602989197
火龙果是坏的，全都坏了，这次的购物很不满意，一直很信任京东，但是没想到水果不是新鲜的也就算了，竟然还是坏的，实在是无法忍受，太差了！！！！！！！！！！！！！！！,3,3,0.7829944491386414
苹果烂的不多，但太小了，形似鸭蛋，口感太一般。唯一值得称赞的是京东的送货速度，很快。水果以后还是去超市买吧。,3,3,0.9986276626586914
噪音确实很小几乎听不见。光驱很棒，几年前的花碟都能读出来，赞一个。,8,8,0.8172364234924316
做工不错，就是黑框大些，总体还行。,1,8,0.4994836449623108
1，没有蓝牙。桌面有蓝牙程序，但点击后弹出对话框，说没有蓝牙模块！ 2，XPH没装完，第一次启动还需做一些设置。 3，第一次输无线网络密码时，莫名其妙的重启了一次。 4，屏幕还行，就是太小，眼睛费力。,8,8,0.6007522940635681
31号服务员成心坑人！！我们12点回宾馆准备吃饭后收拾结帐，31号服务员问我们什么时候离开，我们说马上。按照惯例，服务员没有提醒我们超时收费，我们就以为不收费。于是我们不慌不忙地吃饭、收拾……等我们两点结帐的时候，竟然活生生多收半天！！不告知，不提醒，收费也不言语，直接开好发票从押金里头就扣了。这不是成心坑人是什么？？？更可笑的是，我们住的501是个套间，我们刚进去的时候没有找到电视机的遥控器，就电话给前台，前台派一个大妈来给看看。大妈进门溜达了一圈，冒出一句：“好像501就是没有遥控器”。之后，我们在电视机上找到了遥控器。这样的服务员、这样的服务，真是给敦煌摸黑啊！！早餐也特离谱，8点，粥就是凉的……唉，这家宾馆，去不得！！,9,9,0.963936448097229
酒店外观看上去很不错，可是，里面的房间真心不怎么样，电视也太小了，房间有味道，去看了下房间，下来结果不让退房了！还是要付房费的！真的醉了！,9,9,0.992017388343811
质量好像还不错，但是款式，老款,7,7,0.9617197513580322
质量不错 版型不错 穿起来很时尚 哥哥说穿着也很舒服 好评好评好评 重要事情说三遍,7,7,0.9794522523880005
质量很好，洗了两次都没有变形，穿着很舒服,7,7,0.9938151836395264
全都漏出来来咯，搞的什么！,4,4,0.39421898126602173
东西很不错，穿起来很合身舒服,7,7,0.9554603099822998
还没用，但背面贴纸粘着一根长头发是什么情况？,4,4,0.4705415666103363
非常值得住的酒店，房间卫生间的设计比较风格。购物非常方便，酒店对面的翠杏村酒家的广东点心非常好吃。离兰桂坊非常近。房间上网要收费显得有点小气。,9,9,0.9928135275840759
东西是不错 在放也惊喜 就是有点沉 性价比很高,1,1,0.32804667949676514
裤子质量很好 很舒服 样式也好看,7,7,0.9989221096038818
好，很好，一直买这个，一定要削皮吃哟，很脆很甜！！一直买这种吃，优惠实惠！！,3,3,0.9942899942398071
屏幕一流，拍照也强，256MSD卡爽,2,1,0.7508401274681091
很舒服质量不错 值得买 划算的很,7,7,0.8002147674560547
有点卡 爱奇艺看起来太卡了,1,1,0.8935354948043823
我真的建议所有到成都出差的朋友千万不要入住这家酒店，首先这个酒店的位置实在不好，附近基本上没有什么娱乐，而且因为附近的出租车是属于郊区的，管理非常不严格，如果发现不是本地人就会绕很远的路，我为了离客户的近才住的这家酒店，结果10元的路程，出租车竟然给我绕了30元。最重要的是这个酒店的服务很差，行政房没有行政待遇，check out时候竟然把免费的服务都算钱了。而且我是洲际的金卡会员，一向比较重视积分的和住宿天数的累计，因为我是携程定的酒店，这家酒店竟然不给我积分，甚至连一个标准的会员入住天数也没有给我累积。同样的在成都总府路附近的洲际下属的总府皇冠酒店，服务和地理环境非常的好，而且明确告诉我虽然是携成订的，但是优悦会的会员卡照样积分，这里说明一下，因为第一天住的不满意，我第二天就搬到那边了。我真心的建议所有有优悦会会员卡的朋友一定不要住这个酒店，要住就去总府皇冠，而且成都很小，高新开发区离市中心也不是很远，住在总府也方便的。,9,9,0.9771437644958496
一波三折，京东服务挺好。华为质量越来越差，不建议大家买。,1,1,0.7482432723045349
"酒店脚摩很有特色,住客还可以打8折,房间装修尚可,位置稍偏",9,9,0.9890398979187012
给同事买的，很满意，好评好评好评好评,1,4,0.32572585344314575
脆甜，水果相当新鲜，推荐购买，送货快，次日达,3,3,0.9870280027389526
第二次买了，这次一下子买了三个，打六折，超级合适，用着也超级好用,4,4,0.8398428559303284
"大家都说这本书写了很多心理案例,但我觉得什么案例呀，不就是作者编的故事么，而且欠分析。说什么是心理学的辅读读物，我看就是把一些故事串起来，再打乱一下顺序而已。推荐那些喜欢看小说的人看，但真想学到点心理学知识，那就免谈了。",0,0,0.9999432563781738
假货！洗了头痒！一天就油得要死！,4,4,0.9639818668365479
上个月买的，现在浏览器不好使，根本用不了，想查一点东西都查不了，而且电量使用时间跟短，不开心，差评,1,1,0.8189755082130432
618下单的，玩了一个多礼拜了。总体来说这个平板是不错的，比我以前用过的所有安卓类的平板都要好用。硬件配置高，屏幕清晰，系统流畅，续航给力。如果不去玩大型网游的话，这个平板是非常不错的选择。目前为止还没有发现特别不满意的地方，如果有，那就是感觉屏幕看起来很容易碎的样子。建议轻拿轻放，千万不要摔。,1,1,0.6219927072525024
不错，速度很快，朋友说看视频什么的非常赞，这个价位也没什么好嫌的了。,1,1,0.8939098119735718
洗完有头屑还头皮痒,4,4,0.8239476680755615
这本书两次让我差点流泪的情节，均与裕进与印子的感情无关，而是亲情，一次是裕进失足落水醒来，姐姐裕逵流泪，另一次是得悉姐姐怀孕，全家人的高兴。当然裕进与对印子的那番深情，也是写得荡气回肠，再也没有那个夏天，往事岂可重来？当当出了亦舒作品集1-45后，又出了1-80，怎么没有46-80的卖？让我这种买了1-45的，干巴巴的零敲碎打的买后续，一点不人性化。,0,0,0.9992490410804749
垃圾，分辨率特别差，像素也差，另外说好的次日达晚了一天，还用小米的大盒子装个华为的平板是几个意思,1,1,0.9318771362304688
恶评，停车在门口要收费，但入住时竟不提醒,9,9,0.9948142766952515
裤子收到了，质量很好.穿着舒服大小合适，做工精细，不错的一款裤子价钱合理，卖家服务态度好，物流超快，非常愉快的购物.喜欢，以后我会多来看看。,7,7,0.9963305592536926
买回来的裤子里面起毛，差，差，差。,7,7,0.9981316924095154
"正因为有如上那么多的优点,我不顾网上有那么多不好的评价之下,抱着侥幸的心态还是买了这款手机,10月1日买的,10月2日在一次和电脑的连接之后就莫名其妙的死机了,再重新启动后手机从此不发出声音了,打也打不通了,通了之后只有糟杂的声音,哎,还好在7天的退货期内,最后只有无奈的选择了退货!伤心啊!而且退货也是件非常麻烦的事情,郁闷中~~~~~~~~~",2,2,0.9379597902297974
真是‘’便宜莫贪‘’，不听妈妈的话，栽了！苹果比想象中的还要小，最小那个只有80克左右，卖相不好。只有两个是红彤彤的，好像不是同一个品种的。大多不新鲜，好几个都有黑斑点。妈妈削一个吃，说：‘’很脆，但不够甜，有少许酸。‘’啃完了，才发现苹果芯是烂的。以后不会再买了。,3,3,0.993429958820343
朋友介绍的，我也请客户住在那里。感觉是我看到过最注重细节管理的酒店，很多设置都很舒心和用心，比如代客泊车、房间的摆设、门口和电梯口美女应门。房间点餐应该是二楼的驹鲍的菜，味道很不错，而且24小时都可以点，菜品也非常丰富。除了市口偏一点，其他都不错。我朋友入住期间生日，还送了一个不错的蛋糕，可见用心。,9,9,0.9445300102233887
房间小，床小，卫生不好，进去以后，地下有一堆头发,9,9,0.9852412343025208
效果一般般，味道跟商场的不一样，使用后没啥效果，感觉买到假的啦,4,4,0.9907852411270142
不好用，没泡沫，不知道是不是正品,4,4,0.9732591509819031
1 酒店基本需要用品没有，比如要求转换插头、水壶，也一律欠缺！欠缺理由为“由于全家酒店客房已满，所以没有任何多一个后备用品作替换”（这是酒店服务员原话）2 酒店水壶内有残余物，约一元硬币那么厚。酒店服务员竟然说“知道这个情况，但是没有办法”！3 酒店早餐很差，不像3星酒店应有水平，4 冬天的暖气空调是按需提供，不问基本不给；5 暖气跟呼噜一样，整个晚上吵到天明（因为本人天明就马上退房）；6 热水器名不符实，应该叫“水器”，因为基本不热,9,9,0.9890491962432861
1、散热确实是一般，尤其是左上角，用一会就会比较热，当然不至于烫手。 2、电源插口的位置和光驱离的太近了，老阻碍光驱弹出。 3、自带的喇叭比较差，不过笔记本基本都那样了，想追求好的音响效果肯定得外置。,8,8,0.9518231749534607
这个料子，价格有点贵了,7,7,0.7296149134635925
相当棒的一本书，和爱上咖啡一起买的，是近年来少见的踏实有内容的书籍，实在很棒很诚恳，所有内容都言之有物，踏踏实实，多年经验的总结和累积，真真正正是心血之作，不论给的建议还是评论，都厚道诚恳平和淡定，非常好非常好，对作者表示感万分感谢。如果看的很熟悉了，也算大半个行家了美中不足：影印的图片有的有些许重影，影响了一点效果，但是瑕不掩瑜,0,0,0.9357191324234009
一直在京东上买东西！购物体验还是非常不错的！自营的速度也非常快！头天下单的，第二天基本上就能到，方便使用，时效性点赞！！！！！！！质量也非常不错,1,4,0.5572429299354553
《求医不如求己》这套书非常实用，我已推荐给很多朋友，瞧我的订单，有好几个都是购这套书的，都是送给朋友或替朋友买的，朋友说我都成了“大忽悠”了。其实不是我能忽悠，是书确实好，营销学上讲，把好的新产品推销出去，叫营销，把不好的产品推销出去，叫骗销，我是把好的产品介绍给朋友，共同受益，显然不应在骗销之列。,0,0,0.9969304203987122
第一次在网上买水果就中招了，有一个已经烂成不像样了，还不如在水果店买?,3,3,0.9541974067687988
三个火龙果，只剩一个勉强可以吃，另两个直接发霉坏了……能不能这么坑？！！,3,3,0.9442042708396912
"但是没有分区。而且电脑上贴的是VISTA标志，装的是XP系统。从电脑上查，显卡是集成的ATI HD3400,但是问客服，客服只答复“该款电脑是独立显卡”，不知道是什么问题。电源开关处的板有点向上凸。",8,8,0.992174506187439
十一入住了春晖，龙熙和度假村，另外也去了九华山庄。九华不是在携程定的，就不说了。一 春晖在顺义，交通一般。周围环境还算可以，是农田。但内部环境一般，最起码没有想象的好。施工是一部分原因。度假村的整体设计一般，布局不合理。 比如，康体中心设在大门口，而宾馆在最里面。我想这是分期建设的原因，也不好改。,9,9,0.9800942540168762
"我非常不满意新月阁客栈，如果有零分可以选，我宁可一分也不肯给.他们的服务太差了.明明含早餐的,居然早上服务员全然不知道,还是我本人大清早冒雨出去买的。更让人心寒和气愤的是:在中秋节的早晨,服务员在我们毫不知情的情况下,把房间转卖给别人,把我和一对美国夫妇赶走了。我和周围的几家客栈谈起此事,大家都非常震惊,居然有这种人!我强烈建议大家从此以后不要在这里住了。而且价格是附近的客栈的两倍.",9,9,0.9729500412940979
黑色的外观，很漂亮，呵呵，总体来看运行速度还可以，屏幕的色彩挺鲜艳的,8,8,0.6366347670555115
不是电脑高手千万别买，没有windows系统，而且主板和bios有很多限制 导致不能顺利安装windows 我搞了一天 才勉强搞定，要不是曾经搞过一段时间计算机 还真搞不定这个机器。,8,8,0.9847529530525208
好小好小，真的好小，长的还歪七扭八的，只有一两个能达到75MM，很差的一次购物体验！！,3,3,0.6267631649971008
质量很不错，尺码标准穿着也很舒服。款式很漂亮。老板发货挺快的,7,7,0.9841078519821167
外观大方，功能比较多，摄像、录音、mp3/mp4、红外均有效果还可以。,2,2,0.9128804206848145
太失望了，用了以后头皮痒，没有想象的好,4,4,0.9527539610862732
这条裤子男朋友很喜欢的说，玩也觉得特别好哦！不亏是京东，实物好，没商量，店铺已收藏哦！下次还会来的哦！,7,7,0.9286634922027588
还好吧，像素低，屏幕滑动看起来眼花,1,1,0.7987349629402161
散热设计一般，左下部发热量较大。屏幕一般，看久了有想吐的感觉。触控板的灵敏度比较差,8,8,0.4909811317920685
今天才拿到，试了下机。屏幕大效果好，玩游戏、看HD都不错，毕竟显卡还是比较强劲的。 散热也不错，风扇比较安静。,8,8,0.8831313848495483
"外观比较满意，显卡很好，总体性能还可以,冲着NBA版买的 不足： 散热时间长了不知道怎么样，还没有长时间用。附带光盘没有XP驱动，要自己下载比较麻烦 总结： 第一次在京东买笔记本，购物还是比较愉快的。如果送的联想运动背包也是NBA纪念版就完美了",8,8,0.9927759170532227
这种酒店如果也算3星级酒店的话，我真的无话可说了。从入住开始就不舒服：因为没定到4星级的酒店，所以携程建议住这里，说是3星的，还可以。晚上12点多到的，check in时，服务员登记完也不问你刷卡还是付现金，直接告诉你，交500压金，我说我就200元现金，刷卡行不？check in完了，就看不到服务员了，自己找电梯。电梯是迷你型的，瞠死能站4个人就不能动弹了。房间一股难闻的怪味，闻着就反胃。桌子上不知道多久没擦过，用手摸了一下，漆黑的，那卫生纸擦了好几遍，凑合着先上网吧邮件发了。卫生间的门是破的，门框上全是大破洞，像是炮弹炸过的，房间没有暖气，半夜被冻醒了，找不到被子可以加的，只好把衣服压在身上，这才感觉身上不冷了。早餐加上小菜一起，不超过10样，不知道吃什么，没有水果，吃了碗稀饭就算了。check out时，服务员打电话到楼层让查房，1分钟后，服务员气凶凶的跟我说，你有没有拿黄页，要赔偿的。晕！！！什么黄页呀。问了半天，说是一本放在抽屉里的什么书不见了。靠，那么脏的桌子，抽屉我连碰都没碰，卫生间我连毛巾都没敢用，拿你什么破书干什么。你放没有放，或者是你放在别的地方了，自己找去。MD，什么破地方呀。折腾半天，还不让我走。最后我也不知道他们是找到了还是没找到，或者是他们发现自己根本就没放什么黄页，没有任何人向我解释，也没有人给我道歉，可是总算是可以让我走了，还不主动给我发票。要求打印后，给我出了份收据。好在4星级的景德镇大酒店的房间已经出来了，可以住进去了。赶紧离开这个是非之地吧。后来想想，前台打电话上去，然后1分钟左右楼上就打电话下来说不见了书，这么快的速度，好像早就知道少了什么似的，让人不能不怀疑其目的性了。,9,9,0.9910668730735779
"首先受到携程的误导,以为是四星级的酒店,没想到是四星级里面的无星级(或被他们自称的2星级)的客房,如果提前标明肯定不会预定这个房间.住进去之后发现先是枕套是发霉的,投诉后,服务员说不是发霉,只是没洗干净!!!!!!岂有此理!不过还是给换了.接着是毛巾叠起来在里面的一面居然有大块的黄斑?!恶心!第二天早上居然要收?",9,9,0.959417462348938
外观非常漂亮，虽然是T的，没觉得比P的CPU慢。散热觉得还是不错的。 配的遥控器很好玩，薄薄的，看电影时很方便操控。,8,8,0.881081223487854
我发现你们是尽整老顾客了。呵呵…,3,6,0.24601474404335022
很好，新鲜物流也快！当天下单当天就收货！,3,4,0.32682347297668457
不错，一直买这款洗，618买的更加划算了,4,4,0.9166538119316101
苹果比较脆甜，口感不错，送货速度和态度都很好,3,3,0.9841833710670471
可以看到乌山和于山，风景不错，环境不错，服务也还可以。,9,9,0.9675094485282898
牛仔面料弹性很好，款式也好看，手感很好，穿上很舒服，腰围合适，质量很好，店家服务很好，下次还来。,7,7,0.9990615248680115
差的很，建议推出携程网推荐用户。强烈建议！！！！！！！！！！！！！！！,9,1,0.4522746205329895
重要的事情说三遍：日期新鲜！物流快捷！！价格巨划算！！！必须必赞 赞 赞！！！日期新鲜！物流快捷！！价格巨划算！！！必须必赞 赞 赞！！！日期新鲜！物流快捷！！价格巨划算！！！必须必赞 赞 赞！！！,4,4,0.6103909611701965
收到很好一直在吃，过年的时候买过吃了蛮甜的挺好的吃完了在买,3,3,0.9042506217956543
裤子的质量很好的，摸着很舒服，良心卖家，很不错的裤子，建议大家购买,7,7,0.9947836995124817
超级不好 超级小 又差不多要烂了 谁买谁后悔,3,1,0.3515288829803467
裤子穿着很好，感觉也很质量不错，非常好，买得值。,7,7,0.985180139541626
同事买了75的和80的，对比如图，还是比较满意的，基本上没有什么磕碰伤，只有一个出现了，有一点磕碰，比较新鲜,3,3,0.3816576898097992
华为2017新出的M3平板电脑，618购物搞促销领券便宜几百块钱呢，还送了一年乐视会员卡价值198元，运行内存4g玩大游戏也不卡，屏幕2k分辨率比苹果还高，8.4寸拿着刚好电池也耐用，看电视剧很不错的支持国产机,1,1,0.6773337721824646
帮朋友买的，觉得还不错！性价比高样子也算漂亮，基本性能只要不玩大游戏全能应付。,8,1,0.47049596905708313
收到书后我就仔细的读了一遍，感觉是一本好书，受到很多启发。,0,0,0.9995245933532715
火龙果不新鲜，上次买过一次挺好，这次就图这个样子,3,3,0.99004727602005
总是买这种苹果，家人喜欢吃，甜脆。发货很快,3,3,0.9854685664176941
京东客服很垃圾，购买商品注意,4,4,0.616823673248291
大爱蒙牛酸酸乳！！！！特别喜欢原味儿的！每次喝了它我都觉得世界真美好！！以前是飞轮海代言的，我还能看到亚纶，结果现在变成了韩庚，郁闷！,6,6,0.9860994219779968
收到，很好，有充电器，外观很好，就是没有试机，试了机在开追加,1,1,0.7468491196632385
如家店的地址都是很偏僻的，不在主干道上，我要求携程帮我订一间楼层稍高的房间，为了安静一点，结果入住是给我一间1楼，真的很高！！！房间的电视机根本没法看，反正这次的预定是非常不让人满意的！！！！,9,9,0.9942434430122375
不错，很喜欢，一直用清扬的，下次还买,4,4,0.852432131767273
看电视很流畅,1,1,0.9595021605491638
这个页面上显示的促销信息：“购本品类300元以上，订单签收后24小时内返60元平板保护类配件满减券”，其实送的是一张满50减20，和一张满99减40的优惠券。并且我在能够使用这两张优惠券的商品里找不到适用于这款M2平板的配件。并且根本不需要购买任何东西就可以在页面上随意领取优惠券。问京东客服这两张优惠券怎么用，客服也不正面回答。京东有忽悠消费者的嫌疑。,1,1,0.6170494556427002
物超所值，值得购买！想买的可以放心入手！推荐大家购买！绝对比超市划算！此外，发货速度快！今天上午拍的，下午就收到了！赞,4,7,0.3624594211578369
不用华为应用市场下载的软件都安装不了，恶心真恶心，我花钱买的东西我还做不了主，,1,1,0.8878139853477478
"房间的装修还可以,早餐一般.位置离火车站也就一个出租车起步价.大堂看着很气派.",9,9,0.986465334892273
套装版送人更合适，包装挺好的，还没用，不知道怎么样，还有小瓶的，出门比较方便。,4,4,0.9139191508293152
手机电池不知道是不是5000毫安的，一天都没电了，手机还老是卡，老是死机，怀疑是不是正品,1,1,0.9164267778396606
东西不错，价格便宜，买东西就上京东。,4,4,0.5213445425033569
穿着大小刚好，买了两条，颜色也挺好看的，老公很喜欢，面料也挺好的，这个价钱真的很值,7,7,0.992882490158081
一直比较信赖京东自营店，物流很乖，质量过关。,4,4,0.5767396688461304
机器的配置没得说，就是反应比较慢一点。钢琴烤漆有点爱沾灰尘。,8,8,0.8633944988250732
我女儿很喜欢.画面漂亮、有趣，内容也很精彩。连我都很喜欢。值得一读。,0,0,0.9992509484291077
相素特别差，触摸不太灵，,1,2,0.7894366979598999
不知是否是真货，但感觉气味和商场里面的都不一样。,4,4,0.8695157766342163
不错的酒店，房间干净，安静（15楼）。客户请客就在酒店的包房吃的，味道很好。中式早餐略有不足，没什么可选，味道还可以。,9,9,0.9875323176383972
不得不说 水果质量真是一次比一次差，京东的东西也就一般，主要是速度快，但从物流到无人车，全都山寨*，真的有点东施效颦了。,3,3,0.9224048256874084
老牌子，性价比还可以 虽然中关村有号称更优惠的价格，最终还是选择了京东,8,4,0.4626270830631256
里面写的内容一点也不实用，对如何引导孩子朗读一点帮助也没有。,0,0,0.9997219443321228
东西是四号买的，到二十四号自动签收了，期间我曾多次查看并询问客服物流信息，都没有一个有用的答复。因为物流一直显示通知快递员揽件，揽了二十天。。。直到二十四号签收，客服还让我等一下！！！,7,4,0.25656887888908386
京东自营店信誉值得信赖，送货师傅服务没的说，满分好评，以后会继续购买。,1,4,0.5569063425064087
果子比较小，一般般啦，希望口味好一点。好评吧！！,3,3,0.9971873164176941
发货很快，刚收到，用起来还可以,1,1,0.47323644161224365
物流超慢，而且颜色拿错（黑色变成蓝色），质量看起来一般！失望,7,7,0.7683179378509521
首先这套书是大开本，纸张和印刷都很好。我家宝贝3岁，很喜欢暖暖心绘本这套书。在这一辑里她最喜欢的是《亨利爷爷找幸运》《和《是谁在门外》这两本，特别是《亨利爷爷找幸运》，每天晚上的读书时间，她总会把它找出来，然后靠在我身边津津有味的听我给她讲，也许是因为书中的语言很温馨，很优美吧。她还很关心第三辑什么时候会出版呢。,0,0,0.9995120763778687
1、屏幕不错，没有坏点和亮点。 2、这个价格的配置较高，一般用用毫无问题。 3、如果没有记错的话，是二年质保吧，这种价格多了一年质保，划算！ 4、居然是全尺寸的键盘，有些惊喜。不过由于多出了数字键区，键盘布局就拥挤了。,8,8,0.9230920076370239
不错，到手看了没有问题，玩荣耀也不卡（这和网速快也是有关系的），就是8.4寸屏对我来说有点大了，看电视是不错的。,1,1,0.8979613184928894
裤子质量特别好，料子很软，而且没有什么线头之类，看得出做工精致，物流特别快，正适合最近的天气，值得购买哦。会再来的，祝卖家生意兴隆,7,7,0.9562828540802002
老婆说好香，用着还挺好，就是没找到限用日期在哪里，有知道的吗，两大两小，还有个赠品小瓶的总共五瓶都是同一种，弄成不同种类的该多好呀,4,4,0.773043155670166
酒店环境很好，我订的是标间三个人住，床很大，拼起来可以睡四个人。离市中心也比较近，就是北方好像是空调是全市统一开的，我去住的时候没空调，会比较闷一点。夏天去应该会很好。住得也比较舒服！,9,9,0.9817295670509338
预订5天，住了2天。这家店的房间跟图片有差距（图片可能是其他连锁店的），装修较老，有点潮气。像老式招待所。房间、卫生间还算宽敞。衣架只有2个不方便。房内没有吹风机，服务员不给送，一定要本人到总台付押金租，非常不方便。无线宽带上网方便，电视收看不卡，酒店地段出行方便，这个还满意。综合来说，同地段酒店性价比不推荐这家。,9,9,0.9920124411582947
裤子不是一般的难看 真的一星都不想给 50块钱的裤子都比这条裤子好,7,7,0.9966573715209961
洗的满头头屑。老公那瓶男士的也是。,4,4,0.9766460061073303
手机屏幕大，玩游戏超好。物流超快。,1,1,0.8892227411270142
京东快递 真心快 收到机器比想象中的好吧 毕竟只是千元机 除了分辨率差点 运行速度一般 其它都还好吧,1,1,0.666098415851593
不知道超市价格是多少，觉得需要就囤了些货，物流赞一个。,4,4,0.4918102025985718
尺码合适，修身款，质量不错，价格更是比外面的价格实惠多了,7,7,0.9945002794265747
可以的，味道不错，可惜马上就有更优惠的活动,3,4,0.5815526247024536
我投给了&quot;王小山抵制后不喝蒙牛&quot; 这个选项。,6,6,0.9460299015045166
差差差！！！！,7,7,0.3831416666507721
XP系统环境下自带的驱动软件盘不能自动运行，需要进盘里逐一安装，有些软件装了不知道用途。 颜色似乎感觉不够亮丽（不过也可能是我设置的问题）。光驱声音有点大。,8,8,0.9840903878211975
"标称75mm，实际最多50mm,还是到水果店去买吧，上当",3,3,0.6843888163566589
到了，第五次买了买给哥哥的，大小刚刚合穿，下次还会来哦,7,7,0.9689525365829468
结识小巫，从《给孩子自由》开始，一下子便迷上了她，见到她的新书，自是毫不犹豫地买了。也许看她的东西太多了，这本书没带给我像以往那么大的触动。但仍然一致的是，小巫还是小巫，还是那么聪明、坚定。从第一次接受小巫开始，从此一发不可收拾，一直在努力作和她一样的母亲，但个中辛苦，只有自己知道，时不时地买本她的书，寻求一份理解和安慰。望子成龙的父母，第一本该看的，大概就是小巫的书吧！,0,0,0.9973926544189453
正所谓一分钱一分货，这个价格也就这样了，便宜没好货，屏幕分辨率差，反应速度慢，看个视频还老是卡顿，游戏根本就玩不了，糟糕的一次购物，也算是花钱买教训吧,1,1,0.7999823093414307
次日达果然很快 给老婆买的 还没用呢 只是拆开 看了下 闻了闻挺香的,4,4,0.8750620484352112
个头大小适合我(*?-?*)早上吃苹果是“金”，还不用担心苹果个头太大吃不了。京东自营的送货就是快，让几点到就几点到，还直接送到手上、又优惠???以后就在他家买水果啦……超级脆甜多汁,3,3,0.9941838383674622
原来刚刚接触杜拉拉的时候，不知道人力资源是个什么东西，现在我以及决定考人力资源专业的研究生了，当然不只是因为杜拉拉，而是我发现了我对人力资源的浓烈兴趣。2也是一样的好，像1一样。讲述了职场的喜怒哀乐，或者身不由己，虽然我现在还没有步入社会。但是已是完全的社会人。世俗的想法，圆滑的做人技巧。还有身边的人的影子，都能在杜拉拉里面找到一个类似的人,0,0,0.9870455265045166
"押金和结账都不能刷卡，要交现金；双人房的两张床都是靠墙的，房间很小，设施很陈旧，简直就是一间招待所,以后都不会住这里了.",9,9,0.9924401044845581
这个酒店不太好找，因为不太有名。它的位置其实是在皇家酒店对面的左家庄东街上。 因为它离国展很近才选择了它。,9,9,0.9562849402427673
第一次尝试在网上购买水果，自营速度确实快啊，品质虽然没达到100%满意，但比超市还是要强出很多啊，价格也比超市便宜。,3,3,0.8893264532089233
发货快，看着不错，挺小巧的，自家吃的，太小不适合送礼,3,3,0.8026763200759888
买了这套书，里面的画面是黑白的，而且还有点点浅，不过画面的线条比较美。我是带儿子度假的时候把这本书带上的，在美丽琼海边上两棵大柳树下的秋千上一起读这本书的，我和儿子一起给书里的男孩、狗、青蛙取了好听的名字，然后美美的看着画面想象着开心的讲完书里的故事。儿子开心极了，因为故事是我们自己编的，我们都喜欢。不错的一套书，能给你无限的想象，也能给你无限的乐趣。,0,0,0.9943737983703613
以前一直买小样，舍不得买大瓶的，但是确实很好用啊，还是买了。。,4,4,0.9708379507064819
质量各方面都挺不错的 给个五分好评,7,7,0.48092570900917053
相信昭阳的品质比那些L3000、TP的sl系列要好些，这个价格也不错，而且我一下单出货这个电脑就变成预定了，好险 送货很快，昨天下午下单，今天早上就到了,8,8,0.6760312914848328
借这里反应个问题，我上周五6月23日从京东三星手机官方旗舰店下单订购了一台S8+蓝色手机，全款在线支付后，提示需要采购，预计有货日期一直在变，从26日-28日-30日，不知道这是什么套路，诚信何在，那么大的一个电商平台，说货源紧张可以理解，但给个准确日期那么难吗？今天变明天的有意思吗？这点做的真不如线下好，京东给我感觉不如刚开始时那么好了，以前重诚信，送货速度快，客户服务体验好，现在感受不到了。跟其他电商平台相比京东的优势已经越来越弱了。,1,1,0.46235746145248413
买过几次苹果了，但苹果越来越小，质量也没以前好!,3,3,0.949974775314331
今天终于装好了用了一下还可以加热挺快的这个价位不错了,5,5,0.6798723340034485
有没有超级喜欢这种稠稠酸奶的呢，我是疯狂的迷恋，味蕾能够得到特别的满足，喝了那么多种类的，还是比较中意蒙牛黄桃味的冠益乳，还有黄桃粒，不够喝呀不够喝，爱死了爱死了呢。,6,6,0.9884021878242493
很差很差，衣服和图片上的差很远,7,7,0.994830310344696
1、价格昂贵，几乎可买同款水货两台，但商务本要的是保障和服务，认了 2、透过软件检测到屏幕的生产日期竟是是 2007.01（同时买的 HT1 则是今年 4 月），且在白背景下屏幕下方偏黄可见，无语,8,8,0.6067845821380615
质量太差劲…吸毛吸的厉害,7,7,0.45465368032455444
质量不是一般，穿一次就像旧的一样，用手摩擦就起毛了，不值,7,7,0.9930411577224731
使用N73一个多月了，谈谈感受。我的N73是新加坡版的，记得买机那天，早就联系好的卖家先给我一个欧版的，被我坚决推掉，后来到天快黑了他才打电话给我说找到一个亚太版的，呵呵，看来亚太版的比较难找啊。记得第二天我又陪我一个朋友去那家买n72，仍然是只有欧版，无亚太版，n72最终也泡汤了。所以提醒所有准备入手亚太版的老大得多点耐心。1、外观：首先需要澄清的是，N73的气质还是继承了N70的大气和力量感，我用的前面银色后面黑紫色，不知道白色的给人感觉如何。从发布到现在一直都有人在议论N73怎么像索爱的风格，如果只看图片的确如此，但是你手上拿着真机也许就不那么说了。背面磨沙处理的材质容易沾上指纹，因为难保手上总有点汗啊什么的，背面得软磨沙质地也比较容易有小的划痕，正面按键银色部分也容易有指纹，只有数字键好一些，当然这些都不是重点。2、屏幕铃声：屏幕绝对一流，直板机少有的2.4寸大屏幕，表现力强悍就不提了。铃声就众说纷纭了，我觉得还是很不错了，跟具体使用格式和音乐质量有关系，声音大是肯定的。3D铃声试了两下没搞出什么明堂，用MP3剪切软件搞了几个喜欢的歌的音乐部分做铃声，超酷（自我感觉）。对于壁纸不能全屏我觉得还是有道理的，因为屏幕的最上面部分试显示电量、信号、时间等等的，如果壁纸延伸到这个区域恐怕也会被这些东西遮住影响整体感，同时如果偏好全屏也可以自己做主题。随便搞比例为正方形的图片，分辨率不限制，就可以将图片部分全屏为壁纸了。3、MP3效果及拍照效果：个人感觉MP3效果中规中矩，效果也不能算差，但是也无出彩之处，搞了个耳机转接头插上我的森海塞尔MX400（这个耳机并不是很好）感觉效果还不如原装的耳机好，所以如果想换耳机来提高音质，则耳机得慎重考虑了。拍照效果就不多说了，白天不错，晚间很差，和网上得一些评测很吻合。,2,2,0.9527624845504761
酒店是比较老的四星，设施都比较陈旧，房间也很小，健康秤还是坏的，总体感觉一般，但价格还是按照新四星来的，所以感觉不是很值。,9,9,0.9882035851478577
网上购物不可靠啊 。,7,7,0.30805161595344543
不说，买了很多次了，整个办公室大家都在吃这个苹果个头挺小的，但是味道还不错，没事吃个一个，两个的都挺好的，推荐大家购买。,3,3,0.9775050282478333
苹果不甜，家里人说难吃。拿到的和图上完全不一样。一看就是打农药不正常的颜色，我说退回去，老婆说包装拆过了，我说那就扔了吧。虽然事实还没扔，但真的难吃。,3,3,0.9930908679962158
买早了，早知道等几天又能便宜10元，京东价格变幻莫测，多观察少出手,4,4,0.4248814582824707
环境还算可以，可能是当地饮食文化跟东莞有不同的原固，中餐分为二层，一层饮茶，一层食饭，本人想食饭的，但去错饮茶楼层，而且开了茶位，（每一种茶收十元）后来转去食饭楼层时也要把那饮茶楼层的茶位费一起结算，但我在食饭时也开了茶位啊？他们说是分开核算的，这就等于我重复交茶位费了，真气人！,9,9,0.9813389778137207
很臭的一家酒店哦，真是不好，好远,9,9,0.9180972576141357
老酒店，地毯脏，上网在走廊里,9,9,0.9685600996017456
果然又是一篇说教的滥文章！果然又是一篇说教的滥文章！果然又是一篇说教的滥文章！果然又是一篇说教的滥文章！果然又是一篇说教的滥文章！果然又是一篇说教的滥文章！果然又是一篇说教的滥文章！,0,0,0.6330242156982422
只能说是垃圾书，韩国人都是SB，这种书也敢拿出来卖,0,0,0.9708617925643921
是在外面卖不出去了的存货吗？呵呵。,3,3,0.5174627900123596
如果只是赶飞机的话还可以，就是住一下而已，别考虑吃的东西，建议还是坐免费班车去机场候机楼吃吧，免费班车是酒店的唯一亮点。,9,9,0.9738205671310425
说真的，这本书很水。作者自恋的篇幅大于干货。,0,0,0.9946204423904419
基本都干了，不能买，这是在京东上最差的一次购物经历,3,3,0.40076860785484314
"功能不行,容易死机.售后无保障",2,2,0.5359463095664978
假的，完全没有香味，之前日本买过真品,4,4,0.9795296788215637
选购，下订单一切正常，可就是收不到书，打电话才知道已经缺货，且近期不可能有货。,0,0,0.9465606808662415
宝贝昨晚收到了，不知道好不好用，快递很快哦！价格便宜，值得信赖,4,4,0.6524710059165955
"房间很差, 感觉像有鬼一样, 服务也很差, 水要自己要才给, 总之这个酒店绝对不推荐!",9,9,0.9923160076141357
环境很不错，。。淡季携程的价格也蛮有诱惑力的过程中遇到了一些问题，。。不过携程还是有一点影响力的，。。在反复督促下，还是比较圆满的解决了。。。表扬一下五星级确实不错，温泉值得一泡。置身于森林中，。。面向翠湖，。。细雨纷纷，。。和热腾腾的汤池。。。十分享受。。。由于是内陆城市，。。消费水准还是低于沿海城市的酒店的服务意识不错，。。性价比很高。。,9,9,0.9688987135887146
酒店班车服务不错，但是前台服务人员的服务态度太差了。而且退房的时候手机充电器忘在房间，查房的时候没有查出来，打电话再确认也说没有。,9,9,0.9895880222320557
华为的售后服务非常差，荣耀6保修期因为拆了下机，没有人为损坏，结果检查主板有问题说要*，新机才*，建议大家以后都别买华为的手机，很后悔前期买了好几台，以后坚决不再买华为手机。,1,1,0.8569470047950745
不甜不说，冰箱里放了几天居然发霉,3,3,0.6960926651954651
宝贝收到了，给男朋友买的，穿起来还不错。大小刚合适裤子是有弹性的，面料很舒服，可以放心购买偶。,7,7,0.9963377714157104
本来打算退的，我老公说算了，但刚买的就有破烂心里还是很不舒服！大家都考虑再买,7,3,0.3426096737384796
垃圾，质量太差，面料也差，最多*,7,7,0.983795166015625
在看书的时候，发现了。很这本根本就没有网站介绍的那样的精彩，而且内容都不搞笑，只是提别人的生病。没有什么很滑稽的。。。。。真郁闷！,0,0,0.9950563907623291
发短信记载和通电话记载还是廷好的。,2,2,0.6287301182746887
好吃，下次就买宏辉果蔬的了，80mm的比70mm的好些，甜，一分钱一分货！日期新鲜,3,3,0.9842288494110107
，    黑号系统，用户是分等级的，低利润用户就抽不到券，还不承认，所有活动都会设置可以参加的用户 自营很棒，第三方赶紧睡吧。进口牙膏口感不错，包装简约，价格实惠，卫生巾吸收很彻底，丝袜摸起来很顺滑，果汁味道很纯正，全球购不能开发票！第三方不能买运费险！,4,4,0.8652547001838684
早就想买M3了，犹豫再三还是在华为旗舰店买了，就是图个放心是正品，正好今天便宜了100多块，咨询很多问题客服花雪都热情的回复，态度很好，很细心，下午2点过定的晚上就到了，物流很快，辛苦快递哥了，平板还没有用，不过支持国货，支持华为，相信比较满意。,1,1,0.7953003644943237
快递速度太慢，服务态度差,7,7,0.4787159860134125
差，房间怎么样我不清楚。是给客人订的，一月份的天气，听客人说居然没有暖气供应。好像是说入住的人少了， 暖气给关掉了，怎么有这样的宾馆。,9,9,0.9917792677879333
苹果好小，不是80级别的，不知是不是发错了。,3,1,0.3897954821586609
三瓶大的，五瓶小的一共85，还送了一瓶大的，特别实惠，快递也很快，一直用的这个牌子昨天到货，今天用了，和超市买的一样?,4,4,0.9588765501976013
"摄像头不够鲜艳,不知道是自己不会还是电脑问题,颜色调不了,能调的告诉我下",8,8,0.4270165264606476
个头很小，新鲜度比较低，不划算。去超市买的有大有好。,3,3,0.9959678649902344
一边吃着甜橙子和蒙牛冰淇凌，一边看CBA，真的是很幸福的事。,6,6,0.9398081302642822
裤子还可以，只是前几天为了用店铺优惠券一下买了三条裤子，算下来还比今天的活动贵，不开心,7,7,0.9516394138336182
不支持自动开关机,2,2,0.8623794317245483
清扬这款非常适合男性夏天使用，清爽舒适。,4,4,0.9230028390884399
火龙果味道太熟啦，甜味都没有了，这次的购物很失望,3,3,0.9770807027816772
蒙牛个傻逼 没文化真可怕,6,6,0.9387118816375732
很不满意，好小一个，还有点酸，真不划算，水果还是别在网上买了。,3,3,0.996659517288208
1、手机操作反映偏慢，短信还是那么几条，空间还是那么大，为什么就这么慢呢？2、在进行短信操作的时候特容易黑机，可能会出现自动黑屏关机，让你不知不觉的现象，给你带来一定的麻烦，不得不重新启动。3、不能下载铃声和待机图片，内置铃声只有25首，也不好听，这么好的屏幕（65KTFT），配置40和弦，太可惜了。4、键盘不好用，弹性一般，如果你的手不是很纤细就比较难快速操作。5、不支持红外、蓝牙等功能扩展3技术，功能很少。6、售后服务跟不上，没有技术开发升级支持，比不上波导、TCL、康佳，甚至比不上东信。,2,2,0.9605807065963745
不错，用着挺好，运行挺快的，不错不错。快递小哥态度很好，很满意！,1,4,0.2675930857658386
打开，削2个，2个的心都是坏的。,3,3,0.9703417420387268
可以这样评价是我们住过的最差的酒店，简陋的大堂，肮脏的房间，可怕的卫生间，绝对是一场恶梦！！,9,9,0.9967104196548462
收到宝贝非常满意，裤子穿着很合适很舒服，实物与图片相符，没有色差，店家服务态度非常好，物流也超级给力哦！五星好评，下次还来！,7,7,0.9505500793457031
还不错，看起来挺好的，应该不错吧,7,1,0.37640881538391113
那号买的太大了 不能穿,7,7,0.9851618409156799
等了很久搞活动就买了很划算。一直用沙宣很好值得拥有,4,4,0.8859933614730835
性价比还可以，大堂装修富丽堂皇，房间比较豪华，配套完善！,9,9,0.9926506876945496
一直在用沙宣，看到价位便宜的就囤货喽,4,4,0.7603298425674438
虽然说是四星的，实际上比某些号称五星的强很多，占地面积非常大，分三个大区，酒店整体上也算豪华，设施什么的都很好，靠海边就是舒服，视野好，价格上没什么优势，不便宜也不算太贵，餐厅的自助餐还不错，算便宜的。,9,9,0.9854694604873657
酒店设施一流，房间设施一流，前台及销售人员服务非常令人满意，我因为是陪同客人去旅游，旅游路线不了解，询问了酒店总台，总台马上安排酒店销售人员热情为我一一解答，销售人员还提出如有需要可以陪同我们一起前往旅游景点，让人有宾至如归的感觉真的非常不错，但美中不足的是酒店的早餐，我一共入住酒店2次，每次早上我大约都在9点去餐厅用早餐（9：30结束），但是每次都是没有什么可以吃的了，每次都有很多客人都在向服务员抱怨，而服务员也没有作出进一步的反应，我觉得这与五星级的酒店不太相忖，希望酒店能予以改进。,9,9,0.9934520721435547
我们都是从小被蒙牛践踏过苦逼长大的孩子。。,6,6,0.7755534052848816
平板很好，屏幕很大，也清晰。看电视眼睛一点都不累！,1,1,0.9543253779411316
这个时候的火龙果已经不行了，打开包装已经烂了！,3,3,0.9869943261146545
一点都不好用，感觉自己被坑了一样。,1,1,0.6239703893661499
比较看好法国红酒进口原版小牛皮搭配的,1,6,0.7438927292823792
这是300克到350克的火龙果吗？小的跟什么一样，这次购物很上火啊！,3,3,0.9778242707252502
很差，香味跟海飞丝是一样的，感觉买到假货,4,4,0.9671329855918884
我连都一都没见着，大写的差评,7,7,0.47192108631134033
可以对图片（相片）进行编辑，很有趣！（我编辑起来很恶搞的！！！）摄像效果很不错！（注意：是摄像）,2,2,0.8371209502220154
不错的一次购物！比较不错,1,1,0.40910181403160095
"（1）时尚的外形选择D163,最重要的原因就是他的时尚外形，超薄的机型。特别是后面，设计的很成功，很漂亮！~但是不得不说，他的前面设计的一般，我觉得不是很漂亮。现在很多手机使用导航键，其实最易损坏，163的导航键还是比较合理。总体感受：后面设计十分漂亮，前面感觉马马虎虎，总体上85分吧！（2）性能稳定使用4天来，没有出现过手机死机的情况，观看视频，听音乐卡的操作和手机操作都很流畅，没有出现异常的问题！（3）电池也不错原厂700毫安时的锂电第一次充电后使用了3天，这么薄的电池使用3天我还是比较满意的！（4）性价比不错很高兴看到国产手机一天一天的变好，在此之前国外的大品牌手机我基本上都用过，现在使用的163是我的第一部国货手机，使用4天来感觉不错！另外觉得这个机器性价比目前看还算不错！",2,2,0.8069797158241272
质量不错！和图片一样，重要的是没有味道，这个是我最满意的,7,7,0.6523611545562744
硬件够用，显卡测了一下，3dmark06在2100左右，还可以，一般够用了，速度还不错,8,8,0.8685833811759949
都漏了！不好经常在京东买东西第一次碰见这样的，配送是挺快但光快有啥用，质量不行啊,4,3,0.36285799741744995
蒙牛那个纯冰是我所有所有里头最爱吃的！！！,6,6,0.9904389381408691
老公很喜欢，也很合身，质量很不错，做工很精致。,7,7,0.9946824908256531
非常非常之好，非常感谢京东，,4,1,0.4103096127510071
可以的，相信京东，相信华为，下次继续,1,1,0.4986341595649719
"没有想到开封这个地方.居然有服务这样好的宾馆。酒店人员的培训是很到位了。服务和我经历过的一些五星级酒店差不多了。果然是市委招待所的班子.缺点就是我们住的哪个房间,设施有点陈旧.交通很便利.从酒店步行5分钟就到了最繁华的开封的小吃一条街.",9,9,0.9748177528381348
一百五十多一件的牛仔裤竟然严重脱色！好得打开后先试了下水，不然放洗衣机里就整桶衣服染色了，应该是假货,7,7,0.8830702304840088
套装还是蛮实惠的，每次换洗发水都在尝试不同的品牌，沙宣第一次尝试，同事都说不错，期待我的长头发可以适应。味道淡淡的清香，还不错，物流超乎想象的快，很好，赞?,4,4,0.8545649647712708
这是我这三年来在京东上第一次买到质量如此差，差到极度的裤子，如果是买回来穿了十几天再破 我都无所谓了，可你这才穿一天就这样了，让人难以接受无法容忍。我想问厂家一句：你们的良心何在？难道就是这样欺骗我们老百姓吗？如果说你裤子质量好点，价格再高点我都可以接受。希望各位朋友多看看评论其实有很多好评都是假的,7,7,0.7532778382301331
居然有坏的，而且个头小，还没有水分，太失望了,3,3,0.888816773891449
"物流很给力，穿着很舒服，也很好看。布料也相当不错，特别是客服,热情好客，服务态度一流",7,7,0.9914500117301941
物流欺诈，大家当心，京东的网站自营的物流部分所谓当天23点下单第二天到是有做不到的，要求送隔天生日礼物或重要时间点到的时候，千万当心。,1,1,0.3956373929977417
味道和在专卖店不同，不是很浓……下次不会买了,4,3,0.9269902110099792
比BC6的不足就是没有蓝牙。虽然BC6要贵些，不过看到京东卖到断货就知道群众的眼睛是雪亮的呵呵。,8,8,0.6944555640220642
质量不错 老公很喜欢 颜色也好,7,7,0.8949863910675049
我的头发一直掉用上潘婷洗发露之后反而觉得头发不掉头还非常柔顺不油腻了,4,4,0.9940245747566223
地球太可怕了，连蒙牛都喝不成了，早知道我嫁到喵星去！,6,6,0.6716200709342957
买给奶奶用的，很喜欢！！！一级棒,1,1,0.399998277425766
东西很不错，实惠，在京东买东西从来不会失望，是正品，很喜欢的说。,4,4,0.5303668975830078
大小合适，穿上舒服，老公很喜欢,7,7,0.9938862919807434
位于鹅岭公园边，比起市中心的酒店安静很多，重庆都是山路，所以汽车起步上坡噪音很大，这里会好很多，尤其是靠公园的一面，装修不错，房间也挺大的，由美国豪生集团管理酒店，所以服务总的来说还是满意的，最值得一提的是4楼早餐厅，外面一半是开放的，直接对着公园，只有一门之隔，喜欢接近自然的朋友一定很喜欢的，虽然种类不多，但是环境一流，住了5天，看到很多结婚的生日宴会的，看来他们也是冲着来的，有些遗憾的是空调似乎不太足，我是很喜欢低温的，也需一般客人足够了，还有花洒似乎太花哨点，有两层可以出水，但是也许管道太长，调节水温很不敏感，必须要在水流边等很长时间才有变化交通方不方便看你自己，打的到大坪，然后做轻轨到朝天门最方便，打的也不贵15块钱而已。总的来说值得推荐,9,9,0.9889095425605774
这款洗发水用了两年了，真的质量是没的说的，是正品来的，推荐购买。,4,4,0.9767236709594727
好吃，个头也刚好能吃完！物流快！,3,3,0.9394456744194031
摄像头的“准400万像素”和实际情况差别太大，估计不到100万像素；屏幕有时会花屏，扭扭屏幕又好了;电池待电时间一两天，基本不干啥事情；,2,8,0.4526888132095337
特别好。正品、赠品也不错?还会继续,4,4,0.36690059304237366
漂亮，性价比高，值得购买，哈哈哈哈哈哈。还会自动更换桌面，白天一个晚上一个，乐死我了，号称联想特色，嘎嘎嘎嘎,8,1,0.43048951029777527
买来太大了，穿起来像条裙子,7,7,0.9696811437606812
看着不错是正品，味道也好闻，就是感觉份量好少，80ml才这么大一点，但是价格也在那里京东自营还是值得信赖的,4,4,0.7774562239646912
于丹的心得，在电视上看过，也上网看过，记得在大学的时候老师还放给我们看过， 现在看有书，就买了一本，翻了翻感觉挺好，还有书签，印刷是彩色的，也很好。上次评论打的分数不知道怎么的，是很差？不知能不能改啊，应该是很好，喜欢,0,0,0.992263674736023
感觉相当差劲，异味很大，性价比太低，绝不会再入住。,9,9,0.9762247800827026
没有发全标配，差一张保护膜,1,1,0.6599535942077637
裤子物流非常快，质量很好，卖家服务态度也很好。好评！下次还会再来。,7,7,0.9887552261352539
卢卡奇的哲学思想丰富、混乱，更有着极强的思辨逻辑推演，所以对他的解读不紧要看专著，像本书，更要看原著，在原著中更能体会卢卡奇的那种强烈的、火一般的革命热情和逻辑演变魅力。虽然他有着黑格尔的思辨的遗风，更有着走向纯粹思辨的顷向和嫌疑，但在他所处的历史大背景下，他的这种思想是哪些正统的所谓马克思主义者所不能匹配的。本书就是在历史的背景下对卢卡奇的正名，喜欢卢卡奇就去读。,0,0,0.9990131855010986
裤子质量真是好到爆，不敢相信这么便宜的裤子居然这么便宜，穿着特别合身，裤子很透气并且穿着会有一种很舒服的感觉，还会再次光临的。,7,7,0.9813100099563599
前台服务员服务态度太差，酒店登记处连坐的地方都没有，有座位处是卖咖啡的，说是不消费不能做，那就来杯咖啡吧，又说卖咖啡已经下班了，只是坐一下子而已，怎么这么难吗？,9,9,0.9888766407966614
昨天用了，挺好，头发挺顺滑的，味道也挺好闻的。快递给力，半夜十二点拍的，下午就送到了。昨天用了，挺好，头发挺顺滑的，味道也挺好闻的。快递给力，半夜十二点拍的，下午就送到了。,4,4,0.8483936190605164
华为平板购买使用近二月了，始终没出现任何问题。开机运行流畅，声音不错，图象清晰，使用方便……，总之购有所值！不过我希望电池容量还能大些为好，轻薄固然称道，但为了电池容量大些，平板运行持久些，厚点也无妨！中国的华为继续努力，扎实学习德国产品的创新、制造与质量，？永攀高峰不造假，这才是中华民族的希望！！！,1,1,0.5100626945495605
1、电话功能：铃声还可以，分组功能也不错，选择铃声的时候就不会一进入就响，因为还要选择分组。可是升级后的版本铃声没有的名字，只有序号，越升越倒退了！2、短信功能：不过手机短信中可以提取和插入号码，个人感觉这一点不错。3、彩信和GPRS：WAP浏览器，浏览器支持html，可以直接保存图片，比其他的手机无线上网功能要强，可不是我吹的！4、附加功能：女性功能；还有游戏不错，有4个：泡泡龙、打砖块、俄罗斯方快和沙壶球，暂停后还能保存现场进度！160×120的照片照的时候效果还可以，可是存储后到相册和文件夹去看就十分难看。,2,2,0.9907037615776062
穿着很舒服，物流也很快，很愉快的购物。,7,7,0.9087129235267639
一般 床上和毛巾有血印 有点脏 卫生方面需要改善,9,9,0.8241560459136963
第一次用清扬，用了一个月，每次第二天都头痒，还有头皮屑，莫非清扬就这样的。以后不再用这个牌子,4,4,0.9915636777877808
这是一家硬件条件很差服务更差的酒店，入住时发现床品上有血迹，酒店过来一位名叫唐*的英文名Ray tang的客房总监态度傲慢报警处理对警官也无所畏惧，以后再也不会入住这家酒店。,9,9,0.9946727156639099
很小，长的也歪。不怎么甜。个别还有表面缺陷。算运费    均价7块一斤，和菜市场3，4块钱的差不多。,3,3,0.9963000416755676
"充其量是二星的水平.卫生间里没有单独的淋浴间,正对着台盆的墙壁上装个花洒就是淋浴了,所以每次洗完澡整个卫生间都是湿漉漉的,感觉非常不好.服务人员态度差,可能根本没有服务意识,特别是管餐厅的那个负责人(女的,MS是汉族的),我们吃早饭时因为导游未与酒店?",9,9,0.9984436631202698
包装很差，居然漏了出来，真的太不认真的对待消费者了。,4,4,0.5607397556304932
差评，不给力,1,1,0.8108904957771301
"裤子真棒。质量很好，衣服很厚实.垂顺感很棒，裤型很不错,尺码正好，面料也不错",7,7,0.9990350008010864
物流真的很快，前一天下的单，第二天就收到了，并且还有旅行装，超级实用的,4,4,0.6214338541030884
性价比太低，太低。还用彩页印刷。真是的。,0,0,0.34418681263923645
电脑的包装纸盒上有个非常明显的鞋印，想象京东的包装和运输不是用手来操作的。送的礼包里的电脑屏幕保护贴是弯折的，没法用了。,8,8,0.4804096519947052
垃圾的不能再垃圾，原价92的东西还不如我十几块的蜂花用上顺，用了头发又干又燥，还不给退货，绝对假货，以后不敢在京东买东西了！,4,4,0.9541521668434143
同样的价格相差一个月，房间小了一倍！忽悠，接着忽悠！,9,9,0.8707320094108582
"屏幕亮丽,上网.视频播放流畅稳定,用PowerDVD8.0播放外置DVD光驱中的蓝光碟也非常清晰流畅,这得益于9300GS。6芯电池保证3小时以上的使用时间,声音轻,发热量低。 到手后换了320G硬盘装XP很顺利,速度比Vista快多了,京东上购LCD保护膜自贴蛮难,手忙脚乱的,又购了一块键盘保护膜。HDMI输出音视没问题",8,8,0.9551931023597717
像放大版的手机，扁长型，还可以，流畅，触屏也挺灵敏,1,1,0.8691210746765137
一次偶然的机会让我看到这本书，这让我这个非常怕进医院的人眼前一亮，这里一再提起的现象不就是我们常说的有毛病，医院的各种机器又查不出来的“亚健康”吗！我也想通自己的手来医好我和周边亲人、朋友的“亚健康”，于是我通过“当当网”买了一套，看后非常喜欢，于是又买了若干本送给朋友和长辈，相信他们也一定象我一样喜欢这本书。,0,0,0.9991605281829834
物美价廉 很划算 一直总这个,4,4,0.6672905087471008
质量不错，面料也很好，满意的一 次购物,7,7,0.9733578562736511
买过好多次了一次四箱，独立包装很新鲜，个头很大口感脆甜，吃完继续,3,3,0.9907016754150391
昨天在京东第一次下单，购买了此电脑！今天上午拿回了了家，外观很漂亮，做工也很精细！特别是屏幕，真的很亮眼！（说老实话，我就是冲着优派的信誉而去买的，尽管他第一次做上网本）内在质量我现在无法瞎评，用一段时间后再交流吧！到现在我连续用了5个多小时了，感觉不是很烫。我个人认为对的起此价格。至于4600的六芯电池介绍上说只可用3小时，我是不理解的，到底是优派客气，还是此本耗电是厉害，等我使用后才能知道,8,8,0.9252530932426453
前台服务态度好，但该店极不隔音，一夜未眠，走廊吵嚷声不断，隔壁说话声就像在自己屋里，关门声此起彼伏，刚入眠再醒，位置离各路公交站都不方佼。,9,9,0.9976444840431213
昨晚22：30下单的，今天上午上午10点就到货了，物流超给力！看视频要调到高清或者720P就很舒服。,1,1,0.6340175271034241
东西物美价廉，物流速度快，快递人员服务态度好，下次再来！,3,4,0.3322339355945587
小到令人发指，而且难吃，包装真好，都贵在包装上了吧。。。总之买了会后悔,3,3,0.9227171540260315
传了两天就开缝了，质量也不行,7,7,0.932868480682373
洗过头发之后头皮痒呢，我从来都不痒的，该不会是假货吧，难受！,4,4,0.9336478114128113
这件裤子裤筒与宣传照片严重不符，比图片相比要宽很多，问客服妹妹，也非常大方的承认了这点，身材标准及偏瘦的不建议穿，穿上效果就跟穿女生的裤子效果一样，男生穿有种变性的感觉，，,7,7,0.9987381100654602
垃圾，纯正的垃圾，内存卡动不动挂载失败，优酷视频动不动就打不开，卡，就这样吧,1,1,0.7608723044395447
这么酸，这么难吃的苹果居然还好意思拿出来卖！,3,3,0.9835662245750427
还不错先用，后续再说！,1,1,0.7336365580558777
太差了，吃了好几个才回复的，苹果都是黄黄的，一点红也没有，而且软软的不爽，是我买过最差的苹果,3,3,0.9972549080848694
一般般吧，这苹果说不上好吃，但也物有所值我是做活动买的，如果不是活动不建议买,3,3,0.9936787486076355
1、虽然听MP3时可以看歌词，但关了背景灯，就看不到歌词。如显示歌词时，背景灯自动改为一直亮着，返回又变为正常就好了。2、通讯簿在按群组查找的时候，不能按首字母查找，并且在用查找功能时不能按名字的首字母来查找，必须输入整个汉字，此为不爽。如能改为全智能查找，就完美了。3、数据线太短了，如果没有前置USB，使用起来真是太不方便了，而且使用起来经常会不小心用力过大，时间长了有损坏的危险。如能再长一倍就好了。4、行事历不能与MicrosoftOutlook同步，如能与outlook同步，并增加未完成工作清单查询，就更好用了。5、OK键不能直接转到其他文件来，即使只是进入短信主菜单也是比现在更好用。6、短信发送时不能智能选择发送对象，当电话记录多的时候，使用起来非常不方便，强烈要求改成全智能查找。7、通讯簿只能分七个群组，如能按自己需要随意增加就更好了。,2,2,0.9609249830245972
趁活动又果断出手买了囤货，家里的还没用完，又囤了一批，用完头发比较柔顺，这次赠送的发膜还没用，效果应该还不错，期待,4,4,0.9704717993736267
房间小得不像话，早餐差得不像话，绝对不会再光顾。隔壁的南国大酒店看上去不错。晚上想在酒店的餐厅吃饭，结果人家办婚宴，谢绝散客，郁闷！优点是地理位置不错，朝南的房间可以看富春江，可惜给我的所谓高级房是朝北的，怪不得人家说携程的客人比较受歧视。,9,9,0.9969173669815063
小巧，漂亮，键盘大，便携性好，电池续航还行，虽然没达到宣传的8个小时，不过有6个小时也不错,8,8,0.7672449946403503
下载了很多没用的软件，我怀疑是返修机，外表可以而已，没什么用,1,1,0.5121958255767822
不脆不脆，一点都不脆    真的真的一丁点都不脆    坑死了    相信京东给的东西一定是好的    原来不是这样的    好失望好失望    京东大神    为什么给我这么不新鲜的苹果    真桑心    炒鸡桑心    我居然还买了六箱    是我的手太大    还是苹果太小    他们都说炒鸡难吃,3,3,0.98875892162323
"比想象中的差远了,没什么可感动的.语言平淡,人物苍白.总之怎么也无法理解那些说这本书感天动地的人.",0,0,0.9992673993110657
差劲，洗的我头痒，一直在抓头，不该买的，无语了,4,4,0.7503816485404968
"酒店位置优越~房间干净~前台服务一般~结帐时有点慢,酒店周边环境不错,1层的桑拿超好~下次来西宁首选这家酒店!!!",9,9,0.9927152991294861
屏幕清晰度不高，而且运行速度巨慢,1,2,0.5493229627609253
干净，房间也够大，缺点是厕所太小，特别是大床间，几乎不能转身。不过对于这个价格的宾馆而言还是很超值的。,9,9,0.9898721575737
这个短袖衣服大号小 购买的时候请注意 比如我穿XL的我买的是L穿起来都很大还是挺满意的！,7,7,0.994470477104187
质量非常差，不值这个价,7,7,0.7535354495048523
我能说小的可怜吗？中果？？与小朋友的拳头一样大。有史以来，第一次给这种评价！,3,3,0.9861024618148804
今天我用吸马桶的棒子买了一个我喜欢吃的蒙牛大果粒。。。好有乐趣啊。。。吸着它走了。。。,6,6,0.49342870712280273
临时订的酒店，纯粹只是为了第二天去机场方便. 酒店的硬件设施已经落后到不行. 就像八九十年代的招待所. 性价比低. 另外，想手机ipad电脑各种东西充电？自己带个接线板吧.,9,9,0.768259584903717
很烂，我才买两天就开不了机了。,1,1,0.6708085536956787
首先这个书感觉从印刷和排版上都让我不怎么喜欢，内容的语言也有些浮夸，总之不怎么好,0,0,0.9958963394165039
酒店本身是没得说，就是每次CHECK　IN都需要等至少30分钟以上，总是－被告知“正在清理”，不过因为酒店位置方便客人出入的关系，多数是会订这家酒店的。,9,9,0.9756072759628296
一看就是退货过来的，连包装都没有,4,4,0.6284816265106201
房间环境服务都还不错，关键是价格很好，四星差不多。,9,9,0.9815953969955444
房间还不错，卫生还行。只是隔音较差，走廊说话声音直传到房间。,9,9,0.9927194118499756
发货超快，上午下单，下午货就到了，赶上活动，很划算~保质期到2020年，够用啦~,4,4,0.6922826766967773
房间挺好，但是内部的电视太陈旧，紧靠马路非常吵人，玻璃也不是双层的，但是吃饭很方便，就在背后有一条街都是,9,9,0.9894573092460632
最失败的一次购物，从下订单到收货，16天，无语。,1,3,0.2946789562702179
"本人25号入住该酒店,27号离开,给我的感觉是酒店卫生不错,房间也很安静,交通比较方便,楼下就是市民广场,有吃有喝有玩,让我不太满意的有两点;一,房间灯光太暗,本人喜欢明亮;二:卫生间的淋喷头位于头顶上方,对不想洗头的客人有点麻烦.总的来说还可以,下次考虑再住该酒店.",9,9,0.992081880569458
包装挺好看，快递也给力，但是还没用，不知道效果怎么样,1,4,0.7888162732124329
基本是花了四个晚上看完的，是本很容易读的小说，看起来很轻松。语言很喜欢，陕西话非常会意形象。感觉此书就是根据“朱先生”编撰的那本县志改编的一样，虽是长篇，但感觉内容不是很多。随便表面上看起来，本书立场很“中”，但作者隐含还是倾向我们伟大的DOWN。总体感觉思想性不是很高；收获就是学到了几句陕西话，度过了一段还算轻松愉快的时间。给了三星半吧，但不知道怎么给半星，就四星好了。,0,0,0.9886904954910278
裤子质量很好，物流很快，以后会多多光顾你的宝贝的,7,7,0.9900305271148682
刚到货。突然想起，京东的活动力度不太大。没有掏包，送东西实惠。价钱是一样的呢。京东减*，掏包却额外送200多毫升的洗发露什么的。我收到这两套洗发水，一瓶额外送的赠品都没有。希望京东可以改进一下，因为掏包也是你们的旗舰店，你们都额外送发膜，或几瓶50毫升的洗发水，护发素什么的。京东没有赠品。不开心。?这次买了两套，够用半年了。用完再回购。有一瓶洗发水，我扭一下那个按钮，都流出来洗发水了。我就擦擦算了，反正没什么大影响，扫过码了，是正品。,4,4,0.9197912812232971
寄到湖南给家里人买的是坏的，香瓜也一样！,3,3,0.9848158359527588
这手机确实一般，分辨率低，照相模糊不清，垃圾手机。,1,1,0.5364824533462524
设备太落后空调噪音太大，室内装修简单电视都没有几个台，还几百块！,9,9,0.9489826560020447
小巧，漂亮！上网，文本和照片编辑速度还算理想。屏幕和键盘的大小还好！,8,8,0.6307844519615173
好用是好用，但是不送外壳吖光化膜都不送一个。,1,4,0.680556058883667
不是那么回事,7,7,0.5699629187583923
买两次火龙果两次都有坏的！！下次再也不到这家店买了！！,3,3,0.9264032244682312
"服务态度好，物流及时,东西很好 感觉不错",7,7,0.2549833357334137
老妈蛮喜欢。,1,1,0.2588207423686981
京东的服务越来越差了，原来对客户的承诺在客户不知情的情况下随意更改，也不事先通知一下客户，对客户造成的损失也不进行补偿，只会说“对不起”，有用吗？1.原来的钻石用户在购买第三方卖家的商品发生无理由退货，京东补偿邮费，现在改成非质量问题退回不补偿邮费了，你们通知客户了吗？2.原来的钻石用户是拒收商品多少次，都不扣除京豆，我清楚的记得，以前在拨打4006065500客服电话的时候，客服不止一次的告诉我，钻石用户不受拒收次数限制，现在不一样了，每次都扣除500京豆，客服态度也变得恶劣了，变得会撒谎了，不知道规则从什么时候修改的，也不通知一下，发个短信通知一下说规则改变了，就这么难吗？这是一个上市公司的形象吗？单方面修改规则，不通知客户，和单方面撕毁合同有什么区别吗？,4,1,0.31996506452560425
一般，用后头发油油的，不会回购,4,4,0.9577592611312866
就大厅装修好看，房间非常非常普通，隔音好差！还有一点受不了的是，停车在一楼居然自费，酒店的停车场在负2，入住时前台的工作人员也没有告知，等到退房问前台才知道！停一晚45块.....确实没有预想中的那么满意,9,9,0.9945940375328064
京东现成买的多，希望?货越来越少，价格越来越便宜，厚了点,7,4,0.6502317786216736
质量差！差！差！,7,7,0.9351024031639099
还不错，一切模仿苹果， 员工使用,1,1,0.7897332310676575
一次订了好好几箱苹果，这箱还没打开吃，不过看着包装还不错，外面看个个都很新鲜，吃好了再来评。,3,3,0.9961202144622803
非常好啊，分量非常足，是正品..买了不吃亏，买了不上当，走过路过，千万不要错过?,4,4,0.37937259674072266
用了一段时间才来评价的，不好！肯定是假货！本人一直用沙宣，这个用了大把的掉头皮屑！不会再光顾了！本想价格差不多应该不会假的，结果很让人火！,4,4,0.9378077983856201
时间安排紧张，在蔽龙阁匆匆住上一宿。但就在5月22日晚入住到23日中午退房之间发生的几件事情不得不提。5月22日由于在阳朔西街吃完东西比较晚了，汽车站里晃了一圈，发现去大榕树的车子都歇了。就在包车去蔽龙阁或者就地在阳朔西街住两个想法之间犹豫的时候，想到网友写过可以和酒店联系确定是否可以来接。抱着试试看的心理，我拨通了酒店的电话。在热情的问候之后，酒店提出解决方案，让老板亲自开车来街。约摸十分钟之后，一辆八成新的普桑停在了面前，闲话少说上车走人。一路上和老板神侃，得知老板自己住在西街，蔽龙阁是他本来想买下和家人同住共享天伦，然而他想把好东西拿出来和大家分享。老板本人也是建筑艺术设计专业出身，这也难怪有眼里买下蔽龙阁。到了酒店之后，果然有了和网友类似的感慨。一丿漂亮的民居，跨过门槛，抬头就见那一窝已经入睡的燕子。负责接待的苏小姐也就是刚才接我电话的那位，热情招待我们，迅速办完入住手续之后，叮嘱我一定要把常住地址写全，还说前几天有个客人过来住，没写地址，后来退房之后东西拉下了，没有办法寄给她。我心里想这个人可粗心，自己绝对不会犯同样的错误。可是后来的事情告诉我过于高估自己了，其实人都差不多。蛙声呱呱，泥土芬芳，一夜好梦。早晨醒来，又一次感慨自己的决策英明，选择这样一个好地方。顾不上洗漱，冲上屋顶平台。COOL，一幅阳朔山水画跃入眼帘；爽，如此惬意的人生。拿出相机，咔嚓咔嚓。本来想在平台上摆放的桌子上吃早餐，后来想太麻烦了。回房间整理洗漱之后，来到院落天井。苏小姐已经将一大碗热腾腾的米粉端到我的面前，还有色香味俱全的“爱爱耙”（用艾草汁浸制的糍粑）。那个酱菜也是值得一提，虽然我吃得不多。早餐之后，骑上苏小姐帮忙借来自行车，由她领着前往“大榕树”。（不过真的是不建议去那里，名不副实。）回到上海之后，发现自己犯了一个和前他人一样的错误--数码相机的充电器和电池拉在店里了。在和酒店通了电话，确认东西还在之后，李阿姨告知老板会帮忙把东西寄过来。后来和老板确认邮寄时间和费用的时候，老板风趣地说，就当广告费了，帮忙网上宣传一下吧。于是就有了我现在的留言。一家之言，谨供参考。,9,9,0.9504917860031128
货已收到，买大了，小一号就好了。能换不？,7,7,0.7072181105613708
我在实体店里看好的，店员告诉我是全网通的，结果我买了在京东买了一个通话版的，一问才告诉我说是不支持电信的，真奇葩，我13号买的，告诉我14号可以到货，结果16号才收到，至少不能送起码给我一个电话吧，信都没得一个，第一次在京东上购物，很伤心的一次，,1,1,0.7729344367980957
性价比极高，非常实用，加了三星2g内存，速度非常快，能满足社会上95%以上的人，没有比这个性价比更高的机器了，配置很均衡,8,8,0.6457597017288208
这次活动力度很大，堪称白菜价，京东服务一如既往的好,4,4,0.5862797498703003
酒店的外、内部环境还是很不错的，服务生的服务意识也还可以，但里面吃的东东有些贵，另外携程确认定单时间有些拖延，打车到了宾馆后，被通知没有３２０元的房间了，只能住５２０的了，呜．．．对于自助旅行的偶来讲，有些奢侈．．．．．,9,9,0.9861802458763123
货已收到 感觉非常不错 质量非常不错,7,7,0.6418972611427307
很不错呀，已经用了半个月了,1,1,0.5114328265190125
没有想像中的好，也没有介绍的那么让人感兴趣．,0,0,0.8661128878593445
是正品，*买了一大盒，很划算,4,4,0.7896327376365662
很好，买过多次了，没有失望过，支持京东。,4,4,0.32576456665992737
东西不错 看起来很上档次 给老妈买的 斗地主看新闻够了 快递速度还是一如既往的快,1,1,0.5090293884277344
不要被图片迷惑了，东西太少。,4,7,0.6029019951820374
"很安静,无打扰,房间挺大,比较舒服,前如服务当然好了,热情得不得了,我看韩国文化气息很重,周围环境不错,走个十分钟去东山宾馆就可以到海边,但吃喝玩乐就比较远了,",9,9,0.9800130724906921
衣服质量不错 面料好 颜色正 穿上很舒服,7,7,0.9983099699020386
已经不买蒙牛好几个月了，坚持到丫倒闭,6,6,0.8809362649917603
屏有点问题。,1,1,0.8133715987205505
裤子不错，物流挺快的，图片与实物相符，颜色没有什么偏差,7,7,0.9871779680252075
和图片样式有区别，有点长了,7,7,0.8257376551628113
买大了一个号，不过还行，领口穿两天也不会脏，两三天洗一次也可以，外出出汗就得一天洗一次咯,7,7,0.98757404088974
设施陈旧，地毯上油渍污渍一大片一大片的。服务太差，入住时房间有味道，致电前台更换房间，回复说查询一下回复，这一查就再无音讯。这次入住体验太差，下次不会选择。,9,9,0.9957367181777954
太小了，而且不新鲜了，像是过季水果了，吃了一个了，味道也是怪怪的，没前2个星期买的好吃了，除了可送到家没啥性价比了,3,3,0.9987547397613525
"收到书之后第一感觉就是脏脏的,随手翻了几页,发现里面竟有破损的纸张,我倒!有的页面上还有漆黑的脚印,当当的工作人员发书时难道不确认么???",0,0,0.9855742454528809
个头小 没什么苹果香味儿 下次不会再买了,3,3,0.9924095869064331
屏幕有灰点一个，想换货，京东说不可以。屏幕的键盘比托手低，驱动安装有点麻烦！～,8,8,0.7791540622711182
1.装修还不错，但是整个酒店感觉不大气2.除了电视越显小气，房间总体入住还舒适，隔音不错，不像圣庭苑酒店世纪楼，晚上睡觉都能听到隔壁抽水马桶的声音3. 早餐品种不多，一般般,9,9,0.9934371113777161
什么都可以。就是刚买就降阶有点郁闷。,1,1,0.7611993551254272
根本就不去油，洗了头发接近头皮3厘米的头发都是黏在一起，比没洗更油,4,4,0.990412175655365
买了就降价，不过给我保价了很划算，而且很好，我喜欢,4,4,0.333284467458725
主要是导航用，挻不错的。,1,1,0.6230974793434143
很不错的一家酒店，早餐很丰盛，晚上还送水果和小点心，服务也不错。,9,9,0.9612839818000793
笔记本不错，京东不够厚道，钻石抢的和现在促销价没差几分，这不是忽悠我们钻石一族吗？？？,8,1,0.7797768712043762
确定我买的是全网通？ 明明就是移动 真是失望,1,1,0.9639272689819336
不错，家里老人用着好，喜欢，价格超实惠的。,1,1,0.7024011015892029
个头有些小，感觉像没张开，下次买大的,3,3,0.7761529684066772
质量手感都可以，就是裤腿对我来说有点儿瘦，应该就是这种版型,7,7,0.9994295239448547
苹果太小了！就像没长大的，太差了！,3,3,0.9700990915298462
孩子已经看过一遍了，到现在回家只要看到托马斯还是拿起来读上一个故事。有时候说自己是托马斯，一个有用的小火车；有时候又说自己是詹姆士，最漂亮的小火车。每天看到这套书都是开开心心的。,0,0,0.9951760768890381
不错，发货快。质量好,1,7,0.6117297410964966
宝贝质量不错，大小合适，穿上很舒服，好评。,7,7,0.9896887540817261
苹果非常清甜，而且很脆，卖家非常有心。给大大的赞！,3,3,0.9975820779800415
"1.外形设计相当有个性。2.支持RS-MMC扩展。3.手感良好。4.最大卖点：双喇叭设计与3D环绕立体声配置,音效效果酷似专业级音源。",2,2,0.9263736605644226
特开心，太值了；还是国际知名品牌洗发水！质量应该不错吧，以后只选择京东！,4,4,0.957444429397583
手机效果不错，华为的品质真心不错,1,1,0.9531518220901489
一箱苹果最大的那个直径63mm 呵呵,3,3,0.9946898221969604
离机场近而且??班车接送相当方便，住一晚搭机，推荐,9,9,0.9765201807022095
这衣服有个味道，应该是甲醛之类的，洗后第一天穿就被搞得头晕晕的。?,7,7,0.712395429611206
这是我买的第一个本本，原本想定东芝的，但是没有货，这款宽屏的很漂亮，打开看到不是纯黑的，是有点深炫蓝的，很喜欢。装XP比较麻烦，弄了一半蓝屏了，也没有显示分区提示，还是咨询了客户才搞定了。噪音很小，不错，音质也好。,8,8,0.9049618244171143
只是看中屏幕比例。系统渣渣，不如买小米。,1,1,0.9088615775108337
个别产品出现问题其实正常，关键是对待问题的态度要让消费者满意。从这方面来看，蒙牛的售后服务还是及时的，态度也是诚恳的。消费者唯一希望的还是食品安全。@蒙牛微客服,6,6,0.9472984075546265
08年的清明节入住，房价200，不包早餐，包机场接送（就冲着这点订的）。第一天房间送4个苹果，第二天没有，问服务员，大曰第一天才送。后来还是送了2个苹果。房间条件还可以，最好的是网络插口在床头，而且配备的网线超长，可以拉到马桶（适合某些方面耗时较长的同志使用）。卫生间很大，沐浴设施完备，很诱惑本不宜沐浴的宾客使用。不过床垫的弹簧感觉明显，而且宾馆位于市郊（不过拉萨也不大）。,9,9,0.9790126085281372
用了才来评的，洗了第二天头发痒，很多头屑，太受不了了，已经扔了，还卖tm那么贵。,4,4,0.9837315082550049
配置可以，价格比村里报价要低，性价比挺高。 装XP系统也很顺利。,8,5,0.4828522801399231
自从留长发我就选择潘婷了，发质越来越好，朋友都在羡慕我，而后她们的选择就是——潘婷了！,4,6,0.3861039876937866
质量还好，毕竟这个价。物流也很快,7,7,0.5713867545127869
这是我住过最差的一家五星级酒店。花了1100块定了一间贵宾楼的房间。到店没房间要等，没有任何道歉。房间旧得像80年代，也没有窗。早餐和holidayinn express差不多。酒店旁边没有任何值得去的去处。我只是心疼我的钱。不推荐入住这家，除非价格在400以下。,9,9,0.9944217801094055
他吗的全是缺点,2,7,0.49715331196784973
国产之星。非常流畅，买之前一直在比较，看了很多评论，说分辨率不高，有颗粒状什么的。也看了好评，也有中肯的评价，但是实物到手真的感觉挺不错的，画面清晰，可以扩内存，大小，颜色，质地都挺好的，声音也不错，旋转屏也没问题。而且京东速度好快，我上午下单，下午就送到了，惊呆了办公室的一众同事，哈哈。大家可以放心买，有问题可以问我哈～地铁上写的评论，再拍几张照。,1,1,0.7875229120254517
苹果都是烂的，**商家，根本没有苹果味，软绵绵的， 不愉快的购物 真的是,3,3,0.6799215078353882
"非常糟糕,简直不是人住的地方,无法兑现预定时接机承诺,本人不得不在晚上11点拖着行李步行近二公里到达,服务态度差,房间过道既潮湿又充满霉味,晚上头顶有或明或暗绿灯闪烁(太过频繁).与我曾住过的其他二星相去甚远.",9,9,0.9917320013046265
"服务质量不好,四星级的酒店,连矿泉水都没用,还得自己出钱买!",9,9,0.9883798360824585
小了点儿，不怎么甜。三个一起一斤左右吧。坑！！！！,3,3,0.9817611575126648
两星级的设施(可能还没有)，四星的收费标准。真不知道四星级是怎么评下来的。和携程宣传有很大的区别。比如说有酒吧，原来是房间内食品。,9,9,0.9846850633621216
送给公公看电视，他满意！,1,1,0.7886255383491516
环境很好，服务也不错，推荐 下次还会住这里,9,9,0.9436717629432678
质量很好，与店家描述的一致，物流也快，没想到在网上也可以买到这么好的裤子，非常满意的一次网购！！！,7,7,0.9639286994934082
太平铺直叙，文字就只是文字，很多道理大多数人都懂，其他书已有过类似的道理，没有精辟、独特之处！后悔买此书！,0,0,0.9914928078651428
1、房间内设施较齐全(有保险柜、电吹风、免费上网)、干净、性价比较高。2、周围日式餐馆较多。建议在标间里增设大床房型、方便单身旅客。,9,9,0.9962712526321411
可能中外文化理解差异，可能与小孩子太有代沟，不觉得怎么样，还是比较喜欢水墨画一点风格的漫画书，但愿我女儿长大一点能喜欢（22个月中）,0,0,0.9939182996749878
说好的次日达，收到货过了2天，包装盒也坏了，成了垃圾。无语，,3,4,0.45218369364738464
3、外观及尺寸：首先说16：9的屏幕比例乍一看确实不舒服，但确能很好的控制体积，给人的感觉不像过去16：10那样的傻大个儿了。外观要比图片上看上去要好看很多。键盘是浮萍式的，个人很喜欢这种设计。,8,8,0.5872704982757568
收到后测试，出现蓝屏，重启时间过长等问题；联系京东客服退货，第一次上门取件说平板背面有刮痕不给退，京东客服主动联系让我附上一张平板背面的照片并重新提交退货申请；重新提交后第二次上门取件说发票号码对不上，并且声称缺少了附赠的一张保护膜（从未在包装内看到过），遂再次不给退货；此时已过了7天的退货期，我对京东这种不负责任只会扯皮的服务也失望至极，之前由于公司采购获得的JD钻石会员也并无卵用。平板本身貌似做工还可以，只不过决定买的人只能自求多福买回来别出问题吧。,1,1,0.879528820514679
能够了解经义的人，就好像喝了牛奶。可以调伏身心的人，就好像吃了乳酪。与法教能相应的人，就好像品味生酥。有了大乘智慧的人，就好像尝到熟酥。总持一切法门的人，就仿佛品到醍醐之味。牛奶的醇香，乳酪的香甜，想起两样好吃的东西，就会流。。。。。，原来佛学中有些也是来源于真实的生活，修心养性，不错，一举两得。,0,0,0.9062536954879761
评“王羲之笔法及其流变研究”还有，该文关于“章草”、“今草”体系的分析，有些模糊甚至令人疑惑。事实上，汉字字体的草化（简化）一直在继续中，从某种意义（字体特征）上说更易让人理解，章草、今草，分别是隶书和楷书的省简快写所致（即演变而成），只是今草省简更为显著，所以两者“笔法”差异突出。,0,0,0.9722130298614502
买回来就是开的，都露出来了，这不是主要的，主要的是洗了头发打结，痒，我天天洗头，一洗了这个就痒，反正就是差。,4,4,0.9112209677696228
今天的两大发现和两个未来的打算：幸福超市里的凉皮很好吃，以后要经常去吃！蒙牛的果蔬酸酸乳很好喝，以后每天都要喝！,6,6,0.9927780032157898
真心喜欢的苹果，个头儿不大，适合适合。,3,3,0.9967955946922302
容易弯 还不保修 大家注意,1,5,0.27385398745536804
不要上当了，苹果又小又难吃，**京东，无良商家骗到钱为止没有一点良心,3,3,0.9325274229049683
物流快 包装精美完整 价格也实惠,3,3,0.4321465790271759
我还没收到货半个多月了,1,1,0.2919742166996002
速度极慢，M3就在乌鲁木齐库，发到霍尔果斯用了三天多。更为可笑的是，下单后系统提示：预计十天送达,1,8,0.35545769333839417
好用，便宜，不错，送货上门，快递小哥幸苦了！很重的,4,4,0.5310447216033936
味道不错，个子不大，正好避免吃不完,3,3,0.9707340598106384
兄弟们，这一分还是给快递的，火龙果跟照片上的真心不是一个爹娘养的，这破玩意到底放了多久，都快坏掉了，还降价处理，这比地摊上降价的水果还差劲，挑都没法挑，上一次当足矣，希望后来的朋友们还是去超市买吧，京东生鲜真心不靠谱。,3,3,0.9873180985450745
浦东航空酒店霸王条款，预定酒店不能退，珍爱生命，远离航空酒店。,9,9,0.8489472270011902
功能齐全！拍照功能好！,2,2,0.9603267908096313
挂羊头卖狗肉,9,6,0.3854718804359436
618买的，我一直在用华硕，外观很漂亮，16：9的宽屏看高清确实挺爽！一切配置都恰到好处。,8,8,0.5329477190971375
"通过朋友介绍入住该酒店,总体印象很不错,有停车场,酒店大堂明亮气派,线条流畅.",9,9,0.9861917495727539
苹果已经长芽了，（第三张）客服还说这个不是芽而是苹果籽？？？还有烂的，味道就不评价了！！！！,3,3,0.9154678583145142
6月末到访苏州，下榻此店。感觉不错。房间虽小些，但实施齐全。晚上很安静。酒店的小庭院，有一古井，配些翠竹和绿植很有味道。出店行不远就是有名的观前街，散步购物都方便。,9,9,0.989785373210907
只分了两个区，菜鸟不会自己分，要多一个区就好了 物流的态度超不好,8,3,0.33295363187789917
刚买，连个耳机都没有。,1,1,0.5890687108039856
我去您仙人呢 我从两个店买了两个不一样的裤子 发过来一模一样？ 质量垃圾的要死！,7,7,0.9586638808250427
不喝蒙牛 很久没有喝蒙牛了，喝的伊利不会不晓得放心不哦 至于你喝不喝，反正我是不喝了,6,6,0.9959010481834412
不错，一直用的这个牌子，以前用别的产品，总是洗完头后痒，还有头皮屑，自从用了滋源就没有头皮屑,4,4,0.9971436858177185
还可以吧，起码方便点，京东快递就是快。。。。,3,3,0.3201639652252197
"回想起我们的QDII,回想起当年的豪言壮语，我们要到国际资本市场上去拼搏，大有一番“乘风破浪会有时，直挂云帆继沧海” 之势。 而如今“执手相看泪眼，竟无语凝噎”。自己也在一家外资银行工作，我们也销售海外基金，复杂的结构性票据，不要说客户，就连我们自己有时候也搞不清楚。现在看来，是他们早就设计好的，我们根本算不过人家！",0,0,0.7039539217948914
苹果个小，味道偏酸，这价格也只能买这样的水果,3,3,0.998460054397583
好多应用软件没有资源，差评！,1,1,0.7532450556755066
宝贝已收到，是朋友介绍我买的，质量非常好，价格也非常实惠，店铺已收藏我会继续关注。,7,7,0.4875946640968323
把返现也会赖了！,9,4,0.40539854764938354
入住西楼海景套房（据说离海更近一点），应该说总体很不错，有老五星的风范。服务也比较热情。可能是比较老或是空调或是近海的原因，房间内稍有一点异味。地毯厚度不够5星的。家具大都是原色的，地毯也是颜色的，不亮丽。电视陈旧，遥控器不灵了。比较好玩的是房间里的电水壶的大个头，好像还是进口的。还有早餐分中西常规、粤式(我倾向于这个)和日式的3个厅，不过只能选择其中一个，到10点结束。走廊是分片的感应灯。有夜床服务、午茶小饼干1块、枕头上会放一张别着小鲜花的印有诗句的卡纸，赞！洁具质量不好，除了肥皂。无烟楼层有客人在走廊和房间(房门洞开)抽烟，无人制止。缺少报纸供应。盥洗室放有女孩子可应急的发筋，细心，再赞一个。套房的景色很不错，离海倒是确实近，就在背后。稍微偏离一点商业区，不过不远，打车到五四广场3公里不到。补充点评 2008年3月6日 ： 差点忘了，我打车的司机径直把握开到东楼，拉门的先生还给我一张记录有车牌号的纸片，赞一下。另外，青岛的酒店服务普遍不错。不过饭店的服务员可能没听说过“菊花普洱”。,9,9,0.9960438013076782
牛仔裤质量不错 版型也也好 穿着挺舒服的 下次一定还来,7,7,0.9992125034332275
用着挺好，泡沫丰富，宝贝说香香哒，大人用大瓶，小孩用小瓶,4,4,0.9842920303344727
晕！蒙牛高端产品啊！抵制蒙牛抵制抵制,6,6,0.9790640473365784
"质量差的要命,以前就是从一米高的地方掉了一次就黑屏了,花了100多元修了一次,没1个月就又黑了,不想拿去再修,万一又这样,左修右修的,还不如另买部新的,唉,还没几个月1000多的银子打了水漂",2,2,0.8729260563850403
货收了，我女儿迫不及待的，总之很好，物流配送很快，很好哟,1,5,0.30282971262931824
真的是越来越差劲了，我帮同事帮家人朋友买点东西，刷卡付款居然成了套利了?!????!!!!!,4,1,0.3736003637313843
京东自营的东西14号买的。19号才到 我想问问你们是走着送过来的吗 你怎么不给我明年再到呢,4,3,0.5696397423744202
差评绝对假货 用完头发涩得不行了！还不如不用,4,4,0.987929105758667
听说昨天在体院篮球馆的比赛很精彩呀，谢谢蒙牛公司的赞助还有诚毅篮球，没去现场观看真可惜了。,6,6,0.9648734927177429
运行速度快，屏幕像素还可以，看电影完全够用。,1,1,0.7499909400939941
这发货速度真是无语了,7,7,0.3184936046600342
好评！上午忘带手机快递师傅放快递柜了还特意给发了简讯提醒。赞,4,5,0.5311007499694824
相信这个品牌，特别买的小果，孩子一次能吃完,3,3,0.998023509979248
总体来看，酒店价高，设施差，不值得推荐。价格338元标准间，在同类房价中偏高。设施差有以下几点：整个房间没有一张纸，一支笔。卫生间没有浴帘，洗澡后满地是水，地面打滑，水龙头出水很小。早餐7点才有，包双早等于空话一句。免费班车，只送2号航站楼，在强烈要求下才送到3号航站楼，如有误机还不负责，除非提前三个小时送，不合情理。,9,9,0.9903454184532166
个头都比较小，味道酸，有些不值这个价,3,3,0.9734752774238586
外观感觉还不错，但屏幕内感觉还是欠缺了些，不过也正常，拿小灵通和anycall比那就太那个了~，信号还可以，如果信号不好那也是小灵通网络的问题，我用了感觉比同类的其他小灵通信号接受要强一些,2,1,0.4573218524456024
塑料感十足，而且感觉材料又脆又薄，屏的质量实在不怎么样，键盘有点不平，而且键盘不平……,8,8,0.7423375844955444
告知所有的朋友，这个酒店，简直就是一个黑店 1，一楼大堂吃饭，白水5块一杯。2。小卖部里的东西，市场5-8倍。3，深夜12点有色情电话。转天问服务员，他们说是一楼的美发，和他们没关系。奉劝各位千万不要入住。,9,9,0.9857239127159119
屏幕分辨率不清晰！其他还好！待机很流弊！还可以玩王者！！,1,1,0.7929627895355225
给家里人买的。据说还不错，回购好几次了。价格小贵。,3,1,0.3723233640193939
该手机2004年8月买的，电池越使待机时间越短；另外折叠功能不严，易进灰尘、防水功能差，前一段时间手机浸水拉；,2,2,0.9056366682052612
一直信赖京东 吃穿用都在京东上购买 质量杠杠滴 赞一个 继续关注中,4,4,0.6393287181854248
李炜为新专辑赴韩交流音乐，凭借在《巨星梦想学院》中的突出表现，李炜的音乐实力以及为梦想而坚持的决心和毅力受到了业界与歌迷的一致肯定。为褒奖这位华语乐坛未来的巨星接班人，《蒙牛酸酸乳巨星梦想学院》也为他提供了赴韩国进行音乐游学的机会。,6,6,0.8871977925300598
什么裤子啊！不好一百个不好……,7,7,0.9861133694648743
板子不错！很合手，而且配置也还不错,1,1,0.4745459258556366
装修的味道特重，熏的人特难受，临街的房间特吵，吵的无法入睡,9,9,0.9947085380554199
真心不行，掉色，真生气,7,7,0.8351140022277832
电池不经用，包装盒没薄膜全封闭，只贴2片胶纸，,1,1,0.5740557909011841
不理想，屏幕不清晰，是买给女儿的，买错了浪费,1,1,0.8949742317199707
缺点是开机硬盘有响声，插口少，没有蓝牙功能，没有摄像头，降价降得太快了，还送杀毒软件我靠,8,8,0.8675676584243774
书的中间少了好几十页。。。。。。。。。。。。：（要求退货。。。,0,0,0.7032568454742432
非常一般，服务态度极其恶劣，很像以前的国营旅馆，不推荐,9,9,0.9888226985931396
昨晚下单今早就收到了。没有想像的好，不如之前在京东买的其它种类，还有三个损伤的，期待味道好些吧,3,3,0.794267475605011
买的大果，结果和外面卖的小果是一样的，再也不买了！,3,3,0.9906356930732727
刚收到宝贝，男朋友特别喜欢，物流也是杠杠的快。都挺好的。,7,7,0.4619048535823822
很甜，京东冷链很不错，觉得比潘苹果好吃,3,3,0.9973878264427185
外观：金属边框配白色机身很精致，小小的。 体积：确实轻巧不少，带出去很方便。 键盘：手感不错，大小也合适。 附带的内胆包还挺好的，手感不错。,8,8,0.8010655641555786
老牌子，值得信赖，一直在用，去屑效果好,4,4,0.9841370582580566
假的，挤出来好白，好假，洗的头上好痒,4,4,0.796954870223999
没有之前买的好吃了，放久没水分 也不甜,3,3,0.9801819920539856
周边环境优美，房间及餐厅服务到位，总台和礼宾服务周到。,9,9,0.9941009879112244
质量差，布料一般，送到的货大了一号，退换还要自己掏运费，买了退换无忧根本就是一点用都没有，服务态度也不好，很失败的一次购物，这家店也就这样了，快了,7,7,0.9781919121742249
华为(HUAWEI)M2 8.0英寸 平板电脑1920×1200 麒麟930 哈曼卡顿音效 3G/16G WiFi)月光银,1,1,0.5145516395568848
屏幕上一点点小瑕疵，可以忽略； 包 杀毒软件都没有，也许是特价的缘故,8,8,0.7202134132385254
这什么鬼？？？？开箱还没吃，但是这是什么鬼？？,3,3,0.42630383372306824
"总体来说,感觉尚可.订的是大床房,房间挺大,基本该有的都有了.能达到3.5星的水平,只是前台的服务不太好.好像是在打发人一样.冷冰冰......最不好的就是酒店附近比较荒凉补充点评 2007年7月1日 ： 最关键的是竟然不能上网,我问了前台服务员可以上网吗?一个服务员很不耐烦的摆摆手说没有可以上网的房间了.....无奈只好将就",9,9,0.9965522289276123
质量挺好的，挺好用，满意，ok,4,4,0.683658242225647
每个苹果的各自都比较平均，看起来还是很新鲜，已经是冰冻过的了。回来直接放到冰箱。,3,3,0.9829809665679932
"价格没得说，质量也不错，本来听说喇叭极差，所以也有了心理准备，到手试了下还是在可以接受的范围内。无线网卡听说信号差和易断线,我用下来没问题啊，上网3个多小时没断线。安装系统是麻烦，主要是LINUX的原因，用魔术分区分完格式化后仍然不能进入Dos,这时需要用FDISK命令，但要加参数MBR，也就是键入FDISK/MBR就解决问题。",8,8,0.8129878640174866
高端大气上档次，低调奢华有内涵,4,7,0.41206586360931396
受不了，我不知道是别人用过了还是怎么的，自动下载安装软件，还老跳屏幕，自动点来点去，很失望的一次购物,1,1,0.5853750109672546
东西很好达到了我预想的效果。,1,5,0.5596553087234497
宝贝很赞呢???，裤子的版型很好，布料和质量各个方面都很满意，这个价超值了?。以后就指定这家买裤子了。?,7,7,0.9727345705032349
到目前为止感觉买对了，到货一看比期待的好。外观设计进步，不像以前的华为那么乡土气了，简约大方，做工在国产机中算比较细，屏幕和苹果清晰度相当，不过宽屏幕在看电影时会比苹果mini更大屏！声音比苹果可牛多了，是立体声哒！emui系统和小米的miui系统一样都是超级超级好用！缺点拍照像素低，但是我一般不用，主要是买给老妈看微信用的。,1,8,0.3590359687805176
物美价廉，物有所值；    多快好省天天见，勤俭持家上京东。,3,1,0.376768559217453
入住了传说中的04房间，景色真的很美，赶上个好天气，蔚蓝尽收眼底：）结帐后，由于工作紧张，将信用卡遗忘在前台，很快携程的工作人员就通知了我，很感谢酒店前台服务员与携程业务员工作认真负责。下次来威海，一定还住这个酒店！,9,9,0.9784027338027954
裤子质量很好，裤型不错，而且穿起来显瘦，性比价高，是我喜欢的布料，不起球，值得购买，,7,7,0.9987614154815674
淋浴水量太小了，真的是太小了。就是这里离机场近，接送班车稳定，才选择住这里。总体一般。周边什么也没有，显得有些荒凉。,9,9,0.9968587160110474
双11买的，物流显示13号已签收但是实际东西还没收到，电话通知也没有，什么情况,4,4,0.5699027180671692
酒店很干净，服务员会推荐我到女士无烟层，设施也比较好，餐厅的小点心味道也可以。吸取了之前美酒店不好停车的经验，在这的三天还是我比较满意的。,9,9,0.9850214123725891
第一次尝试京东生鲜，很满意，比水果店还新鲜,3,3,0.9861130118370056
看视频，玩游戏好好老是自动休屏,1,1,0.7224279046058655
入住手续办理快速。入住时告知我所预定的豪华房没有房间，免费升级到公寓房。这里首先疑问一下，为什么入住前1天预定时携程系统显示房间状况是良好，第二天中午11点多入住时已经没有房间？是酒店的问题还是携程的问题？第二，我在前台的房间价目表上，并没有看见“公寓房”的牌价，于是很疑问的咨询前台，公寓房时什么性质的房间？回答是平时不对外的房间。没有办法只能入住公寓房，进房间一看，超级大，其实就是二房一厅，两个房间都有床，但是看看里面的设施物品，简直昏倒，最过分的是床单上面还有破洞，床铺铺设的根本不平整，连三星级的酒店都比不上。卫生间的地上很脏，及其不舒服。环视房间，我找不到一本服务手册，于是酒店电话说明、闭路电视选台介绍等等什么都不清楚。房间没有总控开关，没有门铃的免打扰、没有浴袍、没有针线包。。。连3星级酒店房间应该必备的物品，这里都没有！！！很气愤，酒店式公寓是没有星级评定的，我预定的是5星级酒店，却给我一个没有星级没有任何服务的公寓房，其实一个人住一个晚上，需要这样大的两室一厅的房间吗？关键是种种不便，我无法接受。既然是升级，应该升级为酒店有星级定义的房间！因为没有看见该酒店5星级的房间，因此只能打这样的分数，希望酒店以此为戒，也希望携程反思，为什么会出现这样的情况！,9,9,0.9971023201942444
就用东西垫一下能死嗯？？？？？？？漏的不要不要的,4,7,0.47985222935676575
洗头膏洒一盒子，好心晴一下变没了……,4,4,0.9168521165847778
用了段时间了，我不喜欢评论的。可是不能不抱怨一下，这绝对不是正品，用了段时间头皮多的不得了。越来越多，又痒，以前的清扬都不会，,4,4,0.9926468133926392
个头不大，挺有嚼劲的，吃着有点费力，没有评价那么好。,3,3,0.9943564534187317
帮朋友订的，反映不是太好，想必也是和城市规模有关系，宜昌的四星肯定是不能和大城市的四星相比。具体来说说入住情况吧：1.房间据说是比较旧的，设施好像比较古老，而且清洁程度有待考察2.据说so so3.说英语服务员很少，说英语的服务员说出来的英语很少。四星级怎么也得考虑如何提高接待外宾的水平吧，更何况三峡还是有很多外国游客去的。,9,9,0.9887250065803528
性价比高，外观看着顺眼，该有的功能都有了，拿到的是完美屏，开心ing,8,1,0.8678634762763977
本以为男孩子更喜欢昆虫的书，看到那么多好评，抱着好奇的心理买了，结果我惨了：每天女儿都缠着我给她念虫子书，一个故事念完差不多要半小时，我嗓子都哑了，她很喜欢。有时候兴起，她会和我玩角色扮演：比如我是爱唠叨的象鼻虫妈妈，她是任性的象鼻虫老大。。。，角色互换着玩，乐此不疲。到现在已经读完3本了，每次念完一本她会比着后面的介绍，跟我说：妈妈，我还没有这一本，下次给我买第4册。。。,0,0,0.9905799031257629
色差好像不是原配，原配右裤包手机位置出现红点，发来的不有红点，仁还一起够二！,7,7,0.8667964339256287
个头不大好小啊。外包装物苹果味儿太刺鼻，像是香精的味儿。太香。,3,3,0.7919518351554871
续航能力太差了，超级省电都开了还待机都待不了一天，换电池还是一样，后背指纹经常识别不了，不黑不吹！,1,1,0.6297056078910828
完美屏，送货速度不错。 买个老爸用的，vista就不换了，用起来觉得还行。 键盘手感不错，按键很大挺舒服的。 风扇声音好小，基本可以忽略不计了。 散热不错,8,8,0.7253032326698303
水果很不新鲜，果皮和底部发霉腐烂，外皮是很干的    太烂了，发霉了，以次充好，再也不在京东上买水果了,3,3,0.9831341505050659
19号 12点多下的单，到现在还没有收到货，客服也不负责任！都催了三天了，还没见到货，不知是快递员的问题还是两边骗钱的,4,4,0.2756698429584503
蒙牛，你让我怎能接受你？太可怕了 《蒙牛3千箱临过期牛奶生产日期遭篡改》 (来自 http:t.cn/zWRpZYf,6,6,0.9992139339447021
4星价格比较高，地理位置还可以，不堵车很重要。房间比较宽敞，宽带上网有时不太好，经常掉线。,9,9,0.982223391532898
看完这本书，不，应该是看完这封信，觉得这样比较适合，因为它比较短，给人感觉自己应该在年轻时急切的去追寻自己的梦想，只要你是非常非常非常想要得到的，就得去追寻，去努力，哪怕受到一些的不公平、哪怕看起来有些不合乎常理的（诗人去学经济），那些不公平在今后看来都是微不足道的、那些不合乎常理的事情其实是可以做到的，甚至做的很好的。希望作者能写些更详细的东西给年轻人，那就更好了，我期待！,0,0,0.9994058609008789
不是蓝色的吗？发个黑的！一看就容易掉色！是不会洗洗就蓝了！,7,7,0.7604036331176758
没有收到货，反映了，目前还没有回应。,3,4,0.27151215076446533
"苹果可以很脆,物有所值,价格也便宜",3,3,0.9298861622810364
买回来试用了，很失望，不是正品,4,4,0.8141675591468811
一起买了两种苹果，都不错，没有坏的，都是80果，对比下来，宏辉的苹果大小均匀，品相好一些，图中红网套的是宏辉的80果，黄网套的是仙美的80果，去掉网套后对比差异了仙美的大的大小的小，另外，仙美还贵一些～,3,3,0.977208137512207
苹果不错，很脆，没有坏的，运输过程也没受伤,3,3,0.9821068644523621
使用过洗发水，感觉上很稀，不怎么好用！用了没什么效果！卖的那么贵，可是质量并不好！,4,4,0.9814625978469849
怕健康现在喝新蒙牛，全国销量领先的白罐牛奶换包装，还是原来的配方，还是熟悉的味道~,6,6,0.9958712458610535
"比较满意,酒店比较新,房间也比较大,感觉还可以",9,9,0.9659436345100403
系统初始将160G的硬盘分成了2个区，C盘竟然要80多G，不方便使用，后来重新分区，使用一个外置光驱，安装了windowXP 专业版，还好附赠的光盘中有驱动程序，安装还算顺利。,8,8,0.9978362917900085
屏幕有个暗点，所幸不是亮点。联想的屏幕比起其它牌子来要差些。,8,8,0.6673915386199951
"环境不错，比较安静，停车管理也很好，离开花港观鱼步行15分钟足够。豪华大床间的床不够大，三口之家如果孩子大一点是有点拥挤的。不过整个酒店还算比较中规中矩。客房也干净，服务员也很客气。餐厅不满意，晚餐懒的出去吃就去餐厅，首先是菜单很普通，象小菜馆的菜单，装盆都是大盆，三口之家很浪费，可能是因为酒店为省总工会的工人疗养院兼体检中心，所以菜非常的淡，好像忘记放盐了一样。不建议餐厅用餐。早餐的品种不丰富，早餐很一般。我个人认为住宿是个不错的地方，对于自己开车去，还是不错的选择。吃饭还是走15分钟到花港观鱼门口的“味庄”吧。补充点评 2008年2月15日 ： 楼下说的不错,那个副理确实很能承受。那个顾客确实很不象话，一个说话很恶毒的顾客。",9,9,0.978323221206665
外观漂亮，一肚子垃圾。,2,1,0.31821662187576294
非常安静，比原来那个5年前买的三星笔记本安静多了。 这次出去旅游把它带了出去，开了很久，看电影，听音乐，看书。。。就算堵住了散热口也没有发觉机器过热，感觉温温的。出门带着很方便，一般的包都可以放进去,8,8,0.8897374272346497
非常满意！一直用潘婷。价格实惠，物超所值，而且包装很好很漂亮。,4,4,0.8369691371917725
苹果超好吃，物流也超快，早上下单，下午收到，京东服务，超一流。又快又省，还实在。下次还在这买。,3,3,0.9505409002304077
谢谢蒙牛酸酸乳对#魏晨#支持，感激不仅！,6,6,0.9562013149261475
缺少功能，当初听促销员的话就是个错误。,2,2,0.3309817910194397
地点还凑合，离十字路口也就一个街区。房间比较陈旧，老式，唯一的亮点就是卫浴设备。最大的不满就是在入住的3天里光我在店的时间就停电3次，令人失望。补充点评 2008年3月3日 ： 对了，酒店提供的免费送到车站的服务十分贴心，还是比较满意的。不过这个价格在椒江还是高了，后来又去了一次住的园丁商务酒店就实惠很多。,9,9,0.9864621758460999
尺寸合身，裤型还可以，但是这种颜色有些太暗，有色差。,7,7,0.9993274211883545
无论是完美的钻五白彦，还是傻丫头宁默，无不在困在过往的感情中，停留在自己孤独但安全的感情世界里。两人都在寻找一种安全的感情方式，虽然彼此吸引，但都害怕再次受伤，再次失去。两人一直保持这适当的距离，暧昧的态度，非常符合现代男女的心态，所以，个人认为，保持暧昧的态度有理，暧昧是一种安全的感情方式。事实证明，距离和暧昧并不会阻碍两人的感情发展，真诚的心，最后还是收获爱。,0,0,0.9673680067062378
火龙果收到，一点也不新鲜。都要坏了。,3,3,0.9939150214195251
洗发水已收到，都没装满，不知道够不够量,4,4,0.919083833694458
#蒙牛奶生产日期被篡改#不喝蒙牛的~~,6,6,0.9997376799583435
非常愉快的一次购物，打王者一点都不卡????,1,1,0.6474604606628418
不错，已经在用了,5,1,0.6844635009765625
这次肯定给我发错了，太小了，上次买的价格比现便宜还比这大，而且有8个坏的，气死人了,3,3,0.3872621953487396
像数太低，像是翻版机。真还不如5-600元的机子！ 商品满意度0分！！！！,1,3,0.32808923721313477
第二次买。。。但是太小了。。。跟第一次的怎么差那么远,3,7,0.39252111315727234
看了就后悔，除了把单词用语言串起来了之外，什么都没得了，还不如直接把那些个单词一一罗列的实在。想增加词汇？靠他，实在是不行，至少是我，看了一篇就没什么在想看下去的冲动了。为了不浪费钱，就用来当本小型词汇表，有需要的时候看着目录查查了。学习英语，特别是记单词，还是没什么捷径可走啊~~&#183;~&#183;,0,0,0.9481020569801331
分辨率有点低。 关键是快递 。差差差。 武汉离我家二个半小时，用了6天才送过来？,1,1,0.4625254273414612
这个机器拖影比较严重 不值得够买 还是帮朋友买的 他不怎么介意 就不退了。,1,1,0.6551183462142944
东西 好贵，没见得有多好，拿回来上面也是一层灰,4,7,0.5116875171661377
不建议大家去住，只有后悔。首都的服务啊，给全国人丢人现眼。,9,9,0.9714264273643494
哎呀，第一次在中联榜获得冠军，心里那个美滋滋、乐呵呵，甜甜的掺杂一些酸酸的，这就是蒙牛酸酸乳的味道，是他，就是这个味！！！,6,6,0.9867847561836243
有没有差不多,2,7,0.3721067011356354
"整体用起来倒是不错，就是质量堪忧。50天后系统出现跳屏(屏幕不受控制)现象,返回京东代修，刚刚邮寄回来(为什么发票不见了。。。），再使用一段时间观察观察吧。 国产手机能让人省点心么。",1,1,0.8069390058517456
酒店设施陈旧，卫生条件很差，电视不清楚，去酒店的道路特难找，携程说该酒店近劝业场，我打的去１０元钱，大家说近不近．不过酒店的保安服务很好而且热情．定了２个房间，晚上问前台要根网线上网，告知上网不是免费的，要收１０元钱，靠，网吧多钱啊，真黑．劝大家一定别定这个酒店，后悔死你．,9,9,0.992367684841156
清扬洗发液一直用，很不错?和同事一起拼的，买了两个套装一人一半搭配?，套装真便宜，味道很香，出现洗发液露出，只要质量没问题，漏点都是小事。京东自营快递一直都是棒棒哒，快递师傅第三天中午就送到了?,4,4,0.8291871547698975
屏幕分辨率超级低，看个电视亮度都不够用。,1,1,0.9027815461158752
刚到手使用很流畅，买完第二天就到物流很快，这个价位买这样的平板电脑很给力，外观高大上。就是没有耳机不过无关紧要,1,1,0.8461998701095581
特意去超市比较下价钱，还是京东合适，超市特价时候倒是差不多，但是不送那个100毫升的小瓶装，所以还是在京东上买了,4,4,0.980972170829773
不甜，颜色也不好。个数不均匀，有的太小了，而且这次物流也不快，总体都感觉不好,3,3,0.9080246686935425
"外观确实很漂亮,做工和手感也很好!性价比也很高,如果不用无线网卡的话就关了,这样触摸板温度就会降低点了",8,8,0.557522177696228
拿回家女儿乐坏了，很喜欢。,1,1,0.5046535134315491
酒店在西街还算是不错了，景观地理位置都比较好，房间较陈旧但干净舒适。下次可以考虑再次入住。,9,9,0.9899096488952637
昨天参观 时，一位大妈的发言给我留下深刻印象。原来她曾是知青，在牧场喝过刚刚挤出的新鲜牛奶。她说，她就是凭着对新鲜牛奶的美好记忆，选择了蒙牛产品的~,6,6,0.9982811212539673
最大的不足就是C盘空间，用系统自带的工具分了一次区，只分出100G的空间，结果还进不去系统了，只能用恢复盘恢复出厂设置。还有就是没有附赠系统安装盘。也没有摄像头。,8,8,0.9755633473396301
"4799下的单,收到的时候价格变成了4699,并赠送一张杀毒光盘,然后就因为新增加赠品的原因,我无法申请价格保护,这明显是京东逃避价格保护的小手段,让我十分的不爽! 而且什么东西都没有送！！！！",8,8,0.4330669939517975
"到了酒店被告之预订的房间被卖了钟点房,等了半个多小时才入住,房间很小空气不好.当晚我老婆来例假,把床单弄污,酒店方让我赔偿300元(房费260元),遂明白进了黑店,酒店态度强硬,后来跟携程与酒店三方沟通后,表示可以降到物品成本价200元,我还是难以接受,再和携程联系其表示是酒店规定,他们也无能为力,后来前台居然又要收我打给携程的长途费,6分钟12元,我表示了强烈抗议,酒店才罢休,上述过程总共花费了我们1个小时,实在赔不起时间了认倒霉给钱走人,不过还是希望ctrip能给个合理的说法",9,9,0.9806859493255615
刚刚在西直门华堂超市买的蒙牛原味酸奶，回来才发现是漏的，还没开始饮用就扔了两瓶，质量问题太严重了@蒙牛乳业,6,6,0.9963420033454895
感觉是假的，头发洗完当天就会特别痒还长头皮屑，头皮还起疙瘩,4,4,0.9534075856208801
差评，有一瓶漏了。。。。。。,4,4,0.41589438915252686
这个感觉不错，买了两箱同个牌子，但另一箱却烂，卖相差，就相差6块钱居然这么大的差别！！虽然卖相差但不至于烂了还发货吧，呵呵！！,3,3,0.47683238983154297
喜欢这个东东，正好有活动，不错,3,1,0.4219968914985657
看着挺好的 洗发水我 还没用,4,4,0.9565641283988953
在当当一次性订单600多元，可是送货的只把货送到楼下，说：“你的书那么重，我只赚你1.5元，我不可能给你送上楼。如果你自己不拿，那我就把书拿走”。我不知为什么你们之间的矛盾要把我们消费者牵涉进去，我们并没有少付一分钱。请当当给我一个合理的解释。,0,0,0.8409857153892517
挺好用的不错,1,1,0.6538165211677551
"广告说:""旋影加百万像素摄像头"",买回来后,拍照时可以把屏幕旋转,的确很方便,照片还算清晰;屏幕显示细腻，看上去比较鲜艳,文字也很晰,没什么""毛边""!短信输入速度和菜单反应速度可以,等待时间很短很短.铃声也不错，在听内置的各种乐器时,十分准确.",2,2,0.968566358089447
虎牌保险柜送来打开发现损坏，马上打电话送货的百世物流，不管，态度恶劣。打电话给京东，京东不管，说找百世快运，已经投诉几天了，无反应，老子咒骂他们～京东，虎牌，百世快运，大家千万别买虎牌保险柜，他们包装极差，容易碰坏，碰坏了只能自己倒霉，他们都不管的。老子快疯了,4,3,0.3395201861858368
垃圾。一星都不想给,7,1,0.4855266511440277
裤子质量不错，上身超级好看，显得特别man。,7,7,0.996812641620636
全五星是冲着配送员师傅给的~ 每次送货服务都很到位 辛苦啦！！！ 苹果口感一般吧~毕竟一分价钱一分货。,3,3,0.993081271648407
怎么搞的！都流出来了！好像不是满瓶的怎么搞的！,4,4,0.8211098909378052
有没搞错？31号下单是*次难忘的购物。,4,4,0.7407210469245911
宝贝已经收到几天了，物流很快，今天晚上洗了一次，不错。跟我去年买的一样，是正品。很开心的一次购物，京东给力，给5星,4,4,0.5140956044197083
物流给力，很快收到货，裤子资量OK，穿着适服,7,7,0.9965524673461914
苹果脆甜多汁，个不算大，吃一个刚刚好，太大吃不完。,3,3,0.9991503953933716
说好的黑色裤子，为什么给我的裤子发白,7,7,0.9863405227661133
【京东超市】沙宣洗护套装修护水养(洗发水500ml*2+护400ml)送洗50ml*3+护50ml*2(新老装随机发 男女士通用)，活动购买的！,4,4,0.9952765703201294
物流很快，包装完好，配送及时。快递员送货上门。苹果都是完好的，没有烂的。但是吃起来有点面，不怎么脆。,3,3,0.9923491477966309
功能太差了,1,1,0.42633190751075745
我是经常出差的人，这家饭店的服务如此之烂，是长久以来没有见到过的。承诺宽带上网，一住进去就不通，打电话很多次，好不容易才解决。前台服务很不专业！我太太打电话进来，感觉不是打到饭店，还以为大错了。我找前台要一把剪刀，竟然答复我前台“只有我一个人，无法给您送”。早餐其实不必去吃了，根本没有什么能吃的东西。整个饭店都让人感觉极不专业，竟然还要438！唯独早餐的男服务生，态度还不错。总之，以后不会再住了！,9,9,0.9902951717376709
裤子很舒适，很舒服，穿着很好看！颜色很正，无色差祝卖家生意兴隆。,7,7,0.9921725988388062
"用了9个月以后开机也经常死机,不知道是电池还是手机有问题按键也不行,音质也不好,现在要到经销商去看看怎么回事",2,2,0.5197724103927612
怀疑是假货，瓶子有摩擦痕迹，不像超市那种全新，然后瓶口无法正常挤出洗发水，只能拧开盖子倒出来，很烂...,4,4,0.9611431956291199
洗了好多头皮屑，而且好痒，刚洗完就要痒死了，有可能是我皮肤问题吧,4,4,0.956031858921051
看着包装还可以，赠品没送，用了一晚上，死机卡机了七八回，郁闷╭(°A°`)╮,1,1,0.8344591856002808
很小很差劲'去超市买这种要我花*一斤是不会要的。水果还是第一次买，下次也要谨慎,3,3,0.9689992666244507
老酒店，离机场近，有免费接送大巴。设施一般般。,9,9,0.9920411705970764
非常不愉快的入住。朋友是晚上11：30左右到达的，此时的柜台服务只有1人，连服务生整个大堂只有3个人，因为年纪比较大，本来行李想让服务生帮忙，招手示意后他们竟然不理睬并且跑开。check in的时候连刷两张信用卡竟然说信用卡不能用，很莫名其妙。房间的设施极差，灯光很暗，酒店的东西非常破旧，真是有损5星级的标准。难怪朋友会说这家酒店的客人非常少，都吓跑掉了。还是在繁华的南京路附近，真是丢人。,9,9,0.9943814873695374
帮朋友买嘚...话一点都晤好笑...闷,0,1,0.2202530801296234
晚上下单，第二天上午就到了，物流还是那么快，试用了两次了，不错??，大品牌，有保证,4,4,0.6904197931289673
这是我碰到的最无语的卖家，拍的时候明明显示的是加绒的，结果货发过来没有加绒，还要说我搞错了，算了，就这样吧怕麻烦不退了,7,7,0.9761242866516113
还可以。毕竟价格摆在那里。,1,1,0.3782815933227539
已经激活了。要么退货的，要么翻新的。发烫，注意不是发热是发烫。没耳机，不解释了，连续三次在京东商城上买东西出现质量问题。再也不会用京东。。,1,1,0.7028103470802307
送的速度实在有点慢，而且来拆开裤子的扣子就掉了，失望懒得换就这样吧,7,7,0.9630405306816101
好帅哦！欧世蒙牛好棒！,6,6,0.9940365552902222
真的好卡，非常差的平板后悔死了，如果要买先去实体店看看再买，,1,1,0.9503718018531799
屏幕够大，上手容易，物流很快。,1,1,0.8691531419754028
表弟说一个大一个小 玩几把 再见。,7,3,0.4284105598926544
衣服有很大异味，并且推荐码数极不合理，1.77米 74公斤买的2XL居然还小，真不值这个钱，还是去实体店现场买的好！,7,7,0.9744914770126343
原配的windows驱动盘不错，只是安装无线网卡遇到点麻烦，先用自带光盘上GE780到NE771都没有用。后来上网查找，才知道这款机器用的无线网卡是NE-766。再到网上搜索驱动，下载测试，OK！,8,8,0.9564610123634338
裤子收到了，颜色很正，质量也很不错，面料很厚实穿上不会紧绷,7,7,0.9969950914382935
真心不错，穿着样子也很好，老公很喜欢,7,7,0.9913752675056458
感觉还可以，挺流畅的，电量暂时还没彻底放开用过，暂时不知道怎么样,1,1,0.7626087665557861
在这家买过好几次了，说实话，这是最后一次了。苹果越来越小，肯定没有10斤，也懒得计较了。为什么生意做得还能把回头客赶走？真是不可理解！,3,3,0.9907140731811523
在京东商城上买东西真的非常方便，送货也快，质量也好，我非常喜欢京东商城。,3,4,0.5370866060256958
三个火龙果，一个是烂的，一个已放蔫了皮都干了，放了很久，就一个是好的。下面是那个烂火龙果的图，一个火龙果就烂了三个地方，完全不能吃，强烈要求退货!!!天气这么热，让快递小哥送烂水果，太过分太对不起快递了。,3,3,0.9799937009811401
实在一般！水壶那么大！怎么灌水！,9,4,0.45492634177207947
我订的是商务大床房，给我的房间是8418房，床是挺大的，但是房间太小了，基本上是进屋就上床了，连椅子都放不开，但是有个看不到海景的大阳台，不知道是怎么设计的，估计这房应该是个单人房改的。如家的电视节目有马赛克，给前台打电话，他们说叫工程师来看看，结果过了几分钟来了个拿对讲机的大婶，告诉我们是信号的原因，所有房间的节目都这样，要到晚上才能好，我们想那就算了，可是过会和我们同行来的另一个房间的朋友说他们的电视信号一直很好，气死了，如家竟然这样骗顾客，给前台打电话，又改口说是部分房间的信号是这样。晚上8点多的时候信号好了，但是第二天依然还是有马赛克，到了晚上也没好。住了三晚，拖鞋一直没给换，都破了。第三天蚊香片没给换。房间内的饮水机有很浓的84消毒水味，根本没法喝，自己到家乐福买的桶装水。只有一个床头灯，而且接触不良，不打它不亮。建议以后入住这家的顾客不要住这个带阳台的房间，没有阳台的房间还是很大的。补充点评 2008年6月23日 ： 忘了说了，地址位置还算不错，公交车挺多，出去玩的话先去看看公交车的路线吧，不过车开的也很慢，我们坐了一辆从石老人始发的车回如家，结果那车最高时速才40迈，一点不夸张。步行去八大关也很近，也可步行去二浴，就是它的大门不是对着香港西路，有时出租车会估计要几个圈子才开到（青岛的出租司机良心大大的坏了，宁可被全国人民骂也要坑那几块钱),9,9,0.9933446645736694
酒店不像是五星的，最多三星标准，比较失望，两个房间的海景只能看到一个角，而且服务意识都没有，我们两个房间都忘了东西，结果都到蓬莱了还没人联系我们。打电话想让他们寄回来，结果都在踢皮球，闹了半天还得回去拿。郁闷~~,9,9,0.9609310626983643
以后大家都别买不就行啦 蒙牛的公关太厉害了，得被潜了多少回了,6,6,0.6380215883255005
不好用，反应迟钝。又厚又重。重新入了苹果。,1,3,0.5794119834899902
很不满意，,9,7,0.4132755994796753
我的是730+，9成新，500元谁要，妈的，我受够了，现在发现波导的质量比较好。,2,8,0.45158055424690247
环境好，在公园内，300元的价格也不贵。用餐一般，还是出去吃，在聚福林吃了两餐，真好。,9,9,0.9432908296585083
外观不好看，（男朋友一点不了解我）：像个大肚子；红色红得也没有时尚感。铃声还行，能选的也比较多，音色也马马虎虎，可是，下载太贵了，好象只能用WAP才能下载。游戏也乏味。功能也少，没拍昭没MP3，干巴巴的就能打个电话发个短信看个时间的。,2,2,0.8731468319892883
用起来很不错 手感也很好,1,1,0.4165806472301483
不知是硬盘还是什么东西  已运行咔咔咔咔咔咔咔咔响个不停，很有节奏，可以当鼓点听，拿去华硕的售后竟然说正常~！！怒~！！！怒不敢言~！！！万一给抓进去关一年可亏了~！！！！,8,8,0.5998737215995789
x2收到平板用的很顺畅，值得买，很好忘了评价，今天才评，京东送货很快，态度很好，下次买还会在来,1,1,0.8353253602981567
给的码数参考完全货不对板，算了，懒得换货，当买个教训,7,7,0.9922295212745667
呵呵，收到电脑之后首先重装XP，四个小时的时间，记住一定要先在主板BIOS里面把sata关掉就可以了，安装xp以后也还是要关闭状态，否则xp进不去。之,8,8,0.9635646939277649
为什么我买的没有生产许可标 味道也不对 假货,4,4,0.6586203575134277
比超市便宜，价格合理，京东购物实在,4,4,0.7946885824203491
外观很难看，而且又笨重！信号不好！短信只可以存储25条！内屏为单色的！铃声也是单声的！可选的15首铃声没有几个好听的！无短信群发功能！！电话薄只有100条！电话薄无法分组和添加联系人其它信息！待机时间不长！不支持GPRS,2,2,0.9950922727584839
不错，很清晰就是没有东西送，就只有一个保护膜，皮套还要自己去买！,1,1,0.6517744660377502
1.如此大的内存竟然不支持JAR2.不支持摄像功能,2,2,0.6683090329170227
质量不行，坏的不少。三个火龙果，坏了两个。    不推荐大家购买。,3,3,0.9939403533935547
第一次在京东上给一星评分。包装苹果的箱子一股很浓的刺激性气味。苹果本身也特别差，不新鲜，有很多坏的地方，个头也小，感觉是在外面水果店促销的那种货色，再也不买这家了。。。。,3,3,0.7848135828971863
估计是出差这个月住的酒店里面最差的了酒店，可以说甚至连如家之类都不如，价格是328，含早餐，开始给个9楼，打开电梯就知道错了，脏兮兮的地毯，房间门破破烂烂，还打不开，撤！下面前台的还问怎么了，后来要给我升级到高级间，先看看，哎呀，还是差，但是时间已经快6点了，路面又下雪，还有其他事办，将就吧，晚上回来马桶是漏水的，还是热水，坐上去，蒸汽腾腾，屁股湿湿，第一次，浴室东西很一般，老的掉牙的酒店，特别讨厌前台的服务员，没有一点服务意思，以后不敢再住这家酒店，携程话务员还要说是星级好酒店，就知道骗钱,9,9,0.9893380403518677
地理位置还不错，就是房间隔音比较差，性价比还可以了,9,9,0.9791274666786194
1.usb口太少 并且都在左边 2.包装里不带鼠标，算是个人不满意的地方吧,8,8,0.8916149735450745
裤子跟图片差好多，还有退色，下次不会再买了！,7,7,0.9923508763313293
酸和苦，就这俩味道，第一次别京东坑这么惨，一个都没吃完，全扔了。,3,3,0.9897342920303345
很不错的一家5星级酒店。房间也很干净，就是电视太小，而且离床比较远，看不太清楚。服务人员态度也很好。下次一定会再住。,9,9,0.9591801762580872
不是第一次在京东上买东西了，但是这包装我也真是服气了，发个烂箱子就过来了，检查了一下东西没丢，也就没为难人家快递员，你们京东啊，如果评分能负数的话我绝对给你们负五星,1,4,0.6533427238464355
铃声效果很普通，和我同事买的那个诺基亚24和弦铃声相差不多！拍摄短片没有声音！机身内存小，而且不支持外接存储卡！无JAVA功能！无MP3功能！,2,2,0.9034681916236877
绝对差评，如果可以一颗星都不给的话，绝对是负星，垃圾华为，寄过来的配件有问题（充电器坏了），询问客服无论说什么都不承认，而且说有问题就申请退货，就是不能补发一个，如退货一来一去起码要一个月，自认倒霉了，以后都不会再来这里买东西了。,1,1,0.6877744793891907
不错的裤子 穿着很舒服 衣服的面料 做工都很好,7,7,0.9960659146308899
真他 妈 的坑，事物跟网上差别太大不说，还特别小，同样的码数跟别人家的比起不是小一星半点，而且裤子面料真的很差～,7,7,0.9991728663444519
好垃圾，裤子严重变形，又褪色，京东居然也有这种货色,7,7,0.9095496535301208
这次活动价格很合适，洗发水质量没的说，多次购买了，,4,4,0.9692606925964355
哪有这样的快递，送到京东自提店就不管了?愤怒?,3,4,0.5201120376586914
预装VISTA老不舒服的！就不能够装个XP?换个系统要累个半死的，特别是声卡驱动在winxp系统中装起来很费劲的！,8,8,0.9494466781616211
这个用着还行，暂时没问题，后续再继续评价,1,4,0.48957550525665283
质量不错，穿上很舒服，料子很好，大小合适，老公很喜欢,7,7,0.9985490441322327
作者在少年时即喜阅读，能看出他精读了无数经典，因而他有一个庞大的内心世界。他的作品最难能可贵的有两点，一是他的理科知识不错，虽不能媲及罗素，但与理科知识很差的作家相比，他的文章可读性要强；其二是他人格和文风的朴实，不造作，不买弄，让人喜欢。读他的作品，犹如听一个好友和你谈心，常常唤起心中的强烈的共鸣。他的作品90年后的更好些。衷心祝愿周国平健康快乐，为世人写出更多好作品。,0,0,0.9960611462593079
壳子太薄太嫩，显示屏旁边的塑料壳子用指甲一扣就翘起来了。 用了2个礼拜，划痕很多阿，懒得管了。 无线驱动不在光盘里，华硕的人比我还懒。 键盘里面掉了根大头针拿不出来了。。。,8,8,0.894661545753479
裤子质量不错，料子很舒适，穿着很合身，好评,7,7,0.9987074136734009
苹果很好吃，同时也要为快递员点赞，快递十分的负责,3,3,0.3910692632198334
写着送的东西，完全没有，箱子也不封好，直接裸露在外面，去**一看，价格比**旗舰店还贵，什么618,4,4,0.648402214050293
衣服穿了一个月已经有破洞,7,7,0.9426701664924622
不好！没有wifi的千万别买 用不了 一个星也不想给?,1,1,0.6720227003097534
我才买两天就降价*！什么鬼！差评！我一颗星都不想给！,1,7,0.3620063364505768
狗屁，为啥多了50块。,1,3,0.3545434772968292
真的很好用～～,2,4,0.7727743983268738
注意！房间没有窗户！ ！,9,9,0.9485920071601868
好好好，好用。反应都不错。我们真心喜欢华为？????????,1,1,0.7633891701698303
麻痹再也不会来京东买东西了，坑呀，昨天晚上下的单，今天就降价，居然还不能申请价保，去你麻痹的吧！,1,1,0.5539829134941101
东西很好，用着也很舒服！下次还来。,4,4,0.3600235879421234
昨天买的，今天到除了一个充电器什么都没有，裸机真干净，昨天买的，今天都降价了。,1,1,0.8740965723991394
垃圾，真垃圾，真的垃圾！,1,7,0.4837522804737091
幸好没有买早餐75cm那款苹果，那得多小。吃了一口水挺多的，还以为春天不会有好苹果了，吃着还行吧。颜色形状也正。,3,3,0.9982512593269348
DV概念是最大卖点。显示屏色彩饱满。摄像头有保护盖。,2,2,0.5811912417411804
上当了，裤子是旧的口孔也剪开了，不知道是不是新闻里面报道的垃圾翻新的裤子，这种商品也拿来卖，希望大家不要上当了，而且标牌也没有在上面，打开包裹里面就一张不知道哪里搞来的小牌子，上面写还南极人，垃圾垃圾，垃圾,7,7,0.5691987872123718
第一次在网上买水果，就买到这么差的苹果，就像闷熟的苹果一样，品相难看，难吃，以后买水果还是不要在网上买了，就当买了个教训。。。。。,3,3,0.731677234172821
我是冲着这个华为牌子来的，但是很失望，用了没一个月就卡的不行，真的是正品吗，我很怀疑，也许华为技术是靠吹牛吹出来的，反正以后不会买这个牌子了,1,1,0.8096713423728943
第二天就能收到了，感觉真的不错，用了一下,1,1,0.4493020176887512
外观满意，配置还可以！ 无线网卡驱动自带的可以安装啊，谁说不能装的！,8,8,0.8216626048088074
连续使用20分钟机器就超热。倒霉的一次购物。,1,1,0.3666527271270752
裤子很好看，质量不错，客服态度很好，快递挺快，好评！,7,7,0.9923364520072937
"现在国内这个价位的本本大部分都是预装BASIC系统,如果可以的话,应该预装PRIMIUM系统.BASIC系统太丑陋,用起来还没有XP好.",8,8,0.9751483201980591
一分事给物流的，送上门了，苹果又小又酸又涩，买了两件想着别浪费了给狗吃，我们家狗平时爱吃苹果的吃了一块都不吃了。,3,3,0.9816230535507202
非常一般，不推荐，不要贪便宜,7,3,0.23310069739818573
这是一本可以让读者有相当受益的书，不用艰深的理论，不用繁琐的文字，看图讲解，全彩印刷，让读者们ㄧ看就懂，并从中学到很多生活上我们可能不会留意到的礼仪细节。虽说大家都说不喜欢表面功夫，但人跟人相处第一眼的印象确实很重要，给人一个成熟稳重有礼貌的感觉，绝对在职场上或社交上加分，无形的东西很难用金钱来衡量，但就像书中说的学会礼仪你所获得的可能超过百万价值。结论:值得推荐大家购买学习,0,0,0.9958294034004211
不怎么样，感觉像穿过的，失败的一次购物，,7,7,0.4004555642604828
太骗人了，图片看着很大气，很高端，实际收到的是袖珍版的。。简直是欺骗。。。,4,7,0.5146704912185669
东西一般，东西快递员直接签了，那还叫我收什么。,7,4,0.47065529227256775
"感觉酒店越来越差了, 首先是取消了小车从大厅三楼到西楼的接送, 接着是房间给错了,要的太平洋至尊大床房里竟然还给加了个小床, 汗一下...换房还算及时, 新的房间首先是不干净,没有shampoo,电子称没电, 梳子盒子里是空的, 一次性的脱鞋质量太差,鞋面直接脱线翻面, 早餐也很糟糕, 是最近几年我在江浙五星级酒店里遇见过最糟糕的一个,可能比汉庭好些吧, 本来其实也不想给评语,因为以后也不打算再去了,但是毕竟这个酒店几年前第一次给我的影响很好,所以也是希望它们能够知道问题,以后有改进...",9,9,0.9946334362030029
才买了不到一周，真是无语了，各种触屏失灵，还间歇性的发作，快崩溃了都～上网一搜索，说触屏紊乱是华为手机的通病，这个手机要说优点，确实是大屏，拿着装13够炫，人多的时候从兜里拉出来确实拉风！说到底，就是个中看不中用花瓶而已！,1,2,0.5203524231910706
现在演到多少期了？蒙牛酸酸乳风云榜，貌似我落伍了， 纠结~,6,6,0.9700044393539429
一般般，太薄了，容易越穿越大…,7,7,0.9896227121353149
我的机打电话时会有细少杂音！好像干拢声吧（连续不断）！！从外屏那喇叭发出！但不至于严重影响打接电话。而屏幕也会有很小的ZZ声，这正常吗,2,2,0.9526373147964478
这次在京东购算最失败一次，平均约7元的苹果，还不如在家门口买的3元钱一斤的苹果好，苹果形态也不好看，而且小得很。无语！,3,3,0.9872298836708069
物流太慢，让我等好几天，这瓶盖颜色不一样呢，都不想要了、本想拒收滴，下着雨快递小哥还在送快递，就收下了，给快递小哥大大赞,4,4,0.7205394506454468
洗发价格倒是合适，但是洗了以后头发很快有头屑。哎，图便宜是不行的，还是用施华蔻吧……,4,4,0.9839845299720764
好久都没看言情类的小说了，前几天看到一篇评论这本书的文章，说是很感人，是穿越文中的精品。“穿越文”这个字眼还是第一次接触，好奇之下忍不住订了一本看看。没想到，真的没想到，一看之下简直就是惊喜，越看越喜欢，很久没这么为言情的小说激动过了，原以为是过了激动的年龄，可是小说还是让我坠入了“情网”，为文中的尘芳和胤禟的跨越时空的生死之恋而感动。文章写得巧妙，文笔优美自然，文中引用的古诗文足见作者良好的文化功底，这本书实在是难得的好书，耐读！书的封面设计也很独特，很美，有诗的意境，不错，我超喜欢！,0,0,0.9981569647789001
假的吧，洗了头痒！正品不会这样的，本来很信任京东的，没想到也是假货遍地！,4,4,0.805314838886261
不错，支持京东，好评！不错，支持京东，好评！不错，支持京东，好评！不错，支持京东，好评！,3,1,0.7393860220909119
非常好用，已经N次买了，就是喜欢这个牌子。快递非常快，晚上下单下午到货。,4,4,0.759951114654541
听歌不错显示屏幕好,2,1,0.8561028242111206
衣服收到，质量不错，穿上正好很舒服，,7,7,0.9942349791526794
非常好吃，非常满意！ 非常好吃，非常满意！ 非常好吃，非常满意！,3,3,0.9748989939689636
外形设计不是很好，不是和人家三星学了那么多年吗？怎么设计出的东西还是不时尚啊。拍摄出来的画面效果有点惨不忍睹，而且只能拍一分钟也实在满足不了大家的需要啊。,2,1,0.527084469795227
音质不错，很好，屏幕也很清晰！很喜欢！,1,1,0.885334849357605
太紧，买多的码还是勒的不行,7,7,0.9886623024940491
苹果都是很多都压坏压到有问题的，还有奇形怪状的，反正的话很不理想，,3,3,0.8090015053749084
第一次尝试京东自营！神速！了解一下就知道京东的发展速度！,4,1,0.3196687400341034
洗了头之后头发更油了，我不知道说什么,4,4,0.9461180567741394
商家无诚信可言：    品质差，重量不足，外观腐烂、霉点，比超市差远了，不会再购。,3,7,0.5864852666854858
外观看上去，很漂亮，一身红装，而且红的自然。机子造型也很好，比较长，而且比较轻巧，手感不错。信号还凑和。,2,2,0.7035698890686035
用了一个下午感觉很不错，这个平板手机好用没话说，下次还会支持京东…,1,1,0.892169713973999
买回来有一段时间了，我三岁的孩子不爱看。一方面里面的卡通造型不甚简洁明了，一方面很多东西确实在我们中国人的习惯中没有出现，所以没法给孩子解释。还有就是书中所用的名字及语言方式，孩子不习惯。不知道为什么这套书还在畅销书第一名，我周围的孩子家长都冲着名气买了，都在家闲置。,0,0,0.9998599290847778
北方人吃北方水果，第一次在网上买，很正宗,3,3,0.9988290667533875
不行老是自动关机,2,1,0.5245088338851929
质量好，不愧为是品牌产品，比实体店便宜好多，老公穿上身很适合码数标准。,7,7,0.9964345693588257
表面有污垢，感觉像用过的，有点差距，就像旧的，感觉过期的东西从新贴得标签,4,4,0.6193505525588989
6个橙子 全部都是苦的 。谁买谁上当。一丁点都不甜,3,3,0.9862083196640015
质量不错，适合3岁左右小孩玩。每一页边上都有已经打好的虚线孔，直接将页面撕下来就行，都是很简单的手工，练习孩子剪图形，折纸。我儿子3岁半，特别喜欢做，就是用剪刀用不太好，正好练习啦。有些东西做出来“实用性”还挺强，像太阳帽，刚好能戴在儿子头上，拖鞋，他也刚好能“穿”，儿子自己还说呐“大小正合适”，呵呵。让他练习手工的同时还有很多乐趣，超喜欢。,0,0,0.781212329864502
很一般的酒店，插座很少,9,9,0.9775136709213257
东西发货很快，包装比较好。还是熟悉的味道，很好吃，很喜欢～,3,3,0.6568456292152405
我呸他的蒙牛脑缠，以后我不买蒙牛了,6,6,0.46705496311187744
太好看了真是一本好书一本让人爱不释手的好书这还是第一本被我放在我家典藏书架的第一本动物小说！希望能在出一本好好书顶~顶 牧玲爷爷！,0,0,0.9712464213371277
待机时间短，声音小,2,2,0.8677261471748352
不错！无硅油。送货速度也快...生姜油性的。……,4,4,0.4754202663898468
加了几包纸抽，和超市的99-20的券，蛮划算的,4,4,0.7665666937828064
很实惠！特别感谢，媳妇用了。是真的，618买。真划算！！特别是快递小哥，服务特别周到。给京东快递小哥1000分好评,4,4,0.5251815319061279
收到了 包装日期有些久 坏了两个 不值这个价 很一般,3,3,0.3716551661491394
尺码偏小，只好申请换货,7,7,0.9456701874732971
是冲着好评这么多买的，收到后还是有惊喜的，现在穿刚好，好,7,7,0.9749804735183716
太难用了，发根依然油，发尾要干死，不知道优点在哪,4,4,0.986973762512207
用左一段时间再评价，洗发水好用洗出的头发顺滑干净下次再买。,4,4,0.9640726447105408
这款平板美观，音质好，音量大，也比较清晰，是一款比较好的平板。,1,2,0.5205417275428772
不是很大，比较甜，不会回购，感觉加运费后不划算。,3,3,0.883388876914978
东西刚买了，就降价，买的时候还说是活动价格呢，没想到买完后接着就降价了，客服还让退了之后再买，东西都拆开了，怎么退了再买，第一次在京东上买东西不顺心，差评,4,1,0.430519163608551
伊利，蒙牛，旺仔，爽歪歪，营养快线...各种奶饮品成功被我俘虏在办公室抽屉里每天乐哈哈地允吸着！,6,6,0.9986431002616882
对商品谈不上满意，但是你们店的信誉极度不满意，买了件衣服取消了订单，要求退款，结果退款过程进行一半就不进行了，真是因小失大啊,7,7,0.43997088074684143
一般吧，我订的蓝色裤子，发过来的土黑色,7,7,0.998336672782898
总体不错!!!!,9,1,0.43997442722320557
夏天穿的，班尼路以前穿过，应该有保障。,7,7,0.9088172912597656
还没有看，看完再发表。我想很多人对这本书的读后感很强，相信大众的眼光。嘿嘿~~,0,0,0.9884275794029236
宝贝收到了，太漂亮了。没有辜负我的期待。特别是送货师傅很辛苦，这么迅速的把货品送到手上。谢谢……,1,7,0.3309309780597687
忘了在什么网页上看到其中的一段，着了魔似的拼命搜索，终于下载了电子版的书，在电脑上一下午就看了一半，不解渴啊，我想应该在我床头放上一本呢，于是来当当网，收到书的一刻，心中涌上一阵阵喜悦，舍不得看完，每天一点点，还是很快就看完了，然后又继续订，送朋友，与她们分享这种感动。对待女儿的态度也有明显的变化，耐心好象又回到我身上。。。诚挚向您推荐这本经典。,0,0,0.9974005222320557
还不错，用用看,1,1,0.5261512398719788
酒店自动把房间升级成套房，不错，赞一下！但服务人员未免太自说自话，送水果也不能未经同意就自己开门进来啊！寒......希望加强培训！宾馆反馈 2008年8月4日 ： 非常感谢您的宝贵意见，我们将会在以后工作中加强此方面的相关培训。欢迎您的再次入住！,9,9,0.9549353122711182
裤子质量太好了，还便宜，有弹性的那种牛仔，老公说穿着非常舒服，好评,7,7,0.9972297549247742
在早教中心，老师也给孩子讲这个系列书籍，于是我本打算买全套，可总是没货，我只好先买了这4本，儿子拿到手，欢天喜地的不得了，由于孩子爱哭，我特意先给他讲了“我不哭”，哎，还真不错，每当儿子一哭，我就拿书里的故事说给儿子听，儿子马上就不哭。我觉得很值得，在引导孩子的行为举止上，比一百遍的说教强多了。孩子就是喜欢动物哦！顺便说说我儿子一岁八个月。我觉得这套书值得孩子看！,0,0,0.9986489415168762
买了四次了，这次拿来送人的，然后发现打蜡好厚，尴尬了，表示以后不会再光顾了，一分是给物流的！,3,4,0.27052041888237
翻盖不流畅，而且发出的声音有点大。短信提示音小，在吵闹的地方跟本听不到。屏幕不行，是单色的，而且，质量可能不好，有时候会很暗，屏幕有晃动的感觉，有时收到的来电号码还不全！按键手感不是很好，有生硬的感觉！,2,2,0.5083457231521606
航空酒店还是不错的，房间也干净整洁，地理位置也好，价位也适中。,9,9,0.9720502495765686
"Linux系统不太好用,平时习惯用Windows xp 系统,一下子用这个系统感觉很不习惯,建议开发或预装Windows xp系统.",8,8,0.9866259098052979
一年前我们给孩子6岁的儿子买了卡梅拉的第一部，孩子非常喜欢，一便又一便的看，今年听说出版了第二辑就到赶快买给儿子，对儿子来说其中的每一个故事都深深的打动这他，他爱卡梅拉中的每一个人物，每一个故事。那是真正属于孩子的故事。儿子有一个每当遇到感觉乏味的事情就会说：一定有比这更好玩的事。不一样的卡梅拉给我们的孩子特别是中国式教育环境下的孩子一个新的思维。我们爱卡梅拉！,0,0,0.9892082810401917
哎，本来挺信赖华为的，结果买来用了两个月就黑屏了。要说黑屏就黑屏嘛，数码产品看运气，我也能理解，生气的是售后！手机修好后邮寄回来，打开京东的纸盒子一看，手机啊 数据线 充电头 早就从手机盒子里面掉出来了，难道修好手机后给装严实点，用透明胶把手机盒子给封一下都很难吗？第一次差评！,1,1,0.95401930809021
裤子很好，很舒服！而且店家的服务态度超好，一开始买裤子送朋友，不知道该买多大码，也是店家很耐心的帮忙解决。好评！好评！好评！给店家32个赞。\n裤子也是超好，朋友穿上，感觉气质骤然变了！瞬间有一种贵公子的感觉哈哈哈。,7,7,0.9708712100982666
华硕承诺无亮点。送的鼠标时罗技的。本子的散热也比想象的好很多,8,8,0.9666310548782349
设备微卡 给父母使用 还能用 没想到3G运行会这样 尤其是点方行健 会卡 每次都是 小米和它纠结 有种选错了的感觉,1,1,0.971935510635376
无线信号不太好。比我HP本本信号平均低2-3格。升级驱动并在网卡属性作参数微调后信号仍比未作任何优化的HP本本无线低1-2格。没有配Express扩展插槽。键盘的好几个键不灵活，方向键太小很不方便。,8,8,0.740202784538269
"每年去杭州数次,本次入住友好是看了网友的评价而去体验一下.友好果不负其名,服务质量上乘,从门童及每位员工的服务都非常的热情和主动.有宾至如归之感.房间整洁床上用品非常的舒适,冲淋房虽小但水和个性化的笼头感觉很惬意.最让我意想不到的是我午睡过的房间以及被我摆放凛乱的浴巾,等我晚上回房打开房门时,房间已整理一新.而且枕上摆放了二朵紫色的兰花感觉很温馨.这些体贴入微的小细节友好做到了.值得一提的是,这里的保洁员工素质都相当不错,我外出时手表和手饰等贵重物品和部分现金都随意的摆放在桌上,都不会丢失.入住友好让我感同深受,有一种象家的感觉.原打算只住一天结果我又延续多住了一天.早餐的旋转餐厅已开始旋转了(网友以前说是不转的)西湖美景尽收眼底,感觉真好.不理想的是餐饮方面,午餐我点了份海南鸡饭68元其味道和买相实在不敢恭维,是我所吃的海南鸡饭最难吃的一家,太不正宗了图有虚名.晚上点了58元一杯的乌龙茶茶质很一般香味不浓,38元一杯的鲜榨弥猴桃汁,弥猴桃质量不好生酸涩具然还掺了很多的水太难吃了,连一般盒装的果汁都不如.建议饭店在餐饮方面能有所改善,争取有更多的回头率.建议大堂和旋转餐厅的钢琴不要成为一种摆设偶尔能听到悠雅的琴声感觉会更好.该饭店地理位置优越,环境设施和服务很满意,性价比较高,以后还会打算入住.宾馆反馈 2008年8月7日 ： 非常感谢您能选择入住我们饭店，也非常您中肯的点评。我们饭店在各个岗位积极地推行金钥匙服务理念，力求为每一位宾客营造最舒适惬意的旅居环境，为您提供最热忱的服务是我们的宗旨。就您所提到的用餐时遇到的问题，饭店已经责成相关部门改进，并向您表示歉意。我们饭店大堂和旋转餐厅的钢琴是有定时演奏的，在时间上有固定的安排，希望您下次光临时能欣赏到优美的演奏。再次感谢您的点评，衷心期待您的再次光临。",9,9,0.9873821139335632
为什么这部机买来才打开就是英文版，要调回中文都不会，，请问怎么处理？,1,2,0.49552640318870544
酒店周围风景很好，在江边散步很惬意。但是房间里基本上只能看到一角。走到阳台上才能稍微看到多一点江景，不过不知道没有阳台的房间如何。房间很大很干净，硬件设备还算ok，前台小姐服务挺热情的，我们去的当天酒店有2个大团生意，但是对我们散客还是能够比较热情的接待，这点还是很满意的。,9,9,0.9918246865272522
性价比不错，外观也还不错，送的东西挺多的，还用了一张3000-150的券，挺划算的,8,1,0.4754686653614044
快递非常给力，平板也挺有型。运行流畅，看电影也很清晰,1,1,0.9133012294769287
童年每个人都经历过或者正在经历 总有很多人是觉得童年美好的 多少年过去 都会怀念 总是听到人说 要是能回到小时候该多好 可长大的人究竟有多少是对童年点点滴滴都记忆犹新的呢 至少对于我 是早已记不清了 这也是我选择这本书的原因 喜欢回忆 却因记忆力不佳而渐渐淡忘儿时的点滴 这本书帮我找回了那种感受 很平实 就像你自己的生活一样 没有大喜大悲 却处处感动 这本书使我尊敬它作者,0,0,0.9981008172035217
我见得吧，多件又便宜。很划得来，真的，也好用。反正值得拥有。,4,4,0.5199665427207947
苹果很新鲜，口感也挺好的，脆脆的,3,3,0.9996997117996216
"2007年9月份曾住二晚,总体评价:1、服务还可以，入住的客人特别多，尤其是旅行团的，可能是肇庆市区较价廉物美的一间酒店。2、房间设施旧些，但干净。3、住观景房比较值得。",9,9,0.9946556091308594
物流配送快，料子薄，夏天穿很舒服。码偏小。,7,7,0.994156002998352
质量不行 木有穿几天口袋就破啦 已经丢一边去啦,7,7,0.9915227890014648
太不好用了 难道是假的？ 洗完头皮很痒 很多头屑 尝试失败,4,4,0.9774520397186279
刚收到货，很好，物超所值，以后还会来的！,7,7,0.3384675979614258
一般般啦，，，也就这样吧。。。。。网购要慎重。。。。。,7,7,0.41188281774520874
粗略翻了一遍，同事也借去看了一下，我们的感觉是这本书写得比较乱，很难看下去。而且里面描述得比较粗，不太实用，也没什么意思。,0,0,0.9993632435798645
苹果不错，价钱买高了，怪自己。,3,3,0.8376535773277283
外面看着还行，切开是烂的，买了一箱烂了一半，果肉还是偏黄了，口感不行，苹果个头小,3,3,0.9999058246612549
刚买几天就降价，真是让人不爽,1,1,0.5388379693031311
虽然是贵宾楼，但安排的最后一间，采光不好，和对面楼挨的太近，没法打开窗帘。服务一般，每天都下午才打扫，感觉不值,9,9,0.9946029782295227
"总体感觉不错.只是入住时收音机调节钮不能使用,打电话请工程部维修后才能听音乐,5颗星不应该这样.地灯也不亮,没有再计较.",9,9,0.9755985736846924
虽然文章中充斥着对他人的攻击；虽然看似蛮横的不讲理；虽然有时候为了泄愤的而废话连篇；但我仍然认为这是一本好书。在这个物欲横流的年代，能够这样清醒的认识这个时代，提出非常独到的见解，是转型中的中国必须有的，过于激进的表达也只是为了警醒世人。中国就应该有这样不同的观点，百家争鸣的状态，一味统一的论调只会让人更加愚钝。书中引用的几篇文章也非常深刻。这本书值得年轻人一读！,0,0,0.9996122717857361
做工精细，喜欢，赞店家人不错，物流及时,7,7,0.747733473777771
房间阴暗，有异味，总之非常失望，肯定不会再住了。,9,9,0.9852805733680725
音量实在太小，按键缝隙容易进灰尘！,2,2,0.4492455720901489
东西不错，但对京东这次的服务不满意，页面显示有货，下单后却说没货，等了一个星期才发货，次日达变成了十日达。这是第一次给京东差评。,4,1,0.4775867462158203
刚收到货，儿子怀疑是假的，打开用后，味道清新，头发柔顺飘扬，物流也挺快，态度很好.,4,4,0.8774457573890686
看着不错，还没使用，用过在追加,4,4,0.5761354565620422
性价比高、总体费用还是节约不少的，尤其是只用一般用途（文档编辑、上网等)MM 比较适用。,8,8,0.6572457551956177
不错 个人感觉还是值得信赖的,7,1,0.6176607608795166
我在蒙牛世园活动中写下： 与“哈林篮球”一起 生态行动助力中国 ，想得到他们的签名纪念品吗？点击即可参与！还有写下你的生态宣言并关注 ，就有机会获得明星物品哦！,6,6,0.8411580920219421
中等大小，基本对得起这个价格，表皮有点粗糙，性价比一般。,3,1,0.27414578199386597
我试着卸载了默认安装的杀毒软件后。系统启动有时候进不去windows,8,8,0.6082550287246704
使用挺不错的，不错的一次购物,1,4,0.6291084289550781
京东的比超市的优惠太多了，快递也给力，一直喜欢在京东上买东西,4,4,0.870417058467865
清扬男士去屑洗发露好用，很喜欢！,4,4,0.9930974841117859
我猜最担心蒙牛。,6,6,0.9577085971832275
百分百不是原厂正品。京东越来越垃圾，再也不会再京东购物，马上卸载。,4,4,0.5323321223258972
手机还好 像素1300万 我想说有300万吗 还没有我已经用了两年的800万的好,1,1,0.6360131502151489
电子产品一直信任京东，昨晚下的单中午就到了，快的，后期使用后再追加评论！,1,4,0.44277501106262207
很好，很快，很给力，京东就是不一样，给五星，还有快递小哥辛苦啦，谢谢你们的服务，还会在来。,1,3,0.5425886511802673
身边很多朋友都看，说挺好看，挺有意思。买来看了几页，发觉不和我的口味。我不喜欢这种类型的讲历史的小说，太太太调侃了。,0,0,0.9999152421951294
第二次入住。嗯，老实说，中规中矩吧，没有特别好，也没发现什么不好。补充点评 2008年3月5日 ： 对，电梯要查房卡才能使用，稍有点麻烦，不过酒店管理，可以理解,9,9,0.9940577745437622
绝对是假货，什么换了包装 味道也变了，京东这种没良心的商家大概就是钻空子赚黑心钱吧，特意去超市对比了下味道，京东的一打开连香味都没有，以前两三天洗一次头发，用这个洗了之后第二天早晨就变油腻腻的，申请退货，他打电话来一顿说，最后来了句，不好意思退不了，我们就是正品，怎么说呢，就是觉得京东无耻，京东价格低，质量也差，买过两次东西，一次珀莱雅一次沙宣，都是假货，劝告还在犹豫的人，宁可多花点钱买正品，也别花钱在京东买假货了！！！！！！！！,4,4,0.9385927319526672
第一次买的很好，第二次买的六个坏了一个，能索赔么？毕竟一个都五块多啊！不便宜！,3,3,0.7077893018722534
昨天才到我手里，今天上网就发现降价了100，这样心理真不平衡阿。。包装里只有很简单的关于保修之类的说明，其他的使用说明没有，有待自己慢慢摸索关于FN键了。,8,8,0.9141499996185303
说好的大于*，还送一小瓶，收货也没见啊 不送就不要说啊,4,4,0.9770532846450806
对于吴淡如的写作，看过的人应该都比较清楚，她的文章一般都不会枯燥说教。读来很有趣味，即时是关于很多条条教教上的东西，在她的表达下也是较生动的。如此一来本书的主观色彩也就比较浓了。当然对于很多精益追求理论规范的读者（学者）的来说，本书可能不是十分适合。但确实是适合很多有意愿从各个角度去学习提升自己方式方法者，特别推荐年轻女性读。,0,0,0.9997096657752991
体验不错，屏幕分辨率超级好，音效特别棒，指纹识别有时候不太灵敏，赠送的贴膜有点垃圾，32G内存实际只有20多点，不太够用，还有要3个多小时，特别慢，不过待机时间长。,1,1,0.5269243717193604
机器本身不错，华为一贯的质量和设计。运行速度较快，华为的UI也不错买；屏幕够大也足够清晰；电池比较耐用，第一次充电后看视频+用浏览器看小说累计18小时的情况下坚持了40小时左右。,1,1,0.6433295011520386
酒店很干净，房间不错，早餐一般，但是周围环境不好，基本上没有什么可以吃饭的地方。,9,9,0.9924254417419434
酒店的服务态度非常差，出差不推荐住这个酒店，前台的服务态度极其恶劣，没有一点服务的素质,9,9,0.9919247031211853
这是在京东最差的一次购物，苹果很小，比想象中的小很多，口感也一般，跟这个价位还是不成比例，非常不满意，以后不会在京东上买苹果什么的了，非常差,3,3,0.977295458316803
3xl的尺码偏小，腰和裤子都较小，亚麻含量30%广告里没说明,7,7,0.9981180429458618
太令人失望了，把系统升到醉新的以后不停的黑屏，打着游戏也黑屏,1,1,0.7278158664703369
显卡好、CPU虽然型号看着比较低，但性能并比高端差不了多少。性价比很高。目前来看散热良好。游戏性能很不错。,8,8,0.9540098905563354
以前对华为的产品质量很信赖。通过这次购买的华为荣耀平板2，我热血的心一下凉了。先是卡槽的问题，再是屏幕分辨率问题，客服只会解释，不会解决问题。客户花钱想买一个省心，客服只会让你浪费时间和路费，让你去网点检测，然后再给你一大堆的解释。,1,1,0.8324207067489624
这个太不好用了，好稀根本洗不好，不是真的，嗯市面上买的不一样，虽然便宜但是还是算了，一点都不好用,4,4,0.9886470437049866
很合适，特价时候秒杀的，哈哈很好心很开心,1,4,0.3449963629245758
还没吃，但是已经很不开心了，怎么这幺小，基本上都是小的，就两三个还能说的过去！,3,3,0.9942312240600586
昨天下的单，显示下午到达，结果今天才到,3,4,0.7762212753295898
标准间环境不怎么的，楼层低、有蚊子。商务间还可以，大床房1,9,9,0.991513192653656
看见南怀瑾推荐才买来一看，应该还是不错的。一个韩国人，居然能写出这样一本书，让我大吃一惊，书中大量引经据典中国的儒家、道家、佛家的思想，且把这些比较贴切地与经商之道相结合，与人生哲学融汇在一起，真是惊叹！财物象水一样平等，人象秤一样正直！本书再次诠释了最高境界的商道乃是“非逐利而求义也”。值得一读，唯一感觉书稍微写得啰嗦，有些地方重复。,0,0,0.9991821646690369
太便宜了，太合适了，推荐大家购买！！！,4,4,0.35218343138694763
做人能不能诚信。以后该怎么做生意？,7,7,0.16972202062606812
裤子收到了，质量很不错，和图片一样，穿上挺好的，好评。。。。,7,7,0.9743690490722656
送货速度快！高端大气，支持华为！！,1,1,0.4579482078552246
手机像素不好……苹果还是很好的，感觉很新鲜，我买回来的总重量是2.2kg~挺好吃的~也没有磕碰,3,3,0.9648387432098389
东西收到， 漏了一大半， 能不能不要这么垃圾， 直接把洗发水丢进去箱子， 连一点泡沫都没有，    垃圾差评,4,4,0.9125407338142395
宝贝收到了，非常不错很便宜是正品。生产日期在瓶子背面最下面、二零二零年二月二十大才到过期时间，时间很长不错不错……,4,4,0.4368849992752075
酒店本身的环境还是不错的，楼台庭阁，很安静，感觉就像住在园林里面。还有游泳池免费开放，让我们觉得很惊喜，可惜没带泳衣。房间一般，没什么特殊感觉，服务还不错，有服务生帮忙拿行李到房间（没给小费：－）），公司安排的出差，我自己定的酒店，结果回到广州才发现忘记拿发票，打电话给酒店，酒店同意给我寄过来，虽然是到付，但是还是很感激他们。就是没有电梯，楼很矮，好像只有3～4层吧。外面的环境就不是很好了，周边比较落后，距离镇中心还有10分钟车程。,9,9,0.9639469981193542
配送时间最长的一次购物 以前都是二十四小时内收货的,1,3,0.3658364713191986
物流配送很快，第二天就收到货了，这个价钱很值、?,4,4,0.3615550398826599
平时也不怎么用，刚买第20天就出现阴阳屏了，打客服电话说是等专业人员答复，说是正常7天退15天换，意思就是我是能修了呗！我这个心呐！！！真是京东如新闻所说吗？等他们售后答复后继续评价！,1,1,0.8239299654960632
包装精美，闻着也挺香的，应该是正品,4,4,0.7702717781066895
做工不错，手感很好。音质真的挺不错，不管外间还是外音音质都很好。屏很清晰，护眼模式还保护眼睛。国货，支持华维。,1,1,0.796883225440979
用了好久，说白了就是大号的手机，不过真的挺方便，而且大小刚好，平时玩的话，配置和大小都够了,1,1,0.8429509401321411
裤子很好，摸着质量挺好的很舒服，喜欢。颜色看起来也挺好，应该能搭很多休闲的衣服了。而且物流超快的，前天下单第二天就到了，可怕。,7,7,0.9535722136497498
昨天才装好，还没用。混水阀不好装，要装好要花100多块钱，不划算，准备自己买淋浴龙头安装。安装师傅很不错，美的服务很一流。,5,5,0.98614501953125
不错，确实是正品，好货,5,7,0.5196549296379089
手机用着挺好，送货员态度也很好,1,1,0.5487117171287537
和华为手机的用法一样，给我老公办公用的，用来看excel表很合适，开会拿着又方便，用了这么久也没说不好，另外有两个音箱，听歌效果不错哦,1,2,0.4416802227497101
谢谢我已经收到货了等我用了再过来评价 谢谢快递员在这么冷的天气送过来,4,4,0.6372803449630737
做工不错。音响音质还很不错！散热还成！京东送自取货挺快第一天早上定单，第二天中午就可以自取货了。,8,8,0.6123402118682861
送到家比较快，不过水果保存有点问题，3个火龙果，有1个火龙果外面的1/5的叶子已腐烂。,3,3,0.9927997589111328
破旧的包装，大家看看吧，连个袋子都没有，里面和狗坑了一样,4,3,0.6940557956695557
不好，明明买的是领般的牌子，发过来是利堡，跟图片不一样,7,4,0.8998234868049622
四五个坏的！！！差评！！！味道是不错,3,3,0.9206090569496155
沙宣洗护套装修护水养套装，优惠券：快递很快，今天上午10点下单，今天下午3点就到了，快递超快！用的很好，质量还不错。【 yhqld.我爱你/sx 】 复￥制括号内内容。到浏览器中打开领取沙宣20的优惠券,4,4,0.903120756149292
外观喜欢,2,2,0.5865092873573303
买了财富版，把几天前买的移动联通版给退了，财富版还送了金色外套！！！,1,1,0.6128113269805908
书内都是大实话，平时生活中可能大家都知道，但切实实行的很少罢了。书不过做了些归纳、总结，看不出新意。整本书我只翻了1分钟。,0,0,0.9972368478775024
太好了，太好了，太好了，划算，划算，质量也很好，到货时间也很快,4,7,0.558536171913147
如果不是有人送我张礼品卡，我永远不会知道京东为什么永远*，千年老二还是有原因的,1,4,0.3770519495010376
宝贝质量不错，款式时尚，做工精细,7,7,0.9914810657501221
质量很差，起皱严重。没型，不值得购买,7,7,0.9141045808792114
一直在此购买， 方便实惠，安心。好爽脆会一直购买的。,3,3,0.4553246796131134
裤子韧性非常好，还比较修身，布料摸起来也很舒服！,7,7,0.9988266825675964
质量很好，下水了，不褪色，有弹性，搭配衬衫好看。,7,7,0.9976804256439209
除了屏幕差点，其他都行,1,1,0.9105880260467529
软件不行，发送短信时有时对方接收不到；兼容性也不行，有的手机收到的短信是乱码！还有死机现象！拍照效果次！不是循环或自定义式闹铃，每次都要调，太麻烦了！后盖不够严密！原装配件中无座充！,2,2,0.9721385836601257
图片与实物色差太大,7,7,0.8851661682128906
包装非常不好，都漏出来了,4,4,0.5760021805763245
很好。客服和安装人员都很好,5,5,0.8741356730461121
那个包装简直是醉了。京东，我再也不愿见你。,4,4,0.42679986357688904
真心的太味儿了，如果不是赶飞机真心不想住，而且房间里有小虫子,9,9,0.9905244708061218
我现在死机京东还说等十天最坑人的网站京东的商品太垃圾还没地方说理大家买东西还是要去实体店这种地方太不靠谱啦我是真心不会在买京东的东西啦可能京东不差我一个客户但是京东太差啦,1,1,0.5274998545646667
这就是传说中的小苹果？重量都差了一斤,3,3,0.9828171730041504
12/29-31住标准大床房，房价170元。今天住商务大床房，房价189元。房间是大一倍。要选这家酒店的话，一定要选商务大床房。只有贵19元/天，相差很大。,9,9,0.9896608591079712
我老婆偷偷自己买的吃的，我没有吃过～,3,3,0.9259335398674011
质量不错，款式也挺好，穿在身上挺舒服，没有异样感觉。满意的商品。,7,7,0.9433431029319763
联想把IBM的牌子毁了，的质量太差了！我刚拿到货，就发现液晶显示下面整体泛黄。,8,1,0.5862902998924255
有那么多朋友点评钻石公寓，不妨再讲两句。钻石新推出的“特价”双人房，其实一点也不特价。以前有国外朋友来上海，一直比较推荐钻石，他们也比较满意。但这次7月上旬的入住新推出的特价双人房，朋友反映房间比以前小多了，总体比以前的的套房差多了。订房的时候，双特价人房和套房的价格只相差几十元，但实际情况却相差很大，我认为这是钻石在忽悠客人。,9,9,0.9885558485984802
全烂了，差评！！！！！！！！！,4,7,0.29775989055633545
虽然里面是好的，但是外皮长霉，干焉，一看就知道不新鲜。尝试吃。有霉霉的味道。唉……也不知道怎么找客服，留言没人回。,3,3,0.2939355671405792
使用拼音输入短信时，明显有延时！内屏的亮度不可调！短信铃声只有10种，不支持下载的铃声！连接网络后，闪光灯会一直闪，浪费电池资源！内置铃声不好听！设置里没有拒用其它UIM卡的选项！来电接听方式只有三种，略显单调！,2,2,0.9951706528663635
火龙果又小又不甜，团购的价格跟超市一样，还没有超市的大，感觉有点被忽悠了,3,3,0.9955297112464905
物流慢的真心不想说，等了四五天了。,7,4,0.3985157310962677
就是感觉貌似怂二次封装得 显示屏上有划过的印记 后面贴膜里面有颗粒壮的灰尘 可能是受网上的影响 整体来说还是不错的 挺喜欢华为得 买了华为Mate9Pro 荣耀V8 加上这个M3 都很不错,1,8,0.5873508453369141
"房间很大,老公每次去都定那里,在郑州算是不错的酒店.",9,9,0.9853598475456238
酒店前台服务员态度非常差，第一次住这样的酒店！可能以后再也不会去这家酒店了服务态度极差,9,9,0.9819577932357788
这个裤子上身效果很棒，穿上很时尚，料子也很好，好评好评好评！！！！！！！下次还会光顾,7,7,0.9890483021736145
休闲长裤的大小合适，质量不错，裤子不错,7,7,0.9975045323371887
一看就喜欢上了，反应快，音质好，看电影和听歌很棒！,1,2,0.6491600275039673
挺失望的一次购物，苹果质量超级差，一共12个近8个都是坏的。而且又小，以后不会再在京东上买水果了！,3,3,0.9816402792930603
距离火车站非常近，走路5分钟就能到，在市中心，去哪个地方，交通都比较方便。入住比较晚，晚上10点钟左右，想订餐被告知下班了，想到宾馆小卖部买点方便面，没想到也关门，这一点不太方便。房间还行。,9,9,0.9873998165130615
还没出货就跟他们说过要把32换成31，等货到了才发现没换，还跟我说31没货，，这不纯粹坑人呢，，这一星是给物流的,7,1,0.33978506922721863
我要加棉的 给个薄的,7,7,0.9880993962287903
京东搞活动买了很多东西还不错的价格。,4,4,0.6797269582748413
火龙果好小，不是很新鲜，水果看样子还是实体店有选择,3,3,0.9917007088661194
衣服质量还好，穿着也还舒服，价格也不贵。,7,7,0.9803181886672974
能不能用心给挑几个好的，看的好看，但,3,7,0.3330908417701721
一颗星都不想给，扣洞被剪开了，这样的也拿出来卖，醉了,7,3,0.5845404863357544
真不错，挺香的，第一次刚刚用，效果还可以，不知道以后,4,4,0.9949560761451721
帮一位老外客户订的，环境不错，值得推荐，住的是豪华房，只是价格太高，希望携程能与酒店再谈下价，更再便宜就好了，客户说下次还会来住！,9,9,0.9806719422340393
酒店位置在机场附近还行！实施像以前三星酒店，实施老化。服务人员不能耐心告诉顾客去酒店的注意事项，由于酒店服务人员没有讲明在几楼候车，害得我大冷天错误在机场三楼等酒店服务车辆一个多小时！期间多次打电话联系酒店，酒店工作人员不能耐心服务，没有详细告知具体等车地点。把我都冻感冒了！服务人员素质亟待提高！,9,9,0.9901424646377563
衣服还可以，物流也快，以后会继续购买,7,7,0.8761724233627319
这是一本令人着迷的书，一本可爱的百科全书，一看到书中的介绍，就不禁情动了。一个优秀的男人，是应该杂学博记，能触类旁通的。从小性子里就充满着野性，对于那种粗糙生活有着难以言喻的情结。这一切，恰恰都在书里能找到。有很大的可能，会抢爸爸的角色。哈哈！当然，这本书对小儿子而言还是买的太早了些，希望我的宝贝能早些长大，快快和妈妈一起探险。,0,0,0.9986655712127686
该酒店主楼房间还不错，建议最好不要住附楼，房间质量和酒店四星级的标准差距太大了。强烈建议该酒店提高人员素质！！服务人员工作态度差，入住当晚半夜1点多居然发现房间空调漏水！！晕啊，当时因为是便宜房间，本来还不怎么生气，想说通知前台换房就好了，谁知道前台居然来一句“这么晚了不方便处理，又没什么关系的，您将就下好了”……结果偶当时就发飙了。虽然最后由于我们坚持还是换了房间，可是还是让人一肚子气！我出钱住店半夜不能睡觉要搬动我还没抱怨，她一个在值班时间的工作人员居然还要不情愿，真是不知道什么素质！！！！,9,9,0.9949317574501038
房间设施很不错，可是不知道为什么，房间内只有一个可以用的插座。比如，我用电脑的话，就不能给手机充电，很奇怪。你一定要和服务员拿排插才可以。,9,9,0.9794904589653015
不好，有坏果，里面一共三个果 坏了俩个果还，而且还不好吃！,3,3,0.9996751546859741
房间很宽敞，大床实在是很大，两个大人带个小孩睡着一点儿也不挤，打扫也很干净。站在海景房的阳台上任海风拂面真是很惬意。早餐内容也很丰富，不过性价比不高。但除此之外，就不能要求更多。送餐的食物实在是有失水准，晚上的露天烧烤除了暴贵之外，没留下其它印象。,9,9,0.9878949522972107
"不错,就是院子小了一些,到海滩需要走一段端小路,奇怪的是青岛所有酒店都没有自己的海滩",9,9,0.9713258743286133
商品很好 希望下次合作 老板很耐心态度很好,7,7,0.48861342668533325
太垃圾啦，亏大啦和超市里买*一件都差不多,7,7,0.9426011443138123
操作系统为DOS版本！其他问题暂未发现。原装赠包在盒子内，请商家表明！,8,8,0.4428864121437073
一直相信京东自营。。支持京东，支持京东自营！,4,3,0.37610000371932983
苹果个头不大，中等，一次吃一个正好，好吃。,3,3,0.9976193308830261
为何没有送保护套啊，手拿着好累啊。?,1,1,0.4168397784233093
物流速度可以,1,1,0.6007280349731445
1，语音报号，特别在驾车，耳机接听等不便看手机的情况下比较实用。2，拍摄图片效果好，特有的4副照片同画面显示功能。3，声音宏亮悦耳。,2,2,0.9972683191299438
这个是15年的，外观很棒，用的也可以,1,1,0.5686891078948975
东西真的不咋地，用起来比较卡，勉强凑合下用,1,1,0.7647117376327515
环境还可以，就是空调太差，没什么温度。热水器没法说了，洗一半热水就没了，后面烧2个小时水都不热，换了房间还是如此，烧了一整夜第二天早上才有澡洗，我想我不会再去那了。,9,9,0.9861095547676086
1.电话线、网卡接口处没有状态指示灯； 2.没有提供网线网卡、喇叭的手动关闭开关（必须使用Fn组合急键）,8,2,0.9143747091293335
感觉不是正品，跟实体店买的有差别,4,4,0.41754892468452454
国航坚持送蒙牛，我批评过好几次，可惜他们不听我的，哈。支持老罗促进国内航空业的服务质量。,6,6,0.9471730589866638
包装完整，送货及时，非常新鲜，很好。,3,3,0.9663069248199463
优点：酒店周边环境比较好，湖景房窗外的风景确实挺漂亮的，服务也还算及时。缺点：外面看起来很不错，但是房间里的设施很旧，隔音效果很差，前台收银员的业务能力也非常需要培训。,9,9,0.9942067861557007
买了一大堆，物美价廉可以用好久了。京东多多搞活动啊，可惜只抢到一张卷，送货也很快，早上定下午就到了。,4,4,0.8230140805244446
虽然价格比同类其它品牌产品偏贵，但更轻，可见集成度更好 散热也非常好，用下来没有明显发烫 毕竟继承自小黑，值得一赞！ 1. 随机赠送的“原装真皮包”不像原装，更不是真皮――上面标签是Targus，不知道其他朋友怎么看？我是冲着这个原装真皮包才在京东购买的，非常遗憾！ 2. 同系列HT2带指纹识别，希望京东引进 3. 1G 内存运行 Vista 明显吃力，换成4G内存了（便宜50元/条）,8,8,0.7515870928764343
住的最贵的套房，除了房间大，其他看不出有最贵和5星之实质。按摩浴缸是坏的，水特别小，放缸水半个多钟头，热水最热也是温吞的。海景么不谈了，看黄浦江还更漂亮点。check in排队有半个多钟头，居然说找不到我名字，看了半天说原来预定的是英文的，给身份证就找不到对应的中英名字了。没学过拼音的说。好的：服务态度很好，比市区的5星还好。大闸蟹很好，绝对正宗。害得我现在吃啥蟹都觉得不如此蟹美味,9,9,0.989936351776123
虚假广告，欺骗消费者，买的时候问，有送吹风机，货到了，就没有了，问客服说什么送完了，要不就一直不理人，也不给解决办法，最垃圾的一次购物，最好不要买，真的很垃圾，一直在京东买东西，第一次见识了京东的垃圾客服,4,4,0.642756462097168
用着还不错。到现在才评价。感觉到就是平板分辨率低了点，其他的都不错。,1,1,0.9655022621154785
衣服质量还行，做工也很精细。满分,7,7,0.9789634943008423
老式四星级酒店，交通倒是很便利，我们自驾游沪杭高速下来没多少路就到了。我定的是490的豪华大床房，房间倒是挺大，但不知道为什么床比较短。就是比一般的大床要短，如果是1米8以上的男生估计就睡得比较不舒服了。酒店早饭品种还是比较多的。停车场也比较大，停车比较方便。顺便提一句，杭州的司机开车真是野蛮，想怎么开就怎么开，相比之下上海的私家车主自律性真的很好。,9,9,0.9850416779518127
假货吧，洗了满头头皮屑，痒,4,4,0.7245729565620422
酒店的环境还是不错的，服务员也热情，去的当天，酒店在大堂组织了全体员工为汶川灾区捐款，感动之余我和另几位旅友也捐了些小钱。,9,9,0.9637039303779602
洗完一直掉头发特别严重怀疑是假的,4,4,0.909049391746521
犹豫了很久，终于下决心买了。外观挺漂亮。附带的操作系统也漂亮。总体感觉不错,8,8,0.6589857339859009
从来没见过这么差的火龙果，有一个连皮都没有初中生手掌心大，关键还不新鲜、还不熟！,3,3,0.999671459197998
无论是任何年龄，任何职业的女性，通过这本书，都可以找到一个全新的自我。作者用幽默的笔调，自身的经历，给我们讲述她的情感历程和周游的几个国家的饮食及文化，让人在笑过之余，不禁佩服起她的一切一切所见所得。或许随着年龄的增长我们已经不再年轻美貌，但是我们可以有一颗永远年轻的心和快乐，一辈子做一个幸福的女孩！,0,0,0.9947344064712524
太小了，也不是很甜，买过那么多次苹果，这次是最不好的一次，快递很快，下单第二天就到了，但包装太单薄，盒子都压扁了！,3,3,0.9902719855308533
很好吃的苹果，水分足，味道甜美,3,3,0.9980599284172058
"DC功能强过WALKMEM,但是有哪位在玩的知道拍摄时滞是否明显",2,2,0.6923959255218506
"酒店服务特别到位,时刻为顾客着想.房间干净.下次还会入住.补充点评 2008年7月2日 ： 闫蕾小姐的服务非常好。",9,9,0.976077139377594
三个受伤的，有点坏，放一天就不行了，差！快递员很好,3,3,0.35120439529418945
非常脆，非常好吃，就是比描述的有点小。顺便提一下送货员的态度真的非常好,3,3,0.9812856912612915
什么全球最大的中文网上商城，我呸！乱发货不说，客服态度差、处理速度慢、不主动。想忽忧消费者呀？,0,4,0.33870238065719604
没用几天，屏幕就破碎啦，什么质量啊，打死也不买了。我都怀疑是不是正品。,1,1,0.8543941974639893
6月5号收到一张发票号码：10342543（金额为3217元）属于订单号：4491950 但是今天财务拿到税务局没法通过认证（密码区有一行字不清楚）真不知道你们公司的开票员干啥吃的！！！！！！,8,6,0.4063228368759155
为什么我昨天到货的平板电脑没有发票？,1,1,0.8021560907363892
非常非常差,9,1,0.3008746802806854
本来想买几件，又掉色.又有小洞.第一次穿.,7,7,0.9977255463600159
质量挺差，才十来天表带就掉皮了,7,7,0.7192797660827637
京东的生鲜，苹果，烟台的一般吧没有陕西的好吃，苹果有点软，其他都还好吧，一般般,3,3,0.9989976286888123
没有参加过评价，但感觉很多酒店的评价不客观。这次参与一下。此酒店我个人觉得在西安应属于性价比比较好的。房间大小设施及服务都不错，前台的行李员给我印象很好。很重要的是位置很好。离大雁塔及小雁塔都很近。只是担心未来可能会有问题，感觉目前的经营上有点杂乱，好像有很多公司入住包房。,9,9,0.9699613451957703
3楼是ktv，很吵；前台服务一般，退房时还莫名其妙有了99的国外长途费，房间内没有宽带，有个adsl猫，他?,9,9,0.9945889711380005
质量很不错，大小也合适，好评！,7,7,0.9235672354698181
还可以 儿子玩的很嗨,1,1,0.744647741317749
口感蛮好的，脆，香，甜。略小。,3,3,0.9963390827178955
给老婆买的，不知道用起来怎么样，反正她说只要是我送的她就都喜欢,1,4,0.5014762878417969
不错，活动屯了很多东西，京东是我家，缺啥往回拉……,4,4,0.610142707824707
l码的对于1米78的我来说偏长，屁股都遮住了。,7,7,0.996239423751831
太难用了，油性发质特意买了控油效果的，结果洗后的感觉就是油乎乎，冲不干净，用不了，给人了。,4,4,0.9957306981086731
快！感觉还行！用用才知道效果,1,4,0.9099966883659363
一直用沙宣，赶上618活动真的很便宜！,4,4,0.8629518151283264
酒店不错，就是CHECK　IN太慢，下次考虑还要不要订。。。,9,9,0.9344233274459839
帮我朋友订的豪华大床房，没想到到了那里竟然免费升级到套房，3个人3间套房！！他们美死了，酒店硬件设施超赞的，我以后也要去体验体验！,9,9,0.9854456186294556
呵呵。也就*！跟雨衣的布料一模一样。卖128真他么黑,7,7,0.9603579044342041
昨天下单，今天降价300，京东的价格波动我也是醉了~~~可以选择退货么？低分不针对商品...,1,4,0.6883795261383057
做活动时卖的物超所值 值得拥有,7,1,0.355486661195755
"1.待机时间长.有如此优秀大屏幕的手机待机时间如此之长的未见其二.2.软件稳定.尤其是作为手机功能这一块做得很好,极少遇到死机现象,有也是其他周边功能里出现的.3.屏幕大,通话质量好.",2,2,0.9892311692237854
嗯，我觉得这个苹果真的很好吃，而且带有很浓的苹果味也这么新鲜，我还想再买，这个真是不错,3,3,0.9976332187652588
蒙牛不能喝。吓死我了。 我终生都不会改变对蒙牛的印象了。 发指阿太无耻了！！！,6,6,0.8292661905288696
质量太差 我放在背包里 装的东西有些满，打开后洒了一背包,4,4,0.41579774022102356
12个苹果，有5个有点烂了，又找不到客服，苹果还算比较脆甜，希望客服赶紧处理,3,3,0.9843149781227112
第二次购买此款热水器了，质量放心，做工精细，外观设计合理，加热也很快，给老年人用的，非常满意了！,5,5,0.9283255934715271
"7月25到27,住了三天,从酒店的房间里望外面,能看到海景及红砖的房屋,环境非常美丽,服务也不错,每天有小点心及两朵鲜花送,很温情.没有吃早餐,无法评论.房间的电视不是液晶的,设施稍微旧些,但是座在靠窗的沙发上看书,感觉非常好.本想带着小孩去酒店的泳池游泳,但是太深了,小孩不敢下去.交通也方便,出来就有公交车站,往对面座车可以去栈桥,中山公园,青少年帆船中心,这面座车可以去五四广场及奥帆中心.住在该酒店还是感觉不错的.但是,后来去了汇泉王朝酒店25楼吃早餐,发现风景更漂亮,因为该酒店下面过街就是海水浴场,还是青少年帆船训练基地.另外又有本地人说应该住在八大关,因为有些酒店推门出来就是海滩.下次可以试试.",9,9,0.9822195768356323
东西使用了一天，挺给力，唯一的缺憾是电池不够使用一天，我算是重度使用吧，和之前用的mini2的电池比起来完全不是一个档次的，希望华为在电池续航方面能用上最新的技术，提高续航能力，这样就基本可以拿100分了。,1,1,0.6577178239822388
东西与图片不符那个领子为什么是黄色的,7,7,0.97020423412323
衣服不错穿着也合身与商家描述一致就是物流太慢没别的相信京东一如既往,7,7,0.4812685549259186
不差钱别住这,9,9,0.5510872602462769
头天刚买回来第二天降价 ，申请价保说套装不受理，送的东西就值 ，算下来多花了 ，哎亏。平板也就一般,1,1,0.9204428791999817
电源适配器温度较高，触控板不灵敏，左右按键生硬，重量较大（6芯电池，鱼和熊掌不能得兼啊）,8,8,0.8130999207496643
一分钱一分货卡的要死,1,7,0.3952822983264923
欺骗消费者，四星级酒店拿后院的低档房搞促销，实在是上当受骗的感觉，空调温度尽然没用，装修效果最多值壹佰捌拾一晚,9,9,0.9080616235733032
收到的苹果都是烂的，根本不能吃，大家不要上当。,3,3,0.9960784316062927
裤子特别合身，爸爸穿上很有气质也很合身！非常不错的一条裤子！,7,7,0.9954009652137756
酒店位置超好，但是楼层服务相当糟糕。根本不是这个价格的水准。前台黑衣服的主管还不错，客房小妹态度也还好。楼层基层人员服务太糟糕了，期待改善。房间设施老旧了，毕竟是老酒店。,9,9,0.996428906917572
我一共购买了三次，每次都是购买两件，前两次购买的质量很满意，第三次购买的质量明显下降了，不如原先的质量好，厂家不诚信！,7,7,0.7594602704048157
到货很快，京东就是不一样。东西用了，非常不错，还会再来。,4,4,0.40737059712409973
裤子不错，穿着也挺舒服的，布料可以的，颜色也还行。,7,7,0.9971550703048706
衣服还可以，就是上面破了个洞,7,7,0.989657461643219
位置很好，服务很差，真不是一个像样的酒店。,9,9,0.9864975810050964
国庆住了几天，总的来说还可以。交通：应该是很方便，紧挨着三环，离光熙门城铁站特近，步行不到10分钟，就是路不好找，城铁附近正施工，携程短信上的地址严重失误，什么城铁站向北十五米，害我找了好几圈，所以最好向路人打听。住房：厕所比较小，但很干净，卫浴也不错“箭牌”，热水很足。室内装修简介明快，就是墙皮该刷了，很多都脱落了，床一般有点硬，能感觉到弹簧，不过我比较喜欢睡硬床。服务：相当一般般。吃饭：附近吃饭地点还是很多的，蟹老宋、全聚德、羊蝎子等等。。,9,9,0.9862006306648254
买了两箱，水果很好，大小差不多，没有坏的，收到还有点凉凉的呢。赞?,3,3,0.9551195502281189
经络是不存在的，无论你用显微镜看，还是X光照，都看不见。经络、穴位是中国古人在不能全面认识人体的情况下臆想出来的东西，而这本伪科学的书还在大卖，奉劝大家要三思。,0,0,0.9905853867530823
以为和温州的华侨饭店一个系统，入住发现像校办酒店，房间隔音很差，而且不仅是左右，楼上的动静也听的到，房间有一股陈年的霉味，行政房就是大些，湖景一般，是湖的一小部分。服务像国企。,9,9,0.9970743656158447
很不开心呀！第一次京东买水果 一张三个就有一个乖的！郁闷！！,3,3,0.797989547252655
裤子还不错.质量挺好的.速度也快.,7,7,0.9635032415390015
首先是名著，其次是名家，再加上名出版社，让你不动心都不行。我个人比较喜欢金圣叹这个版本的水浒，因为文字洗练，啰嗦的东西不多，尽管鲁迅先生对金大才子腰斩水浒很不满意。但我觉得这是个认真读书的人，至少有自己的一家之言，套用鲁老先生的一句话，有比较才有鉴别吧，建议喜欢水浒的朋友在读完120回本地水浒后，最好再读读这个金本70回。,0,0,0.9994490742683411
作为一家两星级酒店已经不错了，我订的是套房，房间很干净也很宽敞，卫生间很大，还带淋浴房，服务也很到位，毛病就是服务员的普通话需要加强,9,9,0.99247145652771
不好 也太小了 什么啊这是 一点也不直,4,7,0.5260498523712158
6.18活动买的，感觉超值，等用用再追加评价吧。,4,4,0.8587294816970825
亮点，手指所指位置亮场和周围不一致！,1,2,0.29265856742858887
下单三天才配送，打包票说是好的我就没开箱，结果回来打开是这样？！客服联络不上。。,3,4,0.42231985926628113
苹果太小了，样子也难看，东西很差,3,3,0.9770345687866211
"酒店当时的团体客户多,所以临近假日,感觉散户有点不被重视了.宾馆反馈 2007年10月10日 ： 首先我们感谢您对酒店提出宝贵意见。酒店管理层非常重视客人的每一条意见和建议，总经理已敦促有关部门进行整改。对您在酒店逗留期间的不愉快，我们深表歉意，再一次对您说声对不起。我们将会进一步加强员工细节服务培训，加强专业知识的训练，期待着您再一次光临文华大酒店。谢谢！",9,9,0.9431787133216858
总的来说还行．,2,5,0.3492666780948639
苹果不错，再次购买了，包装规整。,3,3,0.8939583897590637
因为去年住过，感觉房间好像装修过了。但是早餐好像和去年不一样了。我去的时候两个老外去了豪华的餐厅，我被安排在下面。。。 早餐很差。。连沙拉都没有。。如果需要购买好一点的早餐，酒店应该先向顾客说明。,9,9,0.9648454785346985
国产版蒙牛牌香蕉牛奶，也很美味！,6,6,0.9913698434829712
"环境设施相当的不错,尤其是门口的警卫很给人安全，不愧是吉林省的国宾馆的。我住的是主楼，但是对于对应的价格来说是比较偏高的，个人认为主楼和七栋差别不大，实际来说在南方也都就是3星级的标准，服务员很热情，但是硬件上只能让我综合给3分的。",9,9,0.9835236668586731
当天拍下当天到，最满意的就是京东这一点，收到货后，感觉还比较满意，洗了一下味道不错，就是不知道是不是正品，有谁能辨别这个是否正品，感觉像海飞丝味道还是什么味道，反正有点熟悉！有点不满意的是包装不太满意,4,4,0.5743896961212158
宾馆离机场近点，第二天一早的班机很方便，就是晚上飞机声音太响了。,9,9,0.9873299598693848
京东的速度真是快，产品用了才评价是正品超实惠。包装也好。,4,4,0.6713996529579163
严重怀疑是假的，我还奇怪了，自己为什么最近头皮屑那么多，从来不长头皮屑，以前用沙宣就没有这样的问题，真的是，京东这是要自己砸牌子？昨天去超市买了海飞丝，昨晚用了今天用了，一点木有头皮屑，真心怀疑这次买的有问题，不是卖家问题就是京东问题。哎～ 心累,4,4,0.9816558957099915
我看这本书，却是步步揪心，步步伤心。以为对历史熟稔，却无法避免历史以泰然的姿态，铺天盖地而来；以为占得先机，可以独善其身，兼悠然点拔，却仍旧改变不了既定的命运，甚至于一手催化，悲剧频生。若曦，我真爱极这个女子。爱她早年的洒脱。不高兴了，与明玉格格大打出手，被人如落汤鸡一般从水中捞出来，还能气势汹汹地恐吓明珠“不许哭”；高兴极了，与十三阿哥策马野外，喝酒至天亮，不避嫌，不守规，却叫人不得不喜欢这直通通、真切切的性子。爱她青春时的聪慧。十四岁入宫，在御前奉茶，蕙质兰心，进退有度，玲珑剔透。奉茶，奉出投各人所好的玲珑女儿心，奉出了巧手妙思的高超好手艺，奉出了羡煞众人的康熙帝宠爱，也奉出了与四爷的一段旷世情缘。她曾爱过另一个浊世翩翩佳公子，温润如玉的八爷用一枚通透的玉镯，锁住了她含羞带怯的七年岁月。草原上的纵马奔驰，蒙古包里的含笑相望，许是他俩情爱中最绚烂的回忆吧。他日后对着红楼高墙叹息时，眼前是否悠悠浮现起那夜，美人帐前的妖娆舞姿？隔着催人老的时光，隔着生死茫茫的冥河，他是否会暗暗后悔，当初为何不肯答应她，从此灯下带笑看，不理江山几浮沉？半是怨恨，半是绝望。谁又改变得了历史？谁又抗拒得过命运？可为什么？带她荡舟莲湖的，不是他？雨帘中真情毕露，用尽力气怜惜一抱的，不是他？纵装敛得躬耕淡泊，却仍肯以身为她挡避羽箭的，不是他？送她玉兰花簪，玉兰花链，却也真的刺中了她脆弱的心，锁住了她短短的后半生。四爷，胤禛，雍正，这个男人以强势又温柔的姿态，开启了她新的爱恋，也开启了她另一段含泪泣血的人生。原本是为避入太子牢笼而向他许下终身，却不可避免地爱上这必将君临天下的男人。为他，又蹉跎了七年。七年复七年。面色不再红润，身子不再健朗，忧思忧虑，掏空了昔日活蹦乱跳的娇美身躯；紫禁红墙，耗尽了她一生的喜怒哀嗔。鸳梦终圆时，却只剩几近可数的时间，残忍得叫人不得不落泪。人们说一将功成万骨枯。一个皇帝的成功，更是哀鸿遍野，万人梦碎。每翻一件往事，便多一次杀戮。每多一丝血痕，便多一份哀惧。想两相厮守，却怕终会彼此失望与怨恨；想自求归去，却如何熬过日后那些没有他的日子？世间安有双全法，不负如来不负卿？日复一日，昔日横波目，今作双泪泉。幸而还有十四爷，敢于犯天威，冒圣怒，带她远走皇陵，给了她短短的安憩的余生，给了她远相思，诚相念的机会，给了她回忆过往的幸福空间。大限将至，她渴望见到重重紫禁城里，正襟端坐的爱人。她说：由爱生嗔，由爱生恨，由爱生痴，由爱生念。从别后，嗔恨痴念，皆化为寸寸相思。她问：不知你此时，可还怨我、恼我怒我？她叹：相思相望不相亲，薄情转是多情累，曲曲柔肠碎。她求：红笺向璧字模糊，曲阑深处重相见，日日盼君至。却仍旧阴差阳错，无缘见他最后一面。从此，天上人间，相思不绝。我跟着她，起起落落，二百六十余个章节，走完一生。看她痴爱一场，颠狂一生，看她临他写过的字，饮他喝过的茶，爱他喜欢的花；看她晕沉沉地弥留，熬过油尽灯枯，却等不来爱人的相送，我只觉内心倍觉凄苦。如果，如果清楚地知道，只有八个月的时间，如果，如果清楚地知道，一出宫门，便是永别，你，还走不走？不辨声息的一声轻叹。有些事我们无能为力，因为要忠诚于自己的心。而这心里，装的不仅是一个人，还有前世今生，还有过往与将来每一个人的鲜血，或欢笑。我不愿意，可我只能，离开你。但你可知，步步都关心。,0,0,0.9105643033981323
靠马路，晚上太噪。早餐较差。长途电话应该是IP的，收费0.8元/分钟。补充点评 2007年12月25日 ： 洗澡水不是很大。,9,9,0.989000678062439
超棒，流畅，哎呀，就是非常非常非常非常喜欢,1,1,0.9570627212524414
到货很快… 个头很匀称… 苹果很甜,3,3,0.9960131645202637
在课堂上，孩子们伴着悠扬的音乐，流着感动的泪水，听我朗读，我们一起踏上爱德华的奇妙之旅。一只搪瓷兔子，在被不断“丢失”的旅途中颠沛流离，历尽千辛万苦，从失宠到再次获得爱并学会爱人。爱德华一路上的见闻令我们惊愕不已，感动不已——即使是一颗极易破碎的心也可以失去爱、学会爱而重新得到爱。怀着一颗尊重、关爱别人的心，对爱我们的人，陪伴我们童年时光的每一件心爱的玩具……“如果没有爱，一个故事怎么会有幸福的结局？”,0,0,0.9630542397499084
房间时间长，进去有点异味！服务员是不是不够用啊！我在一楼找了半个小时以上才找到自己房间，想找个服务员问一下都找不到，总之不推荐！,9,9,0.9920171499252319
小巧精致的手机，是彩屏的，又很便宜，作为大学生，应该算是实惠的。,2,1,0.4675907492637634
回复 从有形管理到无形管理，从硬管理到软管理，从重手段到抓理念，乃管理发展之道。期待并相信蒙牛集团的管理能够上一个新台阶！,6,6,0.9924554824829102
"电池不行,刚买的机子电池充满电一天就用没了,而且是在没怎么用的情况下.程序设置不够人性化,多数功能针对的是移动,游戏也只有付费才能玩.没有未接来电选项.像素太低.",2,2,0.9306030869483948
感觉是假的。因为用了头发起头皮削，头皮发痒，我并没有闻到有生姜的味道。使用后头发依然出油。想请客服给我解释下，,4,4,0.9777426719665527
笔记本发货速度快，整体设置合理，第一次买三星这个品牌，比想象的好。,8,1,0.6351794004440308
"第一次去郑州就入住的宾馆.去的时候打表被出租车司机黑了,后来知道了,到郑州打车可以讲价的,机场到中州皇冠90元足够了,如果是坎价高手估计80也能下来吧.有免费的游泳池很不错,但游泳池不太好找,而且去的路上要小心台阶,本人就不小心拌倒了,因为没有明示,这点酒店做的不到位.",9,9,0.9889145493507385
物流快包装好价格便宜，比超市便宜了一半，618真实惠。,4,4,0.790529727935791
越来越不好了，就头次买的好吃个大，越来越小个头，这次口感更不好酸的，孩子都不吃扔了,3,3,0.9972711205482483
人生在世，不因为生存而改变信仰，不因为生存而被生活改变，而是为了改变生活而生活着！精彩的辩词告诉读者的东西已超越了文辞本身。意大利哲学家克罗齐说过：“一切历史都是当代史”。我们从书中鲜活的历史事件和生动的人物内心，感受的不仅是生命的尊严和思想的自由，更多的是一种改变自我的同时又改变生活方式和生存状态的精神文化的传承。,0,0,0.9977411031723022
屏幕色彩鲜艳，分辨率高，反应速度超快，音响给力，1千多的东西，真神了,1,1,0.7465915679931641
价格实惠，买完降价，客服给我退了差价，很不错。尺码偏大，购买的时候注意一下,7,7,0.9964691400527954
我怀疑自己买了一件裙子,7,7,0.951166570186615
真心说一句，网上购买的真的不怎么好,1,4,0.6140766739845276
这是什么苹果 我这么文明的人真想爆粗口 这还怎么吃 买了一个星期 才到 这物流真是醉了 再也不买你家的苹果了 恶心 弄几个破苹果 放的箱子里给我送过来了 草尼吗的,3,3,0.9268588423728943
1.不具备拍摄视频短片功能，内存有限。2.扩展能力较差，不支持JAVA、红外、蓝牙技术，落伍了哦！,2,2,0.8567900061607361
比以往买的略小，不知道会不会吃,3,3,0.8763711452484131
MP3文件太大，本想放在手机里常常听听，但无法选择段落，每次都得从头开始，不大方便哦！再就是，随书的光碟很易损坏，可否将MP3文件放在网上，购书者凭书的序列号或别的什么上网下载，就避免来回寄书的麻烦了哦！,0,0,0.9848522543907166
酒店的服务简直不好程度排第一！我第一天住1702，房间漏风。第二天调整到1710房间！这个房间的空调是坏的！半夜给冻醒了。第三天调整到1107房间，明显比1702和1710房间小的很多，而且房间不能够上网，我已经被折磨的没有力气在调整房间了。想躺在床上看看电视，我的天啊！看不了！总之我对这次携程的服务比较满意，对该辽宁省沈阳市新湖城市酒店提供的客房服务是特别特别特别的不满意！我希望携程能够好好考虑一下自己的加盟酒店，总是这样我们还怎么相信携程这样的品牌。总体来说我很郁闷！也特别的伤心！,9,9,0.9864973425865173
超长时间待机，适用于生活节奏快，时间少的人群。,2,2,0.9589025378227234
质量很好！质量很好！质量很好！,7,7,0.7935915589332581
很差，里面是烂的，很失败，郁闷！,3,1,0.3358365297317505
不怎么好用,1,1,0.48159849643707275
质量改行就是颜色和款式跟图有点不一样,7,7,0.9738765954971313
蒙牛优益c，肠活动常年轻@热门微博蒙牛优益c1,6,6,0.9948400855064392
太小了，只有巴掌大，我朋友买的说让我给差评！！！,3,1,0.34899136424064636
洗完头痒的不行，空屑也多的不行。,4,4,0.9492184519767761
离机场是很近的呢，周边也很荒芜。。。晚上一个人的话会比较恐怖的。但只是随便住一晚赶飞机的，就不要太讲究了的。,9,9,0.9878544211387634
快递慢死了 啊啊啊啊啊啊啊,7,1,0.37139609456062317
选了一段时间，最终决定还是购买这款541，商务机的性能就不用说了，ok。加上我是hp忠实的用户，2006年初购买的hp2205到现在还能正常服役。 安装xp驱动有些困难，建议购买的朋友改装系统时用“驱动精灵”软件来解决繁杂的驱动程序,8,8,0.995333731174469
#新华分享#蒙牛13年来首次换装广告语就出错？蒙牛13年来首次换装广告语就出错？--- http:t.cn/zlW19ri @mark,6,6,0.9920377731323242
还好，但有几个坏的 而且皮厚不甜,3,3,0.9744646549224854
好，实惠，店家还送了针织衫，要买的赶紧下手，迟了就没优惠了。,7,7,0.8009373545646667
风扇较响，担心用了一段时间后会成噪声；游戏不爽，不过没办法；因电池原因，相对较重,8,8,0.7812452912330627
产品很不错，物超所值。就是配送员，简直让人无语。如果有0分，绝对是0分,4,4,0.39352744817733765
给家人买的 反馈酸酸甜甜的 很脆 比较便宜 味道也不错 吃完了下次再买 速度没得说 不会坏 第二天就到了 赞～,3,3,0.9672428369522095
一直以为很了解女性的思想，但是看过了张小娴的散文之后才发现对女人真的一无所知，尤其是对于爱情。现在还爱着一个女人，以为自己对她很了解，看过书之后才发现曾经对她做了很多错事，伤害了她很多次，现在她已经不在我身边了，但是为了真正了解她也好，为了自己不再别的女人身上犯同样的错误也好，我还是认认真真的读完了这四本书。希望她能知道我真的认识到我的改悔，即使再也没机会一起。对不起，我爱你。,0,0,0.9908753633499146
我可能买了假货，泡沫丰富就是洗完头发变硬，干燥，破京东这个字还不让用,4,4,0.988121509552002
还行，对比之下还是佳农的更好，左边是佳农的，右边是这个牌子，水份都可以，佳农的更甜，品相也更好！不过佳农的最近涨价了。,3,3,0.5281339883804321
这价钱，符合预期。 感觉就是屏幕反光比较严重，可以当镜子用，建议贴磨砂膜，这样显示效果会稍微差一点，但至少不会反光。,1,1,0.4725800156593323
我买的时候是2800买的，怎么贵的机却不支持JAVA，而且外屏的拍摄效果很糟糕，什么都看不见！！机身很厚！！,2,2,0.5995355844497681
一直用的沙宣，都不想换别的，前两天刚买了一套，这次搞活动又来一套，支持沙宣支持品牌。一次在京东上买了五样，这个是最快的一个，快递小哥服务也好，送货到门口，态度也好?支持京东^ω^,4,4,0.7180830240249634
品牌的服务真的没得挑剔！！！,5,4,0.38782674074172974
"早餐份量很足,四个人吃两个人的份量都吃不完!!!",9,9,0.889605700969696
使用了非常不错，视频清晰，屏幕够大，看电影很不错特别是蓝光的，后续如何要在使用一段时间。,1,1,0.9189214706420898
"听筒和免提的音质不是很好,电池也没有产品宣传的那么神奇.",2,2,0.8671401739120483
质量不错，很喜欢了。谢谢掌柜。,7,7,0.9063712358474731
拿出来都撒了，郁闷，用了好几年了，第一次，希望下次用点心，不能因为满减折扣就马虎了事,4,4,0.8092735409736633
苹果真的小的不行了 还有坏的 发货之前都不看下嘛 最差的一次网购,3,3,0.4501250684261322
这次入住感觉酒店气氛蛮浓，早餐品种超“丰富”，意外的是，走的时候酒店有班车免费送我到机场，在车上“金钥匙”向我详细介绍了机场班车的情况。特别在这里发布，希望给像我这样这样经常出差到瑞安的朋友做个参考每日酒店发车：6：00AM—10：00AM机场返回酒店发车：19：00PM—21：30PM机场返回,9,9,0.9698595404624939
比官网买贵好几百 打开链接有赠品好多 结果只给个裸机 这就是套装版？,1,1,0.8153553009033203
"缺点有以下几个: 1,右托掌处外壳接缝不严； 2，本子合上后上下部对齐； 3 cpu是60nm的，属于去年的新产品。 4 分区比较麻烦",8,8,0.9496364593505859
酒店离观全街很近，整体环境很有苏州小桥流水人家的风味，酒店内部环境幽静，园林式的花园就像住在古代大富人家的感觉，就是房间的面积很小，卫生间更小， 床是大床但也比一般酒店的标准尺寸小一些。,9,9,0.991601288318634
"床特硬,被子感觉有点潮, 看了很多网站, 的确如别人说的赣州就它一家4星的酒店, 没的选. 不过就它硬件设施, 也就个大城市2星的酒店吧.",9,9,0.9926785230636597
大礼包，很漂亮，好多小样品，出门旅游携带方便,4,4,0.4681912064552307
快递送到 和我当面检查了一下苹果，苹果没有破损 。。    苹果的外观一般，不过里面的果肉是真的干净，跟削了皮的土豆有的一笔，味道也还甜 大体算下来2块多些一个,3,3,0.9987980127334595
细心的包了两层包装 苹果很脆很甜 下次还会购买,3,3,0.9845553040504456
东西没问题，下单拿到手还不到8个小时就降了200，你能不能再坑点？真心一分都不想给，以后真不想在京东上买东西了。,1,1,0.633857786655426
东西不错，方便实惠，需要再来，配送小哥辛苦。,3,3,0.32301321625709534
还可以吧，活动买的，价格挺划算。,7,4,0.4631212651729584
口感一般，这次购物很失望啊，以后还能不能网购水果啊,3,3,0.9853019714355469
老公穿上很帅气，很耐看，质地很好，赞！,7,7,0.9967682361602783
待机时间比较长！铃声虽为单声，但和我以前那个单声小灵通相比，还是比较满意。电话薄比较大，可以存储200条。,2,2,0.9636242985725403
1. 价格便宜，比有些上网本贵不了多少； 2. 配置不错，T6400的CPU，250G硬盘，DVD刻录，摄像头；,8,8,0.9590919017791748
一点小遗憾，笔记本bios设置里面硬盘出场设置不能直接安装xp，需要改一下，我想许多入门玩家会着急一下下。。。,8,8,0.9909030795097351
口感蛮好的，物流配送也快，包装精美,3,3,0.4792778789997101
每天只有喝了红枣酸牛奶才能安然入睡。蒙牛红枣酸牛奶，伴我成长的好伙伴~原谅我这个被公司法折磨疯了的没有对象没有人人每天靠微博刷屏为乐的空虚并因笑点低持续快乐着的傻女人，红枣奶真不错，@媛媛-浪小花,6,6,0.997114896774292
比想象中的还满意， 穿上身效果非常满意,7,7,0.9890474677085876
很好吃！我很喜欢买了很多！吃完了再来……,3,3,0.9111151695251465
不是洗发水和护发素吗？怎么发的是洗发露和润发乳，效果应该差不多吧，还是给个好评吧,4,4,0.9962263107299805
最气人的一次网购。电话打过来推荐大一号的。结果给邮了大三号的。如大衣一样。纯是骗子。***邮回去。货回来，里面还是化纤的，起静电。大家不要买了。别再上当了！    我选把择低分的原因是卖言不诚信。就是这样。,7,7,0.8846330642700195
太多了，没法说了，同志们你们千万不要买啊样子还可以，带机不行，电池用一阵子就瓢了还死机内存超小了，天，不说了，还有短信想要看一下得等2年,2,1,0.5245303511619568
"1、D6100的主屏是65K色的1.8＂TFT大屏幕，看上去很是养眼！特别他的TFT屏，亮度高，画面的质量好，颜色丰富，且播放动画清晰。2、键盘比较漂亮，手感较好。3、配置两电两充，一厚电（900mah),一薄电（640mah),待机时间：24小时开机，每天10分钟左右通话，短信10个，偶尔玩玩游戏，厚电池待机4天，薄电池待机2天半，虽然TFT屏的耗电量比较大，但6100的电池的待机时间较其他彩屏手机毫不逊色。4、内置40首32和弦经典音乐铃声。七彩来电指示灯，通话时七彩灯随语言的节奏闪烁（可以关掉），特别是晚上，总是吸引不少羡慕的眼光。5、GPRS功能，随时随地进行网上冲浪，它能显示GPRS流量，可以控制银子的支出。6、支持SMS、MMS、EMS多种形式的多媒体短信收发，满足短信一族。7、800条大容量名片式电话簿，完全满足商务应用，并可以设定不同铃声加以区别来电。8、能够从网上下载待机图片和和弦铃声。",2,2,0.9974148273468018
还不错，用起来也挺好的。。对的起这个价格,1,4,0.44270509481430054
我比那位11月份花了2300元占了点便宜，我是8月底在大连买的，2080，仅仅是省点而已。这款机子的毛病太多，最要命的就是下载的铃声，不能设成来电铃音。而且之前我的手机还一直打不开彩信，打电话问了客服才说还需要升级。前几天刚升的级，还好是免费。没有数据线，不能和电脑同步，问了一下一条数据线还要280块钱！至于上下盖左右晃、不时自动关机、主页死掉等小毛病我就不多说了。,2,2,0.577568769454956
老是死机，也不知道怎么上网啊，像素哪里有30万，骗人的，真是没法和NOKIA，三星等手机比,2,1,0.7764120101928711
宝贝已收到，包装严实，质量很好，屏幕大用着方便，非常满意的一次购物，好评,1,1,0.5125687718391418
特别不好用，本来头发挺好的，用完爱出油。不知道是假的，还是这个洗发水就是这样。,4,4,0.994770348072052
差评，分辨率太差，后悔死了,1,1,0.884762704372406
身处在纷繁复杂的社会中，难免会遇到各种各样不同的境况。充分了解了自己，才能在其中游刃有余。读了这本“遇见未知的自己”，受益匪浅，发现更多可以使自己愉快、成长的方法。明白了生活中许多的不快，其实是自己造成的。我还把这本书介绍给了知己，他也觉得很有感悟。我们也发现了彼此间更多的共鸣之处。,0,0,0.9950910806655884
如果下次到武夷山，我还是会选择这家酒店，很好！！！,9,9,0.9634624123573303
现在人们的生活压力很大，在很多时候自身的健康问题往往都被忽视了，特别是男性朋友，所以日常生活中多了解一些与健康和保健相关的知识还是必要的。这本书中介绍的掌纹知识及正确判断掌纹对普通百姓来讲还是有些难度的，如果只是作为对自身健康的大概了解还是不错的，总之，身体的健康还是要靠自己日常的保养保护，另外乐观向上，保持健康的心态也是对身体健康最重要的。,0,0,0.9794013500213623
没有发票，差评。,1,1,0.37081846594810486
爱国情怀可真不是白给的，你要走的路还需要很漫长，就不要吹明年超苹果了吧！要真真正正做好产品给国人，品质不是靠吹出来的。用了半天最大问题是屏幕拖影太严重了，看文章活受罪啊！这样的新款M3跟你的品牌和价格太不相称了…差评！,1,1,0.7017676830291748
质量差的要命，还那么贵，以后在也不买了。,7,7,0.4827381372451782
刚刚好，裤子好看，质量也不错！,7,7,0.995535135269165
故事都太长了～～而且有的有点不可理解～～不太喜欢～～读了两本就读不下去了～,0,0,0.9995450377464294
书应该是因人而义吧，所以我觉得这本书没有多大的帮助．书的名字叫人蛮诱惑人的。但看了后感觉里面写的内容也很泛泛．没什么．买这本书时也是听朋友说了才买的，看了才觉得什么叫后悔．．．,0,0,0.9998207688331604
买的时候价格4499，比较合算。安装XP系统后速度很快，驱动盘安装是傻瓜式的，很不错。安装的是1.0版的驱动，2.0版好像是为Vista系统准备的。,8,8,0.9962685108184814
刚刚到货，还没有用，谢谢,1,4,0.6485690474510193
太差了 千万不要买,7,7,0.4617692232131958
手机像素差的连杂牌机都比不过，手机发烫厉害，一开始装上卡还无服务，最后启动了三次才能用，垃圾中的战斗机。,1,1,0.850156307220459
衣服版型很好，穿着很舒服、很透气,7,7,0.9782910346984863
经济实惠，不错不错，用了，效果也不错?,4,4,0.5822475552558899
京东卖的次品，提醒大伙们不要上当受骗，我买了华为找售后找不到，推来推去，最后找到了叫寄回去，然后售后检测说平板有问题会给我换新的，然后为了让我满意送我一张50 元的现金券，等了很多天以后寄回来的还是次品，屏幕还是有同样的问题，或者说平板根本就是全有问题的。打了售后居然跟我说“现在你想怎么样。。”我觉得就不应该放到上面来欺骗消费者。,1,1,0.8546503186225891
速度还不错，还好卖的是32G的,1,1,0.34303656220436096
这个膜本来就是花40元买的，而且还要自己贴，自己贴没贴好找专业人士贴也说不行，问客服说要送到专业网店维修，而且那个维修点还离我们很远，之后就没有回复了，真心很生气，这个膜还要花40，坑人?????????????,1,4,0.5295395255088806
单位买来做奖品的，大手笔哦～,1,4,0.34711191058158875
外观挺漂亮，屏幕看着也不错,1,1,0.8215513825416565
苹果还不错，味道也行，只是没有新疆的甜！,3,3,0.9918931722640991
"发票上打身份证信息,水单上打信用卡信息,易泄露客户隐私。",9,2,0.5104196667671204
买过很多次这个苹果了，一如既往得好，汁多味甜！,3,3,0.9997259974479675
画质不是很清楚，而且连个耳机都没有，连最低标准都不给吗？，我也是醉了，快递很快，一星是给快递的，机子无所谓，就是该有的东西你得有啊,1,1,0.851696789264679
外观大气、配置较高、整体设计比较合理，性价比较高、特别适用男士使用。,8,2,0.8550617694854736
大品牌值得信赖，京东购物方便快捷,4,4,0.8214460015296936
裤子太好了 穿着特别修身 质量不错 穿着很舒服 客服态度好 物流也快 很棒的一次购物 还会再来,7,7,0.9662129878997803
两条裤子、同样的码、尺寸还不一样，,7,7,0.9966632723808289
真心觉得不好，还有就是收到货之后向客户咨询问题都没人理,1,7,0.36305713653564453
感觉不是正品，二维码也不能显示，不满意,1,7,0.4779685437679291
京东办事效率很高，速度很快，头天下午的订单，第二天上午就受到货了，不过京东客服假期休假却播放无人等候录音，导致浪费很多电话费。,8,1,0.6916106343269348
第一次入住也是最后一次入住！理由有4：1.携程网上自助早餐价格为20元，实际收取38元，酒店解释是网上价格没有更新。2.隔音效果极差，酒店5楼为KTV，我住在10楼，晚上能听得见唱歌声；3.厕所差，第一个房间因为厕所堵住换另一个房间，结果仍然是坏的，工程师修到近12点，才弄好，实在不敢想像这种酒店会出这种事情；4.服务态度差，给人一种冰冷的感觉。总之，这是我感觉最差的酒店！,9,9,0.996325671672821
晚上10点多下单，早上来不及收货，立马在地址上备注了一下，周末收货，反而被京东送货员发来这么条短信，我想说，确定要我们迁就你们京东送货员嘛？还是叫我们这些消费者按你们时间来购买东西呢？真的好搞笑,4,4,0.4014575481414795
入口嚼后水分不够，并伴 有棉瓤 感觉，整体来说，这个苹果口感不好！,3,3,0.9994738698005676
三，外观，从手感上来说苹果的要好，细节处理方面华为有较大的提升空间，因为这个平板的正面边缘圆角竟然没有处理到位，摸着稍微刮手，但是不影响。当然，这是去年的产品，今年应该差不多了。,1,1,0.6580669283866882
"款式好看,质量好,大小合适,很喜欢.好评",7,7,0.9832505583763123
什么垃圾裤子，还***，才穿两天就起毛了，,7,7,0.9889093041419983
外形时尚，做工精细；屏幕显示效果出色；整体性能比较出色。,2,2,0.8652279376983643
品质太差，是苦的。希望店家给个满意的答复。坐等,3,7,0.5857841372489929
手机不错，快递更给力，以后还来这家买,1,1,0.36260831356048584
裤子非常好，我前段时间是买过一条的，这是我在这家店买的第二条，质量是绝对没有问题的。穿一段时间吧，过段时间在买。,7,7,0.9909015893936157
我是帮朋友定的，他是第一次去香港，他的评价是：比一般的标间好象小一点，房间的隔音不是很好，服务还算不错。交通是很方便，下楼就有地铁，但是961元的价钱好象高了点，下次再去情愿再住的远点价钱便宜，反正坐地铁住远点也就10分钟的时间够了,9,9,0.9884804487228394
垃圾手机，没有微信记步，已经扔了,1,1,0.6240929365158081
买了几次了，没有磕碰坏果，比前次买的稍稍小个，包装很好，快递师傅一如既往的快,3,3,0.68117356300354
曾经在蒙牛集团工厂看到这句话，受益匪浅。,6,6,0.5034350156784058
是蒙牛还是光明？,6,6,0.8740386962890625
商品太差了有点失望,7,7,0.6012778878211975
屏幕虽然出色，但是色系偏暖色调，可能有人会不习惯，USB的设计不太合理都在一面且是并列的，这个缺点sony从sr1以来一直没改，比较失望。光驱处空隙较大。,8,8,0.9342247843742371
大小合适老公很喜欢穿上很舒服质量不错颜色不错领口面料好给老爸买的面料不错图案不错,7,7,0.9987543821334839
还不错，应该比较符合三星级标准，不算太贵，可能是和携程的签约价格！,9,9,0.9653092622756958
"很好,服务很好,环境很好,价格也还不错,很满意",9,9,0.8142286539077759
感觉洗发水味道不对，没有上次买的香味纯正,4,4,0.9944320321083069
太差了！以后再也不会在京东上面买水果了，很不新鲜，垃圾，而且味道齐酸无比！,3,3,0.978797435760498
嗯，还可以....,1,1,0.41693392395973206
京东生鲜，绝对新鲜啊！脆甜，像刚采摘的新鲜苹果,3,3,0.9976366758346558
商品不错，物流也很给力，推荐购买。,3,7,0.2956550717353821
烂的，我买了芒果，苹果，香瓜，全部都是，两天就都烂了，都什么品种？这么快全部烂，是不是药过度？,3,3,0.9831188321113586
在京东买了两次水果真的不好，这个火龙果不新鲜，而且很小个，有点失望,3,3,0.9914445281028748
xp系统是真不好装，买回来几天了，换了几个人帮忙装还是没有效果，有点久久不能释怀啊,8,8,0.8225147724151611
性价比非常不错，能够满足日常的使用，独立显卡也足够平时用了,8,8,0.8423436284065247
京东的苹果再一次让我伤心了，我承认，包装和物流的非常棒，但我买的是苹果，这才是主要的，之前买过一次，就一盒有几个特别小，这次买了贵的，说是80mm，实际又有不少特别小的，而且，大的口味也不怎么样，肯定是冷冻保存很久的了，不新鲜。失望极了，绝对不会在京东买苹果了。,3,3,0.9850903749465942
中果挺小的一个，价格也不便宜，为什么这么酸，这么酸，这么酸？不好吃。。。比超市差，第一次京东买水果，体验不太好。。。,3,3,0.9951410293579102
华为的东西，性价比也许不是最高，但对得起这个价。,1,1,0.7460491061210632
只值得给一个星的评价。刚买两天，死机不断。无语。,1,1,0.8964486718177795
质量非常号，有线头，估计会掉色,7,7,0.9050162434577942
我用过你们的手机还不错加油,2,1,0.4346449673175812
在京东上买了很多东西，而且用施华蔻的洗发水也用了很多年了，但是这一次的真的假的不行，头发打叉不说还很臭，头发洗完了还很粘，以为第一次是没洗干净，结果第二次清洗了很多遍还是一样，很粘,4,4,0.9905564785003662
打开包装看到原装正品这张标签有被撕过的痕迹。非常像开过封的东西。求解释？？？用起来也不怎么好。用过后感觉头发干干的。。最差的一次京东购物！！物流是圆通代发给我的。乡镇上能到就很不错了。。前两年都不到乡镇。。,4,4,0.7299297451972961
差评差评差评 衣服都是烂的,7,7,0.9824726581573486
"昨天刚用上,今天就降了300,真是郁闷啊. 键盘容易脏,散热不太好.",8,8,0.9457685947418213
第一次在网上买洗发水，不知道是不是真货。但是炒鸡便宜啊,4,4,0.9617974758148193
好好快快快点了,1,4,0.2712413966655731
名牌名品！价格实惠！赠品多多！京东自营！物流神速！值得购买！值得拥有！唯一不足的是不能参加京东618大促活动！,4,4,0.6661542057991028
很不错啊，买了3个多月了吧，才来评价确实是为了京豆，不过机器真的很好用,1,1,0.7260236740112305
都不够24个，分2层，下面一层少了5个苹果。质量不说，至少分量要够吧。,3,3,0.9934278130531311
我表示没信心'倒闭了更好！特别是蒙牛'伊利。,6,6,0.933967649936676
班尼路是该倒避了、衣服没穿两次就有个洞了。,7,7,0.38559746742248535
还没用，刚收到货，感觉实惠，速度快。,4,4,0.5861440300941467
买来给老人用的，是正品，非常喜欢，信赖华为，支持华为！,1,1,0.924220621585846
第一次在网上买裤子之内的，真心差评,7,7,0.8927792310714722
你们买的质量好吗？真是不可思议，我买了后，第一感觉就是包装太差了，光盘在纸盒里咣当咣当，很容易摩擦，我试了一下，共10个碟，竞有7张碟是读不出来的，真是便宜没好货呀，建议想买的要小心，质量连盗版也不如，应该就是很烂的盗版。,0,0,0.46083372831344604
差评，快递员很好。产品有破损，客服态度差！没什么想说的。下面是聊天记录，我说不想退好麻烦。回来客服上帝是这么说的。（本人所购买的东西，都认真评价。）,4,4,0.28044596314430237
不可以打电话的。音质特别棒！音效没得说啦！系统很流畅，体验很棒，性价比很不错的！,1,1,0.5660532116889954
非常不错的酒店，地理位置也不错，性价比很高！,9,9,0.9489561319351196
太薄了，质量可想而知吧，便宜没好货。,7,1,0.3834347128868103
想退货，请亲们谨慎购买。太卡，语音也不知道为什么发不了。好气人，客服态度也不好,1,1,0.6779754757881165
和图片略有……不值这个价位,7,7,0.5244666934013367
白色的机壳让人觉得亮丽，重量轻携带方便，运行良好切续航时间长，使用很方便。,8,2,0.7714356184005737
坑啊 刚秒杀的，你就降的比秒的还便宜*啊,1,1,0.46177181601524353
什么鬼。。， 不止这个价,7,7,0.6084940433502197
第一次在京东买水果，想不到苹果真心难吃，用:小.酸.涩三个字形容最贴切不过了，伤心指数五颗星!,3,3,0.9864507913589478
蒙牛一经理篡改生产日期被抓,6,6,0.9957555532455444
在携程手机看得，预定高级房520那种，没注意到里面的细节说是无窗。尼妈，无窗，你还搞啥高级房？你另外加个无窗房就得。还要五百多一晚，坑人。这几年，在携程订住了不同城市的，非常多各种各样的四星级酒店，就这家酒店最烂的一家所谓标称的四星级酒店。在一个商务楼6楼开个小大堂，酒店房价那都是写字楼改装的，所谓四星级酒店就是3星而已，当晚就电话骂携程，乱搞。强烈不推荐这酒店！！！！！,9,9,0.9915253520011902
苹果比鸡蛋大不了多少，在市场上卖估计是没人要的，真心建议不要买！,3,3,0.9979761242866516
分辨率真是低啊，强烈不推荐买，连WiFi看视频都卡的那种，还不如手机呢。反应还不灵敏，用了一周就卡得不行不行。,1,1,0.903043806552887
Vista确实很……还在磨合期， 很占内存，右掌托温度比较高。 散热需要改善，声音略有点响。 宽屏看起来有点过宽。 USB插口之间距离太近，没有办法全用上。,8,8,0.9549411535263062
太差了，一心都不想给，就过一个晚上都不退，玩王者荣耀卡死人，玩什么都卡，laji. laji,1,1,0.8563924431800842
裤子很好哦 实物与图相符 看着面料做工都不错 喜欢的朋友可以购买哦,7,7,0.9991414546966553
好差，颜色与图差别太大，而且质量不好,7,7,0.904394805431366
"配件太简单,无电脑包,无装机光碟,无赠品,外壳制作工艺有待提高,",8,8,0.9227027297019958
买了发现屏幕有一点裂缝，觉得没影响，因为在边上加上忙就没有理会，第二天裂缝变大了，找客服，客服又说找售后，售后说超过24小时就只能自己掏荷包了,1,1,0.8524619936943054
裤子质量很好，穿着也很舒服，穿起来挺好看的，卖家服务态度好，物流也挺快的，下次继续光顾～,7,7,0.9913038015365601
很合身，质量也不错，满意,7,7,0.9755245447158813
东西一点都不好，用了之后头皮屑特别的多，真的是郁闷死了,4,4,0.9837170839309692
这家的裤子版型很好，面料舒服，尺码标准 。好评！,7,7,0.996473491191864
双十一下单，不过设定晚几天到达，结果到了后还不如高峰期，一个很破的包装，并且已经损坏，可以看到里边商品了！,4,3,0.3609464466571808
酒店一般，服务一般。有待提高。,9,9,0.9694929718971252
发热大，没有所谓的ECO，麦克风延迟严重，没有Type II PC卡插槽。。。,8,2,0.505423367023468
看了三分之一就再以看不下去了，我买了一套。太不值了。给大家一个忠告：先买一本回去看看，然后再买剩下的。,0,0,0.9908744096755981
500毫升感觉挺小的，不过总体还是很实惠。 一收到马上就用了，效果杆杆的，柔顺不掉发，头发像喝饱水一样有弹性。 比那个百年润发强多啦，修复了干燥毛糙的头发！,4,4,0.9891543984413147
裤子很好，他穿着很合适，颜色也很正，他很喜欢，， 和卖家图片的颜色差不多，，，，，,7,7,0.9860122799873352
1、X500机身方正，外观设计精致、线条简约、流畅十分符合现代人审美观念。而85×47×22.5mm小巧、灵动的体积也着实扩展了X500的消费层面。2、在整体做工方面表现不错，制作精美，机身各个接缝处理紧密，滑顺的滑轴自然、顺滑。3、65536色的彩色屏幕显示效果较之“X移动”系列其它手机产品而言有所提升。色彩过度自然、显示内容清晰，文字锐利。4、X500内置30万像素摄像头，具有较为强大的拍摄辅助功能，不仅支持景物拍摄功能，同时具有无声动态影像拍摄，4倍数码变焦、五种趣味相框以及多种拍摄效果增强了拍摄的趣味性。5、手机具有JAVA功能，一定程度上增强了游戏的可扩展性。,2,2,0.9977017045021057
有点小，而且颜色也不对,7,7,0.4291364252567291
没有发现无线网卡开关，另外屏幕下面的asus的logo发热量惊人，开机不到十分钟就很烫手！,8,8,0.8590145707130432
坑坑坑，昨天买*，还没收到货今天居然降价了*，什么玩意啊，第一次给京东差评,4,4,0.7156819105148315
很不错，我的拍照拍的不好，收到后真的很好，没有一颗是坏的，全都新鲜,3,3,0.9385477900505066
从当当网购书真是痛苦的过程。费劲周折才，历经一个月时间才拿到书。,0,0,0.9814319610595703
想强状 喝蒙牛 00后健美童男 太吓人了 蒙牛NULL-1这个小孩要逆天了！肌肉异常发达，眼神气煞凌人，充满杀气,6,6,0.9622374176979065
在这里住了两晚，由于下雨，有点湿气，我订的是江景房，视野很好，虽然在西街上，但因为离热闹的中心地带还有些距离，所以晚上还是很安静的。边上就是大师傅和一块瓦比较有名的餐饮店，对面就是九九车行，交通非常便利，离汽车站走路就三分钟。只是房间里没有宽带，但可以租用，10元/天。,9,9,0.9840775728225708
很流畅，给老爸？用的怕不流畅玩了几把王者荣耀无压力,1,1,0.9563764929771423
送来的第一台是坏的，用着用着就突然断电开不了机了，这个属于‘’中奖‘’，哥不在乎。大赞的是JD二话不说直接重新换一台新的来，给力、用到目前为止除了好用还是好用！,1,1,0.47127678990364075
这东西也就一般，我估计不是真的，跟其他店20块钱买的衣服一样，会起毛,7,7,0.7462438941001892
挺好用的。摸着也舒服。喜欢。,7,4,0.5140591263771057
大小合适，运行速度快，功能强大满意。,1,8,0.46496859192848206
很喜欢这个酒店，服务特别好，酒店外部环境也很好，在大草坪上放风筝感觉很不错。虽然离市区有点远，但酒店可以预定巴士，无论是机场接送还是去市中心都可以预约，感觉非常方便。要住这个酒店一定要住海景房，虽然价格贵点，但绝对值得。非海景房是没有超大阳台的，感觉就差很多了。另外酒店的早餐很好吃，现在还非常怀念呢。自助餐价格也适中，味道很不错的说。就是洗澡的莲蓬头的水比较小，洗起来有点不爽。,9,9,0.9748963713645935
大堂有点小，房间还不错，定的是商务套，客厅很大，还有小厨房可以根据需求使用，卧室很小。饭店出去，沿右手一条小区里的小路一直走到路边左拐，有个茶餐厅，还不错。,9,9,0.9864450097084045
酒店经营一般，但交通便利，价格公道，早餐不太好,9,9,0.9938178658485413
屏幕比想象中的要小，分辨率也一般。不过WIFI版上网就是快。,1,8,0.6676225066184998
用了一天感觉还可以，本来买来玩游戏的，发现不兼容的软件还挺多的，系统更新后拖影好像好一些了，(个人感觉)ps：刚买第二天就搞活动，讲真有点心塞…,1,1,0.5152664184570312
苹果挺脆，籽核挺小，挺甜，包装不错，没有磕碰坏的。,3,3,0.9995853304862976
电池很不耐用，没开无线，没开声音，没开最大亮度，只能用90分钟左右，不知道我的是不是个案,8,8,0.3829643130302429
这衣服不和心意被骗了,7,7,0.9555496573448181
东西收到了，很好使用了，很好，跟超市一样一样的信任。京东,4,4,0.5926782488822937
价格优惠，还有便携装；赠品吹风机没抢到；20年到期。,4,4,0.6295605301856995
音效不错，父母很喜欢，用起来也不错,1,1,0.9199506640434265
你的时候就是一起的士上午去掉缺点的机会？在你面前,3,3,0.2595502734184265
货已收到！真不愧是京东速度，晚上下单中午就收到，比超市还划算，绝对正品，以后日用品就在京东买了，,4,4,0.7943941950798035
还行，挺好的，超级无敌好！特别喜欢在京东购物，东西也很不错！我支持你东哥！无限次回购这款！,1,4,0.4926430284976959
和同事和着买的，挺合适的，买完就涨价了，感觉用着挺好的，没什么特别的味道,4,4,0.9055328369140625
快递给力，物美价廉。希望大家放心购买，下次我会再买。,7,3,0.388410747051239
双十一时下的单体现为送皮套和钢化膜，到货后发现没有，客服告知需要在结算时另行领取，京东钻石会员第一次遇到这么奇葩的规定，只能差评了！商品使用后评价！,1,4,0.7082208395004272
买到这个以后感觉以后不用去超市逛了，就在京东买日用品挺好，每件都够实惠,4,4,0.9061800241470337
"下次真不敢买了,这货,全烂了.没一个好的,很丑,这家没良心的,要退市.",3,3,0.5662583708763123
印象很差很差,9,7,0.5989698767662048
很棒，售后很赞，122不知道贵不贵,5,1,0.2732976973056793
很新鲜，很甜，很好吃！比水果店要好！,3,3,0.9963141083717346
太恐怖了 蒙牛厉害,6,6,0.9260227084159851
这类书的通病，字数不多，页数不少，卖钱呗！书里并没有什么新鲜的理论，例子也显得苍白。可能我已经过了看浅显易懂的励志书的年龄了吧，翻了翻就想送人了，没兴趣留在自己的书柜里。,0,0,0.9999134540557861
缺点我估计今天晚上说不完。简单讲一下吧。我买了一部X800用了不到15天按键失灵。反厂换新这一换就是两个月。换回来本以为没事。可到好。才用了5天又出现同样问题了。松下。我算是认识这个知名品牌了。就是垃圾真的。如果有不相信的打我手机我是大连的13795119899,2,2,0.7499352097511292
东西收到后很不好 都烂了 也有没烂的 不过口感不好 唯一感到满意的就是京东的服务,3,3,0.5118756890296936
"还没收到货物，订单就“被”完成了！这是新的""服务项目""吧？我想是不是该说声“谢谢”",3,0,0.27040714025497437
玩王者荣耀还画质可以，前几把不卡，第一把过后开始发烫，后面越来越卡，最后能卡成APP；续航不太给力，但是充电比想像的要快一点点；音效还行，但是软件有好多不兼容，我买了快一个月了，系统没更新过……说白了就是一个放大版的手机，总体来说还说的过去，就是略贵……有一点特别不能忍：就是板子自带的杂志锁屏，关又关不掉，每天变相发广告，烦的要死，看见就想摔了它，现在基本不玩了，扔仓库了……简直一身广告，靠,1,1,0.6246940493583679
太大，出个12~13寸，这个配置的就爽了。 机子很厚，这点不得不提。,8,8,0.4187243580818176
手机屏幕够大，物流速度超快，满意。,1,1,0.5867777466773987
垃圾货，真心的差,7,7,0.6770114898681641
听朋友介绍才知道这本书，有种“相见恨晚”的感觉，从拿到书的那刻起，就爱不释手，经常看到凌晨两点才睡觉，跟着主人公“蔷薇”一起回到了那个遥远的年代，我也是满族人，所以常常幻想成自己就是蔷薇，跟着她一起笑，一起感动，一起为了爱可以牺牲自己的生命。文章没有华丽的辞藻，倒是那些很现代的语言把我逗乐了，同时也让我跟着作者一起了解清朝的历史，写得很棒！加油！,0,0,0.9994816184043884
帮别人买滴,5,1,0.37583956122398376
位置比较好，到机场火车站都很方便。豪华单人间里的布置合理有序，独具匠心。值得一提的是门口迎宾员特别热情，帮我提箱子一直到办完入住还送我上了电梯。,9,9,0.988653838634491
款式颜色都还可以，物流蛮快的，超赞！,7,7,0.9053437113761902
发货速度很快，用了两天，反应速度还可以，外观也还可以，通话还可以，就是发热问题控制的不好。,1,1,0.7325655817985535
一起卖了两台，好用,1,5,0.4186193645000458
苹果在挂羊头卖狗肉，与实物严重不符，我收到货，打来一看，好些个烂的，枯萎疲劳的苹果，与买家沟通没有回答，请大家误上当！！！！,3,3,0.761200487613678
1.刚买就跌价，比较郁闷！ 2.用信用卡分期付款方式，操作很漫长，9号下的订单19号才能拿到。大家可以先刷信用卡付款，再致电银行要求分期，更快捷。 3.比较沉 4.如果选用钢琴烤漆就更满意了,8,8,0.7359095811843872
"非常不值得的一个酒店.179的价格绝对不值!其他连锁酒店99元100元都比这个强啊!!房间很小,位置不好,早餐很差!",9,9,0.9864838719367981
以前从来没有过头皮屑 居然用了一次就有头皮屑了！！！差评！！！,4,4,0.9037730097770691
"1.SONY预装的软件太多,删了半天、 2.底部热量大,在腿上用挺烫的 3.触摸板的按键太硬，噪声大 4.电源指示灯太晃眼 5.这模式切换功能太鸡肋了",8,2,0.6950788497924805
风靡了40年，至少也是1968年的图画书了吧，1968年的故事，似乎没有勾起我闺女的任何兴趣。对我也没有吸引力。希望孩子再一点会感兴趣。,0,0,0.9998171925544739
很不错哦，就是中转速度磨叽死了！,7,1,0.5771631598472595
我16日入住802房间，整个晚上均有隆隆噪音，即像电梯，又像楼上在作移动家具的体育锻炼。坐起来听又不明显，头一挨枕头又像枕在音响上，一夜没睡好，本来预定3天，第2天早上赶快逃跑。,9,9,0.9905515909194946
定了两间一样的房，一间有宽带，一间没有？为什么？有宽带的一间，上网有时能上，有时上不了，急死活人！卫生间房顶漏水，房间里没有任何饮料，问服务员要饮料，回答必须现金结账，不可以挂房帐，岂有此理？,9,9,0.9948936700820923
平板电脑质量非常好。一点也不卡速度非常快，,1,1,0.8399620056152344
又甜又脆，口感好，就是吃到一个里面已经烂了的！！自认倒霉，再来一箱，,3,3,0.9979405999183655
这个洗发水能一直这样还是很不错的，就是洗了这么多头发呢，柔顺多了，包括头皮的健康，这个的确有所改善，所以然后这次刚好京东做活动买就囤了点货。,4,4,0.9902323484420776
垃圾，苹果烂了几个。 还死贵一个,3,3,0.9738097786903381
使用很流畅，屏幕很清晰，网上反映的拖影问题没有碰到，就是续航还有待提高,1,1,0.8939400911331177
刚好家里苹果吃完了，在网上买来尝尝，还不错。,3,3,0.9871683120727539
非常不影响，都皱皮了，如果有实物是绝对不会买的,3,7,0.5441368222236633
晚上自助不喜欢，夜宵满记，回酒店还有小同事帮带的有益c，虽然我抵制蒙牛，不过真心高兴～ 你到家没？,6,6,0.9128796458244324
物流很快，但赠品只有半瓶，没有封口，疑是被挤出去了，本次购买不是很愉快。,4,4,0.6886971592903137
还可以吧，替公司买的，作为上位机用，不过OTG模式下不能给pad充电好像，这点有点不爽啊，最好能做成OTG模式下双向可选择充电，那就完美了！不知道谁能解答下华为m3的充电管理是怎么进行的，什么原理,1,1,0.3945598602294922
送货快速，价格给力，超级满意，值得推荐。送货上楼,3,4,0.29821547865867615
操作系统问题，LINUX操作系统几乎都拿到手就会换的，但是对于一个新手来说，这是一个相当痛苦与漫长的过程,8,8,0.8071327209472656
庐山上的最老的酒店之一，在山上性价比还不错。这次没有通过携程预订酒店就前往庐山了，首先自己到全国人大宾馆，房不错，风景很好，可是标间要800块，太贵了，然后自己到国脉宾馆，460最低，但只有一间房，房也还可以，就是没有风景可看，而且我要两间房，没办法了。然后通过携程电话预定了太极宾馆，260元/间，到了一看，天啊，这也叫宾馆！太烂了。赶快再让携程退掉，换了庐山宾馆，380元/间，有房，大堂像县城招待所，都是木头做的楼梯和墙，低矮潮湿，不过房间还好，很大，有3星级标准，而且阳台非常大，并且封起来了，相当于套房。洗手间全套科勒洁具，房间有无线上网，信号还可以。这次住的209房是周总理住过的，房间里有照片，房间在宾馆转角，有180度的玻璃，风景不错。房费不含早餐，自助早餐15元/人，难吃得很。也在宾馆餐厅吃了晚饭，也难吃得要命，什么石鸡、石鱼、石耳都难吃得很，而且奇贵无比，4个人吃了五百块，还不如在山下95元吃的中餐。大家如果入住，绝对不要在宾馆吃，山上主街道的其他饭店都还不错啦。很多都把菜谱价格写在门口。总体来说，除了餐饮，这家宾馆在山上还算满意啦。庐山风景很好，而且允许自己开车上山，很难得，值得一去。,9,9,0.9868370294570923
首先这款手机卡二居然只能使用2g网络（我靠 这是坑die么),1,2,0.4992246627807617
为什么把一个小房间留给携程网预定的，服务员态度不怎么样。,9,9,0.9827378392219543
"该酒店硬件与福州\厦门挂三酒店相比差不多,酒店外围绿化环境比别的酒店要大,停车场很宽阔,最让我满意的是酒店介绍的散客自驾游经济\宽松很适合我们散客自助的需求 入住武夷山酒店愉快心情也和这两天的股市大涨分不开的 我个人建议大家到武夷山可以考虑入住这家酒店",9,9,0.9863124489784241
机场边宾馆少，住店进餐人多。餐厅服务员素质跟不上，客人问服务员什么就把客人望一眼也不搭理。菜上的很慢，感觉菜的颜色不是刚弄的，象是回锅的。,9,9,0.954626202583313
我本来真真的想忍了就算了 忍不了 一开始的确实品质不错 到仅限于我买的第一批 以后的都特么太垃圾,3,4,0.6153102517127991
非常不错啊，牌子就是牌子穿起来非常舒服质量也很好。双十一买三减一，挺值的,7,7,0.6565694212913513
分辨率太低，屏幕灰蒙蒙的，反映速度也慢，不值这个价钱。,1,1,0.7609541416168213
不说别的，真的实惠，还没用，多，快，好，省，后期补评价,4,4,0.8250479102134705
刚收到宝贝，就降价了，然后联系客服，马上给返还了差价，很满意京东工作人员灵活变通。坚持在京东购物6年，以后一如即往的陪伴.......,1,3,0.5576956868171692
裤子很不错，买的时候有点犹豫反反复复好几天终于下定决心，回来后太惊喜了和在专卖店里买的一样，还便宜还好看，以后就认准这家了，我太喜欢了,7,7,0.9832767248153687
这书可能是按外国的格式编写的，个人感觉不够有吸引力，不如国内的儿童书籍趣味性强，不适应中国国情。,0,0,0.9999507665634155
物美价廉，不错 以后还会光顾！物美价廉，不错 以后还会光顾！物美价廉，不错 以后还会光顾！,5,7,0.5341805815696716
东西收到了！吃了还行，下回还会来买,3,3,0.6591421365737915
作为一名专业蒙牛黑不转是严重不合理的！@王小山,6,6,0.9978221654891968
给京东自营一个大大的赞?质量好，送货快。,3,4,0.4045412540435791
刚买就降价，苹果没有想像中的香甜,3,3,0.9575690031051636
这次买的还可以，感觉味道不错，比较满意的一次购物,3,4,0.3772967755794525
差差差差差差差差差差差差差差,7,7,0.35599246621131897
香甜爽脆，水果新鲜，发货快，配送员态度很好，京东加油！,3,3,0.9931291341781616
西式建筑，别有风味，可以看出设计建造者非常用心的，很多细节包括装修都做到用材精良。但毕竟是99年的，有些地方已经看出了陈旧落伍，非常奇怪现在的管理者为什么这幺小气地经营，譬如至少可以把电视机换得大一些，床垫似乎也太久了软塌塌的不舒服，连这一点钱都不舍得投资吗。服务人员倒是很客气，到处看的都是笑脸，而且很耐心，看得出很想把工作做到完美。但是有些习惯还都是宾馆的，完全暴露了管理者的不专业。譬如在露台茶吧喝茶时居然有大队人马涌进来参观风景（看起来是熟人带来的）。这个酒店的外部环境是非常好的，有这么好外部环境的酒店非常少，这么优美的地方，应该配上专业的团队管理，才称得上完美。,9,9,0.979619026184082
东西好假，绝对不是正品上当了,4,4,0.6500981450080872
说好的送浴巾，最后也没有送，感觉被耍了……,4,9,0.6277207732200623
竟然不喝蒙牛 又是一个喝假药自杀的 這時要感謝假藥吧，年輕人珍惜生命,6,6,0.9014869332313538
绝对不是正品。两处有问题，懒得换。上次说好评返现金*，结果好评骗到了，没见返现金！,7,4,0.6775869727134705
不透气。不值这个价钱，,7,7,0.9271708726882935
裤子收到了，物流真的非常快，很赞 价格也实惠，值得购买,7,7,0.9775902628898621
第四次购买了，很好用。 相信京东,4,4,0.7390867471694946
肃天水红富士苹果 12粒装 约75mm 总重约2.25kg 新鲜水果,3,3,0.9737789630889893
这件衣服有色差有质量问题,7,7,0.986854076385498
"酒店确实价超所值,我们因为班机较晚所以临时住了这个酒店.酒店的硬件设施比较差,不符合我们对环境的要求.细节就不说了.服务也很差,基本上就象个招待所.但是酒店有接机的服务,需要自己与酒店要求,携程不能帮助安排,这点很令人失望.另外,提醒去三亚度假的朋友,在三亚吃海鲜不要听出租车的建议.",9,9,0.9913743138313293
飞机声音大，接送车司机态度恶劣，酒店有不正规的东西,9,9,0.9734887480735779
服务差评,9,9,0.6138756275177002
"我为国外来的客人订了一晚,第二天离店时,客人说晚饭在酒店餐厅吃鱼吃坏了,肠胃不适.偏偏又要赶飞机,送到机场休息室又吐又泻.飞到曼谷就进医院了,住了两天,举目无亲的在泰国.接下来的出差行程也取消了,从曼谷回美国去了.弄得我又内疚又担心.你们这也算上海4星的水平?注:他们入境3周了,这是最后一天,不会是水土不服!",9,9,0.992184579372406
“天苍苍，野茫茫，风吹草低见牛羊”，美丽的草原，悠远的恬静。伟大的草原孕育出厚重的草原文化；培育出响亮的草原品牌：“蒙牛、伊利、鄂尔多斯、圣鹿源...”从草原走来，向世界走去......,6,6,0.997683048248291
优点就不说了，大家说了很多了，确实不错，笔记本中的战斗机！！！,8,8,0.655953049659729
后裤袋加绒会把钱包滑出来。,7,7,0.9083111882209778
"蒙牛纯奶出的新包装,,美观简单多了...",6,6,0.998730480670929
特别好，赶在618买了这个超划算，还没用，正在囤货中，扫了下是正品，送的吹风机还没到,4,4,0.8684511184692383
"东西收到了,很不错的说,包装很精致,和卖家描述的一致,卖家服务态度非常赞,发货速度也很快,很愉快的一次购物,下次还会再来的,赞一个！！！",7,4,0.32980912923812866
不过速度好像是不想想中的那么快，电池也不是想象中的那么长时间哈，只能用4.5小时,8,1,0.5192179083824158
不错的，外观简单大方，温度不要调太高的话加热也挺快的。店家和售后服务都很好，之前因为漏水店家给我换了一个，所以推荐妹妹也买了一个。,5,5,0.5660326480865479
苹果收到了，配送速度很快，又脆又甜，个头中等，吃完再来!,3,3,0.9954007267951965
屏幕是够大，功能和华为手机一样的，没有Wi-Fi什么用都没有了，感觉不怎么样。。,1,1,0.5953193306922913
一直在买华圣苹果，最近几次里面总混了几个不是纯甜的（以前没有），难道跟天热有关？,3,3,0.9649810194969177
BS，坚决不喝蒙牛 鄙视你，不喝蒙牛会死啊!,6,6,0.9657072424888611
这个实在是太难吃了，买的挺失败的，特别特别的酸和苦，没有什么甜味儿，不怎么样,3,3,0.9932016730308533
真心的不行，看电影太卡，直接死机，，软件装了没几个就卡得不要不要的，,1,1,0.9235481023788452
"从买，到收到裤子一直持续了半个月，服务态度真差，催了不给回复说你可以退货，这态度我也是醉了，一直投诉到京东,才慢悠悠收到货，超级恼火的一次购物",7,7,0.8702206611633301
物流速度快，码数扁大一点，衣服也带长一点。细棉，车工整洁值得购买。,7,7,0.9933017492294312
造型外观不错，实际到货是320G硬盘的，带VISTA BASIC操作系统，送的包质量也不错,8,8,0.821247935295105
物流超快，华为做工挺好，看看电影，玩玩小游戏，收收邮件等，还是挺不错的，预装办公软件，偶尔看看文件和图纸也还可以。好电还可以，我中度使用基本一天下来还有40%电，很不错了。这个价格值！,1,1,0.6852875351905823
不是太好果很小，给网上说的不一样,3,3,0.9995937943458557
太差了，衣服布料好硬,7,7,0.9572403430938721
华为的最大特点通话质量好，应该是原封的，缺点是游戏会闪退，大黑边，不过很满意。,1,1,0.6089757680892944
这款潘婷洗发套装质量好，是正品，送货快。下次还来京东买东西。,4,4,0.9411616921424866
特地让朋友穿了几天才来评论。朋友特别的满意，款型好，也很舒服。朋友说我眼光很好，而且裤子的性价比也很高。以后还来回购。,7,7,0.9852867126464844
包装很好，送货超级快，第一次接快递这么快，很好的购物体验。????棒棒哒。,4,4,0.3984469771385193
1 原材料用量的排版，正文制作过程的字体、字号及排版阅读很方便！2 最可贵的是制作过程都是写在相应图片下方，非常方便阅读和制作，制作流程清晰明了，贴近烘焙新手，而且图片非常详细精美，让你跃跃欲试。3 书中有文字错误，估计校对的人早已被图片上的美食弄得心猿意马，好在有大量的图片作证，稍加理解还是得心应手。在购买的西点类书籍中，从书籍印刷装帧质量还是在排版、文字、图片、制作流程介绍，我还是给这本书五星推荐。4 佩服作者的坦诚虚心，提供了邮箱和电话反馈意见。我想，这就是本书能够编纂到位的关键，不愧是名符其实的一本烘焙宝典！,0,0,0.9871923923492432
洗发水绝对是假的，头发洗过后就像淋了雨一样，很不舒服,4,4,0.9854298830032349
不错不错，苹果大小合适，口感很好，一次吃一个正好！,3,3,0.9992210865020752
手机质量很好，一直用华为的,1,1,0.9470947980880737
收到商品与图片不相符,7,7,0.7114980220794678
之前看过电视剧《双面胶〉，所以买了《蜗居〉回来看，一口气读完后，感慨为什么是悲剧结尾。在读大学的时候，我总是认为世界上只有黑色和白色。步入社会后，发现更多的地带是灰色。小说中的宋，除了已婚的家庭背景，和海藻是那么般配。海藻也在宋的呵护下，充分满足精神上和物质上的满足。虽然小贝的离去让人失望，但本以为能以大欢喜结尾，但道德上告诉我们情妇总是不能欢喜得过一辈子。期待电视剧版的《蜗居〉,0,0,0.9881041646003723
感觉有点大了,7,7,0.3698011636734009
怀疑这是翻新机，新手机不会是这样，华为制造真不错，系统自带的高德地图还无响应，之前我买过一台x2，系统都不自带高德，,1,1,0.8210397958755493
"无窗房,价廉物美,晚上8点入住,早上7点出门.对于一些仅仅是睡一觉的客户相当合适.",9,9,0.9551275968551636
"特地用了好几天在来平价，首先是买家的态度，发了好几次信息都没，通话不是3G,看图不清，声音也有点不清，但最不满意的还是客服，我不是想怎么样，我只是想要一个解释而已，即使是这样你是不是也应该回那么一下",1,1,0.5359476804733276
打开都是这样的，还能说什么，不会再买了,3,3,0.39421117305755615
不知道是不是夏天的原因，有点热。 网卡是分intel marvell realtek的 有点不好区分，大家可以打800电话询问。 或者使用everest最新版进行识别，2种方法都是可以的。,8,8,0.9340746998786926
这是真的差 穿过之后的评价 裤子起球 不耐磨 反正就是差 千万不要上当 质量说的过去我是不会这么评价的,7,7,0.9990785121917725
做工和质量真的不错，看高清视频很清晰，我主要用来看视屏，没有装游戏，所以用着很流畅，16G除掉系统后就只有10个G，我买了一张64G的高速卡装上在，在“设置”里把默认储存路径设置成存储卡，大多数程序就会储存在外置储存卡上，但安装的有些程序会默认安装在平板上，到现在我平板只剩7个G了，所以有些朋友说用了一段时间变得很卡了可以检查一下是不是储存的东西太多了储存不够用了，,1,8,0.8309903144836426
火龙果很小个，不甜，比之前差太多。,3,3,0.9985775947570801
香港回归的结果附加费更快更好看过了就好看了感觉良好健康,4,1,0.35596877336502075
第一次开机使用就蓝屏，然后使用一键恢复，继而出现提示重启信息，然后往复重启，让人心寒！！！ 提交了返修，审核通不过,8,1,0.8572301268577576
假货 味道刺鼻 洗完后头发粘粘糊糊的 用了这么久沙宣 第一次闻到这种味道 像海飞丝？,4,4,0.9933926463127136
地址有点差异及时联系客服，客服顺利解决了，谢谢。平板还可以吧，平时使用还行，王者荣耀也不是那么卡,1,1,0.9492812156677246
买给老人用的，还可以,1,1,0.5411028265953064
很少给京东自营差评！这次苹果太差了、一点也不新鲜！太难吃了！应该放很久了！,3,3,0.9882223010063171
首先是服务很好，南方的服务水准普遍比北方高，让人宾至如归的感觉，电梯口有个小妹询问去的楼层，以为是电梯迎宾，可接着推荐去娱乐楼层，这给住客不好的印象。硬件很普通，也就三星水准。早餐很一般，携程30元也没有特别便宜。,9,9,0.9944233298301697
不太新鲜了，一共三个两个不甜，无语,3,3,0.9973432421684265
小时候在《故事会》杂志的后封上经常看到《父与子》，印象非常深刻。看到这本书后就立即买了送给了孩子，不想上一年级的女儿一看到这本书就爱不释手，连睡觉也放在枕头旁边，生怕被人拿走了。看着孩子看《父与子》专注的样子，听着她不时发出的笑声，真是让人开心。《父与子》的确是一本好书，书中那些生活场景让每一个人都觉得似曾相识，书中蕴含的质朴的道理又让人受益匪浅，但愿它给所有的读者以快乐幸福。,0,0,0.9998594522476196
听说屏幕叫“闪电屏”！很有兴趣。外观出色，很时尚！百万像素、26万色屏幕、64和弦，挑手机时觉得这些数值都是最好最高的了！色彩清新明快，景物清晰，十分满意！夜间拍出的照片也行了。,2,2,0.8235807418823242
同事的遭遇 关注一下 鄙视蒙牛 我已经一年多没买过蒙牛产品啦,6,6,0.949093759059906
面料很差，不值，很硬不透气，南极人？？？还是算了吧。。。,7,7,0.9872148036956787
很不错，之前老听说这洗发水好，试试。用完回复朋友们,4,4,0.9390159845352173
如果不是因为他是4星不会入住，但入住后才知道上当了，房间很旧，只有高级房才能提供上网，早餐品种很少，服务员服务质量很差。,9,9,0.9914292693138123
1、屏幕采用古怪的240*240像素分辨率，如果全屏播放视频则会导致图象变形，非常难看，浏览很多3:2比例的图片也存在问题。2、拥有强大的功能却不支持WIFI无线上网，难以满足用户高速浏览网络的需要。3、130万像素摄像头没有拍照快捷键，拍摄很不方便（如果采用更改菜单设置的方式占用一个键位，其他操作又不方便了），而且画质很糟糕，连2000元手机的效果都不如，相同价位的手机还没有像它的镜头这么烂的（以前Palm 600的30万像素摄像头都比它强）。4、价格可以用离谱来形容，6000元？在PPC领域还轮不到Palm称王，更别说那个失败的240*240屏幕，首先就制约了很多性能的发挥、很多软件的支持。,2,2,0.9657713770866394
不想说什么了，想买的自己看图片吧！一颗星我都闲给多了，没一个好看的，比超市特价苹果还丑！还是烂的多！还红富士！估计是没人要的次品，,3,3,0.9589903354644775
质量很差 和图片根本不一样 想退太麻烦了 算了 别买,7,7,0.9543294310569763
苹果包装少量（3个共24个），发票迟迟不开，至今未收到发票！,3,3,0.7766066789627075
东西还没用，逛超市的时候发现超市里买的价格竟然还要便宜些，不开心了,4,3,0.5435530543327332
"待机时间短，不能下载铃声，不支持短信群发，不支持JAVA,外观看起来特老土。",2,2,0.9207180738449097
衣服不透气，和描述的不相符！买的慎重考虑！,7,7,0.984589159488678
很不错，手感很好。也很薄，不卡顿。之前还在犹豫买苹果还是华为，也是用P9的手机。为了支持国货最后买了华为，果然没让我失望。,1,1,0.8109068870544434
快递员 太次了 说不让开箱验货,1,4,0.4221750497817993
一起买的沐浴露炸开了,4,4,0.7666789889335632
东西收到了，买过之后就看见降价了，心里不是很舒服,4,4,0.49408677220344543
"性能很好!配置不错!自带系统,开机可以用.VIST比传说中的好用.送货很快!当天14点下单,次日早11点到货!",8,8,0.7133963704109192
平板非常漂亮，系统也很流畅，画面清晰完美，就是home键有时候不太好使，得多点几下，物流非常快，第二天就到了。恶心的一点就是系统自动确认收货，让人感觉很不舒服。！！！,1,1,0.7090809345245361
这个平板是个鸡肋，而且材质不好。背面太滑，手感差劲,1,1,0.7781392335891724
穿了几次，就破了…无语,7,7,0.9400625824928284
蒙牛臭傻逼,6,6,0.9809157252311707
第一天799抢不到，第二天899随便买，第三天799随便买，你属孙猴子的啊,1,1,0.8028714656829834
不错我第二次买甘肃苹果了，很好很新鲜，很甜不酸直得购买。送货员给力今天下午下单，明天早上九点送到。,3,3,0.9850217700004578
做工真的很好，音质很赞，屏幕素质很好，16-17年第一国产品牌平板当之无愧。,1,1,0.8096315860748291
瓶子烂了，都洒出来了，弄的满盒子都是,4,4,0.5800644755363464
除了位置方便 再什么都不满意,9,9,0.9308182001113892
SL65采用当今主流的65536色TFT材质，分辨率为130x130的正方形屏幕，比起SL55那4096色101*80的STN屏幕来说可谓有了长足的进步。SL65还支持视频拍摄功能，能够拍摄每秒8帧的128×96像素的SubQCIF格式的H263/MPEG4格式的有声短片。而且短片同样支持5倍数码变焦，和6级亮度调节。SL65的电话本功能也相当强大，最多支持1000条的电话记录，另外还有强大的电话群组功能，内建了VIP、公司同事、家人、个人爱好、休闲玩伴、生意伙伴等，还可以自建新的群组；而且电话本记录可以通过红外发送，相信这么强大的电话本功能绝对能够满足一般用户的要求了。SL65的闹钟功能相当人性化，可根据各自的需要选择星期几作为闹钟提醒，不用每天自行设置。,2,2,0.9977637529373169
"餐厅很差,菜的种类水准都不行.酒店基本没有旅游配套服务,其实河南有很多有吸引力的旅游景点,但是实在缺少相应的服务.",9,9,0.9784228205680847
套装购买比较划算，主要是小瓶的外出比较方便，这款是500ml的，不是750ml.性价比没有想象的高。,4,4,0.9304576516151428
您们家的身材太条了吧，根本穿不上,7,7,0.9933274984359741
送货速度很快，裤子颜色很好，第一次买这种颜色的裤子，没有让失望。质量不错，摸着很舒服，下次还会再购买的。,7,7,0.9886399507522583
刚到手，包装全新未开封。开机机子全新的没瑕疵，不得不说京东的快递真心快，18号下单19号上午就收到，用好了追加评价,1,4,0.5227747559547424
第一次购买，还行吧,1,1,0.46908706426620483
苹果很脆很甜，价格比超市卖的便宜多了，量又很多，价格又很便宜，这下又好吃，就是个头有点小。,3,3,0.999393105506897
看起来不错，希望是正品哦，会一直关注你们的,4,7,0.7546236515045166
在京东买了几次沙宣了，性价比挺高的。,4,4,0.6834676861763
"1.酒店饭菜一般,上菜特慢2.免费宽带上网不好使3.该酒店不是在市中心,比较偏,打车到五一广场至少20元,到省博物(看马王堆)至少40元",9,9,0.9902639389038086
码子不正，太大了，不值这个价，再也不在京东买衣服了，跟图片差还了,7,7,0.9921509027481079
物流很快，不到3天就到了，而且这条裤子的质量很好，我很喜欢,7,7,0.9879449605941772
东西不好，感觉很像假货，连味道也和以前不一样，第一次给差评，很不满意的一次网购,4,7,0.4341983497142792
一直都在抵制与其抵制日货，不如抵制蒙牛。,6,6,0.94514000415802
我是端午节前买到了这套书。我儿子喜欢汽车，所以我把《轱辘轱辘转》先送给他了，爱不释手，每天都要我给他讲，碰到我实在有事不能讲的时候他就自己读（我儿子5岁，能认识一些字，但是自己读得慢，更愿意听我讲），什么铅笔车、南瓜车，无尽的想象和搞笑的情节，自己看得也能哈哈大笑。 昨天我把剩下的那几本都给他了，拿着《忙忙碌碌镇》就要我给讲。期待着套书的每一本都能给我儿子带来无尽快乐，无尽的想象。,0,0,0.9980727434158325
全部都有漏出来，包装很随意！第一次在京东超市购买东西让我很失望。,4,4,0.5317126512527466
一般般。什么都一般般。就这样吧。比较老旧,9,9,0.5999482870101929
不好用，xxxxxxxxxxxxxxxxxxxx,4,1,0.46042585372924805
从几年前一直在用京东的清扬，根本停不下来，希望以后的活动多点再多点,4,4,0.5650627613067627
都是半瓶装，无良商家，骗子,4,3,0.49551504850387573
打电话对方有回音，手机电池松，估计设急有问题；听筒听电话后耳朵像针扎（不知道什么原因），自动挂机，键盘硬的像石头，功能简单的像弱智，更可气的是售后服务，把所有问题都会归结为网络原因......,2,2,0.6219130158424377
房间比较陈旧，没有无烟层，商务间和会议室在一起，白天环境很差，早餐非常简陋，服务态度先不说，单就服务质量而言就很不令人满意，客人大部分都是国内来开会的，不推荐个人旅行者入住。,9,9,0.9959374666213989
手机有点弯弯的，很失望，华为,1,1,0.9329761862754822
衣服颜色和款式都非常好，也有弹性。,7,7,0.9885666966438293
每天一包奶，毒死中国人。蒙牛，是全国最无耻的企业之一。继续让蒙牛经验的后台们是世界上最无耻的机构。同意请转。,6,6,0.9946205615997314
年份应该长了，面积较小，早餐一般，服务没啥。一般般，性价比不高。只是为了到贵阳北站高铁五公里多点，否则不会选择。,9,9,0.9937250018119812
好好好好好好好好好好好好好好好好,1,1,0.4253461956977844
太大了 哈哈,7,1,0.284485787153244
酒店设施老化，电视看不了，wifi连不上。,9,9,0.9916231036186218
入手之后还没有玩什么游戏 不用用起来还是挺舒服的 屏幕比较大,8,1,0.8250650763511658
太坑人了，一多半都小得可怜，坑人啊！奉劝大家不要再上当了！有图有真相！,3,3,0.6204725503921509
洗发水，刚拍下还没收到货，就降价*和客服说也没给我处理，还让我怎么下次去购买,4,4,0.89529949426651
一般般，和摆地摊的没什么区别。,7,7,0.4194523096084595
买了送人的，结果收到货又小又不新鲜，皱巴巴的，一点都不好，感觉被欺骗！,3,3,0.6416341066360474
分辨率低了。反应慢。其他很好。,1,1,0.8000785708427429
主要是办事便利才选择“霉园”宾馆 房间有霉味耶 三星宾馆可能是淮安标准 没有服务 连台灯都没有不过早餐是绝对绿色 五谷杂粮 品种也多,9,9,0.8660817742347717
个人感觉散热不是很好，摸起来有的温手，没我的华硕A8的散热好，另外键盘有点硬，间距有点下，打字还有点不习惯。电源管理之类的附加软件不多。,8,8,0.977922797203064
宝贝收到了，试了一下，穿上挺舒服的，是正品，综合给好评,7,7,0.9378305077552795
感觉被骗了昨天还是洗发，护发。一样两个呢，今天就少了一个，还比昨天贵/。不值不值不值。,4,4,0.9321621060371399
包装都不是这样的。。好烂。。还有磨损。。我都怀疑这是假的了。。。。。。。。。,4,1,0.2748314440250397
人家代言过蒙牛酸酸乳好不好，蒙牛好像特喜欢让相关人员参观生产线的蒙牛养牛场的牛很厉害 ==你真的看到了吗？？少年 轉發微博,6,6,0.9810046553611755
品质一般，成熟度差，口感也一般，看来京东直采的管理有待提高。究其原因，京东选择的果园的管理落后，疏果和施肥不到位，应该不值这个价格。,3,3,0.9987331032752991
包装很垃圾，标签直接贴在商品上，怎么送人,3,4,0.7800313234329224
"适合一大家子外出居住,不过最好是有车.公寓的条件是很好的,确实令人满意.",9,9,0.9639236330986023
这个苹果一吃就知道是胶东半岛产的，水份充足，糖份含量自然是没法和黄土高原的苹果相比较了，比一般的小超市购买的要放心，苹果表面一点都没有打蜡！,3,3,0.9949525594711304
出行非常方便，离地铁很近，酒店后面就有酒吧一条街，房间还不错没有想象中小，被子超软，很舒服！以后我还会住这里！,9,9,0.9824574589729309
看着瓶子就是假货！味道也和超市卖的不一样！奶奶的，真是便宜没好货！,4,4,0.6013506054878235
非常一般，只是位置比较方便。为了赶飞机凑合一下无所谓,9,9,0.964204728603363
太偏僻，吃饭的地方都找不到！,9,9,0.87013179063797
差评，肯定不是正品，用完这个护发素头发全是头皮屑，还枯。换了其他护发素就好了。,4,4,0.9959200620651245
苹果是粉的，不脆。我还专门看了这个属于自营不是第三方。。。一星给快递吧，快递员挺客气的,3,3,0.9006152749061584
"到货时间太慢，整整过了8天，是没有系统还是怎么了？为什么打开之后就不动了，显示root localhost ,谁能帮我解释解释，该怎么办呢？是应该找京东还是找宏基？",8,8,0.6148396134376526
赶上了末班车，送了移动硬盘与内存，下单的第二天就没有了，嘿嘿。,8,1,0.37681278586387634
有一些页面的文字很模糊，印刷质量很次，内容还可以。,0,0,0.7804005742073059
这个教程用的蒙牛也！,6,6,0.3950347900390625
东西我不敢说有多好，拿来洗，隔天头皮上面长逗逗，越来越肿，太可怕了，我停用一段时间好了，然后开始试一试会不会长，没想到用了又长痘痘头皮上面，这质量就像毒一样，太危险了，各位买时候谨慎！别买回来给自己受罪,4,4,0.8737213015556335
"刚刚收到书5分钟,就跑来反馈了,真好玩,书宽宽大大的,封面那些个傻忽忽的猫,挺逗的,没顾上翻看呢,嘿嘿,看完和大家分享去!!!拉拉",0,0,0.9750251173973083
好想你了，我的人都有自己的生活方式，我的生活了？我就去买的是我自己了！好吧、有个人都不好玩不好玩的好地方。你是一个人都不好玩不好的人是你自己不知道怎么回家的士都江堰救灾的是自己想要的就是这个了！好累了、有的两只狗的我查查条码比价从前一,7,3,0.2767614722251892
坚定一个想法，凡是炒作的书下次都不买。写的 什么东西呀神神乎乎的他怎么一捏，病就没有啦他要这么神，早被国家领导人御用了坚定一个想法，凡是炒作的书下次都不买。感觉这本书就是迷信大全。，,0,0,0.8724455833435059
改装xp系统后，蓝牙使用有些问题。不过我接了个外接设备来用。基本不影响使用,8,8,0.7815433740615845
东西不错是正品，就是这京东的客服太差了，我要买的是中干性发质的，没注意买成了油性的。一直联系客服都没用，就这样凑合着用吧！退换货麻烦,4,4,0.748318612575531
"一入住,给的IC卡就打不开门,?",9,9,0.9671465158462524
酒店也就转机入住，酒店房间里面酒水饮料什么都没有，一般吧。房间订餐也没有，到了餐厅连电话里说好的意大利面也没有，唉?,9,9,0.981393039226532
有点小失落。自己穿起来没那么好看。不在给网上买裤子了。除短裤。,7,7,0.9941790103912354
衣服帮我老公买的。买的XL小了。连系商家帮我换XXL码。服务态度很好，一会就去把衣服寄过去换。,7,7,0.9438580274581909
用了一两个星期。但是发现开始长头屑了。好不爽。,4,4,0.9832241535186768
速度快，要加钱，速度快，要加钱，，，，,3,1,0.43442532420158386
本来心情很好，结果一拿到包装就无语了，虽然是好东西，结果包装破了不说，里面的很多沐浴露都被压出来了，一箱子都是漏出的，不过用还是很好用。。。,4,4,0.9088819026947021
永恒之塔，魔兽都是可以玩的，非常不错了，极品飞车一样玩。哈哈,8,1,0.5564109683036804
热水器看着不错，还没体验过，有正规发票。送的水壶里边都锈了不能用，店家这种费力不讨好的赠品还不如不送呢。热水器从发货到物流都很好。,5,5,0.8233499526977539
"酒店周围的环境不错,去景点都很方便. 前台态度不错,入住和退房的速度很快.",9,9,0.9904234409332275
试穿上可以，手感也不错，没洗呢就是不知道退色严重不,7,7,0.917924165725708
活动价格买的，性价比高，平板音质还行，做工也还可以，整体不错。,1,1,0.9497581720352173
为什么还没收到衣服？都二十几天了,7,7,0.5645157694816589
效果我不知道怎么样、关键是打开包装居然漏了…给我气得啊…差评、盖子居然都没盖紧,4,4,0.8518064022064209
老霸气了。。 视频里的蒙牛又霸气了！,6,6,0.9841052889823914
小巧，做工还算精致。固态硬盘很超值，当然，这是在2999购买的时候。,8,8,0.9646080732345581
我是奔着南极人的牌子买的但裤子上的标签不是写着南极人，款式可以但质量很差，，很失望的一次购物,7,7,0.9537452459335327
质量很好。就是因为好，买了多次。,3,7,0.6889542937278748
礼盒装，稍微有些挤压变形，但里面的洗头水完好，6没有破损漏液，味道是一如既往的味道，好闻，活动时买的，经济实惠。,4,4,0.8577494621276855
看王小波的小说，很多时候都会被他的语言逗乐。在笑声以后，引发许多对现实生活的思考。在突然间，才发现，原来很多想法大家都会惊人的相近，只是从小时候开始就被不断告诫不应该这么想，所以，才把许多真实的想法深深埋藏在心底，只有在孤寂时才回味起来偷着乐。王小波以一个普通人的眼光，以非常理性的思考，以幽默的语言道出了生活的事实，还原了现实的生活。我很喜欢。每一篇都值得好好品味。,0,0,0.9997133612632751
买了洗发水沐浴露和纸巾，结果纸巾上都是漏出来的洗发水。,4,4,0.7443549633026123
一分是给快递的，居然在京东买到假货，洗完头发一直痒，不想吐槽，而且防伪标志又没有，送来还撒出来了，第一次给差评，忍无可忍,4,4,0.7926178574562073
不讲信用，说好的有送洗发水和发膜的，结果就只有两瓶洗发水和一瓶润发乳，其余的都没有,4,4,0.9573025703430176
快递很快    苹果也好吃    保护的很棒    香香的,3,3,0.8518947958946228
朋友拿到货了，她洗的没有她在屈臣氏买的好，洗的头发很木！,4,4,0.898036003112793
"酒店的房间很舒服,但是打电话询问酒店位置的时候前台说不清楚;餐厅由于要接待团队就不能为散课服务,而且理直气壮.",9,9,0.9835314750671387
我靠这衣服只价值*，买了后悔一辈子！算我黑仔！,7,7,0.9476181864738464
总体来说感觉很好，华为商誉还是不错的，平板的电量和运存都值得称赞,1,1,0.921755850315094
非常差，服务人员态度很不好，房间设施差，隔音差，矿泉水只能给2瓶，黑黑暗暗的大厅和房间，关键还没窗！非常不推荐！,9,9,0.9945551156997681
退房时，前台服务员态度极差；我同事想办如家会员卡，收了40员之后还冷嘲热讽补充点评 2008年8月7日 ： 6月份入住如家快捷酒店（石家庄大石桥店），因同事与服务员发生了点不愉快，就在点评时说了自己的想法。让我没有想到的是，酒店领导对此非常重视，对此事做了及时处理，并多次给我电话表示歉意，征询意见。我和同事都非常感动；同事们都说：出差就住如家。我也希望如家越办越好！,9,9,0.9873567819595337
第一次看奎恩的书，结局真是峰回路转，大出我的意料。书的内容不错，不过翻译是本书唯一的遗憾，很多地方译得很生涩，甚至还在掉书包，行文也不流畅，要不是故事实在好，都没有看下去的欲望。前半部我看了好几天，因为出场人物多，名字难记，翻译得让人看起来丝毫没有那种酣畅淋漓的感觉，后半部一天就看完了，因为解密是最高潮的部分，情节的设计让人看起来欲罢不能……一句话，好的侦探小说还需要好的翻译,0,0,0.9994052648544312
很失望，书的内容乱糟糟，一点意思都没有。整个一个精神病医院，哪里像个心理诊所。看后大脑空白，心情一点都不轻松。想看书消遣的朋友这本书绝对不是最佳选择。,0,0,0.9997963309288025
不错，发货速度非常快，物流非常给力，商品质量非常好，京东商城服务态度非常好，不错，物美价廉，京东商城一直是我购物之选！,1,4,0.4710301458835602
高大上，音效非常棒，电池有待提高。快递神速！,1,1,0.6895000338554382
家居休闲，穿着舒服，纯棉材质，号型准确，关注店铺。,7,7,0.998900294303894
这个东西我刚买没多久就降价，反正价格也是贵，效果也就那样,4,4,0.9039400815963745
差评差评差评，差太多太多了，说16到24个苹果，5kg，收到只有10个。。。。。。你们短斤缺两也太厉害了，恶心……,3,3,0.6661754250526428
作者的笔触很真实 将一个不忠却又深爱自己妻子的丈夫形象毫无遮掩的展示给读者 而什么是真爱 什么是灵魂的永远缠绕相守 是看过这本书的人不得不思考的问题在这本书中 了解了生命将逝却无能为力所承受的艰辛 对安乐死也有些了解最后章节的那句我们已经不再相信坏运气了，坏运气不存在，运气不存在。相信运气是对生命的侮辱。多么坚韧的人性之美。,0,0,0.9889599084854126
质量不错感很舒适，，尺寸合适，性价比高,7,7,0.9976166486740112
这个套装性价比高，沙萱这么牌子一向喜欢，这一套洗护发全了。别人想买洗护用品送人，我推荐了这款，大家都喜欢。,4,4,0.9788600206375122
来了箱子是坏的，打开里面也是坏的。物流服务态度差,4,7,0.37133175134658813
物流很慢，一个月才到货！质量很一般，跟十几块的没区别。。。客服态度也很差。很失望的一次购物！,1,7,0.6032895445823669
悲催的幼儿牛奶，未来星，蒙牛都不愿承认是自己的产品，好小的蒙牛,6,6,0.9965744018554688
港式的语言。确实有些难懂。不过基本还是看得懂。不过我更喜欢林夕的《曾经》。文学性更强,0,0,0.9979662895202637
本来低价机器没什么要求的，但是屏幕和触摸也要稍微好点才行呀！,1,1,0.5852999687194824
又小又不新鲜，买了这次不会有下次了,3,3,0.9517011642456055
苹果比台球稍大，糖分不足，有些生，性价比不高,3,3,0.9990429282188416
终于找到家好店，服务好，质量不错，,7,7,0.2651008069515228
耳机保护膜保护套什么都没有被打击了,1,1,0.6839990615844727
收到裤子后，我打开快递，一看成色简直惊呆了，简直是牛仔裤中的极品，话我就不多说了，好的一批,7,7,0.9411455392837524
性价比很高！同类本本比这款要高出500到1000元呢，所以想买本本的朋友赶快出手！,8,8,0.5593204498291016
给的是白心的 我刚看到我擦 都第二次买了还这么坑,3,4,0.8554952144622803
这苹果，快吃完了居然没有一个好吃的，并且都小的很，和图片严重不同！对京东太失望了，下次还是去水果店超市买苹果！那些好评都是刷出来的！,3,3,0.9542046785354614
真香，一直用沙宣，人家说清扬也很好，就买了试试看，洗起来感觉还不错，关键还是很香,4,4,0.988629937171936
潘苹果 甘肃天水红富士苹果 12粒装 约70mm 总重约4斤 自营水果，很好口感甜。,3,3,0.9927045702934265
裤子很不错 穿着很舒服 质量也好,7,7,0.9943385720252991
以前不用报销的都有收据清单，这次要报销什么都没有，客服客服找不到，烦,1,4,0.3475925326347351
我第一次入住如家，实际情况与现实相差太远，屋子里味道很大，打开窗户换气又很吵，卫生不敢恭维！入住时间不长就搬走。而且位置也很偏，不知道为何在这里选址！总之不会再住！楼下涮肉一般！,9,9,0.9964483976364136
感觉受骗了，京东现在的货品质量越来越差。,7,4,0.4585706293582916
真垃圾，一股异味，快递还慢，,7,4,0.8334646224975586
不错，强烈推荐。脆、甜、水多，口感很好，与洛川苹果风格不一样，个人更喜欢这种，下次选个头更大一点的。,3,3,0.9995063543319702
这已经是第二次买这家店的东西了，非常好用，质量也不错，我很喜欢，下次还会光顾,4,4,0.7160933613777161
没有想象那么好,7,7,0.2846374213695526
既然送不到货，为何还一直坚称当天，已经5天了。客服说确认，有什么用。这算欺骗消费者嘛！,4,1,0.4658832848072052
安意如，同样是感性的女子。一个才女，就如她自己形容的一样，一流的才女，即使隔了千年时光，心智也是有共通的，身上流落的气息韵致，像老房子里留下的檀香木衣柜，总是高大沉厚的样式，何时打开来，都迷茫着淡淡香味，有恍惚相识的感觉。她的诗评，更多的是写出了女人的心事，叹服于其文学底蕴的同时，字里行间也时不时地可以邂逅到令人感动令人流泪令人反复咀嚼仍不觉厌倦的句子，似乎只有写下来才不觉可惜。,0,0,0.9964446425437927
感觉是假货。和上次在屈臣氏买的那瓶相比，味道不如那瓶明显，手感也很差。用了好多和没用一样。完全按照说明的操作用的。虽然包装完全一样，但是质量真的差好多。不敢再在京东买洗发类用品了，上次买的自营的沙宣也这样，感觉是假的。再也不敢在京东买这种东西了。,4,4,0.9882921576499939
服务非常差，裤子质量非常差，还不愿意给我开发票，与客服反应，客服态度蛮横，还不承认没开发票，建议大家不要买，绝对后悔,7,7,0.9850685000419617
今早洗头用了沙宣洗发露，用了洗发乳，头发很滑顺，下次再购买,4,4,0.9820858240127563
穿上很舒服大小合适质量不错衣服不错样式不错,7,7,0.9912711381912231
掌柜的服务态度真好，发货很快。商品质量也相当不错。太喜欢了，谢谢!,7,7,0.5738412737846375
前台服务态度不好，问担保金怎么退。把我说了一通然后责备携程不跟客户说清楚又要让她们解释，退房的时候笔直接丢到我面前，服务质量非常差。比较温馨的是有机场接送。,9,9,0.9949302077293396
两大两小，花199-100买的，还是挺划算的，不错不错，支持京东。质量用段时间再来评价！,4,4,0.2780589461326599
很不错，618的时候1580就拿下了，还好1900的时候没出手,1,1,0.7093529105186462
物流超慢，裤子还那么长,7,7,0.956287682056427
无奈之选，在机场找不到其他住的地方了。,9,9,0.9447956085205078
太常识性的东西了稍微有些英文基础的人都不会犯这些错误建议没什么英文基础的人拿去当笑话读读还可以,0,0,0.9003230929374695
装系统比较麻烦。惠普的笔记本不配驱动程序，都要上网下载才行。,8,8,0.9695042967796326
用了不到三个月就屏幕失灵了,1,1,0.6587170958518982
这个真的有点小啊，太小了！！！！,3,3,0.3024049401283264
东西很好。价格特别合适。还会继续支持的。满意。发货快。,4,4,0.2682523727416992
有蒙牛、三鹿、光明招待！,6,6,0.8912753462791443
"个人认为不符合4星的条件,房间很潮湿,酶味太重,,根本没办法入睡,浴室的条件也不怎么样,总之感觉更像个快捷式酒店",9,9,0.9960172772407532
京东白条申请难度太大差评,4,1,0.7073159217834473
屏幕的黑边是个败笔！希望以后能有显著改善 。拍照的清晰度不是很高！对饥饿销售坚决查评！！！,1,1,0.679574191570282
不满意，有装电话卡的地方，可打不成电话。是否骗人的。太坑人啦。,1,1,0.5664095282554626
城市新贵酒店表面上看着倒是像点星级酒店的意思，所谓人不可貌相，酒店亦是如此，总体感觉酒店很差的感觉，主要存在一下问题:1.前台服务没有一点主动意识，无微笑服务，太过随便。2.业务技能太差，预订的房间告知没有房间，告知是预付的，依旧简称也是不给房间的，态度及其恶劣，等我们电话投诉到携程哪里之后，告知酒店搞错了，表示是其他单子没有房间，出现这种情况后，没有任何补救措施。3.房间状态很差，楼道及房间卫生一般，地毯发霉的味道特别的刺鼻，进房后，服务员突然闯入，说是要查房间，说是房间还没有好，这样没好的房间也可以给客人住吗？4.房间隔音效果很差。5.早餐一般，8点左右去吃早饭，找不到吃的了，都是去抢饭吃的，实在没有办法，只能自己去弄点面条和馄炖吃点，服务员也不管这些。感觉好失败的一次入住，只是确认一下这些问题，给其他人一点这家酒店真实的反馈，不要说我学习雷锋好榜样，其实我就是雷锋！,9,9,0.9969854950904846
"今天交了2680元领回一个529,使用半天下来没有达到我原来的期望。先说优点：一：支持蓝牙，就是冲这个功能买的。二：屏幕和声音不错,随机的MP3和MP4放的效果不错。三：做工还可以，只是屏幕容易粘手印。四：手写和键盘输入速度和操作感手感都还让人满意。",2,8,0.6730856895446777
被子太潮了,9,7,0.9500367641448975
一点都不满意 刚满10天 从40公分高的床掉下来手机屏幕都破了。这个型号的太水货了。下次不买这种手机了,1,1,0.7308960556983948
根本不好笑，个人觉得没有想象中的那么好~~~,0,0,0.8481103181838989
第二次来了，这电热水器真的不错,5,5,0.8330417275428772
"简直不敢恭维什么,千万别住楼层高的房间,因为它11楼说的是茶楼,其实是KTV,晚上会吵得你半死!",9,9,0.988953709602356
"帮朋友买的家用办公电脑,自加1G内存,跑VISTA很顺的.做工不错,感觉非常好....",8,8,0.9862455129623413
这套书非常棒，女儿一见就爱不释手，拿着西游记看得很投入，尽管识字不多，但是那一张张生动的图片足以让她把电视剧和书联系起来，有板有眼地说哪是白骨精，哪是东海龙王。送货也很快，不爽的是那个当当送货员。本来一次订了十几本书，是一个订单，他抱怨说，你怎么不两本做成一个订单，这样就是好几个订单了，象你这样十几本一个订单，我就挣不住钱，没有人愿意送云云。,0,0,0.9922091960906982
起球严重，已丢,7,7,0.30461689829826355
很好，超值。超市一瓶都99了，,4,4,0.919238269329071
刚收到货，质量很好，物超所值，以后还来这家店买,7,7,0.5720413327217102
地方还可以房间有点脏我住的是B212但还行就是卧室里没电视不爽其他还可以早餐没时间吃这个地段这个价格算可以,9,9,0.9944138526916504
非常好哦，老家买不到这么正宗的红富士，多亏有京东，送货还快又便宜，赞赞赞66666666666666,3,3,0.8149229288101196
酒店前台服务实在太差了,9,9,0.9858860969543457
最后一章是专门解读儿童经络的，温馨实用，之前买的那本送给了新得了宝宝的亲戚，自己再藏一本继续学习：）P。S。：看到有不少人在车上看书，毕竟颠簸，还是避免吧。祝愿大家都受益。,0,0,0.9370809197425842
产品没用还不知道 但是物流真是让人不痛快 ！,1,4,0.6911710500717163
外观：机身采用了流线型外观设计，其外壳部分并无太多装饰，使700看上去简单大方；功能：最让我喜欢的就是内置的摄象头，虽然象素不是很高，但是对于日常的生活来说足够了。虽然游戏只有2个，但是我觉得推箱子还是挺好玩的，21点也都还好，我是不怎么玩游戏—废电！电话本很方便，尤其是查找，我很喜欢。,2,8,0.5423792004585266
其一，设计过于平坦紧凑，手感生涩，容易误触。另外按键功能布局与平常使用习惯有所出入需花点时间去适应。其二，在不少翻盖手机的外屏已经可阅读短信的时代，有着不错分辨率的GN638却不支持这功能，这可浪费了硕大的外屏，多少令人有点遗憾。其三，内屏没有设计显示时间，这多少有感不便。其四，在信息方面，彩信不对录音的支持让人颇为费解。其五，机身未提供红外、蓝牙的连接方式。其六，未加入对储存卡的支持不得不说又是一个遗憾。,2,2,0.9645176529884338
"说买送两瓶小的,结果什么都没有，问了说在购物车里面,结果还是要钱,差评.",4,4,0.7501848936080933
服务还可以，价格不贵，周边交通还是比较方便，早餐一般，可选比较少,9,9,0.9739431142807007
很不错的衣服，价位里算不错的,7,7,0.993601381778717
不想多说什么。只是请酒店赶快把128房间的淋雨修一下。2个花洒全部不能用。我竟然是蹲着用水龙头洗完澡的。实在是太差劲了！因为夜里1点才下飞机入住，已经没有精力再折腾换房间了，以前出差都住这，没想到现在成这样了！,9,9,0.9962130784988403
我买的风扇买完618就降价，说什么保价618那都是忽悠人的，申请保价理都每人理，京东就这点诚信吗？一星是给京东的，与商品无关，京东就是一个不讲信誉，虽然说才*但是这样子真不爽(* ￣︿￣),4,4,0.71332848072052
"经过我的亲身体验，这家店信誉是相当地不错。宝贝的质量更像钻石一般。太感谢了！ 我用我的亲身经历告诉大家，客服服务态度非常好。商品质量也非常不错。顶你了！东西收到,很满意!!真的是超级好的卖家,解答疑问不厌其烦,细致认真,关键是东西好,而且货物发得超快,包装仔细,值得信赖!",4,7,0.3635116517543793
价格便宜。比较轻，省电。附带XP、vista驱动光盘，这点比thinkpad要强，不用到网站上自己找，很方便,8,8,0.9986932873725891
我本以为，最好的房间应该是地毯是干净的。房间是安静的，肥皂、浴帽是有的。可惜，当我入住之后却发现，地毯脏得可怕，还有一股难闻的味道，房间里面不知道什么机器吱吱作响让人无法入睡，卫生间里面的羽毛盒竟然是空的！！！！太恐怖拉！！！最高级的房间尚且如此，那么标间怎么住人呢？？！！！对了，还有早餐！！咖啡是凉的！！！和齐齐哈尔的天气一样！！！,9,9,0.9849967956542969
因为对此套书，女儿重复看的频率太高，让我很是担心，我不会再去购买此套书了，虽然她普及了科学知识，但也正它垄断了女儿读书爱好。每天抱着一大堆这套书，读来读去。我曾看过有人这样评价漫画书，说漫画书是甜点，所有的孩子都喜欢漫画书，就象喜欢爱吃的甜点，但只吃甜点，是会影响孩子生长的。此套书我已买了二十来本，打住不再购买了。我认为一两本值得拥有，但没必要象我这样大批量购入。,0,0,0.9995970129966736
屏幕很大，母亲用，对老人来说很方便，只有一点让我不能接受的是11号*买的，可是到了25号刚15天就变成*我也是F了，这价格冲浪一样，买的时候要申请价格保护，但一申请就是失败，原因是因为有赠品，谢谢京东，我很少给1星，这次就当京东您给我上了一课，说真的我也是明白了，价格保护也就是说说罢了，谁用谁知道。,1,1,0.8164440989494324
"湛江最好的酒店了, 房间比较新, 周围环境一般,总体的服务也不错.补充点评 2008年7月6日 ： 酒店的大堂非常大, 也很漂亮",9,9,0.9872898459434509
蒙牛新品，据说味道不错呢，不知道和之前喝的韩国的笨呐呐比起来如何，哈哈，怎么到手的第一反应就是想留给某个胖子先喝呢？算啦，好东西还是进自己的肚肚吧,6,6,0.8980066776275635
哎，大过年我也不想麻烦快递师傅，首先我说声抱歉。一分钱一分货我清楚，但这款平板有两个硬伤，我只能发声：一、耳机插入平板听音乐，音质极差，没法点评，几乎全是杂音。二、平板分辨率很低，习惯苹果手机的大伙，轻易勿入！最后，希望华为能诚信赚钱，用心超越！唯一的一颗星，送给快递师傅、辛苦了！,1,1,0.7382646203041077
"我觉得不闷的人千万别去看这本书,看了后超级郁闷,是一本很闷的书,我只能这么说了~~",0,0,0.9983687996864319
又大又好，很好很好。吃了再来！,3,3,0.9635348916053772
一直支持班尼路，适合学生阶层和工薪族，质量可靠，价格还可以。,7,4,0.3694063425064087
学术类书籍大多会有许多专业、晦涩的词汇，但此书不同，编者将专业性和普及性的配比拿捏的十分到位。你不会像读小说那样，读完觉得一无所获，也不会像读教科书那样昏昏欲睡，而是会很积极的阅读，而且每读一个章节都会有一定的收获。书中还放了许多的小测试，也颇值得玩味。无论是否是心理学的爱好者，都应该读一读这本书，因为其中许多理论不能算是多么深奥的知识，而是应当普及的常识。,0,0,0.999847412109375
"比较失望,也没太多的心理分析描写,完全是案例,且没有深入的分析,",0,0,0.9946046471595764
手机电池太行了，买手机最失败的一次，认为华为的品牌才来的，没想到还没有小米好用，太一般了！主要是电池！太差劲了！手机上还没有初始的模！总之都不值这个价钱！,1,1,0.9053664803504944
电视是坏的,9,1,0.5851625204086304
不咋的，买来穿了一天扣子掉了一个,7,7,0.836245596408844
又快又好啊啊啊 又快又好啊啊啊,3,1,0.5114926099777222
穿了两次，洗了两次，第一次洗后，裤子就变得皱巴巴的，非常难看，完全看不下去，而且洗一次后就褪色了，变白了，洗两次后裤子就完全没用了，以后不能在京东里买衣服，太差了。,7,7,0.978967010974884
对于后台能够自主取消我们消费者订单的京东我只能用差评来回击！被取消了订单也只能自认倒霉，说什么赔我满1000减50的券，劳资买这电视的时候都减了*，而且我也说了不用减不减，只要给我把恢复订单就可以，连这个都做不到，太失望了！以后在京东上买东西小心系统给你乱改吧,4,1,0.7174857258796692
作为在人民广场附近的酒店来说这个价位算是比较低的，而且相对房间来说也不是很差。与一般的经济型酒店设施还是差不多的。但是酒店的地点却不是很熟悉，所以也是找了一段时间才找到。但是走到人民广场还是很方便的。,9,9,0.9860219955444336
没有买家确认收货了，着实把我吓一大跳，我这可是给别人买的，京东这个签收就订单完成着实不靠谱，为了早收两天钱不顾顾客的感受了，这次购物体验太差！太差！太差！,1,7,0.30786001682281494
"价格不错,位置不是特别容易找,不过宾馆前台提供的信息很准确,开车很快就找到了.单人间确实只能住一个人,不过条件还不错,建议一个人出差可以去住.",9,9,0.9886052012443542
机子反应慢,2,1,0.44842103123664856
看看图片，大家就知道这苹果是有多次品，口感就是再好我也没吃欲了。不过快递还是一如既往给力。,3,3,0.9804202318191528
假货，越洗越痒，还买这么贵，靠,4,4,0.8694730401039124
不好用，经常闪屏，本来要退，可惜找不到原包装盒了，很郁闷,1,1,0.8869811296463013
好好好:！!,1,3,0.26272162795066833
住了几次，价格高，房间差，床又小。要不是在携程上宜宾就这几个宾馆，我早不住了。今天去了，服务态度极差，我发誓再也不去了。郁闷,9,9,0.9763960242271423
CD-Rom有点响 分区不好，没有随机驱动光盘，现在想重装系统，但还没有找到驱动。请问你们可以告诉驱动地址？,8,8,0.9663317203521729
感觉很好吃的，吃起来特别好吃，有很多水分。物美价廉的感觉。以后还来买它。棒棒的，赞一个。,3,3,0.9487367272377014
差得很，返修都不回复！！！！大家注意了,1,1,0.35904332995414734
回复 另外，提个建议，不知道有用没有用，还是提一下，希望蒙牛以及各乳制品企业考虑，恢复巴氏消毒奶的市场供应，虽然储存期短，但是营养破坏少，也不需要添加过多的添加剂,6,6,0.9960848093032837
什么都不送不说 发票也没有 有点担心质量问题,1,1,0.3956109881401062
散热太差，每次才开机不到半小时机身就发烫，要是一运行其他的软件或者是读光驱，就会直接关机。不知道是不是这款机子的问题还是个别的现象，现在正在申请换货中，希望能尽快处理，不然实在是没法工作。,8,8,0.8504669666290283
价格毕竟在这呢，音效好，运行速度快，帮别人买的，试了几天没有质量问题,1,1,0.7018967270851135
垃圾产品，问题多多，谁买谁后悔,1,4,0.5275633931159973
很差劲，标准的泡房，各种声音，前台态度超级差,9,9,0.9917718768119812
垃圾京东,1,4,0.6623745560646057
第一次买，酸甜的，很新鲜，水份足，一次买了三箱，孕妇吃着放心,3,3,0.9888610243797302
新模具，结实了很多，屏幕没有亮点，很好，散热也行，价格很便宜，独立显卡不错,8,8,0.7634662985801697
苹果很新鲜 第二次购买了 又爽脆又甜 一家大小都喜欢吃 下次还来,3,3,0.9943143725395203
9月26日*的，平板很震撼，就京东没诚信，网页显示下单有送保护套和钢化膜的，结果毛都没有，说晒单有送京豆*的，这次我晒单看有没有，没有的话再找京东！,1,1,0.5886864066123962
的确不错，水分充足，口感好。吃了再来购买。,3,3,0.9737721681594849
早餐还可以，酒店比较老……离机场近，酒店有接送服务，还算可以,9,9,0.988257110118866
这样的东西根本不用多说了… 但是强制要求50个字以上的评价，而且最起码也要给一颗星，很好的规矩嘛！这些都是在挑战客户的底线吗？京东超市确实让人失望……,3,3,0.467421293258667
11月8日下单11月11日快递才到。平板收到，外观好看，可是运行非常不让人满意，就是上个微信也卡得要死，非常容易闪退，我是第一次购买不知道怎么退货，否则早就申请退货了。还3G内存，64G内存，太卡了，什么东东！上个微信都卡死闪退，差差差！！！,1,1,0.7915582060813904
苹果挺香，闻着就挺甜的，还没来得急吃，家里西瓜先清掉,3,3,0.9913849830627441
又酸又涩，和买的寻真山东烟台栖霞红富士苹果比还是有差距的,3,3,0.9992590546607971
键盘左边真的很热。。。。 音箱因为在键盘下边，声音很小。。 LED屏幕好像有拖尾现象，不过静态图片很清晰 哦， 我一直没找到在哪个软件里面能设置指纹。,8,8,0.773079514503479
看过嘟嘟和巴豆后，就觉得这本书买怨了。,0,0,0.9942206144332886
网上会比实体便宜，还没有穿，大小还可以!,7,7,0.9843765497207642
只能说无语了！别的不说 腰围跟上面的号码根本不对称 的上面写的29我看起码是31的。裤脚又大怎么穿呀！太坑了,7,7,0.9987930059432983
做工很好（除了钢琴烤漆不喜欢之外都很喜欢），性价比很高。给老爸上网用的，老人家需要宽屏本，这个配置很适合他用。拿到手感觉比预想的要好。,8,8,0.6700392365455627
包装很不错，味道很好闻 第二天就能收到，为京东快递点个赞,4,4,0.5654812455177307
芭呐呐弗雷喔还有那个棒子的香蕉牛奶都是一个味儿，果汁奶味儿！！！！！我很纳闷为什么蒙牛那个破奶要卖那么贵~悔恨我的好奇心~让你馋让你馋让你馋。。。。。。。所以新浪一直不给你红星星！！！！！fuck,6,6,0.9148879647254944
"入住的时候礼宾在哪里?房间里的花盆特别象90年代初期的田园花盆,极为难看.更可怕的是入住的时候门口不管客人,照常做大范围清洁.",9,9,0.991935133934021
外观漂亮，性能优秀，观看可流畅运行高清视频和当前主流游戏。在同尺寸机型中重量和发热都控制的比较好。,8,2,0.6224489808082581
?，只能用USB接口的鼠标啊。装系统貌似也不太麻烦，叫朋友帮忙装的。,8,8,0.9732832908630371
快递员态度极差，打电话两次推脱说不能送货上门。还说他们不怕投诉，真不知道中通是怎么管理员工的。商品还是好的,7,1,0.3862227499485016
买的前一天送包、买的后一天送包，就是我买的那一天不送包，郁闷、郁闷、郁闷，而且还不补寄，继续……郁闷、郁闷、郁闷。,8,4,0.3613593578338623
这家酒店离天津西青区比较近，条件和服务也没有想象中的那么差，还是值得推荐的。,9,9,0.9864169359207153
看着还行，分量挺沉，还没用，用完再来评价，快递飞一般的感觉，昨天下午下单今天上午就到了,4,4,0.7986852526664734
苹果挺好吃的，甜脆，比外面卖的强，下次继续买。,3,3,0.9934062957763672
啥子好好的东西嘛？就是一般的红富士，说的有赠品才买的，被忽悠了，赠品赠完了嘛，广告就取消了嘛，你不是在害人吗？这商家太不厚道，无包装，送人你都无法送，我也是醉了,3,4,0.6159438490867615
大小均匀，包装完好。送货上门。一切都满意！,3,3,0.3539319336414337
以前买过一瓶好用，现在搞活动再囤点,4,4,0.9927652478218079
中通太垃圾，到了不通知，很多地方都不送到，得自己去取，京东也太那个了，大件也不用好点的快递。还有有哪位大哥知道麦克风咋弄啊，我的麦克风没声音,8,1,0.5077264308929443
苹果味，不算甜。我就想买无公害苹果可以洗了不削皮的。,3,3,0.9961212277412415
本部手机我觉得有很多缺点，例如会自动关机，反映迟钝，功能少，总之我现在就想把她扔了最好！！,2,2,0.9041934609413147
售后服务真周差开个发票要给你废话半天,1,7,0.33058977127075195
轻便，全球联保，宽电压范围适用。自带摄像头，随机软件比较贴心。,8,2,0.6531147360801697
系统比我想象的快，很不错，性价比高，老人用足够了。,1,8,0.49915313720703125
质量一般，还有股怪味，穿上特别小,7,7,0.9919906258583069
屏幕小了一点，要自己装系统，对于不会的菜鸟就比较麻烦，又要到电脑公司去花三十元重新安装。,8,8,0.9267436265945435
经常出差重庆，酒店都是公司预订好的，这次临时决定过去，就让那儿的朋友帮忙推荐。原本觉得随便找个有床睡的地方就好，对于服务、环境各方面没有任何的奢求。太意外了，君临给了我一个surprise。我是晚上到酒店的，还没有吃过晚饭，办好入住手续后，Waiter引导我到房间的时候和我拉家常，介绍酒店及附近怎么吃饭，介绍附近的交通，介绍如何在酒店里更好的享受生活……以往最让我郁闷的是住酒店经常网络不通，非得打几个电话和前台解释一通才能解决。但这次我进了房间，Waiter帮我连接电脑，确定网络可用后方才离开……太意外了，君临的细节、服务令我折服，国内我一直很推崇海尔所倡导的服务，但也只是平时媒体上看到的，移动的服务也很好，但我一般很少有空去对他们即时提供的服务作出简短的评价。此次却抽空做君临的评价，一是希望和我一样经常出差的朋友能有幸入住这样的酒店，感受宾至如归的感觉，享受生活；二是希望携程在各地多找些这样的酒店，让我们这些“飞人”有些归宿感；同时，也祝愿君临这样的酒店开得越来越好！,9,9,0.9773731231689453
酒店位置离机场很近。适合赶飞机人士。 但是环境卫生有待于改进 可能酒店经营时间较长。而且房间里Wi-Fi信号不算好。 不过需要提前预定 住的人较多。,9,9,0.9943549633026123
还不错，买的值，支持国产,1,1,0.8542903065681458
买他们家好几次了、一次不如一次、皮包的挺厚、苹果越来越小、伤心了,3,3,0.9604761004447937
这家店信誉是相当地不错。宝贝的质量更像钻石一般。太感谢了！,7,7,0.4479951560497284
整机显得做工很精致，外观也很漂亮。led冷光屏感觉更舒服，显卡很好，加2G内存以后，最高质量情况下实况2009完美运行，流畅无比。带的液晶屏幕擦布很贴心，不愧是大厂出品。另外散热也很好，没有传说中的那么差，看来需要亲自体验才知道。带的鼠标是罗技的，手感很好。,8,8,0.9816489219665527
无，耻的京东，东西到了以后也不给送，已经到了我家附近了，联系客服给我说是因为高速原因延迟，离我家就不到两公里，用得着高速，请京东在我家跟配送点休一条高速谢谢了。之后我联系了专员说并没有到物流点，要我发一张物流截图做证据，之后我又翻查了下物流记录，他们把物流信息修改了，无，耻的京东，无，良的京东，**日的京东。,1,1,0.27598103880882263
发货速度非常快,1,7,0.331683486700058
酒店介绍和实际不符，达不到3星级标准，房间不紧张，还要求信用卡担保。到达现场后，客人不满意，最后选择宁可酒店扣除了房费，也选择了喀什的其他的酒店，那就是携程也未推荐的中西亚国际大酒店，价格和其相仿，但是其为四星标准。而且，携程与酒店的沟通做得不好，明明是酒店的介绍与实际有较大的偏差，而且价格比起当地旅行社的价格要高出30%，可是酒店方面还是扣除了我们订房的全部房费，我同样要考虑是否还继续使用携程作为我的选择。,9,9,0.9469245076179504
"房间设置实用,住19层安静,价格合适,以后还准备去.",9,9,0.9730854630470276
可是说是CSS设计中的鼻祖书籍了，书中详细介绍了CSS在设计过程中需要解决的许多问题，如字体，图画，以及配色。和国内的一般CSS以语法或者案例为主线的讲解方式不同，该书中采用了面向设计问题领域的方式，每一章节通过一个典型例子作为该章的主线，这些例子都具有代表性，是一类设计问题的集合解决方案，本书适合在静下心的时候仔细阅读，特别是通过书中例子实践，才能发现自己对于CSS的设计灵感。,0,0,0.9923823475837708
整体看起来不错，就是分辨率太差，不清晰，看一会眼睛就受不了了。本来买来给孩子玩游戏的，现在看来不能让孩子继续玩了。,1,1,0.8499668836593628
东西真不好！物流也慢,7,7,0.6616982817649841
东西很好，快递很快，京东超市非常好,4,4,0.46776044368743896
总体一般，不要住窗子开在走道上的房间，酒店提供到机场和火车站的小巴车，但是一定要早去排队，不然可能没位子,9,9,0.9921093583106995
假的，用了有头皮屑不说，还头皮疼，应该是过敏，以前一直用清扬都没出现过，还是不要买了,4,4,0.9971465468406677
就这样用吧，反正两大两小能用挺长时间了，不在乎效果，只要写着洗发水三个字就行,4,4,0.9782384634017944
一个字:太他妈不值了…200元都多了竟然要650！别的就这没啥可说的了，强烈不建议！,9,1,0.4236534535884857
感觉非常一般，房间很脏，而且上网还要收费，好象是2.5元一个小时，极度不爽。往市内走一点，很多又便宜又好的酒店，大把，以后不会再住这个名不副实的酒店，建议携程不要将这类酒店登入，有损携程名誉。,9,9,0.9847036600112915
1.模具有摄像头的位置，但是没有摄像头。 2.做工一般。 3.说明书和驱动都是电子版。 4.没有预装XP系统。,8,8,0.9666261672973633
很倒霉的发现电脑的麦克有问题，用skype通话时对方听不清我的声音，已经发回换货。希望只是个别情况。,8,1,0.5441411733627319
因为要去芭洲会展中心，就定了这个酒店，感觉设施比较新，服务挺周到。唯一遗憾的是早餐的时候，有个烤面包机，面包在机器传动带上移动着烤，最后会掉在桌面上，虽然酒店放置了一张纸垫在下面，但总觉得不是太妥当，改进一下会更好。,9,9,0.9704223275184631
产品没用过，但是包装盒图片不一样，二维码扫描后显示是飘柔产品，是怎么回事？客服解释是贴错了！哎，无语！对产品完全不满意！对客服的解释也不满意！,4,4,0.538070023059845
屏幕一层膜都没有，同事说很可能是二手，失望?,1,1,0.8899418711662292
系统很流畅，屏幕显示高清，,1,1,0.698386549949646
还可以吧 毕竟不贵 有的好吃有的不好吃 总体还可以,3,3,0.6952441930770874
心得就是下次买东西不能光看评论,7,4,0.38584190607070923
"这个口感不错，为啥子你总能发现好喝滴哇，我已经追随你喜欢好多饮料啦，脉动，红牛，蒙牛优益C,旺仔牛奶，还有我们都喜欢的最原始的津威@小苗苗Yimo",6,6,0.9981870055198669
速度非常快，隔天到，送货到家，快递员服务态度很好，值得推荐，点个赞！,4,4,0.3672480583190918
还可以挺清爽的，薄荷味凉凉的，天气热用这个好,4,4,0.983382523059845
和朋友一起买的，喜欢的就是她，京东给我们生活带来太多的方便。希望越来越好。,4,1,0.36814504861831665
送货相当快，早晨7点多订单，中午12点送到。 朋友看了配置都说这机子想当棒，超值。,8,1,0.5550190806388855
买了2条，长短不一，差评！,7,7,0.5888452529907227
不好用，掉头发，长头屑，还易出油！！,4,4,0.9765638113021851
衣服不错，没有色差性比价很好，质量很好，不错，客服的服务态度很好物流给力，赞一个真的很喜欢。下次买衣服还来这家。,7,7,0.9891625642776489
裤子对得起这个价格，毕竟只是*的。,7,7,0.9950986504554749
短信铃声只有一种，很单调！电池不稳定，明明显示充满，可不久又没电了！一旦没电，马上关机，连个提示都没有！和其它牌子相比，这点太没人情味！没有自动开关机功能！显示屏不清晰！拍出照片不行！没有夜拍功能！没有彩信功能！菜单默认为英文，每次都要切换！电话薄太弱，查找联系人只能从上到下地翻看！短信只能存100条！不能录音！,2,2,0.9935781955718994
洗了头痒，不咋地，以后不买这个啦。,4,4,0.8850758075714111
以下说假话的不是人，我们入住延安饭店的家庭房，我父亲当天走累了打电话问他们康乐中心是否有足浴服务，对方表示可以上门，父亲同意了，然后我就和先生下去超市买东西了。上来的是一个女的，带着一瓶精油，我父亲表示不需要了，对方说都上来了必须要服务，我父亲觉得不好意思就同意了，在按摩开始的一分钟内，那个女的暗示可以提供其他服务，我父亲问什么服务，她说全身脱光推油，加一千二就可以，我父亲当即就说不需要，她说八百，后来降到五百，我父亲觉得自己遇到“特殊行业”的女的，就让她离开了，钱还是付了，那个女的不肯走，说服务时间一共是45分钟，我爸说叫她不用担心不会投诉，我刚好回来，那个**还在那里装，然后我们就把大堂副理叫过来处理。我们都知道延安饭店是军队饭店，但是既然对外经营，也应该有一定的服务态度，没想到可笑的事情还在后面，那个负责传话的大堂副理，说那个女的说是我父亲打电话问他们有没有特殊服务，还说我父亲说明天单独开房叫她过来，真的是无稽之谈，第二天我们全家都要去杭州，怎么可能这样跟她说？！那个姓宋的大堂副理根本跟他们是一伙的还挑拨离间说我父亲调戏那个女的，我拜托他，那个女的长得那个样子出来做jinv，看了反胃，还调戏她？！我就说你们提供色情服务，他说他们经营几十年没有发生过这种事，但,9,9,0.8813197016716003
拿到理发店洗头，店里洗头人员说洗的手过敏了，我自己在家里用赠送的洗，感觉洗后头发很干。估计不会再来买了，像买到假的,4,4,0.9219592213630676
华为的手机一般，价格比同级别的都贵。,1,1,0.5842788815498352
好用，一切正常。,1,1,0.7042914628982544
裤子感觉 一般般,7,7,0.9955501556396484
物流还可以，商品与描述相符，吃起来还行，五星好评！,3,3,0.6156073808670044
差，和图区别太大，够大却太短，就是夯货！,7,7,0.8280983567237854
完全配不上“引起第三国潮流”这几个字  就没见过作者这样写作的  感觉作者创作时思维混乱   经常蹦出一些莫名其妙的字词  让人感觉不知所云   对于角色感情的描写不到位   过度太快   性格混乱,0,0,0.8889461755752563
非常便宜，还送了赠品，非常的划算，物流也是很快的。,4,4,0.5685676336288452
不错，想买平板，结果买了个大手机，不过，真心不错，有土豪的范，满意!,1,1,0.9089325666427612
"垃圾,服务生爱理不理.房间残旧不堪,还有异味.酒店最少有20年历史,资料打是开业两年?",9,9,0.9965158700942993
不愧是国产精品。华为的产品国人的骄傲。不知道买其他的国外的商品的怎么想的。这么好的东西为啥不是上上选呢？,1,1,0.6248336434364319
这款华为平板质量很不错的，包装很精美，快递员送过来的时候是很完整的，没有任何破损，打开之后，系统立刻提示进行升级，升级到了安卓6.0的版本，感觉运行各种软件都很方便，对于大黑边有一定的心理准备，所以没觉得怎么样，真的很不错的，平时使用起来很靠谱的，以后有机会还买的，值得推荐。尤其是运行各种软件很快捷的屏幕，看着很舒服的，没有任何不适应的感觉，拿在手里很轻便，而且是金属外壳，导热效果很好，夏天不用担心烫手外观很靓丽，购买了配套的膜和皮套使用起来很不错的，以后有机会还会购买的。真的很不错的选择！老婆很喜欢的，用它看电影非常方便的。,1,1,0.8225922584533691
是我想要的颜色，好看，舒服，宽松型，性价比高,7,7,0.9941334128379822
HK人 本来就不太喜欢！ 蒙牛喝多了,6,6,0.9736369848251343
因平时都是先看点评，后决定订酒店。开元的口碑不错（徐州的同学也赞赏有加），所以就定了。房间的问题有：1，蚂蚁的问题我也碰到了，但我想：一来，此酒店依山傍水，我们白天出去时，很多时候是把阳台门开着透气(不仅仅住一天)。那么，可能，蚂蚁是这样被我们“请”进来的——当然，请进来容易，请出去难哪！二来，在其他宾馆也遇到过（连在埃及的五星级酒店也见过此小东西），好在它的活动场所仅在卫生间，见怪不怪了！2，淋浴房做得不太好，洗澡时水会漏出来。不该啊！不该！唯一的瑕疵！值得一提的是该店的服务质量真的很好!在我住过的无数国内酒店中，仅次于桂林漓江大酒店！我定了面湖房，但到时，总台的服务生查下来告知面湖房的角度不好，问我要不要重新考虑。尽管后来，重选了面山房。但人性化的服务让人很舒服！这次旅程还有让我觉得美中不足的是：携程的价格并没有让我觉得很实惠，因为在徐州的朋友可以拿到更低价（598--518），当时都可以退订，但想想诚信原则，就算了。但心里还是有点不舒服啦！,9,9,0.9942240118980408
快递小哥换了专业的骑手，而且还要我当面打开检查下，京东快递没话说，至于苹果感觉还可以，吃起来也甜，就是感觉有点面了，，应该放时间久了吧，每个都套了包装带，防止碰伤，总体还行。。,3,3,0.9773289561271667
说好的送梳子，却在骗人，没有送,4,4,0.721153736114502
再次感谢紫霞山庄带给我们美好的时光。其实越王山还是很漂亮的，就是喜欢那种幽静的生活。,9,9,0.6158254742622375
非常好的苹果，非常喜欢，质量保证，强烈推荐,3,3,0.9973443150520325
机器第一眼看上去很大方，触控的面板也很新颖，不到5000的价格买这个配置么还算不错。新模具造型设计好看多了，比T系列漂亮，音质提升也不少,8,8,0.723065972328186
爱这个苹果说起来有点一言难尽，两双两双都是坏了，后面跟客服沟通，又给我重新发了两箱，等下还是一样坏掉的，可能不是季节性产品，这，冻库里冻久了吧，不好没有之前买的好。,3,3,0.9826379418373108
怎么书的质量这么差啊！！！封皮很薄 而且里面的切割还有碎末  一点也不整齐 是不是盗版的啊！！！！！,0,0,0.9865018725395203
穿着太热，根本体会不到是博款，小心上当。,7,7,0.9844420552253723
4. 驱动难找：这是 ThinkPad 一贯、联想也一贯的问题，两者加起来就是非常、非常吃力。联想提供的驱动都有问题，从 intel 上费力找到一个通用无线和通用以太网卡驱动，手工搞定，折腾一大半天,8,8,0.9093862771987915
很好。。。给力，比实体店便宜，东西正！！！！,1,4,0.2748854458332062
裤子质量很好，版型也不错，很喜欢，下次会再来的,7,7,0.9983676075935364
电脑很漂亮，性能也不错.电脑很漂亮，性能也不错.电脑很漂亮，性能也不错,8,8,0.36480602622032166
质量超好，穿上非常合身！颜色很好看！算非常满意了！,7,7,0.9848479628562927
祝蒙牛早日倒闭，多谢 蒙牛太“牛”了，深陷其中@投资界微博：蒙牛为什么就这么牛？@安琪儿813：蒙牛屡次出问题，不见监管部门处罚，不见蒙牛道歉。广告满天飞。蒙牛为什么就这么牛？,6,6,0.9988942742347717
苹果应该没有打蜡，有很香的苹果味，虽然不是每个个头都大，但品质总体令人满意,3,3,0.9701191782951355
"产品背面的白色很性感,又不失高贵,给人清新的感觉,屏幕也够大!支持收音,拍照!耳机还很不错,音质好,价位又很合理",2,2,0.8190644979476929
是我喜欢的款，质量也不错?，过两天在买二条送朋友,7,7,0.943384051322937
这次买的火龙果都长毛了，买的苹果么懒的，蓝莓么酸死，我晕死，买的最差的一次，京东的质量在哪里？,3,3,0.889086902141571
线头多 跟图片颜色差太多建议皮肤黑的人慎重。店家没有实物图我给大家看看跟他图片上的差别大不大。布料粗糙买了才知道。上传图片只是不想让跟多人买到不喜欢的，本来想退掉但是因为运费问题跟。跟店家闹到京东客服介入。我,7,7,0.9933092594146729
我买的潘苹果 甘肃天水红富士苹果 12个装 约70mm 总重约2kg 新鲜水果，质量好，包装好，很好吃，非常好！,3,3,0.9996535778045654
东西看着应该是正品，可怎么不像宣传说的，电很不耐用，打会手游一会就没电了，不知道是新版本问题还是手机问题，不推荐购买！,1,1,0.8234071731567383
我是一名新股民，在没有看过本书前，炒股时是根据别人的荐股来操作的，自己不会判断是底还是顶，洗盘还是出货。一段时间，钱没赚到，反亏了不少。看了本书后，感受很大，我认为它能准确地反映自选股票的股价目前的位置，安全地炒股，观点明确、例子丰富、实战性强、分析通俗易懂，语言生动，亲切感人。是一本适合初中级水平股民学习的优秀培训教材。,0,0,0.9840835928916931
我是做服装的我觉得裤子做工还可以.但是这个裤子的布也太糟糕了吧.这裤子这样的布料买这样的价格.我不是说这裤子贵.买这样的价格布料也不要太糟糕了吧.我是在办公室做服装理单的我才穿了两次就都起毛了.起毛了之后就有一个小洞.掉色也非常严重.这个裤子最多穿个四五次就得扔掉 我是在服装公司上班的 我建议大家不要买这样的裤子 因为布料太糟糕了,7,7,0.9948800802230835
发膜没有了，多了个80ml洗发水护发素，不满意,4,4,0.7294308543205261
收到一堆瓶子，慢慢用。小包装可以出差时用，不错,4,4,0.8150826096534729
这个不支持电信卡的 买的时候没看清楚 不过用着还挺好的 颜值也高,1,1,0.8165225386619568
非常滴好，170，126斤穿M,7,7,0.9950687885284424
第一次在京东上买苹果，很好不大不小，有点脆有点甜，好吃好评,3,3,0.9982660412788391
内存小了，喇叭就那样，但是声卡太烂，我外接惠威的1010，声音和台式机比有明显差距,8,1,0.46865102648735046
差差差差差！其实我是无法点评分，但不点评总体评价就不能提交！早上五点半之前要抵达机场的，酒店没有免费送机服务，也没有叫车服务！我预订的是标准双床房，却被安排了一间破烂房间：对着麻将房，嘈死啦！一开房门绝地失望，房间的设施超破旧，一进房黑黑的只够一支落地灯的灯光照明房间，两座台灯都不亮，因为一台灯灯泡没了，一台灯灯泡坏了而且灯罩也没有的；地柜门地破的；洗手间的毛巾架是生锈的，地毯感觉很脏，时不时有一只只黑色的小昆虫爬行，电水煲似已很久没用过的样子，内胆有点看着不服务，不敢用；房间没有电吹风，要用只能打电话客服借用！三百元的价格换来的破房间不如周边的几十元或百多元的小旅馆。很愤气的是，我明明入住了，还被确认为没入住。是否没入住可以把钱退回给我呀，性价比完全天地之差！这是这么多年以来我在携程预订酒店中最差的一次，最失望的一次。不评分不能提交，我只好点各评1分，真是迫于无奈！当时进房看到这场景，我要求换房，酒店说没房了，我早预定的房间，难道就成这样么？唯一有些许的安慰是客服的大姐很好服务，把台灯灯泡换上，还借了电吹风给我，速度很快，服务很好。,9,9,0.9972832202911377
前些天预存了5600元的话费，得了一部N70手机，现在用了将近一个月，感觉很好！照相功能很满意，图片质量不错！手机装了随e聊软件，可以随时随地的上MSN和QQ，爽！键盘稍微有些小，但是，不是缺点！软件速度还算是可以，有时候有些小的故障，目前用起来感觉还是不错的。,2,8,0.47271832823753357
大家千万不要去住这间酒店;那里的服务员好像你欠了钱一样;特别是前台;好像你杀了他们全家一样;但是收费确是4星的收费喔;房间的空调就像拖拉机;我真不知携程现在越来越差了'我现在只能每去一个地方跟人酒店去了协议了!,9,9,0.8667766451835632
居然有个超级无比熟的，熟过了头，看我图,3,3,0.7978185415267944
质量不错，款式也很时尚，挺喜欢的,7,7,0.9854832887649536
东西不错，京东速度超快，为京东的次日体验赞一个。华为还是一直的好，家里人都用华为的手机。送给岳母礼物，较喜欢。,1,1,0.9314743876457214
一般，可以啦，各人口味会有所不同的，但爸和儿子都喜欢吃这个。,3,3,0.8996203541755676
很伤感，提前定酒店反而贵很多。酒店坑爹远，房间设施一般。沉重，而且必须还是一楼。只希望明天早上的班车可以顺利坐上。,9,9,0.9768210649490356
屏幕不错！MP3与MP4播放都还可以，而且功能较多，对于1500左右的价格值得！！！,2,8,0.5395121574401855
前几年住过一次，这次去感觉它的变化太大了，服务很好，好像全面装修过了，房间很温馨，床上用品很舒服，还配送了果篮、晚安点心，还可以免费烫衣服，性价比高，有点遗憾的是卫生间有点小，过几天同事出差，建议还住这里！补充点评 2008年2月25日 ： 酒店的餐饮很不错，没有提前预订，所以只能做大厅，菜式、味道都称一绝！,9,9,0.9855610728263855
颜色不行，跟图不一样，差,7,7,0.9169905185699463
比较新鲜，大小不均，味道还行，当天送达,3,3,0.9676304459571838
非常不新鲜，味道有点怪，吃完拉红尿,3,3,0.9889516234397888
国产差的根源不在技术在理念。,1,2,0.28026747703552246
裤子很好，面料很不错，尺码标准刚合身，物流很快,7,7,0.9900559186935425
味道太难闻了，不知是变质了还是卖假了，已经打开，也不能退了,4,4,0.7926214933395386
特价房间没有对外的窗户；房间与房间隔音效果太差,9,9,0.9930886626243591
才一天就坏了。。。屏幕突然闪不停。,1,1,0.7083937525749207
酒店房间很好，浴室在房间中间，但要小心一定要把窗帘拉下，对面就是办公楼。酒店服务非常到位。绝对超值。,9,9,0.9702037572860718
不知道是不是正品，反正没之前在实体店买的那么好，这个洗了后，头皮会痒。,4,4,0.9903393387794495
真是坑爹呀! 别的办不到，抵制蒙牛！,6,6,0.793468177318573
酸苹果，再也不想在京东买水果了,3,3,0.9241541028022766
给老师买的，老师说很新鲜，相信京东，就是快。就是好。,3,3,0.43802857398986816
这一套书，到了之后，我一本本翻看。然后每天一本带回去给宝贝女儿看。我喜欢的，也是她喜欢的。卡梅拉说，下蛋下蛋，这世界上一定有比下蛋更有趣的事。卡梅利多说，睡觉睡觉，这世界上一定有比睡觉更有趣的事。在我们日复一日的学习工作后，这样的童话书给我们新的梦想和对生活的新的体验。生活中总有闪光点，但首先要有一颗带童稚的心灵。,0,0,0.9986574649810791
送给老婆，外观很漂亮，配置也均衡，该有的都有了，对得起这个价位了,8,1,0.516747772693634
洗了很痒，完全没有广告说的效果，不知道买的是真假，活动期间满减买的，不会回购！,4,4,0.9854173064231873
酒店位置离火车站有点远，房间环境非常一般，而且晚上环境太乱，尤其是前台结账简直慢的从来没见过，让我等了40分钟，以后坚决不住这里,9,9,0.9936932325363159
外观不错，黑边比较严重，刚开始使用后续再评价！,1,1,0.6440092921257019
已经拿出来一瓶用了，两大瓶洗发水，一瓶护发素，不错。,4,4,0.9921243786811829
超级垃圾，超级垃圾，超级垃圾，超级垃圾，超级垃圾，超级垃圾，建议大家不要买，用了洗发水脸上都长痘了，过敏，快毁容了,4,4,0.97147536277771
预装的vista分区比较变态；改装成XP之后，运行pplive打开加速器后，经常卡。左手部位比较热,8,8,0.7664040327072144
平板真的很差劲，新平板关机充电都这么慢，半个小时才充电%4，估计是次品机器，建议大家不要买，谁买谁倒霉，退货都退不了，我实名评价,1,1,0.9774658679962158
在京东上买了好几次了，苹果很甜，主要是感觉很新鲜。,3,3,0.9970274567604065
"1.到饭店时门口数个工作人员，没有一个会打招呼，这种状况持续了两天，直到一天早晨与老外同出电梯，听到礼宾部有人说：Good morning!2.结帐时被一名眼前没有客人的前台小姐指到另外的柜台，但有其他人排队时她又办理了。3.一日打电话叫Room Service, 要蒸蛋羹，答曰：做不了，很抱歉。这是唯一一次听到礼貌用语。可是，没有蒸锅用微波炉就不能蒸蛋吗？5.中午打电话叫人来取洗衣，回答是：我没明白您的意思。我说有一件衣服要洗，对方立马回答要加急费，我说知道，这才沟通成功。6.房间还算干净。",9,9,0.9580119252204895
优享版 Wifi 平板的亮点在于wifi信号上的强势，可是实际测试的结果不如几百元的手机信能让人失望。商家坑die呐？看实测现场照片（不同时间拍摄）。,1,1,0.8368679881095886
非常好的卖家,5,7,0.3336213529109955
去自提点拿回来拆开一看，本本的体积很小，六芯的电池续航时间长，金属质感拉丝外壳做工和手感一流，键盘打字很顺畅、舒服，比一般本本好用，散热好，开得时间再长也不烫手，风扇声音很轻几乎听不到。屏幕很靓，很好看 ，电池很耐用，可以维持六小时，基本满足外出需求,8,8,0.8718467950820923
服务态度好，宝贝好，全部5分。,5,5,0.6053330302238464
性价比挺高的一家酒店。我在网上订的是普通标房，到那边他们给我的房间好象是豪华标房。挺好的，有一个阳台，正对春晖公园，湖光滟连。房间也挺宽敞的。早饭一般，品种不多，但是也能吃饱了。总体觉得不错，以后还会住。,9,9,0.9843712449073792
硬盘没有分区，VISTA太慢 好像我 的 本本也是左边比右边的 温度要高一些，但是还能接受,8,8,0.9841153621673584
很好，比超市便宜，还是原来的香味，是真的,4,4,0.6799815893173218
概括起来，观点还不错。可是语句啰嗦拖沓到极点，一个问题用相同的语句重复N遍。,0,0,0.9492177963256836
晚上竟然停电!!!房间还可以，结帐时竟然不返还预授权时签字的单据，跟他们要时，好象哥伦布发现了新大陆!!!!!!请问我都已经结帐了，你们还保留预授权的单据做什么!!!!!!,9,9,0.8701665997505188
我为什么喜欢在京东买东西，因为今天买明天就可以送到。我为什么每个商品的评价都一样，因为在京东买的东西太多太多了，导致积累了很多未评价的订单，所以我统一用段话作为评价内容。如果我用这段话来评价，说明这款产品没问题,7,4,0.5041283369064331
"一直看着这本书,虽然也有猜想妹妹如斯举动的原因,首先想到的,当然是妹妹其实也看得姐姐与病魔搏斗的太辛苦,虽然感觉也似乎妹妹有得到姐姐的同意而去做取回自己医疗决定权的事.妹妹也是从另外一个角度去守护自己的姐姐.只是没想到的,出了妹妹是姐姐的守护者,姐姐,同样也是妹妹的守护者,毕竟看着爱护自己的妹妹,父母也一起痛苦受罪,姐姐同时也为了守护爱护自己的人....看到最后的结局,有忍不住想哭的冲动,值得看!",0,0,0.9993460774421692
裤子掉色非常严重。,7,7,0.991067111492157
刚收到马上打开以后 摸到的苹果有点蔫了 感觉不新鲜 京东生鲜越做越差了,3,3,0.9163037538528442
外观很漂亮，货到了，表妹就迫不及待的拆开了,1,3,0.21688272058963776
用了不到一个月就坏了，经常打不出电话，别人也打不进来，就算有时候打通了对方也听不到我说话，质量真差。现在已经寄回去修了，不知道能不能修好,1,5,0.32863444089889526
1、电池不太强 2、没有任何预装软件；起码电源管理还是需要弄一个的呀，惠普？,8,8,0.9412819743156433
"大小合适，质量非常不错、穿上很舒服,一次开心的网购",7,7,0.9971799850463867
服务不错，始终有笑容。房间很干净，卫生间洗脸台太小。,9,9,0.9815541505813599
便宜啊，性价比高，送了那个了那么多东西，呵呵，安装系统很方便，只要把硬盘传输改成IDE，直接格调Linux就可以装了，超级简单，哈哈，样子比想象的好，还是samsung完美屏，不错不错,8,8,0.6259612441062927
618活动买的 一起买了几样 还有好几个赠品 很实惠,4,4,0.7805657982826233
不是很好，屏幕有点问题，插卡也有问题？,1,1,0.9098879098892212
真心信赖京东，每次买东西都不会让我失望。连快递盒都是超炫酷的。买了6件套，真的很超值。,4,4,0.7260500192642212
618当天买的，第一个用了两天，就总死机，后来索性就开不了机了，两个手机贴膜都贴不上 总有一个角翘起来，开始以为是贴的膜有问题 两个手机都这样 可能就是质量问题了 屏幕都不平 懒得换了 换来换去都一样 还以为华为很好呢 现在看来都一样 真的不推荐买华为 以后我也不会买了,1,1,0.9617602825164795
唉，简直是一无是处，我住的大床房，小得只能放下一张床，房间里的矿泉水还是过期的，没住过这么烂的如家，可能145元就活该如此了。对那些住宿稍微有些想法的人，不建议入住。,9,9,0.9981840252876282
好吃啊，酸甜酸甜的，新鲜不错，第二次买了,3,3,0.998415470123291
裤子脱色严重,7,7,0.9918093085289001
想着华为的品质还不错，但是这个平板彻底颠覆了我对华为的品质，下载的一些软件无法连接到网络，自带的华为视频也无法连接到网络，希望华为在低端入门产品也要注重品质，不要只注重高端产品的品质，望华为继续加油!,1,1,0.7432419657707214
裤子质量很好，穿着很舒服.不掉色。物流也很快，下次继续购买。,7,7,0.980246901512146
说实话，之前不知道有这样一本教育方面的圣书，是我弟弟告诉我的，他说这是一本非常适合我的书，应该好好去读读，对以后如何教育孩子有帮助。弟弟说的是对的，我相信他，于是第二天就买了，过了四天书就到了。书到手后，仔细读了几页，书中讲的关于教育孩子的方式方法很值得去学习。天才不是天生的，但天才是可以培养的。我相信这句话，相信这本书能给我带来极大的帮助。,0,0,0.9996664524078369
我看到漏出来就火大 怎么包装的啊,4,4,0.688960611820221
很不错，只是贴膜不能贴好吗？自己贴的实在是难看，毁了一张贴膜,1,1,0.4709712266921997
这一款有点好用 超浓缩的 每次压一下 在手心里打开 再涂抹头发上,4,4,0.9960576295852661
银色的外观显的很时尚，做工也过关，感觉挺结实的！彩屏颜色很柔和，图像清晰！32和弦的铃声也挺好听！来电七彩指示灯特别漂亮！待机时间就算全天开机也能用将近一个星期！比很多手机的待机时间都长！,2,2,0.9104171991348267
无驱动盘~~!系统不能帮助买家重装~!无适合的套餐选择~!,8,8,0.7700307965278625
衣服和其他牌子质量都差不多，但是千万不要一起下单，有一件不满意要全部退才能退 差评！,7,7,0.9530577063560486
穿起来很合身，大小合适，还有弹力，物美价廉，很满意的一次够物。,7,7,0.9845251441001892
衣服不错，很合身，面料很好，做工很精致，下次有合适的再光顾你家。,7,7,0.9908081889152527
头皮确实有渗透的感觉，头发很顺，味道不错,4,4,0.9405573606491089
感觉不是正品，味道和以前用的沙宣不一样，很糟糕的一次购物，绝对的差评,4,4,0.8223504424095154
潘苹果，太棒了，久闻大名，一下7箱。,3,3,0.9854080080986023
非常不满意，在京东买了这么多次，就这一次漏发了赠品，开始还坚持不让开箱验货，还得联系客服查实,1,4,0.5009283423423767
烂了4个，补了钱，其他的几个很快就干了，苹果很丑。,3,3,0.9991598129272461
珍惜生命，远离蒙牛！ 蒙牛准备啥时道歉？,6,6,0.9860548377037048
功能还算实在，尽管不是很好，但是，内外双屏的效果还不错，铃声也行了，手写笔慢是慢了点，但比起拼音打字方便多了，不用总是几个手指头在那个小小的按键上按来按去的。,2,2,0.5926148295402527
卫生很好，早餐一般，不过很便宜，只有15元。房间内拖鞋质量太差。餐厅提供的菜肴味道不错。,9,9,0.9930070638656616
衣服不错！就是物流很差！送到地点之后，不给我电话，直接放在小卖铺，还记录本人签收！,7,7,0.7606516480445862
买回来给老爸用的 特高兴 质量可以 不错,1,1,0.5018677115440369
苹果不大，但特别脆甜，水份足，多次买了，好吃。,3,3,0.9998144507408142
苹果表面好，心已经坏了。再不买了,3,3,0.9616193771362305
面料很好，穿上很合身。做工挺好，款式很潮。卖家服务很好，快递给力,7,7,0.9697834253311157
当日下午入住，入住两三个小时后，有人敲房门，我在房内应了一句，接下来，门外的人直接用房卡把门打开了，（还好我上了安全锁），之后去开门，是服务生拿着一盒水果说，是送水果的。我拿了水果想了几分钟觉得事情不对劲，我打去给前台叫前台帮我查一下，我的房间有没有送水果，前台回答我说是没有，我说那为什么有服务员直接拿卡开门进来了，（无论房内有没有人，已经登机入住了，直接拿万能卡开卡进来的意图很可怕），前台说去确认下，过了一下跟我说是携程预订赠送的。我立刻打携程客服电话，被告知并无此合作项目，酒店内部的话他们就不清楚了。而在第一次打给前台的时候我就很明确问了，前台就算是新来的，自己内部选择赠送的活动不可能不知道也告诉我是没有果篮，反正这件事情越想越觉得可怕，完全不清楚酒店是打着送果篮的名义进房间内做什么。以上全是是真实体验，绝无一句虚假谎言。以后绝不可能入住,9,9,0.9716259837150574
非常好的酒店，四星的标准完全超值的享受，服务非常好,9,9,0.9584904909133911
很实惠，就是不灵活安排。希望能更加进步，下次去还到这里。,9,9,0.8686710000038147
酒店服务满好，房间设施不超过四星，晚上没有骚扰电话。宾馆反馈 2008年6月16日 ： 谢谢,9,9,0.9569066166877747
屏幕比较大，但显示的字数行不多，看起短信要翻好几页，很麻烦！功能单一，没有关机闹钟，没有自动开关机，没有JAVA和数据传真功能！机子速度慢，短信输起来，输入标点符号特别麻烦，要再花一些时间才能输进去！,2,2,0.9139522910118103
衣服质量不错，纯棉的穿这很舒适。,7,7,0.9957810640335083
掌柜的服务态度真好，发货很快。商品质量也相当不错。太喜欢了，谢谢！,3,7,0.643330991268158
千万别买，穿到身上只要出点汗，就掉毛毛，我就穿一次就扔了，,7,7,0.9850388765335083
东西不错，很好用，安装师傅服务也很到位，很热心，赞一个！,5,5,0.9180830121040344
地段比较好，上高速公路方便！房间大设施齐全，卫生间比较舒适实用，床上用品干净，送一张2007版江西旅游地图非常好！就是地毯有点旧！,9,9,0.9590644836425781
如果这个酒店也能评上四星的话，那么郑州将有n多n多酒店可以评上四星：1，整个酒店弥漫着油烟味，问是怎么回事，说不清2，房间面积和形状非常差，看他们酒店建筑的外观就能看的出来，斜的3，除了交通便捷之外，实在说不出有什么好的地方了，旁边没有像样的餐厅，酒店里的菜难吃的很，早点特别差，根本就不像一个四星级酒店的早餐标准4，前台服务员态度恶劣，并且人品不好，我因为来不及在携程先预订，直接进酒店入住，问什么价格（我事先知道携程给的是310），前台小姐居然秉承着能宰就宰我的态度，说标间450，我说怎么会了，不可能，我在网上看也就310啊，她说310不可能的，我说那你问问你们经理，能给我多少，她不理我，我快气死了跟她理论了半天觉得没意思，到一边坐着去了，后来实在是不想再折腾出租车找酒店，又跑去问那个前台，她说360，我们经理说了最低价，我再次被激怒，打开电脑，开了携程，亲自给她看携程给的报价，她才不说话了！！我立刻在携程定好，等待订单下来，才310住了进去；5，由此可以看出什么了，首先没有服务意识，其次管理不规范，能宰就宰，一个四星酒店连前台是这样子的素质，还指望什么6，我实在是工作太忙，懒得折腾换酒店，这家酒店的硬件除了大堂像个样之外（很像很多河南地方的作风，家里的门面做的很漂亮，一进去哎呀妈呀），客房，电梯，过道，餐厅，非常差，卫生间就一招待所标准，根本够不上四星！！7，建议以后要入住的朋友们，不要被四星迷惑，郑州没多少家好的酒店，唯一感觉不错的是大河锦江和粤海，哎，我是再也不会来这家了，我真的被气死了,9,9,0.9943424463272095
如果闲着无聊，这本书可以一口气看完，因为读者很想知道到底作者想写些什么，结果是如何。但毕淑敏的文学修养还是差得太远，真正的文学爱好者看此生必定失望，书中所有人的对话如出一辙，毫无个性，绝不会是一本流芳百世的书。作者还不如直接写几个心理分析案例还好过写成文学作品这么牵强。,0,0,0.9997552037239075
由于实在很欣赏它的外观，所以我倾尽所有买了它，但是它实在太令我伤心了，因为我在买来的第8天开通了GPRS，结果发现下载的原音音乐无法作为铃声，结果售后给我换了一台，仍然不能，最终我被告之是软件的不健全造成的。而后我就抱者新机等待着编出程序，结果发现这台新机摄像比那台清晰，但却不能象别的手机一样调整亮度，以至于在阳光下看不清屏幕上的字。而更让我伤心的是照相时竟然有时按下一分钟也没有动静，售后又说给我换一台，但由于手头没有机子，让我等一周。直到现在我还在等，不知今年还能不能等到没毛病的好机器啊！,2,2,0.9672306776046753
儿子两个月时突然拉肚子，还呕吐，我们第一时间就是把宝宝往医院送，做父母的总是奢望白衣天使能又快又准确地治好孩子的病，然而两个星期过去了，也没有明显好转。一好友给我推荐了这本书，开始也怀疑这样推拿真的能治病。抱着试试看的心态给孩子做了1小时的推拿（按照书里的指导），没想到第二天明显好了，我又继续推拿了两天，痊愈了。现在我每天都会给儿子推拿1小时，感谢我的“家庭医生”——儿童经络手册,0,0,0.9889546632766724
看电影有时会黑屏，动一下鼠标就没事了，不知道从哪进行节能设置。,8,8,0.6586884260177612
K18做工方面非常不错！尤其是照相方面这款机器的照相可以和联想的130W像素的相媲美，和同等像素的简直不是一个级别，我用这款机器和联想的V850（130W相素的，可能是内屏65K色影响了他整体的效果！）、LG的G810（30W像素）、海尔的V6000（30W像素）比较过！可以毫不忧郁的说是里面拍摄最清晰的！通话声音大！在嘈杂的商场里把通话音量调到最大，绝对可以听到对方的声音，而且本人还觉得有些过大！根本就不用调到最大声去使用！这款机器还支持MFLASH手机动画，这可是喜欢手机DIY爱好者的最好选择！,2,2,0.9892387390136719
11号下的单，19号送到我就不说什么了，这裤子一点都不修身，而且36码的裤子比森马35码的裤子不知道小了多少，再也不会买了。,7,7,0.9898138642311096
一般吧，感觉有的时候有些卡,1,1,0.43599000573158264
假货假货假货，用了再来评价，洗了头超级痒，糟心！！！！已经扔了,4,4,0.845601499080658
这次购物不满意，火龙果不新鲜，外皮都发霉了。,3,3,0.9853427410125732
这本书是我在偶然之间逛书店时看见的，当时只是觉得封面很好看，随手翻了翻内容，还不错，等了很久终于等到当当到货，可是买回来看了后发现，其实意义不大，内容有些空洞，不是很实际。有些失望,0,0,0.9991793036460876
没什么意义，在网上下下看就好了感觉和论语没什么关系呢,0,0,0.9922967553138733
"大堂整洁,房间干净,设施齐全,位置方便,早餐也还可以,服务也还不错,只是酒店周围环境不怎么样,但是这和整个南昌老城的整体环境有很大关系. 在南昌还算是值得一住的酒店.",9,9,0.9875921607017517
1）中文短信存储量大《有350条短信存储，外屏还可以直接读取短信2)设有短信防火墙，可以过滤垃圾短信的功能3）QQ手机专有功能真的很不错,2,2,0.9895153045654297
我觉得不是很喜欢。。虽然没有硅，可是有甘油，洗完头皮油油的，不知道是不是甘油的缘故,4,4,0.9824267625808716
第一次买到裤兜缝进裤裆里去的裤子 我也是醉了,7,7,0.9921297430992126
酒店还不算难找，地铁出来走不远就到！本来公干出差，想着为公司省点钱吧，挑了个北京目前比较便宜的酒店。看了网上的点评对酒店的期望还比较高，但是入住以后却很失望。房间的设施姑且不谈，首先服务就不令人满意，前台冷冰冰的，晚上想找个地方吃饭（因为厨房没有晚饭了），但是说了半天也没说清楚，害的我在旁边兜了一大圈，最后还是吃了方便面。这些都还可以忍受，最最郁闷的是，晚上想洗个热水澡好好休息，结果，水不但不热，水还很小。没办法，只能换酒店了。希望能尽快改进！光是价格有优势那也是做不长的。,9,9,0.9885910153388977
"1.) 订了330的超豪华标房,房内有电脑,但每天上网收费50元.房内没有免费瓶装水.2.) 第一次给了一个没有风景的房间,推开窗看到底楼餐厅的玻璃屋顶,强烈要求换房.然后换到一间,结果窗外两个大水箱,不知道是否CTRIP上订的房间都是这样的.3.) 房间的空调有时会突然不制冷.4.) 阳朔很美,还会再去,但肯定会换酒店.",9,9,0.981249988079071
物美价廉，大品牌，送货上门，支持购买,4,4,0.46054428815841675
我也是秒杀里买的，为啥是*结果到手还没拆封，直接就降价到*有内存卡也是，*活动价，结果也变成*。。。你们这也太不保价了吧？还是说我直接退货重新下单呢。。。,1,4,0.5296997427940369
质量不错，面料摸着很舒服，颜色无色差，卖家服务态度也挺好的！,7,7,0.9939538836479187
差评给物流，看到已签收，不打电话还不知道签到哪里了，很不满意,7,4,0.36016756296157837
洗发水不错，一直在用，物流也快，值得购买。,4,4,0.9214111566543579
很满意，包装得很好，感谢快递小哥在下着蒙蒙细雨的情况下都准时送到家门口,4,4,0.33035916090011597
荣耀畅玩平板2 WiFi版 9.6英寸，用了一段时间，各方面还行。,1,1,0.6243544816970825
"儿子现在两周九个月了,平时就有玩?下蛋游戏?,这回拿到的书,不仅看到?下蛋游戏?,还有?钓鱼游戏?等等,每天一看到我就抓我说,妈妈,我们一起到外面钓鱼去吧~要不,?妈妈,我下了个很大的蛋哦,我有个大屁股,哈哈,给你吃,我狂晕~?不过从内心上非常感动,儿子,自己懂得自娱自乐了,有时还会带领他的小伙伴们做游戏,当然,他就是老大,嘻!",0,0,0.9691165685653687
华为（HUAWEI）荣耀X2通话平板电脑 7英寸（八核 3G/16G 移动/联通双4G）月光银,1,1,0.5524044632911682
蒙牛也挺好，，，味道不错，,6,6,0.9719080328941345
差评！换个货不催不确认 一催了就马上确认重新发货 你说能不差评？,7,4,0.4573965072631836
第一次给差评，每次没东西发票都是和东西一起收的，这次没有发票，还要我等几天，等几天照样没看到我的发票呢？什么鬼,4,4,0.41065672039985657
因为太光滑了，所以容易留手印儿。有时，鱼和熊掌就是不能兼得。好在配了块布。 还有就是有点重，轻的就不是这个价格了。,8,7,0.6833837628364563
1.机身厚度稍大，屏幕稍小； 2. 屏幕在亮度和鲜艳程度上表现稍逊色 3 拍摄的照片显示效果差强人意，有明显的颗粒感； 4. 不支持Java、红外和蓝牙；,2,2,0.9591797590255737
货收到了，还没有用，看包装应该是正品。,4,4,0.6082944273948669
单果不大 但包装很好 送丈母娘的,3,3,0.8992375135421753
不好用，不适合我的发质，起头屑,4,4,0.9490597248077393
环境很好，房间不错，网速还可以。早餐不太丰盛，很多都是辣的。选择也不多，看了一圈也没有什么想吃的。饭店离机场较近，饭店后面有超市，美食一条街。,9,9,0.9866151809692383
"看了评论之么好才买的.看了一本之后怎么也感觉不到他的好,觉得不适合中国宝宝.而且我儿子才8个月大,等他大一点吧.暂时束之高阁",0,0,0.9977046847343445
东西就那样吧，就是大手机，给老人买的也没图质量多好，看图吧，为什么给一星，说太多再把我得评论封了不让别人看，一星我都不想给，无端变价，想买的关注一段时间吧，一天内都能变好几个价，怎么在京东花钱购物得碰运气，一千多的东西短时间内上下*，真是服了，还有价格保护就是扯，希望后续购物的人能擦亮双眼，怪不得京东一年能赚那么多，是想靠宰冤大头发家吗？,1,1,0.8382336497306824
每一个都没有瑕疵，确实很好。给一个同事吃“了，同事也觉得好吃。不错不错……,3,3,0.9886133670806885
挺好的，3天就到了。家里人自己安装挺简单，好操作。就等反现了，其他都可以。美的的牌子挺棒的,5,5,0.6931882500648499
退，搞笑，你搞笑早上我下单的时候你怎么不说，这单你别买了，买了还要退,1,1,0.39115843176841736
很差的一次水果网购体验，    1、物流有点慢，    2、到货的时候5斤火龙果全部烂了，10斤苹果烂了一半以上，    3、苹果许多有磕碰的痕迹，运输过程中不能做好保护吗,3,3,0.9934791326522827
24号刚到的机器，当时声音就时有时无的，无奈送货小哥已跑远，回家后功放完全失踪。知道自己人品爆发，中大奖了“申请更换”。第二天下午又是那个小哥，拿到东西一顿看啊，望眼欲穿的。最后人家终于发现在机器右上角有一个火柴头大小的污渍（可能是外包装上的不干胶）最后以外观有污渍不能给更换为由，让我直接斯巴达了，经过跟客服的20分钟唇抢舌战，劳动人民是不可战胜的！！！,1,8,0.4048849046230316
裤子收到了，试了一下，不错合身好穿颜色也很正！！！喜欢就下单吧！,7,7,0.9885905385017395
外观，键盘，性能和电池都挺不错，但就是进不了系统，郁闷啊。硬盘嘎吱响，怀疑有问题。虽然楼上有人讲F9导入系统可以解决问题，但验货的时候可不知道，京东的售后也没提这个方法，直接换货了，还是换个新的保险,8,8,0.8720345497131348
东西被人动过，里面换购的东西没有了，寄给我一个空壳干嘛，不连盒子一起扔了，差劲,4,4,0.31630802154541016
就是霸王条款，送的200元东券要再消费5000元才能使用，感觉被套了。,8,1,0.5013697147369385
我能说太太太小了么！三个非常小的火龙果啊！我的天哪，太坑了，太坑了，第一次在京东买水果吧，买了不少，这个还真是无语，有一个已经发软了，这种水果，市场也是低价处理的啊！真是无法让人信服这种质量！,3,3,0.9965333938598633
上午下单下午到，只有京东能做到。,3,4,0.6452634334564209
到货很快，一如既往的好，一直用，还有赠品，棒棒的,4,4,0.551155686378479
大小正合适，颜色也还好。质量不错，不一定要买名牌，这个老牌子也是可以的，物美价廉。,7,7,0.7650756239891052
商家忽悠人 说的给俩大果 结果给一大 一小 我投诉了 才给赔付十元 以后不要买了,3,3,0.7822076082229614
感觉是假的，洗了头皮好痒，两天头发就油了。,4,4,0.9875323176383972
6好消息让人振奋啊!! 支持好音乐 #蒙牛酸酸乳MusicRadio中国TOP排行榜#本周内地榜单揭晓恭喜大宝 凭借新歌＜请不要对我说sorry＞夺冠 更是势不可挡新歌＜V Space＞刚一上榜就荣登第6位。大家一定要继续支持哦！,6,6,0.7837070226669312
手机电池真的很不耐用！,1,1,0.5054599046707153
裤子很簿很垃圾，本来想退，弃麻烦。差评。不值这个价。,7,7,0.9602747559547424
到底是按个数还是重量？大小不一，大的每箱就一两个，按这个大小一点不便宜，上当，怀疑评价都是刷的。,3,4,0.3859573304653168
一直用这个洗发水，不错喜欢。还没打开用，这个应该是正品。,4,4,0.9842914342880249
裤子收到了，卖家发货很快，物流也很给力，关键是质量太好了，版型也不错！满分～,7,7,0.9946135878562927
包装差，连泡沫都不放，直接放在一个纸盒子里！,1,4,0.787207841873169
差，差，颜色相差太多，我就这样相信了，我的天哪,7,7,0.9677084684371948
苹果品质太差，这哪是烟台苹果呀，个头多数不够75cm上大当了，下次不会再买这家东西！了,3,3,0.9505709409713745
u100 plus便宜，外观尚可，电池续航时间较长，支持802.11b/g/n和蓝牙2.0，相对其他品牌同价位配置已经相当不错了。,8,8,0.8467826247215271
不知道哪来那么多好评，假货还那么贵，还是自营对京东不在相信,4,4,0.6106765866279602
去屑效果好是正品发货快品牌好味道不错,4,4,0.8369839191436768
活动买的，能扫码，比超市便便点点，一直用清扬，希望是正品,4,4,0.9606449007987976
现在在用的手机是MATE8，以前也用过几个华为的，支持国货精品！这个平板上手两天，确实屏幕清晰音质棒（外放好过以前的IPADMIN），另外就是手机平板全套华为便于数据（包括云）传输管理,1,8,0.7974973320960999
钢琴烤漆，流线机身，简洁大方，噪音控制的挺好，速度很快，屏幕一级棒，显示效果没的说；键盘触感很不错，用起来很舒服。性价比高，双核独显无线高清一个也没落下，属于全能主流性本本，真的很超值。,8,8,0.8952025175094604
质量太差了！吃亏死了！穿不到一天就坏了！还修补成！建议别买~！,7,7,0.98562091588974
快递就送到楼下 说了来半天才送上去  还说要加钱才送上去   热水器还没用  等用了在说,5,5,0.4155142307281494
垃圾。后悔买了。质量也不好,1,7,0.7438953518867493
包装盒都是二手机的上面都有Lenovo的logo！才发现后摄像头都没有闪光灯！屏幕PPI不是很高！先用用看还有其他问题没有！,1,1,0.5684602856636047
"这家酒店不错,大堂很气派,服务很热情,下次还住这里",9,9,0.97906094789505
CPU差点意思。。要是P8600就爽拉。。不过价格摆在那里。。塑料感较强。。尤其是键盘部分。。触控板左键不大好按。。就是按一下可能没反应。。有点松松的。。可能有技巧。。呵呵。。,8,8,0.5867621302604675
？你说一次了！在于今年下半年将有可能被我,1,3,0.24034953117370605
第一次买给女朋友，今天她说火龙果有霉斑，真是够了，京东亏我对你这么信,3,3,0.9231480956077576
刚穿觉得还是蛮舒服的，尤其在这么热的天气穿，但是质量实在不敢恭维，洗几次就开始脱线，到现在我老婆给我缝了两次了，又坏了几乎不能再穿。请广大消费者慎重考虑，不要太过于相信那些好评，估计很多都是刷的。,7,7,0.983242392539978
用久了机器比较热，散热做得不太好。 新机器就发现液晶屏上有个暗点。,8,8,0.8075239658355713
苹果真的很好吃，脆脆的，香甜可口，同事求链接呢！第一次再京东上买水果，还是很可以的，没有自己想的那么糟糕，京东送货速度也是很快的，第二天就到了，很方便实惠，而且送货员很有耐心，很细心，大大的点赞！会再来的！,3,3,0.8984186053276062
相当喜欢这家酒店。首先是地理位置，前临海滩（隔一条马路，只有20米距离），后临闹市，无论是海边戏水还是市区闲逛都很方便，打车直接说仙居府的士司机都认识；其次是内部设施，很干净，服务态度也挺不错的；而且我们住在顶层13楼，打开落地窗走进阳台，满眼的碧波荡漾，景色超好！唯一的美中不足，是我们到酒店check in时，我们预订的豪华海景大床房已经给了别的客人没有了-_-，前台服务员支支吾吾地说大床房正对电梯位置不好，建议我们换成海景标准间，让我们有些不爽……不过在我们的坚持和理论下，最后问题还是很好地解决了：第一天给我们免费升级到高级海景大床房，第二天我们搬回了高层的预订房间，总体来说服务态度还是很好的。短期内若有亲戚朋友去三亚，一定会推荐仙居府的！~：）,9,9,0.9968871474266052
还稍微重了点，可能是硬盘大的原故，还要再轻半斤就好了。其他要进一步验证。贴的几种膜气泡较多，用不了多久就要更换了，屏幕膜稍好点，但比没有要强多了。建议配赠几张膜让用用户自己贴。,8,8,0.5260276198387146
太差劲了，不好用，用别的都没头屑的，用了这个竟然有头屑，太阳的,4,4,0.9958540201187134
拿回来装系统，装到一半机器响个不停，像要爆炸了一样！！！被吓一跳。强行关机，再次装，其间光驱突然发出强大的噪音，跟飙车时一个样，恐其飞盘。系统装完，不能关机，死机???担惊受怕的就这么郁闷了一个下午。,8,8,0.521230936050415
我订了4件货，就只收到了1件货，没有任何解释，打电话过去询问，就一句话，没货，网页没有及时更新。如果想买，再重新下单。哈，真服了当当了，从订货到收到那一件货，足足半个月的时间，网页都不更新，不知是什么速度。这是我第一次在当当买东西，估计也是最后一次。,0,0,0.500626266002655
太棒了，性价比很好必须给好评。,1,5,0.4198917746543884
给闺女玩宝宝巴士的，还不错,1,1,0.8280927538871765
实在是不喜欢，绝对的没看头，浪费我的精力，看了一般就放弃了。有空还是看看旅行手册也好,0,0,0.9863266944885254
装xp挺麻烦的，首先遇到/mbr问题，折腾了3个小时，接着装深度xp6.2，开始报了一个内存错误，后来又报hal.dll找不到，网上一查，有的说法是内存有问题。保佑电脑质量不要出问题啊，网购挺麻烦！,8,8,0.9920666217803955
差评买完就降价！每次从京东买完东西都得盯着！是不是降价了！,1,1,0.4177466332912445
卫生很差。地摊上特别脏。但是有专车接送。,9,9,0.9696247577667236
刚刚试穿一下裤腰的纽扣就掉了，这样的纽扣不太好…………,7,7,0.9698450565338135
我是活动价加优惠券冒得额，价格很合适。用了一段时间了，看电影玩手游效果挺好，很流畅。就是偶尔会出屏幕突然变暗的小瑕疵，也不知道是设置问题还是其它问题，不过不影响使用。买的时候也没送个皮套耳机什么的，有点抠门哦。总得还是很满意的怕。,1,1,0.8118394017219543
速度杠杠的，可以，值得推荐,1,1,0.6613119840621948
3月8日礼物，一直用潘婷，真心不错！,4,4,0.6457657217979431
如果可以，这个供应商给极差评，忽悠我说已经是最便宜的价格让我买，结果没几天就降了好几十块钱。心中一万个草霓玛在奔腾,4,6,0.2679726183414459
苹果手机没用过（不是买不起而是不想当傻子，为了那点虚荣心扔几千块真心不值）不知道实际体验好不，但是一千多的ipadmini用过，那系统真心流畅熄屏后台自动关闭不耗电，这平板分辨率做工啥的没啥吐槽的毕竟价钱便宜但系统流畅度太卡熄屏后台正常耗电，看视频把屏幕锁定黑屏了喇叭还在响视频的声音，如果你不停的使用七八个小时没问题，但是你不用的话一天电也会被后台软件耗没。其实华为有生产这些乱七八糟型号机子的精力不如主攻几款有价值提高性能的机子。,1,1,0.7616091966629028
妈的 说好的满1000反100也没反 客服就会应付 唉 第一次差评！,1,7,0.6215388774871826
实在是接受不了,7,1,0.3185427188873291
洗后很干很干，味道和店里买的不同，怀疑真伪,4,4,0.6096283197402954
衣服样式不错的 很满意衣服质量不错 料子挺舒服的,7,7,0.997164785861969
包装很旧，还很脏，有碎屑，体验不好，就给人旧的感觉，太差啦,4,3,0.4893852770328522
还是有点厚。不带原装鼠标和原装包，这两样很重要，可以有效方便购买者。否则还要另外购买。,8,8,0.8611792325973511
从海天三路地铁站出来走了好久，还有一段路是在高架下匝道口逆行，超危险的。入住之后房门无法反锁，电话服务部，以为会派维修人员来，结果来了个老阿姨，看了下说锁坏了，要明天叫人来修，让我们晚上就这样睡，说反正过道有监控的，真是无语了。再说，整个房间只有卫生间里有两个电源插口，要充电只能放卫生间。早知道就不贪图那几十块钱便宜，还是住以前住的锦江之星了，就在地铁出来一点。,9,9,0.9903476238250732
衣服很薄很薄，打的穿一两次就皱巴巴的，洗了也是这样，太薄了，感觉一拉就破，而且码数偏大，跟图片不符,7,7,0.9984573125839233
做工精致，性价比高，穿着舒服，款式不错,7,7,0.9738823771476746
"应该直接装xp,没有驱动盘,开机时光驱声音很响,京东又不解决,叫我自己直接联系thinkpad,不方便,还没解决",8,8,0.9786171317100525
给男票买的裤子回来试穿挺合适的，有男神风范，咋看都觉得合适咋看都顺眼，裤子摸起来质量也挺好的，值得大家购买,7,7,0.991926908493042
1.回车键和发送键连在一起，容易误操作2.待机时不显示时间，只有再按一下才显示3.外放比想象的差多了，为最大的不足，看样子是2个音箱，实际只有一个4.移动的定制的，有移动的标记和快捷键5.添加播放列表很麻烦。（本人不觉的）6.目前软件不稳定，或多或少造成使用的麻烦。附加 1.我使用半个月 白屏两次　死机 一般是拨对方号码没嘟嘟声 然后按挂机健没反应 按任何键都没反应四五次了　按c上面的那个取消按钮有时可以挂机2.键盘锁住了不像诺基亚或者摩托的一些型号只有按特定的按钮才能亮屏幕e2 是按什么键都会亮 所以经常不小心按倒按键使得屏幕点亮很浪费电池3.法短消息不能像其他手机或者型号编辑完短信按发送键后他会出现号码或者短信菜单让你确认　而是直接发送再加上他的发送键和回车键近很容易没写任何内容就不小心按了发送键或者导航键而发送了空白消息5.c键在很多时候不代表推出　要用选项键来取消发送　如：短信到了草稿箱 短消息不能马上用删除 而是要选取消6.个人觉得他要是有摩托的其他系列的 复制 剪切 粘贴功能就好了　很方便的把多条短消息　放在一起转发人家,2,2,0.8509196639060974
我一直在用这个牌子，但是在京东购买还是第一次，看上去还可以，还没用等用了再追加评论,4,4,0.951371431350708
东拉西扯的，加入作者个人的社交活动，作为医学类的书，不专业，文笔一般，有点乱,0,0,0.9958630800247192
凶手会是蒙牛吗,6,9,0.3261227309703827
感觉不像以前买的好，味道也不是很好闻,4,3,0.6345977187156677
先不说衣服质量如何，就快递公司而言，到货根本就不给客户电话到货，留的号码是摆设,7,7,0.8487779498100281
东西刚收到，看起来不错，包装盒结实，苹果没有压坏，赞！,3,3,0.7944624423980713
裤子收到了，大小很合身，裤子的料子摸着也不错，很喜欢，以后买衣服还来咱店里买，五星好评，棒棒哒,7,7,0.9897337555885315
不行 反映 太慢,1,1,0.3636702597141266
机器是挺好的，就是京东的服务我实在是醉了，赠品赠品没有给我发过来，然后补差价又自己改回了*，幸亏中午*的时候我截图了，这服务，这京东，玩不起就别玩，中午*的时候我说退货我重拍，客服说正在处理，然后下午来电话说给我退了吧，我去网站一看又改回了*，感情是现在我退了还是*买，哥不差这*块钱，差的是这个事,1,1,0.7571073174476624
真受不了，严重脱色……真他吗的,7,7,0.4105910658836365
物流还不错，但是东西真心难吃，特别酸，还是超市卖的好吃，不会再买了,3,3,0.8261294960975647
机器不错，挺好用！,1,1,0.6156465411186218
速度快，产品优，态度好，京东一直没让我失望！,4,3,0.4609318673610687
裤子很好看 质量质量也挺不错的 快递也很快 下次还来买,7,7,0.9928372502326965
很实惠，这么大几瓶，京东物流很给力，特别是物流小哥也很有责任心，并且还送货上门！,4,4,0.7882189750671387
入住感想如下、共大家参考:1、典型的国营招待所、除了有个很小的小卖部外什么都没有。2、房间设施陈旧、毫无住宾馆的感觉。3、谈不上服务、电视遥控器不管用、打电话给前台后、直至离店也未送来。4、浴室没有垫地的毛巾。建议后来的朋友、千万不要住这里。另外、希望携程应对酒店进行评比、不符合要求的店不要推荐、否则给客人造成不便。,9,9,0.9939557909965515
很好很好很好很好很好很好很好很好很好很好很好很好很好很好很好很好很好很好很好很好很好很好很好很好很好很好很好,3,1,0.6250119805335999
外观放库房好几年了吧太脏了,4,7,0.2411089539527893
系统不好弄，原有的VISTA用了两天就换XP了，让一在联想工作的朋友灌了一个SL400的XP，但是释放的XP只有一个C盘，弄了一个星期才弄好。,8,8,0.9877816438674927
配置比较高，看视频玩游戏都很爽，唯一不满意的是刚买了收货后就降价,1,1,0.656753659248352
快递是没得说的！快！宝贝还行！就是客服好垃圾想问点问题好像欠他们几百万是的爱理不理的！华为怎么请这样员工！靠,1,1,0.5461863279342651
第二天续住，感觉没有第一天的服务好，希望服务跟上吧。,9,9,0.9467551708221436
本次出差临时入住此酒店（携程推荐此酒店入住率比较高）。酒店为挂牌4星，环境不错，卫生间内设施陈旧，至少10年没有更换设施了，标准A.B房的卫生间面积4平米左右，比较拥挤。前台服务已经达到4星标准，餐厅服务管理有些欠缺。酒店签约客户标准A房只有180元（是否含早情况不明），相比携程的价格还是有较大差距，希望在价格方面携程还要多与酒店交涉，给我们会员更好的服务。,9,9,0.9757112264633179
吾消费京东商城数年，深知各产品琳琅满目、然，唯此宝物与众皆不同，为出淤泥之清莲，使吾为之动容，心驰神往，以至茶饭不思，寝食难安，辗转反侧无法忘怀，于是乎紧衣缩食，凑齐银两，倾吾之所有而能买，东哥之热心、快递员之殷切，无不让人感激涕零，可谓迅雷不及掩耳盗铃儿响叮当仁不让世界充满爱，待打开包裹之时顿时金光四射：屋内升起七彩祥云，处处皆是祥和之气。吾惊讶之余甚是欣喜若狂，呜呼哀：哉！此宝乃是天上物，人间又得几回求遂沐浴更衣，焚香祷告后与人共赏此宝，人皆赞叹不已，故生此宝物款型及做工，超高性价比之慨且赞吾独具慧眼与时尚品位，产品介绍果然句句实言，毫无夸大欺瞒之嫌，实乃大家之风范，忠义之商家。这个商品还真好，非常喜欢，也很欣赏京东的售后服务和配送速度真的不错，买东西就在京东买，选自营没有错更：多正品保障更多售后保障更快到货和退换速度无人能敌，看天下网购发货速度谁最快答京东商城售后服务谁最好答：京东商城配送服务谁最强：京东商城，品质保障谁最棒答：京东商城，正所谓：要问电商哪家强，中国网购数京东我为什么喜欢在京东买东西，因为今天买明天就可以送到！,1,1,0.4442249834537506
第一次购买此品牌洗发水，切用来试试。,4,4,0.9886536002159119
快递员送到楼下打电话说：我给你放电梯里你在上面接一下，我说不给送上来吗？他说：这样不是省力点吗？,3,1,0.36474594473838806
地滩货，垃圾，亏我一直这么相信这个品牌，在也不买这家的了,7,4,0.4875143766403198
"通过携程预定了7月26.27的房间,6人3个标间.26日一大早弟兄们从北京开车浩浩荡荡开拔,不想在京沈滦县段被交警轰下了高速路(前方道路封闭),只好沿102国道缓慢运动,全程9小时(好在中途电话延长了入住时间),等到达却当头一棒,酒店竟然说因接团27号没房了,赶紧找携程客服,最后酒店答应协调,谁知27号私下转包到博维大酒店,钱倒是没多花,可积分......只好回来找携程客服算帐,还好携程客服比较通融.酒店印象:3间房:2008,4002,5002(6人3间房还不挨着,晕......)房间门锁不是卡式,还是钥匙(钥匙?以前我只有住在招待所才用钥匙),房间整体装修感觉较旧,墙上有蚊子的标本,有饮水机,可以打到凉水(后来在博维大酒店就没饮水机,没凉水),浴室较小,浴缸较脏,还没有隔帘,热水还好,随时都有,4002马桶水箱按钮不能复位,每次要把水箱盖拿起来(走的时候和总台说了,不知道修没修),2008独立空调,4002,5002中央空调,5002中央空调冷气不行,大半夜3次打电话到总台都冷不起来,只好凌晨都挤到4002(严重影响4002客人休息!),3间房都没宽带,只有宽带线(没宽带有宽带线算怎么回事儿???)带双早餐(鸡蛋,粥,花卷),还不能带回房,(有弟兄睡懒觉,结果只带回个鸡蛋),交通还好,到那里都方便,旁边有饭馆,也有药店,到海滩(体育基地)还得5公里左右.",9,9,0.9829323291778564
还可以的。可惜快递像龟是的,7,7,0.336184024810791
速度比想象中快，而且还可以用超频模式，增加15%的CPU速度。硬盘性能也很好。电池耐用。,8,8,0.9424596428871155
和图片相差甚远，质量不好，还是在网上少买为好！,7,7,0.9625853896141052
"我买了波导m08,才2个月就坏了.而且送去2次维修,一点问题也没有解决.这次又送去,一个多月了,也没有答复.真是太差劲了.",2,2,0.8607835173606873
东西很不错，下次还会再来的，老板很牛，快递很牛,4,5,0.37787064909935
火龙果太小了，我在超市买，一斤左右很大的果，这个太小了！要是在超市，我肯定看都不看一眼！失望！！？,3,3,0.9935682415962219
对蒙牛新品，不想表达什么，送句祝福---好运！,6,6,0.9787326455116272
多次购买了！个头足！果实个头均匀！这次稍微显青！放到过年正好可以吃！,3,3,0.9990909099578857
用完后有头皮屑，而且味道也不怎么好闻，以前从来没出现过这种情况，反正不喜欢，很不满意这次购物,4,4,0.9427984952926636
"房间设备太差,连空调都没安装,下次如有机会再去不会再选此酒店.",9,9,0.9903262257575989
是我到目前为止住过服务最差的五星级酒店，气温下降空调没热风，冻得直打哆嗦。按摩小姐无孔不入不管男士客人是否与老婆同行，即使在电梯里也疯狂的推销要不要按摩。妈妈桑更是夸张竟在我们房间门口问我先生要不要按摩她是妈妈桑可以安排最漂亮的小姐。 有问题找值班经理，值班经理根本不予理会。不知道这个酒店是怎么评价成五星级的。,9,9,0.9973547458648682
酒店大堂在写字楼6楼，房间在酒店管理办公室隔壁，和大堂一层，五星级酒店竟然没有衣柜，没有棉签，甚至没有淋浴房的门。床单有污迹，毛巾有浓重的消毒水味。服务很差，不给换房，订房前说683的协议价，续房竟然说738的房价。除了交通，没有可取之处。,9,9,0.9968281388282776
运气太差了，屏幕中央有个点。USB口只有两个少了点， 读卡器没有保护盖子，爱近灰尘。东芝的说明书，写的凌乱不易看懂啊,8,8,0.820514976978302
三件都收到了，质量相当不错，一如既往地好,7,7,0.7460259199142456
实物很小，口感一般，实物颜色与商家发布的差很多，果型也不好。,3,3,0.9946932196617126
还没有用，挺大的3桶，用后再来评论，京东快递非常快，昨天晚上下单今天早上就到了，给快递个赞,4,4,0.8507079482078552
自己有一个 用着很好 给妈妈拍了一个,1,1,0.35224950313568115
通过别人介绍在此住过两天，感觉总体服务很贴心，住的11楼的房间，床很舒适，因临时改变行程，打电话到总台帮我订了机票，服务效率很高，很快就送到房间，整体给我的感觉很好。,9,9,0.9682655334472656
服务还可以，房间好，888888888888888888888888,9,9,0.8055840730667114
东西很好，京东送货很快，物美价廉,3,4,0.36575108766555786
发回来都干啦，里面都有点坏啦！第一次买火龙果，不好！真心的不好！,3,3,0.9965062737464905
给女儿买的，她应该很喜欢！还没用，不晓得怎么样，国产的应该不会太差。问我为什么差评，就是为了让我有存在感，因为好评太多了！,1,4,0.5057353973388672
产品到的很快，包装很好，扎实不外泄，还没用，不知道是否正品，保质期挺长，2020年到期，用了再评价！,4,4,0.687980055809021
"来电大头贴很时尚,而且,C610还支持“人物肖像”功能,类似于现在非常流行的QQ秀，所不同的是你给大家穿衣戴帽,而且免费！很有意思.屏幕很大,可同时显示9行中文信息，字体清晰、细腻。墙纸不论是鲜艳的“大红大紫”，还是清爽的“小绿小蓝”，都很清晰,C610的显示屏绝对强.",2,2,0.9236350655555725
超次，出油的厉害，再也不买啦,4,4,0.5406568646430969
价格贵了一点，其它都还行。,1,5,0.2613559365272522
首先物流极慢，两周多才送到，其次裤子偏小，推荐的号码根本不合身，换货之后居然给我寄来了另外的款式，这次网购真的恶心,7,7,0.9566100239753723
整体很不错，而且很能放，还没有吃完，但是没有放坏的。快递到货也很快。,3,3,0.9114152193069458
意外发现这款面膜很不错，好香，有点像蒙牛的绿豆冰棒，闻着好有食欲。,6,4,0.5510162115097046
电池使用时间短，接收信号弱(反正在我们家一楼永远没信号，在二楼的阳台上要寻找。)玲声很小，幸亏有振动，电话声音很小，我总害怕说话太大声，别人会不会看我。总之一句话，我真后悔花了一千多元买了这个破玩意。(而且屏幕坏了，还没地主修。真晕!),2,2,0.9154211282730103
一盒有五个特么好的，真是特么的幸运了！一星给快递员的，自个领会去吧！,3,3,0.7978916764259338
挺好的，好吃又营养真的是好东西。,3,3,0.9015247225761414
价格便宜的好像是1号楼，太差，空调无暖气，无宽带，千万不要住。可以推荐汽车站对面交通局开的宾馆，有宽带。也方便。龙岩象个县级市，不好打的士。,9,9,0.9941733479499817
第一次买华为，本想支持国货，没想到运气不好，遇到了“瑕疵品”？,1,1,0.7839859127998352
一个字：差、差、差，态度差到极点。我们从7月22日住到7月27日，开了两间房，如果不是因为工作太忙，懒的换房间了，早就不能忍受了。第一天入住感觉不错，房间也还干净；随后后面几天，事情接着来了。一、就是我同事的衣服放房间里不见了（其他东西都在），问他们怎么回事，结果这个推那个，那个推这个，后来不了了之，最后还是没找到。二、我们房间没有靠枕，问服务员要一个，服务员说没有了，我就说去其他房间拿一个，服务员后来说领导没有批准，他们也不能动其他房间的，只能帮反应，后来也不了了之。三、床单、被套我们睡了四天了都不给我们换，后来还是我们主动提的，结果提后还只换了一张床的。四、最气愤就是这了，憋了几天的气终于爆发了。我们最后一天吃早饭，由于起的晚，我们就打算早餐、午餐一块吃（由于赶飞机），那个小餐厅老板很不错，说午饭没好，我就给你拿点剩余的早餐还有马上炒个菜，只收我们早餐卷就好，要我们问前台要餐卷，前台说不给，说早餐时间已过，我们就说，餐厅都愿意，你凭什么不给，后来我就火了，今天我就非要了。结果那个大厅经理（样子好象），既然给我拍桌子，最后没办法就说“给他，给他”。后来我问酒店餐厅老板，为什么他们服务态度那么差，怎么象国营的一样，小老板说“本来就是国营的”，在这看到吵架是常事，我说难怪，发誓再也来了。后来我还给携程客服部打电话，建议不要给客人推荐这样的酒店，简直受气。,9,9,0.9884246587753296
裤子很好，质量没的说。客服推荐的码正好。也与图片相符合，非常愉快的一次购物？还会再次光临的。,7,7,0.976205587387085
衣服太大了 没法穿 退货嫌麻烦 直接送人了,7,7,0.8807326555252075
用信用卡付房费时居然要收2%的手续费。后来结账时却没有收手续费，不知道为什么？真是晕啊。酒店设施一般。另外，附近有卡拉OK，很吵，一直闹到半夜里。外面吃饭的地方很多，这点很方便。,9,9,0.9921034574508667
我只能告诉大家杭州这边的报价一般在1500左右，标配是两电两充带耳机，样子绝对是很漂亮。,2,8,0.44066983461380005
用过后才来评价，沙宣套装棒棒哒！非常好用！还送了三组小样！不错！下次还会继续购买！,4,4,0.877048909664154
环境和各方面的设施都很老旧，房间小，次所小得离谱，服务态度也一般。实在连3星级都算不上,9,9,0.9970974922180176
唉，相中这机子就是因为功能简单，想着功能简单就不容易出问题，没想到铃声又有问题了，一会声大一会声小，来电话时响铃，中间还会断一下，接着再响，想想都搞笑，现在送修去了，KF小姐听到我的说明后，满脸茫然，只记得一句话，这个我们也解释不了，要检测一下,2,2,0.879706621170044
不满意！衣服一阵臭胶味，而且很多皱褶，很多线头！内里的棉跟图片上的不符合，很薄,7,7,0.9861384034156799
苹果看上去很不新鲜，非常不好吃，一点都不甜而且很硬嚼的很不舒服,3,3,0.9987457990646362
有些核已经发霉了，京东就卖这样的货？,3,3,0.7629340887069702
此书写的太夸大了，内容实在不怎么样！！！！非常的不符合宣传的实际,0,0,0.9719854593276978
洗了头皮好痒，我隔一天洗都痒难难受，感觉不是正品,4,4,0.9207836389541626
个人认为携程推荐此宾馆是不注重会员的基本利益。该酒店一半房间临大马路，晚上很吵，使人无法入睡。每次预定，该酒店总是声称无法保证安排安静和有宽带的房间，明显不重视携程的客人。本人已在该酒店经历了多次可怕的预订过程，携程的协调能力始终使客人深感失望，希望携程在赚钱的同时真正为会员的利益着想，不要推荐这样服务死板的酒店，本人今后决不入住该酒店。,9,9,0.9742547273635864
用了一段时间，还可以。主要是给孩子买来看电视学习用的，看电视还算清晰，拍照也清楚。暂时给给好评。,1,1,0.8302019834518433
在宜昌应该是排名前三位的酒店了，希望能继续得到保持，应该会成为宜昌的首选,9,9,0.9800658226013184
湖光山色几乎可以用完美来形容，客房是实实在在的江南木结构民居，非常干净，环境保护得非常好，员工也非常礼貌、服务不错，特别大的停车场，非常适合自驾游的朋友，其实酒店就在景区内，不过去景区需要买票。,9,9,0.9912669062614441
不好，确定这个是秋冬款吗？？？,7,7,0.7619412541389465
作为一名“白骨精”，我不得不佩服作者入木三分的刻画，不仅精准地描绘出我们的生活画面，更深刻地揭露了我们内心的挣扎与困顿。确实，是一部当代白骨精们的写照！写出了职场的竞争，写出了雇佣与被雇佣的现实。笔锋平实，清澈，是好作品。看着看着，便感觉自己也渐渐地深入到这个故事中，和你一起在职场中打拼，在感情中沉浮。泪，也一次又一次地润了眼眶……,0,0,0.9988202452659607
第一次买这么好的东西，真的好用物流也快服务态度也很好喜欢的亲们赶快行动吧,4,4,0.46755337715148926
大小不一，没有16个，味道不错,3,3,0.9945819973945618
我想问这是正品吗？怎么感觉被坑啦！,7,4,0.7740861773490906
对现在的化妆品真是没有抵抗能力，店家宣传、别人一说好就晕了头跟风去买。其实最简单的东西也是最好的。看了这本书，更注意从内而外调养。,0,0,0.7724496722221375
要拿出抵制日货的决心来抵制蒙牛 成年人不喝牛奶,6,6,0.9978146553039551
不好用，洗了头发不顺滑。以前一直用沙宣的，心想换一个牌子用一下，结果让人大失所望。,4,4,0.9598764777183533
一个火龙果将近10元钱，收到货时很不新鲜，都要烂了，如果没放冰箱的话也许半天一天就烂了，退也不是不退也不是，好伤心失望的一次购物?!,3,3,0.9610996246337891
送的货很烂，三个火龙果没一个好的！真想退货！全是假评价！,3,3,0.8244931101799011
啥都不说了，物流不给力就不要信心满满的次日达好吗？客服都是si人？包装售后里的屏幕保护膜是*的，在哪呢？失望，就一个618就搞成这样，哎,1,1,0.6537045240402222
很少上来点评，但是为了让大家有个正确地认识，我愿意花点时间来点评下：我的建议是请你选择别的酒店，因为此酒店较陈旧，最重要的是房间的隔音效果非常差，我本人非常的不适应，当然如果您对噪音觉得无所谓的话，此酒店还是可以的。,9,9,0.9890312552452087
质量不错，版型很好，尺码合适，颜色和店铺照片上一样完全不存在色差 穿着很喜欢，发货迅速，赞一个,7,7,0.995672881603241
房间等设施及服务员的态度非常让人满意，尤其是前一晚吃饭的时候我不慎将围巾遗失在吃饭的位子上，第二天在总台询问的时候，总台服务员帮我找到围巾，非常感谢她们。但一楼餐厅的自助火锅及自助餐味道不尽如人意。还有因为我们晚上才入住，居然无法在二楼中餐厅就餐，一定要事先订位，才能就餐，有些遗憾。,9,9,0.9896652102470398
真的好垃圾，，还掉色严重，，失败的一次购物???????,7,4,0.47361016273498535
去年买的贝尔B601的小灵通，使用不到半年，显示屏就炸了。我都没摔过，去保修时被告知这不是保修的范围，伤心，后悔。令人生气的是没有零件换。,2,1,0.4692995846271515
有股刺鼻的味道，就是烫头发时的味道,4,4,0.8531387448310852
离泰山较远，实际环境与价格不符，漂亮的外观，陈旧破烂的内里，隔音极差,9,9,0.8627852201461792
"让人不会用,数据线是摆设连接就充电,真是活见鬼!",2,2,0.7787169814109802
根本不是音标符，每页都是这样，难道是我音标眼花？,0,0,0.8740506172180176
不喝蒙牛。不喝伊利。,6,6,0.9860007166862488
个头跟网球一样，甚至更小，超失败的购物，不建议购买,3,3,0.6261511445045471
差评，苹果很生，而且有三四个是烂的，图片太骗人，再也不网购水果,3,3,0.8987677097320557
感觉就想旧的一样，不是很满意！！！！！！！！！,7,1,0.5321284532546997
东西不错，性价比高，但是没有送皮套，有点失望。,1,1,0.4987674355506897
无包装，液体泄露。内部无缓冲及填充物。很差，根本不像正品。,4,4,0.6922491788864136
"除了在湖边上这点好处之外.没有任何可以一提的优点.房间老旧,卧具破烂,脏兮兮的,我真服了!!!",9,9,0.981545627117157
穿一次扣子就掉了,7,7,0.974809467792511
这个真的是假的。味道不对，用起来也不一样,4,4,0.951972246170044
差劲，没法说了，压根没法穿,7,7,0.5384284257888794
苹果很脆，很酸甜，个头不是特别大，我觉得刚刚好，是我想要的大小。,3,3,0.9990314245223999
个人感觉看这种书对英语水平的提高不是很大，基本上没有什么帮助，可能不太适合我吧。比较失望。,0,0,0.9992069602012634
"我觉得本本还是不错的,简单干净.性能也还好.而且我喜欢HP这个牌子,我们家台式机也是HP的.",8,8,0.9035729765892029
记得是3月18日入住，通过携程预定一个3－4楼的商务大床，结果给的1楼，我要求的洗澡设施良好也没有达到，喷头根本固定不住。因为这次是1天也就没有要求更换房间，比起第一次在这里的预定（不是携程），这次非常不满意，终于体验到预定要求无法达到是什么感觉了！！！,9,9,0.9894338250160217
售后服务差，买前跟买后的态度都不一样 以后都不会再买了,7,7,0.41532158851623535
送的内胆包比较差，由于电池的缘故，重量也稍微重了一点，不突出设计很好，但是还是没有浑然一体，最大的一个问题是升级，没有提供空余的内存扩展槽，如果升级，需要用2G的条子替换掉自带的1G条子，非常不好！！,8,8,0.8745121955871582
我喜欢穿休闲西裤有弹性。 买回来这是什么？牛仔裤？一点弹性没有、找售后也不理我、本来想想算了、穿了一天 起毛了、好像*的地摊货 哈哈。果断剪掉了你垃圾品牌 垃圾东西。垃圾商家。,7,7,0.7467659115791321
最差的酒店，最差的服务，没有之一。,9,9,0.8957457542419434
不好的一次购物，内包装差劲，打开包裹发现有泄露！已经联系售后换货！,4,4,0.4116288721561432
买第一盒还可以，接着就又买了一盒，里面好几个烂了，颇有些失望。,3,3,0.8062421083450317
京东越来越不靠谱了 一下买了四瓶洗发水 就只放了一个纸箱子里 里边没有任何隔挡物 防止颠簸的 导致洗发水已经颠开漏了！太失望了!！,4,4,0.7639657258987427
居然不能连WIFI，看来便宜的东西要慎重考虑，已经申请售后，希望能尽快解决,1,1,0.4584200382232666
码标准！质量不错！布料很舒服，非常好。,7,7,0.9993249177932739
一直忘了来评价，洗了n次来晒图！质量很棒，穿着很舒服，给老公连续买了三件！值得购买！,7,7,0.9801577925682068
TM的机器发热控制要比家用的好，价格方面也很不错，这个价位这个配置，只能用超值来形容,8,8,0.8946909308433533
和图片不一样。穿着不舒服。,7,7,0.9968998432159424
非常不好，强烈建议不要入住，几乎没什么服务！补充点评 2008年2月23日 ： 1，酒店倒是容易发现，但进去的路面坑坑洼洼地，不方便2，前台漫不经心地，不能使用信用卡3，电梯怀疑是货梯，绿色滴，声音大挺吓人4，客房的空调在酒店所谓的服务员（中年男人，没工作服）近一小时折腾下，又过了一小时才制热，但是出风口不到60度，根本吹不倒床，就在空调下一米见方处热，我事1月份住滴，实在撑不住，要了床被（客房内没备用被），中年男人耷拉着脸，老大不愿意。5，浴室的水，脸盆和淋浴好像患了前列腺，滴啦啦出来，等了半小时都不热！只刷了牙，澡都没法洗！6，周围几乎没吃东西滴。,9,9,0.9907800555229187
外套薄的可以当衬衣了，京东上的东西太叫人失望了,7,7,0.7854582667350769
非常不错的，送货速度快，服务好，就是水果每次都有点问题，申请了售后，客服给予了一定的补偿，很满意的一次购物,3,3,0.8104338645935059
河南人就是河南人！不被懵一次，那算白来一回；在全国乃至全世界那种叫做经济房的房间，在河南济源雅士达叫做“贵宾楼”，真够逗的！！！,9,9,0.6413507461547852
送货快捷，苹果质量不错，味道很好,3,3,0.9824435710906982
"如果订的是豪华房就会非常不错, 空间非常宽敞, 而且临街的房子采光很好, 感觉很不错. 网速似乎有些慢, 热水也有些凉. 总体还是不错的!",9,9,0.9832287430763245
太差穿一次，就破了差差差,7,7,0.9937963485717773
京东快递越来越不靠谱了，货都没收到，订单显示就完成了！,4,4,0.614480197429657
卖家服务态度很不好，买了两件号码小了，要求换大一号的，给寄回了两条，结果给换了一条，问他为什么少了一条，他们说给核实一下，都核实了一个星期了，到现在都没给答复。难道两条裤子的重量和一条的重量多分补清吗、,7,7,0.9551753997802734
收到了，质量不错，比想象中的还满意，上身效果非常满意，大小合身，很喜欢 重点是保暖 老板人很好 嘿嘿。。。,7,7,0.9521427154541016
网上订的，注明早晨8点入住，9点多才有房间。与约好的人谈完事后，因急于赶到下一个城市办事，于下午1点左右退房，本以为付半天的房费就可以了，居然被要求付全天的房费。不知是什么规矩，携程下面还有这样的合作酒店？让人感觉不舒服。,9,9,0.9953100085258484
不好，不好，，，，，，，,4,7,0.3312980532646179
酒店整体都不错，住过两次。感觉360跟410的房间没什么区别。,9,9,0.9850866794586182
"预装的是Linux,不是xp，给客服打电话说不能换操作系统，要不就不保修了，哪有这样的道理",8,8,0.8229163289070129
酒店地理位置较好，离南京西路近在咫尺，但是酒店的设施太过简陋，商务酒店之名不符实。。。,9,9,0.9908470511436462
蒙牛新玩意，不怎么好喝啊，象棒冰味，还敢卖11块,6,6,0.9871671795845032
"本书对英语学习没帮助,抱着学好英语的目的的读者最好别买",0,0,0.9994294047355652
铃声大，显示屏比较大，按键好用。在千元以下手机里，经比较，拍照性能是十分优秀的。,2,2,0.9938259124755859
用起来很好嘛，啥拖影也没见着。有时间桌面会卡顿一下，不过不影响使用，毕竟是950，不是820可比的。,1,8,0.6654459834098816
苹果有大有小，所谓的尺码80mm不是每个都是，感觉苹果有些陈旧了。,3,3,0.8575441837310791
什么都好就是没开洞，其他没的说,7,1,0.4347509443759918
很划算的哦！常用潘婷的，特别好用！还有小瓶的，出门带特别方便！,4,4,0.9864717125892639
买给老人看视频用。和手机只差通话功能,1,2,0.5520927906036377
屏幕有个小点不是很明显擦不掉不知道为什么 不影响显示 也就没在意,1,1,0.7544824481010437
忙的一直没评价，感觉有点假，价格是便宜，但是用的头上会起小疙瘩，其它的品牌都没有过呀,4,4,0.9672589898109436
已经住过几次了，这次的感觉好象商务酒廊里的食物比以前的品种少了，其他都还不错，桌球的价格挺高的，68/小时还要加15%的服务费，在当地来说就太贵了。,9,9,0.9839258193969727
假货到不行，超级稀，洗完涩涩的，无语了,4,4,0.7548876404762268
不错 用着很舒服 香味还可以 比较清香那种味道,4,4,0.9528725743293762
从书名到封面都是那么的吸引人ENO 淡淡的水彩和文中淡淡却让人深刻的感情相得益彰也许我们对生活中不可能存在的感情保有更多的期待不论是男女之恋，还是男男之恋所以我们才会爱上这本书爱上书中的主角即使我们身边不会出现但是文字陪伴着我们头脑中总是期待着一直期待着,0,0,0.9980612397193909
现在在用，没什么问题,1,1,0.6135561466217041
除了充电器有异响外，其他什么都正常。还是值得购买的,1,1,0.7752920985221863
"通过携程定的豪华标间却很幸运的给我免费升级为最顶级的豪华套房,非常舒适.另外他们的商务标间非常不错是新装修的很喜欢,充满简洁现代的风格",9,9,0.9838278293609619
差评！！！？？？下单时页面有送*配件卷，问客服说系统系统自动返。结果没返。再问客服，客服说没有这个活动。再次问客服，客服说上次客服看错了，已提交给上级主管。到现在连个屁都没有。强哥你光顾着天天晚上喝*，你手下的人乱搞，你家里人知道么？,1,1,0.3807092308998108
逛了很久决定买的华为，毕竟国产算是顶端了。发货速度贼快，触摸体验，屏幕，厚度都很满意。具体使用还在试用，总之很满意！,1,1,0.7800934910774231
洗发水质量很好，一直在用这个，很清爽不油腻，去头屑。,4,4,0.9934921860694885
一点也不好，质量太差,7,7,0.6141265034675598
一直在京东买东西，物流很快。这次买的还没有，我一直用的都是清扬,4,4,0.8811764717102051
经常看这个牌子打广告，标榜无硅油洗发水，所以看有活动立马囤来试试～活动期间送货也很快，这点还是很满意的。,4,4,0.9672747254371643
宏辉果蔬 苹果 烟台红富士 12个75mm 单果约170-190g 总重约4.2斤,3,3,0.997704803943634
哎呦，一起床就被感动了，平时头一回啊。从来没被我妈这样称呼过，而且以前的留言多是关于干家务活的。看来我妈真的是发烧了 感动之下，我就喝了蒙牛,6,6,0.9977920055389404
用了一下，感觉还不错，挺流畅的,1,1,0.9337407946586609
来，看看，这就是我拿到的洗发露，包装破损，漏了没有半瓶，但是恶心啊,4,4,0.866936981678009
08年2月份入住的大床房，非常满意。的确是5星的水平，当时的价格也低。下次有机会还会去。,9,9,0.9897975921630859
垃圾中的垃圾，充个电热的不行，俩小时就没电了，物流还行，发货速度也行，只是手机太烂，一千块的东西不浪费口舌了，认,1,4,0.32599809765815735
衣衣收到，很满意款式和颜色跟图片一样哦，上身效果也蛮不错的,7,7,0.9868559241294861
挺好吃的苹果，家里人都喜欢，物有所值,3,3,0.9966315627098083
系统升级很麻烦！耽误了几天时间，而且我打电话去客服，一共两次，得到的答案都是不同的，我有点晕了，不是一家公司的么！,0,8,0.6618878245353699
"相比较前一天的酒店,简直是天壤之别.地理极其优势,房间舒适,价格合适.",9,9,0.9924799203872681
货收到挺快，师傅给安装完了，，挺好的，客服服务也很好，第二天就给上家安装了，，热水器当天晚上就用了挺好的，，我就花了二十块钱，，水管什么的都是用原先的，下次还要来光顾，，就是赠品到的太慢了还没收到。,5,5,0.8701087832450867
苹果说单果70mm，挑着大个的才50mm很差的购物，很差的商品，个头都不足，差很多。。。。。,3,3,0.8965191841125488
这个苹果是我买过最差的了，没有苹果的味道，口感不好，不会再买了,3,3,0.9995372295379639
我只想说，按键怎么会如此松动，就像用了很长一段时间了一样，请问能退点钱给我去修或者是退货吗,1,1,0.46505746245384216
产品很好，价格公道，物流也可以,4,5,0.2869364321231842
实物没有质量认证标，但是宣传页有，且无说明,4,4,0.5069653987884521
1G内存开98个进程在vista下慢的和蜗牛一样。 总共不如想象中那么好。,8,8,0.9626244902610779
大品牌，值得信赖！看来可以用好处时间的！日期都是最新的！,4,4,0.697216272354126
浴花第二天就坏了。毛巾还没用。方巾没啥用。,4,4,0.45055732131004333
布料很好，很有手感，物流给力，赞赞赞~~~,7,7,0.9940968751907349
这个果子冷库放久了，芯都烂了。,3,3,0.9988887906074524
屏幕不清晰，摄像头反应慢，色泽很不好，最近几次京东购物一次比一次差，很失望，之前挺喜欢京东的，以邮寄速度和质量保真值得用户信任，现在不是一般的差，物流很慢，用户体验很不好，质量也差，拍的时候赠送平板壳，但已过去十天还没有发货，一直说缺货，但是在京东上还能拍到平板壳，我认为这就是欺诈，真是自己砸自己的牌子，很失望。真是一颗星都不想给。,1,1,0.9228845238685608
苹果没有打蜡。酸酸甜甜的，有点脆！,3,3,0.9943842887878418
护发素瓶子就是坏的 压嘴根本拧不开 差评！洗了有头皮屑。快递小哥服务很好，一万个赞,4,4,0.8874200582504272
和贱人去的,9,7,0.4007127583026886
酒店设施和汉庭差不多，但电视不是液晶的（住别的是），酒店旁边比较荒凉，推荐住陕西路附近那几家。但我入住那天的服务员的素质太差，会员卡都办不明白。应加强对他们的基本素质培训。补充点评 2008年5月7日 ： 携程的价格实在没有竞争力，可以考虑入汉庭会,9,9,0.9891514778137207
实在是经典！将近四分之一篇幅的演讲词就是把它当做文学作品来读也很值得，更不用说这本书还让我们对那场使希腊世界走向衰落的战争有了更真实的了解。修昔底德惜墨如金，几乎字字珠玑，和希罗多德文笔的华美繁复、叙述的枝蔓丛生正好形成了鲜明的对比。而在古希腊，无论是希罗多德还是修昔底德的作品都是被当做文学作品在奥林匹亚赛会上朗诵的，这样的著作历史学者不读就很遗憾了。,0,0,0.9994511008262634
刚收到货就试了一下还行，一直用华为的手机，感觉可以又买了个平板。,1,1,0.97184157371521
东西收到了 ，服务很周到，家人很满意，谢谢卖家,5,5,0.3642498254776001
作者真有英国人严谨的风格，提出观点、进行论述论证，尽管本人对物理学了解不深，但是仍然能感受到真理的火花。整本书的结构颇有特点，从当时（本书写于八十年代）流行的计算机话题引入，再用数学、物理学、宇宙学做必要的铺垫——这些内容占据了大部分篇幅，最后回到关键问题：电脑能不能代替人脑。和现在流行的观点相反，作者认为人的某种“洞察”是不能被算法模拟的。也许作者想说，人的灵魂是无可取代的。,0,0,0.9835875630378723
商品我非常满意，毕竟物超所值。穿起来显得精神年轻一点，快递有待提高,7,7,0.8896175026893616
一般！！！！！！！！！！！！！！！！！！！,3,4,0.21823373436927795
东西还不错，led屏很亮，做工比较精细，画图不错，4399的价钱还返卷，挺值的。回来就换了xp的系统，正版的vista放在了一边，不再使用，系统装的过程也比较顺利。lenovo的网站都有驱动,8,8,0.9695655107498169
12个苹果中有十个是严重碰伤烂掉的，申请了售后结，过了十几分钟，京东就打电话过来确认，然后很快的做了退款处理，对京东的售后服务点个赞！,3,3,0.5190688967704773
网上看还行，收到货一看真的很差，一点都不透气，买了后悔,7,7,0.5802202224731445
孩子超喜欢这本书。也经常买一些评论很高或朋友推荐的一些好书，孩子也都比较爱看，但根据观察孩子看这本书的过程，我发现这是一本让孩子很兴奋的书，每看完一节，都兴奋地在地上又是叫又是喊。问原因说是因为书太好看了，而且很喜欢那个什么爪，勇敢、无畏是对那个书中人物的评价。而且连电视都不看了，一有时间就看，还把书放在枕头下。不错，虽然我没有看，但感觉一定是一本超吸引孩子的书。,0,0,0.9992294311523438
在京东商城买东西物流是一贯很快，昨晚下单，今天一早就收到。苹果不是很大，也不是很甜，但水分较多，味道还可以。,3,3,0.988937497138977
手机看起来不错，就是没送东西，什么都没有。物流特别有问题：收货时不给看、不给打开包装，本来昨天到的，非要今天送？非要先签收再给我，这区的所谓负责人姓陈的，问他全名，还不给，啥意思啊？这什么态度啊？京东是先签收再给货物的吗？请问消费者权益在哪了呢？真生气！！！！！！！！！没办法，先签收下了，不知道如果手机有问题能不能说得清了、、、、、、、真想发火！！！！！！,1,1,0.7691773772239685
没什么说的了，第二次入住，很满意。房间整洁大气，服务规范热情，交通也很方便——离火车站和汽车站都是起步价多一点点。价格也便宜，咖啡吧可以提供商务套餐（虽然品种不怎么丰富，但是一个人吃也不讲究）。,9,9,0.9850872755050659
好大的一部手机，适合老人家用,1,1,0.7408598065376282
1.服务很差，尤其是前台，板着脸不知道谁欠他了 2.下午六点多去入住，房间没打扫，进去后发现一塌糊涂，临时过来打扫。本来已经很累了，还整这么个事情。 3.网络不好，非常不好，无线网页都打开特别慢,9,9,0.9895704984664917
挺不错的。囤了两大盒。慢慢用。哈哈哈哈。相信京东！看起来就很合算。很大瓶！沈阳直接发！很快！前一天晚上九点拍完。第二天上午就到了。,4,4,0.8641632199287415
新买的牛仔裤，一开始还很担心，拿到以后很开心，裤子质量不错，也很耐看，很满意的一次购物，物有所值。,7,7,0.9549365043640137
同时订的两套房间，入住时间不同，最后拿到的房间也不同，很奇怪今晚酒店的房间怎么老是这样，当然都是升级到更高层次的房间。,9,9,0.9914454221725464
垃圾以后再也不来这店了,7,7,0.6184996366500854
大小没有想象中的那么大，比较一般，去超市随便挑挑拣拣都是这样的，发货也没那么快，因为有一个缺货给拆了订单结果还是多等了一天，耽误了发货时间客服还怪我的问题？我又不知道你们什么东西缺货～都不能主动找客户告知吗，我难道一早下单还要不停的刷新订单看你们缺货么？,3,7,0.2957294285297394
京东购物，值得信赖。物流非常快，包装完好，物有所值。,4,4,0.6751746535301208
套餐居然可以没发过来什么都没有，超级差评,1,4,0.5521922707557678
裤裤面料 做工都很不错 裤型也很漂亮 很满意,7,7,0.9935883283615112
一点都不好看,7,7,0.7748367190361023
之前通过携程订的无烟房，酒店都没法满足要求，所以每次都享受了免费升级，升级为套房。这次很顺利地订到要求的房间，但因为升级升惯了，呵呵，居然有点失落了。还是喜欢这里，喜欢这里的早餐。,9,9,0.9901406168937683
内存比较小了。以后要是装windows 7 的话需要加装一根1GB的内存。。,8,8,0.98811274766922
还可以，性价比高,1,1,0.6470546722412109
感觉这机子通话回音比较严重，以为是网的问题，换到屋外还是这样，而且充电时间超长，每次充都要1整天24小时，搞的充电器很烫，电池也很烫，感觉这样有问题，电话客服那边，说是要升级软件才行，还有外屏按不亮的，要打开盖再合上，这样太麻烦，准备去客服一起解决。,2,1,0.5019577145576477
好几个都有问题，有点太小。不划算,3,1,0.2577780485153198
音质棒棒哒！玩游戏还行，性能中上吧！像玩王者荣耀这类游戏完全不卡顿，就是有点大，不好操作玩不了多久手就受不了！本来想买七寸的可以玩王者农药，可目前华为只有8.4寸好伤心，没办法还是买了反正之前那台平板不好用了！,1,1,0.7947412133216858
京东物流够快，送货小哥态度也好，平板用着很好，屏幕非常清晰，用着也很流畅,1,1,0.9003291726112366
总是死机,2,1,0.39756906032562256
昨天下单今天宝贝就收到了，京东就是快，看着很好，是正品????,4,4,0.8176735043525696
安装费花了150、我不知道是贵还是不贵。反正我觉得是被人家骗了。还是建议以后去实体店买。,5,5,0.5213943123817444
网速非常慢，玩qq游戏都卡了很长时间结帐也挺慢服务员过于积极房间还比较大，就是电视效果很差性价比不高，还要200多,9,9,0.9683894515037537
你们衣服L号这么大，把我装里面,7,7,0.9862486720085144
以前买了，老婆说效果挺好的，头发掉的少了，所以活动又屯货了,4,4,0.9870583415031433
挺赞的平板电脑，也可电话，综合性非常棒！,1,1,0.7442931532859802
物流快昨天下单今天早上就到了。包装还可以，东西也实惠！用了在来追评。,4,4,0.5893105268478394
还没吃，卖相一般，至少没像雪梨一样烂了一个,3,3,0.9983991980552673
苹果不新鲜，削皮后里面有点烂，不如街边买的好吃,3,3,0.9964058995246887
房间很小，叫什么港式房间，另一种是不可以上网的，现在还有不能上网的宾馆？！早餐还可以。门市价260，我们订的248，呵呵，现在好像改了。性价比太差，哪里是三星的标准啊,9,9,0.9962896108627319
不满意，刚开始的时候还可以，用没有几天，实在是太不用好用，太卡了,1,1,0.8439254760742188
不去品尝生活的苦就不会懂得幸福的真谛。从古至今，有谁没有遭遇过挫折，又有谁没有过不幸的时刻呢？但不论如何，坚强的人都会努力克服艰难而坚持活下去。有些人在曲折的生活道路上显得脆弱。但人只要有毅力和决心，就会发现活着就是幸福。张艺谋导演的电影《活着》就是要演绎这种坚忍的“活着”。《活着》讲述的是中国四十年代至六十年代一个富有家庭里发生的故事。故事的主人公是一对夫妇，丈夫富贵，妻子家珍。由于吃喝享乐，沉迷于赌博，富贵最终把家里的财产输得一干二净。父亲因为他的堕落气得生病而死。从此，家破人亡，他们两口子不得不面对苦难的生活。俗话说：“有果必有因”。富贵家境衰落，他妻离子散的悲剧是他走上堕落的不归路，成日不思进取吃喝赌博的结果。在此之外，还有别的原因吗？是不是他的父亲和妻子不关心他呢？答案是否定的。从影片中我们可以看得出富贵固执的本性。他漠视父亲和妻子的多次规劝，执迷不悟，最终致使家境衰败、贫穷潦倒，天天过着痛苦的生活。他曾被国民党抓住并差点丧命；他曾在被别人鄙视的环境中醒悟。也就是在那时候，他才反省以前的事，才真正懂得幸福的价值。影片中有一个关于他教训孩子的情节值得我们思考。“小鸡长大会成鹅，鹅长大会成羊，羊长大会成牛。”小鸡怎么能变成鹅呢？或许想告诉孩子，再贫困弱小的人也能成为生活的强者吧。是啊！生活虽然不是什么时候都尽如人意，但只要付出努力，拥有信心，明天将会更好。另外，影片中另一重要的角色家珍又是怎么样的人呢？现在我们来给她作个分析吧。影片中描绘她的部分没有富贵多，可是我们可以看出她是个既通情达理又温柔贤惠的妻子。人总是有喜怒哀乐的，家珍有时也生丈夫的气，所以她才在怀孕时带着个哑巴女儿回娘家。可是富贵那时候怎么知道家珍 —— 一个已经把自己的生命交给他，一个夜夜哭泣劝告丈夫不要赌博的妻子正在家乡艰难地供养着孩子，并且期盼着他早点醒悟。要是没有毅力，没有信心，说不定这个柔弱的农村妇女早已经没有勇气生活在这世上了。这个女人的生命是很苦的，也是很坚韧的。怪只怪富贵这个男人不懂得珍惜她，所以他们俩才只能过着艰难困苦的生活。这个故事说到这算是告一段落，不过剧情仍未结束。也许导演还要通过这个故事告诉我们，中国的环境不断在变，人也随着不断地变。但是不论如何，不论发生什么事，活着的人还得活着，在漫漫人生路中品尝酸甜苦辣与喜怒哀乐。富贵和家珍的故事伴着前进的历史走到中国建国初期。这期间，他们的孩子友庆被春生（他们的老朋友）骑车撞死了。其实春生不会开车，却自以为是，结果。。。。。。。这个可怜的孩子再也没有机会品尝妈妈给他做的12个饺子了。 作为编剧，导演，为什么安排了这样一个情节呢？是否想通过加深富贵和家珍的痛苦，来表现他们生活的毅力？我想除此以外，他们还想提醒人们，做事时不要不懂了装懂，否则酿成悲剧再怨天尤人也无济于事了。有庆的死真是令人扼腕叹息啊！还有一个令人痛心的情节是富贵的女儿在生孩子时也不幸死去了。她的死并不像人们说的那样是由老天爷安排的，我觉得是由当时迂腐的社会观念造成的。我们都知道六十年代的文化大革命让许多知识分子被批判为资产阶级。 影片中的医生是个典型的例子。如果给富贵的女儿接生的接生员是个有经验的医生的话，这个悲剧就不会发生了。这种情节真令人悲哀愤怒。亲眼看着自己的孩子死去，身为父母该有多痛苦呀！我原以为富贵和家珍会承受不住孩子死去的打击而丧失理智和生活下去的勇气，可他们却能面对现实，承受苦难，顽强地活着、活着！我深深地被他们的坚强与勇气打动。《活着》是一部意味深长的电影。富贵和家珍夫妇的人生经历带给我们这样的启示：生活就像是一条路，不总是平坦而笔直的。人只有一勇气、毅力和信心去面对和克服种种的挫折与不幸，体会幸福的不易与甜蜜，才会更加热爱生活，珍惜生命。活着是一种证明，是一种历练。,0,0,0.9622082114219666
苹果总体不错，但是气愤的是客服人员工号是33626，跟她反映了买了8盒苹果其中有二个小坏蛋需要换二个苹果结果她不守规矩跟客户捣浆糊不办事真是不像话有损京东的形象希望你们对客服进行教育进行处理这个客服太不厚道了。,3,1,0.456655353307724
住过最差的酒店一点也不夸张.当天去了室内泳池 第一服务要叫人的 浴巾也忘给拿了.第二给钥匙后打开箱子一股味道 里面一个东西我以为是纸 后来一看用过的私密东西 恶心死了 第三泳池一个救生员也没有 也没有人游泳的人。到我游好也没一个人。中间还有一批客人进来参观 晕。这就是五星饭店的水准嘛？,9,9,0.9917176961898804
文字介绍和图片说的过了，实际情况很不好，苹果基本都是次品一个个歪瓜裂枣样。发货速度也很慢。就是服务态度和包装不错。还是不值得购买。,3,3,0.7275412082672119
宝贝尺码准，大小合适。款式很喜欢。面料不错，穿着舒服。赞,7,7,0.9934743046760559
"< 考拉宝宝吃饭了>的绘画风格是我很喜欢的.比较精致,色彩和谐鲜亮的一种风格.考拉宝宝和小仓鼠皮皮还有考拉爸爸,考拉妈妈的形象都很可爱,很有立体感.我给女儿选书都喜欢精致的漂亮的书页.考拉宝宝的饭是土豆泥和豌豆.看了书,我也马上给女儿买了豌豆和土豆,做熟了以后,她很爱吃.应该两岁以上的宝宝都可以看的.纸的质量较为厚实,但晚上在灯下面看会有反光,不知道是不是对孩子们的眼睛不好.因此还是白天看吧.",0,0,0.9913685917854309
衣服很一般，没有想象中好,7,7,0.7497959136962891
不错不错，很喜欢。质量也好，感觉挺好的。家里人都说好。个人感觉挺值的,7,7,0.285708487033844
送货快，包装很好，服务态度也很好，唯独苹果口感一般，冷藏的，这个季节不好吃,3,3,0.9834532141685486
按照提示的体重身高买的，大了，醉了。直接当抹布。,7,4,0.5228174924850464
就是方便，离机场近，其他一般,9,9,0.8702604174613953
样式不错，质量很好，面料很不错，值得购买,7,7,0.9884725213050842
质量和做工还可以，就是颜色不是很满意。,7,7,0.8400461077690125
前台态度一般，效率较佳，房间虽略显陈旧但干净整洁，设施完备，蒸气浴不错。性价比还是值得一去的,9,9,0.9914900660514832
服务差，安排差，酒店效率低，各种不配合,9,9,0.9756920337677002
照片与事实不符，房间太小，昆山实际上有很多酒店比这个好，价格也更便宜，携程的价格在该酒店无优势。,9,9,0.9831152558326721
这个酒店很烂。 大堂嘈杂，房间设备陈旧，地毯、卫生间和床铺都很脏，我的孩子睡了一晚，脸上就长出许多红色豆豆（是螨虫所致）。 电话打去客服部，几乎得不到有效的服务。 根本与所持的星级不符。 强烈建议携程将这家酒店从预定名单中删去。,9,9,0.9948428273200989
真的这是巨人?吗？本来一直都是L的但是我穿上这个L感觉我是个穿S的。穿出去都不用穿裤子了！料子也一般，而且快递到了也没告诉我，还是过了几天我主动问才知道的！差评！！！,7,7,0.7221182584762573
马丁路德早在中学的历史书上学过，但感觉好像跟我们没什么联系一样。直到我信了耶稣，才知道他为基督教做的贡献在哪里，因信称义这个真理确实值得大书特书。通观本书，马丁路德朴实的文风让人不忍释手，初看好像是一本神学著作，但是一读就会发现这是一本像是朋友之间谈话的书，文风非常朴实，作者学识丰富，还不乏幽默感，我喜欢其中的“圣诞之书”。,0,0,0.9997641444206238
周末出游订了这里的行政房，卧室和客厅有隔墙分开很雅致，室内的装潢以玫瑰红和黑色为主，感觉像是蜜月房，另有台式电脑。唯一不理想的是卫生间和卧室仅用玻璃分开，私密性不足。总体感觉很好，很喜欢里面的大浴缸。,9,9,0.9852374196052551
买完就降价了，不给保价，服务超级差,3,1,0.4292103052139282
不好，买完就降价，还有没有点诚意了，非常不爽,7,7,0.4507092237472534
"环境不错有家的感觉,交通便利,房间很大,一家三口入住,觉得有点浪费,奥运期间住5个人也可以(客厅沙发也可以睡觉,还可以看电视).不足之处:卫生条件不是很好,水龙头太土,太老,毛巾厚的拧也拧不干也很陈旧.房间的设施不能说很好,但是很实用,就是档次有点不高,包括墙壁,门框等基础设施,不过这样的价格也就是这样的条件了,如果整个酒店档次要提高必须重新装修的.",9,9,0.9805042743682861
感觉挺便宜的，但是没超市买的这么好，洗了没那么清爽，洗了不到一天就油了，郁闷,4,4,0.9343265295028687
料子不错，穿在身上很舒服，剪裁做工很细心，不说高大上，但是看着很简洁大气的那种，很满意 质量不错，版型也喜欢。,7,7,0.9976176619529724
配送非常及时，态度很好！商品不错！,3,3,0.32647061347961426
酒店环境不错哦，在市中心，但是很安静．因为占地面积很大（保安说酒店有250个车位orz~~）．和一般的酒店不一样，闽西宾馆有６栋楼，可能是价位不同的原因吧．因为这次是自费的，所以选了比较便宜的５号楼．房间还好了，倒是边上９号楼前的小花园很讨人喜欢；还有５号楼后面的农家屋，葡萄架后是古色古香的矮平房，很有＂曲径通幽＂的味道～～特别要表扬下５号楼的服务员小妹，人很好哦～我笔记本坏了，她带我去６号楼商务中心上网（住客都是免费的～）还帮我找了个技术员修理笔记本～多谢哈～～,9,9,0.9684451818466187
*上次买有*，个包装非常好这次买20个包装垃圾的*,3,4,0.5697490572929382
首先，物流很慢3.15定的货3.25收到    再者，要的是黑色发的是军绿色    还有，包装要的是背心，包装是内裤，你ma，我都惊呆了,7,7,0.9492922425270081
没见过这种图案的蒙牛 好好看~,6,6,0.9873884916305542
很不满意的一次购物，首先拿到手，里面有几首歌，没开封的手机里怎么还有别人留下来的歌，电脑连WIFI信号不好，这不是什么WIFI不好，手机都能。还卡机，才一个星期不到，希望要买的小心了,1,1,0.7394945025444031
垃圾货！！用了几天看网易的APP新闻都看不到图片！反应慢死！这个是我买的最后一部国产机！！,1,1,0.7885195016860962
京东很快捷，当天到手，M3很简单漂亮，速度也很快，大小刚刚好。,1,8,0.40867477655410767
以前京东买东西付款可以分两张卡付款，现在居然不能了。不知道是送货人怕麻烦而不愿意还是京东的系统越来越差。,1,1,0.8079918026924133
质量非常差！！！！！！,7,7,0.5665205121040344
很棒很棒几乎天天在京东买买买，控制不住我自己啊呜呜呜呜    老婆喜欢吃,3,3,0.7481008172035217
这是第二次订这个品牌的苹果，比第一次差很多，苹果上面一层１２个很小（总共二层，２４个），卖相很不好，口感也不如上次香甜，不想再购买此品牌的苹果．,3,3,0.9546321034431458
还有就是书中的一句话给我留下很深的印象。读的书越多，你的理解力就越强，你就越聪明。,0,0,0.9867803454399109
发什么烂的苹果？退货，无良的卖家！,3,3,0.8548687100410461
觉得不是正品 买回来一直没用 在那放着 前两天拿出来用结果发现照相特别不自然 特别 准备拿去华为售后检修 估计是组装机 现在也退不了 认栽,1,1,0.8926608562469482
这个苹果就是感觉皮稍微厚了一点，***，其他都挺好的,3,3,0.9900289177894592
一次买了很多水果，够吃一阵子的啦，还都不错。,3,3,0.9727879166603088
"钢琴烤漆的面盖很容易印上指纹,显示屏与下面的连接时塑料的,据说用久了容易松动.",8,8,0.7112329006195068
大小合适，上身效果好，超帅，颜色和图片上一样，看起来质量不错，还会继续关注的,7,7,0.9933159947395325
换XP搞费劲的 颜色我一直以为是黑色的 害的我弄了一层膜上去 声音的触摸键不灵 散热不是很好 风扇声音太大了,8,8,0.8562659621238708
差劲得很，对京东越来越失望！交了定金，没货，然后定金不给退！超级失望,1,1,0.6344151496887207
赶上五一促销入手，做工还行，接口够用，价格能接受。电池强劲。外接移动硬盘不需要另接电源，直接识别。,8,8,0.8585634827613831
这裤子卖128超级不值，质量差的恼火，要不是在云南偏僻地方必须得退回去,7,7,0.992279052734375
听说这个洗发水挺好用的，也入手一瓶，试试好用不，大牌子值得信赖！,4,4,0.9869351387023926
裤子质量挺好，就是码数偏小，裤子偏瘦。,7,7,0.9974149465560913
这次非常不满意了，连吃两个开出来都是这样子！不知道果摘回来是不是放了很久！前段买其他店的果都挺好的,3,3,0.9992075562477112
缺点经常闪退没响应，cpu和gpu忒差，高端游戏卡。优点屏幕清晰度高，音效好。其中闪退是个大问题，几乎没法用。自家的处理器是硬伤。没办法。,1,8,0.7111388444900513
味道不错的，第三次买了，吃完了再来,3,3,0.9454445242881775
第二次帮别人预定这个酒店了，第一的时候反映相当好，所以这次有订了据说不错！下次自己去住住试试。,9,9,0.9392176866531372
这家酒店性价比还是很高的，入住的是行政楼层单人间，给客户订的是行政楼层双人间，酒店内硬件设施很好，免费宽带上网，早餐丰盛，而且酒店更准备了免费的行政楼层下午茶和晚间鸡尾酒，虽然由于时间紧没有享用到，但给人感觉非常好。员工也很热情，服务也好。酒店距离地铁也很近，而且和一家商场紧邻，购物也很方便。唯一的缺点是我办理入住手续时，大堂办理速度比较慢，我排了将近30分钟队后被告知是行政楼层房间可以到行政楼层接待处直接办理入住手续。哎，如果能够在酒店里有直接说明就不用排这么久了。很辛苦啊~综合评价，我还是比较满意，尤其能令客户满意我也很有面子。,9,9,0.9818202257156372
配置太低，价钱不合理，无任何亮点！,1,1,0.4015371799468994
垃圾，质量太差,7,7,0.6110830903053284
根本不买蒙牛！,6,6,0.5484911203384399
非常难吃。一点都不甜。就像路边一块钱一斤处理的苹果,3,3,0.9882897138595581
瓶子漏了，洗发水都流出来了，醉了,4,4,0.9693911671638489
发的是老包装，也还好吧。数量上很超值，实际使用和以往用的没什么差别，物流比预期晚了一天，也能接受，不过这不是第一次了，京东的服务有些打折了,4,4,0.6554951667785645
支持一下国产 性价比不错 反应当然没iPad流畅了,1,1,0.9308056831359863
怎么感觉自己不喜欢这样的书 看了一半 不打算看了,0,0,0.9922974705696106
huab 换马甲就不认识你了。听见蒙牛就想吐,6,6,0.8934008479118347
物流很快，水果很新鲜，京东快递小哥很棒，大赞,3,3,0.6055379509925842
热水器不错，就是赠品是坏的，而且什么1块钱换购的毛巾质量差的不得了连拿来洗碗都觉得差。,5,4,0.27420732378959656
房间挺大的，但床比较软，我们根本没睡好，早上起来腰疼，离宁波景区也较远，没地铁，打的要20多元，乘公交要1个小时,9,9,0.9944692850112915
不行啊，色差太大，跟照片染色不一样,7,7,0.8438100218772888
裤子收到了，适合我这个年龄段的人穿，裤子的颜色春秋两季正好，穿起来很舒服也特别有型，质量不错，物流也是很满意的。！！！,7,7,0.953292965888977
很生气，很生气，物流太慢，包装太差，从来没给过一星，首次！以后要考虑考虑，亏我还是plus会员呢！唉,4,3,0.2834131717681885
太小了，字看得太累人了，不太适合商务机使用； 原装系统太慢，改了XP，但是自己水平有限，不伦不类的； 价格贵，性价比低， 中午付款，下午价格就降了100元，郁闷啊。 能否多送一些东东啊？？,8,8,0.7173138856887817
到货之后才发现跟图片真不一样，真心鄙视,7,7,0.6109933853149414
做工精细，大小合适，颜色很正，质量不错，客服好。包装严实，快递及时。,7,7,0.5222485065460205
首先，很感谢“求医不如求己”给我和家人及身边的朋友带来的益处。在节奏感愈演愈快的生活中，让所有人都忘记了自己是个生命，是个随时都可能被侵害的生命。我想看过此书的朋友们一定豁然开朗，原来我们是如此轻视我们的身体健康。所以我建议朋友们都看一下此书，相信它会带给您像我一样的大的收获。是此书让我明白有个没有后患的身体才是实现所有梦想的基础。健康与你我同在，“求医不如求己”与健康同在,0,0,0.9978266358375549
还没吃 烧烤买来用的 赶上活动买 还是可以的 一站式购齐所有的吃的 京东很方便,3,3,0.47112077474594116
裤子质量很好，穿上很舒服，洗了之后不掉色。卖家很热情，推荐的尺码也刚好。物流速度也挺快的，很愉快的一次购物，会再次光临的！,7,7,0.9652652740478516
第一次领教有这么差的五星级酒店！酒店的设备和服务都太差劲！不带任何情绪的给予差评！事情是这样的：房间有个闹钟带收音机的，入住半夜无缘无故的突然响起，按一下就停了，夜里被吵醒2次后，只能叫客服来修理，修理的人没办法的情况下拉断了连墙壁的电源线，这时是早晨5：30分，，折腾了一晩上。第二天向酒店前台反映情况，姓秦的值班经理说，今晚给你们房间升级，可是我们原计划就住一晚啊！然后她问我们什么时候离开，告诉了她我们11点半来办退房，，结果是11点半时手机关机，人找不到了，酒店的人到处找也没找到。之后是有酒店不同的人打电话来，可是我们在店时说想找负责人沟通，答复是只有秦能处理。这就是五星级的服务吗？,9,9,0.9962472319602966
苹果个头一般，味道还不错。配送员态度很好，收到后发现有两个坏了，申请售后京东处理的非常快。,3,3,0.9307946562767029
宝贝不错，布料很好号码也很合适，穿着很舒服，物流也很快。好评好卖家，赞一个 发货迅速衣服收到物流非常给力，质量不错,7,7,0.9975664615631104
中间看到蒙牛的广告太恶心了，浙江卫视真sb,6,6,0.977992594242096
裤子质量非常好，一分钱一分货，真心觉得不错，看上的就不要犹豫了,7,7,0.9947255253791809
"1.6600采用Series 60 Developer Platform 2.0,基于Symbian OS 7.0s；7710采用Series 90,基于Symbian OS 7.0s。2.6600具有WAP 2.0XHTML over TCP/IP；7710具有XHTML over TCP/IP,HTML over TCP/IP。3.6600只支持MIDI tones和True Tones (WB-AMR)格式的铃声；7710却支持MIDI tones,AMR (NB-AMR),WAV,MP3,AAC 。4.6600最大分辨率为176 x 208；7710却达到640 x 320 。5.6600体积为109 x 58 x 24 mm,重为125g ；7710体积为128 x 69.5 x 19 mm,重为189g。6.6600可用内存为6M,支持MMC；7710可用内存为90M,支持SD,MMC7.6600为非触摸屏,7710是触摸屏,可手写。8.6600具有红外和蓝牙传输方式；7710只有蓝牙和USB数据线传输方式。9.6600不支持EGPRS,7710支持。10.6600有电子钱包功能,7710没有。11.6600不可播放MP3和FM,7710具有立体声MP3和FM。12.6600具有30万像素的摄像头,支持2倍变焦,最高可以拍摄640x480象素的照片7710具有百万像素,支持2倍数码变焦，最高可以拍摄1152×864象素的相片 。13.6600具有一键上网，7710应该也有。",2,2,0.8389925956726074
"多去了我春节前买的这个机器,毛病好多,MINISD卡坏了两次,通话音质不好,信号也不好,",2,2,0.9506755471229553
不想多说什么，找客服，爱理不理的态度，直接上图！怀疑那么多好评的真实性～,3,7,0.43715643882751465
非常值得购买，因为怀孕每天要吃一个苹果?，在超市买了两次贵的都不好吃，可能是储藏不当造成苹果不好吃吧！试着的态度太网上买了这个，个头不大，正好我一次一个，苹果香气非常正！吃完了再继续买！,3,3,0.9578937292098999
“特种刮痧运板技巧”的作者是周信文老师，他是我的推拿老师，我谢谢推拿后，受益非浅。自己的毛病自己解决，亲友、朋友的毛病我都帮助解决。,0,0,0.9608749151229858
第一次养猫，第一本猫书，十分之共鸣，百感交集。薄薄的一百三十七页，写出了猫与人之间有形无形的爱情。书上说到：“从古埃及开始就区分了两种人：爱猫人和那些无法忍受猫的人。”书中形形色色爱猫人看起来很可爱，有点滑稽，这些无一不体现他们对猫咪的喜爱，往往关注这些小东西比自己更多。可旁人是不会告诉爱猫者对猫咪的狂爱样子，因为他们等着看出温馨喜剧呢。爱猫，一天比一天爱。,0,0,0.9926290512084961
酒店房间很大，这是最大的优点。设施不是很新，楼道的空调太冷了，只能把房间的空调关掉。总体还是不错的,9,9,0.9868213534355164
房间设施还可以，但酒店内非常的冷，冬天不推荐入住。,9,9,0.9930890202522278
一直买这个牌子，这次的没有以前买的好，这次又小又丑，还难吃，难道以次充好,3,3,0.8160822987556458
宝贝暂时还没拆。快递公司 态度极其恶劣！！极其恶劣！！极其恶劣！！让我很不爽！！第一次遇见！！！让我开始对京东有不满！！最不满意的一次！！,4,7,0.30664554238319397
差评，上午才下单晚上就降价，害我多出*,4,4,0.45426398515701294
京东自营产品值得信赖，不错，苹果也挺大个，己经多次购买。,3,3,0.7143696546554565
苹果口味不好不如街边*多的苹果、以后不会再买了苹果小的可怜！,3,3,0.9981184005737305
太普通了，只是近机场而已，配套陈旧,9,9,0.9791697263717651
洗完头很痒，不知道真的假的,4,4,0.9681127667427063
每天停车30块，第一次住酒店遇到这个情况。,9,9,0.9877275228500366
早上七点多下单下午就到，物流很快，包装也很好打开还是冰的,3,4,0.5565991997718811
挺好吃的，脆甜，忘记拍照了，老爸说好吃，就是有点贵,3,3,0.9903445839881897
"酒店的环境,房间和服务都不错, 但是门口的保安就很差.让人联想到""打手"". 再加上网上也有对保安的说法, 以前还不以为然,现在不得不同意他们的说法了.宾馆反馈 2008年6月12日 ： 尊敬的客人：您好！看完您的点评，酒店曾第一时间试图联系您了解事情的始末，但未能联系到，我们深感遗憾！同时，酒店立即以书面形式责成酒店外保所属的物业公司需加强对安保的培训和督导，并以该案例为戒，切实做好对客服务工作，避免类似事件的再次发生，否则酒店有权中止和物业的合作。如家始终秉承为每一位宾客提供安全、洁净、温馨的住店环境，也真诚的希望每一位住店客人能对酒店的工作进行督导和建议。我们感谢所有帮助酒店健康成长的客人！",9,9,0.9788615107536316
房间陈旧，水壶换两次才可以烧水，周边吃饭地方很少，离盘山景区一墙之隔，性价比不高,9,9,0.9927093982696533
"昨天下单,今天收到了! 没太仔细看,等贴完膜发现, 摄像头那里有黄色的斑点,很像用了很长时间留下里的,用湿布搽不掉,废了九牛二虎之力, 只弄去了大部分,还有小部分黄色斑点, 有闪光等旁边有明显划伤痕迹, 我怀疑这个是翻新的机器,建议大家高配版好好考虑下. 上图好了, 这个是搽后的图片,还是看的出来.",1,8,0.687265932559967
优点我不说了，说说发现的问题。1、即使硬件是DDR3，由于CPU总线只有800，所以内存降频至800使用   2、请教各位了，调节集成显卡显存的选项在哪里？？？,8,8,0.9564799070358276
还行吧，感觉可以满意。好评！,4,5,0.5118145942687988
很好吃，新鲜的苹果，值得购买。,3,3,0.9977896213531494
不好 感觉洗了不干净,4,7,0.5240122675895691
活动购入，包装很好，大瓶够用一整年。,4,4,0.9616428017616272
我是7月9号晚10点多的时候入住的，房间很新，据说是跟格林豪泰是同一公司的，可能是是新开业的，酒店管理不是很规范，员工早早的都下班了，给我房间换床单被套的居然是保安，不过前台跟保安的态度都很好，位置很不错，楼下就是汉中路地铁站，太平洋百货走5分钟就可以到，值得一住！另：协程的服务乱78糟的，本来订南站的酒店因为长途汽车临时变道，致电协程要求订一个靠近新客站北广场的宾馆结果居然给我定到南广场去了，而且还是在一小区里，后面自己找到了这个酒店要求他们帮我定结果跟我说没有，最后反倒是我自己问的前台，才给开了房间，协程给的价格没有任何的折扣跟前台给的是一样的！,9,9,0.9856386780738831
平板除了声卡在下边关机键在侧边这两个位置很别扭输入有点差，其他的值得信赖,1,8,0.7633227109909058
还可以不算很好，反应速度稍微有点慢。,1,1,0.7613963484764099
苹果和图片大不一样-差别大-京东一次失败的购物,3,3,0.8960145115852356
贴膜皮套什么都没送，买之前还说送，跟客服说完直接下单，到手就什么都没了，第一次京东给差评，分辨率就那么回事，王者荣耀最低效果不卡，中效果卡成翔，人多直接掉到20ping，给老年人看电影了,1,1,0.9764935374259949
苹果不错，中午下的单晚上就送到了，还是冰的！这速度666啊,3,3,0.8044670820236206
一直用这个品牌的洗发水，好用有实惠，快递很给力。,4,4,0.9733802080154419
"首先,它的滑盖技术确实没有三星的好,滑闭的时候,两个部分有明显的间隙,不是很紧,有点松动的感觉,这我在手机店的时候就注意到了,觉得不会有什么大碍。再者,扩展卡(我的是SD)上的MP3不能作为铃声。第三,手机自定义的短信铃声有点小,在稍吵一点的街上就很难注意到(来电铃声是不是也是这样,还没有看出来,因为我也才用了两天,并且走在街上时,没人恰好给我来电话)。",2,2,0.9877195358276367
确实不错，相当好，音响效果棒，确实是很清晰,1,1,0.8158533573150635
挺好的。买来给媳妇看看视频 逛逛商城 够用了啦 纠结了ipad最后还是买了便宜的,1,1,0.9241092205047607
充电超慢 边看边充还跟不上 差差差,1,1,0.8308277726173401
面料好舒服哦!不错，给个好评!,7,7,0.9789174795150757
一次买了这么多，还送了小样，真不错,4,4,0.5959367752075195
裤子质量很好，颜色正。稍有些大，整体不错。,7,7,0.9970912933349609
不好意思，过节忙，忘了评论了。好！很好！真的很好！,7,1,0.26374542713165283
物超所值，搞特价买！洗发柔顺不腻，很好用。,4,4,0.9949201941490173
物流太慢一个星期才到货,7,7,0.44772592186927795
还算可以吧，质量与发货速度都还好,7,7,0.4990284740924835
洗发水送来时，开箱就一股香味飘来,4,4,0.988962709903717
小说：青春万岁，活动变人形，恋爱的季节，变态的季节，踌躇的季节，狂欢的季节，青狐，应该称之为自传体小说吧？是小说，人物与真实贴近，呼之欲出，似乎又担心熟人对号入坐，更怕读者不明戏，书中的谁谁谁，就是现实中的谁谁谁。传记，这该直呼其人了吧？偏偏又欲说还休，深藏不露，打哑谜，把一大群读者打入闷荫芦，乃至打了赌：谁人能将书中的事与现实挂起钩来，揭破谜底，作者还有奖呢！高手？,0,0,0.9910444021224976
华为手机质量不错，手机很大,1,1,0.9056336879730225
质量很不错，穿上很合适，做工很不错,7,7,0.9969274401664734
书很精致，作者毕竟是专业人士，在培养孩子艺术感觉方面有独到的想法，我虽然还看不懂里面小孩的作品的欣赏看点，但作者的有些观点我很认同。以前真是就给孩子报个美术班就以为万事ok了，看了本书，有所收获，我已开始行动了，带孩子看画展、听音乐、、看儿童剧、参观现代艺术展等等，一系列都是相通的。很好的书。作者办儿童艺术辅导班的话，我一定带孩子去！,0,0,0.9989370703697205
两大两小，套装真合适，一直都用,4,4,0.36317527294158936
扬声器音质较差，LED屏色彩还原不真实，接口布置不是很合理，combo光驱不能刻录DVD,8,2,0.4520643949508667
价格很划算，苹果?不大不小刚好，很甜很脆。太大了一个人吃不完，每个月四箱。,3,3,0.9957570433616638
出门这么多年第一次住到这幺小的酒店 房间太小 没和80块钱一晚上的设施没有任何区别 却胆敢说不输一般五星酒店设施 这吹牛的功夫全是见识了,9,9,0.9815448522567749
微信，第三方视频聊天前置摄像头画面黑的好厉害，怎么样设置都不能正常，手机本身没有问题，但是第三方软件的兼容性也太差了，杂牌的安卓手机都没有这个毛病,1,1,0.82082599401474
用了一次，味道不错，头发也变得滑滑的，生产日期都是新的，到2020年才过期呢。,4,4,0.9454381465911865
拿在手上感觉很轻便、发热量低、材质感觉很舒服、键盘也很舒服、键盘灯很实用！暂时就想到这么多了，以后有再加。,8,8,0.7584209442138672
买了这个洗发水之后，以前没有头皮屑，现在有啦，而且很痒，是我们自己的问题吗？,4,4,0.9855904579162598
不匿名实际评价！面料粗糙起毛！！建议不要再购买！谁买谁知道错！***一条你们去信吗？？呵呵,7,7,0.913514256477356
千万别买，苹果又小又不好吃就算了，还有坏的。伤心,3,3,0.9851382970809937
辣眼睛，送货快。也不是很实惠的啊。反正平凡。五星送快递小哥。,4,4,0.2711079716682434
宝贝已收到，头天下单，第二天收到，京东配送给力，特意用了一天才来评价，不错哦，值得购买，音质完美，看视频清晰，玩王者荣耀也不卡，会关注店铺，???,1,4,0.46406033635139465
挺不错的 方便的很 京东快递还是很快的,3,4,0.3661315441131592
东西是给78岁爷爷买的，他用的特别方便，京东配送也特别快，总之，特别满意。老人主要以看电视剧，新闻为主，标准配置已经足够了，请大家参考。,1,8,0.5472337603569031
快递速度快，穿着舒服，大方。买了好几件了,7,7,0.9183835387229919
我想说这次购买的洗发水一定有问题！！！味道完全不对 用这款洗发水滋润系列的 不是1-2年了，香味完全不对，泡泡还是有，但是味道不对 我就觉得东西不对！,4,4,0.9850569367408752
刚买完 不甜 看样子时间放了挺长,3,3,0.6012862920761108
闻到这个味道基本是正品，洗头舒服，京东物流很快，谢谢京东,4,4,0.9363772869110107
物流很快，裤子 颜色很正，穿着也很舒服，朋友都说太值了，好的没得说。,7,7,0.8331671953201294
京东的服务真的不错的 机器很好，系统也不是很难装，我很满意很喜欢 以后还在京东买,8,1,0.6050631999969482
掉颜色掉的厉害,7,7,0.6363885402679443
刚收到货就降价了*！什么售后什么客服，都是机器人，没解决任何问题！！！亏我这么信任京东,4,1,0.4131714701652527
手机不行，用一个月就连续出现好几次屏幕白了，字体都看不清，触屏也有点卡卡的,1,1,0.8807839751243591
又买了一个，根本停不下，屏幕大速度快，看电影玩游戏必备,1,1,0.9759508371353149
键盘真的不错，原来都是听说，经过亲手感触了一下，果然不同反响喔~！,8,8,0.6744531989097595
这是我在京东最不开心的一次购物，先不说机器怎么样，从6月12号就开始关注这款平板了，开始1499元到6月17上午10点多1399买的，到了晚上8点降到1198，当时咨询在线客服说明天你拒收，钱退给你了再从新买，我一直很信任京东，也把1198的加入购物车了，今天早上在看这机器的时候就变成1399了，打电话给400他们说你1198元当时怎么不再买一个，现在没办法退钱了。等7天内如果再便宜了你再买，生成订单编号后再打电话申请退款。真的感觉自己被忽悠了！这颗星也是给快递员的,1,1,0.8845659494400024
包装很精致，用了一点试用装，觉得味道不是很香，不知道大瓶的是不是也不香,4,4,0.9892576336860657
洗完头发有淡淡的清香，很好用的洗发水，建议购买，物有所值。,4,4,0.9913105964660645
我擦，通话版电信卡不能用，你不能描述清楚吗，要知道电信不能用我就不买这种通话版本的了，做事能不能尽责些，这样我值得给你好评吗,1,1,0.6497707366943359
房间不干净，设施陈旧。以后不会再住，还是格林豪泰或如家比较好。,9,9,0.9914957284927368
各方面都不错，刚开始以为送货员把发货单号写错了，结果是邮局弄错了，误会京东商城的送货员了，在这里向京东商城道歉。,8,3,0.40796440839767456
入住的时候刚装修，味道很浓！房间内的床坐上去好像有点不稳！,9,9,0.993467390537262
使命必达，送货速度非常快。个头小甜甜的。,3,3,0.5259566903114319
送货快价格低，包装完好，还会购买。,3,3,0.3048931956291199
我只能说这次买的这部手机超级不靠谱，这是我网购十来年第一次给不好的评价，我上部手机因用的也是华为的，在另一知名网站官网买的用着超级好，所以前天又来京东又买一部，回来我用了一天电池就没电了，我上部手机我白天玩微信玩小游戏，我儿子看视屏不可以用两天，我感觉应该不是新机子，这是我在京东买最后一次东西,1,1,0.927193820476532
好好喜欢的颜色,7,7,0.8519965410232544
?好评???好?好评??好??好评???好?好评??好评??好评了?好评！,7,4,0.3520384132862091
包装的不好，瓶盖都开了，洗发露都流出来了整个瓶子都是粘乎乎的。,4,4,0.9946671724319458
"服务员有礼貌, 价钱超值.房间很大, 不错, 洗手间也很大.唯一隔音不是太好, 而且附近食店不多. (但很多地方坐的士 10~20 元可到)*我住豪华房",9,9,0.9861117601394653
样子看着都不想吃了，又小个，太恶心了，很差的一次购物体验,3,3,0.9508582949638367
房间还算不错，窗户设计的不错，视野很宽阔！住在高层之上，可以远眺上海的夜景！宽带费太贵了，每小时40元！,9,9,0.9847024083137512
订了86套，来了74套，我第一时间发现后就报了客服，被告知要等1-3天等回复，到了第三天晚上没人给我答复，打京东客服，说他们发货无差错，之前说了有专员回复我，也没有任何人联系我核实情况！客服说给2000京东豆想了事，我不要京东豆，我要我的货,4,1,0.3661958575248718
酒店所处的地理位置优越，无论是交通、吃、购物都非常方便，特别直的推荐的是在酒店的二楼及周边方圆几百米就有多家的美食餐厅^*^^*^就算入住再久，也不必担心会吃腻，房间空间虽小还有点残旧，总体还算干净和清静，值得推荐入住。,9,9,0.9912872910499573
是京东搞活动，买的非常便宜买的，还送了一瓶清扬，非常不错，用的效果非常好一直信任京东的产品，非常支持他，快递也很快，基本都是次日达快递，小哥服务也很好，支持一下,4,4,0.9286203384399414
买了一堆，都很不错，送货快，做饭什么的都不耽误，很好,3,4,0.39604565501213074
颜色和图片相符，服务好，质量不错还会再来,7,7,0.866800844669342
1. 白色的，很漂亮，做工还可以； 2. 网上的软件资源非常丰富，这是我买它的最主要原因； 3. 电池不错，昨天从下午两点到晚上十点还有25分钟的剩余时间（关闭摄像头，无线和蓝牙）主要拷贝东西，看起来正常使用八小时左右没问题； 4. 散热不错，CPU核心不过40~55度，很多小本要上到80度了； 5. 变压器很小巧，很多小本的电源都用的是大本的电源，本倒是很轻，可旅行重量还是比较重。,8,8,0.9793393015861511
顺风快递不签收不让验货！还好客服说那就拒绝签单，还好最后让验货了，自己安装的，没有让美的公司安装。用了段时间才评价，还不错,5,5,0.7604471445083618
不好不好不好不好不好不好,1,1,0.3685496151447296
"没过几天我还是选择住这个宾馆,怎么办呢,忘不了这里的早餐好滋味呀,个方便都挺好的~",9,9,0.9075860381126404
房间隔音真差，隔壁有人鱼水之欢，让我一夜没有睡好！房价也不算低，只比华阳便宜了50来块钱！,9,9,0.9961876273155212
位置好，早餐丰富，上网很快。只是不再是万豪管理的了，希望服务水平不会下降,9,9,0.9857544898986816
狗屎 一样的选择，连续买了3次生鲜，真的要放弃对京东的希望了。,3,3,0.8787950277328491
不错，很实惠，速度也是京东速度，相当快,4,4,0.4918946921825409
宝贝收到了，物流很快哦，喜欢的小伙伴们可以购买了，下次还来，衣服质量也很好。,7,7,0.9894528388977051
京东自营的水果真不好说。不怎么样,3,3,0.9776937961578369
洗发水套装实惠好用，效果很好。,4,4,0.9858142733573914
外套收到了，面料不错，老公很喜欢，穿着也舒服实在，棒棒哒,7,7,0.925128161907196
画面清晰，用来飞大疆P4P，效果很好,1,1,0.8324258923530579
入住经历：由于临时到邯郸，时间较晚，酒店都订满了，只好住这，以前通过携程订住过邯郸宾馆，设施非常齐备，就觉得邯郸大酒店应该也不会差到哪去，一进大厅就感觉有种陈旧的感觉，一个服务生马上迎来要帮我拎包，被我婉拒，但仍跟在我身边，到前台办理入住手续，给我4、5个本子让我在上面签字，给我一张房卡和押金单，上楼，服务生仍未离开我身边要帮我拿包，再次婉拒，一路上服务生不停的给我介绍他们酒店是国营的云云。我住在4楼，刚一进走廊，就有特别浓的炒菜油烟味，进房间后第一感觉就是上当了，房间潮湿、有股霉味，狭小，破旧，电视也就14、15寸吧，黑白、外加雪花，一想办完事就走顶多1、2天，忍了。因为晚上要出去见个朋友，习惯性的检查一下门窗，发现窗户竟然都没有锁，而且从卫生间浴缸迈过窗台外面就是一个连通的缓台，找服务员询问万一离开房间电脑和贵重物品得不到安全保证，得到蛮横答复：我们这就这样。从入住算起，前后不到10分钟时间，态度截然相反。心情不爽，但忍了......第二天早上想吃点早餐然后出去办事，因为没有送来早餐券，打电话咨询是否用房卡就可就餐，得到答复是昨晚登记时我已经在本上签字，一口咬定给过我早餐券了，经过反复强调、解释，最终勉强让我去吃早餐，但极其不情愿就像我骗他一顿早餐，欠他个人情似的，心情相当不爽，决定不去吃了，退房。到前台服务生爱理不理，退房找钱，押金600，一天房费234，找给我66元，虽然生气，钱还是要单面点清楚地，发现差的也太离谱了，询问后又退给我300元，怒火快要爆发了。退给我的三张百元钞票中有一张残缺了三分之一的面积，当即让她换，服务生上下左右看看确认是少了三分之一的面积才换。气晕。拎包头也不回地大步迈出大门，认可露宿街头（当然也不至于这么惨）也不在这受气，最后在携程的帮助下定了燕赵之星酒店，非常满意，携程的态度我认为是非常好的，服务也非常周到，我也是一直支持携程，是忠诚用户，给携程提一点建议，希望携程在选择合作酒店时能认真筛选，像这种收费与服务极不相符的酒店，坚决拒绝门外，宁少勿滥。,9,9,0.9941592216491699
"我订的是298元的大床房,客观的评价说:1、房间装修还是蛮有特色的，深颜色为主，面积有点小，我想可能豪华大床房会要大点去吧，卫生间是透明的玻璃，有布帘，夫妻或情侣住住还是很不错的。2、地理位置很不错的，去西湖不远的，走走就到了3、房间还是很干净的，液晶电视，4、前台结帐有点乱，时间蛮长的，希望能加强一点",9,9,0.9888230562210083
系统速度很快，装个几个应用，几秒钟就装好了，感觉满顺手，暂时还没有升级系统，听了几首，整体音质很好，感觉很不错，值这个价钱。,1,1,0.5667301416397095
"非常满意,房间和交通都不错,下次还要住该酒店了",9,9,0.9476029872894287
有毒么卖家，就这东西也要在网上卖，是不是应该摸摸自己的良心,3,4,0.4238695502281189
又小，还有坏的，不是磕坏的，是内心里面坏的。。,3,3,0.6475220918655396
0颗星，商品根本没送还显示已签收！太让人失望了！京东购物没保障啊。还*及时送货呢，扯吧。投诉,4,1,0.4487789273262024
"房间不大,但里面的硬件设备不错,地理位置也很好,只是下面的KTV实在比较吵",9,9,0.985811710357666
拿到的是完美屏，速度也很快，因为原来笔记本就是Ibm所以用着也挺顺手。准备过几天改成xp。显卡是集成的，不过因为我不玩游戏，所以无所谓了。之前看了很多地方，价格都比京东上贵一些，所以这个价格我觉得还好,8,8,0.9452348947525024
地理位置实在太差，就是在城乡结合部。服务意识也没有。出门叫车是完全不可能的。早饭吃了煎鸡蛋后，1个小时后就和同伴一起在轮流找厕所，拉了1天才好。。。。补充点评 2008年5月4日 ： 楼下的估计好多都是马甲，居然还有人说这家酒店好的。,9,9,0.9976759552955627
说2g的系统内存，结果下软件到1.2G就出现卡顿，由于出差没来得及退货，打电话到客服说只能反修，并很专业的说你可以况充内存呀，我直接无语了！就当给小孩的玩具吧,1,1,0.9024717807769775
一口气买了一堆，小瓶的可以以后出去玩带着用了，大的留 在家里用,4,4,0.9394702911376953
好开心终于拿到这个本本了。 白色，特别秀气。 看网上视频没问题。,8,1,0.4713129997253418
"说待机720小时,但只有48小时.电子邮箱一按就死机,",2,2,0.9061340689659119
我是10月4日入住的这家酒店，这是我住过得最差的酒店，服务不好，酒店设施超陈旧，说是早上7点到9：30有早餐提供，但我们8点多下楼就说只有面条了，服务员还一种爱吃不吃的样子，去任何地方都不方便，最近的地铁站也要走路15到20分钟，我们是下午三点的车，要求延时2个小时，总服务台就说要加半天房费，之前住过的四星也没这么苛刻，而且房间和网上发的图片不符，我不知道是不是因为携程的会员价比较便宜才会给那么不好的房间，总之以后再也不会去住这家店。,9,9,0.9960976839065552
太悲剧了！一不小心还是买了蒙牛的冰棍,6,6,0.782333254814148
一颗星本来都不想给的，要评论没办法，本来高高兴兴买的，结果拿到货后产品卡死了，玩一个贪吃蛇都掉频，本还以为能打电话，结果也不能图片都是假的，超级不满意的一次京东购物，而且四天才到货，物流慢死！,1,1,0.5861948132514954
给妈妈的，她很喜欢，挺好用的，屏幕很大，适合妈妈用,1,1,0.958774209022522
因为到达时间有点晚，所以携程的房间取消了。只好拿了2个套房和4个单间。房间是日式的，面积确实太小了。单人床只有1.1米宽！没想到是经济型酒店，很失望。浴室没有干湿隔断，洗完澡，水漫金山，拖鞋湿了，地砖特滑。优点是房间新，风格时尚，有浴袍，拖鞋质量还行。,9,9,0.9908866882324219
麻痹的，死京东发票都没有开,1,4,0.5758287906646729
面料不错，摸起来很舒服。版型不错，不过我老公穿着有点长。先找裁缝剪了一块。,7,7,0.9952185750007629
一进大堂，好气派的说，然后去了东苑，落差好大。东苑是挺旧的，房间也比较小，设施也比较旧的，这个价格有点小贵。住了4天，打扫的阿姨杯子都没有帮我们洗，喝咖啡的杯子放在房间就在那一直摆着。,9,9,0.9941127896308899
不小心碰一下就黑屏了,1,1,0.7001981735229492
京东自营水果一直很给力，不打蜡，没有农药，脆甜，口感好，会一直支持京东的,3,3,0.9928775429725647
一直用这个牌子 很好用啊。大家都来买呗,4,4,0.8892924785614014
裤子很不错啦，五颗星，嘿嘿，喜欢的亲们赶紧买吧哈！,7,7,0.965584397315979
本本很漂亮，外观不错，配置也不错，但是拿货的时候没注意，在本的下方掉了一小块漆，想着都已经把本本拿走了，估计人家也不会管了，好在不是很明显，总体还OK。,8,8,0.8268078565597534
交通方便，周边也热闹，房间小在香港那是自然的了，总的说来是物有所值了。,9,9,0.9853819608688354
质量好，下次在来！要买的朋友选择他家吧，质量没得说,7,7,0.5176122784614563
很少来京东评价买过的东西，但这裤子质量实在太差，穿了没几次已经开裆了，而且起球严重。买者慎重,7,7,0.975601851940155
说满意吗，假的，包装粗糙，手机屏贴膜了但我想知道耳机哪去了，说明书上有耳机的，手机包装两条短胶带，原装是什么样的?货是新的还是翻新?我都怀疑，膜不用你贴我自个行。我想问出厂手机都没配耳机，不送东西也就罢了，我耳机呢?像手机类的还是去实体店自个买的好。以后绝不网上买了，让人不舒服。,1,1,0.7170570492744446
5月1日入住，其他地方没房间，定了锦地星座的特惠标准间，check in 的时候被告知升级到高级标准间，心里一阵暗喜，没想到经过一段乱糟糟的路（好像是厨房的外面）后，到了1号楼，进了房间更加失望，床小不说，还什么都没有，设施陈旧，马路上汽车的噪音更是让人难以忍受，洗个澡水流一地，哎，下次还不如去住个连锁商务酒店，同等的条件价钱最多只有2/3。,9,9,0.9957156777381897
领子没有弹力，穿几天就泻松了,7,7,0.9987176656723022
买过很多次了，很甜水份够多，孩子非常爱吃！,3,3,0.9940477609634399
好想哭，刚买完，第二天就降价*元，太恶心了吧，京东，我都快郁闷死了,1,1,0.5395784974098206
什么东西啊这是？质量太差了吧？裤子太薄了吧也？ 投诉,7,7,0.9720152020454407
又是一个让上帝眷顾的女主！又是一个让优秀的男主痴痴的心甘情愿等的女主！等待时间为七年！悠悠岁月......那该是个多么同样优秀的女主啊！？呵呵，可惜女主只不过是个莽莽撞撞，可可爱爱，毫无心计，傻傻气气，马马虎虎......噢，和男主相差十万八千里！哼哼，这只能是缘分！缘分啊！分分和和，最终还是如愿以偿。也许这种女孩必然要有这种男人来呵护，来依靠！可惜这种情况也就是书本或偶像剧才发生吧！,0,0,0.9825133681297302
虽然便宜，但是没有吃过那么慢吃的苹果，一点都不脆还不甜，放了很久坏了也没人吃，真的，这种水果不要钱都不要，一颗星是给快递的,3,3,0.9998834133148193
以前没听说过，著名的西班牙诗人，一个朋友推荐的。译者的水平毋庸置疑，老翻译家了，比较到位，文字紧凑。洛尔卡的诗很西班牙音乐有很大关系，看过他的生平就知道了，诗歌中有很多音乐的元素和意象。总之，如果喜爱诗歌，值得一读，且这个版本折扣之后并不贵，书挺厚，诗句本身很短，大片留白，有点奢侈，哈哈~~印刷中规中矩，不花哨~~,0,0,0.9900986552238464
东西很好，香味十足。快递也是贼快。昨晚下单的今天早上就到了。而且价格比超市要便宜,4,4,0.699113130569458
不行，没用多久就各种卡,1,1,0.6945363879203796
送货极快，商品正使用中，还行吧。,1,4,0.31809452176094055
非常好，送货很快，很满意，下次还来…………非常好，送货很快，很满意，下次还来…………,1,7,0.5498796105384827
送货快，价格实惠，快递小哥服务好，推荐！,4,7,0.22705581784248352
刚收到货，快递很快，质量很好,7,7,0.5232483744621277
衣服味道有点重 有怪味 发货很慢 物流一般 到货的时候没留意 衣服右下位置有破洞 退货麻烦还要扣费 快递还要自己搞 结果花钱买当垃圾丢了 ?,7,7,0.6543408632278442
1.服务意识太差，；通过携程订了一间大床房，进房间后，发现房间的地毯脏的实在不行，和值班经理交涉，要求换房。回答居然是：现在没有大床房，要么给你换豪华大床房，但要补差价，要么就是换标房。搞不懂怎么做服务行业的？由于自己的工作失误，给客人带来不便，好象是应该的，还很理直气壮。2.环境太吵 3.早餐只能用惨不忍睹来形容，不吃也罢。请大家还是远离的好！！！,9,9,0.9931305050849915
第三次买，前后买了6箱，没想到苹果越来小，越来越少。以后没爱了。第一次隔层袋子里面少一个苹果，大小到80cm还凑合，这次少了2个。而且里面装的都特别小。有点儿生气。,3,3,0.9521393775939941
无语，怎么会颜色，尺码，姓名都搞错呢，新来的吧,7,7,0.9813335537910461
送给老妈的，大屏非常合适，超级喜欢。,1,1,0.9829659461975098
很一般，没有防脱效果,4,7,0.713956892490387
差评差评，东西没给我送完，客服没人理,4,1,0.3300059735774994
不错的苹果，京东生鲜，冷链运输，拿到时很新鲜！,3,3,0.9977327585220337
好好，比超市实惠，物流快，服务好。,1,4,0.4605391323566437
"第一次去香港,住帝豪奥运.之前也看了大家的评论,还是没有实际感受来得真切呵.我和老婆的一致评论如下:优点:1.酒店",9,9,0.9895344376564026
裤子质量不错，穿在身上很有型，,7,7,0.9979331493377686
活动时买的，给老人玩微信专用的，对功能要求不高，试用了几次，还行。,1,1,0.9259032011032104
物流快，头皮很舒服，性价比高。,4,4,0.7846770286560059
不值这个价钱，个头太小了，还没有我在超市里买的大，上当了,3,3,0.9171826243400574
环境交通都不错，房间也可以，下次还会再来,9,9,0.9426855444908142
裤子掉颜色太严重了，才穿了几次 就跟穿了半年的裤子差不多，不值这个价，*一条的都比这个强。,7,7,0.9906713962554932
这次买的一箱苹果，几乎全是坏的，削一个坏一个，都不想晒单了。这样的水果拿出来卖，真是砸招牌。要跟生鲜说再见了～,3,3,0.9439785480499268
洗发水效果太差，再这不会买。洗完头发糙,4,4,0.9433445930480957
胡兰成这个人如果和文章一样让人觉得舒服，那就真不错了。有人说胡兰成是无知的残忍，就像小孩不懂事，随便毁坏一样东西，还在那边邀功请赏，希望得到大家的认同，别人最好拍手鼓掌那自己就更问心无愧了。为什么文和人不能划等号呢，搞不懂！,0,0,0.9935042262077332
好，好，非常的漂亮，苹果个头大，都是好的，京东快递速度非常的快，第二天上午就送到了，快递员服务态度也很好,3,3,0.7493313550949097
有三个小的滥竽充数，太不地道了，被坑了,3,4,0.3029964566230774
质量不错，做工精致，款式简单大方时尚，服务细心、耐心，物流给力，祝生意兴隆。,7,7,0.891852617263794
不给力，物流太慢且包装随意！！！,3,3,0.37906038761138916
"烂酒店一个.结帐时多收了90元,回来后看帐单才发现,先讲携程帮忙查询,说是我朋友房间的消费,从来没听说过未经本人签字可以把他人房间的帐挂来的. 自己打电话到总台,又说是我的早餐消费,但实际我的早餐是现金结帐,又找不到借口了.就说是在一楼咖啡厅有张我签的单子,请总台传真过来核对,又说要确认,实际上我根本没有另外的消费.还有高级房竟然是两张床,如果要大床,就在升经.周边环境更是不用讲,连个超市都没有.",9,9,0.98056960105896
受手机支付限制，分两次买了三台。结果，送老人一台居然是返修机！！新机里面出现别人的大头照是什么鬼？？京东/华为你粗来，给个解释听听？？？,1,1,0.6683650016784668
手机不错。买了几天不仅降价，还送皮套，差评,1,1,0.9387242794036865
还我6g垃圾客服只会叫我评分,1,7,0.800000786781311
房间很大，环境不错。云台山风景也好的。就是当心遇上非正规导游的：（,9,9,0.906977117061615
这个不好 吃完嘴唇难受 还是吃应季的水果吧,3,3,0.9493654370307922
才送到的水果，今天拿到办公室，一打开，这种状态……醉了,3,4,0.28512442111968994
垃圾参考数据，买大了,7,4,0.41754093766212463
尺寸好大，感觉和ipad mini差不多了，不过还是很好用的,1,1,0.6984110474586487
第一：预订时要求免费宽带上网，可最终是“免费不能上网”，饭店解释由于饭店宽带设施原因，只能提供IP地址等，其他没有办法...－－－晕倒！第二：早餐20元质量还不如外面的地摊。第三：前台的服务因该再加强，不要有什么问题就找经理，然后下一句是经理不在。好在只住了一天，下次不在去住,9,9,0.9928267002105713
我买这个平板给老妈，为方便买的套装，首先单机价格1479， 选择套装后（包含钢化膜+保护套，这个后面再说）结算平板价格变为1499！因为我知道JD的送货速度，所以就没太在意，然后恼火的事情就来了，货送到后我发现10寸的钢化膜给我送了7寸的，我给客服说，这个不是我的原因造成的要求直接换货就可以了（因为老妈着急用），结果JD给我的结果让我自己退货，然后从新购买，我就说为什么这么麻烦（后来第三次协商之后才知道，他们是把商品放错了价格也写错了），经过3次协商都没有给我一个很好的解决，这会我妈已经出去玩了，钢化膜没有解决，无奈我只能退货，退货时看了一眼店里的这个型号的膜价格，我才知道JD为什么这么扭捏不给我换，原来，我买的钢化膜套餐价格是10块（套餐中的价格7寸的），实际7寸的单买19，10寸的价格35！我当时就找他们客服直接说这个情况，为什么你们的后台这么不服责任，他们又给我来了一个更生气的解释，说我们并没有这个套餐（平板+膜+壳），我说怎么可能，结果过去一看我购买的那个页面，那个选项被改成了平板+移动电源的套餐，我说你*6种套餐其中两个都是平板+移动电源的？最后给总客服打电话，多退京豆，只能退货！,1,1,0.7870212197303772
酒店位置离虹桥机场很近.硬件也好.自租餐服务尚待提高.,9,9,0.9773856997489929
买了三种苹果，见图最上方是美域高75mm，中间是宏辉80mm，最下方是佳农80mm，美域高口感最好，佳农第二，宏辉无论尺寸和口感都不如佳农，并且外观看肯定是杂交种不是红富士，不会再买,3,3,0.9891209006309509
我住的是特色标间，所谓特色，是有些类似家的感觉。寝具不是单调的白色，是条纹和大格子的，感觉很温馨。圈儿椅的靠垫是卡通的加菲猫头，明黄的颜色有点扎眼，和周围配在一起感觉有点不协调。客房硬件评价3.5分。加湿器、烫衣板、电熨斗、吹风机、小冰箱等俱全。缺点：液晶电视固定在墙上，位置不好。一是遮挡了一个电源插座；二是与桌子搭配不当。桌子（与冰箱柜一体）在电视下方，如果坐在桌子旁上网或工作学习，正好挡住了电视屏幕。错开坐，正好是冰箱柜，腿脚伸不开。,9,9,0.79108065366745
出差过去，这店离开发区近，离机场也近，离市区太远，订了套房，外面刮风，呼呼的想，有点害怕，饭店设施还行，但生意冷清，没有多少人气，早饭比较差，基本没什么可吃的东西！,9,9,0.9942726492881775
包装非常好，个头小小的，吃着刚好，非常爽口,3,3,0.958361804485321
酒店比较老，房间硬件跟不上，比较脏。而且房间隔音效果太差，但是周边景色不错。,9,9,0.9948636889457703
房间还不错，可惜酒店地点不大好找，而且我的房间号居然在出电梯后的楼层标牌上没有标注，害我找了半天。早餐还不错，清爽简洁。,9,9,0.9892760515213013
说又脆又甜的，真是不知道怎么评价出来的，既不是脆苹果，也不是面苹果。有嚼劲，口感真的与众不同，只能呵呵了,3,3,0.9986612796783447
桃红色的看起来好Cute，屏幕色彩绚丽细腻，拍照效果很棒.我买了之后很多人都夸,2,1,0.5824922919273376
房间小，设施一般，早餐是外包的，可以吃饱。性价比不够,9,9,0.9938358664512634
假货退货*的以后不用在你东京超市买东西了*,4,4,0.4534822106361389
先看过电影，当时不知道是打榜热门，就觉得拍的还挺美的，一般的吸血鬼电影都是画面阴暗，神秘，血腥，但是这部多了很多温情，更象是人类普通而且真挚的情感。于是买了书，老实说先入为主，看书的时候很自然浮现的都是电影中扮演者的脸。很有画面感，但是总体讲，翻译的不好，囫囵吞枣，前后思绪不连贯，好像是那种很不耐烦的直译出来的中式英语，而非中文的叙事习惯，太混稿费了。好在故事情节还比较引人入胜。,0,0,0.9996337890625
给一颗星纯属因为工号9057态度不好 死板生硬,1,1,0.2996841073036194
衣服太差，值不起这个价。就向地滩上卖的一样。想退货又太麻烦，只好送人。,7,7,0.8913468718528748
第二天就收到货了，还没用，东西用这应该不错，比超市便宜，值了，快递服务也不错。,4,4,0.4922710061073303
网上介绍的比较好，但是实际却是另一番现象。交通非常不便，晚上除非包车，否则根本没法出行；另外酒店性质为居家酒店，服务态度、服务质量比较一般，周围环境也没有传说中的那么诗意化。如果想体验农村生活的话可以一住，否则可以考虑阳朔街上一带的住宿。,9,9,0.9880391955375671
平板屏幕很清晰，分辨率也很高，预装应用很少，玩王者很流畅。客服也很有耐心，京东的物流超快，下午5点下的单，第二天早上就到了，棒棒哒！,1,1,0.86219722032547
我也不说啥，上图自己看，就这还是5.31最后一天抢的，第二天没活动价更低了反倒，让舍友笑死了快,4,1,0.3559070825576782
苹果收到了，很不错的感觉。苹果皮红红的，吃起来脆脆的。,3,3,0.9880170822143555
京东快递就是给力！快递小哥也很好，不方便下去拿给送到楼上了，非常感谢！东西也很好，沉甸甸的，保质期到2019年呢！实惠！,4,4,0.3956867456436157
水份多是多，就是不甜的。有点失望。,3,3,0.950020968914032
一分钱一分货啊，有钱还是买个配置更好的！这个也物有所值！,1,1,0.5126492977142334
质量很好，是正品，京东服务好送货及时。,4,4,0.3392994701862335
收到后还没有使用，比超市便宜不少，听说效果不错,4,4,0.8491092324256897
如果你喜欢米开朗琪罗，如果你被他的画打动想深入了解一下他和他的作品，那么这是一本非常合适的书。文笔幽默，记述翔实，书的手感也很好，阅读起来非常舒服，是我珍藏的图书之一。米开朗琪罗独特的艺术风格和他紧张而又极其不信任他人的性格使他成为了我最喜欢的艺术家。喜欢他而又想更多了解他的人，请来读一读这本书吧！,0,0,0.9997565150260925
华为真**D恶心，还不如手机，。。。这两年做的稍微好一点，**就开始做死，CPU 内存 是二手的吧，玩个植物大战僵尸都卡成?，。。。这智商税***d的认,1,1,0.8348731994628906
1.采用了时下常见的金属反光烤漆，易沾上指印和油迹。 2.对于一台拥有拥有摄像功能的彩屏机，660毫安时的小电池，明显电池的续航能力偏弱。 3.不能自动识别市内电话的区号。 4.性能与价格不相称.,2,2,0.843244731426239
"入住前询问态度还不错,但是朋友说房间莲蓬头水很小,还漏水,吵的睡不着,隔天要求退房,也许是不同服务人员,态度很差",9,9,0.9965967535972595
买了很多次的苹果，价格不贵味道不错。,3,3,0.9941054582595825
很好看的一篇小说，写意好可爱哦，厉择良还不错啦，人生有相遇，才是缘分，才会有一段故事。“未了情？未了情。‘叮嘱晚风轻送，柔情万千里’，这个世界究竟是有情苦呢，还是无情苦呢？只要是真心爱过，都是苦！,0,0,0.9671333432197571
裤子挺好，就是物太不给力，,7,7,0.9692487120628357
快递只送到分转站而不下派总是叫我们去拿还有衣服要的是厚款而寄的是棉袄,7,7,0.7738310098648071
穿了一段时间后裤子泛白，看起来好像穿了很多年，不好看,7,7,0.9940474033355713
蒙牛作为国内奶业巨头，切实起到了带头模范作用,6,6,0.9993751645088196
"我住的是豪华大床间,368元1、冬季房间很冷，空调连续开了2天才暖和过来。2、该宾馆显然不是按4星级宾馆建造的。3、沙发很脏，毛巾感觉很陈旧，浴袍的领子一圈脏。4、服务不错，我用电脑，服务员主动提供一个插座5、家具床铺都不错。总的说来价格偏贵，300元左右还差不多，不知标准间怎么样",9,9,0.9937158226966858
个头不小，还算可以吧！！！！！！！！,3,3,0.35700225830078125
退房时竟然说没有发票，由于急于赶飞机，没有时间和他们理论，留下一张名片，要求他们按照名片联系方式把发票寄来。结果到现在还没有收到发票，害得我出差费至今无法报销！,9,9,0.9486405253410339
这个手机的安全卫士特别不好，装别的安全软件，又限制，唉，无奈。,1,1,0.4410204291343689
太差，产品差，服务也差。慎重考虑！,1,7,0.4355011284351349
快递真是超级神速哦，早上下单，下午就收到货了，包装很工整的。看图吧！！,4,4,0.4061133861541748
第一次网购，苹果不好，中间有烂的！,3,3,0.8717460036277771
京东发货速度还是依旧这么快，618抢到卷买到的，比超市搞特价还便宜，包装超棒的，超级赞-,4,4,0.6202791929244995
无语，像素不行,1,1,0.7373495697975159
没想像中的好，行文太随便，只是小品和书信的随意结合体而已。谈不上系统的知识介绍。,0,0,0.997849702835083
这是大果吗！那幺小！还没有水果店买的好！,3,3,0.998897910118103
洗了，我发现头会痒，还起了头皮屑。满失望的。我平常从来都不会有这样的情况。,4,4,0.8873980045318604
个头不大，但是关键的是难吃，只有加糖和蜂蜜才能下咽。    呃，进口的这种味道的话以后宁可不吃,3,3,0.9764101505279541
没有苹果味，以后绝对绝对不能在生鲜区买东西，全军覆没???,3,3,0.8692139387130737
这是我第一次为华为打这么差的分，实在是买了手机，一个上午就没电，我相信不是翻新机就是有问题，由于工作很忙，货是发在公司的，然后拿的晚，本来准备退一看时间过了，换货我不太看好了，我在实体店买了一部，同款，价钱贵了五十块，但是电池很耐用，不会一个上午就没了,1,1,0.8301246762275696
京东商城的水果个大皮薄而且很新鲜，以后就在京东买水果了，再不用去挤超市了,3,3,0.9933564066886902
希望大家不要购买蒙牛和伊利的产品，对无良企业说不！无良企业，一错再错，屡教不改！还口口声说：只为点滴幸福！都是扯,6,6,0.9349396824836731
商品包转很好 快递也很快 服务态度蛮好的 现在还没装上 过几天有时间装了看看,5,5,0.6758562922477722
订单刚收到，二维码扫描扫不出来，洗发水瓶子看了就是假货，明天拿去退货。伤心的一次购物。,4,4,0.6377182602882385
才买几天就降价做活动，醉了！,4,4,0.6435261368751526
一般般，最受不了的就是京东降价，买完心里很不舒服，而且只有七天价保，什么鬼，刚刚买完就降价一半。。。亏死了。。。,3,1,0.5967874526977539
有一箱装错，这些娃娃干活的时候心里想的啥，，里面有一个软了，，吃起来酸酸的，不太像甘肃产的，快递还挺快，给一个星，差评喽，,3,3,0.8881438374519348
简直和招待所没有什么两样，下次再也不去了，价格还贵，携程怎么推荐这样的酒店糊弄我们。。。。。。,9,9,0.9126598238945007
很好，还没有开箱就有香味了，值得买,4,4,0.8106620907783508
手感不错这几年买的都是这个牌子的裤子,7,7,0.9942886829376221
洗发水寄来时商标是坏掉的，瓶口那个螺旋的盖子是打开的，不知道是被用过还是质量就不好，差评,4,4,0.9506773948669434
今天到手的，装了VISTA 感觉还不错，够流畅的，显存改为128了，跑了跑CINEBENCHR10，得分还不低1804,8,8,0.9568932056427002
很划算，今后还会继续购买的！,1,4,0.30134859681129456
洗的头皮很痛，用了三次不敢用了,4,4,0.9913529753684998
给留的房间太差劲，推门一股霉味，空调坏了还没法用，服务差，果断退房。,9,9,0.9901691675186157
给表姐一家买的用的，收到货了很是喜欢，说比超市买合算多了，下次有活动还会让我购买，物流给力，京东快递小哥服务好。,4,4,0.695242702960968
一盒12个，这苹果不错，包装得挺好的，很新鲜。,3,3,0.9982154369354248
不满意 太不满意了 收到的衣服和手机上看到的根本就是两个样 差别太大了 就像*样 差评差评差评差评差评差评差评差评差评差评差评差评差评差评差评差评差评差评差评差评差评差评差评差评差评差评差评,7,7,0.9316547513008118
说是纯棉的，只有百分60，有点失望了,7,7,0.9604394435882568
不太好，充电一会手机就很热，手机屏幕也不平，懒得退了,1,1,0.8732112050056458
同一天一起购买京东的两箱苹果，这家潘苹果12只只有两只是完好的，其它十只每只都是不大不小的坏，我也是醉了，装箱子的时候不检查的吗？就这样忽悠客户？我也懒的上传照片了，反正以后不买这家了......,3,3,0.7364439368247986
用着很舒服，价格也便宜，很实惠，很划算，推荐购买，超值的,7,4,0.8556880950927734
不满意，屏幕不正常垃圾,1,1,0.9267439246177673
太次了，质量就是地摊货，还忘记给我发货，早知道就不要了,7,7,0.8256627321243286
保不齐是做出来的呢。。不明真相的群众，不发表意见。。 珍爱生命 远离蒙牛,6,6,0.93520587682724
包装的很好，物流快，苹果?又大又红，不错。,3,3,0.9308366775512695
酒店服务很好，环境幽雅，很地道，比当地同级的康年,9,9,0.9854668378829956
都不错，就是不错，有十个字了吧！！看图,3,7,0.40997618436813354
昨晚下单，今早到的。份量足，一个果213克，吃了一个，剩下九个总重2.7公斤。水份挺足，老公说有股奶香味。    包装精美，很用心的公司，以后还后考虑购买。,3,3,0.9857646822929382
一直信任京东，速度快……都说这个挺好的，还没用，用好了会继续购买的,4,4,0.43291375041007996
我这次住的超好，现在前面的几栋楼房间都是新装修的，超大的液晶电视机，可以用来上网，爽极了，物超所值，不过有涨价了，原来300，现在330了，不知道还会涨不？,9,9,0.9557836055755615
硬件太陈旧了！下水管道堵塞，浴缸、淋浴和洗手池都堵。没有暖气，空调只吹冷风。半夜冻醒，起夜受凉。酒店无法改善，给了我一个红外小暖气，晚上只能靠此取暖。所有家具老旧，墙上有斑点，主楼毕竟从1999年到现在没有装修过啊！ 服务不错，酒店员工在这种硬件条件差的情况下大都努力为客人提供优质服务。值得表扬和鼓励。,9,9,0.9865286350250244
"#股市-汇市-期市-行情#中国人的记忆力太差了,想伊利蒙牛双汇这种企业就应该让他倒闭,现在的所有白酒股也一样,一文不值",6,6,0.906328022480011
买有2箱苹果，每一箱中有1-2个小苹果，称重后有2个都在180几克左右，有1个在190克，份量不足卖时吹嘘的。苹果味道一般，不脆（泡酥酥一点儿），有点甜味，幸好就买了2箱，下次不买这款。,3,3,0.9942078590393066
京东一如既往的好，值得信赖！,1,3,0.380752831697464
差评！！！,1,1,0.4997440576553345
1.性价比高，能流畅运行游戏。 2.订单处理效率高。 3.物流快捷。,8,8,0.8185009360313416
超级难吃，一分钱一分货，还是买贵点的好,3,3,0.9592961072921753
我的火龙果都坏了，一点都没办法吃，怎么回事啊,3,3,0.9690819382667542
"电池续航不错, 用了将近2个小时还有40%左右, 比X200配4芯强多了 三星DDR800+三星SATA 160G,",8,8,0.853643000125885
已经是第二次购买了，好用又实惠，,4,4,0.5695831179618835
"除了位置的优势,房间,服务都很一般...............",9,9,0.9931160807609558
看看照片，欣赏一下火龙果烂的程度,3,3,0.9952417612075806
这个，版型觉得不合适吧，按着表买的穿着很紧，不过洗了估计也不能给换了。。,7,7,0.9861541390419006
我快件都没有收取到，退款也没收到，问商家却不理人，欺骗消费者，京东请给消费者一个解释,7,1,0.515531063079834
我买的也都是烂的，差评！不要买!,3,7,0.34837806224823
和T系一样的手感 几乎一样的使用感受 ， 虽然没有指纹识别 ，但那个噱头不要也罢。屏幕最高亮度很亮，白色很白，没有发蓝或者发黄的现象。暂时还没有看见坏点。在使用一段时间后，手托没有出现明显的升温。,8,8,0.7294538021087646
苹果还可以，新鲜，就是有点小贵,3,3,0.9986870884895325
前面几位评价误导了我。下次不会去住了。主要问题是：1、整个走廊里味道很不好，是那种很潮、旧的味道。电梯间有浓重的餐厅飘来的油烟味。2、房间太小，我定的高级大床房，可是除了一张床，已经没有多少地方了。3、1~5层是商场和超市，环境很嘈杂。好处是：被褥是白色的，看着还很干净。可以延住到2点，只需要加110块快钱。比较人性化。可以吃个午饭再休息一下。服务态度比较好。总体评价：是一个很老旧的酒店，设施也就1星，服务2星。,9,9,0.9955689311027527
垃圾商家，网上的好评都是刷出来的吧，我买来两个都坏了，大家可以看看，有图有照片。如果不是有一星，我一星也不想给！,3,3,0.6290937662124634
如果在遂宁这座小城里寻找温馨的家，明星康年是我首要选泽，因为她确实给人以温暖，给人以安宁，给人以留连。可以说，我是看着她成长起来的，从几年前第一天开张，到现在的逐渐成熟，都给人留下了深刻的印象。当然，目前还有不足（客人停车过夜收费、长途还不能免费），我相信，随着她的进一步成长，她将变得尽善尽美，这也是我对她的祝福！,9,9,0.8239700198173523
对于商品，我真的感觉超赞的啊，质量好也有型，穿上整个人的身材都好了。店家服务态度也不错就算了，而且，快递也好快的哦。。。,7,7,0.909186840057373
太多太多，电池已坏了，不知什么时候就关机了，没有提示音啊！惨啊！！,2,2,0.6436384320259094
"兰州...一个我来了就不想再来的城市,第一天入住金轮宾馆,一肚子不满意,再一次要求携程整一个好点的,一样是四星级宾馆,西兰国际大酒店堪称兰州以及中国之最,最差的四星级非他莫属...晚上10点入住,手续办完上楼...天啊...没灯...摸了半天开了灯,由于太晚了,有些疲倦,想到进屋休息,没想到的是居然门卡打不开门,前前后后折腾了很久,终于用服务员的门卡开了门,停车场露天,还收费,还是那句话,请携程老总亲自入住一下你们推荐的宾馆,还是两个字:丢人",9,9,0.9833976626396179
买来放在出租房里的，所以自己也没试过，但是安装服务人员特别好，最大限度地给省钱，两套热水澡装下来，一共只收了150块的材料费，还帮着调试好，再三检查后才离开，点个赞，相信美的。全五分了。,5,5,0.967355489730835
买的第三个了，给舅妈买了后，她妹妹看着不错又要我买一个,1,3,0.9129404425621033
烂的，很多烂斑。到家孩子已经吃了第一个，然后当晚上吐下泻，马桶里全是火龙果。已经在医院挂水两天了，细菌性感染。以后不能网购火龙果了，这东西暗藏烂斑很严重。真是上当了，唉，上学都受到了影响。,3,3,0.831468403339386
给女儿买的，华为的应该可以的,1,1,0.9694404602050781
跟描述不符，而且刚买完就降价了,4,4,0.42324525117874146
买这本书当当已经缺货了，我是在图书馆借的。感觉比较难懂，没有《幽暗意识和民主传统》好看，但作为学术论文当然是有它的可读性的，只是我的学历程度还不够。一直以为上了大学就可以读懂论文，体会作者的思想和蕴含的哲理，不过现在看来还早着呢。对于将要买此书的人，我想说既然你已经要买这本书，就一定要认真地看下去，千万不要半途而废，这本书是透过梁启超来研究儒家文化的。,0,0,0.9999121427536011
衣服上有破洞,7,7,0.7530509233474731
六七个都有很大的烂点，差评。以后也不会再买,3,3,0.6206890344619751
我擦，就这酒店也敢卖500多元一间，太欺客了吧！墙居然是乳胶潻涂料的，浴缸不如别有，看了脏的恶心，还要站里面洗澡，一次性拖鞋，真叫我领教了什么是薄如蝉翼，不如小旅店的质量，打开塑料袋一股薰人的化工恶臭。满房子没顶灯，4台灯把插座全占了，你要绐手机充个电，〇k，台灯拔掉！上海人你精明的过头了吧！是不是觉得赶飞机的都外地人好欺负啊！走这么多城市住这么多酒店，对你们印象太差了！200元收费我给你3颗星评价，携程价500多元，有负分吗？我给你评负分，携程网网管我告诉你，别把我这条清掉，否则我找你们的麻烦.,9,9,0.9737595915794373
安装的LINUX系统，使用起来不习惯。改装WINDOWS系统，而且没有自带WINDOWS系统底下的驱动，需要自己去找，而且安装驱动也需要一定的顺序，比较麻烦。 另外就是散热比较大。,8,8,0.9844872355461121
比后面那个小一点的根本不大，一样的不新鲜,3,3,0.9410091042518616
老死机，要卸掉电池重新启动。能安装使用的软件太少了！！！,2,1,0.4247201979160309
在美版三星T817T和华为M3之间犹豫了一个多月，最后买了M3。作为学习使用，很不错，比T817T更值！,1,1,0.6566815376281738
终于等到了心爱的东东 怀着忐忑不安的心（不是在意货物更在意的是小店的诚信和承诺） ，拆除包装首先感觉到的 是包装的用心和细心， 打开包装感受的是温馨和友爱， 卖家的诚意和热情让我为等待时候的 忐忑心理而惭愧， 面对卖家的坦诚、 真诚和友善我热泪盈眶， 心里悠然而生的敬佩和感激 （虽 说是自己花钱买东西，可这份交易的信任和喜悦远远大于交易的本身）之情难于言表，我一 眼看的不是货物， 而是手捧卖家那份热情洋溢的亲笔书信， 感受那种好多年不曾再有过的欢 快和喜悦（十几年前收到远方朋友的书信的心情） 。经过一次心灵的洗礼，心情久久不能平 静，轻柔细腻好像恋人的皮肤，丝滑温暖（也可能是本人没有见过在好的东西， 消费费低，呵呵，避免广告嫌疑） ，超出想象的满意、舒服。对卖家的 诚、信、至、义万分 之万的满意，最后祝你 生意兴隆 万事如意！,4,0,0.762786865234375
做为手机最重要的功能——通话，基本没法让人接受，信号极差。,2,2,0.895451545715332
到达绍兴后，只要给这个客栈一个电话，十分钟之内就会有一辆小面的来接你，很方便。“老台门客栈”是由一家古老宅院改装的，三进的四合院两层木板瓦房，石板砌成的庭园，木头柱子立在鼓型石基上，木头窗户木头房门，开门和关门的时候会发出响亮的吱吱声，保持着古老纯朴的气息，院子里暗装了几个小音箱，不停顿低声播放江南丝竹乐，很有点气氛。清晨和黄昏只要你有兴趣，都可以坐在院子石凳上发发呆，或者找个对手在那张已经看不到原来油漆颜色的乒乓球桌上打打乒乓球。房间里为客人免费提供电脑可以上网，与现代信息时代挂上钩。干净清爽的床铺，热水和空调也陪备齐全，洗手间里有一体式的淋浴间。客栈提供免费的白米粥、油条等简单的早餐。客栈邻近鲁迅故里和咸亨酒店，走远一点还有沈园和仓前直街。,9,9,0.9179043769836426
布质很差，粘毛的。不会再买,7,7,0.9794162511825562
一般般，没有像看到那样好，再加上摸上去料子很粗,7,7,0.5775469541549683
帮别人买，不是我穿，看着就很差。,7,7,0.9867005944252014
挂个牌子小标签是花花公子，实物却不知道是什么鬼东西?。差差差,7,7,0.4253973662853241
太棒了。。。一模一样，我特别喜欢。。。。特别爱。。。。喜欢的抓紧,1,7,0.49903780221939087
电源适配器太大，比我T61的要大。这么小的机器，应该配个小的。发热还是有点厉害。,8,8,0.8923571705818176
很差，用了不到七八天，手机就喇叭坏啦，不能听音乐，不能打电话，客服态度服务很不好。差评差评。很坑,1,1,0.9163921475410461
东西收到了，质量好，料子不错，穿的非常舒服。,7,7,0.9847015142440796
一直都用这个牌子，洗完头发很顺，香香的喜欢这个味道。物流也是一级棒，昨天晚上十点下单，第二天上午不到十点就到了，太迅速了，超赞,4,4,0.8781012296676636
还没用，用过再来评价！看上去1000多毫升的洗发水加一瓶500毫升的护发素，还送了几瓶旅行装的！,4,4,0.9906778335571289
宝贝收到了，穿起来很好看，质量感觉也挺好，给好评，物流也超级给力，下次再来关顾,7,7,0.9133650064468384
这是买第二套了，送给小侄子。故事很有趣，语言轻松活泼，宝宝听了一遍又一遍。故事里隐含的知识点，有的连我自己都不知道，不过都是宝宝特别好奇的东西。宝宝每天都缠着我讲，讲完之后，还要拿后面的游戏来考考我。有时候，我假装不知道，或者故意说错点什么，他就乐得咯咯的。,0,0,0.9867814183235168
今天早上刚买的、下午就到了。刚好赶上洗澡用。洗发水和护发素都特别好用，用完之后头发很顺，而且这个超实惠。每次洗澡嫌大瓶沉的话可以拿着两个小瓶去，很方便,4,4,0.9868163466453552
看着降价一下买了三箱，已经多次购买此苹果了，苹果品质很好，味道不错，非常喜欢，物流速度快，快递哥非常负责任，好样的。,3,3,0.9643673300743103
我感觉价格虚高，质量拙劣下成；看完实物，穿后体验，感觉很是垃圾。一周之内收紧带断了，而且自己不能修复。无良的第三方，我从不评价，实在是看不过去了，影响京东声誉，京东老客户了。好自为之吧，也懒得退货~~~~~建议其他买家酌情考虑！,7,7,0.9394598603248596
个头也忒小了吧？不带这么玩人的！分量根本不够！,3,3,0.8655670881271362
裤子不错，没有色差，大小合适，祝店家生意兴隆,7,7,0.9848850965499878
送货给我送到别的地方去了，太不负责任了，瞎搞,1,7,0.4143505096435547
房间很干净，设施很新，应该是义乌最好的酒店。宾馆反馈 2008年4月14日 ： 给您创造一个洁净的居住环境是我们的职责，愿酒店中的每一次都给您留下美好的记忆，谢谢您！,9,9,0.9776222705841064
质量实在一般般，商品质量太差，个小不说，还不甜，对生鲜失去信心！,3,3,0.9724050760269165
帅的不要不要的，男朋友超喜欢。直说我眼光高呢！穿上很修身，显瘦显高挑，超帅。决定再在他家店里再入手两条，送爸爸送弟弟，真是超爱。,7,7,0.970124363899231
真的很油～～～，刚洗完头发就油油，用了半个月了，并没有感觉头发少掉了,4,4,0.9953092932701111
洗了一次，几乎没有掉色，性价比很高的一条裤子。感谢卖家。,7,7,0.9905568361282349
蒙牛牛 出发云南南啦！！！好心动的 啊！！！,6,6,0.9645326733589172
穿着舒适，老公非常喜欢，做工满意，总体不错,7,7,0.9881623387336731
东哥不厚道，泡了奶茶妹，以后的评价都是这个了。,3,3,0.3880583643913269
做工还是单薄，键盘按下去整个键盘板都有点下沉的感觉。电池也远远达不到宣传的9.5个小时，不知是不是还没激活的缘故。,8,8,0.9528421759605408
不错的价格还送了一个吹风机，虽然不太好用。还有收货的时候箱子太鼓,4,4,0.39842623472213745
和实体店买的质量一样，穿起来版型很不错。下水洗了，脱色不算严重，正常可接受范围。最大优点就是价格很实惠！,7,7,0.992034375667572
清晰度，分辨率特别低，看着字都是花的，比例也不协调，就一个土砖头，不值得推荐，邮寄回老家了，换货不方便啊,1,1,0.6420423984527588
被压过了，还好里面没事，京东的物流如果跟其他快递一样的话还是京东吗？,3,4,0.4919584095478058
非常好用，电池也久,1,1,0.6204927563667297
不值那个价，料不好！线头多！,7,7,0.9067927002906799
差，布料太差，会钩线。,7,7,0.996380627155304
以前住过这家饭店，但那时还是HILTON管理的，现在是NIKKO了，感觉明显不如以前，并且设施也有些陈旧了，但在大连五星级饭店，这家饭店的价位相对来说还比较合理，酒店附近有个新建的时尚生活区，有一些好的餐厅和咖啡店不错，酒店综合服务和管理还需要加强。,9,9,0.9894720911979675
什么都不送。商家太抠门,1,7,0.31617164611816406
没有打蜡，脆脆的，蛮甜的，好吃不贵。    包装盒完好，没有坏果子，这个很满意，毕竟买水果看重的，就是这个的,3,3,0.998610258102417
卖给女朋友的直接寄到江阴 她那里。东西的好坏没看到，不做评价，但是我想说，之所以在京东买就是因为物流快，可是这次我真的没想到，竟然我用了三天才到货……,3,4,0.3334546685218811
该酒店地段不方便，超难打车，服务不到位，酒店设备有点旧,9,9,0.9835138320922852
东西已收到。包装盒完好无损。很满意。物流也快。快递小哥服务态度也好。很满意的一次购物,1,7,0.5798102021217346
给宝贝玩的，用了一段时间还不错,1,1,0.8658947348594666
我买的时尚休闲黑色 发过来为什么裤子上会有白点点 这是黑色吗？搞笑,7,7,0.883537769317627
如标题所述。质量还不错，没在维修上出现问题,2,1,0.39039406180381775
给父母买的，父母很满意，除了感人的大黑边，其他都不错,1,7,0.5091211199760437
酒店位置比地址说明上的偏多了，接近市郊，路边连个明确的牌子都没打出，失望。酒店外观还算过得去，大堂却很一般（有点像旅社的大堂），走廊和房间的装修都较陈旧，和携程发布的图片相去甚远。洗漱用品配备简陋，大概也就是个三星的级别。同等价位，比起曾经住过的天河购物中心附近的广州皇家国际饭店无论装修还是服务，甚至连自助早，都要差很多。订房的时候总想不起皇家国际饭店的具体名字，才定了这个饭店，真是悔啊。 以后到广州不会再选择这里，绝不~~,9,9,0.9946704506874084
在京东买过好几个品牌的苹果，比超市便宜，卖相可以脆脆的，但是不太甜,3,3,0.997583270072937
这是一家相当烂的酒店，我不知道其他人是如何评价它的，对客户那种极不信任的表情以及工作作风，自以为是，狂妄自大，肆意欺骗顾客，他们根本就没把客户放在眼里，我奉劝看过此贴的朋友，千万不要住这家黑店啊！切记！！！,9,9,0.9091091156005859
支持国产，支持华为，华为平板电脑，不错的选择！使用反应灵敏，外观时尚！系统稳定！,1,8,0.43838292360305786
系统重新装了要黑一下屏，不知道什么原因。京东降价太快了，不爽,8,1,0.7871639728546143
京东京东让人伤心。第一次在京东买洗发水太差，太差了，洗完头发干枯打结不易梳理很失望，真的我以后再不会在京东买东西了，要求退货，还要把原来的发票提供出来那个发票，收货的时候不小心弄丢了，就要折损16%的税款，这样下来嗯，一瓶洗发水退完货我可能就要损失三四十块钱，京东呀，你自营的东西能不能把品质提高一点，我以为你比 淘 宝 好，结果你自己的东西比 淘 宝 还差，太让我伤心了我会让我身边所有的人知道京东自营的产品质量非常次我再不会来京东购物了,4,4,0.64023357629776
我觉得有问题……防伪标签什么的都没有......感觉味道也不对……比较刺激眼睛……,4,4,0.416333943605423
包装没有做内分隔，用多层泡沫做保护，如果物流不靠谱估计会有问题；大小不太匀称，个体区别较大；口感清脆，甜酸度偏甜口，果皮不扎牙，不错！    抛开个头大小不一，值得拥有！,3,3,0.9948050379753113
就是：带的驱动无法在xp上安装，提示无法安装。 安装xp之后，无显卡，网卡等驱动，很不好。,8,8,0.931540846824646
一般！！个头太小。。。。味道还是不错！和之前的80mm味道一样！！！就是太小了点！！！要买大的,3,8,0.5201634168624878
衣服质量不错，客服推荐的号合适，哥哥穿上很帅！,7,7,0.99796462059021
质量次，皮面都扒缝了,7,7,0.9619506597518921
"材质很好,重量不重破难关,适合女生用,小巧的. 键盘也很大,6*电池液很耐用",8,8,0.8473053574562073
这个价位合适，但和苹果比较确实还是有差距，音效没想象的好，分辨率一般。满足一般娱乐，无奈我是华为粉丝，一直在和小米对比，还是选择了这款,1,1,0.6253186464309692
穿着舒服，质量可以，还挺便宜的，果断又买一条,7,7,0.9500232934951782
买来用了几天了，感觉都挺不错的。我用玩游戏时候多，比起之前买的华为9.6寸平板，这个更容易发热，但可以接受。,1,1,0.534130334854126
华为品控很糟糕?一开箱就看到很明显的屏幕左上角外壳有碰伤，是很明显很明显，我就不信品控人员会看不到，这种行为绝对是故意放水。至于这部平板的优缺点，主打的立体外放效果显著。只是低音量的音过大，不够线性，感觉比较跳跃性。这块屏幕艳丽度还好，唯一觉得最老火的是这块屏幕很伤眼睛。看一段时间眼睛痛感突出。,1,1,0.46316635608673096
刚穿上就发现个窟窿，乞丐装吗？还有那么多明显的线头。物流不给力，4天才收到。,7,7,0.9722303748130798
这么大个京东说话不算话，我26号中午12点多订的*块钱，到下午4点多就*块钱了，当时我就联系客服了，他们说我签收就退那*块钱，我当时也下新单了，确实是*，现在签收了不给退了,1,4,0.5776530504226685
苹果很新鲜的就是个小点，还好吃很甜的，京东的快递真好送到家码放好感谢。,3,3,0.9750539064407349
头一次给差评.,7,7,0.6205442547798157
环境太差了,9,9,0.8181120753288269
作为一台以高性价比的数码照相手机OT735切入中端彩屏手机市场，凭借其低价和内置摄像头的魅力，受到广大消费者的关注。1.拥有11万像素八倍数字变焦功能的数码摄像头. 2.内置海量1000条的电话本记录，和强大的多国汇率换算功能，强大的商务功能表现的淋漓尽致。支持红外线及专用USB等等外接功能和可玩性颇高的游戏.,2,2,0.9692984223365784
半个多月了都没收到货，也没个说法,4,1,0.31285664439201355
清晰度特别的高，待机时间长，音效立体声，不错的一次购物体验！,1,1,0.8480556011199951
"非常舒服和享受的酒店,房间设施没的说,五星级,隔音很好,早晚都很安静,由于不在闹市区解放碑,价格比较合理,感觉是重庆性价比最高的五星酒店,出酒店往左手走路边就有小吃摊,从早到晚都有吃的(是酒店服务生推荐的,我们去吃了早餐,很市井,很可口),喜欢品尝当地风情的朋友可以去.2天后又住了一晚洲际,感觉不如希尔顿,因为洲际地处步行街,人较多,服务就跟不上,等2个小时房间才收拾出来.所以下次来重庆还会住这里.",9,9,0.9921919703483582
严重的名不副实，所谓的准四星级差距太大。入住豪华大床间，房间小的只有一张床的位置，卫生间小的淋浴空间甚至转不开身。房屋隔音太差，隔壁两人说话的声音清晰入耳，楼道中服务员交谈的声音远远就能听到。餐厅小强横跑，哪儿还有心情吃得下去？这儿根本就不是个酒店，感觉像是KTV改造的，不行不行，太差了！,9,9,0.9963899254798889
最终在重中之重重中之重重中之重,3,1,0.18484513461589813
东西不知道怎样，不过应该不错,1,3,0.4580492079257965
物流实在不给力，服务忒差，下次不会在来此店了。。。,7,7,0.6403809785842896
感觉还不错，不知道洗洗怎么样。,7,4,0.7144979238510132
买了四种水果！打开第一个苹果就发现一个烂掉的！又拿了一个幸亏是好的！口感还可以甜的脆的！芒果我估计是买了假芒果或是没熟的芒果！硬硬的也没有什么芒果味！猕猴桃硬硬是要放几天的我能接受！火龙果也可以接受！虽然比较小！味道可以就行！,3,3,0.9859106540679932
不好不好不好不好不好不好,4,1,0.3685496151447296
裤子很不错，很合身，弹性很好，性价比也很好，值得一买！,7,7,0.9962491393089294
还不错吧，自营物流就是快，好评了！,4,3,0.28323835134506226
对这个欲装的系统不感冒，从装费劲 01，bios营盘模式该ide 网查linux改xp有的不该ide 02，把bios设光盘启动 03，放入xp盘 04，继续安装 05，放入提供驱动盘挨个装，ok,8,8,0.9936834573745728
小日本的风格，人物画的小，看起来吃力，内容没有营养，一本书用1个小时就搞定！,0,0,0.9981921315193176
照片拍的不行，但东西挺好，是我买的第二条了，很喜欢这样的裤子，物流也中。,7,7,0.993378221988678
首先酒店所在位置很隐蔽，看样子是网上订单的客人比较多，价格便宜，相对的房间硬件设施和服务就差些。我房子的空调竟然是个二手的。上面还贴着大头照。前台对你也爱理不理的。如果囊中羞涩可以考虑该酒店，否则还是去别处吧。第二天换的那个不远的天财酒店还不错。价格也合理328元,9,9,0.9904010891914368
屏幕分辨率有点低，,1,1,0.7683992981910706
是安卓5.1的系统，推送了安卓6.0B215，不知道要不要升级。外观很漂亮,1,8,0.4913249909877777
男孩子用以现在这个价格买了你就要后悔，如果你注重影音娱乐的话劝你还是买motoE680I吧。内存大点好。我在成都2600买的moto外加200多元买了个512的卡，呵呵。综合来看550w和680i不在一个档次上，680就是照相惨点。,2,8,0.8571736216545105
真不到，京东商城会有假货？这标这缝线工艺！也太假了吧！,7,7,0.56401526927948
1、操作系统的确是比较大的一个问题，重装XP虽然没有什么问题，但是比较浪费时间； 2、散热问题是我用这么多台手提中最差的，手腕部位烫的吓人； 3、键盘的确有点问题，必须准确按中键位，否则无反应；,8,8,0.9346553087234497
假货欺骗消费者,7,7,0.5197884440422058
其实我早就在网上看过这拍的电视剧了，后来听别人说书和网上的有出入，然后我就试着买一本看看，看完后觉得写的不错，看书比在电视上看的有感觉，让人更有想象的空间，不像电视上拍的，那些演员挑的太垃圾，拍的一点不逼真，敷衍了事是的，我很喜欢这本书，如果大家想看的话，千万别看电视，那样会在你心中大打折扣的，这本书虽然情节比较简单，但后来真的让人好感动，让我学会了要好好珍惜身边爱我的人。。。,0,0,0.9977802634239197
给叔叔买的，不知道好不好,1,3,0.32110121846199036
酒店味道太大，差得不能再差,9,9,0.9655788540840149
穿在身上掉色严重，连续盐水泡了1天洗了之后穿身上还是掉色，质量真的差，差到家了,7,7,0.9957635402679443
第一次在京东上买水果，比较失望！苹果小也就算了，还难吃，皮太厚，有点涩！秒杀19.9买的，没想到这么差。感觉京东还是日用品靠谱点。水果不敢恭维。,3,3,0.9250743985176086
"酒店的地理位置不错,面对员当湖,这次住了个01号房,有两面的窗户,一边可以看海一边可以看员当湖,尤其是员当湖的夜景,很漂亮.房间的设施有些旧了,毕竟是99年开业的,不过房间里有免费水果和免费矿泉水；大门口的LED电子屏幕很是惹眼，漂亮得很；6F的健身房和游泳池对住店客人免费开放。员工的素质和服务很不错,从进酒店大门就有门童向你问候,总台和客房的服务员都也很热情,退房时宾客关系主任还主动来询问住店的感受，征求意见，感觉很听客户关系主任说年底要装修,期待ing......房间价格包含的早餐很丰盛,品种很多，口味也都挺好的。400多块钱挺值的，我加了20块钱选了个每天“180分钟国内长话随意煲”的优惠，打了很久也才20块，直拨的，比IP电话还便宜，省了好多国内长话费！入住的时候正好有人办婚宴，大堂人来人往，很热闹，听说有几十桌的客人呢。下次还选这家入住！",9,9,0.9937240481376648
这个没多好，不红，还有点白，不大，吃起来也就那个样。,3,3,0.9929062128067017
物流给力，十五日下单，次日即送达郑州家中。包装是大箱套装平板盒，且有防震发泡膜包裹，机子象光术品，手感细润，机速超快，画面色真清晰，声音精准再现。为保险未激化，过七天再说。,1,8,0.443348228931427
衣服很不错穿上暖和又好看修身,7,7,0.9873625040054321
蒙牛集团从生产到品控都有着一流的硬件设备以及非常严密的质量管控体系。进入中粮时代之后，蒙牛集团又积极探索新的产业链发展模式，在战略上进行点滴改变。 据了解，蒙牛集团联手丹麦乳业巨头爱氏晨曦进行合作，爱氏晨曦以22亿港元入股蒙牛奶。这是蒙牛集团开启“点滴改变”步伐的关键一步。,6,6,0.9899618625640869
一般，不是佷好，用起来不是顺畅．哎哎哎哎哎哎哎哎哎哎,1,4,0.42694661021232605
很好 房间很好 位置很不错 以后还会入住,9,9,0.870709240436554
相当不错，是正品，老婆一直都在用，这次又买了一套确实很好,4,4,0.7369722127914429
不错挺好的，京东就是快秒杀价实惠！如果无硅油就更好了！,4,4,0.9420691132545471
很失望，买了22个苹果，不单不新鲜，且只有7个勉强能吃.其它都严重碰烂了。有图为证。,3,3,0.9672807455062866
地理位置很方便，就在中山广场边上，去景区均有公交，打车去也就十多元钱，我们在11楼，窗户边能看到中山广场美丽夜景。只是房内设施较旧，不能上网,9,9,0.9869633316993713
很不错，物流很快,1,7,0.4226723909378052
首先这包装已经没法吐槽了，看了那么多评论中的客服回复都在说会向谁谁谁反应这一问题……看来是没起作用！可能包装好坏没影响产品的运送吧。这个差评是仅仅对这个安卓大手机产品的差评。买来想体验下平板电脑的，结果发现这就类似一个大手机，也是，毕竟安卓的平板嘛！不满意是因为现在用的也是华为手机，跟手机比就是大没别的特色。浏览新闻中的照片，在这款大手机上由于被放大的缘故显得模糊起来，包括一些app。搞得现在跟在用一小一大的手机一样，好尴尬……还有产品里边自带的这张高清膜，高清膜贴大手机不如钢化膜好帖啊，毕竟不是专业贴膜人士，贴膜辅助工具就一小抹布。不过喇叭不错。只能用来当视频播放器了。,1,1,0.8533630967140198
"超无聊,棒子国的人写的无聊的书,看来跟风买畅销书十分不明智.",0,0,0.9838801026344299
很溜，用了一个月，感觉华为的东西都是国内外杠杠的,1,1,0.839223325252533
搞啥啦？没有多少能用的啦！都冒出来了。,4,4,0.31485435366630554
垃圾的商家 垃圾的京东 没有按承诺的发货 买4条比买2条单价贵*条 还严重退色 买4条承诺送2条皮带4双袜子 没有兑现承诺收到只有4条裤子赠品就没有了催了10天才补发赠品 补发的赠品也没有按承诺补发,7,7,0.4999856948852539
一看到书，很开心，印刷质量都不错，但是才看了一天，就脱页了，看一页掉一页，郁闷！不知当当怎么解释？,0,0,0.9835228323936462
信号有时不太好，售后也不怎么样，不支持彩信和MP3，价位也比较高。,2,2,0.9058764576911926
裤子质量不错的 价格还很划算啊,7,7,0.9971268773078918
感觉这次买的有点假，没有上次的好,4,4,0.7358369827270508
不好，就是不好，调色,7,7,0.6629892587661743
穿了这么久感觉还是很棒的，值得购买，物超所值。,7,7,0.9203714728355408
冬天的最爱，可以和秋裤说拜拜了！,7,7,0.9730752110481262
太优惠了，平时在超市根本这个价格根本买不到，希望京东可以经常做活动,4,4,0.8890122175216675
原来，我在蒙牛经销商做白领的时候就好羡慕工作一线的基层员工哦！一个月加上社保补贴才能盒1700，我给仓储部算的工资每个人不含社保补贴都能拿到2000以上，不过我一点都不羡慕，毕竟他们是下苦力的，行政人员还要靠他们养活呢！所以我也想开了，只要能在交了社保以后还能有点闲钱，再多的苦我也能吃,6,6,0.7386016249656677
1.可以轻松更换外壳。2.电池续航能力一般情况下可以达到5天左右，表现比较出色。,2,2,0.5609937310218811
我是07年8月入住的这家酒店，环境和服务都不错，只是没有携程说的礼品果盘，虽然没什么大不了的，但是如果没有这项礼品还是不写的好。,9,9,0.7786075472831726
赞京东快递员，中午下单，晚上送到。苹果虽然没有图上的漂亮样子，大小也是不一，但吃起来好爽甜。给赞！！！,3,3,0.9581584334373474
真漂亮，我喜欢，质量好，跟描述的一样,5,7,0.9752364158630371
牛仔裤款式大方，美观，布料不错，工艺也可以，看起来挺正应该是正品吧。第二次买了，好商品，好质量，值得购买。,7,7,0.9757078289985657
一点都不好！根本冲洗不干净！还是滑溜溜腻手！还好只买了一瓶！我想知道国货洗发水还有真正的好东西吗？？,4,4,0.9296618103981018
价格提高之后满减，唉,4,4,0.6672654151916504
特别的差评，一个16G的手机什么都没装还卸载了好多软件 就占了7G.就算是系统占了内存，但也不至于占那么多，非常的生气，第一次在京东买手机买得那么恼火。,1,1,0.7950867414474487
上次买的一箱很好，这次买的两箱就差的太多了，大部分外皮都出现生霉了不能吃了，最后次买了,3,3,0.9892799258232117
版型很不错，大小也合适。难得能在网上买到喜欢又合适的衣服。,7,7,0.9959569573402405
刚收到货，目前还可以。没什么问题。等待时间的检验吧？,1,5,0.2899739146232605
很怀疑五星酒店的评价标准。三星都不如，很失望！,9,9,0.9889049530029297
酒店从外面看上去有点旧了，内部装潢比较温馨，但也显得有点老了。相对酒店的位置和四星的评级来说价格偏高。服务比较人性化，态度比较好。酒店对面是地铁世纪大道站，后面一片空地好像是要建商业配套，以后肯定会添些人气的。,9,9,0.9836111664772034
3788入手，运气好。外观好看，做工很扎实，屏幕绚丽，立体声喇叭音质超好，整机发热量低，运行时声音小。,8,1,0.5240072011947632
"太多,不支持彩信 内存太小......",2,2,0.6440885066986084
不值这个价 很小很小的苹果 放了几天就坏了,3,3,0.9849217534065247
包装上有儿童苹果的标签，味道Ok，新鲜,3,3,0.9954930543899536
真的很好吃，吃完还买，只是为啥这个苹果经常涨价啊？,3,3,0.9936981797218323
蒙牛回收篡改奶：何不重罚以儆效尤？,6,6,0.9917780160903931
"物有所值,看来安徽人民币江苏人民实在得多",9,9,0.3436196744441986
京东还是那么快，东西包装的很好，一点问题都没有,4,4,0.6042270660400391
我因为要到东大名路办事，这个位置不错，老牌的酒店，装修我也很满意，上海酒店，性价比很高了，如果提供早饭（其实没多少钱）就更好了,9,9,0.9899195432662964
火龙果非常不新鲜，买了3个，烂了2个，可惜了,3,3,0.9983052015304565
小瓶很好，出门旅行可以带，洗完头发感觉变硬了点，,4,4,0.9886773824691772
一点都不新鲜，把里面打开太红了，红的都不敢吃。就是打色素的,3,3,0.7656495571136475
烟台苹果名副其实，口感好，香气袭人,3,3,0.9993225336074829
为什么我早两天买是79.9过了两天就降到34.9 坑我呢,4,4,0.4438527226448059
买了这条裤子，对网购失去信心了。,7,7,0.8921279907226562
收到的包装都不一样的，还什么赠品都没有。我看到别人的包装比我的好，还有赠品，赠一把梳子也好啊！,4,4,0.6679418087005615
每一本都是这样的，简直象是盗版书，如果是正规出版印刷，这样的封面质量怎么出得了门？！儿子才6个月，里面怎么样还没有看，以后看了再评论这套书的“内涵”吧。。。。真是的，拿出来把我吓一跳,0,0,0.9867216348648071
必须差评啊TAT！买完三天后就降价**，心里太不平衡了，快递也慢得屎，还让我骑车出去白跑一趟，话也说不清楚TAT,1,4,0.42787808179855347
不满，我就想给差,7,1,0.44461309909820557
很旧，很破，很差，很贵，以后再不住了。订房还要信用卡担保，就是怕别人看到现场改变主意，太恶心了。前台都没有，很差,9,9,0.9936586022377014
不怎么好，和洗洁精差不多。,4,4,0.988816499710083
东西本身还不错，刚购买到货就降价了*不能保价，让人很不爽。,1,4,0.4767313003540039
苹果已经收到啦，因京东商城系统升级下不了单,3,1,0.6330116987228394
还没有用，不过感觉和实体店买的差不多，等用过之后再追加评价吧,4,4,0.797382652759552
中国的垃圾人永远是垃圾的逻辑，垃圾的处理事情的方式，CNN,1,3,0.28217053413391113
硬到可以把牙硌掉。典型的落果，五毛一斤，不能再多了。,3,3,0.9996963739395142
怎么今天早上发的评价都不给上，这是什么意思？,3,4,0.5945613384246826
这就是车里那个鬼玩意儿，明明盖好了还会自己打开，还会自己漏出来，什么鬼东西,4,4,0.5202704071998596
这苹果简直不是一般的小，小的太离谱了，还看上去有很多伤痕，不新鲜！不知道之前的评价怎么来的！也算贵的了！,3,3,0.9987749457359314
和之前用的味道完全不一样，像假的,4,4,0.9842962622642517
家里用的，还行,1,1,0.8135418891906738
几周前看了《高考1977》，当年江浙一带去黑龙江的知青很多，经常听父辈说起，电影中的情节看着便很有些似曾相识。这本黑镜头说的全是去了陕北的北京知青，相对隔膜一些，但同样很受震动。只是有个悲凉的观感：平民家庭的知青大多被打入谷底而永在谷底，精英家庭的知青则大多能说个“天将降大任”的故事……,0,0,0.6459134221076965
活动说可用卷减*元，可购买时用不了，买后也不返现，客服也LJ，退货还说得要发票，可里面根本没发票，看评论说没发票退货还要发扣钱，坑die，连退货都成问题，京东售后太差了，从此以后不在京东购物了，坑die的。。。,1,4,0.5949348211288452
这是我第四次买这条裤子，不是因为裤子好，是因为我穿了三次了，每次一个月左右这条裤子的裆部就坏了，老子就不服了！,7,7,0.9851808547973633
服务态度太差劲了，物流速度堪比蜗牛，退换货到最后不给换，说是直接把钱退回来。网上购物遇到的最奇葩的店家和客服。,7,7,0.43322914838790894
不错的，华为的东西值得信赖，越用越喜欢,1,1,0.9195164442062378
618屯了一大堆洗发水，潘婷经常用，物美价廉，感觉还不错，好多旅行装(～o～)，出门喜欢自己带东西，很好！就是618物流比平时慢了好多，可以理解啦,4,4,0.9376509785652161
不错，一分价钱一分货，性价比不错，希望京东常推活动！,3,4,0.47056660056114197
物流很快，老人用，还比较满意。搞活动买的，但后来发现没有降很多,1,4,0.5652191042900085
我不太懂电脑，别人帮忙装的系统，听说比较难装，另外就是用一会，就很热了。电源也很容易发热,8,8,0.8162909150123596
差差！难看的要死！不仁别怪我们不义！,7,7,0.5389100909233093
一半的时间在酒店度过的工作性质，比较挑剔的性格：服务好！,9,9,0.8751908540725708
性价比高，显卡不错，不开AA能流畅运行使命召唤4帧数保持30以上，散热也不错，玩3小时使命召唤4也不会很烫 官网XP驱动齐全，现在装XP也很方便了,8,8,0.9851337671279907
裤子会掉色！同样的号码大小差很多！,7,7,0.9995405673980713
选新兴主要就是看重他的地理位置，机场大巴到门口，到西站也很近，出门逛街有地铁，紧挨城乡贸易中心和翠微。由于没有普通标间了，定的豪华标间，也没有感觉出太大差别。虽然临街，但是双层玻璃，晚上睡觉还是很安静的。服务员态度都不错，临走的时候，以为朋友的火车票落在房间了，在退房后从西站打电话给客户中心询问，还是很热心的帮助寻找，虽然最后是虚惊一场，但这点很感谢服务员！总体感觉还不错，但是和其他宾馆相比，房间小了点，价钱稍贵，但其他的卫生、环境、服务还是不错的。,9,9,0.9911032915115356
因为办事处要装修的原因，我住在这旅馆里．这家靠关系得到所谓４星的旅馆，是怎么样的我现在告诉大家一下，在宜宾去那家都比这家好，晚上这里的鸡叫不停．而且不分公母的．会一直叫到２点，我晚上火了，总台会将那个是男的住的房间告诉给鸡婆，晚上你就别想睡的好．投诉了他们说他们没告?,9,9,0.9150868058204651
这特马就是破烂,7,7,0.5812597274780273
不错，物流很快，东西也非常完美，很愉快的一次购物。,1,4,0.29605594277381897
房间很大，大堂很漂亮宾馆附近餐厅很多,9,9,0.966131865978241
豪华大床间房间大，叫人想到摆一台麻将很宽松！出大门左后街道边的瓦罐汤粉面馆很有风味！值得一试！宾馆反馈 2008年4月28日 ： 尊敬的宾客：感谢您入住七星商务酒店！本酒店豪华客房舒适宽敞，可一解您商务之旅的疲倦，也适合小型商务会恰，另本酒店紧邻的福州路为南昌餐饮一条街，汇聚多家美食酒楼及风味小吃。诚挚地期盼您再次入住七星商务酒店！,9,9,0.9773442149162292
好用，正品，量大便宜，物流速度快，京东给力,4,4,0.9544782638549805
不建议大家住该酒店，我就是没有看网上点评，入住后很窝火。,9,9,0.9926935434341431
各方面条件都不错，只是房间、卫生间较小。干净整洁，隔音效果好。,9,9,0.9894776940345764
用了好几天再来评价。说说优点，分辨率高，屏幕显示细腻，双扬声器，影音效果出色，续航还不错，重度使用大概7到8小时。不满意的地方，安卓平板就是个大号手机，许多应用不适配，充电速度太慢，有些设置不人性化。关于拖影，个人没太在意，我朋友用起来也没感觉太明显，难道这批有所改善？说说快递，京东速度没的说，但能不能多填充几个泡沫？！摆脱这电子产品折腾不起好么？！,1,1,0.7944237589836121
非常不满意，要的加绒的，发过来的没绒，问客服吧说是加绒的下个月有货，无语了，没货了也不能随便发一条吧，怒了。,7,7,0.9662315845489502
看了点评后要求入住可看到海景的山景房，前台服务非常周到，住在17层。房间很喜欢，床够大，风景很漂亮，特别是两侧的落地大窗，海景侧正对维多利亚湾，孩子兴奋极了。地点交通很便利，去各个方向都很方便，中环、铜锣湾、尖沙咀、海洋公园等等。上山顶也有15路可直接到（如选择缆车走到车站只需10分钟）。早餐很丰富，服务也相当周到。国语交流没有太大问题。没有前面说的旧的感觉，很满意，以后有机会还会入住。,9,9,0.9814528226852417
样子很好，只是布料不咋地,7,7,0.9911884069442749
好失望，感觉是人家退回去的，线口都爆开了，觉得不值…………,7,1,0.2707689106464386
"性价比还是不错的,房间也很干净,周围也比较安静,唯一的缺点就是房间有点小,我住的大床房间",9,9,0.984261155128479
我都没有确定签收就交易完成了，最重要的那个味道跟我现在家里用着的味道完全不一样，看厂商和地名都一样，标签不一样，盒子颜色在实体店买的是红里透黑，这次买的是血红血红的，至于效果就不想再说了！,4,4,0.9156699180603027
买的裤子质量很好，穿起来挺舒服的，不错，我喜欢，下次还来,7,7,0.9966210126876831
酒店是很新的，环境也很好！交通不错，我想10月份去的话，还会选择住此酒店。再次声明2个小问题：1：宽带的收费很昂贵，40港币/小时或120港币/天2：大家住的时候可能因为电源插座的尺寸不对而影响到使用自带的电脑，手机等。不过，可以跟酒店前台索取。只有一个哦！嘿嘿这个位置很不错的，走路去海边看夜景只要20分钟不到。很感谢携程的预定。,9,9,0.9807393550872803
这本书质量、印刷还是不错的，不过它只适合五岁以下儿童看，我的孩子已经八岁了对这套书好像没有兴趣。另外这套书有些贵。,0,0,0.9992263317108154
这苹果太难吃了！只能说宣传很到位！,3,3,0.9252498149871826
穿两回后发现裤档，拉丝之间有个小洞，不是自己弄的,7,7,0.9891154766082764
"看了网上那多的对它好的评价因此才决定购买.没有想到大失所望!只是把一些常用的英语单词归类而已.对我来说没有任何帮助,也没有别人说的开心搞笑!以前我上初中时,我的英语老师就已经让我们学着将英语单词归类了.非常一般......",0,0,0.8839002847671509
6月23日中午12点进入酒店，说明是通过携程预定了酒店客房。随后就碰到了很不爽的经历：一个面无笑容的戴眼镜的服务台接待冷冷的说：贵姓。回答之后便继续冷言：那里办手续。她用手指了一下另外一个正在帮助住客做登记的服务员。我走过去之后，稍等了片刻，另一位接待便热情的开始帮我做登记。因为付款方式我选择了刷卡，这位前台让我到那个冰冷接待那里去划卡，当然我此时是比较不愉快，但卡机在那头，只得又走回去。如果说服务业人员用无笑容的表情，冰冷的话语做接待是很正常的话，那么过分的事情在之后便开始了。刷完我的卡之后，我的卡是被扔到桌面上的；让我签字的笔是拍到桌子上，发出了很响的一声；信用卡留存单也不肯送到我手里，要自己取；最愤怒的是当我对这个接待说：把留存单送过来的时候。她便摔门到办公室去了。镇江大酒店，一个号称三星级的酒店是这样的服务。当之后我把大堂副理叫过来的时候，副理侧着身，趴在前台上跟我说：这个服务员就是这样的，我们拿她没办法，我代她道歉，对不起，好吧？真是无语了，“对不起，好吧？”刚到镇江就碰到这样的事情，我还能说什么呢？这是我的经历，各位看过就当是一个经验吧。补充点评 2007年7月23日 ： 提高服务水平，提升服务意识是服务业，特别是旅游城市服务业尤其应该重视的问题。虽说我只是众多旅客中的少少一名而已，但我便碰到了这样的状况，镇江大酒店的确需要有很大的改善，三星级要有三星级的样子！看到酒店的回复，我感到很欣慰：和气生财，欲生财者，则礼者不可不学也。,9,9,0.8274189829826355
京东一如既往地好，就是6.18物流比较慢，理解,4,4,0.48486417531967163
苹果很满意啊！物流快，挺好的……吃完了再来买啊……,3,3,0.9677102565765381
脆、甜、略酸。这口感没谁了，非他莫属，果断又订购了2箱……,3,3,0.9582077860832214
这种苹果也太差了吧，一颗星是给快递小哥的,3,3,0.9943879246711731
一般一般一般。。。。。。。。。,1,7,0.2685374617576599
好、好、挺好的就是物流太**了,7,7,0.6269586086273193
妈的，越洗越多头皮！不知道是不是买错了！,4,4,0.9555146098136902
不知道什么原因每个苹果外表好的，里边都受过伤的，希望下次不要再碰到这种苹果,3,3,0.9995867609977722
非常不愉快的购物,1,7,0.491925448179245
很不错，妈妈很喜欢又能上网，也能看小说,1,0,0.5566225647926331
质量还好，但整体一般,7,7,0.4590425193309784
住在这里我一句话都不想说！之前都还没有这样！吗的，现在凌晨三点！打死五只蚊子！咬得我一脸包！sb酒店！杂不去死？这下面图还有一张是天花板！能打死蚊子的地方都打了！什么玩意！只想骂脏话！垃圾一样！没买蚊香千万别住,9,9,0.9870041012763977
设施太陈旧了，位置离火车站近，但附近差不多条件却价格更便宜的酒店多得很！我住九层，晚上睡觉的环境都不好，比较吵，糟杂，我房间对面及左右的房间门都不关，玩通宵牌的，人多嘴杂（也没有酒店工作人员制止）！这酒店真的不太好！,9,9,0.9930151700973511
少发个保护膜，差评,1,1,0.5778610706329346
"酒店大堂奇大,没有任何布置,空空荡荡,非常浪费空间,周边好像没什么吃饭的地方,房间对著西苑公园,景观还可以,算是洛阳最好的酒店了吧,服务真得不行,没有四星五星的水准,我们晚上下机坐的士到酒店,门僮站得老远没有走过来拿行李的意思,只好自己拉着行李去check in,前台小姐服务还是可以的,走时也一样,门僮也是站在一边看,很奇怪,这家酒店培训工作可能做得不够",9,9,0.9789855480194092
挺不错的，好评,1,1,0.39377790689468384
速度依旧很快，快递师傅态度依然很好。包装完好，单果分量足。,3,3,0.8784944415092468
超满意啊，第一次在这家买，会回购的一家店，裤子有弹性是那种质量很好很上档次的牛仔裤，物流也快，快递发的是顺风，给卖家比心,7,7,0.9856306910514832
送老人的东西，老人非常喜欢！,1,1,0.37088489532470703
连续买了两条了，真心不错，还会再买，给力！,7,3,0.42036575078964233
第一次买华为，嗯，也是最后一次买，东西好不好的暂且不论，售后这么差。用了一个礼拜充电器就有问题。表示这辈子再也不会用华为的任何产品了。祝生意兴隆,1,1,0.5881304144859314
怎么感觉收到的书不象正版的，装订一点不整齐。,0,0,0.9791092872619629
一直都是喜欢潘婷系列的，洗的头发后效果很不错，头发没以前那干燥了，以后还在京东买。,4,4,0.9926234483718872
帮老板买的自己一直用T系类，所以当老板说需要个不是很贵的小本，我马上推荐X200,8,8,0.5477837324142456
昨天拿到商品，商家说保真，我查了一下，官方网站根本查不到我所买的商品的防伪码，希望京东能打击这样的假货，让客户放心在这个平台消费,7,4,0.4850938618183136
键盘用起来不怎么样，功能有点别扭，手感不好，内存也不怎么理想，跟本存不了多少东西！还有，电话本和短信息的存储量也非常小！！！,2,8,0.6115939617156982
衣服收到了老公上身试了一下太惊喜了老公说还想再买一件布料舒服穿着也上档次真的不错喜欢的亲们敢快下手吧,7,7,0.996311366558075
货到了没收到短信,7,7,0.4341038167476654
不错不错 赞赞赞\(≧▽≦)/\(≧▽≦)/\(≧▽≦)/,4,3,0.35889071226119995
"配置相当不错能满足一般家用,散热还可以不会明显感到不适,有些驱动需到官网下载,安装XP系统很顺利,己用了二天目前都还正常.",8,8,0.9849477410316467
看起来不错，做工精细，穿上挺舒服的，显得大气。,7,7,0.9938859343528748
商品还可以，但送货服务员态度极差！,7,7,0.7182335257530212
质量很好，面料很好，穿上很舒服，大小合适，相当理想，关注好几天才买的,7,7,0.9897717833518982
有点小热，电池用起来飞快啊~不知不觉就出来个感叹号提醒你了。,8,1,0.6187847852706909
除了酒店的位置好，其他的都很一般了。环境很安静，我们要的是朝里的房间。一点儿也听不到飞机起降的声音。要赶早班的要提前问清楚早班车的时间，好像是没有太早的班车。,9,9,0.9917247295379639
极差！停车收十元钱！穷则思变！房间招待所、服务员优越感极强！,9,9,0.993643045425415
果子标准个头，闻起来挺香甜。包装很稳妥。价格一般。网购主要图个方便，不用耽误时间费力从超市水果店搬运回来。,3,3,0.9977421760559082
货品均一收到，货到了就用了一下，感觉很好的，是正品，物流也很快的，早上下单下午就到了，,4,4,0.3854653835296631
只能使用3g网络。屏幕颗粒感很强，大黑边，很厚，不知是几几年的产品了！,1,1,0.6656307578086853
活动给力 凑单购买 方便实惠 很好,4,4,0.6031960248947144
想买八喜来着，结果好死不死最后一罐给别人买走了，也就只能合着一根存在食品安全问题的蒙牛绿色心情和一大瓶酸奶来冰冻一下最近浮躁的心。不够就明儿去大超市买哈根达斯去！！,6,6,0.9663687348365784
吃完了才评价，苹果很新鲜，水份多,3,3,0.9995028972625732
抵制蒙牛比抵制日货更靠谱。,6,6,0.9889872670173645
我也不爱喝蒙牛~唉唉唉唉 不喝，竟敢不喝三元奶？,6,6,0.999302864074707
这样的东西也寄出去，都是腌的，我都不想说了，买给我父母吃的，被骂了一顿,3,3,0.6803380250930786
真心的不错，干净，甜，，味道美,3,3,0.5971817970275879
苹果买了n次了，味道还不错，价钱也比较合适，值得购买,3,3,0.9692960381507874
老婆说还是沙宣好用，味道也不错,4,4,0.7643613219261169
还没装上去，美的货信得过哈哈！不过物流真心麻烦，明明是市区，居然要跑到30公里外收货，对物流无语了，短信发过来，电话打过去居然打不通，这是物流吗？？？,5,1,0.33889803290367126
日期都没看见，会不会是*的,4,4,0.2933376133441925
衣服收到了，质量和做工都非常满意，大小合适，卖家态度及服务都很周到，还会再次光顾的。衣服很合身，款式很帅气大方，质量不错做工精细，面料也很好，非常满意。,7,7,0.9950371384620667
"咖喱能减肥,多吃吧,只是中间加了一段蒙牛广告,不太好噢~",6,6,0.8640103936195374
覺得很失望.這本書這麼火.可是並非我想要的內容.作者是博客出身.怎麼寫都是他的自由.但是出版成書就應該章節嚴謹.出處博引.不然怎對得起讀者?看在我眼裡.只能想到這個評語--有寫小說的欲望.沒有寫歷史的本事1.朱元璋的人生中.劉基跟胡惟庸是多麼重要的角色.但在本書中.所謂足智多謀的劉基.作者只寫到所謂安丰之戰.而且還只是劉基規勸朱元璋不要攻打的兩句話.這樣就可以定位劉基的神機妙算了嗎?其他的戰役呢.其他的權謀呢.劉基的角色何在?胡惟庸寫的比較多.但是他的惡形惡狀呢.他的權謀運用呢?都是一筆帶過.比起他對戰爭場面的描述.那真是小巫見大巫了2.作者的強項顯然是戰爭場面與部份小故事.雖然還引用古文.還幫我們翻譯.但我覺得大方向沒定好.重要主角群配置份量沒抓好.很多事件只是輕輕一筆.可見參考文獻的不足3.寫作的語氣當然可以是作者自身的風格.作者用現代流行語重新演譯了亂哄哄的明史.但是作者屢屢試圖以第一人稱做心情描述.卻煽情且花費了大篇章..只能說..他下一部書應該是小說吧,0,0,0.9740294814109802
苹果不错哦红红的，吃上去口感也挺好，脆甜的放在冰箱里，冰过以后非常好吃,3,3,0.9970346689224243
华圣苹果很不错，很脆很甜，下次有需要再买。,3,3,0.993708610534668
老者还知道你很好奇，知道你有疑问，他还允许你提问，然后他会用他渊博的见识，耐心地为你分析，合情合理，还不乱下结论，好像在和你互动。,0,0,0.9123860001564026
一如既往地支持京东一如既往地支持京东,1,1,0.5298658609390259
一直在京东上买东西，这次最差，说的是中果，可却特别小，还不是很新鲜！欺骗消费者！,3,3,0.9046391248703003
给家人买的，大小正好，很不错，相信京东,1,1,0.37302184104919434
一般般，一般般，真一般般,7,7,0.5194147825241089
刚使用系统就死机，随便点个东西进去上下两条黑边，重启才能解决，4次了,1,1,0.6356177926063538
东西不好，小而且发绿，感觉没熟透，有一颗还起了霉了，失败的一次网购,3,3,0.7685925364494324
京东的速度就是快，早上八点拍下，下午三点实物到手。电脑手感非常好 屏幕分辨率清晰 ，反应速度和联网速度都比较快。至于说曼哈顿音响有多么多么的震撼 到是没感觉到，或许本人音乐质感不强。总体评价 这款产品挺不错的 符合这个价位。给孩子当游戏机用 期望没什幺小毛病耐用些就可以了。支持国货 支持华为 支持京东 ！,1,1,0.9434097409248352
质量太差，面料太差，崴货，以次充好,7,7,0.978063702583313
裤子特别合适，穿上很有型，给老公买的特别喜欢，关注店铺了，以后还会多多来的,7,7,0.9915784597396851
比照片上好看的多，非常喜欢，质量也比较好，希望下次还可以买到这样的好商品。,7,7,0.7712909579277039
以为秋冬新款会厚点，其实是夏装。没有非常修身，本来想退的，怕烦人就不退了。,7,7,0.9747705459594727
宝贝收到了，迫不及待的就玩了两天，感觉很好，反应佷快。可能是新的原因吧！就是还不知道电池耐不耐用，要时间久一点才知道。,1,1,0.5586806535720825
双十一活动购买的，不错，买三免一活动，划算！,7,4,0.6597310304641724
裤子版型很好，穿上很舒服，没有线头或开线的地方，非常值得购买的一件宝贝！！！好评,7,7,0.9916400909423828
很省电，听音乐的音色也很清晰。,1,2,0.4848043918609619
园林环境非常好，但服务非常差，晚上只有一个年龄很大的服务员，一个人服务所有的房间。要什么没什么～,9,9,0.9954907298088074
老婆再用。电池太不禁用了，大半天没电了，表示选择错了,1,1,0.7815597057342529
送货员很快，到货了还没有用问起来味道挺香得。,4,3,0.46993619203567505
"商务生涯20年来国内最差的一次体验.前台席姓接待斜着眼说话就当是低价酒店的服务也罢.当整夜的飞机轰鸣加上半夜12点还有整批延误旅客的入住的喧闹和争吵让人更本无法入睡.恶劣的是下水道还有回臭,关了卫生间也挡不住.后悔没住其它经济连锁.永不再住!",9,9,0.9913604855537415
一个位置不错的老酒店，还可以。但是价格不算便宜。,9,9,0.9757993221282959
"虽然酒店的选址不是很好,但是如果去宝安出差,应该还是不错的选择,下次过来应该还会入住.",9,9,0.9883129000663757
我觉得这篇小说越写越好了，后面的感觉比前面舒服的多，前面亦舒的味道太多，后面写出来自己的感觉了。厉择良在写意面前应该是很矛盾的心里吧，他的腿其实带给了他很大的自卑，至少在沈写意那是这样的，所以才会有这么多矛盾的行为。当厉择良想从床上起来时，侧眼看到那一边被迫卸下来的假肢，面色一凉，人也闷了下去，这里看的人真难过。要厉择良在写意面前坦然的露出这条腿需要的不是一般的勇气！,0,0,0.9853308200836182
有点重。 一开始拿到手的时候TAB键松了，不过一按就按回去了还好。 有线网络的连接有点问题，不过可能是我家网络的问题。,8,8,0.8444226980209351
刚买了还没怎么用。不过现在感觉很不错值得入手,1,1,0.42141878604888916
酒店环境确实不错，离市中心也近。因航班改期，没有订到相同的房间，我们到时已是半夜，要求两天换到同样的行政楼层，前台小姐很热情的帮我们办理了，还主动帮我们回复了携程，很满意。房间还可以，只是卫生间的淋浴是头顶式莲蓬，相当不便，水流也小。不过在宜昌能有这样的酒店，应该算是不错了。,9,9,0.9919536709785461
"该酒店的设计理念是让住客感受农村的田园风味,沿水而建的别墅只是大,手工如同农民的村屋一样粗糙,不能细看,会影响心情.这次我们四个男人订的是独享双间别墅,实为三间房间,其中两间为大床,另一间为孩子房,与携程上提供的""大/双""有出入,酒店说已向携程反映床位问题,但这样酒店还是为我们换了间5房的别墅,只开两间房.别墅内有车库、厨房、冰箱、带烘干功能的洗衣机等，一应俱全，若房价平宜点，我会自驾车再住上几天的。",9,9,0.9797637462615967
衣服太大了质量也不行,7,7,0.9981787204742432
速度挺快的，华为品质杠杠的,1,1,0.9297069311141968
苹果不是很大，但是味道不错，就是有几个有磕到，不过还好不影响吃，很甜的喔……棒棒哒……还会再买的,3,3,0.9871349930763245
质量杠杠的，物流配送速度快，还会继续购买关注这个品牌。,7,7,0.31508415937423706
喜欢京东购物，公司使用，可开增值税专用发票。,1,4,0.7113771438598633
发膜是用过的，旧货。京东做这么差劲的事了吗？,4,4,0.8290504217147827
１．做工差强人意，打开屏幕的时候摄像头地方居然会响（面板陷进去了），勉强接受吧，不影响使用 ２.触摸板实在太过灵敏 ３.音质一般 ４.ＤＶＤ驱动做得一般，关的时候就能感觉到 ５.京东不送鼠标,8,8,0.7221143841743469
屏幕的边框是指纹收集器。屏幕亮度每次调低后，再重启，又变成最高了,8,2,0.4274110198020935
不好看，给弟弟买的，这个要年龄大的穿,7,7,0.9608016014099121
书本的质量很差：收到的书本前面几页装订反了，有几页本来就没有装订好，直接就可以拿下来。寄回当当网换货，20多天了，一点消息都没有，写了邮件通知换货的原因，却没有见到任何回复。为了要换货，我还要特意去跑一趟邮局。这次买书简直是受气。这样的服务也太差了。,0,0,0.9521604776382446
内存有点小，不过现在内存白菜价，可以随便加。另外电池让我稍稍失望，只能支持2个小时，显得有点不够。sis的主板有待验证，希望不要像传说中的那么差。,8,8,0.9876053333282471
就是风扇的声音有些大， 不是大是频率高 刺耳，不过这个价格忍了,8,8,0.8181707262992859
"装到U盘果然这次认到了马上格式化然后进行GHOST,嘿嘿结果大家该猜到了装好了，不过后头的事情还有很多哦，装驱动是最最麻烦的了，",8,8,0.9870982766151428
说是三个一公斤左右，我四个只有0.4公斤，左右也差异太大了,3,3,0.8742563724517822
真的太值了，很好用，还送了很多赠品，下次还会光顾，因为实在好用,4,4,0.9156433343887329
觉得没有什么内容可言。翻翻就扔在一边了。,0,0,0.9613938927650452
住过不少三、四星级的酒店，青海宾馆是最让人失望的一家。看到网上的照片还不错，实际上相差很大。酒店比较陈旧，无论是房间的颜色还是房间内的家具设施，感觉象是一个90年代的招待所。我订的是大床间，床直对着厕所的门，浴室里的毛巾也是黑糊糊的，感觉洗不出来的那种感觉。晚上有骚扰电话，而且房间的隔音也不好。有意思的是，我想把行李寄存在酒店一下，那个问讯处的小姐就拿一张纸写了一个收条给我，连个正规点的单据也没有，可见管理的不足，也不知道怎么评上四星的。所以，第二天我就另某住处了。,9,9,0.9947929978370667
"酒店服务不错, 厕所浴室最正,自助早餐丰富,免费享用泳池及健身室, 只是酒店的地区位置欠佳, 建于工厂区, 没什么行街地方, 只有坐酒店车到常平火车站, 再转车到市内行街, 如果酒店有提供交通指示, 即是坐什么车到什么地方, 就更好了, 不是每个人都有开车过来, 及坐那些开天刹价的白牌车的。",9,9,0.9742200970649719
日真是太垃圾了用了三个月主板就坏了,1,8,0.6067435145378113
这是一本很好的中医书，不懂中医的我从这一本开始对中医有了了解，能根据自己的状况，运用所学的中医理论来保健，而不是听别人说自己照办的那种盲从，这一本学下来，自己感到我的健康的行动有了根据，这是最重要的，希望著者与出版社出这样专家写的通俗易懂的好书，也让我看到了专家与一般大夫的差别，也让我看到了我们的中医大夫的功夫和中医的魅力。谢谢,0,0,0.9993544220924377
酒店环境一流，房间也很令人满意，舒适、干净、卫生，只是楼下的中餐厅收费比较高，在房间打电话去旁边的夜总会还要收电话费，有点那个...不过总体感觉还是对得上五星标准。,9,9,0.9922176599502563
宝贝很好，老爸很喜欢，速度快，看视频清晰，玩游戏不卡，手机不热！！真的超级超值！！！,1,1,0.7199086546897888
#蒙牛自由行#活动已经开始喽，大家要吃好喝好才有力气参观蒙牛总部哦。,6,6,0.9803125262260437
我就是喝着三鹿牛奶长大滴 哎，真可惜！怀念三鹿 蒙牛恶心的事情也不少，怎么还活着？,6,6,0.9921100735664368
骗人的，贵的要死还不新鲜，太小又不好吃太差了太不值了，大家别买别上当,3,3,0.9664705991744995
先定的普通标间，感觉比较差，连三星都不如，就换到豪华标间，是不同的楼栋，环境要好很多，酒店给人整体感觉很平庸，没有啥特点。,9,9,0.9951921701431274
在湛江应该算是比较好的酒店了，在霞山和赤坎中间开发区内。服务生的态度，大堂的环境都还不错，就是酒店外面的停车乱一点，应该好好管理一下。,9,9,0.9868584871292114
环境比较不错，做为柳州本地升级上来的四星酒店来说，还是比较不错的！并且服务员的态度也是非常好的，在房间中拨打国内长途免费，这是只有柳州地区才有的！较为有特色！,9,9,0.9803747534751892
本来以为这个价格的本子做工不会好到哪里去，到手后一看，做工还真不错，至少比5k的dell好。。。性能也过得去。。。,8,8,0.8288370370864868
苹果很脆，很甜。包装很好，每个苹果都有一个独立空格放，避免果之间磕碰。,3,3,0.9970937967300415
送货速度快，服务态度好，京东自营有保障,3,4,0.6898499727249146
总体来说不错。交通比较方便，早餐也可以。步行去沃尔玛购物约十分钟。去旅游的话还是开车方便，景点可以去多去几处。补充点评 2008年4月13日 ： 小心电梯夹人，合上的速度太快了，很少见。,9,9,0.9907683730125427
不行，穿了两次，拉链就掉了，尴尬的不行,7,7,0.9927419424057007
刚拆开，盒子好脏，像是被别人用过一样，物流倒是挺快的,1,4,0.6217955946922302
说实话，这个价钱买这个配置的本本~~~什么都不说了。性价比高，价格很实惠，显卡没的说，对笔记本来说已经非常好了。3D游戏运行流畅。 系统也没有坊间传言的那么难装。,8,8,0.9921998381614685
这哪里是什么五星酒店，很差。,9,9,0.9571385383605957
不好，整体服务的态度，水平都极差。还这么贵，早知道就住好一些的了。,9,9,0.9837347269058228
京东什么意思？临近保质期也卖？保质期只有3个月不到，更何况是牛奶，商家真黑心，这次买的牛奶全是临近保质期！原价购买！,4,4,0.6220453977584839
很划算，趁活动买的，屯着慢慢用，一直用的这个牌子，香味喜欢，洗过头发之后，很顺滑的，满意，快递小哥的态度也是一如既往的很好噢,4,4,0.9731172919273376
手机盒没有塑封膜和防伪封标，充电器也没有包装，最主要的是没有使用说明书。手机还能用，也懒得换了。,1,1,0.8415522575378418
裤子不错，就是现在肚子又点大32的腰穿起来有点紧了！,7,7,0.9964002370834351
"从庐山下来住了一夜,第二天打出租车到长途车站乘车去黄山。这里就在火车站旁边，如果坐火车倒是近。但是离繁华地区稍微有些距离。住宿不含早餐，每位5元一份。没有觉得有火车噪音，好象夜间没有进站的车吧。洗澡的热水不错，温度挺热，随时都有。车站边上的快餐店饭菜口味极差，千万别去吃。",9,9,0.9726614952087402
"建议携程不要和这家酒店合作,名曰三星,要我看准星级都勉强!首先不在市区里面(去涵江区打车还要10块钱,当然你能打到的话)在一条前不着村后不着店的公路旁,交通极其不便;其次一进入酒店就一股霉味,地毯上到处都是污渍,很像地图.最不能容忍的是有很多小虫子,到处乱爬.我正好赶上台风没有办法只能在那住要不我不敢保证还会住那里.",9,9,0.9900075197219849
超薄，方便，物美价廉，看电视看电影玩游戏一点也不卡,1,1,0.8441574573516846
地址位置可以，但是房间没有窗户，还是有点难受的；刚进去气味有点次不消，太闷了！ 介意的旅客就不必考虑了,9,9,0.996690034866333
由于没有标准房，给换了间有约层的房间，感觉还不错，就是早餐差了一点。,9,9,0.9935664534568787
挺好用，还自带皮套，价钱也很好，喜欢喜欢,1,1,0.47454243898391724
颜色有点褪色 多处缝边出现线头。做工好差,7,7,0.873795747756958
宝贝收到了~物流快~服务好~宝贝和预期的一样~就是内包装有点不精美…效果使用后给予评价,4,4,0.7388045787811279
很快销量高618.有赠送的。先用。味道可以,4,4,0.8015941381454468
"很后悔,不怎么样的一本书,千万别买",0,0,0.9867852330207825
整体来说还是比较满意的，散热挺好，噪音也不大，运行VISTA也还算顺畅,8,8,0.8363149166107178
不能兑现预订的酒店是全世界最差的酒店，譬如这家万里路国际青年酒店。补充点评 2008年1月14日 ： 订好了的，到了酒店说没房。……,9,9,0.9931524991989136
价钱变的太快啦太快啦！刚买又降,4,4,0.4783848226070404
该平板没有复原键，退出当前界面要等等等等时间，写字时几秒钟就会黑屏，差评，强烈不建议购买！！！！！！,1,1,0.8495600819587708
不喜欢，不值这个价钱,7,7,0.4615281820297241
裤子还可以～物流很慢～发货很慢～很不满意,7,7,0.8753153085708618
裤子很漂亮 很酷 很有型 穿上很舒服 质量也不错 很显腿瘦和腿长 还很百搭,7,7,0.9979482293128967
看到伊利就想吐，看到蒙牛就晕倒，看到王老吉就上火！,6,6,0.9160271286964417
支持TV-OUT视频输出；屏幕面积很大；MP3功能出色，并且支持后台播放；拥有128M的内存。,2,2,0.8699776530265808
#健康晚餐分享# 我在用iPhone应用“边吃边瘦”记录今天晚餐吃了蒙牛冠益乳，107克，54 卡路里 @健康4加1,6,6,0.9805073142051697
物流超快，昨天晚上刚下单，今天中午就收到了，开机看了一下，还不错，质量也挺棒的，点赞！！,1,1,0.30867400765419006
比我想象的好多了。非常喜欢。看看电视上上网。,1,1,0.30493059754371643
不是特别大也不是特别小 总的来说还不错 没有耳机 数据线充电器都有的 个人感觉耗电比较快 物流配送服务很棒 很快也很专业 目前没有什么大的问题 后期再来补评价,1,1,0.4324725568294525
个头不太大，包装完善，没有一个有问题的，总体挺好的,3,3,0.3348037302494049
低级蒙牛 当然唔饮啦！ 不喝蒙牛很多年！,6,6,0.9848158359527588
裤子令人非常满意，穿上也非常舒服，感觉也非常好。朋友见了对其评价也非常好。都想再次购买。总之此产品非常划算。,7,7,0.7009016275405884
感觉不错，画面也很好，一直支持京东商城，不过现在做大了一些小细节没做好吧,1,1,0.8182905316352844
垃圾的要死，掉色严重，洗了两次还是一摸一手黑色，直接扔垃圾桶了,7,7,0.5574509501457214
非常的好吃 脆 甜 苹果味道很香 每隔两三天都会买一箱给孩子吃 孩子很喜欢吃,3,3,0.9977999329566956
本书综合性的向我介绍了马利坦的思想。其实不仅是这位新托玛斯主义哲学家的思想，而且是对整个传统和古典思想的继承与发展。就凭这一点，本书值得一读，而且要细读，因为它的综合概括性很强。所以，依本人的拙见，本书可以作为对西方传统哲学思想的“开胃酒”或者是“饭后甜点”来读更为适宜。祝各位爱智者能从阅读中得到真正的享受。,0,0,0.9994687438011169
张竞生先生的爱情观开国人之先河，在情海爱河中自由的遨游真是不亦快哉！张老先生的爱情理念是建立在女性独立及两性平等的基础之上的，张老先生生命中的那些独立自由、勇敢追求爱情的女性是多么可爱啊！这本书虽作于半个世纪以前，但其中的观念在今天的中国仍然是前卫的，给人很多思考与启迪。书中的优美语言如潺潺流水般娓娓道来，给人以美的享受。真是“美的漫谈”啊！,0,0,0.9994825124740601
感觉用这机子通话时有回声，信号应该是没问题，换了不同的地方情况还是一样出现。再有，感觉这机子的数字显示不是很清楚，而且感觉字体有点小，不过，这机子还真是省电，最长时间用到1周，呵呵,2,2,0.6863118410110474
平板很不错，电量也可以，给父母买的，满意不错！,1,1,0.9596894383430481
买了没几天就降价了，而且还不退差价，态度恶劣，差评,7,7,0.32291290163993835
垃圾里面都是坏的号码还不对,7,7,0.662116527557373
平板很棒，配了三星256G的卡，看视频的神器,1,1,0.9793018698692322
虽然是很便宜，但是也要保证质量啊，水果很小不说，成色也很差，还有两个居然坏了，看来这次只能一星了,3,3,0.9510317444801331
声音忽大忽小，怀疑mic有问题，再试几天，不行要退,1,1,0.48309752345085144
还可以，不过买完过几天就降了几十块钱，感觉有点亏，这款这个价格性价比算可以了，只是画质没有期待的那么清晰，有待提高。音质，连接家里的蓝牙音响放出来挺好的，单放就一般，自带的应用市场里有些APP找不到，比如说王者荣耀…，浏览器上搜索也可以下。内存再大点就好了！,1,8,0.5431121587753296
不支持MP3.很多功能多没有.我心都碎了.买的不值,2,1,0.678934633731842
颜色配送错误 差评,7,7,0.6274688839912415
2016年2月29中午，我的第五台荣耀note9.6寸平板从京东荣耀旗舰店发货收到（京东订单号：12235689503），下班回家打开准备用用，结果有了意外发现。这数据线怎么变难看了，仔细一看，我擦，不是原来的那种原厂的带有华为logo的数据线了，做工比较粗糙，于是问京东荣耀客服，结果告知不同批次就是这个样子的，今早又打8008308300投诉，客服开始说应该都是一样标识的，给人的感觉是此数据线是不对劲的，完了又说了一会结果忽然改口说华为产能扩大，可能有这样的状况发生，以不影响使用为准，如果影响使用可以找售后处理…………,1,1,0.5394784808158875
条件不好，设备简陋，就是离机场近一点！,9,9,0.9798126220703125
很甜脆，新鲜，比店里买的方便多了，又好，以后就这里买了！快递早上下单，现在四点多就收货了，太棒了，赞赞赞,3,3,0.9555382132530212
屏幕质量太渣，分辨率屎一样,1,1,0.8955516219139099
很好，很满意，妈妈很喜欢,1,7,0.32518884539604187
好小呀！超市卖5毛一斤的都比这大,3,3,0.6793702244758606
我收到货的时候，不怎么新鲜，不知道是哪个环节的问题；吃起来也是淡而无味，很失望 的一次网购。,3,3,0.8469088077545166
插了个闪存128g储存卡，老要重启才能识别，好郁闷的说,1,8,0.5028988122940063
东西是不是正品我不知道，不过这次京东自营实在太让人失望，15号下的单，说是当天下午就能送到，但是一直到19号下午才到，这和普通快递有什么区别？我花这么多钱主要就是图个方便，结果倒好，包装也特别简陋。实在让人伤心,4,4,0.43212267756462097
我也是5499时买的，本来想买NN901PA但没货，看这款降价就买了。 硬盘通电6小时，完美屏。运气好啊~~~~~,8,8,0.8471786379814148
包装不错 果子也看的还蛮好看的呢,3,3,0.9900600910186768
穿着舒服，大小合适有弹性，以后就?了,7,7,0.9920720458030701
还可以，已经安装了，没用过，还在装修中，等到入住时试试。,5,5,0.9725341796875
质量很好，促销给力，值得推荐,7,4,0.46814489364624023
给4岁的儿子买的。故事的内容很实用，上幼儿园啦，海边堆沙子城堡啦，幼儿园挨罚啦，商场走丢啦，都很切合孩子平场的行为，基本都碰到过。就是现在孩子有弟弟妹妹的情况不多。故事语言很孩子化，图片也非常生动，儿子很喜欢的。不过一本书的内容并不算多，感觉刚上幼儿园的孩子会比较适合。对4岁以上的孩子来说，稍微有些偏简单。,0,0,0.9992390871047974
怪自己瞎 500ml 卖75 被京东送券的局坑了 大家别上当,4,4,0.48206761479377747
触屏有问题，按着屏幕图标拖一会儿，就会失灵，玩王者荣耀，方向控制轮 盘，控制一会也会失灵,1,1,0.5784682631492615
物流配送快、外包装完好、沙宣是我一直用的品牌,4,4,0.6033257246017456
第二个坏的了 才吃了四个 还剩8个 不知道还有没有坏的,3,3,0.9979128241539001
像是正品还没用物流超快价格低廉,4,4,0.4529602527618408
房间中规中矩，早餐一般能吃饱，本以为性价比好才入住的，没想到加了一双一次性托鞋，结账时要18元，抢劫啊！第一次碰到拖鞋要钱的，而且没有任何提示，严重影响心性，差评。,9,9,0.9855911731719971
东西到了，看后30秒，点火烧掉了，好不好我不知道，颜色不喜欢，特难看,7,3,0.3699042797088623
太小了 质量一般 速度更是垃圾,7,7,0.6373453140258789
这是第一次给差评，实在不守信用了，昨天买的今天就降价了，而且商品下面显示赠送小梳子，结果收到货却没有，问客服，客服说赠品要自己选，不选就没有，既然显示赠品不就是要随产品一起送给顾客吗，我说那申请退货吧，客服说要48小时处理，收货一天，退货居然要两天，真是太坑了，不退了就算长个教训，再也不会来你们店了。,4,4,0.5245895981788635
卫生打扫不干净，洗手池里有头发，地毯上有枣核。,9,9,0.6738580465316772
外观看来不错，不过能不能用，等我试试吧?,4,1,0.577296257019043
《今天》杂志的作者们将自己几年来的回忆文章编辑在一起，让人又开始追忆那逝去的诗意岁月，70年代末以及整个80年代，这个全国上下充满浪漫激情的年月里，是这样一群充满激情的人穿梭于语词的间隙，挥洒着深沉的浪漫。如今，这群人已不再年轻，但是，那个时代的激情将永葆青春！也很诧异，有关《今天》的书终于可以在内地出版了！想想《沉沦的圣殿》的命运……,0,0,0.9736126661300659
不好，质量一般，号码偏大,7,7,0.8712267875671387
没什么香味！强健发根，希望有效,4,4,0.9371972680091858
我了去，太大了！给力！屌丝男士装13神器,1,1,0.24961495399475098
外观独特比较吸引人,2,2,0.6514767408370972
手机里面什么都没有，真心后悔买了，亲们千万不要买不值这个价。本来下单的时候领取了赠品结果什么都没有太无语了。,1,1,0.6685417890548706
第一次买无硅油不知道怎么样？希望不要让我失望！,4,4,0.9058250784873962
裤子收到了，质量很好，没有色差，穿上大小合适，面料不错穿着也舒服,7,7,0.9980765581130981
酒店很差，虽然挂牌4星，但只有准3星的感觉，房间是很大，但设施一般，灯光太暗。海景房是是远远望去才可以看到。房间里有霉的味道，虽然不强烈。虽然是1月，房间里有蚊子，咬了不少包。440的价格还要加政府税13元多，不包括早餐和宽带，宽带10元一小时，50元一天，早餐是广东式早茶单点，有些浪费时间，算来也要530－550左右，这个价格在上海、北京、广州都可以住很象样的四星。希望Ctrip找好一点的酒店，当地的假日的价格又有点高，虽然没住过但我信任假日的品牌。其他是否可以去找一些比较好的四星？,9,9,0.9906634092330933
还没用，赠品送错，给个差评,4,1,0.4742152690887451
比超市便宜，送货方便，快递员很尽心，大热天直接送到楼上。,1,4,0.30432578921318054
有些大男子主义，看起来，心里很不舒服，人应该是独立的，为了维持婚姻关系，而总是以对方为中心的生活，早晚会迷失了自我。,0,0,0.9623573422431946
我晕，我的订单包括这本书，订单的其它东东货有到手上，偏偏这本书给落了。,0,0,0.7262903451919556
感觉还不错，虽然不算新也不算豪华。地下一层的桑那按摩（当然应该是独立经营的）骗钱，故意不说要加房间钱。,9,9,0.980164647102356
给老妈买的，外观漂亮，速度方面确实是快，触碰灵敏，游戏加载快，屏幕出色，双扬声器确实nb，音效没的说。不过2k屏幕续航确实有那么点差，而且最美中不足的是为什么没有快充啊。,1,8,0.7256357669830322
没用呢，都特别喜欢，超级划算，相信京东，品质保证，快递大哥特别赞，送得快，态度好,4,4,0.6580708622932434
曾经暗恋过一个O型的GG。他是一个很沉稳的人，甚至内向。一开始以为他是A型人，后来发现他仍然有着O型的特质。比如说，“一旦喜欢上对方，就无论如何也做不到只是‘远远观望’。”我一直期待着自己能够打动他，但是他身边终于出现了心动的女孩……我才知道，所谓的木讷，不过是没有遇到自己喜欢的人而已。Sigh，买了这本书，逐一阅读下去，发现真的和他很像。以此纪念我那段失败的暗恋。,0,0,0.9791791439056396
发货超级慢，到货太晚！,1,7,0.5152996778488159
我5月30日入住，6月1日退房，但比较离谱的是当我5月31日外出办事时，回来竟发现房间已经check out，当时我极其郁闷，酒店也很纳闷，幸好房间我没有放任何私人物品。还好，酒店的应急方案不错，并送了一份水果致歉，最好告诉我说是新来员工摆乌龙，这个理由有点勉强。,9,9,0.9884039163589478
"酒店实在太差了,房间隔音极差,北塔挨着迪吧，快曲放到半夜3点；换到南塔，又挨着KTV音乐响到半夜2点，根本睡不着觉！换房间的时候服务员态度又很差，真是从来没住过这么差的酒店",9,9,0.9950186014175415
洗完头发枯燥，不好用,4,4,0.8302820920944214
在**都没买过那么劣质的，与照片完全不符，太恶习了，关键是会不会对身体有伤害啊，一直有毛绒绒的,7,7,0.6683244109153748
不错，昨天拍的，今天到了，价格实惠，孩子们又喜欢，不用常常跑超市了，点赞有京豆，必须的。,3,3,0.5544138550758362
送的东西就是个坑，包装就烂了，意思就是想要退货就得花198块钱买这个**会员,1,4,0.49138250946998596
京东的发货实在太慢了。打包后三天都不发货，催了几次终于发了，订单选的是圆通，京东给我发了中通，5天才到货，另外京东的客服不怎么样，咨询信息要等几个小时才有回复，最烦的就是老是说“请你稍等'。,8,1,0.2862926125526428
京东几百单最差的一次购物，什么玩意儿。发来直接就是坏的。诚心恶心人呢。,3,4,0.4898560345172882
帮朋友买的！机器质量没的说！外观也没问题！配送很快！支持一下！,8,1,0.6686580777168274
东西不错，物有所值，配送小哥服务态度也很好，就是为什么晚一天后价格便宜不少……,4,4,0.26354900002479553
不好用，用了后起头皮屑，同事们都说是假的,4,4,0.9921461939811707
老公很满意，说又实惠质量又好！不错！大家可以看看图,7,7,0.7593130469322205
我个人感觉一般，太多的堆彻和从第三者角度出发的评价，但和读者的感觉却有若天壤之别。几乎有点看不下去的感觉。特别是讲贺顿和电台主持人一起主持节目的那一段，书上讲了女心理师多么的睿智机变，节目多么吸引听众，但从书上的描述，我感觉——如果我听到这样的电台节目，一定换台！我还特地把一些段落指给老公看，他读一段就拒绝再看。我最后是跳着看完的，一个感觉：盛誉难负！,0,0,0.9976173043251038
衣服很满意 质量不错 穿上很舒服,7,7,0.995452344417572
酒店比较偏了，虽然是在东方路上，周围也没什么餐馆可以吃饭的,9,9,0.9781824350357056
店家说修身的裤子要比休闲裤小一码左右，为毛我的差那么多？跟地摊没什么两样，收费是地摊的快十倍了！,7,7,0.9891344308853149
"酒店位置很不错, 而且在市中心, 对面是人民公园. 而且有直通班车到罗浮山的绵州温泉酒店, 如有时间, 值得去温泉酒店泡泡.",9,9,0.98799067735672
万豪旗下的酒店，管理不错。酒店环境也很好。,9,9,0.9806525707244873
裤子修身，线头用火烧的，剌手，物流超慢，过去两天半才给发货。,7,7,0.991804838180542
二手的机子 电池不抗用 太坑了,1,1,0.8736311197280884
除了烂就是脏，枕头黄色的,9,7,0.7447729110717773
VISTA系统难操作，不习惯，钢琴烤漆高档但得外配贴膜，最重要的是缺了IBM三个字母，一直觉得，IBM不做太可惜了，国际商用机器公司呀！！！,8,8,0.7456212639808655
帮朋友买的，支持国货！,1,1,0.4183677136898041
东西确实不错。,1,1,0.3328077495098114
非常差的一次购物体验，可以说都是水果店水果摊里最差最小的那种水果,3,3,0.9959074258804321
收到苹果啦 发货速度很快 看着苹果也不错 整体来说非常满意的一次购物,3,1,0.4844799339771271
1.内外屏显示效果一般； 2.暗光下摄像头取景速度偏慢；,2,2,0.7883686423301697
很实用，里面列出的一些用法，基本都是在实际编程工作用得到的，而且是常用的。象static很多书都是一带而过，这本书里说得很详细，因为在实际工作中，经常会用到，从数据库查出数据存到一个数组里，以加快程序速度。还有一些控件的属性，列出得比较详细，也讲到了用在什么地方，一看作者就是个有实战经验的人。强烈推荐给初学者。,0,0,0.886151134967804
不满意，为什么全是英文版，又没说明书，怎么使用,1,1,0.5963249206542969
厨卫配备是实在可用的。地理位置不错，在深圳西边新城区，门口附近的便利店、卤水店挺方便。就是房间内装，虽明显优于一般的酒店式公寓，但相对于号称的五星级，还是略显简单、不够大气。,9,9,0.9893051385879517
尺码正常，质量不错，颜色 也很正，很满意，实物比图片好看,7,7,0.9918246865272522
外观还算新颖时尚，性价比不错，待机时间也令人满意,2,2,0.5515564680099487
都羡慕我手机大，哈哈，确实大,1,1,0.692919909954071
京东配送很快，上午下单，下午就收到了，苹果非常满意！,3,3,0.6321673393249512
天线不结实！喇叭总爱坏我已换过5个了。现在又收不到信号找修理说是摔过了郁闷！！废机一个在家扔着呢,2,2,0.8678210973739624
支持华为，支持京东，华为的质量，京东的快递，刚刚的，人中吕布，马中赤兔，给五星！,1,3,0.4815514385700226
物流相当快，非常满意！经济又实惠，很快，也不卡！有机会给朋友介绍买。,1,4,0.37712687253952026
速度快！服务周到！很给力！！机子运行快！,1,2,0.3553081452846527
不错 挺好的 差不多可以用一年了,4,5,0.41656187176704407
以前用过很好,1,4,0.7102091908454895
不错，打牌就是不一样，就是安装费好像比以前贵了。,5,5,0.32180994749069214
果大小适中～颜色也还不错～不过一起买的哈密瓜却烂了～,3,3,0.9955353736877441
大气，适合男人使用。第二，时间再换电池后不用重设！第三，声音很好，没有回音或小音量的故障！第四，待机时间应在三天左右。第五，屏显在65536色手机里相是相当不错的，何况他还是tft触摸屏。第六，分机拨号应用小键盘，触摸屏没试过就别胡说！总之，2005-9-26guest就一傻＊！你丫用过吗就胡说，你这个猪！！！！,2,2,0.653667151927948
衣服已经收到了，还可以上班穿，无所谓了,7,7,0.9255095720291138
超失败的一次购物，质量超差，老公平时穿L码，我买的L，简直大的不能穿,7,7,0.9934960603713989
17号订单，本身应该18号到的，我二十号咨询，你们说忙，要补偿我京豆520，我没要，只求你们快点，现在呢，22号了，现在打电话告诉我给快递弄坏了，你们怎么回事，我的时间就给你们开玩笑玩的吗？,4,1,0.3231513202190399
开机20分钟触摸板能烫伤手指，仔细检查风扇不转，用力一吹嘿又转了，重启又不行了。通过几天观察风扇转与不转真是冰火两重天,8,8,0.654445230960846
前台服务态度差到极点，我要投诉。 我帮爸妈在手机上订的房间。他们想再多续订一晚。前台服务极其不耐烦，烦烦酒店还好整顿一下。 还有去年我退房的时候，前台居然没给我退。后来我打电话过去才退了。真是服了这些前台，强烈要求多辞退些服务不好的工作人员。,9,9,0.9942552447319031
手机还没用十天就有质量问题，还不能退货了，赠送的30天退货保险还需要什么质量检测证明，我曹的！完全没有原本的退货方便，**！,3,1,0.7863878011703491
1、从其说明书中的功能来看价格与同类产品价格差不多，但实际是如说明书所说的那样吗？很多功能完全是摆设，把这些摆设功能去除，和普通机型一样，你说它的价格合适吗？上当！！！2、质量欠佳，用了一年多，不时有死机现象，时好时坏，给维修也带来了不便3看到别人的手机能随心所欲的下载自己喜欢的东西，可是这款手机完全不能，要下载还要去专门的售后服务点下载，太不方便了。4同价格的机型都配有数据线与下载光盘，但它什么都没有，要卖数据线还要160元左右，已给上当了，你说还能再上当吗？,2,2,0.9768288731575012
苦，难吃，有苦味儿，根本就不能吃,3,3,0.8938076496124268
比想象的小，，还没使用货，，！,4,4,0.42427685856819153
第二天就送到了，快递态度非常好主动让验货。孩子吃了一个芯说有点酸…,3,3,0.6216453909873962
在商务楼里，大堂在6楼，不太方便，上下班高峰时间等电梯时间很长。健身房说是24小时的，结果是设备有故障不能使用。按照房间的价格来衡量，不太满意。,9,9,0.9876489043235779
服务态度极其差，前台接待好象没有受过培训，连基本的礼貌都不懂，竟然同时接待几个客人；大堂副理更差，跟客人辩解个没完，要总经理的电话投诉竟然都不敢给。要是没有作什么亏心事情，跟本不用这么怕。,9,9,0.9412822127342224
质量很好，很喜欢，价格也划算。,7,7,0.7091848850250244
用着很好 农药一点都不卡 电很赖用 充一次电玩了两天,1,1,0.7943637371063232
华为平板非常差，我买回来立即送人了。,1,1,0.8906164169311523
1.前台服务人员很有礼貌与热情。2.定的是大床房，房间空间和格局不错，就是地毯有点脏，冰箱的声音晚上有点吵。3.地点对于晚上想泡酒吧的游客很适合。4.酒店周边很多不错的小饭店。5.这个价位，姑苏的信价比不错。下次还要住这里。,9,9,0.993691086769104
明明买的膜壳套餐，就只给了裸机，看到评论里也有好些人这样，差评,1,1,0.926024317741394
谢谢 的蒙牛超级酸酸乳。给我一早上的精神百倍。,6,6,0.9922577738761902
陈信宏真是贴心呐，他给了迷妹男朋友一条生路，买不起奥迪ss演唱会门票送给女朋友，没关系那就买一瓶蒙牛酸酸乳讨女朋友欢心吧:)?,6,6,0.7720667719841003
位置在机场附近，附近没什么设施，吃东西不方便。如果不是为了赶飞机，建议去其他地方住,9,9,0.9887747764587402
非常不好，产品不好都没有问题关键客服素质太差说话态度无语说我照片的模糊,3,7,0.697269082069397
活动的价格非常犀利。而且家里人都是用这个牌子，信任京东,4,4,0.7679377794265747
蒙牛冠益乳很好喝啊！,6,6,0.9836792349815369
"订的豪华单人房比双人房要小1/3, 设施也差, 甚至没有茶几和圈椅, 可是价格比双人房却要贵好多, 真的不可思议! 我是该酒店双人房的常客。 也许是酒店自己也觉得不靠谱， 在我外出是， 悄悄地搬进两张圈椅， 将原来房间里的靠背椅换出， 可是由于房间空间太小， 椅子实际上是无法坐人的， 只能放东西用！前台服务还算可以， 我身份证忘带了， 告诉是常客， 查了一下电脑资料， 就让入住了。",9,9,0.9942377805709839
酒店地理位置距离南陀岛海洋浴场很近，服务质量优良，大堂的自助晚餐超值优惠，值得一去。房间设施舒适，宽敞。,9,9,0.9953214526176453
内地不是人啊！！！抵制蒙牛 转发微博,6,6,0.9950297474861145
书的开始就是自我吹捧还有互相吹捧，作者不实在。书里都是点到一下，其实没意思的。如果没买不建议买，可以看王长松的健康书还有马悦凌的几本书，都比这本呢强，我是读过才比较出来的。希望大家不要被吹捧迷惑。,0,0,0.9990233182907104
"3月19日入住,共两晚.现在才上来做下点评,呵呵.1,定的是双人床大房,虽然是比较年头多的宾馆,但是整洁程度和环境还算不错了!2,服务人员比较热情,由于自己的充电器宾馆内使用不了.所以半夜的时候要求前台送个旅行充电器过来.但是前三个都不好用,服务生上上下下的跑了四五次!但没有一点厌烦!最后还一再向我表示歉意!很棒!!!3,餐饮方面西餐厅感觉还不错!价格和味道方面还算不错!至于中餐厅感觉一般!菜品没有特色,而且还比较贵!自己一个人一顿饭花了400左右,还没吃饱!4,整体的环境很不错!后面的绿化做的不错,有种幽深雅静的感觉!呵呵",9,9,0.9755588173866272
整洁舒适的小酒店。酒店周边环境可给5分了！而且每天进出酒店都可在门前花园里碰到数对新人在拍婚纱照。。。。,9,9,0.989846408367157
花园环境还好，早餐也不错。晚饭时间车位很紧张，只能停篮球场。卫生间设施比较陈旧，洗手盆有裂痕。“请带我回家”的红色小卡片上没有印任何地址或地图，奇怪。房间里有酒店内部报赠阅，时间早的是第19期，晚的那份却是第2期，有点莫名。,9,9,0.9758745431900024
逼崽子快递慢的要死，无论是什么通都**一样，商品还行就是这逼快递，再用这种逼快递发货差评还会多。,7,7,0.5352548956871033
'lenovo' logo 粘贴的有些粗糙，说明有些细节注意不够，影响品牌,8,8,0.8242020606994629
"之前已住过该酒店觉得还可以,但这次感觉却非常糟糕,安排入住的竟然是一间没窗的房间,由于当时比较晚又是唯一的一间房,不得不住,但到现在想起都心有余悸,如那天碰巧有火灾那我怎么办?其实一直有个疑问,为什么通过携程订的房间不是在边上就是在哪一个角?现在还有没窗的!价格问题?",9,9,0.983717679977417
颜色也很好，穿起比较舒适，夏秋天都可以,7,7,0.9957232475280762
进入酒店走廊、房间内气味难闻。去机场比较方便。,9,9,0.9961280226707458
无硅油洗发水对头发好，做活动买的性价比超高。,4,4,0.9952824711799622
这种酒店居然是五星，不知道怎么评的。服务意识差，我入住酒店时，提了两个大箱子进去，门迎居然动也不动。以次充好，我订的是大床房，给我的是两张房拼到一起的，居然就叫大房床了，空间小得可怜，投诉前台，无果；于是投诉到携程，最后长级。旧，这一点我就不说了，别人已经都写了。吃饭要很长时间，要了一个果盘，一个简单的果盘，吃过饭一个小时才上来。总之，下次不会再住了。,9,9,0.9815317392349243
算了，不要买了，先不说个头小，就味道难吃的要死，还没有路边摊卖的好吃，硬，涩，根本就没有苹果的香味，自砸招牌。,3,3,0.9986095428466797
装修很旧，电视机还是显像管的，房价也不便宜，根本达不到4星标准。,9,9,0.9917449355125427
"原来手机陪我过了三年 , 终于在 2006 年新年来临之际完成了使命 . 由于工作的特殊性就前往手机卖场选择手机 . 个人比较喜欢薄点的直板手机 , 进入卖场才发现直板手机的浪潮又回来了，看了摩记、诺记、三星、泛泰、飞利浦等众多国外品牌手机，没有看国产的品牌，不是不支持国货，而是功能太多，我不喜欢。终于还是在 MOTO 柜台留住脚步，看了 C139 、 C257 、 C261 这三款是 MOTO05 年 12 月新上的直板待机时间长的彩屏手机，挑来选去，最后决定买下 C261 带 30 万 VGA 摄像头的手机，人民币： 1160 元 /2 电 2 充 / 送个 MOTO 旅行包，下面是三天使用的感受： 外观：这款手机采用的是黑色磨沙外壳，质感不错，很上档次，但是对于手汗重的人不是太好，容易留下指纹印记。 屏幕： 65536 色 TFT128*160 分辨率，高亮显示的屏幕色彩足以让你成为吸引的目光。 键盘：红色背景灯加水晶键盘，很时尚、靓丽。 摄像头： 30 万像素 VGA 的摄像头、埋藏在机身后背里面，避免的了磕碰的麻烦。但是没有自拍镜，让人有点失望，、对于夜拍，也不知道是我不会用还是手机的问题，总是黑糊糊的，不是很清楚。 电池： 820 毫安，我把虚电用完后，经过 4 个小时的充电显示为充电完成，当时我很惊讶，因为以前都是说前三次充电都是 12 个小时以上，所以我即刻致电 MOTO800 ， 800 的接线小姐声音很好听（大家可以打电话听听），经过询问， MOTO800 说，这是 MOTO 的新技术，快速充电，可以放心使用，再次使用超过了 48 小时。对于这样一款彩屏带摄像头的手机来说，时间已经很长了，这点很满意。但是，也许是新机的原因，电池和 SIM 不是很好拆卸，后盖仍然没有摆脱 MOTO “三松”之一的后盖松，呵呵 音乐：一个字“太差了”，声音小，质感不好，也许是厂家为顾客提供更多的下载空间着想，不过在这个音乐菲菲的销售战役中，有点败笔之做。 操作：这款手机的运转速度是很快的，在各个指令间的调整均没有出现死机或者速度反映慢的情况。但是电话薄不是太好，分类设计不合理。如果你把电话号码存为重要，等你再次打开后只能看到重要类的电话号码，其他的看不到，开始我以为是我操作失误，最后才发现必须在分类中再找到要分组的类项才能看到需要的电话号码，这样个人觉得有些麻烦。 整体评价：优点：色彩艳丽、速度运转快、拍照效果清晰、键盘舒服、屏幕很大、手感不错、上网速度快",2,2,0.9007411003112793
像素真它妈差。参数里面有通话时间为什么不能插手机卡呢。,1,1,0.7523793578147888
不送包，感觉美中不足，不过多花几十块买的联想的原装包还是蛮不错的！还有就是包装到手时封条有点问题，快递说是提的时候掉了，我看联想的原包装封条帖的也不是很好，而且到现在还没什么问题~~~~~~~,8,8,0.5240061283111572
房间一般，真的很一般。没有早餐。还是个办公楼，人很杂。,9,9,0.9944848418235779
物流很快，包装很好，没有磕碰的。苹果的重量都量了一下，210g-220g的7个，230-240g的3个，260g以上的2个，苹果挺脆挺甜的。总体感觉不错,3,3,0.9894350171089172
只有一个内存插槽，而上面的配置表里写的有两个，这是我最不满意的地方。我把机子拆开看了，就一个插槽。客服人员确认一下。我准备换条内存，机子一买回来就浪费一条内存。,8,8,0.591656506061554
大厅没有道， 结果出租车开到后面去了， 我们自己又提着行李进去， 也没有行李员来帮忙。位置不错， 服务没有什么特殊之处， 也可能我总是出差， 行家了， 需要他人帮助的地方实在不多， 没有多少感觉。,9,9,0.985300600528717
没来得及拆开，一直网购，口感质量都很好，支持,3,4,0.5042113065719604
奶奶的，刚买了就降价,1,4,0.4126383662223816
双十一买的就想能便宜一点，结果买完之后就降了***，，怎么回事？。。。。。。。。,4,4,0.4876667857170105
送货比较快，上手不错。第一次用华为，试试。,1,1,0.9271338582038879
一般般，一般般，一般般，一般,9,7,0.4877054691314697
"酒店大门正对一个十字路口,还算比较好找.大厅中规中矩,大床房内部装修和服务都感觉一般.晚上会有电话骚扰,如果要赶虹桥机场的航班,此酒店还算不错的.",9,9,0.9860975742340088
刚打开两个，一个里面烂了，一个压坏了，大家千万不要买啊，这个不好啊，其他的我还没看，估计好不到哪里去，悲哀！,3,3,0.822461724281311
裤子质量非常的好，腰围大小很合适，上身效果也好，穿着也舒服，很不错的裤子。,7,7,0.9983245730400085
真的很一般，不像是这个品牌的做工，真的很一般，不值,7,7,0.7852152585983276
"刚帮朋友买960手机,200万的照像效果令人失望,声音小,手机使用说明欠详(MPT程式中文介面翻译有些词不达意,不能一边听歌一边操作其他功能,蓝牙,红外线连接传送接收文件太小限制,按键迟钝….",2,2,0.9477578997612
才买几天，就有这样的条子，质量不好，有点失望，下次在也不买了,1,7,0.6938387155532837
裤子不怎么样，颜色偏差大，质量也不行，会有类似起毛球。严重不行。,7,7,0.9930445551872253
玩游戏要一点点卡，其他还好,1,1,0.8875643610954285
老婆说不是很好用，有点头屑，头皮痒,4,4,0.9756649136543274
房价也差，服务也真差，前台个个苦瓜脸，比快捷酒店还不如。以后都不会住了。,9,9,0.9906805157661438
差评，东西不错，但是京东欺骗消费者，宣传白条12期免息，支付时候也显示白条十二期免息，但我今天查询我京东白条时，总额多出一百块钱利息， 给客服打电话，又说我没选优惠项，又告诉我不建议我退货，不知道京东是不是因为去年严重亏损，才以这样欺诈手段骗取 消费者赚取利润的，京东自己做错了事，出现问题又怪 罪到消费者身上，无耻。我相信有无数消费者被他们这么骗了，只是还没有去查自己的白条账户而已。大家擦亮眼睛吧。,1,1,0.5723088979721069
是脆的，有削到一个坏果，味道一般吧,3,3,0.9998509883880615
靠近路边的房间太吵太吵了，根本没有办法睡觉。劝大家千万不要去了。,9,9,0.9783183336257935
虽然买书之前，已经想到了会很丑，没想到收到书后，大卫的形象还是狠狠地冲击了我的接受能力，实在是太丑了点，而且，图像很像涂鸦，如果不是买书之前看了文字说明，好多图像都理解不了是什么意思。我是不喜欢的，不知道两岁半的儿子能接受不。小家伙很有自己的审美观点，三字经背起来一套套的，晚上看看他的意见，他喜欢才是最重要的。如果他喜欢，明天一定上来重新发表评论。,0,0,0.9954545497894287
原以为是原版的“色，戒？，没想到是把张爱玲的作品各抽一不分出的书集，没意思，象这种情况当当应该在介绍中说明。,0,0,0.99381422996521
一直用的潘婷不错的产品，第一次在网上买看着还不错，不知道效果怎么样，用过了再来评价?,4,4,0.9691080451011658
苹果实在太小了，称了一下不到10斤。还号称10斤的。说严重点就是欺诈。物流的速度慢得。都无语了。很差的购物体验。,3,3,0.7789862751960754
不行，跟图片上不一样，骗子。,7,7,0.8374626636505127
一：这个价位上，买个能拍照的手机没问题。二：没有彩信功能，现在很流行彩信，女朋友想发给我它的照片什么的都报怨我的手机烂！三：没有短信群发功能。四：上网速度慢。五：没有手写功能，哪怕有个MP3功能也算值了。,2,2,0.8894444108009338
系统，外观都是挺好的，就是内存凭空消失了4个G的内存！说好的16个G都没有，而且我是在25号早上定的，明明显示是当天到，结果26号早上才到，我希望客服能给我个合理的解释！,1,8,0.7707917094230652
不知道是不是所有本本都一样，光驱不大好用，有时候读得出来，有时候则不然~~,8,8,0.9656316041946411
先从停车场开始说起吧，一个保安都没有，停车场是自由出入的，把车停在那里感觉上是停在了路边的空地上，一点安全感没有。进入酒店大堂开始，就有一种刺鼻的霉味，红色地毯脏得都快变成黑色的了。进入房间后的第一感觉就是被别人给扔进了地下室，就这房间也敢叫豪华房？？马上要求退房被拒绝后，酒店主动给我换了个房间，说是更豪华的房间，结果还是，，，，，不过好在窗户可以打开了，我就开着窗户睡了一会，酒店的浴巾居然带有异味（发霉的味道）我真不知道携程是出于什么心态跟这样的酒店签约，出于价格么？？？接近于四百这也叫便宜？？？奉劝大家千万别住这里。唯一可以算的过去的是，服务态度还不错。,9,9,0.9937424063682556
不错的东西，拿回来，第一感觉就是好东西！包装正规，没有拆封！打开外层纸箱，里面是精美的中包装！拿出电脑，真是超我的想象。东西很漂亮！是大厂货的风范，中规中矩，气派不张扬，自己加了根2g的ddr3，1066的内存！安装的是深度的系统！半个小时全部搞定。家里的ld都说这个本本值！我自已有一个x200，感觉也差不多，！,8,8,0.9462352395057678
吃着还可以，但感觉不如之前买的水分大,3,3,0.880178689956665
产品质量真不行。感觉买的是刷新机。还经常死机。屏幕上连最基本的保护膜都没有。一次失望的购物。,1,1,0.8612115383148193
非常不新鲜，口感更差。差评！差评！差评！,3,3,0.7922787666320801
真心好用，一直都用清扬。建议京东平台多搞活动！,4,4,0.4808120131492615
当天晚上订的货快递说21号能到，一直以来比较信任京东自营产品和物流，21号快递也没能准时到，或许因为天气下雨的问题，让自己表示理解，21号东西没有收到也没有任何物流信息跟踪，也没有短信电话告知，22号早上催件才给我回复，22号收到快递以后快递的保装这样表示无法理解！,4,4,0.30052223801612854
物美价廉啊！口感也很脆，我非常满意。,3,3,0.9655920267105103
有点刺激头皮，太敏感的需要注意,4,4,0.8971452713012695
绝对差评，这此在京东购物属于第一次在京东购物，全是假货！！！！！！！京东无真货！！！！***吹啥牛？？？？？？？？？？建议工商食药局打假！！！！我自己是开超市的，竟然买到假货！！！！,4,4,0.7257773280143738
排线容易坏我已经换了几次了啊！而且售后服务特别差,2,7,0.5645775198936462
洗的头发超级痒啦！刚洗完吹干就开始痒，不喜欢,4,4,0.8557319641113281
这次买苹果?真的很好，新鲜，味道鲜美可口。,3,3,0.9987327456474304
不错啊，支持华为，用起来没毛病,1,1,0.9620472192764282
妈妈好喜欢华为的平板电脑内存很充足网速可以。,1,1,0.8179073333740234
很不爽……我昨天买*，今天就卖*！价钱这样变。怎么让消费者满意，又不能补差价，还是*，价格如果有差，还会补回给消费者！第一次在京东买，也是最后一次。,4,1,0.4959959089756012
啥话都不想说，店大欺客！,1,7,0.33779779076576233
不好啊穿上好像有刺一样,7,7,0.9742330312728882
外观比较美观,2,2,0.6352857947349548
早晨定，中午就到了，送货速度太给力了。    没有坏果，都挺好，就是因为天气热，高低温会有湿气。,3,3,0.955366849899292
该酒店太差，卫生条件，服务均差。我入住时大堂内竟然散放着待洗的床单毛巾，乱七八糟，建议协程网取消其加盟资格,9,9,0.5379948019981384
京东很快，信任京东，潘婷很不错，喜欢用！,4,4,0.5634920597076416
感觉比较放心在京东上面买东西，售后比较好，快递也快，其他体验也挺好的。希望有问题可以很好解决。,3,1,0.451631635427475
"地理位置有点偏,出行除打车外不是很方便,离地铁站也有点距离",9,9,0.9878731966018677
服务和早餐都超好 对小孩也特别照顾 早餐时特别关心 房间环境也不错 值得推荐,9,9,0.975562334060669
帮朋友买的，不过和我自己买的是同一个型号，反正我感觉这个系列的散热不错的，我的还是独立显卡。,8,8,0.86604243516922
开无线能用5-6小时左右，八小时怎么来的？ 2799-50，当时价格比NG贵，但NG没货。,8,8,0.5791820287704468
配置不低，还是独显，巧克力键盘，还送鼠标，才5000块，性价比非常高,8,8,0.8763010501861572
不知道怎么回事，我的触摸板很不灵敏，与我以前用的笔记本比起来，感觉灵敏度差好远。而且键盘中间是翘起来的，有棚空的感觉。还有触摸板的左右键实在太硬了。每次用力总担心把笔记本压坏。,8,8,0.7235608696937561
垃圾京东，强行绑银行卡，强行开通京东金融，不能改绑,4,4,0.39217832684516907
"很放松的一个酒店,很好,儿子尤其喜欢游泳池的设计.吃的选择少了点,只有主题公园来弥补了.总的来说不错.",9,9,0.9785006642341614
是一个入门的方法，作者通过一定的，特别是资金管理的方法强制自我操作纪律，从而克服人性的弱点，把交易进行，记住是长期进行下去，我认为是必要的，方法也是有效果的对于资金的管理。书中对一些买卖点没有说明的很系统，但是可以说是领大家入门而已，特别第一部分的内容是市场参与必须的基本知识。买卖的系统还要靠大家慢慢探索。提高进场的胜算几率。回到问题的实质提出资金的管理是重要的。,0,0,0.9835565090179443
屏幕刷新率不高，导致30万像素摄像头反应慢；仅仅支持普通短信，而不能支持彩信；不支持JAVA；,2,2,0.9876918196678162
购买时显示赠品，购买后就说赠品分区域，有点被欺骗的感觉，在京东购买这么多，这次很失望,4,4,0.5399917960166931
你确定这个不是假冒伪劣么？这的比较稀啊，洗过之后涩涩的。能退货么，这还是我熟悉的清扬么。,4,4,0.8677171468734741
因台风飞机无法去入住，居然不给退钱，请看见此留言入住这酒店要三思啊，真是土匪啊。,9,9,0.9322600364685059
酒店旧，服务差，餐厅垃圾！坑人！极力推荐不住！补充点评 2006年9月30日 ： 坑人行为：地下一楼按脚，按了后告诉我是30分钟一个钟的，然后泡药水要另外加了38一位，不问人就按摩头部，又是30一位，可是头部按摩前后就三分钟！坑人行为：租当地的一个车回北京，多加了我300元！服务差：到二楼餐厅用餐被从大厅赶出来，理由是大厅有筵席，问题是那时候都7点多了，整个大厅除了五六个在讨论八卦的服务员就我一个人！最后赶去一小包厢，电视又说坏了，说没有遥控器，然后这样没有，那样没有的。服务差：12点停电到4点，没有任何通知。问了说是要更换设备。。。。。。。。。。总之，我住过最差的饭店特别是服务！一打听，原来是当地交通局开的，怪不得！,9,9,0.9877589344978333
极差极差的服务态度！不是因为近也不会住！差！,9,9,0.9806594252586365
可能是因为周围修路，所以人比较少，环境很好很安静我入住的是标间的大床房间暖风很充足，浴室比较好，很大，水温不错房间很干净，空间大，房高，床也很舒适，也没有骚扰电话唯一缺点就是电视太小。。,9,9,0.9867679476737976
回复 网络危机公关做得很不错，希望品质也能如此 我向您保证，蒙牛还是很好吃的。,6,6,0.9467591643333435
东西不错，屏幕清晰，速度快，大小合适，看电视，玩游戏都不错，快递师傅很热情，下单送货速度很快,1,1,0.6819854378700256
放了几天没吃，全都烂了：一个烂出水，另外两个都长毛了！只能都扔掉了，一个都没吃到，天地良心！浪费了，可惜了！,3,3,0.9858731031417847
品相味道很差，如果不是快递直接送过来，是不会买的。,3,3,0.6339083909988403
我的宝宝是个女孩子，这本书是在她2.5岁时买的，因为我个人很喜欢这类自然科学的书，在网上搜索了相关类型的书，这套的评价不错，就买了，买之前我还担心孩子不会喜欢呢，没想到拿到书后回家给孩子看，她很喜欢，看了几遍，就记住了好多恐龙的名称，没事还蹦出来几个，让我高兴不已，同时也让我这个科普迷也加深了对相关知识的理解，既教育了孩子又充实了自己，真是一举两得啊。,0,0,0.9995747208595276
真不知道受众是针对怎样的人群。这种文笔与内容具空洞无聊的小说究竟是满足了500强圈子外仰望小职员的YY癖还是蒙骗从未踏入社会搞不清状况的职场新鲜人才得以如此大受欢迎？看了几十页实在翻不下去，充满矫揉造作气息的情节设置与对话，看久了会变白痴的一本书。拿电视剧做比方的话也就曹颖版的《律政俏佳人》可与之比肩了八~ I feel sooooo sick.....,0,0,0.9968641400337219
好吃，新鲜，下回水果也京东了，十年的老粉丝了。,3,3,0.9981993436813354
请大家千万别住别墅，别墅的空调特差，很难制冷，而且经常半夜断电。酒店前台的服务意识很差，态度极为不好，明明有制冷好的主楼房间，就是不给携程的客户住。如果前台问你们别墅的房间可以不可以，一定不能同意。补充点评 2008年7月15日 ： 另外，早餐不太好，我们一般7点半去吃就没剩什么东西了，和团餐标准一样简单的不能再简单了。,9,9,0.9943458437919617
包装完美，特别的不错，苹果大小也一样～送货速度快快啊！支持信赖京东～～～,3,3,0.5621902942657471
苹果还可以，虽然没有坏，感觉放了好久一样,3,3,0.9891487956047058
实在不好，太小了，也不新鲜，都是在产品里没人要的东西，实在让人失望,3,3,0.533717155456543
质量太差，连续换了两个都有问题,1,7,0.4608757495880127
物流很快但不好吃，没有甜味儿，下次不买了。还买了芒果没吃呢，不知道怎样？,3,3,0.9959631562232971
很新鲜，送来还是冰冰的。包袋也非常完美。,3,3,0.7698208093643188
没办法看下去！太现实了！没办法理解。呵呵,0,0,0.8120839595794678
对蒙牛和部分国产牛奶厂家，很无语。,6,6,0.9990993738174438
平板挺漂亮的，质量不错，系统也挺流畅，用起来不错！,1,1,0.829312264919281
太假了，没有生姜的味道,4,3,0.49917808175086975
电话非常差，打电话时常断线，电池待机时间很短 有时候电话打不出去,1,2,0.7596791386604309
好评，非常满意,1,7,0.37550321221351624
"非常舒心的酒店,不大,很安静,很温馨,每间房的阳台上都有盛开的鲜花,房间里有很多可供浏览的杂志,还有中英文的小说.当街的房间关上窗户没有噪音,窗户的开法非常奇怪.淋浴房有些渗水,但水够大够冲,很舒服.酒店有些经营方式思路很特别,很人性,许多五星酒店也没有做到.推荐泰逸,也推荐金沙博物馆,值得一看,红杏酒楼味道不错,有不辣的,值得一去..宾馆反馈 2008年5月6日 ： 感谢点评，特别送一首小诗给您，祝异乡的您泰逸安康！谢谢您与泰逸邂逅在美丽的人生之旅，纵然相隔万水千山，愿在蓦然回首的刹那，您会记得那张真诚而温馨的笑脸，浓浓的祝福伴您海角天边，无际蔓延，还有泰逸酒店窗台上那娇艳的杜鹃，曾为您尽情绽颜……岁月如歌，心系泰逸。",9,9,0.9794716835021973
大小合适老公很喜欢穿上很舒服质量不错颜色不错领口面料好,7,7,0.9978024363517761
下完单*，还没收到货价格就成了，*太坑人了吧。第一次发货从京失望到底,1,4,0.46846553683280945
洗发水差，全像水一样,4,4,0.9292469024658203
尺码太不标准了， 比平常买的大一码都穿不了,7,7,0.998784601688385
质量差，裤子只穿一次就裂开，现在差不多都光着屁股呢！,7,7,0.9971089959144592
一如既往的好吃，价格也是最低点。,3,3,0.8607465624809265
没赠保护套和膜，真是的！,1,4,0.46492159366607666
偏大的拉圾！,7,7,0.2817924916744232
第一次用这个洗发水，希望可以改善一下我的头发，平时不舍得买，小贵，这次搞活动买的感觉好合算，觉得便宜不放心还特意上网查了是正品，放心了哈哈，信赖京东。,4,4,0.9883671402931213
酒店硬件来讲应该是不错的，就是位置比较远，离市中心和商业区都不是很方便，去的时候又刚好赶上出租车罢工，出行相当的不方便。但因为就在市政府对面，基本来餐厅吃东西的人都是里面工作的人，所以餐厅是不错的。如果不考虑交通的问题，建议选择！！,9,9,0.9916018843650818
两个火龙果，竟然一个是白芯的，一个是红芯的。因为是给老家的父母买的，父亲不知道，打开第一个是白的就吃了，也没有拍照片留证。不过现在对京东开始失去信心，如果靠这种欺骗客户的方法来降低成本提高利润的话，早晚一天会把自己作死。,3,3,0.9157627820968628
很喜欢，裤子的质量很好，款式很不错，很潮，还会再来买的,7,7,0.9926983714103699
活动页面上说送电吹风，根本没有，第一次给京东差评。,4,4,0.7175483703613281
京东快递，很赞！商品已使用，感觉挺好用，之前很少使用沙宣，感觉很顺滑很清爽，应该是正品的，有优惠购买挺划算。京东商城，就是赞?！,4,4,0.97296142578125
裤子质量很好，给男朋友买的，看起来很好看，男朋友说很舒服，下次还回来的?给个大大的好评,7,7,0.992387056350708
酒店设施一般，老酒店的确如广大网友所言，设施显得有点旧，但很干净，能住；环境不错，有一个树木很多的大院子，对面即美庐，离牯岭镇中心十多分钟脚程；服务的确不错，很礼貌，能热心帮助解决问题；还有一点是该酒店并不是没有网络，但是是无线的，如自已的笔记本有无线网卡就能上网，网速还可以，没有无线网卡也可在总台租用，十元钱就能租到你离店为止，但只有楼梯附近的房间有信号,9,9,0.9868814945220947
东西还行，就是商家太让人失望了，缺货了还让我购买，买了以后告诉我没货，呵呵了,1,3,0.34405094385147095
京东购物这半年最大的感受就是发货飞快，几乎每次都是不到24小时就收到货了，宝贝还没有尝，但是看上去个头还是均匀的，相信京东。,3,4,0.7628578543663025
东西，还没试过，不过就赠品而言也太垃圾了,5,4,0.6534237265586853
刚收到就降价了，这让人怎么觉得这么不舒服,4,4,0.41016846895217896
我的书为什么还没收到啊。不是没发吧。12号就显示发货了啊！？？？？？？？？？？？？？？？？？？？？？？？？？？？？？？？？？？？？？？？,0,0,0.6501157283782959
给男票买的裤子！很不错！质量挺好的！搭配起来酷酷的哈哈哈！,7,7,0.9935053586959839
房间很潮很臭，空调声音很大，效果差！水也很小，房间内只有一个插座且是松动的！早餐贵且不好，品种少，口味差！另外，离地铁口远！,9,9,0.993783712387085
买之前看过很多的评论，说屏幕不好，我买后特意测试很久才来评价，最最震撼的就是两个内置喇叭，感觉耳朵怀孕了！然后测试游戏，王者荣耀相当流畅！看电影也很爽，最赞的就是电池续航能力，相当的牛逼了！一天看电影听歌玩游戏，整个白天都够用！我买个不下5个平板了，这是我感觉最值的一款平板！推荐给大家,1,1,0.987141489982605
吴镇小学是嘉善的体育强校，得第一名，截棍的。,3,3,0.2612035870552063
不满意，衣服掉颜色,7,7,0.9896519780158997
不错，挺划算的，一直使用，效果不错,4,4,0.862842321395874
双11活动刚买的 就差一天12日就降*，京东自营 ，这叫啥事，问售后说以网站价格为准，京东也骗人，看看吧，以后的活动不可信 ，对京东失望了。,1,4,0.6163395047187805
换包装也很难切割吧 又是蒙牛！！！,6,6,0.544018030166626
"杜拉拉升职记语言简洁流畅，主线清晰，拉拉的倔驴脾气和聪慧、做事的专注给人留下时刻的印象，职场秘笈让我受益匪浅。可是第二部给人的感觉就不好了，琐碎，没有主题，拉拉的智慧不见了，执著也不见了。书变厚了，闪光却每了。故事最终的齐浩天访广州，拉拉不知道这个情节太失败了，拉拉不仅是HR,更重要的她还是行政主管，总裁出访，行政主管怎么可能不知道呢？说不通。",0,0,0.9974983334541321
房卡插电地方坏了 大晚上的经常跳电 原来住过好多从都没碰到过这样的房间 6楼的房间不是应该好一点的么？,9,9,0.9848740696907043
这家酒店的餐饮要改进。没有西餐（以前是有的）；二楼中餐厅只开早茶，没有午餐和晚餐（但有晚茶，要晚上8点开始）；一个人吃饭也要坐在包房里，觉得怪怪的。不过早茶很好，人满为患，早上8点过后去就要等位了。,9,9,0.981246292591095
广泛看了网上的点评，最后选择了这家酒店，3楼的商务海景标间，景色确实一流，就是隔音效果差了点，原来还准备选海天，实地一看才知道原来是竖着对海，房间都是侧看海。前台听说是协程的客人，有点冷淡。大眼睛的大堂经理确实好！,9,9,0.9940180778503418
3月底入住的，是高级房。感觉床非常舒服，但是电视机有点落伍了，不是液晶的。服务员的态度非常好，而且因为离沟口很近，应该是去沟口游玩那几天的首选。,9,9,0.9911186099052429
真的让我很失望,7,7,0.42829087376594543
很好用的洗发水，清扬的不错，活动入了，这个难道是女士专用吗？,4,4,0.9954333901405334
有点不开心，这样好么，刚买完就*！心里难受,7,4,0.5528720617294312
打开第一盒挺好的，第二箱就这样子了,4,4,0.9039403200149536
布料不怎么样还掉毛！非常不值！！！,7,7,0.9852578043937683
昨日，“MusicRadio音乐之声 新音乐运动 魏晨乐动会”在北京举行，魏晨和大家分享了自己对音乐的理解和感悟。3月6日“蒙牛绿色心情中国TOP排行榜颁奖晚会系列活动之启动记者会”，届时魏晨也将出席。在MusicRadio音乐之声知名 和 的带领下，让在场的粉丝们度过一段难忘而又美好的时光。,6,6,0.9356789588928223
质量不错 款式也好看 非常喜欢,7,7,0.9856738448143005
衣服已收到，质量非常好，料子很好，穿上很舒服，很漂亮。,7,7,0.9922534823417664
如果不想在神仙居景点玩2天以上，那还是应该选择近市区的酒店，否则过了5点以后就要坐出租车上山喽，嘿嘿！还有就是房间内有跳蚤，被咬了好几口。不过餐厅的饭菜做的还不赖，量又多。,9,9,0.9812620282173157
酒店确实不错。出行也方便。自助晚餐没有去吃，不知道如何。早餐就餐环境不错，但是有人在里边吸烟，不爽。服务员不热情，没有主动提供热饮，比如茶或咖啡等等。住的A，不知道其他两栋怎么样。房间舒服，但是宽带似乎不太好用，经常莫名其妙断线。下次还会入住。补充点评 2008年7月8日 ： 哦，对了，值得一提的是，１５％的服务费问题。我那天去得比较晚，２点过没吃午餐，就去了２楼的西餐厅，吃了一个咖喱牛肉饭，很不好吃。牛肉我基本没动，老，而且没味道，相信收盘子的人看到了。咖喱汁也稀稀的，不成功。耗时３０多分钟，里边的土豆并没有很熟。希望改进。１５％的服务费，得有服务，如果借鉴国外的做法，再结帐单上，有一栏小费，如果客人觉得好，就写上一个数字，奖励给酒店，比这种强行收取来的好。所以这里要扣分。,9,9,0.979015588760376
包装结实物流飞速，口感脆甜，遗憾的是在准备享用的时候，发现一个黑心烂苹果，希望商家选果时仔细点，美中不足！,3,3,0.9988284707069397
信赖大品牌，个人觉得那些无硅油洗发水效果也一般，比较信赖沙宣。毕竟是老品牌了。送了几只小瓶装，外出旅游很好用。开心开心,4,4,0.963808000087738
上午10点就送到了，物钞所值，支持国货,1,3,0.6881341338157654
从最小说连载开始，我就对这个故事特别关注。刚一看，我还以为讲鬼故事呢。看仔细了，我才发现自己太肤浅了，在灵异故事背景的后面，是一段穿越时空和生死的爱恋。略一熟悉那段历史的人，都知道林怀锦是有原型的，作者按照这个原型创作了一个感动天地的爱情故事，在我看来，这值得人尊敬。听过很多人说，这本书写的不好，是纯粹的抄历史材料。可我认为不是这样，在大量的历史材料下，作者锐利的笔锋，鲜明的人物特点，都抓得很到位，她的写作风格也是我很欣赏他的地方。也许，不懂爱情的人，可以看看这本书。看完后，才知道，到底什么是爱情？即使没有在一起，缘分终究会把他们牵扯在一起。就如同书中的林怀锦和锦佩之，他们虽然从来都没有在一起过，可是他们的孩子替他们完成了他们的梦想，这也许是爱情的最高境界。,0,0,0.9997476935386658
正品。跟我在店里看到的一样。,7,7,0.8472920060157776
如所有人所说，分辨率确实很低，还有个缺点就是看视频的时候屏幕一闪一闪的，不知道什么原因，有说是电池问题，也有说系统问题，，反正买着玩玩，凑合吧,1,1,0.6311332583427429
说好的送货上门为何不送？放到楼下还让我自己去拿、怪不得一直搞不过顺丰、垃圾,3,4,0.451923131942749
"住的豪华房,房间很大，但其实没什么必要,基本活动范围都在标准床这边,装修有点老，早餐很不错.总的来说下次还是可以去住的.服务不错.要是硬件再好点就太棒了.宾馆反馈 2008年8月1日 ： 谢谢您的支持！硬件方面，我们已经对客房重新进行了装修，性价比很高，期待您的光临！再次感谢您对我们的支持与厚爱！",9,9,0.9071143269538879
不是说够*送礼品么。。礼品呢。。两个订单走一个快递。。差评,7,7,0.4239340126514435
1. 周边的餐饮，便利店太差。 糟糕的清华酒楼 2. 酒店由于下雨， 2天没有热水， 虽提供外部洗浴，但带孩子非常不方便 3. 房间没伞， 但是非说有， 找前台借又说借完了， 外部大雨 4. 早餐有点简陋， 面包已经很久了 唯一不错的是意大利餐厅的服务人员很好。,9,9,0.9913830161094666
卖给小朋友玩的，不错，挺好用的，平时玩游戏，功能还不错。,1,1,0.897864818572998
苹果收到之后，少了两个，我觉得这是个问题......,3,3,0.8115488290786743
我觉得和以前买的不一样了，香味也不一样，觉得有点像假货，大家下次买一定要看好,4,4,0.8794996738433838
活动又买了三箱。一冰箱都是苹果。一天一个。    新鲜、脆、甜、多汁,3,3,0.9935861229896545
买给家人的，目前使用还满意，,1,1,0.6013612151145935
京东就是快 晚上对上午到 物超所值,4,4,0.6207520365715027
还没用，期待物有所值，外包装破了,4,1,0.4727565348148346
前后摄像头是歪的，不正，指纹按键也不正，第一次买平板，不知道是不是华为的做工精准，还是通病，那个送的膜实在是不好用，哎，没有什么亮点，一般吧，就是个大手机。客服说摄像头就是歪的，样机也是，实际不清楚，要买的自己想想，不追求完美可以入手，有强迫症的不建议入手,1,1,0.9412791132926941
质量不错，大小合适，穿着很舒服,7,7,0.9961556792259216
这个价格，算性价比很高的一个酒店了。当然价格便宜，就不能太计较服务了。总的来说是一个愿意再次入住的酒店。,9,9,0.9786297678947449
卖家发货太慢，裤子一般般，价格比外面店里卖的都贵，有些不划算！,7,7,0.9804370999336243
和看的不符，买时说有发膜，收到的货确没有，差评差评，后悔买了,4,4,0.6109246611595154
之前就听说苏州万丽是苏州生意最好，房价最高，也是业内人士最推崇的酒店，远胜于喜来登，香格里拉，索菲特，在苏州属于一枝独秀型的，平时房间非常的难定，几乎天天满房，这次好不容易定了个行政套，本打算住一天，后又延了一天，简单来说吧，房间不大但很温馨，酒店工作人员不多但都非常专业，亲切，严格意义上来说该酒店硬件并不突出，没有游泳池，没有特色餐厅，建筑也没有什么特色，处处透露着简单，适用，大气，但是只有你住了以后才会觉得，值！。。。。。。。还记得苏州迷宫喜来登的恐怖经历， 差点把我绕死。。。。。。。。。。。。。下次只要有房间，肯定住他。,9,9,0.9866957664489746
质量不错，大小合适颜色和图片上的基本一样。穿着也很舒服活动起来也不会太紧绷，总之非常喜欢,7,7,0.9953340888023376
这件小宝贝太符合心意了！物流快，服务态度好。最重要的是宝贝没有色差，跟图上的一样。下次再来。,7,7,0.9028460383415222
手机有严重质量问题，买回来几天就不能正常开关机，然后换了一个，过了10天又不能正常开关机，这是在卖假货吗，欺骗消费者，要么蓝屏，要么卡在开机界面不动,1,1,0.8207299709320068
好好好好好好好好好好好好好好好好好好好好好好好好,3,1,0.41916900873184204
苹果一般，很小，算下来5元多一斤，外面买的5元的苹果比这个好吃许多，发货有点慢,3,3,0.9953802824020386
大小整齐 属于小苹果 早上一人吃一个正好 脆度8、9分 甜度7、8分 还算满意,3,3,0.9994469285011292
在京东买家伙就是放心，自营物流特快,4,4,0.7134789824485779
房间设施一般！唯一方便的就是有免费班车去机场。,9,9,0.9909638166427612
"本人今次主要是到会展公务的,所以选择此间酒店,环境清静,对外交通非常方便.服务员热情有礼,入住和退房都很快捷.有一点酒店一定要尽快处理的:洗手间如地上有水,非常容易滑倒.",9,9,0.9950947761535645
垃圾。没用几天声音就有时高有时底的,1,1,0.36776331067085266
很划算！是正品！穿着很舒服，保暖也不错！,7,7,0.981505811214447
苹果十大名牌之一，口味口感佳，在京东购物就是买称心和放心。,3,3,0.973704993724823
裤子真心不是夏天的，发了一条春天穿的给我，太厚了，穿的热死了，差评！,7,7,0.9835789799690247
还行吧，就是布料不怎么样，还算可以。,7,7,0.9920585751533508
"相对其他一线品牌价格低,配置也均衡,xp很容易装,跟普通装电脑没两量,给后来买的朋友一点建议吧,用深度的xp,按F2进入bois,设置光驱启动,这个懂吧/然后跟平时安装xp差不多,可能大家用ghost比较多,关于分区安装盘微软已经自带了,很方便,关键安装的光盘要带sata口的驱程,建议用深度6.2或者雨林,其他驱程网上很多,不行的话查ACER的tai wan网站,不懂的话PM我.",8,8,0.9945434331893921
这裤子就是个垃圾 还买这么贵！！！,7,7,0.9415809512138367
物流极其慢，蜗牛速度，差评，一个星期才到,7,7,0.38896751403808594
比较大个，也挺甜，潘苹果品质有保障,3,3,0.9993525147438049
活动时买了两条，质量很好，穿着舒服大气，买的加绒的很暖和！,7,7,0.9917339086532593
你的观点有点太片面性了，这机子我用子，彩屏加和弦加GPRS。,2,2,0.452131450176239
摸起来软软的，很不错的料子，穿起来也很舒服，价格更是实惠，下次还会再来买。,7,7,0.9918407201766968
想当不错，可象手机一样使用,1,1,0.5944287180900574
包装完好，苹果都是好的，支持一下，你们的品质有保证，以后会越来越好，越来越强大,3,3,0.857911229133606
?*ω*??快递的速度哦还行，裤子的质量也可以，布料挺不错的，很满意的一次购买，谢谢店家。,7,7,0.9915837049484253
适合中学水平的读者，整个书很薄，印刷纸张还不错,0,0,0.9743537306785583
元旦前住的，川妹子服务意识很强，很细心。问一答二三，想得比客人超前。房间有些陈旧，但洗澡和空调都OK. 温泉没泡上有些遗憾，泡上的朋友说不错。我去捏脚了，技术很好，喜欢。,9,9,0.9716641902923584
"很令人无奈的一间酒店,无论哪个方面,尤其是员工的个人素质,特别是应变能力.试想一下,当夜已很深,你正准备入眠的时候,前台打来电话问,:""可否到您房间再收些押金?""你将作何感想?也许他们似乎有足够的理由.当自己用真诚换来酒店的不是尊重而是怀疑时,我一直在想,这个酒店为什么只是5星,而不是7星.它本来应该得9星的,虽然这个世界上并不存在这样完美的家园.",9,9,0.7837449312210083
在该酒店的经历实在太差了。接送的大巴车脏脏的。当天入住时费了很长时间，我们在携程提前好多天定的酒店，信用卡也刷卡预授权，但酒店并没有为我们保留着空房。一家子人定了三间房还要分不同的楼层，这就算了。好不容易可以入住了，推开门才发现，床单是有人睡过的，房间里一股子烟味，烟灰缸里超多的烟蒂，顿时就火了。把服务员找来后，没有任何道歉，只是淡淡的“换一间房吧”，是人听到这话都会生气吧，跟他理论了一番，他到挺有道理的说“你跟我说这些也没用”。当时已经很晚了，第二天还要赶早飞机，我们也就住进去睡了。没想到凌晨一点，也不晓得哪里来的学生团体，在楼层里大声说笑，搞得睡意全无。总得来说，设施陈旧，服务态度差，真的是我最差的经历了。,9,9,0.9872323274612427
物流慢，等了一天,1,7,0.5472078919410706
很普通的酒店，收费竟然这么贵，连三星都不够，总之就是太差了,9,9,0.9876602292060852
这就是京东西安仓库发过来的货吗？没有完整的包装，灰尘还那么的后是什么意思？还有一瓶是打开的，京东西安仓库也太过分了吧！,4,4,0.9072149991989136
包装太差，到手就成这样了，头断了，怎么用？,4,4,0.453731507062912
少一个100m的赠品，不靠谱！,4,1,0.5724915266036987
二次购买，感觉还可以吧,1,1,0.5087255239486694
很多东西不是几句话讲得完的，就象阿郎抽象的东西，却不是胡乱而无序的，很多平时不曾细心留意过的细节与悖论，都从这里找到了阿郎的书，太容易让人醉倒，不是那里面的画有多珍贵，字有多深奥，而是在于，里面包括的，都是都市人的虚弱，虚伪，以至于让自己迷失，因为里面的每一个角色，都像极了自己，然后，就听着音乐，把书合上，闭上眼睛享受一刻钟的寂寞与无奈,0,0,0.9997058510780334
假的！洗完头皮很多！！,4,4,0.9070094227790833
在NBA季前赛中间插播的广告中特意瞧了下蒙牛“只为点滴幸福”的英文翻译，还真是以一排灰常小的字写着“little happiness matters”！神翻译！,6,6,0.9967212080955505
啥苹果？又不甜又不脆，太粉了，没味道，最失望的购物。,3,3,0.988771378993988
货刚收到，包装完整，第一次用的时候感觉很清爽。等过一段时间来追评,4,4,0.9153690934181213
质量不错，穿起来很时尚，店家推荐的尺码也很准，穿着正好,7,7,0.998389482498169
一直吃的都是京东生鲜苹果。非常清脆可口,3,3,0.998499870300293
火大，瓶盖不紧，把一箱其它货都弄脏了,4,4,0.607475996017456
好像不大适合北方的语言习惯，词，字搭配得很别扭。所以读得很累。读之前报的希望太大，所以失望越大吧。总之，不喜欢了。,0,0,0.9989578723907471
36 没有气味 还可以对得起价格 很好的弹性 服务很到位很不错,7,5,0.3045695722103119
非常好感谢，质量非常棒棒滴，性价比高，品质优良。非常给力，快递京东最棒滴。隔天到达。省心省力。现在京东是首选平台。为啥？服务好。快递小哥辛苦送上门不管是多远隔天，品质还好。你为啥不来京东购物，打折还大。,3,4,0.4550299048423767
东西可用，赠送的皮套太差，安装上去，屏幕就会自动锁屏:，动一下就的自动锁屏:，我问客服，客服基本上是可以不鸟你，第一次在六一八购了这么多件大件物品客服基本上都是不理人的实在是让我太伤心了以后估计都不会在京东买东西了。****的老公开的公司是比较牛逼啊。,1,8,0.5973033308982849
不错。还没吃，六一八活动以后买的，都成京东粉了,3,3,0.9185662865638733
去头屑效果显著 只买对的不买贵的,4,4,0.9543659090995789
别买 太小了 还不是很新鲜 购买谨慎,3,3,0.897595226764679
本来以为是搞笑漫画呢，看网上人气那么旺还一连买了三本！没想到只是像作者的生活小日记似的，写了一些生活中的事情，语言也很一般（可能是翻译的缘故吧），总之个人觉得有点无聊的，呵呵～应该适合小女生看吧～呵呵～（PS：本人18，男性）,0,0,0.9987980127334595
作者有明显的自恋倾向，只有有老公养不上班的太太们才能像她那样生活。很多方法都不实用，还有抄袭嫌疑，没意思，没买的可以省省了。,0,0,0.9907670021057129
卫生间有烟头，烟灰，比想象的要差很多，早餐品种太少，房间很旧，性价比差，环境还行。服务也不错,9,9,0.9824844002723694
品质有保障，物流服务好，现在家里的东西能在京东买的绝不去其他地方了。,3,4,0.4718243181705475
差评！有两个烂的！还有俩只有网球大！只能说第一层的还行，下面一层惨不忍睹！,3,3,0.5596587657928467
很好，5月4号生产的，声音效果和传说的一样，散热也很好，运行流畅。,1,1,0.6240600347518921
超赞！虽然窗正对中环，但一点也不觉得吵。房间很干净、整齐，给人很舒服的感觉，服务也很好，价格也不贵，非常满意！,9,9,0.9760920405387878
活动很划算，一直用很好，滋源姜汁最好,4,4,0.869966447353363
差差差差差差差差差差差差,4,7,0.393340140581131
"很遗憾,不清楚万达集团用了什么装修材料,整个Hotel到处弥漫着刺鼻的油漆味,在我入住之前,已经有朋友警告过我,但我还是没有想到雅高集团的管理会疏忽到这样的地步,住进去以后只有打开?",9,9,0.9724910855293274
两天就要充电，不知是给的电池有问题还是待机时间太短！以前那个小灵通都没这么烦！机子速度也不快，再加上图形菜单，更慢了！游戏设计得没意思！显示屏不好看，没有朋友那个TFT的鲜艳！,2,2,0.48040106892585754
什么叫地摊货？这就是，草，,7,3,0.384006142616272
感觉很好用！没什么气味！应该是正品…………,4,4,0.46907347440719604
"网上随便看看也就算了,印成书发表实在有点无聊.可笑的是我居然买了.",0,0,0.9988484382629395
蒙牛伊利都没法吃了，不能让领导饥渴着 这个很能说明问题。,6,6,0.9861554503440857
定的特惠房，看网上评价不是很好，有点犹豫，但是离我办事的银泰百货非常的近，所以还是定了。比想象中的好！虽然有些旧了，不过还是很干净的，服务员态度也挺好的。早餐也不错。下次还会住那里的。宾馆反馈 2008年6月5日 ： 感谢您对酒店的支持，我们会继续努力提高服务质量，同时加强对设施设备的改建和维护，酒店欢迎您的再次入住。,9,9,0.9839592576026917
很好很好，简单实用。,4,1,0.35902488231658936
物流慢 线头多 质量差,7,7,0.7887025475502014
不足也有：1、份量不轻，别看个不大还挺沉的，感觉跟我的THINKPAD差不多；2、屏幕边框设计不好看，太宽像大模具套小屏幕；3、漂亮的烤漆爱留指纹，美观与实用两难；4、底部温度不低，放腿上夏天比较热。,8,8,0.7201734185218811
先是看过《且是天下》，然后发现了她，于是买了她，看了她，很喜欢女主那喜欢就做，不喜欢就不走的性格，有点像白风夕，幸运的是她早早的离开了那束缚他的地方，虽然代价高的让人难以承受；喜欢意遥，那就是喜欢了就是喜欢了，没有任何原因。其实看《且是天下》的时候就为玉无缘难过过，现在看到意遥有好的结果真觉得幸福啊。,0,0,0.9967600703239441
"质量非常好，与卖家描述的完全一致，非常满意,真的很喜欢，完全超出期望值，发货速度非常快，包装非常仔细、严实，物流公司服务态度很好，运送速度很快，很满意的一次购物",1,7,0.606146514415741
"估计是中外文化的差异吧,反正没感觉有什么特别好的,而且动物造型也不可爱,离卡米拉系列差远了! 大家慎重考虑吧.",0,0,0.45500901341438293
看评价说好吃，以为有多好吃呢，苹果皮厚，比较硬，不是脆的，甜度可以，快递员非常辛苦，每次我都买很多东西又比较重，每次都给我搬到楼上来，弄的我都不好意思买了,3,3,0.9992375373840332
"都说原著比电影好看, 可是色戒除外!",0,0,0.9869064092636108
不高兴，下午刚下单，明明第二天来货，结果晚上就来了。晚上就送吹风机，可已经无法取消订单了。找客服也不管，说回电话也不回。那能这样啊，不是为了2个吹风机，是不能这样做啊。让我退货再定，可这明明是货提前发了，要不我可以取消订单。人家快递小哥也不容易，不想折腾人家。客服真让人无语,4,1,0.40437987446784973
又脆又甜，个头大，大小均匀，好吃到爆了。一到就吃了3个，知道有多好吃了吧！,3,3,0.9976442456245422
垃圾，到现在没收到货，客户太垃圾了，说帮问问了几天没反映，算了***西没收到算了，。,7,7,0.568273663520813
买这本书是送老妈的，老人家反应这书很不错。第一，书的封面颜色柔和感觉温馨，让人看了就想翻阅其中内容。第二，图文详细，看着容易，跟着顺溜，学着轻松。第三，书的内容安排合理，老妈说，书上先介绍什么是刮痧及其保健功能，然后教一些基本的刮痧手法，再说些怎样用刮痧检查身体各部位是否健康，最后才是根据不同部位的病症讲不同的刮痧手段。我自己大概翻看了一下，还是不错的，字不多图多。,0,0,0.9993019104003906
满怀期待的打开包裹，结果包装有点脏。这就就算了，连赠品也是脏的，我这应该是卖不出去的，再说平板，连接wifi，3分钟掉十次，好无语。还有，卡2居然不支持4G，本以为买华为会高大尚一点，结果好失望，都不如人家小米。,1,1,0.9030234813690186
适合隔一段时间就拿出来看看，每次都会有不同的感受的，相信我,0,0,0.26976487040519714
我们公司是做光盘复制与加工的。所以非常需要音像电子出版社的联系方式。买了两本“2005中国音像电子出版者名录”，陆陆续续联系了几十家出版社，其中有些电话他们暂停使用了。因为，这本书是2005年版的，所以更新方面可能有待加强。但是，对于业务来说，还算是有帮助的。哪怕没有明显直观的效益。但起码通过电话，邮件，传真等方式，让更多的出版社了解我们公司，了解桂林有家非常专业的光盘制造商。,0,0,0.849725067615509
不错！上身效果很好！穿着舒服！蛮喜欢滴,7,7,0.9916077852249146
发货速度挺快的，试用了还不错，就是什么也没有送的，耳机，钢化膜都没有，如果有就更好了,1,1,0.5119330883026123
很多朋友都在问这么便宜会不会是快过期的 或者不是正品 首先 日期是到2020年才到期 3年多你用不完？ 我在清扬刚出来的时候去商店买的洗头有薄荷的那种感觉 之后买的就再也没有感觉出刚出来时的那种感觉 这一次在京东感觉到了！老铁们 京东自营的放心买吧！！,4,4,0.9057561159133911
歧视消费者，钻石号领不到优惠券！这招太损了，请问东哥知道你们这样瞎搞吗？有碍京东发展。歧视消费者，钻石号领不到优惠券！这招太损了，请问东哥知道你们这样瞎搞吗？有碍京东发展。歧视消费者，钻石号领不到优惠券！这招太损了，请问东哥知道你们这样瞎搞吗？有碍京东发展。歧视消费者，钻石号领不到优惠券！这招太损了，请问东哥知道你们这样瞎搞吗？有碍京东发展。歧视消费者，钻石号领不到优惠券！这招太损了，请问东哥知道你们这样瞎搞吗？有碍京东发展。歧视消费者，钻石号领不到优惠券！这招太损了，请问东哥知道你们这样瞎搞吗？有碍京东发展。歧视消费者，钻石号领不到优惠券！这招太损了，请问东哥知道你们这样瞎搞吗？有碍京东发展。歧视消费者，钻石号领不到优惠券！这招太损了，请问东哥知道你们这样瞎搞吗？有碍京东发展。歧视消费者，钻石号领不到优惠券！这招太损了，请问东哥知道你们这样瞎搞吗？有碍京东发展。歧视消费者，钻石号领不到优惠券！这招太损了，请问东哥知道你们这样瞎搞吗？有碍京东发展。,4,1,0.5307120084762573
样子挺大方的，拿在手上有点分量。手写功能方便，手写笔也好用（比较长，好拿），只是识别差点，不过可以外接键盘来用，比较方便。,2,8,0.705845057964325
水果良莠不齐，一看就是为了凑数，也不甜。五花八门的水果，就这样欺骗消费者？,3,3,0.9450211524963379
裤腿太细，穿不上,7,7,0.9834119081497192
不错的裤子，很漂亮，质量也不错！,7,7,0.9966101050376892
评价晚了，京东物流速度很快，包装完好，一个坏果也没有。下次继续。,3,3,0.4712459146976471
说的赠品呢，什么没有，，我选了半天真无语,4,4,0.554779052734375
衣服质量不错，样式好穿上很舒服,7,7,0.997538685798645
个头小，而且酸，小朋友都不吃，水果还是应该去实体超市买！,3,3,0.999350368976593
还可以，呵呵，值得值得拥有，性价比高，呵呵，可以购买！大家快来！,1,1,0.35434460639953613
它虽说是和弦的，但是是软件模拟的，所以效果不如带midi芯片的，y100我感觉最好的就是显示屏效果好，亮度很高，而且色彩过渡自然，比通档次的显示屏好狠多，还有他的游戏也不错。外观也不错比较精致。,2,8,0.483591765165329
裤子质量非常好，大小也非常合身，能这个价位买到这么好的裤子，非常满意…赞??,7,7,0.9841130375862122
还没用 看着不错 价格也实惠,4,4,0.5636389255523682
不是质量问题，是上网本的共同特点，那就是字体小、屏幕小看时间长特别费眼睛。用来听音乐、看片子、发邮件、写东西、个人账务管理还可以，不能用来办公（太伤眼睛）,8,8,0.4426511824131012
裤子不错，穿着很舒服，就是裤脚有点长，要改一下,7,7,0.9957274198532104
屏幕边框太宽，宽的稍有点夸张，顶部，左右两侧，风扇还是有点响，不知道什么原因，反正我使用中风扇一直响，不是很大，胆也不小,8,8,0.582051694393158
香味浓郁的很啊，还没拆包装，就能闻到了。不喜欢太香的产品。,4,4,0.9494108557701111
蒙牛冠益乳，呵护百万的健康与美丽，哈哈哈,6,6,0.9906346201896667
"位置不错, 在市中心. 周围吃饭等很方便. 房间一如既往的干净",9,9,0.986583411693573
京东什么时候把赠品也拿出来卖钱了！,4,4,0.5926663875579834
已经是第二次购买了。,5,1,0.3908022940158844
键盘手感稍差； 白色外壳容易脏（呵呵，漂亮的代价）； 品牌比不上一线的（当然价格也低）； 售后网点比联想等牌子少,8,2,0.6428461670875549
物流太慢了，就凭这一条给你零分,7,7,0.5401941537857056
见面不如闻名，香味真受不了?    用过很多牌子，从来没讨厌过一种洗发水香味，这次涨知识了,4,4,0.9425316452980042
不错的裤子！穿着真好，讲真的商家很是良心！赞赞赞,7,7,0.9866227507591248
没有生产日期，不知道怎么办？,4,0,0.26280903816223145
加绒裤没有绒 客服半天不说话 差评,7,7,0.9698086380958557
刚刚认真的翻开《夏日历险》，看完之后已泪眼朦胧。小男孩儿为了得到自己梦寐以求的小马和枪，拼命的想抓到猴子，拿到奖金，可是梦想实现后，他却改变了主意——为了他的妹妹，可爱的男孩忍痛割爱，把所有的奖金交给妈妈，用来治好妹妹的腿。当妹妹手术归来，哥哥牵着小妹妹的小手，奔跑在山川之间时，眼泪汹涌而出。爱贯穿始终，对小动物的爱，家人之间浓烈的爱……爱，始终围绕在你身边！再次强烈推荐！,0,0,0.9651378989219666
刚拿到货。还不知道效果怎样。不过快递挺好的,1,4,0.5451735258102417
方便，送货上门，速度快，日常百货大多来京东了，买的东西太多，不一一详细评价了，不作评价的表明都很好，如果有什么问题会做特别说明。,3,3,0.3794928789138794
拿到手一个月，今天居然好长时间开不了机了。唉,1,1,0.7569257020950317
我于2008年年底在当当购的此书，春节期间阅读，发现漏页现象非常严重，至少存在三四处漏页，且所漏页跨度非常大！严重谴责当当网！强烈要求索赔！,0,0,0.9607987403869629
该酒店楼层比较高，所以对自驾游的朋友来说，酒店容易找的到。我住的是20楼，那个位置基本可以俯瞰整个横店，观赏性比较好。酒店设施比较好，比较新。如果不是自驾游的话，那有麻烦的，因为酒店在市中心以外，很难叫到出租车的。补充点评 2008年7月6日 ： 地下是专用车位，游客不能停车,9,9,0.9903979301452637
整体还不错！性价比高！虽然不大，个头合适吃一个，太大容易浪费～很不错，还没有尝,3,3,0.9810630679130554
酒店电话客服服务太差！！！,9,9,0.9897045493125916
性价比挺高的 很实用 我在决定买它之前都没有听说过这个牌子：-）有点孤陋寡闻了，买了之后还是挺喜欢的 用了一个多星期也没有什么异常情况出现，希望以后也不要出现。,8,4,0.6260800957679749
盛名之下，言过其实。就单单营销方面，本书的推广倒是个成功的典范。,0,0,0.9942994117736816
和图案完全不一样，差差差,7,7,0.9103411436080933
1.键盘弹性适中，手感很不错。2.软体操作相当简便。3.价位公道。,2,8,0.8610613942146301
言过其实，内容挺丰富，但是色彩不是很好，而且图片显得较乱，不够形象。,0,0,0.8172322511672974
一直在用这个牌子的洗发露和润发乳，这次还送了发膜。很高兴，送货员把货送到楼上，很辛苦的。送货员服务态度也好，客服亲切。希望再接再厉！如果拉直过或者染发后发干的发质可以用的，很有改善的效果。要按说明用的。,4,4,0.9856522083282471
头天晚上看中，没想到第二天活动送了那么多东西！ 这款是从三十几款中选出来的，超喜欢,8,4,0.3340355455875397
浓浓香草，最爱的还是蒙牛奶特啦@蒙牛微客服,6,6,0.9896089434623718
手感不好，感觉机子有些宽，而且，正面整体有些突起，不是很平，放在口袋里容易引起和其它东西的碰撞。机子速度不是很快；当电话薄存储量或短信存储量增加到一半以上的时候，更明显地感到菜单切换速度变慢。显示屏是单色，看上去也很单调！,2,8,0.7075127363204956
物流很快，客服人很好！还送了2双袜子，质量也还不错，可惜不能传图,7,7,0.8764523863792419
看样子不错，不知使用效果如何?希望能满意!,4,4,0.45308947563171387
裤子质量不错的，穿着很舒服啊,7,7,0.9964873790740967
屡教不改坑人的蒙牛！！,6,6,0.9301091432571411
从没见过如此残旧的五星级酒店，电梯、走廊、房间内铺设的地毯，可以用惨不忍睹来形容，电梯内的地毯块边缘起毛破烂，打个不好听的比喻，我们家用来垫狗屋的地毯块看起来都比它干净整齐，房间和走廊上的地毯给人感觉至少用了十年以上似的；卫生间里的墙面瓷砖一看就是低档得不行的东西，沟缝的白水泥开始出现一个个的小孔洞，象是蚂蚁窝的大门；水龙头和毛巾架铜锈斑驳、颜色可疑，洁具的牌子让人无从考究，倒是放洗澡香皂的香皂盒的牌子清清楚楚地显示是“COTTO”，这是什么等级的东西，相信对建材稍微有点了解的人都知道，卫生间的毛巾品牌不详，但是感觉又干又硬，似乎至少是三岁以上的年纪了，更可怕的是窗帘，上帝啊，我怀疑这酒店的窗帘是从来没有清洗过的，颜色晦涩不堪，我只是拉开并关上两次，洗手时居然肥皂泡就隐隐发黑，我住的是1520房间，似乎里面曾经淹过水，地毯颜色怪异不算，地脚线的木板很明显地不是同一次装上去的。本来这酒店大堂的服务还挺让我满意的，不管是登记还是入住服务员们的微笑都让我很开心，但是房间的服务就有点不知道怎么说好，我是下午四点左右入住的，在房间小睡了一个小时后才出去应酬，结果应酬完九点多回酒店时，赠送的水果已经放在酒吧台上了，而床，我起来时是什么样的，还是那么自然的乱成一团保持在那里，让我顿时象吞吃了个苍蝇似地倒了胃口，好感全消。而门口的保安及门童服务等管理，也是非常糟糕，门前广场是个圆圈，进来的的士在圆圈的任何位置都可以停下来上客下课，小小的入口经常是从各个角度分别停几量车在那里上下客，而酒店方也置之不理，根本没有人维持秩序，酒店门口打车也是一样，没有设置排队廊，大家全站在门口等车，前后左右那么一排开，实在是说不清楚先来后到的，不时有些因打车先后顺序而起的小纠纷！这酒店最大的特色就是销售，房间里随处可见卖东西的价目表和怂恿住可加入他们积分计划的推广牌，连文具和个人用品居然都有销售价目单竖在床头柜上，让我实在不知道这究竟是提供方便呢还是为了将销售最大化。而免费的东西，因为我出差习惯自己带洗漱用品，所以不知道他们的洗漱用品质量如何，但是那一次性拖鞋的质量，咳，难道是义乌小商品城那里购买的吗？啧啧，难得一见啊，赠送的水倒是怡宝的，但是怕吃亏似地加上了酒店的广告。该酒店停车场上来的电梯是在四川宾馆的门口，我入住时上来一出门口就看到登记台，过去登记得差不多完了才知道那是四川宾馆的前台，于是道个歉转过来假日酒店的前台重新办理了登记入住的手续，结果，咳，结果让我非常后悔应该在开始就将错错好了，据成都的朋友说，四川宾馆的硬件条件还略微好过皇冠假日，价格只是皇冠假日的一半而已，两家挨在一起并有门共通，这都是啥和啥呀？我已经是携程的钻石级会员，从来没有任何酒店做过任何评价，此次四川之行，先是在绵阳的富乐山九州国际酒店入住，精美得让我叹为观止，舒服得不行，因行程改变在成都临时住了这么一次皇冠假日，同是五星级酒店，让我感觉是从真正的五星级酒店一下子搬到了火车站的招待所，还比真正的五星级酒店多付了一倍的住宿费。赚钱不能就靠搞定些什么评选机构弄到五颗小星星后就那么黑心地赚啊！五星级的大车铺啊，永别了，我是再也不会去了，套用句流行词：赚钱，要厚道些！,9,9,0.9530189633369446
好不错哦，送货快有保障相信京东。。。。,1,4,0.46620115637779236
隔天到货的，刚用上，看样子还可以，像素有点低，，买的32G的自己买了个内存卡，为何送的保护膜右上角多了个洞？还有咋没发票呢？等用段时间再说吧,1,8,0.5810950994491577
京东配送给力。苹果果香味浓郁，匀称，酸甜适中，囗感酥脆，满意，好评！,3,3,0.9973012804985046
裤子的质量很好，客服也很有耐心的回答每个问题，物流给力，两三天就到了，开心,7,7,0.9813217520713806
五星的产品质量，五星的京东自营快递速度！京东自营产品一直以来都是我信赖的，希望京东自营商城一如既往！????,4,4,0.6658930778503418
我是自来水，华为的东西就是不行,1,1,0.6831160187721252
"周六入住,花费340元,含早餐.整体感觉不象一个三星级酒店,大堂很空荡,有餐厅在里面,感觉不是很好,上电梯在一个拐角处,不是太方便,房间是一进门就见床,不象酒店的房间,就是水还比较好点,下次不会入住",9,9,0.9899715185165405
酒店比较吵杂，地毯没打扫干净较脏,9,9,0.9892072677612305
褪色严重，一分价钱一分货。购买者，小心谨慎。,7,7,0.5203372836112976
但几天后我就后悔了，为什么呢？短信速度慢，铃声小，单调，网上也没支持它的铃声，有就是单音的，5688应该是和炫的撒，况且待机图片也只有可怜的两个，下载何处寻？,2,2,0.9334564208984375
送货很快,1,1,0.297558069229126
买套装的时候说送吹风机，到货了却没有！这不是欺片消费者么？！套路够深的，以后再也不在京东买了！！！,4,4,0.6036251187324524
我购买了 ACER 4935G 的 都是LED屏幕，质量明显不是一个档次。这个4736Z的屏幕似乎是一样的，但是仔细看效果差很多，我都怀疑是雪花屏了。,8,1,0.4413595199584961
居然有黑边！差评！看小说边上有个字没看到！好坑！一千多块就这样浪费了！,1,1,0.4132636785507202
并不会有霉味，味道适中，很合口味，有大的也有小的,3,3,0.8315776586532593
酒店地方很偏，在一个远离市区的开发区，环境冷清。前台服务很差。我办理入住的时候，两个接待小姐都在忙。但一个忙完了后看到我站在台前也不知道主动招呼，而是去相帮另一个。后面一个客人进来直接挤到我旁边，大声吆喝要办入住，那小姐立刻去帮他办理了。训示她怎么不懂让客人排队，居然没有反应。酒店中餐厅在另一幢楼，那天都被包了做婚宴，只能外出找吃饭的地方。,9,9,0.98414546251297
买了两三天很快就到啦～拆开一看满满的惊喜～毕竟是买给蓝朋友的生日礼物～他被我吓到了哈哈哈不过质量很好哦版型款式都很赞～下次还在店家这里买嘿嘿,7,7,0.6366675496101379
还可以品牌赞助拉动内需啊，牛奶人的紧身衣上写蒙牛赞助什么的,6,6,0.9758347272872925
功能可以，但表面出现掉漆现象,2,8,0.28465917706489563
手机不卡.比自己在用的好多了,1,1,0.8721505999565125
一点都不好，洗完头发，满头头皮屑，痒得不行。,4,4,0.8844792246818542
说明书简陋 随盘带的软件没有详细说明做什么用的 装的时候都不知道 不装的话 有些快捷键没法用 装的话不知道那个是那个 ，另外，键盘的手感不是很好。,8,8,0.9859668612480164
版式太小了！不是很好，要是大版点就好了，不会显的杂，字也可大点不是很好吗？孩现在不是很喜欢。,0,0,0.8526767492294312
东西好，物美价廉，下次换来购物,7,7,0.34920138120651245
12月7日入住3号楼豪华标间。酒店规模挺大，也比较气派。房间还不错，干净卫生，配套也算齐全，只是没有配盒式纸巾，印象中四星以上的酒店都有的。物有所值，推荐。,9,9,0.9842039942741394
千万别买中个的，看到这个中个我就不知道是小个了，皮又厚切出来没东西叫了,3,3,0.9970153570175171
打开发现没有发膜是怎么回事？？？找不到客服？谁来给我处理,4,4,0.4212837219238281
质量很好的平板，华为的东西质优价廉，值得信赖的。,1,1,0.944638192653656
一直在京东买施华蔻的产品，这次是最差的，每一瓶都脏兮兮的，明显有擦过尘土的痕迹，既然擦了你们倒是给擦干净啊，严重怀疑是积压产品或是产品的真伪！,4,4,0.9865725040435791
"哈哈哈哈.....居然还可以继续评论啊那就给满分了下次去了继续住忘记说了,有房内按摸的服务的可惜没时间去试了, 下次去还会住的......",9,9,0.9596779346466064
很纳闷的是第六期我没有收到卡片，我还想集齐了24张的。。这点最不满意,0,0,0.7277998328208923
华为是大品牌 值得信赖。像素 画质都不错 价格实惠值得购买,1,1,0.9045602083206177
刚打开看了看，确实不错，东西物有所值，值得购买，手感也不错，都下载了很多东西了，玩着流畅，听音乐看视频么么哒！,1,1,0.966870129108429
感觉还不错，对比了小米3和华为m3，最终选择了华为m3，m3缺点是屏幕有拖影，不过平时正常使用不影响，优势是2k屏幕色泽好，能插tf卡拓展，wifi32g足够我用了，主要就是听歌，看书，看电影。现在平板不足就是不支持快充，这个让人不爽，手机都支持快充的时代，电池更大的平板不支持，我用平板主要就是出差飞机上打发时间。,1,1,0.8557490706443787
"我订的是主楼的房间,房间不错,酒店周边环境较好,有宽带,我住的九楼有个公共大阳台.酒店的早晨品种比较多,但是品质一般,服务员态度热情,但是业务水平有待提高:例如给我的房卡第一次开不了门,要到前台重新制卡才OK.",9,9,0.9848479628562927
太坑了，挂羊头卖狗肉，*，还有一放进水，整桶水都变蓝了,7,4,0.6366072297096252
"买给老爸用的,屏幕够大,他老人家超喜欢.",1,1,0.7564869523048401
衣服质量直接是让人难以置信。差啊,7,7,0.9734064936637878
新鲜，个头比较大，可惜太苦、太酸，根本不能吃，全扔了。一星是给快递的，比较失败的一次购物。,3,3,0.9866633415222168
经常入住京伦酒店，感觉还不错。但是3月份去的一次，安排了一个最拐角的房间有一张双人床，服务人员说要是豪华间多交钱才能给大双人床，以后去北京会考虑入住别的酒店。,9,9,0.9940674304962158
这个酒店基本上我不太满意，住了那么多酒店，就这家酒店打扫房间还要人催的，回到房间下午5，6点了，房间居然还没有打扫，而且不是1天2天，住了10天，有一半以上都是这样。但是宾馆2天会送一盘水果，每天还有免费报纸。虽然这方面还不错，但是作为一家宾馆，尤其是要充四星级的宾馆，这样的服务未免有点太。。。。还有餐厅的服务也不好，上菜也上错，餐具都是灰尘。。。。下次不会选择这家宾馆，我个人对于房间的卫生打扫还是很在意的。,9,9,0.9921477437019348
只在酒店休息了几个小时，没有来得及吃早餐，也没有看到所谓的10元抵餐券。房间内的设施还是挺丰富的，比较新的酒店，标间的床太小了，对于大块头的客人来说有点紧张。前台的服务意识还是不错，下次要好好享受一下酒店的服务。宾馆反馈 2008年8月4日 ： 感谢您的点评，酒店会重视您的建议，不断完善产品，期待您再次光临，入住体验，并给予我们更多建议。谢谢！,9,9,0.9705290794372559
很不错的，同展馆附近其他几家比，性价比是最高的，吃喝买东西都极方便。不足就是要自己跑到马路上叫车，不过天津的酒店服务也差不多都如此。,9,9,0.9550071358680725
外型很特别的机子哦，嘿嘿，那会买的时候这个占很大的决定因素哦铃声响亮，可以免提通话乃至用于电话会议....闹钟也很棒哦如果喜欢煲电话粥的MM，建议使用耳机，夏天耳朵贴着机身会发热..白色耳机线有iPod的风格耶信号方面也还行，电话本容量500，够我用了哦一个人多少个宅电或手机号码可以任意编辑，我喜欢在电脑里弄好了传进手机里面啦自己添加来电大头贴和来电铃声，我有我个性的说~~~~~~~,2,2,0.966414213180542
华为平板质量有保证，用起来一点都不卡。,1,1,0.8885198831558228
我要两条33码的，居然搞错33 32都分不清了吗，瞎几把发货！,7,7,0.8955985903739929
好评，很好吃，第二次    买了，很新鲜,3,3,0.9848613739013672
帮朋友买了，他说用过挺清爽，而且去屑效果好！,4,4,0.9839189052581787
这酒店除了离浦东机场近而已，真的实在太垃圾的酒店，设施服务都很差。,9,9,0.9854228496551514
不太新鲜，还有一个皮有点烂，还有一张叶子都烂掉发毛了，醉了这都发过来，还很小一个，感觉没什么水分，可能是不太新鲜的原因，因为上夜班所以懒得仔细检查了，其他两个不确定有没有问题，客观评价，吃完再追加评价！这价位加上快递费，贵了！！！！！,3,3,0.9921999573707581
不爽，没赠品。。。。。。。。。,1,1,0.3484233021736145
买了一百块钱的水果，包装很用心，到家没有坏果，快递员还帮我打开检查了，购物体验很好，苹果不大，好在挺新鲜,3,3,0.9905129671096802
手机不好，差得要命。要不是因为急需用手机，没时间抽空去实体店购买，真心不想要。手机问题一大堆,1,2,0.4902726411819458
房间挺干净的，这一点不错。但是，服务上有点跟不上。比如房间里的咖啡，只有入住的第一天是免费提供的，然后就需要自己购买了，让人感觉很小气。,9,9,0.9887052178382874
东西不错，发货也快，晚上定，早上就到了，神速,3,4,0.4779161512851715
嗯，不错 ，很好看，一次满意的购物！穿起来很修身，很好看，最重要是舒服，这裤子质量这价钱也只有这家了，服务态度好，快递也很快,7,7,0.9942981600761414
还行，正品，618怎么不搞活动呢？,1,4,0.7817214727401733
无短信群发功能！短信容量小得可怜！可悲！内置铃声少，而且不知如何下载！待机时间短，而且，可以玩的功能过少了，内置游戏无意思！铃声难听！,2,2,0.9782387018203735
质量很好，也非常漂亮，颜色也挺正，没有什么色差，值得购买！做工还是蛮不错，发货速度比我想的快，总的来说还是算比较满意,7,7,0.8458472490310669
送货速度很快，美中不足就是刚到货，就降价了。,1,1,0.2993205785751343
一刹那间有种原谅以前蒙牛欺骗我们的冲动,6,6,0.8057812452316284
垃圾，手机充一天电放那不用不到一天就没电自动关机了，申请退货，收货人员说手机边角有痕迹，让联系客服，客服让发了个图片过去审核，发了个邮件过去后，然后就没然后。我想说手机收到就是这样的，都没有用哪来的痕迹，只怪自己当初收到后没有打开看，无奈，就当买个教训吧,1,1,0.9430255889892578
等了4天，奶奶的颜色发错了……,7,3,0.27666446566581726
1、里外屏一体，如果不小心碰坏了外屏，那么呵呵得连里屏一块更换，听说要600元呢，希望我的不要那么倒霉！2、不能下载图片，没有数据线，不支持彩信。3、待机时间有点短，也就2天。,2,2,0.831649661064148
"猫和老鼠的DVD,我在当当网已买过10余次了。除了做为礼物送给亲朋好有的孩子外，还留下自己观看，而且是百看不厌......",0,0,0.9905953407287598
第一次接触速8酒店，感觉比较失望。相比以往接触过的如家、7 days、锦江之星等连锁经济酒店，感觉速8无论从硬件到软件都还很有差距。房间小得出乎想象，设施也比较陈旧。服务人员的态度尚算和善，但还是比较呆板僵硬，丝毫没有体现出全球连锁酒店员工的职业素养。,9,9,0.9893643856048584
刚收的货就看到这些脏点点，太揪心了，班尼路对你失望了,7,3,0.41014501452445984
质量和价钱不对等，回来才试穿一会已起球，质量好差....,7,7,0.9845689535140991
硬件配置超强，完美支持vista，运行速度流畅，一两年内无需升级硬件，估计也能跟上主流。,8,8,0.694451093673706
不错，比较小巧，不过系统做了GHOST后就再也进入不了系统了，老是进入F3的界面，不断的重装，只好重新手动重做了系统!其它的一切都好!买回第二天跌了50!,8,8,0.43167075514793396
回复 原来你暴露了你爸是李刚，可是你应该被判刑3年啊，在牢里面还能认春哥？还能评论微博？ 回复 你这个吃蒙牛吃成痴呆的盲流，哎。。。,6,6,0.8955901861190796
这就是在京东买的尚品实木沙发 退款比登天难,3,7,0.38966086506843567
速度快质量好，我还是建议到京东自营商店里购买吃的产品，比较放心。,3,3,0.5706031322479248
"我不喜欢这类题材的作品,太过沉重.有很大程度是跟个人喜好有关.我不太喜欢农村题材的作品现实太过残忍让人不忍看.",0,0,0.9929717183113098
不行，亏大了,7,7,0.26501426100730896
去年孩子刚上学，当时小学里安排了教育专家给家长上课，讲怎么培训好孩子。其中老师提到一条，注意培养孩子的观察能力，也提出一些相关的小游戏。之后，发现这类大搜寻的书对培养孩子的观察能力非常有利，而且书内的图文精美，孩子也非常喜欢。这套书每本书都有一个主题，在培养孩子观察力的同时还能增长相关的见闻和知识。大力推荐一下！,0,0,0.9977368116378784
配货的速度越来越慢，送货也是，要考虑下以后要不要在当当上订书了,0,0,0.9373364448547363
"从外边看象简易房子,开始以为大堂对面的房子比较好呢,却被告诉对面是多人间,有点想不通. 从外观肯定不如北海,看日出也不太方面到光明顶要一小时,狮子林可能稍近一点. 服务尚可;补充点评 2008年1月14日 ： 写错了前面是写山上北海宾馆,华山宾馆只有位置好,房间大,其它没有别的优势了.",9,9,0.9933367967605591
很不错到的苹果，多次购买了，有坏的找客服也很快解决了，现在京东生鲜越来越好了，真是不错！还会来购买的。,3,3,0.9887397885322571
东西包装还行，但是用了后有头皮屑，八成是假的。,4,4,0.9696691632270813
好像是假的，不推荐购买,4,4,0.7844171524047852
刚到家 还没用，封口包装也挺好的，期待用后的效果,4,4,0.9411611557006836
我能说我为了梳子才买的嘛？！！结果没有送梳子！！！,4,4,0.47284308075904846
值得信赖品牌。一直以来都是穿班尼路的衣服。,7,7,0.9778121113777161
"1.check in的时候给的是1102房,打开门后发现已经有客人入住,而且是女士.十分尴尬.电话联络前台,要求自己下去更换,太无法接受了.其解释说本来是预留给我的房间,由于电话联络不到我就给别人.绝对不接受此说法:1,我电话一直开机,2.我是5点左右到的酒店,3,我用信用卡担保了2.换到909房间,发现是无烟房,再次电话联络,告知可以吸烟,呜呼,既然如此,何必设无烟房3.我定的是高级大床房,发现冲凉房和卫生间是分开的,并且冲凉房在房间的一个角落,不管怎么努力,水还是会流到房间.4.洗澡水的温度也就30度吧5.宽带速度不错.",9,9,0.9744885563850403
昨天下单今天送到了，真快，可是给我的货是放了好久好久的，还有2个全坏了都给我送去，卖家太没娘心了，一点职业道德都没有。,3,3,0.292720228433609
音量键处翘起，跟X1一样的毛病,1,2,0.32302191853523254
有点脆，有点酸，感觉一般，有一个有点瑕疵,3,3,0.9530425667762756
"酒店硬件一般,这么偏远的地方有这样也不错了. 不过环境太棒了.海拔830米,凉快.有个大游泳池,水山泉水的,有些凉.不过自然啊,没有消毒剂..山下319国道到茶园15分钟车程..茶园餐厅手艺不错,价格也不算贵房间有小阳台,外面就是茫茫的森林..感觉太好了..避暑渡假的好去处..最好住顶楼四楼,视野绝佳..不小心说太多了,搞得自己象个托似的..哈哈....",9,9,0.983871340751648
给我爸买的礼物，结果还不到一个月，手机掉地上就碎屏了，也太脆弱了吧？用过华为3款机型了，都没出现过这种尴尬事，不知道是不是设计缺陷的问题。想买的慎重，这款我不推荐,1,1,0.9042284488677979
地理位置：正对长春火车站，优点：方便乘火车的朋友，缺点：感觉环境有点乱，物价较高，但周围各种饭店很多。房间：大小一般，被褥比较干净，离马路有点远，晚上比较安静。卫生间马桶和浴缸有点旧旧的感觉。隔音一般，走廊没有地毯。我们正对电梯，所以电梯停靠和人声比较嘈杂。含双早，种类比较丰富。服务：中规中矩，没什么特色，门童是女的。,9,9,0.9962602853775024
外形不错!,2,2,0.5233966112136841
这个裤子挺好的，做工精细，穿着挺舒服，关键是不起球。五星好评,7,7,0.9779902696609497
不错！新鲜！就是有些果皮上有碰伤的痕迹，希望改进。,3,3,0.9980395436286926
沙宣这个牌子，特别好用就买了。一直信赖京东,4,4,0.9722529053688049
做工一流，外形漂亮，显卡很棒，奥特兰星品牌扬声器，手拖处有金属质感，各种接口比较齐全,8,8,0.8133806586265564
东西不太好，有点被假货的感觉。,4,4,0.41698983311653137
反正蒙牛就是个垃圾，早就不喝内蒙奶了。,6,6,0.998691976070404
开机慢，拿到货第一次开机等的我都怕了,1,1,0.8962200284004211
非常不错穿着很舒服很透气几十块钱能买到质量这么好的衣服很满意哦,7,7,0.9887874722480774
还好吧！感觉用起来还不错,1,1,0.5974209308624268
读此书，才意识到中国历史上最值得推崇的时代是春秋。 能人倍出， 百家争鸣的时代。 王者有王道， 从上至下， 都是有礼有序。书里讲的故事都很有趣， 文风随意， 似在谈史， 又有点调侃历史的味道。特别适合还在读历史的中学生。 不妨听听老师以外的人怎么侃历史的。当然，历史故事讲得还是浅了一点。 而且是第一部， 看到一半， 有点半杆子的味道。 就等下一部吧。,0,0,0.9999396800994873
苹果收到了，我必须说一下，真是好，我姑娘回来就干掉一个，水分多，很甜！关键是很新鲜！开始还?点担心会不会有烂的结果担心是多余的！送货超快！服务棒！信赖京东！,3,3,0.77443528175354
太棒了，各方面都很好，破洞很好看，也没大调颜色。稀饭,7,3,0.6946611404418945
裤子很好看 很合身 很喜欢 质量也不错 喜欢下次再来买 宝宝们可以下单哦,7,7,0.9951504468917847
太恶心了，刚买不到两月，就降价400多，第一次遇到这么恶心的事。,1,1,0.3559907078742981
还没开始用，闻着味道很好，很香，希望大品牌不要让我失望,4,4,0.9590946435928345
很好。,5,5,0.5810231566429138
挺差的。两个月的时候屏幕就裂了。只能说，一分钱一分货吧,1,1,0.7313665747642517
太慢太慢太慢太慢太慢太慢太慢太慢太慢太慢太慢太慢,1,1,0.42401450872421265
我要把上面的印字给划掉，等等被人家发现我脱发,4,4,0.5177842974662781
很好，屏幕清晰，大小刚好。赠品也很不错。,1,1,0.7983909845352173
条件还可以，服务不错，酒店人员态度很好，早餐尚可。但总体感觉携程的价格略贵，比很多公司的协议价格都贵，这不大符合携程的地位啊。,9,9,0.9880578517913818
下单的时候明明是送吹风机的，怎么没有？怒怒怒,4,4,0.5904291868209839
很不好，根本就不像花牛，好像都没熟透，吃起来很生而且相当硬。,3,3,0.9608094096183777
当年在《参考消息》上曾经拜读过亨廷顿的“文明冲突”文章摘要，正式出版的这本书第一次读到，还没看完。他可真是当代伟大的政治学家，一是系统科学地总结了世界文明的发展历史和政治冲突的关系，二是在冷战结束几年之内（1993年）就预见到了世界冲突从意识形态向文明冲突转变，如此高度敏锐的政治思维，不知当代有几人？三是预见了美国将受到来自伊斯兰教国家的攻击（“911”事件发生）。伟大！！,0,0,0.7746885418891907
送老爸的父亲节礼物，这平板的声音和色彩非常棒，很惊艳，比ipad mini4性价比高。,1,1,0.9469302296638489
比超市便宜，头发很顺，护发素不错，包装好，品牌好,4,4,0.9549192190170288
早上过来的飞机肯定是被击落的，着急地穿过云层后突然一下砸在地面上就算降落了。还供应蒙牛酸奶，一直担心吃完会不会不适。。。,6,6,0.859200656414032
用了快半个月了，感觉一点都不好用，头一天晚上洗的头，第二天早上头发就发硬，变形，味道也不好闻。,4,4,0.9699848294258118
是假货，和以前的用起来根本不一样！没想到京东自营的也开始卖假货了，对他很失望！,4,4,0.8179441690444946
真心垃圾，以后再也不会买班尼路了,7,3,0.3678635358810425
苹果很不错，绝对没有坏的，个头适中。挺不错的,3,3,0.9759312272071838
没豆也评。一般一般，胜在性价比高了。苹果季节已过了。,3,3,0.971560537815094
交通便利，价钱算是国际展览中心附近偏低的了，参加展览会入住这里还算合适。就是酒店前台把我在Ctrip的预定信息搞错了还死也不承认，服务人员的素质差了点。,9,9,0.9899365901947021
说好的赠品呢？难道只是挂到上面忽悠人的？还有发票也没有，不是说有电子发票吗？在哪呢？,1,4,0.728324830532074
今天刚收到的，很不错呢，手感好，还挺薄的，，屏幕够大！！用了一下，系统流畅的，京东棒棒哒?( ???` ),1,1,0.6164735555648804
嗯嗯，写过了，除了部分材料不太好买，真的是本不错的书。,0,0,0.9952463507652283
收到，还没有用，是正品，以后再追评。,1,4,0.6132288575172424
选料做工都不错，拿在手里很有质感。自带的数码相机也挺好，可外接闪光灯，支持视频拍摄功能，效果也说的过去。还有延时录制及播放功能，视频及图像可通过E-mail或MMS短信与文字及声音一起发到别的手机上。电话本的容量也够大，内置Modem，速度也还可以接收，最关键的是刚降完价。,2,8,0.5876503586769104
硬件比较新，比如led的液晶屏，11n的无线网卡，4570显卡（虽然比较低端但是性能接近上一代的中高端卡）。发热比想象的好。,8,8,0.968464732170105
假的假的假的假的假的假的假的假的假的。。。,4,7,0.42675015330314636
商品运到包装变形，内部洗发液已经渗出,4,4,0.8680179715156555
没有系统，拿到手里打开机器，只能随便看一下，因为没有系统啊！没有系统才会有这样的价钱吧！开箱的时候竟然是一个纸箱面又装了另外一个箱子，这箱子还真多，不过没有鼠标和包包！,8,8,0.8487777709960938
手机真心不错，已经买第二部了，刚刚同事让我帮她买一部，我才想起来评价,1,1,0.9072294235229492
位置很好，房间宽敞。只是有点霉味。七星岩西门，不太好找,9,9,0.9782786965370178
裤子非常不错，价格又实惠，这裤子是我刚洗过不掉色，挺好的，物有所值，谢谢店家！,7,7,0.9910291433334351
是我喜欢的香味，一次满意的购物。,4,4,0.9214287400245667
"No attached presents such as Mouse, Notebook shoulder bag, ^_^",8,8,0.3409937024116516
看了规格，估计3个装1kg的比较小，所以专门买的4个装2kg的，收到简直无语，除了一个还稍微大点，其他7个都小的可怜，专门放了一个牛油果做对比，都是那种超市挑剩下拳头大小的，把最大的打开甜度也一般，看来京东买水果靠的是运气，品质无法保障。,3,3,0.9923292994499207
包装不错?，配送速度也还0k，苹果不算大，但对于我来说正好一次1个。,3,3,0.8762973546981812
差劲，小的不得了，骗人，笔小鼠标都小,3,1,0.504896342754364
真的是。服务态度差极了，着急要穿，结果说不能第二天送到。一说退货就不理人。呵呵哒。,7,7,0.9767478108406067
发货速度太慢了，物流也慢，网上购物以来从来没有遇到这么慢的。购买的时候显示的有货，等过了几天问怎么还没有发货，客服告诉我说没有货，其他不想多说什么！,1,4,0.39263516664505005
这个苹果很脆很多水……又买了几箱送人,3,3,0.9913429021835327
酒店的服务极差，房间很大一股烟味。对面有个还开着门打麻将，让人无法休息。再也不住这家店了,9,9,0.991756796836853
"听说是柳州最好的饭店了,原来是市政府的招待所.靠近一条河,景观不错.出行交通也还可以.房间没有留下什么特别深的印象,但是觉得底楼中餐厅的服务员态度特别好,勤快,亲切,吃顿饭送了好几次热毛巾.",9,9,0.991551399230957
苹果有坏的，不新鲜，自欺欺人。,3,3,0.9886871576309204
这本书非常好，非常值得一看，特别是谈恋爱的男女，还有已经结婚的夫妻，或者是想要和异性有更深的了解，都需要去了解这本书里面的内容，了解异性，你将赢得整个世界，了解同类性别的人，你只赢得半个世界，但是你了解同性别的人和了解异性后，你将了解全世界，无所不能。所以这本书是你幸福的关键，会让你赢得人生的。只要你想对异性有更深的了解，就必须要看这本书。,0,0,0.9962630867958069
"环境太差,非常后悔,再不会去住房间有味道。房里的设施也比较老。床铺不是很干净。烧水壶一股子怪味。太陈旧了！",9,9,0.9857102632522583
这个商家太垃圾了，不仅不好吃，太酸，而且大小差别很大，这是怎么装箱的，都不看吗？骗人,3,3,0.8322149515151978
住宿方便，房间清洁，价格实惠，服务尚可。,9,9,0.9862954020500183
这***写个大大的Lee是什么意思，山寨到这份上了都,7,7,0.3020836412906647
首先接客司机态度很差 见面一句话也没有 跑下车帮你开一下中巴车后门 行李也不知道帮搬一下不说看见比较困难也不搭一把手 接着酒店前台气焰嚣张 我就说了句你们怎么要复印身份证的让我去问派出所然后遭遇被喷被鄙视被各种冷嘲热讽 你又不是啥大人物大家都复印凭什么你事儿多 我们这里都这样要不要住吧! 房间一股奇怪的味道 热水莲蓬头出水量小 洗发液差 居然没有任何饮料以及方便面 要吃喝只能去外面超市买 好在100米左右有一家可的....不会入住了!,9,9,0.9918096661567688
便宜没好货，请告诉我哪个有70mm，小而酸,3,3,0.36720895767211914
美中不足的地方是水果质量太差，都坏了两个，送人的，出了大洋相！,3,3,0.9865689277648926
"第三次入住,前两次是豪华房此次是标准间.豪华间超大,标间虽小也很舒适.前台服务,速度基本满意.早餐一般.最满意的是如团队同时入住,房卡后会自动列出每个成员的房号,非常方便.不足的是大厅经常有来餐厅吃饭?",9,9,0.9976557493209839
内存太小了 无线网距离也太短 其他的还凑合,1,8,0.5669650435447693
不要相信花花公子的品牌！赠品、买一送一的都是骗人的！我被坑了！,7,4,0.4605540931224823
不咋地 洗过了头皮痒 还有头皮屑,4,4,0.8949248790740967
外壳材质略粗糙；外壳厚度较薄；单声道的喇叭很不人性化；但对这样的价格而言还算可以。,8,2,0.6774484515190125
朋友推荐的，收到实物应该是好东西，给个好评,7,4,0.4861380159854889
太差了，物品尺寸不正规，物流3天半才到！,7,7,0.781920850276947
坚决抵制蒙牛牛奶！！坚决抵制！宁愿去喝妇炎洁，也不去喝蒙牛！！大家都说我笨蛋，思前想后，为什么我以前很聪明，现在总被骂笨蛋。想来想去，是大学一直喝蒙牛！坚决抵制蒙牛，频繁出问题的牛一定是病牛！,6,6,0.9998452663421631
"一开始妈妈以为这书和小熊绘本一样的书呢,结果仔细读过后发现是小孩子和她的小伙伴都都每天模仿大人过家家呢!给19个月的宝宝讲过故事后,我们再拿他的巧虎宝宝作为他的小伙伴,学着阿波林与巧虎一起过家家做游戏,孩子可开心拉!我先给孩子讲了四个故事,一个是看医生，一个是花园里,一个是开小汽车,一个是把屎屎,宝宝都很开心的跟着阿波林学着和伙伴玩模仿游戏.真是本好书啊!",0,0,0.9944566488265991
宝贝昨天就收到了，满满两箱，每件宝贝都是单独加了包装的，都认真检查过没有质量问题，活动价蛮划算的，感谢细心的卖家，辛苦快递师傅了！,4,4,0.5157915353775024
挺不错的！质量和超市一样。值得信赖！继续用京东，给力又轻松！,3,4,0.6514796614646912
不知道为什么，其实心里一直存在吸血鬼情结。那个生活在暗夜中的种族，给人神秘又邪恶的力量...知道暮光系列，最初是因为去年出来的电影。迷恋着吸血鬼与单纯少女的恋爱传奇。直到读者也开始推荐这书，终于决定找来读一读。故事中的爱情总能让人觉得温暖。喜欢爱德华给我带来的感觉，那个什么时候都为了保护贝拉不顾一切的男孩子。不知道是不是《哈里波特》在我心中地位太高，个人觉得还是无法与HP抗衡。,0,0,0.9994194507598877
没有收到何来已签收？,7,7,0.31605756282806396
没有诚信！！买3件没送内裤！！,7,7,0.7493764162063599
为什么没有包装，第一次，用的没什么感觉，我也不知道为什么没有客服,4,4,0.6847778558731079
吃完饭拿出优酸乳，神奇地发现亮点：伊利和蒙牛两种酸乳饮料的代言人居然是周杰伦和蔡依林…元芳，你怎么看？………,6,6,0.9244109392166138
这是我见过最烂的手机，没有之一，昨天刚买，今天连机都开不了一直重复开机画面，不是华为差，而是京东的门题，假货太多。唉,1,1,0.7892679572105408
我也算是大开眼界，从来没见过这么“大”的火龙果，跟女生拳头差不多，这还是中果，我很想知道，小果得多大，还不得跟枇杷大小啊！吃亏上当一次头，下次他家别想挣我一分钱！苹果可不是他家的，是我在超市买的,3,3,0.9992586970329285
东西都对 就是赠的精华霜 感觉真是赠品 那是相当的少了 洗发效果不错 回来直接就用了 比百年强,4,4,0.9913977384567261
"我在柜台前排队办理退房,居然有其他房客直接到柜台不遵守前后次序,而柜台人员却依然无所谓直接办理该插队房客退房手续,完全无视排队秩序先后!真令我气愤!同样五星酒店,我老板住喜来登,当我们在喜来登酒店门口排队等出租车时,有人也是插队直接上出租车,但是喜来登门房立刻赳正该插队客人并口气温和要求对方下车到正确位置排队等候;难怪喜来登可以登上成都最佳酒店排行第一.",9,9,0.9838672876358032
免费升级到行政房，每次去都住这里。设备、空间在香港来说是一流的,9,9,0.984420895576477
不是京东自营的东西不要买,7,4,0.39518508315086365
中国也出了一本情感的书，看完了，很不错的一本让女人更加了解男人的书。本人阅读的时候，就有很多同感，因为是里面有提的行为，我作为一个女性的角度，几乎都有，而且很贴切。也让我的眼界放宽了，看到了很多男人和女人不同的东西。看待事情也不会像以前那样的主观了，此书值得一看，作为一位现代女性，不独这本书的话，有点遗憾。因为你已经与社会脱节了。,0,0,0.999881386756897
衣服不错，老公很喜欢，下次有合适的再过来！很满意！,7,7,0.9704700112342834
这是什么西柚？整个苦涩的味道！怎么吃啊？,3,3,0.9538158178329468
"黑边太大,屏幕还可以再大些,没有光驱,送的瑞星还是光盘版的,内存条需要自己装,vista系统太不好用,跟很多软件都不兼容.没有触摸板不太方便.还有就是只有一个分区有点郁闷.",8,8,0.8914390206336975
看了实物后，不想再说什么了,7,7,0.40165749192237854
买了很多水果，新鲜又实惠！比超市还便宜，满减活动很划算的！,3,3,0.8921512365341187
回头客。苹果很新鲜，大小匀称，好吃。,3,3,0.9876601099967957
扔垃圾桶了,1,7,0.4205337464809418
版型不错，裤子也很合身，没色差。很喜欢。值得购买。赞！,7,7,0.9918366074562073
太伤心了 一网购就京东 结果京东发错货 我这边当即申请换货退货了 可京东迟迟不处理 （因时间来不及 当天又重新买了 ）货已经退回去四天了 客服推来推去 还是“京东上门取货”,3,1,0.3963862359523773
1.位置很好，就在中街上，出入方便；2.房间比较大，尤其是卫生间，装修风格分为金木水火土，不错；3.前台服务一般，入住后发现网络不通，工程人员能及时赶到解决问题，但又发现卫生间内没有梳子，通知前台，看来是忘记放了，好在还能及时送来。4.客房玻璃比较脏，在高层本想俯瞰沈阳，可惜这玻璃太扫兴。5.晚上过了8点去21层巴烤，竟然不营业了，郁闷！,9,9,0.978659451007843
不够脆，不甜，吃着糠，不建议购买,3,3,0.9878643155097961
携程的房价偏贵了，而且房间偏小了。其他，酒店应该是现在南通最好的了吧,9,9,0.993690013885498
到底是国际品牌酒店，服务很好。美中不足的是店门太小，不够气派。,9,9,0.9850403070449829
完全是套话 空话 没有一点点实质上的内容……建议不要买……,0,0,0.7389792799949646
习惯用沙宣，京东购这次物流慢点。,4,4,0.7499328851699829
130万的照相还是不错的，性能也比较稳定。,2,2,0.5318410992622375
早就不喝蒙牛了。,6,6,0.9725261330604553
"比较多，铃声大，来电听说清楚.电话本和短信存储量大,内屏还算艳丽.",2,2,0.9533718228340149
"拥有象数码相机-500万像素CCD的高清晰摄像头,自动对焦，确保画面清晰锐利；LGC960是一部真正数码相机手机。还可以直播、点播、下载多种模式，真正的在手机上看电视。26万色TFT、2.0英寸精显屏幕;实用的免提功能设计，解放你的双手72和弦，清晰悦耳，余音绕梁，颠覆双耳的音效，非常的舒服。",2,2,0.9850147366523743
裤子的质量很不错，版型很好，面料舒服，做工精细,7,7,0.9990288019180298
硬盘到手就发现一个坏块，因为是完美屏，没回京东换新，花了两天在本地换新硬盘，发票都不需要；电池衔接很松，可有1mm间隙；出厂时A、B面贴的保护膜太敷衍，太多气泡，虽然反正要撕掉，但说明厂家态度不严谨。,8,8,0.7847371697425842
"装了ASUS OEM XP，原来LINUX其实做的也不错，可是谁会用呢，试了试就把硬盘彻底删了重新做，全过程异常顺利，BIOS中也不能选SATA或IDE。装了常用的各类办公软件等，基本没有感到慢，试过CS，最低分辨率下可以运行到30-40帧/秒，高清电影确实不流畅，电池确实很棒，8700mAh,想想就知道至少5-6个小时，其他一些品牌的类似产品有更便宜的，可电池也很一般，华硕这个设计确实定位明确！",8,8,0.9842058420181274
尺寸比例16:10和手机差不多，很多手机软件都能用。看电影也上下黑边很小，现在电影都是16:9。不喜欢4:3的。,1,1,0.804691731929779
不好，洗后头发是涩的，一点都不润滑,4,4,0.9832227826118469
苹果长的我都不想说，外面包两层，苹果却很小，真是买的最失败的一次，,3,3,0.9922698736190796
感觉不值得购买，在书店翻看一下足已。看了书名就够了,0,0,0.9971715807914734
苹果很新鲜，个头不大，味道正常，不酸，脆度也可以，还是比较值,3,3,0.9996747970581055
超过10个字才能获得京东豆 我只能说物美价廉了,7,3,0.43022987246513367
性价比还可以，特别是返600后，如果有券的话就更好了。到货快！,8,4,0.5890270471572876
家人反映电池超级不行，待机两天就关机了，充电又慢，家人问我是不是买到旧机了，,1,1,0.8590542674064636
"交通方便,门口有到黄河边去的34, 9路公交车, 到市中心的1路车。酒店房间设施陈旧，进门插钥匙牌取电后，竟然发现开水壶在空烧，后来知道水壶有故障，不会自动断电，向送早餐的服务员说了此事，未见反应。床头靠背软垫是破的。可能由于水质关系，洗脸盆，浴缸， 马桶痕迹很多， 显得很脏，地毯也不干净。早餐按客人要求的时间（7：00 - 9：00）送到房间，数量之多根本吃不完， 质量就一般般了，好象就是火车站旁边市场摊子上卖的那些东西。房间押金是一天一天交的。要注意的是， 结帐时服务员会问你要不要发票， 要发票会自动在原来价格上加 2 元钱一天，事先并不加以任何说明。",9,9,0.9930118918418884
沙宣洗发露，本人一直都在用。用起来头发超顺的不会毛躁哟。    现在买满，还有的送。这次下手又太重了。哈哈哈哈,4,4,0.970943808555603
写一下真实感受，先说商品符合度，***，第一张和第四张是一样的吗？店家发货巨***慢，慢的一匹等死两天半第三天才发货，发货慢，物流也慢到我手里六天了搞笑啊就***服务搞事情啊！我要知道是这我买***。真心自我感受。,7,7,0.6420682668685913
"整洁,房间大小也可以,大堂也很舒适,漂亮,还供应免费现磨咖啡,赞",9,9,0.9641018509864807
完全不是红富士的味道，还是烟台红富士？？,3,3,0.7094656825065613
打字的时候，键盘左半边有明显下陷；屏幕两边有漏光；等货的时间有点长，第六天才能自提。,8,8,0.757515549659729
各方面不错，速度外观可以接受，我加了2G三星内存，原装的1G也是三星的。。,8,8,0.8402727246284485
外形尺寸偏大，有点像13寸本子的模具，钢琴漆面外壳容易划伤。 而且刚买完一周就降了100.,8,8,0.771632194519043
包装好，快递快，第2天就送过来了，这是非常好的！吃起来味道不错，爽爽脆弱的，甜味合适，这口感好！但是秒杀的却有三个摔地上的淤伤。,3,3,0.9682479500770569
感觉假的，根本没有一丁点清香,4,4,0.9705137014389038
"刚刚从海天回来,住的东楼15楼的标房,窗户很大,坐在窗边朝左是海景,朝右是山景,海天酒店夹在东海路和香港西路之间,风景很是不错.如果选择住在香港路附近的,这家无疑是窗外景色最美的了.床和枕头都挺舒服的,厕所有些旧,但是热水很稳定,打开就有(人家是五星级的好不好!) 15%的服务费贵了点,入住的时候你自己去找自己的房间,行李更是没有人管,这点有些愧对那么贵的服务费了.门童给叫得TAXI一律起步费10+1元，建议大家不要坐。自己走几步去街上叫，起步费8元。电视机是在是小了一点，大概才18寸的样子。离开前一个晚上会送2块小饼干，和一朵小野花。。。呵呵，酒店的吃的倒是不贵，就是+15%的服务费就有点。。。。。。总体来说还是很不错的选择。去各个景点都很方便，机场的巴士半小时一班就在酒店后门，没事在房间里发呆还可以看海，700块一个晚上。",9,9,0.981402575969696
1.屏幕亮度和字体锐度较为一般； 2.铃声音质一般； 3.内置可玩性不高； 4.不支持红外、蓝牙，扩展性一般；,2,2,0.8343738913536072
采用滑盖设计，外观时尚；机身小巧，便于携带；待机时间良好；功能完备；,2,2,0.99290531873703
还行，就是老爸用着还不习惯,1,1,0.7533445358276367
很好，我很喜欢，送货快,1,7,0.3258495628833771
"和龙应台的<孩子慢慢来>相比,小巫的书告诉了你更多的理论,让家长更急迫地去审视中国的教育环境,在敬佩的同时,也深感自身育儿知识的缺乏.前者在无形中引起你的共鸣,后者则是给家长注射了一剂疫苗,在增强家长的批判意识的同时,也提醒各位时刻不要忘了学习,这样,才能跟上小朋友成长的步伐.比较适合学龄前小朋友的家长看,提前给家长朋友打预防针.",0,0,0.9998735189437866
"这类书简直是教人犯罪,人生老病死是规律,偏要逆天而行!",0,0,0.9992733597755432
真不知道评价怎么那么好，订了一晚，肠子都悔青了，前台是一问三不知，房间小的出奇，内部饭店不好吃，空调也老早关了，吃得热死了,9,9,0.9952484965324402
"不错,交通方便,楼下就是美食城.豪华房有液晶电脑.或许标准房也有吧.卫生间稍小了点,是淋浴房.",9,9,0.9856825470924377
品牌的日用品，相信京东。这个价位太实惠了。店家赠送了四瓶，这下家里用，出差用的都有了。,4,4,0.9839181900024414
裤子不错，选了两个颜色，，，回来看颜色一样，，，客服推荐号码刚好,7,7,0.991979718208313
重了点，镜面屏容易在上盖留下指纹和划痕，送的瑞星杀毒软件报密码不对，不知道咋搞得,8,8,0.7408283352851868
蛮不错的！一开始WIFI连上没网速，咨询客服，客服耐心的帮忙解决了问题。用了几天了，感觉还不错，看电影听歌很舒爽！,1,1,0.6483379006385803
早上下的单，下午就到。    微酸，很脆口。就是小个了点，丑了点。    其他都好，看图。,3,3,0.9962129592895508
除了不是全网通以外，其他都蛮好,1,1,0.7953039407730103
衣服收到，质量非常的好，做工精细穿着舒服，看着面料就像一百多买的好评,7,7,0.9954276084899902
缺斤短两的产品，什么都不知道的客服，绝配！,1,1,0.4642312824726105
百分之一万差评，妈的！膜都不给贴一下，一点服务也没有。,1,1,0.43773746490478516
赶快来评价，提醒下不要有人再上当受骗，打开一看没法吃，直接垃圾桶,3,3,0.7022339105606079
"房间地毯还有沙发都很脏,床的弹簧都要出来了,很不舒服,以后不会再住了",9,9,0.9784130454063416
性价比不高，服务比较死板，楼层矮，浴缸莲蓬头都是老的,9,9,0.9780153632164001
携款平板电脑便宜又好看，内存也够用了，看看电视，聊聊微信，玩玩小游戏之类的够了,1,1,0.614204466342926
都是中医的穴位，看得好象很有用，其实不然．也不知道这书是怎么红起来的，使用性并不是很大啊,0,0,0.9977166652679443
有啥地方考古发掘的横幅反馈,1,9,0.41860291361808777
学到后面，发现不是都和笔记一样，就前面几章一样,0,0,0.9744437336921692
声音小小毛病不段,2,2,0.6968944668769836
用了近一个月，感觉还可以，直接上图,1,4,0.5694987177848816
给外甥买了好几套动画片，他最喜欢这一套，而且百看不厌。一张碟子能看几个小时。不断重复的放，他看了还是一直笑。,0,0,0.9178211092948914
性价比很高，一直用沙宣的产品，不错！,4,4,0.7535994648933411
差评，京东玩文字游戏，在线咨询有赠品，购买后，就随机5选1，差评，差评，差评,1,1,0.552416205406189
不行 吸尘很严重,7,9,0.660380482673645
真的太小，达不到70果径，只有60果径左右。我理解70果径应该大余等于70吧。,3,3,0.9936084747314453
什么都不说了，忒不满意了，拿到修手机那，又花了五十块钱修的,1,1,0.5800309181213379
一般一般一般一般一般,4,7,0.3801855444908142
裤子收到了，质量不错，又便宜，上身效果也很好，完美！,7,7,0.9926160573959351
用过了一段时间了，超级好用。是买给妈妈用的，看视频斗地主玩微信，杠杠滴,1,1,0.8761510848999023
包装挺仔细的，看着这么舒服的包装心情就好，整整齐齐～刚刚收到洗发水还没有用，第一次用得试试效果。不过这么用心的包装在心里已经给满分了，物流也是超级快的，快递哥很好，直接送到我手上，不像其他快递扔着就走了,4,4,0.8704978227615356
电池续航时间好像没有达到宣传的9.5小时，跟联想s10比，外形稍稍大一些重一些。,8,8,0.8281676769256592
此款手机表现还算满意，手写屏，有手写输入，拼音输入，颜色不错，手写速度也可以接受。,2,1,0.5495395660400391
想知道什么叫心痛的感觉吗?请入住就知道了,9,9,0.8428327441215515
617当晚拍的洗发水第二天早上到了，速度很快很满意，可是快递纸箱的一个角整个塌陷进去，考虑到偶有磕碰也很正常就签收了。结果打开一看我人都不好了，如图，我不知道是怎样的磕碰让一瓶洗发水的泵头都磨花了。还有面膜，买了三盒有两盒都压坏了，东西虽然能用可是这样的服务水准真是第一次遇到。在京东也买过很多次东西了，京东自营一直以高质量的服务和100%正品自居，然而这样糟糕的物流实在让老顾客心寒。表示不会再在京东购物。,4,4,0.6650882959365845
用了几次，带着小瓶出门用比较方便，还不错。毕竟是品牌的东西，不会差，是不是正品就不知道了，以前也没用过，所以也不会鉴别。,4,4,0.9546558856964111
品相不太好，有的太小了，口感还行。,3,3,0.9930179119110107
一切如卖家所述，全五分。,5,5,0.3329140245914459
尺码很准，正常号，面料不错，很喜欢，好评,7,7,0.9991437196731567
前台服务很好。我们去时，正好是退房高峰，大堂经理主动跑来帮我们处理。去乘电梯时，我们走错方向，她又追来提醒我们。用餐在底楼的自助餐，非常合算，88元午餐不含服务费。早饭在同一地方，也还好，用餐环境不错。就是咖啡机设置不合理，一杯咖啡是整整一大杯，量太大，而且没有留下空间加糖和奶。如果要浓缩咖啡，最好直接要服务员做给你。餐具很多是宜家的。,9,9,0.9704582095146179
我觉得买的可亏 大家请别买 因为用的还不到一个月卡的狠了 还有反应慢极了 妈呀 真是,1,1,0.7427173852920532
我是早上7点的国际航班，但是班车最早只有5点半才有，而且这里没法定出租车，只能叫朋友4点半开车过来送，太晕了。酒店就不能给安排个小车接送有特殊需要的嘛？额外加钱也无所谓的，本来以为距离近方便，结果反而不方便了，有待改善，对于早上要赶国际航班的不推荐，国内的时间倒是够的,9,9,0.9764136672019958
非常好的裤子 质量很好客服态度很好 很快就安排发货了 快递速度也挺不错的 五星好评啦,7,7,0.9826164245605469
一点到酒店不给开房，非说两点后，着急开会没办法，升级买套餐才让入住，只想说在住我是你孙子,9,9,0.9594306349754333
包裹破损，一起的湿巾没收到,4,4,0.5854533910751343
确定假货，我家一直用沙宣的东西，看京东搞活动就赶紧买了，到货后就放在那，想着等把剩下的用完再拆新的，但媳妇拆开用了，说不合适，我晚上洗澡的时候为了验证一下也用了，洗的时候就感觉味道不对，等头发干了不但没有家里的沙宣洗出来的顺滑而且还很干很糙，第二天上午立马有头屑，而且挺痒！中午到家全扔了！想占便宜的亲们，想想再买吧！,4,4,0.9640035033226013
很好的一次购物体验，中午下单，下班后就收货了；包装很用心，用了一很大的箱子（加了许多防震袋）；这款平板关注了一段时间，搞活动出手，价格合适还送了保护套、钢化膜和耳机。,1,1,0.6060025095939636
效果不像想象中那么好。有点后悔,4,4,0.6958372592926025
酒店房间没有窗户，床尾很大的柱子挡道，房间很小，地段偏僻不好找，没有早餐，服务态度很差。,9,9,0.9956272840499878
时隔一周再次入住，这次定的是商务大床房，好像原先的豪华大床房订不到，商务房里多了传真机，浴室里多了浴缸并且墙上开了一面大窗，房间却看来小了，价格高了100元还可以接受，不过我还是觉得豪华间实用且房间地方宽敞些。这次入住房间里有水果送，不知是不是商务间的缘故。酒店住得还是很舒服，细节之处仍需改进，比如浴室和房间之间墙上的大窗，玻璃很漂亮，但可否考虑加装百叶窗帘，不然房间里有访客就不方便用洗手间了。这次餐厅到了晚上8点没有熄灯，好像还在继续营业，不知是不是上次提的意见起了作用，如是应该赞一个。酒店原来有地下停车场，这次我的车停在地下，虽然上下楼复杂些，不过停车有了宽敞的地方，管车库的老伯挺负责，感觉不错。,9,9,0.9869264960289001
很划得来的一次购物，经常在京东这家店买洗发用品，信得过,4,4,0.93802809715271
看着苹果没上蜡，就是不太红，买了另一家的，这家苹果大小后,3,3,0.9961661100387573
开始通过携程预定的是普通标准大床房，地毯脏，床太小，较差！后来加１００元生到行政间，还可以！比较干净．酒店服务总体还可以．值得一住．,9,9,0.9959379434585571
饿死也不喝 同样，贴钱我也不喝，抵制蒙牛全系产品 飞机上口渴，看到蒙牛酸奶我都不喝呵呵，近十年未消费，此生也不会消费 对蒙牛这种大企业来说消费者是不是就好像一条狗啊？蒙牛真是高级黑自黑无极限啊.....,6,6,0.9943813681602478
没有XP得自己安装，而且出现任何问题，只能等待，不能退货，就算刚从柜台提出也一样，有点儿不讲道啊。,8,1,0.21967771649360657
一直都用这个牌子，生过小孩了头发掉得厉害希望有所改善吧！,4,4,0.9603701829910278
包装很好，外面纸箱包装，里面还有塑料包装.    个头也非常大一个，希望能够好吃。    下次才会再买。,3,3,0.9910299777984619
很纠结的给个好评了  每次买大件首选大牌，美的是大牌首选！热水器18号拍的，19号送到，物品是神速到达的，20号安装师傅上午来装，挂上热水器就走人了，（因为我们商店是卖水暖管子与配件的，比师傅带来的品种多的多了，卖材料给我们是没戏的，师傅开口了，要我安装管子需要15元一米的安装费），他根本没有说3米以内是免费的，再说了，我们的热水器也就3米的管材，下面有图为证，下图是我们自己安装的。,5,5,0.86140376329422
给零颗星，不新鲜，有一个腐烂了，差。,3,3,0.9975866079330444
早就想买的，家里原来一直用燃气的，以为网上买不方便，结果比在实体店买还方便。快递送货到家然后我立马打了美的的电话申请安装，过了一天就来装了，很快就用上了，真不错。就是不知道一年一次的内胆保养美的公司提供服务不？对于我来说，可以是有偿的，这样用着就放心了。,5,5,0.8610150814056396
感觉价格标价虚高，不过最终优惠价格还能接受。希望耐穿一些。,7,7,0.9887625575065613
连续入住好几次了。将来可能没有机会再到湖南这家店却是还可以,9,9,0.960716962814331
质量不好，洗过头痒，要求退款,4,4,0.5743233561515808
手机可以。就是狗洞把我号给黑了。所以还不给我洗白白之前我会一直差评。,1,1,0.747041642665863
苹果很好吃，就是有点小，相信自营，物流也很给力。,3,3,0.9717783331871033
房间的设施不错，由于武夷山市是个小地方，酒店离景区有一定距离，如果没有自己开车就不太方便，但酒店整体设施很好，唯一遗憾的是入住的两天都没有办法宽带上网,9,9,0.9799307584762573
京东快递不用说 赶上活动买的 很实惠 之前没用过但是听朋友说挺好的 很赞,4,4,0.8520767688751221
一分都不想给，连个快递都不会送，第二次送到家，要是别人不告诉我几别人百块钱就白花了,4,1,0.4128530025482178
目前正在使用这只机子，感觉还行，数据线下铃声，速度挺快，感觉很爽的说，内屏的图片我也常常换的，看到有自己喜欢的片片，只要格式做成160x160的就能用了，赞一个,2,1,0.52779221534729
差差差差差差差差差差差差差差差差差差差差差差差差差,7,7,0.35269758105278015
第一次用清扬洗发水，期待好用，应该是正品相信京东,4,4,0.9943732023239136
扬声器声音偏小，很单薄，比我以前用的dell的小的多，内存偏小，待机时间短，大约两小时，电源适配器很热，打华硕的客服，竟然说不是烫的不敢碰，就是正常的，晕死！,8,8,0.7233322262763977
快递员非常差劲！ 竟然让我去拿！态度特别差！语气非常差！非常不负责任！晚送了4个小时给我！最差的快递员！,1,7,0.4952779710292816
还没拆包装，包装完整，标签清晰，价格实惠。,4,4,0.32278087735176086
赠送的系统慢就改装XP算了，内装的备份是用GHOST的就好了，应该再配一根USB电脑连接线就更理想了。,8,8,0.9905125498771667
返回键还占用屏幕一行，看起来特别不舒服，设计的太差了,1,1,0.4718722999095917
裤子是帮男神买的，宝贝质量很好,7,7,0.9903659820556641
地板是我住过最赃的，没有之一 被套上一堆污渍 洗澡的都是发霉，简直就是招待所的水平，一屋子异味，噪音太大了,9,9,0.9952238202095032
客服态度很好，裤子也很不错，哥哥穿上帅帅哒。质量是正品没差！果断收藏之，下次还要来！,7,7,0.986510694026947
收到后坏了5个，老板说赔5元钱，一直没有赔。后面都隐身了。一点信用都没有。,3,1,0.4844597280025482
服务人员的业务能力还有待改进住了前三天都有早餐券，第四天续房时，把已经给我的房卡和餐卷中的餐卷给又抽回去了，说你这个价格不含早餐。给我的感觉非常不爽，而且言语很坚决。我商量了很久，告诉他们第二天有客人要过来，需要在餐厅吃饭，况且我要订三间房续订2天，你就当赠送也不是不可以的。死活不同意，我很是生气，让请示经理，才勉强同意说只允许一天的。感觉不满。,9,9,0.9725364446640015
"房间内设施还不错,不过浴室的淋浴喷头不好用,水量不可调节,出水较散,有些不象四星级的标准.周边环境尤其是酒店后边环境不太好,大堂也太小了吧.",9,9,0.9956942796707153
人生第一次写差评，狗屁标准码。买来差两个号的码子。呵呵。我说我不换了，再买一条大点的能不能优惠，嘿，说好的送两双袜子呢。,7,7,0.9863612651824951
不怎么满意衣服太长,7,7,0.987824559211731
就这物流，就这态度，呵呵呵，本来不想要，为了这一个差评，值了。,7,4,0.4465230405330658
"我买了15册的小熊****,昨天收到书的.以前来的书偶尔也有个别图书有些陈旧的感觉,总的还是可以的.但是,这次太过分了____15本书,没有一本是干净的,其中4本是受潮后粘在一起的(书不是在路上受损的,外面的包装很好).我想问问,你们自己会把这样的书送给孩子做礼物么?我会把4本宝贵的破书寄给你们.仅仅供你们做教材,看看,以后,这样的书也可以发哦.",0,0,0.9954891800880432
很轻 开机速度很快 看视频十分方便 漂亮,1,2,0.47938650846481323
酒店的硬件设施太一般，服务水准太差，除了地理位置还算好，这家酒店乏善可陈,9,9,0.9881228804588318
货物收到，转送到新房子，才开始装修，没打开包装，外包装完好，相信美的和顺丰的牌子，没问题！因未安装使用，暂无法具体評价相关评项。,5,5,0.8616433143615723
假货，假货，假货，跟我在实体店买的完全不一样，气死了,4,7,0.6095330715179443
LED屏，比我的老HP好多了，清晰。性能不错，日常应用做够用了！,8,1,0.6098805665969849
服务态度不好，周边环境还不错,9,9,0.9285460710525513
买了一个月才评论，就是太长了。其他都好，自己还去改短了，还行吧！,7,7,0.6343905925750732
一个偶然的机会发现了这本书，感觉看这本书的过程首先是自己思想净化的过程。这本书是从家庭中和孩子相处的小事入手，作者用心感受孩子的举动、言行点滴变化，好的、坏的，好的及时给与肯定和适当的表扬（不过），坏的先从父母自身找问题（教育出现了问题），能够包容孩子的缺点，解决问题的方法入情入理，让孩子容易接受。能够和父母成为交心的朋友！读后感觉受益匪浅！,0,0,0.9993948936462402
不好，提示浏览器停止！已在第二天申请退货了。。。,1,1,0.4091416299343109
这头小，长的歪歪斜斜，酸的，很难吃。    打开箱就发现有两个烂的。    下次不来了。,3,3,0.995712399482727
都特么漏了，瓶子粘糊糊的，口松了，里面的东西流出来了，太恶心了，也不知道过期没有,4,4,0.6227427124977112
还不错，双十一下的单，还以为要一个星期才能到呢，十五号就到了。今天美的售后的过来安装好了，收了152元的材料费，还是有点小贵哦！,5,5,0.6983006596565247
"我看了评论买了一套, 但是宝宝一点也不喜欢.",0,0,0.7320476174354553
衣服款式做工都还可以，退色严重，衣服洗过的水就像墨水一个色，严重影响健康,7,7,0.9378426671028137
好像打开了，不如上次的好用,4,4,0.5283423066139221
感觉是假的，越洗越头痒,4,4,0.9348055124282837
第一次寄但发现内部开裂，换了一件，穿几次，旁边又开裂,7,7,0.9456583261489868
质量差，掉毛严重,7,7,0.934647798538208
1-酒店地处偏僻，离海边很近（走路2分钟），且海水比北戴河和南戴河要干净，但是海边没有什么娱乐设施。2-我们是8月22日入住酒店的豪华间，房间室内设施一般较陈旧，因为楼层不高，阳台上会发现有蚂蚱一类的小生灵。卫生间的设施还不错。3-酒店的服务很好，有问必答，有求必应，而且员工们无论是哪一个岗位都很热情。饭菜也很不错，只是当天入住时海鲜的种类很少，但味道很可口也很精致。比起大排档来说要吃的舒服。4-周边没有什么超市和商铺，很清静，30元一位的卡拉OK，即便4个人也可以给你提供一间大的功能厅，超爽，只是音效略差一些。5-总体来说这个酒店从性价比上来讲是非常不错的了。,9,9,0.9880126714706421
买的套装，开始用了一小瓶，挺好的，就换大瓶，每次用都辣眼镜，我也是醉了！,4,4,0.9753021597862244
酒店位置不错，遗憾的是设施的维护不力，如：淋浴房下水道堵塞，淋浴后卫生间地上积水；马桶圈有黄斑；房间落地窗无法拉动。早餐和以前比较退步严重。,9,9,0.9960407018661499
感觉不错很好，下次还会继续购买，很快。。。。,4,1,0.3225992023944855
用着还不错，买之前就知道微信，**，百度网盘等有些app安卓平板不能和安卓手机同时登录，所以想入手的亲们需要考虑下下，很多app比如新浪微博，知乎，腾讯视频貌似不支持横屏所以有点不方便，还有电池有点不禁用，看视频掉电有点快，有时候熬不过一天，感觉刚入手的时候电池貌似撑得久些，不过胜在性价比吧，毕竟比mini4便宜了一千多,1,8,0.531650960445404
手感不错刚刚拿到，还没有使用外观高大上,1,1,0.5240839123725891
1噪音有点高（晚上特静时） 2还是稍微有点重 3外壳很容易留下手印 4装XP费了半天劲,8,8,0.8208162784576416
以后不会再买寻真水果的苹果！我是寻真水果的老客户，每向寻真水果反应后，第二次会供应质量好点的产品，从第三次开始供应的水果质量又很差，第四次供应的更差，然后再反应，供应的产品又好点！有信誉的供应商，产品质量是稳定的！有保障的！,3,3,0.9695408344268799
大家看看我的照片就知道了，小的很大，都是挑出来最小的苹果。就算上一次当吧！,3,3,0.9896637797355652
卫生总的是挺好～细节上，有点点瑕疵．我很喜欢房间的布局～周围的环境真的很安静，在旅途劳顿后睡了香香觉～嘿嘿，不过成都的门牌号不规范，找了一下下才找到的．服务相对还说是不错的了,9,9,0.9902712106704712
支持TF卡,2,2,0.4872347116470337
上次买的快用完了，这次又买一个套盒，一直用这个牌子，特别好用，洗完后头皮很舒服，这个是实惠装，很超值的，非常满意,4,4,0.9875779747962952
【荐书】专家认为目前的由次凭危机引发的金融海啸只是开始，未来一两年的市场形势会更加恶化，无论是从事企业管理或是其他经商人事都应该更多地了解目前以及未来的市场趋势，以便及时掌握市场动向，在此特别推荐《金融风暴启示录》一书，此书可以让你更多地了解2008年暴发的金融风暴，此书还引用以前的金融风暴阐述分析，是非常值得看的一本书。,0,0,0.993243396282196
差，很差，特别差，用了一个月不到就出问题了，听筒有杂音，看电影和听歌特别明显！,1,2,0.5369524359703064
衣服很不错，质量好，穿上很舒服。,7,7,0.9942697286605835
真是垃圾货，差距太大。质量真垃圾，骗人的东西,7,7,0.38666272163391113
京东购物就是快，购生活用品超级方便！,4,4,0.8196726441383362
每次都有惊喜价！我的最爱京东！生活用品京东全包了，现在缺老婆一名，东哥你也帮我包办了吧！哈哈,4,4,0.6813254356384277
一颗心我都不想评。焦灼的很，假货真心，一直都相信京东的。但这次真的很失望哎。上次买的梨也是烂的，这次的苹果更是吃都不能吃，周边的人都在说，怎么还在京东上买啊，现在都开始pian'ren人了。简直吃都不能吃，扔了又可惜，哎。我从来不评论的，这简直不叫事儿啊。全都是这种，还有比这个更小的更烂，但。我发图的目的不在于什么。只想大家能看到有一个选择。,3,3,0.8921270966529846
款式很喜欢，穿着很合身，就是拍照时光线不好。很满意。,7,7,0.9565442204475403
方便倒是真方便。可是晚上噪音太大了。正好是个十字路口。整个晚上全过车。鸣笛不止。睡觉轻的还是不要去住了,9,9,0.9907037615776062
好东西！运行速度快，屏幕清晰！物流快，服务好！,1,1,0.8160329461097717
这几天旅行中也在看《杜拉拉升职记》，的确是值得推荐的职场读物。虽然是虚拟的，但很多skill是可以在实际生活中运用，既是不完全运用，也可以做参考和借鉴。看完之后，觉得比较受用。,0,0,0.9987974166870117
预订时已说明是一家三口人，可旅馆内的设施用品只有两套，要加收费才给第三套，前台的服务员一听说要开发票似乎不太满意，以致结帐花费了20分钟。,9,9,0.9844641089439392
本身没有头屑的我用完满头头皮屑，假货不多说。,4,4,0.9965820908546448
没有多大启发!大部分内容都是自己知道的!不建议购买!浏览一下即可！,0,0,0.9682704210281372
感觉是假货，薄荷不知道哪里去了，放很多洗头水才有泡,4,4,0.9951736330986023
外观看上去老好的，进酒店房间一看大失所望。只能以破旧来形容了,9,9,0.9823075532913208
那快递慢得要死，慢就算了，还寄错地址。真是无语，联系商家态度也不好，下次不会再买了,7,7,0.33350473642349243
质量不行啊，不值得买。,7,7,0.6198469996452332
蒙牛不错 饭呢?,6,6,0.977401852607727
裤子一如既往的好，好看很有版型。一直都想买好一点的裤子终于找到了，以后就认定你家了，好评！！,7,7,0.9940813183784485
买来送妹妹当礼物，结果一起下单的礼品包装盒并没有发，也是醉了,1,4,0.5531168580055237
不怎么样，没有指导意义，不实用。,0,0,0.7896985411643982
第二次购买了，老公超喜欢的，穿起来很舒服,7,7,0.9817571043968201
快递蛮快的，包装就这样，用了一次，感觉还可以。,4,4,0.5374447107315063
自从在泰国的超市买了香蕉味的牛奶，回来后我就一直念念不忘。纯奶一直不能喝，酸奶喝多了，对香蕉味的牛奶感觉很好，因为不腻。呵呵，昨晚超市终于看到了，蒙牛香蕉牛奶。,6,6,0.9990818500518799
尺码很正啊，我很喜欢，做工精细，材质非常好，穿起来很舒服，满意的购物！,7,7,0.9885822534561157
性价比很不错，帮朋友买的一次买了四台，不错。,1,1,0.43435510993003845
说好的送吹风机的，结果吹风机没有，而且周日下的订单，周五才到，最差的一次购物体验,4,4,0.412863552570343
"订的是大床房,因为大床房没了,所以后来免费改为套房,房间蛮大的,卫生间也很大,设施不错.",9,9,0.9938070178031921
"接电话经常没有声音,但对方能听到我的声音,不知道为什么.今天拿去升级了软件,不知道能不能好些.顺便问一下,最新的软件是2005年4月CV610409版的",2,8,0.4863162338733673
不错不错超级喜欢,1,1,0.5768328309059143
质量不错，物美价廉质优，很便宜，很实惠，下次再买的，快递师傅超给力，赞一个！,3,7,0.5359368324279785
质量差，色差严重，很不满意，商家态度不好，就说这些吧请大家借鉴,7,7,0.8653213977813721
收到我就用了，感觉还可以香香的。,4,4,0.941327691078186
味道不错、很甜、很脆、值得购买,3,3,0.9483612179756165
没有太高的要求，给孩子用的，总体性价比高~,1,1,0.678691565990448
娱乐功能1、不支持飞行模式（限无线的地方不能听MP3了），不支持AAC，不支持WMA，不支持后台播放，不支持快进快退和中途开始播放，不支持播放列表或媒体库或文件夹播放。2、视频录制和播放不支持320X240播放，更不要说支持352*288了，这么好的屏幕只用来看电子书或秀图，是不是没有物尽其用啊？3、拍照和照片显示那个慢，痛苦！商务功能4、话簿只支持4个电话／传真，对商务机而言少了点，应增加第二个移动电话或其他电话一栏；虽然支持从短信内容中提取号码，可是所有的保存号码都只能存为新联系人，而不能存到已有联系人中的一个项目中去；PC同步超弱智，不能同步时间，仅能同步姓名、3个电话号码和mail五个字段，不支持LotusNotes；5、电子书能且仅能设置一个书签，不能查找，文本文件也不能编辑。所以只能看小说，想存点有用的资料备查？自己慢慢翻页去吧！PDF和Office浏览也不用指望了。6、蓝牙规格较低，耳机不能听音乐；JAVA要掏银子上网下载，不支持从存储卡安装且只见到游戏，没见到应用软件。7、USB只有1.1，也该升升级了。USB多功能模式好像也不稳定，接电话会中断传输造成进程挂起。同时USB线连上电脑后手机显示开始充电，可充电电流只有5mA，还不如它自己耗的电多，假定关机不耗电，900mAH的电池也要充180个小时！是不是白白浪费了充电循环次数？会不会影响电池的寿命？我不懂，但觉得心里不踏实。,2,2,0.9945914149284363
苹果个头不大，但是味道还不错，脆脆的，也不酸，价格没有什么优势，和超市的差不多。,3,3,0.9997068047523499
正品。一直用这款很不错。不掉头发。物流超快。,4,4,0.6905851364135742
环境安静，空气好，交通也还算方便，但是房间旧了点，早上自助餐一般,9,9,0.9931407570838928
裤子质量太好了，版型也很不错，穿上很帅气 值！！！,7,7,0.9986542463302612
不好吃。甜度底，不脆，水分少。我觉得不是烟台红富士。收到的货色在超市大概不到4元一斤的样子。就当出了送货费了。快递小哥不容易。,3,3,0.9197513461112976
房间的硬件设施一般，就是淋浴太差，洗澡很不方便。另外，服务也不是太好，房间卫生打扫的不太干净，前台人员业务水平太低，只有一人知道如何刷卡，其他人都不懂，发票中奖金额5元10元的按照规定在发票开具处兑奖，但是这里不论金额多少都不能兑奖，也不解释原因，让人很气愤。总之以后我是不会再去这个酒店了。,9,9,0.9947521686553955
下次再也不买论个数的水果了，估计找不到比这还小的苹果了，也许是怕一个人吃不完浪费,3,3,0.9973016977310181
这次同时买了两种苹果，还有一种是甘肃的潘苹果。这个苹果口感不错，脆甜、水份足，唯一的问题就是规格不对，第三张右边的苹果是在水果店买的80的果子，比较一下大小就知道了,3,3,0.9983392953872681
不好，不好，不好,9,7,0.35078004002571106
1，屏幕亮度不够，是所有STN屏的缺点。2，只具备16和弦铃声，所以其铃声的表现力算是一般。3，10万像素摄像头对于时下主流的30万象素来说略显淡薄。黑夜当中拍摄效果较差4，显示屏幕偏小5，电话本不支持群删6，续航能力相对不足,2,2,0.9415412545204163
都是坏的 不知道放了多少年的 都坏了 失望 以后再也不买了,3,3,0.5989312529563904
宝贝己经收到，质量杠杠的，去年己经买过，这次复购2条，是绝对正品，下次购买还会选择这家！,7,7,0.5909058451652527
这种苹果已经买过多次了，水分多，甜酸可口。头天晚上下单，第二天东西就送来了，京东的服务一如既往，很满意。,3,3,0.9950189590454102
不知道是不是假的，用了一段时间来评价，头皮屑越洗越多,4,4,0.9856518507003784
样式不错，很暖和，穿上舒服！！,7,7,0.996896505355835
裤子真心不错，穿着很舒适，一开始还怕买的尺寸不对，收到货试了试就把这个担心撤销了，帅气，给卖家赞一个,7,7,0.9949581027030945
1、电话簿设有查找功能，用起来也很好使。2、双语词典还可以对解释进行继续翻译3、铃声内置很多，可以下30多首，还是40和弦，可以调节在户外用户外模式，在衣服里可以震动，应该不算很轻，算正常啦。,2,2,0.9798099994659424
房间满干净的，入住时态度也不错，但是有一件事的却改变了我对此酒店的印象，因为退房后充电器落在房间，提前也给前台打过电话让他们去下来放在前台我来取，谁知到了以后他们一直让我等，我等了又十分钟左右，他们又说让我上去自己取，住在8楼，楼上打扫房间的阿姨帮我取了，结果那天就因为这事差点没赶上飞机，难道说退房后的服务变得如此的,9,9,0.991077184677124
店家是不是帮我试了一下我订的洗头膏好不好用,4,4,0.9970159530639648
差评，黑号差评，领不到券，全部差评。,4,4,0.31497886776924133
这是购买的第二条，第一条是浅灰，感觉挺好；这一条深灰色，布料和前一条完全不一样，穿一次后布料起毛、起球，根本没办法再穿出去，很失望，商家质量控制能力需要提高。,7,7,0.9988691210746765
用了一个多月了，还不错，就是不知道平板出了大一点和手机还有什么区别??,1,1,0.8393254280090332
总结一个字：“差”！环境差，服务差！很糟糕的一次住宿体验！,9,9,0.987996518611908
没什么好说的看图吧，18号买的要不是看到预计送达时间是19号我真不会在网上买水果，结果今天才送到，然后收到的火龙果就是这样的?,3,3,0.9891993403434753
买给父母的，非常满意。,1,1,0.6920168995857239
你这色差不是一般的大。。。。,7,7,0.8131117224693298
我为什么喜欢在京东买东西，因为今天买明天就可以送到。我为什么每个商品的评价都一样，因为在京东买的东西太多太多了，导致积累了很多未评价的订单，所以我统一用段话作为评价内容,4,4,0.5252929925918579
套装总体很嗨皮还是很合适的，用着也还不错速度可以,4,8,0.42188069224357605
是后面有黑点 无语中,7,1,0.4310252368450165
失败购物，物流，客服太离谱。,7,3,0.40670162439346313
手机很好，就是客服垃圾特别是元豆，蚕豆，蜜桃三个垃圾处理个问题一直不处理我一星都不想给，就因为这三个垃圾让我往后再也不会买华为任何手机了,1,1,0.9148517847061157
酒店的设施和环境有五星的标准。但酒店的服务绝对没有同样的水准。我14点到酒店的，房间没有整理好。30分种上房间，依旧在整理中，期间得到的唯一答复是：五一客人多，来不及整理。没有任何其他的表示。补充点评 2007年5月7日 ： 和酒店高达1400的房费相比，其服务水准实在不能相比。,9,9,0.9953730702400208
才穿两天就坏了 ………………,7,7,0.9359800815582275
差评，没良心的老板，给我一天旧裤子，扣眼都剪开了的,7,7,0.992668628692627
反差太鲜明，京东以后不敢来了。质量太差,3,1,0.5455148220062256
量不足，讲的是16~24个却只收到了12个.,3,0,0.6047989726066589
251页到267页内容缺失，换成了239页-246页再来一遍。太不爽了。图书内容随便看看还可以，史书这样写看起来不错。一句话：可以看但不值得收藏的书，指的可能就是这样的书。,0,0,0.9993662238121033
把喜宝的评论写在了这里。我的前半生，看完后，心理很暖。女人真的需要靠自己，只有自己才有安全感。一向我对婚姻都保持着理智态度，但遇到了对自己好的人，就觉得会这样一辈子的被宠爱下去。其实哪有这样好的人。总有一天，你变得不再新鲜。,0,0,0.9519553780555725
12个。就有10碰坏了。苹果很小。,3,3,0.9865744709968567
说好的赠吹风机的，结果没收到，问客服也不回话。京东啊，也就这么回事。,4,4,0.6987091302871704
酒店一般,9,9,0.8716042637825012
没收到平板，收到了杯子，京东现在是这样的吗？还特别选的京东自营？请问我的电脑去哪里了！,1,1,0.553968608379364
货已收到，很满意，我这么胖的人穿起来也很有型，不错，会继续光顾的,7,7,0.9788022041320801
质量不好，待机时间短，摄像头拍出的相片效果也满意！,2,1,0.6833013892173767
邮两个全是坏的，恶心人……都长毛了,3,3,0.38056427240371704
两条牛仔裤的裤头钮扣都是已经开了的，居然发这样的货给我，必须差评,7,7,0.9826945662498474
很好 很好 很好,1,1,0.5551053881645203
苹果还可以，比较甜，放几天后发现一个坏了了,3,3,0.9962855577468872
苹果不大哦，目测没有80，出于对自营信赖有限好评,3,3,0.5946477055549622
一直购买华为手机，值得信赖。,1,1,0.9531967639923096
我只想说，刚买了，就降价了,4,1,0.39770686626434326
"如果去成都,在这里居住不错,行程方便,其他的都很差.最气的是请客人吃饭结完帐,很久以后到房间说台布被烫了,硬是要赔500大洋.",9,9,0.9902099370956421
住店后真实感受：根本没法睡觉，房间的隔音太差了，是我住过的隔音最差的酒店，隔壁2个人正常的对话我都能听得特别清楚，2个房间里的衣柜位置根本没有墙，就是衣柜的背板隔开的，早上服务员居然在我房间门口打手机，电话不听的响，听得特别清楚，总之，你跟本没法睡觉。,9,9,0.9967842102050781
1、房间的风格很符合它的出身和环境，既时尚又有书卷味。很新很干净（包括是一般很容易显脏的地毯），没有潮湿或不通风的味道。我住的是提供电脑的商务房，很有在家SOHO的感觉，完全有别于其他大同小异的酒店。“配电脑”是个很好的卖点，建议把这点显示在价格表页面上，方便大家了解（我是看了其它网友的点评才知道有的）。2、无论是房间还是洗手间，所有的配置都很齐全。杂志、地图、浴袍，甚至沐浴花球，都一一准备了。服务态度和速度都不错。晚上有送来水果，不知道是入住送的，还是因为使用了房间送餐服务而由餐厅送的。3、28元的自助早餐一般般，如有别的选择，不建议在酒店吃。4、其实洗手间空间还挺大的，不知道为什么把淋浴的玻璃房弄得那幺小。还有洗脸盘也是太小，而水龙头又太高，弯腰洗脸的时候会碰到头，水也会溅出盘外。5、不知道商务大床房每层有几间，我住的那间对着电梯。电梯到达时的提示声和人声有点吵。6、总体感觉不错，有机会还是会再住的。补充点评 2008年3月1日 ： 很多酒店房间都存在灯光不足的问题，但华师粤海不但灯光充足，而且分布恰到好处，无论你处于房间任何位置，要进行任何活动，你总可发现有合适的光源配合你的需求。总之它的室内设计，与其说是酒店，不如说是楼盘销售处的样板房——时尚、精致、令人愉悦。,9,9,0.9847902655601501
环境不是很好，服务一般。,9,9,0.9402304291725159
华为一直是国产品牌的佼佼者，冲着华为的品牌买的。之前在京东买过深圳某电的平板，都是用不了几天就开不了机。所以退货后，决定买华为，毕竟苹果太贵。遗憾的是这不是一个正确的决定。这款平板软件与华为手机差不多，稳定，不发热，反应快，信号强，可通话，可插卡扩展。但，但，但最最起码也是最最重要的显示屏，居然是渣渣，颗粒粗糙得很，就像液晶显示器没设置到正确分辨率的感觉，颗粒大，模糊，不锐利，色彩也偏淡，层次不丰富。不明白华为为啥用这么烂的显示屏我也是醉了，几百块手机的屏幕都这强多了。很不满意。附上照片，是用努比亚z11拍的。另外这平板的相机也是一渣。,1,1,0.7492203712463379
感觉掉发还是要内外兼养 总之无硅油还是一个很好的吸引点 用过一瓶多少还是有掉发 希望坚持用会有作用 再就是京东一定要做正品啊 物流方面真是没话说 棒棒的,4,4,0.948318362236023
发热量大，不带系统，随机光盘只有Vista系统的驱动程序，XP的驱动要自己去下载！,8,8,0.9831919074058533
支持国货也要区别对待，华为可以，蒙牛决不可以,6,6,0.7983320951461792
"性价比高,外观也很别致,官网也提供xp驱动,安装xp十分简单. 系统运行流畅,昨天装好了系统,今天拷几个游戏回去看看效果 15.4寸的机身能容纳更多键位,使用起来更加方便.",8,8,0.8502283692359924
衣服质量没问题，穿上合身，喜欢。,7,7,0.9950365424156189
酒店在一栋商务楼里，房间装修很差，抽屉都快掉下来了，卫生很糟糕，再也不会来住了。早饭到不错……,9,9,0.9797802567481995
服务是一流的，进去就有人端茶送水，还帮着打伞，他家的姜茶确实很好喝！通过携城订的房，但是好像携城和酒店沟通有问题，查了半天都没有查到我们的预定。毕竟是超5星酒店，还是二话没说帮我们尽快安排了，还免费升级到了藏式小屋。不知道是不是因为没有事先预定好，没有空的牧舍了？？？不管怎样心中窃喜～～对于酒店的设施和服务就不再多夸了，有些小地方还想提一下：1、大部分菜单和说明都是英文的，没有中文。本想下次带老妈也来享受享受，想想算了，她老人家可是看不懂这些abc的。2、房间太大了，由于现在还挺冷，虽然3、4个空调一起开，还是稍微有点冷。,9,9,0.9890170097351074
我是英文专业的大二学生，这是教授极力推荐的一本书。好不容易才找到当当又卖的，虽然不便宜，但真的是物有所值。书的内容何其的精彩，对于了解东西方文化的人来说，可算是遇到了珍宝。书中比较详细，所用语言严谨，却不繁冗复杂，浅显易懂。昨天拿给博士毕业的德国朋友看，他也是赞不绝口。对中文好的留学生而言，是本很好的送礼用书。,0,0,0.9995286464691162
差评！显示的赠品没送,1,1,0.41221651434898376
差评……物流那么慢 并且还把尺码搞错了 差评差评……,7,7,0.8317208886146545
很好吃，就是皮硬了点，味道还行,3,3,0.9913740754127502
标价199领券省一百今天就变59了 能不做欺骗人的事不？,4,4,0.71471107006073
两个是烂的，只有一个是好的，这家火龙果不能买。,3,3,0.995136559009552
许多关于生命、生活的真谛，对我们这些平凡人来说，只有在不断的经历洗礼后，才能真切地感受到它。通过对前世、今生、来世之间关联的探索学会了学习，改变，感恩，在一次次经历中使自己向更圆满的方向前进。,0,0,0.9591602087020874
好咯哦咯哦哦 Joe look 内膜进行了，凑骷髅头一轮OK咯哦,7,7,0.37937748432159424
这就是你们卖的水果吗？ 京东请别把人心都玩死了,3,3,0.7492212057113647
这本书的版本一般，不敢贸然说是盗版的，但是....貌似.....不过，看看罢了，这书，也没什么收藏的,0,0,0.9987552165985107
设施不是一般的差，就是一个招待所。我的毛巾挂在卫生间，等要用的时候，竟然发现上面爬了臭虫。只能把它扔了。餐厅价格也高，一个大葱炒鸡蛋要25元，其他菜可以推想。地段倒是不错，服务态度也还可以，还能够全程刷卡。,9,9,0.9897276759147644
这次买的比上次大一点，还是一如既往的好，果子新鲜，脆甜，很赞！喜欢吃！,3,3,0.9996970891952515
今天刚拿到挺不错的哦很喜欢,1,1,0.421916663646698
还有烂的，联系客服叫我找售后，服了,3,5,0.2614159882068634
质量不错，卖家推荐的尺码也合适,7,7,0.9955495595932007
刚买了1个星期不到就降了100，还不能申请价格保护，价格保护都是你家说的算，朝令夕改，毫无诚信可言！！！在京东累计购物几十万了，对此表示很失望！！！支持华为，鄙视京东！！！,1,1,0.759394109249115
大部分很好吃，但是12个苹果里掺进去2个不同品种的，大街上批发的那种特别难吃不脆的那种。感觉不太好！,3,3,0.9996803998947144
看了之后比较失望，没有想象中的能帮助自己记住单词,0,0,0.9590986967086792
做了硅油测试后， 发现洗发水其实含硅油，被坑了，小日本现在也都造假了,4,4,0.970247209072113
苹果真是难吃，希望不要坏了烟台苹果这个商标,3,3,0.8485739231109619
蒙牛该倒闭蒙牛去死吧,6,6,0.9993259906768799
位置不错，购物方便，但是房间太小，同等价位在东莞这个地方没有竞争力，服务一般，前台都不懂得英文，酒店也不够大气。,9,9,0.9900522828102112
衣服不错，颜色样式不错，领口面料好,7,7,0.9896629452705383
1、不能使用量产的u盘制作的usb-cdrom安装系统，没有光驱安装系统太费劲了，bios应该加强研发； 2、发热量不低，风扇总是嗡嗡响； 3、键盘小。,8,8,0.9684351086616516
苹果挺甜的，吃一个有一个中心也是不好的。甜脆的富士苹果。就是个头有点小,3,3,0.99650639295578
拍摄的图像比较理想，支持JAVA和下载网上资源，内置的英汉词典很适用且实用，学习娱乐两不误。,2,2,0.7392061948776245
新机器背面贴膜走气泡，还有脏东西，边框缝隙比较大，可以插取三张A4纸。感觉是买到二手机了！第一次这么对京东失望！下次决定去实体店买！不敢相信京东了！,1,1,0.7920745611190796
味道不错，挺好的。给差评原因是买了四个大果，里面有一个换成了小果，分量明显不够。造假太明显,3,3,0.8765479922294617
感觉越来越差了，个头也不怎么均匀，感觉没有80大，而且还那么丑！,3,3,0.8979228138923645
性价比方面比较好，独显是最大的亮点之一，带摄像头+耳机不错！,8,8,0.7518247961997986
大品牌的热水器用起就是放心,5,5,0.8339250683784485
宝贝质量超级棒哦，值得购买，卖家态度非常好，物流也不错，很愉快的一次购物，还会继续光临本店哦，希望生意越来越兴隆！！！,7,7,0.5127316117286682
大品牌值得信赖！一直都在使用效果不错！,4,4,0.8477438688278198
不错，无味，直筒，大小合适，有需要还会来！,7,7,0.4269368350505829
酒店的环境不错，餐厅价格也合适，非常适合度假。就是希望宽带能免费。,9,9,0.9729568362236023
吵，隔音非常差！差差差差！,9,9,0.9216852784156799
产品的外形尺寸设计非常独特，放在盒子里充分利用了空间。洗发效果有待进一步观察中，感谢京东服务！ 产品的外形尺寸设计非常独特，放在盒子里充分利用了空间。洗发效果有待进一步观察中，感谢京东服务！,4,4,0.7726058959960938
给人代买，反响不错，可是客服很让人不爽，办事太机械化，既然这样还不如用电脑做客服。而且把我的问题推来推去，前前后后转了不下5个客服，最终也没解决问题，说的话都特么一个样子，现在想起来我还生气呢！希望改善，不然下次再遇到绝对卸载京东。我个人没什么力量，但是这种行为会慢慢得罪所有人。,1,1,0.3595627546310425
蒙牛老冰棍挺像小时候吃的。。,6,6,0.9721092581748962
质量运过来后发现真的不错，价格合理，想买的可以放心下单，这种裤子穿起来还是很好看的,7,7,0.9974954128265381
大家千万不要住这家酒店！这家酒店不论从任何方面都是我住过的酒店中的最差的一家！一点都不值！我是通过携程预定了两间两晚住宿，下午拿到２１楼的房间后发现卫生间的排气扇是坏的（无窗）．要求换了一间后，发现灯又是坏的，服务员说没有房间了，帮我修理．结果我晚上１１点回来后发现灯根本没修，还是坏的．服务员说修理的师傅下班了，找个台灯给我用．总算是住下了．后来朋友从１８楼的房间打电话过来说他房间的淋浴器也是坏的，从管子开始到淋浴头都在出水．我又找了服务员，要求换房间．服务员竟然说这两个房间是最好的了！我们只好将就着住了一晚．第二天一早７：３０就退房了．结帐时因为用了携程的联名信用卡付款，服务员给了我一堆单子，我塞在兜里就走了．结果后来发现没给我开发票，于是打电话让朋友帮我去酒店拿发票．酒店服务员却拒绝说：＂当时结帐时没叫我们开发票，过后就不会补开！＂于是朋友打了酒店负责人电话，也是如此回答．并且这位酒店负责人还说＂随便你去税所投诉，我不怕你！＂　　没办法，我只好打电话求助携程．而携程的答复更是让我从头凉到脚！携程回复说：＂打了电话去酒店，酒店是这个规定，我们也没办法！＂真是天凉，心更凉啊！　　我想请问一下我一直如此信任的携程网，你给我们的服务到底比其他服务商好在哪里！我在携程已经是白金贵宾了，我不明白我到底贵在哪里了！！！　　酒店让我失望，而携程却让我绝望！！！！！！！！！,9,9,0.9582768678665161
只有清扬最合适我的头发，很清爽不油腻,4,4,0.9726210832595825
大体感觉外观设计比较粗糙，快捷键的位置手感不好，右侧的插鼠标的U口偏下（在光驱以下）使用起来困难，由于是新品改装XP系统比较困难，需从宏?香港主页下载驱动,8,8,0.9866790175437927
酒店的接待人员还是很热情，就是餐厅的餐太难吃，服务很好，知道我们要一早去酒泉，餐厅还在没开餐前给我们打了包，很感谢！就是明明在那里住了2天，而且第二天还加开了一间房。可是只反映了一天一间，害的携程的工作人员都打了N次电话核对，真是以小是大！心中对这家酒店的感觉一下就十分不好。不要住临街的，窗玻璃不隔音。,9,9,0.9951033592224121
说是生姜，怎么用起来感觉和闻不到半点生姜味，冲水也感觉冲不干净，油油的,4,4,0.9259611368179321
特价八十九，还可以吧，500毫升的真不大，潘婷洗发水不错的。,4,4,0.9905960559844971
裤子质量很好，下次还会购买的,7,7,0.9910448789596558
蒙牛这香蕉牛奶太可爱啦,6,6,0.9993752837181091
"裤子质量很好，衣服很厚实.垂顺感很棒，裤型很不错,尺码正好，面料也不错，穿上很漂亮",7,7,0.9990867376327515
刚帮朋友买了一个就涨了100元，急用，虽然涨钱了还是只好定了； 可是货刚一送到，马上又改成送内存、杀毒、鼠标。。。。 成心跟我过不去！！！,8,1,0.26610296964645386
差评，平均*一个的苹果，一点儿都不脆，要命的是吃到嘴里还有涩涩的麻麻的感觉。,3,3,0.9993085861206055
清洗时严重掉色，    清洗后掉色严重，请慎重购买！,7,7,0.9200088977813721
赞赞赞，赶着活动买的超赞。洗发水一直用清扬的，很好用。京东物流时效非常有保障。买的套装，买两大瓶，还送了三小瓶，超值,4,4,0.9926404356956482
第二次买了，包装完好无损，大小均匀，味道不错酸甜酸甜的脆脆的,3,3,0.9959037899971008
速度很快，触感灵敏，外观大气有质感，是我喜欢的平板！,1,1,0.7796510457992554
做工好，中部滚轴的呼吸灯和悬浮式键盘是亮点。45的性价比在sony本本中没的说。,8,8,0.9710292220115662
单个有点小，还没有成熟，要放一放,3,3,0.994067907333374
买无数次了，铁纸特烦人，每次撕掉都有余胶残留，这次一定差评，再不改进不想再买了。,3,1,0.3155503273010254
水果到手就拆开吃了，脆的，很甜，双层网袋包装，果子没有坏了，就是没有上回的红,3,3,0.9991618394851685
苹果有几个坏了的，我跟客服交流过后给我处理得很好,3,3,0.6070882678031921
苹果有的甜有的酸，不是很好吃，希望提高品质！,3,3,0.9977579712867737
基本满意，一分价钱一分货。速度还是可以的，最好有链接能买128g的sd卡就好了。,1,1,0.7555782198905945
这平板安兔兔跑分8万多，排名51供大家参考，我主要是看片够用了，还送了一张192元的乐视会员年卡，我已经有爱奇艺会员，谁要100包邮!,1,1,0.7956465482711792
饭店环境不错，服务良好，门童佷主动尽职，早餐品种丰富，但房间设施比较陈旧，室内空气不流通有异味，结帐时才得到告知建行龙卡不能完成预受权，害的我第二个星期末预受还没取消。,9,9,0.9918387532234192
酒店比较老，卫生还可以,9,9,0.9770526885986328
活动促销很实惠，看起来不错，不知道用起来怎样,4,4,0.7231706380844116
面料穿着很舒服，大小合适，质量挺好的！,7,7,0.9980354905128479
1.不管你装什么东西，肯定是往硬盘里装，所以要找到硬盘，这款是串口的硬盘（SATA），早期版本软件不识别，所以导致找不到硬盘，安装xp出现蓝屏，感觉安装很难，所以，一定要有串口硬盘的驱动！！！,8,8,0.94248366355896
这批各种水果里面最差的一样，到货软塌塌的打开一看都长毛了三个坏了两个，还有一个也熟透了接近要烂了……难吃,3,3,0.9982922673225403
屏幕清晰，大小合适，玩农药一点卡，支持国产,1,1,0.8669750690460205
以前对和春有着很好的感觉，亲自入住后比较失望……房间很旧了，一切都很旧而显得有些脏，还有些味道儿，给携程的价格也太贵了，不值！今后考虑新开的两家什么星河假日，还有百汇或者新国际假日酒店。,9,9,0.988298773765564
1、是日本的。2、索爱的机器不耐摔。3、产品售后服务不到位，即使在大陆的较大城市。,2,2,0.5629028677940369
青春是华年，是敏捷的双膝，玫瑰般的脸庞，青春是一股无穷的创造力，是生命深处涌动的一股清泉，正如书的名字《未央歌》一样，青春是一曲唱不完的赞歌，读者这散文诗般的赞歌，我的心陶醉了，熔化了，仿佛回到了那个让人向往的时代，那是一个战火冲天的年代，却也是一个闪光的时代，也曾年轻过的心跟着他们同喜同悲，从他们身上我看到了真、善，美，感受到了希望，他们像镜子一样映照出我身上的缺点。,0,0,0.9746097922325134
BIOS里面没有提供SATA硬盘运行模式切换选项，安装XP原版盘不行，需要用集成驱动的光盘引导安装。官网上居然没有XP的驱动，只有vista的，在网上搜了半天才找到其他本友提供的全套XP驱动。,8,8,0.9936577677726746
外观没话说！,2,1,0.6059200763702393
轻便快捷，反应灵敏，刚使用不怎发热，装B必备佳品！,1,8,0.4714917242527008
屏幕太模糊了，看电视都不清晰，用久了反应慢，,1,1,0.9278596043586731
写好买两条送裤带，结果没送，跟客服联系，客服让我联系卖家，给卖家留言没回音，简直是在欺骗消费者,7,7,0.6583490371704102
假的，包装都没有，贴着的商标被撕了一半，不好用,4,4,0.6412886381149292
服务真的很好，我是看了携程的好评才去住的，不过没有让我失望，感觉到五星的酒店有五星的服务，下次去青岛还会选择这里，以后有机会要带一家人在这里度假，真的是在这里住的很惬意，很愉快，很舒服。,9,9,0.9613178968429565
"我是第三次入住了,但是给这家宾馆留言还是第一次,,这次入住我的一位朋友喝醉了,走到大厅我朋友就""现场直播""了~~~~~呵呵,他们有几位服务员都主动来帮我,有一位服务员还帮我把我朋友背到了房间,过后他们值班经理还打电话到我房间询问我朋友的情况,这里的服务真的挺让我感动的,我下次还会入住这家宾馆.",9,9,0.9878575801849365
总体来说都还算OK。就是安装系统的时候需要进BIOS那里把SATA 模式改为IDE才能安装。,8,8,0.930761992931366
如果要到东方绿舟去玩2天以上，那么住在绿舟内的宾馆，应该是不错的选择。宾馆有借3人或4人的脚踏车，和2人或单人的自行车，凭门卡可任意次进出绿舟，比较方便经济。房间不算小，设施还过得去。因为在2号门，所以位置有点偏。另外，除了绿舟宾馆外，东方绿舟内还有绿舟别墅和绿舟度假村，位置要好一点，但酒店标准应该比绿舟宾馆稍稍差一些。,9,9,0.9605169892311096
这个年代的爱情说实话无法理解很多情节我都很有意见90后不要看这种书这是一个时代的悲哀吧,0,0,0.9820702075958252
名字都不写，害的别人拿走了今天才给我送回来！里面都拆开了,4,3,0.30505046248435974
房间有很重异味,9,9,0.9788230061531067
我的东西应该25号到今天才到,4,4,0.5144587159156799
"非常甜脆，还比超市便宜最满意就是物流京东就是NO,1",3,3,0.9514544010162354
真不建议买，买回来有一个烂的不能看，一共12个好像，大概有8个里面是烂的，就像图一一样，当然没那么严重，吃到一半，发现有一部分烂了，真是不想说什么了。,3,3,0.9900541305541992
相当实惠 推荐推荐 东西不错 正在使用！挺好的！,4,1,0.3367839753627777
#吃货番外#花了9块8买了一瓶进口的新西兰牛奶……喝完以后只觉得和国产蒙牛高钙奶基本没有区别咱以后还是老老实实的支持国货吧最起码蒙牛才3块……而已。,6,6,0.9982545971870422
非常好，质量很好，版型很好，老公很喜欢,7,7,0.9922654032707214
非常不满意，差评,1,1,0.3799191415309906
我也只能呵呵，一星都不想给，快递员NB的不要不要的买到＊货了！恶心！！！！！！！！！！！！！！！！！！！！！！！！！！！！！！！！！！！！！！！！！！！！！！！！！！！！！！！！！！！！！！！！！！！！！！！！！！！！！！！！！！！！！！！！！！！！！！！！！！！！！！！！！！！！！！！！！！！！！！！！！！！！！！！！！！！！！！！！！！！！！！！！！！！！！！！！！！！！！！！！！！！！！！！！！！！！！！！！！！！！！！！！！！！！！！！！！！！！！！！！！！！！！！！！！！！！！！！！！！！！！！！！！！！！！！！！！！！！！！！！！！！！！！！！！！！！！！！！！！！！！！,4,9,0.20671981573104858
酒店位置其实很明显，但因为携程地图不清晰也或者是我不太会找，找酒店费了一点周折，但酒店的各方面设施给了我们安慰，酒店的服务人员都非常有礼貌，无论是前台或在走道上碰到了都不错．床也很舒服。,9,9,0.9905722737312317
刚开始用，没看出不足。VISTA有些慢算是一个吧，大概需要自己加内存来解决。希望过几个月买这个本可以送内存条。,8,8,0.9537423849105835
啥都没有送，就一个裸机，伤心了！,1,1,0.8255501985549927
七天后就出现音频有问题 咨询售后没回应,1,1,0.9380576014518738
太干巴了，，，，和照片差距极大。。。。。。。。。。。。。。。失望！！！！！！！！！！,3,7,0.32891470193862915
"很宽敞, 非常好的地方。如果可能的话，希望能把洗脸处的存水盖子修理好。应该是件简单的事。",9,9,0.8505644798278809
酒店内部整天感觉没有介绍的那么好。具体作出如下评价，仅供参考！ 1、地理位置没的说，处于苏州热闹繁华的市中心，外观具古色古香的味道。 2、酒店内部设施较陈旧，确切的说，要不是酒店有直通盘门景区这一服务的话，真没什么亮点，跟一般的五星级宾馆比还是稍有逊色的。特别是空调的声音太大，让人不能睡个好觉（我是来享受的，不是来受罪的，哎…）。 3、酒店服务也只能算一般，因为前后有过几次风波。（1）4楼房间旁的制冰机坏了，跟服务员反映过，反馈是会修理处理，直到退房那天都没修理。更可笑的是，房间服务的阿姨尽然给出的回复的，您按按看，有就是有没有就是没有，天… （2）酒店入住当天，在前台办理入住手续时，我明确说明是在携程网上订的，服务生让我交了500元押金，结果当天晚上又打我房间电话，说搞错了，还要我交2000元定金，请问服务生的工作是不是很不专业啊？！说实话，还是第一次遇到这样的乌龙，还是堂堂的五星级酒店呢，不可思议，以前即使住过三星或四星级的宾馆也没遇到过这种事情。 4、卫生方面也只能算一般啊，酒店的长廊、过道时有香烟灰、香烟头，尽然没有人清理。住宿房间内的桌面上能看到灰尘等等。 总的来说，对这次的酒店印象不是很好，希望继续改进。,9,9,0.9957470297813416
感觉不太好，服务态度太差，都是大爷，礼品也没有裸机一个，发票不给开，客服也联系不上，黑点,1,1,0.3366378843784332
10个苹果都烂两，物流也***慢。,3,3,0.8792367577552795
这是一本为破除西方人对统计数字的迷信而写的有针对性的科普书。西方人崇尚用事实和数据说话，任何观点，只要拿出了相应的统计数据，似乎就有了站得住脚的理由。实际上呢，可能事实远非统计数字所表现的那样。现在中国的媒体对房地产市场的调查也报道用了很多书里揭穿的伎俩，看一看有助于在纷繁复杂的信息社会保持清醒的头脑，不那么容易被别有用心的某些人忽悠了，值得一读。,0,0,0.9997175335884094
给宝宝配备的，宝宝很是喜欢，家人也是喜欢，唯一可惜当时拍错啦，应该拍带卡的平板,1,1,0.9757381081581116
孩子先在别的书上看到的图片，一套三本书，有我为什么讨厌那个女孩、讨厌穿裤衩、讨厌喝牛奶，孩子看了就问我是什么书，开始最感兴趣的是我为什么讨厌穿裤衩，但是过了几天比较了一下，她决定买我为什么讨厌那个女孩（我规定每次都只能选一本书）。刚买回来时，天天都得讲，一天甚至有时一次得讲几遍，听多了，你不给她讲，她就自己讲起来。还不错啦。不过我有点担心会不会误导小女孩的想法。,0,0,0.9981054067611694
质量不错，穿起来显得整个人有精神气，不错，会推荐朋友购买！,7,7,0.9767550826072693
烟台的苹果确实不错 。脆且甜爽，这种包装，比我买中华血橙好多了，东西也没坏掉 。,3,3,0.9944416880607605
还可以，就是照相不怎么样，续航满意，打2把王者耗电10%,1,1,0.7974953055381775
第二次买这个店的柚子，收到后是坏的，又没有客服人员可以解决。,3,3,0.9224640130996704
我们这边市场同类型苹果的价格与京东的差不多，但京东的新鲜，,3,3,0.9879878759384155
这裤子不行，裤子是布的，不是西裤，质量垃圾的要死,7,7,0.9959959983825684
颜色和图片不太一样，感觉被坑了。,7,7,0.6582434773445129
非常不好用，首先洗发和润发的瓶子一样，使用时不好分辨。另外润发的效果非常差，洗完头的第二天，风一吹就像干草一样打结，我也真是服了，就是觉得价格贵一定有贵的理由，结果…,4,4,0.9298803806304932
外观不错，屏幕大，显示效果好，侧看也看得清楚屏幕画面。送货快，赞！,8,1,0.709542989730835
刚开始还行，希望能用的时间长。有的时候看视频弹幕有虚影，应该是屏幕质量问题，总体上不错?华为还是信得过的,1,1,0.9097064733505249
苹果收到了，发货快，好吃又新鲜，准备榨汁吃。,3,3,0.841982901096344
啥都不想说了，第一，不是高清屏幕，这个我也不怪，价格摆在那的，问题是你连张膜都没用很寒酸。第二，双十一和12号一个价格，为什么第二天还送一百多的保护套？厚此薄彼,1,1,0.7436016798019409
苹果好新鲜，很翠口，比超市苹果好吃多了，还会再买！,3,3,0.9990297555923462
东西收到了，也用了，差评。好多头屑呀，一天不用，头就痒，不知道是我皮肤过敏还是怎么滴。,4,4,0.9565930962562561
要棉的发过来的是单的！脏兮兮的！,7,7,0.9339606165885925
该报告由“非快捷酒店联盟”发布。我又阴谋论了！其实这些不能一概而论，蒙牛在香港都获奖了！！,6,6,0.7406127452850342
买完去移动换卡，和移动大厅才2488，还能用600优惠券，才1888，京东更贵了,1,1,0.5956632494926453
京东的物流很快两天就到了，不过第三天就出了问题，充了一天一夜的电都充不进，本来打算退货的给他们员工的手里说有一道划痕不能退，不能退就不退吧那就选择修反正买了也是为了玩，就等了几天让他们审核维修，几天过去了也寄回去了又发信息说返厂维修时间是10到30天，真妮玛晕啦，本来买电子产品为了玩这么的服务这样的进度还怎么能开心的玩耍，中国这是制定的什么网购维修服务不能接受要和发货一样快就好了,1,1,0.9226407408714294
快递很给力！促销合适！就买了，还没用呢,4,4,0.592145562171936
"我到现在都还没有收到书啦,当当真的好慢.上个星期买的书,本想这个星期六看都没得看",0,0,0.998832643032074
房间设施象招待所，卫生间里的设备很久，房间的卫生很差,9,9,0.9889132380485535
昨晚拍的，今早上就送到了，快递员很尽责，送到的时候让打开检查一下，没问题才离开～小苹果都很好，没有破损,3,3,0.9870240688323975
很好的头发洗护产品，以前就用过，洗后头发柔顺，头皮舒服，还有强根健发效果。,4,4,0.9913787841796875
质量不错，样式好看，大小合适，和卖家描述的一样,7,7,0.9443680644035339
差评，真后悔当时急着买，没看差评里的评价，就跟评价里说的一样，电量耗得非常快！如果那么多好评都没有这问题，那就是个别手机的问题了！当初想着买给妈妈用，她说不用太贵的，然后按价格选了这款，现在后悔死了…妈妈用了几天天天回来发牢骚！一天就特么打了两个电话，都没时间看手机的了，晚上回家就剩一点电…把能关的app都关了，设置也禁止后台运行，又不能卸掉原有一堆没用的app，简直无语…我爸那款华为更老版的，价钱也差不多，门店买的，也没有耗电问题，真不知道其中缘由了。本来对京东的电子产品挺有信心的，微单都在这买，这次被华为这款手机恶心到，以后不想在这买电子产品了…,1,1,0.7829294204711914
安装费超级贵本来说几十块，安完竟然200块，自己买材料，安装师傅还不给装。卖家倒是服务很好，所以全好评吧。不过真真想说一句安装师傅你太黑了！考察过了，好多材料都比市场贵很多！,5,5,0.8279151916503906
1、818的外型还是很酷的，特别是抽拉式的滑盖，使看多了翻盖三和直板nokia的眼睛一亮。外键盘按键手感尚可；但是值得一提的是，用的较多的确认键和返回键都在中间，即使是左撇子也不会有任何不适应。2、256k的tft目前已经是无可挑剔，与任何同价位的手机相比都立于不败之地；铃声方面也没什么缺陷。3、关于摄像头，我从来就没报什么奢望。我并不看好这个功能，和大头贴的效果差不多吧。对光线的要求比较高，稍微逆光就只能拍下轮廓了。另外提醒一下，如果长时间使用摄像头，电池会速度耗尽。再加上闪光灯，这个功能简直就是电池杀手啊。,2,2,0.9403353929519653
数据线是坏的,1,2,0.4263172149658203
优点： 外观够有型，配置很不错，价格合理，非常适合商务使用 不足： 光驱偶尔声音真的很大，底部发热量很大。 总结： 特价4999的价格购买还是很超值的，值得,8,8,0.9739482998847961
这手机买回来下一个片就给我卡了，屏幕一闪一闪的可以用来当闪关灯。开机后又正常了，只要不嫌麻烦买这用来看片很爽。自从有了闪关灯这手机比我想象的功能要强大很多。闪后重新开机而已我可以接受就是麻烦了一点。这个闪光灯功能每次要是有规律一点就好了，一天天的琢磨不透。再改进一下每次闪不要重新开机就更加优秀了。鉴于你的这个功能没做好我不能给你满分希望你们继续努力。,1,2,0.7230090498924255
包装不错，东西可以，只是这个价格超市打折也可以买到，但愿京东一如继往的不要卖*货,4,4,0.5762523412704468
苹果很漂亮。个头也大个。    很爽口，很脆，很甜。口感不错。    快递速度超快，很满意。,3,3,0.9763017296791077
他挨停车场很近 但是酒店隔音差 床硬 各种脏脏的 唉…,9,9,0.9805437922477722
6年前的《赢在中国》，是我最喜欢的，一直盼望能有下期，在节目中蒙牛集团牛总、汇源果汁朱总、新东方教育集团俞总、阿里巴巴马总、巨人网络史总等都是我非常敬佩的中国企业家，尤其牛总的企业文化感染了我，所以我喝奶只喝蒙牛，除了上面几位我最敬佩的boss外，还有两个人我最最敬佩的熊晓鸽和王利芬,6,6,0.9828452467918396
3岁的小孩对里面的情节，图片都不怎么感兴趣,0,0,0.9955388903617859
搞什么？我买金色给我发一台银色，当我是色盲呵。,1,1,0.7139401435852051
第N次入住了，就是方便去客户那里哈哈。还有啥说的,9,9,0.8282912969589233
还不错真的我买过几个了，质量还是过的去的。时间用的长不长现在还不知道。。。,1,4,0.4598046541213989
还没用，希望很好，活的买的很合适,4,4,0.4771827757358551
被骗了～～衣服根本不是班尼路的，布料特别差，还有就是码数不对，，拍L码的 衣服长的要命！！,7,7,0.9961246848106384
这款洗发水挺适合我的发质，用完果断续上一瓶，还搞了个特价，值了！,4,4,0.9934466481208801
“赵波的书都不再由主流出版社出版了，可见作者的沦落。 ”修正一下这个说法，应是04年过后赵波就没有新作品了，（不敢妄加猜测作者近几年的生活），即便是04年以前出的书也有一书两出、滥竽充数的情况。真是秋风秋雨愁杀人。,0,0,0.9926077127456665
"住过很多次了,基本上还是挺满意的,交通也很方便,而且离建筑双年展非常近,我带着一家人散步过去很舒服.唯一不太好的地方是价格好象越来越贵了,看来我还是需要再发掘一些性价比更高的酒店.",9,9,0.9708847403526306
使用过程中，发现操作系统不及WINDOWS更易上手;内置游戏没劲。机子反应不够快，和同事拿的诺基亚的智能手机相比，稳定性也差一些。触笔拿在手里，不合适，如果有一长一短的就好了。按键偏小！无来电防火墙和自动开关机功能！近六千的价格，还没有收音机！原装电池也只配了一块！,2,2,0.6818011999130249
京东快递很快，就快递可以，其他就很普通。,7,4,0.5064772963523865
不好 裤角好大像80年代的裤子质量不好！总之太假！,7,7,0.9990811347961426
啥玩意？别人买就送皮套，我买就没有?，这不坑认吗？不良商店！,1,4,0.33549830317497253
质量真心不错，很喜欢，一次买了三件，还便宜,7,7,0.9614951014518738
挺划算的，在超市买要158两大瓶，这还送了两小瓶,4,4,0.9424735903739929
11月25下单 12月7号才收到 要不是不给星不能评论 我特么一星都不给 绝对差评 马上退货 要买的慎重了,7,4,0.42468976974487305
用来放高清，用hdmi接到电视上效果真的不错，哈哈。以后试试当BT机用,8,1,0.6206780672073364
"酒店设备老化,建议考虑更新,酒店电脑网络速度慢,下次不再入会该酒店,宾馆反馈 2008年6月12日 ： 酒店非常重视并立即让电脑房工作人员对该客人所住的房间进行网络测试，情况如下：该客房在打开主页时情况较好，但在下载邮件时速度较慢，酒店已联系维护酒店宽带的公司进行了整改。酒店的宽带速度较快且房内上网免费一直以来受到客户的好评，酒店对宽带问题会更加重视，做好维护工作。非常感谢客人对我酒店提出的宝贵意见.",9,9,0.9878069758415222
黑框太大太大太大，做工什么的都给黑框给黑了,1,1,0.5262452363967896
一波三折，还真没想到，我认为质量很好的华为，发过来的就是有亮点的,1,1,0.5810520052909851
这本书的观点有点不太客观，太过现实！不太符合成熟女性的人生观！不太喜欢！有点失望的！,0,0,0.9997733235359192
上次出差住的套房，以下几点感受：1，房间大；2，装修很一般；3，好像没有卫星电视节目，上了两晚上网；4，早餐极其一般，就餐环境像食堂；5，附近什么设施也没有；,9,9,0.9974126219749451
东西不错，挺喜欢的，价格便宜,7,1,0.27093830704689026
唯一的优点就是离机场近,9,9,0.971939742565155
特别小，口感不怎么样，没什么水分,3,3,0.9858373999595642
片人的东西，下单的时候商品下面明明就写有送吹风机，到货时就只有商品，打电话问客服要我提供送赠品的截图，买个东西鬼还去把买东西的介绍截个图保存起啊，意思就是你们京东经常片人了哦还要我们提供截图来作证据,4,4,0.6550992131233215
中归中举的酒店，但地理位置特别好，价格也还能接受，下次来应该还会在住这里,9,9,0.9811385273933411
受同名电影的影响，在读的时候眼前总是浮现出爱德华诺顿和纳奥米沃茨的身影。此时我尚未读完，刚读到瓦尔特死去，心中感到既惋惜又无奈。毛姆的小说总是让我感动、感伤，读后常常陷入沉思，许久不能自拔。这部小说中对旧中国城镇环境和人物的描写令我不快，虽然也许是那时的实际情况，但毛姆似乎充满了西方人对落后中国的优越感，我这个狭隘的过分敏感的中国人颇感不爽。总的感觉是非常喜欢。,0,0,0.999733030796051
一大包，还没用，效果好以后接着买，做活动99元，比超市便宜,4,4,0.9635217189788818
送货速度快！晚上下单，第二天8点送到，放在速递易，快递小哥还特意另发了一条短信提醒早点拿水果！苹果个头正常，味道爽甜，是真爽甜啊，可以再买！,3,3,0.9622880220413208
手机屏幕很大，看着舒服，使用方便，正在使用，过些天再来评价！,1,1,0.8752053380012512
这次买的苹果确实不咋滴，确实非常难吃，京东怎么采购的，采购这么差的苹果卖给我们太不负责了，希望京东下次采购时多用点心吧，我们伤不起呀,3,3,0.9798191785812378
夜景不错，房间不错，早餐很不错，离海边和商业区有点距离，服务满意度也有些距离。,9,9,0.9876562356948853
非常不错 买了好几次了 快递小哥服务态度很好 物流很给力,4,7,0.32182297110557556
好东西，值得拥有！,1,1,0.6162381172180176
速度还可以很人性的设计，买来了先做了个系统备份盘如果系统有问题随时都能自己安装正版vista,8,8,0.9759474396705627
键盘右侧的“蓝牙、无线、省电模式”快捷键貌似没有用，点了之后看不到什么变化，也不见亮指示灯；由linux改装xp特别麻烦，对装系统不很精通的人而言，一不小心，就简直成了噩梦一场！（具体见“总结”部分）,8,8,0.9903476238250732
用起来还不错,1,1,0.581221342086792
"各种功能都不错,特别是PDA功能.值得买.",2,2,0.7744417190551758
新鲜，清甜爽脆，连皮一齐吃亦无问题，非常满意。,3,3,0.9963891506195068
本来忍着DOS系统买的，想到4xxx能买到这个配置也超值了， 没想到一开机竟然自带vista，感觉京东老厚道了呵呵。先用正版vista吧呵呵,8,8,0.9424070119857788
哪看都很好，但确实不好使，是不是假货我不知道，就知道不好使，原来也用过清扬泡沫多，洗完头发滑滑的，这回买的洗完头发依然油腻腻的，还多了一毛病，头皮屑满天飞,4,4,0.9932557344436646
在南山区办事的话住这里还算方便，门口往哪个方向的车都有，就是稍微有点吵啊,9,9,0.9864309430122375
"有时信号不太好,出现无服务网情况,不支持彩信,售后服务不好。",2,2,0.9209452867507935
屏的视觉效果并不好，还不如以前的清爽明亮，说是节能，其实是折磨眼睛，有上当之感。京东这次配货简直胜过蜗牛，拖拉之极，取消订单的指令及要求发了不少三次，都没反应，采取钱已入袋，对退货的要求置之不理，很混,8,1,0.5822411775588989
虽然唔中意蒙牛 好多年无饮过 但系 这是不同的 多谢,6,6,0.9604832530021667
黑边比较大，其他还好，耗电控制的不错,1,8,0.5248401761054993
用了很长时间，感觉很好，很清晰，声音也很不错，这个价位性价比很好了,1,1,0.7431268692016602
玩吉祥游戏时不能全屏显示，而且触屏不灵敏（玩这个游戏不灵敏），我知道这和你们质量没关系，这是游戏的问题，但是我买你们机器的目的就是让我爸玩这个游戏，这是我的需求，我不满意的是在咨询你们客服有其他型号可以满足我的目的，我可以换台机器时，他“果断”回复没办法。作为华为旗舰店，竟然满足不了客户玩个游戏？而且一个型号都没这个功能？,1,1,0.9024563431739807
一直用清扬，去屑效果不错，比超市便宜一些哈，还是满意的,4,4,0.9415636658668518
不太满意，有天晚上十点半回来，没有热水，忍了，第二天早晨还是没有热水，打电话去总台问了三四次，才知道是煤气公司停气。酒店至少应该提前通知吧，这是夏天！！！还有我出去办事，LP在楼下上网，用了大约十分钟左右，有工作人员出来让她不要用了，说这个电脑是给商务人员用的，可能是我LP长得像小孩，我住了好多家汉庭从来没有听说电脑是商务人员用的。还有个题外话，前两天我是用南航会员卡直接预订入住的，因前台人员不会操作或操作失误，导致我第一天的活动里程无法累计，前台理直气壮的说不能补！我只能说，这家汉庭是我住过的汉庭中最烂的。,9,9,0.994242250919342
本书包括《彼岸》和《恬哈努》，内容不像第一本那样离奇和扣人心弦，但是，和第一本一样好看特别是《恬哈努》，分析了龙和人的相同起源，探讨了魔法的本质，描写了杰德回归成普通人后的生活，更能表现作者天人合一，尊重自然的思想。这套书翻译尚可，不像有些读者评论的那样差，而且国内好像找不到另外的版本。况且我认为：这么好的故事，不会因为翻译一般就被遮蔽了光芒。还是推荐这本书。,0,0,0.9994983673095703
裤子很修身。穿起来，感觉挺好的，轻柔软的。面料很柔软。很有弹性。强烈安利一下。,7,7,0.9923960566520691
"游泳池不错,其他很一般,房间设施差,房间太小,不过价格很便宜,属于一般选择.",9,9,0.986513078212738
"地理位置还不错,服务态度一般,房间旧了点,总体来说普普通通",9,9,0.9905810952186584
浙江仓的，4个装，基本都烂了，售后中，浙江的朋友谨慎购买。,3,3,0.5249491930007935
衣服做工不行，不透气，质量太差,7,7,0.9868836998939514
用了QQ10元礼券以后，就是那么好奇一下子，看撤单以后这个礼券还能不能用，竟然说，不能用!辛辛苦苦赚来的10块钱！！！！竟然就这么被毁了！不还我的钱，就和当当没门！！！！！！竟然还说周六日不上班！还我10元礼券，我接着买东西，不还的话，和你没完！这群猪脑子，系统设置的时候就没有对顾客多考虑过！,0,1,0.3617163896560669
想请问下怎么HD3200的显卡我用完美解码播放1080P的WMV时CPU占用率90%以上而且会卡？已经打开硬件解码啊。。。,8,8,0.8230805993080139
绝对给差评，整箱苹果只有一个6公分的苹果，其余都是5公分左右的苹果，还有一个是烂心的，商家的诚信也烂心了,3,3,0.9886140823364258
机身弯曲，大家不要买,1,1,0.49914267659187317
不满意，一直以来，护发素和发膜给我的感觉是只要抹上它们，你的头发就会特别顺滑。可是这款发膜抹在头发上头发居然还是梳不开。我以为是冬季头发太干燥的原因，后来又换沙宣发膜，结果只用手随意的扒几下，头发就顺滑了。所以这款产品给我的感觉很不好。以后也不会再用了。,4,4,0.9836719632148743
裤子质量超级好，纯黑色的，手感很好，值得购买，喜欢的宝贝快下手吧！！,7,7,0.9924423694610596
不是正品吧，跟超市买的不一样，洗头就感觉出来了,4,4,0.9635331034660339
这个裤子我穿了一个星期多了，感觉蛮好的，做工精细，穿起来有弹性，我骑自行车穿上也不影响。,7,7,0.9959499835968018
外观有够炫，很漂亮，看着用着都舒心，爱不释手……悬浮键手感不错，性价比很高，跟其他牌子的本本放那一比，啥都不用说了，强力推荐！,8,8,0.5226031541824341
不是我的手大是苹果真心小 。你还说80果？我一口下去就一半没了。真的不要买，感觉很不值！,3,3,0.9892041087150574
喜欢京东购物，速度快又新鲜，家里大大小小的东西都京东买的,3,1,0.4984041750431061
关注很久，下决心买了。总体感觉还不错。就是，截屏和华为手机不一样 比较麻烦。同一个品牌，一些快捷操作最好一样 ，这样比较方便老用户。,1,1,0.7405593991279602
系统似乎不是很稳定  开机进入时 会有几秒黑屏  启动光驱时会发出吱吱的响声  估计是光驱少颗螺丝的原因  中通的送货速度太慢 送2G内存  比较合适,8,8,0.9847832322120667
本来抱着试试的心态，没有想到物超所值！宝贝包装的也很好。客服态度很好！很贴心！物流也快，没两天就收到货了！真是一次愉快的购物！,7,7,0.3645567297935486
我觉得这块平板还不错，系统运转流畅，屏幕画质挺棒的，听歌不用耳机，外音音质不错。,1,1,0.6159240007400513
失望极了，表示以后不会买了！微酸不甜，还有破损，吃了三个，其中一个里面都烂了,3,3,0.9982256293296814
苹果不敢恭维，真的不咋的，一颗星是给快递小哥的！苹果个头也太小了吧！,3,3,0.9923519492149353
太差劲了，洗完很不舒服，感觉油腻腻，头皮会痒，有点头屑，第一次用到这么差的洗发水。京东买这么多次东西，这次最不好。,4,4,0.9769211411476135
交通很方便，房间小了一点，但是干净整洁，很有香港的特色，性价比较高，推荐一下哦,9,9,0.9859431982040405
有病吧，继续买伊利！ ……说明蒙牛比卖切糕的都黑么？ 脑子装满了切糕 蒙牛的公关脑子有坑啊！,6,6,0.9956265687942505
快的很到位，支持京东，平板收到了感觉蛮好的。,1,1,0.9646276235580444
衣服大小合适，质量很好，多次在这买衣服了，都成七匹狼的粉丝啦，希望店家多做些活动，关键质量又好，客服服务超好，耐心解答了好多问题，感谢感谢…,7,7,0.948430061340332
经常做活动，这价位浮动我的小心脏都受不了了！,4,7,0.3057531416416168
里面有好五六个有点烂，不甜。应该放了很长时间,3,3,0.9868738055229187
"房间比较小,最多3星,不如定168.设施一般,不如定特价房.",9,9,0.9914261102676392
给老丈人买的，老人用大屏幕方便，又能打电话，系统运行很流畅,1,1,0.8197421431541443
一本教女孩子怎么追求物质的书，值得大家伙这么追捧么？在这物欲横流的社会，有精神追求的人真是越来越少了~,0,0,0.9890402555465698
要是送个鼠标就好了。另外2个小时后，触摸板右边温度有点高，由于没仪器也没测量。,8,8,0.6366024613380432
轻巧，适合女士和商务人士使用，think的口碑在那里放着的，键盘是全尺寸的，什么人用都合适。,8,8,0.7377183437347412
"服务基本周到,房间设施齐全,交通较为便利,价格稍偏高.",9,9,0.9795927405357361
一点都不好，很小个，有一箱苹果有三个烂了,3,3,0.9909552931785583
很好用，而且实惠！,5,4,0.5889036655426025
"订了大床房,进了放发现是双人房,看看床还算大,就懒的交涉换房了.浴室冷水档经常出热水,差点烫坏,卫生纸少的可怜,马马乎乎也就过去了.总台服务员没穿制服,服务很一般,和挂牌三星比实在是差远了.280的房价很不值.唯一感到欣慰的是大门保安指挥停车很积极,很热情,很到位.下回来不会住这儿了.",9,9,0.9953895807266235
好货不便宜，京东一直信赖，我的水果有问题，解决人态度不好，京东有个优鲜赔很好，这家买了后，客服链接口都关闭。自己考虑吧。,3,3,0.8733052611351013
哎，不好用，真不好用,1,1,0.35568320751190186
东西很好拍了两件，对的起这价格就好了,7,7,0.8826814293861389
真是懒得换 还得邮走 漏了不说还都是灰,4,7,0.7049824595451355
"该套丛书画面生动,注重生活的细节,对小孩很有吸引力,并在阅读的同事了解了生活中的常识/体会一些有趣的过程. 满意!",0,0,0.9951735138893127
曾经在德国的时候，就经常给儿子看德国的一个科技生活频道。它介绍的总是各种生活用品尤其是食品的加工过程，都是自动化流水线。在买这本书之前，我只是想让儿子知道，这些东西是如何来的，买了书后发现，书中介绍的不仅是东西如何来，而且全部都是按照流水线的方式介绍，基本是自动化流水线的缩版。我认为这样的介绍有助于孩子对于东西的来源，生产方式，尤其是现代化的生产方式促进理解。也有助于培养孩子的创造性。是本不错的书。,0,0,0.9990758895874023
内置无游戏；现在的小灵通基本都内置游戏，哪怕不是精典的，有时也可以打发打发时间时玩玩啊！翻盖不够流畅！按键不大；手感不是很好。,2,2,0.8276038765907288
双12一点都优惠差评.......,1,1,0.3888297975063324
这是我出门住过的性价比最高的酒店了～～～服务很好，房间也没漂亮，开开窗就是滨河路的景色～美中不足的就是酒店大概有KTV包房，晚上12点前在房间里都能听到好大声音的音乐……其他的服务简直好极了～以后希望还能入住。呵呵 就是莱西地方太小了,9,9,0.9948101043701172
非常喜欢 然后款式也不错，这个价钱相对来说性价比还是挺高的,7,7,0.8403260111808777
差评 箱子都破了 好几个苹果都烂了！太暴力 太暴力,3,1,0.5052244067192078
好吃，不过大大小小，好几个不足80毫，总体基本满意。,3,3,0.992852509021759
屏幕比K750C更好，清晰度和色彩更出色。镜头带自动对焦和闪光灯，更有白平衡，在具有准DC的拍照效果。音质倒一般，只要耳机的立体声效果好，我是CT820+EM7的配置，您说我会看上它的MP3播放么？但一般人反映，还是满不错的。,2,2,0.7901728749275208
一：信号不太好。二：显示屏不好，有过黑屏和闪屏；强光下，显示屏象块镜子什么也看不到。三：拍照只能自己玩玩，拍出的照片效果不好。四：内存小的可怜。五：内置游戏和图片和铃声，时间长了很没劲！六：待机时长并没它说明书上那么长。,2,2,0.8904981017112732
付款方式用的是 货到付款 *** 还可以** 结果根本没法支付 价格还是一样的,4,7,0.46566203236579895
非常喜欢这家酒店。虽然离中心城区有一点距离，不过因为城市不大，这点距离根本不觉得什么。是花园式的酒店，建在山上，环境非常优美，硬件设施配置是4星接近5星的标准了。房间很干净整洁，自助早餐非常超值。该酒店还有别墅房间，适合公司集体出行，不过价格也不菲啊。,9,9,0.9758074879646301
"根本够不上五星,充其量四星,五一去大热的天居然不开空调,热的无法睡觉,只好起床就走,可电梯又贼慢,服务态度倒是不错,地理条件也可以,冬天去可能还行.",9,9,0.9929829835891724
以为苹果会大，结果有点小，不甜，倒是有点酸。,3,3,0.9985768795013428
不错，不错，蛮好吃，就是比较小一点，下次再来,3,3,0.9495734572410583
5月初入住这家酒店，只可以用2个字形容“糟糕”，是我见过的最差的5星级，晚上1楼的disco舞厅一直会营业到凌晨2：30，声音吵杂，还有重音鼓点让住在18楼的客人也无法入睡，不可想象低楼层的客人们怎么忍受这种5星级的待遇!早餐简陋，这个也是我第一次给住过的酒店点评，实在是住得太窝囊了！如果有0分得选项，我会毫不犹豫选0分,9,9,0.9953702092170715
外观一般，看起来比较笨重，待机时间太短，不支持彩信，短信容量也并不大！！！！,2,2,0.6779093146324158
还能更差点吗？一回来第二天屏幕就烂？跟着死机死机死机，刷机还是不行，垃圾，一星是给快递的,1,1,0.9367798566818237
非常喜欢这件衣服做工比较工整，然后款式也不错，这个价钱相对来说性价比还是挺高的,7,7,0.9975807666778564
东西很好，我很满意，发深圳隔天就到了。,7,4,0.35410383343696594
伊利问题奶，大家看看，中国人就是要欺负中国人。巨大的牛奶漂浮物，死人也是死到中国人a，愤慨转发，保护国人转发，灭绝黑心企业转发。蒙牛可以借鉴别别抓到。#黑心伊利漂浮牛奶，亲身体验。 我在:http:t.cn/zOxvRjw,6,6,0.9994165897369385
裤子很不错，买给男朋友穿的，他很喜欢，会回购。,7,7,0.9848545789718628
大品牌有保证，一次愉快的网购!,1,4,0.577087938785553
给朋友买的，说是非常喜欢，系统很流畅。好评，国货雄起！,1,8,0.47355568408966064
宝贝非常好哦，物流快快哒，给男朋友买的非常喜欢呢，质量也是棒棒哒，真的是很开心的一次购物呢，喜欢的朋友快点下单哦！,7,7,0.6219920516014099
15早上下单，下午就收到了，内存大，画面清晰,1,1,0.7781338095664978
早餐品种太少，交通还算便利，服务态度不怎么样，问酒店买的地图竟然就是旧的别的客房拿的,9,9,0.9935874938964844
房间比较宽敞，大堂和5星级的差距较大。电梯的速度快，尤其到高层。,9,9,0.9891659617424011
产品非常不错?，速度非常快(○?ε?○)，产品我非常喜欢，都是还没有体验，迫不及待了，下次在评价吧?    到老家，水果不新鲜，,3,3,0.9700307846069336
1、电话本功能不完善，虽然拥有500条机身容量，但没有具体的分组设置，也不能在同一个名字下存多个号码及电邮，这在操作中造成很多资源及时间的浪费；2、软件响应速度欠佳，在进入或退出某项菜单时总感觉有两三秒的延时；3、铃声难听，虽然说明书上公布的为40和弦，但音质和音色上感觉都不太好，在那几首真人铃声中放出来竟然全是爆音~~~~失败！还有，开机铃声实在难听；4、没有语音功能~~~没有录音功能，没有语音拨号，不能自编铃声及图片5、关机时间过长（要长按关机键6秒）6、虽然支持WAP及GPRS下载铃声及图片，但没有提供具体的下载地址，这让用户根本摸不着北7、不支持JAVA8、机身漆面易脏~~~~（我指的是容易被指纹传染，可能是金属漆的缘故吧）,2,2,0.9967643022537231
裤子不错，很漂亮！ 哥哥真的很喜欢！物流也快,7,7,0.8798717856407166
最差的一次购物体验，包装的箱子里连泡沫都没放，有一瓶压坏了，而且上面全是灰。我地址写的清楚的，快递直接把货放到门卫那里打个电话叫去拿，不知道送到门口吗,4,4,0.8112409114837646
外观漂亮，改装XP也顺利，但还有3个未知设备没搞定。不管怎样机器性能没得说。,8,8,0.9236716628074646
用完一瓶一点用都木有，,4,4,0.9941400289535522
尽管是匆匆地看过，还是颇有印象，朋友看过也说有价值，特地也买到手连，对付散慢成性的小孩子。买一个厨房计时器，真是管用，孩子至少能意识到，做事有个被动的时间观念，如果有朝一日有了主动的时间观念并有了选择时间的智慧（难呐，许多大人们也做不好！），那就彻底摆脱拖沓了。有类似困惑的家长们，可以接受一下启发。,0,0,0.9902060627937317
充电器坏了 刚买1个月,1,1,0.8690513968467712
袖口链接做工太差了，连接处的做工简直无法直视。衣服拉链看起来也很差，洗几次就会掉色，到时候更难看。早知道这样就不买了。看来还是不应该在网上买衣服。买都买了我也不想退换了懒得折腾，就当花钱买教训，下次坚决不在网上买衣服。,7,7,0.9871532320976257
电板不经用，拍照不清楚，用一段时间才知道,1,1,0.3974664807319641
不错 面料舒适 价格便宜 赞,7,7,0.9951104521751404
酒店位置不错，作为一家准四星级的酒店，大堂比较小；房间设施虽然有点旧，但是很干净，服务很好；早餐还可以就是价格高！总的来说还是可以推荐的,9,9,0.9905564785003662
早餐很不错，离市中心比较近，购物方便，但是5号楼的房间相当于3星标准。不过相对于房价也值了补充点评 2008年8月11日 ： 另外，房间提供的拖鞋太小了，根本穿不下，难道是给女士设计的？我是42码的脚啊。宾馆反馈 2008年8月14日 ： 尊敬的宾客：您好！感谢您入住金陵溧阳宾馆！并及时把您的感受和意见告知我们！对于你提出的拖鞋太小的问题。等您下次入住金陵溧阳宾馆时只需向我们的服务员提出。我们将根据您的意见记录特别需求，提供您满意的服务！，发扬金陵溧阳宾馆“以客为尊”的服务理念，让每一位宾客都能对金陵溧阳宾馆留下美好而深刻的印象。再次向您表示感谢！期待您的再次光临！祝您工作顺利！身体健康！金陵溧阳宾馆客务关系主任,9,9,0.9930552840232849
"1 发热还是有点大,特别是右手边 2 2G内存运行VISTA还是有些慢 3 换系统比较麻烦 4 有点沉 5 分区不合理 6 无线网卡没有n，拷贝文件有点慢 7 没送包和鼠标",8,8,0.9644466042518616
实在比较差的酒店，强烈不推荐！CTRIP现在也越来越不象话！！定的还是豪标房，一进房间，居然两个床靠在一,9,9,0.9966033697128296
临街很吵。同样的标间价格，一开始给安排边上很差的房间，性价比太差了,9,9,0.995951771736145
不知道是什么原因～洗了这个我都过敏了,4,4,0.984682559967041
不错，一直都在用的，京东不买假货，不敢到其他网站买,4,4,0.5805877447128296
一楼太潮湿,9,9,0.8817682862281799
京东不给退货，服务差劲，客服也不联系你，敷衍了事，真是可以啊京东,1,4,0.48969393968582153
有破损，快递员拒绝验货！我找谁？,3,7,0.4487196207046509
待机还挺长，性价比较高,2,1,0.7072916030883789
很实惠，建议大家用这个，之前在超市买的贵，而且很好用，顺滑,4,4,0.962590754032135
性价比很差，外观粗糙，屏幕虽大但颗粒感浓重，32和弦还比不上3*16和弦的铃声，bug也有不少。挺贵的价格居然标配一电一冲，连数据线光盘等都没有，和同档次的机型相比性价比太低了！,2,2,0.7462772727012634
服务态度太差！,9,9,0.5784274339675903
华为到现在，产品做得真是非常不错！,1,1,0.6302390098571777
酒店真的不错，就是早餐都是韩式的有点怪。,9,9,0.9794178605079651
裤子很好，穿起来也特别舒服，尺码也是刚刚好，特别满意 好评好评,7,7,0.9382100105285645
华为国货精品，色泽艳丽，反应迅速，这是我最满意的一款平板。,1,1,0.8084365725517273
余华的活着是上世纪的作品可是对于今天的读者还是有很大意义的。主人公福贵的一生坎坷崎岖，但是他还是坚持了下来，他的亲人一个一个离他而去，他心里要承受多大的打击，可是他还是坚持他觉得他是替死去的人活着，为亲人而活，活着是一个很神圣的话题，对于今天的人们，来自各方面的压力非常大，但如何去处理呢，有人会活着，有人会自杀等等。相信看了这本书会有所启迪吧,0,0,0.9995607733726501
送货的速度真快，我中午下的单今天晚上就到了。快递小哥辛苦了！,4,5,0.3264102637767792
本本比较厚。S10E重多了啊。触摸板下的键好硬。服务不好！客服电话超难打，问是否有内胆包，说没有。送来的实际有的。害我白买一个包，不能部分退货。还好红色包很漂亮，就算了。。,8,8,0.6638581156730652
很不错 宝贝很好 老公穿上很修身 物流很快 推荐,7,7,0.9018778800964355
这两斤凑的，还不如不凑！表示无语?不知道怎么评价了,3,3,0.7057341933250427
不好意思，评价晚了，等优惠活动买的，便宜了一块了，结果还得凑单免邮，我也是醉了，呵呵！,4,4,0.6152424216270447
20个苹果都没有十斤，唉，就那样吧,3,3,0.9804856777191162
气死我了，我挺喜欢用这个洗发水，刚好用完，618的时候居然广东一直无货，太恶心了吧，真想找老板问问，是不是在逗我们广东的朋友？,4,4,0.8691002130508423
非常好看，下次还要买，不错！,7,7,0.7456893920898438
地摊货垃圾看折纹！裤子前边小后面大,7,7,0.9712449908256531
商家客服都是托儿所出来的，不理人,7,7,0.25741642713546753
京东这样真的好吗？我才放了一天而已。明显故意的。很无奈,3,1,0.4351655840873718
衣服看着不错，就是小了。还没有穿放柜里了,7,7,0.968559205532074
我的BIRDD720是8月13号到手的！早在7月初我就把注意力从D610转向了现在使用的D720！一开始D720吸引我的是绿色的外壳，给人一种清新自然的感觉，后来岁着深入了解逐渐对其出色的性能所吸引！因此从7月末我就开始在各家商场寻找D720的身影。直到8月初的一天终于看到了真机！从那天起就不断的向家人施加压力，希望尽快得到这样一款手机。终于在8月13号我买到了！拿到机子的心情可谓无比激动，迅速回家装上电池用扬声器播放机子原带的4首歌曲！开机时只有2格电听了大约半个小时后改玩手机背后的闪光灯最后电池不堪重负光荣下岗了！！随后便是没日没夜的充电，在2块原装电池都3次充电满12小时后我开始了对D720的初次试用！（鉴于我只是个外行，不足之处多多包含）D720的屏幕是26万色的TFT彩屏。分辨率处在中流，但鲜艳的色彩却弥补了分辨率的不足。做为外行人，我首先先试用了小7的拍照功能，200W象素的CMOS摄像头的确表现出色，将照片分辨率设定在1600*1200后，发现拍出的照片十分清晰，比起我朋友的MOTOL7我要自豪多了！随后我去买了个512MB的MINISD卡在小7里下了一大堆东西便开始试用小7的MP3和MP4播放功能。小7的MP3播放功能总体表现不错，有摇滚乐、重低音、舞曲、古典乐、高音、宴会、流行音乐、原音乐8种均衡器，支持背景播放；3种播放器外观选择；MP3音乐库管理~~~移出、设定等!~比起MP3小7的视频播放要逊色些，只能支持3GP格式的文件，且分辨率只有220*166。在清晰度上要逊色很多！还有一点我不得不说的就是小7随机送的耳机实在太让我难以忍受！！建议用户可以自己加大些资金投入换一个好些的耳机！下面我来说下小7的接打电话的能力！听群里有人说小7的信号不好，当时心想反正功能那么多了信号不好也不是什么大问题也就没在意！昨天女友在KTV用我的小7接电话我到觉得小7的表现很出色！信号格始终保持在4格以上，总算是没给我丢脸！但是小7发短信时的字数却令我不能理解，为什么一条短信最多可以编辑670个字？现在的运营商足以多不也就允许80字的短信吗！至于短信的群发和彩信小弟还未使用过！小7定位为手机中的学习机，其英语通功能不得不提！小7支持的是英语通2.0。其中包括单词王 词霸。。。。。使用起来就我自己来说是十分方便的，尤其是其中包含了大学英语4级和6级的单词，对于在校大学生是十分有用的！使用者可以轻松的通过小7完成4.6级英语的单词储备，连学习机的钱都可以省了！,2,2,0.9677951335906982
前两天去住的时候正好是我的生日，酒店看到我的登记纪录特地为我做的生日蛋糕与水果盆送到我的房间里来，和我一起过生日，我一直出差在外面已经把自己的生日都快忘了，但酒店能安排这些为客人想到令我非常感动。补充点评 2008年1月7日 ： 就是卫生间有点小,9,9,0.9900348782539368
很一般，位置还行，服务待加强！很一般，位置还行，服务待加强！,9,9,0.8643242120742798
青海宾馆在西宁还算不错，大床房床离门非常近，隔音不算太好，电视小且旧，不过酒店环境还可以，早餐也不错。,9,9,0.9852103590965271
"各位会员：新春大吉,四季平安！您们好！我是生活在弹丸之地的香港人但都未曾见到大陆有这么窄小的酒店标准房standard room。老老实实说此酒店房间真太细小！肥胖一点的兄弟姊妹很难走动！正如前一位会员讲的一样！浴室地下同水厕的坐板又是有头发及不能直立的！酒店及房间颜色OK的！地点不便距各车站较远！环境不太好,太近民居就是窗对窗！RMB300元房价不值！我不推荐！！！",9,9,0.9923346638679504
酒店非常好 特别上服务 但可能位置比较好 比如去 时代广场 SOGO百货买东西都非常得方便 隔音效果不太好 个人觉得 因为当初定的是普通的房间 后来因为没有房间 再没有加钱得前提下 房间升级了 总得来说酒店免费得巴士以及服务真得很好 推荐入住 价格公道,9,9,0.9839365482330322
外观、屏幕、配置都不错，一般使用起来不错！ 还好没发现亮点！,8,1,0.4646558165550232
打开都倒出来了，包装盒子里面都是洗发液??,4,4,0.9964553117752075
"这家酒店位置,房间性价比都不错的.但不知是不是由于客人多,服务自然下降.携程的客人好象在这里不太受欢迎.每次入住,要不是订的大床间没有,要不是房间没有,要不是还没有打扫出来.而且不能积会员卡的分.前台说是上面规定的,也没有什么依据.补充点评 2007年12月9日 ： 这家酒店的服务越来越差,酒店设施也旧了,大不如从前.以后不住了.",9,9,0.9920622110366821
东西差评真的是有原因的，还相信京东是个大品牌，然而是真的会让人失望，不要被鲜艳的图片所欺pian了，可以接受你个人小，不能接受你是残次品，还抱着侥幸的心里说果肉应该没坏，事情证明不新鲜的火龙果果肉都是臭的！再也不会在京东买生鲜了！！！,3,3,0.8077285885810852
速度还可以 这个价位可以了 玩LOL应该没问题,1,1,0.5703142285346985
太脏了，全是刮痕，跟垃圾桶里捡来的,4,7,0.5636879801750183
粘毛毛 裤子起折 吸尘,7,7,0.9017819166183472
"松下GD88让我觉得最不爽的就是它的电板,电板时间用得时间不长,是现在TFT彩屏手机的通病,,也难怪待机时间短,但是让我费解的是配件中竟然没有坐充GD88在菜单设计上来说应该能够凑活,毕竟对一部高价机来说,功能确实太少,如今智能手机层层推出的同时,,对这样一部手机不支持K-JAVA,,真是遗憾.",2,2,0.9591728448867798
酒店设施陈旧，服务态度那叫一个恶劣啊，真没见过这么拽的。还要客人反过来低声下气的跟前台好好理论说话。以后打死也不会住,9,9,0.9901621341705322
你们家发衣服给别人发湿的？牛笔第一次见。,7,7,0.47527873516082764
"酒店的大堂很不错,房间也很好,温馨、舒适，是个不错的五星级酒店。",9,9,0.9834879040718079
还可以 我主要是看电子书 华为的产品在国内可以的 充电快 比亚迪的充电器 给力 就是不支持电信卡,1,1,0.8988834619522095
衣服质量不错，款式也挺好，面料摸着挺舒服，尺码标准穿上大小合适。满意。,7,7,0.9870685338973999
快递跟给力，一直用这个牌子，很好，值得购买！,4,4,0.6993476748466492
材质我不专业，不做评价、可是我买的28的裤子表明70cm误差2cm、为何我收到28码的裤腰有76cm？我该怎么处理这该死的裤子？,7,7,0.994408369064331
忘记评价了 喜欢沙宣 我的发质用沙宣，可以去头屑，而且洗后香味持久，头发比较柔软。就是价格贵了些，过年期间看到优惠，就赶紧下单抢购啦,4,4,0.9644748568534851
1.没有鼠标和包 2.沉了点 3.操作系统是个败笔，安装起来真麻烦。。。我断续花了差不多20个小时才搞定，最后还有三个未知硬件，直接禁用了 4.随机盘的xp驱动不全，官网不提供下载。,8,8,0.9738949537277222
我这次买的裤子差的很，和上次的不样，退色都有点白了,7,7,0.9985195994377136
下午送货来，花了一晚上时间就读完了。然后这本书在办公室里疯狂传播，侯老师也被更多的人所喜欢。特别喜欢他说的那句话，越长大，发现越简单的东西可贵。那些童年的故事，有着小小的快乐和辛酸，但总体来说都是那么美好。特别喜欢他和妹妹之间的故事，让我看到了一个小小的男子汉和小讨厌之间的情谊。突然觉得有哥哥真好。总之，很感谢十月文艺把这本书介绍到内地。侯老师的文字很有趣，值得你细细品味。,0,0,0.9992309808731079
真的不错，屏幕清晰，看电视方便。,1,1,0.8888236284255981
很差差到不穿,7,7,0.9192844033241272
非常失望气愤的一次购物，进一步认清了国民企业华为的豺狼本色。 收到开箱，平板屏幕居然没有任何保护措施，光光的放在盒子里。使用体验极差，屏幕反应慢，自带的软件管家居然很多软件无法安装。屏幕色彩失真，分辨率低。眼睛极不舒服。 平板又厚又重，是砖厂出的平板吗。还有一个问题，TF_SD卡插进去又弹出来。感觉是旧货翻新再卖给客户。联系华为客服，居然说退货只退现金支付的部分，京卷和京豆不给退。 真是华为员工，学到了华为的精髓。 消费者养大了你们，你们再反噬消费者。 华为退出京东吧，别再害人了。,1,1,0.8984452486038208
和莫泰金华店比起来，这家差多了。但和黄山其他酒店比起来，价格还算便宜。携程的价格和门市价一样，而且不含早，没有一点优势。但如果加入莫泰会员，就比门市价便宜20元，还含早，所以我花了50元买了张会员卡。这家店现在热衷于做团队生意，对我们这些散客来说是不好的消息，因为稍大的房都改成标准间了，我要的大床双人房就在电梯旁，团队出发早，就显得非常吵，睡不好，而且房间非常小，小得令人惊叹，无法转身，第二天贴了钱换到标准间去了。餐厅也简陋得令人惊叹。入住这家要做好心理准备。,9,9,0.9901600480079651
果子看起来新鲜，太酸了。不喜欢。,3,3,0.9989198446273804
不能再差，跟外面买的苹果不是一个档次，个头太小，果的颜色参差不一，水分流失严重，这么做生鲜，很令人失望?,3,3,0.9994285702705383
"酒店环境不错,很安全,房间也很干净.不过不够豪华,最多评三星,价格偏贵.早餐品种太少.",9,9,0.9914781451225281
分量明显感觉少多了，建议还是去超市买比较好,4,3,0.6999052166938782
服务不错，位置也比较方便，坐地铁、去虹桥机场都很方便。设施有点旧，隔音不好。房间还比较干净。,9,9,0.9883708953857422
体检时查出我有轻度脂肪肝，按书里的说法，这是肝脏周围堆积了内脏脂肪引发的。平时工作忙，早餐几个包子就打发了，中午是工作餐，热量高又没什么营养，晚上常常陪客户吃饭。饮食既不健康又不规律，内脏脂肪就会积聚在体内，自然会有轻度脂肪肝了。书里介绍了内脏脂肪的自查方法，还有许多减去内脏脂肪的建议，很实用，我决定采纳适合自己的建议和方法。,0,0,0.9908310770988464
很不错，包装完好，服务态度也很好，果也很甜，下次还会合作。,3,3,0.9932973980903625
在我心里，刘墉老师就像自己的父亲一样，从他的点一盏心灯，到肯定自己，创造自己等，都给成长路上的我很深的启示，让我明白了很多的道理，O(∩_∩)O~，这一本书，是工作了以后，才发现，社会上的人良莠不齐，尤其是一个女同事，让我感到了用同样的心态去面对所有的人，是不明智的，自己可以不去害人，但是不能不防人，好好读读这本书，好好的想一想，以后会懂得更多的道理，喜欢~~~~~~,0,0,0.9989333748817444
很容易粘上指纹~~内存比较小~要是内存是2G的话估计~会有更多的朋友会喜欢的（2G内存跟1G差不了多少钱）,8,8,0.8079269528388977
下调四块钱一碗豆浆一根油条加一茶鸡蛋....降五毛钱的票我就没啥说的了 - -我脑海里显现不出有啥是五毛钱的现在....啊 不 还有 蒙牛小布丁还没涨价..身为国民我幸福我骄傲,6,6,0.9371557831764221
买一瓶蒙牛酸奶得跑3趟超市吗?~~~1、说热饮，没有。买了摩卡咖啡！没拿吸管。2、说酸奶也行，就那种玻璃瓶装的，没有的话买健能吧。结果买成蒙牛优益C，还理直气壮说买的这就不是酸奶吗!3、主动提出，再去一趟，结果又购入伊利红枣酸奶。想喝一蒙牛酸奶，怎么这难列,6,6,0.9720647931098938
通话经常掉线 信号不稳定,1,2,0.9203161597251892
刚回都有缺陷，用了一段时间声音都没了，无语,1,1,0.7474212646484375
分辨率不是很高，看图片模糊，拍的照片效果很差，自带的视频只要一换画面就像是打了格子，看不清楚。连接网络看电影时画质还过得去，不知道会不会影响小孩子的视力，希望可以换个配置高一点的.,1,1,0.45725205540657043
物流就是快啊。东西应该还行,1,1,0.25695669651031494
性价比很不错，到货也还可以，3天就到了。关于散热的问题，我觉得不想别人说的那么差，就触摸板这里有点热，其他地方都蛮好的。,8,8,0.6024483442306519
我不是很受别人影响的人，也不是此书最热的时候买的，，事实上我也不知道此书，在当当最近遇到之前，只因为看到它有这么多的评论，才买了它。读了的感受，后悔。没有什么实质的内容，个人的小感受罢了，并不典型，也不经典，而且，他的公司也不是前沿的公司，，，不知道别人怎么读的，评论的，，没买的，不买也罢，，当然，也不知道当当的推荐是怎么推荐的。,0,0,0.9961450099945068
平板还是可以的，就是京东这速度真心不想说了，从上海发的货三天没给我送到，不打电话催还没有想给我送的意思。京东已经不是原来的京东咯,1,1,0.6104779243469238
苹果又脆又甜，价钱贵点也直，物流很快!快递员服务好好，下次再光临!,3,3,0.9743665456771851
真的不怎么样，特别的小，而且不新鲜，跟之前买的几批完全不一样，有点失望,3,3,0.9417643547058105
房间内的家具确实够老了，而且被子有的地方没弄干净。但总体来说服务不错，前台小姐很热情，虽然出了点小问题。早餐还是比较丰富的，但显然是给外国人准备的。中餐元素太少。不过看老外的架势，我们以后一定要吃好早餐啊！宾馆反馈 2008年7月14日 ： 尊敬的宾客：您好！烟台中心大酒店非常感谢您对酒店提出的宝贵意见，并将完善好酒店每一个服务细节，期待您的再次光临！,9,9,0.9894365072250366
在京东买很多次东西，唯独这一次很令人失望。用之后头皮屑严重，很痒。,4,4,0.945838451385498
苹果差得很，根本不值那个价钱，大家千万不要在这家店买了，还是有点青的又酸，真的不好吃，有的还有一点烂了,3,3,0.9990038275718689
别人推荐的说是很好用，打算试试,4,1,0.43634241819381714
衣服有股酸味,7,7,0.45550933480262756
在京东自营周五晚上买的准备周六吃 结果周一到了,3,4,0.6110367178916931
以前用过挺好，这次看到这么划算就买了，东西很好很划算,4,4,0.8044990301132202
不错，大小合适，做工精细，物流也给力，十分满意，下次还会光顾！,7,7,0.5497790575027466
正品，一直喜欢这个品牌，包装精美。,7,4,0.6414408683776855
房间面积很大，服务尚可，总的来说还满意。,9,9,0.9580128788948059
非标差，特别小，感觉去了皮基本上快没有了，不值,3,7,0.544124960899353
衣服一般，物流很慢,7,7,0.8109844923019409
UT220蕴涵高科技灵性的钛金属质感外壳，细腻而稳重，仅70克的灵巧机身，放在任何一个口袋里都不会感觉到它的份量，方便用户轻松携带。UT220内置32首动听的来电铃声及音效，让每个来电都丰富多彩，备受关注。还是和弦的（虽然只有4和弦），但对于这样低廉的价格来说已经很不错了，话音清晰也是一大特点。可以自由创作乐曲，个性图标、绘文字，还有发短信是特别方便，简单容易操作~！就连我妈都会用。,2,2,0.9901122450828552
电脑性能不错，很实在。 5月5日晚上下的订单，5月6日下午在亚运村提到货，速度很快。,8,1,0.44124460220336914
"因为文化背景的差异,感觉这本书还是比较适合西方的小朋友!故事内容强调个性!比较自我!虽然我们可以比较理智的对待,但小朋友不太容易理解.",0,0,0.9997066855430603
人家最爱喝蒙牛酸酸乳了 找轮么？ 上面那个帅多了,6,6,0.9707804322242737
宝贝非常好，价格合理质量保证，我喜欢，给好评！,7,7,0.806014895439148
"辰光在邢台还算是不错的酒店,起码比邢台宾馆强了不少.虽说离4星标准还有不小的差距,但是对于邢台这个经济不发达地区就算不错的了.地理位置一般,距离火车站打车8元,交通还算方便,但是不够繁华.房间还算整洁,客房服务业比较及时.宾馆晚上10点到早6点设置免骚扰电话功能,很人性化.隔音比较好,有一个良好的睡觉环境.",9,9,0.9853530526161194
比超市便宜的多，次日到，直接送货上门，太方便了，对京东很满意,4,4,0.5334395170211792
还是习惯蒙牛的味道 光明即使是特浓的喝起来还是淡的跟什么一样。。。。。 我在#园丁小区二村# http:t.cn/zODXlH1,6,6,0.9551932215690613
基本没有用处 而且超乎想象的薄也许是那家小孩教的多？或许更适合3岁以下的孩子？我不懂,0,0,0.9900233149528503
忍不住说两句，这里的性价比的确很高，院内幽静、安全，走廊也十分安静，透着私密性，房间中配备吹风机、小闹钟、台历，还有免费咖啡、矿泉水以及擦鞋服务，感觉很贴心。我住的是古典大床间，但床不是很大，“古典”不知体现在何处，另外周边200米内似乎没有早点铺，或许因为春节期间全关门了。,9,9,0.9943456053733826
"非常差。我定了XXL的。厂家打电话一再建议XXXL的。结果果然大了，换货。自己出运费，要求换成是XXL的。结果收到后包装上写着XXL,里面衣服是XL.且口袋里面没有缝好。有图有真相。",7,7,0.7000364065170288
不建议购买，质量很一般，还有衣服很显大,7,7,0.9974669218063354
用了几天感觉还是不错的，就是大黑边有点尴尬～～鲁大师跑分说还行吧，性价比挺高的，用个两三年应该可以的哈哈,1,8,0.5692176818847656
物流非常快，苹果包装的也很整齐，果子不大，但是又甜又脆，还很有水分，挺好吃的。,3,3,0.9918783903121948
不错。多次购买了。 自营的快递速度真是没话说 杠杠的！沙沙随啦。老哥们。开车一定要记住直播哦?,3,6,0.33075106143951416
除了方便去机场外，其他都差评,9,9,0.789167046546936
宝贝已经收到，虽然迟到了三天，但我也能够理解，可能是因为618购物的人太多了，跟客服问客服根本就不理我，确实是让我有点生气，不过今天货到了我也不去计较了。在京东上面买东西，碰到这种事情还是第一次！快递员还是不错的，也很辛苦，不容易！,4,4,0.3585233688354492
现在这种书太多了，绝对没有介绍的好。,0,0,0.9936524629592896
质量差，不是正品,7,7,0.9396666288375854
不想多说,9,7,0.379564106464386
苹果不好实在太差下次斤东再也不买东西斤东让我失望退顶,3,3,0.9023010730743408
不卡 ，很好,1,1,0.8795250058174133
蒙牛纯牛奶。。的包装～～～～好漂亮。。。不知道味道有没有变。....刚刚搞到我以为是芦荟味道的。。,6,6,0.9392058253288269
"地板太滑，孩子洗澡出来摔了一跤，幸无大碍。宾馆反馈 2008年6月23日 ： 您好,再次看到您的点评很开心,感谢您再次选择国宾大酒店入住.酒店非常重视您提出的宝贵意见,酒店会针对卫生间地板滑的问题研究解决方案.希望下次入住时您能感受到我们的改进!我们期待您的再次光临!祝心情舒畅,工作顺利!",9,9,0.9867926836013794
中粮还是算了，尽产些蒙牛之流的产品，对人类未来不利啊,6,6,0.9715518355369568
惊奇的发现，原来我们学校给孩子们喝的都是蒙牛，罪过，罪过！,6,6,0.9979333877563477
在thinkpad这个品牌里面性价比还算高了，感觉发热量有点大，其他还好 启动时光驱声音较大 ，1G内存真是不够用 建议购买时直接加一根内存。,8,8,0.9976701140403748
不错，一直在用，很喜欢。全家用,4,1,0.45565155148506165
不好吃，不脆，    有几个有碰伤，    包装完好整齐，    物流快速,3,3,0.9746476411819458
裤子质量不错，尺码合适下次再来你店购买。,7,7,0.9969034790992737
好评，给老人家买的，要再便宜点就好了，哈哈,1,7,0.35695379972457886
很好，非常实用。快递很快的。,1,1,0.3573892116546631
一如既往 之前就是用的清扬，还可以啦，京东物流可以的,4,4,0.7419693470001221
价格贵，房间太烂了，空调不制暖吵死了，被子又薄又旧，房间小，永远不会再住这个酒店,9,9,0.9841929078102112
"散热不均,触摸板的右侧热量大,很明显.无线网卡太奇怪了,就是不行.",8,8,0.781658411026001
这款机子跟新蓝S5290一模一样，也就是说，是华硕代工做给新蓝电脑的 屏幕有点灰蒙蒙 其它问题不大,8,8,0.9480451941490173
相当差劲，waif没信号,9,1,0.4184587299823761
有两个烂的，有几个碰伤的，大小不一，达不到尺寸！,3,3,0.8657650351524353
一直用沙宣看这次有活动，就买了一个套盒囤着，很信任京东满意，赠送的试用装三个洗发两个护发旅游短期带着非常合适！,4,4,0.9814241528511047
塑料味重，机身较薄，用到现在有过一次蓝屏！不知道什么原因，观察中。,8,8,0.41301336884498596
"１外观时尚,２功能一般比k8i8要好的多,３屏幕亮度高，显示效果好,４信号好,５铃声动听",2,2,0.9849668145179749
周边环境较差，服务的速度慢，态度还可以，价格太高。,9,9,0.9715176224708557
还没有安装！使用后追加！,5,5,0.39234042167663574
定单上显示已经给我发了这本书，但在送书的时候发现并没有送来，请问怎么回事？我真的很想要这本书，为什么不送了,0,0,0.9414671659469604
产品我先不评价，刚刚收到，用一段时间在追评。不过快递小哥我给满分，本来昨天到的包裹今天到，有点不愉快。但现在没了，满满的感动，今天深圳大雨快递小哥雨中送来就不说了，我的地址是代收点，要掏费的，我在上班没接到电话。快递小哥给我掏了钱，我不知道他工资多少，但是这让我十分感动！钱不多但这样做的我第一次遇到，昨天我还催单，说了些不好的话，我现在收回并道歉！这快递给满分，绝对给力！,1,4,0.26297128200531006
京东的服务真的很差！很差！很差！客服人员真的很懈怠！再也不来这买东西了！恶心完了！,7,3,0.38540706038475037
"质量非常好，与京东描述的完全一致，非常满意,真的很喜欢，完全超出期望值，京东发货速度非常快，包装非常仔细、严实，京东快递服务态度很好，运送速度很快，很满意的一次购物",3,7,0.4480166733264923
"声音太小屏幕易磨 我的工作环境太吵,基本上就接不到电话,开着震动也不行,常耽误工作,我这机器是别人送的,让我自己买,我还是选诺基亚",2,2,0.9349892139434814
这是下单买的共5件套 整体感觉还可以 没有用过不知道效果怎么样，用过之后再评论吧！下面是到货实图 可以参考一下,4,4,0.8803805112838745
服务不好！态度太差！差差差！,7,9,0.4920007586479187
太坑了，买了东西以后价格就下*申请价格保护还不通过！后来和*较一下，也要贵一些！这次京东购物很不满意！！购买时说什么六一八活动，结果还被坑！,4,4,0.41869309544563293
挺好，货物已收到物流很给力，操作也挺方便,1,7,0.3379093408584595
如果要从京东买鲜果，请慎重考虑，就跟赌博一样，50%的几率让你很失望、很失望、很失望，重要的事情说3遍！,3,3,0.6194302439689636
灰色有这么重么？,7,7,0.8896491527557373
穿上还可以，就是有点透，尤其白色的。质量还可以,7,7,0.9969857335090637
儿子自己在京东上购买的，面料及款式都不错。,7,7,0.9387721419334412
书的质量还好，但是内容实在没意思。本以为会侧重心理方面的分析，但实际上是婚外恋内容。,0,0,0.9998735189437866
不是正品班尼路,7,7,0.47609832882881165
很糟糕。    只有最上面一层的苹果还行，下面的苹果又小，又有瑕疵。    瑕疵不在这里买了。    请其他顾客朋友也要警惕这种欺诈行为。,3,3,0.6946510672569275
昨天下的单今天就收到了，京东物流扛扛滴，买回来还没用，但是闻了闻味是正品，好评，信赖京东,4,4,0.8389176726341248
买了后次日降价20元，很难吃，不新鲜，剥开都看到中间白色的东西有点发黑了。,3,3,0.9896981120109558
个头真是够大，没有打蜡，个头真是够大，没有打蜡，个头真是够大，没有打蜡。甜甜的,3,3,0.8589611053466797
处理器配置不高，能再高点更完美；硬盘分区不合理，居然就一个区，还得自己下软件分区，麻烦；屏幕有点大，电脑有点重，女生携带吃力,8,8,0.858078122138977
确实不错，我用了一下真不错好用洗的很干净，真心好希望大家能够购买这个牌子的。值得信赖。,4,4,0.8148847818374634
本来想选0颗星，但是不行，最少一颗。618物流时间不能保证也就罢了。拿到打开以后有一个坏的非常厉害。我第一时间联系了客服，客服说找生鲜的客服，但是产品相应的售后链接就是显示他们是生鲜客服，总之各种推卸。我觉得一个坏苹果真不值得我花这么多时间。在京东遇到过售后问题的，你们懂的。,3,3,0.5583095550537109
垃圾，充电缓慢，待机哪来的500多小时，骗子,1,1,0.8225270509719849
外观么：我觉得挺好 3个USB的设计，还是挺合理的。一个右边，接鼠标。两个在左边，也挺方便。 操作系统的安装么：还行，不是特顺，不过一天也搞定了，感谢网友们，见总结。。。,8,8,0.9167229533195496
"原来去重庆出差一直住这个酒店,早餐虽然差点也就算了,但是最近一次,他们的行为让我实在不敢恭维.明明我没有消费的东西,硬说是我消费的,让我很不爽,以后不住了.",9,9,0.9947015643119812
"昨天刚从木棉花回来，比预期的还要好一些，总结如下：1 装修风格 简单＋现代，大小并不局促，洗浴小样比较Q,有浴室拖鞋和浴室电话这点比较赞，建议酒店参照一下香港的一些酒店，可以做成不同装修风格的满足不同客户的需求，比如绿色系列，米色系列， morden 但也绝不昂贵。2 酒店服务 下午1点半到，没有午饭吃，这点有所欠缺，客户人员很nice，虽然有些看上去还是新手，表扬门口为我们拦车的门童，天很热，人很勤快。另，它的商务中心可以借书借碟借玩具，底楼的bar没什么人，但还不错，下次去要打台球＝）3 酒店餐点 中等吧，早餐并不丰富，但是足已，午餐，我觉得是偏贵的，而且没啥点菜欲望。宾馆反馈 2008年6月14日 ： 非常感谢阁下对本酒店的支持及建议，目前酒店新增了一些东北菜式，希望下次您能有机会来我们酒店品尝。同时酒店四楼新增了视听、阅读休息廊，希望能在你工作之余带来心情的放松。另有关色系方面我们酒店靠近豪华房的走道窗户边想做些装饰或调整，目前只有五楼作了些改造，三楼、四楼、六楼、七楼目前正在思考中，欢迎您能多给我们提点建议，一经采纳，将会获得我们的提供的神秘礼物哦，我们的家园希望能与您共建！呵呵，再次感谢您的支持，期待您的下次光临。",9,9,0.9880130290985107
卫生间的毛巾不干净。全是黄色的点。浴缸一层脏东西，可是要洗澡一定要站在浴缸里。床单料子不咋地，很硬。床头两边一个插头没有。房间非常暗。 除了离机场近，还有接送班车时间到很晚，没有别的优点了，价格还贵 11月16日凌晨接晚班机的司机跟我们欠了他几百万一样，什么恶心嘴脸。老娘付了房钱的好吗 白天的司机倒是很好,9,9,0.9975322484970093
我很喜欢这本书原因有一下几点：我和喜欢《富爸爸穷爸爸》这本书，他教我认请真实的世界：而这本书又是中国版的很符合我国的国情，而且也教我怎样理财，所以我很喜欢。段老师的作品我一向很喜欢，因为我将到他的身边参加培训，所以我必须对他的书有所了解。我对理财方面的书想很感兴趣，只有理财的人生活才会自由。买了这本书我不后悔,0,0,0.9996371269226074
差评！差评！差评！刚收到货就发现屏幕的背光里面有个水点，找客服问还得让我自己去检测才能退换货。太麻烦懒得折腾了，对京东很无语！,1,1,0.7685926556587219
还没有吃，不知道味道如何，就是太小了点，在超市最多*,3,3,0.9927256107330322
它根本就不合适 差评,7,7,0.4425196647644043
求医不如求己1——3 都是好书，如坚持看，并坚持做。我想效果一定很好。我建议大家，都能买，通过当当买，其他的途径比较贵。,0,0,0.996582567691803
总体挺好，不过里边有个别是坏的,3,3,0.29338759183883667
清明前几天买的买回来 拆开盒子 手机表面套子感觉灰蒙蒙的，不知道以前拆过还是怎么的，手机表面有自带贴膜不知道你们有没有。电完全不够用 ，还不如荣耀6P。 有时候充电到百分之95感觉就充不进去，到充满最少要半个小时。因为前一个手机被我搞坏了，就将就着用了，感觉这次买了挺失望的，我估计也是第一次再京东评论。,1,1,0.8844513297080994
"我买了不到15天就出问题,大老远跑去做鉴定报告,想退吧销售商不同意,只同意换.现在只希望手机不要再出问题了...昨天我发现有个同事也买了这款手机,我刚说和我的一样,她就问:你的手机坏过吗顿时把我惊得合不上嘴...怎么回事啊,原来她的手机经常自动关机-这不新鲜-还经常自动开机,这就新鲜了.她去鉴定处人家还不给她开鉴定报告,说现在没坏呀.她到现在都没退换成.所以,朋友们,千万不能被手机的外表和牌子迷惑呀.以我和同事的亲身体会提醒大家千万别买此款手机了,以免上当.",2,2,0.9893674254417419
购买自营水果还是很满意的，水果运输过程丝毫没有坏损，快递小哥送货上门很满意！,3,3,0.9789232611656189
又贵又差，图形四不象又极难看，故事一般。,0,0,0.5871257781982422
垃圾到了极点、还带洞的,7,7,0.5736624002456665
一本蕴含广博严谨深沉的论语，在于丹的诠释下，变得唯美而华丽，灰色的教条变成了华丽的文学盛宴。,0,0,0.996439516544342
首先我来说一下前台，我电话三次确认，我说我做的机场大巴，然后在哪里等你们的车，前台果断告诉我你下车了在十二号等就可以，我等了半小时没车，又去确认，一个男生服务员告诉我在一楼坐，当时真的恨不得一巴掌上去，接着来到酒店，因为一些原因求助于前台，派了一个卫生大妈上来，态度很差，差点吵起来，接着说一下这个酒店是多么的脏，床单脏，太子脏，坐便器还有黄色尿渍，疯癫呢，三百块的酒店估计不如一百块的招待所，要不是因为其他机场酒店没订到，绝对不会住在这里，奉劝大家也别住这里，太差了，希望这段话主管可以看到，管理真的相当的差，应该引起重视,9,9,0.9912987351417542
SIM卡槽坏，请问是为什么？拿到机子后都打不开卡槽的。,1,1,0.4544573426246643
"位置一般,门口还在修路,沙尘滚滚,附近没有像样的食店,不建议入住",9,9,0.9929981231689453
你妹的，买了第二天做活动，也不会在面页提示下！纯坑人！,1,4,0.4220283329486847
性价比很好 ，双核，独立显卡，LED屏幕 3999的 价格 没得说 ，散热还可以，我运行半个小时的魔兽，稍微左手托，应该是硬盘位置有点热，但不烫。。平时用风扇半分钟转了下,8,8,0.9745566844940186
坑爹的蒙牛。。。早就不喝了， 蒙牛真是个非常没有良知的企业，不会再买蒙牛任何东西！国产奶要少喝啊！,6,6,0.9974721074104309
迫不及待打开了，很满意，送了很多东西，开机之后升级，速度很快，基本日常都能完美，游戏也不卡。音质特别棒，我就是当看视频的买的。满意,1,1,0.8634377121925354
降价太快，昨天和今天差异*多元，真心感觉被欺骗！,1,4,0.4784823954105377
有一点点小卡。快递还可以。就是。东京的事，快递包装，包的太差劲了，很容易受损。就拿一个就拿个盒子来条胶带轻轻松松可以调包万一给别人调换了怎么办？盒子放的这么毛糙？我发货的时候就提醒他那个外包装弄好弄。哎呀，还是管理不妥当？,1,4,0.2966358959674835
之前看携程上的评价对这个酒店没什么好感，觉得早餐可能也很烂。也有可能因为期望值本来就比较低的缘故所以实际住下之后觉得还是不错的。房间比较大，窗外面对的是摩天轮和体育馆，晚上的view很好。早餐也比想象的丰富，虽然西餐类的不多，烤面包机也不好用。服务生还是比较主动的，出门后也会主动询问是否需要帮忙叫出租车。（长沙的出租车良莠不齐需要小心）不过还是出现了不太和谐的部分，我的一个客户(欧洲人）也下榻在这个酒店，之前她欧洲的同事替她在酒店预订了接机的服务。可是在接好机之后酒店安排的接机人员问她收了600元。我的客户不懂中文而酒店方面无人可以和她交流（酒店懂英文的人似乎很少），所以她只能付了600元。虽然之后和酒店方面协商退还了部分车费，酒店方面的态度也很好，但是对于之前酒店员工乱宰外国人还是很遗憾。,9,9,0.9935557246208191
不错，正品，物流是相当快，比起之前几年的6.18强很多。希望能帮上你！,1,4,0.327879399061203
就是乘机方便。卫生，服务很不好。,9,9,0.9643694162368774
服务太次了一说退货都不搭理什么呀,7,7,0.5110320448875427
vista系统用不惯，慢。。。。。。。。。加了1G还是慢，那个指纹多。。。。。。。。,8,8,0.5911343693733215
太差了，质量！！！！,7,7,0.8295713663101196
很不错，买来送朋友的，华为的品牌，质量好，性价比还高,1,1,0.9008448719978333
好好好好好好，苹果好吃，口感好，足斤足两，新鲜快运，冷运好保鲜。,3,3,0.9986799359321594
没有比一星更少的的星了，不然肯定填更少。    发错颜色暂且不说，用料也是很渣。后来退货写错单号了，客服态度挺好的答应帮我留意是否有我的名字寄的单，不过今天看了下我的退货申请被取消了，不知道是否有收到我的单。不过谁让我也出错了呢?。待会儿还完白条，从此不在京东买衣服,7,7,0.7649610042572021
一个不错的酒店，如果不抽烟的话就住4层的无烟客房，适合一家人度假住，我在那里住了4个晚上，当然海滩和酒店园林就不如亚龙湾的天域度假酒店的漂亮，三亚湾吊床都没有的，天域就有，三亚湾假日好像俄国人比较多，,9,9,0.988400936126709
第一次在京东上买洗护用品 感觉不会再信任了 分明就是假货啊 一点味道都没有 之前还剩了一点点的以前的洗发露 一对比差太多 真的枉费我对你信任 第一次差评送给 京东,4,4,0.9880317449569702
5月1日小假，在湖州国际大酒店入住，感觉不错，性价比还是蛮高的，特别是处在湖州最热闹的购物区，可以领略小城市五一假期市民的过节方式，也可以静心挑选湖州的特产丝绸和毛笔，因为专卖店就在酒店隔壁。常常区游玩青山绿水，这次来了个纯购物，别有情趣。酒店的服务也不错。下次有需要还会入住。,9,9,0.9389839172363281
京东水果超给力，一直在回购，赞?一个,3,3,0.9479389786720276
地理位置实在是好。我住的是单人大床房，进屋一看竟然跟套房一样，不过一个小屋有桌子和电视，另一个小屋只能放下一张床和电视，实在小得可怜。因为工作所以没有在酒店吃早餐，但是对面的郝刚刚羊杂割的确让人印象深刻，唯一的遗憾就是只有中午开门，晚上不营业……我想在酒店的商务中心买飞机票，竟然被告知不能刷卡，只能现金结帐，因此没买成，不爽！,9,9,0.9852415919303894
本以为三星级的宾馆还过得去，订了四个单间，总台服务员见我们是外地的，给我们的单间最小的竟然只有6个平方米，另一间霉味特重，条件显然不符合三星级单间标准，我们要求退房，不行。住6平方的是个驾驶员，不敢说，以为我给他安排的就是这么大。后来得知与总台交涉，才勉强给我们换了两个房间。我们同行的一致认为，这家酒店太差劲了。评价：服务态度差、房间差、没停车场……反正一切都糟糕透顶，第二天立马换地方。本会员评价绝无假话，建议不要选此家酒店。,9,9,0.9875839352607727
经常死机，买了不到一年现在就不能用了，因为完全的环了。都不能开机了！气愤阿！,2,2,0.515438973903656
手机带壳的时候发现有一个1mm小裂缝，可能是我扣坏的，不过不影响，用起来比苹果装逼，回头率也比较高！,1,1,0.6173521280288696
做工不错，性能比想象中的要好，刚刚用，正在研究三星自带软件的功能。,8,1,0.4691242575645447
柠檬不新鲜，竟然有一个带这么多麻点，不敢吃了。火龙果买了一组三个，本应该大小差不多，缺收到大中小三个号，大小差距明显！！,3,3,0.9980548620223999
"一样的舒适简洁,推荐商务大床房,大挺多的.性价比高",9,9,0.9873389005661011
不是很理想！款式有点不一样颜色也有区别,7,7,0.8881710171699524
很不错，比买的那个小米的强太多了。特别是音质，很棒。软件方面也不错。国产的骄傲,1,1,0.5120846033096313
拍的时候没仔细看 原以为一瓶护发素一瓶洗发水 结果两瓶洗发水 另外还有两小瓶赠品及迷你吹风机……,4,4,0.7859467267990112
一点点大，什么东东，好差的苹果，这有庆子哪么大,3,3,0.9763692021369934
垃圾中的垃圾，简直就是渣渣。无语了，就当花钱买教训了。但是不会再上当了！一颗星都不想给，纯属浪费。,7,3,0.3442171514034271
"我拥有这本书后,受益匪浅,于是我又为父母购买了此书,现在他们已经是如获至宝一样,自己动手照书制作了固圆膏,还坚持服用当归粉,用了一段时间后,都觉得精力充沛了,睡眠也好了,真是不错,看着父母身体好多了,我这做晚辈的也非常高兴.",0,0,0.9989264607429504
非常好，非常好，非常好，非常好，非常好，京东快递非常快，服务好,3,3,0.3260028064250946
"我在11月7日和11月9日各下了一个单, 11月9日下的单在11月20日收到了,可是11月7日下的单到今天还没收到,不知道是什么回事",0,0,0.7950600385665894
就一个裸机和充电器，其它的小件东西没有,1,1,0.658907949924469
酸的，和一次买的，绝对不是自家的！,3,3,0.7995783686637878
"信号不好,只要偏一点的地方,比如室内,就信号接收不好",2,2,0.8627370595932007
闹心，昨天买的今天就降价了,1,4,0.44324377179145813
房间小，很旧。晚上12点下到大堂去续房，居然看见一只大老鼠穿堂而过,9,9,0.989800751209259
朋友对该酒店的评价比较满意，就是交通非常拥堵。每次进出都要花费很长的时间。,9,9,0.9918632507324219
当当网的服务非常差，连同它们的客服也是敷衍了事，简直就是一种无人管理的地步，在他家买东西，出了事就别想解决，这种公司，离关门不远啦！虽然是个黄金VIP买家，以后也再也不会来了！,0,0,0.38219839334487915
相素太低，速度也很慢,1,2,0.7607955932617188
很新鲜，很好吃，不错，而且包装很好！,3,3,0.9936244487762451
不想爆出口！！这幺小一个你来搞笑的吗？这样欺骗消费者谁会买你第二次？,3,3,0.38939735293388367
我试一下自己买来整套的《鸾》，本没有想到其内容得精彩只是看到价格能接受又是以整套书就买下了。我是一个清史迷虽有时爱看看有关的书，但更多的是被这部书的内容所感动。女人傻痴情的女人更傻，傻得没有自我眼中没有了一切，去追寻那种爱。书中男主与女主的爱荡气回肠，男主的执著更是我看到了现代都市爱情的缺陷。此书值得一看此书值得收藏，美的东西人人都要去感受一下。,0,0,0.9993340373039246
感觉样子还可以，就是机身有点厚拿在手上有点重.前端的面板设计的挺漂亮的，是铝合金的很有质感，只是红色的LOGO是个败笔，内屏看起来有点小，但是颜色做的不错,2,8,0.8214764595031738
这价钱买到这种配置的笔记本，没什么可挑的了，送的东西又多，机器也好，配置合理。此外，摄像头很清晰。,8,8,0.8155803680419922
环境还不错，服务也挺热情，但隔音确实不好，早上居然被隔壁的讲话声吵醒了宾馆反馈 2008年5月9日 ： 尊敬的宾客：您好！感谢您对我店的认可并提出宝贵意见！我店现已有计划对客房区域进行改造，届时多数客房的隔音问题将得到较大的改善。另我店一楼怡景咖啡厅自五月一日起推出东南亚美食节活动，诚挚地欢迎您来店品尝和感受！,9,9,0.9526172280311584
没有上次买的脆了还有什么烂的都不新鲜了,3,3,0.9968621730804443
裤子收到了质量不错，挺舒服的，物流也挺快的,7,7,0.9795966148376465
超差！！！建议所有人不要来住！大门开在胡同里，找不着。每天早上你会被服务员聊天吵醒，都不用闹钟的！该提供的服务长话网络你在前台不声明，是全都不能用的，投诉无用，态度够你喝一壶的。哈尔滨的形象就这样破坏的。,9,9,0.9948294758796692
好差，洗了头皮长豆包，好难受，太假了,4,4,0.762063205242157
衣服和想象中的一样，非常满意，破洞的牛仔裤很喜欢，穿着也舒服。物流挺给力的，客服也很好。赞?,7,7,0.8335443735122681
个头挺大个的，但是一点味道都没有，进口的都这个样子吗？,3,3,0.9042841196060181
由于要给两个小孩子每天吃苹果，京东上面的苹果牌子我一个个试过来，目前发现最好的是这个项目的，个大，品相非常好，可以看出很红很饱满，没有一个坏的（之前潘苹果的十二个中有十二个是有坏点，我也是醉了），这次买回去吃了，再买两盒，如果品质稳定的话估计以后都是选这个了。做父母的，真心不容易。,3,3,0.9213259220123291
最近拐来的小物件，爱这淡淡的蓝，安静不张扬。盛传的一款进口牛奶，口味自然是不错的，但个人感觉蒙牛新出的香蕉牛奶也不赖（就是价格还不够平民），女孩子很少能抵挡这两种口味的混合。,6,6,0.813787043094635
包装完好，日期也新，京东速递又快又好，很满意。以后还会买！,4,4,0.5025090575218201
苹果大部分还是不熟的，不甜不酸，后悔买多了，不会再买了。,3,3,0.9995229244232178
假货假货假货，一直很相信京东，这次好失望啊，外包装明显和之前买过的不一样，味道也不一样，主要是使用后一点效果都没有，好失望。。。,4,4,0.9194687008857727
全是烂的没一个好的，以后还怎么在您这买生鲜的东西，把关太差了吧。,3,3,0.8942831754684448
朋友说京东水果新鲜，我就买了，真的很失望，不新鲜，下次不会再买了,3,3,0.9957994818687439
差评～假货～京东买东西这么多年，第一次觉得京东自营也是个坑，建议慎买～～～原本以为活动套装123套很便宜，就买一套，结果挤出来的洗发露稀稀，也没有超市买的香味持久～～,4,4,0.9922961592674255
不好，这种洗发水会出油,4,4,0.9559335112571716
机器很好，正品速度快 包装精美 会一直来京东采购,1,3,0.33796676993370056
很新鲜，很甜，口感很棒！很开心的一次购物！,3,3,0.9500330090522766
这个是搭配买够129可以送礼物就多买了一个，以后可以不这样搭配买吗？很伤钱包的！老板太能营销啦！,4,7,0.259171724319458
第二个了，左下角这么大个缝，我说质量问题，客服说不是质量问题，说换的话还很有可能有缝隙，欺负我这样嫌麻烦的人。很不爽，怎么也没想到第一次差评给了华为,1,1,0.7638365030288696
这款衣服偏大，郑重提醒，哈哈，我聪明，因为人瘦，仔细看了点评，都说偏大，就买1件L码的，买1件M码的，M码的刚刚好，L码的稍微大点，我178CM高，120不到。码的可以当做睡衣在家穿，宽松凉快。,7,7,0.998002827167511
活动时买的，便宜了20，挺划算的~,4,4,0.7406234741210938
客人反映不错.主要是靠近金融街和西单.商务谈判和购物都比较方便.,9,9,0.9808270931243896
京东与商家都坏了良心，买的都扔了，不能吃。坑钱，以次充好，也是无语了... ...,3,3,0.4281567335128784
一般般而且宣传有虚假信息，不建议购买。,1,4,0.4638948142528534
虽然不大，味道不错，水分也挺多的。,3,3,0.9721261858940125
房间有异味,9,9,0.9786466956138611
在京东上买这么多次东西，头一回遇见包装撒的这么严重的，满箱子都是黏黏的洗发液的味道，没损失什么而且没有时间再等着换新的，所以就先将就收下用了，但是这么大包装的东西包的这么不严谨还能给漏了总得有个说法吧,4,4,0.871730625629425
拿到这套书，我一眼就喜欢上了，做工很精致，封皮很精美，图画很逼真，很有真实感。可是我觉得我家宝宝23个月看这套书有点早，这套书的内容文字说明过长，小宝宝没那么多的耐性听完整个故事，即使听完了，我个人认为他也不会理解太多，而且书里的图画颜色不是很丰富，小动物的动作表情少，不能吸引小宝宝，如果再大一些的宝宝应该会喜欢这套书，我准备留着等我宝贝大一些再给他看,0,0,0.9997175335884094
太小了 妈的 怎么报码的,7,1,0.5139306783676147
实惠，好用，当小平板用不错，不过塞进口袋挺难的，最好带手袋装,1,1,0.5726140737533569
不错的，是正品，纯棉，大小号刚好，奥利给,7,7,0.9818628430366516
苹果不大，但很新鲜，味道挺好的，脆甜！,3,3,0.9998747110366821
很漂亮，+1元加了个内存，改了XP，到目前为止用的还是很上手的，速度也蛮快的,8,8,0.8810592889785767
本子外观不错，可惜显示稍差，真心这个价位这样的显示效果，我只能说，太差,1,8,0.5702134966850281
京东的发货速度那是没话说，苹果有一个果不新鲜，其它都挺好，希望品质再好一点…,3,3,0.9267832636833191
经常用这个牌子的洗发水，效果很好，在京东买的和超市一样，还更便宜。支持京东！,4,4,0.9806817173957825
还没用，包装不好都漏了。。。,4,4,0.5682892799377441
蒙牛的跟这香蕉牛奶挺像、就是比它淡点@apple腾儿,6,6,0.9975379705429077
迷你小苹果，收到货已经是下班时间，本来是和冷冻的榴莲肉一起下单，结果还是苹果和橙子先到。过一小时再送冷冻品。冷冻生鲜在没有冷藏条件的周转站要存放一晚，30多度的高温，不知道京东怎么安排物流,3,3,0.7188628911972046
虽然装修不够细腻、淋浴水温不稳，但作为公寓型酒店应该来说还是不错的。,9,9,0.9929948449134827
前台接待服务态度不好，订单上写明三早，来接机儿子没有带证件，不给早餐券！第一次遇到。下次不会入住了,9,9,0.994619607925415
"宾馆到山水园景区很方便,马路斜对面就是.环境很好,服务也很到位.我们订的二间房,六楼的一间,空调就比二楼一间的要好.唯一需要改进的是淋浴设施,不小心的话,水很容易溅到玻璃门外,弄湿地砖.非周末的话,在宾馆晚上八点就吃不到晚餐了.",9,9,0.9920026063919067
送货员态度非常好，京东，能给送货小哥加个鸡腿吗？谢了,3,3,0.7470716834068298
不错不错，京东自营快递给力呀，昨天拍的，今天就收到了！！拿到手先充电，顺路升级下最新的升级包。显示效果很好呀，细腻的很，黑边稍微大点儿，不过给孩子买来做作业用，这都不是问题呀。麒麟的U好，国货精品，省电呀，还不那么热！性价比一流的说。要的wifi版的，内存小点儿可以加卡么，关键是性价比呀，一流！！,1,8,0.5351154804229736
信赖京东自营，售后服务快，产品保证原装正品，送货小哥速度快，态度好。,1,4,0.3720909655094147
"我一进店就看到很多酒店工作人员在大太阳，下面帮那些医疗救护队搬东西。酒店住很多那些来救援的人看样子是各省的医疗队，酒店把大厅都给他们装了东西，看的出来酒店还是多支持他们的。我是第2次来四川成都，让我这个外地人很感动。宾馆反馈 2008年6月1日 ： 尊敬的宾客: 您好!感谢您对成都新良大酒店的支持和厚爱!5.12发生以来,酒店接待了来自全国各地的医疗救援队,这是酒店应该做的,也是必须做的,一方有难,八方支持!让我们一起为灾区的人民奉献爱心!",9,9,0.9650075435638428
酒店就在西门长途汽车站对面，因此如果坐长途汽车过去，到西门站下，马路对面就是。大门实际在环城西路，不过指示牌很明显，因此在人民中路也可以看到。豪华标准房，房间挺大，我们住的1813，窗外有个公园。浴室很大，有分开的浴缸和淋浴房。隔音效果一般，空调有点闷热。早餐可以选的不多。人民中路上有一段步行街，基本都是连锁品牌，没有什么特别。有一家比较大的购物商场，楼上有个baby face酒吧，混合disco和night club于一体，喜力100元4瓶，有DJ，9点半后有女孩跳舞（还有一个跳钢管舞）不过非常业余，跳一首曲子就下去了。听说有几个公园去散步还不错。,9,9,0.984555184841156
黑商家售后就不给开纸质发票,1,4,0.5205134153366089
差评，价格和超市一样。但赠品明明写了100Ml实际给了50ML.    这么简单的事情都做错，说明京东的服务是怎么样的，可想而知。    信誉第一，客户第一的原则就这样忽悠了。,4,1,0.41962558031082153
我买175的，却给我发185的，厉害了，而且掉色也严重,7,7,0.8020008206367493
经常卡死，分辨率太低，看视频都卡，质量怎么样不用我说了,1,1,0.8541812896728516
蒙牛也出香蕉牛奶了，味道不错，没韩国的那么甜,6,6,0.9880101084709167
在长沙各大书店跑了个遍，还是没有能买到这本词典（是在上研时我的导师力荐的，但一直没有去买），幸好有当当网，这么快就让我拥有了她，抱在手里很有感觉，比对了以前买的一些英汉词典，发现确实不一般，词条要丰富很多，而且注解也很详尽，唯有要说的是，要是条目能用彩色标注，不全是黑糊糊的，眼睛会好受很多，毕竟字体太小，加点色彩会要柔和一些的：）,0,0,0.9934586882591248
恶心，一股子酸死，颜色还不符，大家顶上去，让所有人看到,7,3,0.668944776058197
不好，再也不在网上买水果了，之前京东买东西还可以，这次买的那水果太涩，不好吃,3,3,0.9677221775054932
在上海市中心的位置，因此比较牛气。不过在周围几个酒店里性价比算高的了，大床房难订到。,9,9,0.995430588722229
酒店太差了，不会再住第二次,9,9,0.946251630783081
晚上9点多到， 结果前台说携程没有定，向我推荐了另一房间，由于外面下大雨，手机被雨水淋坏了，只好入住了。第二天携程电话确认，说确实给我定了，可能前台他们搞错了，或者是新来的。虽然有点不愉快，但是他们态度还是不错的。,9,9,0.9744643568992615
在这里买那么多次的水果这次是最差的，发错了还狡辩，上面写的24个，给我发的20个，还说我没备注！之前不要运费，突然涨了15的运费，这不是坐地起价吗？,3,3,0.5842622518539429
"我住的是豪华套房,折后价是2990,但是入住后发现性价比极低,套房是在前面一幢楼,最高是9楼,完全看到不前面人民广场的风景,而且房间比较小,是我住过的五星级套房中最小的,以后绝对不会再选择这个酒店了.",9,9,0.9859301447868347
"我只想说, 以后我睡马路也不会住这里了. 一进房间一股臭味. 但飞机晚上12点才到北京,赶到酒店快1点了,也实在没办法,只好住下. 由于我还没吃晚饭,问前台说是有24小时送餐, 可是那个送餐电话是永远打不通的.另外,房间竟然没有宽带, 告诉我如果要上网明早去商务中心. 我晕啊.....都啥年代了啊.反正住进这个酒店就好像回到了80年代, 一切都烂, 位置还差,胡同里面车子不给进,我拖着大包小包自己走进去的!关键还脏!!!真是不知道携程为何要推荐这家酒店给我",9,9,0.9868578910827637
１、130万像素的摄像头拍摄出的图片比较清晰，用来做PC桌面应该蛮挡的。２、支持存储卡，可以任意扩展存储空间。３、ＭＰ３　ＭＰ４播放效果尚可，可满足在此价位购机者的需求。,2,2,0.8863256573677063
感觉屏幕比别人14寸的电脑小；运行时能听到硬盘还是cpu风扇啥的声音，不太爽；显卡好像是不咋地，不过我怎么连那个新版热带鱼屏保都运行不了？？？没这么水吧？,8,8,0.6189441084861755
我来帮你一把 好牛逼 垃圾蒙牛！！！！,6,6,0.7905489802360535
硬盘只有一个C区，为什么呢，而且在下载更新时，竟然说联想在改变软件更新的方式，不能更新，不明白。,8,8,0.9740872979164124
替人买的，结果充气包不够多，收货时壶口管子已经断了。但是京东售后立马补偿了500京豆。,4,4,0.32491204142570496
"觉得还好,很不错的电脑,20号配货给我,然而20号那天降价为何没帮我保值?21号又返现500,我真晕了.",8,8,0.8566827774047852
买的时候没有写着赠送风筒，结果到了的时候就有写～,4,4,0.5120886564254761
盒子有点变形了机子没坏?但是机子很不错就是华为有点太扣逼了啥都不送???好失望啊只能给四个星！！,1,1,0.8915003538131714
送货很快，第二天到贸。服务态度给百分。,4,5,0.29149797558784485
还不错！挺便宜。京东配送，速度就是快！,1,4,0.35198572278022766
很好，这次很满意华为的产品。感觉要比手机的质量好。玩王者荣耀无压力。保送王者。。,1,1,0.9319080114364624
打开包装结果是这样，给我了我一种不好的感觉,4,4,0.6837301850318909
为什么10斤只有12个，说好的20-24个呢？欺骗消费者！,3,3,0.878218948841095
LINUX的系统，装XP不好装，外接电视有死机现象，可能是我不会弄。另外配置有很多种，安装系统的时候不知道选哪种驱动……,8,8,0.991330623626709
很不错 很好用 一直用这一款 喜欢极了 感觉京东最方便 不停的在京东囤货当中 一瓶可以用半年 简直太好了 方便又便宜 最喜欢京东送货迅速 比别的渠道都放心可靠 这样我才能安心的买这些产品 真是信赖京东 多做活动吧,4,4,0.9489398002624512
质量还可以，就*的货，太薄了。,7,7,0.8049513101577759
打开包装发现有划痕，再用了一天发现系统很卡而且一些软件装上无法使用，又不给退换。严重怀疑是翻新机!!,1,1,0.6894580125808716
一口气看完，感觉sales的生活是如此的跌宕起伏，一张order可以让你平步青云，升到一个很高的位置，也可以让你一下子跌入谷底，以前所作的努力都付诸东流。这其中除了销售技巧和人脉外，还包含着很多运气的成分。好好把握机会。不仅适合做sales的人阅读，对其他的工作职位的人也受益匪浅，尤其对于刚刚步入职场的学生，或许可以对职场有个感性的认识。,0,0,0.9996750354766846
6.18买到现在才收到货！催一次！快递走一下！,4,4,0.35306069254875183
这本书最大的优点是所有的儿歌都很顺口，不是很长，一般读一两遍都可以背下来了，毕竟给宝宝念儿歌，一边念还要一边拿着书很不现实嘛；还有就是这些儿歌都有一定的教育意义，听得多了对宝宝的行为习惯还是有一定好处的。而这本书的缺点就是纸质不怎么好，被我宝宝（半岁）抓在手里一下就撕烂了，唉。,0,0,0.9990798234939575
洗发水都漏了！漏的量挺多的，要求赔偿！,4,4,0.8898096084594727
蒙牛终于认清自己比切糕更恶劣的事实了，切糕要钱蒙牛要命,6,6,0.9702045917510986
物流快 包装完好 生产日期也是最近的 还没使用 感觉还不错,4,4,0.6632246971130371
预安装的linux不爽！ 没有驱动光盘！ 不爽！ 厚了点，沉了点！,8,8,0.8772344589233398
第二次购买，苹果大小合适，不酸蛮甜，京东老客户了，这款苹果值得购买推荐！,3,3,0.9879283308982849
经常买的，这个苹果真好吃，这次送来的大小不一样,3,3,0.9972565770149231
苹果好小，还没吃，看上去口感不错，吃了再来评论！,3,3,0.9988251328468323
软件使用感受实在差....,1,1,0.4692336320877075
我会收到了，很满意，嗯，用着还挺好的，速度也挺快的，装了一些自己喜欢的软件，删除了一些，嗯，感觉挺好玩了这个，现在现在一直我们已经买了，这是第二个华为的电话，支持国产,1,1,0.7500747442245483
这是我头一次在京东打一星，火龙果小，别说1.1公斤，一斤恐怕都没有，就三个小果，味道一般。买了三次丑柑，这次是最差的，特别酸，不像前面的甜中带酸，三个丢了两个,3,3,0.9997356534004211
垃圾中的垃圾，快递超慢，裤子超不好,7,7,0.9491840600967407
真垃圾，中国还有这样的洗头膏，这是瞎眼了，第一天晚上洗完，第二天早上头皮屑都一头了，真是的，别买!,4,4,0.9646447896957397
这个饭店真的很一般，感觉不太好。服务人员态度也不是很好，房间的水龙头出来的水开始相当长时间也是黄黄的。下次不会再去了,9,9,0.9849036931991577
主楼房间不错，副楼就差了很多，早餐很好，推荐入住,9,9,0.9927114248275757
多媒体功能还是比较强的，只是这些功能一用感觉超费电啊，一块电池如果听MP3，又电话，又短信，不到2天就要充电了，总充电会不会对电池寿命有影响？希望电池能用长时间一点,2,2,0.3575059771537781
声音不错，当个小容量的MP3听歌很好。,2,2,0.46848180890083313
总体来说还可以，对的起这个价格，毕竟才一千多一点，我选择华为是因为华为公司是我们的民族企业，纯粹的中国民族企业，挣得钱不会给外国股东分走，我支持华为，加油，华为！,1,1,0.5526402592658997
老公喜欢这个牌子 一直都在用 京东快递太给力 喜欢在京东购买 两大瓶加两小瓶很实用 大瓶在家用 小瓶出去旅行用 给赞 多些活动,4,4,0.949852705001831
无法用语言形容我内心的愤怒?,7,0,0.5654768943786621
还不错，才漏一点儿，包装很环保很省材料。,4,5,0.38800540566444397
苹果很小，并且有坏的，不值*斤。,3,3,0.994005024433136
"相当不错了，主要先拿来看pdf的,推荐大家买啊！",1,0,0.4259374141693115
京东冷鲜可真鲜，用发毛的产品呼弄消费者,3,4,0.5216414928436279
披着文革外皮的《第一次亲密接触》……,0,0,0.6495102643966675
做工扎实，面料厚实，防风防水，值得推荐,7,7,0.9769506454467773
基本断定假货，洗完头发像是用澡堂里的洗发水洗的，用过资生堂正品的比较一下很明显,4,4,0.9963573813438416
"因为公司的报销制度严格,所以我在酒店结帐的时候让前台在打印出来的明细单上加盖酒店的章(大家说这个要求过分吗),但是前台小姐以各种理由拒不盖章,试问如果出差回去不能报销费用的话,这样的酒店谁还敢住?如果不是急着赶飞机的话,一定要找酒店要个说法!建议报销制度严格的朋友不要考虑这个酒店了.",9,9,0.9932153224945068
都快坏了也拿出来卖，还不好吃，以后再也不在这上面买了,3,3,0.9646531939506531
小怪兽为了满足自己的口腹之欲，吃掉了所有的黑暗，这让所有的动物所有的人都变得混乱，而小怪物并没有因此得到满足，却变得更孤寂。直到他付出了爱，虽然又变小，但是，包括他在内的所有人和动物都变得满足安详。几米的画很美，故事的内容更蕴含深意。儿子三岁，刚刚接触已经很喜欢这本书，而且对黑暗的恐惧减弱了，相信这本书，到他成人了来看，还能给他更多的感触。,0,0,0.9996969699859619
因为有批露，他们都是些冒牌的医学家，让我感到很失望，本来想好好学点什么可以自己用，没有想到买完了却发现是假的，也不想退了，但想想还是希望那么无良的作者或是出版社少干点这些缺德事,0,0,0.9984618425369263
总的来说都不错，我住了很久．ＰＳ：总台有个男接待员态度不是很好．．宾馆反馈 2008年8月4日 ： 尊敬的宾客您好！非常感谢您对酒店的意见和支持，我们会加强培训，努力为每一位客人营造一个家外之家，期待您的再次光临！,9,9,0.9841704368591309
包装就放一纸箱子里，也不垫垫，毕竟小两千的东西呢，刚买来看视频就卡顿，动不动就出现剧情，这是正品吗？京东上体验最差的一次,1,1,0.8337408900260925
谁让人家有中粮这样的干爹呢 蒙牛为什么就这么牛？@安琪儿813：蒙牛屡次出问题，不见监管部门处罚，不见蒙牛道歉。广告满天飞。蒙牛为什么就这么牛？,6,6,0.9974002838134766
味道不好，不知道是不是真的,4,3,0.6787205338478088
刚刚托朋友搞了一台8390，是国内SED贴牌的，但配置和台湾和港版的有所不同，两电两冲，双头耳机，最为关键的是完全支持简体中文。屏幕的显示质量，可以用无懈可击来表达，无论是色彩还是清晰度均无可挑剔，其次是手机的整体做工，决不输给韩日机器，在接缝等细节部分处理得都不错，MIO越来越有大家风范了，最后需要说的是价格，目前港版的价格约在3000左右，行货也只要3700（我拿的是3700，据说市场上要4000多），如果按3700在这个价格说，应该是物超所值了，总比一些所谓的摄像手机、商务手机要好的多，何况它是一部可以可以RIY的MS Smartphone啊！,2,2,0.8981665372848511
由于在南京住的银河索菲特感觉不错，所以这次来成都退了喜来登到万达索菲特，接机的师傅和行李员都非常的不错，但接下来发生的事情让我觉得非常气愤，问前台要了两张房卡，一张是开不了门的，然后去大堂换了张并出去吃东西，可回来发现在前台换得房卡还是开不了门，在走廊里等了十分钟才由行李员拿了张新的房卡，进房间发现夜床没有开，然后打电话给房屋中心来开也床，最可气的是我的房间尽能听见电梯机器的声音，吵得睡不着，最后打电话给大副换房间，半夜三点钟拿着大包小包在换房间，这是由此以来第一次发生在五星级酒店的事情！！！,9,9,0.9888275861740112
水果都烂了 让人家怎么吃 这不像是京东吧 客服没有理睬,3,1,0.4244104027748108
这次居住是最差的一次，酒店前台服务差，态度不好。通过携程订的房，楼层低靠马路跟高架，让更换或贴差价换房说没有，前台告知说携程订的房都是这种靠马路的，问题是携程订时并没有注明说房间是靠马路呀，以前一直在携程订的，这真的是最差的一次。以后考虑更换网站订房了。,9,9,0.9940295219421387
618之前买的，说是保价，享受便宜价，结果618还是降价了。不过总的来说超值吧。两个750，两个100。以前经常用活力运动型，，现在换个樱花型用用，毕竟C罗也用清扬。不过到货的时候有点泄漏啊。,4,4,0.5236040949821472
有点重，有点厚；屏幕外框宽了点，要是窄点就好了；触摸板手感不行。LINUX系统用起来非常不习惯。,8,8,0.5153539180755615
用了一段时间了 感觉还不错,1,1,0.5106009840965271
房间里的确有味道，电梯里也有，给人第一印象不是很好；服务员的服务态度不太好，面无表情的；没有宾至如归的感觉；200元的标准间，不是很大，但是还可以将就；遥控器不好用，给前台打电话催了好几次，才来人看看，说是接触不好，也没有多余的可以更换；晚上临睡前关电视是手动关的；距离肯德基很近；如果有别的选择，以后不会再住这家；,9,9,0.9934273958206177
很好很好很好很好很好很好很好很好很好很好很好很好很好很好很好很好很好很好很好很好很好很好很好很好很好很好很好很好很好很好很好很好很好很好很好很好很好很好很好很好很好很好很好很好很好很好很好很好很好很好很好很好很好很好很好很好很好很好很好很好很好很好很好很好很好很好很好很好很好很好很好很好很好很好很好很好很好很好很好很好很好很好很好很好很好很好很好很好很好很好很好很好很好很好很好很好很好很好很好很好很好很好很好很好很好很好很好很好很好很好很好很好很好很好很好很好很好很好很好很好很好很好很好很好很好很好很好很好很好很好很好很好很好很好很好很好很好很好很好很好很好很好很好很好很好很好很好很好很好很好很好很好很好很好很好很好很好很好很好很好很好很好很好很好很好很好很好很好很好很好很好很好很好很好很好很好很好很好很好很好很好很好很好很好很好很好很好很好很好很好很好很好很好很好很好很好很好很好很好很好很好很好很好很好很好很好很好很好很好很好很好很好很好很好很好很好很好很好很好很好很好很好很好很好很好很好很好很好很好很好很好很好很好很好很好很好很好很好很好很好很好很好很好很好很好很好很好很好很好很好,3,1,0.6356541514396667
上当了，上当了。这个火龙果是迷你型号的。不会有下次了。,3,3,0.9450263977050781
蒙牛 #只为点滴幸福# 你专注于幸福的每一个点滴，我们在专注每一个你——只为点滴幸福 http:t.cn/hDoPt1蒙牛蒙牛，蒙中国人的牛！,6,6,0.999929666519165
甘肃苹果和红富士掺着卖，卖家能走心点吗,3,3,0.5868145823478699
东西不错噢，很喜欢，店家也很好,7,5,0.3025754690170288
是一个朋友送给我的，如今我又在把它推荐给其他朋友。是它为我打开了一扇门，通向图画书的宫殿的门。就连我这个所谓的教育工作者也要感叹自己的无知。感谢作者告诉了我们世界上有这么多的好的图画书。我给晓晓买的图画书都是这样按图索骥买来的，本本都让她爱不释手！当然了，现在还发现了它另外一个妙用：省钱。哈哈，试想，把那里面的书都买下来要多少钱啊？嘿嘿，我不做傻瓜。就这样讲故事，也不错。,0,0,0.9988786578178406
大部分都是坏的，无语无语，，无语无语无语无语,3,7,0.2783907949924469
用一天的时间读完了这本书，全身都洋溢着幸福的暖光，一个在图画书领域有发言权的人写的一本话语温软甜蜜的书，简单的字眼就勾画出了幸福的滋味。图画书的意义何在，如何给自己的孩子选择图画书，我还没有结婚，一样能感受那种幸福，书中的文字让我想起我的妈妈，我们一起度过的美好时光，我还能在寻找幸福这条路上一直努力，我就是幸福的，感受那些生命的美好！感谢那些彼此爱护的人们！感谢松居直先生！,0,0,0.9979041814804077
拍照不清楚，后悔买,1,1,0.47053033113479614
"名字起的很好,彩图不错,内容很一般,字也少的可怜....不是很喜欢",0,0,0.946106493473053
"位置好,去莫家街\华联\大十字等都非常方便,服务卫生不错,自助早餐丰盛,经济间稍小,性价比高.",9,9,0.9873421788215637
来，告诉我这是什么情况，还有坏的？臭的？告诉我哪个够75mm的了？良心商家？,3,3,0.6235056519508362
很满意 就是安装材料费有点贵花了两百多 棒！ 客服很好 很认真,5,5,0.8990131616592407
货还没收到订单都完成了，连物流信息都看不了，谁能告诉我该找谁！！！,4,4,0.38736316561698914
总的来说非常不满意，明显是三星升为四星的酒店。588的房价，实在太不值。暖气不够热，温度调到32度，晚上睡觉还要盖两床被子，问他们再要一床，给我的答复是每间房间之配备这些，没有多余的被子。洗澡水是温的，差点没有洗出感冒。问要熨斗和烫板，竟然整个酒店只有一套，怎么也借不到。而且设施都已经很成旧，用的毛巾被子都是旧的，一眼就能看出来，实在算不上四星的标准。希望大家以后都不要预定这个酒店。,9,9,0.9947494864463806
这裤子简直让我无语，跟个吸尘器差不多,7,7,0.9978252649307251
12个坏2个，味道也没有洛川的好。对这次购物不是很满意。,3,3,0.9369977116584778
一股味，这么垃圾,7,7,0.4846673011779785
觉得不是正品，有一瓶盖都是坏的。这—星给快递小哥。,4,4,0.8349798917770386
酒店在闹市区，大床间不多，服务生的态度很好，见到客人都会微笑致意。房间的窗户不隔音，晚上会比较吵。,9,9,0.9936282634735107
很好，虽然不是今年的果但是保鲜得很好，快递很快,3,3,0.9987207055091858
第一次用安卓平板，感觉就像个大手机，系统是华为的系统比较易用，刚开机就让升级了最新系统。屏幕比ipad细长，有些不习惯。照相一般，不过pad都这样。音质可以但是音量不大。略微有点厚，外观设计感不如苹果。功能配置还可以，开机剩余大概3G运存，比手机系统占用小。华为WIFI信号没的说，信号很好。外观设计上还有改进空间。,1,8,0.6994604468345642
一般，就是买小了，留言60升，结果发来是40升的，售后看到留言是60升的，应打个电话问下吧，海，售后没用心，本想退的，凑合着用吧，,5,1,0.3341839015483856
好机器，做工完美，支持京东,1,1,0.8272646069526672
觉得这本书不需要孩子读，全中国的老师、校长、家长都需要好好读读，一开始，读这本书是为了增加对儿子的信心，现在，我更坚定了自己教育的信念。实际上，小豆豆是正常的，因为大家都有点畸形了，就认为她不太正常，把孩子养成正常的人，正常的人肯定是独一无二的，只有流水线上的机器人，才都一样，才都那么完美。孩子不用读，大人读读就行了,0,0,0.9981527924537659
"太陈旧了,入住离店都排了很久队,周围环境除了离机场近,没有别的理由再住了.",9,9,0.9926464557647705
漏了，不知道是什么原因，是被用过了？还是快递暴力分拣？还是什么原因，太影响购物体验,4,4,0.7791360020637512
好的就是好的，京东商城的没的挑非常满意,3,4,0.5807014107704163
这次买的水果最差劲，一点不新鲜，俩个发霉坏掉了，扔了，差，差，差,3,3,0.9958066940307617
"2008年1月10日晚入住该酒店,环境很不错,很安静。我住在卧仙楼具体房间记不得了，好象是3115。22点开始，我觉得房间特别的吵，寻找一圈后发现，我的房间和隔壁房间只隔一道门，而且底下有很大的缝隙。噪音是从隔壁传来的。隔壁不知道住的是什么人，把音乐声音开的很大，还是迪厅音乐。另外，还有好象很多的男男女女的嬉笑声。实在忍无可忍，打电话给了客房服务。随后有服务人员到了隔壁反映情况，然后隔壁稍有收敛。但是不一会儿情况照旧，我本想冲过去与之理论，但是单身在外，还是忍了。就这样，一夜难眠。直接影响了我第二天的工作状态。在此，提出强烈抗议，希望能够以后不要什么不三不四的人都往酒店里?",9,9,0.9894170165061951
东西到是挺实惠的，就是打开包装一看就是这个样子了，漏的哪里都是！,4,4,0.7062464952468872
假货，洗了头很痒，头发很干燥！从来没有过这种情况,4,4,0.8835026621818542
尺码不符，下次不能买,7,7,0.9607088565826416
"前台服务不错, 询问旅游事宜都详细解答. 早餐不值三星级, 房间暖气不够.",9,9,0.9961954355239868
挺好的 客服解决问题也比较快,1,1,0.3721201717853546
"周末去海宁玩了两天,住海洲,总体评价应该不错.房间很大,设施也不错,如果是液晶电视那就好了.早餐值得推荐.离皮革城非常近,但周围就没有什么设施了.值得推荐!",9,9,0.9890257716178894
酒店在装修，气味很大。我离开酒店时，我记得很清楚把一串西藏天珠遗漏在房间了，过了三小时才突然想起来，后来打电话给酒店总台，可收拾房间的服务员硬是说没看到，难道佛祖显灵，让佛珠自己会飞？估计是服务员自己拿了，又不好意思交出来，真的是服务员的品德有问题！那是一串很有纪念价值的佛珠，可惜了！,9,9,0.606372058391571
刚收到，因为家里停电了，拍的不是很好，不过苹果很好，不错,3,3,0.5635457634925842
不想说了，累,1,7,0.38266244530677795
活动信息存在误导 歧义,4,6,0.6225456595420837
牛仔裤还行就是有点厚，和休闲裤一起买的，估计是仓底货吧，秋冬穿还行，休闲裤皱得那叫一个难看,7,7,0.996428906917572
"进入遥控竟然会出现信号狂降至0.MP3播放太不稳定电流噪音大不说,打开划盖还会干扰播放,想不通.划盖也不太可靠缝太大着实让我担心一阵子.果然前不久我刚对它习以为常LCD排线就出问题了,屏幕一片混乱.电池有880照理不少,可就是用不了一天半,有时一天就没电了,照像实在费电一用都电池撑不了一天.想不通.维修部的人说红外线只能传电话簿,可我传电话簿也没几次成功.",2,2,0.9312602281570435
一边是不停地搞些宣传活动，一边是质量问题频繁被曝光，蒙牛很忙啊，品牌形象不是这么树立的,6,6,0.9667811393737793
开始不习惯，买来是为了玩安卓游戏，屏幕没有保护膜，后面倒有一张膜保护，在盒子里也看到一张屏幕膜，另外赠送的钢化膜，赠送的还不错，贴上合适，玩游戏还行，不知道时间长会不会卡，,1,1,0.7176287174224854
12枚苹果，个头都一样大，非常好吃!,3,3,0.9928866028785706
明明买了4箱大的确送来两箱大的两箱小，更可气的一个逗比挑了两箱小的，导致我被怀疑。,3,3,0.6089126467704773
什么都很差，发货也很慢，快递员更是太度以很差，真后悔在线支付了,7,7,0.45303499698638916
一直用这个牌子的洗发水，618买的赚到了，果断囤货,4,4,0.9944792985916138
不管你信不信，反正蒙牛自己都不信。,6,6,0.6193990707397461
酒店房间太小了，对不起这个价位！没有特殊情况我不会选择入住！,9,9,0.9862106442451477
京东一直是我可以信赖的商城，方便又实惠,3,4,0.650015652179718
升级之后的商务单人间A房间很不错，超大的床，睡起来很舒服。是从火车站对面的时代广场换过来的，所以相比而言，这里的环境也要好很多。在那边一路上都有人问我：“住宿不，小伙？”（小弟看起来好像年纪很小啊#_#）也要提一个不爽的事，尽管后来解决了，但还是得为后来的各位提个醒。预定的时候，携程上面的资料写着“商务单人间内配有电脑”，然后预定列表里有商务单人间A和商务单人间B两种。我就想当然地认为便宜的那种B型房也有电脑。（经过这次向携程咨询，携程上面的信息已经更正过来。）入住首先发现B型房没有。这是小事，除了这点，也推荐各位不要选择B型房。房间很小，基本相当于没有窗户，有一扇不透光的窗户，但是你基本不能打开。打开之后，首先眼前看到的是六楼的楼顶，然后楼顶上是几个卫星电视的大锅，一个哄哄响的中央空调。把窗户关紧，中央空调的声音也很清楚，估计半夜的时候会影响睡觉。这个房型是在七层，不知道是不是违规建的，很多东西都不正常，电梯只通到六层，要走一层楼梯才能上去，这一层好像也很少有人住。当然，后来携程和酒店的解决还是满意的：给升级到A型房。服务没太多接触。但是有一个比较好玩的，因为酒店二层是一家叫大连渔港的海鲜饭店，所以每到吃饭的时候，一层电梯口都站一排MM，看见有人来就热情地问你到几楼，并作势帮你按电梯，如果说到二层，则会一路陪伴你上去用餐；如果说其他客房楼层，就对你没啥兴趣了，伸出来按电梯的手也缩回去了。,9,9,0.980269730091095
我一直不明白为什么这本书会有这么毒人关注，还是要保持清醒的头脑，认真鉴别,0,0,0.9935824275016785
已经是第九次购买了，质量很好，用着放心，下次还会继续光临！,5,4,0.30875924229621887
屏幕有坏点，客服不理人，垃圾,1,1,0.7548919320106506
"定位是网本, Linux系统是绝对够用了. 特别是Moblin的这个发布版本, 简直就是为这种只用来上网冲浪量身订造的. 界面设计, 还有功能键都十分方便贴心.",8,2,0.5883334279060364
这质量，穿了一天就沾了好多毛，最亏的一次购物！,7,7,0.9187601208686829
总的来说比想象的好，房间比较新，宽带速度还行，交通也方便，去火车站可在门口乘1路11路车。离宁夏有名的小吃国强手抓仅2站路，步行即可，乘1路车去也很方便，打车起步即到。旁边的青青商务酒店楼下有宁夏特产的小超市，感觉商品比较真，我和同事各买了几斤枸杞，挺好的。不足的是进入酒店就能闻到羊膻味，带机顶盒的电视很难操作，隔音不好。,9,9,0.9714815616607666
外观漂亮，尤其是屏幕，经检验完美屏，其他配置也和商品介绍一致，收到的机器为未开封机器，硬盘通电8小时，非常满意。,8,8,0.4304741322994232
东西很好，我以经第二次购买了,5,5,0.27520060539245605
衣服收到了。真心不错，刚开始只是抱着试试的态度，和客服聊了很多，客服推荐的尺码也刚好，布料很光滑，准备在入手买一件，穿在身上很帅气,7,7,0.9973450303077698
如果选择周六日订货就只能在周四左右订，否则超过三天就要求用户取消订单重新订认为不人性化，应当是在10天内在用户的要求下都可以才好,8,1,0.5692964196205139
产品垃圾，号不白，就永远差评……等着吧京东,4,4,0.5680675506591797
好用，价格划算，有活动下次一定还买,4,4,0.6186410784721375
不知道有没有跟我一样纠结于，M3和M3青春版之间的呢？,1,0,0.9664960503578186
这个火龙果太太太太太小了～也是醉了。对于一个吃货而言，此不能忍,3,3,0.8875885009765625
简直颠覆了我对京东自营的认识，居然烂了一个，简直不能忍，一起一直觉得京东自营还是满可靠的,3,3,0.35017478466033936
优点：位置佳，房间大，网速快缺点：不太清洁(卫生间及餐厅地上均发现小强)，整理房间方面有些疏忽(沐浴液用光没补充、热水壶内的水已有一段时间无清理)，外面比较嘈杂但房间隔音差，离开办生续时用了20分钟。,9,9,0.9919548630714417
这套书太乱，女儿一点看的兴趣都没有。买来就束之高阁了。,0,0,0.9990052580833435
就想给个差评，给京东这几年的服务。,4,1,0.7820152044296265
果子和描述的一样的好，就喜欢京东自营，到货快，质量有保证,3,3,0.9856513738632202
味道还可以，挺脆的，就这个大小也行,3,3,0.9967828989028931
好吃菜好吃的，这次又买了四箱，两箱九个苹果的还有两箱12个苹果的！就是这次来的苹果的盒子好脏呀,3,3,0.9780891537666321
个头刚好，新鲜，脆甜，京东购物就是方便！,3,3,0.997661828994751
已买一个月，掉色。。不愉快的购物,7,7,0.6229814291000366
给老公买的。下雨天还没干，还没试穿。,7,7,0.9739271402359009
物流太慢了，而且没有更新，手感有些硬，,7,7,0.6489736437797546
头一天晚上拍的，第二天上午就到了！京东就是给力！不管是商品质量！服务态度！还是快递速度！非常非常满意！这么热的天气！快递小哥辛苦啦！,4,4,0.584500789642334
苹果个头有点小，但味道还是不错的，有点脆脆的，酸甜味，看了一下，苹果没有坏的，包装运输都还是可以，京东的运输确实很快，隔日到，乡镇都能送到，不错,3,3,0.9955561757087708
去过日本以后，非常感谢这本书救我了无数次，尤其是那个不通英语的国家，没有它真感觉很无助。连我爱人都夸我买的很实用。坐新干线3个小时，我都在听它附带的mp3，掌握了一些常用的话，学了一些常用语气，同团的人都夸我“专业”。呵呵,0,0,0.9640907049179077
苹果里面是烂的，不满意，第一次上网买水果,3,3,0.9613393545150757
好的东西就要分享，性价比超级喜欢！给大家强烈推荐！京东自营的东西有保障，也有口碑，谢谢京东给力的服务！让我们小众们生活得到了改善！,4,3,0.4683140516281128
这次购买的是套装，参加活动后力度还是比较大的。,4,4,0.6031188368797302
酒店前台服务很差！开了房间，进去一看，竟然有人入住了！还好没出什么事！要出什么事那谁负责呢？找前台领班反映，领班一变骂服务员一边给我换房间！脸上连笑容也没有！好象是我们顾客犯错！不知道搞什么鬼！给携城打电话投诉，携城的态度很好！酒店经理打到房间来赔礼道歉，还是找什么客观原因，说什么是服务员太忙了，出错！这个好象是低级错误吧！而且还说补偿一份早餐！态度生硬，好象我是属于那种住的起酒店，吃不起早餐的人！跟她们闹，就是因为我没钱吃早餐！真是气愤！不建议大家住这个酒店！,9,9,0.9965137839317322
衣服有点味道，其他服务还好啦,7,9,0.545760989189148
家里停了快一星期水，每天下班得从单位往回拎自来水，卫生间都发酵出松花蛋味儿了。终于深刻理解了蒙牛那句广告语的含义——只为点滴幸福,6,6,0.9823142290115356
裤子下面带卷边的，与图片不符，裤子很脏。,7,7,0.9966505169868469
"性价比极低,根本够不上4星的标准.送单早,早餐另外收费,68元/位,上网收费,60元/天.下次再也不住了!",9,9,0.9941468238830566
一般，没有特别的独到之处。价格方面也没有太多的优惠，反正总体来说，就是一般一般啦,9,9,0.39038383960723877
除了大，不怎样！价格偏贵，自带后台软件骗流量，不纯洁，有阴谋小心！,1,2,0.4128527045249939
要的宝蓝，给寄的灰色！M号居然是L号！还能再错点吗？,7,7,0.7060380578041077
垃圾，实物质量严重差劲,7,7,0.7255061268806458
针脚不够好，左脚裤线有处感觉是乱缝的，很多外露可以拉扯的线,7,7,0.9961097836494446
买就送的吹风呢？逗我们玩呢，今天怎么就成送完为止了，改的可真快噢,4,4,0.3015155792236328
做工细致，针脚也工整，无线头。面料微弹，穿着不错，主要是还不贵。,7,7,0.9981675148010254
一颗心都不想给，简直了，觉得假货，好不好用就算了，用了一次，第二天头皮就开始痒疼，过敏了,4,4,0.9899013042449951
太垃圾了吧 这么差的苹果还要这么贵 哪里有80mm,3,3,0.6106327176094055
以小重大，哎社会就是多了这样的商家。才让人与人的信任一点一点荡然无存。315应该多一些规则,3,6,0.4248298108577728
自带系统太贱了，分区还是隐藏的。买了个笔记本专用sp3版装上了，有时候不能关机。大家说这个配置装vista行吗？我有套正版。还有这个键盘是不是该买个硅胶膜盖上？灰进去可不好擦。,8,8,0.9468507170677185
很好(?▽?)，京东自营购物就是便捷,7,4,0.5007664561271667
一次性买了好多生活用品，在京东购买放心、省心,4,4,0.88491290807724
很一般的四星级酒店.环境不错.房间实在不怎么样.服务还行.,9,9,0.9909293055534363
套装包装    绝对高大上的感觉    小瓶装超可爱*^o^*    绝对是出差居家必备之良品,4,4,0.9154831767082214
质量很好，没有色差，面料穿上很舒服,7,7,0.9993390440940857
这种一个坏的也没有，而且吃起来很甜，为了放时间久一点把包装拿掉了,3,3,0.9744222164154053
宝贝收到了，衣服不错，价廉物美，材质及做工也可以的，比想象的好,7,7,0.9673035144805908
职场如战场在这部小说里被阐述的淋漓尽致，拉拉工作勤奋如老黄牛，但性格却更似倔牛；王伟虽正直但有些过分天真；何好德思维敏锐、眼光独到却高深莫测；李斯特崇尚中庸，不喜做决定，却不失为一个温和而颇具慧眼识材的上司；柯必得天生的管家，却过于苛刻；岱西虽过分偏执但且不择手段却不得不佩服她的勇气的执着；TONY林在生意经上不似五伟有经验，却八面玲珑，关键能牢牢掌控自己的下属；约翰常虽做为颇为阴险，处处与王伟做对，但也是聪慧之人；李文龙表面温和却城府深、心机重，但却不影响他在DB的人际关系，因为他知道何为重何为轻，关键时刻也愿帮该帮的人一把；黄宏技术过硬，却人际关系始终无法处理妥当，且居小心眼；玫瑰经验老道但却有失光明。还有帕米拉、周亮、杰森、海伦、王蔷、罗杰、齐浩天等等，这些人个个性格鲜明，都有自己的独到之处。观完本书引人深思，故事鲜活具实用价值，无论是职场新人或才老将都能受益匪浅。,0,0,0.9729424715042114
抵制蒙牛,6,6,0.9949706196784973
时时都在阅读着这篇令人太伤感的小说，我是那样的爱狗狗，也一直希望自己能养一只狗狗，也是天天观察着自己身边一些些可爱的狗，然而爸爸妈妈却因为家里的条件一直没有聊了我的心愿，当我看到了作者简介、文章简介，实在忍不住了，强烈要求父母给我买下它。狗狗这种伙伴，是给人开心、快乐和幸福的。而当我翻完此书的最后一页时，不禁有了非一般的伤感。同时，我敬佩作者与狗狗，并买下了金毛寻回犬……,0,0,0.9992486834526062
之前几次买的苹果还不错 这次的有点小！,3,3,0.8352627158164978
找到一些蒙牛产的特仑苏牛奶，打发了下发现…相比朝日唯品发泡量略少，甜味更重，奶泡同样很稳定。都比雀巢蒙牛好太多。,6,6,0.9952510595321655
苹果很新鲜，小小个的，还没吃，不知道味道如何，快递超赞！,3,3,0.9973645806312561
亏，亏，亏，实在是受不了，我就是陕西人，我就没吃过这么差的苹果！,3,3,0.9944426417350769
是我的打开方式有问题吗？又酸又苦?,3,1,0.40514475107192993
是不是这本书在当当网卖的好了，就调高价格了呢？原来不是16元吗？怎么突然酒涨价了？大家都不要买了，等调价了在买吧！我已经买过这本书了，内容也很一般了，23.8元，不值！,0,0,0.9923980832099915
**一样这裤，完全不符，物流还慢，让我怎么给你好评，,7,7,0.9877197742462158
"订的是普通单人间, 房间比较小, 但应有尽有. 我喜欢没有地毯, 很干净而且一点气味都没有, 通风不错; 冷气是 1度 最大. 关窗后挺安静.服务: 非常好打车: 火车站 RMB 25; 机场 RMB 93. 一出酒店门口刚好有的士在等.缺点: 电梯很慢, 楼层不高建议走楼梯;RMB 248 来说, 给满分!",9,9,0.9885743856430054
"还不错,挺好用的.就是VISTA慢了点.本来以为繁冗的装机程序也被省掉了,开机就能用了.还很贴心的预装了飞信等实用软件.",8,8,0.6801387667655945
高端大气，性价比高，电池耐用,1,8,0.42701464891433716
挺好的，外观漂亮，超大屏幕，运行内存都可以，可以打电话，可以连wifi，真心的不错。,1,1,0.6699842214584351
房间蛮干净，地理位置很好，早餐还不错。就是价格贵了,9,9,0.9711904525756836
不错不错第二次买了，很新鲜，个头不大不小,3,3,0.9888225793838501
很一般。性价比很差。跟上海的快捷酒店相比，价格贵，服务差；外面空气不错。但是内部装修亟待改善；窗户的高度太低，不小心会摔下去；令人匪夷所思的是，订的是大床房，但是床却是坏的；感觉很不好。,9,9,0.9977171421051025
老公买错了，想着麻烦不退了，结果太失望了，质量不行，,1,7,0.3838271200656891
买了此书，装帧还行，没有彩色插页，书的文字内容略显空洞，总之在这么多类似书籍里，这个价位，还是不值得购买的。,0,0,0.9974653720855713
虽然说是4星级，不过除了大厅感觉够气派以外，其余仅仅只能说一般~~房间里面居然有好多黑色的硬壳小虫，让我们觉得很是恶心阿...当然也有可能因为我们住的是3号楼，是不是有点成旧的关系？早餐虽然是免费的，但是看到票价也要20呢，菜品实在是.....不过门口那部劳斯莱斯幻影倒是的确让人震撼！看得出，老板还是很有实力的！,9,9,0.956902027130127
老公穿上合适，他很喜欢，下次秒杀再来一条.,7,7,0.9969772100448608
不太好，缺斤少两，然后给的补偿。,3,3,0.6181100606918335
一天整就收到货了，好快！打开后满满一盒子，100块钱买三瓶沙宣真的很值！！！,4,4,0.8692814707756042
酒店地址非常偏僻，不要想是航空公司酒店，根本没什么像样服务。再也不会来住。,9,9,0.9915550351142883
洗了之后头皮屑都出来了，我们寝室两个人用了都长头皮屑，这个是不是假的啊,4,4,0.9955376386642456
很好，都是正品，质量和包装都很好，下次再来,4,7,0.8917101621627808
第一次入住该酒店，总体看还不错，房间给升了级，房间感觉挺温馨的，入住?,9,9,0.9450469613075256
和图片有很大相差，不怎么好，后悔买,7,7,0.6756188273429871
质量不怎么样。问题是里面居然有个钉子！这算什么？？？,7,7,0.3331984281539917
第一次在网上买水果，以后再也不会在网上买水果，不靠谱。,3,3,0.9663882851600647
我们住店被诬陷多消费了房内的物品，我们订了两个房间，我只消费了个王老吉，另外一个房间无消费，然后搞出我的房间消费了四样东西，另外一个房间消费了三样东西。因为我们是中午电话退房的，下午快5点的时候才去结的帐，她们说房间被打扫好了无法查证。靠，难道要我住店先仔细核对房内物品啊！要么是服务员偷东西，要么是宾馆讹诈，同时我们也庆幸贵重东西我们都随身携带，没有造成更大的损失。急着赶飞机，最后只有付钱走人。这将是我最后一次入住这家酒店。我对我的言论负责，我的个人信息携程都有的！,9,9,0.9768934845924377
并没推荐的写的那么搞笑~~很一般的书!!,0,0,0.9993805885314941
"离机场很近,早上乘飞机的人方便,但结账的人多,应该早上多几位服务人员就好了",9,9,0.9932699799537659
这个商标都掉了，可能是二手货吧,4,4,0.3379136323928833
酒店还不错，房间不大，但是比较舒服。酒店下面只有星巴克和肯德基，吃饭要到新世界那边有点远。,9,9,0.9805102348327637
质量看图，快递垃圾到爆，懒得骂了。,7,7,0.4452948272228241
买到假的清扬洗发水了！每次洗了头痒！,4,4,0.9757895469665527
挺好的，孩子喜欢就好,1,5,0.36368805170059204
这设计我**也是醉了，怎么放，是不是脑残，包装也没有，发票也没有，还脏,4,4,0.7446103692054749
衣服质量不错，尺码也合适，当然最主要的还是很舒适喜欢,7,7,0.9988735318183899
外观设计没有特别的亮点，但是性能表现还是深得我心的。它接收信号稳定，通话清晰，发送短信也很快捷，还没出现过发不出去的问题。另外它的待机时间也表现不凡，电池充够一次电基本上可以用上十一二天。还有一个觉得比较好用的功能就是它支持短信群发，节日发送祝福短信更加快捷。,2,2,0.9747228622436523
房间及服务很一般，餐饮颇贵。下次不选择入住。,9,9,0.9906124472618103
linux改xp花了一下午时间。散热不好，cpu温度就没下过50，玩游戏能上70，比较吓人。触摸板关不掉，打字经常碰到。,8,8,0.9715447425842285
裤子质量很好，版型也好，穿上太适合我了！好评！以后还来！,7,7,0.9921740293502808
玩CS的时候有点卡，看高清CPU占用率40%，内存1G小了点需要自己加，没带刻录软件！,8,8,0.6792625188827515
说是五星，房间比较小，网络还是有问题，但是服务人员业务能力比较强，很快搞定,9,9,0.9741796255111694
又不进去电。质量也不怎样了。才买几天就这样。,1,1,0.46132564544677734
"快递给力。一星是给苹果的。个头很小。号称75mm,可是得靠包两层泡沫纸凑尺寸。味道酸。有些地方因为之前可能被撞到过，有点烂的痕迹。一下还买了两箱，不想再回购了",3,3,0.8121058344841003
价格虚高，设施陈旧，除了有顺风车，一无是处!就餐更离谱，一个汉堡卖你68，一盘小炒88。这是我到过最差的地方!没有之一!,9,9,0.9848341941833496
正如作者自己所说，写一本普及型的教材很难。既要避免浅薄，又要防止过于深奥。该书总体上说，做到了深入浅出。不过，感觉作者的引经据典似乎让人有种混乱的感觉，比较难以让人把握作者的逻辑思路。该套系列的书应该都不错。看了社会学是什么，再来看这本书，有一种感觉，社会科学的学科是人为划分出来的，学社会科学的人，没必要只局限于自己所学的那个学科，应该涉猎其他的学科与门类。这样才有利于提高自己，完善自己。另外，该书的作者王铭铭有件众所周之的不光彩的事。不过，这丝毫不影响我们对他著作的学习啊。,0,0,0.9997147917747498
听说这本书写的很好，拿到之后，简单翻了一下目录，就发现了平时的饮食习惯真的是有点问题，里面所讲的生活饮食点滴，照做之后，这两周果然比之前的气色都好多了，父母还做了固元膏，现在坚持每天食用，食疗是最好的保健治病的方法，我也在给朋友推荐很多饮食注意的问题。哈哈，大家还觉得我懂的多，其实都是这本书上学来的。想不生病，就看看这本书吧。真的很不错！,0,0,0.9987564086914062
一星都不想给 收到水果太差了，都风干了。不知道放仓库多少天了。吃了一个 都变味了,3,3,0.9949589371681213
产品收到了，很漂亮的机子，好喜欢，颜色也很漂亮，物流很快，快递小哥态度很好 。?,1,1,0.5371062159538269
自从换了这款洗发水我每天都要跟别人解释我真的是昨晚上才洗过头的。    也不知道是买到假货还是这洗发水原本就这么垃圾，洗了头以后能不要那么油吗,4,4,0.9918553829193115
很适合油性发质的人士使用，去油效果好，清爽持久。,4,4,0.9817318320274353
酒店离报国寺和车站都很近；房间整洁干净；瑜珈温泉作为峨眉四大温泉之一，住店客人只需50元/人性价比较高；早餐非常丰富；唯一的缺点是１号楼楼道比较复杂，象个小迷宫，找房间花了一点时间．,9,9,0.9946869611740112
差评，才用一周，屏幕自己裂开,1,1,0.9540113210678101
挺舒服的，穿着弹性不错，店家还送了线，有心了,7,7,0.9970312118530273
我是为了能生头发买的，希望有效果,4,4,0.984994113445282
苹果还不错 京东就是快 好 省 网购只上京东 支持你,3,1,0.7787279486656189
像素不错，很精致，挺喜欢的。,1,1,0.6753795146942139
对安顿的情感实录的书都很喜欢，从《绝对隐私》到《回家》、《悲欢情缘》，这些书里的故事有种让我无以言表的感动，原来就在这个社会，或许就在自己身边有着这样那样的人生故事，有着这样那样的人，这些事，这些人其实都在身边，自己没有去发现。人说经历的多了，人就成熟了，他们经历的也在让我成熟！谢谢安顿！,0,0,0.9187244176864624
MD说是32G只有24G老子再也不上JD了，还说免费送一个充电宝还要自己出运费，简直无语了，太不靠谱了,1,1,0.5173516273498535
值得首提的是，《哥哥不是吹牛皮》这书名起得尤其好。虽是描述建国后的历史传记，但是读起来却没有想象中的严峻和沉重。文如其人，安哥乐观的生活态度让他写出如此生动感性的好文章。没有战争场面的出生入死，没有文革的惨淡经营，安哥写的，只不过是历史下的众生相，悲苦的，乐观的，勇敢的……厚厚的一本传记，却给予我们很多读者很多的精神力量。真真不错的一本好书！,0,0,0.9996168613433838
超级好用，相信大品牌的质量，已经推荐给朋友    同学很多次，他们买了也是感觉超级赞，市大卖场比    起来价格便宜，但是确实是正品带正规发票。希望京东    依旧做好质量检测报告，不要让忠实消费者失望？支持    京东自营正品下次还会再来买，物流速度快啊,4,4,0.5012391209602356
不纠结抄袭干嘛提倡反抄袭？外行人求解释！ 何必纠结三聚氰胺呢，促进销售就行，蒙牛也是这样认为的 何必总是纠结抄袭，设计的目的就是促进销售！销量上来了，剩下的都是浮云 牛 求扩散！,6,6,0.993500292301178
最差的酒店体验，凌晨两点的时候到，打前台电话没人接，好不容易找到电梯上来，前台坐在一边和别人聊天，今天是端午节节假日第一天，早上九点就开始装修，然后前台打电话，前台直接说我们经理就是安排这个时间装修的，后来干脆不接，各种推诿，然后直接挂电话，深圳市环保局规定法定节假日严禁装修，但是总有人要作，迫于无奈也只能报警装修扰民。,9,9,0.9905469417572021
好几次拿起这本书，只读了开篇的十个约定就再也读不下去了，眼泪每次都充盈了眼眶。真是让人感动的约定，这十个约定不仅仅是“我”和狗狗的约定，也是亲人间对爱的渴望和追求。终于还是继续读了下去，作者文笔清新自然，仿佛身边的一个朋友在娓娓道来自己的故事。翻译的文笔也很流畅，看得出来是带着感情翻译的，所以很有感染力。是一本值得收藏的好书，将来读给我家宝宝听。,0,0,0.9995404481887817
耳机被京东克扣掉，可气,1,1,0.5204163789749146
确认晚了，前天刚刚装上，还不错吧！,5,5,0.7681869268417358
苹果吃着很甜，水分比较足，十分满意的，个头再大点就好了,3,3,0.9990857839584351
情人节活动买的，明明送16g内存卡，明明送平板支架！收到货后一样没有！问客服：查了这笔订单没有赠送活动！像素一般，反应速度一般！态度一般！凑合用吧！,1,1,0.9408504962921143
比较好的衣服，柔软亲肤像是全棉。,7,7,0.9910220503807068
典型的为了赚钱而写的书！旨在教会年轻的女孩学会世俗！,0,0,0.9987474679946899
标签贴的歪歪扭扭的！这商品！,4,4,0.6006184816360474
一直在这买，不错。这个算下很合算。快递小哥特好，送家了。,4,4,0.3623080551624298
手机很好是真品，老婆很喜欢,1,1,0.895177960395813
酒店不大，但环境很不错，房间也很有地中海风格，还有个透明的浴室，很浪漫！,9,9,0.9857348203659058
裤子质量很好，与店家描述一样，版型也不错。做工很精细，没有线头。,7,7,0.9977455735206604
三个火龙果竟然有两个是发霉的，当时也没想着拍照留证，想想也窝火，发货前不检查吗？,3,3,0.8755740523338318
优点就是位置好，去大运村或中关村办事方便。携程的价格真的不够优惠啊，还不包早餐。,9,9,0.9804959893226624
这次苹果较新鲜！味道酸甜，好吃！,3,3,0.9981042146682739
618订单终于到货了！东西还是不错的。直观看优质毛巾的感觉。绝对不是赠品常采用的鸡肋产品。,4,4,0.7450230717658997
"键盘看不清,摄像时间不够100秒钟,只有15秒钟.",2,2,0.9011967778205872
一直用荣耀的产品，老婆和我都是用的荣耀手机，这次购买的荣耀畅玩2平板wifi版总体只能给60分，外型时尚，做工精细。但分辨率和运行内存都不够，操作体验有卡顿，16个G的空间，系统就占用了10G，只能插储存卡了，买来送给丈母娘希望她喜欢。望改进，还是希望荣耀产品越做越好！,1,1,0.8260657787322998
一直信赖美的，产品很好。外观款式超喜欢。加热快。,5,5,0.6197983622550964
附带的光盘只有vista驱动，装xp要去官网下，第一次分区居然硬盘出错，只能xp安装，不能用ghost，触控板区域温度较高，不知道是不是硬盘发热还是独立显卡发热。,8,8,0.9959063529968262
我买了一套，是冲着作者买的。没什么内容和深度。,0,0,0.9986165761947632
前台态度好差啊！差评！酒店环境一般,9,9,0.9881419539451599
使用四天赠送小瓶装洗发头之后，昨晚头皮剧痒，而且头屑又多！,4,4,0.9893045425415039
不喜欢这个系统的人怎么办呢？而且能在送一些小赠品就更平衡了：）,8,8,0.5004815459251404
质量也就一般 挺普通的,7,7,0.8683992028236389
喝了点蒙牛，然后再喝伊利，会不会把蒙牛毒死？,6,6,0.9684838652610779
我短信挺多，为了方便换了个可以手写的机子，感觉用着不是很好，首先说识别方面，这机子做的不怎么样，写完的字出来不是我想要的字，以为是新用还不熟，但是现在用了快3月了，错误率还是很高，如果有断笔就一定会错，再有，配的手写笔用着不舒服，太细不好握。屏因为笔头总是写来写去的也已经有了细纹了，这样下去，屏也用不了多少日子,2,2,0.5957059860229492
618不是送电吹风的吗，怎么收到货没发现有,4,4,0.8470589518547058
太贵了。本来以为很好吃。今天吃了味道一般 不甜呢。比外面十块钱三个的还差多了,3,3,0.9955387711524963
做工挺好，拿着也很气派。26万色的彩屏感觉不错，画面柔美细腻，完全没有粗糙的颗粒感。自带的数码相机真不错，支持10倍变焦。照出来的照片效果不错，对各种色彩的还原比较准确，完全没有杂边。都快赶上真正的数码相机了。,2,2,0.4550609290599823
酒店房间设施已经比较陈旧。入住的房间内柜门和床的靠板有皮质表面脱落，非常难看，是在如家汉庭这种经济型酒店里也看不到的景象。浴缸下落水的旋钮居然是用白水泥（？）修补过!空调开至30度最大档，也不给力。傍晚，没有客房服务为你整理床铺。总之，不像五星……,9,9,0.9978717565536499
收到的套装和购买的不一样 没有发膜,4,4,0.746065080165863
挺好的，非常不错。用了，感觉不比苹果的差,1,1,0.8170819878578186
还不错，就是能够提供湖景大床房就好了， 因为酒店是有这种房间型号的， 不知道为什么携程不提供！,9,9,0.990407407283783
发票迟迟不到，售后反应太慢。,1,1,0.5377974510192871
擦！垃圾蒙牛啊！,6,6,0.34386253356933594
这样的企业应该让他死掉 蒙牛一经理篡改生产日期被抓,6,6,0.9740429520606995
可以说是有史以来住的最差的一家了，酒店接机的司机你是赶着投胎吗，十月一日结婚的时候老婆做嫁妆的箱子就这么被你一拐弯甩过去，一拐弯甩过来，甩了拳头大一个坑。房间设施也太差了，灯敢再小点吗，就几个小台灯。wifi还要去前台让服务员给授权。房间敢再小点吗？房里都找不到一块地能把箱子完全打开。,9,9,0.9960839748382568
宝贝收到了，质量不错，价格实惠，好评！,7,7,0.686688244342804
衣服很合身，不错的一次购买体验。,7,7,0.9504476189613342
流畅度不错，送货快。,1,1,0.8100389838218689
女朋友非常喜欢这个味道，大品牌值得信任，女朋友用了头发非常好，京东自营店购买送货就是快啊,4,4,0.9703514575958252
说不上是正品 效果不好 洗了不舒服,4,7,0.7343900203704834
住了这里一周，感觉去张江这边公司很近且打车方便，房间和环境个人感觉还不错，如果要求不高，路对面的小店吃吃饭也可以，总体感觉不错!,9,9,0.9903382658958435
京东自营给力 就是手机也不怎么样,1,1,0.9190614223480225
很块多次购买质量好很开心的一次购物下次再来了。好评,4,4,0.40748000144958496
正品，包装没有开封过。PS：我上次买了个手机，包装都是打开了的。运行速度快，散热好！还送了包包和内存条！把附送的内存条装上运行速度快了很多！,8,1,0.4539062976837158
前台的MM很不错，效率高，态度也非常好。,9,9,0.978392481803894
服务员态度差，不耐烦。消耗品里剃须刀都没有。,9,9,0.791100263595581
这就是京东的水果， 自己看 。就差没有重量没有看了 我也不想看了 外观特么给坏了一样，本来打算老婆怀孕了给老婆吃的，看这样敢让老婆吃吗。京东第一次买水果 失望 以后还是去水果店买吧。差评 ，味道看追评。 我不匿名评论了 没意思，不乱评价 自己看图片 退货都懒得退货。,3,3,0.8917531967163086
无窗，这点超级不好，而且订房的时候也没注明，感觉超级不好，下次不会去了，不过除了这点，其他方面也还行,9,9,0.9897140264511108
点： ACER国际品牌质量让人放心，做工很好。性价比超强点： ACER国际品牌质量让人放心，做工很好。性价比超强,8,8,0.41628438234329224
买了许多裤子就数这家质量最好了 买过了好几次也不褪色大小也正好合适版型也很正 好评好评1 以后有朋友还会推荐的感谢,7,7,0.9897839426994324
不好用，内存小，开关键设置的地方经常会碰到了锁屏，麻烦，太重了,1,8,0.7257370352745056
这么水果怎么吃？收到就这样，还敢给孩子吃吗？直接扔掉了！第一次买水果就这样 失望,3,3,0.963502049446106
可以的，8.4英寸大屏，当手机使用了。使用一段时间再来评价,1,1,0.9426171183586121
包装真是简陋的不行，盒子外面连膜都没有，只是搞个塑料袋包着，机器话感觉像是二手的，有轻微划痕，我也懒得换了，在某东买东西就是冲着他是正品，有保障，现在倒好，搞二手的买了，难怪被网友称之为翻新东。,1,1,0.36007046699523926
还行，这个性价比很高。可以插卡，用于看看视频什么的够了。,1,1,0.8666261434555054
卖家态度极差,1,7,0.8352697491645813
没确认就自动确认收货了，苹果烂的，找了客服也没回，不会买第二遍了,3,1,0.648061215877533
假的?，买了那么多次东西，挺失望的，味道很刺鼻,4,4,0.7695134878158569
"服务非常好,希望不是正好赶上奥运才这样.去哪里都有人带路.宾至如归啊! 早餐还算丰富, 门口也有不少餐厅.出门就是海边.风景美.值得一住!",9,9,0.9955025315284729
酒店房间很小，成三角形－－卫生间设施陈旧低档服务态度差：服务员敲门象高利贷索帐，当我向酒店要一床厚被时，拿来的竟然是没有被罩，且粘满头发，令人作呕！后想起索要酒店袋子装东西－－竟然没有！！！后来拿了一个用过的塑料袋！房间邻街而且很冷！向其服务员说明后－－他竟然慢慢的说：＂这不是便宜嘛～＂说的那么自然！１１０一个房间还便宜！房价能打折但是服务一定不能打折！－－下次去郑州一定不会入住该酒店－－以上言论　仅代表个人观点　不针对第三方　我对携程网的服务还是比较满意的,9,9,0.9979141354560852
应该说这套贴纸书是很不错的，或者说是我买过的贴纸书中最好的一种。首先是贴纸的量不少，有三大页之多，不至于让小孩子一下子都贴完；其次是贴纸的质量也不错，女儿基本上都能自己撕下来也不会撕破；再次在贴的过程中，不但能锻炼手的灵巧，还能学到一些别的知识，如认物、归类、数数、识别颜色等。不过对于两岁多一点的女儿来说可能有一些简单。个人认为更适合一岁半到两岁的小朋友贴。,0,0,0.9958558678627014
正如标题一般，如果要给王小波冠以什么名号，不如就称他为“一只特立独行的猪”王小波一直是一个有争议的作家，但你不得不承认他的天马行空的才华，和不同于世俗甚至有些惊世骇俗的观点和想法。他是一个用笔思考、用生命思考的作家。读他的文字，感受生命的重量，实在是一件幸福又痛苦的事。好了，不多说，走进王小波的精神家园，看看他怎样想，怎样活。,0,0,0.998611330986023
说是薄款 然而却那么的厚,7,7,0.5790722966194153
发的别人退货的，扣眼都开了,7,7,0.5035750865936279
机器做工很好，设计很内联，依然有ThinkPad的风范。轻薄做得很好。包装非常严谨，显示效果还不错。送的包感觉做工不错。,8,8,0.762799084186554
1 感觉外观还可以，符合我的要求，体积虽不算小，但比它大的翻盖手机还是很多的。2 比一张IC卡比较要小，厚度也还可以。键盘很漂亮，按键键盘面是平的，屏幕一般不会碰到按键，设计的很好。3 。。。一堆呢，不说了,2,2,0.49399393796920776
只是因为红眼航班回到上海太晚，不想回家捣腾，而且看到酒店有往返机场的接机班车，所以打算住一晚再回家。 酒店设施实在是破旧不堪，光看大堂里连皮都不完整的沙发就可以看出~~~,9,9,0.9925737380981445
码数合适，老公穿了刚好，质量方面不错，服务可以。,7,7,0.9989025592803955
你给广告费更广泛更丰富会很尴尬,7,1,0.3804037868976593
大小合适，用着很流畅，电池也比较耐用，对的起这个价格,1,8,0.460886150598526
"服务极差,价格高,地点环境偏,房间条件能有一星..",9,9,0.9836766123771667
包装安全可靠，品质确实不错，甜脆可口，比较新鲜，物流速度超快，快递哥也非常给力。,3,3,0.9669814109802246
其实已经住过这间酒店很多次了，以前是公司合同酒店，所以不能在这里评价，但实际上，我喜欢这间酒店已经很久了。这间酒店是我在深圳的两间指定酒店之一。以前去，这间酒店的大堂有股霉味，这次去已经好多了。缺点就是酒店大堂太小了。服务非常好，服务员态度很好，很有礼貌。只是三部电梯中的一部太小了，而且，不能和其它两部电梯联动。房间异常的好，只是风景不好(这是没办法的)。交通方便，有很多出租车。因为酒店在住宅区里，大堂旁边就是银行提款机，对面是便利店，酒店旁边有一个咖啡酒吧。总之，这间酒店极好，极有推荐价值。反正我下次还会住的补充点评 2008年7月31日 ： 补充楼下人说房间里的“的、的、的”声，这是空调的声音，我试过，把空调管理睡就好了(但不可能，太热了)，我房间也有这种声响，但不影响睡眠，建议酒店看一下，怪恐怖的，但实际上，真的不用害怕。还有，床很舒服，但很小。建议：提供“荞麦”枕头，比如我，我就不喜欢那种软的枕头，睡着不舒服。,9,9,0.98442542552948
没有夹子就算了，膜也没有，那也就算了！音质也太垃圾了！,1,1,0.4489952027797699
你太狠了… 告诉你他们不会喧哗的人，肯定是蒙牛喝多了,6,6,0.6506977081298828
说是80#的果，其实就没有，拆开大小不一，做生意不是就是要诚信吗？有几个磕碰了，不影响食用,3,3,0.9995898604393005
不好不好不好不好不好不好不好不好不好,3,1,0.35549232363700867
大床房是有电脑可以上网的（但地毯很脏），还有自费的食品和日用品；标房比较干净，我在卫生间里２次看见有虫虫在爬，没有自费的食品和日用品，也没有电脑上网。大堂经理处理事情的能力极差！我们这批入住的人整体感觉都不满意，性价比实在太低！,9,9,0.9984608888626099
不错不错，平板很给力，价格又便宜，拿来看看电影打打游戏足够了,1,1,0.9801832437515259
只想说一个字，卡,1,7,0.43392214179039
离火车站、汽车站较远，不利于自助游！但酒店的环境和服务还是不错的......,9,9,0.9920638203620911
酒店最好之处是离世纪公园地铁站3号出口步行约4分钟，隔壁就有一家湘菜馆，我住这酒店住了六天，就在这菜馆吃了六天，价格不算贵，约60元/3菜。而且旁边有俩间超市，和1家清真牛肉面馆6块/碗。我住的是大床房，340元包双早。令我特感动的是周日我起晚了，九点去吃早点时，（早餐7点到9点半）已经没有饺子了，有个男员工马上帮我们煮了两碗，吃得我心特暖，因为很有人情味啊！,9,9,0.984683096408844
酒店设施有点老,9,9,0.9630306959152222
裤子全是线头。不好。,7,7,0.9973408579826355
"全部讲的是中式英文的一些单词用法错误,枯燥无味!",0,0,0.9984413981437683
支持国产产品，不过有点卡，不太影响游戏的激情，对于这样的价位很值,1,1,0.864758312702179
1、机器厚度控制的不好，也太厚了点。 2、散热一般，尤其电源适配器比较热，让人感觉不太安全。 3、自带的linux系统，想装XP，格式化硬盘费了老劲，现在还有遗留症状，关机非常慢。,8,8,0.9569451808929443
包装完整，外观无碰伤，最大的果实差不多跟银行卡宽度，吃起来脆、微甜，淡淡的酸，还行。,3,3,0.9988064765930176
700的房间不值，太老了．房间小，后悔选这家了,9,9,0.9889863729476929
垃圾，衣服很长，穿上去上身正好，下身跟泥马裙子一样,7,7,0.9403368830680847
裤子收到了，穿起来超舒服，物流也很快，期待下次光临。,7,7,0.9384143352508545
包装依旧很好，个头也很大，只是价格比之前贵了点。如果有优惠就更好了……,3,8,0.33854568004608154
衣服收到了，本来看着没多少销量会很担心质量，但没想到衣服质量会这么好，喜欢的不要犹豫，我已经替你们试过了，很百搭，重要的是价格还很便宜,7,7,0.9906898736953735
又一次上当受骗 我靠,7,7,0.3919249475002289
衣服尺码不合身，自己身高177公分，换了一次185的，多花16元！结果还是太短，不合身！被骗了！！！！,7,7,0.8327848315238953
衣服面料很好，上身效果也挺好的，不错,7,7,0.9919954538345337
与描述相差很大！客服很厉害，态度不是一般的差劲！,7,7,0.6205642819404602
任何商品都是没有完美的，凑合吧，现在都这个德行。 关键是服务要跟的上，取笔记本商家用脚踢，拽拉。 我买过他们售后等服务态度不好，也包括什么客服，就那么德行。,8,1,0.7183462977409363
太差了，两个，一个非常小，而且很不新鲜,3,3,0.8701423406600952
房间很好，我的客人很满意。电视、地毯、大床等等我的客人见了都感觉很好,9,9,0.9566553235054016
我的机子音箱听起来刺耳 跟手机喇叭似的  不知道其他人的怎样。。。摄像头塑料的感觉被摸过脏兮兮的，材料问题？,8,1,0.5183375477790833
作为有史以来最伟大的基金经理彼得&#183;林奇凭借其在投资领域杰出的贡献，终其一生的经验和智慧，书写了这本《彼得&#183;林奇的成功投资》。这本书可以说是广大的业余投资者的福音，书中不仅讲述了业余投资者投资入门的基础知识，而且还深刻精辟的分析了业余投资者最常见的投资心理误区以及投资陷阱等，是一套最实用、最有效的股票投资方面的专业书籍，让人读后深受启发。,0,0,0.9906123280525208
酒店不错，就是游泳池稍微小了点，离九寨沟沟口有1.5km，目前淡季，交通不方便，只能包车去景点，但是机票房价很实惠，九寨沟的风景不错的哦，周围晚上出去的时候没有安全感。,9,9,0.9860981702804565
最失败的一次订购，不知道是那个环节出错了，要不是盒子让我拆坏了肯定退货。,4,1,0.6566251516342163
买了就降价真郁闷！看电视还不清晰,1,1,0.9369233250617981
一直在用，搞活动便宜啊再买屯货！,4,4,0.8322650790214539
晚上洗澡没有热水 打了两个电话才说楼上在装修热水上不去 说是可以调换成低楼层的房间 既然酒店在装修肯定不是一天两天 在给顾客安排房间的时候居然没有考虑到 另外退房的时候 办理手续也是慢的要死 开个发票能开二十分钟,9,9,0.9579671621322632
"我和同事都定了一晚""雾都宾馆"",8月1日下午6点入主,8月2日外出11点回房已不能用房卡开门,要服务员开门就先要查看我们的身份证件,我表示我入主时已提交证件,现在我有房卡不能进门,是宾馆服务有问题,凭什么查我的身份再开门.大堂经理先狡辩说是没有电池了,我是我们两个房间房卡同时没电的可能性不大,进而又说是奥运期间的保卫需要,我说我们合法入主,按时结帐没有任何违法行为,再讲违法有国家公安部门,那么凭什么限制我在有效入住时间内自由出入.希望携程给我满意的答复,该宾馆态度,服务很成问题!",9,9,0.9838225245475769
一直在用不错，强根健发，之前在超市买过两次有点贵,4,4,0.9740585684776306
带孩子入住只是希望能畅游迪士尼乐园（住客可以一次购票两天入园且中途可以自由出入），感觉还是值得的：整个园区景观幽雅，植被丰茂，各条园路均引人入胜，建议有时间可以四处走走。酒店环境不错，房间宽敞整洁，床很大，可以算作两张双人床；订的海景房，窗外远眺海湾，看渡轮往返，赏烟雨迷蒙，心旷神怡；晚餐自助餐尚可，早餐不敢恭维，孩子们如果喜欢与米奇合影，也可以尝试；建议下午六点左右回酒店到日落大道走走，海滨、晚霞、远山，值得期待。行李寄存和免费穿梭巴士很方便，入住时间下午三点，退房为上午十一时，但前后都可以免费寄存行李，不过乐园入口左侧也可以寄存，只是需要开包检查，麻烦。喜欢高球的朋友也可以到酒店后右侧早上挥几杆，我们是去游泳池享受了温水泡浴；泳池后还有个吧，看配制可以烧烤和表演，应当是晚上的节目，我们那天晚上下雨，没赶上。,9,9,0.9801360368728638
个头挺大的，吃起来也比较脆，很满意哦！,3,3,0.9971185922622681
二十四史，整整63本，中华书局。这些惹人的字眼，怎能不心动啊，象极了小时候买一套连环画的过程：先到书店选好了版本和价格，然后一次次去翻，最后经过多次的比较和选择，最后再寻找机会向父母提出要求。跟老婆要求后，立刻从股票收益里面拿出部分，多买点，这些东西可以留给儿子的，也可以影响他的成长。搬到家后，立刻吧书橱里面的旧书挪到床底，把这些煌煌巨著放在显眼的地方，好一个“喜新厌旧”。,0,0,0.978469967842102
这个苹果很脆，但不够甜，总体还行吧。,3,3,0.996275782585144
真想把一套看完之后再写评论，不过“当当真诚邀请”，呵呵其实想想这本书确实也值得写，刚看的时候觉得这本书是“盛名之下，其实难副”，比我想象中的平淡，但是看着看着就觉得想看下去，和我们记忆中的那个明朝的开国皇帝朱元璋并不太一样，大家都知道他在建国之后是如何对待以前的战友的，可是看了这本书觉得这人还挺符合一个皇帝的标准的。哈哈，以皇帝的标准看问题,0,0,0.9965760111808777
无线基本不能用，电视基本没频道，周边除了机场，没有东西。而且，飞机很吵。,9,9,0.9280084371566772
"相对于这个价位的酒店来说,还是非常好的.房间不大但是很干净,洗手间的设施也做的很有诚意.水龙头水很大,洗得很舒服.早餐品种不多,但居然还是自助餐.厨房连着餐厅,服务员做好的食物就拿出来,看上挺温馨的,真的有一点家的感觉.就是房间隔音效果不好.",9,9,0.9882802963256836
有异味，以前购买还有盒装，这次直接用袋装，感觉最差的一次购物,7,4,0.7656605839729309
离西湖景区比较近，走路几分钟就到，附近吃饭、逛街都方便。房间装修比较新，接待会议的客人比较多。比较不好的是门口老有搭客的司机兜生意。总之，性价比不错。宾馆反馈 2008年7月17日 ： 尊敬的宾客，非常感谢您对我们饭店的点评。对于您提出的问题，我们已让饭店安全部严加查管，尽量避免司机在饭店门口拉生意的现象。给您造成的不便，我们在此深表歉意，希望您再次光临！,9,9,0.9856577515602112
给一分都嫌多！强烈建议不要买！屏幕不灵，滑动总是识别为点击，无论是桌面滑动，还是使用软件是滑动，总是出现点击操作的结果，让人抓狂！百度了一下，果然不是我一个这样的，有图有真相！分辨率，卡顿什么的我就不评论了！,1,1,0.7507802844047546
宝贝颜色款式与实物图片一样，客服也很好,7,7,0.8968788385391235
这会不会都是你们蒙牛自己所为，显得你们好像总被诬陷，最近就只在前一阵子买了一段时间的三元盒装奶，感觉还不错，反正对蒙牛是没什么好印象，不会再光顾，并且不建议亲友饮用。 很久不关注蒙牛了，反正我又不喝良心企业！！,6,6,0.9844738245010376
苹果超小，不值，可以退货么，还70MM，根本没有，无良商家,3,3,0.817668080329895
运气超不好，买来开箱向下方向键就是坏的，要我打的去ACER维修站开检测单，然后还要网上填表申请保修...完全就把网上购物的缺陷体现出来了--一出问题就麻烦。希望京东尽快帮我解决。屏幕只能开90度。,8,8,0.6000919938087463
LED屏就是爽，基本硬件配置都很均衡，镜面考漆不错，小黑，我喜欢。,8,1,0.7824143171310425
包装挺用心，感觉还不错，个头小了点。,3,3,0.46166327595710754
超级不满意，当工作服了，什么东西？这破裤子呵呵,7,7,0.9787217974662781
不怎的洗时会掉色,7,7,0.871785044670105
酒店的地理位置实在不错，所以从大堂开始就令人惊艳。城景房不但在房间可以看到上海的美景，就连于是也可以边泡澡边看风景。,9,9,0.9931178092956543
11个，还小，最多4斤。上当了。以后不会买了,3,3,0.9855250716209412
性价比较高。服务态度也还行。房间小点。比较难能可贵的是，在火车站附近的宾馆晚上居然都没有骚扰电话！值得表扬！早餐相对简单，一般话。,9,9,0.9876216053962708
电池不耐用，而且后摄像头还装斜了,1,2,0.6369050145149231
。最后一瓶奶 我要补一补。但总觉得喝蒙牛很危险,6,6,0.998647153377533
还没使用，礼盒装的，看看后面使用效果,4,4,0.9719517230987549
跟以前用的不一样怀疑是不是正品还特别稀,4,4,0.9438124895095825
一般吧，价格变动太大，有时候还买不到，购物体验不好,1,1,0.2917698621749878
红红火火恍恍惚惚红红火火恍恍惚惚,3,1,0.3848074972629547
质量不错，面料摸起来手感很好，做工精细，大小合适，穿起来很舒服,7,7,0.9987311959266663
裤子好看，质量不错，穿着也舒服，服务很好，不多说，好评,7,7,0.991319477558136
1、风扇的噪音不大，应该是改装XP后噪音才会大点，VISTA可能有个调节的功能吧 2、散热很好，这个不用解释了 3、机器性能不错，主流配置这个价钱也合理了,8,8,0.989296019077301
抵制蒙牛就像抵制日货一样,6,6,0.9721664190292358
不是正品，我用了同事在实体店买的平板，有差别，但是因为已经开了又不能退，将就用了,1,1,0.9143187999725342
假货，电话查询无此号码，去年买了个表，还一颗星起评，负分，绝对差评，差差差，不要上当。马勒别墅的隔壁！,7,9,0.5932747721672058
感觉还可以，有机会再回来追评，到手有九个G的空间,1,4,0.3543407917022705
买完降价 根本不知道京东自营商品为何不宣传,4,4,0.7058096528053284
和网友们说的差不多，酒店环境还算不错，位置比较安静，房价也挺新。楼层共用空间的阅览区挺有特色，也挺温馨。酒店酒吧可以玩免费玩具和美式台球。但400多携程价格在无锡没什么竞争力，毕竟他不是市中心酒店，而且无锡酒店现在生意都不太好。宾馆反馈 2008年8月12日 ： 感谢您对我们酒店支持与厚爱，酒店全体员工期待您的下次光临！！,9,9,0.9923182725906372
早餐太差了，不值得入住但是上海延安饭店位于延安中路，介于繁华的南京路和淮海路之间，邻近静安寺商业区、上海展览中心；酒店三面环绿，环境幽雅，交通便利。,9,9,0.9959030747413635
收到了，很好很不错，质量非常好,7,7,0.7408487796783447
没有想象中的那么好,1,7,0.44140690565109253
太差了，质量不好,7,7,0.7802265882492065
垃圾质量，穿不够两周破洞了！！！,7,7,0.9967330694198608
别上当就行 想买的 比平时大两个码去买 估计还会勒死人 简直就是杀人的衣服 都不知道哪些好评是怎么来的,7,7,0.9121665358543396
太希了，再也没有以前质量！！！！！！太希了，再也没有以前质量！！！！！！太希了，再也没有以前质量！！！！！太希了，再也没有以前质量！！！！！！太希了，再也没有以前质量！！！！！！太希了，再也没有以前质量！！！！！！太希了，再也没有以前质量！！！！！太希了，再也没有以前质量！！！！！！,4,4,0.40714290738105774
服务很不错，服务员也很有礼貌。房间宽大，设施非常全，房间拖鞋不错，比其它酒店的好多了。酒店位置也很好，购物，娱乐，都很方便。总体很好。,9,9,0.9655585885047913
做活动的时候涨价*，以为是在做活动的时候能便宜点，大骗子,1,1,0.37255626916885376
下大雨，快递小哥一样风雨无阻，东西也很漂亮，京东还是一无既往的值得信赖,1,4,0.5419268608093262
裤子好长，又跑外面改裤子。穿着不舒服，差评!,7,7,0.9890004396438599
不知道该怎么说，京东的快递都不能送上楼了？你说怕丢东西都可以理解，你说你要理货，没空。,4,1,0.4881119430065155
产品看电视很不错，给我弟弟买的声音很不错，我买的是可以打电话哦，,1,1,0.7160747051239014
不好吃，不好吃，太硬了，又硬又酸，好像没熟一样。,3,3,0.9948022365570068
味道很香，618买入价格也很非常合适，送货也很快，期待头发柔顺的效果。,4,4,0.963921308517456
替朋友买的也不知道好不好，给个五分把,5,1,0.41123393177986145
小了一颗螺丝，本来要在现场装内存的，那个工作人员说装内存要斯掉条形码（他说有螺丝压在条形码下面），所以就没帮我装，回来自己看说明书，条形码下根本没有螺丝 被忽悠了，有点不爽,8,8,0.682839572429657
不好买来好后悔玩游戏好卡差评。,1,1,0.9571014046669006
不新鲜，个头小，除了包装好，可能一无是处,3,3,0.9881129860877991
买了5条裤子换着穿，还好，没有想象中的评价那么不好！,7,7,0.9777000546455383
水果蔬菜买过很多次了 每次都很满意 快递小伙也很好 会经常来买的。,3,3,0.6376834511756897
为什么给一个星呢 因为没有半颗星。手机特别重 主要是如果坏了 没有配件修 如果你是土豪 手机坏直接扔垃圾桶里 要不然你就慢慢等配件吧 国产品牌售后没配件 如果三星 苹果坏了当天就有配件修好了 华为一个星期能出8个型号的产品 你说说坏了去哪里找配件呀 我这钱花的冤枉呀 上老火了！,1,1,0.7653018236160278
本来想买独显的机器，可惜这款不是独显的，如果是的话就更好了。 不过本人也不玩游戏，平时工作娱乐都够了。,8,8,0.7240082025527954
说实话购物不是很理想买来没开机就死机,1,1,0.8635374307632446
屏幕8.4寸，是16：9的，这样就可以完全兼容手机应用。但是稍显修长，和印象之中的平板不太一样，打王者荣耀的时候累手。音质好，金属质感不错。,1,8,0.4025641679763794
洗头水很顺滑，护发素很柔顺，都非常好，味道也很好！总之就是好。,4,4,0.9639282822608948
苹果收到了在保鲜柜里的，没有坏的产品，挺快的，可口很甜，京东自营值得信赖,3,3,0.934694766998291
声音音质好，色彩好，运行流畅，但就是电池电量下降太快了,1,1,0.5986979603767395
京东正品，非常喜欢，很好用，又便宜，送货速度快 ，不用自提 太给力了。京东正品，非常喜欢，很好用，又便宜，送货速度快 ，不用自提 太给力了。京东正品，非常喜欢，很好用，又便宜，送货速度快 ，不用自提 太给力了。,4,4,0.7381953001022339
第二次买了，这回运气不好啊，一大堆烂的。。。,3,3,0.5535337328910828
不错的宝贝，希望下一步继续努力，价格上继续保持亲民，我会一如既往的支持你的！！！！,3,7,0.4178796112537384
一点也不甜不清脆，只能榨汁了。,3,3,0.9961891770362854
希望这款会舒服点，包装太简单,7,4,0.654012143611908
当初蒙牛让中粮入股是明智之举，国有控股，伊利的骚扰就少了很多。当然，也由此带来了管理质量下降的问题。可是相比老梁，老牛就惬意多了,6,6,0.9984160661697388
感觉不是正品 我一直都用清扬的洗发露 第一次在网上买,4,4,0.9959446787834167
衣服偏小，售后...,7,7,0.9459559917449951
包装完好无损，已经用了，头发很柔顺，洗发水味道清香型，一如既往地支持京东。,4,4,0.9757634401321411
苹果个头中等，看起来也还不错，吃起来够甜，和超市买的差不多。,3,3,0.9992187023162842
一点都不好，洗完以后感觉头皮好痒，不知道是不是假的,4,4,0.9895608425140381
装XP非常麻烦，开机没声音，桌面右下角的小喇叭每次都要请出来。,8,8,0.6055216193199158
猕猴桃：蒙牛的饮品我喜欢猕猴桃口味的，果汁猕猴桃味道的，猕猴桃片，猕猴桃本身我都喜欢。。。。大前天之前我却从不知道自己喜欢猕猴桃,6,6,0.9913149476051331
个小皮厚，很久没有吃到这么难吃的苹果了,3,3,0.9997523427009583
活动买了一次，买了很多，感觉还是不错。物流，真是让人称赞，早上下单，傍晚就到了。,4,4,0.566313624382019
机器质量和分量还能说得过去，就是外包装太简陋，京东自营的包装是硬伤，不带这么节省成本的。外包装盒居然连塑封或薄膜都没有，打开盒子一看里面的隔层设计同样令人失望，不像两千多的货包装应有的材质和质感。建议手机厂商以后用塑料加泡沫的方式塑封手机和配件，会更省成本。,1,1,0.6191290616989136
质量还可以，就是太薄了！,7,7,0.47393909096717834
对蒙牛已无力吐槽！！,6,6,0.9800957441329956
老品牌，没毛病 摸的质感很好 还没有上身 过两天天气暖和了穿,7,7,0.9608402252197266
做工粗糙，地摊货,7,7,0.5760324001312256
昨晚买的，今天早上就到了，服务态度也好，东西也好用……,4,4,0.3542441129684448
洗一次就白了，两次不像蓝色，穿好几年一样的,7,7,0.9883542060852051
用着还行吧，传说中比较好的一个牌子了，正好回家买来体验体验，不知道发质还是怎么回事，我用着感觉一般，好像不如以前用的，但是也可以，好评,4,4,0.9827334880828857
南极人2017春装 休闲裤男 韩版修身加绒加厚男士休闲长裤保暖直筒裤小脚裤子男。买的常规款，给我发的是加绒款，就这样了。,7,7,0.9941115975379944
至少8个有糖心，好吃，家人都喜欢，大小适中，送礼的话小了点,3,3,0.9879072308540344
我入住的是单人间（大床）。房间和洗手间不是很大，但一个人完全够用、好用；比较干净、整齐，上网是免费的（计算机需自备）；位于市中心的酒店有这个价位是很不错的，能含早餐就更好。,9,9,0.9951958060264587
就那样吧～感觉不是很好用～不知道真假,4,4,0.9707579612731934
"你知道有这么一头牛吗?他不爱抵角,不爱刨地,不爱跑不爱跳，他喜欢的是静静地坐下栎树下，静静地闻着花香。他叫费迪南。他的妈妈一开始很担心，费迪南总是这么一个人呆着，会不会寂寞？但当费迪南告诉妈妈自己很乐意这样呆着静静地闻花香时，她那善解“牛”意的好妈妈很放心地走开了，让自己的儿子按他的意愿生活着。书的最后，写着：他过得很幸福。我真喜欢这头牛，我真喜欢他那善解“牛”意的妈妈。",0,0,0.9956426620483398
哈哈，感觉还是可以，下次再来.,3,9,0.3339260220527649
第一次买的很好用，这是第二次购买涨价了不说，垃圾的要死。洗了头屑超的头又痒。感觉是水货。,4,4,0.9940231442451477
给老爸买的~~~*~~~不知道京东有价格保护的服务，错过了七天申请期限，最后给我返了*东西怎么样不知道，反正速度真的快~~~还不错，值得推荐,1,4,0.5381079316139221
惊不惊喜，刺不刺激。看图不说话。,3,1,0.3120366930961609
收到都很不错，味道也不错，性价比高。,3,3,0.5154572129249573
什么破裤子你妹,7,7,0.9079405665397644
可以的，性价比高,1,1,0.5208119750022888
质量太次了，掉色，而且颜色像是贴上去的！亏大了，也就值30,7,7,0.6643791198730469
一点都不新鲜 还有烂的 味道很酸 还没路边上买的苹果好吃,3,3,0.9995055198669434
蒙牛新包装好清新~,6,6,0.9163691401481628
在南通这种地级市，能有这样的宾馆，算是很不错的啦。有一些小的缺陷，但不会影响质量。,9,9,0.9532491564750671
还不错，运行流畅，就是好多应用需要华为账号外形还行，就是黑边有点大，,1,1,0.888570249080658
一点不好，给妈妈买的，来电声音一点小，妈妈根本听不见，什么手机撒。,1,1,0.6336625218391418
这样的苹果还叫70的，图片中间的这幺小，又不好吃,3,3,0.9889016151428223
只能给个差评了，以后都不会再订这家了吧！前一秒订完付完钱，后一秒要改房间，又不是不住了，死活不给换，也是无语了。,9,9,0.9868584871292114
酒店性价比一般。,9,9,0.9816303849220276
好评，不好评都好卖！自营商品大家都会喜欢。京东比他宝好多了。,3,4,0.4433576166629791
东西不错，质量也挺好，有机会再次购买,1,7,0.3408249616622925
酒店设计古色古香，很喜欢外面的花园，位置于相当方便，十分近苍山门。早餐还可以，款式不少，服务亦称心。,9,9,0.9794450402259827
便捷的平板，看电影看小说很方便,1,1,0.9186359643936157
这还真是不要脸了，这幺小的一个果子？放到我们这的超市都没人会买！,3,3,0.9980728626251221
刚买就降了***。搞什么618大促销。还不能价格保护。差评。,4,4,0.43023452162742615
的 不怎么玩也够用,1,1,0.7499583959579468
但比108多了挂绳孔,2,2,0.5888543725013733
很顺滑不错。洗发水很好。下次还来,4,4,0.9592664837837219
还不错值得购买挺好用,4,1,0.41477036476135254
唉唉唉唉唉唉唉,9,6,0.27140313386917114
环球城大酒店整体来说还是比较满意哦！房间比较宽敞，有阳台，站在阳台吹吹风很舒服。价钱稍稍贵了些，早餐一般吧！我们住了二天，还好第二天早餐喜欢吃的鸡翼吃哈哈！打扫房间服务员态度挺好的，值得表扬。可是住在亚龙湾去海边很方便，可是去市区吃饭就稍远了些。补充点评 2007年11月12日 ： 入住酒店的人也不算太多，健身房是免费的，我们也去玩了一下哈哈！,9,9,0.9928612112998962
苹果太小，而且不新鲜，而且个别苹果有瑕疵！包装日期还是5月18号的,3,3,0.8595647215843201
买了三份，没有一份分量足的，而且个个都特别小，这次真的购物很失败，是京东自营的吗,3,3,0.7797778248786926
“十一”开车去的。在宾馆接线员的热情引领下，较容易地找到了它。然而，进入房间后，一切都变了：房间只有一楼的，电视遥控没有的，空调不是全天的，电话拿起不通的，询问服务小姐一问三不知的，旅游咨询是空的，住了三天两夜是一尘不变的。不过，宾馆餐厅的菜好象比外面的土菜馆烹饪得好一些，但是价格……不作评论！下次再也不去喽！,9,9,0.9756885170936584
感觉不是真的货，洗完头发油的一条一条的，还是应该在实体店买，不应该贪便宜,4,4,0.8923978209495544
买了送给我姐姐的，女生头发长，赶觉这个很实惠，而且沙宣也一直是个品牌，姐姐很喜欢,4,4,0.8998814821243286
非常好用，屏幕大，系统运行非常流畅，指纹秒解锁的,1,1,0.6352907419204712
尺码不符标准，严重掉色，勿拍,7,7,0.9991681575775146
还不错，性价比高，面料不够软,7,7,0.978627622127533
一次特别不满意的购物，投诉无门，17号到了配送，一直等到24号，客服电话打不通，给114打电话才找到了呼市的配送网点的电话，才知道有部分商品丢了，期间也没人打电话告知，还是自己打电话问出来中途包装破损丢了，如果一直不打电话估计杳无音讯了，最讨厌的是想打电话问问什么情况，没有专门的投诉窗口，这就是京东，第一个用这个软件，却让人特别失望,4,1,0.6660506129264832
sl400的问题网上很多，可以参考，无线容易断网，启动的时候很响,8,8,0.8476145267486572
面料太差不是棉的，亏大了,7,7,0.9951032400131226
价格就不用说了，秒杀的商品比超市要便宜。重要的是看质量。京东产地直选的产品，第一次购买，感觉还是很满意，从包装，到口味 以及配送，真的不错！,3,4,0.4768259525299072
收到货时，想着个头虽小，样子看上去还挺新鲜的，想给好评来的，没想到这么恐怖！,3,3,0.9478223919868469
苹果看起来很不错，吃起来也好吃，比较喜欢苹果,3,3,0.9948834776878357
太失望了，第一次就少发牛仔裤，返回去又发2条一样的休闲裤,7,7,0.9511076807975769
相信国产品牌，更是支持华为，外观漂亮，用着流畅，小孩子喜欢,1,1,0.9191442131996155
大家请慎买，新买的机子什么都没下载就打电话不到十分钟特别发烫，而且是十分热那种，咨询客服就一味的说智能机就是发热，谁用智能机打电话十分钟不到就发热，充电慢最少三小时，而且半小时只充电都发热不做别的，大家买之前注意了京东都是翻新货多现在的京东什么卖家都有一点都不严，还诋毁智能手机，难道不用充电都发热？还是打电话不允许超过十分钟？请各位买家慎重了,1,1,0.8757803440093994
可以录音六分钟。也好操作，可以当一个录音笔用了。,2,2,0.543538510799408
通话平板竟然不带耳机，不送保护膜？,1,1,0.9072975516319275
挺好的，没有坏的，京东自营送货快，服务好,3,3,0.3500189781188965
期间客服来了两次电话，包括晚上快11点还打来了一次，苦苦央求我把退货改成了换货。,1,1,0.2913869619369507
属于政府招待所，酒店设施非常一般，服务态度也不太令人满意，房间的床上用品不干净，枕套居然是有大面积油渍的，换了一个居然还是一样，床单下有很多头发，被罩上还有零星的血渍，早餐质量太差，天天一样，令人没有食欲，18元的早餐也就是喝碗粥，吃个鸡蛋。希望邯郸地区的酒店能够尽量提高质量和服务水平,9,9,0.992755115032196
比市场的新鲜，对比了一下，算起来每斤的价格也比市场的便宜。赞一个,3,3,0.9755253791809082
不能给小灵通发短信,2,2,0.7270174622535706
"酒店的大堂不大,看起来不够豪华.但是服务人员都非常的热情.房间比较大,设施一般但是还算干净.第一次入住该酒店,到大堂询问附近的餐厅,大堂副理居然是非常年轻的漂亮小姐,笑容让人很舒心,好意的提醒我们原本想去的得月楼只不过名声在外,不实惠味道也一般,并且热情的介绍了边上的天竺酒楼,去是过以后果然如她所言实惠又好吃.吃完饭过后到附近逛了才发现地理位置非常好,逛街非常方便.顺便提一下,酒店内部有一个沐足的地方,房客用抵用券可以打折扣,按摩的手法非常的专业.第二天走的时候门口没有出租车,行李生冒着大雨出去叫车,还是非常的让人感动的.补充点评 2008年1月20日 ： 软件达到五星标准，硬件打个３.５星吧，应该改造了，呵呵．下次还来",9,9,0.9886670112609863
"一切正常,东西也不错,就安装费要到180太黑了",5,5,0.5229420065879822
外观漂亮，商品质量很好，服务好，送货快。,1,7,0.6049321889877319
说真的京东的服务本来就很好，这次第一次在京东上买的水果，体验就更好了，我老婆说现场让拆开一箱一箱的看，不好的话，就给换！太棒了！！！,3,3,0.9042491316795349
京东配送是个大坑。电话不打，直接把货仍在别人家。也不跟对方确认，扔完就走。,1,4,0.3883061408996582
1.散热好，非常好 2.屏幕很亮很清楚 3.觉得键盘也不错 4.摄像头非常清楚 5.最重要的一点，性价比高,8,8,0.8007622957229614
物流太慢，等了五天才到，客服态度也不好，连个贴膜都没有送，系统反应好像有点慢,1,1,0.4843442440032959
一直信赖京东，在京东买过很多商品，但这次真是糟糕。如果可以打零星的话我应该就给零星。可以看我上传的照片，何来的75mm，两个苹果放在一起也就一支中性笔的长度。真是醉了，唉，失望……,3,1,0.4267544746398926
才买完几天就出了优惠套装？你们这是欺骗消费者！对你们太失望了，以后绝对不会在来买！,4,4,0.42027321457862854
货用了不到一个月喇叭就坏了,1,1,0.5835001468658447
太烂！！！！！！！！,7,7,0.29680135846138
裤子上有很多线头没剪,7,7,0.99153733253479
服务态度非常差,9,9,0.7594270706176758
东西还没收到，居然就已经完成收货，坑,1,4,0.47466230392456055
裤子版型很好，穿着很适合，面料也很不错，真是物有所值，太开心了，下次还会来光顾的。,7,7,0.992751955986023
这一颗星是给物流的，太失望了，下了订单三天了还没出库，说的次日达结果等了四天半,4,4,0.3847832679748535
"8月1日入住该酒店,对携程网的服务非常非常满意,安排的房间非常非常满意,住的行政海景房,房间很精致窗外的海景更是美不胜收,早餐也很丰富有一些小零食,很细心,很干净和价位相符的酒店,比海航要好多了,一点瑕疵就是打客服电话需要服务,反映过慢,",9,9,0.9857936501502991
"干净,交通方便,服务态度也不错,368的房间带的早餐也可以.就是老宾馆,设施较老.价格略偏高",9,9,0.9882650375366211
设施老久环境一般，性价比不高,9,9,0.9853736162185669
还不错哦，用来看视频是最爽不过了,1,1,0.9310188889503479
又小不新鲜到货又久，再也不在京东买了,3,3,0.8780910968780518
大骗子，比庞氏骗局还能骗，往我的家里寄一堆废铁走私品干嘛？机器就像是小作坊的次品，又没有赠品、发票、质保,1,1,0.39458873867988586
很好，京东物流超级快，昨晚下单，今天下午就收到，很满意，特地闻了一下是正品跟我在超市里买的一样，比超市便宜。物美价廉。五分好评。,4,4,0.467390239238739
酒店服务员态度很好，晚上还送两个小玩偶到房间．但是酒点的自助早餐实在不感恭维。因为餐厅是敞开式的，所以没有空调（喜来登也是这样，但也有封闭的带空调的餐厅，客人可以自己选择），虽然海风习习，还是会有些汗，如果吃现烧的米粉，会很热。但是最受不了的是苍蝇蚊子，苍蝇在食物上或飞或停，蚊子围着我们打转。所以每次早餐，我们点现煮的，并且以超快的速度吃完。,9,9,0.9424510598182678
脆脆的苹果，很好吃，糖分含量也适中,3,3,0.9891246557235718
不新鲜，还比较脏。京东外包装很好，但这种货不值得采购并用这么好包装!,3,3,0.6742326021194458
一直都从京东订生鲜，很满意，特别好吃，信赖京东！辛苦快递小哥啦！,3,3,0.8727002143859863
质量不错，版型好看，穿上很舒服,7,7,0.9990310668945312
现在开始忽悠人了，第一次还行，如果到第二次就开始调包，以次充好，不建议大家在此买生鲜,3,3,0.7775771617889404
昨天晚上下的单，今天下午就到了这速度，估计也只有京东有了吧，而且，太实惠了，买到就是赚到，满满的惊喜啊，比超市便宜多了,4,4,0.810591995716095
平板很好用，之前一直以为华为的系统不行，现在发现错了，系统优化的很好，可以升级到基于Android7.0的定制系统，UI也很不错（拟物风格，虽然我更喜欢原生Android的material design，但是这个看上去也可以啦），各种针对国人的定制功能也是可以的，作为平时看看电子书PPT和视频用来学习的话还是很好用的，必须吐槽的是预装的Microsoft office，真心没有桌面端好用，还不如WPS呢。其他还是很好的啦~,1,8,0.8577383160591125
昨天下单，今天就到了。不错挺好的。还送套，膜还有乐视卡,1,1,0.7595086097717285
第二次买了，一如既往的好～满意满意满意满意……,3,3,0.35047152638435364
开学前，给我侄女（满五岁了，可以看一些书了）买了一套，现在过寒假了，我问她书好看不，她说：“字太少了，看不懂，不好看”。看她那不屑一顾的样子，我知道不该盲目相信网上的销量排行榜。,0,0,0.9984862208366394
使用后感觉价不所值。跟普通*一瓶的差不多。,4,4,0.9917312264442444
太一般了，我以为一件是七斤，结果才五斤，那就*1斤，超市八零的也就*，我还一下子，买了20斤。还不好吃。,3,3,0.5319206118583679
说好有赠品的！货到了！赠品没了！欺骗 消费者,4,7,0.2957712411880493
提前一天定，隔天就降了300块，太亏了，京东还不给补偿，郁闷。 机器没装系统，要自己装，不是很方便。,8,8,0.625798761844635
此次去三亚，共住了3家宾馆，第一家是三亚湾的普通的，感觉还算干净，只是没热水，而且进房间的时候发现了一只壁虎，吓的不轻。第二天住提天域，虽然感觉没有喜来登的好，但是确是此次三亚旅游入住的三家中条件最好的，只是早餐太贵了，又没东西吃.珠江在大东海，所以俄罗斯人特别多，而且当地人去海滩的也多，感觉好像太嘈杂了。我们后来改为海景房，看海景还不错，阳台太小了，简直是可怜，房间还可以，吃的也是恶贵，午餐一个蔬菜、一个点心、一个菜泡饭，结帐要100多，晕倒。还有要提醒的是如果到春园那边吃海鲜，需要有耐心，我们三个人，点了4-5个菜，结果等了2小时，才把所有的菜上完。（还是老板娘亲自出马催，才在2小时之内吃好）,9,9,0.9750656485557556
买了四件背心，四种包装。两种吊牌。背心上到处都是线头。联系客服还好牛，反复就是一句话，不满意就退货。,7,7,0.9318658709526062
一如既往的买买买，看着质量不错，吃起来酸甜的也不错?,3,3,0.8978789448738098
在不敢喝奶，唯恐一不小心被蒙牛，伊利「毒死」的年代，路边阿婆的老酸奶让你放下胃蕾的戒备，难得放心喝一口。,6,6,0.9882385730743408
款式不错，质量很好，穿着舒服，满意好评。,7,7,0.9918678402900696
酸甜味，很好吃，物流快，我没时间去拿，一个电话亲自帮我送到家，很感谢。京东值得信赖,3,3,0.8126440644264221
坐落在香港的老城区，可以体验香港居民生活，门口交通很方便，如果时间不紧，坐叮当车很好呀！周围有很多小餐馆，早餐就在中远后面的南北嚼吃的，东西很不错。我们定的大床房，挺安静的，总体来说不错。前台结账没有银联！,9,9,0.9948887228965759
"看了楼主的发言,不由得精神为之一振,自觉七经八脉为之一畅,七窍倒也开了六巧半,自古英雄出少年,楼主年纪轻轻,就有经天纬地之才,定国安邦之智,古人云,卧龙凤雏得一而安天下,而今,天佑我大中华,沧海桑田5000年,中华神州平地一声雷,飞沙走石,大舞迷天,朦胧中,只见顶天立地一金甲天神立于天地间,这人英雄手持双斧,二目如电,一斧下去,混沌初开,二斧下去,女娲造人,三斧下去,小生倾倒.得此大英雄,实耐之幸也,民之福也,怎不叫人喜极而泣.......古人有少年楼主说为证,少年之楼主如红日初升，其道大光；河出伏流，一泻汪洋；潜龙腾渊，鳞爪飞扬；乳虎啸谷，百兽震惶；鹰隼试翼，风尘吸张；奇花初胎，皇皇；干将发硎，有作其芒；天戴其苍，地履其黄；纵有千古，横有八荒；小生对楼主之仰慕如滔滔江水连绵不绝,海枯石烂,天崩地裂,永不变心.",1,0,0.7645440101623535
拒绝蒙牛，不订新闻晨报！ 蒙牛从我家的采购列表里永久删除了 BS，坚决不喝蒙牛 鄙视你，不喝蒙牛会死啊!,6,6,0.9962732791900635
非常不错，快递也很快。华为品质，京东速度。,1,1,0.7655876874923706
除了硬盘小点，赶得上山寨本本啦，屏幕边框太大，有点视觉误区，不过装系统很顺利，价格实惠一个字！！！,8,8,0.911048948764801
大陆的物业公司与业主以及业主委员会之间势如水火，原因很多，“没有规矩，不成方圆”，即便有了所谓的《物业管理条例》，仍然缺少法律的内在价值评析体系，业主的权利与义务仍然只是一纸具文，不足以让各方在其位、谋其职。台湾的《公寓大厦管理条例》条文不多，然则直指人心，本书解读，人文关怀良多，法律之外，家园情结尤其令人一叹。昔日鸡犬相闻的景致依然远去，但愿公寓楼中犹有天涯比邻。,0,0,0.9861723780632019
轻，非常轻，很好，比期待中好很多，这次发货也很快隔天就收到了！,8,7,0.38652727007865906
六心电池装在后面突出一大块影响美观，速度慢机器有点卡，放歌一停顿一停顿，重量比一般的上网本重，触摸板鼠标反应不灵敏，滑的区域太小，,8,8,0.8895081281661987
"酒店环境,房间档次都很不错,服务水平专业.住了两天,感觉确实比较不错,二楼自助烧烤给人宾至如归的感觉",9,9,0.987657904624939
送货速度快，是正品，气味很好闻。,4,4,0.40010499954223633
昨天下的单，今天收到货了，感觉大小刚合适，暂时没有发现啥问题，等用一段时间再来追评,1,1,0.3196549713611603
昨天刚到手 感觉不错,1,1,0.4937632381916046
裤子还凑活有点太古板,7,7,0.984322726726532
1、看网页拖动时拖影严重，看视频弹幕文字重影。2、充电插口非常难插，明显设计缺陷。,1,2,0.7425568103790283
刚买来时，看外表还行，可是内部太垃圾了，有时看电影都卡，而且根本不敢下载什么东西，特别容易死机，讲真，一星都不想给,1,8,0.48101675510406494
不好吃，没有 陕西白水和宏辉果蔬的好吃,3,3,0.9816442728042603
杰出企业的标准是什么呢？三个力：影响力，能够成为一面旗帜；生命力，能够经受住死亡考验；贡献力，能够给人们带来幸福。中国蒙牛董事会主席,6,6,0.9303741455078125
施华蔻的洗发水，包装真的太差劲了！我收到的时候已经漏了不少洗发水出来，不是那个按压的喷嘴坏了，是瓶盖没拧紧。不知道是出库就这样还是配送途中把瓶盖压到爆开了！包装非常简陋，完全没有防震防压的纸或者泡沫，纸箱也不厚实！,4,4,0.9564637541770935
虽然是蒙牛的，但素真的很好喝，感觉比棒子的香蕉牛奶味道还要浓郁些，最后谢谢费老板金钱支持感恩诶！,6,6,0.980983555316925
酒店的服务非常好，工作人员很热情很有效率。大厅超级大，房间装修有一点点旧，不过不影响本人对这家酒店的好感。酒店离机场10分钟车程，非常方便。门口是在建的高架，周围环境目前一般。,9,9,0.9879663586616516
我买这个手机后悔死了，特意又下载了京东来给差评！！！！手机刚买回来头几天还好，一周多开始屏幕就出现卡顿现象，我打开短信退出准备打电话屏幕就卡住不动了，或者打开微信屏幕就动不了。每天屏幕会出现频繁卡顿，我之前的手机用了三年才出现这种现象，而且我最怕手机占内存，相册里只有不到十张照片，app只有几个必要的，更从来没下载过游戏，就这么卡！！！我当初傻了才只看好评！我甚至怀疑我买到了翻新机或者次品！再次忠告，千万别买！,1,1,0.7477896809577942
还不错，用称秤了，分量够，没有烂果，看着还挺新鲜，价格和超市差不多，但方便，不用自己去超市买了，快递哥很准时，完好无损送到，赞一个,3,3,0.9945007562637329
裤子是不错的，但是大小不合适，我明明仔细对比过各种参数，这个裤子的码数偏小1个号。,7,7,0.9974141120910645
一直使用沙宣洗发水，味道好闻极了！正品，安心使用！京东自营，质量第一！广告策划语中说的那样，飘逸、柔软、顺畅、光泽、含水量高解决了干燥粗糙等问题！秒杀！划算到爆！京东速度快递！,4,4,0.982591986656189
刚买就降价，只能给差评。,1,1,0.5747708678245544
感觉是假的 洗了头发很油 没超市买的好,4,4,0.9793570041656494
这个手机台差了，反应速度太满，老人用还差不多，不建议购买,1,1,0.8714027404785156
太吵了根本睡不着，司机根本找不到，价格又高,9,9,0.9214895963668823
前台服务态度很差 我是6月28好上午11点左右到酒点大堂的 到了以后一男一女两位前台接待根本就不跟你打招呼问好 其实也就一人在开房一人在退房 把我量那儿大概有6，7分钟 等他们忙好了直接从我手上接过身份证和信用卡 其间一句话也没说 那时候我已经有点火了 我主动说我是携程订的 男接待找了半天才找到单子 我原先预定的大床房 因为看到前面朋友的点评特意没要15号的房间 我在订的时候还特地注明了 男接待看也不看也不跟我说明原因直接开了15号的房间 等我问他怎么是15号房间的 他说已经满了 我又问到我已经订好了为什么没帮我留既然没有我还要订房间干嘛 他哑口了 然后又查了下说有大床 说要打扫房间 等了10多分钟说有416 然后又换了1216 反正这次入住极其不爽 好在房间还算干净 但是设施陈旧 都掉漆了 以后再也不会住这家了,9,9,0.9823708534240723
"好评!真实惠，平时也挺喜欢用清扬的，这次可真的可以用好久了牌子也不错的，拿到快递沉沉的，分量很足好大一箱价格也划算！是正宗的。包装结实，外面还有一层泡沫包装。最重要是比超市便宜呀，下次还来这里购买。这次是很愉快的购物！跟图片上的一模一样,期待店家多做活动.",4,4,0.7407869696617126
收到快递瓶子盖都已经打开了，露了好多出来。很生气,4,4,0.39542487263679504
起头皮屑，用过后才评价的。,4,4,0.984963595867157
买到了假货，刚洗完就跟没洗一样油,4,4,0.6476679444313049
这个裤子不是一般的差，是相当的差，穿一次起球相当严重。,7,7,0.9987707734107971
京东线下体验店买的，很不错！,1,4,0.4898017942905426
小的有点尴尬了吧，，，，，，，，，,3,3,0.42503249645233154
宝贝以收到，卖家服务态度也很好，检查看了下没有瑕疵，图片颜色和裤子上的一样，下次还来买,7,7,0.9917159676551819
"还好，本来下岗了，穿着这条裤子去面试，一次性成功，感谢playboy,感谢京东商城！！！！因为白条买的",7,7,0.7580222487449646
说好的送贴膜的呢？没看见，晕…,1,4,0.4482623040676117
苹果是坏的，对京东自营的水果太失望了，坏了几个,3,3,0.9897187948226929
聊斋不行 薄的很,7,7,0.30217358469963074
"很一般的商务型快捷酒店, 地理位置还可以",9,9,0.9935664534568787
信号太差了，远不如CDMA其它品牌。,2,2,0.5034773945808411
之前一直用华为，很喜欢，很好用,1,1,0.9489331841468811
豆腐渣。到手开机半天都不动，真是太垃圾了。头次用朋友账号购买。再也不上京东购物了,1,1,0.4497829079627991
快奔三了，在家带孩子后，脑子也不太动了。最近总觉得自己的记忆力、思维能力日益下降，真是有点怕自己老了万一得老年痴呆可惨了。得干点什么，不要让脑子闲下来才行。干点什么好呢？啊~~~ 被英语单词好了，将来可能还用得到呢。于是乎，在当当里淘了几本“别笑”系列的英语书。这几本书还不错，可是，总是坚持不下来，可能目的性不够明确的原因吧。有一天，无意间淘到了“数独”这种书，才知道有这种书的存在，然后在一系列相关的书中，选了这本。收到后，觉得挺不错，很锻炼脑力，做出来后，也很有成就感。挺好的。推荐！,0,0,0.9967992305755615
苹果酸，没原来好了，不值当了，哈哈哈哈哈哈哈,3,3,0.8276796936988831
是正品价钱还可以，京东买东西要的是送货快。,4,4,0.44683748483657837
洗发水收到了，618买的，还是第二次购买了。会一直关注清扬洗发水的。,4,4,0.9819097518920898
绝对是徒有其表的一家酒店。4月30日晚入住，室外温度30度的情况下，房间没有空调，当我们提出意见时，居然说怕客人着凉？！！我们盖的可是鸭绒被啊！再三要求下，拿来一个电风扇忽悠我们...第二天早上的自助餐厅也是一样的闷热。堂堂所谓4星酒店，连空调都不舍得开？这样的酒店大约是不会再住的。,9,9,0.9942149519920349
纯粹是一本自辩书，上当了！内容浅显，作者总是在滔滔不觉的为自己辩解，纯粹是一本炒作包装自我的书！,0,0,0.9985805749893188
"不能住靠马路的房间,太吵,一晚上没睡好.旁边有个大超市,吃饭方便",9,9,0.9879572987556458
很好，一直都在京东购买，送货快。,3,4,0.37906599044799805
这是一部很不安妮宝贝的书。虽然拗口，但感觉只有这样才足够形容。安妮宝贝一贯给我的印象是一位心情复杂而沉重的沉默女子，习惯用笔代替语言，独身在一个角落静静刻读阴沉的文字。所以当我看到一本来自于伊的散文集时，下意识的忽略掉。我猜，这肯定又是那些一成不变文字的翻版，阴冷的充满凉意。但不妨打开第一页，先看看目录。这本书是一个跨越，一个改变，这是我从目录中觅得的。,0,0,0.9994465708732605
快递半天才送来，不对图，都坏了，送人的非常不满意，谁还敢多次买了。,3,3,0.36103153228759766
性价比高，送货快，售后好，信京东 值得推荐。,1,1,0.3838213086128235
几年前住过印象还可以，这回就也选的这家，没想到一点没进步还后退很多，设施老旧就不用说了，餐厅价格上涨离谱，搞一个什么内蒙美食节，结果大概45分钟后上来的羊肉根本不是烤的，用面包糠炸的，一小份158！还巨难吃！下回就算赶飞机也不会入住这家了,9,9,0.9761683344841003
蒙牛牌子蓝瓶的很好喝,6,6,0.7198148369789124
客观的说，在平湖算是比较好的酒店，毕竟是挂牌三星。200多的价位，平湖像样、正规一点的，出只能是这一家了。房间设施还全，服务也蛮热情，性价比一般，毕竟是小城市，也没有过多的选择。,9,9,0.984052300453186
"作为喜达屋的金卡会员,喜来登就是品质的保证,所以好的不多说了,鸡蛋里挑骨头说点需要改进的吧.1.房门自动关不紧,要拉一下,有点危险.2.前两次入住一早会把帐单从门缝里塞进来,感觉很细致,这次却没有,可能是入住人太多了忙不过来.3.中午吃的自助餐,海蟹肯定不太新鲜,要重视啊!4.最不爽的是：这一年价钱涨得太快了！另外，这次入住的是高级大床房，感觉反而没有舒适大床房好。个人觉得喜达屋旗下的酒店各有千秋，象艾美是奢华和大气，豪达喜来登是复古和庄重，福朋的特色则应该是精巧雅致，房间一大反而失去了那种紧凑感。（所以楼下有人评福朋的房间小应该就是指的舒适房，但岂不知这才是她的特色。）还有携程的信息可能有点问题，舒适大床房中的大床可能是queen size的，高级大床房的大床可能是king size，两者不仅是房间面积的不同，有机会应该核证一下。",9,9,0.9887732863426208
味道一样，感觉与实体店里的不太一样,4,3,0.6304620504379272
东西不错?，给老婆大人买的，还行?没买贵,4,4,0.4752832055091858
这刚买了半天就闪屏，到底是什么原因？联系卖家，卖家理都不理你。什么垃圾，丢华为品牌的脸。,1,1,0.9559991955757141
这也太坑了吧，二十几块钱一个的火龙果就这么点大。还说是大果，我看小果都有这么大吧。失败。这一星是给京东快递的。,3,3,0.9966201782226562
哎··蒙牛出问题了，伊利还远吗？ 还好从来不喝蒙牛,6,6,0.99982750415802
我怀疑我是不是用的墨水在洗衣服！    吓得我差一丢丢就把裤纸扔垃圾桶！,7,7,0.6059987545013428
水果就是图个新鲜，可你这苹果都放一个多星期的了，里面都发霉了，这样的水果也能拿出来卖给消费者吗？下次谁还敢在你这平台买水果啊？,3,3,0.9383702874183655
到货了 就穿一次 现在在那扔着呢,7,7,0.8370906710624695
刚回来的板子一直登不上华为帐号，询问客服就把问题推到电话客服那，然后关了我的客服窗口再也点不开了！京东华为让我太失望了！,1,1,0.8872452974319458
夜班服务员态度超级不好！看隔壁男生给人帮入住都挺好的给我办入住的那个女的就很不好！房间配置也差，毛巾都是须边！连住三次每个房间都是！配套除了牙膏牙刷都没有其他的了，洗脸巾都没有！最后一晚入住的给了间尾房就算了隔音还超级差！还有一次快睡着了浴室突然开始滴水真的是差点被吓死，真的不是因为离上班地址近都不想再住了,9,9,0.9955371618270874
客服可儿态度非常不好！发错货，问她一下理都不理，真不想骂人，说好送的袜子也不送！裤子不是正品！比正常码大好多，还褪色！你们自己想买值不值！,7,7,0.9656922221183777
发货很快，配送也很快！价格优惠、实惠！,4,4,0.34556087851524353
请商家自己看看这样的能吃吗能吃吗？打开包装看到四个都是这样的直接扔**桶了！!最堵心的一次购物。一直信赖的京东怎么会这样？!,3,3,0.48068076372146606
本人于10月20日入住该酒店，如下建议和意见仅供参考：1、建议入住面山的房间，该类型房间比较紧张，预定时提前告知。2、该酒店闹中取静，在市中心区，交通便利。3、三楼自助餐厅环境不错，可以在此享用中西式自助午餐；比较适意。4、房间内的小阳台同样让人感觉很棒！,9,9,0.99440997838974
感觉像买到假的了，洗了满头的头屑,4,4,0.8780356645584106
买回来一天，机子一点不好，分辨率太差，拿着手感也不好。想退货客服不给退货，真是一次糟糕的网购。真够坑人的，什么玩意，以后再也不在这网购了，买一次坑一次。,1,1,0.9016373157501221
卖家服务很好 发货速度快 快递员人也很好 售后服务超好 就是冲着服务买的,5,7,0.31104621291160583
京东快递速度很快，一直很满意。京东经常??搞活动的时候满减和优惠卷会很优惠.质量不错。总体评价五星好评,4,4,0.6068314909934998
不错，送货很快，质量应该没问题，比商场便宜很多，相信京东，应该是正品。,4,4,0.42462271451950073
我认为，这本书很值得品位一番，通过阅读，首先，我们在以后的工作中可以避免犯这些错误；其次，我们可以轻易的识破这些伎俩；最后，我们应该尤其注重职业道德问题，在这个领域内，我们至少要保持自己的纯洁，决不可利用自己的专业知识撒谎，做一些负面的事情。中国的统计发展如此缓慢，需要一大批讲原则的专业人士，我的信念就是从自己做起，为祖国的统计事业贡献微薄的力量。,0,0,0.9913731217384338
要的一个赠品没给啊，请回复,4,7,0.286177396774292
别买了，分量比实体店少很多很多,4,4,0.3796466886997223
如果按照出书顺序购买和阅读的话，当你看到这本书的时候，已经不止是作为普通书籍来看了，而是收藏，虽然不是文物，但却是值得放入书架，慢慢回味、反复阅读。有时觉得这套书里的每本书就像是一个个引子，总是吸引着你不断看下去，不断买下去，不断收入书架中。将《马未都说收藏.杂项篇》收入囊中，将是为这套书画上了一个完美的终结，无论是意义上的、实用上的、还是观赏上的。,0,0,0.9996089339256287
大堂大门口的平开合式的塑钢门边缘很锋利，没有进行任何的软性保护包装，也没有警示提醒，导致11日进入时手指夹伤。尽管大堂经理马上帮助进行了包扎处理。仍旧觉得安全之事无小事，这些细节是体现管理水准的重要地方。已经再三告知酒店管理人员，尽快做出修整处理，防止类似情况发生。,9,9,0.927669882774353
这样的包装也是够了。。。差评,4,4,0.40499430894851685
情人节送给男朋友的，很喜欢呢。码数正好，质量也很好。穿出来效果挺高大尚的。帅气 下次还可以再来哦!,7,7,0.9958969354629517
"闹钟震动,不好,大大的不好.短信铃声比来电铃声还长,还大.这是大大的不好啊~相机一个字:差!!!!!",2,2,0.9148792028427124
挺好挺好挺好的，希望同以前用过的一样好用,4,4,0.8857606649398804
在肥城来说，该酒店应该是无可替代的了。酒店前台以及其他服务人员态度良好，早餐选择性较少，且硬件不配套（比如说没有咖啡勺），房间隔音效果欠佳（主要是房门隔音效果差）以至于连续几个晚上都没有休息好。,9,9,0.9960532188415527
穿上很舒服..大小合适..颜色不错.老公穿着帅,7,7,0.981992244720459
每天一瓶。喝啦。但我喜欢喝蒙牛哒~~~~,6,6,0.9962741136550903
首先产品很不错，这个价位能买个平板确实是赚到了。配送速度和快递人员都很好，最不能接受的是这家的客服好差劲，产品性能都不了解清楚，问一个不知道问两个不清楚，最后还是我自己打的技术中心的电话问的。写着有赠品结果到货就只有一个平板什么都没有。问客服，那态度真叫一个恶心，这次618买了3部手机一个平板都是华为的，真是太寒心了。,1,1,0.9457807540893555
"跟众人评价的差不多,商务大床的房间比浦东店的要小很多.总体来说这个价位来讲设施还是蛮好的.宾馆反馈 2008年7月8日 ： 谢谢您对我们酒店的肯定，我们热诚期盼您的下次入住，为您提供更优质的服务。",9,9,0.9879958033561707
实惠的套装，洗发护发一步到位都有了。味道挺好，唯一不足的是刚刚收到货竟然降价了，心里塞塞的55555....,4,4,0.9763060212135315
给侄子买的，爱不释手，下载了一大堆各种学习和游戏软件，在家有事做了，京东速度快，凌晨下单，下午就到手,1,1,0.9083225131034851
商品描述的有问题，说背心里面加绒，都没有加绒，面料摸着太差了。,7,7,0.9947380423545837
不好用，洗了无数遍，头还是粘粘的，感觉假货一样,4,4,0.9648763537406921
你妺的 第一次在京东买到这种货 比地摊上差不多 这价钱在地摊上就可以买两条了现在京东也做假货了 差评 以后再也不在京东买了,7,4,0.5208520889282227
给你一分就不错了 才买十天就出毛病 用十分钟就发烫 问商家还说正常 天气热 去售后服务一测试 45度 说 是有毛病 需要反厂。又七天包退 邮费自己出 十五天包换 需要20天 鸡粑粑 一百块钱的手机也不能说几天就坏啊。还国内大品牌 大粪 丢脸 ??骗一个你就骗吧。xi ba,1,1,0.4718543589115143
腾讯视频会员用不了，联系客服说去核对解决问题，解决了一小时突然就消失不见了。华为还有这么办事的客服？真是醉了,1,1,0.8474346399307251
蛮好的，质量也不错，同事都说蛮好看的,7,7,0.9054664373397827
很小巧轻薄~~是我一直所希望拥有的笔记本类型~~现在已经不喜欢玩什么游戏了~~所以上网或者看电影非常好~~qq游戏~~哈哈,8,8,0.5223861336708069
没有生产日期，别上当了。。。。。我是被坑了,4,3,0.2601923644542694
很好穿的裤子质量很好，弹性也很大，也不起球不掉色，物流也很快，很开心，以后还会再来,7,7,0.9908652901649475
挺不错，而且快递也很快，上午下单，下午就到了，就是唯一不满意的是有一个露了点，感觉挺不好的。,4,7,0.4601724147796631
好东西，发货速度不错！是正品！赠品也不错！,4,4,0.3788602352142334
非常喜欢，纠结了好久才买的，好喜欢，非常好用。,1,4,0.6766945719718933
华硕的笔记本我都在京东买了两台了。没想到华硕的机子在京东性价比这么高。,8,8,0.6256040930747986
对所谓的藏畅销书越来越失望了这本书读起来味同嚼蜡不管从小说的角度还是说心理书的角度都写得非常不到位以前毕淑敏的小说有些还不错这本...就太失望了,0,0,0.9983177185058594
包装不错 封面有图看?刚刚好十二个，没有烂的，好像是刚刚摘下来不久的,3,3,0.929919421672821
当走到低谷的时候，无论怎么走，都是进步。 当你一无所有，什么都不能再失去的时候，恰恰是你要收获和成功的时候(马云)。每一天，为明天(蒙牛)。加油!,6,6,0.976699948310852
替两个同事订的， 比较满意， 但觉得价格偏高， 在这样的西部小城市像这样的宾馆300-350元含早比较合理。,9,9,0.9668875336647034
控制不灵,1,1,0.6129166483879089
苹果收到后开箱打开后一看个头都很小，根本没有标注的7.5公分,3,3,0.9014792442321777
裤带做工和用聊一点都不讲究。还有许多地方值得改进。,7,7,0.8947194814682007
好物流快是正品很好很满意，洗了舒服，促销价也便宜，超市卖88块呢，买的时候才35块多一瓶还有一瓶小的送，太划算了，价格相差好几倍呢。实体店真坑啊，恭祝实体店超市早日关门大吉回家种地瓜,4,4,0.7435306906700134
宝贝非常喜欢，用过之后才来评论的，无论打游戏还是看电视都非常爽,1,1,0.9500107169151306
一直比较支持国货，华为还是很靠谱的,1,1,0.913223385810852
感觉是假货，很稀，刚挤出来味很难闻，洗了头发第二天就感觉油油的,4,4,0.9939725995063782
酒店自己宣传是5星级别， 价格也不菲。所以我们就按照新五星酒店标准看看 ：1、位置在人和镇。 总机服务员、到酒店网站上，没一个描述清晰的。 后来才知道，就是人和镇。给司机说人和镇都知道。说金开大道，绕了28元钱才到！2、正门那个门卫就是稻草人， 基本没用，就是打个手势。 拦出租还是要自己去，我还以为会配备的对讲，可以在院子外面帮客人拦。3、1410房间装修材质很糟糕，很低档。 洗手间天花板的刷涂料掉满了洗手台。 玄关的地板是劣质，已经开裂，边缘已经破损。4、窗子是低档的铝合金，表面是很脏的划痕。 不是隔音玻璃，对着个大十字路口，晚上客人睡得挺不容易。一个07年新建成的酒店，这样的偷工减料，不可原谅！5、房间很大。但没有细节可言。只有空旷的大。6、门把手的纸牌很容易在开门时候碰掉7、衣柜很难发现，发现后很难打开，没有推手， 滑轨简直不可思议。 就是最劣质的滑轨也不会那么沉重！ 不知现在忙于减肥的弱女子们住的话怎么打开。8、卫生间的电吹风，插座在哪里？ 根本没有电吹风的插座！9、酒店电梯内装修很阴暗， 大堂很亮，进了黑洞洞的电梯，阴森恐怖，没有一点人气， 看不出任何高档。10、房间的开关、插座 觉得是假冒伪劣， 左床头的开关是坏的， 卫生间只有一个插座，且不能使用，安装的松松垮垮，能看到墙里的洞。11、体重秤 是坏的。12、毛巾有劣质的洗涤剂味和烘干机的味道13、房间书桌上的彩页非常肮脏，里面有很多污物。不知道服务员整理时候有无看到。 里面根本粘和在一起就翻不开。14、前台接待不体贴，下雨，办手续时候，别看门童很多，没人会早些问你是否需要出租， 这点连北京的某家三星酒店都不如。 记得去酒泉宾馆，一个戈壁上的五星，比在城市的所谓的 世界第五品牌酒店的服务都体贴。15、前台我要了2次水单，但她都忘记，没有给我。16、五楼的日韩餐厅最糟糕，三文鱼刺身，我当时真的想退掉算了，那么不新鲜了也敢端上来，佩服厨师昧良心的勇气！为了赚钱，什么都不顾了。总之， 3星半的硬件，3星的服务。 当作高价的汽车旅馆用还可以。 不会再去了。建议酒店，还是去看看君临 君豪，还有金源。 硬件，软件。位置，都比新开业的戴斯厚道多了。 别拿中国消费者当傻子了。最后自能是赔了本钱又丢了牌子。多罗唆一句，很喜欢金源旗下的酒店，酒店数量不多，但开一家叫座一家。觉得硬件软件真的是在用心做事的企业。,9,9,0.9898189902305603
老酒店了，几近换主，目前还不错，尤其是价格太实惠了,9,9,0.9747920632362366
不错 确实不错 质量更更的，京东直营 值得推荐,4,4,0.5833761096000671
音箱效果不太好，有杂音．只能做一般的使用，需另外配音箱．显示效果也一般．另外自带那个杀毒软件根本就注册不了，被我删了，现在裸奔中．还有那个读卡器，我有试过一次，没法用，不知道什么问题．,8,2,0.6742203235626221
购得一台此笔记本，这款具有很高的性价比。不错的使用速度快。,8,8,0.5925948619842529
发来的是烂的 市场上都买不到这幺小的,3,7,0.4829920530319214
好像是假得，这么贵的东西，用了居然给我弄不头皮削了，觉得京东越做越差,4,4,0.688401460647583
味道不错，就是个头儿稍微小了点，,3,3,0.9892169237136841
包装很好，简洁又大气。很实惠，物美价廉，就是没有护发素套餐，不够实用,4,4,0.967656672000885
摄像头，麦克风效果不错 整体速度很好 装的Vista系统，驱动很全,8,8,0.8532543182373047
"全键盘,键盘膜不容易找,呵呵 发热量蛮厉害的; 其他还在尝试. 摄像头应该200万像素的.这个成本不高的",8,8,0.9146062731742859
收到货了、只有3个字形容（高大上）！不到*得到这么多的东西！真是不错、不知道好不好用、用了再追加,4,4,0.8415186405181885
看过很多匪大的书 准确的讲是买了很多 但是有2本一直没看完或者说不敢看完 人间最美的爱情在最后都变成了凄楚 让人不禁唏嘘 而这本是匪大自称亲妈的作品 我很喜欢后面关于黑社会的篇幅 有美好的爱情 好的结局 让人看了 满口留香 回味无穷 但是如果要我说 不如上一本也是短篇 番外的当时明月在好 记得里面有一个写杨九妹和耶律的 还有纪晓芙的 都很让人感动 希望匪大多写点这样风格的书 满足我们读者,0,0,0.9978035092353821
"华硕的东西没得说,散热好，声音小。钢琴烤漆的外壳，透着水纹肌理，感觉不错。 配置比较均匀、性价比相当的高，配置很均衡，尤其是3470的显卡，有很大的吸引力。基本上，不需要太大的升级。个人认为，2G的内存足够了。并且这款是独立显卡，所以不会占用系统内存来做显存。",8,8,0.9946606755256653
只能说，苹果又小又酸，而且苹果里面是烂的，表示再也不会在京东上买水果了。吃了几个都这样,3,3,0.9961102604866028
早就不喝蒙牛了！,6,6,0.984821617603302
手感很好，做工也比620要好，和三星的X458有一点像，采用的是贝壳设计，外观漂亮，内屏又是蓝屏的，更是深受广大朋友的喜爱；加上16和弦音声音更动人，更逼真。,2,2,0.7508063912391663
本想定晋祠宾馆，没房了，携城推荐到这儿，其实离晋祠还很远。服务态度不大好。根本就没有出租车，有黑车，斩得厉害。,9,9,0.9346356391906738
好好好好好好好好好好好好好好好好好好好好好好好,7,1,0.4294721484184265
裤子不错，摸着手感很好而且还便宜，物美价廉呀！,7,7,0.984992504119873
包装有点差啊，什么也没送呀，有些失望?。而且这也没便宜多少，在超市也是一样的价格，而且还送小瓶护发素呢！之前用过，不知道这个效果怎么样！先好评吧！,4,4,0.955143928527832
不错，就是有点薄，白色的有点透……,7,7,0.43607470393180847
蒙牛有问题，伊利有问题，燕塘有问题，营养快线有问题，奶粉有问题，甘还可以饮咩呢,6,6,0.9695801734924316
就在机场对面，走到机场就5分钟吧，如果要赶飞机的话住那里还蛮方便的，里面的设施就一般了，3星的标准吧,9,9,0.9773299694061279
没穿了多久出现了微小孔洞，和客服联系，他们把责任推得干干净净，他们是做一次性生意的。,7,7,0.9113748073577881
特价房环境非常不好，只有一扇非常小的气窗通向宾馆过道，有点象住在地下室的感觉。房间下水道还往上翻难闻的臭气。请慎重选择此宾馆。,9,9,0.9958981871604919
宝贝收到了，不错不错，用惯了750的这个500的看着很小，不过物超所值了,4,4,0.3569071888923645
衣服扣子少一个，这种感觉是不好的。本来想换后来一看扣子质量不好干脆都揪下来得了！,7,7,0.9812719225883484
第二次购买了，质量不用说了，物流速度与客服态度很好，能第二次购买可想而知,7,7,0.35514894127845764
我什么都不想说了，简直就是欺诈，我都想告了京东的商家了，这是我最气愤的一次网购。在京东大大小小 也购买商品无数了，但是这次是真的震怒了，这是诈骗根本没有区别，商品写着赠送皮套，结果京东退华为，华为推京东，结果本说好的赠品一直协商在毫无下文的结果的情况下，你给我送个破数据线？你拿我当傻子糊弄？你觉得我能收你那9块钱的破数据线了事？实在不想多说什么，赶紧给我退了，我去别家买了。京东简直无所不用其极，你货架上的货和你发的货还不一样？哈哈 我都气笑了。你怎么不写个赠送 苹果6啊？那样买的人更多。,1,1,0.7678839564323425
屏幕很亮，键盘也还挺舒服的，感觉不出特别小，电池好像可以撑3个小时左右,8,1,0.514179527759552
可以拍照。可以把照片当彩信发给朋友。显示屏都是26万色的。,2,2,0.7489323616027832
"电池充完了电连手机都打不开.简直烂的要命.真是金玉其外,败絮其中!连5号电池都不如",2,2,0.7998253107070923
赠品呢？赠品呢？赠品呢？承诺做不到？我这京东骨灰级客户就这么敷衍吗？,4,4,0.7613265514373779
活动时候买的，洗发水不是最大容量的那一款，价格还可以吧,4,4,0.969660222530365
"这个酒店我客人说还不错,我自己没住过，但他是很满意的",9,9,0.9484896063804626
用了之后没什么效果，和想象的不一样,4,4,0.9587343335151672
门帘的地方线都开了我也是醉了，要不是太冷我真想退货再换一个,7,7,0.8599111437797546
快递小哥热情周到，产品好用，物超所值,4,4,0.4421369135379791
水果坏了也没有人处理 都两天了，说好的等一天有人处理,3,3,0.8909592032432556
标配的内存是2条1G的三星内存，把两个内存插槽都占了，要升级就要浪费1条标配内存，如能改为单条2G就更好了。Vista不好用，我升级到3G内存都不太够，同样的成本还不如预装成XP。,8,8,0.9830654859542847
但意就太貴了呀,2,2,0.29975369572639465
就这个洗头膏还好么，什么破洗头膏就是垃圾,4,4,0.9653192758560181
下午收到的宝贝，裤子质量不错哦，五星好评。值得购买，卖家生意兴隆哦,7,7,0.9575885534286499
设施老旧，服务员素质不高借个勺子都要押金借伞也要押金服务员整理房间把遥控器卷到了被子里，晕,9,9,0.9901440143585205
裤子质量不错，穿着很合身。卖家服务好，值得推荐,7,7,0.9930163621902466
根本就是忽悠消费者，头天买第二天就降价*/也懒得退了，一星都不想给,1,1,0.4022306203842163
真好吃，个儿也大，很划算，送货速度快，第二次买了。,3,3,0.9854802489280701
非常不错的营养食谱，把宝宝每月需要的营养指标都给出来，让我参考给孩子搭配。而且书中给的小食谱既经典又有创新，宝宝看到每天不同花样的搭配食欲很好。这本书更让人感到很好的地方还有：根据不同月份的宝宝，罗列出很多亲子游戏和一些很实用的早教知识，很贴近生活。让我在增强宝宝的体质的同时，也懂得了如何跟宝宝互动。,0,0,0.9972025156021118
T恤不错，跟同事一人买了几件。,7,7,0.9634493589401245
关于这款手机的优点，这里已经介绍的很详细了，也不再重复了。,2,2,0.9423766136169434
上当了！质量不怎样！,4,7,0.874208927154541
超级快就送到了，很大一瓶，比超市便宜好多，正品,4,4,0.9443302154541016
水果质量还好，发货也快。最烦就是他们客服，十句问题，九句回答‘你好’。而且十斤水果分了两次才收到货，没有告诉我分了两箱发货这件事另我烦了一整天。希望改进一下这个问题。,3,3,0.31214743852615356
没尺寸这么难吃的苹果，不熟，巨难吃！,3,3,0.9977014660835266
己用了1个多月了，第2个，屏幕清晰度高，照像色彩鲜艳，上网速度也不错，很满意!!,1,1,0.6116031408309937
用了不到一周，一天下午连续重启10几次，无法正常操作。华为西安维修处工作人员，态度强硬，推卸责任，说是手机弯曲，他们不负责。妈的，那么大公司做的手机使用一周就弯曲？难道我们消费者没事拿着手机掰着玩吗？本来以为华为作为中国值得骄傲企业，应该会时刻为消费者着想，原来也是把消费者先定位为坏人，故意破坏。妈的，用手机各种生意联系，谁会给自己找麻烦？彻底对华为失望，还不如*手机好用。唯一值得欣慰的是京东客服，在积极处理此事。后面会继续看华为怎么处理。号召大家不要买华为手机，一看维修点那么多人就知道，他们公司也了解自己家手机问题多。,1,1,0.8118777871131897
还行。,5,7,0.3912816643714905
不好，才两天拉链就坏了,7,7,0.8817392587661743
在京东买过最后悔的东西之一就是苹果……买了三箱刚开始从表面只能辨认出坏了10个，结果真正吃的时候发现还有好几个里面也坏了的……以后应该不会再买京东全球购和京东生鲜了，不过京东的其他东西还是不错的……,3,3,0.9428773522377014
苹果不大，蛮红，也挺甜，不像有些苹果有涩味和酸味，总的来说不错,3,3,0.999728262424469
发货速度快，个大，汁多，味甜。,3,3,0.9952211976051331
拿到书就超级喜欢外包装，一切都是淡淡的，淡淡的绿色，薄薄的包装，放在包里不占地方，拿在手里不觉得重。看了开始的部分，觉得女孩的生活波澜不惊，一切都是淡淡的，那么的贴近生活，那么清新自然。看完全部内容，更是喜欢。喜欢那种真实感，喜欢那种不做作。生活不就是如此吗？最终，一切都会归于平淡。这本书最终被我捐给了无锡一个书吧，让更多的人来阅读这本书，感受那种清醒吧。,0,0,0.9981821775436401
挺好的，速度挺快，也挺好看，物流很快，上午下单，下午到,1,7,0.430486798286438
感觉是假货，今天用了，洗发水跟超市里面买的不一样，太稀，大家自己斟酌再买吧,4,4,0.9937501549720764
"我们一家三口在岛上住了一天,总的感觉还不错.沙滩海水无得弹,很多珊湖石.在携程订观海木楼,山下几间房是看不到海的,一定要山上的才能观到海,有点遗憾.在岛上吃得还能接受,就是什么都要现金,另外晚上有很多小动物.",9,9,0.9779094457626343
京东自营就是好，质量有保证，而且物流速度够快，晚上十一点下单，第二天中午就能收到。不错！其他物流是没法比的！以后买东西就买京东自营。,1,4,0.4580538272857666
12个烂了3个。包装太差，就一纸盒，没有任何缓冲物。不想和售后反映反正没用耽误时间。下次还是在实体超市买水果，放心,3,3,0.9938539266586304
"我是8月1日入住该酒店的,来香港主要为了SHOPPING,所以从地点来讲,酒店算是在较偏的位置,但觉得对得起我订的价格HKD550元/晚.房间很干净,而且我所入住的半海景房真的能看到很宽阔的海景,感觉很不错,卫生间很阔落,非常舒服.唯一欠缺的就是电视机,安置在床的侧面,看起来不是很方便,不过还好啦,反正不是为了看电视.交通方面,我没有遇到多大问题,只是那天来回上环,中环,酒店很多回,觉得酒店确是离购物点远了点.一般来说我从酒店出门就是看准它提供的SHUTTLEBUS的时间出发到港铁站(即中环站)转乘, 回来则是搭到上环再转电车(俗称叮叮).因为沿路都有海景,感觉很是挺惬意的．对于订房我还有一点要补充：就是一定要提早定啊，我是一直在比价才选了８月１日出发（当然那几天还是动漫节则更一举两得），后来我接近８／１再查看时，价格已经变成１千多了，酒店是海鲜价因此深有体会．",9,9,0.9730465412139893
大家看看这就是自营水果，不要被蒙**了，绝不是水军，冲着京东生鲜来的，结果还不如不于马路边上2块一斤的水果，，真是坑了爹了，想爆粗口了都，最后一次逛京东了，评论完，立删App ！！！！！大家不要上当受**了,3,3,0.6841077208518982
评论晚了，我很少评论，这次我要好好说说。一直以来很信任京东。可是这次买京东水果 是让我十分失望，甚至可以说是非常失望。物流很慢，慢的要死，在一个站点停了有两天之久。先不说我等的着急，本来三个火龙果相依为命，你们却让让它们中的一个闷死在箱子里。你们考虑过火龙果的感受吗，考虑过我打开快递的感受嘛！啊！森气！啊 让我等可以，别把我火龙果弄坏呀！亏我还在英语课上说我常用京东购物就是因为快 这下真打脸。,3,3,0.9076043963432312
好用，活动买还便宜，实惠，有赠品，我妹妹也让我帮她买了套，好评。哈哈哈。,4,4,0.8467296957969666
第一次买安卓系统的产品，参考了好多意见终于定下来了，整体来说还不错,1,1,0.7217663526535034
"我要修正,是五星的.可怎么也点不上.",0,0,0.6141349673271179
给个差评吧！第一次发货给我发个坏的！虽然客服的服务态度很好，也给我换了新机。但是却给我造成了一定的经济损失！本来因为方假，出去玩打发时间才买的平板。第二天收到货机子就完蛋了！放假期间很巧妙的给必过去了！而且为了节省时间用的白条，结果白条白用了！还得多交服务费，早知道还不如放假玩的开心点，回来之后再买呢！简介影响了我出去游玩的心情！,1,1,0.8039247989654541
挺棒的！,1,1,0.3789912164211273
相当旧的酒店，瞬间回到80年代招待所，还死贵，不会在住！,9,9,0.9889650344848633
"幸亏当时打了五颗星,这套书现在已经是一岁十个月儿子的最爱了,每天一说到讲故事,就开始要我讲车来了,你好,我要拉巴巴......,不愧是2005-2008全国优秀儿童读物。",0,0,0.9988967180252075
果子还可以，没有坏的。收到时还是凉嗖嗖的，刚从冷库取出来的。甜度一般，有的吃着没滋没味。果子个头不大，对期望值过高的可能会失望，一分钱一分货，这款应该是最便宜的苹果盒装的了。,3,3,0.9988675117492676
买了好久了 忘记评价了 一直在用 挺好用的 不错 好评,1,4,0.8651385307312012
"开始住的那个房间初看感觉不错，但空调坏的,一晚没用,卫生间淋浴房洗澡时往外漏水.后来换了一个房间还可以，总体觉得一般。补充点评 2008年6月3日 ： 靠近地铁站，交通比较方便，且宽带免费。",9,9,0.992609441280365
京东自营大促销，真是太便宜啦，货是一模一样，比超市便宜多了，真正的价廉物美，货真价实,4,4,0.8782314658164978
烂透了，还有耳机，套子之类，说要送的东西都没有。,1,1,0.6693699359893799
还没用 不知道效果怎么样 东西不大 里面送的小样很小 外出带着比较方便,4,4,0.8761905431747437
超级不好用，家人用了没一个说好用的，我用了段时间掉发很严重，现在已经换掉了，建议大家还是别买了,4,4,0.9208434224128723
裤子到手了，布料非常不错，版型也很好，穿上非常好看,7,7,0.9971531629562378
东西非常好，购物很满意！东西非常好，购物很满意！,1,4,0.3378959000110626
那么大的一个硬盘居然只分了一个区，发热控制一般，音箱的声音感觉小了一点，另外好像蓝牙的功能不可用。16：9的屏幕比例还在适应中。,8,8,0.9589657783508301
说明书太简单了点。装机自带的一些软件没有任何说明。希望以后服务能够做得再细致点。,8,8,0.8109093308448792
三个全发霉了，还好给我退了 京东售后还是很不错的,3,3,0.30905085802078247
很好，分辨率很高，好手机,1,1,0.9254313111305237
服务不好，把衣服往地下扔,7,7,0.7992820143699646
这本书一拿回家就吸引了女儿的眼球。她一连叫我讲了4遍还不过瘾，临睡前还让我再讲了一遍。我问她你觉得这本书象谁画的。她看了第一眼就说，像《大猩猩》。呵呵！那也是女儿非常喜欢的一本书，有一个阶段一连讲了2个星期。最近一个时期，女儿就如同书中的那对兄妹一样，看不到姐姐会想，可是一见面又经常吵架。现在的孩子都有“独槽驴”，和同龄人相处都先顾及自己的感受。给女儿这本书，只希望她珍惜亲情。,0,0,0.9982016086578369
真的很无语，很让人失望，小样的瓶盖都没拧紧，这样的包装，真心无语！,4,4,0.8335692882537842
要的是军绿色~不是翠绿色~色差也太大了点！！！,7,7,0.9605579376220703
"这本如夏天般绚烂的书,已被我深深刻在了心底,心中的那份感动,仍在心湖荡漾开涟漪,久久不能平息.....这是我看晓溪的第一本书,从此喜欢上了晓溪结局对我来说是美好的,一开始,我就很喜欢欧辰,而洛熙也获得了无可替代的平静,很美好...不过,也许我比较倒霉,第三部竟然少了30多页,只好重买一本,但我一点也没心疼,这部书带给我的远远不止那几十块钱!",0,0,0.999671220779419
如果屏幕是16;10的，再有蓝牙，系统本来给装好XP 那就完美啦！呵呵 幸亏官网上驱动很全 要不更费事！！ 才买的第二天就变啦又送散热器又送杀毒软件的，怎么不给我个！》_《 总的来说值得购买！,8,8,0.6864460706710815
安装的有express gate ~~~开机很快~~?如果时间紧迫~~这个东西可就帮了大忙咯~~~~,8,8,0.9567999839782715
前有蒙牛，又出来个光明！,6,6,0.8172149062156677
价格便宜，味道高温，好用，喜欢,4,4,0.7941130995750427
总体感觉性价比较高，很适合拖家带口出游居住，房间比较干净，服务员都很热情，游泳池不错，小孩子玩得很开心。只是我们住的套房有个卫生间的门不能锁，需要派人在门口站岗，有点搞笑。,9,9,0.9939841628074646
物流很快.可就是个裸机.什么东西都不带.耳机.套子 最基本的都没有.不满意...,1,1,0.4131806194782257
什么玩意 农药的味道那么大怎么吃,3,4,0.37673765420913696
其实觉得到了破晓，故事开始变得滑稽。如果说贝拉拼尽全力生下尼斯，只是梅尔想为雅各安排他的烙印，然后让雅各开始对贝拉的感情变得模糊虚无，我倒希望梅尔安排雅各为对贝拉的爱情痛苦一辈子。那么，谁对谁的爱情是可以确信的呢？如果雅各曾经那么爱贝拉，可见到尼斯之后怎么又会变成那样呢？我倒觉得还是因为梅尔太善良了，她让每个人各得其所。这个故事真不应该再写下去了，还是给人留点悬念比较好一些。,0,0,0.9952846169471741
"十分差, 老酒店, 服务差, 四季两晚 2796 这昆仑 2334, 你四季得到的是超五星, 你在这昆仑是三星级别. 一句话, 不是携程骗了钱, 便是昆仑骗了钱. 从未住过这么差的货不对办的酒店. 千万不要再住.....垃圾",9,9,0.9778668284416199
帮老外定的 客户很不满意 说服务设施硬件都不满意,9,9,0.8404132127761841
货还没到，就差价50元，不退钱，只退京卷，卷还直接用不了,1,4,0.432078093290329
京东快递真的好 一个星期才送到 还把货给我丢了 666,4,4,0.4163484275341034
质量非常差，都不新鲜了，而且个头特别小，放到第二天有一个就烂了,3,3,0.9920573830604553
"房间环境尚可,卫生让人担忧,床单圬迹斑斑!有骚扰电话补充点评 2008年4月6日 ： 停车场没有灯,还污水满地留,建议取消该店",9,9,0.9951080679893494
酒店没有想象中好 而且设施很不好 房间很差 wifi也是巨慢 不值这个价钱 有些失望,9,9,0.977745771408081
一般般吧，看起来个子小小的，样子不好看，不知道味道怎么样？还没吃,3,3,0.9732534885406494
介绍的教育方法非常的有操作性，像施展了魔法一样神奇。原来我的宝宝（4岁半）弹琴的时候很调皮，我很生气，而她也觉得委屈，后来就变得不肯弹琴了。用了这本书教的方法，现在我们两个都很愉快，她的进步也很大。家人看到我们俩写的纸条，笑得几乎走不动路：上面有她的三条办法：把琴扔掉，不弹琴，和乱弹琴。当然在我的引导下，她自己划掉了，只留下我的那条建议：每天弹一次，好好弹！,0,0,0.9736323356628418
虽然物流慢了些，平板还是可以的，这是第一天用暂时没有什么问题。,1,1,0.8704928755760193
设施成旧太破了,9,9,0.7825703024864197
酒店位置比较偏僻，交通也非常不方便，而且酒店居然是没有电梯的，不太适合带着行李出游的，也不适合行动不便的人。,9,9,0.9891680479049683
买了就降价 京东你可以的,1,1,0.7681506872177124
亲们，千万不要在上当受骗了，真心不好，很失望的一次购物,4,1,0.3028818666934967
在京东商城上买的自营商品，这次是京东6.18年中节活动价时候买的。感觉还是可以的。物美价廉，这次还是活动价，感觉还是不错的。挺划算的，挺实惠的。,4,4,0.7458510994911194
买完之后，发现好贵，在超市19块钱一件，牌子一样款式一样。,7,7,0.9323691129684448
物流一如既往的快，东西今天打开试用了，感觉还不错，就是瓶子本身磨损不少，感觉不像新的。,4,4,0.6641380190849304
盖子盖不严实，有缝隙，按上去还带响，装内存的时候发现了双面胶，处理的太差了。显卡切换的时候有短暂的黑屏现象！,8,8,0.7725228071212769
这裤子非常好，性价比之类的都特别好，穿着非常的非常的舒服，货比三家，绝对是物超所值，下次还会来这家购买，对这次购物非常满意,7,7,0.965238094329834
从去年开始就在装修，说是要升4星，房间还是老样子。晚上8点半开始酒店扩建的施工地钻机和挖土机开始嘶叫了，我朦胧睡着时应该是10点多了～还在工作，本来想拍照下来的，但是施工地没有开大灯，只有机器上的小灯没法拍摄。洗澡，竟然碰到莲蓬头没法出水，只能下面水龙头出水。因为已经‘衣衫不整’人也太累就没找客房了，混一夜再说。第二天中午携程来电话问我是否入住，大概意思说酒店没有说我入住，太不负责任了。也请携程以后签约酒店时能实地去看看到底什么情况，龙游大酒店这种情况真的不如龙游那些小宾馆！！！我住的是403可以去核实！！！,9,9,0.9980664849281311
大品牌就是不一样，质量非常棒！,7,7,0.8037174344062805
不好老卡……不顺畅,1,1,0.8088791370391846
质量简直是差到了极点，我刚买回去不到一个月时间就排线出问题了，就象上面那位兄弟说的一样，找个售后服务点比上天还难，我东跑西跑，最终还是在一个小角落找到了。那位维修的师傅随便给我搞了几下，我又拿着没有保障的东西回家了~~~没有等多久又出问题了，我简直就不想说什么了，这种公司开来做什么，我全你们还是早点申请破产算了，不要再继续来坑害我们这些无辜的老百姓~~！！！我买手机就几个月我已经把他们维修点给混熟完了，3天两头的往那跑，我建议要买手机的朋友们你们千万千万不要买“科健”哈，不然你们肯定会后悔的~！！！！！,2,2,0.4256361722946167
买这本书的原因是老板经人介绍认识了京城的一家投资公司，该公司可以为我们进行融资，由于手续简单、融资额大、利息较低，老板自是十分高兴。待对方把融资资料拿来是感觉像是在做一个私募基金，于是赶紧买了这本书来看。一看方知，原来是利用人们对私募基金的神秘感来做的一笔不怎么可靠的交易。融资自然没成，但长了不少的知识，很有用的一本书。,0,0,0.9979815483093262
售后服务太差,7,1,0.37379729747772217
非常一般，华而不实，外表不错，很大气，但服务跟不上，国庆期间，下午三点多到酒店也没有预定好的房型，我要的是标间，结果告知我要再过一个小时才有房，为了能放下行李，入住了大床房，加一个婴儿床，园景房，面积很小，后来电话询问室内儿童乐园，一个客服说了半天，也没有办法理解具体位置，直接问前台一女的，告知我只有周末开门，下午才有，6点结束，没法理解这是五星级酒店，从来没遇到过，只有泳池服务是到晚上11点,9,9,0.989960789680481
"酒店环境还可以, 就是办理入住手续很慢, 帮朋友定的,说是房间可以.",9,9,0.9915105104446411
味道一般。山东苹果与陕西苹果确实有差距。,3,3,0.9970511198043823
不好用，运行慢，还自动退出,1,1,0.5471856594085693
好多次购买，感谢京东商城，让生活更加丰富多彩！,3,4,0.4703221619129181
越用头屑越多，是真货么？,4,4,0.9874505996704102
我是1月10号到的牡丹江，当晚在金鼎前台问价，门市价360元，携程310元，含早，17楼的高级标间。金鼎确实不错，门童、前台，餐厅、客房的服务都亲切周到，不愧是牡佳地区最好的4星级酒店。离火车站很近，但不吵，走5、6分钟路就到，出门右转到主要的商业街也就10分钟不到，方便的很。房间宽敞，自助早餐品种和质量也都行。要说有什么欠缺的地方，就是卫生间顶部的墙面有点霉斑和水迹，离4星装潢标准差些。下次有机会还会住她家，性价比高。,9,9,0.9893032312393188
买了好几盒套装，价格便宜，毛巾浴花的质量也不错，比超市便宜好多,4,4,0.8975728154182434
"在杭州,新侨是地理位置相当优越的酒店。酒店位于杭州最繁华的解放路，离西湖步行只要5分钟，马路对面就是当地有名的解放路百货商店，还有解百超市，购物非常方便。离百年老店奎元馆、知味馆都很近。大堂宽敞，房间安静，隔音不错，被子柔软，蛮舒服的。宾馆反馈 2008年7月17日 ： 尊敬的宾客，非常感谢您对我们饭店的肯定，能够得到您的赞许是对我们工作最大的鼓励。我们将立足自身优势，不断加强员工培训，以优质的服务期待您的再次光临！",9,9,0.9876242876052856
裤子很合适 穿上去很舒服 质量很好,7,7,0.9903563857078552
"从性价比来讲还是较高的，房间设施、整体感觉、服务及地段都是基本没有可挑剔，卧室虽小，但也不失温馨，值得继续入住。行李员殷勤程度6星。宾馆反馈 2008年8月13日 ： 尊敬的客人, 您好！ 感谢您对本酒店提出的中肯意见，本酒店十分重视，对于您遗忘在房间里的充电器，酒店已于当天托付快递公司快递给您，真诚的感谢您提出的宝贵意见，欢迎您再次入住我们酒店！谢谢！",9,9,0.9147499203681946
三月29日手机下单购买，3月30手机下单就降价100元，我申请差价补偿，客服说收到货后才能申请，也没说需要截图，31日收到货后要求补偿差价，客服说需要截图，商品价格已经调回。这不是逗人玩呢么。,1,1,0.7028319835662842
老公很喜欢 大小合适 面料不错,7,7,0.9919784069061279
发货特给力，换好的衣服非常满意，款式颜色都中意，店家的服务杠杠滴，绝对值得五星好评。,7,7,0.8913832306861877
人一生有两件事不能做，一是低估自己，二是低估别人。首先不能低估自己。也许你没有优秀的资源，与李开复相比，尽管我毕业于北京大学，但是我没有接受过西方优秀的教育，与放牛起家的牛根生相比，我似乎又是幸运的。最没有资源优势的牛根生却拥有像牛一样的精神、耐力、勇气，最后创造了蒙牛--俞敏洪,6,6,0.8673974871635437
不想评论，赠品梳子没有，票上是两件商品，快递员也看了没有，她说可能是分开包装，回去看看有没有。不可能分开包装，希望能解释一下,4,4,0.6291847229003906
手机真垃圾，我都觉得是翻新机,1,1,0.7507178783416748
买了2箱苹果，1箱品种还好，表皮有红富士冰糖心的纹理，另一箱品种就不好，表皮没有红富士冰糖心的纹理。但品种较好的一箱个个的屁股都被摔烂了，京东应该有个交代。,3,3,0.9907082319259644
包装精美，我买的品种较多，我吃了皮蛋和甜瓜都不错，很新鲜以后就到京东了,3,3,0.9757935404777527
差评，说全场送耳机，其实根本就没送，不要写信息，模棱两可的广告，误导顾客。,1,1,0.3715730607509613
买了十几次了，新鲜、硬脆，每天吃，非常好，不大不小,3,3,0.999138593673706
早就不买蒙牛了,6,6,0.8936831951141357
京东服务越来越差，差价不退，等我是铜牌会员的时候京东的钻石会员59免运费，当我是钻石会员时79才免运费，然后几天后变成了99免运费，一家之言霸王条款，就是想让你多买凑单多消费,3,4,0.6457182168960571
酒店地理位置优越，交通方便。但前台服务不好，每次都是冷冷的面孔，不苟言笑的举止，给客人的感觉很不舒服。还有酒店网络如蜗牛，商务上网感觉极差，半小时发不出一个邮件。,9,9,0.9871199131011963
昨天晚上订的今天上午收到，打开盒子。果子太让人失望了，京东客服自己看看，外面超市水果店也比这个好吧，有一个烂的最厉害，这个果子叫中果？我拿个鸡蛋对比发张图，大家自己脑补下，剥皮后是否有鸡蛋大？？？京东买东西最差的一次,3,3,0.9157539010047913
大品牌，质量好，可信赖，有活动，促销价，很实在，物流快！下次还来！,4,7,0.5702620148658752
完全不会发烫，425的CPU在耗电方面绝对放心。,1,8,0.8703325390815735
衣服质量不错，款式也挺好，面料摸着挺舒服，尺码标准穿上大小合适。,7,7,0.996277391910553
去上海一般都住这家，地段还不错，交通也比较方便，房间很大也比较干净，就是江景房有点差（以前住过，很小），一般标房就可以了，套房也很不错（有厨房，够大），每件房都有冰箱，很好，就是宽带不是免费的，一天好像要80吧，太贵了,9,9,0.9814432263374329
在京东购物方便快捷，超市都懒得去了，这儿还送货上门,3,4,0.7003092169761658
不错的平板，色彩，速度都行，就是没华为手机后退和切换到桌面方便，也可能是我没找到窍门，总之满意。,1,1,0.8629214763641357
我是四月中旬入住的，是朋友介绍的，朋友说干净、没有骚扰且饭菜不错才预定的。我的评价是：服务态度很好，有好多老外都喜欢住在这里；饭菜不错，尤其是早餐还是很丰富的；干净整洁较新，卫浴设施还是不错的；缺点：房间较小，不过一个人住足够了！隔音十分不好，隔壁说话都听得见！值得一提的优点：有免费报纸、每晚有免费热牛奶，倍感温馨！还有就是我那几天身体不适，五层的服务员对我无微不至的关心我很感动，在这里谢谢你们！~总结：值得一去的性价比不错的酒店，推荐！,9,9,0.9925486445426941
香蕉都皱巴巴吧 一看就不新鲜。。 广大朋友不要在被骗了,3,3,0.6260378956794739
看着那个介绍的挺好才买的，还没吃呢，估计不错吧，还好要是好的话还来,3,3,0.927818238735199
打开快递包装盒，看到的竟是瓶子全部被打开，液体外漏。,4,4,0.8661360144615173
"不怎样好看,有点失望了.上下集都不好.",0,0,0.9708159565925598
acer的品质、服务都很不错，而且本品很超值。样子也算漂亮，基本性能只要不玩大游戏全能应付。,8,8,0.8525456190109253
一定要保证最好的送给国际友人，港澳台同胞，把最差的留给百毒不侵的“自己人”。蒙牛，真的只是蒙牛，而不再蒙人了！,6,6,0.9757343530654907
66666666666！算下来比超市划算了好多。量足，价格优惠，京东的快递还真的不是一般的快。,4,3,0.541458785533905
送来的时候光盘就已经划坏了，书也跟盗版的没什么两样印刷质量可不好了,0,0,0.8662446141242981
生无可恋。再也不买了。以为很大，结果很小。超级小。谁买谁知道。小到你心寒。自己在超市买吧。差不多的钱。苹果也不小。真心话。,3,3,0.9408613443374634
看着不错！还没有使用！看评价都说不错！所以给父母买一个，玩游戏！接打电话……,1,1,0.7185156345367432
还不错吧，送货也比较快，一次买了两个，还行,1,3,0.6409432888031006
"房间设施不错, 前台服务也不错.交通方便, 停车场很大.",9,9,0.9878771305084229
感觉是二手机，最起码都是人家七天退换的那些机，贴膜已经不是原装的了，大后悔了，喇叭后面的壳又凸出来，一按就平了。电池又不耐用,1,1,0.6654911041259766
质量不错，版型很好，尺码合适，颜色和店铺照片上一样完全不存在色差穿着很喜欢，发货迅速，赞一个,7,7,0.995672881603241
裤子大小合适，客服非常nice，质量好的没话说，已经买过几次了，下次继续买买买。,7,7,0.9907026290893555
质量不错，很合身，以后还来。,7,7,0.982586145401001
第一次给笑笑读《汤姆走丢了》时，小家伙听的非常入迷。当看到在商场里走丢了的汤姆，终于找到妈妈，并和妈妈拥抱的时候，笑笑也动容地从座位上站起来，抱抱我。我能感到，她一直跟着汤姆的情绪在变化着，我也能感到她非常害怕和妈妈走丢，并且觉得和妈妈在一起非常踏实。这是一本以第一人称写的书，书里详细的描写了汤姆在和妈妈走丢后，在寻找过程中的心路历程。非常好的一本书。,0,0,0.9995903372764587
这个有点偏小。。。甜度凑合凑合吧,3,3,0.98117995262146
还不错，小瓶的太坑了,4,4,0.6047454476356506
对面就是世帆赛基地，蓝天白天帆船，感觉非常棒。交通很方便。房间还不错，宽带速度很快，就是卫生间小了点。服务还有待加强，入住的时候居然还把我和其他预订的客人搞错。早餐还可以，就是要走到旁边的俱乐部用餐，不太方便。,9,9,0.985790491104126
真假掺半，你们厉害！！从来都没长头皮屑的人都长头皮屑了！！！痒的睡不着觉 买了一大瓶白瞎了！！,4,4,0.747916579246521
东西没问题，说最晚7点送，我等到6点多出门，那也算了，就放快递柜吧，最最郁闷的是放快递柜的件，去取出还要花我*是什么鬼！真是涨见识了！,4,4,0.4504537880420685
屏幕老是失灵,1,2,0.6229596734046936
裤子收到了，质量非常的好，大小也挺适合 面料是薄款的穿着非常的舒服，5分好评。,7,7,0.9920096397399902
高端大气上档次，物美价廉，用最少的价格买到最好的产品。穿起来很合身，像量身定做的一样。质量很好，浸水洗涤没有褪色。,7,7,0.9744054675102234
说实话，挺失望的。苹果小到没朋友，说好的2.61kg，实际估计三斤不到。有烂的。另外买完就降价什么鬼？自己也知道卖贵了？一下子买了五箱……,3,3,0.8876432776451111
很满意的一次购物，比我自己心里期待的要好的多！支持国产！！,1,1,0.5281304717063904
收到的时候盒子碎了，火龙果有一个已经烂了，水果汤都洒出来了，还有长毛了的。不知道是哪个环节的问题，非常恶心的购物体验，以后不会再次选择了。,3,3,0.888157844543457
12个，每个个头不大，吃了一个酸酸的，爽的，没有发现有坏的。,3,3,0.9964058995246887
环境还不错，服务也还可以。环境比隔壁香格里拉也差不多，但是就便宜了许多。想游泳，但是被告知泳池在装修不开放，比较郁闷。前台小姐们比较吝啬自己的笑容。一次乘马自达到达的，门口没受到什么服务；一次乘进口奥迪到达的，就有人帮搬行李下车了。没人帮送行李去房间，估计看我们是中国人，没小费吧。难道要我去学两句日文？可是我不想学啊。在二楼西餐厅吃饭和一楼大堂吧喝茶的时候，看到里面很多打扮妖艳说话口音各不同的女孩子，希望我是猜错了……如果我没猜错，和她们在一个地方吃饭不太舒服。,9,9,0.985194742679596
离火车站比较近，打车的话起步费即可。但是吃饭比较不方便。补充点评 2008年8月6日 ： 定的商务大床房，在一楼，感觉暗暗的，窗户外貌似是楼下餐馆的某个储藏室，早上还有人会突然进去翻动东西,9,9,0.993506669998169
不行啊 客服让我很伤心啊,7,1,0.4553970694541931
颜色不真实！！！不知道怎么设置，看着很不舒服！！！谁给指点一下,8,1,0.30226999521255493
以后在不相信那些华为的黑粉了，游戏流畅，全特效fps30，影音效果是我用过最好的平板，同事看见都很给我长脸，京东的小哥速度真没毛病，上午买下午我就开撸了，支持京东，支持华为！,1,1,0.7864166498184204
定好的大床房没了，没信誉,9,9,0.9377511739730835
回复 好的。PS：反应真快！大家娱乐娱乐就好了，小编的意思是：用实实在在的心意做好产品，也请关注蒙牛的新变化 http:t.cn/zlwxz2P 谢谢。 后来删了，不了解自家商品有关的社会舆论。蒙牛真自信啊，完败切糕。,6,6,0.797003984451294
2008-01-10订单中包含〈31岁小美女的养颜经〉，却没有送来。 是没有货？ 还是什么？快递及收货单上都没有声明！请给予解释。谢谢！,0,0,0.8058842420578003
质量不行！！感觉就是塑料的，只能当雨衣了！！ 注意：货到付款才是京东配送！！,7,4,0.4186241328716278
"东西就是这个样子,换换就有意想不到的结果,谁要xp下的驱动找我,我这里有",8,8,0.8920881152153015
货不对版还是要到实体店比较好。,1,7,0.8682575821876526
键盘之间的间隙太大了，还不如节省点空间把机子做的更小巧点儿呢,8,8,0.8612078428268433
只想给最大最大的差评，我的水果到底送到哪里去了，到现在都已经快四天了，都还没给我。电话短信一个都没有。,3,1,0.2615782916545868
住了3天，地点不错，环境也很舒适，价格合理，还有早餐，虽然不丰盛，但比没有强，旁边就有超市，对面快餐饭店还比较多，对面网吧配置一般，人多有时还找不到位置。下次去还住这！,9,9,0.9905840158462524
味道太重了，晚上睡不着，希望邯郸宾馆有点公德心，装修刚好就开始营业，想毒死人啊！,9,9,0.9459897875785828
要的是发膜给的是润发乳。害我又买了个发膜,4,4,0.9827830791473389
东西二十多天快一个月以后终于到了，这物流是真的快，一个月就到了真快，跟店家沟通了前后七八次不知道是心情好还是怎么，才帮我问，又过了四五天我的东西终于在等了二十天后有消息了。这物流和服务质量是真的可以！！佩服,7,1,0.33280059695243835
还算是第一次用沙宣这套产品吧，以前朋友家用过一次，不觉得怎么样，但是这次配套使用，觉得还可以，护发素香香的，这个味道还比较喜欢，洗完的确感觉得到头发滑滑的，顺顺的，发质还可以的感觉。这次用完了，下次应该还会继续买。喜欢这个味道，洗过后不要用指甲抠头皮就不痒，头屑还好吧。正常情况。,4,4,0.9797170758247375
每一件都有坏的，每一件都坏了几个，我觉得这一次品质没以前好，不值这个价格生产日期5.15，感觉没保存好，东西吃还蛮好吃。,3,3,0.8175967335700989
酒店非常棒，，环境一流，。。太美了，。。空气，绿化，。人流量。。温泉。。有机会可以再去。。。携程也经最大努力安排了很多事。。,9,9,0.9625383019447327
呵呵，一分钱一分货，公司用，公司的本本也分三六九等，这些本是给新人用的，配置差不多，不爱坏就好。,8,8,0.7428376078605652
个头也太小了，一个*真是坑人，醉了也是,3,3,0.42014139890670776
不错，京东送货速度快，值得购买！！！！！！！！！,4,1,0.4713001251220703
有点坑。怎么和说的不一样？尺码不标准。,7,7,0.9820111393928528
买了自驾游的度假产品，酒店挺大挺气派。不过说实在的酒店蛮偏僻的，如果自己没车还是不要考虑了。可能是因为周日入住，加上酒店地点不在市区，故酒店中冷冷清清的，晚饭也只有我们一台生意。服务生态度很好，只是要求要无烟房，但前台坚持说房间经过无烟处理后就没问题，结果还是有烟味。不过算了，只住一晚，就凑合了。,9,9,0.9902955889701843
"我们总的感觉很好.服务和条件都不错.就是在次日早退房时开票的电脑有故障,因为我们要急走没开票.总台说开后给我们寄回.我也留了地址,好几天了还没到,不知寄出了没有?希望我们携程催一下,我还等着报销呢.",9,9,0.9629378318786621
嘿嘿，看到是五月天做的广告哦，喜欢就搞了一部在用，用的还行。用喜欢的MP3做铃声感觉很好，声音大而且是用自己喜欢的歌做的可以随时换，喜欢！,2,2,0.8350489139556885
尺寸有点偏大，质量还过得去吧。,7,7,0.8586152791976929
刚买一周就降200.郁闷，手机太大，容易变形,1,1,0.6010083556175232
便宜，但是呢，总的来说其实不太划算，因为剥了太小了。,3,3,0.9059743881225586
你们看看售后服务再买吧,1,1,0.3575759530067444
还可以，非常不错。。。。。。。。。。。。。。,1,1,0.6010991334915161
因为京东的良好送货服务以及货物品质，觉得可以经常给镇上的父母邮递孝心，没想到因高温，快递小哥拒绝送货到家，让妈妈顶着烈日自取苹果。实在令人失望。,3,3,0.7690431475639343
潜台词，别给脸不要脸分享网易新闻:蒙牛总裁:生产日期篡改属个例,6,6,0.9917615652084351
价格实惠，品质尚可，京东购买，方便快捷，还未吃，口感无法给出评价，吃了再来追评，京东服务很好，第二天就到货了。,3,3,0.9273698925971985
各项服务非常周到，前台人员热情，楼层服务人员周到细致，房间送餐服务快捷味美！,9,9,0.9948200583457947
网卡太垃圾 除了windows 7 vista 意外甭想用它了驱动根本就是不存在的。xp的驱动官方不提供,8,8,0.931868314743042
地段不错，这次和老公6月6日入住，6月8日离开。check in和check out速度很快。刚开始给了我们10楼的房间，打开窗都是高楼，后来老公去前台公关了一下，换了17楼的大床房，打开窗能看到维港，真不错！没在酒店用过餐，因为附近的茶餐厅太多了。交通也方便，我们机场来回都坐的A21，每人33元，停要弥敦道，走走很快到酒店了。出行也方便，我们基本上都在尖沙嘴地铁站出发，后来找到近路，走到地铁站只需要5分钟的。下次去香港，会再考虑入住的。最后那天晚上机票回上海，中午要退房，就把行李寄在前台，也没问题，很好。就是房间小了点，哈哈。,9,9,0.9839695692062378
风扇声音比较大，散热有待改进。另外就是做工有待改进，这可能和国内生产商的技术有直接联系吧。,8,8,0.983790934085846
跟图片不一样,7,7,0.766913652420044
因为青春，可以任性，不怕挥霍，愿意为爱飞蛾扑火。身处其间的人，有欢笑，有眼泪，有快乐，有悲伤，有甜蜜，有心碎，可是应该是不会后悔的吧。虽然只看完了第一个故事，可是苏瑾的勇敢与执着深深的打动了我，让我在深夜的房间里感动不已，心有戚戚。花样年华中的往事一幕幕浮上心头，多么庆幸我们拥有过那么美好、恣意的青春。如果当时再勇敢一点点，结局会不会不一样？,0,0,0.9853357672691345
确实很好的吃的，吃了5个了，价格还是这样的便宜的，质量很好,3,3,0.9606132507324219
"看别人看的感动的天昏地暗的,我就是看不下去了,可能确实是时代背景不一样?",0,0,0.9940061569213867
1分给快递    外观可以，可是吃的时候发现有点霉味，切开一点甜味都没有。    能退吗??,3,3,0.4500941336154938
华为的质量，漂亮的外观，流畅的运行，快捷的物流，网购在京东。,1,1,0.36901137232780457
这款苹果性价比非常的差，苹果小，然后呢又不红，我看外面的话也这个苹果也就卖个两块钱一斤，最多了吧，说一声啊，购买请谨慎,3,3,0.9606209397315979
和畅想5比，屏幕显然小了一圈，缩水了,1,1,0.8560625910758972
宝贝收到了，质量非常不错，跟图一样没色差，穿了很合身款式时尚很漂亮，店家服务也很好，发货快，满意。,7,7,0.9560233950614929
京东和盛世竣峰店，不发货，却完成订单，当心，受骗,4,1,0.4137350916862488
慢慢慢慢慢慢慢慢慢，等得花儿都谢了,4,4,0.4077449142932892
这次买的苹果实在是太小了……呵呵了都 严重拉低京东自营的水准啊,3,3,0.9630167484283447
不满意，15号以前877元，16.17号899元，18号849元，19号899元，20号（今天）848元，我是17号买的，价格899元，请还我50元，谢谢！,1,7,0.49702557921409607
因为之前查看了携程的点评，所以对这家酒店的期望值并不高。但入住以后总体来说感觉还可以，虽说照五星级还有差距，但在吉林应该可以接受。酒店周围好像没什么合适的饭店，最后还是在酒店吃了巴西烤肉自助，比其他地方贵些88元/位，水平一般。还有一个就是卫生间确实小。,9,9,0.9933537244796753
宝贝很不错的呢！款式很新颖，我很喜欢，物超所值的呢！赞一个满分哦！下次还会来的！,7,7,0.784853458404541
内容还行，但是书的味道有些熏人，孩子怎么看,0,0,0.9961144924163818
第二天就到货了，等着用了，效果不错，虽然没和超市进行对比，用起来感觉比超市划算,4,4,0.8610047101974487
裤子质量很差， 才穿一天就起球。在 这个价格里神坑。,7,7,0.9960577487945557
这幺小的火龙果，还不熟，好意思说是中果,3,3,0.9995453953742981
对这次京东的配送员很失望，竟然把东西放在了我不知道的地方，要我自己去拿，很无语，配送员差评！,1,3,0.5255727171897888
这个苹果还可以好吃，货到付款这个方式也蛮好，不但快还好的很。谢谢。,3,3,0.5669775009155273
一滴也不喝，只喝光明 不喝不喝，上了系统也不喝 飞机上发的蒙牛从来不喝 哥也不去，虽然人家也不要哥哈？内蒙的。。,6,6,0.9984458088874817
挺好，给婆婆买的，屏幕很大很好用。不错不错,1,1,0.9354600310325623
不可以开机，犹豫死了！我要申请售后！,1,1,0.7303274869918823
房间卫生真的太差,9,9,0.9850617051124573
假的，用完头发一点都不滑，而且还比其它店贵二三十块，超级假,4,4,0.9910669922828674
非常之高大上,1,1,0.26910200715065
住的是江景房，房间超大，环境一流，价钱不算高（258元包2早），美中不足是服务有点跟不上，总体不错。,9,9,0.9905080795288086
防眩光雾面宽屏液晶显示屏；商用很好，运行CAD、3dmax等软件较快；键盘手感很好。,8,8,0.6336213946342468
今天下单，今天下午就到货了，还没有用不知道效果怎么样    …,4,4,0.9408078789710999
一起买了两套，感觉不错，几个人一起用用看！应该不错,4,4,0.33486971259117126
员工最重视的事情：晋升和加薪。  权和钱！哈哈哈！,0,6,0.7638362050056458
就是靠名字吸引人的眼球内容空洞没有一点实际意义说的都是谁都明白的废话不值得读,0,0,0.7848880290985107
618活动比平时便宜，物流也没怎么受影响，两天就到了。M3我觉得可以算是平板界的旗舰了，跟家里的果板比也毫不逊色，音质可以说是秒杀，相当震撼。系统反应也很快，用着很流畅。,1,8,0.5316864848136902
很不满意，京东果然不靠谱，今天收到货品就降价了，说给我退差价，联系几个客户转来转去搞不定，这服务态度，真是怀疑这么可能越做越好,4,4,0.4412021338939667
郁闷，昨天下单104.5，今天就95，真是无语。,4,4,0.30153852701187134
"酒店整体还不错,豪华套房整体的感觉是客厅稍大了些,卧房小了些.其余都还可以.",9,9,0.9912081956863403
华为平板，618活动室买的，价格公道,1,1,0.9767871499061584
房间很宽敞，很干净。处在闹市区，很方便，能看到整个城市也能看到一片海。我个人比较满意。,9,9,0.9814440011978149
可能对香港人来说也是一个新的娱乐场所。酒店设施服务都一流，位置方便，周围有许留山、7－11超市、沙沙、买电子产品、波鞋等都近在咫尺，旺角地铁站，弥敦道也分布在酒店出口处。我和女儿结束迪斯尼的游玩后在那里连住3晚，对我们自助游的人来说还算方便的。从酒店到太空馆、海洋公园、中环等都很快，酒店旁边的集市有买山竹10元4磅，很好吃，我们还一直带回到上海呢！,9,9,0.9674896001815796
用完特别容易痒，跟以前屈臣氏的根本不一样，绝对的假货！！！,4,4,0.994581401348114
又一次购买，代朋友买的，比较满意，华为品质还是不错的，～～～～,1,1,0.9140587449073792
住在这里感觉很舒服心情很好，有什么问题都能得到及时地解决，不管是大堂副理还是服务员都是很专业的，服务水准一流。早餐很丰富，旋转餐厅能看到玄武湖。,9,9,0.9771426916122437
小朋友说这个苹果好好吃！上午下单下午到！超赞！包装很好！,3,3,0.9834180474281311
很无语！本来不油的头！越洗越油,4,4,0.8668466210365295
第一个耳机孔坏的，插耳机不能用，第二个后壳有划痕。。。无力吐槽。尔瘦栋,1,1,0.4528336822986603
买了2瓶有一瓶漏了，，差评，包装简陋，回去试试是不是假货,4,4,0.9086430668830872
书的质量很好，很有趣味性，女儿2岁半，超喜欢，每天下班回家她都要拉着我，要贴贴纸。画面很温馨，随意又生动有趣的绘画风格大人孩子看了都喜欢而且用于题目的语言表述一下子让孩子响应起来，每次我读完题目，“让我们把...贴上吧”！女儿都大声的回答“好啊”然后就认真的寻找目标啦！虽然会贴的歪歪扭扭，但玩的很开心，一副很有成就感的样子！非常棒！！,0,0,0.9540393948554993
没用呢，收到就一瓶打开的，客服是虚拟的根本发不出信息,4,4,0.9233901500701904
裤子相差太大了 太丑,7,7,0.9745049476623535
物美价廉，性价比高，值得购买，就是有点色差，颜色偏重。,7,7,0.5235600471496582
酒店服务态度很差，之前预定了两间房，说是预留到下午5点，四点半打给酒店告诉他们会晚到一点，前台答应的好好的。结果6点到了，被告知预定已经取消，没有房间了！！只能每间多交200块才有房间，强盗酒店！网络奇差，根本连不上，打给前台说，人家说人多就是连不上，正常！态度奇差,9,9,0.9958859086036682
很破的宾馆和招待所差不多，服务也有问题多找钱还给她连声谢谢都不说气死我拉，早饭跟本不是人吃的，房间送餐送完了就没人来拿餐具了晕倒，点了一个红烧牛肉牛肉上都是淋巴都不敢吃而且要48元一份。只有网速很快能到2M，不过建议不要入住太差拉。,9,9,0.9901801347732544
带的vista系统太慢了，我加了2个G的内存，一共4G内存还没有我3年前的破台式机跑的快，没有带xp下的驱动，所以如果自己装xp的话会很麻烦，显卡声卡很难搞定，总之，带的系统太垃圾，自己很难搞xp,8,8,0.99652498960495
苹果还可以吧，但是有几个是青一点的，同时买了仙美牌的，比这贵一点点，但是比这个好点,3,3,0.9335992932319641
房间都可以，摆设同其他酒店的不同；地理位置系荃湾的中心地带，地铁附近，出入还可以；夜晚系附近吃消夜还过得去；周边环境在夜晚比较静，比较安全，旁边有好多住宅楼；下次去还可以考虑，500几文，OK嘎。当然比如心差，但起码房间属于中等（如心的房大、新）。,9,9,0.9898396730422974
洗完之后第二天头发就开始油头皮痒 我之前用别的洗发水都没出现过这种状况,4,4,0.9765560626983643
不好用不好用不好用很干涩,4,4,0.9092547297477722
看到绒的时候我都惊呆了，我都不知道我选了条加绒的，?这要怎么穿出去。。,7,7,0.9960001111030579
房间不是很大，但是卫生间装的很有创意。早餐很好，品种多，而且味道不错，服务人员的态度也很好。,9,9,0.9757391214370728
效果不好 我每天都洗头用这个痒的要命 还的换,4,4,0.9396505355834961
您们这些零售巨人敢抵制害人的蒙牛吗？？？ @曹世如,6,6,0.9917928576469421
地摊货都不如，裤子长了不说 布料左腿边侧歪的，穿上去整个人都不协调了，当抹布用了！,7,7,0.9976669549942017
这就是一个冒牌假货，之前我也用的华为一直很好用，这次买的华为让我很无语，常死机，正常网络连接下还常断线，我真无语了。,1,1,0.908953070640564
照片跟房间差别太大 欺骗消费者,9,7,0.44207191467285156
网速特别好质量也可以电也经用,1,1,0.5894502401351929
很不错哦！刚开始买有点担心，正品，大家可以放心购买哦，材料费一百八，倒也合情合理，,5,4,0.3291580080986023
平板收到，很满意和想像的一样，没失望第一时间体验中，稍后再评,1,1,0.9265878200531006
六块多一斤的苹果太小了，而且不甜。比实体店贵。,3,3,0.9969472289085388
买的东西太多，来不及一一评论 暂时都不错，就是这样子的。。。。,3,4,0.2804037034511566
房间很干净的，住的朝南的房间，太阳照进来很舒服，现在可以上网了，网速也不错的说。宾馆的交通老方便，闹中取静的地方。月坛北街上的护国寺小吃我也老喜欢的。宾馆里提供10元的午餐和晚餐也不错。缺点么，就是隔音不是很好。总的来说，还是不错的，生意也不错。,9,9,0.9730650782585144
分辨率太低，有些卡,1,1,0.43205639719963074
好舒服好舒服好舒服好舒服好舒服,7,7,0.3881012499332428
苹果很小，比预想的差很多，对不起这个价钱,3,3,0.5778617262840271
借618机会买的，质量一如既往好,1,1,0.42473104596138
看这本书前心情还蛮好的，当慢慢进入到悲伤逆流成河当中时，心情也变成了阴天，用了一个晚上看完了这书，书中所写和现实蛮像的，小四把现实写进了小说，在现实生活中不缺少像唐小米那样的人，让人狠的牙痒痒的，女主人翁易遥的故事，让人觉得她真的很可怜，我觉得不好的事情全部找上了她，所以她选择了跳楼自杀。推荐大家去看这部小说，温馨提示：看这小说，你可能会哭，所以旁边准备一些纸巾好拉。,0,0,0.9982477426528931
之前订过一次这件，觉得整体可以；结果这次是个大坑；一开始给了1006，结果房间旁边就是电机房吵到死；让换房又不是同一部电梯到了折腾了十几分钟才才到1101，结果就是1006的楼上，电机房还是在旁边；前台还说特惠的就是这个房型，我说之前住过都不是，让加钱才能换房，换了个套房，结果地毯很脏，花洒漏的水比出来的水多；第二天又结错账又给少发票。。。。。太糟糕！！！,9,9,0.9716687798500061
连着wifi突然就没网速了，wifi断流特别严重,1,1,0.8654127717018127
裤子很不错，摸着很舒服，质量特别好，洗了也不掉色。,7,7,0.9908319115638733
超快的速度 超值赠品 和只买大瓶一样的价格 一如既往的好好好,4,4,0.9036069512367249
我在怀疑这个潘婷是不是个假货，洗头发前所未有的痒，量到是很多，下次再不买了！,4,4,0.9865388870239258
不知道为什么买了这么多，一看家里还有很多，可能就是好用不起头皮屑吧,4,4,0.9957375526428223
烂京东，第一次在这买东西都被坑了,1,3,0.3461759388446808
1电池不经用2手机内存不够用用个蓝牙接受歌都接不了换个MP3为铃声还要先移到手机里去~~~太糟糕了3屏幕不好，换个亮一点的墙纸就看不到墙纸什么样子一定要选个暗一点的4拍摄拍照功能好差，不是自动对焦的，没有闪光灯，而且老有马赛克的样子还说200万像素我敢说索尼爱立信K750的照相功能比他好得多。5什么都要设置郁闷！~6我用了一个多月了，怎么用都上不了网！~~用数据线的时候老是用不成。原装电板只能直充不能坐充晕,2,2,0.8156890273094177
"很一般的一套书.因为看了网上别人评论才买,没想到很失望",0,0,0.9981189370155334
发货速度挺快的，送货也快。东西挺好的，唯一不足的就是没有袋子,1,4,0.2769411504268646
我色盲，看错了?,7,1,0.48987242579460144
一个盒子里两大桶两小瓶，包装很好，用券后很划算，618买了三套了！,4,4,0.9131974577903748
蒙牛还是倒闭算了，无良企业,6,6,0.988587498664856
难看死了，跟老年衣一样。,7,7,0.9892364144325256
不能装锁、光驱读盘能力不算太好、圆通快递太离谱，到货无通知，直接给公司保安，等我见到?时纸箱包装已被拆开过。建议京东每单多给圆通两毛电话费！,8,8,0.5953243970870972
我买的这个笔记本上门写的Vista家庭高级版，结果拿到手是basic版的，,8,8,0.8264562487602234
坑爹了，东苑是不在主楼了的，上一次一样的价格是住在主楼的，这次上当了，所谓东苑是后面跟一个招待所似的，这个东苑一楼还对外出租那些什么拍卖公司啊，还挂着这些公司的小广告牌。既然有对外租给别人开公司，安全可想而知了。一楼很大一股霉味，楼上反正暗乎乎，看不出来，味道也没一楼重，房间比较窄，算不到4星，3星的设施吧！附上的图不是我拍的，是酒店在携程上挂的效果图，因为这个点评强迫上图！！！我不点评成功就拿不到这个返现30元了,9,9,0.9905937910079956
酒店服务员态度十分差，作为服务行业对待客人的态度十分不耐烦，而且管理混乱，培训欠缺，很多方面有违管理章程，房间设施简陋，而且霉味较重,9,9,0.9976117610931396
质量太差，尺码不符合，我买其它33的都穿的，这个穿不上，我去，在也不到网上买东西了。,7,7,0.9976847171783447
我们学习巴菲特的日的并不全是赚钱，而是学习巴菲特做人、做事、做投资的基本原则，这些原则体现了大师的智慧；可以帮助我们解脱人生、事业、投资中的迷惑，寻找一条真正长期成功的正确道路。这本上上乘的传记作品的好处就在于，如果你还不是一个投资者。它可以帮你成为一个投资者；如果你已经是一个投资者，它可以让你变成一个更出色的投资者。,0,0,0.9987143278121948
为什么不能零星,7,1,0.2770014703273773
收到的时候是漏的，都不知道是不是别人退的，刚好没洗发水了就赖的退了，但是对京东是越买越失望，看来还是要重新选择购物平台，失望失望！,4,4,0.7650541663169861
选择晚间19：00到22：00时间段送货，18：10显示就货到了配送点。到了20：00还没看到分配配送员送货的信息。按照我了解的京东配送惯例，19：00没有分配配送员，商品就第二天配送了。既然下单的时候可以选择晚间配送，既然做出了承诺，为什么做不到？而且我的是生鲜产品，京东宣传的是全冷链配送，在站点放一晚上，那不变质吗？于是电话400客服咨询，结果客服给转到了生鲜客服，客服小姐非常专业的，毫无心虚的说，我们618促销期，配送量大，配送员辛苦，请放心，我们配送点是有冷库的，一定会保证生鲜产品的质量的。我只接告诉她，这个站点我太了解了，我是来解决问题的，不是听忽悠的。于是客服小姐马上不说了，说马上安排送货。我想说，第一、大企业要注重诚信，不能满足夜间配送，还让客户下单，这就是**宣传。第二、其他地方的站点我不清楚，至少我这个地方的配送点是没有冷库的，既然没有冷库，客服小姐能说的这么理直气壮，那么京东宣传的冷链是不是也是吹出来的呢？还好，在我打完电话半小时左右收到了货。,3,3,0.3776564598083496
布料差，拆开包装一看就后悔了，只能当工作裤了,7,7,0.9981133937835693
"今天买了九个有一个表皮有些烂我还能接受，但是购买的山竹和蓝莓坏的太多了，我真是无语O__O""…看来你离消费者越来越远了！不再是当初在京东相识的你了！！",3,3,0.7211688160896301
快递路上走了4天，我也是醉了，全发霉了,3,4,0.4111670255661011
基本没用，摸完头发还是好的，一点儿都不柔顺，从没用过这么差劲的护发素,4,4,0.9924027919769287
在看过携程的点评入住的，订的女士楼层，总的来说非常不错，大堂有点小，倒也无伤大雅，房间因为全是套房，稍稍显局促了些，但是床真的是灰常灰常的舒服，粉粉的床具让人一见就忍不住“投身”进去，洗手间也显得稍小些，但还不错。早餐倒算干净，但品种太少。以后到深圳还会选择并且会推荐朋友入住的！,9,9,0.9950190782546997
款式新颖，面料舒适，老公很喜欢，大小合适，满意,7,7,0.9927605390548706
第二次入住这家酒店，还是感觉挺干净的，就是因为房间太小，晚上有点闷，网速也非常慢，早餐一般，没什么吃的。,9,9,0.9961643218994141
以前不买蒙牛，现在不买蒙牛，以后更不会买蒙牛！,6,6,0.8703324794769287
小缺点，刚买回来无线网卡不断有断网现象，最近好像更新过系统之后没再出现，应该是无线网卡驱动和Vista兼容性的问题。 电脑总是有滋 滋的电磁声，原因不详。,8,8,0.9415838122367859
最恶心的就是华为的客服，严重怀疑这个所谓的官方旗舰店！应该是假冒的！上周五6月9号买的新手机，用不了十分钟就发烫，坚持到今天第三天，怎么用怎么烫！反馈给客服，客服说请不要在高温下使用手机？难道我有毛病一边烧火烤手机一边用手机让他发烫？使用手机还要放冰箱冷藏才能不发烫？这回复真是可笑！这种态度太让人气氛了，要么随便你怎么说客服就发个表情给你，要么你再说客服就说你去检测下？要不寄回来修吧！连七天的退换服务都没有，怎么说就这样了，一个手机烫人新机让你修考虑过消费者的心里没有？这个官方店肯定是假的！客服太过恶心！华为的售后太过恶心！建议大家还是在店里买，这里买手机，好坏全拼运气！还要受垃圾客服的气！不截图了，看了评论说这个店会删图，不知道会不会删评论！,1,1,0.6403309106826782
这么实惠还弄这么好箱子，成本不小，很有诚意，很好，一次买了很多,3,4,0.5333787202835083
果径明显不够，测量只有60到68之间,3,3,0.8890900015830994
垃圾的平板电脑，正在看视频两分钟就黑屏了！系统有很严重的问题阿！,1,1,0.4593817889690399
"叶海花,不是绝色美女,用心用情,认真的活,认真的爱,不管不顾,只为了自己的心,而不是其它的杂物!而云峥给了她一个女孩子能得到的最好的爱情,宽容,尊重,宠爱.没有教育和改造,这是一份书中才有的爱情吧!",0,0,0.9993163347244263
瘦的练保暖裤都不能穿，标号和正常尺码不符合。冬天穿不了,7,7,0.994206428527832
直接发来坏的 还特别特别小 还不如去水果店买了,3,3,0.9767954349517822
物流太不给力，乖了一个多星期！,7,3,0.3358691334724426
包装特别好，很新鲜，物流快，快递小哥服务也好,3,3,0.6009389162063599
太窄，号偏小，发回来不能穿,7,7,0.9735581278800964
说可以开耗材，买了又不能！！,7,1,0.5126915574073792
行政房确实不错，服务好，房间也舒服这个价位真?,9,9,0.975848913192749
支持MP4播放，30M超大内存，能够支持30分钟无间断的影音同步摄录。还可外接T-Flash卡。,2,2,0.7365429401397705
苹果好吃，没有异味，快r递给力，包装很好，没有压坏的，,3,3,0.9623192548751831
用了将近四天的时间读完了大眼的这本书。感觉蛮多的。正如书前所写的本书确实挺逗人笑的，但也同时给了人许多值得思考的地方。在读的过程当中会觉得李可乐这个人其实有点像《鹿鼎记》当中的韦小宝，就是一个小混混，油嘴滑舌的，很会说。有时在他与书中其他人物贫嘴的时候就是在讲述着一段道理和讽刺，比如有一段康红对李可乐说的“骗人与被骗”的那一段等。大眼还不忘本行的借机讽刺了一下中国足球对地震的那段描述让我感触很大，我从小到大还从没亲身经历过地震。能从书中感觉的到当时汶川地震的那惊心动魄的场景。本书前面曾写道书中没有完全的好人也没有完全的坏人，但在没有读完最后一页的时候会觉得康红这个人物是一个不折不扣的好人。可就在读到最后那几句话的时候突然间有来了一个悬念就是康红的父亲以及他们的阴谋。书中也有不少的缺点，这本书就是好莱坞式结局的那种。如最后劫机等某些情节给人太假的感觉……总的来说还是不错的一本书,0,0,0.9913195967674255
貌似北京市场上最多的就是蒙牛伊利和三元吧？,6,6,0.8896842002868652
一起买了四种，就属这种最好吃。香甜可口，大小合格，以后再买就这个了,3,3,0.9969508647918701
漂亮（老婆认为的），性价比高。电池很棒，能用4～6个小时，兼容性还行，拿到手直接重装了WIN7，基本不需要任何驱动，除了快捷键。,8,8,0.9737377762794495
酒店的地理位置还不错，靠近步行街，属于闹市区，248的价钱，还有房间里面有电脑可以免费上网，一点要提到的是，酒店的免费自助早餐还不错，总体来说还是可以的。有点遗憾的是房间的环境差了点，一进去的空气就不好，设施整体有点旧，隔音差了点。补充点评 2008年5月6日 ： 步行街吃的就少了点，酒店拐往步行街就有家邓氏筒骨，不知道怎么样，步行街的国货广场一楼就是PISSA，和KFC，那晚找不到其他好吃的，最后只能吃KFC，对于比较讲究吃的朋友就要先搜索那边有什么好吃的了,9,9,0.9870848059654236
写着16g，但是实际可用内存仅有10.16而已，少了3分之一。运行还可以，玩手游不卡。像素很一般，前摄像头差，后摄像头也虚。仅适合拿来玩游戏，看视频而已,1,8,0.5237650275230408
经不住携程这么多好评的诱惑，本来不打算再来住的，决定再体验一次，以决定取舍，果然这次基本没再让我失望。上次住的358元精致客房，这次住的456元的行政套房，唉！一分钱一分货啊。卫生还可以做得再好一些－－床单上有多处黑迹。细节还可以再注意一下－－餐券上怎么没有时间？还得再打电话去问；卫生间排气扇噪音太大了，感觉跟在飞机上一样；装修用了太多玻璃，有点眼花缭乱，卫生间应该用不透明的门。2007年11月15日点评的时候曾经提到“君临天下”，后来还真去住过一次，感觉就仨字－－“很失望”，浪费了这么高的大楼和这个好名了，装修太业余，没档次，服务太差，11.18去住，居然没有取暖措施，也不告知客人，害得我空开了一宿空调，直接冻感冒了，在前台结账的时候，发现服务员也感冒了，症状很明显了，还“带病坚持工作”－－不想想对面的客户什么感受？正赶上发票用完了，站那儿干等着服务员用了五分多钟才换上新发票，自始至终就没一句表示歉意的话。补充点评 2008年2月29日 ： 不好意思，2分点评是给“君临天下”的，给宏裕4.2分吧。,9,9,0.9932646751403809
现在用了这么长时间还可以,1,1,0.6178129315376282
买移动版的请看清楚 便宜100损失的不止是不能插联通卡 还有运存少了1g 亏死了 100块少1g运存啊 膜都撕了还让换吗！！！x2标配就是3g+16g 哪来的2g啊 都怪自己没看清楚,1,1,0.867047905921936
拿到手就更喜欢了，漂亮的外观，运行流畅，值得，华为没话说,1,1,0.8672519326210022
我11月21日订的书，连同这本一共定了9本书，到今天为止11天了还没收到货！中途打电话到客服去问，令人恶心得客服卷着舌头以为很好听的“京腔”：“那我也没办法”，都没说跟我查一下，这服务，你早晚要亡！当当：你的客户会越来越少！你等着瞧吧！你接着忽悠吧你！,0,0,0.714203417301178
超级实惠，和同事一起要了三套，同事一直夸我找到这个套装太好了，还没用，看着是正品，用后再来追评！,4,4,0.6525661945343018
没有发票，赐买时确认有发票为什么没有？,1,1,0.38284048438072205
我一直相信，关于生存技能的书籍每一个人都应该看一看。一旦遇到突发情况，或许你曾经看过的某个细节就能就一个人甚至是一群人的命。人是脆弱的，离开工具的人在大自然里比一只蚂蚁还脆弱，生存技能在这时显得尤为重要。我希望每一个爱读书的人，都能好好看看这方面的书，推荐给亲朋好友也看一看，让每一个人在生命受到威胁时都能做出正确的选择。,0,0,0.9998168349266052
这本书可能是先有剧本后有书所以不象亮剑书那样感人，建议大家去看电视剧。,0,0,0.9967581629753113
华为M3我从去年开始就已经关注，那时刚刚买x2不久，我觉得它就是x2的升级版，从配置和屏幕来看，2k的显示屏，专业的外放，就是一台专业的影音设备，虽然它有很多缺陷，但是都无法抹杀我对它的喜爱。,1,8,0.39739295840263367
还可以 手感挺不错 屏幕刚好 还在更新不知道效果怎么样 个人感觉华为平板是在国产里做的不错的了。,1,1,0.9062685966491699
还是国产机的老毛病电池容量及低，不拍照还好，一拍照估计能用两天就不错了,2,1,0.5602835416793823
配置性价比高,1,8,0.3594167232513428
还没有怎么用，希望有不错的效果，再来,4,4,0.8891898393630981
超喜欢五官的，五官好可怜，虽然她一心想往上爬，但是她的心很正直，人不犯她，她也不犯人。应天临看不起五官在妓院长大，看不惯她耍手段，不过是因为小时候看到陌寒害死了他的母妃（见一身骄傲前传3本），五官是无辜的。一开始很讨厌应天临，但是看他最后为了五官挡了那一箭，也觉得他是真的爱五官了。只是可怜了应天慎，一直在等五官，不过幸好还有离根在陪着他。（见一身骄傲之一城风絮）,0,0,0.9893195629119873
坚信品质！我喜欢！已记不清第几次买了！,3,7,0.4871756434440613
东西给老妈买的 她很喜欢 趁着打折入手 很划算 能用很久 是洗护套装哦！,4,4,0.9863124489784241
这是第二次购买了，没有第一次好，没兴趣买了,3,3,0.3100872337818146
还不错，京东物流没谁了，吃了一个很好吃，大爱！支持京东！！！,3,3,0.7023569345474243
感觉不怎么样，刚刚洗完头发又感觉头发干枯枯的而且还是好油,4,4,0.9731242060661316
裤子质量挺不错的. 色调也正. 没有掉色之类的情况. 还没有试穿 . 看起来效果不错 料子手感也不错. 欢迎大家围观 购买.,7,7,0.9980681538581848
质优价廉，送货快，送货员态度好,1,5,0.2304040491580963
看到这套书的时候，立刻就有了购买的冲动，因为这好像就是我童年记忆里那套带给我很多快乐和疑问的、让我至今难忘的书。一个个传说和故事，自小就在我的心里扎下了根，和那些精美的图画一起。虽然新版的图书有点贵，还是毫不犹豫下了单。拿到书的时候很开心，书的质量很好，翻看书页的时候，就像是翻开了童年的记忆，一个个故事跃然纸上，收藏了~~~~留给我的孩子看！,0,0,0.9982919096946716
买来送人的包装好，没有破损，没打开看，相信京东的品质！感谢快递小哥雪天及时送到，好评！,3,4,0.4286300539970398
酒店住宿环境陈旧，卫生间湿滑，喷头呈水柱装，吹风机也是坏的。这是酒店硬件不好的方面。更不好的体验是从入住,9,9,0.9975032210350037
送给客户孩子的礼物，结果是开过封的，很失望,1,1,0.4587920010089874
618大促销时候买的，真的很划算，量大有没有，东西也是正品哦。,4,4,0.8770334124565125
不买蒙牛很多月！ 连飞机餐的蒙牛都不喝了 中国人的无限宽容纵容了蒙牛错的越来越远，屡次原谅助长了蒙牛犯错的胆量，这就是常说的那种虚心接受屡教不改。 转发微博,6,6,0.8098289966583252
"性价比特高,值得推荐.有机会到深圳我还会订该酒店",9,9,0.9814790487289429
确实不太像三星的，不知道信阳其他三星酒店怎么样。补充点评 2008年3月13日 ： 家具比较老旧，不太喜欢，而且空调也不太好。,9,9,0.993423581123352
"不能当时提供发票,说给邮寄,现在还没有收到发票,感觉被欺骗了",9,0,0.27684924006462097
很不错，看了好久才下单,1,4,0.3375762403011322
洗发水很给力，平时价格很贵，京东搞活动了就比较便宜，感觉很实惠，不错不错，很满意的。,4,4,0.9710991382598877
618大购物，很实惠。先放着，潘婷宝洁公司产品，很好用。最后赞下京东快递，基本是上午下单，下午到。,4,4,0.9660635590553284
刚买了就掉价，还什么鸟秒杀，京东也越来越假了,1,4,0.6770616173744202
还可以，运行速度可以，没有指纹不方便,1,1,0.7174251079559326
已经开始用了，分量很多，够用半年了！支持京东！！,4,4,0.5386863946914673
平板质量不错，用了快两个星期才来评价，值得信赖的京东。,1,1,0.9534687995910645
跟我之前在商场买的完全不一样，没得任何味道......怀疑是不是正品,4,4,0.6778340935707092
差评！买的红心火龙果，切开是白心！已投诉,3,3,0.31441617012023926
果不新鲜了，个头很小，表面全是斑点，没有一个新鲜的，很失望,3,3,0.9996412992477417
发货速度快??配送员服务态度很好给个大大的赞?洗发水还没用应该是不错的吧朋友都在用沙宣的,4,4,0.9678102731704712
快递给力，宝贝基本没色差，面料很舒服，码号也很准，大爱！,7,7,0.9456426501274109
腾空~我操你妹夫超速60％要扣6分罚400还要吊销驾驶证？脑子进水还是过期蒙牛喝多了啊！,6,6,0.9900696873664856
快递挺快，就是收到货后，有漏液，联系客服，只有机器人客服，给京东快递员打电话，说申请换新，但是觉得麻烦也没必要，就没换，希望下次不要在漏液了。产品还没用,4,4,0.44309014081954956
除了地理位置、外部环境不会再选択东方银座相対设备、服务比较、性価非常高。网速漫対Business Man不便、前台的业务熟练度尚差、需要努力。,9,9,0.8682485222816467
假货，太失望了，而且价格和实体店买一样！后悔,4,4,0.39015865325927734
这个月买了2次平板 非常好 朋友也觉得不错 京东好,1,1,0.8747439384460449
第一次买清扬的，不错，还领了瓶100ml的洗发水，,4,4,0.9835404753684998
收到了，吃了几个，说良心话挺新鲜的！第一次在京东买水果，希望京东物美价廉，以后还在京东买。,3,3,0.9919773936271667
订的29，发的28→_→第三方越来越6了,7,4,0.4779599905014038
给好评的人是不是托啊 这苹果品相不好 有伤 形状也不好 我家楼下一个规格的才买4.8一斤 后悔了,3,3,0.993103563785553
电池不行，待机也很快没电，绝对差评。,1,1,0.9199755191802979
付完钱的发货速度乌龟样不说，苹果又小又难吃，还有一个苹果烂了！大伙在它家买东西谨慎点,3,3,0.9708878397941589
国产品牌算做的比较优秀了，相信华为的产品,1,1,0.7623872756958008
看起来还可以啊，正在摸索中。,1,5,0.3638288080692291
裤子缝合的地方不牢开线了，没有做好质检把控。裤子缝合的地方不牢开线了，没有做好质检把控。裤子缝合的地方不牢开线了，没有做好质检把控。裤子缝合的地方不牢开线了，没有做好质检把控。裤子缝合的地方不牢开线了，没有做好质检把控。,7,7,0.9877524375915527
还有，早餐稍晚点，就没什么可吃的了，做的也很一般,9,9,0.8116782903671265
衣服质量很好也便宜、打底最合适。纯棉的穿上很舒服！,7,7,0.9965215921401978
裤子有个洞，退货很麻烦，下次再也不买了,7,7,0.9908113479614258
看视频，手按压边框会直接黑屏，好神奇的机器，差评吧，周围都说华为有多好了，看来对国货还是失望！,1,1,0.9384024143218994
这款衣服性价不错的喔 ，感觉物有所值，喜欢。,7,7,0.9907891154289246
第一次用到感觉像是冒牌货的产品，如果是正品就这样。那我就醉了，别人家洗发水都是用完柔顺，他们家的用完了头发梳子都梳不开。味道也像是理发店那种。坑产品。,4,4,0.9841492772102356
面料不错，做工精致，大小也刚刚合适，裤子质量不错，穿着刚刚好,7,7,0.9970609545707703
洗发露好用，就是看着不是真品，,4,4,0.9981264472007751
衣服收到，非常满意，感谢买家，感谢物流，下次会在来，,7,7,0.9759549498558044
广告欺诈 吹风机为什么不送,4,4,0.4767286479473114
读完这套书，作为一个中国人，我很痛苦。为什么中国和美国在差距那么大？为什么还有那么多的中国人在排斥民主、在为腐败的中国官僚体制辩护？痛苦的时候，也看到一种希望，民众也可以真正的拥有自由和民主而不被奴役。中国人应当有一种信念，“阻挡群星闪亮的是一片黑云，黑云不可能永远阻挡星辰”如果你想读书，这套书会是你读过之后绝不后悔的一套书。,0,0,0.9992207288742065
这个出版社是我经常光顾的 我觉得他们的题目都是从基础开始的这本书分为3点：主干知识、点击思维、零失误训练。主干知识我都是在预习前做的 都是基础题然后点击思维是在第一课时结束时我复习用的 也是基础题 只是有些是复习概念用的最后零失误训练我都是堆积到周末做。。是对这一整课的总结总体说我还是比较满意的不知楼上那位是什么教材 人教版的教材不就是有勾股定理吗？？,0,0,0.991292417049408
不错的酒店!房间较大并舒适!因为是住21层很安静!1楼餐厅菜肴价廉物美就是品种很少!是桐乡很好的酒店!,9,9,0.9782074093818665
客服真的差 尺码不对 客服鸟都不鸟你,7,7,0.9919002056121826
实在不好，差，电话难打，服务不好，客人退房时，服务员检查房间，只检查宾馆自己的东西，客人的忘记在房间的东西也不管，过后找时，说没看见，极差。望大家三思，不要住不负责任的店。,9,9,0.9924799203872681
呵呵呵呵呵呵，京东不可以给负分，抱歉啊。,3,3,0.425843209028244
这本书孩子不感兴趣。 把书本都给撕了。,0,0,0.9147352576255798
穿着舒服。第二次购买这家的裤子了。以后继续。,7,7,0.979323148727417
春节期间住了一晚，房价高不说，房间内的空调只能制冷不能制热。第二天的早饭更是惨不忍睹，我们8点多到的楼下，一楼转角一个小的不能再小的餐厅，粥、面条都已经空了，就剩下两个鸡蛋，两片方肉。后面还有不少人陆续来餐厅，前面在用餐的还没吃饱，大厨说再下面条。所谓面条也就是长长的方便面而已。这家酒店是这次出行住宿中最差的一家。,9,9,0.9959421753883362
读陶老就是读教育！他高举的：“生活即教育”使我倍受教育，让我感受到什么是教育，更让我的眼界一下开阔起来，让我把曾经的教育从书本，唯书本到生活处处是教育延伸！让我读到了他的胸怀，更让我心胸也一下开阔了起来。真是一本好书！,0,0,0.9989641904830933
第一次在京东买水果，买了十斤就有5个苹果是烂掉，有的是在运输过程压坏的，有的本身就是烂的，以后不要在这里买水果了。,3,3,0.9973044395446777
真的真的很好，售后也灰常尽力，好评,5,5,0.3413145840167999
苹果的确不怎么样，看着也没有商品大好看，算了，下回不在买了。,3,3,0.8818498253822327
下次不买这个牌子，也不在京东买东西了……,7,4,0.40824076533317566
呜呜呜~~~我的蒙牛优益c啊！！好不容易买一瓶。给我撒了一半！,6,6,0.734781801700592
很好很好很好很好很好很好很好很好很好很好很好很好,3,1,0.5739457607269287
感觉是被用过的，打开快递盒子就是如图这样的洗发水，一看就是用过的，盒子里还有残留的洗发液，希望商家给我个合理的解释，要么就同意退货，,4,4,0.8918114900588989
"这个酒店总体不错,安排的房间正好可以看到海,就是普通话好像很难沟通亚~下次还会订",9,9,0.9688924551010132
到了就已经烂了一个，太难吃了。，大家不要买,3,3,0.9903305768966675
还不错，在市中心了，价格实惠，还有免费的接机，服务也很好，不过因为酒店可能时间长了，设施不是很新，但是还可以。,9,9,0.9576748013496399
今天上午收到的货比其它牌子的好用还是京东配送的还有送试用装啊,4,4,0.9342003464698792
酒店硬件条件不错，服务也挺好，价格合适。只是当地风俗让我们有点受不了，晚上酒店有新人结婚，乐队一直在大门外演奏，异常吵闹。本来酒店身处安静之地的优点被全部破坏了。,9,9,0.9951136708259583
不知道是什么原因宝宝不太喜欢看呢.,0,0,0.9939464926719666
才买了一个多月的手机就开不了机了，然后检测说有积液，这不是翻新机是什么啊，这也太让人失望了,1,1,0.8622564077377319
还不错 物流一直比较给力,1,1,0.3193932771682739
房间还可以，床和枕头都蛮舒服的，就是靠马路有点吵。总的来说还可以吧，以后去还会继续住的。,9,9,0.9694413542747498
光驱有点闹，且读盘不好，我安装xp换了3张盘，电池时间过短，只有2.15小时，16：9的屏幕不大习惯,8,8,0.9848126769065857
清扬的这款洗发露还真的挺好用，去屑和去油效果都挺好。,4,4,0.9941548705101013
玩王者荣耀不能多点触控，方向和技能不能同时按，重进后好了，才玩两次就出现这问题，不满意,1,1,0.9441680908203125
房间比较宽敞，有网线，不错，总体上感觉可以，房间服务生态度认真，前台服务态度需提高，所在地理位置不是很好，出租车司机基本不熟，打车从浦东机场到这里要了我170~ 不过在上海这么贵的地方，这个宾馆还是相当超值的~,9,9,0.9912976026535034
没想到很小一瓶，大大失望！太贵了！差评！差评！差评！,4,4,0.539628267288208
刚从那儿回来。的确离大相国寺很近，离鼓楼夜市更近。但酒店住宿环境极差，标准B间在四楼，没有电梯，拎着箱子爬层高很高的四楼可不是一件轻松的事。房间里极其浓郁的异味，通风条件极差，又不敢开窗，因为对面居民区养了几条喜欢狂吠的大狗。总之下次去开封不会选择了。补充点评 2008年5月2日 ： 还有热水开了很久也不热，浪费啊！不过，前台接待是热情的，笑脸相迎。,9,9,0.9977267384529114
这是外面坏的，里面碰坏的拍了看不出来，发货的时候能走点心波？,3,3,0.407845675945282
今早下的单5点多就收到了真的又快又方便,4,4,0.4767942726612091
哎，收到货后打开一看，三个坏了两个，大夏天，伤不起啊，是不是应该联系京东客服啊？,3,3,0.4619133174419403
清扬的洗发用的不错，一直用这个牌子，这次京东大活动，买了囤着。,4,4,0.9897487759590149
根本就是一个招待所！亏的还能上携程网推荐！真是丢死人的脸了。前台（姑且升格称其为前台）服务态度差的要命，跟私人旅馆一样。服务员还好点。早餐比街边小馆子还不如，好像难民发救济。乐山当地酒店消费水平并不贵，三星的金叶也才200多一点。连卡都不能刷。强烈不推荐同志们去这家旅店！物无所值！,9,9,0.991114616394043
用了这么久了我来说一下真实的感受吧，因为考研想买个平板出去自习时看视频方便，学生党本来想买iPad钱不够，于是分期买了M3，刚拿到手着实漂亮，很喜欢，音响很不错，电池续航时间也不错，总体还行。,1,1,0.7366325259208679
信号非常好，不错，接收很快，外观也可以，大赞?,1,1,0.6673384308815002
"质量非常好，与卖家描述的完全一致，非常满意,真的很喜欢，完全超出期望值，发货速度非常快，包装非常仔细、严实，京东快递态度很好，运送速度很快，很满意的一次购物",3,7,0.45271655917167664
味道很好！但是用起来非常一般！头屑增多！也不柔顺！总之不建议买！,4,4,0.9861262440681458
"酒店位置交通方便,但是临街噪音较明显,窗户隔音效果不如人意,浴室中配备的冲浪浴缸无法使用,房间中的桑拿房也无法使用,酒店自助早餐的品种和口味也一般,较为遗憾",9,9,0.9894603490829468
质量很好，真的很不错，跟图片上一样一样的，码子也很标准，包装也非常好，,7,7,0.8640291690826416
短信息容量太少！质量也不怎么样！不支持MP3和红外线接口！,2,2,0.9483337998390198
非常不错的平板，接近2签的价可能会让想买入门级平板人觉得有点贵，但目前可供选择的国产平板并不多，这款算是高性能平板了，华为的品质和售后还是值得多出几百的。,1,1,0.5192883014678955
看着还不错，还没有吃呢，因为家里还有苹果没有吃完，比超市的要便宜很多，觉得如果好吃的话还会回购,3,3,0.9800542593002319
功能挺全的还可以,2,1,0.5620232224464417
不错 老公很喜欢 穿上很舒服,7,7,0.9960677623748779
什么玩意，特别垃圾，那些小的是什么东西,4,3,0.329848051071167
想给它不得星，收到平板后发现平板像素差的不行，看个图片很模糊，就收起来准备退货，但是售后收到货说是耳机孔进水了，我也是醉了，收到都没用怎么会进水呢？除非是收到就这样，看来在京东上买东西也得找专业人员验一下，最好就是以后不买华为的东西，后悔啊,1,1,0.9327074885368347
真没想到网上购物还这么有意思，在卖家的指导下我终于学会了网上购物，谢谢！,7,5,0.2766653001308441
第一次在网上购买水果，没想到比在外面买的都要新鲜，包装完美，每个苹果都红红的，吃了一个，是我最喜欢的脆苹果。,3,3,0.9987071752548218
发货就不看的吗，直接送过来这货色！,3,7,0.549854040145874
东西蛮好的，只是安装人员的东西比较贵，材料太贵了。说是人工费不要的，其实比我自己叫安装人员，另外出人工费还要贵呢，一共200元安装材料费。占热水器价格的在分之一了。,5,5,0.9228733777999878
衣服已收到了。跟网上的图片比有点差距，不过还算可以。,7,7,0.9153128266334534
假*的，太差劲了，，，一星都是快递员的,4,7,0.5622879862785339
这些都是很大很大的坑，所以有玉米帮着挤挤干水，整理了下。推荐给@简桢，比你看的小说好看多了。记一次蒙牛酸酸乳什么什么的没收集，因为不是我整理的。也没有收集到我从远方赶来这篇。,6,0,0.7981293201446533
仿IMAC BOOK AIR很到位，而且更加人性化，适合心仪IMAC又囊中羞涩的朋友，乍一看很唬人，用起来又不像IMAC那样费劲,8,8,0.5591842532157898
不知道是假货太多还是我运气差！！！沙宣也算是老品牌了，我确实不相信，老品牌会出现这种情况！都说* Jia货多，但是京东现在也不敢恭维，不知道是刘**生意做大了？还是中国造仿造产业强大了！以前都说京东商品值得购买，假货特少，现在看来“未必”啊！如果说这不是假 的，请商家给我一个完美的解释，，，，，，如果是假的，京东怎么解释？也许大家都不用解释，以后少买就是了，，，，，，，，,4,4,0.6150482296943665
我们定的行政大床房，装修很不错，就是床小了点，小孩子一起睡比较挤；还有窗的下面就是设备房，开窗后轰鸣声较大。酒店和携程的服务态度都很好，因为我和朋友衔接上的问题，预订修改了两次，他们都不厌其烦，非常感谢！,9,9,0.9907616972923279
质量还行，京东快递速度也可以。,7,7,0.2980356216430664
去屑效果很好 很满意 下次还回来的 满199-100很好很满意,4,4,0.7694656252861023
真的不错，非常的不错，大小合适。开机自动升级到，7.0了。太好了。超值,1,1,0.7177567481994629
穿上很舒服 大小合适 面料不错料不错,7,7,0.9983281493186951
商品不错，和想象的一样。,1,7,0.40230298042297363
"散热是很不错,键盘也挺舒服,小软件也多,有些还不错用~ 屏幕没问题,其实只是LED背光吧~ 呵呵~",8,8,0.9080142378807068
"医疗展会的时候入住了这个酒店,豪华海景房. 房间设施还比较新. 但是我入住的日子,从进去到离开, 酒店不供应热水. 想想一千多的房价, 亏死了. 说是大连在维修管道, 简直是无耻, 我确认过同期很多朋友的酒店, 都没有收到影响. 酒店的解释非常勉强.预定时, 我是用信用卡担保的, 他们还不给我取消入住, 也不给打折, 说时不可抗力(我们航班因天气原因迫降沈阳,酒店都不给我们取消预定的,害我们打车来连夜赶到大连!!) 这个气愤啊. 携程也很差, 连这么大的事情都不和我说. 总而言之,入住这么个无耻的 倒霉透了.补充点评 2007年4月14日 ： 还忘了说了, 此酒店收费项目太多, 上网时0.8元每分钟, 打劫啊.",9,9,0.9944289922714233
1.机器本身没有XP的驱动，找驱动费了好长时间。官方网站也没有xp的驱动 2.触摸板无法锁。,8,8,0.7919731140136719
超级超级喜欢，裤子版型很好，穿上去也挺好百搭正适合现在穿，朋友都说这个裤子好看，价格还不贵在店里最少一两百,7,7,0.9969075322151184
内存太小，偶配了2根“金条”，目前兼容。但不知道是内存不兼容还是什么，有时会听到硬盘“咔咔”运行的声音。预置系统下Office是2007试用版，偶自装2003，则每次启动弹出正版增值计划窗口，很麻烦！,8,8,0.9597017168998718
用来看电子书，画面清晰速度快，爽,1,1,0.8849801421165466
总体来说比较满意吧……,1,1,0.46745672821998596
功能食用，触摸键设置合理。配置和价格性价比高。键盘手感相当好，笔记本上方的摄像头也很食用。总体感觉很好，建议不进行大型游戏和影响编辑的购买。系统上网，看片相当好，可能是进行了优化。操作系统是VS的，不习惯可以自己换成Xp，毕竟现在的系统盘很先进。,8,8,0.9627653360366821
1.全球首款斜45度外屏设计!具有鲜明的个性和典雅的外观！荣获欧洲设计大奖明星奖的阿尔卡特OT-C651，给年轻朋友更多的选择机会！2.采用了YAMAHA芯片的40和旋铃声，支持MMF、WAV、AMR和MID格式铃声！可根据自己的爱好选择自己喜欢的铃声格式，如果你是一个DIY爱好者的话还可以采用COOLEDITPRO对自己制作的铃声修改音量。从而达到震撼效果！3.阿尔卡特的大部分机子的来电铃声，开关机铃声和短信音闹钟可以共享同一个铃音库，所以C651也不例外！并且采用了556，557上出现过的随机铃声，一旦启用，你永远不会知道下一个来电时响起的旋律是什么！每一次都是一个新惊喜！4.摄像头方面支持30秒有声拍摄，不祥某些机子号称支持拍照摄像但却10秒不到，还没声音哦！C651有情景模式和拍照特效选择，还可以添加相框！5.支持红外，并且具有良好的红外兼容性！并且通过红外就能传输图片、铃声和视频等！同时也摆脱了软件的束缚，随机的软件只是在传输应用程序时才有用武之地！6.永远不会落伍的笔画输入法！甚至数字7和9键上都是笔画，并且具有极强的联想能力！没有用过阿卡的机子是体会不出来得！,2,2,0.9990919828414917
用了一星期才来评，挺好用的，主要是.玩个游戏看个电影，这个价钱很超值，支持国产,1,1,0.9539393782615662
小说前段轻松诙谐，如行云流水，从卓敏和杨一发现原来彼此和赵烈都有渊源，原来他们的第一眼并非似曾相识，而是早已相见，到后来宝宝被撞，再到卓敏的消失，我已控制不住自己的情绪，一直哭着看完。小说情节上并非尽善尽美，但整体优美的文字，曲折的主人公命运，还有逗趣的李氏幽默使小说引人入胜！多么渴望能遇见杨一这样的痴情男子，小小的玩世不恭，小小的油嘴滑舌，小小的机智聪明。,0,0,0.9971956014633179
已经是第二次来仙湖酒店，感觉没有上次好了。这次住的是438的豪华房，生态游套 票。酒店房间住的算是最好的了，还是觉得旧，不舒适。游泳池不错。早餐实在差。去农庄滑草还是很好玩的。祈福轩的中餐味道好，价钱也不贵。,9,9,0.9835978150367737
房间、环境尚可。只是服务稍欠缺（定7时叫早未叫）,9,9,0.9934531450271606
打王者荣耀不能多点触碰，这搞什么呢？,1,1,0.8713500499725342
我只能说买了个垃圾，这做工这质量真的没法形容了。建议大家不要在这家买了，不知道为啥，京东的东西越来越假了。,7,4,0.4149460792541504
苹果很好吃，甜甜的。女儿很喜欢吃。,3,3,0.9717772006988525
买前是看中了这款的样式，3G内存说实话不是主流了，屏幕分辨也不是很高，货没到之前非常纠结，想像着屏幕会是什么样的，收到货以后，下个王者，很不错，和我IPAD操作差不多，不卡，屏幕刚看会有些不适应，毕竟看习惯2K的手机，确定有区别，但使用一会儿后就可以了，3G内存比手机的3G要抗用一些，开几个后台的话1.3G左右，（顺便问一下店家，我的发票呢？）,1,8,0.7425106763839722
本来就是给老人买来和外甥开视频用的以前用的是红米note老人说反应慢看不清字小，心思给换个大点的，屏大了分辨率反而更低了有点乌将就看吧像素也不高。老人倒是无所谓，1400真的不值，性价比有点低。,1,1,0.7502350807189941
附带的小东西很多，瓶子比较大了，以前用过,4,4,0.8725005984306335
包装很细致，无坏果，口感、甜度都不错，只是个头略小，发货也很快！,3,3,0.989927351474762
环境一般 设施感觉很陈旧,9,9,0.9838579297065735
蒙牛。。。悲剧，本来瞌睡的，一笑就延迟了,6,6,0.6823632121086121
硬件很好，我的外国朋友很满意，就是房价分类比较复杂。,9,9,0.9773201942443848
最大优点就是电池的续航能力很强，这对于上网本来说是其核心的竞争力之一。,8,8,0.606249988079071
假的洗了头好多头皮，痒的很。根本就不值得，不知道哪里来的那么多好评。,4,4,0.9702834486961365
今天刚买的孩子特别喜欢用了之后在来评价,1,4,0.7247868776321411
外观不错，快递沟通比较及时。没测试游戏，平时正常使用，硬盘声音不算大，发热量还凑合。,8,8,0.5751394033432007
订的是288的标房，房间相当小，设施简单，卫生间连转身都感觉相当困难，前台的服务态度也很差，退房时足足等了十多分钟，不推荐大家入住。,9,9,0.9966349005699158
差，3只二公斤根本不够，只有1.1公斤。个小得不行！,3,3,0.9799879789352417
料子很好，物美价廉，用这个价钱买了这条裤子感觉很值了，店家服务也很周到。,7,7,0.9911422729492188
不想说了，买来裤子上居然还有个洞,7,7,0.919273316860199
其实，非常感谢从来没有见过面的任老师。这本书真的很值得推荐给想考研的学子们！本人也是大学里面的老师，这本书真的很棒！希望更多的人，可以通过自己的努力，实现自己的梦想！,0,0,0.9980416297912598
"1.从地铁香蜜湖站出去后,没有任何指标指示酒店方向,对于初到深圳的旅客而言,可能要花许多时间走冤枉路,建议酒店在地铁出口设置明显指示牌,引导旅客.2.酒店根本没有附设泳池,前台服务员坦承室外泳池是隔壁<安柏.丽晶>社区的公设.入住酒店的客人,是无权使用该项设施的!3.房内可上网,但租一条网线每天10元人民币,感觉此星级酒店,不应该收这项费用!4.我入住二房一厅的房间,标示是三人房,但早餐为何坚持只附赠双人份?难道第三个人就不用吃早餐吗?而以那样简单的自助早餐,一份自费却要30元人民币,我想很少有人会愿意付钱去吃!5.除了上述几点能够改进更好以外,凭心而论,此次入住七天六夜的整体感觉还是满意的.毕竟要找到一间交通方便,闹中取静,且锅碗瓢盆一应俱全,洗衣机干衣机甚至DVD机等家居电器用品都贴心安排到位的住处,实在不易;住在辉盛庭,真的很有""家""的感觉!6.酒店人员的服务态度很好,发现有电器故障请求修复很快安排妥当,清洁工打扫也很认真,这些使我及家人决定以后若再有机会到深圳做客,定会再次考虑入住辉盛庭!!",9,9,0.9720320105552673
京东自营的，火龙果是烂的。。。。。超级失望！！！1分都不想给。。。。,3,3,0.8644668459892273
价格挺** 到货后发现一瓶竟然已经漏了 很气人,4,4,0.8354551792144775
"武昌的住宿首选!一切都很完美,性价比高,要是协议单位就更好了补充点评 2008年8月3日 ： 地毯已经更换了",9,9,0.9923127293586731
质量很差，与图片没发对比，差评,7,7,0.9023627638816833
交道便利，近民航售票处，房间大整洁，但早餐实在一般。,9,9,0.9969877600669861
宝贝很好、我用的非常爽、全新的、包装也很好、发货速度非常快、不到二十四小时就到了、谢谢京东！我配了一个皮套、,1,4,0.3798646032810211
上午下单，下午就收到了，洗发水还未用，等用后再做评价。,4,4,0.9683979749679565
在她眼里，这是我送过她的最好的礼物，估计她成年以后都会记得！！！此前送过她各种名牌衣裙、玩具，但都没有这个让她这么喜欢。看来以后要让她开心，只要送她好看的书就可以了。想想自己小时候，也是喜欢看书，真是达到废寝忘食的地步，在上幼儿园时就拥有100多册小人书，一有时间就拿出来反反复复地看。呵呵，这还真是个好习惯！,0,0,0.9616999626159668
"很不错的酒店, 服务一流, 员工都很敬业, 无论是前台, 服务台, 行李生还是司机, 都很热情而有礼貌. 最后一天酒店了解到我是下午五点多的航班, 主动将退房时间延迟到三点, 而且安排巴士送到机场,住了这么多酒店, 这是头一回.",9,9,0.9908139109611511
"感觉有些过时,儿子并不喜欢.很多工作类型现在都没有了",0,0,0.858322024345398
苹果质量很差，个头小，很失望的一次购物。,3,3,0.9557702541351318
火龙果烂了，又小又烂，包装的时候都不看的吗？,3,3,0.9959442019462585
还不错的产品。,1,1,0.6315039992332458
地理位置不错，离去机场大大巴站很近，周围吃饭很方便，有一家齐齐火锅不错，也很便宜.,9,9,0.9748560190200806
房间小，服务水平差（原来开的房间房卡进不去，又换一间），环境吵（外面车来车往），卫生间不干净，价格不低，下次肯定不会去了。不过，天津总体感觉都不好，不光光是酒店，还不如南方的小城市。,9,9,0.9914169907569885
什么破裤子，送来的时候，裤裆还占线。，拉几拉几拉几?????,7,7,0.8095650672912598
抵制蒙牛！！,6,6,0.9986936450004578
买了一箱蒙牛纯牛奶，换包装了，感觉还不错，就是每袋牛奶的量少了，少了20到30毫升左右，物价上涨真心伤不起啊~,6,6,0.9807524085044861
总的来说比较满意，酒店提供免费接车，接车时发生一点意外，酒店的车涉嫌无证经营被扣了，但是接站的员工还是打车将我们送到酒店，并未耽搁我们的行程。房间也不错，地方很好，后门就是去莫高窟和火车站的汽车，一般30分钟或更长点时间就有一班。酒店有自己的旅行社，我们通过它包车去的雅丹和玉门关等，服务不错。,9,9,0.981339156627655
买来后2个月就坏了拿去修，修好后待机时间超短，现在又添了毛病，自动关机，质量太差了，给中国手机丢人,2,1,0.5660341382026672
你们这价格真让人吐血啊！6月15日买的5398元，6月16日价格就下来到4999元？？一天价格就掉400元啊！！这样以后还有人敢上你们网上购物？.........机器散热口温度有点高！,8,8,0.8232549428939819
"房间设置不错,感觉比较新.洗手间很宽敞明亮,美中不足是洗手间的地板,稍微沾上点水就容易滑倒.早餐不错,品种比较多.服务员,门童都很热情,总得来说比较满意.",9,9,0.9766903519630432
东西好，小孩喜欢，物流快，赞,1,5,0.25570523738861084
宝贝质量很不错哦，卖家态度也很好，会回购的，支持！！！,7,7,0.7076001167297363
裤子颜色很正，我买的破洞的，洞不像其他裤子那么大，洞周围的磨白和面积都很合尺寸，裤子带一股懒散却又精致的气息，搭配什么鞋都好看，快递飞快，必须好评。,7,7,0.9891220927238464
"平板很不错,送朋友很喜欢,下次还会再来的",1,5,0.37009117007255554
这么快就降价了？？怎么回事？价格100,1,4,0.4265463054180145
第一次在京东买东西。昨天下午买的，今天上午就到了。速度快。回来迫不及待打开了，包装完好，超划算。打开闻了一下，嗯挺香的，。值得亲购买……,4,4,0.7043399214744568
非常差的东西，布料差，线头很多,7,7,0.9925025701522827
不错的一家酒店，交通方便，房间设计简洁。国庆期间房价贵了但送早餐，我想其实是早餐没生意所以打到房价里，美其名说送其实是硬性搭配消费，还不如减房价来得实惠。,9,9,0.9903033375740051
味道还可以，价格比我之前买的烟台的一个牌子贵，口感也有差别。还买了潘苹果，方便比较口感，以决定以后吃那个。这个还没吃，看着不错。,3,3,0.9933723211288452
很久没有读过爱不释手的书了，虽然《草房子》是一本儿童文学的书籍，但《草房子》里叙述的是每一个鲜活的生命。童趣般的故事让我回到了儿时的记忆中，回到了他们之间，一起嬉戏，起生活，这本书正适合儿童与大人之间的桥梁作用。虽然生活是如此平凡，但是美的地方却无处不在，让我们学会在生活中寻找美，给予爱！,0,0,0.9988803267478943
机器散热、噪音都属于良好水平，和thinkpad没法比，但比起其他已经相当不错，外观当然很好,8,8,0.948840856552124
卡是中型卡，麻烦；用来打王者貌似又略大了一点，需要适应，而且刚玩的时候还算行，一个星期后变卡了，不知道是更新了系统还是产生了缓存，不过卡的是开始和结束，过程还可以。边框比较厚，玩游戏时经常把手移出屏幕而不自知。自营没有膜和套，要另买，其它的就是软件的适应问题了。声音确实比普通的平板好，喇叭分布在上下两头，有特色。屏幕旋转只能180度，也就是说，如果把平板倒立，它就转不过来了，只能向两边旋转。,1,8,0.7032412886619568
明明看到有一个电吹风的。结果没有。。投诉直接说我自己没有领取。最气的是快递，之前每次都是直接送门口，这次直接打电话让我去很远的地方去拿。,4,4,0.4374760687351227
书很好，象卡梅拉的大小，而且这么多本故事，风格各异，小孩觉得很带劲。小孩马上就要上小学了，我的做法是先给他讲两次，然后让他给我讲。小孩挺乐意的，锻炼了表述能力。打算学拼音后把音注上让他读，那就真正能开展自主阅读了。有书评说比不上卡梅拉，个人感觉各有长处。卡梅拉更刺激些，情节性强；阶梯阅读更温馨可爱些，而且胜在有各种各样的故事。建议都买给小孩，书是不嫌多的。,0,0,0.9990209341049194
豪华客房很不错， 有客厅， 房间卫生打扫不错， 酒店人员算比较殷勤。但是提供的洗浴用品质量平平。自助餐算对得起这个等级（3星到4星）的水准。,9,9,0.9944853186607361
每次开机时音箱都有杂音，必须关机重启才可以，现在又不超过7天，但京东没货，换不了 痛苦~~~~,8,1,0.6465720534324646
质量一般,1,7,0.5688973665237427
相对来说，比起东莞，深圳的酒店，该酒店服务质量还是略有小疵。略欠热情与礼貌，有点爱搭不理的。举个例子，在该酒店住宿的最后一个晚上，他们忘了给新拖鞋，我总共打了三个电话，才送过来，当时看酒店环境，似乎并不是非常忙碌。,9,9,0.9903370141983032
和网上的不一样，面料不好,7,7,0.9930891394615173
已经第二次购买了，超级划算的，味道也好,4,3,0.6274785995483398
服务质量不好，房间老旧。,9,9,0.9910311698913574
东西收到！和想像一样。没失望！还在体验中！后期再评！物流点个赞！,1,4,0.3567478060722351
真的很好用，华为的品质很棒，做工很细，发货很快，真的很好。,1,1,0.803501307964325
有活动时比超市划算多了 除了新疆阿克苏就是买华圣了,3,4,0.6854053735733032
不错不错不错不错不错不错不错不错,3,1,0.46376919746398926
这个裤子非常不错，感觉很满意，版型也好看，非常满意这次购物。,7,7,0.995048463344574
超大瓶，可以用上一年多呢，用起来和超市一样挺好的。,4,4,0.9464525580406189
屏大，体看起来舒服,2,1,0.6386800408363342
苹果很甜，没有之前一次买的新鲜，不过总的来说还是不错的，个头也很大。,3,3,0.9987095594406128
1.预装的LINUX会影响安装XP或VISTA 2.左端散热口会影响本本键盘，夏天用恐怕要装底座 3.驱动安装盘并不好用,8,8,0.980985164642334
"豪华双人间的床很大,一张单人床已经有我在香港住的双人大床那么大,一些细节也挺有意思的,象放在床头的小信封会有一颗糖果和会告诉你明天的天气.就是毛巾有点旧.浴室里也没有可以晾衣服的线.补充点评 2007年2月28日 ： 外面有点旧和脏,我们刚到的时候还犹豫着要不要换一家呢,后来看到里面还是不错的,是时候该装修一下外面了",9,9,0.9937532544136047
做工不错！按键的手感比较舒服！显示屏的色彩柔和，画面清晰！声控拨号的识别率挺高！支持时下流行的JAVA功能！电话本比较方便查询，按数字键，就会出现相应的联系人信息！,2,2,0.8799844980239868
此书我觉得我个人不是特别喜欢，所有的内容太过虚幻了。,0,0,0.9993504881858826
开机感觉不错，前面一台10.1寸的，感觉太大，这台手感不错，画面也好,1,1,0.8358156681060791
电池有问题，充很久才充一点电！一、两个小时才百分之四！要不要这么坑人！要求退换货！真是气死人了！可不可以有点诚信！,1,1,0.5422661900520325
房间太旧，卫生间是很多锈迹，房间比较大，大床不错，我喜欢。价格还可以，就是太旧了，不舒服，服务员水平差不多二十年前老国营的水平。下次会换一家住。不过据说小姐不错，俺没试。,9,9,0.9872176051139832
书收到了，速度还可以。书本内全面，值得收藏学习！,0,0,0.986333429813385
应该算是蚌埠最好的酒店了。地点有点偏所以周围没太多餐饮娱乐场所，但好在名气响所以打车还是蛮方便的。房间和2年前一样干净，但不明白为什么没有免费饮用水、浴缸处有沐浴露而淋浴房里却没有。以4星论是可以的，但5星的话就有点勉强。,9,9,0.9974568486213684
怎么没开发票那，希望再查的时候能开好电子发票。,1,4,0.5079357028007507
裤子真的不好，好差劲，买了浪费钱,7,7,0.9955441355705261
真心不要在京东买这些东西，刚买的就降价！！！的.！！,4,4,0.46931585669517517
1.外屏可设定七色背光灯； 2.内屏色彩丰富细腻； 3.铃声很有质感； 4.具有众多一键操作功能； 5.支持GPRS和超强小秘书功能； 6.特有防打扰呼机模式功能（对方打用户手机只能听到占线音，电话号码却能显示在用户的手机屏幕上）； 7.支持关机闹钟；,2,2,0.9978959560394287
买的时候以为很厚其实很薄，裤子有点偏大 一般穿31码刚刚好,7,7,0.9977455735206604
还是套装比较实惠，京东物流也非常给力。大品牌，值得信赖。,4,4,0.6776705980300903
物流太慢，一起买的，这个慢3天，还是同一个快递公司。,7,4,0.44529274106025696
"我是四月十三号入住的,挂牌价是258元,经询问服务员才知道携程价228元是扣去早餐费30元得出的.服务态度不冷不热,通知六点叫早,竟然等到六点半才叫.浴室的门打开后人根本没办法进去,水是忽冷忽热,一个澡洗下来,居然洗的皮肤烫伤人又感冒.",9,9,0.9954946041107178
用的还可以，可惜不能帮忙装内存条。而且我同学的第二个盘双击就可以备份，我的不行,8,8,0.9565407633781433
太小了，价格还很贵，真不是很合理，这种苹果线下就2块钱的料，弄到线上就这么贵，真是骗人,3,3,0.8197031617164612
刚拿到手，开机，下载app，然后就各种卡顿，卡完以后自己疯狂的打字，跟死机了一样，然后只能强制锁屏甚至强制关机。再次开机还是会出现这个问题，到手了3天，平均一天出现5次这种状况，烦躁。低分不是对机器什么的，在体验店试的好好的，怎么到自己手上就变成这样了呢？一星只为能有人来重视，解决一下这个问题，并无恶意。,1,1,0.8776949644088745
东西太差了，一点都不新鲜，一星给快递员，,3,3,0.5002841353416443
用过之后头皮痒得很！想退又说用过一次不能退！郁闷呀！,4,4,0.9786131381988525
真是便宜啊，东西也是正品，对吧，还有是正品，你说是吗？肯定买哦,4,4,0.6832695603370667
挺划算的，质量还不错，就是物流有点偏慢,7,7,0.5345051884651184
用了再来评价,1,4,0.4316742420196533
饭店的前台非常服务周到、快速有效率，服务态度也好，有五星级水准！在这要表扬一下！,9,9,0.9869801998138428
前几天刚买了陕西洛川苹果，前天又抢购山东烟台苹果，想对比一下，那个口味更好。节日期间，送货仍这么快，昨天清早就送来了，送货员小蔡真辛苦!??,3,3,0.9300739765167236
物流很快，穿起来也很帅，给店家满分，不怕他骄傲,7,7,0.9774135947227478
宝贝刚收到，包装很好，物流快，很喜欢，信任京东，会继续关注商家的,4,4,0.5955774784088135
现在大批机刷的是1.05X版本软件，只支持MMF和DM格式铃声，其他格式都不能设为铃声，浪费128和弦的效果；港版1.02X存在30秒断线问题、而1.05X又不支持MP3和AAC格式；903SH早就停产3个月以上了（甚至半年），现在很多是翻新机！,2,2,0.9906432032585144
裤子颜色特别正，质量也不错。很满意，比实体店便宜哦，以后还会来的，满分好评,7,7,0.9800536036491394
不好意思，刚才上传错了另一本书的评论，因为买了几十本书，搞混了。我和孩子都非常喜欢这个系列三本，还经常就内容在一起讨论，我还准备暑假带他做一些昆虫标本呢！,0,0,0.9989056587219238
6.18又剁手了好几百块大洋，不过比平时买要便宜很多，一直信赖京东，尤其是快递小哥每次都给送到家里，今天顶着雨给送来好几箱子的货。,4,4,0.6312528848648071
17年5月15日出的苹果，味道挺好的,3,3,0.9840440154075623
掉色极其严重，洗上十多次都无效。真不知道那些好评是怎么评上。,7,4,0.8625237345695496
"环境不错,装修也挺新，但房间小了点，洗浴间与睡房之间是用工艺玻璃相隔的，人在里面洗澡，在睡房能若隐若现地看见。如果是情侣，那是相当的性感，看着情人若稳若现的裸体呼之欲出，极容易遐想连翩，继而鼻血横流，继而破门而入，继而……。但夫妻与子女同行，若三四岁以下还好，大了，就相当尴尬。唯有把孩子抓进被窝里讲地下党如何埋伏斗争的革命故事。",9,9,0.9307317733764648
裤子很合适，跟图片描述的一模一样，质量也非常好，穿起来很舒服。,7,7,0.9953274726867676
拖影有，但是不严重，不影响使用。比想象中大，毕竟8.4寸。响应速度非常棒，950不是盖的。,1,1,0.6157335042953491
优点 外观，价格,1,2,0.5091111660003662
整体做工比IBM低了一个档次，键盘键程短，反馈力度不足，怀念IBM的键盘。D壳做工像玩具。钢琴烤漆是一个不折不扣的指纹收集器，外观太时尚不够IBM沉稳，不适合进行商务活动。,8,8,0.7724024653434753
你们发货没看码数的？,7,7,0.9634948372840881
东西不错，不过有人不太喜欢镜面的，我个人比较喜欢，总之还算满意。,8,1,0.34652185440063477
太差劲了连个膜都没有坑人啊便宜没好货,1,4,0.5586417317390442
1、外观精致，做工优异。发货速度快 2、led屏幕亮丽，可视角度大 3、键盘布局还可以，就是小了点 4、上网功能强大，信号接收能力强。    可以兼容gsm和td-scdma双卡,8,2,0.7592388987541199
还以为里面是有很多图片的呢，原来都是文字，实在没心情看这种书，最主要是连作者的照片都没有，那该怎么确定她是31岁的美女呢？不太能让人信服吧。,0,0,0.9997534155845642
不怎么新鲜，个头比较小，价格贵，不满意极了,3,3,0.9938534498214722
我1.8的个子xl号上面还可以 就是太长了 整个屁股都包起来了 ***的东西赖的换,7,7,0.930272102355957
"如标题所言,一本适合安静阅读的书,一本需要耐心品味的书,诗词的年代貌似离我们已经遥远,但是,翻起已经泛黄的书页,忆及曾经摇头晃脑背过的诗篇,于是不由得觉得温暖,有多久,我们不曾这么安静了?在都市的繁华中寻找一份安宁,在生活的喧嚣中觅得片刻宁静,每天穿梭于不同的酒席,应酬,KTV,你厌倦了么?你真的快乐么?给自己的心灵安个家,希望所有的人,得到最美丽的平凡.",0,0,0.990400493144989
还行，挺脆的，酸甜的度也合适。确实是富士的口感，就是稍微有点个头小。别的没毛病，快递业给力。,3,3,0.9876673221588135
有损华为在我心目中的形象了,1,1,0.6225883364677429
包装太差了，漏的一箱子的洗发水，,4,4,0.9791409373283386
裤子质量不错的，物流也是挺快的，客服也是挺好的，买给我哥的，他挺喜欢的，这就可以了。,7,7,0.9669992327690125
讲真的，因为出差，过了退换货时间，衣服各方面很相当满意，就是尺寸 - - 坑爹很，小了点。无奈……,7,7,0.9889253973960876
预装的linux不是直接进入系统的，不方便测试机器。 随机光盘全英文，说明书没有注明详细的硬机，装驱动比较麻烦。 LED屏没有联想的好，联想的可能调到最暗，Acer的不行。,8,8,0.9963175058364868
诚信很差，骗人,7,7,0.6339404582977295
走廊里的地毯很污浊，房间内的设施很一般，而且早晨七点钟以后才有热水。大床房应该包括两个人的早餐，可是服务员却告诉我们只能有一个人的，害得我早饭只吃了一半，还要和他们理论，虽然最后改成了两份早餐，但这样的遭遇真的让人很郁闷。象是政府的招待所。。。,9,9,0.9975827932357788
买的时候说好了是3G运行内存16G内存买到手之后发现运行内存只有1.6G内存才10G 简直太坑，这样的情况商家你不表个态吗？以后都你这样做，生意店面早晚地黄,1,1,0.2788509428501129
没有塑封，跟屈臣氏的差很多 不禁让人怀疑是不是罐装的,4,4,0.7938460111618042
苹果比较好吃，就是价格有点贵啊！还比较小！应该再便宜点就好了?！期待价格奥！,3,3,0.9588416218757629
差评！苹果口感十分差劲！从来没吃过这么难吃的苹果！根本不是华圣的。我之前吃过华圣的口感十分好，脆爽甘甜！这个苹果干涩水分很少！,3,3,0.999169111251831
蒙牛酸奶太太太难喝了，浓浓的白糖，浓浓的香精…,6,6,0.9966654181480408
房间真的不怎么样，酒店业很偏僻，接驳车到机场10分钟,9,9,0.989513099193573
晚点，自己订的房间，入住时候全部是航空公司安排的旅客堵在前台，各种的吵架砸东西。前台不知所措，保安不作为，在国外早报警了。大堂经理也不作为，同时不理会我们这些自己付钱的客户。接近3小时才给我们房卡，进去发现有人，下来大堂又重新花了半个小时才拿到房卡。期间被蚊子咬了多个包！这样的酒店，一定要让其他旅客认清楚，你们不怕就去住吧！,9,9,0.9948753714561462
歪瓜裂枣形容，很不爽，个头小，还没个正形的,3,3,0.9926907420158386
是的吧 挺不错的 用用看怎样,4,4,0.5606826543807983
一直用这个牌子，不错挺好用的！值得推荐一下,4,4,0.9059949517250061
产品还可以，价格也比较实惠，物流速度也快。唯一的缺陷就是我原以为会送货上门的，结果是我走了快两公里才取回来，太远了，下次如果物流再这样的话我直接不要了！,4,7,0.3215336501598358
"通过给儿子讲每一本校车故事,我发现自己被深深吸引了,而且许多知识连我自己都是不知道的.3岁的儿子天天吵着要我讲神奇校车,他现在知道有个太阳系,恐龙有哪些种类,蜜蜂是如何采蜜的,人体有哪些器官又是如何工作的等等,这远远要比枯燥的科普书籍有趣得多,最主要的是小孩印象深刻,这就够神奇的了.我还准备购买第2,第3辑呢.非常棒的一套书,推荐!",0,0,0.9998459815979004
京东物流真不是盖的，超级快！早上下单下午送到。苹果也不错，水大脆甜，很好很好的！可惜刚下完单就降价了，美中不足了呵呵！,3,3,0.9158748984336853
初次使用，感觉还是可以的，能用多久，先试试吧。个人觉得华为应该挺好的，本来想买小米，结果抢了n次，抢不到，这个华为要是可以的话，以后手机也用华为了，看结果吧,1,1,0.8668509721755981
和拍的不一样，拍的新上市，发的超值装！,4,4,0.7858184576034546
平板节反而不送东西，前后几天都有护套的赠品，心里极度不爽。京东这个所谓活动真是纯忽悠。,1,1,0.7610062956809998
相当不错宽带速度很不错。周边环境也可以个人比较喜欢,9,9,0.8617602586746216
样式不错，穿上很舒服，大小合适，这个价格买到很划算~~,7,7,0.9914988875389099
今天气温38度，打开水果箱一股热气，个个都是暖手宝～～,3,3,0.5393567681312561
不好，苹果小，口感一般，买了就尝了下，其余堆放在纸箱里,3,3,0.9981239438056946
以前用着施华蔻挺好的 这次在网上买的 结果难用的不得了 洗完头痒的要命 再也不再网上买了,4,4,0.9975733160972595
很不好，很不好很不好，千万别买,7,7,0.4527243375778198
贵是蛮贵的，不过感觉不错。洗完后很舒服，也不容易油腻，洗头间隔时间变长了。,4,4,0.8733450174331665
数量不少12个，就是跟鹅蛋似得那么大，还不甜，真难吃,3,3,0.9917830228805542
商品还行，客服很差劲，售后差到不行,4,7,0.5687748193740845
六月初标价1699，感觉618搞活动应该还要降价，等了几天。没想到啊！六月中旬标价1788，等到618降了20元标价1768。强哥我只认你是个商人，希望大家以后要擦亮双眼。,1,8,0.3252931237220764
酒店太旧了， 大堂感觉象三星级的， 房间也就是的好点的三星级的条件， 在青岛这样的酒店是绝对算不上四星标准， 早餐走了两圈也没有找到可以吃的， 太差了,9,9,0.9932212829589844
按键做的挺好，很大，充分利用了空间，用着挺不错,2,8,0.5632557272911072
感觉真的好合算，还没有用，用了再评价。,4,4,0.6958339214324951
苹果蛮不错的，老婆喜欢就好咯，哈哈哈，全好评！！！,3,3,0.9771522879600525
有好几个这样的?了，这是不是打了什么药水的苹果呢,3,3,0.9920847415924072
1.彩屏彩的比较好``很明亮，铃声还算可以，下载速度很快比LG8080快多了，菜单翻动也很快。做工还算过得去！反正要比LG8080的好得多！我个人认为啊！2.我用了1个星期了还没出现什么大的问题！小问题也很少的！,2,2,0.6127049326896667
这手机外观真的是太漂亮，如果你看到真机我觉得你一定会爱上她的美！而且屏幕我觉得颜色也很鲜艳！还有个就是从她缺点里找到的一点好的方面。那就是发信息！~因为它支持一次性输入多个拼音让你像打智能拼音一样方便，在以前的手机里这个输入法我觉得很实用，也相对来说信息慢点也有值得有用的一个地方了~128M的内存虽然我觉得不大但是我觉得一定够用，因为以前我的3230是512的内存卡，我装了N多东西也才用个200M而已。所以我觉得128M的内存这个缺陷并不能算是缺点。毕竟如果她也换成512M的内存我相信她价格就会上去不少！,2,2,0.9735221862792969
本人已入住3次，对该酒店印象较好：房间面积可，服务好，环境也可以。缺点是：卫生间小，卫生间设施教陈旧，门口出租车较少，高峰时间很难拦到车。,9,9,0.9970967769622803
不错不错不错不错不错不错不错不错不错不错,4,1,0.4658198058605194
超市里价格很贵，一直没买。正好京东搞活动。买来用一下~效果真的很好·用完头发顺滑，发根也不会觉得堵~会继续购买的~,4,4,0.9793694615364075
穿着不舒服 粘毛,7,7,0.9467394948005676
音质还不错，速度也挺快，很满意,1,1,0.8421618342399597
味道太大了，很臭！！！！！！！！！！！已经扔了,7,3,0.3584095537662506
用了不到一个月音量键，电源键失灵，我也是醉了。现在怀疑这是不是翻新机？,1,2,0.4447171092033386
京东发货飞一样的速度，16号夜间拍的，17日下午到，收到满意，下了6个软件没问题，今天看了连续剧，还算流畅，客服寒豆很是耐心，我需要买个壳不太懂怕买错，寒豆又热情的给我发来型号， 很感谢京东的服务，一次愉快的购物。满分,1,1,0.5496999621391296
感觉是假的，用完以后头发特别干，很失望！,4,4,0.9914056062698364
"1 机器做工很好，表面还算比较精细。我用的是红色的，挺耀眼的。2 它的功能上是很不错的，因为这部机器是韩国人自己用的，所以在功能上是不敢马虎,比起国内的很多韩国贴牌手机那是好得很（如东信860等）。就像同样是日本手机，海信2101就比三洋550好得多，因为2101有日本原型机c309h，而三洋是对外的。我去年用海信，今年用三洋，现在又在试用用大显。3 这部机器按下右侧的功能键，可以进入联通无限菜单，包括了除了定位之星所有的数据功能，而且反应速度比中兴218快得多（打开彩e邮件的速度中兴很慢）。我下载了一个打地鼠的brew游戏，执行速度很快，很有意思.4 它的铃声是我所见到的最好的，简直比三星的40和弦高一档次，而且推盖合盖都有声响，很炫。5 而且他的功能是比较人性化的。我个人感觉最出色的是数字键导航，还有在待机状态下，每个按键都可以不用闲着，长按短按都有其代表的功能，可以设置。另外，他的硬件配置很踏实，虽然并非是其宣称的64m但我个人觉着有找到了海信手机实在的感觉。",2,2,0.923408031463623
用了，不错哦，非常的流畅，而且价格也非常的便宜，感谢京东,1,1,0.7838976383209229
优点：1.屏幕是他的最大的优点也是他的卖点，26万色的TFT材质的屏幕，现实效果逼真，色彩饱满，亮度高，分辨率也是比较高的。240×320像素 这样就完全没有一般的手机看上去屏幕有颗粒感。完全可以满足你的视觉感受。2.摄像头也是他的一个比较好的方面，是110万像素的，还是CCD传感器，这样拍摄的效果更好，我曾经照片传到电脑上过，效果还是基本满意的。3.只能Windows CE系统和手机基本通话系统独立运行，PDA资源管理与手机通话可同时操作，这样就可以两不耽误了。另外是 基于266MHz双CPU的硬件支持 ，处理速度很快，看视频文件完全没有拖影和失真的感觉。画面相当流畅。4.手写的识别率很高。5.键盘输入、鼠标操作，数据存储更随心应手，可以真正实现掌上PC功能，与PC中Word/Excel/Power Point/outlook完全兼容，可以浏览 Word、Excel、PPT、PDF文件，可与PC快速互传资料 ，而且在手机上也可以设置缩放比例，这样就能弥补屏幕小的缺点了（和电脑比），这个对于在车上不方便用笔记本来说真实太好了，而且即使是黑天也不怕啊。（这个对于在每天在车上时间长的用户来说无疑是个学习的好机会）5.支持K-JAVA （我特别喜欢）,2,2,0.9551303386688232
第一次购买沙宣，物流很快，昨天晚上就使用了一下感觉效果还不错，值得使用。,4,4,0.7701795697212219
端午节期间去厦门自助游，选择入住了这里，酒店挂牌4星，我个人感觉是一家质量相当好的酒店，房价设备特别是床和淋浴都很不错，服务也比较好。遗憾的是电视机实在太过陈旧，和整个酒店不协调。希望可以改进，总体还是推荐这家酒店的。,9,9,0.9864124059677124
非常不错的，要是说能洗发露和沐浴露一套还差不多，因为俩瓶用的时间有点长了,4,4,0.9967117309570312
便宜，配置不差，外型8错，完全可以满足日常使用 (送货确实挺快),8,8,0.6363955736160278
第二次购买了，质量一如既往，送货及时,3,7,0.4161584675312042
掉色不解释，我每次收到网购的衣裤都会先洗一下的，这刚放进去就掉色了，这种裤子不用说什么了，只能穿一两个月    如果可以1星都不想给,7,7,0.9904962778091431
东西很好啊，穿着好舒服，我觉得没有白买呀，女朋友直说帅气呢，以后还会来的，激动呀！,7,4,0.3299168348312378
在莱西这个地方真的算是不错的酒店了。酒店临河，不在闹市区，环境好。晚上酒店里有唱歌的，不过也不会唱到很晚，11点左右就差不多了。,9,9,0.9620712399482727
已经住过几次这家酒店，感觉非常好。服务员态度友善，又够专业，客房的装设时尚、舒适，配套设施齐全，使用起来很方便。总之，来郑州，住索菲特是个很好的选择。,9,9,0.9913029670715332
不好！水果大小不一！而且还不一样！有的皮厚！最大的也到不了75最小的可能只有65多点！不像商家描述的全是75果经,3,3,0.9992602467536926
"大虾们帮帮忙了.  刚买,今天进行分区,想增加E盘,操作错误,结果连原来144G的D盘都不见了,现在只有1个C盘,怎么恢复呀?",8,8,0.5895867347717285
什么意思啊。刚买完就秒杀活动，*买的，现在*现在都在怀疑你们的产品了……,1,4,0.7408257126808167
一本加拿大人拿中国人可怜的英文做示范告诉你什么是正确的英文。且不说用这种方式学不到几个单词和准确的表达方式，作者那种嘲讽的态度也让人觉得无法接受：没错你是英文为母语，那又如何？价格和内容不对等，不值。,0,0,0.9938773512840271
稍微买小了，建议买大一点的，不过真的很好用,5,4,0.5794779658317566
质量不错又好看，穿着刚刚合身舒服，卖家态度也挺好，给你点赞?5分,7,7,0.8741589188575745
京东的屈臣氏苏打水是假的，评论出不来,3,4,0.8041489124298096
还能说什么呢～～有生之年能碰到老板这个店，够幸福的..,7,6,0.35155928134918213
这本书刚开始看还觉得不错，到了后来就觉得内容太乏味了，看了三分之一就不想再继续看下去了。这本书主张的是找份好工作还不如找个好老公。本人讨厌这个观点。,0,0,0.9969583749771118
个头小小的，吃第一个就是坏的，也不是很甜，水分也不多，还不如市场买的，这次很不满意,3,3,0.9970365762710571
价格很优惠，服务也很好，YY款式和面料都不错的，给个好评此次鼓励,7,7,0.8307079672813416
一直觉着京东东西不会差，谁知道买的苹果很不新鲜，12个苹果表面都坑坑洼洼，太差了。,3,3,0.9665454030036926
好像是假的 和没用一样,4,4,0.514875590801239
合身，要看对应型号的尺寸再买，不然会买错的！,7,7,0.954199492931366
差评，真的差评，买给爸爸用的，想想华为这个老人用用不会差，但是一个月还没有到，我爸就说，待机时间基本6小时左右就没有了，老人家，也不玩什么，打打电话就没电了，还在要老人家跑来跑去的修理，这老人怎么懂～本来是京东方便的，这搞笑了，反而麻烦了～,1,1,0.95942622423172
厦门海景千禧大酒店就是以前的海景假日皇冠大酒店，现在中方自己管理，虽然现在没星，但各方面都不错。,9,9,0.9872642755508423
"语言诙谐,但音标,所以看起来不是太好记.",0,0,0.9535262584686279
一点都不好，洗完了头发油，头皮屑。,4,4,0.9781297445297241
不好布料差死了,7,7,0.9919372797012329
质量不稳定，这次明显成色比上次差，快递也换了，比较慢。    不会再买了，失望啊。,3,7,0.712465226650238
质量摸着感觉一般，颜色显旧。总体还行吧,7,7,0.6644608378410339
出了多少事了，还买蒙牛伊利呢！只买地产三元！ 孙子不买蒙牛了,6,6,0.944192111492157
以后不在此店买。上当了,7,7,0.662543773651123
京东自营就是快，好吃，孩纸很喜欢吃……期待下一次的购买,3,3,0.9090352058410645
挺甜的，还是比较好吃的，下次继续买,3,3,0.9681907296180725
读了“筋长一寸，寿延十年”一书，使我眼睛一亮，对我一个有自信的人来说：影响力很大，我虽然热爱健身运动，但养生书籍我也非常喜欢，此书是一本操作性很强的一本好书，在日常生活中很适用，尤其是拉筋方法学起来很简便，很遗憾就是缺少整骨知识操作要点，希望该书作者在今后的出版中加以完善。我会将学到的知识向身边的亲朋好友宣传，只要长期健身，必有回报。,0,0,0.9982427358627319
住的单人间，房间太小了，一进去感觉很闷，其他还算可以吧。在北京国家会议中心开会，离的倒是挺近，附近吃饭的地儿也多。这个价位算是可以了,9,9,0.9874394536018372
烤漆面板相当漂亮！各项功能都很齐全，送人的，很满意呢！虽然还没有试用。,8,8,0.3982030749320984
12个苹果，就有两个坏的，还不怎么甜,3,3,0.9882380366325378
此次入住简直就是失望到愤怒的过程。先是晚上11点到酒店，竟然被告知没房了--我可是当天下午用信用卡担保过的！接下来就是前台和携程联系，等了将近1个小时才进到房间，看到房间的设施，只有两个字：失望！而且当时我告知前台，第二天还有一个老外入住，希望把房间保留到晚上，前台满口答应。次日晚上带老外入住，又告诉我没房！！又联系确认了半天，最终给找了两张单人床的小房间，而且窗户就对着早餐餐厅！真的愤怒了。这种水平的酒店如何能被大家评为4分？？！要不是展览会期间酒店不好找，早就住1晚就退房了！,9,9,0.9860029220581055
东西是比超市便宜，可是东西也不好，洗头后头发一块一块的，一点也不柔顺的又不光滑，同超市买的东西没法比的，差评差评。,4,4,0.8297959566116333
2009-5-3 17:25:00下的单，在天津一个星期才送到的，订单上写的是京东送货，但打过去一问是总部找的第三方送货公司，态度恶劣，还不如自提呢,8,8,0.37728312611579895
鼠标不舒服，显示器分辨率、刷新率太低.装XP系统有点麻码，花了一下午的时间，建议厂家在盘中写一份详细的安装说明书。,8,8,0.996747612953186
京东昨晚下单，今天早上10点就收到，真不错，华为的品质值得信赖，真好。,1,1,0.8056150078773499
京东超市的东西，一直没毛病，昨天晚上下的单，今天上午就到了。,4,4,0.7081246376037598
商品一般，快递太慢，天气冷不想出去街上买才网上买，买了5天没有到我都流鼻涕了，没办法冷也要出去街上买了不然感冒了就麻烦了，你们这些网上购物能快些么，网上买了3外套3T恤虽然不是在一家买的，这快递速度也太慢了升温了穿短袖了才到，人家说雪中送炭你们这是夏中送炭，现在广州30度这不是冷着我还让我中暑节奏么,7,7,0.5808064341545105
第一次买的好吃，后来追加买的不好吃,3,3,0.9541652798652649
"外观不好看，显得有些笨！铃声调到最高时，有失真现象！内屏材质为CSTN，不如主流的TFT效果好！WAP支持版本为1.2.1，我以前用的那款支持的是2.0,确实没2.0版本的功能丰富！话机短信息容量少，只有50条！",2,2,0.9971977472305298
价格高，质量还有问题，不管你干什么，声音要等将近半分钟才出来,1,2,0.7241926193237305
质量真棒，摸起来手感特别好与卖家描述的完全一致，非常满意,7,7,0.8037080764770508
看图片好像不咋的，但是实物挺漂亮的，有点像商务机，手感不错，配置也均衡，家用完全OK，,8,1,0.6192281246185303
钢琴烤漆就是一个指纹收集器，还是喜欢以前的磨砂面，电脑不带系统盘，重新分区费了很长时间，而且感觉该机器不是很结实。,8,8,0.9769744277000427
还可以，就是为啥不送个钢化膜呢？,1,1,0.3922051787376404
我不想多说了，不满意退款，我直接拒签的，然后139直到现在一个多月了还没有退回来，客服推银行，银行推客服！！我不想多说，不解决问题不删评论，气人！,7,1,0.6478176712989807
什么烂苹果，劝大家不要去买，太小了，上当，再也不买了差评,3,3,0.9799268841743469
可能跟天气有关吧，有的芯儿已经坏了，总体还是不错的。一直购买中……,3,2,0.2611933946609497
裤子质量很好，以后还会常来，介绍我的朋友多来看看，真心不错。,7,7,0.994621753692627
京东送货就是快，刚刚拆封，还没来的及用呢，给京东所有的员工、所有的商家赞一个???,4,4,0.47066015005111694
送来的都是坏苹果让调换一拖再拖再京东还没遇过这么差的服务给0分,3,1,0.7069527506828308
小而不甜 上当啊？？？？？亲们，我的钱就这样被骗了？？？？？？？,3,3,0.3360186815261841
不喜吃蒙牛任何产品！！！怕吃死人！！！http:t.cn/zWgWTHX,6,6,0.9901186227798462
这产品我不想说话的吧感觉是,4,4,0.7807905077934265
商品实际差距很大，穿上很渣腿...,7,7,0.9916724562644958
太次，布料真心垃圾,7,7,0.9700372815132141
朋友推荐的，用起来真不错，以后就它了,4,1,0.450470894575119
手感很好，大小合适，速度挺快,1,1,0.5681588649749756
裤子特别的有弹性，质量不错 会回购，很好的卖家 细心回答问题,7,7,0.9894801378250122
速度好慢，送货的人也不给力,1,7,0.37470799684524536
"没有想象的离西湖近,年轻人走走也得10-15分钟.因为窗不是面对西湖的,所以景基本看不到西湖,要把头探出去,勉强看到商业街远处的尽头是湖面",9,9,0.961098849773407
可以用垃圾形容，是冲着华为和荣耀品牌买的，用了几天就开始超多流氓APP自行安装，有一些还在占据桌面无法删除，恢复出厂设置，情况依然没有改善，更恶劣的是经常自行关机重启。还不如几百元的山寨机，强烈建议不要买,1,1,0.69821697473526
一开箱一股臭味扑面而来，两个发霉了，还有一个完全烂掉，在流臭水了，618买的，真失望，果断退回货,3,4,0.46038100123405457
不错，非常喜欢，好用，华为值得拥有,1,1,0.9603437185287476
抵制日货不如抵制蒙牛、伊利先,6,6,0.9734649062156677
方便，半小时一班车到候机楼，浴巾都是破的，房间空调很吵,9,9,0.9815492033958435
1.做工精细。2.声色效果蛮出众的。3.娱乐扩展性能上佳。4.MP4文件的播放相当顺畅。,2,2,0.5836000442504883
"如果不装电池,光盘转动有很大的共振,主要是电池位设置在右手手托这边的缘故. 其他暂时没发现. 驱动也全.读卡器只能读SD卡,虽说SD卡普遍,也还是不足点.",8,8,0.9800373315811157
用脚投票 奶奶的，太坑人 不但蒙牛，而且蒙人 太坑爹了,6,6,0.9722598195075989
给公司买的 还不错还不错,1,1,0.4270517826080322
不能晒图哦！不知道有没有穿5次，每天坐就这样了！,7,7,0.9385465383529663
手感很好，样子很经典。加了1G内存，换了XP，跑起来很快。暂时没发现什么问题,8,8,0.8413735628128052
没窗户，房间小,9,9,0.9687672853469849
酒店服务完全不周到，房间隔音特别不好。旁边说话声音超大。而且前台服务员都在一边玩一边做事。什么4星级酒店，一点都算不上。以后绝对不住这家破酒店了。,9,9,0.9903613328933716
质量不错，款式很好，老公很喜欢，穿起来很是好看 满意 赞,7,7,0.993468165397644
价格便宜，做工不差，比前段时间买的东芝L332还要好。散热做得不错，时间开的长了也只有左侧手腕处温热，非常难得。摄像头、话筒、HDMI一应俱全，这个价位的机器上非常难得。LED背光显示屏也给人带来惊喜。,8,8,0.6448386311531067
电话本和短信息储存量太小，摄像头易磨损，机身容易弄脏；拍摄效果一般；屏幕文本显示效果一般； 手机的按键最不经用了，我已经在二个月里去经销商那里更换了三次手机了，现在这手机又不行了。拿到二手市场买了750元，哎。。。不信我的话，你就去买咯。,2,2,0.827038586139679
给老人买来看电视剧的，音质很好，电池耐用，一般可以看七八个小时，屏幕靓丽。总的来说质非常好。,1,1,0.828618586063385
早上下的单，下午就收到货了，好评哦！,4,5,0.3128240704536438
什么质量吗？根本就对不起这价钱，色差太大,7,7,0.6844363808631897
晚上订，第二天早上就收到，配送速度快，收到打开看完好无损，机器反应快，屏幕清晰，暂无发现问题，希望电池不让人失忘，希望耐用。女票很喜欢，办工在也不用拿笔记本电脑了有它就行,1,8,0.7780452370643616
是我们有毛病，蒙牛伊利没毛病！ 分享图片,6,6,0.9868159890174866
上午上班不忙的时候下单的，晚上到住处收到苹果，开箱子洗干净吃了一个。苹果很脆，也很甜，很好吃！包装也很用心，没有磕碰坏了的。所以，我决定给个好评！,3,3,0.9865114688873291
蒙牛生命力真强，让我感叹不已!,6,6,0.9986250400543213
其他都好，就客服推来推去的踢皮球，是最差的体验，还不给我开纸质发票，第一次差评送给你了！！！,1,1,0.3870358169078827
配送好，买了一大堆东西，快递大哥一次性搬到5楼，辛苦了^O^,4,3,0.2854214906692505
像素太差，特别是录像太模糊都看不清人,1,2,0.4733206033706665
物流超棒的！而且东西很不错。上身效果也不错！买这么物超所值的东西确实很划算。老公说不错，准备入手第二次！,7,7,0.3707418143749237
快递到了三天，而我却没有收到货，快递员说太忙没空送，京东客服说我这是一般快递请耐心等待，什么玩意这是！所以东西好不好我还真不知道。,1,3,0.26324883103370667
好评都是刷的吧！苹果难吃...并且十斤水果还坏了几个...商家不诚信...谁买谁吃亏...,3,3,0.7612580060958862
京东就是大骗子，专卖假货，不讲信用,4,1,0.36397966742515564
东西好像不是正品，用过后头皮特别痒不好,4,4,0.9575708508491516
10月3日入住的该酒店，前台免费升级到了行政间，感觉酒店服务不错，不过旅游城市假日期间有点贵但比起杭州同星级的酒店价格还是有优势的！！以后还是会入住该酒店！,9,9,0.9776115417480469
昨晚十点半买的，中午11点半都到了，物流很快，取了之后全新的，很高大上，用起来很流畅，不错，点赞，总之很好，又便宜！,1,1,0.43375304341316223
洗发水和护发素都是假的，虽然是做活动买的，但还不如多花点钱去超市买，至少是真的。,4,4,0.9703723788261414
看着便宜就买了，很差说不上，但看完也没什么得益，网上找个在线阅读就好了，没必要浪费十块,0,0,0.98879075050354
送货快速，苹果看着还不错，期待品尝一下,3,3,0.8935199975967407
线头到处是。脱线。线不结实。,7,7,0.9700915813446045
快递真给力，上午九点多买的下午四点到。。。正好打完球洗泡泡！,4,4,0.47869783639907837
裤子质量不错，裤型好看，大小合适，上身很帅气，加绒的，很暖和，性价比高,7,7,0.9964764714241028
不喜欢这个故事，不喜欢杜拉拉这么虚伪的个性,0,0,0.8508582711219788
1.钢琴漆外表面就是指纹收集器，手随便动两下就惨不忍睹了； 2.外表面lenove的标不好看，Thinkpad的i上一点还能亮，对商务本来说有点恶搞； 3.显示器的显示有点惨白，色彩有些失真。,8,8,0.8732097148895264
大促囤货，原价129，折算后和沐浴露一起才八十来块，合算,4,4,0.9912871718406677
"上周六,（上海）太平洋数码4F-迪信通,两电两充,耳机,100元短信卡1368大洋!我玩了刚好一个星期，对大M总体感觉尚可，优点如：烤漆色泽优雅，屏幕大而色润，待机图片很有特色，32和弦铃声非常有穿透力等等！",2,2,0.7392322421073914
搞活动买的，买完没一天价钱就比活动价还要低。。。服了！必须五星,4,4,0.4712330400943756
东西不错，这个价位，穿着也舒服，还没洗，不知道掉不掉色，看样子应该不会。,7,7,0.6162902116775513
很好。有弹力，穿着显瘦。颜色也不错，很喜欢，下次还来光顾。朋友都说很物有所值 ，以后也会来光顾，物流速度很快 ，俩天就到了，很满意的一次购物。希望店家生意越做越好，质量继续提高！,7,7,0.9564523100852966
好差，洗了后好多头皮屑，整天满头是头皮屑,4,4,0.9188514947891235
我一直都用清扬，非常好，夏天刚好用清爽型的,4,4,0.985895574092865
早上下的单，下午就送来了，物流棒棒哒。东西很好，拿着玩了会儿游戏，很流畅，这个价位值了。,1,1,0.5388686060905457
我在3月24日订购了图书室内设计，可是你们给我寄来的却是景观设计。我与3月26日之后打了N个电话，要求退款，买次你们总是说可以，2个工作日给我办理，我等阿等啊，过了好几个2个工作日，盼星星，盼月亮，终于在4月1日，盼来了，可是是换，不是退。我于是又接着打电话，你们又说2个工作日，我又等了好几个2个工作日，依然没有消息，我只好投诉。很快接到一个电话，告诉我1个工作日给我确切时间退，说的真好啊。，没有一丝犹豫。可是这一个工作日又过去了，人呢，电话呢？你们逗我玩呢。就86.2元，至于让你们这样吗，不烦啊？,0,0,0.3715168833732605
苹果不错，口感还行，就是个头大小不一。总体好评。,3,3,0.9978673458099365
大小都很合适，穿着也很舒服，愉快的一次购物,7,7,0.9822831749916077
裤子质量很好。和客服卖家描述的一模一样。超值超喜欢，穿上也很舒服，喜欢的朋友们赶紧动手吧,7,7,0.9957424998283386
"大家注意啦!我们很信赖的蒙牛频频出问题,昨晚蒙牛双层果酪竟然吃到了塑料片,太恶心了!",6,6,0.9333670139312744
这苹果真坑货，*一斤，果径根本没有75mm，小的一点点，还不如在超市里买的*一斤的大，,3,3,0.9981486797332764
我跟老公是31号入住的c座豪华商务套间。酒店只有a座是新装的，b跟c座都是有点年代的装修。不过房间很大， 跟海只有一条马路之隔。周边的环境也不错。酒店内部设施一般， 但是房间还算干净。洗脸盆下水很慢，浴室的淋浴头有点脏。但跟酒店沟通后有所改进。服务还算周到。住酒店套间的住客都可以去a座享用免费健身。游泳池很干净， 但是水不是恒温。这个季节游泳非常冷。总体来说，性价比还不错， 但是房间内的设施还有装修需要翻新跟改进。推荐几个朋友或是跟家人旅游时居住酒店的套间。,9,9,0.9879101514816284
挺实惠的，以后会经常光顾的，送货师傅态度也很好,4,5,0.38850635290145874
用着不错，看视频耍游戏刚合适，苹果的太大了，当然一定要比可能性能是苹果的好但只是看电影这很足够，还比苹果的便宜多了，打王者荣耀也不卡，流畅可以，女生很适合，苹果是真的大玩游戏，不好控制，物流也快，性价比高，五星！,1,1,0.8478319048881531
非常不愉快的一次购物，不说质量怎么样了，客服太垃圾了，刚开始看的有赠品，东西到了以后却没有了，问卖家卖家说让找京东客服，京东客服又说下单的时候快照上没有赠品，而且快照只能在后台能看到，这不是欺骗消费者吗，而且包装极其简陋，就一个盒子里面连泡沫都没垫，用手一晃乱响。看看他们给的评价选项，全是优点的，没有一个是缺点的，而却必须得选，不然发表不了评价。下面的图第一张是我截的图上面有赠品，第二张是京东客服给的快照却没有赠品了。,1,1,0.3465556800365448
该酒店环境和服务还有待提高，总体性价比还算挺高！,9,9,0.9769903421401978
好水果，可惜不新鲜，有臭味，生鲜水果重要的是鲜，革命尚未成功，同志还需努力,3,6,0.5751790404319763
太现实了，感觉应该要有点心机，把金钱看得很重这点很不好。人应该活的单纯些，并非有钱有势就算成功了，在生活中，最重要的是学会怎样乐观的生活,0,0,0.8785999417304993
酒店设施非常一般，连三星都不如，甚至连一些新开的无星级的商务酒店都不如。房间也很小，服务也很一般。价格非常不值，性价比太差。以后不会再入住。,9,9,0.9773924946784973
真的差得没话说，但说起来又有一堆。住进去的时候发现没有浴巾，第二天却一直打电话说我们拿了那两块浴巾，害得我们6个人一直在等所谓的经理出现解决这两块浴巾的事情。环境还很差，住的房间又小又暗。不要被它的外境给骗了,9,9,0.9954708814620972
本来很喜欢这部卡通的，说明上写的清清楚楚是中英双语对白，中英双语字幕，绝无重复。买回来一看，里面竞然还有米老鼠唐老鸭不说，根本就没有中文对白和字幕，更气人的是，还有重复的。太缺德了。骗子！,0,0,0.5873703360557556
也就那样吧。没看出来有多么多么好，一般般。,1,7,0.299218088388443
包装不怎么样，第二还没用，不知道好不好,4,4,0.5645546913146973
"订了一个房间,住了三天,档次一般,但性价比还算值得.",9,9,0.9856438636779785
是正品，洗头了才来评论，下次还来，物，美价廉，，，，,4,4,0.8503797054290771
真是垃圾，草，送了10天才到，问客服啥都不知道,1,4,0.3961351215839386
很喜欢 家人都说好看 手感很好 客服推荐的号码很合适 快递也很给力 总之满意 愉快的一次购物 5分好评是必须的 很好,7,4,0.4446336030960083
非常不错的一款洗发水，很好用，洗完很舒服，趁着做活动买的，快递也挺给力的，以后买洗护用品就选京东了,4,4,0.9923650622367859
六月份买的真是划算，平时一瓶就要这么多钱～,4,4,0.937949001789093
不好意思我货未收到，我想起诉你们！,7,7,0.5824074745178223
系统好装，驱动难找，性价比不错 谁找全驱动的共享下QQ6930454,8,8,0.9895654916763306
包装挺好的，后续看使用情况，快递员挺好，不错,4,4,0.5041217803955078
"刚买来时,一建恢复不能用,分区后启动不正常.还好,现在都搞定,给新用户应该提供一个指导性文件就好.多配一个鼠标多分两个区就好",8,8,0.9700354933738708
一开就漏洗发油了，太差劲了，想退货,4,4,0.9791281819343567
数量一大堆满满一笑盒，柔软顺滑丝丝光亮更适合长发,4,4,0.6480592489242554
差评，东西没送到家里，只送到乡里，快递太不负责。,1,3,0.4447702169418335
还行还行还行真好真好正品,1,7,0.6772658228874207
衣服太小，跟描述的不符，我150的体重直接穿不了,7,7,0.9947138428688049
30码的，穿着和32码一样，最大的差评,7,7,0.997389018535614
个头适中，脆甜的口感，很新鲜哦,3,3,0.9985155463218689
"本人正是受当当网各位评论的误导,以为这是本不买不看就会留有遗憾的好书,发现后便赶紧买下。看过若干页后,真是大呼上当.这哪里象是一本讲述历史的书籍，通篇调侃的风格以及所使用的网络语言、大白话，甚至许多句子多含语病，真是误人不浅。",0,0,0.9999017715454102
就因为5月底使用了沃尔玛旗舰店的券，确认收货后就被黑号，到现在已经一个多月了，还是不能领券不能抢购，京东做不过阿里是有原因的，而且很明显，所谓的618都是给极少数的专门SD用户准备的，呵呵，不愧是店大了，霸道多了。之前还专门开通了PLUS会员，没成想给了京东FF集资提供了条件。现在投诉也没用了，专员就是一群忽悠客户的SB。呵呵，高明的手段，可惜，还是输了阿里N条街。搞不起618可以别搞，何必用黑号现在消费者领券这种下三滥的手段。,4,1,0.44825977087020874
大小刚刚好，一口一个送货上门，服务态度好，下次还想来。味道很好，很甜很脆,3,3,0.9910814762115479
好难吃，在京东没买一次好吃的苹果，下次不会再买了了,3,3,0.9984651803970337
1、配置不错，价格可以接受 2、散热好，用十多小时后机器升温不大，CPU55度，硬盘49度 3、小键盘比较方便 4、机器运转声音较轻，没有明显的风扇声 5、屏很好，笔记本中算较大的，玩游戏、看视频爽，声音也不错,8,8,0.9487605690956116
快递挺快的，产品就是太卡了！,1,1,0.3964431881904602
收到了，质量没的说，颜色柔和，料子舒服，是正品哦 送长辈的！大小也合适，棒棒哒！以后还会光顾哒！赞一个！,7,7,0.8768192529678345
小巧方便,2,2,0.7802545428276062
裤子质量很好，款式也很漂亮，给我老公买的，他很喜欢呢。还会来光顾的！！,7,7,0.9884597063064575
apple品牌机所用的os系统需要好好研究，并且好多软件跟pc不兼容！,8,8,0.5880584716796875
拿到手上的时候，包装已经被打开，瓶装洗发水，压头已经被打开！,4,4,0.9502993822097778
每次到常州都是住这个酒店，各方面条件都不错！以后还会一直住在这里。要说缺点那么就是房间内的电视遥控器不够灵敏，面盆的水龙头设计不合理了。,9,9,0.9853963255882263
无实际用途 如果早看到 作者是韩国人 一定不买 不是我歧视韩国人 实在是国情不同！,0,0,0.9123424291610718
酒店环境真的一般，不过作为赶早班机来说还是不错的选择，早上有送机服务,9,9,0.9811549782752991
两天前购买，今天看又有赠品，两天前怎么没有呢？生气，下次不购买了，差评,4,4,0.43254613876342773
京东618买的，价格便宜，质量有保障，可以用一年了，哈哈，赶快行动起来吧.,4,1,0.47608667612075806
不错，买大了，重新换了一个小的,7,5,0.3884420394897461
宝贝很快就收到了，表示很满意！客服很热情，裤子质量很不错，大小挺合适的！继续支持贵店！！！,7,7,0.9083722829818726
机器很漂亮，便宜。配置也还可以，要自已安装软件有点麻烦。保修时间长。,8,8,0.4610464870929718
价格实惠！很新鲜！包装得很好！口感清甜，很脆！,3,3,0.997251570224762
我天，还能再小一点嘛！！网上卖水果也诚信一点好吗？不够斤称可以理解，也不要这幺小啊！！,3,3,0.48441025614738464
包装过于太好了，好得感觉有点“不够简约环保”?.....苹果不算大，吃着挺脆甜的。好评,3,3,0.9715177416801453
平板不错，物流垃圾,1,1,0.7104896903038025
1、金属质感、拉丝表面太完美了 2、全键盘，按键也很舒适 3、有两个USB口还算可以，还有VGA可以连电视机啊,8,8,0.7788835167884827
早上蒙牛喝多了？,6,6,0.9771643280982971
一般般，电话卡和tf卡二选一使用，必须给差评，这种设置还是保留了想法，要么当平板，要么当手机……,1,1,0.7961196899414062
真坑，刚买没几天就便宜了50元,1,1,0.41672974824905396
买给宝宝看儿歌，省得老跟我们抢电视。冲影音效果买的，真心不错，而且上下各有一个喇叭，外放立体声效果超赞。还送了一年乐视会员，爽歪歪！,1,1,0.9579771161079407
初为父母，我们对育儿一无所知，在父辈那里获得的是些传统的属于物质匮乏时代的育儿模式，我们需要给自己充电，这本书很好的帮了我们的忙，许多问题看过之后就迎刃而解，许多疑惑得到很好的解释，对孩子已经出现了的问题，提出了合理的解决办法。我们也明白在孩子身上，我们做的还有很多不足，既然生他，就要对他负责。比起在黑暗中摸索前行，我们需要这样一盏指路支灯。,0,0,0.993424654006958
酒店位置较方便。服务较周到。房间稍显陈旧。房间价格还算合理。,9,9,0.9956532716751099
很差劲，水果不是新鲜的，还有很多是坏的，很失望的一次购物，差！,3,3,0.8477604389190674
散热不太好，触摸板的地方开机一会儿就会烫手，当即买了的大风扇本本散热器；键盘按着没什么感觉，至于不能识别的情况还没有出现,8,8,0.8816388249397278
垃圾东西*都能买,7,4,0.47030720114707947
东西很好，对京东一直很信赖，希望京东越来越好，京东的产品也越来越好～,1,4,0.3873079717159271
对于此次京东购物真是心碎?的一塌糊涂，说起来感觉是京东购物以来最心塞的！为了避开双十一订单高峰期7号就下单了！结果临时出差就预约了12日送货！12日是忘川秋水催单数次没反应！13日联系客服三次，回答说双十一订单多，双十一订单再多提前下单的为何出库操作都没有！何况催了两天才反应！同时京东配送的同订单另外两种物品12号已送到！中间小插曲因为14号又要外出，而那时货品还未出库就联系客服说修改下地址，客服说修改不了，让我等配送师傅送到的时候和配送人员沟通下！我很想呵呵哒，我不明白京东客服及配送的准则，一个外行只想说客服备注下省事省力还是非要配送出去来回的耗人力！16号终于送到，派送师傅电话说到楼下了，我只能说不好意思，师傅询问可不可以签收，他们有配送时效的！让师傅先签收则日送！此刻京东购物，只能说呵呵哒→_→灰色体验！评价需审核才可见！呵呵哒→_→,4,4,0.3313303291797638
华为产品是我用过的最垃圾的电子产品，没有之一。比山寨机还垃圾。,1,1,0.89865642786026
一起买的百香果，都是坏了的，真是无语了,3,3,0.9376160502433777
蒙牛荣获惠康＂出类拔萃＂奶类食品大奖！ @蒙牛乳业,6,6,0.9998946189880371
清扬的洗发水，一直用的都不错。618大促销多买一点，划算。,4,4,0.9937458038330078
苹果也不错，很甜，是脆的，不是粉的，个体一般，我不喜欢吃大苹果，这个刚刚好。,3,3,0.9965981841087341
入住了几次，总体感受是服务真的很差，尤其是前台接待人员，完全没有星级酒店服务人员的基本素质和职业道德，差、差、差！！！堪称上海最差的星级酒店！,9,9,0.9973233342170715
像是仓库改的拖鞋不错卫生间还可以早餐很差,9,9,0.975651741027832
最差的一次体验，寄来的充电头直接是坏的，不能充电。附近也没有直营店，给客服居然要我整个手机寄回去，对这破手机我也是无语。直接充电器扔了重买,1,1,0.8404938578605652
目前有个疑惑：按最左边的电源按钮可以开机，按旁边的那个触摸点也可以开机，为啥呢？,8,2,0.48626843094825745
配送员服务挺的，东西用着也不错,1,5,0.3600025773048401
超值性价比。配置好，性价比高，键盘处磨砂做工不错，重量适中。,8,8,0.8874273896217346
态度超级差，超级差，超级差。设施也不好，性价比低。,9,9,0.9076920747756958
蒙牛就是傻比,6,6,0.9202762842178345
苹果还好，没有什么问题，但是买的2个柚子就喂狗了，一个直接发霉干瘪了，一个都有点干老了。京东生鲜要看运气才能买到能吃的，不靠谱，还没地方说理，没客服，没退款。只能肉包子打狗，有去无回。,3,3,0.9730876088142395
一颗心都不想给，都是蔫的，送货给力，商品差劲,3,7,0.46125292778015137
差评 现在什么券都领不到 差评,4,4,0.4007122814655304
个头不大，看着挺新鲜，包装很好，买的梨子有两个上面各有一个洞，不知道是不是扣的，有几个真的好迷你，猕猴桃也很小个，橙子很甜，梨也很甜，苹果还没尝过，还全满意,3,3,0.9939923882484436
那么丑那幺小的果还卖那么贵.跟街边三块一斤一个样.真的不值,3,3,0.934173583984375
"这家酒店怎么可能是五星级的呢?酒店房间小,装修普通,床比起其他五星级酒店小.这些暂且不说.服务员的态度真的是不敢恭维.我住在行政楼层,CHECK IN的时候,前台小姐竟然在接电话聊天,聊吃臭豆腐.1200的房价,预授权只做了1500.然后我晚上去吃饭签单签了400左右.服务员没有提醒,我也没有想到这事.晚上了,我已经准备睡觉了,突然电话打来硬是要我再去前台刷卡,我没办法只能再重新换好衣服拿着信用卡再去前台.酒店硬件方面也就不说什么了,但是服务员的水准确实有待提高,不然配不上这个房价!",9,9,0.9834932088851929
第一次在京东买平板，买给孩子看动漫的，很顺畅也不卡，对的起这价格，支持华为蛮好的,1,1,0.9876759052276611
垃圾物流，回来苹果全出来了，以后不买了，垃圾,3,3,0.676396906375885
说好的修身呢？裤脚大了一圈 我爸都穿不了 我的腰也没那么细 你就给我整老大 '我一星也不想给,7,7,0.9122990369796753
过分了啊超级小，跟柠檬对比下，都没有苹果大，加起来有两三斤？开玩笑吧,3,3,0.9882795810699463
物流送货速度快，纯绵的穿着舒适，价格实惠,7,7,0.9825102686882019
东西非常好，也非常便宜，快递小哥服务也非常好！！！,4,4,0.24686409533023834
对于数学，我的态度一向是不温不火，既不太喜欢，又并不讨厌。至于真正的由数学而生发的思索，却是从来未被自己关注的事情，说来也并不奇怪吧，因为我并未从数学学习中获得过真正令自己感动的趣味与满足。读了《怎样解题》，在作者从容，清晰，充满智慧的论述中，我想了很多，也做了很多笔记，感觉收获不小啊，我才敢说至此，我对于数学才是刚有一点直指本真的认识了：数学是思维之舞，精准，优雅，纯粹。,0,0,0.9978333115577698
很好吃的红富士苹果，保鲜快递，送货快捷，建议购买！,3,3,0.9958428740501404
"根本就没发给我,没货了不说一声,随便取消就完了......",0,7,0.3190913498401642
有摄像头。也不算很重。总体满意，驱动都没有装，ghost xp 雨林木风9.9全一键搞定。就是原来的系统是vista现在是dos了。,8,8,0.9964104294776917
系统运行良好，界面较流畅。部分优化仍待加强。 电量超耐久，充电速度适中。 摄像头和显屏分辨率一般。外观做工尚可。建议厂家提供贴膜，避免划痕。总体来说值得购买。,1,8,0.5689172744750977
拍摄，照相很清晰，音质也不错，手感也不错,2,1,0.7385268807411194
房间设施相当差，马桶圈居然小了一大圈，浴缸的水直接排到卫生间的下水道，洗个澡弄的卫生间里全是水，门卡居然也没有，说是给交警大队队长了，进出得要服务员开门。对面就是火车站，以后绝对不能找火车站附近的酒店，太坑了！,9,9,0.9981348514556885
好吃好吃好吃，重要的事情说三遍。,3,6,0.25827786326408386
车接送不错 其余都很一般,9,9,0.9282482266426086
"待机时间短后盖松动厉害14版时经常死机,升级到16后基本正常最为不能忍受的是 至今仍经常自动关机！！！！！！另外所谓的照相机功能让人大跌眼镜",2,2,0.7022179961204529
不错，感觉很超值！京东这次送货很快！！！不错，感觉很超值！京东这次送货很,8,1,0.3556523323059082
裤子质量很好，穿着很舒服，看着也很帅气，下次还来这家，快递也很快，客服态度挺好，反正是非常满意的一次购物！谢谢卖家,7,7,0.9605494737625122
一般，毕竟价格这样,7,7,0.32536154985427856
完全是噱头，没有实际东西。（个人观点）,0,0,0.40062692761421204
如果活动一直不结束，总感觉有种被欺骗的感觉，哎~~~~~~~~~~?如果活动一直不结束，总感觉有种被欺骗的感觉，哎~~~~~~~~~~?如果活动一直不结束，总感觉有种被欺骗的感觉，哎~~~~~~~~~,8,1,0.3839508891105652
潘苹果出品的都是精品啊，苹果很甜很有汁！,3,3,0.9939278364181519
复活节开门吗你敢发防腐剂交话费方法和姐姐家,4,6,0.287833571434021
和我之前买的同一系列的不一样，而且用完掉发严重~~决定不用了，从实体店重新买，郁闷~~~再也不从京东买东西了,4,4,0.8992834687232971
首先确实要夸奖京东快递真得非常棒，送货小哥的态度也超级好！,7,3,0.34266719222068787
第一次在京东超市买水果果然没让我失望，好吃又甜又碎,3,3,0.9720078110694885
还好，不是那么好,9,7,0.33889976143836975
不脆，很面。请问这是红富士吗？这么大的企业，真难想象！很失败的一次购物。,3,3,0.8985866904258728
能打负五星吗！？京东配送？寄了一个礼拜！压货压几天。不打电话还不送！说什么货太多来不及送！要脸吗！？,4,1,0.4948630630970001
还过的去吧,2,7,0.42930281162261963
"总的来说比较满意,到店较晚(19:30才到)不仅没有要求确认信用卡,反而因为没有预定的大床房,免费升级为套房.房间可看到古运河,夜里的灯光相当美丽.酒店到景点即瘦西湖\个园都很近,南通路向西500米向北拐入汶河南路穿过市中心的文昌阁(文昌路)大约3公里就是北护城河向西即瘦西湖,向东即个园.原来以为西园酒店不错,看",9,9,0.9645671248435974
不知道怎么样，反正最近买的东西少称的比较多，,3,4,0.46710819005966187
太坑了，*钱就这一点点大。上当受骗了,3,7,0.3871208727359772
比外面的贵太多了。欧莱雅（LOREAL）奇焕润发精油100ml（免冲洗 修护烫染卷 精华竟然比*贵20多。差个几块钱都忍了。这也太多了。,4,4,0.987204909324646
味道一般，不够新鲜，派送速度还很慢,3,3,0.5010827779769897
这什么苹果啊，品质太差了，哎，京东生鲜水果太不靠谱，几次都不好，以后不买了。,3,3,0.9945148229598999
买了3台，坏了两台，一台开不了机，一台屏幕花了,1,1,0.5143694877624512
晕死，假货，旗舰店居然都是假货，之前一直在实体买的，这次第一次网上买，当天洗了头发就痒得莫法，一晚上痒得睡不着，连续用几次都是，洗了就痒得很，头皮削也超级多，以后还是实体买算了,4,4,0.9881188273429871
我们是5月1日通过携程网入住的，条件是太差了，根本达不到四星级的标准，所有的东西都很陈旧，卫生间水龙头用完竟关不上，浴缸的漆面都掉了，估计是十年前的四星级吧，总之下次是不会入住了。,9,9,0.9961609840393066
入住了大王阁。每个房间都有个阳台，本人入住的房间，一拉开窗帘“我的天啊，就是一座山！！！”早晨醒来的感觉很好，鸟语花香啊^^。但是酒店早上的早餐不是很好，每天的内容都差不多。午餐晚餐需要去旧楼餐厅，因为宾馆依山而建的关系，用餐都要走到最底层，给人的感觉都是在地下室。有提供30元/人的套餐，感觉还可以。最要提醒的是，各位要特别注意宾馆的保险箱，本人房间的保险箱差一点就要采取极端方式打开:P,9,9,0.9855471849441528
1，外壳晶莹剔透，注重外形的人可以选择； 2，显卡属于中端卡，一般3D游戏基本没有问题； 3，散热效果很好； 4，usb接口五个，连接比较方便； 5，音响效果确实不错。,8,8,0.8518628478050232
莫名其妙的死机,2,1,0.4774860143661499
连续削了两个苹果，里面都是臭的，发出一股浓浓的，类似榴莲的臭味，只能扔掉。刚刚发现这个不能退货，就当买个教训了，以后再也不在京东买水果生鲜了。拜拜。,3,3,0.9669467210769653
"还不错的酒店,就是总体色调比较昏暗,可能是因为有些时日的原因吧~",9,9,0.9905694723129272
质量一般般，以后买水果还是在实体店买，个头比较小，物流很快,3,3,0.9723433256149292
造假也得有点专业精神啊蒙牛伊利绝不买,6,6,0.9838950037956238
14寸宽屏确实感觉小了点，可视面积太小。漆面有1、2个突起的小疙瘩。风扇声音还算可以忍受。vista用起来不是很习惯，而且使用live messenger无法登陆，还要手动运行命令更改一下配置才可以。,8,8,0.9602085947990417
1.不支持JAVA、蓝牙、红外 2.电池待机时间稍短3。只能发单条短信，有话想多说还要分条发，郁闷！4。打字有点慢，输入快了容易丢笔画,2,2,0.7926527857780457
洗完后头皮特别痒，山寨货 山寨货 山寨货 重要的事情说三遍！一颗星给快递的小哥 特别快,4,7,0.5077432990074158
打开包装，盖子都是松的，全都挤出来了，是不是用过的，搞得什么东西啊……,4,4,0.8586965203285217
很大气的酒店，房间设置布局很合理漂亮。卫生服务很好。,9,9,0.9585250020027161
惠普的东西 做工精细 这款商务本外观沉稳大方又不失时尚，很不错。配置算是比较合理，启动和运行速度都还好，散热也不错，屏幕比例觉得有点太宽，可能看多了台式机不习惯。价格也算合适，如果能升级到2G内存最好了。,8,8,0.986329972743988
"外观时尚,性能还可以，前几天一直在这里发，可以都发出去来，不没有到评价的时间，现在可以了，本人由于个人原因，需要转让这台机，带京东的出仓单和发票，我是本月24号收到货的，以2500元的价格转让，我是2799元买的，要的请加QQ：63410093，如是广州的朋友可以见面交易！（非诚就就要打扰了，谢谢！）也请管量员不要删了，给大家一个机会，大家好才是真的好！",8,8,0.5607830286026001
那段神秘的历史，那段悠远流长的岁月文化，那段关于深化的传说，藏于索尔兹伯里平原之中，隐匿于古老的建筑物之上，流行游走于阿尔卑斯山上骑着扫帚的女巫们艳丽年轻的脸庞上……尽情畅游，是我们在这本书中所得的享受。心里住着一个传说，慢慢地，慢慢地，在这本书的指引下，悠悠延长，不朽而生。这是象征，这是文明，这是人类的思维他想……,0,0,0.9896053075790405
裤子太修身了，修的穿不上，上当受骗了。,7,7,0.9964445233345032
携程上订的时候有果汁或者冰激凌送的，入住是前台说没有。一再说明时，居然让阿姨送到房间两罐可乐两罐雪碧！,9,9,0.36107417941093445
十分好、大品牌各方面表现不错,1,1,0.2780446410179138
卖家发货很速度，询问事项比较多也很耐心回答，物流也很快，裤子版型很好，棒棒哒,7,7,0.9969520568847656
好好好好好，苹果好脆好甜，好好吃，物流超快！,3,3,0.9912281036376953
发货速度非常快，服务态度超级好，性价比很好，买的很值得！,5,4,0.32446447014808655
五年前来过 设施虽然旧但是印象不错 没想到五年后变这样了 一句话 金玉其外败絮其中 下午三点半到的 大堂昆曲真人秀惊艳了一把 接下去就不对了 入住站着排队排了三刻钟 三个柜台都在忙碌但效率极低 过程中不断听到 我等了50分钟房间打扫好了没有之类的话 一会又有人插队来要早餐券晚餐券 工作人员就放下手上的入住的客人跑到里面去拿餐券了 更有工作人员在用柜台的电脑输资料 请问后台没电脑吗？ 好不容易排到 我们订2个房间一个都给不了 协调之下升级了一个套房 另一个没打扫好且在不同楼 迷宫似的酒店标识不清 记得所有的进出都先去三楼大堂就对了 送的新市游船观光券比较鸡肋 排队的地方很热很乱 盘门五年前就进去过这次没去 半夜被蚊子咬醒 插头很多是英式的孔 不是所有地方都能随插随用 蚊香一点不起作用 早餐十点的时候满桌子都是脏盘没人收 前所未有十一点就退房了 入住排队和早餐时都听到旁边人说下次不会再来 可惜了那么漂亮的园林 如果换个好点的管理公司说不定可以打造成像杭州那样的四季,9,9,0.9755696058273315
沙宣值得信懒 很好用 我一直都在用 这次给爸妈买一套,4,4,0.9590416550636292
"酒店位置比起其他酒店来,离市中心稍远了点.走到春熙路要15分钟左右.河畔酒店其实只是在一条小河旁边,不要指望看河景.酒店房间还是可以的,比较干净.但是携程报的是200多,跑到那看见这是特价房,198元/晚.并没有享受到会员特价.酒店可能在当地比较出名,婚宴,寿筵没停过.按这个价格来说,酒店的早餐算挺好的.味道也可以.退房速度慢,要查些时候.",9,9,0.9874130487442017
配套的驱动光盘，质量太差，我的移动光驱认不出，到台机的光驱上读的也很吃力。盘片的质量不让人满意，还好，有网络可以去下载。不过华硕的支持网站，老是显示错误，真晕。,8,8,0.973021388053894
真的差，都不想在班尼路买衣服了,7,7,0.7470083832740784
清杨冼发水第一买，用过才能评价，听说不错，味道好香，全家适用，还送小支装，但是下单会坑人明明宣传有电吹风，但却说要自己勾选才送，真坑人。真心坑啊……一一一,4,4,0.9547263979911804
本书太浅薄了，对于已成家的人来说太浅薄，对于未成家的人来说启发不大，不值得一买。,0,0,0.9990630745887756
垃圾京东平台，垃圾京东客服，坚决退货，叉叉叉叉,1,7,0.313814640045166
差评！太差，玩游戏两小时就没电。,1,1,0.8740527629852295
美国学龄儿童家长进了调查。调查发现：高学历父母对子女教育的参与度更高。他们注意培养子女的兴趣爱好（如：芭蕾、足球等），投入大量时间教孩子阅读，并更关心孩子的心理健康。同时，他们采取更温和的教育方式，较,4,0,0.7869327068328857
蒙牛？伊利？还是光明？,6,6,0.9902284145355225
2月底去的，酒店古色古香，房间也不错，卫生间很大，可是冲淋房里面居然没安装喷头！摆设，没法用，热水要放半小时才会出来。环境实在太好了，与湿地公园隔湖相望，坐在后花园的竹林里望着湖发呆也是非常享受的事。还有，在酒店买湿地公园的门票可以打折。我们去的时候是赏梅季节，很美，西溪湿地，难得的一片净土！,9,9,0.9693911671638489
不支持扩展卡；拍照成像效果一般；屏幕色彩显示不够细腻；MP3不支持后台播放。,2,2,0.8358689546585083
是真慢啊！买了几天了，现在才到，还能送错地方，服了,3,4,0.5623486042022705
东西收到了，物流很快呦！最重要还是裤子质量好！上身效果也特别好，穿上很帅气，有气质，喜欢就快来买吧！,7,7,0.9730551242828369
感觉还行，用用看吧，应该还行，电子产品发热正常啊，电视看时间长还热呢。,1,1,0.8457752466201782
酒店有点旧，但是房间本身很干净。服务很好。早餐30元，东西还是挺多的，值得去吃。相对来说，酒店一楼餐厅80多元的晚饭就一般了一点。不好吃也不难吃，就那么回事情。,9,9,0.9778246283531189
还没有装上，用过再来啊，应该是不错，先好评一枚,5,5,0.41845405101776123
要是电池续航时间能再长一点就好了，8。9寸屏幕却实小了点。。。,8,1,0.4822075664997101
第一买鲜货 结果很失望 有烂的 个头也很小,3,3,0.9830381870269775
活动买的，京东618非常给力，比超市便宜很多，希望活动多多。活动买的，京东618非常给力，比超市便宜很多，希望活动多多。不过没有生姜的感觉,4,4,0.4950280785560608
快递很给力，货已收到，打开一看颜色不太对，清一下线头，再看手上都是色，掉色太严重了！！！！！,7,7,0.36011791229248047
试用几天才来评价。其它还好，声音有吵杂音，清晰度不够。,1,1,0.7857977151870728
昨天下单，今天到！快！99.9两大两小，省！包装给力，好！,4,4,0.46644651889801025
不好，没有味，还稀，跟假的似的,4,3,0.45771774649620056
送货挺快，送货的小哥态度也好！包装也不错，美中不足是苹果有一点碰伤，不过销掉皮以后还好。,3,3,0.8318862915039062
这本书与其说是教家长如何教育孩子，不如说是教家长如何教育自己。好书！看过很多国内外的育儿书籍，这本是最贴近我们生活，理论与实践结合得最好的一本。书中以作者女儿做为示例，但却毫无炫耀之嫌，虽然每个孩子都是不同的，每位家长遇到的情况肯定也是大不一样，但我们却可以从中学习到该用怎样的心去对待孩子，这本质上的东西是一样的。希望大家都受益，和我们的孩子一起快乐成长。,0,0,0.9993649125099182
大街上十几二十几的背心随处可见，花钱到这来买抹布，质量我就不说了，两边肩膀宽窄都不一样，自己看吧。,7,7,0.9934408068656921
裤子收到了，质量非常好，这个价格买到这个料子的裤子简直太高兴了，下次还来这家店买，建议大家可以买，质量很好,7,7,0.9983440637588501
质量挺好的,5,7,0.6742292642593384
很不错，第三次买这种的了，一盒差不多够用半年了,4,4,0.8709923028945923
很好的东西,5,1,0.30734264850616455
秒杀抢购的洗发膏，一直用清扬这款好用，两大瓶加两小瓶够用好久了！,4,4,0.9918393492698669
包装是打开的  外包装条码被撕 掉  里面也有个条码被撕掉   但是机器没问题   看了评价 很多人 都是这样,8,1,0.6596736907958984
感觉跟超市买的有区别，不起泡沫,4,4,0.8356279134750366
打开书就被吸引了，一口气看完，而且越看越觉得发展之复杂，初入社会，很难想象公司内部之复杂。当然，作为女性读者，拉拉的恋情也始终牵动着我的心情，最终是个不错的结局。已经准备买第二部了，书评没有第一部好，但还是想看，也许是我们对拉拉的期望太高了。,0,0,0.9993964433670044
跟图片不一致 也是底部小字部分不同 这个使用感很一般 第二天头发油量明显多，头痒 我真心不推荐买 我是着急没法去超市买,4,4,0.9759204387664795
手机信号太差 动不动就自行掉线 耳机也没,1,2,0.7459588050842285
不好不好不好不好不好,1,1,0.37124547362327576
包装很好 看着也不错 还没使用 收到很开心,4,4,0.5011435747146606
买给老公单位奖品，真心不错又便宜，赶上618大半夜还送货，为送货师傅点赞。,4,4,0.4619857668876648
发货速度慢，个别客服服务态度差，遇到问题相互推诿，满满的失落和失去下次购买欲望，唯一值得表扬的是电话投诉过处理很快，不记得工号了在此感谢,1,7,0.4488983452320099
希望大家不要来这家店买东西了 以免上当受骗 拍的是蓝色的裤子发来的是深蓝的裤子 找客服却有很多理由搪塞我 在网店上是图片都的假 希望大家不要在这买东西,7,7,0.9653852581977844
喜欢京东的理由就是快，发货快，送货快，宝贝收到了！正在安装，给孩子做作业用，希望不要让我失望！,1,1,0.30954068899154663
裤子收到啦，质量不错，穿着合适，卖家服务态度不错，值得推荐。,7,7,0.9929302334785461
晕~~~搞不懂。我去上清寺地区办事，准备选择东方花园饭店和雾都宾馆，我一下飞机，携程推销员向我推荐雾都宾馆，说东方花苑满房，并且停水停电，最后我选择了雾都宾馆，可是雾都房间小，周边生活很不方便，也没有什么超市商场，酒店管理和服务都不好，第二天，我想换酒店，可是头天推销员对我讲东方花苑都满房并且经常停电和没有热水，但我又要在这个区域办事，然后我就打电话去酒店，告之有房间并且一切正常，打电话到携程，又被确认了，不知该推销员是怎么搞的？？东方花苑服务好、房间够宽敞舒适，周边有3家大型超市，还有很多重庆小吃店，关键是晚餐陪客户喝酒没吃什么东西，附近吃夜宵很方便。,9,9,0.9889615178108215
"送过来的机器屏幕是1680*1050的,不是介绍说的1440*900.分辨率高后字太小,看文档不方便..",8,8,0.8235776424407959
"电池时间长,外观很漂亮,珠光的,适合女孩子用,功能全,键盘大,运行的时候没什么声音,系统都装好了,开机填一点资料就可以上网了,不用装任何驱动,很方便.还有自带备份软件,以后要是系统崩溃,应该还蛮有用的.",8,8,0.8500992655754089
说好有些赠品的，没见有,1,4,0.6083772778511047
大品牌值得信赖，希望效果会很好！,4,4,0.5216966867446899
还行。因为是帮朋友订的，没有听说有啥不好的。总体感觉还可以的,9,9,0.4444793462753296
之前买过，味道酸酸甜甜的，很脆，水分充足，快递小哥态度非常好，送货速度好快！有一个苹果差点！整体满意！,3,3,0.9776016473770142
很不错，价格也很实惠，第一次用沙宣，希望如大家说的一样好，好评！！！,4,4,0.6172678470611572
蚊子挺多，前台服务人员态度不是太好。,9,9,0.9932031631469727
样式陈旧，较重，键盘手感一般，屏幕色彩发白，散热是个问题。,8,8,0.617853045463562
萍果清脆，香甜，水分多，下次还会买。,3,3,0.9991987347602844
买过洗发水最差的一种，洗后头发干的像枯草，太难受了！,4,4,0.9184192419052124
环保装管毛用。。。 没用的，只要看到“蒙牛”两个字我就不会买……,6,4,0.2927780747413635
是新鲜的果子，表皮没有喷腊保鲜，个头虽小但又脆又甜。喜欢他，推荐它给大家品尝。,3,3,0.9995307922363281
垃圾的很啊，卡的要命，后悔买了！待机时间就不用提了！,1,1,0.7410774827003479
儿子先是读了《三国演义》和《西游记》，而后央求我给他买全套，正好到了六一，作为礼物送他，儿子爱不释手的。拼音版，适合低年级小学生阅读，可以让小孩子对古典文学有所了解。有了喜欢的书，儿子都不太看电视啦，还老考我，书里都有哪些人物讲了什么故事，等等。我也买了好多书，每晚和儿子一起阅读，享受当当带来的阅读的快乐，真的很好……物有所值呢。,0,0,0.9986017346382141
没有HDMI。还有就是下乡补贴产品，怎么没有那个卡呢？还想补贴一下，结果没找到卡，奇怪！,8,1,0.26557740569114685
非常差，在京东买很多东西了都很满意但是这次买水果非常失望！火龙果这个价格在超市可以买的比这个要好多少？从来没见过尾巴重量快赶上果实重量的火龙果。。。特别小，又小又蔫。。。太差了 再也不会在京东买水果,3,3,0.9922673106193542
酒店的位置很好，走出去就是松花江畔，如果住靠江边的房间，早点起来推开窗就有机会看到雾凇了。交通也比较方便，从火车站打车过去也就是跳一次表。酒店的设施半新不旧，感觉是老三星级宾馆翻新过的。房间比较大，但是布局不怎么好。淋浴头不够大，总是水量不足的样子。,9,9,0.9937078952789307
不知道这么高的评价因何而起，难道当当自己弄出来的排名。我淘出来的好书从来都不在排行榜里，唯独这本受到排行榜的影响，一点意思也没有。,0,0,0.9993289709091187
苹果大小适中清脆爽甜，正！正！正！,3,3,0.9995754361152649
一句话形容吧：真TM是日了狗,9,6,0.2280125766992569
很漂亮，不错的平板，还可以！,1,1,0.9517741203308105
平板电脑很满意，清晰大方，音质好，总体来说挺好的，唯一不足的地方就是没有赠送贴膜，还得我们这业余的来，不过价钱已经可以了！,1,1,0.7941235303878784
"外观大气,不乏优雅,绅士般的机子,功能不错,我特别反对有人说它是烂机子,特别是它的mp3真是让同学大开眼界，赞叹不已呀，他被是可以勾引女生的眼球，你还犹豫什么？",2,2,0.9300400614738464
苹果小的也太小的吧，就三个大一点，一颗星给快递小哥,3,3,0.9049860239028931
烂掉一个，就是打开后里面有一些丝丝的毛。,3,3,0.9120284914970398
天宇也就占了个位置还可以到光，内部设施和消耗品配备，实在是不怎么样，而且，很贵,9,9,0.820960283279419
价廉物美。东西还不错价廉物美。东西还不错,1,7,0.32648736238479614
房间干净、舒适、典雅，地理位置绝佳，携程的价位合理，值得入住。卫生间稍小，块头不要太大的人，应该没有问题，呵呵。,9,9,0.9916636943817139
这是吃的最难吃的苹果，一点苹果的香味儿都没有，只是一个口感比较脆，而且个头都特别小，不知道哪来的那么好的，好评,3,3,0.998496413230896
7/22-7/24入住的，房间还不错，能看到整个海景，酒店的服务也不错。不过还是有些小瑕疵，浴缸里上批住客的头发没有清理干净，导致放水的时候，头发都漂浮上来，很恶心。还有就是酒店的餐饮实在是没有达到4星的标准，吃的东西选择很少，晚上去吃的自助餐东西也很少。还没有上海一般的自助餐的一半吧。,9,9,0.9852873086929321
NECN940是一部以电视功能为主要卖点的手机，上市的时候也可谓天价了，不过它很好地继承了NEC手机的优良传统，几个月前就已经跳水到了1千出头的白菜价，让偶心动不已，入手了一台，毕竟是“2004年度特色手机”，当做收藏也好呀，是不是，呵呵。谈谈优点：1，外观大气，做工精良。应该说NECN8和N9系的机子外观设计都比较大气，做工也很不错，N940也不例外，做为直板手机，结构紧凑严实，捏起来整体感很强，配上那块位置居中的触摸屏，给人一种美感。2，屏幕显示效果好。26万色176*220的屏幕色彩鲜艳，没有颗粒感，那个时候就能做成这样，再联想到N830，N840等机子，不得不让人感叹人家的技术水平啊。3，手写功能上佳。写的字不仅基本识别无误，而且还给出近似字形的几个字供选择，包括联想下一个字，偶这是第一次用手写机，不知道其他手写机是不是都一样的，但N940的确不错。4，设计比较人性化。包括电话本的查找，短信的输入等，都简单易用且人性化，像短信吧，除了输入一个字会给出下一个联想的字外，如果删除下一个字，又会回到上一个联想的界面，举个例子，如果输入“人”字，会出现“类”“民”等选择，如果误选了“民”字，把它删除，回到“人”字以后，又会继续让你选择“类”“民”等，比我用的N70还方便。5，独特的电视功能。这是N940的特色功能，我试过，在信号好的时候可以收到几个台，而且基本清晰可看，不过实际上很少用到这功能，只是当做特点收藏罢了。不怎么看电视的话，又可以牵扯出此机的下一优点了。6，待机时间长。1200mAh的电池不是盖的，不看电视的话，在我每天10来个短电话，10-20条短信，夜晚不关机的情况下，第一格电居然能撑3天，总的用上5天都没问题，而且原配就是两块电池，NEC真够大方的。7，内置的闹钟，金山词霸等功能很实用，闹钟很人性化。,2,2,0.9871174693107605
住了一晚，服务很到位，热情周到，房间复古舒适，但布局略显紧凑。唯一美中不足之处在于我离店之后发现手机充电器遗忘在房间，打过去电话询问前台居然不知道此事，后经服务生及清洁人员仔细寻找才找到（其实就在插座上）。希望打扫卫生的时候更仔细完美一些。总体很好，下次还会选择。,9,9,0.9441152811050415
买了大的，送了小的，买的时候50不到，很好，去油的！喜欢！,4,7,0.3242865800857544
看着还行……，里面发黑烂了，苹果都是从果核开始烂的……，这个季节也是难免……,3,3,0.99783855676651
商家提供不对，买回来好小。,4,7,0.4397517144680023
拿在手里正好，比手机玩游戏看剧舒适多了,1,1,0.9754875898361206
不好！真心不咋地！就是比 ipad轻了很多，比较方便携带，拍照自动聚焦功能很差，拍摄时间很长，如果是买来拍照用的真心不推荐、最可气的是，说是 64GB，实际上才52GB，我知道每个硬盘可能都达不到标准，但是差了12个G就太说不过去了吧？再加上这次软件，基本能用的也就50G！,1,8,0.4395827651023865
去年双十二买过，用着感觉更好，这次凑单又买了，留着备用。两个100ml的小瓶也很实用，旅行的时候带出去刚好。,4,4,0.9699110984802246
第三次购买了，性价比不错的。因为有个距离的限制，能有这种新鲜度，算还好了。冷链运输希望更进一步,3,3,0.8269551396369934
我在施华蔻官网查了一下，本款产品的包装不对，*买到假货了，以后还是去实体超市买吧。网上假货不是一般的多，自营的也是假货,4,4,0.9409474730491638
帮国外同事定的，据说真的不适合外国人住,9,9,0.9372619390487671
裤子很棒啊，遇到就别犹豫，买来送给男朋友的，真的很好看，款型很好。他穿起来也更显身材。帅帅哒！,7,7,0.9789879322052002
收到的是坏的，走京东售后说要拆机检查，问华为售后说如果拆机检查后之后就不能享受正常的华为售后了，我也是醉了，新手机买来的竟然是坏的。最后还是走的华为线下的售后，又多等了十多天，太影响人的心情了，之后尽量不在这边买电子产品吧，退换售后太麻烦了。,1,1,0.8756856322288513
衣服布料非常不错，很喜欢，以后就是你家了,7,7,0.9958639144897461
承诺的是2.96kg，单果210-260g直径8公分，我收到的总重是2.642kg，随机抽查了3个果，量了一个果。京东送货还是那么快。,3,3,0.96657794713974
洗着没特别的感觉 很划算 比双11买的还便宜,4,4,0.7526581883430481
我一直在用的，感觉还行，虽然现在市面洗发水很多，我也不知道因该用哪个，但是我哭的这个还行,4,4,0.9927517175674438
拿到书以后，让我有点失望。内容一般，文字一般,0,0,0.9818873405456543
刚买了没多久就很卡，卡的要死不知道什么鬼，很失望,1,1,0.8307851552963257
服务很差，没有餐厅，早饭要走几十米去外面咖啡店。护照还不能入住，国际航班十几小时飞过来前台居然让去派出所再跑一趟开证明才能入住！广州哪个酒店这么蠢？前台一男的10.12日中午当班的连全世界酒店最基本给客人叫个车都不肯，说本店没礼宾部 前台没叫车的责任！叫客人再走几十米到大马路上去扬招！可笑至极。房间无窗无浴缸，最后一次入住,9,9,0.9967135190963745
性价比不错，玩游戏中高配足够了。数字小键盘很实用，基本不用外接键盘了。 玩游戏时，风扇声音不大，赠送的鼠标虽然小了点，可是灵活度还可以。,8,8,0.9548022747039795
这家店的裤子真的是太棒了，布料很滑很舒服，穿上去也很舒服，也很好看。下次还回来这里买裤子的,7,7,0.9870316386222839
满满的希望没有了，这苹果太一般了！！！,3,3,0.9754706025123596
昨天下单，今天就送到，就是快。包装完好，价格便宜，是正品，用的很好,4,4,0.6464647650718689
总体感觉服务不错的，虽然大堂设在三层有点怪而且22层以下为办公楼，但是好在有两部饭店专用电梯，感觉很安静。这次入住的是精致套房，感觉没有想象中好，但是很干净，因为楼层很高，窗外满眼绿色的风景也是很好的补充，对面就是五台山体育场，正好赶上周六的足球比赛，省了贵宾包房的门票了，呵呵！再有就是，对迎宾果盘和相对宽松的退房时间感觉很好，还是下次去的第一选择！！,9,9,0.992088258266449
客房感觉极差，密不透风，供氧不足,9,9,0.994223415851593
买这本书的初衷就是把它送给上大学的妹妹看，收到的效果比我预想得要好。很早以前就关注过开复先生的经历和作品，但都是在网上看，真正买书这是第一次。静下心来看过后，觉得现在的孩子们都应该好好读一读这本书，无论是大孩子还是小孩子，我觉得在这方面现在的孩子们是越早接触越好。他们在这方面欠缺太多了。这和父母的教育以及现在中国的教育制度都有关系。,0,0,0.9997435212135315
挺不错的，大屏用着爽，看着带感，也很流畅,1,1,0.9725263714790344
价格比比较不错的酒店。这次免费升级了，感谢前台服务员。房子还好，地毯是新的，比上次的好些。早餐的人很多要早去些。,9,9,0.9893316030502319
刚用，用短时间不平价。用后在追评！,4,4,0.7964382171630859
充不满电，（虚电）不知是电池质量不好，还是手机质量不好。电话薄无法分组，看起来很别扭，500条再大，实际意义也不大。这个价格，居然是4096色的显示屏幕！效果不好，怎么说也是上了千元的手机啊。南方高科令人失望。,2,1,0.5285801291465759
质量一般，京东现在没有以前靠谱了。,7,3,0.390663206577301
苹果好吃，一个月放到冰箱都是脆的,3,3,0.9959880709648132
很漂亮的苹果，脆脆甜甜的很好吃。,3,3,0.9911485910415649
非常喜欢。一如既往的支持班尼路,7,6,0.29345279932022095
颜色怎么不一样？还有破的地方也不一样,7,7,0.7818610072135925
在同等价位上来讲配置不错，品牌知名度高，品质也有保证。商务机型，外观一般，按键手感很好，戴尔的电源适配器造型很好，也比较轻巧。,8,8,0.847175121307373
怎么说呢，就是噱头，没有图片那漂亮，口感一般！全看老潘的面子，给五分，其实是自己掉坑啦！唉，吃不坏就行，吃着是苹果就够！京东配送还是不错的！,3,3,0.9684518575668335
什么洗头的洗了全是头皮轻轻一在头上抹一下头皮就下来了以后在也不上京东买东西了,4,4,0.9917391538619995
服务很滞后，房间小，淋浴器在浴缸里，然后浴缸下水道是坏的，打扫卫生不加全洗漱用品和毛巾，拖鞋的，不好的体验！,9,9,0.9935494065284729
房间隔音效果非常差，飞机起飞的声音巨响，床头柜落满灰尘。地毯脏的一塌糊涂,9,9,0.9947997331619263
样样一般,9,7,0.6407946348190308
第一次买！这个包装也是厉害了，?????,4,4,0.7634646892547607
12个苹果4个有损伤，请问京东你们是怎么做到的?说得过去吗，一次失望的购买，建意慎购!!!,3,3,0.7187038660049438
内存占用太多，剩下了几个G的内存，算是比较满意吧。,1,8,0.9153351187705994
大一直用这个奶粉，孩子很喜欢，每天早晚一次，非常非常好,3,6,0.8627626299858093
光明乳业6次被爆质量问题，南山奶粉被注销生产许可，蒙牛篡改产品生产日期，伊利奶粉汞含量异常....＂乳业打假第一人＂ 蒋卫锁遇害身亡。难道真要做一个不动口不动手的麻木人来保全一世？！,6,6,0.9771942496299744
不到一个月，九成九情况下没信号，返修需要15到20工作日，好些年的京东顾客了，以后还是决定电子产品实体门店购买，网购没问题开心，有问题处理成本太高,1,1,0.8003979921340942
不错，质量好，穿着很合适，值得购买～,7,7,0.9948686361312866
常用，习惯了，京东商城网购就是快，昨天下单，今天到货！不耽误用！,4,4,0.6125041842460632
"房间很大很干净,服务也很好,五星里面算很便宜的.下次还会来的.",9,9,0.9574026465415955
只看新浪连载太费力，终于忍不到当当买了一本。我要继续体味这本好书了！！,0,0,0.9942566752433777
房间较新，面积也较大，服务不错，总之还行,9,9,0.9731225967407227
口感一般，吃到第二个剥开来里面是黑的,3,3,0.9617427587509155
很合算，还有小瓶装的，方便携带。,4,4,0.844740629196167
楼下说的都对，实在是不值得住呀！位置很偏僻，晚上想吃个饭，还要打车出去。价格太高，移动的贵宾卡的折扣远比携程优惠。房间比较大，结果晚上很冷，服务员主动说送一床被子过来，可惜两天都没有送过来！洗澡间如楼下说的，插座在里面，非常危险，是不是要等出了事后才改造呀？早餐在前面的投资大厦一楼的咖啡厅吃，不方便，并且，早餐看似品种很多，只是看来看去，实在没有什么可以吃的。宽带倒是免费的，不过晚上有小姐电话骚扰、,9,9,0.9982216954231262
这款手机我用的还比较和心，机身小巧灵活，声音还可以，颜色也很漂亮,2,2,0.8960843682289124
设施不是很新但收拾的很干净，让人放心！不慎遗忘的价值不菲的摄影包被服务员及时发现且送回手中。。。让人感动！早餐免费且可口、粥粉面齐全！,9,9,0.9914755821228027
有点被忽悠的感觉。四核2g运行16g内存乞丐版。,1,8,0.609697163105011
商品质量还不错，但选择的中通快递服务态度差，很差……,7,7,0.44786015152931213
差死了，没几个可以吃的，都干巴巴的，下次都不买了，很大的差评。,3,3,0.8967248201370239
买了两个，一个电话声音小，另一个用了一个月去华为客服检查就说喇叭变形了，换个新喇叭，6-18联系的客服，十多天了都不回话，就算你618忙，这么多天也该忙完了吧？我也是醉了，京东什么时候这么差了！,1,1,0.8777443766593933
不是所有虫子都叫特仑苏 啊。。好恶心。。恶心死了，蒙牛恶心，虫子更恶心，对着虫子撸的最恶心！ 我擦。。这两天都在喝这个。。。。 再也不买了！！！,6,6,0.6828184127807617
啥玩意苹果那幺小还不甜**玩意,3,3,0.3663422465324402
应该是亦庄经济技术开发区最好的酒店了，交通便利，环境安静。只是房间比较小，前台服务态度一般。,9,9,0.9910066723823547
这本书是听朋友推荐的，买到后拿起一看，居然一口气全部读完。不像有的作文书看得让人想睡觉。这本书写得很通俗易懂，生动，娓娓道来。适合家长看了，与孩子共同学习作文。在他笔下，作文不是令人头痛的东西，不是华丽的词藻的堆砌，不是挖空心思的编造（而这些都是孩子的通病）。作家肖复兴用自己的经验告诉我们作文应该怎么写，作文来源于生活，真情实感是作文的灵魂等等，读来令人感触颇多，受益非浅！,0,0,0.9996612071990967
呵呵呵呵呵 好，面料也很舒适，赞一个，打算回购，全五星好评！,7,7,0.9800400733947754
嗯嗯便宜实惠，天天用，京东就是方便。。。。。。。。。。。,4,1,0.46058520674705505
有时间好好玩玩.看电影应该挺爽,1,1,0.6476612091064453
主机还未发现问题，可配套的产品质量太次了，半个月，从未摔碰过，塑料保护套四个角竞然开裂掉了！！,1,8,0.7346760630607605
收到宝贝啦 料子摸起来很不错啊 让老公试穿了一下 很帅很有范儿 裤子款型很好 五星好评,7,7,0.9885764718055725
沙宣的产品好喜欢，物流好快，非常棒！组合装，实惠到家,4,4,0.48758718371391296
自带系统很老，如果买回去自己装系统会比较麻烦。驱动比较难找。,8,8,0.884308397769928
收到衣服。尺码刚好，就是有点薄。,7,7,0.9853712320327759
"房间很好，符合五星级的标准。酒店离沟口及边边街都比较近，是去九寨沟旅游的最佳选择。补充点评 2008年7月21日 ： 地震对该酒店没有任何影响。宾馆反馈 2008年7月24日 ： 谢谢您的点评,欢迎下次下榻我酒店!我们将为您提供更周到的服务及优质的产品.",9,9,0.9710105657577515
沙宣修护水养套餐，京东秒杀，又用了20元优惠券，超值。星期五下午下单，星期六上午到货，京东速度一流，冲着沙宣的牌子，相信京东的品质。,4,4,0.9861834049224854
再也不喝蒙牛了,6,6,0.9362435936927795
发货和物流都非常快，京东购物信得过，一直用这款洗发水，套装挺超值的，日期到2019年。,4,4,0.9866674542427063
就这样的苹果吗？我真的无语了，也太小了吧，我看是卖剩下的东西了，太不值了，以后不会再卖了，垃圾！,3,3,0.995997428894043
2——10岁是什么意思？我不认为有一本书可以覆盖这样的范围，事实上，我两岁的女儿不能理解这套书的内容，我试图给她解释，可是要用一个两岁孩子听得懂的语言来描述那些故事的内容，是很困难的。我猜测为什么这本书能够在西方风靡（书评写的），可能西方的孩子生活环境和东方的不一样，教育的背景不一样，他们知道农场是什么样的，而我们更理解乡村或者农家乐。换句话说，文化差异导致了认知差异，所以翻译不能只是语言的一一对应，而是文化间的跨越。,0,0,0.9990023970603943
真的好实惠，还送吹风机，好激烈,4,4,0.7908862829208374
这次住的是02号房间，卧室是单独的。电视在卧室里，餐厅客厅合一。这可能是真正的一房一厅。设施都比较新。但电视没有04号房间的大。我最喜欢的是卫生间。布局合理，干湿分开。下次还会住,9,9,0.9797866344451904
用着挺好的，给孩子买的,1,1,0.6423792839050293
衣服质量不错，不脱色，穿起来很舒服，商家服务太好了,7,7,0.990794837474823
质量不好 对不起这价格,7,7,0.7708992958068848
京东这个猕猴桃特别甜 价格也好 还有券领 自吃送礼 都很实惠 配送也快,3,3,0.8623273372650146
今日早餐，蒙牛新养道阿胶红枣的不错，很香醇。,6,6,0.9821183681488037
距离浦东机场有一段距离，但有机场接送巴士，这点还不错。 设施感觉一般，前台服务态度比较差（感觉像国企，不知道是不是），另外打电话需要另外加押金。 卫生条件很差，有点像八九十年代很差的招待所，传单被套泛黄，地面有很多污点。,9,9,0.9959677457809448
价格还算可以，就是可能配方改变了，之前买的薄荷的可凉爽了，这个洗完不是特凉快！！,4,4,0.8933551907539368
第一次我如饥似渴的读完这本书，感觉这么多年来我心灵的指导师终于出现了，书中提到的许多家长所犯的错误我几乎全犯过，同样的问题王老师处理的结果令我茅塞顿开，于是我第二次读的时候认真的做了笔记，把书中的案例及解决方法都整理出来，然后照着实施，效果果然不错，和孩子的沟通愉快了，孩子学习劲头也变高了，一切都在往好的方向发展，感谢王老师的书，希望各位家长都能拜读一下，你会受益匪浅的！,0,0,0.9992073178291321
"华为平板M3配置挺好，显示效果也挺好，指纹解锁非常灵敏好用，还能支持内存卡扩展到128G,很多人性化设计，上下扬声器播放音乐?立体声很强。其它的在陆续评价吧。",1,8,0.5233319997787476
已经对蒙牛这个不负责之国企，彻底失望了！,6,6,0.9916929602622986
送来时已经是打开的状态，漏出来了，就这一样商品不满意，洗衣液什么的都没漏出来，被人用过退回来的吧,4,4,0.7580776214599609
买完就降价 太恶心了,4,3,0.3630630373954773
质量有问题，加了薄荷？洗完凉飕飕的，就是不干净。    我还买了三，倒霉,4,4,0.5712251663208008
没有赠品，一个都没有，极度不满意，机子似乎是二手机，里面有文件。对京东客服不满意，写有赠品不给，理由一堆。反正就是不给。快递人员不让验货，先骗说给完钱就可以验，之后废话说，这耽误哦一分钟，一天得耽误多少时间，我们就是打开纸盒看看是不是手机，难道京东这也不让，不愉快的购物经历，不想在京东买了，失望，差差差评,1,1,0.7799009680747986
刚用还未发现有什么问题。刚用还未发现有什么问题。 钢琴漆的太亮，?下一堆手印。 vista系统不好用，开呀关呀，太慢。原用的又考不?去，好颂人的。,8,8,0.7985495328903198
脑残喝蒙牛,6,6,0.9879591464996338
充电口难插的要死要活的……每次都要试很久……硬插里面就断了，真是服气……这做工……,1,1,0.40643954277038574
VISTA用起来不习惯，速度慢，分区麻烦，带了很多垃圾软件，卸载都麻烦,8,8,0.5077385306358337
速度真的不要太快哟，昨天晚上下的单，第二天中午就到，京东就是牛，而且产品绝对是正品，之前就用过，一样的味道，还送了蛮多礼物，不错，618想买的就快下手吧,4,4,0.8749125599861145
苹果寄过来来了，个很小，外表还有坏的，看着特别差。,3,3,0.9909577369689941
6.18买过东西，过价保就掉价，客服不给受理，在京东买东西很方便，送货快，要么才不在京东买，不过以后在买东西只有差评、,4,1,0.39337846636772156
新鲜水果，像海鲜一样被冰冻，根本没法吃，客服不理我，退货途径也关闭，非常不愉快一次购物！,3,3,0.7496389746665955
质量不错，料子柔软，大小合适,7,7,0.9953568577766418
速度像蚂蚁，非常不满意,7,1,0.6215846538543701
太差了，物流好慢,7,7,0.33934876322746277
书很貴。儿子也不怎么看。唉！他更喜欢玩。,0,0,0.9398676156997681
京东购物很给力，支持京东！！！,7,4,0.4704575538635254
1.查看短信方便，可以一个一个往下看，不用看完了一个要退出来看下一个。2.通话键按下去可以看到未接来电，打出电话，打进电话，很方便。3.字体很大，适合我爸看，这一点不错。4.铃声很大，来电不会漏接。还有真人真唱。5.来短信时还有振动提示，也不怕漏掉短信，呵呵。6.屏幕上的中国移动在右下角，不在中间，这个设计不错，可以看到图片。7.电池的待机不错，我爸每天电话30分左右，没有信息。晚上10点左右关，早上7点左右开，可以用5天以上。,2,2,0.9126937985420227
房间还算整齐宽敞，我住的是标准间大床房，只是浴室的淋浴笼头不太好，出水不均匀，洗澡不舒服。服务还不错，到酒店是早上11点，让我提前入住，而且结账速度也比较快，不耽误时间。酒店靠近13号地铁，还算方便的。,9,9,0.9860381484031677
小的令人感动……这幺小的苹果真的太丢京东的人了……，没有我拳头大，我150 42公斤的女生，本来想送人的，最后还是出去买了大的替换了下来，就当花钱买了个包装盒吧……,3,3,0.8337479829788208
早餐可能什么地方有问题，我和驾驶员吃过早餐后都拉肚子了，早餐后胃部不适，我一直有一种要呕吐的感觉，我经常入住这个宾馆，从来没有遇到过，这次是第一次，希望这个宾馆的餐饮部门加强卫生管理，明天还要去住，但愿明天的晚餐和后天的早餐不要再发生问题。,9,9,0.9414401054382324
麻求烦我东西二十多天了没收到。咋倒评价的了，够买咨询了也没有人理，大家购买时请慎重。谁能给个说法？,4,3,0.2616903483867645
无非是教人如何消磨理想而已，超级烂书。,0,0,0.9933723211288452
裤子不错，买回来就试穿了一下，穿上刚刚好，很有弹性，,7,7,0.9929815530776978
送货太慢了,1,1,0.41027191281318665
"两人在通话中,录音问题很严重,众所周知,通话中录音,肯定不会去告诉对方我在录音,那如果这样,还要你录音干什么?可这个明,那真是明,一旦在通话中录音了,每10秒就很大声地给你嘟一声,你一分钟一嘟也好啊?生怕人家不知道,早知这样,那你还安装这个录音功能干什么?晕,美国人就是恶心,从此不用垃圾摩托.",2,2,0.8024595975875854
果子很小 品相很差 试一试买的 还好买的少,3,3,0.9757295250892639
哈哈，一刮皮，几乎个个都有几个小圆圈烂坏处！！！以前买过一次苹果还挺新鲜，不知这次为何要发这样的苹果过来。拜拜，今后再不敢来了,3,3,0.9983532428741455
啥都不说了，假假假假，，，，，,4,3,0.32660311460494995
活动时候购买750ml的还是很合适，小赠品可以外出带着,4,4,0.9163060784339905
携程工作人员按照我的要求，给我介绍了这家酒店，我抱着试试看的心情，去住了一次，总体感觉还是非常不错的。我是一个非常注重干净整洁的一个人，也很在意细节，所以，住酒店我一直都有点担心，迫于工作性质，必须经常在外出差。很多我之前住过的酒店都不太理想，但是这家酒店还真是对胃口了。房间非常明亮大气，非常干净，我从服务员口中得知，这家酒店已经开了2年多了，但是床单、被套、毛巾都是崭新的，床非常大，柔软，有家的感觉。晚上开好夜床，床头柜上还放有糖果，很细致的服务。房间给人的感觉非常放松，空气也非常清新。房间里上网免费，很方便。入住时还送了一张免费的咖啡券，虽然没去喝，但是还是很高兴，能享受到如此周到的服务。房间里面的电视频道非常多，好多国家的台都有。早上退房前，我给前台打了电话，说需要退房，两分钟后，礼宾部的男孩子就到我的房间了，我非常吃惊。跟这位员工聊了几句，他是接到前台通知来帮我拿行李的。他说，只要他们不忙，会在第一时间赶到需要帮助的房间，帮助客人，听得我很感动。原来他们以为我打电话到前台是要寻求帮助的，想得太周到了。在办离店手续的时候，他们已经自动帮我叫好了出租车，可能在之前的谈话中，礼宾部的员工已经知道我要去机场了，太人性化了！我到机场也只花了18元钱，离机场真的很近，很方便的。不会耽误航班。这个酒店很符合我的要求，服务很人性化，我以后每次来上海，都要住这个酒店。,9,9,0.9897426962852478
挺好，很喜欢，要是有保护套就更完美了,1,1,0.42915433645248413
"1.键盘好看,但敲上去有点晃 2.对于新手装windows比较费事,我装了双系统,用vista home basic还行",8,8,0.9917863011360168
一、价格便宜。二、软件虽然凌乱但很丰富，一般的实用功能都有。三、内屏虽然只是CSTN的，但由于是65K的，画面颜色还是挺鲜艳的，可调9级对比度。 四、具有五种情景模式（普通、静音、户外、会议、车内），而且设有快捷键方便快速切换，我觉得这很实用。,2,2,0.9143397212028503
好呢好，喜欢,1,7,0.5185425281524658
非常差的酒店，还不如连锁经济酒店，要不是襄樊没有其他酒店靠近东风，肯定不会再选它。差劲！！,9,9,0.9745498895645142
买了两套，划算。还送了一瓶精油,4,4,0.9183897972106934
既然没有赠品，广告打的好，送赠品给我，忽悠人。,4,4,0.45097026228904724
开机速度较慢，希望华为进一步改进,1,2,0.4899407625198364
再也不得买了，每一个连一斤都没有，欺片消费者，小的很。还写的每一个有1斤1两，马上打12315,3,3,0.7177737951278687
商品已收到，宝贝包装很细致，商家很细心，为了防止一瓶不牢固在里面塞了东西稳固，感谢商家的细心。,4,4,0.5241177082061768
1、装XP比较费事 2、做工也一般，但对得起这个价位 2、京东送的券必须满3000才能使用，非常不爽,8,8,0.5787096619606018
所谓商务间和普通间的区别就是多了台电脑，对于自带电脑的商务旅客完全没必要多加100元，其它都好。合肥的出租车态度很差，可能是因为这个城市出租车比较少。,9,9,0.9801437258720398
裤子很好 质量不错和图片一样 还会再光顾的,7,7,0.9825922250747681
我以为是面的，结果不是。裤子太宽松穿起来就跟没穿一样，随风飘感觉特傻。,7,7,0.9955494403839111
酒店应该有些年头了吧！ 酒店大堂还勉强凑合看吧，出了电梯就一个字（旧）！还有点异味，房间里不大，而且也非常旧，好像20年前的旅社！价格倒是不便宜，不过谁让人家在机场旁边呢！ 清晨离店，没吃早餐，所以也不知道好不好！ 希望对各位亲有帮助……,9,9,0.9919891953468323
"先生在8/29入住时,收银台人员竟然可以将入住刷卡时的预授权800元当做消费来给客人刷信用卡,还打算撕走一张凭证,当时没注意到,但幸好三张凭证都要回来了.9/5,发现问题后,先生给酒店的收银台打了电话,在现在9/7号,都没人回复.真是素质与服务都不是一般的差!幸好另外找了信用卡银行在跟进了,真不知这800元最后会怎么样呢.补充点评 2007年9月7日 ： 在离开酒店结帐时,又说原来预授权(实际是消费)的卡用不了,要提供另一张信用卡,先生也不知就里,就用了另一张卡结帐离开了,仔细想想,这会不会是个局啊?稍不小心,800元就不知贡献给谁了?",9,9,0.9211248159408569
还行吧！赠品还多！不知道效果了！,4,4,0.8935590386390686
质量还行，价格便宜，送货还是比较快,7,7,0.6000000834465027
还不错，第一次来入住，总体印象好，交通也很便捷！,9,9,0.9258459806442261
个头有点小，口感也没上次好，需要改进。快递小哥很不错,3,3,0.8804720640182495
对产品真心怀疑，什么质量啊！新买的手机扬声器就是坏的,1,1,0.7484567761421204
平板很不错，wifi信号好啊，玩王者给力啊,1,1,0.9466469883918762
1.一款典型的女式机，漂亮的墨玉黑色松石蓝和玛瑙红色，并且体积不大，重量不多。正面翻盖镜面设计便让人爱不是释手。确实太漂亮了，偶第一次便看上如此精致的外观了。女式机就是女式机真的同刚刚用过的M65有天壤之别（呵呵，说多了，本来就不一个类型的）2.有64M内存，虽然比起一些支持存储卡扩展的机型在容量上要相差很多，但是比起2000左右的索爱K700C还是要多出将近20M左右的存储空间，况且还能连在电脑上作优盘对于一款千圆左右的机子已经很了不起了！并且支持时下流行的MP3，在播放音乐的时候还可以通过机身左侧的快捷键来调节音量大小！同时可以在翻盖闭合的情况下播放音乐利用外屏滚动播放歌曲歌词。音质同OT756一样注重高音而对低音的播放略显不足。因此MP3播放可以说是这款机子的一大优点！3.支持JAVA程序虽然在现在手机功能大有一统数码天下的时代已经不算得上新奇。,2,2,0.9271619319915771
差。忒差一点也不好。面料太差,7,7,0.9954302310943604
以后绝不买蒙牛,6,6,0.9390406608581543
"对于四年级的儿子来说,读起来有点艰涩.因为每一篇,前面的铺垫都很长,而且是译本,有些读起来就有点费劲,所以我估计他会没什么兴趣.但没想到,非常喜欢看,晚上睡觉前,总要看上一会.看完以后还和我说,这个作者的文章都很有深度,写作手法也蛮特别,基本上要看到最后才能知道,发生了什么,还说以后要学学这种写法.听到他这么有想法的话,我又赶紧在当当上给他买了些书.呵呵",0,0,0.9996739625930786
不错，速度很快，一点也没有损坏。下次还来买,3,1,0.351396769285202
潘苹果一如既往的好！太阳红！水多，赶紧闭口，苹果汁快流出来啦！,3,3,0.850375235080719
第一次在京东买水果，赶上活动，果子也不错，都比较新鲜，个子也匀称，除了看起来有些脏不显颜色，还可以放几天呢,3,3,0.9959951639175415
好 非常好 房间再大点就更好了 送餐的服务员还不错,9,9,0.8769591450691223
物流慢，打开就这样不知道是不是少了一个，才11个，说的是16到24个的，看着搞特价才买的，难道这就是所谓的特价，太贵了，建意大家，买水果还是不要在网上买的，物流就得几天，水果就少了新鲜感,3,3,0.982191264629364
真差，我下单前确定选择了赠品才确认下单的，下单后订单里没显示赠品我也没留意，收到了快递只有一台手机，我联系了客服，他说我没选择赠品，然后又说赠完即止，再说了你说我没选赠品，我再加入了一次购物车里面有满99赠和满100赠，系统都自动默认满99，跟我什么事，然后就叫我退货重新下单，这不是在浪费我时间吗？,1,1,0.5325096845626831
卫生不好,9,9,0.768471360206604
服务还可以，酒店是差了些,9,9,0.9716225266456604
价格实惠 家用实惠装啊 活动购买的 很满意的一次网购 家里人很喜欢用这个 好评 有机会再来了,4,4,0.47606727480888367
轻轻一甩，屏就碎了。华为的产品以后不买了。真心不行。,1,1,0.9437510967254639
"优点:正反面都是金属壳,带兰牙,92%的键盘,散热不错,2.5寸硬盘,",8,8,0.9690265655517578
不错的，用了一段时间才来评价的，速度特别快，内存也大，挺好的,1,1,0.7880244851112366
苹果总共24个，但大部分都很小，只有个别几个挺大，但有两个大的已经烂了，这是我第一次购买，以后不会再购买寻真的水果了。,3,3,0.9990227222442627
周边交通方便，但是附近有工地施工，房间很不错，就是浴室透明让人不习惯，总的来讲还是不错的,9,9,0.9896613359451294
活动买的，家里日用品全在京东买的，现在在京东买东西已经成为一种习惯。京东618，活动真给力，价格非常划算非常划算。物美价廉。全家的日用品都在京东买，这么多年了，忠实顾客。希望活动越来越多，赠品越来越多。,4,4,0.8435911536216736
不好，媳妇说包装太差劲了，都漏出来了，是拆开的吗，差差差,4,3,0.7659417390823364
物流服务非常满意！！,1,3,0.39583680033683777
说实话这次买的挺失败的，苹果很小，而且色泽很淡，很难看，最重要的是大部分吃起来都不甜，这次团购的太失败了，这苹果说实话真不咋地，团购需谨慎！,3,3,0.9983648657798767
全部保鲜配送，给京东快递员满分！苹果口感真心好！,3,3,0.9797244071960449
不错哦^_^不错哦^_^不错哦^_^不错哦^_^不错哦^_^,3,3,0.2875305116176605
一直购买京东自营的水果，质量有保证！送货快！服务态度好！,3,3,0.982712984085083
买的是29的，送货送30的！颜色也不对，服务也差。差评、差评、差评。一颗星都不值。都穿不了，我都已经扔掉了。希望大家不要再买这个店铺的了。希望大家有前车之鉴。,7,7,0.8852207064628601
给的赠品很多，而且比店里便宜好多，买的好值，特别是旅行装，出门就非常方便。,4,4,0.6215181350708008
618，998入手价格亲民，个人觉得苹果系统用起来繁琐，决定入手安卓平板。使用起来简单方便，满足影音娱乐要求。电池续航基本满足要求。,1,1,0.5981426239013672
右手掌托附近确实比较热。还有显示的颜色觉得有些怪，调了一下也没调好。特别鲜艳，但是不太自然。,8,8,0.5615400075912476
以前都用过这个牌子，这个去屑效果很好！赶上搞活动，就果断下手了，还有赠品，不错不错,4,4,0.9829146265983582
怀疑是不是正品，用过之后头皮屑严重，掉头发，头痒。,4,4,0.992449164390564
大小合适，颜色漂亮，款式新颖，做工精细，非常满意,7,7,0.9301635026931763
才用一次，看不出效果。,4,4,0.890869140625
说实话，我是满怀期望等到书，发现里面得内容最多三分之一是讲治病方法的，剩下的只是作者的主观的比喻比喻再比喻，再加点遐想 特别繁冗，明显在凑篇数。悲哀。。。,0,0,0.9746100306510925
这个价格还算可以，算是平价，真的快，隔一天就到了，很方便，其余的用过再说,4,4,0.8474841117858887
物流速度很快，然后呢儿子买了以后很喜欢，平板速度也比较流畅，样子好看。,1,1,0.7133528590202332
不是很好，而且配送员没丁点礼貌,7,9,0.5082369446754456
真心的不好，分辨率低的可怕，而且屏幕超级模糊，早知道这个价位再填点钱买苹果了，超级不值得，记着这个教训了。再也不在京东上乱购物了,1,1,0.7343931794166565
整体感觉不错，一般用用的话完全足够了。装系统也不费劲，先进到bios下面把ahci改成ide，再设置光驱启动（这个跟原来不到一样，在boot下面按F5或F6把第二项CDDVDW调到第一个），我用的番茄花园，直接就装上了。再用送的光盘挨个装驱动就可以了,8,8,0.9952009916305542
对这家店失望了，我拍35码切发给我33码。布料不好太差劲?。次品大家不要买。,7,7,0.9951832890510559
楼梯有一个妈妈桑在拉客。。。没感觉酒店中规中矩，早餐还不错。。没什么深刻印象,9,9,0.9930683374404907
"轻巧,本来就想到了x系列应该比较轻巧，不过也没想到这么轻。比我原来用的华硕A8Js轻了不是一点点。",8,8,0.9951558113098145
各个方面都还不错，接受渣打银行的信用卡但是不接受招行信用卡预授权，只好让朋友先代劳了。不过在退房时却又可以用招行信用卡付帐，感觉怪怪的。,9,9,0.987659752368927
在宜昌算是还不错的酒店，大堂也很漂亮，房间都还ok．如果将来来看三峡，应该是不错的选择．不过携程的价格没什么优势，朋友通过当地的公司代定的房间，跟携程的价格相比差了差不多一百块．,9,9,0.9860880970954895
昨天订的今天就到货快递小哥真给力，还没开始使用，只有用后在追评了，就是怎么没有开发票，按理说电子产品发票应顺产品一同寄出的。,1,4,0.6512881517410278
裤子很很舒服材料很不错是我喜欢的类型穿上以后非常显腿长比例非常好而且颜色也很漂亮没有色差啊质量很好嗯还有就是非常显瘦也比较适合微胖界的穿上去一点都不显胖是我喜欢的类型灰常来购买的希望以后你家也在做多出一些新品,7,7,0.9963634610176086
这M3屏幕大。玩什么都爽得不要不要的！2K屏很清晰的画面，让人爱不释手！,1,1,0.48675256967544556
穿着很舒服，很透气，不昧着良心真的不错，172cm72公斤L码刚合身。,7,7,0.9975243210792542
价格低，本子不怎么缩水，屏幕很清楚，样子比图片好看，还有赠品,8,8,0.6771100163459778
喜欢京东，物流给力，东西也是棒棒哒！给邻居带的，回头用用再来追评,4,4,0.38697895407676697
还不错，用来办公的，买时搞活动价格也不错，总体来说还不错,1,1,0.6661334037780762
是我通过携程订到的最烂的酒店。7月18日入住，当时是300元/天，我看最多值80元。1、房间墙壁斑驳；2、设施陈旧不堪；3、卫生间奇小，且看起来非常不干净；4、价格昂贵；5、竟然还要信用卡担保，不知道是携程变态还是酒店变态；6、前台态度还不错。在秦发酒店的北面就有报业商务酒店，价格公道，设施干净。再往北还有海岳商务酒店，可惜是新装修过的，味道太大了。,9,9,0.9876489043235779
昨天到今天收到货，快递很给力，但苹果大小不一样，有点失望,3,3,0.5491054654121399
送货快，上午下单，下午就收到了，唯一希望京东改进的就是洗洁精的包装，收到后瓶口的地方有渗漏，其他很好,4,4,0.9580333232879639
包装好，送货快，没有坏果，但是味道一般吧，一分价钱一分货，总的来说还可以,3,3,0.9043645858764648
实在忍无可忍。1、水。缺水现象——洗澡至中途，突然断水，望着满身的肥皂泡欲哭无泪；多水现象——有幸目睹了水漫金山的壮观景象。我们住在2楼，半夜，只听到哗哗的水声，之后从房顶上渗出的水，蔓延了整个房间，我们淌着水冲进房间，只见被子已全部湿透，庆幸的是放行李的地方还未受灾，赶紧进行抢救行动。2、安全。大概山上已经提早进入了共产主义社会，客房有门等于没门，服务员可以拿着房卡随意进入任何已经入住客人的客房。半夜，我们已经入睡，可是突然有人开门进来，当我惊醒但还处于迷茫状态的时候，只见服务员在我的房间内若无其事的巡视。我感到自己的人身安全受到了严重的威胁。就这样被折腾了一夜，一宿未睡啊！现在是头昏脑涨、鼻涕一把、心有余悸阿！总结，千万别住在这样的度假村内了，黑店阿。,9,9,0.9741565585136414
上次买了还可以，就推荐朋友也买了一部，很好，很流畅,1,1,0.940480649471283
"差得要死买回来有一个都不能吃了,很不满意",3,3,0.8629929423332214
穿着发庠，料子太差！,7,7,0.9920662641525269
今天喝了瓶伊利的甜蜜草莓~~突然想买蒙牛了~~,6,6,0.9992088675498962
充满童趣的故事，可爱的图画，不但吸引了我家一岁半宝宝，也吸引了我们的大人们，图书一到，我和孩子爸爸先抢着把所有的图书读了一遍，爷爷奶奶也读完一本又一本。给宝宝讲故事的时候，再仔细看那些充满童真，质朴又有点笨拙的图片，越看越可爱。我家宝宝也很喜欢。书中还都有一张动物主角的图像卡片，宝宝拿着卡片就开始说：这是小松鼠的眼泪，这是小熊的肚脐。。。。。。,0,0,0.9941468238830566
不错，还没有用，效果不知道怎么样，搞活动的时候买的，挺划算，物流没话说，上午下单，下午就到了。,4,4,0.9125227332115173
第一次用清扬男士洗发露，感觉洗起来很清爽，味道很好闻，不错的,4,4,0.9940977096557617
这个品牌的还可以，洗完头发之后头发滑滑的，也送了很多东西，很值得买,4,4,0.9714826345443726
垃圾手机充满电半天都用不到待机一晚上都要用一半电谁买谁后悔,1,1,0.8575612902641296
包装完好无损，送货速度，产品更是没得说！,1,4,0.412632554769516
这是第二次入住次酒店。3年前第一次，除了价格上涨之外，其他各方面都比较满意。性价比在青岛来说还是不错的。服务没有什么特别出彩的地方，也没有什么不好的地方。酒店占地很大，绿地很多，环境优雅，都是几层的老建筑，唯一不好的是没有电梯，行李需要提上提下，建议酒店要配备负责的行礼员。还有洗完地毯，上面能不能不要铺那些破布，看着比较难受。,9,9,0.9883875250816345
感受到还没使用不懂如何，不过这个价位还可以。,1,1,0.6887103915214539
一般般，将就点穿,7,7,0.7131345272064209
大堂宽大豪华，服务有水准，装修一般，因为是十几年以前的建筑（92年邓公南巡后菲籍华侨郑周敏投建，滥尾至近年才投入使用），标间不够宽大，所以两张床要挤在一起。所配Hisense冰霜有嗡嗡声，对我来说有影响。我们家里的冰箱都是制冷的时候才有响声，为什么这台冰箱总在嗡？南侧紧邻西苑公园，早上有早锻炼的音乐，所以有睡懒觉习惯的人别选南侧房间。,9,9,0.996738612651825
妥妥的差评，看你介绍的和发来的是一种吗？ 大街上甩卖的都这样吧？,7,4,0.40820953249931335
用京豆买的 很不错 便宜 一直喜欢用这款,4,4,0.8676042556762695
货真价实的名牌洗发液，量多质优，赠品多多，如意满满。,4,4,0.9864379167556763
发货很快，很新鲜，质量不错，口感还行，整体不错，好评,3,3,0.9273619055747986
感觉还不错。,1,1,0.3849851191043854
完美屏，打开不感觉厚，很轻巧，键盘手感好，摄像头清晰！东芝DVD，西数硬盘，45nm处理器就是好，测温度始终都在40度上下，电池用到了2.7个小时（只上上网），没人会在小本玩游戏，这个XP下足够用了！,8,8,0.9770122766494751
好渣！WiFi信号好垃圾，在路由器边上居然看不了视频，而且看信号还是满的。,1,1,0.6820810437202454
位于西环，地处香港老城区，门口有巴士及电车站，交通比较便利，酒店环境一般，但相对于390元的价位来说，还是比较划算的。,9,9,0.9817730784416199
买这本书的时候，还没有读完张爱玲以及关于张爱玲的书。只因为看了这里的评论似乎还不错。也因为急切的想了解关于张爱玲的一切。待读完张爱玲以及关于张爱玲的作品以后。真没有心情也没有兴趣看这个垃圾写的书了。淡定！淡定！既然买了，就看一下吧，从另一个侧面了解一下也好。可，才看了一节，就不想看下去了，于是丢在了某个角落，再也不想去碰。都说他是才子，我倒觉得其文笔实在拙劣。絮叨、杂乱，庸俗，不知所言！将其猪脑子里所有自认为华丽的词语堆砌到一起便成了所谓华丽的句子。总的评价：垃圾,0,0,0.998988687992096
女儿五年级，语文课本里有节选城南旧事的一篇课文，所以孩子让我给她买整本书来看。女儿见过她的同学买的那种，插图很精美的书，这本书拿回去后，她发现跟同学的那本不一样，但看完以后，女儿告诉我，妈咪，这本书的插图也很漂亮呢！是的，买书是看内容的，精装版和简装版，只要是好书，其实是一样的。,0,0,0.9970239996910095
这次去广西在金都住了2天，一次普通房，一次豪华房。规规矩矩4星级。服务很好，房间不错，离火车站步行10分钟。性价比很好。当然广西整体房价不高。推荐。,9,9,0.9869689345359802
硬件差，环境一般，卫生差，没得可说的,9,9,0.9732710719108582
东西不错，价格实惠，为什么没用收到吹风机,4,4,0.6773675680160522
买了很多东西！希望京东严格把控进货渠道，不卖假货，保证消费者权益！！！！,3,4,0.36028382182121277
本本表面的钢琴烤漆很漂亮，处理器性能不错，包无亮点也很放心,8,8,0.8472819924354553
买了很多，但又小，又不好吃，去了皮，才一点点，不会再买啦,3,3,0.9673136472702026
之前有在这里买过一次水果 感觉还可以 然后今天第二次来这里买 然后东西到了 这次还是加钱买的大点的 质量却比第一次差很多 表示以后再也不会来这里买水果,3,3,0.9524741172790527
很有诱惑力！下次不贪便宜了！！！,4,7,0.2888396382331848
看电视剧还可以的音质好速度快有是不贵,1,1,0.9358462691307068
卫生很差，尤其洗手间；设施很旧，有的污迹斑斑；床和枕头被套还可以 但被子软的 好像是发霉的，没有刚换好的被子那种感觉,9,9,0.9922029972076416
衣服不错，发货很快，大小合适，没有色差，不掉色，款式很喜欢，穿着舒服,7,7,0.9961470365524292
买的有点贵，大家慎重。,4,4,0.36961716413497925
价格便宜，正品行获，不错不错。为了这个电脑每天关注京东，总算被我抢到了，帮朋友也带了一台，都很喜欢。,8,8,0.7294864654541016
洗头水就是未拆封透明纸包着的 我撕掉的 为什么护发素的透明纸没有 拧掉盖就能用 谁知道用了没呀 帮买家先拆掉包装纸怎么确定完好无缺的 该怎么信赖 不好的行为 特注意,4,4,0.7950950860977173
1.外观漂亮，十足高档手机2.通话非常好，声音清晰，前面说N60信号不稳的朋友，可能买到水货了吧？3.旋屏+手写+320*240清晰度，超越同价位所有外国手机4.影音效果一流，MP3功能不输索爱W800C5.照相不错，插值提升的效果约等于300万像素级DC，特别是夜拍和近拍效果特好6.智能功能强，手写板+日程+任务+电子书+JAVA扩充7.待机时间长，一天看一部电影+听3小时MP3+拍50张照片+打半小时电话，厚电可撑3天。如果不怎么使用，可以待机5天左右8.优点太多了，比我用过的诺基亚，索爱，摩托的机子都好。估计我以后不会买外国货了,2,2,0.9648077487945557
"来苏州好多次了，基本上都住在这家酒店。给我的感觉非常好，房间很干净，设施也很全，各种用品也很不错。而且前台的知道我的喜好，每次都安排的很好。入住过几次后每次都会有一些小礼品赠送，虽然价值不高，但是感觉非常温馨，上网网速也很快，比我上次在南京住的锦江之星要好太多了。下次来苏州这家酒店是首先。说了好的，再说不好的。就是Ctrip的商务客人基本上都被安排在东楼，房间里感觉有点暗，光线不是太好。但是很安静，不象主楼一样临街上。很适合我这种喜欢安静的人。宾馆反馈 2008年8月8日 ： 非常感谢您对我们服务的肯定,您的支持就是我们前进的动力. 同时也非常感谢您对我们提出的意见,我们会对房间的灯光进行检查及维护. 期待您的再次光临.",9,9,0.9760861992835999
买完就降价，还不让人申请价保，这次要*格还送了一大堆礼品。对京东是越来越失望了,4,1,0.4867168664932251
"价格不高,比较实惠,服务也不错,离闹市区不远.交通也比较方便.",9,9,0.9103909730911255
"数字按键太紧凑，没有空隙，手感不爽。反应实在太慢.内存小的可怜，32MB,还谈什么娱乐。",2,8,0.645077109336853
收到货打开发现竟然是打开的，让我十分恼火，又不想浪费时间。,4,1,0.4217478334903717
送货太慢,1,7,0.37663668394088745
"刚刚结束为期一周的旅游, 在该酒店住了两天, 房间的整体设施感觉非常不错, 特别是在本人入住期间, 迷你吧的食物可以尽情享用, 感觉非常好! 但唯有一点, 需要提及一下, 在酒店描述中有机场往来穿梭巴士这一条不太符合情况. 事实上, 根本没有机场穿梭巴士, 倒是有到关闸的往来巴士. 这一点感觉上不是很好! 所以希望后面的旅客千万注意! 机场没有该酒店的穿梭巴士, 只能乘公共巴士及出租! 出租费用我们过去, 由于有行李, 打表为57澳元(我们付的港币), 实际上收了87澳元(据说, 一件行李10澳, 搞不懂, 完全图个舒心了!",9,9,0.9920334219932556
酒店wife一直联不上，打了8、9次总台电话一直老是说电话已转接技术保障部门请等待解决。发火后终于来了1个技术部门的工作人员，弄了半天说我们酒店的wife设备阶段性都会出现这种情况，没办法啦！无语啊。,9,9,0.778620183467865
味道特刺鼻！不知道是不是我以前用的是假的！还是这个是假的,4,4,0.9808922410011292
活动时买滴！超值！好品质不用多解释~,4,4,0.7727504372596741
帮朋友买的，说的包装特别烂，用着也不怎么好,1,4,0.6690592765808105
为了玩音游而买的板子[个人不喜欢iOS又因为所谓的爱国情怀没有买三星所以选择了买这个]，然而买回来最基本的节奏大师都不能玩，掉帧贼严重，这钱算是白花了，板子扔哪儿算是废的,1,1,0.7971347570419312
质量没问题，买来到现在十几天了，没什么毛病出现。正版操作系统、正版杀毒软件、正版Office软件，打算不换系统了，就用Vista了，运行还不错。,8,8,0.6654430031776428
一直在用这个品牌，好用有效果、,4,4,0.9872429370880127
就是801.11n的无线网卡不容易找路由器搭配。 对京东发货速度有点不满意，订单4天后才能够在ems网站上找到信息。ems走的挺快。下订单后5天收到货。货从ems网站查只走了一天。,8,8,0.4790739119052887
我不相信中国的学生奶，更更不相信蒙牛，学生订蒙牛奶，打死我也不让孩子订。,6,6,0.9841924905776978
密密的心绪疯长成深蓝色的森林，在其中徘徊来去的只有我。除了忍耐，还是忍耐，我看到自己的心，在黑夜里孤独的盛开、腐朽和颓败。耗尽整个青春，我一直在问什么是爱，即使在十年后的现在，我仍然弄不明白。我们还活着，你还在我旁边，还可以触摸，还可以依偎，这不是生活的全部，却让我们沉溺得永不超生。又何必再问，我和你都没有说过的那个字，冷与暖从此只由身体感知。(载抄),0,0,0.9679927825927734
邮寄的地址是温州乐清，韵达快递丢单，少了7个苹果，事实描述,3,3,0.6612194180488586
第一次给一家酒店1分，是因为它挂着四星的牌子。虽然价格在江阴的同级酒店算便宜的，但它确实是我住过的最差劲的四星级酒店。建议把四星的牌子先摘掉，从二星级的某些方面开始做起，然后向三星级看齐，等到所有三星级标准都符合了，才把四星的牌子重新挂上。空调得弄一弄了，实在太吵了。卫生间的设施，就算不换新的，也得弄得给人感觉不会太旧，居然有些地方还发黄了，就连上海路边的公共厕所都不会比它差。房间？也就二星级的水准，糊弄客人也不是这样糊弄的啊！,9,9,0.9935398697853088
洗发水是假的，洗完一次就不再用了，浪费我的血汗钱,4,4,0.969459056854248
口感很好，脆的，很甜，水分很足，就是个头小了点，挺新鲜的,3,3,0.9990594983100891
苹果还没吃，不过看着个头不是很大呀…但是都挺新鲜的，而且外观也挺好的，应该好吃。快递小哥很负责任，都给开箱检查了。,3,3,0.9686616659164429
水龙头水温度不定，一会凉的冻死了，一会热的烫死了！房间里太冷。无线网时不时就断网了！客房服务员不会查房，说床单有污染，真是让我很无语，难道去你家住，还不能把床单弄脏吗？什么叫有污染，那是说表示染上色洗不掉叫污染！！！你们到底有没有培训？居然还要扣钱。说是得返厂去洗。真是天大的笑话。还非得让我去把床单给洗了，洗掉了才可以！！！请问这是你们应该让客人做的吗？到底谁是服务人员，谁是客人？？？最后我是亲手把脏的地方洗干净了，这下没话了，让我去前台。你们非得让我从前台跑到房间，让我去看下污染情况，然后又让我回前台，你们这是闹哪一出？？？？？你们就这样耽误客人的宝贵时间吗？以后几乎不会再去了！！！,9,9,0.9547116160392761
「寻真水果」10斤山东烟台栖霞苹果水果新鲜 红富士苹果,3,3,0.9990391731262207
通过携程预定的行政双床房(且提前付清房费)~最后居然给我们父女两人一间大床房~还一再申明没有双床房了~在我的一再要求下~最后虽然还是提供了双床房~但是印象大打折扣~补充点评 2008年3月24日 ： 温泉~住店客人是98/位~小鱼池是46~另外收费的~,9,9,0.9915811419487
会生孩子不等于会当父母，这可能让许多人无法接受，不少父母打着“爱孩子”的旗号做了许多阻碍孩子心智发展的事，甚至伤害了孩子却还不知道，反而怪孩子。看了这本书我深受教育，我庆幸在宝宝才七个月就看到了这本书，而不是七岁或者十七岁，可能会让我在教育孩子方面少走许多弯路。非常感谢尹建莉老师，希望她再写出更好的书。也希望众多的年轻父母好好看看这本书。我已向许多朋友推荐此书。,0,0,0.9996850490570068
韩琳是一名优秀的军人，非常积极上进、且独立的女性。姜士安出身贫苦，但凭借自己的点滴的努力，取得了事业上的卓越功勋。她们最初相处的那段时间，姜士安心底是默默的非常喜欢她的，可是韩琳对他没有相对的感情，两人擦肩而过。若干年后，时过境迁，韩琳依然是姜士安心底的最爱，韩琳也能爱了，但姜士安不能了，社会、道德、良心，两个人经过了苦苦挣扎……,0,0,0.931942880153656
房间有点旧，整体感觉还不错，早餐也还好。,9,9,0.9889937043190002
酒店的地理位置确实不错，离南京东路和福州路都很近都只走几分钟路了，特别是上海书城就在不到一百米远，旁边还有浦发银行和民生银行，酒店服务不错，以后可能还会住了。就希望早餐好点！,9,9,0.9834886193275452
没有想象的那么划算，毕竟是500毫升的！,4,4,0.7259695529937744
差评，这么久才发货，最差的一次,7,7,0.4790893495082855
"在那里住了2晚,觉得还是很不错的.首先办理入住手续时接待小姐的态度非常好,特别有礼貌和耐心,让人觉得很窝心,不像大陆的服务员爱理不理的.另外房间虽小了点但非常干净,在香港这个地方,对于三星级的酒店来说已经很不错了.酒店的地理位置很好,就在油麻地地铁站出口处,交通很方便,而且离女人街和通菜街都非常近,穿过对面小学旁边的小路就可到了.",9,9,0.9628108739852905
不怎么好，太小了，以后不会在京东买水果了,3,3,0.9895517230033875
做工很不错，尺码刚刚好，穿上很合适，准备买多一条备着,7,7,0.9969022870063782
酒店设备陈旧特别是竟然洗澡热水放不热是温水 第二天果断退房 附近瑞士酒店完胜,9,9,0.9755122065544128
很好吃，实惠，包装保护没有碰坏，很好！,3,3,0.9795960187911987
太差了，上了当,7,7,0.4316462576389313
产品如说明的好，穿起来很舒服，软软的，颜色也很大方，希望清洗后别掉色，那就艳羡了,7,7,0.8010511994361877
这东西好贵呀。什么香蕉味牛奶，什么banana，那个什么提议让自己蒙牛光明，也来个香蕉味的牛奶，肯定不会卖这么贵！哼哼哼╭(╯^╰)╮,6,6,0.645071804523468
吃的就剩下一个了，除了小一点都好！,3,3,0.9927763938903809
8月24日入住，25日离开的。订的小套房，才210，很划算。房间很干净，很大。还有个凉台。感觉真好。下次还来。晚上外边虫子很多，害怕虫子的朋友建议就在房间里呆着吧:),9,9,0.9832684397697449
一个都没破损，非常好看，还没吃！,3,3,0.9951441287994385
很烂，手机卡死，连电话也接不了,1,1,0.7709213495254517
没良心卖家，颜色不对，连牌子都换了个垃圾牌子，你是想关门回家了吧！,7,7,0.7924044728279114
感觉不错，第二次购买了，相信京东,4,4,0.5371697545051575
不好，，京东客服是个特色，你买东西出问题你就会明白，你根本是找不到人的,4,1,0.46406951546669006
这是一本值得一看的好书。基本符合我的阅读期待。在自然界中，每一个存在的生命都需要有尊严的活着，自由的活着。如何在各种存在的生命中取得微妙的平衡，是所有生命永恒的追求。对于号称“万物之灵”的人类而言，更是一个巨大的考验与命题。人可以做主人，这必是对自身而言。但是插足了不属于自己的范围，是不光彩的。喜欢这本书的同类，向你推荐杰克伦敦的《野性的呼唤》。更加过瘾！,0,0,0.9994499087333679
可能看错了，以为买的是750ml.的，原来是买到500ml的    包装很漂亮,4,4,0.8822457790374756
星期二买的手机，今天就降价200了……问客服，客服说是限购商品，所以不支持保价……我买的时候可没写限购商品！太无耻了，真会忽悠！,1,1,0.7519389986991882
送的三星1G金条，真品。下单时没送我瑞星杀毒软件，郁闷。装系统花了点时间，联想的软件还真多。VISTA不好 影响运行速度 没有独立显卡，分区很不合理：C盘210G 。,8,8,0.94947350025177
1，东京发货没有想象的那么快，等了7天才等到 2，这款机子是vista克星，试过所有激活的方法都激不活vista 3，客服太烂，和联想的简直没法比，问他怎么弄Lunix，居然说不知道。还说只保一年,8,8,0.617885172367096
感觉不怎么习惯，还是实体店买好一些,7,4,0.6616171598434448
1.款式发错了。 2.裤子褪色。,7,7,0.8627594113349915
在京东最难决定的就是生鲜，无奈外地出差给家里买了6箱不同的苹果来试试水，开箱查看！！！个个鲜亮，不愧是北京仓，以后苹果就京东了！给六星，最满意的一次！！！,3,3,0.8380380272865295
1.屏幕偏小，显示效果一般； 2.短信息储存量小； 3.不支持自动开关机； 4.不支持红外和蓝牙； 5.电池待机时间短。,2,2,0.9241979122161865
颜色一点都不红，超乎想象哦，很小个，大小一点都不均匀,3,3,0.7933947443962097
代替胖狗狗新一群的日记留言~日记购买2本书~也是很喜欢呢~嘻嘻`,0,6,0.6176571249961853
还没用，不过送过来的时候里面的都洒出来了，,4,4,0.9555318355560303
快递员送货上门，下着雨辛苦了，东西还没用，包装完好，价格实惠。第一次用这个牌子，期待效果。,4,4,0.8542447090148926
送货速度快！很实惠！很好用！,4,4,0.5670942068099976
好、好、挺好的就是物流差了点,7,7,0.3279041647911072
服务态度很不错，呵呵，而且离我们去的地方非常近，非常方便，环境也很好，希望下次还可以住那里,9,9,0.9547151923179626
隔音实在太差，隔壁房间人睡觉打呼的声音你都能听见，就象在你耳边一样，一个晚上都没睡好，晕～实在差强人意，下次不会再住了！,9,9,0.9957484602928162
很不错的酒店。可能找起来稍微有一点麻烦，不过，在港澳码头就能看到很大的金龙酒店/娱乐城的标志，实际上就在金龙后面。服务很好，拿行李的服务生态度也特别好，可以顺便问下路。大堂可以兑换货币，换一些零钱可以方便乘车。最好问清到码头巴士的时间，一般是半点一班。房间也不错，面积不算小。插头转换器上一共有三个插头，所以，只要一个就基本都可以够充电了。如果硬要说有不足的话，就是离公交车站稍稍有一点路，大概1、200m左右。主要是澳门的巴士都不报站，所以容易乘过。第二次乘，坐到澳门旅游局或者金莲花广场后面一点那一站，就可以少走很多路。,9,9,0.9718387722969055
老婆收到后对我说，以后别在这里卖了，店家自己想吧！,3,3,0.7247781753540039
我一直以为世界首富是比尔&#183;盖茨或沃伦&#183;巴菲特，现在我才知道哦啊世界上还有这样一个隐形的真正世界首富，而且他们还与世界历史上许多战争和金融危机有关。原来世界史还有这样的一面，真是令人打开眼界。,0,6,0.502558708190918
合身，质量还很好。质地纯棉，放心吧。,7,7,0.9912310242652893
挺好的，帮朋友买的，送货也挺快的！,5,4,0.3069286346435547
陈旧不堪，朝向不好。有众多不文明的现象。老板在吧台内的动作滑稽可笑。,9,9,0.9662361145019531
掉色严重，还是别买了,7,7,0.8173226118087769
个头小，就拳头那么大，图片误导人，实物没那么好，图便宜的慎重,3,7,0.7743897438049316
分辨一般，反应速度迟钝，声音有点沙哑。,1,2,0.368908554315567
差，假货，香味太浓，闷    用了两三个星期了，头发还是没什么变化，还是很干燥,4,4,0.9940361976623535
苹果很嫩，比想象中小一点，不过很好吃,3,3,0.9980823993682861
一星是给京东快递的，我都无语了，赠品什么的，没有就没有了，但是我选的电子发票呢！哎，京东越来越不给力呀！,1,4,0.5641644597053528
"送来的时候已经烂掉了,申请了退款.",3,3,0.2432008683681488
还可以吧 价格有点小贵 第一买 总体来说还是比较满意的。以后会多多来的,7,7,0.3413302004337311
玩了几个小时了，用了20%多一点的电量！毕竟这么大的屏幕，很不错了！就是没有贴膜，现在还不能把塑料拆掉！还有就是不知道为什么自带的音乐软件不能联网听歌！挺烦恼的！,1,1,0.7243937253952026
发货超慢！！！！！,7,1,0.3324945569038391
真的很不错，大爱,1,1,0.3537406623363495
个头不是很大，不过很新鲜，像刚摘下来的，水分足，甜，味道不错，好评，物流快，次日达。,3,3,0.9740890860557556
第二次买啦，上次买的非常舒服好穿，所以决定回购。这次的质量也没有让人失望，会推荐朋友来的。,7,7,0.9697637557983398
1、回来装系统搞了好半天； 2、内存还是有点小气了，虽然够用，但无论如何都要升级的； 3、价降得有点快了，现在是3799了，买了没几天呀！ 4、重了一点。,8,8,0.9553434252738953
"1、能听mp3,耳机效果很好，而且可将mp3转到手几内存当铃声。2、开启java功能，能看电子书，屏幕设置背景颜色，不伤眼睛3、能播放3gp，mp4电影，换卡后很好（32m的不行）可惜不能全屏4、可控制的手机内存可以达到5m多，当然是瘦身以后了",2,2,0.7582145929336548
挺好的，很划算！跟朋友一起买了两套！不知道是不是正品用用看再评论,4,4,0.7884196043014526
屏幕挺大的，拍的照片也清晰，机子也够薄，摸起来手感也还可以。单说2000元以下的机子能配到130万像素的可是不多，刚刚搞了一部用，呵呵，感觉超不错,2,8,0.4112570881843567
很好很舒服很好很舒服很好很舒服,7,7,0.2746318578720093
"因为工作关系,每个月都会去住.在金华市区400左右是最好的选择.服务很好,早餐很好,离市中心也很近.360的标间装修风格稍旧但仍然整洁干净.强烈推荐.前台服务每次给我感觉都很好,表扬.",9,9,0.9842350482940674
垃圾手机。买个才九天，就发现手机是弯的。打客服又不给说法。人家华为手机维修中心都给了坚定报告，说可以换货。京东却不给换。说的质量问题半个月包换，全是骗人的。京东太让人失望了。三千多的手机就这质量,1,1,0.8963786363601685
包装盒真心垃圾，看着像旧的,4,4,0.5749198794364929
房间算大 服务生也有礼貌 周到. 可惜其它都太差了. 房间充满了霉味. 洗个冲浴洗手间全是水. 每晚遭到蚊子聨合攻击 电蚊香全不管用. 这家酒店最多两星. 太失望了....I have stayed in many hotels all over Asia and Americas. This hotel is far from 4-Star hotel....Whoever gave this hotel the 4-star rating should have his/her head examed. Very very disappointed !!!,9,9,0.9841243624687195
还没吃呢。一次性买多了水果来不及吃,3,3,0.9537498950958252
这一分是给快递的！这是给老爸买的，可以说只适合给老年人使用！屏幕不清晰，像素渣到不行！,1,1,0.8676791787147522
非常不错的酒店，就像还不错的宜春一样（宜春非常干净，文明，这点在江西还是较少见的）。,9,9,0.9749051928520203
先习惯性好评，京东值得信赖！用过之后再来追加评论！,4,4,0.5084465146064758
之前看到大家都说非常好 于是 很心动 也买了本 回来后看看 非常一般它讲很多就是要我们承认自己是俗人 讲很多就是想说 钱的重要性  难道现在的人还不够俗吗? 不够拜金吗? 根本就不需要她说 我就知道钱的重要性了 估计谁都知道关于拥有公主的手的那一篇  虽然听起来好象很有道理 但是如果 谁都把自己的手保养的好好的 谁都不去做事  那那些事情放着给谁做  根本不符合 我们的实际情况 不可能每个人家里都请保姆把!还有 整本书 虽然有200多页  但事实上 字段落间距很大 页面 留白很多 根本没多少内容 一句话 不值得买,0,0,0.9973422884941101
"我最喜欢的款,专卖太贵了,谢谢,简直一样,",7,7,0.7466397285461426
一箱里没几个能吃的，买过最差的一次。就算没坏的，也一点不新鲜了。不知道这样的水果怎么能通过质检，就算去年通过了质检，放了这么久今年还能卖吗？,3,3,0.9988675117492676
拿了第一个削皮的时候里面居然都是坏了的，无语无语啊。。。。外表看不出来，里面民居然是这样的,3,3,0.8683983087539673
不错物流给力，值得信赖，正品，,1,7,0.6299828886985779
也没带耳机！带的硬件都没有！差差差！,1,1,0.6992600560188293
第一天晚上十点多下单，弟二天下午就到了。京东物流太棒了，评价晚了。华为M3太好用了，上网速度快，移动联通双4G，通话声音清晰，看视频画质超清晰2K屏不是盖的，相信京东。,1,8,0.43313220143318176
"标称80mm，实际最多50mm,还是到水果店去买吧，上当啦！",3,3,0.6105133295059204
宝贝已收到，总体可以，就是稍微瘦了点xL号的，本人124斤，就不换丁。,7,7,0.9313532114028931
物流超快！包装也挺好的！不知道使用如何？,4,4,0.8000952005386353
可怕！网评说包装差，我还不太确定。现在可以肯定:没有包装！上图: 就这么来的！京东你要闹哪样！气愤！在京东买货至今，首个差评！这颗星给京东包装！！！试用如有损坏，必将坚决维权！,1,1,0.5502761602401733
快递不是说当天送到嘛！还花我6元的快递费。结果3天才收到,4,1,0.3787582516670227
第三次购买了，给朋友推荐的，大家都认为在家货物美价廉,7,4,0.5218161940574646
这次买的几样都还不错，信赖京东，不管是品质还是服务～,3,4,0.4966810345649719
"在沙区算是很好的了.因为在沙区办事, 所以只好选这了.",9,9,0.9415706992149353
可以的，趁活动买些用着，哈哈，清扬，大品牌，可以，不错的。。。,4,4,0.43549901247024536
不错，价格实惠，好用，味道挺好闻，京东送货快，质量有保证。,4,4,0.888691246509552
战争带给了人们无尽的伤痛，无论追逐权利的人得到的是什么，受伤的永远是手无寸铁的老百姓。有一句话让我特别感伤，“阿富汗有很多儿童，但没有童年”无辜的孩子们，来到这个世界上，经历痛苦的命运，或许他们真的想“一直在热水中”，他们很累很累。我也为哈桑的忠心感动，“为你，千千万万遍”，在这个充斥着谎言，利益，戴着面具生活的现代，又有几个忠心的朋友肯为你这般的付出呢。,0,0,0.7622729539871216
房间很不错晚餐自助餐不咋地，倒是1楼的日式料理味道不错，价格也差不多，2楼中餐厅的菜色很新很好吃早餐就不谈了,9,9,0.9956597685813904
东西没问题，不过京东服务太垃圾，以后不能上京东买东西。,4,4,0.3277423679828644
很好，水果很鲜，拿到家就连吃了两个，也很划算，在超市也未必能买到这么好有便宜的水果！京东服务快递是目前快递最好的，我个人认为，京东客服什么都挺好，一直信赖京东！,3,3,0.7572620511054993
苹果酸甜可口，大小适中，好吃。,3,3,0.9983425140380859
的确，我不是一口气读完的，所以，我说，我用来两口气。我很少在看电影之前先看小说，这就是少有的一次。小说写的很真实，虽然作者在回忆的时候几次说他有些记不清当时是怎么一个情形的，我却记得我读每一页的感受，当我自己一边读一边流泪的时候，老公又开始笑我怎么又莫名其妙的哭了呀？我真的是抑制不住，被那份最真实的感情感动。值得买回来在一个周末安静的阅读，是一本好书。,0,0,0.9978457689285278
颜色不一样，太差了！,7,7,0.8804869651794434
第一次在网上买水果，大小不一，还行啦！,3,3,0.9960137605667114
酒店洗手台台子好脏！还说是豪华的呢～前台态度很差！这个服务跟价位严重不符合。比较失望,9,9,0.9912914037704468
这是什么火龙果？只有拳头一样大。我在京东上买了好多次，这还是头一遭。退货,3,3,0.45754748582839966
质量差 买的加绒不是的,7,7,0.9945889711380005
公司采购礼品快快块。。。。京东服务值得信赖。。。质量很好。。。京东快快快次日达,1,4,0.5189240574836731
给家人买的！晚上下的单，第二天中午就送到了！很赞?以前用过很好用，去屑效果很不错的！,4,4,0.9629970788955688
感觉宝贝很好！价格也实惠；物美价廉。老板的服务态度很不错,7,7,0.3638400137424469
质量很一般，数据经常得重整，屏幕小！,2,1,0.6519542336463928
使用中，性能方面视频不错，游戏还没试过不知道怎么样，但是平板好看，分辨率也高，相机也还行。这个32G 的是没有耳机的。建议喜欢玩手游的买通话版的，随时可以玩，奈何我是电信卡不支持，只能用WiFi了。同时买了两台一样的，跟老公一人一个。,1,1,0.6695947647094727
蒙牛很诚实的。。。,6,6,0.9844083189964294
环境不算豪华，但是还算干净。吃饭很贵，不如去边上海滩边的大排档划算。海景房看风景还算好，晚上能听到海浪声。有免费的车位。,9,9,0.9876188039779663
很不错的裤子，质量好，显瘦，很有气质，物美价廉，喜欢的伙伴就不要犹豫了，真的很不错，朋友很喜欢，说是还要再买一条换着穿。重点是物流很快啊，客服服务态度非常好，给个赞,7,7,0.9963595271110535
这牛仔裤质量特别差，做工一点都不精细，服务太度也不好，给他发信息过好几天才回，实物和图片上不符，物流更别提了，太慢了，真后悔买这条裤子，不值这个价，穿着难看，大家千万别上当,7,7,0.9853867292404175
京东自营的送货现在也不上门了，不投诉不给送货上门。你的承诺呢？,4,4,0.4374651610851288
今晚收到宝贝用了一次感觉很好，真的比超市便宜多了?。有这样的活动还会再来的。,4,4,0.5301575660705566
挺舒服的，就是不知道我怎么瘦的这么快，原本二尺九的腰买了三条二尺七的，不到一个月拿尺一量又二尺六了，白买了，还得重买，老板多打点折吧?,7,7,0.8874862790107727
上午下单，下午收货，品质保障，购物首选京东自营。,4,4,0.5142399668693542
与图片跟本不符，穿都穿不上，店家服务特别差，而且退货运费还要自己出，一星都不想给，在京东购物最差的一次,7,7,0.8033440113067627
"你将这个字永远的留住思维里用到时随机而来,往往因为我们的日常生活影响了我们的思维能力将原本的最理性的东西扔了,使自己走弯路茫然行进所以说最可怜的是是自己不知道自己很可怜.也就俗话说的站在水中不怕雨.这些看来简单的道理真正做到懂它还是不容易的,因为文化背景和性格的形成是很重要的因素.当你受伤了就会回到原点也就是这本书要你开始就要去认知的,从现在起你会有机会重生的.",0,0,0.9905071258544922
不怎样，跟我看到图片不一样,7,7,0.6122273802757263
第二次入住没有前一次感觉好送的水果不新鲜,9,9,0.8650826811790466
满怀憧憬的看这本书，看到最后，也没有想象的那么震撼，那么泪流满面。作者的文笔很差，很初级，叙述让人不能产生情感的共鸣，建议他多学习那些名作品，同样写文革，请看看余华是怎么写的，同样写爱情，请看看琼瑶阿姨怎么描述的还有我觉得，这篇史上最纯洁的爱情，太名不副实。艾米你以为单纯的描写男女主角不发生关系，就是纯洁了？？？？看来你对爱情的理解还太浅薄,0,0,0.9989417195320129
平板音质特别好，反应挺流畅，看视频也很清晰。,1,1,0.9290680289268494
这家如家地段不算太好，所以感觉性价比不是太好，下次不去了。,9,9,0.8827667832374573
不好意思，评价迟了，昨天就收到货了，太忙就没来得及评价。裤子很棒！客服很耐心,7,7,0.9791936278343201
苹果真的特别小，吃了两个，一个是里面烂了，还有一个是外面烂了，平均算下来也不便宜啊，大概6块钱左右一斤，看到超市里卖的6块钱一斤的大苹果，真的觉得被坑了,3,3,0.9969700574874878
感觉还行，只是连一张普通膜都么有，拿来都没用,1,4,0.7937432527542114
在京东购物就是省心。华为的产品从质量到性能都是最棒的！这个M3非常好，金属质感，双喇叭，图像非常透亮清晰。耳机是升级版的，还送了保护套和钢化膜。很满意！,1,1,0.5859066247940063
换图片换不了，换铃声换不了，掉漆又特难看！还是718好用,2,2,0.4742705821990967
21日入住，外观还不错。进入房间，发现网口不通，换房。换的房间床头开关是没用的；卫生间龙头冷热水开关方向反的；夜灯正对床，一开刺眼；房间连行李架都没有；最无法忍受的是半夜被严重的油漆味呛醒，无奈凌晨3点出逃换酒店。退房时刷卡系统又不灵了，信用卡预授权取消不了，至今我还冻结了1200元的额度。大堂副理签字免了我们住宿费，坦言新业主刚接手10几天，还在整改装修中。这样的饭店协程不该推荐，至少近期应该明示。,9,9,0.9929284453392029
这种包装我都怕平板被摔坏了，除了包装其他都挺好的，没有发现什么问题，后期再补充了,1,1,0.5365025997161865
我入住的是B栋的房间，也就是他们所说的“高级房”，那些房跟外面的招待所是一样的，房间有一种令人想吐的气味（就像地拖拖完地以后没有洗的那种气味）；而且双人房的床太小了，大床房还好一点。真的，我以后绝对不再入住该酒店。,9,9,0.9865984916687012
京东自营的就是快，第二天就到了，很满意,3,4,0.512692928314209
给小侄女买的，还不错，小孩子够用了～,1,1,0.7874630689620972
第一次买的还不错，所以买第二次，结果送过来的像社区超市挑战打折的，太让人失望了，还不好吃，涩。。,3,3,0.956544816493988
艾玛。误导消费者。特小。不像图片辣么大,4,7,0.8207109570503235
130万像素摄像头假的!电池很不赖用最多两天!游戏有问题!,2,1,0.746697723865509
房间里面有个空调，开起来像拖拉机。不开又冷，开了受不了。459不带早餐。早餐一般一般的。房间里算安静的。,9,9,0.9810991883277893
酒店还算干净，送早餐，就是酒店名字容易让人误解，周围没有湖，感觉还可以。,9,9,0.9858453273773193
家里人吃了几个说又脆又甜物美价廉，半个月后再来多买几箱。,3,3,0.9969707727432251
第一次送女神东西，你就给我这个？给你一颗星都算我仁慈，伤的我心拔凉拔凉的。,3,1,0.4213075041770935
很一般 就是过个夜 没得选择 机场附近没什么酒店,9,9,0.9872167706489563
因为夜里回来的班机，才订的住一晚的。办理入住简直慢到不能忍，对团队入驻和老外入驻阿谀奉承，让散客等一刻钟以上！,9,9,0.9802191853523254
京东211实效内未能送货，不遵守条约，购买需谨慎！！,3,4,0.2992858290672302
差评 买了几件商品我好歹花了*就不能给个包装吗 就算是拿个塑料袋包起来也行啊 什么都没有 我怎么知道是什么时候生产的,4,4,0.6761199235916138
买了三个，有一个是烂的，怎么回事。两个好的，说明不是运输问题，本身发货的就是烂的，京东自营的水果都有烂的，体验太差了，请问该怎么索赔！,3,3,0.9151105284690857
裤子质量不错。穿起很舒服。面料好。码子正。也没有色差。,7,7,0.9993714690208435
房间颜色很清爽，风景也不错，早餐算是比较有闽南特色的，总的来说不错！,9,9,0.9880495667457581
控油效果还可以，以后还会来买,4,4,0.7362219095230103
九个苹果还算不错，只有一个是男的，其他的都是好玩无限的,3,3,0.8376652598381042
质量不错哟， 刚刚合适， 衣服的用料摸上去也很舒服,7,7,0.9966193437576294
我用手机就是发短信打电话，可是，呵呵，我们的小Ｃ一点面子都不给，晚上充电，白天没电，日复一日，年复一年～！内存倒是挺大，超低质量的１０Ｗ（我看都没有）的照片倒能放上个３００多张，至于录音，录出来的那些还能算是声音？！～铃声难听至极，害的哥们我只好靠别人传给我的铃声过日子！唉，不过小Ｃ的屏幕显示效果还行，６５Ｋ色１３０＊１３０的屏幕色彩很细腻，就是～你只要看到了真机就会发现它的屏幕有多小！总之这个手机让我又舍不得又没办法，想买的朋友，您三思！,2,2,0.9910613894462585
不错，有免费宽带，很适合出差住的。离开发区很近，很方便。,9,9,0.9102347493171692
赶上搞活动买的，比官网还便宜，做工很精致，看起来很高大上，快递也很给力！,1,4,0.4639531970024109
家里苹果断挡，天太热所以在京东买一次试试，很快很好，果子甜脆，虽然价格贵，质量有保证!,3,3,0.9914839863777161
京东就是垃圾！和第三方卖家一起垃圾到底,4,4,0.6006595492362976
华为反应快，不比mini差，值了！！！,1,1,0.9463776350021362
苹果皮表面满满的腊，这是为什么？而且好几个苹果表面都有划痕。差评，对不起这个价格,3,3,0.8468633890151978
苹果还算不错，一起买的橙子里面有的都烂了，自营的水果都没保证了！太失望了！,3,3,0.9890685677528381
很好用，用了好长时间，真的，开心,4,4,0.8416123390197754
这机子不能上网下载铃声和图片，只能用数据线传，不方便哦。上GPRS不稳定总掉呢。机身设计也不够紧凑。铃声不好听，效果也很差。屏幕一般吧，但是外屏的面板很容易被划伤。,2,2,0.8101754188537598
挺好。。。。。。。,1,1,0.39241331815719604
里面的东西很不错哦！两条大毛巾，一块方巾，还有一个沐浴球，划算。东西质量也不错，,4,4,0.436716228723526
很好看的一本书，我好喜欢小林宗作先生。电车教室，大树做的门，奇怪的上课方式，海的味道和山的味道，这就是巴学园。这本书让人情不自禁的发出笑声，但又让人阵阵的伤感，很感动。令我印象最深的是校长先生，他竟然能耐心的听完小豆豆4小时的话语，看到小豆豆那样做，只说一句：“弄完以后，要把这些放回去呀！”遗憾的是校长小林宗作先生已逝，我好喜欢小林宗作先生！好喜欢巴学园！,0,0,0.9972250461578369
整体还可以，音效好，声音挺大的，就是导航时GPS信号不太好,1,1,0.6490405201911926
价格便宜、有送机服务、离机场近、前台服务差、矿泉水比机场贵、其他没法评价。,9,9,0.9783056378364563
酒店离码头太远，建议有班车接送，房间硬件还行，早餐较差。,9,9,0.9941629767417908
再也不会来京东了，大晚上十二点半客服给我打电话，我没接还再而三地打，吵醒后，气势汹汹地问我，你的地址不对，到底是哪，然后说完直接挂了，还不给我时间骂他。 接着给我连发了三个短信说，我买的3个东西不是同一个盒子，你是智商短信要看三次才明白？。11月9号晚上的客服，怎么投诉？，京东自己超市的人这样我也是醉了。,4,1,0.6658955812454224
一分是给京东快递的 晚上十点多了还在送快递 这个橙子颜色到是红的 但是不是一般的难吃 没有水分切开连一滴汁水都没有流出来 而且还是苦的 我吃了半个 舌头都麻了 第一次在京东买水果 太失望了,3,3,0.9952290058135986
买了第三个了，品质好，运行稳定流畅，推荐,1,1,0.8031499981880188
很薄,2,1,0.3906210660934448
收货时机子外壳的保护膜有气泡。保修卡没盖公章。不知道其他人都是这样吗。 穿越火线跑起卡 。,8,1,0.5545169115066528
对这家店非常之失望，希望想去的驴友慎重考虑。1。离四方街比较远，要15－20分钟的路程，晚上如果超过10点钟回客栈，路上就没有　路灯了，而且周围静得有点可怕，感觉不太安全。2。我们连住了两个晚上，第一天感觉收拾得还算干净，可是第二天回来就发现房间根　本没打扫，只是随便铺了一下床，连一次性牙具也没换，只是随便塞了支小牙膏进　去，装牙刷的袋子根本没有密封的。3。我用房间的毛巾擦了下桌子（因为桌子没清洁，所以我要自己动手），还弄了点泥　巴，最后店家坚持这是洗澡的毛巾，有泥巴肯定是洗不掉的，要我们赔了20元。4。接我们去机场的司机看到事发全过程，后来建议我们回来投诉，并且说他们一直觉　得这家店的服务跟态度不好。5。其实在丽江，好的客栈多得是，服务也很好，同行的朋友用80元就租到很好的客　　栈，这家店150元的价格相对来讲还是高了点。以上5点是我对这家店最最中恳的评价，也没有中伤店家的意思，只是实事求事地说出了我的经历，也是用我不愉快的经历对各位驴友提个醒，希望以后携程能慎重推荐酒店。,9,9,0.9888284802436829
都漏出来了，这包装真行。,4,4,0.5507352948188782
如果就是差钱，买这个，要不千万别买，速度慢，屏幕清晰度差,1,1,0.8835429549217224
沙萱不错，一直在用，但是京东的价格比超市贵,4,4,0.9263371229171753
"很新潮,很适合学生,外观好靓",2,2,0.6636924743652344
虽然作者花了很多篇幅，但看了以后有点失望，感觉钱白花了。书里面实际上大部分都是个人抒情，小女人的自怜自爱。可爱倒是可爱，但是实用性上，我觉得不如《求医不如求己》。实际上《31岁》这本书，为数不多的精华思想，都来自于这本《求医》。《求医》内容之丰富，逻辑之严谨，行文之流畅有趣，学识之渊博，阐述之客观，是这本书所不能及的。如果有《求医》，这本书，可以不用买了。,0,0,0.9996792078018188
裤子穿着很舒服而且显得腿长。洗了一下也没什么褪**况，真的是五星好评！！！物流快卖家服务态度也好评,7,7,0.9405404925346375
我已经超过十次入住该饭店，交通很方便，公车计程车搭乘方便，但是厕所较小，其他还行，建议宽频应该免费。,9,9,0.994478702545166
全是坏苹果，外表好看，芯都烂的，没注意咬到了，恶心死我了,3,3,0.9971725940704346
包装很好，味道很好闻，物有所值,4,4,0.7025353908538818
买回来家人说是假的，我也不知道是真是假，心情好差,4,3,0.4771275818347931
我弟弟就喜欢穿牛仔裤，给他买的这个。他很喜欢，说穿上很舒服。反正我觉得他上身效果挺好的，照片看的也很青春活力。顺丰快递也很给力，他在东北上学，这几天好像天气转凉怕他没有的换洗，没想到那么快就到了。,7,7,0.7384078502655029
太次了，千元手机还是买小米手机比较好，触屏也比较次,1,1,0.8972042798995972
2月21收到的，偶尔用用掌阅看看书而已，就出现一条细线了，找售后还不给退，还不给换新的！！给好评那些人全部是托吧？维修的话竟然跟我说15天！！大家不要上当受骗了！不知道刷了多少单！同事都叫我去华为官网买，我真是贱跑来京东买！！,1,1,0.8812693953514099
快递不是很好 质量不好,7,7,0.4723895192146301
非常不错的酒店，紧靠首都图书馆，交通非常方便。房间设施很齐全，还有洗衣机和微波炉、咖啡壶。性价比非常高，下次出差的首选。,9,9,0.9894294142723083
反应慢，容易卡机，客服不是很用心，需提高素质,1,1,0.6925661563873291
酒店设施太差,9,9,0.9883257150650024
裤子还行，物流太慢，七天才到。,7,7,0.9405292868614197
东西收到后 小了 又换了个大点的 服务蛮好的,7,5,0.3141946494579315
个头不大，口感不错，大家都说蛮好吃的,3,3,0.9941267967224121
系统难搞，用了一天时间，把xp装好，后来又装成vista了，因为不大需要玩游戏什么,8,8,0.9175470471382141
"没什么特别的内容,跟其它同类书一样,而且都是些常识类的,我半个小时就看完了,可见期内容很空洞",0,0,0.9998195767402649
首先物流非常给力，质量也特别好穿上特别显腿长，完全成了一个大长腿！是修身的版型，会推荐身边的好朋友来购的。对这次的购物很满意。,7,7,0.8523629903793335
开发区里首屈一指的酒店，设施、服务都不错。淋浴房够大，但淋浴用品却在浴缸旁边，摆布不是十分合理。境外的电视节目接收效果不好，需要改进。门口的出租都是增城或者周边县市的，所以根本就是侃价不打表。总体够四星水准，下次去开发区还会考虑入住。,9,9,0.9884087443351746
酒店离千岛湖景区码头稍微远了点，不过上杭千高速比较方便，也很安静。这次订的标准间还有个小阳台，空气很好，可以看到湖景和广场的音乐喷泉。总的来说还是不错的.,9,9,0.9897631406784058
东西收到了 快递服务很好 点个好赞???,4,4,0.3632291555404663
假的！洗了头痒死了，而且容易油！,4,4,0.9620540142059326
宝贝已收到，特别满意！适合夏日，清凉舒爽,4,7,0.4599122405052185
经常用的牌子，刚刚到家，快递给力，快递小哥更给力，还没用，相信会很好，一直信赖,4,4,0.8594245910644531
帮国外的同事预定了一晚房间，达到时因为堵车晚了所以订单被取消。但是酒店大堂居然没有通过ctrip与作出预定的我联系，而是跟客人推荐附近的其他酒店。因为当时已经晚上八点，客人无可奈何只能听任酒店的安排，最后给他找了一家附近的三星酒店，但是价格居然要一千六百多块钱。更过份的是订单状态显示已经成交，所以过了好几天我都不知道这件事，直到同事回国之后发email过来投诉才清楚这样的事情。感觉就好像是被黑了。订单被取消无可厚非，但是酒店的做法也太不妥当了，跟ctrip投诉之后最后打个电话过来把事情撇得一清二楚，至于订单显示成交一事，解释就是操作失误。之前好几年公司都用ctrip作一些酒店预定的，这件事之后以后都不会再用了。太让人气愤了。,9,9,0.9301103949546814
这是住的桔子酒店最差的一次，房间没窗透风性很差，感觉是隔出来的房间，隔音效果很差，一进去热水还上不来，开5min才有点热。北京的桔子酒店基本都住过，感觉这里体验最差,9,9,0.9948716163635254
嗯，商品不错，好吃很甜，吃完再购买，谢谢,3,3,0.8485051393508911
不错，性价比挺高的。孩子一直在看，不卡不烫。就是买少了，没办法，又下了一单！,1,1,0.4243389964103699
太垃圾了！会缩水的！,7,7,0.5317703485488892
和想象中看到的完全不一样,7,4,0.3476799428462982
房间设施和卫生还可以，但不幸的是酒店2楼还是3楼是歌厅，即使在6楼，夜里也可闻歌舞声，另外就是晚上有骚扰电话。,9,9,0.9922323226928711
是我喜欢的类型，昨天下单今天就到了,1,7,0.46999698877334595
不怎么样，感觉上当了都没起沫，也不粘稠,4,4,0.987857460975647
很普通的酒店，好像旅店一样,9,9,0.9618903398513794
很好很快经常买这个！快递也快物品也可以！,3,4,0.24823686480522156
不好，有味非常刺鼻，而且还慢！,7,4,0.5058330297470093
CPU一般~而且主板前端总线只有667~800内存的内存全部降为667工作~而且显卡显存一般~功能键部分不是太好使~可能驱动没有装好~提货时发货人员服务态度一般~,8,8,0.9789599776268005
破玩意，反应慢的能玩？里面就一个充电器，什么都不送，像素更是烂的没话说！,1,1,0.9651846289634705
包装完好，里面也很棒，音质还行，拍照还好,1,1,0.7130478024482727
镜面的容易留指纹，休眠后开机老出问题，可能是备份的问题，还没搞懂,8,8,0.5302024483680725
和图片完全不一样，太容易起毛，差评。,7,7,0.9158294796943665
还不错，一如既往，送货快，符合预期,3,3,0.2698478102684021
"很喜欢的酒店,大堂天花很有特点,希望还有机会入住.",9,9,0.9794445037841797
这是网购真的很失望，简直就是骗人。跟本就不一样的货，大家不要买，不知道京东怎么弄的，，会让这样的商家进来京东。对京东也失望了，，,7,4,0.41389116644859314
这本书是与范长江同志在一起工作过的人们写的回忆录。还有一些研究性的文章。它记录了范长江同志的优秀品德，高尚的情操，忘我的工作精神，和对党的事业的耿耿忠心。从中我们可以了解许多那个时代的历史和人物，特别是了解范长江同志这个优秀的记者。了解那个时期党的新闻工作，和它的发展历程。看这本书时，最好是与《范长江新闻文集》一同看，这样更有思考和研究的意义。,0,0,0.9997019171714783
上次入住时对这里的豪华自助早餐印象深刻，记得二楼四面环绕有三面都有各式各样的食品，中西皆有，琳琅满目，所以特别给家人推荐了一下，结果这次没那么好了，只有一面有食品，东西也少了很多，害我没面子！服务还是很不错的，下次有机会还会来的。,9,9,0.9496577382087708
大爱京东，早上下单，下午就到，而且包装很贴心，就一份小小的生鲜食品，还帮我用冰袋冰好，收到时很新鲜，比实体超市买的还新鲜,3,3,0.7118031978607178
没什么问题，应该不错，已经第三次买这个套装了！,4,4,0.41197720170021057
不好，不能起电板，掉水里了想起电板都不行,1,1,0.4346608817577362
我为什么喜欢在京东买东西，因为今天买明天就可以送到。我为什么每个商品的评价都一样，因为在京东买的东西太多太多了，导致积累了很多未评价的订单，所以我统一用段话作为评价内容，省时省力，还能得京东豆。总而言之、言而总之，在京东买东西又好又快！我为什么喜欢在京东买东西，因为今天买明天就可以送到。我为什么每个,3,3,0.39002275466918945
一直在京东买洗发水，这款真心不错，对油性发质来说不错，快递速度你懂的，好评！！,4,4,0.9889748096466064
在京东购买的水果，速度非常快，苹果脆甜，这已经是第三次购买的，品质保证，很喜欢在京东购物！,3,3,0.9726675748825073
预装的linux可以省很多钱啊，性价比不错了，外观，还不错，还保修三年，送货的人员，服务也好,8,8,0.8497864007949829
平板不错，很流畅！横屏的音质太牛了！大小正好可以放进我的背包里。看电影什么的很赞。听歌更是不用说了，音质棒棒哒！,1,1,0.8243619203567505
看着不错，京东快递服务态度很好还快，家里手机都是华为的，支持国货。,1,1,0.4633015990257263
习惯好评吧 苹果看着很小 量了量 可能就是70mm吧 有两个坏了一点,3,3,0.8966751098632812
1、屏幕太宽，当时选14就是给家人用，但是想不到16：9的会这么宽，高度和宽度严重失调，亮度倒是还可以； 2、光驱工艺不好，松散，光盘稍微按不紧就读不出；,8,8,0.8608871102333069
酒店设施一般，老酒店。但是去机场很方便，有免费大巴，只有10分钟,9,9,0.9864011406898499
晚上买，第二天就特价了 幸好保价 还有就是客服服务没有以前热情了 给个好评吧,1,4,0.47908785939216614
很多观点我都认为和论语的真正含义想去深远，但书的印刷质量还可以,0,0,0.9970002770423889
包装得很严实很用心，很新鲜水份很充足，很超值，性价比高，已经试用，很甜很香。,3,4,0.6057984232902527
用了以后头皮都要被抓烂了，一天就奇痒无比，再也不在京东买洗发水了，白瞎我买了好几瓶，气愤！,4,4,0.9770517945289612
明显的虫蛀的苹果也卖，为点蝇头小利，伤了消费者的心。,3,3,0.9679877758026123
外观不错，手感也很好，非常喜欢,1,1,0.5377351641654968
虽然一直不怎么支持蒙牛这个牌子，但是优益c味道还不错~~,6,6,0.9942601919174194
操作简便，外形美观，功能实用。,2,2,0.913148820400238
京东不讲道理不给退货，枉我曾经那么信任你们,1,1,0.4236762225627899
看着不错，物流快，包装好，配送服务也好。感觉苹果还挺新鲜，不像是那种冻库放了很久的。,3,3,0.9902278184890747
性价比极高，我在苏宁买4699，东东才4399.功能很全，用起来很满意，够用了。,8,1,0.5072210431098938
不是实体店的质量，布料很差,7,7,0.9902475476264954
垃圾，比市场苹果小一半了快！最失败的一次购物！买了五箱，一百多就当丢了！！！,3,3,0.7895388603210449
吃起来一股药味 包装也一股臭脚味 恶心死了 枉我还一次买了两箱 吃了两个 第一个咬了一口觉得有问题扔了 认为可能是部分有问题 过了几个小时吃第二个 都是削皮吃的 还是有很浓的怪药味 勉强吃完 现在很恶心 网上查是农药 反正不是正常的苹果 因为我之前买过京东第三方的苹果也是*那个非常好 很失望 京东自营卖这种东西 还潘石屹代言 现在就是开了一箱 如上所述吃了两个 另一箱完好 不求你什么优鲜陪 因为不可能再吃了 只求你们赶紧把这垃圾收回 正常退款 做个良心企业,3,3,0.7054616808891296
赶上618活动买的，很实惠比超市还便宜，潘婷的洗发水用着挺好的，一直信任京东,4,4,0.9939965009689331
还挺好的，到达的时候还是凉凉的冷藏的感觉。,3,3,0.6830363273620605
手机看着质感不错，运行速度快，价格比实体店便宜,1,1,0.8784556984901428
武汉冷库发货，苹果味道好，外观漂亮。,3,3,0.9793646931648254
想买很久了，终于在京东赠送很多东西的情况下，下了订单。京东总部自提点的前台MM都很灵的：） X200的外形比较经典，很喜欢非镜面外壳，CPU性能很不错,8,8,0.9423012733459473
订的豪华标间，738元的价格，住过的同等对比是最差的。周边环境除了一地铁口没有其它，餐厅不行，周边也找不着吃的。房间小，住了两天还有一天晚上没水，宽带收费40，打印贡献了几十个10元。绝对不值。,9,9,0.9915878176689148
6个火龙果 烂了两个 果非常小…快递小哥给赔付了,3,3,0.9947532415390015
必须的，全新蒙牛 幸福启航一起转起来 来了，终于来了！,6,6,0.9947848916053772
还可以，去油效果不错，洗完之后头发也不会太干,4,4,0.9750370979309082
双十一买的，今天就收到货了，可以说速度是非常快的，就是不知道是不是正品，打开里面都漏了很多，换货又嫌麻烦了！,4,4,0.5806958079338074
裤子不错！尺寸正好！颜色也没有误差！客服服务态度也非常好！很满意的一次购物！祝老板生意兴隆！,7,7,0.9788888096809387
东西价格还不错！ 现在装了XP，有谁能告诉我哪有下载键盘上控制蓝牙和其它的控键的驱动在哪有下载？下了几个都不能用。,8,8,0.6365548372268677
裤子和图片颜色没有差距，老公试了一下非常合身，赞一个！！！！！！下次就来这家逛了,7,7,0.9791239500045776
宝贝非常不错，颜色正，腰围长短合适，满意的购物已关注店铺还会光临的，祝生意兴隆！,7,7,0.8400338888168335
办入住的时候，说没有收到携程的预定，但还是给了携程的价格。问了早餐的事情才给了餐卷，早餐很差，房间非常不干净，床上有西瓜子，床头柜后面还有吃剩的果冻的空盒。最可气的是退房的时候，结账之后没有把信用卡还给我，晚上吃饭结账的时候才发现。,9,9,0.9901139736175537
嗯，一起奋斗的感觉真好，还有今年蒙牛音乐风云榜的投票，真窝心,6,6,0.9762181043624878
购了4瓶，3瓶没有塑封，其中一瓶更是盖子脱开，弄的整整一瓶全漏到包装盒内。退换货只给换2瓶，漏的那一瓶要么给退款，要么走另外的渠道再补，我就不明白了，你京东自己造成的事，为什么要转嫁到我消费者的身上，费时、费工夫，为何不能你们内部协调一下，一气换好呢。我也是醉了。,4,4,0.481164813041687
很不错。其实人生没有对与错，对与错也许是别人评论事件的一个标准，但对于当事人来说，这个过程是不是你努力生活与奋斗的过程。如果这个过程对你来说很享受，也很值得。那就行了。所以人生努力很重要，你努力过，为之在别人来看也许是不择手段，但只要不伤害别人或触犯你所认可的首先底线，那就去做了。何况生活很多时候，只承认这个道理：胜者为王，败者为寇。,0,0,0.8700891733169556
忙下忘了评价，商品质量不错，用了几天，效果很好，加热很快，应属正品，经济实惠，值！！,5,4,0.35618558526039124
数码相机效果差！区区10万像素，照片传到网上看还是不清楚。2000大洋买的手机居然是这等拍照效果！样子也过于呆板！,2,2,0.5331622958183289
很好性价比很高 不错的苹果果 你值得拥有,3,3,0.9494678974151611
分辨率好差，后悔了＠_＠,1,1,0.8466845154762268
东西一般般，屏幕太大了,1,1,0.8384609222412109
它的外形美观，手感也不错，铃声也挺好，我喜欢它,2,2,0.954249918460846
请看看这包装，简直无语了。申请了退换货也杳无音信了。,4,4,0.2940343916416168
***质量也大差了吧，京东成*货一条街了。,7,7,0.6962141990661621
10月10日入住，从外观来看，酒店本身怎么也不像是5星级酒店。内部装璜不错，我入住的是6210房间，由于房间临街，且面对的是交通主干道，感觉隔音效果不好。最近几日由于降温，天津比较凉，但遗憾的是酒店没有供暖，在房间里时间长了感觉比较冷。其他的都还可以了，但是由于隔音和供暖的缘故，只能给4分。,9,9,0.9766831994056702
买回来就用了俩回，满头的头皮屑，我真的不知道还要不要继续用了。,4,4,0.9740623235702515
不怎么样，裤子上全是毛，差评。,7,7,0.9821321964263916
"借壳原来的天津乐园宾馆现在居然是“4”星级酒店，环境太乱,和演艺场在一起,像娱乐场所,不像宾馆,到处是穿着睡衣的人们在走动， 特别是早餐，连2星的宾馆都不如；真不知道那些评论星级酒店的官员们在这里的洗浴中心享受过什么特别待遇。。。。",9,9,0.9549165964126587
"住的商务间很大,这样使得看电视很费力,不得已把一个沙发拖过来,床太硬.其他都还好.",9,9,0.9814510345458984
这就是送来的苹果，不想说什么了，小就算了，里面全是烂的，我服了京东了，各位买家慎重,3,3,0.9851863980293274
新鲜，好吃?，方便了不爱出门的人,3,3,0.9164255857467651
正月初四带女儿入住横店国贸大厦，感觉很不好。一是旧。设施陈旧不堪，开水器脏兮兮的，还接触不良，烧水都害怕。空调虽然是中央空调，不能调风速，象拖拉机一样开到天亮。二是脏。地毯都不知道是什么颜色了，浴巾又黑又硬。三是不诚信。我是通过携程订的三人房，到酒店时房间还没打扫出来，这倒也正常，我们先进去洗把脸就外出游览景点了，洗脸时把自己带的毛巾和洗漱用品挂在了毛巾架上，结果酒店服务员就没给我们放三条毛巾。因为反正不会用，也没在意。第二天退房时，竟然问我们要三条破毛巾。更可气的是当天的服务员说确认放进去了的。我还耐着心致给她们解释，说要弄丢也不会三条都丢，除非我们偷了。这帮猪一样的服务员，实在太侮辱人格了。我留了电话，到现在还没接到酒店的道歉电话。,9,9,0.9929337501525879
之前在京东买过几次手机了，每次都有新手机的保护膜，这次没有，感觉不像新出库的手机，像是被别人退换的，还有白色手机壳上面有很多乱七八糟的指纹，一看就是人家用过的，很不愉快的购物，想退换货，主要是耽误使用，因为上一个手机屏幕碎了，所以着急用，唉，烦死了，心里有阴影。。。,1,1,0.7823787927627563
质量不错，版型好看，穿上很舒服！,7,7,0.9986761212348938
酒店设施老化严重。作为一家五星级酒店，居然没有无烟楼层（这是前台登记的时候酒店服务员说的）,9,9,0.9965665340423584
C6568的最大缺点是没闹钟功能，还要用手表，真是太过于落伍了！！GPRS的速度也不够快！做为一千多的手机，还不如我买的小灵通了.,2,2,0.9266425967216492
一直在想，匪是不是有枪手代写，为何出书速度如此之快，叫我的荷包牺牲得如此惨烈～上一本看匪的书是《海上繁花》，《千山》和《繁华》故事走向有些雷同，只是内容中多了阴谋和背叛；雷宇峥和莫绍谦也有着同样的执着与倔强，只是雷较为直白，而莫更为隐忍、深沉～接近尾声处，所有悬念如洋葱般层层拨开，结局时短信的三个字，不仅擂到了童雪，也擂到了所有人的心。。。,0,0,0.993064820766449
产品质量还不清楚，有点大忽悠压根没有生姜的味，控油用后再说，还比市面卖得贵95元买一送一。这是商家抓住控油做文章，购买一定小心，当洗手还不错，我都不知道姜味在哪里？,4,4,0.9373430013656616
服务态度太差，去哪网让我在酒店大厅等了一个小时，酒店太老超级垃圾，几百套客房就一个人服务,9,9,0.9860445261001587
"垃圾,相当垃圾,1和2好多都是重复的不说,还总是买关子,什么这个的详细内容看第二本的多少页,那个内容看第一本的什么地方.诸如此类的数不胜数.总体感觉就是再变相让你买他的书,手段相当下贱.而且字大行稀........",0,0,0.9951125979423523
苹果?的味道还是那么的甜美，就是这次买的没有春节那几次买的个大，都是同一款价格，有的都摔的很多淤青了，个头也小很多，不过这个品牌的苹果还是值得再买，希望商家以后按价格保值保量,3,3,0.9303072094917297
我和MM14日入住的此酒店，第一眼感觉还行，check in后发现房间极小，隔音效果极差，大白天走道的声音都特大，唉！郁闷啊。第二天我们下午回酒店时发现房间还没有打扫，问了服务员说是酒店要求他们先打扫退房的房间，人手不够所以就没有来得及打扫，酒店的管理和人员配备应该加强！！此酒店带来很多不便，下次不会再考虑入住,9,9,0.9924179315567017
"1.先说外观吧!目前市面上只有两款颜色可做选择，(光亮银，酒红)特别是酒红色的外壳漆采用的是烤漆，这样手机的外壳还是非常耐磨的，而且看上去也还比较精致~!再就是它的外型也蛮圆润，拿起来手感也比较好..2.因为它是内置30万像素的彩屏照相手机，屏幕是采用迪色灵技术，所以屏幕看上去色彩还是较艳丽，而且也蛮清晰的，而且它的照相功能还有个性化的""主题模式""(连拍 定时 多组拍摄)而且机身可存100张照片!因为2051C支持数据传输，所以还可以把储存在手机里的照片上传到软件光盘里，可将图片下载后用专业的冲印设备冲印出来，而且还可以将拍摄的图片设置为待机的图片。3.它来电还可以设置来电图象识别!EMS增强型短消息服务，手机铃声虽为16和旋不过里面还是内存了几首比较悦耳的铃声，而且它还可以下载!",2,2,0.9967593550682068
大小合适，有弹力，辉常满意！,7,7,0.9482811689376831
适合旅行，不适合商务,9,7,0.4782421290874481
蒙牛真果粒喝出腐败椰果！！好恶心……有图为证@一起看圣经,6,6,0.9444789290428162
给男票买的，特别合适，裤子质量不错，穿着舒服，还很帅，他很喜欢，超级赞超级赞,7,7,0.9724007844924927
对这种丧尽天良的企业，比如六和，KFC，蒙牛等，不会又是一个道歉就能解决问题了吧？应该把其负责人绳之以法，对企业课以重罚。,6,6,0.8861457109451294
怎么说呢，我买的时候什么都不给，第三天就降价了，心情哇凉哇凉的，本来以为还送平板保护套，结果什么都没有，心情老不好了！,1,1,0.9136028289794922
非常糟糕！1。我们通过其商务中心包了一辆车游西湖，该车拉我们去不正规景点买茶叶（我们买了），然后在中途突然说家中有事，最后中断了包车服务。你能想象一下在人生地不熟的地方，被扔下的感受吗？ -- 过后商务中心致歉说该司机惦记着回家打麻将！2。客房消费说明单有手工涂改，极易误导 - 酒店之后也承认这一点，说今后改正，但是，误导的消费仍然强迫顾客承担！-- 标准的小农意识管理型‘酒店’！建议你去订正规/国际型/连锁型酒店，通常有误会/不清楚之处， 顾客利益在上！,9,9,0.9755656719207764
停车不满意。,9,9,0.9151922464370728
我扫了一下二维码却没有此产品，我想划开发票密码却是假的，我去联系客服却说不在线，真不知道这是不是正品，万一过敏了怎么办？？？,4,4,0.9259001612663269
屏幕是完美屏，但色彩稍差。价格便宜，机器速度还可以 ，送货速度快。,8,1,0.45071908831596375
货还算可以，快递也快，就是今天下单，明天就掉价，取消不了单，坑人,4,4,0.4465239644050598
物品用了一段时间，效果非常差，误操作太厉害，,1,1,0.5448096394538879
一般，到了都漏了不少，希望注意。,4,9,0.2989163100719452
太气人了，洗发水居然是假的，想退货又太麻烦了，京东太可恶了，骗子卖假货,4,4,0.8819306492805481
打折的时候买的，过了一天价格回去了，与当时打折的原价出入很大,4,4,0.5838419795036316
电池６小时续航，不是介绍的８小时．外观不错，2999买的，买后1天怎么就涨价了？这也算是赚钱了？,8,8,0.6517311930656433
掉色太厉害，差评！！！！！！！！,7,7,0.36991119384765625
不知道怎么回事，验货和体验的时候没什么问题，但是装完XP后光驱吱吱的响，正在查找原因，但愿这个毛病是暂时的，要不那可真是郁闷了,8,8,0.9507047533988953
运行时声音很小，散热也不错，LED显示屏16比9的，看着好宽。性能强，漂亮。,8,8,0.9034693241119385
"送到很新鲜的，还是凉凉的，常温保存了两天也没坏，价格也实惠,非常不错，会回购。",3,3,0.849577009677887
裤裤收到了，非常好！腰头踩线不错，不像有些裤子穿上老搁肉，这条穿上很舒服！好评一个！,7,7,0.9911434650421143
"一口气看完《边城》虽然篇幅不长，故事简单，但内容却是短而精然后又想起叔本华的话：“对于人类来说最好的安慰剂就是知道你的痛苦并不特殊,有很多很多人,甚至许许多多杰出的人都像你一样忍受着同样的痛苦和不幸,忍受着这个充满虚无的人生”人经历的痛苦在过去，在现在，在将来一直存在，不同的只是载体。父辈对子孙的牵挂与关爱永远超过我们的想象他们承受着的实则是我们附加于而他们义无反顾甘愿承受的痛",0,0,0.9965741634368896
收到以后大致翻看了一下，目前只学到第二章。感觉非常不错，内容翔实，架构也不错。有考情分析、主要考点、知识框架、考题解析、同步训练及答案解析等，对于我这种主要靠自学的人来讲，可以帮助我更好的理解教材内容，起到事半功倍的效果。有点美中不足的地方，就是印刷的字体稍微小了一点，看起来有些费力，大概是为了给大家节省购买成本的缘故吧？可惜我宁愿花高一点的代价来换回更舒服的阅读。,0,0,0.9824573397636414
超实惠，样式也不错，下次还来,7,7,0.9186107516288757
洗发用品一直都是用沙宣的，效果很好，而且套装活动时候买的很划算,4,4,0.9861516356468201
用过才来买的，很好用，味道也是香香哒。,4,4,0.9557189345359802
机子只适合看视频什么的 只下了3游戏 一个豌豆荚 还有360 游戏卡顿 本人觉得适合老年人解闷,1,1,0.8035949468612671
非常不好用，卡，慢。玩个游戏老是卡出来。本来想虽然只有这么个价钱，但是好歹也是个品牌机，实在是太让人失望了。本来想退货，背面被小孩子弄了一点点划痕，没办法了。,1,1,0.7383633255958557
本本散热比较差，开着游戏时温度直上80，这个要命！！ 还有就是电池严重缩水，续航时间就1个小时过点！,8,8,0.6275362372398376
住过几次米兰了，感觉越来越不好了，问题：1、10楼的宽带无法使用，超慢且不稳，而且请工作人员来了也解决不了；2、多个楼层多个房间的下水不通，且无人问津；3、结帐时超长时间的查房并且不理睬客人的追问。只所以还在住，唯一的是离办事地点近，看来只能远离这里了，找一个好地儿。,9,9,0.9931970834732056
机身外观时尚，键盘操作手感好，支持CDMA1X,2,2,0.8739354014396667
客观评价下：果子太小，也不好吃，还有个烂的！希望京东自营的商品严格把关！,3,3,0.9928029179573059
还可以挺流畅的。预装软件太多。还要慢慢删。对一个用wIFI的平板来说华为会员的各项软件有毛用,1,8,0.5498230457305908
裤子尺码不对……,7,7,0.9852936863899231
挺好，还没穿，但感觉比之前的质量好,7,7,0.9152771234512329
这本书是我08年所读的书中，较有收获之一。书中的一些观点打破我一些惯有观念。作者将二十岁年龄段里出现的迷惑作了一定的个人观点解答。值得处于这个年龄段的女孩看看。,0,0,0.9995989203453064
我也不知道怎么说了反正,7,7,0.3131457269191742
我之前在超市买的洗发水也是清扬只不过没有这么便宜，用了好几年都没有掉头屑，这次贪便宜在网上买的用了一个多月都在掉头屑，本来不想评论的实在是看不下去了！谁用谁知道,4,4,0.9864729642868042
假的 用了 头发特别痒 起头皮屑 坑人 这头发 老痒了 大家千万别上当，一星都不给。,4,4,0.9859976768493652
质量真的不错，款式做工都还不错，是正品，还会再来光顾的。,7,7,0.9567345976829529
家里一直用的清扬洗发水，喜欢这个牌子！！！快递小哥辛苦！！！！天热也按时送达！给个大大的?,4,4,0.516230046749115
想问一下，，耳机呢，，，，差平,1,1,0.46481287479400635
刚买了一天，今天就跌了*，晕死的节奏,1,1,0.3928276300430298
超级小超极小，果肉没有拳头大，都是外面的叶子,3,3,0.9990284442901611
价格适中，11N的无线网卡还是比较快的，1080P也不卡，不错不错,8,1,0.5962342619895935
水果烂了，而且不新鲜。千万不能在京东买水果！！！,3,3,0.9426935911178589
垃圾发货又慢。,1,7,0.8113650679588318
非常不好用，用了头发打结，护发素也不好用。洗完很干,4,4,0.9900826811790466
收到货了，没想到和图中的一样的，裤子超赞的，真是棒棒哒！很满意的一次购物呢！,7,7,0.8700351119041443
发货真的是龟速，1号上午付款的，说是预计2号到货结果一直到4号下午才到。说内存是32G一开机只有21G了，皮套也不好用,1,8,0.4964956045150757
一点都不新鲜 不知道放多久了 不靠谱,3,3,0.9201856851577759
三月底，就这连天的阴雨，上册慢慢读完了。上册给人留下最深刻的印象用一个词概况就是“推陈出新”。在旧有的废墟上建立新的文明，似乎比沿袭旧有的更有生命力和创造力。那么，这对我们这个变革的时代，这个特殊的2009，又有哪些启示呢？下册，介绍近代史，会更多的介绍近代的文明和变迁。读史方知更替，以史为鉴！,0,0,0.9996013045310974
瓶身是脏的，鬼知道这个瓶子经历了什么，，，而且，包裹也不行，好像堆的地摊货,4,4,0.7010352611541748
性价比不错的，应有的设施都有，离皇岗口岸也近的，感觉酒店比较老了点，差不多也该装修装修了，送的早餐在隔壁的酒楼就餐，那个酒楼的管理很不好，订了餐老半天才送到。,9,9,0.9815349578857422
终于找到家好店，服务好，质量不错，下次有机会再来买。,7,7,0.37634292244911194
自己找水电工装上了，还没用呢，以前买过一个，挺好用的。还给了优惠。,5,5,0.7542200684547424
还可以洋酒请桶还可以将就还可以洋酒请请同请同还可以将就将就请哎呀好好好好好好,1,3,0.347436785697937
两个星期收到衣服 很棒 屌炸天,7,7,0.9003951549530029
还没用就不能用了 打开 开机 按屏幕没有反应,1,1,0.9175484776496887
同样是掉色很严重，非常不满意,7,7,0.7656823992729187
感觉像是假的东西，包装上面都是灰，使用起来感觉不是太好,4,4,0.8823075890541077
买3免1抢的，非常划算，质量还可以,7,4,0.5185756683349609
破逼包装 全坏了 漏了也不管 洒了一手,4,7,0.35736972093582153
现在看丁俊晖打球真是憋屈难受啊，还有就是他佩戴的蒙牛那个徽标，看了尤其让人难受！,6,6,0.7745761871337891
京东买比超市便宜，还送货上门！关键是很甜！,3,3,0.8652855157852173
房间很舒适也很干净，周围虽然不热闹但很安静，离虹桥机场很静，平时价格很贵但因为入住时正逢春节假期所以价格超值！！！,9,9,0.9805985689163208
"绝对的市中心位置,对面就是丁香莲,隔壁就是卖最好的湖笔的王一品总店.步行5分钟就是最热闹的红旗路,定的是豪华双人房,因为?",9,9,0.9749191403388977
好用，一直用这个牌子的洗发水。,4,4,0.9947145581245422
一直购买，性价比高。一直购买，性价比高。一直购买，性价比高。,1,4,0.5536015033721924
网络信号太差劲了，经常没有网络上网，卡得要死，还不如我的三星呢,1,1,0.6005089282989502
很新鲜，水份足，好吃，甜中带点点酸，值29元。,3,3,0.9987095594406128
连个耳机都没有，屏保也没有，也太无语了,1,1,0.7907673716545105
垃圾书，典型的伪科学，幸好是帮人带的。,0,0,0.9197036623954773
平安也喜欢喝蒙牛消健酸奶呀！ @蒙牛微客服,6,6,0.9971606731414795
唯一优势是位置。房间太小，过道太窄，隔音太差，加上卫生间漏水到地板，价格却比汉庭高出近100元，实在不值。,9,9,0.9887181520462036
我不会告诉你们盖里面就一个盒子东西来了的时候还摇摇晃晃的我还以*m？什么鬼保护都没有还摇摇晃晃的平板？确定不需要加点东西防振吗？我还能说什么里面除了充电器数据线耳机耳机没有连一个硅胶保护套也没有商品旁边的，赠，字也是骗人的什么东西都没有，看着这个大盒子里面一个小盒子就无语了摇摇晃晃的你们确定东西不会坏？这是平板不是砖头就是算砖头快递的话估计也会碎了吧呵呵呵呵呵呵呵真是一次要上天的购物精挑细选了那么久才选了华为结果也是呵呵了怪我？瞎眼了,1,1,0.8273681402206421
一直使用荣耀X1，现在升级x2，支持华为，好用,1,1,0.920089602470398
东西不错，跟描述的一样，五分好评了！,3,4,0.38571810722351074
快递超级快，快递员的服务特别好,4,5,0.22945889830589294
我买错号退回去重换直接就给我个别的颜色，我让他们给我运费我重新换，就不理我了。,7,7,0.8165152072906494
味道挺好的，就是个有点小，12个都挺好的，没有坏果,3,3,0.9976961016654968
屏幕颗粒感较重；没有录音功能；内存容量小。,2,2,0.8478171229362488
我希望我每次买东西，我的地区都可以有。,1,3,0.39985448122024536
太薄了，以为是加绒，谁知是夏款，被忽悠了,7,7,0.983683168888092
刚以为不错，谁知道买回以后，看了看一点都不好，作者其实不是了解中国女人的，更不了解国情...郁闷这年头什么书都可以炒的很火？,0,0,0.9988981485366821
用着起头皮屑~~~再也不买了,4,4,0.9513581395149231
为了找好吃的苹果，也是为了凑单，所以买了两种苹果，这会儿正在吃，对比之下，甘肃天水的这个（颜色鲜艳，图中较小的）比烟台那个大的好吃许多，水分味道口感都不错。下次会回购潘苹果。,3,3,0.9859632849693298
整体状态来说不错，性价比也还可以。华为还是很不错的品牌。,1,1,0.7851095199584961
不是送吹风机啊，怎么没有,4,4,0.8979670405387878
非常不满意的一次网购，缺果烂果，物流还不给送上楼，只给我了个短信让我到速易递箱取，如果轻货也罢，一个又破又重箱子，我好不容易搬上楼:((,3,3,0.9294030666351318
京东物流很快速，保护的也不错。超喜欢的平板。用了几天来评价，运行流畅。播放的影音，画面也非常清晰。非常好。也赠送了不少实用的配件。给华为赞一个。很好。,1,1,0.9330323338508606
给孩子买的。 没怎么玩,1,1,0.5677193999290466
我也早就不买蒙牛伊利了 早就把蒙牛抛弃了，伊利也是！ 最无耻的就是蒙牛，求抵制,6,6,0.9966989159584045
我昨天刚买了部，对于它的短信确定方式开始真的不习惯，现在还好了。不过性能真的不错，收音机，移动QQ，java，相机==皆有。上网很方便。,2,2,0.7855898141860962
质量不好，想退货,7,7,0.584137499332428
昨天订货，今天就提了，价格保护做的很到位，昨天定的是4999元，今天用价格保护降了100元，够买个1G的内存条了。,8,8,0.9342581033706665
苹果给别人买的，包装很赞，水果不错，朋友满意，我也很开心，可以很快送到就是京东做的最优秀的地方吧,3,3,0.9600825309753418
等了五天_不找客服就一直没货_找客服后当天就发货_也是醉了_,4,0,0.3642544150352478
苹果太小了，剥去外边2层保护膜，一只手拿俩没问题，手大拿3个，随便拿一个照相，连70都没有。这么大的苹果菜市场都没有卖的，建议慎重购买。,3,3,0.9933270215988159
发热比较大，可能是系统没安装好，CPU温度一直在50度以上，电压有时会变为1.3V，不知为什么,8,8,0.9854222536087036
一点都不满意，发货慢，货码数不对L码170，给了我L码175长宽很多。客户超叼。……各种理由搪塞……,7,7,0.7553389072418213
"为什么协程的早餐要68元啊，我上次由于日期预定弄错了，到酒店才发现。总台按协程的价格给入住的，但早餐只要20元就可以了补充点评 2007年11月1日 ： 这次入住的是498的房间，用了早餐(68+10%),协程的标价是68元。酒店的解释是因为用餐之前没有和前台打招呼，所以要收服务费的.岂有此理!!!协程也没在网上要我选择要不要预定早餐啊.我既然是通过协程预定了酒店,而且标注了早餐68的价格,我想入住的客人理所当然会以这个价格为准,和酒店交涉无果,只能交钱走人.",9,9,0.982488751411438
8月1日、2日住了两天，总体感觉还行，虽然设施给人简单的印象但该有的都有而且比较干净。酒店的位置还不错，从机场没有直达的公交，我乘27路到“湖滨南路东”下再打车，车资8.5+1元。交通也很方便，出酒店往右转就有公交车站（“滨南斗西路口”站），到厦大、南普陀、轮渡、中山路都有直达车。早餐的品种不多座位不多，但还说的过去。,9,9,0.9868752956390381
酒店位于别墅区内，适合全家人度假。南楼距离主楼比较远，有时感觉不太方便。酒店南楼的SPA环境非常好，推荐。,9,9,0.9901532530784607
对于1000元左右价格范围来说，选购一款外观功能都出众的手机产品的确是一件令人费心的事情。然而OT332以其完善的功能及极强的性价比使得选购这样一款产品变得容易许多。其彩屏的抢眼，相信年轻人或学生用户群，都会把它作为考虑的对象之一。其显著特点主要有以下几个方面：1.屏幕为4096色 2.WAP功能增强 3.手机待机时间长 4.具有高性能价格比,2,2,0.9635781645774841
口感还行吧，吃着还行，反正一直自营，送货快,3,3,0.9716584086418152
前天刚拿到，性价比挺高，键盘还是一贯的用着舒服，散热效果不错，运行XP速度很快，外观挺漂亮,8,8,0.9705984592437744
第一次的东西是挺好的，再买就是假货了，这款产品我第二次买的就是假的，总以为京东商城的东西质量可靠的，没想也是假货的，同样的我遇见了两次。,4,4,0.439759224653244
房间比较小，但非常温馨，设施全面，房间上网需要收费，但在楼道里有免费上网电脑。,9,9,0.989578902721405
携程在这个酒店的性价比不是最好的，因为后面在火车站附近看到有做活动四星的，价格更便宜，但是做为198元，这个酒店的质量与别的城市三星相比，算是很不错的,9,9,0.9724848866462708
宝贝收到了呢，穿起来很舒服质量也很好，谢谢商家和快递的精心服务，真是物美价廉啊，期待下次还买,7,7,0.8846197724342346
以前也买过10斤24个，现在变2个泡沫箱只有20个了。完全是坑坑坑坑坑。,3,3,0.8317014575004578
感觉洗完不是很顺，头发涩涩的感觉,4,4,0.975519597530365
排线很容易坏，我买了不到2个月就出问题了,2,7,0.4668579399585724
绝不喝蒙牛伊利,6,6,0.9930741786956787
整体印象非常好，只是卫生间隔音太差，楼上洗澡发出的哗哗的水声恍若就在眼前。不过卫生间够大，小沙发也很舒服，服务也不错，还是会来住的！补充点评 2008年5月18日 ： 如果和如家快捷店去对比，那这里简直就是太超值了，洗澡那比如家强太多了，早餐不但免费，品种和质量比如家好多了，结束的时间也晚（10：00）。走廊宽敞明亮，房间又大，以前我还评价隔音不好，在青岛如家住完对比过后才明白，其实这里隔音效果比如家强多了。坐在这里前台办手续（前台服务员还多），既快又舒适，在如家你得站着七、八分钟办完就不错（前台最多两个服务员）。,9,9,0.9919483661651611
回来一看，全是洗发露?以为是洗护合一的，只怪自己没看清楚，拿回家一瓶给妈妈吧，自己也用不了?,4,4,0.9969483017921448
"交通:便利的,随便叫辆taxi,肯定知道的;装饰:格调比较深,风格吧.洗浴用品过得去,浴巾显得旧了;服务:订夜宵,能够给予明确的解决方案,让我们叫外卖,不过要自行通过114查询电话似乎有改进的余地;早餐:寒碜2个字.没啥吃的.同时,超过9点的话,几乎没东西可以吃了.和价位类似的酒店例如梅园相比,有很大差距.也是我在类似住房价位吃的最差的一次早餐;其他:check in 的mm值得表扬.携程电话订后10分钟到酒店,酒店尚未收到传真.能够帮我联系携程,而且态度很诚恳.check out的mm中规中矩.门童,出酒店的时候吝啬于说声:先生好再见 再见之类的话语.可能我吹毛求疵?",9,9,0.9808338284492493
说好的20号，我23号才收到,4,4,0.4961042106151581
这批好差，心都烂了，找客服没人理,3,7,0.4752410352230072
唯独感觉商家预装的linux系统实在用不惯，以前从未接触过。建议商家以后预装别的系统,8,8,0.9078910946846008
设备使用没有出现问题，目前还在使用中，希望以后不会有问题,1,1,0.5118531584739685
家庭套餐的价格确实便宜，套房确实很大，但是硬件确实很粗糙，服务员的态度确实还可以，周末去度假不错，没车千万别去！,9,9,0.9864387512207031
买了快一个月了，虽然没怎么用（毕竟不是手机），平板用起来还是不错的很流畅，4g运存+麒麟950，950的cpu部分还是很强悍的，和骁龙820差不多，系统我没有升级到emui5.0，听说5.0现在还有些小bug而且更费电一些，先用一段时间再升级。,1,8,0.6482020020484924
超级划算实惠。618用了神券抵扣后价格真是惊到了，还送了一瓶护发素。。。很棒。日期都是能用到2020年的。,4,4,0.8871464133262634
两种都买了一箱，个头的确有点相差，都很甜，个个都很好，多次买了，不错！,3,3,0.9849199056625366
苹果挺脆的，水分也足，挺甜的，个头也还行挺均匀的，吃了几个啦,3,3,0.9991588592529297
这沙宣绝对是假货，瓶口都没盖好，还弄到外面了，瓶子外面弄了好多,4,4,0.9238446950912476
包装好，色泽好，口感不错，快递小哥送得很及时赞一个。,3,3,0.9222040772438049
农村里这样的事情太多了！哎 可恨又可气，又无可奈何 回复 气着了吧！ 当年，蒙牛是踩着无数供应商的尸首才把全国的生产厂建起来的，自打2003年起，我再也不喝蒙牛奶，这帮人前道貌岸然，背后一肚子坏水的人是没有底线的。以前没有，以后也不会有。,6,6,0.9798679947853088
太差了，根本就是超市那种放久了，最后处理的水果，再也不会买了，真不是差一点，差得无法用语言描述了,3,3,0.9977685213088989
手机收到，感觉了几个小时，虚电待机时间6个小时，很强大,1,1,0.8662181496620178
一共买了全套，共六本，第一本就根本看不下去，很失望,0,0,0.9960903525352478
颜色不符，质量也差,7,7,0.8728610873222351
买过好多次，质量还不错，以后还会买。,3,7,0.573154091835022
这套书当真可以说是我的中国革命史启蒙教材。以前虽说也学过好多次'，但始终让我无法提起兴趣。这套书写得非常吸引人，很多以前一直比较困惑的问题都得到了解答，看来不管学习什么知识，兴趣的确重要，如果在学习知识的同时阅读一些相关的书籍（最好是趣味性的，但不要胡说八道那种），确实会对更深刻的了解所学知识有很大帮助。这本书用对比的手法为我们展示了毛泽东和蒋介石不同的领袖风采。新颖！,0,0,0.9984013438224792
买的两瓶洗发水，一瓶沐浴乳，就不知道拿一个气泡垫包着，快递摔来摔去的，都不知道漏了多少了,4,4,0.9478713274002075
东西挺好喜欢质量还行。屏幕大爽,1,1,0.8794341087341309
看到了 再也不买蒙牛的了 什么玩意啊 你应该投诉他们,6,6,0.8161424398422241
这包装能在简单点吗？,4,3,0.4134865999221802
发货速度快，送货员服务细心周到，提前电话通知货即将送到,3,4,0.30620187520980835
"定单5216523与6月3号要求处理补发赠品.现在已经20号了,仍然未补发.这服务也""太到位""了吧,买了东西就甩手不管了?难道这就是京东一惯的""作风""?现在都出了大礼包了.要求给一个满意的结果.不要一拖再拖!!!(而且我们拿到手就发现键盘问题,已经拿去修了.才买几天啊?)这些结果都让人都郁闷!!!",8,0,0.25161728262901306
没什么好评价的，跟超市一样的，图个方便，好吃不错！！！！,3,3,0.8957440257072449
味道还不错，快递员服务态度很好，支持京东，一直都在支持。,3,3,0.7178018689155579
速度挺快的，反应比较灵敏，音质不错，希望下次继续合作。价格上应该没有很大优势。,1,1,0.5490887761116028
宝贝收到了，质量非常不错，跟图一样没色差，穿了很合身款式时尚很漂亮,7,7,0.9963064193725586
女同事们强烈推荐看的，我还是不太懂，太多字！,0,0,0.9888725876808167
支持国货，平大，看电视电影特方便,1,1,0.9621424078941345
这个价位，感觉还没有锦江之星好。房间比较旧。隔音不好，可以听到服务员的对讲机声音，有人关门开门都很大声音。热水出得很慢，空调不凉。下次不来了,9,9,0.9951177835464478
买的时候说秒杀，没收到就降价，还说秒杀不保价，真是醉了,3,4,0.6583686470985413
酒店的服务不错，我去是预定的豪华大床间，后来因为没有我预定的房间类型，自动给我升级到商务套房。这点还是让人比较舒服。另外早餐现在也还可以。就是因为距离机场比较不远，飞机的噪音比较大。宾馆反馈 2008年3月14日 ： 尊敬的客人，您好，非常感谢您对厦门丽轩酒店的服务及早餐的认可，对于酒店的软件服务，我们一直在改进。另外噪音问题，酒店于2007年5月份经过重新装修，很大程度上解决了噪音问题。欢迎您的下次光临！,9,9,0.9837833046913147
一点也不修身，而且还有很多褶子，整个裤腿很宽松,7,7,0.9962261915206909
东西很好，比超市买的划算哈…,4,4,0.34921133518218994
相当于招待所水平，没办法才住的，就是因为早起赶飞机。,9,9,0.9928654432296753
苹果很快就收到了，价格比超市便宜，包装精美，吃了一个，味道不错?！,3,3,0.9107618927955627
收到了就打开，里面每个都有水珠。有一个直接坏掉了。,3,3,0.45439082384109497
装系统比较麻烦 还好有许多网友的经验才顺利完成 希望京东能提供驱动碟不用我们自己去下载,8,8,0.9816684126853943
挺好的，材料很好，比较喜欢,1,7,0.5856463313102722
性价比不用说了，4455买的，配置也比较正常些，工作娱乐看电影玩些弱3D游戏都OK。键盘是个亮点，击键幅度小，没什么声音，打字手感不错。不过那键盘容易进灰，所以建议宏友们都去买个键盘膜，现在已经有4736G专用的。,8,8,0.9482611417770386
1G内存用Vista太低了，感觉散热方面还需提高，上次用时硬盘温度升得很快。,8,8,0.994996190071106
虽然衣服有点贵，但是质量确实没的说，很不错的衣服，下次还会光顾的,7,7,0.9952952265739441
感觉很不好，酒店大堂在6楼，拿着行李很不方便，特别是电梯，慢得不得了，还要和很多人在一起挤，到了前台也没有人来接待。下次来深圳肯定一不住这里了。,9,9,0.9958205223083496
这衣服L号的比xxL号的都大，是几个意思，一点都不专业，鬼火死了，只有扔了，建议别买了，坑死了,7,7,0.9917263984680176
我昨天刚签收，系统还没装好。刚开机一小会儿就听到风扇运转的声音，不知散热是不是真的不太好,8,8,0.9284912943840027
"翠花说:就叫我""副处吧""......伍天舒就这样和她成了一样的副处级干部.小说中,类似这样的自我调侃和阿QS式安慰比比介是,也让我们在这种自谑中,体会快感和收获快乐的心情.文字流畅,直白,又有点伪农民似的智慧,让人忍俊不禁,读起来又不用浪费脑细胞,绝对的小沈阳类大片.每个章节里开头部分的伍天舒日记,绝对的神来之笔,好书啊,好书.今天你副处了没,呵呵~~`",0,0,0.9940875768661499
衣服是正品，很合身，也很暖和，值的,7,7,0.9506826400756836
做工出色   性价比高 配置实用  键盘设计 屏幕色彩 外观模具都非常对得起这个价钱,8,8,0.7024216651916504
房间很好，环境也不错，只是个别房间太靠游乐场，早上想睡懒觉会被游乐场的机动游戏声吵醒。,9,9,0.9839857220649719
捡一个星星，因为有两个苹果有点有点有点有点乱，有点很记得，所以要尽量和信心，但是总体来说也满意，苹果不会太小，不过还没吃哦，吃过一以后我就来追加评价,3,3,0.9819992780685425
直接一个套装发过来的，外面有个专门的纸盒包装，没有破损泄露。日期也比较好，期待使用效果。,4,4,0.881338894367218
是帮别人买的，目前为止还不错，一直都是华为的粉丝哟?，快递超快的，京东物流一直没话说,1,1,0.37860503792762756
这是一本可以给我们生活、工作在现代快节奏时代的人的激励书籍，也许刚一开始你拿着这本书时，会感觉枯燥无味、精神质，但只要你耐心的细细品味下去，用心去感悟里面字里行间的意境，你便会从中得到你人生成功的真谛！强力推荐你去用心专研这本书中的内容，你会从中领悟到你人生中意想不到的财富！,0,0,0.9977961778640747
武夷山邮电宾馆提供的免费接站很周到，房间很安静，酒店的回廊可以看到远处的武夷山脉，环境还算幽雅。打车去景区很方便，离附近三姑街步行5分钟距离，可以去那里解决用餐的问题，品尝农家野味，经济实惠。,9,9,0.9858777523040771
活动d时买的，很划算，就喜欢囤货。,4,4,0.8203234076499939
洗发水一点儿也不好用，量也不大。,4,4,0.9769888520240784
本来不想给低分的，在京东共买四条牛子裤，就花花公子这两条不怎么滴，裤长可以将就也可以改短，但是，掉色这问题非常不好，都过了五次水了，还是蓝水一桶，就像污染水一样，买其他两条杂牌的都没有这问题，感觉非常不爽！！！还大品牌，非常让我失望……,7,7,0.961315929889679
裤子特别特别好看，材料摸上去也很舒服，没有什么色差，洗了也没有掉色，而且店家人超级好，服务态度没话说，下次会继续光顾的,7,7,0.9835611581802368
我真的很失望，本来很期待这套书的，结果早上收到的时候发现和我以前买的一套噼里啪啦从书大体相同，只是多了几小本而已，特别失望，觉得这套书白买了,0,0,0.9955267310142517
送来就是坏的，点不亮，也怪我粗心没试就刷卡收货了。搞得我还要自己去话说维修点检测，然后才给换，折腾到现在机器还没用上。在下单的时候有个选项，是否让京东代为试机，点一下就可以了。京东质检部门应该注意一下,8,1,0.5976940393447876
京东越来越垃圾了，也不讲信用，11号下单的时候说12号送到结果14号才收到货，,4,4,0.7430351972579956
没有原版的鼠标，我自己只能另外买了一个鼠标。 还有，电源灯在前面，比较隐蔽，看起来不方便。,8,8,0.893151581287384
模具做工不错，键盘手感好，完美屏，ACER旗下的质量应该可以保证，保修3年，总体性价比很高！,8,8,0.7181402444839478
满分，裤子很合身，店家推荐的尺码很好,7,7,0.9979013204574585
"不干净,飞机噪音厉害，",9,9,0.9557655453681946
用起来蛮不错的，背面金属板很有质感，屏幕清晰，反应还可以。,1,8,0.5418072938919067
一如既往的好，这几年都是买的这家的裤子，穿起来舒服，便宜实惠。,7,7,0.9923914074897766
特别舒服，修身，穿起来不紧绷，弹性十足。客服妹子很耐心，我不知道自己穿什么码数，告诉她身高体重，就能帮我选到合身的裤子，好评。,7,7,0.997893750667572
上海航空酒店地理位置优越，但飞机噪音太大，整晚无法入眠。 房间设施陈旧，下水道堵塞。最主要的是性价比极差，边上的锦江之星比他强多了。 还有就是早餐也过于简单，与它的四星标准相差很远。 我起先委托了叫醒服务，后来因为航班取消我又打电话取消叫醒，但半夜来了两次叫醒，真是受不了！,9,9,0.9973496198654175
"好迷糊的一只兔子呀,我不知道我是谁,很喜欢他迷惘的样子,不断地追问,?我是一只猴子吗?”“我是一只豪猪吗？”“我是一只獾吗？”“我应该住在山洞里吗？”“我应该住在鸟窝里吗？”“我应该住在蜘蛛网上吗？”“我要鱼吗？”．．．．．．可是这样一只迷糊的兔子，在面临危临时却毫不犹豫，飞起大脚，狠命一踢，呜啦，兔子成了英雄了！",0,0,0.8045752048492432
差评差评严重差评。什么新鲜水果。这就是你们自己的物流。,3,3,0.7994701266288757
与图片相差太大,7,7,0.550374448299408
前两次都是入住的精致套房，这次选的是丽家套房B，两种房间价格差不多但差距也太大了，以后要是再去南京一定要选丽家套房B，房间设施方面都比精致套房好几倍。,9,9,0.9814397692680359
原先一直想买非漫画版的，总觉得漫画版适合学生看，但是又找不到纯文字的那种，所以将就买了二十几本先看看，虽然一开始有点不习惯漫画版的阅读方式，但看了几页后就习惯了，并且越来越觉得这种版本比纯文字的更好，有视觉效果，这不，马上又订购了余下的四十多本，不过还缺第一本的，不知什么时候会有货，想买齐，收藏，等女儿大一点，再给她看。总之，值得推荐！,0,0,0.9993093013763428
裤子面料不错，穿的很舒服，发货也很快哦！,7,7,0.9889758825302124
特别失望，两个一大一小，大的让人看着寒碜，小的只有拳头那么大，捡货员，您就不能平均点？？？？？？,3,3,0.6050818562507629
帮同学买的，他很满意，快递还是一如既往的快，不过机子送来什么配件都没有，还要另买,1,1,0.7894027233123779
外壳真是指纹收集器，一摸就全是指纹，好在包装里带了块擦拭布,8,8,0.631840169429779
不错，物有所值！,1,1,0.3504143953323364
挺修身，裤子质感很好，穿着舒服，总体来说感觉不错,7,7,0.9949916005134583
我在这里看到很多不好的评论，比如前台小等。但是我抱着试一试的态度住了进去，发现房间的质量非常好，交通很方便，环境安静而且安全。我准备将此做为我出差福州的常住酒店。这类商务式或公寓式的酒店，就是提供一个方便舒适的住宿，没有其他更多的附加服务，所以实在不必有大前台等。各类酒店适合各类的客人，选择不同的酒店对不同的酒店应该有不同的标准。我想，那些失望的评论人，是误解了这类酒店的特点。,9,9,0.9850216507911682
系统流畅，可以TF拓展，有指纹识别，但是home键不可按设计依然让我觉得很反人类,1,8,0.6845659017562866
1、速度太慢，收发短信要近20秒，比邮递员快不了多少。2、存储一个电话号码要近一分钟。且号码排列无序，杂乱无章。3、铃声太小，公共场合根本听不到。4、是我所用几个品牌中最差的一个。,2,2,0.9848402142524719
酒店地理位置比较好，交通非常便利。美中不足的是设施和服务希望更好些，虽然酒店比较老，但是还是需要与时俱进。,9,9,0.9687172770500183
套装很不错，价格也可以，主要是好用，送了很多小瓶。喜欢??,4,4,0.8987997770309448
外观，做工承袭了thinkpad一贯的风格，用起来很踏实。15寸屏看着明显比14寸的大，感觉舒服，由于放在车里，重量就不是问题了，赠送的包刚刚好。之前在京东账户有几百块钱余额，加上东券的优惠，个人认为对得起这个价格了。,8,8,0.9821016192436218
房间设施很好，服务很周到．特别是门童和前台，很热情．酒店每晚都征求意见，看有什么不满意的，这是其他酒店没有的．,9,9,0.9934238195419312
外观很漂亮 性能也不错 重装xp系统 也没出现什么问题，驱动都装的上的 不过不是sony的 sony只提供vista的驱动 xp驱动需要自已去网上找 呵呵,8,8,0.9837663173675537
不新鲜！不新鲜！不新鲜！皱皱巴巴！极不满意,3,3,0.5941587090492249
快递员态度很不好,7,7,0.8019841909408569
昨天收到货，今天打开看。现在看了，只要*，我买的时候是*真不划算。,4,4,0.7987453937530518
功能多，对一个初用手机的人来说确实不错，如果你会玩电脑，那就更好了啊,2,2,0.5835971832275391
一次买了8台，安装师傅帮我装了接近一天累坏了，店家服务态度很好，我发票和磁卡快递给丢了，店家答应给我复印件底单，还打算再买一台自家用。,5,1,0.3442496359348297
此款机子不为windows xp设计。装机(xp)比较麻烦，折腾了一天总算搞定。不过还是留有不足，就是声音有时有“扑扑”声响。主要还是不兼容的原因，现在就这么用着吧，以后再升级。,8,8,0.7588433027267456
蒙牛纯牛奶换新包装了，支持一下,6,6,0.9970741271972656
这个酒店住过了无数次了，客观的来说是个值得推荐的酒店，曾经的服务给我留下了无比深刻的印象，除了餐厅经理上次吃自助晚餐的时候给我递过名片说下次给我打折，结果我这次又去吃了，他们说要预定才可以打折，所以下次大家要去3楼大厅吃饭记得要预定的，其他还是不错的，推荐。,9,9,0.9824183583259583
三个火龙果烂了两个，而且是烂到这种程度，我相信不是一两天能烂成这样的吧？发货都不看的吗？,3,3,0.9621981382369995
"一开始还挺感兴趣,后来觉得没意思,觉得她思考的东西,看问题的角度,特别不适合我",0,0,0.9957640171051025
已经买两个了，用着还不错,1,4,0.4008515775203705
在中国作假，没有惩罚，没有损失。找到靠山就OK。蒙牛也是如此。前脚高调惩罚，后脚低调提拔。如此下去，希望在哪里？ “现在终于有了”！,6,6,0.9790802597999573
笫二次买了，挺好的，去油，我喜欢!,4,4,0.42269209027290344
确实挺有弹性，就是薄了点这可不像秋款像夏款的?没有异味，质量应该不错，已买的第二条了，唯一失望的就是薄了点,7,7,0.9389969110488892
用了几次才上的评价，我近几年都在用，周边一些朋友也在用，我自己用后头发不干，俩三天洗次头也没头屑，结合赠品或护发素用更好。店家在赠品方面设计的非常人性化，便于出差、旅行携带。又一次满意的购物！,4,4,0.8488197326660156
还是烟台的好吃。很脆甜。个头适中,3,3,0.9988441467285156
大家不要购买此书，不适合国情，绕来绕去就表达了一个观念，要给孩子读书，一本书浓缩成一个章节就可以了,0,0,0.9997367262840271
刚开始还很担心，到手后发现质感，版型都超棒，太划算了，绝对正品客服态度热情周到，大家放心购买吧,7,7,0.9340620636940002
洗完头后有头皮屑，原本都没有一家人用了后都说有了，第一次给差评，第一次觉得这东西不能在网上买，怎么能维权退货？,4,4,0.974604070186615
早上下的单，下午到的，一直都支持京东的商品，质量好，送货速度也很快，我去年买的M2给女儿用，今年自己也买了个M3，感觉不错，M2好用，相信M3也会满意！,1,4,0.6324477791786194
苹果很甜不错，推荐一下，618价格公道！！,3,3,0.8116677403450012
一共住了五晚，结果有窗的大床房比内窗的大床面积还小……还给我分到窗户面对消防队，还不如不换，隔几分钟就拿大喇叭喊人，太吵了！！,9,9,0.9933127760887146
哎呦，中国男篮是蒙牛全力亲情支持赞助的,6,6,0.998552143573761
"再次入住该酒店,令我有种涣然一新的感觉,入住了新装修的房间感觉不错,服务也很好,早餐也比较丰富,下次我还是要住请水湾!",9,9,0.9895071387290955
差，聊视频都会死机！一星都不想给！！！,1,1,0.885555624961853
好，值得购买，用的好下次再来！,3,4,0.48155879974365234
在张江地区的旅馆当中 已是性价比较高的饭店 唯一缺点是交通较不方便,9,9,0.9779351949691772
本来是作为考试参考书的，但读后发现价值并不在此。就考试用书来说显然没有叶朗先生的中国美学史来的精炼，但是作为深化中国传统美学思想的读本是很好的一部书，陈望衡先生不愧为“境界美学”当代领军人物，上中下三部，我得益最多的便是有关中国古典美学“意境”范畴的源流部分。推荐此书为收藏品，很好，不论是做国学的还是做设计的，都是很有参考价值和学习价值的～～,0,0,0.9980291724205017
洗发液都流在盒子里了，包装太差,4,4,0.9685875177383423
这次的感觉一点也不好，定了一天房，因为有事情，下午四点退了房间，居然收了一天房钱，前台服务十分不好，那个男服务生没有水平，希望如家可以过问一下。,9,9,0.986788809299469
给朋友买的，肉疼，肉疼，肉疼，肉疼,4,1,0.3872367739677429
宝贝很不错，正品，质量很好，刚好合身，穿着舒服，老板服务也很周到，快递也很快，非常满意，五分！！！,7,7,0.8496056199073792
好评，父亲节送给老爸的，老爸高兴就好,1,1,0.4424077868461609
去死吧，垃圾食品企业一徐福记、蒙牛、双汇,6,6,0.9362424612045288
还不错，挺好的,1,1,0.38206201791763306
《窗边的小豆豆》写出了一个孩子纯真的童年和质朴的内心世界。也许每个孩子的童年都有类似的想法和心态，但却早早的被所谓的成熟、正确想法给扼杀了。现在的我是个准妈妈，小豆豆给我指明了一条如何正确培养孩子的道路，很感谢《窗边的小豆豆》给我的启迪，很感谢豆豆的童趣，很感谢小林老师的教育模式。,0,0,0.9978476762771606
内容和以往的亦舒小说很不一样，悬疑重重，女主角的命运也太惨了，无父母可依傍，原来的良人一遇上经济打击就退化成魔鬼，伸出援手的友人另有所图，又和朋友的丈夫扯上暧昧，等到觉察出危机已遭灭顶之灾。看得人冷汗都要出来了，觉得女主角某种程度上缺乏决断，性情比较软弱，还未看得透彻就想托付未来以过安定的日子，可惜往往慢了一拍，事情就大不相同。可怜的福在。,0,0,0.9996582269668579
差评，手机耗电特别快，一个星都不想给，不给又发表不了,1,1,0.9410485029220581
"房间太脏,竟然没有热水,本楼服务员说锅炉坏了修理不了,.我要求换房间,既然回答说全部三个楼都没有热水,明显骗人!还说没有空房间了.我说那我搬走不住了,明确告诉那两个自作聪?",9,9,0.9515941739082336
用了之后，发现头变得更痒了，两天不洗头痒的要命。后悔买这个牌子了。退货也不能退了 认倒霉吧！,4,4,0.9512823820114136
活动时候买的，感觉挺合适的，一直在用清扬，挺好用的！赠了几瓶小瓶特别适合出去玩带着用！客服也很贴心！物流速度也可以！,4,4,0.876602292060852
还没开始用，囤货中。想着月子后用生姜洗发水能袪寒,4,4,0.9649185538291931
送LP的，她非常喜欢，外观漂亮，装系统也很方便，跑XP速度很快。,8,8,0.4729235768318176
"这套书是买给外甥的六一节礼物,没想到我两岁半的女儿对那本恐龙的尤其喜欢.不过她看还是太早,端午节回老家给外甥带了回去,当时小家伙没表现出很喜欢,不过等第二天上午他一口气看了三本,小学一年纪的他,基本上可以自己阅读.....小家伙很喜欢,我自己本人觉得这套书能增长孩子的见识,开阔孩子的视野,尤其适合上小学的孩子阅读.",0,0,0.9996243715286255
"服务很好，设施也蛮不错的，但房间隔音实在太差了。宾馆反馈 2007年12月28日 ： 首先非常感谢您选择东方大酒店,也非常感谢您给我们提出了宝贵的意见,酒店近期楼顶正在加层建造西餐厅,施工初期会有一些噪音工段,同时我们对工程施工时间有明确的规定,正常休息时间内是不允许施工的;再次对您表示诚挚的歉意,东方大酒店在不久后又将会以全新的形象迎接您的再次光临!",9,9,0.9768367409706116
读书后学了好多知识，使用起来也很方便,0,2,0.5628072023391724
1.外观的确不错2.输姓名的时候把名字里常用字放前面，比较为人着想。因为我的卡补回来号码全没了，100多个重新输过，体会比较深刻。3.声音不错4.键盘设计的不错，按起来舒服5.不知道是不是我的运气好，看人家都说只能用1~2天，我用了两天电还是满的。晚上不关机。嘿嘿,2,8,0.4075877070426941
酒店确实很差，而且价格很贵！山景房居然就是对着一个小秃山，实在是无语！！,9,9,0.9827073216438293
不错的酒店，本人经常入住，对周边及酒店环境都很熟悉。,9,9,0.9510965943336487
我很喜欢华为，京东真的很快，下次再来。,1,1,0.5579833388328552
商品不错不错不错不错，还会再买一个，好用,4,4,0.39159634709358215
一直信赖，一直在用，这次一次购齐家用旅行都OK，值得购买！,4,4,0.6083788871765137
真的是很普通的一家酒店，不应该成为在香港的居住选择。因为：1、在一个小巷里，很难找；2、价格奇贵，且房间又小，也就是国内很小的单人间也敢叫标准间；3、前台服务冷漠，老对大陆人翻白眼。,9,9,0.997569739818573
清扬大品牌值得信赖！好用，味道清新。,4,4,0.949619472026825
"因为在萧山开年会,所以预定了这家酒店,虽然叫宾馆,但是感觉真的是不错,很漂亮,虽然叫4星,其实感觉已经够5星标准了.只是觉得杭州的出租车很难叫,4点30就",9,9,0.9891281723976135
这苹果打了 一堆 腊 ? 一个苹果用刀刮出的腊能吃饱,3,3,0.9449776411056519
这是海底世界，有用一次性纸杯、纸盘、圆桶做的小鱼，各种形状色彩、有用一次性餐盒做的螃蟹、还有将蒙牛酸奶盒做的氧气桶、用饮料桶做的海底通车隧道……老师们的手真真儿的巧啊！,6,6,0.569648027420044
热水器是正品，质量不错，价格很实惠，的确是物美价廉。热水器很漂亮，配的配件齐全，安装后使用了一下，加热很快，很好的产品。,5,5,0.904263436794281
差差差差差绝对盗版！！我一直用8买的沙宣好好的！这个我洗了一次现在头发像打了蜡一样！！怎么都洗不掉我真是气死了！！！,4,4,0.5374251008033752
2g拖vista还是有点吃力的，后盖里面金属框架确实有点像翻新的，寒一个。,8,8,0.8315948843955994
房间又脏又擦，厕所还有味道,9,9,0.9792736768722534
很好的机器，买了好几台了。趁价格便宜，赶紧再给同事入手两台。,1,1,0.47034695744514465
第一，像素真的是渣，还不如我破手机，真是受不了，第二，看视频的分辨率太低，看的不舒服，第三，连接wifi总是很慢，和其他终端相比差远了,1,1,0.4867139160633087
像大家说的一样，只看了一眼漂亮的钢琴漆，接下来上面就布满指纹了。 取消了键盘灯，有点遗憾,8,2,0.6048584580421448
苹果很新鲜，水灵灵的。迫不及待吃了一个，水分特别多，皮薄肉脆，甜酸适宜，是我喜欢的！物美价廉！已经推荐给朋友。吃完再买！,3,3,0.9967612624168396
将就用，有点长，宽度不够。,1,7,0.3600468933582306
偏大，还有发货太慢了，五六天才到，本想送来不去拿了。想想在京东半个月就买了*西，如果这两天的货又五六天在到，就拒绝收。,7,4,0.2732873558998108
很好，性能不用说，快递特别快，服务周到,1,1,0.4330374300479889
首先酒店本身很隐蔽，在珠江公园北门对面的小区里面，所以周边环境很好，酒店本身只有1、2两层，客房的话房间蛮大，没有叫餐服务，浴室没有浴袍没有护理包的，隔音效果很一般吧，整晚都听到隔壁敲墙的声音～我也是很纳闷啊?，还有我是住两晚的第二天早我挂了清理房间的牌在外没有人来，后来想可能是开了请勿打扰的灯也算了，下午我关了灯特意打电话到前台让清理房间，晚上回来还是没有人来清理，这点很过分的。再说早餐，如图吧，我也是醉了，不在酒店里面，出酒店40米的一家小餐馆～东西真是少的可怜?，连茶水都是自己用茶包冲的啊?！珠江新城这价钱算中等的了，但星级我认为只能平3星，想住便宜的亲们还是住酒店公寓吧，想住奢华一点的还是考虑别家吧，我觉得一般般，仅此一次了。,9,9,0.9854279160499573
国产品牌里很不错的一款平板，也是华为做的比较好的东西，尤其是音效，就像家庭影院一样，很大声，有环绕立体声的品质，其他的功能、速度、灵敏度都很好，指纹解锁超快，看片听歌什么的足够了，真不用花那么多钱非得买个苹果的，买的很满意！,1,1,0.9298946857452393
没光驱 体积是１３寸的。屏幕显得很小。 系统不好，分区不合理。 １ｇ内存太小。 不送鼠标。不知道怎么想的，送个鼠标能赔本吗。 价格稍贵， 集成显卡，玩不了游戏 没有内置猫,8,8,0.9551381468772888
第一次来东营，第一次入住东胜海天，整体感觉还不错，很气派的大堂，服务和早餐都不错！嗯，值得推荐，下次出差还打算住这里。补充点评 2008年5月17日 ： 补充一下，我住的是高级单人间，面积很大还有长长的走廊，有点像套房的感觉，强烈推荐。,9,9,0.9941526055335999
"房间设备陈旧而且不齐全,一点也不象四星的酒店.所以房价显高.我就不明白河南的所谓四星级酒店凭什么比成都、南宁等省会城市的四星房价还高。",9,9,0.9908171892166138
滴滴好品质，让蒙牛牛奶伴您健康快乐每一天。,6,6,0.9944387674331665
酒店的地理位置还不错，并且有免费的班车接送我们往返酒店和机场。酒店的设施算陈旧了，但东西配备的算齐全。洗澡的花洒是坏的，浴缸的水道是堵的，洗澡时水流巨慢，就住一晚上也懒得换房间了。,9,9,0.9928516745567322
这什么玩意？垃圾桶里拿出来的吗？,4,4,0.6079105138778687
晕了。7月7号买的书。20多天了还没到。我又不是住在月亮上。,0,0,0.9046486616134644
大堂门口外管理停车的保安不尊重客人，一辆市府领导的车停在对面，那一长条的车位就不准停车。更重要的事出言不逊，“这地方是你社会车辆能停的吗？”真让我在美国同事（懂汉语）面前觉得丢中国人的脸！,9,9,0.7431948184967041
不得不说，我快递哥们真心给力，?我京东上公司和家里的地址都留着的，快递小哥都认识我了。每次送货前都问我在不在地方，不在的话就帮我放在哪里或者改天再来，给快递小哥点赞。商品当然也是666，我很喜欢，大小很合适。,1,4,0.36982548236846924
原来我爱的优益C是蒙牛的、内蒙古老酸奶是蒙牛的、特仑苏是蒙牛的、真果粒是蒙牛的，还有最爱的小布丁也是蒙牛的，蒙牛啊，原来我爱了你那么多年……@蒙牛微客服,6,6,0.9992971420288086
看到后来，儿童多动症的一节，觉得真是疯狂。好象看到过尹建莉的某首诗，不知道是否记错？所以看过简介后买了这本书。确实不错，向妈妈们推荐。,0,0,0.9994082450866699
不错，支持国货,1,1,0.9296898245811462
浪登品牌不错，弹力很大穿着舒服。,7,7,0.976323664188385
很好，衣服料子很好，摸着舒服，就是L 码比以前穿的大一点，其它都好！物流也快,7,7,0.8824279308319092
降价太快~  早找到就多等几天了  才一个月就降了500 现在还送无线路由器。哭~~~,8,1,0.573266863822937
洒了.瓶盖能拧紧点吗？能用点心吗？,4,4,0.9127832055091858
我购买时候 界面就是有赠品。 看了好几篇。现在客服说没有。 怎么看好的东西就没有了。,4,4,0.5820878148078918
苹果不新鲜，太干了，太小个，还有部分坏了，差查差差～～～～～,3,3,0.9919539093971252
大 好大 真的大 大到无法掌握 感谢赠送的小礼物 还有200G流量王卡 很喜欢,1,1,0.7127987742424011
物流快，包装新鲜很好，大棒了。,3,3,0.5039493441581726
第一次从网上订房确实很迷茫，不知道住哪家比较好，通过看携程的介绍加其他住过的客人评价，最后还是选择了离火车站最近的城市青年酒店，事实证明我的选择时正确的。总体来说我对本次的旅程非常满意，酒店整体设施比较完备，环境较好，最主要是方便快捷，如果说下次旅行选择订酒店，我还会选择城市青年。,9,9,0.9806729555130005
不带，机子质量蛮好,1,1,0.7712610363960266
刚收到货就是霉的烂的，不想多说了，再也不会买了,3,3,0.4923636317253113
不知道这面料得多垃圾，洗出来那味恶臭，洗了好多次都一样，不敢穿都,7,7,0.99574214220047
《台北故宫》一书是纪录片的文字化，分为几部分，如果你是先看纪录片再看书的话，会觉得前两三个部分的内容很熟悉，因为大部分在纪录片中已经看过。个人认为书中后面部分很好看，介绍了台北故宫的最有名的文物的一些小故事和一些与台北故宫有渊源的人物，比较有看头。看书介绍文物的同时，还可以配合纪录片一起看，是视觉与感受得很好的结合。如果先看书再看纪录片的话，应该会知道哪些是纪录片中重点看得内容。,0,0,0.9993637204170227
有点厚有点重，电池一般般，另外相机不可以抓拍，相素低，价格也不便宜！,2,1,0.5220128297805786
还不错，虽然和苹果不能比，这个价位的也没得比了，同等的价位很不错了。,1,1,0.7298128604888916
m3总体来说，非常棒，评论里面说的拖影确实是有，我现在是EMUI5.0，图片包括弹幕是存在拖影的，我平时是关闭弹幕看的，拖影很伤眼睛！！但是m3给我的感觉很值，玩游戏不卡，屏幕很大！,1,1,0.655843198299408
内屏材质为STN，不及主流的TFT！铃声音色不好，高音时还有失真现象！不支持MP3播放器！机身内存小，只有1.5MB！短信容量小，只有50条！短信不支持群发！电话簿项目少！,2,2,0.9960066676139832
"晚上10点钟到达宾馆,前台一名女服务员告诉没有接到携程的传真订单,并且态度恶劣,说已经没有标准间了,只能住套间,我们与携程取得联系后,前台翻了翻管理极为混乱的订单后,告诉我们说我们已经入住过了,简直可笑至极.后这名服务员给我们的房间还是标准间,(之前说没标准间),但都是靠楼边的,房间很小,每间房内高高耸立着一个大柱子.客房服务员也是冷冰冰的,客人要求送物品到房间后向其表达写意时,服务员都是板着脸扭头而去,建议酒店应加强单据的管理及服务员业务的培训.",9,9,0.9891955852508545
首先声明，差评和沙宣和邮政物流无关，主要是京东自营的问题，挂羊头卖狗肉，京东自营让邮政派送，东西没收到，系统却显示签收，打电话说是专员处理，告诉我5-7天，把责任推到邮政身上说处理的慢，其实就是京东推脱，我自己后来找到单号给邮政打电话，邮政很快就送到了。现在京东做的越来越大了，服务是越来越差了,4,4,0.45883065462112427
好吃，很好吃，口感很好。第二天到货，挺快的。一盒12颗只有一颗有点碰伤，还是可以的。,3,3,0.9585937857627869
东西还不错，和原来的味道一样，期待效果,4,4,0.5394147038459778
第一次住这里，之前有同事住过，所以觉得应该还可以，没想到：1、门童非常不主动，门口站着几个门童和保安聊天，不理客人，要我自己站到大马路上去拦车，可恶的是，我拦到车之后，门童居然从门口跑过来说是帮前面客户拦的车，眼睁睁看着他把车引到一个老外面前，我快气疯了；2、游泳池一般，但是旁边的按摩池看着就很脏，不能用的，更衣室那个脏。。。3、送餐可供选择非常少，第二天清洁客房的时候，用过的餐具居然不收走；4、上网很慢，而且我房间的网线坏了，叫了n久才有人来换；5、我住的房间靠街的背面，本来应该是安静的地方，偏巧后面是个大工地，半夜不休，晚上两点多还有打桩机在勤奋工作，酒店几乎没有隔音，那叫一个吵啊，两个晚上都是捂着耳朵睡的；6、半夜十一点半的时候，突然有服务员按门铃，赶紧套上衣服去开门，结果说按错了。。。。。。。。。疯了；7、说到最可恶的地方了，我check out的时候忘了一个发箍和一个包装好的熏香炉，因为赶飞机，所以打电话说好过几天回去取，第二周我同事帮我去拿，说发箍和橙子放在一起，被弄坏了？？？（听着就很恶心）那熏香炉呢？酒店跟我同事说会主动跟我联系，至今几个礼拜过去了，没有人找过我！这是什么酒店啊！每次住酒店总有些满意不满意的地方，但是深航这次实在是恶心到我了，不吐不快。仔细回想起来，基本是无一是处的酒店，大家千万不要住，这个价格也不算便宜，我在深圳住过比这性价比高的酒店多的是，而且携程的价格也不便宜，后来听人说很多单位都有协议价格，想想很不划算。,9,9,0.9974531531333923
随着年龄增大，头发没以前多了，看别人说最好是用无硅油洗发液，第一次买，不知道怎么样。,4,4,0.9771596789360046
我在京东华为官方旗舰店买到了翻新机你敢信？问客服，客服没有给解决方式，而是让我去投诉，摆着一副老子大公司不怕你投诉怎样的架势，卧槽，真是吓死我了。17年三月买的手机，打开机器，上面却存着15年的上个机主的照片。。难道像我们这样的平民遇到了这样的公司就真的只能认怂了吗？希望看到此评论的买手机三思。。真是无奈的呐喊，以下配上证据截图，因为是给老爸买的，所以照片都是他发给我的,1,1,0.7367377281188965
本机MP3功能较全，音质也不错，各项功能齐全，性价比较为突出。,2,2,0.9726414084434509
不知道标题里写买一送一是什么含义，实际并没有赠送，像这种误导消费者的行为，京东这个级别的电商还使用?未免太低级了。本次购物十分失望。如果有零星的话肯定是零。作为长期在京东消费的顾客来说，被欺骗的感觉更强烈。,4,4,0.3951307535171509
白色穿起来更简约时尚，效果不错我喜欢。,7,7,0.9953035116195679
房间晚上有飞机起飞所以很吵可以提供免费巴士去机场房间有点老旧离机场还蛮近的,9,9,0.9937875270843506
垃圾，七天才送货。刚刚送货来，刚买完就优惠了，估计是小米出平板2了。才收到货，就赠送充电宝，还手机上买便宜40大洋，要不是我在外地，铁定选择退货，什么玩意儿..........从今天算起，回到家不超时间就退掉.....,1,1,0.6449456810951233
没有深度。更关键的是单词根本记不住。很是怀疑排行榜的真实性,0,0,0.9688326120376587
还没用但是这个送货素质真不咋地,4,1,0.3523819148540497
水分足，甜度高，口感好。值得推荐！,3,3,0.9639256000518799
入住蒋家别墅大床房，设施完善，庭院具有苏州园林的风格，比贝氏做的苏州博物馆强多了！不愧是苏州的“国宾馆”。几点遗憾：1、所谓的大床不是2x2的大床，带个小孩子肯定辛苦；2、中餐厅总是有宴会，动不动就包出去，只好到街上去吃饭。题外话：1、苏州的女孩子好像不会笑，两天下来，整个院子没看到一个女孩子能对客人微笑的，到是男生都很客气；2、几家有名的苏帮菜餐厅好像都是国营的，尤其是北门的那一家，下午一点去，告诉说厨师下班了，第二天再去，满屋的乌烟瘴气，那个女的告诉说到别的地方去吃吧，很不客气。观前街的两家，一家是有最低消费，另一家去晚了就得吃“锅底饭”了。,9,9,0.9555103778839111
看到了书，首先感觉内容杂乱，一开始好几页互相吹捧的话，然后好几十页废话，接下去一会儿谈谈这个、一会儿谈谈那个，还偏要按个标题，把每段里面的话重写一边，浪费纸张，（如果要着重表示完全可以用黑体加粗印刷），人为增加篇幅，增加页数，提高定价。内容也不实用，感觉上当了。,0,0,0.9993150234222412
还行，用的很方便，屏幕很大，使用起来很方便,1,1,0.8772132396697998
洗发水洗完头发一点都不顺滑，涩涩的感觉，所谓的电商套装到底是不是正品？反正跟超市买的用起来不一样，以后再也不会买了,4,4,0.993579626083374
先吐槽下京东的包装，一个填充物都没有，真担心会摔坏。然后平板很赞，做工手感都好，音质也好，屏幕清晰色彩不错，不玩游戏，配置对我足够用，而且基本不发热。,1,1,0.838320255279541
包装不好，太简单了。都能打得开。,1,4,0.40232768654823303
难吃死了，又苦又酸，是西柚么？？？？？？？也是醉了,3,3,0.94639652967453
京东商城购物方便快捷，快递给力，服务真诚，信誉第一。,4,4,0.6456303596496582
刚收到货玩了一下感觉不错，送货员送货速度也快，特别是京东的客服服务很好。,1,1,0.5759498476982117
不错偏小 甜 经常买 真的很便宜,3,4,0.523280143737793
还可以吧我感觉卖的东西都比别的都贵能便宜点就更好了,4,7,0.29590973258018494
原以为Windows Vista 家庭普通版的软件很难用的，兼容性差，谁知一上手还是很好用，原来想装得东西都装上了，出乎意料之外。,8,8,0.8227151036262512
不错的酒店。就是早餐水果太单调。宽带直接连电信网的，速度很快。,9,9,0.9610136151313782
拉 及 卖家，卖jia冒产品，衣服上挂的品牌和自己卖的品牌不同，我已经申请专业打jia，没想到京东商城也有jia货！,7,7,0.5138554573059082
货已经收到了，用了一段时间了，也不知道真假，瞎用吧,4,4,0.7974562048912048
水货，太差了不满意,1,7,0.36179766058921814
"京东对产品太不负责任了,产品坏了催促维修进度慢,不负责任",1,1,0.3943521976470947
感觉假的吧，头屑多的很,4,4,0.9476985931396484
"前几次和朋友一起住过这家酒店,总体感觉还不错停车很方便.这次到宜宾还是选择住这里.酒店的地理位置较好,交通便捷,周边较热闹。晚上旁边有烧烤，吃住都很方便。大堂装修还可以，房间略显陈旧，服务质量还将就。",9,9,0.9903773665428162
酒店距离九寨沟景区仅仅2公里，附近是各式各样的酒店和购物街区，出行很方便。服务素质很高，早餐品种丰富，性价比不错。,9,9,0.9921242594718933
帮朋友买的，物流超级快,1,1,0.36843934655189514
买来要自己装系统，麻烦！ AMD散热不太好！ 反应有点慢！ 价钱和我们这边的商场差不多！没实惠！,8,8,0.5076649188995361
Fn键在最边上很不习惯，容易和Ctrl键混淆，音响在键盘两侧不舒服，不适合合上屏幕听歌，声音也一般般，可能驱动不兼容XP吧，安装驱动都可以在随机光盘中找到，但是无线网卡似乎不行，安装了驱动精灵才行的,8,8,0.940517783164978
就是老了点，个别房间窗户小，隔音差，其他很好，毕竟是老牌三星级吗！,9,9,0.992355465888977
清扬去头屑不错。京东自营放心，是正品，在农村，送到家门口。,4,4,0.9483355283737183
华为正品，M3很好用，第一次开机连wifi直接升安卓7.0，华为系统优化的比较好。京东服务放心。,1,1,0.740556538105011
特价房太差,9,9,0.9774772524833679
中国消费者对蒙牛的信心是催不毁的,6,6,0.9958345890045166
穿上效果还好，大小也可以，整体还行！就有味太大了！,7,7,0.9987990856170654
苹果是最受家人欢迎的，又新鲜又脆，一会儿抢光了。很赞！,3,3,0.9948295950889587
"?小时候感觉最难的就是做一个孩子.??你吃了多少糖果,你就会掉多少颗牙齿.??大人只相信自己看到的.孩子只相信自己想到的.?非常有感觉的句子,仿佛看到过去的自己的某一些点滴,某一些记忆的碎片.看着现在自己的孩子在逐步成长,再看看这本书,也许我对孩子的要求就不会那么高了.能够自由的成长,享受真正快乐的童年.在长大后不觉得童年的记忆除了复习,考试就是大人的责骂,就是我现在努力的方向.",0,0,0.9984999895095825
该酒店的价格和实际提供的服务相差比较大。暖气不够热，在房间里需要穿着毛衣、毛裤，甚至有时候需要盖着被子。客房偏小，而且设施陈旧。优点：离火车站很近，步行过去只需要5分钟左右。,9,9,0.9941049814224243
99一瓶太贵了，京东的产品太贵了，不是说买一大瓶送一小瓶吗，被欺骗了，还套装，套你妹啊,4,4,0.9383927583694458
酒店旧了,9,9,0.9203011989593506
运行速度太慢了，京东的服务也差劲，购买商品时申请发票，结果没有，信用呢?以后再也不到京东买贷了。,1,1,0.739516019821167
太恼火了！发货地址和收货地址都是在成都，我18号买的东西地址都给我送错了，打了几天的客户中心才吧快递给我送过来。物流太慢了慢的简直和乌龟一样，而且东西没有想象那么好，没有之前在超市买的清扬好用,4,4,0.6548425555229187
还没洗过就掉色？穿了2天，我的白袜子上已经有了明显的蓝色，我的手机放在裤兜里，耳机线上也染上了蓝色，这太夸张了！以前没买到过掉色这么夸张的裤子！,7,7,0.9934893846511841
前台服务不错，主动向客人介绍酒店设施，check in &out速度也比较快，不足之处，淋浴出水量比较小。,9,9,0.9939776659011841
不满意，都起毛了，有点白,7,7,0.9651567935943604
标题有吸引力，内容浅薄无聊，对学英语帮助不打。,0,0,0.9767599701881409
到的那天 系统坏了 排队等了半小时 房间很旧 插座很少 被子有点潮 被套有几个破洞 被子掀开还有之前住客的体毛 除了地理位置好 其他没任何优势,9,9,0.9959088563919067
你看看这裤子脱色况，我真受不了？这么垃圾的裤子！,7,7,0.9860929846763611
3G运存，操作反应还是比较快的～,1,8,0.6960380673408508
1300万像素照出来的效果发白，发污，跟同事同款设备对比明显能看出问题，客服检测人员愣是说没问题，说是对比他手上的其他设备只是微小差别，劝他赶紧看看眼睛去，免得严重了。不会再买华为设备了，如此不重视客户的服务，着实让人心寒。,1,1,0.8791114687919617
包装还可以，之前超市买的同品牌，还大些，价格也贵些。怎么说呢，一分钱一分货吧,3,3,0.47053712606430054
没有QS标志呢，是什么情况？是不是假冒伪劣之类的？谁能给我解释下？,4,4,0.4517594277858734
我觉得本本还是不错的，但没想到买到康柏的，虽然现在是HP的，但还 是有一点失望。,8,0,0.7174203991889954
从2007年开始买**，对**失望来京东，发现京东坑更深，看过不是评价，发现京东带图评价基本都是水军。生鲜买了不少，大部分失望，这苹果在万家也就4块每斤的货色。生鲜不值得去京东，因为你看不到实物，图片都是假的，评价图片基本也是假。，生鲜不能退，本身就是坑。,3,3,0.4859599769115448
卡，像素差。,1,1,0.66591477394104
是正品，特别便宜，买买买，物流特别给力，今天订的，明天就到了，啦啦啦，，，，，，,4,4,0.7010858058929443
因为只住了一晚，所以没什么感觉，差不多四星吧。大堂的地砖很漂亮。房间小了一点。,9,9,0.9913894534111023
不好快递也慢还是旧的还有个洞,7,7,0.4694450795650482
"这本书里面的搞笑的根本就是假幽默,一点也不好笑..........可以说很无聊",0,0,0.9937407374382019
裤子收到了 质量好 穿起来很舒服 店家服务态度也很好 不清楚的地方都会细细解说 包括裤子应该怎么保养 喜欢 值得购买,7,7,0.979425847530365
酒店很赋予时尚气息，前台小姐热情活泼。也要感谢漂亮的宾客经理秦小姐的热情的服务。总之，整个酒店感觉很温馨，来木棉花是明智的选择！宾馆反馈 2008年8月12日 ： 非常感谢您对我们工作的支持和认可，同时也代为转达秦小姐的谢意，期待您的下次光临！！,9,9,0.9394433498382568
买了四箱，尝了下，同事们都说好吃。,3,3,0.9905201196670532
图片上的洗发露明明比护发素高出一截，收到的跟图片不符……,4,4,0.8982977271080017
下午刚收到货，京东就是快，昨天晚上下的单，应该是丨丨点就收到了，快递小哥辛苦啦！东东刚打开，之后会追加的,1,4,0.799823522567749
味道挺好的，清香，不用担心有生姜或者药味，因为一直掉头发买的，也不知道有没有效果,4,4,0.9773804545402527
十月二日晚入住，前台小姐态度冷淡，到了三楼的标房没有电梯，走廊很闷热（没有空调），房间内设备陈旧，没有吹风机，就是招待所的标准，哪是三星级的宾馆哦！　　晚上吃了饭回宾馆，１０点左右宾馆已关门，没有服务人员，要自己叫开门，晕死，就这个服务，还收４９０的房费．　　不建议去天目湖的游人选择这个宾馆，物不所值啊！,9,9,0.9923200011253357
不好用………………11,4,1,0.3571372628211975
"待机时间太断,垃圾....",2,2,0.7132611870765686
"酒店环境非常好，但是交通非常不方便,只能打车,或者走到山下坐118路公交也能到中心区和景点.附楼的标准间还是很干净的，200多的价格也很合理,不过,早餐真的是很难吃.而且,服务员的态度确实不好，尤其是前台的服务员.",9,9,0.9932736158370972
不好 不好 不好 不好 不好 不好,4,1,0.3685496151447296
垃圾短袖，地摊货，,7,7,0.9487810730934143
太差劲了！和下单的不一样，和图片也不一样！京东也这么坑了？简直就是欺骗啊！,4,4,0.45291921496391296
自带的vista系统不满意，更改xp系统，遇到pci简易通讯控制器驱动安装不了的问题。希望京东技术客服能给我们一个完整改装xp系统的方案。,8,8,0.9862030744552612
这能吃，小就不说了，一共12个，3个坏的，物流一分,3,3,0.9921270608901978
颜色相差甚远，物流比较慢,7,7,0.8042295575141907
总体来说不错，期间降价给我退了差价，给京东点个赞！,1,1,0.5436009764671326
假货假货假货假货假货！！！,4,7,0.42598143219947815
一直用这款洗发水，以前都在超市买的。这次第一次京东买，很怀疑买到的是假货，因为味道不一样，洗过头发也不一样。之前买的洗完头发很清爽，就是涩涩的没有硅油的那种效果。现在洗完，头发是油涩油涩的那种没洗干净的感觉,4,4,0.9976209998130798
由于位置关系，一些时间不太好打到车，当然这不是酒店的错。,9,9,0.9874923229217529
要求更换物品，4月份已经寄回你方了。到现在没给我任何回复。钱早给了。东西也没有，回复也没有。有这样做生意的吗？这样的交易还需要评分才能发表。垃圾！！！,7,1,0.25343042612075806
为什么申通快递要另外收费。,7,4,0.33128055930137634
总体还是不错的!就是预装软件有点多!速度也可以性价比还是比较好,1,8,0.6557880640029907
上午10点买的，下午4点就到了    但是怎么好像不太一样？？？发膜呢？,4,4,0.9822928309440613
料子挺好的，有弹性，而且颜色和图片上的一样，没有色差。其实挺害怕买的颜色发过来发现不一样，不过没事，这件裤子没色差！'很棒！！,7,7,0.9684669375419617
其实蒙牛挺实在，心里怎么想的，嘴里就说出来了，而且还告诉了全世界,6,6,0.8650267124176025
包装贼特么差劲！！！！里面居然一点保护都没做～原包装外面套了个破纸壳箱子就给我发来了？？？？？？在里面直逛荡！！！！几张破报纸你都懒得放么？？？？电子设备你就这么发货？？？？我买几本不怕摔的破书人家还知道外面包点气泡袋子呢！！！给你一星都嫌多！！！！,1,1,0.28937214612960815
衣服不错，质量很好，面料舒服，颜色漂亮，大小合适，值得推荐，老板服务热情。,7,7,0.9908223152160645
AMD的处理器发热偏大，显卡好像不支持VISTA的半透明效果，效果大打折扣，本身性能也较低，要是有intel+nidia的版本就完美了。,8,8,0.9749187231063843
环境非常恶劣，没有空调，房间昏暗潮湿。保证以后再也不去住了！！！,9,9,0.9894664883613586
原先看了别人的评价，做好了不怎么样的准备，到了之后真的有惊喜的感觉，在富豪酒店住了3天，（我们也是住在三楼，）房间虽然不是很大，但也够住了，房间是新装修的，很不错，也蛮有情调的，四面都是镜子，感觉不错，服务人员的态度也还是不错的，第一天到酒店时，忘了行李，酒店还专门打电话询问呢，一个老先生还帮我们收好了行李，CHECK-IN 的速度也很快的，也没有什么说普通话被歧视的感觉，交通离地铁远了些，但周围公交和小巴很方便，我们一共去了五个人，所以打车去地铁站比做小巴和公交合算，周围的又一城和新城都是购物的好去处，附近的小吃，茶餐厅，甜品店很多的，一家叫口香舌滑的甜品店里的榴莲飘飘很不错的，总的来说，这家酒店的性价比还是很不错的，以后还会去的，另外在酒店还可以定去迪士尼的直达车，也很方便的。周围环境不是很现代，但也没什么影响。,9,9,0.9759373664855957
我订的是高级江景房，就在三层，说实话，真的没什么江景可看！下午开始下大雨，阳台上全是水！那天三层在开会，结果整个三层很浓的烟味！晚上开始有人大声吼卡拉OK，房间还不隔音，好象让我也身在卡拉OK中！而且还有人在叮叮铛铛的装修！打电话到前台，说肯定没有人装修，至于卡拉OK，她们会打电话过去叫声音小一点。过了二十分钟，两种声音如故！打电话给大堂经理，说马上到房间查看。等了半小时，什么人影都没有！来了一个电话，说是装修肯定停了，OK的话尽量叫他们小点声吧。只好自己祈祷吧！谁叫咱是在中国呢，咱消费者才是弱者啊！而且该酒店的交通非常不方便，基本没有出租车，准备乘公交车吧。,9,9,0.9932234287261963
买的时候立减100，刚买完没两天就立减200了。还捆绑销售一些没用的东西。。心情不美丽。手机不错，,1,1,0.8538805842399597
快递很差劲、到了也不打电话、两个包裹一个今天才找到,4,4,0.42689430713653564
Midea/美的 F50-15WA1 电热水器 50升 热水器 电 储水式洗澡淋浴,5,9,0.5090287327766418
这是我帮同学订的，之前我已经买过一本，挺不错的。,0,0,0.9970376491546631
买的是正品，质量很好，京东商城的价格便宜多了。,4,4,0.5449355840682983
昨天刚买的怎么外壳合不紧啊!手轻轻一动咔咔咔的想，有退换吗？,1,1,0.457107275724411
我用了2周多的时间，感觉最大的有点就是时间长，看片不卡。常用软件ok都，至于极品之类的游戏还是台式机比较好，别指望它能帮你。,8,1,0.5724146366119385
活动价还是挺合算的，好多年没用过这款了，希望还是一如既往的好,4,4,0.5882667303085327
哇，真的太便宜了，比超市便宜好多好多倍呢，总共买了总共买了一套，京东搞活动的时候买的，我从来不评价！第一次评价！真的很不错，向大家推荐！还有就是我的电话号码填错了，京东的快递员也非常有耐心！,4,4,0.6695497632026672
物流太慢，四天才到，我也是服气了。,4,1,0.3663173317909241
差评，谁买谁后悔。根本就没法用。卡的你心慌。我就当扔了。说了给发票，箱子打开就一个盒子，啥发票都没看到，退货还要扣300块钱发票钱，我去。坑太深了。建议大家别买。买了马上后悔……,1,1,0.6861775517463684
这个也太夸张了，刚买好就降价，而且还送东西，真是无语，亏大了。,8,4,0.5574026107788086
房间很小，洗手间有异味，酒店外观陈旧，yi以后不会再住,9,9,0.9863247275352478
用了不到一个月充电插口坏了,1,1,0.705521821975708
买了两次了，跟图片差不多，秒杀的便宜点，好吃！,3,3,0.9662498235702515
一个大坑啊，真想一个星都不给，这火龙果还能再小点吗，那样我就不用拨开，全都是皮了。,3,3,0.9940495491027832
一直买这款商品，非常好，非常新鲜，京东快递一直很好的！,3,3,0.5101253986358643
真是气的不行！就两千不到的平板，至于把别人的退货又直接拿出来卖？你处理一下屏幕上的指纹也行啊？,1,1,0.8726485371589661
总体不错，窗外就是江，周围吃的也很多。（乐山人民有些不友好，当心敲诈，吃东西最好多走几家问问价。）要的是180的标间，房间空间很大，虽然有些成就，不过也算对得起他的价格了，早餐没吃，送了两瓶小矿泉水，不够喝，建议换小桶装的。,9,9,0.9795154929161072
商品没收到，你们物流怎么显示签单了呢？,4,0,0.3526853919029236
离地铁站有点远，房门隔音差，地毯脏,9,9,0.9813149571418762
这裤子面料太差劲了，太差劲了，太差劲了，根本不值*，建议大家不要买。星星是快递员的,7,7,0.9781768321990967
昨晚下单的，为了凑单，选了这家?，***，第二天中午就拿到了，打开看了一下，个头差不多，看着也不错，吃起来也蛮脆的，水分也足,3,3,0.9370924830436707
华为是我信任的品牌，已有两部华为手机了，这次购买了华为小平板，全家福了。试了一下，速度快，画面清晰，看微信方便多了。很喜欢！,1,1,0.9103277921676636
装个XP，结果好像是没有安装合适的驱动，所以打魔兽争霸都卡的要命，打华硕售后服务，原来在官方就没有针对XP的驱动，大部分都是VISTA下的驱动，因为看见许多朋友装XP都很成功，所以急切希望用S97V这款笔记本的朋友们把XP下的驱动共享出来，总体来说，不错,8,8,0.9831516742706299
五星级酒店肯定是各方面都很好的，下次还要预定这里,9,9,0.9830282926559448
质量不咋的，地摊货挂南极人的牌子,7,7,0.525593101978302
"真的很差的酒店,服务态度很差.本人还被关在电梯里,痛苦!早餐有特色!在齐齐哈尔住酒店还是选择湖滨饭店比较好.",9,9,0.9926525354385376
东西用了一半，我想说，一点都不好，头发第三天洗的话，头皮屑痒的要命，,4,4,0.9842319488525391
垃圾 京东坑死人 还没嘎拉苹果大 难吃,3,3,0.7082454562187195
京东自营水果，果然有保障，而且也很重视额，好的。看得见的新鲜，忘不了的美味。品味鲜香水果，让美味犒劳自己。健康水果的世界，世界的健康水果。品质水果，源自大自然的馈赠。绿色好水果，果真很出色优质的水果，为健康时尚代言。品质果肉，美味领鲜。美味水果，果然新鲜美味品领“鲜”享受,3,3,0.8697943687438965
削皮后这是摔过多少次？这能新鲜？,3,3,0.9626451134681702
VISTA太难用，没有驱动光盘，厂家就不能搞一个吗，弄张盘有花不了几毛钱，要以人为本啊,8,8,0.9006297588348389
2006年我买了第一本安妮系列-《绿山墙的安妮》，天津教育出版社的爱藏本。本来买的时候纯属偶然，但是越看越喜爱，后来在网上疯狂找寻这个系列，无果，失望之余找到蒙哥马利的另一套艾米莉系列，浙江文艺版的，看了之后又是狂爱。这两套书对于十几岁的少年和大人都很合适，安妮和艾米莉身世坎坷但是聪慧善良，她们积极乐观的心态让读者很受启发和感动。我本人尤其喜欢书中对于加拿大田园风光和农庄质朴生活的描述，仿佛置身于世外桃源。书中人物感情刻画得非常好，是我读过的小说中非常感人的作品，我至今还记得深夜读艾米莉时的心潮澎湃，而那时我都已是步入而立之年的人了。强烈推荐这两个系列的书，虽然重庆出版社的是编译版，没有天津教育的那版原始（可惜天津版只出了这一本，至今没找到其他的），但是对比之后发现重庆版是稍稍改写了一些生涩的场景描述，变动不很大，可能为了更适合少年读者需要吧，还是可以的。每章后面还加了几段“阳光解读”，是编者写给少年读者的话，我个人觉得倒是没甚大必要，好的读物自有感人的力量，对于成人读者来说这个解读稍有些煞风景，也许是为了对儿童读者更好地引导吧。没找到其他版的安妮系列，这套也是很不错了，建议女性读者一定要收藏一套。,0,0,0.9997745156288147
起球不是一般的厉害，表示根本没法穿一个站坐都一裤子的球疙瘩，裤子已经丢了,7,7,0.8890247344970703
好失望的施华寇 味道很难闻，洗完头发痒死了，还有好多的头皮屑。再也不购买了,4,4,0.9569603204727173
酒店挂牌2星，但确实不错，物超所值，在市中心，交通方便，出门做三轮车很方便，但对自架车的就不太方便，没有停车场。,9,9,0.9906141757965088
这个不能插电话卡 相当不错了,1,1,0.470094233751297
五块钱一斤，也不至于这幺小，酸一点都不tian，核还特别大。还被父母说，那些写好评的人，你们是水军吗？,3,3,0.9064376354217529
火龙果很小，而且还有一个烂了，发霉了！,3,3,0.9982276558876038
朋友从我这看到这本书借去看了后，她们托我每人给她们又邮购了一套，可见这本书真的不错！！,0,0,0.9968320727348328
为了不让京东骄傲，给你个1星，让你服务更好咯，评论赞京豆 为了不让京东骄傲，给你个1星，让你服务更好咯，评论赞京豆,3,3,0.7655603289604187
1、软键盘不是一般的难适应，要发短信实在是太累了。2、电话薄排序怎么和NOKIA3310一样，看不懂按什么顺序排的。3、我的真机没有图片效果好看，尤其键盘透明的略显破旧。4、通话时间45秒一提示，但提示音太小，要仔细听，效果不理想。5、屏幕上不显示星期几，只显示日月，要查星期几很麻烦。,2,2,0.9076421856880188
质量挺好的。纯棉的。值得一购。小伙伴们可以放心购买穿戴！,7,7,0.9111168384552002
"第一次深度接触三星的手机,感觉相当不错.我LP在4月份买的anycall E738, 她用下来不错,所以一直鼓动我买三星的手机.后来经过长期观望,终于下定决心买了X820.我在淘宝上买的水机,是韩国原装.价格2000出头,很值.在单位炫耀一番后,买L7的同事后悔不已.X828的屏幕相当夺目,色彩艳丽,细腻.可以和高亮液晶显示器媲美了.随机附带的耳机也不错,上面有made in china 字样.播放MP3音色饱满.层次清晰.用耳机接听电话声音特别清楚.特别要提到的是:中文词组输入,很方便.连""麦当劳,肯德基""这样的词汇都有,后来发现,在中文输入状态下,长按数字键就会输入数字,这点相当满意. 长按#键,出现符号输入菜单,还可以输入""回车"",这方面sumsung的设计很到位.拍照片功能强大,我用800*600象素拍的人像照片还比较满意.摄像功能也很好.支持长时间拍摄.由于功能太多,本人喜欢单反相机,所以手机上的功能还没有仔细研究.支持办公文档的查看功能也不错.令我喜出望外.还有用usb线的传输速度也比较快,比同事的快很多,很多人反映手机传输速度慢.X828这点很满意.",2,2,0.9563428163528442
大小合适，很合身，穿着很舒服,7,7,0.997525155544281
我是第一次来这家酒店入住，由于是晚上的航班，也因天气的温差问题，有些感冒，拉肚子，我本来心脏也有些不好，正担心着，这事让客房部经理发现了，前来慰问并赠送了水果。凌晨12点半，值班经理还通知了西餐厅经理为我准备了稀饭和小菜，并询问了身体状况。当时我对酒店员工的关心真的十分感动，没想到出差在外仿佛还有“家人一般的照顾”。由于是来出差，顺便自己当作旅游一下，这酒店又位于市中心，交通很便利，我自己买了份地图，服务员帮我把要出游的景点一个个都标志出来，还相应介绍了些有名的景点，给我节省了时间，也增添了我自出游玩的美好心情。过来出差来得匆忙，忘记带充电器，客房部经理得知后，还帮我找来了我手机相应的充电器。总之这次的出差，我倍受感动，也玩得很愉快。如果下次再来厦门，我一定毫不犹豫的选择宏都大饭店。,9,9,0.9590077996253967
酒店名称和外面挂牌不一样，头一次到告诉出租海天酒店都不知道，只有按照门派找，结果就是东胜大厦，环境，设施，早餐，服务都是一流的，房间进去有个长走廊，非常好，可以杜绝早上门口的任何声响影响美梦，房间两面都有落地窗，视野非常好，大床超级赞，太舒服了。周围商业方法，下次去还要住这里。,9,9,0.9864112734794617
大品牌，而且在各项参数的对比下是最便宜的一款了。拿到手里发现外观也很不错，用起来没有什么问题。,8,8,0.6291025876998901
"最差一次京东购物，25元买了12个苹果，仅7个苹果可以正常食用,其余5个苹果大小与鸡蛋可对比，大小如图6。",3,3,0.9483058452606201
非常非常非常非常非常非常非常非常好！,3,1,0.640884518623352
包装很差，盒子都没有塑料膜包装，还变形了，好在机子没坏。机器还可以，就是在强光下拍照屏幕会不受控制的变暗，不知道修复了没有。,1,1,0.6304839849472046
气死我了，手机玩王者荣耀卡，问怎么处理回答我的都是一样的，真的不如小米。华为手机那么好，做平板电脑真不咋滴还是弄你的手机吧,1,1,0.9769201278686523
面料不错 穿的舒服 款式好看 大小合适 很满意,7,7,0.9872646331787109
好，不好，好，不好。,4,7,0.43820706009864807
为客户订的，反馈还不错。下次客人来，还订此酒店。,9,9,0.9222580194473267
真够大的，移动办公很方便。用了一段时间，很好。,1,1,0.6696495413780212
是我幸运？？？上次梨少了两个，这次苹果缺两个，啥情况,3,3,0.9888207912445068
换瓶子包装了吗，像假货,4,4,0.9011228084564209
穿了许久才来评价，穿了一段时间，也洗了好几次，但是还在掉色，指甲摸到会变蓝，会有细细的纤维类的东西在掉，另外一件没有去剪裤脚的决定直接扔掉。,7,7,0.9938144683837891
一星都不想给，首先发货不按时发，然后就是满电的状态下视频播放4小时左右就没电自动关机了，不是说好的可以连续播放10几个小时的吗...真不能看广告啊！！！,1,1,0.8597542643547058
第一：外表不是金属，第二：色彩差，第三：玩游戏会卡,1,2,0.4900135099887848
很不好！很不好！买了很多次都不错，就这次很不好，估计是前年的苹果了，,3,3,0.7937033176422119
刚买的就降价， 99买的第二天就79，质量一般，用完有点干！,4,4,0.8157663941383362
直得推荐的酒店，虽然价钱比较昂贵，但服务生是从心来招待我们，再者酒店用的品版都是有牌子的东西，对于我们香港游客来说，信心会加添不少。酒店设计很有藏族的味道，餐厅水准不俗，值得一试！最欣赏是他们大堂的姜茶，及半夜仍会努力解决我们客人的种种要求，而且不会额外收费，衷心的推荐。,9,9,0.975090742111206
差评，发过来的货内袖破的，再也不在京东上面买了。坑人。,7,7,0.5771668553352356
"外观脏兮兮的,坐机场大巴路过时,还不知道自己住的就是这间如家,心里还说这么破啊.下了大巴走过来,才发现自己要住这里,555.订的是180一间的商务大床间,不算便宜了,但是房间很小,设施感觉旧旧的.我住过很多连锁酒店了,如家也住过很多次,唉,发现如家是一家不如一家啊!遗憾.唯一方便的就是离重庆机场大巴站很近,第二天坐大巴很方便哦.补充点评 2007年12月23日 ： 对了,房间还有异味.我也觉得这已经是如家的习惯的.在深圳的如家也是有异味的.以后我想考虑别的连锁酒店了.住了成都的七斗星,感觉好很多!",9,9,0.9940747618675232
很实惠比在超市买划算多了 味道也很好闻,4,3,0.7948786020278931
发了一件蓝的两件浅灰，其中浅灰褪色严重！手指甲中会残留灰色不知名的东西，地摊卖三十/五十的这边卖九九/一三九！我只能说好评是刷的尽量还是实体店买吧，别太懒了！会后悔的望采纳！,7,7,0.809436023235321
性价比非常高的一家四星酒店。尤其是山东大汉服务生，服务非常好。自主餐很好，向您极力推荐。青岛的星级酒店很正规，比起其他的旅游城市，青岛整个环境很好，城市清洁，出租车司机都很好，不愧山东人本色。,9,9,0.977794885635376
手感可以，自带太多系统,1,1,0.3934907913208008
蒙牛道歉,6,6,0.9928877949714661
这里虽然房间不大，但是充满温馨；虽然设施不很豪华，但是比较干净；虽然服务人员不多，但是比较细致。因此总体感觉还是不错的，对于离家在外的人，我认为需要更多一点这样的酒店，也希望携程网真的能够搭建这样的平台，让我们大家更加信任、更加依赖。宾馆反馈 2008年5月6日 ： 感谢您的点评，我们期待人生还有相逢时……,9,9,0.9743961691856384
买了半个月，降了80块，鄙视之；买了半个月，降了80块，鄙视之；买了半个月，降了80块，鄙视之；买了半个月，降了80块，鄙视之；买了半个月，降了80块，鄙视之；买了半个月，降了80块，鄙视之；买了半个月，降了80块，鄙视之；买了半个月，降了80块，鄙视之；买了半个月，降了80块，鄙视之；买了半个月，降了80块，鄙视之；,1,1,0.2742818295955658
尺码不符，偏大,7,7,0.9910364151000977
绝对是假货，用完头发特别涩，还不如不用呢，这哪是护发素呀？之前在屈臣氏买过真的，京东就这么明目张胆的卖假货吗？,4,4,0.9967225193977356
外套质量不错，做工精湛，大小很合身，穿了显得帅气又精神，很满意、,7,7,0.9616655111312866
一直都在用清扬男士去屑，宇宙最忠实的清扬boy，在京东购买比在超市便宜很多，品质还一如既往的出色。,4,4,0.842767596244812
明明买的是两个大果，发过来的是一大一中，不诚信！,3,3,0.8897099494934082
不咋地 不象四星标准 也没按摩的 倒是有热水哪天,9,9,0.7956691980361938
"酒店的性价比很高.我特别要感谢早餐厅的服务员,8月2日早晨我吃完早餐将小包留在椅子上,很快服务员将包送到总台.很感谢!要表扬.在走廊上遇到服务员,他们总微笑地与你打招呼.总之,对大世界酒店的服务很满意!",9,9,0.9814175963401794
垃圾的售后，垃圾的京东,4,4,0.5600086450576782
个虽不大，甜脆水水的好吃，京东的快递员棒极了，服务热情礼貌，物品当面拆点，我XX多少年的用户被京东的服务吸引，哈哈以后过来了。,3,3,0.9776582717895508
裤子收到了，大小很合适。布料也不错，很喜欢。,7,7,0.9920029640197754
不好吃，没有同品牌小一号的好吃，放着没吃就坏了，唉,3,3,0.9788629412651062
很好，一直都用这个牌子，味道不错，速度很快，快递小哥直接送到门口的，买套盒还多送了一小瓶,4,4,0.9261065125465393
我只想说去你大爷，是别人用过的,7,4,0.7582411170005798
按键不灵，屏幕也时常不能点，发个信息都不行，才买两个月,1,1,0.884032666683197
快递给力，包装完好，服务态度很好。苹果?个头均匀，口感不错,3,3,0.9990231990814209
物有所值。 酒店气氛非常好。餐厅食品可口。 房间整洁， 环境豪华。,9,9,0.9817256331443787
包装好快递快有些松大质量一般,7,7,0.5544481873512268
"正常使用也就三天,达不到说明上写的超长待机时间.照相毕竟是30万像素,效果很一般.铃声有些混浊,尤其是下载的真人真唱,是不是音源的关系呢还有哪位说的屏幕能做镜子,请指教一下,怎么用不知道是否支持java,但本网上说支持,是不是编辑疏忽了!手机按键不舒适而且缝隙大,还有待提高!充电位置没有防尘塞子,很容易进灰尘,还有像摄像`录音这种功能时间太短,可有可无了,不实用!没有耳机插空和换电池要重设时间.编辑短信时反应有些慢!要是带个原厂的座充就好了,售后不好,数据线之类的配件我这根本买不到",2,2,0.9575271606445312
送给奶奶吃的，包装挺好的，苹果的颜色也挺漂亮的。,3,3,0.9959201812744141
快递不给力,1,7,0.3635859787464142
差差差，第一次被坑还*拍32裤洗后变成28的裤子。千万别上当哥们了。,7,7,0.969575047492981
酒店基本符合要求，早餐不错，挺丰富的。去灵隐寺非常方便。免费停车。,9,9,0.9922401905059814
一个星都不想给，从来没吃过这么酸的火龙果，大小跟鹅蛋差不多，最不满意的一次网购！！！！！！差,3,3,0.9164886474609375
设施陈旧，没有网络，Wi-Fi也上不去，客房的服务员也够懒得，要啥只会讲没有。,9,9,0.997130811214447
就是个垃圾，谁买谁后悔,1,4,0.38884443044662476
奇谈怪论！荒谬！,1,0,0.5288735032081604
裤子不错，一次比较满意的网购。,7,7,0.9779052138328552
感谢京东商城的冷链运输，让我们饱享各地的新鲜美食，赞一个?,3,3,0.9384477734565735
我是为差评抱不平来的！酒店装修上面用了不少钱。同样级别的酒店假如在北京至少要3千一晚上，真正的把园林风格发挥的淋漓尽致！推荐！推荐！必须推荐！重要事说三遍！,9,9,0.9631232619285583
整个看完，故事中的那种情感让人感觉压抑，久久不能释怀，我想正是作者的性格才让她创作出这么一本极具特色的书，作者对人生的感悟，理解都包容在这本书中了，有时候我会去想象作者的人生，那该是个什么样子的呢？如果更多点快乐，积极，乐观，她就不会那么早地离开人世，不过如果是那样快乐，积极，乐观的性格，或许，应该是绝对就没有呼啸山庄这本书了，她像昙花，把所有的绚烂在那一瞬绽放,0,0,0.9995076656341553
垃圾服务！一星都不值！,4,9,0.6679449677467346
小的离奇，大小不知道有没70mm。很差的苹果。,3,3,0.9859084486961365
这是用整的么？买的时候说了贴膜，结果用了两天才发现没有贴，在你这边看到是官方的什么都不送就算了，结果说好的膜也没送，第一次在京东买就遇到这种问题，真的是垃圾的很,1,4,0.5128813982009888
洗发水我只用清扬 一直支持 它,4,4,0.9665289521217346
预订的房间check in时是4楼，电话坏了几天还安排我住，到了晚上十一点发现了，前台回复说明天再给我换。我只住一晚啊，老大。在我坚持下，换了个一楼的房间，外面是停车场，一晚上完全睡不着。,9,9,0.9898760914802551
"本人买的4GRAM,32GROM这样的话，虽然内存小一点但运行内存大，玩起来流觞感比较好，Wifi功能也比较强大，总感觉屏幕小了点。其他用着还是比较舒心的。",1,8,0.812113344669342
"前台服务态度如晚娘脸孔....房间小 , 卫生间有一股油耗味,另人想吐....原本住4天 , 住一天就跑人.....",9,9,0.9955018162727356
在不到4K5的价格上配备了酷睿双核+2G+250G+独显，还是国际大品牌，很值。当然这是同学的看法，帮同学买的。但我本人就是不喜欢惠普的东西，I LOVE LENOVO。呵呵,8,8,0.958409309387207
速度很快，品质一般，一个大点的皮很薄，摸着有点软的，口感很差,3,3,0.9945634007453918
用过最差的洗发水，以前用别的洗发水3天洗一次，这个得一天一洗，购买体验特别不好,4,4,0.980983555316925
既有洗又有护，还送了不少，就是没优惠，但相信京东喜欢用沙宣，还行。,4,4,0.9900239109992981
苹果不鲜鲜，不是脆苹果，大小不匀称，而且有坏的。下次还是在水果店买！,3,3,0.9996119141578674
正常个头，口味还可以，重量也还行，到货迅速，有点小眼，脆甜,3,3,0.9933401942253113
很便宜，大秒杀买的，一直用沙宣，值得购买,4,4,0.9596151113510132
恰逢平安夜当天送到，很大很脆很新鲜很喜欢，吃完再买。,3,3,0.996184766292572
不错，用了以后头发没有那么油了！,4,4,0.9886254072189331
不错哦送货速度很快，物品包装的也很好，继续支持京东,4,4,0.33569246530532837
书较贵，但史料翔实，足以见作者平日对史料考证是下了工夫的。国民党的联共与反共实际上是代表了两种统治阶层处理同时期非主要党派的关系。当然随着外部环境的变化，随着党领袖的变化这种关系会不断地进行调整。矛盾与斗争，对立与统一。我想，翻开这厚重的书，从书中了解些自己不知道或还不了解的史料，看看当年那时代的的人处理问题的技巧并从中借鉴，是我购买本书的理由，虽然书还未看，但很期待。,0,0,0.9999113082885742
发货很快到重庆才4天   机子完美屏 上网  大屏幕怎么看都比14的舒服  用了快半月  这个价值了。驱动叫朋友帮忙装的  。,8,1,0.462786465883255
严重差评！在买此手机，建议大家多看看评论，尤其评论下面的互动，不是一个人跟我同样的遭遇。4.29号买的手机，给我妈用，她也就打个电话，接个电话这个应该够了，然6.18号直接坏了，坏到送去维修店人家直接不修了，才一个半月时间就退休了，找华为客服让我们自己送去华为网点修，不给退不给换，找京东客服他们不管，第一次买华为，就想支持下国货，先买个试一下，没想到就是这么幸运踩到雷，刚买回来他们说反应慢，我想反正也不贵，配置差些也在所难免，就不评论了，没想到，哎。。。实在太烂了，严重怀疑是组装机，建议大家谨慎为妙！,1,1,0.7862456440925598
我没有收到货怎么签收了。怎么回事啊，是不是黑吃了啊,3,4,0.3243131637573242
很漂亮，质量很好，样式喜欢，非常舒服，卖家服务态度好，发货很快，五分。,7,7,0.9939139485359192
应该是正品，这么多，感觉可以用到年底了哈哈。京东的快递速度那绝对没的说，非常快啊,4,4,0.5608096718788147
嗯，没有香味，然后用了头发也一点也不顺滑，不知道是不是正品。,4,4,0.9970479607582092
京东商城物流就是快，晚上下单第二天上午就到货了，这次买的洗发水真好用，以后就用这个牌子的洗发露，,4,4,0.9904568791389465
喇叭有问题，懒得换了,1,1,0.4523692727088928
真心不爽 我等了一个星期,7,7,0.24872733652591705
卖家服务态度很好、很耐心，发货速度很快，2天就到了，最重要的是，东西超值，具体看图，满分推荐购买。。,7,4,0.2918298542499542
房间灯光很暗，地毯很脏，发现并踩死一只蟑螂！牙膏是假货，毛巾千万别用，相信您看了也不会用的，要自备。我在登记入住时，听到一名像是管理人员的人和另一名导游说：“这点小事，让他们投诉好了。”我顿时后悔定在这么个地方！如果携程的评分还有0分的话，我一定全部给他们打0分。建议您多花点钱，多开点车，选别处入住吧！,9,9,0.9956884980201721
真的很差，洗发露早上洗完下午头就开始油，我以为就我这样 ，我宿舍俩个用的也是这样，只能扔了。,4,4,0.9821329712867737
其一：接挂电话时候机身的红绿键有时候不管用，还是要触摸屏幕才行；其二：没有录音功能，但是通过安装一个软件可以很好的解决这个问题，效果也还凑合。其三：天线太大也太靠边，打电话的时候不可避免的会接触耳朵或头，辐射肯定不小啊！语音效果还是不错的，耳机通话效果多数情况下也不错，就是耳机上的功能键只能用来接挂电话，不象以前用的6230还可以用来激活语音拨号，或者在听收音时候换台、在听音乐时候快进。其四：基本上一直依赖手写输入，按键太小所以在开车时候基本没法发短信了，以前用6230时候可以自如收发复杂的短信息。其五：接听电话结束后，会自动跳出一个询问是否将来电存入电话簿的对话框，很人性化，也可以选择关闭该功能。其六：经历了一次不断重起，是因为一次按了3、4个软件，然后就不断重起，后来硬起加软起才搞定，但是损失了所有数据。这时候就不能不说两个好东西。一个是同步，简单一按纽，所有数据都恢复了，上次同步前的所有数据都回来了。还一个就是backup软件，可以非常方便的备份数据到SD卡里，也同样可以非常简易的恢复手机数据。其七：这一个礼拜充了两次电，第一次用了3、4天，第2次只用了2天，基本上来说还是可以接受的。其八：数字键位置的安排，感觉是按欧洲人手掌大小设计的，反正我用起来感觉如果再向右挪一排就太顺手了。,2,2,0.9798138737678528
做工实在不敢恭维，线缝的不好,7,7,0.8914611339569092
我先不说苹果大小，评价说水分多，多吗，口感还不如两块钱的地摊货，中间还有坏的，妈的我精神损失费谁赔，店家只要把我吃的那个坏的吃了我就不用他们赔,3,3,0.9969800114631653
太差了，用了有好多头皮屑，真的是醉了，没想到在京东里面买也买到假货了,4,4,0.9962665438652039
海飞丝……沙宣的包装…之前一直用沙宣分得清真假……,4,4,0.7250902652740479
洗发水收到了清扬洗发水效果非常好。这次618搞活动买的非常实惠。京东商城值得信赖,4,4,0.9591751098632812
第一次给产品不是满分，因为苹果味道很刺鼻，本来以为包装箱上的味道，结果苹果咬了一口，苹果也是那味道，没敢吃，老公还不信，自己洗了一个，勉强吃两口，也扔了，味道太大了，搞不清什么味道，怕中毒，太刺鼻了，苹果卖相很好，京东客服也解决了售后，就是苹果吃不敢吃，扔了又怪可惜的，唉，作孽啊,3,3,0.9141526222229004
买了它已经一年了，记得当初完全被它美妙的铃声所迷惑，才痛下决心买了个自己不熟悉的牌子。现在用了一年了，却仍没有后悔，若不仔细看，还像新的一样呢。颇大的内屏让我这近视眼受益匪浅，还可关机闹铃，满人性化的。以前老听别人埋怨翻盖机不经碰，我的它曾不幸被我摔到地上好几次，却至今安然无恙。,2,2,0.9648413062095642
比超市的便宜几块钱，还有就是多送了两个小支的，用小支感觉还好吧，性价比不错！,4,4,0.553725004196167
裤子质量非常不错，还会再来的。嘻嘻，靠谱的卖家，物流也给力,7,7,0.9757553935050964
配置算不错，装XP有点麻烦，关键是找有ICH9驱动的盘，按照网上的安装方法，能完美装上XP SP3，解决了喇叭爆音问题，声音图标也能显示，没有别人说的那样发热量高，风扇声响大。,8,8,0.9923555850982666
烂苹果，恶心，京东最糟糕的购物,3,3,0.8133481740951538
特别喜欢游泳池和健身的地方，交通方便离琶洲展馆比较近，离天河城也近，早餐挺不错的，但他们酒店的其他东西我没有吃过，就不做评论了，总体感觉还是满意的，下次出差还会去住。,9,9,0.9788282513618469
入住体验很差，退房时说房间里少了吹风机（入住期间没有用过，不知道有没有吹风机），要求赔偿200元，因为有急事就告诉前台我有入住押金800元，查清楚后再说！到现在酒店也无说法，押金也不退还！差评！,9,9,0.9926955699920654
不是不喜欢，而是故事内容的展开太乱，给人一种纷杂的感觉。由于我的个人文学修养还没达到一定程度，所以我的个人评价是：一般！,0,0,0.9985387325286865
什么鬼！京东啊京东 你确定这是原装正品、,4,4,0.5368561148643494
山西万狮京华（维景国际）大酒店服务好，酒店环境很好．下次我还会光顾．相信我没错！！,9,9,0.9742506742477417
质量还是不错的，大小也很合身！！！！,7,7,0.9582589268684387
太次了！穿了一次扔了,7,7,0.9449598789215088
外观简洁大方，时间长了也不会烦，惠普的机型都不错的。 性价比也高。,8,8,0.4924667775630951
裤子穿起来很舒服，很显瘦百搭款，弟弟很喜欢，以后会经常光顾店家……,7,7,0.9851796627044678
一直比较信赖沙宣，还比较满意。,4,5,0.4540678858757019
比以前的M2好了一个档次！值得购买！！！,1,4,0.3155621290206909
图片和实物相差太大，图片看是黑色休闲的，实物一看就是一韩版牛仔蓝男裤，各种坑。,7,7,0.9961214661598206
基本上就是个大号的P10 Plus，主要买给老人上网看视频打牌看微信用的，用了一周各方面都没问题，性能速度各方面都还可以！,1,1,0.5138179659843445
黑边严重，实际可看尺寸7寸，商家太恶心，5月下旬特价和6月份的特价掉了*对京东太失望了！就当买个教训吧，京东，拜拜！,1,3,0.2760657072067261
裤子很好，很合身，质量也不错，下次还会选择这家店,7,7,0.9894692897796631
感觉有点假～不像正品，建议实体店购买,4,4,0.7169008851051331
严重粘毛。什么情况这是。特别容易脏…,7,7,0.6065647006034851
"边框太粗,相经放在一起的T40,边框有点过份了 系统vista home太鸡肋了,装2003花了大量时间,建议没有光驱的同志做好准备",8,8,0.9920801520347595
非常满意，京东购物送货快，质量有保障,7,4,0.5186524391174316
质量太差了，无语,7,7,0.8208702206611633
这码数…你是给国人穿吗,7,7,0.9936442375183105
现在去无锡经常入住这家酒店，环境不错，因为不是太湖风景区，所以自驾车的朋友比较合适。不过，送餐服务的品种似乎减少了，也不过只有两三个品种，建议酒店改进一下，酒吧的感觉不错，还可以打桌球，感觉比较的轻松宾馆反馈 2008年7月30日 ： 非常感谢阁下给我们酒店提出的宝贵意见，送餐问题已向酒店餐饮部经理反映了，如果您有好的送餐品种建议，下次也可直接与我们销售部联系，（分机8708）届时会有小礼物赠送哦！！期待您的下次光临！！！,9,9,0.9059210419654846
快递速度一般，包装还行、衣服没有损坏，衣服挺柔软的，穿着舒服，尺寸也合适，就是有点短了。现在居然涨价了................,7,7,0.41751828789711
还不错经济实惠,5,1,0.32591480016708374
这个价格还行，没有发现坏的还是比较满意的有需要还会购买。,3,5,0.31426823139190674
用了几天，感觉挺不错的，电池很耐用。充满电能用两天。同时买了小米的MAX，感觉要比小米MAX好，价钱还比小米MAX少50块。希望能一直好用下去。图边左边是苹果5S，中间是小米MAX，右边是华为荣耀2.,1,1,0.4145597517490387
裤子收到了，说实话这个价位能买到这样的质量真的不错了，自我感觉挺好，服务也挺好的。,7,7,0.9821126461029053
经过我的亲身体验，这家店信誉是相当地不错。,7,3,0.273767352104187
买蒙牛未来星的时候我在健骨型和智慧型之间徘徊了好久，我拿起健骨型，后来想起一位中老年妇女总说我是猪脑子，我果断放弃健骨型，果断拿起智慧型。如此衰样，一会儿去跑四圈！,6,6,0.34690237045288086
收到货了，晚上下的单，第二天中午就到了，活动很划算，比超市便宜，用了在追评,4,4,0.8540906310081482
还是挺好的，顶下华为,1,1,0.9580408930778503
不好上当受骗了，掉色！,7,7,0.682283341884613
新鲜 物流快 非常信赖京东 谢谢快递师傅 大热天辛苦了,3,4,0.43151789903640747
使用完后头皮屑比以前更多了，以前过个几天头皮屑才会出现，现在洗完第二天一挠头就哗哗的，简直不能忍，不信邪试了2/3次之后已经死心了，而且洗完之后头发变得干柴，很差劲！最后说下包装，就那么随便的放在一个包装盒里，连泡沫都没放，以快递的随意性能完整的到达已经阿弥陀佛了。,4,4,0.9858188629150391
水果很不新鲜，个头不如中果大。做活动打折，希望品质不要打折,3,3,0.9873617887496948
酒店很新，离市中心也不错远，以这个价格在杭州住这样的房间，物超所值。不错！,9,9,0.946039080619812
信赖华为，手机用的华为。平板也果断选择华为。拿到手里，手感不错，试了一下音效，很满意。因为只用来看视频浏览网页。考虑到性价比，还是不错的。,1,1,0.9447592496871948
说好的有赠品吹风机，不用拍，可拿到货竟然啥都没有,4,4,0.8050493001937866
才用这么几天，手机就开始卡得很了，真的不想说了，第一次遇见这种问题，再也不在京东买东西了,1,1,0.9488866925239563
这**什么鬼 自带的视频播放器都没有 买m3就是为了看电影的 真**恶心,1,1,0.6707382202148438
买时在购物车里还有赠品包呢，付了钱就没了。真坑人啊！！！非常气人的一次购物，不过机器确实不错。物流非常给力！,1,1,0.5144274830818176
触控板左右键键程偏短，感觉生硬，不适合女生使用；到货时发现键盘上边缘没有安装到位，吓我一跳，还好本人懂一点，又把它重新安装好，华硕公司应该好好检讨一下了，这样的产品怎么能通过检测呢？,8,8,0.6192660331726074
C6568手机具有动听的16和弦铃音，在这种音效的表现下所有的音乐听起来都是如此的圆润饱满、富有张力。为了尽情展现铃音的美妙，首信C6568内置了60首各种铃声，从古典的交响乐到现代的爵士乐，从充满异域风情的拉丁舞曲到疯狂摇滚音乐，多种风格杂糅交错。　此外，首信C6568还设计了逼真有趣的特殊音效，如大自然的鸟鸣蝶舞，城市的暮鼓晨钟，这些都让我感受到更多诗意的生活情趣。首信C6568还可以选择自编合成铃音。一键上网 速度惊人；EMS音画短信是首信C6568手机给消费者带来的另一个惊喜。,2,2,0.9996371269226074
这就是京东给我送来的火龙果，我都没见过皮烂成这副模样的火龙果！ 京东你们做不了生鲜就别做，做成这个样子毁了多少家庭客户！今年6.18不会再在你们京东消费了。朋友间也都感觉你们京东品质有所下降。,3,3,0.9703889489173889
苹果不错，京东送货及时，赞一个,3,3,0.487530916929245
还可以，不错的。希望本店越来越好,3,7,0.6196048855781555
"很好，顺丰很快,总体还是不错的",3,1,0.38532036542892456
还行，就是屏幕内屏有个小小的灰尘，还是坏点也不知道，用着还是不错的,1,1,0.706050455570221
衣服真大啊，动西一般,7,7,0.9553771615028381
刚开始看这本书，心情很轻松，兰心与小猪是一对无敌可爱的搭档，虽然各自都有着家国天下的重担，但是为人处事却不乏夸张诙谐，总是这一对配对很难对的家伙。尤其是看似女强的搭配，却更衬托了小猪为人的宽厚儒雅，风度翩翩~后半部分开始进入坚持的情节旋律当中啦，看得俺蛮捏一把汗的，对荧惑的结局其实有点小伤心啊……他真是个让人心疼的伏师啊。。。,0,0,0.9973691701889038
护发素不错    品牌好    东西不错    物流速度快,4,4,0.6953672766685486
服务不好。,9,7,0.42427995800971985
粗看的时候觉得很多方面说的不错，但是仔细做下来，就觉得一些东东也是作者东拼西凑过来，扣来就很少翻了。,0,0,0.997154712677002
有塑封，没漏。这次要吐槽京东的快递了，一个订单里都是京东自营的，分3拨给我送过来，以前从来没有过这种现象，都是第二天一起送过来的。关键是，最后一个包裹放小区自提柜台了，明明送第二个包裹来知道家里有人，在没有打电话确认家里有没有人的情况下就直接存柜台了，最后送过来的时候发现根本不是京东快递员，什么情况！！,4,4,0.3961328864097595
面料不错 暖和 弹力很好 一分钱一分货 很值！！！,7,7,0.973892331123352
"从中医的知识来看,一般,但对推广中医还是有一定作用.",0,0,0.903737485408783
包容是一种修养一种成熟，这种修养表现出来的不是软弱，相反是力量是魅力是过人的目光与胸怀；是对于人性的深度理解，是对于利益的整体把握，是对于个性的充分尊重，是对于共存原则的贯彻与实施。包容是一种整体观念，是一种高瞻远瞩。试想一个成熟的人，怎会在一个耍无赖的小孩面前耍无赖?试想一个君子在小人的伎俩面前怎会与之计较？书的内容好，值得一读,0,0,0.9995335340499878
等了三天才到货，还是从其他仓库调货。不过东西挺好用的，老公今天特地用了下，和超市卖的一样，味道也好闻。,4,4,0.5978600382804871
"套间的附近就是卡拉OK的地点，比较吵闹，定过一次就不想再订了，希望可以进行以下调整不要影响客人休息下一页>>免费注册 网站导航 宾馆索引 服务说明 关于携程 诚聘英才 代理合作 广告业务 联系我们Copyright? 1999-2008, ctrip.com. all rights reserved.",9,9,0.9725560545921326
假货大家不要买,1,4,0.5474388599395752
物流太快了，收到货后也太满意了，物有所值，真心喜欢，果断收藏店铺以后就会赖上她家的店,4,7,0.6406264901161194
"看了携程用户的评价才定的,但大失所望。位置较偏僻,的哥还不知道路.周围环境也遭。服务态度冷淡，好象不会笑。卫生间小只有淋浴，热水一打出来泛黄（好象铁锈的颜色），水龙头开了半天才好。大概是除夕的缘故吧，晚上送了盘饺子，味道先不论，在遭受了一系列意外状况后，这点还是蛮不错的，叫我哇凉哇凉的心暖了点！早餐是最要命的,种类少先不说,味道真叫人难以下咽(也可能不对我的胃口)。总之，下次绝对不会去住了.",9,9,0.9949967861175537
听说京东上买东西自营的第二天能到，结果真的只是传说，物流慢的没话说,4,4,0.6485264897346497
#送台iPad给爸妈# 感谢蒙牛给我营养让我快乐的成长；感谢蒙牛做我梦想的翅膀；感谢蒙牛替我对母亲尽一点孝心；感谢蒙牛让我体味母爱的味道；感谢蒙牛给我以及我最爱的母亲悉心关怀和无限呵护......蒙牛，你在、情在、母爱常在！,6,6,0.9975222945213318
给我送来的是别人退的吧？打开都流出来好多！！！,4,4,0.7306241989135742
刚开始在网站看到介绍时，虽然看到它有各种美誉，但觉得图画挺乱乎的，并不感兴趣。后来有朋友买了说好，那咱还是买一套吧。到了4岁儿子手上，他乐得不得了，出门吃早点还非要带上让我讲给他听，说这是他最喜欢的书，害我一口气讲了42页强烈要求休息才罢。我边讲还边惹来许多小朋友围观，这更让他得意了。看来不能以自己的喜好来决定买不买，大获好评的书还是值得买的。,0,0,0.9989200830459595
骗子。垃圾货。收到的卡装不了,1,1,0.5888533592224121
收到板板，迫不及待的打开，，看了一下高清视频，浏览了下图片，，天哪，这就是华为，视频也好图片也好，颗粒感很强，很模糊，想不到华为也能做出来这么垃圾的东西，之前已经买了3部华为手机对华为也比较认可，，我想以后会离它越来越远，一星是给快递员的，,1,1,0.8927856683731079
还不错哦。。。。。。。。。。。。,1,1,0.4654180705547333
速度太慢了,1,1,0.5104607939720154
用了一段时间，还可以。很好用,1,4,0.5311460494995117
物流快，快递小哥给力！虽然包装简单，但严实，没有破损。而且快递员当场让我验货，说这是流程。很好的服务,3,5,0.23027057945728302
沙宣西洗护套装 还有小瓶便携装 方便实用 物流也很给力 以后继续支持,4,4,0.9165311455726624
画面相当粗糙。不值。奇怪为何得到如此推崇。,0,1,0.6149829030036926
热了一些，一定要装power4 gear，一般待机情况下cpu达到56度以上，一个快捷按钮塌了半边，进BIOS设置时手靠近左边麦克风孔会发出很大的啸叫声，很奇怪的故障,8,8,0.8759247064590454
我买的这款热水器是给我老妈买的，不但价格实惠，质量也很好，喔喔已用了两天，感觉加热也很快，就是安装工的态度不令人满意，总之应该是以质量为主，东西好才是第一，谢谢客服大少，给全5分吧,5,5,0.9051218628883362
由于其屏幕超大，所以可以显示文字信息多达八行，C618在大显手机中也属很棒的机器了，机子运行速度很快，菜单操作也很顺手，尽管您是第一次用也不例外，这可增加了C618的亲和力了。当年诺基亚的滑盖就已经迷倒了许多用户，甚至有的人今天还在留恋那种款式，而C618又一次让广大用户找到了那种感觉高贵，大方，迷人。其短信功能也很方便还可支持群发，而它的输入法也很方便，总体来看C618的功能没有让用户失望。,2,2,0.9834614992141724
质量超级差，一点都不去屑，头皮发麻的痒，干涩,4,4,0.9515020847320557
酒店的房间装修得飞常好，空间也很大，可是我非常不能理解的是，300多一晚的酒店居然房间不提供免费上网。另外，枕巾洗得不干净，说实话下次不考虑住了。,9,9,0.9930475354194641
看评论说有卖到4299还送瑞星杀毒，就是不知道是何时，如果消息属实，那确实会有点郁闷！,8,8,0.6251296401023865
"如果你有一小段假期去阳朔,在阳朔居住超过3天的，蔽龙阁绝对是个非常理想的居住地点.房间大，干净，就是要注意自备花露水和驱蚊水,带个电的驱蚊香最好了，那里是田园生活么...蚊子..苍蝇比城市多.....在山水环抱中，感觉不是住在宾馆,很舒服...李阿姨很热情...做饭的阿姨也很好..如果你不想出去吃了，那10-20元/人,可以在那里搭伙,看吃什么就给多少.你也可以提出要求，想吃什么,李阿姨会帮你买好做好的.离西街是有距离的，不过我觉的还是很方便，走到村口,有摩托坐,10元到西街,回来也一样....就个人而言,我喜欢租自行车到周遍的小村子里去逛...借这个评论的地方,特别感谢李阿姨和做饭的阿姨，因为我是吃全素的，李阿姨知道后，每天都很注意弄早餐和我搭伙的饮食,住了三天，吃了三天地道的农家新鲜蔬菜...呵呵..走的时候..李阿姨特地送我出门..帮我叫了车还砍价...叫到了桂林-荔蒲的车..结果10元就回了桂林...＾＿＾总之一句话，下次去阳朔．．只住蔽龙阁了补充点评 2008年5月6日 ： 特别告示：到旅馆门口的马路修好了，就是村口大概有一点路，还是没修好的，马路更新信息．．２００８年５月６日，方便下次去的各位驴友",9,9,0.9795651435852051
服务周到，地理位置很好，无论是在环市东路、淘金路这一带逛街或者吃饭都很方便。而且在房间里上网是免费的。,9,9,0.98867267370224
宝贝不错哦，几十块钱买了一大堆，经济又实惠。,4,4,0.2820669412612915
",很少差评，打开包裹一看，居然是打开过的！！！",4,4,0.6304910182952881
离地铁口徒步5分钟，交通方便。但是我订的是高级客房691元/天，没有窗户，进房间后一股潮湿霉味，无法入住，加了230元，住进高级套房，结果还是出乎意外。 套房的厕所和寝室，只有窗帘隔开没有门，厕所的味道直冲寝室。房型的设计不合理，厕所和洗浴间紧靠窗户，寝室在中间，客厅靠门。也就是说寝室和客厅都没有窗户。 结论是以后到深圳再也不住这家酒店，在深圳订房时一定要注明要有窗口的房。,9,9,0.9932366013526917
看了商店简介是*有22个，然后店铺活动满69送20券，结果*元收到货就12个苹果，多得不说了，幸好苹果还算可以！,3,3,0.5818799138069153
坑货.耳塞都没有.差.,1,1,0.5162161588668823
"我买了不到一个月,平均每三天死机一次,电池待机时间不到3天.MP3播放铃声,杀小鸡声音嘶哑...大家别买哦...真是垃圾一堆...",2,2,0.8321709036827087
16个苹果几个坏，第五次购买了失望,3,3,0.9270467758178711
不错的酒店，就是房间较小了一点，床较硬了点儿，其它都还不错,9,9,0.9865819215774536
"总体感觉不错,这个价格的功能还说得过去.",2,5,0.36737266182899475
"服务态度不好,发过来就没吊牌,你叫我怎么换 .而且知道我这情况后再也没理过我.这不是故意的吗？收货的注意了,小心了.一百多块钱本来就不多,什么    服务态度.!差 差 差",7,7,0.6060991287231445
性价比还好，上pconline看过近期好像降价了，3899，不过在这里买3999还送这么多东西，还好啦！,8,8,0.5523297190666199
衣服收到了，质量不错，颜色无色差，样式很好，面料柔软，穿着很舒服,7,7,0.9970966577529907
刚给女朋友买的，用了不到半个月充电器坏了。我就呵呵了真的 京东再见了！,1,1,0.7531512975692749
一大一小，小的又蔫又烂了，懒得退了。,3,3,0.8347451090812683
酒店位置很好，虽然没有海景，但在市政府对面，吃饭、买东西都比较方便。酒店服务人员态度也很好，特别是停车时，酒店门口没车位了，保安还主动带我们把车停到酒店后面。房间里的情况一看就是老四星酒店，设施设备比较齐全，但明显感觉有点旧，地毯也有点脏，刚进房门的时候还有点霉味。因行程关系，只住了一晚，总的来讲基本满意。,9,9,0.9914612770080566
"并没有宣传的那样好,且没有什么实用性,更没有娱乐价值,现在也没有人糊墙了,真不知道,拿这本书做什么???",0,0,0.9998201727867126
第一次有这么满意的裤子，快递也很快 好评,7,7,0.9768864512443542
令人恐怖的记忆！一个停水停电的酒店在零下十几度的山顶上，居然敢继续叫卖，真是让人后怕不已。幸好最后换了酒店，否则我们都将冻死在山上！！！,9,9,0.6522930264472961
假货……假货……假货……假货……假货……假货……假货……假货……,7,7,0.5844711065292358
十八，你又给了我一次感悟，是生活的感悟。在这里，我谢谢你，也衷心地祝福你。爱情具有排他性，这是你让我明白的事实。左手和十八：记得左手对十八说过，“如果有一天，你真的走投无路了，记得找我。”这也许是他给自己的一个祈望，更是一个无言的期限。但十八知道，一直都明白，她再怎么无路可走，也不可能去投奔左手。撇开尊严不说，只因为他们两个不对等。即使有再多的相似经历也不可能在一起生活。他有他的卑微，她有她的放不下。她和他只能做兄弟，如果不做兄弟会更痛。欧阳和十八：就像十八自己说的那样，欧阳是大理石，而她只是花岗岩；欧阳是白马王子，而她不是那个灰姑娘。即使十八明白了那英文诗的内涵，也不会告诉欧阳自己对他也有好感。对十八而言，她与欧阳，就好比黑夜与白天，只能对望，不能在一起。有，也只是交替的那一霎间的擦身而过的窃喜。也许十八不知道，自己对欧阳的那份好感，可能是自己给另外一个人感情的延伸。或许欧阳只是一个影子，十八心心念念的那个人的影子。只是那时侯，他给她的恨，淹没了十八心中的悸动。其实那份爱还依然埋藏在心灵最底处。曲莫浮和路芳菲：因为曲莫浮知道结局，一切都已被注定了，所以他只能将她当成宝贝，静静地守候，不求拥有。曲莫浮也知道，左手喜欢十八，可是爱莫能助。现在和将来，都已被过去注定了。左手说，“我从一开始就错了，不管我怎么退，都没有一个象样的开始。”在爱情面前，谁都不够诚实，这是潜意识。谁能真正的做到成全呢？如果成全了，还会在原地盘旋吗？就一定会有碧海蓝天吗？谁也无法保证。只因为自己渺小得可怜。友情也存在着排他性。就因为知道，所以十八才会问“阿瑟，如果在你们毕业后，我有了新朋友，你会不会嫉妒？”阿瑟回答，“不会，因为我们是兄弟。” 十八是小诺的好朋友，所以小诺不希望十八跟杜小兮和祝小希走得那么近。曲莫浮是李遥的好朋友，而李遥是十八的好朋友。曲莫浮说，“要想做更好的朋友，就必须不让人知道谁和谁单独在一起聊过天。”为什么一定要排他呢？因为谁也不想被落单，心灵上的落单。流离火，让我懂得了一念之间。,0,0,0.9447479844093323
送给妈妈的礼物，运行速度快，看电影效果好，非常好的平板。,1,1,0.9906841516494751
买了给老公用的。单买一瓶挺贵的！还是满减合适！第一次体验这个近邻宝，真好！再也不怕家里没人了,4,4,0.9095418453216553
上网本中还算不错的配置，2999特价时抢的，这一次是自提的，目前没有看出什么问题，希望能够保持下去。电池大概能维持6个多小时，不是8个小时。屏幕小，但是这是肯定的,8,8,0.6327803134918213
还要包流量，想用360root等软件把这些系统软件全删了，却说root以后不能保修了，真让我够火的，让我觉 得我花1100多块钱只是租用这手机，不是买，是租，租了还不自由，我还不能自由管理它，还要天天花钱买流量供给这些系统软件吃。否则用都用不到！这些软件没流量吃会死一样，而这些系统软件一联网就卡的动不了,1,2,0.5810905694961548
收货时不让验货，屏幕实在太差，现在申请退货都一整天了还没人来取件,1,1,0.901468813419342
一起买两条不同的裤子，回来发现货号一样样子一样价格不一样。坑,7,7,0.9638712406158447
快递很快，可惜6个里居然还有坏的，黑心！！！,3,3,0.4107416272163391
隔天就到，个头不小。不会刮伤，还没吃。,3,3,0.9760790467262268
这部书写得很好。它抛开了那些众所周知的东西而捡拾起鲜为人知的记忆碎片，比如白卷英雄张铁生写给评卷组的信，比如一位普通农村教员写给毛泽东的信，每一个片段的背后都有着深刻的历史背景，一个看似微不足道的言论或举动却给那时的中国带来了意想不到的震动。作者的语言丰富深刻透射着理性的观察与思考。那些轰轰烈烈的事件值得我们记忆，这些被历史湮没的枝节更值得我们反思。,0,0,0.9995344877243042
"早餐丰富.服务人员态度不错.但是入住时发现卫生间有积水,housekeeping 来检查未有结果以为是我们的小孩子搞的,心情落差.擦干后半小时内又有积水,他们只能叫维修人员,原来是水斗的一个接头坏了.口头对不起.check in & check out比较快.Italian餐馆味道不错,服务很好.价格跟上海差不多.4楼海景不够好,应该往上层更佳.去海港城和广东道不够方便",9,9,0.9944150447845459
原厂送膜，原厂送膜，原厂送膜，重要的事情说三遍。使用几天了，谈下感受。外观就不说了，见仁见智。性能个人觉得还是比较够用的，王者荣耀之类的，30帧打完全局，平常运行没有卡顿的情况。摄像头一般般，不过作为平板对它要求也没多高。没有闪光灯，没有闪光灯，没有闪光灯!这多多少少是个遗憾。本人买得到屏幕有一个黑点，从以往换机经验而言，平静接受不完美，不折腾了。还有一个问题就是安卓系统的软件对平板基本没有优化，说白了软件仅仅是把平板当作大一点的手机而已，这个是事实，但是好像和华为无关。仅从这里而言，还是买iPad吧。总体而言，个人感觉还好。,1,1,0.546658456325531
P50用着感觉不错。手写功能方便输入及操作手机各个功能，蓝牙红外数据传输很方便。,2,2,0.8671317100524902
机子有点重，不合适外出携带。京东客服电话太难打，基本是摆设。触摸板那里温度高。包装箱被拆开过，不知何故。,8,8,0.6504948139190674
在红墈火车站出来去过海巴士站坐101或104路巴士到皇后大道西就可以到达酒店门口了，车费不到十元港币，在尼敦路也有站上车，去酒店的交通其实很方便。酒店每小时有一班到中环和湾仔的免费穿梭巴士可以乘搭，可以去到金钟地铁站，湾仔码头，机场快线中环站，港澳码头等地，还可以让司机在沿路地点停车，司机很好说话，还会帮忙拿行李，从酒店去其他地方其实也很方便。在码头坐中星小轮去尖沙咀也不过两块钱。酒店门面小，不过里面装修在香港来说也确实是有四星级了，虽然房间不算太大，不过放两张双人床倒还不显得太局促，把飘台改成座位设计也挺实用，洗手间也相当不错，基本用品除了牙刷牙膏之外还是比较齐全的。酒店的服务可以打满分，毕竟是国际连锁的酒店，虽然是经济型的酒店，软件还是相当有水平。酒店周边其实购物吃饭也很方便，并不是以前某些点评里说的那样偏僻的地方，还是蛮繁忙的商业街。虽然标间窗外没什么景色，却也算安静。我拿的价格是506，这么低的价格陪这样的酒店素质，相当令人满意。,9,9,0.986161470413208
垃圾一间,9,9,0.5138934254646301
不是正品 用完没有凉的感觉。,4,4,0.9038105010986328
中果这幺小 小果多大 多花钱 早知道买小的啦,3,3,0.9913043975830078
什么商家，裤子大，颜色不一样，我才20岁，给我发的25岁以上穿的裤子，垃圾骗子,7,7,0.9259538650512695
给老妈买的。通话声音很小，已经将手机音量调到最大还是没用 郁闷… 想退货,1,1,0.8908309936523438
这次住的是B座，价格同A座比起来也不算太贵，但是卫生条件，房间设施都很好。而且被子是我睡过的最舒服的,9,9,0.9849202632904053
前段时间，电信搞活动，机型是UT106，一直对UT的小灵通印象不错，所以有点兴趣，去看了看，机子很漂亮，这是第一印象，于是就买了~~100块钱，预存50块话费，免两年月租，挺划算的。已经用了有半个月了现在我想对它作个评价：1.机身小巧，耐磨。2.手机信号不错。 3.电池待机时间长。 4.支持IP直拨功能。5.支持中英文短信收发和存储(收件箱 100条/发件箱100条/草稿箱 10条) 。,2,2,0.9919695258140564
第很多次来买了，这次还帮邻居买了两盒。不错，大大的赞。,3,3,0.57347571849823
安装费太贵了,5,9,0.2958449125289917
物流比较快，1天左右就到了，裤子也比较时尚，夏天穿着很舒服，第一次买，就给个五星好评了,7,7,0.9346343874931335
回复 不看！反正哥从不喝蒙牛！……珍爱生命，远离蒙牛！另外劝你尽早从蒙牛离职，省得亲戚朋友为你蒙羞！,6,6,0.9904943704605103
没穿多久就有洞了，质量很不满意,7,7,0.9778301119804382
一直信任京东，这次有些失望啰，苹果倒是很新鲜，可不爽口不甜，定了3箱后悔啰,3,3,0.9711121916770935
操作不够灵敏，玩游戏卡出屎,1,1,0.7571708559989929
最早接触寂地画是在《新蕾》上，后来满心欢喜的买了她的第一本画集《我的路1》很喜欢那种温暖的画风，也很喜欢配画的文字，很细腻，有哲理，让人感觉温馨。后来她出的每一期都买了回来，用四叶草的包书纸包好，这次这一套买了是给朋友的，。朋友看到我有一套《我的路》也很想要，所以让我帮她买。开始会担心里面的附赠品不知道会不会有，看来是有的，朋友收到了很开心也很喜欢,0,0,0.998823344707489
买错了买成32我请你换下你不换 还发两条过来 我又寄回去换 说好的29又成30？物流也慢得要死 真不知道怎么做的,7,7,0.35998645424842834
屏幕没有保护，易碎。而且售后服务不好，盐城阜宁没有正规的维修点而且售后点服务要价离谱,2,1,0.5405569672584534
不错的酒店，性价比不错，房间很大，不过卫生间有点老化，总的来说还是不错的 ，下次还会入住,9,9,0.941131055355072
还行吧，虽然处理器是930，实际使用比较流畅,1,1,0.6230830550193787
房间的条件实在是很一般，很陈旧的感觉。我们的房间也是正好对这个停车场。早餐也不怎么样，种类很少。也就是3星级的标准，房价却很贵。去圣亚海洋世界的时候无意中看到了星海假日酒店，外面看上去感觉就特别好，蛮好多花点钱订这个的呢,9,9,0.9937313199043274
衣服还不错，纯棉的，版型也还可以，价格在这里，挺薄的！刚到拿手快递就一个袋子感觉跟纸差不多！,7,7,0.9551740884780884
怎么没有耳机，为什么摄像头是偏的,1,1,0.8586776256561279
虽离机场和市中心远了一点，但服务生笑脸相迎，房间内相关旅游者的资料准备周到，体现出处处为客人着想，最喜欢窗台上的鲜花，有欧洲风情的感觉。妈妈推开窗，见窗台上灿烂盛开的花朵高兴得合不拢嘴。宾馆反馈 2008年5月8日 ： 非常高兴您和您的母亲能喜欢泰逸酒店，祝您及您的家人身体健康，事事顺心。2008年5月11日，母亲节，泰逸鲜花盛开。同样的祝福献给您的母亲，也祝愿天下母亲泰逸安康！,9,9,0.9862777590751648
"质量非常好，与卖家描述的完全一致，非常满意,真的很喜欢，完全超出期望值，发货速度非常快，包装非常仔细、严实，物流公司服务态度很好，运送速度很快，很满意的一次购物！",7,7,0.4320717751979828
卫生差，有小动物出没。早上第一班车退房人多，只有一个服务员，那个淡定，差点误机了。,9,9,0.9962058067321777
颜色太深了 跟店里的图片相差很大,7,7,0.961361289024353
时间就是速度呀，一年前的价格跟现在比差得太远了。这一款我觉得估计两年不用换了，值了吧很好看称赞一下,8,7,0.6521267294883728
切身体会~~~蒙牛的投诉和售后服务还挺好的，问题也得到了满意的解决呢，不错哦，现在对蒙牛有了新的认识，以后继续加油（绝非广告）,6,6,0.9062212109565735
买了三个，坏了两个，想联系客服，找不到入口，真的是个坑，希望客服看到能给个说法！,3,3,0.41006842255592346
标准内存太小，自己加了一个！没有自带的恢复光盘，重装系统后驱动有问题，自带的快捷键无法使用，还好网站上可以讲驱动全部下载使用,8,8,0.9834035038948059
看了一些对这本书的评论，有些让人着急，发现一些家长在看书的时候一个很关键的问题没有注意到，就是大人的经络跟孩子是不同，千万不要用《人体经络使用手册》里的经络穴位手法来对照孩子的，对于一本书的价值，我个人觉得是“取其精华去其糟粕”，没有必要全信也没有必要一棍子打死说得一无是处。最为家长都是为孩子好，所以一些必要的医学常识家长是要掌握的，取百家之长是必须的。,0,0,0.9998008608818054
很好很好很好，好就好在京东小哥送货速度一流快，到了还来电话确认收货，刮风下雨无阻，给勤劳的小哥点个赞,3,4,0.36133870482444763
果然码数方面还是有个别的误差的，还是习惯穿的稍微合体一点，如果太过拖拉还是会把整体的气质形象拉低好多分数的。希望可以用久一些，不过白色衣服都不好保养，很快就会脏。,7,7,0.9789339303970337
非常不错的购物体验，钻石会员每月送2张运费券，PLUS会员每月送5张运费券，平时很多在超市买的    生活用品我现在全转到京东来买的，不光是价格有优势，晚上11点下单，每二天一般在10点前就收到    的，送货速度让我很满意，还节省了我们家不少的油费，我们家住9楼，快递员都是直接送到家门口，    十分热情，还帮我们把垃圾带下去，支持京东！,3,4,0.47003239393234253
这个电池着实是奇怪了一点，鼓出来的，影响美观，还有连接的地方，有点松，平衡还不错，要找好角度。,8,8,0.7687495946884155
1、速度太慢了些，一般要过一会有机子才会对刚刚的操作有反映。2、屏幕经常黑屏，用着好好的，自己就黑了3、返修好慢哦，我机子送去一个月了，电话过去，KF说还要再等等,2,2,0.5391594171524048
不喝蒙牛，不喝伊利！#热门微博# http:t.cn/zj6VPob,6,6,0.9970543384552002
坏果太多，个头小，好在给赔偿了。。。但感觉还是有点小贵。,3,3,0.992946207523346
很好，非常好，越来越好,4,1,0.39591723680496216
裤子收到了，非常喜欢。实物和图片上看的一样。,7,7,0.9807412028312683
快递太漫了，16号到汕头，19号下午派送太漫了,4,4,0.550104558467865
是正品花花公子的，深蓝色很好看，我喜欢的颜色。物流超快，两天就到了，有需要下次再来。,7,7,0.7895740866661072
其它还好，就是2G的通话，上网网速太慢，不好,1,1,0.5102710723876953
"位置非常好,在新区和传统城区的交界处,虽然是老酒店了(五年以上),房间设施还是不错的,但我们入住的前两天一切OK,第三天就不整理房间了,要打电话才安排,是规定这样做吗?",9,9,0.988294243812561
我买了不到了三天，换了两次，最后还是退了。电池太不经用，到处都是毛病，最大的毛病是他的插卡的地方松得很，一晃就会找不到卡了。小日本的东西真的不能买啊～～～～～～～～～～～。,2,1,0.5666360259056091
我7月份去的，总的一句话，还可以。如果还去大理，也许还会定，酒店的免费温泉是一个亮点。,9,9,0.976021945476532
质地跟之前的差太远，尺寸也变了，跟网页介绍误差太大,7,7,0.8622522354125977
大堂挺宽敞的，房间里就一般了，倒是干干净净，床住得还算是舒服，洗手间挺紧凑的，价格没什么优势，不过在徐家汇这里，价格低的酒店不好找啊。跟旁边的建工锦江差不太多，交通还比较方便，离地铁大概走路15分钟的样子，如果天气好，可以去徐家汇公园散步。,9,9,0.9949352145195007
颜色和看到的相差很大、不是很喜欢,7,7,0.7603752017021179
还可以，洗了几次后，感觉头发牢固了，不易掉,4,4,0.8731407523155212
裤子收到了，还可以物流送货也还到位。,7,7,0.9708045721054077
"遗漏了东西在酒店,多亏服务人员的告之,在这里表示感谢",9,9,0.9557827711105347
拿回来装系统的时后才发现屏幕有个坏点 当时验机的时候我就怕有坏点 dos系统没法验证 回来才发现 看来买电脑 最好带个安装盘 不然真是闹心~~~~,8,8,0.9733224511146545
新机已收到。我打王者荣耀能打四个小时，看楚乔传能看六集左右。这就是我的新机体验，没有更新系统，怕内存占多了。总体不错，客观地给个好评吧！以后用得怎么样，再来追评。,1,1,0.7144039273262024
裤子质量还有版型都挺不错的，穿在身上也蛮舒服的，大小也是很合身的，下次再买的话还来你这家,7,7,0.9976175427436829
自己在网上买了一个套套。平板什么都好，就是看惯了苹果的分辨率，突然看这个有点不习惯，值得购买。,1,1,0.8721157908439636
房间设施偏旧，洗澡设施太差,9,9,0.9927136301994324
大小合适，样式不错，穿着很舒服,7,7,0.9959612488746643
我定的是特价房，房间小点，还能接受，毕竟对旅游者来说呆在房间的时间比较少。酒店内环境不错，就是门外在施工，有点嘈杂。服务不错，门童很勤快，check in，check out也很迅速。就是莲蓬头不能取下有些不便。宾馆反馈 2008年8月13日 ： 非常感谢您选择入住中山国际，我们非常重视您对我们提出的意见。酒店边上的中山中路正在进行国际名品步行街改建，由此给您带来的种种不便我们深感抱歉。请您在预订房间时告知我们您对房间的要求，我们将为您安排合适的房间。衷心期待您的再次光临。,9,9,0.9854472875595093
jb，太垃圾了，上当了。,7,7,0.3463079333305359
试用了半天，还行，不过确实黑边太大了一点，但是只要质量过硬也算值得，另外声音不是很大，只希望能耐用就行了。,1,8,0.41342079639434814
水果不错，送货很快，但是有个别品相不好，似乎坏了,3,3,0.9512147903442383
特别不好，用了快一个月了，洗完特别痒。头皮屑也多。亲身体验,4,4,0.9643882513046265
本本来是买来送人的，结果没送成自己吃了，特别好吃，各自个头又大,3,3,0.9937440752983093
东西发的顺丰，很快的！衣服是给朋友买的，很合身，他说面料也很舒服呢。以后会回购的。,7,7,0.8807464838027954
太苦了没法吃，都扔了，，，，，，，，,3,3,0.9702660441398621
环境很好，闹中取静。送餐服务太贵，超出这个档次的同类酒店。,9,9,0.9939256310462952
好可惜，没有穿上，尺码偏小，不合适。,7,7,0.9944382905960083
荣耀平板电脑不错国产品牌就是好,1,1,0.958590030670166
"这个酒店原来是广州的一个亮点,但昨天入住以后才发现如此的糟糕.几乎每到一处,经历的都是不愉快!!!!1. 4.6号入住广州长隆酒店.4月1下的单,定单上专门强调要的是一间望游泳池的家庭4人房,并且信用卡担保.携程的工作人员第2天确认的时候也是CONFIRM了已经和酒店落实了这个要求的. 6号到达以后才发现家庭4人房望的是窗外无敌的建筑施工工地.酒店解释说:所有家庭4人房都是望工地的,根本没有望泳池家庭房,上当受骗的感觉由然而生!!!!!2. 当下要求换成2间豪华房,在交涉过程中,酒店和携程互相推卸责任,把我当皮球踢,一句道歉的话都没有,对此我非常失望.3.前台年轻男工作人员刷卡预付肥之后竟然忘记了归还我的信用卡,直到我第2次大前台换房间他才发现,居然没有向我道歉.3.最终同意修改定单,将原来的1间家庭4人房(1130元)改为2间豪华间(810/间).但当我提出其中一间要大床房时,那男员工头也不抬地拒绝说:没，没有大床房了!要我夫妻两入双床房.这时候我实在忍不住了,说,你查都没查过,怎么知道没有了呢,就不能从顾客角度与人方便? 在旁边的另外一个员工扬小姐这才查了一下,最后给了一间大床房.刚才说没有了,突然又有了,真奇怪.杨小姐的解释是说:我们的顾客大多是香港人,他们早就付了款,所以房间给他们留着.我愤怒.我的房间也是信用卡担保了,就算今天我不来,房费也是要付的,香港人难道比大陆人金贵?什么年代的脑筋啊.强烈鄙视!!4.扬小姐提出给房间送水果表示歉意,.并承诺在我从乐园回房之前把我的行李从家庭房转去豪华房.但后来,我带儿子回酒店时到前台补多一个身份证才发现我的行李仍未送过去房间.5,本月6-13号入住长隆酒店,每房送欢乐世界,大马戏,动物园门票2张(任选),我们拿到门票要进欢乐世界的时候,那工作人员居然说不认识这票,说酒店方面没有通知过,把我们3大一小扣住,烈日之下,等待他们之间的交涉,沟通,只有摇头的份.6.酒店家具简陋,陈旧,服务人员没有服务意识.每有一个人脸上露出过真诚待客的笑容.我们询问自助餐的价格,西餐厅门口的小姐顾着自己聊天 ,让我自己看玻璃门上的信息.7.下午在酒店室外游泳池游泳,算是仅有的一点享受了.除了我和另外一个男外宾就没别人了.但我走时候把游泳衣遗漏在了更衣室.到第2天退房之后我才发现,在此之间酒店都没有人打电话到房间来询问我是否有不见东西.(游泳的时候有登记房号,他们可以查到).我是携程的金牌贵宾,入住酒店几乎都是5星,相比之下,我对这间酒店真是失望透了,坚决不会再去.告诉大家我的感受,去之前要有心理准备.",9,9,0.9724209904670715
奉劝各位千万不要买这家的东西，什么垃圾货，严重掉色，泡了三次水还是黑得跟墨汁一样！,7,3,0.5120610594749451
不好，不如超市的同样价格的，苹果很小，有一个还干了，看上去一点都不新鲜,3,3,0.9979901313781738
根本没有收到货，显示签收，去快递站拿快递根本没有！,4,1,0.4554387629032135
比较失望，4个烂的，而且不是很新鲜，个头也没有上次大,3,3,0.9979293346405029
但无线网卡有时爱断！而且说明书根本就没有，就是现在谁都会使也不是谁都有功夫没事就研究它！不知是联想懒还是要省点重量把纸质的全放到机器里！很讨厌！电源线感觉有点短!某些地方不太够长！,8,8,0.7312619686126709
我要的是大床房的，房间超小而且没有桌子，使用宽带也很不方便还要接个东西，拨号的密码也要问了才告诉你。晚上外面锅炉的声音很吵，下次不会再去入住了。,9,9,0.9921700358390808
不错是正品，京东商城就是快，昨天晚上下单，今天下午就到了，这速度真是无与伦比啊！下次再来！,4,4,0.5723177790641785
卖家包装做的不错，苹果木有损伤，吃起来是甜甜的，大小合适。,3,3,0.9826630353927612
等灰机呀等灰机，外模们等不耐烦喝coffee去了，我们一行人跑这儿来消遣~~好苏扶呀！还有蒙牛大果粒喝， 太给力啦！跟着龙哥混，小日子八错！,6,6,0.9921528697013855
特别差的一次购物，用完头皮痒，骗人,4,4,0.9078807830810547
用冷水洗也严重甩色比在我街边地摊还差,7,7,0.9014499187469482
质量不错，穿着很舒服， ，颜色面料都很好 ，物流快家态度好！下次再来。,7,7,0.9884346723556519
房价要四百多，但感到非常失望，陈旧，脏，比锦江之星还差。以后肯定不会再去了。这样的硬件设施和服务怎么吸引客人呢。,9,9,0.9867225289344788
全屏手写功能，屏幕效果好，内置MP3播放功能，音质不错，支持外接存储卡，200万像素拍摄能力比较强、支持通信防火墙。,2,2,0.6807059645652771
买了两箱，80mm红富士，但箱内苹果一大一小，颜色也不一致有的苹果只有60mm，有的还有烂痕，不满意！希望诚信对待客户！,3,3,0.7642584443092346
为什么到了以后会是开封的，并且还被挤出了五分之一（少了20%），你这不是坑人吗 店家,4,4,0.5246381163597107
送了其他的样品试用，应该还不错。,4,5,0.40034782886505127
这个苹果特别特别小，看起来非常营养不良，大家千万千万不要买！,3,3,0.9910033941268921
服务员太差，房间很吵，隔音不好，房间味道很重，很一般，不如稀土国际大酒店好，收费有低，还是四星，服务很好，离火车站方便,9,9,0.985077977180481
垃圾，水果，物流，快递员都不好,3,3,0.30741167068481445
裤子是帮朋友买的，朋友说质量不错噢?很喜欢。强烈推荐！,7,7,0.9918939471244812
老公一直都是用的清扬，但这次的感觉没有之前买的好，不知道是什么原因，还是相信京东的,4,4,0.8664093017578125
比起期待中的 确实 不是太有用 值得翻阅 不值得买下来,0,0,0.7447662353515625
衣服很漂亮，质量不错，上身效果也好，值得购买,7,7,0.9868667125701904
东西一般，也对得起这个借钱，快递慢的跟蜗牛一样。,7,4,0.2985798418521881
写的修身裤，结果是有弹性的紧身裤！烦躁！很失望！买的时候139！没多久就99！失望！,7,7,0.9646409153938293
用了一段时间了，没发现什么问题，还是不错的，不过不支持电信卡,1,1,0.914526104927063
我首先声明我个人不喜欢TCL的产品，但不代表其产品不好，不喜欢它是不喜欢TCL暴发户的心态。一开始好好的产品线非得在手机还没有普及时就开发出什么宝石手机来取悦于富人。就性能来说，TCL手机并无过人之处。只是上面嵌了颗宝石，当然有的并不是真宝石，只是防真的，始终不明白到底是这部手机本身吸引了消费者，还是手机上的宝石令消费者念念不忘。等消费者回过来想想时，还不如去宝石店搞个真的呢，不过只是一时满足了一些暴发户的炫耀心态。同时也只能说明了:一、手机生产厂商的研发能力较低，只能做面子活来吸引顾客；二、手机厂商为了获取更多高额利润所采取的手段。宝石手机的热销还是如今国内消费者不成熟的体现，闪耀的宝石手机固然惹眼，但我认为它不应该成为使我们掏腰包的唯一动机，更重要的是手机本身的品质。只有这样才称得上是一名成熟的、理性的消费者。,2,2,0.8679205179214478
物流真不咋样，不送货上门，让用户自己取货。,1,1,0.5746283531188965
当时是特价促销时买的，没有想到还会降价。键盘手感不错，性能还好，电池续航时间值得一提，差不多都在8个小时左右，真的厉害。,8,8,0.9092733860015869
我带家人住过一次，印象非常好，是度假好地方，晚餐星期一到五买三送一，很划算。我八月又准备去住了。,9,9,0.9454163908958435
操，这平板真垃圾用了两个月不到就坏了，用着屏就失灵了。妈的邮回去保修，等了18天回复说我的平板进过水，不给保修。在别的网买了几年东西都没有遇到过这样气人的事。,1,1,0.930923581123352
1、S282没有无线下载，这样可以说浪费了它的好的显示效和铃声效果。显示也不能说一点问题没有，它还是有很明显的颗粒感。2、S282没有数据线，IP拨号形同虚设根本没有什么用处。容量很小，不能在卡上存短信，而且如果不把以前满的短信删除，以后发来的短信就收不到，让人觉得很不方便。3、S282的外屏是单色的，不过可以随机选定颜色的，颜色都不是很艳丽的，看上去过于死板缺乏生机。4、S282的壁纸和屏保太少了。5、S282的输入很麻烦不如T9的方便，拼音很难输入，要多次选定才有结果。,2,2,0.977512001991272
物流还可以商品不大满意,7,7,0.5246481895446777
苹果挺好的，媳妇吃了，挺脆的，就是皮有点厚，速度挺快的后期还会买的,3,3,0.9922885298728943
以后吃水果不要网上买啦，烂的都送来，而且还不换货，气人！！！,3,3,0.8587448000907898
快递小哥很给力，一口气扛上三楼。昨天收到就打400售后电话，今天已经装上了，花了187，附清单。老人家住的房子比较旧了 所以电路水管格局都很旧，装得不错。还没开始使用 过后再来追加。冲着快递小哥也得给好评！,5,5,0.9327126741409302
入住的时候免费升级到行政楼层，房间硬件条件很好，要比万豪的设施好。但是遇到了大家都遇到过的，酒店的服务达不到五星级的水平。1、当天下午入住，洗了一件衬衣，因第二天早上9点多退房，要求加急并得到当天晚上送回的承诺，但第二天早上九点都未送回。打了两个催促电话以后，才于9点30分将衣服送回；2、退房的时候遇到的问题还是和洗衣服有关。在携程上订房的时候，看到可以赠送不超过78元的洗衣服务。我加急洗衬衣的费用为52元，但酒店前台工作人员要求我支付加急服务费。一再声称可以洗一套衣服，但洗一件的加急费不在这个范围内。由于要赶着去机场，就没有和携程确认，我便支付了18元的加急洗衣费。后酒店前台工作人员电话联系酒店销售部工作人员后，才明确酒店与携程的协议内容，后退给我该费用。总共退房时间超过了20分钟。所以觉得酒店硬件设施确实不错，但内部培训及沟通需要加强。,9,9,0.9645178914070129
衣服收到了，老公试了很合身。质量很好！中间快递那出了小插曲丢件了，店家知道马上补发还是顺丰包邮的。,7,7,0.8424476981163025
还行，有那么一两个被磕了，应该是运输中碰到的,3,3,0.8623935580253601
衣服款式不错，质量不错，穿上很舒服,7,7,0.9966334700584412
裤子很不错，弹性好，穿着很合身,7,7,0.9903316497802734
差差差差差差差差差差差差差差差,7,7,0.3621051013469696
第一次在京东上面买生鲜，蛮激动的，买了12个猕猴桃，12个苹果，3个火龙果，算下来***一共，比外面便宜多了！,3,3,0.9263295531272888
东西没毛病 物流很快 还会购买,3,7,0.275565505027771
直接卸载京东 我擦你麻痹 **玩意,4,1,0.6479348540306091
大小合适，穿的感觉还行，不知后续退色是否严重，有待观察！,7,7,0.9665700197219849
俩次了，快递小哥好像不认识字，我只能给你差评。,4,7,0.577769935131073
看着不错，里面苹果也挺新鲜的，送人的首选,3,3,0.9842398166656494
18号下单21号才到，还是本市！快递你是走着来的吗？,4,4,0.4112086892127991
"今年上半年购机使用后,上述网友们发表的手机问题也是频繁发生。上个月手机短信功能又突然失灵。去指定维修点告知：生产厂家关门，维修点撤销。想修都没有地方去修理，服务态度太差。",2,2,0.9332293272018433
快递快。 味道好已经买了几次了 下次还会继续,4,3,0.2661491334438324
蒙牛滴。。。口感醇厚，不错～,6,6,0.9677265882492065
色差太大了，快递特慢,7,7,0.86710125207901
说实话对裤子本身我还是满意的，唯一不足的是我感觉它厚度也就是适中款，没有自己在实体店试的薄，不过价格实惠没商量，性价比高，再有就是，虽然我对牌子不是很在意，我看中牌子主要就是选择质量与舒适度，但是有点儿小郁闷的是～～～～～～,7,7,0.9922959208488464
我为什么喜欢在京东买东西，因为京东比实体店价格低又可以免费送货；我为什么每个商品评价都一样，因为买的东西实在太多太多，导致很多很多积累未评订单，所以用统一内容评价回复，省时又省力，还可以有积分；总而言之、言而总之；京东买东西快而好！    裤子合身，发货神速.物有所值,7,4,0.49673715233802795
坑的一逼，尺码都发不对卖锤子衣服呢,7,7,0.8365288376808167
待机太差，充满还没用，百分之二的电就没了，一天时间要冲两次电！,1,1,0.5280868411064148
感觉可以不错，电量续航很强不错，其它性能也可以，我是买来玩游戏的，唯一不满意的就是没有耳机，和护套，还有外观。,1,8,0.5632049441337585
"很好的酒店,床很大!卫生间的设计很好.很有艺术性!感谢入住两天那位男服务员对我的帮助谢谢!!",9,9,0.9759082794189453
白色很漂亮，指纹不是很明显，键盘很舒服，电池也不错。。当时就是看好电池和体积小巧，携带方便。,8,8,0.7495710849761963
有点重了，上下班背着太累人了；还有就是那系统，真气死人了，就一个C盘分区，找了好多办法来分区，结果还是把系统给搞坏了，备份也搞没用了。NND只有拿到服务点，还要花二百大洋搞好分区换个系统。,8,8,0.9366863369941711
PDA丰富色彩还算逼真,2,2,0.6835014820098877
服务大差了，手机也不好用，感觉不是正品,1,1,0.48718616366386414
价格便宜，一直用这个牌子，套装够用一年的了,4,4,0.8329902291297913
我家小朋友一周八，拿到书的时候很开心，要我们讲给他听。听了一遍还要一遍，那天晚上缠着他爸爸讲了5遍。现在自己翻开书，看到天哪得那张，就会自己说“天哪”。有时候他要做坏事，我们说：大卫不可以！他偶尔会听。如果我蹲在地上，张开手说：宝贝，来这里。他会很开心的跑来，就算正在调皮，正在捣蛋，他都会过来，然后我抱住他，跟他说：宝贝，妈妈爱你。他也会很开心地说，爱妈妈。呵呵。。,0,0,0.8182470202445984
宝贝已收到，看着就很高大上，期待用了之后的效果，特别感谢快递小哥的热心服务，由于我个人原因导致快递小哥没能及时联系到我，给你带来的不便在这里对你说一声对不起，很满意的一次购物。五星好评送上，????,4,4,0.573243260383606
打开一看，包装精美，京东购物，值得信赖！,3,4,0.5974183678627014
水壶换了3个、标房双床才给一根浴巾。酒店就是168莫泰的标准，好差！送机不送到1号航站楼出发口，真是醉了～差一分钟就误机了。,9,9,0.9825399518013
很适合学习用哦，内存也刚好，喜欢价格实惠好评,1,1,0.8300657272338867
京东的服务太差了。说送的赠品不送了。,4,4,0.5847857594490051
系统太崩溃啦，220g的c盘，vista也不好用，要重装xp，装驱动，麻烦,8,8,0.9595643877983093
到手还没有用，期待它的效果哈。,4,4,0.697435736656189
。送人的，昨天到手的，试用了一下。感觉挺不错的，玩游戏什么的也很顺畅，国产的平板机子里，就华为让人比较信赖了。,1,1,0.8860985636711121
苹果很新鲜，脆，甜，水分足，京东自营水果值得选择！,3,3,0.9988343119621277
第一次买，很好，就是不送我一个保护套?,1,1,0.5114640593528748
信号不太好。蓝牙有杂音。有时无来电显示。PC传输开关设计不好。体重也超标了点。,2,2,0.7938913702964783
不错，用了一段时间了，各方面都很好。,1,1,0.6507088541984558
那是什么破酒店，你们携程也对外推荐啊，那里面那个破。服务极差，我入驻708，房间门是用纸胡的，洗脸盆下水坏了了。问服务员，酒店是10年前装修的，而携程介绍是2006年装修的。早餐质量极差，服务员的服务态度也很差，想要个汤勺都没有。吃到后面连盘子都没有。其实我感觉最差的是携程的服务，向一个钻石贵宾推荐了一个未经核实的虚假信息，然后启客户不顾，让客户自行在一个陌生的城市去寻找住处，到2008年1月1日仍没有对投诉进行反馈，不过我可以理解，因为携程处理该事务的人员放假了。至于客户有什么样的意见，哈哈，开假后再说。再见了携程。,9,9,0.9474013447761536
套餐特别实惠 很好用 值得购买,4,4,0.6694684028625488
能给打零分吗？就这样的苹果…………,3,3,0.9129652976989746
良好信誉的商家从小细节做起，抽奖抽到一半球热水壶上面居然写着 真货&rdquo;！！！！还有防伪电话，打过去之后 空号&rdquo;消费者都是傻子吗？？？？？？？？？？？？？？？热水器在 一号店&rdquo;卖599元。,5,4,0.44567182660102844
超极棒，喜欢,1,1,0.44687318801879883
老公穿上可帅了， 说我会选衣服，其实还是衣服的质量好，版型漂亮帅气，开心极了,7,7,0.9813020825386047
我是在正月住过的，感觉装修不错，但是服务一般！感觉服务员服务很是没有培训好！早点吃的也不是很舒服，吃的东西不是冷的就是半热！现在去太仓在看他们房间价格比过年的时候贵２倍，太仓宾馆的房价太高！,9,9,0.9956278800964355
苹果很新鲜，大小正好，小孩一次吃一个刚好，已第二次购买,3,3,0.994917631149292
第一次在京东买苹果，昨天下午的单今天就到了，以为会有坏的，但是检查了一遍发现都是好的，感觉这次超值。,3,3,0.5835446715354919
平板性能一般，看高清电影会卡。后背会发热。,1,1,0.7512898445129395
不满意，下载的高清视屏播放的时候只有标清水准，一点不清楚，画质太差了，送了OTG数据线没有用不能外接U盘,1,1,0.5689651370048523
这家酒店是我帮巴西客人订的，据客人说还不错，而且到机场也很方便。,9,9,0.980251133441925
星期六上午9点多定的货，当天下午4点多到手，没有任何催促，可以说是非常之快了，很感谢！,8,4,0.34356144070625305
衣服质量不错，而且款式也好看，给老公买的，他很喜欢，而且上身效果也不错！,7,7,0.9944179058074951
总的来说还不错,2,1,0.5781466960906982
很好的一本书，我们教育孩子一直都是用父母留给我们的印象，用一些不科学的方法容易导致孩子的叛逆，我女儿5岁了，经常把我气得流眼泪，自从看了这本书，真的得到了改善，我按照这本书的要求去做，虽然刚开始有点别扭，但做习惯了就很有效果，我女儿现在比以前听话多了，与其说是改变孩子，还不如说是改变父母，父母的方法对了，孩子自然就听话了，这本书值得作为父母的你看一看！,0,0,0.9986487030982971
"服务态度不错,遇到的每一位服务人员都能主动问好,老外很多,这个酒店可能有不同层面的客房,下次咱得换个房间住住。",9,9,0.9927862286567688
彻彻底底是假货！鉴定完毕！大家小心！,4,7,0.5771852135658264
垃圾产品伤心的购物，谁买谁后悔,1,4,0.6267825961112976
苹果真难吃，没吃过怎么难听的苹果，倒牌子,3,3,0.9697144627571106
苹果很好，脆脆的，孩子喜欢，信任京东！！,3,3,0.9898017048835754
洗发水沐浴露一起买的，一直信赖京东，生活用品基本都是靠京东解决的，沐浴露是买的一大一小的一套，大的拿去用了，以后还是来京东买。,4,4,0.9668809771537781
我忘记东西打电话两次，但是没回复。我用信息联络依赖运费宾馆附送我们。但是运费没附送过来。 服务台不好。,9,9,0.8168296217918396
翻开这本书的时候，就让我沉浸在回忆之中，幼时的点点滴滴，有时看完一篇，自己躺在床上静静地想，静静地回忆，默默地流泪，默默地笑笑。但是所有的一切都不会回来，只是觉得那时的阳光要比现在的灿烂，那时的小草要比现在显得更加碧绿，一切都过去了 。。。。。。我只能将这些回忆带进自己的坟墓。书中的有些章节我觉得写的有些做作，但是我想这本书的主要成功之处是勾起我们的回忆，所以其它的也就无所谓了。,0,0,0.9996175765991211
"这次入住有个问题,我们有位同事去前台咨询早餐在什么地方,前台服务员头也不抬,用手一挥,说在左边.让我同事很不满,希望以后要注意",9,9,0.9954167604446411
不错，反应还可以，价格波动大,1,1,0.5341774225234985
"从地段,星级,价格,环境和设施考虑,此酒店相当不错.如果没有其他因素,下次还会再住.为使贵酒店良性发展,特提醒几点:1.酒点总台服务小姐不够专业,没有职业笑容.2.房间(1117)水龙头和下水出问题,有人报修和管理吗?这牵涉到资源,成本,信誉和服务.3.空调整夜发出流水的噪声(分贝可能不小于50),可能会影响许多客人的休息.希望下次来住时得到改观.",9,9,0.9658797979354858
蒙牛便宜,6,6,0.9884858131408691
几年前逛京东还不是那么的信任京东，现在信赖首选京东，默默哒一直看着它一年一年发展的越来越好，心里也在为京东发展壮大而加油打气。为什么我喜欢京东购物，因为可以当天买自己喜欢的商品，明天就可以到达客户的家中，为什么我所有的评价都相同，因为在京东买的东西太多太多，商品积累的太多没有评价，最佩服的，还是京东物流，有时晚上11点前动动手指，购买的商品，第二天上午就送到单位或者家里，还可以刷卡付款。【我是湖北省～孝感市】自营的商品挺有保证，售后，有问题打专属客服热线。客服很赞，一句话的事儿，直接上门取件退，上门更换新商品，家电有价保，一个月退货，半年换货，实体店儿弱爆了，根本没有竞争力与京东相提并论；比老家的商铺街上的价格省了一大截票子哈，宝宝平时基本不逛街，在家逛京东商城就能买到合意的超值商品，有些明显比超市还划算，而且还一模一样的吃喝生活用品哟，小宝贝们快来选购吧！既省钱，又节省时间，永远支持信誉商家《京东》。,4,4,0.4473472237586975
大品牌，质量信得过，保鲜效果好，价格便宜实惠，多次在京东购买送货快速，服务好。,3,3,0.8733543753623962
宝贝收到，很好物流很快，感谢京东，赞赞赞。,4,4,0.46937593817710876
买了几次这次是最难吃的，粉粉的一点也不好吃,3,3,0.9697979688644409
发热量大了点，重量控制不好，，不到5000的价格买这个配置么还算不错。新模具造型设计好看多了，比T系列漂亮，音质提升也不少，不像T系列简直就是破锣在敲啊敲，，，，，,8,8,0.8797626495361328
清扬洗发露 就是好用 下次还要买,4,4,0.998427152633667
热水功能很好的，推荐！,5,5,0.8264586925506592
产品不错哦，这个洗发水价格非常的便宜，而且非常的实惠，洗完过后，头发非常的柔顺，而且不打结，味道也非常的香，什么也不说了，看图吧,4,4,0.9709214568138123
佳假的！！！！！！！！？！！！！！！！,4,4,0.26839178800582886
还不错，大屏看电影或者打游戏都很爽,1,1,0.9759421348571777
键盘可以适应高速打字，比较出乎意料，可以聊天使用了，比原来的9寸的本确实好。电池的待机时间还可以，用win7，开无线，蓝牙鼠标，播放了2小时的高清电影，5.5小时。电源适配器很小巧，符合上网本的定位。,8,8,0.9821346998214722
1.手机待机时间短。 我不知道海尔所谓的超长待机是怎么定义的，作为手机最基本的使用，一般薄电2天左右，厚电也就3天左右，这还是在一般使用的情况下，如果打电话时间比较长，一天就用得差不多了。 而且手机在关机后竟然还在用电。 电池在3－4格电的时候还算能维持些时间，但是到了2格电的时候，电池的续航能力就急剧下降，一般此时打5分钟的电话手机就该关机了。2. 内存真小，用户可用内存只有2M多，我拍照片，拍130万象素的只能拍20张左右，从电脑上下载了铃声，它的每首mp3铃声只能存200k左右，这么小的容量只能唱一句话而已。 最主要的是它不能扩充，真是奇怪的设计。3. 操作复杂。 最下面的导航键盘，每次按的时候都提示退出，还要点击确认，查找多有不便。虽然说查找电话本的方式很多，但是也太不实用了，在找电话的时候，如果用惯了按键的，再用这个触摸屏的真能把人心急。 而且写短信也设计的不合理。 4.浪费钱。 在手机的屏幕上有一个海尔乐园，还不能去掉。不小心按到了的话，它就会拨打12590******的高额收费电话，我有一次不小心按到了，马上挂机，结果一查话费，1.3元已经消费了。真想不通海尔是不是和这些流氓信息台串通一气的啊。 那个gprs功能千万不要用啊，我就只是上了几个简单的网页，一个月就60多元，真是有钱人才用得起啊，不过这和手机没有什么关系。5.送的光盘可以用海尔的数据线，不过针对V8810，它只能将通讯录导入到电脑上，但是无法将短信导入到电脑上，同样的功能为什么不能实现呢？,2,2,0.9895598888397217
"相对于这种酒店,房价应该算非常贵的,而且还有旁边的楼在施工.早上4点多钟就开始干活.吵的人睡不好,更可气的是Check in 的时候服务员不告诉你.",9,9,0.9913105964660645
第二次入住了，感觉不错，健身房，游泳池都很好。但这次入住有点小问题，早上六点的时候，有服务员莫名其妙开门进来，然后又出去了，几分钟后又进来，问是否退房，晕！当晚给我房间送了份鲜花算是道歉吧，让人感觉还不错！另外，他家按摩的金师傅水平确实可以，强烈推荐！,9,9,0.9693052768707275
第二次都买了，一如既往。款式跟照片的一样，好用加热也挺快的啊，冬天的好帮手，卖家服务好发货快、很满意的网购，全五分啦，下次需要还过来你店里购买啊，(*^__^*) 嘻嘻&hellip;&hellip;,5,4,0.25016120076179504
价格和超市促销活动差不多，关键是方便，效果好。,4,4,0.5398245453834534
那么多年的洗发水都用坏了头发跟头皮，直到遇上你感觉滋源真心不错！洗完的感觉很清爽，出油的情况明显减轻很多，两三天都能应付，之前是一天都不行啊！所以 ，应该是正品，支持民族品牌滋源，支持京东！,4,4,0.9942664504051208
房间床上有好多头发！卫生做的不好！,9,9,0.9922242164611816
一直听说这个牌子的洗头水不错，正好赶上京东活动，就买来试试，怎么说呢，还行吧，并没有说的那么好，但是也不差,4,4,0.9699661731719971
收到衣服了，面料很好就是薄了点，本人175cm70kg衣服L码的大了点,7,7,0.9953367114067078
送货速度真是惊人呀，我晚上十点多才下单，第二天早上九点多就到了，太快了。平版也非常好，给儿子买的，他很满意。很少在京东买东西，以后得多来了。谢谢！,1,4,0.30983051657676697
行行行提你听我明厅好哦头破也啥也胡一牛子though一米五让我替哦去一直陪我闺蜜丢rosy一米五我随你心您追哦天搜狐哦英语咯VPN苏俄whyXP嘻嘻嘻女护士wry会哦行行行信息网,3,6,0.8803712725639343
没看清楚，洗发水是500ml的，比平时用的750ml的小很多，感觉不怎么合算，也不高兴退了,4,4,0.9774270057678223
这个苹果好丑啊！长得又小又丑。可能还不好吃。第一次感到失望。希望下次买的时候会不一样。,3,3,0.9932872653007507
料子差！做工勉强！版型恶心！像束身衣粘身！易出汗！洗完清水清个10遍水都是和染缸里一样！花花公子受教了！,7,7,0.9726301431655884
周边配套差，配套差,9,9,0.9058508276939392
首先酒店有免费的接送服务，这点很好，但是要自己去联络酒店方面，携程的服务人员根本不知道有这项服务。第二，酒店服务不错，会放点糖果，卡片等，感觉贴心。走廊上碰到所有的服务人员都会很热情的打招呼。第三，酒店所在位置不错，门口就有到各个景点的公交。第四，表扬左岸咖啡厅的早点，式样多，味道好，靠窗有舒服的沙发位子 。是对着白鹭洲的景观位子。但桌子和沙发离得太远，我娇小的中国体型感觉有点够不着。酒店改进一下，毕竟还是中国人来得多嘛！缺点：我定的是景观大床房，可床一点都不大。就四星级酒店来说，设施陈旧，电视居然还是球面的，色彩差。卫生间小，没有独立的淋浴房。排风声音响，开门后会闻到霉味。,9,9,0.995559573173523
垃圾中的战斗机。为什自己看图,7,1,0.3330574631690979
刚开始看评论我不相信！说衣服全是没处理好的线头！后来收获的时候发现太多了！,7,7,0.5154363512992859
假的吧，为什么洗完油腻腻？赶紧给我个解释，另一瓶无患子洗完是干涩的，这瓶用量少点还是油腻腻，只能无患子在洗一遍。差评！我买的是生姜油性头发用的！,4,4,0.9917784333229065
国展如家酒店是我住过服务和环境最差的酒店！住店当晚身上就起了不明原因的红包，第二天去天津最好的皮肤病医院长征医院一查，医生当即确诊为由于床铺不洁螨虫引起的过敏！更过分的是这家酒店的一位男性服务员，根本就不经客人同意就进入房间，幸亏没有在洗澡！！！还有一些服务不到的地方都没有必要提了，仅上面两条就真心的希望能帮助广大来天津出差旅游的朋友千万不要再住到这家服务素质差，环境差的酒店，受同样的罪！同时做为携程网的白金会员，希望能帮助携程了解到酒店的情况，不要让这样的酒店拖累了携程良好的名声！,9,9,0.9962902069091797
包装盒子不是太好，送人不怎么合适，东西还是不错的,4,1,0.4358324408531189
这苹果放到市场我绝对不会买的，也就是包装好点，还有坏的，下次不会买了！,3,3,0.9980252981185913
性能好 ，速度快，服务周到，价格实惠,1,2,0.2854566276073456
这是我用过洗发水中最差的一个 不知道为神马 之前其他牌子都用过 不管价格贵还是便宜 比这个都好用 我还是看着做活动 也没用过这个牌子的 一直都挺贵的 就没买 没想到第一次买就这么的不喜欢 用了以后 基本隔一天就要洗 不然痒死了 超级不好用 现在只想赶快用完 再也不要买了,4,4,0.9860842823982239
裤子很好，质量不错，穿着很好看，不起毛，是小脚修身，码数也刚刚好,7,7,0.9984844326972961
苹果个头不大，吃着口感可以，颜色也比较正。,3,3,0.9998061060905457
比市场上还便宜，吃起来脆脆的，口感不错。,3,3,0.9870883226394653
"阅读此书,本意是想增加点知识,了解自我的,可是结果目的没有达到,文字冗长,内容也不喜欢,感觉不爽~",0,0,0.999790370464325
宝贝昨天收到了，物流超快，试穿后尺寸完全合身、高档帅气、车工精细没找到线头，非常满意哦！下次再光顾，祝老板生意兴隆！,7,7,0.920969545841217
本来心理是我很感兴趣的范畴，最初看毕淑敏的几本书都还不错，就买了上下两本。结果好不容易看完了，觉得特别特别没意思。想悬念一下没成功，想扫盲一下没成功，想讲个故事也索然无趣。什么收获都没有，太失望了！！！,0,0,0.9952191710472107
健能还不错，不过缺少某种刺激味蕾的存在。蒙牛消健功效强大，已经连续买了两次，嘎嘎希望还有第三次,6,6,0.5237826704978943
左侧usb接口靠的太近，外接设备大点。就不能同时插。光驱声音不是一般的大啊。 手写软件是鸡肋，没什么用。Express扩展卡插槽不是通用型，难道是以后的趋势。以前买无线网卡不能用了。,8,8,0.8528537154197693
总体表现没有太意外。厚度中等，装配间隙还可以。我的大黑边，大黑边。表扬一下音效不错的，显示速度也不错,1,8,0.5945599675178528
不错适合赶飞机,9,9,0.6701235175132751
"这里交通和饮食便利,服务态度好,性价比不错,就是热水不太热,值得推荐.",9,9,0.9866058230400085
清扬还是不错的，还没有用，希望可以去油。活动买的，也不是太便宜！京东自营快递速度很快,4,4,0.6948402523994446
物流超级快。快递大哥态度很好的哟，打开快递真的是没有失望，和我想象中的一样，男票穿的很显瘦！牛仔裤控！满意极了，裤子男票穿走了，没办法上图，总之很好评,7,7,0.978400468826294
好垃圾，对不起这个价,7,7,0.39816099405288696
酒店看起来设施都比较陈旧，房间里居然没有中控，非常不方便。热水到还不错。前台态度一般.,9,9,0.9926536083221436
太次了！裤脚两边向中间翘起个尖尖、垃圾玩意！裤脚还紧的很。真的是一星都不想给,7,7,0.9867159128189087
安装XP和装驱动真是麻烦啊，要是有一键安装就好了，尤其是无线网卡，惠普的网站上居然是错的,8,8,0.966131865978241
"国产的5星级酒店,地理位置相当不错,只是价格和房价不符,1000多的豪华间房?",9,9,0.9917436242103577
挑四个四个坏，已要求原封不动退货，第一次在京东上购买水果，感觉特别糟糕,3,3,0.8492787480354309
真假不论，漏了一半，气死了！！就不能好好包装？,4,3,0.6198962926864624
好，很好，非常好，以后就跟你们买了，方便快捷！,7,7,0.34218358993530273
京东购物就是快，昨天下单今天到，是正品,4,4,0.8462355732917786
蒙牛炫顶杯。还是蓝莓的好吃@HHJ婷小姐,6,6,0.9895105361938477
服务态度，设施没有以前好！住的至尊豪华房，明明有饮料可以免费喝，问服务员竟然骗我们说现在没有了。另外以前住可以延长到下午2点退房，现在12点就要赶人走，服务员态度也是冷冰冰的，1300的房费不值。,9,9,0.9933579564094543
京东专营真不是赖得，包装特别好，一点都没变形，整整齐齐，套装还划算价格更合理，绝对好评！配送员态度非常好，非常负责任?,4,3,0.4095213711261749
京东在诱导消费图片上明明有吹风机结果货发来却说没有,4,4,0.5893834233283997
地段马马乎乎。但这个楼本来就像写字楼一样，大部分都是人家办公的地方，少部分楼层是客房。房间不大，设施也有点旧的样子，早餐更是残不目睹。我真的觉得他能评上3星是奇迹,9,9,0.9953480362892151
蒙牛、伊利绝对没问题！有问题的是刁民！……,6,6,0.9705450534820557
双十一买的，现在都还没到啊，怎么回事啊,7,4,0.682914674282074
买了三次。苹果一次比一次小，人与人之间最基本的信任呢？,3,3,0.8085421919822693
味道不错，口感好，孩子喜欢吃，京东的送货非常及时。,3,3,0.9885050654411316
刚到前台，那服务态度，简直像大姐一样，态度还能再差一点吗？房间无线网不好用，给总机打电话，总机一点不耐烦的样子…你们的服务员是不是都让客人有种爱住不住 不住就走的感觉？,9,9,0.9902673363685608
今天又买了一套送给女儿的班主任，希望班里所有的同学都能得到正确的引导！,0,0,0.9862269759178162
一直喜欢的牌子，好好好好好……,7,4,0.5997570157051086
做工不够细致，没主要表现为 启动按钮生涩 光驱合上时生涩 发热较大  外壳会粘手印,8,8,0.739530622959137
发货慢就不说了。刚收到裤子就降价***！太不厚道了！客服服务态度差劲,7,7,0.9734086394309998
应该是假的，味道感觉都不对！,4,3,0.585318922996521
手机充满电一天下来也没玩就接了几个电话手机几乎就没电了，找卖家卖家不给处理说什么你不用的时候就把应用管了，请问一天下来都没玩卖家你懂啥意思吗？不是发票丢了直接就退货了，这种卖家没有良心专坑消费者，望其他朋友注意下,1,1,0.9627499580383301
"总体比我想象的要好.不错,下次还会考虑入住",9,9,0.9709314703941345
苹果又脆又甜，还不错?，虽然有点袖珍，但对小孩子来说一下子吃一个刚刚好。苹果也没有坏掉的，一个个包装的很好。,3,3,0.9990577101707458
卖家服务态度很好啦，关键得看质量。就质量问题，我感觉还是不错的，很耐穿，也很耐用。就是洗的时候不能用力过猛，得用温水比较好，可以很好的保持款型和性价。总之真的很不错，喜欢的宝宝们赶紧快来选购吧！走过路过千万不要错过哈。买裤子，就来这家买，真的很不错。,7,7,0.9906941056251526
生产日期6月19号？你们咋不把去年的苹果送来呀！,3,3,0.9034730195999146
质量真心差！特别薄，线条和线缝之间只要稍微一动感觉就要裂开了，蹲一下起来，裤子全部邹巴巴，更别说洗一次根本就是变形，好垃圾的裤子，还敢卖这么贵，*都不值！！！特别要说的是：客服态度不是很友善！总体感受就是花钱受罪！,7,7,0.9976916313171387
潘婷的洗发水护发素在东东上买过好几回了，每次一买都是好多感觉挺好用的，说话的话刚好赶上618了，稍微有一点慢。大瓶是500毫升的，感觉也不是特别多，用着挺方便的，没有太大压力。,4,4,0.9921442270278931
书的质量还可以，内容也还行。感觉一般！,0,0,0.9527876377105713
第二次买了，这款小平板音效好，外观大气。运行流畅，,1,1,0.8902194499969482
用过感觉很好，看到做活动就买了！,4,4,0.8180352449417114
没有坏的，已经是第二次在京东买苹果了，省了出去的时间，京东快递赞一个,3,3,0.9116302132606506
看了《公平定律》中兄弟恩怨一章，我想说“一个巴掌拍不响”，孙寅贵在替自己辩解洗冤，反而让观者心生反感。孙老板有钱用1500万炒作此书，为什么迫不及待地要卖自己天津百龙公司呢！,0,0,0.9124828577041626
东西可以，用着方便,1,1,0.47044798731803894
公司饭堂的牛奶居然是蒙牛和伊利的，太坑爹了。。。我要晨光。。。,6,6,0.9703346490859985
一直在京东上购买东西，非常好的。服务好，产品好。,3,1,0.2997737228870392
XP安装比较麻烦，关键是一定要找一张带ICH9的XP安装盘。按照网上说的方法安装后，未发现声卡问题。,8,8,0.882479190826416
住了一个晚上的大床房，总体感觉不好不坏。房间是超级大，还有吧台，不过对我来说没什么用处，装修感觉不够轻松。刚进房间放下包就有小姐打电话来问需不需要按摩服务，让人怀疑是不是酒店有什么猫腻。卫生间洗澡水超大，但是洗浴用品比较少，不过有一大堆乱七八糟的东西像什么安全套，一次性内裤，祙子等等要收费。地理位置倒还不错，交通还算方面。还有一点，早餐比较一般，而且位置太少了，等个位置吃早饭等了好久。补充点评 2008年7月13日 ： 忘记说了，房间内打长途竟然还要钱，而且宽带上网巨慢。,9,9,0.9954169988632202
"外观很漂亮,手感也不错.功能齐全",2,2,0.8054378628730774
我怀疑是二手货，一个是没有贴进网许可证，二是贴着屏保，不知道出厂就是这情况还是之前的买家贴的屏保。还有就是金色太丑了。,1,8,0.40077173709869385
没住过这么差的酒店。首先不能刷卡。而且服务质量极差，我刚到时安排房间是未打扫的，再安排还是没打扫的，第三次才安排了干净的。我当时致电携程想换酒店，携程告诉我，我当时订酒店时承诺了未入住也付款（房间紧张），无奈，只能住了，我就不明白，那么多房间空着不打扫，紧张什么呀。办完手续，前台告诉我电梯是坏的，我提着三个大包爬上五楼，行李员，保安，服务员看见了根本就不管，估计心里还在笑呢。第二天早餐时发现包括本人才有三个人吃，而且餐台上的食物也就够十个人吃。就这个还以房间紧张为由，要求未入住也付款？酒店缺乏应有的诚实。后来携程客服的一个人以四倍的语速给我来个电话，估计以前是说绕口令的，说的东西其实几乎就没听清。主要意思是酒店的经理会亲自跟我因入住时的问题道歉的，但一直到我退房，也没人过问过。本人喷血不推荐前往该酒店。,9,9,0.9950041174888611
看看这烂苹果，一直信赖你就这样对顾客吗？,3,3,0.8088635802268982
我定的是大床房，到酒店报了携程却给了我一间电梯边的房间，窗外也无任何景色之谈，客房小的就只放一张大床，还被告知就只有这间房，不满意也没有房间可以换，没想到通过携程订的房会是这样，反正下次是不会入住了。但房间的洗浴卫生方面还是满意的。,9,9,0.9924898743629456
自从MOTO开始手写手机后，我一直使用它的机器。A1200是我用过一天后最失望的。对于我们这些商务人事来说，什么功能都没有方便的电话、通讯录、通讯录查找来得好。令人吃惊，这个手机在这些方面糟糕到了极点。,2,2,0.972810685634613
气味很淡，不喜欢这玩意。。。洗发效果一般,4,4,0.8256707191467285
头发一点都不顺，和在超市卖的差别很大，可惜了买了这么几瓶感觉要丢掉了唉,4,4,0.9460642337799072
电池待机时间短，翻盖太厚。不能翻页（在看短信，查电话簿）。,2,2,0.7114934325218201
在衢州能住到这样的酒店算是很不错了，房间液晶电视，窗口看出去是条小河，还送了水果，算是很不错的啦，就是周围环境一般，没什么可以逛的...,9,9,0.9916885495185852
闻到一股果香味，就知道是好果。京东自营的水果就是好。,3,3,0.9984263181686401
整体感觉还不错，房间比较干净，服务也比较好，美中不足的是早餐品种较少，这也是山东酒店的通病，只有济南、青岛几家酒店早餐可以，其他普遍都一般。另外酒店略显陈旧。,9,9,0.9903751015663147
挺不错，价格好，房间也不错，交通也方便。值！,9,9,0.8141376972198486
东西收到了，京东就是快。隔天到。哈哈哈，满意。,4,4,0.4844730496406555
还可以吧，毕竟千元机，出来也好久了,1,1,0.6799245476722717
分辨率不高，有点后悔买这个，听说小米在这个价位 质量会好点。,1,1,0.8685301542282104
书的印刷质量很差，有盗版书的感觉，很多页字迹模糊，看起来很费眼。书到了感觉很失望，找不到阅读的感觉。,0,0,0.9926655888557434
伊萨奥体咯照片咯终于深,4,6,0.6737977266311646
6月初买的告诉我跟618优惠一样，今天一看*说，送的东西也比以前的多，强烈建议大家以后买京东的东西搞活动当天再买，平时再也不买了,1,4,0.6389438509941101
价格便宜，功能强大。去中关村拿还要3600带票呢，这次才3299带票。够便宜,8,1,0.6570363640785217
环境很脏，不干净，床单好象很久没换过，破旧不堪,9,9,0.9879933595657349
没有包装好，好失望的购物,4,4,0.41496002674102783
送货速度快，性价比高，商品不错，值得购买。,4,7,0.2121259719133377
好几个烂芯的苹果，越来越差了，物流还慢,3,3,0.9845369458198547
很久没有读到这样的书了， 买了后我一股气把它把它拜读完毕， 真是一本难得的好书， 堪比当年我读金庸， 可是金庸的手笔更粗放， 更豪爽。  非常男人的一部小说， 对于感情的描述又是那么让人感动， 在这样一个物欲横流的社会，仗义、真情、信任、直率， 早已被人们淡忘，我欣赏主人公，更欣赏作者， 为我们在盛夏奉献了这样一部力作。,0,0,0.9986773133277893
