text,true_label,pred_label,probability
探秘中国巨幕：是山寨高仿还是国货精品IMAX中国巨幕成本1000万以上最低100万左右，其余视情况而定亮度(实测)30000流明36000流明银幕大小(米)22×12.520×12音响6.1声道11.1声道片源需要严格筛选，并需要经过DMR技术转制无特殊限制分辨率(数字版)双机2K双机2K票价(UME)140元(华星)90元(双井)版权许可费用7万美元左右/年不详独立知识产权有部分有，部分暂无认知度全球知名较低售后服务有固定团队，可远程登录解决问题需由不同产品供应商分别解决附二：IMAX声明IMAX公司在过去四十余年一直致力于为全世界的消费者提供高端的观影体验。此间，虽然我们在多个市场都面临竞争，但是我们的突破性技术、遍布全球的网络和全球品牌认知令我们脱颖而出，至今依然领先众竞争对手。IMAX公司与消费者、电影公司及导演都保持着非同凡响的良好关系，他们被IMAX品牌所传达出的品质与创新精神吸引，在近百个世纪一直追随IMAX电影和IMAX影院至世界各处。IMAX公司是市场的先锋及领导者，为消费者提供身临其境的观影体验，也吸引了若干跟随者效仿我们的品牌。我们欢迎良性竞争，并鼓励消费者亲身体验IMAX带来的优越观影感受。专题策划 陈弋弋专题撰文 王玉年新浪娱乐讯 8月8日，3D电影《蓝精灵》首映礼在京举行，与《蓝精灵》一起走入观众视野的，还有一种名为DMAX的巨幕放映技术，这也是“中国巨幕”的概念首次正式面向公众和媒体公开。DMAX的推出马上在微博上引起强烈反响，有网友认为DMAX“眼镜轻，画面亮，色彩好，不闪不跳，只是票价略贵”。但也有网友直言DMAX与IMAX相比，就是中国特色的山寨货。比起“洋巨幕”，号称放映亮度高于IMAX近20%，而成本远低于IMAX放映系统的“中国巨幕”究竟质素几何，新浪娱乐独家专访了中国首家DMAX影城经理、DMAX研发牵头人以及美国IMAX公司，以及电影技术行业专家，共同探讨“中国巨幕”，到底是反垄断的国货精品还是赚快钱的山寨高仿。《蓝精灵》：DMAX中国巨幕初亮相经过《阿凡达》《变形金刚3》等几部电影的推波助澜，IMAX公司在中国得到了迅速的发展，目前已经有37块左右的银幕落户科普类影院和商业影院。虽然所有人都知道IMAX是好东西，但高额的成本使得一些中小规模影院对于引进IMAX望而却步。最早引进IMAX的北京UME影城经理刘晖介绍，整个IMAX放映系统的成本高达千万。8月8日，3D电影《蓝精灵》在北京UME影城双井店举行了首映活动。到场的媒体发现，放映《蓝精灵》的影厅门前写着大大的“DMAX”字样，与大众熟悉的IMAX洋巨幕仅差一个字母？DMAX是什么？翻阅手中的资料后，当天的观众发现DMAX有着许多吸引人的优势：银幕亮度高于IMAX近20%，这就意味着观众一直诟病的3D电影过暗的问题得到了解决？具备11.1声道音箱，这意味着现场的声音效果将更加震撼？整套放映系统成本只有IMAX的1/10，这意味着高票价将有下调空间？不仅如此，DMAX还有另一个响亮的名字——“中国巨幕”。带着诸多的好奇，当天的观众看完了整场电影。观影结束之后，新浪娱乐对一些观众进行了抽样调查，媒体人Y先生表示，DMAX的亮度确实比IMAX好，不过画面的质感还是稍逊于IMAX，不够细腻。但由于《蓝精灵》没有IMAX版本，因此无从横向比较。网友落拓枣认为，DMAX静态画面尚可，但是画面移动起来的时候，图像拖影厉害，让人觉得头晕，至于亮度问题，落拓枣觉得可能还是与影院灯泡功率是否开足有关。白先生觉得，DMAX的亮度没有像介绍所说超越IMAX银幕20%，只是差不多而已。网友小猫王则表示，DMAX的眼镜非常轻，画面十分细腻，甚至连蓝爸爸的胡子都看得很清楚，但是画面动起来时，有一些细节会变得模糊。对于这个名为“中国巨幕”的DMAX成本仅有IMAX的10%这一点，绝大多数人都觉得不可思议。北京UME影城经理刘晖介绍，DMAX影厅最大的成本主要来自放映机和银幕，这两项产品的花费在100万人民币左右。而同样来自UME影院管理公司旗下的UME华星影城，IMAX影厅的成本就超过了1000万。在北京UME影城，同样时间段的场次，普通3D电影票价80元，DMAX电影票价在90元左右，而IMAX的票价则高达140元。也就是说，DMAX比IMAX便宜40块钱，仅仅比普通3D贵10块钱。中国巨幕：初生即遭质疑为“另一个高铁”一切听起来都是那么完美。但当这个价廉物美的“中国巨幕”诞生的消息在新浪微博上开始传播后，质疑的声音立刻响起。有网友称：“任何地方都查不到这项成果的技术信息，这肯定是骗子伎俩。”“只炫耀亮度和大小，没有配套的，受行业承认的流程，没有独特的片源，就生产出一个灯泡，山寨货的特点全具备了。”“全是国外设备的拼接，没有一个是本国的，还号称自己世界领先，多像另一个高铁。”要搞清楚DMAX是什么，首先要知道我们平时观看的IMAX是什么。IMAX即Image Maximum的缩写，意为“最大影像”。是一种能够放映比传统胶片更大和更高解像度的电影放映系统。整套系统包括以IMAX规格摄制的影片拷贝、放映机、音响系统、银幕等。而DMAX则是“中国巨幕”的一种，D，指digital(数字的)，介绍中称，DMAX是一中国自主研发设计的巨幕放映系统，整合了多家公司提供的放映设备。和IMAX比起来，DMAX强调了国产品牌，造价经济，放映亮度高，片源不受限制等优点。这也引发了IMAX和DMAX之间关于专利权、产品优劣程度的诸多争议。到底DMAX是是想赚快钱的山寨货，还是反外国公司技术垄断的国货精品，多方一时众说纷纭？DMAX来势汹汹，自称“高质低价”，无疑将矛头对准了IMAX。承担DMAX系统主要研发工作的中国电影科研所所长，也是研发“中国巨幕”的核心人物杨雪培，在与新浪娱乐对话时，对DMAX这个名字并不以为然，他反复强调DMAX只是北京UME影城的商业做法，并不希望炒作DMAX的概念，“我们的目的不是和IMAX竞争，DMAX这名字只是符号，我不主张非要起‘××MAX’这种名字。我们强调的是中国自主知识产权的数字放映系统，将来别的影院巨幕系统也许还有其他的叫法。”杨雪培介绍一系列国外影院的巨幕系统，证明IMAX早已不是一支独秀，这其中就包括美国帝王(Regal)院线推出的RPX系统，AMC院线的ETX系统，喜满客(Cinemark)的XD系统，澳洲Villige院线的VMAX系统，这些都是IMAX之外的巨幕——号称拥有和IMAX相似的放映效果，却又都是各国自主的产品。杨雪培的一番解释，引出了“中国巨幕”的概念，对于网友普遍关注的问题，他也正面做出了回答。争议一：为什么没有公开技术信息？杨雪培认为，IMAX从拍摄、制作到放映，一直是胶片时代电影的神话。但进入数字放映时代之后，IMAX不再是一支独秀，“很多IT行业都发展起来了，为我们拓展数字化放映提供了非常好的基础。”杨雪培表示，电影没有数字化的时候，其他行业的数字化都发展迅速，这给电影放映数字化提供了很好的帮助，也使得IMAX的高端技术不再那么高不可攀，“电影不是一个研发基础课题，而是应用技术，能够把人家好的技术应用起来就好。”有网友认为中国巨幕虽然看上去比IMAX亮，但是能否达到宣传语所说的“比IMAX亮度高20%”，还是令人比较怀疑。DMAX的研发机构之一，中国电影科研所所长杨雪培介绍，IMAX的数字放映机技术来自科视，测出来的亮度是是30000流明，DMAX采用了巴可32B放映机双机放映，号称可以达到45000流明，也是吉尼斯世界纪录上记载的亮度最高的放映机，经过科研所测算，实际放映可以达到36000流明。所以可以肯定地说，DMAX的亮度超过了IMAX的20%。与这些验证观看效果的普通观众比起来，也有一些资深影迷关注到了DMAX的技术专利问题，网友magasa直言，“任何地方都查不到这项成果的技术信息，这肯定是骗子伎俩。”而到目前为止，全国也只有UME影城双井店大规模地对DMAX进行了宣传，这也不得不让人对“中国巨幕”的可信度产生疑问。如果DMAX真的从成本到观看效果都优于IMAX，那为何中国电影科研所从未对外公开宣布过相关讯息？为何没有申请专利？“中国巨幕”何时正式走向市场，与观众见面？为何到现在为止依旧没有足够的信息可以查询？杨雪培解释，“中国巨幕”目前已经进入了课题论证阶段，也正因为此，所以没有大张旗鼓地在网络上进行推广。“技术标准、影院建筑标准等都应该有基本的规范。”杨雪培说，“银幕亮度应该达到多少，银幕高宽比、坡度、扬声器有多少个声道……科研所正在规范放映系统的技术指标，预计在2012年正式公布。”杨雪培还强调，“中国巨幕”一定会申请专利，但专利获得批准尚需时日。对于DMAX的“低调进攻”，IMAX公司也打破沉默，在接受新浪娱乐的采访后，发来官方声明强调，“IMAX公司是市场的先锋及领导者，为消费者提供身临其境的观影体验，也吸引了若干跟随者效仿我们的品牌。我们欢迎良性竞争，并鼓励消费者亲身体验IMAX带来的优越观影感受。”而对于DMAX是否涉及侵权，IMAX公司目前没有给出答复。争议二：“中国巨幕”会降低巨幕电影放映门槛吗？IMAX作为目前最受欢迎的电影放映，对影片有极高要求。所有在IMAX放映的普通电影，都要经过一套DMR(数字原底翻版)技术的修复，IMAX公司通过数字化提高普通影片的影像和音响质量，使之适合在IMAX影院放映。经过这种技术处理后，影片的影像质量就能够达到观众期望的IMAX体验。每一年，在IMAX影厅放映的电影不过20多部，这也使得IMAX电影显得格外稀有。而“中国巨幕”号称不受片源限制，这也让许多业内人士产生怀疑，“中国巨幕DMAX”放映门槛相对较低，难免会有不适宜在巨幕上放映的电影滥竽充数。网友magasa称，“把这玩意和IMAX相提并论肯定是混淆视听，IMAX是从拍摄到后期制作到洗印到放映的一整套流程和独特技术，这个DMAX顶多是一套大功率放映设备。”相比IMAX，中国巨幕则对于放映的电影不加过多限制。普通电影画面，如果没有经过特殊的技术转换，在巨幕放映后一定会使得画面受到损失吗？这就成为了很多网友关心的话题。中国电影科研所所长杨雪培认为，这样的担心有些多余，他援引《现代电影技术》杂志2011年6月号一篇名为《IMAX的神话与数字电影时代的巨幕放映》的文章表述了自己的观点，文章称，“数字电影在全球的快速发展，2K放映系统特别是数字拷贝成本的不断降低，银幕亮度的不断提升，已使得画面完美地投射到了25米的银幕上……”文章还认为，结果横向比较《唐山大地震》和《怪物史莱克3D》两部电影在不同放映系统下的表现后发现，画面的亮度和清晰度几乎没有差别，这说明采用普通数字电影2K放映机进行巨幕放映是可以实现的，在关键技术上不存在明显的障碍。这就意味着，任何在主流影院放映的数字拷贝，都可以在“中国巨幕”上放映，这就意味着“中国巨幕”不会像IMAX一样受到片源的限制。但杨雪培也认为，能够在巨幕放映的最好还是通常意义上的“商业大片”，相对节奏较慢的文艺片并不适合在巨幕放映，“《蓝精灵》开头那一段坐着鸟飞的情节，在巨幕观看就有一种失重的感觉，像是坐太空舱一样，如果没有那么大的银幕，就没有那么明显的感觉，巨幕让电影更具备了临场感。”争议三：“中国巨幕”为何如此便宜？尽管宣传资料上称DMAX系统成本仅需IMAX的10%，但参与DMAX研发的中国电影科研所所长杨雪培还是强调，只能说“中国巨幕”成本要大幅低于IMAX，究竟便宜多少还要视情况而定。俗话说一分钱一分货，那成本动辄超过千万，票价动辄过百元的IMAX是否真有过人之处呢？杨雪培表示，IMAX拥有多项专利技术，在某种意义上还是处于垄断状态，影院要拿出相当一部分的票房收入和IMAX公司分账。此外，IMAX公司每年都要向影院收取版权许可费用，这笔费用在7万美元到10万美元不等。杨雪培甚至还认为，“IMAX影厅建设费用超过1000万人民币，个人认为有一半是IMAX品牌的价值。很多美国人都不理解，为什么你们中国有那么多IMAX影厅，我们都买不起。如果各类费用没有那么高，IMAX票价也不至于高那么多。”尽管DMAX系统在各个环节还是使用进口品牌，但最近几年，许多具备独立知识产权的放映系统配件逐渐走到了市场。杨雪培表示，国产的大功率数字疝灯灯泡，凭借物美价廉的优势，已经远销海外，“他们卖12000元，我们卖6000元，以前影院用的都是欧司朗、飞利浦这样的进口货，现在越来越多的影院开始使用国产灯泡了。”此外，国产20多米高的金属幕也已经在安徽马鞍山开始生产了，美国的公司曾专程去考察，并且准备开始从中国订货。此外，维持双机放映图像重合的图像处理器，中国也具备了自主的知识产权。这些应用都将会在“中国巨幕”中出现。部分核心产品的国产化，也是“中国巨幕”降低成本的原因。这些设备不再依赖进口，拥有独立的知识产权，也不会被外商漫天要价，一定程度上争取了主动。虽然中国放映设备的国产化逐步提高，但杨雪培承认，巨幕系统中两个非常关键的环节：放映机和服务器，还必须依赖于进口。而放映3D电影的灵魂组件——3D设备，目前绝大多数也要买老外的。DMAX刚刚面世，同IMAX比起来放弃一定程度的品牌价值，用低廉的价格来吸引影城加盟，是再好不过的办法。而将许多放映设备做叠加的方法，也颇似电脑城里的兼容机，也就是俗称的组装电脑，虽然配置不逊于品牌机，但价格显然会便宜许多。正如杨雪培所指出的，“中国巨幕价格要视情况而定”，这就与兼容机可以根据顾客要求，自由选择机能不一的电脑配件有异曲同工的感觉。争议四：DMAX到底是不是兼容机？标准的IMAX银幕尺寸在22×12.5米以上，而UME双井影城的DMAX银幕尺寸为20×12米，比标准IMAX略小。北京UME影城经理刘晖介绍，UME华星店的IMAX影厅有387个座位，而UME双井店的DMAX影厅则有360个座位，不过两个影厅面积到底分别有多大，刘晖也没有详细的数据。再来对比一下IMAX与DMAX的“配置”。长期研究影院放映技术的行业专家赵松(化名)介绍，虽然其他公司会帮助IMAX制作定制产品。比如数字芯片是与德州仪器的DLP(数字光处理)设备进行的合作，数字放映机是科视授权的，但IMAX的核心技术都是自己的，是一整套完备的放映系统，每一个环节都打上了IMAX的标签。而DMAX的设备则来自多个供应商，放映机来自比利时的巴可，银幕来自英国的哈克尼斯银幕，音响则是巴可公司的11.1声道音箱，3D设备是韩国的Masterimage。赵松总结认为，IMAX就好像是个人电脑中的品牌机，DMAX更像是个人电脑中的兼容机。这个比方非常生动，也衍生初更新的问题——巨幕系统的售后服务如何解决？IMAX公司的工作人员介绍，IMAX的放映设备如果出现程序问题，会有专人进行远程数字登录解决问题。如果是胶片和硬件设备出现问题，公司会派专人前往影院解决问题。除此之外，IMAX公司还会对客户购买的设备进行半年一次的定期检查，第一年不收费，以后需要收费。刚刚开始推广的DMAX目前尚未开始面对维修问题。但显然，在这一点上，它远远不及IMAX的一条龙服务。所有来自世界各地的产品，都需要由相应环节的供应商来做维护。放映机坏了，就要找放映机的供应商，3D系统坏了，就要找提供3D系统的公司。中国电影科研所所长杨雪培希望，“中国巨幕”将来也要有专业的维护团队，实现像IMAX那样实时在线维护，并且将各个行业技术融合到一起，“反正不能让IMAX垄断这个市场。”结语：中国巨幕来势汹汹，获得了媒体和行业内的广泛关注。但到底它与IMAX相比效果如何，由于《蓝精灵》没有IMAX版，因此还无法做直观的比较，但中国巨幕迟早要与IMAX正面交锋。在这场战役中想要获胜，光靠赚快钱的思路是肯定不能成功的。中国巨幕要想占领市场，除了要争取知识产权自主外，还有学习国外公司优秀的管理技术，专业的经营理念，以及数十年如一日的专业精神，这样才能将中国巨幕经营为“百年老店”，而非像“EVD”(一种数字光盘格式)等“中国概念”一样，成为昙花一现的商业噱头。中国电影科研所所长杨雪培认为，随着4K数字技术的不断完善，未来的数字放映将会以4K技术作为高品质的标杆，中国只要有200块4K银幕，就可以满足观众基本的观影需求。,2,9,0.9763566255569458
华表奖红地毯抢奖项风头：在娱乐的道路上行走28日晚，由央视电影频道承办的第14届华表奖颁奖典礼举行。本届华表奖保持了“双黄蛋”的传统，也更突出了主旋律特色。徐帆和娜仁花获得优秀女演员奖，葛优和李雪健分获优秀男演员奖。相比奖项结果，助阵明星似乎更让人关注，不仅有成龙(微博)、周润发、刘德华等巨星亮相，国内三大导演张艺谋、陈凯歌(微博)、冯小刚(微博)更是悉数出席，红地毯“星光灿烂”的喧宾夺主，颁奖结果却让人索然无味，华表奖究竟是为谁服务？是电影还是娱乐。红地毯抢了奖项的风头本届华表奖的颁奖典礼大牌云集，星光灿烂。张艺谋、陈凯歌、周润发、王家卫、成龙、刘德华、张震、巩俐、杨紫琼、蒋雯丽、冯小刚、徐帆、王全安、张雨绮(微博)、孙海英(微博)、吕丽萍(微博)、汤唯、容祖儿(微博)、阿娇(微博)、阿 sa、 张涵予(微博)、刘亦菲、张静初(微博)、刘晓庆(微博)、尔冬升、周迅、闫妮等明星都是盛装而来，章子怡(微博)的黑色蕾丝礼服、袁莉(微博)的透视装，明星引发的话题似乎远胜奖项。作为政府奖的中国电影华表奖，一直以来评选的依据不完全是票房和市场，更多的是思想内涵和教育意义，这让华表奖显得很严肃。相比有着熠熠星光的红地毯，颁奖结果显得非常平淡。本届华表奖不仅下着“双黄蛋”，还有特别的主旋律。导演韩三平、黄建新凭借《建国大业》，导演王珈、沈东凭借《飞天》共同获得优秀导演奖，一个“双黄蛋”四个导演领奖，浩浩荡荡的阵容令人咋舌。葛优凭借《赵氏孤儿》、李雪健凭借《杨善洲》共同获得优秀男演员奖，徐帆和吕丽萍两位“冤家”再次碰面，不过这次徐帆打了“翻身仗”，凭借《唐山大地震》获优秀女演员奖，同时获此奖项的还有《额吉》里的娜仁花。而《唐山大地震》《建国大业》《飞天》《杨善洲》《秋之白华》《山楂树之恋》《钢的琴》《建党伟业》《郭明义》《赵氏孤儿》则获得优秀故事片奖，其中，主旋律影片占了多数。两个奖项与西安有关值得一提的是，第14届华表奖有两个奖项与西安有关。由西安曲江梦园影视出品的电影《孩子那些事儿》荣获优秀少儿影片奖，本片由吴天明担任制片人，导演王竞执导。影片改编自未夕的小说《绿绿的五(4)班》，讲述了一个既贴近生活、又生动特别的师生故事。看过此片的多位专家评价：这是一部真诚、充满爱心和社会责任感的作品。影片没有刻意回避当前校园中存在的问题，如应试教育、心理问题、学习压力，以及社会不同价值观对校园的渗透等。同时，影片把握健康阳光的主基调，所展现的师生间纯净美好的情感令人动容。据悉，电影《孩子那些事儿》即将上映。西安演员文章(微博)2000年出道，这次凭借《海洋天堂》里的出色表现获优秀新人男演员奖。在获奖感言中，文章称《海洋天堂》是自己第二部出演的电影，得到最佳新人奖很意外，以后有导演找自己，一定多拍电影，没有就接着拍电视剧。文章还笑侃，自己的孩子还留在上海，而自己和马伊?(微博)都来参加华表奖，所以今晚夫妻俩要在北京过二人世界了。本报记者王娇莉夏明勤,2,6,0.8187669515609741
袁莉镂空礼服亮相红毯 名导纷纷赞好看(图)在前晚的华表奖颁奖典礼上，以《永不瞑目》中“欧阳兰兰”一角成名的袁莉(微博)，以一袭镂空礼服hold(微博)住全场，不仅让同台的章子怡(微博)成了浮云，更是在网络上引爆话题。昨天凌晨，袁莉更新微博表示：“不是我太胆大，是有些人太胆小！没什么好后悔的，试衣服时灯光太暗，但我要感谢这阴差阳错借我的勇气，也许这件衣服不是最适合我的，但能hold住这件衣服的也不多！so what！(意为‘那又如何’‘那又怎样’)”一袭透视装引发口水仗网友观点分化，鲜花与板砖齐飞支持的网友表示，“啥也不说了，中国女星中有几个能hold住这件衫的”、“其实也没啥，我们凭什么对gaga宽容却对同胞批评？”“喜欢袁莉这样的性感，大胆直爽，现在的人活得太虚伪，支持你！你很美！”“与瘦到病态、整出来的明星相比，喜欢这种自然健康丰腴的状态。”接受不了的网友则认为，凡事还是应该有个度，“这件衣服，卧室穿挺好，但一个中年妇女，硬要到大庭广众之下穿，就像裸奔世界杯一样，除了成为新闻，就是成为新闻。”网上最绝的留言是，“肖童要是看到小月成这样，永不瞑目要变成死不瞑目了。”“咦，这不是以前的芙蓉姐姐(微博)吗？哦，不是的不是的，芙蓉姐姐眼里是有霸气的。”搞笑的是正版芙蓉姐姐真的还评论了：“华表奖伤不起啊……建议以后所有的颁奖晚会由主办方统一审查礼服……”阴差阳错穿透视装，袁莉坦然说“那又如何”前晚的颁奖典礼红毯星光熠熠，但是，当袁莉以一袭黑色蕾丝斜肩礼服出现时，还是迅速成为焦点，镂空的设计，几乎让她的黑色T-back一览无遗！照片上传到微博和论坛上以后，立刻有网友惊呼：“太挑战常人观点了，和穿情趣内衣没什么分别！”“你hold住了全场！”当晚18：04分，袁莉发了一条微博：“哦，妈妈咪呀，试衣服的地方灯光没那么亮，这强光！天哪！”14分钟后，她发了一张与尔东升导演交谈的照片，照片中袁莉双手抱在胸前，文字是：“赶紧补救，忘了相机是强光！”18：50分，她又发了一条微博：“算了，已然这样，就当是天气热，凉快！”昨天凌晨2：28分，袁莉又发了一条微博，“不是我太胆大，是有些人太胆小！没什么好后悔的，试衣服时灯光太暗，但我要感谢这阴差阳错借我的勇气，也许这件衣服不是最适合我的，但能hold住这件衣服的也不多！so，what！”到昨天下午，这条微博被转发近3万次，评论近2万条。透视装吸睛效果惊人，名导纷纷鼓掌袁莉的这身装扮，让同样以黑色镂空设计礼服出席这场颁奖礼的章子怡顿时成了浮云。如果她的目的是吸引眼球，效果确实达到了。有网友留言表示，“衣不惊人誓不休。再过若干年，你不会记得谁得过什么奖，但会记住，那一年，袁莉穿得很空前。”著名导演何平(微博)发微博表示：“一个人，穿了一件衣服，走在一条特别的路上，只因为好看，凉爽。不需要评委青睐，也不必接受各级审查与恩准，超过今晚所有独占头条。【鼓掌】”欧阳奋强(微博)也发微博支持：“国外的每次红地毯，都有影星打扮抢眼，然后就说：你看人家国外的颁奖礼多好、多开放，那才是真正的走红地毯。袁莉一身蕾丝半透视打扮，看见有些人讽刺挖苦，这个我就不理解了：袁莉为什么不能这样打扮？她的打扮至少我看来是可以接受的。不要用双重标准对待她。”设计师喊都好看都好看这身礼服究竟是时尚还是“肉搏出位”？礼服的设计师叶明子(叶剑英孙女)昨天也现身微博表示：“本来我的设计是有衬裙的只有@Real袁莉 姐姐你能穿出怎么大胆的Version! Your too sexy for my eyes! Too sexy for my eyes!”她还在微博上贴了一张自己身着同一款礼服、但是下半身有内衬的照片，“不同的人穿出不同的感觉，我觉得都好看。” 文/记者 何娅,2,6,0.9654900431632996
国台办：乐见《赛德克-巴莱》在大陆上映导演魏德圣(微博)方面称正在接洽大陆发行事宜  尽量满足审查要求反映台湾少数民族同胞反抗日本殖民统治的影片《赛德克·巴莱》近期在岛内热映。就该片“登陆”上映的问题，国务院台湾事务办公室发言人范丽青昨日在例行新闻发布会上表示，目前有关部门尚未接到引进这部片子的正式申请，如果台湾的制片方提出该片在大陆商业发行的要求，国台办愿积极促成。昨日，该片导演魏德圣方面的工作人员表示，目前正由电影公司接洽影片在大陆的发行。魏德圣本人在之前接受采访时强调，影片依旧会寻求在大陆公映的可能，对于电影局提出的要求，会尽量全部满足。或受益于ECFA“登陆”昨日，国台办发言人范丽青在回答关于台湾电影《赛德克·巴莱》在大陆送审和公映问题时表示，“台湾电影《赛德克·巴莱》反映的是历史上的雾社事件，描写了台湾少数民族同胞反抗日本殖民统治的可歌可泣的悲壮历史。这部片子在台湾上映，观众反应热烈。有朋友告诉我说，场面很恢弘，很震撼。”她还表示，“我们乐见该片在大陆上映。根据我们的了解，目前有关部门尚未接到引进这部片子的正式申请，如果台湾的制片方提出该片在大陆商业发行的要求，我们愿意积极促成。” 《赛德克·巴莱》自9月9日正式上映短短4天以来票房已破亿(新台币)。中秋假期期间，台湾各大影院该影片的上映更是全线爆满。对于是否会在大陆上映，昨日，魏德圣方面的工作人员回应，目前正由电影公司接洽当中，尚无具体档期。根据ECFA(两岸经济合作框架协议)早期收获清单的规定，经大陆主管部门审查通过，台湾影片可不受进口配额限制在大陆发行放映。魏德圣：尽量满足审查要求在威尼斯电影节期间，作为该片监制的吴宇森曾肯定地表示：“一定会帮魏德圣打进内地的。”魏德圣在接受媒体采访时也表示，《赛德克·巴莱》在完成了威尼斯电影节和台湾首映后，将配合大陆审查，修剪成普及版本，寻求上映机会。魏德圣还强调，影片会寻求在大陆公映的可能，对于电影局提出的要求，会尽量全部满足。对于审查这一环节，魏德圣表示，目前得到的反馈是“血腥的东西需要删剪”，“砍头啊。还有孩子杀老师那一点，虽然是想传达一个文化、信仰方面的观念，但是因为大陆没有分级制度，小孩分辨不了对错，所以不能留。完整版本中还有汉人参与该事件的情节，但电影局希望描写汉人的部分不要那么软弱。就是台词改一下，其实电影里的汉人都是经商的，但是他们希望不要显得那么功利。”,2,7,0.9522661566734314
孔子动画亮相纽约广场 携现代山东老乡作揖问好据新华社今晨消息，中国历史上广为人知的先贤孔子的行教画像10月1日以全新的“作揖行礼”的动画形式亮相“世界的十字路口”美国纽约时报广场，将中国人自信大方的谦谦君子之风传递给世界。   ●形象短片孔子携现代人作揖  传达“仁”与“和”这个长度为30秒的短片用富有感染力的水墨画描绘孔子形象，以孔子标准的“作揖行礼”动作贯穿整个短片。片中孔子两手相交，手心向上放在胸前，身子向前略倾，表现出谦恭礼让。短片于10月1日在位于时报广场2号楼、由新华社租赁的238平方米户外液晶显示屏上播出。每年有近一亿人有机会一睹孔子及其故乡的风采。片中选择了不同年龄、不同性别的山东人，以孔庙大成殿、泰山、黄河及青岛海滨等场景为背景行作揖礼，片尾处则是孔子带领这些现代山东“老乡”全家福似的一揖。动画版的孔子形象创意来自唐代吴道子的《先师孔子行教图》。孔子作揖，传达的是中国传统文化中“仁”与“和”的精神，而现代人的作揖则是对这两种精神的传承。近年来，随着儒家文化的复兴，世界对孔子思想的认同感日渐加深。截至今年5月，全世界已有100多个国家和地区建立了300多所孔子学院和400多个孔子课堂。●市民反应“真想亲自去孔子老家看看”纽约市民勒迈尔在时报广场上看到孔子的画面，觉得非常新奇，他说没想到自己在课本里学到过的几千年前的中国圣人会出现在时报广场大屏幕上。“这说明古老的东方文化在今天依然具有影响力，而且是可以跨越国界、互相借鉴的。真想亲自去孔子的老家山东看一看。”他笑着告诉记者。●专家解读象征中国国力上升美国佩斯大学孔子学院副院长周燕玉表示，9月28日是孔子诞辰2562周年，10月1日是中华人民共和国成立62周年。孔子形象在这个时间段亮相时报广场特别有意义，不仅向世界展示了中国的古老文化，也象征着中国国力的日益上升。“儒家思想所倡导的仁者爱人、天下一家的思想在当今全球经济不景气、地区冲突不断的背景下显得格外重要。”她说。整理/记者 程磊,2,5,0.7326657176017761
乔布斯去世引娱乐圈震动 与娱乐业渊源深美国苹果公司5日宣布，该公司前首席执行官史蒂夫·乔布斯已去世。享年56岁。消息一出，竟在微博上引发了从明星到草根的全民刷屏运动，这大概就像微博网友崔斯坦说的那样：“作为一个‘科技见仇’，我知道乔布斯是因为动画。在没见过真人照片之前，他在我心目中一直都是伊娃的样子，而其他人则像瓦力那样痴迷着他。”乔帮主与娱乐业的渊源到底有多深，要从皮克斯动画工作室说起。    1986年，前身是卢卡斯电影公司旗下工业光魔公司的电脑动画部的皮克斯动画工作室(Pixar A nim ation Studios)，被卢卡斯包装成电脑硬件公司出售。当时刚因苹果公司政变，被扫地出门的乔布斯以500万美元的价格买下了它。在乔布斯的经营下，1987年，皮克斯的第一部短片《台灯父子》(LuxoJr)获得奥斯卡最佳动画短片提名；1989年，动画短片《锡兵》(Tin Toy)赢得了奥斯卡最佳动画短片奖；1995年，皮克斯与迪士尼合作的第一部动画长片，也是影史上第一部完全由电脑制作完成的动画长片《玩具总动员》上映，成为了当年的北美票房冠军！《玩具总动员》的成功，让乔布斯拥有了10亿美金的身家，也让濒临倒闭的苹果公司的高层，看到了乔布斯的能力，1996年12月，乔布斯以胜利者的姿态，重返苹果公司。2006年，迪士尼以74亿美元天价买下皮克斯。乔布斯从此成为手握迪士尼7%股份的第一个人大股东。自1986年起，皮克斯动画王国出产了11部动画长片和19部动画短片，不仅给全球影迷带来无数欢乐与感动，更实现了动画电影票房、技术上的完美飞越，毫无疑问，当中乔布斯本人与苹果公司都对皮克斯作品产生了不可低估的影响。娱乐圈大佬们这样说著名导演乔治·卢卡斯：史蒂夫的魔力是当其他人安于现状的时候，他却能看到所接触的所有事物真正的潜能，并在追求梦想的道路上永不妥协。迪士尼首席执行官鲍勃·伊戈尔：乔布斯的遗产不仅局限于开发的产品或创立的事业，他激发了成千上亿人的灵感，改变了人们的生活，重新定义了文化。史蒂夫在彻底创新和想象力方面是那么的“独创”，他定义了一个时代……他的过世使世界失去了一位罕见的创新者，迪士尼大家庭失去了一位成员，我失去了一位伟大的朋友。皮克斯首席创意官约翰·拉塞特与主席艾德·卡姆尔：乔布斯是皮克斯大家庭的指路明灯，他早于我们所有人看到皮克斯的潜质……他给了我们机会并相信我们制作电脑动画片的梦想……他将永远是皮克斯DNA的一部分。时代华纳CEO杰夫·比克斯：世界因为史蒂夫而美好，通过他创造的产品，我们公司述说的故事更丰富。他是一个活泼且无惧的竞争者、合作者、朋友。在我的一生中，社会充满不可思议的技术创新，史蒂夫是一个标志，他的遗产将被追忆千年。,2,9,0.501548707485199
郑裕玲与周润发早年激情床戏曝光(组图)回首郑裕玲的爱情故事，其实在多年来，香港媒体报道得最多的并不是甘国亮跟吕方，而是周润发。周润发和郑裕玲一直被视为“无线”最受欢迎的情侣档。当年，很多观众都希望郑裕玲与周润发能发展成为真正的情侣。,2,3,0.7185121178627014
王家卫获聘香港公开大学荣誉教授(组图),2,7,0.9666434526443481
组图：Angelababy《全球热恋》演“最烂主角” 浪漫喜剧《全球热恋》由陈果监制，是导演陈国辉(微博)和夏永康(微博)继票房大热《全城热恋热辣辣》后的一个延续。星光熠熠的演员阵容包括旧班底的刘若英(微博)、杨颖(Angelababy)、井柏然(微博)，以及新加入的徐帆、郭富城(微博)、 陈奕迅(微博)和桂纶镁(微博)等。《全球热恋》故事讲述一位母亲和她三个成年女儿各自的爱情挣扎。每个女人本身都有一个成就，除了爱情……直至她们在北京、悉尼，以至月球上遇上一段新恋情。华丽、梦幻的《全球热恋》中 ，Mary 妈(徐帆)与三个女儿分别遇上不该遇上的难题对象──爱神最会捉弄人，不管你是航天员(刘若英)、洁癖女(桂纶镁)、偶像明星(Angelababy)，书生、司机还是清洁工人，一样会被它拿来开玩笑。由此可见童话式浪漫喜剧《全球热恋》是一趟赏心悦目、愉快曼妙的情感旅程。此片定于9月8日在香港隆重上映。今次Angelababy饰演女明星黄牡丹，不过她的演技实在太差劲，经常婵联最烂女主角称号，牡丹为此感到十分气愤，决定大变身易容戴假发及眼镜，跑到一家咖啡店应征做待应，目的是透过体验生活增进演技，一洗最烂女主角乌名。电影美术指导Sean Kunjambu为配合Angelababy的明星身份，为她设计多个华丽鲜明的造型，分别是三十年代和八十年代的场景和造型。Angelababy今次在电影中有一场很重要的哭泣戏份，她坦言压力增加了不少：“《全城热恋热辣辣》演的清纯角色，而我又完全不知道电影是怎么样，拍哭的戏份时培养不了情绪，感情有但没有眼泪。但今次在《全球热恋》演不好就会被人唾骂的感觉，于是我找了一个让自己哭的点，听音乐的时候把歌中的情感投放在自己身上，加上喝一点点酒，会较容易投入。”对于再次与导演陈国辉和夏永康合作拍导《全球热恋》，Angelababy形容彼此就像一个大家庭：“Wing很像妈妈，Tony很像爸爸，服装指导Sean是光头就很像一家三口。Wing头发很长，非常细心，这次要求更高，担心是不是我做的不够好，每次都是这个不错，又想加一个进去。当然Wing在美术上会很擅长，Tony就是情绪情绪情绪，要求很高。我看回放的时候，会觉得怎么会这么漂亮？！”,2,6,0.7871325612068176
派拉蒙与梦工厂决定《变形金刚2》6月2日开机近日，多名目击者在洛杉矶及周边城市发现多辆《变形金刚》的车型，被标有“Slider”的拖车秘密运往某个地点，推测是续集拍摄地。令人不解的是，所有的金刚们完全曝光于公路之上，并没被遮掩上，制片方难道在借此宣传新片的拍摄吗？为了让《变形金刚2》赶在2009年6月29日顺利上映，派拉蒙、梦工厂与迈克尔·贝决定于今年6月2日正式开机。 moviesoon/文,2,8,0.8110349178314209
《蝙蝠侠：黑暗骑士》首张终版海报曝光(图)一张绝对可以令蝙蝠侠粉丝们尖叫的《蝙蝠侠：黑暗骑士》(The Dark Knight)终版海报今日华丽亮相，这张海报是在如火如荼进行着的“小丑”宣传活动中发现的。这张只是终版海报里的第一张，只呈现“蝙蝠侠”一人，燃烧的大楼炙热的光芒里，赫然展现出久违的经典蝙蝠标志，“蝙蝠侠”披着战甲，岿然挺立。《蝙蝠侠：黑暗骑士》(The Dark Knight) 由导演克里斯多夫·诺兰(Christopher Nolan)(《记忆碎片》(Memento)《蝙蝠侠：开战时刻》(Batman Begins)《魔道争锋》(The Prestige))执导，剧本由诺兰本人、《魔道争锋》编剧弟弟乔纳森·诺兰(Jonathan Nolan)还有《刀锋战士()》《蝙蝠侠：开战时刻》编剧 David S. Goyer联合执笔。本片将于今年7月18日北美上映！Moviesoon Cupidboy/文,2,8,0.9349105358123779
《变形金刚2》选择美国空军“埋骨场”为拍摄地Comingsoon的新消息称，《变形金刚2》又选定美国亚利桑那州的空军“埋骨场”(The Boneyard)作为一处拍摄地。美国空军“埋骨场”(The Boneyard)，全称为AMARC(航空维护与重建中心)，位于美国亚利桑那州南部城市图森(Tucson)，环绕于桑塔卡他里那山脉(Santa Catalina)之中，覆盖2600英亩面积，由美国空军物质指挥部掌管与整备其存放的各种航空设施。通常被俗称为“埋骨场”，是因为AMARC还承担着飞行器剩余零件的回收与使用过期机身最后处理的工作，另外从高空俯瞰这片辽阔庞大的航空设施储备场，极像尸骨遍野的战场，由此得名。目前AMARC储存了大约4200架航天飞机与许多其他种类的军用装备，它不单可以价值有效地节减税收，还可以在短时间内调度大量存放中的飞机-对停放在这里的战机采取防腐蚀与预先保存的措施，使其能在储存期间保持稳定的状态。另外，来自《空军时报》的消息，标题为“想在下一部《变形金刚》里上镜吗？”美国空军正在招募飞行员充当明年《变形金刚2》的临时演员，制片方想尽可能多地使用服役人员，并组成两队人马，分别定于今年6月2-4日、7月22-25日与7月16-17日、23日、8月22日、9月15-16日到洛杉矶参加拍摄，志愿者们必须熟悉武器与地面战斗操作，拍摄期间住宿饮食乘车费用由制片方报销。,2,8,0.797315239906311
历代蝙蝠侠排座次 贝尔最高分克鲁尼最差(图)声明：新浪网独家稿件，转载请注明出处。,2,9,0.7943320274353027
低调而神秘的富豪低调而神秘的富豪一位辽阳媒体人对记者说：“刘忠田为人低调，而且不涉黑，不像袁宝?。”对于外界，忠旺集团非常神秘。在忠旺集团总部院里，有一座据称比厦门远华案中著名的“红楼”还豪华的小楼，专门招待来参观视察的领导。而占地18万平方米的忠旺集团内部，就像是一个微缩社会，吃穿住行都不用出门，外来者则须经过重重关卡，才能进入。辽宁的媒体和中央媒体驻辽宁记者站的记者，几乎都没有采访刘忠田的机会，许多记者都遭遇过被拒之门外的尴尬。忠旺集团一位员工告诉记者：“近期不用到集团来采访了，现在一切外来车辆和外来人员都不让进大门。” 刘忠田的低调，使人们对其产生了两种截然相反的印象，一种是认为他人很好，很随和；另一种则认为他很“牛”，而且是牛得不得了的那种。辽宁省某厅的一位官员就说，有一次，厅里组织本地媒体和外地媒体记者去采访，到了忠旺集团的大门口，保安连门都不让进，打了个电话，就说老板不在，无法接待。但没多久，这位官员就看到刘忠田的轿车驶出大门，扬长而去。对辽阳本地的官员，他也常常不买账。2007年时，辽阳一位官员带着一个急需贷款的企业主，到忠旺集团去请求帮忙担保，虽然来者以近乎哀求的口气保证说“对忠旺集团的担保会付出较高的利息”，但刘忠田未予理睬。但一位辽阳媒体人士以敬佩的口气说，刘忠田这人非常随和，也非常好心。他举例说，忠旺集团起家于徐家村，刘忠田这么多年一直对乡亲们非常好，给村民发米、面、油，对贫困户都是给上万元的现金。记者询问几位忠旺集团的员工对企业的印象，都说感觉像是在国企上班一样，一线员工每月工资2000元左右，在当地算是中上等，福利待遇较好，只要有大一点的节日，都会发二三百元，有时还会发油、面等。刘忠田很少出外应酬，大部分时间都是在集团内的各企业、车间里面走动，看到有问题立即指出来。“非常严厉，毫不留情面，但只是就事论事。”一位曾被训斥过的员工说。年轻的高管团队港隆实业董事长刘岩比刘忠旺大两岁，两人的人生轨迹相差极大，但最后却殊途同归，成为搭档。刘岩1985年毕业于北京联合大学，毕业后曾在北京一家低压器厂任技术员。在刘忠旺创办化工厂的时候，刘岩则在澳大利亚和新西兰留学，之后到香港创业。在港隆接手威力旺之后，2004年这家合资公司又变更为辽宁忠旺集团有限公司，刘忠田任董事长，刘岩则任副董事长。不过，据上市招股书，刘岩作为港方出资人和副董事长，并未进入董事局。一位忠旺集团的工作人员说，忠旺集团的负责人，就是刘忠田和刘忠锁兄弟，另一位执行董事勾喜辉负责管理日常业务，而“二把手”执行董事路长青，则专门负责上市事宜。勾喜辉与路长青都有专业背景，勾喜辉今年42岁，曾任长春市起重机厂工程师，后来到辽宁工作，从事铝型材模具设计，并进入忠旺集团任副总经理。刘忠田一向不抛头露面，即使是在路演和招股的过程中，也是由执行董事兼副总裁路长青代言，与投资者及媒体打交道。只有30多岁的路长青，是忠旺集团在2007年底从汇源果汁挖来专门筹划上市的高管，曾在投资银行工作，2003年加盟汇源，出任投资管理部总经理，后任董事会董事，在2007年2月帮助汇源果汁在香港上市。进入忠旺集团之后，路长青有了再度发挥专长的舞台，在金融危机之中，帮助忠旺集团改善了公司治理结构，引进风险投资，并成功地推动忠旺集团在香港上市。刘氏兄弟对企业的管理，几乎都是自学来的。其弟刘忠锁今年38岁，大专学历，曾担任过辽化纤维厂的供销科长，后进入忠旺集团，从辽阳福田化工有限公司经理一直做到集团总经理。一位到忠旺集团工作已经数年的员工说，平时刘氏兄弟很少在辽阳，大都到国内外的企业去考察、学习，一有好的经验、新的管理方法，就拿回到企业来试验。而集团办主任郑青山则更为年轻，仅有30岁，2001年在辽阳技术学院中文系毕业后就进入忠旺集团，主要负责企业文化建设、对外交流和党团工作，兼任集团党委副书记、纪检委副书记。(本报记者 高斌 发自辽阳),3,1,0.9790935516357422
"依诺维绅杨建伟：感慨10年发展与未来规划杨总：各位老朋友，还有很多我们认识很久的朋友，还有来自媒体的朋友大家下午好，谢谢大家这么炎热的天来到北京，来到我们公司，我感到非常高兴，今天也是一个非常特别的日子，大家早上听说有日全食，不知道有多少人看到了，我刚刚在电视上看到的。 另外,今天对于我们公司，是庆祝中国成立十周年和大家一起进行一个新系列产品的开幕会的日子，去年代表设计师讲了一下，今年派我来了，希望大家捧场。今天我跟大家聊一下我们08年产品销售总结，我会分两个产品系列，第一是我们大家所说的去年的产品，第二个是09年新的产品的系列，这两个系列进行交流之后，我会跟大家聊一下我们下一个五年，依诺维绅中国发展计划。08年大家都知道，依诺维绅的产品，说实在话我们现在的产品会觉得很杂，08年我们有一些成功的地方，也有失败的地方，我们推出了一些传统的产品。08年我们补充的是棉垫的产品系列，在中国目前还是比较时髦的，我们的产品能够明显递增的就是ISTYLE系列，还有去年超强超厚的产品，目前得到市场的认可，并且开始销售。下面我们怎么去走，这是我们09年，包括现在09年中间，2010年马上就来了，另外金融危机，全球都有一定的影响，大家的心态都有一定的变化，美国市场刚从这个月开始走向稳定，我也希望美国的市场可以回暖，毕竟说我们中国的经济和美国的经济捆绑在一起的。回顾一下我们依诺维绅的发展历史，在座的很多人对我们十年发展历程都非常的了解，我们把我们的产品如果按照功能，我们依诺维绅是强调做功能，我们总结为四代产品，大家都知道，这个LOGO，我估计有十年的经销商，这就是十年前在中国我们做市场推广时候做的LOGO-THE NATUAL CHOICE，最早的是棉垫系列，1999年的年初进入中国销售，大家看到这款产品应该非常熟悉，这款产品是1978年设计的，到现在还是非常畅销的产品，进行工艺非常的简单。图为LOGO-THE NATUAL CHOICE    第二个产品大家知道欧姆沙发，这两款产品到现在到处都是，原创都来自于依诺维绅，后来到迷你沙发，如果把这个总结的话，这是我们第一代功能产品，当时卖的就是简单的沙发床，只不过产品质量和设计上有所突破而已。    生在中国必须适应中国的国情，我们以前一直用的是依诺维绅的英国的商标，但是在国际市场上必须适合国情。这是大家了解的产品，我们的设计师在餐巾纸上画了这个产品，这就诞生了纸沙发，这是全球工艺的创新，包括斯莱沙发，还有舒派沙发，这三个功能是第二代产品典型的代表，但是舒适性上明显提高。    第三代产品我们是基本往更高端走的，第三代产品增加了功能，开始进入了客厅产品，大家知道我们05年在798拍了一些产品目录，刚开始的时候市场是不错的，但是今天回头总结的话，我们发现当时的产品背离我们公司的强项，所以我们今天最终选择放弃了这个产品。    针对客厅研发的就是欧斯沙发，卡斯这样的，基本是初期的功能沙发，可以进入客厅的演变，还有我们今年初的科博，还有斯利带有扶手的沙发，这是我们第三代带有功能的产品。    第四代产品是功能客厅和休闲客厅，因为做了多少年依诺维绅的沙发，我们说消费者买依诺维绅的产品，下面是客厅和卧室。而我们第四代产品争做第一选择，还有我们出了第四代功能产品，这个是休闲斯浪，进身非常大。图为功能客厅和休闲客厅    还有超舒适的比特，比特的销售在明显的上升，而且舒适度非常高，他的销售面积目前很高，还有我们说的朗格等等，这些沙发由于价格比较贵，在消费者接触的初期是比较难的，但是我们从市场的收入和反馈，目前第四代功能性的产品，已经开始得到市场的认可，因为你掏一二三的价格，买的产品是一样的，这是我们依诺维绅的目标，这个目标需要慢慢的实现。    还有浪合这款产品，我们做的是品牌的设计，这个产品在丹麦的家居品种里面功能上是超前的。还有新动感系列，这是2001年的产品改型的。    第四代新功能产品出来大家发现，像这款艾维特，功能的展示和方式和以前都是不一样的，像艾维特，莫泰，这些沙发都是标准的沙发，也展示出了沙发床，并且舒适性非常高。这款产品有90和1.4米的，90厘米的不占用书房的空间。    09年到2010年的BOHEMIAN系列，也是我们目前销售的主题，我们也想把沙发床这个系列做大做强，第二个做的是延伸我们的产品强项，这个需要很长的时间奋斗，也需要市场的认可。    另外我们今年在这个系列产品当中做了比较大的改变，增加了不同的产品选择，不同的价位，这类型的也比较多，增加了我们产品系列的竞争能力，第二个是去年大家知道我们的客厅销售最多的面料是花纹面料，今年我们在花纹面料上做了很大的工作，我们大家看到我们的报纸上有设计师写的话，我们感觉非常的吃惊，所以我们今年开发的面料比较多，根据我们功能客厅开发的做了很多的小产品推介，还有细化我们的消费要求。    关于 BOHEMIAN新面料，我们开发了丝绸、亚麻，还有纯毛料，还有真皮，以前做过很成功下面我们会做真毛料和真皮，陆续的产品开发有一个前提，每年都受限的，我们的新产品会陆续的推出，像以前受制于一年开发期限。这些面料都是设计师通过中国的文化灵感做的，我不知道大家对这款面料认识不认识，这个看到我们评估中国最传统的纹路，而且有新增的花纹。这款面料同样是餐厅里面很简单的，比较传统的中文的纹路，但是现在目前我不知道市场的反映如何，但是都是通过中国人的喜好和消费者的喜好研发制作的。新的不同的产品，大家看到的是功能客厅开发的，包括单人的沙发，还有比特单人沙发，舒适性都非常好。还有浪合单人沙发，这部分都是消费者有不同的需求，需要单人的产品。今年的茶几做了相当一部分，我们今年开发的茶几前后开发了四十款左右，但是最终选出来的实在太少了，做产品研发真的非常非常累，这款产品只是一个小茶几，大概50厘米，玻璃面也有几种选择，这是一个双层的，这是80的茶几，这是一个96的，基本上1米直径的双层的茶几。    BOHEMIAN今年的市场推广，我们引用一句话，在市场推广方面，有时候我们说不愿意做和别人一样的事情，所以我们今年会有一些创新，但是不知道市场会不会接受，今年我们选择报纸印刷，我们也是第一个做目录，因为根据你产品研发的需求，市场变化的超速发展，随时跟进，所以报纸是非常好的推广的工具，今天我们做报纸，是一个创新，也是想尝试一下市场有没有不可能的事情。店面推广基本是白色的概念，去年开始推广，很多消费者都可以接受。广告方面，1999年“时尚家居”第一期制作的时候，我们就和他们合作了，各种平面的媒体我们都尝试过了，所以我们与时尚的合作一起保留着，但是广告方面，我们采取的更多的是网络，包括百度的词汇搜索，谷歌，新浪、等广告的宣传，这些广告可以找到我们最终的消费者。还有我们联合当地的经销商进行当地的广告合作，我们想刺激消费者在网上下载我们的目录，去年下载差不多1万本，我们我们不知道能有多少本到我们的消费者手中，第二个印这个目录达到什么样的目的，我们今天更希望消费者在我们的网站上下载这个目录，去年超过1万本，如果今年超过2万本，对于我们厂家成本是比较节省的，但是需要推广我们的网络。这个产品从白色界面推出目前是两年的时间，我们今年的重点也是依诺维绅全球的重点，就是这个产品系列，我们目前在全世界推广的，包括欧洲、美国也好，都是核心产品，去年的营业额我们希望每年有20-30%的递增，我们的受众年龄是25岁到45岁之间，另外产品随着市场的需求，我们会一点一点的研发，你要一下子推出很多产品让市场接受不了的时候，你会很失败的，所以我们会慢慢的完善这些产品，我们会丰富产品系列，特别是消费者要求方面。如果我对大家说一下我们产品的总结，我们1999年推出这块，大家看到这边，在我们的用户也好，我们的产品目录也好，我们只是满足部分消费者，我们只关注消费者，我们从来不提我们的竞争对手，因为竞争对手永远是跟着你屁股走的，你们要想作出你的东西，你只能往前走，因为消费者是你们的目标，这是我们BOHEMIAN LIVING系列在市场上一直生存的原因，我们也希望作为经销商，你们今天在市场上有很多的竞争，你们更大的是应该看消费者是哪些，那是你们的财富来源，而不是你们的竞争对手，你们的竞争对手打折销售也好，对你们没有好处，我们作为厂家也是这个目标，这是我们BOHEMIAN LNVING产品系列的总结。明天我们会对这个产品有详细的解释，我希望在座的各位在现有的基础上会发挥这个产品，因为这个产品的潜力对我们非常大，我们投入这么多，我们也希望把这个产品系列做的更好。    下面给大家介绍一个新的产品系列，就是依诺维绅今年做的第一个产品系列，包括我们下面还要推出另外一个产品系列，这是陆陆续续正在完成的，大家看到这个标，这是刚刚推出REBEL，翻译成中文就是“叛逆”，在座的小孩子的都知道，你说一句他顶你三句，所以我们这款产品从追求和消费都是非常不一样的，所以说REBEL这款产品基本是位年轻人设计的，它有一句话“走自己的路”这是我们REBEL产品系列的中心思想。THE NATURAL CHOICE  自然选择   1985-2001ONE ROOM LIVING     我的空间   2001-2007INNOVATION REBEL    叛逆生活   2008-2012                                 这个产品系列是从三个不同的阶段发展到今天，最早从85年到2001年的时候，那个是第一代，第二代是01年到07年的时候，今年和下面四五年，我现在写了一个叛逆生活的目标，这个是我们下下面四五年的作题，这些年我们每年的瞄准目标都是不一样的，从自然的选择，到每一个系列都是年轻三到五岁，我们大家可以看看以前的产品，这是1995年的产品封面，那个时候还是追求25岁左右的年轻人。还有97、98、99年的，这是我们当时在中国推广的第一本目录。2001年的时候开始推的感觉是更年轻了，当时所说的主题就是我的生活我的空间。还有04、05年，当时这个系列，基本到05年，这个是中国销售的最后一本在丹麦制作的目录。99年到2005年我们在中国的销售基本和丹麦是一样的，全球都是一样的，但是04、05年我们当时感觉非常深的就是我们瞄准的消费者，他的购买能力和我们产品的消费者中间相差非常大，产品的价格和我们我们瞄准的消费者完全不一样，所以我们05年开始停止采用和丹麦一样的目录，后来干了几件事情，都市生活这个系列是非常不成功的系列，后来我们又推出了一个系列，尝试不同的路，选找依诺维绅在中国的落脚点。这是都市生活当时做的，产品基本不成功，销售两年之后基本就消失了，所以价格有一定的吸引力，最终还是被市场淘汰了。我们把REBEL回归中国有几大原因，本身REBEL国际化积累的经验也好，国际的销售也好，都有非常的优势，因为我们FUTON系列销售全球第一的，另外我们看到国内的购买力明显的增加，八零后、九零后，他们的父母都花很多的钱给他们的子女购买很多的产品，把我们以前的REBEL从18岁到35岁改到现在的14岁到21岁，叛逆的年龄，我们的产品基本为这个而做的，另外我们重新定位产品价格，整个产品价格基本和当年的价格相差非常大，基本的产品定位是1200-1800元左右，但是整个产品结构和以前是完全不一样的。主要的是为了满足现在14岁到21岁之间这帮年轻小孩他们的个性需求，另外发挥我们最早推出的DIY，让年轻人选择自己喜欢的家具，目标很简单，就是说市场独一无二的家具，引领潮流。另外我们看看看消费者，这是我们在街头拍的照片，大家看看这些女孩子都有多大，我们在日本，沿路找一些女孩子说拍一些照片，拍完之后，你看最大的不超过17岁，最小的是12岁，她们穿的服装非常的新潮，大家去日本109看一下，那的年轻人非常的疯狂，穿着非常的张扬与野性。下面我讲讲REBEL系列特别的外套，有一点像服装的感觉，这个感觉是来自于每个时尚的灵感，我们也在街头拍的模特，他们的外套就形成了这种感觉，完全是一种面料的混合。这款产品，大家都知道骷髅头，这些女孩子的装饰都有很多的骷髅头，我们去的时候找到很多的灵感，然后做了沙发的外套，面料和五角星的组合，这些组合都有一定的背景，我们当时拍这些照片基本是马路上，酒吧里，迪厅里拿着相机就问别人让不让拍照片，回来都做了REBEL的系列，包括这些和平的标记，和平的爱，都有一定的原因的。这也是一款棕色的感觉，做的外套，这是我们当时做的纹身的，最早05年推出的，但是这组外套在欧洲销售非常的好，所以说这个外套我们重新拣起来，这款也是产品纹路的组合。还有一个是金属感的，我们推出的金属感觉的面料，这个是亮光系列，我们在整个REBEL里面也有，特殊的款式，我们推出的沙发加上特殊的外套，加上五角星的感觉做的。紫色是今年我们的流行色，还有尼龙的感觉，尼龙的面料在2000年初的时候比较时髦，现在又回归了，大家看到周边穿的服装，很多亮光的，所以说我们把它明显的组合在REBEL系列里面，还有灰色，灰色我们知道很多人都是这么想的，我们看到灰色的面积统计最终卖的最好的永远是很简单的灰色，所以我们今年的仿皮系列也好都是更多的用了灰色。REBEL的花色面料，大家会感觉一下有什么区别，基本都是比较年轻的，这个也是REBEL的花色面料，大家一会儿可以在展厅里面看的非常的明显的，包括这些面料都是。看完这个产品的感觉之后，我给大家总结下我们的REBEL的目标，我们瞄准的是12-21岁追求时尚的年轻人，我们要通过家居概念，不光有沙发床和小件的产品，我们会更多的留意服装和服饰，会尝试开始销售我们REBEL品牌的服装，体恤衫是最早的尝试。最后我们想最终的目的就是满足我们目标消费者他们的叛逆、野性的风格，这是整个REBEL的核心。REBEL的营销，其实大家很多人都知道，我们象卖服装一样卖REBEL，本身REBEL的店面不是很大，我们想采用多店面，小面积进行装饰，本身我们不想当做一件家具销售，我们不想和任何的家具杂志搭档，我们想在14岁到21岁之间他们喜欢的杂志当中推广REBEL，REBEL选择的是单独的品牌，单独的LOGO，唯一的最大的优势就是单位产值必须要高，另外按照我们的要求，在一类城市的开发5到8个店铺，二级城市是2到6个。REBEL的定位有几个核心化，这里面我也希望大家能够记住，我自己本身也是要求我自己，REBEL一定要走自己的路，坚持自己的独一无二的风格，创新家具时尚，争做行业先锋。这是我们REBEL回归之后将来的梦，也是我们一定能够实现的。以上是两个产品系列的介绍。我最后说几句话，我们依诺维绅下半年的目标，我们现在来中国十年的时间，1999年，2009年，我最早定的目标当时特别清楚，我们当时记得做的目标是五年实现盈利，欧洲人在中国投资是非常保守的，但是我当时说，五年必须实现五千万，最早我们在中国销售很可怜，900多万的销售额，但我们当时就收回了当年的投资，第一个目标我们达到了5000万，去年1亿多，第二个五年计划我们想把销售额翻一倍，我说我一定要完成当时进中国市场的25倍金额。我们的发展目标，如果作一个行业的发展，我们要做到最时尚，最个性的沙发品牌，永远坚持原创，这是我们依诺维绅的优势，走自己的路，迎合我们的消费者，将我们的竞争对手远远的抛在后面，依诺维绅在中国有不少的竞争对手，但是我们会永远走在他们的前头，我也希望在座的各位，因为拥有依诺维绅的品牌而感到骄傲。谢谢大家！下面不知道大家有什么问题，可以说一下，然后我们安排大家去展厅。    提问：14到21岁基本还没有购买力，你怎么想的？杨总：我们最早在丹麦的时候，我跟设计师说，小小的丹麦500万人口，每年的销售额都是5000万，都是父母给孩子买的，我们今天推出的依诺维绅系列，也是今天的中国的独特国情一定会为自己的孩子买家具，倒不是14岁到21岁的人自己掏钱买家具，但是作为父母一定可以。(展厅参观)",3,6,0.6957979798316956
做经营者先做消费者车水马龙的大街上，十字路口，红灯高悬，喇叭阵阵，开车上班的人们因堵车而心烦意乱。就在这时，一个小伙子挎着帆布包，手中拿着一沓宣传单，从路边闯入车流中，向一辆辆车的司机递去宣传单，说：“看看我们的房子吧！需要时给我打电话！” 这样的场景对于开车人来说，每天可能都会碰到好几次。不同的司机反应不尽相同，有的连忙关上车门、有的摆手表示愿接受、有的干脆冲着小伙子大声呵斥、有的甚至愤怒地将刚拿到的宣传单扔出车窗外……每当遇到这种时候，意风家具董事长温世权总是主动摇下车窗，微笑着接下宣传单，并很开心地向发传单者说一句：“谢谢！”很多人难以理解，那种自己根本不需要的宣传单为什么要接受？接受了人家的宣传单已经算很礼貌的了，为什么还要说“谢谢”？温世权解释说：“也许这个宣传单对我毫无用处，但我的接受和谢谢却给了他一份希望，他期待着那个电话真的会响起来。”希望对于人类来说多么重要，它代表着一个人事业成功的起点，传达着一个企业文化的内涵。就拿意风家具来说吧，员工开车在大街上遇到散发宣传单者之时，角色是消费者，有选择拒绝或接受的权利；站到展厅里销售家具的时候，角色就是经营者，将面对消费者的拒绝或接受。生意人只有尊重别人，才能获得别人的尊重。很多时候，经营者和消费者是相互转换的，只有学会做一个存有感恩之心的消费者，才能真正成为一个成功的企业经营者。,3,4,0.8709521889686584
元旦流行秒杀风  科宝博洛尼出奇制胜图为科宝博洛尼总裁蔡明,3,9,0.5541121363639832
元洲设计大赛11号作品二第六届“元洲杯”设计大赛11号作品,3,6,0.7625063061714172
元洲设计大赛14号作品二第六届“元洲杯”设计大赛14号作品,3,6,0.751144289970398
元洲设计大赛15号作品三第六届“元洲杯”设计大赛15号作品,3,6,0.7474644780158997
元洲设计大赛15号作品二第六届“元洲杯”设计大赛15号作品,3,6,0.7192369699478149
元洲设计大赛15号作品四第六届“元洲杯”设计大赛15号作品,3,6,0.8087125420570374
元洲设计大赛16号作品三第六届“元洲杯”设计大赛16号作品,3,6,0.7620813846588135
元洲设计大赛16号作品五第六届“元洲杯”设计大赛16号作品,3,6,0.7857377529144287
元洲设计大赛16号作品四第六届“元洲杯”设计大赛16号作品,3,6,0.825265109539032
元洲设计大赛19号作品三第六届“元洲杯”设计大赛19号作品,3,6,0.7416935563087463
元洲设计大赛19号作品二第六届“元洲杯”设计大赛19号作品,3,6,0.7228326797485352
光棍节京长两地闹市惊现11富翁征婚今年光棍节北京长沙两地繁华闹市街头同时惊现十一名身着名贵的礼服的男富翁集体征婚，在活动现场，十一光棍富翁们用举牌的形式倾诉着自己对单身现状的不满和浪漫的渴望、以及他们自己的条件。他们每人各举一个字连成标语，在完成四次标语后迅速消失于人群。11日下午三时，北京王府井和长沙黄兴路步行街口同时出现以上一幕，活动一开始，统一的穿着名贵礼服的十一名富翁们一亮相便赚足了路人的眼球，短短几分钟的时间便吸引了数百名路人驻足围观。随着活动的进行围观群众都不由自主的跟着征婚者的举牌一字一句高声读出牌上的字，“哥们要的不是寂寞是浪漫”“浪漫光棍节让寂寞滚蛋吧”，当读到这些标语之时，围观群众越来越多，交流、拍照、向征婚者打招呼等行为也开始出现，人群的热烈反响将活动气氛推到了顶峰。而现场观众的热情和征婚者的冷峻更是相映成趣，形成了光棍节闹市街头一道奇特的风景。现场围观群众王小姐在接受记者采访时就说光棍节看到这样一种浪漫有趣的事情，难得一见，特别有创意，也特别的新奇。同时也有群众表示征婚者勇气可嘉，祝福他们都能找到自己的幸福。现场有人笑称其为“钻石罗汉”，说其“钻石”是因为据称他们拥有丰厚身家，资产上千万，说其是“罗汉”不言而喻是因为他们全是清一色的光棍。这样的一群富翁走上闹市街头，进行集体征婚，自然成为了两地光棍节街头最受关注的事件。活动刚刚结束，现场的群众便议论这样一群家世显赫的富翁们，居然走上闹市进行集体征婚，感到惊讶之余，更多的是一种的不能理解，按常理说在人们的意识里，像这样的人群应该不至于会需要哗众取宠的街头征婚，那么究竟为什么会有这样的事件出现？或许从他们打出的标语中可以窥见一斑，“哥们要的不是寂寞是浪漫”、“浪漫光棍节让寂寞滚蛋吧”，他们需要的不是寂寞，而是一种浪漫的相爱。这也许是他们站出来的最主要原因。另外在活动现场一条显目标语更是引来的众人的注意和记者的特别关注。“求浪漫，有百万BOLONI厨房，管饭”这一标语的出现更是引来的无数网友的质疑，那么这次千万富翁的浪漫征婚，到底是富翁们在寂寞中的浪漫爆发，还是一种商业炒作？ 都还有待进一步的证实。,3,1,0.9889947772026062
关注城市思想沙龙第二期于九朝会举行本期主题老建筑和新地标，谁更具有城市形象代表性时间：2009年4月24日地点：九朝会主持人：中国房地产报副总经理 韩炜烨 论坛嘉宾(排名不分先后)赵云伟 中国城市规划协会副秘书长王宏新 北师大房地产研究中心副主任傅 刚 美国注册建筑师、中央美术学院教授著有《都市生活》、《都市村庄》、《都市档案》梁井宇 场域建筑事务所董事、主持建筑师 王广善 北京海港房地产开发有限公司总经理刘松泉 合生创展北京公司总经理刘 江 星河湾华北区营销总监王 丹 伟业顾问客户发展中心副总经理陈 炜 博洛尼旗舰装饰装修工程(北京)有限公司总经理以下为现场实录：韩玮烨：今天是星期五，我们大家来这样一个特别有创意的一个建筑里面，聊一些我们虚无缥渺的人生理想、意识形态，聊一聊建筑，聊一聊我们应该住在什么样的城市里，应该住在什么样的房子里。这就是我们今天这样一个主题，叫“九朝会•关注城市”思想沙龙。我想就不用一一介绍各位了，刚才因为有一段时间，大家都已经非常熟悉了，很短的时间里都变成朋友了，我就留很重要的一段时间介绍一下我自己。我是中国房地产报的韩玮烨，在中房报四年一直写点大家也看不上的，关于地产金融，关于公司这方面的文章，带一些小孩，想方设法挖一些地产的黑幕，这就是我做的事情。也是借此机会结识了在座的各位，今天大家没有任何商业目的，我们感谢博洛尼陈总给大家一个舒适的东西，抛开商务的压力，聊一聊城市，因为在座的每一位都跟现在的城市发展、城市建设有关系。咱们俗套一点，还是先请我们的当家人陈总致一个开幕词。陈 炜：首先代表博洛尼和九朝会感谢各位能够来到九朝会这个地方，进行一个思想的碰撞。为什么发起这样一个活动？首先讲讲九朝会的情况，九朝会顾名思义是九个朝代聚在一起，我们这个会所希望能够打造一个文化和思想聚集的地方。我们发现，从魏晋南北朝到明朝九个朝代，贯穿了整个中国传统文化的脉络，这个脉络就是我们想提炼出来的士大夫的文化精神。士大夫作为中国传统最低的一个贵族，其实也代表了中国的文化和思想的根基，等会如果大家参观九朝会的话，会感受到这个九朝会基本上是以中国传统的文化元素为基础，而自我设计、自我提炼出来的一个充满设计和创意的一个会所。昆曲作为这个戏楼的主要一个部分，昆曲也被联合国评为世界四大非物质文化遗产之首的这样一个文化艺术，为什么会有昆曲这么优美的词句呢？其实都是文化上的精英和一些士大夫，大家坐在小桥流水边，听着自然界的声音，拍着石头想出了一些优美的词句。今天希望大家能够在一起互相畅谈理想、畅谈城市、畅谈自己的抱负，进行一个思想的碰撞。这里是一个自由的、能够自我发挥的地方，所以剩下的话题交给韩女士。韩玮烨：我就是一个抛砖头的，我往出抛砖头，大家每个人接龙，看谁接得上。在来的路上，我一直在想一个问题，这两年我也拜访了很多的城市，很多的市长在跟我说的话题，就是在我的市中心盖一个多少层高的高楼，它要作为一个地标，我要盖一个多么大的城市综合体，让它成为一个地标。我们今天的主题，也是古今中外一直关于城市和建筑话题里永远没有答案的话题，就是老建筑和新地标。我想第一个问题，也是我心中的一个疑惑，中国城市化这么多年以来，到底老建筑和新地标是不是真的这种高楼大厦、综合体才是一个城市的地标性的建筑？谁先接这个砖头？傅刚老师是我们清华大学的知名教授，傅刚老师刚和他太太成立一个建筑事务所，叫任何建筑，这个名字非常有意思。首先请您谈谈观念。傅 刚：这个题目有点大，我就说点小的，开始不太容易说得特别得深入，所以既然韩总已经点名了，我就尽力给大家暖一下场子。刚才您的问题是，是不是这些个所谓的新地标是城市，无非是助长有的一些局面，而且已经有了局面似乎在表达大家不尽满意的时候，才能想表达自己的文化，显得有学问。那么它到底是地标？我的答案，是。赵云伟：我就顺着这个话题说，其实我非常赞成傅老师的观点，因为城市要发展，城市发展了，就不能一味地守住那些旧的东西。为什么这么说？我们也不用去批评这些城市的建设者或者是决策者，可以拿国外的例子看，我们都知道，像巴黎、伦敦，这些都是世界上最有名的，一提就是古色古香传统街道的地区。那么这些地区，近二三十年的地标又是什么呢？可能每个人说到这儿，心里就有答案了。卢浮宫的金字塔、伦敦眼都是在这些地区做了当代的建筑，不管你承认与否，它都是存在的。当时定义为了建筑千年盛典，这个伦敦眼建设完了以后，政府认为只要有两年的时间就把它拆掉了，批的就是临时建筑，短期内有用途，用完之后就要拆了。但是事实证明，这些年的游客都会去那里旅游，所以不得已他们把它作为一个永久性的地标。像伦敦这个具有独特传统的城市，在泰晤士旁边这么一个核心的位置，能放这么一个伦敦眼，我觉得足够能说明问题。至少目前我们的城市管理者、城市规划者、建筑学的学者，还在中国没有这么强烈的对比实践，我们不能说谈大道理，谈个别的实践就能说明问题。起码西方的管理者，他眼睛看的是未来，而不是自己手中的传统。梁井宇：我觉得刚才开的头都是建筑师开头，我也不例外，我觉得首先我们得肯定追求这个标志性建筑的合理性。为什么呢？我们建筑师从我们自己正中下怀的角度来说，也是很对的，我们肯定每一个建筑师都希望能够做一个有意思的建筑。而且有意思的建筑有一个借口，就是标志性是有意思的一种可能。我非常赞同两位的话题，这个问题不是问题，什么是问题呢？就是如何避免我们城市里面出现的那些粗制滥造的，貌似标志性的建筑，但是破坏了城市的那些东西。怎么尽量避免，同时创造一些大家真正喜爱的，能够定义这个城市、甚至定义一个时代的那些标志物？我觉得这个可能是一个真正去谈的问题。说到更具体的这个问题，我觉得我也再引出来几个问题。是什么原因导致了那么多粗制滥造的不好的建筑物的出现，特别是近期内的中国出现了这么多。第二个问题是，如果说我们还要和老的标志物和平相处的话，实际还是要谈到一个问题，什么样的标志物具备永久性的价值。刚才也举了伦敦眼，我可以再举一个例子，为什么埃菲尔铁塔，从它建设的时候，每一个标志物都存在一个曲折的历史，当时人们都不喜欢它，到最后接受了它。荷兰的历史学家提到一个说法，你别管这个东西长得好看不好看，样子是什么样子，只要把这个东西建起来了，有足够多的时间让人们去接受，最终这些标志物都会被人们喜爱。他当时举的例子指的由于埃菲尔铁塔，我们国家有没有这样的例子。如果没有，我们在座的也有策划、开发商、建筑师，怎么样才能够和我们那些没有的标志物、或者有的标志物，能够创造真正符合城市个性、符合时代要求的价值。韩玮烨：您刚才提的这个问题，让我们想起来我们的央视大厦，应该是我们现在中国城市地标，我觉得首先要区分大城市和二三线城市，大城市对城市地标的定义，和我们的中小城市对一个地标定义的选择应该是不一样的。北京这样一个有历史文化传统的城市，原来它的地标一定是雍和宫、或者颐和园、或者是天坛，现在会很疑惑，什么是北京的地标，用什么来区分？央视大厦应该是一个地标，那么这样一个怪物，它对北京这样一个形象，有什么样的一个作用呢？可能就是您刚才问题的一个句号，这个问题谁想接一下？刘松泉：很高兴来到这么一个漂亮的场所和大家一起交流，我觉得这个问题，也是开发商的一个困惑。因为城市作为一个项目，它实际上要和城市的景观，和它周边，它们要有一个关联性。目前，我觉得北京这个地方的一个情况，还是管理部门的管理水平，第二个也是开发商的欣赏水平。因为过去一段时间，作为中国来讲，房地产发展的水平，它是一个很短暂的时间。真正把房地产作为开发、作为一个产业，它是很短暂的。那么在这个过程当中，进入的门槛没有低，大家都可以进，有块地，找个人去弄再一组合，我就很快地推向市场。而国内又确实存在强烈的刚性需求，使得大家不需要再考虑那么细致了，就是一个产品，大家更强调产品本身它的一个独特性。但是，他没有想到它成为一个车时的景观。大家没有想到，所有的人，住它的人、不住它的人，都有一个欣赏的问题。但是谁是一个决定者？谁来去审批它呢？咱们现在的房地产，实际上是有管理的，包括我觉得在高度问题、外立面的问题，材料的选择问题，它都是一个影响城市景观的一个方面。至于室内的平面，没人管你。所以，很多人在这方面，因为他不成熟、他不专业，所以他会想着怎么样能够批下来，获得这样一个投入、产出，带来经济效益。所以，我觉得往往是从个体上考虑问题，管理者也是从个体的角度考虑问题，他不会去考虑周边的关系问题。实际上咱们现在看到北京的很多地方，对整个城市的文明，咱们就说幸福大街这块，本来是什么样的城市的建筑群，突然冒出很高的一个东西搁在那。但是我发现，如果跟上海比较起来的话，上海的整个城市建筑和它的风貌，给人一个城市新兴的这样一个国际化的都市的感觉不一样。因为前多少年我去上海，到松江去，松江的一个规划局长就是一个博士，而且是从国外回来的博士，所有的城市规划要进行整个一个国际化的招标，就是城市规划招标。然后任何一个单体要进行深化的时候，符合我这个规划的时候，还要进行再一轮的深化。所以，我觉得这叫经营城市，不是做一个单体，它是在城市这个整体上。当然刚才谈到老建筑、新建筑的一个地标性，我认为实际上作为一个城市，它应该有一个地标性，老建筑和新建筑同样都需要，因为这是城市赋予了它一个东西。但是，房地产的开发，实际上它是一个地域性的东西，所以，它的整个建筑的风格、它的整个区域的规划、项目的规划，应该有它的特点。当然你说陈希同时代的时候，强调一个什么帽子，它也是想等于是把传统的东西给机械地去做，实际上就造成了不伦不类。所以我想这个事我们先从城市规划的管理者的角度，怎么去反思这个问题，所有的问题都是从这里出来的。建筑是没有责任的，我要标新立异，我要展示我的整个文化，我要去得到发展商的认可，我要去挣这个钱，商业模式，它只是个演员，但是谁来批准它这个舞台，谁让它有许可的资格，这是关键的。我就先说这些，谢谢！韩玮烨：王宏新是不是可以代表一下政府的观点？你们一直是政策解析者。王宏新：各位好！实际上刚才还跟王丹在说，本来来参加思想沙龙，有的时候市场的力量在主宰着我们的思想，我们的思想在迎合着市场。所以很无奈，我就接着这个讲，陈总讲到的责任让我特别震撼。刚才给建筑师作出了一种解释，韩总让我为政府说两句，我说政府也没责任。因为什么？我们今天政府的决策体制，包括对这种地标的审批，都是一种集体决策，这个集体决策是害文化、最害思想的东西。我们知道任何一个有思想、有文化底蕴的一个建筑，或者一个产品、一个设计、一个理念，它往往归诸于集体、大众，或者叫公众参与，往往就把文化的东西、思想的东西给害了。但是，偏偏我们又是一种集体的决策，所以说这个集体决策又是谁来决定的呢？其实又是中国的老百姓决定了这种制度。这个里面，我们经常用体制和制度去解释它，其实这里面包含了中国几千年的文化。恰恰在这里面我觉得中国的建筑也好、房地产也好、土地也好，一方面在它的产品在走向市场。另一方面，它的文化，我一直感觉到我们还在走1919年没完成的问题，我们还在搞新文化。事实上这就又讲到新地标的新了，我这个名字里带个新，我特讨厌这个字。我本来出生的时候，我父亲给我取的是天上的星星，后来村里面的人特别有水平，就给我改成这个了，他总感觉到要比天上的星星要更专业化一点，最起码可以说重复一点。事实上我就在思考一个问题，因为今天但凡是看到新的建筑、新的地标，一定有西方文化的精髓、西方的理念，一定代表了建筑师从国外带回来的新的文化。我们这个集体决策里最重要的问题，就是忽视了一个点和一个面的关系，整体面上的不和谐，让这个点上的地标显得特别别扭。但是我觉得会在实点上解决问题。比如说中华世纪坛出来的时候，有很多不同的声音，鸟巢出来的时候，人们有不同的声音，但是奥运会一完大家就在接受这个东西。是不是等这个时期一过去，老百姓又慢慢能接受这个央视大楼呢。有时候我们经常批评，一看就是从国外引进来的建筑风格，可能这里面最重要的是就是民众里有一个宽容的心态，我觉得这也是好处。转了一圈，如果说责任的话，可能就要推到文化的责任，我不知道这个问题由谁来接了。刘 江：我也说两句，上午我们开了建委一个会，朝阳区建委让朝阳区开发商都说一说，政府能帮什么忙，开发商有什么困难、需求让大家讲讲。我当时主要讲了一点，就是把一些制造城市垃圾的开发商赶回国外，先考察考察这个开发商再引进。我说三个意思，第一个叫不要为做地标而做项目，因为项目本身是有生命力的。第二点，到底是地标重要，还是项目对这个地段的贡献重要。无论是低价、配套，对这个地段的贡献重要，还是它成为一个地标重要？我觉得这个答案是不言自明的。第三个意思，前几年我在上海待了三四年，我发现上海新房子跟老房子，大家真的是各有所爱，各有所需，顺其自然，上海有很多新房子、很多地标，没问题，我觉得都爆满，无论是租售都不错。但是同时发现了我们很多的活动都是在上海的老房子里做的，实上海很多的老房子，根本不低于东方明珠的地位。我看到有一个叫中华九千上市的时候，就是在孔祥熙的老房子里做的。包括一些奢侈品的发布会，我们看到不是在大的五星级的酒店里，而是在有历史沉淀的老房子里。跟上海人聊也是，上海人对老房子的心理价值，我不敢说大于世贸中心，但是起码是平等的。我觉得大家没必要讨论到底谁代表城市，但是在老百姓的心目中，大家可能是各有所需，有人就喜欢北京四合院，有人就喜欢住高楼大厦。王广善：非常容幸，能够和各位教授、专家和业内同行坐在这里搞沙龙，心情有点小激动。特别是第一次来到九朝会，欣赏和学习了我们传承和继承的一些文化性的东西。特别是看到剧场的时候，一楼有一个舞台、二楼有一个舞台，三楼怎么样、包厢怎么样，其实这里有很多传承和继承性的东西，把中国的戏剧和相关的文化，可能在这个地方有一个很好的体现，同时也有一个很好的创新。在这个过程中，又把现代地东西融入进去。我感觉这个九朝会还是有点味道，应该说以后还是要常来这样的好地方。今天这个话题是关注城市，因为咱们来自于清华大学的、还有北京大学的各位专家和教授，你们有很高的理解。像改革开放30年，我个人理解，今天大家走到一起来，不分高低，我又是无名小卒。要说这个城市地标的话，过去一般大城市可能有地标，像北京天安门，那就是非常明显的一个北京的地标。只要来到北京，不管你是国内的、还是国外的，一定要到天安门前照张相，说我去北京了。如果说没到天安门去照相，好象就没去一样，当然咱们的长城等等，更多的一些地标性的建筑，这个应该说是历史的沉淀。实际上还有一点，刚才大家也谈到了，就是北京的四合院，实际上它不起眼，但是它的地标性非常强，那就是北京的特点。到目前为止，虽然我们搞旧城改造，作为城市的主宰者，把它作为好东西，一定要把它保存下来，出台各种政策来保护它，实际上就是保护文化和历史。现在所谓一些新的标志性建筑，特别是搞奥运会，出现了一些新的建筑，当然这些建筑，需要历史的检验，也许过上三十年、五十年，说这东西不行，你必须要把它拆掉，这就可能没有它的历史价值，没有保留的价值，所以经过历史的检验，就必然要砍掉。如果说它很好，代表城市经济发展，这也挺好。比如上海的东方明珠，到黄埔江上一定要留影，实际上大家逐渐在接受这个塔的建筑，应该说中国地标性的建筑如雨后春笋般崛起。改革开放城市发展，小到县城、大到省地级市，只要是搞一个新城市的规划，就研究要弄一个什么样的广场，在广场上我得弄个什么样代表我这个城市形象的一个标志建筑物，是一个建筑物、还是艺术品。都在努力构思这个东西，所以占地有时不大很讲究，到后期政府出文件说不能随意乱建广场。当然他建的目的，还是想给这个城市搞一个地标性建筑。因为现在是全民参与，各级领导，只要是在那个地方当大官，咱们就得想办法做点事。所以，现在严格地讲，叫鱼龙混杂，有些可能是很好的东西，有些也想弄点事，花的钱不少，这个领导开这个会、那个会，说非常有价值，投巨资要办。一建下来三四年，换了领导，又说这个怎么看不像样，又成了城市的垃圾了。当然因为我是开发商，作为城市的建设者，可能我们没有更多的主宰权。如果站在城市发展的角度，可能说有一些话语权。假如说在发展的过程当中，有一些对城市可能的一些符号、一些概念，能够给政府提一些有效的建议，说我们搞这个建筑，有利于咱们城市形象的提升，有利于咱们地标性建筑的形成，这个我觉得是作为一个地产商来讲，还是责无旁贷的。首先，你要避开垃圾建筑，还没过五年了就让人看上去难受了，这就是一个失败的建筑，更谈不上为这个城市增光添彩了。所以，作为地产商，我觉得应该从城市发展的责任角度，更多地去思考问题，做出更多的努力。大家在座的各位都知道，我现在正在忙活开发格拉斯小镇，占地面积比较大，规模也比较大，两千多栋，现在才开发了一百多栋。有很多的朋友来看，有的是有钱人，有的也是属于跟我一样，可能是享受不起这个别墅的人。我说你们来看别墅，不要是考虑买还是不买，要带着一种享受的感觉，这是中国改革开放，咱们自己开发出来的别墅产品。在改革开放之前，咱们基本上很少见到别墅，有的话，也可能在偶尔出国，在出国能见到。经过改革开放这么多年下来以后，在咱们手下已经也建设出来非常高档次的一些别墅，有欧式的、地中海式的、也有中式的，各种形式的都在百家争鸣。住与不住是一个方面，但是大家都在享受进步，享受我们自己共同建设起来的别墅，我想这样的心态一摆正，就没有问题了。我作为一个开发者、建设者，我都住不上，但我心里很高兴，为什么？我能给富人建别墅，让他们享受咱们中国改革开放的自己的成果，我作为一个建设者、一个开发者，我感到无比地荣耀。所以说，住与不住那是另一回事，如果说将来咱们三千多亩地的别墅群体，通过咱们这个团队的努力把它建起来了，我想也就是真正在咱们中央别墅区，代表着一定地标性的建筑诞生出来了，这可能也就是对于一座城市的一个贡献。韩玮烨：谢谢王总！听您的介绍，格拉斯小镇是中国建国六十周年是非常具有中国特色的人居性建筑。为什么起格拉斯这个名字？而不起九朝会这个名字？王广善：建别墅咱们采用了很多欧式、美式的，实际上他更多的是借鉴了这么多年在别墅开发商的理念。咱们在很多别墅上都叫了一些洋名字，实际上叫格拉斯小镇，也是从营销的角度，以及西方在这方面文化的积淀而起了这个名。更多的是想让大家知道，我们引用了法国一个具有悠久历史的格拉斯小镇的传统，来达到宣传咱们北京格拉斯小镇的目的。当然，更多的还是一些建筑元素还是从那边学来的，还是从营销的角度。比如说我叫王广善，比如说我们酒店，很多人起外国名字，姓都换了，都不叫这个名字了，那也是工作的需要。王 丹：今天特别感谢九朝会以及中房报给我这么一个机会。我坐在了一个“广角”的位置，面前的这扇窗使我联想到电影院的屏幕，有人说：电影是黑暗的梦想，坐在这里和大家谈城市和建筑，我感觉到了一种“光明的梦想”，由此我很开心。另外，刚才参观了九朝会，感受了一下从魏晋南北一直到红楼情结的中国历史元素洗礼，就像进入了一个时空穿梭机的旅程中，由此也特别开心。因为今天是沙龙，我想咱们可以选各种模式来表述自己的观点，因此我先给大家念一段简单的文字，之后再告诉大家我的观点。我简单念一下，这段文字来自去年林洁林总应邀写的一篇文章，叫《地产服务15年》。“有一次在京城俱乐部开公司董事会，房间里装帧的几幅老北京照片深深吸引了我，虽然是黑白的，但生动极了。看着照片，你能够想象到二三十年代北京的情景：那应该是德胜门的城楼，边上的护城河汇集成一个不小的池塘，水面上有三五人乘舟钓鱼，头顶上蓝天白云，岸上绿树成荫，一派非常宁静的夏日景象。虽然城墙上斑驳着岁月的痕迹，但古都的那种特有气质，能够透过时空直接打动你的心。我就简单念这么一段，当然在文章后林总也有很多关于我们地产服务对于城市塑造的反思，认为我们做了15年的地产，包括1997年掀起了欧陆风，包括小户型等一些过渡型产品的此起彼伏，客观而言，其实对城市的贡献是存在一些谬误的。刚才各位专家也讲到了，说城市标志性建筑，其实我觉得这个标志性建筑，和标识性建筑可能是两个概念。因为我觉得标识它可能指的是一个点，标志性其实是一个综合性的概念。比如当我们聊起城市，就会使我想到一个短片，那个短片的名字叫“城市的远见”，我觉得可能很多专家都看过。当时讲到的一个案例是德国的鲁尔工业区是怎么样变废为宝的，把这么一个区域建成一个孩子们可以在里面游乐、融影视基地、研发中心、攀援者的乐园等一体的，那么难道它不是一个城市的标志吗？回过头来看北京，为什么我念这段文字？因为我从小就有院落的情结，家住金融街边上一个由7、8个院落组成的小组团里，因此从小就感受着舒缓的生活方式，因此当大家问到城市这个问题的时候，我觉得如果它是个带有哲学意味的问题，那么一句话：城市是属于生活的！无论你建一个高楼大厦还是一个低密度产品，你一定是需要人的体验和考证的，需要给人们一种生活感的氛围，我觉得这是城市，而且也是在我们记忆中的北京。由此我说一下我的观点，两句话，一、从经营城市的角度去做建筑，无论你是开发商，无论你是政府工程，在规划的时候，都以经营城市的角度出发，经营城市并不是很功利的，或者是以经济追求为唯一导向的。实际上经营城市这个理念于中国已有很不错的例子，我记得大连的薄熙来说，“经营一个城市，是把它作为国有资产管理来运行的过程。”这个思路非常好，并且对于大连是卓有成效的。这些年我们接触到很多项目，现在项目区块越来越大，其中不乏很多未开垦的处女地，那么如何把它变成新时代的、或者区域层面的标志是我们该考虑的，而不是简单的做一个以自有想法为主导的标识，我觉得该打造的是一种情境交融。因此做建筑商也好、策划者、营销者、还有投资商，大家对建筑要有一种整体的全方位的感触，应该是共同在其定量的基础上去找变量，从一个全面烘托可经营城市的角度去做好的建筑。第二个观点，是结合民意的默契造城市。我们在日常的营销过程中，或者说在产品定位的过程中，于20、30年的房地产运作中，经常遇到的是本位的认为由于我喜欢、由于流行、由于我自己感觉这样的产品是好的产品，它的理念非常得独特、非常有感觉，它一定能卖出去。但时至今日，大家遇到了来自于市场的反馈，答案是“不科学的，没有与需求对等的产品不一定能卖出去”。如果你产品的定位、你的性价比不够好，你的东西细节不够精准、不够细致，你前期所做的对这个项目的分析、研究不足，比如说消费者，你没有跟他对接，你完全想的就是我建了这个东西，你一定要接受，是非常不理性的。因此我认为作为一个要销售的项目，需要进行市场达成的项目，就一定需要进行消费者调查，要了解购买者的需求、喜恶，任何一种购买和消费都不是强加的。同时，如果政府改造一个区域、做一个市民广场，做一个公建，是不是也希望大家能够接受它而不是拒绝它，而不是保留距离呢？我觉得一定是需要有一种拉动和亲和作用的，要让民众意向与你所做的建设融合在一起。因此无论做商品建筑抑或是公建，都需要考虑消费者和民意的结合，明了真正的需求。当今的发展时期，无论建筑塑造、城市塑造， 评判你的总会是作为消费者、体验者和传播者的民众。其传播直接影响到你的品牌、收益以及你的有序发展和持续发展，“得民意者得天下”。所以我的观点是两个，一个是“经营城市的角度做建筑”，二是“结合民意的默契造城市”。韩玮烨：我们还得回到我们的话题，实际上大家聊了一圈，我觉得话题集中是两个点。一个是老建筑和新建筑在我们这个城市里如何和谐共处。因为老建筑是大家的心灵家园，新建筑是咱们每年盯着GDP往前跑，我觉得这就是目前我们大城市里存在的老建筑、新建筑，哪个是城市名片的问题。对于新建城市来讲，是在一个接近白纸，这是中国近几年城市化发展过程里，中国的城市才刚刚开始涉及到这些东西。近20年来，施政者，或者政策参与者怎么样来理性地确定这个地标，我觉得今天话题可以拆分成两个小的话题。第一个话题，和谐共处的问题，刚才大家聊了很多，有聊责任，谁把北京给搞乱了。我觉得还是要想一下建设性的意见，就是说在搞乱的基础上，我们各个参与者，怎么样去修复的问题。我还是想听一下建筑师们和规划口的这些专家的想法，赵老师是做城市规划的，傅老师和梁老师是偏建筑的。是不是能再给我们一些好的想法。赵云伟：转了一圈，我觉得大家可能确实是站的角度不一样，每个人都有关注点，我记了很多的关键词，有的讲的是传承传播、有的讲的是文化、有的讲的是舶来，站的角度都不一样。其实新老建筑、新老文化之间，必然面临一个问题，就是一个传承。你如果看这个东西，它自己的审美、它自己的底蕴，其实是最重要的。它怎么认为它是不是中国的、或者不是中国的，我觉得这个问题真的要上升到哲学的过程，要不然没有办法去谈的。很多事我们可能有既有的思维，我有两个个人对于中国传统文化的心得，第一个就是关于包公，我们学了很多年的历史，都觉得包公是包青天。我遇到很多的老师，跟他们讲包公的故事，他们说难道你们中国只有一个包公吗？中国老百姓是这样一个心理，他希望自己作主，所以影响到文化上的差异非常大。美国的好莱坞电影都是个人英雄主义，咱们的电影最后肯定是一个部队来救你。另外一个就是岳飞，我从小都喜欢听他的故事，之后我才知道，岳飞宋朝人，我是金朝人，我是游牧民族的后代，不是大宋朝的后代，这就是很重要的一个传承问题，你的关注点或者你的角度站在哪个地方。我刚才表述的观点，为什么说我支持现代的地标呢？刚才谁提到一个词，生活。当代生活在一个世界里，反过来看，罗马不是一天建成的，是几千年建成的，其实在罗马找不到几栋楼是留下来的，大部分的建筑一次次被推平、重建，留下来的都是幸运的。但是每一个时代，它应该都有自己代表时代的地标性的东西。这个东西也许在经济上浪费了，也许是卖不出去的，但是一定是迎合了当时这些主流的文化。目前我们这个时代的文化，其实大家都很清楚，就是消费文化，刚才王总讲的格拉斯小镇的例子，非常清楚的名字，为什么起这个名字，因为老百姓喜欢，我好买房。这就是文化的传承，我们再往上追，一直到麦当劳、肯德基。所以你单独拿中国的古典文化跟它抗衡，不太可能。我又想到一个例子，讲到李大钊传播国外的新马克思主义文化，他要首先给能听得懂的人们讲，他会跟乡绅们讲，那时候他穿着长袍，下面的人穿着西服、皮鞋。他问大家你们是否觉得我土、你们洋，你们已经吸收了西方的消费文化，我吸收的是西方文化的精髓。这个是一个很大的本质，就是说这是两条线，一条线，通过教育、通过正常的媒体渠道影响到文化。另外一条渠道就是消费，不管是购物、买房、旅游等等，一个是消费、一个是正常的文化传统。交到最后发现一个道理，这个道理就是，如果说这个人很有文化，是个博士也好，或者是留学的，出国读过书的，有学问的。其实他代表了他在国外学了很多的技术和文化，还有一条线是我们国内的这些所谓的被销售的对象，我们被动地接受了西方的电影、媒体等等。所以，两方面加起来之后，你会发现只要你是消费的东西，挖掘到根上，大部分还是西方的底蕴。包括其实我们这个九朝会，从外面看看不出来，这个地方大家认同这是望京的一个地标，可是望京在北京市就没有传统，无非是借了一个东西，还是为了消费，基于大家能够有一种怀旧的心理上的东西。如果新老对比的话，老的保留的一定不是心里的东西，而是壳。我做过西藏的昌珠镇，是中国第一个批准的，没有超过20年的房子的一个镇，批了历史文化保护名镇。这个地方几千年一直保留着传统的生活方式，它的生活方式的第一条就是我有钱我就盖房子。包括昌珠寺，中国1956年第一批历史文化保护单位，但是它跟原来完全不一样，所以说藏族的传统文化，传统生活建筑方式是保留的。包括我们的什刹海，大家觉得很好，但是都是酒吧、餐馆，已经不是以前的什刹海了。我们改造四合院，将来也是要给一些明星这种人去住。我们剩的建筑、剩的街区，是更多地保留它让大家记住它。一个城市它的进步，是一点一点地蜕变的。假如说我们再过一千年看，我相信北京没有四合院了，而且中央电视台也没了，你就不知道是什么样子了，因为那是一个进步，你只能看到当代一个时代。比如说老外到中国来，现在是连续三年老外到中国来，第一目的地是上海，不是北京。第二就是人数，我们想到来旅游的人，肯定是北京超过上海，错了，今年连续三年来上海超过北京。为什么？因为上海更接近他们生活的方式。他更多地对你城市的认同，是你内在的生活方式是不是认同。咱们再往前发展来说，我不是北京人，刚才这个王总是北京人，我就问到底多少北京人生活在北京的。伦敦、巴黎、纽约一半以上外地人在那里工作。所以这是一个趋势，这个趋势是不断地通过消费，让你慢慢地抹煞逆城市的个性，变成大一统的城市，这是没有办法去抗衡的。这是我的观点。,3,4,0.999014139175415
冠珠09全国终端店长培训于佛山鸣锣开场8月23日，以“跨越自我，辉煌09”为主题的冠珠09全国终端店长培训首站在佛山隆重召开。来自广东、广西、海南、湖北、湖南五个地区近300名的经销商与店长参加此次培训会议。同时全国终端优秀店长选拔赛也同步展开，集团公司第一营销中心总经理黎汝让，冠珠品牌总经理邓勇，冠珠品牌副总孔智勇、冠珠卫浴总经理钟环等领导出席了本次店长培训会。 为了让学员们更加清晰地了解集团公司下半年的推广思路以及本次店长培训的目的与意义，黎总在致辞中着重强调：此次培训是冠珠陶瓷在加强全国整体宣传(新浪网站、央视广告)与终端区域宣传(户外大型立柱)的基础上同步开展的一次提升终端软竞争力的战略性活动，目的在于通过基础知识与实际的销售技能引导，全面拓宽终端店长的知识面，提升他们的专业技能，将店长培养成为不仅是销售高手，更是管理与市场经营高手。而本次培训在活动环节设计上也是紧扣主题，在集中参观集团公司2500亩三水大型建陶瓷工业园后，随即展开陶瓷基础知识培训，如生产工艺与瓷砖生产技术的培训，冠珠企业知识，新产品知识培训，使学员们从宏观到微观全面了解建陶知识，了解冠珠企业与新产品情况。23号的终端销售技能培训则从理论到实践地给学员们建立终端销售体系概念的同时，站在观摩的角度以一个大型活动实例为案例进行系统剖析，通过现场的讲解进一步强化店长们对终端销售技能运作的认知与理解。为了鼓励优秀团队与优秀人员，培训过程中还同步开展了终端优秀店长选拔赛，尽管店长们相互之间都不熟悉，但很多学员却表现出了极强的沟通能力，很多学员一开始就与身边的朋友一一握手道好，有的店长甚至自告奋勇的担任组长，带领全组成员在竞赛环节中争题夺分，抢夺优秀小组与优秀店长的荣誉。培训结束后，许多参与培训的学员包括店长与经销商都向培训老师购买了终端营销书籍与光碟，以便回去后可以持续的学习专业知识。“以学促进，突破自我，打造强势终端的同时实现09年终端综合竞争力的再次提升。”当新浪网记者采访冠珠品牌总经理邓勇时，邓总如是说。“佛山站只是我们的第一站，在接下来的一两个月内，我们更要在全国范围内连续开展几场这样的活动。我们最终目的在于通过专业的培训，提升店长专业技能的同时以店长为核心以点到面地带动整个终端专业销售技能的提升。”的确，在整个建陶行业竞争白炽化的今天，在把握终端就等于把握主动权的今天，只有全面提升终端的综合竞争力，才能激流勇进，跨越自我，辉煌09，才能立于不败之地。(章金),3,6,0.9995397329330444
出口退税调整有限 专家称保出口不如保企业面对即将再次调整的出口退税，围绕这一政策的适应性和操作空间，以及背后体现的国家针对外贸脱困所能做出的政策选择，有关专家认为保出口不如保企业。 3月26日，在北京举办的“如何帮助中国外贸走出下滑困境”论坛上，国务院发展中心对外经济研究部副部长隆国强表示，我国出口退税在经历了连续多次上调以后，该政策的调整空间已经不大，且相对于在保持国际贸易市场份额的近期目标而言，解决事关外贸企业发展甚至是生存的融资问题，亦是保证我国外贸最终走出困境的更为迫切的问题，“这是保未来”。 此前的国务院常务会议决定，从4月1日起，提高部分纺织服装、轻工、钢铁、有色金属、石化和电子信息产品的出口退税率。 在当日论坛上，对外经贸大学教授、中国WTO研究中心副院长桑百川提出，出口退税政策在理论上应该是中性的政策，而我国却作为调整进出口规模的一个政策杠杆使用。 商务部研究院研究员梅新育强调，国家的调控政策，不能以“保增长”为借口而牺牲“调结构，不应该指望它成为维持我们以前落后模式的救生圈”。 对此，隆国强认为，我国出口退税在经历了连续上调以后，进一步通过出口退税使外贸脱困的政策空间已经不大。 从去年年初到今年2月，国家已经5次调高出口退税率，涉及近4000种产品。 而且，提高出口退税对于帮助外贸企业走出困境的效果来讲，并不是理想的途径。 “对退税来说提高2个百分点，就意味着企业获得了2个点的降价空间，那我们竞争对手可以选择更多，这个可以增加你的竞争力吗？”隆国强称。 隆提出，在目前的情况下，中国不应该单把注意力放在保出口上，因为出口额的增加并不意味着出口企业的生存良好。 “目前我国外贸要走出困境，必须在认清形势的基础上确定合理的远近目标。其中，眼前要做的就是确保我国的出口速度不低于全球速度，以保证在全球的出口市场份额中不减少。”隆国强说。 据估算，一些劳动密集型的传统的制造业产品，中国的产能、产量和出口量占世界市场80%甚至90%，而在国际金融危机的影响下，世界市场容量萎缩到了原来70%甚至50%。而比保眼前的市场份额更重要的是要保出口企业。“这是在保未来”，隆国强说，目前发生的全球性金融危机其实是个大浪淘沙的过程，在这个时候可以让出口企业瘦下来，但不能让企业死掉，随着市场的复苏，如果企业还在，就可以重新扩大规模，组织生产来抢占国际市场的份额。 “我国外贸形势出现恶化已经持续了很长一段时间，之前已经死掉不少企业，能够坚持下来的，应该说都是有一定基础的。我们要保证好的企业不被金融海啸淹死。”隆国强对记者说。 这个时候，对于外贸企业来讲，获得融资可能是最迫切的。 据世界银行的一个评估报告显示，今年3月份全球贸易融资的缺口已经扩大到1000亿美元，比4个月前扩大了3倍。 对于解决外贸企业的融资问题，隆国强提出，政府可以发挥的作用就是拿出一部分钱来做融资担保，这对困境中的企业来讲，可能比提高退税率更加有作用，“公共政策要考虑成本和收益，总的财政资源是有约束的，应该考虑怎么能够少花钱多解决问题，而且要解决最迫切的问题”。 工信部部长李毅中在今年两会期间曾表示，中央财政新增10个亿用于中小企业的担保，希望能够解决4万户中小企业2500亿的贷款。 不过，中国社科院世界经济与政治研究所副所长李向阳对大规模的出口信贷投放可能带来的远期问题表示了担忧。 在其看来，应该考虑的一个问题是，随着金融危机的发生，发达国家的消费模式将可能发生改变，这就可能对中国以及整个新兴市场的中长期出口带来影响。 “如果这样的判断成立，如今大规模向这些外贸企业放贷，将面临战略风险，”李向阳表示，“我们一方面要通过促进出口信贷来促进我们的出口，另一方面还得高度关注债务违约发生的可能性”。,3,1,0.5941931009292603
刘达飞：人无论走到哪里 都不会忘记自己的根段妍玲：我们有请下一位刘先生。刘达飞：非常感谢主持人。话题接到的比较晚，在路上看了一下关于回潮这一块。因为我本身理工科出身，对文化谈的可能不深入，但是非常感谢宫总，还有王总给我一个话题的切入点。刚才宫总提到了学校生活，王总也提到了清华，咱们就从清华开始谈起。从清华毕业很长时间了，但是到现在为止不管参加各种各样的认证考试或者其他的一些学习的机会，都愿意回到图书馆去学习，当然咱们不谈清华东门，清华科技园搞砸的那一片，咱们就说清华的图书馆，从这儿谈起来。我不知道这种感觉或者这个思想，或者这种感触是叫回潮才对，还是叫刚才是许总提到的怀旧，谈谈这个吧。人总是要从一个地方走到另一个地方的，但是他永远不会忘记自己的根，更愿意回到自己原来居住或者生活的环境来，这是我对回潮的理解。刚才有几位嘉宾谈到回潮谈的比较深入，给我非常大的启发。像刚才宫总讲了很多，但是给我印象最深刻的是宫总好像非常不愿意，房地产这个楼市的房价的回潮，就是宫总给我的感觉。还有RCS中国的孙总谈到思想层面的回潮，使我下面这个话题我不知道从何谈起了，因为我不知道谈思想上的还是谈物质上的，因为我也是做房地产开发的，虽然口碑不好。我们就谈一下，从我们公司谈起，因为我们在做产品，从产品设计或者开发建设或者采购环节，就像和陈总一些合作上关于回潮的话题。在做建筑的时候，我们认为建筑的本原是人，从原来追求的奢华或者是外立面的效果转变为以人为本的思路，也不太清楚这个是不是叫回潮。因为中国人的习惯喜欢出门见到题，出门踏到地，所以我们公司也在做别墅，能够满足刚才许总讲小众精英特殊需求，在京郊有一些项目。另外关于小区里的塔楼逐渐被摒弃掉，另外还有一些，比如说为了满足中国人惯有的买房置地的习惯，廉租房也出来了，让大家租房子还是不愿意的。就谈这几点，可能更深层次的问题还没理解到。非常感谢。,3,5,0.7713810205459595
刘达飞：回潮越来越秉承以人为本思路段妍玲：我们有请下一位刘先生。刘达飞：非常感谢主持人。话题接到的比较晚，在路上看了一下关于回潮这一块。因为我本身理工科出身，对文化谈的可能不深入，但是非常感谢宫总，还有王总给我一个话题的切入点。刚才宫总提到了学校生活，王总也提到了清华，咱们就从清华开始谈起。从清华毕业很长时间了，但是到现在为止不管参加各种各样的认证考试或者其他的一些学习的机会，都愿意回到图书馆去学习，当然咱们不谈清华东门，清华科技园搞砸的那一片，咱们就说清华的图书馆，从这儿谈起来。我不知道这种感觉或者这个思想，或者这种感触是叫回潮才对，还是叫刚才是许总提到的怀旧，谈谈这个吧。人总是要从一个地方走到另一个地方的，但是他永远不会忘记自己的根，更愿意回到自己原来居住或者生活的环境来，这是我对回潮的理解。刚才有几位嘉宾谈到回潮谈的比较深入，给我非常大的启发。像刚才宫总讲了很多，但是给我印象最深刻的是宫总好像非常不愿意，房地产这个楼市的 房价的回潮，就是宫总给我的感觉。还有RCS中国的孙总谈到思想层面的回潮，使我下面这个话题我不知道从何谈起了，因为我不知道谈思想上的还是谈物质上的，因为我也是做房地产开发的，虽然口碑不好。我们就谈一下，从我们公司谈起，因为我们在做产品，从产品设计或者开发建设或者采购环节，就像和陈总一些合作上关于回潮的话题。在做建筑的时候，我们认为建筑的本原是人，从原来追求的奢华或者是外立面的效果转变为以人为本的思路，也不太清楚这个是不是叫回潮。我们公司也在做别墅，能够满足刚才许总讲小众精英特殊需求，在京郊有一些项目。另外关于小区里的塔楼逐渐被摒弃掉，另外还有一些，比如说为了满足中国人惯有的买房置地的习惯，廉租房也出来了，让大家租房子还是不愿意的。就谈这几点，可能更深层次的问题还没理解到。非常感谢。,3,4,0.39289188385009766
别墅邻近停尸房业主退房讨装修费本报讯(通讯员刘洋)高档别墅毗邻停尸房，开发商同意业主李女士退房，但拒绝赔偿装修费。为此，李女士把开发商告到石景山法院，索赔损失8.5万元。李女士购买了西山脚下一处别墅，支付首付款后，聘请装修公司装修。“我购买别墅后才知道，不远处有一停尸房，这种地儿谁敢住啊？”李女士说，她和开发商协商后，对方同意退还购房款，但拒绝支付李女士的装修费8.5万元。李女士认为，开发商事前没有告知地段详情，导致她购房并装修，应该赔偿她全部损失。,3,4,0.9789456725120544
医护公寓私人游泳池 水中瑜伽一小时(图)患产前抑郁症 水中“孕动”没商量不久前有媒体报道胡静患有严重的产前抑郁症，朱家的私人医生给胡静开出了一个方子：每日在水中练瑜伽1个小时。    不过，胡静日前通过新浪博客告诉粉丝：“我和宝宝一切都好，虽然还没有见过他，但他的出生有你们的祝福，我将不会害怕分娩的痛苦，亦有信心去做一个优秀的妈妈，除此之外会尽快开始新的工作。”,3,4,0.30499258637428284
十里河商会启动优才计划100名经过筛选符合报名资格的十里河特色街工作人员将参加十里河商会组织的专职人才培训班，培训结束后，合格人员将分别拿到专业监理员、消防中控员、助力物业管理师、高级文秘、档案管理员等职业资格证书，成为十里河特色街上首批持证上岗的优秀人才。“十里河，已经成为家居建材零售领域内的大品牌，未来发展离不开优秀人才的推动，十里河商会将把人才培养作为企业发展的重中之重，每年都会与专业职业资格培训单位联合组织培训班培训工作人员，为企业发展输送不竭动力。”作为人才培养计划工作的负责人，十里河商会副会长李晟杰将培训工作命名为“优才计划”，她信心十足地表示，一定会通过专业培训使十里河特色街上的工作人员专业能力有较大水平提升，为十里河目前发展及未来跨区域发展储备精兵强将。100名员工参加首期培训“18-40周岁的十里河特色街工作人员可以报名参加十里河商会组织的职业资格培训班。”当这样一则“招生启事”贴进十里河特色街各大家居卖场之际，特色街上的工作人员异常兴奋、纷纷踊跃报名，最终100名员工成为培训班首期学员，参加十里河商会联合社会专业职业资格培训单位组织的培训班学习。李晟杰作为培训工作的主要负责人，对人才培养工作充满信心，并将首期培训工作命名为“优才计划”，她表示，参加培训的工作人员多数是十里河土生土长的年轻人，对十里河集团充满热爱，通过培训将使他们的职业技能及企业忠诚度均有较大水平提升，成为十里河未来发展的栋梁之才。十里河商会“优才计划”首期培训班学员毕业后，合格者将分别取得专业监理员、消防中控员、助力物业管理师、高级文秘、档案管理员等职业资格证书，成为十里河特色街上首批持证上岗的工作人员。李晟杰表示，人才培养计划致力于将优秀工作人员从“员”变成“师”，“今年，取得‘监理员’职业资格证书的员工，明年，十里河商会将努力将其培养成‘注册监理工程师’，当一批批‘员’级员工都变成了‘师’级员工，十里河特色街将凭借人才优势而实现跨越式发展”。教育规划诞生优秀人才“未来市场竞争，取决于人才的竞争，谁具备了优秀的人才梯队，谁就能在竞争中顺利胜出。”李晟杰相信，培养一支有作战能力的精英团队，是十里河快速发展必不可少的基石。事实上，早在2006年年底，十里河商会成立之际，商会便为十里河特色街未来发展制定了三条发展大计，其中就有“人才教育规划”。十里河商会秘书长石占成表示，商会将从人才培养入手，建立教育培训基地，制定三年教育发展纲要，以提升十里河的竞争力，支持十里河的持续发展。2008年4月，十里河商会召开第一次教育工作会议，明确提出“十里河教育三年规划”，在十里河工作的员工将通过一系列的培训和再教育，三年内达到大专以上文化程度。为此，商会投资了2000万元于当年建立了教育培训基地，使十里河商会拥有了自己的“教育摇篮”。李晟杰表示，“三年教育规划”出台之后，十里河商会一直努力通过各种形式培养和选拔优秀人才，最近的一批优秀人才就是通过“以史为鉴，开创未来，科学发展十里河”大型图片展脱颖而出。为增进十里河人及十里河特色街上4000多名商户对十里河十年发展历程的了解，并通过回顾历史增加他们对未来发展的信心，十里河商会于今年6月组织举办了“十年十里河”大型图片展，5名优秀讲解员借大型图片展闪亮登场，通过他们流畅、广泛的讲解，观展人对十里河的历史有了更详尽直观的了解。“这5名讲解员都是十里河土生土长的年轻人，都在十里河特色街最平凡的岗位上工作。通过这次选拔培训，他们对自身充满了信心，同时增加了对工作和企业的热爱。”除此之外，李晟杰还带领十里河的年轻人走出去，到井冈山、延安等革命老区体验生活，培养年轻人坚强吃苦的意志，全方位提升员工综合素质。人才战略推动品牌升级走过十年发展历程的十里河已经从京郊一片农村转变成了京城现代文化建材商业中心，“品牌十里河，家居CBD”，当京城百姓对这句广告语已朗朗上口之际，十里河已经从一个地名转变成为一个品牌名，下一个十年，十里河将更加着力打造品牌知名度，使“十里河”三个字享誉全国，十里河集团为此制定了“十年发展规划”。在十里河的“十年发展规划”中，2008年-2013年，是十里河集团打造文化产业的关键五年。十里河将在毗邻十里河特色街的京津轻轨沿线两侧投资亿元，建立9万平方米的文化市场，同时休整马路、污水管线，与程田古玩城、十里河奇石花卉城、千鹤年华书画城、十里河画院、天骄民俗文化城一道，提升十里河特色商业街的文化气息；2013年-2018年，是十里河集团走出北京、面向全国的重要五年，十里河集团将依托品牌优势和管理经验，选择最擅长的商业地产开发、市场管理领域进行投资。李晟杰表示，“今天的十里河已经走上了高速行进的快车道，人才培养必须与企业行进同步；未来，十里河要走出北京、面向全国，今天建立的优秀团队将是十里河征战全国的主力先锋。建立一直强悍的精英团队，将加速十里河品牌升级、快速走向全国”。,3,4,0.537004292011261
华润妙想漆，用关爱为梦想涂上色彩9月中旬，与往年一样，北京的大部分幼儿园都在忙着准备迎接返园的小朋友们入园报道。而与往年不同的是，今年北京共有2所幼儿园的小朋友们可以长时间享受到来自迪士尼儿童色彩库中纯正柔和的色彩对于其视力发育及心理成长的贴身呵护。今年7月，国内知名家装品牌华润漆携手《瑞丽家居设计》杂志发起了一场名为“关爱多一点，梦想多一点”的涂刷幼儿园公益活动，此次活动将对北京、天津、沈阳、杭州、南京、宁波、武汉、成都、长沙、昆明等10个城市的20所一级幼儿园的教室进行义务涂刷，截至9月17日，第一批动工的北京、天津和沈阳三地的幼儿园均已涂刷完毕，预计整个公益涂刷活动将在年底前全部竣工。9月21日，活动组委会在北京崇文区第三幼儿园举办了别开生面的“妙想屋”粉刷落成仪式。华润涂料业务一部部长—张春禄先生、金川越大总经理-刘满先生、华润涂料业务一部推广经理阚超、《瑞丽家居设计》杂志销售总监田恩平、《瑞丽家居设计》杂志市场高级经理王安妮、以及《瑞丽家居设计》杂志资深编辑刘善梅、第三幼儿园的袁副园长携老师们出席了本次活动，部分幼儿也在父母的带领下来到会场参与“妙想屋”的落成活动。现场共有北京电视台、搜房网、SOHU等十余家媒体的记者到场进行采访、提问。活动的场地由“媒体接待室”、“通往梦想的长廊”和“妙想屋”这三个连续的部分构成。园长和幼儿家庭在华润漆领导的带领下，在“通往梦想的长廊”参观了整个粉刷过程的照片回顾展。其间，华润漆领导对家长和小朋友们关于粉刷过程的提问做出了详尽耐心的解答。随后，华润涂料业务一部部长-张春禄先生、《瑞丽家居设计》杂志销售总监田恩平先生，及第三幼儿园的袁副园长共同在粉刷一新的“妙想屋”门前举行了剪彩仪式。据悉，“妙想屋”墙面的设计主要采用了世界知名的迪士尼卡通形象，而粉刷使用的墙面漆则是由华润漆提供的妙想漆，该产品的最大特点在于除安全、净味、环保外，其颜色的设置来源于迪士尼儿童色彩库纯正柔和的色彩，非常利于孩子视觉神经的良好发育，并能有效使人产生快乐感。二者的结合，不仅能营造出孩子梦想中的生活空间与氛围，更能对孩子个性塑造与品格发展起到至关重要的引导作用，有效培养孩子活泼、乐观、自信的性格和想象力。活动现场，主办方特别在“妙想屋”内特别设置了身着米奇和米妮服装的工作人员与小朋友们互动玩耍，各种卡通形象的异形展板也吸引了大量小朋友与之拍照合影。此外，现场还安排了名为“华润妙想，画我梦想”的幼儿绘画评比环节，小朋友们纷纷用自己天真可爱的涂鸦描绘出心中的梦想以及对祖国未来的美好祝愿。整个落成仪式历时1小时30分钟，“妙想屋”的粉刷效果以及现场工作人员对儿童心理成长与空间环境色彩之间关系的讲解，赢得了现场家长和老师们的一致好评。活动最后在小朋友们对祖国母亲60华诞的声声祝福中落下帷幕。活动主办方，广东华润涂料有限公司的负责人表示，本次公益活动是华润漆和《瑞丽家居设计》杂志携手对祖国60华诞的一份献礼，希望能通过此次活动呼吁整个社会对幼儿生活空间环境品质加以重视，让成年人都来关注幼儿的心灵成长，共同推动儿童早期心智开发以及对他们想象力、创造力的培养，关注孩子，关注祖国的未来！,3,6,0.7486319541931152
博洛尼陈炜：回潮是一种创新陈炜：因为一个沙龙的话是一个思想碰撞，思想碰撞一定是有互相的辩论和讨论。根据孙群的话，就是谈到了经济基础决定上层建筑，其实回潮我的一个理解，回潮它不是怀旧，可能有很多怀旧的因素，有很多怀旧的现象，有很多怀旧的产品出来，回潮是一种创新，那这种创新的话它其实根源于历史结合现在的创新才能出现新的东西。而且这种创新是经济到了一定情形下才会出现更多的自信去做那个创作。        这就要先说到我们九朝会，九朝会你说它是一个怀旧的地方，是一个很时尚的地方，还是一个混搭的地方，因为这里可以看到很多元素。我们蔡总为什么愿意做九朝会谈起，有些话题很有意思？因为我们发现中国的经济，从这二十年到三十年的发展现在一不小心成为世界第二强国，这前二十年到三十年我们都认为所有东西国外是最好的，从我们孙总最早代理国外家居产品做起，带动了中国的媚外的潮流。现在发现观点变了，从我们装修的角度就可以看出来，现在很多的家里各类的装修，慢慢都会要求加入一些中国传统的中式的东西加进去，但这种中式的东西又不完全是纯粹的中式，要求是新中式，也就是说用现代的手法和现代的概念展现中国传统文化的元素的展现，我觉得这是一种很有趣的创新。在我们九朝会里面的话想体现的是中国从魏晋南北朝的时候，士大夫的精神在这里有所体现，但是展现的方法又不完全是，比如我们在戏派里展现的是昆曲，因为它被联合国评为物质文化遗产之首。京剧本身就是昆曲创新出来的一个衍生的形式。在我们做这个产品的时候，其实一直就是不能照搬，一定是用现在解构的办法展现出来的东西，所以我们也会设计原先的那个炕，像魏晋时期的士大夫在小桥流水旁边席子一卷就出来了，我们可能不是传统的东西，可能用的是现代的装饰的材料来体现这个产品。这里还有很多的空间和区间都有类似的概念和特色。    为什么要这么做？我们会发现中国经济起来以后，一定会有文化上自信起来。这种文化自信起来根源于中国传统的东西，像我们现在到国外，他们对孙子兵法等等是津津乐道，现在的中国什么能代表出来反而很难。这点的话中国经济现在这种强大必然会给我们一次机会，让我们能够结合现在的东西能够展现出去给整个全世界做一点表现。我想这种回潮，其实也是一种回潮，这是根源经济的发展，文化上的自信而做的更多的创新，而这种创新是结合了历史又结合的现代的一种创新。所以我想我们讲的这种理解，不仅仅简单表现一种现象和情况，也因为如此的话，我们是做企业，做商业的情况，我想孙总，他是忧国忧民，讨论的是思想层次和制度层面的东西。我想这种文化的创新，这种回潮必然也会带来了很多商业上的趋势，但我们也不希望如此，不仅仅希望这种商业上的趋势仅仅变成像怀旧的，变成时尚的元素的一个概念，让怀旧变成一种时尚的概念，而应该是人们真正根源于一部分文化上历史上带来的一个新的创新，这个可能是我的一个观点。段妍玲：大家不同意这个观点的可以辩论，我想大家都比较同意。请杨主任来决定这个沙龙的第二轮辩论。,3,4,0.7224406003952026
博洛尼首席设计师顾浩 解构主义    【点击进入论坛发表我的观点】第三，就是失稳，这是解构主义的一个最大特点。第四，就是讲解构主义的原则。这个原则基本上就是我们讲的后现代主义手法，它通过偏移、参差、重叠、扭曲等结构变化得以体现。第五，解构主义的有些特色是无法用图纸来传达的，这种风格就是解构主义一个最典型的案例。这是Zaha设计的，它是把我们的分子结构彻底地解散出来。这是央视建筑，这个设计有很大的争议，但是它的解构主义就非常强。这是香港理工大学。这个大家也知道，是迪拜酒店，也是Zaha设计的。因为迪拜的建筑，大部分是以解构主义为主。全世界很多顶尖设计师也在迪拜。这是日本的一个旗舰店。这也是Zaha设计的酒店。我这个设计是在两年前做的。我在这个设计中用了一个线条的设计。这个地面也是一个异性，顶面也是异性结构，我用了很多没有规矩的线条。这里面用了我最喜欢的一种感觉，就是运动感。解构主义里面，用什么去统帅它们？这是我们要去考虑的东西。我记得在这个设计里面，一个是平面构成解构主义，一个是色彩构成解构主义。大家看一下这个餐厅，这个点是不规矩的线条。我的整个设计其实是用人的身体曲线做的一种设计。大家看一下这个设计，这个设计我也是用了一种线条感觉和平面构成的方法。地面是用石材做的变化，墙面是用的烤漆板。大家看到的这个大M的感觉，我把所有的空间里都做了一种尖角设计。这个书房的设计，我把它跟整个空间结合起来。这个黑白设计效果，给人一种跳跃感觉。这和刚才的思路非常像，这是我设计的一个卧室，他像一个桥一样，我们用了像现在的桥墩，托起这个顶。大家看一下这张图，整个设计有一种方向导向性。最后讲一下，对于解构主义，我是如何统帅它们的。我觉得我的设计可以用四个词来形容。第一个词就是运动；第二个词是情感；第三个词是关联；第四个词是表现。最后我给大家把解构主义总结一下，解构是一种文化和时代发展不同，现在正在蔓延，也看不到终点。这种文化现象是没有边缘的。这种建筑风格也没有一种流派，不能单独地说成是解构，所以解构是一个暧昧的时代。主持人：顾浩，这是你喜欢的一种风格。顾浩：我举个例子，其实周杰伦刚出道的时候是给刘德华写歌的，周杰伦后来能成为音乐大师，也是基于他的这种自创精神。但是我觉得大师在做解构主义，他们在不断地抄袭。如果我们还是在学港台设计，永远不会出来像Zaha这样的设计师，因为Zaha本身不是设计师，只是一个数学家。他不知道设计的原则，正因为他没有约束，所以他做得很成功。如果我们把一些东西彻底放开，我们会发现我们做东西思路会非常开阔。所以我们一旦把这种思维展开后，我觉得设计是非常有前景的。谢谢！万毅：我总结一下，美对事物是有参照物的，这个参照物就是每个个体。你根据个体自己的坐标来确定什么是适合我的，什么是我喜欢的，那就是对你来说最美好的事。我觉得顾老师是用自己的理解打造出了大量人们在日常生活中想象不到的设计给大家来看。这是你想象不到的。顾浩：解构主义一定是对后现代主义的彻底反叛，它把有序的东西彻底打乱，变成一种无序的东西。所以我希望我们后人能从中找到一些规律。主持人：我觉得关于解构主义，我自己是第一次听到这种风格。因为我们今天在谈“最潮的风格”，我觉得有一种先锋派的感觉。下面我想把时间交给姜喜龙，他的演讲题目是“中产十格的设计趋势”。网友提问：在装修的准备中，通过设计能够有效地控制成本吗？除了软装外的硬装部分，哪些部分需要在设计中要重点把握？ 杨小林：我觉得这在于家具，因为家具决定你的整个风格。主持人：我觉得真正体现风格的还是在软装。姜喜龙：本身提软装和硬装的说法就不是从专业角度来提的，因为我们现在做的是整个家，包括店面的装修，也包括家具、饰品、工具。另外，从风格角度来讲一定会有个问题，咱们现在很多人都把装饰性做得更强一些。我觉得硬装对室内设计是很重要的。现在我们多数装饰都是停留在室内装饰，而不是停留在室内建筑。其实我们现在看到很多大师都是在做室内建筑。包括整个氛围的打造，其实是通过一些风格、色彩、材质才能体现出来的，我觉得不是要单独强化某一块，而是每一块都不能忽略。主持人：谢谢您的回答！现在把时间交给你，请给我们讲一下中产十格的趋势。姜喜龙：大家好！我会在后面把风格稍微说一下。原来我定义的题目是“中产十格的趋势”。后来改了一个题目，叫“趋势，你是哪里里？”流行趋势是这几年炙手可热的一个词，为了寻找趋势，国外展会成了各类人士的蜂拥所在地。结果趋势就变成了你说你的，我说我的。所以趋势造就了百花齐放。也正因为是这样，趋势就渐渐形成了一个营销噱头，当很多人还沉迷于风格、趋势的时候，其实我们已经进入了一个怪圈。这个怪圈就是风格。到底我们未来的趋势是什么？其实所有的趋势不是空穴来风，它跟它所存在的条件和环境是分不开的。这是米兰展会，这几年这种地方成为了很多人向往的地方。随着闪光灯的结构，蓦然回首，很多都是我们中国人。这些人有地产商，也材料商，也设计师，有多家媒体。他们去，一部分是为了学习，有些时候是在看，但很多时候是为回国后的传播，会借着米兰展会这样的一根稻草来传播他所理解的趋势。于是说起趋势，人们便开始大谈米兰，于是米兰展会的内容就成为我们国内国际设计的范本。于是在东方大地就刮起了国际化的设计飓风。我们现在做的东西都是在追求国际化，国际化的产品，国际化的风格，国际化的设计师。认为只有国际化了，才是好的。在2009年有两个及其国际化的东西，一个是金融风暴，一个是H1N1。这个时候国际化我们是需要划一个问号的。也正是因为这种原因，才产生了我们前面提到的网友之间的争执，到底是欧式风格好还是中式风格好？这里面就形成了一个怪圈。我们做设计，未来的趋势真是由这些展会决定的吗？我觉得我们需要思考这些问题。趋势从何而来？影响它的因素，首先，我们要基于国内这个行业的发展。中国的住宅设计跟国外是不一样的。它从整个国际地位、政治影响，以及人们的生活状态、生活方式都是不一样的。所以才有中厨、西厨之分。这个行业是怎么发展的？大家都是设计师，我们都知道前些年是这样的，室内装饰公司没有正规成立的时候，称之为“游击队装修”，“游击队装修”是业主告诉他们做什么，他们就做什么。这时候考虑的就是怎么样去使用，视觉角度排在其次。尤其到了一定阶段，01、02、03的时候开始有一些正规军的设计。我们这个时候从室内装修往室内设计去转化。在室内设计的时候，我们考虑到一个词，“功能”。当满足功能的时候，还有一些成分不是特别满足，就是视觉的要求。所以做功能的时候更多考虑到是一种简约风格。其实像赵老师说的，既不简也不约。从06年开始，应社会的需求，设计师也觉得单纯做简约不够，这时候就出现了多种设计风格。下面我们说一下风格的怪圈，风格是一个多样性的东西，它在不同地域，不同时间段都有它不同的特点。一个房子，有了风格，它的空间感觉就不一样。风格的界定是从视觉角度去看的。,3,6,0.7803999185562134
"博洛尼：新浪漫来袭当城市风靡起“羊爱上狼”时,时尚潮流里可以假装自己不会长大；当有人玩着电动就似坐上时光机，现实的生活拉不回状态；当有人满北京街头寻找瓷瓶酸奶时，捧着那灰白色、腹部浑圆的“蜂蜜酸牛奶”，为的是它能还原童年的味道。是这些渐行渐远的生活，唯有通过丝丝物件将记忆串联，这新生活的浪漫往往带着幻想的美丽，有点忧伤、有点甜蜜、而这甜蜜绵长而深远。在世界经济低迷时期，家居市场也对经济不景气做出各种反应。逃避残酷的现实处境，直接将意识中最美好的虚幻呈现出来，博洛尼从在高端家居市场一直推崇的古典主义到新浪漫主义风格转身中，可以嗅到家居设计的高调转变。新浪漫是什么？一种态度，对时尚遥遥领先的把握，纵览云端的设计潮流；一种格调，激活沉淀于心底的浪漫因子，让生活艳丽绽放；一种力量，柔软女性主张的极致表现，那抹最令人感动的温暖。新浪漫之梦幻新浪漫主要特征注重个人感情的表达，形式较少拘束且自由奔放。往往表现是怀旧的，梦幻的。没有王室绅士贵族淑女，无法雍容自如地跳小步舞和华尔兹？当昔日的浪漫成为了遗憾时，用一点柔软和回转的线条，一点粉调或浅淡色调，用一点流苏的，布艺褶皱处理面料装饰，用一点花卉纹样，渲染出一点对往日浪漫风采的思恋。这就是新浪漫。新浪漫是文化的、深刻的、并且不断反思现实的，同时把最新的元素融入家居时尚中。不是一味对过去的追忆，而是让过去的美好追忆焕发新的生命。新浪漫者特别注重家居的环保、智能，对破坏环境的行为，他们表现出不可宽恕的态度。强调更多生态材料的运用而减少对自然环境的破坏，新浪漫主义在颜色方面趋向以白色灰色为底色，加入柔和的大地色或呼应季节的粉紫色的和谐统一。新浪漫之激动电视选秀节目里,两位评委为了浪漫争吵起来,一位认为激情与浪漫是不一样的,另一位则辩护说浪漫是在每个人心中的,一万个人有一万个浪漫的理解。是这样吗？有趣的话题引发了神经的思考，难道浪漫真的每个人的理解都不一样吗？如果是那样，浪漫的价值又如何体现呢？理性痛苦的思考对浪漫而言本身就是残忍的，当事物满足了人们的感情倾诉，实现了一种现实的超越时，就是浪漫的。浪漫注重的是个人感情的表达，常需要夸张的方式跳脱出常规，创造浪漫元素，实现浪漫。当世界经济一蹶不振时，人们开始回归家庭，家成为躲避风雨的心灵休憩港湾，学会以一颗浪漫的心面对生活。浪漫来自你的内心，浪漫来自你的血液。如果浪漫可以分级，那么按照体温的标准，36°8的新浪漫恰恰好。在生活中寻找一点感动，给平凡的生活加点浪漫的因子。试着给自己的家来颗新浪漫的维他命，以另一个角度诠释自己的生活，把硬棱角，来个软包装。感动的一定是自己。新浪漫之温暖新浪漫属于不愿与时尚为伍的知识女性，她们会把一个在车库中久经岁月的靠包、花布改造成时下最惹眼的装饰，或者是一个奶奶辈的碗柜刷下时下最流行的中国红是新浪漫者最擅长运用的手段。新浪漫所表达的“柔软”不等于示弱。女性与生俱来的柔弱肢体，敏感的性情，细微的感触，无不是柔软的。但独立的个性、潜藏的灵感、敏感的好奇心、成就了以女性主张为核心的新浪漫主义的崛起。亮片、垂帘、珠珠等装饰物，断断续续地坠落着，充满精神性和表演性柔软细节让流露出可贵的简洁感和自如感。新浪漫风格就像衣服一样注定被懂得她的人们所钟爱，他们会将自我的一些特质赋予空间，超越时代。爱的暖意就在精心营造的家的点点滴滴中。新浪漫如细雨如微风，轻轻柔柔，带着爱意带着温暖。2009，让平静的新浪漫主义带给我们家的另一种惊喜！",3,6,0.9995514750480652
历代珍品古玩现身十里河程田古玩城(图)图为 历代珍品古玩现身十里河程田古玩城图为 历代珍品古玩现身十里河程田古玩城图为 历代珍品古玩现身十里河程田古玩城一场由程田古玩城亲自操办的珍玩精品展近日亮相十里河程田古玩城四层美术馆西区，展品包括汉古玉、唐三彩骆驼、元青花玉壶春瓶、明八角烛台等历代珍品古玩。此前程田美术馆内也多次举办珍玩精品展，并与知名鉴宝栏目及杂志合作，推广程田古玩城的市场形象，但那些参展产品多是来自于社会和业界收藏家。此番程田古玩城亲自操办精品展，所有展品均来自于程田古玩城内。这表明，程田古玩城确实“有货”，奇珍异宝数不胜数，显示出其在业界的领先市场地位。 “这是战国时期的玉盅、这是辽代的带扣、这是汉代的玉龙首、这是唐代的玉骆驼、这是……”8月18日，当记者来到十里河程田古玩城四层美术馆西侧的精品展厅时，董事长程永田兴致勃勃地向记者介绍展厅内的历代珍品古玩，“这些古玩价值连城，多年来一直被程田古玩城内的古玩爱好者收藏着，如今拿出来给业界专家和爱好者分享一下，让人们认识认识程田古玩城里的宝贝！”记者观察发现，参展的展品包括唐三彩骆驼、元青花玉壶春瓶、明代八角烛台、三彩大罐等诸多稀有瓷器，以及红山文化、汉代古玉、极品田黄石、清代昌化鸡血石印章珍品。从年代来看，有战国时期的玉佛器、玉盅，汉代的玉麒麟、白玉四不像、玉龙首、玄武玉，辽代的白玉带扣，唐代的唐三彩骆驼，宋代的玉石狗，明代嘉靖年间的三彩大罐、万历年间的青花瓷、青花八角烛台、黄玉佛珠，清代的三色宝石、象牙器物以及清晚期的极品田黄石、鸡血石等。由程田古玩城亲自操办，大规模集中展示历代奇珍异宝，这还是第一次，程永田表示，此前程田美术馆也曾举办过古玩珍品展，但参展展品多数是来自社会爱好者及业界收藏家，在规模、数量、价值等方面均不及程田古玩城亲自操办的珍品精品展，“这样做的目的就是希望让广大爱好者和业界专家看到程田古玩城内的珍品宝贝，同时给各界收藏着提供一个展示交流的机会，以此弘扬传统古玩文化，推动文物事业发展”。程永田表示，第一届珍玩精品展要起到抛砖引玉的作用，“日后，这样的展览会持续举办，每期可由程田古玩城内的收藏者联合举办，或者由单个收藏者独自举办，通过持续不断的展览，会让社会各界认识到程田古玩城内奇珍异宝无数”。事实上，程田古玩城内每个商户都可称得上行家，每个人的收藏爱好品种不同，但在各自的领域内都有一定知名度，也就是说，他们手中多多少少都有一些价值连城的珍品名品。不定期拿出来展览，一来能让广大收藏者开开眼，二来也能提升商户自身及程田古玩城在业界的地位，程永田道出了程田古玩城举办精品珍品展的直接意义。虽然程田古玩城首届珍玩精品展没有大范围地广而告之，但记者发现，展览刚刚布置完成，已经有不少爱好者和专家前往观赏。程永田满面春风地笑说，以后，来看珍品的收藏者和专家会越来越多。商报记者 田志英/文并摄,3,1,0.9871194362640381
原材料稀缺 红木家具或将成为文物对话杨家驹：原材料稀缺 红木家具或将成为文物杨家驹这个名字，很多喜爱红木家具的朋友都并不陌生。他是中国林业科学院木材工业研究所副研究员、红木国家标准的第一起草人。日前，我们来到了杨教授的办公室，就红木家具市场的现状展开了一番对话。《红木文化长廊》：杨教授您好。我们都知道，红木原材料很多都属于稀缺树种。据您了解，这些树种目前世界上的存量还有多少呢？杨家驹：从绝对数量上说，有的树种存量还不少。但从相对数量上说，已经是越来越少了。近年来红木家具大火，造成了这些树木被大量砍伐。我们的红木原材料主要都是从东南亚和非洲进口的，现在人家的政府已经意识到了这个问题，针对一些濒临灭绝的树种，开始颁发禁伐令。这是一个可持续发展的问题，我们不但要自己享受红木家具带来的种种好处，还要把它们留给子孙后代。所以，红木原材料就是那么多，总有一天会有砍完的时候。《红木文化长廊》：那您预测，这一天大概到什么时候将会出现呢？杨家驹：这个时间可能是十几年，也可能是几十年。谁也说不准，因为它是由市场决定的。市场的需求越大，它到来的可能也就越快一些。《红木文化长廊》：但生产红木木材的各国，不是也都在人工种植那些树木吗？杨家驹：对。所以我所说的砍完，并不是永远的枯竭。红木原材料只是在某一时间段内，将成为不可再生资源。它能再生，但是时间将很漫长。因为能够成材做成红木家具的树木，一般树龄都要在几百年以上。前人栽树后人乘凉，现在种的树，要等到几百年后才能用来做红木家具。《红木文化长廊》：那面对这种情况，这个市场该如何应对呢？杨家驹：首先，我所说的红木就是指红木国标里确定的33种用材。实际上，在国标之外，还有不少树种同样适宜制作传统家具，材质上也很不错，甚至完全可以超过33种材料之中的某一些树种。虽然用它们做成的家具不能叫做红木家具，但完全可以叫做明式或者清式古典家具，同样具备文化意蕴。再有，现在市场上的红木家具到时候就都成为文物了，人们可以从文物的角度重新欣赏、判断其价值。,3,1,0.9794453978538513
发改委表示 建材业扭转下滑趋势证券时报记者 周 宇本报讯 发改委昨天表示，目前建材产业基本扭转了生产势头下滑的局面，增速稳中趋升，主要建材产品产量保持了增长。今年1-9月，规模以上企业完成增加值4598亿元，按可比价格计算，比去年同期增长18.8%。其中，今年1-9月，全国水泥产量11.8亿吨，同比增长16.1%；平板玻璃产量为4.3亿重量箱，同比下降2.5%，下降幅度减少；建材产品出厂价同比上涨1.2%。前8个月，规模以上企业完成营业收入1.2万亿，同比增长20.2%，全行业实现利润715亿元，同比增长19%。,3,1,0.5813522338867188
吉博力之夜2009激情上演2009年5月26日，吉博力之夜2009“对话空间 无限可能”于上海浦东德国中心隆重举行。为了让这个一年一度的吉博力品牌盛会更加契合设计师互动交流的需求，在本次“吉博力之夜”开启之前，当日下午4点30分-6点，吉博力首次联合中国建筑学会室内设计分会会刊《家饰》杂志和专业家居网站——颐家家居网，倾力搭建了一个专业设计论坛的平台。论坛特别邀请了《家饰》杂志主编、颐家家居网首席运营官刘晓丹女士主持，与香港何宗宪设计有限公司董事、书得起(香港)设计有限公司董事 何宗宪(Joey Ho)先生、新加坡国立大学建筑系工作室总监、林豪建筑事务所设计总监林豪先生论道“设计最大化——住宅空间布局思考”和“卫浴空间的个性化发展”。通过设计名师和吉博力产品专家——吉博力亚太区研发部经理周欣泳先生的主题探讨，为沪上100多位建筑师和设计师带来了“空间无限可能”的理念碰撞和灵感分享。晚上6点30分，吉博力之夜2009“对话空间 无限可能”晚宴环节在吉博力亚太区执行总裁舒马赫先生的开幕致辞中精彩启动。来自吉博力亚太区各高层领导，全国各办事处，经销商，知名开发商企业，资深建筑师、室内设计师，各大行业媒体等近300人济济一堂，共同见证了吉博力的实力和产品特点带来的“无限设计灵感 无限空间可能”的无限魅力上演。首先登场的“卫浴空间设计中期望与现实的差距”互动访谈，请上了来自房产开发、设计、经销和生产四大领域的五位专家与行业资深媒体人观点碰撞和脑力激荡，同时也回顾了“对话空间 无限可能”设计专业论坛的研讨成果。“理想卫浴从此开始”舞台剧表演更是让所有来宾耳目一新，通过一对夫妇如何在设计师的专业推荐和规划下实现了拥有吉博力产品的理想卫浴生活的剧情，让观者在被演员的精湛演技所深深吸引的同时，清晰地了解到，因为吉博力，不但卫浴空间的所有管道问题“一扫而光”，而且让设计有了更大发挥的余地，空间也变得简洁、清爽和更容易打理。加上降低噪音和节约用水的功能，理想卫浴从此开始！吉博力亚太区技术总监康立熙先生发布的吉博力2009产品研发动向和趋势报告更让大家充分认识到了吉博力“对话空间 无限可能”在产品技术层面上的基础保障。此外，一连串爵士舞、电子小提琴的激情表演和充满挑战及趣味的精彩游戏和惊喜大奖，使2009吉博力之夜高潮迭起。吉博力之夜2009“对话空间 无限可能”在全体吉博力工作人员的集体登台谢幕中划上了圆满的句号，因盛会制造的吉博力时尚、大气、专业的品牌形象深深地烙印在每一位来宾的心中，让我们坚信吉博力“无限可能”的传奇将一如既往不断精彩上演！,3,6,0.7899248003959656
同方彭林：以一当四 开启家庭PC新时代(组图)功能卓越的至尊强者，以一当四来势汹汹，开启家庭PC新时代。备受关注的客厅高清家庭影院电脑(HTPC)行业将迎来新的变革！同方灵悦2——堪称全球最小最瘦身的代管去高清迷你电脑，基于NVIDIA公司的ION图形处理器，提供强劲的高清解码功能，完美支持1080P高码流搞清影音解码，超小体积仅1.8L，八面玲珑外观之下却内含相当丰韵，是一台集合蓝光DVD、搞清播放机、体感游戏机的小巧精致家用PC。时间：2010年1月22日下午15：30-17：00地点：清华同方股份有限公司嘉宾：同方股份有限公司计算机系统本部、消费渠道事业部副总经理彭林主持人：谢娟以下为现场实录：主持人：各位新浪的网友大家好，今天作客新浪乐居嘉宾聊天室的嘉宾是清华同方计算机系统本部消费渠道事业部副总经理彭林先生，彭总第一次到我们聊天室作客，可以先给我们新浪的网友问声好。 图为CRIC房商集团华北区总经理张晓辉为同方颁奖彭林：各位新浪的网友大家好，我是彭林，负责清华同方消费类产品。主持人：首先恭喜清华同方获得“2009新浪乐居网友最关注的数字家庭电脑品牌”，刚刚我们也进行了一个简短的颁牌仪式，说到清华同方很多产品都受到广大网友的关注和喜爱，我们最新近的一款产品就是灵悦2，它的功能是全功能客厅娱乐高清电脑，请您给我们讲一下全功能的定义，好吗？彭林：其实同方关注客厅数字化的事情已经很久了，包括我们名字叫做灵悦2你也知道其实它之前还有一个叫做灵悦1的产品，那个产品其实是在2002年左右就已经诞生了，经过这么长时间，我们对于数字家庭的理解又有了一个更深的进步，为什么我们这次开发灵悦2产品呢？我先简单介绍一下灵悦2产品的定位。其实我们在考虑未来消费类产品将要往哪个方向发展的时候，已经深刻的意识到一个问题，就是我们很多的消费者都有这样一个需求，什么样的需求呢？我们需要把一些电脑上的内容和一些互联网上的影音希望可以搬到我们普遍的客厅里的电视、音响或者投影仪比较重要的一些客厅的媒体娱乐化的设备上，这样用户体验起来可能更加舒服，而不是简单传统的通过普通的电视节目，或者简单的光盘、DVD。其实这样一个简单的现象背后透漏着一个深层次的未来的发展方向，就是笔记本电脑以及普通的家电化设备的融合，这个事情很多厂商已经做了。但是具体怎么做，做出什么产品可以很好的整合起来，让用户有很好的体验，清华同方主要是在这些方面做得比较靠前。这样一个产品你们会看到很小巧，非常时尚，甚至当拿到它的时候你会很惊讶它是一台电脑吗？可能觉得它不像一台电脑，很家居化的产品，其实这也是我们设计它的初衷，我们希望这个电脑设计起来以后，看起来好像一个普通的家电设备，但其实它是一台全功能的电脑。全功能有这么几个层面，一个是它用的其实是X86架构，X86架构意味着它可以运行W平台，运行W平台意味着所有基于W的软件、娱乐、播放的格式它是通吃的，都能够兼容的。另外，也意味着它可以把整个互联网的内容原封不动的获取过来，因为这是W平台和X86架构的优势所在。第二个全功能，它虽然体积非常小巧，但是它的性能一点都不弱，它用的是Ion离子平台，它在视频解高清方面的处理能力是非常非常强的，我们现在可以非常流畅的支持1080p的片源的格式，不要看着小巧，但是在视频表现力上是非常非常好的，这也是一个全功能。第三个全功能指的是我们在这么小巧的体积里，我们还做进了光驱，而且光驱还是可换的，将来你可以换成蓝光，或者你买了一台DVD可以换成蓝光，或者未来格式的光驱性产品，这个在业内就不容易了。因为业内如果有类型的产品的话，体积或者比这个产品大，或者没有光驱。没有光驱意味着什么呢？意味着用户只能把它当成互联网的终端设备使用，无法当成CE、DVD光盘的设备。用我的化来讲3C融合还不太到位，有了光驱以后，听歌、看电影都非常非常方便了。所以，用一句话概括，麻雀虽小，但是五脏俱全。 图为灵悦2产品图片主持人：您刚才提到这三点都与我们家庭娱乐息息相关，接下来请您给我们阐述一下在现在这个时代，您对于家庭娱乐所处这个层面的理解究竟是一个什么层面才能满足现代人对于家庭娱乐的一些需求，在这个过程中我们科技产品又扮演着怎样的角色？彭林：是这样，其实每个公司，包括一些国际大厂，像英特尔、微软都有自己对于未来数字家庭的定义，那些大厂也都出了很多成套的解决方案，但是同方作为一个中国的本土企业，它作为中国式的家电，在未来五年到十年中它应该变成一个什么样子，我们有自己独特的研究和看法，可能跟他们不太一样。我们认为国内的一些家庭在未来数字娱乐化应该往哪个方向发展呢？我觉得最重要的一点还是如何把互联网海量的一些娱乐资源可以真的和客厅、电视这种传统的显示设备和享受视听设备进行一个整合。这个其实就是我认为未来五年中国家庭特别关注的数字娱乐家庭的一个方向。怎么做，不同厂商在探索不同的道路，清华同方我们是希望提供一个非常家电化的设备，首先从外观就很家电化，从使用感受来说，也很家电化。比如它的快速开机，你希望一个家电型的产品，DVD也好，音响也好，开机时间不应该像普通电脑一样，一分钟，两分钟的时间才启动起来，你希望是一个即开即用的感觉。第三点非常方便，当你想看到一个影片的时候，你希望通过几个简单的操作键就可以看到这个影片，这些都是家电化的一些特性。我们电视、机顶盒一开开就可以直接观看了。这是家电化的一些要求，另外还有PC方面的一些要求，用户希望我获取的资源是无限的，他可能不太希望仅局限于电视台播放的一些内容，给我们固定安排好的一些内容，我希望选择我感兴趣的内容，这个是互联网可以提供给他的，但是普通的电视节目提供不了。还有就是互动交流，我不是仅仅作为一个信息的接收者，我可能也会在看或者享受的过程中我也希望表达我的一个感觉，或者我需要跟别人交流，或者我需要来改变我未来新的娱乐的内容和一些方式，我希望去表达，这些是普通家电提供不了的，是传统的PC领域所能提供的。融合指的就是把这两种方式很好的结合起来，让它既有家电化的体验，又可以有IT领域中内容的一个支持。我认为我们不用看得很远，说未来智能化家居或者娱乐化家居发展成什么样，但是我认为未来3—5年左右，中国的家庭很多人都会有数字娱乐整合的设备作为自己在家里娱乐的一个中心。,3,9,0.7205567359924316
吴厚斌揭秘《生活不是诗》创作历程吴厚斌揭秘《生活不是诗》创作历程吴厚斌：大家下午好，刚才赵总、张总、李总说了很多恭维的话，我说恭维是确确实实我做得非常不够。今天是星期二，是一个非常繁忙的日子，我今天搞这个活动本身是很忐忑的，这些老总能不能来？会来多少？我这部诗集里，涉及到的人物有130个左右，今天到这里来的有七八十个，很多人很繁忙，也发了信息来祝贺。在这里，我心怀感激地给大家说说我的这本诗集。 首先，我要说一下为什么要出这本诗集。大家知道我是一个记者，文学不是我的本行，因为我真的没有读多少古文，更没有背多少诗。我在初中高中的时候都是理科，那个时候升学最主要。作为一个农村的孩子，要跳出农门，只要不高考的就不去学。那个时候历史、地理、语文都不是要求很重，因此对于诗的一些积累是没有的。 后来开始写诗是进了记者这个行业，不能人云亦云，我在行业里有一句话叫“原创”。不管写得怎么样，写得好、写得坏，一定是自己的东西，我把它称为“原创”。逢年过节的时候看到一些新鲜的东西，总想跟朋友们发一个信息共享，发现很多大家传来传去的格式化短信没有新意，我想有些个新意，在逢年过节的时候就写一点新的。用诗的方式写，简单，明了，没想到这种做法得到了一些朋友的赞赏，于是就越来越脸皮厚，就继续写下去。 到了去年的奥运会，因为报纸全部向奥运让路，所以没有多少事，天天看体育、看赛事，其实我不喜欢体育，但是因为是百年不遇的大事就看。看完以后，做记者的职业反应是手快，就写一些东西发给大家。我发的这些人都是有头有脸的朋友、老板，大家都很忙，不像我这么闲，他们没有时间去看电视，我的诗成了他们了解奥运赛事的重要途径，哪一天发得晚了一点他们还会发短信来关切地问：你怎么了？没什么事儿吧？这样一鼓励，奥运会16天，我写了26首诗，在这本诗集里有一个奥运板块，基本保持了当时的原貌。 奥运期写诗习惯了，奥运之后就成了一个习惯，每天看到什么事情都会写下来，然后跟朋友共同欣赏，有一部分人愿意欣赏，我在手机里形成一个“诗友群”，写的每首诗歌发给大家。现在我的诗友群有200个比较固定的朋友。形成习惯之后，到什么地方都写，我最多的时候到桂林一天写十首，一景一首，给大家发，他们说你每天都很闲，我说不是闲，而是每天都有感悟。时间长了我这些诗友就对我说，你出个诗集吧，不然我的手机都存不下你的诗了。我觉得作为我人生中的一段旅程，作为日常生活中所见所闻的感想，把它积结起来，出一本诗，也是一件好事。这就是我为什么会出这本书的原因。 第二点我要说的是，为什么叫“生活不是诗”。出这本书的时候想了很多名字，最初叫“生活咏叹调”，是一个出版商取的。大家说太落伍了，像上世纪八十年代的名字。于是我就发动朋友一起想，征集各种方案，有什么触摸生活、感悟生活等等，都不是特别满意。有一天跟绿之岛董事长林高宝交流，他说家居行业有本书叫《千万不要卖家具》，讲的就是如何卖家具，因为它要表达的观点是，不要为卖家具而卖家具，卖的是文化、卖的是创意。于是我得到了启动：我写的是生活，生活不是诗，但有灵感，有激情，就变成诗了。于是我决定名字定为《生活不是诗》，因为生活确实不是诗，有感悟、有激情的人才能写出诗。 第三，这个诗集里写了些什么？大家知道，除了我所关注的商业、家居行业以外，这部诗集里还有很多其他的东西，有感悟、有出游、有奥运，有回到家乡看到的美景，还有同学聚会的感悟，形成了十集，相对比较丰富。 第四，诗集的特点，从原创的角度来讲，这本诗集的其他东西都不重要，我觉得我有一个最重要的原创，那就是自己给自己的诗集做注释。过去的诗人写诗，究竟是什么意思，都希望大家去猜，但是我希望在自己的书中把自己见到的东西、当时的场景全部写下来，让大家轻松地去了解。我想，如果五百年后我不幸成为人们怀念的诗人，那些想通过注释我的诗吃饭的人，肯定是被我砸了饭碗了。 真心地希望，我这本《生活不是诗》，给大家带来感想，带来快乐，成为大家茶余饭后的谈资。谢谢大家！,3,2,0.6028868556022644
周丽：红木企业开始复苏 前景一片光明主持人：我想请周总给我们谈论一下，从现在的销售情况来看，您觉得现在红木企业是不是开始复苏或者说回暖，到下半年或者2010年，这个趋势到底是怎么样的？周丽：从7月份开始，红木家具的市场已经回暖了，红木家具是一个资源型的，这样的资源越来越少，喜欢的人也越来越多，所以红木家具的以后会是非常好的，谢谢大家！,3,1,0.5370978116989136
喜梦宝家具大阅兵 谁与争锋——淘宝旗旗舰店隆重登场中国60华诞的盛典即将到来，国庆期间又恰逢中秋佳节，两大节日让五湖四海弥漫着欢乐的气息，在这缤纷假日的渲染下，各行业纷纷推出喜迎国庆的促销活动，国内市场顿时五彩斑斓，让人目不暇接。作为刚获批出口美国零关税的喜梦宝将在国庆喜庆日子上演多重活动：一、喜梦宝家具大阅兵：即日起至10月11日，喜梦宝家具正价品5件7折、6件6.8折、7件6.5折。(竞品、淘汰品、样品、床垫、饰品除外)二、喜梦宝淘宝官方旗舰店隆重登场,3,6,0.5204858779907227
嘉丽士淘宝官方专卖店开业惊喜双响炮9月1日，嘉丽士淘宝官方专卖店隆重开业，包括墙面漆、木器漆、氟碳漆、地坪漆等在内的数十款产品纷纷亮相淘宝商城。为庆贺新店开业，嘉丽士推出购漆双响炮，让网友惊喜不已。第一炮：凡购买嘉丽士漆满500元，即可获赠蒙牛真果粒牛奶一箱；满1500元，获赠蒙牛真果粒牛奶3箱再加5支；满3000元，获赠价值300元的欧莱雅化妆品据嘉丽士相关人员介绍，“淘宝官方专卖店”正式上线后，为让广大业主进一步体验海航高品质网上购票服务；第二炮：新店开业全线产品特价促销，价格低至7.5折。马上登陆，享受优惠大礼包吧！,3,6,0.997669517993927
嘉丽士漆牛年大让利   加盟10万送20万在嘉丽士2009年营销精英集训会议上，嘉丽士总经理张文辉先生宣布“全力出击， 集中资源，精耕细作，密集网络”的营销作战方针，不惜重金聘请国际当红影星李冰冰小姐出任嘉丽士代言人，并公布史无前例、让利空前的“嘉丽士漆牛年大让利，加盟10万送＞20万”的招商政策，率先出击各种活动，抢占千载难逢的利好机会。率先出击E网络招商 抢占千载难逢的机会2008年金融海啸对各大企业影响颇大。据了解，阿克苏至今已经关闭12家工厂，裁员2万多名员工，开始执行“开源节流”计划应对金融危机。从康师傅高薪聘请到立邦的中国区总裁已辞职。中华制漆的“立邦团队”涌进，使原有的精英人才分流；收购华润的威士伯2008年销量下滑。而嘉丽士2008年在CCS紫光大道营销模式的指引下，在全国拥有800个加盟商，加盟店达到2560家，全年销售实现正增长，特别是乳胶漆增长幅度较大，成为涂料行业异军突起的一批黑马。日前，小品牌正在压缩投入，大品牌受全球金融危机影响纷纷出现不同程度的状况。而国家相继出台“二套房贷政策松动、免税、降息、暂停对境外机构和个人购房的限制、开发商拿地可延期付款”等等救市政策扶持房地产产业，使很多城市房地产连续数周销量增长，出现逐渐房产回暖现象。可见，2009年是嘉丽士天时地利之年，是嘉丽士把握千载难逢机会之年。因此，嘉丽士率先挑战机遇，在各大涂料网站、建材网站、装饰网站、招商网站、搜索引擎网站、门户网站家居频道等等1000多个网站进行“嘉丽士漆牛年大让利，投资10万送＞20万”的大规模招商活动。率先出击大让利活动 抢占千载难逢的机会嘉丽士面向全国空白地区(省级、省会、地级、县级)诚征装修漆加盟商，凡在2009年加盟嘉丽士的经销商，只要加盟10万，就享受行业史无前例、硬件软件配套齐全、首批亏本大让利的＞20万元支持，即15万的全线产品支持+1万店面装修支持+1万会员启动基金+1万元店长和服务人员培训基金+1万售后服务车购买基金+1台无气喷涂机+1台终端电脑+1台调色机等硬件支持，还配套人员招聘培训支持+成功市场观摩学习+《公司化管理手册》+《终端标准手册》+《乐活色彩推广手册》+《终端标准培训手册》+《钻石会员俱乐部操作指导手册》+《小区推广指导手册》+《装饰公司推广指导手册》+《工程招投标指导手册》+《售后服务标准手册》+《市场管理政策》+《紫光大道营销模式》光碟等等软件支持。率先出台8大保增长措施 抢占千载难逢的机会为了延续嘉丽士持续增长的势头，在嘉丽士经销商年会上，周董事长特别指出8大保增长措施：其一、零利润保增长；其二、员工重奖重罚保增长；其三、空白市场全面开发，并协助客户开发乡镇网络保增长；其四、乡镇产品下乡支持保增长；其五、广告预算增长3倍建设品牌保增长；其六、全力出击做样板市场，保证加盟客户盈利发展；其七、网络密集强终端保增长；其八、工程师走进市场，为市场订做产品保增长。嘉丽士周董事长预言：谁在2009年有大动作，而未来1-2年即可大翻身，比往年更容易获得成功！,3,6,0.9962265491485596
嘉宝莉漆环保小卫士网络评选活动“如果人类持续现在的行为而不做任何改变，那么到21世纪结束的时候，地球上的物种会减少一半。如果这些数据都不能改变人类的行为，还有什么会使人类觉醒呢？”——E.O.威尔逊，哈佛大学社会生物学家。事实证明，我们赖以生存的环境正在逐步恶化。时至今日，环境保护的重要性不言而喻。先行，始于足下。早在环保意识淡薄的几年前，嘉宝莉漆便以“健康生活色”关心居住健康为己任，注重对环保涂料的开发，致力于打造最健康的高品质涂料品牌，并研制、生产出代表健康生活新观念的嘉宝莉水性木器漆、零VOC乳胶漆、无毒固化剂、BB氧吧儿童漆、UV漆等一大批绿色环保产品。这些绿色环保产品的推出，不仅为人类绿色居住环境做出保障，更代表着国内环保涂料的品质与方向。千里，积于跬步。环保精神与嘉宝莉。09年8月20日至10月4日，嘉宝莉水性木器漆“绿色世界，从小开始！”儿童环保小卫士网络评选活动正式开始。从我们身边的小事开始，记录少年儿童的环保小行为，从小灌输与培养孩子的绿色环保意识。让更多的人们参与起来，对环保意识多一份的重视与关注，做一些力所能及的环保小事情，让我们共同的明天能够多一些的绿色与美好！此次活动的报名时间为09年8月20日至10月4日，报名参赛的小选手年龄限定于3—16岁的少年儿童，活动报名步骤为家长登陆嘉宝莉漆官方活动网站。简单填写参赛小选手的个人资料，上传孩子的照片或视频、编辑孩子的环保小行为。活动评选规则为网友参与投票评选，每周截取票数领先的前5位参赛小选手为“环保小卫士本周之星”，连续五周共评定出25个大奖名额(周评选中重复进选的参赛选手得重复大奖)。另外25个“总环保之星”大奖名额在活动第六周产生，由嘉宝莉企业及嘉宝莉特约环保嘉宾评定。活动评选持续六周，共评定出50位活动大奖总名额。其中，“环保小卫士本周之星”将获得嘉宝莉公司提供的价值600元的“折叠车”或“滑板车与智能娃娃组合套装”一份(奖品二选一)，“总环保之星”将获得嘉宝莉公司提供的价值998元的名牌点读机一部。另外，所有注册参加本次活动的参赛选手均可获得价值80元的嘉宝莉水性木器漆神秘礼物一份！绿色，从小开始。家中有孩子的父母，现在开始就可以为孩子报名参加活动了，嘉宝莉绿色公益环保小行动，为孩子的心灵积蓄更多健康与美好的同时，还有50个价值￥500至￥1000的活动大奖待您获取，快来报名参加活动吧！,3,6,0.8035458922386169
嘉宾为红星美凯龙北五环店正式剪彩主持人：现在稍稍有一点小雨，我觉得水代表的是财，一定象征着红星美凯龙的业绩不断的攀升，下面正式剪彩，有请各位嘉宾上台。主持人：现在我们的红星美凯龙北五环店正式开业，谢谢各位！在这里我们共同预祝红星美凯龙的明天更加美好，今天的开业庆典仪式就到这里，感谢各位的光临，谢谢！(本次活动到此结束),3,6,0.7972965836524963
国家副主席习近平考察陇星散热器公司6月9日下午，中共中央政治局常委、国家副主席习近平和同行的中共中央政治局委员、中央书记处书记、中央组织部部长李源潮，在中共甘肃省委书记陆浩、甘肃省省长徐守盛、兰州市委书记陆武成等省市领导的陪同下，来到位于兰州高新技术产业开发区的兰州陇星散热器有限公司考察。陇星散热器有限公司董事长吴爱华、总裁吴继祖陪同考察，并向习近平副主席及有关领导汇报了公司产品研发及企业经营情况。习近平副主席首先参观了陇星散热器有限公司新落成的“中国散热器采暖集成系统展示中心”，随后来到生产车间考察。习近平副主席在听取吴继祖总裁的介绍时，频频点头，对陇星集团坚持科学发展观，积极应对金融危机，走自主创新之路，研发环保节能产品所取得的成绩给予了充分肯定。习近平副主席饶有兴致地观看了陇星各种散热器产品，了解到陇星产品节能环保、物美价廉时，副主席说：“好，就是要研发、生产既环保节能，同时老百姓买得起的产品。”一路上，习近平副主席说的最多的一句话就是：“好，很好，希望你们好好干！”亲切的话语，充满了国家领导人对陇星干部的关怀和对广大员工的鼓舞。下午三点零五分，习近平副主席结束了对陇星公司的考察，在全体员工热烈的掌声和依依不舍的目光中离开了陇星。习近平副主席亲临陇星考察，这是陇星公司及散热器行业莫大的荣耀，陇星人将以“提供优质采暖产品，提升民众生活品质”为宗旨，秉承“诚信、进取、品牌、责任”的企业精神，为实现“提高民族品牌竞争力、实现产业报国”的目标而努力奋斗！矢志成为中国散热器行业国际品牌！6月11日，中央电视台《新闻联播》、《晚间新闻》，甘肃电视台《甘肃新闻》等重要媒体进行了新闻报道。中国建筑装饰协会、散热器行业协会领导、业界专家等有关人士也纷纷向陇星公司表示热烈祝贺。,3,7,0.9998841285705566
国家环保部给予圣象健康消费行业至高评价在2009年10月15日由国家环境保护部及环保部环境发展中心中国环境标志15周年纪念活动上，经国家环境保护部批准，环境保护部环境发展中心授予圣象集团等10家国内行业重点企业“中国环境标志突出贡献奖”。国家环境保护部专门为圣象集团发布了评价：圣象集团作为中国最大的木业家居行业企业，致力于创造产品健康水平及环境行为的最高境界和标准，不断改进产品健康水平和生产资源的可持续发展环境友好是绿色经济和消费的典范。这个奖项是迄今为止国家环境保护部对全国行业企业“产品健康指标优和环境行为优”综合效益优秀认证企业的最高评价。这个评价是基于环境保护部中国环境标志认证的客观标准和企业日常绿色经济行为的评价而做出的。环境保护部副部长吴晓青以及国家发改委、商务部、财政部、科技部、联合国环境发展署等领导和嘉宾为圣象集团等十家获奖单位颁奖，圣象集团常务副总裁郭辉先生代表圣象集团授奖。,3,6,0.8295090794563293
国家质检总局最新抽查：家具产品近三成不合格 中国国家质检总局公布三十一类产品质量国家监督抽查结果显示，家具产品近三成不合格。 中国国家质检总局公布的最新对酱油、食醋、瓶(桶)装饮用水、食糖、木制家具(木制柜)等三十一类产品质量国家监督抽查的结果。其中，家具产品近三成不合格，深圳大富豪公司、成都市明珠家具(集团)公司等知名企业均在“黑榜”之列。本次抽查依据《木制柜》、《室内装饰装修材料木家具中有害物质限量》等标准的要求，对木制柜的底脚平稳性、下垂度、用料要求、木工要求、涂饰要求、漆膜涂层软硬覆面理化性能、力学性能、有害物质限量以及使用说明等九个项目进行了检验。 木制家具(木制柜)产品质量国家监督抽查共抽查了北京、天津、河北、辽宁、黑龙江、上海、江苏、浙江、安徽、江西、山东、河南、陕西、广东、湖南、重庆、四川等十七个省、市三百七十五家企业生产的四百种木制家具(木制柜)产品，二百八十六种合格产品仅占抽查产品总数的百分之七十一点五。抽查结果表明，包括深圳市大富豪实业发展有限公司在内的三十五家广东省家具生产企业、成都市明珠家具(集团)有限公司在内的十家四川省家具生产企业的产品均被检出不合格项目，广东、四川两地的不合格产品数量占本次抽查中一百一十四种不合格产品的百分之四十一点二。分析人士称，家具作为人民群众提高生活品质的日用消费品，其产品质量直接关系到消费者的健康和生命财产安全。此次被检出不合格项目，表明中国家具产品质量总体水平亟待提高，企业质量主体责任意识有待加强，尤其是知名企业的社会责任感有待提升。,3,7,0.8875166773796082
国美门店试取消进场费 家电商担心变相收费贝恩资本3名董事会成员进驻国美电器后，首个针对渠道门店的战略改革浮出水面。记者昨天获悉，国美试取消进场费。目前，国美电器首家无进场费门店已经在济南开张，下半年还会有50家这样的门店在全国相继开业。国美方面表示，取消进场费和厂家促销员是国美今年提升门店效益的内容之一。 部分家电厂商表示，变相收费是连锁卖场惯用的手法，即便没有进场费也可以通过提高经销商返点费，比如广告费、年节费、毛利补差等来变相收费。还有不少厂商担心，国美取消进场费有可能只是一种形式上的调整。,3,4,0.38144275546073914
国际金价下跌拉低国内金饰价 黄金卖场销售增三成受国际金价下调影响，北京多家黄金卖场日前集体下调金饰品零售价，其中千足金饰品每克最多降7元。金饰价格下调，再加上“节日”效应，消费者购买欲望被点燃，多家黄金卖场销售火爆，据北京菜百公司统计，元旦三天假期中，菜百销售额突破2亿元，同比上升30%以上。记者在菜百看到，调整后的足金饰品为269元/克，每克下调9元；千足金为288元/克，最多每克下调7元。这也是2009年下半年黄金饰品连续6次价格上涨后出现的首次下调。金饰零售价的下调让对价格敏感而处于观望的消费者纷纷“出手”。记者了解到，以“虎元素”为主题的金饰出现热销，而在高端系列产品中，世界黄金协会推出的“唯有金”系列销量一直雄踞高端产品之冠。与热闹的销售大厅相呼应，位于菜百二层东侧的贵金属投资交易中心的柜台前同样人头攒动。“如果近期国际金价没有大幅度下调，暂时不会再次下调价格。”多家黄金零售店表示，目前的价格能否保持到春节取决于国际金价的走势。分析人士认为，国际金价近期走低的可能性不大，金价震荡过后有望展开升势。,3,1,0.5963431596755981
圣象2009安装服务技能万人大比武多快好省地为消费者服务是圣象安装服务技能大比武最终目的圣象2009安装服务技能万人大比武总决赛于四月二十一日在江苏丹阳开赛。比赛项目包含有，服装展示项、地板维修项、地板铺装项、楼梯安装项、踢脚板安装项、拼花安装项、地面测量项，以及各地区在绿色(无尘)安装方面的阐述等内容。圣象集团为最终落实用心做到家，全心为顾客的理念，比赛评判内容和标准全部围绕着“多快好省”地为消费者服务展开。第一比“好”，圣象的三好服务为好地板、好安装、好服务，三个全好，才能使圣象的三好服务深入人心，好地板由我们集团提供，而好安装和好服务是由我们全国五千名一线铺装人员来体现的，今天在场的6大片区，12名的安装服务代表，要赛出我们的好安装和好服务，因为这两个方面直接影响一线消费者的满意度， 第二比“快”，服务的快速响应、快捷的操作速度，是考验安装服务人员安装操作技能的熟练性，只有熟悉产品特性的安装服务人员，才能在安装服务过程中得以娴熟的运用，才能快速的铺设出最好的安装效果；第三比“多”，体现一种灵活多变，如铺设的方案多、方法多、以及想法多，这是一个长期的经验积累，在安装中接触了各种类型的房间后，做好总结工作，学会举一反三，这样才能在后期实际的铺装中，应用不同的解决方式，使其提供的方案能满足或超出客户的需求；第四比“省”，材料的合理运用、合理计算，能体现出安装人员的敬业态度，能让消费者充分感受到圣象“以人为本”的服务理念，用爱承载不是停留在文字的表达，我们圣象的施工服务人员是用实际的行动在证明；这次比赛动员了全国圣象技师五千多人，分六大赛区，以初赛、复赛决出十二个安装精英，十二个人只有一个目标就是决胜丹阳。,3,6,0.7186017632484436
圣象产业链为品牌价值增长提供强劲动能在2009最新出炉的“中国品牌500强”名单中，圣象集团的品牌价值以78.15亿元，名列中国500最具价值品牌第90位，连续第六年蝉联建材业行业之首。从2004年的27.97亿元到如今的78.15亿元，在这喜悦成绩的背后，圣象集团正是通过自己的努力与行动，凭借不断发展、完善的全球一体化产业链结构，为品牌价值的持续增长提供着强劲的动能。圣象集团于1995年在北京成立，从最早主营强化木地板，到今天的圣象强化木地板、圣象康树三层实木地板、安德森多层实木复合地板以及最新推出的圣象新实木系列，圣象集团打造出多品类相互依托，兼收并蓄，永续发展的产业新格局，从最初的单一销售、制造地板，上升到了基材生产，速森林的生产，以及通过与国际知识产权体系的合作迅速进入国际市场……圣象的每一步都比竞争对手领先一筹，当仁不让的扛起了中国木质地板行业的领军大旗。10余年来，圣象坚持走实业的道路，作为资源型企业的典型代表，自始至终务实发展。首先，圣象打造了完整的从原材料种植——基材加工——技术研发——产品生产——销售——服务的产业链，进行全球一体化产业布局。其次，圣象选取最适合自身的资本运作模式，为资源获取和全球布局赢得先机。同时，圣象在上游产业链的各个环节巩固了话语权，从而为未来全球化的产业布局打下牢固基础。放眼未来，圣象集团还将致力于是通过国际化战略的发布与推进，进一步打造全球一体化产业链，以完整产业链优势构筑未来核心竞争力；实现企业长期的可持续的稳健发展；最终将圣象建设成为领先的国际化木业产业集团。,3,6,0.8918337821960449
圣象参加亚太区合法认证林产品国际研讨会9月8日，由国家林业局对外合作中心、大自然保护协会主办的，美国国际开发署、亚洲负责任林业与贸易项目协办的、中国林科院和世界自然基金会组织的“亚太地区合法及认证林产品国际研讨会”在中国上海举行。中国国家林业局国际合作司司长、美国国际开发署环境主任、欧洲森林研究所所长、世界自然基金会、中国林产工业协会等官员及社会、企业等各界人士参加。圣象集团作为全球森林与贸易网络的一员受邀参加了此次会议。集团副总裁郭辉就“合法合可持续木材的营销”作了主题发言，介绍了圣象在原材料采购供应链合法化和共享欧美合作伙伴合法原料的经验，阐述了未来圣象在保护环境、维护世界林产可持续发展和促进林产品合法贸易的规划，将为推动本国森林可持续发展做出努力。,3,6,0.5267685651779175
圣象安装服务技能大比武纪实四月二十一日，来自圣象全国服务系统的精英、圣象集团的各位领导、圣象研发丹阳生产基地的同仁以及新闻界的朋友们，汇聚在圣象丹阳工厂，举行2009年服务安装技能大赛总决赛，参加决赛的12名圣象服务系统的代表是本次圣象服务技能万人大比武近万名参赛者中经过笔试、省级初赛、大区复赛层层选拔出来的服务技能表现优异的佼佼者。本次比赛观战加油的有圣象集团总裁-翁少斌、集团常务副总裁-郭辉、圣象集团营销总监本次大赛总指挥周英学、集团产品总监-刘洋，还有光临现场的来自圣象各销售公司总经理。圣象集团常务副总裁郭辉致辞并宣布本次大赛的决赛鸣锣开幕第一个比赛项目：地板单片更换。通常在家居生活地板使用过程中常常出现的一些问题，比如地板因受什么意外而发生了损伤或者是你一不小心把地板给砸坏了，那可能就需要做单片更换的修理，这是一个十分平常而又重要的修理工作，这个工作如何做的更快、更好还是需要一定学问的，圣象安装系统总结了一套成熟的地板单片更换的方法。第二个比赛项目：异形场地的地板安装比赛，这个场地虽然不大，但是把所有安装地板能遇到的艰难困苦应该说都包含进来了，这个场地有踢脚线、扣条、收边、楼梯、圆弧、穿越管线、斜面等等算了算一共18个安装点，处处都意味着对安装技能的考验。第三个项目比赛选手介绍自己的绿色安装方案和展示特色安装工具。同时进行地板花样拼接。绿色安装的意义是：(1)、低噪音，不扰民(2)、无尘、低尘，有利于健康(3)、低损耗，废料及时清理统一处置。这项服务增值意义对于二次装修、单独地板更换、缓解装修时的邻里关系和谐社区的建设有着重要意义。地板花样拼接的要求：(1)、需要有垂直拼接的部分(2)、要有三种以上的款式参与评判原则：(1)、安装质量，特别是拼接时的缝隙(2)、评价该种拼接方式的实际用料情况(3)、设计师进行装饰评价第四比赛项目：测量地坪测量地坪是地板安装质量的基础，国家标准要求，每2米长度上不平的最大值不能超过3mm，如果在不平的地面上进行了安装那么就会造成很多问题，例如：产品异响，锁扣之间摩擦受力加大加快产品损坏、产生缝隙，防潮性能下降等情况，安装人员要在最快的时间内把地面上高的低的部位标识出来，找出地面的问题。大赛最后决出了：第一名幸年文北京公司；第二名吴帅南京公司、第三名吴殿军沈阳公司和高用强长春公司好马配好鞍，好地板还要好的配件系统、好的安装服务的支持，才是一个完整的地板系统，这就是所谓的三分产品，七分安装。圣象一直以来致力于提高员工的服务能力和素质，加强地板专业知识、规范施工流程及细节，增强安装服务意识，真正为客户服好务。争当服务标兵，树立服务规范，比赛服务技能是本次大赛自始至终的目标，它不仅仅是三句口号，更是所有圣象服务系统对未来服务的庄严承诺和不断进取的方向。,3,6,0.991176962852478
圣象摘得环保部中国环境标志突出贡献桂冠在2009年10月15日由国家环境保护部及环保部环境发展中心中国环境标志15周年纪念活动上，经国家环境保护部批准，环境保护部环境发展中心授予圣象集团等10家国内行业重点企业“中国环境标志突出贡献奖”。这个奖项是迄今为止国家环境保护部对全国行业企业“产品健康指标优和环境行为优”综合效益优秀认证企业的最高评价。这个评价是基于环境保护部中国环境标志认证的客观标准和企业日常绿色经济行为的评价而做出的。环境保护部副部长吴晓青以及国家发改委、商务部、财政部、科技部、联合国环境发展署等领导和嘉宾为圣象集团等十家获奖单位颁奖，圣象集团常务副总裁郭辉先生代表圣象集团授奖。国家环境保护部专门为圣象集团发布了评价：圣象集团作为中国最大的木业家居行业企业，致力于创造产品健康水平及环境行为的最高境界和标准，不断改进产品健康水平和生产资源的可持续发展环境友好是绿色经济和消费的典范。以圣象“新实木”系列地板产品为代表的圣象各个领域的产品是国内最早获得中国环境标志认证的产品，通过执行国内外最高等级的健康指标和可持续发展的环境行为和承诺圣象正在不断创领这一领域的新高度。据悉，中国环境标志突出贡献奖授予从同行业中国环境标志认证企业的第一名中初选而出并在所有全国30000个中国环境标志认证产品中评选10名，圣象集团行业唯一入选。共同入选的企业还有：佳能、爱普生、东风日产汽车等企业。,3,6,0.9978698492050171
"圣象新语  续写不凡瑞典宫廷短剧、美式爵士舞蹈、互动花式调酒，还有欧美主流生活方式介绍？是时尚精英的小众聚会，还是顶尖富豪的高级沙龙？无需惊讶，这是即将于5月24日周末下午，在北京、南京、武汉、重庆四大城市隆重上演的“圣象欧美新实木体验派对”中的精彩环节。如果您荣幸莅临，将会由俊朗英挺的美国牛仔或气质绝伦的北欧公主伴您入场，成为备受“尊宠”的派对主人，准备好了么？就请进入新实木所营造的风尚空间，在轻松曼妙的爵士乐中，欣赏欧美风情精彩表演，品鉴上等美酒佳酿，度过一段尊享而惬意的时光。您想知道家居装饰与地板风格的国际潮流么？派对上，地板专家将结合2009全球地板流行趋势，为您详尽演绎阐述；您希望了解适合自己的装修风格与装饰布置？没问题，知名家装设计师会根据您的家庭情况与职业个性，加以综合分析与解答；您还可以结识到不同业界的朋友，一同分享时尚、健康的都市主流生活方式。如果您渴望了解家装地板知识与新实木产品，那就更将不虚此行。因为圣象地板特别准备了新实木特点讲解，让您明了新实木的种种优势。还有09款新实木精品展示——圣象康树三层实木的欧式简约、新古典、原生态系列，与圣象安德森多层实木的迈阿密假日、艾斯本胜地、纽约大都会系列。相信其中必定会有一款，可以打动追求品质与生活格调，懂得生活的您。选择或许不同，品味自在其中，正如“圣象中美欧主流设计圈”的荣誉主席——国际室内设计大师梅乐尼.伍德女士所言，地板已成为家居的重要颜面，不仅营造了居室的整体风格，展现了时尚的潮流元素，更承载了一个家居主人对于生活的理解与追求。为此，圣象地板希望您能参与派对，倾听您对于生活的感悟与见解，一同感受浓郁欧美风情的都市风尚生活，并希望能以新实木的地板新语，为您续写家庭生活的不凡品味。因为，同步欧美、风格多样、具国际品质的圣象新实木，融完美技术、材质、工艺、环保特性于一体，每一个风格系列,都是国际设计大师的倾心之作，并具自身设计意念与独特时尚解读，值得用心鉴赏。 瑞典宫廷短剧、美式爵士舞蹈、互动花式调酒，还有欧美主流生活方式介绍？是时尚精英的小众聚会，还是顶尖富豪的高级沙龙？无需惊讶，这是即将于5月24日周末下午，在北京、南京、武汉、重庆四大城市隆重上演的“圣象欧美新实木体验派对”中的精彩环节。如果您荣幸莅临，将会由俊朗英挺的美国牛仔或气质绝伦的北欧公主伴您入场，成为备受“尊宠”的派对主人，准备好了么？就请进入新实木所营造的风尚空间，在轻松曼妙的爵士乐中，欣赏欧美风情精彩表演，品鉴上等美酒佳酿，度过一段尊享而惬意的时光。您想知道家居装饰与地板风格的国际潮流么？派对上，地板专家将结合2009全球地板流行趋势，为您详尽演绎阐述；您希望了解适合自己的装修风格与装饰布置？没问题，知名家装设计师会根据您的家庭情况与职业个性，加以综合分析与解答；您还可以结识到不同业界的朋友，一同分享时尚、健康的都市主流生活方式。如果您渴望了解家装地板知识与新实木产品，那就更将不虚此行。因为圣象地板特别准备了新实木特点讲解，让您明了新实木的种种优势。还有09款新实木精品展示——圣象康树三层实木的欧式简约、新古典、原生态系列，与圣象安德森多层实木的迈阿密假日、艾斯本胜地、纽约大都会系列。相信其中必定会有一款，可以打动追求品质与生活格调，懂得生活的您。选择或许不同，品味自在其中，正如“圣象中美欧主流设计圈”的荣誉主席——国际室内设计大师梅乐尼.伍德女士所言，地板已成为家居的重要颜面，不仅营造了居室的整体风格，展现了时尚的潮流元素，更承载了一个家居主人对于生活的理解与追求。为此，圣象地板希望您能参与派对，倾听您对于生活的感悟与见解，一同感受浓郁欧美风情的都市风尚生活，并希望能以新实木的地板新语，为您续写家庭生活的不凡品味。因为，同步欧美、风格多样、具国际品质的圣象新实木，融完美技术、材质、工艺、环保特性于一体，每一个风格系列,都是国际设计大师的倾心之作，并具自身设计意念与独特时尚解读，值得用心鉴赏。",3,6,0.9982157945632935
圣象郭辉：最具价值品牌证明市场竞争力世界品牌试验室在中国进行中国500最具价值品牌评估已经是第六个年头了。这个机构十分关注中国经济和品牌的发展。圣象集团能工商银行、CCTV、海尔、联想、中国石油、五粮液等知名品牌进入中国500价值100强行列。6月30日上午圣象集团副总裁郭辉先生作客新浪乐居。时间：2009年6月30日星期二地点：新浪乐居嘉宾聊天室嘉宾：圣象集团副总裁郭辉先生主持人：新浪乐居 谢娟以下为现场实录：【主持人】：从榜单上可以明显地看出，凡是上榜品牌都是所属行业内无可争议的领军企业。作为地板业首家上榜“中国500最具价值品牌”的企业，这个评估对圣象品牌有什么特殊的意义？ 【郭辉】：世界品牌试验室在中国进行中国500最具价值品牌评估已经是第六个年头了。这个机构十分关注中国经济和品牌的发展。我们也欣喜的看到圣象集团能与工商银行、CCTV、海尔、联想、中国石油、五粮液等知名品牌进入中国500价值100强行列。在世界金融危机大的经济环境下，企业品牌不不断增值与位次上升也一定程度的证明了品牌的市场竞争力和未来发展的市场潜力。 【主持人】：企业发展是一条艰辛的道路，从发展之初到现在成为中国地板领军品牌，在这十余年风雨当中，都面临过哪些困境？又是怎么来解决的？【郭辉】：圣象品牌和企业的发展必须源于社会源于市场，这也是圣象一直遵循的发展模式。十几年前，圣象选择当时市场上还没有的强化木地板起家就是看到他符合消费者未来使用木地板的意愿并结合森林可持续发展的理念而做出的选择，实践证明这是一条利国利民的可持续发展的道路。据此我们还创造了人工绿化工程以及产业链综合发展的产业模式，品牌与社会、经济、消费同步发展。10几年的发展当然也遇到一些坎坷，1999年欧元升值进口成本上升，我们就在2000就建立起亚洲第一世界领先的生产研发基地实现了品质国际化，生产技术工艺与国际同步甚至超前。2003年面对国内价格竞争五劣板严重影响行业形象和消费者利益，我们与具有正义感的企业和国家有关部门共同打击五劣板，这个成功是消费者的福音也是行业正义感的体现。近些年，我们在对外技术合作、国际知识产权体系等方面也积极的进行探讨也遇到国际国内上的一些问题，我们一直着眼于行业长期发展的目标去提出解决方案，实践证明是科学有效的。【主持人】：有的人认为企业核心竞争力是有新的产品，有的人认为是服务，您觉得圣象这十余年的蓬勃发展，最核心的竞争力是什么？ 【郭辉】：今天来谈圣象企业的核心竞争力我认为是综合的，每一个因素只有重要程度上的差别，单方面的不会持久只能认为是一种竞争优势而这些优势也会随着市场的变化而变化。目前圣象业务的发展品牌为竞争提供了良好的支撑，我们也在从各个方面在维护圣象这个品牌。你谈到的新产品、服务等是保持竞争优势的载体和手段，圣象是上下2万名员工一起围绕着市场、消费者不断变化提升了的需求而不断努力。【主持人】：08、09年可以称得上是风雨交加，圣象为何逆势扩张，您如何看待2009年的建材(地板)市场？在今年中国地板市场出现了哪些新的变化？ 【郭辉】：08年和09年行业内确实感到了这方面的压力。地板行业家居行业的有些同行也深有感受。圣象在09年的业务07、08、09同比环比均实现增长，感谢消费者对圣象品牌的信任。2009年的家居建材市场刚性需求仍然相当的旺盛，个性化的消费趋势也相当的明显，我们的消费者年龄、消费习惯、获取信息的途径与以往都有着新的变化，实木类地板消费能力更趋成熟、新媒体、新通路新的商业模式也不断的涌现，这对我们既有的经营方式和思想方式是一个考验，积极的主动的去赢得是今后圣象品牌在市场竞争中能够胜出的途径，为此我们去也也在增加这方面的软硬配置以及寻找更适合我们的合作伙伴。【主持人】：三层实木复合地板推广活动正在大规模的进行着，您对三层实木地板的“中国制造”前景有着怎样的预测？【郭辉】：事实上，三层实木地板在欧洲是很成熟的产品，圣象与瑞典康树的合作算起来10多年的历史了，我们前些日子在网上对有意向的木地板类消费者的一项网上调查(这个调查目前参与超过2000人)在200-300这个实木类地板消费的主流价格段选择三层实木地板的占有高达73%，调查还显示，消费者喜爱三层实木地板源于品质稳定、装饰效果更佳、大幅面、适于地热采暖等优势。所以我们觉得现在是三层实木在实木类地板消费领域内脱颖而出的时机了，目前行业内很多企业都在生产和经营三层实木地板，大部分专门做出口的去也开始着眼于国内市场了，我认为三层实木地板很有市场前景。圣象已经完成了600万平方米三层实木地板的扩能，到2013年圣象实木类地板见达年产销量3000万平米，三层实木地板达到1400万平米以上。【主持人】：请您预测一下2010年中国地板行业。圣象将如何应对新变化？ 【郭辉】：圣象是一个在竞争中不断进步的品牌，市场和消费者明确的导向就是企业不断进取的目标，为了达成企业成为世界一流木业产业集团的目标我们在技术、团队、渠道、研发、产业链方面进行了多方面的准备。2010年将是行业经过调整后走向新里程的第一年，周围的竞争者会发生变化、新的消费模式、商业模式会不断涌现，我们必须给予足够的重视。希望未来的2010年是家居建材行业走向新纪元的里程碑。,3,6,0.9988754391670227
地产交易活跃家装市场淡季不淡【本报讯】(记者 徐强)进入暑期，由于受高温和湿度的影响，装修界通常会将这一时期视为“休眠期”，由此出现家装市场所谓的“淡季”。但记者近日在采访中发现，深圳家装市场近段时期并没出现预期中的淡季，相反，旧房翻新改造、新房装修布置等各种各样的装修工程反而多了起来。很多装饰公司接单的数量也较前几个月增长两成左右。专家分析，这与近期深圳房地产交易活跃，以及新学期将至，很多家长为方便孩子读书换房有关。两股力量带旺暑期装修记者在百安居泰然店采访时了解到，进入6月份以来，家具和地板等装修材料的销量远超过前几个月。据销售部负责人介绍，进入暑期，很多家长带着孩子前来选购小孩房的家具饰品。还有一些市民选择在暑期对房子进行翻新，由此带动了家具和建材的销售。一家专做布艺窗帘的销售商介绍，前几个月，销量很少，一个星期也订不了几户。但进入暑期以来，订单都有些接不过来，公司测量尺寸的技术人员每天都会跑好几户人家。装饰公司也明显感到了业务量的增加。该公司工程部负责人介绍，这一个多月，接单量明显增多，粗略统计，业务量比前几个月增加两成左右，每天都会有十几个客户前来商议装修方案和询价。一些确定的装修工程主要来自一些新开的楼盘，并多分布在关外。另外，还有一些是市区靠近学校的住宅楼，这部分属旧房改造装修工程。搜房网一项近万人参与的夏季装修调查结果也显示，被调查者中购买新房的人占了总量的40.58%，而购买二手房的人则占了总量的59.42%。深圳家装行业协会有关人士表示，从近期深圳家装市场的行情来看，7月份可能还会迎来今夏家装的又一高峰。一方面，近期深圳房地产成交活跃，这是带动家装市场活跃的一个主要力量。另外，新学期将至，又有一部分学生将进入新的学校，很多家长为方便孩子上学，会选择在学校附近租房或买房，他们也都急着赶在开学之前进行旧房翻新。这两个因素促成了今年暑期深圳的家装市场“淡季不淡”。夏季装修有利有弊传统概念中，夏季装修不利主要是因为温度高、潮湿。夏季潮湿、空气含水量高，墙面漆干不透再经过日晒容易墙面开裂。其次夏季温度高，热胀冷缩对板材的热扩张度是一个考验。“但这些问题，随着现代装修技术的提高均可以解决。处理好反而更有利于装修。综合来看，夏季装修有利有弊，装修业主不必有太多的顾虑。”工程部负责人介绍。对于夏季装修过程中容易出现的这两个关键问题，该负责人也提出了解决办法。比如，可以利用夏季风大的特点，通过保持施工现场的通风，一来有助于水分蒸发，二来可以提前“放味”，有利环保。事实上，夏季装修也有好处。比如家装公司会推反季节消费打折措施，在装修价格上采取一定优惠。另外，由于夏季并不是装修旺季，装饰公司在施工人员调配上就有更多的空间，无论从施工效率和质量上都更加完善和有保障。墙漆涂料花费不多更要精选专业人士提醒，在解决了夏季装修弊端的同时，另外一个需要格外注意的事项是慎选装修材料，尤其是墙面漆和涂料的选择更应重视。因为油漆、涂料是家庭装修必选的建筑材料，在整个家装预算中，油漆、涂料的消费占不到10%，但是覆盖面积却达80%，影响力更是达到100%。为避免室内出现“隐形杀手”，一定要选择有品牌和环保型的涂料。记者在采访中了解到，很多装修业主对选择什么样的环保涂料和墙面漆感到困惑。对此，专家提醒，目前涂料行业中比较尖端的技术是对传统抗菌材料进行全面革新。这一技术采用先进的工艺技术和设备，使用清洁的能源和原料，在保证防霉能力、耐洗擦性和遮盖率等基础涂料性能的前提下，还能快速、全面地把甲醛分解为无害分子物质，同时与漆膜相互作用，坚固墙面并持久净化空气，这才是理想的环保涂料。装修业主可向建材商场的专业人士进行咨询，了解各种涂料的性能，选择好最佳的品牌。,3,4,0.9257391095161438
城外诚11&#8226;9消防演练暨百日安全表彰大会11月9日，值全国第18个“119消防宣传日”之际，由北京城外诚与朝阳区华威消防中队联合举办的大型消防演习在城外诚南广场隆重举办，城外诚总经理刘长河、华威消防中队队长黄鹏以及城外诚常委领导班子出席活动。城外诚全体干部职工及卖场营销员代表近3000余人参加消防演习活动。由华威消防中队50余名全体消防官兵、6辆专业消防车和城外诚20余人消防应急小分队和1辆消防车组成的强大消练阵容，通过消防车救火、油锅灭火、液化气罐灭火、火盆灭火、消防器材展示等五项现场模拟演练，为参加活动的3000余人上了一堂生动、真实、专业的消防知识提升课。此次“警民携手联防、共建平安环境”的活动，也成为了近年来北京市企业举办消防演习活动中，规模最大、参与人最多、专业性最强的一次。通过华威消防中队教官在现场对灭火常识、安全施救等专业知识的讲授，让参加活动的员工受益匪浅，消防知识得到了极大的提高，通过大规模的模拟演练体验，加深了印象、熟练了技能。在当天的活动现场，来自《北京晚报》、《新京报》、BTV、新华网等二十余新闻媒体进行了采访和报道。紧扣主题提升预警。今年是全国第18个“119消防宣传日”，北京市定于今年的消防主题为“人人参与消防，共享平安生活”，旨在把消防安全意识贯穿到人民生活之中的每个细节，达到人人参与、人人防范、共享平安的目的。多年来，城外诚始终把安全生产做为企业的头等工作来抓，从企业领导的高度重视，到消防知识的普及培训以及企业消防分队的组成，为确保企业的平安祥和铸就了坚固的防范长城。此次由华威消防中队长黄鹏带领50余名专业消防官兵，通过专业的系列演练活动，进一步提升了城外诚干部职工及卖场营销的消防知识和防范技能。百日安全成效显著。在此次警民联合消防大演练的活动中，城外诚总经理刘长河为60余名“百日安全”先进员工和营销员奖发了荣誉证书，并对“百日安全”活动取得的圆满成果给予了充分肯定。据了解，城外诚“百日安全”是今年7月7日正式启动，以“提高安全意识、同创和谐社会、共享平安生活”为主题，旨在进一步宣传和普及安全知识，提高安全防范意识，强化各项安全规章制度的贯彻落实，杜绝各类违章和安全事件的发生。为确保城外诚平安家居卖、营造更加安全放心的购物环境，并将此作为向建国六十周年献礼的一项重要活动。在为期100天的安全活动中，城外诚干部职工踊跃参与、积极行动，义务为安全巡逻活动奉献节假日。据工会统计，共计426人、奉献2000余个班次，在以总经理刘长河为组长、各部门负责人为成员领导小组的带领下，通过宣传动员、自查整改及总结经验三个阶段，确保活动质量，最终达到了预期目标，使“百日安全”活动取得了圆满成果。警民联合首次演练。 “生命至上”，人的生存是一切事务的前提，“发展是硬道理，稳定是硬任务”，消防安全是企业生存和发展的前提。城外诚总经理刘长河把安全生产作为常抓不懈的重要工作，企业不惜巨资投入，购买专业消防车辆、聘请退伍消防兵，从硬件和软件上组建了一支素质过硬的消防应急小分队，并在企业内进行多次的消防演习。此次，城外诚消防应急小分队与华威消防中队的联合大演练，是一次大型的警民首次联合演习，实现了“高规格、大规模、专业化”的局面。在活动现场，按照预定方案，在指挥员的发号施令下，6辆消防车、50余消防官兵到场进行灭火救援，启动消防水泵、铺设消防水带、实施救援、紧急撤离……整个现场紧张有序。消防官兵动作敏捷、配合默契，参演人员沉着冷静、有条不紊，华威中队消防官兵和城外诚消防应急小分队的精彩演练，赢得了在场领导和员工的阵阵掌声。此次警民首度联合大规模的消防演习活动，取得了圆满成功。活动结束后，城外诚总经理刘长河以及华威消防中队队长黄鹏对这次演练活动的圆满成功给予了充分肯定。通过高强度、高规模、高水平的演习，既大大检验了消防官兵的应急能力，也让企业消防应急小分队在演习中到了锻炼和提升，增长了消防队员扑救火灾的能力和素质，全员共同参与消防的意识得到全面提高，为实现企业安全生产、地区和谐稳定提供了重要保障。,3,6,0.99720299243927
城外诚重装升级 5.1全新亮相送大礼    五一期间城外诚为消费者准备的礼物还包括名牌家电、知名会馆消费券、各类居家生活用品在内的总价值高达1000万元的奖品，并通过“澳门轮盘”、“现金一把抓”和“刮刮奖”等新奇刺激的抽奖方式向消费者进行大派送。 卖场照片：图为 卖场照片图为 卖场照片乘车地图：,3,6,0.9983868598937988
大家能不能不那么寂寞啊正文玩了寂寞，又玩浪漫，我看我们这代人真的是没什么玩了，我们下一代也没什么玩的。我们这几代人小时候玩的不健康向上，到现在变成数字移民也是胡作非为，90年后众NC是原住民，不能在现实生活鸡飞狗跳后，不分先后的终于都无聊了。首先定义下NC，简单来说可以定义为小时候被猪亲了之后又被驴踢了门夹了，通俗点的定义就是脑子不想事，基于这一点，很多70、80年都是NC，90年后更是NC中的极品NC，也就是NC中的战斗鸡。众NC们先反思下自己的生活，有多少人是一天到晚混在网上无所事事的？玩的一样比一样弱智，半夜三更偷菜啊，AV舞啊，一个魔兽停服，几百万人无聊啊，玩完了回家吃饭玩寂寞，横空出世了一个寂寞党，随便到哪看看，网络上满版荒唐言，遍地寂寞党，然后还没完，寂寞党玩得不疯，浪漫派又冒出头来了。早阵子砖家叫兽们说，每天上网时间多于6小时的就是精神病，这话没错，一般精神病都不喜欢别人说他们有病，NC们哎，天天喊着寂寞，不是有病还是有喜啊？土鳖们，没钱不要装孙子，你们有钱也就一暴发户，看你们每天在干嘛，天天说棒子抢我们东西，天涯上自己在骂中医，鲁迅那老FQ没教你们一点好样！看看天涯每天都在讨论什么啊，杂谈上那个自称是日本MM的报道帖，也是20多万点击数千回复，土鳖子，没见过女人啊？说没见过穿衣服的日本女人，恩，隔着千八百里的网线你能看到什么？那回复就更别说了，真要是一国际友人，还以为中国男人怎么怎么的，全是JB长在嘴上的还是怎么着？一旦有女的晒照片，征婚，那回复，比个天安门游行还要壮观点？寂寞啊寂寞啊，丢脸丢到国际互联网上来了。有精英一出来立刻就被砸砖说装B，中国的精英文化已经被你们这些恶俗的无聊文化折腾的岌岌可危，就说天涯，顶无聊的了，多少民智人士被迫离开了，越玩越低俗，国际友人都过来看笑话。想不想知道自己是怎么变蠢的？众位NC，请开动你们所剩不多的脑子想想，若干年前，你是不是记性还不错，碰到什么事还知道动脑子，现在，估计就是拿笔写字也写不出几个简体中文版的了吧？达尔文的进化论是骗小孩的，网络就在让你变蠢，《蠢蛋进化论》看过吧？像现在这样，有什么不明白的问百度问谷歌，问万能的天涯，泡妞玩深沉搜几段经典B语，论文不会上网抄，好吧，青春期性启蒙，上网可劲儿看日片吧，偷偷看的时候很“心神不宁”吧？绿霸了吧？不用自己动脑筋，会用工具就行了，靠装备算个毛啊！CCAV总是说古人好睿智，前人好NB啊，有长城金字塔，瞎扯淡，那是因为现在的人更SB了，NC要分级，肯定是90大于80大于70，所以90年后，你们也不用反驳了，你们要说自己是祖国的花朵朝气蓬勃，我靠，太监都会笑得射出来。据说中国是世界上BBS最流行最多的国家，泡论坛的，有相当一部分是没什么钱装B的，还有相当一部分是连装B都困难的，天天无聊狗咬狗一嘴毛。都是一群废物，说你没出息就是没出息，有出息的人天天在网上喊寂寞，偷菜？网络就是个工具，别去信TM的互联网等于生活，有瘾啊，每天也许就是在网上跟人妖扯淡，JB都沤出绿毛了还不知道，NND，寂寞了，你妈叫你回家吃饭啦！宁愿每天YY着自己一身武林绝学，几万吨的黄金放在花旗银行发霉，玉树临风风流倜傥那是必须的，一年三百六十天，每天都换不同的女人，就是不肯动手去做点实际的，成功的男人为应付女人发愁，废物们每天在网上搜罗八卦隐私，然后喊，哥好寂寞，哥不要吃面，要吃寂寞……网上的民智都死光了，要不就是属乌龟王八DAN的！寂寞完了，还不够，再玩点新鲜的吧，早几天又出了新玩意，优酷首页有个据说是硫酸雨导演拍的视频小样，视频就不提了，只是视频里的对白那就完全是针对无聊寂寞来的，两个00年后小同学把寂寞派的所谓经典对白一顿乱搞，多丢人呢，言外之意，装B谁不会，一点技术含量都没有，小P孩都照样学得会。另外，做大人的自己想想，你们无聊归无聊，寂寞归寂寞，别带坏小孩子，可以不？你愿意你的宝贝儿天天跟你说：爹，哥我很寂寞，然后装忧郁型？那我更愿意听我儿子说：爹，您可真浪漫呀~~嘴贫不是缺点，关键是要贫得有品位，有意境。话说回来，跟任何网络事件一样，这个视频一出，在寂寞党这个广大的群众基础上，又来恶搞了，所以我说寂寞党一无是处，骑墙派，现在口口声声又姐要的不是寂寞，是浪漫了，是啊，非浪漫不河蟹啊~~NC们，你们既然喜欢趴在网上无聊，你们就继续恶搞吧，你们反正毁词不倦，现在有哥吃的不是面，是寂寞；也有姐要的不是寂寞是浪漫；有你妈叫你回家吃饭，也有妞，过来咱们浪个漫；有不是寂寞不发骚，也有非浪漫不回帖，没有传播力吗？扯，福娃这名字多差，一听就一股浓郁的乡土气息扑面而来，不照样张口就来的。真正的浪漫是有钱有品的生活，NC与土鳖玩不起，你们玩也是个山寨，你们愤愤不平恶搞的时候，人家早在现实生活中玩儿情调了。你们也只能恶搞，拯救地球没你们的份，活该你们只能对着显示器高潮。,3,5,0.9750939011573792
大熊猫住进了总统套房2009年2月23日，卧龙中国保护大熊猫研究中心收到一批“特殊的礼物”----由成都全友家私为大熊猫设计订做的8套大熊猫家具---“珍宝乐巢套房”。保护区的饲养员笑着说，一下送来这么多的“珍宝乐巢”，简直是让保护区的大熊猫都住进“总统套房”了。在卧龙中国保护大熊猫研究中心碧峰峡基地的成年熊猫活动区和“幼儿园”，8套崭新、散发着松木清香、带着童话色彩的象房屋、象家具、又象玩具的“珍宝乐巢”特别引人注目，各年龄段的熊猫一会在他们的“乐巢”里钻来钻去，一会在“巢”顶的平台上嬉戏、翻滚，雌雄成对的大熊猫还在那里打情骂俏、耳鬓厮磨呢，特别有意思的是，一只吃饱了竹子的大熊猫，在乐巢里伸了几个懒腰后开始打起呼噜来，当三五成群的游客的喧闹声打搅了他们的美梦时，它们又偶尔伸出脑袋来娇嗔的看游客一眼，继而又若无其事的养起神来，好安逸的国宝大熊猫！真是奥巴马也羡慕他们的神仙日子啊！为什么这些像熊猫屋的熊猫家具全部来自全友家私呢？笔者好奇地问熊猫饲养员。“全友家私的产品安全、环保，而且是中国名牌产品，这是主要原因吧”，饲养员介绍说，“再有就是，这都是全友家私特别为我们的国宝大熊猫爱心特制的，全友家私对大熊猫特别有爱心，从2005年至今，全友家私已经认养了五只大熊猫了，虽然他们只宣传了一只，但他们的对大熊猫的爱心行动一直不断，这一点，很让人感动”。听完这些话，我有一个感觉——全友家私是用爱心制造出来的。这种爱心也体现在这次“全友红五月真爱巨献”全国大型促销活动中，全友推出了“品质显真爱”、“设计显真爱”、“特惠显真爱”、“服务显真爱”、“公益显真爱”几大内容，让人从省钱的实惠到情感的满足双双受益，有兴趣的朋友，不妨去全友家私专卖店去感受、体验一番。 说不定，你也可以选出一套你自己的“总统套房”呢！,3,4,0.6375855803489685
太阳雨董事长徐新建捐1000万元风头盖首善近日，备受期待的2009中国慈善排行榜在京揭晓，入榜慈善家121位，共计捐赠18.84亿元；入榜慈善企业899家，共计捐赠117.95亿元(含物品捐赠)。去年获得“中国首善”称号的江苏黄埔再生资源利用有限公司董事长陈光标没能如愿卫冕“中国首善”称号，世纪金源集团黄如论、黄涛父子因现金捐赠第一名而获得“中国首善”称号。虽未荣登首善，但陈光标以其博大的慈善精神，高调的善行壮举，获得了社会各界的认可，中国慈善排行榜组委会特授予陈光标“最具号召力的中国慈善家”称号，以冀望陈光标先生继续“善行天下”，成为引领中国慈善事业健康发展的一位出色旗手。四川宏达集团董事长刘沧龙的企业在地震期间遭受重创，但仍第一时间捐资支援灾区，获得“2009慈善特别贡献奖”。香港英皇集团主席杨受成、深圳航空城(东部)实业公司董事长李爱君等被授予“2009中国十大慈善家”称号；中国人寿、加多宝集团、恒源祥等荣获“2009中国十大慈善企业”称号。在当晚举行的中国慈善排行榜明星慈善拍卖会上，原本应该是上午刚刚获奖中国首善、慈善家、慈善企业“表演”的舞台，却被一位并没有“宝冠”加身的隐形慈善家——太阳雨太阳能集团董事长徐新建抢得了风头。手持007号牌的他不仅是在最后时刻以全场最高价207万元拍得几十位到会明星现场制作的明星手模，而且还当场宣布捐赠1000万元，用于中国公益事业。徐新建在接受记者采访时表示，太阳雨太阳能一直热衷中国公益事业，去年牵手残奥，成为残奥助威团全程独家合作伙伴，启动全球海选，在全球范围内关心残疾人关注残奥会。在四川地震的抗震救灾中，太阳雨第一时间捐款捐物300多万元，成为太阳能行业首家为灾区捐款的企业。徐新建还在余震中亲自带领24名太阳雨志愿者深入灾区，先后捐建灾区7个太阳能浴室，并且捐建了首家抗震春蕾小学。徐新建说：“上午参加完中国慈善排行榜颁奖典礼，他非常感动，也希望能向那些获奖慈善家一样，不仅自己做慈善，还能够影响周围的人做慈善。晚上参与拍卖，一方面是因此拍卖会所有款项都是用于中国公益事业，所以他们放心；另一方面，参与明星手模助拍的是他非常喜欢的潘长江老师，所以他才有此举动。”徐新建还感言：“做公益或慈善应该说是一件快乐的事情，从事这样快乐的事情，也是因为有快乐的同伴，今天晚上这么多明星都是我快乐的同伴。去年11月18号，我参加了央视的招标，拍卖师举到最后的时候，特别紧张，今天我不紧张，因为有潘老师，因为我们的钱放在慈善上，我们心里踏实。”,3,6,0.4823543429374695
"央视广告招标超百亿 晴雨表预报经济艳阳天央视广告招标素来被业界誉为“中国经济的晴雨表”。刚刚落下帷幕的此次招标总额突破百亿,创下16年以来的新高109.66亿元,与去年的92.5627亿元相比,“增收”17.1亿元增幅18.47%。舆论认为,“招标结果直接折射出市场对2010年中国经济的信心和期待。”毋庸置疑,企业到央视举牌投标这件事本身,就体现了企业家对中国经济形势向好的最基本判断。国家统计局最新公布的全国企业景气调查结果显示,三季度各行业企业家信心普遍提高,回升至120.1,比二季度提高9.9点。这是自2008年四季度以来,大、中、小型企业家信心指数首次同时位于景气区间。这些数据和事实表明国内经济主体信心正不断回升,如同10月经济数据显示的一样,虽然气候上的冬天刚刚来临,但国内经济形势的严冬正慢慢远去,继续向好的趋势正坚定地向我们走来。另外,此次中标企业涉及行业范围广泛,表露各行业普遍冲出危机阴霾走向复苏。家居建材、汽车和家电行业成为此次招标亮点行业。其中,家居建材行业增长最高,中标额增长率高达200%,显示相关行业与宏观经济刺激政策联系紧密。以格力、美的、巨人为代表的三家科技企业在此次竞争中总计投入超过3亿元,中标七段广告位或相应选择权,显示科技类公司发展后劲十足。而蒙牛、郎酒等消费产品行业公司的中标也传达出消费市场潜力正在释放的信号。数据上也表明,国内各行业的基本面都在逐步改善。刚刚结束披露的上市公司2009年前三季度业绩报告显示盈利能力继续回升:1659家上市公司实现营业总收入83860亿元,同比下降5.58%;实现营业利润10332亿元,同比增长5.46%。尽管前三季度业绩同比增速依旧负增长,但是降幅较半年报已大幅收窄。从营业利润、净利润等各项指标的同比数据来看,上市公司的盈利能力已比前期有了明显改善。来自统计局的最新企业景气度调查也显示,各行业企业景气连续两个季度在景气区间,三季度全国企业景气指数为124.4,比二季度回升8.5点。而来自财政部的信息显示,今年1至10月,国有企业累计实现营业收入178737.7亿元,同比增长0.5%。这是今年以来营业收入首次出现正增长。同时,国企利润也呈现良好增长态势。1月至10月,国有企业累计实现利润10643.5亿元,环比增长9.2%,同比下降10.6%,降幅比1月至9月减小7个百分点,显示降幅收窄速度越来越快,企业经营已经摆脱羁绊,走上发展快车道。行业基本面的好转直接影响着企业经营的决策和方向,而企业是资本市场的主体。企业持续经营能力的改善和提高又直接影响着投资者的决策,一定意义上直接构成股市宏观基本面。只有企业这个市场元素真正向好,才能保证市场的茁壮成长。而商务部本月16日发布的监测数据显示国内消费市场正加速回升。全国千家重点零售企业零售额同比增长11.8%,增速比9月份加快1.2个百分点,创下今年以来的最快增速。由此看来,在各项政策刺激下,伴随行业层面的积极转变,中国经济的第三驾马车也跃跃欲试、扬鞭奋蹄了。一个广告招标会,因为有了全球经济危机的背景而备受瞩目。而这份有史以来最高中标额,折射出的是社会经济主体及其决策者的信心恢复与对经济后势的判断,同时也折射出国内各行业基本面的全面复苏与消费这驾马车不负厚望的启动。在经济全面回暖的情势下,资本市场的明天就更加值得期待。",3,1,0.8239374160766602
奥巴马的家：重点保护对象(组图)在迈阿密见过奥巴马后，第二天记者往西北远上芝加哥。住下后的第一件事，就是去寻找他的家。奥巴马的家位于格林伍德大道5046号。这一带虽然距名校芝加哥大学不远——沿着格林伍德一直往北就到芝大，却属于治安名声不佳的芝加哥南区。向几位当地人问了路，记者乘坐著名的高架铁路“绿线”，在第51 街站下了车。出站后马上就能感受这里的危险性：外面有三三两两的黑人青年在闲逛、打量行人。由于胸前挂着相机，记者退回站内。这时又有一位中年的黑人妇女上前问：“你会说英语吗？”得到肯定回答后，她拿出一张标着5美元、貌似食品券的纸条，好像想兜售给记者。“你别去惹人家！”检票处的黑人胖大姐向她喝道。“好好好，你是老板。”那位中年女子讪讪走开。记者向那位好心的大姐打听。她证实说：“这里是不大安全。偷东西、抢劫的都有，还有打枪的呢。你要当心一些。”她告诉记者，在门口坐15 路车，就可以到要找的地址；她以前不知道那里就是奥巴马的家。15 路车来了， 记者谢过检票大姐上了车， 问司机师傅应该在哪站下。和大多数美国公交车司机一样，这位叫阿历克斯的黑人小伙也很肯帮忙。“那个站现在不能停，我会让你就近下车。”一听说记者从中国远道而来， 找的就是奥巴马的家， 他一直开到离奥家尽量近的地方让记者下车，并介绍说他在奥巴马没有竞选总统时就认识他了，也和他握过手，尽管彼此不很熟悉。记者下车刚拍了第一张照片，前面警车中就出来一位穿黑色防弹衣的黑人女特工，说：“这儿不能拍照，要拍只能到对面铁栏杆后的指定区域。你去问那辆警车上的警察和特工。我们也不接受采访，要采访得打华盛顿美国特勤局的电话。”她旁边站着一个穿制服的芝加哥当地警察。记者过了马路，沿着铁栅栏走到另一辆警车附近，一位穿套头衫的壮实特工就微笑着向记者说了几条规矩：不能再往前，不能拍周围的保安措施，特工不接受采访。“至于我们的CPD(芝加哥警察局)同事是否愿意接受采访，你得问他们自己。”说罢他指指旁边穿深色警服的一个警察。对方摇摇头，说：“我也不接受采访。”奥巴马家是一幢单门独户式红砖楼房，下面被绿树捂得严严实实，只有上面露出一小部分：斜屋顶、老虎窗、两个烟囱和一个碟形卫星天线。这一带的楼房、环境都不错，比刚才的绿线车站强多了。难怪这幢房子能值上百万美元。奥巴马家门前的东西向马路是海德公园大道东段，路面朝他家一侧的三分之一宽度被水泥路障隔为禁区，竖着“禁止进入”和“限速30 英里”的警告牌；东边朝着的格林伍德路同样如此。路对面有一座圆顶大教堂。记者见从格林伍德路走出几个行人，便问那位男特工：他们要偷拍不是很容易吗？这位特工休姆回答说：“没错。但我们知道这些人是谁。况且一旦被发现，他们就会丧失从这里路过的权利。”记者拍了几张照片，见天色渐暗，没什么可拍，就掏出小本子记下观察到的东西：5 辆警车和若干辆无标志的特勤汽车，分布在记者能看到的西、南、东三个方向；警员和特工至少有10 人；路口三个人闲着无聊，正在那里说笑。“对不起，您在干什么？”走过来一位特工。记者解释说，既然一些角度不让拍照，我就随便记点东西，还给他瞄了一眼笔记本。“哦。我们这里也是不能画防卫部署示意图的。”美国警察和特工都比较文明，不会强行要求看你拍的照片和记录的文字。尽管作为外国人，记者不受宪法第一修正案保护。“不好意思，你得走了。”过了不久，特工休姆过来催促，“我们的规定是车辆和行人在这里不得停留。给你的时间已经比给其他媒体的多了5 分钟。”在等15 路车回火车站时，记者碰到同站候车的一个白人女孩。她名叫葆拉，来自圣路易斯，是芝大英文和音乐系学生，几个月前刚在这里租了套宿舍。“我是搬过来后才知道奥巴马住这儿的。”她说，“除了车站改了地点外，其他倒是没有什么不方便。当奥巴马的邻居可能算是一项优点吧。”她笑着说。不过，和很多菲尼克斯市民都说不一定会投票给麦凯恩一样，葆拉也说她尚未决定投谁的票。让记者印象深刻的一点是，当地很少有人知道住在同城的总统候选人的住址。他们似乎缺少好奇心，也不会因某人是同乡就支持他们，或以他们为荣。,3,5,0.991503119468689
宜家二店不卖宜家卖啥宜家终于要在北京开第二店了。即使是位于瑞典首都的全球最大店，也只有5.5万平方米的面积，在宜家拍下的大兴区西红门那块规划面积超过30万平方米的土地上，除了建立宜家家居全球第二大店以外，剩余部分会装些啥，从宜家拿下地块那一刻就吊着大家的胃口。宜家进入中国10年，在人们心目中树立起“小家碧玉”的形象。时尚、简约、方便等特点，使之成为大学毕业生家装购物首选。仔细看看宜家卖场里的产品，只不过是 “中国造”挂上了宜家的招牌。这也是宜家最大的特色：宜家卖场只卖“宜家”品牌的产品，与其他家居卖场“兼卖万家”大相径庭。宜家家居一般只需几万平方米的面积，30万平方米的巨大空间必须引入其他业态才能填满。这就意味着宜家从此不再纯粹，在那个巨无霸的新型购物中心里，除了宜家，或许还有瑞典的流行服装和食品，甚至还可能像莫斯科的宜家MALL一样，超市、酒店、溜冰场、电影院等一应俱全。尽管南五环已经有不少房地产公司介入，一个个新楼盘接连而起，后期发展前景诱人，但宜家拿下的西红门地块还是一片商业处女地，宜家将担当起构建一个商圈的重任。喜欢宜家的人就会因此喜欢与宜家为邻的其他品牌吗？仅靠宜家家居的影响力，就能带动一个新兴商业地产的兴盛吗？宜家开到哪儿，哪儿就会火，这是宜家的魅力。但要让宜家购物中心里的其他东西都火，恐怕还得“熬”。,3,6,0.9899305105209351
"宜家再度降价力度为五年之最 中国市场见成效自9月1日起，宜家在中国的各门店开始新一轮的价格调整，调低了500多种产品的零售价格。这是宜家中国五年以来最大力度的一次降价，平均降价达20%-30%，调价前这些商品的销售额占宜家中国整体销售额的四成以上。一年两度显降价决心记者日前在宜家北京商场采访中了解到，一些老顾客表示对本次调价“有一定感觉”；一位称自己不经常逛宜家的段小姐认为“价格总的来说还是算不上便宜，但能淘到的实惠东西多了不少。”每年的9月宜家都会不同程度调低产品售价，而本次调价已是今年的第二次降价，今年3月，宜家已经下调了部分产品售价，总体调低了27%。对于此次调价，宜家中国销售总监朱昌来表示，“与11年前宜家刚进入中国时的价格相比，现在的商品价格只是当年的一半。”宜家中国零售经理吉丽安接受采访时也反复谈到要压低价格，“对我们来说，中国老百姓目前的消费水平和宜家产品价格之间还是存在着一定的努力空间。” 她同时强调宜家是大众的品牌，着眼点绝不在于服务某个阶层或者某一小部分人。这次大规模降价，显然是为了赢得更多的普通中国消费者。据了解，截至2009年8月，宜家全球店面年度销售额同比增长约3%,中国店面的销售额同比增长了16%。吉丽安也坦言，增长主要来自新店大连店的销售收入,原有门店销售收入在可比范围内与上一财务年度基本持平，但在危机环境下这样的成绩已经来之不易。降价空间从何而来对于在过去的十年中宜家何以能不断降低产品价格，吉丽安将其主要归功于宜家独特的商业模式。“我们并不仅是一个零售公司，我们掌握了整个供应链，从产品设计、采购、物流配送等，因此我们可以在各个环节控制我们的成本。例如我们可以通过控制在亚太地区的采购来降低我们部分产品的价格。”在这种商业模式下，产品销量越好，采购量越大，价格也就越低，从而形成一种良性循环。据了解，宜家在中国本土的采购量呈不断扩大的趋势，在中国销售的商品中“中国制造”的比例远高于宜家全球店面中的这一比例。目前宜家已在上海建立两个分拨中心，负责大件耐用家居用品的统一采购和配送, 其中奉贤的物流分拨中心全部三期工程建成以后，将成为宜家在亚太地区最大的物流枢纽。而宜家斥资过亿在奉贤设立的测试及培训中心，也成为了宜家除瑞典阿姆霍特以外唯一一家全资测试中心。中国作为宜家全球最大的采购国，有21%的产品是在中国采购的，测试中心的建成意味着宜家可以更便捷地完成产品质量的检测，降低自身及其供应商的生产成本。适应中国市场见成效作为全球最大的家居用品零售商、欧美市场深入人心的“大众”品牌，宜家在中国已经摸爬滚打了十年时间，如何摆脱“高价”之嫌差不多可以成为宜家中国发展轨迹的缩影。对于对宜家中国发展速度的质疑吉丽安表现得十分淡定，“我们需要时间去了解中国市场，了解中国人对宜家产品的喜好，了解我们的商业模式是否能在中国成功。”此外，她也指出所有的宜家商场都是自己买地自己建造的，而这样的商业模式也决定了迅速扩张没那么容易。宜家在分析2009财务年度中国各店销售业绩的时候特别指出，二线城市的几家店表现出良好的增长态势。在谈到本次降价，朱昌来也表示，大力度降价实际也是为了进入更多的二、三线城市打基础。从对二、三线城市的高度关注不难看出，宜家中国对其产品价格的市场竞争力越来越有信心，虽然“价格还不够低”被反复强调，但对于中国市场“回归”低价的乐观预期已然形成。奉贤分拨中心和测试及培训中心的建成，令业内纷纷猜测宜家是否在将战略重点转向中国，对此吉丽安的回应是与其说“转移”不如说“扩张”。事实上，宜家在亚太地区三个国家拥有的商场——中国、日本和澳大利亚——对宜家全球销售额的贡献仅为3%，但就未来的发展潜力而言，宜家表示更看好包括中国在内的整个亚太地区。",3,6,0.9990719556808472
宜家欲走转型路 利弊得失为哪般近日，宜家启动五年来首次最大规模的降价受到了极大的关注，在宜家店内甚至有不少低价品降价力度比7月的夏季减价活动更大，同时低价产品规模从2007年的150种扩展至500多种。宜家此举也必将引发舆论的种种猜测，如此降价原因究竟何在？降价后的宜家会有怎样的发展呢？降价原因浅析 1.销售额过低 寻求转型 据悉，2008财年宜家在中国的销售不到全球收入的2%，2009财年，宜家中国区销售总额增幅为16%，低于2008财年25%的增幅。也许正是因为销售额过低促使宜家酝酿在中国的“转型”，尝试改变策略以求得扭转乾坤。 2.门店数量少 欲要扩张 宜家进入中国市场11年以来，门店数量也一直呈“蜗牛”式发展。在1998年到2005年期间，宜家仅在北京、上海、广州和成都四地开设了门店。去年开始，宜家在大连、南京和深圳新增3家门店。眼看着其他诸如红星美凯龙、居然之家等家居巨头在危机面前依然昂首阔步，逆势扩张，并取得了不错的成绩，宜家又怎么能不为所动呢？宜家想要在门店规模、数量、消费群体上取得同步上升，那么除了将在北京建亚洲最大旗舰店之外，低价策略也是其扩张的重要一步。 3.竞争激烈 降价求生存 如今，家居业的竞争越来越激烈，而宜家面临的最大敌人无疑就是“山寨”。宜家的产品品质不是真正的高端产品，其用料多是大众化的原料。“逛完宜家，再去建材超市购买”的消费行为使宜家陷入了尴尬境地。因此价格势必成为宜家发展过程中不得不面对的问题。以“降价”与山寨抗衡或者是宜家使出的“杀手锏”。 宜家降价是利是弊？ 众所周知，宜家在欧美等发达国家因为物美价廉，款式新颖等特点，受到广大中低收入家庭的欢迎。但是在中国，它则面向大城市里比较富裕的阶层，也就是那些“想买高档货，而又付不起高价的白领”。这种定位十分巧妙准确，也取得了成功。如今，宜家打出低价策略，想要走进中国的普通家庭，成败言之过早。 一方面，价格降低会吸引更多低收入的消费者走进宜家，满足他们的需求，不失为一件好事。另一方面，产品的价格降低，很有可能打消那些相对富裕阶层的购买欲望，俗话说“物以稀为贵”，如果宜家真的成为平常百姓家的日用家居品，就很可能丢失一部分顾客以及宜家的特色。 宜家“转型”之路，很难预测成功与否。最重要的是要明确了解中国人家居理念的全部，摸清中国消费者的真正需求，制定本土化的品牌价值定位。,3,6,0.9978261590003967
宜家进驻大兴开购物中心在昨天举行的大兴区地铁沿线生产性服务用地信息发布会上，首家通过“招拍挂”在京拿地的外资公司——瑞典宜家家居日前成功拍下30万平方米的地铁大兴线西红门商业综合区二期用地。除西红门商业综合项目外，大兴区在下半年还将推出枣园路土地一级开发项目、新城核心区和生物医药基地东配套区三个地铁沿线项目，规划总建筑面积近650万平方米。 “宜家将对该地块进行综合开发，建设一个大型的购物中心——除了包含宜家家居亚洲最大的旗舰店外，还将有400多家各种业态的商户进驻。”宜家亚太地区总裁杜福延说。大兴区发改委有关负责人表示，宜家家居西红门商业综合区用地不仅是北京沿五环周边规划的六大商业中心之一，也是大兴区2009年最大的商业项目。而围绕着地铁大兴线，大兴区以地铁站点为基本节点，规划了地铁沿线生产性服务业集聚区。具体包括宜家家居所在的西红门商务区、金星商务区、核心区综合服务区、医药基地研发商务区和物流商务区。除了西红门商业综合区项目外，大兴区还将推出枣园路土地等一级开发项目，规划总建筑面积约650万平方米。(记者刘宇鑫),3,4,0.9852002859115601
实德不容鱼目混珠存在打假是一种突击行动，但是真正让假货杜绝，还要提高老百姓识别假货的能力。一般企业的做法都是，用提高防伪手段来杜绝假货。当然，实德集团也一直在提高产品的防伪能力，不过他们在杜绝假货上有更高明的招数：优选战略伙伴，从源头上堵住假货的泛滥。从实德型材产品诞生以来，实德集团在产品防伪上下功夫，现在已经形成喷码识别和自动电话查询等多种方式的甄别方法。但是，在型材市场中，依然存在不法经营者用仿冒的实德型材产品混杂在实德型材中销售的方式来欺骗消费者。通过市场调研发现，很多型材门窗加工点很少是全部用假冒产品生产门窗的。因为这样他们无法保证大多数产品的质量，生意会一落千丈。而他们通常的做法是，经营实德型材，靠实德型材优良的品质为自己的生意打出招牌和知名度，然后低价购入部分假冒产品，掺杂在实德型材中销售。大连实德销售集团已经在瓦房店、丹东等地区都发现这样问题的存在。防微杜渐，“这种苗头要坚决打下去，否则这种老鼠行为会毁坏了市场大堤的。”实德集团副总裁王德华说。,3,9,0.6286399960517883
宫铁军：在借鉴基础上超越也是一种文化宫铁军：刚才许总说的特别激烈，有点不同意见补充一下，房地产没有这么无耻，虽然比较弱势，是这样的，说几个例子，日本战败之后应该说不管从文化上还是说从建筑上应该说一段缺失，从美国来讲，特别是在战后那一段是有一段文化侵略的，从安腾来讲和一些现代大师那么用一些行动来呼唤日本的建筑，他们非常有民族的感情去做这件事情，做完之后也是在几十年之后实现的，因为毕竟来讲日本是靠美国资助的，他没有能力完全拒绝文化侵略。    刚才说三里屯也好，很多项目，它有一点，就是它的尺度是日本设计师在做，在做的时候我们希望有中国的，毫不讳言，万科做的很多项目我们希望在借鉴基础上超越，如果没有借鉴，单纯谈创新可能来讲我们不可能去回归过去四合院的文化，我们没有那么多地。    所以我特别尊重万科，也在研究万科，比如万科在无锡做的围合大院，那就是规划理念完整的一个尝试，东西向占了很大比例，一个大胆的尝试。(牡丹西腾)认为100米×100米很好的的尝试，大比例的东西是不是能够打破东西向不好的这种。因为塔楼和板楼，塔楼是现在比较省地的一种方式，塔楼能不能做到节能。我也看到万科在南方做的一种新的形式的塔楼，包括原来很早以前崔大师做的现代城，其实我们可以看到塔楼里面并不是传统的我做的一个盒子，它也可以创造一个空间庭院出来，可以给人一种公用的庭院。所以说我想就是说没有，因为房地产并没有三十年，中国房地产严格来讲也就是13年，从南方算起有十几年时间，所以说在这十几年里，包括万科在天津做的项目，完全是仿制，但是他在这个基础上创新了，去做了。现在不提哪个公司了，在北京做了一个园林非常好的项目，也是西班牙风格的，实际我们看的时候，也很清楚地看到借鉴也好，抄袭这种感觉出来，但是它给业主带来最大的享受，它把园林，我们叫女性杀手，就是女同胞如果看了这个住宅的话很难，如果你有一定购买力的话很难脱身而去，很容易下单。文化和知识在这点我觉得去品评，因为我们现在讲欣赏这个事，用思想体系的话，就是我们什么时候有信仰来支撑我们这个文化，这不是我们探讨出来的，因为跟我们的体制有关系。我去过很多地方，去学国外到底怎么管理物业的，确实物业是中国从香港来的一个举动。比如说万科管的好，为什么管的好？连一个自行车出去都管理，有错吗？这个如果放到三十年前，这简直把我们的邻里关系进行了颠覆，但是到了今天我们说万科物业服务做的好的非常典型的一件事来说，这也是我们学习的典范。人和人的关系什么时候能够回归到我们希望的那种，这个不是我们坐在这儿能解决的，这需要一个过程。    我恰好在欧洲学了一个月的欧洲资助中国城市化课程，瑞典，丹麦等他们的政府在做廉租房的时候考虑到现在的规划，包括车位，车库所有这些，如果我们真的能去学习，即使是抄袭又有何妨。开句玩笑说我们是奉献的一代。日本人很尊崇这个。我最不认同许总的一点，就是你不能只批判不做。就是说我支持而后勇，我还是要去做。中国的廉租房，经济适用房不是说出了几个贪官，出了几个腐败就不要经济适用房了。其实你刚才说的那句话很对，中国从骨子里不想租房子，廉租房是解决更低收入住房的问题。在信息化这么发达的情况下，难道中国就没有办法解决最公平的问题吗？我想这个信心都没有话，中国就不用发展，中国现在连出重拳去整治腐败。我觉得遗产税这些在未来一定会出现。,3,4,0.9830606579780579
宫铁军：怀旧和回潮 小众精英对快乐追求杨熙：感谢赵处长讲了好多关于城市规划的东西。今天到我们现场我想各位嘉宾都代表各个层面的相关的关于城市，和咱们相关话题的朋友，所以我想先请咱们雅世集团宫总跟咱们分享一下这个话题。宫铁军：赵处长刚才讲的很好，我都不知道该怎么讲了。邀请我来我很高兴，这儿来了很多朋友，到这儿来有一种怀旧的感觉出来，跟这个主题很贴切。每次到这儿来的时候总感觉又回到了上学的时候，或者更久远的时代，或者我没到过的时代，好像通过设计师去处理的一个手法让我仿佛又回到那个年代去。作为开发商的理解，我们这代人年轻一些，一直往直路跑，不敢停下来说我真的去怀旧，没有这么多时间去做。实际上作为一个行业，一个产业来讲需要一个健康良性的发展，不能大起大落，像中国的金融股市一样，动荡式的走向，因为不动产作为一个重要的资产，作为中国传统的观念来讲，我们作为居住，保值，乃至投资的一个重要手段，所以不希望说中国人去体会那种资产高速膨胀，膨胀之后又高速贬值，当你分享快乐的时候那个痛苦随之而来，在不久的未来会来到。所以我特别希望中国房地产能有良性的发展，给我们每个住户提供真正能够安心的，持久能够享受到的一个居住文化。所以这个和我下面谈到的文化也密切相关。因为无论九朝会也好，还是刘老根做的，郭德纲做的这些等等，都是小众精英式的，只有小众通过自己的积累去怀旧也好，回潮也好，更广泛的人群上享受不到这样的快乐，他们只能通过媒体或者其他的渠道来得到自己需要的享受快乐。        房地产口碑虽然不好，但是它实实在在承担着给老百姓建造房屋的责任，所以作为开发商来讲我觉得建筑有一个很重要的职能，就是说有一句话叫住宅创造人生，人造住宅，住宅创造人生，它能创造人生丰富多彩。    我总结了两点，就是说规划和建筑。规划和建筑实际上从大的方面给人的生活提供了一个文化场景，好的社区，好的规划，好的建筑，包括好的地面可以给居住在这个社区的人一个文化享受，心灵的享受，让你在这个社区里有一个大的气场，能够让你在这个社区里定得住。就像我们在九朝会里喝茶我们心可以很静地探讨过去。其实有些社区无论是塔还是板都做了一个很好的规划。在过去十年对房地产来讲是黄金十年，可能作出了很多没有这种气场的社区，包括我们改革后的十年，二十年，这样的规划可能是业主对文化的享受去在自己家居里用自己的创造去完成，因为你大的社区环境并没有给你很好的背景，一个很好的平台，那么怎么办？那么有科宝，有其他更多的家居行业，包括说我们在十多年前打沙发，打柜子。这就是我要说的第二个小的概念，当我们业主把自己封闭在一个小屋子里推敲家具的时候，实际上当这个小跟大两点结合的话，就是说不管你在怀旧，还是向前看，还是在工作，你都能有一个好的生活的享受。如果大小两点丧失其中任何一点你可能都有一种缺失，一种缺憾，就是说你不是在一个很满意，很有氛围的社区里你去做自己的小环境，每天你走出来的时候，可能这个社区本来应该让你有这种享受的价值却没有了。如果一个人总是在工作，对家居，或者居家没有特别好的追求，即使住在很好的社区里，也会感到工作等方面的压力。    所以从建筑和人来讲，我希望开发商能够响应不管是国家的号召，还是政府的号召，实际上我是想一个好的开发商能够承担起这种社会责任，把社区从规划包括家居，能够给客户提供一个持久服务的，让客户能够不用非常专业的上新浪网上天天去学习 装修知识，这个在国外看来，可能未来杨主任这个职能也要削减，在国外这是不应该有的功课，但是中国把这个研究的很好。这个对开发商来说是一件非常愧疚的事情，是我们逼迫业主去做的这个功课，再可能十五年，二十年之后希望大家更和谐地去做。最后一点就是说到对文化的，不论是怀旧还是什么，房地产现在实际提供的服务，虽然我们把所有物业管理都叫服务，但是真正从骨子里我们到底给业主提供什么样的服务？是不是从业主真正需求来去考虑提供哪些服务，这些也是我们在想，也是希望，应该说主流开发商替业主想很多这样的事情。我期盼我们这个行业早日脱离这个不好的口碑，能从服务着手，反过来能让我们在未来，业主说作为一个开发商能够给业主提供的不止是一个住宅，不止是一个作品，或者是一个建筑，更主要是一种生活方式，是一种文化，是一种持续的服务。我就先这样说一下。,3,4,0.9837536215782166
宫铁军：怀旧和回潮都小众精英对快乐的追求杨熙：感谢赵处长讲了好多关于城市规划的东西。今天到我们现场我想各位嘉宾都代表各个层面的相关的关于城市，和咱们相关话题的朋友，所以我想先请咱们雅世集团宫总跟咱们分享一下这个话题。宫铁军：赵处长刚才讲的很好，我都不知道该怎么讲了。邀请我来我很高兴，这儿来了很多朋友，到这儿来有一种怀旧的感觉出来，跟这个主题很贴切。每次到这儿来的时候总感觉又回到了上学的时候，或者更久远的时代，或者我没到过的时代，好像通过设计师去处理的一个手法让我仿佛又回到那个年代去。作为开发商的理解，刚才赵处长说我们这代人比赵处长年轻一些，一直往直路跑，不敢停下来说我真的去怀旧，没有这么多时间去做。房地产在07年开始被赵处长调控了，调控之后，好不容易要休息一下，美国次贷危机了又不调控了，不调控之后现在又出现好多争论，种种来讲都不是特别好的信息。实际上作为一个行业，一个产业来讲需要一个健康良性的发展，不能大起大落，像中国的金融股市一样，动荡式的走向，因为不动产作为一个重要的资产，作为中国传统的观念来讲，我们作为居住，保值，乃至投资的一个重要手段，所以不希望说中国人去体会那种资产高速膨胀，膨胀之后又高速贬值，当你分享快乐的时候那个痛苦随之而来，在不久的未来会来到。所以我特别希望中国房地产能有良性的发展，给我们每个住户提供真正能够安心的，持久能够享受到的一个居住文化。所以这个和我下面谈到的文化也密切相关。因为无论九朝会也好，还是刘老根做的，郭德纲做的这些等等，都是小众精英式的，只有小众通过自己的积累去怀旧也好，回潮也好，更广泛的人群上享受不到这样的快乐，他们只能通过媒体或者其他的渠道来得到自己需要的享受快乐。房地产口碑虽然不好，但是它实实在在承担着给老百姓建造房屋的责任，所以作为开发商来讲我觉得建筑有一个很重要的职能，就是说有一句话叫住宅创造人生，人造住宅，住宅创造人生，它能创造人生丰富多彩。我总结了两点，就是说规划和建筑。规划和建筑实际上从大的方面给人的生活提供了一个文化场景，好的社区，好的规划，好的建筑，包括好的地面可以给居住在这个社区的人一个文化享受，心灵的享受，让你在这个社区里有一个大的气场，能够让你在这个社区里定得住。就像我们在九朝会里喝茶我们心可以很静地探讨过去。其实有些社区无论是塔还是板都做了一个很好的规划。在过去十年对房地产来讲是黄金十年，可能作出了很多没有这种气场的社区，包括我们改革后的十年，二十年，这样的规划可能是业主对文化的享受去在自己家居里用自己的创造去完成，因为你大的社区环境并没有给你很好的背景，一个很好的平台，那么怎么办？那么有科宝，有其他更多的家居行业，包括说我们在十多年前打沙发，打柜子。这就是我要说的第二个小的概念，当我们业主把自己封闭在一个小屋子里推敲家具的时候，实际上当这个小跟大两点结合的话，就是说不管你在怀旧，还是向前看，还是在工作，你都能有一个好的生活的享受。如果大小两点丧失其中任何一点你可能都有一种缺失，一种缺憾，就是说你不是在一个很满意，很有氛围的社区里你去做自己的小环境，每天你走出来的时候，可能这个社区本来应该让你有这种享受的价值却没有了。如果一个人总是在工作，对家居，或者居家没有特别好的追求，即使住在很好的社区里，也会感到工作等方面的压力。所以从建筑和人来讲，我希望开发商能够响应不管是国家的号召，还是政府的号召，实际上我是想一个好的开发商能够承担起这种社会责任，把社区从规划包括家居，能够给客户提供一个持久服务的，让客户能够不用非常专业的上新浪网上天天去学习装修知识，这个在国外看来，可能未来杨主任这个职能也要削减，在国外这是不应该有的功课，但是中国把这个研究的很好。这个对开发商来说是一件非常愧疚的事情，是我们逼迫业主去做的这个功课，再可能十五年，二十年之后希望大家更和谐地去做。最后一点就是说到对文化的，不论是怀旧还是什么，房地产现在实际提供的服务，虽然我们把所有物业管理都叫服务，但是真正从骨子里我们到底给业主提供什么样的服务？是不是从业主真正需求来去考虑提供哪些服务，这些也是我们在想，也是希望，应该说主流开发商替业主想很多这样的事情。我期盼我们这个行业早日脱离这个不好的口碑，能从服务着手，反过来能让我们在未来，业主说作为一个开发商能够给业主提供的不止是一个住宅，不止是一个作品，或者是一个建筑，更主要是一种生活方式，是一种文化，是一种持续的服务。我就先这样说一下。,3,4,0.9879410266876221
家具贵族老字号红木亮相 本月30日将开槌13件来自百年老号的红木及黄花梨家具，将于月底亮相爱家红木大观楼，参加“老红木家具精品拍卖会”。明清时代以上等木材制作的红木家具只有王公大臣、皇亲国戚们才能享受，具有家具“贵族”之称，出自大师之手的红木家具更是千金难求。包括清代太师椅、罗汉床、海南黄花梨笔筒在内的13件百年老号大师之作将上拍。,3,1,0.9950926303863525
家具进灾区 抵扣券这样领这样用本报讯(记者 陈松)由成都市委宣传部、成都市商务局主办的“2009家具进灾区活动”自上月29日在都江堰市正式启动以来，首批价值400万元的家具抵扣券开始陆续发放，受到灾区群众的热烈欢迎。活动启动后，不少群众纷纷打来电话咨询家具抵扣券的领取及使用的相关问题。据成都市商务局副局长曾洪扬介绍，都江堰、崇州和彭州灾区的消费者到参与本次活动的18家企业的家具指定销售点，选好家具、谈好价格，并交付一定的定金后，出具身份证，按每1000元抵扣200元的比例，在家具销售点领取抵扣券。待家具送货上门安装验收完毕，交付尾款的时候，就可以使用抵扣券抵用相应的现金。参与活动的家具企业将在灾区销售点以及成都八一家具城、太平园家私广场等专卖店进行指定销售。据了解，随着灾后重建的不断推进，不少灾区群众已搬进或即将搬进永久性住房。成都市特地组织了18家本地家具品牌企业，专门为灾区群众提供物美价廉的家具，并提供抵扣。从4月29日起到5月底为本次家具进灾区活动的试点阶段，主要针对都江堰、彭州、崇州三个极重灾区的群众。18家参与企业销售点及咨询电话：1、 成都市全友家私有限公司都江堰市西川社区走马河街96号610885992、 成都(台资)先驱实业有限公司都江堰市幸福路江都大厦3楼801133853、 成都南方家具有限公司都江堰市蜀西商城 136881786984、 成都好风景实业有限公司成都市新都区新繁镇繁川大道1019号830800995、 成都金鹰家私制造有限公司成都市太平园博览中心一楼B座122—123号 68149281成都市八一家具城H座4厅850173786、 成都港府太子家俱有限公司都江堰市太平街口蜀西商城2楼13558745333成都太平园精品城2楼850421857、 成都好迪家具有限公司成都市太平园精品B座2楼850286088、 成都喜洋洋家具实业有限公司都江堰市一环路(三羊公司1、2、3楼) 138818164799、 成都名扬世佳家俱有限责任公司成都八一家具城E座1003号8502782510、成都金柏居家私制造有限公司成都八一家具城F座1004、1005号8502953811、成都鼎高家具都江堰市青城桥头圣世美家居6766210112、成都金浪屿家私有限公司成都金浪屿家私厂(森悦家私) 13550247860都江堰市客运站豪丽家私城3楼6766223213、成都市筑家家居有限责任公司都江堰市向峨乡棋盘村 13518136845成都八一家具城B座1053号6645162214、成都浪度家私有限公司都江堰市内二环文荟路欧典家私城8973865815、成都市南都家具有限责任公司都江堰市青城桥头圣世美家居店 6766210116、 成都市武侯区广和家俱制造厂成都八一家具城D座1007号8502927417、 四川国腾家具制造有限公司都江堰市青城桥头 6766210118、 都江堰市圣世美家居都江堰市青城桥头 67662101注：彭州市、崇州市活动地点，可咨询参与企业。,3,1,0.4696615934371948
家居品牌营销散发时尚气息“钻石恒久远，一颗永留传。”当8月15日这句经典广告语出现在北京建材经贸大厦举办的“光彩重生，品位绽放”讲座上时，人们忽然发现，家居企业与时尚原来可以靠得如此之近。 打出“钻石恒久远，一颗永留传”这句经典广告语的是北京非常有影响力的高端珠宝连锁销售机构——恒信钻石宫殿，这是恒信首次与家居卖场合作举办关于审美和品位方面的讲座。建材经贸大厦与恒信钻石有相同的市场定位，即“均为追求生活品质的高端消费群服务，为他们提供好品质的产品”。北京建材经贸大厦副总经理陈秋英表示，大厦除了拥有高端形象和钻石品质外，还是时尚的诠释者，“来我们这里选购建材产品，就如同在恒信购买钻石一样，产品款式永远位居行业潮流前面”。走进一个家，只需观察主人家里的家居饰品，便可知晓该主人的品位度和时尚度，所以一定要像选购钻石那样仔细选购家居饰品……”此次讲座的听众有60%是恒信钻石宫殿的会员，而且有相当一部分会员处于新房装修期，正发愁到哪儿买建材合适。眼下有恒信“牵线”与建材经贸大厦“相识 ”，选材难的问题便可迎刃而解。“这意味着建材经贸将新增一批顾客群，同时也扩大了大厦的知名度；另外，我们也为自己的会员提供了服务。”陈秋英表示，凡到场聆听讲座的来自建材经贸大厦的会员，在恒信钻石购买珠宝均享受一定程度的优惠。其实，在时尚场所举办新闻发布会或与时尚消费品合作已成为家居业的新潮流，从爱依瑞斯家具总经理范姗姗“偏好”参加名流云集的时尚类论坛，到博洛尼的平面宣传广告总是拍得跟时尚杂志封面一样，再到家居电子商务网站爱居者选择在“后海5号”酒吧召开创立一周年庆典，一股时尚气息正在家居行业漫延开来。用北京市场协会家居分会秘书长刘晨的话说，家居企业走时尚之路是“彰显企业文化的有力表现手法，能迎合时下人们的消费需求，这是一个很好的发展趋势”。商报记者 王格/文并摄,3,6,0.7853067517280579
寂寞没错寂寞有理 反驳你们能不能不那么寂寞玩了寂寞，又玩浪漫，我看我们这代人真的是没什么玩了，我们下一代也没什么玩的(你Y的除了浪漫和寂寞就没别的词了吗？是不是你生活太无聊太枯燥太乏味太空洞了....我们这代人没啥玩的，下代也没啥玩的，好吧，合着人生就是为了玩是吧。没的玩就去死了算了...怎么还没去死啊，还死到天涯上来批评别人寂寞...)我们这几代人小时候玩的不健康向上，到现在变成数字移民也是胡作非为，90年后众NC是原住民，不能在现实生活鸡飞狗跳后，不分先后的终于都无聊了。(我靠，你就是你，别我们，你说我们也不代表你多在理，你自己小时候玩的不健康向上，不代表别人。还有我想知道，你小时候玩啥是不健康向上....好奇ING。90后的NC不能在现实中鸡飞狗跳，言外之意是你鄙视不能在现实中鸡飞狗跳的，就是你自己的生活是鸡飞狗跳的？人家无聊了吗？有的玩还无聊？那是寂寞！我看你连寂寞和无聊的区别都搞不清楚)首先定义下NC，简单来说可以定义为小时候被猪亲了之后又被驴踢了门夹了，通俗点的定义就是脑子不想事，基于这一点，很多70、80年都是NC，90年后更是NC中的极品NC，也就是NC中的战斗鸡。(基于这一点，你是70以前的吗，是405060还是更早，你懂啥叫用发展的眼光看问题吗，你懂啥叫表以偏概全不，还有等老的时候还有个老年痴呆症你知道不)众NC们先反思下自己的生活，有多少人是一天到晚混在网上无所事事的？玩的一样比一样弱智，半夜三更偷菜啊，AV舞啊，一个魔兽停服，几百万人无聊啊，玩完了回家吃饭玩寂寞，横空出世了一个寂寞党，随便到哪看看，网络上满版荒唐言，遍地寂寞党，然后还没完，寂寞党玩得不疯，浪漫派又冒出头来了。(不偷菜不玩AV舞不玩WOW，你回家干吗？你是专家学者还是啥的，天天下班回家吃饭然后就看书啊？合着你这个逻辑除了补充文化知识外有点娱乐都是NC的作为啊。那你自己干嘛来天涯。你如果不寂寞不无聊回家下班吃饭然后是不是就躺床上和你家媳妇儿瞪着天花板思考人生呢....我还在想你是不是很抵制性爱呢，可能在你看来拿是猥琐。)早阵子砖家叫兽们说，每天上网时间多于6小时的就是精神病，这话没错，一般精神病都不喜欢别人说他们有病，NC们哎，天天喊着寂寞，不是有病还是有喜啊？(我喷，那些整天对着电脑干活的人是不是生活在第三医院啊，一栋栋写字楼都是第三医院哈)土鳖们，没钱不要装孙子，你们有钱也就一暴发户，看你们每天在干嘛，天天说棒子抢我们东西，天涯上自己在骂中医，鲁迅那老FQ没教你们一点好样！(我就笑了，啥是土鳖，没钱装孙子的你见过几个，有钱就是暴发户的又咋地了，人家天天在干吗碍着你什么事儿了。骂中医的不是所有人吧。我就从来没有去那帖子看过，为毛呢。我觉得那是无稽。估计就你这种傻X才会去看那张东西。鲁迅又咋了，愤青不愤青都掩盖不了他写了那么多文的事实，其他我无从评价)看看天涯每天都在讨论什么啊，杂谈上那个自称是日本MM的报道帖，也是20多万点击数千回复，土鳖子，没见过女人啊？说没见过穿衣服的日本女人，恩，隔着千八百里的网线你能看到什么？那回复就更别说了，真要是一国际友人，还以为中国男人怎么怎么的，全是JB长在嘴上的还是怎么着？一旦有女的晒照片，征婚，那回复，比个天安门游行还要壮观点？(物以稀为贵，杂谈大多男人，来个女人还贴PP的当然要看了。就像一个军营忽然来了个大美妞，大家肯定都看的，不看的不是男人！！！)寂寞啊寂寞啊，丢脸丢到国际互联网上来了。有精英一出来立刻就被砸砖说装B，中国的精英文化已经被你们这些恶俗的无聊文化折腾的岌岌可危，就说天涯，顶无聊的了，多少民智人士被迫离开了，越玩越低俗，国际友人都过来看笑话。(精英是啥？我还真没见过......大家都普通人而已。国际友人来看笑话....告诉我撒 是谁，我来鉴定一下是不是条狗)想不想知道自己是怎么变蠢的？众位NC，请开动你们所剩不多的脑子想想，若干年前，你是不是记性还不错，碰到什么事还知道动脑子，现在，估计就是拿笔写字也写不出几个简体中文版的了吧？(我就搞笑了，想不想知道中国人是怎么退化的？你们会写繁体字吗会说文言文吗？想不想知道人类怎么变笨的?你会钻木取火吗？)达尔文的进化论是骗小孩的，网络就在让你变蠢，《蠢蛋进化论》看过吧？像现在这样，有什么不明白的问百度问谷歌，问万能的天涯，泡妞玩深沉搜几段经典B语，论文不会上网抄，好吧，青春期性启蒙，上网可劲儿看日片吧，偷偷看的时候很“心神不宁”吧？绿霸了吧？不用自己动脑筋，会用工具就行了，靠装备算个毛啊！(达尔文的进化论不是真理，只是推测，你懂个P啊，你真懂也搞个什么论出来撒.....不上网只会让你变得更蠢。不上网你知识的来源有啥？上了网，可以吸取整个天下的精华。还有，绿坝是可以忽略的。)CCAV总是说古人好睿智，前人好NB啊，有长城金字塔，瞎扯淡，那是因为现在的人更SB了，NC要分级，肯定是90大于80大于70，所以90年后，你们也不用反驳了，你们要说自己是祖国的花朵朝气蓬勃，我靠，太监都会笑得射出来。(现在人更SB了？我们说古人了不起多聪明是和别人的古人比。咋的祖先能造长城，人家祖先能造金字塔。不是跟现在的人比，现在的人还造了飞机原子弹大楼电脑乱七八糟电气化了，古人能比吗？就你这理论，大家都要过原始社会的生活。你要去过没人拦你，别拖着我们一起去)据说中国是世界上BBS最流行最多的国家，泡论坛的，有相当一部分是没什么钱装B的，还有相当一部分是连装B都困难的，天天无聊狗咬狗一嘴毛。都是一群废物，说你没出息就是没出息，有出息的人天天在网上喊寂寞，偷菜？(中国人多。电脑多。当然用户也就多了。当然BBS肯定是用户最多的了。有问题吗？我不懂泡论坛跟装B有啥直接联系吗？你有没有出息我不知道，我就知道真正有出息的人不会老想着批评别人可劲儿的得瑟。。。。。。。。の尴尬，照这理论我也成了没出息的人，没关系我承认我就是没出息的人。不像有些人，本来没出息，还可劲儿装的自己多有出息似的，不说你装B，谁还装B)网络就是个工具，别去信TM的互联网等于生活，有瘾啊，每天也许就是在网上跟人妖扯淡，JB都沤出绿毛了还不知道，NND，寂寞了，你妈叫你回家吃饭啦！(网络是生活的一部分，生活中也离不开网络。就你这样的，别用网络了，有啥要知道的去国家图书馆去)网上的民智都死光了，要不就是属乌龟王八DAN的！(那是你没看到，你见识有多大啊，不就是一个井底之蛙！自己以为自己看到的世界就是世界。你还真渺小真肤浅。你是青蛙，你全家都是青蛙，一辈子跳不出那口小井！)真正的浪漫是有钱有品的生活，NC与土鳖玩不起，你们玩也是个山寨，你们愤愤不平恶搞的时候，人家早在现实生活中玩儿情调了。(真正的浪漫就是要有钱又品?我想你根本不懂浪漫！也不想跟你解释了，就你那EQ告诉你，你都不懂)你们也只能恶搞，拯救地球没你们的份，活该你们只能对着显示器高潮。(恶搞也是一种文化！拯救地球难道有你的份儿？你是地球超人啊？人家高潮用的着通知你吗？)无聊和寂寞所有的网游，所有的娱乐都是无聊经济。无聊是没事儿可干玩了寂寞，又玩浪漫，我看我们这代人真的是没什么玩了，我们下一代也没什么玩的(你Y的除了浪漫和寂寞就没别的词了吗？是不是你生活太无聊太枯燥太乏味太空洞了....我们这代人没啥玩的，下代也没啥玩的，好吧，合着人生就是为了玩是吧。没的玩就去死了算了...怎么还没去死啊，还死到天涯上来批评别人寂寞...)我们这几代人小时候玩的不健康向上，到现在变成数字移民也是胡作非为，90年后众NC是原住民，不能在现实生活鸡飞狗跳后，不分先后的终于都无聊了。(我靠，你就是你，别我们，你说我们也不代表你多在理，你自己小时候玩的不健康向上，不代表别人。还有我想知道，你小时候玩啥是不健康向上....好奇ING。90后的NC不能在现实中鸡飞狗跳，言外之意是你鄙视不能在现实中鸡飞狗跳的，就是你自己的生活是鸡飞狗跳的？人家无聊了吗？有的玩还无聊？那是寂寞！我看你连寂寞和无聊的区别都搞不清楚)首先定义下NC，简单来说可以定义为小时候被猪亲了之后又被驴踢了门夹了，通俗点的定义就是脑子不想事，基于这一点，很多70、80年都是NC，90年后更是NC中的极品NC，也就是NC中的战斗鸡。(基于这一点，你是70以前的吗，是405060还是更早，你懂啥叫用发展的眼光看问题吗，你懂啥叫表以偏概全不，还有等老的时候还有个老年痴呆症你知道不)众NC们先反思下自己的生活，有多少人是一天到晚混在网上无所事事的？玩的一样比一样弱智，半夜三更偷菜啊，AV舞啊，一个魔兽停服，几百万人无聊啊，玩完了回家吃饭玩寂寞，横空出世了一个寂寞党，随便到哪看看，网络上满版荒唐言，遍地寂寞党，然后还没完，寂寞党玩得不疯，浪漫派又冒出头来了。(不偷菜不玩AV舞不玩WOW，你回家干吗？你是专家学者还是啥的，天天下班回家吃饭然后就看书啊？合着你这个逻辑除了补充文化知识外有点娱乐都是NC的作为啊。那你自己干嘛来天涯。你如果不寂寞不无聊回家下班吃饭然后是不是就躺床上和你家媳妇儿瞪着天花板思考人生呢....我还在想你是不是很抵制性爱呢，可能在你看来拿是猥琐。)早阵子砖家叫兽们说，每天上网时间多于6小时的就是精神病，这话没错，一般精神病都不喜欢别人说他们有病，NC们哎，天天喊着寂寞，不是有病还是有喜啊？(我喷，那些整天对着电脑干活的人是不是生活在第三医院啊，一栋栋写字楼都是第三医院哈)土鳖们，没钱不要装孙子，你们有钱也就一暴发户，看你们每天在干嘛，天天说棒子抢我们东西，天涯上自己在骂中医，鲁迅那老FQ没教你们一点好样！(我就笑了，啥是土鳖，没钱装孙子的你见过几个，有钱就是暴发户的又咋地了，人家天天在干吗碍着你什么事儿了。骂中医的不是所有人吧。我就从来没有去那帖子看过，为毛呢。我觉得那是无稽。估计就你这种傻X才会去看那张东西。鲁迅又咋了，愤青不愤青都掩盖不了他写了那么多文的事实，其他我无从评价)看看天涯每天都在讨论什么啊，杂谈上那个自称是日本MM的报道帖，也是20多万点击数千回复，土鳖子，没见过女人啊？说没见过穿衣服的日本女人，恩，隔着千八百里的网线你能看到什么？那回复就更别说了，真要是一国际友人，还以为中国男人怎么怎么的，全是JB长在嘴上的还是怎么着？一旦有女的晒照片，征婚，那回复，比个天安门游行还要壮观点？(物以稀为贵，杂谈大多男人，来个女人还贴PP的当然要看了。就像一个军营忽然来了个大美妞，大家肯定都看的，不看的不是男人！！！)寂寞啊寂寞啊，丢脸丢到国际互联网上来了。有精英一出来立刻就被砸砖说装B，中国的精英文化已经被你们这些恶俗的无聊文化折腾的岌岌可危，就说天涯，顶无聊的了，多少民智人士被迫离开了，越玩越低俗，国际友人都过来看笑话。(精英是啥？我还真没见过......大家都普通人而已。国际友人来看笑话....告诉我撒 是谁，我来鉴定一下是不是条狗)想不想知道自己是怎么变蠢的？众位NC，请开动你们所剩不多的脑子想想，若干年前，你是不是记性还不错，碰到什么事还知道动脑子，现在，估计就是拿笔写字也写不出几个简体中文版的了吧？(我就搞笑了，想不想知道中国人是怎么退化的？你们会写繁体字吗会说文言文吗？想不想知道人类怎么变笨的?你会钻木取火吗？)达尔文的进化论是骗小孩的，网络就在让你变蠢，《蠢蛋进化论》看过吧？像现在这样，有什么不明白的问百度问谷歌，问万能的天涯，泡妞玩深沉搜几段经典B语，论文不会上网抄，好吧，青春期性启蒙，上网可劲儿看日片吧，偷偷看的时候很“心神不宁”吧？绿霸了吧？不用自己动脑筋，会用工具就行了，靠装备算个毛啊！(达尔文的进化论不是真理，只是推测，你懂个P啊，你真懂也搞个什么论出来撒.....不上网只会让你变得更蠢。不上网你知识的来源有啥？上了网，可以吸取整个天下的精华。还有，绿坝是可以忽略的。)CCAV总是说古人好睿智，前人好NB啊，有长城金字塔，瞎扯淡，那是因为现在的人更SB了，NC要分级，肯定是90大于80大于70，所以90年后，你们也不用反驳了，你们要说自己是祖国的花朵朝气蓬勃，我靠，太监都会笑得射出来。(现在人更SB了？我们说古人了不起多聪明是和别人的古人比。咋的祖先能造长城，人家祖先能造金字塔。不是跟现在的人比，现在的人还造了飞机原子弹大楼电脑乱七八糟电气化了，古人能比吗？就你这理论，大家都要过原始社会的生活。你要去过没人拦你，别拖着我们一起去)据说中国是世界上BBS最流行最多的国家，泡论坛的，有相当一部分是没什么钱装B的，还有相当一部分是连装B都困难的，天天无聊狗咬狗一嘴毛。都是一群废物，说你没出息就是没出息，有出息的人天天在网上喊寂寞，偷菜？(中国人多。电脑多。当然用户也就多了。当然BBS肯定是用户最多的了。有问题吗？我不懂泡论坛跟装B有啥直接联系吗？你有没有出息我不知道，我就知道真正有出息的人不会老想着批评别人可劲儿的得瑟。。。。。。。。の尴尬，照这理论我也成了没出息的人，没关系我承认我就是没出息的人。不像有些人，本来没出息，还可劲儿装的自己多有出息似的，不说你装B，谁还装B)网络就是个工具，别去信TM的互联网等于生活，有瘾啊，每天也许就是在网上跟人妖扯淡，JB都沤出绿毛了还不知道，NND，寂寞了，你妈叫你回家吃饭啦！(网络是生活的一部分，生活中也离不开网络。就你这样的，别用网络了，有啥要知道的去国家图书馆去)网上的民智都死光了，要不就是属乌龟王八DAN的！(那是你没看到，你见识有多大啊，不就是一个井底之蛙！自己以为自己看到的世界就是世界。你还真渺小真肤浅。你是青蛙，你全家都是青蛙，一辈子跳不出那口小井！)真正的浪漫是有钱有品的生活，NC与土鳖玩不起，你们玩也是个山寨，你们愤愤不平恶搞的时候，人家早在现实生活中玩儿情调了。(真正的浪漫就是要有钱又品?我想你根本不懂浪漫！也不想跟你解释了，就你那EQ告诉你，你都不懂)你们也只能恶搞，拯救地球没你们的份，活该你们只能对着显示器高潮。(恶搞也是一种文化！拯救地球难道有你的份儿？你是地球超人啊？人家高潮用的着通知你吗？)无聊和寂寞所有的网游，所有的娱乐都是无聊经济。无聊是没事儿可干,3,8,0.47507449984550476
密码变明码 小区防盗门形同虚设物业回应：尽快消除隐患每栋居民楼单元前的防盗门，本是居民的保护神，既能阻止小广告，也能堵住“梁上君子”。可一段时间过去了，一些小区的密码门却没能达到预期的防盗效果，反倒成了小区安保的一块“鸡肋”，愁怀了众多业主。密码变“明码” 住户忧心忡忡“这么多防盗门密码都一样，还防啥盗啊？”最近，家住开发区长城路一小区的黄先生为了他的一个意外发现而忧心不已，因为他发现小区里许多单元防盗门的密码竟然全部相同。据黄先生反应，他是偶然间发现一些装修工人进入单元防盗门时，根本不需要在家的业主开门，而是直接按密码就能进入单元。疑惑的黄先生一打听，才知道原来小区的单元防盗门都是公用一个密码，可谓是“一码走遍天下”。“不只装修工人，还有外面其他一些干活的人，都可以这样随意进入单元大门。试想这个密码要是被其他别有用心的人利用的话，小区的安全问题就太让人担忧了！”物业回应：尽快消除隐患随后，记者来到黄先生所在的小区。从其一期、二期、三期的楼栋中各挑了一个单元实验，发现确如黄先生所说，一个密码便能打开所有的防盗门。黄先生告诉记者，当初决定在这买房子时，就是看中了这个小区的高科技防盗设施，入住后也确实觉得密码门用起来方便、保险，但万万没想到所谓的高科技也会这样“不堪一击”。该小区物业的工作人员向记者表示，这些密码都是防盗门安装时的初始密码，因为小区的入住率还不高，所以为了方便住户装修，清洁人员打扫等，就没有重新设置密码。“如果密码改早了，随着装修的陆续进行，新改的密码同样也存在被泄露的隐患。而且清洁人员也需要一次性记住许多密码，势必会给他们工作增添不少麻烦。但黄先生提出的这个问题，我们也会尽快研究，改进防盗系统，消除安保隐患，让广大业主安心。”,3,4,0.9854115843772888
富安娜大店新品齐亮相 革新消费者界面“设计VS渠道”，成为家纺产业在全球金融危机下最焦点的话题。在近期举办的上海2009中国国际家用纺织品及辅料博览会上，国内外家纺从业者纷纷破除竞争“藩篱”，紧紧围绕“原创设计、渠道营销”两个关键词举办专项论坛，以寻求突破当前困局的解决途径。“这颇有点‘亡羊补牢’的感觉”，中国纺织工业协会魏林博士表示，2009年1-5月份我国纺织、服装行业出口下降了11%，其中纺织品下降了15.5%。国际市场需求萎缩，内需市场最近几个月消费下降，这无疑让不少长期“轻品牌重规模，轻渠道重代工”的企业“雪上加霜”。然而，“冰冷”并不是行业的全貌，富安娜等行业领军品牌当前在国内市场动作频频，销售业绩增长迅猛，一片“火热”。据记者了解，富安娜最近推出秋冬季的四大色系，豹纹、媚紫、臧蓝和婚庆等系列原创艺术家纺新品，全国同步上市，并通过推行生活形态“大店”，全力革新着与消费者的“沟通界面”。更值得一提的是，富安娜新近推出的奢华概念家纺——“卢浮宫”系列，以17800元/套的高价格全国限量上市，其研发技术为全球首创，采用“纤维皇后”——真丝，运用国内唯一的高精细度、超大回位独幅提花工艺，精雕细琢如艺术品，获得市场的珍藏热卖。显然，8000亿规模的家纺产业的洗牌正在进行，行业革新求变正在进行。“新品”、“大店”齐亮相金融危机背景下，相对于不少陷入困局一筹莫展的企业，富安娜等品牌企业继续在创新着消费者的家居生活，一方面不断上市原创设计的新产品，满足消费者更细分的需求，另一方面推出完整家居消费的“大店”，也即旗舰店，为消费者提供更具艺术品味的购物体验。据悉，富安娜最新推出的家居旗舰馆营业面积近2000平方米，这是全国最大的家居艺术馆，所经营的产品包括上千种床上用品、被芯、枕芯、家居布艺等，是国内无论形象或面积都屈指可数的超大型家纺产品卖场。同时，富安娜在体验馆中展示出最具富安娜设计风格的经典产品，除了家居床品外，还展示配套餐具、帷幔、睡衣等家居必备用品，体现出富安娜整体家居的设计发展理念，让人们对整体家居的概念有最直观的感受。对此，中国鲁迅美术学院染织服装设计系书记庄子平教授评价说：“善长于寄情于山水间，欧洲经典与中国元素相结全，贴近国际的生活，又展现原创的魅力。是人文艺术、生活品味与尊贵品质的完美结合，为追求生活享受的消费者提供了温馨而浪漫的体验，在使用中，无形之中传递了美好享受。”通过革新“消费者界面”，富安娜在行业“寒冬”中，为市民提供了一个更便捷、更舒适的一站式购物环境，产品自然受到消费者的广泛青睐，销售业绩实现强力增长。“设计VS渠道”促革新“新品”、“大店”都是跟消费者直接对接的“第一界面”，清华大学美术学院染织服装艺术设计系张宝华副教授表示，富安娜此举，其实还是在持续强化研发设计和渠道销售两个环节，勾勒出家纺业界最完美 “微笑曲线”。张教授指出，富安娜短短15年发展历程，甚至晚于国内很多家纺企业，就靠紧抓“设计”与“渠道”两端，使企业每年保持近27%的增长速度，每年推出近200种新款花型。像最近推出的“概念家纺”——卢浮宫系列，研发技术全球首创，精雕细琢的已经成为一件“艺术品”；其在业内开办了第一家床上用品专卖店，首创了“直营”与“加盟”协同发展的渠道模式。透过富安娜的逆市增长，国内家纺企业在“设计”与“渠道”两端的大力革新势在必行，这是不少企业的薄弱点，更是突破困局的关键点。“过去市场生意好，企业往往一味扩大市场份额而忽略了产品研发。长期下来，设计师变成了画稿员，产品工程师变成工艺员”，中国纺织贸促会副会长、中国家纺协会副会长杨兆华先生表示，此次金融危机让不少企业吃到了苦头，建设一支高水平的设计师队伍，充分整合国内外的设计资源，坚决摒弃相互抄袭的陋习，已经成为行业的共识。而据记者了解，国内家纺企业已将渠道营销也提到战略高度。在近期举办的2009全球家纺营销渠道论坛，他们与60多名北美、欧盟以及日本、韩国等主要家纺出口地区的纺织品服装进出口商会、零售商协会、百货店协会、室内纺织品协会、纺织企业家协会等负责人和买家代表，200多位国内商场的相关负责人，共同探讨合作共赢的话题。富安娜董事长林国芳在论坛上还代表中国家纺企业就中国家纺市场正面临的由单体企业之间的竞争转向群体企业之间的竞争、由生产能力转向生产流通能力的竞争、由产品的竞争转向品牌的竞争、由行业存在形式转向商业模式存在形式的竞争、由直接争夺客户的转向提升产品技术含量和附加值的高层次竞争、由对货币资本投资转向对人力资本获取的竞争这七个变化谈了目前家纺业的竞争现状。“亡羊补牢犹未晚”，家纺行业的革新求变正在进行中。,3,6,0.9890860319137573
寻求正确的中国房地产发展路径(组图)8月8日，上海浦东改革与发展研究院房地产经济研究中心主任李战军应邀参加 “发现房地产的陶瓷竞争力”论坛。在专题演讲中，他指出我国房地产业现阶段发展存在“一快、二大、三低、四弱”的特点，即是发展速度快；开发规模、交易规模大；进入门槛、专业化产业化、产业运行素质低；技术创新能力、产业管理能力、资源集约能力、抗风险能力弱。针对这种现状，李战军提出在明确产业目标和政策指导下加快推进住宅产业化步伐，并通过以下六大发展路径指导房地产行业健康发展：第一、坚持市场化商品化为主导的产业发展道路。即优化房地产业运行的外部环境、坚持推进土地制度和住房制度改革、继续实行产业开放的方针大计。第二、用产业化推动我国节地、节材、节能、节水型商品房开发。即通过规划和建筑设计从源头上引导产业集约化和节约化；完善住宅建筑体系，集成和整合建筑成套技术；对商品房采用新材料、新技术、新设备提供政策倾斜；发挥企业在住宅产业化中的主体作用，依靠示范来推进住宅产业化现代化；建立国家和地方两级公共性的新材料、新技术、新设备的认证、推广中心。第三、推动房地产三个层级市场联动发展。将整顿房地产市场秩序的重点放在土地一级交易市场；土地与房屋供应的数量、结构和分布取决于城市功能定位、产业布局、人口增长和市场有效需求；用三级市场的活跃和发展补充二级市场的供应不足，形成新的市场价格定位机制。第四、通过房地产行业内部的良性竞争提高产业集中度。给予不同所有制、不同规模、不同类型的房地产企业相同的土地、金融和税收政策待遇；鼓励开发企业实行跨区域经营，鼓励管理服务企业面向全社会；鼓励具有规模化和品牌优势的企业之间建立战略合作或企业整合。第五、在房地产大市场中形成相对封闭的政策保障住房体制机制。建立政策保障住房和商品住宅的协调发展新格局；政策保障住房覆盖面宜采取先小后大的策略，集中优势资源率先解决双困户的住房问题；政策保障住房是房地产大市场当中的有机组成部分。第六、完善法律法规，规范市场行为，建立我国房地产法律体系。继续完善《土地管理法》、《城市房地产管理法》和《物权法》；尽快制定《房地产法》，将投资开发、租赁交易、服务管理等方面完全纳入到法律规范；努力尽早形成中国特色的房地产法律体系。,3,4,0.9920535087585449
屈原故里的三个端午节在屈原故乡秭归有三个端午节。农历五月初五为“头端阳”，五月十五为“大端阳”，五月二十五为“末端阳”。秭归人从农历四月底就开始忙碌??泡糯米，杀鸡鸭、扫庭院，备锣鼓，修龙舟……。到了五月初五头端阳这天，人们开始包粽子、煮鸡蛋、吃大蒜、喝雄黄酒，还采来白艾和菖蒲用红纸条扎成束后悬于门前。到了农历五月十五这天，各家各户备下佳肴接女儿、女婿回家同享，俗称“过大端阳”，这期间的重头戏包括划龙舟、投粽子、办诗会，这种热闹的节日气氛一直持续到农历五月二十五日也就是“末端阳”，前后长达20天。,3,2,0.5276616811752319
幕后解读 红木家具论斤卖到底谁赚了红酸枝家具109元/斤、紫檀家具399元/斤、黄花梨家具499元/斤……千万别以为这是超市卖菜或是木材厂卖原木头，这是在近日的古典家具展上，一家名叫连天红的家具企业别出心裁地按斤卖成品红木家具的景象。红木家具按斤卖是否是自降身价？按斤卖到底比件卖实惠多少？这种颠覆传统的销售模式不仅在业内引起轩然大波，更吸引了许多钟情红木家具的普通消费者的眼球。 质疑 概念炒作引起消费关注 兵法有云：凡战者，以正合，以奇胜。在当下资源稀缺、竞争激烈的红木家具市场，只有出奇才能制胜。此番福建连天红家具的论斤卖战略，不仅一举打破了传统红木家具市场按件、按套计价的传统，更将红木家具消费由奢侈消费带入平民消费的价格模式。 旧时王谢堂前燕，飞入寻常百姓家。素来身份象征的红木家具现在论斤卖到底会贴近平民还是自降身价？消费者会不会质疑家具的质量和材质？连天红家具相关负责人余发珍告诉记者，长期以来，红木家具按件打折销售，价格昂贵之余利润空间巨大，让许多非专业消费者“丈二和尚摸不着头脑”。而现在倡导实行明码标价，以每种红木原材料的市场价值，加入手工等成本，根据科学合理的定价体系，按公斤定价，消费者用产品重量乘以单价就是售价，可以做到明明白白消费。 记者走访越和花鸟鱼虫世界和吉盛伟邦等广州几个主要红木家具市场，发现这里的红木家具品牌仍是按件计价。如越南酸枝百子图高低床标价8.6万元，小叶紫檀高低床标价48万元，可打8折。据紫檀居导购员陈小姐介绍，连天红按斤卖红木家具的销售模式有概念炒作的性质，消费者到底认不认同还要假以时日才能见分晓。 提醒 暴利行业消费者要货比三家 随着楼市的逐渐回暖，从今年年中开始，红木家具市场重新升温，原材料和成品家具的报价均上涨至2007年水平。据业内人士介绍，国内红木家具价格居高不下，终端利润空间巨大和价格炒作是主要原因。如印度小叶紫檀原材每吨24万元，正常情况1吨紫檀就可以做一只顶香柜，加人工费，成本大约在26万元，但一般该类商品零售价在50万元左右；红酸枝圈椅，正常情况成本在9000元左右，零售价为22000元左右。可见红木家具零售的利润空间的确可观。 那么连天红的按斤计价与按件零售到底有多大的价格差异？以广州人最心水的越南酸枝和印度小叶紫檀为例，记者在该品牌的网站查到，一款小叶紫檀山水高低床，重266kg，按399元/斤的价格计算，价格在22万元左右；而某品牌红木家具专卖店类似的款式价格在30万元左右。但贡品轩红木家具尹先生对此指出，就小叶紫檀家具而言，做红木家具的都熟知，十檀九空，木材耗量很大，因此不能简单地以产品重量来衡量成本；而酸枝方面，连天红的酸枝是老挝酸枝，一般红木品牌的酸枝是越南酸枝，在价格方面不太具有可比性。 不管行业的反响如何，但值得肯定的是，连天红以斤卖红木的模式还是拉近了红木家具与普通消费者的距离，也能拉低市场虚高的整体价格。省家具协会专家指出，消费者在购买红木家具这种奢侈性和具有投资价值的家具产品时，还是应该多方走访比较，选择适合自己消费目的和经济能力的品牌。,3,1,0.9964470267295837
"庆国庆迎花博 顺义大众健身赛开赛在喜迎建国六十华诞、花博会顺利举办的特殊日子里，10月6日17点，在顺义区府前西街10号 “庆国庆 迎花博 顺义大众健身赛”正式开赛。本次大赛是由J9俱乐部主办的动感单车赛。顺义区区长出席了开赛仪式并剪彩致辞。大赛共3天，分为晋级赛和决赛。凡单车爱好者均可参赛。本次动感单车大奖赛形式新颖，内容活泼，奖品丰厚，因此报名参加比赛的群众特别踊跃。比赛中，参赛选手上至古稀老人，下至中小学生，大家都热情高涨，活力四射。台上选手倾情投入，台下观众反应热烈，掌声不断，气氛热烈。比赛间穿插了各种表演更是精彩绝伦，关凌、尹相杰等明星前来助阵。动感单车(SPINNING)是一项结合了音乐、视觉效果等独特的充满活力的室内自行车有氧运动，这项起源于美国的运动沾染着浓浓的美国味道，活力四射、热情奔放。近年来成为世界各地最“潮”的时尚运动。作为本次活动的主办方，J9俱乐部为此次比赛设置了丰富的奖品。晋级赛每轮比赛冠军获得携式自行车一辆。决赛冠军获得J9俱乐部提供的1万元大奖,包括5000元现金大奖和5000元会员卡等值储值卡。亚军与季军奖品也非常可观。所有参与比赛的选手均可获赠精美运动水壶一个。主办方J9俱乐部表示，本次活动是集健身休闲、趣味比赛、歌舞娱乐、竞技切磋于一体的大型群众体育活动。他们希望通过动感单车比赛，积极带动市民的参与热情，让每一位市民都能逐渐养成强身健体的意识和习惯。北京J9俱乐部位于顺义，交通便利，内部装修豪华，拥有国际顶级设备。今年由韩国当红建筑设计师历时一年打造的J9俱乐部华丽亮相，J9俱乐部整体采用时下最为前瞻的设计元素与内部应用系统，着力打造北京市娱乐行业集J9量贩KTV、美高美国际俱乐部、商务精英会于一体的娱乐业的新航母，是请客招待、朋友聚会、自娱自乐、放松心情，营造快乐的理想场所。J9量贩KTV由J9俱乐部斥巨资打造。拥有专业音效调节设备，大型包厢配备有低音炮，欢唱起来轻松愉快，为您准备专业歌星的演唱条件。美高美国际俱乐部让你在时尚潮流的旋律中慢摇身体，在浪漫的玫红情调和CLUB的交流中忘我地宣泄和释放情感。J9商务精英会为你在喧嚣都市里构造一个宁静舒适的桃源,高雅大气，私密性好，是商务人群休闲度假、商务会客的首选。J9，志在引领文化娱乐新潮流！",3,6,0.9780787825584412
应对金融危机 消费券能否撬动大买卖“现在是非常时期，要用非常手段。”诺贝尔经济学奖得主克鲁格曼曾经这样说。曾几何时，消费券已成为如今这个非常时期不少企业和机构常用的“非常拉动消费手段”———旅游消费券、购物消费券、购房消费券……铺天盖地而来。广东家居业也顺势而行，金海马、靓家居、苏宁从4月17日开始接受电话预约，联手派发消费券。据统计，截至本周三上午，共有3252张申请被确认，接听电话超过四万个，远超预期。记得在上月举行的家具展上，红苹果、多喜爱等家具厂商也搞了个“亿元家具消费券”活动，80元换购面值100元的消费券；而在差不多时间，红星美凯龙在全国近30个城市发放过亿元的“家居消费券”……一时间，“消费券”也在家居业流行起来，至于成效如何？且看商家、买家怎么说———商家如是说———“那是另一种宣传促销方式”金海马市场总监陆其风说，为了避免炒票，他们三家发放的消费券将采取实名制领取。金海马和苏宁的优惠期将至5月7日截止，靓家居因为企业周年志庆延至6月23日截止。有业界人士表示，此前，其他行业也有企业搞过类似促销方式，从以往战绩看，往往宣传效果大于实际功效；但企业促销净打折也不好，换种新形式也可以，对于消费者来说，只要有实实在在的优惠，什么形式都行。消费者如是说———“有需要、又优惠就买”对于家居企业推出的消费券，不少市民已通过报纸等渠道得知此事。从事汽车行业的徐先生说，这种消费券其实与超市的促销优惠券性质一样，如果自己刚好在下半年有购买家具、家电的需要，若价格超值也可以考虑提前购买。而杜先生则认为，新光百货也推出类似的现金型消费券，买满多少再减多少，而现在这种消费券则有好多限制。买家李小姐却认为：“可以省钱就不错啦，先预定了再说。”,3,1,0.9825690984725952
建材出口企业遭遇美元狂跌 多角度避损失近一段时间以来，美元的持续下跌引进全球各国家的担忧，因为美元走软可能会进一步打击本国出口。作为影响最直接的中国建材出口 企业，美元的下跌对企业不利影响体现得最为明显，建材出口企业灵活选择需多手段配合进行有效避损。据了解，美国政府为减缓自身压力，不断使用美元贬值手段。这为中国建材出口企业带来巨大的打击和压力。那么如何规避这一风险呢？笔者认为以下三点，或许能改变企业出口被动局面。采用多元货币对外报价及签订合同相比而言，人民币、欧元都比美元稳定性更高。因此，采用多元化结算方式将有效避免美元贬值连带造成的损失，不少企业也已在这方面做出积极尝试并取得不错的成果。值得关注的是，不少建材出口企业都将人民币作为主要结算方式。广州顶基装饰材料有限公司商务专员苏小姐表示，现在其所在企业与外方进行贸易时，都以人民币进行报价并签约，即便在美元持续贬值的情况下，企业也并非受到什么损失。近期的中巴领导人会晤上，两国启用了用中国的人民币和巴西的雷亚尔做结算货币的提议。而早在2008年7月底，俄副总理谢钦访华，便与中国达成了扩大卢布和人民币在双边贸易中结算的协议。缩短合同期限由于美元结算系统沿用多年，很多国外客户并不是很爽快地答应启用其他结算方式，因此部分建材外贸企业想方设法缩短合同有限期，控制风险。使用此方案的企业，多是议价能力并不强的企业，在对方强烈要求以美元为结算方式时，中方企业应退而求其次，谈判重点放至合同期限上。合同期限缩短，将大大避免美元持续下跌带来的更多的损失。业内相关专家建议，建材出口企业与新客户、小客户当签订短期合同；与一些老客户、大客户，公司可以在合同中添加有关美元贬值的条款，如在供货期内，美元贬值到某个幅度，价格要重新做出调整。,3,1,0.988224983215332
开发商贴错户型图 少十平米仅赔两万元四川新闻网成都7月28日讯(武侯法 记者 曾燕伶 实习生 罗紫兰)消费者李女士于2007年购买了成都某商品房，今年初收房时却见房屋面积比当初约定的少了十平米之多。对此，开发商的解释是在购房合同附件中贴错了户型图，而法院则仅判决开发商赔偿两万元。收房时露台消失李女士在诉状中称，她于2007年6月签订购房合同，约定购买成都市武侯区某住宅小区1单元5楼3号住宅，该房面积为80.80平方米，售价339138元。“这套房屋的客厅有一个面积十平米的露台，主卧室有一个飘窗”，李女士指着购房合同附件中所贴的房屋平面图说。今年2月14日，房屋建成交房。李女士在收房时发现房屋的实际构造和面积与合同约定的差异巨大。“客厅的露台和主卧室的飘窗都不见了”，李女士认为，房屋户型和面积的改变严重影响了其使用和居住质量，要求开发商采取补救措施使房屋达到平面图所示效果并赔偿损失六万元。法院判赔两万“李女士购买房屋的奇数层和偶数层构造不同，我们在签订合同时错贴了偶数层房屋的平面图”，房屋开发商承认自己的工作人员存在疏忽，并表示由于偶数层房屋已售罄，无法为李女士调换房屋。“如果这件事给李女士造成了损失，请她拿出损失依据来，我们一定赔”，开发商表示。武侯区法院在审理中查明，李女士所购房屋面积“缩水”的原因确为开发商贴错房屋平面图所致。但由于李女士未提交有关经济损失数额的有效证据，法院酌情认定开发商赔偿两万元为宜。至于李女士提出的改建房屋增加露台及飘窗等要求则因违反我国建筑法等法律法规的规定而未获法院支持。,3,4,0.9976937174797058
引经据典 各界精英共话回潮之风杨熙：今天嘉宾在这里我觉得谈的很有意思的，最开始谈到回潮，讲到怀旧，最后又讲到城市规划等等。我想在最后的时间我想让每位嘉宾用一句话或者说最简单的语言来总结一下，咱们还是紧扣在城市里面的回潮的主题，每个人介绍一下我们对回潮的简练的理解。或者说如果说你希望我们到底需要的是怎么样的一个回潮，或者说叫复兴吧。宫铁军：我真心希望中国的建筑在未来能够找到自己的复兴之路。现在到日本去无论这个建筑什么样的形态，你总能在最后找到日本的感觉。其实是它是靠尺度，靠规划，靠它的一些骨子里的那些东西体现出来的。所以说中国一定能找得到，那么就靠中国这代设计师，相信在未来的十年中国的建筑一定会复兴。陈炜：作为我们家居行业的，我们希望回潮能够真正根据中国传统文化历史以及现代技术的结合能够做到这种新的创新。这是我理解的回潮。孙群：我想感谢的是储社长，我在听你说的时候特别受感动，你说到舞台的东西，实际上这都应该是政府做的事，因为它们不在引导这些，所以导致了你的这些严肃艺术不可能有市场，所以我想如果说我们不要，我们今天在讨论回潮，我们希望在整个这个回潮过程当中，从政府这个角色的回潮不要是被动地发生的，希望它们更多的主动地发生去做一些事情。赵路兴：好几个逗号的一句话，还是讲住宅，大家最近三四年关心的最多的都是住房的价格，房价，去年又有一个比较大的跌，实际这是一个插曲，中国的房地产高速发展是没有问题的，经济持续的发展，中国最大的问题我也赞成大家说的能不能提出一些好的购房产品，特别是节能，环保型的住房产品。所以刚才宫总说我也很感动，我觉得企业家现在想的这个事应该说是非常占主要的事情，中国的第一个十年发展的就是解决有和无的问题，第二个就是节能环保的问题，有这个企业自上而下的发展，从上头强行地推你这个东西，我觉得这个想法很天真，所以弄的自己也很烦恼，因为我们中国东西是自上而下的东西，包括我们节能，税收这些支持，虽然有技术的支持，所以未来的十年应该是非常看好。许力：我觉得我还是激动，最后一句话是这样的，我刚才听完大家说我的感触也算是今天的收尾是多元化这个词不是抄袭和没文化的借口，多元化不能作为抄袭和没文化的借口，技术解决不了任何文化问题，文化只属于精英阶层就那么简单。储兰兰：干净利落。我不敢批判，我只敢表达。我觉得回潮不是回归，因为社会是要变化，是要发展的，是要改革，要紧跟时代，所以我也希望就刚才您(孙群)比较同情，希望社会也好，政府也好，媒体也好能为咱们中国特有的传统文化搭建一个舞台。王?：我接着宫总来说，宫总说我们这代是奉献的一代，我心里一振。我是觉得我们的确是在一个转折期的一代人，但是我觉得这个机遇也是非常好的一个机遇，所以今天大家凑在一起讨论，我觉得我们这代人就像，就美国战后那一代，民权运动哪些人，没有他们的牺牲就没有美国文化的繁荣，我想等我们五十年以后或者三四十年以后我们回首的时候，我们可能觉得我们这代人做的事情其实很有意义的，也许是几个世纪都很难遭遇的时代，我们虽然奉献但是还是幸运。刘达飞：建筑回潮，以人为本。段妍玲：我想今天有很多房地产的精英，所以我想表达一下我自己的，我其实从来不批判，我是非常爱提问的。我觉得房地产商十年的工作肯定要让大家认可的。第二个关于回潮我自己的理解，我觉得又回到刚才宫先生说的很积极而且很乐观，我也希望看到十年之后我们中国有非常好的建筑的项目，建筑师，大人物的出现，我想那个时候至少中国的回潮先把非常显性的中国元素的重新体现能够真的是消化，能够在隐性和气质上的真正的沉淀和理解之后出来的东西，真正的有我们的气质，而不是像今天继续讲风格。杨熙：谢谢大家参与今天的论坛。我想在今天最后的话还是要感谢咱们九朝会给咱们提供这个场地，也感谢各位专家的参与，尤其是代表各个层面的，我想今天有咱们的赵处长，也有宫总，也有批判学者，也有文化人对咱们这个话题进行深入讨论。再次感谢大家的参与。谢谢。 杨熙：今天嘉宾在这里我觉得谈的很有意思的，最开始谈到回潮，讲到怀旧，最后又讲到城市规划等等。我想在最后的时间我想让每位嘉宾用一句话或者说最简单的语言来总结一下，咱们还是紧扣在城市里面的回潮的主题，每个人介绍一下我们对回潮的简练的理解。或者说如果说你希望我们到底需要的是怎么样的一个回潮，或者说叫复兴吧。宫铁军：我真心希望中国的建筑在未来能够找到自己的复兴之路。现在到日本去无论这个建筑什么样的形态，你总能在最后找到日本的感觉。其实是它是靠尺度，靠规划，靠它的一些骨子里的那些东西体现出来的。所以说中国一定能找得到，那么就靠中国这代设计师，相信在未来的十年中国的建筑一定会复兴。陈炜：作为我们家居行业的，我们希望回潮能够真正根据中国传统文化历史以及现代技术的结合能够做到这种新的创新。这是我理解的回潮。孙群：我想感谢的是储社长，我在听你说的时候特别受感动，你说到舞台的东西，实际上这都应该是政府做的事，因为它们不在引导这些，所以导致了你的这些严肃艺术不可能有市场，所以我想如果说我们不要，我们今天在讨论回潮，我们希望在整个这个回潮过程当中，从政府这个角色的回潮不要是被动地发生的，希望它们更多的主动地发生去做一些事情。赵路兴：好几个逗号的一句话，还是讲住宅，大家最近三四年关心的最多的都是住房的价格， 房价，去年又有一个比较大的跌，实际这是一个插曲，中国的房地产高速发展是没有问题的，经济持续的发展，中国最大的问题我也赞成大家说的能不能提出一些好的购房产品，特别是节能，环保型的住房产品。所以刚才宫总说我也很感动，我觉得企业家现在想的这个事应该说是非常占主要的事情，中国的第一个十年发展的就是解决有和无的问题，第二个就是节能环保的问题，有这个企业自上而下的发展，从上头强行地推你这个东西，我觉得这个想法很天真，所以弄的自己也很烦恼，因为我们中国东西是自上而下的东西，包括我们节能，税收这些支持，虽然有技术的支持，所以未来的十年应该是非常看好。许力：我觉得我还是激动，最后一句话是这样的，我刚才听完大家说我的感触也算是今天的收尾是多元化这个词不是抄袭和没文化的借口，多元化不能作为抄袭和没文化的借口，技术解决不了任何文化问题，文化只属于精英阶层就那么简单。储兰兰：干净利落。我不敢批判，我只敢表达。我觉得回潮不是回归，因为社会是要变化，是要发展的，是要改革，要紧跟时代，所以我也希望就刚才您(孙群)比较同情，希望社会也好，政府也好，媒体也好能为咱们中国特有的传统文化搭建一个舞台。王?：我接着宫总来说，宫总说我们这代是奉献的一代，我心里一振。我是觉得我们的确是在一个转折期的一代人，但是我觉得这个机遇也是非常好的一个机遇，所以今天大家凑在一起讨论，我觉得我们这代人就像，就美国战后那一代，民权运动哪些人，没有他们的牺牲就没有美国文化的繁荣，我想等我们五十年以后或者三四十年以后我们回首的时候，我们可能觉得我们这代人做的事情其实很有意义的，也许是几个世纪都很难遭遇的时代，我们虽然奉献但是还是幸运。刘达飞：建筑回潮，以人为本。段妍玲：我想今天有很多房地产的精英，所以我想表达一下我自己的，我其实从来不批判，我是非常爱提问的。我觉得房地产商十年的工作肯定要让大家认可的。第二个关于回潮我自己的理解，我觉得又回到刚才宫先生说的很积极而且很乐观，我也希望看到十年之后我们中国有非常好的建筑的项目，建筑师，大人物的出现，我想那个时候至少中国的回潮先把非常显性的中国元素的重新体现能够真的是消化，能够在隐性和气质上的真正的沉淀和理解之后出来的东西，真正的有我们的气质，而不是像今天继续讲风格。杨熙：谢谢大家参与今天的论坛。我想在今天最后的话还是要感谢咱们九朝会给咱们提供这个场地，也感谢各位专家的参与，尤其是代表各个层面的，我想今天有咱们的赵处长，也有宫总，也有批判学者，也有文化人对咱们这个话题进行深入讨论。再次感谢大家的参与。谢谢。,3,4,0.9943389296531677
张钧：2010年在纠结中发展     张钧：我想是这样的，现在我也前卫一把，网络有一个新名词“纠结”。这种纠结是怎么一回事呢实际上就是我中有你，你中有我，有合作，有竞争，这种分化和发展先不可预知，也出于生存的考虑做一些变化，以后这样的变化还会多，这种创新、发展，这种纠结恐怕会越来越严重，这个是不可避免的，但是更多的过程中，大家应该公平竞争，然后充分给广大消费者提供性价比最高的产品。另外还有一个，我也在想，应该做好自己最擅长的部分，不能无限扩大自己的领域和范围，因为你的领域一旦扩大很多，你的合作、朋友就少了，竞争就很多，我买了一个厨柜，马上其他和我合作的厨柜就会有很多的想法和问题，金鹰艾格的老板问我地板的问题做了吗，我说没有做，我觉得还是做好自己的强项和专长，多以合作和共赢探讨，在新的经济形势下寻求新的点，这是我们方方面面共同面对和探讨的。    张福才：我还是觉得北京的京味家具发展越来越大，大家应该团结起来一致对外，尽快的把北京的京味家具做到全国，让全国的大卖场、主流卖场都有北京的家具生产厂家大的地盘。       刘春杰：我觉得是要一致对外，家居行业大行业，小规模，实际上这两年有很多的小品牌进入红星美凯龙这样的卖场，然后迅速的进入到全国，这对我们行业是很好的事情，家居行业共同面对的问题是诚信，大家都在谈环保，消费者关心的问题，实际上还是因为之前的信用危机造成的后果，大家在这么好的市场情况下，一个是练好内功，另外一个是可以对自己做出的承诺有一个保障，无论我们的价格体系，小到价格，大到产品品质的问题，如果都可以做到比较好的起点或者标准，那么我想家具行业的发展必然会有非常大的空间，网络应该可以很好的解决销售的问题，现在我必须要亲手的看到这个产品，才知道这个产品是真的还是假的。       主持人 李燕玲：刚才刘总说到一个家居产品的非标准化，家居产品的个性化导致了对行业的依赖，这种合作关系还是非常有必要的。       赵崇联：现在我们做的没有那么大，现在作为企业首先把自己定位做好了，做一个产品，首先要想到对老百姓服务，也是对自己服务，坚持这个观点之后，我想同行之前相互交流、学习，才可以把自己的产品不断的提升、进步，返回来会得到更多的用户的喜爱，同行之前更多的交流是比较好的，作为上下游来讲，一个产品应该有上游和下游，应该搞好利益关系，我想企业发展起来会有更多的朋友，多一点朋友更好一些。       主持人 李燕玲：赵总作为上游材料的提供商，应该说没有更多的间接的竞争对手，都是直接的竞争对手。       袁树林：我觉得这个问题应该从另外一个角度来看，不管是渠道也好，还是单店的销售也好，产品和服务也好，不管是在座的各位企业的老总，或者说任何一个家具行业的老总，都应该有一个概念，我们在整个客户满意的前提下，怎么样能够真正的让自己的产品品质上来，这是最关键的，包括刚才很多老总说的不良竞争，可能不单单是价格，在纵向或者横向上沟通交流，我认为有很多的机会，刚才说了利益环节，渠道环节做更多的沟通，因为每个企业和每个产品的特性不一样，刚赵总说了，我们个性服务，高端客户服务非常强，这个都是需要和大家探讨的。       温世权：我就一句话，希望明年北京多一些竞争对话，大家在良性平台上竞争。       钟红文：通过去年一年的拼搏，今年比较疲惫，我的孩子在清华附中，我看他考进去的时候还不错，前一段时间46名学生排名40名，最近两个月我抓了一下排到全班前4名，09年我又充分的授权，我要回归家庭多一点，谢谢！       乔印军：我想说三句话，卖场是我们永远离不开的舞台，对手永远是我们的竞争伙伴，永远以乐观向上的心态引导我们的行动，谢谢大家！谢谢新浪！       主持人 李燕玲：我们这场论坛就到这里结束了，我非常感谢大家激烈的讨论，后续我们会对一些热点的话题进行追踪、报道。,3,9,0.3994672894477844
当现代邂逅古典 圣象康树新古典系列新古典总给人怀幽思远、静水流深的感觉。外在的深沉大气而细节上的精工细雕，再加上新颖的组装拼接方式着实令人称奇。此外，更是凝结了历代工艺的智慧和心血，蕴含精神文化的精髓，让不少名人雅士趋之若鹜。新古典系列具备了古典与现代的双重审美效果，用现代的艺术材质还原古典的气质，完美的结合让人们在享受物质文明的同时得到了精神上的慰藉。圣象康树09新古典系列，不但性价比很高，而且款式雅致，对于一些装修不打算花很多钱但是讲究艺术品位的消费者来说，这些产品无疑是首选之列。新古典系列创新地将强韧的合成材料作为中间层，全新三层结构设计，保持了实木表层的天然质感与美丽纹理，带来更出色的稳定耐久性能。出色的性价比，时尚品位的装饰效果，无论商业空间还是家居应用，都能带来耳目一新的动人效果。凹凸表面与纵横纹理，仿佛俯瞰亚马逊平原，既有大气豪迈般的磅礴气势，又透出一丝玛雅文明的古朴神秘。精湛的手工处理，如同玛雅能工巧匠亲自雕刻。淡雅色彩与现代家装相搭配，体现与众不同的时尚品味。此款产品最大的特点就是那精美绝伦的拉丝效果，鲜明而又个性。木纹瀑布一般飞流直下，磅礴气势让人叹为观止，如同置身尼亚加拉瀑布之前，感受大自然的神来之笔。精致的花纹总是在悄然诉说那关于美丽的传说！让你永远爱上驻足地板的感觉！,3,6,0.9874076843261719
当简约遭遇自然简约是什么？通过最精简的表现手段、最少的元素达到最好的效果。简约是一种设计追求，把所有凌乱的或者未知的元素组合起来，清除任何多余的元素，达到最好的效果。组合或者清除元素并非简单化，设计是否简约并不是以内容多少来判断，而是表现在设计的元素使用上，是否有显得多余的元素，是否是极至的简洁了。而自然风格，则是注重营造有益于舒展身心的自然空间，使人心情开阔，犹如置身于清新的大自然。当简约遭遇自然，简约的简洁与自然的清新相结合。便营造出一片细腻温雅的精致空间。,3,6,0.9570019245147705
德国专家做客清华知音讲坛 干墙系统隔声新用受清华大学建筑物理实验室及可耐福的共同邀请，德国知名专家、爱尔兰根-纽伦堡大学的客座教授Hans-Ulrich Hummel亲临清华大学建筑学院，依托知音讲坛这个技术交流平台，介绍了干墙系统在隔声和吸声方面的应用，讲座吸引了清华大学师生、设计单位专家等众多业内人士。讲座中，Hummel教授详尽介绍了干墙系统在隔声和吸声方面的应用，现场投影中生动而颇具科研价值的图片令现场听众纷纷举起相机拍摄。讲座结束问答环节时，现场的中外听众争相提问，并就建筑声学专业领域的问题与Hummel教授展开交流。此外通过知音讲坛的12个网络端口，许多外地在线参与讲座的网络听众也纷纷提问，发来问题请Hummel教授解答。干墙系统，主要是指轻钢龙骨或木龙骨上固定的各种预制板材，如石膏板、组建吊顶、墙体或其他类似建筑构造系统。干墙系统施工便捷，重量轻，可以解决各种建筑设计的要求，如隔声、吸声、抗震、耐火、耐水、节能、环保等。本次知音讲坛上，Hummel教授详细讲述了干墙系统在隔声和吸声方面的应用。从建筑材料石膏板的历史到石膏板的制作工艺，从隔声与吸声基础知识到声音通过墙体传播的机理和测试方法，从吸声产品到施工细节等，无一不深入浅出，细致道来。此外，Hummel教授以可耐福石膏板为例，形象化地向大家阐释其优越的隔声性能以及其内部构造和隔声原理。,3,9,0.5330353379249573
德国归来话设计：对环保的追问和反思日期：2009年8月9日时间：下午4:00——7:00(研讨会4:00-6:00，酒会：6:00-7:00)地点：当代MOMA百老汇电影中心环保今天似乎成了一个老生常谈的话题。绿色标签被用到有些泛滥的时候，人们对这两个字背后的内涵到底认知多少，依然是个问号。 带着这一问题，ABITARE中国造访了国际建筑设计行业的先锋国度之一，德国。“妍玲设计行”策划与主持人段妍玲女士以独特的个人视角深入德国环保 “硅谷”弗莱堡和大众等德国绿色环保标志型城市和企业，在形而上的高度，揭示了德国人对环保的理解和实践。 由意大利ABITARE杂志中国杂志社主办的“大设计战略对话A-TALK”系列活动之二——“德国归来话设计”中，来自设计界和主流媒体的朋友一起齐聚当代MOMA百老汇电影中心，掀起了一场头脑风暴。邀请建筑师、品牌战略专家和绿色生活的先行者们一起，将环保的探讨细化到城市、品牌和绿色个人三个层面，在对环保的追问和反思中给出自己的真知灼见。图为德国环保理念环节1. 城市课题启示：《妍玲设计行-德国第一绿色城市弗莱堡》在德国的环保“硅谷”弗莱堡，我们切身感受了一个提前进入绿色时代的城市：这个人类生活的能耗降到全世界最低点的城市在节能减排的基础上，带给我们更重要的启示在于它开放的城市空间，不仅消除了人与环境的隔阂，也消除了城市居民心理空间的隔阂，营造出和谐共生的城市氛围，绿色环保的理解从物质层面推向了更为深刻的社会心理层面。论坛：暴富城市的包袱和包袱由著名建筑评论家方振宁主持，国内著名建筑师李虎，绿色设计师联盟代表Ryan Dick和都市实践建筑顾问吴文一展开激烈讨论，在如何将真正的环保意识推广给中国的城市建筑领域各有卓见，谋求通过与政府、企业和媒体的通力合作，共同构建真正的绿色城市成为这几位建筑师的公识和未来努力方向。就中国一、二线城市的不同发展现状，各位论坛嘉宾也以实例给出深刻行家见解和分析。,3,5,0.9965657591819763
成都钢门窗借成灌快铁将乘势起飞笔者了解到，即将于明年5月通车的成灌快铁。借着快铁的“东风”，都江堰正迅速向成都靠拢。 按照规划，在成灌快速铁路进入都江堰后，首先经过崇义镇。该镇地处要冲，下接成都，上通漩口、松潘，是古时候著名的西道驿站。杨锋向笔者透露说，“快铁”在崇义镇以及中兴镇还预留了两个站，将在合适的时候开通。成灌快铁的贯通必然形成成都一条新的肾经，使都江堰到成都这条经脉变得更加强大、活跃。这条经脉在都江堰区域内布置着4个穴位，也就是我们有时候说的“4朵金花”，即：崇义、聚源、中兴和青城山。这些未来的铁路小镇在利用铁路资源时，要塑造自己的个性，要利用各自的自然条件、文化条件、经济条件和交通条件等系列元素，形成自己的个性，然后形成成灌快铁线一个完美的“铁路经济带”。崇义镇是都江堰的东大门，因其地处要冲，下接成都，上通漩口、松潘，便成为著名的西道驿站，叫做“天府第一站”。现在在崇义镇上，“西道驿站”四个字格外醒目，而在它的周围，则到处是充满现代气息的“老家改造出风貌，新街建设展风采”、“新生活、新财富”等广告语，一边追忆着“西道驿站”昔日的昌盛，一边充满了对未来的期望。崇义素有“钢门窗之乡”的美誉，这也是崇义镇的支柱产业。目前在这个镇上，钢门窗龙头企业就有四十多家，产品占据着整个西南市场，还远销远东国际市场。“成灌铁路贯通后，‘崇义门’一定会走得更远”。 笔者了解到，即将于明年5月通车的成灌快铁。借着快铁的“东风”，都江堰正迅速向成都靠拢。 按照规划，在成灌快速铁路进入都江堰后，首先经过崇义镇。该镇地处要冲，下接成都，上通漩口、松潘，是古时候著名的西道驿站。杨锋向笔者透露说，“快铁”在崇义镇以及中兴镇还预留了两个站，将在合适的时候开通。成灌快铁的贯通必然形成成都一条新的肾经，使都江堰到成都这条经脉变得更加强大、活跃。这条经脉在都江堰区域内布置着4个穴位，也就是我们有时候说的“4朵金花”，即：崇义、聚源、中兴和青城山。这些未来的铁路小镇在利用铁路资源时，要塑造自己的个性，要利用各自的自然条件、文化条件、经济条件和交通条件等系列元素，形成自己的个性，然后形成成灌快铁线一个完美的“铁路经济带”。崇义镇是都江堰的东大门，因其地处要冲，下接成都，上通漩口、松潘，便成为著名的西道驿站，叫做“天府第一站”。现在在崇义镇上，“西道驿站”四个字格外醒目，而在它的周围，则到处是充满现代气息的“老家改造出风貌，新街建设展风采”、“新生活、新财富”等广告语，一边追忆着“西道驿站”昔日的昌盛，一边充满了对未来的期望。崇义素有“钢门窗之乡”的美誉，这也是崇义镇的支柱产业。目前在这个镇上，钢门窗龙头企业就有四十多家，产品占据着整个西南市场，还远销远东国际市场。“成灌铁路贯通后，‘崇义门’一定会走得更远”。,3,4,0.9346855282783508
房地产新开工量下半年大幅提升 家居业加速回暖由于上半年商品房销售多为消化库存，房地产新开工量增长有限。而下半年，随着新开工项目的大量上马，房地产市场有望带动相关产业加速回暖。 下半年新开工量将有明显增长上海克而瑞公司有关负责人表示，以北京、上海等城市为核心，多数典型城市的房地产新开工量将在下半年大幅提升。其中包括政府新立项的保障类住房规划区、新出让的经营性用地，以及此前捂盘惜售的商品房项目等。上海市规划局也于日前披露了上海十五大居住规划区。其中，以保障性住房为主的近郊六大基地为宝山顾村、嘉定江桥、松江泗泾、闵行浦江、南汇周康航、浦东曹路。9个大型经济适用型居住社区则涉及宝山、虹口、嘉定、普陀、青浦、闵行、闸北、徐汇、浦东新等，规划经济适用房建设用地面积约140亩，可建经济适用房建筑面积约330万平方米。业内预期，随着下半年土地储备的集中释放和十五大居住规划区的落实，上海新开工面积有望大幅提升。“参与配套商品房基地的建设，虽然对企业来说利润率不同，但是可以确保开工量，帮助政府为市场平衡供需。”一家上海 大型国资房企内部人士告诉记者。根据官方统计，今年上半年，虽然上海商品房销售面积增长27.9%，销售额增长82.1%，但房地产开发投资却同比下降3.1%。“导致这种状况的原因之一是上半年房地产企业多为消化去年库存，而少有新开工项目。”一位上海房地产企业高层表示。这一结论也适用于全国。国家统计局数据显示，上半年，全国商品房销售面积3.41亿平方米，同比增长31.7%。但房屋新开工面积为4.79亿平方米，同比下降10.4%。而根据DTZ 戴德梁行日前发布的《中国住宅市场2009年上半年分析报告》，上半年商品房成交量的持续恢复带动前期库存积压的加速消化。如果按2009年的月均成交测算，预计未来3个月内现有库存将有可能消化出清。“总体来看，上半年全国新开工面积增幅同比去年大幅下降，但已经趋于稳定。房屋竣工面积增幅不断提升，市场供应量会相应增加。一旦库存基本消化，新开工面积增加，下半年楼市增长对相关产业的拉动效应将更加明显。”一位房地产业内人士称。北京方面对新开工情况同样乐观，中原地产北京公司总经理李文杰介绍，下半年北京新开工量相比上半年将有明显的增长，其中供给多集中在新城区及郊区。“整体来看，目前北京的供应比2004至2007年仍然少很多。北京高峰期每年的供应量超过20万套，现在估计只有原来的六成。所以政府想尽办法要求开发商开工，同时增加新的供给。”李文杰称。相关产业有望加速回暖 随着房地产新开工量的增长，包括建筑材材料、装修材料在内的多个相关产业有望加速回暖。“我们一个明显的感觉是，上半年公司业绩同比已经有所提高，接下来，随着一些大型房地产企业和区域土地储备的集中释放，我们的业务量还会继续增长。”一家名为卓宝科技的企业负责人告诉记者，这家位于深圳的防水墙生产企业市场占有率占据国内领先地位。“包括水泥企业，甚至空调、电梯等制造商，对下半年楼市预期都比较乐观。”广东一位大型房企材料采购部负责人称。,3,4,0.5913419723510742
"房款装修款拆开算 瞰都涉嫌逃税卖房近日，购房人刘挺(化名)买房的时候碰到一个奇怪的事情。位于东北四环东风桥北的瞰都领仕馆6号楼在对外销售的时候，业务员称精装修房销售均价为21000元/平方米左右。而当刘挺去售楼处与开发商进行网签购房合同的时候，合同上显示的房屋销售价格却为18000元/平方米左右。销售人员给他解释说，他想要购买的这套房产单价为20500元/平方米，18000元/平方米是其毛坯价格，装修部分的价格需另行签订一份装修合同，开发商以装修款的名义按照2500元/平方米收取，开具的发票也是装修款。刘挺一时没想明白，没在购房合同上签字。但他不太甘心。刘挺在给本报记者讲述这段买房的特殊经历时说：“20500/平方米的价格虽然被拆开了，但算下来总价好象也没有变化，是不是应该签合同呢？”记者就此楼盘的另类营销方式采访了一位业内资深地产营销负责人。他说，刘挺没有匆匆下定是对的。如果按开发企业这种方式售房，未来业主在出售该套房产时，肯定会为此多掏不少""冤枉钱""。比如说业主购买了总价120万元的房子，在市建委以100万元的价格登记，另外20万元作为装修款支付。那么当业主以140万元出售这套房产时，税务部门会按照首次购买所登记的价格，以40万元的溢价进行收税，而不是以业主实际收益的20万元进行收税。另外，在国家税务总局于2007年6月正式对外公布的《关于承受装修房屋契税计税价格问题的批复》(国税函〔2007〕606号)中明确表示：“房屋买卖的契税计税价格为房屋买卖合同的总价款，买卖装修的房屋，装修费用应包括在内。”也就是说，对于以精装修现房为卖点的楼盘而言，将装修费用刨除在房价之外单独收取的做法，本身就涉嫌逃税。据他分析，开发商之所以采用如此做法收取房款，其中很重要的因素是开发商销售房屋须按5%缴纳营业税，而装修公司只须按3%税率缴纳营业税。开发商相当于利用房屋销售和装修的税费差，降低了自身的税费支出。记者在随后对瞰都领仕馆售楼处相关人员进行采访的时候，销售人员承认在售的6号楼部分房源此前曾以签约房价一分为二的方式进行销售。但她表示：“我们现在卖的房子都是按照正常报价来签订合同的，肯定包括了装修费用。”(北京参考记者 沈静)",3,4,0.9832400679588318
手续未办好装修已开始 丹水池街道办盖违建楼(记者 韩立山)丹水池街道办打算用作社区服务中心的两层楼是违建房，从开建到装修，一直没有办理好相关手续。”日前，居民刘先生向本报投诉，称这两层共200多平方米的楼房是违建。昨日，丹水池街道办称，相关手续正在办理中，江岸区控违办也表示将督促其尽快办好相关手续。手续还没办装修已开始昨日上午，记者在江岸区丹水池街看到，新建楼房紧邻街道办的一栋三层办公楼，共上下两层，整体已经完工，有工人正在做内部装修，社区便民服务中心的牌子也已经挂在门口。记者进楼后发现，一楼是个大厅，二楼是几间办公室，办公室的地板、门窗都已经装好。街道办负责人说，这栋两层楼原本是街道办的院子，现在改为了一站式社区服务中心，将设置教育培训中心、文体活动中心、维权咨询服务中心、图书阅览室、慈善超市等，为居民提供“一站式”服务。街道办称相关手续正在办“其实，我们真的觉得很委屈。”该负责人介绍，丹水池街管辖范围约有9.43平方公里，常住人口6万多人，目前办公场所太小，无法满足居民办事需求。按照国家明文规定，该街道应该为居民提供一个近1000平方米的服务中心，街道办挤出20万元改建了服务中心。该负责人表示，盖楼之前已向区里打了报告，并着手办理相关手续，只是因为规划手续办起来比较麻烦，所以一直拖到现在尚未办下来。“建楼之前，考虑到手续尚未办理好，还进行了社区居民听证，并发布了告示。”该负责人坦言，之所以边建楼边办手续，也是为了早日给社区居民提供便利。市民：政府部门更应程序合法“虽然是为了方便居民，可是作为政府部门，是否更应该注意程序合法？”向本报投诉此事的市民刘先生介绍，街道办搞的听证和公示他都晓得，可是相关法律已经明确规定了，没有办理规划手续就是违建。“政府部门可以边建楼边办手续，那么市民呢？”刘先生认为，政府部门更应该做个表率，更应该去遵循程序合法，而不是搞“绿色通道”。就此，江岸区控违办一负责人表示，从严格意义上来说，该楼确系违建，7月份曾经要求该楼停建过一段时间。考虑到该楼是为了满足社区居民“一站式”服务需求，且街道办确实是想为居民做实事，所以才没有强制拆除，“将督促该街道办加快办理相关手续。”,3,4,0.7875478863716125
把市场做小的智慧 集中优势局部市场形成强势把市场做大，让自己的产品销遍全国，甚至销往世界各地是每个企业家的梦想和追求。这是企业家及企业成功的体现。事实上，这个梦想却非大多数企业家都能实现的。在当下，世界上几乎所有的行业和产品都或多或少存在着产能过剩、供大于求的问题。实现这个梦想不仅需要企业家的智慧和能力，还需要各种强大的其它资源做支撑。譬如：强大的产品竞争力、充裕的资金等等。而这些资源并非每个企业都具备。企业在这种资源不足的情况下，企业家盲目追求遍地开花的产品推广战略，强调做大市场往往使结果与愿望背道而驰。因为没有足够的力量做后盾，这种“大市场”往往会使企业经营上很被动，甚至拖得筋疲力尽。在这种情况下，只有大胆把市场做小，集中优势资源在局部市场形成强势，不断积累品牌力和资金实力，最终再慢慢扩大市场。把市场做小，其实就是在资源不足的情况下，集中全部优势实施重点目标打击。这类成功的例子可谓不胜枚举。解放战争期间，有“战神”之誉的粟裕大将，指挥华中野战军主力3万余人，与12万美械装备的国民党军队作战，之所以能七战七捷，在一个半月歼敌5.3万余人，其秘诀就是每战均集中绝对优势兵力歼敌一部。在陶瓷行业，提到业界翘楚唯美公司的成功经验，人们必会说到其掌门人黄建平先生，在创业之初，面对当时企业困境做出的大胆决策，集中精力搞仿古砖市场，从而了实现“小市场，大份额”的目标。有时，把市场“做小”更需要一种智慧。如果说这些成功的案例都是精英式人物的传奇，普通人难以去复制其成功的经验，那么我不妨再讲一个百分百草根的例子。今年春节回家，我发现家乡从市里到乡村，很多人都在听一个本地歌手唱的歌。经过了解，我才知道这个本地歌手已经红遍全市(县级市)。论天赋和唱功，哪怕在本市他都算不上实力派。如果他和其他歌手一样，梦想成为刘德华和张学友这类红遍全国的歌手，他至今绝对是一无所获。他的成功就在于敢于把市场做小，把目标消费市场锁定在本市范围，然后通过对几首自己唱的比较满意的歌进行加工，用本地的方言唱出来。因为这种歌词在当地人听来比较亲切，甚至有些好玩，一下子就在本地火了。而在这个市场没有人跟他竞争，他自己出了专辑，在当地卖了5万多张。由于在本地的走红，他几乎每天都会参加一场活动，出场费在2000元左右。且已经对周边县市形成了一不定的辐射力，其出场费用及专辑仍有上升空间。这个曾经穷得吃不上饭的草根歌手，很快就实现了买房买车的梦想。中国地广人多，市场十分庞大，对很多产能不大、实力不强的企业，如果能把一省一市的市场做好，其实就完全可以赚得盆钵满盈。近两年，四川夹江、江西高安产区的部分区域性品牌的成功操作，其实也是一种把市场做小的智慧。相信，将会有更多的把市场做小的陶瓷品牌走向成功。,3,4,0.49138522148132324
投资800万 广东首个红木家具检测中心落户大涌全省首个红木家具检测站将于本月底正式落户大涌，目前筹建工作已进入尾声。据悉，该检测站挂牌后，将作为全省红木家具产业联盟标准的重要研发基地，并直接推动中山红木家具产业的发展。大涌红木家具起源于上世纪70年代末，历经30年的发展，现有红木家具企业207家，去年红木家具产值达13.8亿元，是全国唯一的红木家具生产专业镇和广东省标准化示范专业镇，占有全国60%的红木家具市场。据悉，新的《深色名贵硬木家具》标准于去年9月1日正式实施，大涌也由此成为中山市首个成功修订国家行业标准的专业镇。今年7月，省质量技术监督局副局长张燕飞来到该镇调研，并同意在大涌建立广东省红木家具检测中心。记者了解到，检测中心的建立，将成为全国第一个专业级别的省级红木家具检测中心。目前，该中心选址大涌会展中心，办公面积达2000平方米，预计总投资800万元。大涌为了升级红木家具，于今年初完成了《中山市大涌镇服务业发展规划研究》，对全镇红木家具产业布局进行调整，同时配合“三旧”资源改造，建立一个红木家具城。此外，该镇还计划在今年兴建两个红木雕刻精品市场。一个由大涌红木家具领军人物、大涌红木家具商会会长萧照兴投资兴建的 “大涌红木家具工艺城”。该工艺城占地面积约25亩，目前该项目正在报建中。另一个项目是结合“三旧”资源改造，将位于大涌新平路浪兴服饰有限公司与岐涌路杰仕制衣有限公司一带约50亩的“三旧”资源整合起来，建立一个专业化、规模化、精品化的红木雕刻精品市场。,3,1,0.9858720898628235
护眼灯能否护眼遭质疑 行业尚无国家标准规范暑期已至，记者在京城家居卖场中走访时发现，时常有家长带着孩子前来选购护眼灯。据护眼灯的销售人员介绍，护眼灯与普通台灯相比无频闪，因此能够保护眼睛，预防近视。那么，护眼灯真如销售人员所说的那么神奇吗？护眼灯受家长欢迎十里河灯饰城汇集了众多灯具品牌，高中低档灯具应有尽有，在这里记者发现，多数摊位都出售护眼灯，而护眼灯的价格从几十元到上百元不等。一台小品牌的护眼灯50、60元就可以买到，而像“飞利浦护眼灯”这样的大品牌，最低也要200、300元。与护眼灯相比，没有“护眼”功能的普通台灯则要便宜的多，杂牌台灯在砍价之后20、30十元即可购得，即使是大牌台灯，上百元的就算中高档了。“虽然护眼灯稍微贵些，但是为了孩子的眼睛，作为家长多花些钱也是值得的。”正在选购护眼灯的消费者吕女士向记者表示。与吕女士抱有同样看法的消费者不在少数，十里河灯饰城的很多销售人员告诉记者，来这里选购护眼灯的消费者几乎百分之百都是为正在上学的孩子购买，而且在买灯时不太在意价位。“有的家长甚至来了就跟我们要这里最好、最贵的护眼灯。”销售人员孙小姐告诉记者。高频闪≠无频闪记者随意翻看了几个护眼灯的宣传材料，有的称护眼灯之所以能保护眼睛，与灯罩上的光栅有很大关系；有的则称，产品使用的是美国原厂最新设计的变频技术，可消除灯光闪烁所造成的眼睛疲劳。“护眼灯为什么能护眼啊？”当记者把这个很多消费者都困惑的问题抛给销售人员时，居然很少有人能够回答。在十里河灯饰城，记者以普通消费者的身份随机问了10个卖护眼灯的销售人员，却只有2个人大概给记者描述了一下护眼灯所谓的护眼原理。“普通台灯都是有频闪的，长时间用这种台灯会使人的眼睛产生疲劳感，而护眼灯是没有频闪的，因此即使长时间使用，眼睛也不会感到疲劳。”一位销售人员一边给记者讲解，一边拿手中的普通台灯和护眼灯给记者做演示。记者也观察发现，与普通台灯相比，护眼灯确实看起来没有什么频闪。无频闪真的是护眼灯“护眼”原理吗？中国照明产品工业协会理事长陈燕生表示，所谓的无频闪，其实只是高频闪而已。据陈燕生介绍，荧光灯在交流电的作用下，会产生一亮一灭的变化，即频闪。普通荧光灯的频闪每秒钟大约100次，肉眼不易察觉，但也会让人感觉不舒服，但当灯光每秒钟闪动的次数增加到一定程度时，肉眼难以察觉，眼睛就会相对舒服些，但由于这种灯所发出来的光仍然是不连续的，时间长了眼睛同样会感到疲劳。护眼灯尚无国家标准规范把“高频闪”说成“无频闪”，夸大护眼灯的护眼效果，这似乎成为了目前护眼灯市场的潜规则。有业内人士甚至称，市场上出现的护眼灯，几乎没有任何一家经过了国家专业部门的科学检测。记者在采访中也观察发现，虽然很多护眼灯的宣传资料上将自己的护眼效果夸的天花乱坠，但产品外包装上并没有国家权威部门的检测结果证明其产品有护眼效果。而且多数护眼灯标注的执行标准为GB7000.11-1999(《可移式通用灯具安全要求》)，并不是专门针对护眼灯的标准。记者查阅了相关资料，发现灯具产品类的国家标准、行业标准中，也并没有专门针对护眼灯的相关标准。烟台市消费者协会曾发出消费警示，提醒消费者谨慎购买护眼灯产品；今年5月，武汉工商分局也发布消费警示，提醒消费者护眼灯还没有出台统一的国家标准，预防近视很大程度上只是商家炒作。中国照明电器协会副秘书长窦林平表示，只要能保证灯具照明亮度，避免眩光，一般情况下10瓦左右的节能灯基本就能满足人们的日常照明需求。挑选灯具时也要到正规市场选购那些侧面不透光、灯罩遮光效果好的灯具。,3,9,0.33635416626930237
"挑T总动员 美食品赏会 网友意见调查"" class=akey target=_blank>news.sina.com.cn/iframe/survey/js/97/f_content_40801.js"">",3,6,0.48905500769615173
挑T总动员-求爱篇图为漫画图为漫画图为漫画图为漫画,3,2,0.540848433971405
探秘国庆晚会三大法宝 LED70%零件国产首都国庆60周年联欢晚会指挥部副总指挥赵东鸣日前表示：今年晚会上最有创意的就是设计了一个叫“光立方”的表演区，即以天安门广场国旗旗杆为中心，在它的周围有4000多棵的“发光树”，这是在我国的晚会中首次被应用。这些“发光树”是LED的，具有高科技含量。 “天安门广场上的LED显示屏中70%的零件均为国产，尤其是它的关键技术发光晶粒由我国公司生产。这个显示屏在抗风、抗雷、阻燃等方面做了相当充分的工作。这些先进的技术为我国的科技创新增添一喜。”一位LED显示屏的专业人士介绍说。天安门广场上LED显示屏宽为50米，高7.5米，虽说屏幕的比例为20∶3，但是画面内容却不会变形。显示屏采用点间距16毫米的全彩色LED像素，远程同步控制，高清数字显示，其横向3072点像素是迄今为止世界广场LED显示屏之最。为了以防万一，显示屏采用了三路供电，并且若用自身电池组来供电显示屏的亮度也不会受影响。另外LED显示屏还运用到了彩车上，并突破了其单一的形式，发展出弧形、不规则形、上下升降等多种花样。焰火形式丰富多样据赵东鸣介绍，这次晚会的一个特点是“突出焰火，强调联欢”。因此焰火表演在国庆晚会中有着举足轻重的地位，甚至决定整台晚会的效果。在这次焰火表演中采用了高、中、低立体烟花，还配有网幕烟花、特效造型烟花、音乐烟花燃放等多种形式。此次焰火的燃放集中在广场周围的12处燃放点，比较集中。为了使焰火看起来更绚烂多彩，首先就必须解决焰火燃放初所出现的大量烟雾。为了达到焰火艺术上的创新，天安门广场上安装了一个巨大的烟花特效装置，这在以前是没有过的。今年国庆庆典联欢晚会的烟花种类超越了以往任何一次，届时，以天安门广场为中心，人们会看到一个整体、多样、场面壮观、绚烂多彩的焰火晚会。打造民族欢乐盛宴一台突出民族、民间和民俗的盛大联欢将在国庆夜呈现于世人面前。此次联欢有12个板块，分别为各民族中心表演区、军民联欢区、工人联欢区、大学生联欢区和农民联欢区等。在各民族中心表演区，将有近3000人身着56个民族的服装载歌载舞。此次晚会联欢与以往国庆晚会联欢不同的是：12个板块在同一的旋律之下舞动着不一样的舞步。各个板块的群众将各展其能，共同打造一场民族欢乐盛宴。,3,9,0.6903956532478333
斯帝罗兰张雷赢在中国 一路有你主持人：我们国庆期间有没有一些惠及客户的活动？张雷：我们国庆期间举办了几个活动，斯帝罗兰举办了“疯狂倒计时”大型促销活动，以“赢在中国，一路有你”为祖国母亲的生日进行倒数，届时我们公司的加长悍马也会来京造势，所到的商场一律有惊喜折扣。为了庆祝祖国60周年生日，我们还进行了一个“迎国庆，您消费，我买单”的活动，有七分之一的免单机率，请大家不要错过。主持人：这个“迎国庆，您消费，我买单”的活动，您能给大家解释一下吗？张雷：在10月1日至10月7日这7天内消费付款的顾客，可以持购物小票参加抽奖，10月8号将有北京市公证处现场进行公正，家具城的高层领导进行抽奖，抽出1号到7号其中一天作为“免单日”，凡是在免单日消费的顾客，当天购买的产品一律免单。主持人：我看到这次投入率很大，究竟我们投入了多少资金在上面？张雷：这个不能用资金来衡量，因为我们进入北京市场，首先就是为了回馈顾客，答谢广大北京消费者长期对斯帝罗兰的支持。这次又是祖国60周年的生日，所以我们就搞了一个非常有力度的活动来回馈于客户。主持人：我们在北京有哪几家店可以参与到此次活动中？张雷：有4家，分别是十里河居然之家，金源居然之家C&C店，北四环居然之家，还有城外诚家居广场。主持人：在这“国庆中秋”节上加节的日子里，您对我们的祖国和网友有什么祝福的寄予吗？张雷：首先，我代表斯帝罗兰北京分公司，在国庆60周年即将来临，祝我们的祖国母亲繁荣富强；同时，向大家道一声：国庆快乐！中秋快乐！合家团圆！主持人：非常感谢张总来到我们嘉宾聊天室接受访问。谢谢！,3,6,0.7742065787315369
新国标实施 不少实木家具仍不属实□记者王海涛本报5月17日讯 5月省城又迎来了家具销售的高峰期，一直受青睐的实木家具业纷纷降价促销。记者从济南各大家居卖场看到，尽管实木家具新国家标准从5月开始实施，不少非实木家具还是打起实木牌混入了实木家具的行列。记者在北园大街附近的一家卖场看到，一家具店面打出了“全实木四门衣柜1888元”的招牌。该店工作人员声称，销售产品均为全实木家具，绝对保真。记者按照家具业内人士指点的方法去鉴别，发现该家具同一平面里外的木纹根本不对称工作人员慌忙解释，表面贴了木纹纸，主要是防止实木裂纹，这样家具更美观结实。据了解，在5月1日更新后的《木家具通用技术条件》标准(GB/T3324-2008)中，已明确对实木家具提出了明文规定。《木家具通用技术条件》中规定，实木类家具，是以实木锯材或实木板材为基材制作的、表面经涂饰处理的家具；或在此类基材上采用实木单板式薄木(木皮)贴面后再进行涂饰处理的家具，包括全实木家具、实木家具、实木贴面家具三类。自新标准出台并实施以来已过半月多，但记者在各大家具卖场进行了一些随机调查却发现，无论是销售人员或者消费者，均对此国标毫不知情，而绝大部分消费者，对于实木家具或实木贴皮等概念更是模糊不清。正在卖场逛家具的市民刘先生表示，现在实木家具品牌太多了，“都称自己是实木家具，我们也辨别不出来，只能稀里糊涂地买了。”据悉，当前不少市民买家具都遇到过类似情况，不少中低档家具品牌以假乱真较为普遍。家居卖场的一位业内人士透露，实木家具其实是个很笼统的概念，市民在购买实木家具时最好选择一些大品牌，一般质量都有保证，否则很容易上当。该人士还透露，实际上市场全实木的家具非常少，价格也很贵，大部分都是插接实木外面贴皮。济南市消费者协会的工作人员提醒，现在家具仿实木的水平越来越高，家具品牌也经常混淆概念糊弄消费者，市民购买时最好在购买合同上注明实木家具，一旦出现问题可以作为证据，而且消费者不要贪图便宜，一般实木家具的价格都不便宜，遇到太便宜的一定要小心辨别。相关链接??实木家具新国标全实木家具，是指所有木质零部件(镜子托板、压条除外)均采用实木锯材或者实木板材制造的家具。实木家具，是指基材采用实木锯材或实木板材制作，表面没有覆面处理的家具。而实木贴面家具，则是指基材采用实木锯材或实木板材制作，并在表面贴实木单板或薄木(木皮)的家具。,3,1,0.5782265663146973
新版国标实施 防火门企业进行彻底洗牌2009年初几场火灾事故的相继发生，再度敲响了消防安全隐患的警钟，在人们开始重视建筑产品的防火功能时，被描述为“生命之门”的防火门，首当其冲成为众人关注的焦点。 近日，从公安部消防产品合格评定中心获悉，截至8月3日由国家固定灭火系统和耐火构件质量监督检验中心(天津)检验获得GB12955-2008《防火门》国家标准新版产品型式认可证书的防火门生产销售企业已达88家；截至8月7日由国家防火建筑材料质量监督检验中心(四川)检验获得GB12955-2008《防火门》国家标准新版产品型式认可证书的防火门生产销售企业已达66家。公安部消防局有关负责人曾对媒体表示，中国公共消防设施建设和消防安全产品需求急剧增多，消防产业呈现前所未有的发展势头，目前全行业已经拥有1万多家生产和服务型企业，生产近千个品种的消防产品。但我国消防产品市场秩序还较混乱，大量劣质消防产品流入建筑工程和消防系统，导致消防设施形同虚设，造成大量火灾隐患，严重危及公共安全。从全国各个城市情况来看，防火门是消防产品质量问题最突出的领域，近来国内一些火灾，尤其是人员密集场所火灾之所以造成群死群伤事故，其主要原因是疏散通道或安全出口防火门不符合规定要求引起的。严格把控“准入门槛”随着2008年4月22日新版防火门产品国家标准的颁布及从2009年1月1日开始正式实施，新标准对防火门的种类、分类、制作材料及相关概念和要求等方面都进行了重新修订，对产品质量鉴定和检验的要求更加严格，是对防火门企业进行一次彻底洗牌。能否顺利通过新标准的鉴定换得“新证”，这成为防火门生产企业将面临的巨大挑战，毕竟，拥有这张新的“入场券”，是各家企业能够继续销售的首要前提。目前国内有1000余家企业生产销售防火门，市场容量达到了饱和程度，因此在一定程度上一些厂家采取了恶性降价的手段来争取市场份额，导致了产品质量的下降，更有甚者以蜂窝纸替代防火填充材料，耐火性能远远低于国家标准。新标执行遇“尴尬”虽然防火门在建筑防火中所占的比重并不大，但总体来看，市场非常混乱，质量低劣的产品充斥市场，给建筑防火带来了极大的隐患，防火门的质量尤其令人担忧。据有关报道，在江苏省一次对防火产品的抽查中发现，防火门的合格率仅为45.5%，市面上销售的防火门种类繁多，但质量真正过硬的产品却屈指可数。各家防火门产品的价格参差不齐，有些甚至相差了数倍以上，可想而知存在“低价陷阱”。以次充好、粗制滥造的伪劣产品在市场上依然随处可见，很多厂家生产的防火门钢板厚度仅为标准的一半，填充材料耐火性差，厚度不够，防火板质劣。更有甚者，明知防火门是用来阻隔火势的，必须使用耐火材料，却将易燃的蜂窝纸作为防火门的填充材料，于是，用于保护居民安全的防火门，硬生生成了“放火门”；另外受检产品也出现了“仪仗队”，部分企业为了获取相关产品的市场准入证明，花高价购买样品送检，证书到手后，自身产品质量仍不合格。根据建筑设计规范中的有关规定，商业、娱乐场所以及高层建筑的6层以上，都必须使用带有防火功能的入户门，但产品质量的难以保证，给建筑防火功能带来了极大的隐患。随着新标准的实施，是否能拿到“新证”，成为想要继续“分一杯羹”的生产企业首先必须面对的问题。按照新标准进行的换证复审，对企业的规模、技术、产品质量提出了更高要求。是防火门，更是生命之门！根据公安部消防局火灾数据统计，2008年1至10月在人员密集场所火灾中死亡的188人中，82%是由于吸入室内装饰材料燃烧释放的有毒烟气中毒窒息而死亡。火灾事故致命的“罪魁祸首”往往不是火，而是烟雾。因为早在火势大幅蔓延前，很多人就已因为吸入过量有毒烟雾而昏迷，葬身火场。防火门除具有普通门的作用外，更具有阻止火势蔓延和烟气扩散的作用，可在一定时间内阻止火势的蔓延，确保人员疏散，一旦发生火灾，防火门是保护人们生命财产安全的一道防护门。或许，这就是人们把防火门比作“生命之门”的原因。然而，随着市场竞争的日益激烈，伪劣产品层出不穷。这扇本该坚若磐石的“生命之门”，在大火面前，其实脆弱得不堪一击。在每一个事故发生的现场，生与死，常常只有几步之遥；对于防火门的生产企业而言，安全与否，也就在一念之间。我们不能预知未来，但至少可以有所准备。新标准实施，新证严格审查，公安部对消防安全的保障，很是坚决。不过，业内专家也认为，防火门市场的规范，与消费者安全意识的加强也很有关系。不少企业偷工减料节省成本，其实主要是看准了消费者贪便宜的心理。消费者必须要真正开始重视防火门的质量和安全性。消防系统人士提示，选购防火门一定要认准具备防火门生产资质的企业。防火门生产企业必须获取公安部消防产品合格评定中心下发的消防产品型式认可证书方可生产、销售、安装防火门。而已获得认可证书的企业，一旦证书被暂停或是过期未换证，在证书被恢复前同样不得销售、安装和使用防火门产品。我们衷心地希望，每一个手持新证的生产企业都能保有那“一念之间”的正直，让防火门真正成为生命之门。,3,7,0.9125641584396362
旧家具市场急需除三害□晚报记者 王翔 摄影报道 “大衣橱里满是蚊子尸体，这些旧家具怎么回事？ ”近期本报接到不少市民投诉，反映买来的二手家具存在诸多问题，使用寿命短得惊人，散发出的刺鼻胶水味不但熏死蚊虫，甚至让人头昏脑涨。记者调查发现，随着租房市场的火热，二手旧家具的需求量很大，但由于缺乏规范管理，旧家具市场处于无序状态，从收购、运输、翻新到最终定价出售，“做主”的都是各个店家，缺质保、私翻新、乱定价是主要的“三害”。消费者一旦买到劣质家具，由于没有发票等凭据，大多只能自认倒霉。 案例一： 5斤果盘压断大理石 张先生2002年从山东烟台到上海工作，一直租住房屋。前段时间，他到北虹路附近的旧货调剂市场添置了一些旧家具，其中包括一张大理石茶几。一天，他将一个装满苹果的果盘摆上茶几，结果约1厘米厚的大理石台板突然断裂，将张先生的左脚背砸出一道长约5厘米的血口。 事后经张先生检查，发现大理石茶几以前断裂过，裂口被强力胶修补过。张先生找到出售茶几的商贩，但对方称张先生“使用不当”，将责任全部推到张先生身上。张先生称了一下装满水果的果盘，总重不过5斤左右，这可能将1厘米厚的大理石板压断吗？ 案例二： 大衣橱成了“灭蚊器” 李彬和妻子租住在共和新路，半年前生下儿子，他们想添置些家具。为省开支，李彬到旧货市场花了400多元，买来两件看上去有9成新的橱柜。但没两天，李彬赶紧将橱柜搬出房间。“打开橱门一看，都是虫尸，怎么敢用？ ”李彬说，家具买回的次日，打开衣橱门就发现橱内散落着不少蚊虫的尸体。李彬在两个橱柜里都闻到了刺鼻的异味，有些装修经验的他分辨出是劣质胶水的气味。担心对妻儿造成伤害，李彬立即将橱柜搬到门外，两件家具使用不到两天就被迫淘汰。 记者调查 二手旧家具出售前进行“美化” 商铺每月经手上百件 记者来到漕宝路上的淮国旧物调剂市场，这里有不少店铺经营旧家具买卖。记者走进一家专门出售旧家具的商店，店主马先生坦言生意不错，他指着店内的一排电脑桌说：“上个月从一家倒闭的公司收来，总共55张，现在卖得只剩六七张了。 ” 马先生说，来买旧家具的主要是来沪打工的外来人员、在外租房的年轻人，他们不会长时间居住，买旧家具就图个便宜。旧家具买卖利润丰厚，他开的这家百余平方米的店铺只是中等规模，但每月经手的旧家具至少上百件，如果遇上利润高的商品，月入数万元不成问题。 谈话间，马先生的商铺门前停了5辆满载旧家具的黄鱼车。 “他们走街串巷收货，光运到我这儿就能赚上一倍多。 ”马先生说，除了少数居民将家具直接卖到店铺，几乎所有的旧家具都是由这些黄鱼车车主收来。 黄鱼车车主老李说，旧家具价格“缩水”很厉害，一整套家具新买时可能超过万元，但在收购时不管成色如何，瞬间缩水20倍左右，基本不可能超过500元。像十多元收到一个大衣橱这样的“好事”，也经常能遇到。 零散商家自组市场 记者来到“大名鼎鼎”的沪太支路上的旧家具交易市场，该市场由许多临街二手家具商铺自组而成，近两公里路段上的临街家具商铺约有30多家，整条道路两侧挂满了收、卖旧家具的广告木牌。 在一家专卖衣架的家具店门前，一名车主骑着黄鱼车而来，车上满载几套旧家具。店铺员工点燃焊接器，开始逐件修补这批刚到货的旧家具。 记者跟着工人来到店铺后，这里是个小作坊，几名工人正忙着给旧家具刷油漆。 “表皮一贴、油漆一刷，从外表上根本看不出来，”正在修补一张单人床的木工孙师傅说，旧家具被收来后几乎都要经过翻新处理，最普遍的手段就是贴片、刷漆，经过“美化”处理后，旧家具看上去至少有9成新。 记者走访了多家旧家具商铺，发现旧家具“美化”情况普遍，一些旧家具上可以闻到刺鼻的异味。一名店主说，买二手旧家具的消费者多数是图个便宜，对翻新情况不以为然。 “美化”旧家具藏凶险 根据读者提供的线索，记者来到长宁区北翟路一处二手家具厂，隔着围墙可以看到，整个厂区不超过300平方米，但货物来往十分繁忙。半小时里，拉货、送货的客车、黄鱼车络绎不绝。记者从附近居民处了解到，这家二手家具厂的厂区内存放着大量旧家具和各种“美化”处理剂及零件。 从事多年家具制作的行家王先生表示，按行业规范来说，家具制作中最毒的就是油漆和胶水，但多数旧家具商铺只关心降低“美化”成本，一旦使用有毒物质含量严重超标的产品，很容易导致使用者癌症、血液病的发生。 相关建议 尽快建立专业的二手旧家具市场 经营家具行业多年的刘以林说，由于目前市场的无序状态，一件旧家具要再次卖出，经历环节众多，才会出现黄鱼车主、商铺、加工厂都来分一杯羹的情况，无疑削薄了利润空间，这样就会出现利用劣质产品翻新的行为。刘以林建议，有关部门可考虑增设废旧家具寄售、翻新和拍卖场所，使其循环利用，“变废为宝”不仅充分利用社会物资，让更多消费者得到实惠，而且更突出了环保的需求。 现阶段，二手家具市场主要存在以下三大弊端。 -缺质保 从市场实际情况来看，二手旧家具被黄鱼车车主收购而来后，自带的购买凭证基本缺失，购买这些旧家具的消费者如果遇到质量问题，根本不可能到生产厂商处维修。 一名在淮国旧物调剂市场经营二手旧家具的店主坦言，他在市场申请的经营资格是旧货调剂买卖，但保修卡这类文件只在二手旧电器上才会出现，店铺中售出的二手旧家具一般是“货物既出，概不退还。 ”如果消费者要维修，可以去找木工。 -私翻新 家具业内人士刘以林介绍，购买旧家具的消费者有个“误区”，认为旧家具已被人使用过，应该没有污染问题，但由于现在旧家具市场中翻新“美化”情况较多，这样的想法并不正确。 旧家具翻新，原本针对中高档家具损坏后的修补，专业家具处理剂价格十分昂贵，二手家具店铺所使用的油漆或胶水则来历不明。使用劣质胶水来“美化”旧家具，不仅使用寿命短，而且对消费者健康造成损害。 -乱定价 现在旧家具交易市场处于无序状态，出售价格按市场内的供需要求来定。一张7成新的竹制躺椅，可以从冬季时的50元卖到夏天时的100元，而其收购价才10元左右。 因为处理渠道的缺乏，市民家中替换下来的旧家具，通常廉价卖给走街串巷的“黄鱼车”。有时，为了让自己收来的旧货卖出个好价钱，“黄鱼车”收购队四处行动，一车车旧家具从南拉到北，价钱也可能会随之上涨数倍。,3,1,0.6772684454917908
时尚倾城 记佛山设计师时尚沙龙近日，宁静的佛山创意园飘来一段悠扬动听的萨克斯管乐，循声寻去，只见二号楼特地陶瓷门前热闹非凡。原来今天是佛山特地陶瓷总部展厅“蝶舞倾城创意馆”全新装修完毕重新开幕，邀请到来自佛山大区的多个知名装饰企业的高端设计师60多人以及行业媒体嘉宾共计百人举办了“2009特地新品鉴赏会暨时尚沙龙”。本次时尚沙龙由知名陶瓷品牌特地陶瓷与德国品牌索纳尔家具联手举办，以“时尚、高雅、分享”为基调，旨在展示企业的文化理念并针对设计师人群，打造出一个时尚的聚会。今天在这里，大家放下紧张的工作一起感受特地陶瓷所倡导的精致生活概念。百位嘉宾在蝶舞倾城创意馆的普罗旺斯大厅上济济一堂，一边享用着精美的自助餐点，一边期待着特地、索纳尔这两个走在家居业前沿的品牌将为大家带来的精彩。佛山特地陶瓷有限公司董事长冯红健先生和艺术中心总监罗明枝先生、德国索纳尔家具中国区总裁谢志伟先生以及省环协、省装协佛山分会负责人汤浩宁先生出席了沙龙盛会。在热烈的掌声中，特地董事长冯红健和艺术总监罗明枝先后上台致辞，都向在座嘉宾传达一个信息：今天尽情享受休闲的乐趣，一起品赏法国红酒与摩卡咖啡，为特地的新产品面世作见证。沙龙活动内容丰富，包括美食分享、鸡尾酒试赏、鉴赏国外进口高级红酒及红酒文化讲座、中国风淑女主题摄影活动等，还特别邀请到陶业中有名的旅游、摄影家陈国龙先生进行“玩路者”旅行分享。其中最为吸引眼球的是特地公司著名的产品时尚秀，产品加工成令人意想不到的式样，由美女模特身着各式风格华服配合着或现代或古典的舞台表演刺激着嘉宾的观感。华丽的舞台、动人的音乐、迷人的模特，如此极致华丽的表现方式，令在场的嘉宾们看得如痴如醉。沙龙上发布了特地陶瓷的三款新品负离子釉面砖：“金碧辉煌”石纹瓷片、韩式墙纸瓷片、地中海风海厨房瓷片系列。德国索纳尔家具在会上也展示了其09年推出中国市场的户外家具系列产品。多款新产品及新改造的样版间令人眼前一亮，深得设计师朋友赞赏，加上美丽动人的美女模特，爱好摄影的设计师围在一起用心爱的相机拍个不停。在场的嘉宾被现场的气氛感染得非常兴奋，整整三个小时的过程中没有人离开，还把在公司里的同事都急呼过来了。设计师和媒体朋友觉得本次沙龙气氛很好很快乐，不仅成功地将企业文化和产品介绍给设计师，还实实在在地令大家享受到时尚的生活乐趣。,3,6,0.9876791834831238
时尚网络团购受追捧 门窗企业响应消费革命E时代，高速发展的互联网的正逐步融入传统生活的方方面面，其中就包括消费方式的变革。网购消费已快速流行开来，网络商店、网上银行之类人们都耳熟能详，许多时尚的年轻消费者更是对这种新型消费方式推崇至极。而眼下，网络购物中逐渐掀起“团购潮”，而且越来越多的消费者希望加入网络团购，享受到“批发价”的实惠。尽管团购还没有成为主流的消费模式，但它所具有的爆炸力已逐渐显露出来。作为一个与时俱进的企业，这个信息是绝对不能忽视的。随着网络进一步普及，网络团购将更加普遍，市场也将继续扩大，前景不可限量。想要扩大市场占有率，网络团购这个渠道却不可轻视！在今顶，网络团购成功案例已为数不少，并仍风风火火的继续着，可以说发展势头良好。仔细分析团购，现在商家较多运用的网购模式主要是通过互联网平台，由专业团购机构将具有相同购买意向的零散消费者集合起来，向厂商进行大批量购买。它的核心优势体现在更为优惠的商品价格。价格更优惠了，利润自然下降，这也是很多厂家、商家不愿意参加网络团购的最大原因！对于这个问题，有门窗企业给出了很好的答案！团购的成功与否，和商家前期准备是否充分密不可分，价格策略便是其中至关重要的部分！团购价格必须优惠，但是怎么优惠，如何在保住利润的基础上又能吸引消费者购买，这是商家该深入考虑的问题，毕竟在价格面前，首先商家是掌握主动权的一方！部分代理商还分享了他们的团购成功经验，如何制定巧妙、有效地价格策略，如何营造团购现场氛围等等。同时代理商们认为，团购是大势所趋，随着人们对网络越来越依赖，当他们想要买一样东西的时候，第一时间想起来的便是上网！另一方面，商家做团购，也是一种招揽人气，提高品牌知名度和影响力的有效手段！网络团购这种消费方式已经成为一种不可逆转的潮流，厂商应做的就是顺应、并推动这种潮流的发展，抓住这个商机，寻求新的突破！,3,6,0.7268801331520081
时尚鲁班会 潮流进行时提到鲁班，相信所有人都会很熟悉，作为家居木作的鼻祖，曾发明了大量的工作，如锯、刨、墨斗等等，而这些都是建筑行业中基本的工具，因此，鲁班也被人信奉为住宅建筑的保护神。红星美凯龙国际家居连锁推出新的服务举措—“鲁班会”，由设计专家、产品专家、环保专家、维权专家、检测专家、家居文化专家组成，全方位的解决消费者在置家购物中的各种问题。以“鲁班会”命名更是彰显了专家团队的专业性，也许有人会说，“鲁班会”感觉与现代脱节了，单从这个名字就感觉好像是远古时代的事情，当然啦，其实如果追溯的话也充其量追溯到战国时期，这只是题外话。实际上，当今时代确实是一个快速消费的时代，生活的各个方面都进入了一个快轨时代，比如8分钟约会，比如快餐店，比如迅速崛起的钢筋混合建筑等等。这是因为一切太快了，所以很多方面不稳，不踏实，因此，在这样快速流通的时代只有加入稳定的环节才能很好的盘活整个生活的链条。居家消费，很多人在装修之后有个共同的感觉就是筋疲力尽，问题出在哪里？用专家的解释就是“家居行业是一个典型的信息不对称行业”。所谓的“信息不对称”就是指消费者在家装过程中了解的内容，比起家装服务的提供者所掌握的内容，是少之又少。虽然国家在这几年中颁布了不少标准及规范，但是作为消费者个人来说，要想从这么多相当专业化的条款里理出头绪，绝不是一件容易的事。 以下就是最容易出现信息不对称的地方：表现之一：样板间可能只是招牌 有些家装公司虽是正规公司，但平日只有一支装修队伍，装修高峰合同多时，原来的人马应付不过来，为多揽活，他们就临时借别的装修队或到马路边找人。这些施工人员没有技术认定、专业证书等，到客户家一装修问题就出来了。有些装饰公司为揽活，请技术工艺水平较高的人员将样板间装修得质量挺好，到客户家装修时换了一套人马，实际装修与样板间相差甚远。消费者李小姐经反复比较，花高价特意请了外地一家在杭州的分公司进行装修，谁知该公司聘的施工人员技术水平很糟糕，不是门的尺寸做小了，就是墙角做成了曲线，装饰公司虽答应给维修，但李小姐惹了一肚子气，时间和精力也搭不起。 表现之二：报价与工程量计算不透明 不少业主都有这样的体验，家装公司为了吸引业主，一开始采取笼统报价，经常遇到的就是一居室几万元，二居室几万元，一点依据都没有，一旦上套，麻烦事不断；报价说明过于简单和含糊不清，比如在“墙面处理”报价项中，只说明多少钱每平方米单位，但选用材料，工艺做法都不说清楚；家装公司还有一个做法是打折送礼、低点切入，用一个较低的价格迷惑并引诱用户签单。 工程量计算不透明，主要出发点就是多算施工面积，增加工程的造价。在这个环节中，不透明的手段也很多，例如家装公司流行的墙面面积按照地面面积的3.5倍计算的方法，消费者就算心里有不同的想法也无计可施。在计算涂刷墙面乳胶漆时，没有将门窗面积扣除，或者将墙面长宽增加，都会导致装修预算的增加。 表现之三：非进口石材达不到效果 有些装饰公司或者设计师和一些建材商有协议：只要设计师在设计中使用了他们的材料，最后由建材商给装饰公司或设计师返回扣款。所以设计师在进行设计时，就有意使用这些有回扣的材料。即使有其他价格比较便宜、装饰效果更好的装饰材料，设计师在设计中也不会采用。结果消费者花了冤枉钱。例如在一份装修设计中，设计师要求业主使用价格昂贵的进口石材，其实同种花色的国产石材只有进口货的三分之一。但设计师反复强调，只有进口石材才能“达到效果”。结果消费者仅在这一项中，就多花了近千元。 由于买卖双方的信息不对称，导致消费者盲目消费。买方搞不清楚自己真正的需求，而且对于居家的产品由不是非常的了解。而卖方呢，为了签单推动销售而不能很好的帮助消费者选择适合的居家产品。买到了家具却突然发现不合适，无论是风格还是空间匹配度；空间、风格匹配了却又开始担心家居用品是否环保的问题，厂家是说的天花乱坠，拍着胸脯跟消费者打着保票自己品牌怎么都是环保，可是到底如何去辨别家居用品是否环保，消费者还是讲不清楚的。红星美凯龙“鲁班会”正是要为消费者解决此类的问题。红星美凯龙推出“鲁班会”，借助这个组织，与热爱居家生活并有着购买需求的消费者互动，答疑解惑，出谋划策，力求给不同需求的消费者最实在的建议和帮助，为消费者传递优质生活，体验红星美凯龙，体验优质舒心的生活。,3,6,0.9868769645690918
昆明人民政府与红星美凯龙签订战略合作协议2010年1月19日昆明市人民政府与上海红星美凯龙企业管理有限公司签订战略合作协议，共同繁荣昆明商贸市场，提高商贸服务业、物流业国际化水平。3年内，红星美凯龙在昆投资将达数十亿，打造继上海全球旗舰店之后又一个专业化国际市场，并在昆设立西南地区总部。昆明市近年经济增长迅速，城市发展态势优良，同时具有得天独厚的辐射能力，一直是红星美凯龙关注的重点城市。2008年，红星美凯龙正式进驻昆明，目前已投资2个项目：西山区24号片区的一期改造、五华区城中村岗头片区改造项目，总投资达70亿元。据透露，集团将把昆明的商业布点作为在西南地区发展的重要一站——辐射南亚、东南亚地区的桥头堡。红星美凯龙自1986年创立以来，已在北京、上海、天津等地开办了60家连锁家居商场，总经营面积超过618万平方米，成为中国家居行业第一品牌。自进驻昆明以来，得到了昆明市委市政府的大力支持，合作列入昆明市重点招商引资项目，昆明市委市政府对红星美凯龙这样的行业龙头企业非常重视，希望红星美凯龙的进驻可以促进昆明现有家具建材行业的升级换代，提升昆明百姓居家文化的品质。签约前，省委常委、市委书记仇和，市委副书记、市长张祖林会见了红星美凯龙董事长兼CEO车建新一行。仇和向客人热情推介了昆明，表示欢迎同行业中的龙头品牌企业红星美凯龙进入购买力高度集中、零售市场很大的昆明投资发展。对落地项目，昆明将无条件、无阻力、无障碍地做好服务。依托各自商贸经济领先和品牌集聚优势，双方将建立长效合作机制，发挥市场机制对资源配置的基础性作用，加强重点产业和骨干企业的经济合作，促进产业东西联动，培育自有品牌和扶持民族品牌，通过提供品牌发展阵地，优化品牌扶持政策，搭建品牌宣传平台，促进互动双赢发展。此外，红星美凯龙西南地区总部也将落地昆明，拓展在昆业务范围。红星美凯龙董事长兼CEO车建新此行考察了在五华区、西山区拟建项目及呈贡新区建设、螺蛳湾国际商贸城。有感于昆明各级政府的大力支持和高效的工作风格，红星美凯龙计划加大在昆明的投资，继续参与西山区24号片区二期改造。预计到2012年底，红星美凯龙在昆投资将达数十亿亿元，解决近万人就业。,3,6,0.9989173412322998
明式家具暗藏人体学省收藏家协会古典家具委员会主任顾汶做客本报视频谈古典家具收藏“家具不仅能使用，还有鉴赏价值和升值潜力，因此我建议大家在换新房的时候把祖传的家具保留下来，不要随便处理了，没准你就损失了一大笔。”昨天，江苏省收藏家协会古典家具委员会主任顾汶来到扬子鉴宝视频直播室，为本报读者讲一讲古典家具的鉴赏收藏知识。明清老家具最受青睐顾汶介绍说，与瓷器、字画、玉器、青铜器等传统收藏门类相比，古典家具进入收藏领域的历史较短，过去人们购置家具的目的，主要是为了使用和摆设。“文革”浩劫使大批古典家具散落民间，且价格不高，从而进入一些藏家的视线，“80年代初进入古典家具收藏界的几位玩家，如今大多成为中国古典家具的收藏大家。到了90年代中期，明清古典家具已成为收藏领域的主流藏品。”古典家具为什么具有收藏价值呢？顾汶介绍说，首先，它们具有一定的历史文化价值。中国古典家具制作工艺的传承和发扬，反映了我国博大精深的民族文化，在中国家具的进化史中也可体味到近千年来历朝历代变革的沧桑。其次是艺术价值。中国古典家具特别是明清家具的艺术水平达到了世界家具制作工艺的巅峰。“近年来，世界各大博物馆都相继展出过中国古典家具，在全球性的艺术珍品拍卖中，瓷器和明清硬木家具，是中国文物中最受青睐的拍品。”2500元明清官帽椅拍得70万“在使用中收藏，是古典家具收藏的重要特点。”顾汶介绍说，使用的过程就是保养和鉴赏的过程，有不少古典家具收藏家最初收藏的目的就是为了摆设和使用。目前，书房、客厅古典家具存世量较大，就是与它的实用性有着直接的关系。与其他艺术收藏品相比，我国古典家具收藏兴起虽然较晚，但已成为升值最快的门类之一，特别是黄花梨和紫檀材质的古典家具。顾汶表示，在1985年前后，一对明末清初的黄花梨四出头官帽椅价格在2500元左右，而如今文物拍卖中可卖到60万-70万元，一些成套或大件家具更可卖出数百万元甚至上千万元的高价。明式家具早就用上人体工程学顾汶介绍说，明式家具的风格起于明中期，当时朝廷开放海禁，大量东南亚地区产出的珍贵硬木如紫檀、花梨木等运入中国，这是硬木家具在明中期兴起并流行的重要条件。由于官宦和富商争相购置、使用硬木家具，以显示其豪门地位，推动了明式家具制作水平的迅速提升。具体来说，明式家具有很多特点，比如它的木纹追求自然美，很多明式家具为了表现其自然纹理还特意不上漆，而是通过其自然的打磨使其纹理自然显现。另外，明式家具为了追求合理的结构，很少用或者甚至不用钉子，而是用榫卯代替，这样就看不出人工拼接的痕迹，使其更具有整体的美感。“最有意思的是，明式家具的设计已体现了人体工程学，在结合合理的力学设计中，明式家具主要以舒适为主，比如它的靠背会采用S形曲线，符合人的脊背特征，靠久了也不会感到累。”另外，很多凳子还有脚踏杖，是专门给双腿提供“休息”的地方。收藏清和民国家具正当时“十年的‘文革’浩劫让很多珍贵家具毁于一旦，特别是明清时期的家具被损毁情况严重，现在已不多见，大多时候只有在博物馆或者拍卖会才能见到这些家具的‘真面目’，目前市场上流传的很多都是‘山寨货’。”顾汶介绍说，明式家具不易见，但是喜欢古典家具的藏友，可以选择清中晚期和民国家具来收藏，它们目前的市场价也不高，升值空间也不错。顾汶具体介绍到， 清式家具起步于康乾盛世，艺术风格以宫廷审美情趣为主，主要特征是“料实工精”，硬木家具选料多用紫檀。清晚期因资源匮乏，紫檀难觅，而不得已选用酸枝木。清式硬木家具在造型上刻意表现豪华和富贵之气，因此家具尺寸比明式的更大，轮廓线条以垂直为主，装饰手法多采用雕刻和镶嵌，其中牙雕、竹雕、漆雕和嵌石、嵌瓷、嵌螺钿、嵌珐琅的技艺令人叹为观止。清式家具继承和发展了明式家具艺术，还出现了“苏作”、“广作”、“京作”、“晋作”等诸多流派。售卖故事越动人越可能是赝品“收藏古典家具，需要具备丰富的专业知识和实践经验，涉及木材、工艺、结构、造型等各方面。”顾汶介绍说，目前，做旧后冒充明、清家具的在古玩市场随处可见，建议初入道的藏友下手前一定要请有经验的藏家帮助鉴定，以免失手。例如，在淘宝时藏家除了考察家具材质外，还要观察它的包浆(老家具表面因长久使用而留下的痕迹，因为有汗渍渗透和手掌的不断抚摸，木质表面应泛起一层温润的光泽)情况，这一般是较难造假的。另外，在挑选样式时最好随身携带明清图谱样式进行对照。 顾汶特别建议到，大家在“淘宝”时一定要谨慎小心，不要落入买家的“故事圈套”。现在河南一代的仿古家具特别多，且精明的经营商还给每个家具配上“感人故事”。比如，他们会给仿制家具故意制造一些缺陷，且一并附上缺陷背后的“故事”，不听故事还好，一听这坎坷的故事，就会让你觉得这家具果然来之不易，“其实我个人觉得‘故事’越是感人的，就越可能是赝品。”顾汶凭着自己多年的收藏经验如是说。,3,1,0.991376519203186
有人买房 便拉生意 装修公司守住楼盘揽客□记者寇润涛本报临沂5月5日热线消息“您刚买了房子，需要装修吗？我们公司的装修质优价廉。”5月5日，在罗庄区一楼盘售楼处，前来收楼的杨女士刚领到房屋钥匙，就碰到装修公司的人员拉生意。据了解，随着装修行业竞争日趋激烈，一些装修公司直接在售楼处旁揽客成为比较普遍的现象。5日上午，罗庄区市民杨女士拿到新买的房屋钥匙后，刚从售楼处里出来，一位自称某装修公司项目经理的人便将杨女士拦下，介绍公司的情况，想揽下杨女士家装修的活。对于装修人员热情的自我推荐，杨女士有些意外：“怎么装修公司都搬到售楼处门口了？”随后，记者走访了市区一些装修公司发现，装修人员到新建楼盘小区拉生意的情况并不在少数。兰山区沂蒙路一家装修公司的相关人员表示，目前临沂市大小装修公司越来越多，市场竞争也随之日趋激烈，以往“在公司等客户上门”的经营方式已经不适应现在市场，因此部分装修公司便让人守在楼盘小区售楼处附近，尽量多获得一些客户。 □记者寇润涛本报临沂5月5日热线消息“您刚买了房子，需要装修吗？我们公司的装修质优价廉。”5月5日，在罗庄区一楼盘售楼处，前来收楼的杨女士刚领到房屋钥匙，就碰到装修公司的人员拉生意。据了解，随着装修行业竞争日趋激烈，一些装修公司直接在售楼处旁揽客成为比较普遍的现象。5日上午，罗庄区市民杨女士拿到新买的房屋钥匙后，刚从售楼处里出来，一位自称某装修公司项目经理的人便将杨女士拦下，介绍公司的情况，想揽下杨女士家装修的活。对于装修人员热情的自我推荐，杨女士有些意外：“怎么装修公司都搬到售楼处门口了？”随后，记者走访了市区一些装修公司发现，装修人员到新建楼盘小区拉生意的情况并不在少数。兰山区沂蒙路一家装修公司的相关人员表示，目前临沂市大小装修公司越来越多，市场竞争也随之日趋激烈，以往“在公司等客户上门”的经营方式已经不适应现在市场，因此部分装修公司便让人守在楼盘小区售楼处附近，尽量多获得一些客户。,3,4,0.7398498058319092
有笑有泪的欢乐旅程6月2日，来深圳的第三日路线：欢乐谷——民俗文化村——机场有笑有泪的欢乐旅程深圳游的最后一天了，小朋友们隐约都有些不舍。一大清早，虽然还有些恋床，但想到一整天丰富、有趣的行程，当然是毫不犹豫准时出发了。充满欢乐的旅程中有笑也有泪，这里记载着最真实的他们和圆方园在一起的三天，最美丽的瞬间。红领巾传递爱圆方园“红领巾行动”命名源起于借助庄严而神圣的红领巾的传递力量，将希望与爱传递下去。这时，小朋友们又将他们最为真诚的爱回报给了我们。众多媒体竞相采访感谢社会大众对公益事业的热心支持，第一现场、深圳特区报等众多知名媒体都前来采访报道，呼吁更多的人来关注这群需要关心的孩子们。挥洒热泪的送机场面要走了，三天的美好行程就要结束了。可是小朋友和深圳这批关心他们的人都不舍在这一刻分别。他们泪下现场，真情流露。至此，三天的深圳行圆满结束。这群来自四川都江堰的小朋友们在这里度过了一个难忘的、特殊的六一节。然而这并不是一个结束，这又是一个新的起点，圆方园与社会各界热心公益事业的单位、个人还将把这种关爱延续下去。,3,6,0.8883723020553589
木家具实施国标多数市民尚不知□记者林辉本报讯 5月1日起，《木家具通用技术条件》标准正式实施，实木家具有了“身份证”，消费者在处理相关消费纠纷时有了法律依据。然而，记者采访发现，多数市民对这个新标准不知晓。国家质检总局发布的《木家具通用技术条件》将实木类家具分为全实木家具、实木家具和实木贴面家具三大类，实木含量比例、成分材质都需在家具说明书内标明。新规施行，家具店里的销售人员对此有无了解？前天，记者在欧凯龙、红星美凯龙、中博家具广场等家具卖场走访时，发现绝大多数家具店的销售人员不知道这个新国标。记者随机采访部分选购家具的市民，多数市民表示不清楚这个新国标，希望媒体能多多普及相关知识，以保护消费者的权益。省家具协会的工作人员胡先生告诉记者，该协会受理的消费者投诉中，70%与实木家具有关。胡先生介绍，新的国家标准属推荐性国家标准，并不强制执行。因此，消费者购买实木类家具时，最好在购买合同中标明家具使用材质，以便日后维权。新闻链接：全实木家具即所有的零部件(镜子托板、压条除外)均采用实木锯材或者实木板材制作的家具；实木家具即基材采用实木锯材或实木板材制作的家具；实木贴面家具即基材采用实木锯材或实木板材制作，并在表面贴实木单板或薄木(木皮)的家具。,3,1,0.6923556327819824
木家具新标准今起实施 具体定义各类木制家具今年“五一”，国家质量监督总局和国家标准化管理委员会共同发布的新版《木家具通用技术条件》(GB/T3324-2008)正式实施，明确地对“实木类家具”、“人造板类家具”、“综合类木家具”进行具体定义，家具厂家的生产和消费者的选购都因此有了最权威的指导。 在《木家具通用技术条件》中，木家具、实木类家具、人造板类家具、综合类木家具、实木贴面家具分别被定义如下：木家具：主要部件中装饰件、配件除外，其余采用木材、人造板等木质材料制成的家具。实木类家具：以实木锯材或实木板材为基材制作的、表面经涂饰处理的家具；或在此类基材上采用实木单板式薄木(木皮)贴面后再进行涂饰处理的家具，包括全实木家具、实木家具、实木贴面家具三类。人造板家具：以纤维板、刨花板、胶合板、细木工板、层积材等人造板作为基材制造的家具。综合类家具：基材采用实木、人造板等多种材料混合制作的家具。全实木家具：所有木质零部件(镜子托板、压条除外)均采用实木锯材或者实木板材制造的家具。实木家具：基材采用实木锯材或实木板材制作，表面没有覆面处理的家具。实木贴面家具：基材采用实木锯材或实木板材制作，并在表面贴实木单板或薄木(木皮)的家具。 (来源：房地产时报),3,7,0.5592701435089111
李计忠个人简介中华民族优秀传统文化的优秀传人、易学学者、预测大师、策划专家、世界名人李计忠先生，安徽省宿州人氏，生于一九五三年，现定居海南，并创业于北京、上海、海口三处。李计忠先生现为海口紫竹策划服务公司总经理，东方河洛研究中心总经理，兼任中国易经学院秘书长。并常年受聘于山东鲁能集团、北京建国饭店、海口宝华大酒店、香港金龙群英集团、西洋国际大酒店等三十多家上市公司、集团公司、星级酒店宾馆，担纲经济策划和投资总顾问。是古今易林中屈指可数的佼佼者之一，是现代易坛上最为成功的人士之一。今人李计忠，挟八卦、六爻、四柱、手相、面相、风水等六术于一身，又旁通奇门遁甲、大小六壬之术，更独掌八卦阵法，尤以化煞解灾调运最为有效而见长。他通过各种术数方法的调理和化解，不仅使成千上万的黎民百姓，得以排忧解难，更使几百家企业起死回生、扭亏为盈。对山西省某市所进行的整个城市的风水调理，更开创了当代大型风水的先河。是古今易林中百年难得一现的奇人之一，是现代易坛上最为夺目的星曜之一。 为了实现承传和弘扬《周易》文化的宿愿，他不仅辛苦奔波于海内外三十多家集团公司、星级酒店担纲经营投资策划总顾问，还自力创办 了研用易学的专业机构——东方河洛研究中心，著书立说，教书育人，现已将《一卦多断绝学精典》、《调堪风水绝学七法》等20多部专著奉献于世间。更为《周易》文化培养传人一万，收弟子三千。特别是广传“一卦多断”之法，在海内外掀起了新一轮学易热潮。是当今易林中人弘扬《周易》文化功劳最为卓著者之一，是当今易坛上可堪称“一代宗师”者的大师之一。,3,1,0.5162882208824158
杜邦钛白陆明兰：每个人都应该有节能减排意识主持人：谢谢杨主编的精彩介绍。刚才说了一个特别好的话题，低碳的生活、节能减排的生活、绿色的生活又成为房地产商的大卖点，希望各位房地产商都可以勇争“节能之星”最具品位楼盘评选活动。下面有请来自杜邦钛白科技有限公司总经理陆明兰女士致辞。陆明兰：尊敬的大连实德的张总，各位来宾、朋友们大家下午好！最近房地产市场特别热闹，话题特别多，更多的话题都是今天在说明天要涨还是要跌，房价高还是低，但是在所有的讨论的背后有一个议题，不管是对政府、开发商、消费者，我们共同关心的都是怎么样建质量好的房子，给大家提供有质量保证，对环境更好的住房。我也非常的看到今天的论坛讨论的内容正是怎么样向市场提供大家所需要的质量更好的住房，提供环境友好型的住宅，将节能减排放入到我们通常的议事日程当中，我想对整个房地产市场推动作用意义是非常重大的。很多的行业都非常重要，但是在中国目前的阶段，房地产市场在国民经济当中的地位是特别高的，从各个环节来说，这是为什么呢？我们在这个行业里面要提倡节能减排，我想影响也是非常重大的。大家都知道，在整个的行业当中需要用到各种各样的材料，这些材料都需要各个行业的配合，建材、设备，许多生产部门和劳务相配合才可以做到。杜邦既不做房子，又不生产窗，跟这个有关系吗？实际上我们是在整个产业链比较上游的位置，房地产行业的发展，它会涉及和拉动很多相关行业的发展，这些行业当中杜邦都会有身影在其中。我想杜邦能够在这个行业里面能够和大家共同关注的一个方面，我也很高兴今天杜邦公司参与到这个讨论当中，我也代表杜邦希望在这里和大家有一些探讨。杜邦公司实际是一家以科技创新为主的企业，我们所处的各个不同的产业价值链当中，我们相对是比较上游的，我们所要做的就是怎么样通过我们的产品和技术影响和推动整个产业链上的节能减排，进行可持续发展而努力。今天我们看到的是住房，真正的算到碳排放的时候，是从最初的原始材料算起的，所有的生产过程当中都有，不仅我们的型材在客户用的时候，做成了窗之后对建筑的节能减排，其实我们在型材生产的过程当中也会关注，我们作为杜邦公司很多原材料在上游来讲，我们怎么样看在你的产品从最初到最后整个碳排放，我们在住房的环节里面，也会特别参与进去。我们也讲一下对建筑业的服务，大家对杜邦的了解很多都是杜邦油漆等等，但是我们建筑行业是很大的下游应用行业，这里边也特别有请建筑创新部门的王女士也在这里，我们很多的产品都用在商业建筑、民用建筑，工业建筑的技术当中，比如说我们有透气的膜，还有安全玻璃钢的夹层，大家看美国的大峡谷走道是用玻璃钢做的，我们的产品还包括太阳能电池的一些系统，还有蓄热材料，可以把热量聚集起来使用，还有一些特别的型材，我要特别提到的是钛白粉，其实钛白粉在很多方面都可以用到，所有的这些产品都以各自不同的性能，或者是直接降低建筑物的能耗，或者为建筑物提供一些清洁能源的供应，或者是减少在生产过程当中产生的能耗和排放。我们举一个例子，在上海有一个新的办公室，杜邦的总部，在那里有一些我们的产品，在2008年底的时候，我们就开始用树脂做一些绿色节能的计划，差不多一年时间，我们做了一些比较，有一些节能37%，节水22%，节气25%。房地产行业如何推进节能减排，我们觉得有两方面的想法，一个是我们怎么样利用上下游的联动，确实是根据下游的一些需要做出一些效果特别明显，成本可行的技术改善，另外是消费者层面的传播，怎么样把这个概念传达到消费者里面去，因为消费者会讲环境的事情，现在哥本哈根会议之后，每个人都有这样的意识了，连我的小孩在家里都讲气侯问题，环境问题，但是怎么样让它跟消费者每天的生活联系在一起，这个需要大家共同做一些推广和活动。就上下游联动来讲，我们会让客户关心的是像实德这样做上游的，对房地产来讲，到底产生什么样的影响，以我们做钛白粉来说，对型材又会产生什么样的影响，我们和大家一起开发一些效果更好，价格更适中的门窗给开发商用在建筑上，做一些真正的对环境有帮助的工作。另外关于跟消费者的沟通，我们觉得跟消费者的沟通，怎么样强调呢？节能减排这个环节给消费者带来了什么样真正的实惠，建筑保温性能更好的话，每年可以节约很多电，这是长期的投资。我想在这个基础上要介绍我们在这个节能的环境当中怎么样过低碳生活，这是一个非常流行的语言，讲的大一点是拯救环境，说的直接一点就是为子孙后代造福。我想强调一下与消费者沟通的话题，今天是一个非常好的场合，我如果要看新闻，基本只上新浪网，这个媒体对我们很有帮助，利用这个平台把我们上下游的公司联系在一起，多做一些交流，共同的为人们打造一个健康、绿色的生活环境，同时我们借助这个平台，这个论坛上有很多可以听到消费者的声音，怎么样了解消费者的需求，根据消费者的需求来更加好的开发出一些不仅对环境更好，而且消费者更需要的一些产品。我想在这里提这两点想法是供大家参考的，今天大家在这里发起的“节能之星”最具品位楼盘评选活动是一个很好的开始，真的像大家刚才说的，顺应了哥本哈根刚刚结束的会议议题，我衷心的祝愿今天的活动成功，也祝愿这次活动对房地产行业的节能减排的努力做一个良好的标竿。新年到了，在这里祝各位来宾在新的一年里面事业发展，身体健康，谢谢大家！主持人：再一次感谢陆明兰女士的精彩致辞，刚才讲的也非常好，一般看新闻都会登录到新浪，同时今天的现场是现场直播，所以会有很多的网友大网上留言，现在很多的年轻朋友关注气侯大会，关注气侯对我们生活的影响，其实我本人来说，是通过非常简单的电影《2012》同时看到哥本哈根开气侯大会，过两天看到打起来了，为什么推行的协议突然停止，我们的好奇心一次一次的被吊起来了，然后我们才知道气侯对我们每个人是如此的重要，接下来进行的是“节能之星”最具品位楼盘评选启动仪式，有请大连实德销售集团总裁张杰先生还有新浪乐居房商集团华北地区总经理张晓辉，有请两位先生站到我们启动仪式的旁边，3、2、1…揭幕。谢谢，再次感谢两位启动仪式的嘉宾。现在我们看到在舞台上亮起了非常温暖的灯，这里面是两个小人手搬动一个大房子，也表达了实德集团传达给大家的理念，依靠大连实德的努力一定会给大家一个健康美好的生活，现在我们看到的是非常漂亮的地球，也代表着绿色地球、健康生命，源于绿色。同时我们看到非常温暖的页面，美好的画面，非常浪漫的海面，还有门窗，也代表着我们共同为健康的绿色、美好的未来共同喝采，庆祝新浪乐居和大连实德这次合作更加的环保，更加的健康。实德集团“节能之星”官网落户新浪乐居了，下面我们共同看一下页面。现在我们看到的就是最具品位楼盘的评选，我们也希望越来越多的楼盘可以加入到这个大家庭当中。我们今天的舞台上方的部分到这里启动仪式全部结束，下面有请来自新浪家居主编李燕玲女士上台做嘉宾主持，掌声有请，我们共同进行主题讨论，有请：中国建筑装饰协会信息咨询委秘书长田万良中国房地产协会宣传部主任王惠敏大连实德销售集团总裁张杰杜邦中国钛白事业部总经理陆明兰北京世纪宅建材有限公司董事长粱中锋中新地产集团采购副总监马一丹(论坛部分),3,4,0.5451570749282837
杜�朵花�(图)杜?朵花?： 最佳品牌推广奖 最佳行业贡献奖最佳品牌推广奖：杜兰朵花店、杜兰朵婚礼、杜兰朵咖啡、杜兰朵茶吧。。。在广东东莞，“杜兰朵”这三个字成为了休闲娱乐届的一个响当当的“名牌”，位于市中心的1200平米店铺设计的富丽堂皇，500万投资额和一开始便着眼高端品牌化发展战略的杜兰朵，快速发展成为花艺高端品味消费的代名词，随着杜兰朵三个字含金量的增加，杜兰朵更加走上了多元化发展之路，各个营销市场相互作用相互影响，使得杜兰朵花艺已经成为了一家名副其实的品牌大店。最佳行业贡献奖：第一个吃螃蟹的人是勇敢的，在全国花店业都将奢华大店作为一个遥远的梦时候，杜兰朵花艺领队人杜寒子以超越同行的勇气和胆识，投巨资开办了杜兰朵花艺。因为没有前人经验可以参照，这种探水般的行为其实隐含着很大的不可预测性，也承载着巨大的经营风险，但杜兰朵成功了，业界因此有了一个行业标杆性质的花店，随后杜寒子依然大步走在行业前列，花店多元化发展的探索，也成为了行业内关注和讨论的话题。这种巨大的行业示范作用，使其荣获最佳行业贡献奖项实至名归。图为  全国第一大店 杜兰朵花店外景图为  花店店内装潢考究、布设雅致图为  2009年情人节花束设计,3,6,0.5765012502670288
杨波：2009年红木市场现状与趋势主持人：大家好，我是新京报家居版的记者付娟，在座的很多人我是认识的，但是也有一部分不太熟悉，不知道能不能对上号。今天我们召开这个会议其实就是想把大家同红木品牌的企业聚集到一起，讨论一下红木市场的发展，07、08年的时候我们跟着红木比较紧，07年应该说红木水涨船高，08年受了一点影响，现在09年的状况什么样，我不是很了解，现在就是邀请大家谈论一下09年市场的状况以及未来几年红木市场的预测，我先说第一个问题，首先请各位红木品牌企业谈论一下今年的红木实际情况如何？销售情况如何？首先有请纪总谈一下。纪丽：我是代表吴总过来的，主要是学习的。杨波：我们这个红木市场目前的现状是从过完春节，春节的二月份基本上我们就已经抬头了，2月9日有一个视频的“探究2009”我做过一期节目，对我们这个行业09年做了一些分析，通过07年的下半年，我们这个行业在危机来之前，进入了冰霜的时期，大幅度的不管是我们的产品销售，还有材料价格都一路走低，紧接着金融危机来了以后，一直从典型的紫檀材料下降了300%左右，这个李总应该最有体会。但是今年的春节比以往的春节有一个新的现象，销售突然的明显的好转起来，也可能是通过07下半年到08年一年的冷淡，有的客户，消费群体憋了一年多也憋坏了，看到这个现象感觉应该是抄底的时候了。我可以这么说，对我们红木产业来说，以前也不会有这么好的机会，这个我们几次在媒体上讲过，这次红木的春天的到来，按现在来讲，对消费者来讲，应该是现在最好的时机。原材料通过今年的春节到现在，酸酯应该上涨了30%到50%，紫檀平均来讲应该是50%以上。这一点通过原材料的上涨的速度来看，我们红木产业的希望已经来临了，所以通过一年多的淡季，通过一年多有的机会也应该是做了一些准备。一年多来可以说我们这个行业比其他的行业在金融危机里面受到了重创，按百分比来讲，全国我走过很多的地方，尤其是生产红木的省市，当时来讲，08年年底我们统计应该是到将近50%的企业倒闭。这样的比例应该是其他的行业所没有的，但是倒闭的企业可能是在生产过程中对产品质量、售后服务是一些不负责任的企业，这样我们行业的净化，对我们现有的企业来说，也是一个好事。不管是行业的自身问题，还是金融危机的因素，导致了现在的结局对我们现在的企业是一个大好的时机。一年多冰霜，反思，应该怎么样提高我们的产品质量，整合我们员工的凝聚力，在提高我们的销售业绩，这是我们目前各个企业应该考虑到的事情。目前为止，还有一些在座的企业，可能在生产过程中，还出现一些假冒伪劣的特点。我觉得通过我们这次座谈会也好，论坛也好，通过媒体一方面提醒我们的企业，再一方面是告诫我们的消费者，在购买我们红木家具的时候应该注意哪些事项，首先根据自己的爱好，选择产品的款式，喜欢明式也好，清式也好，根据这个企业做的家具的特点自己选购，还有尽量多走一些，看一些，包括产品的结构和材质，也呼吁我们在座的企业，我们红木行业的企业，要认真对待我们的产品，提高售后服务的质量，其实我们这个行业说起来也只有短短几年的时间，真正的步入这个市场，应该是只有八九年的时间。八九年以前，想买红木家具可能还只能在古玩店、旧货市场买到，通过这几年的发展，以及消费者对我们红木家具的认识，从03年底迅猛的在消费者心目中得到了大的提高，也可能是通过我们自己的实力，还有品位的提升，包括我们的房产也出现了一些中式的房产，本来前途都很好，还有一部分给我们有一些企业当中，算是害群之马，还有使用假、伪，这也是消费者比较关心的事情，希望通过我们这次的论坛，能够对我们行业，还有对消费者做一个报道。我刚才看了一下，包括消费者需要什么样的服务产品，就像刚才我说的，不一定非要生产黄花梨，紫檀的，其实很多低端的产品，材料虽然没有在我们的红木范畴之内，大家有一些材质还是不错的，只要你用好的工艺去生产一些产品来，市场还是很好的。尤其是09年的现在，包括我们的下半年，我认为我们的前途是非常光明的。不光是我们说过去攒下来的客户，包括现在很多在交往过程中提到的一些会所也好，宾馆也好，都在提高他们自己的档次，其实我们现在生产的产品不光是面临普通的消费者，就目前而言，我们的行业前途是非常好的，如果各个企业的规模到了以后，现在也是一种风气，都想自己打造自己的高端的会所，不管是接人还是代物也好 ，在这种情况下，还有很大的需求，现在找到我们的有个别的五星级酒店，也要配套一些，当然了，他们可能是一些酸酯的产品，但是这样一来，对我们的行业发展也是一个大的促进。最后政府的监督管理跟检验，我认为红木行业来讲，还是我们大家自己来把好关，对于自己的产品把好关，对消费者有一个交代，这是我们在座的大家应该认真对待的问题，谢谢大家！,3,1,0.5993390083312988
桑乐金品牌市场假冒伪劣之严正声明安徽桑乐金股份有限公司(以下简称我公司)系国内最大的家用桑拿设备专业厂商，在国内外市场上以“saunaking”和“桑乐金”品牌销售远红外桑拿房、麦饭石桑拿房和便携式桑拿，产品销往美国、德国、芬兰等40多个国家和地区，产销量居亚洲地区首位。自2007年起，我公司面向国内市场，以桑乐金品牌，同步推出“蒸功夫光波离子健身机”和“HomeSPA全能王”两款专利产品，备受消费者欢迎。但近期，我公司发现互联网上有许多不法分子冒用“桑乐金”品牌，用假冒伪劣产品实施非法销售，严重损害了消费者的利益。为此，我公司特郑重声明：一、桑乐金是我公司专有的注册商标，受国家法律保护。二、除我公司官方网站外，我公司未向任何一家网站(网页)进行授权；任何其他以“桑乐金”品牌进行网上销售的都属非法行为。请广大消费者注意辨别。三、我公司郑重警告所有以“桑乐金”品牌进行非法网络销售的当事人，立刻停止非法行为。否则，我公司将诉诸法律，并进一步追究其经济、法律责任。四、桑乐金产品运用最新科技成果，在2008款“排汗运动机”基础上，进行远红外、负氧离子的功能升级，属我公司专利技术，敬请消费者注意鉴别，谨防上当受骗。五、北京地区欲购买“桑乐金”产品请咨询桑乐金北京办事处。,3,6,0.8028848171234131
榕红木家具去年底涨价10%～30%记者从国内高端红木家具生产基地仙游了解到，从去年下半年开始，红木原材料开始上涨，到目前最高涨幅已超50%，价格已接近2007年最高点。受此影响，记者昨日走访福州国际家具城以及二环路多家红木家具店发现，红木家具价格较去年上半年上涨了10%～30%。莆田连天红红木家具有限公司负责人透露，随着楼市、股市回暖，红木家具也开始出现上涨的趋势。去年年初，红木家具市场还很冷清，从四五月份开始，出现了销售小高潮。记者从莆田仙游榜头的红木市场了解到，红木家具上涨缘于红木原材料价格从去年下半年开始大涨，如一级小叶紫檀原材料，去年上半年每吨为30多万元，到现在已涨到60万～70万/吨。福州台江排尾一家红木家具商吴老板称，去年8月份以后，印度小叶紫檀、越南黄花梨等高档红木原材料涨幅超过50%，而老挝红酸枝、非洲鸡翅木等中端红木原材料涨幅在10%～30%。莆田仙游榜头红木市场不少红木家具商称，由于红木稀缺，近几年红木被各界人士追捧，红木家具行情也经历了“暴涨暴跌”。据介绍，由于红木材料商的炒作，到了2007年底，红木价格达到了最高点，随后受金融危机影响，价格又开始暴跌。以红酸枝为例，2007年最高点售价达6万元/吨，到了2009年3月份降到了2.8万元/吨，今年下半年又开始上涨，现在售价达到4.8万元/吨，接近2007年高点。,3,1,0.9960804581642151
8月沪新增贷款大幅反弹房贷增量再创新高郭茹央行上海总部日前发布了8月份上海市货币信贷数据，在7月份沪信贷投放有所回落之后，8月份贷款投放大幅反弹，当月沪新增人民币贷款近400亿元，较7月份增加了一倍多。其中中小商业银行成为放贷主力，占沪上全部新增人民币贷款的七成多。此外，8月份沪个人住房贷款增量再创新高。数据显示，8月份上海市新增人民币各项贷款399.7亿元，较7月多增228.6亿元，同比多增218.1亿元。其中，国有银行贷款增速显著下降，而中小商业银行贷款投放力度则明显加大。上海市中资金融机构当月新增人民币贷款388.2亿元。其中，国有商业银行、中小商业银行和财务公司贷款分别增加57.5亿元、286.3亿元和22.1亿元，同比分别多增5.9亿元、239.4亿元和24.5亿元，中小商业银行贷款增长占比达到了74%。分析人士表示，上半年中小银行贷款投放较国有大行慢，由于利差缩窄导致利润下降更加明显，这使下半年中小银行贷款投放动力更大。此外，经济增长情况的改善也使中小企业的贷款需求开始增加。从人民币贷款种类看，当月短期贷款减少，中长期贷款增加明显。当月沪短期贷款减少115.1亿元，较上月多减28.3亿元，同比多减106.2亿元；中长期贷款增加392.6亿元，同比多增298.3亿元，其中基建贷款和个人中长期消费贷款分别增加53亿元和187.9亿元，同比分别多增44.2亿元和176亿元；票据融资增加94.5亿元(其中3/4为买断式转贴现)，同比多增20.7亿元。此外，沪个人住房贷款增量在8月份再创新高。央行上海总部指出，受上海高档住房交易活跃的影响，中资银行个人住房贷款增量再创新高，当月增加170.2亿元，环比多增55.9亿元，同比多增167.2亿元；其中新建房贷款和二手房贷款分别增加99.4亿元和70.8亿元，同比分别多增105.8亿元和61.4亿元。自今年3月份以来，沪个人住房贷款随着房地产市场的回暖持续攀升，6月、7月分别达到127.1亿元和114.3亿元的较高水平，8月份则呈现再度加快增长势头。     相关新闻：    二套房贷利率收紧 首次购房可不选公积金贷款    上海8月房贷增量再创历史新高    沪上首套房获八成房贷也变难 仅30%获优惠    北京：二套房贷利率优惠政策中止 抑制楼价上涨我要评论,4,1,0.9063985347747803
国土资源部门将严查囤地开发商“知名开发商于2003年至2009年上半年间获得的住宅土地中，目前‘在售’和‘售完’的地块占43%，剩余57%的土地尚未形成实际供应，其中27%的土地‘待开发’，30%的土地‘规划在建’。”这是中原地产(中原地产博客)研究中心近日发布的一项研究报告。这则消息不免让人质疑，“地荒”现象为何屡屡发生？既然土地闲置，为何还会出现楼市短期供应不足，导致房价飙升的状况呢？面对这些疑问，国土资源部有关负责人亮给记者的态度是，“下半年国土资源管理部门除坚持更加严格的用地审批外，还要开展对已审批用地的核查、监管行动，其中将重点查看用地比率、是否存在囤而未建现象。”国土资源部副部长王世元向记者透露，此举目的是，鼓励地方切实加强节约集约用地，就加强节约集约用地，王世元说，国土资源部正在考虑建立奖惩分明的土地节约集约利用评价考核体系，并将其纳入地方干部政绩考核体系，加强监督。“今年以来，由于拉内需保增长的需求以及土地审批程序简化，各地用地量不断增加”，据国土资源部耕地保护司司长朱留华介绍，由于拉动内需还需持续一段时间，因此下半年国土资源部将对已审批用地开展核查、监管行动，并重点查看用地比率。朱留华表示，严查囤地现象是要严堵漏洞，防止借拉动内需为名违法圈地和搭车用地，坚守18亿亩耕地红线，加强批后监管。“下半年国土资源部将重点严查‘囤地’开发商。”是国土资源部透露出来的明确信号。究竟采用什么办法来惩治“囤地”开发商为社会所关注。国土资源部认为，加强土地资源的节约集约利用是治理“囤地”开发商的一个有效办法。王世元表示，我国人均土地资源少，耕地后备资源不足，长期以来，为促进土地的节约集约利用，相关部门在法律政策和措施上进行了完善，配套机制初步建立，但土地资源的节约集约利用是一个需长期研究的课题。王世元认为，要想从根本上转变土地利用方式，需要从制度上构建更加完善的体系。“比如在规划方面，有些节约集约用地政策得不到落实，相关规划存在交叉与缺位并存问题”，王世元认为，在今后更长一个时期，按照节约集约用地的要求，建立一套严格、完整的城乡建设项目规划设计和用地标准是不可缺少的。在市场配置方面，王世元认为，应改革土地使用制度，扩大有偿使用范围，着手探索建立健全城乡统一的土地市场规则，进一步发挥市场机制配置资源的基础性作用。王世元说，按照建立资源节约型社会的要求，各地政府部门应该切实建立起一套考核严格、奖惩分明的土地节约集约利用评价考核体系，加强监管。本报记者 郄建荣本报北京9月13日讯 我要评论,4,7,0.5012354850769043
"房地产信托投资基金(REITs)研讨会圆满结束2009年8月24日下午，代表着国际土地、地产、建造以及环境等诸多方面的国际权威机构---英国皇家特许测量师学会(RICS)和国内房地产行业权威机构--中国房地产估价师与房地产经纪人学会(CIREA)联合举办的房地产信托投资基金(REITs)研讨会正式召开。来自世邦魏理仕(CBRE)、仲量联行(JLL)、戴德梁行(DTZ)、第一太平戴维斯(SAVILLS)、高纬环球(C&W)、渣打房地产、上海八达国瑞等国内外知名公司的高层领导和行业专家齐聚北京。会议通过嘉宾对话的形式，以“房地产信托投资基金(REITs)”为主题，针对REITs产品的物业评估特殊性和操作中应注意的问题展开深入的交流与探讨。此次研讨会以国际化的视角，通过分析REITs在香港、英国、澳洲等地的经营规则、操作规范和多年来的成功与失败经验，立足于中国当前的投资市场、金融体系、信用体系现状，对REITs产品的评估规范与操作规则，以及应对策略等做了深入挖掘与详细分析。现场气氛隆重与热烈，各位专家们积极就各自的国际化专业经验进行交流，使得所有与会人员都对REITs产品有了更为深刻、更为全面的了解。该研讨会的成功举办，体现了RICS和CIREA在国际化交流与合作方面的阶段性成果，并进一步深化了两家学会的合作基础。会后，RICS和CIREA均表示将进一步加强沟通、交流与合作，积极将国际化的专业技术、知识与中国行业特点相结合，从而推动中国房地产业的快速、稳健、有序发展。关于英国皇家特许测量师学会及中国区英国皇家特许测量师学会(Royal Institution of Chartered Surveyors,简称RICS)是全球房地产业的专业指标，是享誉全球、世界顶级的专业性学会，是世界范围不动产事务的最大专业组织，是全球物业(包括房地产、建筑、环境等领域)方面最具权威性的非营利机构，代表国际地产、建造等领域的最高专业水平。RICS的职责是建立、维护和制定职业标准，并且为政府和政策制定者提供公正、公平的咨询建议。RICS的会员遍布全球146个国家，在全球各地的办事机构组成一个强大的服务网络，为会员提供服务支持和职业发展机会。目前，RICS特许测量师学会在中国设有北京、上海、重庆三个办事处，会员主要来自评估、工程项目管理等专业领域的精英。 我要评论",4,1,0.5350801944732666
香港环球贸易广场6名清洁工30层坠下身亡香港消息 香港环球贸易广场建筑工地昨日发生严重事故，一架升降机槽内的工作台意外从高处坠下，造成6人死亡。从30层坠下10层当天下午1时许，6名清洁工人正在一架升降机槽内的工作台上工作，工作台突发意外，从30层坠下10层，导致5名工人死亡、1人受伤。至傍晚时分，证实伤者不治，6人全部死亡。香港特区行政长官曾荫权立即到场了解情况。他表示，这次事故非常严重，已要求有关部门彻查事件起因，并了解死伤者家属的需要，以提供相关协助。发展商将发100万元赔偿香港劳工及福利局局长张建宗表示，这次是极严重的工业意外，感到震惊和哀痛，发展商新鸿基已承诺次日向死者家属发放100万元恩恤赔偿，支付死者的殓葬费，以及为死者的子女提供长远的教育经费。而劳工处也会根据法例协助死者追讨工伤赔偿，每名死者最高可获178万元。新鸿基地产发展副主席兼董事总经理郭炳江也对意外感到难过和痛心，向死者家属致以深切慰问，承诺发放100万元恩恤金，并会竭力协助政府调查意外原因，环球贸易广场也会立刻停工，彻底调查及进行全面安全检查。建造业总工会会务顾问蔡镇华初步怀疑事件是承办商监管疏忽，指引不清晰，并质疑升降机槽是否设有围栏。事故发生后死者家属纷纷赶到医院，他们情绪激动，有家属认尸后更全身瘫痪，要乘坐轮椅离开。综合新华社    相关新闻：   香港建筑工地6名工人从高处坠下死亡    男子擦玻璃随窗扇坠楼身亡    石家庄倒楼事故已致10人遇难3人重伤    上海在建楼倒覆事故7名责任人被批捕我要评论,4,7,0.9995983242988586
城建系统两年万余人涉案新华社讯 最高人民检察院昨天通报了查办城镇建设领域商业贿赂犯罪案件情况。据悉，2007年至2008年两年间，全国检察机关共立案查办城镇建设领域商业贿赂犯罪案件9374件、10043人，其中，涉及国家公务员和处级以上干部要案较多，大案所占比例高，涉案金额大，窝案串案突出。受贿案占立案数的77.3%2007年以来，为认真贯彻落实中央决策部署， 深入推进治理商业贿赂专项工作，最高人民检察院针对工程建设、土地出让、房地产开发等领域官商勾结、权钱交易突出等问题， 组织全国检察机关开展集中查办城镇建设领域商业贿赂犯罪案件工作，成效明显。2007年、2008年两年间， 共立案查办的9374件10043人， 分别占查办商业贿赂犯罪立案总数的45.3%和44.5%。其中，受贿7250件，占查办城镇建设领域商业贿赂犯罪案件立案数的77.3%；行贿1879件，占20%。此外，还有单位受贿61件，对单位行贿22件，单位行贿92件，介绍贿赂70件。案件主要发生在城建领域案件主要发生在城镇基础设施建设、房地产开发、单位所属工程建设、土地出让等领域。据统计，发生在这几个领域的案件7990件，占城镇建设领域商业贿赂犯罪案件总数的85.24%。其中，城镇基础设施建设2999件，单位所属工程建设2881件，土地出让1110件，房地产开发1000件。公务员和处以上干部涉案多据悉，国家公务员和处级以上干部涉案较多，两年共立案查办国家公务员3567人， 占立案总人数的35.5%。其中，党政领导663人，土地管理部门501人， 建设部门705人。查办处级以上要案1266人，占12.6%。涉案金额大大案所占比例高从查办案件情况看， 大案所占比例高，涉案金额大。城镇建设领域商业贿赂犯罪案件涉案总金额18.75亿余元，平均个案涉案金额达20万余元。共查办5万元以上大案6976件，占总数的74.4%；其中，50万元以上案件784件，占41.9%。案件涉及城建各个环节在办案中， 检察机关往往是查处一案、带出一窝、牵出一串，许多案件涉及工程立项、规划、审批、招投标、发包分包、采购、资金拨付、交纳税费和施工管理等多个环节。如广州市检察机关在查办“ 北江大堤加固达标工程”涉嫌职务犯罪案件时， 在该工程中深挖出窝案串案10件10人，其中处级要案2人，且均为大案。隋笑飞我要评论,4,7,0.9952967762947083
洗澡耗时长却减少能耗城市 宁波福州郑州上榜    洗澡耗时长却因热水器环保而减少能耗的城市——宁波、福州、郑州节能热水器(空气能热水器和太阳能热水器)拥有率分别为宁波79.12%、福州70.94%、郑州42.76%，全国其他城市都不到三成；但是，另一方面三地的洗澡耗时超过15分钟的售房者也均超过八成，为全国前三。我要评论,4,3,0.7920579314231873
80后网友千人百元购房计划遇挫 组织者退出  -组织者“布衣”已退出-发起者“可乐”称娱乐过发泄过就够了本报之前连续报道“80后网友千人百元购房”活动，引起网友关注。日前，作为活动方案的主要负责人之一的网友“飙犁布衣”发表博文称，自己退出“千人百元购房计划”，并向活动发起人“可乐”表示了歉意。“飙犁布衣”在其博客里称，退出的原因主要是源于方案制订的失败，“方案确定后可乐在论坛里发表声明，说我们指定的方案违背了他的初衷并有赌彩嫌疑。对此我们只能说非常遗憾。”“布衣”还表示，法律的阻碍也是他们退出的一个关键，“从法律上这个活动的风险很大，我们也不想以身试法。”“布衣”强调，活动的初衷，是要激起各界人士对房价和80后生存现状的关注，“我们买的不是房子，是生存”，“我们很遗憾地说我们已经退出了千人百元购房计划，但是我们也可以很自豪地说我们的声音吼出去了。”作为“千人百元购房计划”活动发起人的北京网友“可乐”在接受本报记者采访时表示，自己对“布衣”退出一事，毫不知情。不过，“可乐”表示自己并不会退出：“我从来都是抱着一种娱乐的心态去对待这个事情。如果方案不成，至少也是一种网络狂欢，我们娱乐了、发泄了，也就够了。”“可乐”表示，网络和媒体的反应远远超出了他的想象，“还有很多别的地方的人表示要效仿”。(记者陆建銮)     相关新闻：    80后小伙欲召集1500人买一套房 抽奖决定归属    80后小伙欲召集千人买一套房追踪    评80后小伙召千人买房：关注创意背后的价值    80后成楼市车市消费新宠儿 父母经济援助为后盾我要评论,4,1,0.6336255669593811
夏宫荣膺世界奢侈品协会授予世界级奢华居所2009年9月15日，被誉为“中国皇脉当代所在”的夏宫在星河湾会所举办了“夏宫荣膺世界奢侈品协会(WLA)授予‘世界级奢华居所’颁奖典礼暨夏宫新闻发布会”。包括世界奢侈品协会(WLA)CEO欧阳坤先生及诸位理事、夏宫开发商秦皇岛市渤洲房地产开发有限公司董事长刘玉舫女士、意大利使馆代表、星河湾代表及多家媒体记者，皆参与了此次发布会。下午3点半，典礼正式开始，在悠扬而隆重的音乐声中，世界奢侈品协会(WLA)的代表将象征夏宫世界级荣誉的“世界级奢华居所”奖授予夏宫。在此，董事长刘玉舫女士发表了获奖感言，她表示：“世界奢侈品协会的会员多为世界奢侈品领域的最顶级品牌，而夏宫作为一个别墅项目荣膺此誉，是我们极大的荣幸，这也同样印证了我们的开发理念的前瞻性，从一开始的开发我们就不仅仅想把它打造成为一个地产项目，而应该是一件艺术品，一件国际顶级的藏品。”世界奢侈品协会(WLA)是世界非营利性组织，遵循国际贸易公约，以规范国际奢侈品市场(包括豪华企业、品牌和奢侈豪华业)，也是国际组织授权，专业从事奢侈品品牌管理、市场调查与鉴定的行业研究机构，建立了关于世界奢侈品的系列国际权威标准和商业规则。据悉，作为世界精英品牌的行业领导者，世界奢侈品协会(WLA)拥有全球最顶尖的700多个各国奢侈品品牌，在业内拥有深远的影响。据透露夏宫是一个镶嵌在有着两千年皇脉历史的北戴河联峰山上，是联峰山除却中直别墅区外唯一的别墅，具有极高的地缘价值稀缺性，可是说这次的荣誉可谓实至名归。 我要评论,4,6,0.9524328112602234
重庆：每平米须缴5元除渣费 物管才让装修新房“每平方米收取5元钱的除渣费，我们认为太贵！想自己除渣，物管公司却不允许我们进屋装修。”昨日上午，沙区双碑鼎盛山水小区兰女士打进本报热线反映，正准备装修新房却受阻，怀胎9月的她为此伤心地哭了好几场。 投诉：物管强收除渣费兰女士说，她自己没工作，老公也给私人打工，家里没多少积蓄，准备简单装修这套建筑面积81.98平方米的还建房，在得知小区以建筑面积每平方米5元钱的标准收取除渣费后，她想自己除渣。不料小区物管方圆物业公司的朱主任不同意，并称不缴纳除渣费就不能进场装修。随后兰女士拿着录音手机在方圆物业公司办公室咨询：“我们如果不缴纳除渣费，是不是不允许装修？”一位女工作人员小声地回答：“是！”随后她补充说，具体情况需要问主任。五分钟后，物管办的朱主任回到办公室，否认了不缴纳除渣费就不允许装修的说法。调查：500余户已缴费昨日记者来到该小区，随机采访了坐在小区内休息的业主，5-28-7的陈姓业主和3-6-3的另一位陈姓业主均承认，物管方说过不缴纳除渣费就不允许装修的话。5-27-6的朱女士说，为了装修新房，她不得不按建筑面积缴纳了300多元的除渣费。物管：不缴除渣费须签协议朱主任对此解释，统一缴纳除渣费，是为了方便管理，每平方米5元除渣费不算贵，业主可自己除渣，不交纳除渣费。“以前其他小区多次出现过业主晚上把建筑垃圾偷偷倒在路边的情况。只要业主和我们签订协议书承诺按规定倒垃圾，他们就可以不缴纳除渣费。”今后他们会做好沟通工作，避免再产生此类误会。据朱主任介绍，小区共有5栋楼房，共900余户业主，目前已有500多户缴纳了除渣费，进行了新房装修。房管局：物管无权阻止业主装修收除渣费合理吗？市房管局物管处的工作人员周先生说，重庆正在起草《物业服务管理收费办法》中的“装修管理费”，会对除渣费给出一个指导价。目前除渣费收取多少是业主和物管方协商定价。目前我市小区的除渣费也基本在每平方米4元至5元间。业主在保证建筑垃圾不乱倒的情况下，也有权不缴纳除渣费，物管方不得强行收取。周先生还表示，物管是无权阻止业主进屋装修的，若遇此事，业主可在各区房管局的物管科进行投诉。(记者 张畅) 我要评论,4,3,0.8844110369682312
颐和原著将成不可复制豪宅典范(组图)易居中国投资控股有限公司董事兼执行总裁、华北区域事业运营总部总经理臧建军在参观后也表示：龙湖颐和原著不是豪宅，是顶级住宅。“看样板间的之前，对里面的功能是不确定的，因为房子做大了之后很可能像个会所。看了样板间之后，发现龙湖在空间的使用度上面做到了把大空间做小，这些东西才是最重要的。由此来说，这个项目将会形成一个标杆，这个产品也会成为龙湖的历史上浓重的一笔。”臧建军感慨道。“豪宅最重要的三个要素地段、环境、声望决定了龙湖颐和原著是不可复制的。龙湖颐和原著全面诠释了‘豪宅至上’的概念，称之为豪宅的不能是郊区的别墅，一定是城市住宅，一个是静，一定要安静，还有一个是境，不是真正的情境，可能是环境，包括人和人之间的环境，周边的环境等。”当代集团总裁姜鹏也在参观后第一时间予以了龙湖·颐和原著项目高度评价。座谈会上，富力地产北京营销中心总经理吴文表示：“看了样板间之后就传递出来的感觉是：这就是一种生活。很多开发商做的样板间有一点像家具卖场那样的，放很多的家具吸引人，但是没有关心到生活所需要的那种细节。但今天参观了颐和原著却完全这种感觉。”我要评论,4,3,0.8235370516777039
十七届中纪委会第四次全体会议公报核心提示：中共第十七届中央纪委第四次全会19日在北京举行，会议公报透露，将把住房、投资、配偶子女从业等情况，列入领导干部必须报告的个人情况，认真解决一批涉及领导干部廉洁自律的突出问题。新华社北京9月19日电 中国共产党第十七届中央纪律检查委员会第四次全体会议公报(2009年9月19日中国共产党第十七届中央纪律检查委员会第四次全体会议通过)中国共产党第十七届中央纪律检查委员会第四次全体会议，于2009年9月19日在北京举行。出席会议的中央纪委委员118人，列席28人。中央纪委常委会主持了会议。这次全会的主要任务是：认真学习贯彻党的十七届四中全会精神，分析研究党的作风建设和反腐倡廉建设面临的形势与任务，深入推进党风廉政建设和反腐败斗争，为加强和改进新形势下党的建设、夺取全面建设小康社会新胜利、开创中国特色社会主义事业新局面提供坚强有力的保证。全会审议通过了贺国强同志代表中央纪委常委会所作的《认真贯彻落实党的十七届四中全会精神，深入推进党风廉政建设和反腐败斗争》的报告。全会认为，党的十七届四中全会是在新中国成立六十周年之际，在应对国际国内重大挑战、推动党和国家事业实现新发展的关键一年召开的一次具有重要意义的会议。会议审议通过的《中共中央关于加强和改进新形势下党的建设若干重大问题的决定》，是指导当前和今后一个时期党的建设的纲领性文件。全会一致拥护十七届四中全会审议通过的《决定》，一致拥护胡锦涛同志在十七届四中全会上的重要讲话。全会强调，党的建设是党领导的伟大事业不断取得胜利的重要法宝。各级党组织和广大党员干部一定要全面领会十七届四中全会精神，进一步增强加强和改进新形势下党的建设的责任感和紧迫感，认真理解执政党建设的基本经验，准确把握党中央对加强和改进新形势下党的建设提出的新部署、新要求，以更加坚决的态度、更加有力的措施，深入扎实地推进党的建设新的伟大工程。全会要求，全国纪检监察系统要迅速掀起学习、宣传、贯彻四中全会精神的热潮，集中时间、集中精力，组织广大纪检监察干部认真学习十七届四中全会文件，紧密结合纪检监察工作实际，在武装头脑、指导实践、推动工作上下功夫，把思想统一到全会精神上来，把力量凝聚到实现全会确定的各项任务上来。各级纪委要在党委的领导下，切实增强政治责任感，认真履行党章赋予的职责，推动十七届四中全会重大部署和各项任务的贯彻落实。按照建设马克思主义学习型政党的要求，加强党性党风党纪教育和反腐倡廉教育；按照坚持和健全民主集中制的要求，加强党内民主建设，保障党员民主权利；按照深化干部人事制度改革的要求，匡正选人用人风气，坚决整治跑官要官、买官卖官、拉票贿选等问题；按照做好抓基层打基础工作的要求，扎实推进基层党风廉政建设；按照弘扬党的优良作风的要求，协助党委抓好党的作风建设；按照加快推进惩治和预防腐败体系建设的要求，在坚决惩治腐败的同时加大教育、监督、改革、制度创新力度，更有效地预防腐败。要按照党建工作责任制的要求，协助党委加强监督检查，严明党的纪律，督促有关部门切实抓好职责范围内的党建工作，保证和促进十七届四中全会精神的贯彻落实。全会指出，党的事业愈发展，党的建设愈深入，党风廉政建设和反腐败工作就愈要抓得紧而又紧。各级纪检监察机关要全面贯彻十七届四中全会关于加强党风廉政建设和反腐败斗争的一系列部署和要求，坚持标本兼治、综合治理、惩防并举、注重预防的方针，认真落实《建立健全惩治和预防腐败体系2008-2012年工作规划》，严格执行党风廉政建设责任制，切实加大查办违纪违法案件力度，坚决查处一批大案要案，严肃查办发生在领导机关和领导干部中滥用职权、贪污贿赂、腐化堕落、失职渎职案件，严肃查办商业贿赂案件和严重侵害群众利益案件，严肃查办群体性事件和重大责任事故背后的腐败案件，保持惩治腐败高压态势；严肃纠正一批损害群众利益的不正之风，切实维护群众切身利益；认真解决一批涉及领导干部廉洁自律的突出问题，依纪依法查处和整治领导干部利用职务便利为本人或特定关系人谋取不正当利益等问题，在认真贯彻落实好《关于领导干部报告个人重大事项的规定》的基础上，把住房、投资、配偶子女从业等情况列入报告内容，加强对配偶子女均已移居国(境)外的公职人员管理；抓紧制定一批反腐倡廉法规制度，提高反腐倡廉制度化、法制化水平；扎实推进一批改革措施，坚持不懈地把党风廉政建设和反腐败工作引向深入。各级纪检监察机关要围绕中心、服务大局，切实加强对中央重大决策部署贯彻执行情况的监督检查；立场坚定、旗帜鲜明，坚决维护党的政治纪律；心系群众、服务人民，切实加强和改进党的作风建设；惩防并举、注重预防，加快推进惩治和预防腐败体系建设；解放思想、与时俱进，以改革创新精神推进纪检监察工作，提高反腐倡廉科学化水平，努力开创党风廉政建设和反腐败斗争新局面，为继续推进党的建设新的伟大工程、继续推动党和国家事业向前发展提供有力保证。全会强调，各级纪检监察机关一定要深刻领会十七届四中全会精神，充分认识加强自身建设的重要性和紧迫性，把它作为一项基础工程切实抓紧抓好，进一步教育和引导广大纪检监察干部切实做到对党和国家无限忠诚、对腐败分子和消极腐败现象坚决斗争、对广大干部和群众关心爱护、对自己和亲属严格要求，努力建设一支政治坚强、公正廉洁、纪律严明、业务精通、作风优良的纪检监察干部队伍，树立纪检监察干部可亲、可信、可敬的良好形象。全会号召，全党同志要更加紧密地团结在以胡锦涛同志为总书记的党中央周围，高举中国特色社会主义伟大旗帜，以邓小平理论和“三个代表”重要思想为指导，深入贯彻落实科学发展观，进一步统一思想、坚定信心，开拓创新、真抓实干，以党风廉政建设和反腐败斗争的新成效，保证党的十七届四中全会精神的贯彻落实。 我要评论,4,7,0.999893069267273
提前还贷潮今年未现李娟即将进入10月，在利率这么低迷的情况下，要不要提前还贷呢？黄小姐看着存折上的15万元，开始盘算起来。以往利率调高之前会引发一波提前还贷潮，今年是不是也适合提前还贷呢？看看银行的人怎么说。记者从工商银行上海分行黄小姐处了解到，今年提前还贷的人并不特别突出，这部分人在每年年初的时候比较多，大部分人都是拿了年终奖和一年的积蓄去提前还贷。春节是每年提前还贷的井喷期，很多人手头多了一笔闲钱，就会考虑先减少住房的压力。从今年的情况来看，现在预约去提前还贷的人并不多，“这一块业务并没有受金融危机的影响，每年的九十月份是楼市比较好的时候，贷款业务比较多，来做提前还贷的人都不太多。”黄小姐表示。“金九银十”是楼市成交的旺季，许多贷款业务都是在每年的第三季度完成的，大部分贷款大概贷多少呢？“从总量来看，首付三成的比例比较高，如果是二套房的话，很多人也会首付四成。”中国建设银行杭州宝石支行个人金融部经理庞涛表示，不过这还是根据个人的实力来看，如果是500万元的一套房子，贷款三成的话，每个月的压力就相当大。一般工薪阶层贷款额度大部分都是在100万元以下。每个月的还款额多少比较合适，“最好每个月不要超过家庭总收入的50%，否则的话压力比较大。以家庭为单位来考虑的话，除了养房，很多家庭还负担养车、孩子教育、赡养老人的费用，如果想要比较舒适的生活，还是控制在收入的一半以内风险较小。”工商银行上海分行相关人士表示。当然，从银行的角度出发，并不赞成许多人“咬紧牙关”贷款，“很多黑名单就是当初以为可以承受，后来工作发生些变动，每个月还贷压力太大导致。”在今年利率这么低的情况下，要不要提前还贷呢？庞涛表示：“最好不要，利率这么低的情况下，可以选择其他的理财方式、理财产品或者做其他领域的投资，投资是可以随时中止的，相对要灵活许多。”他表示，如果今年不调息的话，现在的按揭利率至少可以维持14个月左右，低利率也是做其他投资的好时机。 我要评论,4,1,0.9989965558052063
缩短贷款期限更能节省利息周静雅案例：李本明是北京一家IT公司的销售业务经理，2006年9月在北京北三环某小区购置了一套两居室商品房，使用商业贷款贷了60万元。三年中，利率走高又转低，李先生的每月还贷额也在上上下下波动。眼看还房贷马上满三年了，李先生由于去年业绩突出有一笔不菲的年终奖，加上这几年的积蓄，手上有了20万元的现金。该提前还贷吗？李先生犯难了。因为目前利率7折之后已经降到较低水平，他看专家经常建议不需要提前还贷，可是由于工作繁忙，李先生几乎没有投资渠道，而且销售工作也不是很稳定，接下来李先生夫妇还准备开始要宝宝，他不想做太久“房奴”。理财师建议：“提前还贷不是个新话题，但不管是利率高还是低的时期，购房者都有两难的疑虑。”对于李先生的案例，工商银行某理财师分析称，关键是要在自己承受的经济压力范围内算好经济账。根据该理财师的测算，李本明的60万元贷款期限为20年，需要每月还款3973元。如果在贷款满三年后提前还款20万元的同时缩短还款年限，每月还款3987元，但只需要还款到2018年11月，节省利息支出18.39万元；如果选择减少月还款额，还款期不变的方式，以后每月只需还款2477元，节省利息支出9.96万元。理财师认为，李先生的收入水平在北京处于中等，每月家庭收入只有约1.2万元，考虑到风险偏好和不青睐投资的个人习惯，建议其提前还贷，但由于该家庭固定积蓄不多，建议其还款15万元，留5万存款以备意外之需。由此理财师建议的还款方式为：在10月长假后选择一次性提前还贷15万元，之后每月还贷3971元，还款到2020年8月，节省利息15.4万元。“李先生的这种情况比较好选择，其家庭收入低、风险承受能力低，又没有好的投资渠道，提前还贷是不错的选择。”上述理财师对CBN分析称。提醒：该工行理财师还指出，提前还款的考量因素很多，大的因素包括收入状况和构成、风险偏好、购房者年龄等，小的因素包括贷款方式、提前还贷日期、已还款年限等，每个因素的不同可能就导致还款的不同。该理财师提醒购房者要注意以下几个问题。1.不是所有提前还贷都省钱。当还贷年限已经超过一半，月还款额中本金大于利息时，提前还款的意义已经不大。如果选择部分提前还贷，剩下的贷款应选择缩短贷款期限，而不是减少每月还款额。因为，选择缩短贷款期限可以更有效减少利息的支出。2.等额本息和等额本金提前还贷差异大。一般来说，后者更适合提前还贷。3.提前还贷也有违约金。专家提醒，目前的大多数银行的贷款合同中规定，贷款满一年后才能提前还贷，未满一年要交违约金。有少数银行的年限规定更苛刻，购房者要看清自己签订的贷款合同，如果不满银行要求，还可“货比三家”，多选几家银行。 我要评论,4,1,0.8932273387908936
中纪委要求领导干部增加报告住房和投资等情况中新网北京9月19日电 中共第十七届中央纪委第四次全会19日在北京举行，会议公报透露，将把住房、投资、配偶子女从业等情况，列入领导干部必须报告的个人事项，认真解决一批涉及领导干部廉洁自律的突出问题。公报指出，十七届四中全会审议通过的《关于加强和改进新形势下党的建设若干重大问题的决定》，是指导当前和今后一个时期党的建设的纲领性文件。公报强调，各级纪委要加强党性党风党纪教育和反腐倡廉教育；加强党内民主建设，保障党员民主权利；匡正选人用人风气，坚决整治跑官要官、买官卖官、拉票贿选等问题；扎实推进基层党风廉政建设；协助党委抓好党的作风建设；加大教育、监督、改革、制度创新力度，更有效地预防腐败。 公报指出，党的事业愈发展，党的建设愈深入，党风廉政建设和反腐败工作就愈要抓得紧而又紧。各级纪检监察机关要切实加大查办违纪违法案件力度，坚决查处一批大案要案，严查领导干部滥用职权、贪污贿赂、腐化堕落、失职渎职案件，严查商业贿赂案件和严重侵害群众利益案件，严查群体性事件和重大责任事故背后的腐败案件，保持惩治腐败高压态势；严肃纠正一批损害群众利益的不正之风。公报指出，要认真解决一批涉及领导干部廉洁自律的突出问题，依纪依法查处和整治领导干部利用职务便利为本人或特定关系人谋取不正当利益等问题，在认真贯彻落实好《关于领导干部报告个人重大事项的规定》的基础上，把住房、投资、配偶子女从业等情况列入报告内容，加强对配偶子女均已移居国(境)外的公职人员管理。公报强调，要抓紧制定一批反腐倡廉法规制度，提高反腐倡廉制度化、法制化水平；扎实推进一批改革措施。公报还指出，要努力建设一支政治坚强、公正廉洁、纪律严明、业务精通、作风优良的纪检监察干部队伍，树立纪检监察干部可亲、可信、可敬的良好形象。 我要评论,4,7,0.9996378421783447
内地富豪最喜欢居住十大中国城市之北京2.北京奢侈品牌第二多，北京又开设了好几家新的高档/奢侈品牌，但与上海相比，明显还是不够，很多上海有的奢侈品牌北京也买不到，但不影响北京一线城市的地位。我要评论,4,1,0.7805932760238647
内地富豪最喜欢居住十大中国城市之广州4.广州实力依旧雄厚的奢侈品第四城，丽柏广场，友谊商场的存在，是没有一个城市敢轻视的。广州人的购买力更是让人惊叹。由于地缘关系，广州人有去香港消费的习惯，因此广州本地的奢侈市场的发展或多或少会受到一些影响。我要评论,4,1,0.767423152923584
内地富豪最喜欢居住十大中国城市之成都6.成都成都与重庆一样，做为西部城市的顶级时尚领衔者，非常多的奢侈大牌都在这两个城市内设立中西部重点，成都与重庆辐射的是整一片西部地区，因此在很多奢侈品牌的眼里，这两座代表城市具有西部的中心城市的代表性与中心辐射能力。我要评论,4,5,0.848994255065918
内地富豪最喜欢居住十大中国城市之杭州3.杭州超越广州，成为名副其实的奢侈品第三城，从服饰，皮具，家具，化妆品...许多奢侈品牌已经做到上海，北京，杭州三地才有，甚至某些奢侈品牌已经做到了全国独有。杭州奢侈区之一的湖滨国际名品街也是国内最先进，唯一的顶级商业经营模式，类似于米兰viamontenapoleone等高档商业街区。我要评论,4,5,0.9582718014717102
内地富豪最喜欢居住十大中国城市之深圳5.深圳深圳奢侈品牌也很多，但要比广州少一些，但是奢侈家具品牌却是深圳强项，目前国内奢侈家具类品牌为北京，杭州，深圳三足鼎立的趋势.因为深圳离香港最近，深圳人大部分都去香港消费奢侈品，比例要比同样有去香港消费习惯的广州人要更高一些。我要评论,4,5,0.9354313611984253
内地富豪最喜欢居住十大中国城市之西安9.西安西安中大国际放在全国任何一个城市都是第一流的，西安最近的奢侈市场的蓬勃发展也是非常引人注目，但是西安虽然有两大高级商场中大国际与世纪金花购物中心，销售业绩却在全国并不突出，这使得西安要与成都/重庆在高端领域掰一下手腕，还有待进步与发展。我要评论,4,5,0.7931199073791504
内地富豪最喜欢居住十大中国城市之重庆7.重庆作为西部城市的顶级时尚领衔者，非常多的奢侈大牌都在这两个城市内设立中西部重点，成都与重庆辐射的是整一片西部地区，因此在很多奢侈品牌的眼里，这两座代表城市具有西部的中心城市的代表性与中心辐射能力。我要评论,4,1,0.734784722328186
内地富豪最喜欢居住十大中国城市之青岛8.青岛青岛最近的奢侈品市场极其迅速，很多高档名牌车的专卖店，以及一些奢侈品牌纷纷在青岛落户，使得青岛起到一个山东顶级时尚的引领者的作用更加突出.青岛海信广场最近的奢侈级发展，值得人们关注。我要评论,4,1,0.6761975884437561
"广东8月CPI降幅收窄 专家称可能成年内拐点本报讯(记者/张启通讯员/岳佳综)省物价局日前组织召开价格形势分析会,研判我省8月价格运行情况及未来走势。与会专家指出,8月可能是年内CPI拐点,房地产、汽车、旅游等主要消费行业景气度回升,但农产品价格不会持续大幅上涨。省物价局表示,目前临近建国六十周年庆典,要营造和谐稳定的价格环境,严格控制出台涨价项目,避免调价带来的累加效应。据国家统计局广东调查总队数据,8月我省居民价格消费指数(CPI)连续第7个月出现负增长,同比下降3.1%,但降幅比7月收窄1.1个百分点。汽车消费方面,1-8月我省汽车类零售额大幅增长29.3%,增长幅度远高于消费品零售总额的增长,6、7两月我省乘用车市场则连续出现同比、环比“双增长”的向好信号,表明汽车市场回暖的趋势正在得到巩固。房地产方面,商品房销售持续上升,1-8月全省商品房销售面积同比增长53.1%,增幅比1-7月提高4.3个百分点；销售额增长62.2%,比1-7月提高4.7个百分点。其中8月商品房销售面积环比上涨11%。此外,1-8月全省商品房销售均价同比增长5.9%,比1-7月上涨1.49%。专家认为,宽松的货币政策和投资需求大量入市造成了4月以来商品住房价格的较快上涨,这在一定程度上抑制了市场的自住需求。“目前,政府采取加大对投资需求、违规信贷资金入市的监管力度、打击囤地、囤房行为增加市场供应等措施,预计房价快速上涨的步伐将有所放缓。”旅游业方面,今年上半年,在金融危机和甲流疫情的双重影响下,我省旅游业受到较大冲击。但随着国民旅游休闲计划的启动,以及建设旅游强省一系列政策措施的出台,旅游业开始走出困境。 我要评论",4,1,0.8281674385070801
挪威de森林推介会现场摇号实况（图）主持人：谢谢两位设计师，我特别理解两位的心情，每位设计师任何的作品都像自己的孩子一样，王总也特别有眼光，请到清华大学设计院的设计师们，他们除了具备自己特别优秀的设计方面的才能，两位一位用特别优美的语言，一位用特别质朴的语言特别好的介绍了这个项目。接下来有请北京深长城物业管理有限公司总经理助理葛常勇先生在物业方面给我们解读一下这个项目。 葛常勇：尊敬的各位领导、各位来宾，女士们、先生们下午好，我是北京深长城物业管理有限公司总经理助理葛常勇，参加本次座谈会我感觉非常荣幸，在此我谨代表北京深长城物业管理有限公司对秦皇岛市星光房地产开发有限公司的邀请表示衷心的感谢。深圳长城物业成立于1987年，是国家首批一级资质的全国性专业化的物业服务机构，在北京、天津、合肥等13家区域分公司和8家控股公司，业务遍及全国22个省直辖市，物业类型包括公寓、写字楼、商场、超高层商住等等。过年来，我们长城物业一直秉承服务业主报效社会的服务宗旨，在2005年到2008年度北京以及深圳多家媒体评选中，长城物业获得了京城高管家、十大物业管理金牌公司的称号，2007年长城物业获得了国奥村 (论坛 相册 户型 样板间 地图搜索)的管理权，2009年5月，长城物业成立了集团公司，全面升级服务体系，全力打造SPE暨标准化、专业化、活性化的服务组织，为业主提供安全、整洁、完好、温馨的服务。目前，长城物业已位居全国物业管理行业前三甲，为了实现客户满意经营，我们不断的探索创新服务模式，我们率先实现了阳光物业服务模式，实现了物业管理透明化，对每个项目都制定适合自身运营的模式。针对挪威de森林这个项目，我公司选派最优秀的管理团队，根据本项目的实际情况，比如水岸、森林等特色，量身定制适合本项目的服务体系，在发展商和全体业主的支持下将挪威de森林项目建设成一个美丽、和谐、现代化的人文小区，谢谢大家！主持人：葛总非常干净利落，我觉得物业公司不用过多华丽语言介绍如何做，大家可以具体看表现。今天这么多的专家、设计师、物业公司上台解读这个项目，我想到场的业主对这个项目已经颇有信心，专家的言语、专家的建议都给我们大家增加了信心。接下来进行最重要的环节“摇号环节”首先有请挪威de森林项目总经理王宪凯先生上台为我们介绍一下摇号。 挪威de森林项目总经理王宪凯抓出第一位选房者王宪凯：我就不多说什么了，我代表我们秦皇岛市星光房地产开发有限公司给大家做个承诺，我们公司一定会把挪威de森林这个项目打造成让市场、让客户都认可、都接受的一个精品项目，请大家共同期待。现在我宣布挪威de森林摇号选房活动现在开始。主持人：有请王总抽取今天第一组客户。王宪凯：00039；00091；00089；00067；00087。主持人：下面有请这五位客户跟随我们的工作人员到选房区等候。下面有幸请这位准业主抽取第二组客户。准业主：00068；00020；00073；00059；00011。主持人：尊敬的来宾，下面进行第三组摇号的活动，请上一位准业主，准业主：00093；00069；00095；00098；00088；00099；00038；00070；00096；00097。主持人：有请以上所有号码的客户到我们等候区参加我们的选房活动。下面进行最后一组号码抽取。准业主：00018；00092；00051；00100；00082；00058；00083；00101；00065；00053；00012；00055；00030；00017；00081；00025；00086；00071；00028；00080；00063；00060；00072；00015；00019；00079；00029；00010；00056；00066；00085。主持人：尊敬的来宾，我们所有的顺序都进行产生了，请您参看我们工作人员的记录。本次相约林水间北京纯别墅项目现状研讨会暨挪威de森林推介会到此结束。谢谢各位的光临，再见！(本次活动到此结束）我要评论,4,3,0.9897657036781311
心仪刺激计划支票 各地上演央企争夺战今年以来已有十多个省份在京举办项目推介会孟斯硕作为一揽子经济刺激计划的受益者，央企挥舞着支票四处拿地的镜头为其赚足了眼球；与此同时，一些地方政府则从中嗅出了商机，他们也四处出击，开始了一场央企争夺战。 最新的一个例子是，安徽合肥市日前在京举办一场老城区改造项目推介会，吸引到了多达61家央企，几乎占到现有央企总数135家的近一半。该市主要官员以“只要你愿意来”这样的语气，盛邀这些企业前往合肥投资。推介会京城扎堆 9月19日，安徽合肥市政府在北京举办“合肥市老城区改造项目与央企及全国知名房地产企业对接会”。此次推介会，该市共推介68个项目，涉及土地约1.6万亩，计划总投资150亿元。 当天，安徽省委常委、合肥市委书记孙金龙在为其老城区改造等项目推介时表示：“只要你愿意来，我们会以最快速度净地交付，最快时间为企业办理好各种程序，让企业在最短的时间内真正开工建设。” 合肥市政府的热情，引起了许多央企的兴趣。据了解，当天到会的央企多达61家，其中包括中国城建、华润集团、中化国际、航天科工集团等央企。此外，还有数十家房地产企业也到会表达了投资意向。 据合肥当地媒体报道，不仅仅是此次推介的老城区旧房改造等房地产项目将纳入央企推介的范围，未来合肥将要推出近2000亿元的关于民生的项目，都将采取与央企合作的形式。 “这是安徽省的一个总的举措，要求安徽省每个市都准备出一批项目来与央企对接。”合肥市一位官员告诉记者。事实上，在过去的几个月内，这样的推介会在京已经召开数次。譬如，9月初，湖南省副省长陈肇雄率该省有关部门负责人赴京走访部分中央企业，商讨湖南企业与央企的对接合作；河南省安阳市政府在京也举办“央企暨百家国内知名企业与安阳合作发展座谈会”。早在今年7月，浙江宁波也在京召开了“推进与央企战略合作恳谈会”，中石化、神华集团等180多位中央企业负责人和高层管理人员与会。会议召开的当天，宁波市就从这些央企手中拿走了21个项目、总计330亿元的投资额度。 据不完全统计，今年以来，至少有河北、江西、江苏、甘肃等上十个省份，也都启动了类似的行动。央企、地方求双赢 对于此次合肥推介的老城区改造项目的商业价值，与会的北京一家民营房地产投资公司人士告诉CBN记者，这些项目拿地的成本比较高，而合肥属于二线城市，房价相对较低，因此利润空间很小。 对此，中国水利水电建设集团公司副总经理王彤宙告诉CBN记者：“虽然比较起北京、上海等一线城市，合肥的这些项目利润空间比较小，但是合肥的发展潜力比较大，老城区的基础设施、管网、水电等方面是比较成熟，未来发展起来，不仅会对合肥未来带来很大的变化，这也是中国地产业进入合肥的一个重大的机遇。” 央企与地方政府的合作似乎一拍即合。 “这些央企受益于国家投资计划，拥有充裕的资金，而这些资金在寻求规避通货膨胀风险的出口时，房地产成为最好的选择。从地方上来看，中央投资连续下发四批后，地方对于后续项目的资金支持已经非常困难，项目的建设资金缺口也比较大。地方政府希望通过与央企的合作，来得到资金的支持。”上述北京房地产投资公司人士告诉CBN记者。 而另一方面，央企则期冀背靠更多的地方资源来壮大自己，并使自己在2010年继续留在80到100家央企名单中。 中国城市建设控股集团副总裁葛津直言：“经过金融危机后，国家把很大一块资源都给了央企，从融资角度来讲，央企在资金方面是有优势的。央企要想完成国资委布置的利润目标，在传统行业是很难突破的，而房地产恰恰可以成为利润增长的支撑。”根据财政部日前发布的数据，央企前八个月累计实现利润6031.4亿元，同比下降13.8%。我要评论,4,1,0.9985309839248657
望增建设用地指标 地方高度重视新一轮土地规划叶开尚在修编之中的新一轮土地利用总体规划，为一些渴求用地指标的城市带来了希望。国土部官员表示，今年内将完成大部分省级规划的审查报批。截至目前，共有三个省份的土地利用总体规划(2006～2020 年)获得了国务院的批准，分别是河南、山东和湖北。近日，一位来自中部省份的国土官员对CBN透露，其所在的市(地级市)土地利用总体规划正在修编，即将上报审批。在初步拟定的规划中，该市调整和核减耕地(包括基本农田)约20万亩，希望增加6%的建设用地指标。目前，我国政府坚持18亿亩耕地红线政策，对耕地和基本农田实行严格保护，地方如要征收基本农田或者超过一定数量的耕地需要报批国务院。该官员对CBN强调，这次在规划修编中调整基本农田，并非只是减少面积，还包括对区位进行调整等，符合现行的法律法规。而且，有些基本农田正好位于经济快速发展区域，不在规划修编过程中进行调整，以后极有可能出现保发展和保耕地之间的冲突。省内指标分解有一定自由度中国土地学会顾问王万茂也对CBN表示，在上一轮规划实施过程中，往往出现有地的地方没钱没项目，有钱有项目的地方却没地，这就得调剂，但在这个过程中容易触及红线。所以地方政府对这一轮的土地规划修编比较重视。不过，土地规划修编并不能随意而为。《全国土地利用总体规划纲要(2006～2020年)》已经将耕地和基本农田保有量等指标分解至省级政府，这属于硬性指标，不可轻易改动。如新近获得国务院批准的《湖北省土地利用总体规划(2006~2020年)》就规定，到2020年，湖北省耕地保有量不少于463.13万公顷，基本农田保护面积不少于383.33万公顷，全省城乡建设用地规模控制在106.71万公顷以内，人均城镇工矿用地控制在104平方米。省级政府的土地“总盘子”已定，市县级政府能够做的只能是期望能够分到较大的蛋糕。王万茂认为，国家下达给省级的土地指标是动不了的，而且不允许跨省调剂耕地指标，但省级政府可以对下面的市县一级进行倾斜，“省级规划同样是对市县一级分解土地指标，分解过程有一定的自由度，可以适当向某地倾斜一些。但因为总量要控制，有增的地方就会有减少的地方。”国土部今年2月发布实施的《土地利用总体规划编制审查办法》也规定，省级土地利用总体规划应当重点突出“各区域土地利用的主要方向”和“对市(地)级土地利用的调控”等内容。134份土地规划需报国务院国土部副部长鹿心社今年6月表示，今年三季度要完成大部分省级规划的审查报批，年底前完成大部分报国务院审批的城市土地利用总体规划的审查报批，力争到明年底基本完成地方各级规划修编。一位知情人士对CBN记者透露，新一轮的土地规划修编过程中，需要上报国务院审批的土地利用总体规划数量相比以前有所增加，共计有134个土地利用总体规划需报国务院审批，而其他的市级土地利用总体规划将上报省级政府审批。“这一轮报国务院审批的省级和城市土地利用总体规划总计达到100多个，要在年内基本完成审查报批，时间紧、任务重，工作量非常大。”鹿心社称。王万茂则对土地规划修编的进度表示乐观。他认为今年第三季度完成大部分省级规划的报批问题不大，已经有几个省份获批，其他的省份也在陆续申报审批中。此外，有部分市级的土地规划也上报了国务院。    相关新闻：    国土部点刹建设用地 严控先行用地范围    国土部：建设用地绰绰有余 严查囤地未建现象    国土部核减81个城市1522公顷建设用地    国务院加大供地量 81城市增建设用地增16%我要评论,4,7,0.9499790668487549
河南规定商品房预售款将由银行监管□晚报记者 孙娟 通讯员 何宇本报讯 今后购房者向开发商支付的定金、预付款、保证金等各种款项将直接打入银行监管账户，不再交给开发商随意处置。9月18日下午，市长赵建才主持召开市政府第十二次常务会议，审议并原则通过《郑州市商品房预售款监督管理办法》和《郑州市人民政府关于促进中小企业发展的意见》等。据悉，《郑州市商品房预售款监督管理办法》从商品房预售款监管协议、商品房预售款收入管理、商品房预售款使用管理和责任追究等方面做了具体规定。该办法决定对我市商品房预售款采取商业银行主体监管，政府监督执行的监管模式。这种模式既能有效加强协调监管能力，及时掌握开发企业销售情况，又能保证政府及时掌握监管落实情况。根据监管办法规定，开发商预售商品房前，需先与银行和监管机构签订预售款监管协议，建立预售款监管专用账户。购房者向开发商支付的定金、预付款、保证金等各种款项直接打入银行监管账户。监管账户的资金只能用于本商品房工程建设。政府常务会议认为，此举对于规范我市商品房预售款的监督管理，保证预售款专款专用，保障预售商品房交易当事人的合法权益，维护房地产市场秩序，确保房地产市场稳定运行具有重要意义。市政府相关负责人向记者解释说，对预售资金实行监管后，并不是冻结了开发资金，开发企业依然可以顺利、快捷地使用该项资金，只是受到了相关部门的监督，以确保专款专用、专款专存，避免百姓购房款被挪用。 我要评论,4,1,0.9772455096244812
白领买房最难的12大城市人才竞争日益多元化，高学历、“海归”等人才早已经不稀奇。前段时间北京举行的“海归”专场招聘会上，“海归”研究生的月薪平均水平为3000元，这让很多年轻才俊大吃一惊。那么，年轻人如何评价自己的收入呢，每个城市消费不一样，收入不能横向比较，要考虑当地的物价、交通、人文等综合因素，在这里，本人总结出个较为经典的评价方法，而且与国内好多城市的朋友同学讨论过，基本都得到大家的认可。就是拿自己的收入和当地房价作比较，仅此而已，你不用去考虑很多诸如物价、消费水平等因素，只要自己的月收入高于或等于房屋平均单价，那么在当地就算不错的收入，属于中等偏上了。比如在西安挣4000元，那么这个档次水平相当于在北京8000元。“白领”主要是指：拥有大专以上学历，工作年限在3～10年之间的年轻人群。上海：普通住宅均价在12000元/?以上，所以在上海月工资税后12000元以上算偏高工资，笔者公司在上海开发的楼盘卖40000元/?，别墅卖2亿元，属于豪宅，不能作为比较对象，上海的收入比北京稍高些，但高得不是很多，没有差别。深圳：普房13000元/?，白领月收入8000元左右，压力比北京稍大，和上海相当。天津：普通住宅均价7000～9000元/?左右，这几年房价猛涨，河东区的都上8000元/?了，开发区的房价8000元/?以上，天津的白领月工资一般在3000元左右随着滨海新区的不断开发开放，天津的房价应该还会有很大的上涨空间，因此天津白领压力最大。北京：平均普通房价8000～10000元/?(通州、五环外)，若月工资税后达到8000～10000元，那么在北京工资中算中等偏上，可以算高工资了，当然，我是指年轻的白领阶层(年龄很大的、老总级别的、演艺界等的除外，不适合本规则)，目前大多白领月收入在税前6000～9000元之间，武汉：房价6000元/?，收入税后要达6000元以上才好，不过大多白领月收入在2500元左右。青岛：房价8000元/?，大多年轻才俊的月收入一般3000元左右，所以年轻人在青岛压力很大。青岛开发区的房价也涨得离谱，现在已经达到6000元/?以上，白领的月工资一般是2500元，压力较大。西安：普房4500元/?，大多青年月收入2000元左右，压力比在国内居中。大连：普房6500元/?，年轻人月收入2000元多，压力较大，别提星海湾，那是高档楼盘。太原：普房5000元/?，月收入2000元，压力偏大。石家庄：普房4800元/?，大多月收入2000元以下。成都：房价5500～7000元/?，大多数人的月工资为2000元左右，买房的压力较大，主要是成都地价近年暴涨，最近，二环附近的地价起拍价是4000元/?了，房子若不卖7000/?，开发商就没赚的了。济南：房价也在6000元/m2左右，一般人月收入2500元，比青岛压力小。 我要评论,4,5,0.999002993106842
"银监会摸底土地融资 信贷担保由乱及治-本报记者 张晓赫 北京报道 近日，据一些商业银行地方支行的信息透露，审计署驻地方特派办已经进驻一些大型商业银行分支机构，开始调查4万亿元政策配套项目贷款的资金流向。其中的一个重点工作就是审计一些地方政府担保的“高杠杆”土地融资是否存在违规投放。这已经是银监会信贷摸底后的再次行动。在今年上半年地方政府担保融资异军突起的背景下，如此强力度的排查，已经将监管层的风险担忧心态表露无疑。“不排除一些地方政府担保的项目过分透支政府信用，而缺乏有效的保障，一旦市场状况逆转，就会带来财务风险。”中国银行总行公司业务部人士表示。今年上半年的政府信用担保只是巨大担保融资的冰山一角，对于许多“无依无靠”的房企来说，更多地选择了集团内部连保以及企业间互保的方式。根据WIND中报数据分析，今年上半年，上市公司作为担保方的担保总额占到上市公司总利润的22.1%，为近3年来的最高水平，其中的担保大户不乏中关村、中航地产、深天健等房企。“担保融资一向被视作银行风险防控的潜在威胁，从监管层对地方政府担保融资质量的排查推断，企业间的担保也将会逐步引起重视。”上述中国银行人士表示。担保成风今年下半年以来，无论是规模上、还是频率上，上市房企的担保融资都出现了集中式的爆发。仅在8月末后的一个月内，就有数十家上市房企公布了担保融资方案。从泛海建设、中华企业分别为旗下控股公司担保融资3亿元、4亿元，到华远地产(企业专区,旗下楼盘)大股东为上市公司提供16亿元融资担保，再到新湖中宝与美都控股表示双方将在1亿元额度内实现互保，各房企或上市公司为旗下控股、子公司提供担保；或母公司、大股东为上市公司担保；又或企业间互保。这还不够，上实发展(企业专区,旗下楼盘)、金地、华业地产(企业专区,旗下楼盘)、深深房等也加入到了此番担保融资的大军中。而随着部分房企今年下半年融资计划的披露，更多的担保融资计划浮出水面。金融街在公布的不超过195亿元的新增贷款计划中，有相当部分的融资将通过担保形式完成。“可以通过其他公司担保，也可以通过控股公司担保。”金融街在贷款计划中表述。“只要是已经公告出来的具体项目或者公司担保，肯定就是已经借到钱了。”上海一家上市房企的高管透露。从创3年新高到继续攀升，担保融资为何如此强势？ 银行信贷回落、地产放贷流程趋于严格与房企加大投资，是各房企选择担保融资的最根本原因。本报记者了解，上半年的信贷井喷，已经使信贷大户建设银行、工商银行等银行的年度放贷额度所剩无几。与此同时，银监会对银行资本充足率的重新严格要求，也使得银行手中的钱袋再次收紧。资本金比例下调而导致房企融资杠杆加大，也在一定程度上对银行的信贷风险防控提出了更高的要求。在银监会的授意下，各银行都加强了放贷的全流程监管。一面是银行信贷收缩，另一面却是房企愈发高涨的投资行情。交通银行首席经济学家连平表示，房地产在经历了2008年的行业投资萎缩后，2009年正在经历着又创新高的一轮投资需求。“下半年房地产行业的投资会继续扩大。”中报显示，包括招保万金四大龙头在内的众多房企都纷纷调高了今年下半年的项目开竣工面积以及土地储备目标。在银行信贷收缩而房企投资加大的背景下，各房企很快发现了担保融资的优点所在。上述中国银行人士也表示，放贷机构在融资项目的审核中，存在着很大的信息不对称问题，在遇到不熟悉的、难以预见未来风险的项目时，除了抵押之外，就会要求相关企业进行担保。“尽管企业的声誉很好，但银行对于企业各地的项目公司却不一定熟悉，只有采取连带责任担保，联合上市公司或者母公司的力量才能突破这个瓶颈。”上实发展某办公室人士表示。其实，集团为项目担保除了能提供“稳足快”的资金之外，还意味着融资成本的降低。“有些大房企与银行有战略协议，其中就包含放贷额度、利率上的优惠等。集团进行担保，也是为了能帮助项目公司获得低成本的融资。”上述中国银行人士表示。除此之外，与抵押贷款不同，担保融资的灵活性也是受各房企青睐的原因。“抵押贷款通常都只是用来做项目开发，而担保贷款很多时候都是不规定用途的流动资金补充，这就给了房企较大的资金使用空间。”能通时代投资管理有限公司总经理陈霞说。可以例证的是，在上实发展、华远地产等房企的担保借款中，相当部分的融资去向都选择了补充流动资金。防控当头然而，越来越多的担保融资已经引起了部分人士对投资泡沫增长以及信贷风险扩散的担忧。在部分业内人士看来，房地产行业过多的担保融资不但是推高房价，助长投资泡沫的元凶之一，同时也给银行与上市公司埋下了巨大的财务风险隐患。中央财经大学银行业研究中心主任郭田勇表示，近期的国企地王频现，与国企为其房地产公司提供银行信贷的担保不无关联。“由于大量担保资金而带来的拿地‘豪迈’，不但误导市场对未来房价的预期，更使还未调整到位的中国房地产市场雪上加霜。这在投资需求旺盛的当下，极易推涨投资泡沫。”与此同时，在这种可预想的投资泡沫风险下，银行风险也被提及。尽管本报记者接触的多位银行人士表示，银行不会因为担保而放宽对融资项目的放贷条件、额度以及利率优惠，但在上述中国银行人士看来，此中风险仍是不可忽视。“由于担保融资的项目多是银行不太了解、抵押物不足或者资金回流不够理想的项目，尽管有连带责任担保，但对于银行来说，风险仍是大于抵押贷款。此外，还不排除一些企业利用信息不对称，通过担保，对一些未达信贷标准的项目进行‘空手套白狼’的暗箱操作。”上述中国银行人士不无担心地说。他表示，国内《担保法》出台后运作的时间并不长，现行制度仍然不完善，一旦监管不力，或者将来房地产市场行情逆转，银行则很容易产生坏账。而对于房企来说，担保融资“水能载舟，亦能覆舟”。在市场看来，尽管担保融资减轻了融资压力，但这样却极易形成链条反应，放大房企的财务风险，同时也容易陷入担保纠纷之中。这种风险并非空穴来风。在中关村的发展史上，曾经60亿元的巨额担保一直是其扭亏的巨大障碍。直至今年年中，公司本部累计对外逾期担保金额仍高达3.24亿元。其中对联营、参股公司的逾期担保金额为2.7亿元，控股子公司累计逾期对外担保金额为496.31万元。2007年，高新发展也曾因对外担保问题爆发，使公司的经营陷入了资金匮乏的不利局面，计提了587.76万元的预计负债。点击进入本刊更多内容：（中国房地产报）订阅热线：800-810-0909我要评论",4,1,0.993638813495636
"东海广场一天内3次转卖身价翻番2001年4月，三方达成和解协议：将全部在建项目和土地以资抵债给浦发银行社保部，社保部指定其属下的安联投资有限公司(下称安联公司)受让这笔债权。和解协议特别约定：“如果在两个月内未办理转移登记，则视为本协议未履行，社保部有权向法院申请恢复强制执行”。但安联公司未在两个月内办理转移过户。2001年6月25日，上海市高级人民法院向静安区房地产管理局发出了一份“协助执行通知书”，要求房地产管理局将东海广场转移过户至安联公司名下的同时解除冻结。但安联公司依然未采取行动。与此同时，天怡公司一直在寻找各种途径筹集资金以赎回楼盘，但由于金融风暴的影响，谈好的合作方屡屡变卦。2003年前后，上海房地产业出现明显向好态势。沉寂许久的东海广场又有了动静，安联的施工使一期50层的高楼正式结构封顶。此时的天怡公司也终于筹措到足够资金以偿还债务。张靖特意向本刊记者出示了2004年与印尼首富林绍良在香港签订的协议书。然而，还钱无门。天怡公司向上海市高级人民法院提出履行判决并清偿债务申请，却始终未得到任何答复。之后的峰回路转让天怡公司措手不及。2005年3月24日，张靖在《新闻晨报》第4版忽然发现一文，文称东海广场项目已由上海安联投资发展有限公司转让给了上海开开实业股份有限公司，以后该项目又经历了一系列的转让过户，变为由上海静宇置业有限公司等56位权利人注册登记在案。“东海广场还在我们公司名下，安联根本不是权利人，怎么可以由它转让呢？”张靖气愤不已，多方打听后，他慢慢搞清了整个交易过程的来龙去脉，他将其称为“房产史上前所未有的违法违规行为”。原来，早在2004年11月15日，上海市静安区房地产管理局就为安联公司办理了东海广场的产权转移过户手续。而这一切均是在原权利人天怡公司毫不知情的状况下进行的。此后，安联公司按照相关约定要将东海广场以7.38亿元继续过户给静安区的名牌企业开开集团。但就在此关键时刻，2004年的12月31日，传出了开开实业老总张晨卷款12亿元出逃的消息。此前，张晨借开发烂尾楼成立了上海毕纳高房地产开发有限公司，设局将开开实业、开开集团及三毛派神均拖下了水，东海广场成了不法商人的圈钱工具。东海广场此时若按原计划移交给开开集团，必将被各路讨债人马瓜分殆尽。在相关部门的操作下，这个命运多舛的烂尾楼于2005年1月31日以7.38亿元的价格转到了静安区土控公司。愚人节的资本腾挪这还远非东海广场的最后归宿。2005年4月1日，西方的愚人节，正是在这一天，东海广场竟经历了一天内3次转卖的荒诞交易，身价翻番。先是静安土控公司以7.38亿元平价转让给开开集团，之后是上海绿宇房地产开发有限公司以13亿元的价格从开开手中接盘，再是绿宇以13亿元平价转让给上海静宇置业有限公司。通过这一系列眼花缭乱的操作，开开集团立赚5.6亿元，缓解了张晨卷款后留下的亏空。一位接近静安区政府的人士向《?望东方周刊》描述了当天的“盛况”：“静安区两个副区长，两个房地产局局长(副局长)坐镇，各关联方一共76个人，一起出席了当天的签字大会。两个银行的分行负责人也去了，因为同时要办银行登记手续。做完交易以后，他们还一起大吃了一顿。”“按照程序，楼盘必须过了户才能进行下一步转让，一天交易三次是严重违规的。”张靖愤然道。此外，张靖找律师调查了静安区房屋土地管理局的这一系列过户行为，发现其中多起过户无档案可查，也没有缴纳在建房地产项目过户应交的3%契税。工商资料显示，静宇公司为绿宇公司相对控股的房地产项目公司，其股份比例为绿宇公司占49%，上海精统置业有限公司占46%，上海国际建设总承包有限公司占5%。而后两家公司的控股大股东都是上海精文投资有限公司。根据该公司主页的介绍，“上海精文投资有限公司是中国首家从事政府性文化建设及文化产业投融资的国有独资企业，公司直属中共上海市委宣传部。”本刊记者致电绿宇公司，其综合部经理文颖表示：“这个事情主要是静宇操作的，我没有参与。”本刊记者追问：“静宇不是从绿宇转过去的吗？绿宇不是静宇公司的控股方吗？”文颖答：“这个事我不知道，不在场。”绿宇公司与静宇公司均为浙江绿城集团(企业专区,旗下楼盘)的项目公司。绿城集团企划部的郑女士告诉《?望东方周刊》：“因为东海广场项目不做了，静宇的人都走了，去海南开发新项目了。”最后的归宿？静宇接手东海广场后，也未对项目进行任何开发，而是在一年后的2006年4月，以19.6亿元的价格转卖给了摩根士丹利。完成交易没多久，绿城集团如愿在香港上市。一个蹊跷的细节是，根据静安区房地产登记处2006年8月6日的登记资料，当年6月，大摩并未以自己的名义与静宇公司进行产权交割，而是采用分割交易的办法，以新金宝公司、万琦公司、国翔公司等10个产权人名义，将整栋写字楼纳入囊中。2009年3月，大摩爆发“贿赂门”，中国房地产主管盖斯#zhPoint#彼得森因涉嫌行贿接受美国证监会调查，调查内容就包括东海广场的交易。2006年以来，天怡公司先后对上海市房地局、静安区政府、上海市发改委等提起行政诉讼，而法院对“东海广场”权属之争案件的审理至今未结。张靖想不通，为何自己对该项目投入了全部精力，却一无所获，而从未出力的几家公司却能在一夜之间“空手套白狼”。另一边厢，社保基金对东海广场的投资，曾被内部人士评价为社保基金遭遇的第一次“重大风险”。因为天怡公司一直拒绝就东海广场设立项目公司，浦发社保部的巨额投资不能体现为项目产权，只能采取借款名义。张靖解释说，这是由于前车之鉴：“明天广场、东银大厦，和社保部合作成立项目公司的房产商最后都被逼出局。”大摩接手东海广场后，曾耗资5000多万元对大楼进行了最后的建筑工程收尾和装修。但“上海第一烂尾楼”并未因此起死回生。随着新一轮金融危机的降临，2008年下半年起，大摩开始频频套现在华物业，东海广场再次待价而沽。十余年的兜兜转转中，东海广场几乎与全球绝大多数一线投资商都有过接触，却始终未摘去“上海第一烂尾楼”的称号。这一次，来的是房产界“四大天王”之一的潘石屹。-我要评论",4,1,0.9416224956512451
国土部：上海耕地面积明显减少第二次全国土地调查开始抽查面积变动较大地区早报讯 国务院第二次全国土地调查领导小组办公室将派出10个抽查组，分赴耕地、建设用地面积变化较为明显的10个省区市，对第二次全国土地调查成果进行国家级抽查核实。据介绍，抽查核实自9月21日至28日，分别负责抽查河北、山西、内蒙古、辽宁、上海、江苏、安徽、河南、湖北、广东等10省区市。记者在国土资源部《第二次全国土地调查成果国家级抽查核实工作方案》中看到，上海属于耕地面积明显减少的地区。国土资源部副部长王世元昨日下午在北京举行的“第二次全国土地调查成果国家级抽查核实工作动员会”上指出，这次抽查核实工作是确保二次调查数据真实准确的重要举措。据介绍，本次抽查核实重点对二次调查中耕地、建设用地面积变化明显的地区，开展内、外业调查成果质量检查，评判调查质量。现场检查部分地区耕地、建设用地面积明显增减的真实性，分析原因。发现一批弄虚作假、虚报瞒报以及质量存在重大缺陷的典型案例，为决战年成果质量打假提供依据。全国第二次土地调查，是国务院部署的重大调查，2007年7月1日开始，将于2009年底前完成。2010年1月1日起，各级建设用地报批、土地整理复垦开发项目立项等工作，必须以第二次土地调查结果及政策为依据。 我要评论,4,7,0.9997339844703674
"深圳城管打通城中村生命线近百栋十几层的“握手楼”林立，一幢接着一幢，一排连着一排，一层全部是商家店铺，生意红火，二层以上则是村民和打工者的住宅。狭窄的街巷内，白天人流密集，熙熙攘攘，夜晚灯火通明，胜似白天，这是深圳一个普通“城中村”当下的真实写照。 29年的高速发展，深圳在创造了中国工业化、现代化和城市化奇迹的同时，也催生了“城中村”这种独特现象，在深圳，像这样的“城中村”有320个，占地面积9349万平方米，建筑面积达10561万平方米，居住人口超过500万。在外人看来，它无疑是这个城市的一部分，如同城市中的一个社区，而在城市居民看来，它俨然仍是农村，是与现代城市规划和发展格格不入的一块“异地”。 然而，一个比环境脏乱差更严峻的现实是，“城中村”内管线杂乱不堪、道路狭窄、消防和救护通道严重堵塞，这已成为威胁居住在这里的人们生命和财产安全的重要隐患。据统计，在今年上半年龙岗发生的120起火灾中，就有103起发生在“城中村”，火灾共造成4人死亡,其中3人居住在“城中村”。 2009年6月始，一场以深圳城管为主力部队，以打通生命线为主攻方向的“城中村”综合整治战役在深圳打响。 “四字诀” 锁定整治目标 实际上，在此之前，深圳对“城中村”整治工作一直未有间断，2003年底开展“净畅宁”工程，2004年开展拆除乱搭建“梳理行动”，2005年开始在全市全面开展为期3年以整治架空管线为重点的“城中村”和社区环境综合整治。 但正如深圳市一位副市长所要求的，新一轮“城中村”整治不仅仅是洗脸洗面的问题，而是更带基础性、根本性，要做全身体检，查内脏、查肿瘤，重点是消除消防安全隐患。作为今年深圳市十大民生实事之一，这项艰巨的任务交给了深圳市城管局。兵马未动，粮草先行。为及时解决城中村中存在的消防隐患，市城管局牵头组织对全市“城中村”的现状做了一次全面调查。6月26日，市城管局会同市发展改革局、市财政局、市城改办、市公安局和消防局等相关部门，召开了首次“城中村”综合整治领导小组办公室联席会，就此项工作迫切需要解决的问题进行了认真研究。 深圳市城管局领导介绍说，“城中村”消防安全整治具有很强的专业性、规范性，既牵扯到规划，又牵扯到建设，更重要的是牵扯到消防规范、消防法规的落实。为此，结合城中村的现状，深圳城管局确定了四个字的整治战术，即“拆、治、建、管”。 “拆”，是要把阻碍消防通道的，有严重安全隐患的乱搭建统统拆掉；“治”，是要管线上墙入地，防盗网开逃生口，楼顶要有逃生通道，房中房要有门并打开；“建”，则是要建设消防水池、消防栓，添置消防车辆、消防设备，组建消防队伍；“管”，是严格监管制度，建立有效的工作机制，同时加强对“村”里居民的宣传和引导。 与此同时，《以消防安全治理为重点的新一轮城中村综合整治工作方案》等一批与城中村消防改造相关的文件和技术规范相继出台，为全市范围内的整治工作推进奠定了总体思路和实施办法。 城管局领导表示，针对“城中村”消防隐患突出、村容村貌落后等问题，深圳将以原行政村或自然村为单位，以消防安全治理为重点，在过去3年基本完成全市“城中村”环境综合整治的基础上，结合管线整治和环境改善，从消防安全隐患、完善消防设施、组建消防队伍、健全消防机制入手，开展新一轮的“城中村”综合整治，以大幅度提高“城中村”的消防安全和环境净化水平，加快推进特区内外一体化进程。 典型引路 整治大幕拉开 其实，就在深圳市本轮“城中村”综合战役打响前，深圳城管局曾进行了“典型引路”的尝试，这个典型就是布吉街道。位于关外龙岗区的布吉街道建成区人口密度超过5万人／平方公里，“城中村”居住人口约65万人，村内“握手楼”密集，消防间距严重不足，加上部分群众违章乱搭建，消防通道被严重堵塞，一旦出现火险，蔓延成势而救援无望，后果不堪设想。 试点确定后，市城管局整治督办组多次前往布吉，走村串巷，了解并指导进行“城中村”消防安全整治，现场解决问题。布吉街道也全力以赴，打响了“城中村”消防安全综合整治的战役。目前，该街道已成功整治了长龙综合市场、下水径、新三村等七个片区，打通巷道461条，拆除违章乱搭建16.2万平方米，全面地改善了群众居住环境，极大地消除了消防隐患。此举为全市“城中村”消防安全整治带了好头。 6月10日，一场以消防安全为重点的“城中村”环境综合整治现场会在布吉街道召开，会上，布吉街道介绍了“城中村”消防安全整治的主要经验：以落实《深圳市城中村消防安全治理“七个一”整治要求》为目标，以打通消防通道为突破口，保证“城中村”消防通道“通、畅、整、洁”。这“七个一”分别是：一是每个社区建立了一支消防队。在组建街道消防站和7个社区消防点的基础上，将全街道24个股份合作公司(含社区、居民小组两级)的109名治安员专(兼)职作为义务消防小队队员，配备专业消防器材，实行准军事化管理，24小时待命，随时就近出动扑救火险；二是每个消防队配备一套消防装备。街道拨款采购10辆中、小型消防车和43辆消防摩托车，配备到“城中村”社区消防队，提高火险紧急扑救工作的机动性和高效性。三是每个片区至少有一处消防水源。先后建设375个消防栓，确保每个小区都有消防水源。四是每栋楼至少有一部楼梯通到屋面。确保火险发生时群众能安全逃生。五是确保每套房至少有一个逃生口。六是坚决拆除“房中房”，有效清除出租屋室内消防安全隐患。七是做到每户都有一本防火手册，指导群众安全使用燃气、规范用火用电，介绍逃生自救以及扑救初起火灾等消防知识，增强群众的安全意识，提高群众的自救能力。 随着“七个一”整治目标一一落实，布吉街道“城中村”的消防应急水平有了巨大改善，今年以来，该街道辖区消防安全事故明显下降，1~5月全街道发生火警同比下降15%。看到了典型带来的鲜活效应，深圳各区纷纷召开动员会，组织学习布吉街道的经验模式，并对辖区的整治工作进行了全面部署。与此同时，市城管局派出5个督办组，深入各区各街道，积极协助基层各单位推进相关前期准备工作，通过座谈会、答疑会等方式对基层在推进工作中所面临的问题进行指导和解答。一场围绕消防安全的新一轮“城中村”整治大幕在全市范围内徐徐拉开。 3年彻底打通“城中村”生命通道 由市城管局牵头组织的深圳市“城中村”现状调查显示，目前全市共有待整治单位1427个，而这1427个项目均将按照《深圳市城中村消防安全治理“七个一”整治要求》的规定，完全打通每个“城中村”的生命通道。据市政府下发的《以消防安全治理为重点的新一轮城中村综合整治工作方案》要求，深圳城管局为此一轮“城中村”综合整治确定了3年完成的时间表：2009年先对消防安全隐患特别突出的“城中村”进行整治，全年完成40%以上“城中村”的整治任务；2010年在总结经验的基础上，针对消防安全隐患相对突出的“城中村”，再完成40%以上“城中村”的整治任务；2011年底前全面完成整治任务，并巩固整治成果。 据悉，目前深圳市城管局正与市发改委、市城改办、市公安消防局等有关部门协调沟通，做好工作机构的完善、运作机制的建立及整治资金和工作经费的筹划与申拨等基础保障工作。而不久前，在市城管局牵头组织下，深圳各区在调查摸底和数据统计的基础上，已将今年的整治项目计划上报完毕，经市城管局初步审核及统筹平衡后，正式报市发改委申请下达项目的建设资金。此外，市公安消防局也已按照联席会议精神，派遣专人到市城管局驻点，配合开展消防安全整治的相关工作。 在本次新一轮“城中村”综合整治工作中，包括城管局在内由诸多职能部门组建的“城中村”综合整治工作领导小组已派出技术指导人员深入到每一个“城中村”，对相关专业领域的工作做到全程跟踪，参与和指导整治工作的全过程。同时，在后续管理方面，深圳希望积极推广物业管理进社区的做法，通过改变旧有的物业管理模式，提高“城中村”管理水平，帮助和促进“城中村”居民旧的生活方式发生积极改变，从而确保“城中村”的长治久安。而届时，深圳将有望一改“城中村”的旧貌，把散落在城市各处的“城中村”打造成一个个“干净整洁、安全有序、街道畅通、市政设施齐全”的现代化城区。 我要评论",4,7,0.6869217157363892
第二次全国土地调查抽查核实工作启动中新网北京九月二十一日电(记者 阮煜琳)国务院第二次全国土地调查领导小组办公室将派出10个抽查组，分赴耕地、建设用地面积变化较为明显的10个省区市，对第二次全国土地调查成果进行国家级抽查核实。据介绍，抽查核实自9月21日至28日，由全国土地调查办统一组织，共分10个组，分别负责抽查河北、山西、内蒙古、辽宁、上海、江苏、安徽、河南、湖北、广东等10省区市。国土资源部副部长王世元21日下午在北京举行的“第二次全国土地调查成果国家级抽查核实工作动员会”上指出，这次抽查核实工作是确保二次调查数据真实准确的重要举措。这次抽查核实工作，要对照全国统一的规程规范，实地检查对照，对发现的问题进行全面整改，对弄虚作假的行为严肃查处。确保二次调查数据成果的真实准确性。王世元强调，各抽查组要严格按照《工作方案》确定的抽查内容和程序方法，对被抽查省份二次调查工作中的突出问题，进行重点检查。切实掌握地方二次调查中耕地和建设用地情况。要挖掘典型案例，重申国家对数据成果质量。据介绍，本次抽查核实重点对二次调查中耕地、建设用地面积变化明显的地区，开展内、外业调查成果质量检查，评判调查质量。现场检查部分地区耕地、建设用地面积明显增减的真实性，分析原因。发现一批弄虚作假、虚报瞒报以及质量存在重大缺陷的典型案例，为决战年成果质量打假提供依据。我要评论,4,7,0.9997870326042175
国土部摸底土地储备 专家呼吁土储改革本报记者 杨丽萍 北京报道“地王”、囤地、房价波动，房地产乱象对土地储备供应制度提出新的考验。近日，国土资源部下发的一份《关于开展土地储备制度建设和运行情况调查的紧急通知》(下称《通知》)。《通知》将对各地土地的储备、供应、金融、监管以及制度建设等进行多方位的调研。业内人士则把此次《通知》视作是对全国土地供应的“家底”大调查。记者获悉，《通知》已于月初下发至各地，要求地方政府上报的数据年份为2006年至2008年三年，调查后相关数据将在下月上报国土资源部。储备规模偏大？“此次调查应该说来得比较及时。”9月22日，中国人民大学土地管理系教授严金明在接受本报记者采访时坦言，房地产经过多年的快速发展，在土地储备供应环节已经隐现出了一些不容忽视的弊端。严金明指出，目前地方政府的土地储备有偏大的倾向。记者在该《通知》中也看到，至少有三项内容都涉及到土地储备规模，比如，第一项就是2006-2008年分年度建设用地供应总量、结构及来源于储备土地的情况，第四项则是调研2006-2009年分年度土地储备计划制定及执行情况，第五项是2006-2008年分年度土地征收纳入储备总规模、安置补偿总费用及补偿费用落实等情况。严金明透露，地方土地储备最早的定位主要是存量建设用地，即一些破产企业的闲置用地以及旧城改造等的建设用地，但近几年来，一个明显的变化就是土地储备扩大了新增建设用地即预征土地的规模。“在没有建设项目的情况下预征大量土地容易造成土地的荒芜，在储备环节就开始对土地资源浪费，也带来了不好的社会影响。”严金明认为，土地储备应是有计划的，是10年、20年的合理规划，而不是一年两年的事。“主管部门是否需要对土地储备本身的定位进行适度调整。”“在没有建设项目的情况下预征大量土地容易造成土地的荒芜，在储备环节就开始对土地资源浪费，也带来了不好的社会影响。”严金明认为，土地储备应是有计划的，是10年、20年的合理规划，而不是一年两年的事。“主管部门是否需要对土地储备本身的定位进行适度调整。”实际上，从正在逐年加大的土地储备投入也可看出其中端倪。“一级城市每年在土地储备方面的投入已经上千亿元，不少二线城市这个规模也达到几百亿元之多。”以北京为例。根据北京市国土资源局的部署，2009年，北京市土地储备开发投资总规模达到1000亿元，计划年度新增储备开发土地1800公顷，计划年度完成开发土地3300公顷，计划年末结存土地9000公顷。而去年北京新增土地储备开发面积2800公顷，土地储备开发资金需求约为800亿元。一位不愿透露姓名的二线城市土地部门工作人员坦言，二线城市在储备环节上的土地闲置情况比一线城市更为严重。严金明还指出，土地的大量储备也容易让金融风险集中化。“目前，地王频现，房价高位运行，一旦国家宏调政策转向，房地产泡沫破灭，土地储备的金融风险或可体现出来。” 据了解，今年，北京市土地储备中心就分别与中国工商银行、国家开发银行、中国农业银行等12家银行建立融资关系，共取得银行授信资金额度1245亿元。记者在《通知》中也看到，国土资源部也将对截至2009年7月31日储备机构举借商业银行及其他金融机构贷款余额情况进行调查。经营色彩偏重一直以来，地价助推房价的质疑从未停歇，地方政府显然承担着调控地价的责任。严金明直言，在土地储备供应环节，政府经营的色彩过于浓重。“一块土地从征地到出让的价格相差非常大，从几倍到几十倍不等。”严金明指出，土地净收益在土地从一级市场走向二级市场的过程中通常都会被作了“技术处理。”记者从一位土地部门的知情人士处了解到了这种“技术处理”的路径：如果一块土地的一级开发是由区县政府来做，由于最终的土地收益是由市、区县两级政府进行分配，市一级政府分得部分较多，使得很多区、县政府刻意把土地一级开发成本做大，以取得更多的土地收益，一块土地的账面净收益实际上是小于该块土地的实际净收益。“同样的道理也适用于一级土地开发是房企的情况，把一级土地成本做大，土地一级开发企业更容易取得该块土地，一部分土地净收益也会因此被隐藏。”土地储备环节的几轮“加价”，加之招拍挂中开发商的非理性疯抢，“地王”产生似乎也不足为奇。根据《通知》，国土部要求各省级政府要以建立土地储备制度的市、县(含独立于设区市本级的区)为调查单元开展调查，调查完成后，以纸质和电子方式逐级汇总相关数据。国土部还将选择部分城市进行实地调研。 这位土地部门的知情人士预测，土地收益总量数据基本来源于地方财政部门的统计，国土部层面对于地方通过土地储备机构获得的土地出让价款并未完全掌握，如果此次“摸底”执行彻底，来自区、县一级土地净收益或将浮出水面，这将有利于地方政府了解土地收益乃至地价的真实现状。严金明认为，地方政府不能把土地储备完全搞成土地经营，而忽略公共利益。“追求利润不应成为政府的主要目标。”记者也注意到，虽然该《通知》只字未提“囤地”，然而，《通知》明确了将对2006-2008年分年度建设用地供应总量、结构及来源于储备土地的情况进行调研。一旦该数据出炉，与已开发土地相比，开发商的“囤地”现状将一览无余。“目前，地方政府加大土地供应力度用以抑制高房价无可厚非，但土地供出为什么不能形成有效供应？土地两年不开发便收回的政策已大打折扣。”严金明感言，土地储备制度需要一场很大的变革。     相关新闻：    国土部摸查地方土地储备 三年卖地收入需上报    摸底土地储备 国土部整饬囤地    土地储备制度不应弱化而应完善    房企齐又发债融资 增加土地储备是关键我要评论,4,7,0.9662975668907166
新浪乐居全国博客主管王彩霞发言(图)主持人 何涛：接下来介绍我们的第三把利器，大家知道新浪博客的点击量是非常高的，我们有一群非常充实的博客友，也有非常好的写手，大家对新闻的内容和楼市的想 法都在这里发表了，大家都在新浪开博了吗？如果没有的话，要抓紧时间开通，下面有请全国博客主管王彩霞介绍我们的新浪博客第三大利器。有请。王彩霞：各位好，我是新浪乐居负责博客的王彩霞，今天非常荣幸跟大家分享新浪网新推出的创新产品“微博”。首先我简单介绍一下微博。我们可以把微博理解为微型博客或者一句话博客。微博和博客相比有哪些优势呢？有很多，微博不需要长篇大论， 可以把我们看到的，想到的用一句话或者一个图片用手机或者电脑发到微博里面，另外我们可以使用微博的关注功能关注我们的亲朋好友，他们说的话会出现我们自己的微博首页 内，让我们第一时间知道他们的所思所想，关注我的微博的朋友还可以第一时间知道这些信息，和我们一起分享、讨论。微博是一个互动产品，它除了拥有所有互动产品都有的分享、交流、互动的优势之外，我又总结了几点，这几点看起来都比较感性，都是我自己开微博的一些感受。第一点，微博可以满足我们的倾诉欲望。大家都很忙，经常会有倾诉的欲望，但是我们的朋友或者太远或者太忙，怎么办呢？现在大家可以使用微博。我们可以邀请亲朋好友一起用，我们在微博发出的任何信息都第一时间到达他们的微博里面，他们可以对我们的心情进行回应。第二点，微博可以满足我们被关注的欲望。第三点，微博可满足我们的窥探欲。哈，都别否认，我们对于一些名人或者明星还是很好奇的，他们的生活和我们有何不同？会不会也会像我们一样经常牙疼？呵呵，新浪已经有了一大批的名人入驻微博，李开复、潘石屹、张颐武、易建联、易中天，甚至李宇春、芙蓉姐姐，都在通过微博发表他们的生活感悟和最新动态。上面谈到的几点都是根据我个人的使用感受总结出来的，比较感性。下面谈一下相对于博客来说微博的一些功能优势：    第四：微博可使我们和偶像近距离互动。我关注的名人不太多，但是路金波是我比较喜欢的一个。当年他用笔名李寻欢写的《迷失在网络与现实之间的爱情》曾让我感动了好久。我关注了他，并且经常给他的微博发表评论，有一天我发现他竟然回复了我的评论。那种感觉，非常美妙。    第五：微博杜绝长篇大论，一句话可成文。大家都很忙，没有时间或者沉静不下来长篇大论的写博客，微博正是杜绝长篇大论，引导大家用简短语言言简意赅的表达自己。    第六，微博使用非常便捷，短信或者彩信即可发微博。下面简单的说一下微博的使用方法。新浪微博在设计的时候比较注重用户的体验和使用的便捷，所以使用起来是比较方便的。我简单的过一下。    第一、注册，登陆新浪微博首页，如果已经有新浪博客的帐户可以用这个密码进行开通，如果没有的话，需要打开新浪微博的首页进 行邮箱注册您的相关信息。现在新浪微博还是测试阶段，你必须要注册才可以使用新浪微博，大家开通之后，你们就可以在邮箱里面获得提示，给你们的亲朋好友发邀请信。如何绑定手机，你可以 点击手机W，然后输入自己的手机号，可以发出微博。可以通过发彩信和短信到一个固定的微博里面，“关注他们”只要你喜欢就可以关注对方，操作也是非常的简单，第一时间 可以关注微博的内容。对于精彩微博可以登陆精彩微博转发到自己的微博中。只要对方是你的粉丝就可以发私信给他，私信只有微博博主才可以收到。“关联博客”这是新浪微博 非常关注的一点，我们可以关联的不仅是新浪的博客，还可以关联百度、天涯，其他网站的博客，第一次我们做到了“世界的大同”。关于新浪微博的介绍就到这里，晚一点，我们根据大家的名片邮箱给大家发邀请信，希望各位成为新浪微博的第一批用户，希望在马上到来的冬天微博会给大家带来的温暖主持人 邢晓利：这个微博也是我们新浪内测的产品，就像彩霞说的希望在即将到来的冬天给大家带来温暖。我要评论,4,3,0.9335517883300781
法人代表疑似潜逃 深圳顺驰或关门每经记者 翟敏 发自深圳在顺驰置业的门店内，“永远值得您信赖”的标语依旧醒目，不过此时，这样的豪言壮语在其深圳员工看来，已失去意义，反而有了几分讽刺的意味。顺驰置业深圳公司近日被曝拖欠员工工资，相关负责人涉嫌 “携款潜逃”，遭到员工集体投诉并已上告法院，而其旗下仅有的6家门店也岌岌可危。被曝拖欠员工工资“曾经的憧憬！曾经的向往！怀念我们的团队！心酸、苦辣，都留在这3年～4年的光阴里，一切的一切都成为了回忆……”或许这句话能够表现出员工此时对顺驰的失望。昨日，《每日经济新闻(每日经济新闻博客)》接到报料称“深圳顺驰法人代表携款逃跑”，记者随即来到了深圳顺驰不动产网络有限公司位于南山区南海大道西海岸大厦的深圳总部。总部内氛围低沉，无人上前招呼，办公室内仍有四五名员工在此“上班”。当记者表明身份之后，员工纷纷表示“网上很多东西，自己去看”、“现在敏感时期，我们不方便讲话”、“都这样的状况，谁还有心思上班”等。其中一名员工告诉记者，之所以还在“正常上班”，是为了不留下“无故旷工”的把柄，因为到目前为止还没有得到公司的任何回应，工资不发，却又没有说法，要是不来上班，担心公司会利用这个“罪名”逃脱责任。顺驰深圳公司内部员工透露，自2004年深圳公司经营到今年，总共亏损了2000多万元，深圳公司的6个分行门面总共欠租金近10万元，除此之外，顺驰集团还欠下了83名员工的一个月薪水及赔偿金总计近60万元。知情人士透露，17日上午，天津顺驰集团一名副总裁和深圳分公司法人代表强迫财务人员打开公司保险柜，欲取走公司公章和财务账款，遭到员工阻止。不少员工称，深圳顺驰置业最近要关门的消息在员工间疯传，而天津顺驰集团委派新的深圳公司法人代表则加剧了这种担心。据了解，9月4日，天津顺驰集团总部从天津派出新人前往深圳担任公司新的法人代表，任职的第一天就召开了紧急会议，撤掉了原深圳地区的总经理，并且，当天就对深圳6家门店的资产进行盘点。知情者还称，9月8日，财务部门的员工无意间发现相关领导发给天津集团领导的一份报告，报告详细透露了怎样一步步让员工主动离职、关闭深圳公司的计划。曾豪言欲坐“头把交椅”顺驰的官方网站显示，顺驰(中国)不动产网络集团成立于1994年，具有房地产经纪机构一级资质，是一家专门从事房地产营销及相关服务的大型全国化企业集团。从2003年初，顺驰(中国)不动产网络集团开始全国化发展，目前已进入天津、北京、广州、深圳等城市，在全国拥有近800家连锁店和7000名员工。2004年12月1日，总部在天津的顺驰置业在深圳的首批10家门店正式开业，并表示在未来几年内，顺驰置业在深圳的发展将确保每年新开60家门店。昨日，《每日经济新闻》记者在其深圳总部观察，“2006年市民最喜爱的口碑中介”等荣誉牌匾挂在办公室显要位置，格外醒目。可是谁也不曾想到，正是这家当年声称 “两年内要抢占深圳二手楼市场‘头把交椅’”的公司，却会今天走到了拖欠员工工资并被告上法院的地步。今年9月，深圳顺驰置业面临难以为继的状况，不但只剩下6家门店，而且在约定发放工资及员工辞退赔偿金的当天，集团副总裁及新上任的法人代表却被曝携带14枚公章及公司若干账款“潜逃”。记者昨日来到位于深圳南山区的一家顺驰门店，该店员工虽然都在办公室内，却毫无工作的迹象，房屋内连灯也未开。一位员工表示，“谁都不愿意看到这样的事情发生，感觉很失望。”据称，顺驰员工目前已选出代表，并将相关材料提交至法院。当被问及“如果事情解决，还是否会在顺驰继续做下去”时，一位员工略显迷茫地表示“不知道，要看问题解决得如何。”截至昨日记者发稿，顺驰方面仍未对深圳公司“欠薪”一事作任何回复，记者多方联系顺驰集团相关负责人未果。不过，顺驰深圳公司内部人士向记者表示，顺驰总部已经派出两名律师前往深圳，但至今尚未出面与员工联系。对行业影响有限顺驰深圳关门倒闭，很容易让人联想起2007年倒闭的中天置业。2007年，中原、中天、世华、创辉等公司门店数量一路猛升，但后果也十分严重，中天置业门店一夜倒闭，紧接着是创辉瘦身，随后长河地产关闭了全部门店，其他中介也纷纷缩减门店。时至今日，不少中介对2008年的教训仍然心有余悸。而2009年的深圳地产中介行业，表面与2007年看上去十分相似。记者采访过程中粗略统计，深圳上半年新增店铺规模已经超过百家以上。受上半年房地产市场整体向好以及二手房成交势头旺盛的影响，深圳不少老牌中介商，纷纷开铺扩张，行业外资本也分外眼红，竞相入市开店抢得一杯羹。不少人担心，顺驰眼下的困境，是否预示着中介行业面临拐点？中介行业是否面临着2007年相似的压力？对此，业内人士分析称，目前市场与2007年完全不同，顺驰一家公司出现的困境，并不会给整个行业带来太大影响。中原地产(中原地产博客)总经理李耀智(李耀智博客)昨日在接受《每日经济新闻》记者采访时表示，今年上半年确实有很多店铺扩张较快，但步伐相比2007年有所控制。而成交量虽然经过了一段时间的紧缩，目前平稳恢复。对于顺驰面临的困难，李耀智认为，当下的情况和2007年的中天置业不可同日而语。很多小的中介商在深圳店铺并不多，并不会对行业产生较大影响。他称整个行业最为主要的还是取决于国家政策的走向。 我要评论,4,1,0.8278458118438721
40位千万富翁赴美抄底购房 或成烫手山芋有中国首个美国抄底购房团之称的赴美购房团，昨天下午1时40分由首都机场启程赴美。这个团有近40名成员，大部分为专业人士、身家全部超过千万元。他们将于当地时间25日正式开始在洛杉矶、拉斯维加斯、旧金山、波士顿、纽约5个城市共11天的看房活动。 千万身家富豪团第一批赴美购房团总共由40名团员组成，是在400余名报名者中精心挑选出来的。相关人士告诉记者，这批团员来自全国各地，团员分别来自山东、江苏、大连、杭州、深圳、北京、重庆、上海等地，尤以北京、上海两地人数最多，其中上海地区占了5个名额。新闻稿称，从报名者填写的资料来看，大部分报名者身家在1000万元级别。年龄主要集中在35-50岁之间，大部分是房地产、商业服务、商业零售企业、跨国公司的高管，其中三分之二的人购房目的是为投资或自住。首批成员的主要目的是希望了解市场的行情，熟悉当地的流程和法律规范等，会选择一些下降幅度较大、有升值前景的住宅购买，暂无考虑其他类型非住宅物业的意向。多数人员为专业人士莫天全称，这批抄底团大部分都有专业背景，在主办方提到的名单中，多数人员工作单位出自某某置业有限公司、某某投资管理公司等，考察低谷期的美国楼市成为其为中国业务吸取经验的一大手段。另外，在第一批共40名团员中，约有1/4的人本身就持有美国绿卡或美国的商务护照。据介绍，购房团中约有1/3的成员是为了孩子读书而购买较低价格的房产，就近陪读。弹：小心买回烫手山芋深圳综合开发院旅游和地产研究中心主任宋丁：目前美国经济萧条而且并没有走出低迷的趋势，如果在经济下行的过程中投资房地产，其实风险很大，因为美国现在的经济还未跌入谷底，很难预计投资的房产将来是否会继续下跌，所以投资需要谨慎。美国公寓管理费很高，一套普通的二居室公寓，每月的管理费用约在500~1000美元，同时维护成本也是不容忽视的。在美国买房不贵，但是每年的房产税可不低，目前各州房产税率不一，一般按照估价总值的1%~6%进行征收。如果了解得不清楚，很可能买了之后如同“烫手山芋”。 我要评论,4,1,0.9012960195541382
原温州开发区规划建设局局长涉嫌受贿被诉中新网温州9月25日电(记者 袁爽 通讯员 心土)原温州市经济技术开发区规划建设局局长郑启明利用职务之便为他人谋取利益，非法收受他人财物达1045000元。目前，浙江省温州泰顺县人民法院受理了被告人郑启明涉嫌犯受贿罪一案。现年51岁的被告人郑启明，是原温州市经济技术开发区规划建设局局长，龙湾区第六届人大代表。据公诉机关指控，2001年，温州家景房地产开发有限公司成立，并在温州经济技术开发区开发“家景花园”房地产项目。“家景花园”房地产项目在土地、规划、建设等审批手续方面得到时任温州技术开发区规划建设局局长郑启明的支持。2003年初的某日，被告人郑启明向温州家景房地产开发有限公司董事长薛某某提出介绍家景花园项目的配套电梯工程。薛某某为感谢被告人郑启明之前的支持，并希望在项目后期的建设、房管审批手续等方面能继续得到其关照和支持，在未使用郑启明推荐的电梯项目的情况下，于2003年4月11日以“电梯利润包干”的形式送给被告人郑启明100万元人民币，郑启明予以收受。温州中环置业股份有限公司(前身为温州民营工业区建设股份有限公司)对温州经济技术开发区15号、16号地块(即名人花园项目)进行开发，在用地功能改变等有关手续审批方面得到时任温州经济技术开发区规划建设局局长郑启明的关照和支持。从2003年至2009年，该公司董事长李某某为表示感谢，并希望能继续得到被告人郑启明的关照，先后八次送给被告人郑启明“好又多”银行购物卡和现金合计人民币45000元，被告人郑启明均予以收受。5月28日，被告人郑启明被温州市公安局刑事拘留，经温州市人民检察院批准，于6月11日被依法逮捕。案发后，被告人郑启明主动退还赃款人民币1045000元。公诉机关认为，被告人郑启明在担任温州市经济技术开发区规划建设局局长期间，利用职务上的便利，为他人谋取利益，非法收受他人财物1045000元，其行为已触犯刑法，应当以受贿罪追究其刑事责任。法院将择日开庭审理此案。(完) 我要评论,4,7,0.5317749381065369
国土部长徐绍史：09年建设用地指标同比增50万亩叶开在保增长之年，为保障地方用地需求，今年国土资源部增加了50万亩的建设用地指标，使得总量达到了630万亩。 国土部部长徐绍史近日在接受少数中央媒体采访时表示，中央投资多数集中在基础设施领域，铁路、公路、机场、港口，此外还有大批民生工程、环保工程。这些项目都要落地，必将导致用地需求井喷式上升。 “除了中央投资、地方投资之外，今年上半年银行发放贷款达7.37万亿元。这么大的投资规模，用地比以往紧张得多。”徐绍史称。据其介绍，为了预防用地井喷，国土部曾在今年年初与10个部委(其中一些是综合部门，也不乏用地大户)进行了两轮接触，作了一个月的快速调研，同时与东、中、西部10个省(区、市)的领导进行了座谈对接。 目前，“用地井喷”已经反映在数据上。 国土部耕地保护司司长朱留华上月曾透露，今年以来由于拉内需保增长的需求加上土地审批程序的简化，各地用地量持续增加，“差不多(同比)增长20%左右，是在控制的范围之内。” 而在经过核减后，国务院近期批准的81个城市用地总面积为34422.37公顷，其中新增建设用地25265.69公顷(约合378985.35亩)，也较去年增加了16.7%。 目前，我国土地利用实行约束性指标化管理，各省份每年的新增建设用地数量都在年初分配划定，未经允许不得随意增加。 此举的理由在于促进地方土地节约集约利用和保护耕地，但这与地方经济扩大带来的土地需求形成了矛盾。 徐绍史表示，为了千方百计保障用地，国土部今年扩大了土地指标数量。前两年我国建设用地年度指标都是580万亩。今年指标增加到630万亩，较以往增加了50万亩。 此外，扩大城乡建设用地增减挂钩指标使用量，这些土地不占用耕地，今年国土部放了30万亩流量指标。徐绍史表示，各地的投资额度不一样，项目储备不一样，国土部将根据其土地规划安排、固定资产投资等因素再来分配建设用地指标。此外，国土部里还留有一部分指标，用以确保一些特别重要的、确实有实际困难的地方重点项目落地。    相关新闻：    望增建设用地指标 地方高度重视新一轮土地规划    国土部点刹建设用地 严控先行用地范围    国土部：建设用地绰绰有余 严查囤地未建现象    国务院加大供地量 81城市增建设用地增16%我要评论,4,7,0.9994301199913025
"第四届中国国际数字城市大10月22日在京召开由住房和城乡建设部“第四届中国国际数字城市建设技术研讨会暨设备博览会”将于10月22日-24日在北京举办，全面研讨“数字城市”的推广，同时对于我国城市规划、建设和管理体制进行探讨。住房和城乡建设部总经济师李秉仁在22日建设部举办的新闻发布会上表示。本届研讨会将总结交流住房和城乡建设领域信息资源规划及电子政务顶层设计经验、探讨国内外数字城市建设最新发展趋势、成功案例和关键技术；研究城市精细化管理和数字城市产业模式、数字城市共性支撑技术发展方向；交流城市规划管理数字化应用、建筑智能化建设和建设企业信息化建设的实践经验。在会上，李秉仁指出，“数字城市”是指将有关城市的信息，包括城市自然资源、社会资源、基础设施、人文、经济等各个方面，以数字的形式进行获取、存储、管理和再现，通过对城市信息的综合分析和有效利用，为提高城市管理效率、节约资源、保护环境和可持续发展提供决策支持，有效促进城市系统各要素间和谐相处。数字城市是城市现代化建设的主要内容，能为城市可持续发展提供不竭动力，是城市现代化的必由之路。李秉仁同时强调，“数字城市”不仅是一个纯技术的概念，它同时也意味着城市规划、建设和管理体制的一次大变革。据了解，数字城市大会已成功举办了三届。本次大会主题为推进信息资源规划,构建数字城市和谐发展，会议将由主题演讲、专题讲座、展览演示、交流研讨、现场发布、示范工程考察等活动组成，邀请国务院有关部委领导、城市市长、有关国际机构代表和建设、科技、IT、金融、教育等领域的国内外有关专家、学者和企业负责人及其他专业人士参加会议并参与相应活动。同期举办的中国国际数字城市建设技术与设备博览会，将邀请数字城市建设技术与设备等领域的科研机构及知名企业参展，展示国内外数字城市建设的最新技术与应用成果。本次博览会将就“十一五”以来我国城市建设领域信息化工作方面取得的突出成就，宣传展示面向城市规划、城市建设、城市交通、工程建设与建筑业、房地产、智能建筑、城市运营管理与服务等方面的信息化技术。如：3S(GNNS、GIS、RS)技术基础软件平台、信息采集与集成处理技术及产品；大面积建筑群体的高效三维建模技术及3D-GIS技术、城市时空变化的动态模拟技术、虚拟现实与城市仿真技术；城市公共设施计费管理系统；安全防范监控系统等。我要评论",4,8,0.9951512813568115
"美资基金巧取上海最大宅地东方早报记者 刘秀浩(刘秀浩博客) 上海浦江镇143号地块从9月21日起邀标出让，这一地块出让面积达到了惊人的63.6万平方米，已经成为上海公开出让历史上单幅面积最大的住宅土地(早报昨日A37版报道)。截至昨天，记者了解到，尽管土地名为“邀请招标”出让，但至今还没有一家上海知名房地产企业获得竞标邀请。早报记者从消息人士处获悉，一家神秘美资基金已经悄然签订土地出让意向。地块参考价过百亿元资料显示，这一地块东至浦星公路、南至中心河、西至浦锦路、北至芦恒路(以浦申路为界分为143号东块与143号西块)。地块总出让面积63.6万平方米。地块还是上海近期难得一见的低密度住宅土地，143号东块建筑面积不大于16.8456万平方米，143号西块建筑面积不大于20.1418万平方米，土地总建筑面积约为37万平方米，以最终建筑面积计算，其容积率仅在0.6左右。浦江镇地块信息甫一上网，就吸引了包括长江实业，新鸿基地产在内的上海绝大多数知名房企关注。一名业内人士表示，以土地规模、地理位置以及几乎等同与别墅用地容积率的罕见性来讲，如果这幅土地通过公开渠道出让，以价高者得的标准，未来出让价格很可能超过长风地王。9月22日，浙江绿城集团(企业专区,旗下楼盘)以36亿元摘得苏园土挂(2009)06号地块。06号土地楼板价高达28057元/平方米。由于浦江镇地块建筑容积率以及土地性质与(2009)06号地块类似，如果以这个价格计算，整幅土地价格更是高达百亿元之巨。挂牌到出让仅一周和此前商品住宅土地普遍采取挂牌出让模式不同，该地块采取邀请招标方式，按照综合条件最佳的原则确定中标人。上海市规划和国土资源管理局70号公告信息显示，地块投标将于9月28日举行。由于该幅地块从公布的最终出让仅仅只有一周时间，此次土地出让引起了部分开发商的质疑。目前，除配套商品房基地等保障性住宅土地外，商品住宅土地一般采取挂牌方式公开出让，从挂牌到出让完成周期在1个月左右。记者获悉，尽管此次公告中规定地块将按照“综合条件最佳的原则”确定中标人，但多家房地产开发商咨询后，却没有获得任何邀标以及综合条件标准的答复。另外，有实力进行如此大规模土地竞标的国内和外资房地产开发商，包括此前9月10日参与长风地块竞标的各家房企无一获得竞标邀请。知情人士透露，如此短暂的投标时间内，要完成基础性的项目调研报告、初步产品规划以及价格定位等，对任何一家房地产开发商而言都是不可能的，唯一可能就是土地属定向出让。消息人士透露，一家美国基金公司已经有意投资这一地块，但记者没有获得该基金的准确信息。 我要评论",4,1,0.9572467803955078
土地增值税稽查成效难料    陈文雅近两个月来，国税总局地方税司三处处长梁伟的工作特别忙碌。他的任务是率领河南、山东等各省市地税局领导组成的国税总局土地增值税督导检查组，马不停蹄地转战于上海、江苏、江西、广东等省市，对当地的土地增值税清算工作进行督导检查。督导组每赴一地，需要调取当地房地产公司的土地增值税清算材料，查看土地增值税项目管理台账及清理项目认定、清算资料及相关表证单书等。一些操作较为规范的地方，例如常州武进、南京江宁、广东番禺等地的做法受到了肯定。在江苏省南京市江宁区，当地地税局的做法是通过部门联动加强源头控管。督导组特别了解了地税局与房产、国土等部门的联动工作情况，尤其是月度批量电子信息交换、个案征询纸质文书、部门联动信息推送等三种信息传递方式的具体传递情况。江苏溧阳市地税局则在建筑成本异常项目中引入中介机构复审机制，并在清算后加强存量房管理。尽管这些被当作先进典型的地税分局对督导小组的到来甚是欢迎，但更多的地方则对此次督导检查行动三缄其口。“检查的难度还是很大的，一个是人手紧缺，日程安排很紧，只能抽几个企业看看情况。督导小组一般说来就5个人，一天时间，要开座谈会听取汇报，真正查的时间也就是几个小时。企业的那些账本又特别厚，假发票满天飞，很难一查到底。”一位税务系统知情人士表示，“关键是，各地地税局督查的动力也不一样，有的地方比如深圳就查得比较严，有的地方就没有那么积极。督导组的作用还是很有限的，主要是各地地税局自己查。最后基本上就是地税局的人和企业负责人坐下来一谈判，你让他2000万，他哭哭穷，说交个1000万吧，最后一合计，双方都让一步，交1500万，就完事了。”这位人士表示，此次国税总局轮番发文要求各地清算土地增值税，并稽查八大房企，虽说力度很大，但是由于国税总局只是负责协调，最后落实和收缴还是要靠各地地税局自己出力，因此各大房企的操作空间还是比较大，“能查到的概率基本上相当于醉酒驾车被抓，纳税人太多了，如果被查的话基本上有两种可能，一种是碰上严打，另一种是被人举报。”对此，房地产税收筹划师郭伟表示：“税法虽然定义模糊，看起来企业操作空间很大，不过它有一个兜底条款，类似于‘财产来历不名罪’的定性方式，就是当税务局对企业某些经营、转让等行为，质疑其是出于逃税、避税的目的而操作时，如果企业不能提出合理的理由来解释，那么税务局就可以按推定的数字来征收税款。”他解释说，在这种情况下，税务局不查业务，只查行为，包括三点要素：合同、发票、资金流，看其转让行为是否取得收益，是否具有公允价值。举个例子，某国有开发公司将该公司开发的某项目股份以相当于市价3-4折的低价转让给一家私营公司，而这家私营公司的大股东是该国有公司的高层，这样一来就涉及到国有资产流失。而山东某地产公司财务部门负责人金世安称：“我们公司都采取包税制，和地税局商量好，一年给他们交多少税。当然按照我们的税制，如果税务局真查起来，很少有企业跑得了的。以房地产开发公司来看，一个企业如果税负水平在20%以下，一定是一查一个准儿，就看查谁不查谁了。”还有一类对稽查工作比较敏感的企业是部分已经对土地增值税进行了清算计提，而又没有实际缴纳的房地产上市公司。国家税务总局2009年7月28日下发的国税发 [2009]114号文件“关于印发《进一步加强税收征管若干具体措施》的通知”指出，要重点加强 “土地增值税提取后挂账不交税款等关键项目的专项检查。对自查和检查出来已核实的税款，抓紧组织入库”。北京某上市房地产公司董事长告诉记者，该公司年初就自告奋勇地对一些已经具备清算条件的房地产项目进行了土地增值税的清算，上缴给地税局，但地税局并不着急收，因此这笔钱并没有真正入库。2008年度沪深两市前五名房地产企业万科、保利、金地、招商、金融街等在2008年均宣布已经计提了土地增值税清算资金。其中，万科三年累计计提了36亿元，金地累计计提了11亿元，招商计提了4.4亿元。由于迟迟未能入库，这些款项是否真正分文未动，已然成谜。对于将该笔资金用作他途的企业来说，在税务局的最后期限内拿出数亿乃至数十亿资金并非易事，对企业现金流波动将有不利影响。 我要评论,4,1,0.7705898284912109
改变购房方式 质押贷款增加首付二套房贷再次收紧，让近期有购房计划的市民措手不及。房产专家和银行理财师，向消费者推荐了一些应对招法。 梯度购房，借房融资巧过渡。买新卖旧的梯度购房者在一段时间内需要承担两套房贷，而当旧房出手后，旧房的房贷负担就能完全解除。但现在，考虑到可能会遭遇二套房贷的高首付、高利率，很多人不敢轻易购房。对此专家建议，这部分购房者可以向亲友借房融资，即用亲友的房产作为抵押，向银行办理房产抵押消费贷款用来购买新房。等旧房卖掉后，购房者再偿还这笔短期贷款，支付很少的短期利息即可。 改变购房方式，质押贷款增首付。二套房贷收紧后，首付款必须达到4成以上，对购房者来说，需筹更多的钱。专家建议，购房者可用未到期的定期存单、长期国债等办理质押贷款，也可向亲友借质押物，这样既能筹到款，亲友又不会因为提前支取存单、保单而损失利息。最好能不办理商业贷款，仅用公积金贷款，这样就不用承担二套房贷的高利率了。 我要评论,4,1,0.8394628763198853
方太&米博鼎级旗舰店入驻杭州大厦(图)2009年9月25日，作为国内厨房电器和热水器鼎级品牌，方太&米博旗舰店将在杭州大厦隆重开业。作为方太&米博专卖店在杭州的高端展厅之一，此次杭州大厦旗舰店采用了现代化的设计风格，宽敞明亮、布局错落的展厅不但充分体现出方太、米博品牌的高端，更标志着方太集团高端渠道布局的开始。“杭州是我们的重点市场之一。这不仅因为杭州在米博市场规划的战略版图中具有举足轻重的位置，更为重要的是随着杭州的不断发展，业已展现出极大的市场潜力。”方太集团杭州分公司总经理表示，“旗舰店的落成，不仅表明我们对该市场的重视，也希望能够带给消费者能够与产品定位匹配的高端消费环境。”近年来，随着杭州城市综合能力的进一步提升，人们开始越来越关注自身的生活品质， 以高端、专业为品牌核心的方太、米博，正好契合消费者不断提升的产品需求。而以“生活?购物?享受”为时尚经营理念、拥有顶级卓越的品牌阵容的杭州大厦，在本地商界素有“旗舰店”之誉，与方太&米博旗舰店的理念和定位不谋而合。这也是此次旗舰店选择入驻杭州大厦的原因之一。据介绍，此次开业的方太&米博旗舰店主体采用灰、白、深咖啡色三种色调，点缀明亮的橙黄色，优雅、高端、端庄的同时，又不失活泼灵动。店面巧妙分隔为方太区和米博区。由于采用了统一的设计风格，两者之间既有区分，又浑然一体，不仅近距离带给消费者优雅、舒适的体验环境，更展现出当前时尚潮流的厨卫设计和领先科技。 “方太和米博都是为高端人士打造的专业品牌，旗舰店让消费者在同一空间内感受从厨房到卫浴的全方位高端选择和享受。” 杭州分公司总经理表示。作为方太集团的高端品牌，方太面向嵌入式厨房电器领域，7月份刚刚上市的米博则是专业化的高端热水器品牌，致力于为消费者提供家庭热水系统解决方案，两者的强强联合可谓相得益彰。值得一提的是，此次旗舰店的盛大开业，表明了方太集团对高端渠道建设的重视。此前在米博发布会上，方太集团总裁茅忠群曾表示，在保证卓越的产品品质的基础上，米博将以极大的魄力放弃代表相当数量的销量和利润的传统销售渠道——连锁家电卖场，而只在专卖店和高档百货商场里面销售。而本次方太&米博旗舰店入驻杭州大厦，从某种程度上证明了方太集团的高端路线。“旗舰店的开业表明了方太集团的态度。”业内人士评价，“方太集团希望借助高端旗舰店的形式来展现品牌的定位，并打开杭州的高端市场。”而行业专家则认为，这可能是方太集团系列举措的开端。“国内一向认为厨房电器或者热水器，仅仅是家用电器而已，方太&米博旗舰店可能会改变这种看法。方太集团也许会藉此将新的产品态度和生活方式引入杭州厨卫市场，并进而向消费者介绍方太&米博系列产品。” 我要评论,4,3,0.9636038541793823
方太O-Touch光影六系惊艳亮相方太&米博旗舰店就在人们翘首以盼新装iPod Touch之前，Touch风潮已然率先涌动于厨电领域。2009年9月25日，国内厨卫顶级品牌方太&米博旗舰店将在杭州大厦隆重开业，届时，设计感强烈、时尚十足的方太O-Touch光影六系也将与消费者正式见面，引爆厨电行业的Touch热情。据悉，“O-Touch光影6系”是由方太与美国设计界权威IDEO公司共同担纲研发，包括吸油烟机、燃气灶、消毒柜、微波炉、烤箱等成套化嵌入式厨电。外观上，皆采用橙色光圈点缀深咖啡色玻璃镜面，风格极简，流光溢彩；设计上，人机对话的智能模式已然极致——一切按钮，都在隐匿式的设计理念下退居幕后，手指飞扬，即刻开启厨房各项功能，宛若置身未来。而在主设计师的眼中，“O-Touch光影6系”却并非耀世的资本，而更似人缘颇佳的伴侣，她简约、优雅、贴心、懂得，她让厨房从此不再冰冷，她让烹饪从此充满生趣：菜谱可预先存储，自行烹饪；Easy Clean Door设计，让烤箱清洁不再困扰；餐具到达消毒临界点时，消毒柜自动感应，循环杀菌……不一而足。更为难能可贵的是，方太首次将嵌入式蒸箱引入中国，在进一步完善厨房功能的同时，对健康烹饪提出更高的要求。业内人士预测，近年来，随着杭州城市综合能力的进一步提升，人们开始越来越关注自身的生活品质，以高端、专业为品牌核心的方太、米博，正好契合消费者不断提升的产品需求。此次“O-Touch光影6系”的出现将对今后厨房电器的外观与功能产生巨大影响。点触间，仿佛踏入未来时空般；无需按动开关，只需手指轻抚即刻完成下厨；塑造出极净厨房的视觉感官双重体验。相信随着“O-Touch光影6系”的铺陈开来，将有更多的消费者难以抵挡Touch的诱惑。9月25日，在方太&米博鼎级旗舰店入驻杭州大厦之即，O-Touch光影六系即将启动，产品上光触屏已经在闪动昭示：如果身在杭城的你，期待您开业期间您的光临，Just touch。 我要评论,4,3,0.9792391657829285
"香港豪宅遭热捧 350组内地客黄金周赴港扫楼中新网9月27日电 在低息及看好香港经济前景的前提下，内地客持续来港买楼作投资甚至投资移民，豪宅在内地客的热捧下旺上加旺。有见及此，发展商及代理积极部署于国庆黄金周吸纳该批“贵客”，纷纷推出包括小规模块团，以至单对单贴身由内地陪至香港，又或于国庆晚上开放可观赏维港烟花景的示范单位等“奇招”作招徕。据了解，至少有350组的内地客经发展商及代理安排，将于国庆黄金周南下来港搜购物业。据香港《文汇报》报道，近期热卖豪宅新盘何文田富甲半山，发展商长实地产投资董事黄思聪指出，将会由地产代理自发安排带内地富豪个别到该盘参观，发展商并会酌量加推单位配合市场需求。恒基地产于9月26至10月7日向选购大角咀亮贤居、星汇居及嘉贤居指定单位买家，送赠半年至两年物业管理费。同时，买家选购2房单位可获赠6800元现金利是，3房单位可获赠10800元现金利是(内地客以人民币支付)。尖沙咀河内道名铸，发展商新世界发展会于10月1日晚上开放现楼示范单位，并会有美食招待200名贵宾及约100名地产代理欣赏维港国庆烟花表演，以增强促销效果。信和置业于火炭站上盖物业御龙山亦会与美联移民顾问合作，于10月4日安排30至40名来自广东省的投资移民客来港买楼，当中主要为广东省的企业客、厂家等。信和置业营业及市场部总经理刘贵玉指出，近期已接获20至30组内地客查询。她又指，凡经美联移民顾问购入御龙山的买家，有机会获得6万元的移民顾问费回赠。于内地27个省市拥有600间分行及雇用16,000名地产代理的中原中国亦不甘后人，中原地产董事总经理陈永杰透露，趁今次十一黄金周长假期，中原会以1对1的贵宾接待方式，由中原中国内地代理陪同约200组内地豪客到富甲半山、名铸、九龙站及港岛区二手豪宅参观。机票及酒店住宿费用由贵宾自付，中原中国则会派地产代理由内地以单对单贴身服务形式，陪同贵宾来港参观豪宅。香港置业九龙区营业董事姚伟南则称，港置会组织50至100名计划投资600万至1,000万元物业的内地中产阶级来港进行投资移民，主要参观东南九龙新盘如豪门、誉.港湾及嘉贤居等中价物业。     相关新闻：    京沪买家驱车入穗抢豪宅 开发商不再打优惠战    黄金购房季之北京10大城市豪宅(图)    黄金购房季 十一黄金周城八区在售豪宅(图)    京城豪宅持续热销我要评论",4,1,0.4478355348110199
黄金购房季之金秋家居打折大盘点之东鹏项目名称：东鹏优惠活动：瓷砖：全场55折、仿古砖66折 + 全款优惠洁具：全场55折，购买二项再打96折、三项94折、四项9折+全款优惠 签单并交全款，成交价基础上再打9.8折。金果套餐3888元，套餐含：墙砖15?+地砖3?+座便器+龙头+花洒+浴室柜+镜子备注：套餐不含配件费、花片、腰线。套餐配件费为120元。3888元套餐活动期间交全款有效。“金玉纳福”套餐(金碧辉煌、纳福娜系列产品套餐)购“金玉纳福”系列产品不低于15平米，再购一款墙砖(仿古砖、瓷片，不低于15平米)，瓷片部分95折，再购一款瓷片(不低于15平米)，瓷片部分整单9折。37年陶瓷产业成就，国庆献礼特供！东鹏玻化砖经典——【金碧辉煌】、【珊瑚玉】、【纳福娜】东鹏[晶花技术]代表作——金碧辉煌802923，欢庆价：138/?。东鹏[冰透粒子技术]代表作——珊瑚玉802010，欢庆价：118元/?东鹏[岩涌技术]代表作——纳福娜803001/803011，欢庆价：238元/?活动时间：9月26日至10月11日项目名称：杜菲尼优惠活动：    1，进店有礼，来者即送2，限量抢购3，超值套餐4，全场6.8折活动时间：10月1日至10月8日我要评论,4,3,0.8933994174003601
黄金购房季之金秋家居打折大盘点之曲美项目名称：曲美优惠活动：活动一：汉斯经典“纪念版”家具套餐低至5.8折！折后满10000再送800。 活动二：全场正价商品，尊享超值折扣优惠！不仅如此，折后购物满10000再送800！此外，网络商城“维格尚品”系列家具，全国统一官网直购，挑战板式家具极限低价，为您至少节省30%！活动时间：10月1日至10月8日项目名称：生活家. 巴洛克优惠活动：超低价格：此次北京生活家地板推出全场超低优惠并推出共40款特价产品，包括巴洛克仿古系列、实木复合标准版系列、洛可可强化系列；最低79元起；10多款巴洛克仿古地板原价373至410元，十一特惠价210元至270元不等。让京城百姓享受真正的惠礼！惊喜豪礼：凡活动期在我公司购买巴洛克系列地板，在享受相应折扣的同时，还可获取价值200元巴洛克代金券一张。订单送礼：每位消费者凭订单领取大礼一份！单单有礼，机会不容错过！进店有礼：活动期间进店咨询选购的顾客，即可获赠精美礼品一份，赠完为止。活动时间：10月1日—10月8日项目名称：十里河优惠活动：曾经买过，一定送：为了答谢客户队十里河的灯饰成九年来的关爱，如果您曾经买过十里河灯饰城的灯具，凭据购物发票即可在十里河的兑换一件礼品。礼品1000件送完为止。礼包2：现在来买，立刻送：从9月26日起至10月8日，凡在十里河灯饰购买灯具超过 300元可获得一次抽奖机会。中奖率100%。大奖：液晶电视机一台。礼包3：品牌灯饰，特价送：二楼品牌灯饰十一期间打折让利，回馈顾客。精品灯饰价格全市最低。礼包4：即使不买，还能送：即使不买十里河灯饰城灯具，但是您光临十里河灯饰城，留下姓名和电话号码，10月1日---10月8日每天活动结束时，我们现场将抽出10名幸运奖(累计共80名)。活动时间：9月26日至10月8日项目名称：太阳花优惠活动：进店有理赠品一：凡购买太阳花散热器2000元以下任何产品，即送洁丽雅情侣毛巾一盒(二条)。 赠品二：凡购买太阳花散热器产品价值2000元-2999元，即送洁丽雅浴巾一条。 赠品三：凡购买太阳花散热器产品价值3000元-4999元，即送浴巾一条+情侣毛巾一盒(两条)。 赠品四：凡购买太阳花散热器产品价值5000元以上，即送精美活性碳雕一个。活动时间：10月1日至10月3日我要评论,4,3,0.9117977023124695
"黄金购房季之金秋家居打折大盘点之法恩莎项目名称：法恩莎优惠活动：惊喜一 法恩莎卫浴活动当天将推出最低团购折扣，保证同期最低！惊喜二 数十款十一特供单品任你选择, 法恩莎马桶399元！惊喜三 多款套餐抄底价，适合你不同的风格需求，满足您装修省钱的欲望！惊喜四 活动当天推出超值自由组合套餐, 马桶、浴室柜、龙头你的喜欢你做主！惊喜五 法恩莎智能马桶、VIVI智能马桶全线让利, 更有超低特价等你拿！惊喜六 十一市场的促销款式，活动当天再享更大让利优惠！ 惊喜七 更多特供价和优惠还在申请中，神秘优惠价格将当天揭晓！(注：神秘特价根据网友反映的最低价格制定)赠送一：买专供地拖盆送价值468元龙头一个赠送二： 买法恩莎卫浴专供套餐加8元送高档浴室镜赠送三： 买法恩莎高档实木浴室柜加1888元赠送价值14086元的法恩莎智能马桶，或加666元赠送价值2257元的法恩莎喷射虹吸式连体马桶活动时间：10月3日项目名称：古沙优惠活动：买古沙套餐,送:价值300元 3D杜邦抱枕一个.送价值1380元棕绵加厚床笠一个,送价值2980床外套一件活动时间：9月25日至10月8日项目名称：弘高优惠活动：现场领取折扣券,凭券满1000减200,满2000,减400.以此类推.自营家具2折起活动时间：10月1日至10月8日项目名称：金意陶优惠活动：1,全场买2000返1000元现金(所有配件、特价产品、买一?赠一?产品不参加)2,厂家直供，国庆特享产品买一?赠一?.3,15款精品超低价抢购活动时间：9月26日至10月11日我要评论",4,3,0.9605122804641724
"黄金购房季之金秋家居打折大盘点之爱依瑞斯项目名称：爱依瑞斯优惠活动：项目名称：班尔奇优惠活动：一、柜体部分1.大亚板柜体全场7折；2.实木柜8.5折；2.KI007，18mm板原价300元/平米现特价178元/平米二、移门部分1.推拉门、隔断门全场7折；2.欧式门8.5折；备注：1、本次活动与店内活动只能二选一；2、五金件、抽屉类不打折；活动时间：10月1日至10月8日项目名称：城外诚优惠活动：首重礼：城外诚购物特惠册，优惠总额达85万元,二重礼：500辆环保电动车寻主人，大奖天天送,三重礼：在城外诚买欧美家具，只需一半钱(5折起)活动时间：9月26日至10月8日项目名称：东方百盛优惠活动：活动一：全场7.9折活动二：满5000元，加100元送阿尔卑斯床垫一张(原价：1200元)9 C3 o7 x+ w- x活动三：凡购满10000元，加200元送夏威夷床垫一张(原价：2800元)次活动不与商场活动同时享受。活动时间：10月1日至10月8日我要评论",4,3,0.7320983409881592
黄金购房季之金秋家居打折大盘点之现代冠军项目名称：现代冠军优惠活动：卫浴钻石6平米套餐原价5304元 现省 1315元 优惠价3989元扣板：300*600碧海银波*16 300*300纳米闪银*27300*300酒红*4电器：照明灯2台 换气扇1台 风暖1台 金色射灯4台辅料：边角哑光钛银边角 5支 赠送实际使用的全部龙骨卫浴铂金6平米套餐原价4096元 现省1075元 优惠价3021元扣板：300*300经典白*56片 300*300西斯廷圣花红*8片电器 照片1台 风暖换气照明浴霸4合1电器 1台辅料：经典白哑光滚涂边角*5支赠送实际使用的全部龙骨卫浴黄金6平米套餐原价：2266元 现省577元 优惠价1709元扣板：300*300葛兰特/卡莱士*52片电器：照明灯1台 灯暖换气1台辅料：经典白哑光滚涂边角*5支赠送实际使用的全部龙骨厨房金牌套餐6平米原价：2596元 现省719元 优惠价1877元扣板：300*300似水流年*16片 300*300经典白*33片 300*600经典白*5片 150*600斑马王子*6片电器：照明灯2台辅料：经典白哑光滚涂边角*5支赠送实际使用的全部龙骨厨房银牌套餐6平米原价：1736元 现省461元 优惠价1275元扣板：150F纳米系列条板(颜色纳米浅红拉丝、经典白)电器：照明灯*2台辅料：经典白哑光滚涂边角*4支赠送实际使用的全部龙骨买赠活动：整单金额(包含扣板、电器)买够不同金额即送多种电器；满2000元送价值800元灯暖换气电器1台满4000元送价值1378元灯暖换气照明浴霸四合一电器1台满6000元送价值2338元五合一顶级电器(即空军1号)满8000元以上，送价值2338元五合一顶级电器(即空军1号)，6000元以上部分直打85折或者可2000元一档赠送以上等条款所指定电器。单品特价优惠：特价单品：150珍珠白 150闪银光 300*300珍珠白 300*300闪银光 均特价优惠68元/平米(含龙骨，边角安装费另计)活动时间：10月1日至10月8日 我要评论,4,3,0.7762823700904846
"黄金购房季之金秋家居打折大盘点之百安居项目名称：百安居优惠活动：瓷砖:10送4,指定品牌88折. 地板:实木复合和强化地板10送2起.卫浴:A.S零售：美标全场满500送50，满2000送260全场抵用券。(特价商品参加)DC:满1000送120满2000送300(8/14促销延期执行，特价商品参加)(与零售不重复).Kohler零售+DC：3000元送300元全场抵用券,装饰:门:满1000直降150元,加送安装;窗:满1000直降100,2000直降300,加送安装吊顶:满1000直降100,加送龙骨送安装.水槽:水槽折扣+link净水(20%):水槽先折扣满1000送400元净水器抵用券,买净水器满1000元用200元.厨房热水器:厨房电器Link橱柜(12.5%):买厨房电器满2000送1000元橱柜抵用券(9.30-10.08),买橱柜满3000元用500元(9.30-10.25);涂料:油漆指定品牌系列买100送40(20元全场券20元软装券) 软装券：窗帘、百页、花灯、墙纸满100用20。活动时间：9月11日至9月30日项目名称：爱格优惠活动：店面全场特价8.N折,小区渠道特推出部分特价商品供大家抢购！,互动抽奖：1、店面抽奖活动：一等奖：美的吸尘器一台二等奖：乐扣大礼包一件三等奖：亚都加湿器一台纪念奖：爱格啤酒一箱2、“畅游爱格德国工厂”活动：单一订单(同一地址)超过15000元或购爱格地板加飞美家具超过15000元的客户，可以参加“买地板，体验爱格欧洲绿色之旅”活动。现场须签订参加“体验爱格欧洲绿色之旅”抽奖活动确认函，双方各持一半。10月25日由我公司组织活动，将购买爱格地板及飞美家具的客户通知到场后，将手中确认函投入奖箱，由组织人员现场抽取。没有到场的将取消参加抽奖资格。活动时间：10月1日-10月18日我要评论",4,3,0.9476025700569153
"黄金购房季之金秋家居打折大盘点之马可波罗项目名称：马可波罗优惠活动：1.国庆专供 一降到底 活动期间，马可波罗瓷砖18款厂家国庆专供品，直降到底。7.8元/片起2.华诞特惠 惠通天下 活动期间，马可波罗瓷砖8款国庆特惠品，惠有惊喜。17.64元/片起3.钜惠力献 满100元减51元 活动期间，马可波罗瓷砖瓷片、抛光砖、腰线、花片、小地砖产品(即底价是标价6.5折的产品)满100元直减51元货款(专供品、特惠品不参加此项活动)。4.同庆有礼 满3000元即可享受 活动期间，购买1295、e石代产品满3000元后再购1295、e石代产即可享受8折优惠(雕刻砖，壁饰产品除外)；备注：1. 订单最晚送货日期为2009年12月31日，过期订单恢复原价。2. 订单收取订金最低为30%，促销备案截止10月9日中午12：00；3. 促销订单退补货比率为订单金额的10%，超出部分按即时价补货；4. 闽龙市场马可波罗店面可单独享受购买1295、e石代产品满3000元后再购1295、e石代产即可享受8折优惠(雕刻砖，壁饰产品除外)后满6000元可赠送客户12片CZ6822香槟石活动时间：9月26日至10月8日    项目名称：依诺维绅优惠活动：活动1:BOHEMIAN系列全场75折.活动2:BEBEL系列,指定产品特价活动时间：9月26日至10月19日我要评论",4,3,0.9036861658096313
108枚新型导弹将亮相国庆阅兵本报北京9月27日电(记者朱思雄、廖文根)第二炮兵副司令员、阅兵联合指挥部副总指挥于际训中将近日透露，“新中国成立60周年国庆首都阅兵，第二炮兵参阅的5个导弹装备方队由6支导弹劲旅组成，108枚参阅导弹全部是最新型号。”第二炮兵导弹装备方队是第三次在国庆首都阅兵中“亮相”。第一次是1984年国庆35周年阅兵，只有一个装备方队12枚导弹参阅；第二次是1999年国庆50周年阅兵，共有4个装备方队36枚导弹参阅。于际训介绍，第二炮兵今年参加国庆首都阅兵的人员数量之多、装备种类之全、方队规模之大，都是空前的，精良的武器装备将集中展示我军战略威慑核心力量和中远程精确打击力量建设的新发展和新成就。与前两次国庆阅兵相比，武器装备阵容凸现了五大变化——导弹家族更大。此次阅兵呈现在世人面前的导弹武器装备，全部为首次亮相的新型主战武器。其中包括两种不同射程的地地常规导弹，一种常规陆基巡航导弹，一种核常兼备的地地中远程导弹，一种洲际战略核导弹，标志着中国战略导弹武器已由单一型号发展为近程、中程、远程和洲际导弹并存的导弹大家族。导弹身材更小。此次阅兵所展示的5种型号导弹，无论常规导弹还是核导弹，全部采用固体燃料，体现了体积小、本领大的明显特征。导弹威力更强。此次受阅的新型导弹武器，真正实现了隐蔽实施作战准备、突然发起火力突击、快速实施波次转换。导弹精度更高。首次亮相的陆基巡航导弹，能够多发连射、低空飞行、隐蔽突防、精确制导，是实施中远程精确打击的一把利剑。导弹机动更快。此次阅兵亮相的所有导弹装备，全部采用车载发射方式，拉起来就可以跑，到达预定地点后，竖起架子就可以打。在此次国庆首都阅兵中，第二炮兵除展示5支装备方队外，还首次组成学员方队。这个方队由第二炮兵工程学院、第二炮兵指挥学院和第二炮兵士官学校3所院校联合编成。 我要评论,4,7,0.9994447827339172
住建部表态不支持高房价晨报讯(记者 姜葳)昨天，国庆新闻中心举行“社会保障和住房保障”新闻发布会，住房和城乡建设部负责人明确表态，“不支持高房价”。据住房和城乡建设部副部长齐骥介绍，今年是实施廉租住房保障规划的第一年，也是中央和各级地方政府投入保障性安居工程资金最多的一年。中央财政安排了493亿元，主要用于支持中西部财政困难地区廉租住房建设和各类棚户区的改造。针对近期频频出现的“地王”现象，齐骥明确表示，“作为住房和城乡建设部，我们不支持高房价。”他希望各地增加普通商品住房的供应，并且把商品住房和保障性住房的建设规划更多地向媒体公布，“让老百姓对住房的供应能有一个合理的预期。” 我要评论,4,7,0.9611542224884033
台北近七成房价突破去年高点 带动台北县房价中新网9月29日电 台湾永庆房仲集团统计，7到8月台北市12个区及台北县6大主要区平均成交单价与去年第二季房市高点相较，已有2/3的区突破去年房市高点，1/3区衰退幅度在10%以内。据“中央社”报道，根据成交数据显示，台北市12个区中，7到8月各区平均成交价格，有2/3的区房价突破去年第二季房市高点。其中松山、大同、万华、中正、大安等5大都更潜力地区，近期受都更题材热度攀升影响，房价与去年高点相较涨幅均已逾4%以上，房市复苏速度最快；且松山、大同、万华等3个行政区，房价与去年高点相较，涨幅分别达18.3%、14.3%及8.8%，表现最为亮眼。永庆房屋研展部协理黄增福表示，近期都市更新议题火热，台北市中心老公寓身价多数已涨翻天，以台北市都市更新处统计资料可知，目前中正、万华、大同是当局积极推动的都市更新区块，台北市府划定都市更新件数达74件，占台北市总划定件数的37.5%，属于相当具有都更潜力的区段。另外，目前不少建商转往都更市场发展，一些高房价区段，如大安、中正、信义区等，民间自办都更申请案件也日益增多，配合近期标售地不断创高价，吸引不少民众购买公寓产品长期投资，带动地区房价向上攀升。除台北市各区房市复苏快外，根据永庆房仲集团成交数据显示，北县6大主要区，7到8月各区平均成交价格，同样有2/3的区房价回复或突破去年第二季房市高点，其中永和、新庄、板桥平均单价较去年高点涨幅更达4%以上。黄增福表示，台北县升格效益对于台北县房价有明显带动效果，其中属于台北市近郊的中永和，原本就是外来人口群聚的区域，更有捷运环状线兴建规划，未来交通可望更加便捷，在台北市房价逐年高涨下，吸引不少人潮移入购屋。 我要评论,4,7,0.8737050294876099
无偿赠与房产四种情形免营业税本报讯 (记者何颖思)昨日，国家财政部发布《关于个人金融商品买卖等营业税若干免税政策的通知》，对个人金融商品买卖、房产无偿赠与等一系列营业税免税政策作出明确。其中曾一度引发争议的房产无偿赠与是否应缴营业税的问题，财政部明确了四种可免税的情形。包括离婚财产分割；配偶、父母、子女、祖父母、外祖父母、孙子女、外孙子女、兄弟姐妹；承担直接抚养或者赡养义务的抚养人或赡养人；法定继承人、遗嘱继承人或者受遗赠人。但若要享受免征优惠，必须提供相关证明材料、双方有效身份证件、证明赠与人与受赠人亲属关系(或抚养关系、赡养关系)的法院判决书、公证机构出具的公证书等等。目前广州做法与通知明确的一致。 我要评论,4,7,0.745893120765686
南京现最牛投资客 花8600万买下整栋楼“我们刚刚开盘的一批房源中，有一个客户一下子买了整栋公寓。”最近，城南某项目的销售员在向客户介绍项目时，往往会提到这样一句话。据了解，就在上个周末，一位客户以总价8600万元买下了该项目一整栋公寓，这样一个大手笔的个人投资在南京市场上非常少见。经过多方联系，365地产家居网终于和这位购房者——蒋女士(化名)取得了联系。蒋女士目前自己经营着一家外贸公司，虽然在行业上与房产相距甚远，但是她本人却是一个经验丰富的房产投资客。“我每年要投资两套房产，包括住宅、商铺和写字楼”，蒋女士说。“我不是很懂那些房地产行业的专业知识，但是我投资的房子大多数都能赶在低价位的时候买进。今年年初我在北京花11500元/平米的价格买的房子，现在已经超过两万块了。”就是凭着这样敏锐的市场眼光，蒋女士在上海、北京等多个大城市购置了大小不等、用途不一的房产。8600万并非“一己之钱”对于普通老百姓而言，8600万元绝对是一个天文数字。蒋女士坦言，这笔钱并非她一个人的钱，而是“几个好朋友合伙用来投资的钱”。而这样一个合伙投资行为一开始就是由蒋女士主动发起，投资的目标也是她找到的。蒋女士很早前就有自己做酒店的想法，但是她一直没有找到合适的项目来投资。今年年初，蒋女士了解到位于城南的这样一个公寓项目。在地理位置上，该项目靠近未来的火车南站，而价格上又比较合适，经过多次现场了解，蒋女士于是决定在该项目上做一个大的投资。经过核算，买下整栋楼的资金量比较大，蒋女士于是就发动起身边的朋友共同出资。由于蒋女士之前的投资都比较成功，而且她对项目以及区域的分析都非常到位，这些朋友们都比较信任她，钱很快就凑足了。钱到位以后，怎么用这笔钱摆在了几个朋友的面前。蒋女士说，他们曾经准备以合股的形式成立一个公司，然后再以公司的名义买下这栋公寓来进行投资运作。在向专业人士咨询之后，他们发现这样的方式在税费等方面不如个人购买优惠，于是大家决定还是让蒋女士以个人名义来购买这栋公寓。因为是整栋购买，开发商也给予蒋女士一定的优惠，不过对于优惠的幅度，蒋女士表示“不便透露”。虽然有了优惠，也是几个朋友一起合伙，但是8600万元毕竟不是一个小的数目，蒋女士透露，为这次投资所支付的资金已经远远超过她的今年房产投资的预算。多种业态投资是目标购买这样一栋11层的公寓楼，蒋女士说，她绝对不是像普通的炒房客那样“买房卖房赚差价”。对于未来怎么利用好这栋楼，她早已有了充分打算。蒋女士最中意的想法就是“自己做酒店”，利用这11层中的4层开一个快捷酒店，为将来火车南站的旅客提供服务。由于自己喜欢狗，蒋女士然后再用一整层做一间宠物旅店，为宠物提供服务，“这将开南京宠物市场的先河”。如果以上两个想法可以实现，蒋女士还想利用另外两层作为私房菜馆，楼下两层则租给银行用来办公。这种多业态的经营方式在蒋女士看来，既可以实现自己的投资目标，同时也切合自己兴趣爱好。不过，蒋女士也有退一步的打算，“如果自己做不了酒店，也可以整租给别的连锁酒店”，“实在不行，大不了再卖出去，毕竟现在房子的价格在不停地涨”。专业人士：投资价值高，但需谨慎熟悉商业地产投资的中商联不动产投资控股(中国)有限公司总经理汪洋觉得，几个人以合伙的方式来投资具有一定的优势。因为一下子买一栋楼这样的购买量必定会让开发商给出优惠的价格，这就使得投资者在起步阶段就占有一定的优势。另外，从未来的经营业态的安排来讲，整体进行规划将比较容易统筹安排，“而对于商业项目来讲，运营的规范性对收益影响很大”。不过，对于能否真的像投资者所期待的那样具有很好的投资收益，有业内人士则持谨慎的态度。“商业发展需要足够的人气来支撑，而这个项目所在的区域人气还需要一定的时间，投入资金又这么大，普通的投资者还是不能轻易出手。”我要评论,4,1,0.5875330567359924
南京购房者二次公积金贷款恐难贷满30万公积金贷款要收紧? 二套房贷的收紧，使得不少市民发现贷款门槛有了明显抬高。记者昨日从南京房地产市场了解到，购房者第二次使用公积金贷款买房也可能被设置“障碍”，有买房人称，很难再贷到30万元的最高额度了。“昨天中介公司通知我，国庆后就可以去办交易手续。不过，据说公积金贷款批下来只有20万出头，贷不满30万了”，市民崔先生昨天跟记者抱怨说，今年4月份他通过一家中介公司买了套二手房，当时是首次使用公积金贷款，用足了30万元的最高额度。而后没过多久，他就东拼西凑将贷款全部还清了。上个月，他又打算购买一套二手房自住，也办理了公积金贷款，可这次却不能贷满30万元，中介公司给他的解释是“批不下来”。“不是我们的原因，可能是公积金贷款要收紧了”，这家中介的相关负责人告诉记者，去年下半年，南京的个人公积金贷款最高额度由原来的20万元提高为30万元，公积金贷款还完后，只要账户正常，还可以再次使用公积金买房，额度同样为30万元。他表示，现在情况可能发生了变化，“一方面，银监会提出要收紧二套房贷的门槛，公积金政策有所调整也属正常；另一方面，公积金管理中心也会根据‘库存量’增减放贷额度，从上半年楼市火爆、使用公积金的数量不断上升的情况来看，下半年收紧一点也不奇怪。”该人士表示，像崔先生这样二次使用公积金贷款的，在额度上会有所影响，从这个月起，要想贷满30万确实比较困难。 记者昨天就此向南京公积金管理中心人士求证，不过并没有得到正面回应。他告诉记者，“收紧”应该是未来数月的趋势，只是从何处收紧还未有定论。“是提高首付比例，还是压缩贷款额度，都还在研究，各家银行掌握的尺度也可能并不一致”，他说。记者了解到，根据南京网上房地产上周发布的今年七八月份的二手房资金监管简报显示，由南京市公积金贷款担保机构——房屋置业担保有限公司提供的数据，该公司七八两月的贷款金额减少了近20%，分析认为，贷款额度下降的原因之一，就是公积金贷款的放贷审核从紧了。网尚研究机构相关负责人表示，对于按揭贷款，不管是商业贷款还是公积金贷款，目前额度都已经非常高，收紧也属情理之中，对控制楼市的流动性和贷款风险都是有好处的。南京我爱我家市场部经理舒莉莉则认为，一旦公积金贷款收紧，不少高端二手房的交易可能会受到影响。她说，根据我爱我家的统计数据，以河西奥体片区为例，套均贷款额度达到73万元，不少大户型房源贷款额度都在100万元以上，“这些贷款通常公积金都能占到60万元，剩下部分再使用商业贷款，而一旦公积金贷款额度减少，对于部分购房者而言无疑增加了购房成本。”我要评论,4,1,0.5298150777816772
中轴线规划的宫室建筑到目前为止，我们已探明二里头遗址宫殿区内存在着数十座大中型夯土建筑基址。其中，在晚期宫城内已确认了两组大型建筑基址群，它们分别以1号、2号大型宫殿基址为核心纵向分布，都有明确的中轴线。这里，我们不妨把它们称为西路建筑群和东路建筑群。坐落于宫城西南部的1号宫殿基址，与位于其南大门正前方的7号建筑(可能为宫城正门门塾)，共享同一中轴线，构成宫城西路建筑群。坐落于宫城东部的2号宫殿基址，与位于其南大门正前方的4号基址，以及增筑于二里头文化末期、位于其北的6号基址，构成宫城东路建筑群。这两组南北有序排列的宫殿建筑群的绵延长度都近200米。这是迄今所知中国最早的中轴线规划的大型宫室建筑群。《吕氏春秋·慎势篇》中有古代国家“择天下之中而立国，择国之中而立宫，择宫之中而立庙”的说法。看来，这一理念，伴随着最早的“中国”王朝的崛起，在二里头时代已经出现。●中庭可容万人的朝堂建筑在已发掘的10座大中型建筑中，1号宫殿基址是面积最大的一座。它是宫城西路建筑群的核心建筑，使用时间基本和宫城相始终，也是二里头文化晚期。这是一座建立于大型夯土台基之上的复合建筑。建筑由主体殿堂、四围廊庑和围墙、宽阔的庭院和正门门塾等单元组成，规模宏大，结构复杂，布局谨严，主次分明。如果你对10000平方米这个数据还没有一个形象的概念，那么可以把它和一个足球场的面积比较一下。国际标准足球场地的长度是105米，宽度为68米，总面积才7140平方米！当中国历史上史无前例的、如此大体量的建筑凸现于东亚大陆的地平线上，它的出现背景和象征意义，是可以想见的。1号宫殿基址主体殿堂位于台基北部正中，凸出于台基面之上，东西长36米，南北宽25米，面积900平方米。殿堂坐北朝南，这是中国古代建筑最惯常的格局。它应当出于实际功用和象征意义两方面的原因。这样可以使建筑物最大程度地暴露在北半球明亮、温暖的阳光下。统治者面朝南方接受臣民的觐见，正符合孔子把有道之君比作北极星的政治理念(《论语·为政》：“为政以德，譬如北辰，居其所而众星共(拱)之”)。主殿南距大门约70米，堂前是平整宽阔的庭院，面积约5000平方米左右，可以容纳数千人甚至上万人。从院内向矗立在高高的台基上的主殿望去，想必会生发出一种敬畏的感觉。这样的设计，让人想到萧何为汉高祖刘邦建造未央宫时的思路，其理念是“天子四海为家，非壮丽无以重威，且无令后世有以加也”(《史记·高祖本纪》)。1号宫殿正门在南庑的中部，对应主体殿堂。门址上残存的建筑遗迹有柱础和墙基，纵贯建筑有3条门道，宽约2.5～3米，门道上发现有安门的遗迹。门道外的路面向南倾斜延伸。3条门道将该建筑分为4部分，每部分各应有房间，古代称“塾”，即现在所谓“门房”。宫殿外围是廊庑与围墙。其中北、东、南三面廊庑都有内、外廊，中间以木骨墙相隔，墙内外各有成排的廊柱，形成宽约3米的廊道。西庑则只有内廊而无外廊，廊道宽约6米。廊柱间距均为3米余。四周廊庑都可复原为两面坡的带顶回廊。一般认为，1号宫殿应是统治者进行祭祀活动、发布政令的礼仪性建筑，但究竟属宗庙还是“朝堂”，抑或别的重要建筑，则众说纷纭。用主殿、门塾和廊庑构成一个封闭的四合院，主体殿堂坐北朝南，前临广庭的格局，为此后中国历代宫室建筑所承继，其建筑规制在中国文明史和中国建筑史上都具有划时代的意义。本书主要利用考古发掘与研究成果，辅之以出土与传世文献及相关学科的材料，以二里头遗址为切入点，系统地阐述了东亚历史上最早的广域王权国家即早期“中国”形成的过程。全书既有宏阔的视野，又不乏细致入微的观察。 我要评论,4,3,0.8264732360839844
台媒关注北京楼市 业者料明年初可能是进场时机北京房地产今年成交量爆增，刷新历史纪录；且价格上涨凶猛，更甚于2007年的房市高峰期。台湾媒体也给予很大关注，台湾《旺报》的报道说，虽然京城楼市的“金九银十”行情以平淡开局，但因市场刚性需求强，前景仍看好。房地产业者预期今年第4季和明年第1季可能展开紧缩措施，届时可能是进场好时机。 以下为文章主要内容：北京房地产市场自今年3月以来，价量齐扬，表现突出。去年因为金融风暴受到压抑的买气，一举爆发。虽然9月分市场已对涨高的房价开始显露观望心态，但因北京房市的刚性需求强，优质地段的住宅、店面和写字楼依然抢手。新兴的北三环，在奥运之后，挟着完整的市政规画建设，也成为受瞩目的新标的。 压抑过后 需求大增 上海信义房屋研究部唐颗指出，北京今年1月到9月的房地产交易量创下历史高峰。截至9月28日，住宅类成交17万3860套，较去年全年的成交量10万套高出许多。今年全年预估可成交22万套，也将是历史新高。2007年房市高峰期时，全年的成交量也只有15万套。 北京房市今年的火爆，主要是自去年10月以来，金融风暴重创经济，压抑了原有的房市需求。远雄集团北京远中房地产开发公司经理庄明龙表示，自去年10月到今年2月，市场普遍呈现观望，价格也比去年同期跌落2到3成。到了3月，北京开始展开房市政策松绑措施，加上释放一些利多消息，例如恢复第二套房的贷款，使得压抑许久的需求一下子爆发。 北京房市因为外资以及外地人口的不断涌入，刚性需求向来很强。唐颗指出，今年3月以前，每月成交是1万套，3月以后每月都有2万套的成交量。依据北京市房地产交易管理网的统计显示，特别是二手房的成交量，今年截至9月25日止，已经达到17万9384套，较去年全年的成交量，增加高达150.89%。 价格合理 成交才会增加 在价格方面，唐颗指出，目前北京的房价也比之前房市高峰期2007年平均贵上20%。例如北京四环以内的房价，去年平均才1.5万人民币/平方米，但最近已达到2万以上，比上年上涨30%以上。8月全月北京商品房开盘专案均价已达到1万6200元，比年初上涨了60.6%。 也因为价格已上涨一波，9月的销售量和成交均价已开始下滑，传统“金九银十”的行情今年不再热销。上海信义房屋指出，主要是房价增长过快，观望氛围明显加重。也是因价格走强因素，比起去年9月开发商打大折扣、推特价房、尾房的价格低至8折，使得最近一周的成交套数出现下降，这一信号对高涨的楼市算是一个警讯，因为只有合理的价格才能促使成交增加。 远雄集团(中国)经理庄明龙指出，未来要特别注意国庆假期后的第4季到明年第1季，因为北京的房市长期还是看好，如果第1季因为政策而使房价受到影响，反而是进场的好时机，预估明年第2季价量可能就会再上升。 对于北京置产的选择，庄明龙指出，北京东南西北四个区是属性相当不同的生活圈，购买房地产时，要依自己的需求选择合适的区位。 东区首选朝阳区 北京市最好的区段位于东区。CBD是最精华的商业区，办公大楼林立、交通方便、人潮川流不息、国际化程度很高。以CBD中心区的银泰中心来说，整个建筑群包括高档写字楼、五星级酒店、酒店式公寓和购物餐饮娱乐设施。公寓售价至少是7万至8万人民币，折合台币每坪在100万元以上，是北京最高档的区域。 东区置产的首选是朝阳区。目前均价约1.3万至1.4万元。庄明龙认为，在CBD周边的东四环是升值潜力区，目前房价已达到2.5万~3万元。 北区有奥运村加持 另外他也看好北区的北三环，这是2008年奥运村的所在地。大陆在兴建亚运和奥运选手村时，都是依一般住宅的规划兴建，待运动赛事之后，选手村的住房就可以销售给一般人。北京奥运选手村也计划有一半的住宅会公开销售。 庄明龙指出，奥运村是新规划区，大陆官方投入许多资源建设，地铁会通往此处，居住环境渐入佳境，虽然位置偏北，但选择地铁沿线购屋仍是相当理想。 北三环、四环目前的均价是1.3万元。北区最贵的区域在中关村，这里是高科技人才群聚的地方，也有不少研究机构和学术单位，均价约2.5万元左右。 南三环具增值空间 南区的部分，庄明龙建议以南三环较佳。主要是因为此区接近热闹的东三环，较有增值的空间，例如崇文区、宣武区、方庄都可考虑。目前南三环价位约2.5万~3万元之间。 西区主要是军公教人员居住的地方，房价向来平稳。 北京豪宅今年以来买卖也相当热络。高力国际指出，第3季经济稳步回升，为市场提供了增长基础。1至8月分，北京市商品住宅销售面积达182.8万平方米，同比增长160%。 豪宅市场价量齐扬 特别是在投资者考虑抵消通货膨胀的驱动下，北京豪宅市场买卖需求显示强劲，例如合生华府本季成交29套，相比前季度仅有1套的成交量，销售量显着上升。 在价格方面，因为投资客加速进场的推动，北京豪华公寓的平均价格达到3万865元，也较上年同期上升6.8%。 北京的豪宅区大致上位于朝阳区、崇文区以及天安门周边的内二环，包括东二环、西二环和北二环，价格大约都在6万~7万元起跳，相当于台湾每坪105万元的行情。 高力国际指出，北京豪宅市场总存量在第3季增加到3万3098套，其中1082套新竣工专案，分别来自于燕莎朝阳公园区域的北京星河湾三期和远洋公馆，以及亚运村地区的万达大湖公馆。 由于豪宅的销售量和价格同步上升，市场上有愈来愈多的豪宅专案开始销售，包括燕莎朝阳公园，建国门，中关村地区的世茂三里屯，贡院9号，钓鱼台七号院等。 尽管全球经济尚未完全好转，北京市内的许多跨国公司对于扩张也很审慎，但因为夏季商务活动增多，促使第3季北京豪宅销售上升至1215套，整体豪华公寓市场空置率为27.46%，环比下降1.34个百分点。在租金方面，整体下滑至每月/每平方米/人民币130.94元，较上年同期下跌2.80%。 我要评论,4,7,0.9020266532897949
中国家庭私人财富中40万亿为住房 已成一座大山从“李顺大”到《蜗居》如果我们把小说《李顺大造屋》和电视剧《蜗居》放在一起，也许能粗略地拼凑一个图景：60年来，中国人为了能获得一间房子，付出的努力可以用“艰苦卓绝”来形容。在《李顺大造屋》里，作者为我们描述了土改时，苏南地区房子的情况：“沪宁线两侧，以奔牛为界，民房的格局，截然不同：奔牛以西，八成是土墙草屋；奔牛以东，十有八九是青砖瓦房。”奔牛镇位于常州市，算是苏南地区。自从宋朝以来，素称“鱼米之乡”的苏南地区就是中国最为富庶的区域，不过，一直到土改时，李顺大听到的老话还是“十亩三间，天下难拣”，“真要造得成，你也得吃半辈子苦”。农民造房，当然要便宜很多，估计在1950年代，造个三间大瓦房需要500元左右。为了这500元，李顺大辛辛苦苦，为了省钱，连干饭都不吃，他妹妹为了帮哥哥攒钱，连出嫁都耽搁了。从国家统计局公布的数据来看，1949年，中国农民的人均纯收入仅为44元，这44元并非现金，主要是实物收入(就是把粮食等收成折合钱而得到的数据)。苏南地区应该比全国平均水平好不少，但是，为了攒这笔钱，李顺大家三个成年劳动力奋斗了七八年，才攒够造房子的材料。结果碰到了大跃进，材料被征用了。后来，又经过数年的努力，攒够了钱，却碰到了“文革”，有钱也买不到材料。到了1978年，也就是李顺大的房子已经造成了之后，全国农村地区人均住房面积仅为8.1平方米，其中相当一部分房子还是土坯房；到了2008年，情况有了实质性的改善：人均使用面积32.4平方米，其中砖瓦房和钢筋混凝土结构住房占87.3%。城镇居民的人均住房面积要比农村地区少一些，但是，房子的质量要好不少。按照国家统计局公布的数据，1956年，城镇居民人均居住面积仅4.3平方米，而且，只有少数城镇居民拥有自己的住房。2008年城镇人均使用面积增加到23.0平方米，且自有住房拥有率达87.8%。住房占家庭财富一半根据国家统计局的数据，假设农村地区住房折合现价800元每平方米，则全中国农民住房的总价值为18.66万亿元。假设城镇居民住房的平均价格为2000万每平方米(这大约是2000年全国商品房的平均售价)，则城镇居民住房的总价值为27.14万亿元。这两个数字简单相加，则中国住房的总价值大约为45.8亿元。当然，在城镇居民住房里，大约有12.2%的产权还不在居民手中；另外，全国住房贷款总额大约为3.6万亿元，剔除这两项，属于私人所有的住房的总价大约为40万亿元左右。而2008年中国的GDP才30万亿元。值得说明的是，这是一个偏向保守的估计，因为最近几年，城镇地区的房价上涨得非常厉害，如果按照今年的最新价格估算，城镇住房的价值要翻番；在农村地区，农民建房的成本也在不断上升，因为材料费和人工费都在不断上涨。对于今天大多数的中国人来说，没有任何一项别的财富能超过房子的价值。从人民银行的网站上，我们可以查到，2009年8月，全国居民的存款总数为25.24万亿元。我们知道，沪深两市的总市值现在大约为20万亿，其中大约三分之二为国有股和其他法人股，真正属于居民财富的大约只有三分之一，也就是7万亿元左右。另外一些家庭财富，比如保险、艺术品、黄金等，总额都非常小。当然，除了以上投资品之外，中国人的家庭还有诸如汽车、家电、家具、服装等消费品。综上，中国人的家庭私人财富总额大约为80万亿左右，其中40万亿为住房，25万亿为存款，7万亿为股票，剩下的是一些别的财富。成功的投资，最大的包袱在过去的十来年里，住房的价格发生了巨大的变化。根据国家统计局统计年鉴的数据，1991年时，全国商品房的平均售价仅为756元；仅仅四年后的1995年，就翻了一番，达到1509元；再过十年，到了2005年，又翻一番，达到2937元，2007年的数据则为3645元，今年上半年的均价已经超过了4500元。也就是说，在过去的18年里，房价上涨了近5倍，年均价格上涨超过10%，比同期的GDP增长还要快。这还是全国的平均情况，在诸如北京、上海这样的中心大城市，房价高得惊人，涨幅也更惊人(上海今年竟然出现了单月销售均价超过1.8万元的情况)。难怪《蜗居》的主人公海萍，“攒钱的速度永远赶不上涨价的速度”。快速上涨的房价让房产投资成为过去十年中最容易获得成功的个人投资领域。在过去的十年里，在北京、上海这样的中心城市，房价大约上涨了四五倍(全国商品房的均价在过去的十年里大约上涨了1.5倍)，考虑到按揭的放大作用，10年前在这些地方投资房子的人，现在的收益超过10倍并不稀奇。不过，一些人的蜜糖是另外一些人的毒药。高居不下的房价也成为中国人最大的包袱。在小说《蜗居》里，主人公的家庭年收入超过10万元，但是，为了孩子，为了买房，却过着天天吃光面条的日子。这应该不算过分夸大。房子，已经成为重压在人们身上的一座山。 我要评论,4,1,0.5191352963447571
美国严查海外银行账户 冲击亚裔富二代据台湾《中国时报》报道，美国政府严查境外银行账户，凡有绿卡或公民身份者海外存款超过一万美元，应在10月15日前申报，凡是隐藏海外账户被查获者，美国国税局将予以重罚，甚予以刑事起诉。这项规定冲击到许多亚裔富豪，包括台湾富豪第二代，这些人现在考虑放弃美国公民身份。美国《商业周刊》说，多年来，亚洲富人一直把美国公民身份看成是方便的安全网，不过，成为美国公民有其不利之处，就是有缴税义务，而且不论在国内或海外的收入一律要申报，现在因为美国要清查海外账户，有些富豪为了避税，开始有放弃美国籍的念头。美国国税局早在十多年就有规定，海外存款、证券、共同基金或退休金账户超过一万美元者，均须申报。但这项规定一直未严格执行，直到今年8月瑞银集团(UBS)供出4450个美国富豪逃税名单，海外账户问题再度受到重视。美国国税局特提出一项赦免计划，过去6年有收入但未据实申报者，鼓励在9月23日以前自愿申报，后来因申报人数太多，又延后到10月15日，并郑重表示绝不再延后。凡在10月15日截止前申报海外账户者，须缴纳海外账户过去六年内最高总金额的20%为罚款。隐藏账户被查到者，罚金高达十万美元或账户总值的50%，追查期限超过六年。国税局警告说，逃漏税将不仅面临民事罚金，更可能被刑事起诉，最高判处五年刑期。 我要评论,4,5,0.9375889301300049
"楼市传危险信号 国土部报告建议年底调控 住房和城乡建设部、国土资源部等房地产调控部门纷纷通过不同形式，就当前房地产市场形势，发出自己的声音。10月9日，国土部智囊机构中国土地勘测规划院则发布了一篇题为“房地产行业价涨量跌现象探析”，指出9月份以来出现的“价涨量跌”问题可能是个危险的信号，没有实体经济复苏和适当的调控政策应对，房地产行业会走向一个更危险的极端。而住建部日前也全文发表了一篇该部部长姜伟新的署名文章，姜伟新指出必须建立分层次供应的住房体系，鼓励自住型和改善型住房需求，抑制不合理住房需求。危险的信号较之2008年出现的“价涨量跌”现象，上述国土部土地勘测院发布的“房地产行业价涨量跌现象探析”(以下简称“报告”)中指出，2009年6月份之后出现的全国性“价涨量跌”现象，是一个危险的信号。上述“报告”中指出，6月份以后国内房价以每个月环比1%的递增速度增长，但是交易面积却逐月大幅度下降——6月份全国房屋销售面积接近1亿平方米，而7月份就下降到了8000万平方米以下。“报告”中认为，今年4月份以后的房地产市场复苏是国内扩大内需等政策刺激下造成的。尤其是企业贷款增加，而又不投入生产性领域，转而将资金投向房地产市场寻求高利益回报。社会投资者在国企资金等流动性资金的带领下，也都纷纷介入房地产市场，形成了今年6月份为高峰的一轮房地产市场上升。但是，这种上升的持续性比较差，仅仅是在3个月之后，也就是7月份开始就呈现了全面下跌的态势。中国房地产和住宅研究会副会长顾云昌(顾云昌博客)9日在易居(易居博客)克而瑞“2009三季度企业销售情况报告”会上指出，9月份和10月份的行情仍旧会持续7-8月份的走势，但是房价明显已经成为交易量的杀伤器。易居克而瑞发布的研究报告称，根据房地产公司销售20强研究的报告结果，房价已经成为各主要房地产上市公司销售量下降的主要原因。对比7月份克而瑞发布的上半年房地产企业销售20强报告可以看出，今年第三季度房屋销售数据出现了微妙的变化。销售冠军万科从第一的位子上掉下来，一向以大盘、低价著称的恒大地产(企业专区,旗下楼盘)则快速上升。万科的排位变化尤其值得人们关注。其第三季度销售金额为120.8亿元，销售面积122.57万平方米，分别位于第二和第四。而在上半年的报告中，万科各项指标都处于第一。今年上半年，万科销售房屋平均单价约是8819元/平方米，而第三季度的平均房价就达到了9855元/平方米，房价上涨10.5%；今年上半年单价销售最低的世纪金源集团，销售单价是3346元/平方米，而今年第三季度的销售房价就达到了3712元/平方米。虽然绝对单价仍然很低，但是较之上半年的销售单价则上涨了10.8%。而第三季度以123.30亿元的销售业绩快速蹿升到第一位的恒大地产，对比其上半年和第三季度的销售单价变化，却有另外一个意思：记者综合计算后发现，恒大地产今年上半年销售单价是5318元/平方米，第三季度销售单价是5353元/平方米，仅涨价0.6%。中国房地产测评中心主任龙胜平说，恒大跃升房地产企业20强销售第一，说明了以上市和扩大销售额为目的的销售策略，跑赢了以单个项目利润为追求的模式。“报告”也指出，土地购置面积和开工面积大幅度下降，导致了房屋供应量减少，如果没有相应的调控政策出台，则房价在严重偏向卖方市场的情况下很难下降，而国内房地产市场也将维持这个“价涨量跌”的趋势。调控契机还有2个月就到年底，去年年底出台的为期一年的稳定房地产市场的政策是否会调整，就成了市场关注的热点。上述国土部的“报告”中指出，在实体经济恢复不到位的情况下，房地产扶持政策会将该行业变成一个投机和投资的行业。7月份以后市场表现出来的价涨量跌的行情，就说明了市场的犹豫和观望。“报告”指出，应该出台相应的政策对当前泡沫化的房地产市场进行调控。除了继续扶持中小企业发展，增加就业等发展实体经济的政策外，还应该针对房地产市场过度投机的问题，出台系列强化政策。例如，实行土地供应结构多元化，继续加强对保障性安居工程和中小户型房屋的供地，控制高档房屋供地，从源头上抑制企业投机行为。中国土地勘测规划院地价所所长赵松此前向记者表示，建议国务院落实之前出台的开发商竣工时间和建设标准的合同的规定，将开发商建设、竣工时间等写入土地出让合同，政府依据合同监管开发商开发进度，可以有效防止囤地。一位接近国土部的专家则指出，年底可以考虑适当从紧的政策对房地产市场进行调控。并不是说要稳定房地产投资就对房地产高投机行为放任不管，积累泡沫而发生较大的系统风险。可以采取具体政策对房地产市场比较明显的问题进行局部调整，不建议对2008年底出台的稳定房地产市场的政策进行大幅度调整，但是有些扶植性政策可以废除。不过，也有些专家认为当前房地产市场情况不构成对房地产行业实行紧缩性调控的理由。顾云昌表示，“金九银十”出现的交易量下降问题，只是个别城市的问题。市场交易量在9月份以后出现了企稳，就说明了市场将走向一个稳定发展的时期。因此，2010年是否就要对房地产市场进行紧缩性调控，依然要看2010年宏观经济的开局怎么样。 我要评论",4,7,0.884742021560669
首批海淀区科技企业加速器揭牌9月30日，海淀区科技企业加速器揭牌仪式在东升科技园举行。区委常委、常务副区长、海淀园管委会副主任杨志强为东升加速器揭牌，同时为启迪加速器、永丰加速器授牌。为落实海淀区委、区政府颁布的“1+20”相关政策，根据《海淀区促进科技企业加速器发展暂行办法》，海淀园管委会服务体系与公共平台建设处会同区科委，对多家企业提出的加速器认定申请进行初审，并组织有关专家评审，最后经区政府常务会审议批准，认定启迪加速器、永丰加速器、东升加速器为首批海淀区科技企业加速器。我要评论,4,9,0.9157125949859619
刘晓光：国进民退是否会造成新的垄断主持人：下面我们有请首创集团董事长刘晓光先生演讲，他演讲的题目是：国进民退是否造成新的垄断。刘晓光：大家知道改革开放的成果怎么来的，为什么出现社会繁荣，产业大发展，这三十年来小平同志关于改革开放，我们的市场经济理论，民营经济的发展，这些可能都是一些重要的动因，没有谁可以否定的，但是最近确实有一些舆论或者动向，也有一些迹象，有人说金融危机，中国经济之所以风景这边独好，是因为国有经济很强，垄断是有好处的等等说法，我想我做一个简单的思考，一个思考就是关于国进民退在当前的经济条件下主要体现在哪些方面，今天是一个地产的金融年会，我想从几个方面简单做一个分析，首先地产方面是一个充分竞争的市场，就不排除包括央企进入，传统的央企和新的央企进来，这里面我想有一些数据简单的分析一下。一个数据是100多家央企中涉及土地的有16家，1998年住宅市场化之后，中国房地产市场程度比较高了，国企占的市场份额当时并不高，最近十年来，这个份额提高到20%多，最近的情况大家看到了，央企加大了进入房地产行业的力度，不光是央企，还有地方的国企，我们前一段时间开部分的省市投资会的时候，很多公司原来是做电的，或者煤的，去年发生了一些变化，有一些公司做了很多的房地产，他们现在纷纷的进入了房地产的领域，业内很熟悉的很多央企，包括不熟悉的中化、中铁等等，另外从今年以来国进民退来讲，央企拿地比较迅猛，大型的国企拿地将近70万平米(北京)。以万科和保利掀起了新一轮的房地产企业发展模式之争，也是很大的信号，还有一些企业，比如说央企，采取迂回的模式进入房地产领域，从以前上市公司A股前十名来看，60%民营，一两家国有，但是现在来看，60%是国有，两三家混合经济，民营企业很少了。第二个方面，我们原有的传统的通讯、石油、电力、烟草以及公益事业现在是垄断的，现在还是这样的状况，但是以往鼓励的基础设施的产业民营化、市场化，现在这表现为基础设施所有权的国有化的呼声，情况是有一些变化的，原来可以进入的一些基础设施领域，基建的领域，现在慢慢的往回走，金融危机以来大家投入了很多的铁公鸡，大家知道最近关于煤炭的整合，一些矿产资源的整合，可能都是一种信号。第四个方面来讲国有企业金融危机时相对于民营企业仍然能够相对充足的拿到银行信贷的支持，而中小企业和民营企业的情况肯定不一样。这是第一个大的思考关于国进民退中当前的经济情况下体现的方面。在经济危机的情况下，各国政府采取刺激经济的结构会引起私人投资的下降，这种规律从现实来看是一致的。从实践情况来看，社会的公民与效率当前更加偏重公平的问题，在发生经济衰退的情况下，大型的或者垄断的国有企业相对于抵御风险能力大一些，这种状态也提供了客观国进民退的基本条件。第三个问题思考的是关于工业化进程尚未完成的时候，一些大型的特大型的项目建设对一个城市的带动作用更大，所以国家更重视这些东西，比如说当年的二汽进入山区带动了襄樊十堰市，在这些活动中国有的大企业肯定取得了关键和掌控的作用，民营企业是另外一种状态了。还有人提出来，面对改革深入发展的局面，腐败频发，通过对国有大型企业的监督和管理更容易一些等等。我再想，所谓国进民退的情况发生肯定是有客观的条件的，这里面简单的概括一下，在经济增长处于衰退调整的过程中，国家动用整体的手段时会发生这种情况，在组织规划化生产建设时，国有企业更多的进，国家重点解决社会公平时，国有企业进的更快，事实上国进可能是一定历史发展阶段时的一种现象，有时候可能会成为一个时期起主导作用的经济建设。对于国企在地产领域中我也做了简单的分析，我想大量的国企，特别是央企拿了一些地王，进入了这个领域，我想理由很简单，早期国企并不是不想进入地产，但是随着国资委的政策限制可能会有所限制，今天放松了这些东西，国家政策也在鼓励，才大举的进入，2007年的时候央企拿地少一些，08年也没有拿，09年以后现金很充足，加上4万亿的拉动造成了拿地的条件，很多大型国企由于利润的下降增长，随着资本的逐力性而言也进入了地产。地产成为一种抵御通货膨胀，产生快钱的比较好的行业，这些企业没有理由不进，我个人觉得也无可厚非。这里面有一个关于国进民退的思考的问题，就是要有一个合适的度，不能过度，这个是现实的条件产生的，要有一个合适的度，如果我们处理的不好，可能某一些行业形成垄断，产生垄断，还可能产生其他的问题，比如说第一加剧中国经济对投资拉动的进一步的依赖，这种趋势强化，中国经济的转变很难实现。在过去十年内，国家产业的创新、产业结构的提高都是不利的，所谓的二元结构中对于资源的配置效率的提高也有很大的影响，这是产生国进民退的条件。我们三十年改革开放，民营经济的经营定位不可动摇，我的说法是中国经济发展到今天，民营经济的地位不可能被其他的任何经济地位替代。从地产的角度分析一下，这个行业是竞争非常充分的行业，市场的准入门槛很低，市场化程度远远高于电力、石油等等，集中度也很低。另外一种情况国有企业也有资本逐利的要求，无论是民营企业还是国有企业进入都在一定程度上推动着中国城市化的进程，推动中国经济的发展，一方面国字头的很多大公司拿了很多的地王，但是另一方面有很多国有企业大家注意到了，也拿了很多保障性的地块，所以他们就建一些经济适用房，我想从关系上讲，国企、民企在地产领域中相互促进、推动对加速中国的城市化进程肯定有好处的。另外我想从地产角度来讲，民企不会萎缩，还会发展，目前还谈不上在地产界对民营企业的打击，如果国有企业买好地，房价推动，还都是市场的行为，还谈不上一种打压，可能目前了结果出现了一些迹象，比如说民营企业在核心城市，核心地块拿的比较艰难，比如说一级土地开发越来越多的是以国有企业为主体的发生了一些变化。在现代的历史阶段中应该处理好国进民退的关系，国进民退应该是阶段性的产物，而不应该是永久性的产物，但是来讲，我们应该大力的鼓励私有投资推动市场能力的发展，在本次  中国经济在金融危机的影响下率先复出，表现出了国进民退的现象，但是这可能只是一个短暂的阶段，中国的市场经济应该说还不够完善，不够发达，但是鼓励民营企业的发展肯定是今后的方向。当前重要的问题在于，政府应该把握经济复苏和经济振兴相互转换的关节点，促进民营企业的发展，包括目前的私募股权基金，包括小额信贷公司。最后，在国进民退中，有一个度的问题，如果度掌握的不好，可能在老的垄断行业存在的同时会出现一些行业中新的垄断的情况，应该高度重视，因为大家对于垄断实际上很痛恨，从国家的角度来讲，我们思考应该加大反垄断的实施力度，大家对油价的上涨和电信部门的抱怨本质上是对垄断的一种反映，从国际上来讲，对于反垄断的做法也是很多的，从中国的情况包括政策性垄断，资源的垄断，我想可能要解决好的话，民营经济的发展或者保持健康的结构，在反垄断方面也是非常重要的方面，由于题目比较大，政治性很强，我就把自己简单的思考讲了一下，谢谢大家。我要评论,4,7,0.9995895028114319
"国家信息中心建议促消费需适当调整住房政策 国家信息中心15日在中国证券报独家发布的报告认为，要真正促进消费增长，需要对我国住房政策作出必要调整，避免居民住房支出增长过快产生对其他消费的挤压,还应完善社会保障体制，有效降低居民储蓄。报告认为，居民在住房方面的支出增加过快，可能使其他消费受到严重挤压，消费在经济增长中的份额不断下降。因此需要在住房政策方面作出必要调整，正确处理住房与经济增长的关系。避免住房过度市场化导致低收入群体买不起住房，以及带来经济结构的失衡和扭曲。报告还建议，国家尤其是农村社保体系的完善对刺激居民消费潜力巨大，激活农村消费将对我国扩大内需战略产生决定性影响。还应积极发展消费信贷，建立健全个人信用制度，尽快制定《消费信贷法》，进而形成新的消费热点。(韩晓东) 我要评论",4,7,0.6328452229499817
艺术品及古物市场未受经济衰退影响RICS 英国皇家特许测量师学会艺术品及古物调查报告 ? 2009年第三季 于昨天公布的英国皇家特许测量师学会(RICS)第三季艺术品及古物调查报告指出低息贷款令资金持续流入艺术品及古物市场引致价格上升。 过去三个月总值平均数由百分之七(7%)倍增至百分之十四(14%)，这表示有更多的测量师认为艺术品及古物价格现正上升。从调查的响应看到大约七成的价格会上升，其中高档市场最为强劲。近代艺术品市场则较为疲弱，报告价格下跌的测量师人数比之前增加。今年第二季度报告显示有百分之二十四(24%)的测量师报告近代艺术品市场价格下跌，该比率于今季度增加至百分之三十四(34%)。过去的几个季度近代艺术品市场价格普遍下降，比起去年年初所见到的升幅有强烈的对比。珠宝和银器这两个传统的稳健市场亦见升幅。超过百分之四十四(44%)的测量师指珠宝价格仍然上升，百分之三十七(37%)认为银器价格亦在上升。 属于高档市场的油画及水彩画市场虽然录得负百分之三(-3%)的?增长，但其走势仍然强劲。多出百分之九(9%)的测量师认为艺术品价格及价值超过五万英镑(£50，000)仍正在上升，多出百分之十四(14%)的测量师认为艺术品在五千(£5，000)至五万英镑(£50，000)的价格亦同样正在上升。RICS发言人Chris Ewbank 指:“艺术品及古物市场并未受经济衰退的影响，由于它成为投资者一个投资避难所的选择，加上低利率及过去五年间的价格下调，吸引了资金的流入。整体市场价格都有上升趋势，除了近代艺术品市场在过去的一年间承受了价格的逆转，原因是大部份艺术品市场的投资者现时倾向较保值和低风险的稳健传统市场。最明显可见的是国际拍卖行在过去一年间的营业额大幅下跌，反而小型的拍卖行却渐见活跃。”我要评论,4,1,0.9862567782402039
剩女用五套房当嫁妆征婚(图)一个人在外打拼不容易，而北漂的剩女更不容易，一个女人在外打拼，连对象都不好找。这不，最近网上就有一个北漂剩女开始发帖征婚了，人家的嫁妆还是五套房呢!看她开出的条件，其实并不算很高。奇怪的是，网友都不买账，甚至有网友说:“我光要房不要人行吗?”◎网友发帖5套房当嫁妆，谁能娶我10月13日，论坛上出现了一篇名为《北漂剩女征婚:5套房产作嫁妆，谁能娶我?》的帖子，网友“abch4”说:我今年32岁，河北人，长得一般，有点黑，算是丰满，130多斤。咱是没什么姿色，但是咱不缺票子。北京5套房产就是资本!我主业是做外贸，自己有一个外贸公司。这位网友说，虽然自己身边一直不缺男人 ，但碰到的北京男人、天津男人、上海男人、东北男人等，不是爱吹牛，就是太小气，有的还特别暴力。她只得网上征婚，列出七个条件，说非诚勿扰:1、东北男、北京男、天津男、上海男一律不要，跟以上4个地方有直系或旁系血亲的也不行!2、长得可以不帅，但要干干净净，不能邋里邋遢 ，健美点的更好，纯粹为后代考虑。3、身材高大魁梧 ，178厘米以上，我将近一米六，比例比较合适，女人总是希望有个宽大的肩膀可以依靠。4、年龄30～45岁，事业成不成功不要紧，重点是踏实而且精力旺盛的男人。5、幽默、有情调，对我要温柔，要喜欢女生撒娇，野蛮的都闪边去。6、不能混混，怎么着也得有个5年计划什么的，不是蓝筹股你也得是个绩优股，我可不想花钱买个垃圾股回来。7、有欣赏美的能力，也有看美女的权利，但是在你眼里我才是最美。 ◎网友热议我光要房不要人行吗网友:想男人想疯了吧?tdwl02:先结婚，再制造车祸把她变成植物人，反正她是花钱买婚姻。北京网友:我光要房不要人行吗?人间有真情:这样找到的归宿，也是以房子作为筹码换来的，很难保证以后出现什么状况，真正的爱情不能掺杂太多功利的成分，你这么明目张胆用房子来钓鱼，不知道会是什么结果啊!爱喝白开水:顺其自然，总会遇到好的 ，找不到一个人过也没什么。那么多年不也是这样子过来，单身其实也挺好的。◎记者调查关键看人，房子次要市民夏冬现在算是青漂一族，正在单身中的他，听到这个消息后，觉得这样的事情肯定是网上炒作。“首先，谁有那么多的房产，还放在网上炫耀啊!再说，从照片上看样子，觉得这个女孩也不像她说的那个样子。反正就是感觉不真实，我是不会相信的。”当记者问他假设这个事情是真的话，他说，“虽然我也是打工一族，但是说到婚姻，还是很重要的，我是不会那么儿戏，轻易去选择一个人，或者因为房子而喜欢上一个人 ，要不然咱也不会剩着了，对吧?如果现实中真有这样的一个人，我也要先跟她接触一下，看看这个人适不适合自己，自己喜不喜欢再定，房子的话，是次要因素，关键还是看这个人。”记者就此事咨询了I爱交友网的负责人张旭先生。张旭对此事倒是很能理解 。他说，其实这个女孩的做法是可以理解的。因为商品社会，感情是很难与钱完全独立的 。有钱的剩女要求条件高一些，也是无可厚非的 ，其实说白了，这也可以算是一种资源置换吧。个人追求不一样，你不能说人家的就一定是错的。但是单纯从感情上来说 ，这样的婚姻肯定是不可靠，需要两个人更努力去维持才行。·海选美女百里挑一 富豪征婚先量美女的三围·已婚男老师上网征婚 被指见面当晚强奸女白领·母亲带房产证为博士女儿征婚 指定要找男博士·80后网上贴母亲美艳照片 自称为妈妈征婚 我要评论,4,3,0.899769127368927
花旗首席经济学家：央行最早明年二季度加息商报讯(记者 崔吕萍)“明年信贷增量将维持在高位，个别月份通胀率将突破4%，预计央行最早在明年二季度加息。”昨日，花旗集团大中华区首席经济学家沈明高昨日在接受本报记者采访时这样表示。9月份新增人民币贷款5167亿元。这一数据高于此前4000亿元的市场预期，而前三季度8.67万亿元的信贷增量预示着全年信贷增量将突破10万亿元，充裕的流动性使市场担心通货膨胀的突然来袭。对此沈明高认为，加息取决于通货膨胀的预期，明年通货膨胀率或达到3.4%(据投研报告显示，今年通胀率也在2%以上)，不排除个别月份出现4%的通胀增长。通胀增长超过4%，加息变成可能。“通胀本身带给市场的影响有限，但由通胀预期带来的市场投机过度激进，直接导致房地产市场、黄金市场被严重炒作。”沈明高表示。与此同时，沈明高认为，中国经济的复苏是流动性推动的复苏。“从今年前三季度人民币贷款增加8.67万亿元趋势推算，预计今年全年信贷增速将实现10万亿元，同比增长33%。明年新增信贷规模仍维持在8万亿到10万亿元之间，同比增长20%到25%。”“信贷规模如果连续两年呈现10%左右的增长速度，将给银行带来极大的资金压力，在这一背景下，银行只能够一面从资本市场‘抽血’，一面为公司提供贷款。”沈明高表示。 我要评论,4,1,0.9980162382125854
六成人认为香港现时楼市的炒风严重中新社香港十月二十日电香港近期豪宅楼创“天价”，一项由政团所做的调查显示，有九成一受访香港市民认为现时楼价偏贵，有六成人更认为香港现时楼市的炒风严重。民建联于今年九月下旬以电话随机抽样的方式访问了近六百名市民，结果发现有达四成受访香港市民认为未来一年楼价还会再上升，四成八受访者更要求政府现时出手遏抑楼价。在楼价高企下，有近五成七受访者表示自己或家人未来一年不会置业，主要原因是欠缺供楼能力。调查亦发现，有逾七成受访者支持继续兴建居屋，近六成八人亦认为应继续推行公屋租置计划。但香港地产发展商恒隆集团主席陈启宗认为，香港现时楼价升幅主要反映在豪宅价格上升，豪宅价格不影响市民大众生计，对社会的影响不大。他又指，香港有超过九成的住宅都是一般住宅，这个部份没有出现泡沫，现时仍有很多较便宜的住房，市民是可以负担的。 我要评论中新社香港十月二十日电香港近期豪宅楼创“天价”，一项由政团所做的调查显示，有九成一受访香港市民认为现时楼价偏贵，有六成人更认为香港现时楼市的炒风严重。民建联于今年九月下旬以电话随机抽样的方式访问了近六百名市民，结果发现有达四成受访香港市民认为未来一年楼价还会再上升，四成八受访者更要求政府现时出手遏抑楼价。在楼价高企下，有近五成七受访者表示自己或家人未来一年不会置业，主要原因是欠缺供楼能力。调查亦发现，有逾七成受访者支持继续兴建居屋，近六成八人亦认为应继续推行公屋租置计划。但香港地产发展商恒隆集团主席陈启宗认为，香港现时楼价升幅主要反映在豪宅价格上升，豪宅价格不影响市民大众生计，对社会的影响不大。他又指，香港有超过九成的住宅都是一般住宅，这个部份没有出现泡沫，现时仍有很多较便宜的住房，市民是可以负担的。 我要评论,4,7,0.9972634315490723
近三年超百亿美元基金押注亚洲房产中国证券报10月26日讯 从2007年第一季度到2009年上半年，共有17只针对亚洲市场(投资范围包括中国内地)的私募股权房地产投资基金成功完成募集，涉及募资总额达127.27亿美元。从2006年第一季度到2009年第二季度，中国内地共发生82起针对中国房地产企业或房地产项目的私募股权投资案例，涉及投资总金额为90.01亿美元。2006年至2009年上半年共发生12只基金支持的6家房地产企业IPO事件。权威数据显示，受全球金融危机的影响，2008年第四季度以来可投资于中国内地的新募房地产基金的数量及募集金额均有大幅下降。从去年年底至今，仅有一只规模为4.00亿美元的私募房地产基金完成募集。而投资方面也呈现明显的波动性，今年一季度，房地产行业仍处于发展低谷期，房价持续下滑，这为私募股权基金创造了非常有利的进入时机。2009年第一季度共发生6起针对中国房地产企业或房地产项目的投资，投资活跃度处于2008年以来的最高点。而进入2009年第二季度，随着成交的持续活跃，房地产开发商自身的资金压力得到了进一步的缓解。因而，房地产开发商与私募股权基金合作的需求较早前有明显下降。统计数据显示，2009年第二季度，仅有1起针对中国房地产企业的私募股权投资案例发生，涉及投资金额为2，928.26万美元，不论是交易数量还是交易金额均处于历史最低点。而从中国房地产行业私募股权投资地域分布来看，私募股权基金对中国房地产市场投资的地域战略布局主要聚焦在长三角、环渤海、珠三角等经济较发达地区。从投资金额来看，上海、北京分别以22.76亿美元、21.24亿美元的投资额遥遥领先于其他省市地区；广东省以12.00亿美元的投资额位居第三。(徐畅) 我要评论,4,1,0.9824309945106506
近三年超百亿美元基金押注亚洲房产中国证券报10月26日讯 从2007年第一季度到2009年上半年，共有17只针对亚洲市场(投资范围包括中国内地)的私募股权房地产投资基金成功完成募集，涉及募资总额达127.27亿美元。从2006年第一季度到2009年第二季度，中国内地共发生82起针对中国房地产企业或房地产项目的私募股权投资案例，涉及投资总金额为90.01亿美元。2006年至2009年上半年共发生12只基金支持的6家房地产企业IPO事件。权威数据显示，受全球金融危机的影响，2008年第四季度以来可投资于中国内地的新募房地产基金的数量及募集金额均有大幅下降。从去年年底至今，仅有一只规模为4.00亿美元的私募房地产基金完成募集。而投资方面也呈现明显的波动性，今年一季度，房地产行业仍处于发展低谷期，房价持续下滑，这为私募股权基金创造了非常有利的进入时机。2009年第一季度共发生6起针对中国房地产企业或房地产项目的投资，投资活跃度处于2008年以来的最高点。而进入2009年第二季度，随着成交的持续活跃，房地产开发商自身的资金压力得到了进一步的缓解。因而，房地产开发商与私募股权基金合作的需求较早前有明显下降。统计数据显示，2009年第二季度，仅有1起针对中国房地产企业的私募股权投资案例发生，涉及投资金额为2，928.26万美元，不论是交易数量还是交易金额均处于历史最低点。我要评论,4,1,0.9824309945106506
国土部：地价涨速赶不上房价国土资源部27日发布《2009年第三季度全国主要城市地价监测报告》(下称《报告》)显示，今年第三季度，全国各类土地价格环比第二季度全部上浮，其中住宅用地价格环比上涨2.27%，这一数据低于同期新房价格涨幅。同时，国土资源部预测，随着四季度信贷政策转向，地价短期内继续上涨幅度有限。逾九成城市地价上涨2009年第三季度，受宏观经济持续好转因素的影响，房屋销售价格持续上升，居住用地需求有所增加，各城市居住地价环比增长率有所回升，部分经济发达城市和资源型城市的增长率出现较大幅度回升。《报告》数据显示，2009年第三季度，全国商业、居住、工业地价环比增长率分别为2.25%、2.27%、1.32%；同比增长率分别为0.85%、0.73%、-1.52%；1-9月累计增长率分别为3.35%、2.34%、0.58%。工业地价受土地等别和工业用地出让最低价标准实施政策调整的影响，环比增长率的增幅最小，同比增长率仍呈下降趋势；受经济企稳、楼市回暖的影响，商业、居住用地需求有所增加，商业、居住地价环比、同比涨幅均较大。全国105个主要监测城市中，九成以上的城市综合地价环比增长率为零或正向增长，只有8个城市为负增长。住宅地价三季后正增长《报告》称，居住用地价格快速上涨表现尤为明显，今年经济形势向好大大增加了房地产开发企业的投资信心和购房者的购房需求，从国家统计局公布的数据看，房地产开发企业完成住宅投资的同比增长率和70个大中城市新建住宅价格同比增长率逐季上升。受其影响，居住用地需求有所增加，居住地价同比增长率由一、二季度的降幅逐季放缓，转为第三季度的正向增长。国土资源部在《报告》中表示，居住地价环比、同比增长率与2009年7-9月全国70个大中城市新建住房销售价格环比(3.03%)、同比(2.70%)增长率变化趋势保持一致，但环比、同比增幅分别低于新建住房销售价格0.76和1.97个百分点。换而言之，尽管第三季度全国屡屡产生地王，但整体土地价格上涨速度还是低于住宅产品的价格涨幅。信贷转为“稳中有升”《报告》显示，进入二季度以来，房地产市场明显升温，9月全国70个大中城市房屋销售价格环比连续7个月上涨。受以上因素影响，第三季度土地需求持续增加，一批新的高价地先后在北京、上海、广州、南京、深圳等城市出现。第四季度，随着居住用地供应量大幅提升，加之信贷政策由上半年的“升中求稳”变为“稳中有升”，居住地价短期内进一步回升幅度有限；商业地价将基本保持小幅平稳上升态势。总体来看，2009年第四季度，城市地价总体水平将随我国宏观经济发展趋势继续小步回升，但居住地价的变化将随楼市的调整而波动，并体现出一定的滞后性。 我要评论,4,7,0.9700268507003784
"拒绝买房八理由：买房等于无偿为银行等打工20年 也许您还在为高房价而苦恼。如果您所要购买的房子，总价格超过了夫妻双方6年的纯收入总和，那么，我就建议您不要买房。首先，如果您是贷款买房，未来20年左右，您都要无偿的为政府、开发商或银行打工。而且，这种打工是无条件的，您没有反悔权，议价权，甚至是提前还贷权。而一旦您由于某种原因无力继续支付月供的时候，房子就不再属于您了，不论您以前曾经为此付出过多少。; 第二，如果您得到了父母的支持买房，您忍心用他们的血汗去换一套冰冷的房屋？第三，买房住未必比租房住条件好。比如，您购房的首付款是50万，月供5000元。如果您把这50万留在手中，每个月用5000元去租房住，您至少可以在100个月内不用为没有房子住发愁。按照目前的市场价格，5000元租到的房子要比用50万首付买到的房子条件好。而且此时，您收入的100%都是您的可支配收入，还有始终有几十万的资金可以让您机动处置。第四，不买房可以让自己更加随心所欲的选择生活方式。收入高的时候，可以选择高档宽敞的房子租住；收入下降或者失业了，可以换个小房子住，完全不用担心自己会因无力还贷而失去房产。另外，现代社会，人的工作甚至是就业城市都不是一成不变的，没有房产，来去自由，也就没有羁绊。买了房子，您就是穷人，要为别人打工卖命；而如果不买房子，您还是个百万富翁，有足够的能力开始一份完全属于自己的事业，何乐而不为。第五，买房子最多有70年产权。房子的使用寿命能不到70年，很难说；您房子所在地段几十年后会不会被拆迁，很难说；70年后，房子是不是归你所有，很难说；您愿不愿意在一套房子里住几十年很难说……20年后,当您终于费劲还清贷款的时候，那套设计老旧的房子和小区，是否还能得到您的喜爱呢？把青春和金钱出卖给一个如此不靠谱的房子，是不是太可笑了？第六，房产未必升值。不错，房价是在上涨，但如果你不是个房地产的投资者，而只是个普通的消费者的话，房产升值对您毫无意义。虽然房子的价钱涨了，但房子使用价值和交换价值却进一步下降了。因此，以为房价涨了，自己就赚到了，实际上只是个错觉。第七，自己苦了一辈子，不见得能为后代带来幸福。很多人会想，自己买了房子，死后可以留给孩子。这又是一个不切实际的愿望。且不说房子到时候会不会面临拆迁，就是上面说的，您都住了几十年的老旧房子，老旧小区，您的后代还愿意住吗？第八，现金总是比房子有用。虽然固定资产与现金各有不同的使用价值，但现金是实际可支配的财富，而固定资产则不容易转化形式或者变现。现金面临的贬值风险是通货膨胀，而固定资产面临的贬值风险则是折旧。积极合理的投资可以适当的减小通货膨胀的影响，而固定资产的折旧则是完全不可避免的。对于一般的个人消费者来说，房产就是价值最大的固定资产，其事实上的快速贬值是个体消费者无力改变的。我要评论",4,1,0.6543214917182922
80后大学毕业生多蚁族(图)北京大学博士后廉思主编的调查实录《蚁族》出版，将其带入公众视野。有人说，“蚁族”可能成为“像‘知青’那样流行的单词”。“蚁族”不是蚂蚁，却有“高智、弱小、群居”的特征，故得名“蚁族”。他们多是“80后”大学毕业生，虽曾接受高等教育，但收入却很微薄。北京大学博士后廉思主编的《蚁族》将其带入公众视野。近日，记者采访了一群“蚁族”，了解他们的生存状态。文、图/记者徐静 实习生廖宇飞、曾繁莹 通讯员刘晓钰 “蚁族”群体普遍扎根在城中村，那里房租低廉，不少刚毕业的大学生都聚集在此。“蚁族”生活：房租300元自己煮饭。“蚁族”收入微薄，生活能省则省。“城中村里的房子租金少，村子越往深处的越便宜”，住在大学城北亭村的师范类历史学毕业生王林就选择了这种地方，一人住着一间10来平方米的小单间，300元房租，吃饭都是自己打点。“蚁族”工作：收入刚能养活自己。大学毕业生找工作难，很多毕业生第一份工作都是先养活自己再谋发展。广商09届毕业生冰凌说，她的工作是在一个传媒公司广告部做数据统计，跟她所学的信息管理专业基本沾不上边。目前还在试用期，社保、医保由公司承担，她每个月工资只有1600元左右，“仅够养活自己，还来不及报答父母”。“蚁族”心声“我们是打不死的小强”温骁是去年从广商毕业的，他在学校附近租房，十一二平方米的单间，有一个独立卫生间，一个简单的洗手台，旁边有一张床、一张电脑桌和一张茶几。但他坚持不回家发展。“每个人的生活状态都是自己选择的。”他说：“我们是打不死的小强，就这样活着。拼到最后，不管路是怎样。”小黄是增城人，毕业后找到一份工作，做软件。走出校园的他，月收入三千多元，但他还是选择住在棠下的城中村，与人合租。这合租人不是外人，正是小黄的大学宿友。现在，他们3个小伙子就住着一套2房2厅70平方米的套间里，厨房、柜子、洗手间、阳台都齐备。屋子虽大，可租价却相当便宜，每月只要900元。环境简陋，但小黄还是住下。他说，主要是想和宿友继续住在一起，彼此有伴，周末可以一块打球，平日也有个人来侃侃大山，不至于太闷，“不尽然是经济因素，主要是怕寂寞。”小黄乐呵呵地说。专家说法反映高等教育去精英化“蚁族”的出现与高等教育大众化带来的“去精英化”有关，大学生由优势群体转为相对弱势群体。近年来，大学生毕业期待薪酬停滞不前，甚至有下降趋势，便是对此的反映。此外，就业市场、房屋市场也对大学生造成颇大压力。与更早前的大学生不同，现在的大学生难以享受福利分房，要买房的话，毕业生微薄的工资杯水车薪，这也使“蚁族”们只能在城中村等居住条件差的地方居住。“蚁族”的出现也证明“80后”向上流动的机会相对要少，渠道也没那么顺畅，尽管“蚁族”不至于沦为最底层，但在社会地位上却处于“要上不上，要下不下”的尴尬境地。岳经纶中山大学政治与公共事务管理学院教授 我要评论,4,9,0.9489023685455322
北京土地利用总体规划获批商报讯 (记者 齐琳) 记者昨日从国土部获悉，国务院近日做出批复，原则同意修订后的《北京市土地利用总体规划(2006-2020年)》。规划显示，到2020年，北京城乡建设用地规模将被控制在27万公顷以内，其中中心城区建设用地规模控制在778平方公里，即77800公顷内，而今年北京市计划年度新增建设用地总量4000公顷，年度计划供应土地5700公顷。我要评论,4,7,0.640863835811615
楼市新政待中央经济会议定调 适当收紧几成定局去年10月出台的包括营业税在内的多项楼市优惠政策，明年是否存续，再度成为市场焦点。一位接近住建部的人士向《华夏时报》记者透露，现在方方面面仍旧处在调研、座谈阶段，考虑到房地产市场牵一发动全身，至于楼市新政明年怎么办，一些年底到期的楼市政策是否存续，这一切都要等12月中央经济工作会议结束之后才会有定论。住建部政策研究中心副主任王珏林向记者表示，优惠政策延续到明年可能性不是太大，因为这些优惠政策是基于当时的情况而制定的。据悉，包括住建部在内的多个部委，正在汇集各地方的意见，为楼市新政下一步做铺垫。一位刚刚在上海参加完座谈会的人士向记者透露，现在惟一明确的是，“鼓励首次置业需求，保护二次改善需求，抑制投资投机需求，将是下一阶段制定调控政策的指导方针。”上述参与座谈会的人士表示，二套房贷松绑和营业税减免政策，这两个政策最容易让投资投机者搭顺风车，可能按期终止。至于其它鼓励首次置业需求的政策，比如契税、印花税、土地增值税的相关优惠，可能维持不变。优惠政策收红2008年下半年，宏观经济迅速降温。10月22日，财政部发文《继续加大保障民生投入力度，切实解决低收入群众基本生活》，其中规定：对个人首次购买90平方米及以下普通住房的，契税税率暂统一下调到1%；对个人销售或购买住房暂免征收印花税；对个人销售住房暂免征收土地增值税。首次购买普通自住房和改善型普通自住房贷款利率的下限为贷款基准利率的0.7倍，最低首付款为20%。住房公积金贷款利率下调0.27个百分点。12月20日出台的《国务院办公厅关于促进房地产市场健康发展的若干意见》进一步明确，明确改善型购房，对已贷款购买一套住房，但人均住房面积低于当地平均水平，再申请贷款购买第二套用于改善居住条件的普通自住房的居民，可比照首次贷款政策。同时减免营业税，普通住房免征时限由5年降为2年，不足2年转让的，按差额征收。非普通住房差额征收的时限由5年降为2年。以上两政策规定于2009年底截止。在诸多利好刺激下，2009年楼市强劲复苏，成交量猛增，地王频现，房价回到高点。在此情况下，楼市泡沫论再现，一度有数据表明，国内几个大城市的房价，已经赶上了部分发达国家。存废遇十字路口随着时间推移，目前市场关注的焦点是，房地产刺激政策是如期终止，还是会适当再延长一段时间。毕竟现在的经济复苏并不牢固，一旦终止优惠政策势必对消费市场和宏观经济产生影响。记者获悉，目前各界对地产政策走向有两种截然不同的观点，一是建议优惠的地产政策全退出；另一种是建议政策有保有压，在保障自住需求的前提下，打击投机。近日有媒体称，据上海房产业内权威人士表示，因应金融危机而出台的多项房产优惠政策肯定会在年底停止，当中包括公积金。不过，上述参与座谈会的人士表示，实际政策一定不会一刀切，地产政策下一步有保有压已经成为众人的共识。易居中国分析师薛建雄认为，今年能够“保八”成功，固定资产投资功劳最大，目前楼市自住需求量非常大，如果政策急刹车，势必会造成波动，损害经济基本面。我爱我家房地产经纪公司副总裁胡景晖表示，对于投资性的二套房则应严格按照规定利率执行，而对于改善性需求的二套房贷利率应比照第一套房给予优惠。为避免市场大起大落，二手房交易税费减免政策也应当延续。近日召开的国务院常务会议今年以来首次提出“管理好通胀预期”。防通胀势必打压资产泡沫，在多位地产人士看来，明年楼市政策收紧将是铁板钉钉。“要点刹，不要急刹。”薛建雄建议。中央12月定调住房和城乡建设部政策研究中心副主任秦虹表示，二手房交易税收优惠政策何时退出尚无时间表，还需看宏观经济发展是否达到了预期目标，目前距离年底还有两个月的时间，仍需进行观察。国家税务总局的一位人士在接受记者采访时表示，地产政策下一步该如何走，目前还没有开始研究。现在仅仅是10月份，有什么内幕消息起码也要到11月份。10月28日，住建部的一位人士在接受记者采访时表示，关于地产政策的下一步的进退，不仅是建设部的工作，还涉及到财税部门、银行部门。为此，建议记者多方打听。上述接近住建部的人士向记者表示，二套房贷松绑和营业税减免政策规定今年年底截止，当时制定时就有一定的提前量。当时的判断是，通过一年的政策提振，楼市走好，这两项容易引发投机的政策功成身退。该人士同时透露，相关职能部门已经为楼市新政做好几套不同预案，最后采取哪种方案，就要看12月的中央经济工作会议如何为中国经济定调。 我要评论,4,7,0.9391053915023804
消息称郭台铭10亿人民币拿下重庆黄金地 北京时间10月30日消息，据台湾媒体报道，重庆市解放碑闹市区的最后一块黄金商业用地，最近开始动工整地，当地业界人士指出，该地块已被鸿海董事长郭台铭购得，预估成交金额在10亿人民币(下同)左右，开发楼板面积为9万平方公尺。根据了解，过去虽然很多海外开发商有意收购，但因开发限制多、金额过高，最后都打了退堂鼓。而此地块面积为1.74万平方米，过去是国泰电影院的旧址，距离重庆市地标解放碑不到100米，并位在轻轨临江门站出口，是市区最繁华的地段。该地段周边有太平洋百货、重庆百货、王府井百货等大型商场，堪称是重庆市闹区最后一块土地。业界人士表示，这块地位在黄金地段，许多有能力的中、外地产开发商都很有兴趣，但是碍于被设定为广场用地，地面上不能有建筑物，只能往地下楼层兴建，而且可开发的9万平方米中，还有3万平方米必须建成停车场，限制太多，所以个大地产商都裹足不前。2008年4月份，国美电器旗下的鹏润房地产开发公司购得这块土地，由于地形有坡度，所以鹏润用擦边球的方式，争取到可盖地上两层建物，计划开发成地上2层、地下8层的商场。但是重庆市人大代表数次表示反对国美的开发案，因为盖地上建物违反规定，而且广场的名称应该由政府取得冠名权，不能使用国美的名字。后来国美电器前主席黄光裕被捕入狱，整个计划随之停摆。近期这块土地又开始进行整建，打桩机日夜动工，相关人士指出，郭台铭已经出资买下，金额达到10亿元。据说，郭台铭在8月份带团视察的时候，对于重庆市政府愿意释出这块黄金地段相当高兴。而重庆市政府相当鼓励这种产业先行的地产投资计划，也就是只要厂商愿意到重庆投资设厂，连带批给闹区的商业用地，制造业、服务业可同时开发，一举数得。至于郭台铭在重庆斥巨资买地，有一说法是，他是为了当地拥有的3C卖场“赛博数位广场”扩充做准备。赛博数字广场是富士康在大陆设立唯一涉足3C产品销售领域的卖场。富士厂在重庆斥巨资投资NB的生产基地后，更有计划要使赛博数字广场从重庆向昆明、成都、贵阳、兰州等城市幅射，让卖场布局大西部重要城市。(木木) 我要评论,4,7,0.9998131394386292
银监会：综合授信类个人贷款业务将收紧本报讯记者刘薇报道：银监会周三发布了《个人贷款管理暂行办法(征求意见稿)》，对个人贷款实行支付管理。如果正式出台，这将是我国首部个人贷款管理法规。银行人士表示，总体来看，《暂行办法》对个人贷款业务没有太多新的限定，但细化到银行具体业务，则有一些贷款品种可能会加强审核，收紧门槛，诸如此前非常火爆的综合授信类个人贷款业务。《暂行办法》主要内容是，规定银行不得发放无指定用途的贷款，明确实行贷款人受托支付或借款人自主支付的方式对贷款资金进行管理和控制。重申银行在发放个人贷款时须坚持面谈、面签制度，确保贷款的真实性，以防范虚假按揭等风险。由于办法不针对个人贷款业务品种申请设置额外条件，因此个人获得贷款的门槛并没有被抬高。记者昨日采访多位银行信贷部门人士，他们表示，其实目前大部分个人贷款业务如房贷、车贷等都是实行受托支付，即贷款人根据借款人的提款申请和支付委托，将贷款资金直接支付给符合合同约定用途的借款人交易对象。这样做的好处，一方面能够有效监控贷款按约定用途使用，防范贷款挪用风险；另一方面也可防止“顶冒名”等违规损害借款人利益的行为，切实保护借款人合法权益。如今受《暂行办法》影响较大的，则是市面上一度火爆的个人综合授信类贷款。这类贷款通常表现为“房产一次抵押，贷款额度多次循环使用”，如很受市民欢迎的“循环贷”、“随借随还”等，有的银行在开办这类业务时放得较为宽松，只要首次审核通过，以后的贷款申请甚至可以通过网上银行等自助方式办理，无需再经过相对复杂的审核手续，这就意味着在初次审核通过后，借款人就不用再到银行面谈、面签，便可能获得贷款。“这其中的确存在着无法监控贷款真实去向的可能。”某国有大行支行行长称。而一家股份制银行信贷部门人士则坦言，在《管理办法》出台后，该行相对宽松的审核制度很可能需要作出调整，比如采取措施加强对贷款用途的审查，自助方式也许会取消。 我要评论,4,1,0.9941832423210144
国土部关注瑞安天价热炒返回地 瑞安热炒“返回地”指标的情况已引起国土资源部注意。知情人士向CBN记者透露，国土部已要求当地土地局对“返回地”交易情况上报一份详细材料。近日，浙江省国土资源厅执法监察局也曾派人赴瑞安了解情况。当地政府也对“返回地”炒作现象十分重视。据了解，今年下半年以来，瑞安当地多次召开市委书记办公会、市委常委会、规范房地产市场专题会议等进行研究，并于近期成立了以市长为组长的规范房地产市场领导小组。所谓“返回地”，其正式名称是安置留地，是指政府依法征收农民集体土地后，按征收土地面积的一定比例返回给农村集体经济组织的国有土地。根据《浙江省人民政府关于加强和改进土地征用工作的通知》(浙政发[2002]27号)精神，瑞安自2003年起推行安置留地政策，原则上，返回比例为10%，特殊情况不超过15%。记者掌握的数据显示，截至目前，瑞安全市安置留地面积约1500亩，主要分布在东部平原乡镇，计划的工业用地约500亩，用于建设标准厂房；商住用地约1000亩。其中，一部分村通过“招拍挂”出让，以货币形式予以分配；另有一些村，自行将商住安置留地建房指标分配到户。但是随着房市逐渐演绎，加上周边城市杭州、温州等地区房价猛涨的刺激，安置留地指标的交易，给一些投机炒房人、中介机构提供了颇大的利润空间，其炒作气氛越来越浓，价格也在短期内被炒高，并起起落落。权威部门给出的一个数据是，瑞安市约有600亩的安置留地正被热炒，主要集中在该市东南边的三个城市中心区周边乡镇及街道(东山、上望、莘塍)，该三处地带早前几乎都因为这个县级市市区东移南扩战略，而获得过巨大的发展机遇。一张由村里发放的土地分配计划使用证(俗称“红证”)，被多次频繁转手炒作，虽然缺乏理性，但是对于炒家来说，有没有法律依据根本不重要，他们要的只是眼下的投机利益。在有关监管部门介入和舆论关注后，虽然当地部分“返回地”指标的交易场所近日已经门可罗雀，但仍有炒家顶风作案。哪怕在10月底，当地主要领导牵头召开了规范房地产市场专题会议，研究通过了一系列规范措施之后，仍有部分买家趁着“风头紧”，又以稍低价格吸进了部分“返回地”指标。我要评论,4,7,0.9577288627624512
国土部督察地王直指一线城市 推新版合同防闲置 直指一线城市：央地联手布控“地王”本报记者 贾海峰 北京报道在房价“不畏”金融危机强劲逆势上涨之际，“地王”成为国土资源部的重点布控对象。从房地产市场的表象特征来看，“地王”往往逼高房价。尽管国土资源部一直在公众面前认为地价推高房价是无稽之谈，但“地王”在各地的粉墨登场，引起了国土资源部的高度关注。本报记者从国土资源部了解到，当下，“地王”开始成为该部调控司调研的主要问题。而鉴于目前全国土地市场并未全面复苏，一线城市的“地王”就成了国土部门防控的重点。中国土地勘测规划院地价所所长赵松也向记者表示，目前防控“地王”出现的有利手段是2008年推出的土地出让合同“新版本”。国土部还对一线城市展开督察。在最近北京市的四块“地王”土地合同签订中，在有关部门的监督下，这四块土地的土地出让合同都采取了新合同版本。本报记者同时了解到，对于其它一线城市或重点城市，国土部也已要求相关督察分局，展开督察活动。北京：分拆“地王”11月3日，北京土地储备中心网站挂出了11块地。北京市土地储备中心负责人表示，第四季度将有40块地择机上市，供应量达到700公顷，今年北京将能完成1300公顷住宅用地的供应任务。北京政协委员、万科副总裁毛大庆对记者说，第四季度北京市将掀起一个供地“小高潮”。对于今年手中资金丰富的开发商来说，年底还将有一次拿地机会。但是，分析北京市土地储备中心正在交易的11块土地情况，却可以发现一个有意思的情况：原本最有希望被开发商们热抢，成为新“地王”的北京奥林匹克公园南区奥体文化商务园区地块(亚运村3-5号地)被一切三块，分为3、4、5号地出让。全国知名地产中介公司——安居客一位负责人向记者估算，亚运村地块约7.2万平方米，规划建筑面积为约25万平方米。由于地处位置好，起始报价三块累计才为18.1亿元。如果按照整块出让，则有可能溢价在100%以上。此前，该地区出让的奥运村乡地块(水源九厂地块)溢价1.5倍，以楼面地价近1.5万元/平方米的高价成交，总地价卖出了19.6亿元。这样算下来，上述亚运村地块挂牌的楼面地价平均约7000元/平方米，如果溢价1倍，也才1.4万元/平方米，并没有达到奥运村乡地块的地价。思源地产一位人士评论说，将此地块切分为三块后，每块单体建筑为7-9万平方米。正常商业建筑规划来说，也就是每块地建设一栋楼。这种切分地块出让，毫无疑问是政府为了防止再出现“地王”。记者注意到，北京市第四季度推出的土地中，进行切分的不止亚运村地块一个。通州区永顺镇商务园B1和B2地块也进行了切分。原来50万平方米的地块，被切分为20万和30万两个地块。思源经纪机构人士分析，北京市前三季度已经完成了卖地收入近800亿元，远远完成了计划的任务。因此，第四季度大规模推地，主要目的是为了抑制地价和房价。杀手锏：新版土地出让合同新版本的土地出让合同，成为央地联手布控“地王”的一个重要工具。新版本的土地出让合同中，要求开发商在签订土地出让合同时，要写上竣工日期等要约，如果开发商闲置土地不开发，政府不但可以依约收回，更可以将开发商诉诸法律。而在此前，在2008年底各地出台的房地产“救市”政策中，各地不仅没有对开发商拿地提出更严格要求，相反大多数地方政府提出了分期交付土地出让金等政策。房地产界公认的看法是，开发商闲置土地的主要动力在于囤地生钱。比如，公开消息称，香港盈大地产在东三环长虹桥附近囤地3年而未开发，该企业从中赚取了2.35亿港币。另外，在北京最黄金的地段，国贸桥到长虹桥一线的东三环附近，至今仍有近10块土地处于围挡而未动工的阶段，一直在坐等地价升值。但这次，政策开始变脸。新推出的新版土地出让合同，开始被推向前台。国土资源部一些下属研究机构，也于日前就新版本土地出让合同的执行情况进行了专门调研。赵松表示，如果新出让的土地都严格按照新版本的土地出让合同执行，则闲置用地情况会大大减少。但是，对于已经出让的土地而被闲置的，国土部门目前清理手段依然有限。赵松表示，闲置土地清理看似简单，实际上要涉及到闲置情况的认定，处罚手段等一系列问题。这也是一直以来，闲置用地难以得到有效控制的主要症结。比如，在很多地方，开发商往往挖个大坑，就代表着地块已经开工；通过建个围挡，就表示2/3面积已经动工。不过，国土部这次似乎已下定决心，通过新土地出让合同的条款，控制“地方”们的囤地行为。比如，最近，国土部再度发出《关于集约用地的通知》，其中对原来国务院处理闲置用地的众多政策中的执行配套措施进行了规定。例如，重新界定了2年期限问题；对闲置1年不满2年的，按照土地出让价款征收20%的土地闲置费；同时对闲置房地产用地，准备征收增值地价。我要评论,4,7,0.6617133021354675
存量房贷7折优惠难取消 楼市或现末班车效应7折房贷利率会不会取消？如果取消，存量7折房贷会不会受牵连？连日来，这些问题困扰着很多购房人。本期财富机会采访多位购房人和银行信贷人士，试图拨开7折房贷政策的迷雾。同时，我们调查了江浙粤二套房贷政策的收紧情况，梳理了购房人可以利用的各种创新房贷产品。近两周以来，“房贷利率7折将取消”的传言伴随寒流在全国各地肆虐。虽然政策尚未明确出台，但“存量房贷是否取消”、“该不该尽快买房”已成为普通市民的心头之惑。部分专家对CBN指出，即使7折利率真的不再实施，从各方反应和可操作性上，已贷款购房者的利率优惠也很难取消。不过，市场传言并非“空穴来风”，有购房计划的刚需购房族可以近期考虑置业计划，以防止政策波动的不利影响。已签贷款合同或保持“听说7折优惠要取消了，那我已经贷款的是不是也不能7折了？”自房贷收紧传言之后，上述问题几乎成为各大房地产谈论的“日经帖”，每天都有购房者心中惶惶，去问自己的银行信贷员、房产中介员或者社会各界人士，答案莫衷一是。昨日，今年置业的李丽拿着自己签署的购房合同对CBN表示，按照合同，7折优惠应该在贷款期内一直保持。该合同关于利率的条款显示：“本合同贷款利率为4.158%，月利率(年利率/12)为0.3465%。即以合同签订日中国人民银行公布的同期同档次贷款基准利率5.94%为基础，按照人民银行的利率政策，在基准利率的基础上，下浮30%，即月利率为0.3465%执行。”并且合同全文并无“如有不可抗力因素”、“若有国家政策调整”之类的免责条款。李丽同时告诉CBN，她在签订合同的时候专门问过银行工作人员，银行工作人员的答复是：就算央行取消7折优惠，已签合同还是按照合同条件执行。除非基准利率变动，否则贷款利率不会改变。而在李本明先生的8.5折购房合同中，具体条款如此显示：“浮动利率，即在基准利率水平上下调15%；该利率自起息日起至贷款本息全部清偿之日止依据利率调整日当日的基准利率及上述下调幅度，在本合同约定的每个利率调整日调整一次。”李本明也告诉CBN记者，当年签订合同的时候，银行信贷员称8.5折优惠是在贷款期内一直有效的。如此看来，按照购房合同的描述，7折利率优惠取消对于存量房贷并无影响。不过，亦有银行人士提出质疑，“如果政策明确说，所有银行都强制取消7折，那谁都没办法。”他举例说，之前7折贷款优惠时，很多8.5折的、全价的合同都去签了7折补充协议，这说明合同也不一定全部能定性的，未必就能根据合同判断不会取消7折优惠。存量贷款取消7折操作性差不过，昨日某国有银行信贷部负责人对CBN分析，从各方反应和政策可操作性的角度看，即使取消7折优惠，也不会追溯既往，只会针对新的贷款发放有效。即使是二套房贷，如果在政策调整前获得7折优惠，也不会取消。该人士表示，从宏观经济的角度上看，央行在利率政策上的大方向是“利率市场化”，最终将由商业银行自己决定利率。如果这次恢复8.5折，反而像是临时政策，而非实施7折优惠。从政府角度上看，恢复存量贷款为8.5折的可操作性也比较差。“央行当然可以发通知说这些合同都不算，但是这么大范围的调整，将影响到千家万户的利益，会引起复杂的法律问题和社会舆论。”从银行的角度上看，利率提高其实并不是银行乐见其成的。“商业银行的竞争越来越激烈，个人房贷在国内基本都是优质贷款，利率虽然不高但也是有利可图的。而且现在银行都把零售业务作为未来的发展方向。”该人士举例说，二套房贷从紧的政策早已下发，但一直执行不力，就是银行的竞争也很激烈，都在抢占个贷市场的大蛋糕。100万贷款多交利息24万当然，在政策出台之前，“7折利率是否取消”谁都无法断然判定。但一旦取消，对于购房者的利益影响是实实在在并且巨大的。以20年期的100万元贷款为例，目前5年以上的贷款基准利率为5.94%，以等额本息还款法计算，按照7折之后的利率即4.16%，每月需还款6144元，支付利息共47.5万元。如果按照8.5折的利率5.05%计算，每月需还款6627元，共支付利息59.1万元。如果是基准利率5.94%的话，每月要还款7130元，共支付利息71.1万元。也就是说，7折利率变成8.5折，每月多交483元，多支付利息11.6万元；7折利率变原价，每月多交986元，多支付利息23.6万元。对于普通购房者来说，这确实是不小的数目。因此有业内专家建议，如果近期确实有购房计划的“刚需”购房者，有合适的房子就尽快出手办贷款了。而昨日，CBN记者以私人身份致电某国有银行个贷审批人员时，该人士表示，该银行没有制定、监管部门也没有下发任何房贷收紧的通知。“但市场传得厉害，你要是办贷款的话就抓紧吧。”该人士说，目前首套房贷还能享受利率7折优惠，二套房贷不仅条件从严，办的难度也比以前大了。据CBN了解，在北京，中国银行、光大银行、北京银行等尚能正常办理住房贷款，有个别银行已经暂停该项业务。而且，能办理房贷的银行在审批条件上更加严苛、放贷时间也有所拉长。大家都赶楼市“末班车”，会不会推动房价的快速上涨？上述国有银行个贷人员称，或有一定幅度的效应，但每个普通人的住房需求和承受能力各不相同，还要从自己的实际情况出发选择适合自己的住房。事实上，接近年末各券商开始纷纷发布报告，预测明年的房地产市场行情，但观点亦分歧较大。 我要评论,4,1,0.9192756414413452
美一房地产机构又亏损 向政府伸手注资150亿美元中新网11月7日电 被简称“房利美”的美国“联邦国民抵押贷款协会”(Fannie Mae)宣布第三季继续亏损，需要纳税人再挹注150亿美元。这将是房利美第四度向政府要钱，若要到的话，房利美迄今总共就向纳税人拿600亿美元。房利美第三季亏损189亿美元，比去年同期降低35%，却比今年第二季的148亿美元高很多。据台湾《联合晚报》报道，由于失业不断上升，无力缴费的贷款户也在增加。到10月底为止，房利美的贷款户有4.7%至少三期逾期还款，是去年同期的将近三倍，佛罗里达和内华达两州最严重，都超过11%。房利美和姊妹机构“房地美”都在14个月前由联邦金管单位接管，接管的代价远高于当初估计。加上房利美最新开口的150亿美元，“两房”的联邦注资约达1110亿美元。两房的业务是向银行购买贷款，转售给投资人，在房贷市场扮演关键角色，拥有或担保的贷款总值约55兆美元，占全美担保贷款之半。两房在房市兴旺期间降低放款标准，因此在房市泡沫化以后尝到苦果。房利美声明表示：“我们的未来充满相当大的不确定性，包括我们会不会继续存在。”房利美表示，到第三季结束为止，需要150亿美元注资，因此已在4日向联邦财政部求助，以便继续营运：“房利美已向财政部提出请求，并且希望财政部在12月31日以前提拨这笔款项。”我要评论,4,5,0.7168155908584595
两大原因致部分银行收紧房贷 明年从紧是大方向针对目前因收紧二套房贷而导致买方撤单、房东发怒的种种纠纷，记者走访了沪上的中资银行。银行方面指出，致使二套房贷收紧的主要原因，一是由于银行全年贷款指标基本完成，二是目前房价进一步上涨，楼市出现风险，银行也要“自我调整”。各家银行调整情况不一交通银行从11月1日起调整对二套房的审核标准，由原来的以个人为单位变更为以家庭为单位。记者从静安区各大银行的支行处了解到，工商银行、兴业银行也接到“口头通知”，相继将二套房认定标准框定为 “家庭”，释放出强烈的收紧房贷的信号。“房贷申请超紧，很难拿到贷款。”一些买家抱怨道。由此引发的矛盾日益突出，部分买家因为首付提高，而无力支付房款，中介白忙一场还遭到房东的抱怨。据了解，考虑到这一情况，交通银行将调整二套房审核标准的最后执行日期定在本月15日。 “这是为了避免因贷款政策的突然变化而影响客户的正常买房。比如已经被通知可以贷款七成的客户，如果调整标准，只能贷六成，那可能导致客户无力承担成本而中途退房。”一位交通银行信贷经理告诉记者。进入三季度以来，房贷审批过程变得相当漫长。记者在新闸路石门路附近的中介处了解到， 10月起，各大银行已对申请办理贷款的房屋提出很多要求，如面积小于50平方米或成交总价低于60万元的均不再受理，对房龄的最低要求也提到了15—20年之内。对于 “上海将统一把二套房利率上浮10%”的传言，记者从各大银行尚未得到证实。一家银行房贷部人士表示，可能从央行层面目前没有新政策下发到各商业银行，但不排除各大银行会进行 “自我调整”。买家再度调整买房时机面对五花八门的房产数据，普通消费者只想知道 “房价会不会涨”、“现在该不该出手”。但此次房贷收紧，让一些有改善性住房需求的客户再度望而却步。市民小张说，自己从今年年中开始看房，其中不乏满意的房源，但皆因价格太高而踌躇。本以为年底是成交淡季，可以买房了，却又撞上房贷收紧。 “按照我的情况，以家庭为单位就是二套房了，中介说，如果是上半年，还可以打擦边球，现在就不可能了。小张说，看了半年房子，中介的态度变化也比较明显，年中的时候说可以帮忙 “搞定”房贷，到了三季度要小张自己 “凭本事”去银行申请，现在听了小张的情况后，坚决说： “你不首付四成就不要看房了。”而此前，部分银行在放贷时，如果夫妻一方已有多套房产，欲再购房，银行可允许客户写一份声明，说明自己已还完贷款或已出售房子，无需证明文件，而银行并不对其真实性进行调查；也有利用一些漏洞来规避 “家庭”概念。如，征信系统具有滞后性，有时已有一套房的夫妻再买房时，征信系统若显示这两人“未婚”，银行就会睁一只眼闭一只眼，仍为其提供首套房优惠。但随着银监会的 “严打”，二套房首付四成已是铁板钉钉。 我要评论,4,1,0.9809367060661316
房贷优惠现倒计时效应 二手房卖家排队抛售“钱多、速来”——进入11月，这句话在上海二手楼市被演绎到极致：随着二手房优惠政策倒计时效应的逐步显现，买卖双方“集中抛售”、“恐慌入市”现象最近爆发。昨天，CBN记者一进上海普陀区房产交易中心一楼大厅，就发现门口的咨询预约台挤满十多名排队拿号办理买卖手续的二手房客户，工作人员“以一对十”都难以招架。二楼办理税务和房产交接的五个窗口也是人头攒动，等候处的空座爆满。负责发预约号的工作人员说：“昨天一天我们就发了250多个人头号码。”卖家庆先生上周六在上海浦东房产交易中心为了办理过户手续，从早上一直折腾到下午。“买卖双方现在最关心的就是二手房交易优惠政策是否延续，以及收紧二套房贷的消息风生水起。”昨天，汉宇地产区域总监李斌告诉CBN记者，作为挤压房地产泡沫的重要一环，随着二手房优惠政策倒计时效应的逐步显现，买卖双方恐慌心理进一步加重，“集中抛售”或“恐慌入市”的现象可能重现，预计二手房市场有可能在今年底前掀起新一轮交易高峰。交易火爆按照历年的规律，11月初的楼市基本归于平淡，而今年的11月则意外“翘尾”，上海各区房地产交易中心充斥着喧哗与躁动。在普陀区房产交易中心，CBN记者遇到了一家六口——一对年轻夫妻和四位老人。老人们为帮年轻儿女买房，一大早就过来排队，“希望早点办好，我们对房贷收紧政策还是有顾虑的。政策收紧后，说不准将来利率会不会有变化。”年轻夫妻说，他们原本想在今年底买一套住房，贷款80万元左右，一旦利率提高，利息和税加起来有可能多付很多钱，所以想尽早交易。长宁区房产交易中心一楼大厅的等候区也排起了长队。很多购房者都是中介、亲戚“齐出招”，来排队等号。长宁区房产交易中心税务处理的负责人蒋小姐称：“周六是个小高峰，一天就成交了90多单。上海中原地产副总经理陈宇珏表示，成交上扬较快的区域第三季度成交量一直维持高位，房源消耗大、价格上涨快。以静安区为例，无论是售后公房还是次新房成交均价都已破历史高位，整体成交均价高达4万~5万元/平方米。2004年、2005年的两次契税调整，都曾在上海引发过交易量激增的短期盛况。一些交易中心排队的人从大厅内排到了门外大街上，还要蜿蜒几十米。政策优惠期取消预期，驱使二手房卖家排队抛售。对此，克而瑞(中国)首席研究员陈啸天向CBN记者表示：“通货膨胀预期增强及房价上涨幅度较大，预计明年很多优惠政策有所收紧，针对投资投机性需求的购房可能完全取消政策优惠。但由于宏观经济增长尚不稳定，仍存在反复的可能，为避免经济的大起大落，政策面仍将以偏宽松基调为主，对于自住性的购房需求国家将继续鼓励和支持。整体来看，明年部分优惠政策可能收紧或取消，从而对部分购房需求起到一定的抑制作用，但房地产政策面较正常年份仍较为宽松。”中介“狂热”卖家的燥热，成就了中介机构的巨大商机。21世纪不动产上海区域市场研究主管黄河滔称，10月份，上海二手房成交2.29万套、环比增长1.09%；成交均价在9月反弹后继续摸高，达13828元/平方米，这一价格水平已较去年同期大幅上扬39%。上海中介龙头中原地产对旗下160余家分行的抽样调查显示：随着年底优惠税费的大限将近，尤其是从10月最后一周开始，受到包括信贷政策逐步收紧的影响，无论是卖家还是买家都想赶上“优惠末班车”，“尾市”成交量“井喷”，成交周期缩短、挂牌量递增。仅从10月份最后一周二手市场活跃度的“带看量”指标来看，每家分行的带看量已升至8~10组/天。上海中原副总经理李锦德表示：10月成交量打破连续3个月的下跌走势，止跌回稳。昨天，CBN记者综合汉宇地产陆家嘴区域多家分行的业绩发现：典型样板区域陆家嘴经历了8、9月乃至10月份上半月的成交低迷，10月中旬以来高端物业成交明显放量，重点楼盘世茂滨江花园放量尤其明显。从上月15日至今不足20天里，世茂滨江花园成交已超过10套，环比大增100%。从成交标的来看，世茂滨江花园成交标的半数以上都在千万元，也就是说近期成交以200~300平方米的大房型为主，与今年5月份市场向好时期的走势非常接近。 我要评论,4,1,0.5343968272209167
国土部筹谋2010年土地供应 地方可多上报指标在保增长的诉求下，作为“十一五”规划的最后一年，2010年中国的土地闸门打开了一条缝隙。CBN记者独家获悉，国土资源部近日已经明确表示，2010年地方新增建设用地规模应控制在近几年的平均水平内，但如果地方确实需要增加土地指标，就要上报“理由”。此前，不少地方政府表示，随着政府加大重点项目投资，土地需求还会保持较大增长，希望国土部能够增加建设用地指标。国土部部长徐绍史曾在年初透露，为了千方百计保障用地，今年扩大了土地指标数量。前两年我国建设用地年度指标都是580万亩，2009年指标增加到630万亩，较以往增加了50万亩。四季度用地压力“很大”国土部近日向地方下发《关于编报2010年土地利用计划(草案)的通知》，要求地方认真做好2010年的土地利用计划的编制工作，因为“这对巩固和发展当前经济企稳向好的势头至关重要。”每年一度的土地利用计划，属于中央政府对地方政府用地需求的一种调控和约束，地方政府可以增加多少建设用地，征收多大面积的农用地，都在当年的土地利用计划中予以明确，不得轻易越线。《土地利用年度计划管理办法》即规定，没有新增建设用地计划指标擅自批准用地的，或者没有新增建设占用农用地计划指标擅自批准农用地转用的，按非法批准用地追究法律责任。为应对国际金融危机，中国政府在2008年第四季度提出4万亿元投资计划，并要求投资项目尽快开工，尽早形成“实物开工量”，这势必带来土地需求的迅速上升。掌管着全国用地指标分配的国土部也开始调整土地调控方向。2008年年初，国土部还在不断强调“严把土地闸门，防范换届效应”，但在去年第四季度后为了保障中央投资重点项目用地，国土部开始“适当增加新增建设用地指标”，并加大闲置土地清理力度。但即便是这样，今年的土地供需矛盾依然突出。来自国土部的最新数据显示，今年前三季度，全国建设用地供应总量18.1万公顷，同比增加31.0%。其中，与投资项目密切相关的工矿仓储用地供应7.2万公顷，同比增加46.1%。此外，今年第三季度地方用地总量增加的幅度超乎寻常，三个月的用地量就接近今年前六个月供应总量的九成。一位接近国土部的人士对CBN记者透露，目前对国土部来讲，留给第四季度的土地指标相当有限，今年年初增加的50万亩指标已经用完。此外，今年第四季度的用地压力要比去年更大，去年总体的经济形势还在往下走，而今年各地的经济是在往上拉，大项目还在不断上马。想增加用地指标？地方要先给“理由”作为固定资产投资的承载体，历史经验显示，我国土地的利用高峰期往往与投资的高峰期相符。而在今年，在外需不振的情况下，投资成为拉动中国经济的最大动力。今年前三季度，全社会固定资产投资155057亿元，比去年同期增长33.4%，其中，一季度增长28.8%，二季度增长35.7%，三季度增长33.2%。在前三季度GDP同比增长7.7%中，投资就贡献了7.3个百分点。目前，社会各界大多预期明年中央政府的投资力度仍不会减弱，由此产生的土地需求也会保持在高位。为此，《通知》要求，2010年新增建设用地建议规模，一般应控制在近几年平均水平内，确需要调整增加的要说明理由。在此基础上，依据当地土地利用现状，建设项目用地特点和历年新增建设占用农用地的比例关系，合理确定新增建设用地占用农用地计划指标。不过，由于18亿亩耕地红线的存在，国土部的《通知》中也同时强调，需要按照严格保护耕地的要求，从严安排新增建设占用耕地计划指标。在国土部保障土地供应的多项措施中，除了前述“扩增量”外，还有“挤存量”，即采用诸如增加城乡建设用地增减挂钩指标等方式(今年国土部下放了30万亩，这些不占用耕地指标)，加大利用闲置土地。此次《通知》也要求地方上报“申请2010年挂钩周转指标”。“凡需要开展城乡建设用地增减挂钩试点的地方，要结合当地实际，按照因地制宜、量力而行、有序推进的原则，提出2010年挂钩周转指标建议。”《通知》称。我要评论,4,7,0.9982751607894897
住建部官员：住房优惠政策大部分无截止日期 《中国经济周刊》记者 胡雪琴/北京报道“去年底出台的几乎所有楼市优惠政策截止日期都在2009年12月31日。”这样一条消息在房地产业界和媒体上不胫而走。这几乎成为当下最热门的话题，甚至引起了房价小幅震荡。搜索一下，相关新闻达316万条之多。但住建部、财政部等相关部门均无明确说法。11月10日，《中国经济周刊》从接近住建部的人士处独家获悉，笼统说住房优惠政策到期并不准确，因为去年底的公布大部分优惠政策条款并无截止日期，仅有转让住房的营业税优惠一项年底到期。其实，国家去年出台的关于住房优惠政策的相关文件，共有4份，分别为财税〔2008〕137号、银发[2008]302号文件、国办发[2008]131号和财税〔2008〕174号文。2008年10月22日，同一天，财政部、国家税务总局，以及人民银行分别推出文件，即《关于调整房地产交易环节税收政策的通知》(财税〔2008〕137号)和中国人民银行《关于扩大商业性个人住房贷款利率下浮幅度等有关问题的通知》(银发[2008]302号文件)。财税〔2008〕137号对房地产交易环节有关税收政策问题规定如下：“一、对个人首次购买90平方米及以下普通住房的，契税税率暂统一下调到1%。二、对个人销售或购买住房暂免征收印花税。三、对个人销售住房暂免征收土地增值税。”记者注意到，首次购买90平米及以下普通住房的契税税率下调到1%，并无期限限制，而印花税和土地增值税均为“暂免征收”。文件最后，有“自2008年11月1日起实施”字样，同样没有截止日期。银发[2008]302号文件规定，“自2008年10月27日起，扩大商业性个人住房贷款利率下浮幅度，调整最低首付款比例。其中，商业性个人住房贷款利率的下限扩大为贷款基准利率的0.7倍，最低首付款比例调整为20%。”“从2008年10月27日起，下调个人住房公积金贷款各档次利率0.27个百分点。五年期以下(含五年)从4.32%调整为4.05%，五年期以上从4.86%调整为4.59%。”由此可知，无论是“最低首付款比例调整”还是“下调个人住房贷款利率”，均无截止日期。唯一例外的是，个人转让住房的营业税优惠将于今年12月31日截止，具体文件分别为“国办发[2008]131号和财税〔2008〕174号文”。2008年12月20日，国务院办公厅出台了《国务院办公厅关于促进房地产市场健康发展的若干意见》(国办发[2008]131号)，其中，在进一步鼓励普通商品住房消费条款中，明确提出，“对住房转让环节营业税暂定一年实行减免政策。”而后，特别注明“以上政策暂定执行至2009年12月31日。”9天后，也就是2008年12月29日，财政部和国家税务总局共同推出了《关于个人住房转让营业税政策的通知》(财税〔2008〕174号)。《中国经济周刊》查阅比照发现，“财税〔2008〕174号”实际上是对“国务院办公厅131号”文件的细化，表达得更为明确。具体为“自2009年1月1日至12月31日，个人将购买不足2年的非普通住房对外销售的，全额征收营业税；个人将购买超过2 年(含2年)的非普通住房或者不足2年的普通住房对外销售的，按照其销售收入减去购买房屋的价款后的差额征收营业税；个人将购买超过2年(含2 年)的普通住房对外销售的，免征营业税。”该条款直接规定了执行期限，即从2009年1月1日开始，到2009年12月31日截止。至于营业税优惠政策是否延期，《中国经济周刊》记者致电财政部税政司询问，对方回答，“在相关政策未正式出台前，不便回答”。营业税是否需要延期？有专家认为各有利弊。有利的是，该条款鼓励了二手房交易，对房地产市场形成正面刺激，客观上扩大了内需，有利于居民以旧换新改善居住条件；但负面的则是有可能推动投机性购房，导致住房供求矛盾更加突出，推动房价过快上涨，从而加大了普通百姓解决住房困难的难度，甚至直接影响社会稳定。“从这个意义上来说，营业税优惠取消也罢。”有专家如是说。 我要评论,4,7,0.9328882694244385
明年楼市调控基调有保有压中央不可能只关注CPI，而漠视资产价格上涨。那么，控制房价偏快上涨，不仅是一个保障经济健康增长的任务，也是一个社会和政治命题。继续鼓励首次置业性质的自住需求和抑制投资投机需求，将是明年房地产调控的主基调□上海易居房地产研究院综合研究部部长 杨红旭 中国房地产市场正被越来越浓重的“政策烟幕”所笼罩，业内人士和有房屋交易需求的民众，都心急火燎地想要看清方向，却被弄得晕头转向。资本市场也如此，在三季报及国庆长假后部分城市房屋销售反弹的利好驱动下，10月中旬地产股曾连续多日领涨大盘，而10月底至11月初却持续低迷，原因是年底取消房产优惠政策的消息被媒体狂炒不止。在商品房成交量并未出现大幅下滑、房价依然上涨的情况下，政策走向的不确定性，已成为影响房产和地产股投资者的首要因素，由此可见，我国房地产市场“政策市”的特征是多么的鲜明。在目前形势下，预测和把握政策走势，已成为研究和投资房地产的关键所在。而对政策的关注，不能只盯住房贷政策，即便考虑整个房地产政策也有些狭隘，只有把房地产政策置于宏观经济政策背景下，才能理清头绪。笔者认为，继续鼓励首次置业性质的自住需求和抑制投资投机需求，将是明年房地产调控的主基调。观察经济政策演变，去年上半年还在执行2007年中央经济工作会议制定的“双防”(防经济过热、防明显通胀)方针，并实行稳健的财政政策和从紧的货币政策；年中即转变成了“一保一控”(保增长、控通胀)，年底进一步变成“一保”(保增长)同时扩内需、调结构，并实行积极的财政政策和适度宽松的货币政策。今年10月21日，国务院常务会议在部署四季度经济工作时明确提出：要把正确处理好保持经济平稳较快发展、调整经济结构和管理好通胀预期的关系作为宏观调控的重点。由此可见，我国宏观经济政策主要围绕“保增长和防通胀”展开，其中防止经济过冷的力度和决心远大于防止经济过热。所以去年出台了“四万亿投资计划”，今年全年信贷投放量高达近10万亿，现在看来，今年“保八”已无悬念。但不利之处是外部需求仍在不断萎缩，国内经济深层次的问题并没有解决，甚至因为急剧扩大投资而导致了产能过剩。所以，在出口真正出现稳步正增长之前，中央对于“保增长”首战告捷之后，对明年的可持续增长并不放心，于是一方面还会加强刺激消费需求，另一方面也不愿放松投资对经济增长的支撑作用。在此背景下，国家鼓励自住需求方针不会改变，住宅市场成交活跃，直接拉动了房地产投资增长，而且还会裙带促进家电、装饰、家具等消费增长。在此方针指导下，去年10月出台的房地产优惠政策，比如刺激自住需求的税收减免以及个人房贷优惠政策，并不会发生大的变化。尤其对于首次置业并购买的是中小户型的普通住宅的消费者，不必担心政策会由宽松转向紧缩。不过，值得关注的是，10月21日国务院表述第四季度经济政策基调时，首次提出“管理好通胀预期”，透露出在继续保增长的同时，把预防通胀放在了重要位置。笔者认为，通胀明年定会到来，只是程度大小的区别。但是，资产价格膨胀已较消费价格膨胀提前到来，今年股价和房价都有大幅上涨。如果说股价属于相对合理的反弹，那么房价则是在高位之上非理性的再创新高。我要评论,4,7,0.49811622500419617
国土部官员建议以税收抑制房价规划司司长董祚继称，长远看房价还要涨，应把土地增值返还给社会吴鹏 李静睿本报讯 (记者吴鹏 李静睿)国土资源部规划司司长董祚继昨日表示，我国房地产业总体上看没有过剩，从长期来看，价格还要上涨。昨日，董祚继在“抑制部分行业产能过剩和重复建设，引导产业持续健康发展”第二次部门联合信息发布会上，做出上述表述，不过他强调，这仅是“个人看法”。董祚继说：“我认为总体上(房地产)没有过剩。但是对于高档房地产是否过剩，还需要具体的分析。” 他认为，普通的商品住房是目前问题的关键。从长期来看，我国城市正处于加快发展的过程中，土地日益稀缺，价格还是要上涨，任何人没有办法进行抑制。“我国长期的政策应该是抑制房地产价格非正常上涨，把正常上涨尽可能地返还给社会，包括返还给购房人。”对于制定政策的目标，董祚继认为，应该通过税收措施，把土地增值返还给社会，这是解决问题最终的目标取向。另外，面对近日被曝光的开发商“囤地”行为，董祚继表示，国土部将会出台防止房地产开发商过度囤积土地的政策措施，对重大违法行为将进行曝光。- 专家分析“物业税可抑房产投机”政府税务部门以及一些专家认为，调控房地产市场，税制改革刻不容缓，税收调控是房地产市场理性发展的有效手段。国务院发展研究中心市场经济研究所研究员廖英敏说，这里的税收应该指的是物业税，也叫不动产税，如果征收物业税，就会把一次性付的土地出让金分摊到每月要付的物业税上，百姓买房时房价就不会太高，但买到手后每个月都要交物业税。这对存量房也有调控作用，因为房主要承担每月交的物业税。一些专家曾建议在税种设置上应以物业税为主，对购买第一套自住房者免征物业税或实行极低税率，对第二套住房及以上的所有者征收超额累进的物业税，这样可以有效抑制投资性需求，打击房地产投机活动，从而稳定房价。不过，北京师范大学房地产研究中心主任董藩则对“征税说”提出疑问，他认为，应出台优惠政策，鼓励开发商多建房来平衡供需关系。本报综合报道- 相关新闻47项目未获环保部批复涉及投资近2000亿元，钢铁化工等占七成本报讯 (记者吴鹏 李静睿)环境保护部环评司司长祝兴祥昨在会上透露，今年以来环保部共批复339个建设项目环评文件，涉及投资17210多亿元，对其中47个项目未批复，或者退回报告书，或者暂缓审批，涉及投资将近2000亿元。其中钢铁、化工、石化、有色、电力等行业项目占70%。 我要评论,4,7,0.9942163228988647
武汉经适房六连号造假案房产局官员获缓刑新华网武汉11月13日电(记者沈?、熊金超)震惊全国的经济适用房“六连号”造假案中首个被追究刑事责任的国家公职人员13日被判缓刑。记者13日从有关部门获悉，因协助不法分子办理虚假经济适用房资格证，?口区房产管理局房改科干部张小波被武汉市?口区人民法院判处有期徒刑2年零6个月，缓刑3年。今年6月12日，武汉在公开抽签销售中心城区一处经济适用房的过程中，电脑公开摇号竟摇出了概率仅有千万亿分之一的“六连号”，受到市民和网民的广泛质疑。武汉市房管部门查实，这6名申购户都不具备购买经济适用房的资格，而是在同一时间、同一城区办理了虚假的资格证。武汉市有关部门根据这一线索，查明这是一起由社会中介人员与有关部门工作人员相互勾结，利用经济适用房摇号进行舞弊，从中非法牟利100多万元的经济犯罪的案件，武汉市国土房产局副局长朱志强等5名国家工作人员因渎职、失职受到严肃处理。经查，在这一造假案中，?口区负责办理经济适用房资格证的审核发放的张小波在不知情的情况下，违反工作流程和必经程序，帮助提供虚假证明材料者办理了6份号码相连的经济适用房购买资格证。在审理过程中，张小波对相关犯罪事实供认不讳，并表达了悔改之意。法院根据其悔罪表现和中华人民共和国刑法第397条的有关规定，作出了上述判决。据了解，在武汉“六连号”造假案中，街道办、民政部门、公安部门为他们提供的户籍证明、收入证明、住房证明、甚至有2人的婚姻证明等都存在造假情况，张小波是这一造假案中第一个被判刑的国家公职人员。 我要评论,4,7,0.5789865255355835
"私募二次抄底 中国楼市难缺钱本报记者 陶盈舟 北京报道当11月4日住房和城乡建设部政策研究中心副主任王珏在接受采访时指出，今年初出台的一系列“楼市优惠”政策很可能将到年底终止时，已经逼近年度高点的楼市再度成为了市场的焦点。很显然，如果按照目前的消息面，无论是契税、营业税的优惠政策取消还是贷款利率的“上涨”，无疑都会对今年提前复苏的房地产市场造成一定程度的影响，从而起到调整房地产市场的作用。然而，现实的情况却并非如此。尽管随后中国房地产协会副会长顾云昌表示，楼市的优惠政策至少要等到12月中央经济会议后才能定调，但各地房价却已经出现了持续走高的现象，在北京东四环的一家新楼盘，记者发现每平米均价已逼近3万元大关，而周边的楼价普遍低于2万，比起新楼盘，各区域二手房市场也出现了交易的高潮，在北京市朝阳区过户大厅，多达2000人的排号验证了楼市一如既往的火爆。“事实上，从目前的情况看，即使优惠政策取消，房地产公司也很难出现2008年那样的情况。”北京一家中型房地产开发企业的管理人士私下向《华夏时报》记者透露，除了由于今年楼市回暖带来的资金缓解之外，银行资金和众多私募基金的集中涌入也是地产公司资金充裕的原因之一，“所以即便是收紧政策，对房地产公司来说影响也不会太大。”中国楼市“难缺钱”令人印象深刻的是，就在年初楼市的“小阳春”来临之前，不少房地产公司还曾因为资金链过度紧张而四处寻找资金濒临倒闭，然而仅仅几个月之后，情况就呈现出相反的态势。北京今年二季度甚至出现了二手房销量远超一手房的壮观局面，同时，曾在2008年出现的开发商捂盘现象也再次上演，事实上，同样在2009年，房地产公司的上市也呈现出扎堆的现象，恒大地产(企业专区,旗下楼盘)、龙湖地产(企业专区,旗下楼盘)(企业专区,旗下楼盘)、万达地产等纷纷传出了上市的消息，11月5日，内地地产公司——恒大地产便在香港联交所主板正式挂牌，一举形成IPO重启以来内地房企赴港上市的最大融资规模。“造成房地产市场的火爆其实很简单，一是国家四万亿经济刺激计划的出台，二是一系列刺激房地产市场的政府优惠措施，特别是针对房地产企业的保证金，等于挽救了一大批濒临倒闭的公司，第三则是购房人的刚需以及私募基金和游资的抄底。”上述人士坦言。根据清科集团的统计，投向房地产行业的私募基金早从2007年开始便流入国内。数据显示，从2007年第一季度到2009年上半年，总计有17只针对亚洲市的私募股权房地产投资基金成功完成募集，涉及募资总额达127.27亿美元，同期，投向中国房地产市场的资金总额达到了90美元，占到了上述额度70%的比例。对此，清科研究中心分析师段宁宁告诉记者，作为资金密集型的产业，房地产行业一向对于资金的需求相对较高，“但是目前中国房地产市场的整体融资渠道依然较窄，主要依靠银行贷款、定金及预付款，等于说银行贷款实际上支撑了房地产开发商经营周转的资金链。”上述人士指出，一旦出现类似2008年的经济波动，那么房地产企业的经营风险将转变为银行的金融风险，进而影响金融安全，所以中国的楼市很难出现真正的“缺钱”。正因如此，在中央尚未出台楼市优惠政策前，众多来自海外的资金已经先知先觉般涌入中国楼市，“仅2009年第一季度就有6起针对中国房地产企业或房地产项目的投资，投资活跃度处于2008年以来的最高点。”这也使得原本应到第二季度才能呈现复苏状态的楼市提前一步走出了低谷。优惠结束前二次抄底根据近一个月来的“政策吹风”，今年出台的二手房营业税、契税的优惠政策以及印花税和土地增值税减免的政策很可能都将在今年年底取消，而一旦银行房贷利率取消7折优惠，更是会对房地产销售市场产生立竿见影的效果。有意思的是，来自各方的观点却几乎一致认为，政策面的影响并不会影响目前房地产市场的回暖趋势。渤海证券研究所分析师周户表示，在即将到来的年底，国内房地产行业预计将呈现金10银11的局面，也就是说成交量将出现继续增长。统计数据显示，近期国内房地产市场的成交量已经连续四周出现环比上升，预计10-12月月均新开工面积较前9个月将增长32%-35.33%，而2009年房地产开发投资将同比增长22.1%。同期，龙湖地产、中信地产纷纷传出赴港上市的消息，其中即将于11月19日挂牌香港的龙湖地产目前国际配售部分已超额认购4倍，仅淡马锡、新加坡政府投资公司、中银集团、平安中国资产管理(香港)和香港置地集团5家基础投资者便合计认购了1.975亿美元，火爆的认购恰恰也印证了分析师的观点。“楼市继续逆市出现火爆的原因之一是流动性的环比收缩将促使开发商加快储备资金，加大推盘的促销力度，另一个就是外汇占款驱动的流动性将刺激房价和房地产行业的继续上涨。”周户如是表示。联合证券也在房地产报告中认为，“供给的释放和投资客的再度入市是成交反弹的两个主要原因。”由于目前大部分城市的二套房贷政策执行明紧暗松，就无形中为投资客提供了宽松的信贷环境，“在强烈的通胀预期下寻求货币保值增值的需求直接加速了投资客的再度入市，促进了楼市的再次活跃。”莫尼塔机构对此也认为，当前部分银行的放贷政策收紧主要是银行自身层面的，贷款额度不多，也不着急放贷，属于一种“趁机涨价”的自然行为，并非政策自上而下的收紧。“因此，这样的收紧程度很可能在年底或者明年年初又可能重新松开。”但无论房地产优惠政策未来走向如何，这种短期内给房地产市场带来压力的情况无疑再次给了投资客和抄底资金二次进入的机会。在清科提供的数据中，记者发现，每年私募股权基金对中国房地产行业的投资均呈现出周期性波动，而下半年历来都是抄底的黄金时间，从2006年开始，下半年不论是投资总额还是投资案例，其总数都高于同期上半年交易资本总量，“那么在今年特殊的政策和经济环境下，二季度基金几乎无法介入，很可能这部分资金会延后到年终时集体流入市场，进行二次抄底。” 我要评论",4,1,0.9948344230651855
郭晶晶潮人装现身 卖霍家豪宅欲赚450万(图)刚在全运会捍卫了宝座的跳水皇后郭晶晶，已经适应了频频出席商业秀和高级社交场合的名媛生活。虽然和富豪男友霍启刚的婚事一波三折，如今又要明年再说，她却丝毫不恨嫁，甚至变卖了霍家所赠的百万豪宅，只因物业太多疲于打理。看来名媛郭晶晶下定决心自力更生，毫不担心30岁后变成剩女。 11月12日讯 在10月30日晚，郭晶晶现身上海恒隆广场，以优雅“女王”姿态作为奢侈品牌的领衔嘉宾，成为全场焦点。当日，她为出席活动仅在上海逗留12小时，打着“飞的”匆匆来去。青涩Ball场新女王12小时打飞的捞金虽然郭晶晶出席时尚活动远没有跳台上那么潇洒自如，但经过这几年大大小小众多时尚活动的磨练，郭晶晶的秀场表现频频加分，青涩的门外汉渐入佳境。当日她打头阵为奢侈品牌Fendi走红毯，白色包肩小洋装配银色钉珠手拿包，得体大方，并恰当地遮盖了她因常年游泳而厚实的肩膀及背部，贵妇气场引来闪光灯混战，不少记者私下赞扬：“郭晶晶越来越漂亮了，也越来越会穿衣服了。”郭晶晶也略带得意地介绍：“衣服是我自己选的，我比较喜欢端庄简洁的款式。”虽然郭晶晶的Pose比名模熊黛林和乐基儿略显生涩，换来换去就一两个姿势，对大场面闪光灯阵还有待适应，不过她出场待遇不低。和品牌第三代掌门人合影时，她永远是站在最中心位置的明星，跟大姐大刘嘉玲同级，连天王嫂们都只有靠边的份儿。第一个出场，也是第一个离场，据悉郭晶晶因为要赶回北京训练，活动未结束就从秘密通道离开。回附近酒店换了便装，郭晶晶在助手陪同下直奔机场。当日早上10点，记者目击她刚刚抵沪；不到12个小时，晶晶就赶着最后的飞机匆忙回京，捞金之旅速战速决。私下里没了长枪短炮的关注，郭晶晶要比在秀场上自在许多。离开时，她摘掉了早晨戴着的明星范儿超大墨镜，穿时尚的机车皮衣和短裙、打底裤，手挽着7000大洋的意大利制造Tod’s G-bag，包包上还挂着一只小熊造型的名牌挂件，一身贵气引得不少路人侧目。上午看到有记者在机场拍摄，郭晶晶冷眼相对；晚上离开时，她也不时警觉地到处张望。办完登机手续，她终于松了一口气和助手有说有笑。婚期未定的准豪门媳妇“希望大家多给一点时间”此次再度被记者问及是否考虑进入娱乐圈，郭晶晶明显不如之后进场的刘璇那么如鱼得水，她生硬地回答：“不会。”有没有考虑拍电影？回答也是：“没有。”由于郭晶晶每次回答都比提问短，记者不由得追加一个“为什么”，郭晶晶倒是认真地想了想说：“因为我不会。”与霍家二公子的婚事，也是郭晶晶最烦回答的必答题。之前传出她将在11月中旬，嫁给交往4年、家族资产约900亿元台币的霍启刚，记者一求证，她立即给出一个令气氛迅速尴尬的回答：“这是很私人的事情，希望大家多给我一点时间。”场面一下子冷下来。全运会开始前，郭晶晶已被风传嫁入霍家，年末要举行风光婚礼，成为一代巨贾霍英东的孙媳妇。这个传闻使郭晶晶在全运会上成为刘翔之外最红的焦点人物，每次出席都引得大批记者蜂拥而至，好几次甚至冲破护栏。郭晶晶不得不在夺金后表态：“我跟他感情挺好，我们俩还没探讨过这个问题。我觉得现在这个时代，30岁以后结婚很正常，所以不着急。”总之，郭晶晶宣告暂时不退役、不结婚、不从政。霍启刚虽也曾是风流富豪，不过自从和郭晶晶谈恋爱后相当专一，鲜少绯闻，这让郭晶晶对自己成为霍家媳妇很心定。郭晶晶曾说：“当你做着喜欢的事，而后面有人给予精神支持时，哪怕是一条短信、一个电话都给你莫大鼓舞，你因此会开心地继续做下去。”而霍少让她感动的短信太多了，“我无法挑选，很多人问我霍启刚的事，但很少有人真正去了解他为我的付出。”身价千万的文体新名媛：变卖霍家豪宅聘礼只因懒得打理前不久郭晶晶抛售北京崇文门附近本家润园的房产，让许多人以为这场华人界瞩目的恋情有变，然而10月15日郭晶晶29岁生日，霍公子专程飞到北京为女友庆生，粉碎了谣言。这套房子据说是2006年霍家以300多万元买进送给郭晶晶的聘礼，而以郭晶晶不差钱的身价而言，这套房子不过是她的一个广告收入而已。如今，郭晶晶以452万挂牌出售这套房子，被几经揣测。郭妈妈主动出来爆料称，抛售是因为物业闲置，不便打理。据报道，她和霍启刚恋爱期间，霍家先后送了3套物业给她当礼物，其中最贵的一处是一个北京四合院，市价超一亿。此外，郭晶晶获奥运冠军后，先后获得政府和房地产开发商赠送的多处房产。除了竞技状态保持良好，郭晶晶作为体育明星，吸金能力也超强，拥有牛奶、洗衣液、家电、饼干等多家商业品牌的代言合约在身。2009中国福布斯名人榜上，郭晶晶超越刘翔高居第4位，15家各类广告代言收入超过3000万。显然，豪门名媛的生活最适合未来的郭晶晶，据说她专门练过怎么走台步、摆Pose，如今又开始学英语。训练之余，她有意识地去看一些时尚杂志，了解流行信息。目前，郭晶晶还在中国人民大学学习工商管理专业，为名媛之路铺平基石。 我要评论,4,3,0.5680962204933167
"建行提升首套房贷门槛 二套房利率多家银行7折当下，各家银行的信贷经理们忙乎得有点反常。“成交量不降反升，这不像往年年尾的状况啊。”中信银行二手房贷款客户经理孔艳说，她今年已经做了两个多亿的单子了，没想到临近岁末却还迎来小高峰。“其实都是被房贷7折利率优惠要取消的传言给闹的。”深发展客户经理李先生说。近日，“房贷利率优惠明年或叫停”的报道引起猜测纷纷。随着优惠利率将取消的风声加紧，伟嘉安捷市场主管吴昊告诉《华夏时报》记者，对未来政策的预判性不明，导致不少业主出现急售房产的现象。而业内相关人士则表示：目前政策面并没有文件传达，只是各家银行有自主权依据自身情况决定7折利率是否要取消。建行给首套房贷提高要求记者以购房者身份调查得知，广发、中信、深发展、北京银行对于资质够好的购买二套房的改善性住房客户仍可给到首付四成，利率7折或7.01折的优惠。“我们暂未收紧二套房的利率优惠，购买二套房的客户只要首付40%，属于改善性住房的话还可以申请到7折优惠。”北京银行客户经理赵先生告诉记者。上述中信银行客户经理则对记者表示：只要没什么严重的不良信用记录，在该行申请到7折利率也不会有多大的难度。她最近发放的贷款就有很多都申请到了7折优惠。“但是如果两套房子的月还款额占比家庭总收入超过55%的话，那或许申请就通不过了。”广发银行房贷工作人员告诉记者，该行目前仍可给改善性住房客户申请到7.01折利率优惠。这边二套房还在大给优惠，建设银行却给首套房也提出了要求：首付四成才可以给出7折利率优惠；如果首付两成，只能享受到利率8.5折优惠。“如果是二套房，不属于改善性住房的话，利率肯定是上浮10%的。”建行信贷经理非常肯定地告诉记者。语气变得谨慎的还有招行的信贷经理，他极其巧妙地告诉记者：“如果你资质够好的话，我们也可以申请到下浮30%。”“那能申请到下浮30%的概率是多少？”面对记者的追问，他表示：无法承诺，因为利率随时有收紧的可能。“你争取这个月就把手续办完了，说不定政策哪天说变就变。”工行和深发展客户经理则这样说。贷款审批不过或要付违约金在某广告公司当项目经理的王先生最近有点郁闷，他说，他预订的某小户型因为没有办法贷到八成，最终只得放弃购买了。最终他无奈地从开发商那里把预交的定金取了回来，“还好，这不是因为我的原因造成的无法成交，不用给开发商违约金。”而记者了解到，在二手房过户过程中，买卖双方也会有一个补充协议，买方也需要向卖方支付一定的定金，如果因为买方原因导致交易无法完成，买方须向卖方支付双倍定金的违约金。“主要还是看双方的补充协议是怎么定的，如果因为贷款申请不能通过导致交易无法完成的约定，付违约金的情况也是会存在的。”吴昊告诉记者，这种情况下，买方就只能支付全款来购买房屋了。“所以还是双方的协议要沟通、约定好。”而据某网站的调查显示：已经买房或是准备买房的网友中，九成以上的人选择贷款购房，仅有6.85%的网友全款付清。吴昊表示：如果买方因为信审未能通过贷款审批，而又无法全额付清房款的话，那么就只能“撤单”。“中介公司这时候是没有任何费用产生的，只是交易成功后要收房款总价2.5%的服务费。”八成网友持观望态度 结合“房贷利率优惠明年或叫停”报道的种种猜测，某网站推出的“住房贷款意愿调查”显示：67.12%的网友认为住房信贷政策变化对自身购房有影响；面对住房信贷全面收紧的可能，79.45%的网友选择“继续观望，静观其变”，只有20.55%的网友则“不再观望，果断出手”。“取消只是迟早的事情，因为现在房市已经过热了，国家要求开发商降价也不现实，所以只有通过一些政策的微调来对市场进行调整。”某商业银行消费金融中心工作人员对记者表示，“但是我觉得或许还是老人老办法，新人新办法。不过因为利率优惠而去抢这个时间却不见得可取。虽说大跌不可能，但是调整总是会有的。”而11月5日，住房和城乡建设部政策研究中心副主任王珏林在接受媒体采访时表示：鉴于目前经济回暖、房地产市场向好的形势，去年出台的一系列楼市优惠政策有可能在年底到期终止。北京市理财规划师协会会长、北京东方华尔金融咨询有限责任公司总裁刘彦斌也撰文指出：第一套房贷的7折优惠利率取消是早晚的事情。其原因是：实行7折优惠利率是政府的临时性措施,目的是为了刺激房屋购买，现在基本达到目的。再者因为贷款利率是根据央行的基准利率逐年浮动，目前又是利率低点未来是上升趋势等原因，所以该买房的还要买房,该还贷的还要还贷，利率不是买房的决定性因素。“贷款买房的人在买房时,就应该考虑到利率上升的因素,来计算自己的偿还能力。”而来自 “伟嘉安捷”的消息表明，以往多数业主不愿意接受购房人使用公积金贷款，因为公积金流程慢于商业贷款，会影响业主拿到房款的时间，而如今多数业主出于对政策未知的考虑，大部分人同意购房人使用公积金贷款买房，这也是导致公积金贷款交易量有所上升的重要因素之一。伟嘉安捷指出，其实在借款人资料准备齐全且配合办理的情况下，一般10个工作日左右即可完成批贷、放款。我要评论",4,1,0.9726989269256592
曾荫权担心资产价格升幅过急导致另一次危机十一月十三日，亚太经济合作组织(APEC)工商领袖峰会(CEO Summit)在新加坡新达城国际会展中心揭幕。香港特区行政长官曾荫权当日上午参与大会的对话发言。 中新社发 郑祚声 摄中新网11月14日电据香港大公报报道，正在新加坡出席亚太经合组织会议的行政长官曾荫权表示，美国的低利率政策已导致美元利差交易出现，令资金流向其它地方，助长投机活动。他担心一旦资产价格升幅过急，将可能导致另一次资产泡沫危机，因此各地政府应加强监察及合作。曾荫权说，香港经历九七年金融风暴后，已优化银行、金融和借贷制度，有信心香港能够在金融海啸后加快经济复苏。曾荫权昨日在APEC工商领导人峰会一场有关“规管金融及全球增长”座谈会上表示，上世纪八十年代末，日本为应付经济衰退，实施零利率政策，令资金因而流向亚洲其它地区。当时亚洲国家和地区未有留意热钱流动及资产价格上升至危险水平，结果引发亚洲金融风暴。曾荫权指出，目前美国低利率政策与当年日本情况相若，因为美元利差交易已导致资金流向其它地方。他说，“钱流到哪里，问题就在哪里”，目前在亚洲多个地区，包括韩国、中国台湾、新加坡和中国香港等，资产价格再度上涨，甚至资产价格的水平已与基本面不相称。他担心资产价格升幅过急，将有机会导致另一次资产泡沫危机，希望政府及企业界保持警戒，而各地政府应加强监察和合作。去年九月底美国爆发金融海啸，并快速蔓延至全球各个经济体系，不少国家或地区迄今复苏速度十分缓慢。曾荫权说，香港与亚洲各经济体一样，在九七年金融风暴一役累积了经验，并且优化了银行、金融和借贷制度，包括限制股票市场无货沽空、增加市场透明度、在促进市场发展及保障投资者之间取得平衡等，因此金融海啸爆发以来，香港的复苏速度较不少地区快，银行体系亦没有受到重大冲击，显示香港的规管具有一定成效。曾荫权表示，香港将会参考各经济体处理金融危机的经验，继续对抗金融海啸，有信心能够加快经济复苏步伐。不过，他说，香港必须留意可能出现资产泡沫，而金融危机的其中一个启示，就是不能过分依赖单一行业，所以施政报告提出发展六项优势产业。 我要评论,4,7,0.9997865557670593
住建部出手整治楼市 严打开发商捂盘惜售哄抬房价要求地方全面梳理检查商品房已批未建、已批未售项目官方最新文件显示，国内楼市的骤然回暖让一些开发商“好了伤疤忘了疼”，又开始像2007年那样捂盘惜售、哄抬房价，对此，主管楼市的住房和城乡建设部也再度出手整治。CBN记者独家获悉，为了进一步规范国内房地产销售行为，住建部近日向各地下发通知，要求加大对违法违规行为的查处和公开曝光力度，及时发现并查处开发商炒卖房号、捂盘惜售、囤积房源等违法违规行为。今年7月1日起，上海开始实行《商品房销售方案备案管理暂行规定》，以规范商品房销售。在此次的通知中，住建部特意肯定了“上海版规定”，并在通知中将其一并转发，要求各地在规范房地产市场秩序问题上予以参考。督促符合条件楼盘及时开售历史总是惊人的相似。2007年房价飞涨之际，住建部(当时为建设部)副部长齐骥也曾在国新办新闻发布会上强调，要坚决查处囤积土地、捂盘惜售、恶意炒作和哄抬房价等违法违规行为。然而，官方表态并未能真正抑制房价涨势，2007年成为国内重点城市房价上涨最快的一年。今年楼市火爆房价飙升，也引来各方纷议，政府是否应出台调控政策以抑制房价正成为当前业界的讨论焦点。在这份最新通知中，住建部对房地产业的作用予以了认可，称今年以来，随着中央和地方一系列调控政策的实施，房地产市场逐步企稳回升，房地产业在扩大内需、保障民生、促进经济平稳较快发展中发挥了作用。但住建部同时也强调，近期部分城市少数房地产开发企业捂盘惜售、囤积房源、哄抬房价等违法违规行为又有所抬头。“各地要珍惜来之不易的好的发展势头，加大对违法违规行为的查处和公开曝光力度，坚持整顿规范和促进健康发展并重。”今年楼市热销，商品房库存持续下降，而房地产投资和新开工面积又未能达到预期，一些业内人士开始忧虑对未来楼市再度出现供不应求局面。根据国家统计局的数据，今年前10月全国商品房销售面积66369万平方米，同比增长48.4%。其中，商品住宅销售面积增长50.1%。而当期房屋新开工面积8.14亿平方米，同比仅仅增长3.3%，并且增速是自年初以来首次实现由负转正。北京、上海等重点城市也时常传来新增房源供应不足的信号。这种情况下，打击开发商捂盘惜售、增加楼市供应成为主管部门的工作核心。据悉，近期各地住建部门、房协会同地方政府频繁约见开发商，要求加大开工量加快开工。住建部在此次通知中也特别要求，地方住建部门要加强对在建项目的监管。要摸清底数，全面梳理检查已批未建、已批未售项目的情况。督促已达到规定预售条件的项目及时申请预售公开销售。四川省建设厅已经为此设定了时间表，要求下属部门11月20日前上报当地商品房已批未建、已批未售项目的情况，并督促已达到规定预售条件的项目及时申请预售并公开销售。不得分批、分次销售商品住宅在通知中，还对商品住宅项目分批、分次销售行为做出了明确规定。房价处于上涨通道时，有开发商选择分批、分次开盘，是因为可以借此逐渐调高后期开盘的房屋销售价格，从而坐收“超额利润”。如北京东三环区域某著名楼盘，去年年底首期开盘时均价13000元/平方米，而今年10月开盘销售的项目均价已经上涨到21500元/平方米。另外，选择分批、分次开盘也可在客观上造成市场上房荒的假象。“今年前几个月商品房销售情况很好，开发企业资金链紧张的局面已经不复存在，反而现在一些开发商要控制销售节奏，推迟开盘，减少开发规模，人为造成市场的供不应求的预期。”复旦大学房地产研究中心主任尹伯成说。住建部在通知中要求，要合理确定商品房项目预售许可规模。商品住宅项目一般不能分层、分单元办理预售许可，对已经办理预售许可的，应一次性将全部房源公开对外销售，不得分批、分次销售。地方上也已经有所行动。江苏省近日就下发《关于进一步规范商品房预(销)售行为的通知》，要求开发商申请预售许可时，不得分层、分单元申请预售许可，只是对开发建设规模较大、实行分期开发和分期交付的项目，才允许按照分期开发的规模申请预售许可。而在取得预售许可证后，开发企业应当将在规定时间内销售的商品房，不得以任何借口分批、分次销售。在近日召开的中国住博会上，中国房地产协会秘书长朱中一也要求下属房地产企业，按照国办131号文的相关要求，坚持理性定价合理定价、扩大销售量，拿地后要按照合同尽快开发，以形成实际的消费量。官方最新文件显示，国内楼市的骤然回暖让一些开发商“好了伤疤忘了疼”，又开始像2007年那样捂盘惜售、哄抬房价，对此，主管楼市的住房和城乡建设部也再度出手整治。获悉，为了进一步规范国内房地产销售行为，住建部近日向各地下发通知，要求加大对违法违规行为的查处和公开曝光力度，及时发现并查处开发商炒卖房号、捂盘惜售、囤积房源等违法违规行为。今年7月1日起，上海开始实行《商品房销售方案备案管理暂行规定》，以规范商品房销售。在此次的通知中，住建部特意肯定了“上海版规定”，并在通知中将其一并转发，要求各地在规范房地产市场秩序问题上予以参考。督促符合条件楼盘及时开售历史总是惊人的相似。2007年房价飞涨之际，住建部(当时为建设部)副部长齐骥也曾在国新办新闻发布会上强调，要坚决查处囤积土地、捂盘惜售、恶意炒作和哄抬房价等违法违规行为。但官方表态并未能真正抑制房价涨势，2007年成为国内重点城市房价上涨最快的一年。今年楼市火爆房价飙升，也引来各方纷议，政府是否应出台调控政策以抑制房价正成为当前业界的讨论焦点。这份最新通知中实施，房地产市场逐步企稳回升，房地产业在扩大内需、保障民生、促进经济平稳较快发展中发挥了作用。但住建部同时也强调，近期部分城市少数房地产开发企业捂盘惜售、囤积房源、哄抬房价等违法违规行为又有所抬头。“各地要珍惜来之不易的好的发展势头，加大对违法违规行为的查处和公开曝光力度，坚持整顿规范和促进健康发展并重。”今年楼市热销，商品房库存持续下降，而房地产投资和新开工面积又未能达到预期，一些业内人士开始忧虑对未来楼市再度出现供不应求局面。据国家统计局的数据，今年前10月全国商品房销售面积66369万平方米，同比增长48.4%。其中，商品住宅销售面积增长50.1%。而当期房屋新开工面积8.14亿平方米，同比仅仅增长3.3%，并且增速是自年初以来首次实现由负转正。北京、上海等重点城市也时常传来新增房源供应不足的信号。在这种情况下，打击开发商捂盘惜售、增加楼市供应成为主管部门的工作核心。据悉，近期各地住建部门、房协会同地方政府频繁约见开发商，要求加大开工量加快开工。 我要评论,4,7,0.6455020308494568
香港豪宅多个项目抢攻内地富豪在5100名投资移民者中，近4000人为拥有境外永久居民身份的中国籍人士，房地产和股票是最普遍的投资方式。马化腾、李宁等已在香港买豪宅黄树辉今年香港的豪宅市场，内地富豪成为绝对的主角。先是腾讯董事局主席兼CEO马化腾年初斥资1.6亿港元在香港购买位于渣甸山名门的豪宅，继而是“体操王子”李宁在香港购买了一套位于香岛道33号的别墅，市值高达3亿港元。随后，一名内地神秘富豪以4.39亿港元买下香港港岛区西半山“天汇”45楼A复式户，因创下世界纪录引起极大关注。内地富豪集体到香港买楼的趋势，也在改变着香港和内地开发商既往的营销策略。前几年，不少香港开发商经常将其在内地开发的高档住宅项目在香港“搭台”促销，希望将香港的购房资金带到内地。据了解，李嘉诚旗下的长江实业与和记黄埔在内地开发的项目，均在香港设有专门的展示区域。此外，不少内地开发商也都有将旗下楼盘带往香港促销的经历。但这种楼盘促销的走向正在发生逆转，即有越来越多的香港开发商，已经或者正在准备将其在香港本地开发的豪宅项目带入内地进行促销。自2003年首次到内地进行项目路演后，长江实业执行董事赵国雄几乎每一年都要考虑如何将香港的地产项目成功推介至内地，而他在不经意间发现，内地客户在公司客户中的比重已经由最初的3%上升至10%左右，公司正在销售的“富甲半山”豪宅项目中，内地客户的比例已达到30%。多个项目抢攻内地富豪在众多的内地买家中，企业家群体无疑是主力军。“富甲半山”现场营业人员向CBN记者透露，不久前，一位来自杭州的大型地产开发企业老板在香港与各界商人洽谈合作期间，顺便斥资3500万港元购买了一套2000余英尺的房源，全部采用现金支付。该客户还声称香港的房价极具投资价值，尤其是豪宅。据长江实业助理营业经理何家欣介绍，“富甲半山”楼盘平均英尺价1.4万港元，每套售价平均超过2000万港元，目前已售出七成，有三成购房者来自内地。项目中的七栋独立别墅售价在4000万至9000万港元之间，目前已售出的四栋中有两栋为内地客户购买，用于自住。新鸿基地产代理有限公司执行董事雷霆在接受媒体采访时认为，内地买家对香港豪宅的购买力是明显的，新鸿基旗下的天玺一期600多套单位已经售出400套左右，均价都在20万港元/平方米以上，其中超过三成的买家来自于内地，包括北京、上海、山西、浙江等，大多数属于从事实业人士，看重长线投资。长江实业在2003年开创香港房地产开发商内地路演先河之后，很多香港高端地产项目也开始以内地客为主要销售对象之一，并不断进行内地推广。这种在香港被称为“路演”的活动，实际上就是推介并兜售项目。雷霆透露，为配合天玺二期的销售，新鸿基也将在内地重点城市做一系列的路演活动。目前新鸿基正在拓展内地的推广渠道，上海IFC项目明年落成后，新鸿基将在那里设立一个永久展厅，专门推广香港的高端项目。而长江实业在售的另一个中高端住宅项目大围“名城”也将目标客户锁定内地买家。该项目负责人长江实业董事郭子威向CBN记者表示，公司将去北京、上海和广州三个重点城市路演，希望该项目有三成客户来自内地。曲线购楼赵国雄说，内地买家在香港购买豪宅无外乎投资、自住和移民香港。此前的2003年10月27日，香港特区政府启动了“资本投资者入境计划”，只要在香港投资不少于650万港元资产，便可申请以资本投资者身份来港定居。同时，投资者可带配偶及未满18岁的受养未婚子女以受养人身份来港。通常居港连续7年后，他们可依法申请居港权。投资移民计划仅限于房地产和金融资产领域，对象是外籍人士、澳门、台湾居民以及内地已取得境外永久居民身份的人士，内地居民并不在此之列，主要是因为涉及外汇管制，问题十分复杂。不过，内地实施的外汇及居民出境管制似乎算不上是一个难题。郭子威表示，内地居民可以找到变通的方法，曲线投资或移民香港，通常的做法是先移民去他国，然后再由他国投资或移民香港，而如果在境外有投资公司的，则可以通过境外投资公司直接以投资方式将资金转入香港，这些都是合法的途径。在政策并未全面放开的情况下，内地居民也能得以投资香港已是基本事实。香港保安局局长李少光11月11日在回答立法会议员提问时透露，自推出投资移民计划至今年9月，一共有约5100名主申请人和近万受养人通过投资移民计划赴港定居，给香港带来了366亿港元的投资，而在5100名投资移民者中，有近4000人为拥有境外永久居民身份的中国籍人士，房地产和股票是最普遍的投资方式。要投资房产，就要投资高端产品，这已是房产投资行业内不成文的准则。通胀预期的上升，资产保值增值需求无疑是推高豪宅的重要力量。郭子威说，在通胀预期不断加重的背景下，很多内地投资者开始越来越多地选择购买香港豪宅以期在未来对抗通胀。“投资豪宅，虽然成本较高，但利润率也随之更高。相对于黄金，房子在通胀周期内还可有租金收益，算上房屋增值和租金双重收益，再把通胀因素考虑进去，香港近18年的私人住宅的年均复合回报率为6.65%。”在豪宅成交的带动下，香港楼市整体攀升。香港豪宅价格已经超过了1997年创下的历史最高水平。10月23日，香港金管局对香港高端房地产价格的过快上涨作出反应，宣布即日起将豪宅首付比例由目前的30%提高至40%。我要评论,4,1,0.9305063486099243
国土部将推广农村集体建设土地入市调控房价 据《华夏时报》报道，对高地价以及高房价的调控，在整顿土地市场的同时，国土资源部也开始从饱受争议的农村集体建设用地入手了。11月16日，记者获悉，国土资源部在正式对商品住宅用地进行面积设限后，其近期在北京、上海等地区的调研已经暂告一段落，并正在形成2010年新的土地调控政策，这些政策将包括出台相关囤地处罚的措施、酝酿增加土地增值税等。而据记者了解，之前试点的农村集体建设土地入市也将继续推广。新的土地政策一旦严厉执行，必将对楼市泡沫形成打压之势。国土部酝酿新版土地调控针对目前的高地价和严重的囤地现象，积极酝酿2010年新一轮的土地调控政策是国土资源部近期的主要任务。11月13日，国土资源部正式出台文件，针对商品住宅用地的宗地出让面积首次给出明确的上限，要求大城市不能超过20公顷。但据记者了解，国土资源部的新土地调控政策，远不止于此。新的土地调控政策还将包括不同区域灵活供地、加大力度打击并曝光相关土地违法案件、出台相关囤地处罚的措施等。而进一步明确税收政策，增加土地增值税，把土地增值部分返还给社会也在商榷中。同时，国土部正在加快新一轮土地利用总体规划修编。“农地入市”解困高地价除了上述2010年的土地调控新政，值得注意的是浙江省即将展开的农村集体建设用地入市的试点。11月17日，据相关媒体报道，浙江省对外透露，国土部近日已确定在浙江开展农村土地整理改革试点。最快从2010年元旦起，浙江将在全省范围内推广农村集体建设土地入市，并逐步实现与城市国有土地“同地、同价、同权”的健康流转模式。这种模式的核心，就是将来自宅基地置换后腾空出来的土地，用作工业用地和商业用地；原有农村土地流转后，吸引社会资本投资现代农业，大大提高土地经营效益。据悉，这种模式和实验获得国土部、国务院研究中心等部门的高度关注，并有望获得其他省份的借鉴。如果农村集体建设用地入市，显然必将大大缓解目前土地供应紧张的局面，而地价抬高房价的问题也将迎刃而解。土地调控打压高房价如果新的土地调控政策严厉执行，目前泡沫严重的楼市必将受到严重打压。“2009年中国的房价太高，其深层次的原因是政府的土地供应行政制度、垄断性的卖地体制、对开发商囤地涨价谋利行为打击不力、地方政府的房地产财政和房屋的持有成本很低，是这些体制问题的一次集中爆发。”中央党校研究室副主任周天勇直指目前的土地政策和开发商拿地后的二次囤积和垄断，是导致土地供应紧张和房价上涨的重要原因。而此次国土部的新土地调控，最为突出的问题就是治理囤地和地王。周天勇认为，土地调控政策包括治理囤积土地一直以来都有政策，但是以往多次清理未开发两年以上闲置土地，都不了了之，如果新政策得到执行，高房价势必会受到打压。 我要评论据《华夏时报》报道，对高地价以及高房价的调控，在整顿土地市场的同时，国土资源部也开始从饱受争议的农村集体建设用地入手了。11月16日，记者获悉，国土资源部在正式对商品住宅用地进行面积设限后，其近期在北京、上海等地区的调研已经暂告一段落，并正在形成2010年新的土地调控政策，这些政策将包括出台相关囤地处罚的措施、酝酿增加土地增值税等。而据记者了解，之前试点的农村集体建设土地入市也将继续推广。新的土地政策一旦严厉执行，必将对楼市泡沫形成打压之势。国土部酝酿新版土地调控针对目前的高地价和严重的囤地现象，积极酝酿2010年新一轮的土地调控政策是国土资源部近期的主要任务。11月13日，国土资源部正式出台文件，针对商品住宅用地的宗地出让面积首次给出明确的上限，要求大城市不能超过20公顷。但据记者了解，国土资源部的新土地调控政策，远不止于此。新的土地调控政策还将包括不同区域灵活供地、加大力度打击并曝光相关土地违法案件、出台相关囤地处罚的措施等。而进一步明确税收政策，增加土地增值税，把土地增值部分返还给社会也在商榷中。同时，国土部正在加快新一轮土地利用总体规划修编。“农地入市”解困高地价除了上述2010年的土地调控新政，值得注意的是浙江省即将展开的农村集体建设用地入市的试点。11月17日，据相关媒体报道，浙江省对外透露，国土部近日已确定在浙江开展农村土地整理改革试点。最快从2010年元旦起，浙江将在全省范围内推广农村集体建设土地入市，并逐步实现与城市国有土地“同地、同价、同权”的健康流转模式。这种模式的核心，就是将来自宅基地置换后腾空出来的土地，用作工业用地和商业用地；原有农村土地流转后，吸引社会资本投资现代农业，大大提高土地经营效益。据悉，这种模式和实验获得国土部、国务院研究中心等部门的高度关注，并有望获得其他省份的借鉴。如果农村集体建设用地入市，显然必将大大缓解目前土地供应紧张的局面，而地价抬高房价的问题也将迎刃而解。土地调控打压高房价如果新的土地调控政策严厉执行，目前泡沫严重的楼市必将受到严重打压。“2009年中国的房价太高，其深层次的原因是政府的土地供应行政制度、垄断性的卖地体制、对开发商囤地涨价谋利行为打击不力、地方政府的房地产财政和房屋的持有成本很低，是这些体制问题的一次集中爆发。”中央党校研究室副主任周天勇直指目前的土地政策和开发商拿地后的二次囤积和垄断，是导致土地供应紧张和房价上涨的重要原因。而此次国土部的新土地调控，最为突出的问题就是治理囤地和地王。周天勇认为，土地调控政策包括治理囤积土地一直以来都有政策，但是以往多次清理未开发两年以上闲置土地，都不了了之，如果新政策得到执行，高房价势必会受到打压。 我要评论,4,7,0.9993247985839844
"周迅财商度评分70(组图)评语:综合实力较强,但往往无心恋战 去年福建泉州市地税局透露,全年有20多位演艺明星在泉州市缴纳个人所得税,其中“冠军”是周迅,单笔税款就达31.3万元;而其处女大碟《夏天》一上市即突破3万张大关;随后,打印机、手机、糖果、洗发水厂商纷纷找上她,据悉每支广告报价都从7位数开始;新片《美人依旧》、《买办之家》、《恋爱中的宝贝》相继上档……周迅当上小富婆恐怕在很多人的意料之中。 只是钱到了她手里怎么花还真是件难事,因为她个性有点男孩气,平时连零食都懒得吃,穿衣服也不像同龄女孩那么挑剔,喜欢一些中档的休闲品牌,比如ISZUE、无印良品等。花钱最多也就是出席一些重要的活动,因为自己的尺寸比较小,一般得找设计师定做服装。 在经历了娱乐圈的风风雨雨后,在经历了情路的坎坷后,如今周迅终于找到了一位知心爱人,两人还将一起搬进那栋豪华的别墅——足够容纳30人开派对的大厅、绝对私人的游泳池、宽敞的屋后花园及网球场。无论是占地面积还是豪华程度,周迅、李大齐的爱巢都能媲美“鹏菲”俩耗资千万、用来相夫教女的“晴翠园 (论坛 相册 户型 样板间 地图搜索)”。 评委评语:被动型选手,防守能力较强,但缺乏主动出击的意识。 除了成为福布斯内地第一富姐,最近关于巩俐的新闻炒得最热的莫过于,16年前电视处女作片酬200元人民币与如今动辄200万广告身价的极大反差。据说当时还是中戏表演系三年级学生的她一件白衬衫配上蓝色牛仔裤的休闲造型,把学生时代的清纯模样展现得淋漓尽致。当年的她服装不少是在广州买的地摊货,一件只值几元钱。这样的当年虽落魄倒也落个清静自由,如今有了钱,怎么打理还真成了大学问:白衬衣、牛仔裤不能再随便穿了,否则2001年百花奖领奖台上的这身打扮也不会招来那么多非议;广告也不能接太多了,否则人家怀疑你老公下岗,靠你一个养家糊口…… 单靠房子升值,估计巩俐这辈子不干活也能养活自己了,当然前提是得节俭着点用。十年前公开价为5000元/平方米的房子,如今早已经涨到了一万多,购置房产搞投资的确是不错的选择。只是这片号称北京首家高档涉外的别墅区,不是一般老百姓所能够接触,十多年前就已经是响誉国际的巩俐当然除外。 评委评语:力量型选手,攻击力强,但进攻套路比较简单。 9岁时孤身来到北京和奶奶一起生活的她,在1995年写下了歌曲《喜玛拉雅》,奶奶拿出卖冰棍积攒的3万多块钱帮她拍了MTV,从此走上成名之路。艰难的成长经历给了她实打实的个性,如今专辑卖得再多、演唱会开得再火,该交给国家的钱还得交:前两年到呼和浩特演出就跟人家刘欢比着交税;去年底北京演唱会光门票收入就是200万也一样谁都不瞒。直到2000年她还住着集体宿舍,手边有了闲钱第一个想到的还是收养孤儿。 评委评语:综合实力较强,但不善于观察对手,容易一味陷入自己的套路中。 陈琳说音乐对自己来说就是一份喜欢的职业,而且它可以养活自己。有报道称,她的吉它由大师特制,价值2万多元。而像这样的吉它她共有4把,平时演出总带两把在身边,另外还有演出的麦克风和小型设备都是自己带的,每场演出的设备费用都要40余万元,是国内歌手中最高的一个。只可惜英年早逝。 评委评语:不适合参与专业性比赛,容易被对手误伤。 那英生性豪爽,赚得多也花得多。1992年夏天,她和姐姐那辛在北京民族宫附近的太平桥大街投资20多万元,开起了饭店,回头客挺多,盈利却不大,原来那英经常带一帮朋友免费吃喝,其他客人也都攀比:“既然来吃饭就是朋友,是朋友就该免单。”那英生性豪爽,最受不了斤斤计较,索性全免,弄得那辛哭笑不得。至今,那英这个能花钱的毛病,也没能改过来,“经常是挣的没有花的多,三花两花就花没了! 1995年,那英摆脱“山沟沟里头山不转水转”的状态,凭着专辑《白天不懂夜的黑》(尤其是其中单曲《雾里看花》)开始真正的走红。而同时,她还认识了生命中的男人高峰。 从此,那英的专辑越卖越好,钱越赚越多,房子也越买越多、越买越贵,十年下来,置业七处。最近的一次,她豪掷3000多万元,购置了毗邻东四环的目前北京最顶级的豪华别墅,比王菲的晴翠园别墅面积和价位都要高出1倍以上,无意中竟使自己成为娱乐圈明星中的“住房领袖”。 (媒体来源：中华室内设计网) 我要评论",4,1,0.48727115988731384
香港政府三招齐出提高楼市透明度五工作日内公布买卖合约 提供使用面积报价 管理楼层编号□本报记者 蒋家华 香港报道香港特区政府近来接连出台政策遏制炒作之风。继不久前宣布楼价超2000万港元豪宅的最高按揭成数由七成降至六成之后，20日再次宣布三招提高楼市透明度，并从本月底正式实施。行政长官曾荫权当日表示，政府将出台的相关政策是：一，房地产商公布买卖合约的时限由过去的一个月大幅缩短至五个工作日；二是房地产商必须同时列明以使用面积计算的价格，供买家参考；三是对住宅楼盘的“跳层”现象要进行一定的管理，要用合理的模式来确定楼层编号。不过，业内人士认为，上述措施对投资客和房地产商的约束可谓象征意义大于实际意义。使用面积报价价更高据特区政府有关人士解释，房地产商需要公布的数据包括售出单位的位置、签约日期和交易金额等，此前的要求是房地产商在与买家签订临时买卖合约之后的一个月之内公布；实施新措施之后，房地产商公布买卖合约的时限，将大幅度缩短至签订临时买卖合约后五个工作日，使市民能尽早得到确切的市场信息。在新措施中，争议最大的是要求房地产商同时提供使用面积报价，前述特区政府有关人士表示，此举是为了给买家参考以做出正确选择，但他也承认，如果按使用面积报价，可能会比按建筑面积的报价更高。以此前创出历史天价成交的天汇豪宅为例，如以使用面积报价，每平方米的价格将较以建筑面积报价高出32%。据香港土地注册处数据显示，该处豪宅的成交价为4.389亿港元，建筑面积为615.8平方米，每平方米价格为71.27万港元；但以使用面积467.1平方米计算，每平方米价格将达93.96万港元。此外，对天汇豪宅被曝为“图吉利”而省却含4、7楼层编号等的“跳层”现象，曾荫权表示关注。他说，屋宇署已决定修改相关条例，日后将要求房地产商用合理的模式来确定楼层编号，以防止再出现不合理的“跳层”现象。此外，他还要求，房地产商在售楼说明书显著位置列明楼层的全面数据。各方反应不一对近期特区政府推出的一系列针对楼市的监管措施，多数人士表示，这些措施并未起到治本的作用。一位业内人士对中国证券报记者表示，例如，提高豪宅的首付比例问题，香港购买豪宅的人士多为一次性付款，而这类人士是购买豪宅的真正主体，因此提高首付比例对他们并无抑制作用。对缩短公布买卖合约时限的措施，有关人士批评，五个工作日的期限与一个月的期限分别不大，仍可令房地产商有时间控制楼市信息、虚假宣传楼盘售卖情况。对采用使用面积报价，中原地产(中原地产博客)联席董事黄良升指出，市场已习惯利用使用建筑面积报价来比较楼价，而要求房地产商公开使用面积报价，对市场不会有大影响。不过，也有分析人士称，建筑面积牵涉太多分摊的公用面积，买家难以透过建筑面积数据掌握单位可用空间；在新措施实施之后，买家可透过统一的标准了解单位的定价，有助于增加透明度。 我要评论,4,7,0.9552841186523438
 盘点全球10个最环保城市之三波特兰特点：绿色建筑、发展轻轨波特兰是美国第一个将节能减排作为一项法律推行的城市。除了“绿色建筑中心”，该城市还大力推行环保交通工具，轻轨、巴士和自行车是波特兰市民主要的出行工具。为了鼓励更多市民选择亲近自然的生活方式，波特兰市政府在城内开辟了近56万亩的绿地以及长为120公里、供市民散步和骑脚踏车的专用道。新加坡特点：“零能耗”建筑作为亚洲的“花园城市”，新加坡在环保方面的努力一直有目共睹，长达12年的口香糖进口禁止令就是例证。2009年，新加坡第一座“零能耗”建筑也将竣工。这座由旧楼改造的建筑，能源利用率将比常规建筑高60%，屋顶采用总面积达1300平方米的太阳能板供电，并与公共电力网相连，可做到电力的互相补充，内部还装有感应器，能自动调节室内的冷气系统。多伦多多伦多特点：LED照明系统、深层湖水冷却系统早在2002年，多伦多为解决“热岛效应”(由于城市化发展，导致城市中的气温高于外围郊区的现象)，就已开始在城市建筑的屋顶种上绿色植物，改善环境质量。去年，多伦多宣布将用LED照明系统取代传统灯泡和霓虹光管，以节省用电，在维护夜景的同时，减少城市的光污染。此外，多伦多市的一些建筑将利用安大略湖的湖水冷却降温，以缓解电力供应。  我要评论,4,5,0.9943339824676514
国土部：推广农地入市调控房价的报道不属实每经记者张敏发自北京在年末政策即将变动时，“调控房价”成为媒体最感兴趣的话题。针对近日媒体报道称“国土部拟推广农村集体建设土地入市调控房价”的相关报道，国土资源部相关负责人昨日(11月23日)表示，媒体报道不足为信。对此，国土部正在汇总相关情况，并将于近期有所回应。业内人士分析认为，在现有的政策框架下，国家并未放开宅基地的流转，而“小产权房”更是难以转正。农地入市与房价无关有媒体报道称，国土部近日已确定在浙江开展农村土地整理改革试点，最快从2010年元旦起，浙江将在全省范围内推广农村集体建设土地入市。而这一政策必将对楼市泡沫形成打压之势。同时，浙江省发改委、国土厅、建设厅等部门，正在据此推进农村宅基地入市的相关方案。昨日，当记者就此事向国土资源部求证时，相关负责人却表示，媒体报道“不足为信”。他表示，国土资源部并未做过“农地入市”的表述，这种表述与房价更没有关系。该人士同时表示，国土部正在汇总相关情况，针对媒体的不实报道，国土部将于近期有所回应。浙江省农办改革指导处处长楼晓云23日向《每日经济新闻》表示，浙江省正在进行农村集体建设用地承包、经营权流转的试点，在流转过程中，农民可用房屋或其他财产进行抵押担保，即放开了抵押担保权，但土地所有权不会改变。楼晓云表示，根据浙江省的试点，农村集体建设用地入市后，可用作工业用地和商业用地，但不得用于商品房建设。同时，浙江省并未酝酿宅基地入市的相关方案。根据十七届三中全会发布的《中共中央关于推进农村改革发展若干重大问题的决定》，政府只能为“进行基础设施、公共管理和服务设施、军事设施等公益性项目建设”征收土地。非公益性项目建设征收土地，要经省级人民政府审核后报国务院审批。业内人士表示，其中的“非公益性项目”，便包括商品房建设用地，以及国土资源部明令禁止的高尔夫球场项目用地。“小产权房”难转正“如果农村集体建设用地得以进入商品房市场，就意味着‘小产权房转正’。在现有的制度框架下，恐怕还很难实现。”中国土地勘测规划院地价所所长赵松表示。赵松表示，现有的集体建设用地主要用作农业、工业和基础设施建设等，即用于扶持乡镇企业发展和农村基础设施建设。而小产权房建设面临的主要问题是：农村集体建设用地不允许流转；农用地难以转为建设用地。一位接近国土资源部的人士向记者表示，农村集体建设用地的流转将是政策的长期趋势，但目前只是“慢慢放开”，限制仍然很大，且由于“小产权房”影响到整个房地产市场的供应，国土部不会轻易“开闸”。记者发现，在广东省推行的农村集体建设用地流转试点中，明确表示禁止商品房建设。国土部也多次重申，严肃查处违反土地管理法律法规新建“小产权房”。今年6月，针对媒体关于“深圳市小产权房将拿到全国首个‘准生证’”的报道，国土部明确表示，“小产权房”违反土地管理法律，要严格依法查处。赵松表示，现有试点工作省去了农村建设用地流转中的征地环节，而“小产权房”建设和宅基地流转，仍未得到现有法律的许可。 我要评论,4,7,0.9722514748573303
住建部官员：房产市场不健康 解决囤积是关键 中新网苏州11月28日电(郭斐斐)住房和城乡建设部政策研究中心副主任王珏林今天在此间开幕的国际旅游地产主题研讨会上表示：当前房产市场不健康，应保持政策的连续性和稳定性，解决开发商中存在的“囤地囤房”关键问题。王珏林在国际旅游地产主题研讨会上发表演讲，分析中国房地产市场形势和趋势。他表示，“目前的房价处于历史最高水平，房价涨势非常快，但这不代表当前的房地产市场是健康的。”王珏林指出，当前中国的房地产“消费过于集中，不是一个正常的市场”，这样带来了多种危害，不仅抬高了房价，抑制主流产业发展，也扰乱整个房地产市场。数据显示，中国70个大中型城市房地产价格10月同比上涨3.9%，高于9月份2.8%的涨幅。王珏林指出，当前房地产市场上有不规范现象。一些开发商“囤地囤房”，销售不诚信。他说，为了使房地产市场健康运转，一方面，应保持政策的连续性和稳定性；另一方面，要及时解决当前房地产市场中暴露出的问题，特别是一些开发商“囤地囤房”的行为。他说，“小病不医，必成大病”，解决屯积问题是关键。另外，王珏林建议，加强对租赁市场的培育，通过盘活社会资源，增加市场供应，同样也是促进房地产稳定发展的策略之一。 (完）我要评论,4,7,0.9898804426193237
房地产业要挟中国经济 大波动或使实体经济崩溃 中广网北京11月29日消息 据中国之声《央广新闻》14时42分报道，国务院发展研究中心宏观经济研究部部长余斌近日表示，房地产业占到GDP的6.6%和1/4投资，直接相关产业达60个，已经成为中国经济的直接命脉。一旦房地产市场出现大的波动，现阶段依靠房地产发展生产的几十个行业，如钢筋水泥生产商等，还有那些投资房地产业的大中型企业都将受到无法估量的损失，甚至可能因为大量资金的丧失，让失血严重的中国实体经济崩溃。    我要评论,4,7,0.5566367506980896
企业不得为职工购房 晨报讯(记者 邢飞)针对部分企业高福利的状况，财政部企业司有关负责人昨天表示，根据相关政策规定，企业不得为职工购建住房，不得承担馈赠等支出。这位负责人昨天是在《关于企业加强职工福利费财务管理的通知》相关问题答问时做上述表述的，今年 11月12日，财政部引发该通知，除了明确企业职工福利费范围，还规定企业要将包括饭补、车补、房补等福利一起纳入职工工资总额进行缴税。这位负责人表示，据2008年全国国有及国有控股企业财务决算反映，中央企业人均福利费支出为3387元，占工资总额的7%，其中最高的企业人均福利费支出为4.46万元，占工资总额26%，最低的企业人均福利费支出为149元，仅占工资总额0.6%。今年以来，中石油“购房门”等事件，一度引起舆论关于央企福利激烈讨论，这位负责人表示，企业职工福利费是人工成本的重要组成部分，直接关系国家、企业和个人的利益分配。“当前有些企业随意调整费用的开支范围和标准，侵蚀国家税基，侵害企业投资者权益，也有任意压缩开支而侵害职工合法权益的情况。还有部分福利费发放或支付不合理，因此扩大了社会收入分配差距。”■专家解读《通知》主要针对垄断、国有企业中国人民大学财政金融学院教授安体富指出，目前，我国企业职工的工资比较复杂，除了基本工资之外，还有很多项目，有的连个人都搞不清楚，这使得一些企业借福利费之名随意调整开支，这既不利于规范企业的财务管理，也不利于规范企业的工资管理。“这一通知在财务上规范福利费，也的确针对一些高福利性质的垄断、国有企业。”安体富指出。企业职工福利费财务管理办法(部分)已实行货币化改革的按月按标准发放或支付的交通补贴或者车改补贴、住房补贴、通讯补贴，无论是直接发放给个人，还是个人提供票据报销后支付的，由于已形成对劳动力成本进行“普惠制”定期按标准补偿的机制，具有工资性质，因此，应当纳入职工工资总额，不再纳入职工福利费管理。未实行货币化改革的企业为职工提供的交通、住房、通讯待遇相关支出，如企业为职工提供的上下班班车、集体宿舍等相关费用，作为职工福利费管理。但需要强调以下几点：一是根据《企业财务通则》第四十六条和国家有关企业住房制度改革政策的统一规定，企业不得为职工购建住房、支付物业管理费。二是根据《企业财务通则》第四十六条的规定，职工个人娱乐、健身、旅游、招待、购物、馈赠等支出，不得由企业承担。三是企业生产经营发生的或者为管理和组织经营活动发生的、不定时间、不定金额、据实报销的市内交通等费用，既不具有工资性质，也不属于职工福利费，仍按原有规定列作企业成本(费用)。我要评论,4,7,0.8868284821510315
两房抵押贷款收益率升至一个月高点新浪财经讯 北京时间12月5日凌晨消息，据国外媒体昨日报道，房地产抵押贷款融资巨头房利美(Fannie Mae)和房地美(Freddie Ma)的抵押贷款债券收益率周五上升至一个月以来的最高水平，原因是有迹象表明就业市场正在改善，暗示住房新贷款的利率从历史低点回弹的趋势可能延长。数据显示，截至美国东部时间11:05(北京时间5日0:05)为止，房利美当前票面利率的30年期固息抵押贷款债券的收益率上升0.13个百分点，至4.29%，创下自11月6日以来的最高水平。这一收益率高于11月30日的3.90%，暗示抵押贷款平均利率也将呈现出类似的上升趋势，后者在最近一周下跌至历史低点。房地美称，在截至周四为止的一周中，30年期固息抵押贷款的平均利率下跌0.07个百分点，至4.71%，远低于6月份创下的今年高点5.59%。房利美抵押贷款债券与10年期政府债券之间的收益率差距在周五增长0.01个百分点，至0.79个百分点。11月24日，这种收益率差距为0.68个百分点，创下自1992年以来的最低水平。推动抵押贷款收益率周五上涨的主要原因是，美国劳工部当日早些时候公布的非农就业报告推高了基准国债的收益率。非农就业报告显示，11月份美国就业人数减少1.1万人，创下2007年12月以来最小的月度裁员数字；失业率则下滑至10%，这两项数据均远远好于市场预期。美联储买入了1.25万亿美元的所谓机构住房贷款债券，从而在今年大多数时间里将抵押贷款收益率与基准国债收益率之间的差距维持在历史最低水平。机构住房贷款债券是指房利美、房地美和吉利美(Ginnie Mae)所发行的债券。富国银行(Wells Fargo &Co)驻北加利福尼亚州夏洛特的抵押贷款债券分析师格论·舒尔茨(Glenn Schultz)在12月2日公布的报告中称：“住房市场正处于复苏的早期阶段，但我们认为，在住房市场能够自我维持复苏进程以前，政府很可能需要在明年上半年以前提供支持。”(唐风)我要评论,4,1,0.9374846816062927
迪拜危机启示录：空中楼阁迟早要倒塌美国拉斯维加斯，又一家奢侈至极的酒店在这个“罪恶之城”绽放。但此次，相较酒店豪华的各种天价服务和开幕典礼上的好莱坞群星璀璨外，似乎其幕后的主人更吸引人们的眼球--迪拜世界。仅仅一周前，迪拜世界这个名词牵动了世界每个角落的神经。11月25日，迪拜主权财富基金迪拜世界宣布，暂缓偿还债务。根据评级机构穆迪的估算，迪拜的债务预计接近1000亿美元。巨大的数额勾起了人们对去年雷曼兄弟倒闭以来那波汹涌澎湃的国际金融危机的回忆。汇丰、渣打、巴克莱、苏格兰皇家银行等在内的多家银行涉及在内。人们开始担心，我国是否也会因此受到波及。庆幸的是，国内几大商业银行随即申明表示，没有涉及迪拜世界、迪拜政府和其他相关迪拜主权基金及机构发行的债权。有所涉及的，比例也相当的小。记者致电多家研究所银行业分析师，均表示认为此事对国内银行业影响不大，目前没有特别关注。因此，公众的目光从银行投向了导致其债务根源的房地产业。迪拜世界的房产项目，现在已经成为了全世界最大的烂尾楼。而就在这债务问题凸显的时刻，其旗下的“重型”项目却闪亮登场。“城市中心”酒店的开幕，似乎使得地产行业最尴尬的一面展现在了公众眼中。反观我国的地产行业，近期拍卖地王频现，房屋交易价格再次飙升，种种迹象也让人们对其产生了许多担忧。有专家对记者表示，在高速成长时期，楼价和地价互相推动的背后，是资金的不断流入。在那些光鲜的大楼后被后默默支撑的是债券、贷款等各种负债工具。一个原本是沙漠中人口只有十几万的小城，在几乎没有任何实业的基础上，居然吸引了世界上各方的资金，建成了一个人口上百万的豪华都市。房地产市场的巨大利益诱惑在其中占据了重大的因素。不断高涨的楼市，加上免税的便利，使得国际游资疯狂涌入。在聚集了巨大资金后，其所投资的项目遍布世界，美国这次的拉斯维加斯“城市中心”项目，迪拜世界就砸了近50亿美元。这种推动与反推动作用，给予了人们一个璀璨的迪拜，但当问题暴露，留下的却是满目疮痍。“迪拜危机对我们而言更多的是警示作用。”中国社科院金融研究所中国经济评价中心主任刘煜辉在接受《证券日报》记者采访时如此表示。他认为，目前为止迪拜危机对我国银行业的影响不多，但由于有过全球金融危机的影响，心理上的波动是会有的。此外，刘煜辉还告诉记者，任何以过度负债支撑起来的价格上涨或资产泡沫都是需要高度警惕。因为一旦泡沫破裂，就会带来破坏性较强的连锁反应。相信通过这次迪拜危机的警示，国内更多的行业会关注本行业内的负债和泡沫，对于投机性行为和高风险项目将会更加冷静。我要评论,4,9,0.8379536271095276
"迪拜危机致财富缩水 温州投资客抛售京城房产迪拜楼市危机让一向战无不胜的温州“炒房团”神话色彩瞬间消失。“神话破灭之日，占迪拜华商1/10的温州人，资产蒸发就在20亿元左右。”强烈的危机感让温州投资客在国内城市也开始退却。近日，在北京二手房市场频频传出温州投资客紧急转手房产的声音。“急售”房源明显增加3日，记者在网站上看到一条“特价房源(性价比高)，业主在温州来电委托急售”的帖子。登记信息显示，该房源为宣武门外大街庄胜二期，登记售价为152万元，单价为28788元/平方米。“庄胜二期的特别之处在于，这里的第一手房源基本都是温州投资客买下来的。”该房源韩姓经纪人告诉记者，2003年到2004年，温州投资客买下这里房产的均价不过1万元/平方米，现在已经涨了近两倍。当记者自称是业主要卖房时，该经纪人随即表示，现在该出手就出手，不要等到顶峰再摔下来。“温州投资客看市场一向很准，在去年年底今年年初全行业低迷时期，温州人却敢于出手买房。”美联物业市场总监张大伟也向记者表示，最近因为迪拜的楼市危机使得北京二手房市场明显增加了一些房源。在一些房源网站上，原来很少见的“急售”、“甩卖”等字眼又一次出现在广告上。数据显示，该网站登记的二手房总房源是441037套，其中急售和甩卖的51707套。虽然有大量重复登记，但是同样的字眼在一个星期前仅有1万-2万套。投资客显露“畏高”迹象这些年来，迪拜楼市一路看涨，投资回报率之高、回报周期之快均是传统贸易所无法企及的。但债务危机一来，财富缩水之快也令人猝不及防。在这种情况下，温州投资客卖出其他房产，把现金留在手里自然不足为奇了。另一方面，还未受到迪拜危机实质性影响的投资客心理上也出现变化。很多温州客看到国内一线城市，诸如上海、北京等，房价已经涨到了一个非常高的点，没有很大的投资空间了，并且考虑到国际经济形势，例如近期的迪拜楼市危机和担心二手房政策的变化，于是就急于把北京等地的房子转手，收回现金流，再赴二线城市做投资。并且，温州客之前投资的房产大多是老房子，已经升值了许多，现在这个市场还存在很多不确定因素的时机正是出手房子的绝佳机会。“这说明部分投资客最近已经出现了""畏高""现象。”张大伟认为。内地楼市背后隐藏更大泡沫？“迪拜的楼市跟中国差不多时间起步，涨得还没有国内快，以迪拜自由港的地位、石油国的资金和当时全世界热钱的追捧程度，谁也想不到房价才到每平方米二三万元就垮台了。”迪拜温州商会会长陈志远这样说。实际上，迪拜的房价还没有北京等国内一线城市高。据了解，金融危机之前，当地房价涨至最高峰，普通公寓的价格达到了每平方米二三万元人民币。而在北京，四环以内的公寓价格都在2万元以上，核心区域的公寓房价早已超过3万元。一些浙江企业家认为，迪拜楼市的崩盘对国内疯涨的房地产也敲响了警钟。现在国内越来越多的企业家不愿意做实业，觉得搞房地产来钱快，都去做“投资家”，结果被炒高的房价背后隐藏着更大风险。另一个可以证明北京楼市泡沫风险的数字是，11月北京的楼市租售比首次突破了1∶500，部分区域甚至达到了1∶700。“房产租售价格比”是国际通行用来衡量一个地区楼市运行是否良好的数据比例。一般而言，国际标准的“房产租售比”为1∶100到1∶200。“最近北京顺义等区域""地王""更是频频被国企获取，大量的资本集中进入房地产市场，再次使得楼市的不稳定因素增加。”张大伟告诉记者。美联物业市场部数据显示，年底价格对比1月的8900元/平方米，累计涨幅已经超过47%，达13150元/平方米。而这一价格上涨趋势在12月还将继续，全年价格上涨幅度有望达到51%。“一旦北京的房价出现下调超过20%，很可能出现大量的断供。”业内人士对此担忧道。我要评论",4,1,0.5871796607971191
恐慌性购房传导楼市井喷 决策新政狙击投机泡沫提要：楼市“购房恐慌症”正大行其道。面对购房者的“购房恐慌”， 11月28日，国务院总理温家宝表示，要抑制投机性购房，房地产市场新的调控初现端倪。“就房地产市场来看，目前各部委出台的政策一方面是为了抑制投机购房，另一方面也已经隐现了对房地产市场逐渐‘收紧’的信号。楼市“购房恐慌症”正大行其道。在传统淡季的11月，全国楼市出现反常“繁荣”。成交量在短短的一个月中发生了“井喷”式暴涨。面对购房者的“购房恐慌”， 11月28日，国务院总理温家宝表示，要抑制投机性购房，房地产市场新的调控初现端倪。“这是今年以来中央高层首度公开对楼市中的投机性需求进行表态，也可以说为新一轮房地产市场的政策调整定了调子。”国务院发展研究中心宏观经济部主任李建伟告诉《华夏时报》记者。楼市恐慌症飙高成交量国家专利局的方先生最近因为结婚买房伤透了脑筋。10月份，方先生通过中介在定慧寺一社区物色了一套50平方米左右近20年房龄的小两居，房主当时报价78万。11月中旬，当他表示想购买这套房子时，房价已经被提高到92万。方先生当时答应以30%的首付签约，但是第二天，中介告诉他有人付了50%首付，已在办理网签合同了。二手房出手不利，方先生又转战新房市场。又遇到了同样的“争抢”。“现在买房排号也要凭关系。”方先生很沮丧。这样的抢购在11月的楼市交易中比比皆是。近期，北京房地产交易管理网上每两三分钟网签数据就会被刷新。数据显示， 11月份，北京商品住宅期房日均签约845套，环比上涨23.7%；二手住宅全月成交总量首次突破3万套，达到31288套，环比10月上涨56%。不仅是北京，统观全国大部分一、二线城市11月份的楼市分析数据，“最高”成了最火的词语。例如，上海商品住宅成交创自2005年以来同期最高；深圳二手住宅成交达2007年以来单月成交的最高点……而二手房市场俨然成了此次“恐慌性”购房的主战场。易居研究院北京所副所长牟增彬告诉《华夏时报》记者，近期二手房成交量的“不理性”飙升，最主要的原因是购房者出现了“恐慌抢购”的心理，很多购房者甚至不问价格、地段，为了购房而购房。究其原因，一方面，购房者担心赶不上优惠政策的“末班车”；另一方面，购房者也担心房价继续上涨和高性价比房源被市场消化完。偏高空置率与抢房的矛盾然而一个矛盾现象引人注意。在楼市中，一边是几个人为了一套房争得你死我活，另一边则是不断上升的空置率。通过对于新房入住情况的跟踪调查，牟增彬表示，北京绝大部分的新楼盘在交房前就已经售罄，但据其后期调查，新楼盘入住率一般在30%-40%，能达到50%入住率的已经是比较不错的比例了。而按照国际通行惯例，商品房空置率在5%-10%之间为合理区，在10%-20%之间为空置危险区，在20%以上就是商品房严重积压区。“显然，投资性需求在近期楼市交易中所占的比例越来越大。”牟增彬告诉《华夏时报》记者。对此，北京大学房地产研究所所长陈国强对《华夏时报》记者表示，据了解，目前北京购房者中“恐慌性”购房者占了40%，而这些“恐慌性”购房者中又有接近60%的人是在投机炒房，目前楼市的高房价主要就是被这些投机的“恐慌性”购房者和其他投资炒房人共同炒高。事实上，来自北京中原地产市场研究部的数据显示，目前，北京二手房均价首次突破13000元/平方米，达到13150元/平方米，环比10月份均价出现了10.3％的上涨幅度，首次出现了10％以上幅度的上涨。房价的上涨似乎又远不止于此。多位开发商向《华夏时报》记者表示，价格还有逐步上涨的空间。而计划12月份开盘的项目虽然目前价格未确定，但他们都表示出涨价的意愿。楼市泡沫引政策收紧市场上不断高企的房价和购房者对优惠政策取消预期引发的恐慌行为，已经引起决策层的关注。国家信息中心经济预测部发展战略处一负责人告诉《华夏时报》记者：“目前房地产市场出现的‘不理性’现象，总的来说还是泡沫化程度过高引起的。”在这种情况下，决策层的态度显得尤为珍贵。11月28日，国务院总理温家宝表示，要抑制投机性购房，促进房地产市场的健康发展。“这可以说为新一轮房地产市场的政策调整定了调子。”李建伟表示。与此同时，中央相关部委也开始相继出台政策，“打击投机”的信号隐现。进入11月份，除了国土部密集出台一系列打击囤地的政策措施以外，国税总局近日连下三文，对房地产行业房产税等相关税收问题进行了规范和明确。而据住建部政策研究中心一负责人介绍，住建部目前已经着手围绕“抑制投机性购房”调整和制定相关政策，重点还是在调整住宅供应的结构方面，加大保障房和普通低总价商品房供应。另外，尽管决策层表示明年仍将继续执行适度宽松的货币政策，但来自外资银行的一位高管透露，央行将在明年通过上调存款准备金率和基准利率实行货币紧缩，全年或将加息两次，每次27个基点。他表示，加息之后，购房成本将会有所提高，对抑制房地产市场的投机行为或能起到一定作用。“就房地产市场来看，目前各部委出台的政策一方面是为了抑制投机购房，另一方面也已经隐现了对房地产市场逐渐‘收紧’的信号。”国务院发展研究中心市场部一负责人也告诉《华夏时报》记者，由于目前经济增长对房地产市场仍有依赖，因此“收紧”的过程预计将被拉长，在明年中期会比较明显。 延伸阅读我要评论,4,7,0.5954004526138306
"温州商人迪拜沦陷记提要：当海水退潮时，才知道谁在裸泳。如今，在迪拜的温州商人就面临这种尴尬。席卷全球的金融危机使其遭受重创，不期而遇的迪拜世界公司债务危机，又使他们的生意、投资雪上加霜。陈周锡/文当海水退潮时，才知道谁在裸泳。如今，在迪拜的温州商人 （下文简称“温商”）就面临这种尴尬。席卷全球的金融危机使其遭受重创，不期而遇的迪拜世界公司债务危机，又使他们的生意、投资雪上加霜。多位在迪拜经商、投资的温商，日前在接受本报记者采访时说，他们的生意开始企稳回升，但交易额仍只有去年同期的40％至70％，“大家都在撑着，等待经济转好。”同时，前几年一窝蜂去炒房，几乎在迪拜人均一套房的温商，正忍受着房地产市值大缩水带来的煎熬。一位迪拜温商说，迪拜世界公司的债务危机，将会使当地经济复苏放缓，“之前有所回升的市场信心，又好像一下子被击碎了，这将直接影响到中国商人。”有“中东门户”之称的迪拜，辐射亚、欧、非三大洲，是中东地区最大的贸易集散地，也是中国商人在海外的重要据点之一。在这里，据说现有十五六万中国人，其中温商就约占10％。据统计，中国对阿联酋的出口总额，由2000年的20亿美元剧增到2008年的282亿美元，中东已成为中国外贸产品的新兴市场，温商在其中功不可没。然而，这个中国最为活跃的商人群体，却在今年市场的潮落中损失最为惨重。从俄罗斯灰色清关，到山西煤改事件,再到迪拜炒房被套，备受争议的温州资本“屋漏偏逢连夜雨”。阿联酋温州商会会长、亚洲商务卫视董事长、华星集团董事长王伟胜说：“我们都需要反思”。商贸起家在第一批到迪拜温商的介绍下，1998年王伟胜到迪拜进行考察，去之前他对这里并没有抱多大希望，“如果不行，就当一次出国旅游。”考察中，迪拜开放的商业环境很快就吸引了他，自由港迪拜只有5％的消费税，且位处欧、亚、非中转贸易的交叉点，拥有得天独厚的地理位置。“当时，在迪拜做生意的温州人还不多，那时还是日韩、伊朗、印巴商人的天下。”与大多初入迪拜的温商一样，刚开始王伟胜也以转口贸易为主，随后他的服装生意一度辐射整个中东甚至北非地区。这时，中国取代日本成为阿联酋最大商品进口国。2003年，王伟胜把业务扩展到鞋子、家具、床上用品等，成为不少国内厂家在阿联酋、中东地区的总代理，后来他成立了华星集团。事实上，从2000年开始，在迪拜政府宣传下，温州、义乌、福建等地贸易商蜂拥而入，主要销售五金电器、皮鞋、箱包、打火机、灯具等商品。随后，迪拜相继出现了中国建材城、鞋城、眼镜城，以及2004年中国人建的上千个摊位的迪拜龙城，主要为华人提供商铺租赁。随之而来的是竞争。2004年，王伟胜的生意开始走下坡路，“尽管销量还比较好做，但利润已急剧下降”。王伟胜说，在高度竞争下，商贸的不确定性还是让他感觉到不安定。与他同期进入迪拜的温商，开始酝酿多行业投资或转战他国市场，其中不少人将目光锁定房地产。2005年，王伟胜也买了几处房产，同时创办了阿联酋迪拜华人网，给前去中东淘金的华人提供贸易方便，后来成为中东最大的中文门户网站。随后几年，大量中国产品，仍源源不断地通过迪拜输往亚、非、欧。王伟胜说，这些产品还是以中低档的小商品为主，之间的价格竞争比之前更加激烈，一件商品赚几毛钱极为常见。而在大型超市、商场里，几乎看不到打中国牌子的产品，“实际上很多产品也是中国制造，只不过贴的都是别人的牌子，可见中国产业的转型升级任务有多艰难。”去年8月美国金融危机开始时，迪拜温商还在“隔岸观火”地说，我们没有影响。然而，三四个月过去，他们才意识到危机的严重性——外商集体失踪、生意一落千丈，“火烧连营”已不能自救。今年初，恰在农历春节前夕，迪拜港的货物堆积如山，温州经销商大量甩货，“还有的企业负责人，赶往迪拜为经销商甩货。”迪拜温州商会会长陈志远说，目前甩货只是极个别现象，从今年三季度开始，迪拜外贸稳中有升，虽然迪拜世界公司债务危机会影响华商信心，但对贸易不会产生很大影响。尽管如此，迪拜世界公司债务危机发生之后，迪拜城内龙城等几条批发商业街道的租金在债务危机爆发后下跌10％。一直不打折的迪拜七星级帆船酒店暗地里推出促销活动，房型170平方米的单卧豪华套房，每间夜售价现为1210美元，约为门市价2951美元的4折。颇具知名度的亚特兰迪斯五星级酒店，最近也打出了亲情价招徕顾客。迪拜旅游公司负责人李明说，今年9月阿联酋正式成为中国公民组团出境旅游的目的地，“即使这样，除初开通时的几批游客外，之后游客一直比较少。”据统计，8月份，迪拜出境游同比下降32％，入境游同比下降45％。李明说，今年6月迪拜官方公布，市场上有14万张空头支票，“有些商人的资金流紧张，甚至消失得无影无踪。”他认为，迪拜世界公司债务危机将使迪拜贸易复苏至少推迟一年。有人动手了在贸易中实现原始资本积累后，很多温商开始把投资目光转向房地产。2000年，迪拜允许卖房给外国人，这意味着外国人不仅可以拥有永久产权的房产，还能拥有永久产权的土地。一位在迪拜从事房地产中介的黄姓温商说，出于经商便利考虑，少数人在当地买了房子，起初的投资味道并不重。从2003年开始，与国内房地产价格高涨一样，迪拜的楼市也在一路看涨，于是一些寻求资本突围的迪拜温商开始大量买房，2005年前后王伟胜也买了几处房产。从2006年开始，温商开始在迪拜炒房。王伟胜说，当时不少温州的亲朋好友闻讯赶来，大家筹集资金组成“银团”，用团购价买一栋楼或整层房。然后选出“董事长”，由他决定何时出货，赚得利润按资金比例分摊。一旦出现亏损，银团会召开“董事会”，集体决定何时出货及出货价格。“炒楼是大家合伙做生意，这种投资关系建立在信用基础上，有赚也有赔这很正常。”这种在国内多见的温州炒房方式，也在迪拜找到了生存的土壤。在迪拜，购房者多为看图买房，首付定金为房款的5％，两个月后再续交20％、签订购房合同。于是，大量投机商在两个月时间里，只要用5％房款就可赚到一倍以上的利润，当时因为在迪拜炒房，一年赚两三百万元的温州人不少。但也有一些实力型温商，选择中长线持有物业。比如迪拜“耶稣岛”别墅，2004年刚推出时一幢只卖960万元，去年猛涨到近6000万元，上涨了600％。炒房时间之短、回报率之高，均是一般传统贸易无法企及的，令很多温商流连忘返。上述黄姓房产中介商说，前两三年，迪拜温商主要精力是炒房，贸易已退居其次。“在2007年至2008年，很多炒家抽走实业资金，在迪拜房价高位时相继杀入，少则一两套，多则几十套的期房。”与此同时，在迪拜纷纷出现由温商创办的 “房产中介所”，在为炒家提供咨询服务时，自己也参与了炒房。在迪拜温州商圈中，流行一句话：有钱的去开发，没钱的人去炒房。据知情人士透露，在2005年，一位迪拜温商黄姓老板就手握3个地块，2007年抛售了其中2个小地块，获利至少三四千万元以上。此时，有人建议他高价出售第三个地块，黄老板不愿意，说要建一个医疗器械贸易的“迪拜中国健康城”。2008年初，一位温商斥资3000万元购买迪拜卫星城一块地皮。“如果开发顺利，他们靠图纸卖楼花，资金就可迅速回笼，赚取几倍、甚至十几倍以上的利润，比炒房赚多了。”迪拜的地产狂欢气氛，极大刺激着国内温商的财富神经，于是有人动手了。2007年10月，温商、上海中州国际控股集团董事长胡宾，斥资2800万美元买下迪拜世界岛中的 “上海岛”，计划在总面积111亩的岛上投资12亿元开发58栋别墅，据说此后预订了12套。紧接着12月份，温商、上海进福房地产开发有限公司董事长张进云，温州房地产开发商周建亚分别与阿联酋拉斯海马政府，签订两个房地产开发项目的意向协议书，总投资为70亿元。收获还没开始，危机迅速降临。去年8月，美国雷曼兄弟破产后，国际热钱迅速撤离，迪拜房价开始暴跌，这是温商从未料到的最差结果。一位不愿具名的迪拜黄姓温商说，短短几个月时间里，他投资的迪拜项目土地市值大幅度缩水，从最高时的800迪拉姆/平方英尺，急跌至近200迪拉姆/平方英尺。这与他三年前买下这块地的价格几乎一致。在恐慌心理影响下，迪拜土地交易市场几乎停滞，想抛也无人接盘。他说，该项目土地款绝大部分已经支付，剩下一小部分预付款已向政府申请缓交。目前，温商开发的六七个房地产项目已全部暂停，损失比较严重。知情人士透露，其中胡宾已为迪拜上海岛投资了7000万元以上，“项目已经暂停，等待机会再行启动”。张进云说，由于金融危机等原因，他此后就没有和当地政府签订正式开发协议，也没有为此投入资金。最痛苦的莫过于跟风炒房者。他们要么是忍痛割舍先期投资，撤离回国；要么债台高筑，缴纳高额的银行贷款，如果撑不住，甚至有锒铛入狱风险。上述黄姓房产中介商说，到今年二季度，迪拜房价已从2008年的最高点，回到了2003年水平，“之前翻了600％的房价，又重新回到了起点。”从今年第三季度开始，楼市有了止跌回稳的迹象，迪拜世界公司债务危机又将对楼市信心产生较大影响。困于转型？与众多温商投资房地产不同，王伟胜则选择一次跨行业的转型升级。2006年1月，王伟胜伙同他人斥资买下阿联酋电视台——阿拉迪尔（音译），更名为“亚洲商务卫星电视台（AAB）”（简称亚商视），一举成为中国收购海外卫星电视台第一人，成为他人生的一个转折点。他说，迪拜与中国之间巨大的商业市场和频繁的商业交往，需要一个中文传媒窗口进行沟通，帮助中国厂商在中东建立品牌影响力，这将是一单名利双收的生意。王伟胜之前说，他只是个以贸易起家的商人，对电视台的营运知之甚少。不可否认，那时存在节目比较单一、内容不够丰富，尤其是节目制作、品牌推广、市场规划工作欠缺，而他熟悉的商业活动则比较多。那时迪拜经济如火如荼，使亚商视前景颇为看好。2006年，3位来自传统制造业的温州股东加入亚洲商务卫视，占股20％。去年1月，亚商视引进媒体资深人士高度，出任亚洲商务卫视总裁，并于4月把中国总部从广东迁往杭州北部软件园。“我们必须打出‘中国制造’口号，推动中国产业的转型升级。”高度说，他们的主要工作是牵线搭桥中国地方政府与中东的沟通，同时让企业通过节目合作拓展中东市场，并陆续推出“相信中国制造”等栏目。据悉，与亚商视品牌合作的奥克斯当年在中东地区销售增长了10％以上。之后，亚商视与政府部门、行业协会的合作逐步深入，并掀起了一股中东招商引资热潮。然而与王伟胜不同，很多温商在房地产投资市场流连忘返，失去了转型升级的动力和活力。“这是我们感到后悔的一件事。”温州中小企业发展促进会会长周德文说，温州人一直对迪拜寄予很高的期望，但是现在我们认为投资者应当极其谨慎，避免盲目投资。“现在除了房地产，我们还能投资谁！”一位制造业出生的温州煤老板无奈地说，温州资本逐利性强，房地产仍是暴利行业，准入门槛也比较低，因此成为很多温商产业转型的首选。“并不是所有的企业都能转型升级，这需要企业拥有很强的实力，更需要政府的大力扶持，而温州民营企业大多数规模比较小，且从事的多为产能过剩的轻工业，转型难、升级更难。”温州资本从原先的 “弄潮儿”，被指为今天的“搅局者”，这让亚商视总裁高度忧心忡忡：“他们一窝蜂地去搞房地产，这正常吗？那制造业的转型升级又靠谁？”温州恒生资产管理公司董事长黄伟建说，温州拥有几千亿元的民间资本，如何规范、引导温州资本运作最为关键。 延伸阅读我要评论",4,1,0.9512531757354736
国家信息中心：二次房贷政策明年或将全面收紧二次房贷明年或收紧范剑平表示，2009年，中央和各地已采取一系列措施拉动消费，效果很好，前三季度社会消费品零售总额实际增长17%，最终消费对GDP贡献了4个百分点。如果2010年的宏观经济政策能与这一趋势相契合，将取得事半功倍之效。他进一步表示，2010年，国家应该延续并完善今年出台的消费政策。在购房消费上，继续为低收入者增收减负，让其有能力消费；继续刺激居民首次购房需求，购房契税、房贷利率等优惠政策要延续，对二套房贷则要严格把关。优惠政策延续亦难解渴但有地产人士提出质疑，楼价那么高，即使降低契税，也让很多首次置业的买家望而却步。天河某楼盘营销总监分析，市区一套100平方米的三房，总价就超过120万。如果首次置业者可享受1%的契税优惠(非首次置业者契税为3%)，也就是少了2.4万元。对于总价来说，也是杯水车薪，买不起房的人还是买不起。新闻背景收紧二次房贷 细则迟迟未出对于二次房贷的收紧，自今年下半年以来，多个部门都已经明确表示，但收紧的细则却迟迟未出台。据记者了解到，目前广州各大银行对于二次房贷都有不同程度的收紧，二次房贷想要再享受之前的7折利率几乎是不可能。其中四大国有银行一般按基准利率，或上浮10%。而有的小银行仍然有比较宽松的优惠，利率可以下浮20%~29%。“但能享受到29%的利率的客户少之又少，尤其是到了年底，银行的放贷任务已经大大超过预定的任务，所以想要享受优惠利率更为困难。”广州某按揭公司经理透露。记者 罗莎琳分析调整或抑制购房欲望目前楼价一路上涨，其中多次置业者(包括投资客)占了不小比例。明年对二次房贷进一步收紧，若无其他利好政策支撑，楼价或面临调整。肖文晓表示，目前二手楼市中的投资客占到了三成比例，一手楼更严重，大概有五成。严格执行二次房贷政策，等于提高了投资门槛。据悉，假设一位自住客原本计划贷款100万元30年等额还清的话，7折利率情况下的月供款为4865.69元，而8.5折利率下的月供款将涨至5398.2元，如果完全取消优惠，月供则需5956.98元。前后住房供款多了1100元。“收紧7折利率，也就意味着增加投资者的投资成本，风险进一步加大，因此会抑制他们的购房欲望，有利于抑制楼市的投资气氛，楼价也会相应回落。”肖文晓表示。记者 罗莎琳数字上周重点城市成交面积跌多涨少据某机构的最新监测，11月30日至12月6日，在被监测的31个城市中，楼市成交面积环比上升的城市有15个。在10个重点监测的城市中，6个城市成交面积环比下跌，其中深圳成交面积环比下跌近30%；成交面积环比上涨的3个重点城市中，杭州、南京涨幅都在5%以内。总体来说，上周重点城市成交面积跌多涨少。其中，深圳、重庆、上海和北京量价齐跌，分别环比下跌29.98%、16.89%、15.55%、5.90%。截至上周，2009年1~49周累积成交面积前三位依次是上海、重庆、北京。1~49周的成交面积同比增幅一倍以上的城市有杭州、天津、苏州、南京、武汉、成都等六个城市。据最新统计，截止到今年12月份，广州市中心六区的成交均价从2月再破万元关口后，除了4月稍有回落外，已连续数月超过12000元/平方米。我要评论,4,7,0.8719577789306641
蜗居时代新购房心态：近六成网友没房不幸福 已经跨入生育年龄的80后，不少人刚刚做了父母。宝宝的出生，老人的“进驻”，让他们忍无可忍。以至于有人发出“蜗居时代生孩子，降低幸福感”的感叹。网上一份关于“蜗居”状态下新上海人调查显示，接近六成的受访者认为“有房子不一定幸福，但没有房子肯定不幸福”。一个网友愤怒地说：“80后的人被房价压垮了，失去了原有的活力和爆发力。”在80后中引起共鸣的电视剧《蜗居》，把房子对人的影响真实地表达了出来。调查：多数认为“没房不幸福”网上一个“蜗居”在线小调查，共有240个人参与，57%的人认为“有房未必幸福，但没房肯定不幸福”。北青网调查显示，认为“没房子生活就谈不上幸福”和“房子是影响幸福感重要因素”的人共占74.3%；搜狐网调也发现，认为“感情绝不会受房子影响”的人不到6%。面对“买房时，你主要的困惑是什么？”时，近八成被调查的人认为是“房价普遍超出承受范围”，一成左右的受访者认为“90平方米以下小户型太少”，9%的人想问“房地产商的‘花言巧语’有多少是真实的”。但还是有不少人希望在上海买房，只有不到两成的人明确表示“不买，没有这方面的需求”。记者发现，虽然仍有43%的人选择继续留在上海，等待某一天得到一套属于自己的房子，但已经有13%的人表示要离开上海，去外地或者索性去国外打拼，因为“连外国的房子都比上海便宜”。你会因为房子而选择另一半吗？36%的人认为只要对方是“潜力股”，可以共同承担房款就能接受，33%认为只要有爱，先租房也行，17%的人表示没房的话也要有能力支付首付，否则免谈，最后15%的人表示“当然，一定要有房子”。心理专家：购房焦虑有“传染性”心理专家表示：最近几年在房价飙升回落又飙升的过程中，在看房、选房、买房的过程中，很多人的心情仿佛坐过山车，犹豫、焦虑、着急、担心、无助、愤怒的情绪随时侵袭。这种焦虑情绪就像“甲流”一样带有传染性。而那些刚刚走上社会不久，积蓄不多，又即将为人父母的80后，更加觉得购房无望。尤其是80后的新上海人，蜗居成为他们中很多人的生活常态，需要调整自己的期望值和心理状态。我要评论,4,5,0.6439818143844604
个人住房转让营业税征免时限政策剑指高房价9日下午，国务院常务会议决定，个人住房转让营业税征免时限由2年恢复到5年，其他住房消费政策继续实施。国家发展改革委主任张平同日表示，我国将完善住房消费和调控政策，增加中低价位和限价商品房的供应，抑制投机性购房。中央经济工作会议也提出，要增加普通商品住房供给，并继续支持自住型和改善型住房需求。中国房地产协会秘书长朱中一认为，无论是增加供应还是抑制投机，都是希望在稳定当前房地产市场和相关政策的基础上，抑制部分城市过高的房价，努力消除泡沫，让市场逐渐回归理性。抑制投机，稳房价、稳市场前10月，全国商品房销售面积6.6亿平方米，同比增长近50%。成交量大幅上涨，导致一些城市短期内供不应求，进而导致房价过快上涨。特别是下半年以来大量投机性需求入市，加剧了供需矛盾，并推动一些城市房价非理性上涨。中国房地产协会秘书长朱中一表示，在房价上涨过快的城市中，投资型需求的购房比例相对比较高。营业税征免时限恢复为5年，增加了“快进快出”的投机成本，能够在一定程度上改变非理性的购房行为，形成更合理的供求关系。长期来看，对稳定市场、抑制房价快速上涨有好处。有专家认为，楼市优惠政策的调整，也有利于购房者逐渐回归理性，摆脱近期的恐慌性购房需求。在房价偏高、供应不足、优惠政策收紧的情况下，明年上半年楼市可能出现观望情绪。应做好新旧政策衔接在看好政策调整有利于稳定市场的同时，业界对政策的短期效应普遍表示担心。据统计，目前北京市场上购房2年到5年间的二手房交易占整个二手房市场交易的40%。由于目前二手房交易的税费普遍由买方全部承担，因此营业税优惠“2变5”后，购房者至少要多花5.5%的税费成本，影响也会波及首次置业者。同时，新政实施可能导致卖方惜售。卖方觉得利润降低了，可能会改为出租，过了5年期后再卖，由此导致市场上的房源紧张。“从2005年营业税开始实施这几年的市场反应看，二手房价格并没有降低，但成交量萎缩，购房者的首付压力也更大。”胡景晖说。朱中一认为，政策引起短期市场波动是可能存在的。所以在政策调整时，应该做好相应的衔接设计，以保证政策过渡时期市场的相对平稳。值得注意的是，在二手房交易“2变5”的同时，国务院常务会议也明确其他住房消费政策将继续实施，也就是说此前减免首次购房契税、利率优惠等将有可能继续实施。自住型和改善型购房者的“刚性需求”仍将得到支持。业内人士认为，普通购房者此时应避免恐慌性购房，应保持理智和冷静，结合自己的实际情况，做好置业规划再入市。供应、供应、还是供应在近期各种明确政策取向的会议上，“增加供应”被反复提及。近年来，增加普通商品房供应的提法几乎出现在每一份住房政策中，但是前几年在需求比较旺盛的情况下，政府部门更多地试图从调节需求端来实现供求平衡和价格稳定，实际效果并不理想。“现在看来，从稳定供给端来实现供求平衡似乎更符合理论与当前的市场实际。”朱中一说。当前部分城市出现房价上涨过快的现象，恰是供应出了问题。一方面，去年到今年上半年投资和开工面积下降，导致目前一手房供应不足。营业税政策调整也可能导致二手房供应下降。同时，许多开发商捂盘惜售，更加剧了短期内的供求矛盾。市场泡沫和风险也在积聚。第三季度以来，房地产投资及新开工数据不断回暖。业内人士普遍预计，新开工项目到明年年中将逐渐形成有效供应投向市场，届时供求失衡的情况将有所改观，有助于稳定市场预期。长期看，土地和信贷仍是决定楼市供应量的重要因素。朱中一认为，要增加供应，首先地方政府要继续稳定土地供应，尤其是要增加普通商品房和限价房用地的供应。此外，预计今后一个时期房地产企业仍会加大投资和开发力度，资金需求仍然巨大，建议金融机构对符合条件的项目继续给予信贷支持。盘活存量土地和存量房，也将成为增加市场供应的有效手段。因此，打击“囤地”、“捂盘”，督促房地产企业按合同约定加快开发建设尤为重要。近日各地纷纷出台政策，要求房地产开发企业预售商品房，原则上应当以项目为单位申请预售许可，领了预售许可证的房源要一次性全部销售，不得分批、分次开盘。这些都是努力增加供应的有力信号。我要评论,4,1,0.6922861933708191
发改委表态将抑制炒房国家发改委提出抑制投机性购房需求，认为明年通胀可能性不大■ 部门对策本报讯 (记者钟晶晶)国家发改委昨日在京西宾馆召开“全国发展和改革工作会议”。作为每年中央经济会议后首个召开的部委会议，备受社会关注。会议首先对当前经济形势做了基本判断，国家发改委主任张平指出，明年调控任务依然十分繁重。八项工作重点为：促进经济平稳较快发展、促进产业优化升级和战略性新兴产业发展、巩固农业农村经济发展和农民增收的基础、增强区域发展的协调性、抓好节能减排和应对气候变化工作、推进重点领域改革和对外开放、加强以改善民生为重点的社会建设、抓好“十二五”规划及相关重大问题的研究工作。张平表示，政府将完善住房消费和调控政策，增加中低价位和限价商品房的供应，抑制投机性购房。同时，“增强居民消费能力，继续优化消费环境，进一步拓展消费空间，促进消费需求持续较快增长”。不过，一位外企白领接受记者采访时表示，现在面临结婚购房，但年末房价暴涨，油价也涨到了历史新高，公司却因受经济危机冲击，1年多来一直将薪水“冷冻”，很想知道政府究竟推出什么措施来拓展老百姓的消费空间。“房价的问题主要还是住建部在做。”发改委内部人士表示，具体的执行办法可能还需要相关部委仔细研究再出台。近期食用油价格、猪肉价格均有一定幅度上涨。对于社会上存在的通胀担忧，国家发改委价格司副司长周望军表示，我国多数工业消费品和农产品供过于求，明年内地出现明显通货膨胀的可能性比较小。我要评论,4,7,0.9980751276016235
七尺男儿网上乞讨 只为还2万房贷记者本月8日在某业主论坛看到一个网友的转帖，网上乞讨的网民在洋洋洒洒的2000多字的帖子中写了自己的经历。该网友夫妻都在农村做小生意为生。因为担心楼价再涨就买了房子，首付30%，除了积蓄再贷款2万元。但是由于经济危机的影响，店铺也关了，重新开店又把积蓄和本钱赔光。不得已向亲戚朋友借钱还房贷和交小孩学费，但是已经借无可借。由于舍不得这个让他们“第一次拥有了家的感觉”的房子，该网友在网上公布账号进行乞讨以还房贷，该网友在帖子中写道，“套用一句以前看过的广告语：您给出的一元钱就够我们买一顿饭的，您抽一包烟的钱就够我们吃一天饭的，您在饭店的一顿消费就够我孩子一个月的学费”。该网友表示，以他的人格发誓：“等我渡过这个难关，一定如数把钱归还。如果没有留下联系方式的，等我挣到钱以后一定如数、加倍地交给慈善机构，让所有人的爱心得到更大的发挥”。该网友还表示，这一切都是瞒着他妻子做的，希望网友不要进行人肉搜索。并且提醒准备买房的朋友，好好地权衡一下自己的经济状况再做决定，以免重蹈他的覆辙。记者搜索发现，除了该论坛之外，其他论坛对该帖也有转载，不少网友只是表示围观和调侃。我要评论,4,1,0.8905501365661621
发改委明示投资方向有变 住房建设增加1200亿本报记者 杨仕省 北京报道2010年，国家重点投资投向哪里？12月9日召开的国家发改委全国工作会议给出了答案。这是中央经济工作会议闭幕后的首个部委年终会议。在会上，发改委主任张平表示，明年中国将继续保持合理的投资规模，重点放在在建和收尾项目上，严控新铺摊子。对此，国家信息中心经济预测部王军在解读张平所做报告提及的八个重点投资方向时特别指出，其中第二条是：推动集成电路、平板显示、新支线飞机、核电等重大专项建设。“‘第二条’就是暗示明年要新上什么项目。”王军称。发改委产业协调司冶金建材处一位官员也对《华夏时报》坦言：“‘第二条’将是明年中央投资的重点，此前在提到产业结构调整时总在说新能源、新生物、新医药等宏观大领域，这次发改委通过文件细化到了项目。”而记者分析数据时看到，明年变动最大的投资领域是，住房建设上调1200亿元，“铁公基”项目下调3000亿元。其中，调整后约有4400亿元资金转向促进民生与自主创新的项目。有保有压“明年的中央投资方向基本延续今年的。”张平说，4万亿投资计划不仅在总量上产生了作用，而且结构也是比较合理的。据张平介绍，去年四季度以来，发改委已安排四批中央投资，合计3800亿元。根据官方部署，严控新增项目投资、抑制盲目重复建设成为题中应有之义。“进行结构调整需要做的事情很多，其中很重要的一点是可以通过经济手段来调节。”财政部财政科学研究所所长贾康的观点是，政府只需要给一个导向，让企业通过市场来进行优胜劣汰，就可以起到很好的效果。12月10日，经济学家张卓元接受《华夏时报》记者采访时说，要用政策去引导市场按照效益最大化来调整，而不能够由政府直接来调结构，要淘汰落后产能优化结构，可以充分利用资源税、环境税和消费税等区别对待的措施。此前，发改委政策研究室主任李朴民接受《华夏时报》记者采访时称，今后要重点发展节能环保、新能源、新材料、新医药、生物技术和信息产业等新兴领域，启动一批研发、产业化和市场推广重大专项工程。“宏观调控政策转向结构调整后，会选择一些具有广阔前景的领域加以重点扶持。”张卓元称。国务院总理温家宝近日在河北省调研时指出，我国钢铁行业产能过剩，必须痛下决心，加大结构调整的力度。一些领域已经开始了行动。据悉，近期政府对烟产品消费税的调整，以及频频发布有关资源税、环境税和物业税的信号，预示着结构性税收政策的新举措进入实质性阶段。“本轮结构性税收政策的重头戏在资源和环境，这对调节投资方向、资源配置不无好处，从而以合理的税制结构促进节能减排事业的开展。”发改委高新司一位官员说，资源性产品的价格市场化改革力度只会越来越大。细划投资额度“要把民生工作摆在更加突出的位置。”张平在陈述报告时透露，明年将切实增强内需特别是消费需求对经济增长的拉动作用，促进消费需求持续较快增长。7日，发改委在其网站发布当前我国固定资产投资形势时综述。对于下一步的投资工作，发改委称在继续落实4万亿投资计划的同时，正在研究鼓励和促进民间投资健康发展的若干意见。发改委巡视员熊必琳此前接受本报记者采访时也曾透露，发改委还将围绕生物医药、生物育种、软件和信息服务等新兴领域，启动一批研发、产业化和市场推广重大专项工程。国家发改委副秘书长杨伟民透露，下一步要把结构调整作为主攻方向，“进行经济结构的重大调整将成为‘十二五规划’的重点。”官方数据显示，明年将对各领域投资额度进行调整，住房建设从此前的2800亿元增加到4000亿元，文卫教从400亿元增加到1500亿元，自主创新和结构调整从1600亿元增加到3700亿元；与此形成鲜明对比的是，财政对“铁公基”项目的投资却从原计划的18000亿元下调到15000亿元。“从根本上解决重复建设、产能过剩等问题，必须在深层次上解决这些体制性问题，而解决体制性问题，涉及方方面面的利益调整，因为，经济结构的调整需要一个过程，也需要统筹考虑。”杨伟民说。 我要评论,4,7,0.9984355568885803
网民最期待政府明年平抑房价新京报调查1 对于中央经济工作会议，你最关心的是什么？就业 28.27%房价涨落 58.84%物价 2.08%工资收入 10.81%2 你怎样看待今年的经济?不好说 13.31%与预期差不多 66.11%好于预期 12.27%低于年初预期 8.32%3 您如何看明年的中国经济？明显复苏 2.29%不好说 20.37%增速减慢 35.55%保持增速 5.41%出现通胀 36.38%4 你觉得确保明年经济向好，最关键的工作是?其他 3.33%促进消费 6.86%平抑房价 70.89%防止通胀 11.02%中央经济工作会议提出，保持宏观经济政策的连续性和稳定性，继续实施积极的财政政策和适度宽松的货币政策。刺激政策要不要退出的激烈争论，最终被定下调。此前，因为国家统计局数据显示三季度GDP同比增长8.9%，固定资产投资增速保持在33%以上的高位；社会消费品零售总额实现了15%以上的增长；对外贸易降幅也明显收窄。曾有不少分析人士认为，对于如此亮丽的数据，并随着通胀预期渐起，刺激政策退出应该是一种必然的选择，或者应该逐步实现。明年经济会不会出现二次探底，也是围绕经济工作会议学者争论的一个焦点。国务院发展研究中心金融研究所副所长巴曙松(博客)发表文章，市场预期2010年中国经济的增长速度为9%，但实际上存在很强的超预期可能。2010年投资额度要高于2009年，投资总额和新开工项目超预期，明年投入规模应该超过7万亿元。但在新京报网“你如何预期明年中国经济”调查中，仅2.29%的网友选择了明显复苏，选择增速减慢和出现通胀的分别占35.55%、36.38%。而中欧国际工商学院著名教授许小年也表示了自己担心：官方数字我们读不懂，前三季度全国GDP增长7.7%，低于全国这个数字的只有三个省市，有18个省市的GDP增长是达到了两位数，我们不知道信哪些数。今年四季度和明年前半年宏观的数字还会继续好转，但大规模的烧钱，大规模的货币刺激政策和财政刺激政策不能长期持续，否则会给银行体系的健康带来灾难性后果。明年经济资产出现泡沫也是舆论集中的焦点。财经评论人牛刀(博客)也表示，我们常说的三驾马车已经颠覆。出口是负增长，投资又是一飞冲天，消费原地徘徊，只剩下投资一驾马车了。而投资拉动经济增长的模式是不可持续的。而不管是投资一飞冲天，还是生产和生活成本的非理性提高，本质上是因为房价泡沫吹得太大了，将破未破的恶果逐步显现。所以，要调结构必须先化解房价泡沫。在新京报网“确保明年经济向好，最关键的工作是什么”问题调查中，70.89%的民众选择了平抑房价，11.02%的人选择“防止通胀”。与通胀风险相比，经济学家樊纲也认为，明年真正将面对的风险就是资产泡沫，比如，股市，楼市价格发生“爆炸”，资金的冲击产生大幅度上涨，引发市场泡沫。他保持着担忧，美国低利率导致全球资金向发展中国家流动，很可能导致新一轮的经济动荡，这对于中国而言将是一个不小的打击。■ 专家观点：马光远12月7日，为时三天的中央经济工作会议闭幕。毫不讳言，本届经济工作会议所引发的关注度是空前的，从会议日期的扑朔迷离到明年宏观政策的走向，都引发了诸多的猜测。而此种异乎寻常的关注，一方面折射出民众对本次会议的莫大期待，另一方面亦说明，中国经济面临的种种困难和矛盾让政策的选择极为困难。新京报的调查表明，对于中央经济工作会议，在老百姓最关心的问题上，在工资收入、房价涨落、就业和物价四个选项里，58.84%的人选择了房价涨落，而28.27%的人选择了就业。看来，房价和就业问题的确成了最显性的热点问题。但面对次尖锐问题和全国房价疯涨的事实，会议并没有给出明确的答案。关于房地产问题，会议只提出两点：一是要增加普通商品住房供给，支持居民自主和改善性购房需求，这其实意味着关于契税、营业税等的优惠政策应该在2010年会继续，同时，可能在信贷方面严控二套房贷，抑制投机性购房；二是要加强廉租住房等保障性住房建设。保障性住房在2009年完成得很不理想，会议重提，似有真正加强之意，但如何在财政、金融和土地政策上给予大力支持，并没有相应的举措。而会后国务院常务会议取消二手房营业税优惠的决定，成为政府调控房价的第一步。在如何看待今年的经济表现上，只有12.27%的人选择了“好于预期”这个答案，而选择“不好说”的人竟然占了66.11%。这在某种程度上反映了目前对中国经济复苏前景的重大分歧。诚然，在2009年全球经济动荡的环境下，中国经济完成“保八”的壮举，成绩自是值得骄傲。但如果我们将“保增长、调结构、促改革、保民生”视为公共政策的一揽子目标，则除了“保增长”可圈可点之外，“调结构，促改革和保民生”的工作很显然没有过多的浓墨重彩之处。而且，在新问题出现的同时，老问题更加突出，民间投资意愿不强，产能过剩的问题“更加”凸显，结构调整压力和难度“加大”。而对于如何看待明年的中国经济，调查结论比较复杂，评价的难度较大。35.55%的人选择了增速减慢，而36.38%的人选择了出现通胀。增速减慢，符合经济工作会议“更加注重增长质量”的定调。笔者认为，就2009年的物价形势来看，通胀问题绝对不是一个可以忽视的问题。从今年价格的走势来看，尽管我们的同比还呈现出下降，但是从7月份CPI的环比出现持平之后，8月份、9月份环比都出现了上涨，PPI环比连续出现了7个月的上涨。而农产品价格和水、电、煤等价格也一片喊涨。我们不能在真实价格膨胀，货币投放天量的情况下依然用已经失真的CPI来欺骗自己，如果不对通胀问题未雨绸缪，一旦引发恶性的通胀，将戕害经济复苏的成果。对于明年经济的主要任务，有70%以上的人选择了平抑房价，而出乎意料的是，认为应该促消费的人只有6%。居民消费问题，本质上不是一个纯粹的经济问题，而是一个民生问题和体制改革问题。很显然，民众将制约消费的最大不利因素归结于房价问题，这并非没有任何道理。而对于促消费，会议从结构调整、改善民生和深化收入分配改革以及城镇化入手，试图从制度层面上，构建起一个解除消费后顾之忧，解决消费能力不足，扩大有效消费群体，解决城乡消费失衡乃至于国、民财富再分配的全面的制度体系。不管如何，明年经济会议的重点离不开促消费，调结构，防通胀和压房价等民众关心的焦点话题。经济工作会议所言的“转变经济发展方式已刻不容缓”绝非盛世危言，而是中国经济、社会的自救之举。为确保中国经济转型百年工程的安全和民生的完善，对抗利益集团的干扰，与此相应的制度建设的作业必须正式提上日程，并且具有咄咄逼人的紧迫性。我们不能说别无选择，但是应该认识到已经没有太多的时间举棋不定，更无法以任何理由逃避一次攸关中国经济未来的制度选择的深思与决断。本报记者 张传文 我要评论,4,7,0.7576583027839661
国务院邀学者研讨拆迁条例(图)北大法学学者称法制办该举动为“比较积极的回应”；人民日报评论呼吁彻底修改条例11月27日，贵州博宇房地产公司暴力拆迁引发群体性事件，警方对暴力强拆和堵路事件进行调查，拘留２４人。资料图片本报讯 （记者郭少峰）昨天，建言全国人大审查拆迁条例的五名北大法学学者接到邀请，参加明天由国务院法制办举办的座谈会，研讨《城市房屋拆迁管理条例》(以下简称《拆迁条例》)。5建言学者获邀参加座谈会本月7日，北大五名法学学者向全国人大常委会建议立法机关对《拆迁条例》进行审查，撤销这一条例，或由全国人大专门委员会向国务院提出书面审查意见，建议国务院对《拆迁条例》进行修改。昨天中午，5学者之一王锡锌接到了来自国务院法制办的电话邀请，要他们明天去参加座谈会，研讨《拆迁条例》。北大法学院姜明安教授表示，国务院法制办副主任郜风涛邀请他们参加这次会议，并将主持这次座谈会。北大递交审查《拆迁条例》建议书的五名法学学者分别是沈岿、姜明安、王锡锌、钱明星和陈端洪。不过陈端洪因事先安排了其他事务而当天无法到会。另据了解，除了这五名学者，还会有其他学者参加这一座谈会。对国务院法制办的这种做法，王锡锌表示，“这是比较积极的回应”。王锡锌说，之前通过私下渠道了解到国务院法制办对《拆迁条例》比较重视，“也有非正式的交流”。他也了解到这一条例的修改和废除会面临很大的阻力，但现在全社会都比较关注这一条例和拆迁问题，这是一个契机。人民日报呼吁修改拆迁条例此前媒体报道称，国务院正准备修改这个条例，目前已组织国务院法制办、住房和城乡建设部、国土资源部、农业部、林业局等相关部委，进行前期的立法调研工作。《立法法》规定，公民认为行政法规和单行条例同宪法或法律相抵触的，可向全国人大常委会书面提出进行审查的建议，由常务委员会工作机构进行研究，必要时，送有关的专门委员会进行审查、提出意见。王锡锌说，《立法法》只规定了公民有提起违宪审查的建议权，并没有规定立法机关如何回应公民的建议。沈岿也表示，有关部门不一定会开一个先例，对公民的建议要予以回复。沈岿表示，成都唐福珍为对抗拆迁而自焚事件促使他们提出这一建议。《人民日报》12月10日发表“人民时评”称，6年前的孙志刚案废除了《城市流浪乞讨人员收容遣送办法》，希望“悲剧性的个案最终能推动制度的进步”，让城市拆迁立法融入更多现代法治的文明基因，以避免同类事件的再度发生。评论称，在《物权法》出台之后，我国拆迁制度就受到质疑，此次如果能顺应民意和法治潮流，对《拆迁条例》中与上位法相冲突的地方进行彻底修改，无疑是众望所归。案例1《物权法》2007年颁布实施后两年中，各地暴力拆迁事件依然频发。专家表示，应废除《拆迁条例》，涉及财产权的征收征用一定要走法律程序，而非行政程序；政府应完全从商业拆迁中抽身出来。中国政法大学宪政研究所所长蔡定剑：强拆应走法律而非行政程序时间：2009年10月28日地点：青岛事件：张霞自焚抵制拆迁受伤，生死未卜1998年张霞在青岛购买一块180平方米土地开酒楼。2007年6月，这片土地被当地政府卖给开发商做小产权住宅。开发商提供近300平方米的小产权住宅进行置换，她拒绝了这一补偿协议。此后两年内，张霞的房子四次面临强制拆迁。2009年10月28日，张霞在自家门前，面对拆迁挖掘机，将汽油浇在了自己的身上。有媒体评价说，“与成都唐福珍自焚事件不多的区别在于，张霞现在还活着。”张霞的房子随后被拆除。其所在的街道办事处党委书记接受采访时表示，“我们是依法拆除的，张霞的行为是妨碍公务、阻碍施工”。点评：这个拆迁案例，其过程中存在政府征收的特点，如街道办负责等。按照法律，政府可以为了公共利益征收土地，但即使在这一合法目的下，也要考察具体的程序是否合法，手段是否恰当，补偿是否公平适当。公平的补偿应由真正独立的评估机构评估，按市场价格给拆迁户补偿。如价格没有得到认可，应当进行诉讼，法院会对拆迁目的的合法性、程序的合法性、补偿的公平性等进行审查，最后才决定是否拆迁。但按照目前的拆迁条例，诉讼的过程不影响拆迁行为的进行，这是该条例最不合理的地方。我们呼吁废除这一条例，就是要求涉及财产权的征收征用一定要走法律程序，而非行政程序。从国外的经验来看，即使法院最后判决政府胜诉，政府也很少采取强制的手段，因为拆迁不仅是一个经济问题，还涉及到人的情感，对于有些人来说，你给他再多的补偿，他可能也不愿意离开自己的家。案例2北京才良律师事务所主任王才亮:商业拆迁政府应完全抽身时间：2009年11月27日地点：贵州事件：开发商组织数十人暴力拆迁引发群体性事件2009年11月27日，贵州博宇房地产公司组织数十人，携带钢管、撬棍和封口胶对9家住户８间门面进行暴力拆迁，13名正在熟睡的住户被强行拽上汽车拖离现场。这一行为随后升级为群体性事件，拆迁户用４０余瓶液化气罐堵路，造成近万台车辆滞留。警方对暴力强拆和堵路事件进行调查，拘留２４人。警方随后通报，在民警赶赴现场之后，开发商正用２台挖掘机实施野蛮拆除，群众则手持刀具与开发商方面人员对峙，民警制止之后，拆迁人员反而继续催促工人加快拆迁速度。点评：与政府征收模式不同，贵州的这个案例是一种商业拆迁，房屋的原有业主和房地产开发商是一种民事关系，如果双方在价格上未达到一致，那么交易就不应当进行。上述案例完全是暴力拆迁。按照《拆迁条例》，“拆迁人与被拆迁人或者拆迁人、被拆迁人与房屋承租人达不成拆迁补偿安置协议的，经当事人申请，由房屋拆迁管理部门裁决”，将政府置于一种第三方的位置，但《物权法》已明确，仅仅是在涉及公共利益需要的情况下，政府才可以决定是否征收土地，开发商更无权力单方面决定是否拆迁，因此政府应当完全从商业拆迁中抽身出来，并且废除目前商业拆迁领域的许可证制度。按照物权法规定，在土地使用权尚未进行转让的时候，根本不能进行买卖，也就是说拆迁应当在购买土地之前，但目前很多土地都是先卖后拆，已付资金的压力也是开发商不断出现暴力强拆的原因。我要评论,4,7,0.9991948008537292
货币政策明松暗紧 银行放贷将现分化 本报记者 张晓赫 北京报道中央经济工作会议定调的“相对宽松货币政策”并没有完全打消市场上浓郁的政策收紧预期。“尽管定调没变，但2010年国内所面临的大环境与今年会有很大不同，不可能再像今年这样出现信贷天量了。”中国工商银行总行风险管控部人士认为，中央经济工作会议报告中“管理通胀预期”、“增强针对性和灵活性”、“把握好货币信贷增长速度”等要求的出现已意味着政策开始变化。可以佐证的是，中央经济工作会议召开后，央行与银监会鱼贯而出的把握信贷增量以及彻查信贷风险的警示与行动。而在包括摩根大通在内的机构解读中，这已经被看做是明年货币政策微调、明松暗紧的铁证。中信证券银行业研究员朱琰表示，与微调的货币政策相关，监管部门对银行业的监管指标也会趋紧，在此环境下，2010年各商业银行的放贷规模会进一步差异化。“大银行、城商行以及顺利融资的股份制银行信贷规模会进一步扩大。”明松暗紧的货币政策尽管日前的中央经济工作会议最终确认货币政策不变的信号。但对比2008年的中央经济工作会议全力保增长的基调，今年添加的众多修饰性词汇已经开始显示此次政府定调的微调。“其实这已经在意料之中，毕竟经济已经开始回暖，下阶段除了继续稳固经济恢复基础，还要调整经济结构，保证整体的平衡性。”中央财经大学中国银行业研究中心主任郭田勇表示，监管层不会让信贷大起大落，但出于银行体系风险防范也会适度加强调控力度。此前，今年前10个月高达8.9万亿元新增人民币贷款一度让市场紧张是否会引来明年严厉的政策收紧。这种担心在上述工行人士看来不无道理，“上半年的经济回暖更多的是依赖于海量的信贷支撑，如果市场根基没有稳固，盘子越大，滋生泡沫的可能性就越大，积累在银行系统的信贷风险也就越大，监管层也在一直关注这个问题。”这种担心，在此次中央经济工作会议中已经开始显现，尽管2010年防通胀仍然让位于持续稳定经济增长，但“管理通胀预期”已经被提及。与之相呼应，中央经济工作结束后，央行表示未来要控制信贷增长速度，银监会也通知要求各商业银行排查今年前10个月的信贷风险。“如此看来，明年的货币政策在实际执行中基本上会是明松暗紧的状况，监管层对银行会通过存款准备金率等监管指标以及其他杠杆政策来进行微调。”郭田勇表示。在此解读下，各机构对于明年商业银行新增贷款规模的预期都有所下调。中国民生银行地产金融事业部市场总监叶天放认为：“按照2009年贷款余额40万亿元，2010年增速17%~18%计算，2010年新增贷款规模会在7万亿元左右。”摩根士丹利的预测稍高，在7万亿~8万亿元之间。而对于监管层有可能使用的微调工具，中信证券分析师朱琰认为，最优先的监管措施应当是对存贷比、资本充足率等监管指标的监控。“资本金及核心负债将成为影响信贷规模的重要变量”。除此之外，调整存款准备金率、利率的预期也开始增加。“明年存款准备金率将有1.5~2.5个百分点的上调空间，且会优先于利率使用。”叶天放表示。而随着中央经济工作会议继续稳定增长的定调以及市场对于中国将后于美联储加息的判断，各机构也纷纷下调明年中国加息的力度，并将加息时间预测为下半年。中信证券最新发布报告表示，2010年中国加息时点最可能出现在下半年，次数为1~2次。银行放贷分化值得注意的是，一旦货币政策趋紧，监管层与银行的博弈便开始浮出水面。如今，面对货币政策再次趋紧，市场上的大宗资产价格虚高呼声四起，银行普遍中长期负债过高等问题，各商业银行未来的放贷态度则再次引起了市场的关注。“各银行的确面临一系列的系统性风险，但总体来说，由于2009年的市场基本面回升，明年的企业信贷需求会有所增加，资产质量也会有所提升，这一定程度上会吸引银行的放贷。”上述工商银行人士认为。所谓的系统性风险，在业内人士看来既包括大量泡沫风险集中在银行体系，也包含了过去一年中各银行信贷增长严重的结构失衡，国家统计局数据显示，在过去10个月的天量信贷中，超过半数都是以基建、个人住房按揭等为主的中长期贷款。“这意味着银行资产流动越来越差，如何高速且稳健运行是每家商业银行都要面临的问题。”叶天放表示，银行资产的固化也大大加剧了银行的系统性风险，未来各商业银行则需要通过再融资以及发债等证券化手段来补充或增加流动性。但显然各商业银行年底“跑马圈地”的热情，已然昭示了放贷吸引力已大大抵消了对于系统风险的担忧。对此，朱琰表示，在货币政策以及监管指标双向趋紧的情况下，明年的信贷市场可能会产生分化。“资本充足、经营战略激进的银行放贷规模会有进一步增长，这中间包括四大国有银行、城商行以及顺利融资的股份制银行”。而事实的确如此。在今年年底的银行圈地运动中，各城商行的放贷比重显著提高，而四大银行则以地方政府、大型央企为对象协议授信。从授信额度来看，这些协议涉及的贷款金额少则几十亿，多则数百亿，其中还不乏接近千亿的大单。上述工行人士表示，目前工行指定的明年信贷目标并未受信贷微调影响。而叶天放也表示，在金融风险可控范围内，民生银行将继续拓展信贷业务，并为地产金融提供一揽子的打包服务。点击进入本刊更多内容：（中国房地产报）订阅热线：800-810-0909我要评论,4,1,0.9986407160758972
投资客有恃无恐成帮凶⊙记者 李和裕 ○编辑 王晓华“我知道你们的手段，那是生不如死……”(台词)恐怕了解开发商诡计的普通购房者只能在心中哀叹。不过，站在投资性购房者的角度，他们却看穿了“老鬼”的把戏，甚至乐意成为“帮凶”。“就像有时候鱼塘里养鱼还得加上几条泥鳅，市场要也有人搅动才能活起来啊。”80后的查先生是个活脱脱的上海炒房者，他在年初又“吃进”了2套房，因为熟悉的开发商选择了低位开盘，还给了他一点内部折扣，“虽然去年担心了一段时间，但年底信贷和税费优惠一出来，我就知道今年有戏，政策的刺激作用多少都会发挥的，只是时间长短问题，开发商也急着套现。当然，没想到今年楼市一下子就能拉起来，据我所知，不少开发商真得只差一口气，楼市如果挺到下半年才回暖，估计就会倒下一片，我则后悔把市区的一套收租的房子给卖了，卖得早了点。”除了个人投资者，还不能忽视了集体的力量。“温州炒房团等已经是老生常谈了，别忘了还有当地的很多房产中介公司。”有从上海某品牌中介出来的朋友就向记者透露，“这已经不是什么行业秘密了，谁说中介只做二手房，帮开发商推销以及自己炒都很普遍的。流程就是有房源经纪人能自己吃就自己吃，自己吃不了就几个经纪人一块儿吃，一块儿也吃不完那就找经理、店长，他们不行就再上去问区域总监等，总监不行就让老总们出马了，别墅豪宅当然只有高层才‘吃得起’。”“上半年楼市回暖主要是刚性需求积极入市，下半年以来就很不对劲了，凭什么房子越贵卖得越快，此前什么炒房号、排队炒作等不良现象又死灰复燃，正是因为有大量投资客重新参与进来，房价才越走越离谱，是政府该出手抑制的时候了。”有市场人士指出。但是也有业内人士提出，市场内的投资客和开发商同样有着心理优势，“基于房地产业在目前我国经济发展中的重要性，想从中渔利的人都抱着政府不会强硬打压的预期，就像近期的政策微调，营业税变化之余，政府还是在维持其他政策的连续性和稳定性，只要政府不想楼市硬着陆，参与房地产投资的就有恃无恐。”我要评论,4,1,0.8503397107124329
拆迁新制度已形成草案已就新拆迁制度形成草案文件，受邀与会学者表示将就征收、补偿等问题发表意见本报讯 (记者郭少峰)今天国务院法制办将邀请建言全国人大审查《城市房屋拆迁管理条例》(以下简称“《拆迁条例》”)的北大5名法学学者举行座谈会，研讨拆迁制度修改的有关问题。昨天，参加座谈会的学者收到了国务院法制办已经形成的修改后的关于新拆迁制度的草案文件。据了解，同时出席座谈会的还有王利明和梁慧星等民法学者，此外，住房和城乡建设部等部门相关负责人，也有望参加这次座谈会。学者建议废除《拆迁条例》出台《征收条例》此前，全国人大代表、全国人大法律委员会委员梁慧星接受本报专访时表示，应该废除《拆迁条例》，建议尽快出台《征收条例》。国务院法制办今日将在京组织专家学者座谈会，研讨拆迁制度修改的有关问题，国务院法制办副主任郜风涛将主持这次座谈会。此前，国务院法制办曾在官方网站通过回答网友提问的形式表示，“2001年6月13日发布的现行《城市房屋拆迁管理条例》有效。”国务院法制办已就修改后的新拆迁制度形成了草案文件。由于要就这个草案进行讨论，昨天，应相关学者向国务院法制办提出的“不了解草案内容无法形成针对性的讨论意见”，国务院法制办将草案文件专门送给参加座谈会的学者。5位建言学者之一、北大法学院教授王锡锌教授表示，今天的座谈会应该会先听国务院法制办的人士就草案内容做一些介绍和解释。与会学者将就征收、补偿等问题建言昨天接受电话采访时，5位建言学者之一、北大法学院教授姜明安表示，正在研究国务院法制办修改后的关于拆迁制度的草案文件，今天将会就草案中涉及的问题提出自己的意见。姜明安说，会就理顺拆迁过程中涉及的征收、补偿和拆迁的关系发表意见，但拒绝进一步透露自己发言的内容，“因为我的发言是针对草案内容的，这涉及草案的具体内容，而现在草案内容还不便透露。”昨天，另一位与会学者沈岿表示，自己也是对座谈会发言作了准备。他表示，自己的发言会涉及政府在拆迁中扮演的角色，补偿和征收程序等。根据法定程序，新的拆迁制度的修改最终会征求社会意见，“要让社会各方面参与，了解在实际当中遇到的具体问题。”我要评论,4,7,0.9973838925361633
涨价预期引发炒房潮银行控制评估价涨幅，与售价差距最多达8000元；打破与中介间的“返点”潜规则，力推直客式二手房贷“购房优惠政策即将结束，要买房的尽快出手！”从11月开始，位于双井富力城的一家房屋中介门窗上，贴着这样的标语。在中介催化剂的作用下，年底的楼市蔓延着恐慌的情绪。北京房地产交易管理网上周发布的数据显示，11月北京二手房成交量达到32784套，其中住宅成交31288套，历史上首次突破30000套大关，环比10月上涨了56%。与二手房交易量一齐飙升的还有银行的房贷。中国人民银行营业管理部披露的北京地区房贷情况显示，1-10月份，北京市中资金融机构个人购房贷款共增加453.6亿元，其中二手房贷款新增312.6亿元(因9月份数据未公布，该数据不包括9月份)，二手房贷款已成为银行个贷中占比最大的一部分。疯狂的背后，风险正在累积。记者走访房屋中介、银行及担保公司后发现，银行已然觉出其中的风险，做低评估价将部分风险转嫁给了购房者，并严格了审贷程序，年底放贷的主要是任务还没有完成或是急于抢占市场的中小银行。与此同时，银行摆脱中介的意愿越来越明显，银行和中介在这场购房潮中矛盾日益激化……二手房贷占个贷七成截至10月末中信、招商两家银行今年以来的个贷增长最为迅猛，新增贷款量均在70亿元以上，中国银行和工商银行紧随其后为68.30亿元和60.15亿元。“去年的这个时候，房市交易量平淡，没什么活可干，但今年忙得热火朝天。”链家的置业顾问小杜对记者表示，现在他每天至少要带五六个客户去看房，还经常碰到好几个人同时看中一套房，这时小杜就要与其他中介争抢房源。记者以购房者的身份跟着小杜体会了一把恐慌性购房。在链家地产富力城店，一套报价150万的住宅在半个小时内，就已经有6个人预约看房。在记者到达之前，已经有两位购房者正在屋内看房。在跟记者交谈的十几分钟内，房主的电话铃声此起彼伏，都是中介打来约看房的。与购房者同样恐慌的还有部分的卖房者。“明年的政策形势到底如何存在很大变数，谁也说不准，明年说不定卖不到这个价，现在出手落袋为安。”张女士上周将自己在四惠的房子以1.9万/平米出手了，这套房子是她在6月份以1.4万/平米的价格购买的。今年以来的楼市成交量惊人，美联物业市场研究部根据目前的成交量推算，12月份很可能继续突破历史纪录，全年成交量将达到27万套。比房子更为疯狂的是二手房贷款。美联物业市场研究部统计数据显示，11月份房贷市场以二手房过户为主的交易类贷款成交量上涨明显，涨幅60%左右。“我最近特别忙，每天都是晚上10点多才下班。”一位在银行房贷部门任客户经理的朋友对记者表示，最近半年以来，因为他所在的银行客户量陡增，贷款额度太大导致他这样的房贷客户经理都连轴转。前十月，北京市中资金融机构个人购房贷款共增加453.6亿元，其中二手房贷款新增312.6亿元(不含9月份)，二手房贷款占比已经突破70%，成为银行个人住房贷款的中坚力量。记者从银行内部获得的一份北京地区统计数据显示，截至10月末中信、招商两家银行今年以来的个贷增长最为迅猛，新增贷款量均在70亿元以上，中国银行和工商银行紧随其后为68.30亿元和60.15亿元。据记者了解，京城大部分商业银行的二手房房贷同比基本都实现翻番，部分基数较小的银行甚至翻了两三倍。统计数据显示，某银行二手房按揭贷款余额较年初增长超过100%，而放款量则翻了三倍多。对于今年的房贷市场，某股份制商业银行个贷部总经理称为“军阀混战”。以往主攻新房贷款的中行、建行、工行今年对二手房市场强势介入，凭借着网点和品牌优势，挤占了中小银行的势力。多位银行人士也表示，今年后二手房贷款竞争将愈演愈烈。一是新房资源越来越少，客观决定今后买房多为二手房。第二，从银行的角度看，二手房一般都是自住需求，首付都在售价的50%左右，同时二手房是现房，产权明确，而新房往往还在打地基的时候银行就放款了。“从银行所承担的风险角度看，二手房比一手房风险小。”一位银行人士表示：“此前经济处于下行期时，政策的宽容让一些开发商有空子可钻，将来风险暴露，吃亏的是银行。”涨不过房价的评估价一般来说只要不是房龄很老的房子，售价与评估价的差额约为5%-10%。但目前，北京市场评估价与售价之间的差距，最多的能达到七八千之多。据美联物业市场研究部的数据，对比1月均价8900元，北京二手房年底均价累计涨幅已经超过47%，达13150元/平米。量价齐升的二手房市场风险在逐步累积，银行也已经觉察到。多个月停滞不前的评估价正是银行转嫁风险的手段。以记者在富力城看到的那套房子为例，61平的一居室报价150万，均价在2.46万/平米，而中介小杜给记者算的账是，这套房子的评估价只能以1.9万/平米计算。售价与评估价之间相差5600元/平米，也意味着这套房在评估机构和银行眼中的价值为115.9万，银行承担的风险仅为115.9万。按照首套房贷款可达到房屋全款的八成计算，购买这套房子最多只能贷93万，首付则必须达到57万。银行及评估机构得出的评估价远远追不上房价的涨速，这在今年下半年尤为明显。今年5月以来，望京、朝青、百子湾和亚运村等二手次新房热点区域的楼盘实际市场价格平均每平方米大约上涨4000元，但评估价涨幅最少的只有400元。而目前，北京市场评估价与售价之间的差距，最多的能达到七八千之多。中易安(中国)房地产担保有限公司市场总监徐东华告诉记者，一般来说只要不是房龄很老的房子，售价与评估价的差额约为5%-10%。从去年6月开始，先是下调的非常快，直到今年3月份二手房市场持续火爆了一阵之后，才逐渐上调，到7月以后，突然就不怎么调了。从今年7、8月份之后，售价与评估价的差距越来越大。“降低评估价是银行控制风险的一种方法，银行已经对现在的房价产生了警觉。”徐东华说。目前银行二手房的评估业务均是外包给评估机构，而评估机构也是看银行“眼色”行动。随着10月以来二手房市场由于有消息传出利好政策即将到期，成交量和成交价飙升，这种上涨在银行眼中存在着一定的风险，因此纷纷要求评估机构调低或停止随市场上调评估价格，有的银行甚至放贷前在评估的基础上再打一个折扣。除此之外，目前大部分银行已经完成了全年的放贷任务，银行审批贷款也变得更加严格。“收入证明是一个很明显的变化。以前银行对夸张的存款证明都是睁一只眼闭一只眼，在现在必须是真实的收入证明，还需要提交一些缴税证明。”银行人士称。银行打破“返点”潜规则银行对中介的返点最高达到1.5%左右。如果以目前公布的今年二手房贷312.6亿元贷款额、平均1.5%的“返点”比例粗略计算，中介从银行获得的佣金收入高达4.69亿元。在房市火爆、房贷猛增的同时，一个有趣的现象值得注意———银行开始停止和中介的二手房贷款合作。对于银行来说，中介公司是个又爱有恨的主，在传统的合作模式下，中介可以给银行带来丰富的客户资源。但中介两边“吃钱”，在收取购房者中介费的同时还向商业银行索取高额佣金，即“返点”。但这种生存法则在今年受到前所未有的质疑和挑战。“由于去年底时楼市惨淡，各银行为了达成考核目标，纷纷采取大比例返点政策激励中介机构，有的银行甚至从0.5%提升至现在的1.5%，行业有些恶性竞争。”一商业银行房贷部总经理说。据记者从中介公司和银行方面了解，目前北京市场，银行对中介的返点最高达到1.5%左右。如果以目前公布的今年二手房贷312.6亿元贷款额、平均1.5%的“返点”比例粗略计算，中介从银行获得的佣金收入高达4.69亿元。在房贷利率普遍打7折的情况下，按一年期存款的成本2.25%和5年以上的优惠贷款利率4.158%来计算，银行从房贷上获得的毛利已不足2个百分点。如果再去除人工费用、房租、管理费用等不可回避的成本，实际获利肯定低于1个百分点。银行开始叫苦，并开始单方面打破这个“潜规则”。今年下半年，建行已宣布，由于中介收费高，停止了和中介公司的合作。9月份深圳市银行公会率先与银行签订《深圳市国内银行业住房按揭贷款业务自律公约》，承诺“在办理二手房按揭贷款业务过程中，不以任何形式向地产中介或其代理机构或个人支付佣金以获取业务来源”。此后，上海、广州、山东等地银行业公会纷纷效仿。按照山东省的自律公约，银行向房产中介“返点”将受到严格限制，最高不得超过2%。。不过，一中小银行的个贷部经理指出，房产中介公司掌握着二手房市场的大量客源，“返点”仍具有巨大市场。中介的想法也比较乐观。一中介公司市场部经理认为，时值年末，大多数银行的贷款任务已经完成，但进入明年年初，各大行贷款指标下来，很可能再度爆发房贷客源争夺战，到时候各银行是否坚守住自律公约是个很大疑问。“大银行不给返点，我们就把客户介绍给小银行和外资银行，这些银行房贷业务规模尚在发展当中，他们每年也都有考核指标。”中介公司也在寻求空间。直客式二手房贷崛起银行的直客式房贷把中介费、二手房评估费、贷款手续费等费用作为按揭贷款的附加服务，只需三四百元甚至是无偿提供给购房者。彻底摆脱中介并非朝夕之事，银行在尝试另外的出路。从去年开始，银行纷纷试水绕开中介直接面对购房者的直客式房贷，目前工行、招行、中信都已经推出直客式二手房贷款。这种不需要中介的房贷方式，既可以让银行省下一笔返点费用，也可以为买房者省下不少中介费。按购买一套100万元的房子计算，中介费用一般是房价的3%，加上评估、担保等费用，购房者需多掏3万-5万元不等。而目前银行的直客式房贷把中介费、二手房评估费、贷款手续费等费用作为按揭贷款的附加服务，只需三四百元甚至是无偿提供给购房者。不过，直客式房贷面临两大难题。一方面，银行直客式二手房贷款主要针对已经找到房源的买主，银行房源跟中介相比并不丰富。12月3日，记者在中信银行二手房买卖直通车网站看到，其有效房源约为3039套，一般有点名气的小区房源基本是3-4套，很多小一点的小区根本没有房源。对于想挑选二手房的买房者来说吸引力不够。另一方面，直客式二手房在买卖过程中的违约、虚假等风险，均由买房者自己承担。不少购房人担心碰到假产权证上当，并且缺乏对办理过户手续相关知识的了解，所以买卖二手房时，基本上还是通过中介公司担保，并代办相关贷款、过户手续。中介费相当于一笔“省心费”。因此，据了解目前这种直客式二手房贷以已经找到房源的贷款者为主。中信银行日前公布的数据显示，从今年8月27日至11月上旬，其直客式二手房业务已经受理了超过1亿元按揭贷款，大概有150多位市民通过该平台买到了房子，这一交易量不足中介的百分之一。“房源是最重要的问题。银行不可能做到像中介公司那样，支出那么多的人力物力在各个小区跑房源，完全摆脱中介是不可能的，但应该减少对他们的依赖。”一家计划明年进入直客式二手房市场的银行老总称。我要评论,4,1,0.933489978313446
21名法学大腕支招新拆迁条例草案本报讯(记者郭爱娣)印有“机密”字样的《国有土地上房屋征收与拆迁补偿条例(草案)》呼之欲出！昨天，国务院法制办就此召开了第三次专家座谈会，共有21位专家学者和国务院法制办负责人参加座谈，就公共利益如何界定，补偿标准如何确定等六个焦点问题展开研讨。国务院法制办副主任郜风涛表示，《征收条例》草案会在征求相关部门的意见后，面向社会公开征集。昨天上午，金台饭店8层会议室聚集了很多“法学界大腕”。包括就修改《城市房屋拆迁管理条例》向全国人大常委会提出建议的北京大学法学院教授沈岿、王锡锌、姜明安、钱明星，及著名民法学家、中国社科院法学所研究员梁慧星、中国人民大学副校长王利明，中国政法大学的应松年教授、薛刚凌教授等。国务院法制办副主任郜风涛称，此次座谈会将围绕《征收条例(草案)》的内容展开。记者在现场看到，每位到会专家手中都有一个印有“机密”字样的档案袋，这是国务院法制办为了让专家更了解草案内容，以便形成针对性的讨论意见而专程送达的草案文件。此次座谈会用时4小时，直到中午12点45分才结束，房间内不时传来专家们高亢、激动的言语。21位专家学者及政府官员就六个焦点问题展开观点碰撞，六个焦点问题包括公共利益如何界定的问题；征收决定的程序问题；补偿标准的问题；拆迁的条件和程序问题；争端解决机制问题；以及非因公共利益的需要进行补偿和拆迁的问题。■焦点问题公共利益如何界定？焦点：何为公共利益拆迁？何为商业利益拆迁？如何更好地保护私有房产？专家观点：公共利益其实不复杂，理论上说就是全体社会成员都能够直接享受的利益，它不是一部分人能够享受的，而是所有人直接享受的，比如飞机场、公立医院、高速公路、大学、中小学，民众能够直接享受。征地拆迁有两种，一是为商业利益进行征地拆迁，二是政府为了公共利益的征收。在原有的拆迁条例中，混淆了因公共利益拆迁和因商业利益拆迁的两个概念，不管是哪种情况，政府均授予开发商拆迁许可证这把尚方宝剑。有了“尚方宝剑”，开发商可以肆意拆迁，甚至是为了商业利益。因此，如何界定公共利益非常重要。梁慧星认为，商业征地拆迁就是开发商为了商业利益与土地使用权人、房屋所有权人直接商谈，是一种单纯民事法律关系。而政府的征收不能为了商业利益，只能是为了公共利益，特别是涉及到强拆，因此，征收条例中界定何为公共利益是所有拆迁问题的根本。王锡锌则认为界定起来不难，比如国防、铁路建设很明显是公共利益，就可以明确地列出来。混合利益可以引入程序来保障，让各种意见充分表达，让相关利益人参与，通过讨论或听证等形式予以明确。也就是公共利益可以实体描述，也可以引进程序机制，最后由地方人大或法院作出一个评价，从而打破地方政府对公共利益界定的垄断。拆迁补偿如何确定？焦点：是有人漫天要价还是政府低成本拆迁？拆迁标准一直以来都是被拆迁人最关心的核心问题。专家观点：应该制定一个关于拆迁补偿标准的全国性的指导规则，在这个指导框架的基础上，地方根据自己的情况可以做一些具体规定，但不得与全国性的统一指导规则发生冲突和抵触，这就可以最大程度地实现原则性和具体情况的平衡。到底应该补多少？这个标准由谁来定？与会专家纷纷出谋划策。王锡锌认为，目前关于拆迁补偿标准大部分是由地方政府来做具体规定，这种由地方规定的做法，虽然有一些合理性，比如说各地房屋价格有所不同，地方规定可以防止“一刀切”。但如果完全由地方来规定补偿标准，中央对房屋补偿问题的重要政策可能在地方打折扣，甚至补偿的落实还会出现被截留的问题。王锡锌认为应该制定一个关于拆迁补偿标准的全国性的指导规则，地方根据自己的情况可以做一些具体规定。沈岿则认为合理的补偿要靠市场评估，评估机构必须中立，不应该由政府确定，而是由被拆迁人自己选择。同时，标准和补偿方案制定应该充分公开和协商，一旦在结果上不能达成一致，应该有一个法院审查的程序。王锡锌认为，合理的核心就是公开和参与，而不能用一纸政府文件规定。■追访·北大法学教授王锡锌原《拆迁条例》将终结记者：《征收条例(草案)》是社会公众及学者广泛关注的《拆迁条例》吗？原有的《拆迁条例》会废止吗？王锡锌：征收条例是《拆迁条例》的“升级版”。宪法和物权法都规定，要拆迁必须先征地，没有依法征地就没有拆迁，现行的《拆迁条例》就是割裂了征地这个必要的环节，而过分关注如何拆迁，违背了宪法和物权法的公共利益和保护私有财产的精神。因此征收条例的出台就意味着《拆迁条例》的终结。缺乏有效的违宪审查记者：现实生活中，公民手拿《物权法》却抵挡不住拆迁人“依法拆迁”的铲车，到底是为什么？王锡锌：毫无疑问《拆迁条例》和《物权法》比起来，当然是《物权法》更大。但是在现实中我们的确看到，《物权法》抵挡不住“依法拆迁”的铲车，我认为一方面这是由于《物权法》仅仅是提供了对财产权保护的基本的原则，过于抽象和空洞。另一方面政府拆迁部门在拆迁问题上往往更习惯于、更倾向于适用《拆迁条例》的规定，因为《拆迁条例》更加具体，操作起来对他们更加便利。当《拆迁条例》和《物权法》存在抵触时，我们缺乏一种有效的违宪审查的程序和操作机制，所以即便在形式上两者有抵触，也很难及时对《拆迁条例》通过审查来加以废止或改进。条例遭地方政府阻力记者：有专家认为《拆迁条例》之所以能在违宪的前提下大行其道就是因为政府躲在幕后，与开发商合谋牟利，地方利益阻碍了《征收条例》的进程，您怎么看？王锡锌：没有区分公共利益拆迁和商业开发拆迁，很容易引发一些地方政府和利益集团合谋的情况，损害房屋所有者的利益。目前的修改虽然已经在进行之中，但是应该说还有比较大的障碍，阻力主要来自于一些地方政府基于局部的、短期利益考虑，片面强调城市的建设发展，可能忽视对财产房屋所有人的权利保护，他们希望能够用传统的管理、控制模式来进行城市管理。■幕后参会法学家守口如瓶与会专家的文件袋上印有“机密”字样，所有参会专家也对已形成的草案内容守口如瓶，这不得不让一则本应十分透明的事关所有民众利益的政府规章变得异常神秘起来，对此沈岿教授解答了记者的疑问。沈岿说，任何一个立法者、任何一个学者，都不可能事先对立法所需要解决的问题都考虑得十分周详、成熟，所以，在起草的过程中，可能会出现不成熟的条款的拟定。沈岿认为，在这些条款尚未成熟的情况下，向社会公开征求意见，很有可能会激发没有必要的争议，而当条款的拟定比较成熟之后，再向社会公开征求意见，或许可以使很多不必要的争议在此阶段之前就能够得到比较好的解决。■记者观察征收条例在艰难中前行座谈会如期召开，到底是缘于征收条例的研讨，还是回应五位学者废止《拆迁条例》的提议并不需要解释或澄清，它让市民看到的是私有房产受到切实保护的脚步越来越近，暴力拆迁血案渐行渐远。2007年12月14日9时，温家宝总理在国务院第一会议室主持召开第200次常务会议，《征收条例(草案)》是第一项议题。温家宝说：“条例直接关系人民群众切身利益，用的时间长一些，但这是对国家、对人民负责。”在过去近两年时间内，征地拆迁条例在各种利益纠结中艰难前行，被拆迁人以命相抗，甚至自焚，个别地方政府与开发商合谋牟利都在诠释着公权力和私权利之间的无声较量，也使得《拆迁条例》这一违物权的政府规章不能被判处死刑。两年的时间过去了，这一切都在国家权力机关小心谨慎的态度中，在专家学者的振臂呼吁中默默前行，新的《征收条例(草案)》也终于再次提速，但所有市民关心的问题将在条例中得到怎样的体现？目前仍因“机密”两字不得而知，但种种迹象显示，《征收条例(草案)》正在向维护宪法精神、维护物权法要义、维护居民利益的方向迈进。我要评论,4,7,0.9273993372917175
二套房信贷政策很可能被严格执行据新华社北京12月16日电 (记者王宇、姚均芳)本月以来，中央接连释放房地产市场调控信号，日前国务院常务会议更是明确提出“遏制部分城市房价过快上涨的势头”，提出“加大差别化信贷政策执行力度，切实防范各类住房按揭贷款风险”、“加强房地产信贷风险管理”等房贷政策。在新一轮市场调控之下，房地产信贷政策会呈现怎样的变化？新华社记者就此采访了相关人士。“二套房”信贷政策很可能被严格执行记者就会议中“加大差别化信贷政策执行力度”的提法致电中国人民银行等有关部门，相关人士表示，目前并不清楚是否有具体细则出台，但2007年出台的加强商业性房地产信贷管理政策已强调了差别化信贷原则，关键是银行是否遵照执行。“‘加大差别化信贷政策执行力度’，是国务院会议提出的‘运用金融等手段加强和改善对房地产市场调控’的体现。根据这一原则，明年银行将会针对不同类型的房地产开发和购房需求予以不同的金融对待。”中央财经大学中国银行业研究中心主任郭田勇说。“从开发贷款来说，银行会优先保证经适房、限价房的贷款需求，对高房价地区、高价住房的风险会充分考虑。从按揭贷款来说，银行信贷投放会区分高中低档住房，将对执行利率的优惠程度、首付比例等进行区别对待。”中国建设银行高级研究员赵庆明指出，目前暂未收到相关具体指导意见，预计未来央行、银监会会对此制定并出台具体相关指导意见。“在个人住房按揭贷款方面，此前央行、银监会制定的‘二套房’信贷政策今后很有可能会被严格执行。”郭田勇说。2007年9月，央行、银监会联合发布了《关于加强商业性房地产信贷管理的通知》，根据通知，第二套(含)以上住房首付比例不得低于40%，贷款利率不得低于基准利率的1.1倍，贷款首付款比例和利率水平应随套数增加而大幅度提高。预计将从严管理房地产企业开发贷款此外，对于国务院常务会议提出的“加强房地产信贷风险管理”的提法，专家预计明年银行会对房地产企业开发贷款进行从严管理。今年以来，我国房地产市场异常火爆，企业资金异常充裕，这与开发商较以往更容易获得银行信贷有着直接关系。国家统计局数据显示，今年前11个月我国房地产开发企业资金来源中，国内贷款接近9000亿元，个人按揭贷款超过7000亿元，前11个月总计流入房地产的信贷资金超过1.6万亿元，此数据比去年同期多出六成。而在今年全国9万多亿元的银行新增贷款中，约1/6流入到了房地产开发领域。过多的银行资金进入到房地产领域无疑会埋下一定信贷风险。记者了解到，有些开发商从银行获得贷款后，不是用在了支付工程款等开发领域，而是投入到土地市场，用来在土地市场上拿地，拖欠了工程款不说，还推高了土地价格，加剧房价上涨压力，最终加大了房地产信贷风险。“房价若再大幅上涨，银行房贷就将面临巨大的系统性风险。如果银行贷款无法按期偿还，就会进一步加剧银行的呆坏账，从而引发银行业的动荡。”中国社科院金融所研究员尹中立认为，迪拜危机以及此前的香港楼市泡沫、日本楼市泡沫都表明，房地产开发过度依赖银行信贷容易带来信贷风险。“明年银行一定会控制和杜绝违规放贷，对开发商资质、自有资金状况、管理情况进行从严审核。”郭田勇说。记者了解到，银监会近日已要求各大商业银行对当前面临的六大风险进行全面自查。其中，房地产行业信贷风险位列其中。我要评论,4,7,0.7533937692642212
欧洲公馆医疗机构医疗机构：301医院、海军总医院、中国人民解放军总医院第一附属医院、航天中心医院、北京蓝天医院。我要评论,4,9,0.9806166887283325
现行拆迁条例将废除 新规有望写入先补偿后拆迁昨日上午，国务院法制办在北京金台饭店召开备受关注的《国有土地上房屋征收与拆迁补偿条例》草案(以下简称《征收与拆迁补偿条例》)专家研讨座谈会。应邀参加研讨会的北大公众参与研究与支持中心主任、北大宪法行政法研究中心副主任王锡锌昨接受本报记者采访时透露，目前修改方案已形成草案初稿，整个拆迁的思路将发生“根本性变化”。现行拆迁条例将废除在长达四个小时的闭门会议之后，国务院法制办副主任郜风涛向一直等候在外的媒体做了简要的会议通报，其确认在《征收与拆迁补偿条例》正式颁布实施之后，公众与学界诟病多时的《城市房屋拆迁管理条例》(以下简称《拆迁条例》)将肯定同时废除。《拆迁条例》修改草案不久将向社会公开征求意见。郜风涛同时透露，在今后出台的《征收与拆迁补偿条例》中，整个拆迁的思路将发生“根本性变化”，但由于强调目前这一草案尚未成熟，他并未透露这一变化的主要方向。据介绍，昨天大家围绕公共利益如何界定、征收的程序、补偿的标准、争端解决机制、强制拆迁的形式和程序、在非公共利益的情况下采用怎样的规范等6方面问题进行了深入讨论。新条例限定为“国有土地”法制办农村城建资源环保司司长王振江在会前向记者透露，目前正在讨论的条例限定为“国有土地上”，这意味着目前大量涉及农村集体土地的拆迁问题难以被新法规涵盖，如此前引起公众高度关注的唐福珍案，其盖房用地原本为集体用地。半个月内提交修改建议记者了解到，这次研讨会是国务院法制办就“拆迁条例”修改召开的第三次专家论证会，除了北大4名学者外，还有来自中国政法大学的应松年教授、薛刚凌教授，中国人民大学的王利明教授、王轶教授，中国社科院法学所的梁慧星教授。“这也是一个正常的立法程序。”据参会的北大法学院副院长沈岿透露，国家院法制办已提议，与会的专家在半个月内将各自的建议以书面形式提交国务院，以便进一步改进。对话专家“公共利益”如何界定最棘手北大王锡锌教授昨接受本报记者采访叫板《城市房屋拆迁条例》，又应邀走进国务院研讨条例修改，走出国务院法制办研讨会现场后，北大公众参与研究与支持中心主任、北大宪法行政法研究中心副主任王锡锌教授在接受本报记者电话采访时坦言，国务院的积极回应“很令人鼓舞”，同时他也表示条例草案进行了很大调整。据透露，条例草案内容与北大五学者此前的建议书内容精神基本一致，并且去掉了“被拆迁人”这一概念，以“被征收人”取代，有关人士认为这是草案体现的进步之一。阻力来自地方政府利益博弈记：拆迁条例2007年就开始进行修改，为何到现在还处于一种看似“停滞”的状态？王：一方面拆迁条例修改事关重大，涉及到的利益也很重大，如果匆忙出台，可能形式上很好看，但实际上解决不了问题。另一方面，遇到的阻力也很大，尤其是来自于地方政府的压力，因为修改拆迁条例直接牵涉到地方土地财政的利益，而且，现在许多地方政府在城市发展中将许多市政项目交付商业开发，也这是地方政府阻力的一个重要因素。草案修改很大“令人鼓舞”记：今天上午看到了成文草样，您觉得满意吗？王：草案比原来有了很大的修改，对于之前上书中建议修改的包括赔偿问题、拆迁主体的界定以及授权问题等内容，在新修订的草案中都得到了体现，这是很令人鼓舞的。公共利益界定最棘手记：觉得草案还需要在哪些方面应该进一步修改？王：具体内容现在还不能透露。不过可以举个例子。公共利益如何界定是最棘手的问题之一。草案中已经尝试对政府关于公共利益的征收进行了界定，也采用了大量描述，但仍然过于模糊。比如草案规定“危旧房改造”属于公共利益，但是什么样的房子算是旧房子？住了两三年的房子也可以称为旧房子。这里面就给了地方政府钻空子的空间，比如将危旧房改造与地产开发结合起来。我要评论,4,7,0.6940159797668457
5部委出新政打击囤地炒地：拿地首付不低于50% 财政部、国土部等五部委出台加强土地出让收支管理的通知，后续房地产调控措施将择机适时出台⊙记者 于祥明 张牡霞据上海证券报报道，“遏制部分城市房价过快上涨”政策第一拳，打向开发商囤地、炒地。12月17日，财政部、国土部等五部委出台《进一步加强土地出让收支管理的通知》，明确开发商以后拿地时，“分期缴纳全部土地出让价款期限原则上不得超过一年，特殊项目可以约定在两年内全部缴清，首次缴款比例不得低于全部土地出让款的50%”。如果开发商拖欠价款，不得参与新的土地出让交易。囤地、炒地一直被指称为高房价的推手之一，五部委加强土地出让收支管理是在14日召开的国务院常务会议后，推出的第一个具体调控措施。14日召开的国务院常务会议指出，要综合运用土地、金融、税收等手段，加强和改善对房地产市场的调控，遏制部分城市房价过快上涨的势头。“目前全国各个城市对于分期缴纳土地出让价款及首付比例并无统一规定，出让土地会分别签订合同，约定首付比例和分期缴纳时间，大部分在20%-30%之间，远低于此次五部委通知的规定。”中国土地勘测规划院副总工程师邹晓云说。他认为，该通知的实质就是全国统一并普遍提高了开发商拿地的首付款，由此会对其资金链形成压力，遏制部分炒地、囤地行为。某权威机构负责人陈晟的表述更直接。“文件的出台，会挤出开发商手中的部分资金，进而促进开发商加快楼盘销售，回笼奖金。其结果就是国务院会议上所提出的，增加普通商品房的供给。”“这一政策对资金充裕的公司影响有限，对势力弱的小房产公司会有打击。”一位房地产老总私下直言。但这位老总最担心政府还有后续动作，这样会对整个行业形成“综合打击”。据记者了解到，以住建部、国土部等部门牵头的调控措施政策正在酝酿之中，其基本思路是增加普通商品房的供给。其中，国土部关于加强房地产批后监管、严厉打击闲置土地等措施已具雏形，只待发布时机。思路是，与金融管理机构联手增加土地市场透明度，重点监管典型“地王”和闲置地。住建部今日将召开全国建设工作会，可能有相关表态及政策框架透露。可以确定的是，强化推进公共租赁住房已是板上钉钉；加强预售交易环节监管和市场透明度方面也或有新规。我要评论,4,1,0.7406989932060242
北大五学者建言的背后故事12月7日上午11时半，我赶到了北大法学院5楼会议室，在现场看到了姜明安、沈岿、王锡锌、钱明星和陈端洪五位法学学者。签字时，姜明安老师看到身份证号码时还在问，非要写上身份证号码吗？沈岿跟他说，这是证明建言者是中华人民共和国公民。沈岿第一次看到唐福珍自焚的视频时跟学生们在一起。他非常感伤，特别的郁闷：一个公民在机器面前，以及在机器背后的政府面前太柔弱了。当时他失态了。谈到这段的时候，我还能听出沈岿声音的变化，仍能感觉到他细腻的感情和内心的郁闷。他说，不知道自己会不会哪天也面临被拆迁的问题，但起码他的亲属中已经有人面临这个问题。沈岿曾在2003年 建议全国人大常委会，审查《城市流浪乞讨人员收容遣送办法》，当时是因为大学生孙志刚的死亡。当时的结果是一个月后国务院宣布废除《收容办法》。这次又是在一个公民唐福珍自焚而亡的情况下，他又参与建议全国人大常委会审查《城市房屋拆迁管理条例》。他接受采访时流露出一丝无奈，为什么非要用公民的死亡来换取社会和相关部门对不合理法律法规的改变，用他的话说，就是“挺悲哀的”，应该有人站出来。除了学者，沈岿特别强调自己的公民身份。在本报就他们建言事件报道时使用“上书”的字眼，他感到不适。现在是公民时代，在法律上明确了公民“建议”的权利。作为老师，沈岿不只一次跟我说学生在建言起草过程中起到的作用，以体现对这些学生劳动成果的尊重：成协中、林良亮、孙宇和薛启明这几名博士生帮助他们收集了相关资料。虽然国务院法制办副主任郜风涛并不认可学者建言与召开相关专家座谈会之间的因果关系，但不可否认的事实是，五名参与建言的学者都得到了邀请，只有陈端洪因为事先安排其他事情而没有参加而已。沈岿事后说，新的条例草案与他们建言的内容基本一致。不过，就在他们参加座谈会的当天，媒体报道了海淀区席新柱自焚应对拆迁的事情。用沈岿给我回的一条短信的话说，那就是“路途还漫长，农村大片土地和房屋还要我们密切关注”。□郭少峰(新京报中国新闻记者)我要评论,4,9,0.9007057547569275
住建部长约见200副市长 督促清理房产优惠政策本报记者 晏耀斌 北京报道所有与房地产有关的部门，近来神经都绷得很紧。2009年12月18日，住房和城乡建设部(下称住建部)全国建设会议在北京召开。一如过去，住建部对外保持着高度的警惕，尤其是对新闻媒体，能够进入会场的只有新华社等六家中央媒体。在楼市政策频繁出台之际，作为房地产市场主管部门的会议，还是吸引了大批新闻记者蜂拥而至，但均被拒之门外。记者了解到，住建部邀请了600多位副市长参会，最终有200多位副市长到会，北京等一线城市大部分到会。而住建部部长姜伟新在会上表示：经济适用房面向范围将从低收入者提升为中低收入者；严格监督地方政府加快清理各种房地产优惠政策。《华夏时报》还从一现场记者处了解到：住建部这次年度会议不单单局限在总结2009年和部署2010年工作。这一点，从拟邀600名地方副市长就可以看得出。“这些副市长几乎都是主管城建工作的，而且这样的邀请在住建部年度会议中还是首次。”上述记者透露。据一住建部内部人士透露：会议分两个部分：上午为住建部领导讲话，下午分组讨论。由于上述六家中央媒体记者事先都得到住建部“不得透露会议内容”的关照，该记者很谨慎地说：“从这些天中央出台的楼市政策和住建部的职能，其实可以想象得到会议的内容。”上述住建部人士告诉记者，约见这些副市长的目的有两个：其一，统一思想贯彻“国四条”；其二，协商完成保障性住房计划，但两者联系紧密。“国四条”指的是12月14日国务院常务会议决定完善房地产市场健康发展的四条意见。“住建部约见地方副市长的行动发出的信号非常明显：党中央和国务院对当前部分城市房价涨速太高高度关注。而住建部就是通过这样的行动，和地方统一思想，不折不扣地执行中央政策，保证房地产市场健康发展。”继中央经济工作会议后，相关领导不断对楼市进行表态。在营业税优惠政策取消后，12月17日，国土资源部、财政部等五部委联合发出《关于进一步加强土地出让收支管理的通知》，要求：加强土地出让收支管理，要求地方政府不得截留、滞留、分期收取土地出让金。一般土地出让收入必须在1年内缴纳，特殊情况必须在2年内缴纳，首付不得低于50%。那么，住建部会不会有什么具体的措施呢？上述住建部内部人士还表示：“11月中旬住建部已就商品房销售下发了通知，其中措施包括打击捂盘等。根据职能分工，住建部在这次会议中会就保障性住房做出部署以协助控制房价，并不会涉及到具体政策。”部署保障性住房实际上也是贯彻“国四条”的具体表现。“国四条”中第四条要求：要继续大规模推进保障性安居工程建设。力争到2012年末，基本解决1540万户低收入住房困难家庭的住房问题。也就是说，自明年开始每年相当于要完成513万户低收入家庭住房问题。然而就在今年5月，住建部、发改委、财政部《关于2009-2011年廉租住房保障规划的通知》规定：从2009年起到2011年，争取用三年时间，基本解决747万户现有城市低收入住房困难家庭的住房问题。其中2010年解决245万，2011年解决204万。计划一下子增加了一倍多，难度可想而知。这恰恰是一个老大难问题。此前全国人大常委会的调研表明，今年前8个月，我国保障性住房建设进度缓慢，前8个月保障房完成率不足1/4。一些地方由于配套资金不到位和征地、拆迁等前期工作准备不足，难以完成保障房建设计划。“约见地方主管城建的副市长，就在于让其明白推进保障性住房在协助调控房价、促进房地产市场健康发展中的重要性，虽难也要完成。”上述住建部内部人士表示。可谓推进保障性住房建设意在曲线调整房价。我要评论本报记者 晏耀斌 北京报道所有与房地产有关的部门，近来神经都绷得很紧。2009年12月18日，住房和城乡建设部(下称住建部)全国建设会议在北京召开。一如过去，住建部对外保持着高度的警惕，尤其是对新闻媒体，能够进入会场的只有新华社等六家中央媒体。在楼市政策频繁出台之际，作为房地产市场主管部门的会议，还是吸引了大批新闻记者蜂拥而至，但均被拒之门外。记者了解到，住建部邀请了600多位副市长参会，最终有200多位副市长到会，北京等一线城市大部分到会。而住建部部长姜伟新在会上表示：经济适用房面向范围将从低收入者提升为中低收入者；严格监督地方政府加快清理各种房地产优惠政策。《华夏时报》还从一现场记者处了解到：住建部这次年度会议不单单局限在总结2009年和部署2010年工作。这一点，从拟邀600名地方副市长就可以看得出。“这些副市长几乎都是主管城建工作的，而且这样的邀请在住建部年度会议中还是首次。”上述记者透露。据一住建部内部人士透露：会议分两个部分：上午为住建部领导讲话，下午分组讨论。由于上述六家中央媒体记者事先都得到住建部“不得透露会议内容”的关照，该记者很谨慎地说：“从这些天中央出台的楼市政策和住建部的职能，其实可以想象得到会议的内容。”上述住建部人士告诉记者，约见这些副市长的目的有两个：其一，统一思想贯彻“国四条”；其二，协商完成保障性住房计划，但两者联系紧密。“国四条”指的是12月14日国务院常务会议决定完善房地产市场健康发展的四条意见。“住建部约见地方副市长的行动发出的信号非常明显：党中央和国务院对当前部分城市房价涨速太高高度关注。而住建部就是通过这样的行动，和地方统一思想，不折不扣地执行中央政策，保证房地产市场健康发展。”继中央经济工作会议后，相关领导不断对楼市进行表态。在营业税优惠政策取消后，12月17日，国土资源部、财政部等五部委联合发出《关于进一步加强土地出让收支管理的通知》，要求：加强土地出让收支管理，要求地方政府不得截留、滞留、分期收取土地出让金。一般土地出让收入必须在1年内缴纳，特殊情况必须在2年内缴纳，首付不得低于50%。那么，住建部会不会有什么具体的措施呢？上述住建部内部人士还表示：“11月中旬住建部已就商品房销售下发了通知，其中措施包括打击捂盘等。根据职能分工，住建部在这次会议中会就保障性住房做出部署以协助控制房价，并不会涉及到具体政策。”部署保障性住房实际上也是贯彻“国四条”的具体表现。“国四条”中第四条要求：要继续大规模推进保障性安居工程建设。力争到2012年末，基本解决1540万户低收入住房困难家庭的住房问题。也就是说，自明年开始每年相当于要完成513万户低收入家庭住房问题。然而就在今年5月，住建部、发改委、财政部《关于2009-2011年廉租住房保障规划的通知》规定：从2009年起到2011年，争取用三年时间，基本解决747万户现有城市低收入住房困难家庭的住房问题。其中2010年解决245万，2011年解决204万。计划一下子增加了一倍多，难度可想而知。这恰恰是一个老大难问题。此前全国人大常委会的调研表明，今年前8个月，我国保障性住房建设进度缓慢，前8个月保障房完成率不足1/4。一些地方由于配套资金不到位和征地、拆迁等前期工作准备不足，难以完成保障房建设计划。“约见地方主管城建的副市长，就在于让其明白推进保障性住房在协助调控房价、促进房地产市场健康发展中的重要性，虽难也要完成。”上述住建部内部人士表示。可谓推进保障性住房建设意在曲线调整房价。我要评论,4,7,0.9906538128852844
耶鲁大学教授：买房就能赚钱只是个幻觉访耶鲁大学教授罗伯特·席勒本报记者 胡金华 上海报道2008年金融危机席卷全球，美国地产业几乎崩溃，而中国的房地产却经受住了考验，并在2009年一线城市房价开始以不可思议的速度疯狂上涨。不久前，迪拜危机的爆发使得人们开始反思房地产泡沫的危险，而国务院常务会议也终于做出了抑制投机性购房的决定。近日，西方行为金融学创始人、耶鲁大学教授罗伯特·席勒在上海出席了由交大高级金融学院举办的EMBA论坛，在接受《华夏时报》记者采访时，席勒虽没有直接指出中国房地产市场的泡沫，但是他仍然委婉地表示，迪拜危机的出现，对于世界其他大城市出现的房价远超国际水平的情况，具有警示作用。《华夏时报》：最近迪拜爆发了房地产引发的偿债危机，但是目前中国的房价仍然在以不可思议的速度上涨，你是怎么看待中国的一线城市比如上海的房价的，是不是已经出现了泡沫？席勒：金融危机使全球很多国家的金融业和房地产业出现了急剧缩水的情形，经过各国政府的经济刺激，金融危机似乎渐渐远去，但是不久前发生的迪拜危机，仍然在提醒人们金融危机还没有真正消散。几年以前迪拜的人也问我，是不是有泡沫？我不太愿意直接说答案，现在，在这里我也不愿意这样直接回答。对我来说，这个问题是比较复杂的，因为迪拜是一个比较大胆的实验，它是一个已经不出石油的酋长国，试图把自己塑造成一个金融中心。今天我到上海，早前我也听说了上海的房价，基本上是一个普通人一年收入的一百倍，也就是说，他要工作一百年才能用他的全部收入买一套房子。你可能要问，既然这样，他为什么还要买这个房子？答案是他预期房价还会上升。人是有投机心理的，他觉得以后房子肯定还会涨，但是我觉得这肯定是非理性的。你们大家对于上海的了解肯定都要胜过我，我觉得上海比迪拜好很多，不是那种被沙漠包围的城市，对上海我还是很有信心的，当然我对上海的房价比较担忧，这点是毋庸置疑的。《华夏时报》：在中国或几乎所有其他国家，房产一直被认为是最保值和有投资价值的，面对中国高涨的房价，房子还是一个好的投资品吗？席勒：我刚才讲到了人的非理性，其实对于所有国家的人来说，这种非理性心理是时时存在的。大家都知道过去30年中国的经济发展突飞猛进，但是环境本身并没有太多的变化，真正使经济飞速发展的是人们的思路发生了变化。我编制过一份关于中美房价在过去一百年的变化指数，可以发现在过去一百年，其实中国和美国的房价都没有发生明显的变化，但是在最近十年或十五年，无论是美国还是中国，房价呈现出非常神奇的直线上升。当一个国家的房价出现快速上涨时，我觉得无论美国还是中国，理论上来讲买房子都应该不是一个很好的投资渠道，你应该去投资有生产能力的企业。房子买了之后它还要折旧，我有这样一个提议，大家可以去买一部新车，然后把它放在车库里，30年之后你就可以卖掉了，到那时就变成老爷车，你觉得这是一个很好的投资吗？肯定不是。在美国我们可以看看农田，你看农田现在不是越来越少了吗？投资农田回报应该很高。其实，在美国如果有人在1911年买了农田，到现在只涨了1%左右。如果是买股票会怎样？回报就高多了。所以，根据我对房地产的了解，长期来讲这不是一个值得投资的东西。当然短期内它会是一个很好的投资，不管到哪里买房都会赚钱，我觉得现在只是一个幻觉而已。《华夏时报》：中国的经济发展模式路径和日本很相似，有经济学家对这种经济模式担忧，担忧中国会不会出现日本那样的情形，在房地产泡沫破灭之后陷入失去的十年，对此你是怎么看的？席勒：1997年亚洲金融危机使日本经济陷入衰退，但我们看到，这一次自1929年以来最大的金融危机并没有对中国造成本质伤害，未来可能有一些不确定，但是我对中国的经济发展预测还是非常好的。1974年对日本是一个转折点，那年股市大崩盘对日本造成了很大影响，之后1997年金融危机和这次的次贷危机也影响到了日本，日本的最大转折点是股市和房地产市场双重泡沫破灭后，日本经济就再也没有起色了。很多人问，中国未来会不会像日本？我不想把日本的情况简单化了，我想说，日本的经济绕不开泡沫这个问题，而中国等其他国家也可能会面临泡沫的挑战，日本的例子对中国是一个启示，也是一个警醒。我要评论,4,5,0.7674753665924072
"遏制投机投资鼓励自住明年房贷政策不会急刹车 面对楼市的“疯狂”，监管层近期集中发力：12月9日召开的国务院常务会议决定，个人住房转让营业税征免时限由2年恢复到5年，而其他住房消费政策则继续实施。业内认为，此次，国务院常务会议明确将征免时限恢复至5年，这将对短期的炒房投机形成抑制。 12月14日，国务院常务工作会议提出“增加普通商品房供应，适当增加中低价位、中小套型商品房和公共租赁房的用地供应，提高土地供应和使用效率。在保证质量的前提下，加快普通商品房建设”。专家认为，本次会议明确提出的是“遏制”，与12月9日发改委主任张平还只是提到的“抑制投机性购房”，力度明显要大一些。 不过专家指出，这次房贷政策微调只是为了抑制投机投资性购房，对于自住和改善性购房，政策将继续支持，房贷政策明年不会急刹车。 另外，也有专家表示，大家应该仔细体会，这次虽然使用“遏制”这样的词语，但其对象却是“房价”的过快上涨，换句话说，房价稳中有涨也是可以的。因二手房而改变的生活 “这工作真忙啊！”晚上九点多，面对着一堆堆的贷款审批资料，中信银行信贷经理小王和同事一起发出感慨。 2009年的各项房贷政策中，二套房贷、房贷7折优惠利率以及刚刚出台的营业税减免这三项政策对二手房市场的影响最为显著，也着实影响了小王的生活。每一次政策出台，小王和他的同事们的“小忙高峰”也就到来了。 “一定要在2010年1月1日之前把所有递上来的单子都收尾，给买卖双方交个好差。”小王对记者表示。“今晚又不知道几点才可以下班回家。”他的声音中透着疲惫。 同样因为二手房而改变生活的还有江苏籍房产经纪顾问陈瑶。1985年出生的陈瑶在商人家庭长大，大学毕业后她便自己创业在北京某知名家居商场做起了家具生意。2008年的金融危机使得刚刚起步的家居生意赔本赚吆喝，一下子负债18万元。 2009年下半年，陈瑶看到了二手房市场的机会，于是摇身一变成了房产经纪人。“这个月我已经挣了3万多佣金了，去年欠的钱也快还完了。”临近年底回顾总结卖房经验，她对自己危机中敢于抓住机遇、适时调整很是得意。 陈瑶告诉记者，这个月3万元的利润都是她的一个客户为她“创造”的。“这个月我卖出了3套，他每套多给我1万的利润。”陈瑶说道，“那个客户自己在银行工作，觉得市场已经到了最高点了。” “接下来的房子就没那么好卖了，二套房、税费优惠政策取消后，我得想想明年有哪些机会可以赚钱。”陈瑶说道。追涨心态使得交易激增 11月，北京二手房住宅网签总量冲破了3万套关口，已激增至31288套，环比涨幅高达56.35%，创网签以来最高纪录。 上海、深圳的二手房也出现“末班车效应”。11月份，上海二手房成交量环比上升18%， 均价上涨1.8%。而根据深圳市规划国土委统计，11月，全市成交二手房16666套，成交面积约为148万平方米。不仅超过今年7月份峰值，同时也高过2007年的最高峰，成交量再创历史新高。 亚豪机构房地产分析师郭毅表示，如此旺盛的需求一方面是相关优惠政策的收紧，另一方面是因为购房人追涨心态导致的。 营业税减免终止将使得5年内二手房的房源交易成本上升4倍，这将明显地抑制投资，炒作楼市将很难有利可图，而自住需求可以通过购买5年以上房源以及商品房释放需求。 伟嘉安捷表示：2009年营业税政策由“5年”大限改成“2年”，对于购买2005－2007年二手次新房的购房人来说确实起到了较大的促进作用。当然，营业税征收门槛再恢复到原来的“5年”，影响最大的也是这部分房产。政策不会急刹车 虽然日前的迪拜危机让楼市泡沫再次成为敏感话题。多数地产专家认为，中国楼市泡沫存在已经成为不争的事实。中国房地产及住宅研究会副会长顾云昌认为：目前的楼市需求太旺，整个市场供不应求，房价不可能下降。其次，开发商没有降价的压力。楼市销售快速回暖，开发商资金已经回收，“不差钱”的开发商没有必要像2008年那样降价销售。 中银国际认为：二套房贷政策是房地产调控政策中最重要、见效最快的手段,对抑制投资投机性购房的作用最明显。市场估计,明年银监会将进一步收紧业界对二套房的审核标准,减少投资需求;亦有传言将针对大户型及高档房的物业税,明年将加快推出,并极可能在部分城市试点实行,中央也可能紧缩外资投资楼市政策。 地产分析师郭毅亦表示：房价在2010年还是会处于上涨趋势，政府对房地产市场不会采取急刹车的方式，因为房地产行业与太多产业联系紧密，急刹车会带来不利影响。政府必定希望房产可以拉动投资也带动消费，通过多层手段综合发力。 “我们银行房贷政策如何执行，那还得看银监会和央行的文件。”某股份制银行消费金融中心副总对记者表示。 “七折优惠利率是否还可以享受，我个人认为是老人老办法，新人新办法。但是央行加息以后，利率基数上涨还是会增加购房人成本的。”某城市商业银行市场部赵先生告诉记者。 “明年的房贷政策，我们还没有相关消息出来。”中信银行小王说道。“但是现在我们银行还是很前卫，不见有收紧的迹象。客户交上来的审批资料一般都可以通过。”（朱湘莲/文） 我要评论",4,1,0.6447791457176208
"买地首付五成可能反助房价上涨 提要：中国社科院研究员杨重光认为,此举类似于提高买房的首付比例,会加大购买方的资金压力。清华大学房地产研究所的特聘教授,北京科技大学博导赵晓12月18日出席中国指数研究院发布会时,接受了本报记者的专访。贷款监管更加严格、购买土地门槛更高,房价真会下降?12月17日,财政部、国土部等五部委出台《进一步加强土地出让收支管理的通知》,明确要求开发商今后拿地时,首次缴款比例不得低于全部土地出让款的50%。中国社科院研究员杨重光认为,此举类似于提高买房的首付比例,会加大购买方的资金压力。相比此前企业在拿地后付款环节的宽松要求,此后政策上将有所收紧。清华大学房地产研究所的特聘教授,北京科技大学博导赵晓12月18日出席中国指数研究院发布会时,接受了本报记者的专访。他预计,在2010年世界经济增长预期将达3.1%,以及双宽松的政策继续的情况下,明年房地产价格会从今年急剧上涨转为温和上涨。《21世纪》:现在财政部又提高了土地出让款的首付,有人说是为了压一压房价,真的有效果吗?赵晓:我个人认为有可能是适得其反。把开发商的资金限制了,从而间接的限制了土地的供应,没有资金如何拿地?这样房地产的供应就会减少,需求不变,供应减少,房价就会继续高涨。扬汤止沸的结果是让它更加沸腾。所有限制供应的,不论是直接限制土地供应,还是通过限制资金来限制土地供应的,对房价都会助长。我认为只有以下三种政策是有效控制房价的,第一个是加大供给,包括加大土地供给以及住房供给。其二是进行结构性调整,加大中低价房的供给,这样也会平抑市场价格。第三个就是降需求。只有这三个方向的政策是对的,非这三个方向的政策都是错的。《21世纪》:那地产商的融资出路在哪里?像今年很多地产开发商到香港上市融资?也听说有些发展商到境外比如澳大利亚买地。另外你怎么看房地产REITS?赵晓:在境外融资或者买地都会遇到一个问题,就是怎么把钱拿出去和拿进来的问题。因为我国是有外汇管制的。但是,还是有机会。有很多变通的方式,有利润空间。但在外汇管制下,不会太便利,境外很容易获得非常低廉的资金,但要进入国内都有点难度。REITS肯定是愿意做的,现在已经批了可以试点,但没有真正做起来,听说是因为税收方面的原因,理论上来说是非常有前景的。我要评论",4,1,0.6389398574829102
朝鲜拟建10万套高级住宅 居民可免费入住中新网12月22日电据韩国《朝鲜日报》报道，朝鲜每月发行的画报《朝鲜》12月20日介绍了平壤万寿台街的重建公寓园区计划。万寿台街位于平壤中心地带(中区)，泛指万寿台议事堂周边地区。朝鲜根据国防委员长金正日的指示，目前正在推进到2012年在平壤新建10万套住宅的项目，而万寿台街重建项目就是其中一环。在去年七月之前，万寿台街还是5层以下的旧公寓园区(600多户)，但是最近已经蜕变成6到18层的新型公寓园区(800多户)。虽然住户数量没有大幅增加，但每户的居住面积却扩大到100平方米以上。从朝鲜公开的公寓内部照片看，内设西式洗手盆、浴盆和阳台等设施，同韩国公寓没有太大区别。另外，阳台上还特别设置了存放泡菜缸的仓库，可谓是别具特色。金正日在工程竣工之后表示：“这是反映党的构想和意图的最高级现代住宅。”朝鲜称，现有居民和新入住的居民都是免费获得了新住宅。(本文来源：中国新闻网)我要评论,4,7,0.9981970191001892
赶搭优惠末班车须谨慎 购房优惠水分有多少 提要：7折利率优惠对较长贷款年限的购房人无实际意义，仅对短贷款年限者有效。汤先生由此得到结论：对首次购买一手普通房的贷款年限较长者来说，小额契税优惠是2008年房产新政唯一真实存在的优惠。被称为民间地产评论员的时寒冰愤怒地说，“现在的房地产市场已经成为一个巨大的传销场所”，地方政府、开发商、银行和中介机构经过多层炒作传导，共同造就了房市的虚假繁荣，而居于这座金字塔底层的购房人，成为最终的接手人和受害者。就拿所谓的房产新政来说，有谁知道它给购房人带来的优惠到底有多大？为什么简单的真相总是在有意无意中被掩盖和夸大？还息算账看长期正值2008房产新政出台一周年之际，因为部分优惠政策将在2009年末到期，劝导购房人赶搭末班车的声音不绝于耳，几乎千篇一律的说法是那么大的优惠眼看就要取消了，过了这个村可就没了这个店。对此，了解一些真相的汤先生觉得有话要说。汤先生是在今年夏天被婚姻逼着走进房市的，自知所知甚少，他专门请教了某银行个贷部的一位房贷专家。该房贷专家一番讲解下来，让汤先生切实感受到了房产优惠政策的好，以贷款60万元20年计，前后节省的费用总额竟达近20万元。备受鼓舞的汤先生在一个月内辛苦找好了房子，只是在签最后的房贷合同时，细心的汤先生发现自己被忽悠了。虽说在这个时点购房是否吃了大亏还为时尚早，但心里咂摸着总不是那个味儿。请看汤先生被节省出来的近20万元是如何算出来的。障眼法：降息利好10.71万元该房贷专家告诉汤先生，当前5年以上的房贷利率为5.94%，处于多年来的最低水平（按：自1997年来，仅高于2002年2月21日～2004年10月29日执行的5.76％的同档次利率），再次下降的空间几乎没有。在这个时候入市“抄底”，可以节约大笔的利息支出。如表1所示，以贷款60万元20年为例，可节省利息10.71万元。表1 贷款60万元20年，当前利率和房产新政前利率等额本息法还款对比利率 月供（元） 总利息额（元）新政前基准利率 7.20% 4724.10 533782.99当前基准利率 5.94% 4277.84 426682.47差额 1.26% 446.26 107100.52签约前的一个偶然机会，汤先生看到了本刊2008年第12期刊登的《勿夸大降息对房贷的利好》一文，才发现被该房贷专家偷换了概念，把当前只能持续较短时间的低利率用在了整个20年的房贷期内。实际上，低利率通道通常不超过3年，房贷利率几乎每年都会随之做出调整。在长达数十年的贷款期内，有低息期必然有高息期，当前降息对贷款时间较长的购房人来说是没有任何意义的，只对贷款期限很短的购房人有利（如3年以内）。更为严重的是，不少人是按照当前的利率水平来测算自己的购房能力，如果在低息期购买的房子正好处在承受能力边缘，一旦利率反转进入上升通道，这部分人就有可能出现断供现象。要知道，1997年10月23日～1998年3月25日我国的5年以上贷款利率曾高达10.53%，按表1所示的情况计算，月供额达6002.38元，整整每月高出1724.54元！结论：降息对较长贷款年限的购房人无实际意义，仅对短贷款年限者有效。移花接木术：7折利率优惠6.97万元汤先生从该房贷专家那里了解到，根据2008年底的房产新政，像他这样购买第一套普通房的情况，可以享受7折利率的优惠，而此前的最低优惠利率仅为85折，这又可以节约一笔不菲的支出。如表2所示，以贷款60万元20年为例，可节省利息6.97万元。表2 贷款60万元20年，85折和7折优惠利率等额本息法还款对比利率 月供（元） 总利息额（元）7折优惠利率 4.158% 3686.03 284646.9785折优惠利率 5.05% 3976.33 354318.20差额 0.89% 290.30 69671.237折优惠利率的期限有多长？各银行和中介机构都没有明确说明。不少购房人想当然地认为，即使房贷基准利率会根据市场情况做出改变，但无论怎么变，只要7折优惠利率一日到手，在房贷的全过程必然都是7折，表2所示的计算方法也做出了如是暗示。然而真的如此吗？在阅读房贷合同时汤先生注意到了这个问题，经再三追问，贷款银行的业务经理不得不表示，一旦国家信贷政策随着市场条件发生重大变化，这个7折优惠利率也是“可能”发生变化的。但他同时表示，汤先生既然已获得了7折利率优惠，表明他有着良好的资质，无论利率如何调整，汤先生仍将获得最优惠的利率折扣。该业务经理解释说，7折毕竟是个历史新低的优惠水平，从85折到7折很正常，将来是否会从7折回到85折，“我们也说不好，所以客户不问，我们也不会多说。”汤先生对这样的解释很不满意。进一步咨询了有关业内人士后明确得知，房贷合同上标明的只是当年的利率，在每年1月份，银行会根据新的情况对利率实施调整，包括对利率优惠的调整，一般会在2月份实施新的标准。汤先生很生气，但购房手续已到最后关头，想想前期的大量努力，只好无奈签字。7折优惠利率对汤先生的影响有多大？除了它是最低优惠利率之外，并没有任何实际意义，而按照汤先生的资质状况，在任何市场条件下均可申请到最低优惠利率。结论：7折利率优惠对较长贷款年限的购房人无实际意义，仅对短贷款年限者有效。乾坤大挪移：契税优惠2万元该房贷专家指出，根据2008年底的房产新政，首次购买90平米以下住房契税由原3%～5%统一降低到1%，从低优惠2%计算，汤先生100万元的总房价，可节省契税2万元。然而事实上，在房产新政实施前，北京市个人购买普通住宅，长期实施在3％的税率基础上减半征收契税，即按1.5%征收，房贷新政对汤先生契税的实际优惠仅为5000元。相对于总房价来说就微不足道了。结论：契税优惠确实存在，但额度很小。汤先生由此得到结论：对首次购买一手普通房的贷款年限较长者来说，小额契税优惠是2008年房产新政唯一真实存在的优惠。记者手记赶搭房产优惠末班车是近期市场热炒的一个话题。汤先生的事例表明，房地产的某些真相只有在偶然中才能被发现。如果把购房过程比作恋爱，我们听到女孩儿对男孩儿说：“我不要短暂的温存，只要你一世的陪伴。”不幸的是，我们也看到了男孩儿总想把短暂的温存说成是一世的陪伴，正如某房贷专家将房产新政对购房人的影响扩大到20年一样。先不论10.71万元与6.97万元能否直接相加，对大多数购房人来说，作为短期政策的房产新政的影响是微乎其微的。决定购房与否的因素只有两个：一是建立在支付能力之上的实际需求，这是唯一内部决定因素；二是现实房价，这是唯一外部影响因素。除了澄清基本事实外，我们还要找出那些真正受房产优惠政策影响较大的人。主要有两类，一是短期限贷款者，从本文可见端倪；二是二手房贷者，将在下文做出分析说明。同时，在宽松的房贷政策下，二套房购买者也可以钻空子享受到事实上的优惠，这是难以避免的。(来源：大众理财)我要评论,4,1,0.6472331285476685
"香港诞生天价新铺王 尖沙咀两铺位8.43亿创新高中新网12月22日电 据香港《文汇报》报道，正当大家对天价楼王还议论纷纷之际，香港又诞生天价新铺王，英皇国际(163)昨日以?价69.55万元，购入自由行客人流极旺的尖沙咀广东道6号及8号两个相连铺位，实用面积共1212?，总价8.43亿元，成为全港最高成交?价的新铺王。报道称，消息人士表示，尖沙咀新铺王原由本地一名实业家族持有，今次为英皇国际与业主直接交易，主要是该业主同时拥有广东道6号及8号两个相连铺位，实用面积约1,212?，建筑面积约1,400?，现时均租予英皇珠宝。此前，香港最贵?价的商铺是2006年3月成交的旺角星际城市地下13号铺，面积40?，?价51.5万元。我要评论",4,7,0.5069146752357483
住建部官员陈淮：老百姓望房兴叹是真实谎言建设部政策研究中心主任、中国城乡建设经济研究所所长陈淮博士，于今日下午举行第五届环渤海钢铁市场论坛上表示，在过去十年里，中国城镇建了将近80亿平方米的住房资源，卖了将近7000万套商品房。即便在城镇人口大幅度增加的基础上，到08年末中国城镇居民有6.07亿人，这比1980年的1.9亿人翻了三倍还多。即便如此也不过两亿个家庭，如果按7000万套算，我们在过去十年已经有35%的家庭买了新房，还不算二次购买。因此，我认为老百姓望房兴叹是一个真实的谎言。以下是演讲全文：我非常感谢主持人的介绍，但我不得不说，老百姓望房兴叹这是一个真实的谎言。为什么这么说呢？30年前中国老百姓穷得吃不上饭，20年前中国老百姓穷得看不上彩电，今天中国的老百姓都穷得买不起房了。这是不是事实？我们在过去十年里中国城镇建了将近80亿平方米的住房资源。过去10年我们卖了将近7000万套商品房。即便在城镇人口大幅度增加的基础上，到08年末中国城镇居民有6.07亿人，这比1980年的1.9亿人翻了三倍还有。即便如此也不过两亿个家庭，如果按7000万套算，我们在过去十年已经有35%的家庭买了新房，还不算二次购买。未来十年的住房建设规模决不会小于过去十年，是这样的含义。但是老百姓希望有更好、更多、更大的房子，我们希望从大多数人有房子住，一直到所有人都有房子住，有房子的人希望有进一步的改善，这个需求是客观确实存在的。这是我想说的这样一个含义。会议让我预测2010年投资规模，如果是这样话题，你肯定请错人了，应该请发改委管。在房子这件事上，土地问题归国土资源部管。税收问题归财政部管，金融问题归央行管，投资归发改委管。所以我回答不了大家明年投资会有多大这个问题。但并不一定等于投资规模大钢铁就用得多，投资规模不大钢铁就用得不多。我今天不讲这个主题，但可以跟大家说，在过去三个月我们受领导委托调查了8个省，每个省区四个县，每个县要去10个以上的自然村调查农村危旧房改造、村庄整治。我们发现今年和去年，每年国家只拿出40个亿来用于支援农民危旧房改造就极大地调动了农民盖房、建房的积极性。我们调查了320个自然村，从东北的黑龙江一直到江西、到湖南、到安徽、到四川的建房用钢量，我们的研究中心副主任主持了这个课题，一栋房子大概是1.5到2吨钢。国家给我一成的钱，我自己出八成到九成中国农民也会拼命地盖新房。因此农村的住房改造是如火如荼的。我们说明年的经济形势以及房地产市场的发展有哪些基本的判断。我刚才答应赵晓博士，讲到四点钟左右。过去一年多来，全世界活着的人谁都没见过的金融危机猝然骤临世界金融体系。到今天我们坐在这儿召开这个大会的时候，这么多的来宾回顾这一年多来全世界、全中国钢铁市场和钢铁市场相关的上下游市场的问题的时候，判断一下中国在金融危机下是什么样的位置？什么样的形势？什么样的对策？先说中国为什么需要钢铁？有人说那还用说啊？用说、太值得说了。这么说吧，因为中国处在工业化的历史过程中，在工业化阶段上，我们的任务是用机器取代人工劳动，取代人力、畜力，我们从1958年打算炼钢开始，让老百姓把家里的锅都拿出去炼钢，我们把国民经济祸害一大通，走了整整八年的弯路，三年跃进五年调整。我们当年不过打算炼1070万吨钢，而我们2008年就炼了5亿吨钢，这是什么样的差距？为什么中国需要5亿吨钢呢？因为我们处在一个用机器取代手工劳动的过程。因为我们正在建设城市，因为老百姓正在要求住好房子，因为轿车要进家庭。我们对城市化的历史进程曾经多次严重估计不足。2000年中国炼1.2亿吨钢，那时候我们已经很欢欣鼓舞了。我们自己也没有想到的是仅仅过了三年，2003年中国的钢产量翻一番，2.4亿吨。于是就不知道多少人给中央领导写信说过热了、过剩了，赶快压缩钢铁工业吧。我们自己也同样没有料到，到07年2.4亿吨再翻一番，4.8亿吨。这个市场怎么样来的？我要评论但是今后的建设，明年是2010年，这一年与09年及此前有什么不同？我们可以这样概括，我们已经解决了大多数人有房子住这个问题，所以刚才我不好意思地对主持人的话做了纠正，我们不是将要或者是怎么样，我们已经解决城镇大多数居民有房子住的问题，不是85%的老百姓都住马路上。85%的老百姓已经拥有了自己有产权的房子。85%的城镇老百姓已经拥有了自己有产权的房子。但这不够，这是万里长征第一步。为什么呢？我们还需要解决所有人都有房子住的问题。这就和钢铁和投资挂钩了。在07年末我们提出了扩大廉租房保障范围，要实现应保尽保，08年在保增长的目标下，在四万亿投资中拿出9000亿用于廉租房建设，分三年。今年的保障房建设建设75套，中央经济工作会议把这个目标进一步调整为1540万套。先说，住房从大多数人有房子住，甭管远近、配套状况如何，我们现在的目标是100%有房子住，要解决这个任务我们正在快马加鞭，明年不是缩减而是加快。这是第一个住房建设的问题。第二个住房建设的问题是我们处在一个改善期大多数的老百姓有房子住是不是就此这些人就已经解决了问题了呢？没有。几乎家家都需要重新再解决一次。注意，我说的是有房子住的老百姓也进入需要重新解决一次的年代了。我们的前二十余年中仅仅让老百姓的住房走出了脱困阶段。我给大家一组数字，1990年中国的城镇实有住房资源总量，不算学校、医院、政府办公楼、五星级宾馆，大型体育场馆，20亿平方米。08年末实有城镇住房面积124亿平方米。是1990年的6倍。我们建的房够多、够快吧，但即便124亿平方米，除以6亿城镇人口，人均才不过20平米，08年末户均2.8人，中国整体城镇居民居住水平才不过60平米。60平米是07年末国务院24号文件规定的经济适用房的意思，是一个满足基本住房需求的标准。我们要奔着小康，得让人民住上有通俗保障性的住房。我们目前的标准是有一定的配套条件，但是没有改善性的功能。什么叫改善性的功能，大小得有一个厅，有一定的公共活动空间。人家港台电视剧、韩国电视剧里婆媳打架三角恋都得有一个厅。厅的要求不过分吧，人到中年不管念书不念书是不是应该有一个书房啊？太太整天持家劳作需要有一个8到10平米的健身空间行不行？这要求过分吗？现在不是有身份的都在屋里骑自行车，没身份的才在外面骑自行车吧。卫生间不光有马桶还要有化妆、洗澡的地方这才真正叫卫生间而不叫厕所。所有这些功能是改善性功能是必要的。我们脱困以后，我们的住房建设正在走入改善期，而改善的不是一个两个，是几乎中间阶层的大多数阶层，家家都在这个阶段。所以，从09年以来，特别是今年末的中央经济工作会议坚持讲，明年要加大商品房供给。大家注意，不是缩小是加大。第二句“继续支持自住和改善性的需求”。诸位想想，一个农民都不在往城里面搬，现有的城镇居民要达到90平方米户居，90平米才能达到初步具备的改善性功能，我们就得在现有基础上再盖50%的房子。我们没有理由认为明年的住房规模会缩减。第三，中央经济工作会议又说了“明年重点发展中小城镇”，这句话很厉害，你别以为这句话无足轻重。我们在过去十年，有一个不得以的选择，因为北京开奥运会要把北京建成能够召开世界级奥运盛会的城市那不是一句话、两句话可以解决的，基础设施的完善、公用设施的建设，道路交通疏导、住房建设一大堆，若干年过去了。上海要开世博会，若干年过去了。因此过去十年，我们的城市建设和住房建设中着重改进了沿海特大城市。但现在我们发现了一个很重要的缺陷，这些年轻小白领说，望房兴叹，和今年年初由于世界金融危机导致三千万农民工返乡，这两件事有没有联系呢？有一个重要的联系。他们都处于同一个原因，什么原因呢？沿海特大城市发展过程中中小城镇没有发展起来。全世界所有的特大城市中都有一个解不开的两难，东京、纽约、伦敦、巴黎都解不开。要么是奇贵无比的房价，要么是奇远无比的距离。怎么解决这个矛盾呢？全世界用两个办法，第一个是和钢铁又有关系了，中国正在大规模推进的，一个月前发改委宣布的，我们有22个城市在挖地铁，光城市挖地铁仅仅是第一层次，我们还要建设城际快速铁路交通网，我们还要把京津冀、华北、华东连接起来，这几件事在一定程度上缓解了两难。但光有这个还不行，根本的治本的办法是建设中小城镇。我们发现一个问题，农民工进城沿海发达城市已经装不下了，要么去沿海等大中城市，要么回穷山沟，中间没有可以依托的中小城市。所以中央经济工作会议特别强调，2010年起城市建设的重点是中小城市和小城镇发展。这一条又给我们不知道开拓了多大的空间。最后一条我刚才已经说到了，我们已经在准备迎接一个农民工进城的时代。这个农民工进城的时代准确地说不是以农民工的身份进城，是以新城市人口的身份进到城市里来的时代。务必听好我刚才说的这层意思。中央经济工作会议是对2010年短期经济发展的部署，但这一条是十二五规划和未来20年城镇规划都非常重要的事——适度放开户籍管理，有条件的地方要鼓励帮助农业人口到城市中就业和落户作为城镇化这件事的重要任务。前十年依靠农民工群体帮城里人建了北京、城市、住房。今后和更长一段时间，我们需要依靠从农村而来的新城市居民，为他们自己建城市和住房的时代。因此，我认为不论从绝对需求看还是明年的信贷规模看，明年住房建设的总规模只能是在今年基础上进一步扩张和发展，我看不出有任何理由明年会少建、不建房子，只不过他们的空间分布、档次分布、市场需求对象的结构都会有一定的变化而已。以上简要地说一下粗浅的看法，仅供大家参考。谢谢大家！我要评论是城市化的进程造成的，工业化的历史造成的。一方面中国的工业化真的取得了前所未有的历史成就，不仅钢铁工业，09年中国汽车产销突破1300万辆，与此同时也极大地拉动了中国金属材料的需求。我们原指望2015年中国的汽车产量销售第一，2012年销售突破1000万辆。我们自己都没有料到，面对金融危机的09年中国的汽车销量超过了1300万辆。中国的工业化真的是取得了世所公认、前所未有的成就。但大家千万别高估中国工业化的成就，我们用机器取代手工劳动的过程也不过刚刚走到了用农用车小四轮取代了人力、畜力、人背肩扛的过程。农民不赶马车进城不过是恍如昨日的事，我们不要高估中国工业化的发展水平。但就是农用车、小四轮的物质基础，令我们吃惊地发现、百思不得一解地发现，那个现代化的美国那艘航空母舰，正哭着喊着等着中国的小四轮去救它呢。你打哪儿看出美国的航空母舰等咱们去救它呢？大家听说过一组数字吗？从去年末以来中国就已经是美国政府的最大债权人。从今年7月以来我们持有的美国国债的规模8000亿美金。我们借给美国政府的钱8000亿美金，还不算通过持有两房债券借给美国老百姓的另4000亿。8000亿美金是什么含义呢？是5.4到5.5万亿人民币。去年金融危机以来，全世界的政府都强力地刺激经济，出台了前所未有的财政政策、货币政策。大家津津乐道于今年的经济增长受惠于积极的财政政策——四万亿。我们刺激咱们家经济一共需要四万亿，而且是分三年投入，咱们借给美国他们家，刺激他们家的经济是5.4万亿。比刺激咱们家经济需要的钱还多35%。就这美国那钢铁工业也没拉动起来。是不是美国那航母等着咱们中国人去救呢？这是一方面。还有另一重形势，我们把这么多钱借给美国人，让我们想不明白的是怎么一眨眼的工夫，我们最大的发展中国家成了黄世仁了，美国成了杨白劳了，我们真体会到“黄世仁不容易”。但这还不是最奇怪的，最奇怪的是进入21世纪以来，世界金融危机爆发以来，特别是今年后半年以来，我们忽然发现全世界的人都对咱们中国人有意见，而且意见还不小，不管大国、小国、穷国、富国，远的、近的都对咱们有意见，嫌咱们卖给他们的东西卖得太便宜，没找他多要钱他郁闷。就有了一个叫国际贸易保护主义的东西，天天这个国家说对中国反倾销，那个国家说抵制中国货，那个国家说闹贸易摩擦。也就是说历史没给我们留下时间意义上的选择，我们现在只能凭借农用车小四轮的物质基础在这场金融危机及之后就得和那些最现代化的美国航母、发达国家直接地面对面地竞争了。这一年多来，大家注意到的关于铁矿石的谈判久拖不下，反反复复，以及贸易保护的诸多问题，其实都是新一轮竞争的外在表现。如果说中国在年末年初交接有什么形势呢？你忘不了了，你就记住专修美国航母这画就把形势记住了。一方面我们的确在世界形势中有了前所未有的主动权、影响力、发言权。另一方面我们面对着新的前所未有的挑战、危机和竞争。这件事和房子建设有关系吗？太有关系了。我们注意没注意到在过去一年多来，全世界的政府出台强力的救市政策，但是我们一打听好像美国从布什到奥巴马跟国会左一个7000亿、右一个8000亿，美联储夜以继日地印钞票，没有看到他们上项目。那钱都干吗了？财政资源货币资源都交了医疗费了。中国也实施了积极的财政政策和相对宽松的货币政策，咱们家的政策资源干什么了？实实在在地给咱们家添产置业了，投到了铁、公、基上了，投到了廉租房、保障房的建设上，当他们家的钱仅仅把这个人从最后一口气救回来，而咱们家买了新房、建了新地，明年的竞争中谁更有潜力？我们有什么理由怀疑中国明年的增长和钢铁需求会受到更严重的挑战？我们之所以能够在金融危机中率先保住了经济增长还惠及了民生，还有了市场方面的高度亮点，就因为中国有了城市化和住房建设的历史需求。中国人走到今天，拜托依赖于诸位和房地产业，我们正在完成一个惠及子孙、功彪历史的事业。我们正在长驱直入、快马加鞭地进入城市文明、工业文明、机器文明的时代。我们正在完成大多数人从住乡下到大多数人住城里的过程，这个过程叫城市化。我们明白了一件事，感情不是越多的人种地打粮越多，几千万知识青年到农村去打的粮食不够吃，农业学大寨打的粮食不够吃。现在我们一亿多农民工进城务工，中央经济工作会议特意提出要在2010年把农业人口到城镇就业和落户作为城镇化的重要任务，原文若此。我们打的粮食吃不了。06年中国产了4.97亿吨粮食。07年我们产5.07亿吨粮食，08年我们破天荒地产5.29亿吨粮食。09年没有意外已经没有悬念了，我们的粮食总产量在去年的基础上还将增产。那么下一个任务已经不需要猜了，继续在原有趋势上、在奥运会基础上加大规模、加快速度地建设城市、建设基础设施、建设住房。我要评论,4,7,0.8601617813110352
"房贷收紧预期挫伤楼市股市信心南方日报记者卢轶黄倩蔚日前有媒体报道称相关部门已制定调控政策,其中不但明确要求各大商业银行严格制定二套房贷利率,而且同时将二套房及多套房的商业贷款首付比例提高至50%。虽然该消息经过多方求证未获证实,但二套房贷收紧的预期还是对市场心理层面产生了很大的影响,不少专家和机构均建议投资者短期应维持谨慎态度。首付提至50%未获证实昨日,针对“二套房及多套房的商业贷款首付比例明年将提高到50%”的传闻,记者多方求证。包括四大行和交行、招行、深发展、广发在内的各大银行相关信贷部负责人均已表示没有收到这样的通知,也没有听说此消息,目前仍严格按照相关规定执行二套房贷利率。此外,央行相关负责人也向媒体表示,不是央行发布的消息,对此不予评论。上海、广东银监局也表示没有收到相关的通知。合富辉煌首席市场分析师黎文江认为,中央既然明确要支持改善性的购房需求,那就不会轻易收紧二套房贷的优惠。“差别化的信贷政策”应该主要针对的是多套购房者,不排除提高首付和上浮利率的可能,具体如何区分改善性需求和投资投机行为,还有待具体细则出台。当然,虽然该消息未被证实,其实也是空穴来风。12月14日发布的“国四条”当中,就有“继续支持居民自住和改善型住房消费,抑制投资投机性购房。加大差别化信贷政策执行力度,切实防范各类住房按揭贷款风险”的表述。市场广泛将“差别化的信贷政策”解读为二套房贷政策即将收紧的信号。此外,近半个月来政策调整频密,二手房营业税优惠取消,国务院常务会议高调讨论遏制部分城市房价过快上涨,开发商拿地的首付也将提高到50%以上。按照中央经济工作会议“继续综合运用土地、金融、税收等手段,加强和改善对房地产市场的调控”的表述,除了已出的政策,中央手中剩下能够出台的、能对楼市调控起到关键作用的政策主要还剩下二套房贷政策和物业税。黎文江表示,物业税相当于悬在楼市头上的一把“达摩克利斯之剑”,而且物业税的出台可能会对楼市造成很大的利空,中央不会轻易祭出。因此当现有的调控政策不能起到理想的作用时,中央就很可能会动用到二套房贷政策。楼市股市均受影响正如一位业内人士所说:“二套房贷政策应该会逐渐收紧,至于什么时候会动作,目前还不得而知”。这种预期也对市场心理层面产生了很大的影响。多份报告显示,跟前段时间由于担心优惠政策取消而集中成交的情况相比,上周过半城市成交量已开始出现下跌。在中国指数研究院监测的32个城市中,楼市成交面积环比上升的城市有13个,未达总城市数量的一半。在成交面积环比下跌的19个城市中,舟山、哈尔滨环比跌幅超过30%,北京跌幅也达到24.27%,杭州环比跌幅20.62%,上海、成都、重庆跌幅均在10%以内。中银国际报告也显示,在其监测的13个二、三线城市中,有8个城市成交量下跌。这种影响在股市更加明显。自从12月份以来,由于调控政策的密集出台,地产板块经历了10天的大跌。数据显示,自从12月初到目前,地产板块的整体区间跌幅已经达到14.24%,远远高于同期上证指数4.53%的下跌幅度。昨日,经过周一的小幅反弹后,受“二套房及多套房的商业贷款首付比例明年将提高到50%”的传闻影响,地产板块昨日又领跌大盘。截止收盘,地产股整体下跌4.16%,在23个子行业中跌幅仅次于有色金属和采掘业。某券商分析人士坦言,虽然对于过高的房价上涨速度,分析师们对于政策出台早有准备,但是近期政策出台的节奏和力度还是超出了此前的预期。针对这种政策调控的不确定性,不少专家和机构均建议投资者短期应维持谨慎态度。不过,有业内人士表示,中央经济工作会议已经明确将保持宏观政策的连续性和稳定性,并支持居民自住和改善性购房需求,因此相信近期调控仍将处于“微调”阶段。■小调查广州二套房贷年末更松了昨日,记者以客户身份到广州市各银行网点进行了调查,发现目前广州各大银行对二套房贷利率都比前一段时间更为放松。其中,建设银行一市内网点个贷部客户经理对记者表示,目前还是按原来的标准。“现在我们这里申请第二套房贷款,仍然只需首付三成,利率可以下浮30%。此外,如果客户选择利率下浮20%的话,首付可以只需两成。”记者询问享受打折优惠是否需要符合什么优质客户条件时,该客户经理表示“我们没有那么复杂的,只要审批过关,都可以享受这样的利率优惠。”该人士还透露目前房贷并不紧张,申请也较容易获批。记者同时还向工行、中行咨询,情况基本相似,二套房贷的首付各银行都仍然最多只需要三成,只是利率的折扣有所不同,有些银行会打8折或者7.8折,但优惠仍然普遍存在。而股份制银行方面,情况也较为松动。其中,招行的一家网点个贷部相关人士表示,购买第二套房时,只要前一套房子贷款还清了,就可以获得二套房贷7折利率的优惠,而且首付只需要两成。该人士认为,5成首付是不太可能的事情。我要评论",4,1,0.7050029039382935
"住建部人士澄清新政误解 抑制投机非一刀切打压 本报记者 郑盎 北京报道12月9日，国务院会议决定，2010年个人住房转让营业税免征时限由2年恢复到5年。调控楼市大幕正式开启，市场预计更多政策会鱼贯而出。12月17日，五部委联合下发《关于进一步加强土地出让收支管理的通知》，将开发商拿地的首付款比例提高到了50%。这一政策严卡开发商资金链，地产界突然感觉，这个冬天特别冷。12月23日，营业税细则公布，对于普通住宅和非普通住宅进行了严格的区分。这让部分炒房者大松了一口气：“楼市调控好像也没有那么狠嘛！”同一天，国土资源部通报了9个省18宗房地产开发土地闲置情况，督促各地方政府及国土资源部门进一步落实闲置土地处置有关政策。仔细分析，政策都是此前已有的，毫无新意。楼市调控到底是松还是紧？有多紧？宛如一场迷雾蔓延开来。12月24日，一位住建部人士在接受《华夏时报》记者采访时表示，市场上对于要全面打压楼市的看法实际上有误解，现在只是在调整，不会全面打压楼市，不会搞一刀切。未来的政策重点依然是增加供应、完善保障、抑制投机。“谁都不希望楼市大动。”上述人士强调。中国房地产与住宅研究会副会长顾云昌也认为，虽然最近楼市政策比较频繁，但楼市政策不会全面调头，支持自住需求，改善需求方向并没有变。调控高压？中央定调楼市调控方向后，系列政策果然鱼贯而出。12月23日，财政部、国家税务总局正式公布营业税细则规定：“各地要严格清理与房地产有关的越权减免税，对清理出来的问题，要立即予以纠正。”“这就是给地方脸色，希望地方在楼市调控上不要抢跑。”上海的一位分析师就此表示。同一天，国土资源部通报9省闲置土地情况。不仅如此，土地部门增加供给的决心亦非常明显。据悉，国土部还将采取多项措施打击囤地：一是进一步规范土地供应行为。完善土地出让合同和划拨决定书，对土地规模、出让金缴纳、受让人条件、开竣工申报、违约责任等进一步作出明确约定。二是进一步加大土地开发利用监管力度，落实监管责任。第三，会进一步加强监督检查。督促各地严格落实闲置土地处置政策，及时处置闲置土地。本报记者获悉，国土部最近还会与证监会等部门联动，共同打击土地投机。本报记者同时获悉，建设部最近也会出重拳抑制投机，目前直指“囤房、炒房”。顾云昌强调，好政策还需真执行。我国楼市调控不缺政策，而缺乏执行力度。这需要地方政府下决心、用重拳。而调控的难点，就是中央和地方的博弈，对此，主管部门似乎已经找到了方法。松紧迷雾上述营业税细则称，自2010年1月1日起，个人将购买不足5年的非普通住房对外销售的，全额征收营业税；个人将购买超过5年（含5年）的非普通住房或者不足5年的普通住房对外销售的，按照其销售收入减去购买房屋的价款后的差额征收营业税；个人将购买超过5年（含5年）的普通住房对外销售的，免征营业税。亚豪机构(博客)市场总监郭毅表示，新政策比2009年执行的优惠政策收紧了一些,但比之前的预测还是宽松了一大步,因为按差额征税比按全额征税能省下很多钱。易居(博客)中国分析师薛建雄认为，该细则明显体现出楼市调控有保有压的原则，这对普通住宅杀伤力有限，但对非普通住宅影响最大。他给记者算了一笔账，以一套标价100万元，一手交易价为70万的房产为例，如果这套房产属于5年以内的普通住宅，则按照差额30万元计征5.5%的营业税是1.65万元；假设这套房产属于5年以内的非普通住宅，就要按照全额100万元计征个人所得税5.5万元，比之前要多缴3.85万元。链家地产最近公布的一项数据显示，营业税细则对于快进快出又在短期内购买非普通住宅打击最大。比如，目前，北京140平方米以上二手房成交占比为14%左右，其中五年内大户型占比8%左右。按照规定，住宅小区建筑容积率在1．0含以下，单套建筑面积在140含平方米以上，三环至四环之间超过175万元/套，三环以内总价超过215万元/套、四环至五环之间超过165万元/套、五环以外超过100万元/套的住房均为非普通住宅。期待已久的紧缩政策出台了，仔细一分析，并没那么紧。和预测不一样的还有国土部的通报，似乎并未让开发商真正捏一把汗，其中“警示开发企业根据实际开发能力理性取得土地，及时开发利用”的用语更是偏于温和。政策意图财经评论员马光远表示，营业税细则符合此前国务院“国四条”中提到的运用技术手段区别对待改善型置业和投资客的思路。这样有保有压的思路，到底是何意图？国务院发展研究中心金融研究所副所长张承惠表示，2008年很多房地产开发商资金链非常紧，很多几乎要断掉，按照正常的规律来看，行业即将进入整合时期。但由于金融危机，出台了一系列刺激政策把一些快要倒闭的企业救了，这从长期来看并不是好事。交通银行的一位人士表示，对于楼市现在不可能下猛药，2010年的货币政策的调控方向也会尽可能避免再现2009年的资产价格猛涨的情况。央行最近也否认了“二套房贷即将提高到50%”的消息，央行相关负责人近日表示，这不是央行发布的消息，对此不予评论。“楼市政策变化本质是中央在房价与经济复苏之间的抉择，所以目前不可能对其猛加油门，更不能猛踩刹车。”国泰君安的一位分析师表示。国土部的一位人士向记者表示，现在的楼市调控政策明显是房价与经济复苏之间的中间路线。政策走向归结起来，是增加供给，确保刚性和改善性需求，打压投资投机性需求;平抑局部泡沫化的一线城市房价，支持二、三线城市城镇化。未来大部分的楼市政策，都会在上述之内。我要评论",4,7,0.9610580801963806
全国房地产利润4年增长近3倍 本报讯 国务院新闻办公室定于昨日举行新闻发布会，国家统计局局长马建堂发布第二次全国经济普查结果，修订后的2008年全国GDP总量为314045亿元。初步测算2008年的GDP增速为9.6%，比原来的速度提高了0.6个百分点。对2009年的GDP速度影响很小。数据还显示，2008年，中国房地产企业营业利润3861.3亿，比2004年增长290.4%。GDP 调整对今年的速度影响小国家统计局局长马建堂介绍，依据国内生产总值(GDP)核算制度和第二次全国经济普查结果，按照国际惯例对2008年全国GDP初步核算数进行了修订，修订后的2008年全国GDP总量为314045亿元。国家统计局国民经济核算司司长彭志龙说，这次数据调整以后增加了13375亿。初步测算后发现，这个速度是9.6%，比原来的速度提高了0.6个百分点。总的来说，2008年的数据上调以后对2009年GDP的速度影响很小。据悉，对于地区GDP的修订问题，国家统计局目前正在制定全国各地利用普查资料进一步修订GDP和其它数据统一的、规范的制度和方法。收入 居民贫富差距拉大马建堂在新闻发布会上说，平均工资是反映一个国家或一个经济体工作的总体水平，贫富差距反映的是一个国家或者一个经济体不同人群的收入结构。改革开放以来，中国的老百姓工资的平均水平在不断增加，同时，不同人群工资增长的幅度不同，有的增长得更快。另外一部分群体，包括农村居民、其他低收入群体的居民收入增长得比较慢，确实不同经济群体的收入差距也在拉大。马建堂说，国家统计局要更加准确的反映工资收入总体增长水平的情况，也要尽可能的反映收入的差距和收入的结构。就业 私企吸纳近半就业者根据第二次全国经济普查结果显示，2008年末，全国共有工业企业法人单位190.3万个，从业人员11738.3万人，分别比2004年末增长31.2%和21.7%。在工业企业法人单位中，国有企业及国有独资公司2.8万个；私营企业145.7万个；港、澳、台商投资企业5.7万个；外商投资企业6.5万个。在工业企业法人单位从业人员中，国有企业及国有独资公司占9.2%，私营企业占44.4%。马建堂说，第二次全国经济普查显示，2008年全国单位GDP能耗比上年下降5.2%，比2005年下降12.45%。第二次全国经济普查结果显示，2008年末，全国第二、三产业共有国有企业14.3万个，比第一次经济普查2004年末的数据减少20%；私营企业359.6万个，增长81.4%。说法 国家统计局：“国进民退”总体不存在马建堂在回答有关“国进民退”的问题时表示，中国总体上不存在“国进民退”现象。“在去年和今年确实也存在一些媒体上或者社会上所称的‘国进民退’的现象，我是讲的总体上不存在，我不否定存在着一些个别案例、一些现象，大家把它称之为‘国进民退’。”马建堂如是说。马建堂表示，希望对于“国进民退”的讨论是有积极的警醒意义，要进一步推进中国垄断行业的改革，进一步推进中国的国有经济战略性的调整和重组，进一步推动民营企业、非公有企业的改革发展。利润4年增290.4%2008年，房地产企业的主营业务收入30586.5亿元，比2004年增长107.5%2008年，房地产开发业26694.2亿元，比2004年增长100.5%2008年，物业管理企业2076.7亿元，比2004年增长204.5%2008年，中介服务业572.4亿元，比2004年增长171.2%2008年，其他房地产1243.2亿元，比2004年增长133.5%去年房地产业利润3861.3亿据国家统计局网站昨日公布的第二次全国经济普查主要数据公报显示，2008年，中国房地产企业营业利润3861.3亿，比2004年增长290.4%。房产规模年均增13.5%国家统计局副局长徐一帆说，经济普查数据显示，第一次经济普查的2004年到第二次经济普查的2008年间，房地产业的规模迅速扩大，到2008年末全国共有房地产业企业214397个，比2004年末增加了85354个，年平均增长13.5%。房屋供应不断增加，2008年房地产开发企业商品房施工面积是282965.1万平方米，竣工房屋面积66413.6万平方米，商品房销售面积是65869.5万平方米，这三个数据分别比2004年增加了17.7%、6.0%和9.8%，这是年均增速。房地产物业管理和中介服务业发展也非常迅速，2008年物业管理企业在管房屋建筑面积是1254632.2万平方米，中介服务企业房屋代理销售成交合同面积是20029.4万平方米，分别比2004年年均增速为44.4%和23.3%。此外，2008年，主营业务收入超千亿元的地区共8个，依次为：江苏、广东、上海、北京、浙江、山东、辽宁和四川。建筑业总产值68841.7亿数据显示，2008年，建筑业企业法人单位的建筑业总产值68841.7亿元。在建筑业企业法人单位的建筑业总产值中，房屋和土木工程建筑业占83.7%；建筑安装业占9.2%；建筑装饰业占4.6%；其他建筑业占2.4%。2008年，总承包和专业承包建筑业企业房屋建筑施工面积530518.6万平方米，房屋建筑竣工面积223591.6万平方米，竣工价值21722.5亿元，其中住宅建筑竣工面积133880.7万平方米，竣工价值12520.8亿元。本组稿件综合新华社、中新社等我要评论,4,7,0.8233179450035095
温家宝提出四项措施抑制房价过快上涨新华网北京12月27日电中共中央政治局常委、国务院总理温家宝今天下午3时在中南海紫光阁接受新华社记者独家专访，就当前经济形势、明年经济工作和其他问题回答记者提问。在回答网民关于房价的问题时，温总理提出抑制房价过快上涨的四项措施。[新华社记者]一位网民说房价涨得太快了，一平方米每个月竟然涨了一千块钱，他们想请总理谈一谈房价的问题。[温家宝]我就知道网民关注这个问题。因为我每天上网看到大量网民的意见，甚至很尖锐的批评。因为房子对于每个人来讲都关乎他们的切身利益。今年房地产有了比较快的恢复，但同时房价在一些地区和城市上涨过快，也引起了中央高度重视。其实如何使房地产建设能走入一个健康的轨道，首先还需要弄清楚政府要做什么，市场要做什么。既发挥市场的机制，又发挥政府调控的作用。在这里我只讲一讲政府应该做的事情。第一件事情就是要加大安居工程的建设力度，加快棚户区的改造。对这两项工作，在资金、土地以及税收上，都要给予优惠和保障。第二，要鼓励居民购买自住房和改善性的用房。但与此同时，要采取措施抑制投机。中国的国情决定了我们的住房必须坚持安全、经济、适用和省地的原则，特别要重视中小套型和中低价位房屋的建设。第三，要运用好税收、差别利率以及土地政策等经济杠杆加以调控，稳定房地产的价格。第四，要维护房地产市场秩序，打击捂盘惜售、占地不用、哄抬房价等违法犯罪的行为。我觉得只要政府有决心解决这个问题，而且不是头痛医头、脚痛医脚，而是经过深入调查研究，统筹考虑各方面的情况，制定长远的规划和政策，使我国的房地产有一个稳定发展的局面，这是可以做到的。谢谢。我要评论新华网北京12月27日电中共中央政治局常委、国务院总理温家宝今天下午3时在中南海紫光阁接受新华社记者独家专访，就当前经济形势、明年经济工作和其他问题回答记者提问。在回答网民关于房价的问题时，温总理提出抑制房价过快上涨的四项措施。[新华社记者]一位网民说房价涨得太快了，一平方米每个月竟然涨了一千块钱，他们想请总理谈一谈房价的问题。[温家宝]我就知道网民关注这个问题。因为我每天上网看到大量网民的意见，甚至很尖锐的批评。因为房子对于每个人来讲都关乎他们的切身利益。今年房地产有了比较快的恢复，但同时房价在一些地区和城市上涨过快，也引起了中央高度重视。其实如何使房地产建设能走入一个健康的轨道，首先还需要弄清楚政府要做什么，市场要做什么。既发挥市场的机制，又发挥政府调控的作用。在这里我只讲一讲政府应该做的事情。第一件事情就是要加大安居工程的建设力度，加快棚户区的改造。对这两项工作，在资金、土地以及税收上，都要给予优惠和保障。第二，要鼓励居民购买自住房和改善性的用房。但与此同时，要采取措施抑制投机。中国的国情决定了我们的住房必须坚持安全、经济、适用和省地的原则，特别要重视中小套型和中低价位房屋的建设。第三，要运用好税收、差别利率以及土地政策等经济杠杆加以调控，稳定房地产的价格。第四，要维护房地产市场秩序，打击捂盘惜售、占地不用、哄抬房价等违法犯罪的行为。我觉得只要政府有决心解决这个问题，而且不是头痛医头、脚痛医脚，而是经过深入调查研究，统筹考虑各方面的情况，制定长远的规划和政策，使我国的房地产有一个稳定发展的局面，这是可以做到的。谢谢。我要评论,4,7,0.9998352527618408
经济学家王小广称明年房价可能再涨20%至30%在上周六举办的“南京地区银行理财高峰论坛”上，来自南京各大银行的理财专家与相关学者汇聚一堂，围绕“后危机时期的银行理财发展”展开讨论。中央智囊机构专家、著名经济学家王小广表示，目前楼市虽不太健康，但由于明年继续实行适度宽松货币政策，房价再涨两三成问题不大。中国经济增长将有所延缓著名经济学家、国家行政学院决策咨询部研究员王小广是中央智囊机构专家，他认为，目前中国经济的复苏是政策刺激造成的，不是市场自身的复苏，未来几年中国经济增长的势头会好转，但不会出现“V”形式加速上涨的局面。有可能出现“W”形，即短期看好，中期看淡，长期谨慎乐观。王小广说，目前来看外部环境很难改善到2000年每年20%-30%增长的水平。而中国是一个依赖出口的国家，外汇减少会很大程度制约增长，外需不足很难支持中国目前的增长轨道。过去的模式没有办法继续下去，而中国新的增长点又缺乏竞争力。另外，内需不足问题也越来越突出。内需的潜力点不是没有，但阻碍因素更大，例如中国目前收入差距逐步拉大，房地产市场开发过度等问题。另一方面，中国这次调整不仅仅是金融危机，主要是自身结构的调整。这种调整早在07年4季度就已经进行。两方面的因素延缓了中国经济的快速增长，这种状态可能会持续至2012年。明年房价再涨20%-30%王小广表示，过去5年里国内10%的最富人口买去了50%的房子，40%的富人买了85%的房子，剩下60%的普通百姓只买了15%的房子，房价的上涨显然是不健康的。“但是，我并不看跌明年的房价，明年再涨20%-30%一点没有问题。”他解释说，目前决定房价的唯一因素就是货币，09年一年的信贷就达到了9.5万亿，相当于过去四年的信贷投放总量，其中有4万亿进入到楼市，房价不涨才怪。而明年计划的信贷投放是7.5万亿，还是很宽松的，所以房价还得涨。王小广认为中国房地产是由货币和投机主导推动的畸形市场，必须调整才能实现房地产业真正增长。他给出了两个前提：真正地做到“适度”的货币政策；对房地产产业政策做调整。“最近房市调整是假调，真正的调整可能在2011、2012年，那时房地产市场的泡沫可能会破灭。”中央财经大学中国银行业研究中心郭田勇教授表示，政府要运用适当手段，控制房地产可能带来的泡沫。房地产有别于股市，存在一定的刚性需求。因此政府调控手段受限，只能通过调整房地产市场需求，调结构不大可行。中国不会爆发严重通胀王小广表示，今年中国股市的上涨还是很健康的，没有太多的泡沫。最近越南、印度爆发了严重通货膨胀，中国不会像他们那样，因为越南、印度的经济还处在中国上世纪90年代水平，物资短缺，而中国现在是生产过剩，产品供大于求，不会有严重通货膨胀。“现在的很多理财产品过于复杂，有的连我都看不懂。”南京大学工程管理学院院长、金融工程研究中心主任李心丹在谈到当下理财市场的产品时这样表示，“目前的理财产品的复杂化导致了风险收益的错配或产品与客户的错配，购买者在购买的同时要认清它的业务范围，不要盲目地信任银行。”李心丹还表示，现在大多数理财产品的风险评估只是走过场，缺少统一标准，不要只听人家说上涨5%能赚多少多少，也要注意万一下跌5%亏损的金额是不是在自己的承受范围。岳辰桦 陈春林我要评论,4,1,0.6508052349090576
住建部称楼市政策还将出台 专家预测出组合拳日前，中国住房和城乡建设部政策研究中心副主任王珏林表示，最近五部门出台开发商拿地首付50%的政策只是一个开始，后续还有许多调控政策出台。地产人士表示，就目前出台的政策来看，还不足让楼价下降，因此预测接下来还有可能出台包括物业税以及二套房贷等政策出台。50%土地首付金是措施，而非信号对于12月17日发布的规定“开发商买地土地出让金缴纳首付比例最少50%”，王珏林说，实际上这不是楼市调控的信号，而是一个实实在在的措施，是国务院为了遏制房价过快上涨、增加市场土地供应的措施。对于“明年房价会不会继续涨”，王珏林说，房价明年应当是向平稳发展。如果不平稳，说明我们的政策还缺乏力度，说明管理措施还需要加强。王珏林表示，其实现在才刚刚开始，金融、税收等措施还没出来，土地管理措施只是第一步，还有市场管理、经营管理，都还没出来呢。多个政策配套，才能解决市场的问题。专家预测宏调“组合拳”还将出台最近中国楼市政策出台频繁，基本上达到历史最巅峰，创下中国房地产60周年最新纪录。著名地产营销策划专家谢逸枫表示，2010年中央在房地产宏观政策上，还可能出台宏观调控组合拳。自今年下半年以来，多个部门都已明确表示二套房贷将收紧，但细则却迟迟未出台。目前广州各大银行对于二套房贷都有不同程度的收紧，只有建行对二套房贷首付四成才能有7折利率。因此业内人士认为，收紧二套房贷已成为定局，只是年底公布还是明年再公布的问题。分析物业税试点有风险目前，房地产税收都集中在交易环节。购房者买一套房子的钱中，包含房地产开发的营业税、印花税、房产税、城镇土地使用税、土地增值税、企业所得税等等以及房地产占用的房产税、城市房地产税、耕地占用税、城镇土地使用税等。中央财经大学税务专家刘桓认为，一方面，物业税计算复杂，非常分散，征收起来难度也较大。一旦物业税试点不成功，将造成非常大的市场波动。我要评论,4,7,0.6976779699325562
外媒解读温家宝讲话：中国房价要降温27日下午，中共中央政治局常委、国务院总理温家宝，就当前经济形势、明年我国经济工作等问题接受了新华社独家专访。法新社和新加坡《海峡时报》均从温家宝谈房价问题中，敏锐地嗅出一个信息：“中国房价将要降温。”27日，国务院总理温家宝称，中国应对金融危机出手较快，经济发展还存在不平衡不协调等问题，明年两会前将与网民交流。专访中，温家宝总理对房价、通胀、汇率等17个问题进行了回答，而本次专访也引起了国外媒体的高度关注。中国要打击捂盘惜售等违法犯罪行为对于房地产上涨过快，温家宝表示，政府将从以下4方面入手。第一，要加大保障性住房的建设力度，加快棚户区的改造。第二，要鼓励居民购买自住房和改善性住房。第三，要运用好税收、差别利率以及土地政策等经济杠杆加以调控，稳定房地产的价格。第四，要维护房地产市场秩序，打击捂盘惜售、占地不建、哄抬房价等违法违规的行为。外媒评论：“创纪录的流入助长了泡沫”法新社和新加坡《海峡时报》均从温家宝谈房价问题中，敏锐地嗅出一个信息：“中国房价将要降温。”美国彭博社评论说，温家宝已经意识到中国房地产市场价格的上涨得“太快了”，因此中国要打击捂盘惜售等违法犯罪行为。《商业周刊》称，中国房价的上涨速度在上个月达到了自2008年7月份以来最快速度。创纪录的借贷和资金的流入助长了这个世界上发展最快的国家的泡沫。而中国央行顾问樊纲也对中国在股市、房地产和商品上的泡沫提出警告。报道同时援引前摩根斯坦利首席亚洲经济师谢国忠的话称，现在中国楼市的问题并不在于如何推行新的政策，而是如何加强执行现有的政策。迫使人民币升值？中国绝不答应大家还记得在1998年那场金融危机当中，我们保持了人民币币值的稳定，对国际社会作出了重大贡献。今天我仍然以为，在世界主要货币接连贬值的情况下，人民币保持币值的基本稳定是对国际社会的贡献。那种以各种压力来迫使我们升值，我们绝对不会答应。英国路透社也称，对于具有争议性的中国人民币汇率问题，温家宝代表中国表达了“绝不让步”的决心，称中国政府不会因为外部需要而使人民币升值。而英国《金融时报》称，中国可能在2010年早些时候开始调整政策，因为中国需要抵消通货膨胀的压力；同时，鉴于2010年6月份将召开G20峰会，如果政策调整同这一时间接近，会被国内认为是向外国压力妥协。马来西亚《局内人》报指出，美国、欧盟和国际货币基金组织的头头们近来接连要求人民币升值，但是中国在看到其出口连续几个月保持增长之前，是不会让人民币升值的。《联合早报》分析称，这并非温家宝第一次拒绝外界提出的对人民币加速升值要求，但却是他少有地以坚决姿态展示。而且，他没有重申推进人民币汇率形成机制的“主动性、可控性、渐进性”原则，更进一步显示人民币短期内升值的可能性有限。明年通胀或出现“我们要预见到通胀有可能出现。特别是在我们这个国家，存在着收入分配不公和差距过大的问题。物价如果不保持在一个合理的区间，对一部分人来讲可能不成为问题，但是对相当数量的中低收入者，尤其是贫困家庭，就会成为很大的负担。”外媒评论：“调整政策的大门没关”英国路透社特别关注了温总理对通胀预期的表态。报道称，温总理在讲话中“警告”，虽然现在还没有通胀的表现，但是今年空前的货币供应增长有可能引发通胀预期。《华尔街日报》分析称，尽管温家宝并没有具体说明北京将如何消除通胀预期，但也没有关上“根据情况变化”调整政策的大门。《商业周刊》预计，作为抑制过度信贷措施，一些产能过剩的产业将面临信贷紧缩。《法制晚报》供稿我要评论,4,7,0.9994722008705139
国土部酿新规抑地价普涨 土地使用须上网晒明细在地价普涨的情况下，国土部正在酝酿公开土地使用信息，加强批后监管。《每日经济新闻》记者30日获悉，中国土地勘测规划院正在汇总各地的数据，对地价进行计算。根据目前已经上报的数据，今年全国地价水平普遍高于去年，其中，中西部城市地价涨幅较大。据记者了解，国土部正在制定相关规定，要求各地规范土地出让合同，并将土地成交、出让金缴纳、开竣工时间等信息向社会公开。中西部地价涨幅大每经记者昨日获悉，中国土地勘测规划院正在汇总全国105个城市的数据，对今年的土地供需状况和地价水平进行计算，监测报告将于下月发布。中国土地勘测规划院地价所所长赵松向《每日经济新闻》记者表示，从目前已汇总的数据来看，今年全国的地价水平普遍高于去年。其中，中西部城市的地价涨幅较大，个别东部城市的地价有所下降，但总体水平上升。来自中原地产的报告显示，2009年，四个一线城市的土地平均溢价率均在60%以上，最高的上海达到105%；同时，今年我国土地市场的平均流标率为17%，比去年降低8个百分点。其中，深圳的流拍率为0%，去年则是46%。赵松表示，去年土地市场低迷，流拍流标现象频现，“翘尾因素”使得今年的地价水平高于去年。其中，商业和住宅地价随房地产市场的回暖继续上升，工业用地也基本摆脱了政策因素的影响，价格有所回升。来自中国土地勘测规划院的数据显示，今年第三季度，全国105个主要监测城市地价总体水平为2519元/平方米，商业、居住、工业地价分别为4287元/平方米、3561元/平方米和610元/平方米，同比增长率分别为-0.12%、0.85%、0.73%、-1.52%。土地利用情况将公开记者还了解到，国土资源部正在制定相关规定，要求完善土地出让合同和划拨决定书，对宗地规模、出让金缴纳、受让人条件、开竣工申报、违约责任等进一步作出明确约定。同时，各地还必须将受让人、位置、面积、用途、成交时间、成交价格、出让金缴纳情况、开竣工时间等信息上传至指定网站，向社会公开。“很多地方只强调向市场供应了多少土地，却不敢公开土地的使用和开发情况。”一位接近国土部的人士向记者表示，很多地方都疏于土地的批后监管，一些地方的土地管理部门，甚至根本不了解当地的土地利用和闲置状况。该人士还表示，一些地方为了应付信息公开的相关规定，仅将土地出让信息公开数日便匆匆撤下，使得很难了解到历史数据。这种现象也应当严厉禁止。来自中原地产的数据显示，2003～2007年间，全国40家重点开发商获取的约4338公顷(345块)土地中，有23%目前仍处于未开工状态。2008年和2009年间，新增的未开工土地面积相当于原有的50%。保证保障房土地供应每经记者从国土资源部获悉，在29日上午召开的国土资源部第50次部长办公会议上，国土部要求各地在3月底之前，将明年的城市建设用地计划上报，申报规模不得突破年度土地利用计划。国土部还要求，合理确定城市用地规划用途，按照首先满足民生工程和基础设施建设、控制工业用地的原则申报城市用地，保证保障性住房(含棚户区改造)用地。赵松向记者表示，虽然今年很多城市都超额完成了土地供应任务，但由于保障房多属配建项目，不少地方在供应保障房土地中仍然不够积极。她认为，应该继续紧缩别墅等高端住宅用地的供应，加大中低价位、中小套型商品房的土地供应，并通过提高容积率等方式为市场提供更多的房源。我要评论,4,7,0.9889610409736633
"英国地王威科姆广场每间房子都是上亿豪宅英国房地产贷款机构Halifax29日公布伦敦地王排行榜，肯辛顿-切尔西区的威科姆广场荣登首位，前10名中有多达7名也都位于肯辛顿-切尔西区。据台湾《工商时报》引述外电报道，英国地王就落在伦敦肯辛顿-切尔西区的威科姆广场(WycombeSquare)。威科姆广场每间房子都是上亿豪宅，平均房价高达540万英镑，而整个肯辛顿-切尔西区平均房价也有100万英镑之谱。地王排行榜第二名是伦敦市北区汉普斯代(Hampstead)的英格拉姆大道(IngramAvenue)，平均房价为490万英镑。至于第10名则是同样位于肯辛顿-切尔西区的包尔敦斯广场(PaultonsSquare)，平均房价为270万英镑。这份报告是根据英国官方的地价登记资料进行排列，比较英国2005年9月至2009年9月共计4年间的房价。今年9月到10月，伦敦豪宅售价涨了2.1%，是自2007年7月以来的最大月增幅。虽然去年同期相比，百万英镑豪宅售价下跌了3.2%，却是15个月以来的最小年减幅。另外，伦敦地产研究公司Hometrack指出，威科姆广场的平均房价比全国平均房价高出34倍。根据最新数据，英国平均房价为156,900英镑。Halifax经济学家佩特表示，肯辛顿-切尔西区向来很受艺人、富商或外国人的欢迎，“英镑下跌连带使这些豪宅的价格也略为缩水，现在正是出手的好时机。”伦敦房仲业者表示，“汇率把大量欧洲买主吸引到伦敦来了。”其中英镑下跌是一个原因，不过这些国外买主来到伦敦后，都希望能够把房子买在自己听过的地方，肯辛顿-切尔西就是买主们可以安心投资的区域。而该区面积小、物件少也有助于推升房价。我要评论",4,5,0.9222790002822876
陈良宇仍着西装独居套间据《羊城晚报》 秦城监狱位于北京市昌平区小汤山镇附近，它因关押中国最高级别的犯人而被称为“中国第一监狱”，过去改造高级战犯，上世纪90年代以来，关押的主要对象是省部级贪腐官员，因而吸引着公众的注意力。陈希同和陈良宇便关押在此。陈希同已是直肠癌晚期陈希同是“四人帮”之后被监禁的最高级别的官员之一。他曾历任北京市长、北京市委书记、国务委员和中央政治局委员。1998年2月27日，陈希同因侵吞贵重物品、腐化堕落、牟取非法利益、严重失职等问题被逮捕。1998年7月31日，经北京市高级人民法院审判，陈希同以贪污罪及玩忽职守罪被判处有期徒刑16年。在监狱里，有时候因为自己的要求被看管人员拒绝，陈希同会大吼大叫，称自己是“北京的大贪污犯老陈”。2004年，陈希同曾因健康问题，被紧急送往北京复兴医院。这次突然发病后，陈希同向相关部门领导写信，以“心跳异常、心血管供血不足等老年疾病”为由，要求“保外就医”。后经协调，自2006年8月下旬起，陈希同获得有条件的保外就医。自今年4月中旬开始，79岁的陈希同在住进北京医院高干病房救治后，院方已多次发出病危通知。陈希同已是直肠癌晚期，还有并发的心脏病，基本只能依靠药物维持生命。陈良宇在狱内仍着西装2007年7月26日，原中共中央政治局委员、上海市委书记陈良宇被正式逮捕，后来一审判处有期徒刑18年，关押进秦城监狱。据了解，陈良宇是被关押在一个接近20平方米的套间里。这是秦城监狱重要犯人的单间监室，内有单独的洗手间、坐式马桶等。牢门是铁皮包着的木门，门上方及厕所都有“窥孔”，供哨兵24小时监视之用。陈良宇的房内设施只有一张距地面约一尺高的矮床，需要写材料时，看守会送进一张小学生用的单人课桌供临时使用。没有凳子，床铺就是他平日坐的地方。墙壁也经过特殊处理，以防止其自杀。陈良宇的监室设有三道岗哨，有一个独立分队负责贴身看守他。除了没有自由，他可以看报纸，看内容受限的电视，还可读书、写材料。服刑期间，陈良宇可以不着囚服。他多数时间还是穿西装，但不打领带。他平时可在有规律的生活中打发时间。比如，在每天9点到10点的单独放风时间，陈良宇一般会从监室门口开始打太极拳，打到放风地的门口再回去，或者散步。但他到哪儿，两名看守就跟到哪儿。据陈良宇的辩护律师高子程透露，他曾于今年上半年随其家属探视过陈良宇。他说，63岁的陈良宇现在两鬓斑白，但精神状态比被“双规”时要好很多。■牢房揭秘配有写字台洗衣机在秦城监狱，特殊囚犯的生活待遇，会比在普通监狱优越。据近年走进或接触过秦城监狱的有关人士描述，秦城监狱关押高官的牢房除了面积较大，有的还配有写字台、卫生间、坐式马桶和洗衣机。一些在押官员除了“可看书读报”，每天还有一段时间可看电视，一般集中在晚上7点到9点。某些身体欠佳的特殊囚犯，饮食可一日四餐，用餐标准和费用由国家规定和支付，家属亦可私下打理。如衣服、日用品等基本生活用品可由家人提供。监狱虽有统一囚服，但这里的囚犯一般可不用穿。我要评论,4,0,0.43925055861473083
9成80后置业需贷款 无房苦，有房更苦，9成80后置业需贷款，套均贷款90万，负担比达55.1%幸福和痛苦的理由都是每月必还的房贷80年1月1日生日的李琳毕业于北京一所高校，作为年龄最大的80后和男友程永波已经登记，夫妻双方现在的月收入近2万可以说是标准的双白领，在双方父母的催促下，终于在09年11月购买了一套在朝阳路的兴隆家园二手房。93平米的2居总价180万。李琳说为了买这一套二手房不仅搭上了夫妻工作6年来的所有积蓄30万，还各和双方父母借了20万，才勉强的买了。对于这对夫妻来说09年最幸福的事就是：相比一些依然租房的同事、现在已经可以住在自己的房子里。计算着还有多少个月就可以不用还房贷。而最痛苦的就是每个月25号就要将刚拿到2人工资的近一半7000多作为月供给银行，而且要还20年。本来每年的第一天不仅是元旦还是李琳的生日，程永波都会买点小礼物、两人还会找个饭店大吃一顿。可惜今年的第一天李琳一早就去菜场买了菜，无奈的说一起床想到每天200多的房贷，还是能节省就节省点吧！进入2010年，首批“80后”将年满三十岁，最近一项调查显示，近六成30岁“80后”薪酬不高，恐惧家庭责任，生存状态并不理想，接近半数人群仍然处于无房无车的单身状态。而北京上海等一线城市这一数据更加的恐怖。即使的勉强置业的80后们，也需要像蜗牛一样，房子已经成为了所有人的负担。老80后最痛苦，9成80后置业需贷款，套均贷款90万，负担比达55.1%美联物业市场研究部统计数据显示在2009年，80后置业人群贷款比例高达9成，而70后仅为68.50%，虽然70后平均贷款额达到了100万，但是相比收入，70后因为大部分在单位中已成为中等收入人群，而且因为工作多年有一定积蓄，所以贷款家庭的平均负担比仅为35.71%。而最痛苦的为80后家庭，家庭平均月收入不足万元，而家庭负担比高达55.1%。   美联物业市场研究部总监张大伟介绍：目前家庭负担比在80后最高，而80年及81年出生的人群负担比则最高：首先：这部分人群在09年买房大部分为晚婚，相比年轻几年的80后选择小户型，80-81年的人群已经面临着三代同堂的置业要求，这样这部分人群大部分需要购买2居以上房源，增加了贷款额。其次：80年左右人群家庭收入少，负担重。目前大部分80年左右人群处于事业的初级阶段，但是很多家庭已经有1-3岁的小孩，这样夫妻一方需要很多精力照顾小孩，家庭负担逐渐增加。第三：80年代初为我国生育高峰期，就业压力大，相比前辈70后，就业的难度以及升职的难度明显高很多。第四：80后面临的是前所未有的高房价时代，2000年-2006年为70后置业的高峰期，而当时房价不足现在的一半，目前房价已经飞涨几倍，而80后相比当时的70后收入并未明显上涨，虽然目前的部分80后在家庭的帮助下勉强利用宽松的金融政策置业，但是明显压力很大。09年下半年80后置业比例3年最低2010年已经到来，80后也开始逐渐进入而立之年。在09年的楼市比例中，80后从07年开始第一次落后于70后，特别是09年下半年，70后已经超过80后近10个百分点。而贷款比例则为80后最高。美联物业针对北京二手房置业人群年龄结构的调查显示：美联物业市场部总监张大伟表示：出现这样的市场情况主要是由09年下半年房价短期内暴涨导致。首先：房价使80后啃老也无法置业：从价格来说目前的北京二手房均价突破历史记录达到14100，单套房屋总价已经达135万。按照目前一般二手房三成首付再加上税费等，需要近50万。剩余的贷款20年月供也超过每月5000元。按照现在的80后收入来说夫妻双方最少需要收入过万才能维持正常生活。80后的小家庭可以说在双方父母及自己，三家的努力下现在购房也比较吃力。其次：上半年的恐慌已经使80后大量入市。从需求来说，3月开始的连续7月过2万的成交量已经使积压的大量刚性需求入市，而刚性需求大部分由80后组成。下半年的北京二手房市场可以说投机和投资已经占主流。而首次置业的人群比例已经明显处于第三位。美联物业市场部总监张大伟建议广大80后置业人群，特别是中低收入人群一定要谨慎置业，2010年的房价上涨的可能明显要小于下跌的可能。我要评论,4,1,0.5468326807022095
北京14个部门民意测评结果出炉 城管垫底 本报讯（记者 王姝）不论是依托于电话调查完成的社情民意测评，还是通过网上问卷进行的政风行风测评，在14个政府部门中，市城管执法局系统得分最低，得分别为62.2分和46分。昨日，首都之窗首次公示了全部14个政府部门和6个公共服务行业的民意测评结果。而往年一般仅公布测评居前几位的部门和行业。电话调查民政局得分最高测评结果显示，14个政府部门中，民政局在电话调查中得分最高，在网上问卷调查中排名第二，市商务委在网上问卷中排名第一。两项调查中，通信行业在6个公共服务行业中均垫底。去年7月初至8月底，市纠风办分别委托市统计局社情民意调查中心、市经信委首都之窗运行管理中心，民意测评北京14个政府部门、6个公共服务行业。被“选中”的14个政府部门，涉及百姓日常生活各个方面，如民政局、教委、工商局、税务局、住建委等等。前年，北京也曾推出此类民意测评，但测评范围仅10个政府部门。对此，去年12月24日，市统计局副局长王红做客首都之窗时解释，前年测评重点为“围绕奥运保障的10个政府部门”，而去年，市委市政府提出“作风建设年”，所以，测评范围有所延伸。电话调查设监听员据王红介绍，针对14个政府部门、6个公共服务行业的电话调查，调查内容围绕办事效率、服务态度、廉洁清正三方面，细化为6个具体指标，按照百姓满意度进行评分，总分100分。每个部门、每个行业的每个指标，均直接对接“跟百姓的接触面”。如“办事效率”调查，供电系统的指标为“能否保证正常用电”，邮政部门为“报刊、信件投递是否及时准确”，交通部门为“地铁、公交是否按时发车，出租有没有拒载”。王红表示，为保证调查的公平公正，每个受访百姓的打分部门，均随机产生。而且，调查全程，调查员身后均站有监听员，监督调查员的操作过程。专家：民政城管不应同台测评“民政、城管工作性质不同，一个是履行社会救助职能的，发钱发物；一个是负责城市管理执法的，经常罚款，两个部门不应该放在一起测评。”昨日，中国人民大学教授毛寿龙表示，通过电话调查、网上问卷调查，了解群众满意度，并公示调查结果，“这是好事，督促政府部门工作”。但是他认为，14个部门中，一些部门公共服务职能更为突出，与百姓发生业务冲撞的可能性偏低，“不像城管，直接面对商贩等比较尖锐的社会问题”，所以，对于城管局的民意测评结果，不应与以上部门统一排名。纠风办：有则改之，无则加勉“本着有则改之、无则加勉的态度整改。”去年12月24日，市纠风办副主任宋兰刚做客首都之窗时曾表示，此前对政府部门排名一直很谨慎，但本次“考虑到大家想了解评议结果，而且也应该让大家知道结果”，所以公示了14个部门的测评成绩。宋兰刚表示，一些排名居后的部门曾找到市纠风办，解释居后原因，称一些引发群众不满意的问题，可能并不是该部门的职责，但记到了该部门头上，“在群众的眼中，你就是这个位置”，他说，“政府部门应该考虑，是不是对部门职责宣传不够？是不是应该加大力度？”（新京报）我要评论,4,7,0.9954727292060852
美专家：美房贷计划帮倒忙难救业主反阻复苏 中新网1月3日电据香港媒体援引外报报道称，为了帮助无法偿还按揭贷款的美国业主免遭收楼，奥巴马政府去年2月推出“房贷可负担计划”，但有专家批评计划帮倒忙，给予一众根本无望保住物业的业主“错误的希望”，令他们勉强继续向银行供款，浪费了本可储起租住较廉价住宅的金钱，他们迟早都会变成无壳蜗牛。Watershed资产管理公司管理人卡塔里说：“此举将延长危机，只能减慢断供速度，让人们暂时留在最终不能负担的住所里。”他又指，银行也利用此计划，推迟将贷款损失入帐，这无助于令房价降至可负担水平，亦窒碍资金流动，阻碍经济复苏。“房贷可负担计划”耗资750亿美元，措施包括重新安排贷款和修订还款条件，例如减少每月还款额等。我要评论,4,5,0.5604584217071533
品质背后是管理系统做保证四、细致而周到的户型设计及室内装修星河湾从广州到北京始终都是做精装修的成品房，在房子开始建筑设计之时就结合了精装修的理念，从户型设计，平面布局到水电等专业设计始终都围绕着土建装修一体化的概念展开，在图纸设计阶段投入了大量的时间和人力，解决了大部分的系统综合问题，从而确保了施工阶段的顺利进行。其本质是以作五星级酒店的手法和理念来做住宅，利用多年来成熟的工艺做法和处理手段，创造出和普通楼盘不一样的居家环境。1.户型和空间设计经典周到星河湾经过广州一到四期，再到北京对户型的总结和变化已经有了一个很成熟的总结和发展，不仅形式多样，能够照顾各类人士的需要，而且还根据南北环境和居住习惯的不同，重新调整丰富了户型结构和比例。北京星河湾已建成的户型有60余种，所有户型均为大面宽小进深。户型多种多样，布局、功能等均比较理想；装修标准高，用材和设备基本上以进口材料和品牌为主。2.舍得选用丰富的高档材料舍得在装修材料的选择和运用上花钱，对各种高档装修材料合理的综合使用，充分体现了星河湾人的水准和装修理想。高档进口石材的大量运用，几乎每个房间都能看到石材运用的效果；此外还对一些高档装修材料进行运用，如高档马赛克、深木色为主的木装修、能消除墙面感觉的镜子、光芒四射的水晶吊灯、主卧室的浅色地毯等等。3.人性化和细节的考虑星河湾在做产品的时候始终是秉承“人性化”原则，对于细节的考虑深入而全面，不放过任何一个微小的细节，让业主时刻能够感到设计建造者的用心精细。每一个转角、每一处接口、每一处细微的差别都体现出了对产品品质不断追求的努力。例如：同样材质不同颜色的区分；天花交接处理；不同种材质和同材质的之间精致、巧妙的交接处理；安全性的设计；经久耐用性的设计；使用便捷的设计；地面材料铺贴方式的设计；能消除墙面实体感，增大空间感的银镜的运用；阳台落水口的下凹处理以及推拉门的导轨保护等。五、系统而精益求精的施工管理 1.独特的工程管理组织架构宏宇集团在工程营造方面既使用普遍的工程管理框架结构，同时结合自身特色，创新的设立了一些特有的管理方式和团队。设置主管景观设计、施工管理的高层管理者，景观工程与土建结构施工管理分开，形成独立的以效果、艺术感染为宗旨的管理团队。 2.严格的管理流程北京星河湾以工程建设品质为第一要务，在现场管理中采取简洁的操作程序，工作效率和效果显著。简洁的变更审批程序：变更审批基本在现场确定，基层员工根据公司品质的一贯要求，现场完成一般变更审批；老板现场办公进一步加快决策和实施；畅通、便捷的部门沟通和跨专业沟通：部门经理基本解决跨部门、跨专业的沟通，争执和误解在公司中层管理者的工作中得以解决。3.规范的工程施工管理星河湾人为了实现品质住宅全成品建设工程，用心地分析每一个工序、每一个工作细节，将品质地产在工程建设阶段推至极致。规范的整体工序：对整体施工顺序、单项施工顺序、细部做法施工顺序整体进行了规范；安排有效控制建设周期：如在外立面施工阶段插入景观大型乔木的移植、景观施工，控制总体工期；严格的施工时间控制：北京星河湾将树木移植时间全部安排在五一之前，确保全冠移植的实现，在景观建成初期就完整体现园区景观特色。4.精益求精的工程施工标准对每个细部节点精益求精，细节处理在北京星河湾比比皆是。整个小区整体观感近乎随意，近乎自然，但每个节点又极其精致，无数精细节点组成了整体精品小区。例如：直接拼接的路牙石，室内标准的室外木栏杆铜包件，精装修细节，暗藏式的道路雨水收集系统，土壤改造，5000吨黄蜡石的堆砌等。六、实用而灵活的材料采购及成本控制 1.严格而灵活的成本控制星河湾的成本控制在房产开发管理流程的基础上有所创新，既确保了工程品质，又缩短了审批时间，同时也合理控制了工程成本。工程招标，以邀请长期合作伙伴进行招标或议标；建安工程招标，所有材料均由承包人采购。室内装饰装修工程议标，所有石材等主要装饰材料均由业主采购，同时业主给出较高的人工、机械及辅材单价。景观工程议标，提前选苗、采购、假植于苗圃。工程款支付，抢工阶段采取半月一支付方式。迅速、灵活的价格确认，现场办公解决品质、成本等问题。设计、施工、成本相互沟通，全面考虑各系统工程成本。如室外管线施工前，先确定各系统间的总体布置，再明确排水坡度及雨污水的布置。2.舍得投入、品质第一的材料采购一般房地产公司运作中材料采购是为实现成本目标而服务的，北京星河湾的材料采购和成本控制没有严格的相对制约关系，虽然舍得投入，但对整体投入又有总控指标。采购过程，材料采购与设计人员同时参加；价格审批，设计人员确认后当时电话请示决定是否采购；苗木采购，景观设计人员承担第一责任；总控成本指标可沟通调整，指导思想是品质，然后是时间，最后才是价格；价格审批以设计效果为主，品质决定各阶段成本；迅速有效的价格确认制度；公司领导每周不少于一次现场办公；积极保障施工单位权益；材料选用紧跟时代步伐；尊重设计师的设计成果；密切关注国际市场产品的更新。七、合纵连横的综合管理及统筹 星河湾提出全成品开发是一种高难度开发，是对产品生产和管理模式的挑战，因为生产管理必须做到合纵连横。横向理解，做到全成品开发，就要从产品设计、环境设计、室内装修设计、物业管理服务设计等方面都环环相扣，不能割裂，交叉施工很普遍。纵向考察，产品设计线从规划到施工到监理必须对缝很准，不能走样。用星河湾设计总监的话说：“设计公司给我们出一百张图，我们拿过来后，吸收他们的设计精华，要出同样多的一百张图，这样才能让设计思路变成可执行的方案，同时还能与环境或室内装修相衔接。”1.最高领导对品质的坚持与支持非常重要宏宇集团的最高领导在广州、北京星河湾建设过程中始终站在项目建设的最前线，是产品最终实现优质、创新突破的第一保证。2.成功依靠团队的合作星河湾项目在工程建设过程中也不断出现争执，但各级员工、各部门经理、主管副总都能很好的沟通和解决。3.始终保持清晰的目标星河湾建设目标是打造地产界的劳斯莱斯，在这样的目标指引下，去确定各种配件的品质，确定各阶段的成本。4.和有共同理念的合作伙伴共同成长以精装修施工单位为例，和星河湾合作的单位最初有30多家，目前合作的仅剩5-6家，这些单位都是通过和星河湾的合作得到了市场和甲方的认可，实现企业的不断壮大。材料供应商在和星河湾的不断合作中也在得益，开发商务必对材料商进行引导和指导，从而在材料方面实现对产品品质的保障。我要评论,4,3,0.875482976436615
央行货币政策定调 将严控房地产信贷继续实施适度宽松的货币政策，保持货币政策连续性和稳定性昨天结束的2010年央行工作会议为2010年的货币政策定下基调，央行表示将保持货币政策的连续性和稳定性，继续实施适度宽松的货币政策，但严格执行有关房地产信贷政策。同时也提出，密切跟踪监测国内外经济运行和市场流动性情况，适时适度调节。【信贷】防止信贷异常波动央行：继续落实好适度宽松的货币政策，保持货币信贷合理充裕。运用多种货币政策工具，合理货币政策工具组合、期限结构和操作力度，加强流动性管理，保持银行体系流动性合理充裕，把握好信贷投放节奏，尽量使贷款保持均衡，防止季度之间、月底之间异常波动。解读：国家信息中心经济预测部副主任祝宝良表示，央行为防止信贷异常波动很可能会加大窗口指导，并恢复2008年的信贷额度控制。但银行有“早放贷”的规律，明年一季度信贷规模仍会较高。他预计，全年新增贷款规模将为7.5万-8万亿。中金经济学家哈继铭认为，流动性将呈现跳跃性上升———1季度贷款可能大幅反弹至2.5万-3万亿，2010年全年新增贷款预计降至7.5万亿，但他表示这并不会引起流动性紧张问题，因为外汇流入也将发挥更重要作用，预计M2增长仍将达20%。【通胀】据国际形势调节政策力度央行：既要保持足够的政策力度，支持经济平稳较快发展，又要稳定价格水平，有效管理通胀预期。密切跟踪监测国际金融危机发展趋势、国内外经济运行和市场流动性情况，适时适度调节。解读：德意志银行首席经济学家马骏表示，短期内由于存货上升、消费信心反弹和财政刺激等因素，美国经济很可能超预期反弹。但由于财政刺激有不可持续性，存货反弹达到一定程度后会停止，消费者信心反弹后会稳定，美国经济在2010年下半年有二次下行的可能性。美联储很可能在第三季度开始加息。中国货币政策也面临挑战，适时适度调节很有必要。从中国的情况来看，通胀预期已高企。最近几个月，M1的增长速度已高于M2，表明通胀预期导致的存款活期化趋势明显化。马骏表示，历史数据表明，M1的增速超过M2的增速之后6到9个月，货币流通速度就会开始上升。届时，即使货币总量不变，货币流通速度加快也会导致通货膨胀。他预计，2010年CPI涨幅最低为1.5%，但如果食品价格、房价和油价继续上升，CPI涨幅达到5%也有可能。他认为未来几个月内可能上调存款准备金，2010年二季度起，提高基准利率，而从3、4月起，人民币汇率恢复弹性。哈继铭表示，应对通胀上升，政府将首先采取行政措施应对，货币政策将优先使用数量型措施，譬如央票以及存款准备金率；但加息等价格性措施将较为滞后。【风险】防变相用贷款做项目资本金央行：2010年防范信贷风险和系统性金融风险，在信贷增长比较快的时候，更要注意防范可能出现的风险，加强贷款用途管理，防止变相使用银行贷款作为项目资本金。严格控制对“两高”行业、产能过剩行业以及新开工项目的贷款。解读：从7月以来，央行和银监会关于加强风险管理的措施接二连三，提高银行资本充足率、拨备覆盖率的监管底线，银监会规定理财产品不得投资于发行银行自身的信贷资产、银监会禁止商业银行进行信贷资产回购交易、加强信贷结构和信贷风险预警监测。祝宝良表示，控制信贷风险、防止变相使用银行贷款作为项目资本金就是规范银行的表外业务。2009年，信贷政策季度宽松，银行表外业务的动力并不明显。但是从3季度监管层开始动态微调货币政策后，银行通过理财产品、信贷资产回购交易等方式将信贷资产表外化的迹象明显，央行此番表态说明2010年关于信贷资金流向的监管将更加严格。兴业银行经济学家鲁政委也表示，央行已经建立宏观审慎管理制度，将会有更多更超前的、量化的监管标准出现。【房贷】严格执行房贷政策央行：密切关注房地产市场变化，严格执行有关房地产信贷政策，促进房地产金融健康发展。解读：西南证券房地产行业研究员崔秀红认为，监管层近期组合拳出台表明控制房价的强烈意图，而对房地产市场最直接的就是信贷政策。崔秀红预计，政府首先会调整住房信贷政策，全国范围内二套房首付4成的政策将会严格执行，7折利率会调整成为8.5折，之后如果房地产市场不降温的话，首套房比例有可能会恢复到3成。记者从银行了解到，目前各家银行的二套房贷款都是按首付4成执行，但利率上尚有优惠余地，并没有严格执行在基准利率上上浮10%的规定。一中介人士表示，实际交易中对于二套房贷款中有很多需要确定的细节，比如对于二套房的界定模糊。我要评论,4,1,0.5053076148033142
浙商炒房团春节杀向迪拜最快的话，浙江商人将在今年春节期间重新启动“迪拜之行”。和2003年大规模去迪拜目的相同的是，都是为了去投资；不同的是，这些浙商“卷土重来”，是去抄底。他们中的大多数，心仪的是那幢沙漠中的“全球第一高楼”。总高828米的迪拜塔，北京时间1月5日凌晨举行了竣工典礼。“已经在办签证了，春节期间就可以过去。”亚洲商务卫视董事长王伟胜表示，想去迪拜投资的大部分都是温州商人，最想去视察的项目就是迪拜塔。“从去年下半年开始到现在，陆续有不少中国人打来电话咨询迪拜塔的出售情况。”迪拜中国城房地产交易中心营销总裁胡卫东说，这些咨询的人里面，三分之二是浙江人，不少都是抱着抄底的心态。还有不少人，甚至专门跑来看迪拜塔。现在已经不是迪拜塔最紧俏的时候了，这个世界第一高楼的价格也跌宕起伏很大，“现在均价是7万一平方米，2004年刚开始期房是 5.8万一平方米，到2008年上半年是14万一平方米，最贵的20万一平方米。”胡卫东说。当然，其中最贵的就是阿玛尼公寓，最贵的也是最容易出手的，但很多人在这里投资房地产严重亏本，其中包括很多体育界和娱乐界的超级明星，这些黯然离开的人，大部分都是在2008年“高位”被套住的。胡卫东的不少浙江客户也表达出比较强烈的意愿，“有一个温州瑞安的商人想买50平方米的酒店式公寓，还有些想买1000万至2000万人民币价位之间的写字楼，但是总体来看，住宅的投资倾向更大些。”“温州商人觉得这个时候去抄底比较好，价格也比较合适。”王伟胜表示，迪拜塔的价格最高位的时候根本没有中国人敢去买，现在价格回落这么多，投资价值很大。“在迪拜塔买个写字楼，很多商人都觉得比较好，对企业发展有利。”王伟胜说，他在10年前创办阿联酋迪拜华人网，3年前斥资购买阿拉伯联合酋长国的国有电视台，2010年，将带着更多的浙江商人重回迪拜。(据《浙江日报》)我要评论,4,1,0.735734760761261
海南回应试水博彩业：绝不开逾规设赌场长江日报1月7日报道 昨天上午，海南省在国务院新闻办举行新闻发布会，海南省委书记卫留成和海南省省长罗保铭就海南推进国际旅游岛建设等问题回答了记者的提问。卫留成认为，国务院《关于推进海南国际旅游岛建设发展的若干意见》是从旅游业作为切入点的，对海南的经济社会的全面发展提出了系统的要求和一系列的措施，抓住这个机遇，落实这个措施，就可以缩短我们和发达地区发展的差距。卫留成指出，首先要抓好国际旅游岛建设，用国际的视野，高水平、有特色的做好旅游岛建设的规划。使旅游业真正成为海南的主导产业，带动海南经济社会的全面发展。海南发展彩票比其他地区有一定空间在谈到“探索发展竞猜型体育彩票和大型国际赛事即开彩票”问题时，海南省长罗保铭表示，国务院这次在文件当中明确了探索发展竞猜型的体育彩票包括大型国际赛事的即开彩票，这是在彩票方面为丰富海南旅游娱乐的产品给开了一个政策口子，是带探索性的。相比于其他地区就有一定的空间，但是这个空间绝不意味着要突破国家的现行法律在这方面的有关规定。卫留成在会后接受记者采访时也明确表示，海南绝不会像象澳门一样开设赌场，也不会有其他赌博产业。将引进大型免税集团建设经营免税店海南省委书记卫留成在海南国际旅游新闻发布会上表示，海南将引进大型免税集团或大型商业公司，建设经营免税店；推出海上旅游等一批新的特色旅游产品；启动建设航天主题公园、热带海洋公园等一批大型旅游项目；对主要旅游基础设施、旅游路线的标识系统甚至包括旅游厕所进行全面改造；策划组织一批有影响力的文化娱乐、节庆、体育赛事活动。适度发展高尔夫业不占用一亩基本农田海南省长罗保铭6日表示，不清楚海南“新建22个高尔夫球场”的事情，并表示海南发展高尔夫绝不违反土地总体利用规划，不占一亩基本农田，并在国务院政策允许的范围内来适度发展高尔夫产业。三亚房价未到1.1万元在回答记者“央企背景的开发商进驻海南岛会不会对海南的地价和房价形成推动”等问题时，罗保铭表示，这几年海南旅游房地产总体的市场是上升，主要是岛外的需求。此外，虽然商品房的价格上升的，但是也没有像媒体报道的那样涨得那么凶。据2009年1至11月份的统计，全国70个城市包括省会城市在内，三亚的房价截止到目前为止是不到11000元一平方米，在全国排第8位。海口商品房的均价不超过6000元一平方米，海口的涨幅比原来涨13%，三亚的房子涨6.6%。罗保铭说，海南房地产的需求主要来自于岛外，统计下来，海口60%、三亚80%-85%商品房是由岛外来购买的。(据中国网、京华时报)我要评论,4,7,0.9696276783943176
五部委联推工矿棚户区改造 1月8日，住建部等五部委联合下发《关于推进城市和国有工矿棚户区改造工作的指导意见》，要求采取财政补助、银行贷款、企业支持、群众自筹、市场开发等办法多渠道筹集资金，推进城市和国有工矿棚户区改造。《意见》指出，城市和国有工矿棚户区改造是改善民生的重大举措，要采取财政补助、银行贷款、企业支持、群众自筹、市场开发等办法多渠道筹集资金。《意见》指出，中央将采取适当方式，对城市和国有工矿棚户区改造给予资金支持。省级政府可采取以奖代补方式，对本地区城市和国有工矿棚户区改造给予资金支持。市县政府应切实加大棚户区改造的资金投入，可以从城市维护建设税、城镇公用事业附加、城市基础设施配套费、土地出让收入中，按规定安排资金用于符合条件的棚户区改造支出项目。有条件的地区可对城市和国有工矿棚户区改造项目给予贷款贴息。城市和国有工矿棚户区改造项目执行廉租住房建设项目资本金占 20%的规定。《意见》还鼓励金融机构向符合贷款条件的城市和国有工矿棚户区改造项目提供贷款，创新金融产品，改善金融服务。“根据改造项目特点合理确定信贷条件，对符合信贷条件的项目要在信贷资金规模上给予保障。有条件的地区可建立城市和国有工矿棚户区改造贷款担保机制，引导信贷资金投入。”《意见》说。另外，该意见还指出，要加大税费政策支持力度、落实土地供应政策、完善安置补偿政策等。我要评论,4,7,0.9936980605125427
房贷差异化政策将出 或取消地方自定义 日前，据知情人士透露，包括住房与城乡建设部、人民银行和银监会正在制定新的统一标准，拟对全国范围内的投机和投资型购房需求进行划分，并根据这一标准严格区别商业银行所提供的房贷杠杆。该人士进一步指出，住建部主要分工负责对二套房及多套房划分统一标准的制定，人民银行、银监会则考量提高这部分被圈定的投资和投机性购房者的信贷门槛、并降低他们购房的杠杆比例的相关信贷政策。据悉，目前，这两项政策制定已经趋近于成熟。“迫于政策层遏制房价飙升的巨大压力，两项政策有望于近期正式出台。”知情人士透露。二套房新政拟出一位接近监管层人士告诉记者，目前住建部、人民银行和银监会等部委正在研究如何对投机、投资型购房需求与老百姓的自住型需求进行划分，然后根据这个标准设定对投资与投机性房贷的限制性措施。住建部负责对二套房及多套房划分标准进行统一。实际上，按照目前的规定，商业银行以借款人家庭（包括借款人、配偶及未成年子女）为单位认定房贷次数。对于已利用银行贷款购买首套自住房的家庭，如其人均住房面积低于当地平均水平，再次向商业银行申请住房贷款的，可比照首套自住住房贷款政策执行。建设银行研究部研究员赵庆明告诉记者，该政策在具体实施当中存在两个问题。一是商业银行无法实现对家庭的认定，其次是对于改善型住房的认定各地标准不统一造成很多矛盾。“目前，住建部打算在二套房认定上制定一个统一标准，对于家庭内涵的认定将做更加细致的规范，在改善型住房的标准上则直接画一道红线，取消各地方分散的标准。”知情人士透露。“建立严格的统一标准可能是这次政策的主题词。正是由于2007年出台的对投机与投资型住房的认定标准不够细致，在银行具体放贷过程中，给大量投机客有可乘之机。”赵庆明表示，这次标准统一有助于遏制这种情况。一位工商银行个人信贷部人士则称，就目前情况来看，各家银行对房贷的审核已经把控得比较严格了，很多行实际上已经提高了审贷标准，抬高了利率，因此，统一标准的出台，对多数购房者来说不会有太大的影响。另一方面，人民银行和银监会的新房贷政策已经开始向部分银行征求意见。据相关媒体报道，新规则或将第二套房贷的首付比例从不低于40%提高到5成以上，贷款利率也将上浮到基准利率的1.1倍，并收回各金融机构自主决定房贷利率的权力。一位民生银行北京某支行信贷员认为，统一利率定价将会使小银行在与大银行竞争房贷的时候面临很大的劣势。“目前看来，这套新政策杀伤性会很大，而且缺少灵活性。”赵庆明也认为，各个国家其实很少通过提高按揭利率来调整房地产需求的。这非常危险，如果不能进行细致的划分就很可能会伤害到那些低收入人群，所以这方面的政策制定会非常谨慎。“实际上，人民银行与银监会的政策更具有指向性，但必须要和住建部的政策相互配合执行才会产生效果。”知情人士透露，目前还需要听取商业银行的意见，但迫于房价不断上升以及社会舆论的巨大压力，两项政策有望于近期出台。重回“差异化”实际上，无论对于商业银行还是监管层而言，中国的房贷政策只不过是重回两年前的政策轨道上来。2007年9月，中国人民银行与银监会联合发出 《关于加强商业性房地产信贷管理的通知》（下称359号文），要求第二套住房首付提高至40%，贷款利率同时提高10%。这是最早的一个差异化房贷的版本，但当时缺少操作细节方面的考虑。银行普遍感到操作困难，提出了不少意见。其中对二套房和多套房的认定是问题的核心之一。当年12月人民银行、银监会又发布了 《关于加强商业性房地产信贷管理的补充通知》（下称补充通知），其中规定引入一个 “人均住房面积”的概念，规定“对于已利用银行贷款购买首套自住房的家庭，如其人均住房面积低于当地平均水平，再次向商业银行申请住房贷款的，可比照首套自住住房贷款政策执行”。《补充通知》一定程度上改变了359号文对于购买第二套房的 “一刀切”的做法，保护了有升级置业需求的消费者，在很大程度上也是可以满足那些自住型的“小房换大房”的需求。但在实际操作中，部分商业银行并未严格执行。一些中介机构还想方设法帮助投机客获得较低的利率和首付。“这些问题一直没有解决，但在2008年下半年全球金融危机以及房价快速下跌的浪潮中，也没有人关注了。”赵庆明说。2008年底中央紧急出台保民生的政策，鼓励居民购房，防止房价大起大落，在这种情况下，大规模优惠政策就取代了防投机的政策方向。但随着去年以来，房价再次大幅度走高，限制投机的差异化房贷政策开始重回舞台中央。12月14日，国务院总理温家宝主持召开国务院常务会议，明确提出“加强市场监管，稳定市场预期，遏制部分城市房价过快上涨的势头”。一位工商银行个人金融部人士说，此次出台的政策很可能会比两年前的政策更加精准、有力，可以看得出来监管层的决心很坚定。差异化的信贷政策配合财税政策将大幅度抬高囤房和炒房的成本，将会有效遏制投机房地产的需求。一位农业银行人士认为，从另一个角度来看，严控房贷还仅仅是堵的政策，从2009年的经历来看，商业银行在房贷业务中的竞争非常激烈，尤其是中小银行为了争夺房贷客户也有压低利率或者降低首付的冲动。而且，市场往往会很快想出应对的办法。因此，对于监管层而言，仅仅制定严格的房贷政策是不够的，还需要监督商业银行严格执行。“从长远来看，建设更多的廉租房和经济适用房，理顺土地机制，大规模增加住房供给，才能够真正疏导庞大的住房需求的洪流。”他说。我要评论,4,1,0.9552469253540039
揭秘乒坛一姐张怡宁婚房(图)     去年10月18日，乒坛一姐张怡宁在北京某豪华酒店完成大婚，其老公徐威是金融界的一位成功人士，徐威身旁的一位朋友透露其身家“以亿为单位应该没问题”。而在去年3月福布斯公布的中国名人榜上，张怡宁的打榜收入是1345万元。千万富姐找到上亿身家的超级金龟婿，两人的婚后生活状态随之备受外界关注。就在张怡宁结婚前半个月，有人就拍到她搭乘徐威的豪华座驾路虎外出扫名牌衣物，随后坐车回到位于北京东直门附近的万国公寓。日前，本报记者专程前往北京，探秘张怡宁居住的这处豪华公寓，没想到她的这处公寓竟是租的，但一年的租金都可以在其他二线城市买套房子了。每月花6万 租住300平米高档公寓张怡宁居住的是一处32层高的独栋公寓，位于北京黄金地段，该公寓只租不卖，价格不菲。记者从公寓租赁协调处了解到，这栋32层高的公寓有不同面积的套房，其中最小的213平米，最大的达到600平米。在这栋公寓中，213平米的套房是相对最差的，分布在6层，西北朝向，但租金却高达2.9万元一个月。“随着楼层的升高，景观不同，因此越往上的房子越贵。”工作人员告诉记者，最好的600平米的套房都在25层以上，但近期已经没有空房可租，每套租金高达13万元一个月。张怡宁两口子的身家加到一起早已上亿，不过他们没有选择600平米那种最好的套房，而是挑了一套面积中等的。“她住在15层，是一套314平米的公寓。她那套房子在那个户型里面算很好的。”据悉，公寓的14至15层都是314平米的套房，但15层更好一些，租金也相对更高，“14层的每套是5.3万元一个月，她住的那种每套租金是6万元一个月。”据悉，该公寓的套房起租时间至少为一年，这意味着张怡宁光是租房子一年就要花掉72万元，而这笔钱在中国不少二线城市已经可以买套不错的房子。只是这72万元对张怡宁来说根本不算什么，而这些钱也不需要她掏腰包。“她不是以自己的名义租的，是以其他人的名字。”工作人员以保护隐私为由，拒绝透露租房者的信息。不过据记者了解，租这套房子的人很可能是徐威，因为徐威主要做对冲基金，现在香港和北京都有自己的事业，他很可能需要两地奔波，这样在北京租套高级公寓暂时落脚更显得合情合理。    低调隐蔽 常从后门出入按理说，张怡宁租住的豪华公寓如此昂贵，应该很容易找到。但实际上，记者询问了东直门周边的一些出租车司机，他们并不太清楚。记者在公寓外看到，公寓实际上处于东直门外小街上，这是一条单行道，门口车辆很少，略显冷清。不过，这是北京入行较早的服务式公寓，物业由美国一家品牌公司在管理，具有国际化高品质的服务。有熟悉这栋公寓的人告诉记者，这栋公寓从来不需要做宣传，但里面住的都是来头不小的人物，“这里准确的地理位置应该叫做第二使馆区，很多外籍人士在这里租房子，比如领事馆参赞等。”张怡宁是北京人，此前她一直与父母住在右安门外的开阳里小区，那里紧邻南二环，闹中取静。张怡宁住在那里是因为距离总局训练局很近，另外也可以避免住在高档社区引来的“名人烦恼”。不过，从婚前两个月到现在，张怡宁开始挪到这处高档公寓居住，随之而来就无法免除被“追踪”，这也让她一度开始改变进出公寓的方式。公寓正门的门卫告诉记者，在两三个月前还常能看见张怡宁，“她还挺客气的，有时会跟我们打招呼。但后来没怎么看见她了。”据记者打探，张怡宁并没有很快消失，只是被曝光住在这里后，她更多选择了从后门进出。有人曾看到张怡宁晚上回公寓，为她开车的司机分外小心，总是在外面兜一圈才在后门停下，“司机的警惕性很高，张怡宁下来后，有时候会看见她家阿姨陪着一起。”身份特殊 物业召开“张怡宁会议”据了解，这处公寓除了高标准的服务，里面高档游泳池、健身会所、图书馆、后花园等等一应俱全。而该公寓的安保措施更是到位，前台只要见到不熟悉的人走进去，都会盘问一番，他们甚至练就了“火眼金睛”的本领。“除了客人，我们还认得客人的朋友、阿姨等等，但不住在这儿的人我们更能辨认得出来。”关于张怡宁，前台接待说她确实在这里住，而且是惟一住在这儿的体育界人物。“住在这里的大多是商界的人，也有外籍人士，很少有体育方面的人，张怡宁大家都认识。”据接待介绍，张怡宁虽然住在这里，但没有接受公寓的高级管理服务，而是由自己请的阿姨照顾生活起居，“她家阿姨来这里的次数比较多，我们都眼熟，我们这儿像她这样的情况也比较多，有些人完全不需要公寓提供的管家式服务，保姆都是自己带来的。”在与记者聊天中，前台接待以不能泄露客人隐私为由，拒绝谈更多关于张怡宁的信息，他甚至还轻描淡写地说：“可能在体育界眼中，她算个大腕儿，什么都值得关心，但说实话在我们这里的客人中，她也不算什么腕儿。”尽管前台接待这么说，但记者还是通过侧面了解到，此前张怡宁被曝光住在这里已经引起公寓管理方的重视。“张怡宁进出这里被人拍到了，还登上了报纸，我们公寓物业专门开会讨论了这个事情，重申了纪律，就是要保护好客人的隐私。”记者手记乒坛明星忙转型对胃口来说，多多益善不是好事。山珍海味吃多了，看到一盘青菜加块泡菜才会口水滴答，食欲大增。看电视剧也一样，只有正义完美的英雄不够，还需要塑造让人痛骂的大坏蛋，这样才让人感到满足。很长时间，贵为“国球”的乒乓球就像一出毫无新意的佳肴，不是胜利就是包揽，让人提不起观赏的欲望。不过，在2009年，乒乓球突然变得娱乐起来，层出不穷的花边八卦，一下跃上了体育最受关注榜，而这一切都要感谢乒坛的一哥马琳、一姐张怡宁。在以前百度马琳、爱情，无非是他和白杨、张宁益的陈年往事，剩下的就只有无边无际的与夺金有关的新闻。但在2009年，一切变得不一样了，马琳接连踢翻多扇门，甚至有直追水门之势，从结婚门、离婚门到小三门、财产门，感情和金钱两大爱恨情仇的必须要素，马琳两者俱全，为所有观众演了一部情节跌宕起伏的大片。从此，有关国球的新闻大部分被花边娱乐充斥，大家提到马琳，不是问“他会退役吗？”而是问“他离了吗？”有意思的是，在马琳深陷“门”危机时，又有人来“解救”他。一向低调的乒坛一姐张怡宁结婚了！名人与资本的联姻，这本是一出再烂熟不过的戏，但是因为我们已经太习惯看到张怡宁夺冠，所以她结婚成了完全与众不同的新闻。从此，国乒再也不缺八卦猛料，有人在离婚，有人在结婚，国乒的明星突然变得很有人情味，他们也是七情六欲的主儿，不再是电视镜头前永远说着“发挥不错”的木偶人。除了马琳和张怡宁，还要感谢王皓和彭陆洋。这份队内恋情的曝光让蔡振华出来否认了“棒打鸳鸯”的谣言，国乒的故事突然变得鲜活起来。有人说，后奥运时代，中国乒乓球队开启了一个“敢爱敢恨”的时代，这是一个不错的总结。其实，在习惯了天天吃“金牌套餐”的时候，加点八卦佐料又为何不可呢？在中国，乒乓球一直承载着荣誉与梦想，正因为如此，队员乃至教练总喜欢喋喋不休说着关于金牌的危机，其实金牌本没有危机，缺了丰富性格的乒乓球才会面临真正的生存危机。2009年，张怡宁结婚了，马琳快要离婚了，王皓恋爱了。2010年，期待有更多的乒乓球猛料出现。既然像神一样的刘翔都能像小朋友一样说我小时候的梦想是当解放军，开大飞机，国乒明星们又有何理由“固步自封”呢？本报记者 盖源源我要评论,4,3,0.9874797463417053
银监会否认提高二套房贷首付比例本报讯(记者熊焱) 对市场上关于上调二套房贷首付比例至50%的传闻报道，银监会1月8日晚间回应称，银监会并未就二套房贷出台新的政策，对于提高首付比例的说法，请不要误传。有媒体近日报道称，银监会正在就二套房贷的相关政策在国有大行内部征求意见，其核心内容是将二套房贷的首付比例提高至50%，利率提高至基准利率的1.1倍，并且收回各金融机构自主决定房贷利率的权力。消息传出当日，沪深地产股大面积下挫。去年9月中旬，央行联合银监会发布通知，对已利用贷款购买住房、又申请购买第二套(含)以上住房的，贷款首付款比例不得低于40%。记者了解到，目前商业银行二套房首付目前为四成，至今尚未收到银监会相关通知。利率方面，各银行二套房贷不同，有的银行执行基准利率上浮10%，有的银行的房贷利率有优惠，可达到基准利率7折。尽管银监会否认了提高二套房贷首付的传闻，但也有业内人士认为，出于稳定房价、打压投机行为以及保民生等多方面考虑，监管部门对于二套房贷的政策肯定会趋紧。我要评论,4,1,0.9778825640678406
华尔街：中国楼市泡沫比迪拜严重千倍●海外评说美华尔街投资：中国楼市泡沫比迪拜严重千倍世界最大的空头基金公司尼克斯联合基金总裁、华尔街“空头大师”查诺斯表示：“中国的房地产泡沫比迪拜严重1000倍以上。”对冲基金为卖空中国股票疲于奔命尽管全球经济陷入危机，但中国经济2010年有可能实现近10%的高增长。因此越来越多的人认为，全世界的资金将涌入中国，中国股市和房地产将会全线飘红。但也有人预测这种情况可能会突然终结，凭借“中国泡沫会破灭”的预测进行打赌。据《纽约时报》报道，部分对冲基金为了卖空中国的股份公司，正在疲于奔命。卖空是借助某公司股票抛出后，以低价重新回购赚取差价的投资手法。“空头大师”查诺斯2001年因准确预测美国能源企业安然会破产而一举进入华尔街巨富行列。他从2009年夏天开始研究卖空中国企业股票的方法。中国不允许在股市进行卖空，并且严格限制外国投资者的投资。查诺斯说：“计划卖空(与中国需求相关的)水泥、煤炭、铁矿石、建设相关企业的股票。”查诺斯此前因准确预测安然、泰科国际有限公司等优良企业的股价会暴跌而名声大噪，他在接受美国经济电视台的采访时表示：“中国的房地产泡沫比迪拜严重1000倍以上。”查诺斯强调：“比起对资产价格的高估，信用的过剩供应才是制造泡沫的主要原因，目前在地球上还没有一个地方的信用过剩供应程度能赶得上中国。”英《经济学家》警告中国楼市泡沫危险信用过剩也就是流动性过剩，指有过多的货币投放量，这些多余的资金需要寻找投资出路，于是就有了投资、经济过热现象，以及通货膨胀的危险。英国时事周刊《经济学家》也警告称，世界经济特别是中国等新兴市场的泡沫有破灭的危险。《经济学家》曾于2007年在美国次级债危机发生之前多次发出警告。2008年9月，全球金融危机终于爆发。房地产独立评论人牛刀接受采访时说，“热钱早就在楼市和股市上都有投机。迪拜的热钱才600亿美元，这几年以来，滞留在中国的热钱至少有6000多亿美元。如果这些热钱全部集中在一个时间出逃，产生的泡沫破灭效应会比迪拜严重得多。”据法制晚报我要评论,4,1,0.7868489623069763
房产替代股票 成为投资者新年期待的宠儿虎年探头，投资者一年的理财计划也即将开始布局。在上海证券报和新浪财经本期的联合调查中，我们对“2010年，投资什么将胜算大？”在广大网友中做了一项调查。调查显示，在过去的2009年，有3成左右的受访者表示股票让其收益最高，而房产、基金、黄金和其他投资品种则不相上下。2009年12月31日，沪指收报3277.14点，深指收报13699.97点。按照收盘点位计算，上证综指全年累计上涨近八成，深证成指涨幅则高达111%。在一年的涨幅累积后，中国A股市场稳坐全球股票市场排名前十位。虽然大多数投资者难以从去年最低点抄底成功，但是从中分一杯羹并且有所斩获还是相对容易的，也让投资者对去年的股票收益较为满意。而对于今年的股票市场，也有一半以上的受访者表示看好。而被问及今年哪项投资将会收益最高，有35.8%的受访者表示为房产投资，其次分别是股票、黄金和基金。2009年的房地产行业先抑后扬，呈现“V”字型增长。一季度，房地产延续了2008年的低迷走势，成交清淡。而在接下来的几个季度，特别是第四季度，在房贷政策收紧和营业税优惠末班车的刺激下，各大城市二手房房价急剧上升。根据国家统计局公布的数据显示，1~11月，全国商品房销售面积75203万平方米，同比增长53.0%。这也让去年不少二手房投资者赚得盆满钵满，而这种财富效应依然强烈，以至于有三成以上的投资者期待明年的房产市场依然红火，认为房产投资是胜算最大的投资品种。而也有不同观点认为，今年住房需求将趋于平衡，且将供大于求，加之房地产信贷政策和抑制房产投机的政策将更加细化，2010年房价将高位盘整。另外，在调查中，也有五分之一的投资者非常看好今年的黄金投资，这和去年15.9%的投资者在黄金投资领域收益最大也有不少关系。2009年始，国际现货黄金先是以874.5美元/盎司开盘，而经过半年时间调整后，去年9月8日盘中最高冲破1000美元/盎司大关，确立了年内黄金牛市的主基调，而2009年年内最高点也一举创下1226.65美元/盎司的价格。对于2010年的黄金走势，市场人士分析，基于美元弱势地位尚未改变，黄金牛市行情将继续展开。我要评论,4,1,0.7735205888748169
国11条不影响公积金贷款1月10日，“国11条”公布，对已利用贷款购买住房、又申请购买第二套(含)以上住房的家庭(包括借款人、配偶及未成年子女)，贷款首付款比例不得低于40%，贷款利率严格按照风险定价。那么新政策对公积金贷款等方面是否有影响呢？公积金贷款不受影响但额度受限 仍可首付两成 记者昨天自北京市公积金管理中心处获悉，目前公积金中心还没有接到相关收紧二套房贷的通知，公积金贷款仍然按照之前的政策执行。对此，链家地产市场分析师张月这样解释，如果家庭成员中，已经有一套房子是采用的商业贷款，如果再购房，采用公积金方式贷款，将不受二套房贷的影响，仍可以首付最低两成；如果家庭成员中已经用公积金贷款买了一套房，再购房之前把此套贷款还清，仍可以两成首付购房，不受二套房贷的影响。如此一来，公积金贷款必然在以后的贷款中受到越来越多消费者的青睐。额度会受限制 不过，张月同时指出，公积金贷款还是会受到贷款额度的限制。一般买第二套以上房的真正的升级置业者，购房面积相对较大，总价和贷款额度也相对大，公积金贷款不一定具备支付能力。现在公积金可以最高贷款80万元，根据不同的缴存额度，所贷款项也不同，一般是贷不到最高额度的。而以现在的房价，购买改善型住宅的人，房子起码是三居，100平方米以上，动辄就得200万元以上，如果单纯办理公积金贷款，首付两成，贷款额度远远不够。单纯的公积金贷款还是无法满足改善型住房者的贷款需求。改善型购房者或享受不到优惠 2008年12月国务院办公厅发布的关于促进房地产市场健康发展的若干意见中明确表示：加大对自住型和改善型住房消费的信贷支持力度。对已贷款购买一套住房，但人均住房面积低于当地平均水平，再申请贷款购买第二套用于改善居住条件的普通自住房的居民，可比照执行首次贷款购买普通自住房的优惠政策。而此次出台的“国11条”新政，在二套房的界定上没有再提及“改善型住房”。中原地产三级市场部副总经理宫萍表示，据北京中原三级市场研究部的统计数据显示，北京中高档二手商品房交易中，15%的消费者是改善型购房。而此次政策后，会有属于改善型需求的购买者被视为“楼市投资者”受到政策抑制的现象出现。购房成本案例比较 通过案例计算来比较一下该政策执行前后二次购房的购房成本。假设该政策前后同一套房产的购房者分别被划为改善型可以享受优惠和非改善型二次购房需求，其购房成本相差甚多。假设王先生二次购房，购买一套房屋总价150万元的二手房，贷款以20年期计算(基准利率5.94%)，如右表计算。比较结论：从案例对比中可以看出，同一套房产，由改善型划为非改善型后，首付款将需多支付10.5万元，贷款利息将多支付15.11万。虽然非改善型购房贷款金额低于改善型，但由于利率的上浮，导致利息更高。>>业界看法 银行对自住者应区别对待 “链家地产”市场分析师张月认为，“国11条”针对二套房贷的政策，让投资购房的人产生较强的心理警示，也会让普通自住者对后期市场国家调控产生一定的心理预期，但对房价和真正的自住购房者升级置业不会直接产生影响。主要因为升级置业者支付能力较强。不过，建议银行对真正自住的房贷者应该区别对待。改善型购买意愿或将下降鑫尊置地房地产经纪有限公司市场推广经理龚靖表示，据了解，来门店购房的人，很多都是把小房子卖了，准备升级置业换个大点的。如果改善型购房的房贷优惠被取消，将让他们的房贷首付压力加大。这部分人群购买意愿将会下降。 (赵丽萍)我要评论,4,1,0.6336721777915955
"外媒选出世界上九个最不受待见的城市(组图) 世界上最大的独立旅行出版商Lonely Planet以Cities You Really Hate(真让人讨厌的城市)为题在自己的网页上列出了9个世界上最不招人待见的城市。墨西哥 切图马儿(Chetumal)在这个名单上排名第9的是墨西哥的边界城市切图马尔(Chetumal)，上榜原因是这个城市是个大众旅游的地方，缺乏魅力。坦桑尼亚 阿鲁沙(Arusha)排在第8名的是坦桑尼亚的阿鲁沙(Arusha)，是通往大自然的门户，城市本身不可多呆，越早离开越好。印度 钦奈(Chennai)第7名是印度钦奈(Chennai)，要说也算个大城市，但是没有孟买的繁华，没有德里的历史，也没有班加罗尔的热闹，据说来自那里的女影星都不够热辣性感。萨尔多瓦 圣萨尔多瓦城(San Salvador)第6名是萨尔瓦多的圣萨尔瓦多城(San Salvador)，据说是中美洲国家中黑色污垢最多的首都。英国 伍尔弗汉普顿(Wolverhampton)第5名是英格兰中部城市伍尔弗汉普顿(Wolverhampton)，Lonely Planet的评价很简单：So bad that we don’t even have it on this site(实在太差了，本网站都没有介绍这个城市)。美国 洛杉矶(Los Angeles)第4名是美国的洛杉矶(Los Angeles)，洛杉矶入选是因为该城市的污染、交通拥堵，还有特难看的高速公路网。韩国 首尔(Seoul)排在最不受欢迎城市榜单第3名是我们的邻邦韩国首尔(Seoul)，用一个网友的评价来说，首尔到处是“苏式水泥建筑群”，污染严重，毫无生气，老百姓只能借酒浇愁。加纳 阿克拉(Accra)第2名是西非加纳首都阿克拉(Accra)，ugly(丑陋), chaotic(混乱), sprawling(杂乱无序)，毫无海滨城市特色。美国 底特律(Detroit)美国的底特律(Detroit)夺得Most hated cities的头筹，理由是治安不佳、环境污染，以及每况愈下的城市基础设施。我要评论",4,5,0.9991139769554138
政法委副书记被曝圈地建别墅 纪委已介入快报赴连云港调查：院子占地1200平方米，单位称不知情，纪委已介入 近日，有网友报料，连云港花果山渔湾风景区东侧山涧，出现两扇大铁门把守的2000平米豪华大院，主人是连云港政法委副书记孙灿。网友质疑，在连云港这个苏北经济欠发达的地级市，一个政法委副书记，大圈地建别墅，实在是太张狂。真相到底如何？□快报记者 李绍富记者探访官员圈地2000平方米花果山旁建豪华别墅近日，网友“云台反贪义士”发帖，称连云港市政法委副书记孙灿在新浦区云台乡朱麻村，也就是花果山渔湾风景区旁圈地2000平米，建设豪华欧式别墅。帖子称，连云港是苏北一个经济欠发达的地级市，一个政府官员能圈地2000平米，已经是很了不起了，而再花巨资去精心打造别墅豪宅，而且还经常开“皇冠”出入别墅，这也太张狂了吧。为了证实所述事实，“云台反贪义士”帖子中还有一组豪宅实景图片。有网友看到照片后，称别墅的大门都是进口不锈钢大门，此为银行金库的专用大门。记者探访院子占地1200平方米有山有水配实木长廊1月9日上午，快报记者来到连云港新浦区云台乡朱麻村，寻找网友所说的豪华别墅。该村距离连云港渔湾风景区直线距离约2公里，距离花果山风景区直线距离则在14公里左右。“孙书记家就在村里，在村后建了两层小楼，很气派的。”当地一村民称，村后的大山脚下，高墙大院围着的二层小楼就是。大院位于一条小河边，面积约1200平方米，这与网友所称的占地2000多平方米有些出入。大院由两米多高的院墙和两扇不锈钢大门把守着，院内竖立着一栋面积约200平米的二层欧式小洋楼。从大院后侧的高地看去，院内确实别有洞天。大院北侧裸露山岩下，一条自然水沟从院落内流过，配上实木长廊。实木长廊顺着水沟从大院西北侧一直延伸到东南侧，呈“L”形。小楼被成片的草皮包围，草坪上有一盏草坪灯，还有一条半米宽的条石路。院内还有一块巨大的自然凸石和一座假山，此外还有几块零星的菜地。一村民称，小洋楼是连云港市政法委副书记孙灿的。“他们家有钱，修这房子算不上什么，院子太大了，在村里绝对是最大的大院。”记者注意到，在村里，孙家的这栋二层小楼无论是在设计和造型上，还是大院内的布局，看起来都与众不同。尤其是高墙围圈的那个超大的院子，看上去显得很有气派。别墅造型虽然算不上豪华，但还是有些鹤立鸡群的感觉。“平时很少看到孙书记回来，去年中秋节时回来过，开的是一辆黑色‘皇冠’。”一姓刘的村民称。至于建房的手续问题，当地不少村民都说，凭孙家的关系，在村里弄一块地盖房子，那是很容易的事。村里说法宅基地是老房地基置换大院为购买居民自垦地朱麻村党支部书记陈耀玄说，他对孙家圈地盖楼一事很清楚，而且还帮忙协调过。陈耀玄说，这栋房子，准确地说应该是孙家建的，“孙书记的父亲是一个退休的处级干部，他还有一个叔叔在北京工作，也退休了。2009年年初，他叔叔回来，表达了回乡养老的愿望，正好他父亲也有回村养老的意思。”陈耀玄说，孙灿是家里的独子，建房的任务自然落在他身上，可因为忙，孙灿就委托住在村里的一个叔叔帮忙料理。建这栋小楼花了多少钱，陈耀玄不是很清楚，但他称，孙家建房手续是齐全的。“他们一家都是非农户口，按道理说是没有宅基地，但他家在村里有老宅子，孙家同意把以前的老宅子地基拿出来，列入村级统一规划，村里才同意他家在现在的位置建的。”陈耀玄说，孙灿父亲书面提出申请，村委会开会研究同意后，报到了乡里。乡里批准后，孙家才开始建该房的。房子建好后，开通电力供应时，也是孙灿的父亲提出申请的。陈耀玄说，孙家圈的那个大院子，以前是荒地，是7户人家开垦或占用，孙家建房时，花了4万元买过来，圈成了大院。孙家跟每家都签了协议，钱是孙灿在老家的叔叔交到村里，村里帮忙发放的。“荒地按企业用地标准来付钱，你说谁还不愿意卖?”当地一村民介绍，孙家的这栋房子，不算装修，费用要10多万，要算上大院内的草坪和树木，可能得近20万。至于内部装潢，具体多少钱，那就不清楚了。村里欢迎官员回乡定居图的是以后办事会方便陈耀玄称，作为村干部，要为村里的长期发展考虑，他认为，像孙灿的叔叔以及孙灿这样从村里出去的干部，村里欢迎他们退休后回村居住。“对村里来说，以后办事可能就方便很多。“两年前，我们村里希望把道路和水沟治理一下，希望能争取到乡里立项，孙家和村里另一在外当官的干部出了很大力气。”陈耀玄说。孙家这处别墅在去年中秋节前建好，房子建好后不久，孙灿的父亲回来住了几天，他是癌症患者，后来因油漆味太重又搬走了。陈耀玄回忆，中秋节时，孙灿确实开着皇冠回村，不过很快就走了，后来他父亲也走了，房子就空着。“纪委找过我们谈话，我们也如实反映了。”陈耀玄说，当初孙灿父亲的建房申请、补偿给村民的4万元钱相关手续和凭证，纪委的工作人员全拿走了。记者从新浦区云台乡了解到，乡里关于孙家建设房的相关材料，也于1月10日上午被市纪委相关人员拿走了。国土所认定集体土地禁止私自买卖买地圈院子绝对属违规连云港云台乡国土所一姓杨的工作人员介绍，农村的宅基地，只能是户口在村里的人才有，非农户口是不允许在农村买地建房子的。而老宅子宅基地置换问题，原则上也不允许随便置换，但在具体操作时，有一定灵活性。私买农村的地皮，圈大院子，这是不允许的。据国土部门工作人员介绍，宅基地是国家为满足农村住房需要，从集体土地中划拨给村民建房用的，而且是一家一户，不能说有钱就随意购买。而对那些户口迁出本村的人员，则不能在村里享受宅基地。农村的宅基地，对非农户口的人来说，如享有继承权的，可以继承农村的宅基地，没有办证的，可以申请办证。如果想要在原来宅基地上改建，则需要询问当地村镇规划部门，得到同意后，方可改建。如果是非农户口，在农村除继承外，就不应该存在宅基地。该工作人员称，孙家圈那么大一个院子肯定违规，因为农村的集体土地是不允许私自买卖的。不过，该工作人员承认，在农村，除耕地外，其他土地管得较松，经常出现村里同意，用地手续还没下来就开建的情况。该人士介绍，离退休后回乡定居，这个国家政策是允许的，但需向村委会申报，经同意后，报乡里村镇规划建设部门审批同意后，再向国土部门申请用地许可，然后才能建设。而自己从村民手里买地圈院子，这个是绝对不允许的，农村的土地，不允许私下买卖。政法委回应不知道副书记老家盖新房按收入他们家应该建得起1月9日下午，记者多次拨打孙灿手机，均无人接听。连云港市政法委一工作人员称，网上关于孙书记在老家盖别墅的事，现在传得很厉害，孙书记这几天正为这事在向市里领导说明情况，配合相关方面调查。“孙书记昨天才从省里开全省政法工作会议回来，一回来就到市里向领导说明情况去了，听说现在还在市纪委接受调查。”随后，该工作人员与孙书记取得联系。一番沟通后，该工作人员称，孙书记正在纪委说明情况，并配合纪委部门工作人员调查，不方便跟记者见面。该市政法委负责宣传的一工作人员称，在老家建房子的事，他们以前没听孙书记说过。到目前为止，这个房子到底是不是孙书记修的，花了多少钱，是否有合法手续等，政法委还不清楚，按照干部管理相关规定，官员这样建房子，应该向纪委报告，建议记者去找当地纪委了解情况。据了解孙灿家的人士透露，按照孙灿家的收入状况，是有能力建设那栋房子的。孙灿自己是正处级干部，每月收入有将近7000元，他妻子也是纪委退休的，收入也在5000元以上。其儿子儿媳也在连云港的高校工作，再加上孙灿的父亲也是退休干部，一家人收入都挺高的，所以盖一栋180平米的二层小楼还是有经济实力的。纪委答复相关情况正在核实中今天可能有调查结果接近连云港市纪委的人士介绍，1月9日下午，工作人员大部分都在加班。一部分人负责听取孙灿关于建房的说明，与其谈话。另一部分人则实地查看孙家建设的别墅和所圈的大院，并现场拍摄了照片。同时，纪委还收集了孙家建房的相关资料，正在进一步调查。连云港市纪委相关人士称，很多事情还有待进一步核实，暂时不方便透露。根据目前的调查进度，初步估计1月12日会有结果，到时候会在第一时间向媒体公布。我要评论,4,7,0.8501471877098083
冯小刚获赠杭州西溪别墅 一部《非诚勿扰》，让很多观众知道了杭州西溪，西溪湿地公园因此游客暴增。景区一直有传言说，当地政府为了感谢冯小刚拍摄这部电影，把电影中出现的西溪湿地别墅送给他使用。日前，浙江影视集团董事长倪政伟证实了这一说法。倪政伟2009年7月13日对记者说，《非诚勿扰》中，葛优在西溪打电话的那栋别墅，目前已成为冯小刚的杭州工作室，这算是政府对他的奖励。但冯小刚只有使用权，没有所有权。我要评论,4,2,0.8133499026298523
银行业协会叫停房贷返点晨报讯（记者 张晓莉）记者昨日从房地产中介机构获悉，去年最后一天，中国银行业协会悄然给会员银行下发了一份通知，要求各商业银行停止向房产中介和房贷中介机构以各种形式支付返点。全国范围内叫停此类返点的序幕正式拉开。这份中国银行业协会的通知名为《关于规范做好个人房地产按揭贷款业务维护市场秩序的自律共识》。该协会明确提出：自今年1月1日起，停止以任何形式向房贷中介及其从业人员支付与所提供的服务不对称、纯粹业务介绍的“返点”费用。早在去年11月，上海、深圳、大连和杭州等地的银行同业协会陆续推出类似的房贷“自律公约”，要求本区域内的银行停止以任何形式向房产中介和房贷中介机构支付返点。北京的主要国有银行和部分股份制银行也在去年末停止向中介机构提供返点。但是，返点行为并未就此停止。多家中介机构表示，不少银行仍在变相提供返点。中易安房地产担保有限公司市场总监徐东华认为，房贷返点已经成为银行争抢房贷市场份额的主要竞争手段，而要想彻底杜绝这种“潜规则”，仅仅依靠行业自律显然不够，需要银监会等监管部门介入并明确违规责任。他表示，国外也存在银行向房贷中介机构支付佣金的情况，但通常都要求必须向消费者明示且不得超过核定限额，否则将被视为商业贿赂行为。到目前为止，我国还没有相应的明确规定。■新闻资料房贷返点在房贷按揭市场的竞争中，银行为了从房产中介和房贷按揭服务公司获得贷款业务，通常会向这些机构支付佣金。佣金的水平不一，一般是按揭贷款额的0.3%到接近3%，而一线城市的水平大约在0.5%至2%之间。这项佣金在业内被称为“房贷返点”。■新闻链接叫停“返点”影响不一对贷款人：服务费可能提高资深房产中介人士分析，叫停返点之举可能导致中介提高贷款服务费，但目前没听说有机构考虑提高。记者从多家中介了解到，北京的房产中介贷款服务费收费标准大致为：贷款额度在一定金额以下收费3000元左右，超过部分每1万元加收50元。一笔100万元贷款的服务费大致在6000元。在实际操作中，中介机构一般不会收取超过份额的加收费用。取消返点后，房产中介向客户收取的贷款代办费用出现上升空间，但在实际操作中，中介会根据市场情况决定是否提高。对中介机构：扩张稍有放慢中易安房地产担保有限公司市场总监徐东华认为，叫停返点对中介影响有限。目前中介的主要盈利以促成交易所收取的交易佣金为主，房贷返点收入一般只占房产中介收入的15%至20%。并且，即使取消房贷返点，房产中介仍然可以向消费者收取一定数额的贷款代办费用，其整体利润损失不会很大。但是，该笔现金流的缺失会使部分房产中介的扩张步伐稍有放慢。晨报记者 张晓莉我要评论,4,1,0.9800539612770081
住建部：五措施抑制投资投机性购房 昨日上午10时，国务院举行新闻发布会，召集住房城乡建设部副部长齐骥和国家发展改革委、财政部、国土资源部、人民银行、银监会六部门相关领导，介绍《国务院办公厅关于促进房地产市场平稳健康发展的通知》（简称“国11条”）具体内容，并答记者问。新闻发布会上，齐骥表示，去年下半年以来，随着房地产市场的回升，市场供需矛盾加剧，房价持续上涨，部分城市投资投机性购房大幅上升，进一步推动了房价过快上涨。对此，国务院明确要求进一步加强和改善房地产市场调控，在鼓励和支持居民合理住房消费同时，抑制投资投机性购房，促进房地产市场平稳健康发展。主要政策措施：一是增加普通商品住房和保障性住房有效供给。二是加大差别化信贷政策执行力度，继续实施差别化的住房税收政策，合理引导住房消费，抑制投资投机性购房需求。三是加强防范风险和市场监管。四是加快推进保障性安居工程建设，力争到2012年末，基本解决1540万户低收入住房困难家庭的住房问题。五是落实地方各级人民政府责任。五部门详解“国11条”热点城市增加限价房供应f住房城乡建设部副部长齐骥齐骥表示，“国11条”的目标就是要在今年房地产市场调控工作中，重点做三件事：一是要增加供给，而且主要是增加普通商品住房的供给。他更明确说：“对于房价较高、上涨比较快的地方，在增加普通商品住房的同时，也要增加限价商品住房、经济适用住房、公共租赁住房等带有政策和保障性质的住房。”而在增加供应方面，他表示一定要增加中小套型普通商品住房供应的比例。“简单来说，建一套140平方米的房子可以建两套70平方米的房子，两套就是增加了供应的户数。”二是要合理引导投资消费，抑制投资和投机性购房。明确商品房的定位首先是满足居住，遏制不合理的住房消费，使得商品住房的供求关系更加平稳。三是要加快保障性住房的建设。他首次提出，国家将启动城市和工矿棚户区改造，“今年将有600万套左右这类的房子开工建设”。另外，他在回应记者关于中国房地产市场是否形成泡沫问题时，明确表示在中国的一些热点城市特别是沿海城市当中，商品住房的价格偏高。正因为此，他要求一些热点城市增加限价普通商品住房的供应，主要是满足普通群众或者中低收入群体能够支付得起的住房。月底前处理完1万公顷闲置地国土资源部副部长?小苏“截至2009年底，全国仍然约有1万公顷闲置土地，我们正在安排清查处理，要求各地在2010年1月底之前，基本处理完毕”，在答记者问时，国土资源部副部长?小苏公布了全国清查闲置土地的情况，并明确了处理目标。他表示，土地闲置大体有两类原因：企业自身原因造成的在1万公顷中占46%左右；占54%的闲置土地主要是政府原因、政府有关部门工作原因造成的，包括规划调整、土地经济纠纷造成司法查封等原因，造成土地不能按期开发。另一方面，他也强调，目前开发商手上的土地可以保证今后两三年的开发，广大群众不需要担心无房可买的情况。他说：“截至2009年底，全国房地产开发企业手中已经拥有近300万亩的土地，保证今后两三年房地产开发用地是没有问题的。另一方面，全国各级土地储备中心截至去年底，储备土地22万公顷以上，增加房地产供地和实施房地产用地调控应该说也完全是有保障的。”严格二套房首付不低于四成要求银监会副主席王兆星据悉，“国11条”中有关二套房贷首付不得低于四成的规定最受广大市民关注。对此政策，银监会副主席王兆星解释，对个人住房按揭贷款的第二套以上的带有投资和投机性的，也就是为了未来出售和价值增值而购买住房的行为实行有效的风险控制。对于第二套以上住房的，要严格坚持首付成数不低于40%的要求。而且要对个人房贷的申请者进行有效的调查、核实，并且严格落实面谈面签制度。同时对个人住房按揭贷款申请者的收入情况和还贷情况以及还贷的记录进行相应的调查。他也指出目前房地产的开发贷款和个人住房按揭贷款已经占到贷款的增量和整个贷款余额的20%左右，银行也会积极支持中国房地产业的健康平稳发展，贯彻中央的惠民生、支持低收入群体住房条件改善的基本需要，在贷款的发放以及相关方面给予支持和优惠。不支持投资投机性购房按揭人民银行金融市场司司长穆怀朋“国11条”明确规定，要加大差别化信贷政策的执行力度要求金融机构、贷款利率严格按照风险定价，其中二套房贷利率如何定成为关键点。对此，人民银行金融市场司司长穆怀朋表示这个政策主要还是防范信贷风险，“我们鼓励商业银行支持自住性购房需求，对于其他的投资投机性购房需求，商业银行原则上不予以支持”。他也提出，贷款利率严格按照风险定价即会对抵押贷款实行差异化定价，上限放开，实行下限管理。税收政策支持棚户区改造财政部部长助理王保安据悉，今年国家将加大对城市和国有工矿棚户区改造。对此，财政部部长助理王保安明确财政部会在税收优惠政策上给与支持。其包括三方面内容：一是对城市和工矿棚户区改造的安置住房免税。二是对城市和国有工矿棚户区改造中的安置住房项目免收行政事业性收费和政府性基金。三是作为政府对于棚户区改造中的经济适用住房和廉租住房用地实行划拨供应，免收土地出让金。我要评论,4,7,0.9014244079589844
三招应对二套房首付比20%上周日，国务院办公厅发布了《关于促进房地产市场平稳健康发展的通知》(下简称《国十一条》)，其中明确规定：对已利用贷款购买住房、又申请购买第二套(含)以上住房的家庭(包括借款人、配偶及未成年子女)，贷款首付款比例不得低于40%，贷款利率严格按照风险定价。《国十一条》出台后，各大银行对二套房申购的首付比例都有了相对严格的审批，即首付比例不低于40%。但是，对于那些仍有强烈的购买二套房需要的居民，手中又一下子拿不出那么多钱做首付，还有没有办法购买二套房呢？记者发现，购买二套房贷款首付比例20%仍有招数：招数一：善用住房公积金贷款据了解，广州目前就只有工商银行[5.08 -0.20%]、中国银行[4.16 0.00%]、建设银行[5.88 -0.17%]、农业银行、交通银行[8.74 0.69%]这五家国有银行有用住房公积金贷款购买二套房的业务，其他股份制银行，如招商银行[16.31 -0.12%]、深圳发展银行、上海浦东发展银行、兴业银行[34.59 0.41%]等都没有用住房公积金贷款购买二套房的业务。在首付比例上，如果用住房公积金贷款购买二套房，农业银行、交通银行、建设银行、中国银行的最低首付比例都可以达到20%，工商银行的最低首付比例可达到30%。值得注意的是，同是购买二套房，购买一手房和二手房在首付比例上区别很大。例如建设银行规定，如果用住房公积金贷款购买二套房，一手房首付不低于20%，二手房首付则不低于30%。中国银行则规定，用住房公积金贷款购买二套房，一手房首付不低于20%(无年限限制)，二手房首付则不低于30%(年限为20年)。但各大银行均表示，由于各个银行的支行网点关于公积金贷款购房的首付比例及贷款利率的细则都有所差异，因此居民如果办理该业务，详细的内容需要到购房所在地的经办网点具体了解。在申请购买的程序上，建设银行规定用住房公积金购买二套房，需要城镇户口，本地户口人士需缴存公积金6个月以上，外地户口的需缴存公积金12个月以上。工商银行规定，本地户口和外地户口的缴存时间没有规定，但外地户口的须在本地工作满一年。中国银行规定，外地户口的需在广州本地工作，缴存公积金在半年以上。农业银行规定，本地、外地户口的均没有区别。交通银行规定，户口不受限制，但需要本人在广州工作。招数二：申请购买改善型住房在《国十一条》出台前，国务院曾发出通知，对于再申请贷款购买第二套用于改善居住条件的普通自住房的居民，可比照执行首次贷款购买普通自住房的优惠政策。此次的《国十一条》中没有提及“改善型住房”的字眼，因此此前的规定是否仍然有效现在还没有最终的说法。在各大银行等待总行下发关于《国十一条》的准确执行方案之前，如果申请购买二套房为改善型住房的，仍有可能享受首付20%的优惠。在《国十一条》出台之后，国内一些城市已经陆续公布了“改善型住房”的标准，像上海市公积金管理中心就于1月6日宣布，借款人家庭人均住房建筑面积超过33.4平方米，第二次贷款购房，即认定为购买非改善型住房。根据记者采访，目前广州对如何认定“改善型住房”还没有完全统一的规定，比如有的银行对第一套房人均占有面积并没有限制，只要按揭购买第二套房都算是改善型住房；有的则对第一套房的人均居住面积有限制。目前，广州市大部分银行仍表示还有改善型二套放贷的优惠，在首付比例上虽不能打包票依旧享受20%的优惠，但仍有一定的优惠空间。虽然政策可能随时有变，但现在去申请购买改善型二套住房，还是有可能享受首付优惠的。此外，在放款时间、申请审批时间及是否可以提前还款的问题上，各家银行也不尽相同。比如工商银行的审批时间大概在一周左右，提前还款方面没有特别的限制；而招商银行的审批时间则在10天左右，贷款半年之后就可以申请提前还款。各大银行均表示，由于各个支行网点在具体条款上都有些差异，因此具体的细则需要购房者自行去办理网点详细咨询。我要评论,4,1,0.7185018658638
传印花税下周恢复双边征收 官员称并未听说昨日(15日)，市场开始传言周末将公布证券交易印花税恢复双边征收政策，下周四起实施。另据消息称，此次调整只是对机构(法人)投资者交易印花税恢复双边征收。国家将用税收杠杆增加机构大资金投资者倒仓成本，避免股市暴涨暴跌，保护投资者利益。据新浪财经报道，财政部相关负责人称未听说此消息，财政部财科所所长贾康亦表示如果有政策会正式通知，不会这样传，传的都不靠谱。在此次传言中，有一个版本是此次信息源是华泰证券，而该券商高层亦表示，未听说此传言。市场人士普遍认为，提高印花税对股市是重大利空，而目前大盘的点位并不高，特别是蓝筹板块经过持续调整，估值已经处于合理区间，并没有出台此政策挤泡沫的理由。从昨日股市反应来看，大盘也并没有受此传言的影响。不过，所谓无风不起浪，这一传言在股民中还是引发了较大的担忧。因为2007年财政部在5月30日凌晨提高印花税，让A股经历了“5·30”地震。有此前车之鉴，加上近期小盘股涨得太厉害，不少股民担心相关部门真的会调整印花税。此外，中国国家税务总局昨日还公布，2009年证券交易印花税下降47.9%。在证券交易印花税大幅下降的背景下传出调整印花税的消息，难说是空穴来风。我要评论,4,7,0.7061930298805237
住建部要求地方政府清理土地出让金优惠政策 决策层求解高房价难题的政策调控之手，在指向地方政府时，却面临着一场尴尬的较量。1月13日，住建部副部长齐骥再次明确要求地方政府要抓紧清理和纠正地方出台的越权减免税等规定。据住建部一消息人士向《华夏时报》记者透露，地方“救市”政策清理首当其冲的就是地方土地出让金的减免优惠政策。但是，在中央发力调控下，地方政府却表现得不那么积极。这场事关地方利益的政策“博弈”远没有结束。矛头直指地方政府地方政府出台的楼市救市政策正面临着住建部的“清理之手”。一住建部消息人士告诉《华夏时报》记者，目前地方“救市”政策着重清理的是与“国十一条”要求相悖的政策，地方需要废除2009年出台的一些减免优惠政策，比如减免土地出让金、税收优惠等政策，其中首当其冲的应该是地方土地出让金的减免优惠政策。据了解，包括土地出让金在内，依附于土地和房产的形形色色的税费，是支撑地方政府财政的主要力量。因此，在2008年国家表示允许地方政府根据当地情况调整房地产业扶持政策之后，有19个城市出台了土地出让金减免的优惠政策。“以往的调控政策之所以一直未能取得预期效果，关键原因在于中央政府和地方政府的利益博弈。”北京联达四方房地产经纪公司总经理杨少锋告诉《华夏时报》记者，中央政府把房地产当做民生问题，希望房价能够让大部分老百姓承受得起；而某些地方政府则是把房地产当做经济问题，土地出让金和税收是地方政府最关心的问题。正是这种中央地方利益的不一致，导致许多很有针对性的调控政策到了地方却无法执行。事实正是如此，“2009年中国土地出让金年终盘点报告”显示，2009年中国土地出让金总金额达15000亿元，比2008年增加140%。仅以北京为例，2009年通过招拍挂方式成交的各类土地达247宗，成交金额达928亿元，土地出让金收入占财政收入比重达到45.9%。杨少锋认为，此次中央明确地方政府作为房地产调控的首要责任人，并对地方政府刺激房地产的“救市”政策要求清理，说明中央已经意识到整治房地产首先需要规范的是地方政府的行为。地方“化解”中央调控而土地出让金环节的优惠政策清理，只是最初一个环节。上述住建部消息人士告诉《华夏时报》记者，对地方“救市”政策的清理除了购地环节的土地出让金减免政策，还将清理开发、销售各环节中的税费优惠补贴政策，取消地方上分拆发放预售证等做法。然而，与中央对房地产市场调控频频发力相比，部分地方政府似乎却出现了调控动力不足的现象。在去年的房地产优惠政策陆续到期终止后，一些地方仍在延续以前的优惠政策，有的城市甚至又出台优惠新政。就在“国十一条”公布的当天，杭州市政府公布了购房入户、财政补贴、购房住房公积金及交易税费等29条优惠政策。类似的在2009年12月底，南京、青岛也都陆续出台房地产新政，分别包含购房补贴以及优惠政策顺延等等。从内容上看，这些政策似乎都与中央房地产调控的基调相悖，但住建部等中央决策部门却并未有明确表态。牟增彬告诉《华夏时报》记者，中央终止营业税优惠，明确土地出让金缴纳等相关条款后，地方的优惠政策自然终止。但在中央尚未提到的政策领域，如购房补贴、信贷等，地方政府仍存在较大的操作空间。对于目前的一系列调控政策对市场可能存在的影响，中原地产总经理李文杰告诉《华夏时报》记者，这主要表现在市场对后市的观望上，一旦中央的调控政策无法在地方真正执行，市场表现还会回复到2009年的状况，因此调控的关键还是中央与地方的统一。我要评论,4,7,0.9951784610748291
各家银行住房公积金购买二套房列表&nbsp;各家银行住房公积金购买二套房列表 银行/首付比例办理程序中国建设银行[5.88 -0.17%]一手房不低于20% ，二手房不低于30% 需要城镇户口，本地户口需缴存公积金6个月以上，外地户口需缴存公积金12个月以上中国工商银行[5.08 -0.20%]不低于30% 本地户口和外地户口的缴存时间没有规定，但外地户口的须在本地工作满一年中国农业银行不低于20% 本地、外地户口的均没有区别中国银行[4.16 0.00%]一手房不低于 20% (无年限限制)二手房不低于30% (年限20 年)外地户口的需本地工作，缴存公积金半年以上中国交通银行[8.74 0.69%]一手房比例不低于 20% ，二手房比例不低于30% ，户口不受限，需在广州工作我要评论,4,1,0.8041214942932129
"汇通滨水动漫城 打造新年精气神新年伊始，对于广大动漫艺术爱好者而言，京东动漫文化基地——汇通滨水动漫城的基建完工无疑是严寒中的一股暖流，让大家都卯足了创作的精气神。这个集艺术、文化、商业、办公、娱乐于一体的复合型国际化动漫基地将为动漫创意者搭建专业的平台。动漫产业给人以梦想，以快乐，它是文化产业中极具生机的组成部分。作为一项朝阳产业，高科技、高投入、高产出的要求，决定了动漫产业必然要走一条高度集中发展之路。在动漫产业发展相对成熟的美国和日本，他们的经验也告诉我们，动漫产业不可能遍地分布。正是基于历史的经验借鉴，加之北京市和朝阳区大力发展文化创意产业的机遇，汇通滨水动漫城应运而生。坐落于北京朝阳区三间房“运河·新时尚”滨河景观带的汇通滨水动漫城属于通惠河文化创意产业规划区的配套商业综合项目之一。汇通滨水动漫城拥有占地30,000平方米的动漫设计工作室，可作为入驻企业的载体。动漫城建筑格局中提供六种不同风格的工作室，适合各种需求的动漫企业和个人自由创作。此外，与动漫城相邻占地15,000平方米的文化艺术中心更为该区增添了一道浓厚的文化色彩。发展动漫产业是一项涉及多个环节、多个领域的系统工程，拥有一个设施完备，文化氛围浓郁的创作环境无疑是形成完整动漫产业链条的前提条件。不久的将来，滨水动漫城，将汇聚国内外动漫大师级专家和国内动漫领域一线精英，通过搭建专业交流与互动平台，缩短与国际最顶尖水平的差距，掌握产业前沿动向，促进产业合作，提升北京动漫设计企业和工作室的技术水平，推动北京动漫产业发展。据悉，汇通滨水动漫城将于2010年6月30日正式投入使用。我要评论",4,6,0.9882510304450989
奥巴马入住一年白宫房价贬值2400万美元 全球经济到底走没走出困境？看一看美国白宫的房价走势就知道了。美国著名的房产网站对世界上最有权势人物的办公和居住场所做出估价后发现，这座美国的象征在过去一年里价值跌了5%还多。其实，这也不是白宫主人美国总统奥巴马调教经济不力，就在他入主白宫之前的一年里，白宫已经大跌了7.2%……09年比08年跌得少 作为美国政府的代称，白宫成为各国游人游览美国的首选之地。但是在世界经济的孱弱以及美国楼市的持续下滑的背景下，白宫也难以幸免。据报道，在去年奥巴马和他的家庭正式入住白宫以来，美国著名的房地产网站Zillow就对它做出了估价——假设白宫这座建筑与其周边所属的地块投放到房产市场，在充分考虑了白宫的历史价值以及华盛顿当地的房屋价格之后，这家网站当时对它的估价为3.08亿美元。然而今年一月，当这家网站再次估价时发现，白宫的价值只有2.925亿美元了，足足贬值了5.1%。不过在这家网站的统计中，如果从2008年1月算到2009年1月为止，白宫贬值了2400万美元，贬值了7.2%。而这期间还是小布什在位。白宫价值9年翻番 在Zillow网站上公布的数据显示，白宫贬值的速度基本上和美国的房产价格走势相一致。“这是全国大部分地区的房产趋势”，作为该网站的工作人员，凯蒂·克鲁迪在博客上写道，“根据我们最新数据，现在美国房产价格比去年11月份的价格也下跌了大约5%。实际上这个跌幅不算大。”她说得不无道理。去年，华盛顿州的房屋指数下降了3.6%，这比08年显著改善，那一年下降幅度达15.6%。不管金融市场如何动荡起伏，白宫一直在贬值是不争的事实。但是如果把眼光放得长远一点，白宫其实是在涨价。因为小布什在2001年1月上台时，白宫的估价只有1.678亿美元。白宫为什么这么贵？ 在占地面积为18亩的土地上，建于1792年的白宫，经过多年扩建，建筑面积已达5000多平方米。据悉，它共有132个房间，除了为总统和第一夫人准备的办公室外，还有诸多为来访贵宾，记者和特工准备的房间。此外，它还有16个客房，35个浴室，3个厨房，3部电梯。还有一个保龄球馆(1969年由尼克松总统建造)，一个网球场和一个篮球场。此外，还有牙医诊所、花园、音乐厅、太阳浴房。同时不要忘记其地下掩体，它完全可以在承受核打击的同时，让你舒服地享受家庭影院。网站估价不是瞎吹 Zillow网站是一家提供免费房地产估价服务的网站，不是房产中介的它，更像是一个专业的评鉴公司。据悉，该网站提供的服务完全免费，用户在网站上，可以直接在网页上缩放卫星地图寻找标的，或利用邮政编码和街道进行搜寻，查询房屋价格。因为网站取得了美国许多地区MLS(房地产中介业者公用的买卖数据库)的使用资格，在自行开发一套运算系统的辅助下，网站依照各个MLS数据库中的历史交易价格，去评估房产目前的市价，有很大的参考性。链接 奥巴马宣布为银行定制“紧身衣” 美国总统贝拉克·奥巴马21日宣布将加大大型金融机构监管力度，限制其运作规模，减少高风险交易，防范因信贷引起金融危机的一幕重演。消息传出，华尔街股市应声下挫。受主要银行股拖累，道琼斯30种工业股票平均价格指数21日下跌超过200点，创下今年以来单日最大降幅。奥巴马当天在白宫发表讲话，宣布将制订提案加大对银行等大型金融机构监管力度，以防这些机构“大到不能倒”，从而使纳税人成为“人质”，对整个金融体系构成威胁。 (新华社供稿)时间估价价值增减 下降幅度 白宫从2001年到2010年的估价表 2001年1月 1.678亿2008年1月 3.318亿 ＋1.64亿2009年1月 3.08亿 －2380万－7.2%2010年1月2.925亿 －1558万－5.1%我要评论,4,5,0.41576868295669556
本市多项措施遏制房价上涨 本报讯（记者李海霞）今年本市将采取加大保障性住房等一系列政策，遏制房地产市场价格快速上涨的势头。市住建委副主任王成国昨天介绍，为了抑制房价快速上涨，前一段时间国务院召开了相关会议，北京市也将采取一系列措施，使中央政策“落地”。其中，加大保障性住房建设，是抑制房价的一条重要措施。“这些措施可以稳定市民的心理预期。去年房价涨了，老百姓心里就慌了，担心买不到房。今年北京市将加大力度，力推保障性住房，一方面能很好地解决老百姓的住房问题，一方面也会很好地稳定市场预期。”北京采取的第二项措施是加大土地供应。今年北京住宅土地供应量将达到2500公顷，除了保障性住房之外，普通商品住房供应也会增加，缓解供需矛盾，来抑制房地产市场价格过快上涨。政府还将积极引导住房消费。“住房价格比较高，投资投机性肯定存在，今年政府会通过相关措施，引导自住型和改善型住房，抑制投资投机行为。”今年北京还将加大房地产市场执法力度。“有一些房地产商看到房价飙涨，囤积房源扰乱市场秩序，对这种扰乱市场违法违规行为将加大打击力度，使其适时地进行开盘销售。”为了提高政策效果，今年将加强房价统计分析，随时跟踪市场变化情况，为政府决策提供依据。“以前房屋价格不管是保障性住房还是高档住宅、商住房，都混在一起统计价格，往往给群众造成了一种心理负担。现在我们要采取措施，根据不同类型房屋分别统计价格对社会公布，稳定市民对市场的预期心理。”王成国表示，北京还将随着发展情况，研究新的、更多的措施来维持市场秩序，遏制房地产市场价格快速上涨的势头。我要评论,4,7,0.5931106209754944
伦敦人被逼住船屋2010年初英国福克斯顿船屋中介公司推出“史上最贵”船屋“海洋号”，售价100万英镑，居住面积129平米。买不起房的伦敦年轻人，花几万英磅买艘船屋住在河上。外表简陋，里面却样样齐全。浪漫又实惠，就是泊位不太好找。“当砖瓦不再有吸引力，尝试一下水上生活，那可能会成为快乐生活的起航码头。”英国专栏作者阿曼达·里利琼斯这样说。在英国，这正在成为一种新兴潮流。高昂的房价、低迷的经济让越来越多的人放弃买房，选择居住在船屋里，以一种颇具诗意的方式享受着“蜗居”生活。年轻人初次置业选船屋27岁的希安·奥尼尔和尼克·奥斯丁是生活在伦敦的一对年轻情侣。由于囊中羞涩，他们选择花2万英镑购买一艘船屋。随后，奥尼尔和奥斯丁又花费1万英镑，将这艘船屋装扮成了一个真正的家。奥尼尔总结说，船屋生活“浪漫得不可思议”，不过冬天有点冷。近年来有调查显示，越来越多的英国夫妇在孩子长大离家后选择卖掉郊区的房子，住到生活方便、环境优美的位于城市水系上的船屋里。此外，由于价格低廉，年轻的初次购房者、由于经济趋紧而被迫换房者都是购买船屋的主力群体。中年人囊中羞涩DIY船屋从2000年以来，英国船屋的数量几乎在以每4年翻一番的速度增长。46岁的多米尼克·韦伯斯特是一名建筑师。他曾经在伦敦北部的海格特拥有一间公寓。但是，现在他的家安在伦敦东部布莱克沃港区的一条驳船“精益求精号”上。韦伯斯特说，他离婚后一度经济紧张，而过去乘坐游艇度假的经历让他对水上生活十分向往。2003年，韦伯斯特花了3.5万英镑买下一艘船屋，然后花了7.5万英镑重新装修。船屋里的装饰几乎都是韦伯斯特DIY完成。他参照网上和杂志上的游艇照片，梦想把这条船改造成一条“经济型超级游艇”。2008年，韦伯斯特的船屋被重新估价为18.7万英镑，他说：“这个估价很棒，但是住在船上是一种生活方式，而不是为了投资。”韦伯斯特的船里安装了宽屏幕电视和苹果电脑。韦伯斯特说：“我有暖气、宽带、洗衣机，普通房子所有的一切这里都有。”年轻白领尝鲜租船屋除了自己购买船屋，很多人选择了租住的方式。25岁的金融分析师克里斯蒂安·洛克就在泰晤士河上一个船屋公寓里租了一间房子，每月租金为650英镑。他说：“我并不想拥有一艘船屋，但我很想住。而且，如果在陆地上租这样一间公寓每个月租金至少1000英镑。”英国的名人中也不乏船屋业主。50多岁的英国著名演员尼格尔·普兰内尔住在泰晤士河上的一条大船上已经有好几年了。（马晶）■ 不利因素船屋泊位难找按揭贷款更贵诗意浪漫从来都没那么容易拥有。一条最基本的船屋售价是2万英镑，但是泊位和其他费用也是一笔不小的开支。船屋泊位由英国水运局和私人业主提供，其使用权限从6个月到125年不等。泊位除了供船屋停靠外，还提供天然气、污水排放、电等基础设施服务，有时候还能接入宽带和数字电视。如果没有泊位，船屋只能临时停靠，每隔10多天挪一次位置，否则将支付高额罚款。2009年英国拥有泊位的船屋只有约3000艘。一艘拥有10年以上泊位使用权的船屋价格比没有泊位使用权的船屋高2到3倍。另外，按揭购买船屋的贷款利率也比普通房屋高不少，贷款额也有限制。业主每年还要为船屋支付保险，通常是3500英镑一年。如果租用的是英国水运局的泊位，那么每年需要额外花费80到120英镑购买安全证书。在泰晤士河上停泊的船屋还需要伦敦港的许可证。每隔几年，业主还需要对船屋进行保养，每次耗资也在数千英镑。（马晶）我要评论,4,5,0.971825361251831
摩天大楼的诅咒 《第一财经周刊》2010年1月封面●推荐理由：人气指数：★★★★☆新闻指数：★★★★☆新锐指数：★★★★★●出版社：上海第一财经传媒有限公司●刊期定价：周刊；周一出版，定价：10元/本●市场定位：针对最广泛的公司人群●杂志主要内容简介：关注八零后的小白领热衷的国内外的“炫”公司的背后不为人所知的精彩的商业故事。通俗地讲，周刊报道的是和我们生活密切相关的那些时尚的公司，生产时尚的产品和提供时尚的服务的公司。摩天大楼看上去是经济繁荣的象征，但实际情况是，每当有世界最高大楼建成之时，都是经济行将衰退之日。1月4日，耗资41亿美元的全球第一高楼迪拜塔落成（如图）。828米的高度让人知道了什么是真正的心比天高、命比纸薄。迪拜塔的竣工日期从金融危机爆发时起一拖再拖，曾一度有传言它将成为烂尾楼，直至它在一片债务危机中落成。迪拜塔将使得迪拜以全球地标性建筑所在地的身份继续赢得世界关注，但迪拜的房产价格将继去年重挫50%后再跌去30%。往事可鉴，一座城市或是公司在建造这类标志性建筑时，往往处于其实力的顶峰。不过，事实总是证明，它们建造这些神庙的基础根本是不稳固的。1999年，德意志银行研究主管安德鲁·劳伦斯创造了“摩天大楼指数”。该指数显示，每当有世界最高大楼建成之时，都是经济行将衰退之日。英国历史学家帕金森也有同样的论调，他提出的“办公大楼法则”称，一家公司或机构的办公大楼建造得越完美、豪华，该组织距离解体的时间也就越近。诅咒一直在应验——纽约新加大厦和大都会人寿大厦分别在1908年和1909年竣工，正好赶上美国银行业大危机；克莱斯勒大厦落成于1930年，而一年前的1929年正值纽约股市崩盘；纽约帝国大厦1931年完工时，美国经济在大萧条中挣扎；吉隆坡双峰塔1998年落成时，马来西亚身处亚洲金融危机中。最近的例子是通用汽车总部大楼。为了避免破产的命运，通用汽车于2008年10月以5亿美元出售了该大楼，这之前5个月，通用汽车刚以6.26亿美元买下了这座原名为“文艺复兴中心”的宏伟建筑，不到半年折价过亿，可算是公司贬值最快的一项投资。迪拜塔会被超越吗？2005年时，科威特有一个建造超过1公里高的大楼的计划，准确地说，这座大楼高1001米，这个数字来源于《一千零一夜》，这座新大厦将位于一座巨资打造的阿拉伯新城的中心，可以容纳70万人，按照初步设计，其地基就需要近10层楼高。包括附属基础设施在内的建筑花费预估为1500亿美元，工期需要25年。科威特政府希望此座大厦成为该国新开发计划的代表作，将它塑造成一张国际级名片，以此帮助科威特申办奥运会，并为这个产油富国“唤醒一个新的企业家阶层”。“诅咒”在中国应验吗？2008年8月底，位于上海金融城小陆家嘴内的环球金融中心落成后，正式取代了它的邻居金茂大厦，成为新地标，其主体高度也超过了中国台北101大厦，成为当时新的世界第一，从那以后，你可曾还从股市中听到过什么好消息？我要评论,4,9,0.7940300107002258
李宁三亿港币豪宅曝光2010年1月21日，香港，前体操王子李宁在香港购置的豪宅。前体操王子李宁退役后创办的李宁有限公司从1990年发展至今不单成为中国最大的体育用品零售商，更是全球第四大体育用品产业公司，公司市值达38.61亿美元。自李宁自曝已经移居香港后，有香港记者发现李宁一家三口现居豪宅之王“香岛道33号”一间6000尺的独立屋，市值3亿港元，尽显尊贵身份。而9岁的爱子李小宁就读于某国际学校，每年学费约13万港元。 延伸阅读我要评论,4,3,0.8582883477210999
"汇通滨河动漫城：以特色积聚创意能量过去的2009年称得上是动漫产业在中国激情燃烧的一年。一方面是国家的扶持政策为动漫产业的枝繁叶茂灌注了活力，另一方面是国人对动漫观念的更新，形成了巨大的文化需求，刺激了动漫市场的空前活跃。基于两股合力的作用，全国各地动漫产业计划如火如荼的进行，其中最受关注也是饱受争议的一项就是关于动漫基地的打造。事实上，无论从艺术创造需求的角度，还是从提升经济价值的角度，打造具有可持续发展潜力的特色动漫基地都是一项值得称快的事情，关键的问题就在于特色和潜力在哪里。正是基于对动漫产业基地特色发展的前瞻考虑，由北京市朝阳区政府策划，三间房乡政府主办的通惠河文化创意产业规划区项目中突出设置了滨河动漫城这一项目。在特色发展上，滨河动漫城首先着眼于个性化动漫设计工作室的建造，30,000平方米的动漫设计工作室助力要成为滋养动漫设计人才的土壤和容纳创意成长的空间。日前该动漫城封顶之后，动漫设计工作室的庐山真面目也正式浮出水面，与世界顶级动漫设计工作室媲美的个性工作空间，环绕15,000平方米的文化艺术中心，优越的硬件设施和浓厚的文化氛围成为吸引大批动漫设计人才重要条件。有业内人士表示，如果规划得当有效，滨河动漫城将在未来几年内成为京东地区最具创造力、影响力和经济实力的动漫产业基地。我要评论",4,6,0.9163813591003418
"多数央企5年内退出酒店业本报讯 (记者钟晶晶) 经过2年多的摸底，央企宾馆酒店辅业剥离重组工作全面启动。国资委网站昨日发布消息，从今年起在央企范围内正式开展非主业宾馆酒店分离重组工作，计划3年-5年内完成。根据国资委的总体方案，剥离出的非主业宾馆酒店业务将重组到以宾馆酒店业为主的优势央企。涉及资产达千亿据统计，央企旗下的宾馆企业不下2000家，其资产也高达上千亿元，几乎每家央企旗下均有宾馆酒店业务。如中石油集团旗下200多家酒店宾馆等，其中的核心酒店资产已陆续通过划拨、股权转让等方式进入了其子公司华油集团，华油集团为此专门成立了阳光酒店集团，旗下拥有60多家酒店，去年底台湾桃园东森山庄等3家台湾饭店也相继加盟。中石油集团在海外的酒店资产也将通过委托管理的方式陆续装入华油集团。其他有酒店资产的央企包括：中石化、中国电力、中国航空、中国铁路、中国电信、中国烟草、中国银行、中国航天科技、中国中旅、香港中旅、中粮集团、华侨城(企业专区,旗下楼盘)集团、中国农行等。多数央企退出酒店经营国资委计划剥离重组央企非主业宾馆酒店业务，在2007年已露端倪。2007年8月，国资委向央企发出通知，要求摸查中央企业集团总部及各级子企业投资开办的宾馆、酒店、接待中心、招待所、度假村等单位。并将调查报告交由国资委改革局，研究重组事宜。此次重组方向遵从合并同类项原则。国资委昨日明确表示，央企非主业宾馆酒店业务将通过国有产权无偿划转、协议转让、市场转让等方式，重组到以宾馆酒店为主业的优势中央企业。而此后未经国资委批准，不以宾馆酒店为主业的中央企业，不得再投资新建经营性的宾馆酒店。重组方案由不以宾馆酒店为主业的中央企业制定后再报国资委批准后组织实施。“华侨城、中粮等受益”“剥离非主业酒店宾馆业务符合国资委要求央企做强做大主业的方向，经过前期的调研现在也到了合适时机。”国资委有关负责人士对记者表示，目前以酒店宾馆为主业的央企如华侨城、中粮集团、港中旅都将是此次资产剥离的主要受益者，但目前具体方案没有出台，年内可能也不会有具体结果。北京科技大学教授刘澄认为，作为对于目前盈利较好的非主业酒店资产，进行产权无偿划拨的难度非常大。他认为，在主业和非主业的划分上切不可一刀切。我要评论",4,7,0.8240189552307129
美旧房销量环比猛降16.7% 据新华社电 据美国全国房地产经纪人协会25日发布的数据，2009年12月份美国旧房销售量经季节调整按年率计算为545万套，比前一个月下降16.7％，降幅为逾40年来最大。该降幅超过了经济学家预计的10％。美国全国房地产经纪人协会说，去年12月份美国旧房销售量下降的主要原因是首次购房者不急于赶在8000美元的税收优惠政策到期前购买。这项政策原定于2009年11月底到期，后经国会延期至2010年4月30日。在美国，旧房销售量占整个房市的约85％。我要评论,4,5,0.7852283716201782
银行家千万买豪宅 一年被淹80次新快报讯 广州房子贵，豪宅更贵，并且，大凡和“江”字套得上近乎的房子，价格都高得一塌糊涂。虽然如此，在英国泰晤士河畔购得一处千万豪宅的银行家艾迪安·荷德，却是被气得一塌糊涂。据英国《每日邮报》27日报道，2006年，荷德以190万英镑(逾2000万元人民币)购买了泰晤士河畔江景半独立别墅，没想到梦魇就此开始———泰晤士河河水每年都会熟门熟路地去“造访”他家的草坪，甚至将其全部淹没。平白无故多了一个“露天游泳池”，荷德却气坏了：“我们可不想生活在一个洪水平均一年光顾80次的房子里。”一怒之下，荷德以前房主未尽告知义务而将后者告上了法庭。我要评论,4,1,0.5837697982788086
房屋征收补偿条例征求民意 本报讯 备受各界关注的《国有土地上房屋征收与补偿条例（征求意见稿）》今起正式向公众公开征求意见。国务院法制办２９日将在其网站上公布征求意见稿的全文。征求意见稿共五章四十一条，分别对适用范围、征收程序、征收补偿、关于非因公共利益的需要实施的拆迁等问题予以了明确规定。其中，征求意见稿对政府征收房屋的补偿问题予以专章规定。要求被征收房屋的房地产市场评估价格，不得低于房屋征收决定生效之日类似房地产的市场交易价格。征求意见稿对征收补偿规定了六个方面的主要问题：一是补偿的方式可以实行货币补偿，也可以实行房屋产权调换，或者实行货币补偿与房屋产权调换相结合的形式。被征收人可以选择补偿方式。二是货币补偿的金额，由房地产价格评估机构以房地产市场评估价格确定，但不得低于房屋征收决定生效之日类似房地产的市场交易价格。房地产价格评估机构，由被征收人以投票或者抽签等方式确定。三是房屋征收部门负责组织对被征收房屋进行调查登记，拟定补偿方案，并征求被征收人的意见，经修改完善，报有关政府批准后公告；其中危旧房改造补偿方案在批准前还应当征得2/3以上被征收人的同意。四是房屋征收部门按照补偿方案与被征收人订立补偿协议；其中危旧房改造的补偿协议，在签约期限内签约率达到2/3以上的，方可生效。五是如一方当事人未履行补偿协议，另一方当事人可以依法向人民法院提起诉讼。六是政府应当为征收个人住宅的被征收人提供适当房源，符合住房保障条件的，应当为其提供保障性住房。■ 制订背景拆迁条例修改酝酿两年多２００７年１０月１日起施行的《中华人民共和国物权法》规定：“为了公共利益的需要，依照法律规定的权限和程序可以征收集体所有的土地和单位、个人的房屋及其他不动产。”２００７年８月３０日，十届全国人大常委会第二十九次会议审议并通过了《全国人民代表大会常务委员会关于修改〈中华人民共和国城市房地产管理法〉的决定》，授权国务院就征收国有土地上单位、个人的房屋与拆迁补偿制定行政法规。据此，国务院法制办会同住房和城乡建设部在多次征求各方面意见的基础上，经反复研究、修改，形成了征求意见稿。国务院法制办有关负责人表示，各界人士可以在２月１２日前，登录“中国政府法制信息网”对征求意见稿提出意见。或者通过信函方式将意见寄至：北京市１７５０信箱（邮政编码：１０００１７），并请在信封上注明“国有土地上房屋征收与补偿条例征求意见”字样，也可以通过电子邮件方式：ｆｗｚｓ＠ｃｈｉｎａｌａｗ．ｇｏｖ．ｃｎ。本版稿件据新华社电■ 看点1应先予以被征收人补偿对于政府征收房屋过程中，最容易引发矛盾冲突的“强制拆迁”问题，征求意见稿予以明确规定。被征收人对补偿决定不服的，可以依法申请行政复议，也可以依法向人民法院提起行政诉讼。这一期间，不停止补偿决定的执行；逾期不申请行政复议也不向人民法院提起行政诉讼、又不履行的，由作出房屋征收决定的县级以上地方政府强制搬迁，或者依法申请法院强制搬迁。“如果政府部门对房屋的征收和补偿都是合目的的、合法的，但还有一些人不愿搬走，这时公共利益就很难实现。”北京大学法学院教授王锡锌认为，这个时候“强制措施”的存在是有一定合理性的，因为所有的法律的实施都有一个强制问题。征求意见稿同时规定，实施强制搬迁前，房屋征收部门应当按照补偿决定，对被征收人先予货币补偿或者提供产权调换房屋、周转用房。2搬迁禁止断水断电断气征求意见稿对房屋征收过程中断水、断电、断气等做法予以了明确禁止。房屋征收部门委托有关单位从事征收补偿与搬迁具体工作的，应当加强对受委托单位的监督，并对其实施的征收补偿与搬迁行为承担相应的法律责任。房屋征收部门及其委托的单位不得采取中断供水、供热、供气、供电等方式实施搬迁。任何单位和个人不得以暴力、胁迫以及其他非法手段实施搬迁。意见稿同时规定，违反本条例规定，房屋征收部门及相关单位，以暴力、胁迫以及其他非法手段实施搬迁的，对直接负责的主管人员和其他直接责任人员，构成犯罪的，依法追究刑事责任；尚不构成犯罪的，依法给予处分。3危房改造须获九成同意对因危旧房改造需要征收房屋的，征求意见稿提出特别的要求，未达到９０％被征收人同意的，不得作出房屋征收决定。征求意见稿规定，因危旧房改造需要征收房屋的，县级以上地方人民政府应当在组织有关部门论证的基础上征求意见。９０％以上被征收人同意进行危旧房改造的方可作出房屋征收决定；未达到９０％则不得作出房屋征收决定。县级以上地方人民政府应当将征求意见的情况及时公布。对于补偿，征求意见稿特别提出，补偿方案在报县级以上地方人民政府批准前，还应当征得三分之二以上被征收人的同意。4征收须满足七公共利益征求意见稿规定，只有符合七种“公共利益”的需要，政府方可征收房屋。依照《物权法》的规定，征求意见稿对“公共利益的需要”作了界定。根据征求意见稿，“公共利益的需要”包括七种情况：国防设施建设的需要；国家重点扶持并纳入规划的能源、交通、水利等公共事业的需要；国家重点扶持并纳入规划的科技、教育、文化、卫生、体育、环境和资源保护、文物保护、社会福利、市政公用等公共事业的需要；为改善低收入住房困难家庭居住条件，由政府组织实施的廉租住房、经济适用住房等建设的需要；为改善城市居民居住条件，由政府组织实施的危旧房改造的需要；国家机关办公用房建设的需要；法律、行政法规和国务院规定的其他公共利益的需要。■ 原则房屋征收过程公开公众意见县级以上地方人民政府在组织有关部门论证后，应当将房屋征收目的、房屋征收范围、实施时间等事项予以公告，并采取论证会、听证会或者其他方式征求被征收人、公众和专家意见。公告时间不得少于３０日；但是，房屋征收范围较大的，公告时间不得少于６０日。县级以上地方人民政府应当将被征收人、公众和专家意见的采纳情况、不采纳情况及理由及时公布。无重大争议的，由县级以上地方人民政府作出房屋征收决定。我要评论,4,7,0.9898613691329956
住建部否认取消商品房预售制度本报记者 晏耀斌 北京报道在房地产调控新政下，各地相继出台政策跟进。1月23日，广西住建厅党组书记宋继东在其工作报告中提出，将选择南宁市作为取消商品房预售制度的试点城市。一石激起千层浪，多年来备受诟病的商品房预售制度开始再度受到关注。按照惯例，政策在变动之际往往先以试点的形式出现。那么，“南宁试点”是不是住房和城乡建设部继去年12月建设系统年会后，在房地产领域准备展开的另一个大动作呢？1月27日，《华夏时报》记者致电住建部办公厅和住房改革与发展司求证，得到的答案是“不清楚”。但房地产市场监管司相关负责人在电话中却相当直接地告诉记者：“取消商品房预售制度是瞎说，根本没有那么回事。”与住建部的否认呼应的是，1月27日南宁市市长黄方方就该问题公开表示：广西住建厅只是希望将南宁市作为试点，而南宁市全面取消商品房预售制度为时尚早。取消商品房预售制度的阻力在哪里？地方对房地产的依赖可能是取消该制度的最大障碍所在。“如果过早全面取消预售房，可能会打击房地产商的投资热度。”由南宁市市长黄方方这个表态就可窥见一斑。据统计，2009年全国卖地进账1.5万亿，约占全年GDP4.4%，约占全国财政收入6.8万亿的22%。以北京、上海和杭州三个城市为例，北京市地方财政收入完成2026.8亿元，而土地出让金为928亿元，占到45.8%；上海市地方财政收入为2540.3亿元，而土地出让金为1043亿，占到41%。杭州和上海成为土地出让金超过千亿的两个城市，杭州以1200亿元排名第一。“可见地方政府对土地财政依赖有多大。取消预售制度意味着部分房地产投资会退出，这意味着财政收入的减少。”中体奥林匹克市场营销部经理周海山认为。政府不愿意，开发商更不愿意。据最新数据显示，2009年，在全国房地产企业的开发资金中，购房者预交的定金和预收款达15914亿元，同比增长63%，占开发商资金的26%左右。其中1-11月，房地产开发企业本年资金来源48170亿元，同比增长44.2%。其中，国内贷款8994亿元，增长40.2%；利用外资413亿元，下降31.4%；企业自筹资金15909亿元，增长18.3%；其他资金22854亿元，增长76.6%。在其他资金中，定金及预收款13347亿元，增长66.5%；个人按揭贷款7009亿元，增长130.1%。可以发现的是：定金和预收款项几乎与企业自筹资金相当。“也就是说开发商是通过自筹资金和预收资金构筑了房地产开发的最低资本金。”一家不愿具名的房地产开发企业总经理告诉本报记者。去年5月27日，国务院为了提振楼市调整了固定资产投资项目资本金比例，其中普通商品住房项目投资的最低资本金比例从35%调低至20%。这位总经理表示：“这意味着部分中小企业资本金比例只有10%左右，10%之外除了通过预售取得资金外，其他的主要依靠银行。”而在楼市政策收紧的情况下，取消商品房预售制度就意味着很多开发商或破产或退出房地产开发。由此看来，住建部对于“南宁试点”的表态可谓谨慎，是否意味着取消预售制度又是一次一厢情愿？或许不是，预售制度的弊端已经到了非改不可的地步。北京大学房地产研究所所长陈国强1月28日接受记者采访时表示：“房改到今天已十多年了，预售制度退出应该提到议事日程上来。”1995年，我国制定实施了《城市房地产管理法》。不可否认的是，预售制度对于房地产行业发展的推动乃至对经济发展的推动功不可没。住建部政策研究中心副主任王珏林就表示：预售制度的确为房地产融资、资金周转提供了条件，推动了房地产市场的发展。但预售制度存在的弊端让房地产行业鱼龙混杂。许多房地产企业不能严格执行相关法律和行政规章，在征地、拆迁、规划设计、销售宣传、物业管理方面存在诸多弊端，开发商利用制度漏洞，把风险转移给购房者及银行。中国社科院金融研究所金融发展室主任易宪容在接受记者采访时指出：“从最根本上说，预售制度是一种单边的风险分担制度，只是让消费者及银行来承担，具有先天的严重缺陷。”“几乎什么人都可来做房地产开发，如此粗放型的房地产开发模式已经对经济的发展起着负面作用。”全国房地产经理人联盟秘书长杨乐渝表示。仔细观察发现，本次“南宁试点”出台的背景除了房地产过热房价过高外，还有一个重要的因素：宏观经济在金融危机下还未完全复苏，房地产的过快发展已经成为经济发展的隐忧。由此联系到住建部去年密召200名市长把脉房地产，取消商品房预售制度似乎并非子虚乌有。广西住建厅相关负责人也表示，取消商品房预售制度可以看做是一个方向，会有一个过渡，如推进商品房现房销售试点。但具体的政策措施还在制定当中。“总的来说，取消预售房制度应该是我们国家房地产业发展一个总的方向，这是市场经济不断发展所决定的。”黄方方此前公开表示。不过，由下而上传递出来的信息已经清晰地表明，取消商品房预售制度或将分批次分阶段启动，其中或有阻力和困难，但终将成为房地产发展的必然趋势。“部分地区已经完全具备条件。”陈国强认为。我要评论,4,7,0.9969810843467712
住房保障法已开始起草 政府保障不力将被追责昨天(29日)，北京市人大代表、清华大学法学院教授王振民透露，我国已经开始起草《住房保障法》，明确规定各级政府如对住房保障不力，将面临追究法律责任。王振民代表介绍，他本人便是《住房保障法》的起草人之一。之所以要在现阶段专门设立一部《住房保障法》，主要考虑到现阶段，以及今后一段时期，房地产发展将进入一段较为稳定的发展期，伴随着房价的上涨，如何保障低收入群体的居住条件将成为社会面临的一大问题。“目前中央政府已经下发了一些关于住房保障的文件，但作为文件，地方政府执行不力是无法追究其负责人的。”王振民教授介绍，“此外，对于很多不符合条件却也享受了保障性住房的人也没有追求其责任的相关法律依据。这部法律就可以规范方方面面的行为。”王振民代表介绍，正在起草的《住房保障法》将明确“住房保障”的内涵和对象是提供给低收入困难家庭，“目前各地在推行保障性住房时候，对于享受保障性住房的对象都有一些各自的规定。《住房保障法》会对住房保障的对象给予政策性的描述，具体到怎样的收入，还是要参考各地的经济发展现状。”对于住房保障的范围，王振民代表介绍，目前已经明确的是将经济适用房、廉租房纳入到里面，正在研究是否纳入公租房，但暂时不考虑限价房。王振民代表还表示，《住房保障法》的草案明确了公民居住权，以及政府在保障人人有其住所方面承担的责任，还将通过法律对保障性住房的资金来源给予保证。记者也了解到，目前我国在住房保障方面只有住房与城乡建设部下发的相关文件，既没有相关法律依据，也没有政府实施条例。因此，中央文件下发后，很多地方政府经常会以资金问题、土地问题等理由执行不力。另一方面，在各地保障性住房的申请标准都是由地方政府制定核查的，近年来出现了很多高收入人群也去申请经济适用房的现象。(记者郭鲲）我要评论,4,7,0.6282415390014648
央行报告：12月70大中城市房价同比上涨7.8%     1月29日，中国人民银行调查统计司发布《2009年四季度中国宏观经济形势分析》。报告指出，2009年中国经济经受了国际金融危机的严峻考验，国民经济企稳向好，投资快速增长、消费市场活跃、进出口在下半年快速回升，工业生产明显恢复。与此同时，房地产价格上涨较快，通胀预期增强。2010年宏观调控面临的局势更为复杂，保持物价稳定，优化信贷结构，防范和化解系统性金融风险，实现国际收支平衡，促进国民经济平稳较快发展的任务更为艰巨。2009年3月份以来，房屋销售价格环比已经连续10个月正增长，同比房价自6月份转正后加速上涨。12月份，全国70个大中城市房屋销售价格同比上涨7.8%，涨幅比11月份扩大2.1个百分点；环比上涨1.5%，涨幅比11月份扩大0.3个百分点。2009年全国商品房销售均价比上一轮房地产价格高涨时期的2007年高20.8%，12月全国70个大中城市房屋销售价格比2007年同期高7.4%。目前一线城市房价已超过2007年下半年的高点，部分二、三线城市房价也接近或超过2007年的高点。我要评论,4,7,0.822474479675293
2010年十大旅游地 中国排第八榜单认为 中国的特点是融汇现代和传统 上海世博会也能吸引游客今晨据英国媒体报道，美国旅游公司Gate 1 Travel刚刚出炉了一份“2010年十大旅游地”的榜单，为那些还在犹豫去哪里旅行的人指出了最佳旅游地。此次，中国在榜单中名列第八，而在2008年世界旅游论坛公布的全球130个国家、地区排行中，中国大陆旅游竞争力仅排在第62位。1.意大利点评：从托斯卡纳区的群山到罗马古城的废墟，意大利因其无与伦比的美景、美食和购物而闻名。旅行者经常会流连于宽广的农村地区。对于大多数人而言，最具吸引力的还是这个国家悠久的历史。2.埃及点评：想要度过一个既经济实惠又颇具魅力的假期？埃及在这方面排名很高。那里不仅政局稳定，还是吉萨大金字塔的所在地。尽管全年高温，但旅行者似乎从未对多面的埃及感到厌倦。3.希腊点评：美丽的景色加上文化和历史的碰撞使得希腊一直是个受欢迎的旅游目的地。美丽的沙滩、古老的遗址和神的旨意吸引着年轻人，度蜜月的人常常选择希腊浪漫之旅。4.土耳其点评：与埃及类似，土耳其成为跨国旅行者目的地之一的原因是其成本可接受性。抵达土耳其，游客便陶醉于独特的历史和考古遗迹、雄伟的高山和峡谷、湖泊、河流、瀑布、城堡、清真寺以及美丽的海岸线。5.秘鲁点评：作为马丘比丘城堡所在地，秘鲁在最近几年内成为受欢迎的旅行目的地。17世纪的建筑、印加遗址以及无人去过的丛林——秘鲁等待你去发掘。首都利马不仅是金融中心还是文化中心，古老的印加首都库斯科每年都吸引将近百万名游客。6.Oberammergau(上阿莫高)点评：Oberammergau(上阿莫高)是巴伐利亚的一个小村，坐落在德国中南部阿尔卑斯山脉沿线、阿莫尔河附近。但并非是这个镇子优越的地理位置吸引着游客——这里是世界著名的壁画村。那些壁画大都由上阿莫高本地人在1634年创作，描述耶稣的最后几日。7.约旦点评：坐落于中东核心地区，有着重大的宗教和历史意义。来旅游的人大多会去探索约旦河、最受欢迎的城市玫瑰红城佩特拉、死海。8.中国点评：凭借快速增加的基础设施和起飞的经济，中国融汇了现代化的复杂性和丰富的传统性。这种独特的混杂特点使得这个国家成为受欢迎的旅游地。那儿有享有盛名的长城以及拥有白色圆形大理石祭坛的天坛，其它受欢迎的城市包括最古老的城市之一西安，还有2010年举办世博会的上海，也能吸引游客。9.印度点评：拥有超过十亿人口的印度是世界上最具多元化的国家之一。在德里，游客能看见华丽的印度教寺庙和世界上最高的独立式砖尖塔库图米纳尔塔。德里不远处是泰姬陵所在地阿格拉市。印度不仅拥有美丽的风情而且经济实惠。10.哥斯达黎加点评：火山、瀑布、野生动物，哥斯达黎加已迅速变成一个受欢迎的生态旅游地。寻求刺激的旅行者可以领略到生物多样性，也能够进行各种冒险活动，如滑索和吊桥。当墨西哥正从2009年的流感恐慌中恢复的时候，哥斯达黎加越来越受欢迎。编译/尹晓琳  记者 黎史翔我要评论,4,5,0.9984101057052612
信贷或在下半年开始收紧1月18日央行正式上调存款准备金，这被理解为宏观调控政策转向的信号，市场也越来越担忧流动性将开始收紧。而分析人士称这种情况将在2010年下半年出现。近期市场对货币政策转向的预期已十分明显，业界普遍预计2010年的信贷投放将大大减少，货币政策必然越来越紧。受此影响，上证指数自1月18日上调存款准备金以来已经下跌了超过7%。不过，记者从央行人士处获悉，管理层确定上半年新增贷款规模仍为5万亿元左右，一、二季度分别为3万亿和2万亿，与年初确定的目标基本一致。而在1月27日的银监会召开的各商业银行工作会议上则确定了2010年信贷新增投放7.5万亿，与此前市场预期基本吻合。对此，分析人士称，2010年上半年5万亿的新增信贷与2009年差别不大，但按照银监会的表态，2009年下半年的新增信贷量将骤降至2.5万亿，到时流动性收紧的影响将会显现。但据某商业银行内部人士称，2010年的经济局势十分复杂，信贷增量可能也会按月进行调整，现在可能根本无法给出具体数字，银监会方面也根据实际情况随时调控。兴业银行经济学家鲁政委此前曾撰文预测， 1 月份新增贷款可能在1.2~1.5 万亿之间，中值1.35 万亿，无论从绝对量还是从同比增速来看，均将低于去年同期。他还认为今年2月不可能出现加息。式上调存款准备金，这被理解为宏观调控政策转向的信号，市场也越来越担忧流动性将开始收紧。而分析人士称这种情况将在2010年下半年出现。1月18日央行正式上调存款准备金，这被理解为宏观调控政策转向的信号，市场也越来越担忧流动性将开始收紧。而分析人士称这种情况将在2010年下半年出现。近期市场对货币政策转向的预期已十分明显，业界普遍预计2010年的信贷投放将大大减少，货币政策必然越来越紧。受此影响，上证指数自1月18日上调存款准备金以来已经下跌了超过7%。不过，记者从央行人士处获悉，管理层确定上半年新增贷款规模仍为5万亿元左右，一、二季度分别为3万亿和2万亿，与年初确定的目标基本一致。而在1月27日的银监会召开的各商业银行工作会议上则确定了2010年信贷新增投放7.5万亿，与此前市场预期基本吻合。对此，分析人士称，2010年上半年5万亿的新增信贷与2009年差别不大，但按照银监会的表态，2009年下半年的新增信贷量将骤降至2.5万亿，到时流动性收紧的影响将会显现。但据某商业银行内部人士称，2010年的经济局势十分复杂，信贷增量可能也会按月进行调整，现在可能根本无法给出具体数字，银监会方面也根据实际情况随时调控。兴业银行经济学家鲁政委此前曾撰文预测， 1 月份新增贷款可能在1.2~1.5 万亿之间，中值1.35 万亿，无论从绝对量还是从同比增速来看，均将低于去年同期。他还认为今年2月不可能出现加息。我要评论,4,1,0.9916008710861206
四大行暗抬北京首套房贷 首付四成享7折优惠现身    山雨欲来风满楼。近期，北京部分银行取消首套住房7折优惠利率的消息不绝于耳，对此，四大行北京分行人士对媒体表示，目前还按照原来的政策执行，并未出现利率优惠调整。但是，情况真的如此吗？记者以购房者身份走访了几家银行营业部，却得到相反的答案。想办7折优惠利率很难记者在中国银行某营业点咨询办理房贷利率是否还能打7折优惠时，该行工作人员表示，现在首套房想办7折优惠利率也很难了，除非银行觉得贷款人的资质非常好。记者询问是否有接到新的政策通知时，该工作人员表示：“虽然政府还没有出台新的房贷政策，但我们银行有自己内部的政策规定。现在房贷政策紧缩，到了2月份也不见得会很好，办房贷现在需要审批很长一段时间。”建设银行房贷经理张先生告诉记者，现在银行内部办房贷的政策也是一天一个样，如果想要办7折利率的房贷，除非首付比较高，起码得首付四成以上。对于二套房贷，张先生表示，现在银行均要求首付四成以上，不过银行会根据客户的资质给予一定的利率优惠。而北京银行的工作人员则告诉记者，北京银行已经取消了二套房的利率优惠，需按照央行的基准利率支付贷款利息。相比四大行，各个股份制银行的房贷似乎好办一些。“我们现在没有接到通知取消首套房7折利率优惠，因此申请的时候也还是按照7折办理，但不能保证首套房肯定能做到7折利率。目前房贷申请需要3天的评估时间，4天的审批时间，通常在7-10天的时间内完成流程。”中信银行的一名房贷经理告诉记者。临近月末，有市场人士预计，1月份的信贷有可能超过1万亿，有消息称1月第一周全国信贷投放达6000亿元，第二周更高达8000亿元，引起了监管机构的关注，央行于14日宣布提高银行存款准备金率0.5个百分点。另外，由于去年底银监会的新通知规定，禁止银行通过信贷类理财产品转出自身存量信贷资产，商业银行无法再通过信贷理财产品的发售将表内资产转移至表外，也影响了银行新增贷款的规模。房贷影响下半年显现据北京市房地产交易管理网的数据显示，截至1月26日，二手房签约数为11462套，相比2009年12月份的41743套，下滑了70%以上。亚豪机构市场总监郭毅告诉记者，1月份前20天，一手商品房的成交量环比下降了48%。郭毅表示，由于决策层频频对房地产市场发出调控信号，对房地产市场的影响很大。信义房屋建外大街店主管易华对记者表示，目前为止，客户申请的房贷如果符合标准，还是按照利率打7折来办理。“房屋成交量大幅度下滑，这是由于政府调控的力度加大，打击投机性需求的态度非常坚决。”易华分析道，“投资客购买房产，当然要最大限度地利用银行贷款，他们当然不会用100万全款买一套房，而肯定是要用20万首付贷款买5套房。现在政府调控房地产市场，导致房地产投机的成本增加，如利息、中介佣金、税费等，因此房屋成交量下降不可避免。”易华认为，房屋成交量下降，利率优惠的调高并没有起到全部作用。“一是在政府调控的情况下，购房者的心理预期下降，看跌房价，因此作出观望；二是去年9月28日出台的新规定，银行贷款需要严格参照网签合同，杜绝了阴阳合同；三是去年底和今年初收紧税收优惠政策的规定。政策出台后的效果有一定的滞后性，现在这一系列的措施导致了1月份成交量的下跌。”据链家地产市场研究部近期发布的报告显示，过去三年北京二手房价格平均上涨了120%，大兴、昌平涨幅分别高达166%和140%，由于政策的延缓，今年上半年楼市对各种调控政策的反应可能会以成交量的萎缩为主，下半年房价会出现明显反应。易华认为，房屋成交量支撑着房屋的价格，如果成交量一直下跌，那么房价不会支撑太久，尽管现在看来房价还是上涨的势头，但恐怕已经是强弩之末。从北京一些房地产中介公司的信息来看，1月份北京二手房市场已经出现明显的议价空间，大部分二手房的成交价格比挂牌价格下调了1.5%-2.5%的价格。而在去年12月份，65%的房源成交价格都高于挂牌价格２%-３%。月供将增加多少？银行房贷7折利率优惠或将取消的传闻愈演愈烈，尽管银行表示存量房贷暂时不会受到影响，但是很多新申请的房贷很有可能不再是7折优惠，调高为8.5折优惠，而二套房也很有可能不再享受任何利率优惠。一旦最低优惠利率由7折变为8.5折，贷款人需要多支付多少利息呢？假设贷款100万元，贷款期限为30年，选择等额本息的还款方式，如果按照7折利率优惠，每个月的月供为4865.69元，总共需要支付利息大约是75万元；如果是8.5折利率，每个月的月供为5398.20元，总共需要支付的利息约为94万元；如果是二套房基准利率不打折，每个月的月供为 5956.98元，总利息高达114万元。（季小舟/文）我要评论,4,1,0.9853420257568359
"监管层要求银行收紧二套房贷 违规行长将被问责据中国之声《央广新闻》1月30日11时45分报道，关于银行收紧二套房贷款政策，日前有监管层发出指示，要求银行全面收紧二套房贷款政策，包括所谓改善型住房在内的所有二套房均要执行首付四成的比例，一旦出现违规，行长将被问责。监管层是在最近召开的一次形势会议上对于今年的信贷政策进行了明确定调，其中调整个人房贷和开发贷是今年的重点工作。而对于此前有部分银行对于改善型住房还存在界定不清的情况，监管层明确表态，无论是不是改善型住房，只要是二套房就一律要实行首付四成的比例。一直以来，高息揽储、贷款直接流向股市是银行业的两条高压红线，而此次对于二套房贷款政策的严控程度，已经可以算是第三条红线了。二套房首付四成的比例是铁定的，各家银行都不能触线。如果违规，将直接找行长进行问责。虽然此前也有消息称，不少银行借政策空当低首付抢个贷客源，但日前有媒体以购房者身份咨询了几个主要的银行，就发现目前申请二套房商业贷款首付比例都已提至四成，而即使是通过相熟的按揭公司，也无法申请到低于四成的首付比例。现在大部分银行依然有二套房的利率优惠政策，优惠幅度从10%到29.9%不等。比如中国银行要求首付4成目前利率政策未明；农业银行首付4成基本利率下浮29.9%，还有改善型住房优惠；工商银行4成基本利率上浮10%，有改善型住房优惠；建设银行4成基本利率，有改善型住房优惠。对此，,银行方面解释称，监管层方面的指导思想是在四成首付比例之下，具体利率按照市场化定价来确定。这种方式更加科学，银行会根据自己的情况以及客户对于银行的贡献度来确定最终的利率。不过，也有银行表示，如果在目前基准利率表基础上打七折，则年息为4.158%，而目前中等银行的资金成本情况已经接近4%，银行做七折房贷业务已经是微利。(记者梁盛)我要评论",4,1,0.9716858863830566
调查称逾5成民众认为今年最大烦恼系住房难中新社北京2月1日电 (记者 周锐) “CCTV2009年经济生活大调查”31日在北京发布调查结果。数据显示，54%的中国民众认为住房难将是自己2010年的最大烦恼。“CCTV经济生活大调查”由央视联合中国国家统计局等共同举办，目前是中国内地规模最大的民间问卷调查和媒体调查活动。从2006年至今，该活动已连续举办四届。据介绍，在上一年的调查里，受访者曾被问及“是否会在现有房屋价格下买房”。数据显示，在中国所有省份中，宁夏受访者的买房意愿最高。结果在随后的10个月里，宁夏银川房价涨幅始终居于全国第一。据统计，54%的受访者表示住房难将是自己2010年最大的烦恼。其中，北京人和上海人最不具备购房意愿。数据显示，这两个城市60%的受访者称不想在今年买房。国家统计局总经济师姚景源表示，人们不想买房并不是他们没有住房需求，而是中国房价确实高得有些离谱。姚景源指出，“衣食住行”是中国百姓的基本需求，中国在成功解决“衣食”问题后，现在应该在“住”的方面下大气力。他认为，在政府的调控下，房地产市场2010年的发展将趋于平稳、健康。据了解，为完成本次调查，组织者共向10万个中国家庭发放了明信片问卷。调查涉及收入、投资、支出、住房、就业、幸福感等多个方面。问卷回收率超过90%。调查结果显示，2010年，民众最想购买的商品依次是电脑、旅游、汽车；近6成民众对自己2010年收入的增加表示乐观；基金则连续三年成为最受民众欢迎的投资项目。我要评论,4,7,0.7640749216079712
龚方雄：今年不宜投资房产信息时报讯 (记者 袁峰) 随着政策缩紧信号的释放，宏观经济以及股市、房市今年的走势日益牵动投资人的神经。昨日，摩根大通中国投资银行副主席龚方雄透露，今年经济成长很好，但形势很复杂，股市赚钱要比去年难得多，超越4000点不容易。当记者问到是否会在今年投资房产时，他明确地回答：“今年我肯定不会投资房产，因为有更好的投资机会。”楼市投资租金回报率不足4%“房价也该歇歇了，今年投资房产不是好时候。”龚方雄称，作为相对流动性差的房产，只有当租金回报高于一年固定存款利率时才有利可图，目前房产租金回报率普遍在2%～3%，但银行一年固定存款的利息都有2.2%，而且存款是现金，它的流动性非常好，此外房产的流动性也比股票差很多。因此，目前投资房产不是好机会，特别是那些借贷炒房的投资客，租金回报率2%多一点，如果房子是贷款买的，银行贷款利率至少5%，那么你的投资现金流还是负的。对于政府不断出台的房市紧缩政策，龚方雄指出，目前对房市的政策是调控，而不是打压，因为单纯的打压只会越打越高。此轮政策强调了增加市场供应，特别是廉租房的建设。人民币应尽快与美元脱钩“现在最应该做的是恢复人民币小幅升值的市场机制，尽快改变盯住美元的政策”。龚方雄告诉记者，最近美元走强，减少了外部输入型通胀的压力，而我们来自内部的通胀压力也不大，CPI涨幅只会在个别月份出现较高涨幅，其中农产品的上涨也是良性通胀，此时是人民币继续汇改的最佳时机，4月份以后美国财政部每年一度的全球汇率操纵报告以及下半年美国的中期选举，到时候汇率再改就不是好时机。汇丰中国首席经济学家屈宏斌也表示，12月份外贸出口已有17%的增长，欧美以及其他经济体的复苏仍会持续，补库存的需求将刺激中国外贸继续增长，因此人民币汇率应继续2005年以来的汇改进程，实现每年3%～5%的小幅升值，与美元脱钩。但外界普遍担忧，人民币一旦升值，国际热钱将蜂拥而至豪赌人民币资产升值，从而产生股市和楼市泡沫。对此，龚方雄则指出，人民币如果不与美元脱钩，就会长期失去货币政策的独立性。举个例子，美元如果不加息，人民币加息的主动性就弱，加息的空间也有限，因为一旦加息拉大与其他国际货币的息差，必然会更加刺激热钱的流入，加大人民币升值压力。屈宏斌告诉记者，人民币升值和加息都会带来国际热钱流入的不利影响，人民币如果保持与美元同步的原则，一直不加息，则会因为资金运用成本低、流动性泛滥引起资产价格过高带来的通胀，人民币此时应放弃与美元脱钩的政策。股市走势难上4000点“因为今年全球和国内退出政策的不确定性导致形势更为复杂多变，因此今年股市赚钱不太容易。股市越过4000点有难度，但3000点则是股市比较坚实的基础。”龚方雄说。龚方雄认为，今年股市与经济绝对表现相关性并不大。未来股市要升，要有几个必要条件，如GDP增长能到10%～11%，全年通胀控制在3%左右，加息次数不会太多，2～3次，人民币小幅升值等等，如果这几个条件都能实现，那股市肯定能突破4000点。”自住需求的购买者，如果买得起，任何时候都是买房的机会，租金回报率对你没任何意义。房市紧缩政策是调控，而不是打压，因为单纯的打压只会越打越高，此轮政策强调了增加市场供应，特别是廉租房的建设。今年股市赚钱不太容易。越过4000点有难度，但3000点则是比较坚实的基础。——龚方雄我要评论,4,1,0.5704941153526306
北京朝阳：创意产业让通惠河魅力四射1月25日，坐落于北京朝阳区三间房“运河•新时尚”滨河景观带的精品酒吧CLUB AMANNI激情开业，Club Amanni秉承复古曲风与前卫炫音相结合舞曲理念，融入流行的R&B、HipHop和说唱元素，京东地区又一生活潮流新领地开始在通惠河沿岸散发时尚魅力。CLUB AMANNI所在的运河•新时尚餐饮酒吧街，属于通惠河文化创意产业规划区的配套商业项目之一，在同一规划区中还包括倍受关注的滨水动漫城和汇通时尚购物中心。创意产业的强势进驻，给通惠河沿岸带来了巨大的发展契机，传统文化与现代气息相结合更为古运河增添了独特的魅力。作为朝阳区着力发展的创意产业规划区，运河•新时尚的各个子项目在2010年将逐步走上经营轨道，结合区域经济的发展形成更加鲜明的特色。在当前落实科学发展观的大背景下，加强发展文化创意产业的重要性和必要性不容置疑。业内人士分析指出运河•新时尚文化创意产业区的发展可以充分挖掘通惠河区域文化资源，与经济产业合理衔接，优化产业布局，使区域经济社会的发展更加全面、协调、可持续。伴随着文化创意产业的发展，还将带来相当可观的社会效益。通惠河沿岸三间房地区的交通环境、绿化化境将得到很大改善，文化创意产业发展在拉动内需的同时还也将解决当地劳动力再就业问题，预计安置失业人员6000至8000人，带动地区的经济增长。我要评论,4,6,0.9989137649536133
去年我国土地出让总价款近1.6万亿元中新社北京2月2日电(记者 阮煜琳)2009年中国土地出让总价款大幅增加，达1.59万亿元人民币，同比猛增六成有余。国土资源部2日发布的数据显示，2009年，全国土地出让总面积20.9万公顷，同比增加38%。招拍挂出让面积17.8万公顷，同比增加40%，占出让总面积的85%。土地出让总价款为15910.2亿元人民币，同比增加63.4%。其中，招拍挂出让价款15098.5亿元人民币，同比增加66.5%。根据2009年全国土地市场动态监测结果，2009年中国房地产用地供应量增幅较大。房地产用地供应10.3万公顷，同比增加36.7%。住宅用地供应7.6万公顷，同比增加38.8%。在住宅用地中，普通商品住宅用地供应6.4万公顷，同比增加36.9%。房地产用地出让价款1.34万亿元人民币，占出让总价款的84%。国土资源部土地利用司司长廖永林对记者说，2009年，因扩大内需政策的实施，铁路、公路等基础设施和民生工程、城市公共服务设施用地供应比例提高，划拨用地比重提升明显。全国划拨供应土地11万公顷，同比增加七成，占土地供应总量的三分之一。(完)我要评论,4,7,0.998570442199707
银行间房产信托基金开闸在即由中国人民银行起草的《银行间债券市场房地产信托受益券发行管理办法》(以下简称管理办法)目前正在征求意见，并将于近期开展试点。这意味着由央行牵头的银行间市场房地产信托投资基金(REITs)即将开闸。消息人士7日向中国证券报记者透露，该管理办法规定，REITs的委托方为房产商，受托方为信托公司，并通过信托公司在银行间市场发行房地产信托受益券。受益券为固定收益产品。在受益券到期时，委托人或第三方应当按照合同约定的价格收购受益券。管理办法第十一条“信托财产及其登记”中明确，被委托的地产物业应当已经投入使用，具有稳定现金流，并按照住房和城乡建设主管部门的有关规定办理房地产信托登记。第十三条“收益来源”规定，房地产信托收益由房地产物业租金收入和处分房地产物业所得构成。锦天城律师事务所高级合伙人王祚君律师指出，管理办法规定应当办理房地产信托登记。而与管理办法配套的《房地产信托登记暂行办法》第四条规定房地产信托登记，是将“信托房地产”作为房地产所有权人。就是把信托房地产这个客体作为房地产的所有权人，直接违反我国民事法律及其基本理论，是不会为法学界和司法界所接受的。王祚君律师建议，房地产的所有权人应该是“房地产信托或房地产信托计划”，如同美国REITs中的“商业信托”，是一个与自然人一样的可以拥有财产权利的“人”，也如同香港“领汇房地产投资信托基金”中所有权人为“汇丰信托”。其次，第十一条、第十三条规定被委托的房地产物业“应当已经投入使用，具有稳定现金流”，收益来源包括物业租金。但如果物业租金兑付不了每年预期信托利益时该怎么办没有明确。此外，第九条明确了委托人或担保人有回购受益券的责任，但又在第十二条对委托人或担保人的回购网开一面，规定“委托人或第三方未能按信托合同约定收购受益券时，委托人处分信托财产的情形例外。”这就是说，委托人或担保人在信托到期时应当回购受益券，如果不回购，就处置物业。这就给委托方以很大的腾挪空间：如果房地产市场上涨，房产商可以回购物业赚取收益；如果暴跌，就可以选择不回购而是处置物业，让投资者承担损失。王祚君律师建议，应该让提供流动性支持的第三方为预期信托利益和回购受益券提供担保，让“流动性支持”作为“收益来源”之一。 （记者 高改芳）我要评论,4,1,0.979480504989624
1月全国房价同比上涨9.5%本报讯(记者孟为)国家发改委、国家统计局昨天公布调查显示，2010年1月份，全国70个大中城市房屋销售价格同比上涨9.5%，涨幅比去年12月份扩大1.7个百分点。70个大中城市新建住房销售价格同比上涨11.3%，涨幅比去年12月份扩大2.2个百分点；环比上涨1.7%，涨幅比去年12月份降低0.2个百分点。其中，90平方米及以下新建住房销售价格同比上涨14.1%，环比上涨1.4%。分地区看，新建住房销售价格同比上涨的城市有69个，主要城市包括：海口35.1%、广州22.4%、北京16.0%、银川15.3%、深圳15.2%、昆明13.9%、杭州12.9%和天津12.7%等。70个大中城市二手住房销售价格同比上涨8.0%，涨幅比去年12月份扩大1.2个百分点。分地区看，二手住房销售价格同比上涨的城市有69个，主要城市包括：海口29.5%、深圳24.9%、杭州14.1%和厦门13.2%等。此外，新建非住宅销售价格同比上涨4.6%。分类型看，办公楼销售价格同比上涨7.3%；商业营业用房销售价格同比上涨2.7%。RJ038我要评论,4,7,0.7776301503181458
房屋征收与补偿条例征求意见结束新华社北京2月13日电 （记者陈菲）《国有土地上房屋征收与补偿条例（征求意见稿）》12日征求意见结束。记者13日从国务院法制办官方网站获悉，在15天内，共有13437人通过国务院法制办法规规章草案征集意见系统发表了意见。1月29日，国务院法制办正式公布了《国有土地上房屋征收与补偿条例（征求意见稿）》，向社会公众公开征求意见，征求意见截止日为2月12日，共15天。2007年10月1日起施行的《中华人民共和国物权法》规定：“为了公共利益的需要，依照法律规定的权限和程序可以征收集体所有的土地和单位、个人的房屋及其他不动产。”2007年8月30日，十届全国人大常委会第二十九次会议审议并通过了《全国人民代表大会常务委员会关于修改〈中华人民共和国城市房地产管理法〉的决定》，授权国务院就征收国有土地上单位、个人的房屋与拆迁补偿制定行政法规。据此，国务院法制办会同住房城乡建设部在多次征求各方面意见的基础上，经反复研究、修改，形成了征求意见稿。我要评论,4,7,0.9992662072181702
南京被征地农民 上调保障待遇据新华社电(记者 邓华宁)南京市劳动和社会保障局日前发布消息，上调全市以下5类特殊群体的保障待遇：被征地农民；城镇无收入老居民；上世纪50年代退职人员、60年代初部分精减老职工和保养人员；支援“三线”建设部分回南京定居的“老军工”；原支边、插队(场)、下放人员。被征地农民的基本生活保障待遇按原标准的10%增发。我要评论,4,7,0.563226580619812
区县滥占耕地领导将被追责 市政府发布意见，土地利用总体规划实施纳入区县领导考核本报讯 (记者王姝)今后，各区县违法占用耕地面积超15%，政府负责人将被追责。昨日，北京市政府本年度第三期政府公报发布《贯彻落实国务院关于北京市土地利用总体规划批复的意见》(以下简称《意见》)，透露上述消息。据《意见》通报，《北京市土地利用总体规划(2006－2020年)》已经国务院批准，并形成《国务院关于北京市土地利用总体规划的批复》。该《规划》与《批复》均为统筹、管控北京土地利用的纲领性文件，各区县政府须据此编制各自的土地利用总体规划。各区县土地利用总体规划出台后，执行过程中需“严控农用地转用”，所有建设项目优先用存量建设用地，如闲置地等，不占或少占农用地，特别是耕地。建设项目选址时，规划部门将征求国土部门意见，不符合土地利用总体规划和节约集约用地标准，不予批准。《意见》着重强调，各区县土地利用总体规划的实施情况、计划执行情况，由区县政府主要负责人负总责；该负责人连同区县领导班子，接受市国土局年度考核，考核结果作为对区县领导班子和干部综合考核评价的重要依据。一旦违法占用耕地面积之比超15%，政府主要领导即被追责。我要评论,4,7,0.8914240002632141
住建部：城镇房价上涨 压力依然很大新快报讯(钟欣)住房和城乡建设部研究室主任冯俊近日在接受媒体采访时指出，总体上看，受供求关系以及土地等因素影响，未来一定时期内城镇房价上涨的压力依然很大。 最新一期的《求是》杂志刊载了对住房和城乡建设部研究室主任冯俊的上述采访。 冯俊指出，近日不少城市的房价上涨势头放缓，说明中央的调控措施开始见效。 冯俊指出，导致房价过快上涨的需求因素始终发挥着主导作用，其中包括一定比例的投资投机性需求，但也要高度重视供给因素。从供给角度分析，近年来经济适用房等保障性住房虽在增加，但相对于需求来讲还是较少。大部分居民的住房消费需求需要依靠市场满足。而商品房的开发要受土地资源、环境容量、基础设施承载能力以及产业发展水平等因素的制约。总体上看，受供求关系以及土地等因素影响，未来一定时期内城镇房价上涨的压力依然很大。 此外，中共中央党校研究室副主任周天勇也在接受采访时指出，自上世纪90年代起，中国城镇人口增长的速度不断加快，而城镇建成区的面积有限，这就形成了城镇住宅用地的缺口。若按2∶1的容积率计算，2009年城镇住宅用地的缺口大约在1550万亩左右，再加上可观的别墅用地等因素，城市化进程与住宅用地之间的缺口就会更大。从宏观层面看，两者间缺口越大，房价上涨的动力就越强。我要评论,4,7,0.9787172675132751
住建部：完善持有环节税收防止房价过快增长新快报讯(钟欣)住房和城乡建设部研究室主任冯俊认为，从国务院常务会议精神和《关于促进房地产市场平稳健康发展的通知》来看，防止房价过快上涨的主要手段体现在两方面，即在改善有效供给的同时抑制投资投机性需求。其中，要抓住四个关键环节。一要继续推进保障性安居工程建设。二要增加商品住房有效供给。中国人多地少，家家户户都住大房子是不可行的，住房建设和消费必须走集约化的道路，多供应中小户型、节能省地环保型的住房。同时，规范发展住房二级市场，盘活住房租赁市场。三要严格执行二套房信贷政策，合理引导住房消费，抑制投资投机性购房需求。投资投机需求之所以旺盛，一方面是因为房价不断上涨而形成的获利空间大，另一方面是因为住房持有环节成本过低。应严格实施差别化住房税收政策，加快完善持有环节税收政策，压缩投资投机者的获利空间，促进居民形成合理、节约的住房消费观念。四要加强风险防范和市场监管，继续整顿房地产市场秩序，加强房地产市场监测，完善土地招拍挂和商品房预售等制度，加大对捂盘惜售、违规销售、哄抬房价等行为的监督和查处力度。我要评论,4,7,0.9900563955307007
何洁自曝还清解约欠款成自由身 省吃俭用当宅女 新浪娱乐讯 超女何洁去年8月与天娱正式解约，国内媒体爆料其签约北京奇异夸克公司后已于日前将与天娱解约欠款还清，过年期间她省吃俭用窝在家里变“宅女”。何洁自参加超女比赛后签约天娱出道以来，负面新闻不断，直至天娱安排何洁与郭敬明一起的那次洗心革面之旅后她终于因为不满提出解约。据北京媒体报道，何洁日前在接受采访时透露其与天娱解约官司的欠款已经全部还清。加盟北京奇异夸克公司后，何洁透露自己整个生活状态都发生了变化。或许是因为之前还债用了太多钱，现在过年她都是省吃俭用窝家家里当“宅女”，不买衣服不消费，就连吃饭都是经常跑去公司蹭饭。近日，何洁推出自制的中国式年画和贺卡，贺卡中的漫画形象也来自3月即将发行的何洁半自传体图文书，“何大宝”的漫画形象提前在媒体和公众面前曝光：扎着朝天辫，穿着红肚兜，笑得露出五颗牙齿，眼睛眯成了一条线，伴着象征吉祥如意的鲤鱼和荷花，恭祝大家招财进宝，虎年快乐。JZB/文我要评论,4,2,0.9984490871429443
咸阳开发商打广告 买铺子送老婆雷倒路人 春节是消费旺季，商家们的促销仗是打的不亦乐乎。有的是折上折，有的买一送一，可咸阳一家开发商的促销方式不仅是惊人，简直就是雷人。为什么这么说呢？在咸阳市七厂十字，最近周围群众都被一则广告雷倒，为什么呢，“虎年送大礼，买铺子送老婆”这样的虎年大礼你敢收吗？两幅巨大的广告牌矗立在工地里，可是赚足了路人的眼球。路过这儿的咸阳市民宣先生告诉记者，他一看到这条广告语就感觉自己被雷倒了？宣先生:看我是不是眼睛有问题呢？我仔细一看确实没毛病，就写的那几个字，那就真正我买个铺子，你也不能送我个老婆，你送给我个老婆，我也不敢要。记者：如果是你老公，你敢让他这样去买铺子吗？周围群众：那肯定不可能嘛。记者：你觉得它会不会送你老婆？周围群众：肯定不会。的确！就算这家开发商有这个心，估计也没几个人有这个胆啊！更别说，“送老婆”这种行为甚至有可能触犯了《刑法》。那么，开发商做这个广告会不会有另一种读法，买铺子送给自己的老婆？面对记者的疑惑，不少围观群众表示，一个铺子动辄十几万、几十万，不是想送就能送的，广告背离了实际。周围群众：一般人送不起那个铺子，太贵了。那商家到底什么意思呢？记者试图通过电话联系开发商，但却一直无人接听。而对于商家这样咬文嚼字式的宣传，附近群众是颇有看法。周围群众：它无非就是炒作，让人目光多往上看一下，多卖些铺子，它能送老婆吗？不可能的事，肯定是虚假的。宣先生：说严重就是欺骗，说轻的话就是误导。随后，记者向咸阳市工商局秦都分局进行了反映，工作人员核查后表示，这则广告语已经违反了《广告法》和《反不正当竞争法》，涉嫌夸大宣传和不实宣传，并且没有在工商部门登记备案。按照规定，工商经济检查中队将会对其进行拆除，节后他们将联系这家公司，对其做出相应处罚。（来源：华商网）我要评论,4,6,0.7378628253936768
美国男子驾私人飞机撞政府大楼一名男子美国当地时间18日驾驶一架小型飞机撞入美国国内税收署位于得克萨斯州首府奥斯汀的一处办公楼，造成2人死亡、13人受伤。事件令不少美国人回想起“9·11”。美国联邦调查局初步调查后认定驾驶员为软件工程师约瑟夫·斯塔克。奥斯汀市警方也表示，目前看来撞击事件与恐怖袭击无关。早有预谋网上留有“遗书”当地时间18日9时45分许，斯塔克驾驶他自己的单引擎PA -28“切罗基”型4座小飞机撞入奥斯汀国内税收署大楼，当时大楼内有近200人。美联社报道，斯塔克据信当场死亡。另外，救援人员在大楼内还找到一具尸体。至少有13人受伤，两人伤势严重。作为预警，美军派出两架F16战斗机在撞机发生地上空执行空中巡视任务。按美联社的说法，发动袭击前，斯塔克放火烧掉了自家房屋。事发前，斯塔克在互联网上留言3000多字，表明自己已无法控制怒火，必须实施撞楼计划。斯塔克在留言中不仅抨击国内税收署，还控诉一些政治人士、大公司犯下的“无法想象的罪行”，批评美国政府的救市计划。最后，他下结论说：“暴力不仅仅是这些问题的解决办法，更是唯一办法。”美联社认为，可以看出，斯塔克早已策划好这起撞楼事件。留言最后，斯塔克写下日期2月19日，签上自己的全名并加注1956年至2010年，意味着自己的出生及死亡年份。企业两遭税局勒令停业在留言中，斯塔克称，自己与国内税收署多次发生争执。他指责国内税收署使自己损失4万美元，令他“10年的心血付诸东流”。其间，他谈到自己两次开办公司、两次遭国内税收署“阻挠”的经历。1985年，斯塔克在加利福尼亚州科罗纳注册“威力工程股份有限公司”。但因其间一度未申报缴税，加州特许经营税委员会2000年勒令这家企业暂停营业。斯塔克1995年在加州林肯开办“软件系统服务公司”，但于2004年遭勒令停业。加州特许经营税委员会发言人丹尼丝·阿齐米说，斯塔克1996年至2002年没有缴纳加州州税，总计1153美元。斯塔克的解释是，第一次没有申报州税是因为手头没钱，第二次是因为报税时没有把前妻谢里尔的收入算在内。“为人正直，不抽烟，不喝酒”一些斯塔克的朋友对撞楼事件感到震惊。在他们眼中，斯塔克只是一个普通人，从未听到斯塔克谈论政治、税收或政府。美联社报道，斯塔克在上大学前就读米尔顿·赫希学校，这是一所孤儿学校。1975年至1977年，斯塔克在哈里斯堡地区社区学院就读，但没有毕业。平日里，塔斯克是奥斯汀民间摇滚乐队比利·埃利乐队的吉他手。帕姆·帕克是乐队另一名乐手的妻子，她说，大家只知道斯塔克是一个安静的父亲，每年都要去挪威一次，探望女儿和孙子孙女。乐队键盘师兼鼓手迈克尔·切尔扎说：“乔为人正直，不抽烟，不喝酒。他有才华，关心一些正常人关心的事情。我从不知道他处于某种崩溃的边缘。在一群人中，他是那种不爱说话的人。”记者手记拥有私人飞机他真的“无法生存下去”？一位美国记者说：“他(斯塔克)在网上说，现政府只救助大企业，像他这样的小业主难以生存，只能用暴力回答税务署。总之，他恨政府。”不过，这位记者也强调，斯塔克毕竟拥有自己的飞机和房产，未必真的像他自己说得那样无法生存下去。有不愿披露姓名的人士认为，斯塔克应当属于高收入人士。政府实施的对高收入者增税，以部分补贴中低收入人群医疗保险等的做法，激起了部分高收入人士的不满。这个事件显示，这种不满开始表面化。无独有偶暴力抗税旧案：炸毁大楼168人亡美国已发生过多起暴力抗税事件。1995年4月，纳税人蒂姆西·麦克维因不满税收制度而炸毁俄克拉何马州首府俄克拉何马城一幢联邦政府大楼，致使168人死亡，数百人受伤。2007年，家住新罕布什尔州普兰菲尔德镇的爱德华·布朗和妻子偷逃税款超过70万美元。布朗被法庭定罪后拒不出庭，在自家周围设置路障，与一伙支持者据守在自家高墙内，与当局武装对峙。我要评论,4,5,0.9960616230964661
节前存款准备金率上调冻死各银行 本报讯 （记者张兆瑞）第二套房贷严格执行“首付四成”，首套房贷取消七折优惠利率，这些在春节前仅仅被看做政府收紧房贷预期的行为，随着春节假期的延续，正在逐渐变为事实。记者近日从银行内部人士了解到，2010年春节后本市房贷收紧已成定局。从记者目前掌握的信息来看，中国银行、光大银行在春节前暂停“首套房贷七折利率优惠”并不是个体行为，天津其他一些股份制商业银行已经计划在春节后陆续跟进。某银行内部人士告诉记者，“春节后，最迟年中，七折利率肯定全部取消，因为确实没有额度了。”实际上，春节前一天，中国人民银行再次上调存款准备金率0.5个百分点，冻结资金大概3000亿元人民币，已经让银行信贷工作人员感到了寒意。但是出于竞争等原因，天津市目前还没有任何一家银行正式宣布完全取消了七折房贷利率优惠，但从记者私下了解到的执行情况看，现在还可以获得七折房贷的客户寥寥无几。而且更为肯定的是，全市各主要银行对于第二套房贷，现在完全从严执行“首付四成”的规定，但对于贷款利率上浮10%则要求较少。据上海市一些媒体报道，上海为了加强对投资、投机性购房的打压力度，可能上调“第三套房贷”的首付比例和贷款利率，甚至不排除停贷的可能。不过记者咨询了本市银行一些负责人，他们均表示对“第三套房贷”的提法不是很清楚，但现在本市仍是按照“风险定价”原则来进行房贷审批的。一位银行负责人告诉记者：“同等条件下，一个人贷款购买5套房子，肯定比贷款购买1套房子风险大，因此银行对于他的贷款条件审核肯定会更加严格。”     文章来源：渤海早报我要评论,4,1,0.9953137636184692
低碳过春节成新春最热流行语 在一些大城市里，“低碳过春节”成为今年最热的词语。拜年形式逐步环保化在春节这一喜庆的日子里，给亲朋好友拜年必不可少。如今越来越多的市民拜年不再采用纸质贺卡，而是采用短信、电子邮件等绿色环保形式表达新春祝愿。今年，有图片、音乐的彩信已经完全替代了“纸”上祝福。“要的就是新年第一时刻，这样的祝福才够‘新鲜’！”一位朋友解释零点发送祝福短信的意义。短信、彩信、电邮让新年祝福变得更加及时，更重要的是，它们节约了大量的纸张，也减少了递送的人力成本。绿色年货最受宠记者发现今年春节“绿色年货”最受宠。在湖北武汉，雄楚大道上一家大型花卉市场人头攒动。不少市民甚至外地客人纷纷来此选购花卉。市民康先生夫妇俩一口气买下5盆金桔、两盆蝴蝶兰、两盆杜鹃花。说起买花的原因，他们说：“现在生活条件方便了，不需要再大量囤积食物过年了，买些绿色植物更时尚。再说大家现在不都倡导低碳生活嘛，我们也赶个潮流，做个“低碳族”。我们家还特意和别人家拼车来买花的，减少点污染，呵呵！”除了花卉，周边乡村年货大集上的土特产、土鸡蛋等绿色产品吸引着城区市民前去购买。在大学授课的王教授还特地趁假期，到郊区绿色蔬菜基地上淘年货。不到半天时间，汽车后备箱里装满了各种“绿色年货”。    来源 中国经济导报我要评论,4,6,0.8203474283218384
全国两会十大关注热点 十一届全国人大三次会议、全国政协十一届三次会议将分别于3月5日、3月3日在北京开幕。适值“后国际金融危机”时代的关键时期，一个个事关国计民生的议题摆在中国“两会”面前，其中有十大热点尤受关注。发展方式亟待转变中国经济在成功“保八”的同时，也面临着一些“烦恼”，如楼市泡沫、产能过剩、通胀压力等。复杂形势中，官方宏调重心悄然移向“调结构、防通胀”，加快发展方式转变这一主题更加凸显。日前于中共中央党校举办的省部级干部研讨班，胡锦涛、温家宝、习近平、李克强分别讲话，提及最多的字眼就是“转变”，胡锦涛一口气使用50多个“加快”，更是耐人寻味。楼市博弈尚待观察2009年各地房价普遍暴涨，打碎了众多“蜗居”者的安居梦想。民意汹涌之下，楼市不再仅是一个经济问题。新年伊始，中央和地方政府频频出招，力求稳定楼市。然抑制投资投机、加强监管、推进保障房建设等措施能否取得预期成效尚待观察。教育改革攻坚克难历时一年半，中国拟定了面向2020年的《国家中长期教育改革和发展规划纲要》，矢志由人口资源大国向人口资源强国迈进。据悉，纲要“问需于民”，已十余次易稿。日前，总理温家宝在中南海连续主持召开五次座谈会，再次就此“问计于民”。教育部将在“两会”前公布纲要，最后一次公开征询意见。“教改”这个老难题，势将在“两会”上引发新建言。医疗改革临近“中考”去年4月，中国新一轮医疗改革方案敲定，提出到2011年基本医疗保障制度全面覆盖城乡居民。而今医改临近“中考”，按照卫生部党组书记张茅的说法，中国还有1亿人没有任何医保。国务院本月初通过《公立医院改革试点的指导意见》，旨在寻找新的制度安排，让政府、医院和商家各行其责、各得其利。“选举法”第五次修改中国现行的人大代表“选举法”制定于1953年，1979年重新修订，而后又经历过4次修改。今年第五次修改有不少亮点，例如草案“一步到位”，提出实行城乡按相同人口比例选举人大代表、候选人应与选民见面等。人们期待，这部邓小平曾亲自主持制定的法律进一步完善，推动中国民主进程再迈一步。“暴力拆迁”寻求法治去年成都发生的拆迁户自焚事件，再次震动公众神经。北京大学五位学者联名呼吁解决“暴力拆迁”问题，国务院法制办很快回应，《城市房屋拆迁管理条例》修改工作被纳入官方议程。中国在城镇化进程中迎来了一次改变游戏规则的新机遇。网络问政成为“时尚”随着全国网民数量刷新到3.84亿，中国普兴网络问政，温家宝将在“两会”前再次与网民交谈，广东省委书记汪洋邀网民“拍砖”建言，上海市长韩正在网上推介世博会，中部安徽则首次将“网络问政”写入该省政府工作报告。政府通过网络集纳民意、民智，网民以留言、博客、微博等参政议政，这种平等、互动的交流方式成为中国政治生态中的新亮色。足球扫赌剑指反腐在中央高层密集表态支持足球发展之后，中国掀起了一场“扫赌风暴”。随着前中国足协副主席南勇、杨一民被刑事拘留，扫赌逐步升级为反腐。在多家网站的调查中，反腐倡廉仍居“两会”最受关注话题之首。世博续“举全国之力”胡锦涛主席指出，举办世博会，不仅是上海的大事，也是全国的大事；办好世博会，不仅是上海的责任，也是全国的责任。可以预见，中国在成功举办北京奥运会之后，将继续发挥体制优势，“举全国之力”办好世博会。中美关系全球关注金融危机阴霾未散之际，中美两国关系因贸易摩擦、人民币汇率、美售台武器、美总统奥巴马会见达赖喇嘛等陡生风云，透露出“后危机”时代大国关系的复杂走势。中美关系如何演绎，中国“两会”代表委员关心，全世界也都关注。综观十大热点，如果说应对国际金融危机是“治病”的过程，那么在“后危机”时代，中国需要做全面的“健身”运动。全球视野下，中国在“后危机”时代的表现同样值得关注。（来源：楚天金报）我要评论,4,7,0.9995061159133911
银监会：个人贷款要求面谈面签 昨天，银监会正式发布《流动资金贷款管理暂行办法》、《个人贷款管理暂行办法》。这两个办法与之前已经施行的《固定资产贷款管理暂行办法》和《项目融资业务指引》（并称“三个办法一个指引”），初步构建和完善了我国银行业金融机构的贷款业务法规框架，将作为我国银行业贷款风险监管的长期制度安排，标志着我国银行业信贷管理进入新的科学发展阶段。贷款需明确合法用途《个贷办法》明确规定，贷款人不得发放无指定用途的个人贷款。个人在提出贷款申请时，应当有明确合法的贷款用途。同时，贷款人应就借款人的借款用途进行尽职调查，有效防范个人贷款业务风险。同时，《个贷办法》要求执行贷款面谈面签制度，防止出现个人被不法分子冒名套取银行贷款，或借款人的信贷资金被他人冒领挪用。对通过电子银行渠道发放的低风险个人质押贷款的情形，贷款人可以不进行贷款面谈，但至少应当采取有效措施确定借款人的真实身份。同时，除电子银行渠道办理的贷款，贷款人应要求借款人当面签订借款合同及其他相关文件。采用贷款人受托支付《个贷办法》还规定，除特殊情形外，个人贷款资金应当采用贷款人受托支付方式向借款人交易对象支付，即由贷款人根据借款人的提款申请和支付委托，将贷款资金支付给符合合同约定用途的借款人交易对象。并要求贷款人应在贷款资金发放前审核借款人相关交易资料和凭证是否符合合同约定条件，在支付后做好有关细节的认定记录。采用贷款人受托支付的例外情形，主要包括：一是借款人无法事先确定具体交易对象且金额不超过三十万元人民币；二是借款人交易对象不具备条件有效使用非现金结算方式。上述个人贷款，经贷款人同意可以采取借款人自主支付方式。此外，考虑个体经营贷款与个人消费贷款在实践中存在一些差别，个体经营户在商品生产和交易过程中，通常事先不确定交易对象且现买现付。对此，《个贷办法》作出以下特别规定：一是明确贷款资金用于生产经营且金额不超过50万元人民币的，可以采用借款人自主支付方式；二是规定个体工商户和农村承包经营户申请个人贷款用于生产经营且金额超过50万元人民币的，可以按贷款用途适用相关贷款管理办法的规定。我要评论,4,1,0.9764376282691956
香港酒店超卖现象长假再现     旅游业议会总干事董耀中表示，该会在新春期间收到2宗涉及酒店“超卖”的查询，有团队旅客指原定入住的酒店没有足够房间，导致旅行团被迫“拆团”，部分团员需入住其他酒店，“是酒店超卖(超收散客)房间，是酒店的问题，不关旅行社的事。”董耀中说，酒店“超卖”情况绝迹数年今年重临，已经跟酒店业界人士联络，提醒酒店不要超卖房间。    位于旺角弥敦道的活年旅馆，在农历新年档期的房租加价逾13%，单人房由平日每晚220元加至250元，双人房由每晚290元加价至330元，但本月14日至20日(年初一至初七)出租情况仍然天天“爆满”。旅馆负责人高诚浩表示，新春期间入住的旅客几乎全部是内地客，当中包括个人游及经商旅客，“我们不会胡乱加价，以免赶客。”为吸引要求愈来愈高的内地客，旅馆早于2年前提升设备及服务，除了提供Wi-Fi上网服务外，旅馆内的电视可收看内地客最爱的中央台及凤凰卫视。我要评论,4,7,0.9866397976875305
李泽楷寓所遭港警搜查 据香港《明报》报道，香港警方日前搜查了电讯盈科主席李泽楷在香港多达3个寓所及富通保险等多家公司，过程中李泽楷并不在场。电盈私有化在去年4月被上诉庭法官否决，并指有人明显操纵投票。事隔快一年，警方最近就此案展开全方位调查。供图 CFP （来源：北京日报）我要评论,4,7,0.9824966192245483
世界最具吸引力城市：上海排第二 伦敦居首据俄罗斯媒体报道，在2月21日公布的“世界最具吸引力”城市排行榜中，英国伦敦位居榜首，排名第二的是中国上海。而曾在经济危机爆发前排名第3位的纽约这次则下滑至第10位。这份榜单是法国巴黎大区投资促进协会在毕马威咨询公司的参与下制定的。排名基于对各国500名商界代表的调查以及去年的各国企业投资数据，这一数据参考了毕马威咨询公司在过去5年间分析的一些指标。受访者称，最重要的评定标准是政治稳定性、法律安全性以及城市经济状况。据悉，伦敦在2009年实施或者部分实施了270个投资项目。除了多数客观指标排名第一以外，伦敦还因深得商业人士的厚爱而高居榜首。在调查中，42%的受访者称伦敦是最具吸引力的国家首都。在这份榜单中排名第2的是中国上海。据悉，在某些指标上，上海甚至超过了英国首都伦敦，比如它拥有的现代化研究中心数量和写字楼数量等。此外，进入前10名的还有另外两个中国城市：香港（第3位）和北京（第5位）。俄罗斯首都莫斯科名列第6位。俄媒体对此认为并不令人奇怪，因为投资者过去几年来一直极度愿意向中国投资。商界代表认为，在未来几年内，孟买等另一些亚洲城市也可能进入这份榜单的前几名，从而把榜单上的欧洲城市排挤出去。除伦敦外，欧洲城市中只有巴黎入围榜单前5名。原因有二：第一，在经济危机期间投资额几乎没有减少；第二，商界代表们认为，由于政治稳定、生活水平高、基础设施极为发达，巴黎仍具有相当大的吸引力。新闻晨报我要评论,4,5,0.9984638690948486
创意产业营造通惠河区域古典时尚最IN生活方式春节长假，京东有着700年历史的漕运庙不失为寻找老北京年味的又一个好去处。与往年不同的是，今年如果去通惠河的漕运码头庙会，除了享受老北京的历史积淀，你还可以感受一下创意产业带给古运河沿岸的新鲜气息——古典文化与现代时尚的完美结合。随着朝阳区“运河•新时尚”文化创意产业项目的逐一投入使用，一条以通惠河水景为依托，集自然景观、人文景观、旅游休闲、购物娱乐于一体的绿色时尚消费带正在古运河两岸华丽现身。截至到新年前夕，包括运河•新时尚酒吧街、汇通时尚购物中心和汇通滨水动漫城在内的创业产业规划区配套商业综合项目悉数落目公众眼底。其中即将投入使用的汇通时尚购物中心更是被预言将会成为引领京东地区消费时尚的文化地标。虽处京东郊区，但便捷的地下、地上交通，充足方便的停车位等硬件优势加上创意产业文化的魅力，使得汇通时尚购物中心还未开门就已经博得业内人士的普遍看好。汇通时尚购物中心，连接汇通国际酒店与新时尚酒吧餐饮街，以商业整合卖场为主，集中创意商业文化，平台式中心展示秀场。早在项目开发前期，汇通时尚中心就引入了国际化团队操作，在本土化的基础上实行差异化经营。另外购物中心还提供了家庭消费娱乐的创意空间：生活家居馆、快乐家庭馆、娱乐空间馆等，个性化、人性化的服务为购物中心又提升了整体魅力。试想一下，吃完老北京风味小吃，再去时尚购物中心血拼一把，一路下来，就像是穿越时空隧道，从古至今的年味都享受了，这也可以算得上是新春最IN的选择了。我要评论,4,6,0.9982461929321289
80后众奴缠身变身年清族 中新社惠州2月23日电 房奴、卡奴、车奴、孩奴……众“奴”缠身的“80后”，在春节过后又给自己扣上了一顶新帽子——节奴。节奴，指因春节等重大节日消费、交际而饱受压力的人。早已被生活费、按揭费、通讯费、水电煤气费、孩子的奶粉尿布费压得气喘吁吁的“80后”众“奴”缠身。而原本应该喜气洋洋的春节也被当成了“春劫”，高昂的人情节费让“80后”变成了“年清族”。不少网友上班第一天就纷纷在网上晒自己的春节账单。节日的巨大开支令年轻白领叫苦不迭。在广东惠州一事业单位上班的曾先生告诉记者，迫于家庭观念的压力，他在2009年终于踏上了房奴和车奴的行列，每月要交2700元的房贷，养车一个月要1000元左右，加上平时的花销，每个月基本上都是“月光族”。过年回家，车票、无数的红包、绵绵不断的酒席，很快把微薄的年终奖也花光了，整个一“年清族”。网友心碎乌托邦无奈地表示，自己开始明白了一年一度的春节，为何有人欢喜有人忧，甚至患上“恐年症”。一个春节下来花掉了自己半年的积蓄，年后的日子只能勒紧裤腰带来过活了。一些人为避免成为“节奴”而不得不加入“恐归族”，留在单位值班，宁可不休息，也不回家做节奴。“在读小学时，大学不要钱，读大学时，小学不要钱。没上大学时，大学生是天之骄子，大学毕业后，大学生跟农民工一个价；以前房子是靠分配，现在房价高得令人咂舌。‘80后’基本上是独身子女，以前是几个子女养一个老人，现在是一个子女养几个老人。孩子读书，连个幼儿园都要几万块钱的赞助费。读书、就业、买房、赡养老人，抚养子女，我们比前人承受了更大的竞争、生存压力。”不少“80后”发出了这样的感言。工资永远赶不上房价的上涨速度，却要不惜一切地沦为房奴；自己省吃俭用，也要让孩子吃好的，穿名牌，心甘情愿当孩奴；经济条件不好，也忍不住想在各种节日庆祝一番，辛辛苦苦挣来的钱就像放爆竹一样可劲挥霍，最终变成了节奴。“奴现象”在“80后”群体中的泛滥，不得不引人深思。“80后”，真的要过得这么沉重吗?对此，专家分析，“80后”变身为“奴”，大多是过度膨胀的虚荣心作怪。凡事要讲究量入为出、量力而行，不要打肿脸充胖子，造成消费方式畸形。专家呼吁“80后”要通过自身的努力和奋发图强改变生活困境、提升生活质量，改变“奴”字加身、自怨自艾的状况。我要评论,4,1,0.6365634799003601
领导干部禁止插手房产开发本报讯中共中央近日印发了《中国共产党党员领导干部廉洁从政若干准则》，并发出通知，要求各地区各部门认真贯彻执行。通知指出，1997年3月中共中央印发的《中国共产党党员领导干部廉洁从政若干准则（试行）》，对于促进党员领导干部廉洁从政，加强和改进党的建设发挥了重要作用，但是随着新时期党的建设特别是反腐倡廉建设的不断深入，已经不能完全适应现实需要，中央决定予以修订。通知要求，各级党员领导干部要认真贯彻执行《廉政准则》，严于律己，洁身自好，严格要求配偶、子女及其配偶、其他亲属以及身边工作人员，坚决杜绝违反《廉政准则》行为的发生。>>链接·新增部分条款第七条禁止违反规定干预和插手市场经济活动，谋取私利。不准有下列行为：（一）干预和插手建设工程项目承发包、土地使用权出让、政府采购、房地产开发与经营、矿产资源开发利用、中介机构服务等市场经济活动；（二）干预和插手国有企业重组改制、兼并、破产、产权交易、清产核资、资产评估、资产转让、重大项目投资以及其他重大经营活动等事项；（三）干预和插手批办各类行政许可和资金借贷等事项；（四）干预和插手经济纠纷；（五）干预和插手农村集体资金、资产和资源的使用、分配、承包、租赁等事项。第八条禁止脱离实际，弄虚作假，损害群众利益和党群干群关系。不准有下列行为：（一）搞劳民伤财的“形象工程”和沽名钓誉的“政绩工程”；（二）虚报工作业绩；（三）大办婚丧喜庆事宜，造成不良影响，或者借机敛财；（四）在社会保障、政策扶持、救灾救济款物分配等事项中优亲厚友、显失公平；（五）以不正当手段获取荣誉、职称、学历学位等利益；（六）从事有悖社会公德、职业道德、家庭美德的活动。综合本报记者郭鲲新华社报道我要评论,4,7,0.9996414184570312
香港百万富豪近两成生于内地 深港记者黎媛报道昨日下午，香港花旗银行发布最新的“百万富翁调查报告”。人口刚超过700万的香港，已拥有近40万个流动资产超过100万港元、总资产近千万的富豪。其中18%的百万富豪生于内地，花旗银行环球个人银行服务副总经理周永赞指出，随着内地经济越来越好，预计香港的百万富翁中，内地出生的人数比例将进一步增加。花旗银行委托香港城市大学通过电话访问，抽样调查了超过6600位香港居民。由于股市、房产投资市场畅旺，去年，香港拥有超过百万港元流动资产的富豪达39.4万人，比前年增加4.6万人。这些富豪平均流动资产为380万港元，平均总资产则为950万港元。家庭主妇、退休人士占据了香港富豪的半数：富豪中52%为女性，平均年龄达到51岁，其中40岁以上的富豪更占了77%。周永赞表示，过去7年里，香港百万富翁的人数变化和恒生指数的变化有很高的相关性。八成受访富豪选择把流动资产放在股市里。但这些富豪“入市”意欲逐步下降，仅35%的受访富豪对今年股市感到乐观，12%的受访富豪今年有购楼的意愿，主要是因为在去年市场快速上升后，这些富豪预期今年投资市场的升幅不会很大。我要评论,4,1,0.9993382096290588
国资委警告央企不要再炒房 提要：据新闻晨报，最近一份统计数据显示，全国128家央企中，逾七成企业涉足房地产业，目前央企拥有的酒店数量预计在2500家以上，资产规模超过千亿元。在政府部门已日渐看轻GDP，更重视可持续发展的今天，国企的考核标准看来也该与时俱进了。最近一份统计数据显示，全国128家央企中，逾七成企业涉足房地产业，目前央企拥有的酒店数量预计在2500家以上，资产规模超过千亿元。针对一情况，国务院国资委日前公布了新的央企负责人考核办法和加强中央企业全员业绩考核工作的指导意见，其中要求，央企不能再如此“不务正业”，必须悬崖勒马，做强主业和实现主业收益最大化。央企炒房这不是一个新鲜话题，但央企成为房地产市场的主力投资大户，却不得不引起警惕。表面上看，目前中国房地产市场充满暴利机会，居高不下的房价和普遍渴求拥有一套自住房的消费心理，让那些投资房地产市场的企业赚得盆满钵满。面对这种连“傻瓜”都能赚钱的市场，手握雄厚资金，与地方政府、相关部门具有天然联系的央企如果不进场“淘金”，那还真有点“傻气”呢。不过，这样的算盘仅仅是从经营，或者直接点说是从赚钱多少角度考虑的。而对于作为国民经济支柱的央企而言，经营效益固然重要，这是检验央企管理者是否称职的重要指标。但还应该看到，国内央企绝大部分是行业的垄断者，不管是电信还是能源企业，它们的垄断地位都是国家赋予的，国家之所以赋予这些企业特殊地位，是因为它们必须保证国民经济核心产业的稳定和安全，承担着国计民生的重要职责，承担着提升中国核心竞争力的神圣使命。从这个角度来看，央企炒房炒地固然属于其多元经营的范畴，但如果由于炒房而炒得心有旁骛，炒得三心二意，从而影响到主业发展，进而影响到中国在该行业的国际地位和战略布局，那就罪莫大焉，是赚多少钱也弥补不回来的。央企热衷于炒房炒地，反映了一部分国有企业当家人只顾眼前利益，只看短期回报的心态，而没有将主营业务的长期发展放在首要位置。之所以出现这样的现象，归根到底，是因为我们干部的考核体系出现了一定偏差，重经济效益数字考核，轻全局长远战略谋篇，结果必然纵容一部分当家人冒险博取短期业绩。在政府部门已日渐看轻GDP，更重视可持续发展的今天，国企的考核标准看来也该与时俱进了。我要评论,4,7,0.7762833833694458
香港4月起拟提高豪宅印花税 提要：近期关于中国房地产泡沫的担忧言论不断，换来各地政府相继采取预防措施。曾经在1997年亚洲金融风暴中遭遇地产泡沫破裂重创的香港特别行政区昨天也加入这一行列，香港特区财政司司长曾俊华宣布将采取四方面措施维护楼市稳定。昨天曾俊华宣布，香港政府将推出四方面措施来维持楼市稳定，对抗楼市泡沫风险。近期关于中国房地产泡沫的担忧言论不断，换来各地政府相继采取预防措施。曾经在1997年亚洲金融风暴中遭遇地产泡沫破裂重创的香港特别行政区昨天也加入这一行列，香港特区财政司司长曾俊华宣布将采取四方面措施维护楼市稳定。增加私人住宅供应曾俊华昨天在立法会宣读其任内第三份财政预算案时表示，房地产市场的泡沫风险增大，亦引起了市民对置业困难的关注。昨天曾俊华宣布，香港政府将推出四方面措施来维持楼市稳定，对抗楼市泡沫风险。根据新政，香港未来数年的楼宇供应增加。2010年私人住宅新单位落成量会增加至14300个，而在未来3至4年，政府预计约有53000个私人住宅单供应。此外，曾俊华建议今年4月1日起，将2000万元以上的楼宇买卖印花税税率由3.75%提高至4.25%，同时不再容许该等楼宇的买家延交税款。第三，政府会确保物业市场销售和物业成交价格具透明度，加强对楼宇买卖的监管，确保市民可以在公平及透明的环境下进行楼宇买卖。第四，政府会致力防止按揭信贷过度扩张，以免助长物业市场资产泡沫的形成。金管局已经在去年10月向银行发出指引，降低2000万港元或以上楼宇的按揭成数，同时要求银行审慎处理楼宇按揭申请。业内建议谨慎行事昨天公布的数据显示，今年1月，香港个别豪宅价格已重上1997年楼市高峰期的水平，整体房价较金融海啸前高8%，但以普通香港居民为主要消费对象的中小型单位房价依然比1997年高峰期低约23%。不过，针对港府提高豪宅印花税的动议，业内人士认为收效甚微。地产建设商会副主席梁志坚表示，调高半个百分点，对遏制豪宅买卖无太大帮助。亦有意见认为政府要谨慎行事，慎防公共政策令楼价大幅波动，任何波动对小业主影响深远。我要评论,4,7,0.874625563621521
京郊创意产业瞄上后春节经济在传统文化中，过完元宵才算真正过完年，元宵被看作是过年的“压轴戏”。在以往，对很多商家而言，抢占元宵节消费市场就是抢占了春节经济的最后一块蛋糕。不过今非昔比，春节文化带给人们的兴奋点远不止短暂的几天假期，于是越来越多的商业项目开始重视“后春节经济”的市场。位于朝阳区三间房地区的通惠河文化创意产业区配套商业项目运河·新时尚就是其中之一。早在春节前夕，运河新时尚酒吧街就伴随着以复古个性化著称的Amanni酒吧的开张拉开帷幕，运河新时尚餐饮酒吧街项目共计3万平米，沿通惠河南岸经双桥路划分为东西两区，东区主营酒吧餐饮，西区将建成“时尚休闲消费所”和“西方艺术家走廊”。 整个以TownHouse街区风情为主题的酒吧街似乎把更多的市场聚焦到春节过后，据相关人士透露，近期其他酒吧将陆续开始营业，这里将成为人们工作之余休闲娱乐的聚集地。此外，濒临通惠河滨河景观带的汇通时尚购物中心也将正式开业的时间放在了元宵节后。汇通时尚购物中心是朝阳三间房的代表文化商业地产项目，它连接汇通国际酒店与新时尚酒吧餐饮街，以商业整合卖场为主，集中创意商业文化，平台式中心展示秀场。面对为何选择春节后开业的问题，购物中心相关负责人微笑作答：“人们的消费观念在改变，春节经济已经不再局限于一个以七天假期来计算的时间段，我们对‘后春节’经济寄予厚望，并充满信心。”我要评论,4,3,0.3252914845943451
4万亿投资无1分钱入房产业昨天上午10时，十一届全国人大三次会议开幕后首场记者会举行，国家发展和改革委员会主任张平、财政部部长谢旭人、商务部部长陈德铭、中国人民银行行长周小川来到人民大会堂三楼金色大厅，就加强和改善宏观调控回答记者提问。中外记者抢着举手，4部委领导人欲罢不能，结束时间一推再推。国家发改委主任张平4万亿元投资计划，民生投资占44%，没有一分钱进入‘两高一资’和产能过剩行业，也没有一分钱进入房地产行业。>>惠民方面去年效果最为明显张平表示，过去的一年，中国经济增速在超过预定目标的同时，调结构、促改革、惠民生同样取得了积极进展和重大成就。张平指出，在调结构方面，采取了强化“三农”，实施重点产业调整振兴规划，加强自主创新和促进战略性新兴产业发展。深化改革力度加大，全面实施增值税转型，成品油价格和税费改革顺利实施，医药卫生体制改革有序推进。在惠民生方面，去年是效果最明显、群众得实惠最多的一年。城乡居民收入继续增加，城镇居民人均可支配收入和农村居民人均纯收入分别实际增长9.8％和8.5％。>>4万亿投资无一分钱进入地产在回答4万亿元投资的投向问题时，张平表示，4万亿元投资计划的实施，不仅对中国提振市场信心发挥了重要作用，而且对世界经济的复苏也产生了重大影响。4万亿元投资没有一分钱进入“两高一资”和产能过剩行业，也没有一分钱进入房地产投资领域。>>收入分配提高劳动报酬比重张平表示，政府要加大对国民收入分配格局调整的力度，目标就是要逐步提高居民收入在国民收入分配中的比重，提高劳动报酬在初次分配中的比重。>>地方融资融资规模增长较快关于地方政府融资平台风险问题，张平表示，地方融资平台在筹集资金、促进地方经济发展方面，发挥了积极作用，但也出现了融资规模增长较快的问题，如不正确处理，就可能带来潜在的财政和金融风险。财政部部长谢旭人2010年对部分小型微利企业实施所得税优惠政策，对1.6升及以下小排量汽车暂减按7.5％征收车辆购置税。>>惠农政策增加对农民的补贴谢旭人说，今年要继续实施积极的财政政策。提高城乡居民收入，扩大居民消费需求。进一步增加对农民的各项补贴，提高城乡居民最低生活保障标准，继续实施积极的就业政策，健全家电、汽车、摩托车下乡等促进消费的政策。>>减税政策微利企业税收优惠继续落实好结构性减税政策。巩固增值税转型及成品油税费改革成果，对部分小型微利企业实施所得税优惠政策，对1.6升及以下小排量汽车暂减按7.5％征收车辆购置税等。>>财政支出加大民生建设支出优化财政支出结构，切实保障和改善民生。进一步加大对“三农”、科技、教育、医疗卫生、社会保障、保障性住房、环境保护和生态建设等方面的支出。大力支持区域协调发展和经济结构调整。2009年全国土地出让收入为14239亿元，全部纳入地方政府基金预算，专款专用。>>公共投资中央安排9927亿元政府公共投资要安排使用好，着力优化投资结构比。今年安排中央政府公共投资9927亿元，重点支持保障性住房、农业基础设施、教育和医疗卫生等社会事业，支持节能环保和生态建设，以及自主创新等。>>财政赤字今年严控在3%以内今年全国财政收支差额10500亿元，相当于国内生产总值的2.8％，控制在3％之内，债务余额大体占GDP的20％左右。总体来看，是可以承受的，也是安全的。商务部部长陈德铭我们的促进内需和外需的计划对世界经济的复苏及与各国的刺激计划的协调有很大的促进作用，有很大的帮助作用。>>刺激内需国内消费拉动经济陈德铭表示，中国作为世界贸易组织的一个成员，我们的一揽子刺激内需和外需的计划，是在遵循世贸组织的各项规定和坚决反对贸易和投资保护主义的前提下进行的，对包括外资企业、台港澳企业在内的各类企业一视同仁。陈德铭说，去年我国的消费增长了16.9%，出口下降了16%。大家可以看出，拉动中国经济主要是国内消费。这说明通过启动内需国内形成了稳定的市场，中国启动消费的政策有益于世界经济的复苏，使全球受益，各类企业受益。>>外贸增长出口恢复有待时日陈德铭认为，当前我国外贸有恢复性的增长，但目前全球经济复苏非常脆弱，世界消费市场和中国外贸真正全面恢复还有待时日。国家将通过调整消费结构、完善消费政策和建设现代流通网络积极扩大居民消费。采取市场多元化和以质取胜的战略，完善出口退税、信贷、信保等方面的政策，优化进出口结构，保持外贸稳定增长，形成内外需协调拉动经济增长格局。>>中美贸易互利共赢趋势不变针对美有关人士指责中国以汇率补贴出口，违反WTO规则的问题，陈德铭表示，汇率是各国宏观调控的经济政策，而WTO规则对补贴有严格界定，二者是不同的法律范畴。中美贸易中中方有顺差，但中国对许多发展中国家也有贸易逆差。在金融危机中，中国坚持市场开放，扩大进口，顺差明显减少。美国长期对华实行严格的出口管制，对美扩大出口非常不利。在贸易尚不自由、不便利的情况下，不能将汇率作为导致贸易不平衡的缘由。陈德铭指出，中美之间有些贸易摩擦，但双方互利共赢的总趋势不会改变。中国人民银行行长周小川今年我们仍旧实行适度宽松的货币政策，同时也要高度关注通货膨胀和其他方面经济指标的变化，要管理好通货膨胀的预期。>>关于通胀要管理好通胀预期周小川在回答有关货币政策会不会收紧和通胀预期的问题时表示，今年我们仍旧实行适度宽松的货币政策。但与此同时，我们也要高度关注通货膨胀和其他方面经济指标的变化，要管理好通货膨胀的预期。因此，我们是要在继续保持经济平稳较快发展和防止通货膨胀之间进行权衡。周小川指出，今年对于宏观调控来讲是一个相当复杂的年度。而且，很难在年初时就把全年可能发生的所有事情和指标的变化都准确加以预测，所以，货币政策还是要根据各项经济指标所反馈的信息来进行动态调整。>>关于汇率有管理的浮动机制关于人民币汇率问题，周小川回应说，人民币汇率的形成机制、人民币的价格也会处于不断转变的动态过程，它应该适应于我国改革开放的具体进程，应该适应于社会主义市场经济框架建立的形成过程，应该适应于建立一个开放型的市场经济，适应于全球化的进程。因此，它在不同的阶段会有所变化。周小川特别指出，中国现阶段所实行的人民币汇率机制应该是一个有管理的浮动汇率机制。同时，要不断完善汇率形成机制，使人民币汇率在合理、均衡水平上保持基本稳定。但不排除一些特殊阶段，比如在危机条件下采用特殊的政策，包括特殊的汇率形成机制。周小川认为，当前世界经济复苏并不巩固，仍然有很多的不确定性。因此要非常慎重选择从非常规的政策回到常规政策的时机。其中也包括汇率政策。周小川表示，中国是根据自己的国情，充分参照国际货币基金组织所提出的概念和规范来选择汇率机制，我们不赞成将汇率问题政治化。本报记者高晨 我要评论,4,1,0.4515470564365387
去年土地出让收入超1.4万亿土地出让财政部部长谢旭人昨日披露，现在地方国有土地有偿出让收入，已经全部纳入了地方政府性基金预算管理。他表示，在地方基金预算收入中，国有土地使用权出让收入是大头。2009年，全国土地出让收入大体是14239亿元，纳入到基金预算收入管理。根据规定，收入多数都是专款专用，与公共财政预算是分开的，即当地不能拿这个土地出让收入搞一般性的开支。去年地方土地出让收入安排的支出，首先用于征地拆迁、补偿及补贴被征地农民支出5180亿元。其次是用于土地开发支出1430亿元。第三，用于农村基础设施建设433亿元。第四，用于城市建设支出3341亿元。第五，用于土地整理以及耕地开发支出478亿元。第六，用于廉租住房建设以及一些改制国有企业土地收入用于职工安置等支出，为1378亿元。本报记者 胡红伟我要评论土地出让财政部部长谢旭人昨日披露，现在地方国有土地有偿出让收入，已经全部纳入了地方政府性基金预算管理。他表示，在地方基金预算收入中，国有土地使用权出让收入是大头。2009年，全国土地出让收入大体是14239亿元，纳入到基金预算收入管理。根据规定，收入多数都是专款专用，与公共财政预算是分开的，即当地不能拿这个土地出让收入搞一般性的开支。去年地方土地出让收入安排的支出，首先用于征地拆迁、补偿及补贴被征地农民支出5180亿元。其次是用于土地开发支出1430亿元。第三，用于农村基础设施建设433亿元。第四，用于城市建设支出3341亿元。第五，用于土地整理以及耕地开发支出478亿元。第六，用于廉租住房建设以及一些改制国有企业土地收入用于职工安置等支出，为1378亿元。本报记者 胡红伟我要评论,4,1,0.48675426840782166
看好中国内地投资市场 国内投资者将热情踊跃2010年3月11日，北京：根据第一太平戴维斯数据，2009年中国内地整售交易总成交额达768亿人民币(112亿美元)，比2008年下降了3.6%。在2009年下半年强劲的经济数据支撑下，本地买家对中国内地市场表现出非凡的兴趣，因此，近四分之三的成交(83亿美元)发生于2009年下半年。2009年成交的项目中，有70%的项目位于国内的一线城市如上海、北京、广州和深圳，而2008年这一比例为79%，主要由于投资者进一步看好国内的新兴市场以及中国内地投资者的比例进一步增加。而海外投资者，通常作为一些成交案例中的卖方，在当前经济形式下，他们通常会处置一部分资产来保证有效的投资回报。第一太平戴维斯上海公司董事长刘德扬先生表示：“国内公司将会在2010年的投资市场中扮演更重的角色。这包括保险公司及本地私人投资机构。由于中国的经济形式较西方国家拥有更好的发展前景和更强劲的表现，本地及海外投资者的投资力度将进一步增加。”第一太平戴维斯中国区首席执行官何伟度先生表示：“2009年第一太平戴维斯成功促成中国内地和台湾68亿人民币(10亿美元)交易。我们为能够为客户提供最专业的服务并得到最满意的回报而感到自豪。这也将进一步巩固第一太平戴维斯在中国房地产咨询顾问市场的领先地位。”何伟度先生还表示，2010年世博会将首次在中国上海召开。“届时，国内外游客蜂拥而至，中国尤其是上海位于世界瞩目的聚光灯下，其房地产资产价值将进一步提升。”我要评论,4,1,0.9967356324195862
京东三间房创意产业新景象生活在繁华的都市，忙碌了一天，如果挑选一种方式去释放一天的压力，或者在寂静的夜幕降临之时抵御寂寞，酒吧，无疑是都市宠儿们或独行或结队参与的一个充满冲动和品位的选择。最近，京东三间房创意产业“运河•新时尚”滨河景观带附近，经常出现一些相约而来的都市泡吧者，目标就在于体验阿曼尼酒吧的派对空间。谈起酒吧，三里屯、后海曾经在很长的时间里成为京城特定酒吧文化的代名词。随着酒吧数量的繁殖，特别是经济时代催生的力量，诞生了形形色色，风格迥异的酒吧，利用废弃大巴士的“汽车酒吧”，与足球相关的“足球酒吧”，能在里面看电影的“电影酒吧”，充满艺术情调的“艺术家酒吧”，还有挂满汽车牌照的“博物馆酒吧”。今天如果有人想给北京的酒吧文化再选择一个单一的代名词恐怕是再也不可能的事情了。无论如何，能够让人回味无穷，成功贩卖氛围和环境的酒吧一定都有着自己张扬的个性。在这些冉冉升起的酒吧新星中，坐落于北京朝阳区三间房“运河•新时尚”滨河景观带的阿曼尼酒吧在很短的时间内成为泡吧爱好者们极具推崇的去处，也恰是因为它独特的文化品位赢得了众人的喜爱。夜色中，走进著名的京东动漫地带，走进三间房创意产业代表“运河•新时尚”滨河景观带，扑鼻的创意文化就开始悄悄侵入人的心灵；步入阿曼尼酒吧，步入视觉、听觉交融的心灵世界，时尚元素彰显于各个角落，能够容纳六七百人的中心大吧在一片魅惑的灯光和音乐组合中撩动着激情。舒适的座椅给了阿曼尼喧闹中不失高雅的魅力。美酒和动感的音乐在灯光下尽情结合，令人激情澎湃。在阿曼尼酒吧，你每次都将感受到来自全世界顶尖DJ、舞曲创作者、歌者和艺人，最脍炙人口的经典舞曲音乐和最新创作作品。复古的曲风与前卫炫音相结合，融入流行的R&B、HipHop和说唱元素，变幻的音乐能带来心情的宣泄，互动的氛围能让人在酒精的放松下找回最真实的自己。配以沁人心脾的经典美酒、让人不管在哪一个酒吧的哪一个角落，都能感觉到浓郁的迷离气氛和细致入微的心灵呵护。阿曼尼酒吧中最浓墨重彩的一笔是DJ，阿曼尼每一次活动都会有DJ大师亲临现场。大师就是名副其实，他主宰着舞池，从放上第一张碟子，调出第一首舞曲，就让整个舞场彻底颠覆。DJ自然衔接起乐曲中的停顿，调动起场中的氛围，DJ对每一段乐曲的选取都是为了满足客人内心深处的渴望，点燃现场的情绪，就像带着一群游人，经历着一场音乐之旅，感受着一种放松、一种自在，享受着DJ大师们精心设计、倾力打造的北京最具体验感的派对空间。我要评论,4,3,0.5618512034416199
国土部重拳遏制高房价 严控向大套住房供地国土部昨日召开房地产用地供应和监管全国视频会议。会议提出，将在房价上涨过快城市开展土地出让招拍挂制度完善试点；各地要明确并适当增加土地供应总量；房价上涨过快、过高的城市，要严控向大套型住房建设供地。他强调，各地试点中，要注意防止出现新的高价地，防止地价波动向二、三线城市扩展。试点城市和内容确定后，要及时报部备案。在试点的过程中，要根据不同地块的实际建设条件和政府调控的目标引入多因素评判，探索完善土地招拍挂出让制度的具体政策。会议要求，各地要明确并适当增加土地供应总量，要按照制定的2010－2012年住房建设规划或提供的城市居民住房调查统计情况为基础，进一步明确年度房地产用地的供应总量。在今年土地利用计划下达后，统筹新增和存量，以前5年平均年均供地量并适当增加。会议强调，房价上涨过快、过高和商品住房空置率高的城市，要严格控制向大套型住房建设供地。会议指出，要加强与工商、税务、证监会等有关部门协调，抓紧研究解决变相炒地和上市房地产公司土地监管问题，主动加强土地供应调控政策与住房销售政策、银行信贷政策的衔接配套，更好地形成政策合力，遏制投资投机行为和抑制房价、地价的过快上涨。我要评论,4,7,0.9319124221801758
"汇通滨水动漫城或将成为京城第二个798提起创意文化产业，势必会让人想到一个标杆性名词——798艺术区。创意文化产业的发展来势凶猛，仅仅两年时间，798工厂就由一个连北京都少有人知的50年代的残旧工厂走上了世界舞台，成为了全球瞩目的中国艺术核心区，成就了享誉中外的 “城市的奇观”。而最近，随着汇通滨水动漫城的落成，京城动漫创意产业新的热点话题，有业内人士做分析称：汇通滨水动漫城的落成，将夯实三间房动漫创意文化产业，将推动三间房产业区成为京城的下一个798。目前据悉，新兴的动漫产业已成为全球最重要的创意文化产业之一。全球动漫产业每年产值400亿美元，但是相关的衍生产品却已达到了4000亿美元，动漫产业具有范围广、内容多和产业链长的特点，包括动漫玩具、动漫游戏。中国动漫产业虽然起步较晚，但是发展如火如荼，随着《喜羊羊与灰太狼》等动漫影视产品在国内外频获大奖以及相关衍生产品的风行，中国动漫产业开始显示出强劲的发展态势，在区域发展上，上海、广州、福州等城市正在兴起新一轮的发展高潮，已初步形成以网络游戏、动画、手机游戏、单机游戏和与游戏相关的产业链。而首都北京正在着力打造成为国际一流的动漫产业中心。借助于北京市和朝阳区大力发展文化创意产业的机遇和作为，通惠河文化创意产业规划区的配套商业综合项目之一，汇通滨水动漫城应运而生。坐落于北京朝阳区三间房“运河•新时尚”整体项目备受瞩目，并在刚刚结束的2010年中国商业地产第七届行业年会上荣获中国最具创新商业地产项目奖。滨河景观带的汇通滨水动漫城属于通惠河文化创意产业规划区的配套商业综合项目之一。汇通滨水动漫城的落成标志着“运河•新时尚”整体项目全面竣工。汇通滨水动漫城拥有30,000平方米的动漫设计工作室，提供六种不同风格的工作室，可为入驻企业、个人提供各种需求的全面综合载体。配合与动漫城相邻的15,000平方米的文化艺术中心，一起为该区增添了一道浓厚的产业文化色彩。发展动漫产业是一项涉及多个环节、多个领域的系统工程，拥有一个设施完备，文化氛围浓郁的创作环境无疑是形成完整动漫产业链条的前提条件。“运河•新时尚”项目投资商通建合美投资管理有限公司董事长贾利在中国商业地产行业年会后接受记者采访时表示：不久的将来，滨水动漫城，将汇聚国内外动漫大师级专家和国内动漫领域一线精英，通过搭建专业交流与互动平台，缩短与国际最顶尖水平的差距，掌握产业前沿动向，促进产业合作，提升北京动漫设计企业和工作室的技术水平，推动北京动漫产业发展。我要评论",4,6,0.8884732127189636
"汇通滨河动漫城欲夯实动漫京都近年来，全国各地动漫产业风生水起，不少城市都纷纷打出了建造“动漫之都”的口号。作为全国文化中心、科技中心、人才基地和国际化大都市等得天独厚的优势，北京在中国动漫文化产业的发展和探索上一直处于领先地位。面对国内外动漫产业的竞争，在进一步加大对动漫产业的重视和投入后，北京动漫产业再现强劲实力。随着“汇通滨河动漫城”的建成，朝阳区三间房国际化大型动漫产业基地得到进一步夯实，“动漫京都”逐渐成为北京市的另一张名片。动漫产业在中国发展迅速，打造“动漫城市”成为很多城市的动漫产业梦想，而北京、上海、杭州、长沙等几个城市已经在动漫创意产业上形成了较大的规模，并开始觊觎着“中国动漫之都”的桂冠。为此，作为动漫产业发展的载体和基础，动漫基地产业园区纷纷落户各大城市，并在资金、人才、税收、用地等方面拥有了城市上层建筑的大力支持。正是基于对动漫产业特色发展的前瞻考虑，北京市朝阳区政府牵头策划，三间房乡政府主办的通惠河文化创意产业规划区就将目光瞄准了动漫产业，意在打造国际化动漫基地。近日，当民意盛会中动漫产业再次成为关注焦点时，“汇通滨河动漫城”顺利落成，京东三间房动漫基地进一步夯实了自己的动漫产业竞争实力。三间房地区动漫文化创意产业项目，整体处于长安街延长线和CBD功能拓展区的区位，能够充分整合中国传媒大学、中央电视台、北京电视台及地区内众多文化企业的资源，进一步挖掘通惠河、梆子井、漕运码头等历史文化内涵，抢占发展文化创意产业的战略制高点。作为三间房动漫产业基地的一个重要基础项目，汇通滨河动漫城特色鲜明，个性化动漫设计工作室成为一大建筑亮点，作为滋养动漫设计人才的土壤和容纳创意成长的空间，30,000平方米的动漫设计工作室以六种建筑格局提供着不同的产业需求，吸引着各种动漫企业和大批动漫产业专业人才，有业内人士在对比创意产业发展现象后称之为京城第二个“798”——动漫产业“798”。通建合美投资管理有限公司董事长贾利在滨河动漫城项目落成时表示，“滨河动漫城将进一步夯实北京动漫产业实力，助力三间房动漫基地向国际一流动漫基地迈进，让北京真正戴上“中国动漫之都”的首冠” 。我要评论",4,6,0.9121971726417542
新政出台京沪深炒客急抛盘 广州市场波澜不惊短短三天内，中央连出数记“重拳”遏制房价。新政后首个周末，记者通过采集数据和巡访楼市发现，新政对广州楼市暂时未有太大的影响。一手住宅签约量持平，也未见“退房潮”。不过郊区盘看楼客流量有所下降。业内认为，影响肯定会有，但需要时间消化。郊区盘看楼客略减被称为“猛拳”的房产新政出台首个周末，广州一手住宅签约量未减。截至昨日下午，广州市国土房管局阳光家缘数据显示，4月16日～17日广州全市一手房共成交476套，日均成交238套，与新政出台前成交量基本持平。一名业界人士介绍，本周末他也看过一些盘，从现场情况看访客是有减少。由于五一黄金周临近，新政前每个周末，楼盘到访量都稳步增加。这个周末虽然不至于零到访，却看出购房者有些犹豫。在宏发广场看楼巴聚集地，看楼的人寥寥无几。某楼盘派单组长说，他从2月份至今每个周末都到场派单，以前一天可以拉到三十多人，但现在只有十多二十人，锐减了1/3左右。“以前问的人多，现在问的人很少，主动推销都很难达到效果。”不过，要到宏发广场坐看楼巴的多数是郊区盘。记者了解到，市区盘人气目前仍不减。昨日，珠江新城某盘销售人员称，很多银行政策还没调整过来，没有确认变化。这几天人气和销售情况很正常，“昨天还签了一个。”销售人员说。暂未出现退房潮据广州市国土房管局阳光家缘数据显示，自新政出台后，广州全市仅有2例退房，并未见“退房潮”。广州市房地产专家吴定进表示，广州目前还没看到有退房潮，广州的开发商签约后手续办得很及时，很少会出现因审批衔接不上要退房的情况。据一线销售人员介绍，房贷新政对于120～130平方米户型的成交影响比较大。因为不少人原本打算将旧房子卖掉，换大点的好房子。但是首付成数提高后，对于这些中端客户来说，原本的预算就只能变成买面积更小的房子了。地产中介出门拉客而二手房方面，记者发现，有地产中介经纪主动出击，“站街”拉客。昨日早上，滨江东路一家地产中介工作人员不像以前那样在店铺内坐着，而是把店铺门打开，经纪全部站到外面迎客。只要有人经过稍微多看他们两眼，经纪马上就会迎上来热情地招呼。放盘投资客略增信息时报讯（记者徐凤）新政出台后的首个周末，记者走访中介市场发现，前往二手中介放盘的投资客同比略有所升。上周末，热衷于投资房地产的李先生一次性把手中持有的三套物业全部放出。据他介绍，2008年底至2009年初，当楼市略显回暖的时候，嗅觉灵敏的他，在白云区一次性购买了3套房，户型面积在50～80平方米，其中有一套70多平方米的两房单位房价已经翻了两番。李先生告诉记者，近两个月，随着“国四条”等打压楼市的政策频繁出台，就一直处在抛与不抛的观望阶段。“此次关于首付提高的政策，不管是对投资客还是对首次置业者都有‘致命’的打击，楼市下滑的压力进一步加大。因此，对投资客来说，早逃胜于‘晚抛’”。同时，记者昨日走访多个中介发现，位于中心城区的二手中介多门可罗雀。据天河合富置业经纪告诉记者，上周末没有一个前来买房的人，但有多个咨询放盘情况的电话。开发商延迟开新盘信息时报讯（记者 罗莎琳）根据合富辉煌研究部统计，今年五一期间，广州市商品住宅新货接近1.3万套，甚至有专家表示，延续3月份的楼市回暖脚步，五一楼市将全面反弹。但上周的“房产重拳”，令开发商的开盘推货计划也纷纷受阻。天河新盘睿峰园计划五一前推出市场，但日前该盘负责人李先生对记者表示，开盘时间要往后挪，过完五一再看市场情况而定。他进一步表示，除了本身的工程进度原因之外，楼市新政对新盘是个考验。“说实在的，我们不知道在这个时候怎么定价，所以干脆等五一之后再说。”开盘计划延后的不仅有睿峰园，白云区某全新楼盘计划在本月底公开发售。而昨天记者收到该公司声明，项目的产品发布会将临时取消，开盘时间也成了未知数，具体原因，该公司负责人不肯透露。而在价格方面，记者暂未发现开发商有立刻调价的现象。地产专家黄穗诚表示，去年开发商销售业绩都超额，资金实力充足，不会因为新政一出来就立刻降价。他预计，开发商至少可以“抗衡”到今年下半年。同时，合富辉煌集团研究部首席分析师黎文江表示，新政突然“杀到”，会打乱开发商的手脚，尽管有关部门没有明确表示政策的具体执行细则，但有银行已经开始按照新政实施。对于未来楼市，尤其是五一房地产市场会是个很大的冲击。业内看法 资深房产专家韩世同：此次房产新政，不管是一手房市场还是二手房市场都将受到“重击”，这种影响主要体现在购房者对市场预期逐渐走低，入市节奏更加缓慢。就二手房市场来说，目前并不缺少房源，缺少的是购买者，投资客要想抛出手中房源，只能降低放盘价格。合富置业首席分析师龙斌：相对北京、上海、深圳，广州的投资客相对比较少，在一两天内还很难判断新政对投资客有多大冲击。但短期来看，广州还不会形成北京、上海等城市的“抛盘潮”。今年广州是一个特殊年，在亚运会召开的情况下，今年房价会保持平稳，但一二手房成交量可能会下滑。城市规划专家、暨南大学教授胡刚：目前北京、广州、上海等一线城市不少区域的价格都超过了2万元/平方米，有的甚至达到3万元、4万元。本身这个价格就不是工薪阶层能购买得起的，它就是个投资的产品，随着人民币升值，投资者还会在这里投资，买不起房子的人还是买不起，买得起的人还是会购买。此次政策对于市中心房价的抑制未必有效。相关报道 京沪深炒房客紧急抛盘信息时报讯政府调控楼市重拳出台后，深圳、上海纷纷出现投资客抛盘，而北京则出现浙江投资客单笔上亿的抛售。据报道，北京北 (论坛 相册 户型 样板间 地图搜索)三环一项目近期出现了大单抛售，一浙江炒房客一次性抛出20多套房源，总价近1.3亿元，折合平均单价为近4万/平米。该浙江炒房客如此抛售大单突破了去年12月出现的朝阳区某项目的纪录。据北京中原地产等经纪公司反映，4月10日以后，北京明显出现多区域房主一次挂牌多套房源的现象，特别是一些高端项目，例如：世纪城、富力城 等项目纷纷出现一次挂牌2套以上的卖家。同时，嗅觉敏感的深圳投资客也加入抛盘行列，有的投资客一次性挂出上百套房源出售。“高位放量，这是典型的庄家出货行情！”中原地产人士表示，深圳3月份二手房成交量高达181.95万平方米、比2月份成交面积大幅飙升467.42%；在上海，也有机构一次出售近百套房，单套总价接近千万，总金额高达几亿元。新华沪渝酝酿开征个人住宅消费税信息时报讯个人住宅消费税近期将试点开征，重庆试征方案获决策层批复。记者从接近财政部的权威人士处了解到，目前《房地产税暂行条例》已经由财政部税政司着手修订，或将在近期内公布试行。上述权威人士表示，个人住宅消费税将有可能分为不同形式在多个城市试点。其中，首先是对高端房产交易征税，即特别房产消费税，将会在重点城市试点开征，具体税率以及如何界定高端房产仍在敲定中。对于拥有多套房产的特别消费税的税率，据记者了解，将根据买卖家庭拥有的住房套数进行区分，买卖家庭第二套以上住房的，税率将规定为交易差额的20%～50%之间。另外，记者从上述权威人士处获悉，政策二手房交易个税全部按照交易差额的20%收取，这一政策或将率先在济南实施；而对多套房产在保有环节上征收“房产保有税”，或将在上海试行。王宗我要评论,4,1,0.6176136136054993
"半小时 穿梭京津生活圈(组图)“中国人像风一样驶进高速时代”，用这句话来描述2008年8月1日京津城际铁路的开通，丝毫不觉得夸张。从此之后，那些饱受京津塘高速拥堵、大雾之苦的“蜂客族”们，开启了京津之间的一段幸福之旅。不到30分钟的旅程，“似乎闭上眼睛没有多久，就到了”。而那座带有梦幻色彩的新南站，以及初到天津东站那隐隐的海风，都为这段旅程增添了不少愉悦。也因此，早在2006年便定位为北方经济中心的天津，把中石化、诺基亚等众多产业大佬挖过去之后，现在也成了吸引北京人置业投资、休闲旅游的“新宠”。而从北京到天津，那些散落一路的城乡接合部，过去仿佛被工业化和城市化浪潮遗忘的空白地带，正在被京津高铁和地产商们的造城运动一一串起，连成一片，并与我们的生活产生联系。“蜂客族”的半小时生活圈“拥堵，来回高速收费要100多块。”因为工作关系经常穿梭京津的李先生说起京津塘高速，一肚子的抱怨。他的这一困扰，随着京津高铁的开通消失无踪。4月17日，记者从北京新南站出发，前往天津，亲身体验了一把京津高铁的“风驰电掣”：平均约15分钟一趟，车票随买随上，28分钟到达天津东站，非常方便快捷。对居民而言，半小时生活圈的概念，则让他们的生活方式更加自由。首先会催生更多的“蜂客族”———他们就像蜜蜂那样，从一个城市飞到另一个城市，一个用来居住，一个用来工作。“我在北京上班，想在南站附近买个房子，然后在武清再买一个给父母住，周末可以去他们那里，或者他们过来，”安先生向记者描述了他的置业蓝图。“北京居民的置业半径不断向外延伸，随着京津城际轨道开通，半小时生活圈形成，天津楼盘存在价格比较优势，选择性较大。”北京嘉华四季国际会展有限公司总经理武凯认为，天津无论城市建设、配套设施还是文化底蕴，都远远胜过其他近京地区，应该是北京购买力释放的最佳地点。此外，天津优质房地产项目进入北京也能缓解北京住房紧张的现状。中原地产等机构的数据显示，置业在天津，工作在北京，自去年下半年以来，已经成为很多“蜂客族”们的选择。北京天津，将来都是“首都地区”长期关注环渤海的清华大学教授、两院院士吴良镛认为，京津冀之间缺乏有活力的城市功能带，有感于珠三角、长三角城市群的勃勃生机，他先后提出了“大北京”、“新七环”、“首都地区”概念，力主京津冀一体化。京津高铁的开通，让这一设想得以落地，而地产商们的造城运动，也在试图拉近这一距离，把京津在地理和现实中连在一起。在城际高铁两侧的亦庄、永乐、武清，在京津塘高速二线两侧的宝坻、蓟县，以及天津新兴的东丽区、津南区，正在形成一座座新城，盘龙古文化城、金碧天下、星耀五洲……与天津老城区、滨海新区以及北京市区连成一片，共同构成宏大的产业化城市集群———“首都地区”。这已不仅仅是打造一般意义上的楼盘，而是更直接地渗透到天津城市化进程和新城组团的建设；地产商们更大的野心是，承接北京乃至京津塘、环渤海经济圈产业人群的疏散，并为这些人群创造一种新的生活方式。天津的规划有意无意暗合了这一理念。在天津市政府对11个新城的规划中，均布局有相关产业先行与拉动，即使大规模出让土地，也要求地产商配合区域规划调整产品结构。星耀五洲的旅游、盘龙谷的文化产业概念，得到了政府的青睐。北京人，到天津享受“国际化生活”对京津这两个环渤海地区的核心城市而言，京津高铁开通，新城片区的崛起，不仅为它们的共融、共生提供了基础条件，还为它们的未来创造了无限可能。早些年就有的“去北京买名牌，去天津办婚宴吃海鲜”之类的消费方式，如今有了更新的内容，到天津买房置业，投资办厂，休闲旅游，开始流行。平时离海很远的北京人，可以经常去看海了；两市间的周末旅游已经像到郊区一样方便。此外，天津因其人文环境以及自然条件，正在变成北京人新的、国际化的观光、玩乐胜地。在不远的将来，天津将出现一个媲美西湖的水上浮城，一个堪比迪拜伯瓷酒店的七星级酒店，一座东方好莱坞，以及更多的五洲风情建筑……多家具有深厚背景的地产商联合当地政府，正在把天津打造为一个国际大都会。“我们想在11000亩的天嘉湖再造一个新世界！五大洲在这里会创造性地真实再现。”星耀集团董事长颜语介绍，星耀五洲就是要人们生活其中，体验世界不同的文化生态。绿地集团(企业专区,旗下楼盘)在蓟县打造的盘龙谷则主打文化产业。最终，盘龙谷将成为“亚洲生态文化硅谷，世界文化产业高地”，并带动当地经济发展。发现天津，世界就是你的。双城故事一个北京人的天津幸福生活两年前，北京姑娘陆婉跟随老板来到天津，开始一个新项目的运作。两年后，陆婉打算在天津买房，而且一口气定了3套，一套是高层住宅，她打算自己住，一套是小别墅，将来可以用作家庭旅馆出租，还有一套是临水的高层公寓，南北通透，环境幽雅。陆婉说，最初去天津，每次驾车往来都是一次长途跋涉，直到京津高铁的开通。而现在，陆婉基本都乘坐“和谐号”，因为它环境好，又非常快，28分钟的行程，几乎没有感觉就到了，却联结着两座风格迥异的城市。“我经常去国贸，从这里去南站再去天津，出发与到达之间，仿佛要切换一下按键，”她形容说，国贸是一个由玻璃幕墙的高楼大厦组成的世界，冰冷而压抑，而到了天津，尤其是海河，会让人感到亲切，舒服。海河很多桥的造型都是不一样的，可以慢慢欣赏。为了方便，她办了一张快通卡，这张卡可以在和谐号上预留座位，这样就不用每次赶着买票，也不用担心没有座位了。在这样的旅途过程中，陆婉经常会有奇遇。有一次，她遇到一位男士，对方在金融街上班，家在天津，每周来回京津两次。聊天的过程中，这位男士说要给她介绍项目和业务。当对方的邮件真的发过来的时候，她觉得很神奇。“就是感觉京津之间人们的心理越来越开放，两地的联系更加紧密。”陆婉说，在两年前初来天津的时候，满耳都是天津话，现在，她经常能遇到对天津很了解的北京人，或对北京很了解的天津人。在天津生活久了，陆婉喜欢去五大道、杨柳青这些地方消遣，生活好像回到了很多年前，尤其是在名流茶馆听相声，看天津本地人的神态，可以感觉到天津这座城市是有根的，有那种文化的延续。两年来，这座城市也发生着巨大的变化，“就像一个小孩，你希望他一直是小小的，可爱的，可是他有股势头，就是要生长起来。”陆婉说。 我要评论",4,5,0.9073505401611328
联合国人居署高级官员参观考察华瀚国际(组图)随着两年一度的“联合国人居奖”中国区评选如火如荼的展开，联合国人居署高级官员也随之来到中国，对中国区内各个入围项目展开实地考察。据悉，5月27日联合国人居署执行主任高级策划顾问尼古拉斯.尤等高级官员，在华瀚集团高层陪同下来到北京“华瀚国际 (论坛 相册 户型 样板间 地图搜索)”项目进行了参观考察。“联合国人居署最佳人居”奖，是由联合国人类住区规划署即联合国人居署在世界范围内所评选而出，表彰最适宜人类住区可持续发展典范的最高奖项，被誉为联合国人居署致力于推动“所有人都有合适的居所”和“在城市化过程中的可持续性人居发展”两大目标实现的象征。“我们一直都在密切关注中国人居环境与人居项目的发展状况，在此次中国区评选入围名单中，我们很高兴的看见中国人居项目得到了极大的发展，同时对人居环境可持续性发展的重视也从这些项目中得到了极大的体现。我们看到了这些知名项目从各个方面对改善人类环境做出了巨大的努力，以“华瀚国际”为例，它所采用的“环社区绿化带”先建设绿化再建造建筑，将绿化带变为社区绿带公园，从而改变整个北京东南四环居住环境的做法让我们印象十分深刻，这也是我们将“华瀚国际”列为在中国区域内首批考察项目名单的原因之一。”一位联合国人居署官员这样告诉笔者。能在评选标准苛刻的“联合国人居奖”评选中入围的项目，必然拥有真金不怕火炼的高品质、高格调、高综合性价比。据了解，入围“联合国人居奖(中国)最佳范例奖”的项目在全国范围内仅有5个，在北京仅有三个：星河湾、华瀚国际、御园。而此次联合国人居署官员考察的“华瀚国际”位处东四环，距国贸仅3.5公里，凭借项目稀缺的自然环境，精湛的户型设计，完美实现的成树园林，独特的生态型陶土板外立面成为京城高端项目中的典型代表，得到了高端客户的广泛认同，市场表现不凡，自上市以来始终保持热销的态势。我要评论,4,5,0.4379585087299347
宁夏库区移民安置房被当商品房出售(组图)□农民埋怨：苦等八年等到的却是一个“骗局”□官员表态：只是耽误了村民几年时间困境苦等等了8年，本应给上游村村民住的“上游新村”楼房，如今已被当作商品房卖掉。大漠，长河。滔滔东流的黄河进入宁夏境内后，在宁夏中卫市拐了个大大的“几”字。“几”字下面绵延约4公里、沿黄河而居的农舍群落，便是常乐镇上游村了。沙坡头以南，跨过黄河再走几百米，就到葛凤英的家。这是一个破败的农舍，几道裂缝在土墙上昭示着这屋子已年久失修。此外，屋后的土山每逢大雨都会冲下泥石。“住在这里太可怕了！”村民葛凤英说。担心居住条件的，不仅是葛凤英一人。在上游村其他3个生产队约800名居民，多数都面临这一困扰。“8年了，房子坏了政府也不让修，说要等待整体搬迁。”2001年，因国家重点工程黄河沙坡头水利枢纽工程，政府承诺对上游村进行整体移民。2007年，用于安置搬迁居民的房子建好了，7栋楼，就建在中卫市沙坡头区滨河镇，名叫“上游新村”。等了8年，上游村的村民却说自己上当了。他们发现本应给上游村村民住的“上游新村”楼房被当作商品房卖掉，本用于维系村民日后生计的新购土地被出租他人，村民们惊呼“我们受骗了”。奔流的黄河水全然不顾村民的焦虑。2004年，沙坡头水利枢纽工程下闸蓄水后，1米、2米、3米……至今，上游水位已上涨10余米。上游村1600余亩土地已被淹没了860多亩。8年来，按照当地政府的要求，等待整体搬迁期间不允许新盖房舍、不允许开荒种树、不允许……上游村的发展近乎停滞。8年间翘首以待，等到的是赖以生存的土地逐渐被黄河水吞噬，遮风避雨的房舍如今只能在风雨中飘摇。“我们的移民款都去了哪里？政府怎么说不搬就不搬了呢？”葛凤英们的疑问近乎“天问”。探源决策为修水库，当时还未设市的中卫县政府决定，对上游村实行整体移民。2001年，作为中国西部大开发建设的首批十大国家重点工程之一，黄河沙坡头水利枢纽工程开始破土动工。上游村位于水库之上的山区，一部分农田要被上涨水位淹没。土地没了，为解决农民的这一问题，当时还未设市的中卫县政府决定，对上游村实行整体移民。2002年起，由中卫县国土资源局牵头，监察局、扶贫办、常乐镇政府等部门配合下，开始对上游村淹没区内外房屋、土地、树木等进行核查及资产评估。经常乐镇绘图丈量，上游村共认定土地2100余亩(淹没区外有1162.9亩)被淹；此外，全村共有近万棵树木被淹。进行资产评估后，政府部门向村民宣布了纪律：维持原状，等待搬迁。村民们被禁止新栽树木，不能再建新房，对其他生产生活设施的投入政府也不提倡。等待，上游村人准备放弃家园。调查承诺用移民安置款在市区为上游村兴建安置房，为失地农民置田。2004年，中卫县撤县设市。当年，黄河沙坡头水利枢纽工程也正式下闸蓄水。土地被淹没，而移民安置款还没有下拨。上游村的男女老少拥向了沙坡头水利枢纽工程现场，最终得知用于库区移民安置的补偿金总额是2600多万元。政府宣布了移民的计划。除了被淹农作物补偿(青苗费)到户外，移民安置款由政府统筹安排。据村民回忆，为了整体移民，政府决定用移民安置款在市区为上游村兴建安置房。为了解决农田被淹没后无地可耕的现实，政府也将从安置款中抽出一部分为失地农民置田。据当时参加相关移民说明会议的村民介绍，政府为农民们勾画了一幅移民后美好的蓝图：农民们可以住上干净宽敞的楼房。当时民房折价是每平方米320元，新居房价是每平方米850元左右，但有移民安置款在，村民几乎不需要再掏钱。上游村村民相信了政府的话。葛凤英家不再翻修墙体早已开裂的土砖房，沈得保家则卖掉了自家的羊。没了土地的库区农民，生活只能依靠外出打工维系，相当困难。但心中有希望，直到2007年，上游村的村民依旧坚守着四五年前政府订下的纪律，“禁止栽树，禁止翻修房屋”。变卦只搬迁上游村淹没区内的群众，原建小区楼房公开出售。可是，政府的决策却变了。2007年秋季，上游新村落成。而村民们发现，之前干部入户动员村民搬迁的现象，却一去不复返了。2007年7月4日，中卫市政府第16次市长办公会议决定，只搬迁上游村淹没区内的群众。即只搬迁2队(大柳树队)，其他生产队不搬迁。此外，“将原建小区楼房公开出售，资金用于移民搬迁安置”。可以确证的是，当时政府这一决策的改变，鲜有民众知情。对于这一决定，中卫市副市长吴汉宝说，这是按照《黄河沙坡头水利枢纽初步设计补充报告》的规定。由于上游村其他3个队既不属于“直接淹没人口”，也不属于“淹地淹房影响人口中因环境容量不足而必须动迁的人口”，因此不在搬迁范围内，不存在上游村整体搬迁的问题。整体搬迁的计划，之前确实是存在的。对此，吴汉宝又称，那只是原来中卫县政府出于发展旅游业的考虑，而非搬迁村民全部都是水利枢纽工程的库区移民。“政府变卦了！”在电视上看到上游新村移民安置房的售楼广告时，上游村的村民傻眼了。辩解政府称，村民不同意搬迁，房屋空置了近1年，才当商品房卖了。在获知“上游新村”的安置房在向外出售时，完全失地(耕地)的大柳树队村民，多次堵在了政府大楼门口。2008年5月，中卫市政府正式对大柳树队进行整体搬迁。大柳树队搬迁了，另外3个队却没能搬进上游新村。中卫市政府的说法是上游村其他队的村民拒绝搬迁。依据中卫市政府说法，上游新村252套新居建成后，“由于(村民)不同意搬迁”，房屋空置了近1年。政府在不得已的情况下，只得以商品房的价格向社会公开销售。中卫市政府8月19日通报称，售房款项共计2492.04万元，这些钱全部用于与移民安置，而通报内容却和中卫市国资办的《上游村移民住宅小区收支情况》大相径庭。对于上述问题，中卫市常务副市长吴汉宝称自己对此也不甚了解，需要再研究。在当天的新闻发布会上，中卫市政府宣称，截至2008年12月，上游村大柳树队村民“已全部迁入新居，生产生活正常”。实际情况是，至今仍有如李占举、李守良、李占才等家庭，因支付不起由原来定价每平米860元、搬迁时却涨到1186元的楼房差价，只得继续住在上游村破败的老屋。在姚滩农场，除了分配给迁入上游新村的大柳树队村民的耕地之外，另有部分耕地的“地主”是常乐镇政府。这些本应用于安置其他三队村民的土地，如今被他人租种。进展表态政府重申不再整体搬迁，中卫常务副市长称“只是耽误了村民几年时间”。为了让中卫市履行最初的承诺，上游村未搬迁的村民采取了他们认为可引起相关部门重视的诉求方式。今年2月以来，没有被搬迁的村民从未停止呼吁。针对上游村未搬迁村民反映的问题，中卫市政府多次召开会议后，8月19日再次重申“不予整体搬迁”。上游村苦等搬迁8年，换来乡村凋敝田园荒芜。但做出不再进行整体搬迁的决定后，中卫市政府再次为村民们画出蓝图：未搬迁农民享受库区移民后期补助政策——在水利部批准前，先由市政府每人每年补助600元，补助期限20年；其子女可到市区中小学就读，享受与市区学生同等待遇；村民可以“农家乐”形式参与旅游产业，服从黄河南岸整体规划，享受发展旅游业优惠政策；对上游村水、电、路等基础设施进行改造，等等。上游村村民还是想整体移民搬迁，可是，政府坚决不再搬迁了。对于这8年来，上游村民是否承担了中卫市官方错误决策的代价这个问题，常务副市长吴汉宝表示不认同。“只是，耽误了村民几年时间。”吴淡淡地说。据《南方都市报》 我要评论,4,5,0.9977303147315979
颐和原著将成不可复制豪宅典范(组图)易居中国投资控股有限公司董事兼执行总裁、华北区域事业运营总部总经理臧建军在参观后也表示：龙湖颐和原著不是豪宅，是顶级住宅。“看样板间的之前，对里面的功能是不确定的，因为房子做大了之后很可能像个会所。看了样板间之后，发现龙湖在空间的使用度上面做到了把大空间做小，这些东西才是最重要的。由此来说，这个项目将会形成一个标杆，这个产品也会成为龙湖的历史上浓重的一笔。”臧建军感慨道。“豪宅最重要的三个要素地段、环境、声望决定了龙湖颐和原著是不可复制的。龙湖颐和原著全面诠释了‘豪宅至上’的概念，称之为豪宅的不能是郊区的别墅，一定是城市住宅，一个是静，一定要安静，还有一个是境，不是真正的情境，可能是环境，包括人和人之间的环境，周边的环境等。”当代节能置业CEO姜鹏也在参观后第一时间予以了龙湖·颐和原著项目高度评价。座谈会上，富力地产北京营销中心总经理吴文表示：“看了样板间之后就传递出来的感觉是：这就是一种生活。很多开发商做的样板间有一点像家具卖场那样的，放很多的家具吸引人，但是没有关心到生活所需要的那种细节。但今天参观了颐和原著却完全这种感觉。”我要评论,4,3,0.8235370516777039
东方夏威夷垂钓大赛暨盛世中华游园会落幕(组图)主持人：尊敬的各位来宾、先生们、女士们，大家下午好。在这个秋风和煦的季节，在国庆与中秋双节共度之际，因为心中的一份优雅，因为心中的一份浪漫，因为心中那个温馨而多情的东方夏威夷，我们与您相聚在“在海边等你东方夏威夷人文垂钓大赛暨2009盛世中华游园会”，共同度过一个愉快的国庆节。首先，我代表本次活动主办方东方夏威夷向各位来宾致以诚挚的问候，感谢大家相聚在此，共同分享东方夏威夷湛蓝的天，蔚蓝的海。今天，在优雅的东方夏威夷园林，这里将举行一场东方夏威夷人文垂钓大赛。在垂钓比赛开始之前，我谨代表活动主办方东方夏威夷宣布一下比赛的规则：今天的比赛将依据我们东方夏威夷的传统，依次决出：渔民奖、渔夫奖、渔王奖。我们今天垂钓比赛的时间为两个小时二十五分钟，从13：35开始，一直持续到16：00结束。但是请各位参赛选手注意的是：所有参赛选手的鱼必须在16：00之前全部称完。在垂钓比赛进行的同时，我们的园区内的盛世中华游园会活动也同步开放，不参加垂钓比赛的来宾，可以参与游园活动，并赢取一份精美礼品。而舞台区也会举办一些参与性非常强的互动游戏，每个互动游戏都会有精美惊喜奖品等着你，希望大家踊跃参与。那么现在我代表活动主办方宣布“东方夏威夷人文垂钓大赛”现在开始。主持人：尊敬的各位来宾，亲爱的女士们、先生们，大家下午好。非常高兴在这个秋风和煦的季节，在国庆与中秋双节共度之际，和各位相约在美丽的东方夏威夷。也非常高兴能够与您相聚在“在海边等你东方夏威夷人文垂钓大赛暨2009盛世中华游园会”共同度过一个愉快的下午。我们的人文垂钓大赛的比赛时间刚刚结束，在我们正式开始颁奖之前，让我们掌声有请兴达房地产开发有限公司总经理赵赞君先生致词。有请赵总。赵赞君：尊敬的各位女士、先生们，各位新老业主大家下午好，首先感谢大家参加东方夏威夷人文垂钓大赛暨2009盛世中华游园会，在此我谨代表兴达集团感谢各位一直以来对我们的关心，我们将以更好的产品回报各位。在举国同庆之时，我祝大家万事如意，心想事成，玩得开心。谢谢大家！主持人：刚才赵总提到了都是我们新老业主们参加我们的活动，我们也一同见证了东方夏威夷近几年来的发展，可以看到我们的家越来越大，越来越漂亮。接下来有请兴达房地产技术开发有限公司技术部工程师王月先生做夏威夷南岸项目推介。王月：本项目与夏威夷小区一路之隔，西侧与中央美院一墙之隔，规划用地面积是10.15公顷，大概约为152亩，夏威夷南岸项目是我们公司又一重磅力作。这个项目设计的产品，经过多方的论证，反复的规划、调整，多户型的比较与认真细致的研究，终于推出了夏威夷南岸项目的规划设计。本项目形成了高低错落的城市天梯线，建筑风格沿用了非常成熟的夏威夷小区的建筑风格，并在此基础上进行了大胆的调整与创新，形成了简约的古典风格。我们的大堂进行了精装修的设计，高档、豪华，同时在小区内设有地下车库，建筑面积约为2.1万平方米，有2834户业主可以从地下车库直接回到家中。我们的户门采用了防盗、防火、隔热、隔音等设计。夏威夷南区园林景观设计以东南亚园林景观风格为主，打造东南亚景观慢生活社区，使人们每天都生活在度假的氛围里。雕塑是具有东南亚当地特色的风情，营造一种神秘慵懒的气息。夏威夷南岸就是将这些意境融入到园林景观设计中，营造了一种远离城市喧嚣的自然舒缓的东南亚风情健康自然园林的景观设计。夏威夷南区是我们兴达集团重磅打造的又一高级产品，处处为业主着想。从每个房间的尺度到户型的整体布局，从门窗的保温性能到环境景观的细微变化，等等，我们竭尽全力打造了高品质的生活社区，每次产品的推出都是兴达人全体员工的辛勤结晶。兴达人永远的目标就是打造出更适合居住的精品。谢谢大家！主持人：谢谢王先生为我们介绍了夏威夷南岸，夏威夷南岸是非常美丽适合我们居住的地方。我们今天活动的主题是人文垂钓大赛。接下来回到我们的主题上来。刚才在下午的时候，宣布比赛开始之前，宣布我们分为三种不同的奖项。接下来我们要颁发的是渔民奖，是选择我们所有参赛选手中垂钓鱼数最多的朋友就可以拿到我们的渔民奖，我们取前三位选手。下面看一下我们的奖品，是价格1000元的格兰仕微波炉。D座262的朋友许继东先生，一共垂钓到47条鱼。71095的朋友，一共垂钓到97条鱼。请柬369号的朋友，垂钓到128条鱼。下面掌声有请夏威夷物业管理有限公司总经理孙杰先生为我们颁发渔民奖。再次掌声送给三位，谢谢你们。劳动最光荣，通过自己的劳动获得了奖品。今天有很多朋友来我们这里是参加垂钓大赛的，当然更多的朋友是参与我们的游园活动。所以说对于各位来讲，就是我们接下来的抽奖，抽取五等奖十名，有请礼仪小姐把抽奖箱拿到台上来。现在，台下的观众朋友我希望各位把自己手中的请柬赶快翻出来，我们要抽取十位朋友，他们将获得价值500元的I—phone。第一位是编号705的朋友。下一位是编号1010的朋友。下一位是编号0344的朋友。编号是1169的朋友，编号是1192的朋友，编号是1171的朋友，下一位是编号0563的朋友，接下来是编号0407的朋友，编号分别是0783的朋友和编号0516的朋友。请各位站成一排。接下来的时间有请兴达房地产开发有限公司销售三部经理庄殿楠先生和王艳丽女士上台为我们颁奖。再次感谢我们的颁奖嘉宾，谢谢！接下来我们要颁的是渔夫奖。刚才在比赛之前已经说过了，我们可以颁给钓鱼鱼的重量最多的前两位朋友。究竟我们这一届东方夏威夷人文垂钓2009大赛谁会获得我们渔夫奖的第一名和第二名？首先告诉各位这两位选手身手不凡，我们排在第二名的成绩，他一共钓到了26.4公斤的鱼，他究竟是谁呢？请柬710号的朋友。掌声有请！他分别摘得了渔夫奖和渔民奖。接下来颁发渔夫奖最棒的选手，就是今天所钓到的所有战利品称重最重的业主丁—3号业主，他的成绩是85公斤。有请颁奖嘉宾兴达房地产开发有限公司营销总监李小龙先生。奖品是2800元的西门子洗衣机一台。恭喜！接下来我们要抽取的是四等奖，一共有八位幸运的朋友。0176号的朋友、1074号的朋友、1434号的朋友、0332号的朋友、0290号的朋友、0143号的朋友、0662号的朋友、1002号的朋友。你们将要获得的是价值1000元的飞利浦吸尘器一台。我们将请出颁奖嘉宾：兴达房地产开发有限公司销售二部经理黄芳琴女士和喻晓玲女士。再次恭喜你们！再次感谢我们两位颁奖嘉宾，同时恭喜台下的八位朋友。接下来我们要颁发的就是渔王奖。渔王奖可以说是今天最值得期待的奖项了，稍候我们渔王也会在现场展示他的战利品。我们首先要告诉各位的是渔王奖的奖品是5000元的42寸等离子电视一台。究竟谁会成为我们今天的渔王呢？他的成绩是单条鱼的重量是7.9公斤。这位朋友是我们的业主商E—12号的朋友。有请这位业主！接下来有请颁奖嘉宾：兴达房地产开发有限公司总经理赵赞君。有请赵总和我们的渔王合影留念。在认识我们今年的渔王之后，将要进行的是我们今天第三等奖的抽奖了。接下来三等奖会有五名幸运的朋友产生，他们将要获得的是价值1500元的飞利浦音响一套。1088号的朋友、0424号的朋友、0438号的朋友、0333号的朋友、0922号的朋友。接下来有请我们的颁奖嘉宾：兴达房地产开发有限公司销售一部经理高宁女士和王锐女士。再次感谢我们的两位颁奖嘉宾！接下来抽取我们的二等奖的朋友，他们将要获得的是价值2000元的诺基亚E66手机。1041号的朋友、0254号的朋友。有请兴达房地产开发有限公司营销策划部经理张琦先生为他们颁奖。再次恭喜两位！现在就是我们非常期待的最后一个环节，我们要抽出今天晚上最幸运的那位朋友，他将获得的是价值3000元的索尼T900照相机一台。恭喜0072号的朋友。有请兴达房地产开发有限公司工程部副总经理姜宝利先生颁奖。再次感谢姜总，也恭喜这位女士。感谢各位尊贵的来宾，与我们在东方夏威夷共同度过这个愉悦的下午，虽然我们无法阻挡时间的流逝，但我们可以主宰自己的心情，有我们对致雅、华丽生活的感触，更有我们对未来生活的渴望，在这里，我们将开启一段尊崇无上的私人海域传奇，我们深深相信在不久的将来，在眼前这座美丽的海上宫殿，我们将会拥有更加美好的生活。最后，我们再次感谢所有贵宾的光临，感谢您对东方夏威夷的支持！,4,5,0.35779955983161926
"大佬力挺 房地产基金热启动每经记者 刘建辉 发自北京尽管目前各界对于国内房地产市场是否已经出现转暖的 “拐点”仍有颇多争议，但是，这并不妨碍许多外资开始募集房地产投资基金跃跃欲试投资国内房地产市场，其中有些项目已接近达成交易。前天同时有两个关于房地产市场的峰会分别在北京和上海举行。《每日经济新闻》采访了一些参会的业内人士，对当前的市场形势纷纷发表看法。此外，一些企业已经用行动表明了“抄底”的决心。华远地产(企业专区,旗下楼盘)董事长任志强(任志强博客)：近期虽然部分楼盘提高了售价，但区域的涨价不代表整体的恢复。在经济整体形势还没有见底的情况下，楼市很难说已经开始回暖。现在去库存化还没有完成，开发商有大量土地、在建、现房库存。SOHO中国(企业专区,旗下楼盘)董事长潘石屹(潘石屹博客)：SOHO中国未来数月将携200亿资金大举收购北京及上海的商业物业。SOHO中国CEO张欣：尽管目前未必是市场的最低点，但却是入市的好时机。急于出售的物业主要来自海外基金以及部分国内开发商。东亚银行中国副行长林志民：3月份按揭贷款的申请比2月份翻一番，说明房地产市场在慢慢回暖。各家银行在个人购房按揭贷款方面也已经展开了激烈竞争。由于政策的滞后效应，房地产市场将会在下半年有很大的发展。私募基金ColonyCapitalAsia董事总经理刘彦?：在过去的两、三年里，凡是在中国投资地产的基金，无论是黑石、凯雷，还是大摩等，目前都面临着亏损。主要原因是募资成本较高、所收购物业价格下跌。摩根大通亚太证券部董事总经理李晶：去年年底以来，有外资基金抛售在华物业。这主要是自身财务状况的问题或寻找新的投资机会，而并非看淡中国市场。中海发展副主席郝建民：计划成立一个5亿~8亿美元规模的不动产基金，以投资内地房地产市场。公司致力于利用其主导地位来吸引国际投资者，反响不错。中海地产(企业专区,旗下楼盘)主席孔庆平：中海即将在年内成立的基金属于并购类型，这不仅是一个融资的渠道，也可以通过此基金购买新的住宅土地。加拿大置地董事长叶树林：将成立一个 “加置中国房地产机遇基金”，寻求各种房地产投资机遇。中国房地产市场已经呈现出近年来、甚至是历史上最有利可图的投资机会。世邦魏理仕(世邦魏理仕博客)北京分公司董事总经理尹宝军：今年以来，外资对投资内地房地产市场的热情明显比去年恢复了很多。一些外资开始看一些具体的投资项目，经过3个月的考察，目前已经圈定了部分投资项目，预计4、5月份就会有大宗交易达成。这些项目基本都是位于北京、上海等一线城市比较成熟的物业，相对于2007年以前一、二线城市同时发热的情况，目前外资对于内地房地产市场仍属于谨慎乐观。上海易居(易居博客)房地产研究院综合研究部部长杨红旭(杨红旭博客)：海外基金现在对内地楼市的态度有所分化，观望的多，真正下手的少。总体来说，在全球流动性不断增加的情况下，由于中国经济增幅依然是全球最好的，所以外资还是愿意来中国，楼市依然是一个投资方向。一些房地产投资基金的募集估计在为楼市下一轮上升期投资做准备。新加坡房地产基金管理公司ARA资产管理集团透露，预计今年在中国房地产市场的投资将逾100亿元。新加坡的凯德置地(企业专区,旗下楼盘)也在去年市场被普遍看低的时候设立了一个10亿美元的私募基金，用于投资国内的综合用途商业地产。金地集团(企业专区,旗下楼盘)也曾透露，将与瑞银合作设立房地产基金。按照金地的计划，该房地产基金的首期募资为2亿～3亿美元。 我要评论",4,1,0.9194112420082092
李嘉诚旗舰公司业绩均降四成每经记者  李凌霞李嘉诚旗下“长和系”两家旗舰上市公司——长江实业(00001，HK)及和记黄埔(00013，HK)昨天联合发布了2008财年年报。去年该两公司业绩表现分别下降了43.93%及42%。李嘉诚通过两家公司的业绩报告表示，今年面临的经济环境仍不容乐观。尽管两家公司业绩均下滑四成左右，但这基本符合市场预期，昨天长江实业与和记黄埔股价不但没有受到太大打击，反而都出现上涨。长江实业微涨1.854%，报收71.4港元，和记黄埔涨了3.277%，报收42.55港元。长江实业投资收益锐减95%截至2008年12月31日，长江实业净利润由2007年的276.78亿港元下降了43.93%，至155.18亿港元，每股盈利6.7港元。虽然盈利出现大幅下滑，但公司董事会仍建议每股派发末期股息1.95港元。年报显示，长江实业去年各项核心业务持续稳健发展，去年公司营业额增加了6%，为164.36亿港元，其中经营业务收益89.1亿港元，增长19%。不过，由于受环球金融危机影响，该公司在投资及财务方面的收入大幅减少，由2007年的49.39亿港元下跌了95%至仅为2.68亿港元。另外，公司投资物业的公平值增加也受经济环境影响而大幅下降，较2007年减少了75%至6.01亿港元。乐观看待未来楼市长江实业的主营业务房地产业务去年因整体市场低迷受影响不小，整体销售量及价格均相应下滑。不过，公司表示，由于住房需求空间仍然巨大以及受到相关政策利好的支持，公司对未来两三年的地产价格持乐观态度。长江实业表示，目前公司在香港及内地的土地储备均处在交通便捷的优质地段，可支持未来五至六年的各项物业的发展计划。公司同时称，将在未来把握机会以合理的价格购入更多的有潜力的土地。酒店业务利润增长99%昨天，长江实业持有一半股权的和记黄埔也发布了年度业绩。期内，和记黄埔的净利倒退了42%，为176.64亿港元，每股盈利4.14港元。与长江实业一样，虽然业绩下滑，但公司仍然建议每股派发1.22港元的末期股息。和记黄埔业绩显示，公司去年总收入比2007年的3087.75亿港元增加了13%至3483.65亿港元，若不包括出售上市股权投资所得利润的话，去年来自其固有业务的经营利润为535.15亿港元，较2007年的458.11亿港元增长了17%。若将出售上市股权投资所得计入，则去年和记黄埔的经营利润为555.99亿港元，与2007年大致持平。面临多年来最大挑战在和记黄埔去年的固有业务中，表现最突出的是地产及酒店业务，去年利润增长了99%，这主要得益于期内出售一项投资物业，此项出售给公司带来21.41亿港元的利润。不过，去年和记黄埔在财务及投资上也比较失败，虽然没有亏损，但该部分利润大幅倒退了54%，为64.67亿港元，而在2007年，股权投资给公司带来了高达97.54亿港元的盈利。我要评论,4,1,0.9720902442932129
教育部今秋对合作办学境外文凭实行注册制北京考试报讯(记者 安 坤)  记者从教育部获悉，从今年9月起，教育部将对本科以上层次中外合作办学学生获得的境外学历学位证书认证实行严格的注册制度。据介绍，今后所有通过中外合作办学取得的境外本科以上学历学位文凭证书的认证，事先都需经认证注册。教育部为此建立了中外合作办学学历学位认证注册系统，并依托教育部教育涉外监管信息网(www.jsj.edu.cn) 试运行。目前，教育部还在积极筹建本科以上层次中外合作办学颁发境外学历学位证书认证注册信息库，已完成自2008年9月以来20家机构和68个项目，共计14553名学生境外学历学位证书认证信息注册工作。今年下半年，教育部还将通过教育涉外监管信息网开通境外学历学位证书认证信息注册公开查询功能。学生可凭本人姓名、身份证号码查询本人境外学历学位证书认证注册信息。教育部有关部门负责人指出，根据前一阶段开展信息注册的情况，发现部分中外合作办学机构或项目存在超出经审批机关批准的招生计划人数招生、自行更换招生专业或增设颁发境外学历学位专业、自行增发境外学历学位证书等问题。还有个别单位未依法取得中外合作办学资格，违规招收颁发境外学历学位证书的学生。教育部要求相关单位按照法规政策进行整改，补报或补办相关材料和手续。该负责人强调，学生就读期间，若注册信息发生变动，中方合作办学者须及时将变动情况报经所在地省级教育行政部门审核后上报更改。属于关键信息变更的，还须提供相关证明材料。,5,7,0.8799770474433899
美92岁双胞胎兄弟感情深“同生共死”(图)中新网6月6日电 综合媒体6日报道，美国一对双胞胎兄弟生活了将近一个世纪，见证了许多历史变迁，92年前，他们相隔几秒出生，从小到大，感情都非常好。92年后，两人也在同一天过世，前后只相隔几小时，连死因都一样，委实兄弟情深。报道称，这对双胞胎兄弟朱利安•里斯特和艾德里安•里斯特(Julian & Adrian Riester)是在1919年3月27号出生的，他们从小开始，就形影不离。不管是上学、工作、传教，都在一起。兄弟俩年轻时加入天主教方济会，过去65年来都在纽约州西部的圣文德大学服务。两人的朋友表示，兄弟俩的感情确实非常好，相互扶持走过近百年。不过大家只知道他们是孪生，但始终搞不清楚谁是哥哥，谁是弟弟。据报道，他们一生只分开过两次，一次是1946到1951年，两人分别被派驻到曼哈坦和波士顿，另一次是20世纪50年代被分派到水牛城地区不同地点。1956年以后，就再也没有分开过。两人在2008年，从纽约移居到佛罗里达州养老。2011年的6月1日，两人均因心脏衰竭而去世，前后相差只有几个小时时间。,5,9,0.9683862328529358
“祖父级”莱卡相机拍出百万英镑(组图)全球各地的拍卖市场上永远都不乏奇特且让人咋舌的宝贝。日前，法国和英国的两家拍卖行分别拍出两件吸引众人眼球的物品：一件是法兰西第一帝国皇帝拿破仑上英文课时的手稿；一件是价值连城的古董级莱卡相机。下面让我们来一睹为快！拿破仑昔日英语学习笔记被拍卖 月底与公众见面拿破仑作为一位帝王、一名战争英雄、一位有着浪漫之心的丈夫而被人们熟知。日前，一份属于这位意气风、发驰骋沙场的帝王的手稿，以9.3万欧元(约合88万人民币)的价格在法国成交，让人们能够有机会一睹当年这位帝王学习英语时的“风范”。据法新社6月6日消息，5日被拍卖的这份属于拿破仑的英语课手稿，是他当年被放逐到南太平洋圣赫勒拿岛后第一节英语课的笔记，上面有三句由法语和英语写成的句子和一些图示。这三句话分别是：“谁来了”、“他们有多少人”以及“你好”。这份手稿的买家是法国巴黎一家私人博物馆。这家博物馆表示，将于6月21日向公众展出该手稿。这家私人博物馆当天还以5.3万欧元的价格购得了拿破仑回忆录的一份副本。回忆录同样也是拿破仑在圣赫勒拿岛时写的，上面记载了他如何在1796年的如阿尔科(Arcole)战役中大获全胜。这份20页的回忆录共有数份副本，真迹目前存于法国档案馆。拿破仑在滑铁卢一役中被反法联军击败，随后于1815年6月被放逐到圣赫勒拿岛，该回忆录就是他在1817年到1820年期间所写的。“祖父级”莱卡相机创纪录 拍出百万英镑英国《每日邮报》6月6日报道，一台88岁“高龄”的德国产莱卡相机，近日以创纪录的100万英镑(约合1062万人民币)拍出。更令人惊讶的是，这台古董级相机的状态依然良好，能够正常拍摄。负责拍卖的卫斯里特拍卖公司称，这台罕见的照相机属于1923年出厂的莱卡“0系列”照相机，是这一德国品牌开始进行商业生产前出产的原型相机之一，极为珍贵。该公司还透露，在激烈的出价竞标后，这台古董相机被一位神秘的亚洲收藏家买走。(来源：中国日报网 陈璐 编辑：婧远),5,1,0.6227441430091858
英游艇命名效仿“泰坦尼克”难逃沉没厄运(图)据英国《每日电讯报》6月7日报道，一艘被命名为“泰坦尼克II”号的游艇似乎也难逃“原版”的魔咒，在处女航返回海港时沉没。虽然船主侥幸逃生，但随后还是被尴尬追问是否撞到了冰山。这艘汽艇的主人名叫马克•威尔金森，40多岁，来自英国伯明翰。他最近才购买了这艘长16英尺(约4.9米)的二手游艇，并将它拖到位于英国南部海岸的莱姆湾进行处女航。当天，他在莱姆湾钓到了很多鱼，但在返航途中，玻璃纤维制成的船身突然出现了一个6平方英寸(约39平方厘米)的大洞。大量的水开始涌入船内，马克试着将水抽出，但船的尾部还是沉了下去。由于前部有气囊，所以船头漂在了海面上，但马克最终还是弃船逃生。随后，马克被当地负责港务的工作人员从海里拉了上来，“泰坦尼克II”号后来也被拖上来。马克说：“如果不是工作人员的帮助，我可能已经随‘泰坦尼克II’号沉下去了。之后很多人问我是否撞到了冰山，这稍微让我有些尴尬。”(来源：中国日报网 信莲 编辑：婧远),5,9,0.926745593547821
法国ESMOD高级时装艺术学院2011年招生简章法国ESMOD校史 ESMOD (ECOLE SUPERIEURE DES ARTS ET TECHNIQUES DE MODE)世界上第一所时装学院1841：Marie Eugénie皇后的御用裁缝、法国时装大师阿列克斯·拉维涅(ALEXIS LAVIGNE)创立了ESMOD高级时装艺术学院，他也是服装卷尺和女子模特(人台)的发明者。1841-1970：ESMOD经过一百多年的发展，教学及管理日益完善，享誉法兰西。1970—1990：随着高级成衣以及设计师行业的兴起，ESMOD巴黎向全世界敞开大门，发展成为一所国际性院校，在全世界范围内传播时装之都先进的设计理念和技艺。1980—1990：随着市场上对营销管理人才的迫切需求，ESMOD国际创立了时装与商业相结合的时装商学院ISEM，专授时装营销管理知识。1990-至今：ESMOD国际日益壮大，目前已在世界上14个国家均开设了分校，分布在柏林、北京、贝鲁特、波尔多、大马士革、迪拜、雅加达、里昂、莫斯科、慕尼黑、大阪、奥斯陆、巴黎、雷恩、鲁贝、圣保罗、首尔、苏斯、东京、突尼斯、悉尼等城市。ESMOD北京ESMOD北京高级时装艺术学校成立于2004年，校址位于北京最繁华的CBD商务区团结湖大厦，毗邻中央电视台新址、国际贸易中心和外国使馆区，是法国ESMOD高级时装艺术学院在中国唯一授权的学校。同年，经北京市教委批准为引进国际最优质的时装教育资源--法国ESMOD高级时装学院的中外合作办学项目学校，成为中法时装教育合作的精品。中国纺织工业协会会长、原纺织部部长杜钰洲亲笔为我校题词了校名。ESMOD北京全面引进法国ESMOD的教学理念、课程设置、教学内容与方法、师资与专用教材。设计与制板专业教师都由法国ESMOD总校选派，全法语授课，配有随堂翻译。培养学生国际化的设计理念及实际动手能力，注重创新精神、系列时装设计及市场开发等综合素质，是培养国际化的时装人才的摇篮，申请就读法国ESMOD的直通车。ESMOD北京是一所拥有国际化全新的理念和体制的时装学校，法语环境、法国教授、专业课件、独特教学方法、三年2800学时课程，与企业的密切联系等，均与法国ESMOD教学同步同质。办学四年多来，ESMOD北京在培养时装设计人才方面取得了优异的成绩，得到了中法两国政府、服装业内、教育界与媒体的广泛支持和关注，被誉为中国时装教育办学最好的学校之一、培养时装大师的摇篮。目前ESMOD北京设有服装设计与制版专业，学制三年，学生有去海外其他分校深造或者交流考察的机会。法国ESMOD高级时装艺术学院(北京)2011年招生简章招生对象：年满17周岁，高中或同等以上学历，身体健康。热爱服装行业，有志于从事时装事业的人；学制：三年注：毕业后经法国使馆及ESMOD总校审核通过可申请总校继续深造攻读硕士或四年级课程；二年级专业成绩及法语优异者经法国使馆及ESMOD总校审核可申请赴总校直接攻读三年级。开学日期：每年4月和9月(详情请咨询招生部)报名方式：与招生部门联系报名并预约测试，专业评审委员会测试通过后报名生效。招生热线：010-51281653   51293221地址：北京市朝阳区东三环北路30号团结湖大厦邮编： 100026网址：http://asmt.educ.org.cn/三年级招生简章招生对象：热爱服装行业，有志于从事时装事业的人。拥有服装设计专业文凭的职高、大专、大本毕业生；具备基础女装独立设计和制板及工艺制作的能力(如：衬衣、裙子、裤子、外套、大衣)身体健康。专业内容：服装设计与制板学业认证：由专业评审委员会评审，成绩合格者获得ESMOD北京的3A毕业证书。开学日期：每年9月(详情请咨询招生部)报名方式：与招生部门联系报名并预约测试，专业评审委员会测试通过后报名生效。招生热线：010-51281653   51293221地址：北京市朝阳区东三环北路30号团结湖大厦邮编： 100026E-mail：fashion@esmodbeijing.com法国总校网址：http://www.esmod.com北京分校网址：http://asmt.educ.org.cn/,5,6,0.9906288981437683
《对手》：好孩子是什么标准？蔡美儿我们小的时候，我们去哪儿都带着小提琴，而且每次我都要和她们一起拉琴或者弹琴，露露现在反叛以后，现在她只是在娱乐的时候拉小提琴，那么我对小提琴的要求太严了，她开始憎恶小提琴了，我意识到那个以后，我就意识到我不想失去我的女儿，所以后来呢，我就自己放弃了强迫她练琴，后来她自己自愿回到练习小提琴的路上，但是我觉得严格父母是非常重要的，特别是在美国环境之下，有的孩子性格非常强，他说我不想让爸爸妈妈管，我要自己管，但是网球教练跟我说，露露她非常严格，对自己要求非常严厉，非常刻苦，而且非常有天赋，所以我认为从我这种严格的父母的管教之中，她逐渐学到了，从中看到了闪光点，从中得到了很多好处。常智韬：是不是虎妈也同意，孩子的快乐和小提琴或者网球技艺提高并不矛盾，是不是在没有父母严格管教下，我听说露露准备挑战李娜，她同样可以有很远大的理想。蔡美儿：美国我觉得孩子们为了保持自己的热情，他们自己的选择太多了，那么经常说要保持孩子的热情，他这个热情包括整天吃糖、整天玩电子游戏，每人没有人会有自动的热情每天去做作业，所以一直到10岁、11岁的时候，我觉得父母必须给他们一些规矩，不让他们放弃他们有兴趣做的那些好的事情。常智韬：我觉得在没有明确孩子的兴趣爱好，或者孩子的特长在哪个方面的时候你替他做了一个选择不允许孩子放弃，孩子放弃就意味着孩子没有毅力，反而会适得其反，比如你不会知道孩子将来是刘翔还是姚明，你让他坚持打篮球或者什么，你会少了一个姚明或者刘翔。蔡美儿：我觉得这个问题有一点让人混淆，我想他刚才谈到家长不应该干扰孩子的选择，可能我们两个社会不一样，在美国25%的10到13岁的青年孩子是喝酒的，我们在美国是有发达国家最高的十几岁孩子怀孕比例的，所以我要我的孩子们在十几岁就喝酒或者怀孕，我是绝对不要的。常智韬：所以有的时候家长要信任孩子，比如我的女儿在高中二年级的时候也到美国做了一年交流生，她回来的时候也告诉我，就像虎妈所讲，美国高中阶段有谈男女朋友的，有同性恋的，有吸毒的，但要相信自己的孩子有自己的鉴别力，她跟我讲，爸爸请放心，我周围的朋友都是比较传统的。还有一点，中国以前有一句话说温室里边只能长出娇嫩的花朵，长不出大树，在无菌的环境下长大的孩子，他走向社会的适应从什么地方来呢。蔡美儿：在西方的学校里面用点中国的东西来教育我们的学生，所以我认为我们的孩子是强有力的，她们没有自己的错误之处，可能我们就说我们殊途同归，我们的目的是一样的，但表达方式不一样，你强调非常强硬的规则，我也同意有的时候不能对孩子太严了，有的时候就是你觉得孩子，我们可能就到此为止，不要太严管他，但我觉得有的时候不能这么做的。主持人：在你心目当中，好孩子或者孩子的成功应该是一个什么标准，是门门拿A，最后进哈佛、耶鲁？蔡美儿：我认为你必须要看一下你的孩子，听他们的意见，知道他们的能力在哪里，如果有些人他得不到A的学分，你不能强迫他，不能给他太大的压力，这样会给他们毁掉的，但从另外一个角度来讲，我会告诉你，我的书在美国引起很大的反响，很多西方人看了之后希望更加严格给孩子教育，很多美国人给我写信，说我不是非常的聪明，但是我相信我还是有智慧的，我希望我的父母以前比我更加严格，这样使我可以成为某些成功人士，这是他们写的信，但我现在失业了，因此成功和幸福是非常复杂的问题，它不是选择一个就放弃另外一个问题，但我相信两点，要帮助你的小孩施展他的潜能，不管他的潜能是什么样的。常智韬：我觉得像我和虎妈的孩子都是在进入大学的年龄，他们远远谈不上成功，他们仅仅是进入名校，找到适合自己发展的，适合自己个性受教育的机构。那我觉得家庭教育的成功，应该是培养出来一个全面发展，心智健康，有良好的情操，又有良好的学习习惯的这么一个孩子，我觉得这是家庭教育的一个目的。蔡美儿：我认为大女儿是非常很好的，她自己就能成为一个很好的学生，但我认为露露的话，尽管我们有很多争斗，我想即便露露是非常难教的一个孩子，我有很多眼泪，有很多辛酸史，但是我认为露露，曾经问过她，我问过她你是不是喜欢这样严格的家教，我担心露露在采访的时候会怎么说呢，但是露露在采访时说我非常喜欢这样严格的母亲，如果没有母亲严格的教育方式今天谈不上我的成功，看到她的姐姐是非常好的学生，露露也受到影响，她以为自己是不好的学生，因此我帮助露露更加建立自信，相信自己。主持人：我们这一轮探讨什么话题，刚才虎妈也说了很多决定是她对自己的女儿来做的，猫爸认为很多自己的孩子决定，包括孩子爱好的养成要观察孩子，由者孩子的性格去发展，那么父母到底该不该替孩子作主？这就是我们第二轮要辩论的话题。掌声请出红方的第二位嘉宾，他就是著名节目主持人、导演英达。英达：那就是每一代在成功的同时一定要设计和亲自参与实施孩子的所有的未来。主持人：好，我们掌声请出蓝方第二位嘉宾，这就是，他写了一本书，别看年龄不大，写了一本书叫《山海经新释》，被很多人称为国学天才，这是山西大学初民学院的学生孙见坤。孙见坤：基本没有，基本上没有，基本上是我自己规划的。我的观点就是没有人能够替你作主，哪怕这个人是你的父母。英达：我们说孩子，说的是从大概两岁快到二十岁这样大范围的孩子，我认为在十岁之前有许许多多事情孩子自己不知道的，也不能知道未来这件事情对自己多么重要，你不可能指望他自己就把这个定好了，他不知道，所以在这种情况下确实有些特殊项目我们要替他决定，那么其他的，比如说当国学大师这种事可能就要等十岁以后孩子自己愿意说读个《聊斋志异》的那种神怪小说，但比如说钢琴、小提琴等他十岁以后想拉是绝对没有可能的，因此我们也参考其他的，不是中国式教育，是外国式的，大音乐家，比如贝多芬、莫扎特也是从小他们的父亲大耳刮子抽出来的，我们知道贝多芬经常小的时候睡到半夜四点多被他父亲拉起来弹琴，不弹就大耳刮子抽他，所以这是为什么贝多芬最后耳朵聋了。所以兴趣是最好的老师，孩子大了以后，如果小孩让他说兴趣是最好的老师，那么这个老师一定不是别人，是游戏机。孙见坤：其实刚才英老师讲的这个在我身上就不符合，我做，我看历史是从8岁，不是10岁。我想说一个问题，第一点贝多芬，大耳刮子可以抽出贝多芬，也可以抽出希特勒，我们在那个过去，一百多年前奴隶社会什么都不变的，从1840年不一样了，1840年是千年不变，1840年以后是十年不变，当我们有孩子知道是十年前的，他要给孩子做决定是过时的决定，另外一点其实中国的父母喜欢给孩子做决定、做判断，他其实这个并不是中国，并不是所谓的中国式教育，因为这种方式从此你看不到的，这其实是中国专制社会的一种黑色遗留下来的东西，他是为了培养孩子的盲从性，这不是我说的，这是孙中山说的。第三点，永远不要把一个人的能力或者他的思维，他的思想的深度和他的年龄挂钩起来，这是一种很简单、很愚蠢的做法，这是一种，可以说是一种人的一种惰性，他不想深入地去了解这个人，只是从一看你的年龄就觉得你不懂，就这种感觉，就像看到一个人一看他是北大毕业的，就觉得他一定是德才兼备的好孩子，其实也可以是勒死？？的凶手。英达：就你刚才说的能不能选择，首先我同意有很小一部分，1%吧，是可以让孩子在十岁之前选择，反正也不要紧，比如你国学，他是8岁读的，还是12岁读的没有什么区别，而比如弹琴，甚至小儿不才除了弹钢琴之外，还打个冰球，这是童子功的，那开会的早，开萌的早是你的本事，但是我13岁开始读也可以做到你的成就。孙见坤：其实是这样的，童子功肯定会有，但不一定每一个人都要弹钢琴，每一个人都要打冰球，当然不一定每一个人都要去读古文，但问题是您怎么知道您的孩子就是干这个的料呢。英达：他问我，我不回答不合适，是这样的，实际上成人也不能决定他的专业，比如打冰球，巧了，我儿子在冰球上有一个才能，但到现在为止同龄人不是没有比他强的，我儿子弹钢琴也好，我儿子也希望梅迪，总而言之他现在学这些，猫爸说的很科学，人的学习无非是两大种，一种是知识积累，一种是技能提高，这两种都没有用，包括古文学得再好，都有可能是明天被废弃过时的东西，这是有可能的，孙见坤：您给您的孩子做的选择，那么是依照大您身边的人或者这个社会很多人都做了选择，还是您是把您自己小时候没有能够做到强加到，延续到您孩子的身上？英达：你的问题提得很浅显，因为你不能把，你不能说所有做的选择都是我们没有办成的事，不瞒你说，我基本想干的事都干成了。,5,2,0.9786356091499329
《对手》：快乐童年重要还是打好基础重要孙见坤：中国的教育方式是发现并引导孩子的天赋，就是中庸里面讲的…，如果一个孩子没有快乐的童年，他的天赋不可能被引发出来的，更不可能有高尚的道德，真正中国教育核心在于培养一个孩子优秀的道德，这是从孔圣开始一脉相传的，孔圣就说…，学习这种文化知识或者所谓的学科知识，在孔子看来是最底层的一个事情，高级的事情是什么？孩子的道德，就像他给自己学生排名，孔文四科，德行、言语、政事、文学，文学是排在最后面的，中国教育家是排孩子的道德，然后会讲心性，孩子十余岁孩子的爹会讲孩子你将来做什么，说要做状元，高官、做圣贤，但是问题是，他最后成功了，他发现自己的孩子的确有做圣贤的天赋，就引导他做下去，其实历史上真正成功的人完全是按照他们的天赋引导来做，真正由父母规劝，包括英老师一开始说的莫扎特，莫扎特6岁能作曲也是他的天赋在那儿，应该顺着他的天赋，在引导过程当中，德国人是这种情况，但是中国人，要到中国来讲，就是引导你的天赋，人不能逆天，必须顺天。主持人：冰球你会打吗？英达：我没有想打冰球，这正好是特别好的例子，是他自己做的选择。打冰球就是他自己做的选择，但是一旦这个选择开始，他不能放弃，知道吗？而且放弃了现在基本上可以说放弃的就跟他们家小提琴要放弃似的，钢琴要放弃似的，我儿子可能最后放弃的时候给他做的选择就是钢琴，但是他冰球打得好，包括他今后学习能学习得好，跟他曾经弹钢琴，三岁开始弹钢琴，三岁不可能有其他选择是有极大的关系。英达：如果你的孩子确实是如此自立，而且又是幸运的，在她非常小的时候居然她自己就能选定比大人还准确的，不知道靠一种什么样的天赋和嗅觉找到自己今后有用的一行，那当然好，但对不起，起码我们家孩子，我不够那么聪明，当然我还没见过比我更聪明的，我肯定不够足够聪明，否则不需要人替我决定，但是我说句实在话，可能你觉得你自己的孩子没有那么聪明，完全是自己自会、找会的，我觉得父母一定要帮忙，否则就是不负责任为自己找一个借口。同样一句话，虎妈说的天才儿童不需要父母，但是有父母就更好了，那就不是一般的天才了。孙见坤：刚才英老师说他一直在为孩子，说是普通的孩子，那种大多数的孩子是需要父母来为他做一个决定的，那么就出现一个问题就是，我是从西安来的，我们西安就有一位从，从小父母替他做决定，比较有名的人就是药家鑫，就是父母他给他做决定，学钢琴等等。英达：你觉得药家鑫这事主要是父母做决定做的，药家鑫这事是父母替他洗手，他用香皂洗手，是不是要提醒大家不要用香皂洗手了。这俩事没有相关，不是觉得这俩事近就有相关，每天早晨大公鸡一叫太阳就升起来了，这俩事联系在一起，确实不是大公鸡一叫太阳就升起来。英达：如果他最后所从事的一项工作就是对你的鼓励监督，比如冰球这件事情不是我做的决定，但是他要做决定的时候我们会把这件事情固定下来，因为后面还有我们大量的付出，让他不可能放弃，这是谁做的努力，对后比如在冰球上成功了，那样太好了，如果是那样的话，你能说这是大公鸡和太阳的关系吗？ 孙见坤：如果父母的决定错了，孩子自己来承担这个责任，那么这样孩子自己做不了这个决定，如果他将来一旦，像英老师说二十岁以后再做决定，之前做决定都非常好，一路过来非常顺，他一旦自己做决定，一旦做错了，那么做出一个什么结果呢？目前孩子的一遇到困难就轻生的孩子越来越多了。英达：如果给孩子所谓做决定的时候其实不是孩子根本不喜欢这事，孩子不理解，非常痛苦，家长也不加以解释，说必须这样，不这样我揍死你，如果这种，我们要把所有的问题都说得这么极端和绝对，说父母一做决定，孩子长大就是药家鑫，这还有什么意义，我们说的是百分比，多数好的父母如果给孩子做决定也是在先给他讲，你喜不喜欢，甚至他自己决定，你不能放弃，然后一路告诉他在这个时候你为什么不放弃，那个时候你敢放弃就揍你，等等，甚至我们到一定年龄的时候帮他做决定，主持人：我知道双方都不服，尤其是孙见坤，下一轮接着辩论，这一轮辩论什么，现在很多父母为了让孩子不输在起跑线上，在上学的同时给孩子报了很多班，奥数班，有的甚至是舞蹈班，书法班、英语班等等，孩子有限的精力，有限的课余生活完全被各种班、各种培训充斥着，有人说不对，每一个孩子都有权利获得一个快乐的健康成长的童年，也有人说了，为了孩子在未来竞争不输于任何人，我们这个时候必须给他们进行投资，哪怕是孩子的快乐有所抹杀，这就是我们的第三轮辩题，到底是一个健康快乐成长的童年重要还是打基础更重要？有请红方的第三位嘉宾，他就是著名的企业管理咨询和管理教育专家哈佛商学院北京校友会主席、泛太平洋管理研究中心董事长刘持金，刘兄你好，到底是打基础重要还是让他们快乐成长重要？刘持金：当然是打基础重要，我认为在孩子童年时期父母最重要的责任就是帮助他们打下基础，而不要为表面的快乐童年所误导。主持人：谢谢，为什么你在快乐童年前面加一个所谓两个字，一会儿再说，有请蓝方第三位嘉宾他就是新东方教育科技集团董事、兼高级副总裁周成刚。周成刚：我的观点应该是一个孩子有快乐的童年，他可能未来长久有更可持续的成长，这样的孩子往往更有动力性，有对生活的激情，未来不仅成才，而且成为21世纪栋梁之才。刘持金：一个什么是快乐的童年，快乐有不同层次的快乐，孩子愿意打游戏机，快不快乐？很快乐，孩子愿意每天爸爸妈妈带着吃冰淇凌，孩子快乐吗？非常快乐，但他还有不同的快乐，当他能帮助小朋友克服困难，当他能够在运动场上叱咤风云，当他能在演讲当中名列前茅，这是快乐，这个快乐不是简单的表面的快乐，第二个就是基础，我们打下什么样坚实的基础，像奥数班或者学小提琴，不一定我们给打下基础，而是说这个基础是一个扎实的，比如他解决问题的能力，批判性思维的能力，关心他人的能力，以及对尊重他人，对社会的责任感等等等等，从小我认为在这个过程中父母都有巨大的影响力。因此这是我阐述中为什么父母对孩子最重要的责任应当是打下一个坚实的基础，对这个基础这个概念的修正。周成刚：首先我要说的一点就是，我认为这个孩子，我是新东方的一个校长，每天接触无数的孩子，就是我发现孩子的心智的发展是有先后的，他的能力会展现在不同的方面，个性也会不同，所以说甚至于他们的观点和价值观也会不同，我个人认为应该对不同的孩子应该用不同的方法教育可能会更好。这是第一点。    第二点，如果说就把一个孩子上哈佛和耶鲁就做一个好孩子，我觉得这是严重的误导，孩子可有不同体现的方面，甚至我隐隐感觉到如果我们把上哈佛和耶鲁的孩子作为一个好孩子，这里边我不否认我们的家长在现在经济社会高速发展的时候，我们带有严重的实用和严重的公用目的，也就是说我们这个社会不仅需要弹钢琴的，不仅需要弹小提琴，还要需要管道工，还需要木匠，还需要很多钢铁工人。    第三个我想表达的是，假设一下，如果全世界的母亲都成为了虎妈，请问我们的孩子最后到哪里上学，难道都进耶鲁，都进哈佛吗？在美国有四千所大学，除了请问前二十名、三十名大学，难道后面进去美国人他们都是傻子吗，都是坏孩子吗？再问最后一点，网友做了一个很有趣的统计，在中国过去三十几年改革开放当中，一共有接近一千位中国各个省市高考(微博)状元，但是他们最后作出的统计是，这些状元都是当年最好的学生，但是二十年过去，他们寻找当年的高考状元，现在在这个社会上真正对社会产生重大影响，我们以这个为例，几乎没有一个高考状元还在这个世界上发挥我们想要所谓最重大社会功能的人才，我的结论是，看到今天很多精英人士都把孩子想尽一切办法送到美国去的时候，我们不能否认美国的教育有无数的东西正在吸引着我们，所以我相信我们的孩子可以成为功力和事物最好的发展人士，但是很难成为21世纪需要的栋梁人才，刘持金：我想反驳周校长，刚才我们在对话过程当中没有讲到哈佛和耶鲁就是我们的标准，我们举一个例子，比如克林顿总统没有申请耶鲁和哈佛，唯一申请的是乔治大学。刘持金：但是我们不能说克林顿是不成功的。我想说的给孩子打下一个坚实的基础，不是一个我们学业上这么狭隘的一个坚实的基础，而是一个广泛的概念，比如说他吃苦耐劳的精神，比如说我们中国人讲坚持的精神，我们蔡教授讲的坚持，无论你做哪一行我要做持之以恒坚持的精神，这是我讲的基础。这个基础从童年时代到少年时代都没有人理睬的话，这个基础就很危险。周成刚：刚刚听到蔡美儿说父母亲比较严格，反正我个人是从来没有父亲打过一下，我相信这边可能也都不会，我觉得孩子童年的时候往往有比较多的一些快乐，他的身心会更加健康，这是我坚信的，而且会有更多的独立性和创新能力，为什么人家说，到后来往往是比较调皮的或者成绩不太好的，同学在最终的时候，尤其最后他有极强的加速度和爆发力，人生比拼不是冲刺，而是长跑，像刚刚两位家长讲进入哈佛和耶鲁是职业的开始，更多是社会上的接触。周成刚：这个观点我同意，不仅是孩子的观点可以培养，成年人打麻将的习惯也可以培养，但中国家长更多把孩子兴趣过于狭隘培养在一个方面，这是错误的。我们并不是说孩子们通通听爹妈的，应该说白了，爹妈混球也不少，全靠他们给孩子制定未来方案，也肯定不一定好，但是总比孩子性苦多得强，我们说的百分比，我们现在讨论应该给孩子制定什么方案，应该什么样的成人来给他制定？孙见坤：我刚才讲的不是公民品质，公民品质肯定需要公民教育的，这是必须的，我说的是这个孩子将来成长的话，他适合做什么？他的天赋应该适合做什么？你将来莫扎特让他打冰球也不可能。周成刚：刚刚蔡教授的观点其实是某种意义上印证了我们的观点，蔡教授也讲了光有一个严格的管理是不行的，她在写《虎妈战歌》的时候，最终对小女儿教育方法最终放弃了，放弃的原因是她觉得如果再坚持下去可能会适得其反，会失去这个孩子，甚至失去她全部的快乐和童年，所以我们想传递的观点是其实在教育孩子的方式方法当中应该有更多的可塑性，更多的多元性，更多的因材施教。刘持金：希望中国父母都明白这一点，无论多么好的想法，父母需要付出高质量的努力，很多父母不是真正付出高质量的努力，我给你举一个简单的例子，刚才你提到比尔盖茨，你要知道盖茨在11岁的时候已经把《百科全书》通读了一遍，最后没有什么书可以读，到12岁，他的爸爸妈妈在餐桌上吃饭的时候，感觉跟这个孩子讲话很难讨论问题。周成刚：这个观点非常好，我想加一点，如果让今天家长的孩子如果不想去读书，不想考好成绩，天天在看《百科全书》，你会同意吗，事实上最终他获得了巨大的创新力，这就是我的观点。刘持金：你说的对，《百科全书》只是读书的一部分，另外我想举一个例子，你读书非常忙，但是这个责任不可推卸，百事可乐现任CEO中文翻译陆德英，也是一个虎妈，她每天在办公室上班的时候，她女儿读高中的数学题，要求她每天只要有数学作业传真到我办公室，我要看这个作业什么地方你不会帮你一下，我再给你传回去，见缝插针培养自己的孩子，全球五百强企业CEO，难道她脑子进水了，绝对没有进水，每一个成功孩子背后是父母的责任，是父母真实的付出，必须是高质量的投入。主持人：我想说一下我在全场辩论的几点感触，第一，一千个人心中有一千个哈姆雷特，一千个孩子也会有一千种性格和承受能力以及各自的性格，所以一个人的成功不可复制的话，也许一个成功的教育方法也不能简单的百分之百复制，这是第一点。第二点，不论是虎妈还是猫爸，他们代表的是自己成功的教育方式，随着我们这个社会东西方沟通越来越多，东西方沟通方式越来越渗透，虎妈和猫爸代表的是自己，不能单纯代表东方和西方，还有一点当你决定要为孩子做决定的时候，一定要想清楚，好好看看自己的孩子是不是真正地了解他们，然后再说。好，这就是今天的《对手》，我是王凯，再见。,5,2,0.6348124146461487
猕猴捡到相机大摆POSE 狂拍数百张照片(组图)你相信吗？这些清晰的照片，竟然出自一只猕猴之手！英国摄影师大卫·斯莱特日前在印尼苏拉威西岛北部的一个国家公园内旅行，在那里遇到了一群珍稀的黑冠猕猴。这些感到好奇的动物围着斯莱特留下的相机跳来跳去。“它们中肯定有一个家伙按到了开关，启动了相机。”斯莱特说，“之后，一只淘气的猕猴拿起相机，乱摁一通，竟然按下了快门。”摸到窍门后，这只猕猴开始不断地拍照，而其他同伴则十分配合地“大摆POSE”，甚至露出大大的笑脸，显得十分兴奋。斯莱特说：“当我拿回相机时，它已经拍摄了数百张照片，当然，大部分都是对焦不准的。”,5,9,0.9669594168663025
网友晒中美物价对比 9.9美元鞋子国内要499元“在美国卖9.9美元的鞋子，39.9美元的牛仔裤，30美元的T恤衫，同样品牌在国内分别是499元、799元和799元……”连日来，这场“比价”游戏引来了越来越多人的关注和参与。最近，一条微博在网上转发率非常高，内容是说以购买力计算，在中国吃穿用度的成本超过了美国。而记者在对一些外籍人士采访时，受访者普遍的疑问是：中国内地的普通人怎么活？中国的消费真的贵吗？都贵在哪？除了工资低，我们是否真的没有价格优势？“商品和外国沾边就贵”Cathy是美国密歇根大学医学院的新生，今年暑假她来到中国实习。她说，自己并不是一个对价格很敏感的人，但来到中国后的见闻还是让她有点吃惊。在北京的一家商场，她看中了一条裙子，700多元人民币。“美国时尚品牌的裙子也差不多是这个价格(100美元左右)，这和我之前认为的‘中国制造的东西都很便宜’完全不同”，她说。她最后放弃了那条裙子，而去服装批发市场买了几件100元以内的衣服。“我还是更喜欢这样的中国”，她说。来中国将近一个月的时间里，Cathy最大的感受是只要是和“外国”沾边的商品，中国的价格就比美国贵。在美国，Levi’s算不上什么“潮牌”，大部分的牛仔裤每条都在40-50美元，有时甚至打折至20美元。而在国内，该品牌的牛仔裤得五六百元。Nike、阿迪达斯的新款运动鞋，美国卖到80-100美元，最贵不超过150美元，而国内专柜中，价格上千元的比比皆是。在纽约这样的大城市，麦当劳的一个套餐在5美元左右，小城市更是低至2-3美元。即使是那些上等的餐厅、需要穿着正装出席的场合，一顿晚宴也就50-60美元左右，外加15%的小费。当她得知中国有一些动辄上万、十几万元的天价宴时，直呼“难以置信”，“他们吃的是什么？为什么这么浪费”？至于美国的房价，Cathy说，她的父母一年前在新泽西州的普林斯顿市区买了一套房子，两层楼、五间卧室、外加一个小花园，花费80万美元(约合517万人民币)。她说，这在美国东海岸(除纽约外)算是比较高的价位。而在中部的一些城市，10万美元就能买到比这面积更大的房子。“我听说中国的人均工资只有美国的十分之一，但消费水平却和我们差不多”，Cathy说，“那普通人怎么生活呢？”“北京消费水平不次于香港”在香港工作的姚先生对记者表示，北京的消费水平已经和香港不相上下了，如果算上汇率因素，有的甚至贵过香港。但在香港，一个大学毕业生的起薪至少是一万港元。刚刚从香港回到北京的王小姐则表示，内地游客大批涌向香港“扫货”的原因除了便宜之外，很大程度上还是因为货物齐全和服务到位。对于一般中高档消费品而言，算上汇率后香港的价格一般是内地的七折左右，化妆品更便宜一些。“香港很少有假货，质量更放心”，她说，“而且香港的打折是实实在在的，不会有把原价提高再打折这样的猫腻”。王小姐还提到，在香港看演唱会的成本比国内低得多，“便宜大发了”。一般香港本地歌手演唱会最高票价平均只要500港元左右，就算王菲这样的巨星，只要花980港元，就能坐到场内前排。而在北京，王小姐花了1000元人民币买到的还是看台票，而最高票价是2200元人民币。专家观点价格高不全因税负重中国人民大学财政金融学院教授岳树民：境内消费品价格普遍高于境外的现象，有媒体称最大的原因在于高税负，这种说法并不客观。定价策略、市场需求程度、产品运输成本、场地租金等都会影响产品定价，不同的商品价格影响因素不尽相同。虽然政府确实对影响价格的某些因素负有责任，但“板子”不能都打在政府身上，应该通过科学严谨地调查，分清政府和企业的责任。国税总局税收科学研究所副所长靳东升：知名品牌的定价不一定按价值规律办事。现在网友“晒”出的商品价格有些以偏概全，统计方法并不科学，不能以此断定中国的消费水平就一定比国外高。税收调节应保证公平国税总局税收科学研究所副所长靳东升：关税是一种特殊调节的工具，对于保护我国某些处于弱势的产业具有一定的保护作用。如果降低进口商品的关税，可能损害一些国内企业的利益，因此有关部门要慎重权衡。同时，如果要降低进口产品的消费税和附加税，也应该同时给国内的同类商品相应地“减负”，这样才不会有悖于公平原则，干预和影响市场的正常运作。中国社会科学院财贸所研究员杨志勇：价格的形成因素是多方面的，但税收肯定是一个很重要的方面。从理论上讲，我国的税收确实有下调的必要，但由于目前间接税已经成为我国财政收入的重要来源，税制结构调整并不是一件容易的事。采访后记国内并非都比国外贵在采访中，几位受访者普遍认为，中国内地的交通费用相对比较便宜，特别是在北京。王小姐表示，北京的出租车、地铁费用都比香港便宜，她每天从九龙的红?到港岛的中环上班，坐小巴和搭地铁单程花费就要12港元。Cathy则表示，尽管上万元的天价餐让她难以理解，但普遍饭馆还是很便宜的。她实习的医院食堂，通常午餐5-6元就可以吃得很丰盛，味道也比美国的中餐更正宗。一些小饭馆的套餐也只要10-20元，而在美国，同类中餐馆最便宜的也要6美元左右。网友“微”观“运费高过生产成本”@_浪潮之巅_：广东生产的东西运到北京，运费比运到洛杉矶还贵。汰渍的洗衣粉，广东生产，运到哈尔滨，运费比生产的成本还高。(后来宝洁不得不在北方再开工厂。)另外中国的零售税是17%，美国各州不超过10%，个别州是零。@余晓平：最近中国一直在热传美国的物价低于中国，特别是生活必需品方面，甚至换算成同一种货币都低于中国。从整体情况来看，美国人各项消费的支出所占收入的比例要远远低于中国人。如果考虑到支出占收入的比例，同时考虑到性价比，那么据我观察，美国只有两样东西要比中国贵，一个是知识产权，一个是人工。@Vincent_YFV：美国消费税6%，中国vat(附加税，记者注)17%但是可以抵扣，企业实际税负和美国差不多，但消费者的税负太高了，还有过路费等各种收费，以及土地财政推高的租赁及不动产价格，各代理环节的利润和打点行政部门的费用，这些才是物价高昂的原因。(记者：沈玮青),5,6,0.9904346466064453
华盛顿州政府国债项目北京认购会北京认购会主题：华盛顿州政府国债项目认购会时间：2011年7月23日(星期六)下午14：30地点：北京市国贸中国大饭店宴会A厅 预约电话：400-0909-899项目优势：首个美国州政府发行国债形式的EB-5项目美国华盛顿州区域中心国债项目是由州政府发行免税的一般义务债券形式融资的EB-5项目，华盛顿州政府发行的一般责任债券获得非常高的信誉评级， 享誉盛名的三大国际信用评级机构评级分别是：穆迪将其评级为AA1级，标准普尔将其级为AA+级，惠誉国际评级公司亦将其评级为AA+ 级。世贸通重磅推出美国投资移民华盛顿州国债项目，买美国州政府国债，全家移民美国！该项目获华盛顿州政府立法支持，资金安全，2年解除绿卡条件后，即可按个人意愿， 委托经纪人在美国公开市场出售国债收回投资。项目首场三地认购会于7月9日结束，到场投资人对该首个由州政府发行债券来融资的EB-5项目热情度极高，世贸通7月下旬特邀华盛顿州区域中心主席Mike Mattox、亚洲市场及商业发展总监Andrew Lin、销售总监Connor Chen，举办该项目的第二场京、深、青岛三地认购会，全球尊享99名，欢迎预约出席：400-0909-899！详情请继续关注世贸通官网！,5,1,0.5926347374916077
华盛顿州政府国债项目深圳认购会深圳认购会主题：华盛顿州政府国债项目认购会时间：2011年7月17日(星期日)下午14：30地点：深圳市福田区福华路大中华喜来登酒店6层宋二厅项目优势：首个美国州政府发行国债形式的EB-5项目美国华盛顿州区域中心国债项目是由州政府发行免税的一般义务债券形式融资的EB-5项目，华盛顿州政府发行的一般责任债券获得非常高的信誉评级， 享誉盛名的三大国际信用评级机构评级分别是：穆迪将其评级为AA1级，标准普尔将其级为AA+级，惠誉国际评级公司亦将其评级为AA+ 级。世贸通重磅推出美国投资移民华盛顿州国债项目，买美国州政府国债，全家移民美国！该项目获华盛顿州政府立法支持，资金安全，2年解除绿卡条件后，即可按个人意愿， 委托经纪人在美国公开市场出售国债收回投资。项目首场三地认购会于7月9日结束，到场投资人对该首个由州政府发行债券来融资的EB-5项目热情度极高，世贸通7月下旬特邀华盛顿州区域中心主席Mike Mattox、亚洲市场及商业发展总监Andrew Lin、销售总监Connor Chen，举办该项目的第二场京、深、青岛三地认购会，全球尊享99名，欢迎预约出席：400-0909-899！,5,1,0.5055245161056519
"美国南州火鸡加工项目说明会北京说明会主题：南州火鸡加工项目说明会时间：2011年7月16日(星期六)下午14：30地点：北京市朝阳区金桐西路10号远洋光华国际A座8层预约电话：010-5979 9665项目背景：美国南州火鸡加工项目是南达科他州区域中心第20个项目，曾开发的19个EB-5项目都取得了巨大的成功。 南达科他州是美国EB-5项目批准最多的州，由政府直接经营和管理， 所以EB-5项目贷款担保有力。火鸡项目投资总额为1.05亿，向投资人借款4600万美元，推广名额92个，借款将用于投资家禽/家畜养殖和加工设施。融资项目包括两个单独的部分，项目I及项目II。项目I为Dakota Gobblers所拥有和经营，项目II涉及多个胡特尔派公社成立的独立的有限责任公司(大约7个有限责任公司)，这些公司从事家禽/家畜(包括火鸡和食用猪)的全美需求供应。与此同时，项目的发展将会直接或间接给当地创造出超过美国移民局要求10倍的就业机会，使投资者完全符合相关规定，达到移民目标。项目优势：1,该项目即使没有来自EB-5的资金也能运作下去。与美国绝大多数州区域中心不同，南州区域中心是由州政府直接管理，州政府会大力投资本土优势项目，向EB-5投资人借款只是由于该过程中的融资成最低。2,州政府的目的是创造就业而不是利润。州政府的这一目的，和联邦政府不约而同，这就保证了项目绝对受到政府的支持，只要政府不倒闭，项目就会顺利进行下去。3,南州所有的EB-5项目开发前，政府都事先考虑到了对州经济的长期刺激。火鸡加工项目方达科食品公司是全美最主要的鸡肉、猪肉供应商，诸如沃尔玛这样的大型连锁超市，一直是其产品的主要供应渠道。4,强有力的投资回报担保。向价值超过1亿美元的项目提供上限为4600万美元的借款，借款得到项目的建筑和土地作为第一顺位担保，并得到达科他食品公司以及参与项目的胡特尔派公社的担保，担保公司的总净值超过4亿美元。 借款另外得到5平方英里的保守估价为1000万美元的优质农地作为担保。",5,9,0.9636769890785217
美众院拟取消绿卡抽签 曾操作失误摆乌龙中新网7月20日电 据美国《世界日报》报道，美国国务院绿卡抽签大乌龙之后，国会众院司法委员会20日将审议取消绿卡抽签办法的法案，预计该案将于众院院会过关。众院曾两度通过取消绿卡抽签法案，但都未能于参院过关。司法委员会主席史密斯是取消绿卡抽签法案的共同提案人。国务院5月1日在网上公布的2012会计年度美国绿卡抽签结果，因内部作业错误而作废。联邦法官艾米。杰克逊(Amy B. Jackson)14日驳回第一轮中签者的诉讼。国务院在次(15)日，公布第二轮所抽出的10万中签者。由于采用的计算机新软件程序错误，第一次抽签90%上的中签者，只选自开始报名的头两天(去年10月5日和6日)。但是实际开放报名时间，是美东夏令时间10月5日中午12时整，至美东夏令时间11月3日中午12时整的30天之久，而每天都有很多人上网报名。国务院发现错误后随即关闭网站。但网站开放的五天当中，已经有大约190万人次访问该网站而获得错误信息。190万人中有2万多上网站查访时，被告知已幸运抽中，却空欢喜一场。(记者：林宝庆),5,7,0.7396820783615112
加推10年多次往返签 华裔航天员家庭欢迎中新网7月22日电 综合加拿大《明报》报道，加拿大联邦公民、移民及多元文化部长康尼(Jason Kenney)20日在多伦多向加拿大经济俱乐部会员发表早餐演说时宣布，由今年夏季末开始，外地人士申请多次进出境签证(multiple-entry visa)时，可由过往最长的5年期，转为10年期。此举受到华裔各界，尤其是“航天员”家庭的广泛欢迎。加国发10年多次进出签证加拿大移民部说，通常加国政府鼓励正申请受担保移民类别的父母及祖父母，申请上述多次进出境签证，从而当等待申请批准期间，可经常到加国探望子女。现时也鼓励商业访客申请该类签证。康尼说，现时来自中国及印度的访客都要申请签证，该多次进出境签证可方便“低风险”申请者，也减少签证办公室的工作量，从而可集中调查危险人物企图入境。移民部指出，现时愈来愈多国家发出10年期的护照，故移民部会依据申请者的护照有效期，若护照有效期是10年，他们也有资格申请10年期的加国多次进出境签证。10年签证或成“航天员”喜讯此外，康尼于演说中表示，加国不会大量增加移民额，由于加人不喜欢见到太多新移民，而联邦政府也没有资源帮助他们融入社会。他指加国面临劳工短缺，需移民来补充本国人口老化问题。有数项研究指加国需要将现时平均每年25万人的移民额增加4倍，即是每年接收100万名移民，才能维持劳动人口比率。他续称，联邦政府不会接受，由于加国根本没有资源帮助他们融入加国社会，例如要提供英语或法语为第二语言训练等；同时也会令加国的医疗?公共教育及房屋供应出现问题。华裔欢迎“航天员”佳音加拿大延长签证有效期受到华裔各界广泛欢迎，指出有助经贸文化交流，更是“航天员”的佳音，因为不少在中国有生意的永久居民，其意愿并非入加籍，只是希望可以常从中国飞过来探望家人，他们非常希望能用十年多次往返签证取代坐移民监。加拿大中国文化促进会会长李琦对新的签证措施表示欢迎，认为不少中国护照有效期长达十年，认为有助加、中两国的文化经贸交流活动。他说过去安排了不少表演活动，也是因为中国表演者的签证出现问题，最后整场表演泡汤，被迫取消。他说，目前中国的经济发达，生活条件也不是很差，表演艺人在中国赚钱的机会很多，而当地华人少，演出机会不大，其实中国演员留下来的诱因根本不强，特别是一些大师级的演艺人员。不过，他有留意最近似乎有放宽的迹象。PBISS移民服务协会的蒋骏也认为新政策是好消息，但他指出，也需要理性认识新政策的局限。蒋骏说，签证官有权发出十年少一个月的签证，但其实最后要看护照的有效期限。假若护照只剩下两年有效期，那么最多只能拿到两年减一个月的签证。他指出，这与美国仍然有差距，拿到美国的十年签证，即使护照到期，换了新护照，入境时仍然可以拿新护照与过期护照过关，签证仍然有效。他指出，虽然加拿大签证目前最长时间是五年，但其实一般商务签证通常只拿到一年，父母探亲可能拿到两三年。他说，虽然新政策可以延长到十年，但正式签证期限有多长久，仍然有待观察，因为十年签证并不表示可以连续居留十年，要到入境时由当值移民官决定可逗留多久，一般只是六个月。列治文张女士也欢迎新措施，她丈夫是典型的“航天员”，在国内有生意，只能隔几个月飞回加拿大与家人团聚，其实他自己并无入籍打算，拿枫叶卡也只为出入境方便，如果拿到十年多次往返签证，他甚至愿意放弃枫叶卡，即永久居民身份，以后也没有要坐移民监的困扰。,5,9,0.5736619234085083
国外“乐跳”游戏水上飞照今夏风靡(组图)找一个泳池，搭好跳板，然后纵身一跃，在落水前的瞬间定格身姿，摆出最无厘头的搞笑姿势，这就是最近风靡网络的游戏“乐跳”(leisure dive)。据英国《每日邮报》7月18日报道，leisuredive.com网站近日发出“召集令”，号召网友抓拍自己最精彩的“乐跳”照片传上网进行大比拼。而各路外国网友也创意百出，用相机记录下了许多令人忍俊不禁的滑稽时刻。(记者：谌融),5,8,0.8947789072990417
英楼顶建人工湖 游客惬意划船俯瞰伦敦(组图)中新网7月22日电 综合媒体22日报道，为了替新产品造势，厂商在英国伦敦知名百货公司Selfridges屋顶上建造了一座小型人工湖，配备10多艘迷你小船，供人们划船游玩，享受闹中取静的乐趣。据报道，这是自第二次世界大战以来，伦敦知名百货公司Selfridges首次开放屋顶。食品业者为了替新产品造势，不惜花重金打造一个占地400平方米的屋顶人工岛和湖泊。除使用数英里长的钢铁加固屋顶，搬来数千植物、灌入大量染成明亮薄荷绿色的水外，厂商还放入12艘带有迷你桨的小船，一艘船最多承载2人。游客可以坐在船上，一边在碧绿的湖水中划船乘凉，一边俯瞰伦敦高低起伏的建筑景观，别有一番韵味。这个屋顶人工湖甚至专门设有一名救生员，有人不慎从船上跌下水也不用担心。人们在划船之余，还能在现场开设的一个鸡尾酒吧聊天喝酒、试吃新产品，这样的营销活动创意十足，工程难度也很高。尽管整个活动只有短短4天，但从现场民众的反应来看，这一营销创意应该已经给大家留下了深刻印象。,5,9,0.9434019923210144
新西兰出现“鱼坚强” 地震后无食活134天(图)今年2月22日在新西兰克莱斯特彻奇市发生的里氏6.3级地震又出现了两名幸存者，不过并不是人类，而是两条相濡以沫的小金鱼。这两条分别叫莎姬和黛芬妮的金鱼在没有食物、没有换水及过滤装置的情况下活了134天，直到这个月人们才发现了它们。这两条金鱼能活下来一方面是因为放金鱼的水箱体积较大，所以它们能从水箱壁和石头上长的野草获得足够的营养。另一方面自然生长的细菌也帮助净化了水源。,5,9,0.9542216062545776
小猫酷似希特勒被弃养 现苦寻新家(图)中新网7月30日电 英国剑桥郡有一只六周大的可爱小猫被人遗弃在路边，附近的动物收容所人员发现并且收留了它，但是令人意外的是，这只小猫看起来就像是二次世界大战纳粹德国元首希特勒，让工作人员啧啧称奇。据“今日新闻”报道，这只小猫被工作人员命名为琦特勒(Kitler)，它的嘴巴附近有着特殊的黑色胎记，看起来就像是“牙刷式胡子”，此外，小猫的头上也有黑色斑块，神似侧分边的头发，跟希特勒惯有的造型如出一辙。工作人员私下透露，琦特勒活泼爱动、非常的可爱。不过，由于它拥有和希特勒相似的特殊外型，以致于苦苦找不到饲主愿意收养它，“因为它是弃养猫，所以我们无法知道它的品种。虽然找过无数的饲主，但都没有一个人想要带它回家，我们想应该是因为它长得像希特勒让大家害怕。”琦特勒被动物收容所人员发现时，已经濒临死亡，所幸之后顺利的捡回一条小命，英国《每日邮报》报导时，更刊登出收养这只小猫的联络方式，希望替它找到一个新的家。,5,9,0.9795356392860413
法不满中方所评学术排名 称信息收集不全面环球网讯 据8月2日出版的《环球时报》报道，法新社7月31日称，一个来自中国的科研、教育代表团刚刚结束了在法国的访问，他们将对法国高校的教育及科研水平作出评价，并把最终的结果编入8月15日公布的“世界大学学术排名500强”中。据报道，这个中国代表团是应法国高等教育和研究部的邀请，于7月23日到30日期间对法国高校进行了考察。他们分别访问了洛林大学、艾克斯-马赛大学、波尔多大学和巴黎科学与文学集团。这些来自中国的代表，正是2008年上海交大“世界大学学术排名500强”的评选人。在这份排名中，自认是传统高等教育强国的法国，在前100名高校中仅占有3个席位，这让法国媒体和教育系统非常难堪。法国有分析人士认为，出现这种情况是因为中国评选者“信息收集不全面”，评分标准过于重视科研、忽视教育，同时也因为法国高教资源相对分散，公立大学和“大学院”双轨并行等。2008年的这一排名曾在国际上引发争议，法国、德国和印度都针对本国的具体情况给予了反驳。2009年，法国《论坛报》曾刊登“法国矿业学院”进行的全球大学排名，作为对上海交大排名的回击，试图证明法国的科教水平不输给英美国家。据法新社报道，这次中国代表团访问法国高校结束后，法国高等教育和研究部发表公告称，“这次科研访问突出了法国各研究领域和高等教育重组方案的积极成果，提高了法国科研工作在国际上的地位和透明度”。据《环球时报》记者了解，近年来，法国高校正经历重大改革。比如，艾克斯-马赛大学就是由原马赛地区的三所大学合并而成。法国高校目前的“大合并”潮流最先由斯特拉斯堡大学开始，成果已初见成效，波尔多大学和巴黎科学与文学集团因此获得了政府10亿欧元的拨款。法国媒体预测，在看到这些最新进展后，下一次中国高校推出的“世界大学学术排名500强”中，法国大学的地位必然能得到明显提升。,5,7,0.9783529043197632
美国艺术家用气球折出世界名画(组图)中新网8月3日电 据外媒2日报道，名画自古以来就有不少复制品，但是用气球再造名画可不常见。而纽约艺术家拉里•莫斯用不同形状的气球创作出别具风格的名画复制品。虽然不像名画一样价值连城，但拉里的一幅大型气球创作也价值数十万美元。除了画作，拉里还曾用10万个气球建造了一间1万平方英尺的鬼屋。拉里称他喜欢将名作用其他有趣的方式重塑出来，让这些经典名作少点庄重感。“我喜欢用普通的材料创作，气球就是个不错的选择。只要使用得当，什么都能成为艺术。铅笔、油漆、黏土都可以。”拉里说，“对于很多人来说气球只是一个玩具，是个一放手就上天的玩意儿。但是在我手中，人们会看到气球的其他用途。”就像《飞屋环游记》里卡尔爷爷的飞翔屋一样，拉里的气球就是他探索世界的工具。他说：“我的气球作品在世界各地展出。人们看见我的作品总会会心一笑。小熊维尼说过：‘有了气球就开心了。’气球会爆掉，但是愉快的记忆永存。”,5,9,0.6430575847625732
美海豚断尾后接仿生尾鳍 将拍电影讲传奇(组图)中新网8月8日电 据外媒8日报道，美国佛罗里达州一只名叫“温特”的海豚的故事在当地早已家喻户晓。5年前，这条小海豚在仅2个月大时不小心掉进了捕蟹笼导致尾鳍断裂，人们为救活它不得已对它进行截肢。“温特”没有了尾鳍就没办法存活，所以后来人们为它装上了树脂和硅制成的仿生尾巴，在经过了长时间的适应后，温特活了下来。后来，温特甚至能做出后空翻、拍水等让人惊叹的动作。温特的故事体现出的温情与人和动物之间的关爱感动了不少人。不少残疾儿童都来看过温特，并从温特的身上获得了勇气。12岁的小女孩汉娜•杰金斯失去了左手和左前臂，她说温特给了她活下去的力量。今年，温特即将成为电影明星出演它自己的故事。著名演员摩根•弗里曼、以及哈利•小考尼克和阿西莉•贾德也将参演电影。整部电影主要讲述了温特的仿生尾在制造过程中遇到的种种艰难，以及温特如何适应这条仿生尾，过上正常生活的故事。此片的导演是查尔斯•马丁•史密斯，影片将在今年秋天以3D形式在英国首映。,5,9,0.9952600598335266
布里斯托大学化学系：奇妙的化学世界(图)为什么日本核电站事故发生后人们开始抢加碘盐？如果你觉得胃酸的难受的时候，应该怎么办？你知道吗，最传统的油条中含有的一种物质叫明矾，它在遇到面团里游离的氢氧化钠时，产生的氢氧化铝在医药上用作抗酸药，能中和胃酸、保护溃疡面。不想皱纹出现？昂贵的护肤品，面膜、精油哪一样离得开化学？吃的、喝的、用的、自然现象的、后天制造的、包括我们人类自己的身体，都是化学……化学可以使天空变得更蓝，可以使河水变得更清澈，可以使物品变得更丰富，可以使生活变得更美好。我们的生活离不开化学，化学改变了我们整个世界，这就是一个化学的世界。联合国教科文组织把2011年被奉为“国际化学年”(International Year ofChemistry)，以纪念化学学科所取得的成就以及对人类文明的贡献。2011年正值国际化学会联盟(IACS)成立100周年，也恰逢女科学家居里夫人获得诺贝尔化学奖100周年，她也是第一个摘得诺贝尔化学奖的女性。第二位是她的女儿伊伦·约里奥一居里。在居里家族之后的第三位获此殊荣的女性叫多罗西·克劳宣特·霍奇金(DorothyCrowfootHodgkin)来自英国布里斯托大学，她在维生素B11结构分析上做出的贡献，又为这个新时代增添了一颗璀璨的明珠。现在人们能够采用多种方法提取维生素B12，正是仰仗这一研究成果。即霍奇金夫人之后的四十多年里再无女性获得过此殊荣，直到2009年，来自以色列的女科学家阿达•尤纳斯(Ada Yonath)与另外2名美国科学家三人因在“核糖体结构与功能研究”中的突出贡献而共同获得这一殊荣。霍奇金夫人的母校布里斯托大学诞生过2位诺贝尔化学奖得主，是英国最著名的红砖大学典型代表。布里斯托大学的化学学院(Schoolof Chemistry)被誉为英国最大、最好的国际化学研究中心之一。无论是教学还是科研水平都受到国际广泛认可，排名英国前四。大学每年在设施建设方面投资巨大，仅次于帝国理工排在第二位。最新的英国政府科研水平评估中，对布里斯托大学在英国化学产业中的贡献做了充分的肯定，并再次展示了学院的创新、博大精深与高质量的学习科研环境，其中绝大多数课程都被列为世界领先水平。每年约有200个本科生，250个研究生及110个博士后从这里诞生输出到世界各地。近几年这个不停创新的老牌贵族大学的化学学院与Learning Science公司一起开发了一套风靡英国的网络课件，主要用于锻炼高中及本科学生的化学实践操作，提高化学学习的趣味性与便利性，降低了实验的操作风险。学生们可以通过登录网站，在网上练习化学实验的具体操作过程，如果操作失误，系统将会出现提示或爆炸画面，完全不用担心实际爆炸引发受伤等，而实际的动手操作又将课本上的理论知识很好的得到检验，高度真实感让学生很容易就记住实验的原理与操作步骤。更重要的是，它让化学课变得趣味横生，方便而简单。这种创举赢得了社会各界与学生家长的广泛认可与高度赞扬，被泰晤士报评为开拓性的创举！毫无疑问，布里斯托大学的学生是这个新课件的最大受益者，他们可以免费使用这套系统，当登录到自己的空间后，系统会根据日期自动提示，今天要做的实验是什么，做完试验后，系统会自动保存这些数据，因此这套系统更像是一本电子实验笔记。在系统上操作之后，学生们在真正的实验室里实体操作会变得自信而安全。话说回来，即使不能拿到诺贝尔奖，学习化学终归是好处多多，至少生活中这些化学知识可以让我们轻松应对不少难题，可以辨明“街头骗术”。让我们一起好好享受化学带给我们的生活带来的方便与快乐吧。,5,9,0.5726245045661926
"美国纽约区域中心质子诊疗项目主题：美国(微博)纽约区域中心质子诊疗项目时间：2011年8月20日(星期六)下午14：30  地点：北京市朝阳区金桐西路10号远洋光华国际A座8层项目简介： 纽约市首个 PET 放射性药物基地NCM USA BRONX 将是纽约市首个 PET 放射性药物基地，计划在纽约市及周边地区开发最先进的 PET(质子)放射性药物制造和分销网络。项目将建设一个占地9,600 平方英尺的 NCM 基地，来制造用于 PET/CT 成像的 FDG(氟脱氧葡萄糖)这一放射性药物。此药物将用以诊断和发现癌症、心脏病、大脑疾病等。PET放射性药物的巨大社会需求和市场潜力PET放射性药物(FDG)2010年的销售额为4亿美元，预计2018的将增长到40亿美元。许多PET放射性药物产品将在未来1—4年内投放市场。超过25种新的放射性药物正在美国做临床实验。现有的PET放射性药物治疗基地生产能力远远不够满足市场需求。项目总投资1300万美元，招募EB-5投资人16名，单位投资额50万美元。诊疗中心建成后，其运营的收入将作为还款保证和支付给投资移民客户的利息，年利率为2.5%。项目优势：低风险：NCM USA BRONX 是一个相对低风险的 EB-5 项目，只有 16 位投资者，并定立了明确的退出战略！资金安全：NCM USA BRONX 具有动态而安全的资金结构，包括全球工业和金融领导者通用电气公司 (GE) 的融资及其他资金来源的担保！巨大市场潜力：NCM USA BRONX 将是纽约市首个 PET 放射性药物基地，其产品和 PET 扫描仪安装在纽约市有非常大的需求，放射性药物行业通常不会受经济衰退影响，不依赖于美国的经济！高质量担保品：NCM USA BRONX 具有高质量的抵押担保，可保护投资者的投资！创造充足的就业人数：根据就业计算公式，NCM USA BRONX将创造直接和间接就业人数共203.7名，创造就业人数超出移民局要求的27%。项目方优势：Anwer Rizvi，NCM USA BRONX 总裁，行业领导者 IBA Molecular 的创始人和前总裁。移民专线：400-0909-899",5,9,0.9356546401977539
高端海归落选中科院院士 称早料到结果(图)昨天，2011年中国科学院院士增选初步候选人名单对外公布。同日，一篇“从今以后不候选中国科学院院士”的博客文章，再度引发公众对院士话题的热议。博客作者是北京大学生命科学学院院长饶毅，在中科院院士增选有效候选人名单中出现过，但在中国科学院昨天公布的初步候选人名单中落选。昨晚，饶毅在接受北京晨报记者采访时表示，“早就预计到了这个结果”，“任何学生物的人都会知道原因”。截至记者发稿，中国科学院相关部门尚未就此事做出回应。事件主角饶毅：放弃美国(微博)国籍回国北京大学终身讲席教授、生命科学学院院长，兼北京生命科学研究所资深研究员、学术副所长。回国前曾任美国西北大学Elsa Swanson讲席教授、神经科学研究所副所长。研究神经发育的分子机理和社会行为的生物学基础。担任多个国际学术杂志编委。在斯坦福、哈佛、麻省理工学院、东京大学等国际著名大学做学术报告。1996年起，兼中国科学院研究员，1999年协助推动建立中国科学院神经科学研究所，2002年协助建立中国科学院上海交叉学科研究中心。2004年起兼北京生命科学研究所学术副所长。2007年9月全职回国。回国即出任北京大学生命科学院院长的饶毅，被认为是新时期归国潮中的代表性人物之一。舆论将他的回国与上世纪50年代钱学森、郭永怀的回国相提并论，因为他们都是在海外成名后，壮年归国效力的科学家。然而，对于这位神经生物学家，公众更熟悉的不是他研究的领域，而是他大胆、犀利的言论。2004年，在饶毅回国之前，他就在英国《自然》杂志上撰文，对中国政府的中长期科技规划表示关心，并直言不讳地提出了自己的批评和建议。不再参选：5个月前就写好博文饶毅在博客中写道：“鉴于推崇中国科学院前身中央研究院生命科学方面代表性科学家林可胜等，敬佩中国科学院第一批学部委员如神经生理学家冯德培等，尊重50年代以来在国内艰苦环境中坚持做好科学研究的院士，感谢其学部委员(特别是冯德培、邹岗等)在80年代对我的支持和现有院士近年在我回国工作后多方面的支持，我于2011年初接受推荐候选中国科学院院士。”饶毅说，“在表达了尊重和感谢后，从2011年8月17日后将不再成为候选人。”在落款时间上，饶毅写的是，“2011年3月5日写，2011年8月17日添加日期”。关于落选：“结果早就预计到了”昨天下午，记者拨通饶毅在北京大学的办公室电话。对于为何发出这样的博客，饶毅表示不愿多说，“我该传达的意思都已经传达得很清楚了，我想说的都在我的几篇博客中，为什么答应参选，为什么今后不再成为候选人，这些博客内容是一脉相承的。不想再另外说明。”至于为何早在3月已经写好博文，而在昨天才对外发出，饶毅解释说：“我总要等到别人公布结果后才发吧，其实我早就预计到了这样的结果，在3月就已经想好了。”至于为何落选，他给出耐人寻味的回答，“任何学生物的人都会知道原因。”记者翻看了饶毅在之前发过的一些博文。就在昨天博文发表的两天前，他的一篇《减少中国科学界浮躁的一个必要步骤》的博客文章似乎透露了蛛丝马迹。“对于行内来说，都清楚中国生命科学这二十年的基本情况：国外做过博士、博士后，回国立即做正教授，再做一两篇Nature、Science、Cell，或者几篇同领域最好杂志的论文，就可以做院士。”“中国科学界浮躁是自然的，不浮躁倒奇怪：因为职称高，没有‘后顾之忧’，不怕评审，就热衷通过搞关系奔经费、而不是靠学术。中国生命科学界，90%以上的教授在90%以上时间不听学术报告。有些人(国内所谓做得好的人)不听国际重要科学家的报告，而为了当选院士的投票只听国内院士的报告，给现在的学生树立不良榜样。”各方观点方舟子(微博)：第一轮就被刷纯属侮辱作为北京大学生命科学学院院长的饶毅，引发公众关注并不是第一次。2007年，45岁的饶毅从美国西北大学归国。他和现任清华大学生命科学学院院长的施一公回国在当时都引起不小的反响。在回国前，饶毅就曾对中国教育科技问题提出过直言不讳的批评。去年年底，两人还在美国《科学》杂志刊出社论，认为中国现行的科研基金分配，更多的是靠关系而非学术水平高低，“浪费资源、腐蚀精神、阻碍创新”。而在昨天公布的初步候选人名单中，施一公名列其中。截至记者发稿时，通过施一公秘书转发的短信尚未得到回复。记者看到，一些网友对饶毅落选深表惋惜。有网友称，饶毅落选是中国院士的悲哀，他放弃了美国国籍，为人坦荡，学术贡献大过很多中科院院士。方舟子对此也评论说：“我觉得饶毅居然第一轮就被刷下来，纯属侮辱人。连肖传国当年都进入了院士选举第二轮。”何祚庥：评选不像考试那样简单昨天，曾经和饶毅就中国科技体制改革问题有过深谈的中国科学院院士何祚庥，在看到博文后给饶毅打了电话。在接受北京晨报记者采访时，何祚庥表示，谁该当选院士，谁不该当选院士，大家见仁见智，虽然评选院士有一定标准，是基本公道的，但大家会有不同看法，并不像考试高低分数那样简单。具体看谁对科学贡献大，这个评判的标准本身就很复杂，每个人的尺度不一样。何祚庥认为，当选的人大体是会有一些长处，最起码不会让那些“乌七八糟”的人当选，但没当选的人也不一定不好。“我在电话里对他说，胜败乃兵家常事，没有必要太在乎谁该当选或者不当选，公道自在人心，也不能一次就盖棺定论。”同时，何祚庥指出，2011年中国科学院院士增选的初步候选人名单并不是最终院士名单，在饶毅所属的“生命科学和医学学部”中，包括施一公在内的初步入选30人也不会全部最终选为院士。“饶毅和施一公的研究在生物学领域属于新东西，新事物当然会有很多人反对，就比如爱因斯坦提出新理论的时候，就有很多年龄大的研究者反对，他的理论是在多年以后才被承认的。”熊丙奇(微博)：抛弃学术良知、操守越干脆混得越好北大教授饶毅候选院士首轮出局，中科院发言人称，“具体原因不是很清楚”，但一个不容置疑的事实是，饶教授的遭遇，会给很多年轻学者以“教育”——学术地位如饶教授，也是这样的结果，要让自己有好的发展，就得一心依附体制，不然，等待自己的就是“逆淘汰”的命运。“逆淘汰”机制在我国教育界和学术界已经形成，而且威力越来越大，某个学者放弃基本的是非原则越彻底，抛弃学术良知、操守越干脆，把教育和学术当作牟利的工具越到位，他在现有的学术体系中，就可能混得越好，很快成为学术红人，掌控学术资源；而反之，如果某个学者坚持做最高质量的学术研究，他就很快被边缘、被淘汰。,5,9,0.8858309388160706
英10岁男孩登顶苏格兰284座914米以上山峰(组图)据外媒1日报道，苏格兰(微博)高峰林立，光海拔在3000英尺(约914米)上的山峰就有284座。这些山峰统称为“蒙罗山”，登山爱好者以全部登顶为荣。最近，10岁小男孩本·弗雷特伍德也完成了这一壮举，成为世界上最小的登山勇士。本从6岁生日后就开始随父亲攀登“蒙罗山”，他个头小小，只有1.4米高，爬山时经常被雪埋到腰甚至被埋没，顶着时速112公里的狂风前进更是家常便饭。尽管如此，本和他的父亲并不放弃每一次历险，最后爬遍苏格兰的所有“蒙罗山”。本说：“这种感觉就像是‘哇！真棒！’我朋友们都不能理解我是怎么做到的，但是我知道——只要保持前进的状态就行了。”本的父亲约翰骄傲地说：“我们出去时他显得特别能走。我们爬山的这几年，他穿坏了好几双登山靴。这是我们父子俩一同完成的冒险，我们都会记着的。”据本的父亲称，他们的下个目标是向阿尔卑斯山脉进军。链接：何谓“蒙罗山”？1891年，休·蒙罗爵士列出了苏格兰境内所有海拔超过3000英尺(约914米)的山。当时他的名单上共有277座山，但今天的名单已经将这个数字修订为284座。其中最有名的是本尼维斯山。名单一出现，大家就以他的姓氏蒙罗来命名那些山。苏格兰的登山爱好者们最喜欢比试谁登顶的“蒙罗山”最多。1901年，牧师罗伯森首次声称自己登顶了所有的“蒙罗山”。,5,9,0.5313371419906616
猕猴摆“思想者”姿势令人忍俊不禁(图)中新网(微博)9月22日电 据外媒21日报道，在印尼苏拉威西岛上的通可可国家公园，一只黑色恒河猕猴在德国摄影师卡斯滕•罗贝尔的镜头前不停摆姿势，仿佛为了显示自己“博学多识”有人样。猕猴翘起一条后腿支着下巴，两爪环在前面，与罗丹著名雕塑“思想者”颇为神似。护林员告诉罗贝尔，这只猕猴大概在“思考”怎样成为猕猴群里的老大，“大部分猕猴都在水里嬉戏，就跟孩子一样，唯独这只坐在岸边静静思考，还观察着自己的同伴。”罗贝尔说，“这张照片让我觉得人类与猴子猩猩的联系有多么紧密。”,5,9,0.9984830021858215
比利时老汉酷爱穿企鹅装 愿葬身南极(组图)中新网(微博)9月30日电  据外媒29日报道，走在比利时首都布鲁塞尔的街道上，或许能碰见一个穿着“企鹅装”蹒跚而行的老头，仿佛要去参加一个化装舞会。然而，他并不是去参加舞会，他只是太热爱企鹅，希望自己能像企鹅那样生活。这位79岁的老人名为阿尔弗雷德•大卫，绰号又称“企鹅先生”。他40年间都对企鹅热爱得无以复加，甚至自己也想变成企鹅。大卫还宣称，他死后要穿着他的“企鹅装”安葬在南极洲——他说他“一辈子的梦想就是葬在企鹅生活的海洋中”。大卫是1968年爱上企鹅的。他说那年他被汽车撞到了臀部，导致走路摇摇摆摆，因此同事们戏称他为“企鹅先生”。没想到大卫竟真的爱上了企鹅，他收集所有与企鹅相关的物品，甚至开了一个“企鹅博物馆”，展出了他3500件企鹅藏品。大卫甚至也想把自己的名字正式改为“企鹅”，遭到了妻子的强烈反对后才作罢。,5,9,0.7324334383010864
组图：乌克兰艺术家用胶带作画惟妙惟肖这些惟妙惟肖的画作竟是乌克兰51岁艺术家Mark Khaisman用透明胶带“贴”出来的，让人难以想象，不可思议。他的作品多以人物肖像为主，现实生活中普普通通的胶带，到了这位艺术家手里就成了一只神奇的画笔。(来自：mysenz),5,6,0.9836335778236389
购新机纪念乔布斯 iPhone 4S纽约热销华裔成主力据美国《世界日报》报道，“苹果教父”乔布斯的去世，使iPhone 4S手机的上市成为全球关心的话题。14日上午8时苹果店开始正式销售该款手机，纽约曼哈顿5大道的苹果旗舰店内外都排起长龙，每人限购两台iPhone 4S手机。许多苹果迷认为这款iPhone 4S是乔布斯最后作品，又在其去世前一天发表，名字也隐含纪念乔布斯(for Steve)的意义，一定要买。而这次华裔再次成为购买主力，男女老少都表示“价格不贵，要买台用用”。根据苹果公司表示，新推出的iPhone 4S智能手机在接受网络预订后的24小时内全球销量超过100万部，超出了前一代产品iPhone 4首日销量60万部的纪录。为购买iPhone 4S手机，纽约的旗舰店前很多苹果迷们从13日就开始排队，无惧细雨凉风。日本和澳大利亚等地因时差先开始销售iPhone 4S手机，所以凌晨就有购得新手机的苹果迷把手机照片传至各大网站，让人一睹为快。在纽约的旗舰店，如果不需要购买iPhone 4S手机，可以直接入内。14日从上午到下午，旗舰店门口始终都有数百人的长龙队伍，一圈绕一圈，秩序井然。据了解，大约每人要排两至三个小时才能入内。即使入内后，也需要按指示排队到收银台前购买手机，最少需要三至四小时才能买到这款手机。在旗舰店附近，还有专门收购旧款iPhone手机的网站销售人士。在旗舰店内，各个展示柜台都人头攒动，尤其是iPhone展示柜台，很多民众都想亲身见识一下这款传说是“为了纪念乔布斯”而推出的手机。但不少人都表示，这款和iPhone 4比起来，好像没什么不同。华裔在此次购买潮中再次展现积极力量，一眼望去占了大半，队伍中年轻的、年老的都有，有想为读书的儿子买手机的母亲；有想给女朋友买手机当生日礼物的男生；有每代iPhone手机都用过、此次也不可少的苹果迷；也有从来没有用过“大家都用过的苹果手机”的阿姨。大家都耐心在外等待，遵守秩序。“来这里一看，都是老乡啊”，一位推着婴儿车的福建籍王小姐表示，她想买两台，一台给自己，一台给老公用。不远处，吴女士和朋友在排队，“别人都用了四代苹果了，我一代没用过，”一边说她一边拿出自己的翻盖式手机“199美元便宜啊，我也要买一台”。还有人表示自己买了不一定自己用，可以卖给别人，“这个好卖，是潮流啊”。(记者：刘爽),5,9,0.9456555843353271
艺术家用7.5万根火柴搭建迷你“泰姬陵”近日，印度艺术家谢赫·萨利姆巴伊花了1年19天的时间、用7.5万根火柴精心造出的小号“泰姬陵”亮相。图为谢赫·萨利姆巴伊正在清理“泰姬陵”上的灰尘。,5,9,0.9918400049209595
组图：罕见霓虹横跨伦敦上空 惊艳迷人中新网(微博) 10月26日，英国首都伦敦上空出现美丽的霓虹，横跨伦敦市中心，呈现出迷人的光影，蔚为壮观。据悉，“霓”是大气中有时和“虹”一起出现的一种光的现象，也叫“副虹”，形成与彩虹原理大致相同，只是光线在水珠中的反射多了一次，彩带排列的顺序和彩虹相反。,5,6,0.9856635332107544
组图：美艺术家创作万圣节南瓜雕塑惟妙惟肖中新网讯 10月26日，美国拉斯维加斯，万圣节前夕，由两名艺术家Ray Villafane和Andy Bergholtz创作的万圣节南瓜雕塑惟妙惟肖。,5,9,0.697648823261261
组图：美国万圣节狗狗化妆大游行中新网讯(微博)2011年10月22日，在美国纽约的汤普金斯广场举办了一年一度的万圣节狗狗大游行，参加游行的狗狗们盛装出席，萌翻众人。,5,6,0.8903570175170898
印度艺术家创作出“愤怒的小鸟”现实版(组图)中新网(微博)11月11日电  据外媒报道，印度一名艺术家穆罕默德•拉奥夫近日为知名游戏“愤怒的小鸟”创作出小鸟们的现实版。拉奥夫是这款游戏的忠实粉丝，因此，他将自己想象中 “愤怒的小鸟”应有的现实版长相和色彩用数字技术创作出来。拉奥夫认为，他的作品很好地展现了这些鸟儿的特征。拉奥夫说：“在我浏览‘愤怒的小鸟’中鸟儿们时不禁联想，它们在现实中应该是什么样子。因此便先画出来了一只。没想到朋友们都觉得很形象，所以最后创作了全部鸟类。”拉奥夫表示在作画时，他会尝试着体现出这种小鸟应该有的特点，包括鸟的颜色、表情甚至眼神。,5,9,0.7616959810256958
教育部：2009年研究生考试涉嫌泄题报道失实中广网北京1月11日消息（记者刘玉蕾）针对有媒体所谓全国硕士研究生英语、政治考试题目疑似考前泄露的报道和推测，记者采访了教育部有关部门负责人。这位负责人介绍说，研究生入学考试全国统考试题是在全封闭入闱状态下，依托题库完成，试卷的印刷、运送和保管都严格按照国家保密规定执行。目前，没有发现异常情况，相关考试已平稳结束。 据了解，在国内一些重要考试期间，有人多次利用网站技术漏洞，发布所谓的“考前试题及答案”等虚假信息，造成试题考前泄密的假象，以达到某种目的。这种行为干扰了考试秩序，破坏了国家教育考试声誉，影响了社会稳定。对此，这位负责人表示，如果出现这样的情况，将配合有关部门，依法进行打击。这位负责人还提醒广大考生，谨防上当，诚信应考。,5,7,0.999866247177124
北大教师称校长实名推荐意在争夺生源“校长实名推荐”背后的生源争夺战北大想探索新的自主招生办法，而校长推荐是一种国际潮流，但是北大在这个时候如此迅速地推出“校长实名推荐”，应该说跟“五校联考”有直接关系《?望东方周刊》记者米艾尼 | 北京报道这两天，北京大学老化学楼121号北大招生办本部的电话，几乎被打爆。所有的人都在询问一件事：北京大学刚刚对外公布的“2010年中学校长实名推荐制”。与以往的大学自主招生办法不同，“校长实名推荐”，第一，中学和校长的资格需要北大认证；第二，被推荐学生通过北大审核后，无需笔试直接面试。面试通过者，可以在高考录取时享受北京大学一批次录取线下降30分录取的政策。而其中具备教育部规定的保送资格的学生，可以向北京大学申请相关专业的保送资格。这种类似于很多西方大学“校长推荐制”的录取形式，向许多做着“北大梦”的中学生敞开了一条“绿色通道”。当然，这条通道并非“一视同仁”。在“校长实名推荐”的资质申请审核环节中，北京大学招生办共收到了来自全国400余所中学的申请，经过北大自主招生专家委员会审议后，最终确定了13个省39所中学的校长入围。“校长实名推荐”是否公平公正？会不会引发另一种教育腐败？入围的39所学校是如何确定的？……各种质疑接踵而至。北大校机关的一位老师向本刊记者透露，北大如此迅速地出台“校长实名推荐”，绝不仅仅是对自主招生政策进行新探索这么简单。生源争夺是真正用意就在北大推出“校长实名推荐”前不久，清华大学、上海交通大学、中国科学技术大学、西安交通大学、南京大学五所著名高校招生部门刚刚决定，在2010年实行“五校联考”。通用测试部分由这5所大学共同出题，高校特色测试和面试由各校自主决定，通过者，高考录取中享受该校30分的优惠。“这五所学校都是国家首批‘985高校’。”清华大学招生办公室副主任尹佳说。“这一轮考试里，每个学生可以选择两所学校。我们在29个省市都设了考点，学生也不用奔波。”尹佳认为，这跟以往清华大学实行的自主招生政策没有本质的不同。“这是给学生们多次选择的机会。即使学生参加了考试，没有被他申请的这两所学校录取，他拿着这个考试的成绩去找其他学校，应该也是有帮助的。”尹佳解释说，“而且，我们一般不强调‘五校’。”然而，北大很多人对于“五校联考”的看法，和尹佳所说的大不相同。“‘五校联考’打破了各高校自主招生政策原有的平衡，类似于一个‘小高考’，北大明年的生源有可能因此受到影响。”北大的一位老师说。他说，对于自主招生的探索是教委提出来的，但是各高校采取什么具体办法，一般不用通过教委批准。“像北大、清华、复旦等高校，生源争夺由来已久，为了减少‘五校联考’可能对北大造成的生源影响，北大也马上公布了‘校长实名推荐制’。”“北大想探索新的自主招生办法，而校长推荐是一种国际潮流，但是北大在这个时候如此迅速地推出‘校长实名推荐’，应该说跟‘五校联考’有直接关系。”这位老师说。从北大招生网上的信息可以看到，今年11月21日至25日，获推荐的学生要在北大招生网填写报名表，经中学校长实名签字盖章同意后提交申请材料。11月26日至27日，北大将安排相关学科的专家组审核学生资料。也就是说，今年年底之前，谁能够获得被批准合格进而进入面试阶段，应该会水落石出。虽然尹佳强调说，教委规定，自主招生的考试时间必须在寒假之后，但是北大校机关的这位老师也透露，“一般如果是校长推荐了的，因为没有笔试，面试的通过率应该是很高的。”也就是说，获得北大认可的推荐名单，在年底前应该就可确定，这比“五校联考”早了一个多月。如何确保公正对于校长实名推荐，大家的质疑声之一，就是通过北大认证的这39所学校是如何确定的，对于没有推荐资格的其他中学，公平性何在。从已经公布的39所学校的名单来看，仅江苏一省就有10所中学入围，北京、湖北、湖南、浙江各有三四所学校获选。据称，这个名单是北大参考了每年在各地中学录取学生的情况确定的。而且现有的方法只是试行，肯定还有很多需要改进的地方。而大家热议的另一个问题，就是校长推荐的公正性。因为没有笔试，而面试的通过率又很高，这意味着，如果一个学生得到了校长的推荐信，就等于是得到了北大录取降低30分的优惠。而对于中学校长来说，这个权力所带来的各种诱惑和压力，可能会很大。对此，北大方面要求，递了申请的中学，必须在本校范围内对校长实名推荐的学生信息和推荐理由进行一星期的公示，接受各方监督。而在实际运行中，校长们必然还要面对更多考验。已有_COUNT_条评论我要评论,5,7,0.5365410447120667
报英语四级被要求先交培训费 学校称培训为自愿本报讯 (记者甘浩)前日，北师大继续教育与教师培训学院学生小李致电本报新闻热线67106666称，老师告知她们要报考今年6月的大学英语四级考试，须交共680元的培训费，否则不予报名。“按教育部规定，我们能自主报考，为何必须交钱培训才能报考。”小李说，很多同学都质疑该做法的合理性。小李称，英语四级报考要交培训费的通知，是上周五老师口头传达的，目前还未看到文字材料。报名参加四级考试须交680元，其中30元为报名费，650元为培训费、资料费，如不交钱就无法报名。“培训费不合理。”小李的同学说，她们上网查了相关规定，她们属于在校生，可以自主报考大学英语四级考试。她自认为英语不错，不用培训能通过考试。昨日，北师大继续教育学院教务处吴老师表示，培训由该院培训部组织，此次学生报考大学英语四级课程培训与该校教学计划无关，属自愿行为。该院培训部一名负责老师解释称，教育部规定必须是在校生，且修完大学英语四级课程的学生才能报考四级考试。因该校成教生目前未开设四级英语课程，部分想报考四级考试的学生无法报名。学校推出培训课程，也是让这部分成教生获得报考资格，他还称不管学生在何处通过四级课程培训，只要有相关成绩单即可报考大学英语四级考试。链接教育部相关报考规定教育部印发《全国大学英语四六级考试改革方案(试行)》和“教育部办公厅关于大学英语四六级考试部分考务管理工作交接的通知”，对四六级考试报名资格作出新规定：●全日制普通高校专科、本科和研究生在校生。●各类全日制成人高校本科、专科在校生。●修完大学英语四级课程的学生才能报考大学英语四级考试。●修完大学英语六级课程且大学英语四级考试达到一定分数的学生，才能报考大学英语六级考试。     更多信息请访问：新浪四六级频道 四六级论坛 四六级博客圈特别说明：由于各方面情况的不断调整与变化，新浪网所提供的所有考试信息仅供参考，敬请考生以权威部门公布的正式信息为准。,5,7,0.645639181137085
骗子号称违造四六级成绩单考委会免费鉴真伪本报讯(记者 李德庆) 即将从长春某大学毕业的李同学，近一段时间都在为找工作忙碌着。近日，在他学校附近的小区里，一张办假大学英语四六级成绩单的广告吸引了他。广告中声称五百元就可以伪造一个大学英语四六级成绩单，而且这个成绩可以在国家正规网站上查询到，专门为学生就业服务。 专家认为，盗用准考证号作假漏洞百出，提醒用人单位一定要认真审核。500元能买个成绩单昨天记者佯装成一名自考生，为了找工作，准备伪造一个大学英语四级成绩单。“四六级准考证号或成绩单都能弄，价钱都是500元。”广告中的刘某如此介绍他的业务。“你放心，我们给你的准考证号都能在教育部指定99宿舍网上或者用手机短信查询，成绩都没有问题。”但他提醒记者，成绩单不是所有单位面试时都能用，“除了在教育口的用人单位不能用，其他单位都没有问题，我已经做好几年了，绝对没有问题，要办最好这两天就交钱。”“你有没有办过的号码？”面对记者的疑问，刘某为了证明自己提供的准考证号真实性，给记者提供了准考证号22033007210×××，随后记者登录99宿舍网大学英语成绩查询页面进行了查询。查询显示了一个2007年12月CET考试成绩信息：成绩总分457分；听力191分；阅读168分；综合32分；写作66分等四项得分的明细，却没有显示考生姓名、所在学校等具体信息。记者通过教育部公布的1066335577短信号码查询，结果显示2007年12月CET考试成绩总分也是457分。盗来准考证号移花接木“你是和教委办有联系，还是和教育部网站有联系？”在记者一再追问下，刘某解释了这个“屡试不爽”的方法。他介绍，办理2006年6月四六级考试改革后的四六级成绩单，需要提供一个成绩合格的他人准考证号和本人的姓名、院校等相关信息。他表示，四六级考试改革后，四六级考试中心的电话成了空号，不能再查验证书真伪，办假证者大可放心。如何找到这样的准考证号？刘某热情地支招：“问问以前同学的准考证号，然后拿来套用。有很多人都是这么做的。”实在找不到相关的准考证号，他表示也可以代为找号。四六级成绩单上的“成绩单编号”是检验证书真伪的依据之一，刘某表示“用你同学的，或者我们这里编也行。”当记者表示，按照这种方法自己也能做出假成绩单，刘某向记者保证自己做出来的假成绩单格式、色彩和红色印章都难辨真伪，与真实的成绩单相差无几。而且只需要先交200元定金，假成绩单做好后现场验货，再收余款。考试委员会免费鉴定真伪记者昨天电话联系了总部在上海的全国大学英语四六级考试委员会，相关工作人员告诉记者，99宿舍网只提供成绩信息，不提供考生信息，就是为避免一些非法网站“以假乱真”。用人单位可以将相关人员的成绩单复印件寄往全国大学英语四六级考试委员会，进行免费的真伪鉴定。     更多信息请访问：新浪四六级频道 四六级论坛 四六级博客圈特别说明：由于各方面情况的不断调整与变化，新浪网所提供的所有考试信息仅供参考，敬请考生以权威部门公布的正式信息为准。,5,7,0.6397972106933594
四六级收费是否过高 物价局：欢迎大学生核查重庆时报讯(实习记者 汪再兴 记者 张璐) 本报进行英语四、六级价格报道后，四、六级考试价格成为了这两天各大高校校园内热议的话题。到昨日为止，志愿者起诉报名人数已达20余人。诉讼发起人西政学生谢芸飞表示，希望先和有关部门座谈，如果座谈不成功，他个人将把这场官司打到底。20余名学生愿当志愿者重庆各大高校的学生看到西政学子的四、六级成本调查后，目前已有20余名学生表示愿意当诉讼的志愿者。针对价格问题，西南大学学生李国唯提出疑问：“四、六级的价格成本不过20元左右，那剩下的30元到哪里去了？1998年以前只收40元，为什么现在要收50元？”重庆大学研究生魏绮芳说：“很多学生四、六级考了多次，准考证和电子采集重复收费，是否有强制之嫌？”谢芸飞称，最近几天还将在各大高校完成四、六级成本调查。市物价局欢迎查具体价格昨日，谢芸飞对高招办“高科技手段增加10元成本”的回应表示质疑。他说：“重庆市物价局在关于高等教育大学英语教学水平考试PVC卡和电子采集上明文规定是考生自愿，但实际情况是不办理这两样，考生无法参加考试。”他表示将继续采集调查资料和志愿者一道与物价局进行座谈，如果不行再上诉。重庆市物价局副局长刘卫东欢迎大学生到物价局核实具体价格，他说：“同学们的调查结果和物价局核定价格之所以差异大，很可能是因为同学们不知道其具体的操作环节。”刘副局长表示。律师赞赏公益诉讼愿当顾问针对诉讼人到底应该是高等教育自考办公室还是物价局的问题，律师蒲万纯和谢芸飞看法不一。谢芸飞认为，高等教育办公室收取学生费用，如果要诉讼自然要找他们。蒲律师表示，愿意和谢芸飞共同研究这场公益诉讼，同时对大学生们这种公益诉讼的行为表示赞赏，并愿当谢芸飞的法律顾问。     更多信息请访问：新浪四六级频道 四六级论坛 四六级博客圈特别说明：由于各方面情况的不断调整与变化，新浪网所提供的所有考试信息仅供参考，敬请考生以权威部门公布的正式信息为准。,5,7,0.9889266490936279
传四六级明年变脸大学生今年忙赶考时报讯 (记者 薛冰 实习生 罗伊珊)近日网上有消息称，2009年英语四六级考试将“大变脸”，全国将有1000个考点试点“机考”，且加大对英语听力的考核力度，不少学生对此很是担忧，纷纷在今年挤报四六级考试。网上传闻：2009年四六级考试试点机考消息称，明年全国英语四六级考试，通过听力来完成的考题比重将增大，作文内容也将可能由听力材料提供；2009年，全国将有1000个考点试点用计算机答题，四六级考生将实现随到随考。采用机考后，题型将发生很大变化，英语作文也将探索“听力＋作文”的模式，考生需要听一段听力材料，根据材料的要求进行写作。听力材料将主要来源于媒体新闻和信息。另外，为了增加对学生说的能力的考察，机考还有可能给一段语音材料，让学生复述，从而考察学生的发音和英语表达能力。目前，具体有哪些高校参与试点还未确定。但机考将成为四六级考试发展的必然趋势，有望在全国推广。学生：“机考”充满不定数，扎堆挤报最后常规考华南师范大学英语教育专业的小黄报考了今年6月份的六级考试，她很早就在网上看到了2009年四六级考试改革的信息，“不知道是真是假，学校老师也没跟我们提过，加大对听力考核力度对我来说问题不大，但担心真要机考会不适应，影响成绩，还是今年先考了吧，以免夜长梦多。”小黄身边不少同学都已报考了今年的四六级，大家都抱着同样的想法。小黄说，新的考试方式符合社会要求，现在企业对员工英语听说能力要求越来越高，四六级是一个契机，考生以此为动力努力提高自己的英语听说水平，对将来是有帮助的。“早知道我就报考今年四级了！”广东工业大学大三的小君后悔莫及。记者采访得知，跟小黄、小君有一样想法的学生不在少数，他们担心对听力考核的加重会降低他们的得分，担心机考会降低通过率。“今年最后一次考试学生可能会一窝蜂地去挤考！”省教育考试院：未接到相关文件通知，考生不必过分紧张广州大学外语学院徐副院长告诉记者，他也曾听闻明年四六级考试全国将有一千考点试点机考，但到目前为止仍未接到相关部门的文件通知，且哪些高校参与试点还未确定，考生不必过分担忧。省教育考试院相关负责人也表示，目前广东省尚未接到四六级新考试方式的文件通知，广大考生不必过分紧张，认真、安心地做好常规考试的复习工作即可。     更多信息请访问：新浪四六级频道 四六级论坛 四六级博客圈特别说明：由于各方面情况的不断调整与变化，新浪网所提供的所有考试信息仅供参考，敬请考生以权威部门公布的正式信息为准。,5,7,0.961707592010498
历年大学英语四六级真题及作文题汇总    更多信息请访问：新浪四六级频道 四六级论坛 四六级博客圈特别说明：由于各方面情况的不断调整与变化，新浪网所提供的所有考试信息仅供参考，敬请考生以权威部门公布的正式信息为准。,5,9,0.4921473264694214
"英语四六级考试将至 西安有人兜售“短信手表”本报讯 (记者 张小乙 实习生 赵崇霖 郭秀娟) 今年全国英语四六级考试将在6月下旬进行。随着考试的即将到来,一些新的高科技作弊设备应运而生，其中一种被叫作“短信手表”的作弊工具在我市出现。一位不愿透露姓名的大学生日前向记者反映，四六级英语考试将在6月21日和22日进行，在我市一些高校周围的电线杆和校园内一些公厕门上，出现了不少销售各种考试作弊工具的野广告，其中有一种叫“短信手表”的作弊工具。据他说，这是今年“新推出的设备”。为了搞清这种所谓“短信手表”的真相，昨日，记者以买家的身份，与一个野广告上留的电话取得联系。一个小伙子说，“短信手表”是今年推出的“新产品”，各类考试都可以用，它“效果好，还反屏蔽。用它考四六级保准畅通无阻。”他还称，一套工具加考试答案售2000元，“若要得多，价钱还可以商量。”采访中一些学生对记者表示，这种考试作弊用的新“设备”，不仅给监考带来难题，更严重影响考试的公平性。他们希望有关部门对这种作弊工具严查严罚。     更多信息请访问：新浪四六级频道 四六级论坛 四六级博客圈特别说明：由于各方面情况的不断调整与变化，新浪网所提供的所有考试信息仅供参考，敬请考生以权威部门公布的正式信息为准。",5,7,0.5357816815376282
大学英语四六级考试各部分算分标准    更多信息请访问：新浪四六级频道 四六级论坛 四六级博客圈特别说明：由于各方面情况的不断调整与变化，新浪网所提供的所有考试信息仅供参考，敬请考生以权威部门公布的正式信息为准。,5,9,0.4866540729999542
四六级改分广告仍在高校泛滥 称改后可上网查声称只要交钱，就可更改大学英语四六级考试的分数。昨日，记者发现，这样的涮人广告，还在多个高校招摇撞骗。昨日上午，记者接到武昌某大学学生的投诉，称又有人在学校附近张贴了“四六级改分”的广告单。记者前往采访见到，广告标称可“解除你找工作、升学的后顾之忧”，并留下了联系电话和QQ号码，不时引来学生观看(如图)。记者以学生身份拨通了该电话，对方称有熟人负责登分，改后的分数可以上网查，改分要价是，四级450元，六级550元，先给50元押金，事成付全款。 记者假称要给英语四级改分，对方又称，四级改分还依“情况不同”，分为450元和2500元两个价位。出价450元者，由他们改动官方网站上的分数，操作手法是把低分考生的个人信息，覆盖粘贴到考高分考生上，这样就“改”成了高分；同时，他们会再给一张伪造证书，上面的分数与官方网站上的“高分”相同。“拿这个伪造的证书出去找工作，一点问题都没有，因为用人单位根本不会去学校查你四六级的分数，最多去网上看看，而网上已经被改好了，所以很安全。”该男子得意洋洋地说。至于出价2500元者，是通过考生所在学校教务处更改，以用来申请保研等。“证书9月10日左右就可以拿到，拿到证书以后再付钱。”该男子说，“你绝对放心，很多高校都有我们的客户。”    更多信息请访问：新浪四六级频道 四六级论坛 四六级博客圈特别说明：由于各方面情况的不断调整与变化，新浪网所提供的所有考试信息仅供参考，敬请考生以权威部门公布的正式信息为准。,5,7,0.47172021865844727
英语四六级考委会：220分以下无效全国大学英语四六级考试委员会负责人金艳表示，大学英语四六级考试中，考生成绩出现0分有两种情况：一种是考生总分低于220分，一种是考生缺考或被认定在考试中有作弊等违纪行为。220分以下为何计0分？金艳解释，大学英语四六级考试计分方式采用的是统计学方法，学生的真实成绩要经过加权、等值、常模转换等数据处理，转化成标准分。采用这种方法主要是为了利于广大师生和学校行政部门根据本校的教学实际，合理使用四六级考试的成绩和相关数据。“220分以下的考生在原始卷面上得分非常低，不具备应有的英语能力！”金艳说，从统计学上来说，220分以下属于“无效分数”，是没有任何意义的，因此计0分。她同时澄清，220分以下计0分不是出于节约人力或成本方面的考虑。对于考生提出的此举涉嫌剥夺考生知情权的质疑，金艳没有正面回答，只表示会就此咨询相关律师。如果考生要查自己的真实成绩，须凭学籍所在院校教务处出具的证明(含参加考试时间、考试级别、准考证号等)向全国大学英语四六级考试委员会办公室提出申请，各地考试管理中心不受理查分事宜。     更多信息请访问：新浪四六级频道 四六级论坛 四六级博客圈特别说明：由于各方面情况的不断调整与变化，新浪网所提供的所有考试信息仅供参考，敬请考生以权威部门公布的正式信息为准。,5,7,0.8128793835639954
"实用收藏夹：四级阅读高频词汇60个hold sth to account 与….对证，核实admit to 许可，允许appear to 似乎，好像apply sth to sth 把…适用于…ask for 要求assure sb of sth 使某人确信某事 ensure sb to do sth 保证某人做某事attach importance to = pay/ call attention to 关注，重视be based on 以…为基础be bound to 肯定，一定when it comes to 当谈论到…,涉及到…be concerned with 担心，忧虑contribute to 促成，造就be content with 对…满意cut back 消减be convinced of/that 相信，认为cope with=deal with处理，克服daily routine 日常生活devote to 投身于，致力于have difficulty in doing sth 做….有困难end up sth with sth 用…结束…be engaged in 参与，从事elementary school 小学be equal to 等同于，相当于expose to 暴露，接触to some /a extent 从某种角度far from 一点也不，根本不fail to 没能做成…at fault 有责任，有错误    更多信息请访问：新浪四六级频道 四六级论坛 四六级博客圈特别说明：由于各方面情况的不断调整与变化，新浪网所提供的所有考试信息仅供参考，敬请考生以权威部门公布的正式信息为准。",5,1,0.9169855117797852
教育部：四、六级口语考试25日起报名(记者 徐媛)昨日记者从教育部门获悉，2008年12月全国大学英语四、六级考试口语考试报名时间为10月25日9时至30日16时30分。考试日期为12月6日至7日(两天)。此次口语考试的报名资格为，参加2005年6月至2008年6月全国大学英语四、六级考试，且四级成绩为550分以上(含550分)或六级成绩为520分以上(含520分)；参加2005年1月(含)以前全国大学英语四、六级考试并已获得四、六级证书的在校学生，且四级成绩为80分以上(含80分)或六级成绩为75分以上(含75分)。口语考试采用网上报名方式。考生自主选择一个考点报名参加考试。湖南有湖南大学和湖南师范大学两所高校接受报名，因考点容量所限，报名额满为止。每名考生报名费为50元。考生必须首先登录网站www.cet.edu.cn网上报名。网上报名成功后，考生到所报考点进行现场缴费，领取准考证。考生只能选择一个考点报名。不得重复报名。    更多信息请访问：新浪四六级频道 四六级论坛 四六级博客圈特别说明：由于各方面情况的不断调整与变化，新浪网所提供的所有考试信息仅供参考，敬请考生以权威部门公布的正式信息为准。,5,7,0.9997407793998718
"收藏夹：四六级作文画龙点睛小谚语Do not halloo till you are out of the wood.没走出森林先不要欢呼.Look before you leap.三思而后行.To pay a person in his own coin.以其人之道,坏治其人之身.Practice makes perfect.熟能生巧.Practice what you preach.言行一致.Pride will have a fall.骄者必败.In prosperity think of adversity.居安思危.Two heads are better than one.一人计短,二人计长.Well begun is half done.良好的开端是成功的一半.Time and tide wait for no man.岁月不待人。Speech is silver,silence is gold.雄辩是银,沉默是金.As a man sows,so he shall reap.种瓜得瓜,种豆得豆.All good things come to an end.天下没有不散的筵席.Man proposes, God disposes.谋事在人，成事在天.Even Homer sometimes nods.智者千虑,必有一失.No competition, no progress.没有竞争,没有进步.It’s dogged that does it.世上无难事,只怕有心人.     更多信息请访问：新浪四六级频道 四六级论坛 四六级博客圈特别说明：由于各方面情况的不断调整与变化，新浪网所提供的所有考试信息仅供参考，敬请考生以权威部门公布的正式信息为准。",5,1,0.9907522201538086
收藏夹：六级写作常用的8种强调方式一、用形容词“very”，“single”等表示强调 Red Army fought a battle on this very spot. 红军就在此地打过一仗。Not a single person has been in the office this afternoon. 今天下午竟然没有一个人来过办公室。二、用反身代词表示强调I myself will see her off at the station. 我将亲自到车站为她送行。You can do it well yourself. 你自己能做好这件事情。三、用助词“do”表示强调The baby is generally healthy， but every now and then she does catch a cold. 那孩子的健康状况尚好，但就是偶尔患感冒。Do be quiet. I told you I had a headache. 务必安静，我告诉过你，我头疼。四、用副词“very”，“only”，“even”，“too”，“just”等表示强调He drank it to the very last drop.他把它喝得一干二净。Only in this way can we wipe out the enemy troops. 只有用这样的方法我们才能消灭敌军。He didn’t answer even my letter.他甚至连我的信都不回。I will too go! 我要去的!The scenery is just superb. 风景真是美极了。特别说明：由于各方面情况的不断调整与变化，新浪网所提供的所有考试信息仅供参考，敬请考生以权威部门公布的正式信息为准。,5,1,0.9609846472740173
"《欲望都市2》剧中女主角们昂贵的装备Samantha 金色深V背 Naeem Khan礼服价值$6,930。Charlotte 手提Nancy Gonzalez 鳄鱼皮手袋($3,380)，身着Oscar de la Renta 丝绸荷叶边无袖连衣裙。即便是烤面包时，Charlotte也穿的是Valentino的高级衬衫，外罩的“Bakers Delight”围裙来自Anthropologie。我们同样不能相信Miranda在迪拜疯狂地花去5位数卖了手上这个24 K金的 Yossi Harari 手镯。",6,8,0.728471040725708
范冰冰 在梦想的仙境一路漫游“演员梦”——范冰冰前传：妈，我要当演员！要了解一个人，就该了解她的成长背景。烟台是范冰冰15岁以前生长的城市。她父母都是有文艺追求的人，只是最后没有走上成名成家的道路，所以把希望都寄托在女儿身上了，家境不富裕的条件下，还花5000块钱买了架钢琴。小时候的她，除了音乐天赋还有些运动天赋，初二的时候能跑全程马拉松，但是她讨厌枯燥的训练，所以在音乐老师和体育老师选苗子的时候，她选择了音乐。但她又是那种喜欢尝试新事物的人，仗着小聪明，陶醉于什么东西一学就会的快感，再往下深究就没耐心了。父母曾经把她反锁在屋里练琴，她呢？哪里有压迫哪里就有反抗，踩着钢琴跳窗而出，投到同学们的怀抱中，她当时是那一片儿的孩子王。当时在学校里有不少追求者，他们的手段都很低端，就是把她自行车胎扎漏，然后在她推车回家时站出来帮忙。她爸想老这么修车也不是个事儿啊，万一遇见坏人呢，就每天开摩托接送她上下学。结果有一次他们俩被一个新手司机撞到，还在车下被拖行了18米，从地上拉起来时，已经是两个血人。幸亏都没受致命伤，她在医院里躺了3个月出院了。不过这3个月让她错过了升学考试，接下来要么是重读一年再考，要么是去谢晋在上海办的影视学校，她选择了后者。如果喜欢一个人，我有这个能力让他主动来追求我，而且不需要什么眼神、动作之类的暗示，我会让这个人觉得我很可爱，绝不扭捏。“爱情梦”——男人：白马王子其实不可靠，不给劲儿确实是，每个女孩在成长期里都会对男人有不同的期待，都会变。比如我小的时候就喜欢琼瑶式的哥哥，马景涛、刘德华那样的白马王子，长大后，觉得白马王子有时候不太顶事，不可靠，不给劲儿。然后就觉得，应该找对我的人生态度起一些引导作用的人，很踏实，或者就是他的人品要好。我喜欢话少但言之有物的人，而且很喜欢看一个男人认真工作的样子。“品牌梦”——工作室：范冰冰这个品牌，有很多切割面采访前一天，范冰冰刚从陈凯歌新片《赵氏孤儿》的开拍仪式上回来，据说由于明星扎堆，当地群众的反应过于热烈，搭起的媒体台都给踩塌了。于是疑问产生了，范冰冰为什么总能得到最好的机会？“不是我选这个戏，是这个戏选了我，我觉得自己很幸运，陈凯歌是我很尊敬的导演，因为我最喜欢的一部中国电影就是《霸王别姬》，我已经看了十几遍了，一直到去年我从国外回来的飞机上在放，我还是可以不睡觉再看一遍。我对他个人是有崇拜的，特别我现在自己在做工作室，这次合作也是很好的学习机会。”[后记]采访时，范冰冰就坐在我们对面的沙发上，双腿盘起，两手拨弄着脑后的马尾。绿色波鞋里冒出一小截咖啡色棉袜，袜筒处绣着一只大大的泰迪熊。她右手边，是戴着耳麦、身材健壮、宛若黑衣保镖的经纪人——这情景，好像她不是老板，而是被名利劫持的无辜少女。 说话间，她好看的浆果嘴唇慢条斯理地开了又合，一边施施然用手捏起一片湿纸巾，拼命揉搓起画了浓重眼影的眼周——于是我们立马就看见了两只千载难逢、正面全裸的熊猫眼圈。此时此地，是夜半零时，小汤山，五环外。影棚外荒村寂寂、黑影重重；影棚内，除了范老板还在侃侃而谈，助理人等早已东倒西歪——不享受阳光、不习惯闲适的她，仿佛就是为了这个时刻而生，且极适合在这个缺少光明的世界生存，小小梦游。,6,2,0.9989956021308899
巴西总统访华力推金砖集团 挑战美元霸主地位巴西领导人很想加强与“金砖四国”中其他国家的关系，进一步挑战美元的霸主地位国际先驱导报记者于冬发自北京 “尽管金融危机的‘震中’也许位于发达国家，但伦敦峰会让我们清楚地看到，如果没有发展中国家的参与，克服危机无从谈起。”5月19日上午10时许，巴西总统卢拉雄辩的调门响彻中国社会科学院礼堂的每一个角落。卢拉总统对资本主义的“反叛”立场一如既往，但与伦敦金融峰会上痛斥“蓝眼睛的白人惹起了危机”相比，言辞却温和了许多。卢拉总统此次访华恰逢6月15日将在俄罗斯举行的上海合作组织与“金砖四国”峰会前夕，“金砖集团”的倡议自然备受关注。“铁嘴”抨击资本主义“对我来说，资本主义从来就不是一个抽象的概念。它是日常生活中真实而又具体的一部分。我的童年和许多来自贫穷家庭的男孩没有任何的不同：非正式的工作；非常少的正式教育。我惟一的文凭是机床操作员。”在会议举办方分发的材料中，卢拉总统介绍了他对资本主义最真实的理解。很难想像眼前这位神采奕奕的总统，几十年前却是一名来自社会最底层的“工厂男孩”。社科院一位与会的研究员告诉《国际先驱导报》，“在拉美左派领导人中，卢拉和委内瑞拉的查韦斯总统都以‘铁嘴’批判资本主义和美国而闻名，但不同的是卢拉说过之后，一定会付诸行动。”早在4月初卢拉总统就撰文呼吁发展中国家停止使用美元进行贸易，以减少进口国和出口国的开支。“将美元当作参照货币并给某一个国家印制这种货币的权力，这种情况实在荒谬。”如今，卢拉总统的提议正逐渐变成现实。英国《金融时报》5月19日透露，中巴“双方已开始商谈设立一个新体系，让中国和巴西用自己的货币进行贸易，而不是美元”。层层推进巴西大国梦无疑，中巴抛开美元直接进行贸易符合双方的利益。今年4月，中国首次超过美国成为巴西第一大贸易伙伴，作为富有活力和经济互补性很强的两个大国，中巴在包括能源、航空、旅游和矿产开发等领域的合作持续加强。中国人民银行的吉女士向《国际先驱导报》介绍说，“中国同巴西的经济关系发展迅速，相比之下，几年前我们单位绝对不会受邀出席这种类型的演讲会议。”环顾四周，记者发现会场早已坐满了各界人士，有穿着严肃的政府官员、态度和蔼的学界人士、衣着考究的商业精英，以及后排忙碌的新闻工作者，足有四五百人。窥一斑而见全豹，中巴关系已经进入了一个战略合作的新时代。但是，卢拉总统的主张远不止于中巴双边之间。“新兴国家被动反应的时代一去不返了。像巴西和中国这样的国家应该更多地参与到诸如国际货币基金组织、世界银行和金砖四国等机构的决策过程之中。”卢拉总统在演讲中再次提及构建“金砖集团”的主张。其实，在巴西政府决策层中一直存在着“金砖集团”的政策构想。2003年，卢拉总统上台伊始就提出巴西、中国、俄罗斯、印度、南非五国对话机制，但最后只实现了俄印巴三国对话。巴西外交部长阿莫林多次撰文指出，“金砖集团”不仅是一个统一行动的经济组织，它还应是一个政治集团，通过这种整合的力量推动国际秩序的平等和民主，实现世界格局的重组。社科院拉美问题研究所巴西问题专家周志伟告诉《国际先驱导报》，卢拉政府近年来之所以不遗余力地推行“金砖集团”，是想借助四国的整体力量，巴西政府尤其看重中国的经济和政治影响力，以此融入到世界经济新秩序，甚至获得“入常”问题上的支持，从而进入国际政治规则的决策核心。西方不满“金砖集团”倡议“我们通过艰辛的劳动积累起2070亿美元的外汇储备，让我们免受产生于资本主义中心、威胁着全球经济结构的金融危机最糟糕的影响。”卢拉总统的看法引起了与会者的广泛支持。中国人民银行的吉女士不无感慨，“如今，穷人借钱给富人花。不但要承担各种借款风险，还要忍受对方苛刻的借款条件。”无疑，建立公正合理的国际经济新秩序势在必行，但西方世界对“金砖集团”却心怀芥蒂。新美国基金会政治学家帕拉格·康纳指出，“金砖四国”一词是高盛公司经济学家创造出来的，它并不是一个现实的同盟。四国的经济参差不齐，缺乏合作的经济和政治基础，“金砖四国”集团很不现实。英国广播公司认为，巴西领导人很想加强与“金砖四国”中其他国家的关系，进一步挑战美元的霸主地位。英国《金融时报》5月18日断言，“金砖四国”虽有一定实力，但还远不是一个“志同道合”的机制，无法形成共识与合力。《华尔街日报》则进一步分析称，除巴西有意借助中俄印的力量争取“入常”外，作为“金砖集团”成员的俄罗斯和印度也各有盘算：印度既想在“入常”问题上得到中俄巴三国的支持，又不愿因“金砖集团”而开罪西方；俄罗斯则因能源价格下降，外交底气不足，而欲借“金砖集团”组建没有西方影响的国家经济组织。对此，外交部发言人马朝旭19日表示，四国对话符合四国和国际社会的共同利益。这种对话与合作是透明开放的，不针对任何一方。【链接】金砖四国“金砖四国”（ＢＲＩＣ）包括巴西、俄罗斯、印度和中国。ＢＲＩＣ恰好是上述四国英文名称首字母缩写，因其发音类似“砖块”一词，故得名“金砖四国”。推荐《国际先驱导报》博客：http://blog.sina.com.cn/m/xqdb,7,1,0.9997105002403259
组图：高雄市长陈菊参观上海洋山深水港5月24日，陈菊在上海洋山深水港展示中心参观。当天上午，在上海市参访的高雄市市长陈菊一行来到洋山深水港进行参观并了解港口运行的有关情况。(中国台湾网 田云鹏 摄),7,6,0.5273017883300781
我国科学家培育出世界首个猪干细胞人民网科技北京6月3日电 (记者赵永新) 我国科学家在世界上首次把来自猪的体细胞(不是精细胞或卵细胞的细胞)诱导转变成多能干细胞——这种细胞就像胚胎干细胞一样，有能力发育成身体中的任何类型的细胞。这也是全世界首次使用有蹄类动物的体细胞培育出多能干细胞，可能为建立人类遗传病模型、培育供人类器官移植的转基因动物以及开发耐受猪流感等疾病的猪开创一条道路。这项研究是中科院新创刊的《分子细胞生物学报》今天在网上发表的第一篇研究论文。该杂志主编李党生教授评论该研究时说：“这项研究非常令人激动，因为它代表了培育有蹄类物种的多能干细胞的首次严格证明，这将为培育出精确的转基因动物用于研究、治疗和农业用途提供的机会。”该成果是中科院上海生物化学与细胞生物学研究所的肖磊博士带领干细胞研究组完成的。他说：“迄今为止，科学家在利用早期胚胎培育有蹄类动物的多能胚胎干细胞方面做了很多努力，但是没有成功。这是世界首次培育出有蹄类动物的多能干细胞。因此，这项研究是全新的、非常重要，而且对于人类和动物健康有许多应用。”肖磊及其同事通过使用转录因子重编程了来自一头猪的耳朵和骨髓的细胞，从而成功培育出诱导多能干细胞。通过一种病毒把这些重编程因子的混合物引入细胞中，这些细胞发生了变化并在实验室中发育成了胚胎样干细胞。进一步的测试证明了它们确实有能力分化成胚胎的三层(内胚层、中胚层和外胚层)的细胞类型——这是所有胚胎干细胞都具有的能力。从成功培育出诱导多能干细胞(iPS细胞)获得的信息意味着科学家继续培育来自猪或其他有蹄类动物胚胎的胚胎干细胞(ES细胞)将变得更加容易。肖磊说：“猪的多能干细胞有许多用途，诸如准确改造用于器官移植治疗的转基因动物。猪在形态和功能方面与人类相当类似，而且器官尺寸与人类器官在很大程度上类似。我们可以使用胚胎干细胞或诱导干细胞修改猪的与免疫有关的基因，从而让猪的器官与人类免疫系统兼容。然后我们可以使用这些猪作为器官供体为患者提供器官，而不会引发来自患者自身免疫系统的有害反应。”“猪多能干细胞系还可以用于建立人类遗传病的模型。许多人类疾病，诸如糖尿病，是由基因表达障碍造成的。我们可以修改干细胞中的猪的基因，并培育出携带同样基因障碍的猪，从而让它们具有和人类患者类似的症状。然后就有可能使用这种猪模型开发治疗这种疾病的疗法。他举例说，为了应对猪流感，可以培育出一种准确的转基因猪，从而改善它对这种疾病的耐性。我们首先可以找到一种具有抗猪流感活动或者抑制猪流感病毒增殖的基因；然后，可以把这种基因通过多能干细胞引入到猪的体内——这个过程被称为基因”敲入“，从而实现这一目标。另外，由于猪流感病毒需要与猪细胞膜上的一个受体结合才能进入细胞并进行增殖，我们可以通过对猪诱导多能干细胞进行基因打靶从而敲出这一受体。如果这个受体消失了，这种病毒也就不会感染猪了。此外，肖磊说他的发现可以用于改善畜牧业，不仅可以让猪更健康，而且还通过修改与生长有关的基因以改变和改善猪生长的方式，从而改善畜牧业。他的研究的下一阶段是使用猪iPS细胞产生转基因猪，从而为患者提供器官，改善猪的品种或用于疾病耐受能力。这些经过修改的动物可以是”敲入“的猪，即使用iPS细胞或ES细胞把一段额外的遗传物质(诸如一段人类DNA)转移给猪的基因组，或者是”敲除“的猪，即用这种技术阻止一个特定基因发挥作用。不过，肖磊强调说，潜在的医学应用可能还需要数年时间才能投入临床使用。,7,9,0.9959438443183899
陈竺：围堵甲型H1N1不存在反应过度甲型H1N1病毒变异性暂时不会很大，中国正在组织加紧生产达菲马晓华针对甲型H1N1的输入，中国政府对患者采取了一系列的隔离治疗，以及对其密切接触者进行为期7天的医学观察，曾有一种说法认为中国政府在应对甲型H1N1流感方面，采取的措施有点反应过度。昨日，在中国基因科学暨产业发展高峰论坛上，卫生部部长陈竺首次作出回应：“我们国家现在之所以采取了重要的围堵战略，就是为了我们的技术储备、物质储备，包括疫苗生产，来赢得时间和空间，同时也是为了体现我们对全球防疫的贡献，这里面并不存在反应过度的问题。”此前世界上出现了3次流感大流行，只有1918年的西班牙流感出现了三个波峰。其中，第二个波峰的病毒杀伤力和致死率严重高于第一波，第三波也呈现了较为严重的杀伤力，其他两次流感仅出现了两个波峰，且第二个波峰的杀伤力似乎不是很强。但是，对于甲型H1N1流感病毒的未来表现，依靠现有的科技似乎还不能预测它的未来，仅能靠时间来验证。为了防患于未然，世卫组织一直在强调预防的重要性。“我们之所以如此重视第一波的防范，是因为如果一个病毒在人群扎根的话，它的变异将会更加容易。”陈竺表示，“同时，我们现在高度警惕这个病毒会不会跑到南半球去，因为南半球现在已经入冬了，季节性流感已经开始，如果甲型H1N1与季节性流感重配，第二波可能会提早到来。”世卫组织此前也提醒中国，中国不仅有季节性流感，而且由于中国所处的地理生物环境，成为野生鸟类重要的迁徙路线之一。高致病性禽流感H5N1病毒还隐藏在中国土地上之时，“如果这两个病毒发生重配的话，可能会带来严重的后果。”陈竺担忧地说。虽然高致病性禽流感H5N1的传染性并不强，但是病死率却在60%以上，甲型H1N1虽然目前表现得比较温和，无论是致病力还是传染力，表现得还不是那样强。但是随着南半球进入冬季，季节性流感开始流行之后，甲型H1N1流感病毒的变异几率也开始增大。陈竺表示，虽然在我们国家还没有发生大规模暴发的状况，但是我们仍然采取围堵战略，包括对输入性病例、社区病例的强有力的检测，目的就是为了减轻第一波的冲击。“目前中国对分离的四种病毒进行了全序列的测定，结果显示甲型H1N1病毒变异性不会很大，暂时还不会变成一个杀伤力很大的病毒。这对于疫苗生产是一个好事，不会说疫苗生产出来之后，病毒就变异了。”陈竺表示。据了解，最近国际组织企业在世卫组织的协调下，已经确定了可以用作疫苗的种子病毒株。陈竺说：“我们国家的相关企业将会立即收到这个种子，争取在国庆60周年之前给我们国家的重点人群和高危人群有可以用的疫苗。”“另外，我国正在组织加紧生产达菲，一定要赶在大流感发生之前。我们的工作要做在前面，把疫苗准备好，一方面我们执行行之有效的围堵战略，切断传染源，保护传染源，同时我们又通过疫苗和药物，来保护易感人群，这样就使我们国家比较从容地应对第二波。”据有关人士透露，达菲的生产已经进行了技术性储备，一旦甲型H1N1流感大暴发的话，我国政府将依法审批有关的专利实施的法制许可，为我国大量生产达菲等关键性药物放行。,7,9,0.9905095100402832
我国首例主动加入美知识产权诉讼案胜诉中新社北京六月八日电 (记者 王彤) 中国盐城捷康三氯蔗糖制造有限公司八日在此间召开新闻发布会表示，该公司主动应诉英国泰莱科技有限公司和美国泰莱三氯蔗糖公司美国国际贸易委员会(ITC)专利调查的判决最终取得胜利。这是自中国二OO一年加入世界贸易组织以来，唯一一家主动要求加入“三三七调查”并最终胜诉的中国企业。所谓“三三七调查”，是美国国际贸易委员会根据一九三O年通过的关税法第三百三十七条对外国产品是否存在知识产权侵权行为进行的调查。三氯蔗糖是一种甜度相当于蔗糖六百倍的新型甜味剂，应用于全球三千多种食品和药品中。近年来，中国三氯蔗糖产品出口发展迅速，引发了一些美欧生产企业的关注。二OO七年四月，泰莱公司为了保持其在全球三氯蔗糖市场的绝对垄断地位，以专利侵权为由，要求ITC对三家中国生产企业展开调查。捷康公司一开始并不是“三三七调查”这项中的被告，但鉴于美国国际贸易委员会有可能发出“普遍排除令”，捷康公司主动申请加入调查，以证明自身的生产工艺专利不侵权。通过严密的调查和取证，今年四月六日，ITC认定全球最大的三氯蔗糖制造商之一捷康三氯蔗糖制造有限公司没有侵犯糖业巨头泰莱声称的美国专利。根据美国规定，对于ITC的最终判决美国总统还拥有在六十天之内进行否决的权力。而截至六月六日，奥巴马并没有行使否决权，因此盐城捷康在此案中最终取得胜利。据了解，捷康公司在美国的整个应诉过程近两年时间，投入人民币二千多万元。中国商务部官员指出，近年来，许多案例表明，美国的“三三七调查”程序被许多跨国公司利用，成为其竞争策略之一。该案的胜诉表明中国企业科技创新意识、知识产权保护意识以及利用法律维权的意识都在不断增强。完,7,9,0.8210047483444214
中科院发布科技发展路线图2050年中国经济居首中国科学院10日在京发布《创新2050：科技革命与中国的未来》系列报告，为我国描绘了面向2050年科技发展路线图。路线图认为，在今后的10年至20年，很有可能发生一场以绿色、智能和可持续为特征的新的科技革命和产业革命。航天技术：2030年载人登月公布的中国科技发展路线图，其中2050年空间科技发展路线图明确提出，2030年前后，中国实现载人登月，建立月球基地，2050年前后，载人飞行从月球基地飞向更远的行星，具备载人登火星能力。这份最新出炉的中国2050年空间科技发展路线图称，空天科学与深空探测能力方面，2020年前后，探测器可达火星，2030年前后，深空探测器实现高效星际航行和高精度自主导航，可探测木星等火星以外的行星，2050年前后，深空探测器飞出太阳系进入宇宙空间。空天技术能力在载人航天方面，载人登月前，在2020年前后，突破人在近地轨道空间站长期生存保障技术，建立长期有人逗留的空间站。到2050年前后，中国还将突破激光超高速通信技术，建立以大型超压式高空气球为基础的平流层高空站，发展新一代平流层飞艇，并开展组网应用，使人们进入空间的方式更加廉价和高效。经济总量：2050年居世界首位发展路线图预测，2050年，中国经济总量将达到世界首位。中国目前的经济总量排在美国和日本之后，位居世界第三。中科院的路线图描绘了这样一幅愿景：2050年中国将进入世界中等发达国家行列，成为政治、物质、社会、精神、生态五大文明高度发达且高度开放的国家。2050年的中国，将是一个政治文明高度发达的国家，社会主义民主和法制高度完善，国家统一，民族团结，社会稳定，人民的政治权利和发展权得到充分保证，国家安全得到可靠保障。2050的中国，将是一个物质文明高度发达的国家，经济总量达到世界首位，人均GDP达到中等发达国家水平，经济保持持续、稳定、协调发展，科技创新能力居于世界前列，全体人民过上富足安康的生活。2050年的中国，将是一个生态文明高度发达的国家，人与自然和谐相处，生态环境退化得到有效遏制。据中新社,7,9,0.9130387902259827
南非媒体称中国公民可免签入境中新网6月19日电 据南非《华侨新闻报》报道，南非当地媒体Travel Daily News于6月11日报导南非政府将对中国公民提供免签证的优惠，记者经过多方查访，一直无法从南非官方与相关业者获得肯定的答案，不但移民局与内政部自己都不太清楚，而且相关业者也尚未获得这方面的信息，这个消息似乎还需要进一步的确认，到目前为止，最值得信任的消息似乎是内政部长所宣布的活动签证，中国公民究竟是否可以免签入境南非，似乎还是一个未知数。日前，该报曾就南非推出个人旅游签证，允许中国游客以个人名义赴南非旅游一事进行过报导。很多华人读者十分关心，纷纷来电询问相关情况，并对有传闻世界杯期间南非内政部会向前来观看比赛的球迷发放特别签证一事表示关心，该报于是对相关问题进行了近一步的了解。就南非联合会杯及世界杯举办期间球迷特别签证问题，南非内政部长Nkosazana Dlamini-Zuma日前表示，在联合会杯足球赛举办期间，政府将会试运行一种特别签证——Event Visa(活动签证)，便于各国球迷更为快速有效地前来南非观看比赛。南非计划在2010年世界杯期间正式发行此类签证，本届联合会杯也可看作是其试验阶段。联合会杯比赛期间，活动签证只在埃及试行，即只有埃及球迷有资格申请此签证前来南非。如果试行顺利，此活动签证将在2010年世界杯期间开放给各国球迷使用。此次申请签证的埃及球迷只要出示所持的门票，证明自己是为观看联合会杯比赛而前往南非即可。不同于申请普通旅行签证需时4到7个工作日，活动签证的办理只要很短时间，按Dlamini-Zuma部长的说法，球迷们“几乎立刻”就可以拿到签证，并且，该签证的申请是免费的。持有活动签证的球迷可以在出境南非时即接受检查以缩短出关时间，在入境南非时，机场也设专门通道供持有特殊签证的球迷接受检查。(何华),7,5,0.772826611995697
金庸将于月底正式加入中国作协本报讯 (记者吴波) 记者昨日从中国作协获悉，金庸或将在月底正式加入中国作协。据介绍，中国作家协会2009年度会员发展工作从2月份启动，经各文学门类专家咨询及征求团体会员推荐意见，中国作协书记处于6月17日进行审议，拟发展新会员409名，著名香港作家金庸也名列其中，本次进入公示名单的女性作家比例比往年有提高。记者了解到，审议完成后，409名有资格加入中作协的作家名单还将公示一个星期，时间为：2009年6月18日至2009年6月24日。中作协表示，如果公示名单中有涉嫌抄袭他人作品者，可公示期间举报。举报时需提供：侵权者姓名、侵权作品名称、侵权作品首次发表的报刊或出版社名称、被侵权者姓名、被侵权作品名称、被侵权作品首次发表报刊或出版社名称，以及侵权作品与被侵权作品的雷同内容等。记者了解到，本次进入公示名单的香港、澳门作家共7人，香港：张思鉴(张诗剑)、周密密(周蜜蜜，女)、查良镛(金庸)、蔡益怀。澳门：吴志良、李观鼎、廖子馨(女)。而广东作家列入发展公示名单的共17人，分别是：卢锡铭、刘美松、孙丽生、何霖(布依族)、吴淑平、张吉刚、张煌新、李容焕、陈玉春(女)、陈雪、周铁株、於文喜、林渊液(小隐娘，女)、郑集思、赵小敏(女)、黄萍(女)、滕叙兖(老藤)。,7,2,0.6331708431243896
港媒称金庸主动申请加入作协 可能任名誉副主席中新网6月20日电 据香港《文汇报》报道，香港著名武侠小说大师金庸等7名港澳作家有望于本月底正式加入中国作家协会。这是自1997年香港回归以来，该拥有8000余名会员的正部级全国性团体首次吸纳港澳地区成员。消息人士称，鉴于金庸先生的文坛成就和崇高威望，他很有可能在通过一定程序后出任中国作协名誉副主席之职。中国作协日前在官方网站公示2009年度拟发展会员名单，在409人名单中，港澳作家7人。其中香港4人，除查良镛(金庸)，另3人张思鉴(张诗剑)、周密密(周蜜蜜，女)及蔡益怀皆为香港作家联会副会长。澳门的3人为身兼澳门基金会行政委员的学者吴志良、澳门大学中文系教授李观鼎、著名女作家廖子馨。据悉，金庸等人此次是本人主动申请加入中国作协，他们的入会程序亦与内地会员一致。在个人提出申请后，须由团体会员推荐，或个人会员二人介绍，再经作协书记处征询各方意见、召开会议审议批准，列入拟发展名单，最后张榜公示，若无发现涉嫌抄袭等不端行为，方可称为正式会员。入会后，港澳会员的权利义务亦与内地会员相同，有选举与被选举权，可参加作协活动，需缴纳会费。若无严重违法违纪，中国作协会员一般为终身制。消息人士称，鉴于金庸先生的威望及成就，他很有可能在入会后通过一定程序被推举为中国作协名誉副主席，该职位一般由拥有较高文学成就，并且在文坛上有较大影响的老作家担任，目前中国作协已有9名名誉副主席，包括王蒙、韦其麟、邓友梅、张炯、张锲、林默涵、贺敬之、徐怀中、翟泰丰。2009年度中国作协会员发展工作从今年2月份启动，共收到一千余份个人申请。作协书记处最终拟发展新会员409名，并于本月18日至24日公示一周，接受公众举报。本次进入公示名单的女性作家、少数民族作家比例比往年有所提高，同时还有以撰写《明朝那些事》闻世的网络作家“当年明月”入围。若全部通过公示，中国作协会员总数将增至8931人。金庸将加入中国作家协会的消息传出后，已在网上迅速散布。由于此前郭敬明等80后作家加入作协曾经引发争议，之后也曾有过韩寒炮轰“作协一直是可笑的存在”等风波，甚至经常在八卦新闻中露脸的宋祖德也是作协会员，不少金迷在网上发帖表示“中国作协越来越鱼龙混杂”，甚至不无激进地表示“这纯粹是小庙大菩萨”，“金庸晚节不保”。不过，也有一些比较冷静的金迷表示不必大惊小怪。金庸将于月底正式加入中国作协,7,2,0.6991226673126221
北京下月起上调工伤护理费本报讯 (记者温薷)下月1日起，完全丧失劳动能力工伤人员护理费将上调，最高调整额度达202.13元，凡在去年12月31日前享受生活护理费待遇的工伤人员皆在此次调整之列。北京市人力资源和社会保障局通告表示，北京市现已根据最新公布的2008年全市职工平均工资，确定了对今年工伤人员护理费的调整标准，生活完全不能自理的护理费标准调整数额最高，与目前正在执行的每月1661元相比，直涨202.13元。其他两种情况的调整数额依次为171.5元、120.88元。新标准拟从今年7月1日起执行。■ 具体标准伤后情况 调整后金额生活完全不能自理 1863.13元/月生活大部分不能自理 1490.5元/月生活部分不能自理 1117.88元/月,7,4,0.5444154739379883
香港富豪人数减少61.3%创历史最大跌幅也就一年的时间，全球富豪此前两年所累积的财富化为乌有。6月25日，美林全球财富管理与凯捷顾问公司发布的《全球财富报告》显示，至2008年底，全球的富豪(即拥有100万美元以上净资产人士)的财富总额下降了19.5%，跌至32.8兆美元，人数则减少了14.9%至860万人。而超级富豪(即拥有3000万美元净资产人士)的人数则下跌了24.6%。跌幅是空前的，全球富豪的人数与财富均跌至2005年底的水平以下，这意味着2006年与2007年累积增长的财富已全部蒸发。其中，中国的富豪人数在2008年底达到36.4万人，比2007年下跌了11.8%，但是排名却上升了一位，超越英国成为全球第四大富人集中地。而香港的富豪人数下降了61.3%至3.7万人，创下该排行榜有史以来最大的跌幅。美林全球财富管理大中华区董事总经理刘昌欣对本报记者表示，中国富豪的具体分布情况有待拿到更详尽的数据才能作出分析，该数据将在今年9月份公布，“中国是去年全球经济的一个亮点，强劲的增长使该地区富裕人士数量不会像一些市场那样大幅下跌。”香港财富集中地在股市香港富豪的数量下跌如此之大，美林的报告认为，原因在于香港拥有的股市市值与名义GDP的比率已达到极高的5.76，意味着香港特别容易受到股市下跌的影响，2008年香港股市市值下跌了49.9%。相比之下，该比率在新加坡仅为1.49，在美国则只有0.83。另外，香港原来的富豪中大部分属于100万－500万美元的财富级别，其中大部分人因为去年的损失而跌出了100万美元的门槛。刘昌欣说，香港的部分富豪所持有的股票比例越高，则受到的影响越大。去年香港市场上不少富裕人士因为累计期权(Accumulator)产品而损失惨重。“使用金融工具赚钱，就像是吃饭时可以用筷子，也可以用刀叉，只要市场有需求，产品就会存在。”刘昌欣说，今年以来资本市场整体复苏，除了原来已经投资的富裕人士会受惠之外，也会制造出更多的富裕人士。美林预计在2013年底全球富裕人士的财富将增长至48.5兆美元，年增8.1%。北美与亚太地区将随着美国消费支出增加以及中国经济的动力和自主发展，带领财富增长。而亚太地区也有望在2013年成为全球最大的富裕人士集中地。刘昌欣估计，从目前的趋势来看，到2013年中国富裕人士的数目可能会超过北美市场。根据统计，2008年底全球富裕人士最多的国家前三名分别为美国、日本和德国，占2008年全球富裕人士总数的54%。短期内继续保守投资策略美林全球财富管理亚太区投资策略师Stephen Corry对记者表示，去年全球富裕人士以资本保值为主，而非高回报投资。所以大部分富豪减少对股票的配置，转而增加了以现金为主的投资，并把资产转移到楼市。调查显示，2008年全球富豪们的股票投资由33%降至25%。根据美林的数据，去年全球股市市值暴跌接近50%，降至1999年的水平，尤其是9月份之后全球股市同时重挫，其中美洲下跌42.9%，亚太地区下降53/5%，欧洲、中东和非洲地区的跌幅也达到51%。而中国股市在之前的年度上涨了291%之后，更下挫了60.3%。由于传统的股市分散投资策略不奏效，因此全球投资者纷纷转入固定收益市场，目的在于保障资本，而非赚取回报。因此，固定收益投资占全球富豪的投资组合的比例在去年底达29%，高出2007年2%。结果美国国库券在2008年的表现超越其他所有的债券，以总回报来看上涨了13.9%。同时，由于对复杂的投资产品心有余悸，全球流进货币市场基金的金额高达4550亿美元以上，导致富裕人士的现金或存款大幅增加，占整个投资组合的比例从17%升至21%。比如，亚洲除日本以外的其他国家，富豪们持有现金类资产的比例高达26%，而在2007年这一比例只有5%。此外，物业投资占富豪的净资产比例从14%升至18%，因为富豪有寻找低价房的趋势，特别是在商业不动产与新建房市场，以及住宅物业。此外，规避通胀风险可能也是刺激富豪购置房产的另一大因素。2008年，豪宅的价格跌至2003－2004年的水平，也刺激了不少富豪购置。尽管短期内仍然是保守投资策略当道，不过，Stephen Corry预计，未来富豪们的投资趋势将会改变，至2010年富豪们持股票的比例将增加至28%，而物业方面的投资则会减少至15%。记者 谭璐,7,1,0.998472273349762
江苏盐城大面积死鱼与天气水质有关(图)中新网盐城7月3日电 (于从文 童盛) 记者今天从江苏盐城射阳县政府办获悉，六月三十日晚盐城市新洋港大面积死鱼的原因已排除人为因素，而是与天气闷热、水质环境变差有关。六月三十日晚七时左右，江苏省盐城市新洋港河亭湖区黄尖镇段和射阳县洋马镇段十余公里河道共六千五百网箱鲢鱼、鲤鱼突然死亡。事发后，当地养殖户迫切要求有关部门调查鱼的死因。当时针对死鱼的原因，渔民们众说纷纭，或说夏季水温变化和河道浮游植物过多，水质富氧化严重，更多的说法则是上游企业暗自排污污染河道，使鱼中毒而亡。射阳县政府办周金德副主任在接受采访时表示，目前水样检测结果已经出来，水里并没有污染源物。鱼大面积死亡的主要原因是天气闷热，水质中的溶氧量偏低，且网箱养殖密度比较大。另外，六月二十八日、二十九日连降暴雨，而当地正处于农作物施肥期，导致部分含氮肥料流入河水中，使得氨氮有所超标。由于发生死鱼的水域水体已经发臭，影响到下游乡镇居民取水，下游所在地政府已经对饮用水源做了提前准备，进水的管道内的余水全部清理干净，自来水厂也能保证正常供水。,7,9,0.9974969029426575
八国集团峰会今起举行 将关注美元地位等问题中新网7月8日电 八国集团峰会今日起至10日在意大利地震灾区拉奎拉举行，期间将举行被称为“8+5”八国集团同发展中国家领导人对话会议备受关注，中国国务委员戴秉国将代表胡锦涛出席。据介绍，在金融危机背景下的此次会议，各方将主要围绕金融危机与世界经济复苏、气候变化、能源安全、粮食安全、国际贸易、发展特别是非洲发展等当前国际社会最为关心的问题充分交流看法，争取形成共识并以领导人共同宣言等形式体现。中方积极参与8+5对话会 有四点期待中国外交部副部长何亚非日前说，中国几年来积极参加了八国集团同发展中国家领导人对话会。今年的对话会，中方也一直在积极筹备，同各方保持沟通、磋商。中方希望，今年的对话会能取得积极的成果：第一，要在20国集团两次峰会的基础上，就合作应对金融危机、推动世界经济早日复苏，发出强有力的信号；第二，要促进八国集团同发展中国家之间的对话与合作，推动建立南北之间真正平等互利共赢的新型伙伴关系；第三，要推动国际社会关注金融危机对粮食和发展问题的影响，采取行动解决发展中国家特别是非洲国家面临的实际困难；第四，就气候变化和世贸组织多哈回合谈判进行协调，为年底召开的联合国哥本哈根会议能够达成共识、为多哈回合谈判能够取得突破，注入新的动力。专家解读G8峰会的三大看点中国现代国际关系研究院院长助理、研究员傅梦孜7日接受中新网专访时表示，这次G8峰会主要有三大看点：下届G20峰会的路线图、发达国家与发展中国家的对话以及美元的国际储备货币地位。首先，这次峰会可能要探讨下届G20会议的一些路线图，还有可能为年底哥本哈根的联合国气象变化会议做些准备。再者，这次会议是金融危机背景下发达国家与发展中国家对话的一次会议。虽然发达国家与发展中国家的对话早就开始，但是今年情况发生很大的变化。这次危机发生于发达国家，和以前几次东亚金融危机，俄罗斯金融危机不完全一样。这次是发达国家遭遇大危机，而发展中国家相对来讲状况要好一些。目前发展中国家整体的实力，特别是与会的几个大国实力都在迅速增强，所以双方将达成怎样的共识来尽快走出危机是值得关注的。最后是关于美元的国际储备货币地位。这次会议究竟是颠覆美元的主导地位，还是要保持它，或者到底要着眼于创立一种多元的国际主要储备货币，需要达成一种共识。虽然在会前就已经达成一些基本的共识，认为美元地位还是不可替代的，包括中国在内都认为美国仍然是国际主要储备货币。这次我们在G8峰会上面不一定能够看到关于美元储备货币地位命运的判断，但是这个看点我们大致可以看清楚一些脉络，还是相对来讲平息了前一段时期关于美元国际货币主要地位的一些疑惑。当然建立国际储备货币的多元化的努力可能会继续。G8与发展中国家在分歧中寻求合作从2003年起，G8峰会开始发展中国家代表参加。而最近几年来，发展中国家在国际事务中的作用越来越受到重视。傅梦孜认为，这次会议上，两者在减排等议题上可能存在分歧。他指出，关于气候变暖问题，发达国家和发展中国家都认为要对气候变暖做出贡献，但是发展中国家因能力有限，承担的义务须不同于发达国家，否则就得牺牲发展。比如美国的经济能源法案提出发展中国家2020年把碳排放降到1990年的20%到40%左右，这实际上相当于一个紧箍咒，有些国家可能就不能发展。这个法案在美国国内也是没有得到认可的，美国有一些传统的工业也可能因减排面临很大的压力，何况发展中国家。此外，傅梦孜认为发达国家与发展中国家在农产品贸易、农产品补贴以及推动多哈回合谈判的问题上可能都有一些分歧。不过，尽管存在分歧，但傅梦孜表示，在怎样评估刺激经济计划、对哥本哈根联合国气候变化会议做出原则性承诺、粮食安全和对发展中国家援助问题等方面，都有可能达成一些成果。应对挑战八国集团需做两点努力 中国人民大学教授、国际问题专家金灿荣日前在接受中新网记者采访时表示，八国集团峰会是在金融危机背景下进行政策协调的一个很好的时机。他说，与往届八国峰会相比，今年的八国集团面临发展中国家更为严峻的挑战。首次“金砖四国”峰会刚刚于六月在俄罗斯叶卡捷琳堡举办。中国国家主席胡锦涛、俄罗斯总统梅德韦杰夫、巴西总统卢拉、印度总理辛格参与了会晤。以此为契机，发展中国家之间的相互合作在不断增多，内部协调更出色，并在逐步实现对话协商的机制化、制度化。金灿荣指出，为应对发展中国家不断提高的利益诉求，八国集团需做出两点努力。首先要加强政策协调，其次要在重大国际问题上做出让步，让以金砖四国为代表的发展中大国发挥更大的作用，使现在的国际决策机制更具代表性。比如在国际金融体系改革问题上，要给发展中国家更大的发言权。在气候变化问题上，八国集团要更讲求公平，愿意承担较大的责任，摘掉八国集团被人诟病“口惠而不实”的帽子。中国积极参会但绝不当头 中国作为发展中国家代表之一，参加这次峰会。有外国媒体甚至认为中国是这次峰会的“主要玩家”。对此，傅梦孜表示，中国毕竟还是一个发展中大国，因此我们不能太飘飘然，或者承担自己难以承受的担子。金灿荣对此则分析说，无论是在金砖四国还是八加五对话中，中国的力量和影响力都是最大的，但是中国绝不当头。8+5对话中，比较积极的是南非、墨西哥等国，在金砖四国峰会中，比较积极的是巴西、俄罗斯两国。中国的特点是立足发展中国家世界，在其中促进沟通、加强协调。金灿荣说，在8+5对话中，中国对自己的定位很明确：中国是普通的1/5，并以发展中国家一员的身份来参会。胡锦涛与意大利总理贝卢斯科尼会谈胡锦涛同意大利总统举行会谈,7,1,0.5121259689331055
全国检察机关举报网络和电话统一化几年前，当中石化开发部原副主任程绍志因受贿罪领刑11年的时候，他或许没有想到，把他拉下马的，竟然源于一份网络举报。“2000年元月1日我们院率先在正义网开展网上举报，随后不久，一名留学生就举报程绍志受贿，没用多少时间，就查实了。”北京市人民检察院第二分院(下称“北京二分院”)控申处处长闫晓东日前在接受CBN记者采访时，回忆起该院接受电话、网络举报的过程，仍然记忆犹新。如今，全国检察机关的举报网络和电话正在走向统一化。6月22日，检察机关全国统一举报电话12309在最高检和部分省级检察院正式投入使用，其余省份将在年内陆续开通。最高检举报网站也自22日起正式更新网址为www.12309.gov.cn。“我们也正在向12309的举报电话和网站过渡。”闫晓东告诉记者。当日网站因浏览人数过多而瘫痪，电话因呼入数量过多而难以打通。一位检察系统的相关负责人在接受CBN记者采访时认为，将举报电话和网站都统一到12309，就像公安系统的110一样，可以方便举报人的举报，也有利于举报线索的集中和管理。在实现统一化之后，会扩大电话举报和网站举报的影响力。至于举报数量上是否会有突增，这位人士告诉记者：“由于12309的统一化工作刚刚开始启动，目前还没有统计”。群众举报的含金量程绍志的案发源于2001年2月15日收到的一封举报电邮。当天北京二分院检察长打开举报信箱之后，看到了一封署名的电子邮件举报信，其中详细描述了程绍志的受贿行为。邮件显示，时任中石化油田勘探开发部副主任的程绍志，在此前担任河南石油勘探局副局长期间，与中国国际企业合作总公司(下称“国合公司”)代理进口国外联合胶体公司的聚丙烯酰胺过程中，涉嫌接受该公司在北京的代理——北京立佳科技有限公司(下称“立佳科技”)总经理的贿赂，并列举了部分涉嫌犯罪事实。检察长立即派侦查员到北京市工商局查询了立佳科技的工商注册资料，但并未发现该公司与河南油田有任何关于聚合物的商业往来。但是，此后侦查人员侦查了国合公司1997年至1999年的所有进口报关单，进而查明了涉嫌走私的事实以及举报人举报的事实。同年6月21日，侦查人员在首都机场将从国外考察回国的程绍志抓获。无独有偶，让闫晓东印象深刻的还有一起关于中国财经报社一名主任贪污的案件，同样是因为被知情人举报之后，“检察机关用了一星期就查实了。”目前，类似案例在全国各地已不鲜见。在6月22日至26日的全国检察举报宣传周期间，全国各地检察机关展示了诸多因举报而成功查实的案例。福建省福清市检察院检察长陈秋官称，去年以来，该院共立案侦查各类职务犯罪案件39件41人，其中相当一部分案件线索是由群众举报的。据《检查日报》报道，上海市检察机关统计数据反映，近年来，在该市检察机关立案侦查的职务犯罪案件中，有40%直接来源于群众举报。依法分类处理信源据闫晓东介绍，北京二分院每年所收到的举报信息有上千条，这里面有些是属于纪委职权范围内的，有些则属于公安机关的职责范围。另外，根据法律所规定的管辖范围，有些是在分院管辖范围之内的，但是也有些是属于市检察院的，还有一部分是属于区检察院的。因此，检察机关收到举报信息后一个重要处理方式就是转。“按照不同的管辖部门和管辖范围，转交给相应的职能部门去处理。”闫晓东介绍说，对于实名举报，保证件件答复线索的去向或查办情况。最高检相关负责人在接受CBN记者采访时说，一般检察机关收到举报人举报之后，有专人负责案件的收集和整理，如果是其管辖范围之内的案件，要交给反贪机关进行侦查，否则，要转交至相应的部门。不过，闫晓东告诉记者，能够转到反贪局的案件在所有举报案件中所占比例并不大，“因为举报中不属于检察机关管辖的比较多，还有一部分是明显没有可查价值的案件。”闫晓东解释说，所谓没有可查价值的线索，一般都是举报人对于事实的描述没有提供任何有价值的线索或者证据，而只是情绪化的表达。对于此类线索，检察机关收到之后，会作为存查信息，先予以保存，如果后来还有针对相同人员的举报发生，会对前面的举报进行对照，如果有了事实、证据，检察机关会对其展开调查。这种做法在陈秋官口中被称为：“养”活暂不成案的线索，伺机而动。陈秋官所在的检察院用这个办法成功查处了以福建冠龙建筑工程公司董事长魏某为主要行贿人的系列贿赂窝串案。2008年，福清市检察院根据群众举报线索收集到了“十分有限”的涉案情报，当时尚不足以对其立案侦查。不过，该院继续经营这一线索，长时间密切跟踪，注意情报的收集、深化信息分析，慢慢掌握了大量翔实的信息。最终，该院查处了该领域商业贿赂窝串案20件20人，涉及科级干部8人，追缴赃款人民币105万余元。保护举报人难题闫晓东认为，举报工作对于查处职务犯罪有非常重要的意义。“腐败问题是社会问题，各个领域都有可能发生，如果仅仅凭借办案人员去查，范围非常狭窄”。但是，目前的举报工作也面临着不少困难要解决。闫晓东认为，其所在的北京二分院目前遇到的最主要的问题在于“人员的问题”：线索和案件太多，而人员太少。从一个线索查成一个成案，需要投入相当大的人力。这直接影响了侦查工作的顺利进行。闫晓东告诉CBN记者，在来信、来访、网站、电话四种举报方式中，“我们欢迎来访当面举报，其次就是实名举报”，他认为，这样更方便检察机关掌握更清楚的事实和证据，同时可以避免重复举报和多头举报。但是，并非所有举报人都愿意实名。上述上海市检察机关的统计显示，该市检察机关立案侦查的职务犯罪案件中，匿名举报仍占大多数。此前，CBN记者曾采访杭州的一起举报案件，其中举报人遭遇到严重的人身伤害。当时接受记者采访的相关法学专家和法官认为，各界一直希望出台专门的法律法规保护举报人人身安全。而最高检相关负责人在上月的检察举报宣传周期间曾表示，最高检将适时就举报人保护提出立法建议。此外，成案率偏低仍是举报工作的一大难题。湖北省天门市检察院检察长李序军近日在《检察日报》上撰文表示，近年来，经其所在的检察院初查的群众举报线索，成案率约为20%。李序军认为，群众知情途径有限，监督渠道不畅，权利保障不力是造成这一状况的主要原因。李序军认为，将12309电话整合为举报、控告、申诉、投诉“四合一”的受理电话，并与网络受理、信函受理和接访受理有机结合，是解决问题的重要方法之一。赵杰,7,5,0.6180359721183777
热带风暴苏迪罗可能12日在广东海南登陆(图)中广网北京7月11日消息（中国之声记者张蔚）今年第5号热带风暴“苏迪罗”于10日晨在菲律宾吕宋岛北部近海生成，今日（11日）14时移至广东湛江市东偏南约390公里海面上，风力8级（18米每秒），预计将以25公里每小时的速度向西偏北移动，可能于12日晨到中午在广东西部至海南北部沿海登陆，登陆时风力8至9级。该热带风暴有三个特点：一是生成区域离大陆近，距离广东汕头仅400公里。二是移动速度快，在海面上活动两天就登陆。三是不仅在南海海域形成较强风力，而且可能给沿海部分地区带来强降雨。国家防总高度重视热带风暴“苏迪罗”的防御工作。7月10日刚生成时，国家防总就发出通知，要求有关省区强化监测预报，加密会商，按照防台风预案，做好各项防御准备工作。7月11日上午，国家防总副总指挥、水利部副部长鄂竟平到国家防总防汛抗旱指挥中心了解汛情和防御热带风暴情况，部署有关工作。国家防总秘书长、水利部副部长刘宁主持召开国家防总异地视频会商会，进一步研究部署“苏迪罗”防御工作，并宣布国家防总启动防汛Ⅳ级应急响应。珠江防总、广东、广西、海南等省（区）防汛抗旱指挥部的负责同志参加了会议。刘宁强调，当前防御第5号热带风暴“苏迪罗”的形势严峻。此次热带风暴云系不对称，登陆后极可能造成强风、暴雨并发的不利局面。特别是前期降雨较多的广西、广东局地，江河底水位较高，部分水库超汛限水位，土壤含水量较大，热带风暴“苏迪罗”带来强降雨，将增加这些地区的防洪减灾压力。此外，热带风暴影响期间恰逢周末，沿海地区旅游人员多，也给热带风暴防御工作增加了难度。刘宁要求，各地、各部门要以对人民群众生命安全高度负责的精神，从正面登陆的最不利情况着手，强化领导，超常部署，周密防范，切实把各项工作做在前头、落到实处，尽一切可能避免人员伤亡，努力减少灾害损失。当前应重点做好以下几个方面的工作：一是高度重视，强化值守，加强联合会商，明确防御重点，落实防范措施，防止因休假、工作疏漏或措施不到位而造成重大人员伤亡。二是密切监视，强化预警，对热带风暴移动路径、强度变化、影响范围以及风暴潮增水等情况作出准确预报，对水情、汛情进行滚动分析和实时预报，多渠道、广覆盖、高密度地向社会公众发布预警预报信息。三是以防为主，强化措施，着力做好防强风、防大潮、防暴雨、防山洪、防内涝、防次生灾害的各项准备，加强对山洪灾害易发区、中小型水库水电站以及病险水库水电站的安全检查，及时排除隐患。四是以人为本，强化避险，把确保人民生命安全放在台风防御工作的首位，切实做好船只回港避风和海上作业人员、危险地区人员的转移避险工作，开展拉网式排查，该转移的人员必须及时安全转移。五是科学调度，强化保安，加强水库等水利工程的调度，加强监测，科学防控，充分发挥水库拦洪削峰错峰作用。病险水库、水电站，特别是前期蓄水较高和出现险情的水库，要降低水位或空库迎汛。,7,9,0.9544293880462646
数学家吴文俊等十位归侨侨眷当选侨界十杰中新网北京七月十四日电 (记者 王海波 张冬冬) 年届九十的中国科学院数学与系统科学研究院研究员、中国科学院院士、世界著名数学家吴文俊在十四日开幕的“第八次全国归侨侨眷代表大会”上当选“侨界十杰”。同时被中华全国归国华侨联合会、国务院侨务办公室授予“侨界十杰”荣誉称号的还有：神华集团有限公司总经理张玉卓，广东韶关钢铁集团有限公司主任工程师、高级技师罗东元，北京华腾东光科技发展有限公司高级工程师罗益锋，中国科学院海洋研究所研究员郑守仪，吉林大学汽车学院教授郭孔辉，国家体育总局体操中心副主任、国家级教练黄玉斌，海南省农垦总局副局长、南田农场场长彭隆荣，福建省光学技术研究所高级工程师赖爱光，中国航空工业集团公司北京航空材料研究院高级顾问颜鸣皋。此外，二十人被授予“全国侨界十杰”提名奖，九百六十人获全国归侨侨眷先进个人荣誉称号。胡锦涛、吴邦国、温家宝、贾庆林、李长春、习近平、李克强、贺国强、周永康等领导人为“侨界十杰”颁发荣誉证书。(完),7,9,0.9431841373443604
台当局开放大陆银联卡在台刷卡消费中国台湾网7月16日消息 据台湾《联合报》报道，台当局“金管会”昨天发布修正“两岸金融业务往来许可办法”，开放大陆银联卡在台刷卡消费。最快9月初大陆民众就可以持银联卡在台刷卡消费，将可提高大陆游客赴台观光、消费意愿，并为台湾每年新增1000亿元(新台币，下同)刷卡商机。岛内银行也将可办理相关收单业务，对收单银行的手续费年收益至少可多出20亿元的贡献。报道称，台当局“金管会银行局副局长”萧长瑞表示，办法发布生效后，“金管会”就可开始受理岛内收单银行、联合信用卡中心等申请，台湾的联合信用卡中心也要跟大陆银联公司签约，估计最快9月初银联卡就可进入台湾。大陆银联卡赴台使用研议多时，消算等技术层面问题一直待克服，昨天“金管会”正式发布相关规定开放银联卡赴台，也代表技术面问题都已解决。根据“金管会”昨天发布的两岸金融业务往来许可办法第二条及第七条之一修正案，明定岛内信用卡业务机构经主管机关许可者，可以与银联公司从事信用卡或转帐卡的业务往来。主要包括银联卡在岛内刷卡消费的收单业务，以及交易授权与清算业务等两项。至于岛内银行发行银联卡的发卡业务则未开放。(高大林),7,1,0.8446105718612671
银监会重申二套房贷执行四成以上首付比例本报北京7月23日电 (记者欧阳洁) 银监会新闻发言人廖岷今天表示，银监会始终严格执行二套房贷的有关政策不动摇，坚决打击“假按揭、假首付、假房价”等行为。对二套房贷款业务中的各种违规问题，一经发现，将及时予以严肃处理。对购买首套普通自住房和人均住房面积低于当地水平，再申请贷款购买第二套用于改善居住条件的普通自住房的居民优惠政策不变，但绝不可延伸适用。对二套房贷款，银监会始终要求商业银行坚持执行40%及以上的首付比例，这一政策从未进行调整。,7,1,0.9456308484077454
北京公租房暂不对非京籍人士开放本报讯 下周一起，取得廉租房、经适房、两限房资格的家庭无须再次申请，经过登记即可进入公共租赁住房(以下简称公租房)轮候范围。昨天，《北京市公共租赁住房管理办法(试行)》正式发布，自8月1日起实施，首先解决已取得政策性住房资格但暂时无力购房者的住房困难和过渡住房需求。非京籍住房困难者暂不能享受这一优惠政策。    公租房租金低于市场价公租房是指政府提供政策支持，限定户型面积、供应对象和租金水平，面向本市中低收入住房困难家庭等群体出租的住房。公租房将按照保本微利的原则并结合承租家庭负担能力和同类地段类似房屋市场租金一定比例下浮确定租金。公租房的维修、养护、管理由产权单位负责，产权单位也可以委托专业服务企业管理。“政府支持、市场运作、公平公开、严格管理是公租房的基本原则。”市住房和城乡建设委员会委员徐志军表示。今年购建50万平方米公租房由市区县政府所属机构或政府批准的机构通过新建、收购等方式多渠道筹集。按照本市住房建设计划，今年将收购建设50万平方米的公租房，主要位于大型公交枢纽等交通便利区域，以一、二居小户型为主。公租房建设用地实行有偿使用，其中对于政府所属机构或政府批准的机构建设的，用地可采取租赁方式，按年缴纳土地租金。“第一批公租房中不仅有新建的还有配建的，以及政府回购的公租房，市民不用等待太久就可以住进公租房。”徐志军说。受益群体获得政策房资格可登记轮候公租房主要针对本市中低收入住房困难家庭，包括已通过廉租房、经适房和两限房资格审核尚在轮候的家庭及其他住房困难家庭。据悉，截至6月底，本市廉租房受理居民申请2.6万户，经适房5.6万户，两限房5.2万户；通过审核备案的，廉租房2万户，经适房4.6万户，两限房4.2万户。已通过资格审核正在轮候的家庭，可直接到户籍所在地街道办事处或乡镇政府申请轮候公租房。公租房实行公开配租制度。符合廉租房、经适房、两限房申请条件及家庭中有60岁(含)以上老人、患大病人员、残疾人员、复转军人、优抚对象或重点工程拆迁的优先配租。符合配租条件的家庭只能承租一套公租房，不能同时享受廉租房、经适房或两限房等政策性住房。市住保办政策计划处处长崔少飞解释，取得了“三房”审核资格，实际上就具备了公共租赁房的租赁资格。非京籍夹心层暂不享公租房此前有消息称公租房将首次面向部分住房困难的非京籍人士，但此次公布的政策并未将这部分人纳入其中，供应对象仍限定为京籍。“其实公租房并没有新的准入标准，而是与政策性住房共用一个标准，这部分人需求强烈，审核基础完善，政策在试行阶段主要是解决这些人的住房困难。随后，根据试行情况完善细则和办法，逐步将其他住房困难人群纳入进来。”崔少飞表示。随着廉租房、经适房、两限房政策的实施，本市大多数中低收入家庭住房困难得到了解决，但仍有部分中低收入家庭既不符合廉租房条件，又无力购买经适房或两限房，政策的第一步就是解决这些人的住房困难。退出机制租满5年条件复核后可续租公租房租赁期限最长5年，合同期满承租家庭应当退房。需续租的，应在合同期满前3个月内提出申请，由产权单位会同相关单位复核，符合条件的续签租赁合同。承租家庭不符合承租条件但暂时不能腾退房屋的，租赁合同期满后给予两个月过渡期，过渡期内按市场价收取租金。过渡期届满后承租家庭仍不退房的，按房屋产权单位规定的标准收取租金，具体在租赁合同中约定。“这就是用经济的手段实现退出机制，过渡期内及之后仍不退出的按照市场价收取租金，也就没有了公共租赁的意义，以此保障真正住房困难者可以获得房源。”住建委委员徐志军说。租赁公租房仍可轮候政策房公租房实行动态管理，将承租住房转借、转租的，擅自改变承租住房居住用途的，连续6个月以上未在承租住房内居住的，连续3个月以上未按期交租金的以及其他违反合同行为，产权单位可与承租家庭解约收房。承租家庭如获得其他形式政策性住房的也需退出公租房。徐志军解释，承租公租房仍可轮候经适房或两限房，一旦获得房源就要退出公租房。骗租5年内不得申请政策房申请者不如实申报，骗租公租房，由产权单位解除租赁合同，承租家庭应退房并补交租金。过渡期满后拒不退房的行为要记入个人诚信档案，5年内不能申请政策性住房。产权单位在租赁合同存续期间不按规定的租金标准收缴租金或擅自向不符合条件的家庭出租公租房的，要限期整改，退回、补足租金或收回住房。  各方反应市场不会严重冲击租房市场链家地产有关负责人表示，此次出台的公租房政策对二手房和租房市场的冲击不会太明显。“首先是量还不是很大，50万平方米的供应即使按照50平方米一套来算也不过1万套，但每年租房市场的需求量在100万套左右，因此实际的冲击比较小。”该负责人表示，公租房的供应群体也有特殊性，从这两个角度看直接的冲击都不会太大。该负责人表示，目前的租房群体中外地人占大多数，这次政策没有纳入非京籍人口可能也与此有关。“我想直接的冲击不大，要是有影响也是对市场心理预期会有一定的冲击。”该负责人表示，公租房政策刚刚出台，地产公司还处在研究阶段，具体市场销售方向有没有调整或对策还要进一步分析。市民住公租房省钱心里踏实租住在朝阳区南磨房的李先生已获得两限房申购资格。“我大学毕业后落户北京，一直没房，现在每月花1000多元租房，等待两限房快一年了。现在房源有限，什么时候能住上急不来。要是能住公租房，我一定申请。”李先生说，买房要用钱，租房能省就省。“我在北京租了8年的房子，搬家已经不计其数了。刚租个便宜房子，住一年人家就不续约了，中介说房子一直涨价，租别人还能涨钱，房东不愿续约。公共租赁住房住着踏实，价格也会公道些。”李先生说。对于此次公布的公租房政策，租住在西三旗地区的王先生很失望，他已经在京工作6年了。“原来以为我们外地人也能住公租房，没想到还是不行。”开发商对公租房产权谨慎对待一家不愿透露名称的开发商表示，是否持有公租房的产权要非常谨慎，“房产开发毕竟是商业行为，一定是要赢利的，运营公租房要看税收优惠有多少，地价怎么样，谁负责承租，多少钱租，如果没有人租怎么办，成本是多少。我想开发商是会非常谨慎的。”链接·其他政策房两限房：针对本市中等收入住房困难的城镇居民家庭、征地拆迁过程中涉及的农民家庭及市政府规定的其他家庭。申请人须具有本市户口；城八区申请家庭人均住房面积不超15平方米，家庭年收入不超11.6万元，家庭总资产不超76万元。经适房：政府限定住房面积以及销售价格等，面向低收入住房困难家庭出售。申请人须取得本市城镇户籍时间满3年，申请家庭人均住房面积不超10平方米，家庭年收入不超过6万元，家庭资产不超48万元。廉租房：政府以租金补贴或实物配租的方式，向符合城镇居民最低生活保障标准且住房困难的家庭提供住房。申请人必须具有本市城镇户籍；申请家庭人均住房面积不超7.5平方米，家庭资产不超过40万元。对话申请公租房也需要公示记者：为什么租赁期限为5年？崔少飞：公租房是个过渡性的住房选择，部分家庭需要一定的时间积累资金后购买政策性住房，举个例子，一个家庭一年可以积累2万元的存款，那5年后就可以积累到10万元，基本具备购买政策性住房的条件。记者：如何杜绝一些别有用心的人打公租房的主意，如何管得住公租房转租？崔少飞：公租房坚持市场化管理，产权单位要承担管理监督责任，主要还是通过租赁合同来实现监管，这就成为一种民事行为，通过合同形式确定责权利。记者：公租房的产权到底由谁持有？开发商有没有资格持有？崔少飞：原则上要坚持政府主导，它可以是政府回购，可以是政府所属机构持有，或政府批准机构持有，房屋建筑单位如果有意经营公租房也可以向政府提出申请，经过审核批准后也可以成为公租房产权的持有者。记者：公租房的户型有没有具体规定，有没有上限？崔少飞：目前考虑是90平方米以下，但具体会根据需求灵活掌握。比如租住廉租房的家庭可能就会需求小面积的公租房，但等待轮候两限房的家庭可能就会需要稍微大一点的住房，因此没有严格规定一居或两居的面积。记者：公租房要不要公示？崔少飞：应该进行公示，方式也应该和政策性住房相同。记者：市政府提出解决住房困难要采取租售并举的手段，今后如何体现？崔少飞：此前，已陆续推出两限房、经适房和廉租房，但在整个住房保障体系中租房的比例还比较小，今后要逐步加大租赁住房的比例，使住房困难群众都能有房住。部分公租房项目北苑南区项目建筑面积：3万平方米目前市场租金行情：一居、两居在1800元到2500元。西二旗地块建筑面积：5万平方米目前市场租金行情：一居、两居在1900元到3000元。本版采写本报记者郭爱娣> 相关阅读：北京50万平米公共租赁房年内建成广东今年试水公共租赁住房 舆论忧心权力寻租,7,4,0.9925605058670044
棒棒堂为亲爱的老师盖高楼1985年1月21日，第六届全国人大常委会第八次会议作出决议，将每年的9月10日定为我国的教师节。感恩每一位辛勤工作的老师，写一句赞  美老师的诗歌，盖棒棒学堂教师节高楼！活动时间：2009年9月9日14：00——2009年9月13日12：00参与方式：登录棒棒堂，进入社区男女朋友版块，置顶贴子《活动—庆祝教师节！棒棒学堂开学啦！》，按要求回复即可参与！活动一：回复赞美教师的诗歌或是祝福的话语(言之有物不得少于20字)，逢楼层末3位同时包含9、1、0三个数字的任意排列，如109楼、190楼、901楼、2910楼就送金钥匙金宝箱一套。活动二：活动期间每天10：00-18：00，本贴由小棒女(10001)每小时不定时发起1条与棒棒堂基础知识有关的问题，最先回复正确答案的前3个帐号可获得1000金币红包奖励。获奖规则：活动一奖励每个帐号只能得1次，活动二奖励可重复获得。并且如获奖楼层不符合回复要求(即不为正确答案或非赞美教师的诗歌)，奖励将顺延至下一符合要求的楼层。[开发公司/运营公司]：炯炯网络[官网网站]：www.17joyjoy.com[wap网站]：wap.91bbt.cn[客服电话]：400-6060-995,8,6,0.3349818289279938
棒棒堂至Power�班大搜集在棒棒堂里经常可以看到以学校、班级为聚合的家族，嘻嘻，新学期欢迎新同学入学，老同学返校。带上同学们一起以教室黑板为背景，秀上青春美照即可参赛。就要做最可爱最团结最Power的??棒班，吼吼^_^活动时间：2009年9月13日14：00——2009年9月19日12：00活动方式：以教室黑板为背景，玩棒棒堂的同学一起拍照上传至男女朋友，并进行适当的班级介绍。活动期间参赛贴每获得不同帐号的1个回复得1票。集体奖励：参与就有奖！只要黑板上的字迹和同学们的脸清晰，班级介绍按要求说明，注明了每位参与拍照的帐号。那所有照片上的同学都有金钥匙1把+金宝箱1个+2000金币的奖励！个人奖励：官方赠送得票第1名玩家，家族名为“??棒班”家族1个+大喇叭100个人的一生中，学生时代所建立的友谊非常纯朴，没有重大的利益干系，所以很多人的同学成为彼此人生中的知已密友。参与社区活动，交更多知已密友！[开发公司/运营公司]：炯炯网络[官网网站]：www.17joyjoy.com[wap网站]：wap.91bbt.cn[客服电话]：400-6060-995,8,5,0.7183470129966736
缘起缘灭又继缘 情生情了又续情(二)很快，我就知道了仙子为何落寞，和那朵鲜花为何瞬间枯萎。天宫最近总是沸沸扬扬的传着一件事。天蓬元帅来告诉我们，下界东胜神州一处名叫花果山的地方出了一只石猴，学了些本事，把龙宫和地府都搅得颇不得安宁。龙王、阎王纷纷上天来告状，要请天兵天将去收服那只石猴。太白金星提议请那石猴上天任个虚职，免得徒伤兵力。玉帝应允。对此，天蓬元帅颇为不屑，他只想一钯杀了那只多事的石猴，看他如何再为祸天宫。我想，天蓬元帅是厌恶那只石猴害得他巡逻的时间徒然增多，便许久不能见嫦娥一面。仙子总是微笑的听着天蓬元帅侃侃而谈，而天蓬元帅从来不曾猪意到每当他说起嫦娥时，百花仙子眼中一闪而过的哀伤。就如同每次卷帘大将看到仙子和天蓬元帅有说有笑，总是落寞离开。谁也不曾想到那石猴竟然有天大的胆子，大闹蟠桃宴，偷吃金丹，还踢翻了太上老君的炼丹炉。石猴十分生猛，众天兵天将都奈何不了，整个天宫成了他的乐园。那日，我只觉得天宫像是炸开了一般的喧闹，惊扰了落园里的花草。可事情却远非惊扰那么简单，那石猴牵引着天兵天将竟然往落园而来。满园的鲜花在杀红了眼的天兵面前竟全不是生命，战火下没有妖娆和美丽，残酷的仙法化作烈火天雷，将落园里的鲜花焚损殆尽。仙子想要保护那些她极致用心栽培出的永不枯萎的鲜花，却在此时漫天凋零。而那只石猴从她身边掠过，只瞥了她一眼，不怀好意的邪笑，然后一跃而开。仙子很快知道那只石猴在邪笑什么。身后一团天火喷射而来，朝着那石猴去了。石猴只是灵敏闪身一躲，就躲过仙法引来的天火。可是在石猴身旁的仙子，却不幸被炽热的天火击中。如果说天火只是灼烧了仙子的身躯，那么天蓬元帅的那个眼神却焚毁了她的心。天蓬元帅身披银色战甲，手持九齿钉耙，威武无比，是她心中最英武的存在。而他的眼神却像那副盔甲一般冰冷。天蓬元帅只是覆手施法将仙子身上的天火拂去，不曾留下一句关心的话或是眼神，就又追那只石猴去了。“也许如果，我是嫦娥的话，他就不会这样丢下受伤的我不管了吧。”她的眼角有泪溢出，滴落到凋零的落园残花之上，那一片偌大的残花，瞬间枯萎……(所有悲伤将在结局的一刻绽放，敬请等待。查看这一集之前请先看第一集)WEB官网：www.9520520.com WAP官网：wap.9520520.com,8,9,0.4743441939353943
"棒棒堂90后美女另类爱国行动秀平日里看新闻，都说90后怎么怎么，富二代怎么怎么，放眼望去负面新闻一大片。而在我们亲爱的祖国即将迎来60岁生日之际，《棒棒堂》里的90后们却用自己独特另类的方式，纷纷向祖国表达自己心中的敬意！可爱型：?矢ぃ?℃>✽、 似曾相识?宝儿""(1006600) 对祖国的表白非常的简洁明了，透露出坚定的心情：一个字：祖国我爱你！中国～全世界为你骄傲！俏皮型：.ˇ?妖?。″夜、°yeaH。(3418218) 深情地说：很感谢自己是中国人…生长在这片辽阔的土地上。还认识了这么多热心的朋友姐妹…我的内心是多么的感动与幸福。现在我们的祖国六十周年，让我们向祖国说声：我爱你。甜美型：总是微笑的白叮叮 (1934058)大声地说：我是中国人！我爱中国！祝大家国庆快乐更多动人的照片、振奋人心的红歌、朴实的爱国作文，尽在《棒棒堂》社区男女朋友版块，欢迎您的参与[开发公司/运营公司]：炯炯网络[官网网站]：www.17joyjoy.com[wap网站]：wap.91bbt.cn[客服电话]：400-6060-995平日里看新闻，都说90后怎么怎么，富二代怎么怎么，放眼望去负面新闻一大片。而在我们亲爱的祖国即将迎来60岁生日之际，《棒棒堂》里的90后们却用自己独特另类的方式，纷纷向祖国表达自己心中的敬意！可爱型：?矢ぃ?℃>✽、 似曾相识?宝儿""(1006600) 对祖国的表白非常的简洁明了，透露出坚定的心情：一个字：祖国我爱你！中国～全世界为你骄傲！俏皮型：.ˇ?妖?。″夜、°yeaH。(3418218) 深情地说：很感谢自己是中国人…生长在这片辽阔的土地上。还认识了这么多热心的朋友姐妹…我的内心是多么的感动与幸福。现在我们的祖国六十周年，让我们向祖国说声：我爱你。甜美型：总是微笑的白叮叮 (1934058)大声地说：我是中国人！我爱中国！祝大家国庆快乐更多动人的照片、振奋人心的红歌、朴实的爱国作文，尽在《棒棒堂》社区男女朋友版块，欢迎您的参与[开发公司/运营公司]：炯炯网络[官网网站]：www.17joyjoy.com[wap网站]：wap.91bbt.cn[客服电话]：400-6060-995",8,6,0.7029416561126709
《棒棒堂》出现的几种现象作者： Smlie冰点² ⒊⒎菟?Nano?(550589) 最初发表于棒棒堂社区男女朋友版块①     人妖多人妖这个词发源于泰国。当时泰国旅游经济发达，随着社会环境一系列原因，人妖逐渐走向世界。舞台人妖就是男人之后变的女人，因为女人在棒棒里很受欢迎，有的男人不要脸的就骗，被＂美色＂迷惑，骗人的钱这种人最可恨！②     女孩子征婚聘老公很多人都知道戒指一共有三种，宝石和翡翠戒指最畅销。就拿宝石来讲，谁又有那么多钱去买？现在市价80元人民币，如果爱她就被这钱难住了，充值就近了。建议棒仔结婚可以变成之类的爱情不是金钱。③     拜金女看这个字眼就知道为了钱啥都干的女同志。前些天社区帖子不乏有这样的帖子，陪聊什么的，留下一句话钱乃身外之物女人尊严不能丢。④     群人喷喇叭社区家族喷人贴很是一道奇观啊。其实说白了都是出来玩，没啥化解不了的矛盾，其实谁也不怕谁，就是一个游戏，动感情的游戏，大家和气最重要，别天天看谁不顺眼就喷谁。哪样很二。还有：喷子、烧饼、标题党、喇叭党、P图党、午夜党、装B党、非主流、反非主流、结婚狂、征亲党、卖金骗子、马甲党、摇头帮……有时间再给大家一一描述了。[开发公司/运营公司]：炯炯网络[官网网站]：www.17joyjoy.com[wap网站]：wap.91bbt.cn[客服电话]：400-6060-995,8,5,0.8150945901870728
C3杯Cosplay精英赛获奖名单公布10月25日，由“第二届中国国际版权博览会”组委会主办，ChinaJoy组委会联合ChinaJoy Cosplay独家社区合作媒体——C3时尚动漫网.Cosplay首席社区联合承办，C3特别策划并冠名的中国国际版权博览会Cosplay大赛暨C3杯Cosplay北京精英赛于第二届中国国际版权博览会主舞台正式开展，全部13只社团已经进过激烈预赛并且有了充足的准备，扣人心弦的“王者之战”在长达6个小时的角逐后终于落下帷幕并角逐出最终2009年C3杯北京精英赛的“王者归属”！以下公布获奖名单和分数：墨央组：《凡尔赛玫瑰》 舞台剧  总分93.8分D剧团：《加勒比海盗--亡之宝藏》 音乐舞蹈剧 总分92.4分破立养老院：《银魂》  舞台剧  总分91.5分粉红色猴子天堂：《RO仙境传说》 舞台剧 总分89.9分失落帝国：《这才是APH》 舞台剧情走秀  总分88.6分?天长安联盟：《燕歌长安 千年幻夜》 走秀舞台剧 总分86.8分祝贺六支获奖团队并由衷感谢10月25日全部13只社团带来的精彩演出，C3时尚动漫网首次协办Cosplay大赛便有如此热闹的场面和精彩的节目献给各位现场观众和网友，必须归功于参赛的社团们所给予的大力支持。同时C3时尚动漫网预祝明年北京的各个社团在全国大赛上取得优异的成绩。有关C3杯更多现场精彩组图和视频将在近日内陆续发布，敬请关注官方专区：点击进入C3时尚动漫网？Cosplay首席社区：http://www.c3online.com.cn,8,6,0.8929909467697144
袁咏琳携手《江湖行》众美眉梦想起航作为中国流行天王的周董，每次的出入总是能吸引大批的眼球。而袁咏琳MM就是在做了周董的师妹后与周董拍了MTV而一举成名。别看她笑容灿烂，一副邻家女孩的形象，除了可爱之外，飒爽的性格也是她的致命武器呢，让人不经联想到了侠气。袁咏琳不算是那种极致的漂亮，却是很有特色的漂亮，在她身上人们可以感受到邻家却不失大方、传统却又略带都市的感觉。袁咏琳的起步也并不是很平坦，别看她现在和周董走得近，曾经的她被周董否定过两次作品呢。但执着和努力的她还是继续回去修改直到周董满意，而当她和周董同台演演出的时候，在一曲结束后，周董微笑的夸她琴拉得好。在《江湖行》的玩家中就有不少袁咏琳的FANS了呢，她们喜欢这个既有侠气又有韵味的女人。想想和《江湖行》海报中的女人还有几分神似呢，假如她扮起女侠客的话。作为一款网页游戏，《江湖行》以其少有的执着让业内外的人士刮目相看，费时三年，耗资千万，在外界对于网页游戏炒得非常狂热的时候，两窗紧闭一心造车。同袁咏MM一样，辛苦是有回报的，就好比周董夸赞的眼角，玩家们给予了极高的评价和赞许。而《江湖行》的形象也如袁咏琳MM一样，给人以一种可亲却又不失高贵，热情却又不乏宁静的感觉。在《江湖行》中也有着许多如袁咏琳这样的MM，她们可爱，善良，活泼，讨人喜欢。她们有自己的快乐，有自己的梦想，有自己关心和关心自己的人，她们因为偶然的缘分而齐聚在《江湖行》。在祝福袁咏琳将来事业更上一层楼的同时，我们也同样希望《江湖行》的MM也可以如同袁咏琳一样，长出梦想的翅膀！《江湖行》官方网站：http://jhx.game2.cn/哥们网游平台——好游戏，找哥们！http://www.game2.cn/,8,2,0.9962660670280457
时尚女性新“读本”《都市女性世界》俗话说的好：“女人能顶半边天”。现在越来越多的女人们逐步成为各个行业的中坚力量，五彩斑斓的女性世界也为这个城市增添了靓丽的风景和活力。近日，由北京捷通华声自主研发的手机应用生活软件《都市女性世界》已成功登录中国 移动百宝箱平台，涵盖了美容、美体、服饰、情感、星座等方面的热门资讯，将成为都市女性中娱乐休闲的指向标。 进入《都市女性世界》主界面，软件界面设计动感时尚，各功能选项灵动传神，女性味十足的时尚潮流气息扑面而来，包括了美容、美体、服饰、八卦星座等等内容等的信息类资讯，让你目不暇接。翻看每帧内容，都是资深编辑们精心更新的内容，让你每天都能感受到时尚前端带来的清新之风。“怎样的面膜最好用”“条纹衫怎么搭配出完美体形”“五种食物让你轻松吃出小脸”。。。从此一切问题都不再是问题，潮流动向尽在你的掌握中！ 在八卦、星座选项里，娱乐圈发生的大事小情等休闲类资讯通通都可以在这里及时看到，其中星座运势是都市年轻人最热衷的兴趣点。《都市女性世界》将为您提供十二星座的每日星运，狮子座今日的运势咋样？看一看就让你做到心中有数！对星座感兴趣的友友们一定不要错过哦！ 最后，小编在这里还要讲讲《都市女性世界》中的情感栏目，男人女人在不同年龄阶段，多多少少都会被情感所困扰，这个永不过时的话题对人们来说真是相当重要的哦~在“情感”栏目中，不仅有感人的情感故事与你一起分享，还有很多社交小窍门，无论是故事还是交友秘籍也许都会为深处感情漩涡的你指点迷津呢！ 《都市女性世界》联合知名时尚网站，为都市女性提供全面的生活资讯，内容实时更新，随时打开手机就能接收图文并茂的信息，它会让你变得更加自信而富有朝气！现在就来加入队伍，你也成为时尚先知者！资费：5元/次下载路径：移动梦网——软件——生活——都市女性世界适配机型：MOTO E2、MOTO E6、MOTO E62、MOTO E680、MOTO E398、MOTO L6、MOTO L7、MOTO V8、MOTO V600、MOTO K1诺基亚 N5500、诺基亚 N73、诺基亚 N7370、诺基亚 N6101、诺基亚 N6230i、诺基亚 QD、诺基亚 N7610、诺基亚 N7260索爱 K300、索爱 K506、索爱 K700、索爱 K790C、索爱 S700、索爱 W958c三星D508、三星D608、三星E258NEC NK,8,6,0.8357164263725281
秦良玉与你一同征战《三十六计》将军百战死，壮士十年归。归来见天子，天子坐明堂。策勋十二转，赏赐百千强。可汗问所欲，木兰不用尚书郎；愿驰千里足，送儿还故乡。南朝诗人郭茂倩的一首《木兰辞》唱出了花木兰替父从军，长年随军征战的动人事迹，被后人传为了佳话，也正由此，花木兰的坚韧不屈与不图名利的高贵品质更受到了世人的尊敬。看看现在各种各样的媒体和游戏媒介不断的推出以花木兰故事为题材的主题作品，我们就不难体会到这位奇女子对现代人的影响了。但，孰不知，在那段故事后又过了1000年，中国历史上还有一位同是女中豪杰的巾帼英雄，她就是秦良玉。作为明朝末期战功卓著的民族英雄、女将军、军事家、抗清名将，秦良玉作为唯一一个中国历史上的女性高级军事统帅，有着太多太多说不完的传奇故事，正因如此，她当仁不让的成为中国历史上唯一单独载入正史？将相列传(非列女传)的铿锵女子。也就是这样一个拥有如此显赫地位且功勋卓著的女将军，作为网页游戏中能真实再现“万人国战”的战争策略游戏的《三十六计》又怎能少了这员虎将的身影？是的，在这次《三十六计》的新版本“逐鹿中原”中，“传奇武将”的队伍再次壮大，这里面就有了秦良玉的加入。这里就让我们一同来揭开秦良玉的庐山真面目吧。【秦良玉】：技能“混战”，兵种条件为步兵单位。英雄步兵相性*10%的几率发动，技能发动时随机攻击3次(必定攻击当前敌军第一阵位，剩下2次攻击随机选定目标，有可能重复选中)，伤害50%~100%随机。性格特征为“坚毅”，每升一级武力值+2，魅力值+1，所以玩家朋友们可少不了为她增加一些智力了。初始属性：武力21 智力27 魅力25性格成长：性格坚毅，英雄每提升一级时武力+2 魅力+1英雄技能：混战兵种相性：步兵C、内政C心仪度：★★★★★值得一提的是，秦良玉拥有的“混战”技能，是《三十六计》众多传奇武将中，为数不多的拥有多目标打击效果的技能，相信她的出现，将会成就一位“女版关羽”的不朽时代。在400多年后的今天，秦良玉重新站在了《三十六计》的国土中，拿起了她的白杆长矛，等待着她的或许又将是一场又一场的恶战，而你是否准备好了与她并肩作战了呢？,8,2,0.9244212508201599
打通任督二脉和《江湖行》称霸武林“任督二脉”一向是中医学领域的重要学术精髓。正所谓任脉主血，督脉主气，为人体经络主脉。任督二脉若通，则八脉通；八脉通，则百脉通，进而能改善体质，强筋健骨，促进循环。其实“任督二脉”之所以被人所熟知，其功劳还要归咎于众多武侠小说里经过艺术加工后所渲染出的神奇效果。比如可藉由武功高强之人打通自身的任督二脉从而功力加倍或者原本并不精通武艺的无名小辈，在打通任督二脉后内力大增，短时间就将别人需要耗时几年的武功秘籍学有所成等，所以，就给人们感觉任督二脉一旦被打通，武功即突飞猛进，故也成为一般人最为熟知的气脉名称。只可惜，上面所说的永远只存在于武侠小说中，而作为平凡人的我们，也只能从小说中过一把干瘾了。如果，现在我说有这样一款游戏，能让你切身体会到“打通任督二脉”所带来的至高境界，你会不会惊讶呢？至于，究竟是哪款游戏？下面，容小编我用一分钟的时间来介绍一下，它是一款投资大耗时久，精雕细琢的游戏，在继承经典传世的武侠文化外突破重重障碍，以不一样的游戏理念，不一样的游戏体验带给玩家全新的武侠世界，它就是《江湖行》。《江湖行》的特色系统众多，但既然小编我开篇已经提到了“任督二脉”，那么，今天我就满足大家的好奇心，一起来研究下《江湖行》中是“任督二脉”该如何打通，打通后是否又如武侠小说中所说的一样，武功大增呢？在《江湖行》中，任督二脉的穴位通过元气打通。任督二脉的各穴位打通后，分别提升人物的体力和内力最大值。第一次打通任督二脉方至小周天境界。人物在获得10个额外的天赋点的同时，还可以精研武功；第二次打通任督二脉方至大周天境界。人物在获得10个额外的天赋点的同时，还可以自创武功；第三次打通任督二脉方至天人合一境界。人物可获得20个额外的天赋当随着任督二脉不断被打通，玩家的人物属性和武功修为也得到了不断提升，渐渐的从习武练功到独创武学再到天人合一，独步武林，这一步步的成长都如武侠小说里所说的一样，一旦打通了“任督二脉”，你就离称霸武林的大业不远了。武侠文化，是中华民族古朴神秘文化的不锈产物，它需要我们的不断传承与发扬。《江湖行》正是将这一理念贯彻始终，这也正是《江湖行》能在现在这样竞争激烈的游戏“江湖”中，笑傲武林的制胜关键。那么现在就来和《江湖行》一起，“称霸武林”吧！《江湖行》：http://jhx.game2.cn/Game2游戏平台成立于2008年9月1日，是国内最早提倡用心交流，玩家至上，营造快乐的游戏平台。“精品、沟通、服务”一直是game2平台立足的核心理念。Game2游戏平台成立一年以来，已经积累了超过1500万的注册用户，活跃用户超过350万，同时在线平均人数将近30万。目前旗下同时运营着包括《江湖行》、《热血2》、《三十六计》、《武林英雄》、《热血三国》、《魔力学堂》、《天书奇谈》、《明朝时代》近二十款精品游戏，囊括了角色扮演、战争策略、模拟经营、社区养成等各类型游戏的经典代表作。Game2游戏平台以其真诚的服务在竞争激烈的市场上站稳了脚跟，7*24小时的400服务电话和在线GM问答体系更被玩家传为美谈。虽然game2目前赢得了良好的口碑和取得了骄人的成绩，但game2会始终坚定步伐的继续将快乐、将沟通、将服务传递给玩家，也只有这样，才能对得起，“网页游戏先驱者”的称号。《江湖行》官方网站：http://jhx.game2.cn/——好游戏，找哥们http://www.game2.cn/,8,1,0.5659717321395874
央视《蜗居》评论与《女儿国OL》真理最近《蜗居》很火，弄了点东西大家看看，有看过这电视的进来看看，看过后一笑了之。男人若真爱一个女人，别净玩儿虚的，你爱这个女人，第一个要给的，既不是你的心，也不是你的身体，一是拍上一摞票子，让女人不必担心未来；二是奉上一幢房子，至少在拥有不了男人的时候，心失落了，身体还有着落。【玩女儿国，找到了合适的人，不能只带她练级，而是直接送一套18洞装备，就算你不在线了，她自己也能玩的很畅快。】如果时光可以倒流，我会带着你们过另一种生活，不要太多的钱，每天去菜场斤斤计较，为发论文、评职称而与人争得面红耳赤，也为女儿考不上好学校而心焦。也许，这样，才是一种幸福的生活，而我以前并没有意识到。--主人公宋思明语录【女儿国练到了百来级，才发现最好的生活就是在游戏里整天聊天，笑看新人小号忙碌练级。管他谁要PK，老子一概拒绝。】关系这个东西啊，你就得常动。越动呢就越牵扯不清，越牵扯不清你就烂在锅里。要总是能分得清你我他，生分了。每一次，你都得花时间去摆平，要的就是经常欠。欠多了也就不愁了，他替你办一件是办，办十件还是办啊。等办到最后，他一见到你头就疼，那你就赢了，要风得风，要雨得雨。 by宋思明【女儿国啊，就要常PK，揍一个是揍，揍十个也是揍，揍的人多了，也就成了老大了。】通往精神的路很多，物质是其中的一种。【游戏练牛逼的方法很多，花钱是任何游戏都最快的一种】。早知道今天还是要放下身段 不如当初就乖乖摆好哈巴狗的姿态 by海藻【早知道砍不过你，不如当初就乖乖的入你的帮派好了。】一个人可以背金钱的债，却不能背感情的债。背金钱的债你有还清的希望，而背了感情的的债也许到死都会愧疚。【在女儿国PK杀人，不是真的杀人。但谈了感情，那就是真实的感情。】什么是幸福？幸福就是筷头上的肉丝。【什么是幸福？最大的幸福就是有空玩手游，不用担心薪水、健康、家庭等。什么是悲剧？悲剧就是不管玩什么手游，做什么事，都觉得没劲了。】,8,5,0.9364625811576843
英狙击手靠iPhone软件击杀塔利班据国外媒体今日报道，英国驻阿富汗士兵目前正使用一款售价19英镑(约合30美元)的iPhone应用BulletFlight击杀塔利班武装分子。这款应用可以帮助狙击手对风速、子弹重力、乃至地球旋转等各种细微因素对子弹轨道造成的偏差进行精密测算，从而准确地击中千米之外的塔利班敌人；BulletFlight甚至还可以预测出子弹可能对敌人造成的伤害程度。英军狙击手目前纷纷将这款应用下载到他们的iPhone中，并广泛运用于实战。驻阿富汗盟军部队还使用了微软Xbox 360游戏机操控军用机器人车辆。盟军还使用PS3游戏机的芯片研发廉价超级电脑，以开发新的军用雷达。BAE公司、劳斯莱斯、空中客车以及威廉姆斯F1车队等公司的英国专家正在联合开发一个项目，使用电脑游戏测试新军用设备。BAE公司正在使用PS2的3D图形技术研发新一代军用引擎设计。该公司工程师斯图尔特·迈克多加尔(Stuart McDougall)说：“军方一直热衷于研发新技术满足他们的特点需求。但现代消费者产品正变得越来越强大，价格也日益有竞争力，使用范围逐渐广泛。”任何人都可以下载BulletFlight这款军用软件，基本版的软件价格只有2.49英镑，完全版的软件价格只有18.78英镑。目前驻阿富汗和伊拉克美军使用了诸多iPod Touch 和iPhone应用，包括地图、生存手册以及战术导航等军用应用。,8,7,0.6044097542762756
北京第三届优秀软件构件评选结果揭晓2010年1月6日下午，由北京市科学技术委员会支持，北京软件行业协会、北京软件与信息服务业促进中心和北京软件产业基地公共技术支撑体系主办，北京软件产品质量检测检验中心与北京大学承办，北京市科学技术委员会人才交流中心协办的北京第三届优秀软件构件评选颁奖典礼在丽亭华苑酒店召开，由北京软件产品质量检测检验中心吴铸成副主任主持典礼，围绕“实现科技资源开放共享，推进自主创新能力提升”这一主题展开深入交流与探讨。北京市科学技术委员会条件财务处张信副处长、北京软件行业协会会长华平澜、国家863计划专家组专家、北京大学信息科技学院院长梅宏教授、科技部高技术中心信息处褚诚缘主任、北京软件产品质量检测检验中心胡青华主任、北京科学仪器装备协作服务中心孙月琴副主任、北京市科学技术委员会人才交流中心主任助理王彤彦、首都科技条件平台电子信息领域主管阿孜古丽等政府领导和行业专家出席了颁奖典礼。构件评选旨在宣传构件技术，帮助企业降低开发成本、提高生产效率、加强业内沟通、培育典型优秀企业及产品，全面展示北京市科技企业发展的丰硕成果。活动期间组织单位积极为企业和高校连续开办多场技术培训、讲座以及交流会，共享当前的最新技术理论和观点，搭建了用户对优秀科技产品和服务的认知平台。第三届评选活动于07年正式启动，为了进一步加强软件构件技术在实际过程中的应用，培养优秀构件技术人才，促进学以致用，本届活动除企业参选以外，还增加了高校参评对象的范围，同时，评选奖项类别也大幅增加。通过与前两届对比，可以发现两个显著的特点：一是报名参加的企业明显增多；二是参评构件的质量有了明显的提高，其中有相当数量的构件已经是企业的市场产品。这说明了，软件构件技术在软件生产过程技术改造，推动社会经济发展方面，发挥着重要作用。评选在公平、公正、公开的原则下，参评构件经过专业的文档评审、第三方测试和专家评议，最终，来自北京超图、神州数码、北京宝迪、鸿合科技、金山软件、深蓝创娱等20家企业和北京大学、北京工业大学、北京林业大学、华北电力大学、中国石油大学、北京交通大学六所院校的数十款优秀构件从提交的两百余个构件中脱颖而出。颁奖典礼上，各位领导对评选活动给与了高度的评价和充分的肯定，对企业和院校积极开展可复用技术和产品研发给与了表扬和鼓励，并为获奖单位及个人颁发了奖牌和证书。至此，北京第三届优秀软件构件评选活动圆满结束。,8,3,0.2832323908805847
《棒棒堂》同城结伴看阿凡达活动3D时代来临！梦想中的阿凡达！《棒棒堂》同城结伴看阿凡达！对电影业具有划时代意义的电影《阿凡达》，正以疯狂势态席卷全球，目前票房已超过12亿美元，已成为史上第二卖座的影片！一票难求，据朋友形容人山人海，脚不沾地，愣被挤着进去的，额滴神$_$我们一起来八八这部热门影片吧。活动时间：2010年1月10日14：00-2010年1月15日12：00活动要点：1.贴子标题请以[A]+所在城市+自定义标题。[]符号也是要写出来的，否则无法被系统统计到哦，字母不区分大小写；如：[A]成都-我也会讲纳美语啦！2.在《棒棒堂》男女朋友版本发贴，标题中必须注明所在城市，围绕抢钱大片《阿凡达》写一篇贴子，文体不限，言之有物，不少于120字即可；活动奖励：优秀作品可获得加分奖励，1个帐号限获1次加分。如发表多篇参赛贴，以得票最高的贴子为最终参赛贴参与计票。纳美绿卡(1名)：奖极品道具小棒仔15天+全国通用移动充值卡50元人气红卡(1名)：奖极品道具卡蒂亚冠15天+金币红包两万文字优美卡(10)：奖金币红包一万评选方式：只有符合参赛条件的贴子才能获奖；活动期间每获得不同帐号的1个回复为1分；纳美绿卡由官方从得分前10用户中选出2位获得；人气红卡由其余9位中得分最高1位获得；文字优美卡从所有参赛玩家中产生。活动结束后，我们会按地区整理所有参赛玩家的帐号，并公布，方便大家可以认识《棒棒堂》里同城的电影发烧友 ((。(^_^)。))[开发公司/运营公司]：炯炯网络[官网网站]：www.17joyjoy.com[wap网站]：wap. bbt.cn[客服电话]：400-6060-995,8,2,0.9997711777687073
堪比阿凡达《九州》飞龙boss等你驯服近来最火爆的电影当属《阿凡达》了，他的出现刷新了影视票房历史第二的记录，让无数人不惜彻夜在影院排队买票的激情来源自其宏大的视觉效果以及高超的技术水平。关于电影中的剧情，大多九州online的玩家都会在驯服坐骑飞龙的场面中不禁浮想联翩。九州online资料片“风云再起”的世界中，也存在着一只同样威武恢宏的红色飞龙坐骑！同时也存在着巨大的真龙Boss让所有玩家体验到阿凡达降服巨兽的成就。“风云再起”超大地图海滩无疑是玩家一直以来评价最美的场景之一，在这片辽阔的海滩中，海景变化丰富，有海浪，有岛屿、旋涡等，时而跳跃的海豚更让这美丽的场景栩栩如生！而海中央的海岛有一群上古穿越而来的巨龙boss，等待玩家们的挑战！而这里拥有庞大身躯，让人生畏的红色飞龙将成为每一位玩家的坐骑带领你到达海岛中央，去驯服日夜咆哮不安的巨型真龙BOSS。斩龙需配宝器，超大的巨型武器以及兵器发光，手持这样一件巨型兵器用来斩妖屠龙，并且在平日里也能绽放各种光芒，足以让所有玩家叹为观止，进而跃跃欲试！飞行坐骑、巨型兵器发光、挑战巨龙，一切尽在你的掌中实现。2010充满挑战的时刻到来，英雄红颜展现自我实力的最大舞台，现在加入你将感受更多惊喜。永久免费的手机网游《九州online》资料片“风云再起”！打造国内最具人气的手机网游精品。感谢广大玩家对《九州online》喜爱与支持！发送免费短信“JZ”到1066901234即可免费获得2010年最火爆的手机游戏。《九州online》客服：010-82051776《九州online》客服邮箱：jzol@obmgame.com《九州online》官方网站：obmgame.com,8,2,0.9387161731719971
来《天行社区》 乐享“阿凡达”盛宴2010年，要问什么电影最火爆？答案一定是“阿凡达”！要问什么词汇最热门？答案也一定是“阿凡达”！“阿凡达”——这部开启好莱坞电影崭新时代的巨作，随处都可以听到大家在谈论它，波澜起伏的剧情，身临其境的效果，那颗梦幻般的潘多拉星球和坚定勇敢的蓝色纳维人，让我们为之动容，一想到“阿凡达”，我们便热血涌动。如果你还没有看过这部大片，或者你看过一遍还嫌不够过瘾，没关系！由世界知名游戏开发商Gameloft开发的《阿凡达(电影正版)》手机游戏已经在“天行社区”隆重上线了，一键下载便让你轻松拥有自己的“阿凡达”，随时随地细细品味，乐享正版“阿凡达”盛宴！《阿凡达(电影正版)》秉承了电影巨作“阿凡达”的惊险震撼风格，是一款动作冒险类的热血游戏。游戏中的“阿凡达”担负着拯救世界文明的重任，厌倦了对星球进行毁灭性开发的杰克在美丽而神秘的潘多拉星球展开了惊险之旅……杰克能否不负所托，完成自己使命，最终能否与心爱的娜蒂瑞公主幸福的生活在一起？要等着各位玩家来揭开这个谜底了！友友们可以直接登陆“天行社区”(用手机登陆tianxing.com)，或在《天行乐园》中通过九宫格进入“天行社区”进行游戏下载，同时，“天行社区”和《天行乐园》游戏也会应声推出“阿凡达”的系列活动~请各位友友们保持高度关注哦！友友们快快登陆tianxing.com下载，享受这不容错过的“阿凡达”盛宴吧！,8,2,0.9723039865493774
3G团队梦工厂 开启大学生创业新模式袁亦荣，岑彬，钱旭，三个来自北方工业大学的学生，在2010年1月18日上午9点30分，获得了一份来自3G团队梦工厂的“3G毛坯车间项目策划书”，开始了他们的3G行业创业的征程。“关于3G毛坯车间的盈利模式，是十分简单明了的。”袁亦荣说，“类似世纪家园那样的交友网站，寻找好的工作也会是大家的一个需求，将3G的机会引入校园，帮助大家熟悉这个行业，并借助3G团队梦工厂的资源，为大家提供一种贴身的服务。我们认为是可以被广大的同学所接受的。”学习计算机专业的钱旭，同时又是学校职业发展协会的秘书长，对于这个计划有着自己独到的理解：“鉴于andriod的市场优势，我希望建设一个andriod实验室，还希望通过石景山数字产业园区和3G团队梦工厂的渠道获得学校的支持，以及3G行业的企业对学生的关注，搭建一个优秀的植入性平台，让学生有机会从零做起。”学习财务专业的岑彬有着和其专业相匹配的缜密思维，说话不多，但颇具条理：“在学校内的商业元素其实有很多了，我的同学们也经常作为客户或兼职员工参与其中，所以说我们并非没有任何经验，只是不系统，其实我们需要一个规范的空间让我们获得持续性的经验积累，3G毛坯车间就是提供了这样一个环境，可以让学生在3G行业持续获得经验，我想一年以后，参与其中的同学一定会具备3G行业的从业能力。”团队梦工厂CEO李天语说：“我们的服务宗旨是让我们的客户迅速抓住3G的机会，通过我们孵化器的资源和学生自身的资源优势相结合，共同开发出盈利模式清晰的产品。我想大家已经注意到了一些细节，首先他们愿意为3G和资源付费，其次这些大学生已经开始用商业化的思想思考问题了，他们已经开始注意盈利模式，开始关心谁是自己的客户，能够分析自己的优势和劣势。其实我们只是针对性的做了几个小时的培训。事实证明，大学生本身的素质是没有任何问题的，也不缺少对事物的判断能力。所缺的是一套行之有效的服务模式。把客户放到真实的环境中，让有经验的人士为客户打工，提供客户成长所必需的资源，和客户分享项目成果，客户将为这个过程付费。这样的创业模式让所有参与者都能各取所需，又都有责任，且目标一致。大家是在向同一个方向努力，成功的概率就要高出许多。”看得出来，团队梦工厂确实在利用一个类似孵化器的模式在和所谓的客户合作，这也许就是他们把自己称作人才孵化器的原因，他们给出了一个大学生创业或者就业的新模式，就是“资源植入模式”，让客户直接购买工作和工作经验，然后再帮客户雇佣一个CEO带领他们创业或者教给他们职业法则，使其具备盈利能力，最终顺利的过渡到自己的职业生涯中。如李天语所说，人生如一个游戏，团队梦工厂充当了一个“策划”的角色，工厂策划了一段人生的传奇之旅，等待玩家自己来开启。,8,5,0.6684654951095581
OPPO最新力作正式上市 S33报价599元OPPO S33作为年轻时尚学生族最盼望的产品，以其绚丽的UI，好玩的魔法小插件，全面升级的影音体验获得玩家的青睐。目前这款产品已经正式上市，报价为4GB容量599元。OPPO S33容量：4GB 报价：599元编辑点评：OPPO S33拥有蔷薇粉、曜石黑情侣双款双色，竖版的设计有别于市面上大多数的MP4，乍看之下像精致的手机。3.0英寸屏幕大小兼具便携性和视觉效果，1600万色24位真彩触摸屏，色彩完美还原。OPPO S33在音频播放方面支持频谱、歌词的动态Flash UI全屏显示。ID3信息管理更加智能化，可显示专辑封面，对歌曲进行分类管理。Flac，APE双无损格式音乐播放，同时支持音频淡入淡出，并贴心地加入了护耳模式。OPPO S33除了支持主流的RMVB、RM、FLV、DAT等多种格式之外，还支持视频截图和视频书签，随时留住影视的精彩片段，非常实用。断点播放，护眼模式、电子书TTS文本朗读等功能都是用户经常用到的。,9,8,0.8425715565681458
DVD时代的终结者  时代广场数字娱乐业   当DVD出现时，你预见到了盒式磁带将不复存在？你预见到了VCD将成为过去吗？现在你知道DVD即将推出历史舞台吗？     当你无需任何播放设备，只要一直遥控器在手，即可在海量的正版碟片中任意选择时，你还会去买DVD影碟吗？那么你意识到这即将是多么巨大的商机吗？     由于美国IDG风险投资合伙人直接创办的网尚文化斥资10亿元，经过5年开发，推出的iwatch爱看和ewatch易看，以及将将推出的一系列新产品将引发一场数字娱乐业革命。     无需大量资金投入，即可分享未来。适宜新的创业者以及各类音像店、书店、家电行业、IT行业、网吧扩展你们的事业。天津市网尚新欣电子有限公司  公司地址：天津市南开区鞍山西道新城大厦1202室  电话：022-58698205,9,8,0.7215125560760498
EF大眼睛 蔡司发布佳能卡口T 228新镜来自德国的顶级镜头品牌Carl Zeiss 卡尔·蔡司于日前宣布推出一款佳能EF卡口的大光圈广角定焦镜头「Carl Zeiss Distagon T* 2/28 ZE」，并将于近期正式上市，售价方面为965.55欧元，折合人民币约9780元。全新推出的这支镜头依然秉承德国Carl Zeiss的精湛工艺，全金属镜身保证了它的可靠性能和耐用性。镜头的等效焦距为28mm，F2.0大光圈，最近对焦距离为24cm，滤镜尺寸为58mm，镜头尺寸为72.4×96mm(直径×全长)，重量580g。,9,6,0.7416157126426697
汉王电子书 要像中餐馆一样覆盖欧洲    作者：潘昊    “汉王要像中国餐馆一样，像水一般覆盖整个欧洲市场。”作为目前国内最大的电子阅读器销售商，在参展法兰克福国际书展之际，汉王董事长刘迎建这样描述汉王电纸书的海外发展前景。     法兰克福国际书展是当今世界规模最大的图书博览会，为期5天的展会预计将实现全球出版业75%的版权贸易，“数字出版”可以说是今年法兰克福展会的绝对主题。作为此次展会的主宾国，中国在此届书展上布置有一个中国主题馆，并展现了从甲骨文、铭文、竹简、帛书等各个历史阶段共2000余件重要出版载体。    “站在全世界的角度看，数字化出版几年前就很热。但自从电子阅读屏幕成为成熟产品，以及亚马逊和汉王等企业获得成功后，整个数字化出版产业的脉络才呼之欲出。可以说，电子书将是未来十年的一场巨大革命，它将彻底改变人们的生活。有幸的是，汉王科技在这场革命中跟世界几乎同步，而且冲到了最前列。如果说展会上展出的有现存最早有明确时间记载的雕版印刷品《金刚般若波罗蜜经》代表了中国这个发明印刷术的古老国家的历史，那么现在的最新成果的代表就是我们汉王的电纸书”。刘迎建这番话语确实拥有绝对的底气。据了解，汉王已经成为仅次于亚马逊、索尼的全球第三大电子阅读器生产厂商。目前在国内市场上，汉王电纸书占据国内绝大部分市场份额。国际市场上，在今年3月份的德国汉诺威展会上，汉王电纸书更是一举赢得3万套的大单。“我们9月的单月销量已经超过了索尼，如果能够顺利打开海外市场，预计明年就有望赶超亚马逊。”刘迎建对汉王电子书业务的未来发展信心十足。    除了销量，在产品模型以及技术上，汉王电纸书同样具有优势。2009年汉王出品7款模型，远高于索尼的3款及亚马逊的2款。无论是硬件还是软件模型，汉王全都是靠自己开发，并拥有众多专利技术。在本次书展上，汉王更展示了其全新的海外版电纸书系列产品，并分为英文、德文、葡萄牙文等多个版本，内置几千本正版外文图书。    刘迎建认为，数字化出版将会改变人们的生活，最大的改变就是阅读方式，纸质将被边缘化。“当下阅读更多的是现代人一种求知、休闲的生活方式，内容对于电子书产品固然重要，但即使一本电子书可以装下人类所有的书籍，可一般人一生中平均阅读书的数量很难超过100本，全世界的阅读都是以母语为基础的，不同国家地区的读者都有着不同的生活体验。”所以，汉王接下来业务拓展的重点，就是通过打造适合当地母语文化的服务平台，来提供给不同区域读者差异化的电子阅读体验。    因此，刘迎建除带领汉王参展法兰克福，组建汉王在德国和法国的分公司也是此行重要任务。据刘迎建介绍，汉王拓展海外市场将采取更为灵活的营销战略，“包括注册适合该市场母语文化的本地品牌，或是与当地出版商合作推共有品牌产品，甚至可以提供裸机的OEM方式等。”据了解，目前汉王德国分公司的人员已经到位，已进入版权合作、渠道建设和市场营销阶段，而在法兰克福书展之后，刘迎建已经赶赴法国，主持筹建第二家海外分公司。而这不过是汉王海外宏伟蓝图的小开端。    为配合拓展海外市场，与国际内容提供商洽谈国际版产品合作也是汉王的一个重要任务。在法兰克福书展期间，汉王已与全球最大的英文书籍出版商之一、美国新闻集团下属出版集团哈伯柯林斯（Harper Collins）展开全面合作，汉王斥资数百万美元购买其数千册英文电子书的使用权，并通过下载次数进行分成。    电子阅读是一个非常庞大的产业链，主要包含终端产品、平台运营、版权内容、传输通道、数字化五大利益部分。相比亚马逊能够在美国建立一个完整的产业链条，刘迎建认为对于中国式的无纸化阅读而言，技术并不构成问题，而且中国电子书企业在产品制造和技术环节上具有成本优势，但是在内容和通道上确实存在距离。刘迎建表示，汉王将依托自身的优势，目前的业务重心将主要集中在产品终端、网络服务平台以及内容数字化三个方面，其他环节将更多通过产业分工，与网络运营商、出版商、电信运营商等展开合作。    作为中国电子阅读的布道者，刘迎建希望充分发挥中国制造的优势，“汉王的产品现在拥有充分的竞争力，相信将来我们能成为世界上最大的电子阅读市场的中国制造公司。”与此同时，为争取阅读价值链更大利益空间，汉王将进一步升级产业平台，建立“阅读解决方案”。据了解，汉王对此的发展战略分为三步，第一步是广泛采集优秀书籍，第二步是搭建易用的电子书报交易平台，第三步则是搭建整合性阅读解决方案平台。与国际出版集团的签约合作正是汉王扩充内容来源的战略之一。    此届书展，是中国出版界参加该展会长达20年以来，首次以主宾国的身份参展，而在新的数字化领域，汉王这几年一直充当着一个先锋官的角色，发力海外，将为汉王在数字出版和电子阅读领域抢占制高点创下先机。,9,8,0.9030488729476929
2009Z酷校园行 蓝魔艾利和展台人头攒动2009年10月21日，“决战音乐之旅 2009雷柏杯第七届Z酷全国高校歌王挑战赛”在北京中医药大学举行了北京赛区的首次海选。这次活动的总冠名商为雷柏，赞助商有蓝魔、艾利和、漫步者等品牌厂商。展台一经布置完毕，就吸引了中医药大学众多同学的注意。下面，我们来重点看一下蓝魔和艾利和的展台。,9,6,0.6623673439025879
金士顿DTL安全密匙  开启高速读写时代我们需要一把“安全密匙”来守护信息安全的大门。根据笔者在办公室内的小范围调查显示，有大约40%的同事习惯将自己的私密信息存储在电脑中，并且他们中大部分的人不对这些文件进行“隐藏设置”；有大约40%的人会把自己的私密信息放在U盘中随身携带；有大约10%的人会把最私密的信息存储在自己的电子信箱中；还有另外的10%会及时处理自己的私密信息，不留下任何隐秘性的电子文件。与此同时，前三类人群都表示出对信息存储安全问题的担心，认为这些存储途径都不是100%可靠。电脑、电子信箱会有遭到黑客恶意攻击的可能，U盘会遭遇丢失、信息被窃取的可能。究竟什么样的保护渠道才会让信息100%安全，我们通过一款近期市场上倍受追捧的安全型闪存盘产品来进行一下分析。    U盘“分区而治” 守护信息安全大门,9,5,0.9332239031791687
连续六年的精彩 尼康赞助花样滑冰大奖赛·尼康展台人头攒动尼康连续六年赞助的，由国际滑冰联盟（International Skating Union）主办的Grand Prix系列中国站——“Cup of China 2009 中国杯世界花样滑冰大奖赛”于10月30日在北京首都体育馆拉开了序幕。“ISU Grand Prix系列”是云集了世界顶尖花滑选手的权威大赛，赛事共由中国、美国、加拿大、法国、俄罗斯、日本6站组成，而其中两次大赛总计分数较高的选手将直接参加“ISU Grand Prix Final大赛”的角逐。本次中国站的比赛，中国双人滑著名选手申雪/赵宏博、张丹/张昊届时也将登台献技。整个赛事将通过CCTV-5，在中国、美国、加拿大、日本、韩国等多个国家进行实况转播。在10月31日晚举行的双人滑颁奖仪式上，尼康映像仪器销售（中国）有限公司董事长兼总经理金子博明还将为获得双人滑前三名的选手们颁奖。此外，在中场休息和赛后的答谢晚宴上，观众们也将有机会获得由尼康公司提供的相机作为奖品。尼康一直坚持将体育文化、品牌形象、影像文化三者的有机融合，大力赞助一些顶级摄影、体育赛事。今后尼康也将继续积极大力推动在中国的发展，为中国的体育、文化事业贡献自己的力量。相信在未来更多的体育赛事中，大家还将不断看到尼康的身影。,9,6,0.9992806315422058
支持64位游戏 驰为游戏机PGH即将上市据了解，驰为将推出一款型号为PHG的游戏机，其中P代表PMP、H代表高清、G代表游戏机。也就是说，这款产品是一款融合国内高端MP4与游戏机。驰为把在传统MP3方面所擅长的音质、720P高清、续航方面应用到游戏机上面，加强了此款产品的竟争力。并且，据了解，驰为此款游戏机虽然加入了MP4元素，但是游戏功能也同样十分强大。除了常见的8位、16位、32位游戏以外，还首次加入了64位游戏的功能。对此款产品感兴趣的朋友，可以关注我们的后续报道。,9,8,0.8308106064796448
爱国者变换风格 低调进军电子书市场作者：潘昊对于很多数码产品消费者来讲，爱国者已经不再是几年前默默无闻的小品牌。08、09两个年度，爱国者在品牌营销上的一系列重大举措收到了显著的效果，北京奥运、经典F1以及红魔曼联先后携手爱国者，让国人牢牢记住了这个以致力打造国际知名品牌为己任的本土数码品牌。在市场发布上，以数码相机、MP6、妙笔等等突出产品为代表，爱国者一贯以高调宣传为主，在大批量进入市场之前必先引起消费者的充分关注。但是日前，记者深入走访电子书市场得知，十一月份爱国者将进军电子书市场，不似以往的大张旗鼓，这次显得异常低调。随着电子书市场的持续升温，我们在市场上能够看到的电子书产品已经有十几种，华旗资讯爱国者的加入，势必加剧市场的竞争情况。究竟是什么样的产品让爱国者有信心加入到这场角逐，同时爱国者的电子书又有什么显著的特点呢？怀着疑问，记者联系了华旗资讯相关工作人员，但是所有人员惊人的一致，讳莫如深，纷纷告知不知情或者不方便透露，与以往的情况形成鲜明的对比。即使这样，我们还是能够感受到华旗资讯对于电子书产品的重视与谨慎。我们从相关渠道获悉，十一月上旬华旗资讯爱国者将先在网上商城以体验版的方式推出电子书产品，以得到市场的初步反馈。如果市场反映良好，接着会在十一月下旬正式推出电子书产品。与多数仅能以单一文本形式显示电子书设备相比，爱国者的这款产品能支持多种文本格式，包括TXT、PDF、DOC、HTM/HTML、CHM等，可以为用户提供丰富的内容服务。同时，该款产品采用e-ink的化学显示技术，即电子纸屏幕，提供类似纸张的阅读感受，不发光，不伤眼，功耗极低，待机时间可达15天以上，可以充分满足旅行及阅读的需要。华旗资讯爱国者的低调，为这次的新品发布蒙上了几许神秘色彩。究竟是什么样的产品，将为市场带来怎样的冲击，我们拭目以待。,9,8,0.8675886392593384
小家碧玉 韩国潮流MP3爱欧迪E2登陆长沙【3C168 中关村湖南】来自韩国的世界知名数字随身听品牌COWON在业界享有很高的声誉，除了在多媒体硬件方面的杰出表现外，还在多媒体软件研发方面有深厚的功底，著名的JetAudio便是出自COWON之手。凭借优秀的设计与精湛的工艺，以及简洁时尚的设计思路。iAUDIO MP3随身听屡屡被随身听业界评为精品，为广大玩家视为神器。iAUDIO产品另一过人之处就是支持BBE（高清晰原音系统）音效，使输出音质达到专业水准，号称“音乐核动力”。今天我们来介绍旗下一款时尚MP3-iAUDIOE2，COWON长沙地区经销商为祺瑞科技，售价为399元。,9,6,0.8051926493644714
税务总局：QFII在中国境内收入缴纳10%所得税通知并指出，如果是股息、红利，则由派发股息、红利的企业代扣代缴；如果是利息，则由企业在支付或到期应支付时代扣代缴。通知说，QFII取得股息、红利和利息收入，需要享受税收协定待遇的，可向主管税务机关提出申请，主管税务机关审核无误后按照税收协定的规定执行；涉及退税的，应及时予以办理。通知要求，各地税务机关应了解QFII在中国从事投资的情况，及时提供税收服务，建立税收管理档案，确保代扣代缴税款及时足额入库。,1,7,0.9964863061904907
税务总局明确QFII缴税相关问题记者20日从国家税务总局获悉，税务总局近日发出通知指出，合格境外机构投资者（QFII）所得来源于中国境内的股息、红利和利息收入，应当按照企业所得税法规定缴纳10%的企业所得税。通知同时指出，如果是股息、红利，则由派发股息、红利的企业代扣代缴；如果是利息，则由企业在支付或到期应支付时代扣代缴。通知称，QFII取得股息、红利和利息收入，需要享受税收协定待遇的，可向主管税务机关提出申请，主管税务机关审核无误后按照税收协定的规定执行；涉及退税的，应及时予以办理。通知要求，各地税务机关应了解QFII在我国从事投资的情况，及时提供税收服务，建立税收管理档案，确保代扣代缴税款及时足额入库。,1,7,0.5358314514160156
税务总局：QFII应缴10%所得税 业内人士称此规定根本目的在于完善资本市场运行规则，对QFII利空有限国家税务总局20日宣布，税务总局近日发出通知指出，合格境外机构投资者(QFII)取得来源于中国境内的股息、红利和利息收入，应当按照企业所得税法规定缴纳10%的企业所得税。通知明确，QFII所得如果是股息、红利，则由派发股息、红利的企业代扣代缴；如果是利息，则由企业在支付或到期应支付时代扣代缴。各地税务机关应了解QFII在我国从事投资的情况，及时提供税收服务，建立税收管理档案，确保代扣代缴税款及时足额入库。中国社科院财贸所税收专家介绍，2005年底，经国务院批准，对QFII委托境内公司在我国从事证券买卖业务取得的差价收入，免征营业税，但对于所得税却没有明确规定。一直以来，QFII所得税问题悬而未决，大多数QFII在所得税问题上都是先代为扣缴，但也有部分QFII不计算所得税。专家表示，国税总局明确QFII缴纳10%的企业所得税，实际源于2008年1月1日起施行的《中华人民共和国企业所得税法》及其实施条例。根据规定，非居民企业在中国境内的所得缴纳企业所得税适用税率为20%，实际执行10%的优惠税率。国税总局上述通知还称，QFII取得股息、红利和利息收入，需要享受税收协定(安排)待遇的，可向主管税务机关提出申请，主管税务机关审核无误后按照税收协定的规定执行；涉及退税的，应及时予以办理。专家介绍，为了避免双重征税，我国与世界上90多个国家签订了税收协定，根据收入来源地管辖权的一般原则，境外企业在我国取得的收入适用我国税率。因此，国税总局的上述表述，实际是简化了向QFII支付股息、红利和利息收入企业的工作，支付企业只需考虑我国税法预提所得税即可。市场人士认为，QFII所得税涉及的只是利得部分，与营业税相比数额较小，在我国税收收入占比中也是微不足道的，QFII不会因此政策而出现大规模撤离现象。明确QFII所得税制，根本目的不在于增加税收收入，而是通过税制的明确，完善资本市场的运行规则，吸引更多退休基金、共同基金等大型海外投资机构入场。据《中国证券报,1,7,0.9011325836181641
金融从业人员老鼠仓行为最高可判10年2月28日，十一届全国人大常委会第七次会议在完成各项议程后，在北京人民大会堂闭会。吴邦国委员长主持会议并发表讲话新华社 图十一届全国人大常委会第七次会议28日上午表决通过了《中华人民共和国刑法修正案(七)》，国家主席胡锦涛签署第10号主席令予以公布，自公布之日起施行。刑法修正案(七)共15条，对刑法相关条款进行了修改、增加。刑法定罪量刑更趋“人性化”，体现了宽严相济的刑事政策，绑架罪最低刑期减为5年，逃避缴纳税款者符合一定条件可不追究刑事责任，金融从业人员“老鼠仓”行为将被严打，增设“组织领导传销罪”，增设规定严惩组织未成年人违反治安的行为，还对惩处网络“黑客”、单位犯洗钱罪、领导干部“家里人”“身边人”的腐败行为等作出规定。十一届全国人大常委会第七次会议28日表决通过刑法修正案(七)。其中明确规定，我国严惩金融从业人员“老鼠仓”行为，最高可处十年有期徒刑。近年来，一些证券投资基金管理公司、证券公司等金融机构的从业人员，利用其因职务便利知悉的法定内幕信息以外的其他未公开的经营信息，如本单位受托管理资金的交易信息等，违反规定从事相关交易活动，牟取非法利益或者转嫁风险。这种“老鼠仓”行为严重破坏金融管理秩序，损害公众投资者利益，但此前刑法只对利用证券、期货交易的内幕信息从事内幕交易的犯罪及刑事责任作了规定，未对这一社会影响极坏的犯罪行为作出明确规定。鉴于此，刑法修正案(七)将刑法第180条第一款修改为：证券、期货交易内幕信息的知情人员或者非法获取证券、期货交易内幕信息的人员，在涉及证券的发行，证券、期货交易或者其他对证券、期货交易价格有重大影响的信息尚未公开前，买入或者卖出该证券，或者从事与该内幕信息有关的期货交易，或者泄露该信息，或者明示、暗示他人从事上述交易活动，情节严重的，处五年以下有期徒刑或者拘役，并处或者单处违法所得一倍以上五倍以下罚金；情节特别严重的，处五年以上十年以下有期徒刑，并处违法所得一倍以上五倍以下罚金。此外，增加一款作为第四款，证券交易所、期货交易所、证券公司、期货经纪公司、基金管理公司、商业银行、保险公司等金融机构的从业人员以及有关监管部门或者行业协会的工作人员，利用因职务便利获取的内幕信息以外的其他未公开的信息，违反规定，从事与该信息相关的证券、期货交易活动，或者明示、暗示他人从事相关交易活动，情节严重的，依照第一款的规定处罚。扩大对“地下钱庄”非法经营活动打击范围为了更有力地打击“地下钱庄”非法经营活动，十一届全国人大常委会第七次会议28日表决通过的刑法修正案(七)扩大了对“地下钱庄”非法经营活动的打击范围。据介绍，近年来，一些以典当行、担保公司、理财咨询公司等形式存在的“地下钱庄”非法经营活动较为猖獗，严重扰乱了金融秩序，给社会治安带来隐患。国务院法制办、公安部等提出，不仅非法经营证券、期货、保险业务的“地下钱庄”行为应受惩处，而且逃避金融监管，非法为他人办理大额资金转移等资金支付结算业务的行为，也应依法严惩，在刑法关于非法经营罪的规定中也应明确列举。此前，刑法第225条规定了四项违反国家规定、应该受到惩处的非法经营行为。新修订的刑法修正案(七)将原来的第三项“未经国家有关主管部门批准，非法经营证券、期货或者保险业务的；”修改为“未经国家有关主管部门批准非法经营证券、期货、保险业务的，或者非法从事资金支付结算业务的；”加大了对这类非法经营活动的打击力度。逃避缴纳税款一定条件下可免刑责十一届全国人大常委会第七次会议28日表决通过刑法修正案(七)。相关条款规定，逃避缴纳税款在一定条件下不予追究刑事责任。有关部门提出，逃避缴纳税款后，经税务机关指出后积极补缴税款和滞纳金，履行了纳税义务，接受行政处罚的，可不再作为犯罪追究刑事责任，这样处理可以较好地体现宽严相济的刑事政策。刑法修正案(七)将刑法中相关条款修改为：“纳税人采取欺骗、隐瞒手段进行虚假纳税申报或者不申报，逃避缴纳税款数额较大并且占应纳税额百分之十以上的，处三年以下有期徒刑或者拘役，并处罚金；数额巨大并且占应纳税额百分之三十以上的，处三年以上七年以下有期徒刑，并处罚金。”“扣缴义务人采取前款所列手段，不缴或者少缴已扣、已收税款，数额较大的，依照前款的规定处罚。”“对多次实施前两款行为，未经处理的，按照累计数额计算。”“有第一款行为，经税务机关依法下达追缴通知后，补缴应纳税款，缴纳滞纳金，已受行政处罚的，不予追究刑事责任；但是，五年内因逃避缴纳税款受过刑事处罚或者被税务机关给予二次以上行政处罚的除外。”引人关注的是，原来的“偷税”一词也被“逃避缴纳税款”所取代。 全国人大常委会法工委副主任郎胜指出，原来习惯上用“偷税”这个概念，实际上逃避纳税义务是这类犯罪的本质特征，这样在表述上更准确一些。绑架罪最低刑期定为5年十一届全国人大常委会第七次会议28日表决通过的刑法修正案(七)中，进一步调整了绑架罪的量刑标准，将法定刑的起刑点定为5年有期徒刑。此前，刑法相关条款规定：以勒索财物为目的绑架他人的，或者绑架他人作为人质的，处十年以上有期徒刑或者无期徒刑，并处罚金或者没收财产；致使被绑架人死亡或者杀害被绑架人的，处死刑，并处没收财产。全国人大常委会法制工作委员会经同最高人民法院、最高人民检察院、公安部研究认为，绑架罪严重危及公民人身安全，应予严惩；同时，考虑到实际发生的这类案件具体情况比较复杂，在刑罚设置上适当增加档次，有利于按照罪刑相适应的原则惩治犯罪。新修订的刑法修正案(七)将刑法第239条修改为：“以勒索财物为目的绑架他人的，或者绑架他人作为人质的，处十年以上有期徒刑或者无期徒刑，并处罚金或者没收财产；情节较轻的，处五年以上十年以下有期徒刑，并处罚金。”“犯前款罪，致使被绑架人死亡或者杀害被绑架人的，处死刑，并处没收财产。”单位犯洗钱罪 同样严惩不贷十一届全国人大常委会第七次会议28日表决通过的刑法修正案(七)中，新增了单位犯洗钱罪的规定。分析人士指出，这将进一步完善我国刑法的反洗钱措施。此前，刑法第312条只是作出如下规定：明知是犯罪所得及其产生的收益而予以窝藏、转移、收购、代为销售或者以其他方法掩饰、隐瞒的，处三年以下有期徒刑、拘役或者管制，并处或者单处罚金；情节严重的，处三年以上七年以下有期徒刑，并处罚金。去年8月，刑法修正案(七)草案提请全国人大常委会审议时，有关人士提出，犯洗钱罪有些是单位实施的，建议增加单位犯洗钱罪的规定。鉴于此，刑法修正案(七)在刑法第312条中增加一款作为第二款：单位犯前款罪的，对单位判处罚金，并对其直接负责的主管人员和其他直接责任人员，依照前款的规定处罚。严惩领导干部“家里人”“身边人”腐败行为今后，如果在职或离职的国家工作人员的“家里人”“身边人”利用国家工作人员职务上的影响力索贿受贿，也将被追究刑事责任。28日，十一届全国人大常委会第七次会议表决通过的刑法修正案(七)中，扩大了受贿罪的适用范围，修改了相关条款。此前，刑法相关条款只对国家工作人员利用本人职权或地位形成的便利条件，通过其他国家工作人员的职务行为，为请托人谋取不正当利益，索取或者收受请托人财物的犯罪作了规定。但在现实生活中，一些国家工作人员的配偶、子女等近亲属，以及其他与其关系密切的人，通过该国家工作人员职务上的行为，或者利用其职权或地位形成的便利条件，通过其他国家工作人员职务上的行为，为请托人谋取不正当利益，自己从中索取或者收受财物。鉴于此，刑法修正案(七)新增条款规定，国家工作人员的近亲属或者其他与该国家工作人员关系密切的人，通过该国家工作人员职务上的行为，或者利用该国家工作人员职权或者地位形成的便利条件，通过其他国家工作人员职务上的行为，为请托人谋取不正当利益，索取请托人财物或者收受请托人财物，数额较大或者有其他较重情节的，处三年以下有期徒刑或拘役，并处罚金；数额巨大或者有其他严重情节的，处三年以上七年以下有期徒刑，并处罚金；数额特别巨大或者有其他特别严重情节的，处七年以上有期徒刑，并处罚金或者没收财产。巨额财产来源不明罪最高刑提高至10年28日，十一届全国人大常委会第七次会议表决通过刑法修正案(七)，其中规定，巨额财产来源不明罪的最高刑由5年有期徒刑提高至10年有期徒刑，这意味着我国反腐败力度进一步加大。此前，刑法相关条款规定，国家工作人员的财产或者支出明显超过合法收入，差额巨大的，可以责令说明来源。本人不能说明其来源是合法的，差额部分以非法所得论，处五年以下有期徒刑或者拘役，财产的差额部分予以追缴。尽管这一罪名的适用一直是我国开展反腐败斗争的重要手段，但有些全国人大代表和最高人民法院、最高人民检察院等提出，对巨额财产来源不明罪的量刑标准偏轻，建议加重处罚。为适应反腐败斗争的需要，刑法修正案(七)修改了相关条款：“国家工作人员的财产、支出明显超过合法收入，差额巨大的，可以责令该国家工作人员说明来源，不能说明来源的，差额部分以非法所得论，处五年以下有期徒刑或者拘役；差额特别巨大的，处五年以上十年以下有期徒刑。财产的差额部分予以追缴。”(本组稿件据新华社电)    相关报道：    严打老鼠仓还需举证责任倒置    私募基金不会做老鼠仓    老鼠仓维权第一案败诉 法律盲点亟待司法解释    老鼠仓民事追偿仲裁请求被驳回    上港集团股票惊现老鼠仓    赢富数据下线 机构老鼠仓2009年大胆突围    视频：市场是否要进入新一轮探底走势    扩大老鼠仓犯罪主体非法提供个人信息负刑责    老鼠仓打击范围扩大    网友建议惩处老鼠仓行为最高刑期提至15年    专查老鼠仓将范围扩大,1,7,0.9399845004081726
两会速递：今年沪深交易所主推沪深300ETF中新社北京三月七日电 (记者 阮煜琳 刘育英)首只贯通两个市场的ETF产品——沪深300ETF有望不久后面世。全国政协委员、上海证券交易所理事长耿亮七日接受记者采访时指出，今年上交所将给投资者提供一些交易便利、成本低廉、投资者易懂的产品。今年上交所将联手深交所主推ETF(交易型开放式指数基金)。耿亮说，今年上交所的产品开发目标主要是对ETF产品进行深度开发。目前正在和深交所共同开发研究沪深300ETF指数。沪深300ETF覆盖了中国市场最主要的股票，覆盖面强、交易简便、交易手续费很低。同时作为指数期货的标底物，推出沪深300ETF产品以后，也有利于今后股指期货推出后投资者套期保值，投资者套利交易。耿亮说，二00五年开始，上交所陆续推出上证50ETF、上证180和上证红利ETF三个ETF产品，并得到投资者的认可，今年开发重点是在ETF产品的深度和广度上下功夫。在重点研究沪深300ETF的同时，现在还准备开发行业ETF和债券ETF。据有关人士介绍，沪深300ETF是与沪深300指数期货进行期现套利的一种选择，上市沪深300ETF有利于为股指期货上市创造良好的市场环境，吸引更多套利资金参与，增强股指期货市场的流动性。耿亮披露，截至三月三日，今年上交所日均交易量一千零一十九亿元人民币，比二00八年全年日均量增长近四成。二00八年，上交所筹资二千二百三十八亿元人民币，为上交所成立以来第二大筹资量。,1,7,0.881737232208252
金融地产多日逆市发飙 基金经理还是不敢下手每经记者 巩万龙 发自深圳两会前后，金融地产股的角色越来越耐人寻味，总在市场岌岌可危时扮演“救火员”。3月以来，金融和地产两大板块震荡上行，从而稳住了市场人气，而昨日银行地产更是发飙，再次上演逆市急拉的好戏。但是，记者通过采访获悉，这种极赚市场眼球的表现并未得到基金的追捧。“银行股估值便宜，而前一段时间地产数据比较好，但是我们不敢大举增持或减持，只能走一步看一步。”上海某大型合资公司基金经理表示。地产金融要“走着瞧”不同的时间，同样的角色。自3月以来，曾经是A股最大空头板块的银行地产股，大智慧地产指数和银行指数分别累计上涨7.5%和4.8%，而同期上证指数累计仅上涨2.9%，地产一线品种和中小商业银行极为抗跌。昨日，市场小幅震荡过后，银行、券商、保险、地产尾盘再次出现快速拉升趋势，金融地产两大板块带动A股全线飘红。其中，昨日银行股充当了上涨的急先锋，兴业银行放量大涨将近7%，浦发银行和招商银行分别上涨4.25%和2.05%，而建设银行、中国银行、工商银行等大盘银行股最终飘红。地产股昨日的表现也甚为强势，华侨城A大涨7.41%，招商地产4.79%，保利上涨3.68%，万科和金地最终飘红。“今年做投资的话确实情况很复杂，说心里话，我看得不是那么清楚，现在真是吃不准，只能走一步看一步了，我们维持中性配置。”上海某大型合资公司基金经理认为，现在自己不敢大举增持银行地产，但也不会大举减持。对于华侨城A和兴业银行的大涨，该基金经理认为，现在银行股目前良好的表现正是因为估值便宜，地产股大涨主要是因为前一段时间房屋交易量回暖，也不排除未来政策利好刺激的可能，但是就要看这些数据是不是能够持续。而此前，银行、券商和地产中优质品种不乏懵懂的题材和利好刺激，招商银行的全流通、深发展的重组、华侨城A的整体上市，这些因素都曾推动个股出现暴涨。调整中找方向昨日，逐渐萎缩的成交量并没有引起人气和赚钱效应的消失，市场再次充满戏剧化色彩，大盘股盘中一度萎靡不振，两次震荡上行两次被打压。不过，午盘过后，金融地产两大权重板块突然强势拉升，拉动股指强势上涨，而兴业银行和华侨城A表现极为抢眼。“我对最近的市场判断还是震荡，市场在震荡之后，可能在寻找一个方向吧，向上或向下。现在只是个股的活跃度比较高，而大盘震荡的概率比较大。”一位受访基金经理向记者坦言，现在谈“熊尾巴”为时尚早，关键是看前期的宏观数据能不能持续向好，因为2月份出台的宏观数据好坏参半。有一种看法颇值得玩味，最近不少机构将今年称为投资基金的“春播时节”，特别是新基金建仓的良好时机。因为A股市场在经历了之前的大跌和几次较大的调整之后，市场整体估值水平已经大幅下降。考虑到宏观经济的状况和成长性因素，A股的相对估值水平有可能处于合理乃至低估的范围。最近，中金公司有研究报告称，银行业2008年业绩基本符合预期，但2009年1季度净利润难以实现同比增长。净利润同比增速下半年将逐渐回升，2009年全年增长6%。从积极方面来看，GDP增速未来三个季度呈现V型的可能性较大，净息差也有望在4季度或明年1季度见底，不良贷款2009年大幅上升的风险较小。融通内需驱动拟任基金经理陈晓生认为，随着4万亿经济刺激政策的不断落实，具体项目的公布和实施引发了市场对相关行业和上市公司的强烈关注，经济面的有利因素正逐步积聚，今年的经济形势优于大部分投资者预期的概率正在上升。,1,4,0.6934621334075928
12亿元抄底地产股 中邮系圈地路线图曝光每经记者 李娜 发自上海上市公司2008年年报将中邮系基金扎根于地产股的根根须须一一曝光，多只地产股的前十大流通股股东中出现了中邮系基金的身影。沉寂了一年的中邮系基金再一次以一种“偏激”的方式强势回归。伴随着地产股2008年年报的接连披露，中邮系基金越来越频繁地曝光于镁光灯前，多家地产股的前十大流通股股东均有中邮系基金的身影，若以2008年12月31日收盘价简单计算，中邮系基金抄底这些地产股的资金高达12.05亿元。毫无疑问，中邮系基金始于去年下半年的重仓地产股的决策相当成功，在吸引坊间艳羡的目光的同时，也将自家腰包快速增厚。数据显示，自年初至本周三，中邮核心优选领跑所有股票型基金，涨幅高达35%，远远超过股票型基金净值18%的平均涨幅。地产股年报频现中邮系房地产，用国民经济的引擎之一来形容一点儿也不为过。自去年房地产市场的成交量持续萎缩后，对地产行业的关切之情便频频出现在基金经理的季度工作报告中，出现在基金经理的访谈中。与其他徘徊犹豫的基金公司相比，中邮系基金则表现异常坚决，选择提前进场等待。自去年三季度率先加仓地产股后，在接下来的四季度，中邮系对地产股的加仓力度丝毫不减，据已发布的房地产上市公司年报显示，多家地产股的前十大流通股股东均有中邮系基金的身影。据Wind统计数据显示，截至昨日，目前已披露的20多家房地产上市公司中，中邮系出现在了5家地产上市公司的前十大流通股股东中。泛海建设2008年年报显示，中邮系两只基金都重仓其中，双双挤入其前十大流通股股东。数据显示，中邮核心优选目前持有泛海建设2523.89万股，较去年三季度大举增持了1863.16万股，增幅超过了50%以上；中邮核心成长也重仓持有1997.38万股，相比去年三季度增持1129.6万股。中邮系基金的持股量占流通股的比例超过了10%，分别为泛海建设的第二大股东和第三大股东。华发股份年报显示，中邮核心成长同样选择了大举增持。去年四季度，中邮核心成长持有2811.75万股，较去年三季度增持1169.91万股。凭借大幅的吃进，中邮核心成长也成为华发股份的第二大股东和第一大流通股东。另一家地产类上市公司中华企业，中邮核心优选小幅减持46.29万股。不过，其持股数量仍然高达2500万股，仍为公司第二大流通股东。而在今日发布年报的上实发展中，中邮系两只基金又成为公司的前十大流通股股东。除了增持原有的地产股，陆家嘴2008年年报显示，中邮核心优选在去年四季度新进610.82万股，并一举成为该公司的第八大流通股东。地产股反弹 中邮系笑得甜自去年年底以来，国内一些城市的房屋成交量明显出现了回暖迹象。国信证券的报告显示，在过去一周对环渤海、长三角、华南及中西部共十九个重点城市的商品房屋销售情况监测结果表明，各地楼市销量仍然比较畅旺，回暖态势还在进一步延续。地产股销量的回暖，无意推升了地产股的暴涨热情。数据显示，2009年以来，上证指数的涨幅为24.44%，沪深300指数的涨幅为31%，而地产指数同期涨幅已接近44%。华侨城今年以来的涨幅已超过了55%，股价已回到了13元附近。金地集团、招商地产等地产股的涨幅都超过了50%，远远超过同期上证指数和沪深300指数涨幅。地产股的突出表现让埋伏已久的中邮系基金尝到了不小的甜头。数据显示，自年初至本周三，股票型基金净值的平均涨幅为18%，而中邮核心优选的涨幅高达35%，依然在股票型基金中领跑。而中邮核心成长的涨幅超过了27%，位列所有股票型基金的第十二位。相关报道中邮核心优选开放三日给老客户“补仓”机会？日前，中邮基金公司表示，2007年9月13日起，公司暂停了旗下中邮核心优选的日常申购业务。现为满足广大基金持有人的需求，公司决定自2009年3月25日起至2009年3月27日期间，针对既有客户 (即2009年3月23日前，持有过公司旗下基金产品且未注销本公司基金账户的投资者)，恢复该基金产品的日常申购业务。从2009年3月28日起，该基金将继续暂停日常申购业务，在日常申购业务暂停期间，该基金的赎回业务照常办理。市场分析人士指出，很显然，中邮核心优选选择在目前2200点左右打开申购，可以理解为给老基金持有人补仓减少亏损的机会，传递出的信号应该是较为乐观的。不管未来后市会如何演变，至少在中邮基金心里，目前的股指还不是高点。 每经记者 李娜    相关报道：    重仓地产股 中邮系基金赚欢了    泛海建设中邮系基金联袂出击    抄黄木顺的底 中邮系基金介入泛海建设    哈空调中邮系基金大举入驻    基金弃中国远洋登岸 中邮系浮亏18.6亿    中邮系两基金折戟吉恩镍业增发    中邮系两基金上周跌幅最深    基金排名大洗牌 中邮系基金上演过山车,1,4,0.49867191910743713
